Age,Language,Sex,Marital,Has-Credit,Field,Month-of-birth,Day-of-birth,Region,Number_of_credits,Linked-cards,INPS_mln_sum,INPS-yes-no,Score-level,Score-class,Score_point,Changed-phone-number,class-label
1,1,0,2,1,10,11,1,8,2,2,3,1,0,0,40,3,1
1,1,1,7,1,16,3,1,6,1,1,2,1,0,0,69,0,1
1,1,0,4,1,22,11,1,13,2,1,3,1,0,10,34,0,1
0,2,0,4,2,5,2,1,3,1,4,2,0,4,4,71,0,1
1,1,1,5,1,13,11,2,11,2,1,3,0,0,0,76,2,1
1,2,1,7,2,14,8,1,1,2,2,4,0,2,0,41,0,1
1,1,0,4,1,10,6,2,13,1,4,1,0,0,2,66,0,0
1,1,1,4,1,4,4,1,12,2,1,5,0,0,0,63,0,1
1,1,1,4,1,13,11,2,8,2,4,2,0,3,0,32,0,1
0,1,0,4,1,16,2,1,13,2,1,2,1,3,0,85,0,1
1,2,1,5,1,4,1,1,13,1,1,2,1,3,8,72,0,0
1,1,0,4,1,11,4,2,6,2,2,2,1,0,5,36,0,1
0,1,0,6,1,14,4,1,14,1,1,2,1,0,0,29,1,0
1,1,1,1,1,2,12,2,6,2,2,1,1,3,5,21,0,0
1,1,0,5,1,16,9,2,14,2,1,3,1,0,0,74,0,1
0,1,1,4,1,21,3,2,13,2,1,2,1,3,6,70,0,1
1,1,1,4,1,18,3,1,13,1,1,3,1,0,0,99,3,0
1,1,1,5,1,13,9,2,0,2,2,2,1,2,0,83,2,0
1,1,1,4,1,13,6,2,14,2,1,2,1,3,10,51,0,1
1,1,1,6,1,10,11,2,13,2,2,1,1,0,0,31,3,1
0,2,0,5,2,21,1,2,8,2,1,3,0,4,6,71,2,1
1,1,0,6,1,10,2,2,2,1,4,2,1,2,5,40,3,1
0,1,1,4,1,19,11,2,7,2,0,3,1,0,4,35,3,1
1,1,0,5,1,13,6,2,12,2,2,2,1,4,0,69,0,1
1,1,0,1,2,3,5,1,11,2,4,3,0,0,0,73,0,0
1,2,0,6,1,14,1,2,3,2,1,3,0,1,0,61,0,1
0,1,0,4,1,22,6,2,13,2,1,3,1,0,9,43,0,1
1,1,1,5,1,13,7,2,14,2,1,2,1,3,10,61,1,1
1,1,0,4,1,7,3,2,6,2,3,2,1,0,6,53,0,1
1,1,0,5,1,3,10,1,0,1,0,1,1,0,6,37,0,0
1,1,0,6,1,4,1,2,8,1,4,2,0,3,0,75,3,1
0,1,0,4,1,14,11,2,9,2,0,3,0,4,0,57,0,0
0,2,1,4,1,9,5,1,3,2,1,2,1,0,0,35,0,0
1,1,1,5,1,16,9,1,11,2,1,3,1,0,0,75,0,0
1,2,0,3,1,9,10,1,11,2,3,1,1,2,0,69,0,1
1,1,1,4,1,13,8,1,12,1,1,3,1,0,10,65,0,1
1,1,0,6,1,13,8,2,5,1,1,2,0,1,0,92,3,1
1,1,0,4,1,3,10,2,3,2,1,2,1,0,0,27,0,1
1,1,1,5,1,21,7,2,11,2,1,2,1,0,0,116,0,1
1,1,0,3,1,3,10,1,8,2,1,1,1,1,0,28,0,1
1,1,0,4,1,15,12,2,6,2,1,2,1,0,7,21,0,1
0,1,0,3,1,20,11,2,7,2,0,2,1,2,5,20,1,1
1,1,0,5,1,5,1,1,12,1,1,2,1,0,0,53,0,1
1,1,0,4,1,21,8,2,12,2,1,2,1,0,0,23,0,1
1,1,0,4,1,16,3,1,11,2,1,2,1,0,7,36,0,1
1,1,0,4,1,0,7,1,11,2,1,2,1,0,0,55,0,1
1,1,0,4,1,4,9,1,12,2,1,2,1,0,0,42,0,1
1,1,0,4,1,6,3,2,11,1,1,3,0,0,0,73,0,1
1,1,0,5,1,14,4,1,13,2,1,2,1,1,0,69,0,1
1,1,1,4,1,6,1,1,13,1,1,1,1,0,0,81,0,1
1,1,0,4,1,20,4,1,13,2,1,2,1,0,0,25,0,1
1,1,1,4,1,1,5,1,13,2,1,2,1,0,0,100,0,1
1,1,0,3,1,16,4,2,12,2,1,2,1,0,0,15,0,1
1,1,1,4,1,17,9,1,13,2,1,2,1,0,0,156,0,1
1,1,0,6,1,2,11,1,13,2,1,2,1,0,0,73,0,1
1,1,1,4,1,6,11,1,13,2,1,3,1,0,0,119,0,1
1,1,0,4,1,15,6,2,7,2,1,1,1,0,0,81,0,1
1,1,1,4,1,2,2,1,13,2,1,3,1,0,0,53,0,1
1,1,0,2,1,13,1,1,13,2,1,1,1,3,0,102,0,1
1,1,0,4,1,20,4,1,13,2,1,2,1,0,0,61,0,1
1,1,0,4,1,15,12,2,13,2,1,2,1,0,0,53,0,1
1,2,1,5,1,9,10,1,13,2,1,1,1,0,0,108,0,1
1,1,0,5,1,14,4,1,13,1,1,1,1,0,0,19,0,1
1,1,0,5,1,13,4,1,13,2,1,2,1,0,0,71,0,1
1,1,0,6,1,9,11,1,12,2,2,1,1,0,0,34,3,1
1,1,0,4,1,13,6,1,13,2,1,2,1,0,0,101,0,1
1,1,0,7,1,13,7,2,12,1,1,4,1,0,0,8,0,1
1,1,0,4,1,16,4,2,12,2,0,3,1,0,0,1,0,1
0,1,1,5,1,20,8,2,12,2,1,3,1,0,8,33,0,1
1,1,0,4,1,13,1,1,13,2,1,2,1,0,0,92,0,1
1,2,1,2,1,11,9,1,13,2,1,3,1,3,0,172,0,1
1,1,0,1,1,17,8,1,13,1,1,3,1,0,0,59,0,1
1,1,0,4,1,16,10,2,1,2,3,2,1,0,0,86,0,1
1,1,0,4,1,13,2,1,13,1,1,3,1,0,0,26,0,1
1,1,0,4,1,13,7,1,12,2,1,2,1,0,0,79,0,1
1,1,1,4,1,0,11,1,13,2,1,4,1,0,0,76,0,1
1,1,0,4,1,12,1,1,8,1,1,2,1,0,0,41,0,1
1,1,1,5,1,13,6,1,12,1,1,3,1,0,0,67,0,1
1,1,1,4,1,7,6,2,12,2,1,2,1,1,11,130,0,0
1,1,0,4,1,20,10,1,13,2,1,1,1,3,7,139,0,1
1,1,0,4,1,2,11,1,13,2,1,1,1,3,7,259,0,1
1,1,1,5,1,11,8,2,12,2,1,1,1,3,7,115,0,1
1,1,0,4,1,20,4,1,12,2,1,3,1,0,0,16,0,1
1,1,0,6,1,4,7,2,7,2,1,0,1,0,0,66,3,0
1,2,0,4,1,11,9,1,13,2,1,0,1,3,5,251,0,1
0,2,0,4,1,13,3,2,3,2,1,1,1,3,6,124,0,1
1,1,0,4,1,13,8,1,13,2,1,3,1,3,0,205,0,1
1,1,0,4,1,20,11,1,13,2,1,2,1,0,7,110,0,1
1,1,0,4,1,20,5,1,12,2,1,3,1,0,2,77,0,1
1,1,1,5,1,13,8,2,12,2,1,2,1,0,0,14,0,1
1,2,1,4,1,7,5,1,0,2,1,1,1,3,5,207,0,1
1,1,1,4,1,20,8,1,13,2,1,3,1,3,2,168,0,1
1,1,1,5,1,2,8,1,13,1,1,1,1,0,0,97,0,1
1,1,1,2,1,6,1,1,13,1,1,3,1,0,0,3,3,1
1,1,0,2,1,13,9,1,13,1,1,1,1,0,0,211,3,1
1,1,1,5,1,13,3,1,13,2,1,4,1,0,0,60,0,1
1,2,0,4,1,13,1,1,1,2,3,2,1,3,7,235,0,1
1,1,0,4,1,20,11,2,13,2,1,4,1,4,7,93,0,1
1,1,1,2,1,5,11,1,13,2,1,5,1,3,7,224,0,1
1,1,1,5,1,13,5,1,13,2,1,3,1,0,0,68,0,1
1,2,1,5,1,13,1,1,13,1,1,1,1,0,7,68,0,1
1,1,1,4,1,5,7,2,12,1,1,3,1,3,9,58,0,1
1,1,0,4,1,16,3,2,13,1,3,0,1,0,0,94,0,1
1,2,1,4,1,13,1,2,14,1,1,2,1,0,7,100,0,1
1,1,1,5,1,13,8,1,2,2,1,4,1,0,0,81,0,1
1,1,0,4,1,21,11,1,13,1,1,3,1,0,0,128,0,1
1,1,1,5,1,13,1,2,13,2,1,3,1,0,7,172,0,1
1,1,0,4,1,13,1,1,14,1,1,4,1,0,0,45,0,1
1,1,0,4,1,1,12,2,6,2,1,2,1,3,0,118,0,1
1,1,1,5,1,16,12,1,7,1,1,1,1,3,7,269,0,1
1,2,1,5,2,16,9,1,5,2,0,2,1,4,9,26,2,0
1,1,1,5,1,8,9,1,13,2,1,2,1,0,0,85,0,1
1,1,0,6,1,16,8,2,11,1,1,0,1,3,7,192,0,1
1,2,1,5,1,2,6,2,13,2,1,2,1,0,0,9,0,1
1,1,0,4,1,0,10,1,13,2,1,3,1,3,0,160,1,1
1,1,1,5,1,2,11,2,13,2,1,3,1,3,0,210,0,1
1,1,1,5,1,19,4,1,9,2,1,3,1,3,0,139,0,1
1,1,1,5,1,16,2,1,13,2,1,1,1,0,0,52,0,1
1,1,1,5,1,13,3,2,13,1,1,1,1,0,0,35,0,1
1,1,1,5,1,13,5,2,12,2,1,4,1,3,7,365,0,1
1,1,1,5,1,6,7,2,8,2,1,3,1,3,7,264,0,1
1,2,1,5,1,6,6,2,12,1,1,0,1,1,7,147,3,1
1,1,0,4,1,14,5,2,12,2,1,3,1,0,0,29,0,1
1,1,1,5,1,20,2,2,8,2,3,2,1,3,7,257,0,1
1,2,1,5,1,16,6,1,13,2,1,2,1,0,10,29,0,1
1,1,0,4,1,13,5,2,13,2,1,1,1,0,7,270,0,1
1,1,0,4,1,13,5,1,1,2,1,2,1,3,3,321,1,0
1,1,1,5,1,20,3,2,13,2,1,3,1,0,7,156,0,1
1,1,0,4,1,16,3,2,13,2,1,4,1,3,10,217,0,1
1,1,0,4,1,0,5,1,12,2,1,2,1,0,0,29,0,0
1,1,0,6,1,10,7,1,13,2,1,0,1,0,0,11,0,0
1,1,0,4,1,0,5,1,1,2,1,1,1,0,3,207,0,0
1,1,0,4,1,16,3,2,13,2,1,2,1,1,7,201,0,1
1,1,0,4,1,5,3,2,6,2,1,2,1,0,2,156,0,1
0,1,1,5,1,5,3,2,2,2,1,5,1,2,7,309,0,1
1,1,0,4,1,13,12,2,12,2,1,1,1,2,0,156,0,1
1,1,1,4,1,4,12,2,6,2,1,2,1,0,0,16,0,1
1,2,1,5,1,0,9,1,13,2,1,2,1,0,0,3,1,1
0,1,0,4,1,16,3,2,6,2,1,3,1,0,0,105,0,1
0,1,0,6,1,8,9,2,12,2,1,3,1,3,7,231,1,1
1,1,1,4,1,16,3,1,10,2,1,3,1,2,7,316,1,1
1,1,0,4,1,20,11,1,13,1,1,3,1,3,2,115,0,1
1,1,0,4,1,5,4,1,8,2,1,6,0,3,10,213,1,0
0,2,1,5,1,16,4,2,13,2,1,3,1,3,7,102,1,1
1,1,0,4,1,0,2,2,10,2,1,3,1,3,10,141,0,1
1,1,1,4,1,4,10,2,12,1,1,2,1,0,0,68,0,1
1,1,1,4,1,0,4,1,13,2,1,4,1,0,0,85,0,1
1,1,0,6,1,13,9,1,13,2,1,4,1,0,0,26,0,1
1,1,0,4,1,0,10,1,13,2,1,2,1,0,0,93,0,0
1,1,0,4,1,15,3,2,12,1,1,5,1,0,0,277,0,1
1,1,1,5,2,16,9,1,13,2,1,3,1,0,0,95,1,1
1,1,0,4,1,14,9,1,13,1,1,0,1,0,0,106,0,1
1,1,0,4,1,12,6,2,13,2,1,2,1,0,0,23,0,1
1,1,1,5,1,16,1,2,12,2,1,7,1,0,0,121,0,1
1,1,0,4,2,16,11,2,13,2,1,5,1,1,5,260,0,1
0,1,1,5,1,13,6,2,13,1,1,0,1,0,0,58,0,1
1,2,0,5,1,17,4,1,13,2,1,2,1,0,0,48,0,1
0,1,0,4,1,14,7,2,13,2,1,0,1,0,0,4,0,1
1,2,1,5,1,13,7,2,10,2,1,1,1,0,0,16,0,1
1,2,0,4,1,13,11,1,13,1,0,2,1,0,0,33,0,1
0,1,1,5,1,20,3,1,13,2,0,0,1,4,10,134,0,1
1,2,0,4,1,13,5,2,12,1,1,2,1,0,0,69,0,1
1,2,0,4,1,16,6,1,13,2,1,3,1,0,7,167,3,1
1,1,0,5,1,13,3,2,12,1,1,0,1,0,0,90,0,1
1,1,1,5,1,16,10,1,14,1,1,4,0,0,0,101,1,0
1,1,0,4,1,16,9,1,12,1,1,5,1,0,0,44,0,1
1,1,1,5,1,4,7,2,12,2,1,6,1,0,0,5,0,1
1,1,1,4,2,0,3,1,12,2,2,7,1,4,10,83,1,0
1,2,0,4,1,16,3,2,13,2,1,4,1,4,6,228,3,1
0,1,0,2,1,13,5,2,12,1,1,0,1,0,0,56,0,1
1,2,1,5,1,10,11,1,5,2,1,4,1,0,0,67,1,0
1,1,0,4,1,13,3,2,13,2,1,1,1,0,0,54,0,1
1,2,1,3,1,0,4,1,12,2,1,1,1,3,7,217,0,0
1,1,1,5,2,2,8,2,12,2,2,3,1,4,0,83,1,0
1,1,1,3,1,13,4,1,5,2,1,1,1,0,0,47,0,1
1,1,1,2,2,13,1,2,3,2,3,2,1,1,6,88,1,1
1,1,0,4,1,13,6,2,13,1,1,4,1,0,0,19,0,1
1,1,1,4,1,16,5,1,12,2,2,5,1,0,10,32,0,1
1,1,0,4,2,13,9,2,12,2,1,5,1,0,0,178,1,0
1,1,0,6,1,13,1,2,12,2,1,3,1,0,0,8,0,1
1,1,0,5,1,8,5,2,13,2,1,1,1,0,0,5,0,1
1,1,0,4,1,4,7,1,13,1,1,2,1,0,10,61,0,1
1,1,0,5,1,16,7,2,14,2,1,1,1,0,0,104,0,1
1,1,0,4,2,16,1,1,13,1,1,3,1,0,0,43,0,1
1,2,0,5,1,13,11,1,13,2,1,0,1,0,0,175,0,1
1,1,1,5,2,2,8,1,13,2,1,7,0,0,0,102,1,1
1,1,0,5,1,13,4,1,13,2,1,0,1,0,0,11,0,1
1,1,0,4,1,4,11,2,13,2,1,3,1,0,0,60,0,1
1,1,0,7,1,13,1,1,13,2,1,0,1,0,0,62,1,1
1,1,0,4,1,4,5,1,1,2,1,2,1,0,0,73,0,1
1,1,0,4,1,1,5,2,14,2,1,7,1,0,8,140,0,1
1,1,1,1,1,16,5,2,12,2,1,1,1,0,0,10,0,1
1,1,0,4,1,16,3,1,1,1,1,3,1,0,0,73,0,1
1,1,0,4,1,16,3,2,13,2,1,3,1,0,0,23,0,1
1,2,1,5,1,10,3,2,12,2,1,0,1,0,0,80,0,1
0,1,0,4,1,0,2,1,12,2,1,4,1,0,0,73,1,1
1,1,0,4,1,0,8,1,12,2,2,1,1,0,0,63,1,0
1,1,0,4,1,14,8,1,13,1,2,2,1,0,0,135,0,1
1,2,1,4,1,16,6,1,4,2,1,4,1,0,0,111,0,1
1,1,0,4,1,16,6,1,2,2,1,1,1,3,9,140,0,1
1,1,1,4,1,16,9,1,12,2,1,1,1,0,0,37,0,1
1,1,1,4,1,10,9,2,13,2,1,1,1,0,0,87,0,1
1,2,0,4,1,0,8,1,13,2,1,1,1,0,0,45,0,1
1,2,1,4,1,13,9,2,12,2,1,2,1,0,0,53,0,1
1,1,0,4,1,16,4,2,12,1,1,3,1,0,0,84,0,1
1,2,0,4,1,14,1,1,13,2,1,2,1,0,0,43,0,1
1,1,0,4,1,14,9,2,13,2,1,4,1,0,0,149,0,1
1,1,1,4,1,16,11,2,13,1,1,0,1,0,0,107,0,1
1,1,1,5,1,18,9,1,8,2,1,6,1,0,0,19,0,1
1,1,0,4,1,0,2,2,13,2,1,3,1,0,0,24,0,1
1,1,1,5,1,13,7,2,13,2,1,4,1,0,0,72,0,1
1,1,1,5,1,13,2,1,12,1,2,0,1,0,0,108,0,1
1,1,1,5,1,13,12,1,13,2,1,3,1,3,3,130,0,1
1,2,1,5,1,10,7,2,12,2,1,4,1,0,0,5,0,1
1,1,1,5,1,16,11,2,13,1,1,3,1,0,0,35,0,1
1,1,0,4,1,0,7,2,12,2,1,2,1,3,0,21,1,1
0,1,0,5,1,10,7,2,12,2,1,0,1,0,0,37,0,1
0,1,1,5,1,16,5,2,3,1,1,2,1,0,0,108,0,1
1,1,0,6,1,13,7,2,13,2,1,6,1,3,7,105,0,1
1,1,1,5,1,0,7,1,13,2,1,0,1,0,0,89,1,1
1,1,0,5,1,14,12,2,13,2,1,2,1,0,0,23,0,1
1,1,0,5,1,14,7,1,13,2,1,1,1,0,0,75,0,1
1,1,0,7,1,10,4,2,12,2,1,1,1,0,0,7,0,1
1,1,0,4,1,11,4,1,13,2,1,4,1,3,7,178,0,1
1,1,1,4,1,16,10,2,12,1,2,2,1,0,0,106,3,1
1,1,1,4,1,11,11,2,10,2,1,2,1,0,0,36,0,1
1,1,1,5,1,16,3,1,12,2,1,0,0,3,6,131,1,1
1,1,0,5,1,15,10,2,12,2,1,2,1,3,10,135,0,1
1,1,0,4,1,0,7,2,12,2,1,2,1,0,0,15,1,1
1,1,1,5,1,16,10,2,13,1,1,4,1,3,11,147,0,1
1,1,0,4,1,13,9,2,1,1,1,4,1,0,0,51,0,1
1,1,0,6,1,13,10,2,12,2,1,2,1,0,0,69,0,1
1,2,0,4,1,16,11,1,12,2,0,3,1,0,0,63,3,1
1,1,0,4,1,13,5,2,12,2,1,0,1,0,0,112,0,1
1,1,0,4,1,16,11,2,12,2,1,0,1,0,0,60,1,1
1,1,1,5,1,4,1,1,12,2,2,3,1,0,0,26,0,1
1,1,1,5,1,13,2,2,12,2,1,1,1,0,0,44,0,1
1,1,0,3,1,13,10,1,13,2,2,2,0,0,3,37,1,0
1,1,0,4,1,11,4,1,4,2,1,5,1,3,7,149,0,1
1,1,0,5,1,11,8,1,13,2,1,3,1,0,0,62,0,1
0,1,0,4,1,16,8,1,13,2,1,2,1,4,0,58,0,1
1,1,0,4,1,0,7,2,10,1,1,2,1,0,0,20,0,1
1,1,1,5,1,10,4,2,13,2,2,1,1,4,10,179,0,1
1,1,0,4,1,14,4,2,13,1,1,3,1,0,0,11,0,1
1,1,0,4,1,13,5,1,12,1,1,1,1,0,0,36,0,1
1,1,1,5,1,13,1,2,13,1,1,2,1,0,0,36,0,1
0,1,0,3,1,0,7,2,12,2,1,4,1,0,0,80,1,1
1,2,1,5,1,13,2,1,12,2,1,3,1,0,0,10,0,1
1,1,1,5,1,0,1,2,13,2,1,1,1,0,0,81,0,1
1,1,0,4,1,13,8,2,13,2,1,1,1,0,0,9,0,1
1,2,1,4,1,13,12,2,13,2,1,3,1,0,0,114,0,1
1,1,1,4,1,1,11,1,13,2,1,1,1,0,0,127,0,1
1,1,0,4,1,3,7,2,13,2,1,4,1,0,0,0,0,1
1,2,1,6,1,13,1,2,13,2,1,2,1,0,0,12,0,1
0,1,0,4,1,1,8,1,13,2,1,0,1,0,0,110,0,1
1,1,0,4,1,4,12,2,7,2,2,3,1,3,9,162,0,1
0,2,0,4,1,8,2,1,13,2,1,2,1,0,0,3,1,1
1,2,0,6,1,4,11,1,13,2,2,4,1,0,0,4,0,1
1,1,0,4,1,13,4,1,13,2,1,3,1,0,0,81,0,1
0,1,0,4,1,13,4,1,7,1,1,1,1,0,0,79,0,1
1,1,1,7,1,13,9,1,13,2,1,2,1,0,0,31,0,1
1,1,1,5,1,16,9,2,12,2,1,4,1,0,0,52,0,1
1,1,0,4,1,13,5,1,13,2,1,1,1,0,0,23,0,1
1,1,0,4,1,20,8,2,12,1,1,3,1,0,0,109,0,1
1,1,0,4,1,0,4,1,12,2,1,0,1,0,0,42,0,1
1,1,1,5,1,20,12,2,8,2,1,5,1,3,2,65,3,0
1,1,0,4,1,13,4,2,13,2,1,3,1,0,0,79,0,1
0,1,0,4,1,14,9,1,13,2,1,2,1,3,7,255,0,1
1,2,1,2,1,12,10,1,12,2,2,3,1,4,6,140,0,1
1,1,0,4,1,13,12,1,13,2,1,3,1,0,0,95,0,1
1,1,0,4,1,9,4,1,13,2,1,3,1,0,0,16,0,1
1,2,0,4,1,13,4,2,13,2,1,4,1,0,0,46,0,1
1,1,0,5,1,13,3,1,13,1,1,3,1,0,0,30,0,1
0,1,1,5,1,10,1,1,12,2,1,1,1,3,0,36,0,1
1,1,1,5,1,10,8,1,12,2,2,3,1,0,0,37,0,1
0,1,0,4,1,13,12,1,13,2,1,3,1,3,10,175,0,1
1,1,1,5,1,10,10,1,12,2,1,6,1,0,0,110,0,1
0,2,1,5,1,12,1,1,12,2,1,2,1,3,5,114,0,1
1,1,0,4,1,10,10,2,12,2,1,3,1,2,0,82,0,1
1,1,0,4,1,16,11,1,13,2,1,3,1,0,0,90,0,1
1,2,1,5,1,13,5,2,12,1,1,5,1,3,7,147,0,1
0,1,0,4,1,6,5,1,12,2,1,3,1,0,0,34,0,1
1,1,0,4,1,22,9,2,7,1,1,3,1,3,0,187,0,1
1,1,0,4,1,0,9,1,13,2,1,3,1,0,0,29,0,1
1,1,1,4,1,13,11,1,10,1,1,1,1,0,0,35,0,1
0,1,0,4,1,14,12,2,13,1,1,5,1,0,0,38,0,1
1,1,0,4,1,13,10,2,13,2,1,2,1,0,0,107,0,1
0,1,0,4,1,16,10,1,0,2,1,2,1,3,7,159,0,1
1,2,1,5,1,16,1,1,13,2,2,3,1,0,0,78,1,1
1,1,0,4,1,1,9,1,13,2,1,3,1,3,0,163,0,1
1,1,1,5,1,14,12,1,0,2,1,1,1,0,0,108,0,1
1,1,1,4,1,14,11,2,13,2,1,1,1,0,0,97,0,1
1,2,0,4,1,16,12,2,13,2,1,2,1,0,0,6,0,1
0,1,0,4,1,1,9,2,13,2,1,3,1,3,7,230,0,1
1,1,0,4,1,13,12,2,13,2,1,1,1,0,0,43,0,1
1,1,1,7,1,16,6,2,13,1,1,7,1,0,0,5,0,1
1,1,1,5,1,5,8,1,13,2,1,2,1,3,0,159,0,1
0,1,0,4,1,13,9,1,13,2,1,1,1,0,0,57,0,1
1,2,0,4,1,13,2,1,13,2,1,0,1,0,0,36,0,1
1,2,1,5,1,13,8,2,12,2,2,0,1,3,7,131,0,1
1,1,1,5,1,10,3,1,13,1,1,2,1,0,0,27,0,1
1,2,0,4,1,13,1,2,13,2,1,4,1,0,0,71,0,1
1,1,1,5,1,10,1,1,13,2,1,4,1,0,0,34,0,1
1,1,0,5,1,20,7,2,12,1,1,3,1,0,4,90,0,1
1,2,0,4,1,13,1,1,12,2,1,4,1,0,7,79,0,1
1,2,1,5,1,13,1,1,13,2,1,3,1,0,0,78,0,1
1,1,0,4,1,13,1,2,13,1,1,3,1,3,7,198,0,1
1,1,0,4,1,13,1,2,9,2,1,1,1,3,7,162,0,1
1,1,1,4,1,4,5,1,13,2,1,1,1,0,0,83,0,1
0,1,0,4,1,13,5,2,12,2,1,2,1,0,0,90,0,1
1,1,0,4,1,4,1,2,13,2,1,1,1,0,0,37,1,1
0,1,1,5,1,16,1,2,13,2,1,1,1,0,0,36,0,1
1,2,1,5,1,13,1,2,13,2,1,1,1,0,0,76,0,1
1,2,1,5,1,13,12,1,13,2,1,1,1,0,0,71,0,1
1,1,0,5,1,13,1,2,12,1,1,3,1,0,4,63,0,1
1,1,0,4,1,13,1,1,13,2,1,0,1,0,0,121,0,1
1,1,1,5,2,13,3,1,12,2,1,3,0,0,8,165,0,1
1,1,0,4,1,13,12,2,13,2,2,1,1,3,4,155,0,1
1,1,0,4,1,13,3,2,9,2,1,3,1,0,11,127,0,1
1,2,0,4,1,13,1,1,13,2,1,2,1,0,0,71,0,1
1,1,0,4,1,4,5,2,12,2,1,0,1,0,0,73,0,1
1,1,0,4,1,13,3,1,13,1,1,5,1,0,0,1,0,1
1,1,0,4,1,13,12,1,13,1,2,1,1,3,4,144,0,1
1,1,0,5,1,10,3,2,12,2,1,3,1,0,0,16,0,1
0,1,0,4,1,0,5,1,12,2,1,6,1,0,0,31,0,1
0,1,1,6,1,13,12,2,13,2,1,2,1,3,7,192,0,1
1,1,1,5,1,20,12,1,13,1,1,4,1,0,0,45,0,1
1,1,0,4,1,1,2,1,12,2,1,2,1,3,0,112,1,1
1,1,0,4,1,0,8,2,13,2,1,2,1,3,0,82,1,0
1,1,1,5,1,11,2,2,13,1,1,5,1,0,0,35,0,1
1,1,1,4,1,12,12,1,12,1,2,1,1,0,0,4,0,1
1,1,1,6,1,0,5,2,12,2,1,4,0,3,0,41,1,0
1,1,0,5,1,16,11,2,2,1,1,4,1,0,7,138,0,1
1,1,0,4,1,16,5,2,12,2,1,0,1,0,0,14,0,1
1,1,0,4,1,8,8,1,12,2,1,0,1,0,0,4,0,1
1,1,1,5,1,10,7,2,13,2,1,6,1,0,0,11,0,1
1,1,1,5,1,8,9,2,12,2,1,4,1,0,0,44,0,1
1,1,0,6,1,0,5,1,7,2,2,3,1,3,0,119,1,0
1,1,1,5,1,10,12,2,13,1,1,1,1,0,0,45,0,1
1,1,1,5,1,0,8,1,12,2,1,0,1,0,0,36,1,1
1,2,0,5,1,13,3,1,13,2,1,0,1,0,0,55,0,1
1,2,1,5,1,13,12,2,12,2,1,1,1,0,0,30,0,1
1,1,0,4,1,13,12,2,13,2,1,2,1,0,0,71,0,1
1,1,0,4,1,13,9,1,13,2,1,2,1,0,0,85,0,1
1,1,0,4,1,12,2,1,12,2,1,0,1,0,0,105,0,1
1,1,0,5,1,10,7,2,13,1,1,5,1,0,0,37,0,1
1,1,0,4,1,16,8,1,12,2,1,0,1,0,0,35,2,1
1,1,0,4,1,8,7,2,12,1,1,4,1,0,0,45,0,1
1,1,1,4,1,16,9,2,13,1,1,3,1,0,0,2,0,1
1,2,1,4,1,13,8,2,12,1,1,6,1,0,0,11,0,1
1,1,1,5,1,3,12,1,4,2,1,6,1,3,0,58,0,1
1,1,0,4,1,0,2,1,13,2,1,5,1,3,0,91,1,0
1,1,1,5,1,10,7,1,12,2,2,1,1,0,0,157,0,1
1,1,0,4,1,4,7,2,7,2,1,2,1,0,0,102,0,1
1,2,1,4,1,5,1,1,11,2,2,5,1,3,5,152,0,1
1,1,0,4,1,7,11,1,13,2,1,2,1,0,0,25,0,1
1,1,0,4,1,13,10,2,12,2,1,4,1,0,0,4,0,1
1,1,0,4,1,13,11,1,12,2,1,2,1,0,0,58,0,1
0,1,0,4,1,0,4,1,6,2,2,3,1,0,6,154,0,1
0,2,0,4,1,16,11,1,13,2,1,2,1,0,0,132,0,1
1,1,1,4,1,14,7,2,13,2,1,2,0,0,0,105,0,1
1,1,1,5,1,10,3,2,13,2,1,2,1,3,9,165,0,1
1,1,0,4,1,4,2,1,13,2,2,1,1,0,0,85,0,1
1,2,0,4,1,0,7,2,12,2,2,3,1,4,5,177,0,1
1,1,1,4,1,13,9,1,13,2,1,2,1,0,0,120,0,1
1,1,0,4,1,14,7,1,12,2,1,3,1,0,0,71,0,1
1,1,1,5,1,13,2,2,13,1,1,3,1,0,0,32,0,1
1,1,1,5,1,10,1,1,13,1,1,1,1,0,0,102,0,1
1,1,0,4,1,20,12,2,13,2,1,2,1,4,2,136,0,1
1,1,1,5,1,16,6,1,12,2,1,1,1,0,0,43,0,1
1,1,0,4,1,13,4,1,12,2,1,7,1,0,0,69,0,1
1,1,0,4,1,13,4,2,13,2,2,3,1,2,0,112,0,1
1,1,0,4,1,4,11,1,11,2,1,2,1,0,2,96,0,1
0,1,1,5,1,11,8,1,13,1,1,1,1,0,0,71,0,0
1,1,0,4,1,11,7,2,9,1,1,1,1,0,0,47,0,1
1,1,0,4,1,11,6,1,12,2,1,2,1,0,0,19,0,1
1,1,0,4,1,11,3,2,12,1,1,4,1,0,0,13,0,1
1,2,1,5,1,11,8,1,13,2,1,3,1,0,0,102,0,1
1,1,0,4,1,9,8,1,13,2,1,1,1,0,0,118,0,1
0,1,0,4,1,8,1,1,12,1,1,1,1,0,10,180,0,1
1,1,0,4,1,13,1,2,12,1,1,4,1,0,0,32,0,1
1,1,0,4,1,0,4,1,13,2,2,2,1,0,0,40,1,0
1,1,1,5,1,11,3,1,14,2,1,3,1,0,0,105,0,1
0,1,0,6,1,13,9,2,12,2,1,1,1,0,0,35,0,1
1,1,0,5,1,3,3,2,12,1,1,1,1,0,0,25,0,1
0,1,0,6,1,11,6,2,1,2,1,2,1,0,0,94,0,1
1,1,0,5,1,10,9,2,13,2,1,1,1,0,0,18,0,1
0,2,1,5,2,10,7,2,14,2,2,4,1,0,9,143,0,1
1,1,1,5,1,11,12,1,13,2,1,1,1,0,0,0,0,1
1,1,1,5,1,13,9,2,13,2,1,3,1,0,0,7,0,1
1,1,0,4,1,3,1,2,13,2,1,2,1,0,0,23,0,1
1,1,0,4,1,13,1,2,12,1,1,2,1,0,0,16,0,1
1,1,0,6,1,9,8,2,1,2,1,6,1,0,0,86,0,1
1,2,1,5,1,13,2,1,13,1,1,1,1,0,0,32,0,1
1,1,0,6,1,13,1,2,8,1,1,3,1,0,0,30,0,1
1,1,1,5,1,11,8,1,13,2,1,3,1,0,0,85,0,1
0,1,0,4,2,1,9,2,12,2,1,3,1,0,0,118,0,1
1,1,0,4,1,13,6,1,13,2,1,0,1,0,0,60,0,1
1,1,0,4,1,1,11,2,13,1,1,6,1,0,0,33,0,1
0,2,1,4,1,16,12,2,12,2,2,2,1,0,0,34,0,1
1,1,0,4,1,4,7,1,13,2,1,0,1,0,0,62,0,1
1,1,0,6,1,13,7,2,13,2,1,5,1,0,0,31,0,1
1,2,0,4,1,13,9,1,13,2,2,3,1,0,0,14,1,0
0,1,0,4,1,13,4,1,12,2,1,2,1,0,0,70,0,0
0,1,1,4,1,14,10,2,12,1,1,0,1,0,0,105,0,1
1,2,1,5,1,16,4,1,13,1,1,2,1,0,0,41,0,1
0,1,1,5,1,16,11,1,12,2,1,3,1,0,0,71,0,1
1,1,0,4,1,13,9,2,13,2,1,1,1,0,0,53,0,1
1,1,0,4,1,4,7,2,12,2,2,3,1,0,0,50,0,1
1,1,0,4,1,16,11,1,13,2,2,0,1,0,0,13,0,1
1,1,1,6,1,10,3,2,10,2,1,5,1,0,0,45,0,1
1,1,0,4,1,4,11,2,13,2,2,1,1,0,0,66,0,1
1,1,0,4,1,20,11,1,12,2,2,1,1,0,0,16,0,1
1,1,1,5,1,13,3,2,13,2,1,4,1,0,0,30,0,1
1,1,1,5,1,13,3,2,12,1,1,0,1,0,0,49,0,1
1,1,1,4,1,16,7,2,12,2,1,0,1,0,0,82,0,1
1,1,0,6,1,16,12,2,13,1,1,2,1,0,0,41,0,1
0,1,1,4,1,4,10,1,13,2,1,3,1,0,0,50,0,1
1,1,0,4,1,2,3,1,13,2,1,0,1,0,0,18,0,1
0,1,1,5,1,16,2,2,13,1,1,0,1,0,0,10,0,1
1,1,0,4,1,16,3,2,13,2,1,0,1,0,0,70,0,1
1,1,0,4,1,13,3,2,12,2,1,1,1,0,0,74,0,1
1,1,0,4,1,16,3,2,13,1,1,2,1,0,0,45,0,1
1,1,1,5,1,16,3,1,12,1,1,1,1,0,0,19,0,1
1,1,1,5,1,0,7,1,7,2,1,1,1,0,0,16,1,1
1,1,1,4,1,10,7,1,13,1,1,2,1,0,0,26,0,1
0,1,1,6,1,13,1,1,12,1,1,6,1,0,0,35,0,1
1,1,0,4,1,13,10,2,13,2,1,0,1,0,0,16,0,1
1,1,0,4,1,4,7,2,13,2,1,1,1,0,0,32,0,1
1,1,0,4,1,14,4,2,13,2,1,6,1,0,0,0,0,1
1,1,0,4,1,10,7,1,12,1,1,6,1,0,0,27,0,1
1,1,0,4,1,13,8,1,12,2,1,2,1,0,0,6,0,1
1,1,0,4,1,13,12,1,12,2,1,0,1,0,0,21,0,1
0,1,1,6,1,13,4,2,7,2,1,2,1,0,0,4,0,1
1,1,1,5,1,4,9,2,9,2,1,3,1,0,0,38,0,1
1,1,0,6,1,13,4,2,7,2,1,2,1,0,0,7,0,1
1,1,0,4,2,16,3,1,12,2,1,2,1,0,0,43,0,1
1,1,0,4,1,13,1,2,7,2,1,1,1,0,0,53,0,1
1,1,1,4,1,10,2,2,13,1,1,3,1,0,0,37,0,1
1,1,1,5,1,10,8,1,9,1,1,2,1,0,0,7,0,1
1,1,0,6,1,11,12,2,13,2,1,2,1,0,0,41,0,1
1,1,0,6,1,1,6,2,13,2,1,2,1,0,0,29,0,1
1,1,0,4,1,13,7,1,12,2,1,2,1,0,0,24,1,1
0,1,1,5,1,15,8,1,12,2,1,2,1,0,0,4,1,1
1,1,1,5,1,13,8,2,13,1,1,3,1,0,0,14,0,1
1,1,0,4,1,13,1,1,12,2,1,2,1,0,0,44,0,1
1,2,1,5,1,13,8,2,12,2,1,5,1,0,0,4,0,1
0,2,0,6,1,15,7,2,12,2,1,1,1,0,0,19,0,1
1,1,0,4,1,13,8,1,12,1,1,3,1,0,0,10,0,1
1,1,1,5,1,13,8,2,9,2,1,2,1,0,0,45,0,1
1,1,0,6,1,10,9,2,13,2,1,2,1,0,0,52,0,1
1,1,0,4,1,13,3,2,12,2,2,2,1,0,0,14,0,1
1,1,0,4,1,11,7,2,13,2,1,5,1,0,0,6,0,1
1,1,0,4,1,18,8,1,12,2,1,0,1,0,0,14,0,1
1,1,0,6,1,11,1,1,13,2,2,5,1,0,0,44,0,1
1,1,0,4,1,16,9,2,13,2,1,1,1,0,0,14,0,1
1,1,0,4,1,13,9,2,12,2,1,2,1,0,0,1,0,1
1,2,1,5,1,16,9,1,13,2,1,1,1,0,0,10,0,1
0,1,0,4,1,0,8,1,12,1,1,1,1,0,0,2,0,0
1,2,0,5,1,12,3,1,13,2,2,3,1,0,0,3,1,1
1,1,1,5,1,16,5,1,13,2,1,3,1,0,0,0,0,1
1,1,0,6,1,13,7,1,12,1,1,3,1,0,0,37,0,1
0,2,1,5,1,2,10,1,13,2,1,5,1,0,0,8,0,1
1,1,1,6,1,19,8,1,12,2,1,4,1,0,0,1,0,1
0,2,1,5,1,11,2,1,14,2,1,0,1,0,0,13,0,1
1,2,1,6,1,13,4,1,12,2,1,7,1,0,0,7,0,1
1,2,1,5,1,1,6,1,12,2,1,1,1,0,0,4,0,1
1,1,1,5,1,16,5,1,13,2,1,2,1,0,0,16,0,1
1,1,0,4,1,11,4,2,13,2,1,5,1,0,0,8,0,1
0,2,1,6,1,16,1,2,12,2,2,1,1,0,0,6,0,1
1,1,1,5,1,13,1,1,13,2,1,3,1,0,0,24,1,1
0,1,0,6,1,0,3,1,12,2,1,4,1,0,0,28,0,1
1,1,0,4,1,14,4,2,12,2,1,1,1,0,0,42,0,1
1,2,0,4,1,12,12,1,12,1,1,3,1,0,0,1,0,1
1,2,1,6,1,14,5,1,13,2,1,4,1,0,0,10,0,1
1,1,1,4,1,16,5,2,13,2,1,2,1,0,0,30,0,1
1,1,0,4,1,13,7,2,12,2,1,3,1,0,0,16,0,1
1,1,1,5,1,16,1,2,12,2,1,3,1,0,0,35,0,1
1,1,1,5,1,13,3,2,13,2,1,2,1,0,0,6,0,1
1,1,0,4,1,13,3,2,13,2,1,2,1,0,0,36,0,1
1,1,1,5,1,0,10,2,12,1,2,3,1,0,0,3,0,1
0,1,1,6,1,4,5,1,12,1,1,3,1,0,0,20,0,1
1,1,1,5,1,16,10,2,9,2,1,3,1,0,0,34,0,1
1,1,0,5,1,13,7,1,13,1,1,1,1,0,0,20,0,1
1,1,0,5,1,14,1,2,13,2,1,0,1,0,0,10,0,1
1,1,0,5,1,13,1,2,13,2,1,2,1,0,0,14,0,1
1,1,0,4,1,4,7,1,13,2,1,2,1,0,0,30,0,1
1,1,0,4,1,14,4,2,13,2,2,0,1,0,0,19,0,1
1,1,0,4,1,14,7,2,13,2,1,2,1,0,0,14,0,1
1,1,0,5,1,10,9,2,7,2,2,5,1,0,0,12,1,1
1,2,1,5,1,16,11,1,13,1,1,3,1,0,0,47,0,1
1,1,0,4,1,13,7,2,12,2,1,2,1,0,0,31,0,1
1,1,0,4,1,13,6,2,13,1,2,1,1,0,0,34,0,1
1,1,1,4,1,16,4,2,12,1,2,0,1,0,0,32,0,1
1,1,0,4,1,13,1,1,13,1,1,0,1,0,0,17,0,1
1,1,0,4,1,3,7,1,12,2,1,2,1,0,0,18,0,1
1,2,0,4,1,7,6,1,12,2,1,1,1,0,0,13,0,1
1,1,0,1,1,13,4,2,1,2,2,4,1,0,0,17,0,1
1,1,1,5,1,13,4,2,13,1,1,2,1,0,0,19,0,1
1,1,1,5,1,0,1,1,13,2,1,6,1,0,0,14,0,1
1,1,1,5,1,16,11,2,12,2,2,1,1,0,0,26,0,1
0,1,0,4,1,14,6,2,14,2,1,0,1,0,0,53,0,1
1,1,1,5,1,13,7,1,13,2,1,2,1,0,0,2,0,1
1,1,1,5,1,13,2,2,5,2,1,4,1,0,0,34,0,1
1,1,0,4,1,13,9,1,12,2,2,2,1,0,0,10,0,1
0,1,0,1,1,14,4,1,12,2,1,4,1,0,0,8,0,1
1,1,0,4,1,13,4,2,13,1,1,3,1,0,0,9,0,1
1,1,1,5,1,16,1,1,13,2,1,2,1,0,0,6,0,1
0,1,1,5,1,14,6,2,7,2,1,2,1,0,0,22,0,1
1,1,0,4,1,14,3,2,12,2,2,2,1,0,0,31,0,1
1,1,1,5,1,10,1,2,7,2,1,4,1,0,0,4,0,1
1,1,1,5,1,13,8,1,12,1,1,3,1,0,0,10,0,1
1,1,0,5,1,13,8,1,12,2,1,4,1,0,0,3,0,1
1,1,1,5,1,0,7,1,13,2,1,3,1,0,0,9,1,1
0,2,1,1,1,13,12,2,12,2,1,0,1,0,0,27,0,1
1,1,0,4,1,14,4,2,14,1,2,3,1,0,0,27,0,1
1,1,0,4,1,13,9,2,13,2,1,1,1,0,0,21,0,1
1,1,0,4,1,13,1,1,13,2,1,0,1,0,0,39,0,1
0,1,1,1,1,13,7,2,7,2,1,2,1,0,0,44,0,1
1,1,1,5,1,0,2,1,12,1,1,4,1,0,0,25,0,1
1,1,0,4,1,13,5,2,12,2,2,3,1,0,0,19,0,1
1,2,1,5,1,16,8,2,0,1,1,2,1,0,0,12,0,1
1,1,0,6,1,11,8,1,2,2,1,3,1,0,0,15,0,1
0,1,0,4,1,16,5,1,12,2,1,2,1,0,0,3,0,1
1,1,0,4,1,1,6,1,13,2,1,1,1,0,0,2,0,1
1,1,1,6,1,1,2,1,13,1,1,1,1,0,0,15,0,1
1,1,1,5,1,16,7,2,5,2,1,2,1,0,0,8,0,1
1,1,0,4,1,11,12,2,2,2,2,2,1,0,0,9,0,1
0,1,1,6,1,11,6,1,2,2,1,2,1,0,0,0,0,1
1,1,1,5,1,16,3,1,0,2,1,1,1,0,0,2,0,1
1,2,1,5,1,13,12,1,12,2,1,4,1,0,0,19,0,1
1,1,0,6,1,1,5,1,13,2,1,2,1,0,0,17,0,1
0,2,1,4,1,11,12,1,13,1,1,1,1,0,0,23,0,1
1,1,0,6,1,4,9,1,12,2,1,2,1,0,0,0,0,1
1,1,1,5,1,16,3,1,12,1,1,4,1,0,0,16,0,1
1,2,1,5,1,1,11,1,12,2,1,3,1,0,0,5,0,1
1,1,1,4,1,1,2,1,2,2,1,2,1,0,0,1,0,1
1,1,1,6,1,4,7,2,13,2,1,2,1,0,0,3,0,1
1,1,1,5,1,4,8,1,13,1,1,3,1,0,0,13,0,1
1,1,0,6,1,1,11,2,12,1,1,5,1,0,0,10,0,1
1,1,0,4,1,11,7,1,12,2,1,3,1,0,0,1,0,1
1,1,1,5,1,18,12,2,13,2,1,0,1,0,0,0,1,1
1,2,1,5,1,16,6,2,13,1,1,2,1,0,0,9,0,1
1,1,0,6,1,11,12,1,12,2,1,6,1,0,0,28,0,1
1,1,1,5,1,16,11,1,13,1,1,5,1,0,0,9,0,1
0,2,0,6,1,11,2,1,2,2,1,4,1,0,0,14,0,1
1,1,0,6,1,11,3,2,0,2,2,1,1,0,0,11,0,1
1,1,0,4,1,1,3,2,12,2,1,2,1,0,0,13,0,1
0,1,1,6,1,16,9,1,12,1,1,4,1,0,0,25,0,1
1,2,0,4,1,11,7,1,12,1,2,2,1,0,0,13,0,1
0,1,1,4,1,11,12,2,0,1,1,3,1,0,0,19,0,1
0,2,0,4,1,13,12,1,13,2,2,3,1,0,0,21,0,1
1,1,0,4,1,13,9,2,14,2,1,5,1,0,0,5,0,1
1,1,1,5,1,13,11,2,12,2,1,2,1,0,0,1,0,1
1,2,0,6,1,15,8,2,12,2,1,4,1,0,0,25,0,1
1,1,1,4,1,10,9,1,13,2,1,2,1,0,0,1,0,1
0,1,0,4,1,13,7,1,13,2,1,2,1,0,0,4,0,1
1,1,0,4,1,10,9,1,14,2,1,0,1,0,0,1,0,1
1,1,1,1,1,13,1,2,13,1,1,4,1,0,0,2,0,1
0,1,0,4,1,0,7,1,14,2,1,4,1,0,0,12,1,0
1,1,0,6,1,13,3,2,13,1,2,4,1,0,0,14,0,1
0,1,0,4,1,13,5,2,13,2,1,0,1,0,0,1,0,1
1,1,1,5,1,13,7,2,12,2,1,2,1,0,0,11,0,1
1,1,0,4,1,14,7,2,13,2,1,3,1,0,0,7,0,1
1,2,0,6,1,14,9,1,12,2,1,3,1,0,0,1,0,1
1,1,0,4,1,16,10,2,13,1,1,2,1,0,0,37,0,1
1,1,1,5,1,10,8,1,13,1,1,1,1,0,0,13,0,1
1,2,1,5,1,13,1,1,13,2,1,3,1,0,0,4,0,1
1,1,1,4,1,13,3,2,12,1,1,3,1,0,0,1,0,1
1,1,1,5,1,13,9,2,13,2,1,0,1,0,0,1,0,1
1,2,0,4,1,0,7,1,13,2,1,1,1,0,0,9,0,0
1,1,1,5,1,13,1,2,12,1,1,2,1,0,0,23,0,1
1,2,0,4,1,13,6,2,12,2,1,2,1,0,0,1,0,1
1,1,0,4,1,14,4,1,12,2,1,1,1,0,0,31,0,1
1,1,1,5,1,16,1,1,12,2,1,4,1,0,0,8,0,1
1,1,0,4,1,13,7,1,13,2,1,1,1,0,0,0,0,1
1,1,1,5,1,4,7,1,13,2,1,4,1,0,0,2,0,1
1,1,1,5,1,10,10,2,13,1,2,1,1,0,0,22,0,1
1,1,0,4,1,13,10,1,13,1,1,2,1,0,0,21,0,1
1,1,1,5,1,13,9,1,12,2,1,2,1,0,0,8,0,1
1,1,0,4,1,13,12,1,13,2,1,3,1,0,0,10,0,1
1,1,0,4,1,14,5,2,6,2,2,0,1,0,0,1,0,1
1,1,0,4,1,7,5,2,12,2,1,2,1,0,0,6,0,1
1,1,0,4,1,13,7,1,13,2,1,5,1,0,0,10,0,1
1,1,1,5,1,4,8,2,12,2,1,5,1,0,0,15,0,1
1,1,1,5,1,16,8,2,12,2,2,3,1,0,0,19,0,1
1,1,1,5,1,11,10,1,5,1,1,4,1,0,0,7,0,1
1,2,1,5,1,13,7,1,1,2,1,5,1,0,0,10,0,1
0,1,0,4,1,13,7,1,12,2,1,2,1,0,0,25,0,1
1,1,0,4,1,11,2,1,8,1,1,4,1,0,0,14,0,1
1,1,1,5,1,11,10,2,13,2,1,2,1,0,0,11,0,1
1,1,0,4,1,11,10,2,13,1,1,1,1,0,0,19,0,1
1,1,0,6,1,13,4,2,7,2,1,1,1,0,0,5,0,1
1,2,1,5,1,11,4,1,13,2,1,0,1,0,0,28,0,1
1,1,0,5,1,10,10,2,13,1,1,1,1,0,0,3,0,1
1,1,1,4,1,4,10,1,13,2,1,4,1,0,0,31,0,1
0,1,0,4,1,11,7,2,13,2,1,3,1,0,0,18,0,1
1,1,0,4,1,11,10,2,13,2,1,2,1,0,0,1,0,1
0,1,0,4,1,4,6,1,13,2,1,5,1,0,0,8,0,1
1,1,0,4,1,1,9,1,12,2,1,3,1,0,0,16,0,1
0,1,0,4,1,13,4,1,13,2,1,2,1,0,0,17,0,1
1,1,1,4,1,11,11,1,12,2,1,6,1,0,0,40,0,1
0,1,0,4,1,4,4,2,13,2,1,1,1,0,0,12,0,1
1,1,1,5,1,11,9,1,13,2,1,2,1,0,0,11,0,1
0,1,1,5,1,4,7,1,12,2,1,5,1,0,0,9,0,1
0,1,1,5,1,16,7,1,13,2,1,1,1,0,0,12,0,1
1,2,0,4,1,1,6,1,1,2,1,1,1,0,0,6,0,1
0,2,1,5,1,10,4,1,2,2,2,1,1,0,0,7,0,0
1,1,0,4,1,0,9,1,12,2,1,3,1,0,0,15,0,1
1,1,1,5,1,4,4,2,12,2,2,4,1,0,0,19,0,1
1,1,1,5,1,16,6,2,11,2,1,1,1,0,0,6,0,1
1,1,1,5,1,13,10,2,13,2,1,2,1,0,0,6,0,1
0,1,0,4,1,4,4,2,12,2,1,4,1,0,0,12,0,1
1,1,1,5,1,16,10,2,12,2,1,4,1,0,0,15,0,1
0,1,0,4,1,11,9,2,13,1,1,1,1,0,0,9,0,1
1,2,0,1,1,11,12,2,9,2,1,3,1,0,0,20,0,1
1,1,0,5,1,4,10,1,12,2,1,3,1,0,0,15,0,1
0,1,0,4,1,13,4,2,13,2,2,1,1,0,0,12,0,1
1,2,0,5,1,11,6,1,12,1,1,2,1,0,0,6,0,1
1,2,1,5,2,13,12,2,9,2,2,0,1,0,0,25,0,1
1,1,0,6,1,4,5,1,12,2,1,1,1,0,0,8,0,1
1,1,1,5,1,16,9,1,13,2,1,2,1,0,0,13,0,1
1,2,0,5,1,11,12,1,12,2,1,2,1,0,0,21,0,1
1,1,0,4,1,4,5,2,12,2,1,3,1,0,0,16,0,1
1,2,1,4,1,0,4,2,13,2,2,1,1,0,0,13,1,0
1,2,0,4,1,11,7,1,10,2,2,4,1,0,0,3,0,1
1,1,0,6,1,1,6,2,12,2,1,2,1,0,0,6,0,1
0,1,0,4,1,11,4,1,12,2,1,7,1,0,0,27,0,1
1,1,0,4,1,4,9,1,13,2,1,0,1,0,0,2,0,1
1,1,1,5,1,16,10,1,13,2,1,3,1,0,0,17,0,1
1,1,1,5,1,16,10,1,13,2,1,0,1,0,0,4,0,1
1,1,1,5,1,13,8,1,13,2,1,5,1,0,0,27,2,1
0,1,1,5,1,4,10,1,13,2,1,1,1,0,0,16,1,0
1,1,0,4,1,4,6,2,13,2,2,1,1,0,0,6,0,1
1,1,1,5,1,10,4,1,13,2,1,3,1,0,0,12,0,1
0,2,0,6,1,11,12,2,8,2,1,1,1,0,0,7,0,1
0,1,1,5,1,4,10,1,13,2,1,4,1,0,0,33,0,1
1,1,0,4,1,4,6,1,13,2,1,0,1,0,0,26,0,1
1,1,1,5,1,4,8,1,2,2,2,0,1,0,0,23,0,1
1,1,1,5,1,11,7,1,13,2,1,1,1,0,0,9,0,1
1,1,0,4,1,11,10,1,13,2,1,2,1,0,0,14,0,1
1,1,1,5,1,16,9,1,12,2,1,2,1,0,0,16,0,1
1,1,0,5,1,13,4,2,13,2,1,3,1,0,0,6,0,1
1,1,1,5,1,13,1,1,13,2,1,2,1,0,0,56,0,1
1,1,0,4,1,16,1,1,13,2,1,1,1,0,0,58,0,1
1,1,1,5,1,14,7,1,13,1,1,2,1,0,0,14,0,1
1,1,1,5,1,13,1,1,12,2,1,3,1,0,0,79,0,0
0,1,1,4,1,13,1,1,13,2,1,3,1,0,0,84,0,1
1,1,0,4,1,14,4,2,12,2,1,3,1,0,0,41,0,0
1,1,0,4,1,16,2,1,13,1,1,5,1,0,0,43,0,1
1,1,0,4,1,13,2,1,12,2,1,3,1,0,0,47,0,1
1,1,0,4,1,13,1,1,12,2,1,4,1,0,10,138,0,1
1,1,1,5,1,13,1,1,12,2,2,2,1,0,7,90,0,1
1,1,1,5,1,9,8,2,13,1,1,2,1,0,0,23,0,1
1,1,0,4,1,9,5,2,13,2,1,0,1,0,0,33,0,1
1,1,0,4,1,13,12,1,12,2,1,0,1,0,7,121,0,1
1,1,0,4,1,7,9,1,13,2,1,2,1,0,0,34,0,1
1,1,1,5,1,13,1,2,13,2,1,4,1,0,0,10,0,1
1,1,0,4,1,2,1,1,13,2,1,2,1,0,0,53,0,1
1,1,0,4,1,7,1,1,12,2,1,2,1,0,0,82,0,1
1,2,1,5,1,16,2,1,4,2,1,3,1,0,0,28,0,1
1,1,1,4,1,13,1,2,13,2,1,5,1,0,0,9,0,1
1,1,0,4,1,14,2,1,12,2,1,2,1,0,0,22,0,1
1,1,0,4,1,16,2,1,13,2,1,0,1,0,0,36,0,1
1,1,0,4,1,7,2,1,12,2,1,3,1,0,0,20,1,1
0,1,1,7,2,13,7,2,13,2,1,0,1,0,0,37,0,1
1,1,1,5,1,16,1,1,13,2,2,0,1,3,7,143,0,1
1,1,0,4,1,20,9,1,13,2,1,1,1,0,0,73,0,1
1,1,1,5,1,16,12,2,12,2,2,0,1,0,0,71,0,1
1,1,0,4,1,13,12,1,13,2,1,3,1,0,0,76,0,1
1,1,1,5,1,13,9,1,13,2,1,0,1,0,0,49,0,1
1,1,0,5,1,16,12,2,12,2,1,1,1,0,0,26,0,1
1,2,1,5,1,13,12,1,1,2,1,2,1,3,6,132,0,1
1,2,1,4,1,13,2,2,13,2,1,7,1,0,0,87,0,1
1,1,0,4,1,12,2,1,13,1,1,1,1,0,0,10,0,1
1,2,1,4,1,13,12,2,13,2,1,0,1,0,0,56,0,1
1,2,1,4,1,13,1,2,12,2,2,3,1,0,0,32,0,1
1,1,0,4,1,13,12,1,12,2,1,1,1,0,0,67,0,1
1,1,1,5,1,16,2,1,4,1,1,3,1,0,0,9,0,1
1,1,0,4,1,16,1,2,12,2,1,1,1,3,4,123,0,1
1,1,0,4,1,13,8,1,12,1,1,3,1,0,0,35,0,1
1,1,0,4,1,16,2,2,13,2,1,5,1,0,0,42,0,1
1,1,0,4,1,4,2,1,13,2,2,2,1,0,0,68,0,1
1,2,1,4,1,13,12,1,13,2,1,0,1,0,0,28,0,1
1,1,0,4,1,13,12,2,12,2,1,0,1,0,0,18,0,1
1,1,0,4,1,13,12,2,13,2,1,4,1,0,0,35,0,1
1,1,0,6,1,13,12,1,13,2,1,2,1,0,7,79,0,1
1,1,0,4,1,14,12,1,13,2,1,2,1,0,0,68,0,1
1,2,0,5,1,13,2,2,13,2,1,2,1,0,0,19,0,1
1,2,1,4,1,16,12,1,12,2,1,1,1,0,0,33,0,1
1,1,0,4,1,13,6,2,12,2,1,0,1,0,0,47,0,1
1,1,0,4,1,13,12,1,13,2,1,0,1,0,0,75,0,1
1,1,1,4,1,7,8,2,12,2,1,0,1,0,0,92,0,1
1,1,0,4,1,13,8,2,13,1,1,2,1,0,0,2,0,1
1,1,0,4,1,16,12,2,13,2,1,3,1,0,0,45,0,1
1,1,0,4,1,14,8,1,12,2,1,0,1,0,0,85,0,1
0,1,1,7,1,13,4,1,12,2,1,0,1,0,0,26,0,1
1,1,0,4,1,13,8,2,12,2,1,1,1,0,0,32,0,1
1,1,1,5,1,10,2,2,13,2,2,5,1,0,0,19,0,1
1,1,1,4,1,7,2,1,13,2,1,1,1,0,0,21,0,1
1,2,0,4,1,1,2,1,12,2,1,1,1,3,0,67,0,1
1,1,1,4,1,12,1,1,13,2,1,0,1,0,0,43,1,0
1,1,0,4,1,16,1,2,13,2,1,3,1,0,0,63,0,1
1,1,1,4,1,16,11,2,12,2,1,3,1,0,0,39,0,1
1,1,0,4,2,13,7,1,13,2,1,0,1,0,0,70,0,1
1,1,0,4,1,13,8,1,13,1,1,5,1,0,0,37,0,1
1,1,0,4,1,13,5,1,13,2,1,0,1,0,0,16,0,1
1,1,0,4,1,16,7,2,13,2,1,1,1,0,0,49,0,1
1,1,0,4,1,13,2,1,13,1,2,2,1,0,0,7,1,1
0,1,0,4,1,13,11,1,12,2,1,2,1,0,0,48,0,1
1,1,1,4,1,16,8,2,13,1,1,6,1,0,0,39,0,1
1,1,0,4,1,16,1,2,12,2,1,2,1,0,0,71,0,1
1,1,0,4,1,14,2,2,12,1,1,1,1,0,0,4,0,1
1,1,0,4,1,13,8,1,13,2,1,1,1,0,0,24,0,1
1,1,1,4,1,13,1,1,12,2,1,5,1,0,0,61,0,1
1,1,0,4,1,14,1,2,4,2,1,0,1,0,0,11,0,1
1,1,1,5,1,12,1,2,13,2,1,2,1,0,0,63,1,1
1,2,0,4,1,13,9,1,12,2,1,3,1,0,0,53,0,1
1,1,0,4,1,16,2,1,13,2,1,3,1,0,0,6,0,1
1,1,0,4,1,13,12,2,12,2,1,2,1,0,0,81,0,1
1,1,1,4,1,13,8,2,13,2,1,3,1,0,0,70,0,1
1,1,1,5,1,13,1,1,13,2,1,2,1,0,0,79,0,1
1,1,1,4,1,13,3,1,9,2,2,2,1,0,0,65,1,0
1,1,0,4,1,16,8,2,12,2,1,4,1,0,0,55,0,1
1,1,0,4,1,7,2,1,12,2,1,0,1,0,0,81,0,1
1,1,0,4,1,9,2,1,13,1,1,2,1,0,0,28,0,1
1,1,0,4,1,13,8,2,12,2,1,4,1,0,0,59,0,1
1,1,1,6,1,13,2,2,13,1,1,5,1,0,0,11,0,1
1,1,0,4,1,13,6,2,12,1,1,4,1,0,0,0,0,1
1,1,0,4,1,13,9,1,12,1,1,2,1,0,0,50,0,1
1,1,1,5,1,11,2,2,13,2,2,4,1,0,0,32,0,1
1,2,1,5,1,13,2,1,12,2,1,4,1,0,0,57,0,1
1,1,1,5,1,16,9,1,11,1,2,1,1,0,0,16,0,1
1,1,1,5,1,16,5,2,3,2,1,0,1,3,7,97,0,1
1,1,0,4,1,14,5,1,10,2,1,0,1,0,0,54,0,1
0,1,1,1,1,16,4,2,0,2,1,4,1,0,0,30,0,1
1,2,0,4,1,11,11,1,13,2,1,3,1,3,7,179,0,1
1,1,0,4,1,13,6,1,12,2,1,1,1,3,7,154,0,1
1,1,0,4,1,1,9,1,4,2,1,1,1,0,7,79,0,1
1,1,1,5,1,16,11,1,13,2,1,4,1,0,0,80,0,1
1,1,0,4,1,13,12,1,4,2,1,0,1,3,7,86,0,1
1,1,1,3,1,13,12,2,13,2,1,1,1,3,7,142,0,1
1,1,0,3,1,22,10,1,13,2,1,2,1,3,7,254,0,1
1,2,1,5,1,16,9,1,13,1,1,1,1,0,0,6,0,1
1,1,0,5,1,1,10,2,5,2,1,2,1,3,7,96,0,1
1,1,0,6,1,11,6,1,13,2,1,2,1,0,0,104,0,1
1,1,0,3,1,11,10,2,13,2,1,2,1,3,7,82,0,1
1,1,0,6,1,1,5,2,5,2,1,1,1,3,7,206,0,1
1,1,0,4,1,14,10,1,12,2,1,1,1,0,0,73,0,1
1,1,0,4,1,1,9,2,13,2,1,2,1,0,0,45,0,1
1,2,0,3,1,11,10,1,3,2,1,1,1,3,7,137,0,1
0,1,0,4,1,13,4,1,13,2,1,3,1,0,0,55,0,1
1,2,0,4,1,4,12,2,13,2,1,6,1,0,0,61,0,1
1,1,1,5,1,14,8,1,12,1,1,5,1,0,0,15,0,1
1,1,0,4,1,1,12,1,5,2,1,7,1,3,7,182,0,1
1,1,0,4,1,4,10,2,5,2,1,2,1,3,7,207,0,1
1,1,1,5,1,13,9,1,12,2,1,3,1,3,7,194,0,1
1,1,0,5,1,1,10,2,12,2,1,2,1,3,7,118,0,1
1,1,0,5,1,1,5,2,1,2,1,1,1,0,5,79,0,1
1,1,0,3,1,22,5,1,13,1,1,0,1,0,0,27,0,1
1,1,0,4,1,11,11,1,10,1,1,1,1,0,0,111,0,1
0,1,1,4,1,13,8,2,12,2,1,1,1,0,0,20,0,1
1,1,1,6,1,16,5,2,13,2,1,1,1,0,0,9,1,1
1,1,0,3,1,11,4,2,5,2,1,1,1,0,0,77,0,1
1,1,0,4,1,13,10,2,13,1,1,4,1,0,0,101,0,1
1,1,1,5,1,13,9,1,13,2,1,6,1,3,7,158,0,1
1,1,0,5,1,1,10,2,13,2,1,3,1,3,7,191,0,1
1,1,1,5,1,13,4,2,12,2,1,2,1,0,0,47,0,1
1,1,0,4,1,4,10,2,13,2,1,0,1,0,0,65,0,1
1,1,0,4,1,13,10,2,8,2,1,0,1,3,7,167,0,1
0,1,0,6,1,11,10,2,5,2,1,5,1,3,7,166,0,1
1,1,1,7,1,11,9,1,12,2,1,2,1,0,7,93,0,1
0,1,1,5,1,4,10,1,12,1,1,4,1,4,7,131,0,1
1,2,0,4,1,11,10,2,13,2,1,5,1,3,7,173,0,1
1,1,1,5,1,13,2,1,13,2,1,0,1,0,0,12,0,1
1,1,0,6,1,13,9,2,13,2,1,2,1,3,7,133,0,1
1,1,1,5,1,11,10,1,13,1,1,1,1,0,0,2,0,1
1,1,0,4,1,13,9,1,3,1,1,4,1,0,0,3,0,1
1,1,0,5,1,11,9,2,12,1,1,3,1,0,0,45,0,1
1,1,0,3,1,11,10,1,13,2,1,0,1,3,7,133,0,1
1,1,0,4,1,4,11,2,13,2,1,3,1,3,7,116,0,1
1,1,0,4,1,13,10,1,12,1,1,2,1,0,0,57,0,1
1,1,0,4,1,13,10,2,13,2,1,3,1,0,0,35,0,1
0,1,1,7,1,10,9,2,13,2,1,1,1,0,0,64,0,1
1,1,0,4,1,13,3,2,5,2,1,3,1,0,7,53,0,1
1,2,0,7,1,16,4,2,10,2,2,1,1,0,0,35,0,1
1,1,0,4,1,13,10,2,12,2,1,2,1,0,0,35,0,1
1,2,0,5,1,4,5,2,13,2,1,2,1,0,0,83,0,1
0,1,0,4,1,4,8,2,9,2,1,3,1,0,7,116,0,1
1,1,0,4,1,13,4,2,12,2,1,2,1,0,0,49,0,1
1,1,1,5,1,11,9,2,13,2,1,2,1,3,7,76,0,1
1,2,0,7,1,11,7,1,13,2,1,3,1,3,3,107,0,1
0,1,0,7,1,13,12,1,12,2,1,4,1,3,7,236,0,1
0,1,1,7,1,13,11,2,13,2,1,1,1,3,0,124,0,1
1,1,0,4,1,4,10,2,13,1,1,4,1,0,0,1,0,1
1,1,0,4,1,13,9,1,13,2,1,5,1,3,7,161,0,1
1,2,0,5,1,7,9,1,12,2,1,5,1,0,7,63,0,1
1,1,1,5,1,1,9,2,12,2,1,0,1,3,7,101,0,1
1,1,0,3,1,22,7,1,9,2,1,0,1,3,7,167,0,1
0,1,0,4,1,13,4,2,13,2,1,2,1,0,0,49,0,1
1,1,1,5,1,10,5,2,10,2,1,1,1,0,0,4,0,1
1,1,0,5,1,1,10,2,8,2,1,2,1,3,7,145,0,1
1,1,1,5,1,4,10,1,13,2,1,0,1,0,0,21,0,1
0,1,0,7,1,11,9,1,12,2,1,4,1,0,5,99,0,1
0,1,0,4,1,0,10,2,13,2,2,0,1,0,0,61,1,0
1,1,1,5,1,0,1,1,13,2,1,0,1,0,0,16,0,1
1,1,1,5,1,13,5,2,12,2,1,3,1,3,7,132,0,1
0,1,1,7,1,13,10,2,13,2,1,2,1,0,0,40,1,0
1,2,0,5,1,1,2,1,1,2,1,4,1,0,0,38,0,1
1,2,0,4,1,11,12,2,9,2,2,2,1,0,0,81,0,1
1,1,1,5,1,13,10,1,12,2,2,1,1,0,8,110,0,1
1,1,0,4,1,13,9,1,12,2,1,0,1,0,0,20,0,1
1,1,0,3,1,13,5,1,13,2,1,2,1,3,7,150,0,1
1,2,1,5,1,13,12,1,12,1,1,4,1,0,0,9,0,1
1,1,1,5,1,13,8,2,8,2,1,4,1,3,7,157,0,1
1,1,0,4,1,4,10,1,12,2,1,2,1,0,0,42,0,1
1,1,0,7,1,16,9,2,8,2,1,0,1,0,7,86,0,1
0,1,0,4,1,13,3,1,12,2,1,7,1,3,7,98,0,1
1,1,0,4,1,16,11,1,13,2,0,1,1,3,7,276,0,1
1,1,1,6,1,16,1,2,13,2,1,3,1,3,0,118,0,1
1,1,0,4,1,10,11,2,13,1,2,1,1,0,0,54,0,1
1,1,0,4,1,14,10,2,13,2,1,3,1,0,0,1,0,1
1,1,1,5,1,16,7,2,12,2,1,7,1,3,2,125,0,1
1,1,0,6,1,7,1,1,12,2,1,3,1,3,7,337,0,1
1,1,0,4,1,4,11,1,13,2,1,4,1,0,0,80,0,1
0,1,1,4,1,16,5,2,13,2,2,2,1,0,0,31,0,1
1,1,1,4,1,13,11,1,14,2,1,5,1,3,7,294,0,1
1,1,0,4,1,16,5,2,13,2,1,1,1,0,0,95,0,1
0,1,0,4,1,13,7,1,13,2,1,2,1,3,0,165,0,1
1,1,0,4,1,11,2,2,12,2,1,5,1,0,0,67,0,1
1,1,0,4,1,4,11,2,12,2,1,4,1,3,0,190,0,1
1,1,0,4,1,13,9,1,12,2,1,2,1,0,0,82,0,1
1,1,1,5,1,13,7,2,13,2,1,3,1,0,0,22,0,1
1,1,0,4,1,13,6,2,13,2,2,2,1,0,0,68,0,1
1,1,0,4,1,11,2,1,13,2,1,2,1,0,0,4,0,0
1,1,0,4,1,12,11,2,13,2,1,2,1,0,0,71,0,1
1,1,0,4,1,13,5,1,13,2,1,1,1,0,0,93,0,1
1,1,0,4,1,13,11,1,13,2,1,3,1,0,0,66,0,1
1,1,0,4,1,13,7,1,13,2,1,3,1,0,0,3,0,1
1,1,0,4,1,13,11,2,4,2,1,2,1,3,7,172,0,1
1,1,0,4,1,7,5,1,4,2,1,1,1,3,7,173,0,1
1,1,1,5,1,9,2,2,13,2,2,3,1,3,7,192,0,1
1,1,1,4,1,13,11,1,13,2,0,4,1,3,0,122,0,1
1,2,0,4,1,7,6,1,13,2,1,3,1,4,0,152,0,1
1,1,0,4,1,13,11,1,13,2,1,0,1,0,0,6,0,1
1,1,0,4,1,16,5,2,12,2,1,2,1,3,7,175,0,1
1,2,0,4,1,7,11,2,13,2,0,4,1,3,0,121,0,1
0,1,0,4,1,13,6,2,7,2,1,1,1,3,0,131,0,1
1,1,1,5,1,13,6,1,12,1,0,1,1,0,0,82,0,1
1,1,0,4,1,7,5,2,12,2,1,4,1,3,7,210,0,1
1,1,0,6,1,13,11,1,13,2,1,1,1,0,0,76,0,1
1,1,0,4,1,16,1,1,13,2,1,3,1,0,0,95,0,1
1,1,0,4,1,13,7,1,13,2,1,5,1,3,0,162,0,1
1,1,1,2,1,16,5,1,4,2,0,0,1,3,7,265,0,1
1,1,1,5,1,13,1,1,12,2,1,3,1,0,0,92,0,1
1,1,1,5,1,7,8,2,12,2,1,2,1,3,7,179,0,1
1,1,1,5,1,13,5,2,13,2,2,4,1,3,0,86,0,1
1,1,1,5,1,16,3,1,4,2,0,1,1,3,0,144,0,1
1,1,0,5,1,13,5,1,12,2,1,5,1,0,0,28,0,1
1,1,1,6,1,13,7,1,8,2,1,0,1,0,0,85,0,1
1,1,0,4,1,10,7,1,14,2,0,2,1,3,4,276,0,1
1,1,1,4,1,11,2,2,13,2,1,4,1,0,0,58,0,1
0,1,0,4,1,7,11,1,13,2,1,4,1,3,0,128,0,1
1,1,1,5,1,13,5,2,14,2,2,4,1,3,2,84,0,1
0,1,1,5,1,10,7,2,13,1,1,3,1,0,0,103,0,1
1,1,0,6,1,16,7,2,10,2,1,2,1,0,0,56,0,1
0,1,1,6,1,10,5,2,13,2,1,4,1,0,0,101,0,1
1,2,1,5,1,10,12,1,12,2,2,2,1,3,0,156,0,1
1,1,0,6,1,13,3,1,12,2,1,2,1,0,0,46,0,1
1,1,0,4,1,12,11,2,14,2,0,3,1,3,7,275,0,1
1,1,0,4,1,16,5,1,12,2,1,2,1,0,0,26,0,1
1,1,0,4,1,13,11,1,12,2,2,3,1,3,2,165,0,1
1,1,0,4,1,7,11,2,13,2,1,1,1,3,0,171,0,1
1,1,0,4,1,14,2,1,12,2,1,5,1,3,7,166,0,1
1,1,1,5,1,6,7,1,12,2,0,3,1,3,7,172,0,1
1,1,1,5,1,16,2,2,13,2,1,4,1,0,0,105,0,1
1,1,1,5,1,10,2,2,12,1,2,3,1,0,0,66,0,1
1,1,0,4,1,11,2,1,13,2,1,1,1,3,0,139,0,1
1,1,1,5,1,10,7,1,13,2,2,0,1,0,0,50,0,1
1,1,1,6,1,10,5,2,13,2,1,2,1,0,0,75,0,1
1,1,0,4,1,16,12,2,9,2,1,0,1,0,0,38,0,1
1,1,1,5,1,10,6,2,13,2,0,0,1,3,4,195,0,1
1,1,1,5,1,13,6,2,12,1,1,3,1,0,0,27,0,1
1,1,0,4,1,7,11,1,12,2,1,2,1,3,0,149,0,1
1,1,0,4,1,14,11,2,12,2,1,1,1,0,0,49,0,1
1,1,1,5,1,13,2,2,13,1,1,6,1,0,0,103,0,1
1,2,1,5,1,13,6,2,13,2,2,3,1,3,0,77,0,1
1,1,1,5,1,13,2,1,13,1,1,1,1,0,0,46,0,1
1,1,1,5,1,10,5,2,12,2,2,1,1,3,7,153,0,1
1,1,0,4,1,10,1,1,13,2,0,4,1,3,4,234,0,1
1,1,0,4,1,7,7,2,4,2,1,2,1,3,7,194,0,1
1,1,0,6,1,10,11,1,13,2,0,0,1,3,0,180,0,1
1,2,1,5,1,10,2,2,13,2,0,2,1,3,7,241,0,1
1,1,0,4,1,13,7,1,14,2,1,5,1,3,4,193,0,1
0,1,0,6,1,12,7,2,13,2,1,2,1,3,7,222,0,1
1,1,1,5,1,16,6,2,4,2,0,2,1,3,7,314,0,1
1,1,0,4,1,13,3,2,8,2,0,3,1,0,0,121,0,1
1,1,1,6,1,11,7,1,13,2,0,2,1,3,7,193,0,1
1,1,1,5,1,10,6,2,4,2,0,2,1,3,2,197,0,1
1,1,1,5,1,10,11,2,13,2,0,5,1,3,0,144,0,1
0,1,0,4,1,13,11,1,13,2,1,4,1,3,2,203,0,1
0,1,0,4,1,10,5,1,13,2,1,0,1,0,0,81,0,1
1,1,0,4,1,13,11,1,13,2,1,3,1,0,0,12,0,1
1,1,1,4,1,13,6,2,13,2,1,4,1,0,0,108,0,1
1,1,1,5,1,16,1,1,13,2,1,3,1,0,0,3,0,1
1,2,1,5,1,11,2,1,13,2,1,4,1,3,2,156,0,1
1,1,0,4,1,4,7,1,13,2,1,1,1,0,0,120,0,0
0,1,0,4,1,13,11,1,13,2,1,3,1,3,0,236,0,1
1,2,0,4,1,11,7,1,7,2,1,4,1,4,0,88,0,1
1,1,0,4,1,13,7,1,4,2,1,3,1,3,7,217,0,1
1,1,0,4,1,12,2,1,8,2,1,2,1,3,0,121,0,1
1,1,0,4,1,16,11,2,13,2,1,5,1,0,0,63,0,1
1,1,0,6,1,10,1,2,12,2,1,5,1,3,0,108,0,1
1,1,0,5,1,10,5,1,13,2,0,2,1,3,4,198,0,1
1,1,1,5,1,13,6,2,12,2,0,3,1,3,7,232,0,1
1,1,1,5,1,5,9,2,13,2,1,4,1,3,2,209,0,1
1,1,0,4,1,13,3,1,12,2,1,3,1,0,0,16,0,1
1,1,1,5,1,10,2,2,13,2,0,3,1,3,2,176,0,1
1,1,0,4,1,16,1,1,13,2,1,2,1,3,0,113,0,1
1,1,1,5,1,16,5,1,4,2,2,1,1,3,0,119,0,1
1,1,1,5,1,10,1,1,13,2,2,2,1,0,0,111,0,1
1,1,1,5,1,16,5,2,8,1,1,4,1,0,0,83,0,1
1,1,1,5,1,10,2,1,13,2,2,1,1,3,0,194,0,1
1,1,1,6,1,16,4,2,11,2,1,2,1,0,0,7,0,1
1,1,0,4,1,13,8,2,13,2,1,2,1,0,0,103,0,1
1,2,1,5,1,20,12,1,12,1,1,3,1,3,7,162,0,1
1,1,0,4,1,19,12,2,13,2,1,3,1,3,6,225,1,1
1,2,1,5,1,11,4,1,13,2,1,1,0,0,0,64,0,1
1,1,1,5,1,16,9,1,8,1,1,1,1,0,0,56,0,1
1,1,1,7,2,13,9,2,13,2,1,1,1,0,0,98,0,1
1,2,0,4,1,1,10,2,1,2,1,1,1,0,0,82,1,1
1,1,1,5,1,13,9,2,13,2,1,1,1,0,0,112,0,1
1,1,0,5,1,4,11,2,13,2,1,2,1,3,7,211,0,1
0,1,0,4,1,16,4,2,9,1,1,4,1,0,0,4,0,1
0,1,1,7,1,20,9,2,11,2,2,1,0,3,6,327,1,1
1,1,1,5,1,10,9,1,13,2,1,3,1,0,0,62,0,1
1,1,1,5,1,16,4,1,8,2,1,1,1,0,0,122,0,1
1,1,0,7,1,11,4,1,9,2,1,4,1,3,7,257,0,1
1,2,1,5,1,16,5,2,13,2,1,2,1,0,0,38,0,1
0,1,1,5,1,13,8,1,13,1,1,2,1,0,0,35,0,1
0,1,0,6,1,13,9,2,12,2,1,4,1,0,0,64,1,1
1,1,0,5,1,1,9,1,12,2,1,6,1,0,0,128,1,1
1,1,1,6,1,14,3,1,12,2,1,3,1,3,7,193,1,1
1,1,0,4,1,16,8,1,12,2,1,4,1,3,0,177,1,1
1,1,0,7,1,13,12,2,12,2,1,3,1,0,0,67,0,1
1,1,0,4,1,11,10,2,1,2,1,3,1,3,6,231,0,1
1,1,0,4,1,1,10,2,1,2,1,2,1,3,0,203,0,1
1,1,1,5,1,16,9,2,13,2,1,3,1,0,0,113,0,1
1,1,0,4,1,20,10,1,12,2,1,2,1,3,6,231,0,1
1,1,0,4,1,13,3,1,13,1,1,4,1,0,0,52,0,1
1,1,1,5,1,13,12,1,13,2,1,6,1,0,0,45,0,1
1,1,0,4,1,14,7,1,13,2,1,2,1,0,0,45,0,1
1,1,0,4,1,13,4,2,1,2,1,4,1,0,7,86,0,1
1,1,0,7,1,18,9,1,13,2,1,0,1,0,0,185,1,1
1,1,0,4,1,1,9,2,12,1,1,1,1,0,0,16,0,1
1,1,0,4,1,11,10,1,13,1,1,2,1,0,0,70,0,1
1,1,0,4,1,4,12,2,13,2,1,3,1,0,0,40,0,1
1,1,0,5,1,4,4,2,12,2,1,4,1,3,7,140,0,1
1,1,0,5,1,16,5,1,13,2,1,3,1,0,0,110,1,1
0,2,0,4,1,13,9,1,7,2,1,4,1,0,0,39,0,1
1,1,0,4,1,13,9,1,12,2,1,3,1,3,7,220,0,1
1,1,1,4,1,16,9,1,12,2,1,1,1,0,0,63,0,1
1,2,1,5,1,16,12,1,1,2,2,3,1,0,0,135,0,1
1,1,0,4,1,13,9,1,13,2,1,3,1,3,0,162,0,1
1,2,1,5,1,13,9,1,12,2,1,4,1,0,0,27,0,1
1,1,0,4,1,13,7,1,13,2,1,4,1,0,0,60,0,1
1,1,0,5,1,4,10,2,12,2,1,3,1,3,0,210,0,1
0,1,0,4,1,13,9,1,13,2,1,4,1,3,7,235,0,1
1,1,0,4,1,20,12,1,13,1,1,2,1,0,0,58,0,1
0,1,1,3,1,19,4,1,13,2,1,2,1,0,0,164,1,1
1,2,1,4,1,16,12,2,13,2,1,2,1,0,0,30,0,1
0,2,0,4,1,13,12,1,12,2,1,5,1,0,7,192,1,1
1,1,1,5,1,16,9,2,12,2,1,3,1,3,7,234,0,1
1,1,0,4,1,13,10,2,12,1,1,5,1,0,0,51,0,1
1,1,1,5,1,13,8,2,12,2,1,3,1,0,0,27,0,1
1,1,0,4,1,11,10,1,9,2,1,1,1,0,0,37,0,1
1,2,0,7,1,13,9,2,1,2,1,2,1,3,7,265,0,1
1,1,1,5,1,16,5,2,8,2,1,2,1,3,7,130,0,1
0,1,1,5,1,13,12,1,12,2,2,4,1,3,0,204,0,1
1,2,1,1,1,16,12,1,12,2,1,3,1,3,7,345,1,1
1,1,0,4,1,13,12,2,13,2,1,3,1,0,0,84,0,1
1,1,1,7,1,2,12,1,12,2,1,1,1,3,7,230,0,1
1,2,0,4,1,13,8,1,12,1,1,5,1,0,0,70,0,1
1,1,0,4,1,13,4,2,13,2,1,4,1,3,7,297,0,1
1,1,1,4,1,13,10,1,12,2,1,2,1,3,0,162,0,1
1,1,1,5,1,16,9,2,12,2,1,1,1,0,0,131,0,1
1,1,0,4,1,13,8,2,12,2,1,4,1,3,7,185,0,1
1,1,0,4,1,20,11,1,12,2,1,2,1,3,7,265,0,1
1,1,0,4,1,13,4,2,12,2,1,3,1,3,7,300,0,1
1,1,0,4,1,13,4,2,12,2,1,4,1,0,0,91,0,1
1,1,1,1,1,4,4,2,12,2,1,6,1,3,7,219,0,1
1,2,1,5,1,13,3,2,12,2,1,5,1,3,2,165,0,1
1,1,0,4,1,16,12,1,13,2,1,2,1,0,0,38,0,1
1,1,1,5,1,20,12,2,13,1,1,4,1,0,0,114,0,1
1,1,1,5,1,14,9,1,12,2,1,2,1,0,0,94,0,1
1,1,1,5,1,11,3,1,13,2,2,2,1,0,0,11,0,1
1,1,0,5,1,16,4,1,12,2,1,2,1,3,7,330,1,1
1,2,0,3,1,13,12,1,1,1,1,2,1,0,0,99,0,1
1,1,0,6,1,16,12,1,13,2,1,1,1,0,0,54,0,1
1,1,0,4,1,14,8,2,8,2,1,2,1,0,0,13,0,1
1,1,0,4,1,16,4,2,13,1,1,1,1,0,7,92,0,1
1,1,0,7,1,19,8,1,13,2,1,3,0,0,0,172,1,1
1,1,0,4,1,13,8,2,12,2,1,3,1,0,0,22,0,1
1,2,0,6,1,11,12,2,13,2,1,5,1,0,0,52,1,1
0,1,1,7,1,16,8,1,13,2,1,2,1,3,7,300,1,1
1,1,0,4,1,1,8,1,13,2,1,2,0,0,0,141,1,1
1,1,1,5,1,11,7,1,13,2,1,2,1,3,7,228,0,1
1,1,1,5,1,16,8,2,11,2,1,1,0,0,0,146,1,1
1,2,1,7,1,10,12,2,12,2,1,2,1,0,0,40,0,1
1,1,0,4,1,16,10,2,12,2,1,3,1,0,0,146,0,1
1,1,0,4,1,13,4,2,12,2,1,0,1,3,7,240,0,1
1,2,0,4,1,13,12,2,13,2,1,2,1,0,0,67,0,1
0,1,0,3,1,16,12,2,12,1,1,5,1,0,0,93,0,1
0,1,0,4,1,16,9,2,13,2,1,1,1,0,0,8,0,1
1,1,1,4,1,20,4,2,8,1,1,2,1,0,0,31,0,1
1,2,0,4,1,14,9,1,12,2,1,2,1,0,7,112,0,1
1,1,1,4,1,14,11,2,12,2,1,3,1,0,0,3,0,1
1,1,1,5,1,0,10,2,12,2,2,4,1,3,0,167,0,1
1,1,0,4,1,4,11,1,13,1,1,4,1,0,0,2,0,1
1,1,0,4,1,11,12,1,12,1,1,3,1,0,0,23,0,1
1,1,1,5,1,16,9,1,13,2,1,3,1,3,3,204,0,1
1,1,0,4,1,13,11,2,13,2,1,2,1,0,0,81,0,1
1,1,0,4,1,13,10,2,12,1,1,1,1,0,0,76,0,1
1,1,0,4,1,16,5,1,12,2,1,3,1,0,0,112,0,1
1,2,0,4,1,13,7,1,13,2,1,3,1,0,0,100,0,1
1,1,0,1,1,5,4,1,13,2,1,3,0,3,7,335,0,1
1,1,0,4,1,11,12,2,12,2,1,1,1,0,0,77,0,1
1,1,1,5,1,4,9,2,13,2,1,3,1,3,7,180,0,1
1,1,0,6,1,18,12,1,12,2,1,1,1,3,7,166,1,1
1,1,1,5,1,13,9,2,13,2,1,3,1,0,0,65,0,1
1,1,1,5,1,16,9,2,12,1,1,4,1,0,0,17,0,1
0,1,0,4,1,13,8,2,8,2,1,2,0,3,7,294,0,1
1,2,1,5,1,16,9,2,12,2,1,2,1,0,0,54,0,1
1,1,0,4,1,16,10,1,13,1,1,1,1,0,0,97,0,1
1,1,0,7,1,13,12,1,13,2,1,2,1,0,0,87,1,1
0,1,0,4,1,6,12,2,12,2,1,1,1,0,0,135,0,1
1,1,0,4,1,16,1,1,13,2,1,3,1,0,0,81,0,1
0,1,0,4,1,13,10,2,12,2,1,0,1,0,0,171,0,1
1,2,0,4,1,11,9,1,12,2,1,4,1,3,0,198,0,1
1,2,0,4,1,13,11,1,13,2,1,2,1,3,3,202,0,1
1,2,0,4,1,14,4,2,8,2,1,2,1,3,7,286,0,1
0,1,0,4,1,13,11,2,13,2,1,0,1,0,0,31,0,1
0,1,0,4,1,1,8,2,12,2,1,1,1,0,0,73,0,1
1,1,1,5,1,20,9,1,13,2,1,3,1,3,3,179,0,1
1,2,0,4,1,13,11,1,13,2,1,6,1,0,0,76,0,1
1,1,0,4,1,20,11,2,12,2,1,4,1,3,7,249,0,1
1,1,0,4,1,16,12,1,1,1,1,3,1,0,0,60,0,1
0,1,1,5,1,16,9,2,13,2,1,3,1,3,0,209,0,1
1,1,1,6,1,13,9,1,13,2,1,1,1,0,0,126,0,1
1,1,0,4,1,14,3,2,12,2,1,3,1,0,0,121,0,1
1,1,0,4,1,13,9,1,12,2,1,1,1,0,0,78,0,1
1,1,0,6,1,14,1,2,12,2,1,1,1,0,0,120,0,1
1,1,1,5,1,16,9,2,13,2,1,3,1,0,0,98,0,1
1,1,0,4,1,4,11,2,12,2,1,3,1,3,0,149,0,1
1,2,1,4,1,16,4,1,1,2,1,2,1,0,0,152,1,1
1,1,1,5,1,11,4,2,13,1,1,2,1,0,0,72,0,1
1,1,0,4,1,13,6,2,13,2,1,4,1,0,0,107,0,1
1,1,0,4,1,13,4,2,13,2,1,2,1,3,7,192,0,1
1,1,0,4,1,13,5,1,13,1,1,0,1,0,0,31,0,1
1,1,0,4,1,1,2,1,12,2,2,1,1,3,7,233,0,1
1,1,0,4,1,13,1,1,12,2,1,1,1,0,0,110,0,1
1,1,0,4,1,14,1,2,10,1,1,1,1,0,7,139,0,1
1,1,0,5,1,10,2,2,10,2,2,2,1,0,0,92,1,1
1,1,0,6,1,13,6,1,13,2,1,1,1,3,9,241,0,1
0,1,0,6,1,13,12,1,0,2,1,3,1,3,10,303,3,1
0,1,0,6,1,13,1,1,13,2,1,2,1,3,9,194,0,1
1,1,1,2,1,11,2,1,12,2,1,0,1,0,0,51,0,1
1,1,0,4,1,4,2,1,13,1,2,3,1,3,9,336,0,1
1,1,1,5,1,0,2,1,0,2,1,2,1,0,0,48,1,0
1,1,0,5,1,10,1,1,13,2,2,2,1,3,9,289,0,1
1,1,0,4,1,13,2,1,13,2,1,0,1,0,0,129,0,1
1,1,0,4,1,13,2,2,9,2,2,4,1,4,0,171,0,1
1,1,0,4,1,13,7,1,13,2,1,1,1,3,9,274,0,1
1,2,1,5,1,10,6,1,12,2,2,3,1,4,2,284,1,1
0,1,0,4,1,13,6,1,13,2,1,3,1,4,0,189,2,1
0,1,1,1,1,13,7,1,12,2,1,2,1,0,0,126,0,1
1,1,0,4,1,13,2,1,13,1,1,6,1,0,0,131,0,1
1,1,1,5,1,13,6,2,13,2,1,1,1,0,0,115,0,1
1,1,0,4,1,13,6,1,13,2,1,1,1,0,0,80,0,1
1,1,0,4,1,13,2,2,13,2,1,3,1,4,9,203,0,1
0,1,0,4,1,10,5,2,13,2,1,1,1,0,0,79,0,1
1,1,0,4,1,4,6,1,13,2,1,5,1,0,0,115,0,1
1,1,0,4,1,14,1,1,12,2,1,0,1,0,0,150,0,1
1,1,1,5,2,4,2,1,9,2,1,3,1,4,2,379,0,1
1,1,0,4,1,13,1,1,13,2,1,2,1,3,0,203,0,1
1,1,0,6,1,13,7,2,13,2,1,1,1,0,0,34,0,1
1,1,0,4,1,13,2,1,12,2,1,3,1,0,0,68,0,1
1,1,0,4,1,13,12,1,13,2,1,3,1,3,0,178,0,1
1,1,1,5,1,13,2,1,13,2,2,0,1,3,7,373,0,1
1,1,0,4,1,13,8,2,13,1,1,2,1,0,0,0,0,1
1,1,0,4,1,13,2,2,12,1,1,3,1,0,0,65,0,1
0,1,0,4,1,0,5,1,13,2,1,3,1,0,0,23,1,0
0,1,1,5,1,10,5,2,13,2,1,6,1,0,0,56,1,0
1,1,1,5,1,3,2,2,13,1,1,1,1,0,0,87,0,1
1,1,1,5,1,10,2,2,13,2,2,2,1,3,7,183,0,1
1,1,1,5,1,13,6,1,13,2,2,0,1,4,0,147,0,1
1,1,1,5,1,13,6,1,13,2,1,1,1,0,0,90,0,1
1,1,1,4,1,13,2,1,3,2,1,3,1,0,0,8,0,1
1,1,0,4,1,13,2,2,12,2,1,1,1,0,0,122,0,1
1,1,1,1,1,22,7,2,10,2,1,0,1,3,7,326,0,1
1,1,1,5,1,13,2,2,13,2,2,2,1,0,0,131,0,1
0,1,0,4,1,3,5,2,12,2,1,0,1,3,9,369,0,0
1,1,1,5,1,10,7,1,13,1,1,1,1,0,0,44,0,1
0,1,1,6,1,1,2,1,10,1,1,1,1,0,0,120,0,1
1,1,0,4,1,13,10,1,13,1,1,3,1,0,0,106,0,1
1,1,1,6,1,13,1,1,12,2,1,1,1,3,7,159,0,1
1,1,1,5,1,13,2,2,13,2,1,4,1,0,0,126,0,1
1,1,0,4,1,14,2,2,13,2,1,0,1,3,7,310,0,1
1,1,0,4,1,10,5,1,13,2,1,2,1,0,0,80,0,1
1,1,1,6,1,13,12,1,12,2,1,1,1,0,0,123,1,1
1,1,1,6,1,11,2,2,13,2,1,2,1,0,0,161,0,0
1,1,0,4,1,13,2,1,13,2,1,1,1,0,0,85,0,1
1,1,1,5,1,13,5,2,12,2,1,3,1,3,9,265,0,1
1,1,0,4,1,14,5,1,13,2,1,4,1,0,0,59,0,1
1,1,0,4,1,10,1,1,13,2,1,1,1,0,0,153,0,1
1,1,0,4,1,11,12,1,13,2,2,1,1,0,0,38,1,1
0,1,1,6,1,13,7,2,13,2,1,4,1,0,0,90,0,1
1,1,1,5,1,13,2,2,3,2,2,3,1,3,7,239,0,1
1,1,0,4,1,16,6,1,13,2,1,2,1,0,0,18,0,1
1,1,1,4,1,10,5,2,13,2,1,2,1,3,10,287,0,1
1,2,0,4,1,13,6,2,8,2,1,3,1,0,0,111,0,1
1,1,1,5,1,16,2,1,12,2,1,3,1,3,9,221,0,1
1,1,0,5,1,13,11,2,13,2,1,2,1,0,0,1,0,1
1,2,0,4,1,10,2,2,12,2,1,1,1,4,0,183,0,1
0,1,0,4,1,13,5,2,13,2,1,3,1,3,9,260,0,1
1,1,1,5,1,10,5,2,9,2,2,2,1,4,0,119,0,1
1,1,0,4,1,14,2,1,12,2,1,0,1,3,7,241,0,1
1,1,0,4,1,0,6,1,12,2,2,2,1,0,0,28,0,1
1,1,0,5,1,4,6,2,13,2,1,4,1,0,0,164,0,1
1,1,0,4,1,13,2,1,13,2,1,2,1,3,7,308,0,1
1,1,0,4,1,13,5,2,9,1,1,3,1,0,0,141,0,1
1,1,0,4,1,10,2,2,13,2,1,1,1,3,9,253,0,1
1,1,0,4,1,13,1,2,13,2,1,2,1,3,9,308,0,1
1,1,0,6,1,13,7,1,13,1,1,0,1,0,0,12,0,1
0,1,1,2,1,13,1,1,12,2,1,2,1,3,7,278,0,1
1,1,1,5,1,14,6,1,12,1,1,2,1,3,9,113,0,1
1,1,1,5,2,0,2,1,13,2,2,4,1,4,10,263,1,0
1,1,0,4,1,13,6,2,13,2,1,1,1,0,0,135,0,1
1,1,0,4,1,13,2,2,13,2,2,1,1,0,0,145,0,1
1,1,0,4,1,11,7,1,13,1,1,2,1,0,0,53,0,1
1,1,0,4,1,4,6,2,12,2,1,2,1,0,0,78,0,1
1,1,0,4,1,10,5,2,13,2,1,3,1,4,9,187,0,1
1,1,1,5,1,16,5,1,9,2,2,4,1,3,10,245,1,1
0,1,1,6,1,3,1,2,13,2,1,4,1,3,9,164,0,1
1,1,1,5,1,10,2,2,13,2,1,3,1,3,9,330,0,1
1,1,1,5,1,14,2,2,3,1,1,1,1,3,7,289,0,1
1,1,0,4,1,22,7,2,13,2,1,2,1,3,9,240,0,1
1,1,0,5,1,4,6,1,13,2,1,5,1,0,0,5,0,1
1,1,0,4,1,13,2,1,12,2,1,4,1,0,0,122,0,1
1,1,0,4,1,16,5,1,13,2,1,3,1,0,0,68,0,1
1,2,0,4,1,0,2,1,13,2,1,5,1,0,0,112,1,1
1,1,1,5,1,13,6,2,13,2,1,1,1,0,0,137,0,1
1,1,0,6,1,4,2,2,9,2,2,1,1,4,0,228,0,1
1,1,0,4,1,14,7,2,10,2,1,2,1,0,0,21,0,1
0,1,0,4,1,13,7,1,13,2,1,1,1,0,0,8,0,1
1,1,0,4,1,13,11,2,12,2,2,1,1,3,0,130,0,1
1,1,0,4,1,13,5,1,12,2,1,4,1,4,6,256,0,1
1,1,0,4,1,13,1,1,13,2,1,1,1,4,0,244,0,1
1,1,0,4,1,13,7,2,12,1,1,2,1,0,0,42,0,1
1,1,0,4,1,0,7,1,9,2,1,1,1,0,0,153,0,1
0,1,1,6,1,13,2,2,9,2,1,1,1,3,7,357,0,1
0,1,0,4,1,10,6,2,13,2,1,2,1,3,10,219,1,1
1,2,0,4,1,13,2,2,12,2,2,2,1,4,0,216,0,1
1,1,0,4,1,1,5,2,13,2,2,0,1,0,0,87,0,1
1,1,0,4,1,1,6,1,12,2,1,1,1,0,0,182,0,1
1,1,0,6,1,14,2,2,13,2,1,1,1,3,0,146,0,1
1,1,0,4,1,13,7,1,12,1,1,0,1,0,0,8,0,1
1,2,0,6,2,13,12,1,10,2,1,1,1,3,2,366,0,1
1,1,1,5,1,13,5,1,12,2,1,9,1,4,0,120,0,1
1,1,1,4,1,13,2,1,0,2,1,2,1,0,10,127,0,1
1,1,0,4,1,0,2,2,12,2,1,5,1,4,0,202,1,0
1,1,0,4,1,10,2,1,13,2,1,4,1,3,6,335,0,1
1,1,1,5,1,10,2,2,13,1,1,4,1,0,0,108,0,1
1,1,0,4,1,4,1,1,13,2,1,3,1,3,0,178,0,1
1,1,0,4,1,13,1,1,12,2,1,4,1,0,0,82,0,1
1,1,0,4,1,3,5,2,13,2,2,2,1,0,0,118,0,0
1,1,1,4,1,10,2,2,0,2,1,4,1,0,0,43,0,1
1,1,0,4,1,11,2,1,13,2,1,3,1,0,0,125,0,1
1,1,0,4,1,4,7,2,13,2,2,2,1,0,0,107,0,1
1,1,1,5,1,10,2,1,13,2,1,3,1,3,10,194,0,1
1,1,0,4,1,13,11,2,10,1,1,1,1,0,0,23,0,1
1,1,0,6,1,10,2,1,13,2,1,1,1,3,7,257,0,1
1,1,0,6,1,4,6,1,13,2,1,6,1,0,0,131,0,1
1,1,0,4,1,13,5,1,12,2,2,4,1,3,7,358,0,1
1,1,0,4,1,4,7,2,9,2,1,2,1,3,0,199,0,1
1,1,0,4,1,13,2,2,12,2,1,1,1,0,0,140,0,1
1,1,1,5,1,0,8,2,13,2,1,3,1,0,0,25,0,1
1,1,1,5,1,13,2,1,12,1,2,1,1,3,0,201,0,1
1,1,0,6,2,13,9,1,13,2,1,1,1,3,8,254,1,1
1,1,1,5,1,19,9,1,13,2,1,5,1,3,7,353,0,1
1,1,1,4,1,1,1,1,12,2,1,6,1,0,0,172,0,1
1,1,1,5,1,5,4,1,12,1,1,0,1,0,0,51,0,1
1,1,1,5,1,11,7,1,5,2,1,4,1,3,7,313,0,1
0,1,0,4,1,13,8,2,12,2,1,3,1,0,0,20,0,1
1,1,1,5,1,16,4,2,4,2,1,1,1,3,7,169,0,1
1,1,0,4,1,16,9,1,13,2,1,2,1,0,0,67,0,1
1,1,1,5,1,19,7,1,13,2,1,4,0,0,0,191,1,1
1,1,1,4,1,16,5,2,4,1,1,0,1,0,0,13,0,1
1,1,1,5,1,11,12,2,13,2,1,3,1,0,0,13,0,1
1,1,0,4,1,0,11,2,7,2,1,2,1,0,0,141,0,1
0,1,1,5,1,20,11,1,5,1,4,5,1,3,2,236,0,1
1,1,1,4,1,4,11,1,13,2,1,3,1,0,0,98,0,1
1,1,0,4,1,20,3,1,4,2,1,2,1,3,7,287,1,1
0,1,0,4,1,7,4,2,4,2,1,1,1,0,0,116,0,1
1,2,1,5,1,16,12,1,12,2,1,2,1,0,0,60,0,1
1,1,0,4,1,16,11,1,13,1,1,5,1,3,0,122,0,1
1,2,0,4,1,16,4,1,12,2,1,3,1,0,0,141,0,1
1,1,1,5,1,20,8,2,5,1,1,3,1,0,0,90,0,1
0,1,0,4,1,19,5,2,4,2,2,0,0,3,0,262,1,1
1,1,1,5,1,20,11,1,13,1,1,2,1,3,7,112,0,1
1,1,1,5,1,11,11,1,13,1,1,4,1,0,0,31,0,1
1,1,1,4,1,20,11,2,5,2,1,3,1,3,0,140,0,1
1,1,1,5,1,16,12,1,7,2,1,1,1,3,7,215,0,1
1,1,1,5,1,20,5,2,4,2,1,0,1,3,0,144,0,1
1,2,0,4,1,7,4,2,4,2,1,2,1,0,0,128,0,1
1,1,0,4,1,16,9,2,5,2,1,5,1,3,7,222,0,1
1,1,0,5,1,13,8,2,7,1,1,3,1,0,0,28,0,1
1,2,1,5,1,16,6,2,13,2,1,2,1,0,0,37,0,1
1,2,1,5,1,11,6,1,13,1,1,2,1,0,0,49,0,1
1,1,1,5,1,20,11,2,13,1,2,1,1,3,0,168,0,1
1,1,0,4,1,19,4,2,1,2,1,5,1,0,0,147,0,1
1,1,0,4,1,20,11,1,6,2,4,3,1,3,7,311,0,1
1,1,1,5,1,16,11,1,12,2,1,4,1,3,7,320,0,1
1,1,0,4,1,2,9,1,12,2,1,3,1,3,0,175,0,1
1,1,0,4,1,13,11,2,13,2,1,2,1,3,0,108,0,1
1,1,1,5,1,13,11,1,13,1,1,1,1,0,0,17,0,1
1,1,0,6,1,13,7,1,13,2,1,2,1,0,0,26,1,0
1,1,1,4,1,13,7,1,8,2,1,2,1,3,7,337,1,0
1,1,1,5,1,20,8,2,12,1,1,6,1,0,0,84,0,1
1,1,0,4,1,16,5,2,9,2,1,4,1,0,0,106,0,1
1,1,0,4,1,13,4,1,12,2,1,1,1,0,0,26,0,1
1,1,0,6,1,19,11,2,13,2,1,3,1,0,0,70,0,1
1,1,1,4,1,11,10,1,12,2,1,2,1,0,0,111,0,1
1,1,1,5,1,7,9,1,13,2,1,4,1,3,2,244,0,1
1,1,0,4,1,20,8,2,12,1,1,1,1,0,0,87,0,1
1,1,0,4,1,13,9,2,8,2,1,3,1,3,7,297,0,1
1,1,0,4,1,13,3,1,12,2,1,4,1,3,7,229,0,1
1,1,0,4,1,5,9,2,7,2,1,6,1,3,7,285,0,1
1,2,0,4,1,20,11,1,12,2,1,0,1,3,7,296,0,1
1,2,1,4,1,16,4,1,12,2,1,1,1,0,0,66,0,1
1,1,1,5,1,20,4,1,4,2,1,3,1,3,7,297,0,1
1,1,0,5,1,19,9,2,12,2,1,3,1,0,0,110,0,1
1,1,1,5,1,20,11,2,12,2,1,3,1,3,0,142,0,1
1,1,0,4,1,0,11,1,12,2,1,2,1,0,0,115,0,0
1,1,0,4,1,13,7,1,13,2,1,1,1,0,0,95,0,1
1,1,0,4,1,16,5,1,12,2,1,3,1,0,0,80,1,1
1,1,1,5,1,13,11,1,13,2,1,3,1,0,0,85,0,1
1,1,1,5,1,16,1,1,12,2,1,4,1,3,7,152,0,1
1,1,0,4,1,16,11,1,4,2,1,1,1,3,7,265,0,1
1,1,0,4,1,20,4,2,12,1,1,0,1,0,0,80,0,1
1,1,0,4,1,19,10,1,1,2,4,5,1,3,7,260,0,1
0,2,0,4,1,2,12,2,4,2,1,3,1,3,7,287,0,1
1,2,0,4,1,10,12,2,13,2,1,7,1,3,0,262,0,1
1,1,0,4,1,11,9,1,12,2,1,2,0,3,5,150,1,1
1,1,0,4,1,19,7,2,13,2,1,4,1,0,0,94,0,1
1,1,0,4,1,13,5,2,13,2,1,0,1,0,0,62,0,1
1,1,1,5,1,16,4,2,12,2,1,3,1,3,7,196,0,1
1,1,0,4,1,20,9,1,13,2,1,1,1,3,0,167,0,1
1,1,1,5,1,11,7,1,7,1,1,0,1,0,0,92,0,0
1,1,1,5,1,16,4,2,4,2,1,3,1,0,0,99,0,1
1,1,0,4,1,13,9,1,12,1,1,3,1,0,0,29,0,1
0,1,0,4,1,20,9,1,4,2,1,1,1,0,0,168,1,0
1,1,1,5,1,16,9,2,13,2,1,1,1,0,0,143,0,1
1,1,0,4,1,2,4,1,5,2,1,1,1,0,0,137,0,1
0,1,0,4,1,13,11,1,12,2,1,0,1,3,0,255,1,1
1,1,0,4,1,13,9,2,5,2,1,3,1,0,0,91,0,1
1,1,0,4,1,13,6,2,13,2,1,4,1,0,0,30,0,1
1,1,0,5,1,13,10,1,13,2,1,1,1,3,7,256,0,1
1,1,0,4,1,13,9,1,13,1,1,5,1,0,0,56,0,1
1,1,0,4,1,13,3,1,13,2,1,1,1,0,0,111,0,1
1,1,0,4,1,5,9,1,7,2,1,6,1,3,7,240,0,1
1,1,1,4,1,20,11,1,12,2,1,0,1,3,0,164,0,1
1,1,0,4,1,1,9,1,12,2,1,4,1,3,0,163,1,1
1,1,1,4,1,11,11,1,5,2,1,3,1,3,7,303,0,1
1,1,1,6,1,16,8,2,13,2,1,2,1,0,0,22,0,1
1,2,1,4,1,10,9,2,12,2,1,6,1,0,0,78,0,1
1,2,1,4,1,19,12,1,4,2,1,0,1,0,0,152,0,1
1,1,0,5,1,19,1,2,4,2,2,2,1,3,0,190,0,1
1,1,1,5,1,11,4,1,7,1,1,1,1,3,7,148,0,1
1,2,0,4,1,19,12,2,7,2,1,7,1,3,2,197,0,1
0,1,0,4,1,2,9,2,13,2,1,4,1,3,7,343,0,1
1,1,0,4,1,16,11,2,4,2,1,4,1,0,0,70,0,1
1,2,1,5,1,16,5,1,12,2,1,2,1,0,0,112,0,1
1,1,0,4,1,20,11,2,12,2,1,6,1,3,7,330,0,1
1,1,0,4,1,11,10,1,12,2,1,1,1,3,7,325,1,0
1,1,1,5,1,16,6,1,13,2,1,3,1,0,0,56,0,1
0,1,1,5,1,20,9,1,13,1,1,0,1,3,7,182,0,1
1,1,0,4,1,1,7,1,5,1,1,1,1,0,0,116,0,1
1,1,0,4,1,0,10,1,12,2,1,3,1,0,0,108,0,1
1,1,1,5,1,20,4,2,4,2,2,0,1,3,7,334,0,1
1,2,0,4,1,11,12,1,1,2,1,2,1,0,0,62,0,1
1,1,0,4,1,13,10,2,13,2,1,6,1,3,0,160,0,1
1,2,0,4,1,13,1,1,12,2,1,2,1,3,7,301,0,1
1,2,1,7,1,11,11,1,12,2,1,0,1,0,0,59,0,1
1,1,1,5,1,16,10,1,12,2,1,3,1,3,0,160,0,1
1,1,1,5,1,1,11,2,13,2,2,4,1,3,7,203,0,1
1,1,1,5,1,20,12,2,4,2,2,3,1,3,7,245,0,1
1,2,1,4,1,16,11,2,12,2,1,8,1,3,7,372,0,1
1,1,0,4,1,16,11,2,6,2,1,2,1,3,7,298,0,1
1,2,1,4,1,10,2,1,12,2,1,6,1,3,0,124,0,1
1,1,0,4,1,13,11,2,12,2,1,1,1,3,7,145,0,1
1,1,0,4,1,20,9,2,4,2,1,2,1,3,5,355,0,1
0,1,1,6,1,13,9,1,5,2,1,3,1,3,7,359,0,1
1,1,0,4,1,0,2,1,13,2,1,4,0,0,0,43,1,0
1,1,0,4,1,7,11,1,12,2,1,2,1,3,7,247,0,1
1,1,0,4,1,19,11,1,12,2,1,4,1,3,0,237,0,1
0,2,1,5,1,16,11,2,5,2,1,3,1,0,0,97,0,1
1,2,1,5,1,11,1,1,13,2,1,1,1,0,0,147,1,1
1,1,0,4,1,16,8,1,12,2,1,4,1,0,0,77,0,1
1,1,0,4,1,13,7,1,12,2,1,4,1,0,0,111,1,1
1,2,0,4,1,1,1,1,12,2,1,1,1,0,0,105,0,1
1,1,0,4,1,0,4,2,13,1,1,2,1,0,0,17,0,1
1,1,0,4,1,20,1,1,12,2,1,1,1,3,7,281,0,1
1,1,0,4,1,16,11,1,14,2,1,4,1,3,0,188,0,0
0,1,0,4,1,20,11,1,5,2,4,2,1,3,7,349,2,1
1,1,1,5,1,13,11,1,12,1,1,3,1,3,0,128,0,1
1,1,1,5,1,19,12,2,7,2,1,3,1,3,5,212,1,0
1,1,0,4,1,7,6,2,13,2,1,3,1,0,0,128,0,1
1,2,1,5,1,20,11,1,5,1,1,3,1,3,0,188,0,1
1,2,1,1,1,11,7,1,4,2,1,0,1,3,7,250,0,1
1,1,1,5,1,16,1,2,13,2,1,4,1,3,0,175,0,1
1,1,1,4,1,13,12,1,12,2,1,1,1,3,2,242,0,1
1,1,0,4,1,4,1,1,13,2,1,3,1,3,0,197,0,1
0,1,0,4,1,20,9,2,12,1,4,4,1,0,0,51,1,1
1,2,1,5,1,20,10,1,12,2,1,2,1,3,0,169,0,1
1,1,1,7,1,16,4,1,12,2,1,3,1,3,7,279,0,1
1,1,0,4,1,13,4,2,12,2,1,3,1,3,7,200,0,1
1,2,1,5,1,11,6,2,12,2,1,3,1,4,7,261,0,1
1,1,1,5,1,20,4,1,12,1,1,2,1,3,7,132,0,1
1,1,0,4,1,1,4,1,12,1,2,1,1,0,0,128,0,1
1,1,1,5,1,16,4,1,5,1,1,2,1,3,0,104,0,1
1,1,0,7,1,10,1,1,4,2,1,3,1,3,0,243,0,1
1,1,1,5,1,13,9,2,12,1,1,4,1,0,0,93,0,1
1,1,1,4,1,13,11,1,13,2,1,2,1,0,0,67,0,1
1,2,0,5,1,1,10,2,1,2,1,4,1,3,7,329,0,1
0,1,1,4,1,13,12,1,5,2,1,4,1,0,0,188,1,0
1,1,0,4,1,16,10,2,13,2,1,7,1,0,0,35,0,1
1,1,0,4,1,20,4,1,5,2,1,0,1,3,7,332,0,1
1,2,0,1,1,11,1,1,4,2,1,2,1,3,7,285,0,1
1,2,1,5,1,7,10,2,13,2,1,3,1,4,0,237,1,0
1,1,0,4,1,12,12,1,7,2,1,2,1,3,7,252,0,1
1,1,1,5,1,20,11,1,12,2,1,2,1,3,2,326,1,1
1,1,1,5,1,11,11,1,13,2,4,3,1,3,5,306,0,0
1,1,1,5,1,13,7,1,13,1,1,1,1,0,0,28,0,1
1,1,0,4,1,19,11,1,5,2,4,0,1,3,7,317,0,1
1,1,1,5,1,13,7,2,13,2,1,3,1,0,0,63,0,1
1,1,1,2,1,10,5,2,13,1,2,3,1,3,7,151,0,1
1,1,0,4,1,13,2,1,12,2,1,4,1,0,0,92,0,1
1,1,0,2,1,10,7,2,13,2,1,4,1,3,7,347,0,1
1,1,0,5,1,0,11,2,13,2,1,3,1,0,0,100,0,1
1,1,0,4,1,1,3,1,13,2,1,1,1,0,0,165,0,1
0,1,1,5,2,13,7,2,13,2,1,6,1,3,6,312,1,1
0,1,0,6,1,13,12,2,13,1,1,0,1,0,0,82,0,1
1,1,1,5,1,13,8,1,12,2,1,4,1,0,0,49,0,1
1,1,0,4,1,13,1,1,13,2,1,4,1,0,0,101,0,1
1,1,0,4,2,13,3,2,13,2,1,1,1,3,7,353,0,1
1,2,0,4,1,16,7,1,9,2,1,2,1,4,6,255,1,1
1,1,0,6,1,0,8,2,12,1,1,1,1,0,0,42,0,1
0,1,1,5,2,0,8,1,12,2,1,1,1,4,8,341,1,0
1,1,0,6,1,11,3,1,13,1,1,3,1,0,0,56,0,1
1,1,0,4,1,13,8,2,13,2,1,4,1,3,7,343,0,1
1,1,1,5,1,4,1,1,13,2,1,2,1,3,6,244,0,1
1,1,1,5,1,10,6,2,13,2,1,4,1,3,6,216,0,1
1,2,0,4,1,14,7,2,13,2,1,0,1,3,7,301,0,1
1,1,1,4,1,13,7,1,12,2,1,2,1,0,0,100,0,1
1,2,1,1,1,13,7,1,12,2,1,1,1,0,0,55,0,1
1,1,0,4,1,14,1,1,12,2,1,0,1,0,0,77,0,1
1,1,1,5,1,13,3,1,12,2,1,0,1,3,6,366,0,1
1,1,0,4,1,10,5,2,13,2,1,6,1,3,6,308,0,1
1,1,0,4,1,1,1,2,12,1,1,2,1,3,7,184,0,1
1,2,1,5,1,16,9,2,12,2,1,4,1,3,7,160,0,1
1,1,0,4,1,16,3,1,12,1,1,4,1,0,0,77,0,1
1,1,1,5,1,10,9,2,13,2,1,6,1,0,0,86,0,1
1,1,1,5,1,4,11,2,13,1,1,3,1,3,7,316,1,0
1,1,0,4,1,13,1,1,12,1,1,2,1,3,7,305,0,1
1,1,0,4,1,10,6,2,12,2,1,4,1,3,6,359,0,1
1,1,0,4,1,13,7,1,12,2,2,5,1,3,6,174,0,1
1,1,0,4,2,10,6,2,13,2,1,1,1,0,0,47,1,0
1,1,1,5,1,1,6,2,13,1,1,1,1,0,0,91,0,1
1,1,0,6,1,0,7,1,13,2,1,0,1,0,0,118,0,1
1,1,0,4,1,13,3,2,13,2,1,0,1,3,0,188,0,1
1,1,1,6,1,10,5,2,10,2,1,4,1,3,7,334,0,1
0,1,1,6,1,13,8,1,13,1,1,3,1,3,7,252,0,1
1,2,0,6,1,13,6,1,12,2,1,4,1,3,0,219,0,1
1,1,1,5,1,16,8,2,12,1,1,2,1,3,0,144,0,1
1,1,0,4,1,1,1,1,13,2,2,0,1,3,0,196,0,1
1,1,1,5,2,13,8,1,12,2,1,2,1,0,0,191,1,1
1,1,0,4,1,13,8,2,12,1,1,1,1,0,0,74,0,1
1,1,0,4,1,1,5,2,9,2,1,2,1,0,0,61,0,1
1,1,1,6,1,11,7,2,12,2,1,0,1,0,0,42,0,1
1,2,1,5,2,10,12,2,9,2,1,0,1,0,0,97,0,1
1,2,0,1,1,1,3,1,12,1,1,2,1,3,7,156,0,1
1,1,1,6,1,10,7,2,13,2,1,2,1,4,7,296,0,1
1,1,0,6,1,10,1,1,13,2,1,3,1,3,7,332,0,1
1,1,0,4,1,1,9,1,13,2,1,2,1,3,0,155,0,1
1,1,0,4,1,13,3,1,13,2,1,3,1,3,0,176,0,1
1,1,0,6,1,13,1,2,12,2,1,4,1,3,7,270,0,1
1,1,1,1,1,4,6,1,13,2,1,3,1,0,7,94,0,1
1,1,1,5,1,16,2,2,13,1,1,3,1,3,7,189,0,1
1,1,0,4,1,16,6,2,12,1,1,3,1,0,0,5,0,1
1,1,1,5,1,4,12,2,13,2,1,8,1,3,9,130,0,1
1,1,1,5,1,10,9,2,13,2,1,3,1,3,7,230,0,1
1,1,0,5,1,13,9,1,13,1,1,0,1,0,0,88,0,1
1,2,0,4,2,10,5,2,12,2,1,4,1,4,7,204,1,1
1,1,1,5,1,4,8,2,13,1,1,2,1,0,0,53,0,1
1,1,1,5,1,13,3,1,13,2,1,0,1,3,7,338,0,1
1,1,0,4,1,13,8,1,12,1,1,4,1,0,8,157,0,1
1,1,1,5,1,13,1,1,12,1,1,2,1,0,0,97,0,1
1,1,0,4,1,4,6,2,13,2,2,0,1,3,7,267,0,1
1,2,1,1,1,14,12,1,13,1,1,1,1,0,0,16,0,1
1,1,1,2,1,10,7,2,10,2,1,3,1,4,7,198,0,1
1,1,0,6,1,1,7,2,0,2,1,3,1,3,3,180,0,1
1,1,0,5,1,10,7,1,13,2,2,4,1,0,0,106,0,1
1,1,1,5,1,12,7,1,12,1,1,2,1,3,7,140,0,1
1,1,0,6,1,1,12,1,12,1,2,0,1,0,7,126,0,1
1,1,0,4,1,4,9,1,13,2,1,1,1,0,0,28,0,1
1,1,0,6,1,16,3,1,11,1,1,4,1,0,0,30,1,1
1,1,0,4,1,10,2,2,13,2,1,1,1,3,0,211,0,1
1,1,1,5,1,14,7,2,13,2,1,1,1,3,7,250,0,1
1,1,0,4,1,13,11,1,13,2,1,4,1,3,7,159,0,1
1,1,0,4,1,0,7,2,13,2,1,1,1,0,0,77,0,1
1,1,1,5,2,10,8,1,13,2,1,4,1,3,0,236,1,0
1,2,0,4,1,4,3,2,12,2,1,3,1,3,7,286,0,1
1,1,1,2,1,16,5,2,0,2,2,3,1,0,0,86,1,1
1,1,1,5,2,10,7,2,10,2,1,2,1,0,0,112,0,1
1,1,0,4,1,4,9,1,13,2,1,1,1,0,0,158,0,1
1,2,1,1,1,13,2,2,12,2,1,1,1,3,7,287,0,1
1,1,0,4,1,13,3,1,12,2,1,3,1,0,0,101,0,1
1,1,0,4,1,4,7,1,9,2,1,2,1,3,7,227,0,1
1,1,0,4,1,10,9,2,13,2,1,3,1,3,0,178,0,1
1,1,1,5,1,6,3,1,12,1,1,0,1,3,7,183,0,1
1,2,1,5,1,11,7,1,12,2,1,0,1,0,0,40,0,1
1,1,0,4,1,13,3,1,12,2,1,1,1,0,0,112,0,1
1,2,0,1,2,0,12,1,12,2,1,0,1,0,0,138,0,0
1,1,0,4,1,13,3,2,12,2,1,1,1,0,0,61,0,1
1,1,1,4,1,13,8,2,13,1,1,0,1,0,0,76,0,1
1,1,0,4,1,13,7,2,12,2,1,3,1,3,7,314,1,0
1,1,0,4,1,13,9,2,13,2,1,2,1,3,7,232,0,1
1,1,1,5,1,16,11,1,13,2,1,2,1,3,7,127,0,1
0,1,1,5,2,13,6,2,12,2,1,5,1,4,0,165,0,1
1,1,0,5,1,13,7,1,13,2,1,5,1,0,0,86,0,1
0,1,1,5,1,13,5,1,13,1,1,2,1,0,0,59,0,1
1,1,0,4,1,13,9,1,10,2,1,5,1,0,0,32,0,1
1,1,1,1,1,10,12,1,11,2,1,4,1,3,7,353,1,0
1,2,0,4,1,1,7,1,8,2,1,5,1,3,7,323,0,1
1,1,0,6,1,1,2,1,12,2,1,4,1,3,7,300,0,1
1,1,0,2,1,10,3,1,13,2,1,4,1,0,0,129,0,1
1,1,1,5,1,13,5,2,13,2,1,6,1,0,0,93,0,1
1,1,0,4,1,1,3,1,12,2,1,0,1,3,7,289,0,1
1,1,0,4,1,13,1,1,12,2,1,0,1,0,0,101,0,1
1,1,1,5,1,13,2,1,13,1,1,4,1,3,7,154,0,1
1,1,1,5,2,13,3,1,12,2,1,1,1,4,8,223,0,1
0,1,0,6,1,14,7,1,12,2,1,2,1,0,0,146,0,1
1,1,1,5,1,10,11,2,13,2,1,3,1,3,7,343,0,1
1,2,0,6,1,10,12,2,12,2,1,4,1,3,0,156,0,1
1,1,0,6,1,1,7,1,9,2,1,1,1,3,7,318,1,1
1,1,1,5,2,13,6,2,13,2,1,5,1,3,6,316,0,1
1,2,0,4,1,10,9,2,12,2,1,4,1,3,7,217,0,1
1,1,0,4,1,13,3,1,13,1,1,3,1,0,0,13,0,1
1,1,0,4,1,10,6,1,13,2,1,1,1,3,7,369,0,1
1,2,1,5,1,10,7,2,13,2,1,4,1,3,7,344,0,1
1,1,0,4,1,1,3,1,13,2,1,2,1,0,0,68,0,1
1,1,1,5,1,11,2,2,13,2,1,1,1,3,0,187,0,1
1,1,0,4,1,13,3,1,13,2,1,2,1,0,0,103,0,1
1,1,0,4,1,4,2,1,13,2,1,2,1,3,7,278,0,1
1,1,1,5,1,10,2,2,13,2,1,2,1,3,7,128,0,1
1,1,0,6,1,4,6,2,12,1,1,3,1,0,0,141,0,1
1,1,0,4,2,10,5,1,13,2,1,1,1,0,0,78,0,1
1,1,0,4,1,1,3,2,12,2,1,5,1,3,6,222,0,1
1,1,0,4,1,1,11,2,12,2,1,4,1,3,7,247,0,1
1,1,0,4,1,1,3,1,9,1,1,2,1,0,0,44,1,1
1,2,0,4,1,16,3,1,9,2,1,4,1,4,7,197,1,1
1,1,1,4,1,13,9,2,12,2,1,5,1,0,0,111,0,1
0,1,0,4,1,13,3,1,12,1,1,4,1,0,0,73,0,1
1,1,0,5,1,4,7,2,13,2,1,3,1,3,6,273,0,1
1,1,0,4,1,4,7,1,12,2,1,1,1,3,6,204,0,1
1,1,1,2,1,4,3,1,12,1,1,4,1,0,0,114,0,1
1,2,0,4,1,14,7,1,13,2,1,2,1,0,0,106,0,1
1,1,0,4,1,13,8,1,8,2,1,2,1,3,7,286,0,1
1,1,1,5,1,13,1,1,13,2,1,1,1,3,6,278,0,1
1,1,0,1,1,13,1,1,12,2,1,1,1,0,0,74,0,1
1,1,0,4,1,13,3,2,12,2,1,0,1,3,7,257,0,1
1,1,1,5,1,12,7,2,12,2,1,1,1,3,7,212,0,1
1,1,1,5,1,4,10,1,13,2,1,3,1,0,0,172,0,1
1,1,1,5,1,16,6,1,13,2,1,4,1,3,7,222,0,1
1,1,1,5,1,10,5,2,13,2,1,2,1,3,0,180,0,1
1,1,1,5,1,13,8,2,13,2,1,5,1,0,0,69,0,1
0,1,0,6,1,1,9,2,0,2,1,2,1,0,0,81,1,0
1,2,1,5,1,10,2,2,0,2,1,8,1,3,7,224,0,1
1,1,1,5,1,11,11,2,13,2,1,1,1,0,0,23,0,1
1,1,0,5,1,13,3,1,12,1,1,4,1,0,0,132,0,1
0,1,1,6,1,14,8,2,12,2,1,3,1,3,7,246,0,1
1,2,1,5,1,13,6,1,12,2,1,4,1,0,0,132,0,1
1,1,1,5,1,10,6,1,13,2,1,3,1,3,6,283,0,1
0,1,0,6,1,1,9,1,12,1,1,4,1,0,0,19,0,1
1,1,1,5,1,16,4,2,12,2,1,2,1,0,0,58,0,0
1,1,0,5,1,12,7,1,13,2,2,2,1,0,0,72,0,1
1,1,0,6,1,14,12,1,13,2,1,1,1,0,0,124,0,1
1,1,1,5,1,13,8,2,9,2,1,2,1,0,7,159,0,1
1,2,1,5,1,13,2,1,12,2,1,4,1,3,7,180,0,1
1,1,1,5,1,10,12,2,13,2,1,2,1,3,7,209,0,1
1,1,1,5,2,13,3,2,13,2,2,0,1,3,6,309,0,1
1,1,1,5,1,13,3,2,12,2,1,2,1,3,6,335,0,1
1,2,1,4,1,13,3,1,12,2,1,0,1,0,0,133,0,1
1,1,0,5,1,4,7,1,13,2,1,3,1,0,0,82,0,1
1,2,1,5,1,13,6,2,13,2,1,6,1,0,0,49,0,1
1,1,0,4,1,13,3,2,12,2,1,1,1,0,0,88,0,1
1,1,1,5,1,11,7,1,13,2,1,2,1,3,7,214,0,1
1,1,1,5,1,10,6,1,13,2,1,5,1,0,0,17,0,1
1,1,1,1,1,13,8,1,10,2,1,1,1,0,0,99,0,1
1,1,0,4,1,13,3,1,13,1,1,3,1,0,0,45,0,1
1,1,0,5,1,4,8,2,13,2,2,4,1,0,0,86,0,1
1,1,0,4,1,10,8,1,12,2,1,4,1,0,0,170,0,1
1,1,1,5,1,13,7,1,13,2,1,0,1,3,7,361,0,1
1,1,0,4,1,1,1,1,13,1,1,2,1,3,0,212,0,1
1,1,1,5,2,13,7,1,13,2,1,4,1,3,6,248,0,1
1,1,0,4,1,13,8,2,13,2,1,3,1,3,7,275,0,1
1,1,1,5,2,13,6,1,13,2,1,1,1,3,6,242,0,1
1,1,0,6,1,6,8,2,13,2,1,1,1,3,7,269,0,1
0,1,1,5,2,10,7,1,13,2,1,2,1,4,6,206,1,0
1,2,0,4,1,13,3,1,12,2,1,4,1,4,6,313,0,1
1,1,1,5,1,16,10,2,6,2,1,1,1,3,7,252,0,0
0,1,0,4,1,1,5,2,14,2,2,2,1,3,7,270,0,1
1,1,1,5,1,10,2,1,13,2,1,2,1,0,0,18,0,1
1,1,0,4,1,13,5,1,4,2,2,4,1,0,0,55,0,1
1,1,0,6,1,13,9,2,13,2,1,1,1,0,0,14,0,1
1,1,0,4,1,7,5,1,13,2,1,0,1,3,0,200,0,1
1,1,1,5,1,16,8,2,4,2,2,1,1,3,7,234,0,1
1,1,1,4,1,0,11,1,13,2,1,4,1,3,7,283,1,0
0,1,1,5,1,16,4,1,4,2,1,1,1,0,7,131,0,1
1,1,0,4,1,1,2,1,14,2,1,2,0,0,7,129,0,1
1,1,1,5,1,16,5,1,14,2,1,3,1,0,0,101,0,1
1,1,0,6,1,13,5,2,6,1,1,2,1,0,0,67,0,1
0,1,0,4,1,7,5,2,4,2,1,5,1,3,7,374,0,1
1,1,0,4,1,5,5,1,8,2,1,2,1,3,7,334,0,1
1,1,0,4,1,13,2,2,13,2,1,4,1,3,7,227,0,1
1,2,0,4,1,13,1,1,12,2,1,3,1,0,0,11,0,0
1,1,0,4,1,5,6,1,13,2,3,1,1,3,7,363,0,1
1,1,1,4,1,16,6,1,4,2,1,2,1,3,7,318,0,1
1,1,0,4,1,13,2,2,12,2,1,4,1,0,0,146,0,1
1,1,1,5,1,16,11,1,13,1,1,2,1,0,0,51,0,1
1,1,0,4,1,2,4,2,12,2,1,0,1,0,0,70,0,1
1,1,0,4,1,13,5,1,13,2,1,2,1,0,0,136,0,1
1,1,0,4,1,0,4,2,4,2,1,1,1,0,0,69,0,0
1,1,0,4,1,13,9,1,12,2,1,1,1,3,7,317,0,1
1,1,0,4,1,16,5,2,12,2,3,3,1,3,7,262,0,1
1,1,0,4,1,0,11,2,13,2,1,1,1,3,7,210,0,1
1,1,0,4,1,4,4,2,13,2,1,2,1,0,7,122,0,1
1,1,0,4,1,13,7,2,14,2,1,4,1,0,6,230,0,1
1,1,1,5,1,16,12,1,12,1,1,2,1,0,0,46,0,1
1,1,0,4,1,10,9,2,13,2,1,4,1,3,7,217,0,1
1,1,0,4,1,13,12,2,14,2,2,2,1,0,0,78,0,1
1,1,0,4,1,13,5,1,13,2,3,2,1,0,7,248,0,1
1,1,0,4,1,13,4,2,14,2,1,5,1,0,0,96,0,0
1,1,0,4,1,13,5,2,13,2,1,1,1,0,7,193,0,1
1,1,1,5,1,0,6,1,12,2,1,3,1,0,0,76,0,1
1,1,0,4,1,16,9,2,13,2,1,2,1,3,7,305,0,1
1,1,0,4,1,1,10,2,14,1,1,1,1,0,0,85,0,1
1,1,0,4,1,5,5,1,12,2,1,3,1,3,7,363,0,1
1,1,0,4,1,4,2,2,7,2,1,4,1,0,7,158,0,1
1,1,0,4,1,10,1,2,12,2,1,3,1,0,0,158,0,1
1,1,1,5,1,5,2,1,12,1,1,3,1,3,7,289,0,1
1,1,1,4,1,20,12,1,12,2,1,7,1,0,0,117,0,0
1,1,0,4,1,13,4,2,4,2,1,2,1,0,0,70,0,1
1,1,0,4,1,20,11,2,4,2,2,0,1,3,7,287,0,1
1,2,0,4,1,10,12,2,4,2,1,1,1,0,0,24,0,1
1,1,1,5,1,16,2,1,12,2,1,7,1,0,7,182,0,0
1,1,1,5,1,13,3,1,12,2,1,0,1,0,0,4,0,1
1,1,0,5,1,0,7,1,14,2,1,2,1,0,0,113,0,0
1,1,0,4,1,20,10,1,13,2,1,0,1,0,0,160,0,1
1,1,0,4,1,13,2,1,13,2,1,4,1,3,7,193,0,1
1,1,1,5,1,20,2,1,13,2,1,4,1,3,7,247,0,1
1,1,0,4,1,1,2,2,7,1,1,1,1,0,0,19,0,1
1,1,0,4,1,4,9,1,7,2,1,3,1,0,0,104,0,1
1,1,0,4,1,1,1,2,4,2,1,2,1,0,0,39,0,1
1,1,1,5,1,10,10,2,13,2,1,4,1,0,0,127,0,1
1,1,0,4,1,16,4,1,4,2,1,1,1,3,7,215,0,1
1,1,0,4,1,1,2,1,13,2,1,0,0,0,0,21,0,1
1,1,1,5,1,16,5,1,14,1,1,3,1,0,0,73,0,1
1,1,1,5,1,20,10,2,13,2,1,5,1,0,0,75,0,1
1,1,1,4,1,16,2,2,12,2,1,5,1,3,7,248,0,1
1,1,1,5,1,0,1,1,12,2,1,1,0,3,7,250,2,0
1,1,0,4,1,13,5,1,13,1,2,3,1,0,0,27,0,1
1,1,0,4,1,13,9,1,12,1,2,1,1,0,0,52,0,1
0,1,1,5,1,0,8,1,4,2,2,1,0,1,7,271,1,0
1,1,0,6,1,0,4,1,7,2,1,1,0,3,7,346,1,0
1,1,0,4,1,16,2,1,13,2,1,0,1,3,7,296,0,1
1,1,1,5,1,13,2,1,12,2,4,4,1,3,7,294,0,1
1,1,0,4,1,3,7,2,13,2,1,2,1,0,0,58,0,1
1,1,1,5,1,20,9,2,12,2,1,4,1,0,7,173,0,1
1,1,1,4,1,5,11,1,13,2,1,1,1,3,7,352,0,1
1,2,0,4,1,13,2,1,13,2,1,3,1,0,0,106,0,1
1,1,1,4,1,11,9,1,12,2,1,2,1,0,7,61,0,1
1,1,1,5,1,16,5,2,14,2,1,1,1,3,7,295,0,0
1,1,1,4,1,20,10,2,13,2,1,3,1,3,7,188,0,1
1,1,1,5,1,13,5,2,12,2,2,0,1,3,7,218,0,1
1,1,0,4,1,16,5,1,13,2,1,4,1,0,7,166,0,1
1,1,0,4,1,5,11,1,13,2,1,2,1,3,7,214,0,1
1,1,1,4,1,11,4,2,12,2,1,2,1,0,0,18,0,1
1,1,0,4,1,5,4,2,12,2,1,3,1,3,7,343,0,1
0,1,1,5,1,2,9,1,4,2,1,1,1,3,7,351,0,1
1,1,0,5,1,5,6,1,13,2,3,2,1,3,7,367,0,0
1,1,0,4,1,1,1,1,13,1,2,2,1,0,0,42,0,1
1,2,1,4,1,11,2,1,4,2,1,1,1,3,7,206,0,1
1,1,1,5,1,0,2,2,7,2,2,4,1,3,7,217,0,0
1,1,0,4,1,5,5,2,13,2,1,4,1,3,7,332,0,1
1,1,1,5,1,16,8,2,12,2,1,6,1,0,0,33,0,0
1,1,0,4,1,20,11,2,4,2,2,3,1,3,7,256,0,0
1,1,0,4,1,13,2,1,12,2,2,3,1,0,0,128,0,1
1,2,1,5,1,0,1,1,12,2,1,1,1,0,7,142,0,1
1,1,0,4,1,20,5,2,14,1,1,4,1,0,0,28,0,1
1,1,0,4,1,7,1,1,12,2,1,2,1,0,0,96,0,1
1,1,0,4,1,13,4,1,12,2,1,2,0,0,0,137,0,1
1,1,1,5,1,16,5,2,13,1,2,0,1,0,0,39,0,1
1,1,1,5,1,10,11,1,13,2,2,4,1,3,0,255,0,1
1,1,1,5,1,20,2,2,4,2,1,2,1,3,7,298,0,1
1,1,1,5,1,16,1,1,13,1,1,2,1,0,0,95,0,1
1,1,1,5,1,13,5,1,13,1,1,1,1,0,7,156,0,1
1,1,0,4,1,7,2,1,13,2,2,3,1,3,7,352,0,1
1,1,1,5,1,10,4,2,5,2,2,2,1,0,0,82,0,1
0,1,1,5,1,7,10,1,12,2,1,2,1,3,7,364,0,1
1,1,0,4,1,0,7,1,14,2,2,2,0,3,7,377,2,0
1,1,0,4,1,16,2,2,13,1,1,2,1,0,0,108,0,1
1,1,1,5,1,13,5,2,12,1,1,3,1,0,0,28,0,1
1,1,0,4,1,16,5,2,12,2,1,1,1,0,0,111,0,1
1,1,1,4,1,16,5,2,14,2,1,5,1,3,7,234,0,1
1,2,0,4,1,21,6,1,12,2,2,1,1,3,7,288,0,1
1,1,1,5,1,10,11,1,13,2,2,3,1,3,7,236,2,1
1,2,0,4,1,1,4,1,12,2,1,0,1,3,7,251,0,1
1,1,0,4,1,16,5,1,14,1,2,7,1,3,6,222,0,1
1,1,1,5,1,16,2,2,12,2,1,4,1,0,0,89,0,1
1,1,0,4,1,13,1,1,12,2,1,0,1,3,7,239,0,1
1,2,1,4,1,16,1,1,13,2,1,3,1,0,0,115,0,1
1,1,0,4,1,16,9,1,14,1,1,4,1,3,7,256,0,1
1,1,0,4,1,20,2,2,12,2,1,3,1,0,0,137,0,1
1,1,0,4,1,5,2,2,13,2,1,3,1,3,7,253,0,1
1,1,1,5,1,0,4,1,12,2,2,1,1,0,0,97,0,1
1,1,0,6,1,2,9,2,11,2,2,0,0,3,7,283,0,1
1,1,1,5,1,13,2,1,12,1,1,2,1,3,7,314,0,1
1,1,0,4,1,10,12,2,13,2,1,4,1,0,0,79,0,1
1,1,1,4,1,16,2,1,2,1,1,2,1,3,7,318,0,1
1,2,0,4,1,1,2,2,12,2,1,6,1,0,0,64,0,1
1,1,0,4,1,11,1,1,8,1,1,2,1,3,0,211,0,1
0,2,1,5,1,7,8,2,5,2,1,3,1,0,0,148,0,1
1,1,0,4,1,13,9,2,13,2,1,3,1,0,0,198,0,1
1,1,0,4,1,0,4,2,14,2,2,2,1,3,7,305,0,1
1,1,0,4,1,16,11,1,13,2,1,1,1,0,0,184,0,1
1,1,0,4,1,2,2,2,4,2,1,2,1,0,0,149,0,1
1,1,0,4,1,8,12,1,12,2,1,1,1,0,0,77,0,1
1,2,0,4,1,1,6,1,12,2,1,3,1,3,0,154,0,1
1,1,1,5,1,16,6,2,13,2,1,2,1,0,0,190,0,1
1,1,0,4,1,7,8,2,9,2,1,4,1,0,0,88,0,1
1,1,0,4,1,13,2,1,13,2,1,2,1,0,7,127,0,1
1,1,1,5,1,13,11,2,13,2,1,2,1,3,7,302,0,1
1,1,0,4,1,3,2,1,13,2,1,2,1,3,7,248,0,1
1,1,1,4,1,0,11,1,13,2,1,2,1,3,7,304,0,0
1,1,0,4,1,10,2,2,4,2,2,3,1,0,7,235,0,0
1,1,1,4,1,5,6,1,13,2,1,3,1,3,7,286,0,1
1,1,0,4,1,13,4,2,1,2,1,3,1,0,0,72,0,1
1,1,1,4,1,13,4,2,4,2,1,0,1,0,0,111,0,1
1,1,1,5,1,11,11,2,13,2,1,2,1,3,7,362,0,1
1,1,0,4,1,16,5,2,12,2,2,3,1,3,7,197,0,1
1,1,1,5,1,16,2,2,13,2,2,3,1,3,7,336,0,1
1,1,1,5,1,5,2,2,13,2,1,2,1,3,7,296,0,1
1,1,0,4,1,4,10,1,13,2,1,4,1,0,0,120,0,1
1,1,1,5,1,13,5,2,4,1,1,1,1,3,7,177,0,1
1,1,1,4,1,13,10,2,7,2,2,1,1,0,0,139,0,1
1,1,0,4,1,13,9,2,12,2,1,4,1,3,7,337,0,1
1,1,1,7,1,13,4,2,13,2,1,1,1,0,0,128,0,1
1,1,0,4,1,2,9,2,4,2,1,5,1,0,7,202,0,1
1,1,0,4,1,20,10,1,13,2,1,3,1,3,7,351,0,1
1,1,0,4,1,16,6,2,13,2,1,0,1,0,0,128,0,1
1,1,0,4,1,0,6,1,12,2,1,1,1,0,0,12,0,1
1,2,1,4,1,13,7,1,8,1,1,1,1,3,7,261,0,1
1,1,0,4,1,11,1,1,4,2,1,1,1,0,0,146,0,1
1,1,0,6,1,16,5,2,14,2,2,5,1,0,7,206,0,1
1,1,0,4,1,4,2,2,13,1,1,4,1,0,0,32,0,1
1,1,1,5,1,13,1,1,13,2,1,2,1,3,7,337,0,1
0,1,1,5,1,20,2,1,14,2,1,4,1,0,7,245,2,1
1,1,0,4,1,16,1,1,12,2,1,1,1,0,0,67,0,1
1,1,0,4,1,4,9,1,13,2,1,4,1,3,2,273,0,1
1,1,0,4,1,20,5,1,13,2,1,1,1,0,0,50,0,1
1,1,0,4,1,13,4,2,4,2,1,1,1,0,0,86,0,1
1,2,1,5,1,5,2,1,13,2,1,2,1,3,7,273,0,1
1,1,1,5,1,16,5,1,14,2,1,2,1,3,7,359,0,1
1,2,0,4,1,11,11,2,13,2,1,3,1,0,0,81,0,1
1,1,1,6,1,0,9,1,12,2,1,1,1,0,0,50,0,0
1,1,0,4,1,5,11,2,13,2,1,3,1,3,7,217,0,1
1,1,1,7,1,16,5,2,12,2,1,0,1,0,0,118,0,1
1,1,0,4,1,16,4,2,12,2,1,0,1,0,0,168,0,1
1,1,0,5,1,20,11,2,13,2,1,3,1,0,0,140,0,1
1,2,1,5,1,16,12,2,14,2,1,3,1,0,0,122,0,1
1,1,1,5,1,13,8,1,12,2,1,2,1,0,7,169,0,1
1,1,1,5,1,16,10,1,13,2,1,7,1,3,7,268,0,0
1,1,0,4,1,13,4,2,12,2,1,0,1,0,0,133,0,1
1,2,0,4,1,13,9,1,12,2,1,2,1,0,0,37,0,1
1,1,0,4,1,0,4,1,13,2,1,1,0,0,0,0,0,0
1,1,0,4,1,7,4,2,4,2,1,0,0,0,0,67,1,0
1,1,0,4,1,11,6,2,12,2,3,2,1,3,7,250,0,1
1,1,0,4,1,13,9,2,12,2,1,3,1,3,3,296,0,1
1,1,0,4,1,20,2,2,12,2,1,2,1,3,7,261,0,1
1,1,0,4,1,13,1,1,13,2,1,0,1,0,0,62,0,1
0,1,1,5,1,16,2,2,4,1,1,2,1,3,7,185,0,1
0,1,0,4,1,20,9,2,13,2,1,2,1,0,0,166,0,1
1,1,0,4,1,4,12,2,13,2,2,5,1,0,0,78,0,1
1,1,0,4,1,20,2,1,12,2,1,4,1,3,7,352,0,1
1,2,0,4,1,16,6,2,12,2,1,1,1,3,7,264,0,1
1,1,1,5,1,16,2,2,13,2,4,4,1,3,0,201,0,1
1,1,0,4,1,16,4,2,4,2,1,2,1,3,7,260,0,1
1,1,1,5,1,16,5,1,13,2,1,7,1,3,7,250,0,1
1,1,0,4,1,13,1,1,13,2,1,2,1,0,0,55,0,1
1,1,0,4,1,0,4,2,4,2,1,1,1,0,7,167,0,1
1,2,0,4,1,7,5,1,12,2,1,1,1,0,0,91,0,1
1,1,0,4,1,20,5,1,12,2,2,6,1,3,7,363,0,1
1,2,1,5,1,16,11,2,13,2,1,4,1,3,7,226,0,1
1,1,0,4,1,3,5,1,12,2,2,1,1,3,7,265,0,1
1,1,1,5,1,13,10,1,13,1,1,2,1,0,0,50,0,1
1,1,1,5,1,13,11,1,12,2,1,4,1,0,7,202,0,1
1,1,1,4,1,11,11,1,13,2,1,1,1,0,0,159,0,1
1,1,0,4,1,16,9,2,14,2,1,7,1,3,7,324,0,1
1,1,1,5,1,16,11,2,13,2,1,5,1,3,7,189,0,1
1,1,0,4,1,5,11,1,12,2,1,3,1,3,7,270,0,1
1,1,1,4,1,16,5,2,12,2,1,3,1,0,7,210,0,1
1,2,0,4,1,13,9,1,12,2,1,2,1,3,7,190,0,1
1,1,1,5,1,13,9,2,12,2,1,2,1,0,0,17,0,1
1,1,0,4,1,16,11,2,12,2,1,3,1,3,7,191,0,1
1,1,1,4,1,11,7,1,10,2,1,1,1,3,7,289,0,1
1,1,0,4,1,10,3,2,12,2,2,2,1,3,0,175,0,1
1,1,0,4,1,10,5,1,13,2,1,1,1,3,0,232,0,1
1,2,1,4,1,14,12,1,12,2,1,3,1,0,0,43,0,1
1,1,1,4,1,11,9,1,12,2,1,0,1,3,7,194,0,1
1,2,0,4,1,4,8,1,13,2,1,3,1,0,0,93,0,1
0,1,1,5,1,12,10,2,13,2,1,2,1,3,7,313,0,0
1,1,1,5,1,4,11,2,13,2,1,1,1,3,7,173,0,1
1,1,0,4,1,10,9,2,9,2,1,3,1,0,0,100,0,1
1,1,1,5,1,11,3,1,12,2,1,0,1,0,0,7,0,1
0,1,0,4,1,13,9,1,13,1,1,1,1,0,0,77,1,0
1,1,0,4,1,12,10,1,13,2,1,1,1,3,7,361,0,0
1,1,0,4,1,4,6,2,13,1,1,5,1,3,7,205,0,1
1,1,0,4,1,16,6,2,13,2,1,5,1,0,0,60,0,1
1,1,0,4,1,4,5,1,13,2,1,3,1,3,7,227,0,1
1,1,0,4,1,12,5,2,13,2,1,2,1,3,7,194,0,1
1,1,0,4,1,13,8,1,12,2,1,0,1,0,0,44,0,1
1,1,1,5,1,9,8,2,13,2,1,4,1,3,7,251,0,1
1,1,0,4,1,10,9,2,0,2,1,7,1,3,6,274,0,1
1,1,0,4,1,10,5,2,13,2,1,2,1,0,0,154,0,1
1,1,0,4,1,13,7,1,12,2,1,0,1,0,0,103,0,1
1,1,0,5,1,13,7,1,13,1,1,3,1,3,0,103,0,1
1,1,0,4,1,11,4,2,13,2,2,1,1,0,0,105,0,1
0,1,0,4,1,14,9,2,13,2,1,0,1,0,0,120,0,1
1,1,1,5,1,13,8,2,9,2,1,1,1,3,7,239,0,1
1,1,0,4,1,13,8,2,3,2,1,1,1,3,7,376,0,1
1,1,0,4,1,13,8,2,12,2,1,2,0,3,7,359,0,1
1,1,0,4,1,13,3,2,12,2,1,6,1,0,0,1,0,1
0,1,1,5,1,12,12,2,12,2,1,3,1,3,7,170,0,0
1,1,0,4,1,4,8,2,13,2,1,4,1,3,7,216,0,1
1,2,1,4,1,10,8,2,12,2,1,5,1,4,0,185,0,1
0,1,0,4,1,13,3,1,13,1,1,4,1,3,9,290,0,1
1,2,0,4,1,14,4,1,13,1,1,1,1,0,0,121,0,1
1,1,1,4,1,10,11,2,13,2,1,0,1,0,0,82,0,1
1,1,1,5,1,16,8,2,10,2,1,1,1,3,7,172,0,1
1,1,0,4,1,4,9,2,12,2,1,0,1,3,7,350,0,1
1,1,0,4,1,11,7,2,13,2,1,3,1,3,0,252,0,1
1,1,0,6,1,13,1,1,13,1,1,5,1,3,9,185,0,1
1,1,0,4,1,11,8,1,13,2,1,3,1,3,7,197,0,1
0,1,1,5,1,7,12,1,12,2,1,5,1,0,0,201,0,1
1,1,0,4,1,10,1,1,13,2,1,4,1,3,7,306,0,1
1,2,0,4,1,11,3,1,10,2,1,0,1,3,0,271,0,1
0,1,1,5,1,16,5,1,13,1,1,1,1,0,0,10,0,1
1,2,1,5,1,12,8,1,12,2,1,5,0,3,7,322,0,0
1,1,1,5,1,4,9,1,12,2,2,0,1,3,6,217,0,1
1,1,0,4,1,13,8,1,13,2,1,2,1,0,0,154,0,1
1,1,1,5,1,11,7,1,13,2,1,4,1,3,7,203,0,1
1,1,1,4,1,4,7,1,12,2,1,0,1,0,0,149,0,1
1,1,0,4,1,4,3,2,12,2,1,5,1,0,0,75,0,1
1,1,1,5,1,20,9,2,12,2,1,4,1,3,7,236,0,1
0,1,0,6,1,12,3,1,0,1,1,4,1,3,7,361,0,1
0,1,1,5,1,10,9,1,0,2,2,2,1,0,0,137,0,1
1,1,1,5,1,16,8,1,13,2,1,3,1,3,7,271,0,1
1,1,0,4,1,13,3,1,12,2,1,0,1,0,0,131,0,1
1,2,1,5,1,12,7,2,13,1,1,3,1,0,7,101,0,1
1,1,0,4,1,9,5,1,12,1,1,1,1,3,7,333,0,1
1,2,1,4,1,10,11,1,13,2,1,1,1,0,0,53,0,1
1,1,1,4,2,13,8,1,12,2,1,5,1,3,0,185,0,1
1,1,0,4,1,4,7,1,13,2,1,0,1,3,7,264,0,1
1,1,0,4,1,12,8,2,12,2,1,3,1,3,7,351,0,1
1,2,0,4,1,10,5,2,9,2,1,3,1,3,7,273,0,1
1,1,0,5,1,11,5,2,13,1,1,2,1,0,0,8,0,1
1,2,0,5,1,14,1,1,12,2,1,1,1,0,0,100,0,1
1,1,1,4,1,11,3,1,12,2,1,0,1,3,7,208,0,1
1,1,1,5,1,13,7,2,13,2,1,3,1,0,0,25,0,1
1,2,1,5,1,11,7,2,9,2,1,2,1,0,0,14,0,1
1,1,1,4,1,13,1,1,13,2,1,1,1,0,0,70,0,1
1,1,0,4,1,13,3,1,12,2,1,3,1,3,7,302,0,1
0,2,0,6,1,12,3,2,12,1,1,5,1,3,0,164,0,1
1,1,0,6,1,16,5,2,12,2,1,2,1,0,0,128,1,0
1,1,1,5,1,11,4,1,12,2,1,3,1,0,0,86,0,1
1,1,0,4,1,13,7,1,12,1,1,3,1,3,11,153,1,0
1,1,1,5,1,13,6,2,13,1,1,3,1,3,0,134,0,1
1,1,0,4,1,11,3,1,13,1,1,3,1,3,7,225,0,1
1,1,1,5,1,11,7,2,13,2,1,1,1,3,7,293,0,0
1,2,1,5,1,13,7,1,13,1,1,2,1,3,0,109,0,1
1,1,1,5,1,11,6,2,13,2,1,5,1,3,7,245,0,1
1,1,1,4,1,12,8,1,10,2,1,0,1,3,7,276,0,0
1,1,0,4,1,10,5,2,13,2,1,3,1,3,0,152,0,1
1,1,0,4,1,11,12,2,9,2,1,5,1,0,0,59,0,1
0,1,0,4,1,4,8,2,12,2,2,2,1,3,7,281,0,1
1,1,1,5,1,12,7,1,13,1,1,4,1,3,0,121,0,1
1,1,1,4,1,11,10,2,13,2,1,0,1,4,0,211,0,1
1,1,0,4,1,13,8,1,12,2,1,2,1,3,7,214,0,1
1,1,0,4,1,10,1,1,13,2,1,2,1,3,0,239,0,1
1,1,0,6,1,13,7,2,13,2,1,3,1,0,0,121,0,1
1,2,0,4,1,9,1,1,13,1,1,2,1,0,0,51,0,1
1,1,1,5,1,13,9,2,13,2,1,0,1,3,7,110,0,1
1,1,0,4,1,4,7,1,13,1,1,5,1,3,9,208,0,1
1,1,0,4,1,4,9,2,13,2,1,2,1,3,7,299,0,1
1,1,1,5,1,13,9,1,13,2,1,3,1,3,7,376,0,1
1,1,0,4,1,13,2,1,13,2,1,5,1,0,0,131,0,1
1,1,0,4,1,10,5,2,13,2,1,5,1,3,7,210,0,1
1,1,0,4,1,12,8,2,12,1,1,1,1,3,7,292,0,1
1,1,0,4,1,4,7,1,13,1,1,3,1,3,7,260,0,1
1,1,0,4,1,13,3,1,12,2,1,1,1,0,0,110,0,1
0,1,0,4,1,13,9,1,13,1,1,2,1,3,0,146,0,1
1,1,0,4,1,4,9,1,12,2,1,3,1,3,7,201,0,1
1,2,1,5,1,13,9,1,12,2,1,1,1,0,0,112,0,1
0,1,1,5,1,14,10,1,13,2,1,5,1,3,7,347,0,0
1,1,1,5,1,10,2,2,13,2,1,2,1,3,7,216,0,1
1,1,0,4,1,16,7,2,13,2,1,3,1,0,0,111,0,1
1,1,1,5,1,11,10,2,13,1,1,0,1,3,0,168,0,1
0,1,0,4,1,16,5,1,13,2,1,3,1,3,7,219,1,0
1,1,0,4,1,13,8,2,13,2,1,5,1,3,7,368,0,1
1,1,1,4,1,13,4,2,12,2,1,5,1,3,7,196,0,0
1,2,0,4,1,10,3,2,12,2,2,2,1,3,0,205,0,1
1,1,0,4,1,11,3,1,13,2,1,3,1,3,7,361,0,1
1,2,1,4,1,12,10,2,12,2,1,1,1,3,7,287,0,1
0,1,1,1,1,16,9,2,10,2,1,1,1,0,0,80,0,1
1,1,0,4,1,16,3,1,12,2,1,4,1,3,6,230,0,1
0,1,0,4,1,13,9,1,13,2,1,3,1,3,0,202,0,1
1,1,0,4,1,12,6,2,13,2,1,3,1,3,0,181,0,1
1,1,0,4,1,10,9,2,12,2,1,3,1,0,0,199,0,1
1,1,1,5,1,4,8,2,11,2,1,5,1,0,0,108,0,0
1,1,1,4,1,10,9,2,12,2,1,3,1,0,0,137,0,1
1,1,0,4,1,10,3,2,13,2,1,3,1,0,0,181,0,1
1,1,1,6,1,11,3,1,12,2,1,2,1,3,0,156,0,1
1,1,0,4,1,4,12,1,13,2,1,3,1,3,0,162,0,1
1,1,0,6,1,10,9,1,0,2,2,4,1,0,0,160,0,1
1,1,0,4,1,13,9,2,12,2,1,1,1,3,7,233,0,1
1,1,0,4,1,4,5,1,13,2,1,3,1,0,0,102,0,1
1,1,1,5,1,12,10,2,12,2,2,1,1,3,7,275,0,1
1,1,0,4,1,4,12,2,3,2,1,3,1,0,0,140,0,1
0,1,1,5,1,13,8,2,12,2,1,4,1,3,7,333,0,1
1,2,0,4,1,10,7,2,10,2,1,4,1,3,7,372,0,1
1,1,0,4,1,10,9,2,9,2,1,2,1,0,0,115,0,1
1,1,0,4,1,13,7,2,13,2,1,2,1,3,7,376,0,1
0,1,0,4,1,10,5,2,12,2,1,2,1,0,0,137,0,1
0,2,0,4,1,10,12,2,13,2,1,4,1,3,7,317,0,1
1,1,1,5,1,12,7,2,0,2,2,1,1,3,7,186,0,1
1,1,1,5,1,16,8,2,12,1,1,2,1,3,0,134,0,1
1,2,1,5,1,12,7,1,12,2,1,3,1,3,7,304,0,0
1,1,1,4,1,14,4,1,12,2,1,2,0,0,0,130,1,0
1,1,0,5,1,16,3,1,10,2,1,6,1,0,0,28,0,1
1,1,0,4,1,13,5,2,13,1,1,3,1,3,0,154,0,1
1,1,0,6,1,12,12,1,13,1,1,3,1,3,0,129,0,0
1,1,1,5,1,16,12,2,10,2,2,4,1,0,0,134,0,1
1,1,0,4,1,4,12,2,12,2,1,4,1,3,7,276,0,1
1,2,1,4,1,13,3,2,12,2,1,1,1,3,7,323,0,1
1,2,1,4,1,13,7,2,7,2,1,1,1,3,0,149,0,1
0,1,1,4,1,13,12,2,12,2,1,4,1,3,7,331,0,1
1,1,0,4,1,9,2,1,13,2,1,3,1,3,0,192,0,1
1,1,1,1,1,12,6,1,13,2,1,4,0,3,7,340,0,0
1,1,1,6,1,16,1,1,13,1,1,1,1,0,0,42,0,1
1,1,0,6,1,11,7,2,13,1,1,2,1,0,0,51,0,1
1,1,0,5,1,11,9,2,13,1,1,1,1,0,0,130,0,1
1,1,0,4,1,11,3,1,13,2,1,1,1,3,7,355,0,1
1,2,0,4,1,12,7,2,11,1,2,4,1,0,0,76,0,1
1,1,1,3,1,10,12,2,10,2,2,2,1,3,7,312,0,1
1,1,0,4,1,12,9,2,12,2,1,2,1,3,7,341,0,1
1,2,0,4,1,13,4,2,13,2,1,0,1,3,7,309,0,1
1,1,0,4,1,4,8,1,12,1,1,2,1,3,7,253,0,1
1,2,0,4,1,11,12,1,12,2,1,1,1,0,0,61,0,1
1,1,1,5,1,16,9,1,11,1,1,3,1,0,0,71,0,1
1,1,0,4,1,10,9,2,3,1,1,1,1,3,7,250,0,1
1,2,1,5,1,12,4,2,12,2,1,3,1,0,7,175,0,1
1,1,0,4,1,13,8,2,13,2,1,2,1,3,7,292,0,1
1,1,1,5,1,20,10,2,12,1,1,5,1,4,2,150,0,1
1,1,1,5,1,16,3,2,10,2,1,1,1,0,0,16,0,1
1,1,0,4,1,10,5,2,12,2,1,1,1,3,7,168,0,1
1,1,0,6,1,12,9,2,13,2,1,1,1,3,7,254,0,1
0,1,0,4,1,11,3,1,12,1,1,2,1,3,11,180,0,1
1,2,1,5,1,11,7,1,10,2,1,0,1,3,7,228,0,1
1,2,0,1,1,12,7,1,2,2,2,2,0,3,7,334,0,0
1,1,1,4,1,11,8,2,12,2,1,1,1,3,7,275,0,1
1,1,1,4,1,16,11,2,13,2,1,3,1,0,0,125,0,1
1,1,0,5,1,13,8,1,12,2,1,2,1,0,0,47,0,1
1,1,0,4,1,13,1,2,13,2,1,1,1,3,7,187,0,1
1,1,0,5,1,16,12,2,11,2,1,4,1,0,0,59,0,1
1,1,0,4,1,9,5,2,12,2,1,1,1,0,0,0,0,1
1,1,1,5,1,13,1,2,12,1,1,2,1,3,7,120,0,1
1,2,1,4,1,12,9,1,12,2,1,4,1,3,7,183,0,0
1,1,0,4,1,16,8,1,13,2,1,5,1,3,9,217,0,1
1,1,0,4,1,11,6,2,13,2,1,3,1,0,0,162,0,1
1,1,1,5,1,13,2,2,12,2,1,4,1,0,0,23,0,1
1,1,0,4,1,16,9,1,12,2,1,1,1,0,0,10,0,1
1,1,0,5,1,4,11,2,12,2,1,2,1,3,0,164,0,1
1,1,0,4,1,4,9,1,13,2,1,5,1,0,0,67,0,1
0,1,0,4,1,13,9,2,12,1,1,2,1,0,0,98,0,1
0,1,1,5,1,12,4,2,12,2,1,4,0,3,7,285,0,1
1,1,1,4,1,10,10,2,13,2,1,0,1,0,0,50,0,1
1,1,1,4,1,9,8,2,13,2,1,1,1,3,7,378,0,1
0,1,0,6,1,13,9,1,2,2,1,4,1,3,7,349,0,1
1,1,0,4,1,13,8,2,12,2,1,5,1,3,0,162,0,0
1,1,0,4,1,13,5,2,13,2,1,1,1,3,0,222,0,1
1,1,1,6,1,16,9,1,13,2,1,0,1,0,0,101,0,1
1,1,1,4,1,4,7,1,12,2,1,3,1,3,7,274,0,1
1,1,1,5,1,13,9,1,3,1,1,2,1,3,7,192,0,1
1,1,1,5,1,10,7,2,13,2,1,1,1,0,0,148,0,1
1,1,0,6,1,14,1,2,13,1,1,2,1,0,0,35,0,1
0,1,1,6,1,20,9,1,10,1,1,2,1,3,7,273,0,1
1,1,0,4,1,4,6,1,13,2,2,2,1,3,0,214,0,1
1,1,1,5,1,10,7,2,10,2,1,2,1,0,7,144,0,0
1,1,0,4,1,11,4,2,12,2,1,2,1,3,0,197,0,1
1,1,1,5,1,13,6,2,13,2,1,2,1,0,0,75,0,1
0,1,1,5,1,13,9,1,13,2,1,1,1,3,0,208,0,0
1,1,0,4,1,12,3,1,12,2,1,4,1,3,7,170,0,1
1,1,1,6,1,11,1,1,12,2,1,1,1,3,0,201,0,1
1,1,1,4,1,13,7,2,12,1,1,1,1,0,0,52,0,1
0,1,1,5,1,10,9,1,13,2,1,2,1,3,7,333,0,1
1,1,1,4,1,16,9,1,12,2,1,3,1,0,0,127,0,1
1,1,1,1,1,11,1,1,12,1,1,2,1,0,0,54,0,1
0,1,0,4,1,14,5,2,13,2,1,4,1,0,0,90,1,1
0,1,0,4,1,13,9,1,13,2,1,4,1,3,0,219,0,1
0,1,0,4,1,4,2,1,2,2,1,4,0,3,7,353,0,0
1,1,1,5,1,4,1,1,13,2,1,3,1,3,7,330,0,1
1,1,1,5,1,10,12,2,12,2,1,2,1,3,7,245,0,1
0,1,0,4,1,10,5,1,13,2,1,1,1,3,0,179,0,1
1,1,1,5,1,12,10,2,13,2,1,0,1,3,7,325,0,0
1,1,0,4,1,4,8,2,12,2,1,2,1,3,7,219,0,1
1,1,1,5,1,16,5,2,13,1,1,2,1,0,0,66,0,1
1,2,1,5,1,16,1,1,9,2,2,2,1,3,7,170,1,0
1,1,0,4,1,12,7,2,0,2,2,2,1,3,7,246,0,1
1,2,1,4,1,13,9,1,12,2,1,1,1,0,0,68,0,1
1,2,0,4,1,10,2,2,13,2,1,3,1,0,0,160,0,1
1,1,0,4,1,13,1,1,12,2,1,3,1,3,7,231,0,1
0,1,1,5,1,13,9,1,13,2,1,3,1,0,0,110,0,1
1,2,1,5,1,12,11,1,12,2,1,0,1,3,7,182,0,0
1,1,0,6,1,13,5,2,10,1,1,0,1,3,0,101,0,1
1,1,0,4,1,4,1,1,13,1,1,0,1,3,0,152,0,1
1,2,1,5,1,12,4,1,12,2,1,1,1,3,7,192,0,0
1,2,1,5,1,13,4,1,12,2,1,3,1,3,0,113,0,1
1,2,0,4,1,13,3,1,12,2,1,4,1,3,0,170,0,1
1,1,0,4,1,13,8,1,12,2,2,1,1,0,0,108,0,1
1,1,0,6,1,16,8,1,13,1,1,1,1,3,0,147,0,1
1,1,0,4,1,13,3,2,12,2,1,0,1,0,0,102,0,1
0,1,0,6,1,1,5,2,12,2,1,1,1,3,9,223,0,1
1,1,1,5,1,16,3,1,12,2,1,6,1,3,0,128,0,0
1,1,0,4,1,11,11,2,12,1,1,0,1,3,0,209,0,1
1,1,1,4,1,13,3,1,12,2,1,2,1,0,0,107,0,1
1,1,0,4,1,13,9,2,13,2,1,5,1,0,0,153,0,1
1,1,1,4,1,13,11,1,12,2,1,2,1,3,6,197,0,0
0,1,1,3,1,4,8,2,13,2,2,3,0,3,7,267,0,0
1,1,1,5,1,13,8,1,12,1,1,3,1,3,0,154,0,1
1,1,1,4,1,13,7,1,13,1,1,1,1,3,6,164,0,1
1,1,0,4,1,1,11,2,13,2,2,1,1,3,0,217,0,1
1,1,0,5,1,4,6,1,13,2,1,6,1,0,0,119,0,1
1,2,0,6,1,11,7,1,12,2,1,3,1,3,7,267,0,1
1,1,0,2,1,10,1,1,4,2,1,1,1,3,0,182,0,1
1,1,1,5,1,16,7,2,13,2,1,3,1,3,7,188,0,1
1,1,0,4,1,13,4,2,12,2,1,0,1,3,7,367,0,1
1,1,1,5,1,16,10,1,12,2,1,5,1,3,0,191,0,1
1,1,0,6,1,13,5,2,13,1,1,1,1,0,0,113,0,1
1,1,0,4,1,13,3,2,12,2,1,3,1,0,0,53,0,1
1,1,0,4,1,16,3,1,14,1,1,5,1,3,7,215,0,1
1,1,1,5,1,13,7,1,12,2,1,3,1,0,0,61,0,1
1,1,0,4,1,1,7,1,13,2,2,0,1,3,7,306,0,1
1,1,1,5,1,13,6,2,12,2,1,1,1,0,0,63,0,1
1,1,0,4,1,10,5,2,12,2,1,6,1,0,0,104,0,1
1,1,1,5,1,16,5,2,7,2,1,2,1,3,7,344,0,1
1,1,0,4,1,13,8,2,13,2,1,4,1,0,0,157,0,1
1,1,0,4,1,13,3,1,13,2,2,2,1,3,7,300,0,1
1,1,0,4,1,13,12,2,13,2,1,2,1,0,0,131,0,1
1,1,1,5,1,16,3,1,12,2,1,4,1,3,2,350,0,1
1,1,1,5,1,16,11,2,13,1,1,1,1,3,7,208,0,1
1,1,0,4,1,16,7,1,13,2,1,3,1,3,0,223,0,1
1,1,0,4,1,16,5,1,14,1,1,5,1,0,0,39,0,1
1,1,0,4,1,4,5,1,13,2,1,3,1,3,0,235,0,1
1,1,0,4,1,4,12,1,13,2,1,1,1,0,0,110,0,1
1,1,1,5,1,13,7,2,13,2,1,1,1,0,0,82,0,1
1,1,0,4,1,13,6,1,12,2,1,2,1,0,0,101,0,1
1,2,0,4,1,16,3,1,7,1,1,4,1,3,7,225,0,1
1,1,0,4,1,3,5,2,14,2,1,3,1,3,7,264,0,1
1,1,1,7,1,13,6,2,7,1,2,0,1,3,7,205,0,1
1,1,0,4,1,13,6,1,13,2,1,3,1,0,0,53,0,0
1,1,0,4,1,4,10,2,13,2,1,4,1,3,7,328,0,1
1,1,0,4,1,13,11,1,12,2,1,3,1,0,0,16,0,1
1,1,1,7,1,1,3,2,12,2,1,1,1,3,7,292,0,1
1,1,0,4,1,16,12,1,12,1,1,3,1,0,0,92,0,1
1,1,0,6,1,16,6,1,13,2,1,2,1,3,0,204,0,1
1,2,1,5,1,1,3,2,12,2,1,4,1,3,7,181,0,1
1,1,0,6,1,3,12,2,13,2,1,4,1,0,0,146,0,1
0,1,1,5,1,13,11,1,12,1,1,2,1,3,3,198,0,1
1,1,0,6,1,5,6,2,13,2,1,3,1,3,0,253,0,1
1,1,0,4,1,13,3,1,13,2,1,4,1,3,7,192,0,1
1,1,1,5,1,16,4,2,9,2,1,0,1,3,7,201,0,0
1,1,1,4,1,16,1,1,12,1,1,1,1,0,0,66,0,1
1,1,1,5,1,10,2,2,13,2,1,2,1,0,0,53,0,1
1,1,0,4,1,13,6,2,13,1,2,5,1,3,0,153,0,1
1,1,0,4,1,13,3,1,12,2,1,2,1,0,0,157,0,1
1,1,1,5,1,16,4,2,9,2,1,3,1,3,7,176,0,1
1,1,0,5,1,1,7,1,13,2,1,3,1,0,0,133,0,1
1,1,0,4,1,3,4,2,4,2,1,1,1,3,7,281,0,1
1,1,1,5,1,13,7,2,13,2,1,3,1,0,0,91,0,1
1,1,0,5,1,16,5,1,13,2,1,3,1,0,0,128,0,1
1,1,0,4,1,13,2,1,12,2,1,3,1,0,0,27,0,1
1,1,1,5,1,5,9,1,13,2,1,4,1,3,3,197,0,1
1,2,1,7,1,16,4,1,12,2,1,1,1,3,7,235,0,1
1,1,1,5,1,13,6,1,13,2,1,4,1,3,7,162,0,1
1,1,0,4,1,4,4,2,13,2,1,5,1,3,7,304,0,1
1,2,0,4,1,13,9,1,12,1,1,2,1,0,0,53,0,1
1,1,1,5,1,13,3,2,12,2,1,4,1,3,0,140,0,1
1,1,1,5,1,10,5,1,13,2,1,3,1,0,0,82,0,1
1,1,0,5,1,13,3,1,12,2,1,0,1,3,7,304,0,1
1,1,0,6,1,16,5,2,13,2,1,2,1,0,0,29,0,1
1,1,0,4,1,1,6,2,14,2,1,2,1,0,0,42,0,1
1,1,0,4,1,16,6,1,12,2,1,3,1,3,2,292,0,1
1,2,0,4,1,16,4,1,7,2,1,2,1,0,0,160,0,0
1,1,0,5,1,16,5,2,7,2,2,4,1,3,7,200,0,1
1,1,0,6,1,13,1,1,12,2,1,3,1,0,0,146,0,1
1,2,0,4,1,13,8,1,12,2,1,2,1,0,0,174,0,1
1,1,0,4,1,13,3,1,13,2,2,2,1,3,7,379,0,1
1,2,0,5,1,16,12,2,12,1,1,5,1,3,7,259,0,1
1,1,0,4,1,13,9,2,12,1,2,2,1,0,0,65,0,1
1,1,0,4,1,13,3,1,12,2,1,2,1,0,0,51,0,1
1,1,0,2,1,3,10,1,12,2,1,1,1,3,7,302,0,1
1,1,0,2,1,16,10,2,12,2,1,3,1,3,3,255,0,1
1,1,0,4,1,13,12,1,12,2,1,4,1,3,7,379,0,1
1,1,1,2,1,16,4,1,12,2,1,2,1,3,7,243,0,1
1,1,0,5,1,16,9,1,13,2,1,1,1,3,0,213,0,1
1,1,0,5,1,13,3,1,12,2,1,4,1,0,0,169,0,1
1,1,0,5,1,16,10,1,4,2,1,4,1,0,0,25,0,1
1,1,0,6,1,13,6,2,12,2,1,5,1,0,0,85,0,1
1,1,0,4,1,1,12,1,13,1,2,0,1,3,7,362,0,1
1,1,0,5,1,16,5,1,13,1,1,4,1,3,7,181,0,1
1,1,1,5,1,16,7,2,14,1,1,2,1,3,7,315,0,1
1,1,0,6,1,13,12,1,13,2,1,6,1,0,0,68,0,1
1,1,1,7,1,1,3,1,12,2,1,0,1,0,0,62,0,1
1,2,1,5,1,4,4,1,12,2,1,2,1,0,0,108,0,1
1,1,0,4,1,1,1,1,13,2,1,0,1,0,0,107,0,1
1,2,0,4,1,13,3,2,12,2,1,4,1,0,0,106,0,0
1,2,0,4,1,13,12,1,13,2,1,1,1,0,0,67,0,1
1,1,0,4,1,13,4,2,12,2,1,1,1,3,7,205,0,1
1,1,1,5,1,16,10,1,13,2,2,4,1,0,0,128,0,1
1,1,0,5,1,1,6,1,13,2,2,2,1,3,0,201,0,1
1,1,0,4,1,13,11,1,12,1,1,5,1,0,0,3,0,1
1,1,0,5,1,1,2,2,13,2,2,3,1,3,7,377,0,1
1,1,1,5,1,1,6,1,13,1,1,2,1,0,0,49,0,1
1,1,0,4,1,10,2,2,13,1,2,5,1,0,0,71,0,1
1,1,0,4,1,13,2,2,12,1,1,5,1,0,0,3,0,1
1,1,1,5,1,13,4,2,12,2,1,4,1,3,7,271,0,1
1,1,1,5,1,16,10,2,13,1,1,2,1,3,7,161,0,1
1,1,0,6,1,14,11,2,4,1,1,1,1,0,0,17,0,1
1,1,0,4,1,13,3,2,13,2,1,3,1,0,0,68,0,1
1,1,0,6,1,13,2,1,12,2,1,4,1,3,0,134,0,1
1,1,1,5,1,4,2,2,13,2,2,3,1,3,7,261,0,1
1,1,0,6,1,13,3,2,12,2,2,3,1,3,5,345,0,1
1,2,1,5,1,16,6,1,12,1,1,3,1,0,0,103,0,1
1,1,0,4,1,4,6,2,13,2,1,3,1,3,0,191,0,1
1,1,1,5,1,13,11,2,13,2,1,1,1,3,3,202,0,1
1,2,0,4,1,1,2,1,12,2,1,2,1,3,7,371,0,1
1,1,0,4,1,13,12,2,13,2,1,0,1,0,0,30,0,1
1,1,1,5,1,16,5,1,13,2,2,2,1,3,7,268,0,1
1,1,0,4,1,16,8,2,13,2,1,3,1,3,0,278,0,1
1,1,0,4,1,13,3,1,12,2,2,1,1,3,0,179,0,1
1,1,0,4,1,13,4,2,12,2,1,1,1,0,0,32,0,1
1,1,1,5,1,10,6,1,12,2,1,1,1,3,7,328,0,1
1,1,1,5,1,13,8,1,12,2,1,4,1,3,7,329,0,1
1,1,1,5,1,14,2,2,12,1,1,2,1,0,0,82,0,1
1,1,0,4,1,13,12,2,13,2,1,2,1,3,7,338,0,1
1,1,1,5,1,16,12,1,13,2,1,1,1,3,7,295,0,1
1,2,0,6,1,1,4,2,7,2,1,3,1,3,7,347,0,1
1,1,0,4,1,3,9,1,13,2,1,1,1,0,0,44,0,1
1,1,0,5,1,16,6,1,13,2,1,5,1,0,0,141,0,1
1,2,1,5,1,13,7,2,4,2,1,4,1,0,0,97,0,1
1,1,0,6,1,13,8,1,12,2,2,0,1,0,0,30,0,1
1,1,0,4,1,16,7,2,13,1,1,2,1,0,0,37,0,1
1,1,0,4,1,5,2,1,13,1,1,5,1,0,0,62,0,1
1,1,0,4,1,4,11,1,13,1,1,5,1,3,0,168,0,1
1,1,0,4,1,13,3,1,14,2,2,5,1,0,0,139,0,1
1,1,1,5,1,11,1,1,13,2,1,2,1,0,0,21,0,1
1,1,1,2,1,16,11,2,4,2,2,2,1,0,0,90,0,1
1,1,0,5,1,1,12,2,12,2,2,2,1,0,0,155,0,1
1,1,0,2,1,16,2,2,13,2,1,3,1,0,0,205,1,0
1,1,0,4,1,10,5,2,13,1,1,2,1,0,0,125,0,1
1,2,1,4,1,13,10,1,12,2,1,2,1,0,0,145,0,1
1,1,0,4,1,13,4,1,13,2,1,1,1,0,0,20,0,1
1,2,1,5,1,1,11,2,12,2,1,4,1,3,7,263,0,1
1,1,0,4,1,1,11,2,12,2,1,1,1,0,0,137,0,1
1,2,1,5,1,16,1,1,9,1,1,0,1,3,7,330,0,1
1,1,1,2,1,16,4,2,7,1,1,1,1,3,7,326,0,1
0,1,0,5,1,13,10,1,13,2,2,2,1,3,7,323,0,1
1,1,1,5,1,10,11,2,13,1,1,1,1,0,0,105,0,1
1,1,0,4,1,3,11,2,13,2,2,3,1,0,0,143,0,1
1,1,0,6,1,1,1,1,7,2,2,2,1,3,7,349,1,1
1,1,0,4,1,4,7,1,13,2,2,1,1,0,0,44,0,1
1,1,0,4,1,13,7,1,13,2,1,4,1,3,0,167,0,1
1,2,0,5,1,16,12,1,12,1,1,5,1,3,0,155,0,1
1,1,0,4,1,13,9,2,12,1,1,1,1,0,0,59,0,1
0,1,1,5,1,4,9,1,14,2,1,4,1,0,0,30,0,1
1,1,0,4,1,13,12,2,13,1,1,4,1,0,0,87,0,1
1,1,0,4,1,13,2,1,13,2,1,1,1,3,7,311,0,1
1,1,1,5,1,16,11,1,13,2,1,1,1,0,0,81,0,1
1,1,0,5,1,13,10,1,13,2,1,2,1,0,0,74,0,1
1,1,0,4,1,4,6,2,12,2,1,2,1,0,0,102,0,1
1,1,0,5,1,1,2,1,13,2,2,4,1,3,7,331,0,1
1,1,1,5,1,16,7,1,13,2,1,4,1,3,7,225,0,1
1,1,1,6,1,11,1,2,13,1,1,0,1,0,0,14,0,1
1,1,0,6,1,13,2,1,12,1,1,3,1,3,7,256,0,1
1,1,1,5,1,13,11,1,13,1,1,2,1,0,0,32,0,1
1,1,0,4,1,1,3,1,12,2,1,3,1,0,0,21,0,1
1,1,0,6,1,1,11,2,12,1,1,1,1,3,0,215,0,1
1,1,0,4,1,14,4,1,13,2,1,3,1,0,0,6,0,1
1,1,1,5,1,13,3,2,12,2,1,4,1,0,0,181,0,1
1,1,1,5,1,16,7,2,8,1,1,1,1,0,0,160,0,1
1,1,1,5,1,10,2,1,12,1,1,3,1,0,0,64,0,1
1,1,1,5,1,16,6,2,13,2,1,3,1,3,0,171,0,1
1,1,0,4,1,16,4,2,12,2,1,0,1,0,0,105,0,1
1,1,1,5,1,10,3,2,12,1,1,4,1,3,7,273,0,1
1,1,0,4,1,13,1,1,12,2,1,3,1,0,0,58,0,1
1,1,0,4,1,13,7,2,13,1,1,3,1,0,0,125,0,1
1,1,0,4,1,13,5,1,13,2,1,1,1,3,7,246,0,1
1,1,1,5,1,16,11,1,13,2,1,2,1,3,7,251,0,1
1,1,0,4,1,1,12,2,12,2,1,2,1,3,0,242,0,1
0,1,0,4,1,16,12,1,13,2,1,4,1,3,3,278,0,1
1,1,1,5,1,13,4,1,12,2,1,2,1,3,7,213,0,1
1,1,1,4,1,10,7,1,12,2,1,1,1,0,0,46,0,1
1,1,0,4,1,1,12,1,12,2,1,3,1,3,0,213,0,1
1,1,0,4,1,10,2,1,13,2,1,2,1,3,0,185,0,1
1,1,0,4,1,13,12,2,14,2,1,7,1,0,0,157,0,1
1,1,0,4,1,5,6,1,13,2,1,2,1,0,0,112,0,1
1,1,0,4,1,16,7,2,13,2,1,1,1,0,0,46,0,1
1,1,0,4,1,4,1,1,13,2,2,3,1,3,0,178,1,1
1,2,1,2,1,1,1,1,12,1,1,2,1,3,7,173,0,1
1,1,0,6,1,4,7,1,13,2,1,0,1,3,7,137,0,1
1,1,1,5,1,16,5,1,8,2,2,6,1,3,7,321,0,1
1,2,1,5,1,0,2,2,12,2,1,3,1,0,0,56,0,1
1,1,0,4,1,16,5,2,13,2,1,4,1,3,0,178,0,1
1,1,0,4,1,3,5,2,13,2,1,2,1,0,0,104,0,1
1,1,0,5,1,16,5,2,12,2,1,4,1,3,3,226,0,1
1,1,1,4,1,5,7,1,13,1,1,0,1,0,0,48,0,1
1,1,0,4,1,16,9,1,12,2,1,3,1,0,0,42,0,1
1,1,0,4,1,11,6,1,13,2,1,4,1,0,0,99,0,1
1,1,0,4,1,13,3,2,9,2,1,3,1,3,7,285,0,1
1,1,0,6,1,16,5,1,13,1,1,5,1,3,0,183,0,1
1,1,1,5,1,16,9,1,13,2,1,2,1,3,7,318,0,1
1,1,0,4,1,10,9,2,12,1,1,3,1,0,0,46,0,1
1,1,1,2,1,3,11,1,7,2,1,1,1,3,7,296,0,0
1,2,1,5,1,10,2,1,13,1,1,3,1,0,0,69,0,1
1,1,1,5,1,16,3,1,10,2,1,4,1,0,0,20,0,1
1,1,0,5,1,16,5,1,13,2,2,4,1,3,7,264,0,1
1,1,0,4,1,13,6,2,13,2,2,4,1,0,0,146,0,1
1,1,0,4,1,16,10,2,13,2,1,2,1,0,0,23,0,1
1,1,1,5,1,16,1,1,12,1,1,4,1,0,0,68,0,1
1,2,0,4,1,14,4,2,12,1,1,3,1,0,0,141,0,1
0,2,0,4,1,13,8,2,12,2,1,3,1,0,0,44,0,1
1,2,0,6,1,14,12,1,12,2,1,2,1,3,7,317,0,1
1,1,0,6,1,13,6,2,12,2,1,1,1,3,7,227,0,1
1,1,0,4,1,1,4,2,14,2,2,4,1,3,7,301,2,1
1,1,0,4,1,4,10,1,13,2,1,1,1,0,0,30,0,1
1,1,0,4,1,1,11,1,13,2,1,3,1,0,0,159,0,1
1,1,1,5,1,16,2,2,7,2,1,5,1,0,7,159,0,1
1,1,0,4,1,13,1,2,13,1,1,1,1,0,0,78,0,1
1,1,0,5,1,16,6,1,13,2,1,7,1,3,0,207,0,1
1,1,0,4,1,16,5,2,4,2,2,4,1,3,0,216,0,1
1,1,0,6,1,1,12,1,13,1,1,3,1,3,7,344,0,1
1,1,1,5,1,1,2,2,13,2,1,1,1,3,7,269,0,1
1,2,0,4,1,16,12,2,13,2,1,3,1,0,0,99,0,1
1,1,0,4,1,10,4,1,8,2,1,1,1,3,0,203,0,1
1,1,0,4,1,13,10,2,12,2,1,1,1,0,0,148,0,1
1,1,0,4,1,13,4,1,13,2,1,1,1,0,0,93,0,1
1,1,0,4,1,1,3,1,12,2,1,0,1,0,0,57,0,1
1,1,0,4,1,13,1,1,12,2,1,2,1,0,0,43,0,1
1,1,0,4,1,16,11,1,13,1,1,2,1,0,0,60,0,1
1,1,1,5,1,16,9,2,4,2,1,1,1,0,0,128,0,1
1,1,1,7,1,13,3,1,12,2,1,1,1,3,7,281,0,1
1,1,0,4,1,16,1,1,7,2,1,4,1,0,0,182,0,1
1,1,0,6,1,1,4,2,12,2,2,1,1,3,7,140,0,1
1,1,1,5,1,13,4,1,12,2,1,5,1,3,7,246,0,0
1,1,0,6,1,16,1,2,13,1,1,2,1,0,0,126,0,1
1,1,0,4,1,13,4,2,14,2,1,3,1,3,7,376,0,1
1,1,0,4,1,16,5,2,12,2,2,2,1,0,0,52,0,1
1,1,0,6,1,13,1,1,4,2,1,1,1,0,0,130,0,1
1,1,0,4,1,13,3,2,7,2,1,3,1,3,0,268,0,1
1,1,0,4,1,13,3,1,13,1,1,3,1,0,0,83,0,1
1,2,0,5,1,16,6,1,12,2,1,2,1,0,0,131,0,1
1,2,1,4,1,14,12,1,12,2,1,2,1,0,0,125,0,1
1,1,0,5,1,1,3,1,13,2,1,2,1,0,0,213,0,1
1,1,1,5,1,16,8,1,12,2,1,3,1,0,0,72,0,1
1,1,0,4,1,13,3,1,12,2,1,2,1,0,0,18,0,1
1,1,1,7,1,13,3,1,12,2,1,0,1,3,7,259,0,1
1,1,0,4,1,13,11,1,13,2,2,1,1,3,7,231,0,1
1,1,0,4,1,16,6,2,13,1,1,3,1,3,0,168,0,1
1,1,1,5,1,1,6,1,12,1,1,2,1,3,7,208,0,1
1,1,0,4,1,16,3,2,7,2,2,2,1,3,7,371,2,1
1,2,1,5,1,4,12,2,13,2,1,4,1,0,0,32,0,1
1,1,0,6,1,13,4,2,14,1,1,2,1,3,7,178,0,1
1,1,0,5,1,16,4,2,13,2,1,2,1,0,0,62,0,1
1,1,0,4,1,13,11,2,13,2,1,2,1,0,0,186,0,1
1,1,0,4,2,13,7,1,13,2,1,6,1,0,0,115,0,1
1,2,1,5,1,16,1,1,12,2,1,2,1,0,0,66,0,1
1,1,0,6,1,13,1,2,8,2,1,2,1,0,0,67,0,1
1,1,0,4,1,4,6,1,13,2,1,5,1,3,0,193,0,1
1,1,0,4,1,13,6,2,13,2,2,1,1,0,0,78,0,1
1,1,0,4,1,14,6,1,12,1,1,6,1,0,0,53,0,1
1,1,0,4,1,1,11,2,13,2,1,0,1,3,0,220,0,1
1,1,1,5,1,13,6,1,13,1,2,2,1,3,7,183,0,1
1,2,1,5,1,13,7,1,8,2,1,3,1,3,7,306,0,1
1,1,0,4,1,5,7,2,13,2,1,2,1,0,0,83,0,1
1,1,0,4,1,1,1,1,12,1,1,5,1,0,0,36,0,1
1,1,0,4,1,13,6,2,12,2,1,3,1,3,7,360,0,1
1,1,1,5,1,13,4,2,12,2,1,2,1,3,7,336,0,1
1,1,0,2,1,13,11,1,13,2,1,2,1,3,0,249,0,1
1,1,1,5,1,10,2,1,8,2,1,4,1,3,2,349,0,1
1,1,0,6,1,13,3,2,7,2,1,3,1,3,7,193,0,1
1,2,0,5,1,16,2,1,13,2,1,1,1,3,0,181,0,1
1,1,1,4,1,16,11,1,13,2,1,3,1,0,0,3,0,1
1,1,0,4,1,16,1,1,13,2,1,0,1,0,0,167,0,1
1,2,0,4,1,13,7,2,12,2,1,2,1,0,0,116,0,1
1,1,0,4,1,13,10,1,13,2,1,5,1,0,0,149,0,1
1,1,0,4,1,13,3,1,13,2,1,2,1,0,0,88,0,1
1,2,0,6,1,1,4,2,12,2,1,0,1,3,7,285,0,1
1,1,0,4,1,1,2,1,12,2,1,3,1,3,7,370,0,0
1,1,1,5,1,13,11,2,12,2,1,0,1,3,0,131,0,1
1,1,0,4,1,20,8,2,0,2,1,4,1,0,0,132,0,1
0,1,1,5,1,12,6,2,0,2,1,2,1,0,0,52,0,1
1,1,0,4,1,4,9,1,13,2,2,2,1,0,0,43,0,1
1,1,0,4,1,16,1,1,12,2,1,5,1,0,0,127,0,1
1,1,0,4,1,11,12,2,13,2,1,2,1,0,0,92,0,1
1,1,1,5,1,11,2,1,13,1,1,5,1,3,7,355,0,1
1,1,0,4,1,19,6,2,13,2,1,4,1,3,7,236,0,1
1,1,0,4,1,13,9,2,13,2,1,2,1,0,0,159,0,1
0,1,0,4,1,11,9,2,12,2,1,3,1,3,7,332,0,1
0,1,0,4,1,20,4,2,12,2,1,1,1,3,7,278,0,1
1,1,0,4,1,14,4,2,12,2,1,3,1,0,0,118,0,1
1,1,0,6,1,2,9,2,7,2,1,1,1,3,7,236,0,1
1,1,0,5,1,13,8,2,8,1,1,3,1,0,0,64,0,1
1,1,0,4,1,10,2,2,13,1,2,2,1,0,0,104,0,1
1,1,1,4,1,16,2,1,12,1,1,7,1,0,0,111,0,1
1,1,0,4,1,1,8,2,12,2,1,2,1,3,0,230,0,1
1,1,0,4,1,11,4,1,13,2,1,1,1,0,0,106,0,1
1,1,0,4,1,9,1,1,12,2,1,2,1,3,7,195,0,1
0,1,0,4,1,11,2,1,1,2,1,1,1,3,7,327,0,1
1,1,1,4,1,16,5,2,10,2,1,2,1,0,7,147,0,1
1,1,1,5,1,13,8,2,12,2,1,2,1,0,0,64,0,1
1,1,0,4,1,19,2,2,12,2,1,3,1,3,7,242,0,1
1,1,0,4,1,4,2,2,12,2,1,2,1,3,0,203,0,1
1,1,1,5,1,13,1,2,12,2,1,2,1,0,7,127,0,1
1,2,1,5,1,11,10,1,13,2,1,1,1,0,0,95,0,1
1,1,0,4,1,11,2,1,13,2,1,2,1,0,0,190,0,1
1,1,0,4,1,20,4,2,13,2,1,2,1,3,7,290,0,1
0,1,1,4,1,20,5,2,12,2,1,1,1,3,7,312,0,1
1,1,1,6,1,16,2,2,0,2,1,1,1,0,7,216,0,1
1,1,0,4,1,13,9,2,9,2,1,2,1,3,7,217,0,1
1,1,0,4,1,4,1,1,13,2,2,2,1,3,7,192,0,1
1,1,1,5,1,12,1,1,12,2,2,1,1,3,7,257,0,1
1,1,1,4,1,11,4,1,13,2,1,0,1,0,0,78,0,1
1,1,1,5,1,19,1,2,12,2,1,4,1,3,7,262,0,1
1,1,1,4,1,12,9,1,12,1,1,2,1,0,0,41,0,1
1,1,0,4,1,11,5,1,13,2,1,2,1,3,7,224,0,1
1,2,1,5,1,21,1,1,13,2,1,5,1,3,7,315,0,1
1,1,0,4,1,11,2,2,12,2,1,2,1,3,7,217,0,1
1,1,1,5,1,4,1,1,12,1,1,2,1,3,7,195,0,1
1,1,0,5,1,10,12,2,13,1,2,3,1,0,0,75,0,1
1,1,1,5,1,13,9,2,12,2,1,3,1,0,0,70,0,1
1,1,0,4,1,11,2,1,13,2,1,4,1,0,7,172,0,1
0,1,1,5,1,13,10,1,12,1,1,4,1,0,0,129,0,1
1,1,0,4,1,12,9,1,12,2,1,3,1,3,7,193,0,1
1,1,0,4,1,11,2,1,13,2,1,1,1,0,0,83,0,1
1,1,0,4,1,10,5,2,13,2,1,4,1,0,0,202,0,1
1,1,0,4,1,11,5,2,0,2,1,4,1,0,7,242,0,1
1,1,1,5,1,11,2,1,10,2,1,2,1,3,7,341,0,1
1,2,0,4,1,11,4,2,12,2,1,0,1,0,0,131,0,1
1,1,0,4,1,10,5,1,12,2,1,3,1,0,0,96,0,1
0,1,1,6,1,8,5,2,0,2,1,3,1,3,7,304,0,1
1,1,0,4,1,11,1,1,12,2,2,2,1,3,7,273,0,1
1,1,0,4,1,11,1,1,13,2,1,1,1,0,0,228,0,1
1,1,0,4,1,11,2,2,13,2,1,3,1,0,0,34,0,1
1,1,0,4,1,16,5,1,13,2,1,2,1,3,7,270,0,1
1,1,1,4,1,20,4,1,12,2,1,2,1,3,7,250,0,1
1,1,1,5,1,12,6,1,12,1,1,2,1,3,7,115,0,1
1,1,0,4,1,20,7,1,13,1,1,3,1,0,6,123,0,1
1,1,0,4,1,11,4,2,12,1,1,2,1,3,7,203,0,1
1,1,1,5,1,10,2,2,13,1,2,5,1,0,0,80,0,1
1,1,0,4,1,20,9,2,13,2,1,2,1,0,0,51,0,1
1,1,0,4,1,16,9,2,13,2,1,5,1,3,7,322,0,1
1,1,0,4,1,11,9,2,13,2,1,3,1,3,7,369,0,1
1,1,1,5,1,20,10,2,13,1,1,2,1,0,0,116,0,1
1,1,0,4,1,12,9,2,1,2,1,2,1,3,7,253,0,1
1,1,1,5,1,4,10,2,13,1,1,5,1,3,7,331,0,1
1,1,0,4,1,4,2,2,13,1,1,5,1,0,0,80,0,1
1,1,1,4,1,11,7,2,12,2,1,2,1,3,2,236,0,1
1,1,1,4,1,13,8,1,12,2,1,1,1,3,7,271,0,1
1,1,1,5,1,16,5,2,13,2,1,2,1,0,0,179,0,1
0,1,0,4,1,11,1,2,13,2,1,0,1,3,9,224,0,1
1,1,0,6,1,12,2,2,13,2,1,3,1,3,7,263,0,0
1,1,1,7,1,10,9,1,13,2,1,1,1,3,7,174,0,1
1,1,0,4,1,10,7,2,13,2,1,2,1,0,0,91,0,1
1,1,0,4,1,4,9,2,11,1,1,7,1,0,0,97,0,1
0,1,0,4,1,16,9,2,12,2,1,3,1,3,7,307,0,1
1,1,1,5,1,1,1,1,10,2,2,0,1,3,7,224,0,1
1,2,1,5,1,13,1,1,12,2,1,0,1,3,7,278,0,0
1,1,1,4,1,20,1,1,12,2,1,2,1,3,7,272,0,1
0,1,0,5,1,20,5,1,12,2,1,4,1,3,9,218,0,1
1,1,1,5,1,20,2,2,12,2,1,3,1,3,7,280,0,1
1,1,1,4,1,13,5,2,12,2,1,2,1,0,7,204,0,1
1,1,0,4,1,19,5,1,0,2,1,2,1,0,7,258,0,1
1,1,0,4,1,13,9,2,8,2,1,3,1,0,0,151,0,1
1,1,1,1,1,16,9,1,13,2,1,3,1,0,0,79,0,1
1,1,0,4,1,7,1,2,13,1,1,0,1,0,0,24,0,1
1,1,0,4,1,13,4,1,13,2,1,1,1,0,0,121,0,1
1,1,0,4,1,13,4,2,13,2,1,3,1,0,7,112,0,1
1,1,1,5,1,16,5,2,13,1,1,2,1,0,0,130,0,1
1,1,1,5,1,13,1,1,12,2,1,3,1,0,0,114,0,1
1,2,1,5,1,13,12,1,12,2,1,1,1,0,0,73,0,1
1,2,1,5,1,11,2,1,12,2,1,2,1,3,0,219,0,1
1,1,0,4,1,12,6,2,9,2,1,4,1,3,2,236,0,1
1,1,1,4,1,20,4,2,12,2,1,1,1,3,7,328,0,1
1,1,0,4,1,11,8,2,13,2,1,0,1,0,0,133,0,1
0,1,0,4,1,11,9,2,13,2,1,1,1,0,0,225,0,1
1,1,0,4,1,13,9,2,12,1,1,3,1,3,7,115,0,1
1,1,1,5,1,4,5,1,13,2,1,1,1,0,0,50,0,1
1,1,1,5,1,11,11,1,12,2,1,0,1,0,7,159,0,1
1,1,0,4,1,19,8,2,13,2,1,2,1,3,7,283,0,1
1,1,1,4,1,20,2,1,12,2,1,2,1,3,2,253,0,1
1,1,0,4,1,13,3,1,12,2,1,4,1,0,0,110,0,1
0,1,0,4,1,13,5,1,12,2,1,0,1,0,0,244,0,1
0,1,0,4,1,11,7,2,12,1,1,1,1,3,0,112,0,1
0,1,0,4,1,19,5,1,13,2,1,3,1,3,7,323,0,1
1,1,1,4,1,13,9,1,13,2,1,5,1,0,0,119,0,1
1,1,0,4,1,13,4,2,9,2,1,0,1,4,7,234,0,1
1,1,1,5,1,10,2,2,13,2,1,0,1,0,0,147,0,1
1,1,0,4,1,11,4,2,12,2,1,1,1,0,7,192,0,1
1,1,1,5,1,20,5,2,13,2,2,3,1,3,7,322,0,1
1,1,1,4,1,12,9,2,11,2,1,4,1,3,2,204,0,1
0,1,0,4,1,10,1,1,13,2,2,2,1,3,2,276,0,1
1,1,0,4,1,11,4,1,12,2,1,1,1,3,7,322,0,1
1,1,0,4,1,13,7,2,13,2,1,1,1,0,0,105,0,1
1,1,0,4,1,13,4,2,13,2,1,1,1,0,0,84,0,1
1,2,0,4,1,1,11,1,13,2,2,1,1,0,0,26,0,1
1,1,0,4,1,10,5,2,13,2,2,1,1,3,7,227,0,1
1,1,0,4,1,13,7,1,13,1,1,4,1,0,0,40,0,1
1,1,1,5,1,10,10,2,13,2,1,2,1,0,0,124,0,1
1,2,0,4,1,13,7,1,12,2,1,2,1,0,7,136,0,1
1,1,1,4,1,20,2,2,13,2,1,0,1,3,7,326,0,1
1,1,0,4,1,11,4,1,13,2,1,2,1,0,0,128,0,1
1,1,0,4,1,4,2,1,13,2,1,4,1,0,0,140,0,1
0,1,1,5,1,20,2,2,12,2,1,3,1,0,0,46,0,1
1,1,1,5,1,13,9,2,0,2,1,3,1,0,0,187,0,1
1,1,1,4,1,11,9,2,13,2,1,0,0,3,7,320,0,1
1,1,1,5,1,16,1,1,12,1,1,1,1,0,0,131,0,1
1,1,1,4,1,16,1,2,12,2,1,1,1,0,7,187,0,1
1,1,1,4,1,10,9,1,13,2,1,2,1,0,0,100,0,1
1,1,0,4,1,12,2,2,12,2,2,4,1,3,7,257,0,1
1,1,1,5,1,16,1,2,12,1,1,5,1,0,0,115,0,1
0,1,0,4,1,11,2,1,13,2,2,2,1,0,0,45,0,1
1,1,1,4,1,11,1,1,13,2,1,2,1,0,0,110,0,1
1,1,0,4,1,20,2,2,1,2,1,4,1,3,7,378,0,1
1,1,0,4,1,11,4,2,12,2,1,1,1,3,7,302,0,1
1,1,0,4,1,20,5,2,12,1,1,6,1,3,7,301,0,1
1,1,0,4,1,12,9,2,12,2,1,3,1,3,7,166,0,1
0,1,1,5,1,20,1,1,13,1,1,2,1,3,2,283,0,1
1,1,0,6,1,11,4,2,8,2,1,0,1,0,0,96,0,1
1,1,1,5,1,13,11,1,13,2,1,2,1,0,7,124,0,1
1,1,1,5,1,10,1,1,13,2,1,1,1,0,0,100,0,1
1,1,0,4,1,11,9,1,13,2,1,4,1,0,0,51,0,1
1,1,1,5,1,12,2,1,13,2,1,2,1,0,7,133,0,1
1,1,0,4,1,13,4,2,12,2,2,2,1,0,0,79,0,1
1,1,0,4,1,11,2,1,12,2,1,1,1,0,0,156,0,1
1,1,1,6,1,12,4,2,0,2,1,2,1,3,7,275,0,1
1,1,0,4,1,13,3,1,13,1,1,1,1,0,0,49,0,1
1,1,1,5,1,16,1,1,12,1,1,3,1,0,0,88,0,1
1,1,1,6,1,12,9,1,13,2,1,3,1,3,7,299,0,1
1,1,1,5,1,20,5,1,12,2,1,2,1,3,7,284,0,1
1,1,0,4,1,11,2,1,13,2,1,1,1,0,0,12,0,1
1,1,0,4,1,13,8,1,13,2,1,3,1,3,7,329,0,1
1,1,0,4,1,20,4,2,5,2,1,2,1,0,0,140,0,1
1,1,0,4,1,11,7,2,13,2,1,4,1,3,6,333,0,1
1,1,0,4,1,20,5,1,5,2,1,3,1,3,7,306,0,1
1,1,0,4,1,13,5,2,13,2,2,0,1,3,7,260,0,1
0,1,0,6,1,14,4,2,12,2,1,2,1,0,0,74,0,1
1,1,0,4,1,13,8,2,13,2,1,3,1,0,0,164,0,1
1,1,0,4,1,13,1,1,13,2,2,0,1,3,0,221,0,1
1,1,1,5,1,13,3,1,12,2,1,0,1,3,2,243,0,1
1,1,1,4,1,2,1,1,13,2,1,1,1,0,0,118,0,1
1,1,0,4,1,11,2,2,12,2,1,2,1,0,0,43,0,1
1,1,0,4,1,13,10,2,12,2,1,4,1,0,0,27,0,1
1,1,0,4,1,13,9,1,12,2,1,2,1,3,7,175,0,1
1,1,0,4,1,20,2,2,13,1,1,3,1,3,7,200,0,1
1,1,1,4,1,16,5,2,13,2,1,0,1,0,7,135,0,1
1,1,0,4,1,16,5,1,1,2,1,0,1,3,7,196,0,1
1,1,1,4,1,10,1,2,12,1,1,0,1,0,0,122,0,1
1,1,0,4,1,4,1,2,13,2,1,0,1,0,0,113,0,1
0,1,0,4,1,11,4,2,13,2,1,1,1,0,0,185,0,1
1,1,1,5,1,13,9,1,12,1,1,2,1,0,0,64,0,1
0,2,0,4,1,2,8,1,12,1,1,2,1,0,0,24,0,1
1,1,0,4,1,20,2,2,13,2,2,2,1,3,0,221,0,1
1,1,1,4,1,13,9,2,13,2,1,6,1,3,7,301,0,1
1,1,0,4,1,20,9,1,12,2,1,2,1,3,7,344,0,1
1,1,0,4,1,11,1,2,13,2,1,1,1,0,0,53,0,1
1,1,0,4,1,10,3,2,12,1,2,1,1,0,0,39,0,1
1,1,0,4,1,4,7,1,12,2,1,4,1,3,7,181,0,1
1,1,0,4,1,13,7,1,13,1,1,3,1,0,0,11,0,1
1,1,1,4,1,11,4,1,13,2,1,2,1,3,7,291,0,1
0,1,1,5,1,16,1,2,10,1,1,3,1,3,7,239,0,1
1,1,0,4,1,13,2,2,12,2,2,2,1,0,0,53,0,1
1,1,1,5,1,13,9,1,12,1,1,6,1,0,7,130,0,1
1,1,0,4,1,11,5,1,11,2,1,3,1,0,0,68,0,1
1,1,0,6,1,4,2,2,12,2,2,3,1,3,0,244,0,1
1,1,0,4,1,11,9,1,12,2,1,2,1,3,7,266,0,1
1,1,0,4,1,13,9,1,13,2,1,1,1,0,0,174,0,1
1,2,0,5,1,12,12,1,13,2,2,4,1,0,7,176,0,1
1,1,1,5,1,11,7,1,13,2,1,1,1,0,0,66,0,1
1,1,0,4,1,20,8,1,13,2,1,4,1,3,7,362,0,1
1,1,1,4,1,2,6,2,1,2,1,1,1,3,2,313,0,1
1,1,0,4,1,1,1,2,12,2,2,1,1,0,7,128,0,1
0,1,0,4,1,11,7,2,12,2,1,0,0,3,9,229,0,1
1,1,1,5,1,16,2,1,0,1,1,7,1,0,2,81,0,0
1,1,1,4,1,13,1,1,13,1,1,1,1,0,0,1,0,1
1,1,0,4,1,11,1,1,13,1,1,2,1,3,7,230,0,1
0,2,0,4,1,11,2,1,12,2,1,4,1,0,7,220,0,1
0,1,0,4,1,20,1,1,12,2,1,0,1,3,2,276,0,1
1,1,0,4,1,4,11,1,12,2,1,3,1,3,0,200,0,1
1,1,0,4,1,20,10,2,12,2,2,1,1,3,0,161,0,1
1,1,0,4,1,11,9,2,13,2,1,1,1,3,0,184,0,1
1,1,0,4,1,13,9,2,12,2,1,2,1,0,0,117,0,1
1,1,1,5,1,20,1,1,12,2,1,5,1,3,2,240,0,1
1,1,1,5,1,13,1,1,12,2,1,3,1,0,0,118,0,1
1,1,0,4,1,11,7,2,8,2,1,0,1,0,7,121,0,1
1,1,1,4,1,13,9,2,12,2,1,2,1,3,7,227,0,1
1,1,0,4,1,11,2,1,13,2,1,1,1,3,7,295,0,1
1,1,0,4,1,11,5,2,12,2,2,2,1,3,7,300,0,1
1,1,0,4,1,11,4,2,13,2,2,1,1,0,0,131,0,1
1,1,1,5,1,20,1,1,12,2,1,2,1,3,7,320,0,1
1,1,1,4,1,16,1,1,13,2,1,2,1,0,0,61,0,1
0,1,0,4,1,20,9,1,12,2,1,1,1,3,9,212,0,1
1,1,1,5,1,20,1,1,13,2,1,3,1,3,7,203,0,1
1,2,0,4,1,11,2,1,12,2,1,1,1,3,7,248,0,1
0,1,0,4,1,14,2,1,13,2,1,4,1,0,0,172,0,1
1,1,1,4,1,14,1,1,13,2,1,1,1,0,0,88,0,1
0,1,0,4,1,11,5,1,13,2,1,1,1,3,7,271,0,1
1,1,0,4,1,11,5,1,13,2,1,3,1,3,7,357,0,1
1,1,0,4,1,11,2,1,10,2,1,4,1,3,7,331,0,1
1,1,1,4,1,20,1,1,12,1,1,2,1,3,7,252,0,1
1,1,1,5,1,1,9,1,13,2,1,0,1,0,0,143,0,1
1,1,0,4,1,20,5,2,13,2,1,0,1,3,7,238,0,1
1,1,1,4,1,12,9,1,12,2,1,2,1,3,7,274,0,1
1,1,1,5,1,11,8,1,5,1,2,0,1,0,0,97,0,1
1,1,0,4,1,11,5,1,0,2,1,0,1,0,0,84,0,1
1,1,1,4,1,11,7,2,13,2,1,3,1,3,7,336,0,1
1,1,1,5,1,13,8,2,12,1,1,1,1,3,7,170,0,1
1,1,1,4,1,16,1,1,13,2,1,4,1,0,0,12,0,1
1,2,1,5,1,11,2,2,12,1,1,2,1,0,0,3,0,1
1,1,1,4,1,13,11,2,12,2,1,1,1,0,0,81,0,1
1,1,1,4,1,20,6,2,13,1,1,5,1,3,7,191,0,1
0,1,0,4,1,4,12,2,13,2,1,4,1,0,0,53,0,1
1,2,0,4,1,11,4,1,12,2,2,3,1,0,0,165,0,1
1,1,1,4,1,10,9,1,13,2,2,2,1,0,0,62,0,1
1,1,1,4,1,10,5,2,13,2,2,2,1,0,0,83,0,1
1,1,1,5,1,13,3,2,12,2,0,4,1,3,7,233,0,1
0,1,0,4,1,20,1,2,13,2,1,1,1,3,7,203,0,1
1,1,0,4,1,13,4,2,13,2,1,3,1,3,7,237,0,1
1,1,0,4,1,12,1,1,12,2,1,2,1,0,0,47,0,1
1,1,0,4,1,11,2,2,12,1,1,1,1,3,7,292,0,1
1,1,0,4,1,16,5,2,12,2,1,0,1,3,7,221,0,1
1,1,0,4,1,11,9,1,13,2,1,3,1,0,0,180,0,1
1,1,1,1,1,11,4,1,8,2,1,3,1,0,7,203,0,1
1,1,1,4,1,4,8,1,12,2,1,3,1,0,0,22,0,1
0,1,0,6,1,11,4,2,0,1,1,2,1,0,7,121,0,1
1,1,0,4,1,20,5,2,13,2,2,2,1,3,7,278,0,1
1,1,0,4,1,13,5,1,13,2,2,2,1,0,0,207,0,1
1,1,1,4,1,13,5,1,13,2,2,3,1,0,0,78,0,1
0,1,1,5,1,14,4,2,12,2,1,3,1,0,0,16,0,1
1,1,0,4,1,13,12,1,12,2,1,2,1,3,7,248,0,1
1,1,1,5,1,20,8,2,13,2,1,1,1,0,0,152,0,1
1,1,1,5,1,10,3,2,12,2,1,2,1,0,0,9,0,1
1,1,1,4,1,13,5,1,12,2,1,3,1,0,0,88,0,1
1,1,1,5,1,12,11,1,10,2,2,0,1,3,7,237,0,1
0,1,0,4,1,4,2,1,12,2,1,7,1,0,0,73,0,1
1,1,0,4,1,11,5,1,9,2,1,2,1,3,7,251,0,1
1,1,1,4,1,12,9,2,5,2,1,1,1,0,0,145,0,1
1,2,1,5,1,16,6,1,12,2,1,6,1,0,0,28,0,1
1,1,0,4,1,12,2,2,12,2,1,5,1,3,0,298,0,1
1,1,1,4,1,11,2,1,13,2,1,1,1,3,7,284,0,1
1,1,0,4,1,19,2,2,13,2,1,5,1,3,7,260,0,1
1,1,0,4,1,11,4,1,12,2,1,1,1,3,7,285,0,1
1,2,0,4,1,11,9,1,12,2,1,4,1,3,7,377,0,1
0,1,0,4,1,13,4,2,13,1,1,4,1,0,0,125,0,1
1,1,0,4,1,11,7,2,13,2,2,1,1,3,7,352,0,1
1,1,1,4,1,10,5,2,12,2,1,0,1,0,0,150,0,1
1,1,1,5,1,13,1,1,5,1,2,2,1,3,7,150,0,1
0,1,1,5,1,13,9,2,13,2,1,2,1,0,7,176,0,1
1,1,1,5,1,13,2,1,13,2,1,4,1,0,0,46,0,1
1,2,1,5,1,21,1,1,12,1,1,1,1,3,7,126,0,1
1,2,1,4,1,11,6,1,13,1,2,1,1,3,7,203,0,1
1,1,0,4,1,13,9,2,12,2,1,1,1,3,7,344,0,1
1,2,1,5,1,13,8,2,13,1,1,2,1,0,0,35,0,1
1,1,1,4,1,13,1,1,12,2,1,2,1,3,7,238,0,1
1,1,1,4,1,11,2,1,13,2,1,2,1,3,7,370,0,1
0,1,0,4,1,11,1,1,13,1,1,4,1,0,0,129,0,1
1,1,1,4,1,16,5,2,10,2,1,1,1,0,0,215,0,1
1,1,0,4,1,13,9,2,12,2,1,2,1,0,0,72,0,1
1,1,1,4,1,13,4,2,12,2,1,2,1,0,0,124,0,1
1,1,0,4,1,12,9,2,1,1,1,4,1,3,7,303,0,1
1,1,0,4,1,16,5,1,13,1,1,3,1,0,0,88,0,1
1,1,0,4,1,11,7,1,12,2,1,0,0,0,7,145,0,1
1,1,1,4,1,13,5,1,13,2,2,1,1,3,7,235,0,1
1,1,1,5,1,12,9,1,5,2,1,1,1,3,7,262,0,1
1,1,0,4,1,11,4,2,10,2,1,0,1,3,7,286,0,1
1,1,0,4,1,13,1,1,12,2,1,3,1,0,0,20,0,1
1,1,0,4,1,1,9,2,12,1,2,2,1,3,7,286,0,1
1,1,0,4,1,13,1,1,12,2,1,4,1,0,0,164,0,1
1,1,0,4,1,19,5,2,13,2,1,3,1,0,0,161,0,1
1,1,1,5,1,10,9,2,8,2,1,4,1,0,0,32,0,1
1,1,0,4,1,11,4,2,10,2,1,3,1,0,7,202,0,1
1,1,0,4,1,16,4,2,0,2,1,1,1,0,0,81,0,1
0,1,0,4,1,20,5,2,13,2,1,3,1,3,7,291,0,1
1,1,1,5,1,16,5,2,0,2,1,2,1,0,0,112,0,1
1,1,1,4,1,16,5,1,10,2,1,1,1,0,0,62,0,1
1,1,0,4,1,11,2,2,13,1,1,0,1,0,0,141,0,1
1,1,1,4,1,11,7,1,13,1,1,2,1,0,0,44,0,1
1,1,1,4,1,19,1,1,5,2,1,5,0,3,2,322,0,1
1,1,1,4,1,11,9,2,1,2,1,2,1,3,7,218,0,1
1,1,0,4,1,11,4,2,6,2,1,0,1,3,7,270,0,1
1,1,1,5,1,2,1,1,10,2,1,0,1,0,7,157,0,1
1,2,1,6,1,13,8,1,12,2,1,2,1,0,0,150,0,1
1,1,0,4,1,11,4,2,13,2,1,0,1,0,0,174,0,1
1,1,1,4,1,10,5,2,13,2,3,3,1,3,7,189,0,1
1,1,0,4,1,11,2,1,12,1,1,2,1,0,0,173,0,1
0,1,0,6,1,20,9,1,12,2,1,1,1,3,9,189,0,1
1,1,1,5,1,10,5,2,10,1,1,3,1,0,0,95,0,1
1,1,0,4,1,13,2,2,12,1,1,3,1,3,7,250,0,1
1,1,1,4,1,16,1,1,13,2,1,5,1,0,0,180,0,1
1,1,1,5,1,1,6,1,13,2,1,2,1,0,0,95,0,1
1,1,1,5,1,16,9,2,13,2,1,3,1,3,7,320,0,1
1,1,1,5,1,16,1,1,13,2,1,2,1,3,7,180,0,1
1,1,1,5,1,16,9,1,13,2,1,5,1,0,0,113,0,1
0,2,1,4,1,12,2,2,0,2,1,3,1,3,7,237,0,1
1,1,1,5,1,16,7,2,14,2,1,2,1,3,7,195,0,1
1,1,0,4,1,16,3,2,3,2,1,4,1,3,7,300,0,1
1,1,0,6,1,13,9,1,13,2,1,1,1,3,7,378,0,1
1,1,0,4,1,13,12,1,2,2,1,2,1,0,0,47,0,1
1,1,0,4,1,14,3,1,12,2,1,3,1,0,0,71,0,1
1,2,0,4,1,14,1,1,13,2,1,1,1,0,0,149,0,1
1,1,1,5,1,3,10,1,13,2,1,2,1,3,7,322,0,1
1,1,1,5,1,15,6,2,12,2,1,3,1,0,0,32,0,1
1,1,0,4,1,16,2,2,13,2,1,2,1,3,7,257,0,1
1,1,0,5,1,1,10,2,3,2,1,0,1,3,3,209,0,1
1,1,1,5,1,13,3,1,12,1,1,4,1,0,0,13,0,1
1,1,0,6,1,3,10,2,12,1,1,2,1,0,0,57,0,1
1,2,0,4,1,16,12,1,12,1,1,7,1,3,6,232,0,1
1,1,0,4,1,10,11,2,13,2,1,1,1,0,0,7,0,1
1,2,0,6,1,16,3,1,12,2,1,2,1,3,5,324,0,1
1,1,0,4,1,16,2,1,12,2,1,4,1,0,0,32,0,0
1,1,0,6,1,10,12,2,13,2,1,3,1,0,0,106,0,1
1,1,0,6,1,13,3,1,12,2,1,1,1,3,5,199,0,1
1,1,0,4,1,13,3,1,13,2,1,1,1,0,0,181,0,1
1,1,1,5,1,13,3,2,12,2,2,2,1,3,7,236,0,1
1,1,0,4,1,14,8,1,12,2,1,1,1,3,0,225,0,1
1,1,0,4,1,16,3,2,3,2,1,3,1,3,5,354,0,1
1,1,0,6,1,16,6,1,13,2,1,3,1,0,0,16,0,1
1,1,0,5,1,13,10,2,13,2,1,3,1,3,0,150,0,1
1,1,0,4,1,13,11,1,12,2,1,1,1,0,0,168,0,1
1,1,0,4,1,5,11,1,13,1,1,1,1,3,0,88,0,1
1,1,0,4,1,10,3,2,12,1,1,3,1,3,3,181,0,1
1,1,0,4,1,3,4,2,12,1,1,1,1,3,0,200,0,1
1,1,0,5,1,10,11,2,13,1,1,2,1,0,0,85,0,1
1,1,0,6,1,10,12,1,13,2,1,1,1,0,0,70,0,1
1,1,0,4,1,16,3,1,13,2,1,2,1,3,0,222,0,1
1,1,0,5,1,11,3,1,13,2,2,1,1,0,0,82,0,1
1,1,1,5,1,4,11,2,13,2,2,1,1,0,0,46,0,1
1,1,0,5,1,16,11,2,12,1,1,4,1,0,0,111,0,1
1,1,0,5,1,13,3,2,12,2,1,2,1,0,0,154,0,1
1,1,1,5,1,15,11,1,12,1,1,0,1,3,3,198,0,1
1,1,0,5,1,13,7,2,13,2,1,1,1,0,0,110,0,1
1,1,0,4,1,16,1,1,13,2,1,2,1,0,0,38,0,1
1,1,1,5,1,16,5,2,9,1,2,1,1,0,0,23,0,1
1,1,0,4,1,3,3,1,3,2,1,4,1,3,5,273,0,1
1,2,0,2,1,16,3,1,12,2,1,1,1,3,5,298,0,1
1,2,1,5,1,16,12,1,12,1,1,2,1,3,0,155,0,1
1,1,1,5,1,3,7,1,13,2,1,2,1,3,7,354,0,1
1,1,0,5,1,13,11,2,9,2,1,1,1,3,6,372,0,1
1,2,0,4,1,14,7,2,12,2,1,1,1,0,0,148,0,1
1,1,0,6,1,15,6,2,13,2,1,2,1,0,0,221,0,1
1,1,0,4,1,14,7,1,12,2,1,4,1,3,6,250,0,1
1,2,0,4,1,13,3,1,12,2,1,3,1,3,6,297,0,1
1,1,1,2,1,16,3,2,3,2,1,1,1,3,7,196,0,1
1,1,1,7,1,14,3,2,12,2,1,2,1,0,3,147,0,1
1,1,0,4,1,13,7,1,12,2,1,2,1,3,3,184,0,1
1,1,0,4,1,16,10,1,13,2,1,1,1,3,6,275,0,1
1,1,0,4,1,13,3,2,12,2,1,3,1,0,0,129,0,1
1,1,1,5,1,16,12,1,2,2,1,3,1,3,7,189,0,1
1,1,0,6,1,16,8,2,2,2,1,1,1,0,0,245,0,1
1,1,0,4,1,10,12,1,13,2,1,3,1,3,5,281,0,1
0,1,0,6,1,15,11,2,13,1,1,2,1,3,3,247,0,1
1,1,0,6,1,13,7,2,14,2,1,3,1,3,5,302,0,1
1,1,1,4,1,13,12,1,12,2,1,1,1,0,0,50,0,1
1,1,0,5,1,14,7,2,3,1,1,3,1,3,3,233,0,1
1,2,1,5,1,16,12,1,13,2,1,5,1,3,0,158,0,1
1,1,0,5,1,16,7,2,2,2,1,5,1,3,0,165,0,1
1,1,0,6,1,10,1,2,13,2,1,1,1,0,0,118,0,1
1,1,1,5,1,4,7,1,13,2,1,4,1,0,0,98,0,1
1,1,1,6,1,10,12,1,12,2,1,0,1,3,5,243,0,1
1,2,0,4,1,11,3,2,13,2,1,0,1,3,0,198,0,1
1,1,0,4,1,13,12,1,3,1,2,3,1,3,5,189,0,1
1,1,0,5,1,16,7,1,13,2,1,1,1,0,0,39,0,1
1,1,0,6,1,0,3,2,12,2,1,4,1,0,0,150,0,1
1,1,0,4,1,10,12,2,13,2,1,2,1,0,0,193,0,1
1,1,0,5,1,15,7,2,12,2,1,4,1,3,0,146,0,1
1,1,1,5,1,10,8,2,12,2,1,3,1,0,0,29,0,1
1,1,0,6,1,14,7,2,12,2,1,2,1,3,0,148,0,1
1,1,0,5,1,0,7,2,13,2,1,3,1,3,0,164,0,1
1,1,0,5,1,16,3,2,12,1,1,3,1,3,5,213,0,1
1,1,1,5,1,14,7,2,12,1,1,1,1,3,3,257,0,1
1,1,1,6,1,13,12,2,13,2,1,3,1,3,7,271,0,1
1,1,0,6,1,13,8,2,3,1,1,2,1,3,5,194,0,1
1,1,1,5,1,1,9,1,12,1,1,0,1,0,0,8,0,1
1,2,1,5,1,16,7,2,12,2,1,4,1,0,0,82,0,1
1,1,0,5,1,16,7,1,3,1,1,5,1,3,5,142,0,1
1,1,1,5,1,16,12,2,13,2,1,2,1,0,0,93,0,1
1,2,1,4,1,16,3,1,13,2,1,0,1,0,0,65,0,1
1,1,1,5,1,20,3,1,13,2,1,0,1,3,3,221,0,1
1,1,0,4,1,1,1,1,12,2,1,3,1,0,0,93,0,1
1,1,0,4,1,14,4,2,12,2,1,0,1,0,0,64,0,1
1,1,0,6,1,13,7,2,13,2,1,3,1,3,7,159,0,1
1,1,1,5,1,16,10,2,13,2,1,3,1,3,7,177,0,1
1,1,0,4,1,10,2,2,13,1,1,2,1,3,0,188,0,1
1,1,0,4,1,16,5,2,13,2,1,4,1,0,0,18,0,1
1,1,1,5,1,16,3,1,12,2,1,2,1,3,7,370,0,1
1,1,0,4,1,13,10,2,13,2,1,5,1,0,0,59,0,1
1,1,0,4,1,13,7,1,13,2,1,5,1,3,7,156,0,1
1,1,0,4,1,13,3,2,3,2,1,3,1,0,0,181,0,1
1,1,1,5,1,16,12,1,13,2,1,5,1,0,0,82,0,1
1,1,0,4,1,13,7,2,13,2,1,0,1,0,0,155,0,1
1,1,1,5,1,16,9,1,12,2,1,2,1,3,7,233,0,1
1,1,0,6,1,13,5,1,13,2,1,2,1,0,0,61,0,1
1,2,1,5,1,16,3,1,12,2,1,3,1,3,7,239,0,1
1,1,0,4,1,13,12,1,13,1,1,4,1,3,5,264,0,1
1,1,1,5,1,16,12,1,13,2,1,3,1,3,5,317,0,1
1,1,0,4,1,13,12,1,13,2,1,1,1,0,0,13,0,1
1,1,0,4,1,16,5,2,3,2,1,1,1,3,0,212,0,1
1,1,1,5,1,12,9,2,10,2,1,0,1,0,0,13,0,1
1,1,0,4,1,14,3,1,12,1,1,3,1,3,0,152,0,1
1,1,0,4,1,14,11,2,13,2,1,2,1,3,3,144,0,1
1,1,1,5,1,16,12,2,11,2,1,5,1,3,7,291,0,1
1,1,0,4,1,3,4,2,3,2,1,2,1,3,5,272,0,1
1,1,1,5,1,13,12,2,12,2,1,2,1,3,7,268,0,1
1,1,0,5,1,13,6,1,13,2,1,3,1,3,5,259,0,1
1,2,0,4,1,13,7,1,2,2,1,1,1,0,0,14,0,1
1,1,1,5,1,13,7,1,13,2,1,2,1,0,0,69,0,1
1,1,0,4,1,0,3,1,3,2,1,2,1,3,5,301,0,1
1,1,0,4,1,13,4,2,2,2,1,4,1,3,7,310,0,1
1,1,0,6,1,16,7,1,2,2,1,4,1,3,7,190,0,1
1,2,1,5,1,13,7,1,12,2,1,1,1,0,0,127,0,1
1,1,1,4,1,16,7,1,3,2,1,2,1,0,7,110,0,1
1,1,0,4,1,13,7,1,12,2,1,3,1,0,0,72,0,1
1,2,1,5,1,13,9,1,13,2,1,4,1,0,0,78,0,1
1,1,0,4,1,10,10,1,13,2,1,4,1,3,5,275,0,1
1,1,0,4,1,13,7,2,13,1,1,3,1,0,0,28,0,1
1,1,0,4,1,13,11,2,13,1,1,3,1,3,5,328,0,1
1,1,0,6,1,15,7,2,13,2,1,3,1,3,3,322,0,1
1,1,0,4,1,13,7,1,12,2,1,2,1,3,5,305,0,1
1,1,0,4,1,14,3,1,3,2,1,2,1,3,3,318,0,1
1,1,0,4,1,13,4,2,12,2,1,2,1,0,0,64,0,1
1,2,0,4,1,1,3,2,12,2,1,2,1,3,5,267,0,1
0,1,1,5,1,14,3,1,12,2,1,2,1,3,3,169,0,1
1,2,0,4,1,16,12,1,13,1,1,3,1,3,5,228,0,1
1,1,0,4,1,13,3,2,12,1,1,3,1,3,3,166,0,1
1,1,0,4,1,11,3,1,12,2,2,2,1,0,0,95,0,1
1,1,0,6,1,10,12,1,13,2,2,2,1,3,5,378,0,1
1,1,0,4,1,13,3,1,12,2,1,2,1,0,0,42,0,1
1,1,0,4,1,13,8,1,12,1,1,2,1,0,0,139,0,1
1,1,1,5,1,16,12,1,13,2,1,4,1,3,5,213,0,1
1,1,1,5,1,16,7,2,3,2,1,1,1,3,7,344,0,1
1,1,0,4,1,14,7,2,12,2,1,3,1,3,5,365,0,1
1,1,1,5,1,13,11,1,13,2,1,1,1,3,5,235,0,1
1,1,1,5,1,3,4,1,9,2,1,3,1,0,0,73,0,1
1,1,0,1,1,15,7,1,2,1,1,4,1,3,5,271,0,1
1,1,0,5,1,3,7,2,13,2,1,2,1,0,0,186,0,1
1,1,1,2,1,10,4,2,6,2,1,0,1,0,0,0,0,1
1,1,0,5,1,16,11,1,13,2,2,3,1,0,0,48,0,1
1,1,0,4,1,13,3,2,12,2,2,4,1,3,5,136,0,1
1,1,1,5,1,13,11,1,12,2,1,2,1,3,3,185,0,1
1,1,1,5,1,13,3,1,13,2,1,1,1,3,0,205,0,1
1,2,0,5,1,13,9,2,13,1,1,4,1,0,0,5,0,1
1,1,0,4,1,13,3,1,12,2,1,0,1,3,5,250,0,1
1,1,0,5,1,16,3,1,12,2,1,2,1,3,7,201,0,1
1,1,0,4,1,10,5,2,13,2,1,5,1,0,0,58,0,1
1,1,0,4,1,13,4,1,12,2,1,2,1,0,0,22,0,1
1,1,0,4,1,13,3,1,12,2,1,2,1,0,0,46,0,1
1,1,0,5,1,13,4,2,3,2,1,3,1,3,7,231,0,1
1,2,1,1,1,10,7,1,4,2,1,2,1,3,6,221,0,1
1,1,0,5,1,13,7,1,13,2,1,4,1,0,0,32,0,1
0,1,0,1,1,4,11,1,12,2,1,1,1,0,0,42,0,1
1,1,1,5,1,3,12,2,13,2,1,1,1,0,0,8,0,1
1,1,1,7,1,16,12,2,12,1,1,1,1,0,0,20,0,1
1,1,1,5,1,13,5,1,12,1,2,1,1,0,0,58,0,1
1,1,0,6,1,3,10,2,12,2,1,1,1,3,7,223,0,1
1,2,0,4,1,1,3,2,12,1,2,0,1,3,7,364,0,1
1,1,0,4,1,14,8,2,3,2,1,3,1,3,7,304,0,1
1,1,1,5,1,10,1,2,13,1,1,2,1,0,0,131,0,1
1,2,1,5,1,16,12,2,2,1,1,3,1,0,0,105,0,1
1,2,1,5,1,3,4,1,12,2,1,1,1,3,7,181,0,1
1,1,1,5,1,13,10,2,13,2,1,3,1,3,7,212,0,1
1,1,0,4,1,16,6,1,13,2,2,3,1,0,0,15,0,1
1,1,0,4,1,13,9,1,12,2,1,2,1,3,6,229,0,1
1,1,0,4,1,13,7,2,12,1,1,3,1,3,5,119,0,1
1,1,1,5,1,13,3,1,3,2,1,1,1,3,5,343,0,1
1,1,0,4,1,16,5,1,12,2,1,2,1,0,0,93,0,1
1,1,1,5,1,10,3,1,12,2,1,1,1,0,0,111,0,1
1,1,0,4,1,14,1,2,13,2,1,2,1,0,3,171,0,1
1,1,1,6,1,15,11,1,13,2,1,2,1,3,7,377,0,0
1,1,0,4,1,13,3,1,14,2,1,5,1,3,5,187,0,1
1,2,1,6,1,14,3,1,12,2,1,2,1,3,7,268,0,1
1,1,0,6,1,14,12,2,2,2,1,1,1,0,0,116,0,1
1,1,1,5,1,16,7,2,12,2,1,2,1,3,0,165,0,1
1,1,0,4,1,10,7,2,12,2,1,2,1,3,5,302,0,1
1,2,0,5,1,13,8,1,2,1,1,6,1,0,0,87,0,1
1,1,1,5,1,15,11,1,13,1,2,1,1,3,0,119,0,1
1,2,0,4,1,16,10,1,12,2,1,6,1,0,0,5,0,1
1,1,0,4,1,13,5,1,13,2,1,0,1,0,0,107,0,1
1,1,1,5,1,10,12,2,3,2,1,1,1,3,7,332,0,1
1,1,0,5,1,14,7,2,13,2,1,2,1,0,0,34,0,1
1,1,0,4,1,16,5,2,3,2,1,2,1,0,0,138,0,1
1,1,0,6,1,13,7,2,8,1,1,0,1,0,0,49,0,1
1,1,0,4,1,4,7,1,13,1,1,3,1,0,0,92,0,1
1,1,0,5,1,16,5,2,3,2,1,3,1,0,0,80,0,1
1,2,0,4,1,4,7,1,12,2,1,5,1,3,5,220,0,1
1,1,1,5,1,13,11,1,12,2,1,4,1,3,5,268,0,1
1,1,0,4,1,4,3,2,12,2,1,3,1,3,5,321,0,1
1,1,1,5,1,16,1,1,8,2,1,3,1,0,5,139,0,1
1,1,0,4,1,13,11,1,4,2,1,0,1,3,0,144,0,1
1,1,0,5,1,3,8,2,12,2,1,3,1,3,5,223,0,1
0,1,0,6,1,16,7,2,4,2,1,2,1,3,6,325,0,1
1,1,1,5,1,13,3,2,12,2,1,2,1,0,0,101,0,1
1,1,1,5,1,4,3,1,13,2,1,1,1,0,0,86,0,1
1,1,0,5,1,15,11,1,13,2,1,1,1,3,5,273,0,1
1,1,1,5,1,16,12,1,12,1,1,3,1,3,7,258,0,1
1,1,1,5,1,10,6,2,13,2,1,4,1,0,0,70,0,1
1,1,1,5,1,13,11,2,12,1,1,5,1,0,0,35,0,1
1,1,0,4,1,15,12,2,13,2,2,4,1,3,3,272,0,1
1,1,0,4,1,3,3,2,3,2,2,3,1,3,5,318,0,1
1,1,0,4,1,0,6,1,13,2,1,4,1,3,3,303,0,1
1,1,1,5,1,16,11,2,12,1,1,0,1,3,7,174,0,1
1,2,1,5,1,16,12,1,11,2,1,4,1,3,7,247,0,1
1,1,0,5,1,4,11,1,13,1,1,3,1,3,0,178,0,1
1,1,1,4,1,13,3,1,12,2,1,1,1,3,6,281,0,1
1,1,0,4,1,4,7,2,12,2,1,3,1,3,5,208,0,1
1,1,1,5,1,13,5,2,13,1,1,3,1,0,5,73,0,1
1,2,0,1,1,14,7,1,13,2,1,1,1,0,0,32,0,1
1,1,1,5,1,10,7,1,8,2,1,1,1,3,7,235,0,1
1,1,0,4,1,4,3,1,12,2,1,1,1,0,0,155,0,1
1,2,0,4,1,14,7,2,2,2,1,4,1,3,7,294,0,1
1,1,0,4,1,16,12,1,2,2,1,5,1,3,7,188,0,1
1,2,1,5,1,16,10,1,12,2,1,4,1,3,3,157,0,1
1,1,0,4,1,13,3,1,12,2,1,3,1,3,5,248,0,1
1,2,0,6,1,13,4,2,12,2,1,1,1,0,0,124,0,1
1,1,1,5,1,10,11,1,12,2,1,1,1,3,3,332,0,1
1,1,0,4,1,16,7,1,13,2,1,4,1,0,0,117,0,1
1,1,1,5,1,16,3,1,12,1,1,6,1,3,5,293,0,1
1,1,1,6,1,13,10,1,13,2,1,2,1,3,7,340,0,1
1,1,0,4,1,13,3,1,12,2,1,1,1,3,5,292,0,1
1,1,0,4,1,13,12,2,12,1,1,4,1,0,0,56,0,1
1,1,0,4,1,13,7,1,13,1,1,0,1,3,5,165,0,1
1,1,0,4,1,13,6,1,12,2,1,2,1,0,0,65,0,1
1,1,0,4,1,3,3,2,3,2,1,1,1,3,3,333,0,1
1,1,1,5,1,4,10,1,12,2,2,1,1,3,0,180,0,1
1,1,0,4,1,0,7,2,3,2,1,1,1,3,5,350,0,1
1,1,0,4,1,14,5,1,3,2,1,5,1,3,3,264,0,1
1,1,0,4,1,10,5,1,12,2,1,1,1,0,0,214,0,1
1,2,0,4,1,10,7,1,12,2,1,4,1,0,0,98,0,1
1,2,0,4,1,13,7,1,12,2,1,0,1,3,6,339,0,1
1,1,1,5,1,4,11,1,13,1,2,0,1,3,5,201,0,1
1,2,0,4,1,13,7,1,12,2,1,0,1,3,5,247,0,1
1,1,0,4,1,10,11,1,13,2,2,3,1,3,0,168,0,1
1,2,1,4,1,16,6,1,12,1,1,5,1,3,0,135,0,1
1,2,0,4,1,13,3,1,12,2,1,0,1,3,5,194,0,1
1,1,0,4,1,13,9,1,12,2,1,3,1,3,7,205,0,1
1,1,1,5,1,10,7,1,13,2,1,2,1,3,3,223,0,1
1,1,0,4,1,14,7,1,12,2,1,2,1,3,3,264,0,1
1,1,0,4,1,10,11,2,13,2,1,0,1,0,0,144,0,1
1,2,0,1,1,10,7,1,13,2,1,2,1,3,5,357,0,1
1,2,1,6,1,14,12,2,2,2,1,1,1,3,7,175,0,1
1,1,0,4,1,13,11,2,13,2,1,1,1,3,5,229,0,1
0,1,0,6,1,13,12,2,13,1,2,3,1,3,5,241,0,1
1,1,0,1,1,4,12,1,12,2,1,3,1,3,6,280,0,1
1,1,0,4,1,13,9,2,12,1,1,3,1,3,5,211,0,1
1,1,1,5,1,1,6,1,12,2,1,2,1,0,0,5,0,1
1,1,1,5,1,10,11,1,9,2,1,3,1,3,3,227,0,1
1,1,0,5,1,10,12,1,13,2,1,5,1,3,5,265,0,1
1,1,0,4,1,10,5,2,13,2,1,2,1,3,5,173,0,1
1,1,1,5,1,14,3,2,9,2,1,1,1,3,7,274,0,1
1,1,0,5,1,13,12,2,3,2,1,6,1,3,5,379,0,1
1,1,1,5,1,16,3,2,12,2,1,1,1,0,0,88,0,1
1,1,0,5,1,10,3,1,12,2,1,0,1,3,5,281,0,1
1,1,0,6,1,13,7,2,13,1,1,3,1,0,0,63,0,1
1,2,0,5,1,13,6,2,9,2,1,5,1,3,5,246,0,1
1,1,0,6,1,13,3,1,3,2,1,3,1,3,5,288,0,1
1,1,1,5,1,16,12,2,13,2,1,2,1,3,5,350,0,1
1,1,0,4,1,13,3,1,12,1,1,4,1,3,5,314,0,1
1,1,0,4,1,14,7,2,12,1,1,1,1,0,0,58,0,1
1,1,0,6,1,1,3,2,2,2,1,3,1,3,7,186,0,1
1,1,1,5,1,13,7,1,13,2,1,4,1,3,3,252,0,1
1,1,1,5,1,16,1,1,3,2,1,2,1,0,0,130,0,1
1,1,1,5,1,16,9,1,12,1,1,2,1,0,0,17,0,1
1,1,0,5,1,13,3,1,3,2,1,3,1,3,5,352,0,1
1,1,0,6,1,13,3,1,12,2,1,1,1,3,5,348,0,1
1,1,0,4,1,10,11,1,13,2,1,2,1,0,0,141,0,1
1,1,1,5,1,13,11,1,3,2,1,2,1,3,5,248,0,1
1,1,1,5,1,13,7,1,13,2,1,3,1,0,0,25,0,1
1,1,0,4,1,13,7,2,12,2,1,3,1,3,5,305,0,1
1,1,1,5,1,16,6,1,13,1,1,3,1,0,0,33,0,1
1,2,0,4,1,16,3,2,12,2,1,2,1,3,5,277,0,1
1,1,1,4,1,13,12,1,8,1,1,1,1,0,5,131,0,1
1,1,1,5,1,10,6,2,12,2,1,2,1,3,5,299,0,1
1,1,0,4,1,13,12,2,9,2,2,3,1,0,0,146,0,1
1,1,1,4,1,16,12,1,13,2,1,2,1,0,0,65,0,1
1,1,0,6,1,16,7,2,3,1,1,2,1,3,5,339,0,1
1,2,1,5,1,16,2,2,13,1,1,1,1,0,0,0,0,1
1,1,1,5,1,13,3,1,12,2,1,1,1,0,0,25,0,1
1,1,0,6,1,5,12,1,13,2,1,2,1,3,5,372,0,1
1,1,1,5,1,15,3,1,12,2,1,3,1,0,0,117,0,1
1,1,0,6,1,16,12,2,13,2,1,0,1,3,7,346,0,1
1,1,0,4,1,3,11,2,13,2,2,4,1,3,0,136,0,1
1,1,0,4,1,16,3,1,3,1,1,5,1,3,7,238,0,1
1,1,0,6,1,16,12,1,12,2,1,3,1,3,5,188,0,1
1,1,1,2,1,13,3,2,12,2,1,0,1,3,7,329,0,1
1,1,0,4,1,3,7,1,13,2,1,1,1,3,0,198,0,1
1,2,1,5,1,10,5,2,13,2,1,3,1,3,5,258,0,1
1,1,0,5,1,16,7,2,3,2,1,4,1,3,5,306,0,1
1,1,0,4,1,3,4,2,12,2,1,1,1,3,5,270,0,1
1,1,1,6,1,14,1,1,12,1,1,1,1,3,0,175,0,1
1,1,0,6,1,13,12,1,13,1,1,3,1,3,5,372,0,1
1,1,0,4,1,16,8,2,12,1,1,3,1,3,7,150,0,1
1,1,0,4,1,9,10,2,3,2,2,2,1,3,5,276,0,1
1,2,0,5,1,10,3,1,13,2,1,3,1,4,3,193,0,1
1,2,0,4,1,3,4,2,12,2,1,1,1,0,0,100,0,1
1,2,1,5,1,16,7,1,4,1,1,3,1,3,0,167,0,1
1,1,1,5,1,16,9,2,12,1,1,4,1,3,7,240,0,1
1,1,0,6,1,3,8,2,13,1,1,2,1,0,0,24,0,1
1,2,1,5,1,16,7,2,2,2,1,3,1,3,3,294,0,1
1,1,0,6,1,4,7,1,13,2,1,2,1,3,5,246,0,1
1,1,0,4,1,1,6,1,13,1,2,4,1,3,6,241,0,1
1,1,0,4,1,13,7,2,3,2,1,7,1,3,5,350,0,1
1,1,1,5,1,10,10,2,13,2,1,4,1,0,0,116,0,1
1,1,1,5,1,11,3,1,13,2,1,0,1,0,0,116,0,1
1,1,0,4,1,13,8,2,12,2,1,3,1,3,5,373,0,1
1,1,0,5,1,16,7,1,2,2,1,3,1,0,0,121,0,1
1,2,0,4,1,13,7,1,12,2,1,4,1,0,0,111,0,1
1,1,0,4,1,16,7,1,12,2,1,5,1,0,0,48,0,1
1,1,0,5,1,16,3,1,14,2,2,4,1,3,6,315,0,1
1,1,0,6,1,14,11,1,13,1,1,2,1,0,0,49,0,1
1,1,1,5,1,13,8,2,3,1,1,0,1,0,0,96,0,1
1,1,0,4,1,13,3,1,3,2,2,2,1,3,7,216,0,1
1,1,0,6,1,1,3,1,12,1,1,0,1,0,0,11,0,1
1,2,0,4,1,14,3,1,12,1,1,2,1,3,6,347,0,1
1,1,0,4,1,13,3,1,12,2,1,3,1,3,7,248,0,0
1,1,0,4,1,16,5,2,12,2,1,2,1,3,0,187,0,1
1,1,0,6,1,16,7,2,2,2,1,4,1,3,7,142,0,1
1,1,0,4,1,13,3,1,2,2,1,3,1,0,0,50,0,0
1,1,0,5,1,10,3,2,9,2,2,2,1,0,0,70,0,1
1,1,1,5,1,13,7,1,13,2,1,4,1,3,5,175,0,1
1,2,1,5,1,16,6,2,13,2,1,2,1,0,0,1,0,1
1,1,0,5,1,3,4,2,13,2,2,3,1,0,0,192,0,1
1,1,0,5,1,16,3,2,14,2,1,4,1,0,3,134,0,1
1,1,0,4,1,11,7,1,13,1,1,2,1,3,0,175,0,1
1,1,1,5,1,13,11,1,12,1,1,0,1,0,0,84,0,1
1,1,0,4,1,10,12,2,3,2,1,5,1,3,5,239,0,1
1,1,1,5,1,16,5,2,13,2,1,3,1,3,7,204,0,1
1,1,0,4,1,3,8,2,3,2,1,4,1,3,3,351,0,1
1,1,0,4,1,13,10,1,12,1,1,5,1,3,5,322,0,1
1,1,0,4,1,10,11,1,13,2,1,5,1,0,0,20,0,1
1,2,0,4,1,13,3,1,12,2,1,1,1,3,0,247,0,1
1,1,0,6,1,1,11,2,12,2,1,1,1,0,0,95,0,1
1,1,1,5,1,10,3,1,3,2,1,2,1,3,5,344,0,1
1,1,0,4,1,13,12,1,13,2,1,6,1,3,5,326,0,1
1,1,0,4,1,5,5,2,13,1,1,2,1,0,0,58,0,1
1,1,0,6,1,14,7,1,12,2,1,2,1,3,0,207,0,1
1,1,0,6,1,14,12,1,13,2,2,1,1,0,0,71,0,1
1,1,0,5,1,4,7,2,12,1,1,2,1,0,0,87,0,1
1,1,0,4,1,14,11,2,3,1,1,0,1,3,5,190,0,1
1,1,0,4,1,16,11,1,13,2,1,5,1,3,6,267,0,1
1,2,1,5,1,1,6,1,12,2,1,3,1,3,7,256,0,1
1,1,0,4,1,10,11,1,13,1,2,3,1,0,0,40,0,1
1,1,0,5,1,10,12,1,12,2,1,4,1,0,0,39,0,1
1,1,0,4,1,16,11,1,13,2,1,4,1,3,5,185,0,1
1,1,0,4,1,13,3,1,12,2,2,2,1,3,5,374,0,1
1,1,1,5,1,10,3,2,3,2,2,0,1,3,5,262,0,1
1,1,1,5,1,13,11,2,13,2,1,3,1,3,6,351,0,1
1,2,0,5,1,1,6,2,7,2,1,5,1,3,5,187,0,1
1,1,0,4,1,4,12,2,12,1,1,2,1,3,7,201,0,1
1,1,0,5,1,3,11,2,13,2,1,2,1,0,0,21,0,1
1,1,0,4,1,13,8,2,13,2,1,0,1,3,7,226,0,1
1,1,1,5,1,16,12,1,13,2,1,3,1,3,7,213,0,1
1,1,0,4,1,13,3,1,12,2,1,3,1,3,5,333,0,1
1,1,0,5,1,1,3,2,12,2,2,4,1,3,5,195,0,1
1,1,0,4,1,13,7,2,13,2,1,2,1,3,5,211,0,1
1,1,0,5,1,13,5,1,12,2,1,2,1,0,0,118,0,1
1,2,1,5,1,1,12,1,12,2,2,2,1,3,5,233,0,1
1,1,0,4,1,13,7,2,14,2,1,2,1,3,5,315,0,1
1,1,0,5,1,4,10,2,13,2,1,3,1,0,0,67,0,1
1,1,0,4,1,13,5,2,12,2,1,5,1,0,0,66,0,1
1,1,1,5,1,10,11,1,13,2,1,3,1,0,0,114,0,1
1,1,0,5,1,15,10,2,12,2,1,2,1,3,3,276,0,1
1,1,0,5,1,13,12,2,3,2,1,4,1,3,0,224,0,1
1,1,0,4,1,16,12,1,13,2,1,5,1,0,0,36,0,1
1,1,1,4,1,4,11,1,13,1,1,5,1,3,7,225,0,1
1,1,1,5,1,16,12,1,9,2,1,4,1,0,0,70,0,1
1,2,1,5,1,16,7,2,2,2,1,0,1,3,7,229,0,1
1,1,0,6,1,16,6,1,13,2,1,4,1,3,0,189,0,1
1,1,0,6,1,13,7,2,13,2,1,1,1,0,0,86,0,1
1,1,1,6,1,4,11,1,12,2,1,1,1,3,0,233,0,1
1,1,0,4,1,13,7,2,3,2,1,1,1,3,3,328,0,1
1,2,1,5,1,10,6,2,12,1,2,2,1,3,5,214,0,1
1,2,0,4,1,13,9,1,13,2,1,0,1,0,0,1,0,1
1,1,0,6,1,1,11,1,12,2,1,3,1,3,3,353,0,1
1,1,1,5,1,14,1,1,4,1,1,2,1,3,7,177,0,1
0,1,0,1,1,14,11,1,13,1,1,0,1,0,0,45,0,1
1,1,0,4,1,13,7,2,13,2,1,2,1,3,7,308,0,1
1,2,0,6,1,14,11,2,12,2,1,0,1,0,0,104,0,1
1,1,0,4,1,13,7,1,12,2,1,1,1,3,7,297,0,1
1,1,0,6,1,13,7,2,2,1,1,3,1,3,5,215,0,1
1,1,0,4,1,13,7,2,13,2,1,1,1,3,5,228,0,1
1,1,0,4,1,3,11,1,3,2,2,2,1,3,5,248,0,1
1,2,0,4,1,13,10,1,2,2,1,2,1,3,0,174,0,1
1,1,0,6,1,13,7,1,12,2,1,2,1,0,0,118,0,1
1,1,0,5,1,1,11,2,13,2,1,2,1,3,7,294,0,1
1,1,1,5,1,16,1,1,12,2,1,3,1,3,7,173,0,1
1,1,0,5,1,16,5,2,13,1,1,1,1,3,7,208,0,1
1,1,0,4,1,10,5,1,3,1,1,2,1,3,7,172,0,1
1,1,0,4,1,13,7,2,13,2,2,0,1,3,5,243,0,1
1,1,0,4,1,10,6,1,12,2,1,6,1,0,0,31,0,1
1,1,0,5,1,10,6,2,13,1,1,4,1,0,0,51,0,1
1,1,0,4,1,13,3,2,12,2,1,3,1,3,5,279,0,1
1,1,0,4,1,16,1,1,12,2,1,1,1,3,0,194,0,1
1,1,0,4,1,11,7,1,13,2,1,2,1,3,0,125,0,1
1,1,0,4,1,13,8,1,11,2,1,3,1,3,7,379,0,1
1,1,0,4,1,11,9,1,7,2,1,4,1,3,7,302,0,1
1,1,0,6,1,13,11,1,12,1,2,2,1,0,0,80,0,1
1,1,1,2,1,11,1,2,13,2,1,3,1,0,0,15,0,1
1,1,0,4,1,11,4,1,10,2,1,0,1,0,7,179,0,1
1,2,0,4,1,11,1,2,13,2,1,1,1,3,7,373,0,1
1,1,0,5,1,11,5,2,13,2,2,3,1,3,0,246,0,1
1,1,0,4,1,13,8,2,12,1,1,1,1,0,0,70,0,1
1,1,1,7,1,13,9,1,0,2,1,2,1,0,0,55,0,1
1,1,1,4,1,13,8,2,13,2,1,1,1,0,0,129,0,1
1,1,0,4,1,13,8,2,13,2,1,1,1,3,7,193,0,1
1,1,1,5,1,13,9,2,13,2,1,1,1,0,0,123,0,1
1,1,0,4,1,11,1,1,13,2,1,0,1,3,6,363,0,1
1,1,1,5,1,13,1,1,13,1,1,2,1,0,0,22,0,1
1,1,1,4,1,13,1,2,12,2,1,2,1,0,0,60,0,1
1,1,0,4,1,2,5,1,12,2,1,3,1,3,7,357,1,1
1,2,0,4,1,16,4,2,12,2,1,4,1,3,6,325,0,1
1,1,0,4,1,11,4,2,7,1,1,2,1,3,7,257,0,1
1,1,0,4,1,11,4,2,11,2,1,1,1,3,7,333,0,1
1,1,1,4,1,16,1,2,12,1,1,1,1,3,7,343,0,1
1,1,0,4,1,11,4,2,7,2,1,6,1,3,10,198,0,1
1,1,1,5,1,10,1,2,12,2,1,1,1,3,7,294,0,1
1,1,0,4,1,11,4,2,5,2,1,3,1,0,0,155,0,1
1,1,0,4,1,11,1,2,13,2,1,4,1,3,7,204,0,1
1,1,0,4,1,11,6,1,12,2,1,3,1,3,7,231,0,1
1,2,0,4,1,11,1,1,12,2,1,0,1,3,0,168,0,1
1,1,0,4,1,13,9,1,12,2,1,4,1,3,6,260,0,1
1,1,1,4,1,10,5,1,10,2,1,3,1,3,0,210,0,1
1,1,1,4,1,13,1,1,12,2,1,1,1,3,7,295,0,1
1,1,0,4,1,11,1,1,7,2,1,2,1,3,10,330,0,1
1,1,0,4,1,11,5,1,13,2,1,4,1,3,6,254,0,1
1,1,1,5,1,4,6,1,12,1,1,4,1,3,0,167,0,1
1,1,1,4,1,16,1,1,10,2,1,2,1,0,7,30,0,0
1,1,0,4,1,13,4,2,12,2,1,4,1,0,0,33,0,1
1,1,0,4,1,14,5,2,11,2,2,1,1,3,7,185,1,1
1,1,1,7,1,11,1,2,13,2,1,1,1,3,7,248,0,1
1,1,0,4,1,2,9,2,10,1,1,3,1,3,7,191,0,1
1,1,1,4,1,13,8,1,12,1,1,0,1,0,0,33,0,1
1,1,0,4,1,13,11,2,13,1,1,1,1,3,0,200,0,1
1,1,0,4,1,11,4,2,12,2,1,0,1,3,7,357,0,1
1,1,0,4,1,11,4,2,12,2,1,3,1,3,7,272,0,1
1,1,0,4,1,11,7,1,13,2,1,3,1,3,0,199,0,1
1,1,1,5,1,1,2,2,13,2,1,4,1,0,0,113,0,1
1,1,0,4,1,11,9,2,13,2,2,3,1,3,0,214,0,1
1,1,1,7,1,13,9,1,11,2,1,2,1,3,7,268,0,1
1,1,0,4,1,11,1,1,13,2,1,2,1,0,0,202,0,1
1,1,0,4,1,11,1,2,13,2,1,1,1,3,0,348,0,1
1,1,1,4,1,4,1,1,12,1,1,1,1,0,0,48,0,1
1,1,1,5,1,1,1,1,11,1,2,2,1,0,0,13,0,1
1,1,0,4,1,11,1,1,13,2,1,1,1,0,0,78,0,1
1,1,0,4,1,11,4,2,0,2,1,0,1,3,7,307,0,1
1,1,0,4,1,10,11,2,12,2,1,0,1,0,0,53,0,1
1,1,0,4,1,11,6,2,12,2,1,2,1,3,6,291,0,1
1,1,1,5,1,16,5,1,8,2,1,3,1,0,0,4,0,1
1,1,0,4,1,19,5,2,13,2,1,4,1,0,0,153,0,1
1,1,1,4,1,11,5,1,12,2,1,2,1,3,7,241,0,1
1,1,0,4,1,13,11,2,13,2,1,0,1,3,10,255,0,1
1,1,0,4,1,11,5,2,13,2,1,3,1,3,7,306,1,1
1,1,0,4,1,1,1,1,13,2,1,3,1,0,0,52,0,1
1,1,0,4,1,13,8,2,13,2,1,4,1,3,0,177,0,1
1,2,0,4,1,13,9,1,12,2,1,4,1,3,0,175,0,1
1,1,1,5,1,11,1,1,12,2,1,1,1,3,7,301,0,1
1,1,0,4,1,11,5,2,13,2,1,2,1,0,0,65,0,1
1,1,0,6,1,13,9,2,11,2,2,2,1,3,7,241,0,1
1,1,0,4,1,11,1,1,12,1,1,2,1,3,0,208,0,1
1,1,1,4,1,11,9,1,12,2,1,3,1,3,7,365,0,1
1,1,0,4,1,13,8,1,13,2,1,1,1,0,0,59,0,1
1,1,0,4,1,11,8,1,0,2,1,2,1,3,7,331,0,1
1,1,1,5,1,10,9,1,10,1,2,4,1,3,7,239,0,1
1,1,0,4,1,13,6,1,12,2,1,3,1,3,6,271,1,1
1,1,1,4,1,13,12,1,12,2,1,2,1,3,7,259,0,1
0,1,0,4,1,13,4,2,13,2,1,1,1,0,0,63,0,1
1,1,0,4,1,1,11,2,12,1,1,2,1,0,0,113,0,1
1,1,1,6,1,11,5,1,13,2,1,2,1,0,0,73,0,1
1,1,0,4,1,13,9,1,13,2,1,1,1,3,7,278,0,1
1,1,1,5,1,16,1,2,13,2,1,2,1,3,0,169,0,1
1,1,1,4,1,16,1,1,12,2,1,5,1,3,7,212,0,1
1,1,0,5,1,13,5,2,9,2,1,1,1,3,0,191,0,1
1,1,0,4,1,11,2,2,12,2,1,4,1,0,0,96,0,1
1,1,0,4,1,14,8,1,13,2,1,3,1,0,0,134,0,1
1,1,1,4,1,11,1,1,13,1,1,5,1,3,11,174,0,1
1,1,1,5,1,13,9,2,13,2,1,4,1,0,0,45,0,1
1,1,1,5,1,13,8,2,13,2,1,1,1,0,0,32,0,1
1,1,1,5,1,13,9,2,13,2,1,2,1,0,0,232,0,1
1,2,0,4,1,11,1,1,12,2,1,0,1,3,7,260,0,1
1,1,1,4,1,16,8,2,12,2,1,5,1,3,7,274,0,1
1,1,1,4,1,11,8,2,13,1,1,2,1,3,7,287,0,1
1,1,0,4,1,21,2,1,12,2,1,4,1,3,7,283,0,1
1,1,0,4,1,13,5,2,8,2,1,3,1,0,0,40,0,1
1,1,1,2,1,11,2,2,12,1,1,1,1,0,0,25,0,1
1,1,0,4,1,1,9,2,12,2,1,2,1,3,0,190,0,1
1,1,0,4,1,2,9,2,13,2,1,3,1,3,7,221,0,1
1,1,0,4,1,14,4,2,12,2,1,3,1,3,6,264,0,1
1,1,1,7,1,13,9,2,0,2,1,0,1,0,0,55,0,1
1,1,1,4,1,13,9,2,13,2,1,4,1,3,7,256,0,1
1,1,0,6,1,13,4,1,12,2,1,0,1,0,0,74,0,1
1,1,0,4,1,16,2,1,12,1,1,4,1,3,0,201,0,1
1,1,0,4,1,0,4,2,13,2,1,2,1,3,0,274,0,1
1,1,0,6,1,4,9,2,12,2,1,3,1,0,0,93,1,1
1,1,0,4,1,11,2,1,12,1,1,4,1,0,0,13,0,1
1,1,0,4,1,10,1,2,13,2,1,1,1,0,0,172,0,1
1,1,0,4,1,16,5,2,5,2,1,2,1,3,7,163,0,1
1,2,1,4,1,10,4,2,13,2,1,2,1,0,0,82,0,1
1,1,1,5,1,16,5,1,10,2,1,3,1,3,0,182,1,1
0,1,0,4,1,4,7,1,13,1,1,3,1,3,10,217,0,1
1,1,1,4,1,10,1,2,13,1,1,3,1,3,7,216,0,1
1,1,1,5,1,13,9,1,12,2,2,4,1,3,7,359,0,1
0,1,0,4,1,0,1,2,13,2,1,3,1,0,0,141,0,1
1,1,0,4,1,13,6,2,13,2,1,2,1,3,10,202,0,1
1,1,0,6,1,11,9,1,13,2,1,1,1,0,0,111,0,1
1,1,0,4,1,2,5,2,13,2,1,2,1,0,0,139,0,1
1,1,0,4,1,13,1,2,13,2,1,1,1,3,0,272,0,1
1,1,0,4,1,11,8,1,13,2,1,2,1,0,0,92,0,1
1,1,0,4,1,2,1,1,12,2,2,1,1,3,0,273,0,1
1,1,0,4,1,13,8,1,10,2,1,1,1,3,6,210,0,1
1,1,0,4,1,11,5,1,12,2,1,1,1,3,0,234,0,1
1,1,0,4,1,11,2,2,13,1,1,0,1,0,0,5,0,1
1,1,1,2,1,16,4,2,11,2,1,2,1,0,7,139,0,1
1,1,0,5,1,11,2,2,5,2,2,2,1,0,0,113,0,1
1,1,0,4,1,16,11,1,12,1,1,2,1,3,7,214,0,1
1,1,1,5,1,16,8,2,11,1,2,0,1,3,7,346,0,1
1,1,0,7,1,11,1,2,11,2,2,2,1,3,7,299,1,1
1,1,0,1,1,11,4,1,10,2,1,2,1,3,7,140,0,1
1,1,1,5,1,14,4,2,12,2,1,1,1,3,7,180,0,1
1,1,0,4,1,11,1,2,12,2,1,0,1,3,7,324,0,1
1,1,1,4,1,13,5,2,5,2,1,1,1,0,0,168,0,1
1,1,0,6,1,12,8,2,13,1,1,2,1,0,0,97,0,1
1,1,0,4,1,4,5,2,13,2,1,5,1,3,7,270,0,1
1,2,0,4,1,1,9,2,12,2,1,0,1,0,0,169,0,1
1,1,1,4,1,13,9,1,13,2,1,1,1,3,7,347,0,1
1,1,1,4,1,21,9,2,10,2,1,3,1,3,10,300,0,1
1,1,0,4,1,11,11,1,13,2,1,2,1,3,0,238,1,1
1,1,1,4,1,2,5,2,12,2,1,1,1,3,7,280,1,1
1,2,0,4,1,10,8,1,12,2,1,1,1,0,0,149,0,1
0,1,0,4,1,2,5,2,11,2,1,2,1,3,7,309,0,1
1,1,1,5,1,13,1,1,13,2,1,1,1,3,7,299,2,1
1,1,0,4,1,11,9,1,12,2,1,2,1,3,0,172,0,1
1,1,0,4,1,11,5,1,13,1,1,2,1,3,0,241,0,1
1,1,0,4,1,13,6,1,12,2,1,5,1,0,0,118,0,1
1,1,1,4,1,16,5,1,8,2,2,2,1,0,0,87,0,1
1,1,0,4,1,16,1,2,12,2,1,0,1,3,7,249,0,1
1,1,0,4,1,11,5,2,13,2,1,3,1,0,0,231,0,1
1,1,1,5,1,1,6,1,13,2,2,4,1,3,7,207,0,1
1,1,1,4,1,13,1,1,13,1,1,3,1,0,0,96,0,1
1,1,1,4,1,0,5,1,12,2,1,2,1,3,7,175,1,0
1,1,0,4,1,11,2,2,7,2,1,1,1,0,0,67,0,1
1,1,1,5,1,13,9,1,13,2,1,0,1,0,0,131,0,1
1,1,1,5,1,16,12,1,10,2,1,4,1,0,0,104,0,1
1,1,0,4,1,11,6,2,13,2,1,4,1,3,0,185,0,1
1,1,0,4,1,11,11,2,13,2,2,0,1,3,7,340,0,1
1,1,0,4,1,16,4,1,10,2,1,3,1,3,7,257,0,1
1,1,0,4,1,4,9,2,13,2,1,4,1,3,6,225,1,1
1,1,0,4,1,13,1,2,12,2,1,3,1,0,0,166,0,1
1,1,0,6,1,1,1,1,12,1,2,1,1,0,0,31,0,1
1,1,1,4,1,4,9,2,13,2,1,3,1,3,7,330,0,1
1,2,1,4,1,11,4,1,12,2,1,0,1,0,0,110,0,1
1,1,1,4,1,13,5,1,12,2,1,3,1,3,6,183,1,1
1,1,0,4,1,1,2,2,13,2,1,2,1,0,0,130,0,1
1,2,1,4,1,13,4,1,13,1,1,3,1,0,0,38,0,1
1,1,1,5,1,13,9,1,10,2,1,1,1,3,0,178,0,1
1,2,0,4,1,13,1,1,13,1,1,4,1,0,0,40,0,1
1,1,0,4,1,11,6,2,13,2,1,2,1,3,0,223,0,1
1,1,0,4,1,13,9,1,13,2,2,1,1,0,0,145,0,1
1,1,0,4,1,13,5,1,13,2,1,2,1,0,0,168,0,1
0,1,0,4,1,13,8,1,12,2,1,3,1,3,6,246,0,1
1,1,0,4,1,14,1,1,1,1,1,3,1,0,0,75,0,1
1,2,1,4,1,10,5,2,8,2,1,4,1,0,0,141,0,1
1,2,0,4,1,16,1,1,13,2,1,4,1,3,0,209,0,1
1,1,0,4,1,11,5,1,10,2,2,1,1,3,0,312,0,1
1,1,0,4,1,2,4,2,13,2,1,3,1,3,7,355,0,1
1,1,1,5,1,13,9,2,13,2,1,1,1,3,0,211,0,1
1,1,0,4,1,16,2,1,12,2,1,4,1,0,0,160,0,1
1,1,1,4,1,11,6,1,13,2,1,2,1,3,7,130,0,1
1,1,1,4,1,13,6,2,12,2,1,3,1,0,0,42,0,1
1,1,1,4,1,1,6,1,12,2,1,4,1,3,7,345,0,1
1,1,1,5,1,4,10,2,12,2,1,5,1,0,0,44,0,1
1,1,0,4,1,16,4,1,10,2,1,4,1,3,7,211,0,1
1,1,0,4,1,10,1,1,13,2,1,3,1,3,0,294,0,1
1,1,0,4,1,0,2,2,13,2,1,2,1,0,0,8,0,1
1,1,0,4,1,1,1,1,10,2,2,4,1,3,6,241,0,1
1,1,0,4,1,13,8,1,12,1,1,5,1,0,0,37,0,1
1,1,0,4,1,2,9,1,12,2,2,5,1,3,6,266,0,1
1,1,0,4,1,16,9,1,12,2,1,5,1,3,6,264,0,1
1,1,0,5,1,13,9,1,13,2,2,3,1,0,0,71,0,1
1,1,0,4,1,13,8,2,10,2,1,0,1,3,7,361,0,1
1,1,0,4,1,11,5,2,13,2,1,2,1,0,0,177,0,1
1,1,1,7,1,13,9,2,12,2,1,0,1,0,0,133,0,1
1,1,0,4,1,11,1,1,7,2,1,5,1,3,0,217,0,1
1,1,1,5,1,2,6,2,12,2,1,1,1,0,0,68,0,1
1,1,0,6,1,11,5,1,13,2,1,1,1,0,0,102,0,1
1,1,0,4,1,1,9,2,13,2,1,1,1,0,0,61,0,1
1,1,1,5,1,13,9,1,12,2,1,5,1,0,0,97,1,1
1,1,0,4,1,11,4,2,13,2,1,3,1,3,7,281,0,1
1,1,0,4,1,11,5,1,13,2,1,4,1,0,0,58,0,1
1,1,0,5,1,13,9,2,12,2,1,6,1,3,7,293,1,1
1,2,1,5,1,13,7,1,12,2,1,2,1,3,6,218,0,1
1,1,0,4,1,13,6,2,13,2,1,2,1,0,0,40,0,1
1,2,0,5,1,1,6,1,12,2,1,3,1,0,0,141,0,1
1,1,1,4,1,11,1,2,13,2,1,1,1,3,7,299,1,1
1,1,0,6,1,11,12,1,12,1,1,2,1,0,0,92,0,1
1,1,0,4,1,13,1,2,12,2,1,3,1,3,0,206,0,1
1,1,0,4,1,13,9,1,12,2,1,2,1,3,7,339,0,1
1,1,0,6,1,13,8,1,12,1,1,1,1,0,0,118,0,1
1,1,0,4,1,4,4,2,12,2,1,4,1,3,7,284,0,1
1,1,1,4,1,2,5,2,13,2,1,1,1,3,7,343,0,1
1,1,1,4,1,13,5,2,12,2,1,0,1,0,0,130,0,1
1,1,0,4,1,2,6,1,13,1,1,1,1,3,7,177,0,1
1,1,1,5,1,4,1,1,11,1,1,4,1,3,2,207,0,1
1,1,1,4,1,11,5,2,13,2,1,1,1,3,7,280,0,1
1,1,0,4,1,10,10,2,13,2,2,1,1,0,0,93,0,1
1,1,0,4,1,11,4,2,0,2,1,2,1,3,7,229,0,1
1,1,1,5,1,10,5,1,13,2,1,3,1,0,0,27,0,1
1,1,0,4,1,16,5,1,10,2,1,3,1,3,7,375,1,1
0,1,0,4,1,11,4,2,7,2,1,2,1,0,0,170,0,1
0,1,0,4,1,16,1,2,13,2,1,3,1,0,0,93,0,1
1,1,1,5,1,2,9,2,11,1,1,2,1,3,7,258,0,1
1,1,1,5,1,4,5,2,11,2,1,3,1,3,7,195,1,1
1,2,1,5,1,16,1,1,12,2,1,3,1,3,0,200,0,1
1,1,0,4,1,14,8,1,11,2,1,3,1,3,7,230,0,1
0,2,0,4,1,11,4,2,12,2,1,0,1,3,0,233,0,1
1,1,0,4,1,4,5,2,7,2,2,3,1,0,0,64,0,1
1,1,1,4,1,13,5,2,12,2,1,0,1,3,7,235,0,1
1,1,0,4,1,11,4,2,13,2,1,0,1,0,0,82,0,1
1,1,0,4,1,11,4,2,12,2,1,1,1,0,0,179,0,1
1,1,0,4,1,4,9,1,13,2,1,2,1,3,7,259,0,1
1,1,0,4,1,13,8,1,12,2,1,5,1,3,6,352,0,1
1,1,1,4,1,2,7,1,10,2,1,1,1,3,7,254,0,1
1,1,0,4,1,13,1,2,13,2,1,2,1,3,7,325,1,1
1,1,0,4,1,13,5,1,13,1,2,3,1,3,0,165,0,1
1,1,0,4,1,14,1,1,12,2,1,4,1,3,2,206,0,1
1,2,0,4,1,13,8,2,12,2,1,1,1,0,0,170,0,1
1,1,0,4,1,10,5,2,13,2,1,1,1,0,0,84,0,1
1,1,0,4,1,11,12,2,13,2,1,2,1,3,7,290,0,1
1,1,0,4,1,13,8,2,12,2,1,3,1,0,0,118,0,1
0,1,0,6,1,13,1,2,0,2,1,3,1,3,7,302,0,1
1,2,0,4,1,2,6,2,12,2,1,1,1,3,7,293,0,1
1,1,0,4,1,11,2,2,13,2,1,2,1,0,0,161,0,1
1,1,0,4,1,13,9,2,4,1,1,1,1,0,0,186,0,1
1,1,1,5,1,16,5,2,0,1,1,3,1,0,0,82,0,1
1,1,1,5,1,0,1,1,10,2,1,3,1,3,7,247,0,1
1,1,1,4,1,11,8,2,12,2,1,5,1,3,7,377,0,1
1,1,0,5,1,1,6,2,13,2,1,4,1,3,0,146,0,1
1,1,0,4,1,11,2,2,12,1,1,4,1,3,0,165,0,1
1,2,0,4,1,14,4,1,12,2,1,5,1,0,0,91,0,1
1,1,0,4,1,13,6,1,13,1,1,5,1,3,6,254,0,1
1,1,1,6,1,16,5,1,0,2,2,3,1,0,0,36,0,1
1,1,1,5,1,10,9,1,13,2,1,3,1,0,0,75,0,1
1,1,1,4,1,13,11,1,12,2,1,3,1,0,0,93,0,1
1,1,0,4,1,11,11,1,13,2,1,0,1,3,0,150,0,1
1,1,1,5,1,11,5,2,12,2,1,1,1,3,7,238,0,1
1,1,1,4,1,7,8,1,12,2,1,2,1,3,0,191,0,1
1,2,1,5,1,10,8,2,13,2,1,2,1,3,0,241,0,1
1,1,1,5,1,1,1,1,12,2,1,4,1,0,0,66,0,1
1,1,1,5,1,11,9,2,13,2,1,2,1,0,0,85,0,1
1,1,0,4,1,11,4,1,8,2,1,0,1,0,0,199,0,1
1,1,1,5,1,13,9,1,13,2,1,4,1,0,0,125,0,1
1,1,1,4,1,16,1,1,13,1,1,2,1,0,0,177,0,1
1,1,0,4,1,10,11,1,13,1,1,4,1,3,6,338,0,1
1,1,0,4,1,11,1,1,12,2,1,0,1,3,10,297,0,1
1,1,1,5,1,1,1,2,12,1,1,4,1,3,7,266,0,1
1,1,0,4,1,13,1,1,12,1,1,0,1,0,0,105,0,1
1,1,0,4,1,13,9,2,13,2,1,1,1,0,0,155,0,1
1,2,0,6,1,11,2,2,12,2,1,1,1,0,0,22,0,1
1,1,0,4,1,11,2,1,13,2,1,3,1,0,0,101,0,1
1,1,0,4,1,13,7,2,12,2,1,3,1,3,0,137,0,1
1,1,0,4,1,1,6,1,13,2,1,2,1,0,0,109,1,1
1,1,0,4,1,13,2,1,13,2,1,2,1,0,0,18,0,1
1,1,1,5,1,16,5,1,0,2,1,3,1,3,0,182,0,1
1,1,1,5,1,11,2,2,12,1,1,5,1,3,7,225,0,1
0,1,0,4,1,2,5,2,13,2,1,3,1,0,0,82,0,1
1,1,0,4,1,11,4,2,13,2,1,2,1,0,0,134,0,1
1,1,0,4,1,11,4,1,12,2,1,2,1,3,0,206,0,1
1,1,0,4,1,13,5,1,13,2,2,3,1,3,0,191,2,1
1,1,1,5,1,13,1,2,12,1,1,4,1,3,7,242,0,1
1,1,0,4,1,11,6,2,13,2,1,2,1,3,7,362,0,1
0,1,1,2,1,16,1,1,12,2,1,0,1,0,0,46,0,1
1,1,0,4,1,11,9,2,12,2,1,1,1,0,0,89,0,1
1,1,0,4,1,13,8,2,12,2,1,4,1,3,7,277,0,1
0,1,0,6,1,13,8,1,10,1,1,2,1,3,6,265,0,1
1,1,0,4,1,11,1,2,13,2,1,1,1,0,0,38,0,1
1,2,0,4,1,13,9,1,12,2,1,1,1,0,0,83,0,1
1,1,1,5,1,16,5,2,12,2,2,1,1,3,7,230,0,1
1,1,0,4,1,4,9,2,13,1,1,2,1,0,0,157,0,1
1,1,1,5,1,11,8,2,13,1,1,0,1,0,0,111,0,1
1,2,0,4,1,1,11,2,12,2,1,2,1,0,0,58,0,1
1,1,0,4,1,11,2,2,13,2,1,4,1,3,7,201,1,1
1,1,0,6,1,11,1,2,13,2,1,2,1,0,0,169,0,1
1,1,0,4,1,13,12,1,13,2,2,3,1,3,7,209,0,1
1,1,0,4,1,4,10,1,12,2,1,4,1,0,0,25,0,1
1,1,1,4,1,11,9,1,13,2,1,1,1,0,0,105,0,1
1,1,1,4,1,13,1,2,13,1,1,2,1,0,0,71,0,1
1,1,0,4,1,4,2,2,13,1,1,3,1,0,0,58,0,1
1,1,1,7,1,11,1,1,13,2,1,1,1,3,0,177,1,1
1,2,0,4,1,11,8,2,10,2,1,4,1,3,7,267,0,1
1,2,1,4,1,16,1,1,12,2,1,2,1,3,0,122,0,1
1,1,0,4,1,13,1,2,12,2,1,2,1,0,0,114,0,1
1,1,0,4,1,13,5,1,13,2,1,3,1,0,0,60,0,1
1,1,0,4,1,13,9,1,0,2,1,4,1,0,0,118,1,1
1,1,0,5,1,13,8,2,13,1,1,2,1,0,0,156,0,1
1,1,0,6,1,13,9,1,12,1,1,4,1,0,0,89,0,1
1,1,1,5,1,16,1,1,13,1,1,1,1,0,0,77,0,1
1,1,0,4,1,16,5,1,13,1,1,1,1,0,0,109,0,1
1,1,1,5,1,11,5,1,13,2,1,2,1,0,0,69,0,0
1,1,0,4,1,11,5,2,12,2,1,1,1,3,6,315,0,1
1,1,0,4,1,13,5,1,13,2,2,1,1,0,0,99,0,1
1,1,0,4,1,13,12,1,10,2,1,2,1,0,0,178,0,1
1,1,0,4,1,11,5,2,12,2,2,4,1,3,0,160,0,1
1,1,1,5,1,16,4,2,12,2,1,1,1,0,0,29,0,1
1,1,0,4,1,11,5,1,12,2,1,3,1,3,7,303,0,1
1,1,1,5,1,1,9,2,0,2,1,0,1,3,7,313,0,1
1,1,1,5,1,10,1,1,13,1,2,0,1,0,0,21,0,1
1,2,1,5,1,1,1,2,12,2,1,3,1,3,7,296,0,1
1,1,0,4,1,11,9,1,12,2,1,0,1,0,0,106,0,1
1,1,0,4,1,4,1,1,13,1,1,3,1,0,0,117,0,1
1,1,1,4,1,13,8,1,12,2,1,2,1,0,0,163,0,1
1,1,0,4,1,10,1,1,12,2,1,0,1,0,0,9,0,1
1,1,0,4,1,13,8,1,8,2,1,6,1,3,6,252,0,1
1,1,0,4,1,1,6,1,13,2,1,5,1,3,0,191,0,1
1,1,0,4,1,11,4,2,13,2,1,0,1,3,7,367,0,1
1,1,1,5,1,13,5,2,13,2,2,2,1,3,7,207,0,1
1,1,0,4,1,13,1,1,10,2,1,3,1,3,7,238,0,1
0,2,0,4,1,13,1,1,13,1,1,2,1,3,7,304,0,1
1,1,0,4,1,10,5,2,10,2,1,3,1,3,6,306,0,1
1,1,0,4,1,11,8,2,13,2,1,2,1,3,7,344,0,1
1,2,0,4,1,13,3,1,12,2,1,2,1,0,0,113,0,1
1,1,0,4,1,13,9,2,12,2,1,0,1,3,7,197,0,1
1,2,1,4,1,11,6,1,12,2,1,3,1,0,0,106,0,1
1,1,0,4,1,11,4,2,4,1,1,1,1,0,0,118,0,1
1,1,0,4,1,16,10,2,13,2,1,3,1,0,0,46,0,1
1,1,0,4,1,11,6,2,11,2,1,3,1,3,7,363,0,1
1,1,1,6,1,11,1,1,10,1,1,0,1,3,7,189,0,1
1,1,0,4,1,10,5,1,13,2,1,3,1,0,0,117,0,1
1,1,1,5,1,14,1,1,12,2,1,5,1,0,7,116,0,1
1,1,0,4,1,13,9,1,12,1,1,1,1,0,0,47,0,1
1,1,1,4,1,11,9,1,13,2,1,3,1,3,0,148,1,1
0,1,0,4,1,16,5,2,12,1,1,6,1,0,0,78,0,1
1,1,0,4,1,13,4,2,12,1,1,3,1,3,7,282,0,1
1,1,0,4,1,16,5,2,13,2,1,1,1,0,0,171,0,1
1,1,0,4,1,0,4,2,0,2,1,5,1,0,0,154,0,1
1,1,0,5,1,1,6,2,13,2,1,2,1,3,0,211,0,1
1,1,1,5,1,11,2,1,10,1,1,3,1,0,0,104,0,1
1,1,0,4,1,13,4,1,12,2,1,1,1,3,7,300,0,1
1,1,1,5,1,16,1,1,10,2,1,5,1,3,7,199,0,1
1,1,1,5,1,4,11,1,13,1,1,3,1,3,6,181,0,1
1,1,0,4,1,11,4,2,12,2,1,3,1,3,7,225,0,1
1,1,1,4,1,16,9,2,0,2,1,2,1,3,7,205,0,1
1,1,1,5,1,16,1,1,13,2,1,3,1,0,0,72,0,1
1,1,0,4,1,11,9,1,13,2,1,0,1,0,0,48,0,1
1,1,0,5,1,13,9,1,12,2,1,3,1,3,0,225,1,1
1,1,0,4,1,11,6,1,13,2,1,4,1,3,0,208,0,1
1,1,0,4,1,13,8,2,4,1,1,2,1,0,7,177,0,1
1,1,0,4,1,13,1,2,12,1,1,2,1,0,0,201,0,1
1,1,1,5,1,4,12,1,13,2,2,3,1,3,0,159,0,1
1,1,0,4,1,11,6,2,13,2,2,2,1,3,7,210,0,1
1,1,0,4,1,11,9,2,11,2,1,5,1,3,7,260,1,1
1,1,0,4,1,11,1,2,13,2,1,3,1,3,7,262,0,1
1,1,0,4,1,13,3,1,12,2,2,2,1,0,0,85,0,1
1,1,0,4,1,1,1,2,0,2,1,1,1,3,7,353,0,1
1,1,0,4,1,11,5,2,8,2,1,3,1,0,0,145,1,0
1,1,0,4,1,1,1,2,12,2,1,2,1,0,0,78,0,1
1,1,0,4,1,13,8,2,13,2,1,2,1,0,0,127,0,1
1,1,1,4,1,13,1,1,12,2,1,3,1,0,0,198,0,1
1,1,0,4,1,11,4,2,13,2,1,0,1,0,0,98,0,1
1,2,1,5,1,16,4,1,10,2,1,6,1,3,7,260,0,1
1,1,1,4,1,11,8,1,13,2,1,2,1,3,7,379,0,1
1,1,1,4,1,10,5,2,13,2,1,1,1,3,7,219,0,1
1,1,0,4,1,11,12,1,13,2,1,3,1,0,0,40,0,1
1,1,1,4,1,13,4,2,13,1,1,2,1,3,0,148,0,1
1,1,0,4,1,4,1,1,7,2,1,4,1,3,0,180,0,1
1,1,0,4,1,13,9,1,12,2,1,1,1,0,0,84,0,1
1,1,0,4,1,11,6,1,12,2,1,3,1,3,7,289,0,1
1,1,1,6,1,4,5,2,7,2,2,3,1,0,0,4,1,1
1,1,1,6,1,13,2,2,12,2,1,2,1,3,7,308,0,1
1,1,0,4,1,11,9,1,13,2,2,2,1,0,0,33,0,1
1,2,1,5,1,11,9,1,13,2,1,1,1,3,7,184,0,1
1,1,1,4,1,10,5,2,13,2,1,1,1,0,0,59,0,1
1,1,1,5,1,13,7,2,13,1,1,2,1,0,7,103,0,1
1,1,0,4,1,11,1,1,13,2,1,0,1,0,0,105,0,1
1,1,0,4,1,20,9,1,12,1,1,4,1,3,6,156,0,1
1,1,0,4,1,13,5,2,12,1,2,4,1,3,7,308,0,1
1,1,0,4,1,4,5,1,13,1,1,2,1,3,7,151,0,1
1,1,1,5,1,13,9,1,7,2,1,4,1,3,7,243,0,1
1,1,1,3,1,11,9,2,10,2,1,3,1,3,7,339,0,1
1,1,0,4,1,16,4,2,12,2,1,1,1,3,0,149,0,1
1,1,1,4,1,16,8,1,13,2,1,3,1,3,7,222,0,1
1,1,0,4,1,13,8,1,4,2,1,1,1,0,0,186,0,1
1,2,0,4,1,0,5,1,13,2,1,3,1,0,0,151,0,1
1,1,0,4,1,13,1,1,12,2,1,1,1,0,0,23,0,1
1,1,1,5,1,13,8,1,12,2,2,4,1,0,0,148,0,1
1,1,0,4,1,11,10,1,13,2,1,3,1,3,0,138,1,1
1,2,0,4,1,1,2,1,12,2,1,2,1,0,0,37,0,1
1,1,0,4,1,6,5,1,13,2,2,1,1,0,0,7,0,1
1,1,1,4,1,11,1,1,12,2,1,1,1,3,0,207,0,1
1,1,0,4,1,10,2,2,0,2,1,3,1,3,10,256,0,1
1,1,1,5,1,13,9,1,13,2,1,1,1,3,0,171,0,1
1,1,1,5,1,1,8,2,12,2,1,1,1,0,0,162,0,1
1,1,0,4,1,16,8,2,13,1,1,6,1,3,7,243,0,1
1,1,1,4,1,1,9,1,12,1,1,4,1,0,0,47,0,1
1,1,0,4,1,13,8,2,12,2,1,4,1,3,7,288,1,1
1,1,0,5,1,13,8,2,13,1,2,2,1,3,0,145,0,1
1,1,1,5,1,13,8,2,13,2,1,1,1,3,7,245,0,1
1,1,0,4,1,13,12,1,12,2,1,2,1,3,7,251,0,1
0,1,1,3,1,4,5,2,13,2,1,2,1,3,7,213,1,1
1,1,0,4,1,11,4,2,12,2,1,3,1,0,0,103,0,1
0,1,1,5,1,4,11,1,12,2,1,4,1,3,0,190,1,1
1,1,0,4,1,1,10,2,12,2,2,3,1,0,0,36,0,1
1,1,0,4,1,11,1,1,7,2,2,3,1,3,7,145,0,1
1,1,0,4,1,11,11,2,13,1,1,3,1,3,2,342,0,1
1,1,1,4,1,11,1,2,13,2,1,2,1,3,7,299,1,1
1,1,1,4,1,4,5,1,12,2,1,3,1,3,7,140,0,1
1,1,0,4,1,2,8,2,13,2,1,3,1,3,7,314,0,1
0,1,0,4,1,13,8,1,13,1,1,1,1,0,0,90,0,1
1,1,0,6,1,11,4,2,13,1,2,2,1,0,0,109,0,1
1,1,0,4,1,1,1,2,13,2,1,2,1,3,0,237,0,1
1,1,0,4,1,2,12,1,12,2,2,1,1,3,0,255,1,1
1,1,0,4,1,1,3,1,12,2,1,2,1,0,0,113,0,1
1,1,1,5,1,1,9,2,12,1,1,3,1,0,0,23,0,1
1,1,0,4,1,11,1,2,12,2,1,1,1,0,0,103,0,1
1,2,1,7,1,7,9,1,11,2,1,1,1,3,6,265,1,1
1,1,0,4,1,13,1,2,13,2,1,4,1,3,0,204,0,1
1,1,0,4,1,10,1,1,13,2,1,1,1,3,0,284,0,1
1,1,0,4,1,4,4,1,13,2,1,2,1,3,6,376,0,1
1,1,1,4,1,11,5,1,13,2,2,0,1,3,7,345,0,1
1,1,0,4,1,1,5,1,10,2,2,3,1,0,0,125,0,1
1,1,1,4,1,13,9,1,13,1,1,4,1,3,7,198,0,1
1,1,1,4,1,11,1,2,12,2,1,2,1,3,0,168,0,1
1,1,1,4,1,16,9,1,12,2,1,7,1,3,0,118,0,1
1,1,1,5,1,16,5,1,10,2,2,4,1,0,0,132,0,1
0,1,0,4,1,14,4,1,7,2,1,3,1,0,10,144,0,1
1,1,1,5,1,4,4,2,4,1,2,2,1,0,7,117,0,1
1,1,0,5,1,11,9,2,12,2,1,2,1,0,0,127,0,1
1,1,1,5,1,11,9,2,12,2,1,1,1,0,0,30,0,1
1,1,0,4,1,13,1,1,13,2,1,3,1,0,0,11,0,1
1,1,0,4,1,16,9,1,13,2,1,3,1,3,7,365,0,1
1,1,0,6,1,0,6,1,13,2,1,2,1,3,7,247,1,0
1,1,1,5,1,10,12,2,12,1,1,1,1,3,7,188,0,1
1,1,0,4,1,0,6,2,12,2,1,1,1,0,0,206,0,1
1,2,1,5,1,16,12,1,13,2,1,3,1,3,7,175,0,1
1,1,1,5,1,0,7,2,13,2,1,1,1,3,7,286,0,1
1,2,1,5,1,0,6,2,12,2,1,4,0,3,7,234,1,0
1,1,1,5,1,13,6,1,12,2,1,6,1,0,0,69,0,1
1,1,0,4,1,0,11,1,12,2,2,0,1,3,7,188,0,1
1,1,0,5,1,10,7,2,13,2,1,1,1,3,7,316,0,1
1,2,0,4,1,13,3,1,13,2,1,4,1,0,0,100,0,1
1,1,1,5,1,13,9,1,13,1,1,1,1,0,0,60,0,1
1,2,0,4,1,13,7,1,12,2,1,3,1,3,7,304,0,1
1,1,0,4,1,13,7,2,12,2,1,1,1,3,0,230,0,1
1,2,0,4,1,13,5,2,12,2,1,3,1,0,0,35,0,1
1,1,1,5,1,13,3,1,6,1,1,4,1,3,7,367,0,1
1,1,0,4,1,16,9,2,12,1,1,2,1,0,0,24,0,1
1,2,0,4,1,5,7,2,13,2,1,2,1,3,5,280,0,1
0,1,0,1,1,20,7,2,13,2,2,1,1,3,7,294,3,0
1,2,0,4,1,13,7,2,7,2,1,2,1,3,7,261,0,1
0,1,0,1,1,14,7,1,12,2,1,1,1,3,7,275,0,1
1,1,0,4,1,0,2,1,13,2,1,2,1,3,0,226,0,1
1,1,0,4,1,13,6,2,12,2,1,2,1,3,7,208,0,1
0,2,0,4,1,16,7,1,12,2,1,2,1,0,0,99,0,1
1,1,0,4,1,13,9,1,12,2,1,2,1,0,0,130,0,1
1,1,0,4,1,16,9,2,12,2,1,4,1,0,0,33,0,1
1,1,0,4,1,13,10,2,12,2,1,3,1,3,7,200,0,1
1,1,1,5,1,13,3,1,12,2,1,3,1,3,7,182,0,1
1,1,0,4,1,16,7,1,13,2,1,3,1,0,0,56,0,0
1,1,0,4,1,13,7,1,9,2,1,0,1,3,7,364,0,1
1,1,0,4,1,0,2,1,14,2,1,2,1,3,7,244,1,1
1,1,0,4,1,16,3,1,12,2,1,3,1,3,5,172,0,1
1,1,1,5,1,10,6,1,6,2,2,4,1,3,7,370,0,1
1,1,0,4,1,0,7,1,13,2,1,2,1,0,0,120,0,1
1,1,1,5,1,13,3,1,12,2,1,0,1,3,7,281,0,1
1,2,0,4,1,13,4,1,12,2,1,3,1,0,0,129,0,1
1,1,0,6,1,0,10,2,13,2,2,1,0,3,7,239,1,0
1,1,0,4,1,0,7,2,12,2,1,2,1,0,7,149,0,0
1,1,0,4,1,14,7,1,12,2,1,1,1,3,7,190,0,1
1,1,1,4,1,4,7,1,13,2,1,0,1,0,0,90,0,1
1,1,0,4,1,0,7,2,13,2,1,1,1,0,0,19,0,1
1,1,0,4,1,16,9,2,4,1,1,2,1,0,0,38,0,1
1,1,0,4,1,20,10,1,12,2,1,2,1,3,7,321,0,1
1,1,1,5,1,20,7,2,12,2,1,3,1,3,7,328,0,1
1,1,0,1,1,14,7,1,12,2,1,1,1,3,7,303,0,1
1,1,0,4,1,16,12,1,12,1,1,7,1,3,7,310,0,1
1,1,1,5,1,16,7,1,13,2,2,1,1,0,7,47,0,1
1,1,0,4,1,4,7,2,4,2,1,1,1,3,7,264,0,1
1,1,1,5,1,0,6,1,9,2,2,2,1,0,0,137,0,1
1,1,0,6,1,0,7,1,13,2,1,0,1,3,7,147,1,0
1,1,0,6,1,11,9,1,13,1,1,0,1,3,7,214,0,1
1,1,0,4,1,10,11,2,13,2,1,0,1,3,0,185,0,1
1,1,1,5,1,14,2,1,14,1,1,4,1,3,3,147,0,1
1,1,1,5,1,16,5,1,12,1,1,2,1,0,0,22,0,1
1,1,0,4,1,13,11,1,12,1,1,2,1,3,7,369,0,1
1,1,1,5,1,16,1,2,13,2,1,0,1,0,0,12,0,1
1,1,0,4,1,13,6,1,13,2,1,2,1,3,0,239,0,1
1,1,0,4,1,13,3,1,12,2,1,3,1,0,0,171,0,1
1,2,0,5,1,20,7,1,12,1,1,2,1,0,7,157,0,1
1,1,0,4,1,11,7,1,13,2,1,0,1,3,6,318,0,1
1,1,0,5,1,0,7,1,13,2,1,3,1,0,0,120,0,1
1,1,1,5,1,16,3,1,12,1,1,3,1,3,7,201,0,1
1,1,1,5,1,13,7,1,9,1,1,1,1,0,0,82,0,1
1,1,0,4,1,14,3,2,12,2,1,3,1,3,7,265,0,1
1,1,0,4,1,13,7,1,14,1,1,3,1,3,7,329,0,1
1,1,0,4,1,0,10,1,12,2,1,2,1,3,7,288,0,1
1,1,1,5,1,0,7,2,13,2,1,3,1,3,7,156,1,0
1,1,1,5,1,13,3,2,12,1,1,0,1,0,0,141,0,1
1,1,0,4,1,13,3,1,12,2,1,1,1,0,0,131,0,1
1,1,1,5,1,10,11,2,12,2,2,2,1,0,0,82,1,1
1,1,1,5,1,11,7,1,13,2,1,1,1,3,7,136,0,1
1,1,0,5,1,10,11,2,13,2,2,1,1,0,0,111,0,1
1,1,1,1,1,0,7,1,12,2,1,1,1,0,0,142,0,1
1,1,0,4,1,20,7,1,12,2,1,1,1,3,7,285,0,1
1,1,0,4,1,13,7,1,13,2,1,5,1,3,5,238,0,1
0,2,1,5,1,13,7,1,12,2,1,1,0,3,7,273,0,1
1,2,0,4,1,0,7,1,12,2,1,2,1,0,0,147,0,1
1,1,1,5,1,16,9,1,13,1,1,3,1,0,0,58,0,1
1,1,0,5,1,10,7,2,13,2,1,3,1,3,7,322,0,1
0,1,0,1,1,4,7,1,9,2,1,1,1,3,7,237,0,1
1,1,0,4,1,0,7,2,14,2,1,1,1,3,0,124,0,0
1,1,0,4,1,16,7,2,9,1,1,2,1,0,0,63,0,1
1,1,1,5,1,16,7,2,12,1,1,4,1,3,7,210,0,1
1,1,0,4,1,10,7,2,13,2,1,0,1,3,7,339,0,1
1,1,0,4,1,20,7,1,12,2,1,0,1,3,7,304,0,1
1,1,0,5,1,16,2,2,13,2,1,4,1,3,4,234,0,1
1,2,1,1,1,4,7,1,12,2,1,2,1,0,0,25,0,1
1,1,0,4,1,0,6,2,12,2,1,0,1,3,7,268,0,1
1,1,0,4,1,13,9,2,9,1,1,0,1,0,0,80,0,1
1,2,1,5,1,16,2,1,13,1,1,2,1,0,0,30,0,1
1,1,0,5,1,13,7,1,12,1,1,1,1,3,7,199,0,1
1,2,0,4,1,14,3,1,12,2,1,2,0,3,7,259,0,0
1,1,0,6,1,0,7,2,12,2,1,2,1,0,0,188,0,1
1,2,0,4,1,16,7,2,13,2,1,2,1,0,0,26,0,1
1,1,0,4,1,13,9,2,13,1,1,4,1,0,0,7,0,1
1,1,1,5,1,16,3,1,12,2,1,1,1,0,0,29,0,1
1,1,0,5,1,20,1,2,12,2,1,2,1,3,7,96,0,0
1,1,0,5,1,10,3,1,13,2,1,0,1,3,7,364,0,1
1,1,0,4,1,13,7,2,13,2,1,6,1,3,0,182,0,1
1,1,1,5,1,0,7,2,13,2,1,2,1,3,7,293,0,1
1,1,1,5,1,16,6,1,13,2,1,3,1,0,0,9,0,1
0,2,1,5,1,13,6,2,13,1,1,2,1,0,11,68,0,1
1,1,0,4,1,4,7,1,13,2,1,1,1,3,7,135,0,1
1,2,1,5,1,0,1,2,12,2,1,1,1,0,0,74,1,1
1,1,0,5,1,14,7,1,9,2,1,1,1,3,7,197,0,1
1,1,0,4,1,13,2,1,12,2,1,1,1,3,7,177,0,1
1,1,0,5,1,4,5,1,13,1,1,2,1,3,7,234,0,1
1,1,0,5,1,0,6,2,13,2,1,2,1,0,0,25,0,1
0,1,1,5,1,0,7,1,13,2,1,1,1,3,7,337,0,1
1,1,0,1,1,0,7,2,13,2,1,3,0,3,7,271,1,0
1,1,0,4,1,13,7,2,13,2,1,2,1,3,7,298,0,1
1,1,0,5,1,0,7,1,13,2,1,4,1,0,0,77,0,1
1,2,0,4,1,11,7,1,12,1,1,0,1,3,3,167,0,1
1,2,0,4,1,13,7,1,12,2,1,1,1,3,7,269,0,1
1,1,1,5,1,1,10,2,12,1,2,2,1,0,0,73,0,1
1,1,0,4,1,16,11,1,4,1,1,2,1,0,0,119,0,1
1,1,0,4,1,16,7,1,12,2,1,3,1,3,7,211,0,1
1,1,1,5,1,16,9,2,9,2,1,2,1,3,7,202,0,1
1,1,0,4,1,0,6,1,12,2,1,1,1,0,0,132,0,1
1,1,0,4,1,0,7,2,6,2,1,5,1,3,7,361,1,1
1,1,1,5,1,13,3,2,12,2,1,2,1,3,7,345,0,1
1,1,0,5,1,13,7,1,12,2,1,5,1,3,7,286,0,1
1,1,0,4,1,16,10,1,1,2,1,3,1,3,7,147,1,0
1,1,0,5,1,16,3,1,14,1,1,3,1,3,7,240,0,1
1,1,0,4,1,11,7,1,12,2,1,3,1,0,0,108,0,1
1,1,0,4,1,0,7,2,13,2,1,1,0,0,0,183,0,1
1,1,0,4,1,16,7,2,13,2,1,1,1,0,0,163,0,1
1,1,0,4,1,0,7,2,13,2,1,1,1,3,7,363,0,1
1,2,0,4,1,10,11,1,12,2,1,1,1,3,0,183,0,1
1,1,0,4,1,14,7,2,14,2,2,3,1,0,0,68,0,1
1,1,0,5,1,20,10,2,13,1,1,4,1,0,0,86,0,1
1,2,0,4,1,20,7,2,12,2,1,2,1,3,7,352,0,1
1,1,0,4,1,0,10,1,12,2,4,1,1,3,7,363,1,0
1,1,1,5,1,16,1,1,13,1,1,2,1,0,0,4,0,1
1,1,1,6,1,13,3,1,12,2,1,2,1,0,0,45,0,1
1,1,1,5,1,4,10,2,13,1,1,4,1,0,0,34,0,1
1,1,0,4,1,16,2,1,13,2,1,2,1,3,7,351,0,1
1,1,0,6,1,13,12,1,13,1,1,2,1,3,0,203,0,1
1,1,0,5,1,16,2,1,13,2,1,5,1,0,0,58,0,1
1,2,0,4,1,0,7,1,12,2,1,2,0,3,7,289,1,0
1,1,0,6,1,10,12,2,12,2,1,2,1,0,0,65,0,1
1,1,1,5,1,13,7,1,12,2,1,2,1,3,7,321,0,1
1,2,0,4,1,13,11,1,4,1,1,1,1,3,7,251,0,1
1,1,0,4,1,14,7,1,13,2,1,1,1,3,7,346,0,1
1,1,1,5,1,10,11,2,13,2,1,1,1,0,0,60,1,0
1,1,0,4,1,0,7,1,13,2,1,3,1,0,0,53,0,1
1,1,0,4,1,13,3,2,12,1,1,3,1,0,0,88,0,1
1,2,1,5,1,13,3,2,12,2,1,1,1,0,0,30,0,1
1,2,1,5,1,0,6,1,13,2,3,6,1,3,7,251,1,0
1,1,1,5,1,16,3,2,9,2,2,2,1,0,0,177,0,1
1,1,0,4,1,0,3,1,12,2,1,3,1,0,0,114,0,1
0,1,0,4,1,13,10,1,13,2,1,2,1,3,0,266,0,1
1,1,0,5,1,0,6,1,13,2,1,4,1,0,0,76,1,0
1,1,1,6,1,10,12,1,12,2,2,1,1,3,7,172,0,0
1,1,1,5,1,16,1,2,12,2,1,0,1,3,7,271,0,1
1,1,1,5,1,4,6,1,12,2,2,4,1,3,7,308,0,1
1,2,0,4,1,13,7,2,13,2,1,3,1,0,0,15,0,1
1,1,1,4,1,0,2,1,13,2,1,3,1,0,0,58,0,0
1,1,0,4,1,16,7,1,13,2,1,4,1,3,7,304,0,1
1,1,0,4,1,0,7,1,6,2,1,3,0,3,7,364,1,1
0,1,0,4,1,13,7,1,9,1,1,3,1,0,0,35,0,1
1,1,0,6,1,0,12,2,13,2,1,1,1,0,0,73,1,0
1,1,0,4,1,14,2,1,12,1,1,4,1,3,7,153,0,1
1,1,0,4,1,0,7,1,12,2,1,4,1,3,7,310,0,1
1,2,1,5,1,16,3,1,12,2,1,4,1,3,0,218,0,1
1,1,0,4,1,0,10,1,13,2,1,3,1,0,0,67,0,1
1,1,0,4,1,13,11,2,13,2,1,5,1,0,0,69,0,1
1,1,0,4,1,16,6,1,13,1,1,1,1,3,7,312,0,1
1,2,0,4,1,13,2,1,13,2,1,2,1,3,7,273,0,1
1,1,1,5,1,16,7,1,13,2,1,3,1,0,0,87,0,1
1,1,1,5,1,14,12,2,13,2,1,2,1,3,7,282,0,1
1,2,0,4,1,13,3,1,12,1,1,3,1,0,0,155,0,1
1,1,0,4,1,0,7,2,12,2,1,2,1,3,7,214,1,0
1,1,0,4,1,0,7,1,12,2,1,1,1,3,7,296,1,0
1,1,0,4,1,13,7,1,13,2,1,2,1,3,7,302,0,0
1,1,1,5,1,0,5,1,13,2,4,2,1,3,5,229,1,1
1,1,0,4,1,16,7,1,10,1,1,3,1,3,7,235,0,1
1,1,0,5,1,1,12,2,12,2,2,2,1,0,0,70,0,1
1,1,0,4,1,0,10,1,13,2,4,1,1,3,7,360,1,1
1,2,0,1,1,16,2,1,12,2,1,2,1,3,7,334,0,1
1,1,0,5,1,20,7,2,13,2,1,2,1,3,7,232,0,1
1,1,1,5,1,16,6,1,13,2,1,4,1,3,7,188,0,1
1,2,0,4,1,13,11,1,13,1,1,2,1,0,0,41,0,1
1,1,0,4,1,20,7,1,13,2,1,3,1,3,7,353,0,1
1,1,1,5,1,16,7,1,13,1,2,3,1,0,0,78,0,1
0,1,0,6,1,20,2,2,13,1,1,1,1,0,0,28,0,1
1,1,1,5,1,10,6,1,13,1,1,2,1,3,7,322,0,1
0,1,1,5,1,16,7,2,9,2,1,3,1,3,7,303,0,1
1,1,0,4,1,0,10,2,14,2,1,3,1,3,7,244,0,1
1,1,0,4,1,0,7,1,13,2,1,3,1,0,0,38,0,1
1,1,0,5,1,13,6,1,13,1,1,0,1,3,0,118,0,1
1,1,1,5,1,13,7,1,13,2,1,1,1,3,7,179,0,0
1,1,1,5,1,16,7,1,13,2,1,2,1,0,0,124,0,1
1,1,1,5,1,13,6,2,12,2,1,3,1,3,7,172,0,1
1,2,1,5,1,16,9,2,12,2,1,0,1,3,7,276,0,1
1,1,0,4,1,0,9,1,6,2,1,3,1,3,7,186,1,1
1,1,1,5,1,16,6,1,13,2,1,3,1,0,0,182,0,1
1,2,0,4,1,14,7,1,9,2,1,2,1,3,7,294,0,1
1,2,0,4,1,11,9,2,9,2,1,3,1,0,0,33,0,1
1,1,0,4,1,13,7,1,13,2,1,1,1,3,5,283,0,1
1,1,1,5,1,0,7,2,12,2,1,5,0,3,7,302,1,0
1,2,0,4,1,14,7,1,12,2,1,1,1,3,7,375,0,1
1,1,0,4,1,10,2,1,13,2,1,4,1,0,0,49,0,1
1,1,0,4,1,5,7,2,1,2,1,1,1,3,7,231,0,1
1,2,1,5,1,16,2,1,12,1,1,1,1,0,0,0,0,1
1,1,0,4,1,0,7,2,13,2,1,2,0,3,7,307,0,1
1,1,0,4,1,0,7,1,12,2,1,4,1,3,7,260,0,1
1,1,1,5,1,13,7,1,13,2,1,3,1,0,0,94,0,1
1,1,1,5,1,16,3,1,12,2,1,2,1,3,0,160,0,1
1,1,0,5,1,4,7,2,13,2,1,4,1,3,7,308,0,1
1,1,0,4,1,13,10,1,6,2,1,2,1,3,0,134,0,1
0,1,0,4,1,4,11,1,13,2,1,2,1,3,7,285,0,1
1,1,0,4,1,13,6,2,13,2,1,2,1,0,0,83,0,1
1,1,1,5,1,4,7,2,13,2,1,3,1,3,0,136,0,1
0,1,0,6,1,1,7,2,9,2,1,0,1,0,0,126,0,1
1,1,0,4,1,13,11,2,12,1,1,4,1,0,0,82,0,1
1,1,0,6,1,1,6,1,12,1,1,2,1,0,0,0,0,1
1,1,0,5,1,4,2,2,13,2,1,2,1,3,3,174,0,1
1,1,1,5,1,13,6,1,13,1,1,4,1,3,0,157,0,1
1,1,1,5,1,16,7,2,9,1,1,3,1,3,7,306,0,1
1,2,1,5,1,16,2,1,13,2,1,3,1,3,7,308,0,1
1,2,0,4,1,0,6,2,13,2,1,3,1,3,7,250,0,1
1,1,0,1,1,0,7,2,13,2,1,1,1,3,7,175,0,1
0,1,1,5,1,0,7,2,13,2,1,1,1,0,0,110,0,1
1,1,1,5,1,16,3,2,12,2,1,1,1,0,0,51,0,1
1,1,1,5,1,10,5,2,12,2,2,1,1,3,7,109,0,1
1,2,1,5,1,10,6,1,13,2,1,2,1,3,0,144,0,1
1,1,1,5,1,20,7,1,12,2,1,3,1,3,6,190,0,1
1,1,0,5,1,14,3,1,12,2,1,4,1,3,7,342,0,1
1,2,0,5,1,20,7,1,12,2,1,3,1,3,7,241,0,1
1,2,0,5,1,0,7,2,13,2,1,4,1,3,7,341,1,0
1,1,1,5,1,16,11,2,12,1,1,3,1,3,7,209,0,1
1,1,0,4,1,20,10,1,13,2,2,0,0,3,7,264,1,0
1,2,1,5,1,16,3,1,12,1,1,3,1,0,0,142,0,1
1,1,0,4,1,13,10,1,13,2,1,1,1,3,0,165,0,1
1,1,1,5,1,10,10,1,6,2,2,3,1,3,7,165,0,1
1,1,0,4,1,14,7,2,13,2,1,5,1,0,0,90,0,1
1,1,1,5,1,16,5,1,9,2,1,3,1,0,7,146,0,1
1,1,0,5,1,0,6,2,9,2,2,2,0,0,7,160,1,1
1,1,0,5,1,16,5,2,13,2,1,5,1,0,0,2,0,1
1,1,0,4,1,11,3,1,13,2,1,0,1,0,0,60,0,1
1,2,0,4,1,13,9,2,13,2,1,1,1,0,0,183,0,1
1,1,0,4,1,13,7,2,12,2,1,2,1,0,0,70,0,1
1,1,1,5,1,13,5,2,13,2,2,3,1,0,0,54,0,1
1,1,0,5,1,13,7,2,13,1,1,1,1,0,0,51,0,1
1,1,1,5,1,16,12,1,12,2,1,3,0,3,7,305,1,0
1,1,1,5,1,3,6,2,13,1,1,2,1,0,0,146,0,1
1,1,0,4,1,13,11,1,12,1,1,3,1,0,0,20,0,1
1,1,0,5,1,20,7,1,13,2,1,5,1,3,7,263,0,1
1,1,0,5,1,0,7,2,13,2,1,5,1,3,7,211,1,1
1,1,0,5,1,0,10,1,12,2,1,3,1,3,7,225,1,0
1,1,1,5,1,13,7,1,13,1,1,1,1,3,7,172,0,1
1,1,0,5,1,16,12,1,13,2,1,5,1,3,0,177,0,1
1,1,0,4,1,13,7,1,9,2,1,1,1,0,0,151,0,1
1,1,0,5,1,0,7,2,13,2,1,3,1,3,7,258,0,0
1,1,0,4,1,14,2,2,12,2,1,0,1,0,0,75,0,1
1,2,0,4,1,10,7,2,12,2,1,1,1,3,7,253,0,1
1,1,1,5,1,4,11,1,12,1,1,2,1,3,7,330,0,1
1,2,0,4,1,13,6,1,12,1,1,3,1,3,5,186,0,1
1,1,0,4,1,13,5,1,12,2,2,3,1,0,0,70,1,1
1,1,0,6,1,13,6,1,13,2,1,3,1,0,0,63,0,1
1,1,1,5,1,16,7,2,13,1,1,3,1,3,7,256,0,1
1,1,1,5,1,8,7,1,9,2,1,2,1,3,7,104,0,1
0,1,1,5,1,13,7,2,13,1,2,1,1,0,0,37,0,1
0,1,0,4,1,13,11,1,12,1,1,1,1,0,0,0,0,1
1,1,0,4,1,16,6,1,9,1,1,1,1,3,7,289,0,1
1,2,0,4,1,13,3,1,12,2,1,3,1,3,7,196,0,0
1,1,0,5,1,16,3,1,9,2,1,2,1,3,7,206,0,1
1,1,1,5,1,16,7,2,14,2,1,6,1,3,7,184,0,1
1,1,1,5,1,13,7,1,13,2,1,2,1,3,7,317,0,1
1,1,0,5,1,13,6,2,13,2,1,2,1,3,0,241,0,1
1,1,0,4,1,0,3,1,13,2,4,2,1,3,7,319,0,1
0,1,1,5,1,13,10,2,12,2,1,3,1,3,6,203,0,1
1,1,0,4,1,13,3,2,14,2,1,3,1,3,7,294,0,1
1,1,0,4,1,13,3,1,12,1,1,4,1,3,7,198,0,1
1,2,0,4,1,13,7,2,12,1,1,0,1,3,0,177,0,1
1,1,1,5,1,14,7,1,12,1,1,4,1,0,0,57,0,1
1,1,1,5,1,13,3,1,13,2,1,4,1,3,3,153,0,1
1,2,0,4,1,0,7,1,13,2,1,1,1,3,7,352,0,1
1,1,0,6,1,13,8,1,13,1,1,0,1,0,0,35,0,1
1,1,0,4,1,13,11,1,12,2,1,3,1,3,0,264,0,1
1,1,1,5,1,13,3,1,12,2,1,1,1,0,0,132,0,1
1,1,0,4,1,0,2,1,13,2,1,4,1,0,0,29,1,0
1,2,0,6,1,0,12,2,12,2,1,3,1,3,7,152,0,0
1,1,0,5,1,0,6,2,12,2,1,1,1,3,0,166,1,1
1,1,0,4,1,13,7,1,14,1,1,2,1,3,7,212,0,1
1,1,0,5,1,0,6,1,13,2,1,4,1,3,7,307,1,1
0,1,1,5,1,13,7,2,13,2,1,0,1,0,0,100,0,1
1,1,1,5,1,0,11,1,13,2,1,2,1,0,0,73,1,1
1,1,1,5,1,16,2,2,13,2,1,4,1,0,0,91,0,1
1,1,0,5,1,16,6,2,13,1,1,5,1,3,7,336,0,1
1,1,1,5,1,16,6,2,13,1,1,1,1,3,7,372,0,1
1,2,1,5,1,0,3,1,13,2,1,1,0,0,0,149,1,0
1,1,1,6,1,13,12,1,12,2,1,3,1,3,7,215,0,1
1,1,1,5,1,16,7,1,13,2,1,4,1,0,11,110,0,1
1,1,0,5,1,20,10,1,13,2,1,0,1,0,0,145,0,1
1,1,0,6,1,0,6,2,13,2,3,2,1,3,7,250,1,0
1,1,1,5,1,16,2,1,13,1,1,6,1,3,2,194,0,1
1,1,0,4,1,13,7,1,12,1,1,4,1,0,0,88,0,1
1,2,0,4,1,0,6,1,13,2,2,2,1,0,0,8,0,1
1,1,0,4,1,13,9,2,13,2,1,0,1,0,0,173,0,1
1,1,0,4,1,14,7,1,9,2,1,3,1,3,7,307,0,1
0,2,0,5,1,13,7,2,12,2,1,2,1,3,7,243,0,1
1,1,0,4,1,13,3,2,13,2,1,1,1,0,0,120,0,1
1,1,0,4,1,13,3,2,12,2,1,2,1,3,7,96,0,1
0,1,1,5,1,0,10,2,9,2,1,4,1,3,7,257,0,1
1,2,0,4,1,14,2,2,12,2,1,2,1,0,0,102,0,1
1,1,0,4,1,13,11,2,13,2,2,1,1,3,7,282,0,1
0,1,0,4,1,13,12,1,13,2,1,2,1,3,7,204,0,1
1,1,1,5,1,16,3,1,12,2,2,3,1,3,7,345,0,0
1,1,0,4,1,10,2,2,12,2,1,2,1,0,0,74,0,1
1,1,0,7,1,11,7,2,13,2,1,1,1,0,0,74,0,1
1,1,0,4,1,13,6,1,13,1,1,0,1,3,0,199,0,1
1,1,0,4,1,13,7,2,13,2,1,4,1,3,7,222,0,1
1,1,1,5,1,14,11,1,13,2,1,0,1,3,7,263,0,1
1,1,0,4,1,0,7,2,12,2,1,1,1,3,7,186,0,1
0,2,0,4,1,13,7,1,12,2,1,2,1,0,0,129,0,1
1,1,0,4,1,13,7,2,12,2,1,2,1,0,0,188,0,1
0,1,0,5,1,4,7,1,13,2,1,3,0,3,7,273,3,0
0,1,1,5,1,16,9,2,13,1,1,2,1,0,0,10,0,1
1,2,0,4,1,0,10,1,12,2,1,1,1,3,7,129,0,0
1,1,0,4,1,13,7,2,9,2,1,0,1,3,0,198,0,1
1,1,0,4,1,11,7,2,13,1,1,0,1,0,0,105,0,1
1,1,1,5,1,4,12,2,12,1,1,2,1,3,7,172,0,1
1,1,0,4,1,13,7,1,12,2,1,2,1,3,0,163,0,1
1,1,0,6,1,1,3,2,12,2,2,1,1,0,0,94,0,1
1,1,0,4,1,16,5,2,13,2,1,3,1,0,0,76,0,1
1,1,0,4,1,0,9,1,13,2,1,2,1,3,7,277,0,1
1,1,1,5,1,10,9,2,13,2,1,1,1,3,7,331,0,1
1,1,0,4,1,4,7,1,12,2,1,3,1,3,7,241,0,1
1,1,0,4,1,10,6,1,12,2,1,3,1,3,7,202,0,1
1,2,0,4,1,13,12,2,9,1,1,2,1,0,0,156,0,1
1,1,0,5,1,13,6,1,14,1,1,3,1,3,7,315,0,1
1,1,0,5,1,4,6,1,13,2,1,3,1,0,0,19,0,1
1,1,0,4,1,13,11,2,13,1,1,5,1,0,0,1,0,1
1,1,1,5,1,16,3,2,13,1,1,2,1,0,0,34,0,1
1,1,0,4,1,13,9,1,13,2,1,4,1,3,7,315,0,1
1,1,1,5,1,16,4,2,12,2,1,3,1,3,7,216,0,1
1,1,0,4,1,13,10,1,13,2,1,0,1,0,0,45,0,1
1,1,1,5,1,0,6,1,13,2,1,3,1,0,0,135,0,1
1,1,0,6,1,0,6,2,12,2,1,4,1,3,7,209,1,0
1,1,0,4,1,16,7,2,14,2,1,2,1,3,7,215,0,1
1,1,0,5,1,0,10,2,12,2,2,3,1,3,7,149,0,1
1,1,0,4,1,0,7,2,13,2,1,2,1,3,7,263,0,0
1,1,0,5,1,13,3,1,12,1,2,3,1,0,0,114,0,1
1,1,0,4,1,13,7,1,13,1,1,1,1,0,0,99,0,1
1,1,1,5,1,16,7,1,13,2,1,3,1,3,7,343,0,1
1,2,0,4,1,13,7,1,13,2,1,2,1,0,0,106,0,1
1,1,0,4,1,0,10,2,6,2,1,4,1,3,7,316,1,0
1,2,0,4,1,10,6,2,13,2,1,4,1,0,0,64,0,1
1,1,0,4,1,13,2,2,13,2,1,6,1,0,0,76,0,1
1,1,1,5,1,10,6,2,13,2,1,1,1,0,0,160,0,1
1,1,0,1,1,14,7,2,13,2,1,2,1,3,7,343,0,1
1,1,0,4,1,13,10,2,12,2,1,3,1,3,7,172,1,0
1,2,0,4,1,10,6,1,12,2,1,0,1,3,7,318,0,1
1,1,0,4,1,0,7,2,13,2,1,2,1,0,0,131,0,1
1,2,1,1,1,11,12,1,12,1,1,3,1,3,0,111,0,1
1,1,0,4,1,14,7,2,13,2,1,3,1,3,7,149,0,1
1,1,0,4,1,13,12,1,12,2,1,2,1,0,0,174,0,1
1,1,0,5,1,0,7,1,13,2,1,3,1,3,7,165,1,0
1,1,0,5,1,10,11,1,13,1,1,1,1,3,7,204,0,1
1,1,0,4,1,0,7,1,13,2,1,3,1,0,0,72,1,0
1,1,1,5,1,13,7,1,12,2,1,3,1,3,7,355,0,1
1,1,0,5,1,1,9,2,12,2,1,1,1,0,0,63,0,1
1,1,1,5,1,10,11,1,13,1,1,3,1,3,7,269,0,1
1,1,1,5,1,20,6,1,12,1,1,3,1,3,0,115,0,1
1,2,0,4,1,0,6,1,12,2,1,3,1,3,7,262,0,1
1,1,0,4,1,0,9,1,12,2,1,4,1,3,7,220,0,1
1,2,0,4,1,20,2,1,13,2,2,5,1,0,0,80,0,1
1,1,0,5,1,0,7,2,9,2,1,2,1,3,7,190,0,1
1,1,0,4,1,4,7,2,14,2,2,4,1,0,0,54,0,1
1,1,0,4,1,13,3,1,12,2,1,2,1,0,0,134,0,1
1,1,0,5,1,13,3,2,14,2,1,4,1,3,7,165,0,1
1,1,0,4,1,13,7,1,1,2,1,4,1,0,0,68,0,1
1,1,0,5,1,13,3,1,12,2,1,2,1,3,7,218,0,1
1,1,0,7,1,0,10,1,1,2,1,3,0,3,7,262,1,0
1,1,0,4,1,16,7,1,13,2,2,1,1,0,0,73,0,1
1,1,0,1,1,4,7,1,12,2,1,2,1,3,7,304,1,1
1,2,0,4,1,0,11,1,12,2,1,1,1,0,0,143,0,1
1,1,1,5,1,13,7,1,12,1,1,3,1,3,5,158,0,1
1,1,0,4,1,13,1,1,13,2,1,3,1,0,0,16,0,1
1,2,0,4,1,13,3,2,12,2,1,3,1,0,0,156,0,1
1,1,0,6,1,4,6,2,14,1,1,3,1,3,7,199,0,1
1,1,0,4,1,0,3,1,12,2,1,3,1,3,7,146,1,0
1,1,0,4,1,0,7,1,13,2,1,2,1,3,7,192,1,0
1,2,1,5,1,0,7,2,13,2,2,2,1,0,0,54,0,1
0,1,0,4,1,13,7,1,12,2,1,3,1,0,0,47,0,1
1,1,0,4,1,13,10,1,13,2,1,1,1,0,0,165,0,1
1,2,0,5,1,13,3,2,12,2,1,2,1,0,0,59,0,1
1,2,0,4,1,16,6,2,9,2,1,2,1,3,0,203,0,1
1,1,0,4,1,16,2,2,13,1,1,3,1,3,0,197,0,1
0,1,0,4,1,13,7,1,12,2,1,5,1,3,0,193,0,1
1,2,0,5,1,0,9,2,13,2,1,0,1,0,0,89,0,1
1,1,1,5,1,13,4,2,12,2,1,1,1,0,0,20,0,1
1,1,0,4,1,4,10,2,13,2,2,1,1,0,0,15,0,1
1,1,1,6,1,16,10,1,13,2,1,3,1,0,0,50,0,1
1,1,0,4,1,0,3,1,13,2,1,1,0,3,7,219,1,0
0,2,0,4,1,13,7,1,12,1,1,2,1,3,7,202,0,1
1,1,0,4,1,13,7,1,13,2,1,2,1,3,7,333,0,1
1,1,0,4,1,13,7,1,13,2,1,3,1,3,7,208,0,1
1,1,0,5,1,4,7,2,13,2,1,4,1,3,0,226,0,1
1,1,0,4,1,0,7,1,13,2,1,4,1,3,7,223,0,1
1,1,1,5,1,16,12,2,12,2,1,3,1,3,7,210,1,0
0,1,1,5,1,0,2,2,13,2,1,4,1,3,7,195,1,0
1,1,0,5,1,16,3,1,13,1,1,4,1,0,0,85,0,1
1,1,0,4,1,16,7,2,13,2,1,3,1,3,7,231,0,1
0,1,0,4,1,14,7,1,12,1,1,2,1,3,7,273,0,1
1,1,1,6,1,0,6,2,12,2,1,2,1,3,0,167,0,1
1,1,0,4,1,0,7,1,13,2,1,2,1,3,7,286,0,1
1,2,0,4,1,0,7,2,12,2,1,2,1,3,0,235,0,0
1,1,0,5,1,16,7,2,13,2,1,3,1,3,7,220,0,1
1,1,0,4,1,10,11,1,13,2,1,1,1,3,0,255,0,1
1,1,0,4,1,13,7,1,12,2,1,2,1,3,7,319,0,1
1,2,0,5,1,10,12,1,13,2,1,3,1,3,7,268,0,1
1,1,1,5,1,0,10,2,13,2,1,1,1,0,0,12,1,0
1,1,0,4,1,0,2,1,12,2,1,2,1,0,0,170,0,1
1,2,1,5,1,10,1,1,12,2,1,2,1,3,7,284,0,1
1,2,0,4,1,0,8,1,12,2,1,2,1,4,0,192,0,1
1,1,0,4,1,13,7,2,12,2,1,2,1,0,0,90,0,1
1,1,0,5,1,13,5,1,13,2,1,0,1,0,0,31,0,1
1,1,0,6,1,13,3,1,13,2,1,0,1,0,0,77,1,0
1,1,0,4,1,0,7,1,13,2,1,0,1,3,0,115,0,0
1,1,1,5,1,16,6,2,9,1,1,2,1,3,7,225,0,1
1,1,1,5,1,20,7,2,13,1,1,4,1,3,7,288,0,1
1,1,0,5,1,13,7,1,12,1,1,3,1,3,0,107,0,1
1,1,0,4,1,0,7,1,13,2,1,5,0,3,7,376,1,0
0,1,1,5,1,16,7,1,13,2,1,3,1,0,0,50,0,1
1,1,0,5,1,0,7,1,12,2,1,2,0,3,7,364,1,1
1,2,1,5,1,16,6,1,12,1,1,5,1,3,0,158,0,1
1,1,0,4,1,0,7,2,14,2,1,3,1,0,0,85,0,1
1,1,0,4,1,16,11,2,13,2,1,1,1,3,7,176,0,1
1,1,0,4,1,16,7,1,13,2,1,3,1,3,7,268,0,1
1,1,0,4,1,14,7,2,13,2,1,0,1,3,0,159,0,1
1,1,0,4,1,4,2,2,13,2,1,1,1,0,0,119,0,1
1,1,0,4,1,20,2,2,13,1,1,3,1,3,7,278,0,1
1,1,0,4,1,0,2,2,9,2,1,2,1,3,7,357,0,1
1,1,0,6,1,0,3,2,12,2,1,2,1,0,0,127,0,1
1,1,0,4,1,16,7,1,12,1,1,0,1,3,7,275,0,1
1,1,1,4,1,0,1,1,12,2,1,2,1,0,0,14,1,0
1,1,1,5,1,13,3,2,9,1,1,1,1,3,7,366,0,1
1,1,0,4,1,0,7,2,13,2,1,2,1,3,7,215,0,1
1,1,0,4,1,0,7,1,13,2,1,3,1,3,7,278,1,0
1,1,0,5,1,16,6,1,13,2,1,4,1,3,7,175,0,1
1,1,0,4,1,0,7,1,9,2,2,2,1,3,7,224,0,1
1,2,1,5,1,4,10,1,13,2,1,3,1,3,7,253,0,1
1,2,0,4,1,16,7,2,9,1,1,3,1,3,7,264,0,1
1,1,0,4,1,4,10,2,13,2,1,5,1,0,0,18,0,1
1,1,0,4,1,14,6,1,12,2,1,1,1,3,7,287,0,1
1,2,0,5,1,13,2,2,12,2,1,4,1,0,0,3,0,1
1,2,1,5,1,13,8,1,12,1,1,5,1,0,0,157,0,1
1,2,1,5,1,16,7,2,12,1,1,1,1,0,0,166,0,1
1,1,0,4,1,14,2,1,13,1,1,2,1,0,0,101,0,1
1,2,0,4,1,13,7,1,12,1,1,3,1,0,0,203,0,1
1,1,1,5,1,1,11,1,12,2,1,3,1,0,0,146,0,1
1,1,1,5,1,10,10,2,12,1,2,2,1,0,0,64,0,1
1,1,0,6,1,20,10,1,12,2,1,2,1,3,0,182,0,1
1,1,1,5,1,0,7,2,13,2,1,4,1,3,7,255,1,0
1,1,0,4,1,0,10,2,13,2,1,1,1,3,7,310,1,1
1,1,0,4,1,0,7,1,12,2,1,4,1,0,0,109,0,0
1,1,0,5,1,13,7,2,9,2,1,2,1,3,7,312,0,1
1,1,1,5,1,13,7,2,13,2,3,3,1,3,7,228,0,1
1,1,0,4,1,16,6,1,13,2,1,2,1,3,7,350,0,1
1,1,1,5,1,10,2,1,13,2,1,4,1,3,7,335,0,1
1,1,0,4,1,13,7,1,13,2,1,4,1,3,0,169,0,1
1,1,0,4,1,13,3,1,9,2,1,1,0,0,0,85,0,1
1,2,1,5,1,0,1,1,12,2,1,4,1,3,7,196,0,0
1,1,0,4,1,13,7,1,13,1,1,1,1,0,0,42,0,1
1,1,1,5,1,0,7,1,13,2,1,2,1,0,0,49,0,1
1,2,0,5,1,20,6,2,12,2,1,3,1,3,7,364,0,1
1,1,0,4,1,13,5,1,9,2,1,2,1,0,0,120,0,1
1,1,1,5,1,13,7,2,13,2,1,3,1,3,7,300,0,1
1,1,0,4,1,20,10,2,12,1,1,2,1,0,0,83,0,1
1,1,1,5,1,20,6,1,12,2,1,3,1,3,7,368,0,1
0,1,1,5,1,16,6,1,13,2,1,2,1,3,7,178,0,1
1,1,1,5,1,0,3,2,13,2,2,2,0,3,7,268,1,1
1,2,0,4,1,20,7,1,12,2,1,1,1,3,7,360,0,1
1,1,0,4,1,0,7,1,13,2,1,3,1,0,0,41,0,1
1,1,1,5,1,20,3,1,12,1,2,0,1,3,0,130,0,1
1,1,0,1,1,4,2,2,13,2,1,2,1,3,7,207,0,1
1,1,0,5,1,10,7,2,13,2,1,3,1,3,7,376,0,1
1,1,0,4,1,13,7,1,9,2,1,3,1,0,0,136,0,1
1,1,0,5,1,0,10,1,13,2,2,3,1,0,0,14,1,1
1,1,0,4,1,0,7,1,12,2,1,0,1,3,0,193,0,1
1,1,0,4,1,16,3,1,12,2,1,1,1,0,0,36,0,1
1,1,0,4,1,13,7,1,9,2,1,4,1,3,7,267,0,1
1,2,0,4,1,0,7,1,12,2,1,0,1,3,7,300,0,1
1,1,0,4,1,16,6,2,13,1,1,2,1,3,7,171,0,1
1,1,0,4,1,0,3,1,13,2,1,0,1,0,0,57,1,0
1,1,0,4,1,16,5,2,1,2,1,1,1,3,7,160,0,1
1,1,0,5,1,16,2,1,13,1,1,3,1,3,0,187,0,1
1,1,0,5,1,0,6,2,13,2,1,4,1,3,7,376,1,1
1,1,0,1,1,13,7,1,13,2,1,1,1,3,7,270,0,1
1,2,1,4,1,13,7,1,12,2,1,3,1,0,0,67,0,1
0,1,0,4,1,20,2,2,13,1,1,1,1,3,3,139,0,1
1,1,1,5,1,10,11,2,4,2,1,0,1,0,0,83,0,1
1,1,0,4,1,13,3,1,12,2,1,2,1,0,0,156,0,1
1,1,1,5,1,0,7,1,13,2,2,2,1,3,7,233,0,1
1,1,0,4,1,0,2,1,12,2,4,2,1,3,7,273,1,0
1,1,0,4,1,0,7,2,13,2,1,2,1,0,0,183,0,1
1,1,1,5,1,0,6,1,12,2,1,3,1,3,7,318,0,1
1,1,0,4,1,20,10,1,12,2,1,3,1,0,0,134,0,1
1,2,0,4,1,16,3,2,12,2,1,2,1,3,7,253,0,1
1,1,1,5,1,0,9,1,13,2,1,4,0,3,7,318,1,0
1,1,0,4,1,13,4,1,9,2,1,3,1,0,0,98,0,1
1,1,0,4,1,16,6,2,12,1,1,3,1,0,0,76,0,1
1,1,1,5,1,0,6,2,12,2,1,2,0,3,7,207,1,0
1,1,0,6,1,16,6,2,9,2,1,0,1,0,0,105,0,1
1,1,0,4,1,10,11,1,13,2,1,3,1,0,0,32,0,1
1,2,1,5,1,0,2,1,13,2,1,2,0,0,0,137,1,1
1,1,1,5,1,13,4,2,13,2,1,1,1,0,0,64,0,1
0,1,0,4,1,13,11,1,13,1,1,1,1,3,3,245,0,1
1,2,1,5,1,0,6,1,12,2,1,2,0,3,7,328,0,1
1,1,1,5,1,16,10,1,12,2,1,3,1,3,7,252,0,1
1,1,0,6,1,14,11,1,12,2,1,4,1,3,7,265,0,1
1,1,0,4,1,14,7,1,12,2,1,3,1,0,0,33,0,1
1,1,0,4,1,0,11,1,12,2,1,2,1,3,0,165,1,0
1,1,1,5,1,13,5,2,8,1,1,1,1,0,0,209,0,1
1,1,0,4,1,13,11,1,13,1,1,2,1,3,0,211,0,1
1,1,0,4,1,13,8,2,12,2,1,1,1,0,0,46,0,1
1,2,1,5,1,16,7,1,13,1,1,4,1,3,7,234,0,1
1,1,1,4,1,0,8,2,12,2,1,2,1,0,0,71,0,1
1,2,0,4,1,13,4,1,12,2,1,2,1,0,0,117,0,1
1,1,1,5,1,13,4,1,12,1,1,1,1,0,0,175,0,1
1,1,0,6,1,0,12,1,12,2,2,3,1,3,7,109,1,0
1,1,1,7,1,11,11,1,13,2,1,2,1,0,0,37,0,1
1,1,0,4,1,0,8,1,12,2,1,2,1,3,7,194,0,1
1,1,0,4,1,0,12,1,2,2,2,3,1,3,7,368,1,1
1,1,1,6,1,0,1,1,13,2,1,1,1,0,0,64,1,0
1,2,0,4,1,16,12,1,12,2,1,2,1,3,0,179,0,1
1,1,0,4,1,0,1,2,13,2,1,2,1,0,0,57,1,1
1,1,0,6,1,13,1,2,7,2,1,2,1,3,7,249,0,1
1,1,0,4,1,16,5,1,13,1,1,2,1,3,7,147,0,1
1,1,1,5,1,0,1,1,12,2,1,2,1,0,0,104,1,1
1,1,0,4,1,0,10,2,13,2,2,2,1,0,0,8,0,1
1,1,0,4,1,0,8,2,2,2,1,2,1,3,7,278,0,1
1,1,0,4,1,0,4,2,2,2,1,2,1,3,7,234,1,0
1,1,0,4,1,13,4,2,4,2,1,0,1,0,0,150,0,1
1,2,1,2,1,0,1,1,13,2,1,1,1,0,0,125,1,1
1,1,1,4,1,13,5,2,12,2,1,2,1,3,7,211,0,1
1,1,0,6,1,13,11,2,13,1,1,4,1,0,0,40,0,1
1,1,1,4,1,0,8,1,13,2,1,2,1,3,7,368,0,1
1,1,0,4,1,13,8,2,13,2,1,2,1,3,7,374,0,1
1,1,0,6,1,13,12,2,13,2,1,1,1,0,0,99,0,1
1,1,0,4,1,10,5,2,3,2,1,1,1,3,0,224,0,1
1,1,1,5,1,0,5,2,13,2,2,1,1,0,0,67,1,1
1,2,1,5,1,13,4,1,12,2,1,2,1,3,0,231,0,1
1,1,1,5,1,13,9,2,12,1,1,6,1,0,0,107,0,1
1,1,1,5,1,13,4,2,8,2,1,4,1,0,7,121,0,1
1,1,1,5,1,0,8,2,2,2,1,2,1,3,7,282,0,1
1,1,0,4,1,10,8,2,12,2,1,4,1,3,0,150,0,1
1,1,1,5,1,13,5,2,13,2,1,1,1,0,0,112,0,1
1,1,1,5,1,16,9,2,12,2,1,4,1,0,7,145,0,1
1,1,1,5,1,13,5,1,13,2,2,3,1,3,7,225,0,1
1,1,1,5,1,13,9,1,13,1,1,2,1,0,0,6,0,1
1,1,1,6,1,0,8,2,13,2,2,5,1,3,7,189,1,0
1,1,1,5,1,0,9,2,13,2,1,1,0,3,7,163,1,0
1,1,1,5,1,11,5,2,13,2,1,3,1,0,0,139,0,1
1,1,0,3,1,0,8,2,13,2,2,1,0,3,7,262,1,0
1,1,0,4,1,0,8,1,2,2,1,3,1,3,7,260,0,1
1,1,0,4,1,0,12,1,12,2,1,3,1,3,7,268,0,1
1,1,1,5,1,0,9,1,12,2,1,4,1,3,7,282,1,1
1,1,0,4,1,13,5,2,13,2,1,0,1,3,7,378,0,1
1,1,0,4,1,16,5,1,12,2,1,1,1,0,0,174,0,1
1,1,0,4,1,1,11,1,2,2,1,3,1,3,7,319,0,1
1,2,1,7,1,0,5,1,13,2,2,0,0,3,0,97,1,0
1,2,1,5,1,0,1,1,12,2,1,3,1,3,7,344,0,1
1,1,1,4,1,13,1,1,12,2,1,1,1,3,7,337,0,1
1,1,0,4,1,11,2,1,12,1,1,5,1,0,0,25,0,1
1,1,1,4,1,16,11,1,8,1,1,3,1,0,0,79,0,1
1,1,0,4,1,1,9,1,11,2,1,2,1,3,0,97,0,1
1,1,0,4,1,0,5,1,13,2,2,0,1,3,7,207,1,1
1,1,0,4,1,0,12,1,13,2,1,3,0,3,7,301,1,0
1,1,0,4,1,10,8,2,12,2,1,0,1,3,7,174,0,1
1,1,0,4,1,0,4,1,12,2,1,0,1,0,0,77,0,1
1,2,0,4,1,13,4,1,8,1,1,2,1,3,7,209,0,1
1,2,0,4,1,1,9,1,2,2,1,3,1,3,7,272,0,1
1,1,0,4,1,0,8,2,2,2,1,3,1,3,5,191,0,1
1,1,0,6,1,0,12,1,12,2,2,1,0,3,7,215,1,0
1,1,0,4,1,13,8,2,13,2,1,1,1,3,0,212,0,1
1,2,1,5,1,0,9,1,13,2,1,1,0,3,7,175,1,1
1,1,0,4,1,0,8,1,2,2,1,3,1,3,7,261,1,0
1,1,1,5,1,0,5,1,12,2,2,3,1,0,0,60,1,1
1,1,0,4,1,0,1,1,12,2,2,4,1,3,7,182,1,0
1,1,0,4,1,4,7,1,2,1,1,5,1,3,6,175,0,1
1,1,0,4,1,13,1,2,12,2,1,1,1,0,0,33,0,1
1,1,0,4,1,16,12,1,12,2,1,3,1,0,0,144,0,1
1,2,0,4,1,10,12,2,12,2,1,2,1,3,7,249,0,1
1,1,0,5,1,0,4,2,13,1,1,5,1,0,0,47,0,1
1,1,1,4,1,10,9,1,12,1,1,2,1,3,7,342,0,1
1,1,0,4,1,13,8,1,8,2,1,0,1,3,7,324,0,1
1,1,0,4,1,13,9,2,12,2,1,0,1,3,7,281,0,1
1,2,0,4,1,0,5,1,0,2,1,3,1,0,0,21,1,0
1,1,0,6,1,0,1,1,2,2,1,0,1,0,0,73,0,1
0,1,0,6,1,11,12,1,13,2,2,2,1,0,0,30,0,1
1,1,0,4,1,13,4,1,12,1,1,2,1,3,2,230,0,1
1,1,1,4,1,10,5,2,13,1,1,1,1,0,0,130,0,1
0,1,0,4,1,0,5,1,13,2,1,1,1,3,7,315,1,1
1,1,0,4,1,13,12,1,13,1,2,2,1,3,7,356,0,1
1,1,1,5,1,0,5,2,13,2,2,1,0,3,7,316,1,1
1,1,1,5,1,0,9,2,12,2,1,3,1,0,0,82,1,1
1,1,1,5,1,1,2,2,13,2,1,5,1,3,7,370,0,1
1,1,0,4,1,11,11,2,13,2,1,1,1,0,0,104,0,1
1,1,1,7,1,0,12,2,12,2,1,2,0,3,7,223,1,0
1,1,0,4,1,0,1,1,13,2,1,3,1,3,0,189,1,1
1,1,0,4,1,13,11,1,13,2,1,1,1,3,7,306,0,1
1,1,0,4,1,13,5,2,12,2,1,4,1,3,0,188,0,1
1,1,0,4,1,13,8,2,2,2,1,3,1,3,7,357,0,1
1,1,1,5,1,0,8,1,12,2,2,4,0,3,7,199,0,1
1,1,0,6,1,0,5,1,13,2,2,2,1,3,7,206,1,0
1,1,1,5,1,13,8,1,12,1,1,2,1,0,0,63,0,1
1,1,0,4,1,13,12,1,7,1,1,1,1,3,7,294,0,1
1,1,1,5,1,4,8,2,7,2,2,5,1,3,7,320,0,1
1,1,0,4,1,0,12,1,12,2,1,0,1,3,0,207,0,1
1,1,0,4,1,0,5,2,12,2,1,0,1,3,7,333,1,1
1,2,0,6,1,0,8,1,12,2,1,1,1,0,0,111,0,1
1,1,1,5,1,0,9,1,13,2,2,3,1,0,0,75,0,1
1,1,0,4,1,3,4,2,13,2,1,2,1,0,0,81,0,1
1,1,0,4,1,0,4,2,12,2,1,2,1,0,0,104,0,0
1,1,0,6,1,16,12,2,13,1,1,3,1,0,0,114,0,1
1,1,1,5,1,10,11,2,13,1,2,3,1,3,7,143,0,1
1,1,0,4,1,13,5,2,13,2,2,3,1,3,7,249,0,1
1,2,1,5,1,0,8,2,13,2,1,3,1,3,7,161,1,0
1,1,0,6,1,0,5,1,2,2,1,3,1,3,7,338,1,0
1,1,0,4,1,13,8,2,13,2,1,5,1,0,0,93,0,1
1,1,1,5,1,0,8,1,13,2,2,1,0,3,7,347,1,0
1,2,1,5,1,10,2,1,12,1,1,5,1,0,0,128,0,1
1,1,0,4,1,0,11,1,12,2,1,2,1,0,0,43,1,1
1,1,1,6,1,0,4,1,12,2,1,3,1,3,7,369,1,1
1,2,1,5,1,13,8,2,12,2,1,4,1,4,2,170,0,1
1,1,0,4,1,10,5,1,13,2,1,2,1,3,0,154,0,1
1,1,0,4,1,0,5,1,13,2,1,1,1,3,7,241,1,1
0,1,0,4,1,10,1,1,13,1,1,2,1,3,7,311,0,1
1,1,0,4,1,11,12,1,13,1,1,2,1,3,7,139,0,1
1,1,0,4,1,13,8,1,13,2,1,3,1,0,0,100,0,1
1,1,0,4,1,0,6,2,7,2,1,4,1,3,5,221,0,1
1,1,0,7,1,0,1,1,12,2,1,2,1,0,0,117,1,1
1,1,0,4,1,13,1,1,12,2,1,0,1,3,7,328,0,1
1,2,0,4,1,11,4,1,12,2,1,3,1,3,7,367,0,1
1,1,0,4,1,1,8,2,13,2,1,2,1,3,0,210,0,1
1,1,1,5,1,12,9,2,12,1,1,1,1,0,0,108,0,1
1,1,0,4,1,0,12,1,12,2,1,1,1,0,0,158,1,1
1,2,1,5,1,0,4,1,13,2,1,2,0,3,7,207,1,0
1,1,0,4,1,0,4,2,12,2,1,0,1,0,0,60,0,1
1,1,0,4,1,16,4,2,12,1,1,4,1,3,7,180,0,1
1,1,1,6,1,0,1,1,12,2,1,2,1,3,7,295,1,0
1,1,1,6,1,13,1,2,12,1,1,2,1,3,0,167,0,1
1,1,1,7,1,0,11,1,12,2,2,3,0,3,0,68,1,0
1,2,0,4,1,0,12,1,2,2,1,3,1,0,0,99,0,1
1,2,1,4,1,0,4,1,2,2,1,2,1,3,7,307,0,1
1,1,0,4,1,1,5,1,13,1,2,3,1,3,7,374,0,1
1,1,0,4,1,1,11,1,4,2,1,0,1,0,0,92,0,1
1,1,0,4,1,0,4,2,13,2,1,3,1,3,7,377,0,1
1,1,0,6,1,0,1,1,12,2,1,0,1,0,0,126,0,1
1,1,1,5,1,1,4,2,12,2,1,3,1,0,0,73,0,0
1,1,0,4,1,10,8,2,12,2,1,4,1,3,5,376,0,1
1,1,0,4,1,0,9,1,13,2,1,3,1,0,0,2,1,1
0,1,0,4,1,0,1,1,12,2,1,1,1,3,7,233,0,1
1,1,0,4,1,13,8,1,13,2,1,2,1,0,0,16,0,1
1,1,0,4,1,13,8,2,12,2,1,3,1,0,0,103,0,1
1,1,0,4,1,3,11,1,12,1,1,2,1,0,0,54,0,1
1,2,1,4,1,0,8,2,13,2,1,2,1,3,7,145,1,0
1,1,0,4,1,1,11,1,12,1,1,1,1,3,0,207,0,1
1,1,0,6,1,0,1,2,13,2,1,1,0,3,0,136,1,0
1,1,0,4,1,16,5,1,7,1,1,3,1,0,7,131,0,1
1,1,0,6,1,0,12,1,2,2,1,3,1,3,7,245,1,1
1,1,1,5,1,13,1,2,12,2,1,3,1,0,0,144,0,1
1,1,0,4,1,10,5,2,13,1,1,4,1,3,5,213,0,1
1,1,0,6,1,0,9,1,12,2,1,4,1,0,0,61,1,1
1,1,0,4,1,1,8,1,2,2,1,3,1,3,7,175,0,1
1,1,1,4,1,13,8,2,13,1,1,1,1,0,0,27,0,1
1,1,0,6,1,1,5,2,13,2,2,1,1,3,7,196,0,1
1,1,0,4,1,0,1,2,13,2,1,1,1,0,0,141,1,1
1,1,0,4,1,13,8,2,12,2,1,3,1,3,5,329,0,1
1,1,0,4,1,0,1,1,7,2,2,2,1,3,0,156,1,0
1,2,0,4,1,0,4,2,13,2,1,1,1,3,7,259,0,1
1,1,1,4,1,13,5,1,13,2,1,2,1,3,7,313,0,1
1,1,0,4,1,1,4,2,4,2,1,2,1,0,0,117,0,1
1,2,0,4,1,1,1,2,2,2,1,2,1,3,0,204,0,1
1,1,1,4,1,0,4,2,2,2,1,0,1,3,7,306,0,1
1,1,0,4,1,0,9,1,13,2,1,1,1,3,5,184,1,1
1,1,0,4,1,0,4,2,2,2,1,1,1,0,0,77,0,1
1,1,1,4,1,16,12,1,2,2,2,4,1,3,7,248,0,1
1,1,0,4,1,0,8,2,13,2,1,2,0,0,0,43,1,0
1,1,0,4,1,1,9,1,11,2,2,5,1,3,7,149,0,1
1,1,0,4,1,11,11,1,12,1,1,1,1,0,0,93,0,1
1,1,1,5,1,0,6,2,13,2,1,5,1,0,0,69,0,1
1,1,1,5,1,0,1,1,7,2,1,3,1,0,0,98,1,1
1,1,0,4,1,0,8,1,2,2,1,1,1,3,5,283,1,1
1,1,0,4,1,0,4,2,12,2,1,3,1,3,0,175,0,1
1,1,1,4,1,11,2,1,12,1,1,3,1,0,0,15,0,1
1,1,0,4,1,0,8,2,12,2,1,2,0,0,0,80,1,0
1,1,0,4,1,0,5,2,13,2,1,3,1,3,5,199,1,1
1,1,0,4,1,13,8,1,12,2,1,1,1,3,5,281,0,1
1,1,0,4,1,1,9,1,13,1,1,1,1,3,0,144,0,1
1,1,0,4,1,0,5,1,13,2,1,4,1,3,5,282,1,1
1,1,0,4,1,13,8,2,2,2,1,2,1,3,7,172,0,1
1,1,1,5,1,0,8,2,13,2,1,3,0,0,0,75,1,0
1,1,1,5,1,13,8,1,12,1,1,1,1,3,0,166,0,1
1,1,0,4,1,13,8,1,12,2,1,4,1,3,7,216,0,1
1,1,0,4,1,0,11,1,12,2,1,2,1,0,0,112,0,1
1,1,0,4,1,13,5,2,13,2,1,6,1,3,5,195,0,1
1,1,0,4,1,0,4,2,13,2,1,1,0,3,7,366,1,0
1,1,0,4,1,0,8,2,12,2,1,2,1,3,7,339,0,1
1,1,1,5,1,11,5,2,13,2,2,2,1,0,0,77,0,1
1,1,0,4,1,0,5,2,13,2,2,3,0,3,7,187,1,0
1,1,0,4,1,0,8,1,12,2,1,0,1,0,0,118,0,1
1,1,0,4,1,0,12,1,13,2,1,2,1,0,0,70,1,0
1,1,1,5,1,0,2,2,13,2,2,2,1,3,7,238,1,0
1,1,0,4,1,0,5,2,13,2,2,4,1,3,7,333,1,1
1,1,0,4,1,0,5,2,13,2,1,0,1,3,7,246,0,1
1,1,0,4,1,0,11,2,12,2,2,2,1,0,0,50,1,1
1,1,0,4,1,0,12,1,12,2,2,3,1,3,7,220,1,1
1,2,0,4,1,0,8,1,13,2,1,1,1,3,0,124,0,1
1,1,1,5,1,0,9,2,13,2,1,2,1,0,0,59,0,1
1,1,0,4,1,10,5,2,3,1,1,3,1,3,7,302,0,1
1,1,0,4,1,13,4,1,12,1,1,1,1,3,7,237,0,1
1,1,1,5,1,16,5,2,4,1,2,4,1,3,7,189,0,1
1,1,1,5,1,1,1,1,12,2,1,4,1,0,0,108,0,1
1,1,1,2,1,0,4,1,2,2,2,1,0,3,7,308,1,0
1,1,0,4,1,11,4,2,2,1,1,1,1,3,7,307,0,1
1,1,1,5,1,13,9,2,12,2,1,1,1,0,0,53,0,1
1,1,0,4,1,13,8,2,2,2,1,2,1,0,0,166,0,1
1,1,0,4,1,0,8,1,2,2,1,1,1,0,0,195,1,0
1,1,0,4,1,10,4,2,12,1,1,4,1,3,7,326,0,1
1,1,1,7,1,0,1,2,13,2,1,2,1,3,7,246,1,1
1,1,1,6,1,3,8,1,13,1,1,1,1,3,7,289,0,1
1,1,1,5,1,0,8,1,13,2,2,1,0,3,7,233,1,0
1,1,0,4,1,13,12,1,12,1,1,2,1,4,0,163,0,1
1,1,0,4,1,1,8,1,2,2,2,6,1,3,7,318,0,1
1,1,0,4,1,0,3,1,12,2,1,1,1,3,7,178,1,0
1,1,1,5,1,0,12,1,13,2,1,4,1,3,7,326,0,1
1,1,1,6,1,0,12,1,12,2,1,4,1,0,0,134,0,1
1,1,0,4,1,13,5,1,13,2,1,4,1,3,7,279,0,1
1,1,0,4,1,1,12,2,10,2,1,2,1,0,0,79,0,1
1,1,0,4,1,13,8,2,13,2,1,2,1,3,0,233,0,1
1,1,1,5,1,13,8,2,8,1,2,2,1,3,7,251,0,1
1,1,1,5,1,0,5,1,11,2,1,1,1,0,0,137,1,1
1,1,0,4,1,10,5,1,13,2,1,2,1,3,7,238,1,1
1,1,0,4,1,0,8,1,13,2,1,2,1,3,0,244,0,1
1,1,0,4,1,0,8,1,2,2,1,3,0,3,0,132,1,0
1,1,0,4,1,13,4,2,12,2,1,1,1,0,0,5,0,1
1,1,1,5,1,10,5,1,13,1,2,1,1,0,0,62,0,1
1,1,0,5,1,0,8,2,11,2,2,4,1,0,0,85,1,0
1,1,1,4,1,16,11,2,13,2,1,3,1,0,0,70,0,1
1,1,1,4,1,14,9,2,12,1,1,2,1,0,0,125,0,1
1,1,1,2,1,0,4,2,12,2,1,3,0,3,7,324,1,0
1,1,0,6,1,0,8,2,2,2,2,2,0,3,0,211,1,0
1,1,0,4,1,11,11,1,2,2,2,1,1,3,7,321,0,1
1,1,0,4,1,13,4,1,12,1,1,0,1,0,0,108,0,1
1,1,0,4,1,0,5,2,2,2,1,4,1,3,7,334,1,1
1,1,0,4,1,0,9,1,12,2,1,2,1,3,0,215,0,1
1,1,0,4,1,0,2,1,13,2,1,3,1,3,0,136,0,1
1,1,0,4,1,13,11,1,13,1,1,0,1,0,0,132,0,1
1,1,0,4,1,10,5,2,12,2,1,0,1,3,0,156,0,1
1,1,0,4,1,0,1,1,13,2,2,1,1,3,7,161,1,1
1,1,1,4,1,0,8,1,13,2,1,3,1,3,5,207,1,1
1,1,1,4,1,10,1,1,12,2,1,2,1,3,0,201,0,1
1,1,0,4,1,4,5,1,13,1,1,1,1,0,0,40,0,1
1,1,1,5,1,10,9,1,2,2,1,2,1,3,7,345,0,1
1,1,1,5,1,10,12,2,12,2,1,0,1,0,0,97,1,1
1,1,0,2,1,0,1,2,13,2,1,2,0,0,0,36,1,1
1,1,0,4,1,0,12,1,2,2,1,3,1,3,7,124,1,0
1,1,1,5,1,10,1,1,7,2,2,2,1,3,7,360,1,1
1,1,0,4,1,14,11,2,2,2,1,1,1,3,7,241,0,1
1,1,1,5,1,10,5,1,13,1,1,2,1,3,0,124,0,1
1,1,1,5,1,0,5,1,2,2,2,5,1,3,7,321,1,1
1,1,0,4,1,0,4,2,2,2,1,2,1,3,7,287,0,0
1,1,0,4,1,0,8,2,13,2,2,3,1,3,7,219,1,1
1,1,0,4,1,0,1,2,12,2,1,3,1,0,0,33,0,1
1,1,1,6,1,11,3,2,12,1,1,2,1,0,0,90,0,1
1,1,0,4,1,0,7,2,2,2,2,3,0,0,0,41,1,1
1,1,1,5,1,16,8,2,13,1,1,2,1,0,0,104,0,1
1,2,1,5,1,10,4,1,12,2,1,2,1,0,0,86,0,1
1,1,0,4,1,0,5,2,13,2,1,4,1,0,0,57,0,1
1,2,0,4,1,16,1,2,12,1,1,1,1,0,0,55,0,1
1,1,1,5,1,0,12,2,12,2,2,2,1,3,7,225,1,1
1,1,1,5,1,16,12,1,12,2,1,2,1,3,7,265,1,0
1,2,0,4,1,13,8,1,2,2,1,1,1,0,0,127,0,1
1,1,1,5,1,13,5,1,13,2,1,2,1,3,7,352,0,1
1,1,0,4,1,1,12,1,12,2,1,2,1,3,7,327,0,1
1,1,1,6,1,11,1,1,13,2,1,2,1,0,0,107,0,1
1,1,0,4,1,13,12,1,13,2,1,3,1,3,7,220,0,1
1,1,0,4,1,0,11,1,12,2,2,0,1,3,7,363,1,1
1,2,0,4,1,16,12,1,13,1,1,3,1,0,0,58,0,1
1,1,1,7,1,0,7,1,13,2,1,3,0,3,0,84,1,0
1,1,1,4,1,13,4,2,7,2,1,4,1,3,7,341,0,1
1,1,0,4,1,13,8,2,7,1,1,3,1,3,7,232,0,1
0,1,0,4,1,0,1,2,7,2,1,1,1,0,0,114,0,1
1,1,0,6,1,0,12,1,12,2,1,1,1,0,0,74,1,1
1,2,0,4,1,11,3,2,12,2,1,1,1,0,0,66,0,1
1,2,0,6,1,12,12,2,2,2,1,2,1,3,7,273,0,1
1,1,1,5,1,0,8,2,12,2,1,3,1,3,7,319,0,1
1,1,0,6,1,0,8,2,12,2,1,3,1,3,7,304,0,1
1,1,1,5,1,16,1,2,13,1,1,1,1,0,0,20,0,1
1,1,1,4,1,16,5,1,13,1,1,5,1,3,0,199,0,1
1,1,0,4,1,0,8,2,13,2,1,2,1,0,0,114,0,1
1,2,0,4,1,0,12,2,12,2,1,6,1,3,7,231,1,1
1,1,0,4,1,0,9,2,12,2,1,3,0,3,7,183,1,1
1,1,0,4,1,0,1,2,12,2,1,3,1,3,0,136,1,0
1,1,1,3,1,0,12,2,13,2,1,4,1,0,0,75,1,1
1,2,0,4,1,13,8,2,12,1,1,1,1,0,0,97,0,1
1,1,1,4,1,0,12,1,13,2,2,5,1,3,7,337,1,0
1,1,1,4,1,0,10,1,13,2,2,2,1,3,7,185,1,0
1,1,1,5,1,0,5,1,13,1,2,2,1,0,0,102,0,1
1,1,1,6,1,13,1,1,7,2,1,1,1,3,7,226,0,1
1,1,0,5,1,4,6,2,13,1,2,3,1,0,0,9,0,1
1,1,0,4,1,0,4,2,12,2,1,2,0,3,7,335,1,0
1,2,0,4,1,0,8,2,12,2,1,1,1,0,0,159,0,1
1,1,0,4,1,0,12,2,12,2,1,3,1,3,7,313,1,1
1,1,0,4,1,12,11,1,12,2,1,2,1,3,7,377,0,1
1,1,1,5,1,10,5,2,12,2,1,2,1,3,0,163,0,1
1,1,0,4,1,0,8,1,2,2,2,2,1,3,7,367,0,1
1,1,1,4,1,0,12,1,12,2,2,0,0,3,7,344,1,1
1,1,0,4,1,0,8,1,12,2,1,2,1,3,0,200,0,1
1,1,0,4,1,4,12,1,11,1,1,0,1,0,0,84,0,1
1,1,0,4,1,13,5,1,12,2,1,1,1,3,7,340,0,1
1,1,0,4,1,0,1,1,2,2,1,3,1,3,7,265,0,1
1,1,1,4,1,3,5,2,13,1,1,1,1,3,7,189,0,1
0,1,0,4,1,13,9,2,11,1,1,4,1,0,0,42,0,1
0,1,0,4,1,0,12,1,2,2,2,3,0,3,7,353,1,0
1,1,0,4,1,0,1,1,12,2,1,2,1,0,0,119,0,1
1,1,1,4,1,4,5,1,13,1,1,3,1,3,7,174,0,1
1,1,0,4,1,1,11,2,2,1,1,2,1,3,0,162,0,1
1,1,0,4,1,0,8,1,12,2,1,3,0,3,7,212,1,0
1,1,1,5,1,13,9,2,7,2,1,3,1,3,7,150,0,1
1,1,1,5,1,0,5,2,13,2,2,3,0,3,7,171,1,0
1,2,1,4,1,0,3,2,12,2,1,2,1,0,0,66,0,1
1,1,0,4,1,13,4,1,13,1,1,4,1,3,7,352,0,1
1,1,0,4,1,0,8,1,12,2,2,2,0,3,2,177,1,0
1,1,0,4,1,0,9,1,13,2,1,1,1,3,7,165,1,0
1,2,1,4,1,0,4,2,7,2,1,2,1,3,7,298,1,0
1,1,0,4,1,13,9,1,13,1,2,4,1,3,0,179,0,1
1,1,0,4,1,0,11,1,12,2,2,2,1,0,0,48,1,1
1,1,1,5,1,0,1,2,2,2,2,3,0,3,7,232,1,0
1,1,0,6,1,0,9,1,12,2,1,1,0,3,7,186,1,0
1,1,1,5,1,13,8,1,12,2,1,0,1,3,7,258,0,1
1,1,1,5,1,10,1,2,13,2,1,1,1,0,0,102,0,1
1,1,0,6,1,13,5,2,12,1,1,1,1,0,0,50,0,1
1,1,0,4,1,10,8,2,12,2,1,0,1,0,0,149,0,1
1,1,0,4,1,0,8,2,13,2,1,2,0,4,0,184,1,0
1,1,1,4,1,0,11,2,12,2,1,3,1,0,0,0,0,1
1,1,1,5,1,0,8,2,12,2,1,2,0,3,7,200,1,0
1,1,0,4,1,13,1,1,13,2,2,2,1,3,7,233,0,1
1,1,1,4,1,11,9,1,13,2,1,2,1,3,7,325,0,1
1,1,0,4,1,10,12,2,13,1,1,1,1,3,0,206,0,1
1,1,0,4,1,0,8,1,12,2,1,1,0,3,7,250,1,0
1,1,0,4,1,13,8,1,13,2,1,3,1,3,7,311,0,1
1,1,0,4,1,13,1,1,13,1,1,1,1,3,7,240,0,1
1,1,0,4,1,10,8,2,2,2,1,1,1,3,7,257,0,1
1,1,1,4,1,13,4,2,12,1,1,3,1,3,7,359,0,1
1,2,0,4,1,0,9,2,12,2,1,0,0,0,0,105,1,1
1,1,1,6,1,10,12,2,13,1,2,4,1,3,0,154,0,1
1,1,0,4,1,0,11,1,12,2,1,3,1,0,0,88,0,1
1,1,1,5,1,10,1,1,13,2,1,3,1,3,0,201,0,1
1,1,0,4,1,12,12,2,12,1,1,4,1,3,0,176,0,1
1,1,1,5,1,1,8,1,13,1,1,4,1,3,7,345,0,1
1,1,0,4,1,13,10,1,13,1,1,2,1,0,0,100,0,1
1,1,0,4,1,0,1,1,8,2,1,3,1,0,0,176,0,1
1,1,0,4,1,10,1,1,12,1,1,5,1,3,0,209,0,1
1,1,1,4,1,13,5,1,13,1,2,1,1,0,0,100,0,1
1,1,0,4,1,1,8,2,2,2,1,2,1,3,5,343,0,1
1,2,0,4,1,13,12,1,12,2,1,1,1,0,0,105,0,1
0,1,0,4,1,13,2,2,13,2,1,3,1,0,0,21,0,1
1,1,0,4,1,10,1,2,13,2,1,1,1,0,0,151,0,1
1,1,0,4,1,1,12,1,13,1,1,4,1,3,7,343,0,1
1,1,0,4,1,11,5,1,13,2,1,3,1,3,7,311,1,0
1,1,1,5,1,13,11,1,13,2,1,2,1,0,0,107,0,1
1,1,0,4,1,13,1,1,13,1,1,5,1,3,7,238,0,1
1,1,0,4,1,0,8,2,2,2,1,1,0,3,7,224,1,1
1,1,1,5,1,13,9,1,13,1,1,2,1,0,0,31,0,1
1,1,0,4,1,0,12,1,13,2,2,3,1,3,0,117,1,0
1,1,1,5,1,0,12,1,12,2,1,5,1,3,0,196,1,1
1,1,0,4,1,11,4,2,2,2,1,2,1,3,7,325,0,1
1,2,0,6,1,0,12,1,13,2,2,0,0,0,0,119,1,1
1,1,0,4,1,13,5,1,13,1,1,2,1,3,5,253,0,1
1,1,1,4,1,13,4,1,12,1,1,2,1,3,5,265,0,1
1,1,0,4,1,12,4,2,2,2,1,3,1,3,7,328,0,1
1,1,1,5,1,0,1,1,13,2,1,2,1,3,7,190,1,1
1,1,0,4,1,0,8,2,2,2,1,1,0,3,7,257,1,0
1,1,1,6,1,11,5,2,13,2,2,1,1,3,7,211,0,1
1,1,0,4,1,13,1,2,13,2,1,2,1,0,0,97,0,1
1,1,0,4,1,13,4,1,12,2,1,3,1,3,7,297,0,1
1,1,0,4,1,13,12,2,12,1,1,2,1,3,7,327,0,1
1,1,0,6,1,0,4,2,13,2,1,1,1,3,7,268,1,0
1,1,0,4,1,0,4,2,3,2,1,3,1,3,7,243,0,1
1,1,1,5,1,11,9,2,0,2,1,3,1,0,0,103,0,1
1,1,1,4,1,13,5,1,13,2,2,3,1,3,5,149,1,0
1,1,1,5,1,0,4,2,13,2,1,3,0,3,7,236,1,1
1,1,1,4,1,0,5,2,13,2,2,0,0,3,7,352,1,1
1,1,0,4,1,16,5,2,12,2,1,4,1,0,0,49,0,1
1,1,1,5,1,13,5,2,13,1,1,2,1,0,0,28,0,1
1,1,0,4,1,0,9,2,12,2,1,1,1,3,0,110,0,0
1,1,0,4,1,0,1,1,2,2,1,3,1,3,0,132,1,1
1,1,0,4,1,0,9,1,13,2,1,3,1,0,0,0,1,0
1,1,1,2,1,12,4,2,12,2,1,1,1,3,7,371,0,1
1,1,0,4,1,11,8,1,12,2,1,0,1,3,0,221,0,1
1,1,1,6,1,13,8,1,13,2,1,1,1,0,0,106,1,1
1,1,0,4,1,16,9,2,13,1,1,3,1,3,7,277,0,1
1,1,1,2,1,0,5,2,2,2,2,3,0,3,7,368,1,1
1,1,0,4,1,0,8,1,12,2,1,4,1,0,0,89,1,1
1,1,1,4,1,11,12,2,7,1,1,3,1,3,7,263,0,1
1,2,0,4,1,0,10,2,12,2,1,4,1,3,7,152,0,1
1,2,1,2,1,0,8,1,2,2,2,1,0,3,7,136,1,0
1,1,0,4,1,1,11,1,12,2,1,3,1,3,7,261,0,1
1,1,0,4,1,11,4,2,13,2,2,1,1,3,0,187,0,1
1,1,1,4,1,0,12,1,12,2,1,2,1,3,7,216,0,0
1,1,1,6,1,0,9,1,13,2,1,2,0,0,0,54,1,0
1,2,0,4,1,13,12,1,12,2,1,2,1,0,0,189,0,1
1,1,0,4,1,0,12,2,2,2,1,1,1,3,5,244,1,1
1,1,0,4,1,13,8,1,2,2,1,2,1,0,0,142,0,1
1,1,0,4,1,0,5,2,13,2,1,4,1,3,7,234,1,1
1,1,0,4,1,0,1,2,13,2,1,4,1,3,7,174,0,1
1,1,0,4,1,0,2,2,2,2,1,3,1,3,7,167,1,0
1,1,0,4,1,13,1,1,13,2,1,0,1,3,0,200,0,1
1,1,0,4,1,13,1,2,13,2,1,1,1,3,0,326,0,1
1,1,0,4,1,1,6,1,13,2,1,5,1,3,2,221,0,1
1,1,0,4,1,13,8,1,2,2,1,5,1,0,6,131,0,1
1,1,0,4,1,0,1,1,13,2,1,5,1,3,7,279,0,1
1,1,1,4,1,0,5,2,13,2,1,0,1,0,0,118,0,1
1,1,0,4,1,0,9,1,12,2,2,4,1,3,7,202,1,0
1,1,0,4,1,1,8,2,2,2,1,3,1,0,0,112,0,1
1,1,0,4,1,13,8,2,2,2,1,3,1,3,0,152,0,1
1,1,0,4,1,13,11,1,13,2,2,3,1,0,0,41,1,0
1,1,1,5,1,1,2,1,12,2,1,4,1,3,7,223,0,1
1,1,0,4,1,0,8,1,12,2,2,1,0,3,7,248,1,0
1,1,0,4,1,0,12,1,7,2,1,5,1,3,7,347,0,1
1,1,0,4,1,13,9,1,13,2,1,1,1,0,0,56,0,1
1,1,1,4,1,0,2,2,12,2,1,2,1,0,0,147,0,1
1,2,1,5,1,0,8,1,12,2,1,2,1,3,7,237,0,1
1,1,0,4,1,10,11,1,12,2,1,2,1,0,0,137,0,1
1,1,0,4,1,0,8,1,2,2,1,3,0,3,0,124,1,0
1,1,1,6,1,13,9,1,12,1,1,3,1,0,0,49,0,1
1,1,0,4,1,0,1,1,13,2,1,1,1,0,0,26,1,1
1,1,0,6,1,0,7,1,11,2,2,3,1,0,0,4,1,0
1,1,0,4,1,0,4,2,12,2,1,0,0,3,7,366,1,0
1,1,1,6,1,4,12,2,13,1,1,3,1,0,0,2,0,1
1,1,1,5,1,13,9,2,12,2,1,2,1,3,7,160,0,1
1,1,0,4,1,13,8,1,2,2,1,3,1,3,7,343,0,1
1,1,0,4,1,13,8,2,13,2,1,2,1,0,0,96,0,1
1,1,0,4,1,0,1,1,12,2,1,2,1,3,0,155,1,1
1,1,0,4,1,0,1,1,7,2,1,4,1,3,7,305,1,1
1,1,0,4,1,0,8,1,2,2,1,4,1,3,7,255,1,1
1,1,1,5,1,13,9,1,13,1,1,2,1,3,7,200,0,1
1,1,0,4,1,13,1,1,13,2,1,3,1,3,5,241,0,1
1,1,0,4,1,0,1,1,12,2,2,2,1,3,7,279,1,1
0,1,0,4,1,13,4,1,12,1,1,4,1,3,6,154,0,1
1,1,1,5,1,11,1,1,13,2,1,0,1,3,0,179,0,1
1,1,1,4,1,10,12,1,12,1,1,1,1,3,7,133,0,1
1,1,0,4,1,0,8,2,12,2,1,2,1,3,7,243,1,0
1,1,1,5,1,10,5,2,2,2,1,3,1,3,7,213,0,1
1,1,0,4,1,0,11,2,2,2,1,0,1,0,0,53,1,1
1,1,0,5,1,1,9,2,13,2,1,2,1,0,0,29,0,1
1,1,0,4,1,10,12,2,12,2,1,5,1,0,0,105,0,1
1,1,0,4,1,10,5,2,13,1,1,3,1,0,0,131,0,1
1,1,1,5,1,16,9,2,12,2,1,4,1,3,7,226,0,1
1,1,1,5,1,0,8,2,13,2,2,3,1,3,7,143,1,0
1,2,0,4,1,13,8,1,13,2,1,3,1,3,7,214,0,1
1,1,1,4,1,13,4,2,12,2,1,2,1,0,0,49,0,1
1,2,0,4,1,0,8,2,13,2,1,2,1,3,5,330,1,1
1,1,1,5,1,0,9,2,11,2,1,3,1,3,7,192,1,1
1,1,0,4,1,7,12,2,2,2,2,2,1,3,7,299,0,1
1,1,1,5,1,16,9,1,12,1,1,4,1,3,7,256,0,1
1,1,1,4,1,0,1,2,13,2,1,4,1,0,0,153,1,1
1,1,1,4,1,16,12,1,12,2,1,4,1,3,2,236,0,1
1,1,1,5,1,13,12,1,13,1,1,4,1,3,7,254,0,1
1,1,1,5,1,10,1,2,13,2,2,2,1,0,0,36,0,1
1,1,0,4,1,13,5,2,13,2,1,2,1,3,5,254,0,1
1,1,0,4,1,0,5,1,13,2,2,4,1,3,7,285,1,1
1,1,1,4,1,11,1,1,12,2,1,2,1,3,7,256,0,1
1,1,1,5,1,3,8,2,13,1,1,2,1,3,7,286,0,1
1,2,1,6,1,11,12,1,12,2,1,0,1,0,0,15,1,0
1,2,0,4,1,1,1,1,12,2,1,3,1,2,0,146,0,1
1,1,0,4,1,13,11,2,7,2,1,2,1,0,0,150,0,1
1,2,0,4,1,16,4,2,3,2,1,1,1,3,7,173,0,1
1,1,0,4,1,13,1,1,7,2,1,2,1,0,0,153,0,1
0,1,1,2,1,0,8,2,13,2,2,2,0,3,7,194,1,0
1,1,0,4,1,0,5,1,12,2,2,3,1,3,7,248,1,1
1,1,1,5,1,0,1,1,13,2,2,3,1,3,0,175,1,1
1,2,1,6,1,11,6,2,12,2,1,1,1,0,0,183,0,1
1,1,0,6,1,0,1,1,13,2,1,1,1,0,0,96,0,1
1,1,0,4,1,13,1,1,12,2,1,1,1,3,0,190,0,1
1,1,1,4,1,0,8,1,13,2,1,3,1,3,7,335,1,1
1,1,0,4,1,13,1,1,12,1,1,2,1,0,0,108,0,1
1,1,0,4,1,0,11,1,13,2,1,2,1,3,7,258,1,0
1,1,0,6,1,13,8,1,12,1,1,3,1,3,0,128,0,1
1,1,0,4,1,0,12,1,13,2,2,3,1,3,7,208,1,1
1,2,1,5,1,0,12,2,11,2,1,3,1,3,7,243,1,0
1,1,0,4,1,0,1,1,3,2,2,1,1,0,0,157,1,1
1,1,1,7,1,0,11,1,12,2,2,2,0,0,0,89,1,0
1,1,0,4,1,0,1,2,12,2,1,1,1,3,7,207,0,1
1,1,0,4,1,10,8,1,13,2,2,1,1,3,7,266,0,1
1,1,0,4,1,0,11,1,13,2,1,1,1,0,0,73,0,1
1,1,0,4,1,13,9,1,13,1,1,3,1,0,0,82,0,1
1,1,0,5,1,16,5,1,12,2,1,2,1,3,7,225,0,1
1,1,0,4,1,0,4,1,12,2,1,2,1,0,0,65,0,1
1,1,0,4,1,0,12,2,13,2,1,4,1,3,0,221,0,1
1,1,1,5,1,16,1,2,13,1,1,3,1,3,7,207,0,1
1,1,0,6,1,0,5,1,11,2,2,1,0,0,0,0,1,0
1,1,1,5,1,0,5,2,13,1,2,4,1,0,0,54,0,1
1,1,0,4,1,4,11,1,13,2,1,3,1,0,0,62,0,1
1,1,1,5,1,0,12,1,12,2,2,3,0,3,0,102,1,0
1,1,1,6,1,13,3,1,12,1,1,3,1,0,0,120,0,1
1,1,1,6,1,4,1,2,13,1,1,4,1,3,7,274,0,1
1,1,0,4,1,10,2,1,13,2,1,5,1,0,0,17,0,1
1,1,0,4,1,0,1,1,13,2,1,1,1,3,0,219,0,1
1,1,1,4,1,16,5,1,13,2,1,4,1,3,7,251,0,1
1,1,0,4,1,0,12,2,12,2,1,4,1,0,0,108,1,1
1,1,0,4,1,1,2,1,12,2,1,2,1,3,7,246,0,1
1,1,0,4,1,1,2,1,2,1,1,5,1,0,0,102,0,1
1,2,0,4,1,0,4,2,12,2,1,1,1,3,7,304,1,1
1,2,1,5,1,11,6,1,12,2,1,3,1,0,0,83,0,1
1,1,0,4,1,0,5,2,13,2,1,0,1,0,0,95,1,0
1,1,0,4,1,13,5,2,13,2,1,2,1,0,0,1,0,1
1,2,0,6,1,0,8,1,13,2,1,0,1,3,0,197,0,0
1,1,0,4,1,0,8,1,2,2,1,4,1,3,7,318,1,0
1,1,1,5,1,0,1,1,12,2,2,1,0,3,0,85,1,0
1,1,0,4,1,10,5,1,13,2,1,1,1,0,0,177,0,1
1,1,1,4,1,0,9,1,13,2,1,2,1,3,7,327,1,1
1,1,0,4,1,0,8,1,12,2,1,1,0,3,7,243,1,0
1,1,0,4,1,0,11,1,13,2,1,2,1,3,7,188,0,1
1,1,1,4,1,16,8,1,12,1,2,1,1,3,7,322,0,1
1,1,0,4,1,13,5,1,13,2,1,2,1,0,0,84,0,1
1,1,0,4,1,11,4,2,13,1,1,2,1,0,0,94,0,1
1,1,0,4,1,16,1,1,12,2,1,0,1,3,7,295,0,1
1,1,0,4,1,11,5,2,12,1,1,0,1,3,7,298,0,1
1,1,1,5,1,13,8,2,12,2,1,2,1,3,7,194,0,1
1,1,1,7,1,0,11,1,13,2,2,0,1,3,7,217,1,1
1,1,1,5,1,16,8,2,11,2,1,3,1,0,0,23,0,1
1,1,0,6,1,13,8,2,12,2,1,1,1,3,7,319,0,1
1,2,1,4,1,0,8,1,12,2,1,2,0,3,7,284,1,0
1,1,1,6,1,0,8,1,12,2,1,2,1,3,7,177,0,0
1,1,1,4,1,13,8,1,13,2,1,0,1,3,2,165,0,1
1,1,0,4,1,0,5,1,2,2,2,2,0,3,7,372,1,0
1,2,1,4,1,16,4,1,12,2,1,1,1,0,0,92,0,1
1,1,0,4,1,0,12,1,12,2,1,2,1,3,7,220,1,0
1,1,0,4,1,0,8,1,12,2,1,4,1,3,7,193,1,0
1,1,1,4,1,10,1,2,13,2,2,2,1,3,7,138,1,1
1,1,1,5,1,10,12,1,13,2,2,4,1,0,0,123,0,1
1,1,1,5,1,16,5,2,13,1,1,3,1,3,7,260,0,1
1,1,0,6,1,0,2,2,12,2,1,5,1,0,0,113,1,1
1,1,1,4,1,16,5,1,3,1,1,4,1,3,7,308,0,1
1,1,1,5,1,13,5,1,12,2,1,2,1,0,0,13,1,1
1,1,0,4,1,0,12,2,13,2,2,1,0,3,7,236,1,1
1,2,1,4,1,11,12,1,13,2,1,2,1,0,0,54,0,1
1,1,0,4,1,16,5,1,13,1,1,2,1,0,0,19,0,1
1,1,1,4,1,13,1,1,7,1,1,2,1,3,0,191,0,1
1,2,0,4,1,13,4,1,12,2,1,0,1,0,0,64,0,1
1,1,1,6,1,10,1,2,12,1,1,0,1,0,0,154,0,1
1,1,0,6,1,0,8,2,13,2,2,2,1,3,0,113,1,0
1,1,0,4,1,1,2,1,13,1,1,3,1,0,0,29,0,1
1,1,1,5,1,0,9,1,12,2,2,4,1,3,2,161,1,0
1,1,1,5,1,10,5,1,13,2,2,4,1,3,7,296,0,1
1,1,0,4,1,0,1,1,13,2,1,1,1,3,7,237,0,1
1,1,0,4,1,0,2,1,13,2,2,1,1,3,7,324,1,0
1,1,0,4,1,0,12,2,13,2,2,6,1,0,0,35,1,1
1,1,0,4,1,16,12,2,13,2,1,2,1,0,0,79,0,1
1,1,1,6,1,0,5,1,3,2,1,4,1,3,7,221,1,1
1,1,0,4,1,13,8,2,13,2,1,3,1,0,0,105,0,1
1,2,0,4,1,0,1,1,13,2,1,0,1,3,7,242,0,0
1,1,1,5,1,0,9,2,11,2,1,1,1,3,7,252,1,1
1,1,1,4,1,0,1,1,13,2,1,1,1,0,0,108,1,1
1,1,0,4,1,3,5,2,12,2,2,0,1,3,0,234,0,1
1,1,1,5,1,1,8,1,12,1,2,4,1,3,7,204,0,1
1,1,0,4,1,13,12,1,8,2,1,4,1,3,7,264,0,1
1,1,0,4,1,0,8,1,12,2,1,6,1,3,0,163,0,1
1,1,1,5,1,13,8,2,12,1,1,1,1,3,7,167,0,1
0,2,0,4,1,0,4,2,2,2,1,3,0,3,7,372,1,0
1,1,1,5,1,0,8,1,13,2,2,4,1,0,0,54,0,1
1,2,1,5,1,11,5,1,13,2,2,1,1,3,7,311,0,1
1,1,0,4,1,10,4,2,10,1,1,3,1,3,7,268,0,1
1,1,1,7,1,0,11,1,13,2,2,1,0,0,0,43,1,1
1,1,1,4,1,13,11,1,12,2,1,2,1,3,7,159,0,1
1,2,1,2,1,0,8,1,13,2,1,2,1,3,7,368,0,1
1,1,0,4,1,16,12,1,10,2,1,4,1,3,0,248,0,1
1,1,0,4,1,0,1,1,13,2,1,4,1,0,0,57,1,1
1,1,0,4,1,10,5,1,3,2,1,2,1,0,0,101,0,1
1,1,0,4,1,13,12,2,2,2,1,4,1,3,7,267,0,1
1,1,0,4,1,13,9,2,12,1,1,1,1,3,0,185,0,1
1,1,0,4,1,0,7,1,3,2,2,1,1,0,0,52,1,0
1,1,0,4,1,13,8,1,13,2,1,5,1,3,0,169,0,1
1,1,1,5,1,0,5,1,13,2,2,2,1,0,0,68,1,0
0,1,1,7,1,0,8,2,2,2,1,1,0,3,7,153,1,0
1,1,1,5,1,13,5,2,8,1,1,3,1,3,7,221,0,1
1,1,0,4,1,13,12,1,12,2,1,3,1,3,7,360,0,1
1,1,1,5,1,16,11,2,13,1,1,3,1,0,0,62,0,1
1,1,0,6,1,0,4,1,13,2,1,2,0,3,0,108,1,0
1,1,1,5,1,10,5,1,13,2,2,3,1,3,7,362,1,1
1,1,1,7,1,0,9,1,13,2,2,1,1,0,0,27,1,1
1,1,1,5,1,1,12,1,12,2,2,5,1,3,7,293,1,1
1,1,1,4,1,13,9,2,12,1,1,3,1,3,7,341,0,1
1,1,1,4,1,0,1,1,8,2,1,3,1,3,7,131,1,0
1,1,1,5,1,0,5,2,13,2,1,3,1,0,0,44,1,0
1,1,1,5,1,11,2,1,13,1,1,3,1,0,0,51,0,1
1,1,1,5,1,10,2,1,13,1,2,2,1,3,7,316,0,1
1,1,1,5,1,10,11,1,13,2,1,3,1,0,0,137,0,1
1,1,0,5,1,4,1,1,13,2,2,3,1,0,0,123,0,1
1,1,0,4,1,13,5,2,13,2,1,4,1,0,0,129,0,1
1,1,0,4,1,11,4,1,13,2,1,2,1,3,7,211,0,1
1,1,0,4,1,0,5,1,12,2,2,3,1,3,7,253,1,1
1,1,1,5,1,10,5,2,13,1,1,1,1,0,0,71,0,1
1,1,0,4,1,16,12,2,13,2,1,1,1,0,0,140,0,1
1,1,0,4,1,1,1,1,10,2,1,2,1,3,7,315,0,1
1,1,1,5,1,10,5,1,12,2,2,1,1,3,7,297,0,1
1,2,1,5,1,0,8,2,13,2,1,3,1,0,0,156,1,1
1,1,1,5,1,0,12,2,12,2,1,3,1,3,7,291,0,1
1,1,0,4,1,16,9,1,11,1,1,3,1,0,0,100,0,1
1,1,1,7,1,1,7,1,13,2,1,2,1,0,0,88,0,1
1,1,0,4,1,13,9,1,12,2,1,2,1,3,7,301,0,1
1,1,0,4,1,0,5,1,13,2,1,2,1,3,7,336,1,1
1,1,1,5,1,0,8,2,13,2,1,3,1,0,0,142,0,1
1,1,1,5,1,13,8,2,12,1,1,3,1,0,0,56,0,1
1,1,0,4,1,0,8,1,13,2,1,2,1,3,0,171,0,1
1,1,1,5,1,0,5,1,13,2,1,3,1,0,0,44,0,1
1,2,0,5,1,0,4,1,13,2,1,3,0,0,0,32,1,0
1,1,0,4,1,0,5,2,13,2,2,0,0,0,0,168,1,0
1,1,0,4,1,0,1,2,12,1,1,4,1,3,7,351,0,1
1,1,0,4,1,0,1,1,13,2,1,1,1,3,0,163,1,0
1,1,1,5,1,0,9,2,13,2,2,1,1,0,0,123,1,1
1,1,0,4,1,0,1,1,13,2,1,0,1,0,0,104,0,1
1,1,0,4,1,0,5,1,13,2,2,4,0,3,7,216,1,0
1,1,0,4,1,13,1,1,12,2,1,0,1,0,0,140,0,1
1,1,1,5,1,0,5,1,13,2,2,2,1,3,7,244,0,1
1,1,0,4,1,1,1,1,12,2,1,3,1,3,7,261,0,1
1,1,0,4,1,13,8,2,12,2,1,1,1,3,0,213,0,1
1,2,0,4,1,0,8,1,13,2,1,3,1,0,5,190,0,1
1,1,0,4,1,0,7,2,13,2,1,0,1,3,0,189,0,1
1,1,1,5,1,1,1,2,13,1,1,2,1,0,0,126,0,1
1,1,0,4,1,13,12,1,12,2,1,4,1,3,7,188,0,1
1,2,1,5,1,0,4,1,12,2,1,1,1,3,7,259,1,1
1,1,0,4,1,0,4,2,2,2,1,2,1,3,7,282,0,1
1,1,0,4,1,0,12,1,2,2,2,1,0,3,7,319,1,0
1,1,0,4,1,0,10,1,13,2,1,5,1,0,0,65,1,1
1,1,0,4,1,0,8,2,13,2,1,2,1,0,0,126,1,1
1,2,0,4,1,13,8,1,12,2,1,1,1,3,7,243,0,1
1,1,0,4,1,14,1,1,2,2,1,1,1,0,0,160,0,1
1,1,1,5,1,0,5,1,13,2,2,3,0,0,0,41,1,0
1,1,1,5,1,0,1,1,12,2,1,4,1,4,0,134,1,0
1,1,1,5,1,0,9,2,2,2,2,4,0,3,7,318,1,1
1,1,0,4,1,1,8,1,12,2,1,1,1,3,0,195,0,1
1,1,0,4,1,0,4,2,7,2,1,1,1,3,7,263,0,0
1,1,1,4,1,13,5,1,12,2,2,2,1,3,7,293,1,1
1,1,1,4,1,1,2,2,13,1,1,4,1,3,7,368,0,1
1,1,0,4,1,0,12,1,12,2,2,1,0,3,7,182,1,0
1,1,1,5,1,13,5,2,13,2,1,1,1,0,0,5,0,1
1,1,0,4,1,13,8,2,2,2,1,3,1,3,0,299,0,1
1,1,0,4,1,13,8,1,12,2,1,2,1,3,7,255,0,1
1,1,0,4,1,13,11,1,13,2,1,0,1,0,0,51,0,1
1,2,0,4,1,1,6,1,9,2,1,3,1,3,7,367,0,1
1,1,0,4,1,13,7,2,12,2,1,2,1,3,7,378,0,1
1,1,0,4,1,13,6,2,12,2,1,1,1,0,0,3,1,0
1,1,1,5,1,13,3,1,13,2,1,0,0,0,0,56,1,1
1,1,0,4,1,13,7,1,9,2,1,1,1,0,7,229,0,1
1,1,0,6,1,0,6,1,12,2,3,2,1,0,0,42,1,1
1,1,0,4,1,13,5,2,13,2,1,2,1,3,7,220,1,1
1,1,1,5,1,0,3,2,12,2,3,4,0,3,0,123,1,0
0,1,1,5,1,16,6,1,13,1,1,1,1,0,7,180,0,1
1,1,0,4,1,0,7,2,1,2,1,1,1,3,7,212,1,0
1,1,0,1,1,11,6,1,12,2,2,3,1,0,0,100,0,1
1,1,0,4,1,1,6,1,1,2,1,2,1,3,7,363,1,1
0,1,0,4,1,13,6,2,13,2,1,2,1,3,7,312,0,1
1,2,0,4,1,11,6,1,13,2,1,1,1,0,0,117,0,1
1,2,1,5,1,16,3,2,12,2,1,4,1,3,7,256,0,1
1,1,0,4,1,16,6,2,13,1,1,1,1,0,0,152,0,1
1,1,0,4,1,13,7,1,13,2,2,0,1,3,0,132,0,1
1,1,0,4,1,11,7,1,9,2,1,2,1,3,7,270,0,1
1,1,0,4,1,13,2,1,12,2,1,2,1,3,7,264,0,1
1,1,0,4,1,13,7,2,9,2,1,3,1,0,7,201,0,1
0,1,0,4,1,14,2,1,13,2,1,3,1,3,7,360,1,0
1,1,1,5,1,16,6,2,4,2,1,3,1,3,7,351,1,1
1,1,1,5,1,16,6,2,13,2,1,4,1,3,7,228,0,1
1,1,0,4,1,16,9,1,9,2,1,1,1,3,7,293,0,1
1,2,0,4,1,0,6,1,1,2,1,3,1,0,0,129,1,1
1,1,1,5,1,16,12,1,12,1,1,2,1,3,0,107,0,1
0,1,1,5,1,0,1,2,4,2,1,4,1,3,7,315,1,0
1,1,1,5,1,16,1,2,13,1,1,1,1,3,7,178,0,1
1,1,1,5,1,13,5,1,13,2,2,5,1,0,7,152,1,1
1,1,0,4,1,14,5,2,12,2,1,0,1,0,0,73,1,1
1,1,1,5,1,10,2,1,13,2,2,3,1,3,0,105,1,1
1,2,0,4,1,13,1,1,1,2,1,2,1,3,7,243,1,0
0,1,0,4,1,0,7,2,13,2,1,2,1,3,7,157,1,0
1,1,0,4,1,0,7,2,6,2,1,5,1,3,7,177,1,0
1,1,0,5,1,16,6,2,12,1,1,5,1,3,7,225,0,1
1,1,1,5,1,10,2,1,12,1,1,5,1,0,0,123,0,1
1,1,0,6,1,14,2,2,12,1,1,1,1,0,0,32,0,1
1,1,0,4,1,10,1,2,13,2,1,2,1,0,0,1,1,1
1,2,0,4,1,11,7,1,13,2,1,4,1,0,0,89,0,1
1,1,1,5,1,0,6,2,12,2,1,5,1,0,0,7,1,1
1,1,0,4,1,0,7,1,12,2,1,2,1,3,7,156,1,0
1,1,1,5,1,13,9,1,12,1,1,3,1,3,7,250,0,1
0,1,0,6,1,14,11,1,12,2,1,0,1,3,7,332,0,1
1,1,0,4,1,16,7,1,14,1,1,4,1,3,7,218,0,1
1,1,1,5,1,0,9,2,4,2,1,2,1,3,7,108,1,0
1,1,1,5,1,10,9,1,13,2,1,0,1,0,7,154,1,1
1,1,0,4,1,16,6,2,7,1,1,3,1,0,0,59,0,1
1,1,1,5,1,11,2,2,12,1,1,4,1,3,7,266,0,1
1,1,1,5,1,0,6,2,12,2,3,1,0,0,0,31,1,0
1,1,1,5,1,0,2,1,13,2,1,4,1,0,0,52,1,0
1,1,1,5,1,16,6,1,10,1,1,5,1,0,0,131,0,1
1,1,0,4,1,10,6,1,13,2,1,4,1,3,0,178,0,0
1,1,1,5,1,13,10,2,12,2,1,4,1,3,7,271,0,1
1,1,0,4,1,13,6,1,1,2,1,4,1,3,7,329,0,1
1,2,1,5,1,16,6,1,1,2,1,2,1,3,7,335,1,1
1,1,0,4,1,13,3,1,6,2,1,3,1,0,0,132,0,1
1,1,0,5,1,0,6,2,13,2,3,2,0,3,7,226,1,0
1,1,0,4,1,13,4,1,12,1,1,1,1,3,7,282,0,1
1,1,1,5,1,13,6,1,13,2,1,3,1,0,0,138,0,1
1,1,0,7,1,4,7,2,13,1,1,2,1,0,0,10,0,1
0,1,1,5,1,11,6,1,13,2,2,2,1,3,7,165,1,0
1,2,0,4,1,13,3,2,12,2,1,5,1,0,0,64,0,1
1,1,1,1,1,0,1,1,4,2,1,1,1,0,0,67,1,1
1,1,1,5,1,16,7,1,12,1,1,3,1,0,0,115,0,1
1,1,1,5,1,10,2,2,13,2,2,3,1,3,7,264,0,1
1,1,1,5,1,3,5,2,13,1,2,0,1,0,0,65,0,1
1,1,0,4,1,14,1,1,13,2,1,2,1,3,0,182,0,1
1,1,1,5,1,0,6,2,4,2,1,4,1,3,7,161,1,1
1,1,1,4,1,0,7,1,13,2,1,4,1,3,7,212,1,1
1,1,0,5,1,14,6,1,12,2,1,4,1,0,0,109,0,1
1,1,0,4,1,0,7,1,13,2,2,2,0,3,0,149,1,0
1,1,0,4,1,16,2,2,12,2,1,4,1,0,0,191,0,1
1,1,1,5,1,13,7,1,13,2,1,1,1,3,7,283,0,1
0,1,0,4,1,13,7,1,12,1,1,0,1,0,10,136,0,1
0,1,0,1,1,0,7,1,9,2,2,1,0,3,7,352,1,1
1,1,1,5,1,0,1,1,13,2,1,2,1,3,7,182,1,0
1,2,0,4,1,16,9,2,4,2,1,1,1,3,0,187,0,1
1,1,0,4,1,0,11,1,13,2,1,1,1,0,0,67,1,0
1,1,0,4,1,0,8,1,4,2,2,3,0,0,0,103,1,0
1,1,1,4,1,13,7,2,13,1,1,2,1,0,0,160,0,1
1,1,0,4,1,0,2,1,13,2,1,3,1,0,0,20,1,0
1,1,0,5,1,13,1,2,14,2,2,3,1,0,0,115,1,1
0,1,0,1,1,0,7,1,12,2,2,3,0,3,0,117,1,1
1,1,0,5,1,16,11,2,1,2,1,4,1,3,2,151,1,0
1,1,0,4,1,16,7,2,9,2,1,1,1,3,7,271,0,1
1,1,0,6,1,13,7,2,12,2,1,1,1,0,0,98,0,1
1,1,0,4,1,4,11,1,12,2,1,4,1,0,0,78,0,0
1,1,0,4,1,13,7,2,14,2,1,4,1,3,4,232,0,1
1,1,1,5,1,4,9,2,13,1,1,1,1,0,0,68,0,1
1,1,1,5,1,0,1,1,13,2,1,0,1,3,0,96,1,0
1,1,0,4,1,0,5,1,13,2,1,1,1,0,7,149,1,0
1,1,0,4,1,16,5,1,12,1,1,2,1,3,7,199,0,1
1,1,0,4,1,13,7,1,12,2,1,3,1,0,0,118,0,1
1,1,1,5,1,11,2,1,12,2,2,2,1,3,0,142,1,1
1,2,1,5,1,10,11,1,1,2,1,3,1,0,0,148,1,1
0,2,0,6,1,0,7,2,12,2,1,1,1,0,0,102,1,0
1,1,0,4,1,13,7,1,9,2,1,1,0,0,0,188,0,1
1,2,0,1,1,0,1,1,4,2,3,1,0,3,7,171,1,0
0,1,0,4,1,14,6,2,12,2,1,2,1,3,7,343,0,1
0,1,0,4,1,13,8,1,10,2,1,0,1,3,0,150,0,0
1,1,0,5,1,8,3,2,9,2,1,2,1,3,7,311,0,1
1,1,1,5,1,0,6,1,13,1,1,2,0,0,0,97,1,0
1,1,0,4,1,14,11,2,13,2,1,2,1,3,7,222,0,1
1,1,0,6,1,0,7,2,9,2,1,4,1,0,0,14,1,1
1,2,0,4,1,13,7,1,13,1,1,4,1,3,4,247,0,1
1,1,0,4,1,13,3,1,12,2,1,2,1,3,7,282,0,0
1,1,0,6,1,13,6,2,13,1,1,2,1,0,0,53,0,1
1,1,1,1,1,16,7,1,12,2,1,1,1,0,0,112,0,1
1,1,1,5,1,13,6,1,12,1,1,3,1,3,7,166,0,1
1,1,0,4,1,4,3,1,13,1,2,2,1,0,0,97,0,1
1,1,1,5,1,13,2,1,13,1,1,2,1,3,7,271,0,1
1,1,0,4,1,0,11,1,4,2,1,2,0,0,0,84,1,0
1,1,0,4,1,13,1,1,9,2,1,1,1,3,7,215,0,1
1,1,1,4,1,13,7,2,13,1,1,1,1,3,11,206,0,1
1,1,0,1,1,0,7,1,13,2,1,2,1,3,0,106,1,0
1,1,0,4,1,13,7,2,13,1,1,1,1,3,7,225,0,1
1,1,1,5,1,4,7,1,12,2,1,4,1,0,0,126,0,1
1,2,0,4,1,20,7,1,13,1,1,1,1,3,7,304,0,1
1,1,0,4,1,13,6,1,12,2,1,1,1,3,0,214,1,1
1,1,0,5,1,0,1,2,13,2,1,3,1,0,0,71,1,1
1,1,1,5,1,13,9,1,1,2,1,2,0,3,7,187,1,0
1,1,0,4,1,14,6,1,13,1,1,0,1,0,0,129,0,1
1,1,1,5,1,11,6,1,0,1,1,4,1,0,0,52,0,1
1,2,1,1,1,11,7,1,13,2,1,1,1,0,0,114,0,1
1,1,0,4,1,13,7,2,4,2,1,3,1,3,7,250,0,1
1,1,0,4,1,10,11,1,12,2,1,4,1,3,4,175,1,0
1,1,0,4,1,16,7,2,9,2,1,0,1,0,7,151,1,1
1,1,1,5,1,13,6,1,13,2,2,3,1,3,7,299,0,1
1,1,0,6,1,10,3,1,6,2,3,1,1,3,7,206,1,1
1,1,0,4,1,14,2,1,12,2,1,2,1,0,0,110,0,1
1,1,0,5,1,10,1,2,13,2,1,0,1,0,0,83,1,1
1,1,1,5,1,16,6,1,13,2,1,2,1,3,7,226,0,1
1,1,0,4,1,20,2,1,12,1,1,2,1,3,11,185,0,1
1,1,1,5,1,13,1,1,13,1,1,4,1,0,0,97,0,1
1,1,0,5,1,0,11,1,4,2,4,3,1,3,7,201,1,1
1,1,0,5,1,4,6,1,12,2,1,5,1,0,0,99,0,1
1,1,1,5,1,16,6,1,12,2,3,3,1,3,7,235,1,0
1,1,1,5,1,13,3,1,12,1,1,3,1,3,7,296,0,1
0,1,0,4,1,11,7,2,13,1,1,1,1,0,7,141,0,1
1,1,0,4,1,13,1,1,12,2,1,4,1,3,7,283,0,1
1,1,1,5,1,0,1,1,12,2,1,1,0,0,0,88,1,0
1,1,0,4,1,13,6,2,14,2,3,3,1,3,7,375,1,1
1,1,0,4,1,13,3,1,12,2,1,0,1,3,7,266,0,1
1,1,1,5,1,13,7,1,13,2,1,3,1,3,7,171,1,1
1,1,0,4,1,11,2,1,9,2,1,1,1,3,7,300,0,1
1,1,0,4,1,14,11,1,12,1,1,2,1,0,0,48,0,1
1,1,0,4,1,13,7,1,13,1,1,0,1,3,7,252,0,1
1,1,0,4,1,13,7,1,9,2,1,3,1,3,7,302,0,1
1,1,0,4,1,1,6,1,12,2,1,3,1,3,2,259,0,1
1,1,1,5,1,16,11,1,13,1,1,2,1,0,4,72,1,1
1,1,1,5,1,16,6,1,13,2,1,3,1,3,0,198,0,1
1,1,0,4,1,13,7,1,13,2,1,2,1,3,7,331,0,1
1,1,0,6,1,13,7,1,13,1,1,3,1,0,0,78,0,1
1,1,0,4,1,13,1,1,12,2,1,4,1,3,7,125,1,0
1,2,1,4,1,13,3,1,12,2,1,2,1,3,7,178,0,1
1,1,0,4,1,0,6,2,9,2,1,0,1,3,4,200,1,1
1,1,1,5,1,13,7,1,9,2,1,2,1,3,7,370,1,1
1,1,0,4,1,0,7,2,4,2,1,1,1,0,0,137,0,1
1,1,0,4,1,10,11,1,12,2,1,4,1,3,7,224,0,1
1,2,1,5,1,13,1,1,13,2,1,4,1,3,7,203,0,1
1,2,0,4,1,13,7,2,4,2,1,2,1,0,0,28,0,1
1,2,0,4,1,13,3,1,12,2,1,0,1,3,7,281,0,1
1,1,1,4,1,13,4,2,9,2,1,1,1,3,7,226,0,1
1,2,0,4,1,11,2,1,12,2,1,1,0,3,7,140,1,0
1,1,0,1,1,0,6,1,13,2,3,4,0,3,7,142,1,0
1,1,0,4,1,4,2,1,13,1,1,2,1,3,7,202,0,1
1,1,1,5,1,0,5,1,0,2,2,1,0,3,7,123,1,0
1,1,1,5,1,13,7,1,1,2,1,3,1,0,0,15,0,1
1,1,0,4,1,4,7,1,9,2,1,5,1,3,7,359,0,1
1,1,0,5,1,14,7,1,7,1,1,3,1,3,7,157,0,1
0,1,1,5,1,11,6,2,13,1,3,1,1,3,7,114,1,0
1,1,0,4,1,14,7,2,12,2,1,2,1,3,7,285,1,0
1,1,0,4,1,20,11,2,12,1,2,0,1,3,0,159,0,1
1,1,0,4,1,0,5,2,12,2,1,1,0,3,7,293,1,1
1,1,0,4,1,16,6,2,13,2,1,2,1,3,7,238,0,1
1,1,0,4,1,14,11,2,12,1,1,3,1,3,7,257,0,1
1,1,1,4,1,16,7,1,13,2,1,3,1,3,7,270,0,1
1,2,0,1,1,0,3,1,9,2,1,0,1,3,7,233,1,0
1,1,1,5,1,16,9,2,13,2,1,3,1,0,0,78,1,1
1,1,0,4,1,0,9,2,14,2,1,2,1,3,7,200,1,0
1,1,0,4,1,4,6,2,13,1,1,5,1,0,0,57,0,1
1,1,1,5,1,16,7,1,13,2,1,4,1,0,0,58,1,1
1,1,0,4,1,14,1,2,12,2,1,1,1,3,7,277,0,1
1,1,0,1,1,11,7,1,9,2,1,3,1,3,7,262,0,1
1,2,1,5,1,12,11,2,1,2,1,2,1,3,7,202,1,1
1,1,0,5,1,16,6,2,13,1,1,3,1,3,7,161,0,1
1,1,0,4,1,13,5,2,13,1,1,2,1,3,7,250,0,1
1,1,0,4,1,13,1,1,12,2,1,4,1,3,7,252,0,1
1,1,0,4,1,13,9,1,12,2,1,3,1,0,0,41,0,1
1,1,0,4,1,13,2,2,13,1,1,2,1,0,0,160,0,1
1,1,1,1,1,14,11,1,1,2,1,0,1,3,7,315,0,1
1,1,0,4,1,13,6,1,12,2,1,4,1,3,7,256,0,1
1,1,0,6,1,16,6,1,0,2,1,2,1,0,0,30,0,0
1,1,0,4,1,13,6,2,13,2,1,1,1,0,0,137,0,1
1,2,1,5,1,10,3,2,13,2,1,0,1,0,0,132,0,1
1,1,0,4,1,0,7,1,13,2,1,0,1,0,0,11,1,0
1,1,1,5,1,0,6,2,12,2,3,2,0,3,2,125,1,0
1,1,1,5,1,0,11,1,12,2,2,3,1,0,0,69,1,0
1,1,0,4,1,14,2,1,12,2,1,4,1,3,7,319,0,1
1,1,0,4,1,0,7,2,13,2,1,3,1,0,0,108,1,0
1,1,0,4,1,13,7,2,13,2,1,3,1,0,7,150,0,1
1,1,0,7,1,13,7,1,13,2,1,1,1,0,0,52,1,0
1,1,0,4,1,13,9,2,1,2,1,1,1,3,7,244,0,1
1,1,1,5,1,0,6,1,12,2,2,1,0,3,7,212,1,0
1,1,0,4,1,0,11,2,9,2,1,0,1,0,0,8,1,0
1,1,1,5,1,13,2,2,13,1,1,1,1,0,0,117,0,1
0,1,0,6,1,13,2,1,8,2,1,2,1,3,7,193,1,0
0,1,0,4,1,16,6,2,9,2,1,2,1,3,7,291,1,0
1,1,0,4,1,14,1,2,14,2,1,3,1,3,7,209,0,1
1,1,0,4,1,16,6,1,14,2,1,4,1,3,7,301,0,1
1,2,0,4,1,0,11,1,12,2,1,0,0,0,0,65,1,0
1,1,0,4,1,16,11,1,14,2,1,4,1,0,0,147,0,1
1,1,1,5,1,16,7,2,12,1,2,3,1,0,0,148,0,1
1,1,0,4,1,13,7,1,13,1,1,0,1,0,0,76,0,1
1,1,0,4,1,14,2,1,12,2,1,3,1,0,0,201,0,1
1,1,0,4,1,16,9,1,12,1,1,1,1,3,7,249,0,1
1,1,0,5,1,13,11,1,12,2,1,5,1,0,0,127,1,1
1,1,0,4,1,11,7,2,13,1,1,0,1,3,4,193,0,1
1,1,1,5,1,13,6,2,12,1,1,1,1,0,0,10,0,1
1,1,1,5,1,13,5,1,13,1,1,4,1,3,7,194,0,1
1,1,0,4,1,0,7,2,9,2,2,1,1,0,0,151,1,1
1,1,0,4,1,0,2,2,12,2,1,4,1,3,7,364,1,0
1,2,0,4,1,13,6,1,13,1,1,2,1,0,0,90,0,1
1,1,1,5,1,13,1,1,12,1,1,1,1,0,0,60,0,1
1,1,0,4,1,13,9,1,9,2,1,2,1,0,0,126,0,1
1,1,0,1,1,16,6,1,12,2,3,1,1,3,7,370,0,1
1,1,1,1,1,14,1,1,13,2,1,1,1,3,7,257,0,1
1,1,1,5,1,16,7,2,13,1,1,2,1,0,4,90,0,1
1,1,0,6,1,13,9,1,13,2,1,3,1,0,0,131,1,1
1,1,0,4,1,13,6,2,12,2,1,4,1,3,0,98,1,0
1,1,0,5,1,13,7,1,12,2,1,2,1,0,0,187,0,1
1,1,1,5,1,16,8,2,12,2,1,0,1,0,0,51,0,1
1,1,1,6,1,13,6,2,12,2,1,0,1,3,4,184,0,1
1,2,0,4,1,13,5,1,13,1,1,2,1,0,0,42,0,1
1,1,0,4,1,16,11,1,13,2,1,3,1,0,0,52,0,1
1,1,1,5,1,14,6,1,12,2,1,4,1,0,0,119,0,1
1,1,1,4,1,13,3,1,12,1,1,1,1,0,0,175,0,1
1,1,0,4,1,13,11,2,13,2,1,1,1,3,7,295,0,1
1,1,0,4,1,14,7,1,10,1,1,4,1,0,10,79,0,1
1,1,1,5,1,0,3,2,9,2,2,2,1,3,7,96,1,0
1,1,1,1,1,4,7,2,13,1,1,1,1,3,7,160,0,1
1,1,0,4,1,13,7,1,12,1,1,2,1,0,4,141,0,1
1,1,1,4,1,16,3,1,12,1,1,1,1,3,7,302,0,1
1,1,0,4,1,0,7,2,13,2,1,0,0,3,7,342,1,0
1,1,0,4,1,14,9,2,14,1,1,2,1,3,7,297,0,1
1,1,0,4,1,14,7,1,12,1,1,0,1,0,0,142,0,1
1,1,0,6,1,4,2,1,13,1,1,2,1,0,0,37,0,1
1,1,0,4,1,10,5,1,9,2,2,2,1,3,7,281,1,1
1,1,1,5,1,10,1,1,6,2,1,2,1,3,7,119,1,0
1,1,1,5,1,4,1,1,12,1,1,4,1,3,0,113,1,1
1,1,1,5,1,13,7,2,13,2,1,1,1,3,7,309,0,1
1,2,1,4,1,16,6,1,1,2,1,4,1,3,7,262,1,1
1,1,0,4,1,14,7,1,6,1,1,2,1,0,0,77,0,1
1,1,0,4,1,14,12,1,4,2,1,1,1,3,0,179,0,1
1,2,0,1,1,14,7,1,12,2,1,1,1,3,7,220,0,1
1,1,0,4,1,13,6,1,12,1,1,2,1,3,7,281,0,1
1,1,0,4,1,16,7,2,14,1,1,3,1,3,7,313,0,1
1,1,1,5,1,10,11,1,13,2,2,1,1,3,7,328,1,1
1,1,0,4,1,13,7,1,13,2,1,2,1,0,0,13,0,1
1,1,0,4,1,11,2,1,12,1,1,2,1,3,7,151,0,1
1,1,0,4,1,0,7,1,13,2,1,2,1,3,7,178,0,1
1,1,1,5,1,0,6,2,13,2,1,5,1,0,0,63,1,0
1,1,0,6,1,14,1,1,13,2,1,3,1,0,0,12,0,1
1,1,0,4,1,0,6,2,12,2,1,2,1,3,0,151,1,0
1,1,1,5,1,13,6,1,13,1,1,0,1,3,7,179,0,1
1,1,1,1,1,0,7,1,13,2,1,1,1,0,0,9,1,1
1,1,1,5,1,13,3,1,12,1,1,2,1,4,7,160,0,1
1,1,1,5,1,11,5,1,12,2,2,1,1,3,7,303,0,1
1,1,0,4,1,13,7,1,13,2,1,5,1,3,7,218,0,1
1,1,1,5,1,15,2,1,13,1,2,4,1,3,7,296,0,1
1,1,1,1,1,13,3,1,8,2,1,3,1,0,7,126,0,1
0,1,0,4,1,14,7,1,12,2,1,3,1,3,10,147,1,1
1,1,0,4,1,14,9,2,12,2,1,0,1,3,7,206,0,1
1,1,1,5,1,13,11,2,13,2,2,1,1,0,0,102,1,1
1,2,1,5,1,16,6,1,1,2,1,0,1,0,7,151,0,1
1,1,1,5,1,13,8,2,13,2,1,3,1,3,7,288,0,1
1,1,1,4,1,13,11,2,12,2,1,3,1,0,0,52,0,1
1,1,0,4,1,14,6,2,4,2,3,1,1,3,7,287,1,0
1,1,1,7,1,13,7,1,12,2,1,1,1,0,0,46,1,0
0,1,0,4,1,0,7,2,13,2,3,2,0,3,7,143,1,0
0,1,0,4,1,13,7,1,9,2,1,4,1,3,7,220,0,1
1,1,0,4,1,16,11,1,12,2,1,1,1,3,7,272,0,1
1,1,1,4,1,13,7,1,13,1,1,2,1,3,7,230,0,1
1,1,0,4,1,14,6,2,12,1,1,0,1,0,0,111,0,1
1,1,0,4,1,14,6,2,9,2,1,6,1,3,4,245,0,1
1,1,0,7,1,0,6,1,12,2,1,5,1,3,0,130,1,0
1,1,0,4,1,4,7,2,12,2,1,5,1,0,0,3,0,1
1,1,0,4,1,0,1,1,13,2,1,3,1,3,7,238,1,0
1,2,1,1,1,13,7,2,12,2,1,1,1,3,7,279,0,1
1,1,0,4,1,13,2,1,12,1,1,3,1,3,6,259,0,1
1,1,0,4,1,0,11,1,13,2,2,2,1,0,0,44,1,1
1,2,0,4,1,0,6,2,9,2,1,2,1,3,7,358,1,0
1,1,0,4,1,0,1,1,9,2,1,2,1,0,0,98,1,0
1,1,1,5,1,16,9,2,1,2,1,2,1,0,0,111,1,1
1,1,1,1,1,0,6,2,13,2,3,2,1,3,4,211,1,0
1,1,0,4,1,13,7,2,13,2,1,1,1,3,7,307,0,1
0,1,0,4,1,0,6,2,12,2,1,5,1,0,2,126,1,0
1,1,1,5,1,0,6,1,1,2,1,3,1,3,7,266,1,1
1,1,0,4,1,0,6,2,14,2,1,2,0,0,0,112,1,0
1,1,0,1,1,0,8,2,6,2,1,1,1,3,0,176,1,1
1,1,0,4,1,13,6,1,9,1,1,2,1,0,0,130,0,1
1,1,1,6,1,11,7,2,4,1,1,3,1,3,7,258,0,1
1,1,1,1,1,11,3,1,12,1,1,0,1,3,7,276,0,1
1,1,0,5,1,13,6,1,9,2,1,2,1,3,0,193,1,1
1,1,1,5,1,14,1,1,13,2,1,4,1,3,7,250,0,1
1,2,0,4,1,14,6,2,12,1,1,3,1,3,7,304,0,1
1,1,1,4,1,13,6,2,12,1,1,2,1,0,0,120,0,1
1,2,1,1,1,14,2,2,8,2,1,2,1,3,7,348,0,0
1,1,0,4,1,13,7,1,13,2,1,1,1,0,0,42,1,0
1,1,1,5,1,10,6,2,12,1,1,1,1,3,7,234,0,1
1,1,1,4,1,13,1,1,12,2,1,3,1,3,7,184,0,1
1,1,1,5,1,13,6,1,9,2,1,2,1,3,7,350,0,1
1,1,0,4,1,14,2,1,12,2,1,2,1,3,7,259,0,1
1,1,0,4,1,13,5,2,13,1,1,4,1,3,7,208,0,1
1,1,0,4,1,13,1,1,12,1,1,1,1,3,0,234,0,1
1,1,0,7,1,0,6,1,9,2,1,3,1,0,0,122,1,0
1,1,0,4,1,13,1,1,12,2,1,3,1,0,0,88,0,1
1,2,0,4,1,11,2,1,13,1,1,2,1,3,7,314,0,1
1,1,1,5,1,16,6,1,1,2,2,4,1,3,7,235,1,1
1,1,0,4,1,15,6,2,12,2,1,1,1,3,7,347,0,1
1,1,0,1,1,16,7,1,13,2,1,0,1,0,0,114,1,1
1,1,0,4,1,14,6,1,12,2,1,3,1,3,0,185,0,1
1,1,0,4,1,13,6,1,12,2,1,3,1,0,4,206,0,1
1,1,0,4,1,16,2,1,13,2,1,3,1,3,7,224,0,1
1,1,0,6,1,0,6,1,13,2,2,1,0,3,0,92,1,0
1,1,1,5,1,13,4,2,14,1,1,5,1,0,0,132,0,1
1,1,0,4,1,13,7,2,13,2,1,0,1,3,7,186,0,1
1,1,1,1,1,0,7,1,12,2,1,3,1,3,7,128,1,0
1,2,1,1,1,0,8,1,13,2,1,3,0,0,7,61,1,0
1,1,0,4,1,16,6,2,4,2,1,4,1,3,7,227,1,1
1,1,1,5,1,13,1,2,12,2,1,2,1,0,0,60,0,1
1,1,1,5,1,11,6,2,12,2,1,3,1,0,0,169,0,1
1,2,1,1,1,0,11,1,12,2,1,1,0,3,7,252,1,0
0,1,1,1,1,0,7,1,4,2,3,1,0,3,7,254,1,0
1,1,0,6,1,16,7,2,12,1,1,2,1,0,0,107,0,1
1,2,0,4,1,0,7,1,1,2,2,0,0,0,0,69,1,0
1,1,0,4,1,16,3,2,12,2,1,2,1,0,0,64,0,0
1,1,1,5,1,17,1,1,12,2,1,2,1,3,7,345,1,1
0,1,1,6,1,0,6,2,6,2,3,0,0,3,10,103,1,0
1,1,1,5,1,11,6,2,13,2,1,4,1,3,0,270,0,1
1,1,0,4,1,13,7,1,12,2,1,2,1,0,0,165,0,1
1,1,1,5,1,11,6,2,13,2,1,3,1,3,7,218,0,1
1,1,0,4,1,13,3,2,12,1,1,0,1,3,4,216,0,1
1,1,1,5,1,16,9,2,13,1,1,3,1,0,0,51,0,1
1,1,0,4,1,4,7,2,12,2,2,0,1,3,0,169,0,1
1,1,1,5,1,13,7,2,13,2,1,2,1,3,7,255,1,1
1,1,0,4,1,13,6,2,12,2,1,1,1,0,0,123,0,1
1,1,0,4,1,0,11,2,13,2,1,1,1,0,0,120,1,1
1,2,0,5,1,13,3,2,12,2,1,0,1,0,0,120,0,1
1,1,0,4,1,13,5,2,9,2,2,1,1,3,0,199,0,1
1,1,1,5,1,13,7,1,13,2,1,3,1,3,7,216,1,1
1,1,0,4,1,13,9,1,12,1,1,3,1,0,0,74,0,1
0,1,0,6,1,0,6,2,13,2,1,0,1,0,0,89,1,1
1,1,0,4,1,13,7,1,12,1,1,0,1,3,7,253,0,1
1,1,0,4,1,13,7,1,9,1,1,3,1,3,7,309,0,1
1,2,0,5,1,0,7,1,13,2,2,1,0,3,0,120,1,0
1,1,0,4,1,0,7,1,13,2,1,4,1,0,0,42,1,1
0,1,0,5,1,13,6,2,12,2,1,3,1,3,7,294,0,0
1,1,0,4,1,0,10,1,13,2,2,2,0,3,0,87,1,0
1,2,1,5,1,13,6,2,12,2,1,2,1,0,0,99,0,1
1,1,1,5,1,13,6,2,13,1,1,1,1,0,0,130,0,1
1,1,0,4,1,11,6,1,13,2,1,2,1,3,7,277,0,1
1,1,0,4,1,14,2,1,13,2,1,3,1,0,0,154,0,1
1,1,1,5,1,0,6,2,13,2,3,3,1,3,7,240,1,0
1,1,0,4,1,11,6,1,13,2,1,3,1,3,7,178,0,0
1,2,0,4,1,0,7,1,1,2,1,3,1,0,0,81,1,0
1,1,0,4,1,16,11,1,13,1,1,1,1,0,0,60,0,1
1,2,0,4,1,13,3,1,12,2,1,1,1,3,7,207,1,0
1,1,0,4,1,0,2,1,13,2,1,2,0,3,7,263,1,0
1,1,1,5,1,13,6,2,13,1,1,3,1,0,0,68,0,1
1,1,1,5,1,13,7,2,9,2,3,5,0,3,7,321,1,0
1,1,0,4,1,0,11,1,13,2,3,0,1,3,7,138,1,0
1,1,0,1,1,0,6,1,12,2,2,1,0,3,7,53,1,0
1,1,1,5,1,0,5,2,13,2,3,0,0,0,7,174,1,0
1,1,0,4,1,0,10,1,1,2,1,3,1,0,0,100,1,1
1,1,1,5,1,4,9,2,4,2,1,2,1,0,0,88,0,1
1,1,0,4,1,14,1,1,13,2,1,3,1,3,0,247,0,1
0,1,1,1,1,8,6,2,12,2,1,2,1,3,7,293,1,0
1,1,0,4,1,10,1,1,13,2,2,2,1,0,0,73,1,0
0,1,1,7,1,11,6,2,12,2,1,2,1,3,7,337,0,1
1,1,0,4,1,13,8,1,1,2,1,1,1,0,10,135,1,0
1,1,0,4,1,13,8,1,12,2,1,3,1,0,0,110,0,1
1,1,1,1,1,13,6,2,12,1,1,1,1,0,0,29,0,1
1,2,0,1,1,0,6,1,12,2,1,2,1,0,0,103,1,1
1,1,1,5,1,16,7,2,13,1,1,1,1,0,0,141,0,1
1,2,1,5,1,16,7,2,13,1,1,1,1,0,0,150,0,1
1,1,0,6,1,13,2,2,12,1,2,3,1,0,0,206,0,1
1,1,1,5,1,0,7,1,9,2,1,5,1,3,7,198,1,0
1,1,1,5,1,16,6,1,13,2,1,5,1,3,0,82,0,1
1,1,0,4,1,0,7,1,12,2,1,2,0,3,7,249,1,0
1,1,0,7,1,0,6,2,13,2,3,1,0,0,0,31,1,0
1,1,0,5,1,0,3,2,12,2,2,4,1,3,0,138,1,0
1,1,0,4,1,4,11,1,12,2,1,2,1,3,0,139,1,0
0,1,0,6,1,13,6,2,13,2,1,3,1,0,0,123,0,1
1,1,0,4,1,1,6,1,12,2,1,1,1,3,0,185,0,1
1,2,1,4,1,13,6,1,13,2,1,3,1,3,7,330,0,1
1,1,1,5,1,13,6,1,1,2,1,3,1,3,7,272,0,1
1,1,1,5,1,20,7,2,7,1,2,3,1,3,7,236,0,0
1,1,1,5,1,13,7,1,13,1,1,3,1,0,0,130,0,1
1,2,0,4,1,0,6,1,9,2,1,2,1,3,0,114,1,0
1,1,0,4,1,13,3,2,9,2,1,2,1,0,7,211,0,1
1,1,1,1,1,11,7,1,13,1,1,3,1,3,4,183,0,1
1,1,0,4,1,14,2,2,9,2,1,4,1,3,7,260,0,1
1,1,0,4,1,11,2,1,13,2,1,1,1,3,7,347,0,1
1,1,1,1,1,13,8,1,10,2,2,1,1,3,7,266,0,1
0,1,1,5,1,8,2,2,4,2,1,2,1,3,7,347,1,1
1,1,0,4,1,13,1,1,12,2,1,1,1,3,7,301,0,1
1,1,1,5,1,10,1,1,13,1,1,4,1,0,0,64,0,1
1,1,0,4,1,0,7,2,12,2,1,2,1,0,0,27,1,1
1,1,1,5,1,16,6,2,13,1,1,5,1,3,7,379,0,1
1,1,0,4,1,16,6,2,9,2,1,6,1,3,7,337,0,1
1,1,0,4,1,14,7,2,12,2,1,3,1,3,7,348,0,1
1,1,1,5,1,11,6,2,12,2,1,3,1,3,7,332,0,1
1,1,0,1,1,4,7,2,13,2,1,2,1,3,7,313,1,1
1,1,1,5,1,16,7,2,13,1,1,5,1,0,0,95,0,1
1,1,0,6,1,13,1,1,4,2,1,1,1,0,0,107,0,1
1,1,0,6,1,13,7,2,1,2,1,2,1,0,7,181,0,1
1,1,0,5,1,4,6,2,12,2,2,1,1,0,0,107,0,1
1,1,1,5,1,16,11,1,12,2,1,1,1,0,0,117,0,1
1,1,0,4,1,13,7,1,13,2,1,2,1,0,0,69,1,0
1,1,0,1,1,0,6,2,12,2,1,1,0,3,7,258,1,0
1,2,0,4,1,13,3,1,12,2,1,3,1,0,0,155,0,1
0,1,0,4,1,13,6,1,12,2,1,2,1,3,7,190,0,0
1,1,0,1,1,16,6,1,9,2,1,2,1,3,7,283,1,1
1,1,0,4,1,0,2,1,14,2,1,2,0,3,7,210,1,1
1,1,0,4,1,13,8,2,12,2,1,0,1,0,0,123,0,0
1,1,0,4,1,11,11,1,12,2,1,3,1,3,7,241,0,1
0,1,0,1,1,0,7,1,13,2,3,2,0,3,7,303,1,0
1,2,0,4,1,16,6,2,9,2,1,2,1,3,7,327,1,1
1,1,1,5,1,11,2,1,12,2,1,4,1,3,7,378,0,1
1,1,0,4,1,14,7,1,12,1,1,0,1,0,0,84,0,1
1,1,0,4,1,0,11,1,13,2,1,3,1,0,0,9,1,0
1,1,1,5,1,16,11,2,12,2,1,3,1,3,7,341,0,1
1,1,1,5,1,0,7,2,13,2,1,2,1,0,0,41,1,0
1,1,1,4,1,16,6,1,12,2,1,2,1,0,7,176,0,1
1,1,0,4,1,16,9,1,12,1,1,1,1,0,0,50,0,1
1,1,1,5,1,0,5,1,13,2,1,3,1,0,0,36,1,0
1,1,0,1,1,4,7,2,13,1,2,0,1,0,0,110,0,1
1,1,0,4,1,16,1,2,13,2,1,3,1,3,7,293,0,1
1,1,1,5,1,11,2,1,13,2,1,3,1,0,0,86,0,1
1,1,1,4,1,13,10,1,13,1,1,1,1,0,0,133,0,1
1,1,0,4,1,10,6,2,13,2,1,3,1,0,0,102,1,1
1,1,1,5,1,0,6,2,12,2,2,1,1,0,0,28,1,1
1,1,1,5,1,13,4,2,12,2,1,2,1,3,7,168,0,1
1,1,0,5,1,10,6,1,13,2,1,2,1,0,0,194,0,1
1,1,0,5,1,13,5,2,12,1,1,0,1,0,0,169,0,1
1,1,0,4,1,13,6,2,9,2,1,2,1,0,0,260,0,1
1,1,1,5,1,0,6,1,13,2,2,3,1,0,0,84,1,1
1,1,0,6,1,14,6,1,4,2,1,3,1,0,0,142,0,1
1,1,0,4,1,16,6,2,13,2,1,5,1,0,0,114,0,1
1,1,1,5,1,1,1,2,13,1,2,3,1,0,0,64,0,1
1,1,0,4,1,16,1,2,6,2,1,2,1,0,0,50,1,0
1,1,0,4,1,13,6,1,13,2,1,2,1,0,0,112,0,1
1,2,1,5,1,11,3,1,10,2,2,2,0,3,0,159,0,1
1,1,0,4,1,13,6,1,12,2,1,2,1,0,0,139,0,1
1,1,0,4,1,0,6,1,13,2,1,0,1,3,7,217,1,1
1,1,0,4,1,0,6,1,12,2,1,4,1,0,0,37,1,0
1,1,0,4,1,4,7,2,13,2,1,3,1,3,7,333,0,1
1,2,0,1,1,11,7,1,12,2,1,0,1,3,7,299,0,1
0,2,0,4,1,13,4,1,12,2,1,1,1,0,0,86,0,1
1,1,1,5,1,16,7,1,13,2,1,5,1,3,7,251,1,0
1,1,0,4,1,16,7,1,10,2,1,4,1,0,0,117,0,1
1,1,1,5,1,13,6,1,13,1,1,2,1,0,0,159,0,1
1,1,0,4,1,13,3,2,12,2,1,1,1,3,7,196,0,1
1,1,0,4,1,13,6,2,13,2,1,2,1,0,0,46,0,1
1,1,1,5,1,13,4,2,13,1,1,3,1,0,0,79,0,1
1,1,0,4,1,14,11,1,12,2,1,3,1,3,7,342,1,0
1,1,0,4,1,13,3,1,12,2,1,2,1,0,0,167,0,1
1,1,0,4,1,13,6,1,12,2,1,2,1,3,7,312,0,0
1,1,0,5,1,4,6,1,12,2,1,5,1,3,7,234,1,1
1,1,1,1,1,0,7,1,4,2,1,3,1,3,7,236,1,1
1,1,1,5,1,0,1,2,4,2,1,4,0,3,7,298,1,0
1,1,0,4,1,13,6,2,12,2,1,2,1,3,7,355,0,1
1,1,1,4,1,10,6,1,13,2,1,1,1,0,0,151,1,1
1,1,1,5,1,0,7,2,9,2,1,0,1,0,0,141,1,1
1,1,0,4,1,0,6,1,13,2,1,3,1,3,7,256,1,0
1,1,1,5,1,0,7,2,13,2,3,1,1,0,0,61,1,0
0,1,0,4,1,4,6,2,12,1,1,4,1,0,0,38,0,1
1,1,0,4,1,14,11,1,12,1,1,3,1,0,0,118,0,1
1,1,0,4,1,16,7,1,13,2,1,0,1,0,0,171,0,1
1,1,1,5,1,10,6,2,12,2,1,2,1,0,0,22,0,1
1,1,0,4,1,14,6,2,14,2,1,5,1,0,0,56,1,1
1,1,0,4,1,13,7,1,14,2,1,1,1,0,7,129,0,1
1,1,0,5,1,13,6,1,12,2,2,2,1,3,7,304,0,1
1,1,1,5,1,0,11,1,12,2,2,2,1,0,0,104,0,1
1,1,1,5,1,0,3,2,12,2,1,3,1,0,0,26,1,0
1,1,0,4,1,13,7,1,13,2,1,4,1,3,7,374,0,1
1,1,1,5,1,11,6,1,12,2,1,2,1,3,0,184,0,1
1,1,1,5,1,13,7,1,1,2,2,4,1,3,7,343,0,1
1,1,0,4,1,4,7,1,13,2,1,1,1,0,0,115,0,1
1,1,0,4,1,14,9,2,9,2,1,2,1,3,7,265,0,1
1,2,1,5,1,10,1,1,12,2,1,2,1,0,0,90,0,1
1,1,1,5,1,11,7,1,9,2,1,0,0,3,7,285,1,1
1,1,0,4,1,4,11,1,13,2,2,2,1,3,0,144,1,1
1,1,0,4,1,14,2,2,9,2,1,3,1,1,7,272,0,1
1,1,0,4,1,13,11,1,13,2,1,0,1,3,0,228,0,1
1,1,1,4,1,13,6,2,13,2,1,2,1,0,0,146,0,1
1,1,1,5,1,13,7,1,1,2,1,2,1,3,0,191,0,1
1,1,1,1,1,13,2,1,12,2,1,1,1,3,7,310,0,1
1,1,0,4,1,0,6,2,12,2,1,3,1,3,4,239,1,1
0,1,0,4,1,13,3,1,12,2,1,2,1,3,7,332,0,1
1,1,0,6,1,0,6,1,13,2,3,1,0,3,0,111,1,0
1,1,0,4,1,13,6,1,14,1,1,5,1,0,2,93,0,1
1,1,0,4,1,14,4,2,4,2,1,3,1,3,7,207,1,0
1,1,0,4,1,13,7,2,12,2,1,1,1,0,0,44,0,1
1,1,0,4,1,14,12,1,12,2,1,0,1,3,7,181,0,1
1,1,1,4,1,13,7,1,13,2,1,2,1,0,11,54,1,0
1,1,0,4,1,14,11,1,13,2,1,0,1,3,7,294,1,1
1,1,1,4,1,13,6,2,13,2,1,2,1,0,0,128,0,1
1,1,1,5,1,16,6,2,13,2,1,3,1,0,0,87,0,1
1,1,0,5,1,14,6,2,9,2,1,4,1,0,7,184,0,1
1,1,0,4,1,14,7,2,13,2,1,1,1,0,0,107,0,1
1,1,1,5,1,13,8,2,13,2,1,3,1,0,0,87,1,1
1,1,1,5,1,0,6,1,13,2,2,1,0,0,0,22,1,0
1,1,0,5,1,0,6,2,9,2,3,4,1,3,7,333,1,0
1,1,1,5,1,11,2,1,12,2,1,4,1,3,7,353,0,1
1,1,0,4,1,13,6,2,12,2,1,1,1,0,0,14,1,0
1,1,1,1,1,0,6,1,13,2,2,2,1,3,7,178,1,0
1,1,0,4,1,10,7,1,10,2,1,3,1,3,6,221,0,1
1,1,0,5,1,0,11,1,10,2,2,2,1,3,7,184,1,0
1,1,0,5,1,15,6,1,13,1,1,3,1,0,0,71,0,1
1,1,0,4,1,4,7,1,13,1,1,4,1,3,0,229,0,1
1,1,1,5,1,0,2,1,12,2,1,3,1,3,7,262,1,1
1,1,0,4,1,14,6,1,9,2,1,4,1,3,7,299,0,1
1,1,0,4,1,0,6,2,13,2,1,2,1,3,7,188,1,0
1,1,1,5,1,16,3,1,12,2,1,3,1,0,0,53,0,1
1,2,1,5,1,0,7,1,12,2,1,2,1,0,0,6,1,1
1,1,1,1,1,13,6,1,1,2,1,3,1,3,7,172,0,1
1,1,1,5,1,13,7,2,13,1,1,0,1,3,7,135,0,1
1,1,0,1,1,0,7,2,4,2,2,1,1,3,7,274,1,1
1,1,0,1,1,0,11,1,12,2,2,2,1,3,7,259,1,0
1,1,1,5,1,13,6,1,12,2,1,2,1,3,7,225,0,1
1,1,1,5,1,16,6,2,13,1,1,4,1,3,7,341,0,1
1,1,0,4,1,13,9,1,12,2,1,3,1,3,7,164,0,0
1,1,0,4,1,11,6,1,13,2,1,2,1,3,0,171,0,1
1,1,0,4,1,0,7,2,13,2,1,3,1,0,0,50,1,1
1,1,0,4,1,14,6,1,12,2,1,3,1,0,0,140,0,1
1,1,0,4,1,11,7,1,13,1,1,3,1,3,7,303,0,1
1,1,1,5,1,0,6,2,12,2,1,0,1,3,0,240,1,1
1,1,0,5,1,0,6,2,13,2,1,3,1,0,0,65,1,1
1,1,0,4,1,0,11,1,13,2,1,0,1,0,0,62,1,1
1,1,0,4,1,7,6,1,12,2,1,0,1,0,0,60,0,1
1,1,0,4,1,13,6,1,12,2,1,3,1,3,7,372,0,1
1,1,1,5,1,0,7,2,13,2,2,0,0,3,7,168,1,0
1,2,1,5,1,10,6,2,12,2,1,3,1,0,0,200,0,1
0,1,1,5,1,10,5,2,13,1,1,2,1,0,0,14,0,1
1,1,1,5,1,13,2,1,12,2,1,7,1,3,7,214,0,1
1,1,1,5,1,10,3,1,13,2,1,1,1,1,7,249,0,1
1,1,0,1,1,0,6,2,12,2,1,3,1,3,7,362,1,1
1,2,0,4,1,16,6,2,10,2,1,2,1,3,7,181,0,1
0,1,0,1,1,13,7,2,12,2,1,3,1,3,7,282,0,1
1,1,1,5,1,16,3,2,13,2,1,1,1,3,7,357,0,1
1,1,1,5,1,11,1,2,13,2,1,1,1,3,7,216,1,1
0,1,1,5,1,16,2,1,12,1,1,3,1,0,7,90,0,1
1,1,0,4,1,13,9,1,13,2,1,1,1,0,7,158,0,1
1,1,1,6,1,13,1,1,8,1,1,3,1,0,0,193,0,1
1,1,0,6,1,0,6,2,4,2,1,1,1,0,7,122,1,0
1,1,1,5,1,11,2,2,13,2,1,2,1,3,7,322,0,1
1,2,0,4,1,0,1,1,13,2,1,0,1,0,0,151,0,1
1,1,0,4,1,0,11,1,12,2,3,0,1,3,7,262,1,0
1,2,0,5,1,13,7,1,13,1,1,4,1,0,0,105,0,1
1,1,0,5,1,13,5,2,13,1,1,0,1,0,0,172,0,1
1,1,1,5,1,13,1,1,13,1,1,3,1,3,7,196,0,1
1,2,1,5,1,11,6,1,13,1,1,3,1,0,0,123,0,1
0,1,1,5,1,13,1,1,13,1,1,2,1,0,10,87,0,1
1,2,0,4,1,16,12,1,1,1,1,0,1,0,0,196,0,1
1,1,1,5,1,13,3,2,12,2,1,1,1,3,7,248,0,1
1,1,1,5,1,0,2,1,4,2,4,2,0,3,7,377,1,1
1,1,1,5,1,0,6,2,12,2,1,3,1,3,7,318,1,1
1,1,1,5,1,14,2,1,13,1,1,5,1,0,0,117,0,1
1,1,0,4,1,0,8,1,14,2,1,4,1,3,7,162,1,0
1,1,1,4,1,13,7,1,13,2,1,1,1,3,7,324,0,1
1,1,0,4,1,13,1,1,12,2,1,2,1,3,7,179,0,1
1,1,1,5,1,16,3,1,12,2,1,3,1,0,0,97,0,1
1,1,0,4,1,0,1,2,12,2,1,0,1,0,0,88,0,1
1,2,0,4,1,13,6,1,9,2,1,1,1,3,0,167,0,1
1,1,0,4,1,0,7,2,9,2,1,1,1,3,7,377,1,1
1,1,0,4,1,4,11,1,4,2,1,5,1,0,0,96,0,1
0,1,1,7,1,11,7,1,12,2,1,0,1,0,0,24,0,1
0,2,0,4,1,16,7,1,9,2,1,2,1,0,0,5,0,0
0,1,0,4,1,16,6,2,9,2,1,2,1,0,7,239,0,1
1,1,0,4,1,13,7,1,4,2,1,3,1,3,7,316,0,1
1,1,1,1,1,11,3,1,13,2,1,0,1,3,7,258,1,1
1,1,0,4,1,13,6,2,12,2,1,2,1,3,7,315,0,1
1,1,0,4,1,13,2,1,13,2,1,3,1,3,0,212,0,1
1,1,0,5,1,10,1,2,13,2,1,3,1,0,0,153,0,1
1,2,0,4,1,0,6,2,13,2,1,2,0,0,0,120,1,1
1,1,0,5,1,10,1,2,9,2,1,4,1,3,7,179,0,1
1,2,0,4,1,10,3,1,12,1,1,1,1,0,0,156,0,1
0,1,1,6,1,0,1,1,1,2,1,2,0,0,7,77,1,0
1,1,0,4,1,11,7,1,13,2,1,1,1,3,7,356,0,1
1,1,0,1,1,14,3,1,12,2,1,3,1,0,0,80,0,1
1,1,0,4,1,13,7,2,9,2,1,1,1,0,0,189,0,1
1,1,1,5,1,16,1,1,13,2,1,4,1,3,7,340,0,1
1,1,0,5,1,13,1,2,6,2,1,1,1,3,7,179,1,0
1,1,0,4,1,4,7,1,13,1,2,4,1,0,0,108,0,1
1,1,0,4,1,10,10,1,13,2,1,0,1,0,0,46,0,1
1,1,0,4,1,0,7,1,13,2,1,4,0,3,7,258,1,0
1,1,0,4,1,14,3,1,14,2,1,2,1,3,7,159,0,1
0,1,1,5,1,16,6,1,13,2,2,1,1,3,7,195,0,1
1,1,0,4,1,10,6,2,12,1,1,3,1,0,0,112,0,1
1,1,1,5,1,13,7,1,13,1,1,3,1,3,7,256,0,1
1,1,0,4,1,0,11,1,13,2,1,1,1,3,7,238,1,1
1,1,1,5,1,16,6,2,12,2,2,1,1,3,7,105,1,1
1,1,1,5,1,13,6,1,12,1,1,3,1,0,0,31,0,1
1,1,0,4,1,13,11,1,12,2,1,1,1,3,7,224,1,1
1,1,1,5,1,11,11,1,13,2,1,0,1,3,7,172,0,1
1,1,1,4,1,13,9,1,13,2,1,0,1,0,0,82,0,1
1,1,1,5,1,0,11,1,13,2,3,5,1,3,7,191,1,0
0,1,1,5,1,0,2,1,13,2,3,1,0,0,0,22,1,0
1,1,1,5,1,0,7,2,13,2,2,3,1,3,7,300,1,0
1,1,0,4,1,13,6,1,13,2,1,3,1,0,0,179,0,1
1,2,0,4,1,13,7,1,12,2,1,0,1,3,7,210,0,1
1,1,0,4,1,0,6,1,13,2,1,4,1,3,7,341,1,0
1,1,0,4,1,10,6,1,13,2,1,1,1,0,0,124,0,1
1,1,0,5,1,0,11,1,13,2,2,1,0,0,0,119,1,0
1,1,0,4,1,0,7,2,9,2,1,2,1,3,4,210,0,1
1,1,0,4,1,13,7,2,9,2,1,2,1,0,0,69,0,1
1,1,1,5,1,0,9,1,9,2,1,0,1,0,0,61,1,0
1,2,0,4,1,4,12,2,9,2,1,4,1,3,0,168,0,1
1,1,0,1,1,0,7,1,1,2,1,2,0,3,7,275,1,0
1,1,0,4,1,13,2,1,13,2,1,3,1,3,0,237,0,1
1,1,1,5,1,16,9,2,12,1,1,2,1,3,7,251,0,1
1,1,1,5,1,10,6,2,13,1,1,2,1,0,0,211,0,1
1,1,0,6,1,13,6,2,6,1,1,2,1,0,0,121,0,1
1,1,0,4,1,4,7,1,13,1,1,3,1,3,7,280,0,1
1,1,0,4,1,16,7,1,13,1,1,4,1,0,0,56,0,1
1,1,1,6,1,13,6,2,12,1,1,0,1,0,0,61,0,1
1,1,1,5,1,16,2,1,7,1,1,4,1,3,7,314,0,1
1,1,0,4,1,4,2,1,10,1,1,5,1,0,0,13,0,1
1,1,0,4,1,0,2,1,13,2,2,1,1,3,7,281,1,0
1,1,0,6,1,16,5,2,4,2,1,3,1,0,0,146,0,1
1,1,0,6,1,11,6,1,12,2,2,0,1,0,0,96,1,1
1,1,0,4,1,14,6,2,14,2,1,2,1,0,0,123,0,1
0,1,0,5,1,13,7,2,13,2,1,2,1,0,0,124,0,1
1,1,0,4,1,13,3,1,12,2,1,2,1,3,7,217,0,1
0,1,0,4,1,13,6,2,13,2,1,4,1,3,10,221,0,1
0,1,0,4,1,0,6,1,9,2,3,1,0,0,2,133,1,0
0,1,1,5,1,13,6,2,13,1,1,3,1,3,11,231,0,1
1,1,1,5,1,11,7,1,13,1,1,3,1,3,7,321,0,1
1,2,0,4,1,13,3,1,12,2,1,0,1,3,7,303,0,1
1,1,0,4,1,13,11,2,12,2,1,2,1,3,7,296,0,1
1,1,0,4,1,13,5,2,12,1,1,3,1,0,0,161,0,1
1,1,0,6,1,13,7,2,12,2,1,2,1,0,0,118,0,1
1,1,1,5,1,16,7,1,13,2,1,1,1,3,7,224,1,1
1,1,0,4,1,13,1,1,12,2,1,1,1,3,7,183,0,1
1,1,1,5,1,11,6,2,9,1,1,3,1,0,7,195,0,1
1,1,1,5,1,11,7,1,13,2,1,3,1,0,0,195,0,1
1,1,0,7,1,4,6,2,13,2,2,3,1,0,0,32,1,1
1,1,1,4,1,13,11,1,13,2,1,1,1,3,7,275,0,1
1,1,0,4,1,13,6,2,12,2,1,2,1,0,0,106,0,1
1,1,0,4,1,13,12,2,9,1,1,2,1,0,0,91,0,1
1,2,1,5,1,13,1,1,9,2,1,2,1,0,10,50,1,1
1,1,0,4,1,16,6,1,12,2,1,3,1,0,0,123,0,1
1,2,1,5,1,0,9,1,12,2,1,3,1,0,0,98,1,0
1,1,0,4,1,14,3,1,12,1,1,2,1,3,7,353,0,1
1,2,1,4,1,14,11,1,12,2,1,1,1,0,0,141,0,1
1,1,0,6,1,13,2,2,12,1,1,2,1,0,0,73,0,1
1,1,0,4,1,13,6,2,9,2,1,4,1,3,7,237,0,1
1,1,0,4,1,13,6,1,12,1,1,3,1,0,0,236,0,1
1,2,1,5,1,0,8,1,4,2,2,4,0,3,7,276,1,0
1,1,0,4,1,0,2,2,9,2,1,2,1,3,7,283,1,0
1,2,0,4,1,13,7,1,13,1,1,0,1,3,7,197,0,1
1,1,1,5,1,2,6,2,12,2,2,2,1,3,7,249,1,1
1,1,0,4,1,0,11,1,13,2,1,0,1,0,0,4,1,0
1,1,0,4,1,13,11,1,9,2,1,1,1,1,0,145,0,1
1,2,0,4,1,13,3,1,12,2,1,4,1,4,0,169,0,1
1,2,1,1,1,0,6,1,13,2,3,1,0,0,0,104,1,0
1,1,1,5,1,13,4,2,13,1,1,0,1,0,7,50,0,0
1,1,0,4,1,13,1,1,13,2,1,2,1,3,7,194,0,1
1,2,0,4,1,0,11,2,4,2,1,2,1,0,0,160,1,0
1,1,1,5,1,1,7,1,9,2,2,1,1,3,7,290,1,0
1,1,1,5,1,0,3,1,12,2,2,2,0,0,0,69,1,1
1,1,0,4,1,4,6,2,9,1,1,2,1,3,7,285,0,1
1,1,1,1,1,14,12,1,1,2,1,4,1,3,7,138,1,0
1,1,1,5,1,16,6,1,12,1,1,3,1,0,0,166,0,1
1,1,1,6,1,16,7,2,0,2,1,2,1,0,0,66,0,1
1,1,0,4,1,0,8,1,13,2,1,5,1,0,0,0,1,1
0,1,0,4,1,16,6,1,12,2,1,3,1,3,7,196,0,0
1,2,0,4,1,13,7,1,12,2,1,1,1,3,7,231,0,1
0,1,0,4,1,0,10,2,12,2,1,3,1,3,0,145,0,1
1,2,0,4,1,13,12,2,12,2,1,2,1,3,7,303,0,1
1,2,1,5,1,0,11,1,13,2,2,0,0,0,0,56,1,1
1,1,1,5,1,16,5,2,13,1,1,2,1,0,0,10,0,1
1,1,0,4,1,1,9,1,12,2,1,2,0,3,7,350,0,1
1,1,1,5,1,4,1,2,13,1,1,1,1,3,0,224,0,1
0,1,0,6,1,1,9,2,11,2,1,2,1,0,0,78,0,1
0,1,1,5,1,1,12,1,13,2,2,3,1,3,0,162,0,1
0,1,1,5,1,0,10,1,8,2,1,4,0,3,7,259,0,1
1,2,1,2,1,13,4,1,12,2,1,1,0,0,0,27,0,1
1,1,1,5,1,11,7,1,12,2,1,0,1,0,0,99,0,1
1,1,1,4,1,4,11,1,7,2,1,2,1,3,7,224,0,1
1,1,0,4,1,14,9,2,12,1,1,3,1,3,0,233,0,1
1,1,0,4,1,13,5,2,12,2,1,3,1,0,0,205,0,1
1,1,0,4,1,13,8,1,12,2,1,6,1,0,0,24,0,1
1,1,1,5,1,10,5,1,13,1,2,3,1,0,0,72,0,1
1,1,0,4,1,4,11,2,13,2,1,4,1,0,0,123,0,1
1,1,0,4,1,4,5,1,13,2,2,2,1,3,7,218,0,1
1,1,1,4,1,0,1,1,12,2,1,5,1,3,7,312,0,1
1,1,1,5,1,1,2,2,13,2,2,1,1,3,0,158,0,1
1,1,1,5,1,16,2,1,12,1,1,4,1,0,0,161,0,1
1,1,1,7,1,0,12,1,12,2,2,0,0,3,7,187,1,0
1,1,1,5,1,13,5,2,13,1,1,1,1,0,0,84,0,1
1,2,0,4,1,20,11,1,12,2,1,4,1,3,7,260,0,0
1,1,0,4,1,0,8,2,12,2,1,2,0,0,0,43,1,0
1,1,1,4,1,13,8,1,12,1,1,1,1,3,7,198,0,1
1,1,1,6,1,20,12,1,13,2,1,5,1,3,7,274,0,1
1,1,0,4,1,10,2,1,13,1,2,4,1,3,0,187,0,1
1,1,0,4,1,20,12,1,12,1,1,0,0,3,7,225,0,1
1,1,1,5,1,13,4,2,12,1,1,3,1,3,7,313,0,1
0,1,0,6,1,13,8,2,13,1,1,1,1,0,0,70,0,1
1,1,0,4,1,5,9,1,11,2,1,4,1,3,7,326,0,1
1,2,0,4,1,4,11,2,12,2,1,3,1,3,0,204,0,1
1,1,1,5,1,0,8,2,7,2,1,3,1,0,0,26,1,0
1,1,1,5,1,13,4,2,8,2,1,4,1,3,7,180,0,1
1,1,0,4,1,10,11,2,13,2,1,1,1,0,0,67,0,1
1,1,0,4,1,1,7,2,13,1,1,2,1,0,0,205,0,1
1,1,0,5,1,13,9,2,12,1,1,5,1,0,0,66,0,1
1,1,0,4,1,16,1,1,13,2,2,0,1,0,0,80,0,1
1,1,0,4,1,0,12,1,12,2,1,3,1,3,0,180,0,1
1,1,1,5,1,1,10,2,13,2,2,3,1,3,7,196,0,1
1,2,1,5,1,0,2,2,9,2,1,3,1,0,0,134,0,1
1,1,1,5,1,0,9,2,12,2,1,3,0,0,0,39,1,0
0,1,0,6,1,0,9,1,8,2,2,0,0,3,7,152,1,1
1,2,0,4,1,16,12,1,11,2,1,4,1,3,0,169,0,1
1,2,0,5,1,0,9,2,13,2,1,2,1,0,0,103,0,1
1,1,1,5,1,10,5,1,13,2,2,1,1,3,7,252,1,1
0,2,0,4,1,0,12,1,12,2,1,3,0,3,7,180,1,0
1,1,0,4,1,1,1,1,13,2,1,3,1,0,0,192,0,1
0,1,1,5,1,5,12,2,13,2,1,5,1,0,0,71,0,1
1,1,1,5,1,10,5,2,13,1,2,2,1,0,0,49,0,1
1,1,0,4,1,0,8,2,12,2,1,2,0,0,0,45,1,0
1,1,0,6,1,0,5,2,13,2,1,1,0,0,0,46,1,1
1,1,0,4,1,4,1,2,12,2,1,2,1,0,0,111,0,1
1,1,1,5,1,13,10,1,13,1,1,2,1,3,0,237,0,1
1,1,1,5,1,0,1,1,12,2,2,1,0,3,7,241,1,1
1,2,0,5,1,1,2,1,7,1,1,7,1,3,3,273,0,1
1,1,1,5,1,16,12,1,13,1,1,4,1,3,7,273,0,1
1,1,1,4,1,16,10,1,11,2,1,5,1,3,7,248,0,1
0,1,0,4,1,4,12,2,13,2,1,3,1,3,7,227,0,1
1,1,0,4,1,1,12,1,12,2,1,3,1,3,7,285,0,1
1,1,0,4,1,16,12,1,13,2,1,3,1,3,7,206,1,1
1,1,0,4,1,13,8,1,11,2,1,2,1,3,0,131,0,1
1,1,1,5,1,13,12,1,12,1,1,2,1,3,7,250,0,1
1,1,0,4,1,13,12,1,13,2,1,6,1,3,0,226,0,1
1,1,1,5,1,3,10,2,12,2,2,6,1,3,7,352,0,1
1,1,1,4,1,4,2,1,12,2,1,5,1,3,7,223,0,1
1,1,0,5,1,4,12,2,12,1,1,5,1,3,7,294,0,1
1,1,1,5,1,0,5,1,12,2,1,1,0,3,0,113,1,0
1,1,0,4,1,4,12,1,12,2,1,4,1,3,7,326,0,1
1,1,1,5,1,10,9,1,13,2,1,2,1,0,0,155,0,1
0,1,0,4,1,16,4,1,9,1,1,2,1,3,0,233,0,1
1,1,0,4,1,13,10,1,13,2,1,4,1,3,7,260,0,1
1,1,0,5,1,0,10,2,13,1,2,0,1,0,0,105,1,1
1,1,0,4,1,4,2,2,13,2,1,4,1,0,0,21,0,1
1,1,0,4,1,13,12,1,13,2,1,2,1,0,0,34,0,1
0,1,0,4,1,0,10,1,13,2,1,5,0,0,0,59,1,1
1,1,1,5,1,0,11,1,13,2,2,0,1,0,0,45,1,1
1,1,0,4,1,4,4,1,13,2,1,1,1,0,0,127,0,1
1,1,1,5,1,0,5,2,12,2,1,0,1,0,0,8,1,1
1,2,0,5,1,4,12,1,13,2,1,5,1,3,0,213,0,1
1,1,0,4,1,20,8,2,12,2,1,1,1,3,7,293,0,1
1,1,1,5,1,0,2,1,12,2,2,5,0,0,0,87,1,0
1,1,0,4,1,10,12,2,11,2,2,2,0,3,7,339,0,1
1,2,0,4,1,11,2,1,12,2,1,1,1,3,7,327,0,1
1,1,0,4,1,0,8,2,13,2,1,2,1,3,7,244,0,0
1,1,0,4,1,1,10,1,11,2,1,4,1,3,0,222,0,1
1,1,0,4,1,0,9,1,13,2,1,5,0,3,5,107,1,0
1,1,1,5,1,16,12,1,12,1,1,1,1,4,7,286,0,1
1,1,1,5,1,16,4,1,13,1,1,1,1,0,0,7,0,1
0,1,0,6,1,16,12,2,11,1,1,5,1,3,7,325,0,1
1,1,0,4,1,0,1,1,12,2,1,4,1,0,0,3,1,0
1,1,0,4,1,0,12,1,11,2,1,4,0,3,7,241,1,0
1,1,1,5,1,13,8,2,13,2,1,3,1,0,0,75,0,1
1,1,0,4,1,1,9,1,13,2,1,2,1,3,0,202,0,1
1,1,1,5,1,4,9,2,13,1,2,2,1,0,0,44,0,1
1,1,0,5,1,16,4,2,11,2,1,2,0,0,7,129,1,1
1,1,0,4,1,0,12,1,13,2,1,1,1,3,0,166,0,1
1,1,0,5,1,13,7,2,13,1,1,1,1,0,0,29,0,1
0,1,0,4,1,1,2,2,13,2,1,2,1,3,7,247,0,1
1,1,1,2,1,16,12,1,13,2,1,1,1,3,7,171,0,1
1,1,0,4,1,13,8,2,12,2,1,5,1,0,0,47,1,0
1,1,0,4,1,1,9,2,12,2,1,2,1,3,7,351,0,1
1,1,1,5,1,0,10,1,12,2,1,3,0,3,7,210,0,1
1,1,0,4,1,0,12,2,13,2,1,1,0,0,0,88,0,1
1,2,0,4,1,1,12,1,12,2,1,2,1,3,0,197,0,1
1,1,0,4,1,4,11,1,12,2,1,3,1,3,7,197,0,1
1,1,0,4,1,4,12,1,13,2,1,1,1,3,7,199,0,1
1,1,1,7,1,10,3,1,12,2,2,2,1,3,0,119,0,1
1,1,0,4,1,0,4,2,13,2,1,1,1,0,0,39,0,1
1,1,0,4,1,13,10,1,8,2,2,2,1,3,7,326,0,1
1,1,0,4,1,1,12,2,12,1,1,2,1,3,0,358,0,1
0,1,1,5,1,0,9,1,12,2,1,3,0,0,0,120,0,1
1,1,0,6,1,0,1,1,13,2,1,3,1,0,0,66,0,1
1,1,0,4,1,16,5,1,11,2,1,6,1,3,0,169,0,1
1,2,0,4,1,4,5,1,13,2,2,1,1,3,0,114,0,1
1,1,0,4,1,10,11,1,12,2,2,1,0,3,0,213,2,1
1,1,0,4,1,10,4,2,12,2,1,0,1,0,0,74,0,1
1,1,1,5,1,0,7,1,13,2,1,4,1,0,0,94,0,1
1,1,0,4,1,4,12,1,13,2,1,0,1,3,0,196,0,1
1,1,0,4,1,1,12,1,12,2,1,4,0,3,7,368,3,0
1,1,0,4,1,1,12,1,12,2,1,5,1,3,7,211,0,1
1,1,1,6,1,4,12,1,13,2,1,2,1,3,0,101,1,1
1,1,0,4,1,0,11,1,14,2,2,3,1,3,0,95,0,0
1,1,1,5,1,13,7,1,13,2,1,6,1,0,0,25,0,1
1,1,1,5,1,0,9,1,12,2,2,2,0,3,7,251,1,1
1,2,0,4,1,5,12,1,13,2,1,3,1,3,7,318,0,1
1,1,1,5,1,20,9,1,7,1,2,3,1,3,7,214,0,1
1,1,0,4,1,1,12,1,13,2,1,2,1,3,0,123,0,1
1,1,1,5,1,0,10,1,13,2,1,5,0,3,0,88,1,0
1,1,1,5,1,20,5,1,12,2,1,5,1,3,7,302,0,1
1,2,1,5,1,16,12,1,8,2,1,3,1,0,0,74,0,1
1,1,0,5,1,10,2,1,13,2,2,3,1,3,7,196,0,1
1,2,1,5,1,11,7,2,12,2,1,2,1,0,0,48,0,1
1,1,1,5,1,16,11,2,13,2,2,4,1,3,0,142,1,1
1,1,1,4,1,10,4,1,12,2,1,2,1,0,0,102,0,1
1,1,0,4,1,0,12,1,12,2,1,3,0,3,7,262,1,0
1,1,0,4,1,20,8,1,12,2,1,6,1,3,0,115,0,1
1,2,0,4,1,0,12,1,12,2,1,2,0,3,7,151,1,0
1,1,1,5,1,4,10,2,12,1,2,5,1,0,0,70,0,1
1,1,0,4,1,0,12,2,13,2,1,5,1,3,7,306,0,1
1,1,1,5,1,13,10,2,13,1,1,2,1,0,0,87,0,1
1,1,0,4,1,13,10,2,8,2,2,3,1,3,7,313,0,1
0,1,0,4,1,0,12,2,12,2,1,3,0,3,7,141,1,0
1,1,1,5,1,13,4,2,13,2,1,3,1,0,0,79,1,0
1,1,0,4,1,13,10,1,13,2,1,4,1,0,0,118,0,1
1,2,1,5,1,10,4,2,13,2,1,2,1,0,0,26,1,1
1,2,1,5,1,16,12,1,13,1,1,5,1,3,7,197,0,1
1,1,1,5,1,3,11,1,13,1,1,1,1,0,0,97,0,1
0,2,0,4,1,0,12,1,12,2,1,1,0,3,7,116,1,0
1,1,0,5,1,0,4,2,13,2,1,0,1,0,0,79,0,1
1,1,0,4,1,4,7,1,13,2,1,3,1,3,7,285,0,1
1,1,1,5,1,10,2,1,12,2,1,2,1,0,0,63,1,1
1,1,1,5,1,4,4,2,7,2,1,2,1,0,0,39,0,1
1,1,0,4,1,13,12,2,13,2,1,1,1,3,7,354,0,1
0,2,1,5,1,16,4,2,12,2,1,2,0,3,7,216,1,1
1,1,0,4,1,4,11,2,9,2,1,2,1,0,0,39,0,1
1,1,0,4,1,13,9,1,13,1,1,2,1,0,0,221,0,1
1,1,0,4,1,13,1,1,12,2,1,1,1,0,0,75,0,1
1,1,0,4,1,1,2,2,13,2,1,5,1,3,0,285,0,1
1,1,1,5,1,11,2,2,13,2,2,3,0,3,7,276,0,1
0,1,1,5,1,0,9,2,13,2,1,1,0,3,7,291,0,0
1,1,0,4,1,0,4,2,12,2,1,1,1,0,0,60,0,1
1,1,1,5,1,13,12,1,12,2,1,3,1,3,7,171,0,1
1,2,1,5,1,16,4,2,12,2,1,0,1,3,0,198,0,1
1,2,0,4,1,0,11,2,12,2,1,1,1,0,0,20,0,0
1,1,0,4,1,4,4,1,13,2,1,2,1,0,0,89,0,1
1,1,1,5,1,1,2,2,13,2,1,3,1,3,7,273,0,1
1,1,0,4,1,10,12,2,13,1,1,0,1,0,0,64,0,1
1,1,1,5,1,0,9,2,8,2,1,0,0,3,5,173,1,1
1,1,0,4,1,4,10,2,12,2,1,2,1,3,7,200,0,1
1,1,0,6,1,4,1,1,12,2,1,5,1,3,0,175,1,1
1,2,1,5,1,0,4,2,12,2,1,3,1,3,0,147,0,1
1,1,0,4,1,13,12,2,12,1,1,1,1,3,7,237,0,1
1,1,0,6,1,1,2,2,13,1,1,3,1,0,0,111,0,1
1,1,1,5,1,0,10,1,13,1,2,3,1,0,0,53,1,1
1,1,1,5,1,16,9,1,8,2,1,3,0,0,0,65,1,0
1,1,0,4,1,20,12,1,12,2,1,2,1,3,7,361,0,1
1,2,1,5,1,10,9,1,13,2,2,3,0,3,7,183,1,1
1,1,0,4,1,13,12,1,12,2,1,0,1,3,7,313,0,1
1,1,0,4,1,4,5,1,11,1,1,1,1,0,0,32,0,1
1,1,0,4,1,0,8,2,13,2,1,2,1,3,7,152,0,1
1,1,1,5,1,0,5,1,13,2,1,4,1,3,7,159,1,1
1,1,1,6,1,0,4,2,12,2,1,4,0,3,7,218,0,1
1,1,0,4,1,4,12,1,11,2,1,4,1,3,0,155,0,1
1,1,1,6,1,3,4,2,12,1,1,0,1,0,0,17,0,1
1,2,0,6,1,20,10,1,12,2,1,4,1,3,7,257,0,1
1,1,1,5,1,13,10,2,12,2,1,2,1,0,0,14,0,0
1,1,0,6,1,13,8,1,12,2,2,1,0,3,7,221,0,1
1,1,0,5,1,0,9,1,13,2,1,3,1,0,0,100,0,1
1,1,1,5,1,1,4,2,7,1,1,3,1,0,0,85,0,1
0,1,1,4,1,13,5,1,13,1,1,4,1,3,7,127,0,1
1,1,0,5,1,13,12,1,12,1,1,5,1,0,0,72,0,1
1,1,0,4,1,13,7,2,13,1,1,2,1,0,0,114,0,1
1,1,0,4,1,13,10,2,12,2,1,3,1,3,0,281,0,1
1,1,1,5,1,10,9,2,13,2,1,3,1,0,0,12,0,1
1,1,0,4,1,16,9,1,11,2,1,1,1,3,0,168,0,1
1,1,1,5,1,0,1,1,13,2,2,1,0,3,7,175,1,0
1,1,0,4,1,4,10,2,12,2,1,4,1,3,7,259,0,1
1,1,0,4,1,13,12,1,13,2,1,1,1,3,0,175,0,1
1,1,0,5,1,0,9,1,13,1,1,0,1,0,0,40,0,1
1,2,0,5,1,0,2,1,12,2,1,5,1,3,7,214,0,1
1,2,0,4,1,4,12,1,13,2,1,3,1,0,0,140,0,1
1,1,0,4,1,4,5,2,7,2,1,3,1,0,0,113,0,1
1,1,0,5,1,0,12,1,12,2,2,3,0,3,7,197,1,0
0,1,0,4,1,4,12,1,12,2,1,4,0,3,7,280,0,1
1,1,0,4,1,13,12,2,13,2,1,4,1,0,0,175,0,1
1,1,0,5,1,0,7,1,14,2,2,3,0,3,0,133,1,0
1,1,1,6,1,13,12,1,12,1,1,2,1,0,0,20,0,0
1,1,0,4,1,16,8,1,8,2,1,1,0,3,7,148,0,0
1,1,0,6,1,16,2,2,13,1,1,2,1,3,7,281,0,1
1,2,0,4,1,4,11,1,13,2,1,2,1,0,0,93,0,1
1,1,1,5,1,0,12,1,13,2,1,5,1,3,0,161,0,1
0,1,0,4,1,0,10,2,12,2,1,5,1,0,0,116,0,1
1,1,0,4,1,16,5,2,11,2,1,4,1,3,7,335,0,1
1,1,0,5,1,20,4,2,13,1,1,3,1,3,7,180,0,1
1,1,0,4,1,16,8,2,12,1,1,2,1,0,0,197,0,1
1,2,1,5,1,11,2,2,13,2,1,3,1,0,0,36,0,1
1,2,0,5,1,1,10,1,12,2,1,2,1,3,7,283,0,1
1,1,1,4,1,0,9,2,13,2,1,2,1,0,0,93,0,1
1,1,0,5,1,16,9,1,13,2,1,0,1,0,0,29,0,1
1,1,0,4,1,10,12,1,13,2,1,2,1,3,7,352,0,1
1,1,1,5,1,5,9,1,13,1,1,2,1,0,0,138,0,1
0,1,0,4,1,18,11,1,13,1,2,3,1,0,0,167,0,1
1,1,0,4,1,4,12,1,12,2,1,4,1,3,7,337,0,1
1,1,0,4,1,20,12,1,12,1,1,2,1,0,0,152,0,1
1,1,0,4,1,4,10,2,12,2,1,6,1,3,0,158,0,1
1,1,0,4,1,13,10,2,13,2,1,2,1,3,0,261,0,1
1,1,1,5,1,0,5,1,13,2,1,3,0,0,0,152,1,1
1,1,1,6,1,20,9,1,13,2,1,3,1,3,7,138,0,1
1,2,0,4,1,16,12,1,12,1,1,3,1,0,0,56,0,1
0,1,1,5,1,0,4,2,12,2,2,2,0,3,7,122,1,0
1,1,0,4,1,13,5,2,12,2,1,1,1,3,0,159,0,1
1,1,0,4,1,1,12,1,11,2,2,5,1,3,7,321,0,1
0,2,0,4,1,13,12,1,8,1,1,1,1,0,0,124,0,1
1,1,0,6,1,0,11,1,13,2,2,3,0,3,0,111,1,0
1,1,0,4,1,0,12,1,14,2,1,4,1,0,0,53,1,1
1,1,0,5,1,4,10,1,12,2,1,2,1,0,0,112,0,1
1,2,1,4,1,11,1,1,12,2,1,1,1,3,7,257,0,1
1,2,0,4,1,1,4,2,12,2,1,3,1,3,7,310,0,1
1,1,0,4,1,4,12,2,12,2,1,6,1,3,7,220,0,1
0,1,0,4,1,4,2,1,13,2,1,4,1,0,0,125,0,1
1,1,0,4,1,13,9,1,11,2,1,2,1,0,0,72,0,1
0,1,0,4,1,13,12,1,13,2,1,3,0,3,0,89,1,0
1,1,1,5,1,10,12,1,12,2,2,3,1,3,7,228,0,1
1,1,0,4,1,0,4,2,12,2,1,3,1,3,7,202,0,1
1,1,1,5,1,0,1,1,8,2,2,2,0,0,0,22,1,0
1,2,0,1,1,0,1,1,13,2,1,0,1,0,0,37,0,1
1,2,0,5,1,16,9,1,13,2,1,3,1,3,0,206,0,1
1,1,0,5,1,0,10,2,12,2,1,7,1,3,0,60,1,0
1,1,1,5,1,16,1,2,12,1,1,4,1,0,0,38,0,1
1,1,0,4,1,10,5,2,13,2,1,0,1,3,0,295,0,1
1,2,0,4,1,10,12,1,13,2,1,3,1,0,0,115,0,1
1,1,0,5,1,10,1,1,13,2,1,2,1,0,0,31,1,1
0,1,1,5,1,10,12,1,13,2,2,4,1,3,7,294,0,1
1,1,1,5,1,16,12,1,13,2,2,3,1,0,0,100,0,1
0,1,0,4,1,20,12,1,8,1,2,3,1,3,7,214,0,1
1,2,0,5,1,13,12,1,12,2,1,5,1,0,0,220,0,1
1,1,0,4,1,13,10,1,8,2,1,3,1,0,0,12,0,1
1,1,1,5,1,0,1,1,13,2,1,1,1,0,0,65,0,1
1,1,0,4,1,4,12,2,12,2,1,2,1,0,0,143,0,1
1,1,0,4,1,4,7,2,13,2,1,2,1,0,0,155,0,1
1,1,0,4,1,4,9,1,13,1,2,1,1,0,5,136,0,1
1,1,0,4,1,13,4,1,13,2,1,3,1,3,7,286,0,1
1,1,0,4,1,0,1,2,13,2,1,4,1,3,7,200,0,1
1,1,1,5,1,16,12,2,12,1,1,3,1,0,0,43,0,1
1,1,0,4,1,0,9,1,11,2,1,1,1,0,0,135,0,1
1,1,0,5,1,0,10,1,13,2,1,6,1,0,0,122,1,1
1,1,0,4,1,16,10,1,13,2,2,4,1,3,0,202,0,1
1,1,0,6,1,3,2,2,12,2,1,3,1,3,7,311,0,1
1,2,0,4,1,16,2,1,12,2,1,2,1,0,0,73,0,1
1,1,0,5,1,13,2,1,7,2,1,5,1,0,0,127,0,1
1,1,0,4,1,0,2,1,13,2,2,5,0,3,7,225,1,0
0,1,1,5,1,20,10,1,12,2,2,3,1,3,7,208,0,1
1,1,0,4,1,16,2,2,12,2,2,4,0,3,7,268,0,0
0,1,0,6,1,1,2,2,13,2,1,3,1,3,7,256,0,1
1,1,0,4,1,0,8,1,12,2,1,1,0,3,0,192,0,1
1,1,1,5,1,20,9,1,12,2,1,1,1,0,0,98,0,1
1,1,0,4,1,4,12,2,13,2,2,2,0,3,7,305,0,1
1,2,1,5,1,16,4,1,12,1,1,1,1,0,0,92,0,1
1,1,0,4,1,4,4,2,11,2,1,1,1,3,7,282,0,1
1,2,1,5,1,10,12,2,13,2,1,1,1,0,0,50,0,1
1,1,1,5,1,16,4,2,13,1,1,2,1,0,0,176,0,1
1,1,0,4,1,16,2,2,12,2,2,2,1,3,7,293,0,1
1,2,0,4,1,1,9,1,12,2,1,1,1,3,0,285,0,1
1,1,1,5,1,20,4,2,12,1,1,0,1,0,0,100,0,1
1,1,1,5,1,20,12,1,12,1,1,3,1,3,7,351,0,1
1,1,0,4,1,0,4,2,12,2,1,2,0,3,7,130,1,0
1,1,1,5,1,10,4,2,13,2,1,1,0,0,0,39,1,1
1,1,0,5,1,16,10,1,11,1,1,3,0,3,7,160,0,1
1,2,0,4,1,10,12,2,9,2,1,1,1,0,0,32,0,1
1,1,1,6,1,13,12,1,13,1,1,2,1,0,0,105,0,1
1,2,0,4,1,13,10,1,12,2,1,4,0,0,0,143,0,1
1,1,0,4,1,14,8,1,11,1,1,4,1,0,0,168,0,1
1,1,0,4,1,13,7,2,12,1,1,5,1,0,0,116,0,1
1,2,0,4,1,13,8,1,12,2,1,2,1,0,0,11,0,1
0,1,0,4,1,13,11,1,13,2,1,3,1,3,5,190,1,0
1,1,0,4,1,13,10,1,12,2,1,1,0,3,0,174,0,1
1,1,0,4,1,10,11,1,12,1,1,1,1,0,0,81,0,0
1,1,0,4,1,0,8,2,12,2,2,1,0,0,0,41,1,1
0,1,1,5,1,13,12,1,12,1,1,4,1,3,7,157,0,1
1,1,0,4,1,20,4,1,12,1,1,3,1,3,0,127,0,1
0,2,0,5,1,0,12,2,12,2,1,3,1,0,0,48,1,1
1,1,0,4,1,0,4,2,9,2,1,0,0,3,0,223,0,1
1,1,1,4,1,10,5,1,12,2,1,2,1,0,0,16,1,1
1,2,0,4,1,10,11,1,12,2,1,1,1,3,7,196,0,1
1,1,1,6,1,0,4,1,12,2,1,1,0,0,0,55,0,1
0,1,1,5,1,20,9,1,13,2,1,2,1,3,7,167,0,1
1,1,1,4,1,10,5,2,12,2,1,3,1,0,0,93,1,1
0,1,0,4,1,0,12,1,12,2,1,0,0,0,0,119,0,1
1,1,1,5,1,4,12,1,13,2,1,4,1,3,7,371,0,1
1,2,1,5,1,13,11,1,12,2,1,3,1,0,0,1,1,1
1,2,0,4,1,10,4,2,13,2,1,0,0,0,0,180,0,1
1,1,0,4,1,0,11,1,12,2,1,3,1,3,5,162,1,0
1,1,1,5,1,20,4,2,12,1,1,2,1,3,0,206,0,1
1,1,0,4,1,0,4,1,13,2,1,1,1,0,0,68,1,1
0,2,0,2,1,0,4,1,12,2,2,5,0,3,0,79,1,0
1,1,0,4,1,4,12,1,13,2,1,3,1,0,0,136,0,1
1,1,0,4,1,4,12,2,12,2,1,3,1,3,7,266,0,1
0,1,0,4,1,0,12,1,13,2,2,3,1,3,0,242,0,1
1,2,0,4,1,10,2,2,12,2,1,2,1,3,7,247,0,1
1,1,0,4,1,16,4,2,13,1,1,0,1,0,0,186,0,1
1,1,0,4,1,16,10,2,13,2,1,7,1,0,0,147,0,1
1,1,0,4,1,0,5,2,11,2,1,3,1,3,7,197,1,0
1,1,0,4,1,4,11,1,12,2,2,2,1,3,0,103,0,1
0,1,1,6,1,13,1,1,13,2,1,4,1,0,0,18,0,1
1,1,0,4,1,4,12,1,12,2,1,2,1,3,0,188,0,1
1,2,1,5,1,16,12,1,13,1,2,4,1,0,0,133,0,1
1,1,0,4,1,1,12,1,12,2,1,1,1,3,7,342,0,1
1,1,0,4,1,4,5,1,11,2,1,2,1,3,7,250,0,1
1,1,0,5,1,1,11,1,13,2,1,3,1,3,0,129,0,1
0,1,0,4,1,10,2,2,13,2,1,4,1,0,0,151,0,1
1,1,0,6,1,10,1,1,13,2,1,0,1,0,0,164,0,1
1,1,0,4,1,13,4,2,13,2,1,2,1,0,0,238,0,1
1,1,0,4,1,4,5,1,12,2,2,2,0,3,7,258,1,0
1,1,1,5,1,10,11,1,13,2,2,0,1,0,0,84,1,1
0,1,0,4,1,13,1,1,12,2,1,3,1,0,0,144,0,1
1,1,0,5,1,4,10,2,13,2,1,4,1,0,0,43,1,0
1,1,0,5,1,20,10,2,12,1,2,2,1,0,0,15,0,1
1,1,0,4,1,1,11,1,13,2,1,4,1,3,0,183,0,1
1,1,0,5,1,4,11,1,13,1,2,4,1,3,0,143,0,1
1,2,1,6,1,11,5,1,8,2,2,0,0,3,7,181,1,0
1,1,1,5,1,20,4,2,8,2,1,1,1,3,7,278,0,1
0,1,0,6,1,10,9,2,12,2,2,1,0,3,0,134,0,1
1,1,0,4,1,13,10,1,12,2,1,4,1,0,0,95,0,1
1,1,0,4,1,1,9,1,13,2,1,5,1,3,7,317,0,1
1,1,0,4,1,1,1,2,13,1,1,4,1,0,0,176,0,1
1,1,1,5,1,10,4,1,12,2,1,1,1,0,0,134,0,1
1,2,0,5,1,1,12,2,12,2,1,1,1,0,0,50,0,1
1,2,0,4,1,10,12,2,12,2,1,4,1,3,0,161,0,1
0,1,0,4,1,16,9,2,13,2,1,0,1,3,5,130,0,1
0,1,1,5,1,10,9,1,13,1,1,2,1,0,0,66,0,1
0,2,1,5,1,0,12,1,13,2,1,4,1,0,0,37,1,1
1,1,1,5,1,13,4,1,12,2,1,5,1,0,0,116,0,1
1,1,1,5,1,13,9,1,12,1,1,2,1,0,0,212,0,1
1,1,1,4,1,13,8,1,13,2,1,2,1,0,0,68,0,1
0,2,0,6,1,0,12,2,12,2,1,5,0,3,0,60,1,0
1,1,1,5,1,20,8,2,12,1,1,4,1,3,0,183,0,1
0,1,0,4,1,1,10,2,12,2,1,6,1,3,0,294,0,1
1,2,0,4,1,1,4,2,12,2,1,1,1,0,0,107,0,1
1,1,1,5,1,10,9,1,13,1,1,6,1,3,7,269,0,1
1,1,0,4,1,10,12,1,13,2,2,4,1,3,7,303,0,1
1,1,0,4,1,0,4,1,7,2,1,1,0,3,7,221,0,0
1,1,1,5,1,11,12,1,7,2,1,3,1,3,7,206,0,1
0,1,0,4,1,13,9,1,13,2,1,4,1,3,0,123,1,1
1,1,0,4,1,11,4,1,12,2,1,1,1,0,0,133,0,1
1,1,0,4,1,10,5,2,13,2,1,0,1,3,7,297,0,1
0,1,0,4,1,1,10,1,13,2,1,0,0,3,7,356,0,1
1,1,0,4,1,0,8,2,11,2,1,2,1,0,0,48,1,0
1,1,0,5,1,20,1,1,7,1,2,2,1,3,0,130,0,1
1,1,1,5,1,0,12,2,13,2,2,2,0,3,7,289,1,0
1,1,0,4,1,4,12,1,12,2,1,2,0,3,7,371,0,1
1,1,0,4,1,4,10,1,9,2,1,3,1,0,0,123,0,1
1,1,0,4,1,0,9,2,11,2,1,1,1,3,0,106,1,1
0,1,0,6,1,0,4,2,12,2,1,2,0,3,7,192,1,0
1,1,1,5,1,16,12,1,13,2,2,5,1,0,0,149,0,1
1,1,0,4,1,13,12,1,12,2,1,3,0,3,7,293,0,1
0,1,0,4,1,10,4,2,12,2,1,0,1,0,7,151,0,1
1,1,0,4,1,11,12,2,13,2,2,2,0,3,7,318,0,1
1,1,0,4,1,4,9,1,11,2,1,6,1,3,7,196,0,1
1,1,1,5,1,0,4,2,12,2,1,2,0,3,0,101,0,1
1,2,0,4,1,13,12,2,8,2,1,1,1,3,0,250,0,1
1,2,0,4,1,0,12,2,11,2,1,5,0,3,7,292,0,0
1,1,1,6,1,3,2,1,13,1,1,3,1,3,7,255,0,1
1,1,1,5,1,13,8,1,12,2,1,1,0,3,0,84,1,0
1,1,0,4,1,1,8,2,13,2,1,2,1,3,7,303,0,1
1,2,0,4,1,0,7,1,13,1,1,2,1,0,0,11,0,1
1,1,1,5,1,16,9,2,12,2,1,2,1,0,0,255,0,1
1,1,1,5,1,0,10,1,13,2,2,2,1,0,0,17,1,1
1,1,1,5,1,16,12,1,12,2,1,4,1,3,0,220,0,1
1,2,1,5,1,0,1,1,13,2,1,3,1,0,0,49,0,1
1,1,0,4,1,3,4,2,13,1,1,0,1,3,7,261,0,1
0,1,1,5,1,13,4,1,12,2,1,4,1,0,0,86,0,1
1,2,0,4,1,1,4,1,12,2,1,4,1,3,7,185,0,1
1,1,1,4,1,16,8,1,13,2,1,1,1,3,7,237,0,1
1,1,0,4,1,13,11,1,12,1,1,3,1,0,0,96,0,1
1,1,0,4,1,10,9,1,13,2,2,2,1,3,7,245,0,1
1,1,0,4,1,1,9,1,0,2,1,2,1,3,7,234,0,1
1,1,0,4,1,13,12,2,12,2,1,0,1,0,0,60,0,1
1,1,0,4,1,0,12,1,12,2,2,2,0,3,7,222,1,1
0,2,0,4,1,20,9,1,13,2,1,2,1,3,7,191,0,1
1,1,1,5,1,16,9,1,13,1,1,4,1,3,7,239,0,1
1,1,0,4,1,0,8,2,13,2,1,2,1,0,0,153,0,1
1,1,0,4,1,10,5,2,13,2,1,3,1,3,7,219,0,1
1,1,1,5,1,4,10,1,13,1,1,2,1,3,7,328,0,1
1,1,0,4,1,13,7,1,7,1,1,6,1,0,0,15,0,1
1,1,1,5,1,16,8,2,12,2,1,3,1,0,0,19,1,1
1,2,0,4,1,0,12,1,12,2,1,1,0,3,0,96,1,0
1,1,0,4,1,1,1,1,13,2,1,5,1,3,7,288,0,1
1,2,1,5,1,10,4,1,12,2,1,2,1,3,7,270,0,1
1,2,1,5,1,3,2,2,12,2,1,4,1,3,7,290,0,1
1,2,1,5,1,0,4,2,12,2,1,1,0,0,0,80,1,1
1,1,0,4,1,0,1,1,12,2,1,3,1,0,0,61,0,1
1,1,0,4,1,4,2,1,13,2,1,2,1,3,7,214,0,1
1,1,1,5,1,13,12,1,12,1,1,3,1,0,0,11,0,1
1,1,0,4,1,13,12,2,12,1,1,0,1,3,7,378,0,1
1,1,0,4,1,1,2,1,13,1,1,2,1,3,7,320,0,1
0,1,1,5,1,10,10,1,12,2,1,2,0,3,7,233,0,1
1,1,1,5,1,0,9,1,13,2,1,3,0,3,7,150,1,1
1,1,0,4,1,13,12,2,12,2,1,4,1,3,0,259,0,1
1,1,0,4,1,13,12,1,13,2,1,5,1,3,7,253,0,1
1,2,1,4,1,13,4,2,12,1,1,1,1,0,0,92,0,1
0,1,0,4,1,13,9,1,13,2,1,5,1,0,0,128,0,1
1,1,1,5,1,16,6,2,12,1,1,3,1,0,0,197,0,1
0,1,1,5,1,16,5,2,13,2,1,6,1,3,7,352,0,1
1,1,1,5,1,10,5,1,13,1,2,5,1,3,7,204,1,0
1,1,0,4,1,20,4,2,12,2,1,2,1,3,7,361,0,1
1,1,0,4,1,10,1,2,13,2,2,3,1,0,0,118,0,1
1,1,0,4,1,13,9,1,9,1,1,3,1,3,0,269,0,1
1,1,0,4,1,4,12,1,12,1,1,3,1,0,0,173,0,1
1,1,1,2,1,11,4,2,13,2,1,0,0,3,7,320,0,1
1,1,0,4,1,10,12,1,13,2,1,1,1,3,0,283,0,1
1,1,1,6,1,0,12,1,12,2,1,2,0,3,7,210,1,0
1,2,1,5,1,16,12,2,11,1,1,3,0,3,7,194,0,1
1,1,1,4,1,13,12,1,12,2,1,5,1,0,0,54,1,1
1,1,0,5,1,4,9,1,7,1,2,4,1,0,0,82,0,1
1,1,0,4,1,10,12,1,13,2,1,3,1,3,0,141,0,1
1,1,1,5,1,13,7,2,13,1,1,1,1,0,0,160,0,1
1,1,1,5,1,0,12,1,12,2,1,3,0,3,7,372,0,1
1,1,0,4,1,0,11,1,12,2,1,2,1,3,0,119,1,0
1,1,1,5,1,4,5,2,13,2,2,4,1,3,7,354,0,1
1,1,1,5,1,10,1,1,13,1,2,1,1,3,0,192,0,1
1,1,0,5,1,10,10,2,13,2,1,7,1,3,7,209,0,1
1,2,0,4,1,1,4,2,12,2,1,5,1,3,7,248,0,1
0,1,1,5,1,0,8,1,13,2,1,4,0,3,7,268,1,1
1,1,0,4,1,4,12,2,11,2,1,5,1,0,0,218,0,1
1,2,0,5,1,4,2,1,12,2,2,4,1,3,0,126,1,1
1,2,1,5,1,13,4,2,13,1,1,2,1,3,7,299,0,1
1,1,0,4,1,13,4,2,12,2,1,1,1,0,0,169,0,1
1,1,1,4,1,13,10,1,13,2,1,4,1,3,7,234,0,1
1,1,0,4,1,13,11,1,13,2,1,1,1,0,0,57,0,1
1,2,1,1,1,0,12,1,12,2,1,0,0,3,0,147,1,0
0,1,0,4,1,0,5,1,13,2,2,1,0,3,0,141,1,0
1,1,0,4,1,10,12,1,12,2,2,4,1,3,7,207,1,1
1,1,0,4,1,10,11,1,12,2,1,3,1,0,0,147,1,1
1,1,0,4,1,10,12,1,12,2,1,4,1,0,0,75,0,1
1,1,0,4,1,13,12,2,11,2,1,3,0,0,0,113,0,1
1,2,1,5,1,16,9,1,13,2,1,4,1,0,0,146,0,1
1,1,0,4,1,13,7,1,7,2,1,4,1,0,0,22,1,0
1,2,0,4,1,1,12,1,12,2,1,5,1,3,7,248,0,1
1,1,1,5,1,0,10,1,12,2,1,2,0,0,0,18,1,0
1,1,0,4,1,1,2,2,12,1,1,3,1,0,0,147,0,1
1,1,1,5,1,13,10,2,13,1,1,4,1,3,0,211,0,1
1,2,1,5,1,16,12,1,12,2,1,1,1,3,0,145,0,1
1,1,0,4,1,0,9,1,11,2,1,3,0,3,0,99,1,1
1,1,1,4,1,10,5,1,13,2,1,1,1,0,0,100,0,1
1,1,1,5,1,0,4,1,8,2,1,3,0,3,7,292,0,1
1,1,1,5,1,16,10,1,11,1,1,7,1,0,0,101,0,1
1,2,0,2,1,10,12,1,13,2,1,2,0,0,0,10,1,1
1,1,0,4,1,10,5,2,12,2,1,5,1,3,7,370,0,1
1,1,1,5,1,13,4,2,12,2,1,5,1,0,0,79,0,1
0,1,0,6,1,16,1,1,12,2,1,0,0,0,0,47,1,0
1,1,0,4,1,1,9,1,13,2,1,2,1,0,0,55,0,1
1,1,0,4,1,13,5,2,13,1,1,2,1,0,0,68,0,1
1,1,0,4,1,1,12,2,13,1,2,1,1,3,7,184,0,1
1,1,1,5,1,13,9,1,12,1,1,3,1,0,0,14,0,1
1,1,0,4,1,1,2,1,13,2,1,1,1,3,0,248,0,1
1,1,0,4,1,1,5,2,12,1,2,1,1,3,7,221,0,1
1,1,0,6,1,13,12,2,12,2,1,4,1,0,0,203,0,1
1,1,1,5,1,13,11,2,12,1,1,2,1,0,0,13,0,1
1,2,0,4,1,0,12,1,12,2,1,0,0,3,7,131,1,0
1,1,1,5,1,10,10,2,13,2,2,6,1,3,7,266,0,1
1,1,1,5,1,0,1,1,12,2,2,5,0,3,7,208,1,0
1,1,0,6,1,4,1,1,12,2,1,1,0,3,7,277,0,1
1,1,0,5,1,1,11,2,12,1,1,3,1,3,7,283,0,1
1,1,0,4,1,4,12,2,13,2,1,1,1,3,0,241,0,1
1,1,1,5,1,20,5,1,13,2,2,2,1,3,7,284,0,1
1,2,1,4,1,13,4,1,12,1,1,4,1,0,0,47,0,1
1,1,0,4,1,13,5,1,12,2,1,1,1,0,0,84,0,1
1,1,0,4,1,16,6,2,13,2,1,3,1,0,0,82,0,1
1,1,0,4,1,10,9,2,12,1,1,2,1,0,0,31,0,1
1,1,0,5,1,13,4,2,13,2,1,1,1,0,0,66,0,1
1,1,1,5,1,16,10,1,12,2,1,4,0,3,7,231,1,0
1,2,1,5,1,13,4,2,11,2,1,4,1,0,0,167,0,1
1,1,0,4,1,4,10,2,13,2,1,5,1,3,7,323,0,1
1,1,1,5,1,0,8,2,13,2,1,3,1,0,0,30,0,1
1,1,0,4,1,20,5,1,13,1,1,3,1,3,7,378,0,1
0,1,1,5,1,1,9,1,8,2,1,4,0,3,7,297,0,1
1,1,1,5,1,16,9,2,12,1,1,0,0,0,0,41,0,1
1,1,0,4,1,1,12,2,12,1,1,3,1,0,0,103,0,1
1,1,1,5,1,13,10,1,12,2,1,4,1,3,7,182,0,1
1,2,1,5,1,10,9,1,12,2,1,2,1,3,7,223,0,1
0,2,1,5,1,20,1,1,13,1,1,2,1,3,0,197,0,1
1,1,1,4,1,0,5,1,12,2,1,1,0,3,7,207,1,0
1,1,0,4,1,16,8,2,12,2,1,1,1,3,7,197,0,1
1,1,0,4,1,4,11,2,12,2,1,1,1,3,0,280,0,1
1,1,0,4,1,20,10,1,13,2,2,1,1,3,7,245,0,1
1,1,0,4,1,0,8,2,13,2,1,1,1,3,0,158,0,0
1,1,1,4,1,10,5,1,12,2,1,1,1,3,7,351,1,0
1,2,1,4,1,13,8,1,12,1,1,2,1,0,0,50,0,1
1,2,0,4,1,0,10,1,12,2,1,6,0,3,7,228,0,0
1,1,0,4,1,13,12,2,12,2,1,0,1,3,7,239,0,1
0,1,0,4,1,0,5,1,13,2,1,1,0,3,7,221,0,0
1,1,0,4,1,20,10,2,13,1,1,0,1,3,7,232,0,1
1,2,0,4,1,13,12,1,12,1,1,4,1,0,0,5,0,1
1,1,1,5,1,10,5,2,13,2,1,4,1,3,7,247,0,1
1,2,0,4,1,13,4,2,12,2,1,3,1,3,0,216,0,1
1,1,1,5,1,16,4,2,13,2,1,0,1,0,0,71,0,1
1,1,1,5,1,0,4,2,12,2,1,2,1,3,7,183,1,1
1,2,1,5,1,13,12,1,13,2,1,5,1,3,7,320,0,1
1,1,1,6,1,0,8,1,12,2,1,3,0,0,0,18,1,0
1,1,1,5,1,0,3,2,12,2,2,3,1,3,7,152,1,1
1,2,1,4,1,0,3,1,12,2,1,2,1,0,0,4,1,0
1,1,0,4,1,16,2,2,12,2,1,4,1,3,7,349,0,1
1,2,0,4,1,20,5,2,12,1,1,0,1,3,7,261,0,1
1,1,0,5,1,1,9,2,13,1,1,4,1,0,0,34,0,1
1,2,1,5,1,0,2,1,13,2,1,4,0,0,0,119,1,1
1,1,1,5,1,10,12,2,13,2,1,3,1,0,0,39,0,1
1,1,0,6,1,0,12,2,13,2,1,1,0,0,0,86,1,1
0,1,0,4,1,13,10,1,7,2,1,3,1,3,7,215,0,1
1,1,1,4,1,11,2,1,12,1,1,3,1,0,0,141,0,1
1,1,1,5,1,0,9,1,13,1,2,0,0,0,0,92,1,1
1,1,0,4,1,13,2,1,13,2,1,4,1,3,0,300,0,1
1,2,0,4,1,4,7,2,13,2,1,1,1,0,0,156,0,1
1,1,1,6,1,0,8,2,13,2,1,1,0,0,0,83,1,0
1,1,0,4,1,4,8,2,13,2,1,1,1,3,7,216,0,1
1,2,0,4,1,14,12,2,12,2,1,1,1,0,0,119,0,1
1,1,0,4,1,4,10,1,13,2,1,3,1,0,0,121,0,1
1,1,0,4,1,1,11,1,12,2,1,0,1,3,0,168,0,1
1,1,0,5,1,13,9,1,13,1,2,3,1,0,7,210,0,1
1,1,0,4,1,16,4,1,11,2,1,2,0,3,0,107,1,0
0,1,0,4,1,20,8,2,12,2,1,3,1,3,7,193,0,0
1,1,0,5,1,0,11,1,12,2,1,8,1,3,0,126,1,0
1,1,0,6,1,13,9,2,12,2,1,3,1,0,0,85,0,1
1,1,1,5,1,13,7,2,11,2,2,2,1,0,0,126,0,1
1,1,1,5,1,10,12,1,12,2,2,1,0,3,7,265,1,1
1,1,0,4,1,0,9,1,13,2,1,1,0,3,7,133,1,1
1,1,0,5,1,10,5,2,12,2,2,1,1,3,0,159,0,1
1,1,1,5,1,11,2,1,12,2,2,3,1,0,0,81,0,1
1,1,0,4,1,0,4,2,12,2,1,2,1,0,0,5,0,1
1,1,0,6,1,0,1,1,12,2,1,4,1,0,0,100,1,1
1,1,0,4,1,4,11,1,13,2,1,1,1,3,0,191,0,1
1,1,0,5,1,16,12,2,11,1,1,4,1,0,0,19,0,1
1,2,0,4,1,0,12,1,12,2,1,5,1,0,0,58,1,1
1,2,1,5,1,13,12,1,13,2,1,3,1,3,7,204,0,1
0,1,1,5,1,10,4,1,12,2,1,5,0,3,7,286,0,1
1,1,0,4,1,20,12,1,12,2,1,4,1,3,7,349,0,1
1,1,0,4,1,10,11,2,13,2,2,0,1,0,0,185,0,1
1,1,1,5,1,20,2,2,12,1,1,4,1,3,7,369,0,1
1,1,1,5,1,0,10,2,13,2,2,2,0,3,5,168,1,0
1,1,0,4,1,13,1,1,13,1,2,1,1,0,0,175,0,1
0,2,0,4,1,16,12,2,12,2,1,3,0,0,0,95,0,1
0,2,1,5,1,13,1,1,12,1,1,1,1,0,0,66,0,1
1,1,0,4,1,3,5,1,12,1,1,0,1,0,0,106,0,1
1,1,1,5,1,4,12,1,13,2,2,3,1,3,7,164,0,1
1,1,0,6,1,0,1,1,12,2,1,0,1,0,0,73,0,1
1,1,0,4,1,0,1,1,13,2,1,2,1,0,0,99,0,1
1,1,1,5,1,10,11,1,12,2,2,2,0,3,0,75,1,0
1,1,0,4,1,16,7,1,13,2,1,2,1,0,0,132,0,1
1,1,1,4,1,17,9,2,12,2,1,3,1,3,7,295,0,1
1,1,0,4,1,0,9,1,12,2,1,3,0,0,0,9,1,0
1,1,1,5,1,11,10,2,13,2,2,0,0,3,7,281,0,1
1,1,0,6,1,1,12,2,12,1,1,2,1,0,0,155,0,1
1,1,1,5,1,11,7,2,12,2,1,1,1,0,0,75,0,1
0,1,0,4,1,4,9,2,13,2,1,2,1,0,0,96,0,1
0,1,0,4,1,13,10,2,12,2,1,2,1,0,0,64,0,1
1,1,0,6,1,0,2,2,12,2,1,4,0,3,7,228,1,0
1,1,1,5,1,13,9,1,12,2,1,3,1,0,0,13,0,1
1,1,0,4,1,0,12,1,11,2,1,4,0,3,7,217,0,1
0,1,0,6,1,0,11,1,8,2,2,1,0,3,7,199,1,0
1,1,0,4,1,4,11,1,12,2,1,7,1,3,7,275,0,1
1,1,1,4,1,5,5,1,13,1,1,1,1,0,0,149,0,1
1,1,0,6,1,0,1,1,13,2,1,6,1,3,0,106,1,0
1,1,1,5,1,0,10,2,12,2,2,2,0,3,7,268,1,0
1,1,1,5,1,20,5,1,13,1,2,1,1,0,0,89,0,1
1,2,0,4,1,10,2,2,12,2,1,2,1,3,0,214,0,1
1,1,0,4,1,20,8,1,13,2,1,2,1,0,0,123,0,1
0,1,0,4,1,0,4,1,12,2,1,1,0,3,7,151,1,0
1,1,0,4,1,20,10,1,13,2,2,3,1,3,7,246,0,1
1,1,0,6,1,0,1,1,12,2,1,5,1,0,0,83,1,1
1,1,0,6,1,3,2,2,13,2,1,0,0,3,0,201,0,1
0,1,0,4,1,0,12,1,13,2,1,2,1,0,0,106,0,1
1,1,0,6,1,13,9,1,11,1,1,2,1,0,0,87,0,1
1,2,0,4,1,20,4,2,12,1,1,1,1,0,0,192,0,1
1,1,0,4,1,16,8,2,12,2,1,3,1,0,0,2,0,1
1,1,1,5,1,20,10,1,13,2,1,5,1,3,7,341,0,1
1,2,1,5,1,0,8,1,11,2,1,2,0,0,0,32,0,1
1,1,0,4,1,13,12,2,12,1,1,2,1,0,0,38,0,1
1,1,0,4,1,20,7,1,13,1,1,1,1,0,0,82,0,1
1,1,0,4,1,10,10,1,13,2,2,0,0,3,7,267,0,1
1,1,1,5,1,10,10,1,13,1,2,3,1,3,0,175,0,1
1,2,0,5,1,13,8,2,13,2,1,3,1,0,0,78,0,1
1,1,0,4,1,13,10,1,12,2,1,2,1,3,7,367,0,1
1,1,0,5,1,0,12,1,13,2,1,2,1,0,0,67,0,1
1,1,1,5,1,13,4,2,12,2,1,3,1,3,7,244,0,1
1,1,0,6,1,4,12,2,11,2,1,1,1,3,7,267,0,1
1,1,0,5,1,10,3,2,12,2,1,3,1,0,0,59,1,1
1,2,1,5,1,16,2,1,13,1,2,4,1,0,0,203,0,1
1,1,0,4,1,13,5,2,13,2,1,3,1,0,0,125,0,1
1,1,0,5,1,13,8,2,13,2,1,4,1,3,7,326,0,1
1,1,0,6,1,1,4,1,12,2,2,4,1,3,7,250,0,1
1,2,0,4,1,4,11,1,13,2,1,3,1,3,7,173,0,1
1,2,1,5,1,10,12,1,12,2,2,2,0,3,7,217,0,1
1,1,0,4,1,10,1,1,13,2,1,0,1,3,7,275,0,1
1,1,0,4,1,13,12,2,12,2,1,4,0,0,0,117,0,1
1,1,1,5,1,0,12,2,12,2,1,5,1,0,0,89,1,1
1,1,0,4,1,10,12,1,12,2,1,2,1,3,7,275,0,1
1,2,1,5,1,12,4,2,12,2,1,2,1,3,7,256,0,1
1,1,0,5,1,0,12,1,13,2,2,0,0,3,7,290,0,1
1,1,0,4,1,13,9,1,12,2,1,2,1,3,0,156,0,1
1,1,0,4,1,1,5,1,12,1,1,3,1,0,0,190,0,1
0,1,1,5,1,11,2,1,12,2,1,4,1,3,7,284,0,1
1,1,0,6,1,4,1,2,12,2,2,2,1,3,7,251,0,1
1,1,0,4,1,13,12,2,12,2,1,1,1,3,7,209,0,1
1,2,0,4,1,13,5,2,13,2,1,1,1,0,0,39,0,1
1,1,0,4,1,10,10,2,13,2,1,2,1,3,7,300,0,1
1,1,1,5,1,11,2,1,13,2,1,4,1,0,0,113,0,1
1,1,0,4,1,0,12,1,13,2,1,3,0,3,7,205,1,0
1,2,0,4,1,1,12,1,7,2,1,5,1,3,7,285,0,1
1,1,0,4,1,1,12,2,11,2,1,4,1,0,0,94,0,1
1,1,0,2,1,11,2,1,13,2,2,0,1,3,7,326,0,1
1,1,0,4,1,4,1,2,13,1,1,2,1,3,7,318,0,1
1,1,1,5,1,13,4,2,12,2,1,2,1,0,0,166,0,1
1,1,0,5,1,10,9,2,13,2,1,1,1,0,0,78,0,1
1,1,0,7,1,4,2,2,13,2,2,0,0,3,7,240,1,1
1,1,0,4,1,10,9,2,8,2,1,3,1,3,7,372,0,1
1,1,0,4,1,13,12,1,12,1,1,3,1,0,0,166,0,1
1,1,0,5,1,1,9,2,12,2,1,3,1,0,0,18,0,1
1,1,0,6,1,0,11,1,12,2,1,2,1,0,0,16,1,1
1,1,0,4,1,1,9,1,11,2,1,4,1,3,0,121,1,1
0,1,0,6,1,0,12,2,12,2,2,0,0,0,0,128,1,1
1,1,0,6,1,1,12,1,12,2,1,2,1,3,0,165,0,1
1,1,0,4,1,4,1,1,13,2,1,2,1,3,7,195,0,1
1,1,1,5,1,0,10,1,13,2,1,5,0,3,0,82,1,0
1,1,0,4,1,1,10,1,12,2,2,4,1,3,7,363,0,1
1,1,1,5,1,16,5,1,11,1,1,2,1,3,7,369,0,1
1,1,1,5,1,10,5,1,13,2,1,4,1,3,0,166,0,1
1,1,0,5,1,20,4,1,12,1,1,6,1,3,7,331,0,1
1,1,0,4,1,4,11,1,12,2,1,5,1,0,0,151,0,1
1,1,1,4,1,16,10,1,8,2,1,5,1,3,7,339,0,1
1,2,0,5,1,0,12,1,7,2,2,2,0,3,7,195,1,0
1,1,0,4,1,20,4,2,12,1,2,0,1,3,7,304,0,1
1,1,0,4,1,16,1,1,12,2,1,3,1,3,0,214,0,1
0,1,1,5,1,10,12,1,13,2,2,3,1,3,7,257,1,0
1,1,0,4,1,4,11,2,13,2,1,4,1,0,0,79,0,1
1,2,1,5,1,13,12,2,13,2,1,1,1,0,0,70,0,1
1,1,0,4,1,0,2,2,12,2,1,2,1,0,0,59,0,1
1,1,0,6,1,0,12,1,12,2,1,3,1,3,0,138,0,1
1,1,0,4,1,10,9,2,13,2,1,2,1,3,7,220,0,1
1,1,1,5,1,10,10,2,13,2,2,3,1,3,7,178,0,1
0,1,1,5,1,10,2,2,13,2,1,3,1,3,7,215,0,1
1,1,1,5,1,0,4,2,12,2,1,1,0,0,0,0,1,0
1,1,1,5,1,3,9,1,7,1,1,3,1,3,7,305,0,1
1,1,1,4,1,13,4,2,13,2,1,5,1,3,7,201,0,1
1,1,0,4,1,1,7,2,12,2,1,0,1,3,7,300,0,1
1,1,1,4,1,0,7,1,12,2,1,5,1,0,0,88,1,1
1,1,1,6,1,0,5,1,13,2,1,3,0,3,7,186,1,0
1,2,0,4,1,13,12,2,12,1,1,3,1,0,0,22,0,1
1,1,0,4,1,20,10,1,12,2,1,5,1,3,7,303,0,1
1,2,0,4,1,13,12,1,12,2,1,3,1,3,7,268,0,1
1,2,0,4,1,0,12,1,12,2,1,3,1,3,7,196,0,1
1,1,0,4,1,20,12,1,12,2,1,3,1,3,0,140,0,1
1,1,1,5,1,0,4,1,13,2,2,2,0,3,7,200,1,1
1,1,0,6,1,4,12,1,13,2,1,5,1,0,0,124,0,1
1,1,0,4,1,4,10,1,12,2,1,4,1,0,0,153,0,1
1,1,0,4,1,13,10,2,13,1,1,6,1,3,0,200,0,1
1,1,0,4,1,20,1,1,12,1,1,2,1,3,0,98,0,0
0,1,0,5,1,10,2,1,13,2,2,3,0,0,0,43,1,1
1,1,0,1,1,0,4,2,12,2,1,2,0,0,0,103,1,1
1,1,0,4,1,20,10,1,13,1,1,4,1,3,7,289,0,1
1,1,1,5,1,5,1,2,13,2,1,5,1,3,0,250,0,1
1,1,0,5,1,13,1,2,13,1,1,3,1,0,0,69,0,1
1,1,0,4,1,0,12,2,9,2,1,3,0,3,0,159,3,0
1,1,1,5,1,13,10,2,12,2,1,4,1,0,0,45,0,1
1,1,0,4,1,4,12,1,12,1,1,2,1,0,0,142,0,1
1,1,0,4,1,0,9,1,12,2,1,2,1,3,7,222,0,1
1,1,0,4,1,13,12,2,12,2,1,3,1,3,7,328,0,1
1,1,1,5,1,16,11,2,12,2,1,3,1,0,0,11,0,1
1,1,0,4,1,1,2,2,12,2,1,2,1,3,7,285,0,1
1,1,1,5,1,13,12,1,13,2,2,4,1,3,0,112,1,1
1,1,0,6,1,4,9,2,13,2,1,1,1,3,0,156,0,1
1,1,0,4,1,4,10,1,13,1,1,4,1,3,0,239,0,1
1,2,1,4,1,10,12,1,12,2,1,1,1,3,7,214,0,1
1,1,0,4,1,20,12,1,13,2,1,6,1,3,7,318,0,1
1,1,1,5,1,17,10,1,13,1,1,5,1,3,7,311,0,1
1,2,1,5,1,0,4,2,12,2,1,1,0,3,7,221,1,0
1,1,0,4,1,13,1,1,13,2,1,2,1,3,0,274,0,1
1,1,0,4,1,4,10,2,13,2,1,5,1,3,7,206,0,1
1,1,0,4,1,13,11,2,12,2,1,1,1,0,0,60,0,1
1,1,0,4,1,13,6,2,13,1,1,0,1,0,0,89,0,1
1,1,0,4,1,0,4,2,12,2,1,2,0,3,7,369,0,1
1,2,1,5,1,0,9,1,13,2,1,4,0,0,0,16,1,0
1,1,0,4,1,0,12,2,13,1,2,1,1,0,0,3,1,1
1,1,0,4,1,13,1,1,12,2,1,1,1,0,0,105,0,1
1,1,0,4,1,13,1,1,12,2,1,3,1,3,0,266,0,1
1,1,0,4,1,0,1,1,13,2,1,3,1,0,0,54,1,0
1,2,1,5,1,16,4,1,12,2,1,4,1,3,7,193,0,0
1,2,0,4,1,0,11,1,13,2,1,2,0,0,0,35,1,0
0,1,1,5,1,20,12,1,11,2,2,3,0,3,7,236,0,1
1,1,1,5,1,0,11,1,12,2,1,0,1,0,0,49,1,1
1,1,0,4,1,13,5,2,13,2,2,2,1,3,0,201,0,1
1,1,1,5,1,16,12,1,13,2,2,4,1,3,7,228,0,1
1,1,1,5,1,10,5,1,12,2,2,1,1,3,7,284,0,1
1,2,1,5,1,16,7,2,13,2,1,2,1,0,0,74,0,1
1,1,0,6,1,1,2,1,12,1,1,4,1,0,0,162,0,1
1,1,0,4,1,4,10,1,12,1,1,1,1,0,0,107,0,1
1,1,1,5,1,13,8,2,13,2,1,3,1,3,7,211,0,1
1,1,0,4,1,20,10,2,12,2,1,2,1,3,7,251,0,1
0,1,0,6,1,1,12,2,12,1,1,2,1,3,0,206,0,1
1,1,0,4,1,13,4,2,12,2,1,5,0,3,7,217,0,1
1,1,0,6,1,13,9,2,11,1,1,4,1,0,0,127,0,1
1,1,0,4,1,13,12,1,12,1,1,4,1,3,0,231,0,1
1,1,0,4,1,13,9,1,1,2,1,1,1,0,0,25,0,1
1,1,1,4,1,1,10,1,12,2,2,4,1,3,7,340,0,1
1,1,1,5,1,20,4,1,11,2,1,2,0,3,7,367,0,1
1,1,0,4,1,13,12,1,12,2,1,2,1,0,0,66,0,1
1,1,0,6,1,1,12,1,13,1,1,4,1,0,0,27,0,1
1,1,1,5,1,10,2,2,13,1,1,0,1,0,0,148,0,1
1,1,0,4,1,1,4,2,11,2,1,4,1,3,7,331,0,1
1,1,0,6,1,16,12,1,11,1,1,3,1,0,0,79,0,1
1,2,1,5,1,10,4,2,13,2,1,4,1,0,0,54,0,1
1,1,0,4,1,13,9,1,12,2,1,1,1,0,0,89,0,1
1,1,0,4,1,16,1,1,13,2,1,3,1,3,7,256,0,1
1,1,0,4,1,1,11,1,12,2,1,1,1,0,0,85,0,1
0,1,1,6,1,10,4,1,12,1,1,2,1,0,0,175,0,1
1,1,1,4,1,16,5,1,12,2,1,1,1,3,7,287,0,1
1,2,0,4,1,20,1,1,12,2,1,1,1,3,7,267,0,1
1,1,0,5,1,16,4,2,13,1,1,1,1,0,0,164,0,1
1,1,1,5,1,13,10,2,12,2,1,4,1,3,7,272,0,1
1,2,1,4,1,4,4,1,12,2,1,1,1,3,7,267,0,1
1,1,0,4,1,4,1,1,7,1,1,2,1,3,7,305,0,1
1,1,0,4,1,1,4,2,11,2,1,2,1,3,7,350,0,1
1,1,0,4,1,0,9,1,12,2,1,3,0,3,0,169,0,0
1,1,0,4,1,4,12,2,7,2,1,2,1,0,0,47,0,1
1,1,0,4,1,0,10,2,13,2,1,3,1,3,7,284,0,1
1,1,0,4,1,13,10,2,13,1,1,1,1,0,0,24,0,1
1,1,1,5,1,13,5,1,13,2,2,2,0,0,0,39,1,1
1,1,1,5,1,17,5,2,12,1,2,4,1,3,7,301,0,1
1,1,1,5,1,16,12,2,12,2,2,3,1,0,0,65,0,1
1,2,1,5,1,20,5,1,13,1,2,1,1,3,7,264,0,1
1,1,1,5,1,16,4,1,13,1,1,4,1,3,7,272,0,1
1,1,1,5,1,0,4,2,14,2,2,2,0,3,7,231,1,0
1,1,0,4,1,0,4,2,12,2,1,1,1,3,0,171,0,1
1,1,0,4,1,3,5,2,13,2,2,1,1,3,7,322,0,1
0,2,0,4,1,1,2,1,12,2,1,7,1,3,7,236,0,1
1,2,1,4,1,0,10,1,12,2,1,3,1,0,0,76,1,0
1,1,0,4,1,0,12,1,13,2,1,1,1,3,0,183,0,0
1,2,0,5,1,13,4,2,12,2,1,4,1,3,0,220,0,1
1,1,0,4,1,0,10,1,12,2,1,2,1,3,7,356,0,1
1,1,0,4,1,4,10,2,13,1,1,2,1,3,7,310,0,1
1,1,0,4,1,4,10,1,13,1,1,1,1,0,0,145,0,1
1,1,1,5,1,10,2,2,12,2,1,3,1,0,0,139,0,1
1,1,0,4,1,13,8,2,13,2,1,2,1,0,0,82,0,1
1,2,1,5,1,0,9,1,12,2,1,1,1,0,0,41,1,0
1,1,0,4,1,13,4,1,7,2,1,0,1,3,7,303,0,1
0,1,1,5,1,0,10,1,13,2,2,2,0,3,7,182,1,0
1,1,0,4,1,13,9,1,13,2,1,5,1,3,0,252,0,1
1,2,1,5,1,0,8,1,13,2,1,4,1,3,7,181,0,1
1,1,0,6,1,5,8,2,13,2,1,5,0,3,7,281,0,1
1,2,0,4,1,1,10,1,12,2,1,2,1,3,0,297,0,1
0,1,0,4,1,0,11,1,8,2,2,2,0,3,0,129,1,0
1,1,0,4,1,14,4,1,12,2,1,2,1,3,7,274,0,1
1,1,0,4,1,20,9,1,11,1,1,2,1,3,7,284,0,1
1,1,1,5,1,16,10,1,13,1,2,4,1,0,0,93,0,1
1,1,0,4,1,1,9,1,13,2,1,3,1,3,7,272,0,1
1,1,0,4,1,13,4,2,8,1,1,2,1,3,7,295,0,1
1,1,0,5,1,4,5,1,11,2,1,6,1,3,7,302,0,1
1,1,1,5,1,4,1,1,13,1,1,5,1,0,0,140,0,1
1,1,0,6,1,1,11,2,12,2,1,2,1,3,7,352,0,1
1,1,0,4,1,0,11,1,13,2,1,4,0,3,7,246,1,1
1,1,1,1,1,16,8,1,11,2,1,2,0,3,0,111,0,1
1,1,0,4,1,1,10,2,13,2,2,2,1,3,7,375,0,1
1,1,0,4,1,0,12,1,12,2,1,0,0,3,7,280,0,1
1,1,0,4,1,0,2,1,12,2,1,5,1,3,7,187,1,0
1,1,0,4,1,13,2,2,12,2,1,3,1,0,0,143,0,1
1,1,0,4,1,13,4,1,7,1,1,1,1,3,0,245,0,1
1,1,1,5,1,0,11,2,12,2,1,4,1,3,7,303,0,1
1,1,0,4,1,4,10,2,7,2,1,3,1,3,7,291,0,1
1,1,1,5,1,10,10,1,13,1,2,2,1,0,0,104,0,1
1,1,0,4,1,16,4,2,11,1,1,2,1,0,0,94,0,1
1,1,1,5,1,10,4,2,13,1,2,1,1,3,0,173,0,1
1,1,1,5,1,16,4,2,13,2,1,4,1,3,7,292,0,1
1,1,0,4,1,0,5,2,12,2,2,1,1,0,0,67,1,1
1,1,1,5,1,20,2,2,12,1,2,2,1,3,0,154,0,1
1,1,0,4,1,0,9,2,13,2,1,2,1,3,0,128,1,1
1,1,0,4,1,13,4,2,13,2,1,0,1,0,0,37,0,1
1,1,1,5,1,13,9,1,13,1,1,4,1,0,0,148,0,1
1,1,0,4,1,1,2,1,13,2,1,4,1,3,7,235,0,1
1,1,1,5,1,10,10,1,12,2,2,2,1,3,0,163,0,1
1,1,0,5,1,13,8,2,7,2,1,3,1,3,7,263,0,1
1,2,1,5,1,1,11,1,13,2,1,2,1,0,0,52,0,1
1,2,0,4,1,0,9,1,12,2,1,2,1,0,0,34,1,0
1,1,0,4,1,3,4,2,13,1,1,1,1,0,0,135,0,1
1,1,1,5,1,3,4,1,13,2,1,2,1,3,0,233,0,1
1,1,0,4,1,0,8,1,1,2,1,2,1,0,0,30,1,1
1,1,0,4,1,4,4,2,12,2,1,1,1,3,7,346,0,1
1,2,1,5,1,0,10,1,12,2,2,2,1,3,0,131,0,1
1,1,0,4,1,1,12,2,12,2,1,3,1,3,0,263,0,1
1,1,0,4,1,1,8,2,13,2,1,3,1,0,0,121,0,1
1,1,0,6,1,20,8,1,11,1,1,1,1,3,7,222,0,1
1,1,0,4,1,13,9,1,12,2,1,0,1,0,0,117,0,1
1,1,0,4,1,16,4,1,13,2,1,4,1,3,7,320,0,1
1,1,1,5,1,0,4,1,13,2,1,2,1,3,0,113,1,1
1,1,0,4,1,4,4,2,13,2,1,1,1,3,7,206,0,1
1,1,0,4,1,16,9,2,11,2,1,2,1,3,7,298,0,1
0,1,1,5,1,0,9,1,12,2,2,5,0,3,7,128,1,0
0,1,1,5,1,2,11,2,12,1,1,2,1,3,0,177,0,1
1,1,1,5,1,11,2,1,13,1,1,3,1,0,0,50,0,1
1,1,0,4,1,7,1,1,12,1,1,3,1,3,7,287,0,1
1,1,1,5,1,16,1,1,4,2,1,5,1,3,7,189,0,1
1,2,0,6,1,16,1,2,10,2,1,1,1,0,0,79,0,1
1,1,1,5,1,16,7,1,12,2,1,5,1,3,7,239,0,1
1,1,0,4,1,13,11,1,9,2,1,1,1,0,0,63,0,1
1,1,1,4,1,11,7,1,10,2,1,0,1,3,7,352,0,1
1,2,0,4,1,1,6,2,12,2,1,2,1,0,0,109,0,1
1,1,1,6,1,11,1,1,12,2,1,1,1,3,7,224,0,1
1,1,1,5,1,13,1,2,13,1,1,3,1,0,0,187,0,1
1,2,1,5,1,16,11,1,13,1,2,2,1,0,0,161,0,1
1,1,1,5,1,16,11,1,13,2,1,3,1,3,6,178,0,1
1,1,0,4,1,16,3,2,10,2,1,1,1,3,7,215,0,1
1,1,0,6,1,14,12,1,4,2,1,3,1,0,0,38,0,1
1,1,0,4,1,1,6,2,9,2,1,2,1,3,11,219,0,1
1,1,0,4,1,0,1,1,13,2,1,1,1,3,11,134,1,0
1,1,1,5,1,16,7,1,4,1,1,3,1,3,7,273,0,1
1,1,1,5,1,11,7,2,12,2,1,4,1,0,0,141,0,1
1,1,0,6,1,14,11,2,4,1,1,2,1,0,0,147,0,1
1,1,0,4,1,13,8,1,12,1,1,5,1,0,0,71,0,1
1,1,0,4,1,13,8,1,10,2,1,2,1,0,0,157,0,1
1,2,1,4,1,16,1,1,12,2,1,4,1,3,7,308,0,1
0,1,0,4,1,13,6,2,4,2,1,1,1,3,7,302,0,1
0,1,1,5,1,11,3,1,12,2,1,4,1,3,6,103,0,1
0,1,0,4,1,1,7,1,10,2,1,5,1,3,7,337,0,1
1,1,1,4,1,13,11,2,4,2,1,1,1,3,7,321,0,1
1,1,1,4,1,13,3,1,4,2,1,0,1,0,0,74,0,1
1,1,1,5,1,13,8,1,12,2,1,2,1,0,0,34,0,1
1,1,1,5,1,16,6,1,13,2,1,3,1,3,7,362,0,1
1,1,1,5,1,11,11,1,13,2,1,3,1,3,6,338,0,1
1,2,1,5,1,16,9,2,13,2,1,3,1,3,7,330,0,1
1,1,1,5,1,16,6,2,4,2,2,0,1,3,7,339,0,1
1,1,0,4,1,1,6,2,9,1,1,2,1,0,0,147,0,1
1,1,0,4,1,0,6,1,13,2,1,0,1,3,7,273,0,0
0,1,0,4,1,14,1,1,13,2,1,2,1,0,0,136,0,1
1,1,1,5,1,13,2,1,13,1,1,3,1,0,0,112,0,1
1,1,1,4,1,13,9,1,9,2,1,3,1,0,0,120,0,1
1,1,0,4,1,10,1,1,12,1,2,2,1,0,0,24,0,1
1,1,0,4,1,13,7,1,10,1,1,0,1,0,0,88,0,1
1,1,0,4,1,14,1,1,4,2,1,1,1,3,7,190,0,1
1,1,0,4,1,13,7,1,7,1,1,4,1,0,0,78,0,1
1,2,1,4,1,16,11,1,13,2,1,3,1,3,7,231,0,1
1,1,0,4,1,16,7,1,10,2,1,4,1,0,0,133,0,1
0,1,0,4,1,13,6,1,9,2,1,2,1,0,0,98,0,1
1,1,0,4,1,13,3,1,12,2,1,2,1,0,0,77,0,1
1,1,1,6,1,16,6,1,10,1,2,2,1,3,0,137,0,1
1,1,0,4,1,14,7,1,13,2,1,2,1,3,7,201,0,1
1,1,0,4,1,11,11,1,5,2,1,0,1,4,6,154,0,0
1,2,1,4,1,0,1,1,12,2,1,0,1,0,0,65,0,1
1,1,0,4,1,4,11,1,9,2,1,3,1,3,6,193,0,1
1,1,0,5,1,13,6,2,12,2,1,2,1,0,0,92,0,1
1,1,1,5,1,16,6,2,4,2,1,6,1,0,0,67,0,1
1,1,0,4,1,14,11,2,6,1,1,0,1,3,7,277,0,1
1,2,1,5,1,16,5,2,13,2,1,0,1,3,0,193,0,1
1,1,0,4,1,16,12,1,12,1,1,4,1,0,0,74,0,1
1,1,0,4,1,13,7,1,13,2,1,3,1,0,0,50,0,1
1,2,1,5,1,11,7,1,2,2,1,2,1,3,7,291,0,1
1,1,0,4,1,13,7,2,10,2,1,2,1,3,0,183,0,1
1,1,1,5,1,11,6,2,13,2,1,0,1,3,7,276,0,1
1,1,0,4,1,13,9,2,10,2,1,1,1,3,7,225,0,1
1,1,1,4,1,16,5,2,4,2,1,2,1,3,7,125,0,1
1,1,1,4,1,11,8,2,13,2,1,2,1,3,7,363,0,1
1,1,0,6,1,13,7,2,10,1,1,2,1,3,7,179,0,1
0,1,0,4,1,14,11,2,4,1,1,1,1,3,7,246,0,1
0,1,1,5,1,0,6,1,4,2,1,4,0,3,7,216,1,0
1,1,1,5,1,13,6,1,13,2,1,5,1,3,6,212,0,1
1,1,1,5,1,11,11,1,13,2,1,1,1,3,7,200,0,1
1,1,0,4,1,1,6,1,4,2,1,3,1,3,7,264,0,1
1,1,0,5,1,16,11,2,13,1,1,3,1,0,0,41,0,1
1,1,1,5,1,14,8,2,12,1,1,0,1,3,0,254,0,1
1,1,0,4,1,13,11,1,12,2,1,2,1,3,7,180,0,1
1,1,0,6,1,11,6,2,13,2,1,3,1,3,6,317,0,1
0,1,0,4,1,13,3,2,12,2,1,3,1,3,7,244,0,0
1,1,0,4,1,11,6,1,2,2,1,3,1,3,6,305,0,1
1,1,0,4,1,13,6,2,10,1,2,5,1,3,0,162,0,1
1,1,0,4,1,14,7,2,12,2,1,1,1,3,6,218,0,0
1,1,1,5,1,16,7,1,13,2,1,4,1,0,0,104,0,1
1,1,0,4,1,10,3,2,12,2,1,0,1,0,0,125,0,1
1,1,1,4,1,11,7,2,13,1,1,2,1,3,7,331,0,1
1,1,1,5,1,16,6,1,12,2,1,5,1,3,11,106,0,0
1,1,1,5,1,11,6,2,12,2,1,2,1,3,6,204,0,1
1,1,0,4,1,16,11,2,10,1,1,0,1,3,0,219,0,1
1,1,0,4,1,11,6,2,13,2,1,2,1,3,7,320,0,1
1,1,0,4,1,11,11,1,12,2,1,1,1,3,7,246,0,1
0,1,1,5,1,16,3,1,12,1,1,4,1,0,0,39,0,1
0,1,1,6,1,13,7,2,10,2,1,2,1,3,6,126,0,0
1,1,1,5,1,16,1,2,12,1,1,4,1,0,0,4,0,1
0,1,0,4,1,14,4,1,4,2,1,1,1,0,0,33,0,1
1,1,0,4,1,13,10,1,10,2,1,4,1,0,0,1,0,1
1,1,1,5,1,2,7,2,13,2,1,0,1,0,0,128,0,1
1,2,1,5,1,10,2,2,13,2,1,4,1,0,0,143,0,1
1,1,0,4,1,11,11,2,9,2,1,1,1,3,7,301,0,1
0,1,0,4,1,14,11,1,13,2,1,0,1,3,7,378,0,1
1,1,0,4,1,1,3,1,12,2,1,2,1,3,0,159,0,1
1,1,0,4,1,14,11,1,13,2,1,4,1,3,0,69,0,1
1,1,0,6,1,14,11,1,10,1,3,0,1,3,7,210,0,0
1,1,0,4,1,13,3,1,13,2,1,2,1,0,0,11,1,1
1,2,1,5,1,16,6,1,4,2,1,3,1,3,7,364,0,1
1,1,0,4,1,13,11,1,10,2,1,1,1,0,0,163,0,1
1,1,0,4,1,14,1,1,13,1,1,6,1,3,7,319,0,1
1,2,1,5,1,11,6,2,12,2,1,4,1,0,0,81,0,1
1,2,0,6,1,10,8,2,2,2,1,1,1,0,0,52,0,1
1,2,0,4,1,11,11,2,4,2,1,2,1,3,7,284,0,1
1,1,0,4,1,14,6,1,2,2,1,2,1,3,7,202,0,0
1,1,1,5,1,16,7,1,13,2,1,0,1,3,7,256,0,1
1,1,0,4,1,7,1,2,13,1,1,0,1,3,8,343,0,1
1,2,0,4,1,7,11,1,13,1,1,0,1,0,0,228,0,1
0,1,1,6,1,10,6,1,10,2,2,2,1,3,7,241,0,0
1,1,0,6,1,0,3,1,13,2,1,1,1,3,7,149,0,0
1,1,0,4,1,14,11,2,13,2,1,5,1,3,11,219,0,1
0,1,0,4,1,13,3,2,10,1,1,2,1,3,8,248,0,1
1,2,0,4,1,13,9,2,12,2,1,2,1,0,0,109,0,1
0,1,0,6,1,1,6,2,12,2,1,3,1,0,0,97,0,1
1,2,1,5,1,11,3,2,12,2,1,2,1,3,7,245,0,1
1,1,0,4,1,14,11,2,10,2,1,1,1,3,0,124,0,1
1,1,0,4,1,13,6,2,9,1,1,3,1,3,6,223,0,1
1,1,0,4,1,14,11,2,13,2,1,4,1,3,7,271,0,0
1,1,0,4,1,1,6,2,13,2,1,0,1,0,0,45,0,1
1,1,1,4,1,11,3,1,12,1,1,0,1,0,0,37,0,1
1,1,1,5,1,16,1,2,12,1,1,2,1,0,0,172,0,1
1,2,0,5,1,14,7,1,12,2,1,4,1,3,6,191,0,1
1,1,0,4,1,13,7,1,13,2,1,2,1,0,0,25,0,1
1,1,1,5,1,16,1,1,10,2,1,2,1,3,7,206,0,1
1,2,1,5,1,10,11,2,4,2,1,2,1,3,7,211,0,1
1,1,0,4,1,13,3,2,13,2,1,4,1,0,0,162,0,1
1,1,0,4,1,11,11,1,13,2,1,2,1,0,0,25,0,1
1,1,0,4,1,13,11,1,12,2,1,1,1,0,0,51,0,1
1,1,0,4,1,14,3,2,13,1,1,1,1,0,0,88,0,1
1,1,1,5,1,11,11,1,13,2,1,3,1,3,7,161,0,1
1,1,1,4,1,14,11,1,6,2,1,2,1,3,7,296,0,1
1,1,0,4,1,13,11,2,12,1,1,2,1,3,0,215,0,1
1,1,0,4,1,10,11,1,13,2,1,3,1,3,0,180,0,1
1,1,0,4,1,13,11,1,12,2,1,1,1,3,7,298,0,1
1,1,0,4,1,13,7,1,13,2,1,4,1,3,6,246,0,1
1,1,1,5,1,16,3,1,12,2,1,1,1,3,0,137,0,1
1,1,1,5,1,10,6,1,13,2,1,8,1,3,7,294,0,1
1,1,0,4,1,11,6,1,13,2,1,1,1,3,6,258,0,0
1,2,1,5,1,13,8,2,12,1,1,3,1,0,0,80,0,1
1,1,1,5,1,10,11,1,13,2,2,2,1,0,0,38,0,1
1,1,1,6,1,10,6,2,4,2,1,0,1,3,7,149,0,1
1,1,0,4,1,13,3,1,13,2,1,2,1,0,0,94,0,1
1,1,1,5,1,11,1,1,13,2,1,3,1,3,7,321,0,0
1,1,1,5,1,13,11,1,4,2,1,4,1,3,7,247,0,0
1,1,1,4,1,13,8,2,10,2,1,3,1,3,7,192,0,1
1,1,0,6,1,11,1,1,12,2,1,0,1,0,0,75,0,1
1,2,0,5,1,16,6,2,12,1,1,2,1,0,0,69,0,1
1,1,1,5,1,13,11,2,4,2,1,1,1,3,0,152,0,1
1,1,1,5,1,13,12,1,10,2,1,5,1,3,6,193,0,1
1,1,0,4,1,13,8,2,13,2,1,2,1,3,7,163,0,1
1,1,1,5,1,16,9,1,12,2,1,3,1,0,0,19,0,1
1,1,0,4,1,11,7,2,9,2,1,1,1,3,6,253,0,1
1,1,1,5,1,16,6,2,4,2,1,2,1,3,7,167,0,1
1,1,1,5,1,16,3,1,10,2,1,3,1,3,7,167,0,1
1,1,0,5,1,7,9,1,10,1,1,1,1,0,0,229,0,1
1,1,0,4,1,13,1,1,12,2,1,1,1,3,0,77,0,0
1,1,1,5,1,16,1,1,13,2,1,1,1,0,0,15,1,1
1,1,1,5,1,13,6,1,12,2,1,4,1,3,6,260,0,1
1,1,0,4,1,14,1,1,12,2,1,3,1,0,0,4,0,1
1,1,0,4,1,13,8,1,13,2,1,5,1,3,7,244,0,1
1,1,0,4,1,16,6,2,10,2,1,3,1,3,7,198,0,1
1,1,0,4,1,13,6,2,4,2,1,4,1,3,7,294,0,0
1,1,0,4,1,14,5,1,12,1,1,4,1,0,0,92,0,1
1,1,1,5,1,16,11,2,4,2,1,0,1,0,0,18,0,1
1,1,0,6,1,16,4,2,10,1,1,2,1,0,0,109,0,1
1,1,0,4,1,13,11,2,12,2,1,3,1,0,0,53,0,1
1,1,0,4,1,5,9,2,13,1,1,4,1,0,0,73,0,1
1,1,0,4,1,13,11,1,12,2,1,4,1,3,11,159,0,1
1,1,0,6,1,11,6,2,4,2,1,5,1,3,7,150,0,0
1,1,1,5,1,11,6,2,13,1,1,2,1,3,7,348,0,1
1,1,1,6,1,11,3,1,10,2,1,0,1,3,6,145,0,1
1,1,1,6,1,0,6,2,10,2,1,4,1,0,0,14,2,0
1,2,1,6,1,16,1,2,13,1,1,0,1,0,0,99,0,1
1,1,0,4,1,16,8,2,10,2,1,2,1,3,7,356,0,1
1,1,0,4,1,11,6,1,10,1,1,3,1,3,7,341,0,0
1,1,0,4,1,13,2,1,13,2,1,1,1,0,0,174,0,1
1,1,1,5,1,14,5,2,9,2,1,1,1,3,7,306,0,1
1,2,0,4,1,0,7,1,2,2,1,3,1,3,7,294,0,1
1,1,0,4,1,1,11,1,12,1,1,4,1,3,0,309,0,1
1,2,1,5,1,13,8,1,13,2,1,0,1,0,0,93,0,1
1,2,1,5,1,13,6,2,12,1,1,0,1,3,7,244,0,1
1,1,0,6,1,2,11,2,13,2,1,2,1,3,7,182,0,1
1,1,0,6,1,13,3,2,12,2,1,0,1,3,7,264,0,1
1,1,1,7,1,13,3,1,12,2,1,1,1,0,0,18,0,1
1,1,1,5,1,16,6,2,4,2,1,2,1,3,7,278,0,1
1,1,0,4,1,4,6,2,12,2,2,3,1,0,0,35,0,1
1,1,0,4,1,13,11,1,13,2,1,3,1,0,0,72,0,1
1,1,1,2,1,11,4,2,4,2,1,0,1,0,0,18,1,0
1,1,0,4,1,13,11,1,12,2,1,1,1,3,6,363,0,1
0,1,0,4,1,10,11,1,13,2,1,2,1,0,0,47,0,1
1,1,1,4,1,11,11,2,13,1,1,0,1,3,7,313,0,1
1,1,0,4,1,2,3,2,10,2,1,1,1,3,7,313,0,1
1,1,1,4,1,13,1,1,12,2,1,5,1,3,7,181,0,1
1,1,0,4,1,13,8,2,10,2,1,2,1,3,4,182,0,1
1,1,0,4,1,13,1,1,13,2,1,0,1,0,0,92,0,1
1,1,0,4,1,13,6,1,2,2,1,1,1,3,6,289,0,1
1,1,1,5,1,2,7,2,13,2,1,2,1,3,7,288,0,1
1,1,0,4,1,13,11,1,13,2,2,4,1,3,7,254,0,1
1,1,0,4,1,1,3,1,12,2,1,2,1,3,0,262,0,1
1,1,1,5,1,16,11,1,13,2,1,4,1,3,11,153,0,1
0,1,0,6,1,11,3,2,4,2,1,4,1,3,7,365,0,1
1,2,0,4,1,4,11,2,13,1,1,4,1,0,0,30,0,1
1,1,1,5,1,13,11,1,12,2,1,0,1,0,0,116,0,1
1,2,1,5,1,16,4,2,4,2,1,4,1,0,0,35,0,0
1,1,0,4,1,11,6,2,13,2,1,1,1,3,7,357,0,1
1,1,0,4,1,7,9,1,13,2,1,0,1,3,7,265,0,1
1,2,0,4,1,14,6,2,9,2,1,0,1,3,7,286,0,1
1,1,1,4,1,13,11,1,4,2,1,1,1,3,0,161,0,1
1,1,1,4,1,11,11,1,13,2,1,1,1,3,0,179,0,1
1,1,0,4,1,14,11,1,10,1,1,2,1,3,7,351,0,1
1,1,0,4,1,0,11,1,12,2,1,3,1,0,0,22,0,1
1,1,0,4,1,11,6,1,12,2,1,1,1,3,6,188,0,0
1,1,0,4,1,13,11,1,13,2,1,2,1,0,0,80,0,1
1,2,1,4,1,13,9,1,13,1,1,0,1,0,0,23,0,1
1,2,1,5,1,13,3,2,12,1,1,0,1,4,8,321,0,1
1,1,1,5,1,16,1,1,13,2,1,7,1,3,0,254,0,1
1,1,0,4,1,14,11,1,4,2,1,2,1,3,7,245,0,1
1,1,0,4,1,13,7,2,13,1,1,4,1,0,0,83,0,1
1,1,1,5,1,13,6,2,4,2,1,2,1,3,7,268,0,1
1,2,1,5,1,16,9,2,4,2,1,1,1,3,7,226,0,1
1,1,1,4,1,2,7,1,13,2,1,3,1,3,7,260,0,1
1,1,0,4,1,14,6,1,12,2,1,2,1,0,0,20,0,0
1,1,0,4,1,13,11,1,12,1,1,2,1,3,0,202,0,1
1,1,1,5,1,14,11,1,4,2,1,3,1,3,7,184,0,1
1,1,0,4,1,11,1,1,13,2,1,3,1,0,0,119,0,1
1,1,1,4,1,16,8,2,13,2,1,1,1,3,0,157,0,1
1,1,1,5,1,16,3,2,12,2,1,3,1,3,7,195,0,0
1,1,1,5,1,13,3,1,10,2,1,2,1,3,7,355,0,1
1,1,0,4,1,14,3,1,12,2,1,4,1,3,0,200,0,1
1,1,0,4,1,13,8,1,12,2,1,4,1,3,7,282,0,1
1,1,1,5,1,22,6,1,4,2,1,5,1,3,7,267,0,1
1,1,1,5,1,11,7,1,13,2,1,2,1,3,0,146,0,1
1,1,0,5,1,16,11,1,12,1,1,3,1,0,0,138,0,1
1,1,0,4,1,11,3,2,12,2,1,1,1,0,0,89,0,1
0,1,1,6,1,14,11,1,4,2,1,3,1,3,11,58,1,0
0,2,1,4,1,13,9,1,12,2,1,2,1,3,7,230,0,1
1,1,0,4,1,11,6,1,13,2,1,2,1,0,0,72,0,1
1,1,0,4,1,13,11,2,13,1,1,2,1,0,0,64,0,1
1,1,0,6,1,13,6,2,13,2,1,5,1,3,0,133,0,1
1,1,1,5,1,10,6,2,13,2,1,5,1,3,7,367,0,1
1,1,0,4,1,14,11,1,12,2,1,3,1,3,0,193,0,1
1,1,0,4,1,11,1,2,12,2,1,2,1,3,7,326,0,1
1,1,0,4,1,14,11,2,6,2,1,3,1,3,7,324,0,1
1,1,0,4,1,13,6,2,13,2,1,2,1,3,7,276,0,1
1,1,1,6,1,13,8,2,2,2,1,3,1,3,7,145,0,1
1,2,1,6,1,11,1,1,13,2,1,2,1,3,7,172,0,1
0,1,0,4,1,10,6,1,4,2,2,4,1,3,11,130,1,0
1,1,0,4,1,11,11,1,13,2,1,0,1,3,7,299,0,1
1,1,1,5,1,13,8,1,13,2,1,4,1,0,0,163,0,1
1,1,0,4,1,0,3,2,10,2,1,0,1,3,7,218,0,1
1,1,1,6,1,16,7,1,13,2,1,2,1,3,7,264,0,1
1,1,1,5,1,13,1,2,12,2,1,0,1,0,0,33,0,1
1,1,0,4,1,13,8,2,6,2,1,0,1,0,0,85,0,1
1,1,1,4,1,13,11,1,12,2,1,6,1,3,7,251,0,1
1,1,1,4,1,13,11,1,13,2,1,2,1,0,0,69,0,1
1,1,0,4,1,1,1,1,13,2,1,6,1,0,0,6,0,1
1,1,0,4,1,13,7,2,6,2,1,2,1,3,7,155,0,1
1,1,0,4,1,14,1,1,13,2,1,2,1,0,0,87,0,1
1,1,1,5,1,11,7,1,13,2,1,4,1,3,0,234,0,1
1,1,1,5,1,11,3,2,12,2,1,2,1,3,7,263,0,1
1,1,0,4,1,14,1,1,4,2,1,4,1,3,6,92,0,0
1,1,1,5,1,16,6,2,2,2,1,1,1,3,7,313,0,1
1,1,1,6,1,14,3,1,12,2,3,1,1,3,7,119,1,0
1,1,1,6,1,0,3,1,12,2,1,2,1,0,0,30,0,0
0,2,0,4,1,14,11,1,12,2,1,1,1,3,6,338,0,0
1,1,1,5,1,11,1,2,13,2,1,0,1,3,0,231,0,1
1,1,1,4,1,10,11,1,12,2,1,0,1,3,0,134,0,1
1,1,0,4,1,1,11,1,12,1,1,1,1,0,0,92,0,1
1,1,1,5,1,13,7,2,4,1,1,3,1,3,7,273,0,1
1,1,0,6,1,13,8,2,9,2,1,0,1,3,7,239,0,1
1,1,0,4,1,4,11,2,9,2,1,1,1,0,0,168,0,1
1,1,1,5,1,2,8,2,13,1,2,1,1,0,0,211,0,1
1,1,0,4,1,10,11,2,6,2,1,0,1,3,7,277,0,1
1,1,0,4,1,1,6,1,12,2,1,2,1,3,0,202,0,1
1,1,0,6,1,14,8,1,10,2,1,1,1,3,7,185,0,0
1,1,1,4,1,14,11,1,10,1,1,3,1,3,7,261,0,0
1,1,1,5,1,11,1,2,4,2,1,2,1,3,7,190,0,1
1,1,1,5,1,13,8,2,12,2,1,3,1,0,0,173,0,1
1,1,0,6,1,13,3,2,12,1,1,0,1,0,0,89,0,1
1,1,0,4,1,16,11,2,12,2,1,0,1,3,7,245,0,1
1,1,0,4,1,13,11,2,12,2,1,1,1,3,7,253,0,1
1,1,1,6,1,0,7,1,2,2,1,4,1,3,7,144,0,0
1,1,1,4,1,13,11,1,12,2,1,1,1,3,6,288,0,1
1,1,0,4,1,11,11,1,4,2,1,5,1,3,7,238,0,1
1,1,0,4,1,13,11,2,4,1,1,2,1,3,7,294,0,1
1,1,1,5,1,10,6,1,13,2,1,4,1,3,7,137,0,1
1,1,0,4,1,13,11,1,12,2,1,1,1,0,0,23,0,0
1,1,0,4,1,13,6,2,13,2,1,1,1,0,4,156,0,1
1,1,0,4,1,16,7,1,13,2,1,1,1,0,0,94,0,1
1,1,0,4,1,13,7,2,10,2,1,1,1,3,7,354,0,1
1,1,1,4,1,13,9,2,10,1,1,0,1,3,7,336,0,1
0,1,0,4,1,11,11,1,13,2,1,2,1,3,7,316,0,1
1,1,1,6,1,11,11,2,12,2,1,1,1,0,0,58,0,1
0,1,0,4,1,16,6,2,12,2,1,0,1,3,6,200,0,1
1,1,0,4,1,13,11,2,13,1,1,3,1,3,0,284,0,1
1,1,1,5,1,16,6,2,13,1,1,4,1,3,7,254,0,1
0,1,0,4,1,13,8,2,12,2,1,4,1,3,0,186,0,1
1,1,0,4,1,13,8,2,12,2,1,3,1,3,11,171,0,1
1,1,0,4,1,13,11,2,6,1,1,3,1,0,0,20,0,1
0,1,0,4,1,10,11,1,10,2,1,2,1,4,6,134,0,1
1,1,1,4,1,13,3,1,13,2,1,3,1,3,7,103,0,1
1,1,1,4,1,13,3,1,12,2,1,1,1,0,0,70,0,1
1,1,1,4,1,10,5,1,12,2,1,1,1,3,7,227,0,0
1,1,0,4,1,13,11,1,13,2,1,7,1,3,11,182,0,1
1,1,0,4,1,14,1,1,6,1,1,2,1,3,3,212,0,0
1,1,0,6,1,2,11,2,13,2,1,1,1,3,7,236,0,1
1,1,1,5,1,0,11,1,12,2,1,2,1,3,0,81,1,0
1,1,1,6,1,11,6,1,4,2,1,4,1,3,7,229,0,0
1,1,0,4,1,13,7,1,13,1,1,3,1,0,0,18,0,1
1,1,1,5,1,13,3,1,12,2,1,3,1,0,0,94,0,1
1,1,1,5,1,16,6,2,4,2,1,4,1,3,7,217,0,1
1,1,0,4,1,16,7,1,12,2,1,3,1,3,7,106,0,1
1,1,0,4,1,10,1,1,13,2,1,4,1,3,0,140,0,1
1,1,0,4,1,13,3,2,10,2,1,4,1,3,7,285,0,1
1,1,1,5,1,16,6,2,4,2,1,3,1,3,11,138,0,0
1,1,1,6,1,13,6,1,10,2,1,3,1,3,7,192,0,1
1,1,0,6,1,14,6,1,4,2,1,4,1,3,0,81,0,1
1,1,1,6,1,16,3,1,10,2,1,2,1,3,6,120,0,1
1,1,0,6,1,4,11,1,10,2,2,2,1,3,6,175,0,1
1,1,1,6,1,10,11,1,12,2,1,0,1,0,0,34,0,1
1,1,0,4,1,1,1,1,12,2,1,1,1,0,0,133,0,1
1,1,1,5,1,16,11,2,12,2,1,1,1,3,7,302,0,1
0,1,1,5,1,11,6,1,12,2,2,4,1,3,0,65,0,0
1,1,1,5,1,11,3,2,9,2,2,1,1,3,7,214,0,1
1,1,1,5,1,11,6,1,13,2,1,4,1,3,7,219,0,1
1,1,1,5,1,11,7,1,13,2,1,2,1,3,0,97,0,1
0,1,1,6,1,13,9,1,10,2,1,3,1,0,7,123,0,1
1,2,1,5,1,16,6,1,10,2,1,1,1,3,7,271,0,1
1,1,1,6,1,13,7,1,10,2,1,2,1,3,7,234,0,0
1,2,0,4,1,1,3,2,12,1,1,1,1,0,0,170,0,1
1,1,1,4,1,16,5,2,10,1,1,2,1,0,0,200,0,1
1,2,0,4,1,13,1,1,13,2,1,0,1,0,0,119,0,1
1,1,1,5,1,16,6,1,10,2,1,3,1,3,7,194,0,1
1,1,1,5,1,13,1,1,13,1,1,2,1,0,0,111,0,1
0,1,0,4,1,13,11,2,10,2,2,2,1,3,6,186,0,1
1,1,0,6,1,13,6,1,10,2,1,3,1,3,7,177,0,0
0,1,1,6,1,13,1,1,12,2,1,4,1,0,0,51,0,0
1,1,0,4,1,16,11,1,10,2,1,4,1,3,11,120,0,1
1,1,0,4,1,14,11,2,4,2,1,0,1,3,7,146,0,1
1,1,1,5,1,2,3,2,12,1,1,2,1,0,0,98,0,1
1,2,1,5,1,13,8,2,13,2,1,3,1,0,0,45,0,1
1,1,0,4,1,13,11,1,13,2,1,2,1,0,0,98,0,1
1,1,1,5,1,13,9,2,9,1,1,1,1,3,7,366,0,1
0,1,1,5,1,13,3,1,4,2,2,2,1,0,7,73,0,0
1,1,1,4,1,13,6,2,12,2,1,6,1,3,0,152,0,1
1,1,0,4,1,13,1,1,12,2,1,4,1,3,7,190,0,1
1,1,1,6,1,13,6,2,0,2,1,3,1,3,7,339,0,1
1,1,1,5,1,16,3,1,10,2,1,4,1,3,7,135,0,1
1,1,1,5,1,16,6,2,13,1,1,6,1,3,0,183,0,1
1,1,0,4,1,13,11,1,12,2,1,4,1,0,0,71,0,1
1,2,1,5,1,11,2,2,13,1,1,1,1,0,0,45,0,1
1,1,0,4,1,2,6,2,9,2,2,2,1,3,7,184,1,1
1,1,0,4,1,13,11,1,12,2,1,2,1,0,0,8,0,1
1,1,1,5,1,0,11,1,13,2,1,2,1,3,7,175,0,0
1,1,1,5,1,11,6,1,4,2,1,5,1,3,7,170,0,1
1,1,0,4,1,13,11,2,13,1,1,4,1,3,3,188,0,1
1,1,1,5,1,14,1,1,13,1,1,2,1,3,7,277,0,1
1,1,1,4,1,13,3,1,4,2,1,2,1,3,11,119,0,0
1,1,0,4,1,15,6,1,13,2,1,3,1,3,6,275,0,1
1,2,0,4,1,11,6,1,13,2,1,2,1,0,0,10,0,1
1,1,0,4,1,14,6,2,12,2,1,4,1,3,7,190,0,1
1,1,0,4,1,4,7,1,10,2,1,3,1,3,7,283,0,1
1,1,1,5,1,14,7,1,4,2,1,3,1,3,7,229,0,1
1,1,0,4,1,10,11,1,13,2,1,4,1,3,6,247,0,1
1,1,1,5,1,13,3,1,10,1,1,2,1,0,0,86,0,1
0,1,1,5,1,10,11,1,4,2,1,2,1,3,7,241,0,1
1,1,1,5,1,10,5,1,12,2,1,0,1,3,6,175,0,1
1,1,0,4,1,2,6,2,13,2,2,0,1,3,7,365,0,1
1,1,0,4,1,14,6,1,12,2,1,2,1,3,7,208,0,1
0,1,1,6,1,11,6,2,4,1,1,4,1,3,7,287,0,1
1,1,0,4,1,16,6,1,12,2,1,7,1,0,0,0,0,1
1,2,1,5,1,16,7,1,13,1,1,1,1,0,0,88,0,1
1,1,0,4,1,13,3,1,10,1,1,2,1,0,0,59,0,1
0,1,0,4,1,14,6,1,4,2,1,0,1,3,7,208,0,0
1,2,1,4,1,11,1,1,12,2,1,2,1,3,0,184,0,1
1,1,0,4,1,13,7,2,10,2,1,5,1,0,0,107,0,1
1,1,1,5,1,10,11,2,13,2,1,3,1,0,0,52,0,1
1,1,1,4,1,11,1,1,13,2,1,2,1,3,7,284,0,1
1,1,0,6,1,1,6,2,12,2,1,4,1,3,7,180,0,1
1,1,0,4,1,14,6,1,4,2,1,0,1,3,7,265,0,1
0,1,0,4,1,13,11,2,4,2,1,5,1,3,7,347,0,0
1,1,0,4,1,13,11,1,12,1,1,1,1,0,0,111,0,1
1,1,0,4,1,1,11,2,9,2,1,0,1,3,7,335,0,1
1,1,1,5,1,14,8,1,13,2,1,3,1,3,0,158,0,1
1,1,0,4,1,16,11,2,10,2,1,3,1,3,7,313,0,1
1,1,1,4,1,13,9,1,9,2,1,2,1,0,0,157,0,1
1,1,0,4,1,14,3,1,10,2,1,0,1,3,7,228,0,0
1,1,1,5,1,11,6,1,4,2,1,2,1,3,7,338,0,1
1,1,0,5,1,16,6,1,10,2,1,1,1,3,7,344,0,1
0,1,0,4,1,11,6,1,12,2,1,3,1,3,6,220,0,1
1,1,0,4,1,13,5,1,6,2,1,6,1,3,0,133,0,1
1,1,1,5,1,14,7,1,10,2,1,3,1,3,7,274,0,1
1,1,1,4,1,13,1,1,13,2,1,0,1,3,0,142,0,1
1,1,0,4,1,14,11,2,12,2,1,1,1,3,7,286,0,1
1,1,0,4,1,14,1,2,12,1,1,4,1,0,0,81,0,1
1,1,0,4,1,11,1,1,12,2,1,2,1,3,7,356,0,1
0,2,1,5,1,11,3,1,12,2,1,2,1,3,7,224,0,1
1,1,0,4,1,4,11,2,13,2,1,5,1,0,0,121,0,1
1,1,0,4,1,0,11,1,12,2,1,2,1,3,11,133,1,0
1,1,1,5,1,11,6,2,13,1,1,2,1,3,7,309,0,1
1,1,0,4,1,11,7,1,13,2,1,1,1,0,0,113,0,1
1,1,0,4,1,0,7,1,6,2,1,3,1,3,11,89,0,1
1,1,0,4,1,0,3,1,12,2,1,0,1,3,6,148,0,0
1,1,1,5,1,11,2,2,9,2,1,3,1,3,0,160,0,1
1,1,0,4,1,11,7,1,9,2,1,0,1,3,7,271,0,1
1,1,0,4,1,14,9,2,13,2,1,1,1,0,7,133,0,1
1,1,0,4,1,16,8,1,10,1,1,0,1,3,6,226,0,1
1,1,1,5,1,13,7,2,12,2,1,4,1,3,0,113,0,1
1,1,0,4,1,16,11,1,4,2,2,1,1,3,7,245,0,1
1,2,0,4,1,0,3,1,4,2,1,2,1,0,0,87,0,1
1,2,1,4,1,11,7,1,10,2,1,2,1,3,7,224,0,1
0,1,1,6,1,11,11,1,13,2,1,1,1,0,0,45,0,1
1,1,1,5,1,13,1,1,12,1,1,1,1,3,7,191,0,1
1,1,1,5,1,11,10,1,13,1,1,3,1,3,0,285,0,1
1,1,0,4,1,4,11,1,2,1,1,1,1,3,6,288,0,1
0,1,0,6,1,0,3,1,13,2,1,2,1,0,11,106,2,0
1,1,1,6,1,16,6,1,10,2,1,4,1,0,0,89,0,1
0,1,1,5,1,2,3,2,13,2,1,2,1,3,7,175,0,1
1,1,0,4,1,13,9,1,12,2,1,1,1,0,0,49,0,1
1,1,1,5,1,10,11,1,10,2,1,3,1,3,7,286,0,1
1,2,0,4,1,11,7,1,13,2,1,0,1,0,0,46,0,1
1,1,0,4,1,14,3,1,4,2,1,3,1,3,7,172,0,1
1,1,0,4,1,11,7,1,2,2,1,0,1,3,6,195,0,0
1,1,1,5,1,11,11,1,13,1,2,2,1,3,0,193,0,1
1,1,0,4,1,11,1,1,4,2,1,1,1,3,7,265,0,1
1,2,1,5,1,16,3,1,12,2,1,3,1,0,0,80,0,1
1,2,1,5,1,16,7,1,13,2,1,1,1,3,0,111,0,1
1,2,1,5,1,11,11,1,12,2,1,2,1,3,6,246,0,1
1,1,1,5,1,11,7,1,12,2,1,3,1,3,6,201,0,1
1,1,0,4,1,13,3,1,10,2,1,0,1,3,7,247,0,1
1,1,1,5,1,0,6,1,13,2,1,2,1,3,5,154,0,1
1,1,1,6,1,14,5,2,13,2,1,1,1,0,0,51,1,0
1,1,1,5,1,11,11,1,12,1,1,3,1,0,0,14,0,1
1,2,1,5,1,0,6,2,13,2,1,1,1,3,7,288,0,1
1,1,1,5,1,11,6,2,13,2,1,2,1,3,7,221,0,1
1,1,1,4,1,16,1,1,12,2,1,2,1,3,7,210,0,1
1,1,1,5,1,0,11,1,4,2,1,2,1,3,11,139,1,0
1,1,1,5,1,14,7,1,12,2,1,4,1,3,11,191,0,1
1,1,1,5,1,2,6,1,13,2,2,1,1,3,7,317,0,1
1,1,0,4,1,11,11,2,13,2,1,0,1,3,6,190,0,1
1,1,0,4,1,13,3,2,12,2,1,2,1,0,0,119,0,1
1,1,0,4,1,13,3,2,9,2,1,1,1,0,0,18,0,1
1,1,1,5,1,13,9,1,13,2,1,2,1,0,0,9,0,1
1,1,1,5,1,16,5,2,13,2,1,1,1,3,7,263,0,1
1,1,0,4,1,16,1,1,10,1,1,3,1,0,0,142,0,1
1,2,1,5,1,11,6,2,12,2,2,2,1,3,7,269,0,1
1,1,1,5,1,16,7,2,12,2,1,1,1,0,0,57,0,1
0,1,0,6,1,13,8,2,6,1,1,3,1,0,0,73,0,1
1,1,0,4,1,11,2,2,13,2,1,4,1,3,7,333,0,1
1,1,0,4,1,13,1,1,13,2,1,3,1,0,0,188,0,1
1,1,0,4,1,16,2,1,12,2,1,2,1,0,0,93,0,1
1,1,0,4,1,14,7,2,4,2,1,4,1,3,6,225,0,1
1,1,1,5,1,13,8,2,13,2,2,0,1,3,7,277,0,1
1,1,1,4,1,0,10,1,1,2,1,2,1,3,11,16,1,0
1,1,0,4,1,14,8,2,6,2,1,1,1,3,0,147,0,1
1,1,0,5,1,13,1,1,13,1,1,4,1,0,0,93,0,1
1,1,0,4,1,4,11,1,13,1,1,1,1,3,0,91,0,1
1,1,0,4,1,1,6,2,9,2,1,0,1,3,0,131,0,1
1,1,1,4,1,14,1,2,12,2,1,2,1,3,7,370,0,1
1,1,1,5,1,13,11,1,9,2,1,2,1,3,0,260,0,1
1,1,0,4,1,2,3,2,9,2,1,3,1,3,7,254,0,1
1,1,0,4,1,10,5,2,6,2,1,0,1,0,3,56,1,1
1,1,0,4,1,0,11,2,4,2,1,3,1,0,0,35,0,1
1,1,0,4,1,13,8,2,12,1,1,2,1,3,7,271,0,1
1,1,0,4,1,16,6,1,10,2,1,3,1,3,7,246,0,1
0,1,1,6,1,13,8,2,10,2,1,0,1,3,7,275,0,1
1,1,1,6,1,13,9,2,12,2,1,5,1,0,0,61,0,1
1,1,0,4,1,13,1,2,10,1,1,0,1,3,7,295,0,1
1,1,1,5,1,13,8,2,13,2,1,3,1,3,7,59,1,0
1,1,1,5,1,13,4,1,13,1,1,3,1,0,0,20,0,1
1,1,1,5,1,11,7,1,9,2,1,2,1,0,0,92,0,1
1,1,1,5,1,11,1,1,13,2,2,1,1,3,6,254,0,1
1,1,1,4,1,11,3,1,12,2,1,2,1,0,0,55,0,1
1,1,1,5,1,13,1,1,10,2,1,4,1,3,6,153,0,1
0,1,1,5,1,16,7,1,10,2,2,2,1,3,6,192,0,1
1,1,1,5,1,16,11,1,13,2,1,2,1,3,7,366,0,1
1,1,0,6,1,13,8,1,13,2,2,1,1,3,7,143,1,0
1,1,0,4,1,14,6,2,12,2,1,2,1,3,6,289,0,1
1,2,0,4,1,14,11,1,10,2,1,3,1,0,0,94,0,1
1,2,1,5,1,11,6,2,9,2,1,1,1,3,7,378,0,1
1,1,1,6,1,11,6,1,13,1,1,1,1,3,7,350,0,1
0,1,0,6,1,1,6,2,10,1,2,2,1,3,0,225,0,1
1,1,1,4,1,16,5,1,10,2,2,2,1,3,7,223,1,1
1,1,0,4,1,13,3,2,10,2,1,4,1,0,0,161,0,1
1,1,1,5,1,16,11,1,12,2,1,4,1,0,0,41,1,1
1,1,0,4,1,13,6,2,10,2,1,3,1,3,11,203,0,1
1,1,1,5,1,13,5,1,12,2,1,0,1,3,7,196,0,1
1,1,0,4,1,13,11,1,13,2,1,1,1,3,0,140,0,1
1,1,0,4,1,13,6,1,13,2,1,4,1,0,0,190,0,1
1,1,0,4,1,13,3,2,12,2,1,2,1,0,0,208,0,1
1,1,1,5,1,11,7,1,13,1,1,3,1,0,0,178,0,1
1,1,0,4,1,11,7,1,13,2,1,3,1,3,7,359,0,1
1,1,0,4,1,14,7,2,10,2,1,5,1,0,4,138,0,1
1,1,1,5,1,16,3,1,4,2,1,3,1,3,11,76,2,0
1,1,0,4,1,11,3,1,13,2,1,3,1,3,6,259,0,1
1,1,1,5,1,11,1,1,13,2,1,5,1,3,7,240,0,1
1,1,0,4,1,10,6,2,9,2,1,2,1,0,0,44,0,1
1,1,0,6,1,13,11,1,13,2,1,2,1,0,0,105,0,1
1,1,0,4,1,13,11,2,13,2,1,3,1,3,0,237,0,1
1,1,0,4,1,1,11,2,12,1,1,1,1,0,0,58,0,1
1,2,1,5,1,11,6,2,13,1,1,3,1,3,7,165,0,1
1,1,1,5,1,13,11,2,13,1,1,3,1,3,7,291,0,1
1,1,1,4,1,14,7,1,10,2,1,4,1,3,7,349,0,1
1,1,1,4,1,0,1,1,13,2,1,0,1,3,7,124,0,0
1,1,0,4,1,2,7,1,10,1,1,0,1,3,7,317,0,1
1,1,0,4,1,16,10,1,10,1,1,2,1,3,0,248,0,1
1,1,1,5,1,16,6,2,13,1,1,5,1,3,0,179,0,1
1,1,1,5,1,13,3,1,13,2,1,4,1,3,7,273,0,1
1,1,1,6,1,11,7,1,13,2,1,0,1,3,7,308,0,1
1,1,0,4,1,13,10,1,13,2,1,3,1,0,0,192,0,1
1,1,1,5,1,13,3,1,12,2,2,3,1,0,0,50,0,1
1,1,0,4,1,14,11,1,10,2,1,2,1,3,6,269,0,1
1,1,0,4,1,11,3,1,13,2,1,0,1,3,7,214,0,1
1,1,1,5,1,11,11,1,12,1,1,2,1,3,7,304,0,1
1,1,0,4,1,13,6,2,13,2,1,1,1,3,7,185,0,1
1,1,0,4,1,10,11,2,10,1,2,0,1,3,6,243,0,1
1,1,1,5,1,13,1,1,12,2,1,3,1,0,0,7,0,1
1,2,1,5,1,16,8,1,4,2,1,0,1,0,7,44,0,0
1,1,0,6,1,0,6,1,13,2,1,0,1,3,5,135,0,1
1,1,0,4,1,13,5,1,12,2,1,2,1,3,0,165,0,1
1,1,0,4,1,1,2,2,9,1,1,0,1,3,0,172,0,1
1,1,0,4,1,11,11,2,12,1,1,0,1,3,7,273,0,1
1,1,1,4,1,16,11,2,10,2,1,1,1,3,7,177,0,0
1,1,0,4,1,10,5,2,13,2,1,1,1,3,7,234,0,1
1,1,0,4,1,14,6,2,12,1,1,0,1,0,0,207,0,1
1,2,0,4,1,14,6,2,4,2,1,4,1,3,7,377,0,1
1,1,1,5,1,11,11,2,13,2,1,4,1,3,7,236,0,1
1,1,0,4,1,4,3,1,13,1,1,2,1,0,0,60,0,1
1,1,1,5,1,11,11,2,13,2,1,3,1,3,0,174,0,1
1,1,1,6,1,16,8,2,10,2,2,2,0,3,7,121,0,0
1,2,0,4,1,16,9,1,13,2,1,0,1,3,7,278,0,1
1,1,1,5,1,13,4,1,10,2,1,4,1,0,6,51,0,0
1,2,1,4,1,11,7,1,10,2,1,0,1,0,0,116,0,1
1,2,0,4,1,16,7,1,13,1,1,0,1,0,0,11,0,1
1,1,1,5,1,13,5,1,13,2,1,4,1,0,0,55,0,1
1,1,0,5,1,13,5,2,13,2,1,5,1,0,0,29,0,1
1,2,1,5,1,13,3,1,12,1,1,1,1,0,0,150,0,1
1,1,0,4,1,11,1,1,13,2,1,1,1,0,0,223,0,1
1,1,0,4,1,1,11,2,4,2,1,4,1,3,7,260,0,1
1,1,0,4,1,4,6,1,13,2,1,3,1,3,11,174,0,1
1,1,1,5,1,16,11,1,13,2,1,2,1,3,7,255,0,1
0,1,1,6,1,13,5,1,13,2,1,5,1,3,7,234,0,1
0,1,1,5,1,16,7,2,4,2,1,6,1,3,7,154,0,1
1,1,1,5,1,11,6,2,10,2,2,0,1,3,7,230,0,1
1,1,0,4,1,16,3,1,10,2,1,3,1,3,0,179,0,1
0,2,0,4,1,2,3,2,10,2,1,3,1,3,7,212,0,1
0,1,1,5,1,13,7,1,13,2,1,0,1,0,0,28,0,1
1,1,1,4,1,16,1,1,10,2,1,1,1,0,0,112,0,1
1,1,1,5,1,13,8,2,3,1,1,2,1,0,6,227,0,1
1,2,0,4,1,14,2,2,12,2,1,4,1,3,7,287,0,1
1,1,0,4,1,13,7,1,12,2,1,4,1,0,0,163,0,1
1,1,1,4,1,10,11,2,13,2,1,1,1,3,7,296,0,0
1,1,0,4,1,14,11,2,12,2,1,2,1,3,7,288,0,1
1,2,0,4,1,13,11,1,13,2,1,1,1,3,0,220,0,1
1,1,1,5,1,11,3,1,4,1,1,2,1,3,7,298,0,1
1,1,0,4,1,13,2,2,13,2,1,3,1,0,0,157,0,1
1,1,0,4,1,11,6,1,10,1,1,1,1,3,7,320,0,1
1,1,0,4,1,13,8,1,12,1,1,2,1,3,6,213,0,1
1,1,0,4,1,14,1,1,13,1,1,3,1,3,0,191,0,1
1,1,1,5,1,11,11,2,4,2,1,2,1,3,7,231,0,1
1,1,1,5,1,13,9,1,10,2,2,3,1,3,0,31,0,1
1,1,1,4,1,13,11,2,12,1,1,2,1,0,0,169,0,1
1,1,1,5,1,13,5,2,13,1,1,2,1,0,0,80,0,1
1,2,1,4,1,13,7,1,10,2,1,1,1,3,7,268,0,1
1,1,0,4,1,13,8,1,13,2,1,3,1,0,0,156,0,1
1,1,0,4,1,1,11,2,13,2,1,4,1,0,0,173,0,1
1,1,1,5,1,10,1,1,12,2,2,1,1,3,0,81,0,0
1,1,0,4,1,0,11,1,4,2,1,2,1,3,11,100,0,1
1,1,1,6,1,16,6,1,4,2,1,2,1,3,7,154,2,0
1,1,0,4,1,14,1,1,10,2,1,2,1,3,0,96,0,1
1,1,0,4,1,13,7,1,13,2,1,5,1,0,0,12,0,1
1,1,0,4,1,13,11,1,12,1,1,1,1,3,0,274,0,1
1,1,1,5,1,11,11,1,13,2,1,3,1,3,0,53,0,0
1,1,0,4,1,2,11,1,13,2,1,1,1,3,7,246,0,1
1,2,0,4,1,16,8,2,12,2,1,2,1,0,0,43,0,1
1,1,0,4,1,16,11,2,12,2,1,0,1,3,5,200,0,1
1,1,0,4,1,0,11,1,13,2,1,4,1,3,11,86,1,1
1,1,1,4,1,13,11,1,12,2,1,2,1,3,0,182,0,1
1,1,0,6,1,11,1,2,13,2,1,2,1,0,0,150,0,1
1,1,0,6,1,16,7,1,4,2,1,1,1,3,0,62,0,0
1,1,1,5,1,10,6,2,13,2,1,0,1,0,0,98,0,1
1,1,0,4,1,13,11,1,13,2,1,2,1,0,0,132,0,1
1,1,0,4,1,13,3,2,13,1,1,0,1,0,0,22,0,1
1,1,1,5,1,13,3,2,12,2,1,5,1,3,7,263,0,1
1,2,1,5,1,16,8,1,12,2,1,4,1,0,0,133,0,1
0,2,1,7,1,11,7,1,13,2,1,3,1,3,7,221,0,1
1,1,0,4,1,1,6,1,10,2,1,2,1,3,7,267,0,1
1,1,0,4,1,11,11,1,4,2,1,1,1,0,0,64,0,1
1,1,0,4,1,1,11,1,13,2,1,2,1,3,0,147,0,1
1,1,0,4,1,14,1,2,4,2,1,0,1,3,7,218,0,1
0,1,0,4,1,13,3,1,13,2,1,1,1,3,7,346,0,1
1,1,0,4,1,14,1,1,4,2,1,2,1,3,11,87,0,0
1,1,0,6,1,1,11,1,12,1,1,1,1,0,0,198,0,1
1,1,0,4,1,13,3,2,12,2,1,5,1,0,6,142,0,1
1,2,0,4,1,11,11,2,10,2,1,3,1,0,0,154,0,1
1,1,0,4,1,13,1,1,4,2,1,7,1,3,0,108,0,1
0,1,0,4,1,10,11,1,10,2,1,3,1,3,7,311,0,1
1,2,0,4,1,11,6,1,12,2,1,5,1,0,0,17,0,1
1,1,1,5,1,16,7,1,10,2,1,3,1,3,7,238,0,1
1,1,1,5,1,16,6,1,4,2,1,4,1,3,7,184,0,1
1,1,1,4,1,13,7,1,13,2,1,0,1,3,6,168,0,1
1,1,1,4,1,13,8,2,6,2,1,2,1,3,7,231,0,1
1,1,1,4,1,13,11,2,12,1,1,2,1,0,0,42,0,1
1,1,1,1,1,11,3,1,4,1,2,1,1,3,7,128,0,1
1,1,1,5,1,22,2,2,13,1,1,3,1,0,0,16,0,1
1,1,1,5,1,2,4,1,13,1,1,1,1,3,7,166,0,1
0,1,0,4,1,13,3,1,10,2,1,2,1,3,0,85,0,1
1,1,0,4,1,13,8,1,12,2,1,0,1,3,0,93,0,0
1,1,0,4,1,1,10,1,13,2,1,5,1,3,11,57,0,1
1,1,0,4,1,13,11,1,10,2,1,2,1,0,0,113,0,1
1,1,1,5,1,13,1,1,13,1,1,5,1,0,0,152,0,1
1,1,0,4,1,14,7,2,4,1,1,1,1,3,7,226,0,1
1,1,1,5,1,16,1,2,6,2,1,4,1,3,0,203,0,1
1,1,1,5,1,10,1,2,10,2,1,2,1,0,0,87,0,1
1,1,1,5,1,11,9,2,13,2,1,2,1,3,7,341,0,1
0,1,0,4,1,13,2,1,12,2,1,2,1,0,0,13,0,1
1,2,0,4,1,16,2,1,12,1,1,3,1,3,0,138,0,1
1,1,1,6,1,16,7,1,13,2,1,4,1,3,0,206,0,1
1,1,1,5,1,14,1,1,12,2,1,0,1,3,7,241,0,0
1,2,1,5,1,14,1,2,13,2,1,1,1,0,0,171,0,1
1,1,1,5,1,13,3,1,13,2,1,2,1,3,7,262,0,1
1,2,0,4,1,13,6,1,12,2,1,2,1,3,0,73,0,1
1,1,1,5,1,16,1,1,12,1,1,1,1,0,0,97,0,1
0,1,1,5,1,2,3,2,12,2,1,2,1,3,7,294,0,1
1,1,0,4,1,11,11,2,12,2,1,0,1,3,8,321,0,1
1,2,1,5,1,11,1,2,4,2,1,2,1,3,7,338,0,1
1,1,1,6,1,14,11,1,12,2,1,2,1,3,0,83,0,0
0,1,0,4,1,13,7,2,13,1,1,1,1,0,0,162,0,1
0,1,0,6,1,13,8,2,13,1,1,2,1,0,0,26,0,1
1,1,0,4,1,13,11,2,12,2,1,1,1,3,6,263,0,1
1,1,1,5,1,16,6,1,13,2,1,3,1,0,11,5,1,0
1,2,1,5,1,13,1,1,12,1,1,0,1,3,7,362,0,1
1,1,1,5,1,0,7,1,13,2,1,2,1,3,0,105,0,1
1,1,0,4,1,14,1,1,13,2,1,3,1,3,11,140,0,0
1,1,1,4,1,16,11,2,12,2,1,1,1,3,7,140,0,0
1,1,1,6,1,13,6,1,10,2,1,5,1,3,11,176,0,0
1,1,0,4,1,4,7,2,7,2,1,6,1,3,7,292,0,1
1,1,1,5,1,10,1,2,13,2,1,3,1,0,7,204,0,1
1,1,1,6,1,14,6,2,13,2,1,7,1,0,0,93,0,1
1,1,0,4,1,1,2,2,12,1,1,2,1,0,0,16,0,1
1,1,0,4,1,1,6,2,13,2,1,3,1,0,0,124,0,1
1,1,0,4,1,1,6,1,9,1,1,2,1,3,6,160,0,1
1,1,1,4,1,4,7,2,13,1,1,3,1,3,8,310,0,1
1,1,1,5,1,14,5,2,6,2,1,3,1,3,7,153,0,1
1,1,0,4,1,14,5,2,12,2,1,2,1,0,0,74,0,1
0,1,1,6,1,10,6,1,10,2,3,4,1,3,7,87,0,0
1,1,0,4,1,13,7,1,12,1,1,4,1,0,0,114,0,1
1,2,0,6,1,13,8,1,12,2,1,0,1,0,0,40,0,1
1,1,1,5,1,11,7,1,12,1,2,1,1,0,0,33,1,0
1,1,1,6,1,11,5,2,4,1,1,1,1,3,0,170,0,1
1,2,0,4,1,13,3,2,12,2,1,1,1,3,7,284,0,1
1,1,1,5,1,11,6,2,13,2,1,5,1,0,0,170,0,1
1,1,1,5,1,16,9,1,2,2,1,2,1,3,7,177,0,1
1,1,0,4,1,11,6,1,13,2,1,3,1,3,6,336,0,1
1,1,1,6,1,14,3,2,12,2,1,3,1,3,7,204,0,1
1,1,0,4,1,4,9,2,13,1,1,0,1,0,0,52,0,1
1,1,0,6,1,10,11,2,10,2,1,2,1,3,0,121,0,1
1,1,0,4,1,0,11,1,13,2,1,2,1,3,0,117,0,1
1,1,0,4,1,0,11,1,13,2,1,4,1,3,11,51,1,0
0,1,0,4,1,13,3,2,6,2,1,1,1,0,0,29,0,1
1,1,0,4,1,11,7,1,12,1,1,3,1,3,6,252,0,1
1,1,1,6,1,0,6,1,12,2,1,3,1,3,7,107,0,0
1,1,1,5,1,10,6,1,12,1,2,2,1,3,7,203,0,0
1,2,1,4,1,16,6,2,13,1,1,3,1,0,0,189,0,1
1,1,1,5,1,16,11,1,10,2,2,0,1,3,7,286,0,0
1,1,1,5,1,10,11,1,13,1,1,1,1,0,0,136,0,1
1,1,0,4,1,11,1,1,13,1,1,2,1,3,7,311,0,1
1,1,0,4,1,10,11,1,13,1,1,5,1,0,0,37,0,1
1,1,1,5,1,13,7,1,13,1,1,3,1,0,0,97,0,1
1,1,0,4,1,1,3,2,12,1,1,2,1,0,0,96,0,1
0,1,0,4,1,13,7,1,2,1,1,3,1,0,0,105,0,1
1,1,0,4,1,13,12,1,2,2,1,4,1,0,0,138,0,1
1,1,0,4,1,1,6,1,10,2,1,6,1,3,0,90,0,1
1,1,1,4,1,14,1,1,12,2,1,2,1,3,7,264,0,1
1,1,0,4,1,13,11,1,13,1,1,3,1,3,0,343,0,1
1,1,0,4,1,14,11,2,4,1,1,2,1,0,0,160,0,1
1,1,0,4,1,13,3,1,13,2,1,4,1,0,0,108,0,1
1,1,1,5,1,0,11,1,13,2,1,2,1,3,7,148,1,1
1,1,1,4,1,11,11,1,13,2,1,3,1,3,6,142,0,1
1,1,0,5,1,16,8,2,12,2,1,2,1,0,0,13,0,1
1,1,1,5,1,11,8,2,13,2,1,1,1,0,0,3,0,1
1,1,0,6,1,13,11,1,10,2,2,1,1,3,7,212,0,1
1,1,1,4,1,16,7,1,12,1,1,2,1,0,0,165,0,1
1,1,0,4,1,0,8,1,13,2,1,1,1,3,0,105,0,1
1,1,1,5,1,14,7,1,4,1,1,4,1,0,0,118,0,1
1,1,0,4,1,7,11,1,12,2,1,3,1,0,0,107,0,1
1,1,0,4,1,16,11,1,13,2,1,3,1,3,0,146,0,1
1,1,0,4,1,11,6,1,13,2,1,5,1,3,7,265,0,0
1,1,0,4,1,14,11,2,4,2,1,2,1,3,7,224,0,1
1,1,1,5,1,10,6,2,13,2,1,4,1,0,0,138,0,1
1,1,0,4,1,13,3,1,12,2,1,2,1,3,0,112,0,0
0,1,0,4,1,1,6,1,13,2,1,3,1,3,6,149,0,0
0,1,0,4,1,13,11,1,10,1,1,3,1,0,0,109,0,1
1,1,1,5,1,16,7,1,13,2,1,4,1,0,0,82,0,1
1,1,1,4,1,16,6,1,13,1,1,0,1,0,0,142,0,1
1,1,0,4,1,13,6,2,9,2,1,1,1,3,6,285,0,1
1,1,1,5,1,9,11,2,12,1,1,3,1,0,0,182,0,1
1,1,1,5,1,13,3,1,10,2,1,3,1,3,7,208,0,1
1,1,1,6,1,4,1,2,4,2,1,2,1,3,0,110,0,1
1,1,0,4,1,4,11,2,12,2,1,2,1,3,6,171,0,1
1,1,1,5,1,10,9,1,12,2,1,2,1,0,0,100,0,1
1,1,0,4,1,14,8,2,12,2,1,3,1,3,0,117,0,1
1,1,0,4,1,1,6,2,4,2,1,5,1,3,7,267,0,1
0,1,0,6,1,2,6,2,4,2,1,4,1,3,7,242,0,1
1,2,1,5,1,11,1,1,13,2,1,1,1,0,0,94,0,1
1,1,0,4,1,0,6,1,12,2,1,0,1,3,7,201,0,1
1,1,0,4,1,10,3,2,10,2,1,3,1,3,0,154,0,1
1,2,1,5,1,2,6,1,2,2,1,4,1,3,7,329,0,1
1,1,0,4,1,14,4,2,9,1,1,0,1,0,0,106,0,1
1,1,0,4,1,16,8,2,12,2,1,3,1,0,0,53,0,1
1,1,0,5,1,0,1,1,12,2,1,3,1,3,0,94,0,1
1,1,0,4,1,13,6,2,13,2,1,3,1,3,7,361,0,1
0,2,0,4,1,11,1,1,13,2,1,0,1,3,7,287,0,1
1,1,1,5,1,16,11,1,13,1,1,2,1,0,0,48,0,1
1,1,0,4,1,11,11,2,13,2,1,6,1,3,0,116,0,1
1,1,1,5,1,11,6,1,9,2,2,0,1,3,0,96,3,1
1,1,0,4,1,13,3,2,13,1,1,1,1,0,0,71,0,1
1,1,0,4,1,13,5,2,6,2,1,3,1,0,0,58,0,1
1,2,0,5,1,13,1,2,13,2,1,4,1,0,0,46,0,1
1,1,0,5,1,12,6,1,9,1,1,5,1,3,0,280,0,1
1,1,1,5,1,16,7,1,13,1,1,2,1,0,11,33,1,1
1,1,0,4,1,0,6,2,10,2,1,3,1,3,6,44,0,0
1,1,1,5,1,13,8,2,12,2,1,0,1,0,0,51,0,1
1,1,1,4,1,13,6,2,13,2,1,1,1,3,0,175,0,1
1,1,0,4,1,16,8,1,10,1,1,0,1,0,0,135,0,1
1,1,1,5,1,11,3,2,13,2,1,1,1,0,0,119,0,1
1,1,0,4,1,0,3,1,13,2,2,0,1,0,11,10,2,0
1,1,0,6,1,13,11,1,12,2,2,3,1,3,7,119,1,0
1,1,0,6,1,13,11,1,12,1,1,0,1,3,0,117,0,1
1,2,0,4,1,11,7,1,12,2,1,1,1,3,0,100,0,1
1,1,0,4,1,11,11,1,12,1,1,0,1,3,0,226,0,1
0,1,1,6,1,0,6,1,4,2,1,0,1,3,0,47,2,0
1,1,1,5,1,16,6,1,13,2,1,5,1,3,7,179,0,1
1,1,1,5,1,13,3,2,13,2,1,0,1,3,7,244,0,1
1,1,0,6,1,0,6,2,13,2,1,2,1,0,0,82,0,1
1,1,0,4,1,10,3,2,9,2,1,3,1,0,0,134,0,1
1,1,1,5,1,13,9,2,9,2,1,3,1,0,0,187,0,1
1,2,1,2,1,11,7,1,4,2,2,1,1,3,7,266,0,1
1,1,1,5,1,11,1,2,13,1,1,4,1,3,7,244,0,1
1,1,1,5,1,16,11,1,12,2,1,5,1,3,0,129,0,1
1,1,1,5,1,5,7,2,13,1,1,5,1,0,0,95,0,1
1,1,1,1,1,16,11,1,12,2,2,2,1,3,0,44,0,1
1,1,1,5,1,0,11,1,13,2,1,4,1,3,7,135,1,0
1,1,1,5,1,11,11,1,13,2,1,3,1,3,7,131,1,0
1,1,1,5,1,22,1,2,13,2,1,3,1,3,7,258,0,1
1,2,1,6,1,16,2,2,12,1,1,2,1,3,8,252,0,1
1,1,0,4,1,13,7,1,2,2,1,3,1,3,7,283,0,1
1,1,0,4,1,2,6,2,13,1,1,3,1,0,0,164,0,1
1,1,1,5,1,16,8,2,13,2,1,4,1,0,0,74,0,1
0,1,0,4,1,13,3,1,13,2,1,1,1,0,0,57,0,1
1,2,1,5,1,0,1,1,13,2,1,1,1,0,0,93,0,1
1,1,1,4,1,14,5,1,9,2,1,4,1,3,7,191,0,1
1,1,1,6,1,14,6,2,12,2,1,4,1,3,7,219,0,1
1,1,0,4,1,13,10,2,13,1,1,3,1,0,0,172,0,1
1,1,0,4,1,13,11,2,12,2,1,2,1,3,6,189,0,1
1,1,1,5,1,0,11,2,13,2,1,0,1,3,0,86,1,0
1,1,1,4,1,2,1,1,12,1,1,1,1,3,6,243,0,1
1,1,0,4,1,14,11,1,12,2,1,5,1,0,0,93,0,1
0,2,1,6,1,16,6,1,4,2,1,0,1,3,7,247,0,1
1,1,0,4,1,14,1,2,12,2,1,3,1,3,0,131,0,1
1,1,1,4,1,13,6,1,12,2,1,3,1,3,11,191,0,1
1,1,1,5,1,13,1,2,12,2,2,3,1,3,7,278,0,1
1,1,1,5,1,11,7,1,4,2,2,5,1,3,7,305,0,1
0,1,0,4,1,14,3,1,12,2,1,3,1,3,6,286,0,1
1,1,1,4,1,14,1,1,10,2,1,0,1,3,7,357,0,1
1,2,1,5,1,11,6,1,12,2,1,1,1,3,7,218,0,1
1,2,1,5,1,11,3,1,12,1,1,1,1,0,0,154,0,1
1,1,1,5,1,13,9,2,12,2,1,3,1,0,0,16,0,1
1,1,0,4,1,4,7,1,7,2,1,4,1,3,11,147,0,0
1,1,1,5,1,16,10,1,12,1,1,0,1,3,7,276,0,1
1,2,1,5,1,11,6,1,12,2,1,2,1,3,0,79,0,0
1,1,0,6,1,13,3,1,12,2,1,4,1,0,0,41,0,1
1,1,0,4,1,14,1,2,4,2,1,4,1,0,0,20,0,1
1,2,1,5,1,13,1,1,12,2,1,1,1,0,0,155,0,1
1,2,0,4,1,14,6,2,12,2,1,0,1,3,7,233,0,1
1,1,0,4,1,13,1,2,6,2,1,2,1,3,7,344,0,1
1,1,0,4,1,11,1,1,12,2,1,2,1,3,0,168,0,1
0,1,1,6,1,0,5,1,6,2,1,1,0,3,7,98,1,0
1,1,1,5,1,10,11,1,13,2,2,0,1,0,0,40,0,1
1,1,0,4,1,11,6,1,13,2,1,5,1,3,7,325,0,1
1,1,0,4,1,13,1,1,13,2,1,0,1,3,7,364,0,1
1,1,0,4,1,16,2,1,13,1,1,6,1,0,0,224,0,1
1,2,0,4,1,13,7,1,13,2,1,2,1,3,7,311,0,1
1,1,1,5,1,14,6,1,2,2,1,7,1,3,7,231,0,1
1,1,0,6,1,11,3,1,10,2,1,2,1,3,7,321,0,1
1,1,0,4,1,16,6,2,13,1,1,2,1,0,0,112,0,1
1,1,0,6,1,0,8,2,13,2,1,1,1,3,5,197,0,1
1,1,0,4,1,16,6,1,12,2,1,5,1,0,0,73,0,1
1,1,1,5,1,11,11,1,13,2,1,4,1,3,7,277,0,1
1,1,1,5,1,13,4,2,9,2,1,4,1,0,0,69,0,1
1,1,0,4,1,11,11,1,13,2,1,1,1,0,0,40,0,1
1,2,1,5,1,10,8,1,13,1,1,2,1,3,7,354,0,1
1,1,0,6,1,4,11,1,13,2,2,4,1,3,0,95,1,1
1,1,1,7,1,11,6,1,4,2,2,1,1,3,7,169,1,0
1,1,1,5,1,13,4,2,4,2,1,5,1,3,0,112,0,0
1,1,0,4,1,11,7,2,13,2,1,3,1,3,7,293,0,1
1,1,1,5,1,13,11,1,4,2,1,3,1,3,7,258,0,1
1,1,0,4,1,0,6,2,10,2,1,3,1,3,7,196,0,0
1,1,1,4,1,2,11,1,13,2,1,3,1,3,7,258,0,1
1,1,0,4,1,14,7,2,10,2,1,3,1,3,7,280,0,1
0,2,1,4,1,16,6,1,2,2,1,2,1,0,0,47,0,0
0,2,1,5,1,11,1,1,12,1,1,1,1,3,7,146,0,1
0,1,1,6,1,16,1,1,10,2,1,3,1,0,0,111,0,1
0,1,0,4,1,14,11,2,4,1,1,3,1,3,6,199,0,0
1,1,0,4,1,2,1,1,10,2,1,2,1,3,7,322,0,1
0,2,1,6,1,11,3,1,2,2,1,3,1,3,7,215,0,1
1,1,1,5,1,2,9,1,7,2,1,3,1,0,7,93,0,1
1,1,0,4,1,1,9,1,13,1,1,0,1,0,0,81,0,1
1,1,1,5,1,13,11,1,13,2,1,6,1,3,7,260,0,1
1,1,0,4,1,13,3,2,9,2,1,3,1,0,7,200,0,1
1,1,0,4,1,14,6,2,13,2,1,6,1,3,11,169,0,1
1,1,1,4,1,13,3,2,12,1,1,1,1,3,7,315,0,1
1,1,0,6,1,10,5,2,13,2,1,0,1,0,0,8,0,1
1,1,0,4,1,4,11,2,4,2,1,2,1,3,7,205,0,1
1,1,0,4,1,4,11,2,12,2,1,2,1,0,0,59,0,1
1,1,0,4,1,14,6,1,12,2,1,2,1,3,7,216,0,1
1,1,0,4,1,13,3,1,12,2,1,0,1,3,0,193,0,1
1,2,0,4,1,14,10,2,13,2,1,4,1,3,0,161,0,1
1,1,1,5,1,7,11,2,13,1,2,0,1,3,7,264,0,1
1,1,0,4,1,10,6,1,12,2,1,2,1,3,0,137,0,0
1,1,1,5,1,13,7,1,13,2,1,5,1,0,0,185,0,1
1,1,0,4,1,4,5,1,13,2,1,5,1,0,0,30,0,1
1,1,1,5,1,13,11,2,13,1,1,2,1,0,0,109,0,1
1,1,0,4,1,16,7,2,10,1,1,0,1,3,7,264,0,1
1,1,0,4,1,13,1,2,13,2,1,3,1,3,7,212,0,1
1,1,0,4,1,13,1,1,12,2,1,2,1,3,6,339,0,1
1,1,1,1,1,14,6,1,12,2,1,3,1,3,11,127,1,0
1,1,1,5,1,13,10,2,12,1,1,3,1,4,0,188,0,1
1,1,1,5,1,2,11,1,13,2,1,0,1,3,7,212,0,1
1,1,0,4,1,16,6,2,4,1,1,3,1,3,7,323,0,1
1,1,0,4,1,13,11,1,13,1,1,0,1,3,0,286,0,1
1,2,0,4,1,11,6,2,10,2,1,6,1,4,0,188,0,1
1,1,0,6,1,15,6,1,12,2,1,4,1,3,7,376,0,1
1,1,0,6,1,13,6,1,6,1,1,4,1,0,0,66,0,1
0,1,0,6,1,13,7,2,10,2,1,1,1,0,0,151,0,1
1,1,1,5,1,16,6,2,4,2,1,6,1,3,7,265,0,1
1,1,1,6,1,16,6,1,4,2,1,0,1,3,7,318,0,1
1,1,1,5,1,16,12,1,13,1,1,3,1,3,7,203,0,1
1,1,0,4,1,4,6,2,13,1,1,2,1,0,0,42,0,1
1,1,1,4,1,13,8,1,13,2,1,3,1,3,0,115,0,1
1,1,0,4,1,15,11,1,13,1,1,0,1,3,0,160,0,1
1,1,0,4,1,11,1,1,13,2,1,0,1,3,0,131,0,1
1,1,1,5,1,10,11,2,13,1,1,1,1,3,6,286,0,1
1,1,1,5,1,16,9,1,10,2,1,1,1,0,0,89,0,1
1,1,1,4,1,13,8,2,13,2,1,1,1,0,0,162,0,1
0,1,0,6,1,13,3,2,10,2,1,0,0,3,7,150,0,0
1,1,0,6,1,14,1,1,4,2,1,3,1,3,11,133,1,0
1,2,1,5,1,16,2,1,4,1,1,3,1,0,0,21,0,1
1,1,0,4,1,10,5,2,12,2,1,1,1,3,0,97,0,1
1,1,0,6,1,13,3,1,10,2,1,1,1,0,0,46,0,1
1,1,1,4,1,13,8,2,12,2,1,2,1,0,0,19,0,1
1,1,0,4,1,13,11,2,13,2,1,1,1,0,0,122,0,1
1,1,1,5,1,2,1,1,13,2,1,4,1,3,7,371,0,1
1,1,0,4,1,1,11,1,10,1,1,1,1,0,0,258,0,1
1,1,0,4,1,14,5,2,4,2,1,3,1,3,7,322,0,1
1,1,0,4,1,14,1,2,9,1,1,2,1,3,0,189,0,1
0,2,0,6,1,13,6,1,10,2,1,4,1,3,2,159,0,1
1,1,1,5,1,11,1,1,12,2,2,4,1,3,7,261,0,1
1,1,1,6,1,16,6,1,12,2,1,6,1,3,6,175,0,1
0,1,0,4,1,16,6,1,10,2,1,4,1,3,7,334,0,1
1,1,0,4,1,4,7,1,13,2,1,3,1,0,0,113,0,1
1,2,1,4,1,11,11,2,12,2,1,1,1,3,7,262,0,1
1,1,0,4,1,11,11,1,13,2,1,1,1,3,0,172,0,1
1,1,0,4,1,11,11,1,12,2,1,3,1,3,6,201,0,1
1,1,0,4,1,11,6,1,13,2,1,6,1,3,6,128,0,1
1,1,1,5,1,11,6,2,12,2,1,0,1,0,0,69,0,1
0,1,1,5,1,10,5,1,13,2,2,1,1,0,0,57,1,0
1,2,1,4,1,16,3,1,12,2,1,0,1,0,0,20,0,1
1,1,1,5,1,11,6,1,13,2,1,2,1,0,0,120,0,1
1,1,0,4,1,16,11,1,13,2,1,2,1,3,0,145,0,1
1,1,0,4,1,14,1,2,7,2,1,3,1,3,7,145,0,0
1,1,0,5,1,14,9,1,13,2,1,4,1,0,0,93,0,1
1,1,0,4,1,13,1,1,13,1,1,1,1,0,0,25,0,1
1,1,0,6,1,16,11,1,10,2,1,3,1,3,11,128,0,1
1,1,0,4,1,10,11,2,9,2,1,2,1,3,11,186,0,0
1,1,0,4,1,0,8,2,12,2,1,1,1,0,0,55,0,1
1,1,0,4,1,14,11,1,9,2,1,4,1,3,7,363,0,1
1,1,0,4,1,13,6,1,9,2,1,4,1,0,0,141,0,1
1,1,1,5,1,11,3,1,13,2,1,1,1,3,7,298,0,1
1,2,0,4,1,13,6,2,13,1,1,1,1,4,6,320,0,1
1,1,1,5,1,11,11,1,13,2,1,5,1,3,0,176,0,1
1,1,1,5,1,0,7,1,9,1,2,0,1,3,7,217,0,1
1,1,1,5,1,13,1,1,4,2,1,2,1,3,7,226,0,0
0,2,1,5,1,16,1,2,4,2,1,6,1,3,7,241,0,1
1,1,1,2,1,11,6,1,13,2,1,2,1,3,0,193,0,1
1,1,1,5,1,16,1,1,12,2,1,4,1,3,0,170,0,1
1,1,1,4,1,16,6,2,10,2,1,2,1,3,7,323,0,1
0,1,1,5,1,16,3,2,12,1,1,0,1,3,7,130,0,0
0,1,1,5,1,13,7,1,13,1,1,2,1,3,6,104,0,1
1,1,1,5,1,13,7,1,13,1,1,2,1,0,0,83,0,1
0,1,0,4,1,13,7,2,13,2,1,5,1,0,0,80,0,1
1,1,0,4,1,14,3,1,10,2,1,0,1,3,7,288,0,1
1,1,0,4,1,4,6,2,9,1,1,2,1,0,0,65,0,1
1,1,0,4,1,14,9,1,10,2,1,1,1,3,7,182,0,1
1,1,0,4,1,11,7,2,12,1,1,0,1,0,0,132,0,1
1,1,0,4,1,14,6,2,9,1,1,2,1,0,0,202,0,1
1,1,0,4,1,0,11,1,4,1,1,1,1,3,11,7,1,0
1,1,1,4,1,11,11,1,13,2,1,0,1,3,6,177,0,1
1,1,0,4,1,13,11,1,6,2,1,2,1,3,11,120,0,0
1,1,1,5,1,11,8,2,13,2,1,1,1,0,7,156,0,1
1,1,1,5,1,13,7,2,13,2,1,2,1,3,7,221,0,1
1,1,1,5,1,11,6,2,13,2,1,3,1,3,7,318,0,1
1,1,1,5,1,10,11,1,4,2,1,1,1,3,0,154,0,1
1,1,0,4,1,10,11,1,13,2,1,3,1,3,0,163,0,1
1,1,1,7,1,11,7,1,12,2,1,2,1,3,7,202,0,0
1,1,0,4,1,11,7,1,13,2,1,3,1,0,0,276,0,1
1,1,1,5,1,16,6,1,13,2,1,5,1,3,6,203,0,1
1,1,1,5,1,13,11,1,13,2,1,7,1,0,0,122,0,1
1,1,0,4,1,0,11,1,1,2,1,3,1,3,0,19,1,0
1,1,0,4,1,13,1,2,13,2,1,3,1,0,0,195,0,1
1,1,0,4,1,13,7,1,13,2,1,1,1,3,7,283,0,0
0,1,0,6,1,11,7,1,2,2,1,2,1,3,0,175,0,1
1,1,1,5,1,11,7,2,12,2,1,2,1,3,7,216,0,1
1,1,1,5,1,10,1,1,13,2,2,2,1,3,0,70,1,1
1,1,0,4,1,4,7,1,10,1,1,3,1,0,0,165,0,1
1,1,0,4,1,0,1,2,13,2,1,3,1,3,7,143,0,0
1,1,0,6,1,1,6,2,12,2,1,5,1,0,0,82,0,1
1,1,1,5,1,0,7,1,12,2,1,4,1,3,11,74,1,0
1,1,0,4,1,16,2,1,13,2,1,4,1,0,0,62,0,1
1,2,1,5,1,16,8,1,13,2,1,1,1,0,0,42,1,1
1,1,1,4,1,16,9,1,13,1,1,3,1,0,0,51,0,1
1,1,0,4,1,4,3,2,2,2,1,5,1,0,0,137,0,1
1,1,0,4,1,13,11,1,13,2,1,3,1,0,0,132,0,1
1,1,0,4,1,1,11,2,13,2,1,2,1,3,6,315,0,1
1,1,1,6,1,16,6,2,13,1,1,3,1,0,11,82,0,1
1,1,1,5,1,16,6,2,13,2,1,3,1,0,0,51,0,1
1,1,1,5,1,14,1,1,12,1,1,2,1,0,0,66,0,1
1,1,0,4,1,11,7,2,12,2,1,1,1,3,6,179,0,1
1,1,1,5,1,14,12,2,12,2,1,4,1,3,0,189,0,1
1,1,0,4,1,14,11,1,13,2,1,2,1,3,7,163,0,1
1,1,1,5,1,13,11,1,10,2,1,4,1,3,7,372,0,1
1,2,1,5,1,10,3,1,12,2,1,3,1,0,0,23,1,1
1,1,1,5,1,16,3,1,4,2,1,3,1,3,7,209,0,1
1,1,1,5,1,11,11,1,13,2,1,3,1,3,7,312,0,1
1,1,0,4,1,13,8,2,13,2,1,3,1,3,7,228,0,1
1,1,1,4,1,11,11,2,4,2,1,1,1,3,7,355,0,1
1,1,0,4,1,14,11,1,10,2,1,3,1,3,7,328,0,0
