Age,Language,Sex,Marital,Has-Credit,Field,Month-of-birth,Day-of-birth,Region,Number_of_credits,Linked-cards,INPS_mln_sum,INPS-yes-no,Score-level,Score-class,Score_point,Changed-phone-number,class-label
1,2,0,6,1,4,4,2,14,2,1,1,0,4,4,19,1,0
1,2,1,4,2,1,5,1,2,2,0,2,0,0,7,35,3,1
0,1,1,4,1,14,5,1,5,2,2,2,0,1,8,10,2,0
0,2,1,2,2,18,9,1,10,2,1,3,0,2,10,12,0,1
1,1,0,1,1,21,1,1,9,2,1,2,0,1,7,23,2,0
1,1,1,1,2,21,11,2,13,2,3,3,1,1,9,-1,2,0
1,2,1,7,1,17,7,1,7,1,1,3,0,4,5,35,1,1
0,2,1,2,1,11,1,1,8,1,2,1,1,4,4,79,3,0
0,2,0,1,2,13,2,1,11,1,3,2,1,3,2,88,2,1
1,1,0,5,1,21,10,2,2,2,1,2,1,3,9,23,1,1
0,2,1,4,1,2,8,2,4,2,2,2,1,1,11,42,1,1
0,1,0,1,1,22,11,2,6,2,2,2,1,3,0,74,3,1
1,1,0,6,1,21,7,2,6,1,4,2,1,1,8,48,0,0
1,1,0,1,2,17,5,2,9,2,2,2,1,1,2,47,2,0
0,2,0,5,2,20,2,1,12,1,3,2,0,0,3,42,3,1
0,2,1,2,1,2,6,2,10,2,1,2,0,3,8,60,3,1
1,2,0,7,2,1,8,2,8,2,1,3,0,3,11,53,3,0
1,2,1,7,1,11,12,1,13,2,3,0,1,2,2,32,1,1
0,1,1,6,1,15,11,2,6,2,1,2,1,2,7,51,1,1
1,1,0,2,2,5,2,2,1,2,4,3,0,1,2,73,1,0
0,1,1,1,1,12,6,1,2,2,3,2,1,1,4,36,2,0
1,1,0,6,1,14,12,2,0,2,2,3,0,1,4,32,2,1
1,1,1,3,1,18,5,1,4,2,1,3,0,2,8,40,3,0
0,1,0,7,2,12,5,1,14,2,4,3,0,0,9,91,0,1
0,2,0,3,2,21,12,1,12,2,3,2,1,3,9,40,3,0
0,1,0,1,1,15,3,2,14,2,0,2,0,1,7,43,1,0
1,1,1,5,1,22,12,2,12,1,1,1,0,1,0,57,0,1
0,1,1,1,1,5,5,1,0,2,3,2,1,3,11,58,3,1
1,2,1,3,1,14,6,2,13,2,4,2,1,1,5,33,2,0
0,2,0,3,1,14,2,2,2,2,2,3,1,0,2,37,2,1
1,2,0,6,2,6,3,2,7,2,1,3,1,0,7,41,2,0
1,2,1,2,1,20,8,2,3,2,3,2,1,4,3,26,2,1
1,2,0,1,1,1,6,1,4,2,1,2,1,2,6,49,1,1
0,2,0,5,1,13,3,2,12,1,2,2,1,1,7,25,3,0
1,1,0,6,1,8,11,1,0,2,3,3,0,1,4,38,3,1
0,1,1,3,2,16,5,2,10,2,2,3,0,3,0,44,0,1
1,2,1,7,2,12,10,2,12,2,3,2,1,0,2,90,0,0
1,2,1,6,1,13,9,2,13,1,0,3,0,1,4,43,0,1
1,1,0,3,2,18,7,1,10,2,4,2,0,0,8,22,1,0
1,2,0,1,1,22,12,1,9,1,2,3,0,0,2,77,1,0
0,1,1,7,1,0,4,1,10,2,1,2,1,4,4,28,2,0
0,2,0,3,2,22,12,1,9,2,0,3,0,1,2,130,0,0
0,1,1,5,2,15,8,1,2,2,3,1,1,2,8,72,2,1
0,2,0,1,2,15,6,1,3,2,4,2,0,1,5,42,0,1
0,2,1,1,2,4,2,1,13,2,0,2,1,3,8,21,0,1
1,2,0,3,1,19,5,1,4,2,1,3,0,1,2,37,0,1
0,1,1,2,2,6,8,2,3,1,2,1,0,4,0,87,3,0
0,2,0,3,2,0,7,1,12,2,3,2,1,4,3,47,0,1
0,2,0,1,1,20,6,2,1,2,3,2,0,2,6,42,3,0
0,2,0,7,1,2,6,1,8,2,4,3,1,1,10,57,1,0
1,1,0,3,2,16,3,1,1,2,3,1,0,1,8,43,3,0
0,1,1,7,2,19,11,1,13,2,2,2,0,2,5,65,0,1
1,2,0,5,1,15,12,2,10,2,0,1,0,4,0,85,3,0
1,1,0,2,1,20,4,1,1,2,4,1,1,3,8,52,1,1
1,1,1,4,1,18,8,1,8,2,3,2,1,1,8,43,0,0
0,1,1,5,2,16,1,1,5,2,1,2,1,4,11,51,1,1
0,1,0,7,1,20,4,1,11,2,2,2,1,1,0,37,1,0
1,1,0,7,1,14,8,1,5,1,2,2,1,0,5,63,2,1
0,1,0,5,1,13,2,1,14,2,1,3,0,0,10,83,0,1
1,1,1,6,1,14,12,2,1,2,2,1,1,3,6,25,2,0
1,2,1,6,1,11,3,2,2,2,1,2,1,2,4,29,0,1
0,1,0,4,1,8,5,1,2,1,2,2,1,1,9,27,3,1
1,2,0,7,1,21,7,1,2,2,1,2,0,2,0,86,1,1
0,1,0,7,2,15,12,1,13,2,3,3,0,2,8,75,1,1
1,2,1,6,1,20,1,2,5,2,1,2,0,4,7,132,0,0
1,1,0,7,2,4,4,1,10,2,0,2,1,0,9,67,0,0
1,1,1,1,2,13,4,1,0,2,3,1,1,3,2,28,0,1
1,2,0,2,2,20,8,2,14,2,0,2,0,4,4,52,2,1
0,2,1,4,1,13,4,1,2,2,1,2,1,3,0,43,1,0
1,2,0,1,1,18,1,2,2,2,1,3,0,0,9,53,0,0
1,2,0,6,1,17,8,1,3,2,0,2,1,1,10,78,3,0
1,1,1,5,1,9,5,1,14,2,1,3,0,0,10,28,3,0
0,2,1,5,2,1,10,2,14,2,4,3,0,4,4,29,0,1
1,1,0,2,1,14,1,1,10,2,3,1,0,0,6,69,1,0
0,2,0,4,2,17,4,1,3,2,2,2,1,1,6,54,0,0
1,2,0,1,1,4,7,1,3,2,2,3,1,3,2,61,0,1
1,2,0,1,2,3,4,1,1,2,4,2,0,3,4,59,0,1
1,1,0,4,2,10,5,1,0,2,2,2,0,3,2,52,0,0
0,1,1,7,2,0,5,1,5,2,0,2,1,4,5,21,1,0
0,2,0,4,1,1,3,1,9,2,3,2,0,0,3,149,3,0
0,1,1,2,1,20,2,1,13,2,3,2,0,1,2,34,1,1
1,2,0,6,2,8,12,1,8,2,0,3,0,2,6,76,0,0
0,1,0,6,1,19,10,2,0,2,4,2,0,0,6,97,1,1
0,2,0,6,1,20,2,1,8,2,3,2,0,0,3,63,0,0
0,1,0,1,2,0,9,2,3,2,0,2,1,1,10,42,0,1
0,2,1,1,2,18,12,1,4,2,3,1,0,0,10,22,2,1
0,1,0,4,2,6,9,1,2,2,0,3,0,3,9,55,0,1
0,2,1,7,1,11,2,2,13,2,3,1,0,2,8,56,1,0
0,1,0,4,1,3,4,2,0,1,0,2,1,0,11,63,0,0
0,2,0,4,1,1,4,1,12,1,2,3,0,3,4,76,2,0
1,2,0,3,1,7,5,2,5,2,1,3,1,3,0,59,3,0
1,1,0,7,1,5,8,1,3,2,3,2,1,2,8,15,0,0
0,2,0,2,1,13,4,1,7,1,3,1,0,3,5,69,0,1
1,2,0,3,2,9,4,1,2,1,0,2,0,4,10,85,3,1
0,2,0,3,2,18,7,1,5,2,2,2,0,2,2,109,2,1
0,2,1,3,1,9,9,2,1,2,4,2,0,4,10,52,3,0
0,2,0,3,1,4,2,1,2,2,4,2,0,4,2,27,1,1
0,1,1,7,2,14,3,1,12,2,2,2,1,0,5,34,3,1
0,1,0,4,2,8,7,2,10,1,1,2,0,4,7,35,1,1
0,2,1,4,1,0,11,2,11,2,1,2,1,1,10,-5,0,1
1,2,0,2,1,18,6,2,6,2,0,2,0,2,4,64,3,1
1,1,0,1,1,8,11,1,13,2,2,4,1,4,4,98,0,1
0,1,0,5,1,22,6,2,6,1,2,2,1,1,3,29,2,1
0,1,0,3,1,5,11,1,7,2,2,2,1,3,8,44,3,1
1,1,0,5,2,13,2,1,5,2,3,4,0,1,2,64,2,1
1,2,0,3,1,0,10,2,8,2,1,1,0,3,4,10,3,0
0,2,0,4,2,17,7,2,3,2,1,3,1,1,7,54,2,1
1,2,1,7,2,15,5,1,12,2,0,2,0,0,4,74,0,1
1,2,0,1,2,8,11,1,4,2,3,2,1,4,7,91,0,1
0,1,0,5,2,6,10,2,1,2,2,2,0,4,3,55,3,0
1,1,1,6,1,21,9,2,2,2,0,2,0,4,3,40,1,0
1,2,0,4,1,16,1,2,2,2,1,2,1,3,7,52,2,1
0,1,1,5,1,18,3,2,5,2,3,0,0,3,9,-2,3,1
1,1,0,3,2,14,5,2,7,2,1,2,0,3,11,52,0,1
1,1,1,6,1,0,11,1,8,2,0,3,1,3,11,79,1,1
1,1,1,2,1,0,11,1,7,2,2,2,1,1,4,22,1,1
0,1,0,1,1,9,12,1,14,2,0,2,0,1,7,80,0,1
0,1,0,1,2,14,2,2,14,2,1,1,1,2,3,68,1,0
0,1,0,2,2,10,5,1,1,2,0,1,0,1,2,46,0,0
0,2,0,6,1,9,12,2,10,2,4,3,0,4,11,32,0,1
0,2,0,4,2,7,9,2,1,2,1,2,0,1,5,60,0,1
1,2,0,3,1,20,11,1,1,2,1,2,1,3,3,31,1,1
0,2,0,3,2,5,7,1,5,1,1,2,1,4,5,27,0,1
0,1,1,3,1,0,1,2,11,1,3,3,1,0,2,82,3,0
0,1,0,6,2,16,8,1,9,2,2,2,0,4,5,33,1,1
1,2,1,4,1,22,4,2,6,2,4,2,1,4,4,65,1,1
0,2,0,3,1,17,7,2,3,2,3,2,0,4,6,8,3,0
1,2,0,7,1,5,7,1,0,1,2,2,1,0,10,26,3,0
1,2,1,4,2,19,8,2,6,2,2,2,0,2,10,79,0,0
0,2,0,7,2,18,10,1,3,2,0,2,0,4,11,64,2,1
1,2,1,4,1,3,12,2,1,2,3,3,0,2,5,66,2,0
0,2,0,3,1,5,2,2,6,2,2,2,0,2,0,35,3,0
1,2,0,6,1,8,1,1,11,2,4,2,1,3,3,64,1,1
1,1,1,4,2,8,10,1,5,2,0,3,1,0,2,56,2,1
0,2,0,1,1,1,1,2,8,2,1,2,1,4,3,58,2,1
1,2,0,6,1,19,12,2,0,2,4,1,1,4,9,52,2,1
0,1,1,6,1,21,10,1,0,2,3,2,1,2,8,11,0,0
1,1,1,7,2,5,7,1,2,2,1,3,0,3,8,31,0,0
0,2,0,4,2,13,6,1,1,1,2,2,1,0,0,45,2,1
0,1,1,7,1,17,11,2,12,1,4,2,0,4,0,98,3,0
1,2,0,2,2,16,12,1,3,2,1,1,1,3,7,99,0,1
1,1,0,4,2,3,2,1,5,2,0,3,1,1,4,40,2,0
1,1,1,1,2,3,8,1,12,2,3,2,0,0,6,75,0,0
0,2,1,3,2,14,12,2,1,1,2,3,1,1,10,34,3,0
0,1,0,3,1,7,1,1,13,2,2,2,0,3,8,28,1,1
0,2,0,7,1,11,1,1,2,2,1,3,0,4,6,55,0,1
1,2,1,1,1,1,3,1,14,2,2,3,0,3,3,66,1,1
1,2,1,6,1,20,5,1,3,2,1,2,1,3,2,69,3,0
1,2,1,3,2,9,5,1,10,1,3,1,1,2,10,24,0,0
0,2,0,4,2,5,9,2,13,2,4,2,0,3,10,29,2,0
0,1,1,7,2,10,3,1,0,2,1,3,0,3,4,49,0,1
1,2,0,5,1,10,7,2,12,2,1,3,1,2,0,129,1,0
0,1,1,6,2,12,8,1,14,2,0,2,0,2,3,66,0,1
1,2,0,5,1,12,8,1,1,2,1,3,0,1,6,28,0,1
1,2,1,4,1,17,2,2,14,2,1,2,0,3,4,66,0,0
1,1,0,3,1,12,12,1,12,2,1,2,1,3,2,78,0,0
0,2,1,4,1,22,4,1,1,1,3,3,1,1,7,52,2,1
1,2,0,6,1,20,8,2,10,1,1,2,1,1,4,31,0,0
0,2,0,5,2,14,11,2,5,2,4,3,1,2,8,81,0,1
0,1,0,4,1,4,10,2,9,2,3,2,0,3,6,42,1,1
1,2,0,2,2,2,3,1,4,2,2,2,1,4,3,43,1,1
0,2,1,3,2,0,2,1,13,1,2,2,0,2,5,29,1,1
0,2,0,3,2,17,5,1,10,1,3,3,1,2,10,50,0,0
1,2,0,6,1,3,1,1,11,2,4,2,1,2,10,58,3,1
0,1,0,7,2,15,12,1,11,2,2,1,0,3,0,54,2,0
0,2,1,4,1,18,9,1,6,2,4,2,0,1,5,67,2,0
1,1,0,6,1,12,8,1,8,2,1,3,1,4,9,40,0,0
0,1,1,3,2,15,3,1,4,2,4,2,0,4,6,41,2,1
1,1,0,3,1,4,2,1,1,1,0,3,1,3,8,88,2,1
1,2,0,4,2,2,7,1,2,1,4,2,0,3,7,22,1,0
0,2,0,5,2,18,8,2,6,2,0,1,1,3,3,37,3,1
1,1,1,6,1,5,9,1,10,2,3,2,1,1,5,73,1,0
1,2,1,4,1,12,2,1,9,2,4,2,1,0,5,60,2,1
0,2,0,5,1,6,6,1,12,2,4,2,0,2,7,63,3,1
0,2,0,7,1,9,6,1,12,2,3,2,0,1,3,-2,1,0
0,2,0,3,2,16,4,2,10,1,1,1,1,0,0,32,1,0
0,1,0,7,2,12,6,1,6,2,1,3,0,4,3,31,1,1
1,1,1,7,1,9,10,1,4,2,2,3,0,1,7,92,0,1
1,2,1,6,1,17,3,1,5,2,4,3,0,4,2,94,0,0
0,2,0,4,2,11,4,1,6,2,4,1,0,0,5,11,3,0
1,2,1,4,1,1,6,1,3,2,2,2,0,1,0,26,0,1
1,1,0,1,2,18,1,1,12,2,2,3,0,4,3,35,0,1
0,2,0,2,2,22,1,2,11,2,1,1,1,1,5,60,0,1
1,2,0,3,2,13,7,1,12,2,3,2,1,2,5,106,3,1
1,1,1,7,2,4,1,1,2,2,0,2,1,4,5,102,3,1
1,2,0,1,2,19,1,2,8,2,3,2,1,2,7,47,1,0
1,1,0,7,2,9,11,2,7,1,3,2,1,3,3,37,2,1
0,1,0,3,1,9,9,1,4,2,1,3,1,4,0,34,1,1
0,1,0,6,2,21,10,1,8,2,1,2,1,0,7,62,0,0
1,1,0,3,2,22,10,1,0,2,0,2,0,1,11,64,0,1
1,1,0,3,1,2,6,1,6,2,0,2,1,4,5,35,2,1
1,2,1,4,2,9,7,1,10,2,4,3,1,4,3,34,2,1
1,1,0,4,1,14,7,1,3,2,2,1,0,2,2,59,1,0
1,2,0,2,1,9,9,1,7,2,1,3,1,1,0,41,0,0
0,2,1,4,2,13,1,2,4,2,3,3,1,2,5,55,1,0
1,1,1,7,1,22,6,1,9,2,1,4,0,1,10,80,0,1
1,1,0,6,2,8,5,2,8,2,2,2,1,3,10,11,3,0
1,2,0,6,2,18,4,1,8,1,2,1,1,4,4,37,1,0
1,2,1,1,1,15,7,1,10,2,1,2,1,2,6,77,0,1
1,2,0,3,2,0,3,2,4,2,1,2,0,3,6,66,1,1
0,2,0,6,1,11,12,2,4,2,4,3,1,1,5,68,1,1
1,1,0,2,1,17,4,1,2,2,3,3,0,4,4,77,3,0
1,2,0,3,2,13,1,1,9,2,3,3,1,1,6,77,1,0
1,2,0,4,1,7,5,2,6,2,3,1,1,1,0,52,1,0
0,2,1,3,2,22,2,1,7,2,4,2,0,1,3,34,1,1
0,2,1,4,1,9,8,2,4,2,0,1,0,4,10,39,3,0
1,1,0,7,1,0,8,1,1,1,1,2,0,0,11,11,3,1
0,2,0,6,1,11,3,1,7,2,3,2,0,3,9,85,1,1
1,1,1,3,1,6,3,2,11,2,2,2,0,2,9,50,3,0
0,2,0,4,1,16,1,2,5,2,2,2,1,4,0,67,0,1
0,2,1,2,1,9,5,1,7,2,1,2,0,1,7,93,2,1
1,2,1,2,2,1,10,1,12,2,0,2,0,4,10,7,0,1
0,1,1,1,1,15,10,1,13,2,4,2,1,0,6,31,2,1
1,2,1,1,1,3,11,2,3,1,2,2,1,3,7,48,2,0
1,1,1,3,1,20,5,2,2,2,3,4,0,1,11,90,1,1
0,2,1,7,1,16,11,1,3,1,1,2,1,1,0,99,0,1
0,1,0,4,1,8,7,1,8,2,2,3,0,3,2,49,1,1
1,1,1,2,1,21,9,2,7,2,3,3,1,2,4,47,2,1
1,1,0,2,1,10,7,2,13,2,1,2,1,2,8,89,3,1
1,1,1,5,1,7,1,1,8,2,4,3,1,0,11,63,1,0
0,1,0,3,2,18,8,2,14,2,2,2,0,2,6,53,2,0
0,1,0,3,1,17,3,1,6,2,3,2,1,3,11,15,3,0
0,2,0,1,1,16,9,1,2,2,2,2,0,4,9,48,2,0
1,2,1,4,1,5,1,2,14,2,2,1,0,0,3,29,0,0
1,1,0,3,2,1,8,2,6,2,1,3,1,0,3,24,0,1
1,2,1,4,1,4,12,2,6,1,2,3,1,2,6,67,3,0
0,1,1,3,1,10,1,1,14,2,2,2,1,3,0,59,1,1
1,1,0,6,1,6,8,1,6,2,2,3,0,3,4,96,0,0
0,2,0,6,1,14,8,1,6,2,2,2,1,2,11,17,1,0
1,2,0,4,1,22,1,2,2,1,1,2,0,3,5,50,3,1
1,2,0,7,2,19,3,1,3,1,0,2,0,2,2,61,0,0
1,1,0,1,2,16,5,2,14,2,1,3,0,3,4,69,3,1
0,1,1,7,1,13,5,1,3,1,3,2,0,0,4,76,1,1
1,1,0,3,1,3,1,1,14,2,3,3,0,1,5,13,1,0
1,2,0,1,1,9,5,1,1,2,1,4,0,4,6,82,2,1
0,1,0,3,2,1,2,2,9,2,2,2,1,4,2,-3,2,1
0,2,0,6,1,6,1,1,11,1,2,2,1,1,8,52,2,0
0,2,0,5,1,0,3,2,0,1,0,1,1,4,6,28,1,1
1,2,1,2,1,20,9,1,14,2,2,2,0,1,7,46,1,0
1,2,0,7,1,14,7,1,2,2,3,2,0,2,7,73,0,1
1,2,0,5,1,15,4,1,14,1,3,2,1,4,6,24,3,1
0,1,1,4,2,16,10,2,8,2,2,3,1,0,8,45,0,1
1,1,1,3,1,18,2,2,1,2,4,3,1,1,0,86,0,1
1,1,1,1,1,11,9,1,13,2,0,2,0,2,9,63,2,1
1,1,0,7,2,19,10,1,9,1,1,3,0,1,8,34,0,0
0,1,1,6,1,14,12,1,4,2,2,2,1,3,4,45,2,1
0,2,1,6,2,3,1,1,7,2,1,2,0,1,5,43,1,1
1,1,0,4,1,15,4,1,3,2,4,2,1,2,5,23,1,1
0,1,0,3,2,22,6,1,0,2,0,2,1,1,8,27,1,0
1,1,1,1,1,11,3,2,8,2,4,2,0,3,6,74,3,1
0,1,0,6,1,4,1,2,11,2,4,2,1,0,9,17,3,1
0,1,0,6,2,12,3,1,10,2,1,2,0,0,4,35,0,1
0,2,1,1,1,16,4,2,10,2,1,2,1,2,8,59,2,0
0,2,1,3,1,15,11,2,8,2,4,4,1,3,2,63,1,1
0,2,1,4,1,1,10,2,7,2,3,2,0,3,0,62,3,0
0,2,1,1,1,2,2,2,0,2,0,2,0,4,7,44,0,1
1,2,0,7,1,20,6,2,10,1,4,2,1,4,6,43,0,1
1,1,0,1,1,16,3,2,12,2,3,2,0,3,11,41,3,1
1,1,1,1,1,11,4,1,13,2,1,2,1,0,5,34,3,0
1,1,1,4,2,7,4,1,12,1,1,1,1,0,3,54,2,1
0,1,0,3,2,14,2,1,14,2,2,2,1,2,6,33,0,1
1,1,1,7,1,21,8,2,10,2,1,3,0,1,0,78,1,0
0,2,0,3,2,14,5,1,0,2,4,2,0,2,10,67,0,1
1,2,1,4,1,11,11,2,6,2,1,3,0,0,0,77,0,0
1,1,0,6,1,12,10,2,13,1,0,2,0,3,4,25,2,1
1,1,1,4,1,17,10,1,6,2,2,2,1,0,0,11,1,1
0,2,1,6,2,16,10,2,11,2,1,2,0,1,5,24,0,0
1,1,0,5,2,13,4,1,2,1,2,2,1,2,6,83,3,0
0,1,0,4,2,5,11,1,1,2,1,2,1,2,3,38,1,0
0,2,1,7,1,10,8,1,4,1,4,2,0,1,4,80,0,0
1,1,1,7,1,17,1,2,2,2,3,2,0,2,6,-6,1,0
1,1,1,6,1,10,10,2,0,2,1,3,1,0,10,76,3,1
1,1,1,6,2,20,12,2,7,1,2,1,0,1,0,85,0,0
1,1,0,6,2,7,12,1,7,2,1,3,0,3,2,9,2,1
0,2,1,3,1,11,6,2,10,2,0,1,1,3,11,59,0,0
0,2,0,5,1,5,10,1,12,1,2,2,0,3,0,1,1,1
1,2,1,5,1,13,12,1,2,1,2,2,0,0,8,19,2,1
0,1,1,4,1,19,5,1,8,2,3,2,1,3,9,19,3,0
1,2,0,4,1,2,7,2,13,1,3,2,1,0,8,62,0,1
0,2,1,1,1,21,10,1,10,2,2,2,1,3,7,123,1,0
1,1,0,7,2,16,5,1,0,1,3,1,1,3,0,51,3,1
0,1,1,7,1,6,11,2,5,2,2,2,0,3,11,2,0,1
1,2,0,4,2,6,5,1,9,2,0,3,1,0,5,97,3,0
0,2,1,5,1,5,2,1,2,2,0,3,0,2,11,101,0,1
1,2,1,3,1,17,11,1,0,2,4,2,1,4,9,33,1,1
0,1,0,1,1,18,11,2,8,2,0,1,0,2,3,3,0,0
1,1,0,4,2,17,1,2,7,1,3,2,1,4,5,15,3,1
1,2,1,5,1,0,7,1,4,2,1,4,0,2,11,67,1,0
1,2,0,7,2,22,10,2,1,1,3,2,1,2,0,37,2,0
1,1,0,5,2,22,8,2,7,2,1,2,1,0,6,61,3,0
1,1,0,4,1,11,8,1,13,1,3,2,0,2,8,31,2,1
1,2,0,2,1,9,10,2,13,2,1,3,0,3,4,87,2,0
1,1,1,3,1,2,5,1,0,2,4,2,0,4,7,51,3,0
1,1,1,4,1,20,7,2,7,2,1,2,1,3,10,30,0,1
1,2,0,1,1,0,10,1,4,2,4,2,1,0,6,32,3,1
0,1,1,7,2,9,5,2,2,2,1,1,1,4,4,50,1,1
0,2,0,2,1,17,6,1,11,2,1,2,1,0,4,102,1,1
1,1,0,5,2,13,10,1,7,1,3,3,1,3,2,54,1,0
0,2,0,7,1,11,1,1,8,1,2,1,0,2,8,17,0,1
1,2,1,6,1,15,2,1,0,1,1,1,1,3,3,27,2,1
1,2,0,3,1,14,8,1,1,2,0,2,1,4,5,47,0,1
0,1,1,4,1,14,11,2,8,2,2,2,1,4,6,84,2,1
0,2,0,2,1,4,4,2,13,1,1,2,0,1,0,55,3,1
0,1,1,1,1,19,10,1,7,2,1,2,1,3,11,22,2,0
1,2,0,7,1,16,7,1,14,2,2,4,0,4,4,73,2,0
1,1,1,2,2,16,7,2,0,2,2,2,1,1,3,29,0,1
1,1,0,2,1,9,11,1,10,2,1,2,0,2,11,16,1,1
0,1,0,3,1,21,9,1,5,2,1,3,1,2,0,81,1,1
0,1,0,1,1,20,11,2,3,2,3,2,1,3,8,111,1,1
0,2,1,2,1,18,8,1,3,2,1,2,1,1,10,43,1,1
1,1,0,5,1,13,8,1,9,1,2,3,1,2,4,75,0,0
1,1,1,1,1,14,6,2,7,2,1,3,0,0,2,25,0,0
1,1,0,5,1,19,1,1,9,2,3,2,0,1,8,24,3,1
1,2,1,6,1,15,1,1,9,1,3,1,1,0,4,93,2,1
0,2,1,2,2,17,7,1,6,2,2,2,1,0,10,92,0,0
1,1,0,4,2,9,11,1,9,1,2,1,1,0,2,-7,3,0
1,1,0,4,1,10,8,1,5,2,1,3,1,0,6,39,2,1
0,1,1,4,1,15,5,1,1,2,2,3,1,1,9,90,1,1
1,2,0,5,2,14,11,2,7,2,1,2,1,0,4,8,3,1
0,2,0,1,2,9,11,2,10,2,0,2,0,0,5,22,1,1
1,1,0,3,1,20,6,2,10,2,0,3,0,2,5,7,2,0
1,1,0,4,2,15,8,2,2,2,3,2,1,0,7,50,3,1
0,1,0,3,1,22,4,1,10,2,0,2,0,1,8,31,2,1
1,2,1,5,2,22,3,2,7,1,2,3,1,3,0,83,0,0
1,2,1,2,1,7,5,1,0,2,1,3,0,2,5,98,0,1
0,1,1,7,1,3,8,1,6,2,2,3,1,0,7,97,1,0
0,1,1,5,2,1,12,2,8,1,4,3,1,3,3,33,0,0
0,1,0,3,1,17,9,2,10,2,1,2,1,1,0,64,0,1
1,1,1,5,1,3,3,2,0,2,3,2,1,1,7,81,3,0
1,1,0,3,1,11,2,2,9,2,0,4,1,2,8,35,0,1
0,2,1,3,1,15,12,2,5,1,2,3,1,1,3,70,0,1
1,1,1,7,2,14,8,2,14,1,0,2,1,0,10,29,0,1
1,2,1,6,2,0,8,1,10,2,4,2,1,3,4,58,0,0
1,1,1,5,2,16,5,2,3,2,3,3,0,0,10,52,1,1
0,1,0,6,1,11,10,1,10,2,2,3,1,3,4,30,3,1
1,1,0,1,2,18,8,1,6,2,3,2,0,1,8,27,0,0
1,1,1,4,1,22,10,1,12,2,2,2,1,1,2,80,2,1
1,1,1,2,1,20,8,2,12,2,2,1,0,2,7,33,1,1
1,2,0,3,2,19,6,2,7,2,2,2,0,2,8,87,3,1
1,1,1,4,2,17,8,1,0,2,2,3,0,0,9,75,3,0
1,1,1,2,2,1,5,1,0,2,1,3,1,1,4,29,0,0
1,2,0,4,1,22,12,1,1,2,1,3,1,4,7,79,0,1
1,1,0,3,1,1,12,1,5,1,1,3,1,2,0,95,3,1
1,1,1,6,1,15,3,1,12,2,1,2,1,3,6,118,1,1
1,1,1,2,2,16,5,1,11,2,1,1,0,4,11,84,3,0
0,1,1,5,1,22,3,2,2,2,1,3,0,2,4,62,2,0
1,2,0,6,2,20,10,2,2,2,3,3,0,3,10,26,3,1
0,1,0,3,1,17,8,1,14,2,2,1,1,3,8,22,3,1
1,1,1,6,1,10,5,1,6,1,1,1,1,4,3,-13,1,1
1,1,0,4,1,5,6,2,8,2,3,3,1,2,7,42,1,1
1,2,0,1,1,9,5,2,11,2,2,3,0,0,4,89,3,0
1,1,1,3,2,0,11,1,7,2,0,4,1,4,9,14,0,0
1,2,1,1,1,15,7,2,9,1,3,2,0,0,3,20,2,1
1,2,1,6,2,22,3,1,12,2,3,2,0,4,7,81,2,1
1,1,1,4,1,4,9,1,3,1,0,5,0,4,4,109,1,1
0,1,1,7,1,1,9,1,13,2,2,2,0,2,8,89,3,1
0,2,1,7,1,20,5,2,3,1,1,0,1,1,5,30,3,0
0,2,0,1,2,12,9,2,13,2,2,3,1,2,7,74,0,1
1,2,1,3,1,13,10,1,4,2,0,1,0,2,9,64,3,0
1,2,1,7,2,12,3,1,14,1,1,2,1,1,2,43,2,0
1,2,0,2,1,0,6,1,12,2,0,3,1,3,3,52,0,1
1,2,1,5,1,18,5,1,5,2,1,3,0,0,4,111,0,0
1,2,0,4,2,5,1,1,8,2,1,2,1,0,7,33,2,1
1,1,1,1,1,12,5,1,12,2,3,3,1,4,11,47,0,0
1,1,0,4,1,18,5,2,0,2,0,3,0,3,5,88,1,1
1,1,0,6,1,5,10,1,3,2,2,1,0,4,11,11,3,1
1,1,1,2,2,5,1,2,7,2,3,1,0,3,10,61,3,1
1,1,0,4,1,17,3,1,10,2,2,3,0,3,11,97,1,0
0,2,0,2,1,20,8,1,14,2,2,3,1,2,10,41,0,1
1,1,1,7,1,12,4,1,5,2,4,1,0,2,9,25,2,1
0,2,0,6,2,4,10,2,0,1,1,4,0,0,4,132,3,1
0,1,0,5,1,17,12,1,8,1,4,3,0,1,4,11,1,0
1,2,1,6,1,18,5,2,9,2,2,4,1,1,6,11,1,1
0,1,1,4,1,10,1,1,12,2,0,2,1,3,11,-29,3,0
1,1,0,3,1,10,4,2,13,2,3,2,0,1,2,-22,0,1
0,1,0,1,1,3,7,1,9,2,2,1,0,2,0,101,1,1
1,1,0,7,2,18,2,2,14,2,2,1,1,4,8,45,0,0
1,1,0,1,1,16,6,1,0,2,4,3,1,3,5,76,2,1
1,1,1,3,2,15,10,2,6,2,0,2,1,4,10,124,2,1
1,1,1,2,1,10,10,2,9,2,2,2,0,3,4,28,3,1
1,2,1,6,2,1,2,1,13,2,2,2,0,2,4,53,1,1
0,1,0,5,2,18,12,1,13,2,4,2,1,2,0,100,1,0
0,1,1,5,1,5,8,2,9,2,0,3,0,1,10,87,0,0
0,1,0,6,1,2,1,2,9,2,1,2,0,0,3,27,0,1
1,1,0,1,1,6,4,1,0,2,2,1,1,0,11,-1,1,1
1,1,0,5,2,20,9,1,5,2,2,3,1,3,0,54,0,1
1,2,0,3,1,0,7,2,13,2,4,1,1,3,5,56,1,1
0,2,1,7,2,17,4,2,4,2,4,2,1,0,5,12,0,1
0,1,1,1,2,8,8,2,1,1,2,1,1,2,3,34,0,0
1,1,0,4,2,3,3,2,13,2,1,3,0,2,5,77,0,0
1,1,1,5,2,10,12,1,6,2,1,2,1,2,10,115,0,1
0,2,1,4,1,18,7,1,4,2,0,2,0,2,7,-14,1,1
1,1,1,3,2,12,11,2,10,2,4,3,0,4,11,108,3,1
1,2,0,1,2,19,1,2,1,2,2,3,0,1,7,45,1,1
1,1,1,4,1,15,6,1,1,1,1,3,0,1,0,45,3,0
1,1,1,4,2,16,8,1,7,2,1,2,1,3,11,42,0,1
1,1,0,2,1,7,1,1,10,2,4,1,1,1,7,29,2,1
1,1,0,2,1,0,4,1,13,2,1,1,0,3,7,47,0,1
1,2,0,5,1,17,4,2,9,1,3,3,1,3,2,40,0,0
1,1,1,1,1,10,9,1,3,2,0,2,0,4,8,39,0,0
0,2,0,1,1,22,12,1,10,2,2,2,1,0,9,100,0,1
0,2,0,4,1,8,7,1,8,2,0,2,0,4,3,80,1,0
0,2,0,2,1,14,1,1,12,2,1,4,1,0,10,78,0,1
0,1,0,4,1,15,3,2,12,2,1,2,0,2,2,30,0,1
0,2,1,7,1,19,4,1,11,2,0,2,0,4,7,56,1,0
1,2,0,3,1,1,12,2,4,2,4,1,0,0,9,12,1,0
1,1,0,1,1,10,2,1,5,2,3,2,1,2,7,-21,1,0
1,2,0,5,1,8,10,2,6,2,2,3,1,0,7,57,2,1
1,2,0,7,1,11,4,2,13,2,2,0,0,4,7,63,0,0
1,2,0,1,1,22,4,2,9,2,1,2,0,4,10,35,0,0
1,1,1,4,2,4,5,1,8,2,3,1,0,4,10,82,2,1
1,2,0,5,1,22,2,2,10,2,0,1,0,1,7,105,0,1
0,2,0,1,1,14,12,2,7,2,2,3,0,3,10,58,0,0
1,1,1,2,1,3,6,2,0,2,1,3,0,1,7,90,1,1
0,1,0,3,2,6,2,2,7,2,0,1,1,4,10,7,2,0
1,1,1,4,1,1,6,1,14,2,2,2,1,0,0,42,3,0
1,1,1,6,2,20,8,1,6,2,0,3,1,0,5,101,0,1
1,1,0,4,1,0,4,2,13,2,1,1,1,4,9,12,1,1
1,2,0,5,1,4,6,1,9,2,4,2,1,0,7,38,0,1
1,1,0,7,1,17,9,2,12,2,2,2,1,0,0,5,3,1
1,2,0,7,1,15,2,1,13,2,4,2,1,2,8,61,3,1
0,1,0,1,2,16,10,1,5,2,1,3,0,3,4,64,2,1
1,2,0,4,2,5,8,2,8,2,2,2,0,2,5,37,0,1
0,1,0,6,1,1,5,1,4,2,0,3,0,3,5,64,1,1
1,1,0,5,1,5,1,1,12,2,1,2,0,2,10,75,3,1
1,1,1,3,1,0,5,1,6,2,3,3,0,3,5,74,0,1
0,2,1,4,1,11,10,1,9,2,4,2,1,0,0,79,0,1
1,2,1,4,2,14,5,1,14,1,1,2,1,3,2,165,3,1
1,1,0,7,1,16,1,1,4,2,1,3,1,0,4,98,1,1
1,2,0,2,2,8,2,1,11,2,3,2,0,0,0,85,0,0
0,1,0,3,2,9,2,1,10,2,2,2,0,3,4,26,2,1
1,1,1,2,1,11,9,1,10,2,2,2,0,1,2,29,2,1
0,1,0,2,1,8,4,1,3,2,0,3,1,3,5,31,0,1
1,2,0,3,2,9,3,1,9,2,1,1,1,0,11,40,1,1
0,1,1,4,1,22,6,1,8,2,4,3,1,1,2,14,3,1
1,1,0,4,1,21,7,1,7,2,2,1,0,2,10,50,2,0
0,2,0,1,2,7,5,1,7,2,0,1,0,3,3,19,2,1
1,1,0,5,1,22,1,1,7,2,1,2,1,3,3,64,0,1
1,1,0,6,1,11,3,2,2,2,3,2,1,3,6,28,3,0
1,1,0,3,1,16,12,1,10,1,4,3,0,1,2,103,3,1
1,1,0,7,1,1,1,1,4,2,4,1,0,0,0,26,0,0
1,2,1,5,1,5,12,1,12,1,1,2,0,3,7,60,1,1
0,1,1,7,2,17,8,2,13,2,0,2,1,2,4,96,2,0
1,1,0,5,1,9,9,1,13,2,4,2,0,0,7,73,3,1
1,2,1,3,1,11,8,2,6,2,1,1,0,2,3,35,0,1
0,1,0,4,1,11,8,1,11,2,1,2,1,3,8,-48,0,0
0,1,1,6,1,1,10,2,13,2,1,3,1,2,10,42,0,1
0,2,1,5,1,2,1,2,6,2,1,0,1,3,7,74,1,1
0,2,1,5,2,18,2,2,4,2,4,2,1,0,5,77,0,0
0,1,0,3,1,14,1,1,0,2,2,1,1,3,4,95,2,0
1,2,1,1,1,0,5,1,7,2,2,2,0,4,6,69,0,1
1,1,1,7,1,3,6,1,1,2,1,2,0,4,0,122,2,0
1,2,0,7,1,13,7,2,12,2,1,2,0,0,9,91,0,0
1,2,1,6,1,3,8,1,5,2,2,2,1,4,5,74,3,1
1,2,0,5,1,4,8,1,10,2,4,1,0,4,6,44,0,0
0,1,1,3,1,2,1,1,10,2,0,3,0,0,11,52,2,1
1,1,0,1,1,6,1,1,6,1,1,3,1,3,8,65,0,1
0,1,1,5,2,17,7,2,7,1,1,3,1,4,0,87,0,1
1,1,0,3,1,4,5,1,6,2,4,2,1,4,4,13,2,1
0,1,0,1,2,22,1,1,2,2,0,1,1,2,10,134,3,0
1,2,0,4,1,10,3,1,12,2,2,1,1,3,2,130,0,1
1,1,0,4,2,9,8,1,8,2,1,3,0,1,0,-3,0,0
0,2,0,4,1,14,9,1,0,2,0,1,1,2,2,146,0,0
1,1,0,5,1,12,7,2,13,2,3,1,1,2,4,45,1,1
1,1,1,1,2,20,7,1,13,2,2,3,1,2,3,128,3,1
0,1,0,3,1,14,10,1,0,2,4,1,1,4,2,48,0,1
1,1,0,3,1,0,6,1,1,2,3,2,1,2,0,76,2,1
1,1,0,7,1,14,7,1,3,2,2,1,1,2,7,44,3,1
0,1,0,7,2,14,6,1,7,1,4,2,0,4,7,100,0,1
1,1,0,2,1,21,7,1,13,2,2,1,1,0,7,25,1,1
1,1,1,4,1,0,7,1,13,1,1,3,0,0,11,141,1,0
1,1,1,7,1,22,1,1,6,2,1,3,1,4,11,85,0,1
1,1,1,4,1,9,12,2,5,2,1,4,1,0,2,59,0,0
1,2,0,4,1,2,3,2,3,2,0,2,1,0,0,47,2,1
1,1,0,1,1,18,2,1,6,2,1,2,1,2,7,144,2,0
1,2,0,4,1,3,10,2,0,2,2,1,1,0,10,20,0,1
1,2,0,4,1,19,10,1,9,2,4,0,1,4,0,107,0,1
1,1,0,4,1,9,8,1,13,1,2,1,1,0,3,122,1,1
1,2,0,3,1,11,6,1,11,2,1,4,0,0,0,54,0,1
0,1,0,2,2,12,8,1,0,2,1,1,1,0,10,-1,0,0
1,1,0,6,1,16,12,2,3,2,0,2,1,2,11,13,0,1
1,2,1,5,1,20,9,1,12,2,1,2,1,1,6,59,0,1
1,1,0,7,1,13,2,2,9,2,1,2,1,0,7,85,1,0
0,1,1,4,1,2,7,2,8,1,2,2,1,3,3,19,1,1
0,2,1,1,1,12,1,2,14,2,1,2,1,0,7,117,2,0
1,1,0,2,1,0,11,2,8,2,2,1,1,0,0,51,2,1
1,1,0,7,2,12,7,1,5,2,1,1,0,1,5,9,1,1
1,1,0,1,1,0,2,1,8,2,1,3,1,1,7,162,0,1
1,1,0,4,1,11,12,1,13,2,1,3,0,0,0,123,0,1
1,1,0,4,1,7,8,2,1,2,1,2,0,4,3,97,1,0
1,1,0,3,1,17,3,2,6,2,4,2,1,2,7,109,0,1
1,1,0,4,1,14,10,1,11,1,4,2,1,1,0,106,1,1
1,1,0,5,1,11,8,1,3,2,0,2,1,3,0,118,1,1
1,2,0,1,2,12,8,2,9,2,1,2,1,1,2,35,1,1
1,1,1,4,2,16,5,1,0,2,1,3,1,0,5,44,0,1
1,1,0,1,1,2,10,2,3,2,2,4,1,0,2,42,1,0
1,1,1,5,1,2,2,1,4,2,3,4,0,0,5,38,1,0
1,1,1,6,2,5,3,1,10,2,1,4,0,0,4,54,2,1
0,2,1,6,1,21,3,2,5,2,3,1,1,0,10,-21,0,1
1,2,1,3,1,12,3,1,11,2,1,1,1,0,6,48,0,1
0,1,1,5,2,1,6,2,10,2,2,2,0,1,10,20,1,0
1,1,0,6,1,3,1,2,6,2,3,1,1,3,0,43,0,1
1,1,0,4,2,16,4,1,13,2,1,1,1,0,7,35,2,1
0,1,0,7,1,19,1,2,12,2,2,2,1,0,11,90,3,1
0,1,1,5,1,3,8,2,1,2,1,1,0,4,3,73,0,1
1,1,0,4,1,16,8,1,10,2,1,3,1,4,8,147,2,1
1,2,0,1,1,13,3,1,10,2,1,3,0,1,0,78,2,1
1,1,0,6,2,21,11,2,11,2,2,2,1,1,7,-19,2,1
1,1,0,4,1,12,12,2,10,1,2,1,1,4,3,24,0,1
1,1,0,4,1,7,12,1,11,2,3,2,1,2,4,34,2,1
1,1,0,2,2,16,7,1,4,1,1,0,1,0,9,82,3,1
1,2,0,1,2,1,7,1,13,2,1,2,0,3,9,65,2,1
0,1,0,4,1,13,10,2,11,2,1,4,0,0,3,96,0,1
1,2,1,6,1,11,8,1,0,2,1,4,1,3,7,86,0,1
1,1,0,3,1,16,10,1,6,2,1,2,1,0,10,44,2,1
1,1,1,5,1,4,12,1,3,2,2,0,1,4,2,25,1,1
0,2,0,2,1,0,4,2,3,1,0,1,1,1,11,128,3,1
1,1,0,4,2,10,4,2,9,2,4,1,1,0,7,41,3,1
1,1,0,7,1,13,9,2,4,1,2,4,1,2,10,87,3,1
1,2,0,6,1,0,5,2,12,2,1,3,1,1,7,135,1,0
1,1,0,5,1,5,7,2,7,2,2,2,1,4,8,87,0,1
1,1,0,1,1,22,4,2,9,2,2,3,1,1,5,159,0,1
0,1,1,1,1,15,1,2,1,2,3,1,1,2,4,93,3,1
0,1,0,6,2,11,12,1,12,2,1,1,1,4,8,99,0,1
0,2,0,2,1,6,4,1,11,2,0,2,1,3,9,147,1,0
1,1,1,7,1,18,1,1,13,2,1,3,1,0,0,101,0,0
1,1,0,2,1,6,4,1,2,2,1,3,1,3,2,110,0,0
1,2,0,4,1,15,4,2,6,1,1,0,1,1,6,85,0,1
1,1,1,1,2,1,4,1,2,2,1,3,0,0,4,43,0,1
1,2,1,6,2,14,2,2,14,2,2,1,0,0,7,98,3,0
0,2,0,6,2,14,3,2,9,1,1,2,1,1,5,41,3,0
1,1,0,2,1,0,7,1,12,2,1,2,0,4,9,62,0,1
1,2,1,6,2,6,4,1,12,2,4,0,1,2,7,41,1,1
1,1,0,4,2,14,4,1,8,2,0,0,1,1,2,108,3,1
0,1,1,4,1,7,1,1,2,1,1,1,1,0,0,137,1,1
0,1,0,5,1,16,3,1,8,2,3,4,1,0,6,57,0,1
1,2,1,4,1,10,12,2,0,2,2,0,1,3,8,81,0,1
0,2,1,4,1,14,7,2,0,2,4,1,0,1,5,100,0,1
0,2,1,6,1,13,2,1,2,2,1,2,1,3,8,56,0,1
0,1,0,3,1,4,5,1,13,2,2,1,1,1,0,25,0,0
0,1,0,4,2,10,3,1,10,2,1,3,1,0,11,127,0,1
1,2,0,5,1,22,6,1,1,2,1,2,1,4,6,103,1,1
0,1,0,4,1,4,1,2,1,2,1,1,1,2,7,83,3,1
1,1,1,6,1,22,2,1,10,2,1,3,0,3,7,63,0,1
0,1,0,5,1,0,8,1,6,2,4,2,1,3,0,134,2,1
0,2,0,6,1,17,8,2,12,2,2,2,1,0,0,77,0,1
1,2,0,4,1,22,10,1,2,2,3,1,1,2,0,10,0,1
0,1,0,6,1,10,4,2,9,2,0,1,1,1,5,48,2,1
0,1,0,5,1,20,3,1,2,2,0,1,0,1,0,144,2,0
1,1,0,4,1,16,8,1,6,2,2,1,1,0,11,100,1,1
1,2,1,5,1,13,12,1,4,1,2,2,0,3,3,39,1,1
1,1,0,4,2,7,1,1,10,1,1,2,1,4,2,114,1,1
0,1,0,4,2,9,5,2,2,1,2,2,0,3,0,20,0,1
1,1,1,5,1,1,7,2,10,2,1,3,0,4,7,115,3,1
1,2,1,7,1,11,12,2,7,2,1,1,1,3,7,70,0,1
1,1,1,3,1,9,5,1,10,1,1,3,0,2,6,273,0,1
0,1,0,6,1,20,5,1,3,2,1,1,0,4,6,28,0,0
1,1,0,4,2,10,9,2,13,2,3,2,0,2,5,78,2,0
1,1,0,7,1,5,2,1,10,2,0,4,1,3,11,160,1,0
1,1,1,4,1,3,3,1,12,2,4,2,0,4,10,102,1,0
0,2,0,1,1,6,6,2,12,2,4,4,0,0,2,121,0,0
1,1,0,6,1,18,5,1,14,2,3,2,0,1,8,140,3,1
1,1,0,5,1,15,2,1,5,2,3,2,1,0,6,93,2,1
1,2,0,5,1,20,5,2,6,1,1,1,1,3,5,65,0,0
1,1,1,7,1,11,8,1,7,1,1,2,1,1,0,65,0,1
1,1,1,3,1,13,2,1,5,2,1,2,1,0,5,27,0,0
1,2,0,5,1,14,12,2,13,2,2,0,0,0,4,-5,0,1
0,1,1,2,1,20,8,1,3,2,1,2,1,0,5,69,0,1
0,1,0,5,1,14,10,1,0,2,1,1,1,0,6,99,2,1
0,1,1,3,1,19,1,2,2,1,1,3,1,0,6,176,0,1
0,1,0,4,2,15,3,1,5,1,1,4,1,2,0,112,1,1
0,2,0,6,1,8,7,2,9,2,1,-1,1,0,5,-10,0,1
1,1,1,4,2,11,3,1,13,2,3,3,1,2,2,37,1,1
1,1,0,5,2,14,5,1,12,1,1,4,0,0,7,57,2,1
0,1,1,1,1,2,6,2,13,2,4,2,1,3,3,33,3,0
1,2,0,7,1,11,7,2,12,2,0,3,1,1,5,120,1,0
0,1,0,7,1,3,10,1,9,2,1,2,1,0,0,99,1,1
0,1,1,4,1,22,8,2,2,1,1,1,0,2,11,142,0,1
1,1,0,4,2,0,4,2,13,2,2,0,1,0,6,34,0,1
1,1,1,4,1,12,3,1,9,2,4,4,0,1,2,59,2,0
1,1,1,4,1,4,10,1,2,2,1,4,1,3,2,87,0,1
1,2,0,7,2,12,8,1,5,2,3,6,1,0,2,-22,3,1
1,1,1,5,1,0,9,1,12,2,2,4,0,0,8,36,2,1
1,2,0,2,1,1,9,2,1,1,0,0,1,1,9,61,0,1
1,1,0,2,1,9,5,1,3,2,3,2,0,1,6,173,2,1
0,1,1,7,2,7,1,1,8,2,3,3,1,2,11,191,0,1
1,1,1,2,1,10,5,2,12,2,1,3,1,0,8,-24,0,1
1,1,0,4,1,15,7,2,13,2,4,1,1,0,4,96,0,1
0,1,1,7,1,22,3,1,11,2,0,2,1,2,5,79,3,0
1,1,1,4,1,18,2,2,3,1,1,1,1,0,11,21,3,1
1,2,0,2,2,8,9,2,7,2,4,3,1,3,3,81,0,1
0,1,1,3,2,11,6,1,4,2,0,1,0,3,7,212,0,1
1,1,0,4,1,0,10,2,5,2,0,2,1,4,9,101,2,1
1,2,0,5,1,11,4,1,8,2,1,2,0,0,6,100,3,1
1,1,0,4,1,12,8,2,5,2,1,1,1,1,0,115,0,1
1,1,1,2,1,0,7,1,8,2,2,4,0,4,0,78,3,1
1,1,0,5,1,14,11,1,12,2,4,2,0,2,2,139,0,0
1,2,1,4,2,11,4,1,10,2,2,2,1,1,2,78,0,1
1,2,1,5,1,14,4,1,8,2,4,4,1,2,9,134,0,0
1,1,0,4,2,9,12,2,12,1,1,1,1,2,0,9,0,1
0,1,1,3,1,19,10,1,11,2,1,1,1,1,10,113,2,1
1,1,1,5,1,12,3,2,0,1,3,2,0,0,0,161,2,1
1,2,1,7,1,11,6,2,5,2,2,2,0,0,8,58,0,1
1,1,1,6,1,16,12,2,9,2,1,2,1,0,7,135,1,1
1,2,1,5,1,19,12,2,2,2,1,5,1,0,0,163,2,0
1,1,0,3,1,17,3,1,12,2,4,4,1,0,4,37,0,1
1,1,1,5,1,20,4,2,7,2,1,2,0,3,7,176,3,1
1,2,0,5,1,16,6,2,10,1,3,3,1,4,5,30,2,1
1,1,0,3,2,0,12,1,7,1,1,1,1,1,8,104,1,0
1,1,1,1,1,0,3,1,7,2,0,3,0,2,0,74,0,1
1,2,1,6,1,0,2,1,12,2,1,4,1,4,7,35,2,1
0,1,1,6,1,11,8,1,7,2,0,1,0,0,4,102,3,1
1,1,0,5,1,3,5,1,13,1,3,2,0,0,8,125,0,1
1,1,1,5,1,21,4,2,12,2,1,1,1,0,10,16,1,1
1,1,0,4,1,15,7,2,0,1,0,2,1,0,10,67,1,1
1,1,1,5,1,22,5,1,11,1,1,1,1,0,0,163,0,0
1,1,0,4,1,5,9,2,12,2,1,4,1,1,0,160,0,1
1,1,0,5,1,2,5,2,9,1,1,2,1,2,10,147,0,1
1,1,0,2,1,0,5,1,6,1,0,0,1,4,2,48,0,1
1,2,0,7,1,22,11,1,8,2,2,2,0,2,8,110,0,1
1,1,0,5,1,22,9,1,14,2,4,4,0,0,0,115,0,1
1,1,0,5,1,0,4,2,2,2,1,3,1,4,7,101,0,1
1,1,0,1,2,5,7,1,7,2,1,1,1,3,4,152,0,1
1,1,0,4,1,12,10,1,2,2,0,2,1,0,11,110,2,1
1,1,1,4,1,8,1,2,3,2,1,3,1,2,0,42,1,1
1,1,0,4,2,7,7,1,14,2,0,3,1,3,2,85,1,1
0,1,1,6,1,21,8,1,11,1,1,2,1,1,5,97,0,1
1,1,0,5,1,19,9,1,5,2,3,3,0,2,5,106,1,0
1,1,0,1,1,8,1,1,6,2,1,3,1,0,9,64,3,0
1,1,0,6,2,10,7,2,3,2,1,3,1,2,8,87,0,0
0,2,1,5,1,12,4,2,4,2,2,1,1,2,5,87,0,1
1,1,1,4,1,8,10,1,4,2,0,4,0,4,8,145,2,0
1,1,1,5,1,13,2,1,2,2,0,3,1,0,6,196,3,1
1,1,1,7,1,19,4,1,2,1,1,1,1,3,10,91,0,1
1,1,1,3,1,14,2,2,12,2,2,2,1,3,11,31,3,1
1,1,0,1,1,16,10,1,3,1,1,2,1,0,8,117,1,1
1,1,0,4,2,13,9,1,13,2,4,4,0,0,6,76,1,0
1,1,1,3,1,12,5,2,8,2,1,3,1,1,2,8,0,1
1,1,0,2,1,21,10,1,4,2,4,2,1,1,7,31,2,1
0,1,1,6,1,14,9,2,9,2,1,1,0,0,10,135,1,1
1,1,0,2,1,12,8,1,12,2,0,4,0,0,5,87,0,1
1,1,1,3,1,14,2,1,0,2,4,4,0,3,4,165,3,1
1,1,1,1,2,11,1,1,13,2,2,0,1,2,0,30,0,1
1,1,0,1,2,15,8,1,12,2,1,1,1,3,7,5,1,1
0,1,0,2,1,12,12,1,5,1,3,2,1,4,7,186,1,1
1,1,1,2,2,6,4,2,14,2,3,3,0,3,4,98,1,0
1,2,0,1,2,7,6,2,3,2,0,3,1,2,0,57,0,1
0,1,0,4,1,5,12,2,2,1,1,0,1,3,0,157,0,1
1,1,0,3,1,6,11,1,8,2,1,3,1,1,0,87,0,1
1,1,0,5,1,4,1,2,11,2,2,4,1,1,8,76,1,1
1,1,1,1,1,15,9,1,13,2,1,1,1,0,11,115,1,1
1,1,0,6,1,4,8,1,9,2,1,3,1,0,0,114,2,1
0,1,0,1,1,14,10,1,10,2,4,2,1,0,0,100,0,1
0,1,0,5,1,17,6,2,12,2,4,3,1,0,0,-9,0,0
1,1,1,3,1,12,11,1,13,2,1,0,1,1,4,64,0,1
1,1,1,5,1,2,2,1,5,2,1,1,0,0,0,15,0,0
1,1,0,2,1,8,8,2,13,1,3,4,1,0,9,121,1,1
1,2,1,6,1,0,5,1,11,2,1,4,1,3,4,79,0,0
0,2,1,4,1,15,7,1,0,2,1,3,1,0,8,58,0,0
1,1,0,4,1,5,12,2,9,2,2,1,1,0,7,70,0,0
1,1,1,4,1,20,7,1,9,1,1,2,1,3,5,115,2,1
1,2,0,5,1,14,8,2,14,2,2,1,1,0,10,118,2,1
1,2,0,5,1,10,5,1,2,2,3,0,1,3,0,204,1,1
1,1,0,5,1,1,9,1,13,1,1,0,0,0,0,65,0,1
1,2,0,4,2,20,3,2,12,1,2,1,1,0,9,122,0,0
1,1,0,1,1,0,5,2,2,2,0,1,0,3,5,3,0,1
1,1,1,4,1,18,3,2,12,2,1,1,1,4,6,119,0,1
0,1,0,3,1,6,7,1,13,2,1,3,1,3,8,-10,0,0
1,2,0,5,2,11,7,1,8,1,2,2,1,2,4,77,0,1
0,2,0,6,1,10,1,2,2,2,0,4,1,3,7,130,3,0
1,1,0,5,1,1,1,2,12,1,1,1,1,3,10,92,0,1
1,1,0,1,1,10,10,1,10,2,2,3,1,0,0,107,3,1
0,1,0,6,1,0,4,2,14,2,1,0,1,3,10,108,2,0
1,1,0,4,1,18,7,2,12,1,4,3,0,0,2,137,3,1
1,1,0,7,1,4,9,2,1,2,1,1,1,4,0,36,0,1
1,1,0,1,1,0,6,1,11,2,0,6,1,1,3,207,3,1
1,2,0,4,2,16,4,1,14,2,0,1,1,1,6,106,3,1
0,1,1,1,1,17,9,1,8,2,3,4,0,4,10,165,2,1
1,1,1,2,1,9,6,2,8,2,1,2,0,0,0,126,0,1
1,1,1,6,1,0,9,2,12,2,1,3,1,1,7,82,3,1
1,1,0,4,1,14,2,1,7,2,0,4,1,2,8,184,3,1
1,1,0,4,1,9,8,2,6,1,3,1,1,0,0,-5,1,1
1,2,0,4,2,16,6,1,12,2,4,1,1,0,6,-75,0,1
1,1,0,7,1,16,1,1,12,2,0,3,1,2,3,101,2,1
1,1,0,5,2,14,12,1,4,2,1,2,1,0,7,195,0,1
0,1,0,6,1,7,2,1,4,2,0,1,1,0,7,49,0,0
0,1,0,4,2,13,12,1,13,2,1,3,1,3,2,-4,0,1
1,1,0,4,1,14,3,1,3,2,2,4,1,0,3,148,2,1
1,1,1,4,2,11,9,2,12,2,3,3,1,0,0,88,0,1
1,1,0,4,1,3,12,1,5,1,1,3,1,1,0,80,3,1
1,1,1,6,1,8,11,2,0,1,2,2,1,0,0,103,0,1
1,1,0,5,1,6,1,2,4,1,1,1,0,0,11,136,0,1
1,2,0,1,1,16,4,2,0,2,1,5,0,0,3,213,0,0
0,1,1,1,1,13,7,1,13,1,4,1,1,1,3,85,2,0
1,1,0,4,1,12,6,2,10,2,2,2,1,0,5,49,0,0
0,1,0,3,1,12,8,2,12,2,1,0,1,0,0,56,1,1
1,1,0,6,1,12,5,2,10,2,1,4,1,0,0,136,0,1
0,1,0,5,1,7,8,2,14,1,1,1,0,3,0,162,1,1
1,1,0,4,1,1,4,1,14,2,1,4,1,0,11,95,3,1
1,1,0,4,1,14,11,1,13,1,1,5,1,2,11,164,0,1
0,1,1,7,2,4,4,1,6,2,1,1,1,3,0,82,0,1
1,1,0,6,1,10,4,2,12,2,1,3,0,0,7,-37,0,1
0,1,0,1,2,0,6,1,4,2,0,4,0,2,4,69,1,0
1,1,1,4,2,13,10,2,12,1,3,1,1,0,0,123,3,1
1,1,0,5,2,4,10,2,10,2,2,0,1,0,10,-18,0,1
1,1,1,7,2,7,4,1,0,2,0,2,1,0,8,83,0,1
1,2,1,4,1,16,12,2,12,2,0,2,1,1,10,84,2,0
0,1,1,5,1,22,1,1,0,2,1,2,1,1,0,72,0,1
0,1,1,3,1,13,4,1,12,2,2,3,1,1,5,80,2,1
1,1,0,6,2,4,10,1,9,2,1,5,1,4,8,117,0,1
0,1,0,2,2,1,10,1,12,2,4,2,0,0,7,-56,0,1
1,1,0,7,1,12,5,1,1,1,2,3,1,1,3,33,0,0
1,2,0,5,1,16,7,2,12,2,0,4,1,0,7,145,0,1
1,1,0,3,1,13,2,1,9,2,2,3,1,2,7,155,1,1
1,2,1,3,1,16,4,1,13,2,1,4,1,3,4,106,0,1
1,2,0,5,2,4,2,1,0,1,1,2,1,4,0,109,0,1
1,2,0,6,1,4,2,1,2,2,1,1,1,4,9,56,1,1
1,1,0,1,1,16,6,1,12,2,1,2,1,1,6,102,3,0
1,1,0,5,1,0,6,1,4,1,1,1,1,3,0,80,0,1
1,1,0,4,1,11,10,2,1,2,2,-1,1,0,7,73,3,0
1,1,0,5,1,0,6,2,13,2,1,4,1,0,0,69,3,1
1,1,0,3,1,19,5,1,1,2,1,2,1,1,11,143,2,1
1,1,0,4,2,2,10,2,0,1,3,2,0,0,9,115,0,1
0,1,0,7,2,13,4,2,13,2,1,2,0,0,0,63,0,0
1,2,0,1,1,11,6,1,0,1,3,2,1,4,0,120,0,1
0,1,0,1,1,22,2,2,7,2,1,2,1,4,5,100,2,1
0,1,1,5,1,4,6,2,12,2,1,1,1,0,0,144,0,1
1,1,1,5,1,6,8,2,13,2,2,0,1,0,0,13,0,1
1,1,0,5,1,0,1,1,13,2,2,3,1,0,0,160,1,1
1,1,1,1,1,16,8,1,14,2,1,4,0,4,0,95,2,1
1,1,1,6,1,14,8,1,8,2,1,2,1,2,10,65,0,1
1,1,1,4,1,19,8,2,13,2,4,2,0,2,11,72,0,1
1,1,0,4,1,12,5,2,13,2,1,3,1,3,0,18,0,1
0,2,0,4,1,14,6,2,12,1,1,2,1,4,10,49,1,0
1,2,1,4,1,14,7,1,10,2,1,1,1,4,8,16,0,0
1,2,0,7,1,22,3,2,13,2,1,4,1,1,0,104,0,1
1,2,0,5,1,16,3,1,3,2,1,3,0,0,0,91,1,1
0,1,0,4,2,12,7,1,13,2,1,1,1,0,0,68,3,1
1,1,0,6,1,10,8,2,12,2,2,3,1,0,6,190,0,1
1,1,0,6,1,9,10,1,11,2,1,5,1,0,0,204,0,1
0,1,0,2,1,1,1,2,0,1,1,0,1,0,10,63,0,1
1,1,1,3,1,3,10,1,2,2,1,2,1,4,0,86,1,1
1,1,0,5,1,12,9,1,8,2,1,4,1,4,6,94,1,1
1,1,1,4,1,2,4,2,13,2,2,2,1,2,6,30,1,1
1,1,0,5,1,20,6,2,12,1,1,2,1,0,0,188,0,1
1,1,0,7,1,13,4,2,14,2,1,3,0,0,7,117,3,1
1,1,0,3,1,3,10,2,12,1,1,1,0,1,0,145,0,1
1,1,0,5,1,10,9,2,13,1,0,2,1,0,9,203,0,0
1,1,1,4,1,5,11,2,12,2,1,2,0,0,0,64,0,1
1,1,0,4,2,1,4,2,7,2,3,0,1,4,0,28,2,1
1,1,0,4,1,9,3,1,13,1,3,2,0,0,4,54,0,1
1,1,0,3,1,0,5,2,13,1,1,1,1,0,5,41,0,1
1,1,1,6,1,7,7,2,10,1,2,2,1,0,7,60,1,1
1,1,1,7,1,6,1,1,10,2,2,0,1,1,0,33,2,1
1,2,1,4,1,15,3,1,12,1,1,1,1,2,0,62,0,1
0,2,0,5,2,4,2,1,12,2,1,4,1,0,0,85,0,1
1,1,0,7,1,0,2,2,13,2,1,0,0,0,7,254,1,1
1,1,0,4,1,9,4,1,8,2,1,4,1,0,7,104,1,1
1,1,1,1,1,13,1,2,12,2,2,1,1,0,10,46,0,1
1,1,0,5,1,10,4,1,8,1,1,4,1,0,0,21,0,1
1,1,0,4,1,0,1,1,13,2,1,2,1,3,5,62,2,1
1,1,0,4,1,16,12,2,5,2,2,0,1,0,0,-13,2,1
1,1,0,4,1,10,10,2,9,2,1,3,1,2,5,76,0,1
1,1,0,1,1,2,4,1,4,2,0,1,1,3,7,130,0,1
1,1,1,5,1,18,10,2,8,1,1,3,1,0,0,168,1,1
1,1,0,4,1,0,2,1,12,2,1,3,1,0,4,38,0,1
1,1,1,4,1,22,8,1,6,1,1,1,1,0,10,103,0,1
1,2,1,7,1,16,2,1,0,1,0,-1,1,1,4,100,0,1
1,1,1,5,2,8,10,1,9,1,1,0,1,0,0,10,3,1
1,1,0,4,1,18,3,1,3,2,1,1,1,3,6,94,1,0
1,1,0,5,1,10,10,2,1,2,1,4,1,3,5,22,1,1
1,1,0,5,1,14,10,1,2,2,3,1,1,2,4,88,0,1
1,1,1,5,1,20,3,1,6,2,1,3,1,0,0,203,0,1
0,1,0,4,1,4,6,2,6,1,0,1,1,4,7,113,0,1
1,2,1,6,2,8,6,1,5,2,1,1,0,1,10,93,2,1
1,1,0,1,2,14,2,1,12,2,1,1,1,0,7,18,0,1
1,1,1,6,1,19,2,1,8,2,1,2,1,0,6,183,0,1
1,1,1,3,2,4,5,2,14,2,1,3,1,1,5,171,0,1
1,1,1,5,1,6,7,1,13,1,1,3,1,3,9,56,1,1
1,1,0,2,1,15,2,2,10,2,1,2,1,3,7,161,0,1
1,2,0,3,1,20,4,1,9,1,2,1,1,0,0,113,0,1
1,1,0,1,1,2,9,2,11,2,4,2,1,0,7,29,0,1
1,1,0,3,1,10,8,2,10,1,1,2,1,0,7,79,3,0
1,1,0,3,1,4,11,1,3,2,1,4,1,0,3,89,0,1
1,1,0,4,1,16,1,1,13,2,4,3,1,0,7,96,0,1
1,1,0,5,1,11,10,1,10,1,2,1,1,0,7,234,3,1
1,1,1,2,1,0,12,1,2,2,4,2,1,0,0,-62,0,0
1,1,0,6,1,22,3,2,7,1,0,4,1,1,3,81,0,1
1,1,1,5,1,13,4,2,13,2,0,1,0,0,0,113,0,1
1,1,0,4,1,0,10,1,12,1,1,3,1,0,0,153,0,1
1,2,1,5,1,11,2,1,13,2,4,0,1,1,5,-49,1,1
1,1,0,4,1,12,8,2,6,2,1,2,1,0,4,39,0,1
1,1,0,4,1,8,9,1,10,1,0,2,1,0,7,160,0,1
0,1,0,7,1,17,4,1,12,2,1,1,1,0,11,-14,0,1
1,1,0,4,1,3,5,2,12,2,4,2,1,3,4,57,0,0
1,1,0,5,2,12,9,2,14,2,1,2,1,2,9,137,0,1
0,1,0,5,1,11,4,2,6,1,1,1,1,0,7,93,0,1
1,1,1,4,2,18,2,1,3,2,1,2,0,0,0,171,1,1
0,1,0,4,1,0,12,2,13,2,1,1,1,3,9,126,0,1
1,2,1,4,1,22,1,1,7,1,1,4,1,3,3,140,0,1
1,1,0,7,2,13,5,2,9,2,1,0,1,3,11,69,0,1
1,1,0,5,1,17,1,1,13,2,1,2,0,0,0,1,0,1
1,1,0,1,1,14,3,1,7,2,1,2,1,2,0,62,0,0
1,1,0,4,1,10,4,2,13,2,1,1,1,0,0,198,0,1
1,1,0,4,1,12,4,2,13,2,0,1,0,4,10,158,0,1
1,1,0,5,1,8,7,1,6,1,1,1,1,0,0,177,0,1
1,2,1,5,1,7,9,2,13,1,1,2,1,0,0,98,0,1
1,1,1,4,1,13,1,1,12,2,3,3,1,3,11,85,2,1
1,1,0,5,2,13,10,2,12,2,1,2,1,3,7,113,0,0
1,2,1,1,1,16,2,1,12,2,1,4,1,0,7,59,0,0
1,1,1,5,1,11,8,1,10,2,1,3,1,4,11,114,1,1
1,1,0,4,1,18,1,1,13,2,2,4,1,0,8,94,0,1
1,2,0,5,1,2,3,2,13,2,2,1,1,2,7,45,0,1
1,2,0,4,1,20,10,1,13,1,1,2,1,0,7,107,0,1
1,2,1,5,1,0,1,1,13,2,1,1,1,3,0,6,0,0
1,1,1,1,1,13,9,2,13,1,1,2,1,0,3,58,0,0
1,1,1,2,1,4,1,2,0,2,0,3,0,0,0,150,0,1
1,1,0,5,1,3,8,2,12,2,1,1,0,0,7,-12,1,1
1,1,1,7,1,16,5,1,12,2,1,4,1,1,0,30,0,1
1,1,0,4,1,4,2,1,12,2,4,2,1,1,11,-12,0,1
1,1,0,5,1,11,1,2,1,1,2,0,1,1,6,182,0,0
1,1,0,6,1,13,8,1,13,1,1,0,1,0,0,5,0,1
1,1,0,6,1,13,6,2,12,2,1,2,1,0,0,59,0,1
1,2,0,5,1,0,1,2,11,2,1,2,1,4,11,-20,0,1
1,1,1,2,1,10,1,1,4,1,0,2,1,0,11,160,2,1
1,1,1,7,1,11,6,1,11,1,4,0,1,0,0,33,1,1
1,1,1,4,1,13,12,1,1,2,3,1,1,0,2,105,0,1
1,1,1,4,2,6,9,2,13,1,1,1,1,0,2,84,0,1
1,2,0,3,1,1,8,1,4,2,1,2,1,3,0,55,0,1
1,2,0,7,1,15,3,2,13,2,1,3,1,3,3,63,0,0
1,1,1,4,1,11,7,2,13,1,1,3,1,0,5,-63,3,1
1,1,0,5,1,22,5,2,13,2,2,0,0,3,10,32,0,1
1,1,1,5,1,6,12,2,12,2,1,2,1,3,7,42,0,1
1,2,1,5,1,2,6,2,14,2,1,0,1,3,5,16,3,1
1,1,1,5,1,0,11,1,13,2,1,5,1,0,6,95,2,1
1,1,0,4,1,6,1,2,12,2,2,2,1,0,9,39,0,1
1,1,1,4,1,14,6,1,0,2,1,3,1,0,0,-58,0,1
1,1,0,5,1,16,6,1,13,1,1,-2,0,3,10,144,0,1
1,1,0,5,1,15,3,1,13,2,3,0,0,2,0,35,0,1
1,1,1,6,2,0,8,1,0,1,1,1,1,0,0,-32,0,1
1,2,0,6,1,19,9,1,12,2,1,1,1,0,0,63,0,0
1,1,1,5,1,15,3,2,4,2,1,3,1,3,0,109,0,1
1,1,0,5,1,20,9,1,8,2,1,0,1,0,9,132,3,1
1,1,1,3,1,18,2,1,7,2,0,-1,1,1,10,224,0,1
1,1,1,7,1,14,11,2,6,1,1,2,1,3,6,85,0,1
1,2,0,4,1,11,4,1,13,1,1,4,1,0,4,-2,0,1
1,1,1,5,1,1,1,1,12,1,3,2,1,0,0,53,0,1
1,2,0,4,1,13,2,2,6,1,1,1,1,3,9,40,0,1
1,1,1,6,1,3,2,1,8,1,2,1,1,3,9,-11,0,1
0,1,0,4,1,20,4,1,13,2,1,2,1,3,7,100,2,1
1,1,0,6,1,14,7,2,12,2,2,2,1,0,5,105,0,1
1,1,0,6,1,19,11,2,13,2,3,2,0,2,7,102,0,1
1,1,0,6,2,15,12,2,13,2,1,1,1,4,0,235,3,1
1,1,0,4,1,13,5,2,3,2,1,-1,1,2,5,130,0,1
1,1,0,4,1,10,9,2,8,2,2,4,1,0,0,25,0,1
0,1,0,6,1,12,5,1,6,1,1,4,1,0,8,61,2,1
1,1,1,5,1,15,7,1,12,2,1,2,1,4,0,176,0,1
1,1,1,5,1,2,7,1,12,2,1,2,1,0,7,69,0,1
1,1,1,4,1,11,5,1,7,2,1,0,1,3,5,180,0,1
1,1,0,5,1,13,10,2,13,1,1,1,1,3,7,143,0,1
1,1,1,7,2,0,9,1,7,1,1,1,1,2,9,46,0,1
1,1,0,5,1,16,9,1,11,1,1,5,1,0,0,149,0,1
1,1,1,4,1,20,1,2,12,2,1,4,1,4,3,34,0,1
1,1,0,1,1,14,7,1,9,2,1,3,1,0,0,97,0,1
1,1,0,3,1,4,1,2,12,2,1,1,1,0,11,44,0,1
1,1,1,6,1,22,2,2,8,2,2,1,1,0,0,85,2,1
1,1,0,2,1,11,1,1,0,2,1,-1,1,0,8,17,2,1
1,1,0,5,1,1,8,1,12,1,1,0,1,0,0,158,0,1
1,1,0,4,2,10,3,1,5,1,1,0,1,0,0,25,0,1
1,1,0,6,2,21,9,1,12,1,1,3,1,0,10,240,0,1
1,1,1,1,1,9,12,1,14,2,4,6,1,0,0,-30,0,1
1,1,0,7,1,8,2,2,13,2,1,1,1,3,9,71,1,1
0,1,0,6,1,16,11,1,10,2,2,1,1,0,0,15,0,0
0,1,1,5,1,11,5,1,13,2,2,1,1,0,0,82,0,1
1,1,1,4,1,22,8,2,13,1,1,2,1,0,5,117,0,1
1,1,1,6,1,13,9,1,12,1,1,3,1,0,7,208,3,1
1,1,1,4,1,6,6,2,0,2,1,0,1,0,6,168,0,1
1,1,1,6,1,13,12,1,12,2,1,2,0,2,6,50,1,1
1,1,0,3,1,16,5,2,12,2,1,0,1,0,0,-170,0,1
1,1,0,3,1,9,9,1,12,2,0,2,0,0,8,101,0,1
1,2,0,4,1,3,8,1,12,2,1,2,1,0,0,180,0,0
1,1,0,5,2,13,12,2,1,2,1,4,1,2,11,136,0,1
1,1,1,4,1,14,10,1,12,2,1,6,1,0,0,312,1,1
1,1,0,5,1,2,1,2,8,2,1,6,1,3,8,152,0,1
1,1,1,5,1,10,1,2,10,1,1,2,1,2,7,142,0,1
1,1,0,6,1,0,7,1,13,2,1,3,1,0,0,108,0,1
1,1,0,4,1,18,5,2,0,2,2,5,1,0,3,133,0,1
1,1,0,4,1,4,11,2,6,2,1,2,1,3,6,64,0,1
1,1,0,4,1,11,9,2,13,1,1,2,1,0,0,33,0,0
0,1,1,6,1,14,4,2,10,2,1,1,1,0,0,55,2,1
1,1,1,5,1,11,8,1,13,2,1,2,1,0,6,108,0,1
1,2,0,5,1,13,2,1,0,2,1,3,1,0,0,96,0,1
1,1,1,5,1,11,11,1,1,2,1,4,1,0,3,-83,0,0
1,1,1,5,1,11,10,2,3,2,1,1,0,0,6,200,0,0
1,1,0,2,1,11,8,1,12,2,1,2,1,0,11,109,0,1
1,1,0,4,2,16,3,1,7,1,1,-1,1,0,0,-132,0,1
1,1,1,6,1,9,11,2,12,2,1,0,1,2,8,137,2,1
1,1,1,4,1,4,2,2,13,2,1,2,1,3,0,69,0,1
1,1,0,4,1,6,3,1,8,2,1,1,1,0,0,-1,0,0
0,1,1,4,1,18,6,2,13,2,1,0,1,0,0,6,0,1
1,1,0,4,1,6,3,2,13,2,2,2,1,0,0,-5,3,1
1,1,0,4,1,13,12,1,13,2,4,0,0,0,7,183,0,1
1,1,0,4,1,2,7,2,6,2,1,1,1,0,0,143,0,1
1,2,1,1,1,16,8,2,12,2,1,1,0,4,0,81,0,1
1,1,0,4,1,9,5,1,11,2,1,5,1,0,7,159,1,1
1,1,1,4,1,11,6,2,13,2,4,3,1,0,10,116,2,1
0,1,0,4,1,15,4,1,13,2,1,0,1,0,11,12,2,1
1,1,0,4,1,4,9,2,7,2,1,2,1,0,4,-9,1,1
1,2,1,5,1,16,10,1,13,2,1,2,1,0,7,21,0,1
1,1,1,4,1,0,8,1,13,2,1,4,1,3,0,182,0,1
1,1,0,4,1,19,2,1,13,2,1,0,1,0,0,100,0,0
1,1,0,5,1,13,8,1,4,1,1,2,1,0,0,127,0,1
1,1,1,5,1,16,7,1,9,2,2,1,1,0,0,33,0,1
1,1,0,6,1,0,3,1,13,1,1,-1,1,4,11,19,0,1
1,1,1,5,1,10,7,1,12,2,1,3,1,3,0,170,0,1
1,1,1,6,2,6,7,1,13,2,1,0,1,4,3,14,0,1
1,2,1,1,1,13,12,1,9,2,1,3,1,3,3,176,0,1
1,1,1,1,1,9,11,2,2,2,1,4,1,1,0,-26,0,1
1,2,0,4,2,16,7,2,8,1,1,0,1,0,10,61,0,1
1,1,0,4,1,14,9,2,13,2,1,3,1,3,2,142,0,0
1,1,1,5,1,13,9,2,12,2,1,7,1,0,0,85,0,1
1,1,1,4,1,17,11,2,11,1,2,1,0,2,7,188,3,1
1,1,0,5,1,16,3,2,9,1,1,1,0,0,0,-2,0,1
1,1,1,5,1,1,5,1,12,1,1,2,1,0,5,279,0,1
1,1,1,3,1,9,5,1,13,1,2,1,1,0,6,99,0,1
1,1,1,4,1,12,3,2,12,2,1,4,1,0,0,-111,0,1
1,1,0,5,2,8,2,2,5,2,1,1,1,0,0,2,2,1
1,1,1,4,1,10,7,2,12,2,4,-2,1,0,5,-44,0,1
1,1,1,5,1,17,9,1,12,2,3,1,1,0,2,27,0,1
1,1,0,4,1,16,6,2,12,2,1,4,1,0,0,166,0,1
1,1,0,5,1,16,1,1,5,2,1,2,1,1,7,173,0,1
1,1,1,4,1,0,10,1,13,2,1,3,1,0,0,52,0,1
1,1,0,4,1,4,3,1,6,2,1,2,1,3,0,66,0,1
1,2,0,5,1,13,7,1,10,1,1,0,1,3,0,104,0,1
0,1,1,5,1,12,4,1,12,2,1,2,1,3,0,62,0,1
1,2,0,4,1,1,6,1,13,2,2,1,1,3,6,165,0,0
1,1,0,4,1,4,11,1,3,1,1,2,1,3,0,270,0,1
1,1,1,5,1,11,1,1,10,2,1,3,1,0,5,168,0,1
1,1,0,6,1,0,8,2,13,1,1,2,1,1,7,151,0,1
1,1,1,4,2,1,11,2,13,2,1,0,1,0,0,92,0,1
1,1,0,5,1,11,6,1,0,2,1,5,1,3,7,147,1,1
1,1,0,5,1,15,3,1,0,1,1,2,1,2,0,98,0,1
1,2,1,1,1,14,6,2,14,2,1,2,1,0,0,89,0,1
1,1,1,6,1,16,9,2,5,2,0,2,1,2,5,-56,0,1
0,1,0,2,1,4,4,2,3,2,1,1,1,0,7,151,0,1
1,2,0,1,1,10,9,1,8,2,1,1,1,0,2,71,0,0
1,1,1,1,1,10,12,2,8,2,2,6,0,3,6,147,0,1
1,1,1,4,1,0,5,1,11,2,1,0,1,0,0,149,2,1
1,1,1,7,1,0,12,2,12,2,1,2,1,0,0,7,0,1
0,2,1,5,1,0,12,1,13,2,1,5,1,2,0,-5,0,1
1,1,0,4,1,19,10,2,0,2,1,2,1,0,2,89,0,1
1,2,0,4,1,10,1,2,13,1,1,4,1,3,7,74,0,1
1,1,0,5,2,10,6,1,4,2,2,6,1,0,0,203,0,1
1,1,1,4,1,13,5,1,12,1,1,2,0,0,0,-16,0,1
1,1,0,4,1,16,11,2,2,2,0,0,1,0,7,202,1,1
1,1,0,1,1,17,11,2,9,2,1,4,1,2,0,146,0,1
1,1,0,5,1,19,9,2,12,1,1,2,1,3,0,38,0,1
1,1,0,6,1,0,1,2,5,2,1,6,1,2,11,129,3,1
1,1,0,5,1,1,2,1,12,2,4,2,1,3,6,77,2,1
1,1,0,4,1,13,2,1,10,2,1,4,0,2,0,123,0,1
1,2,0,4,1,19,10,1,12,2,1,4,0,0,2,209,0,1
1,1,1,4,1,13,10,1,12,1,2,2,1,3,10,174,0,1
1,1,1,2,1,13,10,2,8,2,2,4,1,0,6,206,0,0
0,1,1,4,1,9,9,1,13,2,1,2,1,0,0,74,0,1
1,1,1,4,1,0,12,2,4,2,1,3,1,3,0,140,0,1
1,1,0,5,1,20,2,1,12,1,1,2,1,3,0,159,3,1
1,1,0,1,1,16,5,1,13,2,1,4,1,1,5,-2,0,1
1,1,1,5,1,11,6,1,2,2,1,3,1,4,7,75,0,1
1,1,0,5,1,20,4,2,13,2,1,-1,1,0,7,138,0,1
1,1,0,6,1,0,12,2,5,2,1,4,1,0,3,-10,0,1
1,1,0,4,1,16,11,2,12,1,1,6,0,0,0,79,2,1
1,1,1,4,1,15,12,2,13,2,1,4,0,3,2,171,0,1
1,1,1,4,1,20,10,1,4,2,1,4,1,0,4,116,0,1
1,2,1,5,1,16,9,2,4,2,1,2,1,0,7,136,0,1
1,1,1,6,2,10,7,1,7,2,1,2,1,4,7,64,0,1
1,1,1,4,1,14,8,1,13,2,1,2,1,0,5,157,0,1
1,1,1,3,1,17,4,1,6,2,1,3,1,0,4,243,0,0
1,1,1,5,1,13,7,2,0,2,2,1,1,1,0,-5,0,0
1,1,0,3,1,0,2,1,10,2,1,2,1,3,0,130,0,1
1,1,1,4,1,4,3,2,8,2,1,2,1,3,0,-109,0,1
1,1,1,6,2,13,6,2,13,2,2,3,1,3,7,245,0,1
1,1,0,4,1,16,10,2,13,1,1,0,0,3,7,188,0,0
0,1,1,4,1,16,3,2,6,1,4,5,1,3,4,142,0,1
1,1,1,5,1,13,8,2,13,1,1,5,1,0,7,157,0,1
1,2,0,4,1,4,1,1,9,1,0,6,1,0,0,292,0,1
1,2,1,5,1,15,2,2,13,1,1,0,1,0,6,83,0,1
0,1,0,4,1,15,4,2,12,2,1,1,1,3,0,15,0,0
1,1,1,6,1,14,2,2,1,2,1,7,0,0,4,35,0,0
1,1,0,7,1,16,3,2,13,1,2,1,1,0,11,66,0,1
1,1,1,5,1,14,4,1,1,2,1,4,1,4,0,-56,0,1
1,1,0,5,1,16,9,1,13,2,1,3,0,0,10,-78,0,1
1,1,1,4,1,4,4,2,14,2,1,2,0,0,0,-6,0,1
1,1,1,4,1,8,10,2,13,2,1,2,1,1,7,47,0,1
1,1,1,5,1,1,5,1,5,2,1,4,1,0,11,51,0,1
1,2,1,4,1,11,3,1,10,1,0,3,1,3,2,143,3,1
1,1,1,4,1,11,3,1,13,2,1,5,1,0,0,51,0,1
1,1,0,4,1,13,6,1,10,2,1,4,1,0,0,167,0,1
1,1,1,5,1,20,5,1,12,2,1,2,1,0,0,-71,0,0
0,2,0,5,1,14,4,1,13,2,1,0,1,1,0,278,0,1
1,1,1,7,1,16,10,2,12,2,1,1,1,0,0,-106,0,1
1,1,1,5,1,20,6,2,13,2,1,3,1,0,0,205,0,1
1,2,1,4,1,11,4,1,5,2,1,3,1,0,0,91,1,0
1,2,1,7,1,14,8,1,9,2,1,2,1,1,0,259,0,1
1,1,0,6,1,14,3,1,7,1,1,3,1,0,5,76,2,1
0,1,0,3,1,16,4,2,13,2,1,2,1,0,0,-7,0,1
1,1,0,4,1,13,9,2,11,1,1,1,1,0,0,192,0,1
1,1,0,4,1,12,12,2,12,2,2,2,0,3,0,-26,0,1
1,1,1,4,1,11,1,2,12,1,1,2,0,0,8,52,3,1
1,1,1,4,1,7,8,2,0,1,1,2,1,0,0,3,0,1
1,2,1,5,2,19,3,1,13,2,1,3,1,0,6,121,0,1
1,1,0,5,1,10,6,1,7,1,1,1,1,0,0,82,0,1
1,1,1,5,1,0,7,2,12,1,1,3,1,0,7,54,0,1
1,1,0,5,1,3,12,1,10,1,1,5,0,0,5,-10,0,0
1,1,0,6,1,16,7,1,13,2,1,1,0,1,10,266,0,1
1,1,0,4,1,18,1,2,13,2,1,1,1,0,7,-55,0,1
1,1,1,5,1,1,10,1,8,2,1,4,1,0,3,-27,0,1
0,1,1,4,1,9,11,2,12,2,1,3,1,0,0,-25,1,1
1,1,0,4,1,13,9,2,13,1,1,1,1,3,0,192,0,1
1,1,0,6,1,16,3,1,13,2,3,4,0,0,8,135,0,1
1,1,0,6,1,10,5,1,13,2,1,2,1,3,0,235,0,1
1,1,1,1,1,16,6,1,5,1,1,3,1,0,6,48,1,1
1,1,0,5,1,13,2,2,13,1,1,2,1,0,0,210,0,1
1,1,0,5,1,14,11,1,12,2,1,6,1,0,0,157,2,1
1,1,0,5,1,16,2,2,12,2,2,0,1,0,11,-24,0,1
1,1,0,4,1,13,2,1,1,2,1,3,1,0,0,224,1,1
1,1,1,4,1,22,8,2,6,1,1,1,1,0,0,31,0,1
1,2,1,4,1,13,3,1,13,2,2,2,1,3,7,248,0,1
1,2,0,4,1,7,11,2,12,1,1,0,1,0,0,-43,0,1
1,1,1,4,1,9,3,1,12,2,2,2,1,0,0,64,1,1
0,1,0,6,1,4,8,2,13,1,1,1,0,4,8,241,0,1
1,1,0,4,1,17,9,1,14,1,4,1,1,0,8,-40,0,1
1,1,0,5,1,10,12,2,8,2,0,0,1,0,7,124,0,1
1,1,1,5,1,10,12,1,14,2,1,1,1,0,6,26,0,1
1,1,0,5,1,1,11,2,13,1,1,-1,1,0,9,115,1,1
1,1,0,5,1,10,1,2,10,1,1,2,1,0,0,231,0,1
1,1,1,5,1,14,3,1,13,1,1,0,1,0,7,28,0,1
1,1,0,4,1,0,6,2,13,2,1,1,1,0,0,-82,0,1
1,1,1,4,1,11,3,2,13,2,1,2,1,3,4,-123,0,1
1,1,0,4,1,16,3,2,5,1,3,2,1,0,4,78,0,1
1,1,0,4,2,13,9,1,12,2,1,6,0,4,0,-36,0,1
1,1,1,5,1,6,8,2,7,1,1,3,1,0,7,-1,0,1
1,1,1,4,1,1,3,2,8,1,1,3,1,0,8,146,0,1
1,1,0,6,1,16,3,1,12,2,0,2,1,0,7,48,0,1
1,1,0,4,1,0,2,2,13,2,1,-1,1,4,0,114,0,1
1,1,1,4,1,16,1,1,12,2,1,6,1,0,0,104,0,1
1,1,1,4,1,14,5,2,12,2,1,1,1,0,4,75,0,1
1,1,1,4,1,16,12,1,12,2,1,6,0,0,10,-72,0,1
1,1,1,4,1,13,4,1,13,2,1,4,1,0,0,81,0,1
1,1,1,4,1,6,3,2,12,2,3,2,1,0,11,-51,0,1
1,1,1,4,1,11,2,2,13,1,1,-1,1,0,7,-111,0,1
1,1,0,6,1,1,4,1,4,2,1,3,1,0,6,143,0,1
1,1,0,5,2,12,8,2,13,1,1,2,1,0,3,79,0,0
1,2,0,4,1,0,7,2,8,2,1,2,0,0,7,124,0,1
1,1,1,4,1,0,6,2,0,1,1,1,0,3,10,87,0,1
1,1,1,4,1,0,6,1,13,1,1,1,1,0,8,-17,2,1
1,1,0,3,1,16,12,1,13,1,1,1,1,3,0,181,0,1
1,1,0,4,1,10,4,2,7,1,1,-1,1,0,7,162,0,1
1,1,1,5,1,16,5,2,13,2,1,2,0,3,7,60,0,1
1,1,1,4,1,10,11,2,13,2,1,1,0,0,3,-44,0,1
1,1,1,4,1,22,5,2,13,2,1,3,1,0,0,-18,0,1
1,1,1,5,1,11,6,2,1,1,1,2,1,0,0,78,1,1
1,1,1,5,1,14,11,1,6,1,1,4,1,0,0,-20,0,1
1,1,0,4,1,11,3,2,3,1,3,3,1,0,3,64,0,1
1,1,0,5,1,21,3,2,12,2,1,4,0,2,0,140,0,1
1,1,1,5,1,10,6,2,11,2,2,2,1,0,7,196,0,1
1,1,0,4,1,11,2,1,5,1,3,2,1,0,0,83,0,1
1,1,1,5,1,13,5,2,13,1,1,2,1,0,7,51,0,1
1,1,0,1,1,14,4,1,6,1,1,2,1,0,5,181,2,1
1,1,0,4,1,20,1,2,13,1,2,2,1,3,0,8,0,1
1,1,0,4,1,14,3,1,12,1,1,2,1,0,0,159,0,1
1,1,0,3,1,1,6,1,13,2,1,4,1,0,11,185,0,1
1,1,1,6,1,13,5,2,5,1,1,7,1,0,0,220,0,1
1,1,0,5,1,14,9,1,14,2,1,6,0,3,0,177,0,1
1,1,0,4,1,4,8,2,5,1,1,1,1,0,0,97,0,1
1,1,1,4,1,0,6,2,13,2,1,1,1,4,0,-58,0,1
1,1,0,5,1,11,7,1,7,1,1,1,1,0,0,72,0,1
1,1,0,5,1,16,11,2,7,1,1,0,1,0,2,222,0,0
1,1,1,4,1,4,8,1,13,2,0,-1,1,0,0,106,0,1
1,1,0,4,1,4,3,1,13,1,1,1,1,0,7,42,0,1
1,1,1,5,1,21,12,2,2,2,2,2,1,0,0,20,0,1
1,1,0,4,1,3,8,2,13,1,1,1,1,2,0,236,0,1
1,1,0,5,1,1,5,1,13,2,1,1,1,3,7,-61,0,1
1,1,0,4,1,18,12,2,10,2,1,1,1,0,0,49,0,1
1,1,0,4,1,16,3,2,13,1,1,-3,1,0,8,181,0,1
1,1,0,4,1,11,3,1,13,2,1,-2,1,0,0,-116,0,1
1,1,0,4,1,16,7,1,1,1,1,3,1,1,0,-10,0,1
1,1,1,4,1,0,5,2,13,2,1,4,1,0,7,154,0,1
1,1,0,5,1,16,8,1,13,2,4,0,1,0,7,95,0,1
1,1,0,4,1,16,12,2,13,1,1,4,1,0,0,114,0,1
1,2,0,5,1,13,1,1,12,2,1,3,0,2,8,332,0,1
1,1,1,5,1,11,1,1,13,2,3,1,1,0,6,37,0,1
1,1,1,3,1,20,1,2,12,1,1,-1,1,0,0,141,0,1
1,1,0,3,1,13,1,2,13,1,1,2,1,0,9,39,0,1
1,1,0,7,1,10,2,2,13,1,1,1,1,0,7,221,0,1
1,1,1,4,1,0,10,2,1,2,1,1,1,0,0,76,2,1
1,1,0,5,1,16,9,1,1,1,1,1,1,0,0,20,0,1
1,1,0,4,2,5,12,2,5,2,1,3,1,0,10,141,2,1
1,1,0,1,1,1,1,2,13,2,4,1,1,0,0,38,0,1
1,1,0,5,1,11,4,1,2,2,1,2,1,0,0,63,0,1
1,1,0,4,1,22,11,1,13,1,1,5,1,0,0,17,0,1
1,1,0,4,1,16,12,2,3,2,1,2,1,3,7,128,0,0
1,1,1,5,1,10,11,1,12,2,1,3,0,0,0,-123,0,1
1,1,0,4,1,0,9,1,13,1,1,2,1,3,7,324,2,1
1,1,0,4,1,16,9,1,13,1,1,0,1,0,0,-65,0,1
1,1,0,5,1,0,2,1,12,2,1,2,1,0,7,41,0,1
1,1,0,4,1,11,4,2,7,1,1,3,1,4,0,-19,0,1
1,1,0,5,1,10,12,2,13,1,1,2,1,0,4,-26,0,1
1,1,0,4,1,9,6,1,12,2,1,1,1,0,0,32,0,1
1,2,1,4,1,16,7,1,9,1,1,3,1,0,7,12,0,1
1,1,1,4,1,16,1,1,14,1,1,2,1,3,0,163,0,1
1,1,0,4,1,16,9,1,12,2,1,4,1,0,8,-14,0,1
1,1,0,4,1,13,9,1,14,1,1,1,1,0,7,94,0,1
1,1,0,5,1,16,11,1,13,2,1,4,1,0,0,23,0,1
1,1,0,4,2,9,5,1,12,1,1,2,1,0,6,142,0,1
1,1,0,4,1,0,3,1,13,2,1,2,1,0,0,-36,0,1
1,1,1,4,1,14,3,2,13,1,2,1,1,0,0,-33,0,1
0,1,0,4,1,16,11,1,4,2,3,2,1,3,0,425,0,0
1,1,1,4,1,13,1,2,12,2,1,4,1,0,0,-63,0,1
1,1,0,4,1,2,6,2,13,2,1,0,1,0,0,314,0,1
1,1,0,4,1,0,5,2,12,1,1,2,1,0,4,-138,0,1
1,1,1,5,1,16,7,2,13,1,1,2,1,3,6,55,0,1
1,1,0,4,1,16,10,1,2,2,1,3,1,3,0,310,0,1
1,1,0,4,1,10,2,1,13,2,1,0,1,0,0,-26,0,1
1,1,0,4,1,16,5,1,12,1,2,3,1,0,0,5,0,1
1,1,0,4,1,12,4,2,12,2,1,2,1,0,0,-160,1,1
1,1,1,5,1,10,9,2,13,2,1,2,1,3,0,5,0,1
1,1,0,4,1,0,5,2,13,1,1,0,1,0,0,-60,0,1
1,1,1,2,1,17,8,2,13,2,1,1,1,1,0,119,0,1
1,1,0,4,1,0,6,2,12,1,1,-2,1,0,0,90,0,1
1,1,0,4,1,16,3,1,13,1,3,1,1,3,6,6,2,1
1,1,1,5,1,0,12,1,13,2,1,0,0,3,0,67,0,1
1,1,0,5,1,16,10,1,2,2,1,3,1,0,0,59,0,1
1,1,0,4,1,13,6,1,12,2,1,5,1,0,0,-40,0,1
1,1,0,4,1,16,4,1,6,1,1,1,1,0,8,37,2,1
1,1,0,4,1,13,1,1,12,2,1,7,1,0,0,131,0,1
1,1,0,4,1,20,10,2,13,1,1,1,1,0,7,198,2,1
1,1,0,5,1,1,11,1,12,2,1,8,1,0,11,24,2,1
1,1,1,4,1,14,7,1,13,2,1,0,1,3,0,-108,3,1
1,1,0,5,1,16,5,2,12,1,1,3,1,0,0,339,0,0
1,1,1,5,1,21,1,2,11,1,1,0,1,3,0,58,0,1
1,1,0,5,1,16,4,2,12,1,2,-1,1,0,8,-23,0,1
1,1,0,5,1,13,6,1,13,1,1,2,0,0,7,285,0,1
1,1,1,5,1,16,12,2,12,1,1,6,1,0,0,20,0,1
1,1,0,4,1,22,6,1,12,2,1,1,1,0,9,72,0,1
1,2,0,4,1,2,5,2,13,1,1,2,0,3,0,136,0,1
0,1,0,4,1,13,8,1,12,2,1,2,1,0,0,-16,0,1
1,1,0,6,1,14,6,2,13,2,1,1,1,0,0,216,1,1
1,1,0,3,1,5,8,1,12,2,1,2,1,0,0,147,0,1
1,1,1,4,1,13,11,1,12,1,1,4,1,0,0,-25,0,1
1,2,1,5,1,15,1,1,13,2,1,2,1,3,8,280,0,1
1,1,1,4,1,13,12,2,12,2,1,1,1,3,0,-45,1,1
0,1,0,5,1,18,1,2,13,1,1,1,1,0,0,240,0,1
1,1,1,4,1,17,4,2,5,2,1,4,1,0,7,221,0,1
1,1,1,5,1,22,5,1,12,2,1,7,1,1,0,126,0,1
1,1,0,4,2,17,3,1,12,2,1,1,1,0,0,78,0,1
1,1,0,5,1,4,2,1,13,2,1,1,1,3,3,332,0,1
1,1,0,4,1,16,2,1,12,2,1,4,1,3,7,213,0,1
1,1,1,1,1,16,12,2,12,2,1,0,1,0,9,-130,0,1
1,1,0,6,1,5,4,1,10,2,1,4,1,0,5,1,0,1
1,1,1,7,1,11,3,1,12,2,1,1,0,3,0,172,0,1
1,1,0,2,1,2,6,1,12,2,1,0,1,0,0,-40,0,1
1,1,1,4,1,0,2,1,13,1,1,1,1,4,0,49,0,1
1,1,0,1,1,13,8,2,13,2,1,2,1,3,0,182,0,1
1,1,0,6,1,11,12,1,13,1,1,2,1,0,0,-25,0,1
0,1,0,5,2,0,11,1,13,1,1,1,1,0,0,246,0,1
1,1,0,7,1,10,9,2,13,2,1,0,0,4,6,-82,0,0
1,1,0,5,1,3,4,2,13,2,1,2,1,0,0,-117,0,1
1,1,1,4,1,22,4,2,12,2,1,6,1,0,0,-104,0,1
1,1,1,4,1,19,9,2,12,2,1,3,1,0,11,-94,0,1
1,1,0,5,1,11,10,1,13,2,3,0,1,1,7,33,0,1
1,1,1,5,1,13,11,1,13,1,1,3,1,3,5,111,0,1
1,1,0,4,1,1,11,1,13,2,1,5,1,0,2,70,0,1
1,1,1,4,1,21,7,2,13,1,1,-1,1,0,0,-92,0,1
1,1,0,4,1,13,5,1,1,2,1,5,1,0,0,9,0,1
1,1,1,5,1,14,5,1,5,1,1,3,1,0,0,-44,0,1
1,1,0,4,1,16,10,1,12,2,1,1,1,0,7,-3,0,1
1,1,0,6,1,13,5,1,7,1,1,2,1,0,6,143,0,1
1,1,1,4,1,4,9,2,13,2,1,1,1,0,7,27,0,1
1,1,0,4,1,2,3,2,13,2,1,5,1,0,0,123,0,1
1,1,1,4,1,10,1,1,12,2,1,3,1,0,0,85,0,1
1,1,1,5,1,0,9,2,13,2,1,4,1,0,0,159,0,1
1,2,1,5,1,11,7,1,4,1,1,2,1,3,0,157,0,1
1,2,1,4,1,14,1,1,12,2,1,4,1,1,0,-97,0,1
1,1,0,4,1,11,4,1,7,1,1,-1,1,0,10,119,0,1
1,1,0,4,1,11,5,1,12,2,1,3,1,0,0,-42,0,1
1,1,0,4,1,16,9,1,3,1,1,1,1,0,7,413,0,0
1,1,0,4,1,12,3,1,7,1,1,0,1,0,0,60,2,0
1,1,0,4,1,1,11,2,12,1,1,1,1,0,0,15,2,1
1,1,0,4,1,14,7,1,12,2,1,6,1,0,0,-85,0,1
1,1,0,6,2,16,3,2,11,1,1,2,1,0,0,-24,0,1
1,1,0,4,1,11,1,1,13,1,1,0,1,0,0,158,0,1
1,1,0,4,1,0,3,2,13,1,1,0,1,0,3,-38,0,1
0,2,1,4,1,16,6,1,13,1,1,0,1,0,0,46,1,1
1,1,0,4,1,16,12,2,12,2,1,0,1,0,5,55,0,1
1,1,0,4,1,13,6,2,13,2,1,2,1,3,4,0,0,1
1,1,1,4,1,11,6,1,13,2,1,1,1,0,0,54,0,1
1,1,1,4,1,10,6,1,10,2,0,1,0,0,0,64,0,1
1,2,0,4,1,11,5,2,13,1,1,4,1,3,0,112,0,1
1,1,0,4,1,13,6,1,12,2,1,0,1,0,0,-27,0,1
1,1,1,5,1,16,10,2,12,2,1,2,1,0,0,-89,0,1
1,1,1,5,1,10,7,1,1,2,1,4,1,0,0,-38,0,1
1,2,0,5,1,13,4,2,12,1,1,-1,1,0,11,22,0,1
1,1,0,5,1,16,3,2,5,2,1,5,1,0,10,189,0,1
1,1,0,5,1,0,7,1,12,2,1,2,1,1,0,-50,0,1
1,1,0,5,1,1,8,1,12,1,2,0,1,3,0,-59,1,1
1,1,0,4,1,0,8,1,4,2,1,4,1,0,0,40,0,1
1,1,0,4,1,16,9,1,13,1,1,0,1,0,0,127,2,1
1,1,1,6,1,13,10,1,12,1,1,3,1,0,0,315,0,1
1,1,1,4,1,13,6,2,1,2,1,5,1,0,11,248,1,1
1,1,1,4,1,0,6,1,13,2,1,1,1,0,0,199,0,1
1,1,1,4,1,20,9,1,12,2,1,4,1,3,6,120,0,1
1,1,1,5,1,13,2,1,12,2,3,5,1,0,0,-12,0,1
1,1,0,5,1,16,5,2,13,2,2,6,1,0,0,274,0,1
1,1,0,5,1,10,12,2,13,2,1,8,1,0,0,171,0,1
1,2,0,4,1,14,2,1,13,1,1,2,1,0,7,250,0,1
1,1,0,5,1,0,8,2,13,2,1,2,1,0,0,-53,0,1
1,1,0,5,1,10,9,1,11,1,1,3,1,0,0,102,0,1
1,2,0,4,1,16,1,2,13,2,1,6,1,3,0,-33,0,1
1,1,1,6,1,16,9,1,14,2,1,2,1,0,0,-194,0,1
1,1,0,4,1,0,5,2,13,1,1,0,1,0,0,-54,0,1
1,1,1,6,1,15,8,1,13,2,1,5,1,1,0,325,0,1
1,2,0,5,1,3,3,2,8,1,1,5,1,0,0,309,0,1
1,1,1,5,1,0,2,2,12,2,1,2,1,0,7,-39,0,1
1,1,0,5,1,0,11,1,13,2,1,-1,1,3,3,122,0,1
1,1,1,4,2,12,5,1,12,1,1,2,1,3,0,-137,0,1
1,1,1,6,1,1,2,1,12,2,2,2,1,4,0,-13,0,1
1,1,1,4,1,0,4,1,12,2,1,1,1,0,0,195,1,1
1,1,0,4,1,13,5,1,13,2,1,2,1,0,0,158,0,1
1,1,0,4,1,10,7,1,13,2,1,0,1,0,0,64,0,1
1,1,0,3,1,0,8,1,13,2,1,-1,1,3,7,176,0,0
1,1,0,5,1,1,6,2,13,2,1,1,1,2,0,14,0,1
1,1,0,4,1,13,12,2,13,2,1,3,1,0,0,-44,0,1
1,1,1,4,1,13,12,2,12,2,1,2,1,0,0,-19,0,1
1,1,0,5,1,13,10,2,12,2,1,1,1,0,0,173,0,1
1,1,0,2,1,10,12,2,13,2,1,6,1,0,0,51,0,1
1,1,0,5,1,10,3,1,13,2,1,2,1,3,0,124,0,1
1,1,0,4,1,14,7,1,13,2,1,2,1,0,0,-209,0,1
1,1,0,6,1,13,2,1,12,2,1,-1,1,3,3,80,0,1
1,1,1,4,1,16,4,1,12,1,2,2,1,0,0,178,0,1
1,1,1,5,1,4,12,1,12,2,1,5,1,0,0,-71,0,1
1,1,0,4,1,4,5,2,12,2,1,3,1,3,0,65,0,1
1,1,1,4,1,16,10,1,13,2,1,2,1,0,0,130,0,1
1,1,1,4,1,21,7,2,13,1,4,0,1,0,0,-17,2,1
1,1,0,7,1,22,11,2,12,2,1,4,1,0,0,-59,0,1
1,1,0,4,1,16,11,2,13,1,1,4,1,0,0,-125,2,1
1,1,0,4,1,0,8,2,13,2,1,0,1,0,0,188,0,1
1,1,1,4,1,9,11,2,13,2,1,2,1,3,0,78,0,1
1,1,0,5,1,13,7,2,13,2,1,1,1,0,0,-33,0,1
1,1,0,4,1,0,8,2,10,1,1,0,1,0,0,237,0,1
1,1,0,4,1,13,4,1,13,2,1,1,1,0,0,258,0,1
1,1,1,4,1,16,2,2,13,2,1,1,1,4,5,105,2,1
1,1,0,5,1,18,7,2,12,2,1,0,1,0,10,186,1,1
1,1,1,4,1,11,11,2,2,2,1,2,0,0,0,234,0,1
1,1,0,5,2,10,5,1,13,2,1,0,1,0,0,48,0,1
1,1,0,5,1,0,4,2,13,2,1,0,1,0,8,123,0,1
1,1,0,4,1,4,8,2,13,1,1,-2,1,0,2,67,0,1
1,1,0,1,1,13,8,1,13,2,1,0,1,0,0,157,0,1
1,1,0,3,1,11,9,1,13,2,1,5,1,0,2,-137,0,1
1,1,0,2,1,0,5,1,13,1,1,1,1,0,0,103,0,1
1,1,1,4,1,13,11,1,12,2,1,5,1,0,0,52,0,1
1,1,0,5,1,5,9,1,12,2,1,2,1,1,0,242,2,1
1,1,0,5,1,11,12,1,13,2,1,1,1,3,0,-84,0,1
0,1,0,5,2,10,1,1,13,2,1,4,1,0,7,-3,0,1
1,1,0,4,1,16,1,2,13,1,1,1,1,0,0,110,0,1
1,1,1,4,1,11,3,2,4,2,0,2,1,0,0,19,0,1
1,1,0,4,1,4,12,1,8,1,1,-1,0,0,0,231,0,1
1,1,0,6,1,20,9,2,5,1,1,-2,1,0,7,-109,0,1
1,1,1,4,1,20,11,1,12,2,1,2,1,0,0,86,0,1
1,1,0,5,2,16,10,1,13,1,1,3,1,0,0,231,0,1
1,1,0,5,1,16,1,1,5,2,1,3,1,0,7,170,0,1
1,1,0,5,1,16,3,2,12,1,1,-3,1,4,0,113,0,0
1,1,0,4,1,0,2,1,13,2,1,-1,1,0,2,108,0,1
1,1,0,5,1,13,9,2,13,1,1,2,1,0,7,210,0,1
0,1,1,5,1,11,3,1,13,1,1,0,1,3,0,-24,0,1
0,1,1,4,1,2,9,1,7,2,1,5,1,0,7,90,2,1
1,1,1,4,1,16,7,2,13,1,1,-1,1,0,0,109,0,1
1,1,1,4,1,10,3,2,13,2,4,0,1,0,0,-230,0,0
1,1,0,4,1,13,12,1,12,2,1,4,1,0,0,-70,0,1
1,1,0,5,1,0,4,2,14,2,1,0,1,3,0,157,3,1
1,1,1,4,1,13,2,2,13,2,1,5,1,0,0,40,0,1
1,1,0,1,1,17,12,2,8,1,1,2,1,0,0,84,0,1
1,1,1,2,1,0,4,2,12,2,1,4,0,0,0,-37,0,1
1,2,0,5,1,0,4,2,8,2,1,3,1,0,0,-39,0,1
1,1,0,5,1,10,5,1,13,2,1,3,1,2,7,168,0,0
1,1,0,4,1,0,6,1,12,2,1,1,1,0,0,-9,0,1
1,1,0,4,1,13,7,2,12,1,1,0,1,0,0,120,0,1
1,1,1,4,1,14,6,1,13,2,1,3,1,0,11,-67,0,1
1,1,1,1,1,0,12,1,12,1,1,4,1,3,8,77,0,1
1,1,1,2,1,14,9,2,12,1,1,2,1,0,0,143,0,1
1,1,1,5,1,13,1,2,13,1,1,-1,1,0,0,182,0,1
1,1,1,4,1,0,1,1,7,1,1,5,1,0,0,160,0,1
1,1,0,5,1,13,9,2,13,2,1,1,1,0,0,-105,0,1
1,2,0,5,1,13,7,1,8,2,1,1,1,0,7,267,0,1
1,1,0,3,1,16,7,2,13,1,1,5,1,3,2,373,0,1
1,1,0,4,1,0,1,2,12,2,1,0,1,0,5,-38,0,1
1,1,0,1,1,16,9,2,12,2,1,1,1,0,8,117,0,1
1,2,0,4,1,0,6,2,4,1,1,1,1,3,0,248,0,1
1,1,0,5,1,13,4,2,9,2,1,0,1,3,0,296,0,1
1,1,0,6,1,4,1,2,12,2,4,5,1,0,0,342,0,1
1,1,0,4,1,10,5,2,12,2,1,4,1,3,0,28,2,1
1,1,0,6,1,4,9,1,12,1,1,0,1,0,10,253,0,1
1,1,1,7,1,16,7,1,12,2,1,4,1,0,4,-146,0,1
1,1,0,5,1,0,3,2,13,1,1,2,1,0,11,-4,0,1
1,1,1,4,1,4,12,2,13,2,1,5,1,0,0,-35,0,0
1,1,0,4,1,9,2,1,12,2,1,0,1,0,0,23,0,1
1,1,0,5,1,13,5,2,13,2,1,3,1,0,0,-27,0,1
1,1,0,5,1,13,11,1,12,1,1,1,1,0,0,57,0,1
1,1,0,4,1,19,3,2,12,2,1,2,1,0,0,84,0,1
1,1,1,4,1,14,11,1,12,2,1,2,1,0,0,520,0,1
1,1,0,4,1,16,8,1,9,2,1,2,1,0,0,114,0,1
1,1,0,4,1,16,10,2,12,2,1,4,0,0,0,-12,0,1
1,1,1,4,1,14,7,2,0,2,1,0,1,0,7,-36,0,1
1,1,0,5,1,0,2,1,12,2,2,-1,1,0,0,-204,0,1
1,1,1,4,1,13,7,2,12,2,1,1,1,0,0,64,0,1
1,1,0,4,1,22,7,1,13,1,1,2,1,0,9,331,0,1
1,1,0,4,1,13,5,1,13,2,1,3,1,3,4,188,0,1
1,1,0,5,1,2,10,1,13,2,1,3,1,0,0,221,0,1
1,2,0,5,2,11,1,1,12,2,1,0,1,0,0,-54,0,1
1,1,0,3,1,16,3,1,12,2,1,2,1,0,0,-74,0,1
1,1,0,1,1,11,3,1,6,2,1,0,1,2,8,253,0,1
1,1,0,5,1,1,2,2,12,2,1,1,1,2,0,-78,0,0
1,1,0,5,1,11,1,1,13,1,1,-1,1,0,10,362,0,1
1,1,0,5,1,20,5,1,12,2,1,2,1,3,0,-41,2,1
1,1,0,4,2,4,7,2,12,2,1,1,1,0,0,-62,0,1
1,1,1,2,1,21,7,1,12,2,1,2,1,0,0,45,0,1
1,1,0,4,2,16,11,1,14,1,1,4,1,0,0,-72,0,1
1,1,0,5,1,16,9,2,14,1,1,1,1,0,0,77,0,1
1,1,0,4,1,13,4,2,13,2,1,6,1,2,0,164,0,1
1,2,0,4,1,16,10,2,13,1,1,2,1,0,0,180,0,1
1,2,1,4,1,10,11,2,13,1,1,1,1,4,0,141,0,0
1,1,1,5,1,16,10,2,13,2,1,2,1,0,0,16,0,1
1,1,0,4,1,16,8,1,13,1,1,3,1,0,11,10,0,1
1,2,0,4,1,0,12,2,13,1,1,-1,1,0,0,-149,0,1
1,1,1,5,1,1,2,2,12,2,1,5,0,0,0,233,0,1
1,1,0,4,1,20,8,1,1,2,1,2,1,0,6,-155,1,1
1,1,1,5,1,13,9,2,13,2,1,2,1,0,0,-63,0,1
1,1,0,4,1,11,6,1,13,2,1,1,1,0,0,-57,0,1
1,1,0,4,1,16,11,2,12,2,1,1,1,0,0,-54,0,1
1,1,0,6,1,0,6,1,13,1,1,2,1,0,0,-123,2,1
1,1,1,4,1,11,8,1,12,2,1,7,1,0,0,65,0,0
1,1,0,4,1,20,2,2,13,2,1,1,1,3,11,2,0,1
1,1,1,4,1,20,6,2,13,2,1,3,1,0,0,16,0,1
1,1,0,4,1,14,3,1,6,1,1,0,0,0,0,49,0,1
1,1,0,5,1,21,1,2,12,1,1,1,1,0,5,-253,0,1
1,1,1,6,1,20,11,1,12,2,1,2,1,3,10,-59,0,1
1,1,1,4,1,2,9,2,13,2,1,1,1,0,0,-192,0,1
1,1,0,4,1,13,7,2,12,2,1,3,1,3,0,-60,2,1
1,1,1,5,1,10,4,1,12,2,1,6,1,0,0,-37,0,1
1,1,0,4,1,15,12,2,8,2,1,4,1,0,0,67,0,1
1,1,1,5,1,16,1,2,13,2,1,4,1,0,0,485,0,1
0,1,0,4,1,7,12,2,12,1,1,3,1,0,0,30,0,1
1,1,1,2,1,10,2,1,12,2,1,5,1,0,2,-44,0,1
1,1,1,4,1,16,5,1,13,2,1,5,1,0,7,-1,0,1
1,1,1,4,1,0,7,1,13,1,1,-4,1,0,10,-170,0,1
1,1,1,4,1,0,3,2,12,2,1,2,1,3,0,31,0,1
1,1,1,4,1,13,11,1,12,2,1,6,1,0,0,-387,0,1
1,1,0,5,1,10,4,1,1,1,1,2,1,0,0,199,0,1
1,1,0,4,2,16,12,1,12,1,1,3,1,0,0,-29,1,0
1,1,1,4,1,0,4,1,12,2,2,1,1,0,0,-22,0,1
1,1,0,5,1,11,4,1,12,1,1,1,1,3,0,341,0,1
0,1,1,4,1,13,5,1,12,3,1,5,1,0,0,118,0,1
1,1,0,5,1,0,12,2,13,1,1,1,1,3,0,163,0,1
1,1,1,4,1,1,7,1,12,2,1,4,1,3,0,34,0,1
1,1,0,5,1,11,2,1,12,2,1,3,1,0,0,-51,0,1
1,1,1,4,1,16,11,1,13,1,1,2,1,0,0,-66,0,1
1,1,0,4,1,11,11,1,12,1,1,3,1,0,0,-55,0,1
1,1,1,4,1,13,1,2,12,2,1,1,1,0,0,-47,0,1
0,1,0,4,1,13,5,1,13,1,1,0,1,0,0,0,0,1
1,1,0,5,1,20,9,2,13,2,1,1,1,3,0,66,0,1
1,1,0,5,1,18,11,2,13,1,2,-2,1,0,0,131,0,1
1,1,0,3,1,10,11,1,13,1,1,2,1,3,0,-31,0,1
1,1,0,4,1,10,4,1,12,1,1,3,1,0,0,-16,2,1
1,1,0,4,1,16,10,1,13,1,1,0,1,2,0,2,0,1
1,1,1,5,1,14,4,2,13,2,1,4,1,3,0,-93,0,1
1,1,0,4,1,7,11,1,13,2,2,2,1,0,8,-53,0,1
1,1,0,4,1,16,5,1,12,1,1,6,1,2,0,160,0,1
1,1,1,4,1,1,9,1,12,2,1,2,1,0,0,-314,0,1
1,1,0,5,1,16,2,1,12,2,1,4,1,0,0,16,0,1
1,1,0,4,1,16,2,1,12,2,1,0,1,0,0,39,0,1
1,1,1,4,2,16,8,2,12,1,1,2,1,0,0,176,0,1
1,1,1,4,1,1,2,2,12,2,1,-2,1,0,0,-206,0,0
1,1,0,6,1,0,1,1,12,2,4,4,1,4,0,-2,0,1
0,1,0,5,1,2,8,1,2,2,1,5,0,2,0,238,0,1
1,1,1,3,1,0,3,1,13,2,1,5,1,0,0,90,0,1
1,1,1,5,1,11,12,1,12,2,2,2,1,4,0,-30,1,1
1,1,0,4,1,1,3,2,12,1,1,1,1,0,9,-141,0,1
1,1,0,4,1,13,4,1,12,2,1,7,1,0,0,34,0,1
1,2,1,5,1,10,6,1,10,2,1,2,1,0,0,141,0,1
1,2,1,6,1,18,12,1,12,1,1,3,1,0,0,-146,0,1
1,1,0,4,2,13,7,2,12,2,1,2,1,3,0,-34,0,1
1,1,0,5,1,16,8,1,13,1,1,0,1,0,0,97,0,1
1,2,0,6,1,16,7,2,13,2,0,2,1,0,0,31,0,1
1,1,1,4,1,0,4,2,13,1,1,1,1,0,0,-77,0,1
1,1,0,6,1,4,8,2,12,2,1,5,1,0,0,-32,0,1
1,1,0,5,1,11,10,2,12,2,1,-1,1,0,3,-84,0,1
1,1,0,4,1,13,10,2,8,2,1,3,1,0,0,115,0,1
1,2,1,7,1,13,11,2,13,2,1,1,1,3,0,85,0,1
1,1,0,5,1,13,5,2,12,2,1,7,1,0,0,-12,0,1
1,2,0,5,1,16,4,2,12,2,0,4,1,0,0,171,0,1
1,1,0,5,1,16,7,2,13,2,1,1,1,0,7,55,0,1
1,1,1,4,1,13,7,1,13,2,1,-2,1,4,0,-46,0,1
1,2,0,5,1,13,2,2,12,2,1,4,1,0,0,-88,0,1
1,2,1,4,1,9,2,1,13,1,1,-1,1,0,0,186,0,1
1,1,1,4,1,20,4,1,13,1,1,1,1,0,0,-144,0,1
1,1,0,6,1,10,2,2,12,1,4,-1,1,0,0,77,0,0
1,1,0,6,1,4,2,2,13,2,1,-2,1,0,0,125,0,1
1,1,0,5,1,13,7,2,13,1,1,0,1,0,0,161,0,1
1,1,0,5,1,10,7,2,13,1,1,0,1,0,0,-207,3,1
1,1,0,4,1,13,11,1,13,2,1,2,1,2,0,-146,0,1
1,1,1,6,1,16,6,2,13,1,1,0,1,0,0,-1,2,1
1,1,0,4,1,16,3,1,13,1,1,4,1,0,0,27,0,1
1,1,1,5,2,15,9,2,10,1,1,2,1,0,0,35,0,1
1,1,0,4,1,16,5,1,13,2,1,2,1,0,0,-50,0,1
1,1,0,5,1,4,11,2,13,1,1,5,1,0,5,-42,0,1
1,1,0,6,1,4,8,1,12,2,1,1,1,0,0,-104,0,1
1,1,1,4,1,0,11,2,13,2,1,2,1,0,0,210,0,1
1,2,0,5,1,14,1,1,13,2,1,3,1,3,6,272,0,1
1,1,0,5,1,11,3,2,13,2,1,3,1,0,0,121,0,1
1,1,1,5,1,15,9,2,4,1,1,6,1,0,0,211,0,1
1,1,1,4,1,11,8,1,13,2,1,1,1,0,5,-145,0,1
1,1,0,4,1,20,7,1,13,2,1,5,1,0,0,173,0,1
1,1,0,4,1,1,12,2,3,1,1,1,1,0,0,535,0,1
1,1,0,5,1,10,2,2,13,1,1,0,1,0,7,96,0,1
1,1,1,1,1,13,8,2,13,1,1,4,1,0,0,78,0,1
1,1,1,5,1,13,8,2,13,2,1,6,1,0,0,274,2,1
1,1,0,5,1,16,9,2,2,2,1,4,1,3,0,218,0,0
1,1,1,5,1,1,4,1,12,2,1,1,1,0,0,-236,0,1
1,1,1,5,1,13,10,1,12,1,1,4,1,0,10,191,0,1
1,1,1,4,1,0,10,2,12,1,1,3,1,0,0,-175,0,1
1,2,0,4,1,16,11,1,12,2,1,2,1,0,0,-208,0,1
1,1,0,4,1,13,5,1,13,2,1,2,1,0,2,-192,0,1
1,1,1,5,1,13,2,1,13,2,1,4,1,3,0,173,2,1
1,1,0,5,1,16,8,2,13,2,1,4,1,0,0,115,1,1
1,1,1,4,1,13,2,1,12,2,1,5,1,0,0,-269,0,1
1,1,1,5,1,0,5,1,13,1,1,6,1,0,0,-11,0,1
1,1,1,4,1,16,9,1,13,2,1,3,1,3,0,-24,0,0
1,1,1,6,1,6,9,2,13,2,1,4,1,0,0,26,0,1
1,1,0,5,1,20,1,1,13,2,1,3,1,0,0,51,0,0
1,1,0,4,1,10,7,1,13,2,1,1,1,0,0,150,0,1
1,1,1,4,1,0,1,1,13,2,1,1,1,0,0,28,0,1
1,1,1,4,1,13,8,2,4,1,1,6,1,3,0,386,1,0
1,1,1,4,1,13,4,2,13,1,1,3,1,0,7,299,1,1
1,1,0,4,1,0,10,2,12,2,1,4,1,0,0,-84,0,1
1,1,0,2,1,0,5,2,10,2,1,1,1,3,0,245,0,1
1,1,1,5,1,13,11,1,13,2,1,3,1,0,0,-73,0,1
1,1,0,5,1,10,2,2,13,2,1,5,1,0,0,201,2,1
1,2,1,4,1,1,8,2,7,1,1,2,1,3,11,281,0,1
1,1,0,5,1,14,4,2,12,2,1,4,1,3,0,304,0,1
1,1,0,4,1,13,6,1,13,2,1,3,1,0,0,53,0,1
1,1,1,5,1,13,12,1,13,2,1,9,1,0,0,-90,0,1
1,1,0,4,2,13,2,1,10,2,1,2,1,0,0,58,0,1
1,1,1,5,1,10,3,2,12,2,1,7,1,3,0,445,0,1
1,1,1,4,2,14,8,1,13,1,1,1,1,0,0,19,0,1
1,1,1,6,1,0,6,1,13,2,1,10,1,0,0,-27,0,1
1,1,0,4,1,9,11,2,13,1,1,2,1,0,0,-51,0,1
1,2,1,4,1,0,4,1,13,1,1,1,1,3,0,2,0,1
1,1,1,5,1,13,7,2,13,1,1,1,1,0,0,-26,0,1
1,1,1,6,1,1,3,2,13,2,1,0,1,1,7,34,0,1
1,1,1,4,1,0,11,2,11,3,1,5,1,0,0,-36,0,1
1,1,1,4,1,13,10,2,12,2,1,3,1,0,0,-115,0,1
1,2,1,4,1,10,11,2,12,1,1,2,1,3,0,108,0,1
1,1,0,5,1,16,6,1,12,2,1,4,1,3,0,379,0,1
1,1,0,2,1,19,12,1,12,1,1,0,1,0,0,406,1,1
1,1,0,6,1,13,2,2,13,2,2,7,1,0,0,688,0,1
1,1,1,4,1,20,12,2,12,1,1,0,1,0,0,152,0,1
1,1,1,4,1,4,12,1,1,1,1,4,1,3,0,248,0,1
1,1,1,4,1,1,4,1,13,2,1,6,1,0,0,156,0,1
1,1,1,4,1,9,9,1,12,2,1,2,1,0,0,-15,1,1
1,1,0,4,1,16,4,2,9,1,0,0,1,0,0,56,0,1
1,1,0,4,1,0,6,2,4,1,1,2,1,0,0,142,0,1
1,1,1,4,1,14,4,2,12,1,1,1,1,0,6,61,0,1
1,1,1,4,1,13,7,2,13,1,1,2,1,0,0,-45,0,1
1,1,1,6,1,14,10,1,13,2,1,2,1,0,0,-214,0,1
1,1,1,4,1,9,4,1,12,2,1,2,1,3,10,410,3,1
1,1,0,4,1,16,1,1,12,2,1,4,1,1,0,-74,0,1
0,1,0,6,1,0,6,2,13,2,1,0,1,0,0,-77,0,1
1,1,0,4,1,0,9,1,13,1,1,1,1,0,0,-84,3,1
1,1,1,5,1,0,2,1,12,2,1,6,1,0,0,-163,0,1
1,1,0,4,1,16,11,2,12,2,1,4,1,0,0,8,0,1
1,1,0,5,1,18,3,1,12,2,1,5,1,0,0,82,0,1
1,1,0,6,1,13,11,1,13,1,1,-3,1,0,0,-97,0,1
1,1,1,4,1,11,8,1,13,1,0,1,1,3,7,267,0,1
1,2,1,5,1,1,1,2,12,2,1,7,1,0,0,141,0,1
1,1,0,4,1,2,8,1,13,2,1,2,1,0,9,-124,0,1
1,1,0,5,1,16,2,1,13,2,1,4,1,0,0,341,0,1
1,1,0,6,1,0,2,1,13,2,1,0,1,3,0,23,0,1
1,1,0,4,1,8,5,2,12,1,1,0,1,0,0,-74,2,1
1,1,0,5,1,10,3,2,13,1,1,2,1,0,5,92,0,1
0,1,1,5,1,13,1,2,12,1,1,2,1,0,0,48,0,1
1,1,0,4,1,13,3,1,13,2,1,0,1,4,7,99,0,1
1,1,0,4,1,11,6,2,13,2,1,1,1,3,0,43,0,1
1,2,1,4,1,13,2,1,12,2,1,6,1,0,0,74,3,1
1,1,0,4,1,11,5,1,12,1,1,3,1,0,8,-404,0,1
1,1,0,6,1,13,5,1,13,1,1,1,1,0,0,82,0,1
1,1,0,5,1,16,7,2,13,1,1,0,1,0,0,267,0,1
0,1,0,4,1,16,8,2,12,1,1,3,1,0,7,74,0,1
1,1,0,4,1,11,2,2,12,3,1,1,1,0,0,37,0,0
1,1,1,4,1,13,10,1,12,1,1,0,1,0,0,-128,0,1
1,1,1,4,1,14,3,2,12,1,1,4,1,0,0,248,1,0
1,1,0,5,1,4,2,1,12,1,1,3,1,0,0,-184,0,1
1,1,1,4,1,7,2,2,12,2,1,1,1,0,0,49,0,1
1,1,0,4,1,13,4,1,12,2,1,1,1,0,7,-106,0,1
1,1,0,4,1,16,8,2,12,1,1,-2,1,0,0,-350,0,1
1,1,1,5,1,10,3,1,13,2,1,4,1,0,0,245,0,1
1,1,0,5,1,16,6,1,7,1,1,1,1,0,0,313,0,1
1,1,0,4,1,5,7,1,10,2,1,-2,1,0,8,121,0,1
1,1,0,4,1,15,10,1,13,1,1,3,1,3,0,-19,0,1
1,1,0,4,1,16,7,2,13,1,1,5,1,0,0,-87,0,1
1,1,0,5,1,0,10,2,13,2,1,1,1,0,0,22,1,1
1,1,1,4,1,16,2,2,13,2,1,1,1,3,0,154,0,1
0,2,0,4,1,0,5,2,13,1,1,-2,1,0,3,-104,0,1
1,1,1,5,1,0,5,2,13,1,1,0,1,0,0,90,0,0
1,1,0,4,1,1,5,2,13,2,2,3,1,3,0,116,2,1
1,1,0,4,1,17,1,1,13,1,1,-2,1,3,0,267,0,1
1,1,1,4,1,22,10,1,12,2,1,4,1,0,0,-271,0,1
1,1,1,4,1,1,7,1,13,2,1,2,1,0,0,-72,0,1
1,1,0,6,1,1,12,2,13,1,1,4,1,0,0,-47,3,1
1,2,1,4,1,0,2,1,12,2,1,8,1,0,0,-98,0,1
0,1,1,5,1,0,9,2,5,1,1,-1,1,0,0,373,0,1
1,1,0,5,1,1,5,1,12,2,1,4,1,0,0,-170,0,1
1,1,0,4,1,13,10,2,12,1,1,0,1,0,0,22,0,0
1,1,1,4,1,4,5,2,13,2,1,0,1,0,0,-30,0,0
1,1,0,7,1,10,5,1,13,2,1,2,1,0,0,179,0,1
1,2,0,5,1,16,2,1,13,1,0,4,1,3,0,482,0,1
1,2,1,4,1,0,11,1,13,2,1,1,0,0,0,45,0,1
1,1,0,4,1,11,10,1,12,1,1,2,1,0,0,198,0,1
1,1,1,4,1,4,5,1,13,1,1,3,1,0,0,-61,0,1
1,1,0,5,1,16,3,1,13,1,1,4,1,0,0,104,0,1
1,1,0,4,1,22,5,1,12,2,1,4,1,0,0,-111,0,1
1,1,1,5,1,20,10,2,13,1,1,5,1,0,0,-136,0,1
1,1,0,4,1,16,12,1,12,2,1,5,1,3,0,-131,0,0
1,1,1,5,1,14,6,2,12,1,1,5,1,3,0,188,0,1
1,1,1,4,1,11,4,2,13,2,1,-3,1,3,0,32,0,1
1,1,1,4,1,16,5,2,13,1,3,0,1,3,0,49,0,1
1,1,0,6,1,1,11,1,12,2,1,5,1,0,0,200,1,1
1,1,0,4,1,10,10,2,13,2,1,4,1,0,0,-6,0,1
1,1,1,5,1,10,1,1,12,2,1,4,1,0,0,-28,0,1
1,1,1,5,1,13,8,2,13,1,3,4,1,0,0,259,0,1
1,1,0,5,1,13,7,2,13,1,1,3,1,0,0,-21,0,0
1,1,0,4,1,1,7,1,10,2,1,3,1,0,0,-12,0,1
0,2,1,5,1,13,9,1,13,2,1,-2,1,0,0,-31,0,1
1,1,0,4,1,1,10,2,12,1,1,2,1,0,0,141,0,0
1,1,0,4,1,13,8,1,12,1,0,1,1,4,0,168,0,1
1,1,1,4,1,16,10,1,12,1,1,1,1,0,0,-110,0,1
1,1,0,4,1,11,3,1,13,1,1,-2,1,0,0,-322,0,1
0,1,0,5,1,9,7,1,7,1,1,4,1,0,0,85,0,1
1,1,0,4,2,13,11,1,13,2,1,5,1,0,0,187,0,1
1,1,0,4,1,13,2,2,3,2,1,4,1,0,0,112,2,1
1,1,0,5,2,13,10,2,12,1,1,3,1,3,4,64,0,1
1,1,0,4,1,0,1,2,12,2,1,7,1,0,0,239,0,1
1,1,0,4,1,20,2,1,8,1,1,1,1,0,0,-4,1,1
1,1,1,6,1,13,4,2,13,1,1,0,1,0,3,53,0,1
1,1,1,5,1,13,5,1,12,2,1,4,1,0,0,-96,0,1
1,1,1,5,1,13,10,1,13,2,1,2,1,0,7,271,0,1
1,1,0,5,1,14,5,1,7,2,1,0,1,0,0,-15,0,0
1,1,0,6,1,13,5,2,13,1,1,0,1,0,0,-33,0,1
1,1,0,5,1,13,12,1,13,2,1,2,1,0,0,181,2,1
1,1,0,6,1,16,7,1,13,1,1,2,1,3,0,69,0,1
1,1,1,5,1,11,9,2,13,2,1,7,1,0,0,57,0,0
1,1,1,5,1,0,8,1,13,2,1,6,1,0,0,-59,0,1
1,1,1,4,1,1,1,1,6,2,1,2,1,0,0,111,0,0
1,1,0,1,1,16,7,2,13,2,1,5,1,1,0,-187,0,1
1,1,1,4,1,0,6,1,5,1,1,4,1,0,0,145,0,1
1,1,0,5,1,0,12,2,12,1,1,4,1,0,0,65,0,1
1,1,1,5,1,10,3,1,12,1,1,3,1,0,0,-181,0,1
1,1,0,4,1,13,7,1,13,1,1,3,1,0,0,-164,0,1
1,1,1,4,1,13,5,2,13,1,1,4,1,3,0,362,0,1
1,1,0,6,1,15,7,2,13,2,1,2,1,0,0,-37,0,1
1,1,1,2,1,11,9,1,13,1,1,1,1,0,0,-362,0,1
1,1,1,4,1,16,4,1,14,1,1,2,1,0,0,260,0,1
1,1,1,4,1,13,12,2,12,2,1,2,1,3,0,176,0,1
1,1,1,4,1,13,8,2,13,1,1,3,1,0,0,247,0,1
1,1,0,6,1,6,3,1,12,1,1,-2,1,0,0,-84,1,1
1,1,1,5,1,20,7,2,13,1,1,-2,0,3,3,338,0,1
1,1,0,5,1,0,4,1,13,2,1,1,1,2,0,-35,0,1
1,1,0,4,1,0,4,1,13,2,1,4,1,3,0,236,1,1
1,1,1,4,1,14,10,2,12,2,1,1,1,0,2,-211,0,1
1,1,0,6,1,11,7,2,12,2,1,2,1,0,0,-209,0,1
0,1,0,6,1,16,2,1,13,1,4,1,1,0,0,-69,0,1
1,2,0,5,1,14,9,1,12,1,1,-1,1,0,0,27,0,1
1,1,0,4,1,11,6,2,12,1,1,3,1,0,0,139,0,1
1,1,0,5,1,13,4,2,12,1,1,3,1,3,0,247,0,1
1,1,0,4,2,14,2,2,12,2,1,-2,1,3,0,166,0,1
1,1,0,5,1,16,8,1,13,2,1,3,1,0,0,-102,0,0
1,1,0,7,1,13,1,1,6,2,1,3,1,0,3,433,0,1
1,1,0,4,1,1,11,1,12,2,1,3,1,3,0,-296,0,1
1,1,0,5,1,13,8,2,10,2,1,1,1,0,0,108,0,1
1,1,0,5,1,13,2,1,13,2,1,-3,1,0,0,192,0,1
0,1,0,4,2,13,1,2,13,1,1,2,1,0,0,73,0,1
1,1,1,5,1,16,9,1,7,2,1,4,1,0,0,512,0,1
1,1,1,4,1,16,7,2,12,2,1,6,1,3,8,173,0,1
1,1,1,4,1,10,5,1,5,1,3,4,1,0,0,379,0,1
1,2,0,1,1,13,1,1,13,1,1,1,1,3,0,35,0,1
1,2,0,4,1,16,1,1,13,2,1,0,1,2,0,154,0,1
1,1,0,5,1,20,1,1,12,2,1,1,1,0,0,-61,0,1
1,1,1,4,1,13,4,2,13,1,1,1,1,0,0,36,0,0
1,1,0,6,1,13,12,1,12,2,1,6,1,0,0,48,0,1
1,1,1,4,1,14,10,1,13,2,1,2,1,0,0,-123,0,1
1,1,0,4,1,1,8,1,13,2,1,3,1,0,0,157,0,1
1,1,0,1,1,14,1,1,13,2,2,2,1,0,9,410,0,1
1,1,1,4,1,16,3,2,11,2,1,3,1,0,0,544,0,1
1,2,0,4,1,22,1,1,2,1,1,5,1,0,0,248,0,1
1,1,1,4,1,13,5,1,12,1,1,2,1,0,0,51,0,1
1,1,1,5,1,1,8,1,8,1,1,0,1,0,0,183,0,1
1,1,0,5,1,13,1,1,9,1,1,2,1,0,0,341,0,1
1,1,1,5,1,14,8,1,13,2,1,0,1,3,0,378,0,1
1,1,0,5,1,13,5,1,12,1,0,1,1,0,0,-109,0,1
1,1,0,6,1,16,1,1,13,2,1,6,1,0,0,-174,0,1
1,1,0,5,1,16,1,1,13,2,1,5,1,0,0,187,0,1
1,1,1,4,1,0,11,2,12,1,1,1,1,0,0,-278,0,1
1,1,1,5,1,13,8,1,14,2,1,2,1,3,0,251,0,1
1,1,0,5,1,1,7,2,12,1,1,5,1,2,0,74,0,1
1,1,1,6,1,13,9,2,12,1,1,4,1,3,0,149,0,1
1,1,0,5,1,16,3,1,12,1,1,0,1,3,0,103,0,1
1,1,0,5,1,16,10,1,12,2,1,10,1,0,0,-30,0,1
1,1,0,4,1,11,4,2,12,1,1,-2,1,3,0,44,0,1
1,1,0,4,1,13,12,1,8,2,1,2,1,0,0,125,0,1
1,1,1,5,1,10,4,1,12,2,0,0,1,0,0,112,2,1
1,1,0,4,1,13,10,1,8,1,1,3,1,0,0,276,0,1
1,1,0,5,1,16,7,1,12,1,1,2,1,3,0,221,0,1
1,1,1,5,1,13,4,1,1,2,1,2,1,0,0,480,0,1
1,1,0,4,1,16,11,2,13,1,1,2,1,0,7,209,0,1
1,1,0,4,1,16,1,1,13,2,1,5,1,0,0,221,0,1
1,1,1,4,1,16,2,1,12,2,1,3,1,0,0,383,0,1
1,1,0,5,1,16,10,2,9,1,1,0,0,0,0,293,0,1
1,1,0,4,1,16,10,2,12,2,1,1,1,0,0,-8,0,1
1,2,0,5,1,13,3,1,13,1,1,1,1,4,0,51,0,1
1,1,0,4,1,0,2,1,13,2,1,4,1,0,0,301,0,1
1,1,1,4,1,4,1,2,7,1,1,0,1,3,0,-124,0,1
1,1,0,4,1,3,3,1,12,2,1,3,1,0,0,476,0,1
1,1,0,5,1,14,2,1,13,1,1,-1,1,3,7,21,0,1
1,2,0,1,1,18,8,1,12,2,1,7,1,0,0,117,0,1
0,1,0,7,1,0,5,2,12,1,1,2,1,0,0,307,0,1
1,1,0,5,1,4,8,2,13,1,1,0,1,3,0,-5,0,1
1,1,0,4,1,14,6,1,13,1,1,1,1,0,0,-210,0,1
1,1,1,5,1,4,5,1,13,2,1,3,1,3,0,82,0,1
1,1,0,5,2,11,4,1,12,2,1,4,1,3,0,6,0,1
1,1,0,4,1,16,7,1,12,2,1,3,1,0,0,-36,0,1
1,1,1,5,1,14,6,1,12,2,1,3,1,0,0,-2,0,0
1,1,1,3,1,0,1,2,13,1,1,5,1,0,0,-110,0,1
1,1,0,4,1,12,11,2,5,1,1,4,1,0,0,-43,1,1
1,1,0,5,1,11,3,1,12,1,2,-1,1,0,0,44,0,1
0,1,1,5,1,15,5,1,5,1,1,2,1,0,6,15,0,0
1,1,0,5,1,16,12,1,1,1,1,6,1,3,0,292,0,1
1,1,0,5,1,13,1,1,12,2,1,8,1,2,0,312,0,1
1,1,0,4,1,20,7,2,13,1,1,1,1,3,0,35,0,1
1,1,1,5,1,22,11,2,13,1,1,4,1,0,0,-77,0,0
1,2,1,4,1,14,10,1,6,1,2,3,1,0,2,384,0,1
1,1,1,4,1,1,12,1,12,1,1,-1,1,0,0,-346,0,1
1,1,1,4,1,14,8,1,13,2,1,2,1,3,3,288,0,1
1,1,1,6,1,0,4,2,13,1,1,1,1,0,7,-137,0,1
1,1,0,4,1,13,8,1,13,2,1,2,1,0,0,-72,0,1
1,1,1,4,1,0,5,1,13,2,1,7,1,0,5,-170,0,1
1,1,1,4,1,13,3,1,12,2,1,2,1,0,4,66,0,1
1,1,0,5,1,10,3,1,13,2,1,3,1,0,0,41,0,1
1,1,0,4,1,1,11,2,13,1,1,1,1,0,0,325,0,1
1,1,0,4,1,13,5,1,11,1,1,3,1,0,0,118,0,1
1,2,0,5,1,7,6,2,12,2,1,4,1,3,7,180,0,1
1,1,0,5,1,0,7,1,13,1,1,-1,1,0,0,23,0,1
1,1,1,4,1,13,8,1,13,2,1,1,1,0,0,-58,0,1
1,1,0,4,1,13,11,1,12,1,1,0,1,0,0,-38,0,1
1,2,0,5,1,4,10,2,12,2,1,2,1,0,0,235,0,1
1,1,0,4,2,13,2,1,12,1,1,3,1,0,8,489,0,1
1,1,1,6,1,13,4,1,6,2,1,2,1,3,0,286,0,1
1,1,1,4,1,13,9,2,12,2,1,5,1,0,0,495,0,1
1,2,0,4,1,13,10,2,13,1,1,3,1,3,0,304,0,1
1,1,0,5,1,14,4,1,12,2,1,5,1,0,0,-184,0,1
1,2,1,5,1,16,9,1,4,1,1,1,1,0,0,225,1,1
1,1,1,6,1,16,9,2,10,1,1,0,1,0,0,96,0,1
1,1,1,4,1,16,5,1,12,2,1,5,1,0,0,97,0,1
1,1,1,5,1,13,5,2,9,1,1,2,1,0,0,-33,0,1
0,1,0,4,1,14,7,1,13,1,1,0,1,3,4,265,1,1
1,1,0,5,1,0,3,2,6,2,1,4,1,0,7,163,0,1
1,1,0,4,1,16,7,2,13,1,1,1,1,3,0,-145,0,1
1,1,0,4,1,16,11,2,12,2,4,2,1,0,8,161,0,1
1,1,1,4,1,13,12,1,13,1,1,1,1,0,0,-9,0,1
0,1,1,4,1,13,11,1,13,2,1,1,1,3,0,166,0,1
1,1,1,4,1,6,4,1,13,2,1,4,1,0,0,-25,0,1
0,1,0,6,1,13,5,1,13,2,1,1,1,0,0,-114,0,1
1,1,1,4,2,10,6,2,12,2,1,3,1,0,0,173,0,1
1,1,1,5,1,13,6,1,6,2,2,1,1,0,0,230,0,1
1,1,1,4,1,13,8,1,12,1,1,2,1,0,0,185,0,1
1,1,1,4,1,11,5,1,12,1,1,2,1,0,0,-183,0,1
1,1,0,4,1,16,6,2,13,1,1,0,1,0,0,256,0,1
1,1,0,5,1,11,1,1,12,2,1,1,1,0,9,224,2,1
1,1,0,5,1,5,8,2,12,2,4,7,1,0,9,121,0,1
1,1,0,4,1,13,2,1,12,2,1,2,1,0,0,128,0,0
1,1,0,6,1,13,7,1,13,2,1,-1,1,3,0,445,0,1
1,1,1,5,1,13,9,1,9,2,1,0,1,0,0,73,2,1
1,1,1,4,1,1,3,1,12,2,1,-1,1,0,0,-9,0,1
1,1,0,1,2,14,9,1,12,1,1,6,1,3,0,-173,0,1
1,1,1,5,1,13,7,2,0,1,1,2,1,3,0,416,0,1
1,1,1,5,1,1,2,1,12,2,1,1,1,0,0,-180,0,1
1,1,0,5,1,8,3,2,4,2,1,2,1,3,0,197,0,1
1,2,0,5,1,16,9,2,12,1,1,-1,1,0,0,-80,0,1
1,1,0,4,1,13,11,2,13,1,1,2,1,0,10,293,0,1
1,1,0,4,1,11,1,1,13,2,1,1,1,0,0,-551,0,1
1,1,0,4,1,10,7,1,13,1,1,5,1,0,0,-196,1,1
1,1,1,4,1,13,12,2,13,1,1,0,1,0,0,56,0,1
1,2,1,2,1,14,3,1,13,2,1,0,1,0,0,306,0,1
1,1,0,5,1,10,2,1,13,2,1,-2,1,0,0,5,0,0
1,1,0,5,1,4,4,2,13,1,1,2,1,0,0,28,0,1
0,1,1,4,2,13,11,1,13,1,1,3,1,0,0,-68,0,0
1,1,0,4,1,16,3,1,12,1,1,2,1,0,0,-63,0,1
1,1,0,4,1,0,9,1,12,1,1,6,1,0,0,289,0,1
1,1,0,6,1,0,10,1,13,2,1,0,1,0,10,72,0,1
1,2,1,1,1,13,4,1,12,2,1,5,1,0,0,152,0,1
1,1,1,4,1,1,11,1,12,2,1,1,1,3,0,179,0,1
1,1,0,5,1,13,11,2,12,2,1,9,1,0,0,255,0,0
1,1,0,5,1,11,11,2,12,2,0,4,1,0,0,-129,0,1
1,1,0,4,1,13,4,2,12,2,1,-1,1,0,0,432,0,0
1,1,0,4,1,14,7,2,12,2,1,1,1,0,7,104,0,1
1,1,1,5,1,11,2,1,13,2,1,2,1,0,0,3,0,1
1,2,0,5,1,13,7,2,13,2,1,4,0,0,0,240,0,1
1,1,0,4,1,13,10,1,13,2,1,3,1,0,0,362,0,1
1,1,1,5,1,13,9,1,12,2,1,2,1,0,0,260,1,1
1,1,1,5,1,11,4,1,7,2,1,1,1,0,0,53,0,1
1,1,0,5,1,10,7,1,12,2,1,6,1,0,0,261,0,1
1,1,0,6,1,13,7,1,13,2,1,2,1,0,0,-190,0,1
1,2,1,4,1,16,4,1,12,2,1,6,1,0,0,-92,0,1
1,1,1,4,1,0,11,2,12,2,1,2,1,0,7,226,0,1
1,1,1,5,1,0,12,1,12,1,1,4,0,3,0,-82,0,1
1,1,1,5,1,13,4,1,13,2,1,3,1,0,0,68,0,1
1,1,0,4,1,14,7,1,13,1,1,-3,1,0,7,-209,0,1
1,1,1,4,1,13,5,1,12,2,1,4,1,0,0,82,3,1
1,1,1,4,1,13,3,2,13,1,1,3,1,0,0,102,0,1
1,1,0,4,1,13,3,1,13,1,1,1,1,0,0,-75,0,1
1,1,0,4,1,13,10,1,13,2,1,-3,1,3,0,87,0,1
1,1,1,5,1,13,3,2,11,2,1,-1,1,0,0,447,0,1
1,2,0,4,2,0,8,2,13,1,1,-1,1,0,0,15,0,1
1,1,0,4,1,13,1,1,12,2,1,0,1,0,0,-153,0,1
1,1,0,5,1,0,6,1,13,2,1,3,1,0,7,232,0,1
1,1,0,6,1,13,8,2,2,1,1,6,1,3,0,494,0,1
1,1,0,4,1,13,3,2,12,1,1,0,1,3,0,141,0,1
1,1,0,4,1,13,4,1,7,1,1,4,1,2,0,542,0,1
1,1,1,1,1,17,1,1,13,2,1,3,1,3,0,84,0,1
1,1,1,5,1,10,1,2,13,1,1,4,1,0,0,230,0,1
1,1,1,6,1,16,9,1,12,2,1,1,1,0,0,100,0,1
1,1,1,4,1,11,4,2,12,2,1,3,1,0,0,390,0,0
0,1,1,4,1,13,5,2,2,1,1,2,1,0,7,182,1,1
1,1,1,5,1,1,12,2,13,1,1,2,1,0,0,356,0,1
1,1,1,5,1,12,3,1,12,2,1,6,1,0,0,-373,0,1
1,2,0,4,1,11,6,1,7,1,1,-1,1,0,0,205,0,1
1,1,1,4,1,16,3,2,12,2,0,1,1,0,0,335,0,1
1,1,1,4,1,14,3,1,13,1,1,0,1,0,0,-206,0,1
1,1,0,4,1,13,2,1,13,1,1,1,1,0,0,-126,0,1
1,1,1,6,1,14,10,1,13,2,1,2,1,0,0,-79,0,1
1,1,0,5,1,10,4,2,13,1,1,0,1,2,7,543,0,1
1,1,1,5,1,13,8,2,13,2,1,1,1,0,0,102,0,1
1,1,0,5,1,0,2,1,13,1,1,1,1,0,6,58,0,1
1,1,0,4,1,11,8,2,13,1,1,0,0,0,0,317,0,0
0,1,0,6,1,16,2,2,12,2,1,6,1,0,7,35,0,0
1,1,0,4,1,0,1,1,13,1,1,1,1,0,2,147,0,1
1,1,0,5,1,13,5,2,13,2,1,4,1,0,8,-141,0,1
1,1,0,5,1,13,5,1,13,1,1,1,1,0,7,375,0,1
1,1,0,5,2,13,2,2,13,1,1,2,1,0,0,16,1,1
1,1,1,4,1,10,2,1,12,2,1,1,1,0,0,148,0,1
1,1,0,4,1,0,5,1,13,1,1,1,1,3,0,202,0,1
1,1,1,7,1,13,2,1,12,2,1,4,1,0,0,-78,0,1
1,1,1,6,1,16,3,2,13,2,1,4,1,3,0,475,0,1
1,1,0,6,1,13,3,1,13,1,1,7,1,2,7,213,0,1
1,1,0,5,1,20,7,2,12,2,1,4,1,0,0,-68,0,1
1,1,0,5,1,1,2,2,13,1,1,3,1,0,0,112,0,1
1,1,0,5,1,10,1,2,13,1,2,-2,1,0,0,488,0,1
1,2,1,4,1,11,9,1,13,2,2,1,1,0,0,14,0,1
1,1,1,4,1,13,8,1,13,2,1,3,1,3,0,-13,0,1
1,1,1,5,1,16,6,1,12,2,1,7,1,3,0,209,0,1
1,1,0,6,1,0,12,1,12,1,1,2,1,0,0,84,0,1
1,1,1,3,1,16,11,2,13,1,1,4,1,0,3,58,0,1
1,1,0,4,1,13,4,2,12,2,1,2,0,0,0,68,0,1
1,1,0,5,1,1,4,2,13,1,1,2,1,0,5,333,0,1
1,1,0,5,1,13,8,2,13,1,1,0,1,0,0,201,0,1
1,1,0,4,1,9,3,1,13,2,1,2,1,0,0,388,0,1
1,1,0,4,1,13,5,1,13,2,1,1,1,0,11,83,0,1
1,2,1,5,1,13,5,2,13,1,1,2,1,3,0,327,0,1
1,1,1,4,1,13,1,2,13,2,2,3,1,0,0,-281,0,1
0,1,0,2,1,1,6,2,12,1,1,4,1,0,0,59,0,1
1,1,0,5,1,16,11,2,13,1,2,1,1,0,0,-170,0,1
1,1,0,4,1,13,10,1,13,1,1,1,1,0,0,72,0,1
1,1,1,5,1,14,8,1,13,1,1,3,1,0,0,255,0,0
1,1,0,4,2,16,12,1,12,1,1,2,1,0,0,132,0,1
1,1,0,4,1,11,10,1,13,2,1,0,1,0,0,3,0,0
1,1,0,4,1,22,10,1,13,2,2,0,1,0,0,17,0,1
1,2,0,5,1,14,5,2,12,1,1,-1,1,0,7,192,0,1
1,1,0,4,1,16,6,1,12,2,1,4,1,0,0,148,0,1
1,1,0,7,1,1,3,1,12,2,1,3,1,3,0,213,0,1
1,1,0,6,1,13,5,2,12,1,1,-2,1,0,0,-63,1,1
1,1,0,5,1,20,4,2,7,2,1,-2,1,3,0,559,0,1
1,1,0,5,1,0,3,1,12,2,1,1,1,0,0,27,0,0
1,1,1,6,1,11,9,1,13,1,1,1,1,3,0,325,0,1
1,1,0,4,1,4,4,1,13,2,1,1,1,3,0,328,0,1
1,1,1,4,1,4,5,1,7,1,1,0,1,3,0,160,0,1
1,1,0,4,1,13,8,2,13,1,1,2,1,0,0,-71,0,1
1,1,1,4,1,20,4,1,13,2,1,0,1,3,0,70,0,1
1,1,1,5,1,10,9,1,13,2,1,1,1,0,4,177,3,1
1,1,1,5,1,13,9,2,12,1,1,2,1,0,0,394,0,1
1,1,1,4,1,16,10,1,13,2,1,-1,1,3,0,212,0,1
1,1,1,6,1,3,5,1,13,1,1,3,1,3,0,377,0,1
1,1,0,4,1,16,5,1,12,2,1,6,1,0,0,96,0,1
1,1,0,6,1,16,11,2,13,1,1,2,1,2,0,112,0,1
1,1,1,4,1,8,2,2,12,2,4,4,1,0,0,-82,0,0
1,1,1,4,1,13,7,1,13,1,1,0,1,0,0,323,0,1
1,1,0,5,1,16,1,1,12,2,1,5,1,0,0,51,0,1
1,2,1,4,1,2,10,1,8,1,1,6,1,0,0,-61,1,1
1,1,0,6,1,11,8,1,13,2,1,4,1,0,0,-128,0,1
1,1,1,5,1,10,7,1,13,1,1,8,1,0,0,257,0,1
1,1,0,4,1,4,9,1,13,1,1,1,1,0,0,79,0,1
1,1,1,4,1,13,12,2,8,1,1,4,1,0,0,295,0,0
1,1,1,4,1,13,9,1,13,2,1,-2,1,0,0,-37,0,1
1,2,0,5,1,13,9,2,13,1,1,0,1,0,7,336,0,1
1,1,0,6,1,13,4,1,10,2,1,3,1,2,7,237,0,1
1,1,0,5,1,16,6,2,12,2,1,-1,1,0,7,-92,0,1
0,1,0,4,1,16,7,1,13,2,1,3,1,0,0,434,2,1
1,1,1,4,1,6,8,2,13,1,1,6,1,0,0,61,0,0
1,1,0,6,1,13,9,1,13,2,1,1,1,3,5,333,0,1
1,1,1,5,1,4,9,1,2,1,1,2,1,3,0,495,0,1
1,1,0,5,1,10,7,2,12,2,1,6,1,0,0,-123,0,1
1,1,0,5,1,10,9,1,12,2,1,5,1,0,0,-118,0,1
1,1,1,4,1,10,4,1,13,2,1,1,1,0,0,-95,0,1
1,1,1,5,1,1,10,1,6,1,1,5,1,0,7,170,0,1
1,1,0,5,1,16,4,1,12,2,1,2,1,0,0,-170,0,1
1,1,0,6,1,13,1,1,12,1,1,3,1,0,0,-144,0,1
1,1,0,4,1,10,10,1,13,1,1,1,1,0,0,54,0,1
1,1,0,5,1,16,6,1,13,2,1,-1,1,0,0,-13,0,1
1,1,1,4,1,16,10,1,12,2,1,4,1,3,0,154,1,1
1,1,0,5,1,13,1,1,13,2,1,1,1,0,0,-3,1,1
1,1,1,5,1,13,1,2,13,2,1,2,1,3,0,325,0,1
1,1,0,6,1,13,3,2,13,1,1,0,1,3,0,224,0,1
1,1,1,4,1,13,10,2,12,1,1,5,1,0,0,12,0,1
1,1,0,4,1,20,1,1,13,1,1,0,1,0,10,-15,0,1
1,1,0,4,1,11,1,2,13,1,1,1,0,3,0,426,0,1
1,1,1,5,1,14,12,2,12,2,1,4,1,3,7,303,0,1
1,2,0,5,1,0,1,2,13,2,1,2,1,0,0,-296,0,1
1,2,0,4,1,0,8,1,12,2,1,5,1,1,0,46,0,1
1,1,0,5,1,4,6,1,13,2,1,3,1,0,0,216,0,1
1,1,0,6,1,13,5,2,13,1,1,0,1,2,9,188,3,1
1,1,0,5,1,13,8,1,13,2,1,0,1,4,3,283,1,1
1,1,0,5,1,1,4,2,13,2,1,0,1,3,7,351,0,1
1,1,1,4,1,13,7,1,3,2,1,-1,1,0,0,-186,0,1
1,1,1,4,1,5,6,1,12,2,1,4,1,3,7,90,0,1
1,1,0,5,1,13,7,2,13,1,1,1,1,0,0,121,0,1
0,1,0,4,1,22,7,2,13,1,1,3,1,0,0,141,0,1
0,1,0,6,1,16,6,1,12,1,1,2,1,0,0,-82,0,0
1,1,0,4,1,0,10,2,13,2,1,3,1,0,0,95,0,1
1,2,0,5,1,10,4,2,13,2,1,4,0,0,0,-45,0,1
1,1,1,4,1,13,9,1,12,2,1,4,1,4,11,82,0,0
1,1,0,5,1,16,4,1,13,2,1,1,1,3,0,182,0,1
1,1,0,4,1,13,3,1,13,2,1,4,1,3,0,299,0,1
1,1,1,4,1,14,8,2,13,2,1,-2,1,0,0,-292,0,1
1,1,1,5,1,16,3,1,12,2,1,8,1,0,0,-88,0,0
1,1,0,4,1,4,7,1,12,2,1,2,1,0,7,-45,0,1
1,1,0,6,1,12,10,1,12,2,1,2,1,0,0,-123,0,1
1,1,1,5,1,4,3,1,12,3,2,4,1,0,0,485,0,1
1,1,1,6,1,0,2,1,13,1,1,0,1,0,0,-177,0,1
1,1,0,5,1,19,3,1,12,1,3,1,1,0,0,192,0,1
1,1,0,5,1,10,4,1,12,1,1,2,1,0,0,-55,0,1
1,2,0,4,1,13,5,1,13,2,1,5,1,0,0,216,0,1
1,2,0,4,1,13,6,2,13,2,1,6,1,0,0,100,0,1
1,1,0,4,1,11,1,1,12,2,1,2,1,0,0,-65,0,1
1,1,0,4,1,16,12,1,12,2,1,2,1,3,0,-108,0,1
1,1,0,4,1,5,1,1,13,2,1,-1,1,0,0,-89,0,1
1,1,1,4,1,13,12,1,13,1,1,0,1,0,0,-18,0,1
1,1,1,5,1,13,6,2,13,2,1,3,1,0,0,211,0,1
1,1,0,5,1,13,8,2,12,1,1,5,1,3,0,161,2,1
1,1,1,5,1,0,11,1,13,1,1,2,1,0,3,227,0,1
0,1,0,4,2,11,4,1,13,2,1,1,1,0,0,-41,0,1
1,1,1,4,1,10,5,1,13,2,1,0,1,0,0,10,0,1
1,1,0,2,1,0,6,1,12,2,1,2,1,0,5,-38,0,1
1,1,0,4,1,11,10,2,13,1,1,0,1,0,0,-107,0,0
1,1,1,5,1,12,12,1,10,2,1,3,1,0,0,-145,0,1
1,1,0,5,1,13,8,2,13,1,1,-1,1,3,0,506,0,1
1,2,0,4,1,13,4,2,13,1,1,1,1,3,0,248,0,1
1,1,1,4,1,0,9,1,13,2,1,0,1,0,9,-186,0,1
1,1,1,2,1,16,12,2,13,1,1,0,1,0,0,276,0,1
1,1,0,4,1,0,1,1,12,2,1,0,1,0,0,-57,0,1
1,1,0,5,1,13,3,2,13,1,1,4,1,3,0,289,0,1
1,1,1,5,1,13,3,2,12,2,1,2,1,0,0,330,0,1
1,1,0,5,1,0,11,1,12,1,1,2,1,4,0,481,1,1
1,1,1,5,1,11,6,2,13,2,1,-1,1,0,0,3,0,1
1,1,0,4,1,4,8,1,12,2,1,4,1,0,0,-162,0,1
1,2,1,4,1,15,5,1,13,1,1,1,1,0,0,79,0,1
1,1,0,4,1,10,5,2,13,1,1,0,1,0,0,-76,0,1
1,1,1,4,1,16,2,2,13,1,1,1,1,0,0,25,0,1
1,1,0,4,1,13,1,1,13,2,1,0,1,0,0,-184,0,1
1,1,1,6,1,13,1,2,12,2,1,5,1,3,0,246,0,1
1,1,0,4,1,13,6,2,13,2,1,2,1,0,0,484,0,1
1,1,0,4,1,4,3,2,12,1,1,3,1,0,0,47,0,1
1,1,1,4,1,4,5,2,13,1,1,0,1,0,0,354,0,1
1,1,0,5,1,0,3,2,13,2,1,2,1,0,0,314,0,1
1,2,0,5,1,10,1,2,12,3,1,7,1,0,0,-36,0,1
1,1,0,4,1,22,1,1,12,2,1,1,1,0,0,-8,0,1
1,1,1,5,1,4,2,1,13,1,1,-2,1,3,0,171,0,1
1,1,1,5,1,13,5,2,13,2,1,1,1,0,0,14,0,1
1,1,0,4,1,13,4,2,12,1,1,0,1,0,0,-96,0,1
1,1,1,6,1,0,6,1,12,2,1,1,1,0,0,-111,0,1
1,2,0,4,1,0,2,1,12,2,1,2,1,0,0,246,0,1
1,1,0,5,1,4,4,2,12,1,1,3,1,3,0,35,0,1
0,1,0,5,1,13,3,1,12,1,1,3,1,0,0,-208,0,1
0,2,0,5,1,10,4,1,13,2,2,0,1,0,0,321,0,1
1,1,0,4,1,16,4,2,13,1,1,-1,1,3,4,156,3,1
1,1,1,3,1,0,7,2,13,2,1,5,1,0,0,328,0,1
1,2,1,4,1,16,4,1,13,1,1,-1,1,0,7,184,0,1
1,1,0,6,2,13,5,1,13,2,1,0,1,1,0,417,1,1
1,1,1,4,1,4,12,1,13,1,1,2,1,0,0,166,0,1
1,1,1,4,1,10,6,1,13,1,1,0,1,3,0,167,0,1
1,1,0,4,1,13,8,2,12,1,1,4,1,0,0,100,0,1
1,1,0,4,1,1,12,1,1,2,1,0,1,0,5,51,0,1
1,1,0,4,1,13,5,1,13,2,0,4,1,0,0,71,0,1
1,1,0,5,1,16,10,1,13,1,1,-1,1,0,0,-371,0,1
1,2,1,4,1,0,8,2,12,2,1,2,1,0,0,20,0,1
1,1,1,5,1,14,4,2,13,1,1,0,1,0,0,238,0,1
1,2,0,5,1,16,10,2,7,2,1,3,0,3,0,335,0,0
1,1,1,6,1,13,11,2,13,2,1,3,1,0,0,48,0,1
1,1,1,5,1,10,2,1,13,2,1,1,1,0,0,-131,0,1
1,1,1,1,1,14,2,1,13,2,1,1,1,3,0,149,0,1
1,1,1,4,1,13,1,1,13,2,1,3,1,0,0,148,0,1
1,1,0,6,1,11,6,2,13,2,1,0,1,0,0,-2,0,1
1,2,1,4,2,13,11,1,13,1,1,1,1,0,0,194,0,1
1,1,0,5,1,1,5,1,13,1,0,2,1,0,0,422,0,1
1,1,0,4,1,11,3,1,12,1,1,5,1,0,0,-107,0,1
1,1,1,4,1,20,12,1,13,1,1,-1,1,0,0,-17,0,1
1,1,0,4,1,1,6,2,13,1,1,2,1,3,0,129,0,1
1,1,0,6,1,11,2,1,13,2,1,0,1,0,7,152,0,1
1,1,0,6,1,13,5,2,13,2,1,0,1,0,0,-88,0,1
1,1,0,6,1,13,6,2,12,2,1,1,1,0,0,-124,0,1
1,1,1,5,1,13,2,2,13,1,1,1,1,0,0,38,0,1
1,1,0,6,1,1,9,2,7,2,1,1,1,0,0,205,0,1
1,1,0,4,1,13,7,1,13,2,1,1,1,0,0,306,0,1
0,1,1,5,1,1,5,2,12,2,1,0,1,0,0,148,0,1
1,2,0,5,1,10,1,2,13,1,1,0,1,0,0,-49,0,1
1,1,1,5,1,1,10,2,13,2,1,1,1,0,0,-148,0,1
1,1,0,4,1,21,4,2,10,1,1,2,1,0,0,85,1,0
1,1,0,6,1,16,4,2,12,1,1,3,1,0,0,-3,0,1
1,2,1,6,1,20,8,2,12,2,1,2,1,0,0,2,0,1
0,1,1,4,1,13,4,1,10,1,1,-1,1,3,7,99,0,1
1,1,0,4,1,13,12,1,12,2,1,0,1,0,0,-151,0,1
1,1,0,5,1,16,6,1,13,2,1,0,1,3,0,-61,0,1
1,1,0,5,1,0,9,2,7,1,1,-3,1,0,0,147,0,1
0,1,0,5,1,10,10,2,13,2,1,3,1,0,0,-3,0,1
1,1,1,7,1,13,12,2,13,2,2,5,1,3,0,413,0,1
1,1,0,5,1,16,5,1,6,1,1,1,1,0,0,509,0,1
1,1,0,5,1,11,5,2,12,2,1,5,1,0,0,-139,0,1
1,1,0,6,1,4,10,2,13,2,1,7,1,0,0,158,0,1
1,1,0,5,1,14,2,2,0,1,1,-1,1,3,0,225,0,0
1,1,1,7,1,13,7,1,12,1,1,4,1,0,9,163,0,1
1,1,1,4,1,16,1,2,9,1,1,2,1,0,0,310,0,1
1,1,0,4,1,13,8,2,12,1,1,3,1,2,0,138,0,1
1,1,1,6,1,16,7,2,13,2,2,0,1,0,7,76,0,1
1,1,1,6,1,13,10,1,13,2,1,0,1,3,0,93,0,1
1,1,0,6,1,13,8,2,13,1,1,0,1,0,0,-23,0,1
1,1,1,4,1,0,3,1,13,2,1,2,1,0,0,-2,0,1
1,1,0,5,1,14,1,1,12,1,1,2,1,0,10,115,0,1
0,1,0,6,1,20,6,1,13,1,1,0,1,0,0,6,0,1
1,2,0,3,1,13,4,1,12,1,1,5,1,3,0,-37,0,1
1,2,0,4,1,13,5,1,12,1,1,-3,1,0,0,172,0,1
1,1,0,5,1,13,5,1,14,1,1,2,1,1,0,123,0,1
1,2,0,5,1,2,6,1,12,2,4,5,1,0,0,302,0,0
0,1,0,4,1,10,1,1,12,2,1,3,1,0,0,-100,0,1
1,1,0,4,1,13,8,2,13,2,1,1,1,0,0,23,0,1
1,1,0,5,1,13,6,2,12,2,1,5,1,3,0,35,0,1
1,1,0,5,1,4,5,2,12,2,1,3,1,0,0,-267,0,1
1,1,1,4,1,11,9,2,12,2,2,0,1,0,4,60,0,1
1,1,0,4,1,1,3,2,12,2,1,3,1,0,0,-156,0,1
1,1,1,4,1,13,4,1,13,1,1,0,1,0,0,25,0,1
1,1,1,4,1,21,9,1,13,1,1,5,1,0,0,-192,0,1
0,2,0,5,1,20,5,1,12,2,1,4,1,0,0,151,0,1
1,1,0,5,1,14,3,1,13,2,1,-3,1,0,2,171,0,1
0,1,0,4,1,11,1,2,12,2,1,1,1,0,0,2,0,1
1,1,0,5,1,14,10,2,13,2,1,-2,1,3,7,246,0,1
1,1,1,6,1,11,12,1,13,2,1,4,1,0,0,-419,0,1
1,1,0,4,1,15,8,2,13,2,1,1,1,0,0,-69,0,1
1,1,1,4,1,13,3,2,2,2,1,1,1,3,0,252,0,1
1,1,0,4,1,13,1,1,7,1,1,2,1,0,0,272,0,0
1,1,1,6,1,0,10,1,12,2,1,1,1,0,7,-152,0,1
1,1,0,4,1,16,10,1,13,1,1,2,1,0,0,-201,0,1
1,1,1,5,1,13,10,2,13,2,1,5,1,0,0,-87,0,1
0,2,0,4,1,10,7,1,12,2,1,0,1,0,0,-279,0,1
1,2,1,4,1,0,7,2,13,2,1,0,1,0,0,-322,0,1
1,1,0,1,1,1,12,1,9,2,1,1,1,0,7,-26,0,1
1,1,0,6,1,20,1,1,1,2,1,4,1,0,7,277,0,1
1,1,0,4,1,10,1,2,9,2,1,3,1,0,0,242,0,1
1,1,0,5,2,16,6,1,12,1,1,2,1,0,0,-205,0,1
1,1,1,4,1,14,1,1,13,1,1,0,1,0,0,-64,0,1
1,1,0,5,1,10,6,1,12,2,1,4,1,0,0,6,1,1
1,1,1,4,1,4,10,2,6,1,1,1,0,0,0,222,0,1
1,1,0,5,1,0,7,1,13,2,1,2,1,0,0,151,0,1
1,1,1,5,1,4,2,1,12,1,1,5,1,0,0,-59,0,0
1,1,0,6,1,10,10,2,9,1,1,-3,1,0,0,-81,0,1
1,1,0,4,1,13,7,2,13,2,1,-4,1,3,0,186,0,1
1,1,0,5,1,13,6,1,12,2,1,5,1,0,0,-88,0,1
1,1,1,5,1,18,10,1,12,1,1,1,1,0,0,-83,0,1
1,1,1,6,1,14,1,2,13,2,1,5,1,0,0,-214,0,1
1,1,0,4,1,13,7,1,12,2,1,2,1,0,0,-61,0,1
1,1,1,5,1,10,5,1,13,1,2,0,1,0,0,40,0,0
1,1,1,5,1,16,9,2,13,2,1,-2,1,0,4,84,0,1
1,2,0,5,1,0,5,1,12,2,1,4,1,0,0,-174,0,1
1,1,0,5,1,13,2,2,13,2,1,2,1,3,0,93,0,1
1,1,1,5,2,16,2,2,13,2,1,1,1,4,0,276,0,1
1,1,0,4,1,14,12,2,13,1,1,2,1,0,0,116,0,1
1,1,0,6,1,13,8,2,12,2,1,4,1,3,4,243,0,1
1,1,0,5,1,13,6,1,13,1,1,5,1,0,0,104,0,1
1,1,0,4,1,3,6,1,13,2,1,2,1,0,0,-68,0,1
1,2,1,4,1,16,3,2,13,1,1,0,1,0,0,-180,0,1
1,1,0,4,1,10,12,1,0,1,1,4,1,0,0,243,0,0
1,1,1,5,1,22,1,2,12,2,1,4,1,0,0,107,0,1
1,1,0,5,1,14,8,2,12,1,1,3,1,0,0,226,0,1
1,1,0,4,1,11,2,1,13,1,1,2,1,0,0,66,0,1
1,1,0,5,1,13,6,1,7,2,1,4,0,0,0,-368,0,0
1,1,0,5,1,4,7,2,13,1,1,1,1,0,8,289,0,1
1,1,0,6,1,16,6,1,4,2,1,7,1,0,0,283,0,1
1,1,0,6,1,13,3,2,12,1,1,2,1,0,0,-95,0,1
1,1,1,4,1,14,5,2,13,2,1,2,1,3,0,317,0,1
1,1,0,4,1,1,9,2,13,2,1,-1,1,0,0,3,0,0
1,1,1,5,1,21,5,2,13,2,1,5,1,0,0,207,3,1
1,2,0,4,1,13,6,2,7,1,1,0,1,0,0,81,0,1
1,1,0,4,1,13,5,2,12,2,1,2,1,0,2,85,0,0
1,1,0,5,1,0,11,2,13,2,1,1,1,0,0,94,0,1
1,2,0,5,1,16,3,1,13,2,1,2,1,3,0,179,0,1
1,1,1,4,1,13,1,2,13,2,1,7,1,3,0,220,0,1
1,1,1,4,1,16,12,2,13,1,1,2,1,0,0,-223,0,1
0,2,1,4,1,1,11,1,12,1,1,3,1,0,0,-196,0,0
1,1,1,6,1,1,2,1,13,2,1,2,1,0,0,76,3,1
1,2,0,4,1,16,1,1,12,2,1,0,1,3,0,307,3,0
0,1,1,5,1,0,6,1,13,1,1,2,1,0,0,-25,0,1
1,1,1,4,1,0,3,2,13,2,1,1,1,0,0,-167,0,0
1,1,1,1,1,13,6,2,7,2,1,0,1,3,0,224,0,1
1,1,0,5,1,10,3,1,12,2,2,3,0,3,0,251,0,1
1,2,0,4,1,4,9,2,12,2,1,3,1,0,0,-231,0,1
1,1,1,5,1,4,9,2,12,2,1,4,1,0,0,-9,0,1
1,1,0,6,1,16,9,2,13,2,1,1,1,0,0,-8,0,1
1,1,1,5,1,16,9,2,7,2,1,2,1,3,7,368,0,1
1,1,0,4,2,13,11,2,12,1,1,2,1,0,0,5,0,1
1,1,1,5,1,5,1,1,13,2,1,2,1,3,0,441,0,1
1,1,0,5,1,13,10,1,10,2,1,3,1,0,0,42,0,1
1,1,1,4,1,16,8,2,8,2,1,-1,1,3,0,319,0,1
0,1,0,4,1,13,3,1,13,1,1,1,1,0,0,-131,0,1
0,1,0,4,1,22,11,2,13,1,1,3,1,0,0,123,0,1
1,1,1,6,1,13,6,2,13,2,1,2,1,0,0,-149,0,1
1,1,1,2,1,20,4,1,13,1,1,-1,1,0,0,45,0,1
1,1,1,4,1,18,5,2,13,1,1,3,1,0,0,205,0,1
1,1,0,4,1,10,3,2,13,2,1,2,1,0,0,-277,3,1
1,1,0,4,1,13,12,2,12,2,1,2,1,0,0,-56,0,1
1,1,0,6,1,20,9,2,13,2,1,4,1,2,0,261,0,1
1,1,0,5,1,19,11,1,12,2,1,2,1,0,0,112,0,1
1,1,0,4,1,13,5,2,13,2,1,0,1,0,0,109,0,1
1,2,0,6,1,11,8,2,12,2,1,5,1,3,0,66,0,1
1,1,1,3,1,4,8,1,12,1,1,1,1,0,0,-228,0,1
1,1,0,4,1,6,7,1,13,2,1,3,1,3,0,-103,0,1
1,1,0,5,1,13,1,2,13,2,1,5,1,0,0,35,0,1
1,1,1,5,1,13,2,1,13,1,1,4,1,3,0,411,1,1
1,2,1,5,1,14,3,2,12,2,1,2,1,0,0,-74,0,1
1,1,0,5,1,13,10,2,13,1,1,-3,1,0,0,255,0,1
1,1,1,1,1,14,1,2,12,2,1,0,1,3,0,443,0,1
1,1,0,3,1,13,1,2,13,2,1,1,1,0,0,104,0,1
1,1,0,5,1,4,12,2,13,2,1,2,1,0,0,144,0,1
1,1,1,4,1,18,1,1,13,2,1,1,1,0,0,-220,0,0
1,2,0,5,1,10,12,1,12,2,1,-1,1,0,0,-282,0,1
1,1,0,4,1,16,5,2,0,2,1,7,1,0,0,-45,0,1
1,1,0,5,1,13,5,2,12,2,1,2,1,3,7,509,0,1
1,1,1,4,1,0,10,1,12,2,1,2,1,3,0,70,0,1
1,1,1,5,1,1,11,2,12,2,1,1,1,0,0,-84,0,1
1,1,0,4,1,14,11,1,13,1,0,0,1,0,0,-89,0,1
1,1,0,7,1,13,10,1,12,2,1,3,1,0,0,68,0,1
1,2,0,6,1,13,9,2,2,2,1,-3,1,0,6,103,0,1
1,1,0,5,1,2,11,2,12,1,1,3,1,0,0,9,0,1
1,1,0,5,1,4,5,2,12,2,1,4,1,0,0,-94,0,1
1,2,1,5,1,0,7,2,12,2,1,6,1,0,7,-144,0,1
1,1,0,4,1,13,3,1,13,1,1,0,1,0,0,276,0,1
1,1,0,5,1,10,11,1,13,2,1,2,1,3,0,158,0,1
1,1,0,6,1,14,6,1,13,2,1,0,1,0,0,-25,0,1
1,1,0,5,2,0,2,1,13,2,1,-1,1,0,0,36,0,1
1,1,0,4,1,13,12,2,13,2,1,2,1,3,0,-140,0,1
1,2,1,4,1,10,7,2,14,2,1,3,1,0,0,274,0,1
1,1,0,5,1,0,12,2,10,2,1,-1,1,0,0,304,1,1
1,2,0,4,1,13,10,1,13,1,1,4,1,0,0,207,0,1
1,2,0,4,1,3,6,2,13,3,1,5,1,0,0,-168,0,1
1,1,1,5,1,1,11,2,12,1,1,4,1,0,0,11,0,1
1,1,0,4,1,13,9,1,12,2,0,7,1,0,0,41,0,1
1,1,0,4,1,2,3,2,12,2,1,5,1,0,0,-93,0,1
1,1,0,4,1,11,2,2,7,1,1,1,1,0,0,-269,0,1
1,1,0,4,1,16,3,2,9,2,1,0,1,0,0,152,0,1
1,1,1,5,1,13,10,2,12,1,1,1,1,0,0,87,0,1
1,1,1,4,1,13,9,2,1,1,1,-2,1,0,0,6,0,1
1,2,0,3,1,16,7,1,13,2,1,-1,1,0,0,-15,0,1
1,2,0,4,1,16,9,2,12,2,1,2,1,3,6,434,0,1
1,1,0,4,1,4,8,2,12,1,2,2,1,0,0,115,0,1
1,1,0,5,1,16,1,2,13,1,1,0,1,0,0,113,0,1
1,1,0,4,1,1,2,1,12,2,1,1,1,3,2,453,0,0
1,1,0,4,1,0,5,2,12,1,1,2,1,0,0,178,0,1
1,1,1,4,1,13,2,1,12,2,1,-1,1,0,0,203,0,1
1,1,1,4,1,16,6,2,13,2,1,0,1,0,0,-71,0,1
1,1,1,5,1,13,5,2,12,2,1,3,1,3,0,357,0,1
1,1,0,5,1,13,11,2,2,2,1,3,1,3,7,479,0,1
1,2,0,4,1,0,5,2,13,2,1,1,1,0,0,190,0,1
1,1,1,4,1,14,7,2,12,2,1,-1,1,0,0,-295,0,1
1,1,1,4,1,10,4,1,13,2,1,4,1,0,0,141,0,1
1,1,1,4,1,0,5,2,13,1,1,1,1,0,0,12,0,1
1,1,0,4,1,11,6,2,13,2,1,0,1,0,0,-152,0,1
1,2,0,4,1,13,7,1,13,1,1,0,1,0,0,-377,0,1
1,1,0,5,1,11,7,2,12,1,1,1,1,0,0,-81,0,1
0,1,0,6,1,0,4,1,13,2,1,0,1,3,0,142,0,1
1,1,0,5,1,0,2,1,12,2,1,2,1,0,0,72,0,1
0,1,0,5,1,13,11,2,8,1,1,0,1,0,0,-98,0,1
1,1,0,5,1,0,8,2,12,2,1,3,1,0,0,-91,0,1
0,1,0,4,1,11,9,1,13,2,1,0,1,0,0,236,0,1
1,1,1,5,2,14,5,2,13,2,1,0,1,0,0,348,0,1
1,1,0,5,1,13,10,2,2,1,1,2,1,0,0,415,0,1
1,1,0,5,1,13,3,1,12,2,1,3,1,3,7,155,0,1
1,1,0,4,1,11,9,2,5,2,1,0,1,3,0,309,0,1
0,1,0,2,1,13,7,2,13,1,1,2,1,0,8,175,0,1
1,1,1,4,1,16,7,2,12,1,1,4,1,0,0,76,0,0
1,1,0,5,1,16,11,1,12,2,1,0,1,0,0,-151,0,1
1,1,0,4,1,0,1,1,12,3,1,5,1,0,0,338,0,1
1,1,0,6,1,20,8,1,12,2,1,0,1,0,0,152,0,1
1,1,0,4,1,15,9,2,13,2,1,3,1,0,0,30,0,1
1,1,0,4,1,16,10,1,12,1,1,3,1,0,0,-454,0,0
1,1,0,4,1,14,8,1,12,3,1,7,1,0,0,-270,0,1
0,1,1,4,1,16,6,2,7,1,1,0,1,0,0,21,0,0
1,1,0,4,1,4,10,1,13,1,1,1,1,0,0,-293,0,1
1,1,1,4,1,0,12,1,13,2,1,2,1,0,0,-238,0,1
1,1,1,5,1,16,7,1,13,2,1,-3,1,0,0,279,0,1
1,1,0,4,1,1,3,2,12,1,1,5,1,0,0,-183,0,1
1,1,0,7,1,10,11,2,12,2,1,0,1,3,0,329,0,1
0,1,0,6,1,16,6,2,12,2,1,4,1,0,9,-15,0,1
1,1,0,5,1,0,3,1,12,3,1,3,1,0,0,372,3,1
1,1,0,5,1,16,10,2,12,2,1,1,1,3,7,157,0,1
1,1,0,4,1,0,1,1,13,2,1,0,1,0,7,27,0,1
1,1,1,5,1,13,8,2,12,1,1,-2,1,0,0,-61,0,1
1,1,0,4,1,10,1,2,13,2,1,3,1,4,0,-36,0,1
1,1,1,4,1,13,9,1,11,2,1,0,1,3,0,571,0,1
1,1,0,4,1,8,3,1,8,2,1,1,1,3,11,112,0,1
1,2,1,5,1,1,2,1,14,2,1,4,1,0,0,479,0,0
1,1,1,4,1,14,9,2,6,2,1,0,1,0,0,-134,0,1
1,2,1,5,1,13,5,2,7,2,1,4,1,0,0,-89,0,1
1,1,1,4,1,13,10,1,13,2,1,0,1,3,0,413,0,1
1,1,0,2,1,0,5,1,12,2,0,7,1,0,0,-64,0,1
1,1,1,4,1,10,2,1,13,1,1,-2,1,0,0,-280,0,1
1,1,0,4,1,16,6,2,12,1,1,4,1,0,0,-202,0,1
1,1,1,4,1,13,5,1,13,2,1,2,1,3,0,-22,0,1
0,2,1,5,1,16,5,2,12,1,1,3,1,0,0,6,0,1
1,1,0,4,1,10,10,1,10,1,1,3,1,0,0,73,0,1
1,1,1,4,1,13,6,1,12,1,1,-4,1,0,0,39,0,1
1,1,1,5,1,1,5,2,13,2,1,1,1,3,0,403,0,0
0,2,0,2,1,13,11,1,12,1,1,4,1,0,0,-72,0,0
1,1,0,4,1,16,2,1,12,2,1,0,1,0,0,-37,0,1
1,2,1,4,1,0,9,2,13,1,1,-3,1,0,0,229,0,1
1,1,1,4,1,16,6,1,12,2,1,2,1,0,0,243,0,1
1,1,0,4,1,5,2,1,13,2,1,1,1,0,0,68,0,1
1,1,0,4,1,13,4,2,13,1,1,1,1,0,0,300,0,1
0,1,0,5,1,13,10,1,13,2,1,-1,1,0,0,-287,0,0
1,1,1,4,1,4,4,1,13,1,1,-1,1,0,0,-70,0,1
1,1,1,4,1,4,10,2,12,2,1,0,1,3,0,68,0,1
1,1,0,4,1,13,3,1,13,1,1,-1,1,0,8,372,0,1
1,1,0,5,1,13,1,1,12,2,1,7,1,0,0,-37,0,1
1,1,0,4,1,13,4,1,13,1,1,2,1,0,0,157,0,1
1,1,0,6,1,11,3,2,13,1,1,1,1,3,0,204,0,1
1,2,0,4,1,2,12,1,5,1,1,3,1,0,7,264,0,1
1,1,0,4,1,10,7,2,13,1,1,0,1,0,0,-175,0,1
1,1,1,5,1,14,9,2,13,2,1,3,1,3,11,349,0,1
1,1,0,4,1,16,6,2,12,2,1,5,1,0,0,-165,0,1
1,1,0,4,1,0,4,2,13,1,1,1,1,0,0,-40,0,1
1,1,0,4,1,16,10,1,12,1,1,-1,1,0,0,-151,0,1
1,1,1,4,1,0,8,2,4,2,1,2,1,3,0,28,0,1
1,1,0,4,1,1,2,2,12,1,1,2,1,0,0,-118,0,1
1,1,1,5,1,1,12,1,12,2,1,2,1,0,0,354,0,0
1,1,1,4,1,10,6,2,13,2,1,2,1,0,0,318,0,1
1,1,1,4,1,13,5,1,11,1,1,4,1,0,0,114,0,1
1,1,0,4,1,16,9,1,13,2,1,0,1,0,0,-279,0,1
1,1,0,5,1,13,12,1,14,1,1,2,1,0,0,-57,2,1
1,1,0,4,1,20,2,2,13,1,1,5,1,0,5,-319,0,1
1,1,1,6,1,13,10,2,13,2,1,5,1,0,0,281,0,1
1,1,0,6,1,13,5,1,12,2,1,1,1,0,0,52,0,1
1,1,0,2,1,16,1,2,12,2,1,-1,1,0,0,403,0,1
1,2,0,4,1,11,3,2,12,1,1,4,1,0,0,-150,0,1
1,1,0,4,1,13,7,2,13,1,1,1,1,0,0,-84,0,1
1,2,0,5,1,14,2,1,12,2,1,1,1,0,0,-49,0,1
1,2,0,6,1,13,12,2,13,2,1,1,1,0,0,-4,0,1
1,1,0,4,1,0,6,2,13,1,1,0,1,0,0,-229,3,1
1,2,1,5,1,13,1,2,13,1,1,-1,1,3,0,188,0,1
1,2,1,6,1,0,1,2,11,1,1,-1,1,0,0,361,0,1
1,1,0,6,1,5,11,1,12,2,1,-1,1,0,0,333,0,1
1,2,0,5,1,16,12,2,13,2,1,6,1,0,0,54,1,1
1,1,1,4,1,22,4,1,13,1,1,-1,1,0,0,48,0,1
1,2,1,5,1,13,9,1,12,1,1,0,1,0,0,92,0,1
1,1,0,5,1,16,12,2,13,1,1,-2,0,3,7,268,0,1
1,1,1,4,1,13,1,2,8,1,1,0,1,0,0,208,0,1
1,1,0,5,1,13,2,1,12,2,1,-2,1,0,0,-49,0,1
1,1,0,1,1,14,2,1,12,1,1,0,1,0,7,327,0,1
1,1,0,5,1,16,8,2,12,1,1,1,1,0,0,-171,0,1
1,1,0,5,1,10,1,1,13,3,1,5,1,0,0,243,0,1
1,1,0,4,1,9,3,1,13,2,1,-2,1,0,0,52,0,0
1,1,0,4,1,0,11,2,13,2,1,-1,1,3,3,-8,0,1
1,1,0,6,1,16,3,1,13,2,1,2,1,3,0,16,0,1
1,1,0,4,1,1,9,2,13,1,1,-1,1,0,0,-321,0,0
1,1,0,5,1,9,5,1,12,1,1,0,1,3,0,400,0,1
1,1,0,1,1,14,7,2,13,2,1,-5,1,0,0,1,0,1
1,1,1,4,1,10,7,1,12,2,1,1,1,0,2,-108,0,1
1,1,1,5,1,13,5,2,13,2,1,3,1,0,0,140,0,1
1,1,1,4,1,0,9,2,13,1,1,-1,1,0,0,-303,0,0
1,1,1,5,1,13,11,1,13,2,1,0,1,3,0,392,0,1
1,1,1,5,1,13,1,1,13,1,1,3,1,3,0,387,0,1
1,1,0,4,1,0,3,2,12,2,1,5,1,0,5,-306,0,1
1,2,0,5,1,11,5,2,12,2,1,3,1,0,0,-248,0,1
1,1,0,5,2,13,6,1,7,1,1,2,1,0,0,422,0,1
1,1,1,5,1,10,7,1,12,2,1,4,1,0,0,21,0,1
1,1,1,4,1,14,8,1,13,1,1,0,1,3,0,248,1,1
1,1,0,4,1,20,1,2,13,2,1,-3,1,3,0,314,0,1
1,1,1,4,1,16,10,2,13,1,1,3,1,0,0,-57,0,1
1,1,0,5,1,11,5,2,7,2,1,2,1,0,0,62,0,1
0,2,1,4,1,16,1,2,13,1,1,2,1,0,6,25,0,1
1,1,0,6,1,10,8,2,8,2,1,-1,1,0,0,-59,0,1
1,1,0,4,1,16,2,1,13,2,1,4,1,3,0,398,0,1
1,1,0,6,1,1,4,1,13,2,1,2,1,0,0,99,0,1
1,1,1,4,2,13,9,2,12,2,1,5,1,0,0,-83,0,1
1,2,0,4,1,13,11,2,12,1,1,2,1,0,0,43,0,1
1,1,1,4,1,10,2,1,13,2,1,3,1,3,0,29,0,1
1,2,0,4,1,4,11,2,12,2,1,0,1,0,0,-70,0,1
1,1,0,5,1,0,2,1,13,1,1,2,1,0,0,-120,0,0
1,1,0,4,1,0,1,1,13,2,1,-1,1,3,0,365,0,1
1,1,1,4,1,4,5,1,13,2,1,4,1,0,0,-327,0,1
1,1,0,5,1,15,7,1,13,2,1,5,1,0,11,317,1,1
1,1,1,5,1,1,2,1,13,2,1,4,1,3,0,357,0,1
1,1,1,5,1,13,4,1,13,1,1,0,1,0,0,128,0,1
1,1,1,6,1,13,7,1,12,2,1,5,1,0,0,-162,0,1
1,1,0,4,1,1,4,1,7,2,2,1,1,0,0,356,0,1
1,1,1,4,1,13,10,2,13,2,1,3,1,4,0,244,0,0
1,1,0,5,1,13,8,1,12,1,1,1,1,2,0,184,0,1
1,1,1,4,1,13,1,2,10,2,1,4,1,3,0,100,0,1
1,2,1,4,1,10,9,1,13,2,1,1,1,0,0,-124,0,1
1,2,1,4,1,13,6,2,13,1,1,-1,1,3,0,345,0,1
1,1,0,4,1,13,2,1,12,2,1,1,1,0,0,22,0,1
1,2,1,5,1,13,3,2,13,2,1,5,1,0,0,152,0,1
1,2,1,4,1,13,9,1,9,1,1,2,1,0,6,61,1,1
1,1,0,5,1,14,8,2,12,1,1,2,1,0,0,266,0,1
1,1,1,5,1,11,10,2,13,2,1,2,1,0,0,171,0,1
1,1,0,4,1,10,8,2,13,1,1,-1,1,3,7,6,0,1
1,1,0,4,1,16,5,1,4,2,1,6,1,0,0,-88,0,1
1,1,0,5,1,13,4,1,12,1,1,7,1,0,9,-22,0,1
1,1,0,4,1,10,1,2,12,1,1,3,1,0,0,62,0,1
1,1,1,5,1,13,5,2,13,2,1,0,1,0,0,3,0,1
0,1,0,5,1,13,1,2,6,2,1,4,1,0,0,250,2,0
1,1,1,4,1,20,9,2,12,1,1,1,1,0,0,-195,0,1
1,2,1,6,1,13,11,2,12,1,1,0,1,0,0,96,0,1
1,1,0,5,1,10,10,2,13,2,3,0,1,3,0,205,0,1
1,1,1,4,1,4,4,2,12,2,1,-2,1,1,0,-50,0,1
1,1,0,4,1,7,8,2,13,2,1,6,1,3,0,296,1,0
1,1,0,4,1,0,10,1,12,1,1,5,1,0,0,202,0,1
1,1,1,5,1,13,4,2,12,1,1,-1,1,0,0,-6,0,1
1,2,1,4,1,11,1,1,13,1,1,6,1,0,0,-58,0,1
1,1,0,7,1,13,9,2,13,2,1,6,1,3,11,353,0,1
1,1,1,4,1,16,12,2,13,1,1,0,1,0,0,-107,0,1
1,1,0,4,1,14,8,2,12,1,1,-2,1,3,0,383,0,1
1,2,0,1,1,13,4,2,12,2,1,0,0,0,0,452,0,1
1,1,0,4,1,16,7,2,13,2,1,-1,1,0,0,106,0,1
1,2,1,4,1,13,1,2,12,2,1,2,1,0,0,227,0,1
1,1,1,4,1,13,11,1,12,1,1,-1,1,0,7,-59,0,1
1,1,0,6,1,19,1,1,13,2,1,5,1,0,0,235,0,1
1,1,1,3,1,11,8,2,12,1,1,2,1,0,0,-192,0,0
1,1,0,4,1,1,8,1,13,2,1,0,1,0,0,-87,0,1
1,1,1,5,1,11,1,1,12,2,1,3,1,0,0,-145,0,1
1,1,0,1,1,0,4,2,12,1,1,3,1,3,0,220,0,1
1,2,0,4,1,10,5,1,13,2,1,1,1,0,0,-82,0,1
1,2,0,4,1,4,5,2,12,2,1,2,1,0,0,-97,0,0
1,1,0,5,1,14,6,1,12,2,1,7,1,0,0,-219,0,1
1,2,0,4,1,16,6,2,12,2,1,2,1,0,0,-408,0,1
1,1,1,4,1,1,7,1,12,2,1,1,1,0,0,-167,0,1
1,2,1,5,1,13,9,1,12,2,1,2,1,3,0,-8,0,1
1,1,1,4,1,1,1,2,13,1,1,1,1,3,0,197,0,1
1,1,1,4,1,13,4,1,12,2,1,3,1,0,0,-4,0,0
1,1,1,4,1,13,5,2,13,1,1,2,1,0,6,80,0,1
1,2,0,6,1,16,5,1,13,1,1,-4,1,0,0,-312,0,1
1,1,0,4,1,13,8,2,13,1,1,1,1,0,7,4,0,1
1,1,0,6,1,0,7,1,13,2,1,1,1,0,0,-165,0,1
1,1,1,6,1,13,1,1,12,1,1,5,1,0,0,490,0,1
1,1,0,6,1,1,3,2,13,1,1,1,1,0,0,302,0,1
1,2,1,4,1,13,11,2,13,1,1,1,1,0,0,-74,0,1
1,1,0,4,1,16,4,2,12,1,1,3,1,0,0,281,0,1
1,1,0,4,1,13,10,1,12,2,1,3,1,0,0,-71,0,1
1,1,0,5,1,1,9,1,12,2,1,10,1,0,0,-1,0,0
0,1,1,5,1,12,7,2,13,3,1,-1,1,0,0,41,0,1
1,1,0,5,1,1,8,2,13,1,1,2,1,0,6,360,0,1
1,1,1,4,1,1,5,2,12,1,1,3,1,0,0,-77,0,1
1,1,0,4,1,13,8,2,12,2,1,5,1,0,0,-412,0,1
1,1,0,4,1,11,4,1,13,2,1,-2,1,0,0,-94,0,1
1,1,1,5,1,13,5,1,7,2,1,-1,1,3,0,-74,0,1
1,1,0,5,1,16,1,1,12,2,1,5,1,0,0,-52,0,1
1,1,0,3,1,0,1,2,13,1,1,0,1,0,5,38,0,1
1,1,0,5,1,13,6,2,13,1,2,3,1,0,0,-7,0,1
1,2,1,6,1,16,4,1,12,2,1,4,1,3,0,477,0,1
1,1,1,4,1,16,2,2,12,2,1,5,1,0,0,-292,0,1
1,1,1,1,1,6,7,1,13,1,1,1,1,3,0,391,1,1
1,1,0,4,1,13,1,2,9,1,1,3,1,0,0,138,0,1
1,1,0,4,1,11,9,2,13,1,2,1,1,3,0,260,0,1
1,1,0,4,1,16,5,1,13,2,1,2,1,0,0,62,0,1
1,1,0,5,1,13,10,1,12,2,1,3,1,3,7,329,0,1
1,1,0,4,1,10,12,1,13,1,1,-3,1,0,0,-7,0,1
1,1,1,4,1,13,7,1,12,3,1,5,1,0,0,-70,0,1
0,1,0,6,1,13,5,1,13,2,1,2,1,0,0,227,0,1
1,1,0,5,1,10,3,1,13,1,1,1,1,0,0,-106,0,0
1,1,0,4,1,8,3,2,13,1,1,4,1,0,9,122,0,1
1,1,0,5,1,16,6,1,13,2,1,3,1,0,7,-66,1,1
1,1,1,5,1,14,4,1,13,1,1,1,1,0,0,278,0,1
1,1,1,6,1,13,9,1,12,2,1,4,1,0,0,161,0,1
1,1,0,4,1,2,2,2,13,2,1,1,1,0,0,-82,0,1
1,2,0,5,1,19,9,1,12,2,1,6,1,0,0,71,2,1
1,1,0,6,1,13,6,1,12,1,1,1,1,3,0,294,0,1
1,1,0,6,1,22,8,2,13,2,1,3,1,0,4,-260,0,1
1,1,0,4,1,13,6,2,13,1,1,0,1,0,0,20,0,1
1,1,1,3,1,22,10,1,12,1,1,3,1,0,0,33,0,1
0,2,0,4,1,1,3,2,12,1,1,-2,1,3,0,44,0,1
1,1,0,4,1,13,1,1,13,1,1,-1,1,0,0,-96,0,0
1,1,0,5,1,10,3,1,12,3,1,1,1,0,0,-109,0,1
1,1,0,5,1,1,5,2,4,2,1,-1,1,0,7,451,0,1
1,1,1,4,1,17,7,1,13,1,1,-1,1,0,0,93,0,1
1,2,0,5,1,4,7,2,13,2,1,3,1,0,0,-21,0,1
1,1,0,5,1,14,10,1,13,1,1,-2,1,4,0,145,0,1
1,2,0,4,1,0,6,2,13,2,1,2,0,0,0,192,2,1
1,1,0,4,1,13,8,1,13,1,1,3,1,0,0,-82,0,1
1,1,1,4,1,16,11,2,13,2,2,2,1,0,0,63,0,1
1,1,0,5,1,12,11,2,7,1,1,3,1,0,0,120,0,1
1,1,1,5,1,16,10,1,13,2,2,2,1,0,0,15,0,1
1,1,1,4,1,13,1,2,12,1,1,5,1,0,4,188,0,1
1,1,0,4,1,20,6,1,13,1,1,0,1,0,0,-155,0,1
1,1,0,6,1,13,12,1,13,3,1,3,1,0,0,250,0,1
1,1,1,4,1,13,1,2,13,1,1,2,1,3,0,369,0,1
1,1,0,4,1,13,8,2,14,2,1,4,1,3,0,192,0,1
1,2,1,5,1,14,1,1,13,1,1,0,1,3,0,260,0,1
1,1,1,6,1,13,3,2,3,2,1,5,1,0,0,73,0,1
1,1,0,4,1,4,2,1,12,1,1,-1,1,0,6,-97,0,1
1,1,1,4,1,1,12,2,13,3,1,4,1,0,7,45,0,1
1,1,0,6,1,12,10,2,12,2,1,0,1,0,0,98,1,1
0,2,0,6,1,13,6,1,12,1,1,2,1,0,6,3,0,1
1,1,1,5,1,13,1,1,12,2,2,5,1,0,0,295,0,1
1,1,0,4,1,13,6,1,13,1,1,2,1,3,0,-2,0,1
1,1,1,5,1,10,5,2,7,1,1,1,1,3,0,250,0,1
1,1,1,4,2,13,12,1,13,2,1,0,1,0,0,6,0,1
1,1,1,4,1,4,12,1,13,2,1,-1,1,0,0,355,0,1
1,1,1,5,1,13,6,1,12,1,1,5,1,1,0,-10,0,0
1,1,1,7,1,1,10,1,13,2,1,3,1,0,3,304,0,1
1,1,1,6,1,1,12,1,10,1,1,2,1,0,0,-97,0,1
1,1,0,5,1,13,4,2,13,1,1,2,1,0,0,568,0,0
1,1,1,6,1,13,2,2,12,1,2,2,1,0,0,-96,0,1
1,1,0,4,1,13,3,2,13,2,1,0,1,0,0,140,0,1
0,1,0,5,1,1,6,1,12,2,1,8,1,0,0,-49,0,1
1,1,1,5,1,0,6,1,12,2,1,7,1,0,0,290,3,1
1,1,0,5,1,13,10,2,5,1,1,4,1,0,0,245,0,1
1,1,1,5,1,14,9,1,12,2,1,3,1,3,0,368,0,1
1,2,1,4,1,13,8,1,13,1,1,6,1,0,0,-222,0,0
0,1,1,4,1,13,3,2,13,1,1,1,1,0,0,-61,0,1
1,1,0,5,1,14,1,1,12,2,1,0,1,0,0,-188,0,1
0,1,0,4,1,13,5,1,13,2,1,2,1,0,0,190,0,1
1,2,1,4,1,14,5,2,13,2,1,0,1,3,0,377,0,1
1,1,1,6,1,13,1,1,13,1,1,-1,1,0,0,16,0,1
1,2,0,5,1,3,4,2,13,1,1,2,1,0,0,244,0,1
1,2,0,5,1,13,8,2,12,2,1,4,1,0,0,-38,0,1
1,1,1,7,1,13,8,1,12,2,1,1,1,0,0,199,0,1
1,1,1,6,1,11,5,1,12,1,1,3,1,3,0,63,0,1
1,1,1,4,1,4,3,1,13,1,1,2,1,0,0,246,0,1
1,1,0,6,1,13,9,1,13,2,1,2,1,0,7,-31,0,1
1,1,1,4,1,16,4,2,2,1,1,3,1,0,0,243,0,1
1,1,0,4,1,13,9,1,13,2,1,1,1,3,0,355,3,1
1,2,1,5,1,1,10,1,4,1,1,6,1,0,0,192,0,1
1,1,1,6,1,12,8,1,13,2,1,1,1,3,0,204,0,0
1,1,0,1,1,4,8,2,12,1,1,0,1,0,0,-125,0,1
1,1,1,4,1,0,2,2,12,2,1,0,1,0,0,172,0,1
1,1,0,5,1,13,2,2,13,1,1,1,1,0,0,188,0,1
1,1,1,2,1,4,1,2,13,2,1,1,1,0,7,-76,0,1
1,2,0,4,1,16,3,2,12,1,1,5,1,0,0,163,0,1
1,1,0,4,1,4,12,1,13,1,1,3,1,3,0,150,0,1
1,1,1,5,1,11,4,1,8,2,1,0,1,0,0,19,0,0
1,1,1,5,1,5,10,1,12,2,1,5,1,0,0,-14,0,1
1,1,1,4,1,13,4,2,14,2,1,5,1,0,0,-27,0,1
0,1,1,4,1,12,8,1,13,2,1,2,1,0,0,8,0,1
1,1,0,4,1,13,11,2,13,2,1,1,1,0,0,-93,0,1
1,1,0,5,1,13,7,2,13,2,1,5,1,0,0,324,0,1
1,1,1,4,1,18,10,1,13,2,1,0,1,0,0,158,0,0
1,2,1,6,1,11,8,1,12,1,1,0,1,0,0,73,0,1
1,2,0,4,1,16,8,1,3,2,1,2,1,0,6,-93,0,1
1,1,0,4,1,16,3,2,10,1,1,0,1,0,0,246,0,1
1,1,1,4,1,21,10,2,13,1,1,0,1,0,0,-143,0,1
1,1,0,4,1,13,6,1,13,2,1,3,1,0,0,-265,0,1
1,2,0,6,1,1,2,1,12,2,1,2,1,0,0,-354,0,1
1,1,0,4,1,14,4,1,13,1,1,-1,1,0,0,263,0,1
1,1,1,5,1,16,4,1,12,2,1,2,1,0,0,85,0,1
1,1,0,5,1,18,7,1,12,1,1,4,1,0,0,-167,0,1
1,2,0,4,1,13,3,1,12,2,4,1,1,0,0,38,0,1
1,1,0,5,1,13,10,2,13,1,1,3,1,0,0,90,0,1
1,1,1,4,1,10,11,1,12,3,1,1,1,3,0,192,0,1
1,1,0,4,1,13,6,1,2,1,1,0,1,0,0,155,0,1
1,1,0,5,1,1,2,1,12,2,2,1,1,0,0,-113,0,1
1,1,0,4,1,16,3,2,13,1,1,4,1,0,0,92,0,1
1,1,1,4,1,16,1,1,12,1,2,5,1,0,0,-7,0,1
1,1,0,4,1,13,5,1,12,2,1,6,1,0,0,-253,0,1
1,2,0,5,1,13,8,2,12,2,1,-2,1,3,7,63,0,1
1,1,1,5,1,13,6,1,7,1,1,1,1,0,0,162,0,1
1,1,1,4,1,10,4,1,13,1,1,-1,1,0,0,-40,0,1
1,1,1,5,1,13,1,1,12,2,1,0,1,0,0,-143,0,1
1,1,0,5,1,10,5,1,13,2,1,0,1,0,0,-58,0,1
0,1,1,5,1,0,10,2,12,1,1,3,1,3,0,237,0,1
1,1,0,5,1,20,6,1,13,2,1,2,1,3,0,129,0,1
0,1,1,4,1,1,6,2,12,2,1,4,1,0,0,204,0,1
1,2,0,4,1,13,9,2,7,2,1,0,1,3,0,297,1,1
1,2,1,5,1,10,7,2,13,2,2,3,1,3,0,363,0,1
1,1,1,4,1,9,12,1,13,2,1,2,1,0,0,-69,0,0
1,1,0,2,1,4,11,2,12,1,1,2,1,0,0,-110,2,1
1,1,0,4,1,0,2,1,13,2,1,2,1,0,0,-358,0,1
1,2,1,5,1,10,8,1,12,2,3,4,1,3,0,236,0,1
1,1,1,5,1,1,11,1,13,1,1,2,1,3,0,-53,0,1
1,1,0,5,1,16,8,2,13,2,1,5,1,0,0,-147,0,1
1,1,0,6,1,10,5,1,13,1,1,1,1,3,0,408,0,1
1,1,0,5,1,13,4,2,12,1,1,1,1,0,0,194,0,1
1,1,0,4,1,13,11,2,12,2,1,4,1,0,0,305,0,1
1,1,1,4,1,16,5,1,13,1,1,2,1,0,0,78,0,1
1,1,1,4,1,13,8,1,13,1,2,4,1,0,0,214,0,1
1,1,1,5,1,4,10,1,8,2,1,2,1,0,0,270,0,1
1,1,1,4,1,13,12,1,13,1,1,6,1,0,0,-116,0,1
1,1,0,5,1,13,11,1,2,1,1,7,1,0,6,-61,0,1
1,2,0,7,1,13,7,1,13,1,1,3,1,0,0,-156,0,1
1,1,0,5,1,1,5,1,13,2,1,1,1,0,0,83,0,1
1,1,1,5,1,16,2,2,4,2,1,1,1,0,0,214,0,1
1,1,0,4,1,13,12,2,12,1,1,3,1,0,0,-59,0,1
1,1,1,5,1,16,12,1,13,2,1,1,1,0,0,262,0,1
1,1,0,4,1,13,1,1,12,2,1,3,1,0,0,-65,0,1
1,1,0,4,1,14,1,1,13,2,1,1,1,3,0,-9,0,1
1,1,0,5,1,13,3,1,13,2,1,1,1,0,0,145,0,1
1,1,0,4,1,13,4,2,13,1,1,-2,1,0,0,-57,0,1
1,1,1,6,1,13,4,2,13,2,1,3,1,0,0,62,0,1
1,2,0,4,1,13,12,2,12,2,2,1,1,0,0,-101,0,1
1,1,1,4,1,13,5,2,13,2,1,8,1,0,11,51,0,0
1,1,1,5,1,14,6,1,13,1,1,-1,1,0,0,-185,0,1
0,2,1,5,1,11,8,2,12,2,1,2,1,0,0,264,0,1
1,1,1,4,1,11,2,1,12,2,2,1,1,0,0,-114,0,1
1,1,0,5,1,7,10,1,13,2,1,5,1,0,0,361,0,1
1,1,0,5,1,1,12,2,13,2,1,3,1,3,0,20,0,0
1,1,0,4,1,13,7,2,13,1,1,7,1,0,0,206,0,1
1,1,0,4,1,13,8,2,13,2,1,2,1,0,0,-119,0,1
1,2,1,4,1,13,8,1,12,1,1,0,1,0,0,-245,0,1
1,1,0,4,1,11,8,1,13,1,1,2,1,0,0,142,0,1
1,1,1,5,1,13,10,1,12,2,1,4,1,0,0,-17,0,1
1,2,0,4,1,16,7,1,9,2,1,3,1,0,0,67,0,1
1,1,0,4,1,14,2,2,13,2,1,0,1,0,0,-68,0,1
0,2,0,4,1,10,12,1,5,2,1,1,1,3,0,403,0,1
1,1,1,4,1,4,4,1,2,1,1,1,1,0,0,381,0,1
1,1,0,4,1,13,1,2,8,1,1,0,1,3,0,12,0,1
1,1,0,4,1,19,8,2,13,1,1,2,1,0,0,63,0,1
1,1,0,4,1,13,2,1,13,2,1,3,1,0,0,122,0,1
1,1,1,5,1,11,12,1,14,1,1,2,1,3,0,381,0,1
1,1,0,4,1,14,11,1,13,2,1,1,1,0,0,96,0,1
1,1,1,4,1,14,4,2,13,1,1,3,0,0,0,500,0,1
1,1,1,5,1,10,7,1,13,1,1,6,1,0,0,-11,0,1
1,1,1,5,1,13,4,2,13,1,1,3,1,0,5,200,0,1
1,1,1,5,1,11,8,1,13,2,1,2,1,0,0,-142,0,0
1,2,1,3,1,22,2,1,13,2,1,3,1,3,0,417,0,1
1,2,1,4,1,13,10,2,13,2,1,3,1,0,0,278,0,0
1,1,1,4,1,10,12,1,13,2,1,3,1,0,0,-34,0,1
1,2,1,5,1,13,4,1,13,1,1,3,1,0,0,16,0,1
1,2,1,5,1,14,7,1,10,2,1,7,1,0,10,110,0,1
1,1,0,4,1,10,5,1,12,2,1,0,0,0,0,-99,0,0
1,1,1,4,1,14,4,1,6,1,1,-4,1,0,7,603,0,1
1,1,1,2,1,14,4,1,5,1,1,4,1,0,0,159,0,1
0,1,1,4,1,10,7,1,12,2,1,3,1,0,0,159,0,0
1,2,0,4,1,4,12,2,12,2,1,5,1,0,4,-67,0,1
1,2,0,5,1,0,8,1,13,1,1,2,1,0,0,79,0,1
1,1,1,4,1,13,11,1,12,2,1,4,1,0,0,-183,0,1
1,1,0,4,1,4,10,2,4,1,1,0,1,0,0,275,0,0
1,1,1,7,1,11,1,1,7,2,1,4,1,3,0,302,0,1
1,1,1,4,1,16,2,2,12,1,1,1,1,3,0,373,0,1
1,1,1,4,1,10,4,1,11,2,1,5,1,3,7,216,0,1
1,1,0,5,1,13,1,1,13,2,1,0,1,0,0,296,0,1
1,2,0,5,1,1,10,1,12,2,1,6,1,0,0,48,1,1
1,2,0,6,1,4,12,1,13,2,1,0,1,0,0,-8,0,1
1,1,0,6,1,11,7,2,12,1,1,-1,1,0,0,216,0,1
1,1,1,4,1,11,4,2,2,2,1,2,1,0,7,150,0,1
1,1,1,5,1,11,5,2,12,2,1,1,1,0,0,-71,0,1
1,1,0,3,1,14,9,1,13,1,1,0,1,0,0,94,0,1
1,1,0,4,1,14,9,2,13,2,1,0,1,0,0,-308,0,1
1,1,1,4,1,1,12,2,12,1,2,5,1,4,0,-50,0,1
1,1,1,4,1,11,6,1,12,1,1,1,1,0,0,-485,0,1
1,1,1,4,1,16,11,1,13,2,1,-1,1,0,7,271,0,1
1,1,0,6,1,0,8,1,12,2,2,7,1,0,0,-39,0,1
1,1,1,4,1,13,7,1,5,2,1,1,1,3,7,4,0,1
1,1,1,4,1,16,1,1,13,2,1,9,1,0,0,223,0,1
1,1,0,5,1,13,8,2,13,2,1,3,1,0,0,267,0,1
1,1,0,5,1,14,3,1,7,2,1,2,1,0,0,-12,0,1
1,1,0,6,1,0,8,1,13,2,1,3,1,0,0,107,0,1
1,1,0,5,1,13,6,1,13,2,1,1,1,3,4,325,0,1
1,1,0,5,1,10,1,2,13,1,1,2,1,0,0,176,2,1
1,1,0,4,1,4,2,2,13,2,1,2,1,0,0,-17,0,1
1,1,0,4,1,0,1,1,13,2,1,0,1,0,0,115,0,1
1,1,1,5,2,1,10,1,13,2,1,0,1,2,7,122,0,1
1,1,1,3,1,11,1,2,13,1,1,0,1,0,0,129,0,1
1,1,0,5,1,10,6,1,12,2,1,8,1,0,0,215,0,1
1,1,1,4,1,16,8,1,12,1,1,2,1,0,0,-86,0,1
1,1,0,4,1,10,9,1,13,2,1,3,1,1,0,44,0,1
1,1,0,5,1,16,11,2,12,1,3,0,1,0,0,171,0,1
1,1,0,5,1,13,3,1,12,2,1,3,1,0,0,408,0,1
1,1,0,4,1,0,9,1,13,2,1,5,1,0,0,120,0,1
1,1,1,4,1,14,9,2,12,1,1,0,1,0,0,92,0,1
1,1,1,4,1,13,11,1,13,1,1,3,1,0,7,-161,0,1
1,1,0,4,1,1,4,2,12,2,1,2,1,0,0,-28,0,1
1,1,1,4,1,13,7,2,13,2,1,1,1,0,0,-486,0,1
1,1,1,5,1,10,9,2,13,2,3,1,1,0,0,-139,0,1
1,1,0,4,1,13,6,1,12,1,1,0,0,0,0,25,0,1
1,2,1,4,2,11,11,1,10,1,1,2,1,0,0,10,0,1
1,2,1,4,1,13,5,2,4,1,1,0,1,0,0,104,0,1
1,1,0,4,1,2,1,1,13,1,1,0,1,0,0,-148,0,0
1,1,1,6,1,14,6,1,13,2,1,3,1,0,0,-308,0,0
1,1,0,4,1,13,2,1,13,2,1,1,1,0,0,-43,0,1
1,1,1,5,1,0,4,1,13,2,1,0,1,3,0,305,0,1
1,1,0,4,1,13,5,1,13,2,1,1,1,0,0,19,0,1
1,2,0,4,1,0,12,1,13,2,1,3,1,0,0,161,0,1
1,1,1,4,1,10,11,1,12,2,1,3,1,0,0,-12,0,1
1,1,1,6,1,14,8,2,13,2,1,-1,1,3,0,264,0,1
1,1,0,4,1,13,4,1,5,1,1,4,1,0,0,217,3,1
1,1,0,7,1,13,10,2,13,2,1,0,0,0,0,245,0,1
1,2,0,4,1,13,4,1,10,1,1,4,1,0,0,209,1,1
1,1,1,4,1,13,9,2,13,1,1,2,1,0,7,117,0,1
1,1,0,5,1,11,6,1,12,2,1,8,1,0,0,160,0,1
1,1,0,5,1,16,9,2,12,2,1,9,1,3,0,160,0,1
0,1,1,5,1,16,5,1,12,1,1,7,1,0,0,177,0,1
1,2,0,5,1,11,11,2,13,1,1,6,1,0,0,180,0,1
1,2,0,5,1,16,7,1,12,1,1,3,1,0,0,-55,0,1
1,1,0,4,1,0,7,2,13,1,1,2,1,0,0,-200,0,1
1,1,0,4,1,10,1,1,13,2,1,1,1,0,0,-82,0,1
1,1,0,4,1,18,12,2,13,1,1,-1,1,0,0,65,0,1
1,1,0,5,1,13,12,1,12,1,1,1,1,0,0,-160,0,1
0,1,1,4,1,14,12,2,1,2,1,4,1,4,3,513,0,1
1,1,1,5,1,13,7,2,12,2,1,7,1,0,0,-178,0,1
1,1,0,4,1,4,9,1,13,1,1,4,1,0,0,-76,0,1
1,1,1,6,1,1,10,1,12,2,1,3,1,0,0,120,0,1
1,2,0,5,1,14,1,1,12,2,1,4,1,0,0,-20,0,1
1,1,0,4,2,10,1,2,7,1,1,-2,1,0,0,-151,0,1
1,1,0,5,1,10,8,2,13,3,1,2,1,0,0,-57,0,0
1,1,0,5,1,13,11,2,13,1,1,1,1,3,7,418,2,1
1,1,1,4,1,13,12,1,13,2,1,0,1,0,9,20,0,1
1,1,0,4,1,22,7,1,13,2,1,2,1,0,6,152,0,0
1,1,0,4,1,13,8,2,13,1,1,0,1,0,0,218,0,1
1,1,1,4,1,13,11,1,8,2,1,4,1,3,0,769,2,1
1,2,0,4,1,16,5,1,13,1,1,-1,1,0,0,-270,0,1
1,1,0,4,1,13,12,2,9,2,1,2,1,3,0,372,1,1
1,1,0,4,1,13,3,2,13,1,1,1,1,0,0,285,0,1
1,1,1,4,1,13,1,2,13,2,1,2,1,0,0,41,0,1
1,2,0,4,1,0,5,1,12,1,1,1,1,0,0,-34,0,1
1,2,0,5,1,13,5,1,12,2,1,5,1,0,0,76,3,1
1,1,0,5,1,16,5,2,13,1,1,6,1,3,0,168,0,1
1,2,0,1,1,14,6,2,9,1,1,1,1,0,0,-140,0,1
1,1,1,6,1,11,11,1,13,1,2,-1,1,0,0,88,0,1
1,1,0,5,1,13,4,1,13,2,1,5,1,0,0,-173,0,1
1,1,0,5,1,13,5,2,12,2,1,2,1,0,0,90,0,1
1,1,1,4,1,11,7,2,13,2,1,4,1,0,0,-130,0,0
1,2,0,5,1,4,1,2,13,2,1,-1,1,0,7,359,0,1
1,1,0,4,1,16,6,2,13,1,1,2,1,0,0,74,0,1
1,2,0,4,1,13,7,1,13,2,1,0,1,0,0,-9,0,1
1,1,1,4,1,1,4,2,2,1,1,3,1,0,0,295,0,1
1,2,1,5,1,13,6,1,3,1,1,1,1,0,0,26,0,1
0,2,0,4,1,11,8,2,12,2,1,1,1,0,0,-27,0,1
1,1,0,4,1,13,2,2,4,0,1,3,1,0,0,-17,0,1
1,1,1,5,1,10,11,2,9,1,1,4,1,3,0,515,0,1
0,2,0,4,2,13,2,1,12,2,1,3,1,0,3,-129,0,1
1,1,0,5,1,13,10,1,8,1,1,4,1,0,0,119,0,1
1,1,0,5,1,10,12,2,12,1,1,6,1,0,0,-57,0,1
1,1,0,4,1,13,5,1,12,2,1,3,1,0,0,-191,0,1
1,1,0,4,1,14,10,1,13,1,1,1,1,0,0,-34,0,1
1,1,0,5,1,13,3,2,13,1,1,2,1,0,0,-185,0,1
1,1,1,5,1,13,5,1,12,1,1,2,1,0,0,20,0,1
1,1,0,4,1,13,12,1,13,3,1,3,1,0,0,436,0,1
1,1,0,5,2,14,8,2,12,2,1,2,1,0,0,126,0,1
1,2,1,5,1,4,3,2,12,1,1,3,1,0,0,235,2,1
1,1,0,4,1,14,9,1,12,2,1,6,1,0,0,-55,0,1
1,1,0,4,1,13,5,1,13,1,1,-1,1,0,0,51,0,1
1,1,0,5,1,14,9,2,13,2,1,3,1,4,0,250,0,1
1,1,1,4,1,13,9,2,12,2,1,2,1,0,0,-178,0,1
1,1,0,5,1,16,8,1,13,2,1,2,1,0,0,190,0,1
1,1,1,6,1,13,12,1,12,2,1,6,1,1,0,-87,0,1
1,1,0,4,1,13,6,1,7,2,1,5,1,0,0,-4,0,1
1,1,0,5,1,13,12,2,12,1,1,2,1,0,0,172,0,1
1,2,1,5,1,13,8,2,6,2,1,6,1,0,0,281,0,1
1,1,1,4,2,14,7,1,12,2,1,2,1,0,0,-2,0,1
1,1,0,5,1,16,10,1,13,2,1,6,1,0,0,1,0,1
1,1,1,4,1,14,8,2,13,1,1,2,1,0,0,-59,0,1
1,1,0,5,1,13,3,2,12,1,1,4,1,0,0,-147,0,1
1,1,1,4,1,3,3,1,13,1,1,3,1,0,0,100,2,1
1,2,0,4,1,13,10,2,13,1,1,-2,1,3,0,325,3,1
1,1,0,4,1,16,3,2,13,1,1,0,0,0,0,-43,0,1
1,1,0,4,1,0,8,1,13,2,1,0,1,0,0,-172,0,1
1,1,1,5,1,17,7,1,13,2,1,5,1,0,0,72,0,1
1,1,0,4,1,13,6,1,13,2,1,2,1,0,7,145,0,1
1,2,0,5,1,4,8,2,12,1,1,2,1,0,0,-17,0,1
0,1,0,6,1,0,10,2,12,1,1,1,1,0,0,-61,0,1
1,2,0,6,1,13,2,1,12,2,1,0,1,0,0,-73,0,1
1,1,0,5,1,1,2,1,13,2,2,4,1,0,0,226,0,1
1,1,1,2,1,2,4,2,13,1,1,0,1,3,0,474,0,1
1,1,0,5,1,13,5,1,12,1,1,0,0,0,0,482,0,0
1,2,0,5,1,16,7,1,12,2,1,4,1,3,0,238,0,1
1,1,0,4,1,4,8,2,12,2,1,-3,1,0,0,22,0,1
1,1,0,5,1,13,7,1,13,2,1,1,1,0,0,191,0,1
1,1,0,4,1,21,4,1,12,2,1,3,1,0,0,29,0,1
1,1,1,4,1,13,10,2,12,1,1,0,1,0,0,-8,0,1
1,2,0,6,1,16,7,1,13,2,1,1,1,3,6,-4,0,1
0,1,0,5,1,13,1,1,13,1,1,5,1,0,0,57,0,1
1,1,0,5,1,18,2,2,13,2,4,1,1,0,0,-146,0,1
1,1,0,4,1,11,5,1,13,2,1,4,1,0,0,62,0,0
1,1,0,4,1,16,6,1,12,2,1,5,1,0,0,-112,0,1
1,2,1,1,1,10,6,2,13,1,1,1,1,0,0,-182,0,1
1,2,1,4,1,3,11,1,13,1,1,4,1,0,0,-124,0,1
1,1,1,5,1,13,6,2,6,1,1,1,1,0,9,182,0,1
1,1,0,5,1,14,3,1,13,1,1,0,1,0,0,368,0,1
1,1,0,4,1,16,9,1,12,2,1,5,1,0,0,76,0,1
1,1,1,4,1,13,3,1,12,1,1,5,1,0,0,16,0,0
1,2,0,5,1,2,8,2,13,1,1,-2,1,0,0,84,0,0
1,2,1,6,1,16,11,1,14,3,3,3,1,0,0,4,0,1
1,1,0,5,1,0,8,2,13,3,1,3,1,0,0,-139,0,1
1,1,1,6,1,4,2,1,13,2,1,5,1,1,0,52,0,1
1,1,0,5,1,11,3,1,13,2,1,4,1,0,0,-89,0,1
1,1,0,5,1,13,7,1,13,2,1,-2,1,0,0,5,3,1
1,1,0,4,1,13,1,1,14,2,1,3,1,0,0,164,0,1
1,1,0,6,1,6,4,1,13,2,1,1,1,0,0,274,2,1
1,1,0,6,1,16,9,2,12,1,1,0,1,0,0,-145,0,1
1,1,1,5,1,4,1,2,13,1,1,4,1,0,0,95,0,1
1,1,0,6,1,16,11,1,13,2,1,6,1,0,0,263,0,1
1,1,0,5,1,0,1,2,12,2,1,5,1,0,0,-23,0,1
1,1,0,4,1,13,9,1,10,2,1,7,1,0,2,-134,0,1
1,1,1,5,1,13,9,1,12,2,1,5,1,3,0,339,0,1
1,2,0,4,1,13,6,1,12,1,1,5,1,0,0,114,0,1
1,1,0,2,1,13,11,1,13,2,1,3,1,3,0,341,0,1
1,1,1,4,1,12,2,1,12,2,2,1,1,0,0,449,1,1
1,1,1,4,1,13,8,2,13,1,1,1,1,0,7,288,0,1
1,2,1,5,1,13,4,1,13,1,1,-3,1,0,0,293,0,1
1,1,0,5,1,20,11,1,12,1,1,2,1,0,0,-206,0,1
1,1,0,4,1,16,11,1,12,2,1,2,1,0,0,171,1,1
1,2,0,5,1,13,4,2,12,2,1,9,1,0,4,147,0,1
1,2,0,5,1,16,3,1,13,2,1,3,1,3,0,452,0,1
1,2,1,5,1,13,12,1,1,1,1,3,1,0,0,99,0,1
1,1,1,5,1,11,4,1,13,1,1,0,1,0,0,36,0,1
1,1,1,5,1,16,2,2,12,1,1,3,1,0,0,49,0,1
1,1,1,7,1,13,9,1,12,2,1,5,1,0,0,52,0,1
1,1,0,4,1,17,9,2,9,2,1,-2,1,0,0,136,0,1
1,1,0,5,1,13,5,2,7,2,1,5,1,3,0,547,0,1
1,2,1,4,1,0,10,1,13,2,1,-1,1,0,0,93,0,1
1,1,0,4,1,13,12,1,13,1,1,2,1,0,0,-63,0,1
1,2,1,4,1,10,2,1,12,2,2,2,1,0,0,187,1,1
1,1,0,6,1,14,6,1,12,2,1,-1,1,0,0,-373,0,1
1,1,1,4,1,14,11,1,12,2,1,7,0,0,0,21,0,1
0,1,1,5,1,13,12,1,13,2,1,1,1,3,0,201,0,1
1,1,0,6,1,16,8,2,12,2,1,4,1,0,0,-144,0,1
1,1,1,6,1,16,2,2,12,1,1,4,1,0,0,-37,0,0
1,2,1,4,1,10,6,1,13,1,1,2,1,0,0,71,0,1
1,1,0,6,1,3,2,2,13,1,1,4,1,0,7,216,0,1
1,1,0,4,1,6,8,1,12,2,1,0,1,1,9,264,0,1
1,1,1,4,1,16,6,1,12,3,1,6,1,0,0,-312,0,0
1,2,0,2,1,13,10,2,14,1,1,3,1,0,0,170,0,1
1,1,0,4,1,16,1,2,13,1,1,1,1,0,0,-149,0,1
1,1,0,6,1,16,5,1,13,1,1,3,1,0,0,101,0,1
1,1,1,5,1,3,6,1,12,2,1,1,1,0,0,36,0,1
1,1,0,1,1,0,12,1,13,2,1,1,1,0,4,167,0,0
1,1,0,4,1,0,5,2,13,2,1,2,1,0,0,127,3,1
1,2,0,6,1,13,9,2,12,1,1,5,1,0,0,-109,0,1
1,1,0,5,1,13,1,1,12,2,1,8,1,0,0,25,0,1
0,1,0,4,1,16,11,1,13,2,1,1,1,0,0,-117,0,1
1,2,0,5,1,0,2,1,12,2,1,2,1,0,0,-166,0,1
1,1,0,5,1,0,7,1,13,2,1,-3,1,0,0,62,0,1
1,1,0,4,1,14,9,1,13,2,1,0,1,3,0,26,0,1
1,1,0,4,1,13,10,2,12,1,1,6,1,3,0,194,0,1
1,1,0,5,1,13,9,2,13,1,1,1,1,0,0,243,0,0
1,1,0,5,1,10,12,2,12,2,1,3,1,0,0,-310,0,1
1,1,1,5,1,19,4,2,13,2,1,-2,1,3,0,496,0,1
1,1,1,5,1,4,2,1,13,2,1,9,1,0,0,-145,0,1
1,1,1,4,1,13,11,2,13,1,1,4,1,0,0,-230,0,1
1,1,0,4,1,13,12,1,13,1,3,1,1,0,0,99,0,1
1,1,0,6,1,13,4,1,12,1,1,5,1,0,0,-130,0,1
1,2,0,4,1,13,8,2,12,1,1,1,1,0,0,279,0,1
1,2,0,4,1,16,5,1,12,1,1,6,1,0,0,-180,0,1
1,1,0,5,1,2,8,2,12,3,4,2,1,2,0,206,0,1
1,1,0,4,1,0,6,1,13,3,1,2,1,0,0,-147,0,1
1,1,0,4,1,13,1,2,12,1,1,0,1,0,0,449,0,1
1,1,0,5,1,13,2,2,3,1,1,1,1,0,11,158,0,1
1,1,0,5,1,13,5,2,12,2,1,3,1,1,7,538,0,1
1,1,0,6,1,14,7,2,13,2,2,0,1,0,0,-45,0,1
1,1,1,6,1,13,7,2,12,2,1,1,1,3,0,174,0,1
1,2,1,4,1,20,10,1,11,2,1,4,1,0,0,26,0,1
1,1,0,4,1,13,9,1,12,2,1,2,1,0,0,-202,0,1
1,1,1,4,1,4,12,1,12,1,1,0,1,0,0,-201,0,1
1,1,0,7,1,10,6,1,13,1,1,2,1,0,0,-55,0,1
1,1,1,4,1,0,2,2,8,1,1,1,1,3,0,301,3,1
1,1,1,4,1,4,2,2,13,1,1,1,1,0,0,-6,0,1
1,1,0,5,1,11,12,1,12,2,1,2,1,0,0,-23,0,1
1,1,0,5,2,11,4,1,12,2,1,4,1,3,0,254,0,1
1,1,1,4,1,11,12,1,13,1,1,2,1,3,0,414,0,1
1,1,1,4,1,4,11,1,13,1,1,7,1,3,0,218,0,1
1,1,0,5,1,14,2,2,5,2,1,8,1,3,0,18,0,1
1,1,0,4,1,14,8,2,14,3,1,1,1,3,0,239,0,1
1,1,1,6,1,11,9,1,12,2,1,0,1,0,0,287,1,1
1,1,0,4,1,14,10,2,13,1,1,3,1,0,0,203,0,1
1,1,0,4,1,18,8,1,13,2,1,3,1,0,0,-86,0,1
1,1,1,6,1,13,11,1,12,3,1,2,1,3,7,374,0,1
1,1,1,4,1,11,5,1,13,1,1,3,1,0,0,-237,0,1
1,1,0,4,1,4,9,1,13,2,1,-1,1,0,0,-264,0,1
1,1,1,5,1,13,7,1,12,2,1,6,1,3,0,183,0,1
1,1,1,5,2,11,4,1,12,2,1,5,1,0,0,-31,1,1
1,1,1,6,1,11,8,2,13,1,1,0,1,0,0,50,0,1
0,1,1,4,1,16,1,2,13,1,1,2,1,0,0,520,0,1
1,1,0,6,1,10,8,2,6,2,1,2,1,0,0,265,0,1
0,1,0,6,1,10,10,1,6,2,1,3,1,0,0,-139,0,1
1,1,0,4,1,10,9,1,7,2,1,6,1,0,0,-155,0,1
1,1,0,5,1,13,9,1,12,2,1,1,1,0,0,-118,0,1
1,1,0,4,1,19,9,2,12,2,1,2,1,0,0,-104,0,1
1,1,0,6,1,19,4,2,12,1,1,3,1,0,0,217,0,1
1,1,1,4,1,1,9,1,12,1,1,-3,1,0,0,-7,0,1
1,1,0,4,1,4,11,1,12,2,1,6,1,0,0,-50,0,1
1,1,0,4,1,16,7,2,13,3,1,6,1,0,0,127,0,1
1,1,1,4,1,13,8,1,12,2,1,5,1,0,0,200,0,1
1,1,1,4,1,11,2,2,1,1,1,3,1,0,0,-238,0,0
1,1,0,4,1,14,10,1,13,2,2,1,1,0,0,32,0,1
1,2,0,6,1,12,8,2,12,2,1,4,1,0,0,-73,0,1
1,1,0,6,1,13,7,1,13,3,1,0,1,0,0,172,0,1
1,1,0,5,1,4,2,1,13,2,1,0,1,3,0,283,0,1
1,1,0,4,1,16,4,1,13,2,1,4,1,0,0,74,0,1
1,1,1,5,1,10,2,1,13,2,1,5,1,0,0,-72,1,1
1,1,1,4,1,16,8,1,1,2,1,2,1,3,5,339,0,1
1,1,0,5,1,13,8,2,12,1,1,2,1,2,0,-195,0,1
1,2,0,4,1,16,8,1,13,1,1,-2,1,0,0,-221,0,1
1,1,0,4,1,10,4,1,12,2,1,3,1,0,0,-157,0,1
1,1,1,4,1,10,1,2,12,1,1,1,1,0,0,-103,0,1
1,1,1,2,1,1,9,2,12,1,1,7,1,0,0,46,0,1
1,1,0,4,1,16,1,1,12,2,1,1,1,0,0,426,0,1
1,1,1,5,1,16,6,1,12,1,1,4,1,0,0,305,0,1
1,2,0,4,1,10,4,1,13,1,1,2,1,0,7,-100,0,1
1,1,1,4,1,13,8,2,4,2,1,1,1,0,0,50,0,1
1,1,0,6,1,0,7,1,13,2,1,0,1,0,0,-121,0,1
1,1,0,4,1,16,8,2,12,1,1,3,1,0,0,0,0,1
1,1,0,5,1,1,6,2,12,1,1,1,1,0,0,251,0,1
1,1,1,4,1,11,9,2,4,1,2,1,1,0,0,235,0,1
1,1,1,4,1,13,11,1,12,2,1,5,1,0,0,160,0,1
1,1,1,4,1,13,8,2,13,1,1,3,1,0,0,-194,0,1
1,2,1,4,1,13,5,2,12,2,1,3,1,3,0,458,0,1
1,2,0,6,1,10,8,2,9,2,1,2,1,0,0,131,0,1
1,2,0,4,1,20,3,2,13,1,1,2,1,0,0,273,0,1
0,1,0,2,1,13,9,1,13,2,1,1,1,0,0,115,0,1
1,2,0,4,1,10,11,1,13,2,1,2,1,0,0,-103,0,1
1,2,0,4,1,13,9,1,13,2,1,-2,1,0,0,-234,0,1
1,1,0,4,1,4,1,1,13,2,1,3,1,0,0,-153,0,1
1,1,1,4,2,16,12,2,13,1,1,0,1,0,4,-206,0,1
1,1,1,4,1,16,5,1,13,1,1,4,0,0,0,14,0,1
1,2,0,4,1,0,1,2,14,1,1,0,1,0,0,134,0,1
1,1,0,4,1,20,5,2,13,1,1,2,1,0,0,73,0,1
1,1,0,4,1,0,1,1,13,1,2,1,1,0,0,99,0,1
1,1,0,4,1,11,2,1,13,2,1,0,1,0,0,-120,0,1
1,1,1,5,1,13,8,2,13,1,1,-1,1,3,0,458,0,1
1,1,0,5,1,0,6,2,13,1,1,0,1,0,0,280,0,1
1,1,1,4,1,15,2,1,12,1,1,0,1,0,0,77,0,1
1,1,1,5,1,13,2,2,13,2,1,2,1,0,0,-7,0,1
0,1,0,4,1,13,7,2,13,1,1,0,1,0,0,115,0,1
1,2,0,5,1,4,10,1,12,1,1,2,1,0,0,220,0,1
1,1,0,5,1,14,10,1,13,1,1,1,1,0,0,-126,1,0
1,1,0,6,1,13,5,2,13,1,1,4,1,0,0,-42,0,1
1,1,1,4,1,3,5,2,13,1,1,5,1,0,0,165,0,1
1,2,0,5,1,12,8,1,13,2,2,0,1,0,0,168,0,1
0,1,0,6,1,22,11,1,13,2,1,2,1,0,0,-568,0,1
1,1,1,5,1,20,8,2,12,2,1,6,1,3,0,551,0,1
1,1,0,5,1,13,8,1,13,2,1,5,1,0,0,135,0,1
0,1,0,2,1,13,10,2,13,1,1,2,1,3,0,186,0,0
1,1,1,4,1,13,1,1,13,1,1,4,1,0,0,-328,0,0
1,1,1,4,1,11,10,1,13,2,1,2,1,0,0,86,0,1
1,1,1,5,1,13,10,2,12,2,1,4,1,0,0,87,0,0
1,1,0,4,1,2,9,1,13,2,1,3,1,0,0,11,0,1
1,1,0,5,1,13,11,2,12,1,1,4,1,0,0,365,0,1
1,1,1,3,1,16,3,2,12,2,1,1,1,0,0,-164,1,1
1,1,1,5,1,4,8,2,12,1,1,7,1,0,0,158,0,1
1,1,1,5,1,11,5,2,12,2,1,3,1,0,0,-59,0,1
1,1,0,4,1,10,6,2,12,1,1,2,1,0,0,-135,0,1
1,1,0,4,1,7,7,1,13,1,1,4,1,0,0,-70,3,1
1,1,0,5,1,16,10,2,13,2,1,5,1,0,0,-257,0,1
1,1,0,5,1,14,6,2,12,1,1,5,1,0,0,8,0,1
1,1,1,5,1,11,11,2,13,2,1,2,1,0,0,-35,0,1
1,1,0,4,1,11,5,1,6,2,1,2,1,0,0,-62,0,1
1,1,1,5,1,16,12,2,12,2,1,4,1,0,0,176,0,1
1,2,0,4,1,13,6,2,12,1,1,4,1,0,0,-77,0,1
1,1,1,4,1,13,8,1,12,2,1,3,1,0,0,14,0,1
1,1,0,4,1,10,6,1,13,1,2,1,1,0,0,114,0,1
1,1,0,4,1,1,12,1,12,1,1,4,1,0,0,49,0,1
1,1,1,5,1,7,10,1,12,2,1,0,1,3,0,373,0,1
1,1,0,5,1,16,5,1,13,1,1,-2,1,3,0,235,0,1
0,2,1,5,1,11,11,2,12,1,1,1,1,0,0,-22,0,1
1,1,0,4,1,20,4,1,7,1,1,1,1,0,0,129,0,1
1,1,1,4,1,20,8,2,7,1,1,2,1,0,0,95,0,1
1,1,1,4,1,11,4,1,1,1,1,1,1,3,0,377,0,1
1,1,0,6,1,13,3,1,12,2,1,2,1,0,0,-82,0,1
0,1,0,6,1,16,4,1,4,2,1,6,1,0,0,372,0,1
1,1,0,4,1,10,5,2,12,2,1,3,1,0,0,-89,0,1
1,1,0,5,1,13,8,1,13,2,1,-1,1,0,0,-7,0,1
1,1,0,4,1,13,10,1,13,1,1,0,1,0,9,99,0,1
1,1,0,5,1,16,3,1,12,2,1,3,1,0,0,109,0,1
1,1,1,5,1,20,9,2,13,2,4,7,1,0,0,149,0,1
0,1,0,5,1,13,12,2,13,2,1,5,1,0,0,530,0,1
1,2,0,4,1,1,1,1,12,2,1,1,1,0,0,44,0,1
1,1,1,5,1,13,5,2,13,1,1,1,1,3,0,173,0,1
1,1,0,5,1,10,1,2,13,1,1,-1,1,0,0,-142,0,1
1,1,0,4,1,0,1,2,13,1,1,4,1,0,0,-196,0,1
1,1,1,4,1,16,3,1,12,1,1,5,1,0,0,-438,0,1
1,1,0,6,1,5,12,1,12,2,1,1,1,0,0,-243,0,1
1,1,0,4,1,0,2,1,12,2,1,2,1,0,0,37,0,1
1,1,1,5,1,16,9,1,10,1,1,5,1,3,0,182,0,1
1,1,0,4,1,4,11,1,13,1,1,-1,1,0,0,-274,0,1
1,1,1,5,1,0,4,1,2,1,1,2,1,0,0,187,0,1
1,1,1,6,1,13,2,1,11,2,1,1,1,0,0,129,0,1
1,2,0,4,1,19,6,1,12,2,1,0,1,0,0,119,0,1
1,1,0,6,1,10,5,2,13,1,1,1,1,3,0,92,0,1
1,1,0,5,1,13,8,1,13,1,1,5,1,3,0,308,0,1
1,1,1,4,1,13,9,1,13,2,1,4,1,0,0,103,0,0
1,2,0,4,1,6,3,1,12,2,1,2,1,0,0,15,0,1
1,1,1,5,1,16,11,2,13,1,1,2,1,0,0,-190,0,1
1,2,1,4,1,10,9,1,13,1,1,-1,1,0,0,-150,0,1
1,2,0,5,1,13,8,1,13,2,1,3,1,3,0,342,0,1
1,1,0,4,1,13,1,1,12,1,1,0,1,3,0,448,0,1
1,2,1,4,1,13,6,1,12,1,1,1,1,0,0,-298,0,1
0,1,1,5,1,1,11,2,13,1,1,-1,1,0,0,202,0,1
1,1,0,4,1,13,12,1,13,1,1,0,1,0,5,-78,0,1
1,2,1,4,1,13,9,2,12,2,2,2,1,0,0,-169,0,1
0,1,0,4,1,16,1,2,7,1,1,-2,1,3,0,361,1,1
1,1,1,4,1,11,3,2,7,0,1,3,1,3,0,139,0,1
1,1,1,4,1,16,11,1,13,2,1,2,1,0,0,-39,0,1
1,1,1,2,1,20,11,1,12,1,1,10,1,0,3,145,0,1
1,2,1,4,1,16,9,1,12,2,1,4,1,0,0,-293,0,1
1,1,1,4,1,10,11,2,13,1,1,3,1,0,0,182,0,0
1,1,0,6,1,20,6,2,13,2,1,2,1,0,0,-132,0,1
1,2,0,4,1,13,6,1,13,1,4,2,1,0,0,173,0,1
0,1,0,5,1,11,4,1,13,2,1,0,1,0,0,74,0,1
1,1,0,5,1,13,6,1,13,2,1,6,1,0,0,-56,0,1
1,1,0,5,1,13,3,1,13,1,1,1,1,3,0,229,0,1
0,2,0,4,1,16,2,2,13,1,1,0,1,0,0,243,0,1
1,1,0,4,1,15,5,2,12,2,1,0,1,3,6,176,0,1
1,1,0,5,1,16,4,1,13,1,1,0,1,3,0,-65,0,1
1,1,1,4,1,16,3,1,3,0,1,2,1,0,0,-71,0,1
1,1,0,5,1,13,4,2,13,1,1,0,1,0,0,112,0,0
1,1,1,5,1,11,9,2,12,1,1,1,1,0,0,20,0,1
1,1,0,4,1,13,7,1,12,2,1,5,1,0,0,29,0,1
1,1,0,4,1,18,11,1,12,2,1,1,1,0,0,30,0,1
1,1,0,4,1,13,12,1,13,2,1,2,1,0,0,97,0,1
1,1,0,1,1,13,7,1,13,1,1,2,1,0,0,267,0,1
1,1,0,6,1,4,8,2,7,1,1,1,1,0,0,203,0,1
1,1,1,4,1,4,4,1,12,2,1,5,1,3,0,377,0,1
1,2,1,4,1,14,1,1,13,2,1,2,1,0,0,245,0,1
1,1,1,5,1,11,4,2,13,2,1,2,1,0,0,41,0,1
1,1,1,5,1,14,11,1,12,1,1,6,1,0,0,24,0,0
1,1,1,4,1,16,3,1,13,1,1,5,1,0,0,19,0,0
1,2,0,4,1,14,11,1,1,2,1,1,1,0,0,-250,0,1
1,2,0,4,2,13,4,1,9,1,1,2,1,0,0,-149,0,1
0,1,0,6,1,14,4,1,13,1,1,-1,1,0,0,-12,0,0
1,1,0,6,1,20,1,2,12,1,1,5,1,0,0,-17,0,0
1,1,0,6,1,20,7,1,13,1,1,1,1,0,0,175,0,1
1,1,0,4,1,13,12,1,13,1,1,-1,1,3,0,-59,0,0
1,1,1,4,1,19,3,1,12,2,1,0,1,0,0,386,0,1
1,1,0,4,1,13,11,2,12,2,1,-1,1,0,0,614,0,1
0,1,1,4,1,13,10,1,13,2,1,4,1,0,0,-190,0,1
1,1,1,4,1,13,10,2,0,2,1,7,0,0,0,74,0,1
1,1,0,5,1,13,6,1,10,2,1,2,1,0,0,213,0,1
1,1,0,4,1,13,8,1,14,1,1,0,1,0,0,584,0,1
1,1,0,6,1,10,9,2,13,1,1,1,1,0,0,33,0,1
0,1,1,4,1,4,8,1,13,2,1,1,1,0,0,-87,0,0
1,2,0,6,1,13,6,2,13,1,1,-2,1,0,0,-15,0,1
1,1,0,5,1,13,6,1,12,2,1,4,1,3,0,477,0,1
1,1,0,4,1,1,10,2,13,1,1,-1,1,0,8,57,0,1
1,2,0,4,1,14,10,1,13,2,1,2,1,0,0,-413,0,1
1,1,0,5,1,14,12,1,12,2,1,3,1,0,0,-245,0,1
1,1,0,4,1,4,8,1,12,1,1,1,1,0,0,-78,0,1
1,2,0,4,1,14,8,2,13,2,1,3,1,0,0,-114,1,1
1,1,1,5,1,13,5,2,12,1,1,5,1,0,6,-28,0,1
1,1,0,4,1,4,11,1,12,2,1,5,1,0,6,-244,0,1
1,2,0,6,1,0,5,1,12,2,1,1,1,0,0,-200,0,1
1,1,0,5,1,13,4,1,13,2,2,1,1,0,0,169,0,1
1,1,1,4,1,13,5,2,2,2,1,5,1,0,0,396,3,1
1,1,0,5,1,16,6,1,13,2,1,2,1,0,8,-23,0,1
1,1,1,5,1,10,11,2,13,1,1,1,1,0,3,601,0,1
1,2,0,4,1,13,5,2,12,1,1,2,1,0,0,-315,0,1
1,2,1,4,1,14,6,1,12,1,1,2,1,0,0,102,0,1
1,1,0,4,1,14,6,1,12,2,1,1,1,0,0,-162,0,0
1,1,1,6,1,13,6,2,13,1,1,2,1,3,0,265,0,1
1,2,0,4,1,1,5,2,13,2,1,0,1,0,0,215,0,1
1,1,0,4,1,16,8,2,13,2,1,-3,1,3,0,294,0,1
1,1,0,4,1,13,7,2,13,2,1,-2,1,0,0,120,0,1
1,1,0,5,1,6,5,1,12,1,1,0,1,0,0,-151,0,0
1,1,1,4,1,16,10,1,12,2,1,7,1,3,0,-4,0,1
1,1,1,5,1,13,6,1,13,3,1,3,1,0,5,-9,0,1
1,1,1,5,1,20,2,1,13,2,1,5,1,0,0,508,0,1
1,1,1,5,1,13,8,1,13,2,1,4,1,1,0,321,0,1
1,1,0,4,1,13,3,1,13,2,1,3,1,0,0,-188,0,1
1,1,1,6,1,13,5,2,12,2,1,8,1,3,0,278,0,1
1,1,0,1,1,1,12,1,13,2,1,0,0,3,0,377,0,1
1,1,0,6,1,4,12,2,13,1,1,3,1,0,0,-21,1,1
1,1,1,4,1,1,7,1,13,2,1,6,1,3,0,259,0,1
1,1,0,1,1,13,9,1,13,2,1,0,1,0,0,-198,0,1
1,1,0,4,1,15,1,1,13,3,1,4,1,0,0,-16,0,1
1,1,0,4,1,16,8,2,13,0,1,3,1,0,0,123,0,1
0,2,0,2,1,7,11,2,13,2,1,4,1,0,0,153,0,1
1,1,0,4,1,0,12,1,13,1,1,2,1,0,0,-178,0,1
0,2,0,4,1,16,1,1,13,2,1,2,1,0,0,100,0,1
1,1,1,6,1,13,2,2,13,2,1,4,1,0,0,-119,0,0
1,1,0,4,1,13,7,1,13,2,1,0,1,0,0,-306,0,1
1,1,1,4,1,13,4,1,13,3,1,2,1,0,0,-25,0,0
1,1,0,4,1,10,2,2,13,2,1,2,1,0,6,-2,0,1
1,2,1,6,1,11,8,2,13,1,1,3,1,0,0,-203,0,1
1,1,0,5,1,13,9,2,12,2,1,8,1,0,0,52,0,1
1,1,1,6,1,14,9,1,13,2,1,2,0,3,0,143,0,1
1,1,0,4,1,13,4,1,13,1,1,2,1,0,0,-171,0,1
1,1,0,4,1,1,2,2,13,2,1,-2,1,0,0,-127,0,1
1,1,0,5,1,13,7,2,13,1,2,0,1,0,0,104,0,1
1,2,1,4,1,4,3,2,12,1,1,0,1,0,0,30,0,0
1,1,1,5,1,0,11,2,13,1,1,0,1,0,0,32,0,1
1,1,0,4,1,14,3,1,6,1,1,5,1,3,0,54,0,1
1,1,0,4,1,0,11,1,13,2,1,6,1,3,0,282,0,1
1,1,0,4,1,13,6,2,13,1,1,2,1,3,0,399,3,1
1,1,1,4,1,13,8,2,13,2,1,3,1,0,9,183,0,1
1,2,0,4,1,1,1,2,10,1,1,2,1,0,0,240,0,1
1,1,0,5,1,8,3,1,13,2,1,4,1,0,0,166,0,1
1,1,0,5,1,1,5,2,13,2,1,0,1,0,11,140,0,1
1,1,1,5,1,20,4,1,13,1,1,-1,1,0,0,281,0,1
1,2,0,1,1,2,5,2,13,1,1,0,1,0,0,-63,0,0
1,1,0,5,1,14,11,2,13,1,1,2,1,0,0,-104,0,1
1,1,0,5,1,0,1,1,1,2,1,3,1,3,0,581,0,1
1,1,0,5,1,16,7,2,3,2,1,1,1,0,0,-82,1,1
1,1,0,4,1,13,4,1,13,1,1,1,1,0,0,-87,0,1
1,2,1,6,1,13,9,1,12,1,1,3,1,0,0,-75,0,1
0,1,0,4,1,10,11,1,12,3,1,3,1,0,0,24,0,0
1,1,0,6,1,11,3,1,12,1,1,6,1,4,0,-77,0,1
1,2,0,5,1,13,11,2,12,1,1,3,1,0,0,122,0,1
1,1,0,5,1,13,12,2,12,1,1,2,1,3,0,219,0,1
1,2,0,4,1,14,9,1,13,1,1,1,1,0,0,-34,0,1
0,1,0,5,1,10,2,2,12,2,1,0,1,0,0,-24,0,1
1,1,0,5,1,13,12,1,13,2,1,1,1,0,0,127,0,1
1,1,0,5,1,17,2,1,3,2,1,4,1,3,0,581,0,1
1,1,0,6,1,11,4,1,13,2,1,0,1,0,0,62,0,1
1,2,1,5,1,11,10,2,0,1,1,8,1,0,0,-116,0,1
1,1,0,4,1,11,10,1,13,2,1,3,1,0,6,-54,0,1
1,1,0,5,1,10,4,2,13,2,1,2,1,3,5,362,0,1
0,1,0,6,1,3,2,1,3,2,1,3,1,0,0,-4,0,0
1,1,0,4,1,20,9,1,12,2,1,2,1,0,0,85,0,1
1,1,0,6,1,16,1,2,12,2,1,1,1,3,4,-73,0,1
1,1,0,4,1,11,5,1,12,0,1,1,1,0,0,-451,0,0
1,1,0,4,1,13,4,1,5,2,1,5,1,0,0,332,0,1
1,1,1,5,1,13,7,2,13,2,1,5,1,0,0,200,0,1
1,1,1,4,1,16,8,2,13,1,1,1,1,0,0,-85,0,1
1,1,0,5,1,13,7,1,12,1,1,7,1,0,0,-57,0,1
1,1,1,6,1,13,9,2,12,2,1,4,1,0,0,-145,0,1
1,1,0,4,1,14,10,1,13,1,0,2,1,0,0,375,0,1
1,2,1,6,1,13,4,2,12,1,1,2,1,0,0,303,0,1
1,1,0,5,1,11,5,1,12,2,1,0,1,0,0,-78,0,1
1,1,0,5,1,16,3,1,13,2,1,-2,1,0,0,-46,0,1
1,2,1,5,1,10,8,2,12,2,2,3,1,0,0,-40,0,1
1,1,0,4,1,1,7,2,12,1,1,4,1,0,0,-200,0,1
1,1,1,4,1,13,10,2,10,1,1,2,1,3,7,138,0,1
1,2,0,4,1,11,8,2,13,2,1,4,1,0,0,30,0,0
1,1,1,4,1,16,1,1,13,1,1,7,1,0,0,88,0,1
1,1,1,4,1,16,7,2,13,1,1,0,1,0,0,-15,0,1
1,1,0,4,1,16,9,1,12,1,1,0,1,0,7,-139,0,1
1,1,0,5,1,0,9,1,13,2,1,0,1,0,0,9,0,1
1,1,0,4,1,1,6,1,13,2,1,1,1,4,0,-172,0,1
1,1,0,6,1,13,3,1,12,2,1,1,1,0,5,154,0,1
1,2,1,5,1,16,9,1,12,2,1,3,1,3,0,262,0,1
1,1,0,5,1,14,4,1,13,2,1,1,1,3,0,197,0,1
1,1,0,4,1,13,5,2,12,2,1,1,1,0,0,-104,0,1
1,1,0,4,1,16,11,2,12,1,1,0,1,0,0,130,0,1
1,1,1,5,1,14,4,1,13,1,1,0,1,3,0,517,0,1
1,1,0,4,1,1,2,2,13,1,1,2,1,0,0,-131,0,1
1,1,0,5,1,18,5,2,12,2,1,7,1,3,11,476,0,1
1,2,0,4,1,1,9,2,12,1,1,3,1,0,0,-240,0,1
1,1,1,4,1,13,8,2,13,1,1,5,1,2,0,152,0,1
1,1,0,4,1,13,8,2,13,1,1,0,1,0,0,67,0,0
1,1,0,6,1,16,8,2,13,2,1,4,1,0,0,65,1,1
1,1,0,5,1,13,5,2,7,2,1,2,1,3,0,239,0,1
1,1,0,4,1,16,10,2,7,1,1,5,1,0,0,55,0,1
0,1,0,6,1,1,8,1,12,2,1,1,1,0,0,-11,0,1
1,1,0,6,1,13,7,1,13,1,1,2,1,0,0,195,0,1
0,2,1,4,1,0,5,2,13,2,1,5,1,0,0,143,0,1
1,1,0,5,1,16,5,1,13,1,1,1,1,3,0,399,0,1
1,1,1,5,1,4,1,1,12,1,1,4,1,3,0,438,0,1
1,1,0,4,2,10,3,2,13,2,1,1,1,1,0,232,1,1
1,2,1,4,1,1,8,2,12,1,1,2,1,0,0,122,0,1
1,1,0,5,1,1,5,2,12,2,2,5,0,3,0,-45,0,1
0,1,0,4,1,9,10,1,12,1,1,-1,1,0,9,-134,3,1
1,1,0,6,1,13,5,1,13,2,1,8,1,0,0,-22,1,0
1,1,1,4,1,13,8,2,13,1,1,2,1,3,0,353,0,1
1,1,0,5,1,14,6,2,12,2,1,5,1,0,0,233,0,1
1,2,1,4,1,11,4,1,13,1,1,4,1,4,0,159,0,1
1,2,1,4,1,13,3,2,13,2,1,0,1,3,0,220,0,1
1,1,1,4,2,16,12,1,12,2,1,6,1,0,0,-143,0,1
1,1,0,4,1,16,12,1,13,1,1,1,1,0,0,-212,0,1
1,2,1,5,1,8,7,1,13,2,1,1,1,0,0,258,0,1
0,1,1,5,1,13,12,1,13,1,1,-1,1,4,0,-114,3,1
1,1,1,4,1,0,11,1,13,2,1,2,1,3,0,405,0,1
1,1,1,5,1,16,1,1,10,2,1,2,1,0,0,206,0,1
1,2,0,6,1,13,11,1,12,1,1,3,1,0,0,151,0,0
1,1,1,4,1,13,3,2,13,1,1,1,1,0,0,247,0,1
1,1,1,5,1,11,9,1,13,2,1,0,1,0,0,74,0,1
1,1,1,4,1,10,8,1,13,1,1,2,1,0,0,-169,0,1
1,1,1,5,1,13,11,1,12,1,1,1,1,0,0,373,0,1
1,1,0,4,1,3,8,1,2,1,1,4,1,0,0,167,0,1
1,1,0,5,1,13,5,1,13,1,4,-1,1,0,0,81,0,1
1,2,0,4,1,13,9,2,13,1,1,4,0,0,0,231,0,1
1,1,0,4,2,9,5,1,12,1,1,3,1,0,0,-103,0,1
1,1,0,4,1,13,9,1,13,1,1,2,1,0,0,-167,0,1
1,1,0,4,1,0,9,1,3,2,1,-1,1,0,10,-2,0,1
1,1,0,5,1,10,4,2,13,2,1,1,1,0,0,77,0,1
1,2,0,4,1,16,7,2,13,1,1,-2,1,0,7,-86,0,1
1,1,1,5,1,11,6,1,13,2,1,4,1,0,0,-142,0,1
1,1,1,4,1,13,5,2,13,1,1,1,1,0,0,329,0,1
1,1,0,5,1,20,6,2,12,2,1,4,1,0,0,33,0,1
1,1,0,5,1,16,4,1,7,1,1,4,1,0,0,-36,0,1
0,2,0,4,1,13,8,1,13,1,1,3,1,0,0,-29,3,0
1,2,1,5,1,14,9,1,12,2,1,4,1,0,6,73,0,0
0,1,1,4,1,1,8,1,13,2,1,-1,1,3,0,304,0,1
1,1,1,5,1,0,5,1,13,3,1,3,1,3,7,245,0,1
1,1,1,4,1,16,12,2,13,1,1,3,1,0,4,38,0,1
1,1,1,4,1,1,7,1,12,1,1,5,1,0,0,-99,0,1
1,2,1,4,1,11,12,2,12,2,1,8,1,0,0,178,0,0
1,1,0,6,1,10,10,2,14,1,1,10,1,0,0,79,0,1
1,1,1,4,1,13,11,1,12,1,1,2,1,0,0,122,0,0
1,1,1,5,1,13,9,1,13,1,1,3,1,0,0,33,0,1
1,2,0,4,1,13,1,2,13,1,1,0,1,0,0,-30,0,1
1,1,0,5,1,13,7,2,13,1,1,3,1,0,0,225,0,1
1,1,0,4,1,13,7,2,12,1,1,3,1,0,0,-39,0,0
1,1,1,6,1,14,5,1,13,1,2,-4,1,0,0,82,1,1
1,1,0,7,1,19,10,1,13,2,1,2,1,0,7,271,0,1
1,1,1,6,1,13,7,2,12,1,1,1,1,0,0,-206,0,1
1,1,0,4,1,4,8,2,13,1,1,3,1,0,0,-48,0,1
1,1,0,6,1,14,4,2,13,2,1,-2,1,0,0,278,0,1
1,2,0,4,1,16,10,2,13,1,1,6,0,0,0,-4,0,1
1,1,1,4,1,13,2,1,13,1,1,-3,1,0,0,78,0,1
1,1,0,4,1,14,12,1,13,2,1,2,1,0,0,28,0,1
1,1,1,4,1,4,8,2,10,2,1,3,1,0,0,273,0,1
1,1,0,6,1,16,1,1,12,1,1,2,1,0,0,257,1,1
1,2,0,6,1,21,5,2,13,2,1,1,1,0,0,-146,0,1
1,1,0,5,1,0,6,1,12,2,1,1,1,0,0,148,0,1
1,1,0,4,1,4,1,1,13,2,1,2,1,0,0,166,0,1
1,2,0,5,1,16,10,1,7,1,1,4,1,0,0,324,0,1
1,1,1,5,1,12,5,1,12,1,1,2,1,3,3,389,0,1
0,1,0,5,1,10,9,2,13,2,1,1,1,0,0,-15,1,1
1,2,0,4,1,20,4,1,13,2,1,4,1,0,0,26,0,1
1,1,1,6,1,1,12,2,7,1,1,3,1,0,0,-126,0,1
1,1,0,4,1,14,1,1,12,2,1,3,1,3,0,293,0,1
1,1,0,4,1,2,2,1,13,2,1,3,1,0,0,13,0,1
1,1,0,4,1,14,9,1,12,2,1,2,1,0,0,-181,0,1
1,1,0,3,1,10,6,1,12,2,1,8,1,0,0,-92,0,0
1,1,1,5,1,13,1,1,2,1,1,0,1,0,0,219,0,1
1,1,1,5,1,16,3,2,13,1,1,3,1,0,0,117,0,1
1,1,1,5,1,1,5,2,11,1,2,4,1,0,0,324,0,1
1,1,0,6,1,0,7,2,12,1,1,5,1,0,0,-215,0,1
0,1,1,5,1,16,3,1,12,2,1,7,1,0,0,98,0,1
1,1,0,4,1,13,10,1,12,1,1,1,1,0,0,22,0,1
1,1,0,4,1,10,1,1,13,2,1,-2,1,0,0,-50,0,0
1,1,1,4,1,14,12,1,13,3,1,0,1,3,3,116,0,1
1,1,1,4,1,8,2,2,13,2,4,3,1,0,0,61,0,0
1,1,0,5,1,13,9,2,13,1,1,9,1,0,0,110,0,1
1,1,0,4,1,20,1,2,12,1,1,-1,1,0,0,-67,0,1
1,1,0,4,1,10,7,2,12,2,1,0,1,0,0,18,0,1
1,1,1,4,1,4,5,2,13,1,1,2,1,0,0,-140,0,1
1,1,1,5,1,20,2,2,12,1,1,3,1,0,0,23,0,1
1,1,1,5,1,13,11,1,13,1,1,2,1,3,0,324,0,1
1,2,1,6,1,13,2,2,13,1,1,1,1,0,7,290,0,0
1,1,1,5,1,13,4,1,7,1,1,2,1,4,0,223,0,1
1,1,0,5,1,13,2,2,10,2,1,2,1,0,0,42,0,1
1,1,0,5,1,0,6,1,14,2,1,0,1,0,0,113,0,1
0,1,0,4,1,11,10,1,11,1,1,2,1,0,0,-156,0,1
1,1,0,4,1,16,6,2,12,2,1,2,1,0,0,31,0,1
1,1,0,4,1,20,8,1,12,1,1,4,1,3,0,-55,0,1
1,1,0,4,1,0,11,2,12,1,1,5,1,0,0,-52,0,1
1,1,0,4,1,4,12,2,13,1,1,0,1,0,0,-32,0,1
1,1,0,5,1,14,9,2,2,2,1,1,1,0,0,322,2,1
1,1,0,7,1,11,11,2,13,1,1,-1,1,0,0,150,0,1
1,2,0,4,1,10,8,2,13,1,1,4,1,0,0,-27,2,1
1,1,0,5,1,14,11,1,13,2,1,3,1,0,0,-74,0,1
1,1,0,6,1,21,11,1,13,2,1,3,1,3,0,135,0,1
1,2,1,5,1,0,5,2,13,2,1,1,1,3,0,137,0,1
1,1,0,4,1,0,8,1,13,2,1,2,1,0,0,-25,0,1
1,1,1,4,1,13,9,1,13,1,1,-3,1,2,0,305,0,1
1,1,1,4,1,13,5,1,12,1,1,2,1,0,0,-130,3,1
1,2,1,4,1,1,4,1,4,2,1,-1,1,0,0,-3,0,1
1,1,0,5,1,13,8,2,13,1,1,1,1,0,0,126,0,1
1,2,0,6,1,13,1,1,13,2,2,0,1,0,0,91,0,1
1,1,0,4,1,4,6,1,12,2,1,-1,1,0,0,-280,0,1
1,1,0,4,1,14,9,2,13,2,1,1,1,3,0,146,0,0
1,1,1,5,1,13,6,1,13,2,1,4,1,0,0,-215,0,1
1,1,0,4,1,6,8,1,0,2,1,2,1,0,0,-200,0,1
1,1,1,5,1,13,10,1,12,1,1,2,1,0,0,-46,0,1
1,1,0,5,1,13,3,1,12,2,1,4,1,0,0,97,0,1
1,1,1,4,1,4,1,1,12,2,1,2,1,0,0,546,1,1
0,1,1,4,1,10,8,1,13,2,1,5,1,0,8,399,0,0
1,1,0,5,1,20,4,2,7,1,1,2,1,0,0,206,0,0
1,1,0,5,1,16,2,1,12,2,1,1,1,0,0,28,0,1
1,1,1,5,1,13,4,1,1,2,1,4,1,0,0,249,0,1
1,1,1,4,1,14,5,1,12,1,1,1,1,0,0,-56,0,1
1,2,0,4,1,13,9,2,12,1,1,2,1,0,0,-166,0,1
1,1,0,4,1,13,1,1,13,2,1,4,1,0,0,-113,0,1
1,1,1,5,2,13,7,2,12,1,1,2,1,3,0,31,0,1
1,2,0,6,1,13,5,2,13,1,1,1,1,0,0,-6,0,1
1,1,1,4,1,22,12,1,12,2,1,1,1,1,0,-53,0,1
1,1,1,6,1,10,7,2,13,1,1,7,1,0,0,125,0,1
1,1,0,4,1,14,1,1,14,2,1,0,1,0,0,38,0,1
1,1,1,4,1,4,9,1,13,0,1,1,1,0,0,-179,0,1
1,1,0,4,1,1,11,2,13,1,1,1,1,0,0,-230,3,1
1,1,0,4,1,10,12,1,13,2,1,2,1,0,0,-370,0,1
1,2,0,4,1,16,8,1,13,1,1,-2,1,0,0,-40,0,1
0,1,0,4,1,4,8,1,12,2,1,4,1,0,0,322,0,0
0,1,1,4,1,16,9,1,13,1,1,1,1,0,2,-133,3,1
1,1,0,6,1,13,9,2,13,2,1,-2,1,0,0,-117,0,1
1,1,1,5,1,16,5,2,13,1,1,2,1,0,0,-65,0,1
1,1,0,4,1,4,12,1,13,1,1,0,1,0,0,8,0,1
1,1,0,4,1,1,2,2,12,2,1,6,1,0,0,-17,0,1
1,1,0,5,1,0,4,1,9,1,1,0,1,0,0,47,0,1
1,1,0,4,1,4,12,1,13,2,1,2,1,3,0,382,0,0
1,1,0,6,1,13,3,2,12,1,1,2,1,0,0,-129,0,1
1,1,0,6,1,13,11,1,12,2,1,0,1,0,0,33,0,1
0,2,1,4,1,16,3,1,13,2,1,4,1,0,7,158,0,0
1,1,1,7,1,16,4,1,4,1,1,6,1,0,0,56,0,1
1,1,1,5,1,8,3,1,12,2,1,6,1,0,0,-94,0,1
1,1,1,5,1,14,11,1,9,1,1,3,1,3,7,389,0,1
1,1,0,5,1,10,1,1,12,2,1,3,1,3,0,194,0,1
1,1,1,5,1,13,5,1,13,1,1,3,1,0,0,157,0,1
0,1,1,4,1,1,11,1,13,1,1,1,1,0,0,120,0,1
1,2,1,4,1,10,12,2,12,2,1,3,1,0,0,-50,0,1
1,1,0,5,1,13,12,1,13,1,1,1,1,0,0,-142,0,1
1,1,1,4,1,10,6,1,13,1,1,2,1,0,0,-31,0,1
1,1,1,4,1,0,3,2,13,2,2,0,1,3,7,436,0,1
1,1,1,4,1,14,12,1,13,1,1,-2,1,0,0,88,1,1
1,1,0,6,1,7,2,1,13,2,1,4,1,0,0,101,0,1
1,1,0,6,1,4,5,1,0,1,1,0,1,0,0,226,0,1
1,1,1,6,1,13,1,2,13,1,1,1,1,0,0,28,0,1
1,1,0,4,1,0,9,1,13,2,1,3,1,0,10,-224,0,1
0,1,0,4,2,13,10,1,9,1,1,3,1,3,7,376,0,1
1,1,0,6,1,13,2,1,10,1,1,2,1,0,0,-121,0,1
1,1,1,5,1,13,12,2,9,2,1,4,1,3,0,311,0,1
1,1,1,4,1,16,5,1,13,1,1,0,1,0,0,-223,0,1
1,1,0,5,1,13,11,2,13,2,1,-1,1,0,0,-163,0,1
0,1,1,5,1,11,1,1,13,1,1,3,1,0,0,89,0,1
1,1,0,4,1,14,3,1,13,2,1,1,1,0,0,-4,0,1
1,1,1,4,1,16,10,1,13,1,1,0,1,0,0,-238,0,1
1,1,0,5,1,0,5,1,13,2,1,0,1,0,7,358,0,1
1,1,0,4,1,13,10,1,12,1,1,3,1,3,0,-22,1,1
1,2,0,4,1,2,1,1,13,2,1,-1,1,0,0,-175,0,1
1,1,1,5,1,11,1,1,13,2,1,6,1,3,3,47,0,1
1,1,0,6,1,10,5,2,12,2,1,6,1,3,0,555,0,1
1,1,1,4,1,16,8,2,13,2,1,2,1,0,0,238,0,1
1,1,1,1,1,13,6,2,13,2,1,4,1,0,0,13,0,1
0,1,1,5,1,13,5,2,13,2,1,5,1,0,0,-29,0,1
0,1,1,4,1,14,7,2,13,2,1,2,1,0,0,382,0,1
1,1,1,4,1,13,3,2,13,1,1,2,1,0,0,14,0,1
1,2,0,4,1,7,1,1,13,2,1,7,1,0,0,51,2,1
1,1,0,2,1,13,4,2,13,2,1,2,1,0,0,-48,0,1
1,1,0,4,1,11,12,2,13,1,1,3,1,0,0,-196,0,1
1,1,0,6,1,13,6,1,13,1,1,1,1,3,0,246,0,1
1,1,1,4,1,4,7,2,13,0,1,-1,1,0,0,-110,0,1
1,1,0,4,1,13,8,1,13,2,1,5,1,0,7,-155,0,1
1,1,0,6,1,1,6,2,12,2,1,2,1,0,0,-211,0,1
1,2,1,4,1,12,11,1,13,1,2,0,1,0,0,82,0,1
1,1,1,5,1,16,7,2,7,1,1,2,1,3,0,306,0,1
1,1,1,6,1,16,10,2,12,2,1,4,1,0,0,-13,0,1
1,1,0,4,1,14,9,1,12,1,1,0,1,3,0,26,0,1
1,1,1,4,1,4,3,2,13,1,1,3,1,0,4,171,0,1
1,2,0,4,1,13,8,2,13,1,1,-1,1,0,0,-76,0,1
0,1,0,4,1,4,8,1,13,2,1,0,1,3,0,325,0,1
1,2,0,1,1,0,5,1,12,2,1,1,1,0,0,-268,0,1
1,1,0,6,1,4,11,1,13,1,1,3,1,3,0,63,0,1
1,1,1,4,1,13,8,2,12,2,1,0,1,0,0,188,0,1
1,1,0,5,1,16,4,2,13,1,1,1,1,3,7,238,0,1
1,1,1,4,1,16,3,1,13,1,1,3,1,0,0,156,0,1
0,1,0,4,1,13,6,2,13,1,1,-1,1,0,7,121,0,1
1,1,0,4,1,14,3,1,13,1,1,0,1,0,0,-105,0,1
1,1,0,5,1,13,10,2,12,2,1,4,1,0,0,-89,0,1
1,1,0,5,1,1,5,2,13,1,1,0,1,3,0,490,0,1
1,2,1,4,1,1,8,1,13,1,1,0,1,0,0,110,0,1
1,1,1,4,1,11,6,1,11,1,1,4,1,0,0,16,0,1
1,1,1,4,1,10,3,2,12,2,1,3,1,0,6,208,0,1
1,1,0,5,1,10,6,2,13,2,1,3,1,0,0,102,0,1
1,1,0,4,1,13,3,1,13,2,1,-1,1,0,0,-301,0,1
1,1,0,5,1,16,7,1,13,1,1,0,1,3,0,247,0,1
1,2,1,5,1,14,6,1,12,1,1,3,1,3,0,79,0,1
1,1,0,6,1,13,12,1,13,2,1,3,1,0,0,193,0,1
1,1,1,5,1,1,4,1,13,1,1,-1,1,0,0,-202,0,1
1,1,1,4,1,14,4,1,13,1,1,0,1,0,0,-103,0,1
1,1,0,6,2,21,3,1,12,1,1,4,1,0,0,-212,0,1
1,1,0,2,1,9,7,2,13,1,1,0,1,3,0,71,0,1
1,1,0,4,1,13,8,1,13,2,1,3,1,0,0,218,0,1
1,1,0,4,1,13,8,1,13,2,1,2,1,0,0,-49,0,1
1,1,0,4,1,13,2,2,8,2,1,4,1,2,0,540,0,1
1,2,1,4,1,4,7,1,14,1,1,4,1,0,0,-404,0,1
1,1,0,4,1,13,2,1,13,2,1,-1,1,0,0,-117,0,1
1,1,0,6,1,4,7,2,12,2,1,5,1,0,0,-244,0,1
1,1,1,5,1,0,10,1,13,1,1,1,1,0,0,246,0,1
1,1,0,4,1,18,5,1,12,1,1,0,1,3,0,123,0,1
1,1,0,4,1,11,1,2,12,1,1,-1,1,0,0,42,0,1
1,1,0,4,1,13,8,2,13,2,1,4,1,0,0,-25,0,1
1,1,0,4,1,14,9,1,13,2,1,0,1,3,0,278,0,1
1,1,0,4,1,0,2,1,12,2,1,4,1,0,0,-141,0,1
1,1,1,6,1,14,3,2,13,1,1,0,1,0,0,9,0,1
1,1,0,4,1,14,10,1,5,2,1,1,1,3,0,-27,0,1
1,1,0,4,1,12,8,1,13,2,1,1,1,0,0,-74,3,1
1,1,0,5,1,14,2,1,8,1,1,2,1,0,0,-118,0,1
1,1,0,4,1,4,3,2,12,2,1,4,1,0,0,-240,0,1
1,1,1,5,1,11,5,2,13,2,1,0,1,0,0,238,0,0
1,1,1,4,1,20,11,2,13,1,1,0,1,0,0,140,0,1
1,1,1,4,1,13,12,1,12,2,1,1,1,0,0,56,0,1
1,2,0,4,1,13,10,2,5,1,1,0,1,0,0,87,0,1
1,1,0,4,1,20,1,1,12,2,1,0,1,0,0,198,0,1
1,1,0,5,1,10,2,1,8,2,1,-2,1,3,0,271,0,1
1,1,0,4,1,16,11,2,1,2,1,1,1,0,0,148,0,0
1,2,1,4,1,4,8,1,12,1,1,0,1,0,0,-152,0,1
1,1,0,4,1,10,5,2,14,1,1,0,1,0,0,-174,0,1
1,2,1,5,1,16,3,1,13,2,2,-1,1,0,0,-124,0,0
1,1,0,5,1,11,4,1,13,2,1,0,1,0,0,307,0,1
1,1,1,5,1,1,12,1,6,2,1,1,1,0,0,-21,0,1
1,1,0,5,1,13,5,2,13,2,1,4,1,0,0,218,0,1
1,1,1,4,1,13,11,1,12,1,1,2,1,0,0,297,0,1
1,1,0,6,1,16,2,2,9,1,1,1,1,0,0,18,0,1
1,1,1,1,1,13,11,2,12,2,2,4,0,0,0,131,0,1
1,1,1,4,1,20,5,1,13,1,1,1,1,0,0,-157,0,1
1,1,0,4,2,13,12,1,7,1,1,1,1,0,0,-159,0,1
1,1,0,3,1,12,3,1,13,1,1,3,1,0,0,-77,0,1
1,1,0,4,1,13,9,2,12,2,1,0,1,0,0,199,0,1
1,1,1,5,1,13,12,2,13,2,1,0,1,0,0,115,0,1
1,1,0,5,1,16,11,2,4,1,1,4,1,0,0,135,0,1
1,1,0,4,1,13,3,1,12,2,1,4,1,0,0,-324,0,1
1,1,1,4,1,1,3,1,7,1,1,0,1,3,0,163,0,1
1,1,1,5,1,14,9,1,13,1,1,0,1,0,0,207,0,1
1,1,1,4,1,13,10,1,13,1,1,3,1,0,3,86,0,1
1,1,1,5,1,14,7,1,13,2,1,5,1,0,0,-253,0,1
1,1,1,4,1,13,2,1,13,1,1,1,1,0,0,91,0,1
1,1,0,4,1,13,6,2,13,1,1,4,1,0,0,-89,0,1
0,1,1,5,1,11,5,2,12,1,1,6,1,0,0,124,0,1
1,1,1,4,1,16,10,1,13,1,1,3,1,0,0,-27,0,1
1,2,0,4,1,16,9,1,13,2,1,3,1,0,0,-404,0,1
1,1,1,6,1,16,5,1,13,2,4,4,1,0,0,-153,0,1
1,1,0,4,1,1,11,2,12,1,1,1,1,0,0,-86,0,1
1,1,1,5,1,13,12,1,12,2,1,4,1,0,7,201,0,1
1,2,0,5,1,20,11,1,13,1,1,6,1,3,0,-59,0,1
1,1,0,4,1,13,7,1,13,2,1,0,1,0,0,-65,0,1
1,2,0,4,1,9,4,1,12,1,1,0,1,0,0,160,0,1
1,1,1,4,1,13,7,2,13,2,1,-2,1,0,0,114,0,1
1,2,0,4,1,10,2,2,13,2,1,-1,1,0,0,-104,0,1
1,2,1,5,1,13,6,1,12,2,1,6,1,0,0,374,0,1
1,2,1,5,1,16,6,1,13,1,1,4,1,0,0,141,0,1
1,1,1,5,1,20,11,2,12,2,1,4,1,0,0,210,0,1
1,2,1,6,1,11,2,2,12,1,1,4,1,0,0,-168,0,1
1,1,0,4,1,14,1,1,12,1,1,-1,1,0,0,-46,0,1
1,1,0,4,1,5,6,1,4,1,1,3,1,3,11,445,0,1
1,1,1,5,1,11,8,1,12,2,1,0,1,0,0,-58,0,1
1,1,0,4,1,13,8,1,13,2,1,2,1,0,0,40,0,1
1,1,0,4,1,13,9,1,13,1,1,-4,1,0,0,-47,0,1
1,1,1,4,1,4,5,1,4,2,1,3,1,3,0,453,0,1
1,1,1,6,1,16,9,2,13,1,1,2,1,0,0,-111,0,1
1,1,0,5,1,16,8,1,13,1,1,6,1,0,0,94,0,1
1,1,0,5,1,15,2,1,13,2,1,0,1,0,0,-50,0,1
1,2,0,6,1,14,2,2,12,2,1,-2,1,0,0,-196,0,1
1,1,0,5,1,0,3,2,13,2,1,6,1,0,0,76,1,1
1,1,0,4,1,4,2,1,13,2,1,0,1,0,0,31,0,1
1,2,0,6,1,13,9,1,13,1,1,1,1,0,0,135,0,1
1,1,0,5,1,14,8,1,13,2,1,2,1,0,0,7,0,1
1,1,1,6,1,10,11,2,12,2,1,1,1,0,0,-253,0,1
1,1,0,6,1,5,11,1,13,2,1,4,1,0,0,409,0,1
1,2,0,4,1,4,9,2,13,2,1,-2,1,0,0,-23,0,1
1,1,0,5,1,13,12,2,13,2,1,4,1,0,0,120,0,0
1,1,0,5,1,11,9,1,13,1,1,-2,1,0,0,-61,0,1
1,1,1,4,1,13,8,1,13,1,1,1,1,0,0,108,0,1
1,1,0,5,1,1,6,2,13,2,1,5,1,3,0,386,0,1
1,2,0,4,1,13,5,1,13,1,1,4,1,0,0,-45,0,1
1,1,1,4,1,0,8,1,13,1,1,6,1,0,0,-21,0,1
1,1,1,4,1,11,3,1,12,2,1,3,1,0,7,-62,0,1
1,1,1,4,1,1,1,1,13,2,1,2,1,3,0,148,0,1
1,1,0,5,1,4,5,1,13,1,1,3,1,3,0,86,0,1
1,1,0,4,1,0,10,1,13,1,1,4,1,0,0,-156,0,1
1,1,0,6,1,10,4,2,12,1,1,4,1,0,0,-214,0,1
1,1,1,4,1,16,4,1,13,2,1,2,1,3,0,612,1,1
1,2,0,5,1,13,1,2,12,2,1,0,1,0,0,380,0,1
1,1,1,5,1,13,8,2,12,1,1,4,1,0,0,377,0,1
1,1,0,4,1,13,3,1,9,2,1,2,1,3,0,213,0,1
1,1,0,4,1,10,3,2,13,1,1,2,1,0,0,158,0,1
1,1,0,7,1,0,11,1,13,2,1,-1,1,0,0,-189,0,1
1,1,0,4,1,4,10,2,12,2,1,3,1,0,0,-12,0,1
0,1,1,4,1,1,5,1,12,1,1,2,1,0,0,95,0,1
1,1,0,6,1,11,9,1,12,2,1,0,1,0,0,-200,0,1
0,1,0,4,1,13,5,2,13,1,1,0,1,0,5,53,0,1
1,1,1,5,1,20,10,1,13,2,1,-1,1,3,0,456,0,1
1,1,0,4,1,13,11,1,12,1,1,0,1,0,0,-21,0,1
1,1,0,5,1,10,11,2,12,1,1,4,1,0,0,-312,0,1
1,1,0,4,1,0,7,1,1,2,1,-1,1,0,0,15,0,1
1,1,0,4,1,1,1,1,12,1,1,1,1,0,0,199,0,1
1,2,0,6,1,1,8,1,13,2,3,6,1,0,0,-144,0,1
1,1,1,4,1,13,11,2,13,1,1,5,1,0,0,169,0,1
1,2,0,5,1,13,12,1,13,1,1,-2,1,0,0,236,0,1
0,2,0,4,1,13,11,1,12,1,3,-2,1,0,0,-96,0,1
1,1,0,5,1,16,4,2,13,1,1,1,1,0,0,112,0,1
1,1,0,2,1,11,7,1,3,1,1,3,1,0,0,-139,0,1
0,1,1,4,1,1,3,1,13,2,1,2,1,0,0,84,0,1
1,1,0,4,1,4,2,1,13,2,1,-2,1,0,0,-181,0,1
1,1,0,6,1,11,4,2,13,2,2,0,1,0,0,82,0,1
1,1,0,4,1,13,9,1,12,1,1,1,1,0,0,-401,0,1
1,1,0,5,1,22,6,1,12,2,1,2,1,0,0,-61,0,1
1,2,1,5,1,11,2,1,13,2,1,-2,1,0,0,121,0,1
1,1,0,5,1,10,5,1,12,3,1,2,1,0,0,251,0,1
1,1,1,4,1,10,4,2,13,2,1,3,0,0,0,56,3,1
1,1,0,4,1,20,8,1,12,1,1,5,1,0,7,-75,0,1
0,1,1,5,1,1,8,2,12,1,1,2,1,0,0,-136,0,1
1,1,1,6,1,0,5,1,12,1,1,1,1,0,0,17,0,1
1,1,1,4,1,8,1,2,10,1,1,2,1,0,0,753,1,1
1,1,1,4,1,11,11,2,12,1,1,0,1,0,0,-101,0,1
1,1,1,4,1,16,7,1,11,3,1,5,0,0,0,-4,0,0
1,1,1,4,1,13,10,2,12,2,1,5,1,0,0,-120,0,1
1,1,0,4,1,11,8,1,13,2,1,-1,1,0,0,351,0,1
1,1,0,4,1,13,2,1,12,1,1,0,1,0,7,188,0,1
1,2,1,4,1,10,6,2,6,1,1,1,1,0,0,84,0,1
1,1,0,4,1,13,11,2,1,2,1,4,1,0,0,-155,0,1
1,1,0,6,1,13,12,1,12,2,1,1,1,0,0,-126,0,1
1,1,0,4,1,13,3,2,12,1,1,2,1,2,0,-142,0,1
1,1,0,5,1,4,8,1,12,2,1,0,1,0,0,-83,0,1
0,1,0,4,1,16,8,2,13,2,1,5,1,3,0,286,0,1
1,1,1,4,1,4,8,2,13,1,1,3,1,0,0,-65,0,1
1,1,0,5,1,0,4,1,11,2,1,5,1,0,0,-42,0,0
1,1,0,5,1,13,2,2,12,1,1,4,1,0,0,-61,0,1
1,2,1,4,1,16,2,2,12,1,1,0,1,0,0,-284,0,1
1,1,1,4,1,13,3,1,13,2,1,-1,1,3,0,125,0,1
1,1,1,5,1,14,11,1,12,2,2,3,1,0,6,428,0,1
1,1,0,4,1,16,5,1,13,2,1,-3,1,0,0,36,0,0
1,1,0,5,1,0,4,2,13,3,1,1,1,0,0,433,1,1
1,1,1,4,1,16,12,2,12,1,1,3,1,0,0,-40,0,1
1,1,1,4,1,1,1,1,12,2,1,0,1,0,0,-70,0,1
1,1,1,4,1,10,7,1,13,1,1,1,1,0,0,230,0,1
1,1,0,6,1,13,7,1,12,1,1,1,1,0,0,-11,0,1
1,1,0,4,1,11,11,2,13,1,1,-1,1,0,0,-169,0,1
1,2,1,4,1,20,11,2,12,1,1,2,1,0,0,-64,0,1
1,1,0,4,1,1,10,1,12,3,3,3,1,0,0,337,0,1
0,1,1,4,1,20,5,2,0,2,1,1,1,0,0,142,0,1
1,1,0,5,1,14,8,1,12,3,1,3,1,0,0,-56,0,1
1,1,0,5,1,0,9,1,13,2,1,6,1,0,0,78,0,1
1,2,0,6,1,14,11,1,12,2,1,3,1,0,0,-117,0,1
1,2,0,6,1,11,6,2,12,1,1,0,1,0,0,-149,0,1
0,1,0,4,1,13,1,2,13,1,1,-1,1,0,0,-170,0,1
1,2,0,4,1,13,11,1,12,2,1,1,1,0,0,22,0,1
1,2,0,4,1,13,12,1,12,2,1,2,1,0,0,-96,0,1
1,1,1,4,1,10,10,1,13,1,1,2,1,0,0,-159,0,1
1,1,0,4,1,13,12,2,13,2,1,-1,1,0,0,266,0,1
1,2,1,4,1,13,9,2,12,2,1,1,1,0,0,61,0,1
1,1,1,5,1,13,8,1,12,2,1,1,1,0,0,-83,0,1
1,1,1,3,1,16,9,1,13,2,1,4,1,0,0,-204,0,1
1,1,0,5,1,1,6,2,13,1,1,4,1,0,0,-11,0,1
1,2,1,6,2,13,5,1,12,2,1,4,1,0,0,94,0,1
1,1,0,5,1,16,7,2,12,2,1,1,1,0,0,9,0,1
0,1,1,3,1,20,9,1,12,1,1,4,1,3,0,239,0,0
1,1,1,4,1,10,4,1,13,1,1,3,1,0,0,136,0,1
1,1,1,5,1,16,11,2,13,1,1,1,1,3,0,295,0,1
1,1,0,6,1,13,7,1,13,1,1,-2,1,3,0,8,0,1
1,2,1,4,1,13,5,1,13,1,1,1,1,0,0,38,0,1
1,1,0,4,1,13,2,1,12,2,1,4,1,0,0,159,0,1
1,1,1,6,1,10,11,1,12,2,1,3,1,0,0,-10,3,1
1,1,1,1,1,11,12,2,12,2,1,1,1,0,0,248,0,1
1,1,0,4,1,17,12,1,13,1,1,1,1,0,0,-116,0,1
1,1,0,4,1,13,6,2,2,2,1,4,1,0,0,47,0,1
1,1,1,4,1,16,11,1,13,1,1,1,1,0,0,95,0,1
1,1,0,5,1,4,12,1,13,2,1,-2,1,0,0,-60,0,0
1,1,0,5,1,13,4,1,13,2,1,3,1,3,0,263,0,1
1,2,1,4,1,13,6,1,13,2,1,6,1,0,0,25,0,1
1,2,0,3,1,10,9,1,13,2,1,0,1,0,0,-33,0,1
1,2,0,4,1,14,1,1,13,1,1,2,1,0,0,-52,0,1
1,1,0,4,1,4,7,1,12,1,1,0,1,0,0,-60,0,1
1,1,0,4,1,16,5,2,13,1,1,5,1,0,0,-140,0,1
0,1,1,4,1,16,11,1,12,1,1,2,1,0,0,-34,0,1
1,1,1,5,1,0,1,1,13,2,1,0,1,3,0,204,0,1
1,2,0,4,1,0,2,2,13,1,1,1,1,3,0,178,0,1
1,1,0,6,1,16,8,1,7,1,1,2,1,0,0,115,0,1
1,1,1,6,1,14,11,1,4,2,1,2,1,0,0,128,0,1
1,1,1,6,1,14,4,2,12,2,1,5,1,3,3,351,0,1
1,1,0,4,1,13,12,1,13,2,1,0,1,0,0,-105,0,1
1,1,0,4,1,13,12,2,5,1,1,1,1,0,0,82,0,1
1,1,1,4,1,1,2,1,13,2,1,1,1,3,0,413,0,1
1,1,0,5,1,13,2,2,13,2,1,2,1,0,0,-40,0,1
1,1,1,4,1,11,3,1,13,1,1,2,1,0,0,-185,0,1
1,2,0,4,1,0,7,1,12,1,1,4,1,0,0,144,0,1
1,1,0,4,1,13,9,1,3,2,1,0,1,0,0,-13,0,1
1,2,1,4,1,10,10,1,12,2,1,5,1,0,0,83,0,0
1,1,0,4,1,18,8,1,12,2,1,0,1,0,0,-41,0,1
0,1,1,4,1,13,11,1,12,2,1,5,1,0,0,117,0,1
1,1,0,6,1,13,7,1,12,1,1,4,1,0,0,-253,0,0
1,2,0,5,1,4,4,1,13,1,1,1,1,0,0,58,0,1
1,2,0,5,1,1,12,1,13,2,1,3,1,0,0,-84,0,1
1,1,0,5,1,12,10,1,13,1,1,1,1,0,0,-166,0,1
1,2,0,4,1,11,3,1,12,1,1,4,1,0,0,-250,3,1
1,1,0,4,1,10,4,1,12,2,1,-1,1,0,0,120,0,1
1,1,0,4,1,13,5,2,4,2,1,2,1,0,0,319,0,1
1,2,0,1,1,1,9,2,13,2,1,-2,1,0,0,154,0,1
1,1,0,5,1,4,7,1,12,2,1,2,1,0,0,-114,0,1
1,1,1,4,1,4,9,2,13,2,1,2,1,0,0,-151,0,1
1,1,0,5,1,16,11,1,13,2,1,0,0,3,0,187,0,1
1,1,1,6,1,13,12,2,12,1,1,3,1,0,0,-156,0,1
1,1,1,4,1,10,8,1,7,1,1,2,1,0,0,-24,0,1
1,1,0,5,1,0,2,2,12,2,1,2,0,3,0,49,0,1
1,1,1,6,1,13,8,1,13,1,1,1,1,0,0,59,0,1
1,2,1,4,1,13,5,2,13,1,1,3,1,0,0,-87,0,1
1,1,1,5,1,20,11,2,13,1,1,0,1,0,0,113,2,1
1,1,0,4,1,1,5,2,12,2,1,5,1,0,0,-186,0,1
1,2,0,4,1,4,4,1,13,1,1,1,1,0,0,-39,0,1
1,1,1,5,1,13,2,2,13,1,1,2,0,4,6,-37,0,1
1,1,0,5,1,13,8,1,13,2,1,-3,1,3,0,235,0,1
1,1,1,4,1,13,1,1,12,3,1,3,1,0,0,137,2,1
1,1,0,4,1,11,7,2,13,1,1,-2,1,0,0,-120,0,1
1,1,0,4,1,16,9,1,13,1,1,0,1,0,0,-96,0,1
1,1,1,4,1,4,9,2,12,2,1,0,1,0,0,-80,0,1
1,1,0,4,1,4,10,1,13,1,1,4,1,0,0,-195,0,1
1,1,1,4,1,1,6,1,1,2,1,3,1,0,0,218,0,1
1,1,1,5,1,14,2,2,7,2,1,0,1,0,0,187,0,1
1,2,1,5,1,17,9,2,13,2,1,1,1,0,7,146,0,1
1,2,0,6,1,22,8,2,13,1,1,-1,1,0,7,317,0,1
1,2,0,4,2,11,4,1,13,3,1,4,1,0,7,-103,0,1
1,1,1,4,1,13,3,2,11,2,1,4,1,0,0,112,0,1
0,2,0,4,1,20,6,2,12,2,1,0,1,0,0,144,0,1
1,1,0,4,1,11,6,1,12,1,1,3,1,0,0,13,0,1
1,1,0,3,1,16,8,1,3,2,1,1,1,3,0,206,0,1
1,1,0,7,1,13,5,2,12,3,1,5,1,1,0,90,0,1
1,1,0,5,1,1,3,1,13,1,1,4,1,0,0,202,1,1
0,1,1,5,1,13,5,2,13,2,1,1,1,3,0,139,0,1
1,1,0,5,1,14,8,1,2,2,1,-1,1,0,0,199,0,1
1,1,1,5,1,14,11,2,13,2,1,2,1,0,0,216,0,1
1,1,0,4,1,0,4,2,13,2,2,-2,1,3,7,362,0,1
1,1,0,3,1,13,8,1,13,2,1,4,1,0,0,340,1,1
1,1,0,5,1,14,9,2,0,1,1,3,1,0,0,20,0,1
1,1,0,4,1,13,11,2,3,2,1,3,1,3,0,232,0,1
1,1,0,3,1,16,4,1,13,2,1,3,1,0,0,163,0,1
1,1,1,4,1,13,7,2,12,1,1,8,1,0,0,79,0,1
1,2,0,5,1,22,12,1,13,2,1,4,1,0,0,88,0,1
1,1,0,6,1,13,5,1,7,2,1,3,1,0,0,0,0,1
1,1,0,5,1,14,4,2,13,2,1,7,1,3,0,-164,0,1
1,1,0,4,1,13,12,2,13,1,1,1,1,0,8,132,0,1
1,1,0,7,1,13,11,2,12,1,1,1,1,0,0,-61,0,1
1,1,0,5,1,4,11,1,13,2,1,0,1,0,0,211,0,1
1,1,1,5,1,13,1,1,13,1,1,4,1,2,0,90,0,1
1,1,0,5,1,4,3,1,13,2,1,1,1,0,0,-214,0,1
1,2,0,4,1,13,12,1,13,1,1,3,1,0,0,-266,0,1
1,1,0,5,1,11,6,2,13,2,1,-2,1,0,0,-265,0,1
1,2,1,4,1,19,2,1,12,1,1,2,1,0,0,-132,0,1
0,1,0,5,1,5,4,1,12,2,1,5,1,0,0,371,0,1
1,2,1,5,1,13,12,1,12,2,1,6,1,0,0,79,0,0
0,1,0,6,1,13,8,2,4,2,1,2,1,0,0,97,0,1
1,1,1,4,1,14,3,1,13,2,1,-1,1,0,0,113,1,1
1,2,0,4,1,4,1,2,12,2,1,0,1,0,0,-9,0,1
1,1,1,5,1,14,3,1,13,2,1,5,1,0,7,185,0,1
1,2,0,4,1,11,1,1,1,1,1,6,0,0,0,-70,0,1
1,1,0,4,1,13,4,1,13,1,1,0,1,0,0,183,0,1
1,1,0,4,1,10,5,1,13,1,2,4,1,0,0,-192,0,1
1,1,1,5,1,13,12,1,13,1,1,2,1,0,0,-44,0,1
1,1,0,4,1,1,4,1,13,2,2,1,1,0,0,86,0,1
1,1,1,4,1,1,2,1,13,2,1,-1,1,3,2,41,0,1
1,1,1,4,1,20,7,1,12,1,1,4,1,0,9,-186,0,1
1,1,0,5,1,1,7,2,10,1,1,1,1,3,0,-22,0,1
1,1,0,6,1,18,6,1,13,1,1,-1,1,0,0,-10,0,1
1,1,0,4,1,0,4,1,13,1,1,1,1,0,0,39,0,0
1,1,1,5,1,16,12,1,3,2,1,4,1,0,0,493,0,1
1,1,1,4,1,1,1,1,12,1,1,2,1,0,0,-164,0,1
1,1,1,5,1,16,8,2,7,1,1,5,1,3,0,295,0,1
1,1,0,6,1,11,12,2,13,1,1,4,1,3,0,67,0,1
1,1,0,5,1,13,10,1,13,1,1,4,1,0,0,7,0,1
1,1,0,5,1,12,1,1,0,1,1,4,1,0,0,90,1,1
1,1,0,6,1,4,11,1,12,2,1,3,1,0,0,-71,0,1
1,1,0,5,1,16,8,2,13,1,3,0,1,0,0,-78,0,1
0,1,1,6,1,10,12,1,13,1,1,2,1,0,0,10,0,1
1,1,0,6,1,4,3,2,13,1,1,2,1,0,0,-85,0,1
1,2,0,4,1,13,7,1,13,2,1,0,1,0,0,140,0,1
1,1,0,4,1,1,9,2,13,2,1,3,1,0,3,168,0,0
1,1,1,5,1,11,11,1,12,1,1,4,1,0,0,116,0,1
1,1,1,5,1,12,3,1,12,1,1,3,1,0,0,-80,0,1
1,2,0,5,1,13,2,1,13,2,1,0,1,0,0,-338,0,1
1,2,1,4,1,13,4,1,13,1,1,-1,1,0,0,19,0,1
1,1,1,6,1,13,9,2,12,2,1,7,1,0,0,-116,0,1
1,1,1,4,1,4,10,2,12,1,1,1,1,0,0,31,0,1
1,1,0,4,1,14,10,1,12,2,1,3,1,0,0,-153,0,1
1,1,0,4,1,16,12,2,12,1,1,-1,1,0,0,71,0,1
1,1,1,5,1,13,5,1,13,2,1,2,1,0,0,129,0,1
1,1,0,4,1,13,4,1,12,1,1,2,1,0,0,15,0,1
1,1,0,6,1,14,12,1,12,1,1,1,1,0,0,-12,1,1
1,1,0,5,1,11,4,2,13,1,1,0,1,0,0,62,0,1
0,2,0,4,1,10,9,2,12,1,1,3,1,0,0,-245,1,1
1,1,1,4,1,16,7,1,12,1,1,3,0,0,0,-159,0,1
0,1,0,5,1,16,8,2,12,2,1,3,1,0,0,-158,0,1
1,1,0,4,1,11,6,1,13,2,1,1,1,0,0,-74,0,1
1,1,0,4,1,20,5,2,12,2,1,0,1,0,0,274,1,1
1,1,1,4,1,13,4,2,12,1,1,3,1,0,0,-90,0,1
1,1,1,5,1,10,10,1,13,2,1,1,1,3,0,182,0,1
1,1,0,4,1,16,6,2,13,2,1,4,1,0,0,-27,0,1
1,1,0,6,1,3,8,1,13,2,1,6,1,3,0,437,0,1
1,1,0,5,1,0,12,1,12,2,1,4,1,0,0,98,0,1
1,2,0,4,1,13,10,1,13,2,1,2,1,0,0,21,0,1
1,1,0,4,1,16,11,1,13,1,1,0,1,0,0,-134,0,1
1,1,0,5,1,14,1,2,13,2,1,3,1,3,8,26,0,1
1,1,0,5,1,20,1,2,13,2,1,4,1,0,0,248,0,0
1,1,1,4,1,1,1,2,13,2,1,-1,1,3,0,324,0,1
1,1,1,3,1,4,7,1,13,2,2,3,1,0,0,95,0,1
0,1,0,6,1,13,12,2,5,2,1,2,1,0,0,155,0,1
1,1,0,6,1,13,4,1,12,2,1,3,1,0,0,127,0,1
1,1,0,4,1,16,9,1,13,1,1,3,1,0,0,217,0,1
1,1,0,4,1,13,6,2,13,1,1,2,1,0,7,91,0,1
0,1,1,4,1,19,10,1,12,2,1,5,1,0,0,-114,0,1
1,1,1,4,1,20,6,1,5,1,1,6,1,0,0,239,0,1
0,1,1,4,1,13,7,2,13,1,1,-1,1,0,0,233,0,1
1,1,0,1,1,14,1,1,13,2,1,6,1,0,0,-5,0,0
1,2,0,4,1,14,6,1,12,2,1,-1,1,0,0,-258,0,0
1,1,0,4,1,14,1,1,8,2,1,5,1,0,0,458,0,1
0,1,0,4,1,16,4,1,13,2,1,0,1,0,0,-28,0,1
1,1,0,4,1,14,3,2,12,2,1,3,1,0,0,-180,0,1
1,1,1,4,1,16,5,1,12,1,1,1,1,0,0,28,0,1
1,1,1,5,1,13,4,1,13,1,1,1,1,0,0,-84,0,1
1,1,0,5,1,20,1,2,13,2,1,7,1,0,0,265,0,1
1,1,1,4,1,1,11,1,13,1,1,5,1,0,6,180,0,1
1,1,0,5,1,13,8,1,12,2,1,4,1,0,10,185,0,1
1,1,1,6,1,0,5,2,12,1,1,4,1,3,0,178,0,1
1,2,0,4,1,1,7,1,13,3,1,4,1,0,0,155,0,1
1,1,1,5,1,10,11,1,12,2,1,5,1,0,0,140,0,1
1,1,1,4,1,13,10,2,13,1,1,3,1,0,0,115,0,1
1,2,0,4,1,1,10,2,12,2,1,2,1,0,0,-152,0,1
1,1,1,4,1,13,5,2,13,1,1,0,1,0,0,-25,0,1
1,2,0,5,1,13,6,2,1,2,1,2,1,0,0,81,0,1
1,1,0,4,1,0,5,2,12,2,1,7,1,0,0,257,0,1
1,1,0,4,1,11,9,1,13,2,1,2,1,0,2,25,0,0
1,1,1,4,1,0,11,2,12,2,1,7,1,0,0,-21,0,1
1,1,0,5,1,16,1,1,12,2,1,1,1,3,7,411,0,0
1,1,0,4,1,11,2,1,12,1,1,7,1,0,0,-222,0,1
1,1,1,4,1,14,7,2,13,1,1,0,1,0,0,-109,0,1
1,1,0,5,2,14,3,2,9,1,1,2,1,0,0,-85,0,1
1,1,0,5,1,0,4,1,8,1,1,1,1,0,0,195,0,1
1,2,0,4,1,1,10,2,12,2,1,1,1,0,7,341,0,1
1,1,0,6,1,13,12,2,12,2,1,3,1,0,0,-35,0,0
1,2,0,4,1,1,3,1,13,3,1,2,1,0,0,61,0,1
1,2,0,6,1,16,2,1,13,2,1,1,1,0,0,-35,0,1
1,1,1,4,1,11,2,2,12,2,1,1,1,0,0,-15,0,1
0,1,1,4,1,4,7,2,12,2,1,0,1,0,0,-256,0,1
1,1,0,4,1,14,9,1,13,2,1,0,1,0,0,-146,0,0
1,1,1,4,1,13,5,1,7,1,1,-2,1,0,0,170,0,0
1,1,0,4,1,13,5,2,13,1,1,1,1,0,0,-207,0,1
1,1,0,4,1,13,7,1,7,1,1,0,1,0,0,6,0,1
1,1,0,4,1,10,4,1,13,2,1,5,1,0,0,-7,0,1
1,1,0,4,1,13,7,1,12,2,1,3,1,0,6,-111,0,1
1,1,0,4,1,14,3,1,13,1,1,1,1,0,0,31,0,1
1,1,0,6,1,13,12,2,13,1,1,2,1,0,0,86,0,1
1,2,0,4,1,13,2,2,13,2,1,1,1,0,0,197,0,1
1,1,0,4,1,14,3,1,13,2,1,1,1,3,0,339,0,1
1,1,0,4,1,1,4,1,10,2,1,1,1,0,2,84,0,1
1,1,0,5,1,14,8,1,13,1,1,-1,1,0,0,-30,0,1
1,1,1,4,1,9,9,1,12,2,1,4,1,3,0,96,0,1
1,1,1,5,1,14,10,2,12,2,1,4,1,0,0,197,0,1
1,1,0,4,1,0,8,1,13,1,1,3,1,0,0,-186,0,1
1,1,1,4,1,13,7,2,12,2,1,10,1,0,0,-168,0,1
1,1,0,6,1,17,4,1,12,2,1,1,1,0,0,310,0,1
1,2,0,4,1,0,10,1,13,2,1,2,1,3,7,431,0,1
0,1,0,6,1,10,5,1,13,2,1,2,1,0,5,56,0,1
1,1,0,4,1,13,9,1,12,2,1,1,1,3,0,277,0,1
0,1,1,6,1,3,4,2,13,2,1,-3,1,0,0,268,0,1
1,1,1,5,1,10,4,2,13,1,1,0,1,3,0,415,0,0
1,1,0,4,1,1,4,2,13,2,1,-2,1,3,7,340,0,1
1,1,0,4,1,1,5,1,12,2,1,4,1,0,0,74,0,0
1,1,0,4,1,13,8,1,13,2,1,-1,1,0,0,56,0,1
0,1,1,5,1,11,8,2,8,2,1,0,1,3,0,503,0,1
1,1,1,5,1,4,2,2,11,1,1,2,1,3,0,513,0,1
1,1,0,4,1,10,1,1,13,2,1,-1,1,0,0,71,0,1
1,2,0,5,1,13,9,2,13,1,1,-1,1,0,0,-280,0,1
1,1,0,4,2,13,4,2,12,1,1,1,1,0,0,149,0,1
1,1,0,4,1,13,10,1,13,2,1,2,1,0,0,39,0,1
1,1,0,4,1,10,10,1,13,1,1,-1,1,0,0,164,0,1
1,1,1,4,1,10,1,2,13,2,1,2,1,0,0,-26,0,1
0,1,0,5,1,10,1,2,13,2,1,0,1,0,0,183,0,1
1,2,0,7,2,10,8,2,12,2,1,2,1,0,7,136,0,1
0,1,0,4,1,11,2,2,13,2,1,1,1,0,11,241,0,1
1,1,1,4,1,20,3,2,13,2,1,-1,1,0,0,-35,0,1
1,1,1,5,1,20,2,1,11,2,1,4,1,0,0,-12,0,1
1,1,1,5,1,16,6,1,13,2,1,-3,1,0,0,-122,0,1
1,2,0,4,1,13,3,2,6,1,1,-1,1,0,0,-68,0,1
1,1,0,4,1,19,2,2,12,1,1,-1,1,3,7,256,0,1
1,1,1,4,1,13,9,1,9,1,1,1,1,0,0,-16,0,1
1,1,0,4,1,1,9,1,12,1,1,-2,1,0,0,-306,0,1
1,1,0,5,1,13,4,2,13,1,1,0,1,0,0,145,0,1
1,2,1,5,1,14,6,2,13,2,1,4,1,3,0,228,0,1
0,1,0,4,1,13,12,1,9,2,1,0,1,0,5,83,0,1
1,1,0,5,1,13,3,1,13,2,1,3,1,0,0,33,0,1
1,1,1,5,1,22,12,1,12,1,1,1,1,0,0,15,0,1
1,2,0,5,1,10,11,1,12,2,1,2,1,0,0,-213,0,1
1,1,0,6,1,14,1,2,12,2,1,8,1,0,0,-36,0,1
1,1,1,4,1,13,10,2,13,1,1,2,1,0,0,46,0,1
1,1,1,5,1,5,11,2,12,2,1,5,1,0,0,321,0,1
1,2,1,4,1,13,8,2,12,1,1,6,1,0,0,-9,0,1
1,1,0,4,1,4,11,2,13,2,1,-3,1,0,0,-69,0,1
1,1,0,4,1,16,8,1,12,2,1,2,1,0,0,70,0,1
1,1,0,6,1,14,4,2,12,2,1,2,1,3,0,136,0,1
1,1,0,5,1,17,11,2,13,2,1,0,1,0,0,55,0,1
1,1,0,4,1,13,5,1,13,2,1,2,1,3,0,65,0,1
1,1,0,4,1,10,8,2,12,1,1,3,1,0,0,244,0,1
1,1,0,5,1,13,7,2,13,1,1,6,1,0,0,-235,0,1
1,1,0,5,1,13,3,1,12,2,1,4,1,0,0,134,0,1
0,1,0,3,1,14,7,2,11,2,1,3,1,0,0,122,0,1
1,1,1,5,1,13,12,2,13,2,1,1,1,0,0,-23,0,1
1,1,0,5,1,13,2,1,13,3,1,5,1,0,0,15,0,1
1,1,0,5,1,3,4,2,7,2,1,4,1,3,0,151,0,1
1,1,1,5,1,11,2,2,13,1,1,0,1,4,7,578,0,1
1,1,1,5,1,14,1,1,12,2,1,0,1,0,0,66,0,1
1,1,0,5,1,4,10,2,12,1,1,-2,1,0,0,-271,0,1
1,1,1,5,1,13,8,1,13,3,3,-1,1,0,0,210,0,0
1,1,0,4,1,13,3,2,12,1,1,2,1,0,0,-65,1,1
1,1,0,4,1,11,12,1,13,2,1,-2,1,0,0,-109,0,1
1,1,0,5,1,11,9,2,13,2,2,2,1,0,0,-24,0,1
1,1,0,5,1,10,2,1,13,3,1,1,0,0,0,155,0,0
1,1,1,4,1,13,4,1,13,1,1,-3,1,0,0,154,0,1
1,2,0,5,1,1,7,2,13,2,1,4,1,1,0,26,0,1
0,1,1,4,1,16,9,1,12,1,1,2,1,0,4,97,0,0
1,1,0,5,1,0,8,1,12,2,1,0,1,0,0,50,0,1
1,1,1,5,1,10,7,1,4,1,1,5,1,0,0,-133,0,1
1,1,1,5,1,15,7,2,13,2,1,2,1,0,0,-18,2,1
1,2,1,4,1,16,12,2,13,1,1,1,1,3,0,37,0,1
1,2,1,4,1,4,12,1,13,1,1,0,1,0,0,-25,0,1
1,1,1,5,1,13,2,2,10,2,1,-1,1,0,0,-104,0,1
0,1,1,4,1,13,7,2,12,2,1,0,1,3,0,289,0,1
1,1,0,1,1,13,3,2,13,2,1,1,1,0,0,-119,0,1
1,1,1,5,1,13,7,1,13,2,1,3,1,0,0,-189,0,1
1,1,0,4,1,13,12,1,12,2,1,6,1,0,0,67,0,1
1,2,1,6,1,13,6,2,12,2,1,6,1,0,0,209,0,0
1,2,0,1,1,13,1,1,13,2,1,4,1,3,7,284,0,1
1,1,1,3,1,21,3,1,13,2,0,4,1,3,0,305,0,1
0,1,1,5,1,13,7,1,13,2,1,3,1,0,0,-152,0,1
1,2,1,4,1,10,5,1,13,1,1,-1,1,0,0,-54,0,1
1,1,1,4,1,22,4,2,12,2,1,2,1,0,0,310,0,1
1,1,0,5,1,8,9,1,13,2,1,2,1,0,0,217,0,1
1,1,0,6,1,13,12,1,13,2,1,1,1,0,0,62,0,0
1,2,0,4,1,11,8,1,13,2,1,2,1,0,0,-286,0,1
1,1,0,5,1,0,2,2,13,1,1,3,1,0,7,335,0,1
0,1,1,5,1,4,5,1,6,2,1,3,1,0,0,205,0,1
1,1,0,4,1,14,8,1,12,1,1,1,1,0,0,-348,0,1
1,1,0,4,1,13,11,2,12,0,1,0,1,0,0,2,0,1
1,1,1,4,1,16,10,1,12,2,1,2,1,0,0,165,0,0
1,1,0,4,1,16,8,1,13,2,3,1,1,0,0,-74,0,1
1,1,0,5,1,14,10,2,13,3,1,1,1,0,0,25,0,1
1,2,1,4,1,13,11,2,12,2,1,3,1,0,0,-30,1,1
1,1,1,5,1,1,5,2,13,1,1,1,1,3,7,582,0,1
1,1,0,6,1,16,5,1,13,2,1,6,1,0,0,-158,0,1
1,1,0,4,1,11,6,1,13,1,1,-2,1,0,0,105,0,1
1,1,0,4,1,13,4,1,13,2,1,1,1,0,0,-42,0,1
1,1,0,2,1,13,8,1,13,2,1,-2,1,0,0,-17,0,1
1,1,1,4,1,13,5,2,13,1,1,-1,1,0,0,-26,0,1
1,1,0,4,1,16,8,2,13,2,1,4,1,0,0,67,0,1
1,1,0,6,1,13,5,1,13,2,1,4,1,0,0,-157,0,1
1,1,1,4,1,1,9,2,13,1,1,2,1,0,0,-67,0,1
1,1,1,4,1,16,2,2,7,1,1,5,1,0,0,110,0,1
1,1,1,4,1,14,4,1,12,1,1,4,1,3,0,368,0,1
1,1,0,4,1,4,1,2,9,1,1,-1,1,0,0,-133,0,1
1,1,0,4,1,1,11,1,12,1,1,0,1,0,0,144,0,1
1,1,0,4,1,10,2,2,13,1,1,2,1,0,0,238,0,1
1,1,1,4,1,11,9,2,12,2,1,3,1,0,0,-182,0,1
1,2,0,5,1,16,7,1,4,2,1,4,1,0,0,-232,0,1
0,1,0,5,1,16,9,1,13,1,1,1,1,0,0,16,0,1
1,1,0,4,1,13,5,2,13,1,1,1,1,0,0,-101,0,1
1,1,1,4,1,13,1,2,13,1,1,4,1,0,0,71,0,1
1,1,1,4,1,16,5,1,13,2,1,2,1,0,0,-173,0,1
1,1,1,4,1,16,1,2,13,2,1,2,1,0,0,76,0,1
1,1,0,6,1,13,2,1,12,1,1,3,1,0,0,37,0,1
1,1,0,6,1,16,6,2,13,1,1,2,1,0,0,-156,0,1
1,1,1,5,1,13,3,2,13,2,1,5,1,0,0,88,0,1
1,1,1,4,1,16,9,1,13,2,1,0,1,0,0,292,0,1
1,1,1,4,1,14,11,2,13,1,1,5,1,0,0,-115,0,1
1,1,0,5,1,13,12,1,13,1,1,1,1,3,0,339,0,1
1,1,0,4,1,13,10,1,13,1,1,1,1,0,0,-59,0,1
1,1,1,5,1,11,12,1,13,1,1,3,1,0,0,-31,0,1
1,1,0,5,1,14,8,2,6,2,1,4,1,0,0,167,0,1
1,1,0,4,1,11,8,1,13,1,1,0,1,0,0,-104,0,1
1,1,0,5,1,0,5,1,13,1,1,-2,1,0,0,-99,0,1
0,1,0,4,1,13,12,1,13,2,1,-1,1,0,0,-62,0,1
1,1,1,5,1,13,12,1,13,3,1,7,1,0,6,193,0,1
1,1,0,5,1,0,5,1,12,1,1,4,1,0,0,17,0,1
1,1,0,5,1,11,6,1,12,1,1,3,1,0,0,28,0,1
1,1,0,5,1,11,6,1,13,2,2,0,1,0,0,-38,0,1
0,1,1,4,1,14,5,1,12,1,1,2,1,0,0,98,0,1
1,1,1,6,1,13,10,2,13,1,1,3,1,0,0,223,0,1
1,1,0,5,1,14,8,2,13,2,1,-3,1,0,7,8,1,0
1,1,1,5,1,11,1,1,10,1,1,3,1,0,0,196,0,1
1,1,1,5,1,13,1,2,13,2,1,0,1,0,0,-65,0,1
1,1,0,4,1,13,9,1,13,2,1,2,1,0,0,255,0,1
1,1,0,6,1,10,10,2,13,2,1,0,1,3,0,189,0,1
1,1,0,4,1,16,3,1,12,2,1,1,1,0,0,24,0,1
1,1,0,4,1,4,1,2,13,1,1,-1,1,0,0,-114,0,1
1,1,1,5,1,16,5,2,12,2,1,9,1,0,0,-144,0,1
1,1,1,6,1,16,6,1,13,1,1,-2,1,0,0,-126,0,1
1,1,0,4,1,14,4,2,13,2,1,2,1,0,0,-118,0,1
1,2,0,4,1,13,2,1,12,2,1,1,1,0,0,86,0,1
1,1,0,4,1,11,2,2,12,1,1,0,1,0,0,1,0,1
1,1,1,5,1,16,5,2,13,2,1,5,1,0,0,260,1,1
1,1,0,4,1,13,7,1,13,2,1,2,1,0,0,-64,0,1
1,1,1,5,1,16,7,2,12,2,1,2,1,0,6,-73,0,1
1,1,0,6,1,1,11,2,13,1,1,1,1,0,7,-30,0,1
1,2,1,7,1,10,7,1,12,2,1,4,1,0,0,140,0,1
1,2,0,4,1,19,9,2,13,2,1,1,1,0,0,-157,0,1
1,1,0,4,1,13,5,2,13,1,1,-2,1,0,0,-179,0,1
1,1,1,6,1,20,12,2,12,2,1,1,1,0,0,-15,0,1
1,1,1,4,1,13,4,2,13,2,1,-4,1,0,0,-42,0,1
1,1,0,4,1,13,11,2,13,1,1,2,1,0,0,40,0,1
0,1,1,5,1,11,12,1,12,3,2,4,1,3,0,462,1,1
1,1,0,6,1,14,8,2,13,2,1,0,1,0,0,-240,0,1
1,1,0,5,1,20,3,2,12,2,1,6,1,3,0,388,0,1
1,1,1,5,1,0,10,2,13,2,1,3,1,0,0,-34,0,1
1,1,1,5,1,13,2,1,12,3,1,7,1,3,0,598,0,1
1,2,0,4,1,10,8,2,13,2,1,-2,1,0,0,-10,0,1
1,1,1,4,1,14,10,1,13,1,1,0,1,0,0,-40,0,1
1,1,0,4,1,16,1,2,12,1,1,4,1,0,0,287,0,1
1,1,1,5,1,16,10,2,12,2,1,5,1,0,6,-13,0,1
1,1,1,6,1,16,6,2,13,1,1,6,1,0,0,63,0,1
0,1,1,4,1,13,2,1,13,1,1,3,1,0,0,35,0,1
1,2,1,4,1,0,4,1,12,1,1,1,1,3,5,-11,0,1
0,1,0,4,1,13,3,2,13,1,1,1,1,0,0,26,0,1
1,1,0,4,1,4,3,1,12,1,1,1,1,0,0,-129,0,1
1,1,0,5,1,13,5,1,13,3,2,3,1,0,0,552,0,1
1,1,0,6,1,9,4,1,12,2,1,4,1,0,0,429,0,1
0,1,0,6,1,11,4,1,12,2,1,5,1,0,0,-66,1,1
1,1,0,4,1,13,12,2,7,1,1,0,1,0,0,140,0,1
1,1,0,4,1,0,6,1,7,2,1,4,1,0,0,110,0,1
1,1,0,4,1,0,7,1,13,2,1,1,1,0,0,-47,0,1
1,2,0,4,1,0,5,1,12,2,1,5,1,3,0,498,3,1
1,1,0,5,1,11,3,2,13,1,1,0,1,0,0,-21,0,1
0,1,1,4,1,13,1,1,13,1,1,4,1,3,0,338,0,1
1,1,0,4,1,11,7,1,12,2,1,6,1,3,0,1,0,1
1,1,0,5,1,13,6,1,12,1,1,4,1,0,0,-185,0,1
1,1,0,4,1,14,1,1,2,1,1,1,1,0,0,17,0,1
1,1,0,4,1,20,9,2,13,1,1,0,1,0,0,301,0,1
0,1,0,5,1,10,9,2,12,2,1,2,1,0,6,143,0,1
1,1,0,5,1,10,2,1,12,2,1,1,1,0,0,-27,0,1
1,1,0,4,1,13,3,2,13,2,1,-2,1,0,0,100,0,1
1,1,0,5,1,13,8,1,13,2,1,-3,1,0,0,31,0,1
1,2,0,6,1,13,5,2,13,2,1,2,1,0,0,-145,0,1
1,2,0,5,1,1,8,2,13,1,1,1,1,0,0,66,0,1
1,1,0,4,1,11,7,1,12,2,1,0,1,0,0,-252,0,1
1,1,0,4,1,1,4,1,7,2,1,2,1,0,0,254,0,1
0,2,1,4,1,13,8,1,12,2,1,3,1,0,0,-113,0,1
1,1,0,5,1,13,9,2,12,1,1,2,1,0,0,-125,0,1
1,1,0,5,1,10,4,2,13,1,1,2,1,0,0,129,0,1
1,1,0,4,1,16,12,2,12,1,1,3,1,0,0,-64,0,1
0,1,0,4,1,13,11,1,12,2,1,1,1,0,0,139,0,1
0,1,0,4,1,13,7,2,12,1,1,2,1,0,0,-152,0,1
1,1,1,6,1,14,9,1,1,1,1,1,1,0,0,359,0,1
1,1,0,5,1,13,8,2,3,2,1,1,1,0,0,-24,0,1
1,1,0,4,1,3,12,2,12,1,1,2,1,1,0,-7,0,1
1,1,0,5,1,10,12,1,13,2,1,2,1,0,0,-87,0,1
1,1,1,6,1,13,5,1,7,1,1,2,1,0,5,145,0,1
1,1,0,6,1,13,10,2,8,2,1,-2,1,0,0,148,0,1
1,2,1,4,1,13,9,1,12,3,1,1,1,0,0,57,0,1
1,2,1,4,1,1,9,1,12,2,1,2,1,0,0,-32,0,1
1,1,1,5,1,4,8,2,12,1,1,3,1,0,0,-17,0,1
1,1,0,4,1,2,10,2,12,2,2,1,1,3,0,257,0,1
1,1,0,4,1,14,9,1,10,2,1,2,1,0,0,29,0,1
1,2,1,5,1,10,10,1,13,1,1,0,1,0,0,191,0,1
0,1,0,4,1,10,11,2,12,1,1,4,1,0,4,31,0,1
1,1,0,4,1,13,10,1,12,2,1,3,1,0,0,18,1,1
1,1,0,5,1,0,8,1,6,3,1,2,1,3,7,359,0,1
1,1,0,4,1,16,8,1,12,1,1,1,1,0,0,121,0,1
1,1,0,4,1,13,6,1,13,3,1,4,0,0,3,78,0,1
1,1,0,4,1,10,5,2,4,2,1,-1,1,3,0,360,0,1
1,1,1,4,1,11,4,1,13,2,1,2,1,0,0,116,0,1
1,2,0,4,1,13,5,2,13,2,1,0,1,0,0,71,0,1
1,1,1,5,1,17,8,2,0,2,3,0,1,0,0,168,0,1
1,1,1,5,1,1,3,2,13,2,1,3,1,3,0,260,0,1
1,2,1,6,1,14,9,1,12,2,1,7,1,0,0,-222,0,0
1,1,0,4,1,13,10,1,13,2,1,1,1,0,0,-189,0,1
1,1,0,4,1,13,3,2,13,2,1,2,1,3,0,113,0,1
0,2,0,4,1,20,2,2,12,2,1,2,1,3,0,199,0,1
1,1,0,4,1,10,8,2,7,2,1,1,1,0,0,146,0,1
1,1,0,4,1,13,11,1,13,1,0,2,1,0,0,24,0,1
1,1,0,5,1,16,5,1,2,2,0,2,1,3,7,845,0,1
1,1,0,3,1,11,2,2,12,2,1,3,1,0,0,-62,0,1
1,1,1,6,1,14,2,2,12,2,1,3,1,3,0,21,1,1
1,1,0,5,1,13,12,2,12,2,1,1,1,0,0,117,0,1
1,1,0,6,1,13,8,2,13,2,1,3,1,0,0,-39,0,1
1,1,0,4,1,13,3,1,13,2,1,1,1,0,0,-135,0,0
1,1,1,5,1,13,4,2,3,1,1,0,1,0,0,23,0,1
1,1,0,4,1,1,3,1,12,2,2,2,1,0,10,133,0,1
1,1,0,4,1,0,9,2,7,2,1,4,1,0,0,23,2,1
1,1,1,5,1,20,12,2,12,1,1,0,1,0,0,-124,0,1
1,1,0,4,1,15,11,1,13,2,1,2,1,0,0,-83,0,1
1,1,1,6,1,1,10,2,13,2,1,1,1,0,0,4,0,1
1,1,0,4,1,13,3,2,1,1,1,1,1,0,0,43,0,1
1,1,0,4,1,14,12,2,12,1,1,-1,1,0,0,-128,0,1
1,1,0,2,1,20,8,1,10,2,1,2,1,0,7,-21,0,1
1,1,0,4,1,14,11,2,12,1,1,0,1,0,0,-281,0,1
1,1,0,6,1,10,5,1,13,1,1,3,1,0,0,73,0,1
1,1,0,4,1,13,2,2,2,2,1,2,1,0,0,51,0,1
0,1,1,5,1,16,12,1,13,1,1,8,1,0,0,145,0,1
1,1,0,4,1,1,10,2,12,1,1,3,1,0,0,-171,0,0
1,1,0,4,1,10,5,2,7,1,1,-1,1,0,0,225,1,1
0,2,1,4,1,20,7,1,13,1,1,2,0,3,0,81,0,1
1,1,0,6,1,16,4,2,12,2,1,5,1,0,0,21,0,1
0,1,0,5,1,0,9,2,13,2,1,1,1,0,0,-16,0,1
1,2,0,4,1,16,7,1,13,3,1,2,1,0,0,-145,0,1
1,2,0,4,1,0,8,1,13,2,1,3,0,3,0,11,0,1
1,1,0,4,1,13,10,1,12,2,1,3,1,0,0,-184,0,1
1,1,0,5,1,4,8,2,13,2,1,2,1,0,0,347,0,1
1,1,0,5,1,8,1,2,12,1,1,1,1,0,0,126,0,1
1,2,0,5,1,13,10,2,13,1,1,0,1,0,0,-200,0,1
1,1,0,5,1,20,5,2,12,1,1,5,1,0,0,193,0,1
1,1,0,4,1,11,10,2,13,1,1,2,0,0,0,-150,0,1
1,2,1,6,1,16,11,1,14,2,1,1,1,0,0,-142,2,1
1,1,0,4,1,14,8,2,12,2,1,2,1,0,0,-54,0,1
1,1,1,6,1,13,1,2,13,3,1,0,1,3,7,403,0,1
1,1,0,5,1,13,9,1,13,2,1,-4,1,0,0,194,0,1
0,2,1,5,1,13,8,2,10,2,1,6,1,3,0,330,0,1
1,1,0,5,1,0,9,2,13,2,1,0,1,0,0,138,0,1
1,1,0,5,1,14,12,1,13,1,1,-5,1,0,0,-167,0,1
1,2,0,4,1,13,2,1,12,1,2,4,1,0,0,-8,0,1
1,1,1,4,1,13,3,2,13,1,1,0,1,0,0,-223,0,1
1,1,0,4,1,0,10,1,12,2,1,2,1,0,0,-28,0,1
1,1,0,5,1,13,12,2,12,2,1,4,1,0,0,-9,0,0
1,1,0,3,1,13,12,2,13,2,1,4,1,0,0,-28,0,1
1,1,1,4,2,13,2,1,13,1,1,0,1,0,0,174,0,1
1,1,1,7,1,13,7,2,12,1,1,3,1,0,0,141,0,1
1,1,0,4,1,13,2,1,13,2,1,-1,1,0,10,276,0,1
1,1,0,5,1,14,11,2,12,1,1,4,1,4,9,31,0,0
1,1,1,6,1,14,1,2,12,2,1,4,1,0,9,-70,0,1
1,1,1,4,1,4,3,1,12,1,1,2,1,0,0,196,0,1
1,2,0,6,1,14,2,1,12,2,1,1,1,0,0,16,0,1
1,1,0,6,1,1,2,1,12,3,1,2,1,0,0,48,0,1
0,1,0,4,1,13,11,2,13,2,1,3,1,0,0,-108,0,1
1,1,0,4,1,13,9,1,13,2,1,-4,1,3,0,93,0,1
1,1,1,6,1,13,4,2,6,1,1,1,1,0,0,299,0,1
1,1,1,4,1,16,11,1,13,2,1,1,1,0,0,-19,0,1
1,1,1,6,1,11,1,1,13,1,1,2,1,0,0,86,0,1
1,1,0,4,1,16,11,1,13,1,1,2,1,0,0,-85,3,1
1,1,1,2,1,21,4,1,9,2,1,-1,1,0,0,440,0,1
1,1,0,6,1,11,1,2,12,3,1,2,1,0,7,-77,0,1
1,1,0,7,1,1,2,2,12,3,2,0,1,0,7,491,2,1
1,1,1,6,1,11,9,1,12,2,1,1,1,0,0,38,0,1
1,1,0,4,1,11,9,2,12,1,1,1,1,0,0,-111,0,0
1,1,1,5,1,16,5,2,13,2,1,3,1,3,7,178,0,1
1,2,0,4,1,10,6,2,12,2,1,2,1,0,0,-252,0,1
1,1,0,4,1,13,2,1,12,1,1,3,1,0,0,357,0,1
1,1,1,4,1,13,7,2,12,1,1,1,1,0,0,-136,0,1
1,2,1,4,1,13,4,1,12,0,1,0,1,0,0,36,0,1
1,2,0,5,1,4,3,2,12,1,1,1,1,0,0,-69,0,1
1,1,0,5,1,13,6,1,12,1,1,0,1,0,0,236,1,1
1,1,1,4,1,11,4,2,13,1,1,0,1,3,0,301,0,1
1,1,0,6,1,16,9,2,12,2,1,2,1,0,0,-349,0,1
1,1,1,4,1,4,10,2,11,1,1,3,1,0,0,144,0,1
1,1,0,5,1,14,1,1,12,2,1,2,1,3,7,332,0,1
1,1,0,6,1,1,8,2,12,2,1,1,1,0,0,-174,0,1
0,1,0,3,1,16,8,2,13,2,1,2,1,2,0,274,0,1
1,1,0,5,1,11,10,1,12,1,1,0,1,0,0,-68,0,0
1,1,0,4,1,13,8,1,13,3,1,-3,1,0,0,127,0,1
1,1,0,4,1,1,7,2,12,2,1,2,1,0,0,-115,0,1
1,2,1,4,1,22,1,1,13,2,1,5,1,3,7,325,0,0
1,2,1,6,1,4,10,1,12,2,1,4,1,0,0,-87,0,1
0,1,1,4,1,16,7,2,13,1,1,1,1,0,0,-28,0,1
1,1,1,4,1,18,1,1,12,1,1,3,1,0,0,24,0,1
0,1,0,4,1,13,5,2,13,2,1,-2,1,0,0,97,1,1
1,1,1,2,1,16,4,2,12,1,1,4,1,0,7,266,0,1
1,1,1,4,1,4,6,2,7,2,1,2,1,0,0,-32,0,1
1,1,0,4,1,14,7,1,12,3,1,1,1,0,0,20,0,1
1,1,0,4,1,17,1,2,13,2,1,-1,1,0,0,-66,0,1
1,1,0,6,1,16,7,2,13,1,1,2,1,0,0,-247,0,1
1,1,0,6,1,10,9,2,12,1,1,3,1,0,0,-108,0,1
1,1,1,4,1,13,6,1,13,1,1,3,1,0,0,-33,0,1
1,1,1,4,1,1,6,1,12,1,1,4,1,0,0,393,0,0
1,1,0,5,1,14,8,1,11,2,1,2,1,0,0,-125,0,1
1,1,0,5,1,1,1,2,13,2,1,2,1,0,0,20,0,1
1,1,0,5,1,1,7,2,11,1,1,2,1,0,0,315,0,1
1,1,1,4,1,13,1,2,13,2,1,5,1,3,0,262,0,1
1,2,0,6,1,10,1,2,13,1,1,-2,1,0,7,-211,0,1
1,1,1,4,1,5,2,2,12,1,1,5,1,3,10,453,0,1
1,1,0,6,1,4,9,1,13,2,1,2,1,0,0,-53,0,1
1,1,1,5,1,4,3,1,12,2,1,4,1,0,0,34,0,1
1,1,1,4,1,13,9,1,13,1,1,1,1,0,0,-37,0,1
0,2,0,4,1,15,6,1,13,2,1,1,1,0,0,-108,0,1
1,1,0,5,1,20,8,2,1,1,1,-2,1,2,0,240,0,1
1,1,0,4,1,4,1,2,6,2,1,2,1,0,0,-233,0,1
1,2,1,5,1,13,3,2,13,1,1,6,1,3,0,254,0,1
1,1,0,5,1,13,9,2,13,1,1,3,1,0,0,-153,0,1
1,1,1,5,1,11,11,1,7,2,1,4,1,0,0,86,1,0
1,1,0,5,1,14,8,1,13,2,1,1,1,0,0,-269,0,1
1,1,1,6,1,0,11,1,13,1,1,2,1,0,0,15,0,1
1,1,0,4,1,11,4,1,13,1,1,0,1,4,0,1,1,1
1,2,1,4,1,16,4,2,11,2,2,1,1,0,0,198,0,1
1,1,1,4,1,14,2,2,13,1,1,1,1,0,0,148,1,1
1,1,0,4,1,13,4,1,13,1,1,4,1,0,0,29,0,1
0,1,0,4,1,10,2,2,13,2,1,0,1,0,0,211,0,1
0,1,0,5,1,13,4,1,12,2,1,7,1,3,0,495,0,1
1,1,0,5,1,11,1,2,13,1,1,0,1,0,0,-7,0,1
1,1,1,5,1,16,11,2,12,2,0,2,1,0,10,113,0,1
1,1,0,5,1,16,2,2,12,2,1,1,1,0,0,-354,0,1
1,2,0,5,1,16,10,2,12,2,1,8,1,0,0,-34,0,1
1,2,0,5,1,4,9,1,13,2,1,6,1,0,0,104,0,1
1,1,0,4,1,16,10,1,13,2,1,-1,1,0,0,161,0,1
1,2,0,5,1,20,3,1,13,2,1,3,1,0,0,38,0,1
1,1,0,1,1,10,9,1,13,2,1,-1,1,0,0,322,0,1
1,1,0,4,1,16,4,1,13,1,1,0,1,3,7,274,0,1
0,1,0,6,1,16,6,2,13,1,1,6,1,0,0,-92,0,1
1,1,0,4,1,14,8,1,12,2,1,5,1,0,0,-18,0,1
1,1,0,4,1,13,2,1,10,1,1,3,1,0,0,139,0,1
1,1,0,5,1,16,6,1,12,1,1,4,1,0,0,167,0,1
1,1,1,5,1,16,5,2,12,1,1,7,1,0,0,20,0,1
0,1,0,6,1,10,7,2,13,1,1,0,1,0,0,-111,2,1
1,1,0,4,1,13,9,2,7,2,1,1,1,0,0,35,0,1
0,1,0,2,1,16,9,1,12,2,1,3,1,3,0,68,0,1
1,1,1,5,1,13,11,2,13,1,1,7,1,0,0,-217,0,1
1,1,1,3,1,13,10,2,13,1,2,3,1,3,0,-44,0,1
1,1,0,4,1,4,8,2,13,3,1,0,1,4,0,-154,0,1
1,1,0,4,1,13,10,1,12,2,1,7,1,3,0,176,0,1
1,1,0,4,1,13,10,2,13,1,1,2,1,0,9,179,0,1
1,2,0,4,1,13,12,2,13,1,1,5,1,0,0,240,0,1
1,1,0,4,1,10,7,1,13,1,1,3,1,0,0,-79,0,1
0,1,0,5,1,11,1,2,13,1,1,3,1,0,0,-94,1,1
1,2,0,4,1,1,12,1,13,1,1,-1,1,0,0,-127,0,1
1,1,0,5,1,10,3,2,0,2,1,1,1,0,4,61,0,1
1,1,1,5,1,13,11,1,2,1,1,8,1,0,0,180,0,1
1,1,0,4,1,16,6,1,12,1,1,2,1,0,0,84,0,1
1,1,0,4,1,14,8,1,13,2,1,1,1,3,7,427,1,1
1,1,1,4,1,14,10,2,13,1,1,1,0,3,2,438,0,1
1,1,0,7,1,1,1,1,13,2,1,2,1,3,0,172,1,1
0,1,0,5,1,4,11,2,12,2,1,1,1,1,0,-36,0,0
0,1,0,4,1,20,12,1,5,1,1,5,1,0,0,48,0,1
1,1,1,5,1,14,3,1,13,2,1,-5,1,3,0,252,0,1
0,2,0,4,1,11,3,2,13,2,1,0,1,0,0,167,0,0
1,1,1,4,1,13,11,1,7,2,1,-1,1,3,0,322,0,0
1,1,1,4,2,13,7,1,12,1,1,4,1,0,0,-259,0,1
1,1,1,4,1,14,2,1,12,2,1,0,1,0,0,-231,0,1
1,1,1,4,1,13,8,1,13,1,1,2,1,0,0,119,3,1
1,1,0,4,1,13,12,2,13,1,1,0,1,0,0,220,0,1
1,2,0,4,1,14,10,2,12,2,1,6,1,0,0,101,0,1
1,1,0,4,1,4,4,1,13,1,1,3,1,0,0,46,0,1
1,1,1,5,1,14,8,1,12,3,1,-1,1,0,0,-34,0,1
1,1,1,4,1,13,3,2,13,2,1,-3,1,3,7,384,0,1
1,1,0,4,1,11,11,2,13,1,1,0,1,0,0,-96,0,1
0,1,0,4,1,16,12,1,12,2,1,4,1,0,0,-94,0,0
1,1,0,4,1,4,11,2,13,1,1,-3,1,0,0,-113,0,1
1,1,1,6,1,10,11,1,12,2,1,4,1,0,0,59,0,1
1,1,0,4,1,9,12,2,8,1,1,0,1,0,0,168,0,1
1,1,1,4,1,13,9,2,12,2,1,4,1,0,0,-69,0,1
1,1,1,4,1,4,3,2,12,2,1,0,1,3,7,213,0,1
1,1,1,6,1,10,6,1,13,1,1,3,1,0,0,-6,0,1
1,2,1,4,1,14,6,2,13,2,1,-1,1,0,7,135,0,1
1,1,1,5,1,16,4,2,13,1,1,4,1,0,0,-201,0,1
1,2,0,5,1,4,2,2,12,1,1,3,1,0,6,133,0,1
1,1,1,5,1,1,5,2,13,2,1,2,1,3,0,423,0,1
1,1,1,6,1,8,4,1,13,1,1,5,1,3,7,437,1,0
1,1,0,5,1,10,9,1,12,3,1,2,1,0,0,-97,0,1
1,1,1,5,2,1,4,2,13,1,2,-2,1,0,0,37,0,1
1,2,1,4,1,16,5,1,12,2,1,1,1,0,0,-5,0,1
1,2,1,1,1,10,4,1,13,2,1,7,1,0,0,323,0,1
1,1,0,4,1,13,12,2,12,2,1,4,0,0,3,144,0,1
0,1,0,5,1,14,7,2,13,1,1,-1,1,0,0,-107,0,1
1,1,0,5,1,16,5,1,13,1,1,6,0,0,0,-6,0,1
1,1,1,4,1,0,4,1,12,1,1,4,1,0,0,-70,0,1
0,1,1,5,1,1,6,2,13,1,1,1,1,0,0,411,2,1
1,2,0,6,1,13,1,1,13,2,1,3,1,0,0,113,0,1
1,1,1,4,1,16,10,1,12,2,1,4,1,0,0,203,0,1
1,1,1,4,1,1,7,1,12,1,1,0,1,0,8,5,0,1
1,1,0,4,1,13,6,2,13,2,1,10,1,0,8,-84,0,1
1,1,0,5,1,16,8,1,13,1,1,0,1,3,0,336,0,1
1,1,0,4,1,16,7,1,12,1,1,0,1,0,0,15,0,1
1,1,1,4,1,13,8,2,14,1,1,0,1,0,0,105,0,1
1,2,1,6,1,16,2,2,13,2,1,3,1,0,0,-11,0,1
1,1,1,4,1,16,1,2,9,1,1,2,1,0,0,-69,0,1
1,1,0,4,1,13,3,2,12,1,1,3,1,0,0,-314,0,1
1,1,1,5,1,10,1,2,12,1,1,0,1,0,0,-104,0,1
1,1,0,4,1,13,10,2,12,2,1,1,1,0,0,68,0,1
0,1,0,6,1,22,2,2,13,2,1,3,1,0,0,-89,0,1
1,1,1,6,1,11,1,1,12,2,1,2,1,0,0,-65,0,1
1,1,1,6,1,11,1,1,13,2,1,-1,1,0,0,-14,0,1
1,1,0,5,1,1,3,1,13,2,1,1,1,3,0,305,1,1
1,1,0,4,1,13,9,2,12,1,1,3,1,0,0,34,0,1
1,1,0,4,1,13,11,1,13,2,1,1,1,0,0,-256,0,1
1,1,0,5,1,13,8,1,13,2,1,-2,1,0,0,181,0,0
0,1,0,2,1,20,7,1,13,2,1,0,1,0,0,-81,0,1
1,2,1,1,1,4,2,2,7,2,4,2,1,0,0,134,0,1
1,1,1,6,1,1,3,1,13,3,1,7,1,0,0,-8,0,0
1,1,0,4,1,13,12,2,13,1,1,1,1,0,0,312,0,1
1,2,0,4,1,13,9,2,9,1,1,2,1,0,0,25,0,1
1,2,0,6,1,13,1,2,12,2,1,2,1,0,0,81,0,1
1,1,0,5,1,16,6,1,12,2,1,1,1,0,0,-82,0,1
1,1,0,5,1,16,8,2,8,1,1,1,1,0,0,121,0,1
1,1,0,4,1,16,5,1,13,2,1,0,1,0,0,-9,0,0
1,2,0,4,1,13,6,2,12,2,1,0,1,0,0,-295,0,1
1,1,0,4,1,14,11,1,13,2,1,1,1,3,0,220,0,1
1,1,0,4,1,16,8,2,12,1,1,-2,1,0,0,22,0,1
1,1,0,4,1,4,11,1,12,2,1,1,1,0,0,-137,0,1
1,1,1,6,1,13,6,2,12,1,1,4,1,0,0,-86,0,1
1,1,0,5,1,13,4,1,13,2,1,0,1,0,7,352,0,1
1,1,0,4,1,11,5,2,7,1,1,1,1,3,0,147,0,1
1,1,0,5,1,13,8,1,12,2,2,3,1,0,0,267,0,1
0,1,1,4,1,14,11,1,13,1,1,2,1,0,0,43,0,1
1,1,0,4,1,10,11,1,13,2,1,1,1,0,0,-15,0,1
1,1,0,4,1,13,2,1,12,2,1,0,1,0,0,-30,0,1
1,2,1,4,1,16,1,1,2,2,1,6,1,0,0,234,0,1
1,1,0,4,1,1,1,2,12,2,1,0,1,0,0,-70,0,1
1,1,0,5,1,16,10,2,12,2,1,5,0,0,0,-325,0,1
1,2,0,6,1,10,1,1,13,2,1,5,1,0,7,3,0,1
1,2,1,5,1,13,1,2,12,2,1,6,0,0,0,83,0,1
1,1,0,6,1,13,10,1,13,2,1,4,1,0,0,-164,0,1
1,1,1,4,1,16,2,1,13,2,1,5,1,0,0,-163,0,1
1,1,1,5,1,11,8,1,13,2,1,4,1,0,0,-68,0,0
0,2,1,5,1,4,6,2,14,1,1,5,1,3,9,312,0,1
1,1,0,5,1,16,11,2,12,1,1,2,1,0,0,25,0,1
1,2,1,4,1,4,6,1,12,1,1,1,1,0,0,-176,0,1
0,1,0,4,1,1,4,2,12,2,1,0,1,0,0,20,0,1
1,2,0,4,1,4,7,2,12,0,1,1,1,0,0,-295,0,1
0,1,1,4,1,1,4,1,11,1,1,-1,1,2,0,405,0,1
1,1,0,1,1,1,10,1,13,3,1,2,1,0,0,-31,0,0
1,1,0,5,1,16,7,1,13,1,0,2,1,0,0,89,0,1
1,2,0,4,1,16,5,1,12,2,2,7,0,0,0,82,0,1
1,1,1,4,1,13,10,2,13,2,1,3,1,0,10,295,0,1
1,1,0,5,1,10,4,2,12,2,1,3,1,0,0,34,0,1
1,1,0,5,1,10,8,2,12,1,1,3,1,3,0,128,1,1
1,2,0,4,1,11,4,1,13,1,1,1,1,0,0,-90,0,1
1,1,1,4,1,16,7,2,7,0,1,2,1,0,0,115,0,1
1,1,0,4,1,14,4,2,14,1,1,0,1,0,0,77,0,1
1,1,0,5,1,14,12,2,13,2,1,3,1,0,0,178,0,1
1,1,0,6,1,14,9,1,12,2,1,5,1,0,0,-105,0,1
1,2,1,1,1,13,1,1,13,1,1,6,1,0,7,256,0,1
1,1,1,4,1,11,6,1,12,1,1,3,1,3,0,222,0,1
1,1,1,6,1,1,3,2,12,1,1,1,1,0,0,-7,1,1
1,1,1,4,1,13,5,1,13,2,1,3,1,0,0,90,0,1
1,1,1,4,1,13,3,2,12,2,1,6,1,0,0,-18,0,1
1,1,0,5,1,14,12,1,13,1,1,-4,1,0,0,333,0,1
1,1,1,5,1,16,12,2,13,1,1,6,1,0,0,40,0,1
1,1,0,4,1,4,7,1,12,2,1,6,1,0,0,-91,0,1
1,1,0,4,1,13,10,1,12,1,1,4,1,0,0,-141,0,1
1,1,0,4,1,13,1,1,13,2,1,1,1,0,0,182,0,1
1,1,0,6,1,16,8,1,13,2,1,1,1,0,0,-92,0,1
1,1,1,4,1,14,4,1,0,2,1,1,1,3,7,378,0,1
1,2,0,5,1,10,8,2,10,1,1,5,1,0,0,111,0,1
1,1,1,5,1,0,10,2,7,2,1,7,1,0,0,-30,0,1
1,1,0,4,1,13,12,1,12,2,0,3,1,0,0,208,0,1
1,1,0,4,1,14,12,2,12,3,1,5,1,0,0,-94,0,1
1,1,0,2,1,20,7,1,1,2,1,2,1,0,7,41,0,1
1,1,0,5,1,4,3,2,13,2,1,0,1,0,0,9,0,0
0,1,0,5,1,1,5,2,12,1,1,3,1,0,0,-88,0,1
1,1,0,5,1,14,3,1,12,1,1,0,1,0,0,-77,0,1
1,1,0,4,1,16,1,1,13,2,1,-1,1,0,0,-2,0,1
1,1,1,5,1,16,10,2,10,1,3,4,1,0,0,428,0,1
1,1,0,4,1,13,1,1,12,2,1,5,1,0,0,257,0,1
1,1,0,4,1,14,11,2,12,1,1,5,1,0,0,26,0,1
1,1,0,5,1,14,11,1,12,2,1,4,1,0,0,92,0,1
1,1,0,6,1,10,5,1,12,1,1,1,1,2,0,22,0,1
1,1,0,5,1,13,3,1,13,1,1,1,1,3,7,248,0,1
1,1,1,6,1,13,10,2,12,1,1,1,1,0,0,46,1,1
1,1,1,4,1,10,12,1,12,2,1,4,1,0,0,-54,0,1
1,1,0,4,1,11,11,1,13,2,1,2,1,0,0,22,0,1
1,1,0,1,1,22,3,2,13,2,1,5,0,0,0,151,0,1
1,1,1,6,1,11,12,2,14,1,1,4,1,0,0,-96,0,1
1,2,0,4,1,13,7,1,12,1,1,3,1,0,0,-161,0,0
1,1,1,4,1,10,12,2,13,1,1,0,1,0,0,55,0,1
1,1,0,6,1,10,11,2,12,2,1,3,1,0,0,32,0,1
1,1,0,4,1,13,7,2,13,2,3,0,1,0,0,124,0,1
1,1,0,4,1,4,10,2,12,2,1,3,0,0,0,188,0,1
1,1,0,5,2,13,3,2,13,2,1,2,1,0,7,265,0,1
0,1,0,4,1,11,4,2,12,0,1,3,1,0,0,-268,0,1
1,2,0,4,1,13,8,2,13,2,1,3,1,0,0,-73,0,1
1,1,0,5,1,13,8,2,12,2,1,4,1,3,0,-73,0,1
1,1,0,4,1,11,4,2,13,1,1,3,1,0,0,159,0,1
1,1,0,6,1,13,5,1,12,2,1,7,1,0,0,-59,0,1
0,1,0,4,1,13,3,1,13,1,1,6,1,0,0,49,0,1
1,1,1,4,1,11,7,1,13,1,1,-3,1,0,0,12,0,1
1,1,0,4,1,4,11,2,12,1,1,6,1,0,0,-15,0,1
1,1,1,4,1,13,10,2,12,2,1,7,1,0,0,81,0,1
1,1,0,4,1,13,2,2,13,2,1,2,1,0,0,169,0,0
0,1,1,4,1,13,3,2,12,2,1,1,1,0,0,27,0,1
1,1,0,5,1,14,5,2,5,2,1,7,1,0,0,207,0,1
1,1,0,4,1,10,2,1,7,2,1,-1,1,3,0,99,0,1
1,1,0,4,1,16,5,1,13,2,1,-2,1,0,0,-228,0,1
1,2,0,5,1,20,7,1,12,1,1,1,1,0,0,-115,0,1
1,1,1,6,1,0,11,2,7,1,1,5,1,0,0,390,0,1
1,1,1,4,1,16,10,1,12,2,1,5,1,0,0,19,0,1
1,1,0,4,1,1,3,1,12,2,1,3,1,0,0,-83,0,1
1,1,1,4,1,13,10,2,13,1,1,2,1,0,0,171,0,1
1,1,1,5,1,13,5,1,12,2,2,4,1,3,7,345,0,1
1,1,0,5,1,16,6,1,12,2,1,0,1,0,0,44,0,1
1,1,0,4,1,14,4,2,12,2,1,3,1,0,0,-67,0,1
1,2,0,4,1,13,3,2,13,1,1,0,1,0,0,9,0,1
1,1,0,5,1,15,9,2,13,2,2,2,1,3,0,341,0,1
1,1,0,4,1,13,1,1,13,2,1,-1,1,0,0,22,0,1
1,1,0,4,1,13,12,2,13,1,1,-2,1,0,0,-220,0,1
0,1,1,5,1,20,2,2,12,2,1,4,1,0,0,28,1,1
1,1,0,4,1,4,12,2,12,1,1,0,1,0,0,111,0,1
1,1,0,5,1,13,9,1,7,1,1,4,1,0,0,-44,0,1
1,1,0,4,1,9,10,1,12,1,1,3,1,3,0,355,0,1
1,1,1,6,1,13,6,2,13,2,1,2,1,0,0,247,0,1
1,2,0,4,1,13,4,1,13,2,1,-2,1,0,0,241,0,1
1,1,1,4,1,11,7,2,13,0,1,3,1,0,0,124,0,0
1,1,0,5,1,16,7,1,13,1,1,2,1,0,0,-82,0,1
1,1,0,4,1,13,2,1,0,2,1,2,1,0,0,244,0,1
1,1,0,6,1,13,2,2,12,2,1,-1,1,0,0,-32,0,1
1,1,0,6,1,16,11,1,7,3,1,5,1,0,0,113,0,1
1,1,0,4,1,10,8,2,12,2,1,8,1,0,0,254,0,1
1,1,0,4,1,0,12,1,12,2,1,-3,1,0,0,-278,0,1
1,1,1,4,1,16,2,2,13,1,1,2,1,0,0,36,0,1
0,1,1,4,1,13,11,2,12,1,1,8,1,0,0,11,0,1
1,1,1,5,1,10,1,2,12,2,1,6,1,0,0,-119,0,1
1,1,0,5,1,0,3,1,12,2,1,1,1,0,0,196,0,1
1,1,0,5,1,13,8,2,4,1,1,5,1,0,0,109,0,1
1,1,1,5,1,1,6,1,13,2,1,4,1,0,0,-35,0,1
1,1,0,6,1,13,2,1,11,3,1,0,1,0,0,26,0,1
1,1,0,4,1,0,3,2,13,2,1,0,1,0,0,197,0,1
1,2,0,4,1,4,7,2,13,1,1,1,1,0,0,-131,0,1
1,1,0,5,1,15,7,1,10,2,1,0,1,0,0,-145,1,1
1,1,0,4,1,13,8,2,7,2,1,0,1,0,10,-17,0,1
1,2,0,5,1,10,10,2,12,2,1,2,1,0,0,-25,1,1
1,1,1,5,1,0,1,1,13,1,1,9,1,3,0,102,0,1
1,1,1,4,1,13,8,2,13,1,1,1,1,0,0,3,0,1
1,1,0,5,1,13,9,1,12,2,1,2,1,0,0,-135,0,1
1,2,1,1,1,13,11,1,12,2,3,0,1,0,0,103,0,1
1,1,1,4,1,16,4,1,11,2,1,1,1,3,0,362,0,1
1,1,0,4,1,0,3,1,12,2,1,2,1,0,0,153,0,1
1,1,1,4,1,16,12,2,13,2,1,3,1,3,0,59,0,1
1,1,0,4,1,3,11,2,13,1,1,2,1,0,0,-149,0,1
1,1,0,4,1,13,2,2,12,2,1,1,1,0,5,143,0,1
1,1,0,5,1,10,4,2,12,1,1,4,1,0,0,294,0,0
1,1,0,5,1,10,11,1,13,1,1,2,1,0,0,7,1,1
1,1,0,4,1,16,9,2,12,2,1,1,1,0,0,-142,0,1
0,2,0,4,1,11,10,1,13,2,1,7,1,3,0,134,0,1
0,1,0,5,1,14,4,2,13,2,1,-3,1,0,0,-179,0,1
1,2,1,5,1,13,1,1,12,1,1,6,1,0,0,224,0,1
1,1,0,4,1,13,11,2,12,2,1,6,0,0,0,-50,0,1
0,1,0,4,1,16,2,2,12,1,1,6,1,3,0,201,0,1
1,1,0,4,1,13,6,1,7,2,1,-1,1,0,0,-79,0,1
0,1,1,4,2,20,11,1,13,2,1,0,1,3,7,478,0,1
1,1,0,5,1,13,11,2,7,1,1,5,1,0,0,-17,0,1
1,1,0,4,1,14,1,1,13,2,1,-1,1,0,0,281,0,1
1,2,0,4,1,20,7,2,12,1,1,-1,1,0,0,-8,1,1
1,1,0,4,1,13,6,1,12,2,1,4,1,0,0,-189,0,1
1,1,0,6,1,13,10,2,12,2,1,6,1,0,0,-88,0,1
1,1,0,5,1,13,9,1,13,1,1,0,1,0,0,-258,0,1
1,1,0,4,1,13,2,2,12,1,1,8,1,0,0,-93,0,1
1,1,0,5,1,13,10,1,7,1,1,3,1,0,0,79,0,1
1,2,1,4,1,13,1,2,12,1,1,4,1,0,0,-255,0,1
1,1,0,6,1,1,9,1,12,2,2,6,1,0,0,-57,0,1
1,1,0,4,1,10,1,1,4,2,1,3,1,0,0,83,0,1
1,1,0,6,1,14,9,1,12,2,1,2,1,0,0,94,0,1
1,2,0,5,1,6,8,2,13,1,1,6,1,3,0,117,0,1
1,2,1,5,1,13,5,2,7,1,1,4,0,3,0,338,0,1
0,1,0,4,1,13,4,1,13,1,1,0,1,0,0,-112,0,1
1,1,0,5,1,16,2,2,13,3,1,5,1,0,0,-211,0,1
1,2,0,6,1,0,7,2,12,1,1,4,1,0,0,-274,0,1
1,1,0,6,1,13,2,2,13,1,1,-1,1,0,0,33,1,1
1,1,0,5,1,13,5,2,13,2,1,1,1,3,0,158,0,1
1,1,0,4,1,16,7,1,12,2,1,5,1,0,0,-47,0,1
0,1,0,4,1,13,9,2,0,1,1,5,1,0,0,-28,0,1
1,1,0,4,1,0,3,2,12,2,1,2,1,0,0,11,0,1
1,1,1,4,1,13,3,1,13,2,1,5,1,2,5,5,0,1
0,1,0,6,1,13,3,1,13,2,1,1,1,0,0,-297,0,1
1,1,0,5,1,13,9,1,13,1,1,1,1,3,0,129,0,1
1,1,1,4,1,11,11,2,13,2,1,3,1,0,0,92,0,1
1,1,1,4,1,11,1,1,13,1,1,-1,1,0,7,-74,0,1
1,2,1,4,1,14,12,2,13,3,4,0,0,3,0,410,0,1
0,1,0,5,1,16,1,2,12,1,1,6,1,0,0,-41,0,1
1,1,1,1,1,13,3,1,12,3,1,7,1,3,0,365,0,1
1,1,1,4,1,11,12,2,12,1,1,5,1,0,0,-8,0,1
1,1,0,6,1,13,5,2,13,2,1,1,1,0,0,44,0,1
1,1,0,6,1,16,6,1,13,1,1,2,1,0,0,-218,1,1
1,1,0,5,1,0,5,2,13,2,1,-2,1,0,0,-104,0,1
1,1,1,5,1,13,1,2,8,1,1,2,1,3,0,221,0,1
1,1,0,4,1,14,8,1,13,2,1,-3,0,0,0,36,0,1
1,1,1,5,1,20,8,2,12,2,1,4,1,1,0,118,0,1
1,2,1,5,1,14,6,1,12,2,1,4,1,0,7,300,3,1
1,1,0,4,1,7,7,2,12,2,1,7,1,0,0,41,0,1
1,1,0,4,1,4,7,1,13,1,1,3,1,0,0,-151,0,1
1,1,1,4,1,14,3,1,13,2,1,3,1,0,0,38,0,1
1,1,1,5,1,13,3,2,12,3,1,2,1,0,0,173,0,1
0,1,1,5,1,16,4,2,9,1,1,-3,1,3,0,287,0,1
1,2,0,4,1,10,4,1,12,1,1,4,1,0,0,-100,2,1
1,1,1,5,1,11,6,2,5,2,1,2,1,0,0,-82,3,1
0,1,1,4,1,13,4,1,13,1,1,0,1,0,0,-49,0,1
1,1,0,5,1,10,6,1,12,1,1,3,1,0,0,366,0,1
1,1,1,4,1,10,12,1,13,2,1,3,1,0,0,322,0,1
1,1,1,4,1,11,12,2,3,1,1,3,1,0,0,202,0,1
1,1,0,5,1,16,9,1,13,1,1,-3,1,0,0,-399,0,1
1,1,1,5,1,16,10,1,7,2,1,3,1,0,0,78,0,1
1,2,0,5,1,16,2,1,12,2,2,4,1,0,0,-52,0,1
1,2,0,4,1,16,11,1,13,1,1,1,1,0,0,98,0,1
1,1,1,4,1,16,12,2,12,1,1,-3,1,0,0,357,0,1
1,1,0,4,1,14,5,1,12,2,1,3,1,0,0,43,1,1
1,1,1,3,1,16,3,2,13,2,2,0,1,0,0,-49,0,1
1,1,1,5,1,13,5,1,13,2,1,3,1,3,0,297,0,1
1,2,0,5,1,4,7,2,12,2,1,2,1,0,0,-91,0,1
1,1,1,6,1,4,9,2,1,1,1,0,1,0,0,195,0,1
1,1,0,6,1,10,7,1,13,2,1,-2,1,0,0,181,1,1
1,1,0,4,1,16,4,1,13,2,1,7,1,0,0,189,0,1
1,1,1,4,1,13,12,2,13,2,1,0,1,0,0,285,2,1
1,1,0,1,1,13,7,2,13,1,1,2,1,0,0,-175,0,1
0,1,0,5,1,13,12,2,12,3,1,-2,1,0,0,-84,1,1
1,1,1,4,1,14,7,1,7,2,1,-3,0,0,0,166,3,1
1,2,0,4,1,1,6,1,13,2,1,3,1,0,0,369,0,1
0,1,0,5,1,11,5,1,12,3,1,0,1,0,0,-45,0,1
1,1,1,5,1,13,8,2,12,1,1,5,1,0,0,-34,0,1
1,1,1,4,1,16,6,1,12,2,1,2,1,0,0,19,0,1
1,2,0,4,1,13,7,1,13,2,1,-1,1,0,0,-150,0,1
1,1,0,4,2,16,1,1,10,1,2,3,1,0,0,-64,0,1
1,2,0,4,1,1,6,1,12,2,1,2,1,3,0,90,0,1
1,1,0,4,1,10,7,2,13,1,1,-1,1,0,0,-158,0,1
1,1,0,4,1,13,6,1,13,2,1,1,1,0,7,162,0,1
1,2,0,4,1,13,12,2,13,3,2,-2,1,3,0,303,1,1
1,1,1,6,1,10,7,2,13,2,4,2,1,0,0,43,0,1
1,2,1,5,1,16,3,2,13,1,1,2,1,0,0,-274,0,1
1,1,0,4,1,10,5,1,12,3,1,5,1,0,0,-327,0,1
1,1,1,5,1,13,7,2,13,2,1,1,0,3,7,206,0,1
1,1,0,4,1,11,7,2,13,2,1,-1,1,0,0,223,0,1
1,1,0,4,1,16,3,2,12,1,1,4,1,0,0,3,1,1
1,1,0,4,1,10,12,1,13,2,1,-1,1,3,0,294,0,1
1,1,0,4,1,13,1,2,7,2,1,-1,1,0,0,321,0,1
1,2,1,4,1,0,7,2,13,2,1,-1,1,0,0,-155,0,1
1,1,0,4,1,0,11,1,12,1,1,1,1,0,7,172,0,1
1,1,1,5,1,10,11,2,12,2,1,7,1,0,0,-283,0,1
1,1,1,5,1,21,8,2,12,1,1,2,1,0,0,-12,0,1
1,1,0,4,1,13,1,2,13,2,1,1,1,0,0,-132,0,1
1,2,1,6,1,14,2,2,10,1,1,2,1,0,0,0,0,1
1,1,0,5,1,10,12,2,12,2,1,6,1,3,0,501,0,1
1,1,0,4,1,10,10,1,13,1,1,0,1,0,0,-535,0,1
1,1,0,4,1,16,4,2,7,1,1,0,1,0,0,14,0,1
1,1,1,5,1,14,3,1,13,2,1,1,1,0,0,-229,0,1
1,2,0,4,1,11,11,1,13,2,1,5,1,0,0,-46,0,1
1,2,0,5,1,13,1,2,14,2,1,2,1,3,5,268,1,1
0,1,0,4,1,13,7,2,3,1,1,4,1,0,0,137,0,1
1,1,1,4,1,20,3,1,10,2,1,1,1,0,0,84,0,1
1,1,0,5,1,11,12,2,12,1,1,0,1,0,0,248,0,1
1,2,0,5,1,13,6,1,2,3,1,1,1,0,0,89,0,1
1,1,0,5,1,11,5,1,12,2,1,-1,1,3,0,238,0,0
1,1,0,4,1,16,5,2,13,1,1,0,1,0,0,59,0,1
1,1,1,6,1,13,9,1,12,2,1,5,0,0,0,-193,0,1
1,1,0,4,1,4,12,2,13,2,1,5,1,0,0,-88,0,1
1,1,1,4,1,16,4,1,13,1,1,2,1,0,0,37,0,1
1,2,1,5,1,13,5,2,12,2,1,6,1,0,0,321,0,1
1,1,0,4,1,10,7,1,13,2,1,0,1,0,0,-161,0,1
1,1,1,4,1,1,8,1,13,2,1,6,1,0,0,-155,0,1
1,1,0,3,1,12,12,1,13,2,1,3,1,3,7,367,0,1
0,1,0,4,1,20,11,1,7,2,1,1,0,3,7,475,0,1
1,1,1,6,1,13,11,1,13,2,1,2,1,0,0,-149,0,1
1,1,0,7,1,13,12,1,13,2,1,1,1,0,0,-40,0,1
1,1,1,5,1,12,12,2,14,2,1,1,1,3,0,246,0,1
0,1,0,6,1,20,7,1,13,2,2,1,1,0,0,97,0,1
1,1,1,4,1,1,2,1,12,1,1,6,1,0,0,81,0,0
1,1,0,5,1,4,8,1,12,2,1,2,1,0,0,-150,0,1
0,1,0,5,1,16,12,2,7,2,1,5,1,0,0,15,0,1
1,1,0,5,1,8,11,2,13,2,1,5,1,0,0,270,2,1
1,1,0,5,1,13,2,2,13,1,1,1,1,0,0,163,0,1
1,1,1,5,1,13,8,2,12,1,1,3,1,0,7,160,0,1
1,1,0,4,1,11,5,2,13,2,2,2,1,0,0,-83,0,1
1,1,0,4,1,13,6,1,13,2,1,7,1,0,0,309,0,1
1,1,0,4,1,13,3,2,7,2,1,3,1,0,6,108,0,1
1,1,1,4,1,0,8,1,13,1,1,1,1,0,0,226,0,1
1,1,0,4,1,14,4,1,13,2,1,1,1,0,0,-90,0,1
1,1,0,4,1,13,8,2,13,1,1,-2,1,0,0,95,0,1
1,2,1,5,1,1,11,1,13,2,1,2,1,0,0,246,0,0
1,1,1,4,1,12,3,1,12,1,1,2,1,0,0,29,0,1
1,1,1,5,1,16,4,1,13,1,1,0,1,0,0,-141,0,1
1,1,1,5,1,10,5,2,13,1,1,4,1,0,0,165,0,1
1,1,1,5,1,13,1,1,13,1,1,1,1,0,0,-71,1,1
0,1,0,4,1,1,1,2,13,1,1,1,1,0,0,0,0,1
1,1,1,4,1,0,7,2,12,1,1,-3,1,0,0,-256,0,1
1,1,0,4,1,0,5,1,13,2,1,1,1,0,0,236,0,1
1,2,0,4,1,1,1,2,13,2,1,-1,1,0,0,-417,0,1
1,2,0,4,1,4,7,2,12,1,1,3,1,0,0,-191,0,1
0,1,1,4,1,13,6,1,13,2,1,1,1,0,0,-8,0,1
1,1,0,5,1,3,3,1,12,2,1,0,1,0,7,187,0,1
1,1,0,5,1,13,5,2,12,2,1,4,1,0,0,49,0,1
1,1,1,5,1,13,3,2,12,1,1,7,1,3,0,36,0,1
1,2,1,4,1,13,6,1,12,2,1,2,1,0,0,158,0,1
1,1,1,5,1,16,2,1,12,2,1,0,1,0,0,132,0,1
1,1,0,4,1,16,4,1,13,2,2,-1,1,0,0,-51,0,1
1,1,0,4,1,13,5,1,12,2,1,0,1,0,0,-93,0,1
1,1,0,4,1,11,2,1,13,2,1,-1,1,0,7,-150,0,1
1,1,1,5,1,14,4,1,13,3,1,3,1,0,0,235,0,1
1,1,0,4,1,4,1,2,13,1,1,3,1,0,0,130,0,1
1,1,1,4,1,4,2,2,13,2,1,-1,1,0,0,172,0,1
1,1,1,4,1,0,10,1,13,1,1,6,1,0,0,-74,0,0
1,1,0,5,1,4,3,1,12,2,1,4,1,0,0,-141,0,1
1,1,0,4,1,13,2,1,13,2,1,1,1,0,0,117,0,1
1,1,0,4,1,13,7,1,12,2,1,-1,1,0,11,-39,0,1
1,1,0,5,1,16,8,2,13,1,1,1,1,0,0,24,0,1
1,1,0,4,1,4,3,2,13,2,2,1,1,0,0,-35,0,1
1,1,0,5,1,13,5,2,13,1,1,2,1,0,0,-34,0,1
1,1,0,5,1,10,11,2,13,1,1,2,1,0,0,-193,0,1
1,1,0,5,1,1,2,2,12,2,1,-1,1,0,0,-245,0,1
1,2,0,5,1,5,5,2,7,2,1,2,1,0,0,173,0,0
1,2,0,4,1,13,2,2,13,2,1,-1,1,0,0,-188,0,1
1,1,0,5,1,9,8,1,13,2,2,3,1,0,0,11,1,1
1,1,0,4,1,13,1,2,7,1,1,5,1,0,0,116,0,0
1,2,0,4,2,12,7,1,13,1,1,3,1,0,0,-203,0,1
1,1,0,4,1,4,6,2,13,3,1,1,1,0,7,29,0,1
1,1,0,4,1,3,3,2,13,2,1,3,1,0,7,-5,0,1
1,1,0,5,1,14,6,1,8,1,1,1,1,3,0,34,0,1
1,1,0,4,1,10,4,2,13,1,1,1,1,0,0,-6,0,1
0,1,1,4,1,0,12,1,13,2,1,-3,1,3,8,294,0,1
1,1,0,5,1,1,10,1,12,2,1,3,1,3,0,313,0,1
1,1,0,6,1,4,2,2,13,2,1,1,1,0,0,16,0,0
0,1,0,5,1,10,10,2,13,2,1,5,1,0,0,81,0,1
1,1,1,5,1,13,1,1,7,2,1,4,1,3,0,227,0,1
1,1,0,4,1,13,10,2,12,2,1,6,1,0,0,-303,0,1
0,1,0,4,1,1,2,2,12,3,1,5,1,0,0,218,0,1
0,2,1,4,1,4,11,1,6,2,1,4,1,0,0,142,0,1
1,1,0,4,1,13,12,2,7,1,1,0,1,0,0,317,0,1
0,1,1,4,1,16,8,2,12,2,1,1,1,0,0,-184,0,1
1,1,0,5,1,0,6,1,13,2,1,3,1,0,0,241,0,1
1,1,1,5,1,13,5,2,12,1,1,5,1,0,0,-122,0,1
1,1,0,4,1,2,1,1,13,1,1,-1,1,0,0,46,0,1
1,1,0,4,1,1,12,1,12,2,1,5,1,0,0,81,0,1
1,1,1,5,1,0,7,2,13,2,1,3,1,0,2,103,0,1
1,1,0,1,1,20,9,1,12,2,1,2,1,0,0,-153,0,1
1,1,0,5,1,10,7,2,13,2,1,1,1,0,0,-24,0,1
0,1,0,5,1,14,1,1,12,2,1,9,1,0,0,124,0,1
1,1,0,5,1,16,8,2,12,1,1,1,1,0,0,47,0,1
1,1,0,5,1,16,10,2,13,2,1,3,1,0,0,-55,0,1
1,1,0,4,1,14,3,1,13,2,2,3,1,0,0,169,0,1
1,1,0,4,1,13,3,1,13,1,1,4,1,0,0,-243,0,1
1,1,1,6,1,14,7,2,7,1,1,2,1,3,0,306,0,1
1,1,1,5,1,1,10,2,5,2,1,8,1,0,0,158,0,1
1,1,1,6,1,8,11,1,12,1,1,2,1,0,0,123,2,1
1,1,1,6,1,20,1,2,13,2,1,1,1,0,0,145,0,1
1,1,1,4,1,10,12,2,12,2,1,8,1,0,0,-105,0,1
1,1,0,5,1,13,7,1,4,1,1,0,1,3,0,249,1,1
1,1,0,4,1,16,3,1,13,2,1,1,1,0,0,-68,0,1
1,1,0,5,1,1,5,2,5,1,1,0,1,0,0,38,0,1
1,2,0,4,1,16,12,2,12,2,1,2,1,0,0,117,0,1
0,1,0,5,1,13,5,1,0,1,1,4,1,0,0,-88,0,1
1,1,1,5,1,16,12,2,14,2,1,5,1,0,10,30,0,1
1,1,1,5,1,20,1,2,13,2,1,3,1,0,0,92,0,1
0,1,0,4,1,1,7,1,13,2,1,1,1,0,0,-81,0,1
1,1,0,5,1,13,4,2,1,1,1,2,1,0,0,-33,0,1
1,1,0,4,1,1,8,1,12,1,1,8,1,0,11,-195,3,1
1,1,1,4,2,13,12,2,13,2,1,0,1,0,0,-65,3,1
1,1,0,6,1,14,10,2,13,2,1,2,1,0,0,-193,0,1
1,1,0,4,1,1,7,2,13,1,1,2,1,3,0,227,0,1
1,1,0,4,1,20,7,2,13,2,1,0,1,2,0,376,0,1
1,1,0,6,1,10,4,2,13,2,1,4,1,0,0,-47,0,1
1,1,1,4,1,13,11,2,13,1,1,4,1,0,0,53,0,1
1,1,0,3,1,16,10,2,7,2,1,5,1,0,0,75,0,1
1,2,0,5,1,7,11,1,12,1,1,2,1,1,0,120,1,1
1,1,0,5,1,13,11,2,13,1,1,1,1,0,0,166,0,1
1,1,1,5,1,16,5,1,12,2,4,4,1,0,0,121,0,1
1,1,0,4,1,1,11,2,13,1,1,1,1,0,0,-51,0,1
1,1,1,4,1,13,8,2,13,1,1,-2,1,0,0,-18,0,1
1,1,1,4,1,14,5,2,13,2,1,3,1,0,0,-16,0,1
1,1,0,4,1,13,1,2,12,2,1,2,1,0,8,135,0,1
1,1,0,4,1,0,10,2,13,2,1,2,1,0,0,61,0,1
1,1,0,6,1,16,5,1,7,3,1,1,1,0,5,308,0,1
1,1,0,5,1,13,4,2,14,1,1,2,1,0,0,191,0,1
1,1,0,5,1,15,1,1,12,1,1,5,1,0,0,-53,0,1
0,1,0,2,1,4,2,2,10,1,1,2,1,0,0,48,0,1
1,1,0,5,1,10,11,1,12,2,1,3,1,0,0,30,0,1
1,1,1,4,1,13,3,1,13,2,1,2,1,0,0,59,0,1
1,1,0,5,1,11,8,2,13,2,1,1,1,0,0,-4,0,1
1,1,0,5,1,11,4,1,12,1,1,3,1,0,0,203,0,1
1,1,0,6,1,13,5,1,12,2,1,2,1,3,0,250,0,1
1,1,0,5,1,13,1,2,13,1,1,2,1,0,0,-75,0,1
1,1,0,4,1,16,12,1,13,1,1,0,1,4,0,-30,0,0
1,1,0,5,1,20,8,2,13,1,2,0,1,0,8,275,0,1
1,1,0,4,1,13,1,1,13,1,1,1,1,0,0,-33,0,1
1,1,0,4,1,0,10,2,12,2,1,1,1,0,0,-137,0,1
1,1,0,6,1,0,11,2,13,1,1,3,1,0,0,-147,0,1
1,1,0,4,1,5,5,2,13,2,1,-1,1,0,7,304,0,1
1,2,1,5,1,11,3,2,12,2,1,3,1,0,4,21,0,1
1,1,0,5,1,10,10,2,12,1,1,7,1,0,0,8,0,1
1,1,0,4,1,4,10,2,13,1,1,1,1,0,0,-65,0,1
1,2,1,4,1,10,10,2,13,2,1,2,1,0,0,167,0,1
0,1,0,4,1,4,1,1,6,2,1,3,1,0,0,-91,0,0
1,1,1,5,1,13,2,1,5,1,2,2,1,3,0,383,0,1
1,2,0,5,1,13,1,2,13,1,1,1,1,0,0,-136,0,1
0,1,0,5,1,13,11,1,12,3,1,0,1,3,7,266,0,1
1,1,1,4,1,14,7,1,13,1,1,-1,1,0,7,111,0,1
1,1,0,4,1,0,6,1,3,1,1,0,1,3,5,317,1,1
1,1,0,4,1,9,2,2,6,2,1,-1,1,3,0,419,0,1
1,1,0,4,1,13,5,2,13,2,2,1,1,0,0,133,0,1
0,2,1,4,1,0,8,2,13,1,1,0,1,0,0,-37,0,1
1,1,0,4,1,13,1,2,13,2,1,4,1,0,0,172,0,1
1,2,0,4,1,14,2,1,13,2,1,2,1,0,0,-97,0,1
1,1,0,5,1,11,8,1,13,1,1,3,1,0,0,-74,0,1
1,1,0,6,1,16,2,2,12,2,1,4,1,0,0,100,0,1
1,1,1,5,1,20,12,2,7,1,1,1,1,3,7,436,3,1
0,1,1,7,1,11,7,1,12,2,1,2,0,0,10,371,1,1
1,1,0,6,1,13,6,2,7,2,1,1,1,0,11,398,0,1
1,2,0,6,1,13,2,2,12,2,1,-1,1,0,7,155,0,1
1,2,1,4,1,13,4,1,13,1,1,1,1,2,0,166,0,1
1,1,1,6,1,4,7,1,13,1,1,-1,1,3,0,230,0,1
1,1,0,4,1,13,11,2,12,2,1,2,1,0,0,-40,0,0
1,1,0,5,1,4,1,2,8,2,1,4,1,0,0,215,0,1
1,1,0,5,1,4,9,1,13,2,1,0,1,0,0,184,0,1
1,1,0,4,1,11,1,1,13,3,1,0,1,0,0,-103,0,1
1,1,0,5,1,5,11,2,12,2,1,2,1,0,0,194,0,1
1,1,0,4,1,4,12,1,13,1,1,3,1,0,0,-142,0,1
1,1,0,5,1,11,9,2,13,2,1,0,1,0,7,90,0,1
1,1,0,4,1,16,6,1,13,2,1,3,1,0,0,-74,0,1
1,1,0,4,1,16,5,2,13,1,1,-2,1,0,0,-8,0,1
1,1,0,5,1,11,1,2,13,2,1,-4,1,0,0,112,0,1
1,1,1,6,1,11,10,2,12,1,1,7,1,0,0,-204,0,1
1,2,1,5,1,13,12,1,13,2,1,5,1,0,0,-71,0,1
1,1,0,5,1,11,2,2,7,2,2,-1,1,0,0,137,0,1
1,1,0,4,1,0,9,2,13,1,1,3,1,0,6,-65,0,1
1,1,0,5,1,11,3,1,7,1,1,4,1,0,0,71,0,1
1,2,0,4,1,5,2,2,13,2,1,7,1,0,0,184,0,1
1,1,0,7,1,13,6,2,12,1,2,7,1,0,0,-60,0,1
1,1,0,4,1,14,9,2,9,1,1,-3,1,3,0,295,0,1
1,1,0,5,1,13,6,1,2,2,1,1,1,0,0,-26,1,1
1,1,1,4,1,4,8,2,13,2,4,0,1,0,0,128,0,1
1,2,0,4,1,14,3,2,13,1,1,-2,1,0,0,51,0,1
1,1,0,4,1,14,5,2,9,2,1,5,1,0,0,-50,0,1
1,1,0,5,1,10,9,1,12,1,1,4,1,0,0,-237,0,1
1,1,0,6,1,13,12,2,13,1,1,-2,1,0,0,-141,0,1
1,1,0,4,1,10,6,1,12,2,1,4,1,0,0,207,2,1
0,1,1,5,1,14,12,2,13,1,1,1,1,0,0,108,1,1
1,1,0,2,1,22,12,1,12,3,1,6,1,0,0,97,0,1
1,1,1,5,1,13,11,2,13,1,1,6,1,0,0,217,0,1
0,1,0,4,1,13,11,2,13,3,1,4,1,0,0,17,0,1
1,2,0,5,1,16,1,2,12,1,1,5,1,0,7,-8,0,1
0,1,1,4,1,14,12,2,7,1,1,3,1,0,0,176,0,1
1,1,0,4,1,1,8,2,13,2,1,4,1,0,0,121,0,1
1,1,1,4,1,13,3,2,13,1,1,-3,1,0,0,-133,0,1
1,1,0,5,1,13,8,1,2,2,1,0,1,0,0,-101,0,1
1,1,0,4,1,13,8,2,7,1,1,2,1,0,0,339,0,1
1,1,0,6,1,1,5,1,13,2,1,5,1,3,0,380,0,1
1,1,0,4,1,13,10,2,13,1,1,3,1,0,0,-211,0,1
1,2,0,6,1,4,12,2,12,2,1,5,1,0,0,66,0,1
1,1,0,4,1,4,9,2,13,1,1,6,1,0,0,-73,0,1
1,2,0,4,1,0,10,1,13,1,1,-1,1,3,0,135,1,1
1,1,1,4,1,0,12,1,13,2,1,2,1,0,0,-75,0,1
1,1,1,4,1,13,12,2,7,1,1,1,1,0,0,-117,0,1
1,1,1,4,2,13,1,2,12,2,1,1,1,0,0,206,0,1
1,1,0,4,1,11,11,1,13,1,1,3,1,0,0,-245,0,1
1,1,1,4,1,16,9,1,12,2,1,1,1,0,0,-100,0,1
1,1,0,4,2,13,7,1,13,2,2,-5,1,0,0,-139,0,1
1,2,0,4,1,11,8,2,12,1,1,3,1,0,0,-214,0,1
1,1,0,4,1,11,7,2,13,1,1,2,1,0,0,45,0,1
1,1,1,4,2,0,8,1,13,2,1,1,1,0,0,54,0,1
0,2,1,4,1,0,11,2,13,2,1,3,1,3,0,165,0,0
1,1,1,4,1,16,5,2,13,1,1,5,1,0,0,222,0,1
1,1,0,4,1,4,7,2,12,2,1,0,1,3,0,-46,0,1
0,1,0,4,1,1,3,2,12,2,1,0,1,3,0,89,0,1
0,1,1,5,1,14,10,2,3,1,1,3,1,0,0,13,1,1
1,1,0,1,1,8,1,1,7,2,1,-2,1,0,0,127,0,1
1,2,0,4,1,16,12,2,12,1,1,3,1,0,0,-228,0,1
0,1,0,5,1,16,9,1,12,2,1,3,1,0,0,-78,0,1
1,1,0,4,1,4,9,1,9,2,1,-1,1,0,0,6,0,1
1,1,1,5,1,0,1,2,13,2,1,4,1,3,0,467,0,1
0,1,0,4,1,16,9,1,12,1,1,1,1,0,0,-69,0,1
1,2,0,5,1,16,5,2,12,1,1,2,1,0,0,-423,0,1
0,1,0,4,1,16,1,1,5,1,1,-1,1,3,0,306,0,1
1,1,1,4,1,13,2,2,9,1,1,5,1,2,0,319,0,1
1,1,0,4,1,16,3,1,12,3,1,3,1,0,4,221,0,1
1,1,1,4,1,14,11,1,13,2,1,4,1,0,0,-120,0,1
1,1,1,5,1,1,8,1,13,2,1,4,1,0,4,321,1,1
1,1,0,5,1,10,6,1,13,1,1,1,1,0,0,21,0,1
1,1,0,4,1,13,1,1,12,2,1,1,1,0,0,404,0,1
0,1,0,4,1,13,3,1,13,2,1,4,1,0,0,-173,0,1
1,1,0,5,1,16,8,2,13,2,1,4,1,3,0,164,0,1
1,1,0,4,1,1,2,1,13,2,1,2,1,0,0,76,0,1
1,1,0,4,1,13,1,2,12,1,1,3,1,0,0,70,0,1
1,1,1,4,1,2,12,2,13,1,1,3,1,0,0,41,0,1
1,1,0,5,1,11,12,1,12,2,1,3,1,0,7,188,0,0
1,1,0,6,1,13,10,2,6,2,1,0,1,0,0,-94,0,1
1,1,0,4,1,14,2,2,13,2,4,-1,1,0,0,67,0,1
1,1,1,4,1,4,4,1,12,2,1,1,1,0,0,243,0,1
1,1,0,5,1,0,9,1,13,2,2,0,1,0,0,-68,0,1
1,1,0,6,1,14,4,1,12,2,1,1,1,0,0,-59,0,1
1,2,0,5,1,4,10,2,11,2,1,5,1,3,0,406,2,1
1,1,0,5,1,13,3,2,4,1,1,0,1,3,0,214,0,1
1,1,0,5,1,13,9,2,13,2,1,0,1,0,0,31,0,1
1,1,1,4,1,13,5,2,13,2,1,-3,1,0,0,-53,0,1
1,1,1,4,1,10,1,1,13,1,1,3,1,4,5,308,0,1
1,1,1,5,1,4,6,2,12,1,1,2,1,0,0,24,0,1
1,1,0,6,1,4,8,1,13,1,1,1,1,0,6,-236,0,1
1,1,1,5,1,13,12,2,12,2,1,6,1,0,0,-234,0,1
1,1,1,4,1,13,7,1,0,2,1,0,1,0,0,-119,0,1
1,1,1,4,1,13,3,2,13,2,1,5,1,1,0,105,0,1
1,2,1,4,1,16,8,2,13,2,1,-1,1,0,0,60,0,0
1,1,0,4,1,0,11,2,13,2,1,-1,1,0,0,-6,0,1
1,1,0,5,1,4,7,2,12,2,1,5,1,4,0,76,0,1
1,1,1,4,1,13,3,2,13,2,1,-1,1,0,0,222,0,1
1,1,0,4,1,16,11,2,8,2,1,3,1,0,0,162,0,0
1,1,1,6,1,5,7,1,13,2,1,5,1,3,0,338,0,1
1,1,1,4,1,13,10,2,12,2,1,3,1,0,0,13,0,1
1,1,1,5,1,11,12,1,5,2,1,-2,1,0,0,398,0,1
1,1,0,1,1,13,12,2,13,1,1,2,1,3,7,404,0,1
1,1,0,4,1,13,3,2,12,2,1,3,1,3,0,108,0,1
1,1,0,5,1,11,10,2,6,2,1,-1,1,0,0,29,0,1
0,1,0,4,1,4,7,2,13,2,1,-1,1,0,0,-386,0,1
1,1,1,4,1,16,3,1,13,2,1,7,1,0,0,169,0,1
1,2,1,5,1,16,6,1,12,2,1,1,1,0,0,21,0,1
1,1,0,5,1,4,4,2,13,2,1,4,1,0,0,153,0,0
1,1,1,4,1,13,3,2,13,1,1,0,1,3,0,-16,0,1
1,1,1,4,1,10,11,2,12,2,1,2,1,0,0,101,0,1
1,1,0,4,1,20,3,1,13,2,1,8,1,0,4,213,0,1
1,1,0,5,1,20,11,2,13,2,1,7,1,0,0,145,1,1
1,1,0,4,1,14,7,1,13,2,1,4,1,0,0,-12,0,1
1,1,0,5,1,13,11,2,12,2,1,4,1,0,0,71,0,1
1,1,0,5,1,13,5,2,12,3,4,3,1,0,0,-25,0,1
1,1,0,4,1,13,3,2,13,2,1,1,1,0,0,-48,0,1
1,1,1,4,1,16,11,1,12,2,1,3,0,0,0,99,0,1
1,1,0,5,1,11,1,1,13,2,1,-3,1,3,0,29,0,1
1,1,1,4,1,13,1,1,13,1,1,7,1,0,0,182,0,1
1,1,1,4,1,20,1,2,13,2,1,0,1,0,5,-62,0,1
1,1,0,5,1,16,5,2,11,2,1,5,1,0,0,116,0,1
1,1,0,6,1,3,5,2,12,2,1,1,1,0,0,-83,0,1
1,1,0,5,1,16,5,2,7,2,2,0,1,0,0,195,1,0
1,1,0,5,1,13,7,1,13,2,1,3,1,3,0,50,0,1
1,1,0,4,1,13,9,2,13,2,1,-2,1,3,0,55,0,1
1,1,0,4,1,16,12,1,12,2,1,1,1,0,0,-311,0,1
1,2,1,4,1,14,11,2,13,2,1,2,1,0,0,-74,0,1
1,1,1,5,1,17,5,1,7,2,1,0,1,0,0,51,0,0
1,1,0,4,1,11,6,2,13,2,1,1,1,0,0,-42,0,1
0,2,0,6,1,16,9,1,13,2,1,1,1,0,0,344,1,1
0,2,0,5,1,14,2,1,9,2,1,10,1,0,0,11,0,1
1,2,0,5,1,1,5,2,12,2,1,3,1,3,0,196,0,1
1,1,1,5,1,13,10,2,12,2,1,2,1,0,0,-30,0,1
1,1,0,5,1,13,6,1,13,1,1,2,1,3,0,161,0,1
1,1,0,4,1,13,2,1,4,2,1,-7,1,0,0,281,0,1
0,1,0,5,1,13,4,2,12,3,1,7,1,0,0,-161,0,1
1,1,0,6,2,13,8,1,13,2,1,2,1,0,0,-22,0,1
1,1,0,4,1,14,10,1,13,2,1,0,1,0,0,-76,0,1
1,1,1,4,1,13,7,1,8,1,1,0,1,0,0,173,0,1
1,1,0,4,1,20,3,2,7,1,1,-2,1,0,7,144,0,1
1,1,1,4,1,16,6,1,11,1,1,3,1,0,0,154,0,1
1,1,1,4,1,10,6,1,13,2,1,2,1,0,0,-56,0,1
1,1,1,5,1,16,7,2,12,2,1,4,1,0,0,102,0,1
1,1,1,4,1,13,11,2,14,2,1,2,1,3,0,150,0,1
1,1,0,5,1,10,9,2,13,2,1,-1,1,0,0,65,0,1
1,1,0,4,1,11,1,2,13,1,1,-1,1,0,0,-301,0,1
1,2,0,4,1,4,5,2,13,1,1,0,1,0,0,220,0,1
1,1,0,4,1,11,6,2,11,2,1,2,1,0,0,208,0,1
1,1,0,6,1,13,9,1,13,2,1,6,1,0,0,98,0,1
1,1,0,4,1,1,9,2,13,2,1,1,1,3,0,-21,0,1
1,1,0,4,1,0,3,2,12,3,2,4,1,0,0,281,0,1
1,1,0,6,1,4,2,2,12,2,1,1,1,0,0,-110,0,1
1,1,0,6,1,0,2,1,12,2,1,2,1,0,0,-173,0,1
1,1,0,6,1,16,3,1,12,2,1,3,1,0,0,-44,0,0
1,1,1,5,1,14,9,2,12,1,1,2,1,3,0,15,0,1
1,1,1,5,1,5,9,2,13,2,1,1,1,0,0,248,0,1
1,1,0,4,1,13,9,1,13,2,1,-1,1,0,0,-223,0,1
1,1,1,4,1,4,2,2,13,1,1,-2,1,3,0,407,0,1
1,1,0,4,1,13,10,2,13,1,1,0,1,3,0,216,0,1
1,1,0,4,1,1,6,2,13,2,1,3,1,0,10,-48,0,1
0,1,0,6,1,13,11,2,13,1,1,0,1,2,0,57,0,1
1,1,1,5,1,1,2,2,13,1,1,2,1,3,0,-55,0,1
1,1,1,4,1,14,9,2,13,3,1,-2,1,0,0,259,0,1
0,2,0,3,1,16,3,2,13,2,1,2,1,0,0,-136,0,1
1,1,0,4,1,13,8,2,13,1,1,-1,0,0,0,109,0,0
1,1,0,6,1,4,10,2,13,1,1,-1,1,0,0,-175,0,1
1,1,0,6,1,16,10,2,12,2,1,1,1,0,0,93,0,1
1,1,1,4,1,4,10,2,13,2,2,2,1,0,0,-161,0,1
1,1,0,7,1,13,2,1,12,2,0,0,1,0,0,121,0,1
1,1,0,3,1,13,10,2,7,1,1,1,1,0,0,52,0,1
1,1,1,5,1,13,12,2,8,2,1,3,1,0,0,88,0,1
0,1,0,4,1,0,10,1,12,1,1,5,1,2,0,65,0,1
1,1,0,4,1,4,5,2,13,1,4,2,1,0,0,-208,0,0
0,1,0,5,1,4,9,1,12,2,1,2,1,0,0,-102,0,1
1,2,0,5,1,0,1,1,13,2,1,2,1,0,0,-63,0,1
1,1,1,5,1,20,6,1,13,3,1,0,1,0,0,18,0,1
1,2,1,4,1,4,8,2,13,2,1,2,1,0,0,-47,1,1
1,2,0,6,1,2,2,2,13,1,1,1,1,0,0,31,0,1
1,2,1,5,1,20,1,2,11,1,1,3,1,3,6,308,0,1
1,1,0,5,1,13,12,2,13,2,1,0,1,0,0,-11,0,1
1,1,0,5,1,16,3,2,12,2,1,1,1,0,0,-121,0,1
1,1,0,4,1,14,4,1,13,2,1,-1,1,0,0,36,0,1
1,1,0,4,1,14,10,2,13,2,1,1,1,3,0,196,3,1
1,1,0,5,1,5,2,2,12,2,1,0,1,0,0,-12,0,1
1,1,0,4,1,14,9,1,1,2,1,0,1,0,0,90,0,1
1,1,0,6,1,10,4,2,7,2,2,-1,1,0,0,-175,0,1
1,2,1,5,1,1,2,2,7,3,1,4,1,0,0,224,0,1
1,1,0,4,1,4,4,1,12,2,1,5,1,0,0,52,0,1
1,1,0,4,1,13,9,1,13,1,2,0,1,3,0,273,0,1
1,1,0,5,1,16,8,1,12,1,1,4,1,0,0,31,0,1
1,1,0,4,1,1,1,1,12,1,1,4,1,0,0,-42,0,1
1,1,1,5,1,4,8,2,5,1,1,0,1,3,0,132,0,1
1,1,0,5,1,4,12,2,7,1,1,2,1,0,11,107,0,1
1,1,0,5,1,10,2,2,12,2,1,3,1,0,0,-54,0,1
0,1,1,5,1,13,7,1,13,2,1,4,1,0,0,231,0,1
1,1,0,5,1,10,5,2,13,1,1,-2,1,0,0,-168,0,1
1,1,1,5,1,10,5,1,11,3,1,2,1,3,7,412,0,1
1,1,0,6,1,10,9,2,12,1,1,3,1,0,0,-107,0,1
1,1,0,5,1,11,2,2,13,1,1,3,1,0,0,-164,0,1
1,2,0,6,1,14,6,2,13,2,1,0,1,0,6,75,0,1
0,1,0,4,1,20,7,2,12,1,1,3,1,0,7,110,0,1
1,2,0,4,1,10,1,1,12,2,1,0,1,0,0,-58,0,1
1,2,0,5,1,0,6,2,13,1,1,3,1,0,0,-202,0,1
1,1,1,4,1,7,1,2,13,2,1,-1,1,0,0,-40,0,1
0,1,1,5,1,16,8,1,13,1,1,1,1,0,0,153,0,1
1,1,1,5,1,16,1,1,7,2,1,3,1,0,0,214,1,1
1,1,0,4,1,16,12,1,13,1,1,4,1,0,0,13,0,1
1,1,0,4,1,11,6,1,13,1,1,-4,1,0,0,-129,0,1
1,1,0,4,1,11,8,1,13,1,1,1,1,0,0,53,0,1
1,1,0,4,1,4,9,1,13,1,1,-2,1,0,0,-91,1,1
1,1,0,5,1,4,10,2,12,1,1,6,1,0,0,-63,0,1
1,1,0,4,1,16,1,2,13,2,1,3,1,0,0,-12,0,1
1,1,0,3,1,1,1,1,13,2,1,0,1,0,0,3,0,1
1,1,0,4,1,13,11,2,13,2,2,-1,1,3,0,303,0,1
0,2,0,4,1,13,4,2,13,1,1,2,1,3,8,77,0,1
1,1,0,4,1,13,9,1,13,1,1,3,1,0,0,35,0,1
1,1,1,5,1,13,9,2,12,1,1,1,1,0,0,-169,0,1
1,2,0,4,1,4,10,1,7,1,1,0,1,0,0,30,0,1
1,1,0,6,1,4,8,2,12,2,1,1,1,0,9,174,1,1
1,2,0,4,1,14,4,2,13,2,1,-2,1,3,7,181,0,1
1,1,0,4,1,10,6,2,12,2,1,0,1,0,0,130,0,1
0,1,0,3,1,0,8,1,13,2,1,4,1,0,0,-131,0,1
1,1,0,4,1,11,10,1,13,2,1,4,1,0,0,-251,0,1
1,1,0,4,1,4,9,2,13,0,2,-5,1,0,0,25,0,1
0,1,0,4,1,13,3,2,12,2,1,4,1,3,0,469,0,1
1,1,1,4,1,10,10,2,13,1,1,0,1,3,0,233,0,1
1,2,0,6,1,0,3,2,13,1,1,0,1,0,0,159,0,1
1,1,0,5,1,0,12,2,13,1,1,6,1,0,0,281,0,1
1,1,0,4,1,16,1,2,12,1,1,4,1,0,0,47,0,1
1,1,0,4,1,13,12,2,12,1,1,3,1,0,0,-275,0,1
0,1,0,5,1,13,6,1,13,2,1,7,1,0,0,123,0,1
1,1,1,5,1,20,4,2,12,1,1,5,1,0,0,268,0,1
1,1,1,4,1,1,1,1,13,2,1,3,0,0,0,110,0,1
1,1,0,4,1,14,5,1,13,1,1,-4,1,0,0,-9,0,1
1,1,0,5,1,10,12,2,12,2,1,5,1,0,0,-164,0,1
1,1,0,5,1,16,6,1,12,3,1,5,1,0,0,78,0,1
1,1,0,5,1,13,9,2,13,1,1,1,1,0,0,-77,0,1
1,1,0,6,1,1,1,1,13,2,1,1,1,0,0,397,0,1
1,1,0,4,1,14,4,1,12,2,1,0,1,0,0,-38,0,1
1,1,0,4,1,13,1,2,12,2,1,4,1,0,0,-154,0,1
1,1,0,4,1,0,1,2,13,1,1,2,1,0,0,166,1,0
1,1,0,4,1,20,3,2,13,2,1,0,1,0,7,254,0,1
1,1,0,4,1,0,9,2,13,2,1,1,1,0,0,-206,0,1
1,1,0,4,1,4,4,1,12,1,1,6,1,0,0,-15,0,1
0,1,0,5,1,14,2,1,13,2,1,0,1,3,0,56,0,1
0,1,1,5,1,13,6,2,12,1,1,9,1,0,0,93,2,1
1,1,0,5,1,13,10,2,12,1,1,5,1,0,0,-128,0,1
1,1,0,4,1,16,1,2,7,2,1,3,1,3,7,570,0,1
1,1,0,6,1,14,4,2,12,2,1,2,1,3,3,361,1,1
1,1,0,2,1,16,2,1,13,2,1,3,1,0,0,24,0,1
1,1,1,4,1,10,10,1,1,2,1,1,1,3,0,380,0,1
1,1,1,5,1,13,8,2,13,2,1,3,1,0,0,32,0,1
1,1,0,1,1,1,2,1,13,2,1,1,1,3,0,-113,0,1
1,1,0,4,1,20,8,2,12,1,1,0,1,0,0,-179,0,1
1,1,0,4,1,13,8,2,13,2,1,0,1,0,0,-20,0,1
1,1,1,5,1,1,5,1,13,1,1,4,1,0,0,54,0,1
1,1,0,5,1,13,4,2,13,1,1,2,1,0,7,331,0,1
1,1,0,4,1,1,3,2,13,2,1,3,1,0,0,83,0,1
1,1,0,4,1,14,5,1,13,2,1,1,1,0,0,52,0,1
1,1,0,4,1,16,12,1,12,3,2,6,1,0,0,42,1,1
1,1,0,5,1,13,5,1,13,1,1,-1,1,0,0,47,0,1
1,2,1,6,1,13,2,2,7,1,1,-1,1,0,0,126,0,1
1,1,0,5,1,16,4,1,13,2,1,1,1,0,0,30,0,1
1,2,1,5,1,13,6,1,12,3,1,3,1,0,7,144,0,1
1,1,0,5,1,10,5,2,7,1,1,1,1,3,0,304,0,1
1,1,1,4,1,0,1,2,13,2,1,3,1,0,0,32,0,1
1,2,0,5,1,10,6,2,13,2,1,4,1,0,0,-181,0,1
1,1,0,4,1,13,4,1,12,2,2,3,1,0,0,-83,0,1
1,1,1,5,1,4,10,2,7,1,1,1,1,0,0,29,0,1
1,1,1,5,1,1,12,2,13,2,1,4,1,0,0,35,0,1
1,1,0,4,1,13,2,1,13,3,1,0,1,0,0,78,0,1
1,1,0,6,1,13,9,2,12,2,1,1,1,0,0,-177,0,1
1,1,0,6,2,13,8,1,13,3,2,-2,1,0,0,-125,0,1
1,1,1,4,1,13,1,2,13,2,1,2,1,0,0,8,0,1
1,1,0,4,1,4,2,1,12,2,1,2,1,0,0,-102,0,1
1,1,1,6,1,13,3,2,12,2,1,0,1,0,0,-227,0,1
1,2,0,4,1,20,5,1,12,2,1,3,1,0,0,123,0,1
1,1,0,4,1,2,8,1,7,1,1,-1,1,0,0,148,0,1
1,1,0,4,1,11,2,1,12,2,0,0,1,0,0,25,0,1
1,1,1,4,1,20,2,1,13,2,1,1,1,3,0,124,0,1
1,1,0,5,1,16,1,2,13,2,1,4,1,0,0,13,0,0
1,1,1,5,1,13,12,2,13,2,1,4,1,0,0,24,0,1
1,1,0,4,1,14,11,1,12,2,2,1,1,3,0,-48,0,1
1,1,0,4,1,13,7,2,13,2,1,0,1,0,0,4,1,1
1,1,0,5,1,13,5,2,12,3,1,4,1,0,0,-56,0,1
1,1,0,5,1,13,2,2,13,2,1,3,1,2,0,53,0,0
1,1,0,4,1,16,5,2,12,3,1,2,1,0,0,142,0,1
1,2,0,4,1,11,3,1,13,2,1,1,1,0,0,-146,0,1
0,1,0,4,1,13,10,2,13,1,1,3,1,0,0,-135,0,1
1,1,1,6,1,13,7,2,3,1,1,4,1,0,0,39,0,1
1,1,0,6,1,1,7,1,0,2,1,1,1,0,0,-94,0,1
1,1,0,5,1,4,8,1,14,1,1,6,1,3,0,29,0,1
1,1,0,6,1,13,4,1,13,2,1,2,1,0,0,39,0,1
1,1,0,5,1,11,9,2,13,1,1,-1,1,0,0,-319,0,1
1,2,0,5,1,10,3,2,7,1,1,7,1,0,0,339,0,1
1,1,0,5,1,11,9,2,12,2,1,2,1,0,0,-279,0,1
1,2,0,5,1,16,2,2,12,2,1,3,1,0,0,-76,0,1
1,1,1,5,1,16,4,1,12,2,1,1,1,0,0,-2,0,1
1,1,1,6,1,1,5,2,13,2,1,2,1,0,0,53,0,1
1,1,0,4,1,10,3,2,12,2,1,3,1,0,0,37,0,1
1,1,0,4,1,4,12,1,13,1,1,3,1,0,0,6,0,1
1,2,0,4,1,10,11,1,12,2,2,2,1,3,0,317,0,1
1,1,1,5,1,14,2,2,13,2,1,5,1,0,0,63,0,1
0,1,0,6,1,3,7,1,13,2,1,-4,1,0,0,-24,0,1
1,1,0,5,1,20,3,1,13,2,1,4,1,3,0,570,0,1
1,1,1,4,1,13,7,2,13,2,1,1,1,0,0,-44,0,1
1,2,0,5,1,13,8,2,13,1,1,-3,1,0,0,-245,0,1
1,1,0,4,1,13,7,1,12,1,1,4,1,0,0,-167,0,1
1,2,0,4,1,16,12,1,12,2,1,1,1,0,0,220,0,1
1,1,0,4,1,15,11,2,13,1,1,4,1,0,0,47,0,1
1,1,0,6,1,0,9,2,12,2,1,0,1,0,0,81,0,1
1,1,0,4,1,14,8,2,12,2,1,6,1,0,0,-52,0,1
1,1,1,4,1,1,11,2,12,2,1,3,1,0,0,209,0,1
1,1,0,5,1,13,11,2,13,1,1,2,1,0,0,175,0,1
1,2,1,6,1,13,12,1,13,1,1,7,1,0,0,-11,0,1
1,1,0,4,1,11,4,1,11,1,1,2,1,3,7,197,0,1
1,1,0,5,1,7,3,2,13,2,1,3,1,0,0,-107,0,1
1,1,0,5,1,13,8,1,12,1,1,2,1,0,0,139,0,1
1,1,0,5,1,13,6,2,3,1,1,2,1,3,0,243,0,1
1,1,0,4,1,13,11,2,5,1,1,1,1,0,7,118,0,1
1,1,0,5,1,16,7,2,13,1,1,2,1,0,0,302,0,1
1,1,0,5,1,13,3,2,12,1,1,5,1,0,0,45,0,1
1,1,1,4,1,20,5,2,13,1,1,2,1,0,0,203,0,1
1,1,0,4,1,14,4,2,13,2,1,2,1,0,0,-134,0,1
1,1,1,4,1,1,8,2,13,2,1,-1,1,3,0,199,1,1
1,1,0,4,1,16,7,1,13,2,1,4,1,0,0,-18,0,1
1,1,0,4,1,1,6,1,12,2,1,1,1,0,0,-176,0,1
1,1,1,6,1,20,2,1,7,2,1,4,1,0,0,203,0,1
1,1,1,5,1,0,10,2,13,3,1,6,1,0,0,93,0,1
1,1,0,4,1,4,8,1,12,3,1,0,1,0,0,-193,0,1
1,1,1,4,1,13,8,2,4,2,1,3,1,0,0,124,0,1
1,1,1,5,1,16,3,1,12,1,1,3,1,0,0,-141,0,1
1,1,0,5,1,13,4,1,13,1,1,4,0,0,7,222,0,1
1,1,1,5,1,20,7,2,13,1,1,-1,1,3,0,144,0,1
1,1,1,4,1,16,3,1,13,1,1,5,1,0,0,-39,0,1
1,1,0,4,1,10,3,2,13,1,1,3,1,0,0,-58,0,1
0,1,0,5,1,16,12,1,7,2,1,0,1,3,0,179,0,1
1,1,1,5,1,1,1,2,13,2,1,1,1,0,6,369,0,1
1,1,1,4,1,11,4,2,5,1,1,4,1,1,0,184,0,1
0,1,1,5,1,10,7,2,13,1,1,1,1,0,0,-8,0,1
1,1,1,5,1,13,7,2,13,2,1,1,1,0,0,138,0,1
1,1,0,4,1,14,1,1,13,2,1,4,1,0,0,-155,0,1
0,1,0,4,1,10,8,2,14,2,1,3,1,0,0,129,0,0
1,1,1,5,1,14,7,2,12,1,1,2,1,0,0,9,0,1
1,1,0,5,1,16,8,1,13,3,1,2,1,0,0,-117,1,1
1,1,0,5,1,10,6,1,13,1,1,0,1,3,0,138,0,0
1,1,0,4,1,13,4,2,13,2,1,4,1,0,7,408,0,1
1,2,0,6,1,14,1,1,13,2,1,4,1,0,0,-208,0,1
0,1,1,5,1,4,7,2,13,2,1,5,1,0,0,21,0,1
1,1,0,5,1,13,9,2,13,2,1,0,1,0,0,17,0,1
1,1,0,4,1,11,7,1,13,2,1,4,1,0,0,-29,0,0
1,1,0,4,1,16,8,2,13,2,1,1,1,0,0,-29,0,1
1,1,0,4,1,13,1,1,13,2,1,4,1,0,0,22,0,1
1,1,1,5,1,20,12,1,13,2,1,0,1,0,0,127,0,1
1,1,0,4,1,13,3,2,13,2,1,2,1,0,0,65,0,1
1,1,1,5,1,4,2,2,12,2,1,3,1,0,0,119,0,1
1,1,1,4,1,10,6,1,12,1,1,2,1,0,0,-196,0,1
1,2,1,5,1,16,1,2,7,1,1,3,1,0,0,39,0,1
1,1,1,5,1,0,8,2,2,2,1,2,1,0,0,144,0,1
1,1,0,4,2,13,3,2,9,1,3,1,1,3,0,241,0,1
1,1,0,4,1,13,10,1,13,1,1,5,1,0,0,69,0,1
1,1,0,4,1,16,11,2,12,1,1,10,1,0,0,24,0,1
1,1,0,5,1,4,8,2,13,2,1,4,1,0,0,-68,0,1
1,1,1,4,1,13,12,1,13,1,1,0,1,0,7,50,0,1
1,1,0,4,1,1,7,2,12,1,1,3,1,0,0,115,0,1
1,2,0,4,1,20,5,1,13,2,1,3,1,0,0,-44,0,1
1,2,1,4,2,20,9,2,9,1,1,6,1,0,0,43,0,1
1,1,0,6,1,13,2,1,13,2,1,4,1,0,0,-69,0,1
1,1,1,6,1,20,8,2,12,2,1,3,1,3,0,255,0,1
1,1,0,4,1,6,12,2,7,1,1,7,1,3,0,62,1,1
1,1,0,4,1,11,2,2,12,1,1,4,1,3,0,-73,0,1
1,1,0,4,1,14,8,1,12,2,1,7,1,0,0,-162,0,1
1,1,0,4,1,4,5,1,12,1,1,-3,1,0,0,141,0,1
1,1,0,4,1,13,10,1,12,2,1,4,1,3,0,267,0,1
1,2,0,5,1,12,2,1,10,1,1,1,1,0,0,248,0,1
1,1,0,6,1,2,3,2,13,2,1,-1,1,0,0,7,0,1
1,1,0,5,1,16,9,2,2,2,1,2,1,0,0,42,0,1
1,1,0,5,1,13,10,2,12,2,1,4,1,0,0,-157,0,1
1,1,0,4,1,16,7,2,13,2,1,3,1,0,0,-148,0,1
1,1,1,4,1,4,3,2,13,1,1,5,1,0,0,-74,0,0
1,1,0,5,1,0,9,1,11,3,1,3,1,3,0,130,0,1
1,1,0,4,1,4,12,2,13,1,1,0,1,0,0,8,0,1
0,1,1,4,1,13,2,2,13,1,1,3,1,0,0,-188,0,1
1,2,0,4,1,10,6,1,12,2,1,2,1,0,0,-142,0,1
1,1,1,4,1,13,4,1,13,1,1,2,1,0,0,5,0,1
1,1,0,4,1,13,7,2,13,2,1,-1,1,0,0,109,0,1
1,1,0,5,1,13,1,2,13,2,1,6,1,0,0,-113,0,1
1,1,0,4,1,16,3,2,2,1,1,1,1,0,0,-161,0,1
1,1,1,5,1,1,3,2,13,1,1,5,1,0,0,50,0,1
1,1,0,4,1,13,3,2,12,2,1,5,1,0,0,-20,0,0
1,1,0,4,1,14,2,2,12,2,1,2,1,0,0,-52,0,1
1,1,1,5,1,14,12,2,12,1,1,2,1,0,0,127,0,1
1,1,1,6,1,20,4,2,12,1,1,5,1,0,0,243,0,1
0,1,0,4,1,13,2,2,13,2,1,3,1,0,0,123,0,0
1,1,1,4,1,20,6,1,13,3,2,2,1,3,0,107,0,1
1,1,0,6,1,6,8,2,13,2,1,-1,1,2,0,-177,0,1
1,1,0,4,1,11,9,1,13,1,1,1,1,0,0,181,0,1
1,1,0,5,1,11,3,1,12,2,1,2,1,0,0,-82,0,1
1,1,1,5,1,8,5,1,13,1,1,2,1,0,10,42,0,1
1,1,1,6,1,6,4,2,12,1,1,2,1,0,0,102,0,1
1,1,1,6,1,4,2,2,12,2,1,3,1,0,0,-144,0,1
1,1,1,6,1,16,7,1,13,1,1,6,1,0,0,28,0,1
1,1,0,5,1,16,1,2,13,2,1,5,1,0,0,-76,0,1
1,1,0,6,1,13,4,2,13,2,1,0,1,0,0,-6,0,1
1,1,1,5,1,13,8,2,4,2,1,3,1,0,0,275,0,1
1,1,1,4,1,10,5,2,6,1,1,5,1,0,0,-102,0,1
0,2,1,6,1,1,4,1,12,3,1,2,1,0,0,25,0,1
1,1,0,5,1,16,8,1,13,2,1,2,1,0,0,117,0,1
1,1,0,6,1,13,3,1,13,3,1,3,1,3,0,162,0,1
1,1,0,7,1,0,5,1,12,2,1,5,1,0,2,21,0,1
1,2,0,5,1,13,5,2,12,1,1,6,1,0,0,-102,0,1
1,1,0,5,1,11,8,2,12,2,1,-1,1,3,0,148,0,1
1,1,0,4,1,13,1,1,12,1,1,5,1,1,0,-62,0,1
1,1,0,4,1,16,3,2,13,0,1,0,1,0,0,27,0,1
1,1,1,5,1,16,2,2,13,1,1,10,1,0,0,81,0,1
0,1,1,4,1,1,1,2,13,1,1,0,1,0,0,357,0,1
1,1,0,5,1,11,9,1,13,1,1,-5,1,0,0,-182,0,1
1,1,1,5,1,16,1,2,14,1,1,7,1,0,0,-35,0,1
1,1,1,5,2,20,8,2,13,2,1,4,1,0,0,301,0,0
1,1,0,5,1,10,1,2,13,2,1,0,1,0,7,-16,0,1
1,1,1,5,1,13,10,2,13,2,1,2,1,0,0,126,0,1
1,1,0,4,1,10,1,1,13,2,1,4,1,0,0,-115,0,1
0,1,1,4,1,1,6,2,2,1,1,4,1,3,0,169,1,1
0,1,0,4,1,8,3,2,12,1,1,2,1,0,0,198,0,1
1,1,1,4,1,4,10,2,13,1,1,4,1,0,0,-36,0,1
1,1,0,4,1,13,8,1,8,2,1,4,1,3,5,344,0,1
1,1,0,4,1,11,3,2,13,2,1,6,1,0,0,-326,0,1
1,1,1,6,1,4,3,1,12,2,1,3,1,0,0,-32,0,1
1,1,0,6,1,16,6,1,12,2,1,9,1,0,0,130,0,1
1,1,0,4,1,16,3,2,13,1,1,3,1,0,0,-192,0,1
1,1,0,4,1,14,12,2,12,2,1,2,1,0,7,6,0,1
1,2,1,5,1,13,1,2,13,3,1,6,1,0,0,149,0,1
1,1,0,5,1,20,5,2,13,2,1,1,1,0,0,89,0,1
1,1,0,4,1,0,10,2,13,1,1,-2,1,0,0,62,0,1
1,1,0,6,1,16,6,1,13,2,1,5,1,0,0,363,0,0
0,1,0,5,1,1,1,2,13,1,1,3,1,0,0,-18,0,1
1,1,1,4,1,13,7,1,13,2,1,-2,1,0,0,10,0,1
1,1,0,4,1,10,1,2,12,2,1,1,1,3,0,200,0,1
1,1,1,4,1,20,5,2,12,2,1,4,1,4,0,87,0,1
1,2,0,4,1,13,3,1,13,2,1,0,1,0,0,-97,0,1
1,1,0,4,1,3,5,1,6,2,1,1,1,3,7,484,0,1
1,1,0,4,1,1,10,2,12,1,1,5,1,0,0,-159,0,1
1,1,1,4,1,13,10,2,13,1,1,8,1,0,0,-62,0,1
0,1,1,5,1,20,1,1,12,2,1,2,1,0,0,359,0,1
1,2,0,5,1,13,12,2,2,1,1,1,1,0,0,181,0,1
1,1,1,5,1,13,12,1,12,2,1,1,1,0,0,155,0,1
1,1,1,4,1,16,4,2,12,2,1,4,1,0,0,73,0,0
1,1,0,4,1,0,8,1,12,2,1,4,1,0,0,-89,0,1
1,2,0,4,1,9,10,1,12,1,1,-2,1,0,0,-223,0,1
1,1,0,4,1,10,9,2,13,2,1,3,1,0,9,25,0,1
1,1,1,4,1,15,1,2,13,2,1,2,1,0,0,-9,0,1
1,1,1,5,1,13,5,1,13,2,2,5,1,0,0,-53,0,1
1,1,1,5,1,13,9,2,8,0,1,6,1,0,0,251,0,1
1,1,0,4,1,13,7,1,14,3,1,4,1,0,0,73,0,1
1,2,0,6,1,2,8,1,12,2,1,5,1,0,0,-146,0,1
1,1,1,4,1,13,11,1,12,2,1,1,1,0,0,252,0,1
1,2,1,6,1,14,3,1,13,3,1,3,1,0,0,15,0,1
1,1,0,4,2,4,2,2,12,1,1,4,1,0,0,13,0,1
0,2,1,4,1,13,9,1,13,1,2,2,1,0,0,225,0,1
1,1,0,4,1,13,3,1,13,1,1,2,1,0,0,16,0,1
1,1,1,5,1,14,9,1,13,2,1,-1,1,0,0,-161,0,1
1,1,0,4,1,13,6,2,13,2,1,2,1,0,0,-63,0,1
1,2,1,4,1,16,3,2,13,1,1,0,1,0,0,-147,0,1
1,1,0,6,1,16,12,1,12,2,1,5,1,0,0,-126,0,1
1,1,1,4,1,11,7,2,13,2,3,-1,1,0,0,41,0,1
0,1,1,5,1,16,7,1,7,2,1,3,1,0,0,193,0,1
1,1,0,4,1,13,11,2,13,1,1,3,1,2,0,-29,0,1
1,1,1,6,2,4,5,2,10,1,1,1,1,0,0,35,0,1
1,1,1,4,1,11,12,1,12,2,1,4,1,0,0,-82,0,1
1,1,0,4,1,14,10,1,12,2,1,4,1,0,0,68,0,1
1,1,0,4,1,13,8,1,13,2,1,1,1,0,0,92,0,1
1,2,0,4,1,13,9,2,12,2,1,1,1,0,0,53,0,1
1,1,0,4,1,13,6,1,12,2,1,3,1,0,0,-70,0,1
1,1,0,4,1,14,4,2,13,2,1,0,1,3,0,83,0,1
1,1,1,4,1,10,4,2,13,2,1,5,1,0,0,31,0,1
1,2,0,6,1,13,10,2,13,1,1,2,1,0,0,-90,0,1
1,1,0,5,1,14,8,1,13,1,1,-1,1,0,0,-28,1,1
1,1,0,4,1,4,2,1,12,1,1,2,1,0,0,-43,0,1
1,1,1,5,1,10,9,2,13,2,1,1,1,0,0,-123,0,1
1,1,1,5,1,1,9,2,13,1,1,0,1,0,0,174,0,1
1,1,0,4,1,10,8,1,13,2,1,-4,1,0,0,170,0,1
1,1,0,4,1,11,12,2,12,1,1,1,1,0,0,-78,0,1
1,1,1,5,1,13,7,2,13,1,1,2,1,3,0,192,3,1
1,1,0,4,1,11,4,1,13,2,1,-1,1,0,0,224,0,1
1,1,0,4,1,13,12,1,7,2,1,2,1,0,0,250,0,0
1,1,1,5,1,4,3,1,7,1,1,3,1,0,0,12,0,1
1,1,0,6,1,16,10,1,13,1,1,-1,1,0,0,-66,0,1
0,1,0,5,1,1,10,1,13,2,1,4,1,0,0,-87,0,1
1,1,0,4,1,0,5,2,13,2,1,0,1,0,10,149,0,1
0,1,1,7,1,4,4,1,13,2,1,-3,1,0,0,47,0,1
1,1,0,5,1,13,3,2,13,2,1,-1,1,0,0,1,1,1
1,1,1,5,1,10,9,2,12,1,1,5,1,0,0,-112,0,1
0,1,0,4,1,16,11,2,4,2,1,3,1,0,0,26,0,1
1,1,1,4,1,13,7,2,13,1,1,0,1,0,0,-95,0,1
1,1,0,4,1,14,5,2,13,3,1,5,1,0,7,105,0,1
0,1,0,4,1,4,12,2,13,1,1,-3,1,0,0,-198,0,1
0,1,0,5,1,10,4,2,8,2,1,0,1,0,0,154,0,1
1,1,0,5,1,4,9,1,13,2,1,-2,1,0,0,-171,0,1
0,1,0,4,1,16,2,1,13,2,1,9,0,0,0,-23,0,1
1,1,0,4,1,4,9,2,13,1,1,4,1,0,0,-58,0,1
1,1,1,5,1,16,1,2,13,2,1,3,1,0,0,-67,0,1
1,1,0,4,1,13,9,2,12,3,2,0,1,0,0,66,0,1
1,1,0,4,1,13,12,1,7,2,1,2,1,3,0,218,0,1
1,1,0,5,1,10,10,2,7,1,1,2,1,0,0,-50,0,0
1,1,0,4,1,14,5,2,12,1,1,2,1,3,0,222,0,1
1,1,0,4,1,20,12,1,12,1,1,2,1,0,0,61,0,1
1,1,1,5,1,13,1,2,12,2,1,7,1,0,0,60,0,1
1,1,0,4,1,11,5,2,1,1,1,1,1,3,0,93,0,1
1,1,0,4,1,16,10,1,13,2,1,5,1,0,0,-38,0,1
1,1,1,6,1,13,1,2,13,1,1,4,1,3,7,348,0,1
1,1,1,4,1,4,12,1,7,1,1,7,1,0,0,48,0,1
1,1,0,5,1,4,2,2,12,2,1,7,1,0,0,13,0,1
1,1,1,1,1,16,4,1,13,1,1,2,1,0,0,151,1,1
1,1,1,4,1,4,11,1,12,2,2,-2,1,3,0,223,0,1
1,1,0,4,1,10,4,2,13,2,1,2,1,0,0,-50,0,1
1,1,1,4,1,13,6,1,13,1,1,3,1,0,0,209,0,1
1,1,0,5,1,13,9,2,13,1,1,6,1,0,0,58,0,1
1,1,0,4,1,10,2,1,13,1,1,0,1,0,0,158,0,1
1,1,0,6,1,2,11,2,12,2,1,2,1,0,0,4,0,1
0,1,0,4,1,16,8,1,13,3,1,2,1,0,0,65,0,1
1,1,0,4,1,16,2,2,12,1,1,6,1,0,0,-48,1,1
1,1,0,4,1,0,8,2,13,3,1,-2,1,0,0,125,0,1
1,1,0,6,1,0,9,1,13,2,1,2,1,0,0,-124,0,1
1,1,1,4,1,16,5,2,12,1,1,2,1,0,0,-28,0,1
1,1,1,5,1,20,10,1,12,2,1,4,1,0,0,171,0,1
1,1,1,5,1,14,6,1,12,2,1,4,1,0,0,-84,0,1
1,1,1,4,1,14,10,2,13,2,1,1,1,0,0,153,0,1
0,1,0,5,1,16,7,1,13,2,1,0,1,0,0,28,0,1
1,1,0,4,1,13,1,2,12,2,1,4,1,0,0,154,0,1
1,1,1,6,1,13,2,1,13,2,1,3,1,0,0,-134,0,1
0,1,1,5,1,0,1,2,13,1,1,0,1,0,0,121,0,1
1,1,1,5,1,0,10,2,13,1,1,2,1,0,0,51,0,1
1,1,0,5,1,4,4,1,13,1,1,4,1,0,0,-53,0,1
1,1,0,3,1,20,9,2,12,2,1,2,1,0,0,11,0,1
1,1,0,5,1,6,6,1,12,1,1,4,1,0,0,175,0,1
1,1,0,4,1,16,3,1,13,1,1,0,1,0,0,35,0,1
1,1,0,4,1,4,5,1,13,2,1,2,1,0,0,222,0,1
1,1,1,4,1,0,11,2,13,3,1,5,1,0,0,-84,0,1
1,1,0,5,1,0,12,2,13,1,1,4,1,0,0,361,0,1
1,1,1,4,1,4,10,2,13,1,1,1,1,0,0,-293,0,1
1,1,1,5,1,13,2,2,7,1,1,6,1,3,0,382,0,1
1,1,0,4,1,13,7,2,13,2,1,0,1,0,0,-173,0,1
1,1,0,5,1,11,1,1,13,2,1,4,1,0,0,105,0,1
1,1,1,4,1,13,4,2,7,1,1,1,1,0,0,220,0,1
1,1,0,5,1,4,12,1,10,1,1,3,1,3,7,426,0,1
0,1,0,4,1,1,9,1,12,2,1,3,1,0,0,-20,0,1
1,1,1,4,1,20,6,1,13,1,1,7,1,0,0,-136,0,1
1,1,0,4,1,4,5,2,12,1,1,2,1,0,0,-34,0,1
0,2,0,5,1,11,3,1,13,1,1,2,1,0,0,-81,0,1
0,1,0,5,1,16,11,1,13,1,0,6,1,0,6,110,0,1
1,1,0,4,1,13,1,1,13,2,1,1,1,0,0,55,0,1
1,1,0,4,1,14,1,1,12,2,1,-1,1,0,0,131,0,1
1,1,1,7,1,15,1,2,2,2,1,2,1,3,0,476,0,1
1,1,1,6,1,11,9,2,13,1,1,2,1,0,0,-19,0,1
1,1,0,5,1,13,7,1,13,1,1,-1,1,0,0,-214,0,1
1,1,0,4,1,10,3,1,13,2,1,2,1,0,0,94,0,1
0,1,0,4,1,4,8,2,13,1,1,4,1,0,0,75,0,0
1,1,1,5,1,13,3,1,13,2,1,1,1,0,0,-12,0,1
1,1,0,4,1,16,7,2,5,2,1,4,1,0,0,-77,0,1
1,1,0,4,1,14,10,1,12,1,1,3,1,0,0,12,0,1
1,1,1,4,1,13,1,2,12,1,1,9,1,0,0,-4,0,1
1,1,0,5,1,13,5,1,13,2,1,2,1,0,0,-93,0,1
0,1,0,5,1,20,3,1,12,1,1,2,1,0,0,-206,0,1
1,2,0,5,1,17,10,2,12,1,1,3,1,0,0,236,0,1
1,1,0,4,1,1,7,1,13,2,1,0,1,0,0,-248,0,1
1,1,0,5,1,5,2,2,13,2,1,6,1,0,0,22,0,1
1,1,0,5,1,13,3,2,13,2,1,1,1,0,0,-71,0,1
1,1,1,4,1,10,1,1,13,2,1,2,1,3,7,535,3,1
1,1,0,5,1,14,1,2,12,1,1,1,1,0,0,2,0,1
1,1,1,4,1,20,9,1,1,1,1,5,1,3,7,143,0,0
1,1,1,6,1,12,2,1,13,2,3,1,1,0,0,42,0,1
1,1,1,5,1,1,4,1,13,1,1,-1,1,3,2,400,0,1
1,1,1,4,1,4,6,2,13,2,1,1,1,0,0,-138,0,1
1,1,1,5,1,14,3,1,13,2,1,1,1,0,0,100,0,1
1,2,0,5,1,11,3,1,13,2,1,-2,1,0,0,44,0,1
1,2,0,4,1,13,10,1,13,2,1,3,1,0,0,-50,0,1
1,1,0,4,1,11,12,1,13,1,1,1,1,0,0,53,0,1
1,1,0,5,1,10,2,1,14,2,1,-2,1,0,0,59,2,1
1,1,1,5,1,20,1,1,13,1,1,0,1,0,0,94,1,1
0,1,1,5,1,13,2,1,7,2,1,4,1,0,0,110,0,1
1,1,0,5,1,13,7,1,13,2,1,-3,1,3,7,-51,0,1
1,1,1,4,1,1,7,2,13,2,1,1,1,0,0,-11,0,1
1,2,0,5,1,14,4,1,12,2,1,4,0,0,0,29,0,1
1,1,0,4,1,16,2,2,13,2,1,2,1,0,0,-152,0,1
1,1,1,4,1,16,5,2,13,1,1,7,1,0,0,-13,0,1
1,1,0,4,1,13,3,2,12,2,1,0,1,0,0,-65,0,1
1,1,1,5,1,1,3,1,13,2,1,3,1,3,0,47,0,1
1,1,0,4,1,1,1,2,12,2,1,3,1,0,0,65,0,1
1,1,0,6,1,1,9,1,12,2,1,3,1,0,0,-118,0,1
1,2,0,6,1,16,8,2,13,2,1,4,1,0,0,56,0,1
1,1,1,5,1,13,8,2,12,1,1,4,1,0,0,-34,0,1
1,1,0,5,1,16,1,1,13,2,1,4,1,0,0,115,0,1
1,1,0,4,1,0,1,1,0,2,1,2,1,0,0,236,0,1
0,1,1,6,1,13,4,2,13,1,1,-1,0,3,0,189,0,1
1,1,0,5,1,14,6,1,12,1,1,6,1,0,0,222,0,1
1,1,1,5,1,16,2,1,9,2,1,0,1,0,0,46,0,1
1,1,0,5,1,13,5,2,12,1,1,5,1,0,0,-179,0,1
1,1,0,4,1,11,12,1,7,1,1,0,1,0,7,95,0,1
1,2,1,5,1,16,2,1,12,1,1,5,1,0,0,-44,0,1
1,1,0,4,1,0,10,1,13,2,1,0,1,0,0,27,0,1
1,1,1,6,1,22,10,1,12,2,1,-2,1,0,0,-28,0,1
1,1,0,5,1,11,2,1,7,2,1,-1,1,0,0,1,0,1
1,1,0,4,1,4,7,1,13,2,1,-1,1,0,0,-202,0,1
1,1,0,5,1,10,5,2,13,1,1,3,1,0,0,-65,0,1
0,1,0,4,1,0,7,1,12,2,1,3,1,0,0,-108,0,1
1,1,1,4,2,13,5,2,12,2,1,6,1,0,0,55,0,0
1,1,0,4,1,14,4,1,13,2,1,3,1,3,0,277,0,1
1,1,1,4,1,13,3,2,13,1,1,3,1,0,0,170,0,1
1,1,0,4,1,13,10,2,13,1,1,5,1,0,0,-124,0,1
1,1,0,4,1,2,8,2,12,2,1,-1,1,0,0,84,0,1
1,2,0,4,1,20,3,1,13,3,1,1,1,0,7,113,0,1
1,1,1,4,1,13,7,2,13,2,1,2,1,0,0,-50,0,0
1,1,0,4,1,13,3,2,12,1,1,5,1,0,0,-46,0,1
1,1,0,4,1,13,10,2,13,1,2,0,1,0,0,-123,0,1
1,1,1,4,1,4,4,2,13,2,1,0,1,0,0,12,0,1
1,1,1,4,1,13,9,2,14,1,1,5,1,0,10,233,3,1
1,1,1,5,1,14,10,2,12,2,1,6,1,0,0,-183,0,0
1,1,0,5,1,11,7,2,13,3,1,2,1,0,0,-19,0,1
1,1,0,5,1,4,3,2,13,2,1,1,1,0,0,-61,0,1
1,1,0,4,1,10,3,1,13,1,1,-3,1,0,0,15,0,1
1,2,0,4,1,16,10,2,12,2,1,-1,1,0,0,-52,0,1
0,1,0,5,1,10,6,2,13,2,1,3,1,0,0,139,0,1
1,1,0,4,1,13,2,2,12,1,1,3,1,0,0,-83,0,1
1,1,0,4,1,1,8,2,13,1,1,0,1,0,0,-55,0,1
1,1,0,5,1,10,8,1,13,2,3,1,1,3,0,265,0,1
1,1,0,4,1,13,7,2,12,2,1,2,1,0,0,-56,0,1
1,1,1,6,1,4,12,1,7,1,1,-2,1,0,0,119,0,1
0,1,1,4,1,13,12,1,12,1,1,2,0,3,5,392,0,1
1,1,1,4,1,22,8,1,13,2,1,0,1,0,0,42,0,1
0,1,1,4,1,13,3,2,12,2,1,3,1,0,0,166,0,1
1,1,0,5,1,13,8,1,13,2,1,4,1,0,0,304,0,1
1,1,0,4,1,11,5,2,13,1,1,-1,1,0,0,-173,0,1
1,1,0,4,1,14,2,2,12,1,1,1,1,0,0,-25,0,1
1,1,0,4,1,4,4,2,12,1,1,0,1,0,0,200,0,0
1,1,0,7,1,4,3,2,12,1,1,2,1,0,0,-44,0,1
1,1,1,4,1,16,9,2,12,1,1,3,1,0,0,-134,0,1
1,1,0,4,1,11,1,2,7,1,1,0,1,1,7,292,0,1
1,1,1,4,1,1,9,2,13,2,1,4,1,0,0,35,0,1
1,2,0,4,1,11,9,2,12,1,1,-1,1,0,0,40,1,1
1,1,1,5,1,16,5,1,13,2,1,7,1,0,8,57,0,0
1,1,1,4,1,11,12,2,13,1,1,-1,1,0,0,-18,0,1
1,1,1,4,1,11,2,1,12,2,1,3,1,0,0,155,0,0
1,1,0,5,1,13,9,1,13,3,1,4,1,0,3,161,0,1
1,2,1,5,1,13,11,1,13,1,1,1,1,0,0,61,0,1
1,1,0,4,1,7,9,2,12,2,1,5,1,0,0,-128,0,1
1,1,0,6,1,16,9,2,13,1,1,-1,1,0,0,-183,0,1
1,1,1,4,1,10,12,2,13,2,1,0,1,0,10,214,0,1
0,1,1,5,1,13,3,2,5,1,1,4,1,0,0,9,0,1
1,1,0,4,2,13,2,1,13,1,1,0,1,0,0,65,0,1
1,1,0,4,1,14,7,1,13,2,1,-1,1,0,0,71,0,1
1,1,1,5,1,14,7,2,12,2,1,3,0,0,0,83,0,1
1,1,0,6,1,0,9,1,13,3,1,-3,1,0,0,-282,0,1
1,1,1,4,1,13,5,2,13,1,1,6,1,0,0,6,0,1
1,1,0,4,1,13,6,2,13,2,1,6,1,0,0,-16,0,1
1,1,1,4,1,13,2,2,13,1,1,0,1,0,0,-33,0,1
1,1,0,4,1,11,5,2,13,2,1,1,1,0,0,-12,0,1
1,2,0,5,1,13,6,2,12,2,2,6,1,0,0,120,0,1
0,1,0,4,1,1,8,1,12,3,1,6,0,3,0,221,0,1
0,1,0,4,1,11,11,2,7,1,1,-2,1,0,0,110,0,1
1,1,0,4,1,11,7,1,13,2,1,1,1,0,0,-205,0,1
1,1,0,4,1,19,10,1,13,2,1,0,1,0,0,-65,0,1
1,1,0,4,1,16,1,2,12,1,1,2,1,0,0,45,0,1
1,1,1,6,1,13,7,1,13,2,1,1,1,0,0,-106,0,1
1,1,1,5,1,4,2,2,12,1,1,6,1,0,0,-96,0,1
1,1,0,4,1,4,3,2,12,1,1,8,1,0,0,69,0,1
1,1,0,4,1,14,6,1,13,3,1,3,1,2,0,-140,0,1
1,1,1,4,1,13,1,2,13,2,1,5,1,0,0,158,0,1
1,1,0,5,1,1,1,2,13,2,1,3,1,0,0,129,0,1
1,1,0,6,1,10,7,1,12,2,1,4,1,0,0,74,0,1
1,1,1,3,1,11,8,2,13,2,1,3,1,0,7,240,0,1
1,1,0,4,1,16,3,2,12,2,1,-2,1,0,0,66,0,1
1,1,1,5,1,13,1,2,12,1,1,5,1,0,0,67,0,1
1,1,0,4,1,3,9,1,12,1,1,-1,1,0,0,-116,0,1
1,1,0,5,1,22,8,2,12,2,1,1,1,0,0,261,0,0
1,1,0,5,1,1,5,2,12,1,1,2,1,0,0,99,0,1
1,1,0,4,1,14,5,2,13,0,1,1,1,0,0,-3,0,1
1,1,0,4,1,11,2,2,9,2,1,-2,1,3,0,246,0,1
1,1,0,4,1,0,12,1,12,3,1,1,1,0,0,-104,0,1
1,1,1,5,1,16,2,1,12,2,1,6,0,3,0,288,0,1
1,1,0,4,1,13,6,1,12,1,1,5,1,0,0,154,0,1
1,1,1,4,1,4,4,1,13,1,1,1,1,2,0,88,0,1
0,1,0,5,1,16,10,1,12,2,1,2,1,3,7,261,0,1
1,1,1,4,1,20,10,2,12,2,1,5,1,0,0,6,0,1
1,1,0,6,1,10,10,2,13,2,1,2,1,0,0,-154,0,1
1,1,0,4,1,0,9,2,13,2,1,0,1,0,0,-71,0,1
1,1,1,5,1,13,1,2,12,2,2,5,1,0,0,164,0,1
1,1,0,4,1,0,1,1,13,1,1,3,1,3,0,163,0,1
1,1,0,5,1,16,11,1,12,2,1,6,1,0,0,202,0,1
1,1,0,5,1,10,3,2,10,2,1,3,1,0,0,-72,0,1
1,1,0,4,1,4,2,2,8,1,1,2,1,0,0,239,0,1
1,2,0,5,1,13,2,2,12,2,1,1,1,0,0,111,0,1
1,1,0,4,1,13,6,1,13,3,1,3,1,0,0,-169,0,1
1,1,1,4,1,14,1,2,12,2,1,9,1,0,0,300,0,1
1,1,0,5,1,10,8,2,12,3,1,9,1,3,0,274,0,1
1,1,1,1,1,13,8,1,12,2,1,6,1,0,0,297,0,1
1,2,1,4,1,1,5,1,13,2,1,7,1,0,0,-103,0,1
1,1,1,5,1,4,10,2,13,1,1,3,1,0,0,2,0,1
0,1,1,4,1,10,7,2,12,1,1,1,1,0,0,222,0,1
1,1,0,5,1,16,7,1,13,2,1,2,1,0,0,50,0,1
1,2,1,5,1,10,6,1,13,2,1,2,1,3,0,228,0,1
1,1,0,4,1,10,10,2,12,1,1,2,1,3,0,184,0,1
1,1,0,5,1,14,11,1,13,1,1,3,1,0,0,169,1,1
1,1,0,5,1,0,9,1,13,3,1,2,1,0,7,3,0,1
1,1,0,6,1,1,7,2,8,1,1,4,1,0,0,18,0,1
1,1,0,4,1,14,9,1,13,1,1,2,1,0,0,-2,0,1
1,1,1,5,1,20,2,2,13,1,1,-1,1,0,0,235,0,1
1,1,0,5,1,4,12,2,13,1,1,4,1,0,0,14,0,1
1,1,1,5,1,13,11,1,13,2,1,4,1,0,10,172,0,0
1,1,1,6,1,13,10,1,8,2,1,5,1,0,0,24,0,1
1,1,1,6,1,14,4,2,13,2,1,-2,1,0,0,-99,0,1
1,1,0,4,1,14,11,1,12,2,1,6,1,0,0,-61,0,0
1,1,1,5,1,4,3,2,13,1,1,3,1,0,0,-9,0,1
1,1,0,5,1,1,1,2,12,1,1,1,1,0,0,110,0,1
1,1,0,6,1,20,1,1,13,2,1,5,1,0,0,165,0,1
1,1,0,5,1,0,9,1,12,1,1,6,1,0,0,-158,0,1
0,1,1,4,1,13,3,2,13,2,1,2,1,3,0,181,0,1
1,1,0,5,1,13,6,1,13,1,1,2,1,0,0,-47,0,1
1,1,0,5,1,16,1,2,0,2,1,-1,1,3,0,192,0,1
0,1,0,4,1,11,10,1,13,1,1,0,1,0,0,-118,0,1
0,1,0,5,1,16,8,1,12,1,1,4,1,0,0,-165,0,1
1,1,0,4,1,13,8,1,13,2,1,-1,1,3,0,129,0,1
1,1,0,4,1,13,9,2,13,0,1,2,1,0,0,-2,0,1
1,1,1,4,1,13,11,2,10,2,1,3,1,0,0,258,3,1
1,2,1,4,1,0,9,2,7,1,1,1,1,0,0,-124,0,1
1,1,1,5,1,0,2,2,13,1,1,0,1,0,0,-43,0,1
1,2,0,6,1,4,5,2,13,2,1,1,1,3,0,261,1,1
1,1,1,5,1,11,10,2,10,0,1,7,1,0,0,41,0,1
1,1,0,5,1,10,9,1,7,1,1,1,1,0,0,-33,0,1
1,1,0,5,1,11,9,1,7,2,1,0,1,0,0,73,0,1
1,1,0,4,1,16,5,2,12,1,1,6,1,3,0,70,0,1
1,1,1,4,1,13,6,1,8,2,1,4,1,3,0,323,3,0
1,1,0,4,1,11,7,2,13,2,2,1,1,0,0,241,0,1
0,1,1,4,1,16,2,1,10,1,1,4,1,0,0,326,1,1
1,1,0,5,1,16,7,2,7,2,1,4,1,3,0,83,0,1
1,1,0,5,1,13,3,1,13,1,3,0,1,0,0,144,0,1
1,1,0,1,1,13,2,2,9,2,1,5,1,3,0,522,0,1
1,1,1,4,1,13,7,1,12,2,1,3,1,0,0,-17,0,1
1,2,1,4,1,11,5,2,7,1,1,1,1,4,0,35,0,1
1,1,0,4,1,20,7,1,12,1,1,-1,1,0,7,106,0,1
1,1,0,5,1,16,3,2,13,2,1,2,1,0,0,-275,0,1
1,2,1,4,1,10,8,2,12,1,1,5,1,0,3,28,0,1
1,1,0,4,1,20,11,2,13,1,1,2,1,0,0,135,0,1
1,1,1,5,1,13,5,2,7,1,1,3,1,0,0,133,3,1
1,1,0,4,1,14,12,1,12,2,1,5,1,0,0,-152,0,1
1,2,0,4,1,16,3,1,9,1,1,-1,1,0,0,30,2,1
1,1,0,4,1,0,1,2,13,1,1,1,1,0,7,226,0,1
0,1,0,5,1,1,4,2,13,1,1,1,1,1,0,124,0,1
1,1,1,5,1,10,7,1,13,2,1,1,1,0,7,207,0,1
1,2,0,4,1,13,3,2,12,2,1,4,1,0,0,-59,0,0
0,2,1,4,1,11,7,1,12,2,3,5,1,0,0,-10,0,1
1,1,0,4,1,16,12,1,13,2,1,2,1,0,0,-87,0,1
1,1,0,4,1,14,9,1,13,2,2,3,1,0,0,44,0,1
1,1,0,4,1,3,10,2,13,2,1,2,1,0,0,-60,0,1
1,1,0,5,1,11,12,2,12,1,1,6,1,0,0,-236,0,1
1,1,0,4,1,16,2,1,13,1,1,2,1,0,0,173,0,1
1,1,1,4,1,3,4,1,13,1,1,2,1,0,0,201,0,1
1,2,0,2,1,1,2,2,12,2,1,0,1,0,0,204,0,1
1,1,1,7,1,4,5,2,13,1,1,-2,1,0,7,305,0,1
0,1,0,4,1,14,4,1,13,0,1,0,1,0,0,-9,0,1
1,1,0,5,1,11,6,2,13,1,1,-2,1,0,0,36,0,1
1,1,0,5,1,11,7,1,13,2,2,3,1,2,0,138,0,1
1,1,1,5,1,20,12,1,12,1,1,7,1,0,0,-125,0,1
1,1,1,6,1,4,9,2,13,2,1,1,1,0,0,37,0,1
1,1,0,4,1,11,6,1,13,2,1,2,1,0,0,124,0,1
1,1,0,5,1,1,2,2,12,2,1,4,1,0,0,13,0,1
0,1,1,4,1,16,11,2,12,3,1,9,1,0,0,-17,0,1
1,1,0,5,1,11,4,1,13,1,1,0,1,3,0,290,0,1
1,1,1,4,1,13,12,1,13,2,1,0,1,0,0,176,0,1
1,1,1,4,1,20,1,1,13,2,1,4,1,3,0,315,0,1
1,1,1,4,1,14,5,1,12,3,1,0,1,0,0,234,0,1
1,1,1,6,1,14,8,2,13,1,1,1,1,0,0,-118,0,1
1,1,0,5,1,16,8,1,8,2,2,3,1,0,0,57,0,1
1,1,1,4,1,0,5,2,13,2,1,2,1,3,0,129,0,1
1,1,0,5,1,16,9,2,12,1,1,1,1,0,0,264,0,1
1,1,0,6,1,4,3,2,10,1,1,2,1,0,0,124,0,1
1,1,0,5,1,16,5,2,13,1,1,3,1,0,0,-173,0,1
1,1,0,4,1,1,8,1,13,2,1,3,1,0,10,143,0,1
1,1,0,4,1,13,11,2,12,1,1,1,1,0,0,94,0,1
0,1,0,4,1,20,12,1,13,1,1,4,1,0,0,210,0,1
1,1,0,4,1,1,3,1,12,1,1,1,1,0,0,-196,0,1
0,1,1,4,1,16,3,2,12,2,3,4,1,0,0,41,0,1
1,1,0,4,1,1,10,2,13,2,1,-1,1,0,0,-210,0,1
1,1,0,5,1,13,10,2,13,2,1,4,1,0,0,-45,0,1
1,1,0,5,1,21,1,1,13,2,1,1,1,2,0,-8,0,1
0,1,0,4,1,16,10,1,12,2,1,2,1,0,0,90,0,1
1,1,0,4,1,13,10,2,13,1,1,6,1,0,0,-227,0,1
1,1,1,6,1,4,1,2,13,2,1,5,1,0,0,94,0,1
1,2,0,4,1,13,1,1,12,1,1,2,1,0,0,-132,0,1
0,1,0,5,1,13,3,1,12,1,1,5,1,4,9,273,0,1
1,2,1,4,1,11,7,2,12,2,1,2,1,0,0,-25,0,1
1,1,0,4,1,13,2,1,13,2,1,4,1,0,7,98,0,1
1,1,0,5,1,14,6,1,13,3,1,-1,1,0,0,243,0,1
1,1,0,4,1,10,9,1,13,1,1,-8,1,0,0,-61,0,1
1,1,1,4,1,10,1,1,7,1,1,-1,1,0,0,376,0,1
0,1,1,4,1,21,5,2,0,1,1,2,1,3,0,153,0,1
1,1,0,4,1,13,8,1,12,1,1,6,1,0,0,-166,0,1
1,1,0,4,1,11,7,1,13,1,1,0,1,0,0,28,0,1
1,1,1,5,1,13,11,1,13,1,1,-1,1,0,0,2,0,1
0,1,0,5,1,16,10,1,13,1,1,0,1,0,0,86,0,1
1,1,0,4,1,13,10,2,13,2,1,2,1,0,0,93,0,1
1,1,1,5,1,11,5,1,12,1,1,1,1,0,0,-94,0,1
1,1,0,4,1,16,5,2,13,1,1,3,1,0,0,-143,0,1
1,2,1,6,1,20,11,2,7,1,2,4,1,0,0,146,0,1
0,1,0,5,1,21,6,2,12,1,1,2,1,0,0,260,0,1
1,1,0,4,1,14,11,1,12,2,1,-2,1,0,0,202,0,0
1,1,0,5,1,13,7,2,2,1,1,3,1,0,0,-100,0,1
1,1,0,5,1,14,2,1,9,2,1,2,1,2,0,19,0,1
1,1,1,4,1,1,10,2,12,1,1,3,1,0,0,-42,0,1
1,2,0,4,1,13,1,1,12,2,1,6,1,0,0,-139,0,1
1,1,0,5,1,13,9,1,13,2,2,2,1,0,0,223,0,1
1,1,0,5,1,13,7,2,12,2,1,1,1,0,0,53,0,1
1,1,0,6,1,1,1,1,13,2,2,0,1,3,7,314,0,1
1,1,0,4,1,1,9,1,12,2,1,4,1,0,0,-235,0,1
0,1,0,4,1,1,4,2,12,2,1,4,1,0,0,-29,0,1
1,1,0,4,1,16,8,2,13,3,2,2,1,0,0,38,0,1
1,1,0,5,1,11,11,2,11,2,1,1,1,3,0,21,0,1
1,1,1,4,1,13,5,1,13,1,1,2,1,0,0,190,0,0
1,1,1,4,1,13,3,1,12,2,1,4,1,0,0,25,0,1
1,1,0,5,1,13,2,1,13,2,1,1,1,3,0,331,0,1
1,1,0,4,1,20,9,2,13,2,1,-1,1,0,7,20,0,1
1,1,0,5,1,10,8,2,11,2,1,2,1,0,0,46,0,1
1,1,0,4,1,16,9,2,13,2,1,1,1,0,0,-13,0,1
1,1,0,4,1,11,2,2,13,2,1,-2,1,0,0,88,0,1
1,1,0,6,1,13,9,1,12,2,1,-1,1,0,0,59,0,1
1,1,1,4,1,20,5,2,7,1,1,1,1,0,0,-4,0,1
1,2,0,5,1,13,2,1,12,1,1,2,1,0,0,15,0,1
1,2,0,5,1,14,6,1,12,2,1,4,1,0,0,19,0,1
1,2,0,5,1,0,8,2,13,2,1,2,1,0,0,103,0,1
1,1,1,5,1,20,11,2,2,1,1,7,1,3,0,284,0,1
1,1,0,4,1,16,7,1,5,2,1,3,1,0,0,6,0,1
1,2,0,4,1,18,7,2,12,2,1,3,1,0,0,-30,0,1
1,1,0,4,1,11,5,1,12,2,1,2,1,0,0,103,0,1
1,1,1,7,1,4,10,1,13,2,1,2,1,0,0,30,0,1
0,1,1,4,1,13,1,1,7,1,1,2,1,3,0,280,0,1
1,1,0,4,1,14,1,2,13,2,1,2,1,0,0,2,0,1
1,2,0,4,1,4,7,2,13,2,1,5,1,0,0,-61,0,1
1,2,1,5,1,11,9,1,7,1,1,0,1,0,0,-32,0,1
1,2,1,4,1,16,2,1,2,1,1,3,1,0,0,105,2,1
1,1,1,4,1,20,3,2,13,1,1,8,1,3,7,6,0,1
1,1,0,4,1,16,2,1,12,1,1,-1,1,3,7,492,0,1
1,1,0,4,1,16,8,2,12,1,1,4,1,0,11,-5,0,1
1,2,1,4,1,10,10,1,12,2,1,2,1,0,0,-363,0,0
1,1,0,5,1,20,10,1,13,2,1,0,1,0,0,120,0,1
1,1,0,5,1,20,8,2,12,1,1,3,1,0,0,-19,1,1
1,1,1,6,1,16,1,1,13,3,1,0,1,0,0,133,0,1
0,2,0,6,1,16,12,1,12,2,4,4,1,0,0,26,0,1
1,1,0,5,1,13,2,2,13,1,1,-1,1,0,0,-10,0,1
1,2,0,4,1,13,4,2,13,1,1,1,1,0,0,102,0,1
0,1,1,5,1,16,1,1,13,1,1,4,1,0,0,37,0,1
1,1,0,5,1,12,1,1,13,2,1,1,1,0,0,346,0,1
0,1,1,5,1,16,6,1,13,2,1,4,1,0,0,-72,0,1
1,1,1,4,1,9,5,2,13,1,1,3,1,0,0,40,0,1
1,1,0,4,1,1,2,1,12,2,1,3,1,0,0,257,0,1
1,1,1,4,1,13,5,1,12,1,1,6,1,0,0,179,0,1
1,1,0,4,1,14,5,1,13,1,1,-1,1,0,0,-41,0,1
1,1,0,6,1,13,3,2,7,1,1,1,1,0,0,72,0,0
1,2,1,6,1,14,11,2,13,2,1,0,1,0,0,49,0,1
1,1,0,5,1,4,8,1,13,2,1,7,1,0,0,42,0,1
1,2,0,4,1,14,2,1,10,1,1,2,1,0,0,279,0,1
1,1,1,5,1,13,5,1,12,1,1,2,1,0,0,141,0,1
0,1,0,4,1,9,5,1,12,3,1,3,1,0,0,57,0,1
1,2,0,4,1,13,3,2,13,1,1,3,1,0,0,-11,0,1
1,1,0,6,1,16,7,1,7,2,2,2,1,0,0,101,0,1
1,1,0,4,1,14,5,1,13,3,1,0,1,0,0,165,0,1
1,1,0,4,1,14,5,2,13,1,1,4,1,0,0,83,0,0
1,1,0,4,1,13,6,2,12,2,1,5,1,0,0,94,0,1
1,1,0,5,1,16,8,1,13,1,2,5,1,0,0,108,0,1
1,1,0,4,1,4,8,2,13,3,1,0,1,0,0,44,0,1
1,1,0,5,1,13,5,1,10,2,1,2,1,0,0,51,0,1
1,2,0,4,1,13,1,2,12,2,1,4,1,0,0,-12,0,1
0,1,1,6,1,0,12,2,12,2,1,2,1,0,0,9,0,1
0,1,1,4,1,0,9,1,12,2,1,1,1,0,0,-9,0,1
1,1,0,4,1,10,2,2,13,2,1,3,1,0,0,139,0,1
1,1,0,4,1,10,3,1,13,2,1,-1,1,0,7,-8,0,1
1,2,1,4,1,14,5,2,13,1,1,6,1,3,0,142,0,1
0,2,1,4,1,13,9,2,5,2,1,0,1,0,0,165,0,1
1,1,1,4,1,14,9,1,13,1,1,0,1,0,0,-21,0,1
1,2,0,4,1,2,12,1,4,3,1,1,1,3,0,249,0,1
1,1,0,4,1,10,9,1,12,2,1,6,1,0,0,-75,0,1
1,1,0,5,1,16,1,1,7,1,1,8,1,3,0,275,0,1
1,1,1,4,1,13,10,2,13,2,1,-1,1,0,3,27,0,1
1,1,1,5,1,15,8,2,12,2,1,6,1,0,0,-51,0,1
1,1,1,6,1,5,1,1,12,2,2,6,1,0,0,112,0,1
0,1,0,5,1,4,3,2,13,1,1,1,1,0,0,-319,0,1
1,1,1,6,1,13,4,1,13,3,1,4,1,3,0,154,0,1
1,1,1,5,1,11,3,1,12,1,1,1,1,0,0,-98,0,1
1,1,1,4,1,20,6,1,13,1,1,6,1,0,0,112,0,1
1,1,0,2,1,13,10,1,13,2,1,4,1,0,0,-4,0,1
1,1,0,6,1,4,4,1,7,1,1,3,1,0,0,0,0,1
1,1,0,4,1,0,4,2,13,2,1,-1,1,0,0,15,0,1
1,1,0,5,1,16,4,1,13,2,1,5,1,3,0,29,0,1
1,1,0,5,1,13,3,2,13,1,1,3,1,0,0,-33,1,1
1,2,1,5,1,10,6,1,12,1,1,6,1,0,0,-26,0,1
1,1,1,4,1,14,3,1,12,2,1,5,1,0,0,-56,0,1
1,1,1,4,1,4,1,1,6,2,0,-1,1,0,0,351,0,1
1,1,0,4,1,2,10,1,13,2,1,3,1,0,0,261,0,1
1,1,0,3,1,14,3,1,13,2,1,6,1,0,0,-112,0,1
1,1,0,6,1,14,11,2,12,2,1,6,1,0,0,80,0,1
1,1,0,4,1,14,7,1,12,2,1,3,1,0,0,-213,0,1
1,1,0,4,1,4,6,2,7,1,1,-1,1,0,0,44,0,1
1,1,1,4,1,11,12,1,13,2,1,2,1,0,0,96,0,1
1,1,1,4,1,0,3,2,13,2,1,3,1,0,0,-11,0,1
1,1,0,4,1,16,3,2,11,3,1,3,1,0,0,126,0,1
1,1,0,5,1,10,6,2,12,1,1,3,1,0,11,-64,0,1
0,1,0,4,1,4,6,1,13,2,4,0,1,0,0,-83,0,1
1,1,1,4,1,5,6,1,12,3,1,1,1,0,0,-154,0,1
1,1,1,4,1,16,10,2,13,1,1,2,1,0,0,-97,0,1
0,1,1,7,1,10,1,1,12,1,1,2,1,0,0,119,0,1
1,1,1,4,1,13,12,2,13,2,1,5,1,0,0,362,0,1
1,1,0,1,1,13,8,2,12,1,1,2,1,0,0,-8,0,1
1,1,0,4,1,13,10,2,12,2,1,1,1,2,0,28,0,1
1,2,0,6,1,16,5,1,13,1,1,2,1,0,0,62,0,1
0,1,0,4,1,13,3,1,12,2,1,3,1,0,0,105,0,1
1,1,0,5,1,13,8,2,12,2,2,0,1,0,0,212,0,1
0,1,1,4,1,14,6,1,12,2,1,2,1,0,0,134,0,1
1,1,0,5,1,11,5,1,12,1,1,2,1,0,0,-65,0,1
1,1,1,4,1,10,7,1,12,3,1,5,1,0,0,79,0,1
1,1,0,4,1,0,3,1,13,2,1,1,1,0,0,-47,0,1
1,2,1,6,1,16,1,1,13,1,1,3,1,0,0,-118,0,1
1,1,1,4,1,13,7,1,13,1,1,-1,1,0,6,155,0,1
1,1,0,4,1,1,12,1,10,1,1,5,1,0,0,-25,0,1
1,1,0,4,1,4,12,2,13,1,1,-2,1,0,2,215,0,1
1,1,1,4,1,21,5,2,12,1,1,4,1,0,0,-40,0,1
0,1,1,5,1,16,2,2,6,1,1,4,1,3,0,322,1,1
1,1,0,5,1,10,2,1,13,2,1,2,1,0,0,128,0,1
1,2,0,4,1,10,7,2,12,2,1,1,1,0,0,49,0,1
0,2,1,4,1,20,3,1,10,1,1,4,1,0,0,185,1,0
1,1,0,4,1,11,10,1,12,1,1,0,1,0,0,38,0,1
1,1,0,4,1,1,11,1,13,2,1,3,1,0,0,2,0,1
1,1,0,6,1,13,5,1,12,2,1,2,1,0,0,-158,0,1
1,2,1,4,1,12,2,2,13,1,1,1,1,0,0,-43,1,1
1,1,0,4,1,13,7,1,13,2,1,-2,1,0,0,-111,0,1
1,1,0,4,1,13,8,1,11,2,1,2,1,3,7,273,0,1
1,2,1,5,1,16,10,1,12,2,1,5,1,0,0,-131,1,1
1,1,1,5,1,20,5,1,12,3,1,2,1,0,0,-108,0,1
1,1,0,4,1,16,8,1,12,3,1,5,1,0,0,-134,0,1
0,1,0,6,1,16,11,2,13,2,1,2,1,0,0,128,0,1
1,1,1,4,1,4,7,2,7,1,1,0,1,0,6,-10,0,0
1,1,0,5,1,10,6,2,5,1,1,0,1,0,7,87,1,1
1,1,1,4,1,4,3,1,13,2,1,3,1,0,0,-82,0,1
1,1,1,5,1,10,4,2,12,2,1,1,1,0,0,131,0,1
1,1,0,5,1,16,3,2,12,2,1,6,1,3,7,247,0,1
1,1,1,6,1,14,2,1,13,2,1,0,1,3,7,174,3,1
1,1,0,6,1,0,6,1,12,2,1,7,1,0,0,-50,0,1
1,1,1,5,1,16,5,1,13,2,1,5,1,0,0,287,0,1
1,1,0,4,1,13,6,1,13,1,1,4,1,0,0,-115,0,1
1,1,0,4,1,4,3,2,12,2,1,2,1,0,4,5,0,0
1,1,0,2,1,0,4,2,12,2,1,2,1,0,0,91,0,1
0,1,0,6,1,12,5,1,13,1,3,0,1,3,0,120,0,1
1,1,0,5,1,10,8,2,13,2,1,1,1,0,0,111,1,1
1,1,0,4,1,11,6,1,12,1,1,6,1,0,0,-204,0,1
1,1,0,5,1,16,1,1,7,1,1,4,1,0,0,141,0,1
1,1,1,6,1,11,8,1,7,1,1,3,1,3,0,185,0,1
1,1,1,4,1,16,4,1,13,2,1,3,1,0,0,30,0,1
1,1,1,5,1,4,8,1,13,2,1,1,1,0,0,-202,0,1
1,1,0,6,1,16,8,1,12,3,1,5,1,0,0,82,0,1
1,1,1,4,1,16,7,2,13,2,1,1,1,0,0,-249,0,1
0,1,1,6,1,20,9,2,7,1,1,1,1,0,0,-54,0,0
1,1,0,6,1,11,2,2,7,1,1,5,1,0,0,118,0,1
1,1,0,5,1,13,8,1,13,2,1,1,1,0,0,77,0,1
1,1,0,4,1,0,7,2,13,1,1,-3,1,0,0,-40,0,1
1,1,0,5,1,4,11,1,13,1,1,1,1,3,0,-78,0,1
1,1,0,5,1,4,4,2,13,2,2,-2,1,0,0,-9,0,1
1,1,0,5,1,13,10,1,13,1,1,1,1,0,0,-1,0,1
1,1,1,4,1,13,7,2,12,2,1,7,1,0,0,143,0,0
1,1,0,5,1,14,2,2,13,2,1,2,1,0,0,-199,0,1
1,1,0,4,1,20,10,1,13,1,1,1,1,3,0,90,3,1
0,1,1,5,1,4,3,1,7,1,1,2,1,0,0,44,2,1
0,1,1,4,1,1,6,2,7,2,1,3,1,3,11,386,0,1
1,1,0,4,1,14,5,1,12,1,1,5,1,0,0,-220,0,1
0,2,1,1,1,10,9,1,7,2,1,4,1,0,0,-90,0,1
1,1,0,4,1,13,1,1,13,2,1,2,1,0,0,72,0,1
1,1,1,5,1,4,11,2,12,1,1,2,1,0,0,87,0,1
1,1,0,4,1,1,12,2,5,3,1,5,1,0,0,-3,0,1
1,1,0,5,1,13,12,2,12,3,1,5,1,0,0,122,0,1
0,1,0,6,1,1,12,1,13,2,1,2,1,0,0,-62,0,1
1,1,1,4,1,1,12,1,1,1,1,5,1,0,0,82,3,1
1,1,0,4,1,16,3,1,13,2,1,0,1,0,0,-47,0,1
1,1,0,5,1,16,8,1,13,2,1,2,1,3,0,204,0,1
0,1,0,4,1,13,5,1,8,2,1,-1,1,0,0,176,0,1
1,1,1,5,1,13,1,1,13,2,1,2,1,3,0,201,0,1
1,1,0,5,1,1,4,1,13,2,1,-2,1,0,0,95,0,1
1,1,0,4,1,4,5,1,12,2,1,3,1,0,0,8,1,1
1,1,0,4,1,13,3,2,5,2,1,2,1,0,7,144,0,1
1,1,0,5,1,10,7,1,13,2,1,1,1,0,0,-2,2,1
0,1,0,5,1,0,12,2,8,1,1,3,1,0,0,67,0,1
1,1,1,5,1,13,2,2,13,1,1,-1,1,0,0,363,0,1
0,1,1,1,1,14,8,2,4,1,1,1,1,0,0,136,0,1
1,1,1,5,1,10,9,1,13,1,1,1,1,0,0,-60,0,1
1,1,1,5,1,1,7,2,13,2,1,2,1,0,0,124,0,1
1,1,1,5,1,11,11,1,12,3,1,4,1,0,7,205,0,1
0,1,1,5,1,13,11,1,12,2,1,5,1,0,0,81,0,1
1,1,1,6,1,16,4,1,12,2,1,2,1,0,0,-51,0,1
1,2,0,5,1,0,5,1,13,2,1,8,1,0,0,408,0,1
1,1,1,5,1,16,12,1,12,2,1,1,1,0,0,93,0,1
1,1,0,4,1,16,4,2,12,0,1,4,1,0,0,-101,0,1
1,1,0,5,1,10,8,1,12,2,1,4,1,0,0,-330,0,1
1,1,1,5,1,13,10,1,12,2,1,6,1,0,0,100,0,1
1,1,0,4,1,11,8,2,13,1,1,0,1,0,0,-89,0,1
1,1,0,4,1,13,4,2,12,1,1,3,1,0,7,284,0,1
0,1,0,4,1,10,1,1,13,2,1,-1,1,0,0,-139,0,1
1,1,0,4,1,16,3,1,12,1,1,1,1,0,0,13,0,1
1,1,1,4,1,10,4,1,13,2,1,2,1,0,0,3,0,1
1,1,0,5,1,4,2,1,8,1,1,1,1,0,0,-231,0,1
1,1,0,5,1,20,11,2,12,1,1,4,1,0,0,3,0,1
1,1,0,4,1,13,3,2,13,1,1,-1,1,0,0,97,0,1
1,1,1,5,1,4,10,2,12,1,1,2,1,0,0,-69,0,1
1,1,0,5,1,13,10,1,12,0,1,2,1,0,0,-157,1,1
1,1,1,4,1,13,11,1,13,1,1,1,1,0,0,68,0,1
1,1,1,4,1,13,5,1,12,2,1,-2,1,0,0,-55,0,1
1,1,0,4,2,16,8,1,13,2,1,2,1,0,0,10,0,1
0,1,0,4,1,0,5,2,4,2,1,7,1,3,0,109,0,1
1,1,0,5,1,10,8,1,13,2,1,-1,1,0,11,-147,0,1
1,1,0,6,1,1,10,2,13,2,1,0,1,0,0,-74,0,1
1,1,0,4,1,18,11,2,13,1,1,6,1,0,0,-28,0,1
1,1,1,4,1,11,9,2,10,1,1,1,0,0,0,149,0,1
0,1,0,4,1,13,2,1,12,2,1,0,1,0,0,-1,0,1
1,1,0,5,1,13,8,1,12,1,1,4,1,0,0,-28,0,1
0,1,1,4,1,13,5,2,12,2,1,2,1,4,0,358,0,1
1,1,1,3,1,13,10,2,12,1,1,1,1,0,3,77,0,1
1,1,0,4,1,16,11,1,13,2,1,6,1,0,0,-112,0,1
1,1,0,4,1,14,9,1,13,1,1,3,1,3,0,135,0,1
1,1,0,5,1,13,4,2,13,2,1,-1,1,3,0,369,0,1
1,1,0,4,1,16,7,1,13,1,1,4,1,0,0,-53,0,1
1,1,1,4,1,14,4,2,13,2,1,0,0,0,11,248,0,1
1,1,0,4,1,13,3,1,13,1,1,2,1,0,0,54,0,1
1,1,0,4,1,13,9,2,13,1,1,-2,1,0,0,108,0,1
0,1,0,4,1,14,5,1,13,3,1,3,1,0,0,62,0,1
1,1,0,4,1,13,5,2,3,1,3,2,1,0,0,-67,0,1
1,1,0,4,1,11,7,2,8,1,1,6,1,0,0,-83,0,1
1,1,1,5,1,13,3,2,12,1,1,2,1,0,0,171,0,1
1,1,1,4,1,4,5,1,12,1,1,0,1,0,0,168,0,1
1,1,1,4,1,16,4,1,12,1,1,5,1,0,0,-55,0,1
1,1,0,5,1,13,10,2,13,1,1,0,1,3,0,126,0,1
1,1,0,4,1,13,11,2,12,3,1,2,1,0,0,-6,0,1
1,1,1,5,1,20,4,2,13,1,1,1,1,0,0,-36,0,1
1,2,0,5,1,13,8,1,12,1,1,4,1,0,9,93,0,1
1,1,1,3,1,16,11,2,13,2,1,-1,1,3,7,277,0,1
1,1,0,5,1,16,2,1,9,2,1,2,1,3,0,412,0,1
1,1,1,5,1,7,2,1,13,1,1,6,1,0,0,25,0,1
0,1,0,4,1,6,8,1,7,1,1,0,1,0,0,-90,0,1
1,1,0,5,1,16,11,2,12,2,1,3,1,3,0,-57,0,1
1,1,0,4,1,13,7,1,13,2,1,-1,1,0,0,33,0,1
1,1,0,5,1,16,3,2,2,2,1,5,1,0,0,24,0,1
1,1,0,6,1,0,1,2,13,2,1,7,0,0,0,26,0,0
0,1,0,4,1,13,1,2,12,1,1,9,1,0,0,-27,0,1
0,1,1,4,1,13,1,2,12,1,1,8,1,0,11,68,0,1
1,1,1,5,1,4,1,1,13,1,1,2,1,0,0,24,0,1
1,1,0,4,1,13,7,2,13,1,1,5,1,0,0,-45,0,1
1,1,1,4,1,14,9,2,12,1,1,1,1,0,5,31,0,1
1,1,0,4,1,0,9,1,13,2,1,3,0,0,0,-100,0,1
1,1,0,4,1,13,4,1,4,1,1,2,1,0,0,137,0,1
0,2,0,6,1,0,5,1,7,2,1,3,1,0,0,149,0,1
1,1,0,4,1,13,11,2,12,2,1,4,1,0,0,-91,0,1
1,1,0,5,1,1,8,1,13,2,1,4,1,0,0,-62,0,1
1,1,0,4,1,13,5,1,13,1,1,1,1,0,0,-95,0,1
1,1,0,5,1,10,10,1,13,2,1,5,1,0,0,19,0,1
0,1,0,4,1,13,6,2,13,2,1,2,1,0,0,21,0,1
1,1,0,3,1,13,1,2,7,1,1,2,1,3,0,138,0,1
1,1,1,4,1,0,2,2,13,1,1,2,1,0,0,-87,0,1
1,1,0,4,1,11,8,2,4,1,1,2,1,0,0,81,0,1
1,1,0,6,1,11,11,2,12,2,1,1,1,0,0,9,1,1
1,2,0,4,1,20,8,2,9,1,1,0,1,3,0,268,0,1
1,1,0,6,1,13,1,1,13,3,1,2,1,0,0,172,0,1
1,1,1,6,1,13,7,1,12,1,1,5,1,0,0,-117,0,1
1,1,1,4,1,20,2,1,12,1,1,7,1,0,0,-115,0,1
1,1,0,4,1,17,1,1,13,2,1,2,1,0,0,55,0,1
1,1,0,5,1,16,10,1,13,1,1,4,1,0,0,3,0,1
1,1,1,2,1,14,7,2,7,1,1,1,1,0,0,44,0,1
1,1,0,4,1,4,12,2,13,2,1,4,1,0,0,-133,0,1
1,1,1,5,1,0,1,2,12,2,1,5,1,0,0,-196,0,1
1,1,1,4,1,13,2,2,13,1,1,2,1,0,0,93,0,1
1,1,0,4,1,11,12,2,13,1,1,2,1,0,0,-36,1,1
1,1,1,5,1,11,12,1,12,1,1,1,1,3,0,315,0,1
1,1,1,6,1,20,10,2,13,1,1,2,1,0,0,-75,0,1
1,1,1,4,1,13,5,2,12,2,1,4,1,0,0,-77,0,1
1,1,1,5,1,10,1,1,12,2,1,3,1,0,7,323,0,1
1,1,1,4,1,13,10,1,13,1,1,1,1,0,0,-63,0,1
1,1,0,5,1,13,10,2,12,2,1,2,1,0,0,41,0,1
1,1,0,4,1,4,1,1,13,2,1,3,1,0,0,-105,1,1
1,2,0,5,1,16,7,2,9,1,1,6,1,3,0,250,0,1
0,1,1,4,1,14,1,1,5,2,1,1,1,0,0,162,0,1
1,1,1,6,1,13,12,2,13,1,1,1,1,0,0,185,0,1
1,1,0,4,1,11,7,1,13,1,1,-3,1,0,0,-116,0,1
1,2,0,6,1,13,5,1,12,2,1,3,1,0,0,-51,0,1
1,1,0,6,1,0,9,1,13,1,1,2,1,0,0,93,0,1
1,2,1,4,1,13,7,1,13,2,1,1,1,0,0,274,3,1
1,1,0,5,1,16,6,1,6,1,1,0,1,3,0,-19,0,1
1,1,1,6,1,1,6,1,13,1,1,1,1,0,0,-35,0,1
0,1,1,4,1,11,4,1,12,2,1,-1,1,0,0,40,0,1
1,1,0,5,1,13,8,2,12,2,1,-1,1,0,0,-74,0,1
1,2,0,4,1,4,5,1,13,2,1,2,1,3,7,0,0,1
1,1,1,4,1,4,7,1,13,1,1,0,1,0,0,-171,0,1
1,1,0,4,1,4,12,2,13,1,1,1,1,0,0,-157,0,1
1,1,1,4,1,12,10,1,13,2,1,-2,1,0,0,-138,0,1
1,1,0,6,1,16,5,1,13,2,1,5,1,0,0,-212,1,1
1,2,0,4,1,16,5,1,13,2,1,3,1,0,0,7,0,1
1,1,1,6,1,13,11,1,13,2,2,7,1,3,0,286,0,1
0,1,1,7,1,13,1,1,8,2,2,3,1,0,0,169,0,1
1,1,0,4,1,10,4,1,11,3,1,0,1,0,0,-49,0,0
1,1,1,4,1,20,1,2,10,1,1,1,1,3,7,514,0,1
1,1,1,4,1,4,10,2,13,1,1,2,1,0,0,-1,0,1
0,2,0,6,1,13,5,2,12,2,1,0,1,0,0,-208,0,1
1,1,0,4,1,6,5,1,12,3,3,7,1,0,0,117,0,1
1,1,0,4,1,13,3,2,13,1,1,1,1,0,0,-8,0,1
1,1,0,2,1,19,2,1,13,3,1,1,1,3,7,532,0,1
0,1,0,5,1,10,4,2,13,2,1,4,0,0,0,-37,0,1
1,1,0,4,1,13,1,1,13,2,1,2,1,0,0,-65,0,1
1,1,0,6,1,14,11,1,12,2,1,3,1,0,0,44,0,1
1,1,0,4,1,4,9,1,12,2,1,0,1,0,0,-109,0,1
1,1,1,4,1,14,11,2,12,1,1,4,1,0,0,72,0,1
1,1,0,4,1,16,7,2,13,1,2,2,1,0,0,-103,0,1
1,1,0,4,1,14,4,2,13,2,1,1,1,0,0,3,0,1
1,1,0,5,1,4,6,1,7,2,1,2,1,0,0,-228,0,1
0,1,1,4,1,1,3,2,13,2,1,4,1,0,0,134,0,1
1,1,0,4,1,13,12,1,12,1,1,5,1,0,0,-72,0,1
1,1,0,6,1,16,10,1,13,2,1,4,1,0,0,-29,0,1
1,2,0,5,1,18,2,2,7,0,1,-1,1,0,0,186,0,1
0,1,1,4,1,16,8,2,13,1,1,3,1,0,0,160,0,1
1,2,0,5,1,20,12,1,12,2,1,2,1,0,0,-19,0,1
1,1,1,4,1,16,10,1,8,1,1,0,1,0,7,21,0,1
1,1,1,5,1,16,1,2,13,1,1,5,1,0,0,-105,0,1
1,1,1,4,1,4,3,2,13,2,1,-1,1,3,7,-39,0,1
1,1,0,4,1,16,6,2,13,2,1,-2,1,0,0,-66,0,0
1,1,0,4,1,0,11,2,12,2,1,4,0,0,0,83,0,1
1,1,0,6,1,16,3,1,13,1,1,1,1,0,11,-69,0,1
1,1,0,4,1,14,9,2,13,1,1,-1,1,0,0,-84,0,1
1,1,0,4,1,4,10,1,13,2,1,0,1,0,0,124,0,1
1,1,0,4,1,13,4,2,12,2,1,6,1,0,0,30,0,1
1,1,0,5,1,10,8,1,13,1,1,3,1,0,0,-29,0,1
1,2,0,5,1,20,7,1,12,1,1,2,1,0,0,22,0,0
1,1,0,6,1,16,2,1,7,2,1,5,1,0,0,131,0,1
0,2,0,4,1,13,5,2,13,1,1,1,1,4,0,-43,0,1
1,1,0,5,1,4,3,2,13,0,1,3,1,0,0,-12,0,1
1,1,0,5,1,13,9,2,14,1,1,0,1,0,0,-45,0,1
1,1,0,6,1,16,8,2,12,1,1,6,1,3,0,186,0,1
1,1,1,5,1,10,8,2,12,2,1,5,1,0,0,-29,1,0
1,2,0,5,1,13,8,2,12,1,1,4,1,0,0,28,0,1
1,1,0,4,1,16,9,2,13,1,1,1,1,0,0,-40,0,1
1,1,0,4,1,14,3,1,12,2,1,2,1,0,0,7,0,1
0,1,0,5,1,0,1,2,13,2,1,3,1,0,0,-1,0,1
1,1,1,4,1,3,7,2,12,2,1,3,1,0,0,159,0,1
0,1,1,4,1,16,5,2,7,1,1,4,1,3,0,179,0,1
1,1,0,4,1,11,9,1,13,2,2,2,1,0,0,-89,0,1
0,1,0,4,1,20,8,2,9,1,1,0,1,0,0,137,0,1
1,1,0,4,1,16,1,2,13,1,1,3,1,0,0,44,0,1
1,2,0,4,1,16,9,2,11,1,1,1,1,0,0,-43,0,1
1,1,0,4,1,13,1,1,13,1,1,2,1,0,0,-48,0,1
1,1,0,4,1,16,5,2,13,2,1,2,1,0,0,-30,0,1
1,1,0,6,1,16,5,1,7,1,1,5,1,0,0,-171,0,1
1,1,1,4,1,22,11,1,13,2,1,0,1,0,0,-180,0,1
1,1,1,4,1,4,4,1,10,1,1,2,1,0,0,5,0,1
0,1,1,4,1,14,5,1,12,2,1,5,1,0,0,239,0,1
1,1,1,5,1,16,12,1,7,2,1,0,1,0,0,148,0,1
1,1,1,4,1,13,7,2,13,1,1,1,1,0,0,74,0,1
1,2,0,5,1,10,5,2,12,2,1,-1,1,0,0,133,0,1
1,1,1,4,1,4,2,2,11,2,1,3,1,0,0,282,0,1
1,1,1,4,1,14,6,1,13,2,1,2,1,0,0,82,0,1
1,1,0,4,1,16,5,2,12,1,1,3,1,0,0,185,1,1
1,1,0,4,1,13,1,2,13,1,1,4,1,0,0,-230,0,1
1,2,0,6,1,16,7,2,12,2,1,1,1,3,0,-13,0,1
1,1,1,5,1,10,3,1,8,0,1,6,1,3,2,222,0,1
1,1,1,4,1,20,3,1,13,1,1,1,1,0,7,65,0,1
1,1,1,2,1,16,5,1,1,2,1,1,1,0,7,380,0,1
1,1,0,4,1,16,5,1,11,1,1,4,1,0,0,-150,0,1
1,1,1,6,1,16,1,2,7,1,1,4,1,0,0,234,0,1
1,1,0,4,1,10,1,1,13,3,1,5,1,0,0,73,0,1
0,1,0,4,1,16,7,1,14,2,1,0,1,3,0,70,0,1
1,1,0,4,1,14,9,1,14,1,1,5,1,0,0,-29,0,1
1,1,0,5,1,14,11,2,12,1,0,2,1,0,0,213,0,1
1,1,0,4,1,11,11,1,13,2,1,-1,1,0,0,-79,1,1
1,1,1,5,1,16,11,2,12,2,1,3,1,0,0,-40,0,1
1,1,0,4,1,14,12,2,13,1,1,4,1,0,0,-28,0,1
1,1,1,5,1,14,7,1,13,2,1,3,1,0,0,-41,0,1
1,1,1,5,1,16,12,1,13,2,1,1,1,0,0,-97,0,1
1,1,1,4,1,13,7,2,13,1,1,3,1,0,0,102,0,1
1,1,0,5,1,13,8,1,13,1,1,5,1,0,5,-111,0,1
0,1,1,5,1,16,11,2,13,2,1,5,1,0,0,125,0,1
1,1,0,4,1,10,7,1,13,3,1,2,1,0,7,221,0,1
1,1,1,4,1,1,3,2,13,2,1,1,1,0,0,-23,0,1
1,1,0,4,1,5,10,2,12,2,1,5,1,0,0,-207,0,1
1,2,0,6,1,10,11,1,12,3,1,1,1,0,0,-197,0,0
1,2,1,4,1,10,9,1,12,2,1,2,1,0,0,-108,0,1
1,1,0,5,1,11,6,2,4,1,1,2,1,0,0,156,0,1
1,2,0,5,1,10,12,2,12,2,2,4,1,0,0,45,0,1
0,2,0,4,1,14,7,1,13,2,1,4,1,0,0,-3,0,1
1,1,1,6,1,13,11,1,12,2,2,6,1,0,0,23,0,1
1,1,1,6,1,0,7,2,12,1,1,4,1,0,0,44,0,1
1,2,1,5,1,13,10,1,13,2,1,2,1,0,0,77,0,1
1,1,0,6,1,16,10,1,13,2,1,2,1,0,0,-51,0,1
1,1,1,4,1,10,1,2,13,2,1,6,1,0,2,286,0,0
1,2,0,4,1,16,7,1,13,2,1,2,1,0,0,124,0,1
1,1,0,4,1,13,12,1,13,1,1,3,1,3,0,131,0,1
1,1,0,4,1,13,8,1,12,2,1,4,1,3,0,223,0,1
1,1,1,4,1,13,3,1,13,2,1,2,1,0,7,-19,0,1
1,1,0,4,1,20,5,2,1,1,1,1,1,0,0,165,0,1
1,1,0,4,1,14,2,2,7,2,1,5,1,0,0,96,0,1
1,1,1,4,1,13,8,1,13,1,1,6,1,0,0,224,1,1
1,1,1,5,1,10,6,1,12,2,1,4,1,0,0,4,0,0
1,1,0,4,1,13,4,2,13,1,1,3,1,0,6,-113,0,1
1,1,0,4,1,16,1,2,12,2,1,4,1,0,0,-153,0,1
1,1,1,5,1,14,1,2,7,1,1,6,1,0,0,-71,0,1
1,1,0,6,1,1,12,1,13,3,1,-2,1,0,7,243,0,1
1,1,1,5,1,11,1,2,7,2,1,3,1,0,0,227,0,1
1,2,0,4,1,7,4,1,7,1,2,4,1,0,0,-55,0,1
1,1,1,4,1,11,12,2,7,0,1,5,1,0,0,44,0,1
1,2,1,6,1,10,8,1,13,2,0,4,1,0,0,167,0,1
1,1,1,5,1,16,11,2,6,2,1,7,1,0,0,75,1,1
1,1,0,5,1,13,5,1,12,2,1,4,1,0,0,-26,0,1
1,1,0,6,1,13,5,1,12,2,1,8,1,0,0,217,0,0
1,2,0,6,1,13,1,1,13,3,1,0,1,0,0,41,0,1
1,1,0,4,1,14,3,1,13,2,1,-4,1,0,0,-48,0,1
1,1,0,4,1,16,8,1,12,2,1,5,1,0,0,-207,0,1
1,2,1,6,1,16,1,1,13,2,2,2,1,0,0,136,0,1
1,1,0,4,1,1,10,1,12,2,1,1,1,3,5,301,0,1
1,1,0,4,1,13,1,1,13,2,1,5,1,0,0,7,0,1
1,1,0,4,1,10,1,2,9,2,1,2,1,2,0,146,0,1
1,1,0,4,1,16,9,2,12,2,1,-2,1,0,0,31,0,1
1,1,0,5,1,13,1,2,13,2,1,3,1,0,0,192,0,0
1,1,1,5,1,14,9,2,13,3,1,-1,1,3,7,199,0,1
1,2,0,4,1,1,10,2,12,1,1,5,1,0,0,-198,0,1
1,1,1,4,1,13,3,2,7,1,1,2,1,3,0,-5,0,1
1,1,0,4,1,8,5,2,13,1,1,1,1,0,0,67,0,1
1,1,0,4,1,0,7,1,13,2,1,3,1,0,0,-124,0,1
1,2,1,5,1,11,1,2,12,2,0,1,1,3,0,318,0,1
1,1,0,4,1,10,4,1,13,1,1,1,1,0,0,-110,0,1
1,1,1,4,1,13,2,2,13,1,1,1,1,3,0,272,0,1
1,1,1,4,1,13,2,1,9,2,1,3,1,0,0,230,0,1
1,1,0,5,1,13,6,2,13,2,1,0,1,0,0,69,0,1
1,1,0,5,1,1,9,2,13,2,1,2,1,0,0,165,0,1
0,1,0,5,1,10,10,1,12,2,1,2,1,3,0,141,0,1
1,1,0,5,1,16,1,2,13,2,1,2,1,0,0,8,0,1
0,1,0,4,1,4,5,1,2,2,1,4,1,3,0,334,0,1
0,1,0,4,1,0,2,2,13,1,1,2,1,0,0,131,0,0
1,1,0,5,1,10,3,2,14,1,1,0,1,0,0,-91,0,1
1,1,1,5,1,1,12,2,13,1,1,5,1,1,0,219,0,1
1,1,1,4,1,11,4,1,14,1,1,-1,1,0,0,93,0,1
1,1,0,4,1,0,5,1,7,1,1,2,1,3,0,203,1,1
1,1,0,4,1,20,5,1,13,1,1,1,1,3,0,19,0,1
1,1,0,6,1,13,12,1,9,2,1,0,1,0,0,46,0,1
1,1,0,5,1,14,5,1,13,2,1,0,1,0,0,-54,0,1
1,1,1,5,1,13,1,2,12,2,1,7,1,0,0,130,0,1
1,1,0,5,1,20,1,2,8,1,1,3,1,0,0,189,0,1
1,1,0,4,1,13,5,1,12,2,1,4,1,3,0,-193,0,1
1,1,1,4,1,16,3,1,12,1,1,7,1,0,0,158,0,1
1,1,0,5,1,13,5,1,5,1,1,2,1,0,0,155,0,1
1,1,0,4,1,11,1,2,7,2,1,3,1,0,0,2,0,1
1,1,0,4,1,13,11,2,13,1,1,3,1,0,7,41,0,1
1,2,1,4,1,13,5,1,13,1,1,3,1,0,0,64,0,1
1,1,1,4,1,13,1,2,12,1,1,2,1,0,0,27,0,1
1,1,0,4,1,16,3,2,12,1,1,7,1,0,0,-174,0,0
1,2,1,4,1,16,1,1,12,2,1,0,1,0,0,-26,0,0
1,1,1,6,1,13,2,1,12,2,2,8,1,0,0,286,0,1
1,1,1,4,1,0,7,1,8,2,1,1,1,0,0,-7,0,1
1,1,0,5,1,0,3,1,12,2,1,3,1,0,0,-14,0,1
1,1,1,6,1,13,8,1,13,2,1,-1,1,0,0,56,0,1
1,1,0,5,1,13,9,1,12,2,1,4,1,0,0,-53,0,1
1,1,0,4,1,10,6,2,10,1,1,3,1,3,0,8,0,1
1,1,1,4,1,10,4,2,8,2,1,-1,1,0,7,225,0,1
1,1,1,5,1,12,1,1,12,2,1,4,1,0,0,-15,0,1
1,1,0,4,1,14,4,2,7,1,1,5,1,0,0,117,0,1
1,1,0,1,1,11,1,2,13,2,1,2,1,0,7,12,0,1
1,1,0,4,1,10,7,1,8,2,1,3,1,0,0,-61,0,1
1,2,1,4,1,1,4,1,4,2,1,0,1,0,0,224,0,1
1,1,1,5,1,20,3,2,13,1,1,-1,1,3,7,386,0,1
1,1,0,5,1,16,6,2,12,1,1,9,1,0,0,-120,0,1
1,1,1,4,1,11,3,2,12,1,3,0,1,0,0,-21,0,1
1,1,1,4,1,13,10,1,13,2,1,4,1,0,0,96,0,1
1,1,1,5,1,13,10,1,12,2,1,0,1,0,0,69,0,1
1,1,1,4,1,13,1,1,13,3,1,2,1,0,0,87,0,1
1,1,0,5,1,16,6,2,13,1,1,2,1,0,8,-101,0,1
1,1,0,4,1,16,5,2,13,1,1,-1,1,0,7,250,0,1
1,1,1,4,1,1,4,1,13,1,2,0,1,0,0,148,0,1
1,1,0,5,1,13,4,1,12,1,1,3,1,0,0,-70,0,1
1,1,0,5,1,13,3,1,12,2,1,-1,1,0,0,-7,0,1
1,1,1,5,1,13,10,1,13,1,1,0,1,0,0,189,0,1
0,2,1,5,1,2,3,1,13,2,1,0,1,0,0,134,0,1
1,1,1,5,1,16,1,1,6,2,1,4,1,3,0,169,0,1
1,1,1,4,1,11,7,2,12,1,1,4,1,0,0,-108,0,1
1,1,1,4,1,13,6,1,13,1,1,-1,1,0,0,64,0,1
1,1,0,6,1,2,1,2,12,2,1,4,1,0,0,-78,0,1
1,1,0,4,1,11,11,1,12,2,1,3,1,0,7,18,0,1
1,1,1,5,1,13,1,1,13,1,2,3,1,0,0,122,0,1
1,1,0,5,1,16,7,2,12,2,1,5,1,0,0,-209,0,1
0,1,1,4,1,11,6,2,12,2,1,7,1,0,0,9,0,1
1,1,1,5,1,0,1,2,12,2,2,2,1,3,4,336,0,1
1,1,0,4,1,11,12,2,9,2,1,0,1,0,0,-76,0,1
1,1,1,4,1,0,1,1,6,2,4,1,1,0,0,51,0,1
1,1,0,5,1,17,4,1,13,2,1,-2,1,0,0,83,1,1
0,1,1,4,1,13,3,1,13,1,1,2,1,0,0,-121,0,1
0,1,0,4,1,13,4,2,12,2,1,4,1,0,0,-38,0,1
1,1,0,4,1,9,3,2,12,1,1,6,1,0,0,-122,0,1
1,1,1,4,1,13,6,1,13,2,1,1,1,0,0,95,0,1
1,2,0,6,1,18,11,2,12,2,1,3,1,0,0,-181,0,1
1,1,0,2,1,4,8,2,13,1,2,1,1,0,0,174,0,1
1,1,0,4,1,16,2,1,13,2,1,1,1,0,0,20,1,1
1,1,1,4,1,16,9,1,12,1,1,0,1,0,0,121,0,1
1,1,0,4,1,0,1,1,12,2,1,1,1,0,0,-14,0,1
1,2,0,4,1,12,7,1,13,2,1,5,1,0,0,-39,0,1
1,1,1,6,1,16,9,1,12,1,1,2,1,0,0,-65,0,1
1,1,1,5,1,4,2,1,12,2,1,-2,1,0,7,258,3,1
1,1,0,6,1,16,2,1,13,2,1,5,1,0,0,13,0,1
1,1,0,4,1,5,5,2,13,1,1,-2,1,0,0,75,0,1
0,1,0,5,1,4,1,2,12,1,1,3,1,0,0,14,0,1
1,1,0,4,1,16,5,2,12,1,1,4,1,0,0,-45,0,1
1,1,0,5,1,16,2,2,13,2,1,3,1,0,7,201,0,1
1,1,0,5,1,13,3,2,13,2,1,-2,1,0,0,31,0,1
0,1,1,5,1,13,5,2,12,1,1,4,1,0,0,163,0,1
1,1,1,6,1,1,7,2,4,2,1,2,1,3,0,265,0,1
1,1,1,5,1,4,10,2,13,1,1,5,1,0,0,68,0,1
1,1,0,4,1,10,6,2,12,2,1,0,1,0,0,-58,0,1
1,1,0,6,1,10,3,1,1,1,1,2,0,0,0,61,0,1
1,1,0,4,1,13,9,2,13,2,1,2,1,0,0,-83,0,1
1,1,0,6,1,16,1,2,12,1,1,5,1,0,0,-162,0,1
1,1,0,4,1,1,6,2,12,1,1,7,1,0,0,-212,0,1
1,1,1,4,1,14,12,1,12,1,1,1,1,0,0,66,0,0
1,1,1,4,1,16,4,2,12,1,1,3,1,0,0,201,0,1
0,1,1,5,1,20,8,2,7,1,1,-2,1,0,0,120,0,1
1,1,0,4,1,13,7,1,12,1,1,2,1,0,0,89,0,1
1,1,1,4,1,6,7,2,13,1,1,1,1,3,0,222,0,0
1,1,0,4,1,13,7,2,7,1,1,3,1,0,0,118,0,1
1,1,1,5,1,13,1,2,12,1,1,0,1,3,2,126,0,1
1,1,1,1,1,14,11,2,13,2,1,3,1,3,7,380,0,1
1,1,0,4,1,14,12,1,12,2,1,5,1,0,0,-89,0,1
1,2,0,5,1,16,8,2,12,1,1,-1,1,0,0,-123,0,1
1,2,1,4,1,13,7,1,7,1,1,4,1,0,0,40,0,1
1,1,0,5,1,11,11,1,13,3,1,5,1,0,0,-60,0,1
1,1,1,6,1,1,11,2,13,1,1,4,0,0,0,-59,0,1
1,1,0,5,1,13,12,1,13,2,1,1,1,3,2,79,0,1
1,1,0,4,1,16,11,2,12,2,1,3,1,3,7,67,0,1
1,1,0,4,1,4,2,2,12,1,1,2,1,0,0,78,0,1
1,1,1,4,1,10,1,2,13,2,1,3,1,0,0,-27,0,1
1,1,0,6,1,20,4,1,12,2,3,6,1,3,0,308,0,1
1,2,0,5,1,20,5,1,13,2,1,-3,1,0,0,120,0,1
1,1,0,5,1,13,6,2,12,2,1,3,1,3,0,251,0,1
1,1,0,4,1,13,3,1,12,1,1,2,1,0,0,-97,0,1
1,1,1,5,1,9,10,1,13,1,1,1,1,0,0,208,2,1
1,1,0,6,1,10,2,2,13,2,1,1,1,0,0,25,0,1
0,1,0,4,1,16,8,1,12,2,1,5,1,0,0,78,0,1
1,1,0,5,1,16,12,2,13,1,1,1,1,0,7,110,0,1
1,1,0,4,1,16,3,1,12,2,1,5,1,0,0,-89,0,1
1,1,1,4,1,2,3,2,13,2,1,1,1,0,0,-14,0,1
1,1,1,5,1,13,2,1,12,2,1,3,1,0,0,51,0,1
1,1,1,5,1,13,10,1,13,3,1,0,1,0,0,-138,0,1
1,1,0,4,1,11,10,1,13,2,1,0,1,0,7,-7,0,1
1,1,0,5,2,14,10,2,7,2,1,3,1,0,0,-37,0,1
1,1,0,6,1,13,3,2,13,2,1,5,1,0,0,0,0,1
0,2,0,6,1,13,3,1,12,1,1,1,1,0,0,187,0,1
1,1,1,4,1,16,1,1,14,1,1,5,1,0,0,82,0,1
1,1,0,2,1,13,6,1,12,2,1,4,1,0,0,14,0,1
0,1,0,6,1,1,3,2,10,2,1,5,1,0,0,184,0,1
1,1,1,5,1,4,1,2,12,2,1,2,1,0,7,387,0,1
1,1,1,5,1,13,2,1,3,2,1,3,1,3,0,206,0,1
1,1,0,5,1,10,10,1,13,2,1,-1,1,0,0,-36,0,1
1,1,0,5,1,13,12,2,13,1,1,1,1,0,0,49,0,1
1,1,0,4,1,14,9,1,13,3,1,4,1,0,0,84,0,1
1,2,0,4,1,13,12,1,13,2,1,1,1,0,0,-2,0,1
0,1,1,4,1,13,5,1,9,1,1,3,1,0,0,146,0,1
1,1,0,4,1,14,10,2,13,2,1,0,1,0,0,-190,0,1
1,1,1,5,1,13,10,1,12,2,1,5,1,3,0,268,0,1
1,1,0,5,1,16,5,2,12,2,1,5,1,0,0,-231,0,1
1,2,1,6,1,10,9,2,1,3,1,7,1,0,0,-21,0,1
0,1,1,6,1,4,3,2,13,1,1,2,1,0,0,90,1,1
1,1,0,5,1,16,6,1,13,2,1,1,1,0,0,77,0,1
1,1,0,4,1,16,1,2,13,1,1,5,1,3,7,248,0,1
1,1,1,5,1,0,8,1,13,2,1,0,1,0,0,273,0,1
1,1,0,4,1,14,8,1,13,2,1,3,1,0,0,100,0,1
1,1,0,4,1,10,6,1,13,2,1,0,1,0,0,-58,2,1
1,1,1,4,1,11,5,2,12,1,2,5,1,3,0,191,0,1
1,1,0,1,1,13,8,2,12,1,1,1,1,0,0,126,0,1
1,2,1,4,1,20,4,2,11,1,3,2,0,3,7,513,0,1
1,1,0,5,1,1,3,1,12,2,1,7,1,2,0,-41,0,1
1,1,1,5,1,13,9,1,14,3,2,5,1,0,0,284,0,1
1,1,0,5,1,11,8,2,12,2,1,2,1,0,0,47,0,1
0,1,1,4,1,13,9,1,13,1,1,0,1,3,0,240,0,1
0,1,0,5,1,10,6,1,13,2,1,-1,1,3,7,199,0,1
0,1,1,5,1,4,5,2,12,1,1,5,1,0,0,62,0,1
1,1,0,4,1,13,10,1,10,1,1,0,1,0,0,-127,0,1
1,1,0,5,1,14,10,1,13,1,1,1,1,0,0,43,0,1
1,2,0,4,1,4,6,1,13,2,1,-2,1,0,0,-237,0,1
1,1,0,5,1,10,9,1,9,2,1,2,1,3,7,81,0,1
1,2,1,5,1,13,6,1,10,2,1,1,1,0,6,108,0,1
0,2,0,4,1,20,11,2,12,1,1,7,1,0,0,-142,0,1
1,1,0,4,1,13,10,1,13,2,1,7,1,0,0,-184,0,1
1,1,1,1,1,20,8,1,7,1,1,3,1,3,0,133,0,1
1,2,1,4,1,5,4,1,13,2,1,0,0,0,0,-11,0,1
1,1,0,4,2,4,10,1,12,2,1,7,1,0,0,-11,0,1
1,1,1,5,1,13,4,2,3,1,1,4,1,3,0,323,0,1
1,1,0,4,1,16,5,2,13,2,1,1,1,0,0,-162,0,1
1,1,0,4,1,11,3,1,13,2,1,0,1,0,0,-141,0,1
1,1,1,4,1,14,7,1,13,2,1,-1,1,0,7,216,0,1
1,1,0,5,1,4,2,1,4,2,1,2,1,0,0,89,0,1
0,1,1,4,1,4,8,2,12,1,0,2,1,0,0,142,0,1
1,1,0,2,1,11,7,1,13,2,1,7,1,0,0,-114,0,1
1,1,1,4,1,4,9,2,13,2,0,1,1,3,7,147,0,1
0,1,1,4,1,0,3,1,13,2,1,1,1,0,0,112,0,1
1,1,0,4,1,5,8,1,12,1,1,6,1,0,0,-183,0,1
1,1,1,1,1,13,1,2,14,2,1,6,1,0,0,66,0,1
1,1,0,6,1,0,7,2,13,1,1,5,1,0,0,282,0,1
1,1,0,4,1,10,9,2,12,2,1,5,1,0,0,16,0,0
1,1,1,4,1,13,4,2,13,2,1,3,1,0,0,55,0,1
1,2,0,4,1,16,4,1,12,1,1,-2,1,0,7,59,0,1
1,1,0,5,1,20,10,2,4,1,1,5,1,0,0,127,0,1
1,1,1,6,1,0,5,2,12,2,1,4,1,0,0,-76,0,1
1,1,0,4,1,14,2,1,13,1,1,2,1,0,0,42,0,1
1,1,0,4,1,14,7,1,12,2,1,0,1,0,0,-74,0,1
1,1,1,5,1,11,3,2,13,1,1,-1,1,0,7,93,0,1
1,1,0,4,1,16,10,1,13,1,1,2,1,0,0,28,0,1
1,1,1,5,1,16,3,2,13,2,1,2,1,0,0,69,0,1
1,1,0,4,1,11,2,1,13,2,1,4,1,0,0,43,0,1
1,1,0,5,1,11,9,1,12,2,1,6,1,3,0,234,1,1
1,1,1,5,1,10,8,2,0,1,1,5,1,0,7,233,2,1
1,1,1,5,1,11,3,1,13,3,1,5,1,0,0,113,0,1
1,1,1,4,1,16,5,2,13,2,1,1,1,3,0,201,0,1
1,1,1,4,1,0,5,2,13,1,1,4,1,0,0,39,0,1
1,1,0,6,1,13,3,1,12,2,1,5,1,0,0,93,0,1
0,2,1,4,1,13,12,2,0,1,1,4,1,0,0,-74,0,1
1,1,0,4,1,4,5,2,12,1,1,1,1,0,0,-37,0,1
1,1,1,5,1,13,12,1,13,1,1,2,1,0,0,57,0,1
1,1,1,5,1,11,9,1,13,1,1,2,1,0,0,101,0,1
1,1,0,4,1,13,12,2,13,1,1,-1,1,0,0,-13,0,1
1,1,0,5,1,0,8,2,13,2,1,-4,1,0,0,-79,0,1
1,2,1,5,1,13,11,1,12,1,1,1,1,0,0,16,0,1
1,2,0,4,1,11,7,1,12,1,1,3,1,0,7,62,0,1
1,1,0,4,1,13,5,2,12,1,1,2,1,0,0,175,0,1
1,1,1,6,1,16,12,1,7,2,1,4,1,0,3,205,0,1
1,1,1,4,1,4,7,2,13,2,1,4,1,0,0,20,0,1
1,1,0,4,1,13,3,1,13,1,1,0,1,0,7,62,0,1
1,1,0,5,1,1,1,1,13,2,1,4,1,0,7,104,0,1
1,1,0,4,1,11,3,1,13,3,1,3,1,0,0,224,0,0
1,1,0,5,1,13,4,2,12,2,1,6,1,0,0,240,2,0
1,1,0,4,1,16,6,1,13,1,1,0,1,0,0,-226,0,1
0,2,0,4,1,20,2,1,12,2,1,4,1,0,0,-67,0,1
1,1,1,5,1,19,3,1,8,2,1,2,1,0,0,103,0,1
1,1,0,5,1,16,5,1,7,1,1,1,1,0,7,175,0,1
0,1,0,4,1,10,11,1,13,2,1,4,1,0,0,-120,0,1
1,1,1,5,1,14,8,2,13,1,1,0,1,0,0,-110,0,1
1,1,1,7,1,13,9,1,13,2,1,2,1,0,0,196,0,1
0,1,0,4,1,13,10,1,13,2,1,0,1,3,0,153,0,1
1,1,1,5,1,13,2,2,12,2,1,3,1,3,0,173,0,1
1,1,1,4,1,13,4,1,6,1,1,3,1,0,0,12,0,1
1,1,0,5,1,14,9,2,12,1,1,5,1,0,0,-304,0,1
1,1,0,5,1,14,3,2,13,1,1,0,1,0,0,-96,0,1
0,1,0,4,1,13,9,1,4,3,1,0,1,0,7,48,0,1
1,1,0,5,1,11,7,2,10,2,1,4,1,0,0,-124,0,1
1,1,1,4,1,4,7,1,13,1,1,0,1,0,0,-40,0,1
1,1,1,4,1,0,4,1,13,1,1,4,1,0,0,-32,0,1
1,1,0,4,1,0,5,2,13,2,1,5,1,0,0,148,2,1
0,1,0,5,1,4,3,2,13,1,1,1,1,0,0,-76,0,1
1,2,0,6,1,16,1,1,12,3,1,2,1,0,0,207,0,1
1,1,0,4,1,16,6,2,12,2,1,2,1,3,0,-32,0,1
1,1,0,4,1,16,9,1,13,2,1,3,1,0,0,-51,0,1
1,1,0,5,1,11,7,1,13,1,1,3,1,0,0,-234,0,1
1,1,1,5,1,10,5,2,13,1,1,-4,1,0,0,216,1,1
1,1,1,4,1,1,6,1,1,3,1,4,1,0,0,8,0,1
1,1,1,4,1,0,5,1,2,3,1,6,1,0,0,-44,0,1
1,1,0,4,1,4,1,1,13,1,1,3,1,0,0,42,0,1
0,1,0,5,1,11,2,1,13,2,1,3,1,0,0,145,0,1
1,1,1,4,1,11,8,2,12,1,1,2,1,0,0,-3,0,1
1,1,1,4,1,18,1,1,13,2,1,1,1,0,0,16,0,1
0,1,1,5,1,13,7,1,12,1,1,0,1,0,0,7,0,1
1,1,1,4,1,13,9,2,13,2,1,-1,1,0,0,117,0,1
1,2,0,4,1,5,8,1,12,2,1,-1,0,0,0,284,3,0
1,1,0,4,1,13,5,2,13,1,1,5,1,0,0,-170,1,1
1,2,0,6,1,0,8,2,13,2,1,-3,1,0,0,20,0,1
1,1,0,4,1,0,7,1,13,2,1,6,1,0,0,22,0,1
1,1,1,5,1,11,7,2,13,0,1,2,1,0,0,-13,0,1
1,1,1,5,1,20,3,1,13,3,1,5,1,0,0,138,0,1
1,1,0,4,1,13,11,1,12,2,1,3,1,0,0,-121,0,1
1,1,1,4,1,4,1,1,13,2,1,0,1,0,0,39,0,1
1,1,0,5,1,16,5,1,13,2,1,1,1,0,0,220,0,1
1,1,0,4,1,11,4,1,13,2,1,4,1,0,0,26,0,1
1,1,1,5,1,4,3,2,12,2,1,5,1,0,0,98,0,1
0,1,1,6,1,4,3,1,12,1,1,0,1,3,0,333,1,1
1,1,0,5,1,13,8,2,12,1,1,0,1,0,0,-65,1,1
1,1,0,2,1,13,9,1,12,1,1,4,1,0,0,36,0,1
1,1,0,6,1,4,9,1,13,1,1,3,1,3,0,60,0,1
1,1,1,4,1,13,10,1,12,1,1,2,1,0,0,-21,0,1
1,1,1,4,1,16,11,2,12,1,1,5,1,0,0,-64,0,1
1,1,0,5,1,1,2,2,13,2,1,1,1,0,0,-58,3,1
1,1,0,5,1,11,2,1,3,1,1,2,1,0,0,-78,0,1
1,1,0,4,1,11,7,1,13,3,1,4,1,0,0,27,0,1
1,1,0,6,1,10,1,1,8,1,1,7,1,0,0,-176,0,1
1,1,0,4,1,11,11,2,13,1,1,6,1,0,0,-110,0,1
1,1,0,5,1,0,3,1,13,2,1,4,1,0,0,-158,0,1
1,1,1,4,1,3,4,1,12,2,1,4,1,0,7,122,0,1
1,1,0,4,1,14,11,2,13,2,1,1,1,0,0,2,0,1
1,1,1,4,1,2,2,1,13,1,1,2,1,0,0,-63,0,1
0,1,1,5,1,1,4,1,6,0,1,2,1,0,0,-55,0,1
1,1,0,2,1,21,4,2,13,1,1,-1,1,3,0,174,0,1
1,1,0,4,1,13,4,1,13,2,1,3,1,0,9,107,0,1
1,1,1,6,1,10,8,1,13,2,1,-1,1,3,0,146,0,1
1,1,1,6,1,13,1,2,13,1,1,1,1,3,0,84,0,1
0,1,0,6,1,13,4,2,14,2,1,7,1,0,0,210,0,1
1,1,1,4,1,20,8,1,13,2,1,0,1,0,0,33,0,1
1,2,1,5,1,13,6,1,13,2,1,-2,1,3,7,324,0,1
1,1,0,4,1,3,6,1,13,2,1,-1,1,3,0,-47,0,1
1,1,0,5,1,16,1,1,12,1,1,2,1,0,0,-111,0,1
1,1,1,6,1,13,9,1,12,3,1,-1,1,0,9,82,0,1
1,1,0,6,1,3,8,1,12,2,1,-3,1,0,7,189,0,1
1,1,1,5,1,13,11,1,2,1,1,6,1,0,0,-73,0,1
1,1,0,4,1,14,9,1,13,2,1,2,1,0,0,26,0,1
1,1,0,4,1,13,4,2,7,2,1,3,1,3,0,283,0,1
1,1,0,4,1,13,7,1,13,2,1,6,1,0,0,100,0,1
1,1,0,4,1,13,10,2,13,3,1,2,1,0,0,-54,0,1
0,2,0,6,1,1,12,1,9,2,1,-2,1,3,0,400,0,1
1,1,0,4,1,4,3,1,12,2,1,1,0,0,0,-92,0,1
1,1,0,5,1,16,1,2,13,1,1,1,1,0,7,142,0,1
1,1,0,4,1,10,1,1,13,2,1,1,1,0,0,-83,0,1
1,1,0,4,1,13,1,1,12,1,1,2,1,0,0,5,0,1
0,1,1,4,1,10,5,1,12,2,1,2,1,0,0,-93,0,1
1,2,0,4,1,6,1,1,12,3,1,3,1,0,0,189,0,1
1,1,1,5,1,4,9,2,12,2,1,6,1,0,0,226,0,1
1,1,0,4,1,13,1,1,13,1,1,2,1,0,0,-108,0,1
1,2,1,4,1,14,2,1,12,2,1,3,1,0,0,53,0,1
1,2,0,4,1,16,9,2,5,2,1,6,1,0,0,-97,0,1
1,1,0,5,1,16,8,1,7,2,1,2,1,3,7,409,1,0
0,1,1,4,1,18,4,1,12,1,1,5,1,0,0,116,0,1
1,1,0,4,1,4,2,2,12,1,0,2,1,0,0,52,0,1
1,2,1,5,1,13,6,2,13,1,1,4,1,0,0,87,0,1
1,1,1,5,1,16,3,1,12,2,1,4,1,0,0,-35,0,1
1,1,1,4,1,11,3,2,12,2,1,0,1,0,0,-164,0,1
1,1,0,5,1,16,3,1,0,2,1,3,1,0,0,-4,0,1
1,1,0,6,1,13,12,1,12,2,1,1,1,0,9,231,0,1
1,1,0,4,1,1,5,2,13,3,1,3,1,0,2,21,0,1
1,1,0,4,1,13,7,1,13,2,1,-1,1,0,0,116,0,1
1,1,0,4,1,2,11,2,12,2,1,3,1,0,0,65,0,1
1,1,0,4,1,13,3,1,13,2,1,4,1,0,0,-36,0,1
1,1,0,4,1,1,10,2,13,2,1,2,1,0,0,-142,1,1
1,1,0,4,1,16,10,2,12,2,1,6,1,3,7,155,0,1
1,1,0,4,1,16,10,1,12,2,1,5,1,0,11,-112,0,1
1,1,0,4,1,16,4,2,7,1,1,2,1,0,0,70,0,1
1,1,0,5,1,4,4,1,12,1,1,3,1,0,0,36,0,1
0,1,1,5,1,16,4,2,11,1,0,3,1,0,0,75,0,1
0,1,0,4,1,1,11,1,10,2,1,1,1,0,0,21,0,1
1,1,0,4,1,16,2,1,12,2,1,4,1,0,0,-117,0,1
1,1,1,5,1,13,11,1,13,2,1,2,1,0,0,104,0,1
1,1,1,5,1,10,8,1,13,2,1,5,1,0,0,-45,0,1
1,1,0,4,1,4,5,1,12,2,1,2,1,0,0,-92,0,1
1,2,0,4,1,13,6,1,12,2,1,6,1,0,0,24,0,1
1,1,1,4,1,16,3,1,3,1,1,3,1,0,0,-137,0,1
1,1,1,6,1,11,9,1,12,2,1,2,1,0,0,165,0,1
1,1,0,6,1,4,4,1,12,1,1,3,1,0,0,125,0,1
1,1,0,6,1,9,5,1,13,2,1,0,1,0,7,-161,0,1
0,1,0,4,1,4,7,2,13,1,1,3,1,0,0,112,0,1
1,1,1,5,1,20,2,1,14,2,1,0,1,4,0,171,0,1
1,2,0,4,1,10,3,2,13,2,1,1,1,0,0,-22,0,1
1,1,0,4,1,14,3,1,12,3,1,-1,1,0,0,-81,0,1
0,2,0,5,1,14,7,1,12,2,1,3,1,0,0,126,0,1
1,1,0,5,1,13,5,2,10,2,1,0,1,0,0,208,0,1
1,1,1,4,1,14,9,1,14,2,1,0,1,0,7,194,0,1
0,1,0,4,1,13,12,1,12,2,1,3,1,0,0,-10,0,1
1,1,1,4,1,10,11,1,12,1,1,2,1,0,0,-66,0,1
0,2,0,5,1,22,11,1,7,2,1,-1,1,0,0,48,0,1
1,1,0,4,1,16,1,2,0,1,1,4,1,0,0,-61,0,1
1,1,0,4,1,13,4,2,13,1,1,0,1,0,0,209,0,1
1,1,1,5,1,20,8,1,13,1,1,2,1,0,0,271,1,1
0,1,0,4,1,4,10,2,13,1,1,3,1,3,0,131,0,1
1,1,0,5,1,13,5,1,12,2,1,3,1,0,0,-32,0,1
1,1,1,5,1,2,5,1,13,1,1,1,1,0,0,9,0,1
1,1,0,7,1,3,1,1,12,1,1,3,1,0,0,-131,0,1
1,1,1,5,1,13,1,1,12,2,1,7,1,0,0,13,2,1
1,2,0,6,1,10,11,1,12,1,1,3,1,0,0,30,0,1
1,1,0,4,1,0,12,1,12,2,1,3,1,0,0,75,0,1
1,1,0,5,1,13,7,2,10,1,1,3,1,0,0,23,0,1
1,1,1,5,1,4,6,2,13,1,2,1,1,3,0,116,0,1
1,1,1,4,1,13,6,1,13,1,1,4,1,3,0,57,0,1
1,1,0,4,1,13,11,2,13,1,1,1,1,0,0,39,0,1
1,1,0,5,1,20,12,1,7,1,1,-3,1,3,0,301,0,1
1,1,0,4,1,13,10,1,12,2,1,2,1,0,0,32,0,1
1,2,0,5,1,13,10,2,12,1,1,4,1,0,0,35,0,1
1,1,0,5,1,20,9,2,7,2,1,1,1,0,0,147,0,1
1,1,1,4,1,11,10,1,13,1,1,-3,1,0,0,55,0,1
1,1,0,5,1,13,3,1,13,1,1,4,1,0,0,-151,0,1
1,1,0,4,1,13,6,1,12,2,1,0,1,0,0,201,0,1
1,1,0,4,1,11,4,1,13,2,1,3,1,0,0,214,0,1
1,1,1,4,1,20,6,2,13,1,1,2,1,0,0,51,0,1
1,1,0,4,1,16,11,2,12,1,1,2,1,0,0,-74,0,1
1,1,1,5,1,13,8,1,12,2,1,3,1,0,0,106,0,1
1,1,0,5,1,17,6,1,12,3,1,5,1,0,0,69,0,1
1,1,0,4,1,10,4,2,12,1,1,4,1,3,0,189,0,1
0,1,0,5,1,13,5,1,12,1,1,6,1,3,0,34,1,1
1,1,1,4,1,0,3,1,13,2,4,-2,1,0,0,312,0,1
1,1,1,4,1,16,8,1,12,1,1,2,1,0,0,-75,0,1
1,1,1,5,1,14,6,1,13,2,1,1,1,0,0,-66,1,1
1,1,0,4,1,11,3,2,13,1,1,-1,1,0,0,-294,0,1
1,1,0,5,2,10,8,2,5,2,1,1,1,0,0,205,0,1
0,1,1,4,1,14,1,1,13,2,1,1,1,0,0,25,0,1
1,1,0,6,1,11,1,1,13,2,1,2,1,0,0,-156,0,1
1,1,0,4,1,13,5,1,13,2,1,3,1,0,9,40,0,1
1,1,0,4,1,11,4,1,13,1,1,7,1,0,0,128,0,1
1,1,0,4,1,16,8,1,12,1,1,4,0,0,0,-27,0,1
1,1,1,5,1,16,8,1,13,2,1,0,1,0,0,14,0,1
1,1,0,4,1,16,10,2,13,1,1,5,1,0,0,92,0,1
1,1,0,4,1,16,7,1,12,3,2,4,1,0,0,-41,0,0
1,1,0,5,1,14,3,2,13,2,1,2,1,3,0,96,0,1
1,1,1,5,1,16,4,1,13,2,2,5,1,0,0,-49,2,1
1,1,1,4,1,14,11,2,13,3,1,0,1,3,7,338,0,1
1,2,1,5,1,16,6,1,13,2,2,3,1,0,7,5,0,0
1,2,1,5,1,13,3,1,13,2,1,4,1,0,0,-150,0,1
1,1,0,5,1,1,11,1,10,2,1,-1,1,0,7,211,0,1
1,1,0,5,1,10,1,2,9,2,1,4,1,0,0,-183,0,1
1,1,0,4,2,20,4,2,13,1,1,3,1,0,0,-54,2,1
0,1,0,5,1,1,11,1,12,1,1,3,1,0,0,-126,0,1
1,1,0,4,1,11,5,1,5,2,1,2,1,0,3,107,0,1
1,1,1,5,1,14,2,1,12,2,1,2,1,0,0,64,0,1
1,1,1,4,1,20,6,1,12,3,1,6,1,3,0,221,1,1
1,1,1,4,1,1,4,1,13,2,1,1,1,0,0,166,0,1
1,1,1,4,1,11,9,1,13,3,1,0,1,0,0,-290,0,1
1,2,1,4,1,14,12,1,12,1,1,3,1,0,0,-94,0,1
1,2,0,4,1,4,1,1,13,2,1,2,1,0,0,-79,0,1
1,1,1,4,1,20,12,1,13,2,1,1,1,3,0,207,0,1
1,1,0,5,1,14,8,1,13,1,1,4,1,0,0,-139,0,1
0,1,0,5,1,13,2,2,12,2,1,4,1,1,0,-105,0,1
1,1,1,6,1,1,10,2,13,1,1,2,1,0,0,49,0,1
1,1,0,4,1,14,3,1,12,2,1,1,1,0,0,-110,0,1
1,1,0,4,1,4,10,1,12,1,1,3,1,0,0,-126,0,1
1,1,1,5,1,20,8,2,13,0,1,-1,1,0,0,26,0,1
1,1,0,4,1,11,7,1,13,0,1,2,1,0,0,-251,2,1
1,1,0,4,1,14,11,1,13,2,1,0,1,0,0,-65,0,1
1,1,1,6,1,16,10,1,13,2,1,4,1,0,0,-44,0,1
1,2,0,5,1,14,1,1,13,2,1,1,1,0,0,98,0,1
1,1,1,5,1,1,1,1,13,2,1,1,1,3,0,104,0,1
1,1,0,5,1,13,9,1,12,1,1,0,1,0,7,28,0,1
1,1,0,4,1,13,7,1,13,1,1,0,1,0,0,-185,0,1
1,1,0,4,1,4,1,1,13,2,1,1,1,0,0,99,0,1
1,1,1,4,1,20,9,2,13,1,1,0,1,0,0,-220,0,1
1,1,1,4,1,0,3,2,12,2,1,8,1,0,0,223,0,1
1,1,0,5,1,16,6,2,13,2,1,4,1,0,0,166,2,1
1,1,0,4,1,16,4,2,13,2,1,4,1,0,0,45,0,1
1,1,0,6,1,1,8,1,13,3,1,-1,1,0,0,43,1,1
1,1,0,5,1,13,6,2,12,2,1,7,1,0,0,-55,0,0
1,1,0,4,1,17,4,1,13,2,1,2,1,2,0,309,0,1
1,1,1,4,1,13,12,1,12,1,1,3,1,0,0,3,0,0
1,1,0,5,1,10,3,1,10,1,1,0,1,0,0,1,0,1
1,1,0,4,1,16,7,1,13,1,1,6,1,0,0,129,0,1
1,1,1,5,1,16,1,1,9,1,1,3,1,0,7,189,0,1
1,1,1,5,1,21,7,2,4,2,1,-1,1,3,0,152,0,0
1,1,1,5,1,11,1,2,12,1,1,6,1,0,0,-78,0,1
1,1,0,4,1,4,7,1,13,2,1,0,1,0,0,202,0,1
1,1,1,4,1,13,3,2,13,2,1,0,1,0,0,86,0,1
1,1,0,5,1,13,12,1,2,3,1,4,1,0,7,52,0,1
1,2,0,5,1,13,3,1,13,2,1,8,1,0,0,-151,0,0
0,1,0,4,1,13,3,2,11,1,1,1,1,0,0,-6,0,1
1,1,0,4,2,16,9,2,0,1,1,2,1,0,0,238,0,1
1,1,0,5,1,14,7,1,12,2,1,0,1,0,0,19,0,1
1,1,1,4,1,13,1,2,14,2,1,1,1,0,0,43,0,1
1,1,0,4,1,13,10,2,13,2,1,3,1,0,0,29,0,1
1,1,0,4,1,0,11,1,12,2,1,3,1,0,0,-4,0,1
0,1,0,6,1,13,2,1,12,2,1,1,1,0,0,-22,0,1
0,1,0,7,1,14,3,2,13,1,1,1,1,0,0,167,0,1
1,1,0,4,1,13,12,2,13,2,1,4,1,4,0,2,0,1
1,1,0,4,1,0,11,1,13,2,1,2,1,0,0,-68,0,1
1,1,1,6,1,10,3,1,13,1,1,4,1,3,0,205,0,1
1,1,0,5,1,4,7,2,12,2,1,0,1,0,0,-1,0,1
1,1,1,5,1,13,10,2,0,1,1,3,1,0,0,38,0,1
1,1,0,5,1,16,1,2,13,2,1,5,1,0,0,-40,0,1
1,1,1,4,1,0,9,2,13,2,1,-1,1,0,0,202,0,0
1,1,0,4,1,6,1,2,6,1,1,1,1,0,0,129,0,1
1,1,1,5,1,20,9,1,12,2,1,2,1,3,0,186,0,1
1,2,0,5,1,1,7,1,3,1,1,1,1,0,0,-60,0,1
1,1,1,4,1,16,3,1,10,2,1,2,1,0,0,307,1,1
0,1,0,4,1,11,12,2,12,1,1,-2,1,0,0,-97,0,1
1,1,1,4,1,16,1,1,6,2,1,1,1,0,0,-118,0,1
1,1,0,6,1,20,12,1,13,2,1,1,1,0,0,50,0,1
1,1,0,4,1,13,12,2,13,1,1,1,1,0,0,22,0,1
1,1,1,5,1,16,8,1,12,2,1,4,1,3,0,109,0,1
1,1,0,4,1,8,9,1,13,3,1,-1,1,0,0,44,0,1
1,1,0,5,1,1,3,1,7,1,1,2,1,0,0,-40,0,1
1,2,1,5,1,13,11,1,13,2,1,6,1,0,4,295,0,1
0,1,0,4,1,0,7,1,13,2,1,1,1,0,0,15,0,1
1,1,1,4,1,16,9,1,13,2,1,1,1,0,0,-42,0,1
1,2,0,4,1,20,8,1,12,2,2,1,1,0,0,-225,0,1
0,1,1,4,1,17,4,1,12,2,1,6,1,0,0,346,0,1
1,1,0,5,1,0,10,2,13,2,1,5,1,0,0,-146,0,1
1,2,1,5,1,8,8,1,13,2,1,4,1,0,0,208,0,1
1,1,0,7,1,16,7,2,13,0,1,3,1,0,0,-56,0,1
1,1,1,4,1,16,8,1,5,1,1,4,1,0,0,174,0,1
1,1,0,4,1,16,9,1,13,2,1,1,1,0,0,-48,0,1
1,1,1,4,1,11,11,1,13,1,1,-1,1,0,0,-16,0,1
1,1,1,6,1,4,7,2,13,2,1,1,1,0,0,-189,0,1
1,2,0,4,1,16,7,2,0,2,1,2,1,0,0,5,0,1
1,1,1,4,1,20,6,1,5,2,1,1,1,3,0,340,0,1
1,1,0,4,1,13,10,1,12,2,1,3,1,0,0,38,0,1
1,2,0,5,1,14,10,1,12,1,1,0,1,0,0,115,0,1
1,2,1,4,1,16,10,1,13,1,1,1,1,3,0,70,0,1
1,2,0,5,1,4,3,2,13,1,1,1,1,0,0,-232,0,1
1,1,0,5,1,16,2,2,12,1,4,6,1,0,0,-1,0,1
1,1,1,5,1,10,8,1,13,1,1,0,1,0,0,-71,0,1
0,2,0,4,1,13,1,2,13,1,1,3,1,0,0,-14,0,1
1,1,0,5,1,0,7,1,13,2,1,6,1,0,7,221,0,1
1,1,0,4,1,1,5,2,6,3,1,7,1,0,0,24,0,1
1,1,0,4,1,10,9,1,12,2,1,8,1,0,0,-66,0,1
1,1,1,4,1,13,10,1,13,2,1,2,1,0,0,81,0,1
1,1,1,4,1,13,1,2,13,1,1,2,1,0,0,15,0,1
1,1,0,4,1,13,4,1,12,1,1,5,1,0,0,92,0,1
1,1,0,4,1,16,3,1,12,2,1,1,1,0,0,-203,0,1
1,2,1,4,1,16,7,1,13,2,1,-1,1,3,7,377,1,1
1,1,0,4,1,16,5,1,13,1,1,1,1,3,0,65,0,1
1,1,0,4,1,14,9,1,0,1,1,-1,1,0,0,195,0,1
1,1,0,4,1,18,4,2,12,1,1,3,1,0,0,7,0,1
1,2,0,4,1,13,8,1,12,2,1,0,1,0,0,90,1,1
0,1,0,5,1,16,6,2,12,1,1,3,1,3,0,238,0,1
0,1,1,4,1,14,7,1,12,1,1,-1,1,0,0,95,0,1
1,1,0,4,1,13,4,1,10,2,1,0,1,3,0,309,1,1
1,1,1,4,1,13,1,1,12,2,2,7,1,0,0,-10,0,1
1,1,0,4,1,10,11,1,13,2,1,3,1,0,0,22,0,1
1,1,1,6,1,10,9,2,13,2,1,4,1,0,0,-31,0,1
1,1,1,5,1,13,12,2,3,1,1,7,1,0,0,279,0,1
1,1,0,6,1,13,9,1,12,1,1,7,1,0,0,-29,0,1
1,1,0,5,1,6,7,1,12,2,1,1,1,0,0,37,0,1
0,2,0,4,1,10,3,1,13,1,1,-2,1,0,0,-173,0,1
1,1,1,5,1,12,5,1,7,2,1,3,1,0,0,333,0,1
1,1,0,4,1,5,9,2,13,2,1,1,1,0,0,69,0,1
1,1,0,7,1,20,7,2,13,2,1,4,1,0,0,206,0,1
1,1,0,6,1,13,8,2,13,1,0,4,1,0,0,76,0,1
1,1,0,4,1,13,3,2,2,1,1,-2,1,0,0,46,0,1
1,1,0,4,1,16,6,1,13,1,1,1,1,0,0,-159,0,1
1,1,1,5,1,20,10,1,8,2,1,5,1,0,0,67,0,1
1,1,0,6,1,4,4,1,13,2,1,-4,1,0,7,101,0,1
1,1,0,5,1,10,6,2,13,1,1,5,1,0,0,-41,0,1
1,1,1,5,1,9,5,2,12,2,1,2,1,0,0,0,0,1
1,1,0,4,1,10,4,1,12,2,1,6,1,0,0,-46,0,1
1,1,0,7,1,13,2,1,9,1,1,2,1,3,0,209,0,1
1,1,0,4,1,16,3,2,13,1,1,1,1,0,0,-71,0,1
1,2,0,6,1,11,10,1,12,1,1,2,1,0,0,29,0,1
1,1,0,4,1,14,5,1,12,2,2,6,1,0,0,37,0,1
0,1,0,4,2,16,5,2,13,2,1,-1,1,0,0,113,0,1
1,1,0,5,1,16,12,1,9,2,1,0,1,0,0,46,0,1
1,1,1,4,1,10,7,1,13,1,1,5,1,0,0,-12,0,0
1,1,1,5,1,17,1,1,13,1,1,0,1,0,0,131,0,1
1,1,0,4,1,20,3,2,11,2,1,1,1,0,0,-60,0,1
1,1,0,7,1,16,5,2,12,2,1,3,1,3,0,301,0,1
1,1,1,4,1,13,11,2,13,2,1,3,1,0,0,-47,0,1
1,1,0,4,1,14,11,2,13,2,1,2,1,0,0,-79,0,1
1,1,1,4,1,0,1,1,12,2,1,1,1,0,11,177,0,1
1,1,1,4,1,20,4,2,13,2,3,1,1,3,7,287,1,1
0,1,1,4,1,10,6,1,13,2,1,-1,1,0,0,-20,0,1
1,1,1,4,1,14,12,1,12,2,1,2,1,3,0,155,0,1
1,1,0,5,1,20,12,2,7,2,1,1,1,3,0,270,0,1
1,2,1,5,1,20,7,2,13,1,1,3,1,0,0,113,0,1
0,1,1,4,1,0,3,2,12,1,1,4,1,0,0,238,0,1
1,1,1,4,1,13,5,1,13,3,1,3,1,0,0,70,0,1
1,1,1,4,1,16,3,1,13,2,1,2,1,0,0,-11,0,1
1,1,0,6,1,11,9,2,8,1,2,2,1,0,0,-44,0,1
1,1,0,4,1,4,4,2,12,2,1,4,1,0,0,-9,0,1
0,1,1,2,1,14,12,1,8,1,1,0,1,0,7,141,0,1
1,1,1,4,1,13,1,2,13,1,1,3,1,0,0,141,0,1
1,2,0,5,1,1,6,1,13,1,1,0,1,0,0,10,0,1
1,1,1,4,1,16,11,2,13,1,1,3,1,0,0,75,0,1
1,1,1,4,1,4,9,2,13,2,1,2,1,0,0,-51,0,1
1,1,0,4,1,13,8,1,12,1,1,2,1,0,0,-88,0,1
1,1,1,4,1,3,1,2,12,1,1,4,1,0,0,-24,0,1
1,1,0,6,1,13,1,2,13,2,1,0,1,0,0,22,0,1
1,1,0,4,1,13,4,1,12,2,1,3,1,0,0,-137,0,1
1,1,0,4,1,1,8,1,12,1,1,5,1,0,0,-14,0,1
0,1,0,6,1,16,5,2,12,2,1,4,1,0,0,20,1,1
1,1,0,4,1,14,4,1,13,1,1,3,1,0,0,9,0,1
1,1,0,5,1,13,1,1,13,1,1,8,1,0,0,115,2,1
0,1,1,5,1,20,5,2,7,1,1,0,1,3,7,371,0,1
0,1,0,4,1,11,6,1,13,2,1,2,1,0,0,28,0,1
1,1,0,4,1,13,10,1,13,3,1,1,1,0,0,8,0,1
1,1,0,4,1,16,10,1,13,2,1,0,1,0,0,32,0,1
1,1,0,6,1,13,8,1,13,2,1,0,1,0,7,286,0,1
1,1,0,4,1,13,1,1,5,2,1,7,1,3,0,169,0,1
1,1,1,4,1,1,8,1,5,1,1,1,1,0,0,-75,0,1
1,1,0,5,1,11,2,1,13,1,1,1,1,0,0,-55,2,1
1,1,0,4,1,14,6,1,12,1,1,7,1,0,0,-18,0,1
1,1,1,5,1,1,12,1,8,2,1,1,1,0,0,10,0,1
1,1,0,4,1,4,2,2,12,2,1,2,1,0,0,-156,0,1
1,1,0,4,1,16,9,2,13,1,1,5,1,0,7,-100,0,1
1,1,0,6,1,14,2,1,0,3,1,0,1,0,0,70,3,1
1,1,0,4,1,16,3,1,12,2,1,1,1,0,0,-208,0,1
1,1,0,4,1,10,3,1,12,1,1,2,1,0,0,-174,0,1
0,1,0,4,1,16,9,2,13,1,1,6,1,0,0,35,0,1
1,1,0,4,1,1,1,1,2,2,2,3,1,0,7,153,2,1
1,1,1,5,1,11,10,2,7,2,1,4,1,0,0,-64,0,1
1,2,1,5,1,16,5,1,4,1,1,3,1,0,0,146,0,1
1,1,0,5,1,4,7,1,13,2,1,-1,1,0,0,8,0,1
1,1,0,4,1,13,3,2,13,3,1,2,1,0,0,112,0,1
1,1,1,4,1,10,7,2,12,2,1,3,1,0,0,55,3,1
1,1,1,4,1,13,6,1,13,2,1,2,1,0,0,32,0,1
1,1,0,4,1,13,9,1,13,3,2,1,1,0,0,-129,0,1
1,1,1,1,1,13,8,1,13,1,1,6,1,0,0,-23,0,1
1,2,0,4,1,13,4,2,13,1,3,2,1,0,0,-212,0,1
1,1,1,5,1,20,5,2,13,2,1,0,1,3,7,542,0,1
1,1,0,4,1,13,3,1,13,3,1,6,1,0,0,92,0,1
1,2,0,4,1,16,12,1,13,2,2,1,1,0,0,-140,0,1
1,2,0,4,1,10,10,1,13,2,1,1,1,0,10,-90,0,1
1,2,0,5,1,14,1,2,13,1,1,-3,1,0,0,-106,1,1
1,1,0,4,1,14,7,2,13,1,1,0,1,0,0,94,0,1
1,1,0,4,1,4,3,1,12,1,1,5,1,0,0,-222,0,1
1,2,0,3,1,10,6,1,12,3,1,2,1,0,0,216,0,1
1,1,1,5,1,13,10,1,12,2,1,8,1,0,0,31,0,1
1,1,0,5,1,16,8,2,9,1,1,1,1,0,0,148,0,1
0,2,0,4,1,18,8,1,13,1,1,-1,1,3,0,160,0,1
1,1,0,5,1,0,12,1,12,2,1,-1,1,3,7,108,0,1
1,1,0,4,1,13,7,1,12,2,1,5,1,0,0,-158,0,1
0,1,0,5,1,16,6,2,13,1,1,2,1,3,0,272,0,1
1,1,1,5,1,17,8,2,13,2,1,2,0,0,0,222,1,1
0,2,0,5,1,10,10,1,12,2,1,0,1,0,0,-6,0,1
0,1,0,6,1,14,2,1,12,3,1,-1,1,0,2,207,0,1
1,2,0,5,1,4,5,1,11,1,1,4,1,0,0,-76,0,1
1,2,0,4,1,0,5,1,12,2,1,0,1,0,0,28,1,1
1,1,0,4,1,19,1,2,12,0,1,3,1,0,0,141,0,1
1,2,1,4,1,13,3,1,7,2,2,4,1,0,0,-33,0,1
1,1,1,4,1,16,12,1,13,3,1,-1,1,0,0,-17,0,1
0,1,0,4,1,10,8,2,3,2,1,1,1,3,0,195,0,1
1,1,1,4,1,16,4,2,13,1,1,0,1,0,0,-41,0,1
0,1,0,6,1,11,9,1,12,2,1,0,1,0,0,-69,0,1
0,2,0,4,2,13,4,2,12,2,1,6,1,0,7,104,0,1
1,1,0,4,1,4,2,1,12,2,1,1,1,0,0,23,0,1
1,2,1,5,1,4,1,1,14,1,2,9,1,0,0,221,0,1
1,1,0,4,1,20,5,2,13,2,2,-1,0,3,7,305,0,1
1,2,0,4,1,10,6,2,12,1,1,7,1,0,0,-31,1,1
0,2,1,4,1,2,2,2,13,2,1,-5,1,0,0,40,0,1
1,1,0,4,1,16,4,2,13,1,1,0,1,0,0,48,0,1
1,1,0,5,1,13,6,1,13,1,1,3,1,0,0,-196,0,1
1,1,1,5,1,14,3,1,12,2,1,2,1,3,0,44,0,1
0,1,0,4,1,4,9,2,12,2,1,0,1,0,0,10,0,1
1,1,1,4,1,11,3,1,13,1,1,-1,1,0,0,-71,0,1
1,1,0,4,1,4,3,2,13,3,1,1,1,0,0,-111,0,0
1,1,0,5,1,14,9,1,14,1,3,-1,1,0,0,-45,0,1
1,1,0,4,1,13,8,1,13,2,1,4,1,0,0,34,0,1
1,1,1,5,1,10,3,1,13,2,1,0,1,3,7,242,0,1
1,1,0,4,1,11,3,1,12,2,1,1,1,0,0,-84,0,1
1,1,1,4,1,16,6,1,13,3,2,2,1,0,0,-30,0,1
1,1,0,6,1,20,10,1,13,1,1,-2,1,0,7,-1,0,1
1,1,0,4,1,11,7,2,13,1,1,-3,1,0,0,-105,0,1
1,1,0,5,1,13,9,1,12,1,1,5,1,0,0,-15,0,1
1,1,1,4,1,4,10,1,13,2,1,3,1,0,0,-98,0,1
0,1,1,5,1,12,3,1,12,1,1,1,1,0,0,165,0,1
0,1,0,5,1,14,12,1,13,2,1,3,1,3,9,408,1,1
1,1,0,6,1,4,5,2,13,2,1,4,1,0,0,-79,0,1
0,1,1,4,1,16,3,1,12,2,1,1,1,0,0,-75,0,1
1,1,1,5,1,16,3,1,12,1,1,1,1,3,0,133,0,1
1,1,1,4,1,13,12,1,12,1,1,0,1,0,0,40,0,1
1,1,0,5,1,4,3,2,13,1,1,3,1,0,0,-151,0,1
1,1,1,6,2,3,10,2,13,1,1,0,1,3,0,257,3,1
1,1,0,7,2,4,9,2,13,2,2,-1,1,0,0,151,0,1
1,1,0,4,1,13,7,1,12,2,1,6,1,0,0,-104,0,1
1,1,0,6,1,14,9,1,13,1,1,0,1,0,0,-166,0,1
1,2,0,5,1,4,11,1,13,2,1,2,1,0,0,-99,0,1
1,1,0,4,1,13,10,1,12,1,1,5,1,0,0,-130,0,1
1,1,0,4,1,10,10,1,13,2,1,3,1,0,0,58,0,1
1,1,0,4,1,1,10,1,13,2,1,1,1,0,0,-48,0,1
1,1,1,4,1,18,3,2,12,2,1,6,1,0,0,210,0,1
1,1,0,6,1,20,2,2,13,1,1,2,1,0,0,-3,0,1
1,1,0,6,1,14,5,1,12,2,1,5,1,0,0,41,0,1
0,1,0,4,1,16,2,2,8,2,1,0,1,0,0,263,0,1
1,1,0,4,1,0,2,2,13,1,1,2,1,0,0,-88,0,1
1,1,1,4,1,14,2,1,13,2,1,0,1,0,0,31,0,1
1,1,1,4,1,16,8,2,12,2,1,2,1,0,0,-263,0,1
1,2,1,4,1,1,8,2,12,3,1,1,1,0,0,228,0,1
1,1,0,5,1,11,3,1,12,2,1,0,1,0,0,-94,0,1
1,1,0,4,1,16,11,1,12,2,1,5,1,3,0,84,0,1
1,1,1,4,1,13,12,1,13,2,1,-1,1,0,0,230,0,1
1,1,0,6,1,10,2,1,12,3,1,3,1,3,0,281,1,1
1,1,0,5,1,16,5,1,9,2,1,1,1,0,0,40,0,1
1,2,1,4,1,13,1,1,12,1,1,-1,1,0,6,133,0,1
1,1,0,7,1,13,11,2,12,1,1,0,1,0,0,98,1,1
1,1,1,5,1,0,1,1,12,2,1,3,1,0,7,45,0,1
1,2,1,5,1,16,10,1,12,1,1,1,1,0,0,33,0,1
1,1,1,4,1,13,10,1,13,2,1,1,1,0,0,24,0,1
1,1,0,6,1,13,8,1,13,2,1,2,1,0,0,27,0,1
1,1,0,6,1,13,4,1,13,2,1,0,1,0,0,131,0,1
1,1,0,4,1,13,1,2,6,1,1,1,1,0,10,61,0,1
1,1,0,4,1,13,7,2,10,2,2,1,1,0,0,175,0,1
1,1,1,4,1,14,2,1,13,2,1,1,1,0,0,-85,0,1
0,1,0,4,1,4,1,2,12,2,1,6,1,0,0,-132,0,1
1,1,0,5,1,0,11,1,12,3,1,4,1,0,0,183,0,1
1,1,1,5,1,13,1,1,13,2,1,1,1,0,0,155,0,1
1,1,0,1,1,11,2,2,13,2,1,1,1,0,0,-33,0,1
1,2,1,4,1,13,1,2,12,1,1,4,1,0,0,240,0,1
1,2,0,4,1,16,9,2,14,1,1,1,1,3,0,217,0,1
1,1,1,5,1,13,8,2,13,1,1,4,1,0,0,16,1,1
1,1,1,4,1,0,2,1,13,2,1,1,1,0,0,91,0,1
1,1,0,5,1,16,3,1,12,1,1,4,1,0,0,-140,0,1
0,2,0,5,1,4,6,2,3,1,1,3,1,0,0,-44,0,1
1,1,0,4,1,0,4,1,13,2,1,3,1,0,0,-74,0,1
1,1,1,4,1,0,10,1,12,2,1,6,1,0,0,35,0,1
1,2,0,5,1,16,7,1,12,1,1,3,1,0,8,117,0,1
1,1,0,4,1,1,12,1,13,3,1,1,1,0,0,8,0,0
1,1,1,4,1,13,12,2,7,1,1,4,1,0,0,138,0,1
1,1,0,4,1,4,3,1,13,1,1,0,1,0,0,-94,3,1
1,1,0,4,1,13,4,1,13,1,1,0,1,0,0,61,1,1
1,1,0,4,1,0,11,2,13,2,1,0,1,0,0,-29,0,1
0,2,0,5,1,13,10,1,13,2,1,1,1,0,0,73,0,1
1,1,0,5,1,16,3,2,13,1,1,-1,1,0,0,-379,0,1
1,1,1,4,1,13,12,1,12,2,1,3,1,0,0,91,0,1
1,1,0,4,1,1,4,1,13,3,1,0,1,0,0,254,1,1
1,1,0,5,1,14,6,1,10,1,1,0,1,3,0,314,2,0
0,1,0,6,1,14,12,2,13,2,2,3,1,0,0,-28,0,1
1,1,0,5,1,11,8,2,12,2,1,-1,1,3,0,378,0,1
1,1,1,6,1,16,4,1,12,2,1,8,1,0,0,111,0,1
1,1,1,4,1,13,5,1,13,1,1,-1,1,3,0,294,0,1
1,1,1,6,1,1,5,1,12,1,1,6,1,0,0,-92,0,1
1,1,0,4,1,13,4,2,12,2,1,2,1,0,0,79,0,1
1,1,0,5,1,1,10,1,5,2,1,6,1,0,5,-16,0,1
1,1,1,5,1,16,5,1,14,2,1,5,1,0,0,111,0,1
1,1,0,4,1,13,3,1,13,2,1,5,1,0,0,28,0,1
1,1,1,4,1,13,10,1,13,2,1,-1,1,0,0,23,0,1
1,1,1,5,1,4,1,1,13,2,1,2,1,0,0,49,1,1
1,2,0,4,1,11,5,1,13,1,1,-1,1,0,0,124,0,1
1,1,0,4,1,14,1,2,13,2,3,-2,1,3,0,156,0,1
1,2,1,6,1,16,4,1,5,1,1,-1,1,0,0,247,0,1
1,1,0,4,1,13,3,1,12,1,1,-1,1,0,0,42,0,1
1,1,0,5,1,20,7,2,12,2,1,4,1,0,0,22,0,1
1,1,0,4,1,13,12,1,13,2,1,4,1,0,0,-89,0,1
1,1,0,6,1,16,5,1,12,2,1,-1,1,0,0,-23,2,1
1,1,0,4,1,13,10,1,13,2,1,0,1,0,0,126,0,1
1,1,0,4,1,20,2,1,13,1,1,2,1,0,0,18,1,1
1,1,1,4,1,14,1,2,12,3,1,2,1,0,7,150,0,1
1,1,1,5,1,14,5,2,13,3,1,-2,1,0,0,97,0,1
1,1,1,4,1,13,11,2,9,1,1,3,1,0,0,-63,1,1
1,1,0,5,1,4,2,2,13,2,1,-1,1,0,0,-178,0,0
1,1,0,4,1,13,10,2,12,2,1,9,1,0,0,5,0,1
1,1,0,4,1,11,3,1,12,1,1,4,1,0,0,-221,0,1
1,2,0,5,1,11,3,2,12,2,1,6,1,0,0,36,0,1
1,1,1,6,1,14,10,1,13,1,1,2,1,0,10,308,0,1
1,1,0,5,1,4,1,1,13,1,1,-2,1,0,0,-222,0,1
1,1,0,4,1,0,3,1,12,1,1,2,1,0,0,70,0,1
1,1,1,6,1,16,10,1,13,2,1,8,1,0,0,-67,0,1
1,1,0,4,1,14,11,1,12,1,1,2,1,0,0,112,0,1
1,1,0,5,1,14,7,1,13,2,1,1,1,0,0,7,0,1
1,1,0,4,1,13,8,2,13,2,2,0,1,0,0,65,0,1
1,1,1,4,1,13,3,1,13,2,1,-1,1,0,0,-6,0,1
1,1,0,5,1,4,3,2,12,2,1,1,1,0,0,124,0,1
1,1,0,4,1,3,10,2,13,1,1,4,1,0,0,-3,0,1
1,1,1,5,1,16,1,1,12,2,1,3,1,0,0,169,0,1
1,1,1,6,1,13,1,2,13,2,1,1,1,0,7,254,0,1
1,1,0,5,1,13,1,2,12,2,1,2,1,0,0,148,0,1
1,1,1,5,1,13,4,1,13,2,1,4,1,0,0,34,0,1
1,1,0,4,1,16,1,1,12,1,1,8,1,0,0,-188,0,1
1,1,0,4,1,16,10,2,12,0,1,-1,1,0,0,-63,0,1
1,1,0,5,1,14,12,1,2,2,2,-3,1,0,0,16,0,1
1,1,1,5,1,20,11,1,13,2,1,1,1,0,0,300,3,1
1,2,1,5,1,4,9,1,7,2,1,6,1,0,0,348,0,1
1,1,0,5,1,13,1,2,13,1,1,4,1,0,0,-99,0,1
1,1,0,4,1,4,3,2,7,1,1,4,1,0,0,-48,0,1
1,1,1,4,1,13,5,1,12,2,1,7,1,0,0,277,0,1
0,1,0,5,1,20,9,1,13,2,1,1,1,3,7,273,0,1
1,1,0,5,1,20,9,1,12,2,1,-2,1,0,0,-24,0,1
1,1,1,4,1,16,6,2,13,2,1,3,1,0,0,-45,0,1
1,1,0,4,1,16,12,1,12,2,1,1,1,0,0,6,0,1
1,1,1,4,1,13,1,1,12,2,1,1,1,0,7,-2,0,1
1,2,0,4,1,13,1,2,13,1,1,2,1,0,0,-56,0,1
0,1,0,4,1,16,8,2,13,2,1,2,1,0,6,149,0,1
1,1,1,4,1,13,8,2,4,1,1,-1,1,0,0,-40,0,1
1,1,1,4,1,16,2,1,13,2,1,1,1,0,0,142,0,1
1,1,1,4,1,13,2,1,12,2,1,4,1,3,0,272,0,1
1,1,0,4,1,13,9,2,13,1,1,5,1,3,0,290,1,1
1,1,1,4,1,13,4,1,13,1,1,1,1,3,7,129,0,1
1,1,0,5,1,17,2,1,13,2,1,3,1,0,0,66,0,1
1,1,0,5,1,16,1,1,13,1,1,4,1,0,0,35,0,1
1,1,1,5,1,16,1,1,12,2,1,3,1,0,0,119,0,1
1,1,0,6,1,13,1,1,12,2,1,4,1,3,0,363,0,1
1,1,0,6,1,4,3,1,12,2,1,4,1,3,7,242,0,1
1,1,1,5,1,13,2,1,0,2,1,3,1,0,0,66,3,1
1,1,1,4,1,16,11,1,12,1,1,0,1,0,0,-45,0,1
1,1,1,4,1,16,4,1,7,1,1,2,1,0,0,69,0,1
1,1,0,5,1,10,8,2,13,2,4,0,1,0,7,36,1,1
1,1,0,5,1,13,3,2,7,1,1,2,1,0,0,113,0,1
1,1,0,6,1,20,6,1,13,3,1,4,1,0,0,137,0,1
1,1,0,4,1,11,10,1,10,1,1,4,1,0,0,-133,0,1
1,1,0,6,1,13,12,2,13,1,1,0,1,3,0,180,0,1
1,1,0,4,1,0,7,1,13,1,1,3,1,0,0,-19,0,1
1,1,0,5,1,11,6,2,12,1,1,6,1,0,0,27,0,1
1,1,0,5,1,20,7,2,12,2,1,2,1,0,0,147,1,1
1,1,0,5,1,1,10,2,13,1,1,3,1,3,2,185,0,1
1,1,1,4,1,4,11,1,13,2,1,0,1,0,0,-40,0,1
1,1,0,5,1,10,10,2,13,1,1,5,1,0,0,-126,0,1
1,1,0,4,1,17,1,1,12,2,1,2,1,0,0,29,0,1
1,1,0,6,1,13,12,1,13,2,1,1,1,0,0,-195,0,1
0,1,0,5,1,10,5,1,13,2,1,5,1,0,0,48,1,1
1,1,1,5,1,13,2,1,7,1,1,1,1,4,0,54,0,1
1,1,0,5,1,10,5,1,7,2,1,2,1,0,0,60,0,1
1,1,1,5,1,13,11,2,2,1,1,1,0,3,0,228,0,1
1,1,0,4,1,20,7,2,12,2,1,4,1,0,0,-81,0,1
0,1,1,4,1,14,9,2,13,2,1,3,1,0,0,-2,0,1
1,1,1,4,1,11,3,2,13,1,1,1,1,0,0,-50,0,1
0,1,1,4,1,9,2,1,12,1,1,-2,1,0,0,137,1,1
1,1,0,4,1,4,6,2,13,2,1,2,1,3,0,105,1,1
1,1,1,5,1,11,10,2,12,2,1,7,1,0,0,-84,0,1
1,2,0,4,1,16,8,2,12,1,1,5,1,0,0,-26,0,1
1,1,0,5,1,11,2,1,13,2,1,1,1,0,2,-2,0,1
1,1,0,5,1,13,4,1,12,2,1,5,1,0,0,187,0,0
1,1,0,1,1,16,6,2,9,2,1,3,1,4,0,186,0,1
0,1,0,4,1,7,2,2,13,2,1,1,1,0,0,-81,0,1
1,1,0,6,1,10,5,1,13,1,1,2,1,0,0,212,0,1
1,1,0,5,1,11,5,2,12,1,1,2,1,0,0,18,0,1
1,1,1,4,1,13,11,2,13,3,1,-2,1,3,0,160,0,1
1,1,0,6,1,1,1,2,13,1,1,2,1,0,0,86,0,1
1,1,0,6,1,13,7,2,13,2,1,4,1,0,0,10,0,1
1,1,0,5,1,20,6,2,12,1,1,3,1,0,0,29,0,1
1,2,0,4,1,17,6,1,13,1,1,1,1,0,0,-26,0,1
0,1,0,5,1,16,11,1,7,1,1,6,1,0,0,103,0,1
1,1,1,4,1,16,1,2,12,1,1,-1,1,0,7,10,0,1
1,1,0,4,1,3,7,1,8,2,1,1,1,0,0,0,0,1
1,1,0,5,1,10,7,1,12,1,1,1,1,0,0,-156,0,1
1,1,1,4,1,13,1,1,12,1,1,6,1,0,0,92,0,1
1,1,0,4,1,4,10,2,10,2,1,6,1,0,0,-24,0,1
1,2,1,5,1,4,5,1,12,2,1,2,1,0,0,77,0,1
0,1,0,5,1,11,10,2,12,2,1,2,1,0,0,-138,0,1
0,1,1,4,1,11,2,2,12,1,1,2,1,0,0,-6,0,1
1,1,1,4,1,1,10,1,7,1,1,1,1,0,2,342,0,1
1,1,1,4,1,16,4,1,12,2,1,5,1,0,0,-67,0,1
1,1,0,7,1,13,6,1,13,1,1,1,1,0,0,-115,0,1
0,1,1,5,1,13,3,1,13,1,1,-2,1,0,0,-27,0,1
1,1,1,4,1,13,5,2,13,1,1,1,1,0,0,69,0,1
1,1,0,4,1,11,8,2,13,2,1,0,1,0,0,10,0,1
1,1,0,4,1,11,1,1,13,2,1,0,1,0,7,9,0,0
0,1,0,4,1,13,2,1,13,2,1,0,1,0,0,77,0,0
1,1,1,6,1,11,10,1,12,2,1,6,1,0,0,0,0,1
0,1,0,5,1,13,2,1,9,2,1,-5,1,4,0,-14,0,1
0,1,1,5,2,1,1,1,0,2,1,4,1,3,0,219,0,1
1,1,0,4,1,10,12,1,12,1,1,3,1,0,7,-83,0,1
1,1,0,4,1,13,2,2,13,2,1,1,1,0,0,-53,0,1
1,1,0,5,1,11,6,1,12,2,1,1,1,0,0,-46,0,1
1,1,1,5,1,16,8,1,12,1,1,6,1,0,0,-86,0,1
1,1,0,4,1,0,6,1,7,1,1,2,1,0,0,19,0,1
1,1,1,5,1,1,11,2,13,1,1,0,1,3,0,314,0,1
1,1,0,4,1,16,3,1,13,1,1,2,1,0,0,-78,0,1
1,2,0,4,1,13,10,1,13,2,1,2,1,0,0,-159,0,1
1,1,1,5,1,16,2,2,7,2,1,4,1,0,0,65,0,1
1,1,1,5,1,13,6,1,13,1,1,2,1,0,0,129,0,1
1,2,0,4,1,11,7,2,12,1,1,2,1,0,0,-233,0,1
0,1,0,5,1,12,5,2,13,2,1,3,1,0,0,70,0,1
1,1,0,4,1,13,10,1,13,2,1,-1,1,0,0,221,0,1
1,1,1,4,1,10,8,1,12,1,1,8,0,0,0,112,0,1
1,1,1,4,1,11,7,1,13,1,1,1,1,0,0,83,1,1
1,2,0,4,1,10,1,1,13,2,1,-1,1,0,0,-144,0,1
1,1,0,4,1,10,3,1,13,1,1,1,1,0,0,-31,0,1
1,1,0,5,1,14,12,1,13,2,2,-2,1,0,0,120,0,1
1,1,0,5,1,16,9,1,12,2,2,3,1,3,0,74,0,1
1,1,1,6,1,1,7,1,13,1,1,4,1,0,0,13,0,1
1,1,1,6,1,16,12,1,12,1,1,1,1,0,0,-40,1,1
1,1,1,5,1,21,9,2,13,1,1,0,1,1,0,175,0,1
1,1,0,4,1,16,6,1,13,2,1,1,1,0,0,-85,0,1
1,1,1,4,1,0,4,2,13,2,1,0,1,0,0,-4,0,1
1,1,1,5,1,14,11,2,12,1,1,7,1,0,0,-105,0,1
1,1,0,6,1,16,8,2,7,2,1,6,1,0,4,-48,0,1
1,1,1,5,1,4,5,2,12,2,1,4,1,0,0,-222,0,1
1,1,0,4,1,13,6,2,13,3,1,-2,1,0,7,47,0,1
1,1,0,4,1,4,1,1,12,1,1,5,1,0,0,-19,0,1
1,2,1,4,1,10,9,2,13,1,1,3,1,0,0,139,0,1
0,1,0,6,1,16,1,2,12,1,1,2,1,0,6,208,0,1
1,1,0,6,1,16,2,2,13,2,1,4,1,0,0,26,0,1
1,1,1,4,1,10,5,2,13,1,1,1,1,0,0,57,0,1
1,1,0,5,1,4,3,1,13,2,1,2,1,0,5,-209,0,1
1,1,1,5,1,13,1,1,12,3,1,6,1,0,0,155,1,1
1,2,0,4,1,1,11,1,13,1,1,3,1,0,0,-195,0,1
1,1,0,4,1,0,2,2,13,1,1,1,1,0,0,68,0,1
1,1,0,4,1,1,10,1,13,2,1,1,1,2,0,229,0,1
1,1,0,6,1,13,3,1,12,2,1,5,1,0,9,154,1,1
1,1,0,4,1,14,2,1,12,2,1,0,1,0,0,294,0,1
1,1,1,5,1,16,11,2,13,1,1,2,1,0,3,288,0,1
1,1,1,4,1,21,2,1,12,1,1,3,1,0,0,-132,0,1
1,1,0,5,1,16,8,1,13,3,1,1,1,0,0,-14,0,1
1,1,0,5,1,13,5,1,13,2,1,3,1,0,0,-97,0,1
1,1,0,4,1,20,7,1,13,2,1,1,1,3,7,211,0,1
1,1,1,4,1,4,2,2,13,1,1,0,1,0,0,-21,0,1
0,2,1,5,1,10,4,1,11,1,1,4,1,0,0,-21,0,1
1,1,1,4,1,4,9,1,1,1,2,1,1,0,0,36,0,1
1,1,0,6,1,4,9,1,12,2,1,1,1,0,0,98,0,1
1,1,0,5,1,13,4,1,7,2,1,-2,1,0,0,329,0,1
0,1,0,5,1,16,9,1,12,1,1,2,1,0,0,-67,0,1
1,1,0,7,1,20,8,1,11,2,1,0,1,2,7,307,0,1
1,1,1,5,1,13,1,1,7,1,1,4,1,0,7,302,0,1
1,2,0,4,1,6,10,1,12,3,1,2,1,3,0,92,0,1
1,1,0,4,1,4,6,1,13,2,1,0,1,0,0,-133,0,1
1,1,0,5,1,11,6,1,12,1,1,0,1,0,0,38,0,1
1,1,0,5,1,1,9,2,12,1,1,0,1,0,0,9,0,1
1,2,0,4,1,4,12,1,12,1,1,5,1,0,0,-55,0,1
0,1,1,4,1,16,7,2,9,1,1,-2,1,0,0,182,3,1
1,1,0,5,1,13,3,1,6,3,1,-1,1,0,0,161,0,1
1,1,1,4,1,11,10,1,13,2,2,1,1,0,0,180,0,0
1,1,0,6,1,4,9,2,12,2,1,6,1,0,0,27,0,1
1,2,1,5,1,1,8,1,12,2,2,3,1,0,0,-114,0,1
1,1,0,6,1,14,7,1,12,1,1,0,1,0,0,45,0,1
1,1,0,2,1,16,11,1,12,3,1,6,1,0,2,-58,0,1
0,1,0,4,1,13,3,2,12,2,1,6,1,0,0,14,0,1
1,1,0,4,1,13,7,2,13,1,1,-1,1,0,0,-95,0,1
1,1,0,4,1,20,12,1,13,1,1,1,1,0,0,17,1,1
0,1,1,6,1,20,5,2,12,2,1,8,1,0,0,102,0,1
0,2,0,6,1,14,12,1,7,1,1,6,1,3,0,164,0,1
1,1,0,6,1,16,9,2,13,2,1,-2,1,0,7,289,0,1
1,2,1,4,1,13,4,1,12,2,1,3,1,0,0,123,0,1
1,1,1,4,1,10,11,2,2,1,4,4,1,0,0,406,0,1
1,1,0,5,1,2,3,2,12,1,1,0,1,0,0,5,0,1
1,1,1,4,1,13,5,1,12,2,1,6,1,0,0,78,0,1
1,1,0,4,1,11,7,1,13,1,1,8,1,0,0,-105,0,1
1,1,1,5,1,14,2,1,13,1,1,-2,1,0,7,98,0,1
1,1,0,4,1,13,12,1,13,1,1,2,1,0,0,-135,1,1
1,1,0,6,1,10,6,1,12,2,1,2,1,0,0,-82,0,1
1,1,0,5,1,16,9,2,12,2,1,2,1,3,0,-43,0,1
1,1,1,4,1,1,5,2,13,2,1,3,1,0,0,161,0,1
1,1,0,3,1,13,10,2,13,2,1,5,1,0,0,-67,0,1
1,1,0,5,1,13,5,2,13,2,1,3,1,3,0,211,0,1
1,1,1,4,1,14,5,2,9,2,1,4,1,0,0,181,0,1
1,1,0,6,1,16,1,1,8,1,1,4,1,0,0,10,0,1
1,1,0,5,1,10,7,1,12,2,1,0,1,0,0,160,0,1
1,1,0,5,1,13,7,1,13,2,1,0,1,3,0,162,0,1
1,1,0,5,1,13,4,2,12,1,1,3,1,0,0,178,0,1
1,1,0,5,1,16,4,1,10,1,1,7,1,0,0,145,0,1
1,2,1,4,1,12,12,1,13,2,1,0,1,0,0,89,0,1
1,1,1,4,1,14,11,1,12,2,1,1,1,3,0,264,0,1
1,1,0,4,1,14,7,2,13,2,1,3,1,0,0,-182,0,1
1,1,1,5,1,20,3,1,13,2,1,1,1,3,0,223,0,1
1,1,0,5,1,10,1,1,12,2,1,0,1,0,0,221,0,1
1,1,0,4,1,5,3,2,13,1,1,4,1,0,0,-87,0,1
1,1,0,7,1,16,4,1,12,2,1,1,1,0,0,-118,0,0
0,1,0,4,1,5,12,1,12,1,1,3,1,0,0,-81,0,1
1,1,1,5,1,16,3,1,12,1,1,4,0,0,0,150,0,1
1,1,0,4,1,20,5,1,7,2,1,3,1,0,0,-18,0,1
1,1,0,5,1,13,9,2,13,2,1,5,1,0,0,88,0,1
1,1,0,4,1,14,10,2,12,2,1,3,1,3,0,106,0,1
1,1,0,5,1,4,8,2,13,2,1,4,1,0,0,342,0,1
1,1,0,4,1,16,3,1,7,2,1,0,1,0,0,-183,0,1
0,1,1,6,1,3,3,1,13,2,2,0,1,0,0,201,0,1
1,1,1,5,1,12,4,1,7,2,1,-1,1,3,0,476,3,1
1,1,0,4,1,13,5,2,13,2,1,0,1,0,0,-26,0,1
1,1,1,5,1,16,7,1,7,1,1,6,1,0,0,38,0,1
1,1,0,4,1,16,9,2,7,1,1,1,1,0,0,-41,0,1
1,1,0,4,1,11,3,2,13,1,1,1,1,2,0,-116,1,1
0,1,0,4,1,10,2,2,13,1,1,1,1,0,0,130,0,1
1,1,0,5,1,13,9,1,13,2,1,0,1,0,0,-96,0,1
1,1,0,4,1,14,8,1,13,1,1,-2,1,0,0,126,0,1
1,1,0,5,1,16,9,1,13,2,1,2,1,0,0,-109,0,1
1,1,0,5,1,0,6,1,12,2,1,6,1,0,0,-98,0,1
1,1,1,5,1,0,4,1,13,2,1,0,1,0,0,96,0,1
1,1,1,4,1,13,2,2,12,1,1,4,1,3,6,141,0,1
1,1,0,5,1,16,5,1,12,1,1,7,1,0,0,39,0,1
0,1,0,5,1,10,7,1,12,2,1,3,1,0,0,20,0,1
1,2,0,4,1,13,4,1,13,2,1,-3,1,0,0,-104,0,1
1,1,1,4,1,13,2,2,1,1,1,3,1,3,7,292,0,1
1,2,0,4,1,13,10,2,12,1,1,4,1,0,0,-53,0,1
1,1,1,4,1,20,6,2,14,1,1,1,1,0,0,200,0,1
1,1,0,4,1,16,9,1,13,2,1,0,1,0,0,181,0,1
1,1,1,6,1,13,4,2,12,1,1,2,1,0,0,-12,0,1
1,1,1,4,1,1,4,1,13,1,1,-1,1,0,0,-46,0,1
1,2,1,5,1,14,1,1,0,2,1,4,1,0,0,57,0,1
1,1,0,4,1,14,11,1,12,2,1,4,1,0,0,290,0,1
1,1,1,6,2,11,1,1,12,1,1,6,1,0,0,-76,0,1
1,1,0,5,1,16,3,1,13,1,1,2,1,0,0,-79,0,1
1,1,0,4,1,16,8,2,1,1,1,-1,1,0,0,-128,0,1
1,2,0,4,1,4,9,2,13,1,1,3,1,0,0,-118,0,1
1,1,0,5,1,14,12,2,14,2,1,-3,1,0,2,-16,0,1
1,1,1,6,1,14,5,1,12,1,1,0,1,0,6,233,0,1
1,2,0,6,1,14,7,2,13,2,1,2,1,0,0,-130,0,0
1,1,0,4,1,13,8,2,13,1,1,4,1,0,0,-48,0,1
1,1,1,4,1,11,10,2,13,2,1,2,1,0,0,-44,0,1
0,1,1,4,1,16,10,2,13,1,1,-1,1,0,0,126,0,1
1,1,0,4,1,13,12,1,13,2,1,1,1,0,0,-210,0,1
1,1,0,5,1,0,5,2,3,2,1,5,1,3,7,308,0,1
1,1,0,4,1,16,5,2,13,2,2,0,1,0,0,-64,0,1
1,1,0,4,1,4,8,1,13,2,1,-2,1,0,0,-87,0,1
1,1,0,4,1,13,4,1,13,2,1,5,1,0,0,-68,0,1
1,1,0,6,1,14,4,2,12,2,1,0,1,0,0,177,0,1
0,1,0,4,1,13,4,2,14,1,1,1,1,0,7,145,0,1
1,2,0,4,1,5,5,2,14,1,1,2,1,0,0,208,0,1
1,1,0,4,1,11,9,1,13,2,1,4,1,0,0,-235,0,1
1,1,0,5,1,20,3,2,7,2,1,3,1,0,0,411,0,1
1,1,0,5,1,1,2,2,12,1,1,1,1,0,0,168,0,1
1,1,0,5,1,11,10,1,7,2,1,4,1,0,7,324,0,1
1,1,0,4,1,13,3,1,12,1,1,1,1,0,0,81,0,1
1,1,0,4,1,13,5,2,12,1,1,3,1,0,0,-88,0,1
1,1,0,6,1,6,12,1,13,1,1,2,1,3,5,233,0,1
1,1,1,5,1,20,9,1,9,1,1,2,1,3,0,191,0,1
1,1,0,5,1,14,1,1,13,2,1,5,1,0,0,-66,0,1
1,2,0,6,1,20,8,1,13,3,1,0,1,0,0,91,1,1
1,1,1,5,1,13,3,1,8,2,1,3,1,0,0,-69,0,1
1,1,0,4,1,13,8,1,12,2,2,4,1,0,0,147,0,0
1,1,1,6,1,13,11,1,0,2,1,1,1,0,0,102,0,1
1,1,1,6,1,13,11,2,9,1,1,3,1,0,10,310,0,1
0,1,0,4,1,10,3,1,13,2,1,-3,1,0,0,-84,0,1
1,1,0,1,1,11,11,1,0,1,1,1,1,0,0,0,0,1
1,1,1,2,1,13,10,1,12,1,1,1,1,0,0,-31,0,1
1,1,0,5,1,10,2,2,13,2,1,4,1,0,0,169,0,1
1,2,0,4,1,16,10,1,12,1,1,2,1,0,5,196,0,1
1,2,1,5,1,11,12,1,12,1,1,10,1,0,0,131,0,1
0,1,0,5,1,14,3,2,13,2,1,1,1,0,0,-100,0,1
1,1,0,4,1,1,3,2,7,2,1,6,1,3,0,357,0,1
1,2,0,5,1,16,12,1,12,1,1,5,1,0,0,-11,0,1
1,1,0,6,1,14,5,1,5,1,2,-2,1,3,7,315,2,1
1,1,0,4,1,4,7,1,13,1,3,1,1,0,0,97,0,1
1,1,0,6,1,1,5,1,12,2,1,3,1,0,0,-47,0,1
1,1,0,4,1,14,7,1,13,2,1,2,1,0,0,-38,0,1
1,1,0,4,1,16,2,2,12,1,1,3,1,0,0,-17,0,1
0,1,0,6,1,13,2,1,13,2,1,1,1,0,7,86,0,1
1,1,0,6,1,0,2,2,8,2,4,1,1,0,0,-68,0,0
1,2,0,5,1,1,2,1,13,2,1,-1,1,0,0,57,0,1
1,1,1,5,1,11,3,1,13,2,1,3,1,0,0,151,1,1
1,1,0,7,1,11,4,1,13,2,1,4,1,0,0,-75,0,1
0,1,0,6,1,11,2,2,12,2,1,4,1,0,0,-179,0,1
1,1,1,4,1,10,3,1,13,2,1,3,1,0,0,79,0,1
1,1,0,4,1,13,11,1,13,2,1,3,1,0,7,59,0,1
1,1,0,7,1,14,12,2,13,2,1,4,1,3,0,80,0,1
1,1,1,4,1,14,4,1,13,1,1,-2,1,0,0,-6,1,1
1,1,1,4,1,13,7,1,11,1,1,1,1,0,0,78,0,1
1,1,1,5,1,10,2,2,13,2,1,0,1,3,0,-65,0,1
1,1,0,5,1,13,8,1,13,2,1,2,1,0,0,-75,0,1
1,1,0,5,1,16,6,2,12,3,1,1,1,0,0,108,1,1
0,1,0,4,1,1,1,1,13,2,1,1,1,3,0,153,0,0
1,1,0,5,1,11,12,1,13,2,1,2,1,0,0,-32,0,1
1,1,0,4,1,13,10,1,13,1,2,7,1,0,0,43,0,1
0,1,1,5,1,14,5,2,9,1,1,1,1,3,11,203,0,1
1,1,0,5,1,9,4,1,13,2,1,0,1,0,0,15,0,1
1,1,0,6,1,20,3,2,13,1,1,4,1,0,0,164,0,1
1,1,1,2,1,13,5,1,12,2,1,1,1,0,0,42,0,1
1,1,1,4,1,11,5,2,13,1,1,4,1,0,0,296,0,1
1,1,0,5,1,13,9,1,10,2,1,1,1,3,0,130,2,1
1,1,0,4,1,13,4,1,13,1,2,3,1,0,7,187,0,1
1,1,0,5,1,16,1,2,12,2,1,0,1,0,0,368,2,1
1,2,0,5,1,9,6,2,13,1,1,1,1,0,0,129,0,1
1,1,0,4,1,13,4,1,13,3,1,2,1,3,0,121,1,1
1,1,1,4,1,16,2,2,13,2,1,1,1,3,6,334,1,1
1,1,1,6,1,15,1,1,2,1,1,0,1,0,0,6,0,1
1,1,1,5,1,6,6,1,12,1,1,7,1,0,0,-12,0,1
1,1,1,5,1,1,3,2,12,2,2,2,1,0,0,-102,0,1
1,1,1,3,1,4,8,2,13,2,1,-3,1,0,0,153,1,1
1,1,0,5,1,16,8,1,13,1,1,2,1,0,0,0,1,1
1,1,0,4,1,13,12,2,12,1,1,0,1,3,0,22,0,1
0,1,0,5,1,16,8,2,8,1,1,2,1,0,0,91,0,1
1,1,1,6,1,4,6,2,13,2,1,1,1,3,0,19,0,1
1,1,1,6,1,16,4,2,10,1,1,-4,1,0,0,65,0,1
1,1,0,4,1,10,12,2,13,2,1,2,1,0,0,-53,1,1
1,1,1,4,1,11,5,1,12,2,1,4,1,0,0,-2,0,1
1,1,1,5,1,13,12,1,13,2,1,4,1,0,0,125,1,1
1,1,1,5,1,13,12,1,13,2,1,3,1,0,0,-18,0,1
1,2,0,4,1,13,9,1,13,2,1,5,1,0,0,-7,0,1
1,1,0,2,1,13,1,2,13,1,1,4,1,0,0,78,0,1
1,1,1,7,1,16,10,1,12,2,1,3,1,0,0,144,0,1
1,1,1,5,1,2,3,2,13,2,1,2,1,3,0,56,1,1
1,1,0,5,1,10,2,2,12,2,1,4,1,0,0,-70,0,1
0,2,0,6,1,16,6,1,2,2,1,3,1,3,0,103,0,1
1,1,0,4,1,16,6,2,7,1,1,-1,1,0,0,-154,0,1
1,2,0,4,1,11,4,2,12,1,1,2,1,0,0,-128,0,1
1,1,0,4,1,16,2,2,12,1,1,4,1,0,0,-71,0,1
1,2,1,6,1,16,11,1,13,1,1,1,1,0,0,-103,1,1
1,1,1,5,1,4,11,2,10,2,1,6,1,0,0,21,0,1
1,1,0,4,1,16,2,1,12,2,2,0,1,0,0,-18,0,1
1,1,0,4,1,11,3,1,13,1,1,4,1,0,0,-173,0,1
1,1,1,4,1,1,9,1,12,2,1,0,1,0,0,42,0,1
1,1,1,4,1,13,5,2,13,1,1,-2,1,0,0,135,0,1
1,1,1,1,1,4,10,1,13,1,1,1,1,0,0,22,0,1
1,1,0,4,1,4,8,2,13,1,1,0,1,0,0,-154,0,1
1,2,0,5,1,13,8,1,7,1,1,1,1,0,0,34,0,1
1,1,0,4,1,13,8,1,12,1,1,5,1,0,0,-171,0,1
1,1,0,4,1,4,5,1,12,1,1,11,1,0,0,30,0,1
1,1,0,4,1,11,4,1,12,2,1,-3,1,0,0,143,0,1
1,1,1,4,2,13,1,1,13,1,1,3,1,0,6,60,0,1
0,1,0,4,1,10,11,1,11,2,1,4,1,0,0,-21,0,1
1,1,0,5,1,14,3,2,13,1,1,-2,1,0,7,102,2,1
1,1,0,5,1,4,1,1,7,2,1,3,1,0,0,38,0,1
1,2,0,4,1,13,8,2,13,1,1,5,1,0,0,-38,0,1
1,1,0,5,1,13,3,1,12,1,1,1,1,0,0,-112,0,1
1,1,1,4,1,13,2,2,12,2,1,2,1,0,0,6,0,1
0,1,0,5,1,7,3,2,13,1,1,5,1,0,0,66,0,1
1,1,0,5,1,15,11,2,13,1,1,1,0,3,0,191,0,1
1,1,0,5,1,13,7,2,12,1,1,1,1,0,0,273,0,1
1,2,1,5,1,11,1,2,0,1,2,1,1,0,0,79,1,1
1,1,0,6,1,13,7,2,12,2,1,5,1,0,0,-49,0,1
1,1,0,2,1,16,2,2,12,1,1,5,1,0,0,8,0,1
1,1,0,4,1,16,8,2,12,2,1,9,1,0,0,6,0,1
0,1,0,4,1,10,5,2,13,2,1,-1,1,0,0,39,0,1
1,1,0,6,1,13,1,1,13,2,1,3,1,0,0,-21,0,1
1,1,0,2,1,16,7,1,12,2,1,3,1,0,0,-213,0,1
1,1,0,4,1,16,6,1,14,1,1,1,1,0,0,68,0,1
1,1,0,4,1,16,6,1,13,2,1,7,1,0,0,-1,0,1
1,1,0,5,1,16,4,1,13,1,1,1,1,0,0,-80,0,1
1,1,1,4,1,13,8,2,12,1,1,2,1,0,0,-165,0,1
1,1,1,4,1,1,10,1,13,2,1,3,1,0,0,-188,0,0
1,1,0,4,1,13,11,2,7,1,1,1,1,0,0,-85,1,1
1,2,0,6,1,16,5,1,12,1,1,3,1,0,0,36,0,1
1,1,0,4,1,13,8,1,12,1,1,8,1,0,0,-125,0,1
1,1,0,4,1,13,1,2,10,1,1,2,1,0,0,5,0,1
1,1,1,5,1,1,4,1,5,2,1,-2,1,3,0,326,0,1
1,1,1,4,1,13,5,2,13,3,1,2,1,0,0,80,0,1
1,1,0,4,1,1,6,2,3,2,1,6,1,0,0,61,0,1
1,1,0,5,1,16,9,2,12,1,1,4,1,0,0,226,0,1
1,1,0,2,1,10,9,2,13,2,1,0,1,0,0,-132,0,1
1,1,0,6,1,16,9,1,6,1,1,3,1,0,0,-88,0,1
1,1,0,4,1,16,7,1,12,2,1,1,1,0,0,-29,0,1
1,1,1,4,1,16,1,1,12,2,1,7,1,0,0,-51,0,1
1,1,1,5,1,13,4,1,12,2,1,1,1,0,0,186,0,1
1,1,0,4,1,11,1,2,8,2,1,2,1,0,0,226,1,1
1,1,0,4,1,11,3,2,13,2,1,-1,1,0,0,-33,0,1
1,1,1,5,1,12,11,2,1,1,1,5,1,0,0,193,0,1
1,1,0,6,1,11,10,1,13,1,1,7,1,0,0,48,0,1
1,1,0,4,1,1,12,1,12,1,1,1,1,0,0,32,0,1
1,1,0,7,1,18,10,1,13,1,1,2,1,0,0,64,0,1
1,1,0,4,1,16,10,2,12,1,1,2,1,0,0,-138,0,1
1,1,0,4,1,14,1,1,12,2,1,5,1,0,0,59,0,1
1,1,0,4,1,20,7,1,13,3,1,3,1,3,0,247,0,1
0,2,0,5,1,11,8,2,12,2,1,1,1,3,7,112,0,1
0,2,0,4,1,16,5,1,3,1,1,3,1,0,0,10,0,1
1,1,0,5,1,1,9,1,13,2,1,0,1,0,0,60,0,1
1,1,0,4,1,13,12,2,7,2,1,3,1,0,0,179,0,1
1,1,0,4,1,4,9,1,13,2,1,0,1,0,0,65,0,1
1,2,1,5,1,4,12,1,8,1,1,0,1,0,0,144,0,1
1,1,0,5,1,4,2,1,13,2,1,-1,1,0,0,-92,0,1
0,1,0,5,1,1,10,1,13,2,1,1,1,0,0,56,1,1
1,1,1,4,1,14,9,1,13,1,1,1,1,0,0,-199,0,1
1,1,0,5,1,14,1,1,12,1,1,1,1,0,0,125,0,1
0,1,0,4,1,13,1,1,13,2,1,4,1,0,0,-32,0,1
1,1,0,5,1,9,5,2,13,1,1,1,1,3,0,147,0,1
1,1,0,5,1,13,3,2,13,2,1,0,1,0,0,-18,0,1
1,1,0,4,1,1,12,2,13,2,1,4,1,0,0,-113,0,1
0,1,1,4,1,13,9,1,9,3,1,-1,1,0,0,-178,0,1
1,1,0,5,1,1,3,1,13,1,1,1,1,0,0,109,0,1
1,1,1,5,1,13,11,1,13,1,1,1,1,0,0,1,0,1
0,1,1,5,1,11,8,2,14,1,1,5,1,3,0,342,1,1
1,2,0,6,1,11,5,1,13,3,1,-1,1,0,0,-128,0,1
1,1,1,5,1,14,5,1,11,1,1,3,1,3,7,420,0,1
1,1,1,4,1,13,1,2,12,2,1,4,1,0,0,83,0,1
1,2,1,4,1,14,5,1,13,1,1,-1,1,0,0,92,0,0
1,1,0,5,1,16,3,2,9,2,1,5,1,0,0,178,0,1
1,1,1,5,1,16,10,2,7,1,1,0,1,0,7,49,0,1
1,1,1,4,1,0,8,1,12,1,1,3,1,0,0,-178,0,1
1,2,1,4,1,4,6,1,11,2,1,4,1,0,7,97,0,1
1,1,1,4,1,16,1,1,12,2,1,2,1,0,0,-15,0,1
0,1,1,5,1,16,12,1,13,1,1,4,1,0,0,134,0,1
1,1,0,4,1,13,2,2,12,3,1,8,1,0,0,-116,0,1
1,1,0,4,1,16,2,1,12,3,1,2,1,0,0,-115,0,1
1,1,0,5,1,16,8,2,12,2,1,2,1,0,0,87,0,0
1,1,0,6,1,13,8,2,12,1,1,5,1,0,0,85,0,1
1,2,0,4,1,14,12,2,14,1,1,1,1,0,0,42,0,1
1,1,0,4,1,4,5,2,13,2,1,2,1,0,0,87,0,1
1,1,0,5,1,14,11,1,12,2,3,2,1,0,0,45,0,1
1,1,0,5,1,13,2,1,12,1,1,8,1,0,0,-89,0,1
1,1,0,5,1,13,3,2,13,2,1,2,1,0,0,97,0,1
1,1,0,4,1,4,9,2,13,3,1,-3,1,0,0,-118,0,1
1,1,1,6,1,0,11,1,13,2,1,2,1,3,0,263,1,1
1,1,0,4,1,22,5,2,13,2,1,6,1,0,7,158,0,1
1,1,0,4,1,13,9,1,12,2,1,2,1,0,0,-226,0,1
1,1,1,4,1,11,8,1,13,2,1,-5,1,4,0,104,0,1
1,1,0,4,1,13,12,1,7,2,1,6,1,0,0,-13,0,1
1,2,1,4,1,13,1,2,12,2,1,3,1,0,0,18,0,1
1,1,0,6,1,20,3,2,14,1,1,-1,1,0,0,101,0,1
1,2,0,5,1,13,7,2,7,2,1,4,1,2,0,161,2,1
1,1,0,4,1,4,10,1,13,2,1,3,1,0,0,-149,0,1
1,1,0,4,1,13,2,2,12,1,1,5,1,0,0,-162,0,1
1,1,0,6,1,4,3,1,13,1,1,5,1,0,0,14,0,1
1,1,1,5,1,3,8,2,10,1,1,0,1,0,7,352,0,1
1,1,0,5,1,20,3,2,13,1,1,5,1,0,0,20,0,1
1,2,0,6,1,13,9,1,13,2,1,-2,1,3,0,236,2,1
1,1,1,4,1,13,12,2,11,1,1,3,1,0,0,112,0,1
1,1,1,4,1,10,2,1,12,1,1,2,1,0,0,53,0,1
1,1,0,4,1,14,6,2,13,1,1,-5,1,0,0,107,1,1
1,1,0,4,1,13,6,1,13,2,1,1,1,0,0,25,0,1
1,1,1,4,1,10,9,1,12,2,1,-1,1,3,0,136,0,1
0,1,0,5,1,14,10,2,12,2,1,4,1,0,0,118,0,1
1,1,0,3,1,13,9,1,10,1,1,0,1,0,0,73,0,1
1,2,0,4,1,4,9,1,13,2,2,2,1,0,0,-12,0,1
1,1,0,5,1,13,3,1,8,2,1,0,1,0,0,125,0,1
1,1,0,5,1,11,11,1,12,2,1,5,1,0,0,38,0,1
0,1,1,4,1,13,1,2,13,1,1,2,1,0,0,92,0,1
1,1,0,4,1,16,5,1,11,1,1,4,1,0,0,187,0,1
0,1,1,5,1,1,1,1,13,2,1,3,1,3,0,284,0,1
1,1,1,4,1,2,1,1,12,2,1,3,1,0,0,14,0,1
1,1,0,2,1,13,5,2,7,1,1,-1,1,3,0,119,0,1
1,1,0,4,1,13,9,1,13,2,1,1,1,0,0,175,0,1
1,1,0,6,1,14,10,1,11,2,1,3,1,0,6,-104,0,1
1,1,0,5,1,1,1,2,12,1,1,1,1,0,0,28,0,1
1,1,0,5,1,13,12,1,7,1,1,4,1,0,0,104,0,1
1,1,1,7,1,11,12,2,7,1,1,5,1,0,0,-21,0,1
1,1,0,4,1,13,10,1,7,1,1,0,1,0,0,-43,0,1
1,1,0,4,1,13,3,1,13,2,1,-1,1,0,0,-14,0,1
1,1,0,4,1,13,5,2,13,2,1,2,1,0,0,-83,0,1
1,1,1,5,1,4,9,1,13,1,1,0,1,0,0,176,0,1
1,1,0,4,1,4,9,2,12,2,1,3,1,0,0,9,0,1
1,1,1,4,1,10,8,1,12,1,1,3,1,0,0,13,0,1
1,1,0,4,1,1,3,1,12,1,1,4,1,0,0,-40,0,1
1,1,1,5,1,1,4,2,12,1,1,2,1,0,0,13,0,1
1,1,1,6,1,13,3,1,13,2,1,0,1,0,0,145,0,1
1,1,1,5,1,0,11,1,12,2,1,2,1,0,0,91,0,1
1,1,1,4,1,13,7,1,3,1,1,2,1,0,0,88,0,1
1,1,1,4,1,13,8,2,6,1,1,-1,1,0,0,27,0,1
1,2,1,4,1,14,6,2,7,1,1,6,1,0,0,167,0,1
1,1,0,4,1,13,7,1,13,2,1,0,1,0,7,-9,0,1
1,2,0,5,1,13,1,1,13,1,4,0,1,3,0,225,0,1
0,1,0,4,1,13,11,2,10,2,1,1,1,3,11,271,0,1
0,1,0,6,1,13,7,1,13,2,1,4,1,0,0,-110,0,1
1,1,0,5,1,4,9,1,13,2,1,3,1,0,0,-57,0,1
0,1,0,4,1,14,5,2,12,2,1,2,1,0,0,130,0,1
1,1,0,5,1,11,5,2,12,1,1,5,1,0,0,-131,0,1
1,1,0,6,1,4,11,1,13,2,1,6,1,0,0,87,0,1
1,2,0,4,1,13,2,2,13,2,1,-2,0,0,0,-36,0,1
1,1,0,5,1,16,1,1,12,2,1,3,1,0,0,40,0,1
1,1,0,4,1,16,12,1,13,1,1,0,1,0,0,-48,0,1
1,1,0,5,1,1,3,1,13,2,1,1,1,0,0,-167,0,1
1,1,1,4,1,20,7,2,13,2,1,4,1,0,0,160,0,1
1,1,1,5,1,0,8,1,13,2,1,2,1,0,0,91,0,1
1,2,1,4,1,4,3,2,12,1,1,-1,1,0,0,-89,0,1
1,1,1,4,1,0,8,1,13,2,2,2,1,3,0,210,3,1
1,1,0,5,1,4,11,2,12,2,1,4,1,0,0,138,0,1
1,1,1,6,1,1,7,2,7,2,1,3,1,0,0,125,1,1
1,1,1,4,1,13,6,2,10,1,1,4,1,0,0,220,0,1
1,1,1,4,1,14,5,1,13,1,1,4,1,0,7,35,0,1
1,1,1,5,1,6,1,2,8,1,1,5,1,0,2,188,0,1
1,1,0,4,1,1,8,1,8,1,1,0,1,0,0,104,0,1
1,1,0,5,1,13,6,2,13,2,1,5,1,0,0,17,0,1
1,1,0,5,1,16,5,1,12,2,1,5,1,0,0,-298,0,1
1,1,0,4,1,20,8,2,12,1,1,2,1,0,0,62,0,1
1,1,0,4,1,13,6,1,13,3,2,-1,1,0,0,-47,0,1
1,1,0,5,1,4,7,1,12,1,1,7,1,0,0,58,0,1
1,1,0,1,1,13,1,1,13,1,1,7,1,0,0,-19,0,1
1,1,1,5,1,4,10,1,7,1,2,2,1,0,0,79,0,1
1,1,0,5,1,13,1,2,12,1,1,8,1,3,0,123,0,1
1,1,0,6,1,12,11,2,12,2,1,4,1,0,0,60,0,0
1,1,0,5,1,13,7,1,4,1,1,-2,1,0,0,45,0,1
1,1,1,5,1,15,10,2,12,1,1,1,1,0,0,83,0,1
1,2,0,4,1,10,9,1,10,2,1,6,1,0,0,-1,0,1
1,1,1,5,1,4,11,1,12,1,1,0,1,0,0,78,0,1
1,1,0,4,1,20,9,2,12,0,1,3,1,0,0,106,1,1
1,2,0,4,1,13,12,1,12,1,1,6,1,0,0,27,0,1
1,1,1,4,1,13,11,1,12,2,1,5,1,0,0,37,0,1
1,1,1,4,1,10,1,1,13,1,1,1,1,0,0,-67,0,1
1,1,0,4,1,13,10,2,12,1,1,1,1,0,0,-172,0,1
1,1,0,4,1,0,6,2,7,3,1,7,1,0,0,-27,0,1
1,1,0,5,1,1,11,1,12,3,1,3,1,0,6,117,0,1
1,1,1,5,1,14,3,1,13,1,1,1,1,0,0,167,0,1
1,1,0,5,1,10,5,1,13,1,1,2,1,0,0,-218,0,1
1,1,0,4,1,1,3,1,12,2,1,2,1,0,0,94,0,1
1,1,1,4,1,20,7,2,13,1,1,3,1,0,0,75,0,1
1,1,0,4,1,13,11,1,7,2,1,0,1,0,0,29,0,1
1,2,1,6,1,16,5,1,4,1,1,3,1,0,0,30,0,1
1,1,0,4,1,1,7,2,13,2,1,-1,1,0,0,39,0,1
1,2,0,4,1,13,7,2,12,2,1,-2,1,0,0,-38,0,1
1,1,0,5,1,16,12,1,12,3,2,5,1,3,0,258,0,1
0,1,1,4,1,13,4,1,11,2,4,2,1,3,0,326,0,1
1,1,0,5,1,16,5,1,13,2,1,2,1,0,0,214,0,1
1,1,0,4,1,4,3,2,12,1,1,-5,1,0,7,-69,0,1
1,1,0,4,1,1,8,2,13,1,1,1,1,4,0,48,0,1
1,1,0,4,1,13,5,1,13,1,1,0,1,0,0,-195,0,1
0,1,0,5,1,13,5,2,13,1,1,3,1,0,7,47,0,1
1,1,0,4,1,4,3,2,13,1,1,5,1,0,0,-17,0,1
1,1,0,4,1,14,7,1,13,1,1,4,1,0,2,98,0,1
0,1,1,4,1,9,6,2,13,1,1,1,1,0,0,130,0,1
1,1,1,5,1,6,2,2,13,1,1,1,1,0,8,124,0,1
1,1,0,6,1,14,3,2,13,2,1,5,1,0,0,-128,0,1
1,1,1,4,1,20,5,1,12,2,1,3,1,0,0,9,0,1
1,2,0,5,1,13,10,2,12,2,1,7,1,0,0,-45,0,1
1,1,0,5,1,13,11,1,13,2,1,3,1,0,8,-133,0,1
1,1,1,4,1,13,4,1,12,3,1,2,1,0,0,182,0,1
1,1,0,4,1,1,5,1,12,3,1,2,1,0,0,-1,0,1
1,1,1,4,1,20,9,1,13,2,1,2,1,0,0,-19,0,1
1,1,0,4,1,13,4,2,13,2,1,0,1,0,0,55,0,1
1,1,0,5,1,0,9,2,12,2,1,4,1,0,0,28,0,1
1,1,0,5,1,4,7,1,13,2,1,1,1,0,0,201,0,1
1,1,0,4,1,16,5,1,12,2,1,5,1,0,0,-34,1,1
0,1,1,4,1,14,8,2,12,1,1,2,1,0,6,241,1,1
0,1,1,6,1,10,4,2,13,1,1,2,1,0,0,-80,0,1
1,1,0,5,1,16,2,2,13,1,1,4,1,0,0,-73,0,0
1,1,0,6,1,20,12,1,13,2,1,5,1,0,0,-60,0,1
1,1,1,6,1,13,3,1,0,1,1,2,1,0,0,235,0,1
1,1,0,4,1,4,4,2,12,1,1,0,1,0,0,-24,0,1
0,1,0,4,1,15,11,1,13,1,1,2,1,0,0,60,0,1
1,1,0,4,1,13,12,2,13,1,1,1,1,0,0,-28,0,0
1,1,0,5,1,13,3,2,9,1,1,5,1,0,0,105,0,1
1,2,1,5,1,16,12,1,12,1,1,7,1,0,0,57,0,1
1,1,1,5,1,13,5,2,12,1,1,0,1,0,0,-63,0,1
1,1,0,4,1,11,11,2,1,2,1,4,1,0,0,131,0,0
1,1,0,5,1,13,3,1,13,2,1,-2,1,0,0,-83,0,1
1,1,0,6,1,16,8,2,13,1,1,5,1,0,0,-35,0,0
1,1,0,4,1,13,7,1,13,1,1,4,1,0,0,-104,0,1
1,1,1,4,1,13,10,1,7,2,1,1,1,0,0,215,0,1
1,2,0,4,1,14,12,1,13,1,1,5,1,0,0,-76,0,1
1,1,1,4,1,20,12,1,13,1,1,0,1,0,0,-48,0,1
1,1,0,4,1,14,11,2,13,2,1,-2,1,0,0,99,0,1
1,1,1,4,1,13,1,2,9,1,1,5,1,3,0,274,0,1
0,1,0,4,1,16,9,1,13,2,1,-2,1,0,2,198,0,1
1,1,0,4,1,1,5,2,12,1,1,4,1,0,0,170,0,1
1,1,1,5,1,11,5,2,13,1,1,6,0,0,0,-24,0,1
1,1,0,5,1,13,8,1,12,2,1,2,1,0,0,-47,0,1
1,1,0,5,1,16,11,1,13,1,1,3,1,0,0,167,0,1
1,1,0,5,1,10,1,1,12,2,2,7,1,0,0,-25,0,1
1,1,1,5,1,1,1,2,13,1,1,4,1,0,11,197,0,1
1,1,0,4,1,11,5,2,13,1,1,1,1,3,7,327,0,1
1,1,0,5,1,13,8,1,13,1,1,1,1,0,0,-124,0,1
1,2,0,4,1,13,5,1,13,1,1,4,1,0,0,-1,0,1
1,1,0,7,1,0,6,1,13,1,1,0,1,0,0,-21,0,1
1,1,1,2,1,13,12,1,13,1,1,1,1,0,7,190,0,1
1,1,0,4,1,13,1,2,13,1,1,5,1,0,0,-101,0,1
1,1,1,4,1,14,10,2,12,1,1,4,1,0,0,147,0,1
1,1,0,5,1,10,5,1,13,1,1,1,1,0,0,24,0,1
0,1,0,6,1,10,8,1,7,1,1,-1,1,3,7,437,1,1
1,1,0,4,1,11,3,1,12,2,1,-1,1,0,0,13,0,1
1,1,0,5,1,13,10,1,9,1,1,4,1,3,0,267,0,1
1,1,0,4,1,10,6,1,13,2,1,0,1,0,0,-184,0,1
1,1,0,5,1,12,9,1,2,1,2,1,1,0,0,208,0,1
1,2,1,6,1,10,5,2,12,1,1,7,1,0,0,-124,0,0
1,2,1,6,1,16,6,2,12,2,1,4,1,0,0,-137,0,1
1,1,0,4,1,16,1,1,12,2,1,7,1,0,0,5,0,1
1,1,0,4,1,13,4,1,13,2,1,4,1,0,0,64,0,1
1,1,0,4,1,11,7,1,12,1,1,2,1,0,0,15,0,1
1,1,0,4,1,14,7,2,13,2,1,1,1,0,0,-18,0,1
1,1,1,4,1,7,1,2,13,1,1,1,1,0,0,172,0,1
1,1,1,6,1,13,7,1,13,2,1,1,1,3,7,311,0,1
0,1,0,4,1,13,8,2,12,2,0,8,1,0,0,16,0,1
1,1,1,4,1,14,6,2,13,2,2,-5,1,0,0,-23,0,1
0,2,0,4,1,1,7,1,13,2,1,-1,1,0,0,139,0,0
1,2,1,5,1,14,7,1,8,1,1,9,1,0,0,97,1,1
1,1,1,5,1,11,5,2,12,2,1,6,1,0,0,-115,0,1
1,1,0,4,1,13,2,1,0,1,1,5,1,0,0,155,0,1
1,1,1,6,1,14,4,2,13,1,1,1,1,0,0,112,0,1
1,2,1,6,1,16,10,1,12,2,0,3,1,0,0,14,0,1
1,1,0,4,1,13,12,1,12,2,2,2,1,0,0,127,0,1
1,1,0,5,1,11,12,2,12,2,1,5,1,0,0,-232,0,1
1,1,0,5,1,5,9,2,13,2,1,-1,1,0,0,33,0,1
1,1,1,5,1,14,10,2,13,3,1,7,1,0,0,-152,0,1
1,2,1,5,1,11,7,1,12,2,1,2,1,0,0,65,0,0
1,2,0,4,1,16,1,2,13,2,1,2,1,0,0,68,0,1
1,1,0,5,1,13,12,1,13,2,1,1,1,0,0,-46,0,0
0,1,1,4,1,13,2,2,13,2,1,1,1,3,0,104,0,1
1,1,1,4,1,0,11,1,8,1,1,3,1,0,0,108,0,1
1,2,0,4,1,10,3,2,7,2,2,1,1,0,0,208,0,1
0,1,0,4,1,11,10,1,12,2,1,1,1,0,0,3,0,1
1,1,0,4,1,13,8,1,8,1,1,2,1,3,0,3,0,1
1,1,1,4,1,11,4,1,13,1,1,-1,1,0,0,-75,0,1
1,1,0,4,1,14,7,1,12,1,1,0,1,0,0,-77,0,1
1,1,0,7,1,13,9,1,13,2,1,3,1,0,0,-130,0,1
1,1,0,4,1,1,7,1,12,2,0,0,0,0,0,124,0,1
0,1,0,4,1,13,4,2,13,1,1,1,1,0,0,206,0,1
1,1,0,5,1,10,11,2,6,2,1,1,1,0,0,33,0,1
1,1,1,4,1,13,10,2,12,2,1,3,1,0,0,88,0,1
1,1,0,5,1,16,2,1,12,2,1,0,1,0,0,-64,0,1
1,1,0,4,1,2,6,2,12,2,1,4,1,0,0,20,0,1
1,1,0,4,1,13,10,1,13,1,1,2,1,0,0,55,0,1
1,1,0,4,1,11,3,1,9,1,1,5,1,0,0,49,0,1
0,1,0,7,1,11,3,2,13,2,1,0,1,0,0,-27,0,1
1,1,0,4,1,13,8,2,12,2,1,5,1,0,0,-30,0,1
1,2,1,4,1,11,10,1,12,2,1,2,1,0,0,-90,0,1
1,1,1,5,1,10,3,2,12,1,1,2,1,0,0,188,1,1
1,1,1,4,1,11,2,1,13,1,2,0,1,0,0,-60,0,1
1,1,0,5,1,16,10,1,12,2,1,-1,1,3,0,316,0,1
1,1,0,3,1,13,7,1,13,2,1,0,1,0,0,116,0,1
1,1,0,5,1,9,10,2,7,1,1,3,1,3,7,317,0,1
1,1,1,5,1,8,12,1,12,3,1,1,1,0,7,65,0,0
1,1,0,6,1,3,4,2,13,2,1,3,1,0,0,191,0,1
1,2,0,4,1,16,9,2,12,2,1,7,1,0,0,-64,1,1
1,1,0,5,1,1,2,1,6,1,1,10,1,0,0,27,0,1
1,1,0,5,1,13,4,2,13,1,1,1,1,0,0,77,0,1
1,1,0,4,1,16,10,1,0,1,1,1,1,0,0,100,0,1
1,1,0,6,1,13,9,1,13,1,1,1,1,0,0,58,0,1
0,2,1,5,1,13,3,1,13,2,1,2,1,0,0,-138,0,1
1,1,1,4,1,16,9,1,13,2,1,1,1,0,0,-75,0,1
1,1,1,5,1,13,8,2,12,1,1,-1,1,0,0,-105,0,1
1,1,0,4,1,13,1,2,13,3,1,2,1,0,0,92,0,1
1,2,1,5,1,9,7,2,6,1,1,1,1,3,7,321,0,1
1,2,0,4,1,11,5,2,13,2,1,2,1,0,0,-27,0,1
1,1,0,4,1,1,11,1,13,1,1,1,1,3,0,180,0,1
1,2,0,5,1,22,12,1,13,2,1,1,1,0,0,186,1,1
1,1,0,4,1,10,12,1,12,1,1,6,1,0,0,-57,0,1
0,1,1,5,1,8,5,2,5,1,1,5,1,0,0,27,0,1
1,1,0,4,1,14,4,1,13,2,1,2,1,0,0,36,0,1
1,1,0,4,1,16,5,1,5,1,4,2,1,0,0,160,0,1
1,1,0,4,1,10,12,1,13,1,1,1,1,0,0,-110,0,1
1,1,1,4,1,20,1,2,13,1,1,3,1,0,5,117,0,1
1,1,0,4,1,11,11,1,13,2,2,-1,1,3,0,90,0,1
1,2,0,4,1,10,2,1,13,1,1,0,1,0,0,-218,0,1
1,1,0,6,1,13,11,1,12,1,1,5,1,0,0,86,0,1
1,1,0,4,1,4,10,2,13,1,1,-2,1,0,0,-110,0,1
1,1,0,4,1,10,5,1,13,1,1,5,1,0,0,-49,0,1
1,2,1,4,1,11,2,1,13,3,1,0,1,0,0,71,0,1
1,1,0,4,1,19,10,1,12,2,1,5,1,0,0,44,0,1
1,1,0,4,1,1,12,1,13,1,1,5,1,0,0,65,0,1
1,2,0,5,1,13,9,1,12,2,1,1,1,0,0,86,0,1
1,1,0,6,1,20,11,1,13,3,1,-1,1,0,0,27,0,1
1,1,0,5,1,16,8,1,12,2,1,7,1,0,0,-90,0,1
1,1,1,4,1,16,3,1,13,2,1,2,1,0,0,-83,0,1
0,1,0,4,1,16,8,1,12,2,1,2,1,0,0,-91,0,1
1,1,0,4,1,13,9,1,12,1,1,5,1,0,0,-26,0,1
1,1,0,7,1,13,5,2,12,2,1,1,1,0,0,27,0,1
1,1,0,4,1,11,8,1,12,1,1,2,1,0,0,-61,0,1
1,1,0,4,1,20,1,1,13,1,1,-3,1,0,0,-1,0,1
0,1,0,5,1,11,5,2,7,2,1,1,1,0,0,-3,0,1
1,1,0,5,1,13,4,1,13,0,1,2,1,0,0,171,0,1
1,1,0,4,1,10,4,2,12,1,2,-2,1,0,0,83,0,1
1,1,0,4,1,4,10,2,13,3,1,2,1,0,0,-135,0,1
1,1,1,6,1,13,12,1,13,2,1,-3,1,0,0,-61,0,1
1,1,0,4,1,0,6,1,13,1,1,2,1,0,0,-88,0,1
1,1,0,5,1,13,8,2,12,1,1,6,1,3,0,92,0,1
1,1,0,5,1,14,11,1,13,2,1,3,1,0,0,11,1,1
1,1,0,5,1,14,2,1,6,2,1,6,1,0,0,208,2,1
1,1,0,4,1,13,11,1,13,3,2,0,1,0,0,118,0,1
1,2,1,4,1,1,1,1,12,2,2,3,1,0,7,139,0,1
1,1,0,4,1,13,10,1,13,2,1,2,1,0,0,56,0,1
1,1,0,7,1,20,11,1,5,2,1,5,1,0,0,-32,0,1
1,1,0,6,1,14,5,1,13,3,1,3,1,0,0,34,0,1
1,1,1,5,1,11,5,1,12,1,1,2,1,0,0,150,2,1
1,1,1,4,1,13,12,1,13,3,1,1,1,0,0,23,0,1
1,1,1,5,1,13,7,2,12,1,1,5,1,0,0,133,0,1
0,2,0,4,1,4,7,1,11,1,1,4,1,0,0,38,0,1
0,1,0,4,1,11,10,2,13,1,1,3,1,0,0,-95,0,1
1,1,0,7,1,11,11,2,13,1,1,2,1,0,0,-66,0,1
1,1,0,4,1,20,1,1,12,2,1,3,1,0,0,115,0,1
1,1,0,4,1,0,2,1,13,2,2,1,1,0,0,-30,0,1
1,1,0,4,1,13,2,2,5,1,1,-1,1,0,0,209,0,1
1,1,0,4,1,1,7,2,12,3,1,2,1,0,0,48,0,1
1,1,0,4,1,16,10,2,13,1,1,2,1,0,0,97,0,1
1,1,0,4,1,13,7,2,13,1,1,3,1,0,0,-152,0,1
1,1,1,4,1,0,10,2,13,2,1,2,1,0,0,-6,0,1
0,1,1,4,1,0,11,1,13,2,1,1,1,0,0,281,0,1
1,1,1,4,1,13,12,1,4,2,1,4,1,3,3,352,0,1
1,1,0,4,1,13,2,1,12,1,1,6,1,0,0,-36,0,1
0,1,1,6,1,13,9,2,2,1,1,-2,1,0,0,83,0,1
1,1,0,6,1,13,4,1,12,2,1,3,1,0,0,11,0,1
1,2,1,4,1,14,5,2,7,2,1,4,1,0,0,231,2,1
1,1,0,4,1,16,2,1,13,2,1,0,1,0,0,81,2,1
1,1,0,6,1,11,10,2,7,0,1,3,1,0,0,139,2,1
1,2,0,7,1,0,6,1,12,1,1,3,1,0,0,94,0,1
1,1,1,2,1,11,3,2,12,2,1,4,1,0,0,22,0,1
1,2,0,4,1,13,2,2,12,2,2,0,1,0,0,-42,0,1
1,1,1,6,1,10,7,1,12,2,1,6,1,0,0,50,0,1
1,1,1,4,1,13,5,1,13,2,1,-1,1,0,0,51,0,1
1,1,0,5,1,16,12,1,12,2,1,4,1,0,0,-22,0,1
0,1,0,4,1,4,6,1,13,2,1,0,1,0,0,17,0,1
1,1,1,4,1,16,5,1,12,2,1,5,1,0,0,-69,0,1
1,1,1,4,1,16,12,2,7,0,1,0,0,3,0,482,0,1
0,1,0,5,1,16,2,1,13,1,1,4,1,0,0,-21,0,1
1,1,0,4,1,16,11,2,3,1,1,2,1,0,0,74,0,1
1,1,0,4,1,13,3,2,12,2,1,3,1,0,0,-147,0,1
1,1,0,4,1,16,1,2,12,1,1,1,1,0,0,-20,0,1
1,1,0,6,1,13,10,1,13,1,1,4,1,0,0,-111,0,1
1,2,0,4,1,10,10,2,9,1,1,3,1,0,0,35,0,1
1,1,1,4,1,13,8,1,7,2,1,6,1,0,0,133,0,0
1,1,0,5,1,13,7,1,9,1,1,1,1,0,0,153,1,1
1,1,0,5,1,10,6,2,12,1,1,0,1,0,0,-93,0,1
0,2,0,4,1,11,8,1,12,1,1,2,1,0,0,-1,0,1
1,1,1,4,1,11,10,1,13,1,1,2,1,0,6,35,0,1
1,1,1,5,1,4,9,1,12,1,1,1,1,0,0,-109,0,1
1,1,1,6,1,11,10,1,13,2,1,2,1,3,7,-23,0,1
1,1,0,5,1,13,8,1,13,1,1,2,1,0,0,-118,0,1
1,1,0,5,1,18,7,2,13,3,1,4,1,0,0,61,0,1
1,1,0,5,1,13,6,2,12,2,1,4,1,3,0,-97,0,1
0,1,1,5,1,4,11,1,12,2,1,0,1,0,0,21,0,1
1,1,0,4,1,4,7,1,13,1,1,3,1,3,0,224,0,1
1,1,0,2,1,13,8,2,13,1,1,0,1,3,7,183,0,1
1,1,0,1,1,16,9,2,11,2,1,1,1,0,0,-15,0,1
1,1,0,5,1,16,7,1,12,1,1,5,1,0,0,-20,0,1
1,1,0,4,1,16,4,2,13,2,1,1,1,3,7,189,0,1
1,1,0,4,1,16,9,1,13,1,1,3,1,0,0,30,0,1
0,1,0,4,1,13,8,2,13,1,1,8,1,0,0,259,0,1
1,1,0,4,1,13,10,2,13,2,1,3,1,0,0,91,0,1
1,2,0,5,1,14,10,2,13,1,1,-2,1,0,0,-14,0,1
1,2,0,5,1,13,4,1,13,2,1,1,1,0,0,29,0,0
1,1,0,5,1,0,3,2,12,1,1,4,1,0,0,39,0,1
1,1,1,4,1,16,2,1,12,2,1,5,1,0,0,15,0,1
1,2,0,4,1,11,10,1,13,1,1,1,1,0,0,-3,0,1
1,1,0,6,1,10,12,2,13,3,1,5,1,0,0,-18,0,1
1,1,1,4,1,14,7,1,7,3,1,4,1,3,0,219,0,1
1,1,0,5,1,14,4,1,12,2,1,2,1,3,0,251,0,0
1,1,0,5,1,4,3,1,12,2,1,7,1,0,0,4,0,1
1,1,1,6,1,16,7,1,13,2,1,4,1,0,0,-83,0,1
1,1,0,5,1,13,11,1,8,1,1,0,1,3,0,-7,0,1
1,1,1,4,1,8,5,2,7,3,1,0,1,0,0,260,0,1
1,1,1,3,1,0,4,1,12,2,1,5,1,3,0,223,1,1
1,1,0,5,1,13,5,2,13,1,1,7,1,0,0,-99,0,1
1,1,1,5,1,1,8,2,12,1,1,8,1,3,0,204,0,1
1,1,0,4,1,11,3,1,12,1,1,-2,1,0,0,-55,0,1
1,1,0,4,1,11,9,1,13,1,1,1,1,0,0,-29,0,1
1,1,0,4,1,1,4,1,9,1,1,4,1,0,0,53,0,1
1,1,0,4,1,13,10,1,12,2,1,8,1,0,0,-112,0,1
1,1,0,6,1,14,10,1,13,2,1,2,1,0,0,-90,0,1
1,1,1,5,1,20,11,1,13,1,1,0,1,0,7,263,0,1
1,1,0,4,1,10,5,1,12,2,1,7,1,0,0,-105,0,1
1,2,0,4,1,11,1,2,9,1,1,-2,1,0,0,170,0,1
1,1,1,4,1,13,12,2,12,2,1,3,0,0,0,84,0,1
1,1,1,4,1,14,2,1,12,1,1,-3,1,3,0,157,0,1
1,1,1,5,1,13,9,2,12,1,1,4,1,0,0,-99,0,1
1,1,1,4,1,16,6,1,6,1,1,1,1,0,0,44,0,1
1,1,0,5,1,13,12,2,13,1,1,2,1,0,0,-77,0,1
1,1,0,2,1,0,6,2,13,1,1,1,1,0,0,-49,0,1
1,1,0,4,1,4,2,1,10,1,1,4,1,0,0,-12,0,1
1,1,1,5,1,0,3,2,13,2,1,2,1,0,0,-78,0,1
1,1,0,5,1,14,11,1,12,2,1,0,1,0,0,89,0,1
1,1,0,4,1,16,6,1,4,2,1,-1,1,3,0,292,0,1
1,1,0,6,1,4,4,1,12,3,1,4,1,0,0,-93,0,1
1,1,1,3,1,13,10,2,0,3,1,5,1,0,0,-21,0,1
1,1,0,4,1,0,5,1,2,1,1,-2,1,0,0,6,0,1
0,1,1,4,1,1,6,1,13,2,1,4,1,0,0,118,0,1
1,1,0,4,1,4,2,2,12,2,1,1,1,0,0,68,0,1
0,1,0,4,1,10,8,2,13,1,1,0,1,0,0,14,0,1
1,1,0,4,2,16,3,1,12,1,1,0,1,0,0,-19,0,1
1,1,0,4,1,13,2,2,10,2,1,2,1,0,0,-24,0,1
1,1,1,4,1,13,9,2,13,3,1,1,1,0,0,231,0,1
1,1,0,7,1,1,11,1,12,1,1,3,1,3,0,118,1,1
1,1,0,5,1,14,5,2,12,2,1,5,1,0,0,112,0,1
1,1,0,4,1,13,10,2,13,2,1,1,1,0,0,77,0,1
0,1,0,4,1,16,10,2,13,3,1,7,1,0,0,43,0,1
1,1,1,5,1,16,7,1,12,1,1,1,1,0,0,-31,1,1
1,1,0,5,1,13,2,2,13,1,1,-1,1,3,0,164,0,1
1,1,0,4,1,13,3,1,13,1,1,5,1,0,0,-82,0,1
1,1,1,5,1,16,5,1,12,2,1,3,1,3,0,209,0,1
1,1,0,4,1,16,4,1,13,2,1,-1,1,0,7,127,0,1
1,1,1,5,1,13,1,1,13,2,1,0,1,3,7,306,0,1
1,1,0,5,1,14,9,1,13,2,1,3,1,0,0,90,0,1
1,1,0,4,1,16,7,2,13,1,1,-2,1,0,7,121,0,1
1,1,0,4,1,14,1,1,13,1,1,0,1,0,0,153,0,1
1,1,0,4,1,14,9,2,13,3,1,-1,1,0,0,-116,0,1
1,1,1,4,1,13,8,1,12,2,1,2,1,0,0,67,0,1
1,1,1,5,1,10,5,1,12,2,1,7,1,0,0,-59,0,1
1,1,0,4,1,10,3,1,13,3,1,4,1,0,0,47,0,0
1,1,0,4,1,10,2,1,13,1,1,1,1,0,0,124,0,1
1,1,0,5,1,4,3,1,9,1,1,-1,1,0,0,-119,0,1
1,1,0,5,1,4,10,2,12,3,1,2,1,0,0,-34,0,1
1,2,1,4,1,13,9,1,12,2,1,0,1,0,0,92,0,1
1,2,0,4,1,13,1,2,13,1,1,4,1,3,0,126,0,1
1,1,1,4,1,6,2,2,12,2,1,0,1,0,0,145,1,1
1,2,0,4,1,13,1,1,13,2,1,3,1,0,0,-198,0,1
1,1,0,5,1,16,7,2,12,2,1,8,1,0,0,-5,0,1
1,1,0,5,1,20,7,2,13,1,1,5,1,0,0,72,0,1
1,1,0,6,1,13,1,2,12,2,1,0,1,0,0,-39,0,1
1,1,1,6,1,13,3,2,13,1,1,-1,1,0,0,-67,0,1
1,1,0,5,1,8,11,1,12,1,1,7,1,0,0,-69,0,1
1,1,0,5,1,14,7,2,12,1,1,2,1,0,0,64,0,1
1,1,0,4,1,13,2,1,13,1,1,1,1,0,0,-51,0,1
1,1,1,4,1,4,5,1,13,3,1,-1,1,0,0,174,0,1
1,1,1,6,1,13,3,2,13,2,1,1,1,0,7,362,0,1
1,1,0,4,1,13,7,1,13,1,1,6,1,0,0,-139,0,1
1,1,0,4,1,0,2,1,5,1,1,1,1,0,0,-221,1,1
1,1,0,5,1,10,7,2,13,1,1,1,1,0,0,26,0,1
0,1,1,4,1,1,2,1,4,1,1,5,1,0,0,91,0,1
1,2,1,1,1,1,6,2,13,1,1,1,1,0,0,-28,0,1
1,1,0,4,1,0,7,1,12,1,1,0,1,0,0,-59,0,0
1,1,0,4,1,13,3,2,12,1,3,-2,1,0,0,-69,0,1
1,1,0,4,1,16,3,1,7,2,1,2,1,0,0,-15,0,1
1,1,0,5,1,13,3,1,12,2,2,5,1,0,0,28,0,1
1,1,1,3,1,1,5,1,13,2,1,2,1,0,0,134,0,1
0,1,1,4,1,16,9,1,13,1,1,3,1,0,0,-160,0,1
1,1,0,4,1,0,4,1,12,2,1,2,1,0,7,167,0,1
1,1,0,4,1,4,12,1,12,1,3,4,1,0,0,-58,0,1
0,1,0,4,1,11,5,2,13,2,1,-1,1,0,0,47,0,1
1,1,0,5,1,13,9,1,7,2,1,-1,1,0,7,233,0,1
1,1,1,4,1,16,12,1,13,2,1,6,1,0,0,65,0,1
1,1,0,4,1,3,6,1,13,3,1,0,1,0,7,-48,0,1
1,1,0,4,1,16,3,2,13,1,1,5,1,0,0,-134,0,1
1,1,0,6,1,16,6,2,13,1,1,0,1,0,2,43,0,1
1,1,0,5,1,10,8,2,12,2,1,4,1,0,0,115,0,1
1,1,1,4,1,20,5,2,13,1,1,2,1,0,0,222,0,1
0,1,0,2,1,13,4,1,12,1,2,-2,1,0,0,22,0,1
1,1,1,6,1,14,12,2,13,1,1,1,1,0,0,111,0,1
1,2,1,5,1,11,4,2,12,2,1,7,1,0,6,11,0,1
1,1,1,6,1,11,5,1,12,1,1,3,1,0,4,68,0,1
1,1,0,4,1,13,10,2,13,1,1,1,1,0,0,-167,0,1
1,1,0,5,1,11,1,1,13,2,1,5,1,0,0,-43,0,1
1,1,0,4,1,13,8,1,13,2,1,3,1,0,0,-144,0,1
1,1,0,4,1,10,8,1,13,2,1,1,1,0,0,-20,0,1
1,1,0,5,1,13,4,2,12,1,1,2,1,0,0,62,0,1
1,1,0,4,1,4,7,1,0,1,1,2,1,0,0,64,0,1
1,1,1,6,1,16,1,2,6,1,1,4,1,0,0,28,0,1
1,1,0,5,1,11,8,1,12,2,1,5,1,0,0,-78,0,1
0,1,1,4,1,13,3,1,7,2,1,1,1,0,0,95,0,0
1,1,1,6,1,10,4,1,13,3,1,5,1,0,0,45,0,0
1,1,0,4,1,13,6,1,13,1,1,1,1,0,0,-19,0,1
1,1,0,4,1,16,6,2,12,0,1,7,1,0,0,-80,0,1
1,1,0,6,1,13,12,1,8,1,1,6,1,3,0,264,0,1
1,2,0,4,1,4,7,1,12,1,1,-1,1,0,0,-108,0,1
0,2,1,4,1,13,9,2,12,2,1,1,1,0,0,30,0,1
1,2,0,4,1,14,6,1,14,2,1,3,1,0,0,-173,0,0
1,1,0,5,1,20,8,1,8,2,2,-1,1,3,0,350,0,1
1,1,0,5,1,13,9,2,13,2,1,0,1,0,2,101,0,1
0,1,1,4,1,4,12,2,13,2,1,2,1,3,0,157,0,1
1,1,0,4,1,4,10,2,12,2,1,1,1,0,0,-91,0,1
1,1,0,4,1,4,12,1,13,2,2,-1,1,2,7,185,0,1
0,1,0,4,1,11,3,1,13,1,1,-3,1,0,0,-54,0,1
1,1,0,6,1,14,11,1,12,2,1,4,1,3,0,-53,0,1
1,1,0,5,1,10,6,1,12,1,1,3,1,0,0,7,0,1
1,1,0,4,1,16,3,2,13,2,1,1,1,0,0,-86,0,1
1,1,0,4,1,14,11,1,5,2,1,0,1,0,0,53,0,1
1,1,1,4,1,13,2,1,13,2,1,3,1,0,0,24,1,1
1,1,1,4,1,4,5,1,12,2,1,5,1,3,7,200,3,1
1,1,0,4,1,13,1,2,12,2,1,1,1,0,0,74,0,1
0,1,1,5,1,4,4,2,12,1,1,1,1,0,0,51,0,1
1,1,0,4,1,0,11,2,9,1,1,6,1,0,0,32,0,1
1,1,0,1,1,1,12,1,13,3,1,0,1,0,0,135,0,1
0,1,0,5,1,1,5,1,7,2,1,5,1,0,0,-68,0,1
1,1,1,4,1,13,10,1,12,1,1,9,1,3,0,258,0,1
1,1,0,6,1,14,5,2,12,2,1,6,1,0,0,-66,0,1
1,1,0,5,1,11,1,2,3,1,1,5,1,0,5,-27,0,1
1,1,0,5,1,1,10,1,12,2,1,3,1,0,0,102,0,1
1,1,0,4,1,13,10,2,12,1,1,4,1,0,0,247,0,1
1,2,0,4,1,16,10,1,12,2,1,2,1,0,0,12,0,1
1,1,0,5,1,11,12,2,13,1,2,0,1,0,0,221,0,1
1,2,0,4,1,16,7,1,13,1,1,8,1,0,0,-50,0,1
0,1,0,4,1,4,12,1,12,2,1,2,1,0,0,29,0,1
1,1,0,4,1,3,5,1,12,3,1,1,1,0,0,46,0,1
1,2,1,4,1,4,1,1,7,1,1,4,1,0,0,35,0,1
1,1,0,5,1,13,6,1,12,2,1,3,1,0,0,-118,0,1
1,1,1,5,1,11,3,1,7,2,1,1,1,3,0,174,0,1
1,1,0,4,1,13,9,1,12,3,1,1,1,0,0,26,0,1
1,1,1,4,1,13,7,1,5,1,1,3,1,0,0,24,1,1
1,1,1,4,1,14,5,1,13,1,1,6,1,0,0,40,0,1
1,1,0,4,1,16,9,2,12,1,3,6,0,0,0,-37,0,1
1,1,0,4,1,10,5,2,13,3,1,-1,1,0,0,-1,0,1
1,1,0,4,1,11,1,2,12,2,1,5,1,3,0,39,0,1
1,1,0,4,1,13,3,1,13,1,1,3,1,0,0,-179,0,1
1,2,0,4,1,0,9,2,10,2,1,1,1,0,0,25,0,1
1,1,0,4,1,14,3,2,12,2,1,1,1,0,0,105,0,1
1,1,0,5,1,16,2,1,12,2,1,6,1,0,0,-49,0,1
1,1,0,4,1,13,3,1,12,1,2,7,1,0,0,-75,0,1
1,2,1,4,1,13,1,1,12,1,1,4,1,0,0,167,0,1
1,1,1,4,1,14,1,2,13,2,1,0,1,0,0,149,0,1
1,1,0,4,1,13,5,1,0,1,1,-1,1,0,10,200,0,1
0,1,0,5,1,10,11,1,12,1,1,2,1,0,0,20,0,1
1,1,1,5,1,16,12,1,12,2,1,1,1,0,7,293,1,0
0,1,0,5,1,13,9,1,12,2,1,6,1,0,0,-95,0,1
1,1,0,1,1,4,5,2,7,1,1,3,1,0,0,-182,0,1
1,1,0,4,1,10,10,1,9,3,1,4,1,0,0,60,0,1
1,1,0,4,1,4,3,1,13,1,1,1,1,3,0,89,0,1
1,1,0,4,1,13,1,2,13,1,1,3,1,0,0,-167,0,1
1,1,0,4,1,22,5,1,12,2,1,2,1,0,0,-67,0,1
1,1,0,4,1,0,3,1,13,1,1,2,1,0,0,-72,0,1
1,2,0,4,1,11,7,1,12,1,1,3,1,3,0,347,3,1
1,1,0,6,1,13,3,1,12,1,1,1,1,0,0,-173,0,1
0,1,0,4,1,16,6,2,12,1,1,4,1,4,0,-22,1,1
1,1,0,5,1,13,5,1,13,2,1,2,1,0,0,-78,0,1
1,1,0,4,1,13,11,2,12,1,1,-1,1,0,0,11,0,1
0,1,1,4,1,13,4,1,13,2,2,1,1,0,0,176,0,1
1,2,1,4,1,13,10,1,13,1,1,0,1,0,0,31,0,1
1,1,1,4,1,10,8,2,13,2,1,0,1,3,0,39,0,1
0,1,0,5,1,14,9,1,12,2,1,1,1,0,0,18,0,1
1,2,0,6,1,1,8,1,12,2,1,1,1,0,0,68,0,1
1,2,1,4,1,22,7,1,13,1,1,1,1,0,0,72,0,1
1,1,0,6,1,20,6,1,13,1,1,1,1,0,7,42,0,1
1,1,0,5,1,13,6,2,12,1,1,2,1,0,0,-201,0,1
1,2,1,4,1,14,1,2,13,1,1,-1,1,0,0,-58,0,1
1,1,1,4,1,13,10,2,13,1,1,3,1,0,0,114,1,1
1,1,0,4,1,0,11,1,12,2,2,-1,1,0,0,-24,0,1
1,1,0,4,1,11,2,1,13,2,1,-1,1,0,0,35,0,1
1,1,0,4,1,10,3,2,12,1,1,2,1,0,0,-88,0,1
0,1,0,5,1,17,8,1,13,1,1,-2,1,4,0,-26,0,1
1,1,1,4,1,11,5,2,12,1,1,4,1,3,0,88,0,1
0,2,0,4,1,13,3,2,13,2,1,3,1,0,0,-78,0,1
1,1,0,5,1,4,3,1,8,2,1,2,1,0,0,4,0,1
1,1,0,4,1,13,11,1,12,2,1,4,1,0,0,108,0,1
1,1,0,4,1,4,2,1,13,2,1,0,1,0,0,-37,3,1
1,1,0,4,1,13,5,2,13,1,1,0,1,0,0,-52,0,1
1,1,0,4,1,16,3,1,13,2,1,5,1,0,0,35,1,1
0,2,0,4,1,13,11,1,13,1,1,0,1,0,0,-4,0,1
1,1,0,5,1,11,9,1,1,1,1,2,1,0,0,-19,0,1
1,1,0,6,1,16,1,1,13,1,1,2,1,0,7,171,0,1
1,2,0,4,1,13,7,2,12,1,1,4,1,0,0,67,0,1
1,1,1,4,1,9,12,2,7,1,1,1,1,0,2,202,0,1
1,1,0,7,1,13,9,1,13,2,1,1,1,0,0,19,0,1
1,1,0,5,1,0,10,1,12,1,1,0,1,0,0,-17,0,1
1,1,0,4,1,20,7,1,7,1,1,3,1,0,3,167,0,1
1,1,1,5,1,10,1,2,13,3,1,0,1,0,0,59,0,0
1,1,1,5,1,13,4,2,13,2,2,2,1,3,0,183,0,1
1,1,0,4,1,14,3,1,13,1,1,2,1,0,0,-89,0,1
1,1,0,5,1,20,1,1,12,2,1,5,1,0,0,180,0,1
1,1,1,6,1,13,1,2,13,1,1,5,1,0,0,83,1,1
0,1,0,5,1,7,9,2,13,1,1,5,0,0,0,-28,0,1
1,1,0,6,1,13,6,2,13,1,1,2,1,0,0,-154,0,1
1,1,0,5,1,11,5,1,12,2,4,4,1,0,0,146,1,1
1,1,1,5,1,6,1,1,12,2,1,4,1,0,0,-35,0,1
1,1,0,4,1,13,6,1,13,1,1,2,1,0,0,-15,3,1
1,1,0,5,1,16,7,1,7,2,1,1,1,0,0,93,0,1
1,1,1,5,1,13,4,1,13,2,1,4,1,4,0,106,0,1
1,1,0,5,1,13,9,2,13,1,1,2,1,0,0,61,0,1
1,1,0,4,1,13,11,1,13,1,1,6,1,0,0,0,0,1
1,2,0,5,1,13,7,1,13,3,1,5,1,0,0,-6,0,1
1,1,0,5,1,16,4,2,13,1,1,1,1,0,0,-7,0,1
1,1,0,5,1,12,4,2,12,2,1,5,1,0,0,12,0,1
1,1,1,6,1,13,2,1,12,2,1,5,1,3,3,112,0,1
1,2,1,4,1,14,1,1,13,1,1,4,1,0,0,306,1,1
1,1,0,4,1,13,5,2,4,2,1,3,1,0,0,113,0,1
1,1,0,4,1,10,12,1,3,2,2,1,1,0,0,21,3,1
1,1,0,6,1,14,2,1,13,3,1,-3,1,0,0,-26,0,1
0,1,0,4,1,16,1,2,13,1,1,5,1,0,0,-56,1,1
1,2,0,4,1,14,5,1,13,2,1,-1,1,0,0,-9,0,1
1,1,0,4,1,13,4,1,14,1,1,2,1,3,8,291,1,1
1,1,1,5,1,13,3,1,13,2,1,3,1,3,0,178,0,1
1,1,1,4,1,4,12,1,13,2,1,2,1,0,0,117,0,1
0,1,1,4,1,16,8,1,10,2,1,-1,1,3,7,254,0,1
0,1,0,5,1,1,10,1,7,2,1,-3,1,3,0,198,0,1
1,1,0,5,1,3,4,2,12,1,1,2,1,0,7,300,2,1
1,1,0,4,1,20,1,2,13,1,1,1,1,0,0,133,0,1
1,1,1,7,1,10,8,2,13,2,1,5,1,0,0,-24,0,1
1,1,0,4,1,4,9,1,7,2,1,2,1,0,0,-74,0,1
1,1,0,4,1,11,6,2,13,1,1,0,1,0,0,-86,0,1
0,1,0,5,1,13,8,2,12,1,1,5,1,0,0,-162,0,1
1,1,1,4,1,10,5,1,12,2,1,-1,1,0,0,232,0,1
1,1,0,4,1,1,8,1,13,3,1,-2,1,2,0,166,1,1
1,1,0,4,1,13,4,1,13,1,1,2,1,0,0,1,0,1
1,1,0,4,1,10,11,1,13,2,2,2,1,0,0,-134,0,1
1,1,1,4,1,4,4,1,13,1,1,3,1,0,0,56,0,1
1,1,1,6,1,16,12,1,11,1,1,-4,1,0,0,23,0,1
0,1,1,4,1,2,6,1,6,2,1,2,1,0,0,5,0,1
1,1,0,5,1,10,2,1,13,3,2,1,1,0,7,100,0,1
1,1,1,5,1,13,9,2,12,1,1,-1,1,0,0,5,0,1
0,1,0,4,1,10,3,2,12,4,1,-2,1,0,0,-9,0,1
1,1,0,6,1,6,10,2,12,1,1,3,1,0,0,128,1,1
0,1,0,4,1,14,12,1,13,3,1,6,1,0,0,40,0,1
1,1,1,4,1,16,1,1,13,2,1,-2,1,0,0,21,0,1
1,1,1,5,1,10,2,2,12,3,1,0,1,0,0,-59,0,1
1,1,0,5,1,13,7,2,13,1,1,-2,1,0,0,-77,0,1
1,2,1,4,1,10,9,1,12,2,1,1,1,0,7,343,0,1
1,1,0,5,1,5,2,2,13,1,1,1,1,0,0,105,0,1
1,1,0,5,1,11,3,2,13,1,1,0,1,0,0,-40,3,1
1,1,1,5,1,1,10,1,12,2,1,0,1,0,0,112,0,1
1,1,0,4,1,16,2,1,13,1,1,-2,1,0,0,-273,0,1
1,1,0,4,1,10,5,2,13,1,1,7,1,3,0,-66,0,1
1,1,0,4,1,0,7,1,13,1,1,-3,1,3,0,-1,0,1
1,1,0,5,1,10,5,1,13,2,1,0,1,0,0,-265,0,1
0,1,0,5,1,16,11,1,12,1,1,2,0,0,0,-67,0,1
0,1,0,6,1,13,10,1,12,2,1,3,1,0,0,68,0,1
1,1,0,6,1,13,2,1,12,1,1,2,1,3,0,66,0,1
1,1,1,5,1,1,5,2,12,2,1,5,1,0,0,160,0,1
1,1,0,5,1,5,2,2,9,1,2,3,1,0,0,-50,1,1
1,1,0,5,1,11,5,1,12,2,1,2,1,0,0,62,0,1
1,1,0,4,1,4,9,2,12,1,1,-2,1,0,0,-101,0,1
0,1,1,6,1,13,7,1,13,2,1,3,1,0,0,28,0,1
1,1,0,1,1,16,9,2,12,2,1,5,1,0,0,-247,0,1
1,1,1,5,1,0,12,2,7,1,1,2,1,0,7,237,0,1
0,1,1,7,1,16,7,1,12,3,1,8,1,0,0,-77,0,1
1,1,0,5,1,4,7,1,12,1,1,-1,1,0,7,109,0,1
1,1,0,4,1,1,5,2,8,2,1,-1,1,0,0,-82,0,1
1,1,0,4,1,4,11,1,13,2,1,2,1,0,0,183,0,1
1,1,1,5,1,10,11,2,12,1,1,0,1,0,0,74,0,1
1,1,1,4,1,16,8,2,12,2,1,4,1,0,0,-60,0,1
1,1,0,5,1,16,10,2,9,1,1,5,1,0,0,19,0,1
1,1,1,5,1,14,12,1,8,2,1,-2,1,1,0,136,0,1
1,1,1,5,1,17,11,2,13,1,1,1,1,0,0,207,0,1
1,2,0,6,1,0,11,2,8,1,1,6,1,0,0,166,0,1
1,1,0,5,1,20,12,2,12,2,1,4,1,0,5,24,0,1
1,1,0,4,1,16,3,1,7,1,1,3,1,0,0,-87,0,1
1,1,0,4,1,4,10,1,13,1,1,3,1,0,0,-93,0,1
1,1,1,4,1,13,10,1,8,2,1,-1,1,0,0,48,0,1
1,1,0,6,1,13,11,2,7,2,1,3,1,0,0,86,0,1
1,2,0,4,1,13,11,1,13,2,1,1,1,0,0,16,0,0
1,1,1,5,1,13,4,2,13,1,1,1,1,0,0,249,0,1
1,1,0,4,1,16,5,1,13,3,1,5,1,0,0,141,0,1
1,1,0,5,1,13,7,1,12,2,1,0,1,0,7,186,0,1
1,1,1,5,1,11,11,1,13,2,1,3,1,0,0,110,0,1
1,1,1,4,1,13,3,2,13,1,1,5,1,0,0,27,1,1
1,1,1,4,1,11,6,2,7,2,1,2,1,0,0,-23,0,1
1,1,0,5,1,10,1,1,13,2,1,4,1,0,0,-86,0,1
0,1,1,4,1,16,7,2,6,2,1,2,1,0,7,277,0,1
1,1,0,5,1,13,6,2,13,2,1,3,1,0,0,-62,0,1
1,1,0,4,1,0,8,1,2,2,1,1,1,0,0,-24,0,1
0,2,0,4,1,16,5,1,12,2,1,7,1,0,0,-20,0,1
1,2,1,7,1,10,3,1,13,1,1,0,1,0,0,-112,0,1
1,1,1,5,1,16,10,2,13,1,1,3,1,0,0,-79,0,1
1,1,0,6,1,9,7,1,13,2,4,1,1,0,0,37,0,1
1,2,1,4,1,20,1,2,12,1,1,4,1,0,0,159,0,1
1,1,0,4,1,13,7,1,13,2,2,3,1,0,8,1,0,1
1,1,0,4,1,16,7,1,7,2,1,4,1,0,0,111,0,1
1,1,0,6,1,10,1,1,13,2,1,1,1,3,7,216,0,1
1,1,0,2,1,1,10,1,8,1,1,1,1,0,0,153,0,1
1,1,0,6,1,11,6,1,12,2,1,0,1,3,0,246,0,1
0,1,0,6,1,16,5,1,9,1,1,3,1,0,8,26,0,1
1,1,1,4,1,10,2,2,13,2,1,0,1,0,0,63,0,1
1,1,0,5,1,22,11,1,13,1,1,2,1,3,0,57,0,1
1,1,1,4,1,13,1,2,7,2,1,4,1,3,7,217,0,1
1,1,0,4,1,13,8,2,13,2,1,-2,1,0,0,15,0,1
1,1,0,6,1,16,4,2,13,1,1,0,1,0,0,137,0,1
1,1,0,5,1,13,2,1,9,2,1,4,1,0,6,258,1,1
0,1,0,3,1,13,6,2,13,1,1,4,1,0,0,50,1,1
1,1,1,4,1,16,12,1,8,2,1,0,1,0,0,177,0,1
1,1,0,5,1,3,11,2,13,2,1,-2,1,0,0,-40,0,1
0,1,0,5,1,16,8,1,12,1,1,-2,1,0,0,57,0,1
1,1,1,4,1,16,3,1,13,2,3,5,1,0,0,-80,0,1
1,2,0,4,1,13,6,1,12,2,1,2,1,0,0,-176,0,1
1,1,0,4,1,14,8,1,4,3,1,1,1,0,0,-10,0,1
0,1,1,5,1,18,10,2,12,2,1,3,1,0,0,83,0,1
1,1,1,5,1,4,6,1,12,2,1,7,1,0,0,2,0,0
1,1,0,4,2,13,1,2,13,1,1,7,1,0,0,-157,0,1
1,1,1,5,1,10,8,2,12,1,1,7,1,0,0,47,1,0
1,1,0,4,1,16,4,1,13,1,1,-3,1,0,7,-118,0,1
1,1,1,4,1,13,10,2,10,1,1,4,1,0,0,193,0,1
1,1,0,4,1,16,7,1,12,1,1,2,1,0,0,12,0,1
1,1,0,5,1,11,12,1,8,2,1,6,1,0,0,182,0,1
1,1,1,5,1,13,1,2,13,1,1,8,1,0,0,-131,0,1
1,1,0,5,1,13,11,1,14,2,1,8,1,0,0,75,0,1
1,1,0,4,1,1,8,2,13,2,1,-1,1,0,7,277,1,1
1,1,0,4,1,13,4,2,4,1,1,2,1,0,0,121,0,1
1,1,1,5,1,13,1,2,13,2,1,3,1,3,0,280,0,1
1,1,0,5,1,13,10,1,13,2,1,1,1,0,0,63,0,1
1,1,1,5,1,10,1,2,13,1,1,0,1,0,0,132,0,1
1,2,0,5,1,11,1,1,12,2,1,0,1,0,0,75,0,1
0,1,0,5,1,10,2,1,13,3,1,5,1,0,0,-16,0,1
1,1,1,5,1,16,1,2,12,2,1,4,1,0,0,-32,0,1
1,1,0,5,1,13,9,1,13,1,1,5,1,0,6,95,0,1
1,1,0,4,1,1,10,1,13,2,1,4,1,0,0,111,0,1
1,2,0,6,1,0,9,1,12,3,1,3,1,0,0,-126,0,1
1,1,1,4,1,16,1,2,12,2,1,4,1,0,0,-33,0,1
1,1,0,5,1,1,2,1,13,2,1,3,1,0,0,101,0,1
1,1,0,5,1,11,8,2,12,2,1,9,1,0,0,-58,0,1
1,2,1,6,1,4,9,2,13,1,1,0,1,0,0,20,0,1
1,1,0,4,1,16,1,1,1,2,2,2,1,0,7,243,0,1
1,2,0,4,1,13,5,2,13,2,1,-1,0,0,7,189,0,1
1,1,1,5,1,16,12,1,7,2,1,0,1,0,0,85,0,1
1,1,0,4,1,16,5,1,12,2,1,0,1,0,0,-65,0,1
1,1,0,5,1,14,12,1,13,2,1,1,1,0,0,70,0,1
1,1,0,4,1,4,4,1,13,2,2,0,1,0,0,-5,0,1
1,2,0,4,1,16,3,1,7,1,1,3,1,0,0,110,0,1
1,1,0,4,1,1,7,1,13,1,1,3,1,0,0,-52,0,1
1,2,1,4,1,13,4,1,13,1,1,5,1,0,0,34,0,1
1,1,1,6,1,14,2,1,12,2,1,1,1,0,0,-114,0,1
1,1,0,4,1,16,7,1,13,3,1,-1,1,0,0,67,0,1
1,1,0,4,1,10,6,1,12,3,1,1,1,0,0,28,0,1
1,1,0,4,1,16,4,2,13,2,1,1,1,0,5,65,0,1
1,1,1,4,1,10,1,2,7,1,1,4,1,1,0,-84,1,1
1,1,1,4,1,1,3,1,13,1,1,1,1,3,0,202,0,1
1,1,0,5,1,11,2,1,13,2,1,-2,1,3,7,264,0,1
1,1,1,5,1,16,1,1,12,3,1,5,1,3,0,238,0,1
1,1,0,4,1,3,8,2,7,2,1,5,1,0,0,-98,0,1
1,1,0,5,1,13,11,2,12,2,1,2,1,0,0,-13,0,1
0,1,0,4,1,13,1,1,13,2,1,5,1,0,0,-132,0,1
1,1,0,4,2,16,7,2,13,2,1,1,1,0,0,242,0,1
1,1,0,5,1,20,7,1,12,2,1,2,1,0,0,49,0,1
1,1,1,4,1,1,4,1,3,1,1,1,1,0,7,232,0,1
1,1,1,5,1,20,9,2,13,1,2,0,1,3,0,56,0,1
1,1,0,4,1,10,5,2,13,2,1,-1,1,0,0,-323,0,1
1,1,0,4,1,1,10,2,12,1,1,1,1,0,0,43,0,1
1,2,0,4,1,13,5,1,13,2,1,5,1,0,0,-19,0,1
1,2,1,4,1,16,1,2,13,1,1,7,1,0,7,209,0,1
1,1,1,5,1,13,10,2,13,2,1,2,1,0,0,153,1,1
1,1,0,4,1,11,6,2,13,2,1,5,1,0,0,-107,0,1
0,2,1,4,1,0,5,1,13,2,1,3,1,0,0,95,0,1
1,2,0,5,1,11,2,1,12,1,1,2,1,0,0,-57,0,1
1,1,0,5,1,13,1,1,13,3,1,3,1,0,0,-86,0,1
1,1,1,4,1,1,7,1,13,1,1,4,1,0,0,-94,0,1
1,1,0,6,1,13,3,2,5,2,1,5,1,3,0,59,0,1
1,1,0,4,1,11,4,1,13,1,1,3,1,0,0,76,0,1
1,1,0,4,1,0,3,1,13,1,1,3,1,0,0,47,0,1
1,1,0,6,1,13,4,1,7,2,1,-5,1,0,0,108,0,1
1,2,0,4,1,1,1,1,12,2,1,5,1,0,0,34,0,1
1,1,1,5,1,14,9,1,12,3,1,1,1,0,0,-59,0,1
1,1,1,4,1,4,4,2,12,1,1,1,1,0,0,-100,1,1
0,1,1,5,1,13,1,2,12,1,1,3,1,3,0,198,0,0
1,1,0,5,1,14,5,2,13,2,1,6,1,0,0,143,0,1
1,1,1,5,1,0,1,2,12,2,1,-1,1,0,0,133,0,1
1,1,0,4,1,4,3,1,13,3,1,-1,1,0,0,-85,0,1
1,1,1,4,1,13,6,1,13,3,1,1,1,3,0,219,0,1
1,1,1,6,1,16,2,1,13,1,1,-2,1,0,0,-112,3,1
0,1,1,4,1,13,10,1,10,1,1,3,1,0,0,189,0,1
1,1,1,4,1,13,10,2,13,1,1,2,0,0,0,139,1,1
1,1,0,5,1,20,6,1,7,1,3,1,1,3,7,380,0,1
1,1,0,4,1,13,1,2,13,1,1,-1,1,0,0,-179,0,1
1,1,0,4,1,13,7,1,12,1,1,2,1,0,0,-157,0,1
1,2,0,4,1,20,1,2,13,1,1,3,1,3,0,150,0,1
1,1,0,6,1,14,5,1,13,2,1,2,1,0,0,-21,0,1
1,1,1,4,1,16,3,2,12,1,1,4,1,0,0,-219,0,1
1,2,0,4,1,14,12,2,7,0,1,5,1,0,0,30,0,1
1,1,0,4,1,13,8,1,13,2,1,5,1,0,0,18,0,1
1,1,1,5,1,16,9,2,2,0,1,4,1,0,7,65,0,1
1,1,0,6,1,13,9,2,12,2,1,1,1,0,0,-136,0,1
1,1,0,5,1,16,3,1,13,1,1,2,1,0,0,-42,0,1
1,1,0,6,1,18,11,2,10,1,1,3,1,0,0,151,0,1
1,1,1,5,1,4,11,1,1,1,1,3,1,0,0,-151,0,1
1,1,0,5,1,0,11,1,13,2,1,3,1,3,5,259,1,1
1,1,0,4,1,13,11,1,13,1,1,0,1,0,7,134,0,1
1,2,0,4,1,0,12,1,6,3,1,2,1,0,0,120,2,1
1,1,0,1,1,15,6,1,5,2,2,1,1,0,7,358,0,1
1,1,0,4,1,13,3,1,13,2,1,4,1,0,0,-47,1,0
1,1,0,5,1,16,7,1,12,1,1,1,1,0,0,-32,0,1
1,1,1,6,1,16,3,2,0,2,1,10,1,0,0,-74,0,1
1,1,0,4,1,1,2,2,13,1,1,6,1,0,0,-39,0,1
1,2,0,4,1,1,6,1,13,1,1,2,1,0,0,35,0,1
1,1,1,5,1,16,3,2,13,1,1,4,1,0,0,5,0,1
1,1,0,4,1,0,12,1,13,1,1,-3,1,0,0,-64,0,1
1,1,1,4,1,13,4,1,13,2,1,-2,1,0,0,104,0,1
1,1,0,5,1,14,10,1,12,2,1,2,1,0,7,57,0,1
1,1,0,5,1,14,6,2,12,2,1,3,1,0,0,66,0,1
1,1,0,6,1,0,4,1,12,1,1,3,1,0,0,5,0,1
1,2,0,4,1,10,11,2,13,2,1,0,1,3,7,295,0,0
1,1,0,4,1,16,3,1,13,2,2,1,1,0,0,-212,0,1
1,1,0,4,1,13,4,1,13,1,1,1,1,0,0,-103,0,1
1,2,0,4,1,13,7,2,13,1,1,2,1,0,0,150,0,1
1,1,0,5,1,16,6,1,12,2,1,-1,1,0,0,-11,0,1
1,1,1,5,1,13,6,1,0,1,1,1,1,0,6,220,0,1
1,1,0,6,1,20,10,1,13,2,1,4,1,0,0,-5,1,1
1,1,0,4,1,14,6,2,12,2,1,3,1,0,0,-121,0,1
1,1,0,5,1,16,6,1,13,2,1,4,1,0,0,27,0,1
1,2,0,6,1,11,1,1,13,2,1,0,0,0,0,105,0,1
1,1,0,4,1,22,7,1,13,2,1,1,1,0,0,34,0,1
1,1,0,5,1,13,4,1,7,0,1,2,1,0,0,25,0,1
1,1,0,5,1,2,12,2,13,1,1,8,1,0,0,88,0,1
1,1,0,6,1,20,5,2,1,1,1,3,1,3,0,198,0,1
1,1,0,6,1,13,7,1,13,2,1,2,1,0,0,69,0,1
1,1,0,4,1,20,7,1,12,1,1,1,1,0,3,20,0,1
1,2,0,4,1,16,5,1,6,1,1,2,1,0,0,200,0,1
1,1,1,5,1,13,1,1,10,2,1,5,1,0,0,115,2,1
1,1,0,4,1,14,3,1,7,1,1,3,1,3,10,83,0,1
1,1,0,4,1,13,1,2,13,1,1,0,1,0,0,2,0,1
1,1,0,4,1,3,1,1,12,1,2,-1,1,0,7,47,0,1
1,1,0,4,1,13,8,2,12,2,1,4,1,3,0,206,1,1
1,1,1,5,1,13,4,1,13,2,1,-2,1,0,0,18,0,1
1,1,0,4,1,4,7,2,12,1,1,1,1,0,0,-22,0,1
1,1,0,5,1,18,8,1,7,2,1,4,1,0,0,275,0,1
0,1,0,4,1,11,5,1,12,1,1,3,1,0,0,-113,0,1
1,1,1,5,1,14,6,1,12,3,1,2,1,0,0,-22,0,1
1,1,0,4,1,10,6,2,13,2,2,4,1,0,0,139,0,1
1,1,0,6,1,10,7,1,13,2,1,1,1,0,0,-30,0,1
1,1,0,5,1,13,5,1,13,1,1,2,1,0,7,24,0,1
1,1,0,4,1,16,2,2,13,2,1,2,1,0,0,-170,0,1
1,1,1,5,1,4,7,2,7,2,1,1,1,2,7,180,0,1
1,1,1,4,2,10,7,2,13,2,2,2,1,0,0,-42,0,1
1,1,0,5,1,13,10,2,13,1,1,4,1,0,0,-76,0,1
1,1,1,5,1,4,2,2,13,1,1,1,1,0,0,146,0,1
1,1,0,5,1,16,8,1,13,2,1,3,1,0,0,-72,0,1
1,1,1,4,1,14,1,1,13,1,1,2,1,0,0,-26,0,1
1,1,1,4,1,13,4,1,1,1,1,4,1,3,0,206,0,1
1,2,0,5,1,4,5,1,13,1,1,4,1,0,0,89,1,1
1,1,0,5,1,13,5,1,12,2,1,7,1,0,0,5,0,1
1,1,0,4,1,16,8,2,12,1,1,11,1,0,0,-112,0,1
1,2,1,6,1,0,7,1,4,2,1,10,1,0,0,35,0,1
1,1,0,4,1,13,10,1,1,1,1,0,1,0,0,-5,0,1
1,1,1,5,1,1,4,1,12,1,1,5,1,0,0,14,0,1
1,1,0,5,1,0,12,2,13,1,1,1,1,3,0,51,0,1
0,2,1,5,1,13,1,1,13,2,1,6,1,3,3,152,0,1
0,1,1,5,1,16,11,2,13,1,1,5,1,0,0,-27,1,1
1,1,0,4,1,1,2,2,13,1,1,1,1,0,7,121,0,1
1,1,0,4,1,4,8,1,7,1,1,-3,1,0,0,21,0,1
1,1,0,5,1,16,11,1,13,2,1,0,1,0,0,178,1,1
1,1,0,6,1,13,6,2,13,3,1,0,1,0,0,-11,0,1
1,1,0,4,1,16,3,1,13,2,1,7,1,0,7,8,0,1
1,1,0,4,1,13,10,2,13,2,2,3,1,0,0,-20,0,1
1,1,1,5,1,13,11,1,13,1,1,-1,1,0,0,-66,0,1
1,1,0,4,1,13,12,1,7,1,2,5,1,3,0,33,0,1
1,2,0,4,1,22,12,2,13,1,1,1,1,2,0,256,0,1
1,1,0,4,1,4,4,2,3,1,1,2,1,0,0,-32,0,1
1,1,1,4,1,1,6,2,12,2,1,3,1,0,0,45,0,1
0,1,0,4,1,13,1,1,12,3,1,-1,1,0,6,172,0,1
1,1,0,5,1,13,3,2,12,2,1,1,1,0,0,-42,0,1
1,1,0,7,1,10,3,2,12,1,1,2,1,0,0,-17,0,1
1,1,0,1,1,10,5,1,13,2,1,-3,1,3,5,218,0,1
1,1,1,4,1,13,10,2,12,2,1,1,1,0,0,-47,0,1
1,1,0,4,1,1,10,2,12,2,1,2,1,0,0,195,0,1
1,1,0,5,1,10,1,2,12,1,1,7,0,0,0,-33,0,1
1,1,0,4,1,13,7,1,9,1,1,0,1,0,6,206,0,1
0,1,1,4,1,16,9,1,13,1,1,4,1,0,0,129,0,1
1,1,0,5,1,13,5,1,13,2,1,7,1,0,0,-317,0,1
1,1,1,5,1,20,6,1,13,1,1,-2,1,0,0,-65,0,1
1,1,1,5,1,4,9,1,7,2,1,-1,1,3,7,280,0,1
1,1,0,4,1,16,9,2,13,1,1,2,1,0,0,69,0,1
0,2,0,4,1,13,2,1,13,2,1,2,1,0,5,-112,0,1
1,2,0,4,1,1,6,1,13,2,1,4,1,0,0,3,0,1
1,1,0,4,1,13,5,1,13,1,1,-1,1,0,0,57,3,1
1,1,0,5,1,13,3,2,13,2,1,1,1,0,0,192,0,1
1,1,0,5,1,10,8,2,12,1,1,4,1,0,0,118,0,1
1,1,0,7,1,16,3,1,13,1,1,3,1,0,0,279,0,1
1,1,0,6,1,13,8,2,12,2,1,-6,1,0,0,-84,0,1
1,1,1,4,1,1,4,1,13,1,1,5,1,0,0,-66,0,1
1,1,0,5,1,13,8,1,12,2,1,2,1,3,0,142,0,1
1,1,0,4,1,10,1,1,11,2,1,2,1,0,0,152,1,1
1,1,1,4,1,16,1,1,7,1,1,1,1,0,0,55,2,1
0,1,0,5,1,10,9,1,8,1,1,5,1,0,0,-3,1,1
1,1,0,4,1,11,4,1,12,1,1,3,1,0,0,148,1,1
1,1,0,5,1,10,3,2,12,3,1,5,1,0,0,-44,0,1
1,1,1,5,1,13,5,2,13,1,1,3,1,0,7,240,0,1
1,2,1,4,2,13,8,2,7,1,1,6,1,3,0,280,0,1
1,1,0,4,1,14,4,1,13,1,1,0,1,3,0,-19,0,1
1,1,1,4,1,13,5,2,3,2,2,4,1,0,0,81,0,1
1,1,0,4,1,16,11,2,13,1,1,-1,1,0,0,5,0,1
1,1,0,5,1,14,2,1,12,2,1,1,1,0,0,-53,0,1
1,1,1,4,1,20,3,1,12,1,1,0,1,0,0,126,0,1
1,1,0,4,1,13,12,1,12,2,1,4,1,0,0,-68,0,1
1,1,0,5,1,20,6,1,12,2,1,1,1,0,0,2,0,1
1,2,0,6,1,10,9,1,12,2,1,1,1,0,0,-120,0,1
1,1,0,4,1,20,6,2,12,2,1,0,1,0,0,93,0,1
1,1,0,4,1,10,9,1,12,0,1,-2,1,0,0,33,0,1
1,1,1,4,1,16,5,2,13,2,1,6,1,0,0,-121,0,1
1,1,0,4,1,13,1,2,13,1,1,2,1,0,0,65,0,1
1,1,0,5,1,16,9,1,1,1,1,0,1,0,0,-33,0,1
1,1,0,4,1,16,9,1,8,2,1,0,1,0,6,95,0,1
0,1,0,6,1,13,9,2,7,1,1,4,1,0,0,66,0,1
0,1,1,4,1,14,10,1,12,3,1,0,1,0,0,21,0,1
1,2,0,5,1,13,4,1,13,2,1,2,1,0,0,-118,0,1
0,1,0,4,1,10,7,1,6,1,1,-2,1,3,7,151,0,1
1,2,1,6,1,16,7,1,7,2,1,2,1,0,0,132,0,1
1,1,0,5,1,14,9,1,4,3,1,0,1,0,0,-37,0,1
1,1,0,4,1,1,10,1,4,2,1,-1,1,0,0,180,0,1
1,1,1,4,1,10,2,1,13,1,1,4,1,0,0,101,2,1
1,1,0,4,1,13,7,2,13,2,1,1,1,0,0,119,0,1
1,1,0,4,1,16,10,1,13,1,4,2,1,0,7,227,0,1
1,1,0,4,1,16,9,2,12,1,1,5,1,0,0,-85,0,1
1,1,0,4,1,13,9,2,12,2,1,0,1,0,0,-10,0,1
1,2,1,4,1,7,11,1,10,1,1,4,1,0,0,111,0,1
1,1,1,6,1,16,5,1,12,3,2,5,1,0,0,-29,0,1
1,1,0,4,1,13,7,1,12,2,4,4,1,0,0,-45,0,1
1,1,1,4,1,13,2,2,13,2,1,4,1,0,7,293,0,1
1,1,1,4,1,16,7,1,13,3,1,4,1,0,0,-148,0,1
1,1,0,5,1,13,8,1,13,2,1,7,1,0,0,-76,2,1
1,1,1,4,1,11,5,1,13,2,1,3,1,0,0,-186,0,1
1,1,1,4,1,4,7,1,12,1,1,3,1,0,0,35,3,1
1,1,0,4,1,13,10,1,7,1,1,5,1,0,0,-98,0,1
1,1,1,6,1,13,4,1,12,0,1,5,1,0,0,184,0,1
1,1,0,4,1,0,8,2,13,2,1,1,1,3,0,188,0,1
0,1,0,4,1,13,5,2,13,1,1,6,1,0,0,-66,0,1
1,1,0,5,1,1,7,2,13,0,1,7,1,0,0,102,0,1
1,1,0,4,1,10,9,1,13,2,1,1,1,0,0,-97,0,1
1,1,0,4,1,14,7,1,13,2,1,4,1,0,0,73,0,1
1,1,0,4,1,11,6,2,13,2,1,1,1,0,0,-72,0,1
1,2,0,4,1,0,3,1,13,2,1,-1,1,0,0,-4,0,1
1,1,1,4,1,16,8,2,13,1,1,-1,1,0,7,220,0,1
1,1,0,5,1,11,7,2,13,2,1,-3,1,0,0,-14,0,1
1,1,1,5,1,1,5,1,13,2,1,0,1,0,7,259,0,1
1,2,0,4,1,11,2,1,13,2,1,-2,1,0,0,-17,0,1
1,1,1,4,1,13,8,2,1,2,1,2,1,0,0,-5,0,1
1,2,1,5,1,13,12,2,12,2,1,3,1,0,0,45,0,1
1,1,1,4,1,1,3,1,13,1,1,2,1,0,0,-56,0,1
1,1,0,4,1,14,9,1,13,1,1,-2,1,0,0,-89,0,1
1,1,0,4,1,13,1,1,13,2,1,0,1,0,7,117,0,1
1,1,0,4,1,13,5,1,13,1,1,1,1,0,0,108,0,1
1,1,0,4,1,13,7,1,12,2,1,-1,1,0,0,-186,0,1
1,2,1,4,1,1,4,2,13,1,1,3,1,0,0,-42,1,1
1,1,0,4,1,0,10,1,3,3,1,-1,1,3,0,156,1,1
1,1,1,4,1,20,11,2,12,1,1,4,1,0,0,145,0,1
1,2,0,5,1,10,9,1,13,2,1,-3,1,0,0,-61,1,1
1,1,0,4,1,14,5,2,13,1,1,-2,1,0,0,48,0,1
1,1,0,4,1,1,12,1,12,2,1,4,1,0,7,113,0,1
0,1,0,4,1,16,1,1,13,1,1,4,1,0,0,-38,1,1
1,1,0,6,1,4,9,2,12,2,1,0,1,0,0,10,0,1
0,1,0,6,1,13,6,1,13,1,1,1,1,0,0,63,0,1
0,2,1,5,1,0,4,1,9,1,1,1,1,0,7,276,0,1
1,1,1,4,1,20,5,2,10,1,1,6,1,0,0,268,0,1
1,2,0,5,1,10,5,1,12,2,1,1,1,0,0,-126,0,1
1,1,0,4,1,16,2,1,13,1,1,5,1,0,0,170,3,1
1,1,0,4,1,5,11,1,13,1,1,2,1,0,0,-83,0,1
0,1,0,4,1,11,4,1,7,1,1,-2,1,3,7,280,0,1
0,1,1,5,1,20,1,2,13,1,1,0,1,0,7,139,0,1
1,1,1,4,1,20,4,2,10,1,1,1,1,0,0,160,0,1
1,1,0,4,1,13,9,1,12,2,1,0,1,0,0,-33,0,1
1,1,1,6,1,20,1,2,13,2,1,1,1,0,7,198,0,1
1,1,0,4,1,4,8,2,12,1,1,-1,1,0,0,53,0,1
0,1,1,4,1,16,11,1,11,1,1,1,1,0,0,100,0,1
1,1,1,5,1,16,1,1,12,2,1,2,1,4,0,107,0,1
1,1,0,5,1,11,10,2,12,1,1,2,1,0,0,-49,0,1
1,1,0,4,1,13,12,1,13,2,1,-1,1,3,7,240,1,1
1,1,0,4,1,13,12,1,13,1,1,9,1,0,6,102,3,1
1,1,1,2,1,4,5,1,4,2,1,3,1,0,0,69,0,1
1,1,0,6,1,16,7,1,13,3,1,-1,1,0,0,-141,0,1
1,1,1,5,1,5,1,2,11,1,1,6,1,3,7,409,0,1
1,1,0,6,1,14,4,2,12,2,1,2,1,0,0,0,0,1
1,1,0,4,1,16,4,2,10,1,1,2,1,0,0,-40,0,1
1,1,1,2,1,13,11,1,13,2,1,0,1,0,0,42,0,1
1,1,0,4,1,11,11,2,12,1,1,3,1,0,0,-4,0,1
1,1,1,6,1,13,9,1,12,2,2,2,1,0,0,107,0,1
1,2,1,7,1,13,8,2,7,1,1,-4,1,0,0,174,0,1
1,1,0,5,1,11,10,2,12,1,1,7,1,0,0,-26,0,1
0,2,1,6,1,16,6,1,12,2,1,4,1,0,0,34,0,1
1,1,0,4,1,16,12,1,7,1,1,3,1,0,0,-110,0,1
1,1,0,4,1,13,7,1,13,3,1,2,1,0,0,43,0,0
1,1,0,6,1,1,10,1,12,2,1,-1,1,0,7,108,0,1
1,1,0,4,1,10,9,2,13,1,1,1,1,0,0,203,0,1
1,1,1,5,1,13,12,2,7,1,1,5,1,0,0,42,0,1
1,1,0,4,1,10,3,1,12,2,1,2,1,0,0,118,0,0
0,1,0,5,1,13,3,2,13,1,1,0,1,3,7,267,0,1
1,1,0,5,1,20,10,1,13,2,1,2,1,0,0,16,0,1
1,1,1,3,1,1,4,1,13,1,1,2,1,0,0,52,0,1
1,1,0,4,1,13,5,2,13,1,1,3,1,0,0,-62,0,1
1,1,0,5,1,1,1,1,12,1,1,4,1,3,0,-18,1,1
0,1,1,5,1,21,4,1,12,1,1,4,1,0,0,156,2,1
1,1,1,4,1,1,4,1,13,2,1,4,1,0,0,-63,0,1
1,1,0,4,1,0,12,1,13,2,1,0,1,0,0,128,0,1
1,1,1,5,1,4,5,2,12,2,1,2,1,0,10,121,0,1
1,1,0,6,1,13,12,2,13,1,1,7,1,0,5,77,0,1
1,2,0,5,1,13,8,2,13,0,1,0,1,0,0,-25,0,1
1,1,0,4,1,1,7,1,13,2,1,1,1,0,0,-9,0,1
0,1,0,5,1,16,5,1,12,1,1,2,1,0,0,-41,0,1
1,1,0,5,1,10,4,2,12,1,1,3,1,0,0,60,0,1
1,1,1,6,1,4,3,1,12,1,1,1,1,4,0,7,0,1
1,1,0,6,1,16,1,2,13,2,1,2,1,0,7,-31,0,1
1,1,0,5,1,10,8,1,13,2,3,-1,1,0,0,85,0,1
1,1,0,4,1,11,5,2,8,1,1,3,1,0,0,243,0,1
1,2,0,6,1,11,9,2,3,1,1,2,1,0,0,-90,1,1
1,1,1,6,1,14,5,1,13,2,1,5,1,0,0,18,0,1
1,1,0,4,1,4,6,1,8,1,1,-2,1,0,0,-49,0,1
1,1,1,5,1,13,1,1,0,2,2,4,1,0,0,144,0,1
1,1,0,4,1,13,7,2,7,1,1,0,1,0,7,119,0,1
1,1,1,4,1,0,7,2,1,2,1,7,1,0,0,57,0,1
1,1,0,6,1,10,6,1,13,1,1,2,1,0,0,-39,0,1
1,1,1,5,1,13,3,2,13,2,1,0,1,0,0,-56,0,1
1,2,1,5,1,16,4,1,13,2,1,2,1,0,0,-80,0,1
1,1,0,4,1,11,3,1,12,1,1,-1,1,0,0,-40,0,1
1,1,0,4,2,22,4,1,13,2,1,2,1,3,0,160,0,1
1,1,0,4,1,1,7,1,13,1,1,2,1,3,0,104,0,1
0,1,1,4,1,3,5,1,13,2,1,-1,1,0,0,-17,0,1
1,1,1,4,1,20,5,1,12,2,1,2,1,0,0,27,0,1
1,1,0,4,1,14,12,2,13,2,3,1,1,0,0,-67,0,1
1,1,1,4,1,10,8,1,12,2,1,5,1,0,0,-80,2,1
1,1,0,5,1,13,1,1,13,1,1,7,1,0,0,-42,0,1
1,2,0,5,1,13,11,1,12,2,1,5,1,0,0,28,0,1
1,1,1,5,1,14,10,2,13,1,1,-2,1,0,0,140,1,1
1,1,0,5,1,16,1,1,13,1,1,3,1,0,0,224,0,1
0,1,1,6,1,13,1,2,12,2,1,9,1,2,0,464,0,1
1,1,0,4,1,16,8,2,13,2,1,1,1,0,0,0,0,1
1,1,0,4,1,20,4,1,12,1,1,0,1,0,0,-48,0,1
1,1,1,4,1,13,4,2,12,2,1,5,1,0,0,36,0,1
1,1,0,4,1,14,7,1,13,1,1,-1,1,0,0,-58,0,1
1,1,1,4,1,1,3,1,13,2,1,6,1,0,0,32,0,1
1,1,1,7,1,10,10,1,13,2,1,1,1,0,0,137,1,1
1,2,1,6,1,13,4,2,12,1,1,4,1,3,0,216,0,1
1,2,0,4,1,14,8,1,13,1,1,0,1,0,0,119,0,1
1,1,0,5,1,16,5,1,12,3,1,6,1,0,0,-97,0,1
1,1,0,4,1,1,11,1,13,2,1,0,1,0,0,11,0,1
1,2,0,5,1,4,7,1,12,3,1,6,1,0,0,-98,0,1
1,1,0,6,2,21,9,1,13,2,1,-1,1,0,0,86,0,1
1,1,0,4,1,13,8,2,10,1,1,3,1,0,0,91,0,1
1,1,0,4,1,13,3,1,11,2,1,2,1,0,0,-48,0,1
1,1,0,4,1,13,1,1,13,2,1,0,1,0,0,12,0,1
1,1,0,4,1,13,10,1,12,1,1,4,1,0,0,22,0,1
1,2,1,4,1,13,3,2,10,2,1,1,1,0,0,0,0,1
1,2,1,5,1,16,12,2,12,1,1,-1,1,0,0,52,0,1
1,1,0,4,1,14,4,1,13,1,1,4,1,0,0,-69,0,1
1,2,0,4,1,13,9,2,13,1,1,4,1,0,0,-50,0,1
1,1,0,5,1,13,4,1,13,1,1,3,1,3,0,130,0,1
1,1,0,4,1,13,10,1,13,2,1,8,1,3,7,150,0,1
1,1,0,6,1,13,5,2,12,1,1,7,1,0,0,-152,0,0
0,1,0,5,1,13,9,2,7,1,1,5,1,0,7,251,0,1
0,1,0,5,1,11,6,2,7,1,1,4,1,0,0,-70,0,1
1,1,0,5,1,16,3,1,12,2,1,3,1,0,0,83,0,1
1,2,0,5,1,13,9,1,12,2,2,2,1,0,0,-95,0,1
1,1,0,4,1,0,1,2,12,2,1,3,1,0,0,-130,0,1
0,1,1,4,1,11,3,1,12,2,2,1,1,0,0,9,0,1
1,1,1,5,1,16,5,2,12,1,1,2,1,0,0,136,0,1
1,1,0,4,1,13,2,2,12,1,1,3,1,0,0,-68,0,1
1,1,0,4,1,10,11,1,13,2,1,2,1,0,0,-71,0,1
1,1,1,4,1,13,3,1,12,1,1,-1,1,0,0,110,0,1
1,1,1,5,1,16,9,1,12,1,1,5,1,0,0,-49,0,1
1,1,0,4,1,16,12,1,12,2,1,1,1,0,0,112,1,1
1,1,0,4,1,11,11,2,12,0,1,-3,1,0,0,-17,0,1
1,1,0,4,1,16,6,2,12,1,1,2,1,3,0,79,0,1
1,2,0,5,1,4,9,2,13,1,1,-1,1,0,0,-44,0,1
1,2,0,6,1,13,9,1,12,2,1,0,1,0,0,90,0,1
1,1,0,4,1,13,6,1,12,1,1,2,1,0,0,-125,0,1
1,1,0,5,1,16,3,1,13,2,1,0,1,0,0,81,0,1
1,1,1,5,1,13,8,1,13,2,1,1,1,0,0,40,0,1
1,1,1,4,1,19,9,1,13,1,1,4,1,0,0,-98,0,1
1,1,0,5,1,14,8,1,13,0,1,2,1,0,0,24,0,1
1,2,0,4,1,16,10,1,13,2,1,-1,1,0,0,-238,0,1
1,1,1,4,1,1,12,1,5,1,1,1,1,0,0,153,0,1
1,1,1,5,1,16,1,1,8,2,1,2,1,3,7,297,0,1
1,1,1,5,1,16,4,1,7,2,1,2,1,3,0,257,0,1
1,1,0,4,1,13,11,2,6,2,1,4,1,0,0,5,0,1
1,1,1,4,1,11,7,1,13,2,1,0,1,0,0,39,0,1
1,2,1,5,1,16,11,2,7,1,1,3,1,0,0,-69,0,1
1,1,0,4,2,10,1,1,12,2,0,4,1,0,5,13,0,1
1,1,0,4,1,13,3,1,12,1,2,7,1,0,0,-31,0,1
1,1,0,4,1,13,5,1,13,1,1,-1,1,0,0,86,0,0
1,2,0,5,2,14,8,1,12,2,1,5,0,0,0,71,0,1
1,1,0,5,1,11,12,1,12,1,1,1,1,0,0,-65,0,1
0,1,0,4,1,2,2,1,12,2,1,2,1,0,0,48,0,1
1,1,0,6,1,13,5,1,13,2,1,1,1,0,0,87,1,1
1,1,1,5,1,10,11,1,13,2,1,4,1,0,0,-69,0,1
0,1,1,6,1,13,9,1,13,3,1,2,1,0,0,114,0,1
1,1,1,5,1,13,3,2,13,1,1,1,1,0,0,128,1,1
1,1,0,5,1,14,5,1,13,2,1,-1,1,0,0,-8,0,1
1,1,0,4,1,14,6,1,13,2,1,-2,1,0,0,-128,0,1
1,1,0,5,1,13,1,1,3,2,1,-1,1,3,0,132,0,1
1,1,0,4,1,16,8,2,12,2,1,6,1,0,0,-60,0,1
1,1,1,4,1,20,5,1,12,2,1,2,1,0,0,168,0,1
1,1,0,4,1,16,3,1,7,1,1,1,1,0,0,47,0,1
1,1,0,5,1,10,9,1,12,2,1,0,1,0,0,-49,1,1
1,2,0,4,1,13,3,2,12,2,1,6,1,0,0,133,0,1
0,1,0,5,1,10,4,2,12,1,1,1,1,3,0,254,0,1
1,1,1,4,1,16,10,1,12,1,1,6,1,0,0,164,0,1
0,1,1,5,1,11,2,1,12,2,2,1,1,0,0,44,0,1
1,1,0,5,1,11,4,2,13,2,1,2,1,0,0,-150,0,1
1,1,1,5,1,14,6,2,7,1,1,5,1,0,0,71,0,1
1,1,1,6,1,14,5,1,13,1,1,2,1,0,7,63,0,1
0,1,1,4,1,11,11,2,11,1,1,3,1,0,0,-92,0,1
1,1,0,4,1,13,6,1,13,2,1,-2,1,0,0,53,0,1
0,1,0,4,1,4,5,1,7,1,1,3,1,0,0,60,0,1
1,1,0,6,1,10,5,2,12,1,1,5,1,0,0,-113,0,1
1,2,1,4,1,13,5,1,12,1,1,1,1,0,0,-84,0,1
1,1,0,5,1,13,2,1,7,2,1,3,1,0,0,116,0,1
1,1,1,5,1,20,2,2,7,1,1,2,1,3,0,229,1,1
1,1,1,4,2,4,12,1,7,1,1,2,1,0,0,231,0,1
1,1,0,5,1,14,5,1,13,1,1,3,1,0,0,2,0,1
1,2,0,4,1,11,11,1,13,1,1,2,1,0,0,96,0,1
1,2,0,4,1,20,9,1,13,1,1,4,1,3,0,241,0,1
0,1,0,5,1,3,10,2,12,2,1,5,1,3,0,64,0,1
1,1,0,4,1,16,4,2,13,2,1,1,1,0,0,-108,0,1
1,1,0,4,1,11,2,1,13,2,1,-1,1,0,0,-169,0,1
1,1,0,4,1,13,3,2,12,2,1,4,1,0,0,-207,0,1
1,1,1,4,1,10,7,1,12,2,1,2,1,0,0,-53,0,1
1,1,0,4,1,14,4,1,13,2,1,2,1,0,0,125,0,1
1,1,1,6,1,16,10,1,13,1,1,2,1,0,0,24,0,1
1,1,0,4,1,13,6,1,13,1,1,1,1,0,0,47,0,1
1,1,1,4,1,13,9,2,4,2,1,2,1,3,0,7,0,1
1,1,1,4,1,14,1,2,3,1,1,1,1,0,0,49,0,1
1,1,0,5,1,14,11,1,13,2,1,0,1,0,0,-48,0,1
1,1,0,4,1,3,4,1,13,2,2,-1,1,0,0,-13,0,1
1,1,1,4,1,1,12,1,13,2,1,1,1,0,0,16,0,1
1,1,0,5,1,14,12,1,10,1,1,1,0,1,7,113,0,1
0,2,0,4,1,10,2,2,13,2,1,2,1,0,0,-22,0,1
1,2,1,4,1,10,10,1,13,1,1,1,1,0,0,-83,0,1
0,1,0,2,1,10,11,1,12,2,1,8,1,0,0,92,0,1
1,1,0,5,1,10,12,1,13,1,1,2,1,0,0,-66,0,1
1,1,1,5,1,11,12,2,13,1,1,1,1,0,0,-116,0,1
1,2,0,6,1,11,12,1,13,2,1,2,1,0,0,138,0,1
1,1,0,5,1,4,3,2,13,2,1,1,1,0,0,77,0,1
1,1,0,4,1,13,6,2,12,1,1,3,1,0,0,-55,0,1
0,1,1,5,1,14,8,1,7,2,2,1,1,0,0,-4,0,1
1,1,1,5,1,10,1,1,13,2,1,2,1,0,0,117,0,1
1,1,0,6,1,16,12,1,13,1,1,2,0,0,0,10,0,1
1,1,1,6,1,14,9,2,13,1,1,2,1,0,0,30,0,1
1,1,0,4,1,5,8,1,12,2,3,5,1,0,0,-152,0,1
1,1,1,4,1,1,4,1,4,2,1,1,1,0,0,121,0,1
1,1,0,4,1,13,3,1,13,2,1,-1,1,0,0,124,0,1
1,1,0,4,1,14,2,1,12,2,1,-1,1,0,0,9,0,1
1,1,0,4,1,4,2,2,13,1,1,2,1,0,0,-51,0,1
1,1,0,5,1,20,5,1,11,1,1,5,1,3,6,386,0,1
1,1,0,4,1,16,4,1,13,2,1,1,1,0,0,-116,0,0
1,1,0,5,1,20,1,1,13,1,1,-4,1,0,0,144,0,0
1,1,0,4,1,13,1,1,4,2,1,5,1,0,0,75,0,1
1,1,0,5,1,14,10,2,13,2,1,2,1,1,0,49,0,1
1,1,0,5,1,16,4,1,12,1,1,5,1,0,0,-21,0,0
1,1,0,4,1,10,5,2,10,3,1,1,1,0,0,-23,0,1
1,1,1,4,1,16,8,1,12,2,1,-1,1,0,0,36,0,1
1,1,0,5,1,13,11,2,13,1,2,4,1,0,0,-67,0,1
1,1,0,4,1,16,3,1,13,1,1,4,1,0,0,-99,0,1
1,1,0,4,1,13,3,2,3,2,1,-2,1,0,0,-29,0,1
1,2,0,4,1,14,12,2,12,1,1,-5,1,3,0,313,0,1
0,1,0,4,1,16,9,1,12,2,2,4,1,0,0,-15,0,1
1,1,0,4,1,11,8,2,12,2,1,5,1,0,0,-194,0,1
1,1,1,5,1,13,1,1,7,2,1,0,1,0,0,147,0,1
1,1,0,5,1,13,10,2,12,1,1,-1,1,0,0,103,0,1
1,1,1,5,1,16,10,2,13,1,1,2,1,0,7,176,0,1
1,1,0,5,1,4,4,1,13,1,1,4,1,0,0,209,1,1
1,1,0,5,1,14,8,2,12,2,3,1,1,0,9,229,0,1
1,1,1,5,1,9,3,2,13,1,2,0,1,0,0,-134,0,1
1,1,1,4,1,11,11,2,13,1,2,4,1,0,0,119,0,1
1,1,1,4,1,16,4,2,0,1,1,2,1,0,0,-28,0,1
1,2,0,4,1,13,1,2,13,2,1,1,1,0,0,-5,0,1
1,1,0,3,1,16,1,2,7,2,1,6,1,0,0,-18,0,1
1,1,1,5,1,1,6,1,12,1,1,2,1,0,0,-46,0,1
1,1,0,4,1,16,9,1,12,2,1,0,1,3,0,-9,0,1
0,1,1,4,1,1,4,2,13,2,1,2,1,0,9,65,0,1
1,1,0,4,1,4,2,1,12,3,1,6,1,0,0,-189,0,1
1,1,0,4,1,16,10,2,0,1,1,-2,1,0,0,128,1,1
0,1,0,4,1,14,2,2,13,1,1,2,1,0,0,-73,0,1
1,1,1,4,1,20,9,2,13,2,1,2,1,3,0,321,0,1
1,1,1,4,1,20,11,1,12,1,1,3,1,0,0,34,0,1
1,1,0,4,1,13,2,1,13,3,1,-2,1,0,0,277,0,1
1,1,0,4,1,13,4,1,13,2,2,-2,1,3,7,168,1,1
1,1,0,5,1,13,3,1,13,1,1,-1,1,0,0,-163,0,1
1,1,0,4,1,3,9,2,13,2,1,1,1,0,0,-86,0,1
0,1,1,5,1,10,9,2,13,2,1,6,1,0,0,-19,0,1
1,2,1,1,1,13,12,2,7,2,1,3,1,0,0,47,0,1
1,1,0,5,1,10,8,1,12,2,1,2,1,0,0,-301,0,1
1,1,0,4,1,13,12,2,12,1,1,5,1,0,0,-104,1,1
1,1,0,4,1,11,5,2,12,1,1,4,1,3,10,59,0,1
1,2,0,5,1,14,5,2,4,1,1,2,1,0,0,-86,0,1
1,1,1,6,1,16,2,1,12,2,2,7,0,0,0,36,0,1
1,1,0,1,1,13,5,1,12,1,1,5,1,0,0,90,0,1
1,1,0,4,1,13,7,2,12,1,2,3,1,0,7,235,0,1
1,1,0,4,1,16,4,1,12,2,1,2,1,0,0,-24,0,1
1,1,0,5,1,13,8,1,13,2,1,4,1,0,0,-48,0,1
1,2,1,1,1,13,10,2,13,2,1,7,1,0,0,122,1,1
1,2,0,5,1,14,1,2,12,1,1,3,1,0,0,45,2,1
1,1,0,2,1,16,2,2,10,1,1,8,1,3,0,202,0,1
1,2,1,5,1,13,4,1,9,1,1,3,1,0,0,-2,0,1
1,1,0,5,1,14,5,1,13,1,1,5,1,0,0,-65,0,1
1,1,0,4,1,1,5,2,12,1,1,6,1,3,7,263,0,1
0,1,0,4,1,14,6,2,13,1,1,4,1,0,0,54,0,1
1,1,0,5,1,16,8,1,9,1,1,9,1,0,0,-51,0,1
0,1,0,5,1,1,10,1,13,2,1,2,1,3,0,103,0,1
1,1,1,4,1,13,9,2,13,2,1,2,1,3,11,182,0,1
1,1,1,5,1,16,10,2,11,1,1,5,1,0,0,261,1,1
1,1,1,4,1,11,5,1,12,1,1,4,1,0,0,-59,0,1
1,1,0,4,1,13,5,1,13,2,1,4,1,0,0,164,0,1
1,2,1,7,1,13,8,1,12,2,1,7,1,0,0,74,0,0
0,1,0,4,1,0,8,2,13,1,1,0,1,0,0,14,0,1
1,1,1,4,1,13,2,1,12,2,1,-2,1,0,0,17,0,1
1,1,1,5,1,16,4,2,13,1,1,1,1,0,0,125,0,0
1,1,0,5,1,13,1,2,12,0,1,6,1,0,0,-105,0,1
1,1,1,4,1,16,8,1,12,1,1,3,1,0,0,-19,3,1
0,1,0,6,1,13,5,1,13,2,1,6,1,0,0,-123,0,1
0,2,0,5,1,13,4,2,13,1,1,-4,1,0,0,-91,0,1
1,1,0,4,1,11,10,1,12,3,1,1,1,0,0,11,0,1
0,1,1,6,1,13,10,1,1,1,1,7,1,0,0,-30,0,1
1,2,1,6,1,0,12,1,13,2,1,2,1,0,0,97,0,1
1,1,0,6,1,13,6,1,13,3,1,0,1,0,7,30,2,1
1,2,1,3,1,16,8,2,12,2,1,3,1,0,3,260,0,1
1,1,0,4,1,13,11,2,11,1,1,1,1,0,0,268,0,1
1,1,1,4,1,20,4,1,7,1,1,3,1,3,0,336,0,1
1,1,1,4,1,11,4,1,12,2,1,4,1,0,0,-29,1,1
1,1,0,4,1,13,5,2,8,1,1,4,1,0,0,44,0,1
1,1,0,5,1,0,5,1,13,2,1,6,1,0,0,-1,0,1
1,1,0,4,1,13,4,1,13,2,1,-2,1,2,0,182,0,1
1,1,0,4,1,4,12,2,3,1,1,1,1,0,0,80,0,1
1,1,1,5,1,14,10,1,13,1,1,5,1,0,0,-113,0,1
1,1,1,6,1,20,9,2,7,1,1,6,1,0,0,103,0,1
1,1,0,4,1,13,4,1,14,2,1,2,1,0,0,102,0,1
1,2,0,4,1,16,3,2,13,0,1,5,1,0,0,-158,0,1
1,2,0,4,1,1,7,1,2,2,1,4,1,0,0,-39,0,1
1,1,0,4,1,0,8,1,7,1,1,1,1,0,7,248,0,1
1,1,0,5,1,4,10,1,13,1,1,3,1,0,0,-37,0,1
1,1,1,4,1,13,3,1,13,2,2,2,1,0,7,237,0,1
1,1,1,5,1,13,11,2,12,2,1,5,1,0,0,-8,0,1
1,1,0,4,1,20,10,2,13,1,1,4,1,3,0,79,0,1
1,1,0,5,1,16,10,1,13,2,1,4,1,0,0,-29,0,1
1,1,1,5,1,16,8,1,12,1,1,3,1,0,0,-33,0,1
1,1,0,5,1,0,5,1,13,3,1,-3,1,0,0,49,0,1
1,1,0,4,1,13,4,2,13,1,1,5,1,0,0,-74,0,1
1,1,1,5,1,13,3,1,13,1,1,-1,1,0,0,-119,0,1
1,1,1,5,1,14,8,1,13,3,1,-1,1,0,7,125,0,1
1,1,0,4,1,13,7,1,12,3,1,4,1,0,0,32,0,1
1,1,0,4,1,13,6,2,12,1,1,6,1,0,0,-200,0,0
1,1,1,4,1,16,3,1,13,2,2,-1,1,0,0,94,0,0
1,1,0,5,1,16,7,2,13,2,1,0,1,2,0,30,0,1
1,1,0,5,1,13,10,2,12,2,1,7,1,1,0,-10,0,1
1,1,0,5,1,1,11,1,4,2,1,4,1,0,0,185,0,1
1,1,0,5,1,16,7,1,12,1,1,5,1,0,0,-17,3,1
1,2,1,5,1,14,3,1,12,2,1,4,1,0,0,42,0,1
1,1,0,5,1,13,3,1,13,1,1,1,1,0,0,78,0,1
0,1,1,4,1,16,2,1,7,2,1,2,1,0,0,133,0,1
1,1,0,4,1,16,4,2,7,1,1,3,1,3,0,106,0,1
1,1,1,4,1,4,1,1,13,2,1,2,1,3,7,296,0,1
1,1,0,5,1,11,4,2,12,2,1,2,1,0,0,-104,0,1
1,1,0,4,1,13,7,2,13,3,1,2,1,0,0,2,0,1
1,1,1,5,1,14,10,1,13,2,1,0,1,0,7,77,0,1
0,1,0,4,1,16,9,1,13,2,1,-1,1,0,0,9,0,1
1,1,0,4,1,13,5,2,13,1,1,0,1,0,0,24,0,1
1,1,1,5,1,13,3,2,12,1,1,3,1,0,0,-94,0,1
1,1,1,5,1,16,10,1,13,2,1,-1,1,0,7,122,0,1
1,1,1,4,1,4,3,1,13,1,1,3,1,0,0,-205,0,1
1,1,0,4,1,14,10,2,13,1,1,2,0,0,0,71,0,1
0,1,0,6,1,16,1,1,13,1,1,1,1,0,0,-55,0,1
1,1,0,5,1,16,8,1,12,2,1,3,1,0,0,144,1,1
1,1,1,4,1,16,1,1,12,1,1,2,1,0,0,75,0,1
1,1,0,4,1,2,11,2,12,1,1,1,1,2,0,35,0,1
1,2,0,4,1,20,4,1,13,1,1,1,1,3,0,47,0,1
1,1,0,5,1,20,6,1,12,2,1,-1,1,0,0,-86,0,1
1,1,1,4,1,16,2,2,11,1,1,5,1,0,0,86,0,1
1,1,0,6,1,0,8,1,13,3,1,-1,1,0,0,21,0,1
1,1,1,5,1,13,5,1,13,1,1,2,1,0,0,52,1,1
1,1,0,4,1,4,7,1,12,1,1,6,1,0,0,-31,0,1
0,1,0,6,1,14,7,2,11,1,1,2,1,0,0,10,0,1
1,2,1,4,1,0,6,2,12,2,1,1,1,0,0,146,0,1
1,1,0,4,1,13,10,1,3,2,1,2,1,0,0,69,1,1
1,1,1,5,1,16,5,1,5,2,1,2,1,0,0,102,0,1
1,2,0,5,1,16,1,1,12,1,1,0,1,0,0,-132,0,1
1,1,1,4,1,11,5,2,7,1,1,6,1,0,0,-9,0,1
1,1,0,4,1,4,5,2,12,2,1,3,1,0,0,100,0,1
1,1,0,5,1,1,8,2,13,0,2,-1,1,0,0,-40,0,1
1,1,0,5,1,13,3,2,12,1,1,1,1,0,0,73,0,1
1,1,0,4,1,4,9,2,13,1,1,-3,1,0,7,0,0,1
1,1,0,5,1,4,4,1,13,1,1,-1,1,0,0,13,0,1
0,2,1,4,1,13,9,2,0,1,1,6,1,0,0,137,0,1
1,1,0,4,1,4,10,1,13,1,1,3,1,0,0,5,0,1
1,1,0,4,1,13,1,2,7,2,1,3,1,0,0,208,0,1
1,1,0,1,1,13,9,2,13,1,1,4,1,0,0,82,0,1
1,1,0,4,1,13,6,2,13,1,1,3,1,0,0,-53,0,1
1,1,0,7,1,16,9,2,13,2,1,-2,1,0,0,-74,0,1
1,1,1,5,1,13,8,2,13,2,1,0,1,0,0,119,0,1
0,1,1,4,1,13,1,1,12,2,1,5,1,0,0,239,0,1
0,1,0,5,1,13,5,1,12,1,1,3,1,0,0,-79,0,1
0,1,0,6,1,13,11,1,12,1,1,3,1,4,0,47,0,1
1,2,0,4,1,1,7,1,13,3,1,-1,1,0,0,-101,0,1
1,1,0,5,1,1,9,2,11,2,1,3,1,0,0,-2,0,1
1,1,0,5,1,4,10,1,12,2,1,2,1,0,0,101,0,1
1,1,0,5,1,13,3,1,13,2,1,-1,1,3,0,130,0,1
1,1,0,4,1,1,9,1,13,2,1,-2,1,0,0,-100,1,1
1,1,1,4,1,4,5,1,12,1,1,5,1,0,0,99,0,1
1,1,1,1,1,10,6,1,13,0,1,1,1,0,7,337,1,1
1,2,1,4,1,10,10,2,9,1,1,0,1,3,7,182,0,1
1,1,0,4,1,1,8,1,6,2,1,0,1,0,0,61,0,0
1,1,0,6,1,13,1,1,12,2,1,4,1,0,0,-88,3,1
1,1,0,5,1,20,3,1,12,2,1,1,1,3,0,293,0,1
1,2,0,4,1,16,2,2,8,2,1,-1,1,0,0,88,0,1
1,2,0,5,1,2,9,2,12,1,1,4,1,0,0,107,0,1
1,1,0,2,1,13,3,1,13,3,1,-1,1,0,0,53,0,1
0,1,0,4,1,13,1,1,13,2,1,1,1,3,0,136,1,1
1,2,0,5,1,10,6,1,2,3,1,2,1,0,0,-4,0,1
0,1,0,5,1,14,1,1,13,2,2,6,1,0,0,-150,0,1
1,1,0,4,1,14,8,1,12,3,1,2,1,0,0,52,0,1
1,1,0,4,1,13,3,1,1,1,1,5,1,0,0,219,1,1
1,1,0,5,1,11,9,1,0,2,1,1,1,0,0,100,0,0
1,1,1,6,1,13,2,2,13,1,1,6,1,0,0,31,0,1
1,1,1,6,1,13,4,1,13,1,1,4,1,0,0,141,0,1
1,1,0,5,1,13,2,1,11,2,1,3,1,0,0,18,0,1
0,1,0,5,1,19,7,2,13,2,1,2,1,0,0,88,0,1
1,1,1,4,1,13,6,1,12,1,1,5,1,0,0,-138,0,1
1,1,0,4,1,13,8,1,13,2,1,4,1,4,0,43,0,1
0,1,0,5,1,4,12,1,13,1,1,2,1,0,4,-40,0,1
1,1,1,4,1,13,7,1,10,2,2,3,1,3,0,249,1,1
0,1,0,5,1,8,9,1,12,2,1,-1,1,0,0,-31,0,1
1,1,1,5,1,13,9,1,13,1,1,-1,1,0,7,184,0,1
1,1,0,4,1,16,11,1,13,2,2,-1,1,0,0,83,0,1
1,1,0,6,1,14,1,1,13,2,1,3,1,0,0,22,0,1
0,2,0,4,1,14,7,1,13,1,1,0,1,0,0,-43,0,1
1,1,0,4,1,13,1,1,12,2,2,1,1,0,0,127,0,0
1,1,1,4,1,1,9,2,12,2,1,1,1,0,0,11,0,1
1,1,0,4,1,16,12,2,13,1,1,4,1,0,0,-170,0,1
1,1,0,5,1,14,9,1,13,3,1,-2,1,0,7,73,0,1
1,2,1,4,1,16,4,1,7,2,1,2,1,3,0,388,0,1
1,2,0,5,1,5,5,2,13,2,1,0,1,0,0,-94,0,1
1,1,0,5,1,16,1,2,12,1,1,6,1,0,0,-81,0,1
1,2,0,4,1,16,7,2,13,1,1,4,1,0,0,199,0,1
1,1,0,5,1,10,10,1,1,1,1,4,1,0,0,98,0,0
1,1,0,4,1,13,10,2,12,2,1,2,1,0,0,197,0,1
1,1,0,6,1,16,6,1,12,1,1,2,1,0,0,-59,0,1
1,1,0,5,1,20,2,2,12,1,1,4,1,0,0,-115,0,1
1,1,0,4,1,6,9,1,13,2,1,3,1,0,0,-59,0,1
0,1,1,7,1,16,11,2,7,2,1,7,1,3,0,160,2,1
1,1,1,4,1,1,3,1,12,2,1,3,1,0,0,271,0,1
1,1,0,4,1,11,4,1,13,1,1,2,1,0,0,-23,0,1
0,1,0,5,1,13,9,1,12,2,1,5,1,0,0,172,0,1
1,1,0,6,1,14,3,2,13,2,1,2,1,0,0,218,0,1
1,1,0,5,1,10,2,1,12,1,1,2,1,0,6,44,0,1
1,1,1,4,1,10,4,2,12,0,1,6,1,0,7,118,3,1
0,1,1,4,1,13,3,1,13,1,1,0,1,0,0,129,0,1
1,1,1,4,1,13,5,2,13,2,1,2,0,0,0,65,0,0
0,1,1,5,1,13,2,1,13,2,1,0,1,0,0,31,0,1
0,1,0,4,1,13,10,1,13,3,1,1,1,0,0,39,0,1
1,2,1,4,1,1,6,1,12,2,1,0,1,0,0,306,1,1
1,1,0,4,1,16,2,1,4,2,1,2,1,0,7,85,0,1
1,1,0,4,1,14,4,1,12,2,1,2,1,3,0,8,0,0
1,1,0,4,1,13,4,1,13,2,1,-4,1,0,0,206,0,1
1,1,0,6,1,13,11,2,12,0,1,4,1,0,0,-29,0,1
1,1,0,4,1,4,2,1,12,3,1,1,1,0,0,12,0,1
1,1,0,5,1,10,9,2,13,2,1,2,1,3,0,160,0,1
1,1,1,4,1,17,2,1,12,2,1,5,1,3,0,-36,0,1
1,1,1,7,1,13,4,2,12,1,1,6,1,0,0,9,0,1
0,1,0,2,1,16,2,1,6,2,1,0,1,0,8,129,0,1
1,2,0,6,1,13,7,1,7,1,1,3,1,0,0,72,0,1
1,1,0,5,1,13,5,1,12,1,1,4,1,0,0,71,0,1
1,1,1,4,1,4,6,1,13,1,1,5,1,0,7,96,0,1
1,1,0,4,1,10,7,1,13,1,1,1,1,0,0,4,0,1
1,1,0,4,1,10,7,2,7,1,1,3,1,0,7,108,0,1
1,1,0,3,1,16,3,2,8,2,1,2,1,0,0,-29,0,1
1,2,0,4,1,4,10,2,4,1,1,0,1,0,0,-13,1,1
1,1,0,5,1,16,2,2,12,1,1,2,1,0,0,37,0,1
1,2,1,6,1,16,3,1,13,2,2,5,1,0,0,-20,0,1
1,1,0,4,1,13,2,1,13,2,2,-1,1,0,0,86,0,1
1,1,0,4,1,1,12,1,13,2,1,6,1,0,0,-26,0,1
1,2,1,4,1,14,8,2,13,2,1,2,1,0,0,14,0,0
1,1,1,4,1,13,3,1,13,1,1,3,1,0,0,-34,0,1
1,2,0,4,1,7,9,1,13,1,1,4,1,0,0,-65,0,1
1,1,0,5,1,14,5,2,13,2,1,-1,1,0,0,0,0,1
0,1,1,5,1,13,6,2,12,1,1,1,1,0,0,-19,0,1
1,1,0,4,1,14,5,1,12,2,1,7,1,0,0,18,0,1
0,1,0,4,1,13,6,2,13,2,1,2,1,0,0,259,0,1
1,1,0,6,1,16,8,2,13,2,1,2,1,0,0,89,0,1
0,1,0,7,1,0,3,1,13,2,1,8,1,0,0,39,1,1
1,1,0,5,1,4,11,1,12,1,1,2,1,0,0,-106,0,1
1,1,0,4,1,11,9,1,13,1,1,-2,1,0,0,-21,0,1
1,1,1,5,1,16,4,1,12,1,1,-1,1,3,0,80,0,1
0,1,0,4,1,1,6,1,12,2,1,5,1,0,0,55,0,1
1,1,0,4,1,16,10,1,13,2,1,5,1,0,0,221,0,1
1,1,0,4,1,11,11,2,12,1,1,1,1,0,0,-15,0,1
1,1,0,4,1,11,11,2,13,1,1,-1,1,0,0,16,1,1
1,1,1,4,1,10,8,1,13,1,1,-3,1,0,0,31,0,1
1,1,1,6,1,10,6,1,12,2,1,0,1,0,0,-14,0,1
1,1,1,5,1,13,2,2,7,2,2,3,1,0,0,197,0,1
1,1,1,4,1,13,6,1,13,2,1,-2,1,0,0,144,0,1
0,2,0,4,1,13,7,2,9,1,1,2,1,0,0,32,3,1
1,2,0,6,1,13,6,1,12,1,1,9,1,0,0,-130,0,1
1,1,1,5,1,1,12,1,12,1,1,1,1,1,0,201,1,1
1,1,1,5,1,10,5,2,13,1,1,5,1,0,0,75,1,1
1,1,0,5,1,13,11,1,12,2,1,-1,1,0,0,127,0,1
1,1,0,5,1,10,5,2,12,1,1,1,1,0,0,-11,0,1
0,1,0,4,1,14,4,1,13,1,1,0,1,0,0,-11,0,1
1,1,1,5,1,13,1,2,12,2,1,6,1,0,0,64,0,1
1,1,0,4,1,13,9,1,12,2,1,1,1,0,0,74,0,1
1,1,0,4,1,13,5,1,13,2,1,0,1,0,0,-91,1,0
1,1,1,6,1,14,1,1,7,2,1,1,1,3,0,109,0,1
1,1,1,4,1,16,12,1,13,2,1,3,1,3,0,55,0,1
1,1,0,5,1,13,2,1,13,2,2,3,1,0,0,23,0,1
1,1,1,5,1,10,6,1,13,2,1,4,1,0,0,81,0,1
0,1,1,4,1,13,1,2,13,3,1,5,1,0,0,66,0,1
0,1,0,4,1,10,10,2,13,1,1,1,1,0,0,-42,0,1
1,1,0,4,1,10,3,2,3,2,1,0,1,0,0,39,0,1
0,1,0,5,1,1,12,2,13,2,1,5,1,0,0,-2,0,1
1,1,1,4,1,11,3,2,13,2,1,2,1,3,7,304,0,1
1,1,0,4,1,20,6,2,13,2,1,4,1,0,0,28,0,1
1,1,0,6,1,12,12,1,12,3,1,0,1,0,0,27,0,1
1,1,1,5,1,13,6,2,7,1,1,5,1,0,0,29,0,1
0,2,0,5,1,13,3,1,12,2,1,5,1,0,0,-70,0,1
1,1,0,4,1,0,11,1,12,2,1,0,1,0,0,-55,0,1
1,1,0,5,1,5,9,1,13,2,1,4,1,0,0,-21,1,0
1,1,0,5,1,13,6,1,8,2,1,7,1,0,0,-19,0,1
1,1,0,4,1,10,10,1,12,2,1,2,1,0,0,-39,0,1
1,1,1,5,1,13,6,1,13,1,1,3,1,0,7,266,0,1
1,1,1,4,1,4,3,1,13,2,1,0,1,3,0,185,0,1
1,1,1,4,1,4,11,2,13,1,1,1,1,0,0,107,0,1
1,1,1,4,1,1,4,1,13,2,1,1,1,0,0,46,0,1
1,1,0,6,1,11,10,2,5,1,1,7,1,0,0,-71,0,1
1,1,1,4,1,13,10,1,7,2,1,2,1,0,0,185,0,1
1,2,0,2,1,1,11,2,12,1,1,2,1,0,0,69,0,1
1,1,0,4,1,16,3,1,13,2,1,-2,1,0,0,247,1,1
1,1,1,4,1,16,6,1,12,2,2,3,1,0,0,53,0,0
1,1,0,4,1,14,10,1,12,2,1,5,1,0,0,-143,0,1
1,1,1,6,1,16,10,1,7,2,1,1,1,0,0,77,0,1
1,1,1,5,1,16,9,2,12,1,1,0,1,0,0,-52,0,0
1,1,0,4,1,1,9,2,12,1,1,5,1,0,0,32,0,1
1,1,0,6,1,1,12,2,4,2,1,3,1,3,0,289,0,1
0,1,0,1,1,11,12,1,13,1,1,-2,1,0,9,-54,0,1
1,1,0,5,1,5,2,1,13,2,1,-1,1,0,0,-17,0,0
1,1,0,4,1,4,8,1,12,2,1,-1,1,0,7,157,0,1
0,1,0,5,1,16,11,2,10,1,1,2,1,3,5,98,1,1
1,1,0,4,1,13,3,1,13,2,1,-2,1,0,7,-79,0,1
1,1,0,4,1,0,6,2,12,1,2,1,1,0,0,-85,0,1
1,1,0,5,1,10,7,1,12,2,1,6,1,0,0,156,0,1
1,2,0,4,1,4,12,2,13,1,1,1,1,0,0,-51,0,1
1,1,0,4,1,11,9,1,12,1,1,1,1,0,0,7,0,1
1,1,1,4,1,20,1,2,12,1,1,-1,1,0,0,173,0,1
1,1,1,4,1,13,7,2,13,1,1,1,0,0,0,46,0,1
1,1,1,5,1,13,1,1,7,1,1,1,1,3,0,130,0,1
1,1,0,6,1,10,5,2,12,2,1,1,1,3,0,256,0,1
0,1,0,4,1,10,9,1,12,1,2,1,1,3,0,115,0,1
1,2,0,4,1,13,5,2,12,1,1,6,1,3,0,82,0,1
1,1,0,4,1,13,10,2,6,2,1,5,1,0,5,54,0,1
1,1,0,5,1,10,11,2,12,1,2,3,1,0,0,76,0,1
1,1,0,4,1,13,2,2,10,1,1,-2,1,0,7,74,0,1
1,1,0,7,1,20,2,1,12,2,1,3,1,3,0,49,3,1
1,1,1,5,1,16,8,1,9,2,1,6,1,0,0,22,0,1
1,1,0,4,1,22,4,1,12,2,1,0,1,0,0,27,0,1
0,1,1,4,1,13,11,2,12,1,1,1,1,0,0,32,0,1
1,1,0,4,1,13,6,2,13,1,1,3,1,0,0,-9,0,1
1,1,1,4,1,16,1,1,10,1,1,6,1,0,0,-22,0,1
1,2,0,4,1,13,7,2,13,1,1,1,1,0,0,-2,0,1
1,2,0,4,1,13,8,1,13,2,1,1,1,0,0,20,0,1
1,1,1,4,1,20,1,1,13,1,1,4,1,0,0,-36,0,1
1,1,0,4,1,16,10,1,12,1,1,1,1,0,0,-90,0,1
1,1,0,4,1,1,2,1,13,1,1,1,1,0,0,71,0,1
1,1,0,4,1,13,12,2,14,1,1,4,1,3,0,202,0,1
1,1,0,7,1,4,9,1,10,1,1,5,0,3,0,156,0,1
1,1,0,4,1,0,4,2,7,1,0,-1,1,3,0,258,0,1
1,1,1,5,1,13,10,1,7,1,1,3,1,3,0,214,1,1
1,1,0,4,1,0,10,1,12,2,1,1,1,0,0,-132,0,1
1,1,1,6,1,14,8,1,13,2,1,1,1,0,0,-81,0,1
0,2,0,4,1,14,5,2,12,1,1,2,1,0,0,106,0,1
1,1,0,6,1,10,1,1,13,3,1,0,1,0,0,-12,0,1
1,1,0,5,1,13,4,1,12,2,1,3,1,0,0,13,0,1
1,1,0,4,1,13,9,2,12,1,1,1,1,3,0,205,0,1
1,1,0,4,1,14,12,1,11,2,1,1,1,3,0,214,0,1
1,1,0,4,1,4,11,2,13,2,2,0,1,0,0,53,0,1
1,1,0,4,1,13,7,1,13,1,1,5,1,0,0,-70,0,1
1,1,1,4,1,10,8,1,12,2,1,2,1,0,0,0,0,1
1,1,0,6,1,14,9,2,8,1,1,6,1,0,0,-86,0,1
1,1,1,4,1,16,2,1,13,2,1,6,1,0,0,233,0,1
1,1,0,4,1,4,11,1,13,2,1,2,1,0,0,59,0,1
1,1,0,4,1,4,12,1,0,1,1,0,1,0,0,-75,0,1
1,1,0,5,1,13,10,1,12,2,1,4,1,0,0,-15,0,1
1,2,0,6,1,20,9,1,12,2,1,5,1,0,0,114,0,1
1,1,0,4,1,1,2,1,12,2,1,-1,1,0,0,-186,0,1
1,1,1,4,1,13,9,1,7,2,1,-1,1,0,0,64,0,1
1,1,1,5,1,10,6,1,13,3,1,1,1,0,0,-95,0,1
1,1,1,6,1,16,3,2,12,1,1,0,1,0,0,49,0,1
1,1,0,4,1,0,4,1,13,1,1,0,1,0,0,174,0,1
1,2,0,4,1,11,9,1,12,1,1,0,1,0,0,-8,0,1
1,1,1,4,1,13,8,2,1,1,1,2,1,3,0,241,0,1
1,1,0,6,1,13,5,1,8,1,1,4,1,0,0,-97,0,1
1,1,0,4,1,11,3,1,12,2,1,2,1,0,0,96,0,1
1,1,0,4,1,0,7,1,13,2,1,7,1,0,0,-53,0,1
1,1,0,4,1,0,9,2,8,1,1,3,1,0,0,62,0,1
1,2,0,6,1,11,7,1,13,2,1,-3,1,0,0,-46,0,1
1,1,0,4,1,4,4,1,13,2,1,1,1,0,7,133,0,1
1,1,0,5,1,16,8,2,12,2,1,3,1,0,0,24,1,1
0,1,0,6,1,4,4,1,13,1,1,2,1,0,7,112,0,1
1,1,1,4,1,13,5,1,9,1,1,1,1,0,0,-12,0,1
1,2,1,4,1,20,3,1,13,2,1,0,1,0,0,-72,0,1
0,1,1,7,1,13,7,1,12,1,1,10,1,0,0,-2,0,1
1,1,0,4,1,4,1,1,13,2,1,-1,1,0,0,130,0,1
1,1,1,4,1,13,9,2,13,1,1,4,1,0,0,40,2,1
1,1,1,5,1,18,8,1,8,2,1,4,1,0,0,186,0,1
1,1,0,4,1,10,6,2,13,1,1,2,1,0,0,34,0,1
1,1,1,4,1,7,2,2,12,3,1,4,1,0,0,-210,0,1
1,1,0,5,1,13,1,1,13,1,1,3,1,0,0,-59,0,1
1,1,0,6,1,13,4,2,12,3,1,2,1,0,0,17,0,1
1,1,0,1,1,10,5,1,13,2,1,1,1,0,0,60,0,1
1,1,0,4,1,1,8,2,13,1,1,1,1,3,0,192,0,1
1,1,0,4,1,14,4,2,12,1,1,1,1,0,0,55,0,1
1,1,0,4,1,4,10,2,12,1,1,8,1,0,0,230,0,1
1,1,0,4,1,3,3,2,12,1,1,2,1,0,0,-59,0,1
1,1,0,4,1,18,1,2,7,1,1,3,0,3,7,332,0,1
1,1,0,4,1,13,6,1,10,2,2,3,1,0,0,275,0,1
1,1,1,5,1,4,10,2,13,1,1,8,1,0,0,61,0,1
1,2,1,4,1,6,10,2,13,1,1,3,1,0,0,61,0,0
1,1,0,4,1,13,4,2,13,2,1,-1,1,0,0,84,0,0
1,1,1,7,1,16,1,1,13,1,1,-2,1,0,0,91,0,1
1,1,0,5,2,19,3,2,13,1,1,3,1,0,0,50,0,1
1,2,0,5,1,13,5,1,13,1,1,2,1,0,0,-41,0,1
1,2,0,5,1,16,11,2,12,2,1,2,1,0,0,6,0,1
1,1,0,4,1,13,9,1,9,2,1,-3,1,0,0,-117,0,1
1,1,1,4,1,16,1,2,13,1,1,5,1,0,0,-39,0,1
1,1,0,4,1,16,9,1,13,1,1,0,1,0,0,131,0,1
1,1,1,5,1,4,1,2,7,1,1,3,1,3,7,183,0,1
1,1,1,4,1,11,3,1,13,1,1,3,1,0,0,143,0,1
1,1,0,5,1,11,6,2,12,1,1,4,1,0,0,-9,0,1
1,1,1,4,1,13,8,1,3,0,1,-2,1,0,0,-103,0,1
0,1,1,5,1,10,9,2,14,2,1,-1,1,0,0,23,0,1
1,1,1,4,1,4,11,2,12,1,1,-3,1,0,7,90,0,1
1,2,0,5,1,14,7,1,0,1,1,-1,1,0,6,160,0,1
1,1,0,4,1,16,1,1,13,1,2,2,1,0,11,88,0,1
1,1,0,4,1,1,4,1,7,2,1,1,1,0,0,104,0,1
1,1,0,5,2,13,5,1,12,2,1,3,1,0,0,-170,0,0
1,2,0,4,1,4,2,1,7,2,1,-1,1,0,0,-167,0,1
1,1,0,4,1,20,2,1,12,1,1,2,1,0,0,-24,0,1
1,1,0,4,1,1,5,1,12,2,1,-1,1,3,0,134,0,1
0,1,0,6,1,13,3,1,13,2,1,2,1,0,0,187,0,1
1,1,1,4,1,11,5,2,12,2,1,-2,1,0,10,141,0,1
1,1,0,4,1,14,4,1,13,2,1,-1,1,3,0,256,0,1
0,1,0,6,1,0,8,1,12,2,1,1,1,0,0,-123,0,1
1,1,0,6,1,5,4,2,12,1,1,1,1,0,0,17,0,1
1,2,0,4,1,0,2,1,10,1,1,1,1,0,0,36,0,1
1,1,0,5,1,13,7,1,7,2,1,-2,1,0,0,86,0,1
1,1,0,4,1,11,3,1,13,1,1,3,1,0,0,145,0,1
1,1,0,7,1,13,6,2,13,1,2,1,1,0,0,194,0,0
1,1,0,4,1,1,1,1,13,2,1,-2,1,3,0,115,0,1
1,1,0,4,1,14,5,1,13,2,1,1,1,0,0,81,0,1
1,1,0,6,1,1,3,1,12,2,1,3,1,0,0,-164,1,1
1,1,0,5,1,11,3,2,13,1,1,2,1,0,0,-184,0,1
1,1,1,6,1,10,4,2,12,2,1,-1,1,0,0,2,0,1
1,1,1,4,1,13,12,1,13,3,1,-1,1,0,0,-94,0,1
1,2,1,6,1,13,4,1,13,2,2,2,1,3,7,150,0,1
0,1,1,5,1,11,11,2,9,1,1,0,1,3,0,151,0,1
1,1,0,4,1,4,10,1,13,2,1,-1,1,0,7,-136,0,1
1,1,0,1,1,13,1,1,0,2,1,0,1,0,0,35,0,1
0,1,0,5,1,0,1,2,13,2,1,4,1,0,0,76,0,1
1,1,0,4,1,3,11,2,13,1,2,0,1,0,0,-66,0,1
1,1,1,4,1,13,3,1,12,2,1,3,1,0,0,-81,0,1
1,1,1,4,1,13,3,1,13,2,1,1,1,0,0,39,0,1
1,1,0,4,1,14,6,1,5,1,1,4,1,0,0,-81,0,1
1,2,1,4,1,20,3,2,13,1,1,0,1,0,0,-176,0,1
1,1,0,4,1,10,7,2,12,1,1,1,1,0,0,-109,0,1
0,1,0,4,1,18,11,1,13,1,1,-1,1,0,4,41,0,1
1,1,1,5,1,4,1,2,12,2,1,0,1,0,0,127,0,1
1,1,0,4,1,13,3,2,13,1,1,0,1,0,3,26,0,1
1,1,1,5,1,13,6,2,12,2,1,4,1,0,0,97,0,1
1,1,0,6,1,10,3,2,13,1,1,2,1,0,0,-20,0,1
1,1,1,5,1,14,1,2,13,1,1,2,1,0,0,33,0,1
1,1,0,5,1,0,6,1,9,2,1,0,1,0,5,103,0,1
0,1,0,5,1,13,3,2,12,1,1,4,1,0,0,142,1,1
1,1,1,6,1,10,12,2,7,1,1,0,1,3,0,212,0,1
1,1,1,4,1,13,1,1,12,1,1,6,1,3,0,104,0,1
1,1,0,4,1,11,12,2,13,1,1,3,1,0,0,-4,0,1
1,1,0,5,1,13,9,1,13,2,1,0,1,0,0,16,0,1
1,1,0,4,1,1,7,1,13,1,1,2,1,0,0,-44,0,1
1,1,0,4,1,16,1,1,12,2,1,7,1,3,0,5,0,1
1,2,0,4,1,14,3,1,13,2,1,3,1,0,0,-66,0,1
0,1,0,4,1,13,12,1,13,2,2,0,1,0,0,68,0,1
1,2,0,4,1,0,3,2,9,2,1,3,1,0,2,-11,0,1
1,1,1,5,1,13,10,2,12,1,1,3,0,0,0,103,0,1
1,1,0,6,1,16,1,1,13,2,1,-2,1,0,0,-41,0,1
1,1,1,4,1,13,3,1,12,1,1,1,1,0,0,329,1,1
1,1,1,4,1,10,2,1,13,2,1,4,1,0,0,25,0,1
1,1,0,4,1,4,10,1,12,1,1,1,1,0,0,-175,0,1
1,1,1,4,1,10,3,1,13,2,1,1,1,0,0,97,0,1
1,1,1,5,1,16,7,1,12,1,1,1,1,3,0,246,0,0
1,1,0,4,1,13,5,2,13,1,1,4,1,0,0,30,0,1
1,1,0,5,1,20,3,2,0,1,1,7,1,3,7,381,0,1
1,1,0,5,1,0,10,1,12,1,1,1,1,0,7,195,0,1
1,2,0,4,1,13,8,1,11,2,1,-2,1,3,0,177,0,1
1,2,0,4,1,11,2,1,13,2,2,-3,1,0,0,88,0,1
1,2,0,4,1,13,12,2,13,1,1,4,1,0,0,-54,0,1
0,1,1,6,1,20,10,2,13,0,1,1,1,0,0,-41,0,1
1,1,0,4,1,14,1,2,13,1,1,-1,1,0,5,218,0,1
1,1,0,5,1,11,12,2,13,1,1,5,1,0,0,-90,0,1
1,2,0,5,1,13,6,1,13,2,1,1,1,0,8,-19,0,1
1,1,0,6,1,13,10,1,13,2,1,0,1,0,0,-105,0,0
1,2,1,4,1,14,1,1,12,1,1,10,1,0,0,41,0,1
1,1,1,4,1,11,3,1,13,2,1,1,1,0,0,72,0,1
1,1,0,4,1,13,4,1,13,2,1,-2,1,0,0,-27,0,1
1,1,0,4,1,17,8,2,13,2,1,-1,1,0,0,-85,0,1
1,1,0,2,1,13,3,2,13,1,1,1,1,0,0,11,0,1
1,1,1,5,1,20,6,2,8,1,1,1,1,0,7,240,0,1
1,1,1,4,1,0,9,2,8,1,0,2,1,0,0,137,0,1
1,1,1,4,1,20,1,2,8,1,1,2,1,0,0,102,0,1
1,1,0,5,1,13,4,2,5,2,1,8,1,0,0,33,0,1
1,1,0,5,1,13,8,2,12,1,1,3,1,0,0,10,0,1
0,1,0,4,1,11,4,1,12,1,1,1,1,0,0,-111,0,1
1,2,1,4,1,16,6,1,12,2,1,5,1,4,0,39,0,1
1,1,1,4,1,4,5,2,12,1,1,0,1,0,0,19,0,1
1,1,0,4,1,10,9,1,12,1,1,1,1,0,0,-10,0,1
1,1,1,4,1,18,8,2,12,2,1,0,1,0,7,393,0,1
1,1,0,5,1,4,1,1,13,2,2,1,1,0,0,-10,0,1
0,1,1,5,1,13,1,1,13,2,1,4,1,0,0,116,0,1
1,1,0,4,1,1,3,2,13,2,1,3,1,0,7,157,0,1
1,1,1,6,1,10,12,1,12,1,1,5,1,0,0,88,0,1
1,1,0,4,1,16,2,1,13,2,1,4,1,0,0,-117,0,1
1,1,1,4,1,13,5,2,12,2,1,4,1,3,0,141,0,1
1,1,0,4,1,16,1,2,3,1,1,4,1,0,0,-34,0,1
1,1,0,5,1,13,5,1,13,1,1,-2,1,0,0,-29,0,1
0,1,0,5,1,11,1,1,12,1,1,3,1,0,0,-127,0,0
1,1,1,4,1,16,7,2,12,1,1,2,1,0,0,-149,0,1
1,1,0,5,1,4,10,2,12,2,1,1,1,0,0,-35,0,1
1,1,0,4,1,16,8,1,4,0,1,0,1,3,0,260,1,1
1,1,1,5,1,4,8,1,9,1,2,1,1,0,0,167,0,1
1,1,0,4,1,16,6,1,13,1,1,6,1,0,11,-35,0,1
1,1,0,4,1,13,5,1,12,2,1,3,1,0,0,-143,0,1
1,1,1,5,1,14,12,1,7,1,1,10,1,0,0,218,3,1
0,1,0,4,1,0,8,2,13,2,1,1,1,0,0,87,0,0
1,1,1,5,1,13,2,1,12,2,1,0,1,0,0,23,0,1
1,1,1,6,1,13,3,1,13,1,1,2,1,0,0,-2,1,1
1,1,1,4,1,10,2,2,7,1,1,-1,1,0,7,187,0,1
1,1,0,4,2,20,6,2,13,1,1,0,1,3,0,141,0,1
1,2,1,4,1,13,11,2,12,2,1,3,1,0,0,29,0,1
1,1,1,6,1,13,1,2,7,1,1,2,1,0,0,117,0,1
1,1,0,4,1,16,6,1,13,2,1,4,1,0,0,15,0,1
1,1,1,4,1,16,3,1,13,2,2,0,1,0,0,159,0,1
1,1,0,5,1,3,3,2,13,2,1,4,1,0,0,-13,0,1
1,2,0,4,1,16,9,1,13,1,1,1,1,0,0,-77,0,1
1,1,1,5,1,8,2,1,13,2,1,-1,1,0,0,48,0,1
1,1,0,6,1,14,8,2,13,2,1,-2,1,0,0,-77,0,1
1,2,1,5,1,10,2,1,12,1,1,8,1,0,0,-173,0,1
1,2,0,4,1,0,3,1,12,2,1,3,1,0,0,-13,0,1
1,1,1,5,1,20,11,1,10,2,1,1,1,0,0,307,0,1
1,1,0,5,1,20,7,2,12,3,1,6,1,0,0,37,0,1
1,1,0,5,1,13,9,2,13,2,1,-1,1,0,0,-50,0,1
0,1,0,5,1,16,7,2,12,2,1,4,1,0,0,-38,0,1
1,1,0,4,1,13,7,1,12,2,1,6,1,0,0,-29,0,1
0,1,0,2,1,4,9,1,12,1,1,1,1,0,0,-209,0,1
1,2,0,4,1,10,1,1,12,2,1,3,1,2,0,-64,1,1
1,1,1,4,1,1,4,2,1,1,1,0,1,0,7,260,0,1
1,1,0,6,1,13,8,1,13,2,1,-1,1,0,7,-6,0,1
1,2,0,5,1,2,6,2,14,1,1,4,1,0,0,201,0,1
1,1,1,6,1,14,2,1,12,2,1,5,1,0,0,32,0,1
1,1,0,4,1,13,12,2,12,1,1,1,1,3,0,174,0,1
1,2,0,5,1,13,10,1,8,2,1,2,0,0,0,98,0,1
1,1,0,6,1,4,5,2,12,2,1,1,1,0,0,46,0,1
1,1,0,4,1,20,1,1,13,3,1,3,1,0,7,323,0,0
1,1,1,4,1,13,1,2,12,2,1,5,1,0,0,4,0,1
1,1,0,4,1,11,2,2,12,2,1,4,1,0,0,26,1,1
1,1,0,4,1,11,1,1,13,1,1,1,1,0,0,88,0,1
1,1,0,4,1,16,8,2,13,1,1,1,1,0,0,-142,0,1
1,1,1,4,1,14,5,1,13,2,1,2,1,0,0,-135,0,1
1,1,1,4,1,4,8,2,12,1,1,1,1,0,0,43,0,1
1,1,0,5,1,13,5,2,7,2,1,5,1,0,0,8,0,1
1,1,1,4,1,20,7,1,13,2,1,2,1,0,0,25,0,1
1,1,0,4,1,16,7,2,12,1,1,3,1,0,0,60,0,1
1,1,0,4,1,13,9,1,13,2,1,0,1,0,0,15,0,1
1,2,1,6,1,16,11,2,12,3,1,2,1,0,0,108,0,0
1,1,0,4,1,13,12,1,8,2,1,1,1,0,0,-37,0,1
1,1,1,2,1,10,11,1,12,1,1,8,1,0,0,-71,0,1
1,1,0,5,1,5,10,2,2,1,1,4,1,0,0,127,0,1
1,1,0,4,2,13,4,2,13,2,2,1,1,0,7,191,0,1
1,1,0,5,1,16,4,2,7,1,1,0,1,0,7,172,0,1
1,2,1,4,1,13,12,2,7,1,1,6,1,0,0,32,0,1
1,1,0,4,1,4,7,1,13,2,1,3,1,0,0,20,0,1
1,1,1,7,1,13,2,1,4,2,1,3,1,2,0,218,1,1
1,1,0,3,1,4,9,2,8,1,1,3,1,2,0,146,0,1
1,1,0,4,1,13,3,2,13,2,1,3,1,0,0,20,0,1
1,1,0,5,1,0,9,2,13,2,2,-2,1,0,7,116,0,1
1,1,0,4,1,20,4,2,7,0,1,7,1,0,0,23,0,1
1,1,1,5,1,4,8,1,12,3,2,0,1,0,0,117,0,1
1,1,0,5,1,1,6,1,13,1,1,2,1,0,0,24,0,0
1,1,0,5,1,16,10,2,13,0,1,5,1,0,0,-138,0,1
1,1,0,5,1,14,4,1,13,2,1,-3,1,3,0,42,0,1
1,1,1,5,1,22,9,2,13,1,1,4,1,0,0,-40,0,1
1,1,0,4,1,3,6,2,12,1,1,4,1,0,0,-90,0,1
1,1,0,5,1,4,5,2,13,1,1,2,1,0,0,-25,0,1
0,1,1,4,1,4,4,2,10,1,1,1,1,0,0,130,0,1
1,1,0,5,1,1,8,2,12,1,1,4,1,0,0,-20,0,1
1,1,0,4,1,13,3,2,9,1,1,1,1,0,0,25,0,1
1,1,1,6,1,13,7,2,13,2,1,1,1,3,0,150,0,1
1,1,0,4,1,4,4,2,13,1,1,-2,1,0,0,-237,0,1
0,1,0,4,1,0,1,2,13,1,1,0,1,0,0,67,1,1
1,1,1,4,1,13,4,1,7,1,1,3,1,0,0,20,0,1
1,1,0,5,1,1,8,2,13,1,1,1,1,0,0,-24,0,1
1,1,0,4,1,16,7,1,13,1,1,3,1,0,0,30,0,1
1,2,0,4,1,11,4,1,12,1,1,4,1,0,0,-117,0,1
1,1,1,5,1,3,8,1,13,3,1,-2,1,0,7,146,0,1
1,1,0,6,1,16,6,1,12,2,1,-2,1,0,10,-114,0,1
1,1,0,4,1,14,12,2,1,1,1,-1,1,0,0,15,0,1
0,1,0,5,1,16,2,2,13,1,1,1,1,0,0,45,0,1
1,1,1,5,1,16,11,2,7,1,1,2,1,3,7,293,0,1
1,2,0,5,1,13,7,2,12,1,1,1,1,0,0,-120,0,1
1,1,0,4,1,12,5,1,12,1,1,4,1,0,0,-69,0,1
1,1,0,4,1,16,1,2,13,1,1,1,1,0,0,26,0,1
1,2,0,4,1,0,11,1,12,3,2,2,1,0,0,-8,0,1
1,1,1,4,1,14,4,1,12,3,1,1,1,3,0,29,0,1
1,1,0,6,1,11,7,1,13,2,1,-2,1,0,0,31,0,1
1,2,1,4,1,20,8,1,8,2,1,2,1,3,7,406,0,1
1,2,0,6,1,13,7,1,13,2,1,1,1,0,0,34,0,1
0,1,0,5,1,20,10,1,13,2,1,5,1,3,0,303,0,1
1,2,0,7,1,13,3,1,13,2,1,10,1,0,0,-58,0,1
1,1,1,4,1,13,3,2,7,1,1,2,1,0,0,28,0,1
1,1,0,4,1,10,10,2,13,2,1,1,1,0,0,-177,0,1
1,1,0,4,1,5,1,2,9,1,1,3,1,0,0,47,0,1
1,1,0,5,1,13,11,2,12,3,1,5,1,0,0,-20,1,1
1,1,1,4,1,0,2,1,12,2,1,0,1,0,0,99,0,1
1,1,0,4,1,6,5,2,13,2,2,-2,1,0,0,-95,0,1
1,1,0,5,1,13,9,1,7,2,1,1,1,0,0,-8,0,1
1,1,0,5,1,20,1,1,7,2,1,0,1,3,0,139,0,1
1,1,0,5,1,0,9,2,12,3,2,-1,1,3,7,333,0,1
1,1,0,5,1,16,3,1,13,2,1,2,1,0,0,50,0,1
1,1,0,5,1,13,9,1,13,4,1,-1,1,0,0,152,0,1
1,1,0,6,1,14,7,1,13,1,1,-2,1,0,0,-94,0,1
1,1,1,4,1,14,1,2,13,2,1,2,1,0,0,43,0,1
1,1,0,5,1,11,10,2,10,1,1,3,1,0,0,178,3,1
1,1,1,6,1,4,2,1,12,2,1,-1,1,0,0,-62,0,1
0,1,0,7,1,4,4,1,13,3,1,2,1,0,0,-238,0,1
1,1,0,4,1,14,4,1,12,2,2,1,1,0,0,-21,0,1
1,1,0,4,1,13,6,1,13,2,4,-2,1,0,0,-84,0,1
1,1,1,5,1,13,1,2,0,1,1,4,1,0,0,14,0,1
1,1,0,5,1,13,1,1,13,1,1,-1,1,0,0,-104,0,1
1,1,0,5,1,11,11,1,12,2,1,-3,1,0,0,55,0,1
1,1,0,5,1,16,1,2,14,2,1,3,1,0,0,29,0,1
1,1,0,4,1,1,11,2,7,1,1,4,1,0,0,31,0,1
1,1,0,5,1,4,10,1,13,2,1,1,1,0,11,-27,0,1
1,1,0,4,1,22,6,2,12,1,0,4,1,0,0,141,0,1
1,1,0,5,1,10,7,1,11,2,1,0,1,0,0,219,0,1
1,1,1,6,1,11,4,2,13,1,1,2,1,0,0,17,0,1
1,1,0,4,1,14,6,1,13,2,1,-1,1,0,0,-41,0,1
1,1,1,1,1,13,5,1,12,2,1,0,1,4,7,244,0,1
1,1,0,4,1,10,11,2,12,2,1,5,1,0,0,-50,1,1
1,1,0,5,1,13,11,1,13,2,1,0,1,0,0,3,0,1
1,1,0,6,1,13,12,2,13,1,1,-1,1,0,0,-149,1,1
1,1,0,5,1,0,1,2,13,1,1,5,1,0,0,3,0,1
1,1,0,4,1,16,6,2,12,2,1,5,1,0,0,29,1,1
1,1,1,6,1,13,12,1,13,1,1,0,1,0,0,8,0,1
1,2,0,6,1,10,2,2,12,1,1,2,1,0,0,17,0,1
1,1,1,7,1,14,5,2,13,2,2,2,1,0,7,77,0,1
1,1,0,5,1,13,1,1,13,2,1,3,1,0,0,-112,0,1
1,1,1,4,1,13,6,1,12,2,1,0,1,0,0,39,0,1
1,1,1,5,1,2,9,2,7,2,1,1,1,0,0,15,0,1
1,1,0,5,1,17,1,2,5,1,1,1,1,3,0,209,0,1
1,1,1,4,1,14,3,2,8,1,1,4,1,0,0,2,0,1
1,1,0,5,1,13,6,2,13,1,1,3,1,0,0,49,1,1
1,1,0,6,1,16,9,2,7,2,1,2,1,0,0,-99,0,1
0,1,0,4,1,16,9,2,13,2,1,-1,1,3,7,224,0,1
1,1,0,4,1,11,8,1,12,1,1,1,1,0,0,-466,0,1
1,1,0,4,1,3,7,1,13,2,1,1,1,0,0,46,0,1
1,1,1,4,1,14,1,2,6,2,1,7,1,0,0,-15,1,1
1,1,1,5,1,14,4,1,6,2,1,-3,1,0,0,111,0,1
1,1,1,5,1,13,3,1,13,1,1,-1,1,3,7,273,0,1
1,1,0,5,1,13,6,1,13,2,1,5,1,0,10,-47,0,1
1,1,0,4,1,4,7,2,12,1,1,1,1,0,0,7,0,1
1,1,0,5,1,16,9,1,12,2,1,1,1,0,7,198,0,1
1,2,0,7,1,13,6,2,3,1,1,1,1,0,0,39,0,1
1,1,1,5,1,13,1,2,7,0,1,8,1,0,0,82,1,0
1,1,1,5,1,16,4,1,12,1,1,10,1,0,0,45,0,1
1,1,0,5,1,10,11,2,13,1,1,0,1,0,0,-164,0,1
1,1,0,4,1,6,4,1,13,1,2,1,1,0,0,4,0,1
1,2,0,4,1,10,6,2,13,1,1,2,1,0,0,-26,0,1
1,1,0,4,1,16,2,1,13,1,1,4,1,0,0,-180,0,1
1,1,1,4,1,14,9,1,4,2,1,-1,1,0,0,50,0,1
1,1,0,6,1,1,8,2,4,0,1,6,1,0,0,90,0,1
1,1,0,4,1,14,1,1,12,1,1,4,1,0,0,160,0,1
0,1,1,4,1,13,10,2,14,2,1,8,1,0,0,9,3,1
1,1,1,4,1,13,5,1,13,1,1,6,1,0,0,24,0,1
1,1,1,4,1,1,3,2,10,2,1,0,1,0,0,-13,1,1
0,1,1,5,1,13,9,1,12,1,1,2,1,0,0,17,0,1
1,1,0,5,1,20,8,2,12,1,1,2,1,0,0,23,0,1
1,1,0,5,1,0,9,1,12,2,1,2,1,0,0,-145,0,1
1,1,0,6,1,13,1,2,13,2,1,2,1,0,7,96,0,1
1,1,0,5,1,13,9,1,13,2,1,1,1,0,0,-91,0,1
1,1,0,4,1,10,9,1,12,2,1,-2,1,0,0,-66,0,0
1,1,0,4,1,15,9,2,13,0,4,1,1,0,0,19,0,1
1,1,1,4,1,0,9,1,12,2,1,-2,1,0,7,97,0,0
1,1,0,5,1,10,6,1,9,2,1,1,1,3,0,198,0,1
1,1,0,4,1,13,8,1,8,1,1,-4,1,0,0,-113,1,1
1,1,1,5,1,20,10,2,7,1,1,-1,1,3,7,185,0,1
1,1,0,5,1,0,6,1,12,3,1,7,1,0,0,-9,0,1
1,2,0,5,1,13,8,1,13,1,1,3,1,0,0,-27,0,1
1,1,1,4,1,9,6,2,12,1,1,6,1,0,0,142,0,1
1,1,1,4,1,1,5,1,12,1,1,5,1,0,0,143,0,1
1,2,1,6,1,13,10,1,13,2,0,-1,1,0,0,18,1,1
1,1,1,6,1,16,5,2,8,2,1,6,1,0,0,-31,0,1
1,2,1,5,1,21,5,1,12,2,1,1,1,3,3,293,0,1
1,1,0,4,1,14,10,1,13,2,1,0,1,0,0,122,0,1
1,1,0,1,1,14,12,1,13,3,4,2,1,0,0,19,0,1
1,1,0,5,1,4,6,1,13,2,0,3,1,0,0,11,0,0
1,1,0,4,1,10,1,1,13,1,1,1,1,0,0,-92,0,1
0,1,1,4,1,10,4,1,12,1,1,1,1,0,0,-202,1,1
1,1,1,4,1,0,2,2,13,2,1,1,1,0,0,-31,0,1
1,1,1,7,1,11,9,2,12,2,1,0,1,0,0,8,3,1
1,2,1,5,1,14,7,2,13,3,1,2,1,0,0,79,0,1
1,1,0,5,1,11,3,2,13,1,1,0,1,0,0,86,0,1
1,1,1,4,1,16,11,2,13,1,1,1,1,0,0,189,3,1
1,1,0,4,1,13,11,1,2,1,1,1,1,0,0,128,0,1
1,1,1,4,1,16,10,1,7,1,2,-1,1,3,7,239,0,1
1,1,0,6,1,4,4,2,13,2,1,-2,1,0,0,24,0,1
1,1,0,4,1,10,8,1,13,2,1,1,1,0,0,105,0,1
1,1,0,4,1,4,9,2,13,2,1,-1,1,0,0,1,0,1
1,1,0,4,1,16,3,1,13,2,1,-1,1,0,0,62,0,1
1,1,0,5,1,0,8,1,13,2,1,0,1,0,0,-132,0,1
1,1,1,5,1,1,12,1,9,1,1,5,1,3,0,299,0,1
1,1,1,6,1,16,2,2,6,2,1,1,1,0,0,14,1,1
1,1,0,4,1,20,3,1,13,2,1,-3,1,0,0,18,0,1
1,1,1,5,1,16,6,1,12,1,1,1,1,0,7,76,0,1
1,1,0,7,1,13,8,2,12,1,1,4,1,0,0,-77,0,1
1,1,0,4,1,4,6,1,13,1,2,2,1,0,0,-131,0,1
0,1,0,4,1,11,12,1,12,2,1,3,1,0,0,149,0,1
0,1,0,4,1,13,9,2,13,2,1,2,1,0,0,26,0,1
1,1,1,6,1,2,7,2,12,1,1,3,1,3,2,140,0,1
1,1,0,5,1,4,2,2,12,1,1,6,1,0,0,-100,0,1
1,1,1,4,1,7,8,2,12,2,1,6,1,0,0,242,2,1
1,2,0,5,1,16,2,2,13,1,1,6,1,0,0,-234,0,1
1,1,0,6,1,13,7,1,12,2,1,4,1,0,0,-10,1,1
1,1,1,5,1,1,12,2,13,2,1,3,1,0,0,17,0,1
1,2,0,4,1,16,7,1,13,2,1,4,1,0,0,78,0,1
1,1,0,4,1,16,9,1,4,2,1,2,1,3,0,122,0,1
1,1,0,5,1,13,8,2,13,2,1,2,1,0,0,71,0,1
1,1,1,6,1,13,10,1,13,1,1,3,1,0,0,17,0,1
1,2,0,4,1,16,4,1,12,0,1,7,1,0,0,58,2,1
1,1,0,5,1,13,3,1,6,2,1,-2,1,3,0,210,1,1
1,1,0,4,1,4,4,2,7,1,1,2,1,0,0,89,0,1
1,1,1,4,1,13,3,2,13,0,1,4,1,0,0,15,0,1
1,1,0,4,1,13,6,2,13,2,1,-1,1,0,0,-50,0,1
1,1,0,4,1,14,7,1,13,1,2,2,1,0,0,-207,0,1
1,1,1,5,1,0,10,2,13,2,2,1,1,0,0,-50,0,1
0,1,0,4,1,1,12,2,12,1,1,5,1,0,0,15,0,1
1,1,0,4,1,4,10,1,13,2,2,4,1,0,0,132,0,1
1,1,0,6,1,13,7,2,13,2,1,-1,1,0,0,48,0,1
1,1,0,5,1,13,10,1,12,2,1,4,1,0,0,17,0,1
1,2,1,5,1,16,5,1,6,2,1,4,1,3,0,198,0,1
1,1,0,4,1,13,6,1,13,2,1,-1,1,3,0,-70,0,1
1,1,1,5,1,0,6,2,13,1,1,0,1,0,0,148,1,1
1,1,1,4,1,16,10,1,13,3,1,2,1,0,0,135,0,1
1,1,1,4,1,16,10,1,12,3,1,1,1,0,0,-128,0,1
1,1,0,4,1,4,2,1,13,2,1,4,1,0,0,-46,0,1
1,2,0,5,1,16,12,1,12,1,1,5,1,0,0,37,0,1
1,1,0,5,1,13,1,1,13,2,1,-2,1,0,0,-50,0,0
1,2,1,6,1,16,2,1,13,1,1,-1,1,0,0,4,1,1
1,1,0,5,1,13,9,2,12,1,1,0,1,0,0,-20,0,1
0,2,0,5,1,13,5,1,12,1,1,10,1,0,0,52,0,1
1,1,0,4,1,4,6,1,12,2,1,1,1,0,7,15,0,1
1,1,0,7,1,13,4,1,12,3,1,-1,1,0,0,104,0,1
1,1,0,4,1,14,6,1,12,2,1,3,1,0,0,-126,0,1
0,2,0,4,1,13,10,1,13,2,1,3,1,0,0,-254,0,1
1,1,0,6,1,13,9,1,13,1,1,4,1,3,0,43,0,1
1,2,0,5,1,14,5,2,12,2,1,4,1,0,0,13,0,1
1,1,0,4,1,11,4,1,13,1,1,-1,1,0,0,14,0,1
1,1,0,4,1,11,7,1,12,2,1,2,1,0,0,27,0,1
0,1,1,4,1,4,3,2,12,2,1,3,1,0,0,-260,0,1
1,1,0,5,1,10,1,1,13,2,1,-2,1,0,0,67,1,1
1,1,0,4,1,13,8,1,10,3,1,1,1,0,7,162,0,1
1,1,0,4,1,11,8,2,12,3,1,1,1,3,6,188,0,1
1,1,1,5,1,13,7,2,2,1,1,2,1,0,0,44,0,1
1,1,0,1,1,0,4,2,10,2,1,-3,1,3,0,24,0,1
1,1,1,4,1,10,10,2,12,1,1,3,1,0,0,-84,0,1
1,1,1,7,1,4,2,2,12,2,1,6,1,0,5,208,0,1
1,1,0,4,1,11,3,1,12,2,1,1,1,0,0,-58,0,1
1,1,0,5,1,18,7,1,13,2,1,6,1,0,0,-68,0,1
0,1,0,4,1,11,2,2,13,2,1,-2,1,0,0,-70,1,1
1,1,0,4,1,1,4,2,12,2,1,0,1,0,0,77,0,1
1,1,1,5,1,13,8,1,12,2,1,8,1,0,0,-47,0,1
1,1,1,5,1,1,1,1,12,2,1,7,1,0,0,-8,0,1
1,1,1,4,1,4,9,1,13,1,1,0,1,0,0,-38,0,1
1,1,0,4,1,4,2,1,12,1,2,1,1,0,0,64,0,1
1,1,0,5,1,13,3,1,13,2,2,2,1,0,0,21,0,1
1,1,1,4,1,13,7,2,13,1,1,3,1,0,0,-26,0,1
1,1,1,4,1,4,8,2,13,2,1,3,0,0,0,9,0,1
1,1,0,4,1,13,9,2,13,1,1,2,1,0,0,60,0,1
1,1,0,4,1,0,6,1,13,2,1,-2,1,3,0,152,0,1
1,1,0,5,1,10,7,1,13,3,2,4,1,0,0,-131,0,1
1,1,0,4,1,16,2,1,11,2,4,1,1,0,0,30,0,1
1,1,0,5,1,1,4,1,12,1,1,4,1,0,0,59,0,1
1,1,1,4,1,13,3,1,12,2,1,3,1,0,0,71,0,1
1,1,0,5,1,8,6,1,12,2,1,4,1,0,0,83,0,1
1,1,0,4,1,14,6,2,13,1,1,-3,1,0,0,19,0,1
0,1,0,4,1,11,1,1,12,2,1,4,1,0,0,121,0,1
1,1,1,5,1,13,9,2,13,1,1,4,1,0,0,-152,0,1
0,1,0,4,1,14,5,1,9,1,1,2,1,0,0,-67,1,1
1,1,1,4,1,10,6,1,13,1,1,1,1,3,0,146,0,1
1,1,1,4,1,4,7,2,12,1,1,6,1,0,0,-32,0,1
1,1,1,4,1,13,8,1,13,2,1,1,1,0,0,-170,0,1
1,1,0,5,1,16,9,1,13,2,1,0,1,0,0,-65,0,1
1,1,0,5,1,4,10,1,12,3,1,2,1,0,0,-139,0,1
1,1,0,5,1,13,1,2,12,1,1,2,1,0,0,100,0,1
1,1,0,5,1,10,5,2,13,1,1,-1,1,0,0,-58,0,1
1,1,0,4,1,1,11,1,13,2,1,-1,1,0,0,-21,0,1
1,1,0,4,1,11,12,1,12,2,1,2,1,0,0,73,0,0
1,1,0,4,1,14,9,1,12,2,1,2,1,0,0,-53,0,1
1,1,0,4,1,21,9,2,13,1,1,3,1,0,0,187,0,1
1,1,0,5,1,10,3,2,12,2,2,2,1,0,0,20,0,1
1,1,0,5,1,16,11,2,7,2,1,4,1,0,0,168,0,1
0,1,0,4,1,16,4,2,13,2,1,6,1,0,0,92,0,1
1,1,1,1,1,16,1,1,13,2,0,1,1,3,0,189,0,1
1,1,1,5,1,13,1,2,9,2,1,5,1,3,7,290,0,1
1,1,0,5,1,16,3,2,12,1,1,2,1,0,0,-10,0,1
1,1,0,4,1,1,1,1,13,1,1,1,1,0,0,101,0,1
1,1,1,6,1,20,11,2,13,0,1,0,1,0,0,58,0,1
1,1,0,4,1,20,10,1,7,1,2,2,1,0,0,55,0,1
0,1,1,5,1,1,12,2,12,2,2,0,1,3,0,222,0,1
1,2,0,5,1,10,6,2,7,2,0,4,1,0,0,166,0,1
1,1,1,6,1,11,2,1,13,3,2,-4,1,3,0,52,0,1
1,1,1,4,1,16,3,2,12,1,1,1,1,0,7,264,0,1
1,1,0,4,1,13,8,2,10,1,1,2,1,0,0,-104,0,1
1,1,0,6,1,13,5,2,13,1,1,1,1,0,0,2,0,1
1,1,0,6,1,4,2,1,13,2,1,1,1,0,0,-22,0,1
1,2,1,5,1,14,2,2,13,2,1,5,1,3,0,113,0,1
1,1,1,4,1,10,6,1,12,2,1,2,1,0,0,-114,0,1
1,1,0,5,1,16,1,1,10,0,1,2,0,0,0,-42,0,1
1,1,0,4,1,16,3,2,13,2,1,-2,1,0,0,-152,0,1
1,1,1,4,1,13,7,1,12,2,1,0,1,3,0,112,0,1
1,1,1,4,1,20,5,2,10,1,1,5,1,0,0,313,0,1
1,2,1,4,1,16,11,1,10,1,1,6,1,0,0,-40,0,1
1,1,0,5,1,14,1,1,13,1,1,2,1,0,0,-40,0,1
1,2,0,4,1,20,10,2,5,1,1,0,1,0,0,144,0,1
0,1,0,4,1,6,11,2,12,1,1,4,1,3,0,130,0,1
1,1,0,4,1,0,10,1,13,1,1,1,1,0,0,-88,0,1
1,1,1,4,1,14,6,1,13,1,1,3,1,0,7,83,0,1
1,1,0,4,1,10,1,2,13,2,1,1,1,0,7,5,0,1
0,1,0,5,1,14,10,1,13,2,1,2,1,0,0,29,0,1
0,2,1,5,1,10,11,1,12,1,1,2,1,0,0,51,2,1
1,1,0,6,1,4,12,2,12,2,2,3,1,0,0,-39,0,1
1,1,0,4,1,4,5,1,9,1,1,1,0,0,0,-40,0,1
1,1,0,5,1,20,7,1,12,3,1,3,1,3,0,273,0,1
1,2,0,5,1,1,5,1,12,1,1,4,1,0,0,130,1,1
1,1,0,5,1,13,1,1,13,2,1,-1,1,0,0,129,0,1
1,1,0,6,1,9,9,2,12,3,1,4,1,0,0,-17,0,1
0,1,1,4,1,1,8,2,12,2,1,3,1,0,0,11,0,1
1,1,0,5,1,4,7,1,7,1,1,4,1,0,0,-62,0,1
1,1,0,1,1,14,9,1,10,2,1,0,1,0,0,-55,0,1
1,1,0,4,1,4,7,1,13,2,1,-3,1,0,0,169,0,1
1,1,1,5,1,13,5,2,7,1,1,6,1,0,0,3,0,1
1,1,1,6,1,11,11,1,12,1,1,2,1,3,0,142,0,1
1,1,1,5,1,20,10,1,12,2,1,5,1,3,0,353,0,1
1,1,1,4,1,13,2,2,13,2,1,3,1,0,0,-120,0,1
1,1,0,4,1,14,4,1,13,0,1,-1,1,0,0,4,0,1
1,1,1,6,1,11,2,2,13,1,1,6,1,0,0,15,0,1
1,1,1,5,1,13,2,2,13,2,1,2,1,0,0,320,0,1
1,1,1,4,1,0,3,1,12,2,1,2,1,0,7,76,0,1
1,1,1,4,1,13,9,2,12,2,1,-4,1,0,0,-121,0,1
1,1,1,4,1,13,8,1,12,2,1,0,1,0,0,-176,0,0
1,1,0,4,1,10,4,1,12,2,1,1,1,0,0,-25,0,1
1,1,0,5,1,1,9,2,13,2,1,7,1,0,0,33,0,1
1,1,0,4,1,13,6,2,13,2,1,2,1,0,0,-3,0,1
1,1,0,4,1,13,9,1,7,2,1,1,1,0,0,156,0,1
1,2,0,4,1,16,1,2,13,1,1,5,1,3,0,109,0,1
1,1,0,4,1,13,1,1,12,2,1,4,1,0,0,-57,1,1
1,1,0,5,1,0,6,2,12,1,1,5,1,0,0,-73,0,1
1,1,0,4,1,1,1,1,13,1,1,2,1,0,0,119,0,0
1,1,0,5,1,16,6,2,12,2,1,5,1,0,0,18,0,1
1,2,1,4,1,13,6,1,12,1,1,4,1,0,0,-87,1,0
1,1,0,4,1,11,4,1,13,1,1,-1,1,0,0,-132,0,1
1,1,0,5,1,13,4,2,13,3,1,7,1,0,0,29,0,1
1,1,1,4,1,13,11,1,13,2,1,3,1,0,0,106,0,1
1,1,1,5,1,13,7,2,13,2,1,0,1,0,0,-18,0,1
1,2,1,6,1,15,12,2,13,1,1,2,1,0,0,183,0,1
1,1,1,7,1,13,6,2,13,2,1,1,1,0,0,-29,0,1
1,1,0,4,1,4,9,1,13,2,1,4,1,0,0,-140,0,1
1,2,1,5,1,20,8,2,11,2,1,4,1,0,0,237,0,1
1,1,0,5,1,11,1,1,12,1,1,5,1,0,0,-19,1,1
1,1,0,5,1,1,6,2,13,2,1,2,1,0,0,133,1,1
1,1,0,4,1,16,12,2,12,1,1,2,1,0,0,-77,0,1
0,2,0,5,1,13,1,2,4,1,1,2,1,1,7,198,0,1
1,1,0,4,1,13,10,1,12,2,1,1,1,0,0,22,0,1
1,1,1,4,1,4,2,2,13,2,1,3,1,3,0,100,0,1
1,1,1,4,1,14,6,1,13,1,1,2,1,3,0,125,0,1
0,1,0,7,1,13,6,1,12,2,1,1,1,0,0,21,0,1
1,1,1,4,1,13,8,2,12,1,1,3,1,3,0,107,0,1
1,1,0,5,1,11,8,2,13,1,1,2,1,0,0,-76,0,1
1,1,0,5,1,13,2,2,0,1,1,1,1,0,0,34,0,1
1,1,0,6,1,14,9,2,12,1,1,4,1,0,0,-33,0,1
1,1,1,5,1,13,10,1,13,1,1,1,1,0,0,32,0,1
1,1,1,7,1,1,7,1,7,3,1,5,1,3,0,233,0,1
0,1,0,5,1,13,6,2,12,1,1,4,1,0,0,-89,0,1
1,1,0,4,1,13,10,1,12,2,1,0,1,0,0,-35,0,1
1,1,0,3,1,16,5,2,12,2,1,2,1,0,0,2,0,1
1,1,0,4,1,6,10,2,13,1,1,2,1,0,0,-223,0,1
1,1,0,4,1,16,7,1,13,1,1,1,1,0,0,-208,0,1
1,2,1,5,1,13,1,1,4,0,1,6,1,0,0,-68,0,1
1,1,0,4,1,4,12,2,13,1,1,5,1,0,0,-74,0,1
1,1,0,6,1,13,3,1,13,1,1,3,1,0,0,-34,0,1
1,1,0,4,1,4,4,2,13,0,1,4,1,3,0,229,0,1
1,1,1,5,1,0,10,1,13,2,1,2,1,0,0,-85,3,1
0,1,0,5,1,20,12,1,13,1,1,1,1,4,7,152,0,1
1,1,0,4,1,16,9,1,13,2,1,-3,1,0,7,22,0,1
0,1,1,4,1,11,6,1,4,1,1,5,1,0,0,-47,0,1
1,1,0,6,1,13,12,1,13,2,1,0,1,0,0,39,0,1
1,1,0,4,1,20,3,2,13,2,1,4,1,0,0,105,0,1
1,1,1,4,1,13,4,1,13,1,1,-3,1,0,0,108,0,1
1,1,1,4,1,14,6,1,13,1,1,-1,1,0,0,38,0,1
1,1,0,4,1,10,7,2,12,2,1,4,1,0,0,-24,0,1
1,1,0,5,1,13,4,1,12,2,1,3,1,0,0,-128,0,1
1,1,1,6,1,13,12,2,7,2,1,-1,1,0,0,-28,0,1
1,1,0,4,1,10,9,2,13,2,1,-1,1,0,0,-113,0,1
1,1,1,4,1,16,6,1,14,2,1,1,1,0,7,274,0,1
0,1,1,1,1,14,11,1,12,3,2,4,1,0,7,157,0,1
1,1,0,6,1,13,8,2,13,2,1,3,1,0,0,-20,0,1
1,1,1,4,1,14,12,1,13,2,1,-2,1,0,0,43,0,1
1,1,1,4,1,11,8,1,12,3,1,1,1,0,7,155,0,1
1,1,0,5,1,13,6,2,13,1,1,2,1,0,0,242,0,1
1,1,1,1,1,11,9,1,12,2,1,4,1,0,0,-74,0,1
1,1,0,4,1,13,9,2,13,1,1,0,1,0,0,-14,0,1
1,1,0,4,1,4,2,1,8,1,1,2,1,0,0,131,0,0
1,1,0,4,1,10,8,2,13,2,1,2,1,0,0,50,0,1
1,1,1,4,1,20,1,1,13,2,1,4,1,3,0,234,0,1
1,1,1,4,1,18,11,1,12,3,1,3,1,0,0,22,0,1
1,1,1,4,1,13,6,1,13,3,1,0,1,0,0,3,1,1
1,1,1,5,1,16,11,1,12,2,1,0,1,0,0,92,0,0
1,1,0,4,1,20,8,2,13,1,1,1,1,0,0,51,0,1
1,1,0,4,1,11,12,2,13,1,1,2,1,0,0,-231,0,1
1,1,0,5,1,20,8,1,13,2,2,-1,1,0,0,38,0,1
1,1,1,6,1,13,9,2,12,1,1,7,1,0,0,52,0,1
1,1,1,3,1,10,3,2,7,2,1,0,1,0,0,96,0,1
1,1,1,4,1,20,6,1,13,1,3,4,1,3,0,155,0,1
1,1,1,4,1,13,8,1,13,1,1,1,1,0,0,19,0,1
1,1,0,5,1,13,3,2,8,2,1,5,1,0,0,194,0,1
1,1,0,4,1,11,2,2,12,1,1,5,1,0,0,-38,0,1
1,1,1,6,1,20,9,1,7,1,1,6,1,0,0,268,0,1
1,1,0,5,1,1,3,2,13,2,1,2,1,0,0,60,1,1
1,1,0,6,1,16,9,1,13,3,1,0,1,0,0,167,2,1
1,1,1,4,1,11,4,1,8,2,1,5,1,3,0,280,0,1
1,2,0,4,1,3,1,2,7,2,1,1,1,0,0,3,0,1
1,1,1,5,1,20,1,2,12,2,1,1,1,0,8,267,0,1
1,1,0,5,1,13,12,1,12,1,1,5,1,0,0,-100,2,1
1,1,0,4,1,10,7,1,12,3,1,1,1,3,0,145,0,1
1,2,1,4,1,16,9,1,13,1,1,-1,1,0,0,118,0,1
1,1,1,6,1,16,1,2,10,1,1,10,1,3,0,150,0,1
1,1,1,5,1,11,3,1,12,1,1,4,1,0,0,46,2,1
1,1,1,4,1,13,3,2,7,2,1,1,1,3,0,168,0,1
1,1,0,6,1,11,12,2,13,2,4,0,1,0,0,34,0,1
1,1,1,6,1,11,8,2,13,1,1,3,1,0,0,-6,0,1
1,1,1,4,1,3,11,1,12,2,1,6,1,0,0,-211,0,1
1,1,0,6,1,13,10,2,4,2,1,4,1,0,0,-76,0,1
1,1,0,5,1,10,7,1,13,2,1,2,1,0,0,95,0,1
1,1,0,6,1,13,1,2,7,1,1,5,1,0,0,272,1,1
1,1,0,4,1,4,6,2,13,2,1,-2,1,0,0,-10,0,0
1,2,0,5,1,13,1,2,13,2,1,4,1,3,4,41,0,1
1,2,0,6,1,13,3,1,13,3,1,1,1,3,0,-116,0,1
1,2,0,5,1,10,6,1,7,2,1,1,1,0,0,31,0,1
0,1,1,4,2,13,6,1,2,1,1,2,1,0,7,18,0,1
1,1,1,5,1,14,3,2,13,1,1,4,1,0,0,-92,0,1
1,1,0,4,1,4,10,1,12,2,1,5,1,0,0,-50,0,1
1,1,0,7,1,13,9,2,13,2,1,5,1,0,0,-86,0,1
1,2,0,6,1,4,8,2,12,1,1,4,1,0,0,73,0,1
1,1,1,5,1,14,12,1,12,1,1,5,1,0,0,65,0,0
1,1,0,6,1,14,9,1,12,3,1,2,1,0,0,-3,0,1
1,1,1,4,1,16,10,1,13,2,1,0,1,0,0,-42,1,1
0,1,1,5,1,11,12,1,13,3,1,2,1,3,8,100,0,1
1,1,0,5,1,16,5,1,12,1,1,3,1,0,0,30,0,1
1,2,1,5,1,13,5,1,7,2,1,8,1,0,0,-117,0,1
1,1,0,4,1,0,5,2,13,2,1,-2,1,0,0,83,0,1
1,1,1,5,1,1,11,1,13,1,1,4,1,0,0,-73,0,1
1,2,0,5,1,4,7,2,12,1,1,7,1,0,0,-171,0,1
1,1,0,4,1,10,9,2,13,2,2,0,1,0,0,-106,0,1
1,1,0,4,1,10,12,1,12,3,1,3,1,0,0,214,0,1
1,1,1,4,1,1,9,2,12,2,1,3,1,0,0,47,0,1
1,1,0,6,1,14,3,1,12,2,2,-2,1,0,0,-131,0,1
1,1,0,4,1,10,9,1,13,1,2,8,1,0,0,30,0,1
0,1,1,4,1,16,1,1,12,1,1,5,1,0,0,21,0,1
1,1,1,5,1,0,9,1,12,1,1,4,1,0,0,-116,0,1
1,2,0,4,1,14,5,1,8,2,1,0,1,0,0,45,0,1
1,1,1,1,1,16,6,1,13,1,1,4,1,0,0,277,0,1
1,1,0,4,1,20,2,2,13,2,1,-2,1,3,0,174,1,1
0,1,0,5,1,1,12,1,11,2,1,0,1,3,7,228,0,1
1,1,1,5,1,11,7,1,13,2,1,3,1,0,0,31,2,1
1,1,1,4,1,13,4,2,13,1,1,3,1,0,0,-1,0,1
1,1,0,5,1,16,9,2,12,2,1,7,1,0,0,-147,0,1
1,2,0,5,1,16,6,1,7,1,1,1,1,0,0,167,1,1
1,1,0,4,1,0,5,2,13,1,1,-2,1,0,0,-36,0,1
1,2,0,6,1,20,3,1,9,1,1,1,1,0,0,-11,0,1
1,2,0,5,1,16,7,2,13,2,1,1,1,0,7,138,0,1
1,1,0,6,1,13,1,2,7,2,1,3,1,0,0,31,0,1
1,1,1,5,1,13,7,1,12,2,1,3,0,3,0,166,1,1
1,2,0,6,1,13,9,2,13,2,1,2,1,0,0,-52,0,1
0,2,0,4,1,4,7,1,13,2,2,1,1,0,0,8,0,1
1,1,0,5,1,10,5,2,12,2,1,4,0,0,0,12,0,1
1,1,1,4,1,13,3,1,13,2,1,-2,1,0,0,-104,0,1
1,1,0,4,1,13,7,2,13,1,1,5,1,0,0,-25,0,1
1,1,0,4,1,16,5,1,13,2,1,1,1,0,0,69,0,1
0,1,0,4,1,11,11,1,12,2,1,5,1,0,0,-201,0,1
1,1,0,6,1,13,4,1,12,2,1,8,1,0,0,93,0,1
1,1,0,4,1,11,5,1,13,2,1,0,1,0,0,5,0,1
1,1,1,5,1,1,8,1,12,1,1,4,1,0,0,46,0,0
1,2,1,5,1,16,4,2,12,1,1,6,1,0,0,45,0,1
1,1,1,4,1,1,10,2,7,0,1,7,0,0,0,35,0,1
1,1,1,7,1,6,10,1,12,2,1,1,1,0,0,147,0,1
0,1,0,4,1,16,6,2,12,2,1,7,1,0,0,19,0,1
1,1,1,4,1,22,7,2,13,1,2,3,1,3,0,217,0,1
1,1,0,5,1,11,2,1,13,2,1,5,1,0,0,159,0,1
1,1,1,1,1,16,9,2,12,0,1,3,1,0,0,164,0,1
1,1,0,3,1,14,5,2,12,2,1,-2,1,0,0,41,0,1
1,1,0,6,1,16,3,1,13,1,1,5,1,0,0,-115,0,1
1,2,1,5,1,16,6,1,13,2,1,8,1,0,0,5,0,1
1,2,1,4,1,13,3,2,13,2,1,0,1,0,5,49,0,1
1,1,0,5,1,11,5,2,12,1,1,0,1,2,0,60,0,1
0,1,0,5,1,16,5,2,13,1,1,2,1,0,0,45,0,1
1,1,1,6,1,4,1,1,13,1,1,4,1,0,0,20,0,1
1,1,1,6,1,13,1,1,9,1,1,3,1,0,7,172,0,1
1,1,0,4,1,16,4,2,12,2,1,2,1,0,0,-40,0,1
1,1,0,5,1,13,7,2,12,1,1,1,1,0,0,-29,0,1
1,1,0,4,1,10,11,1,12,1,1,1,1,0,0,189,0,1
1,1,1,4,1,10,10,1,13,2,1,1,0,3,7,336,0,1
0,1,1,4,1,10,2,2,6,2,1,1,1,0,11,188,0,1
1,1,0,4,1,21,5,1,13,1,1,3,1,0,0,160,0,1
1,1,0,4,1,14,4,2,13,2,2,0,0,0,0,148,0,1
1,1,1,4,1,13,8,1,13,1,1,1,1,0,0,185,0,1
0,1,0,6,1,1,11,1,12,3,1,8,1,2,0,106,1,1
1,1,0,5,1,16,4,2,2,1,1,0,1,0,7,22,0,1
1,1,0,4,1,16,5,1,12,1,1,4,1,0,0,127,0,1
1,1,0,5,1,13,2,2,12,2,1,3,1,0,0,-11,0,1
1,1,0,4,1,14,4,1,13,2,1,5,1,0,0,-25,0,1
1,1,0,5,1,10,6,1,13,2,1,-1,1,3,0,83,0,1
1,1,1,5,1,16,5,2,12,1,1,1,1,0,0,-45,0,1
1,1,0,4,1,16,5,2,12,2,1,0,1,0,0,-75,0,1
1,1,0,4,1,16,12,1,13,1,1,3,1,0,0,92,0,1
1,1,1,4,1,11,3,1,12,1,1,5,1,0,0,89,0,1
1,1,0,4,1,13,10,1,13,1,1,4,1,0,0,117,0,1
1,1,0,4,1,8,8,2,13,2,1,2,1,0,0,138,0,1
1,1,1,5,1,11,10,1,8,2,1,3,1,0,0,39,0,1
1,1,1,4,1,14,9,1,12,2,1,0,1,0,0,-65,0,1
1,1,0,5,1,20,12,1,7,1,1,1,1,0,7,140,0,1
1,2,1,6,1,4,2,1,12,2,1,3,1,0,0,-68,0,1
1,1,1,4,1,16,2,2,13,2,1,-2,1,0,0,15,0,1
1,1,0,6,1,10,12,1,13,1,1,5,1,0,0,-134,0,1
0,2,0,5,1,14,8,2,12,1,1,7,1,0,0,68,0,1
1,1,0,6,1,16,6,2,12,1,1,6,1,0,0,-39,0,0
1,1,0,5,1,0,4,1,13,1,1,4,1,0,0,-12,0,1
1,1,1,4,1,14,2,2,13,1,1,1,1,0,7,119,1,1
1,1,0,4,1,13,4,1,13,1,1,1,1,0,0,-73,0,1
1,1,0,4,1,6,2,1,13,2,1,1,1,0,11,-44,0,1
1,1,0,5,1,16,5,1,12,2,1,2,1,0,0,28,0,1
1,1,1,4,2,16,12,2,7,2,1,2,1,0,0,322,0,1
1,1,0,4,1,13,3,2,12,1,1,2,1,0,0,-102,0,1
1,1,0,4,1,11,1,1,12,2,1,7,1,0,0,-34,0,1
1,1,0,5,1,13,12,2,13,1,1,2,1,3,0,182,1,1
1,1,1,6,1,1,7,1,7,2,1,3,1,0,0,31,1,1
1,1,0,7,1,13,4,1,7,2,1,1,1,3,0,296,0,1
1,1,0,5,1,11,5,2,13,1,1,3,1,0,0,-94,1,1
1,1,0,2,1,4,11,1,12,1,1,3,1,0,0,90,0,1
1,1,0,4,1,11,7,2,13,2,1,4,1,0,0,-36,0,1
1,1,0,4,1,14,3,2,12,1,1,2,1,0,0,-46,0,1
1,1,0,4,1,10,9,1,13,2,2,0,1,0,0,-6,0,1
1,1,1,4,1,1,11,1,12,3,1,0,1,0,0,-14,0,1
1,1,0,5,1,13,5,2,12,2,1,5,1,0,0,25,0,1
1,2,0,4,1,16,5,2,12,1,1,-3,1,0,0,116,0,1
1,1,0,5,1,13,1,1,12,2,1,3,1,0,0,-37,0,1
1,1,0,4,1,16,10,1,13,2,1,0,1,0,0,226,1,1
1,1,0,4,1,13,3,1,13,2,0,3,1,0,0,-49,0,1
1,1,1,1,1,13,5,2,13,2,1,2,1,0,0,9,0,1
0,1,0,6,1,13,7,1,12,0,1,2,1,0,0,-139,0,1
1,1,0,4,1,16,1,1,11,1,1,1,1,0,0,-90,0,1
0,1,0,7,1,0,5,1,13,2,1,2,1,0,0,2,0,1
1,1,0,5,1,16,1,2,12,2,1,5,1,0,0,-21,0,1
1,1,0,4,2,11,7,2,12,1,1,5,1,0,0,31,0,0
1,1,1,6,1,4,5,1,13,1,1,2,1,0,0,208,0,1
0,1,0,5,1,4,5,1,8,2,1,1,1,0,0,84,0,1
1,1,0,5,1,13,9,1,13,1,1,0,1,0,7,14,1,1
1,1,0,5,1,4,7,2,13,2,1,6,1,0,0,-7,0,1
1,1,0,4,1,16,5,1,13,1,1,-1,1,0,0,-32,0,1
0,1,1,2,1,14,8,1,13,2,1,-2,1,0,7,50,0,1
1,1,1,5,1,16,2,1,12,3,1,2,1,0,6,221,0,1
1,1,0,4,1,16,5,2,12,1,3,2,1,0,0,13,0,1
1,1,0,5,1,11,10,1,12,1,1,2,1,0,0,-168,0,1
0,1,1,6,1,13,2,1,7,1,1,1,1,2,2,145,0,1
0,1,0,4,1,13,10,1,13,2,1,1,1,0,0,-185,0,1
1,1,1,4,1,15,3,1,4,1,1,1,1,0,0,184,0,1
1,1,1,4,1,20,1,1,13,2,1,1,1,4,0,268,0,1
0,1,1,5,1,4,12,1,13,1,1,1,1,0,0,98,0,1
1,1,0,4,1,13,10,1,3,2,1,5,1,0,0,-53,0,1
1,1,0,4,1,13,2,1,11,1,1,2,1,0,11,271,0,1
1,1,0,4,1,10,8,1,13,3,1,0,1,0,0,-7,0,1
1,1,0,5,1,13,5,2,0,2,2,2,1,0,0,10,0,1
1,1,1,4,1,13,7,2,13,1,1,3,1,0,0,25,0,1
1,1,1,4,1,16,4,1,13,1,2,1,1,0,7,46,0,1
1,1,0,4,1,13,4,2,12,1,1,2,1,0,0,-193,0,1
1,1,0,4,1,1,9,1,12,2,1,5,1,0,0,-81,0,1
1,1,0,5,1,15,5,1,13,2,1,1,1,0,0,-6,0,1
1,1,1,5,1,0,3,1,13,2,1,0,1,0,0,93,1,1
1,1,0,4,1,10,12,1,9,2,2,-2,1,0,0,82,1,1
1,1,0,5,1,14,6,1,10,2,1,-1,1,0,0,-31,0,1
1,1,0,1,1,16,2,2,5,2,1,5,1,0,0,153,0,1
1,1,0,5,1,13,9,1,13,2,1,3,1,3,7,26,0,1
1,1,0,4,1,10,9,1,12,2,1,2,1,0,0,66,0,1
1,1,1,4,1,11,5,2,13,0,1,0,1,0,0,-101,0,1
0,1,1,4,1,13,9,1,12,1,1,-1,1,0,0,-23,0,1
1,1,0,5,1,10,8,2,12,2,1,1,1,0,0,-136,0,1
1,1,0,6,1,10,9,2,12,2,1,6,1,0,0,-132,0,1
1,1,0,4,1,20,3,1,13,2,1,0,1,0,0,-25,0,1
1,1,1,5,1,8,5,2,13,1,2,2,1,0,0,2,0,1
1,1,0,5,1,13,2,1,7,1,1,0,1,0,11,19,0,1
1,1,0,4,1,13,6,1,13,3,1,0,1,0,0,55,1,1
1,1,0,4,1,14,11,1,12,2,1,0,1,0,0,35,0,1
1,1,0,5,1,13,9,1,13,1,1,-1,1,0,0,-83,0,1
1,1,1,5,1,10,9,2,7,2,1,1,1,0,7,233,0,1
1,1,1,6,1,13,9,1,7,2,1,4,1,0,0,11,0,1
1,1,0,4,1,13,1,2,12,2,1,6,1,0,0,117,0,1
1,1,1,5,1,22,3,2,7,1,1,1,1,0,0,10,0,1
1,1,0,4,1,1,8,1,13,2,1,1,1,0,0,103,0,1
1,1,1,4,1,13,10,2,13,1,1,0,1,0,7,-13,0,1
1,2,0,4,1,10,5,1,12,1,1,5,1,0,0,45,0,1
1,1,1,5,1,14,12,1,13,3,1,3,1,0,0,5,1,1
1,1,1,7,1,13,9,1,12,3,1,2,1,0,0,-121,0,1
1,1,1,4,1,11,3,2,13,1,1,-3,1,0,0,179,0,1
1,2,1,5,2,4,6,2,13,1,1,2,1,0,0,-52,0,1
1,1,0,5,1,16,10,1,13,1,1,2,1,0,0,-55,0,1
1,1,0,6,1,13,9,1,13,2,1,4,1,0,0,-115,0,1
1,1,1,4,1,13,5,1,13,2,1,0,1,3,0,138,0,1
1,1,0,5,1,10,10,1,13,1,1,-1,1,0,0,-48,0,1
1,1,0,4,1,10,12,2,12,0,1,3,1,0,0,-192,0,1
1,1,0,4,1,1,9,1,12,1,1,0,1,0,0,37,0,1
1,1,0,6,1,10,9,1,13,3,1,-2,1,0,0,-34,0,1
1,1,0,6,1,20,7,1,7,1,1,1,1,3,0,229,0,1
1,1,1,4,1,13,5,2,2,1,1,0,1,0,0,55,1,1
1,1,0,7,1,14,4,2,13,3,1,4,1,0,0,69,0,1
1,1,0,7,1,11,2,1,12,2,1,1,1,0,0,31,0,1
1,1,1,4,1,11,9,2,12,1,1,0,1,0,0,25,0,1
0,1,0,4,1,14,4,2,13,2,1,-2,1,3,0,112,0,1
1,1,0,4,1,13,6,1,13,0,1,7,1,0,0,-21,0,1
1,1,1,5,1,16,12,2,13,2,4,3,1,0,0,79,1,1
1,1,0,4,1,16,7,1,13,2,1,3,1,0,0,83,0,1
1,1,0,5,1,13,9,2,12,2,1,0,1,0,0,19,0,1
1,2,1,4,1,4,11,2,13,1,1,4,1,0,0,-32,0,1
1,1,0,5,1,10,1,1,12,1,1,5,1,3,0,181,0,1
1,1,0,4,1,1,7,1,12,2,1,2,1,0,0,-51,0,1
1,1,0,5,1,13,1,1,13,2,1,3,1,0,0,157,0,1
1,1,0,4,1,15,5,1,13,2,1,-2,1,0,0,23,0,1
1,2,0,5,1,10,10,2,7,1,1,5,1,3,7,208,0,1
1,1,0,5,1,4,2,1,13,2,1,2,1,0,0,-121,0,1
0,1,0,4,1,1,7,2,12,3,1,0,1,0,0,-112,0,1
1,2,0,4,1,10,2,2,12,1,1,8,1,0,0,-77,0,1
0,1,0,5,1,14,3,1,12,2,1,0,1,0,0,33,0,1
1,1,1,5,1,16,3,1,12,1,1,6,1,0,0,216,0,1
1,1,0,6,1,4,9,2,12,3,1,0,1,0,0,103,0,1
1,2,0,5,1,16,8,2,12,1,2,0,1,0,0,44,0,1
0,1,0,6,1,11,8,1,12,2,1,2,1,0,0,63,1,1
1,1,0,4,1,4,5,2,11,2,1,5,1,0,7,277,0,1
1,1,1,4,1,13,11,1,7,1,1,0,1,0,0,108,0,1
1,1,0,5,1,10,7,2,12,2,1,3,1,0,0,-147,0,1
1,1,0,4,1,11,1,1,13,2,1,4,1,0,0,84,0,1
1,1,1,5,1,1,6,2,13,1,1,8,1,0,0,-9,0,1
1,1,0,4,1,16,1,2,7,1,1,5,1,0,0,-66,0,1
1,1,1,4,1,13,7,1,12,2,1,2,1,4,0,42,1,1
1,2,0,4,1,16,7,2,8,1,1,-1,1,0,0,-26,0,1
1,1,0,4,1,4,7,2,12,2,1,-1,1,0,0,21,0,1
1,1,0,4,1,13,4,2,8,2,1,4,1,3,7,284,0,1
1,1,0,4,1,9,11,2,12,1,1,4,1,0,0,20,0,1
1,2,1,4,1,13,9,2,12,2,1,1,1,0,0,-37,0,1
1,1,0,6,1,13,5,1,13,3,1,2,1,0,0,106,0,1
1,1,0,4,1,10,6,2,13,2,1,1,1,0,0,-148,0,1
1,1,1,5,1,13,6,2,13,1,1,6,1,3,0,120,0,1
1,1,0,4,1,13,4,1,10,1,1,1,1,0,0,119,0,1
1,1,0,4,1,0,6,1,13,2,1,0,1,0,0,-34,0,1
1,1,0,6,1,13,11,2,13,2,1,-1,1,3,7,218,0,1
1,1,0,5,1,13,1,2,13,1,1,-1,1,0,0,34,0,1
1,1,0,6,1,13,3,1,12,1,1,3,1,0,0,-12,0,1
1,1,1,5,1,1,8,1,5,2,1,1,1,3,7,395,0,1
1,1,1,4,1,13,4,1,13,2,1,5,1,0,0,-40,0,0
1,1,0,4,1,13,3,1,13,1,1,-1,1,0,0,-39,0,1
1,2,0,5,1,13,9,2,13,1,1,4,1,0,0,-129,0,1
1,1,0,5,1,10,3,2,12,2,1,1,1,0,0,-56,0,1
1,1,0,4,1,14,6,2,13,1,1,-2,1,0,0,73,0,1
1,1,0,4,1,6,2,1,2,2,2,1,1,3,7,332,0,1
1,1,1,5,1,4,5,1,2,2,1,2,1,0,0,132,0,1
1,1,0,4,1,16,8,1,12,2,1,0,1,0,0,-107,0,1
1,1,0,4,2,18,5,1,7,2,1,2,1,3,7,343,0,1
1,1,0,4,1,16,3,1,13,2,1,2,1,0,0,-50,0,1
1,1,1,5,1,10,8,2,13,2,1,1,1,0,0,55,1,1
1,2,0,4,1,14,10,1,13,1,1,-1,1,0,0,23,0,1
1,1,0,5,1,13,3,1,8,1,1,3,1,0,0,-48,0,1
0,1,1,4,1,14,2,2,8,2,1,0,1,0,7,289,0,1
1,1,1,4,1,14,10,1,13,1,2,3,1,0,0,-9,0,1
1,1,0,5,1,10,2,2,13,1,1,2,1,0,0,-57,0,1
1,1,0,4,1,14,2,1,13,1,1,5,1,0,0,229,0,1
1,1,0,4,1,4,4,1,13,3,1,1,1,0,11,127,0,1
1,1,0,4,1,0,12,1,12,1,1,0,1,0,0,-188,0,1
1,1,0,4,1,13,12,2,13,1,1,-3,1,0,0,111,0,1
1,1,1,5,1,16,5,2,13,0,1,2,1,0,0,86,0,1
1,2,1,4,1,13,8,1,9,1,0,5,1,0,0,137,0,1
1,2,1,5,1,20,7,1,3,1,1,2,1,0,7,225,1,1
1,1,0,4,1,10,11,2,13,1,1,5,1,0,0,-60,1,1
1,1,0,4,1,11,1,1,13,3,1,-1,1,0,0,-21,0,1
1,1,0,6,1,20,3,2,13,1,0,4,1,0,0,-17,0,1
1,1,0,6,1,16,5,1,12,2,1,7,1,0,0,-61,0,1
1,1,1,4,1,4,5,2,13,2,1,1,1,0,0,45,0,1
0,1,0,4,1,10,4,1,13,1,1,4,1,4,0,47,0,1
1,1,0,5,1,14,4,1,0,1,1,1,1,0,2,0,0,1
1,1,0,4,1,0,4,1,13,3,1,0,1,0,0,97,0,0
1,1,1,4,1,20,3,2,6,1,1,1,1,3,0,223,0,1
1,1,1,6,1,4,8,1,14,1,1,5,1,1,0,148,0,1
0,1,0,4,1,0,12,1,3,2,1,6,1,3,0,212,0,1
1,2,1,5,1,11,9,1,13,2,1,2,1,0,0,53,0,0
1,2,0,6,1,13,11,1,12,2,1,0,1,0,0,120,0,1
1,1,1,6,1,13,7,1,2,1,1,1,1,0,0,171,0,1
1,1,0,5,1,4,7,2,7,1,1,0,1,0,0,123,2,1
1,1,0,6,1,13,4,2,12,1,1,4,1,0,0,-37,0,1
1,1,0,5,1,10,9,1,13,1,1,1,1,0,0,39,1,1
1,1,0,6,1,4,10,2,12,2,1,4,1,0,0,-54,0,1
1,1,0,4,1,16,6,1,5,2,1,2,1,0,0,-48,0,1
1,1,0,4,1,13,4,2,13,1,1,0,1,0,0,58,0,1
1,1,1,6,1,10,7,1,12,2,1,7,1,0,0,-65,0,1
1,1,0,4,1,17,1,2,13,2,1,0,1,0,0,172,0,1
1,1,0,4,1,7,1,1,12,3,1,-1,1,0,0,-23,1,1
1,1,0,4,1,14,1,2,12,2,1,1,1,0,0,-58,0,1
0,2,1,4,1,16,1,2,13,2,1,0,1,3,0,222,0,1
1,1,0,4,1,11,3,1,13,1,1,4,1,0,0,-17,3,1
1,1,1,4,1,16,9,2,12,2,1,4,1,0,7,-86,0,1
1,2,1,4,1,10,9,1,12,2,1,0,1,0,0,31,0,1
1,1,0,4,1,4,1,2,13,1,1,3,1,3,0,88,0,1
1,1,0,4,1,13,10,1,13,2,2,1,1,0,7,127,0,1
1,2,1,4,1,3,3,1,13,2,1,0,1,0,4,90,0,1
1,1,0,5,1,4,4,2,13,2,1,4,1,0,0,-73,0,1
1,1,0,4,1,16,1,1,12,2,1,7,1,0,0,-10,0,1
1,1,0,5,1,16,6,1,13,3,1,-1,1,3,7,139,0,1
1,1,0,4,1,20,3,1,13,3,1,3,1,0,0,-25,0,1
1,1,0,4,1,11,12,2,12,1,1,3,1,0,0,18,0,1
1,1,0,4,1,13,10,1,13,2,1,1,1,3,7,94,0,1
1,1,0,5,1,13,3,1,12,3,1,2,1,0,0,-98,0,1
1,1,0,5,1,5,3,2,8,2,1,0,1,0,0,84,0,1
1,1,1,5,1,11,8,2,13,2,1,1,1,0,2,234,0,1
1,1,0,5,1,4,1,2,12,1,1,6,1,0,0,27,0,1
1,1,0,4,1,13,3,2,12,1,1,2,1,0,0,-2,0,1
1,1,0,4,1,16,9,2,13,2,1,0,1,0,0,-30,0,1
1,1,0,4,1,16,1,2,12,1,1,0,1,3,0,11,0,1
1,1,0,4,1,13,1,1,13,1,1,1,1,0,0,-16,0,1
1,1,0,4,1,16,7,1,13,2,2,1,1,0,0,28,0,1
0,1,1,4,1,4,9,1,13,2,1,2,1,0,0,140,1,1
1,1,0,4,1,10,9,1,12,1,1,1,1,0,0,-126,0,1
1,1,0,5,1,13,3,1,13,1,1,2,1,0,0,-97,0,1
0,2,1,5,1,11,8,1,13,1,1,3,1,0,0,-66,0,1
0,1,1,5,1,13,8,2,12,1,1,3,1,0,0,-48,0,1
1,1,0,5,1,13,5,2,12,1,1,2,0,0,0,189,0,1
1,1,0,4,1,13,5,1,7,1,1,4,1,0,0,-3,0,1
1,2,0,4,1,14,11,1,7,1,1,0,1,0,0,-33,0,1
1,1,0,4,1,13,11,1,13,1,1,-2,1,3,0,196,0,1
1,1,0,4,1,13,9,2,12,2,1,4,1,0,0,-77,0,1
1,1,0,5,1,3,1,1,2,2,1,0,1,0,7,157,0,1
0,1,1,4,1,4,5,1,12,1,1,4,1,0,0,-39,0,1
1,1,1,4,1,16,6,2,12,2,1,1,1,0,0,-36,0,1
1,1,0,5,1,1,2,1,13,2,1,-2,1,0,0,36,0,1
1,2,0,5,1,13,8,1,13,3,1,1,1,0,0,-107,0,1
1,1,0,4,1,13,6,1,13,1,1,3,1,0,0,0,0,1
1,2,0,4,1,16,4,2,13,1,1,1,1,0,0,-5,0,1
1,1,0,4,1,11,9,2,12,1,1,0,1,0,0,-85,0,1
1,1,0,4,2,16,3,2,12,2,1,4,1,3,0,37,0,1
0,1,0,5,1,16,7,2,7,1,1,5,1,0,0,26,0,1
1,1,0,5,1,1,8,2,12,2,1,5,1,0,0,-133,0,1
1,1,0,4,1,13,5,1,13,1,0,5,1,0,0,-91,0,1
1,2,0,2,1,10,2,2,13,2,1,-1,1,0,0,26,0,1
1,1,0,4,1,13,7,2,1,1,1,5,1,0,0,10,0,1
0,1,1,4,1,14,2,2,12,2,1,5,1,0,0,123,0,1
1,1,0,6,1,16,10,2,13,1,1,3,1,0,0,-46,0,1
1,1,0,5,1,13,7,1,12,2,1,3,1,0,0,18,0,1
1,1,0,5,1,14,4,1,13,2,1,2,1,0,7,-12,0,1
1,1,1,5,1,16,1,1,12,2,1,3,1,0,7,-93,0,1
1,1,1,4,1,13,7,1,13,2,1,0,1,0,0,128,0,1
1,1,0,5,1,16,6,1,12,1,1,4,1,0,0,-101,0,1
1,1,0,6,1,16,9,2,12,1,1,2,1,0,0,-88,0,1
1,1,0,4,1,4,1,2,13,2,1,-4,1,0,0,76,0,1
0,2,1,5,1,13,11,1,13,2,1,1,1,0,0,27,0,1
1,1,0,4,1,14,5,1,12,3,1,5,1,0,0,-24,0,1
1,1,0,4,1,1,10,1,12,1,1,4,1,0,0,87,0,1
1,1,1,5,1,13,8,1,13,2,1,5,1,0,0,-1,1,1
1,2,0,4,1,4,4,1,8,1,1,3,1,3,0,223,0,1
1,1,0,3,1,13,1,2,12,2,1,0,1,0,0,-72,0,1
1,1,1,5,1,13,7,1,12,2,1,3,1,3,0,43,0,1
1,1,0,4,1,10,8,1,12,1,1,1,1,0,0,-32,0,1
1,1,0,4,1,0,5,1,13,3,1,-1,1,0,0,56,0,1
1,1,0,4,1,13,10,1,13,1,1,1,1,0,0,-129,0,1
1,2,0,1,1,1,4,2,13,0,1,0,1,3,0,96,0,1
1,1,0,6,1,13,10,2,12,2,1,7,1,0,0,-83,0,1
1,1,0,5,1,13,11,1,12,2,1,4,1,0,0,-95,0,1
1,1,0,4,1,11,3,1,13,2,1,-1,1,0,0,-62,0,1
1,1,0,4,1,16,8,2,4,2,1,3,1,0,0,19,0,1
1,1,0,4,1,10,1,1,13,2,1,0,1,0,0,124,0,1
0,2,0,4,1,14,7,2,12,3,2,3,1,0,0,40,0,1
0,1,0,6,1,16,5,1,10,2,1,-3,1,0,0,171,3,1
1,1,0,5,1,10,7,2,12,2,1,2,1,0,0,111,0,1
1,1,0,6,1,13,4,1,12,2,1,0,1,0,0,117,0,1
1,2,0,4,1,13,3,1,12,2,1,4,1,0,0,-14,0,1
1,1,1,4,1,4,8,1,13,1,1,1,1,0,0,104,0,1
1,1,1,4,1,13,6,2,13,2,1,-1,1,0,0,12,0,1
1,1,1,5,1,13,3,1,13,2,1,0,1,0,0,-10,0,1
1,1,0,4,1,16,5,2,13,1,1,6,1,0,0,34,0,1
1,1,1,5,1,16,6,2,13,2,1,0,1,0,2,142,0,1
0,2,0,5,1,13,9,1,12,2,2,3,1,0,0,20,0,1
1,1,0,6,1,10,5,1,13,2,1,10,1,0,0,97,0,1
1,1,0,4,1,0,3,2,12,1,1,4,1,0,0,-89,0,1
1,1,0,5,1,11,10,2,10,1,1,-2,1,0,7,171,0,1
1,1,0,4,1,14,5,2,13,3,1,-2,1,0,0,41,0,1
1,1,0,4,1,16,3,2,14,1,1,0,1,0,0,-44,0,1
1,1,0,4,1,3,4,1,13,3,1,0,1,0,0,63,0,1
1,1,0,4,1,12,5,1,12,2,1,2,1,0,0,195,0,1
1,1,0,4,1,0,10,1,12,3,1,2,1,0,0,45,1,1
1,1,0,4,1,13,7,1,13,2,1,1,1,0,0,-96,1,1
1,1,0,5,1,15,11,1,13,2,1,2,1,0,7,37,0,1
1,2,0,4,1,14,4,1,8,1,2,-2,0,0,0,194,0,1
1,1,0,5,1,14,5,1,6,2,1,2,1,0,0,185,1,1
0,1,1,5,1,4,9,2,7,1,1,1,1,0,0,-32,0,1
1,1,0,5,1,16,11,2,12,1,1,6,1,0,0,-13,0,1
1,1,0,4,1,10,12,1,7,2,1,3,1,0,0,72,0,1
1,1,0,4,2,16,5,1,12,2,1,3,1,0,0,-65,1,1
1,1,0,4,1,4,9,1,13,1,1,3,1,0,0,-75,0,1
1,2,0,5,1,1,5,2,12,1,1,3,1,0,0,-132,0,1
1,1,0,4,1,16,1,1,12,2,1,9,1,0,0,-149,0,1
1,1,0,4,1,16,11,1,13,2,1,1,1,0,0,23,0,1
1,2,1,4,1,14,1,1,11,2,1,3,1,0,0,166,0,1
1,1,0,5,1,10,9,1,13,1,1,1,1,0,0,-74,0,1
1,1,0,5,1,13,8,1,13,1,1,0,1,0,0,37,0,1
1,1,0,4,1,10,6,2,12,1,1,5,1,0,0,-170,0,1
1,1,0,4,1,16,2,1,12,1,1,2,1,3,0,-28,0,1
0,1,0,4,1,13,9,2,13,1,1,2,1,0,0,-131,0,1
0,1,0,4,1,14,6,1,13,3,1,4,1,3,7,243,1,1
1,1,0,5,1,11,12,1,13,1,1,-1,1,0,0,40,0,1
1,2,1,6,1,13,12,1,12,2,1,2,1,0,0,-3,0,1
0,1,0,4,1,20,12,1,9,1,1,0,1,0,0,123,0,1
1,1,0,5,1,11,10,1,12,2,1,4,1,0,0,10,0,1
0,1,0,4,1,20,12,1,13,2,1,3,1,0,0,42,0,1
1,1,1,5,1,0,7,1,8,1,1,1,1,0,7,296,1,1
1,1,0,6,1,16,11,1,6,2,1,5,1,0,0,81,1,1
1,1,0,4,1,16,8,2,7,1,1,0,1,0,0,125,1,1
1,2,1,4,1,10,8,1,9,1,1,0,1,0,0,98,1,1
0,1,0,4,1,16,2,2,13,1,1,0,1,0,0,-34,0,1
1,2,1,6,1,16,6,1,12,1,1,2,1,0,0,96,0,1
1,1,0,4,1,14,5,1,8,1,2,2,1,0,0,46,0,1
1,1,0,5,1,13,4,1,13,1,1,3,1,0,0,-24,0,1
0,2,0,5,1,17,9,2,11,2,1,4,1,3,0,263,0,1
0,1,1,4,1,0,5,1,12,2,1,3,1,0,0,26,0,1
1,1,0,5,1,0,7,1,11,1,1,2,1,0,0,-16,0,1
1,1,0,5,1,2,7,2,13,2,1,6,1,0,0,199,1,1
1,1,1,5,1,11,6,1,12,2,1,-1,1,0,0,146,0,1
1,1,0,5,1,10,5,1,13,3,1,5,1,0,0,-42,0,1
1,2,0,4,1,13,9,1,0,1,1,1,1,0,0,5,1,1
0,1,0,6,1,20,6,2,13,2,1,-1,1,0,0,42,0,1
1,1,0,4,1,1,6,2,6,1,1,4,0,0,0,45,0,1
0,1,0,7,1,13,11,1,12,3,1,5,1,0,0,-56,0,1
0,1,1,4,1,14,10,2,12,2,1,0,1,3,0,83,0,1
1,1,1,5,1,4,9,2,11,2,1,4,1,0,0,44,0,1
1,1,1,5,1,16,10,1,7,1,4,3,1,0,0,-29,0,1
1,1,0,4,1,13,4,2,13,1,1,0,1,0,0,-91,0,1
1,2,1,4,1,16,1,1,13,2,1,1,1,0,0,167,0,1
1,1,0,7,1,14,8,2,7,1,1,0,1,0,0,-11,0,1
1,1,0,4,1,1,1,2,13,1,1,-3,1,0,7,-23,0,1
1,1,0,4,1,13,7,2,13,2,1,-2,1,0,0,-184,2,1
1,1,0,4,1,13,6,2,7,1,1,6,1,3,0,102,0,1
1,1,1,6,1,16,10,1,12,2,2,0,1,0,0,-6,0,1
1,1,0,6,1,13,6,1,13,2,1,0,1,0,0,-128,0,1
1,1,0,4,1,16,6,2,12,1,1,2,1,0,0,-39,0,1
1,1,0,4,1,11,12,2,14,1,1,-1,1,0,0,-20,0,1
1,1,0,5,1,10,10,1,12,3,1,0,1,0,0,-27,0,1
1,1,0,5,1,16,6,1,12,2,1,1,1,0,0,-43,0,1
0,1,0,6,1,13,9,1,12,1,1,-2,1,0,0,-14,0,1
0,1,0,4,1,13,11,2,12,1,1,4,1,0,0,10,0,1
0,1,1,5,1,10,1,1,13,1,1,4,1,0,0,-20,0,1
1,1,0,6,1,13,12,2,9,1,1,1,1,0,0,-104,0,1
1,1,1,4,1,16,1,1,4,2,1,-4,1,0,0,95,1,1
1,2,0,4,1,13,10,2,13,2,1,-4,1,0,7,136,0,1
0,2,0,7,1,16,6,1,12,2,1,3,1,0,0,169,0,0
1,2,0,5,1,14,6,1,13,1,1,1,1,0,0,-116,0,1
1,1,0,4,1,16,1,2,12,2,1,2,1,0,0,-100,0,1
1,1,0,5,1,21,5,2,12,2,1,8,1,0,0,168,3,1
1,1,1,4,1,16,6,1,13,3,1,0,1,3,7,216,0,1
1,1,0,4,1,13,5,1,13,2,2,-3,1,0,0,69,0,1
0,1,0,4,1,16,1,2,12,2,1,5,1,3,0,160,0,1
1,1,0,7,1,16,7,2,4,0,4,8,1,0,7,-1,0,1
0,1,1,4,1,11,4,1,12,2,1,2,1,0,0,-7,0,1
1,1,0,4,1,0,6,1,13,2,0,0,1,0,0,-28,0,1
1,1,0,6,1,4,2,2,13,1,1,-2,1,0,0,112,0,1
1,1,0,4,1,16,9,2,13,1,1,0,1,0,0,-8,0,1
1,1,0,5,1,1,3,1,13,2,1,2,1,3,0,91,0,1
1,1,0,4,1,14,1,1,12,1,1,5,1,3,0,153,1,1
0,1,1,7,1,10,7,2,14,1,1,-1,1,3,7,315,0,1
1,1,0,4,1,13,7,2,13,2,1,2,1,0,0,-49,0,1
0,1,1,5,1,1,7,2,12,1,1,0,1,0,0,106,0,1
0,1,0,5,1,13,9,1,8,2,1,1,1,0,0,-8,0,1
1,1,0,7,1,16,5,1,10,1,1,-1,1,3,7,340,0,1
0,1,1,5,1,22,3,2,12,2,2,3,1,0,0,175,0,1
0,1,1,5,1,1,8,2,7,1,1,2,1,0,0,208,1,1
1,1,0,5,1,3,10,1,12,1,1,3,1,0,0,-40,0,1
1,1,1,5,1,15,4,2,12,2,1,1,1,0,0,164,0,1
0,2,0,4,1,20,4,1,13,1,2,2,1,3,7,161,0,1
1,1,1,6,1,9,5,1,13,2,1,3,1,0,0,93,0,1
1,2,0,4,1,22,1,1,13,2,1,2,1,3,0,166,0,1
1,1,1,4,1,16,1,2,12,1,1,4,1,0,0,-50,0,1
1,1,0,6,1,0,9,1,13,2,1,2,1,0,0,6,0,1
1,1,1,5,1,16,10,2,13,1,1,4,1,0,0,-52,0,1
0,1,0,4,1,16,6,2,12,1,1,5,1,0,0,97,0,1
1,1,1,6,1,4,5,2,12,2,1,1,1,0,0,-134,0,1
1,2,0,4,1,14,12,1,13,2,3,0,1,0,0,100,0,1
1,2,0,6,1,16,3,2,13,2,1,3,1,0,0,128,0,1
0,1,0,4,1,14,9,2,14,4,2,-2,1,0,0,59,0,1
1,1,0,5,1,16,10,1,1,1,1,2,1,0,0,94,0,1
1,1,0,4,1,11,8,1,12,1,1,2,1,0,0,-54,0,1
1,1,0,4,1,13,12,1,13,2,1,1,1,0,0,66,0,1
1,1,1,4,1,13,3,2,13,1,1,2,1,0,0,187,0,1
1,1,0,4,1,13,10,1,12,2,1,2,1,0,0,-24,0,0
1,1,0,4,1,11,4,1,13,2,1,-1,1,0,0,24,0,1
1,1,0,6,1,13,9,2,13,2,1,0,1,3,7,106,0,1
0,1,1,4,1,13,6,1,13,2,1,1,1,3,0,316,0,1
1,1,1,4,1,13,10,2,12,1,1,6,0,0,0,111,0,1
0,1,0,4,1,20,1,1,12,2,1,5,1,0,0,136,0,1
1,1,0,6,1,20,8,1,7,1,1,0,1,0,0,4,0,1
1,1,1,5,1,20,2,1,8,2,1,3,1,0,0,165,0,1
1,1,1,5,1,10,6,1,10,2,2,4,1,0,0,133,0,1
0,2,1,4,1,11,3,2,11,2,1,5,1,3,0,249,1,1
1,1,0,5,1,13,7,2,3,1,0,-1,1,3,7,206,0,1
1,1,1,5,1,14,6,1,0,0,1,3,1,0,0,85,0,1
1,1,0,4,1,11,5,2,7,1,1,3,1,0,0,-16,0,1
1,1,0,5,1,1,6,1,13,3,1,1,1,0,7,146,0,1
1,1,0,6,1,14,5,1,13,2,1,1,1,0,0,190,0,1
1,1,0,5,1,13,1,1,12,1,1,7,1,0,0,-44,0,1
1,1,0,4,1,13,11,1,12,1,1,3,1,0,0,-130,0,1
0,1,1,4,1,1,7,2,13,0,1,0,1,3,0,220,0,1
1,1,1,4,1,13,8,2,13,1,1,1,1,0,0,-64,0,1
0,1,1,5,1,13,11,2,7,2,1,3,1,0,0,73,0,1
1,1,1,5,1,13,2,1,12,2,4,1,1,0,0,110,0,1
1,1,0,4,1,16,8,1,13,2,1,-3,1,0,0,19,0,1
1,1,0,4,1,1,9,2,12,2,1,6,1,0,0,-115,0,1
1,1,0,6,1,13,10,1,12,1,2,0,1,3,0,94,0,1
1,1,1,4,1,1,6,1,6,1,1,0,1,0,0,-80,1,1
1,1,1,6,1,0,9,1,13,2,1,-1,1,0,0,122,0,1
1,2,0,4,1,13,2,2,13,1,1,-2,1,0,0,10,0,1
1,1,0,4,1,16,6,1,13,3,1,-2,1,0,0,11,0,1
1,1,0,5,1,11,6,1,13,2,1,-2,1,0,0,-221,0,1
1,1,0,5,1,16,4,2,13,2,1,4,1,0,0,-107,0,0
1,1,1,4,1,9,7,2,11,1,1,0,1,3,0,167,0,1
1,2,0,4,1,13,4,2,13,2,1,1,1,0,0,83,0,1
1,1,0,4,1,14,2,1,12,1,1,5,0,0,0,60,0,1
1,1,0,4,1,4,5,2,13,1,1,4,1,0,0,-109,0,1
1,1,0,5,1,10,12,2,12,1,1,3,1,0,0,-51,1,1
1,1,1,2,1,13,2,2,13,1,1,3,0,0,0,157,0,1
1,1,1,4,1,4,12,1,13,1,1,-1,1,0,0,139,0,1
1,1,1,4,1,13,10,2,12,2,1,5,1,0,0,27,0,1
1,1,0,4,1,14,5,1,13,1,1,4,1,0,0,9,0,1
1,2,1,5,1,13,9,1,12,1,1,7,1,0,0,-247,0,0
1,1,0,4,1,13,9,2,13,1,1,1,1,0,0,29,0,1
0,1,0,5,1,10,3,1,6,2,1,3,1,0,0,-24,0,1
1,1,1,5,1,14,9,1,3,2,2,4,1,0,7,129,0,1
1,1,1,4,1,13,1,1,13,2,1,3,1,0,11,115,0,1
1,2,0,4,1,16,1,2,12,1,1,-1,1,0,0,-224,0,1
1,1,0,6,1,4,6,1,8,2,1,2,1,0,0,127,0,1
1,1,1,7,1,10,4,1,14,2,1,0,1,4,0,265,0,1
1,1,1,4,1,13,12,2,12,1,1,0,1,0,7,94,0,1
0,1,1,6,1,13,2,2,13,1,1,2,1,0,7,246,0,1
1,1,0,4,1,13,4,2,8,1,1,-1,1,0,0,303,0,1
1,2,1,5,1,13,5,1,12,2,1,4,1,0,0,-53,0,1
1,1,1,4,1,14,11,2,12,1,1,3,1,0,0,-36,0,1
0,1,0,5,1,13,9,1,13,3,1,2,1,0,0,81,0,1
1,2,0,4,1,4,1,2,12,1,1,3,1,0,10,192,0,1
1,1,0,4,1,11,10,1,13,1,1,-1,0,0,0,-99,0,1
1,1,0,4,1,13,6,2,13,2,1,0,1,0,7,35,0,1
1,1,0,4,1,13,11,2,12,3,1,0,1,0,0,-181,0,1
1,1,0,6,1,20,8,1,1,2,1,0,1,0,7,-5,0,1
1,2,0,5,1,22,2,1,12,2,1,3,0,0,0,84,0,1
1,1,0,4,1,13,5,2,7,1,1,6,1,0,0,221,1,1
1,1,0,5,1,4,12,2,0,2,1,4,1,0,0,136,0,1
1,1,1,4,1,16,5,1,12,1,1,4,1,0,0,85,0,1
1,1,1,4,1,14,8,2,13,2,2,1,1,0,0,4,0,1
1,1,0,5,1,14,10,2,12,1,1,2,1,0,3,50,0,1
1,1,0,4,1,4,9,2,13,2,2,1,1,0,0,-54,0,1
1,1,0,7,1,14,8,1,11,1,1,0,1,3,7,133,0,1
1,2,1,4,1,13,4,2,13,1,1,0,1,0,0,29,0,1
1,1,0,4,1,13,7,1,13,3,1,-1,1,0,0,-34,0,1
0,1,0,6,1,13,1,2,13,1,1,4,1,0,0,-178,0,1
1,1,1,4,1,16,1,2,13,1,1,1,1,0,0,204,0,1
1,2,0,4,1,5,4,1,12,1,1,7,1,0,0,-113,0,1
1,1,0,6,1,4,11,2,7,2,1,-1,1,3,7,327,0,1
1,1,1,4,1,14,3,2,13,1,1,1,1,3,0,199,0,1
1,1,1,4,1,22,7,2,13,0,1,0,1,0,0,-65,0,1
1,1,0,4,1,10,9,1,13,2,1,1,1,0,6,182,0,1
1,1,1,4,1,15,1,1,11,0,1,4,1,0,0,167,0,1
1,1,0,5,1,16,5,2,13,2,1,1,1,0,0,104,0,1
1,1,0,4,1,16,9,2,7,1,1,1,1,3,0,167,0,1
1,1,0,4,1,17,4,1,14,2,1,1,1,0,0,80,0,1
1,2,1,5,1,20,11,1,13,2,2,-3,1,3,7,288,0,1
0,1,0,5,1,4,12,2,12,1,1,0,1,0,0,-109,0,1
1,1,1,5,1,4,6,2,13,0,1,2,1,0,0,-49,0,1
1,1,0,4,1,13,3,2,12,2,1,5,1,0,0,130,3,1
1,1,0,6,2,1,10,1,12,3,1,4,1,0,0,113,0,1
1,1,1,4,1,4,5,1,13,2,1,3,1,0,0,42,0,1
1,1,0,4,1,13,7,2,12,1,1,5,1,0,0,-161,0,1
0,1,0,4,1,14,10,1,3,2,1,-4,1,3,0,112,0,1
1,1,0,4,1,13,6,1,7,2,1,4,1,0,0,-19,0,1
1,1,1,4,1,13,5,1,13,2,2,1,1,0,7,128,1,1
1,2,0,6,1,13,9,1,13,2,2,4,1,3,0,185,0,1
1,1,1,5,1,16,11,2,12,2,1,4,1,3,0,132,0,1
1,1,0,5,1,4,7,2,13,1,1,0,1,0,0,-128,0,1
0,1,0,4,1,5,3,2,13,2,1,-1,1,0,0,-163,0,1
1,1,1,5,1,16,7,2,13,1,1,0,1,0,0,-155,0,1
1,1,0,4,1,10,2,1,12,2,1,4,1,0,0,-35,0,1
1,2,1,4,1,13,10,2,13,1,1,5,1,0,0,-43,0,1
1,1,1,4,1,14,6,1,12,4,1,2,1,0,0,-74,0,1
1,1,0,4,1,13,5,1,13,1,1,-2,1,0,0,-38,0,1
1,2,0,5,1,4,7,1,13,1,1,1,1,0,0,42,0,1
1,2,1,5,1,13,8,1,13,1,1,4,1,0,7,213,0,1
1,1,0,4,1,10,9,1,13,3,1,-1,1,0,0,-26,0,1
1,1,0,4,1,14,8,1,13,3,1,5,1,0,0,-30,0,1
1,1,0,4,1,14,2,1,12,1,1,0,1,0,0,-4,0,1
1,1,1,4,1,16,2,1,12,2,1,9,1,0,0,70,0,1
0,1,1,5,1,4,7,2,7,1,1,2,1,0,7,212,0,1
1,1,1,5,1,20,9,1,12,1,1,4,1,0,0,90,0,1
1,1,0,6,1,15,9,2,13,1,2,1,1,0,0,-67,0,1
1,1,0,6,1,13,11,1,12,2,1,0,1,0,0,-87,0,1
1,1,0,4,1,16,3,2,13,2,1,0,1,0,0,-319,0,1
1,1,0,5,1,14,11,1,13,2,2,0,1,0,0,9,0,1
1,1,0,5,1,13,6,1,12,2,1,0,1,3,7,180,0,0
0,2,0,4,2,13,6,2,12,3,1,0,1,0,7,118,0,1
1,1,0,5,1,11,5,1,12,2,1,5,1,3,0,209,0,1
1,1,1,4,1,4,3,1,13,2,1,2,1,1,0,129,0,1
1,1,0,5,2,14,9,1,13,2,1,-2,1,3,0,335,0,1
1,1,1,6,1,13,1,2,13,1,1,1,1,0,0,139,0,1
1,1,1,5,1,16,7,1,13,2,1,4,1,0,0,38,0,1
1,1,0,4,1,13,6,1,12,2,1,4,1,0,0,-71,0,1
1,2,1,5,1,14,9,1,12,2,1,5,1,0,0,122,0,1
1,1,1,4,1,11,11,1,12,1,1,0,1,0,0,-151,0,1
1,1,0,4,1,13,9,1,12,3,1,4,1,0,0,56,0,1
1,1,0,4,1,13,8,1,13,2,1,-1,1,0,0,-79,0,1
1,1,0,6,1,16,10,2,13,2,1,1,1,0,0,20,0,1
1,1,1,4,1,11,10,1,13,2,1,5,1,0,0,-50,0,1
1,1,0,6,1,14,3,2,13,1,1,2,1,3,0,39,0,1
1,1,0,6,1,16,4,1,13,2,1,2,1,0,7,210,0,1
1,1,0,4,1,13,3,2,9,2,1,0,1,0,0,-1,0,1
1,1,0,5,1,1,12,1,13,2,1,0,1,0,0,163,0,1
1,1,1,4,1,13,1,1,13,2,1,6,1,3,0,269,0,0
1,1,0,5,1,11,9,1,13,1,1,-3,1,0,0,-8,0,1
1,2,0,5,1,11,2,1,13,3,1,-1,1,3,11,234,1,1
1,1,0,4,1,14,9,2,13,2,1,-3,1,0,0,6,0,1
0,2,0,4,1,11,1,1,14,1,1,1,1,0,0,-40,0,1
1,1,1,4,1,15,3,2,13,0,1,1,1,0,0,154,0,1
1,1,1,4,1,0,8,2,12,1,1,4,1,0,0,65,1,1
1,2,0,5,1,13,10,2,12,1,1,3,1,0,0,52,0,1
1,1,0,4,1,10,12,2,12,1,1,6,1,0,0,-59,0,1
1,1,1,6,1,16,3,1,9,1,1,4,1,0,0,38,0,1
1,2,1,5,1,4,5,2,7,2,1,3,1,0,0,113,0,1
1,1,1,4,1,1,4,2,12,1,2,2,1,0,0,-1,0,1
1,1,1,5,1,13,7,2,13,2,1,7,1,0,0,105,0,1
1,1,0,4,1,10,10,2,7,2,1,6,1,0,0,176,1,1
1,1,0,4,1,10,7,1,12,2,1,4,1,0,0,-112,1,1
1,1,0,4,1,16,3,1,7,1,1,3,1,0,0,28,0,1
1,1,0,4,1,13,10,2,13,1,1,1,1,0,0,-54,0,1
1,1,0,6,1,13,8,2,13,2,1,1,1,0,0,-167,0,1
1,1,1,4,1,16,2,1,13,0,1,2,1,0,0,-37,0,1
1,2,1,4,1,21,12,1,3,1,1,7,1,0,0,202,0,1
1,2,0,5,1,10,5,2,12,2,1,9,1,0,0,122,0,1
1,1,1,6,1,13,11,2,13,2,1,1,1,2,0,94,0,1
1,1,0,4,1,16,2,2,13,1,1,-1,1,0,0,152,0,1
0,1,0,4,1,13,7,2,13,2,1,1,1,0,0,56,0,1
0,1,0,4,1,13,9,2,12,1,1,0,1,0,0,-127,1,1
1,1,1,5,1,14,12,2,7,1,1,2,1,0,0,118,0,1
1,1,0,4,1,10,1,1,13,1,1,5,1,0,0,59,0,1
1,1,1,5,1,10,12,2,13,2,1,1,1,3,7,260,0,1
1,1,1,5,1,20,10,1,13,2,1,0,1,0,0,29,0,1
1,1,0,4,1,16,8,1,7,1,1,1,1,0,0,205,1,1
1,1,1,4,1,14,4,2,13,1,1,-2,1,0,0,53,0,1
1,1,0,4,1,20,12,1,13,2,1,-3,1,0,0,60,0,0
1,1,0,4,1,10,6,2,12,1,1,5,1,0,0,6,0,1
1,1,0,4,1,11,1,2,13,2,1,1,1,0,0,121,0,1
1,1,0,5,1,13,9,2,13,1,1,2,1,0,0,172,0,1
1,1,0,5,1,13,6,1,12,2,1,2,1,0,0,61,0,1
1,2,0,5,1,11,9,1,12,1,1,2,1,0,10,31,1,1
1,1,1,4,1,13,5,2,7,1,1,5,1,0,5,257,1,1
0,1,1,4,1,13,11,2,12,0,1,2,1,0,0,42,0,1
0,1,1,4,1,13,11,1,12,2,1,1,1,3,0,233,0,1
1,2,0,6,1,20,8,1,12,3,1,0,1,0,0,68,0,1
1,1,0,4,1,1,3,2,12,1,1,2,1,0,0,-53,0,1
1,1,0,4,1,4,1,2,13,1,1,1,1,0,0,-169,0,1
1,1,0,5,1,1,10,2,13,2,2,3,1,3,0,151,0,1
1,1,0,4,1,4,4,1,12,1,1,9,1,0,0,62,0,1
1,1,0,4,1,15,9,2,13,3,1,1,1,0,0,134,0,1
1,1,0,4,1,14,6,2,13,2,3,2,1,0,0,-91,0,1
1,2,0,5,1,16,5,1,5,1,1,1,1,0,0,211,0,1
1,1,0,4,1,11,6,1,12,1,1,5,1,0,0,-125,0,1
1,1,0,6,1,14,1,1,12,1,1,3,1,0,0,158,0,1
1,1,1,4,2,13,9,1,12,2,1,0,1,0,0,-96,0,1
1,1,0,4,1,13,7,1,13,2,1,-2,1,0,0,14,1,1
1,1,1,5,1,20,2,2,13,1,1,-1,1,0,0,-80,0,1
0,1,0,6,1,13,8,1,12,2,1,2,1,0,7,93,0,1
1,1,0,4,1,11,9,1,13,2,1,0,1,0,0,-59,0,1
1,1,1,4,2,4,9,2,13,1,1,0,1,0,0,59,1,1
1,1,0,4,1,22,5,2,13,0,1,4,1,0,0,12,0,1
1,1,0,6,1,10,7,2,12,1,1,3,1,0,0,16,0,1
1,1,1,4,1,4,9,1,12,2,3,5,1,0,0,48,0,1
1,1,0,5,1,14,6,2,12,2,1,3,1,0,0,120,0,1
1,2,0,4,1,13,9,1,12,2,1,2,1,0,0,35,0,1
1,1,0,7,1,20,9,1,13,1,1,0,1,0,0,-46,0,1
0,1,0,4,1,4,1,1,13,1,1,2,1,0,0,80,0,1
1,2,0,7,1,1,3,1,13,2,1,-1,1,0,0,2,0,1
1,1,0,4,1,14,12,2,12,1,4,0,1,0,0,39,0,1
1,2,0,4,1,3,1,1,13,2,1,0,1,0,0,-1,0,1
1,1,1,2,1,14,9,1,12,2,1,-2,1,0,0,36,0,1
1,1,0,5,1,13,2,2,13,2,1,2,1,0,0,42,0,1
1,1,0,4,1,1,12,2,12,1,1,2,1,0,0,9,0,1
1,1,1,4,1,3,10,2,12,1,1,-1,1,3,0,204,0,1
1,1,0,4,1,13,11,2,12,3,1,2,1,0,0,-46,0,1
0,1,1,7,1,16,8,2,12,1,1,0,1,2,0,86,0,1
1,1,0,4,1,13,3,1,12,2,1,6,1,0,0,-39,0,1
1,2,0,4,1,14,3,2,13,3,1,-2,1,0,0,-41,0,1
1,1,0,5,1,10,1,2,12,1,1,3,1,0,0,39,0,1
1,1,0,4,1,14,7,1,6,1,1,3,1,0,0,50,0,1
1,1,0,4,1,13,2,1,13,1,1,0,1,0,0,-8,0,1
0,1,1,6,1,16,5,2,13,1,1,3,1,0,0,53,0,1
1,2,0,4,1,2,2,2,4,2,0,0,1,0,0,89,0,1
1,1,1,6,1,13,3,1,12,2,1,4,1,0,0,229,0,1
1,2,0,4,1,14,1,1,13,2,1,4,1,0,0,-18,0,1
1,1,1,4,1,13,7,1,12,3,1,2,1,0,0,-105,0,1
1,1,0,4,1,10,11,2,13,1,1,-1,1,3,5,213,0,1
1,1,1,5,1,13,5,2,12,2,1,3,1,0,0,14,0,1
0,2,0,5,1,13,8,2,13,2,1,3,1,0,0,-78,0,1
1,1,0,4,1,4,9,2,12,2,1,1,1,0,0,-93,0,1
1,1,0,5,1,16,3,2,12,1,1,0,1,0,7,77,0,1
1,1,0,5,1,11,4,1,13,1,1,5,1,0,0,153,0,1
1,1,0,4,1,4,11,1,12,2,1,2,1,0,0,-39,0,1
0,1,0,4,1,11,10,2,7,2,1,6,1,0,0,-151,0,1
1,1,1,4,1,22,6,2,12,1,1,4,1,0,0,174,0,1
1,1,0,5,1,4,5,1,12,1,1,2,1,3,7,254,0,1
1,1,1,5,1,13,6,1,12,2,1,1,1,0,0,-28,0,1
1,1,0,4,1,13,1,2,13,2,2,-2,1,0,0,29,0,1
1,1,1,4,1,10,4,1,0,2,1,7,1,0,0,93,0,1
1,1,0,6,1,14,8,2,13,2,2,-2,1,0,0,-2,0,1
1,1,0,4,1,13,9,1,6,2,1,0,1,0,7,-12,0,0
1,1,1,5,1,1,7,2,13,1,1,0,1,0,0,12,0,1
0,1,0,6,1,13,11,1,13,2,1,5,1,0,0,117,0,1
1,1,1,4,2,14,1,1,9,2,1,6,1,0,7,280,0,1
1,1,0,5,1,1,5,1,12,1,3,2,1,0,0,162,0,1
1,1,1,4,2,13,3,1,12,2,2,2,1,0,0,8,0,1
1,1,0,7,1,13,2,2,1,2,1,2,0,3,7,196,1,1
1,1,0,5,1,4,11,2,12,1,1,2,1,0,0,-46,0,1
1,2,1,5,1,13,11,1,13,3,1,4,1,0,0,-16,0,1
1,1,0,5,1,10,4,1,12,2,1,0,1,0,0,155,0,1
1,1,0,6,1,9,7,1,12,2,1,1,1,0,0,279,0,1
1,1,1,4,1,20,5,2,4,1,1,4,1,0,0,252,0,1
1,1,0,4,1,15,1,2,7,2,1,4,1,0,0,9,1,1
1,1,0,4,1,14,3,2,13,1,1,-1,1,3,0,186,0,1
1,1,1,4,1,10,4,2,13,3,1,1,1,0,0,-31,0,1
1,1,0,4,1,13,8,2,13,2,1,4,1,0,0,-89,0,1
1,1,1,5,1,13,2,1,12,2,1,-1,1,3,0,47,0,1
1,1,0,5,1,11,1,1,12,1,1,0,1,0,0,-38,0,1
1,1,1,6,1,16,6,1,4,2,1,0,1,0,0,195,0,1
1,1,0,4,1,0,5,1,13,2,1,0,1,0,0,-63,0,1
1,1,0,6,1,1,3,2,13,1,1,2,1,0,0,143,3,1
1,1,1,4,1,10,8,2,13,2,1,3,1,3,0,182,0,0
1,1,0,6,1,1,4,2,10,1,1,0,1,0,4,159,0,1
1,2,0,4,1,16,6,2,7,2,1,-1,1,0,0,-9,0,1
1,1,0,4,1,13,5,1,10,1,1,5,1,0,0,120,0,1
1,1,0,5,1,10,9,2,9,2,1,0,1,0,0,11,0,1
1,1,1,4,1,11,10,2,12,2,1,3,1,0,0,7,1,1
1,1,0,4,1,4,7,1,12,1,1,5,1,0,0,-5,0,1
1,1,0,6,1,16,1,2,13,2,1,-1,1,0,0,-50,0,0
1,1,1,4,1,11,10,1,12,2,1,-2,1,0,0,12,0,1
1,1,0,4,1,1,9,1,13,2,1,1,1,0,0,-18,0,1
1,1,1,4,1,13,11,2,7,2,1,5,1,3,8,145,0,1
1,1,1,4,1,0,3,2,13,2,1,1,1,0,7,146,0,1
1,1,1,4,1,20,8,1,12,1,1,5,1,2,0,108,0,1
1,1,0,5,1,4,2,1,7,1,4,1,1,0,0,-55,0,1
1,1,1,4,1,13,11,1,12,2,1,5,1,0,7,54,0,1
1,1,1,4,1,13,4,1,1,2,2,3,1,3,4,283,0,1
1,1,1,4,1,10,2,2,13,2,1,3,1,0,0,104,0,1
0,1,1,4,1,13,7,1,8,2,1,3,1,0,8,71,0,1
1,1,0,4,1,16,5,1,13,2,1,2,1,0,0,21,1,1
1,1,0,4,1,16,6,1,13,3,1,4,1,0,0,145,0,1
0,1,0,6,1,13,5,1,13,1,1,6,1,0,0,28,0,1
1,1,0,4,1,16,8,1,13,2,1,-3,1,0,0,143,0,1
0,2,1,4,1,16,7,1,4,1,1,0,1,0,0,-1,0,1
1,1,0,5,1,13,3,2,13,1,1,-1,1,0,0,194,0,1
1,1,0,4,1,0,6,1,12,2,1,1,1,0,0,-159,0,1
1,1,1,4,1,13,4,2,13,1,2,1,1,0,7,110,0,1
0,2,1,4,1,11,6,1,7,1,1,0,1,3,0,149,0,1
1,1,1,1,1,16,2,1,6,2,1,3,1,0,0,185,0,1
1,1,1,4,1,13,8,2,13,2,1,5,1,0,0,-165,0,0
1,1,1,4,1,0,1,1,13,2,1,0,1,0,2,66,0,1
0,1,0,4,1,6,10,1,13,1,1,1,1,0,0,48,0,1
1,2,0,5,1,13,9,1,13,2,1,2,1,0,0,-51,0,1
1,1,0,5,1,14,9,2,13,2,1,0,1,0,0,-25,0,1
1,1,0,4,1,16,1,1,12,2,1,3,1,0,0,-17,0,1
1,1,0,4,1,16,6,2,14,2,1,4,1,0,0,136,0,0
1,1,0,6,1,11,2,2,7,1,2,2,0,0,0,205,0,1
1,1,0,4,1,16,9,2,12,2,1,-1,1,0,0,-48,0,1
1,1,0,4,1,16,9,2,12,2,1,4,1,0,0,30,0,1
1,1,1,4,1,10,4,2,13,3,1,-2,1,0,0,54,0,1
1,1,0,6,1,4,9,1,13,2,1,2,1,0,0,-73,0,1
1,2,0,5,1,11,3,2,13,1,1,2,1,3,0,66,0,1
1,2,1,5,1,11,9,2,5,1,1,2,1,0,0,7,0,1
1,1,1,5,1,11,11,2,7,1,1,7,1,0,0,35,0,1
1,1,0,4,1,13,6,1,12,2,1,4,1,0,0,188,0,1
1,1,1,4,1,13,6,1,12,2,1,3,1,0,0,-116,0,1
1,1,1,5,1,16,5,2,12,1,1,12,1,0,0,-21,0,1
1,2,0,5,1,1,1,2,2,1,1,2,1,0,7,12,3,1
1,1,0,6,1,11,8,1,12,1,1,4,1,0,0,-97,1,1
1,2,0,5,1,13,2,2,13,1,1,5,1,0,0,139,0,1
1,1,0,4,1,13,7,2,12,1,1,3,1,0,0,5,0,1
1,1,1,4,1,10,6,1,13,2,1,10,1,3,0,267,1,1
1,1,0,4,1,15,7,1,13,2,1,2,1,0,0,43,0,1
1,1,1,4,1,13,11,1,12,1,1,3,1,0,0,-29,0,1
1,1,0,4,1,13,12,2,12,2,1,2,1,0,0,-103,0,1
1,2,1,4,1,10,1,2,13,2,1,1,1,0,0,190,1,1
1,1,0,6,1,1,9,1,12,3,1,4,1,0,0,36,0,1
1,1,0,4,1,13,11,2,12,1,1,5,1,0,0,-34,0,1
1,1,0,4,1,16,7,2,13,2,1,3,1,0,0,-165,0,1
1,1,0,4,1,13,4,2,12,2,1,4,1,0,0,53,1,1
1,1,0,4,1,13,3,2,13,1,1,3,1,0,0,-4,0,1
1,1,1,4,1,13,2,1,12,1,1,4,1,0,0,14,0,1
0,1,1,4,1,16,2,2,5,2,1,4,1,0,0,83,0,1
1,1,0,5,1,16,4,1,12,2,1,1,1,0,11,-50,0,1
1,1,1,4,1,4,7,1,13,1,1,3,1,0,0,92,0,1
1,1,1,4,1,11,5,1,12,2,1,0,1,0,7,88,0,1
1,1,0,4,1,1,9,1,12,1,1,-2,1,0,0,11,0,1
1,1,0,4,1,16,6,2,13,2,1,1,1,0,0,12,0,1
1,1,1,4,1,13,11,1,12,1,1,2,1,0,0,150,0,1
1,1,0,6,1,14,2,1,13,3,1,-3,1,0,0,-2,0,1
1,1,0,4,1,1,11,2,12,2,1,4,1,0,0,27,0,1
1,1,0,4,1,14,1,1,13,2,1,-1,1,0,0,25,0,1
1,1,0,4,1,16,2,2,10,2,1,5,1,0,0,-80,0,1
1,1,1,4,1,10,5,1,13,2,1,3,1,0,0,0,0,1
1,1,0,4,1,13,8,1,13,3,1,-2,1,3,0,48,0,1
1,1,1,5,1,16,9,1,12,3,1,3,1,0,0,-159,0,1
1,1,1,5,1,1,9,2,12,2,1,4,1,0,0,236,1,1
1,2,0,4,1,14,7,2,12,1,1,2,1,0,0,-28,0,1
1,1,0,5,1,16,7,1,12,2,1,2,1,3,0,136,0,1
1,1,0,4,1,4,6,2,12,2,1,5,1,0,7,12,0,1
1,2,1,5,1,13,12,1,12,2,1,2,1,0,7,174,0,1
1,1,0,4,1,16,2,2,9,1,1,0,1,0,0,133,0,1
1,1,1,5,1,7,4,1,4,1,1,3,1,0,0,42,0,1
0,2,1,5,1,10,9,2,7,3,1,2,1,0,7,174,1,1
1,1,0,4,1,13,10,2,13,1,1,3,1,0,0,59,0,1
1,1,0,4,1,16,4,1,7,1,1,-1,1,0,0,79,0,1
1,1,0,5,1,13,4,1,7,2,1,1,1,0,0,80,0,1
1,1,1,6,1,14,2,1,13,2,1,2,1,0,0,-149,0,1
1,1,0,6,1,11,1,2,13,1,1,0,1,0,0,19,0,1
1,1,0,4,1,16,3,1,12,1,1,5,1,0,0,-151,0,1
1,1,0,5,1,13,7,2,13,2,1,-2,1,3,7,174,0,1
1,1,0,4,1,16,9,2,13,3,1,2,1,0,0,-27,1,1
1,1,0,5,1,15,6,1,8,1,1,1,1,0,0,130,0,1
1,2,0,4,1,0,10,2,13,1,1,2,1,0,0,-141,0,1
1,1,0,4,1,11,8,1,12,3,1,2,1,0,0,-154,0,1
1,1,1,4,1,20,4,1,5,2,1,-1,1,3,0,271,0,1
1,2,1,6,1,1,4,1,13,1,1,0,1,0,0,-111,0,1
1,2,1,4,1,13,7,1,12,1,1,7,1,0,0,162,0,1
1,1,0,5,1,10,11,2,13,1,1,1,1,0,0,48,0,1
1,1,0,4,1,13,1,2,13,1,1,2,1,0,0,-45,0,1
1,1,0,6,1,13,7,1,12,2,1,3,1,0,0,-38,0,1
1,1,1,4,1,11,2,1,12,2,2,5,1,3,0,204,1,1
1,1,1,4,1,1,8,1,7,2,1,1,1,0,0,123,0,1
1,1,0,5,1,0,11,1,13,2,1,-2,1,0,0,-57,0,1
1,1,0,6,1,16,4,1,12,2,1,-2,1,3,7,186,0,1
1,1,1,2,1,13,10,2,12,3,1,4,1,0,0,66,0,1
1,1,0,4,1,0,12,1,4,2,1,5,1,0,0,201,0,1
1,1,1,6,1,13,11,2,9,1,1,2,1,0,0,16,0,1
1,1,0,6,1,14,3,2,13,1,1,2,1,0,0,-165,0,1
1,1,0,5,1,16,12,2,13,2,1,0,1,0,0,25,0,1
1,1,0,5,1,10,8,1,13,2,1,-1,1,0,0,-91,0,1
1,1,0,4,1,21,7,1,7,1,1,7,1,0,0,50,0,0
1,1,1,4,1,20,6,1,13,3,1,2,1,0,0,100,0,1
1,1,1,4,1,20,7,1,6,1,1,-1,1,0,0,12,0,1
1,2,0,4,1,4,8,2,13,1,2,6,1,0,0,-2,0,1
1,1,1,4,1,16,2,2,9,1,1,3,1,0,0,48,0,1
1,1,1,5,1,14,2,1,13,2,1,4,1,0,0,-13,0,1
1,1,1,6,1,11,9,1,13,2,1,1,1,0,0,-77,0,1
1,1,0,4,1,14,2,1,13,2,1,0,1,0,0,-166,0,1
0,1,1,6,1,13,9,1,12,2,1,2,1,0,0,-129,0,1
1,1,1,5,1,16,6,1,12,1,1,0,1,0,0,167,1,0
0,1,0,5,1,16,5,1,12,1,1,3,1,0,0,48,0,1
1,1,1,4,1,16,4,1,7,1,1,0,1,0,0,134,0,1
1,1,0,4,1,14,3,1,13,2,1,2,1,0,0,-140,0,1
1,1,0,5,2,0,10,2,13,1,1,3,1,0,0,18,0,1
1,1,1,5,1,13,5,1,13,1,1,1,0,3,2,110,0,1
1,1,0,6,1,4,1,2,13,1,1,1,1,0,0,1,0,1
1,1,0,4,1,16,9,2,11,0,1,8,1,0,0,22,1,1
1,1,0,6,1,14,9,1,12,3,1,-2,1,0,0,94,0,1
1,1,0,5,1,13,9,1,13,3,1,1,1,0,0,66,0,1
1,1,1,5,1,14,12,2,10,1,1,3,1,0,0,78,0,1
0,1,0,5,1,14,5,1,13,1,1,0,1,0,0,-101,0,1
1,1,0,3,1,14,8,1,6,1,1,1,1,4,7,51,0,1
1,1,0,4,1,11,10,2,12,3,1,2,1,0,0,83,0,1
1,1,0,4,1,0,11,1,13,1,1,-2,1,0,0,126,0,1
1,1,1,5,1,10,12,2,12,1,1,4,1,0,0,-11,0,1
1,1,0,5,1,13,9,1,13,1,1,0,1,0,0,26,0,1
1,1,0,5,1,11,8,2,12,3,2,-2,1,0,0,51,0,0
1,1,0,6,1,16,9,2,12,2,1,2,1,0,0,-47,0,0
1,1,1,4,1,13,12,1,13,1,1,1,1,0,7,74,0,1
1,1,0,4,1,13,6,1,13,2,1,2,1,0,0,-1,0,1
1,1,1,6,1,13,1,2,4,1,1,5,1,3,0,174,0,1
1,1,0,4,1,4,8,2,13,2,1,1,1,0,0,-121,0,1
1,1,1,6,1,13,10,1,13,2,1,-1,1,0,0,24,0,1
1,1,1,5,1,14,7,1,12,2,1,-2,1,0,0,32,0,1
1,1,0,5,1,16,11,1,13,2,1,2,1,0,0,6,0,1
1,1,0,4,1,16,6,2,10,1,1,5,1,0,0,27,0,1
1,1,0,6,1,13,12,2,12,3,1,6,1,0,0,-83,0,1
1,1,0,6,1,14,8,2,13,2,1,1,1,0,0,11,0,1
1,1,0,5,1,13,12,1,12,2,1,3,1,0,0,84,1,1
1,1,1,5,1,13,9,2,13,2,1,1,1,0,0,-124,0,1
1,1,0,6,1,13,9,2,13,2,1,10,1,0,0,-62,0,1
1,1,0,5,1,10,8,1,7,2,1,3,1,0,0,220,1,1
1,1,0,4,1,5,11,1,12,2,1,4,1,3,7,240,0,1
1,1,0,4,1,0,9,2,13,2,1,2,1,0,0,-145,0,1
1,2,0,4,1,22,9,2,13,2,1,4,1,0,0,-30,0,1
1,1,1,4,1,16,3,2,13,1,2,4,1,0,0,83,0,1
1,1,1,5,1,20,9,2,12,1,1,6,1,0,0,3,1,1
1,1,0,4,1,11,2,1,12,2,1,0,1,0,0,26,0,1
1,1,0,4,1,13,10,2,6,1,1,6,1,0,6,20,0,1
1,1,1,5,1,13,8,2,13,2,1,-2,1,3,0,46,0,1
1,1,1,6,1,20,10,1,12,2,1,2,1,0,0,-31,0,1
1,2,1,4,1,11,1,1,12,2,1,-1,1,3,0,152,0,1
1,1,1,4,1,11,3,2,12,2,1,5,1,0,0,-103,0,1
1,1,0,4,1,10,6,2,13,2,1,0,1,0,7,-69,0,1
1,1,0,4,1,13,3,1,13,2,1,2,1,0,0,95,0,1
1,1,0,4,1,4,11,1,0,1,1,2,1,0,0,134,0,1
1,1,0,4,1,16,10,2,12,2,1,4,1,0,0,14,0,1
1,2,1,5,1,10,6,2,14,1,1,4,1,0,0,-35,0,1
1,1,0,4,1,13,5,1,12,2,1,2,1,0,0,-37,0,1
1,1,1,4,1,14,12,2,7,1,1,5,1,0,0,111,0,1
1,1,0,7,1,16,6,1,12,2,1,7,0,0,0,-40,0,1
1,1,0,5,1,13,4,1,13,2,1,5,1,0,0,-30,1,1
1,1,1,5,1,13,9,1,13,1,1,0,1,3,11,290,0,1
1,1,0,5,1,4,6,2,9,2,1,3,1,0,0,-67,0,1
1,1,0,2,1,13,9,2,12,1,1,2,1,0,0,172,0,0
1,1,0,4,1,13,10,1,13,2,1,3,1,0,0,-68,0,1
1,1,0,4,1,13,7,1,13,2,1,-1,1,0,7,196,0,1
1,1,1,4,1,13,7,1,10,2,1,1,1,0,0,111,0,1
1,1,0,4,1,6,2,1,11,2,1,-2,1,3,0,21,0,1
1,1,0,4,1,11,11,1,13,2,1,-3,1,0,0,20,0,1
1,1,1,6,1,0,7,2,12,3,2,0,1,0,7,77,0,1
1,1,0,5,1,13,8,2,11,2,1,-4,1,0,0,70,0,1
1,1,1,1,1,16,7,2,13,2,1,0,1,0,0,-57,0,1
1,2,0,5,1,16,12,1,12,1,1,2,1,0,0,-38,0,1
1,1,1,6,1,13,12,2,12,2,1,5,1,0,0,-153,0,1
1,1,0,4,1,10,10,2,7,2,1,1,1,0,0,-34,0,1
1,1,0,4,1,0,5,1,4,1,1,2,1,0,0,27,0,1
1,1,1,6,1,22,3,1,13,1,1,2,1,0,0,18,0,1
1,1,1,6,1,1,9,2,12,2,1,0,1,0,0,91,0,1
1,2,1,4,1,13,6,1,13,2,1,3,1,0,0,-77,0,1
1,2,0,4,1,13,1,2,12,2,1,2,1,3,11,188,0,1
1,1,1,5,1,1,8,1,13,2,1,-1,1,0,0,123,1,1
1,1,0,6,1,0,6,1,13,2,1,6,1,0,0,33,0,1
1,1,0,5,1,0,9,1,13,2,1,-3,1,0,0,5,0,1
1,2,0,6,1,16,7,2,12,3,2,5,1,0,0,53,0,1
1,1,1,4,1,13,12,2,12,1,1,2,1,0,0,36,0,1
1,1,0,5,1,18,11,2,12,1,1,2,1,0,0,-44,0,1
1,1,0,4,1,20,10,2,13,2,1,4,1,0,0,102,0,1
1,1,0,5,1,16,11,2,13,1,1,-1,1,0,0,-63,0,1
1,1,0,4,1,13,3,2,12,1,1,-3,1,0,0,-13,0,1
1,1,0,4,1,20,10,2,13,1,1,3,1,0,0,90,1,1
1,2,1,4,1,4,8,1,2,0,1,3,1,3,0,305,1,1
1,1,0,4,1,13,6,1,5,2,2,1,1,0,6,164,1,1
1,1,0,4,1,16,3,2,12,1,1,8,1,0,0,-61,1,1
1,1,0,3,1,10,1,1,13,2,1,0,1,3,7,284,0,1
1,1,0,1,1,13,4,2,7,1,1,-1,1,3,0,79,0,1
1,1,0,5,1,16,10,2,10,2,1,3,1,3,7,180,0,1
1,1,0,1,1,9,2,1,13,3,1,1,1,0,0,42,0,1
1,2,0,4,1,0,5,2,13,3,1,0,1,0,0,-52,0,1
1,1,0,5,1,13,2,2,13,1,2,-1,1,0,0,4,0,1
1,1,0,6,1,4,6,2,12,3,1,6,1,0,0,56,0,1
1,2,1,5,1,1,6,1,12,2,1,0,1,3,7,180,0,1
1,1,0,4,1,16,3,2,13,3,1,2,1,0,0,-17,0,1
1,1,1,5,1,16,5,2,13,2,1,0,1,0,0,-191,0,1
1,1,1,4,1,13,4,2,13,1,1,-3,1,3,0,35,0,1
0,1,0,5,1,11,8,1,12,1,1,6,1,0,0,73,0,1
1,1,1,4,1,13,8,1,12,1,1,4,1,0,0,-40,0,1
1,1,0,6,1,13,1,2,13,2,1,4,1,3,0,269,1,1
1,1,0,5,1,4,3,1,12,2,1,2,1,0,0,73,0,1
1,2,0,5,2,1,11,2,13,1,1,4,0,0,0,71,0,1
1,2,0,4,1,14,3,2,2,1,1,3,0,0,0,-157,0,1
1,1,1,5,1,14,2,2,12,2,1,0,1,0,0,144,1,1
1,1,1,4,1,14,2,2,13,1,1,2,1,0,0,66,0,0
0,1,0,5,1,16,2,2,12,1,1,-1,1,0,0,-86,0,1
1,1,0,6,1,4,12,2,0,1,1,2,1,0,0,62,0,1
1,1,0,4,1,13,3,1,13,2,1,-2,1,3,0,55,0,1
0,1,0,5,1,11,10,1,13,1,1,0,1,0,0,-96,0,1
1,1,0,4,1,13,3,2,13,2,1,3,1,0,0,-45,0,1
1,1,0,5,1,11,2,2,13,1,1,1,1,3,0,109,0,1
1,2,1,5,1,13,3,2,13,1,1,2,1,0,0,-98,0,1
1,1,1,5,1,0,2,2,13,1,1,1,1,3,0,159,0,1
1,1,0,4,1,13,3,1,6,3,1,2,1,3,0,133,0,1
1,1,1,5,1,1,9,2,0,2,2,4,0,0,7,163,0,0
1,1,1,4,1,3,12,1,13,1,1,0,1,0,0,100,0,1
1,1,0,4,1,10,9,1,13,1,1,1,1,0,0,62,0,1
1,1,0,5,1,20,3,1,13,2,1,1,0,0,0,145,0,1
1,1,0,4,1,11,6,2,12,2,1,-1,1,0,7,95,0,1
1,1,1,6,1,13,6,2,12,1,1,7,1,0,0,28,0,1
1,1,0,6,1,13,11,1,13,2,1,2,1,0,0,189,0,1
0,1,0,4,1,13,9,2,12,2,1,2,1,0,7,35,0,1
1,1,1,4,1,16,2,2,12,2,0,2,1,3,5,175,0,1
1,2,1,5,1,14,4,2,7,2,1,6,1,0,0,5,0,1
1,1,1,4,1,11,2,1,13,3,1,2,1,0,0,99,0,1
1,2,0,5,1,13,12,2,12,2,2,1,1,1,0,242,1,1
1,1,0,4,1,20,10,2,9,1,1,1,1,3,0,58,0,1
1,1,0,5,1,16,6,1,13,2,1,4,1,0,0,-47,0,0
1,1,0,5,1,13,9,2,13,2,1,3,1,0,0,-25,0,1
1,1,0,4,1,13,9,2,13,2,1,4,1,0,0,58,0,0
1,1,0,4,1,11,3,2,12,2,1,5,1,0,0,182,0,1
1,1,1,4,1,4,7,2,13,1,1,1,1,0,0,42,0,1
1,1,0,4,1,16,9,1,0,1,1,4,1,0,0,125,0,1
1,1,1,5,1,14,11,2,10,2,1,1,1,0,0,46,0,1
1,1,1,4,1,1,3,2,12,2,1,0,1,3,0,-24,0,1
1,1,0,6,1,13,1,2,13,1,1,1,1,0,0,-2,0,1
1,1,1,4,1,20,8,2,13,2,1,-1,1,0,0,174,1,1
1,1,0,6,1,16,3,2,12,2,1,6,1,0,0,-100,0,1
1,1,1,4,1,20,7,1,7,1,1,3,1,0,0,44,0,1
1,1,1,4,1,0,1,2,13,2,1,1,1,0,0,78,0,1
1,2,1,5,1,10,8,2,1,0,1,8,1,0,0,127,0,1
1,1,0,4,1,16,6,1,13,2,1,1,1,0,0,-53,0,1
1,1,1,5,1,13,4,1,9,1,1,-3,1,3,0,155,0,1
1,2,0,4,1,13,2,2,13,1,1,-4,1,0,0,14,0,1
1,1,1,4,1,16,8,1,12,2,1,-1,1,3,0,13,0,1
1,1,1,4,1,13,9,1,13,2,1,5,1,0,0,-42,0,1
1,1,0,5,1,11,1,1,13,2,1,3,1,0,7,263,0,1
1,1,0,4,1,1,3,2,12,2,1,4,1,0,0,73,0,1
1,1,0,4,1,10,1,2,9,1,1,2,1,0,0,21,0,1
1,1,0,5,1,13,2,2,13,1,1,4,1,0,0,-156,0,1
1,1,0,5,1,0,10,1,13,1,1,6,1,0,0,15,0,1
1,2,0,4,1,20,7,1,12,1,1,5,1,3,0,11,0,1
1,1,0,5,1,10,6,1,12,2,2,3,1,0,3,137,0,1
1,2,0,5,1,14,12,1,13,2,1,2,1,0,0,14,0,1
1,1,0,4,1,11,12,2,13,0,1,0,1,0,11,-45,0,1
1,1,0,4,1,10,2,1,0,1,1,2,1,0,0,-77,0,1
1,1,0,5,1,16,7,1,13,1,1,1,1,0,0,-5,3,1
1,1,0,4,1,13,11,2,13,2,2,1,1,0,0,59,0,1
0,1,0,4,1,4,6,1,0,2,1,0,1,0,0,5,0,1
0,1,1,4,1,16,10,2,10,1,1,-2,1,0,0,18,0,1
1,1,0,4,1,16,8,2,12,2,1,3,1,0,0,19,0,1
1,2,0,4,1,11,11,2,12,1,1,1,1,0,0,-84,0,1
1,1,1,6,1,13,7,2,7,3,1,2,1,0,0,-59,0,1
1,1,0,4,1,13,11,2,12,2,1,2,1,0,0,10,0,1
1,1,0,4,1,13,5,2,12,2,1,5,1,0,0,-134,0,1
1,1,0,6,1,11,9,2,12,1,1,-1,1,0,0,-24,0,1
0,1,0,4,1,11,9,1,12,2,1,1,1,0,0,67,0,1
1,2,0,4,1,3,7,1,7,3,1,2,1,0,0,79,0,1
1,1,0,6,1,16,4,2,13,1,1,-1,1,0,7,58,0,1
1,2,0,4,1,16,2,2,7,2,1,-1,1,0,0,-23,0,1
1,1,1,4,1,13,1,2,13,2,1,-2,1,3,7,413,0,1
1,1,0,4,1,4,7,2,8,2,1,-1,1,0,0,63,0,1
1,1,0,4,1,14,5,1,12,2,1,1,1,0,0,-34,0,0
1,1,0,5,1,13,11,1,9,3,1,-1,1,3,0,107,0,1
1,2,0,6,1,11,7,2,13,2,1,2,1,0,0,-89,0,1
1,1,0,5,1,4,11,2,12,1,1,2,0,0,0,-84,0,1
1,1,0,4,1,15,1,1,12,2,2,1,1,0,0,124,0,1
1,1,0,5,1,13,7,2,12,0,1,5,1,0,0,-109,0,1
0,1,0,4,1,13,1,1,12,2,1,3,1,0,0,-84,0,1
1,2,0,4,1,5,5,1,12,1,1,6,1,0,0,134,0,1
1,1,0,5,1,16,12,1,7,2,1,1,1,0,0,155,0,1
1,2,0,5,1,10,1,2,13,1,1,4,1,0,0,-123,0,1
1,1,0,6,1,14,4,1,13,2,1,2,1,0,0,-88,0,1
1,1,1,6,1,13,4,1,10,2,1,3,1,0,0,42,0,1
1,1,0,4,1,10,9,2,13,2,1,4,1,0,0,-100,0,1
1,1,0,5,1,16,2,1,13,2,1,0,1,3,0,91,1,1
0,2,0,4,1,13,2,1,7,1,1,1,1,0,0,167,0,1
1,1,0,4,1,13,3,2,11,3,2,-1,1,0,0,-2,0,1
1,1,0,5,1,13,12,2,13,1,1,0,1,0,0,-76,0,1
1,1,1,7,1,16,11,2,13,2,1,1,1,0,0,-56,0,1
1,2,0,5,1,10,3,1,13,1,1,0,1,0,0,-8,0,1
1,1,0,6,1,10,3,2,13,1,1,0,1,0,0,-1,0,1
1,1,0,5,1,13,9,2,12,1,1,6,1,0,0,-31,0,1
1,1,1,4,1,13,3,2,12,1,4,-1,1,0,0,211,0,1
1,1,0,4,1,14,8,2,13,2,1,4,1,0,7,19,0,1
1,1,1,5,1,11,4,2,12,2,1,4,1,0,0,-101,0,1
1,1,0,4,1,1,7,2,12,1,1,6,1,0,0,-110,0,1
1,1,0,4,1,0,3,2,13,2,1,2,1,0,0,-37,0,1
1,1,0,4,1,16,9,2,13,2,1,1,1,0,0,-178,0,1
1,1,0,4,1,16,9,2,12,1,1,4,1,0,0,-183,0,1
1,1,0,5,1,13,2,2,8,1,1,2,1,0,0,26,0,1
1,1,0,4,1,1,8,2,13,3,1,2,1,0,0,120,0,1
0,1,1,4,1,13,4,2,12,2,1,3,1,0,0,153,0,1
1,2,0,5,1,13,11,1,12,0,0,1,1,0,0,99,0,1
1,1,1,5,1,13,5,2,7,1,4,8,1,0,0,147,0,1
1,1,1,5,1,14,9,2,12,1,1,3,1,0,0,-99,0,1
1,1,0,5,1,13,1,1,13,2,1,1,1,0,0,-13,0,1
1,1,0,4,1,16,11,2,12,2,1,4,1,0,0,91,0,1
1,1,0,5,1,13,9,1,1,1,1,3,1,0,0,35,2,1
1,1,1,4,1,13,6,2,13,2,1,1,1,0,0,202,0,1
1,1,1,4,1,13,4,1,13,1,1,4,1,0,0,44,0,1
1,1,0,4,1,13,10,2,13,2,1,1,1,0,0,42,0,1
1,1,0,4,1,4,9,2,9,1,1,3,1,0,0,23,0,1
1,1,0,4,1,13,4,2,12,1,1,0,1,0,0,-17,0,1
1,1,0,4,1,16,7,1,12,2,1,3,1,0,0,-29,0,1
1,1,0,4,1,0,10,1,12,1,1,3,1,0,0,24,0,1
1,1,1,4,1,16,9,1,7,2,1,4,1,0,0,88,0,1
1,1,0,5,1,11,4,2,13,1,1,0,1,0,0,220,0,1
1,2,0,4,1,0,2,2,12,1,1,4,1,0,0,104,0,1
1,1,0,4,1,6,11,1,13,2,1,3,1,0,0,29,0,0
1,1,1,4,1,14,6,1,12,1,1,5,1,0,0,90,0,1
1,1,0,5,1,1,9,2,7,1,1,5,1,3,0,105,0,1
1,1,0,5,1,10,8,1,13,1,1,1,1,0,0,0,0,1
1,1,0,6,1,13,6,2,12,1,1,3,1,0,0,-101,0,1
1,1,1,4,1,5,11,2,12,2,2,1,1,0,0,12,0,1
1,1,0,4,1,16,1,1,9,2,1,4,1,0,0,-90,1,1
1,1,0,4,1,4,9,1,7,1,1,2,1,3,0,220,1,1
1,1,0,5,1,20,3,1,12,1,1,4,1,3,0,170,1,1
1,1,1,4,1,13,8,1,14,2,1,-1,1,0,0,74,0,1
1,1,1,4,1,14,7,2,13,1,1,1,1,0,0,-5,0,1
1,1,1,5,1,13,9,2,13,1,2,0,1,0,0,183,0,1
1,1,0,5,1,4,4,1,12,1,1,4,1,0,0,-61,0,1
1,1,0,4,1,1,4,1,12,1,1,3,1,0,0,-33,0,1
1,2,1,4,1,7,7,1,9,1,2,1,1,0,7,304,0,1
1,1,0,4,1,16,9,2,13,2,2,-2,1,0,0,-7,0,1
1,1,0,5,2,13,9,1,2,1,1,-1,1,0,5,47,0,1
1,1,1,5,1,1,4,2,12,1,1,4,1,0,0,151,0,1
1,1,0,5,1,10,2,2,13,1,1,-1,1,0,0,-22,0,1
0,1,0,4,1,11,8,1,12,2,1,1,1,0,0,19,0,1
1,1,0,5,1,1,8,1,13,2,1,0,1,0,0,-77,0,1
1,1,1,5,1,14,5,2,13,1,1,7,1,0,0,3,0,1
1,1,0,4,1,4,10,1,12,2,1,2,1,0,0,-100,0,1
1,1,1,5,1,14,4,2,13,2,1,5,1,0,0,87,0,1
1,1,1,6,1,16,3,2,13,1,1,0,1,0,0,-68,0,1
1,2,0,6,1,13,8,1,13,3,2,0,1,0,0,-142,0,1
0,1,0,5,1,15,10,1,12,3,1,0,1,0,0,84,0,1
1,1,0,4,1,11,7,2,12,2,1,6,1,0,0,78,0,1
1,1,0,4,1,0,12,2,7,1,1,1,1,0,0,-17,0,1
1,1,0,4,1,16,6,2,13,2,1,1,1,0,7,-110,0,1
1,1,0,4,1,14,11,1,4,2,1,-1,1,0,0,-3,0,1
1,1,0,4,1,14,1,1,12,1,1,4,1,0,0,-88,0,1
1,2,1,4,1,13,5,2,7,1,1,2,1,3,0,220,1,1
1,1,1,6,1,16,6,2,12,1,1,9,1,3,0,27,0,1
1,1,0,4,1,2,3,1,7,3,1,-4,1,0,10,19,0,1
1,1,0,5,1,11,3,1,13,2,1,-1,1,3,0,285,0,1
1,1,0,4,1,20,1,2,12,1,1,5,1,0,0,-12,0,1
1,1,0,1,1,14,11,1,13,2,1,0,1,0,0,-23,0,1
0,1,0,5,1,10,4,2,12,2,1,5,1,1,0,17,0,1
1,1,1,4,1,14,2,2,12,2,1,4,1,0,7,80,0,1
1,1,0,4,1,14,10,1,12,2,1,0,1,0,0,62,0,1
1,1,1,5,1,11,1,1,6,1,1,6,1,3,0,321,0,0
1,1,1,5,1,13,5,2,2,2,1,0,1,3,0,88,2,1
1,1,0,5,1,13,10,1,8,1,1,3,1,0,0,99,0,1
1,1,0,4,1,13,5,1,12,2,1,4,1,0,7,114,0,1
1,1,1,4,1,13,6,2,12,2,1,4,1,0,0,14,0,1
1,1,1,4,1,16,4,1,8,1,1,3,1,0,0,-7,0,1
1,2,1,4,1,13,9,2,13,2,1,-2,1,3,0,117,0,1
1,1,1,4,1,13,3,2,13,1,1,4,1,3,7,267,0,1
1,1,0,5,2,11,1,2,13,1,1,-2,1,3,0,5,0,1
1,1,1,4,1,1,2,2,13,1,1,6,1,0,0,-65,0,1
1,2,1,6,1,11,10,1,13,1,1,-2,1,0,7,-26,0,1
1,1,0,4,1,13,4,2,7,1,1,3,1,0,0,106,0,1
1,1,1,5,1,13,4,1,8,0,1,4,1,0,0,-83,0,1
1,1,0,5,1,4,4,1,13,1,1,-1,1,0,0,-18,0,1
1,1,1,5,1,16,9,2,4,2,2,1,1,0,0,210,0,1
1,1,1,4,1,1,1,2,13,1,1,3,1,0,0,66,0,1
1,1,0,4,1,16,11,1,13,3,2,-2,1,3,0,181,0,1
1,1,0,4,1,10,12,2,12,3,2,6,1,0,0,-76,0,1
1,1,1,5,1,20,2,1,12,1,1,6,0,0,0,106,0,1
1,1,0,6,1,4,11,2,13,2,1,4,1,0,0,-50,0,1
1,1,1,6,1,16,4,1,4,2,1,-2,1,0,0,252,0,1
1,1,1,7,1,9,3,1,7,2,1,-1,1,3,7,395,0,1
0,2,0,5,1,13,7,1,12,1,1,9,1,0,0,-22,0,1
1,1,0,5,1,21,3,1,12,1,1,6,1,0,3,168,0,1
1,1,0,5,1,5,9,1,2,3,1,4,1,0,0,106,0,1
1,1,0,4,1,11,6,1,12,3,1,5,1,3,0,85,0,1
1,1,1,4,1,4,1,2,12,2,1,0,1,0,0,-21,0,1
1,1,0,5,1,10,8,2,13,2,2,0,1,0,0,-33,0,1
0,1,1,4,1,3,10,2,12,1,1,6,1,3,7,156,3,1
1,1,0,4,1,16,3,1,7,2,2,1,1,0,0,14,0,1
1,2,1,5,1,4,7,2,13,2,1,0,1,0,0,-74,0,1
1,1,0,4,1,13,12,1,7,2,1,2,1,0,0,198,0,1
1,2,0,4,1,4,7,1,7,2,1,2,1,0,0,80,0,1
1,1,1,4,1,4,5,1,12,1,1,0,1,0,0,22,0,1
1,1,0,5,1,10,6,2,12,2,1,2,1,0,0,-91,0,1
1,1,0,4,1,14,7,2,13,1,1,1,1,0,0,176,0,1
1,1,0,6,1,1,6,1,13,2,1,2,1,0,0,-11,0,1
1,1,1,4,1,16,3,1,12,1,1,7,1,0,0,-65,0,1
0,1,1,4,1,20,3,2,12,1,1,2,1,0,0,-6,0,1
1,2,1,5,1,20,7,1,7,1,1,4,1,0,7,365,1,1
1,1,1,4,1,4,9,1,7,2,1,-1,1,0,7,159,0,1
1,1,1,6,1,13,8,1,12,2,1,1,1,0,0,38,0,1
1,1,0,6,1,11,8,2,12,1,1,2,1,3,0,89,0,1
1,1,1,4,2,10,8,2,6,1,1,2,1,0,5,144,0,1
1,1,0,5,1,20,4,1,13,2,1,-2,1,3,4,236,0,1
1,1,0,5,1,16,10,1,13,2,1,5,1,0,0,150,0,1
1,2,0,4,1,13,9,2,12,1,1,-1,1,0,0,48,0,1
1,1,1,5,1,20,11,1,13,2,1,5,1,0,7,221,0,1
1,1,1,1,1,1,5,2,12,2,2,5,1,0,0,132,0,0
1,1,0,4,1,4,11,2,12,1,1,2,1,0,0,123,0,1
0,1,0,5,1,13,2,2,12,1,1,5,1,0,0,-61,1,1
1,1,1,4,1,13,5,1,12,2,1,3,1,0,7,205,1,1
1,1,0,4,1,4,7,2,12,1,1,6,1,0,0,18,0,1
1,1,0,4,1,14,12,1,13,2,1,3,1,0,0,-54,0,1
0,1,0,6,1,16,4,1,1,1,1,0,1,0,7,143,0,1
1,1,0,5,1,14,4,1,12,1,1,2,1,0,0,-88,0,1
1,1,1,5,1,13,2,1,13,2,1,4,1,3,0,188,1,1
1,1,1,4,1,0,7,1,13,3,1,-5,1,0,0,193,0,1
1,1,0,5,1,14,6,1,13,2,1,2,1,0,0,-13,0,1
1,2,0,4,1,10,9,2,12,1,1,6,1,0,0,-78,0,1
1,1,0,5,1,11,9,1,13,2,1,-2,1,0,0,40,0,1
1,1,0,4,1,20,10,1,13,2,1,6,1,0,0,-91,0,1
1,1,1,4,1,11,11,1,13,1,1,2,1,0,0,-83,0,1
1,1,1,4,1,1,4,1,12,2,1,3,1,3,0,141,0,1
1,1,0,4,1,11,4,1,13,2,2,4,1,0,7,325,3,1
1,1,1,4,1,13,5,2,6,1,1,6,1,0,0,233,1,1
1,1,1,5,1,1,1,2,12,2,1,2,1,0,0,89,0,1
1,2,0,4,1,16,3,2,12,1,1,2,1,0,0,-129,0,1
1,2,1,4,1,11,12,1,12,2,1,2,1,0,0,77,2,1
1,1,0,5,1,1,8,2,13,3,1,1,1,0,0,29,0,1
1,1,0,5,1,13,9,2,13,2,1,2,1,0,0,-77,0,1
1,1,0,4,1,13,6,2,13,2,1,1,1,0,0,-10,0,1
1,1,0,4,1,13,9,1,13,2,1,5,1,0,0,-8,0,1
1,2,1,5,1,22,6,1,13,2,1,3,1,0,0,-1,0,1
1,1,0,5,1,13,10,2,13,2,1,3,1,0,7,114,0,1
1,1,0,5,1,0,5,1,7,1,1,0,1,0,0,29,1,1
1,1,1,7,1,16,4,1,12,2,1,0,1,3,0,167,0,1
1,1,0,5,1,14,11,2,12,2,1,2,1,0,0,-57,0,1
1,1,0,4,1,13,6,2,12,2,1,0,1,0,0,15,0,1
1,1,0,4,1,1,2,2,13,2,1,-1,1,3,7,199,0,1
1,1,0,4,1,4,8,1,13,2,1,2,1,0,0,-296,0,1
1,1,0,5,1,13,6,2,13,2,1,0,1,0,0,-15,0,1
1,1,0,6,1,13,7,2,12,1,1,0,1,3,0,66,0,1
1,1,1,4,1,14,7,1,13,3,1,-2,1,0,0,-103,0,0
1,1,1,4,1,13,9,1,12,2,1,1,1,0,0,-41,0,1
1,2,0,5,1,5,3,2,12,2,2,0,1,0,0,133,0,1
1,1,1,6,1,16,9,1,13,1,1,-1,1,0,0,-21,0,1
1,1,0,5,1,4,6,2,12,1,1,4,1,0,0,-3,0,1
1,1,1,5,1,4,6,1,13,2,1,2,1,0,0,-28,0,1
1,1,0,4,1,4,2,1,13,1,1,2,1,0,0,-1,0,1
1,1,0,6,1,9,5,2,12,2,1,1,1,0,0,-13,0,1
1,1,1,5,1,20,5,2,10,2,1,5,1,3,4,295,0,1
1,1,0,5,1,16,8,1,12,1,1,4,1,0,0,76,0,1
1,1,0,5,1,0,1,1,13,1,3,2,1,0,0,44,1,1
1,1,1,5,1,13,1,2,12,1,1,5,1,0,0,-68,0,1
1,2,0,4,1,13,9,1,12,3,1,4,1,0,0,63,0,1
1,1,1,4,1,11,12,2,12,2,1,4,1,0,7,117,0,1
1,1,0,6,1,13,6,1,13,2,1,0,1,0,0,22,0,1
1,1,0,4,1,11,4,2,12,2,2,0,1,0,0,5,0,1
1,1,0,4,1,13,3,2,12,1,1,3,1,0,0,-93,0,1
1,1,0,6,1,10,9,1,13,2,1,1,1,0,0,-66,0,1
1,1,0,5,1,16,5,2,13,2,1,4,1,0,0,35,0,1
1,1,0,5,1,13,4,2,13,2,1,-1,1,3,7,113,0,1
1,1,0,4,1,4,7,2,13,1,1,0,1,0,0,-79,0,1
1,1,0,5,1,0,1,2,13,2,1,1,1,0,0,-15,0,1
1,1,0,4,1,11,9,1,13,2,1,1,1,0,0,-137,0,1
1,1,1,4,1,16,8,1,5,1,1,1,1,0,0,29,0,1
1,1,1,5,1,13,8,1,13,1,1,6,1,0,0,88,0,1
1,1,1,4,1,1,6,2,13,1,2,0,1,0,0,-105,0,1
1,1,1,7,1,13,6,1,13,2,1,5,1,0,0,149,0,1
1,1,0,4,1,4,11,2,7,2,2,2,1,0,7,89,0,1
1,1,1,4,1,20,9,2,11,1,1,1,1,3,0,142,0,1
1,2,0,4,1,13,2,2,9,2,1,1,1,0,0,86,0,1
0,1,0,4,1,10,8,1,13,3,1,1,1,0,0,34,0,1
1,1,0,4,1,4,9,1,13,2,1,0,1,0,0,-44,0,1
1,1,1,6,1,4,5,2,2,1,1,1,1,0,0,-25,2,1
1,1,1,4,1,11,7,2,1,1,1,1,1,0,0,-17,0,1
1,1,0,5,1,13,11,1,12,1,1,0,1,0,0,209,0,1
1,1,1,5,1,16,11,1,12,2,1,2,1,0,0,75,0,1
1,1,0,6,1,12,6,2,12,2,1,1,1,0,0,126,0,1
1,1,0,4,1,14,12,1,13,3,1,-3,1,0,0,14,0,1
1,1,1,4,1,16,1,2,7,1,1,7,1,0,0,100,0,1
1,1,0,4,1,13,12,1,12,1,1,4,1,0,0,-67,0,1
1,1,0,1,1,13,7,2,6,1,1,3,1,0,0,5,0,1
1,1,0,4,1,10,5,1,13,2,1,1,1,0,0,194,0,1
1,2,0,4,1,13,6,1,13,2,1,4,1,0,0,-179,0,1
1,1,0,4,1,11,3,1,13,3,2,-3,1,0,0,157,0,1
1,1,0,4,1,16,2,1,12,2,1,2,1,0,0,17,0,1
1,1,0,4,1,13,1,2,13,2,2,-3,1,0,0,-66,0,0
1,1,1,5,1,13,4,1,13,2,1,0,1,0,0,-24,1,1
1,1,1,4,1,13,3,1,13,3,1,3,1,0,0,4,0,1
1,1,0,2,2,11,10,2,12,2,1,-3,1,0,0,-118,0,1
1,2,0,6,1,10,9,1,13,2,1,0,1,0,0,82,0,1
1,2,0,4,1,13,11,2,13,2,1,0,1,0,0,-121,0,1
1,1,1,4,1,13,3,2,12,1,1,4,1,0,0,62,0,1
1,1,0,4,1,13,6,1,12,3,1,5,1,0,0,-130,0,1
1,1,0,4,1,13,8,2,12,3,1,-4,1,0,0,-83,0,1
1,1,0,4,1,3,8,2,13,1,1,0,1,0,7,42,0,1
1,1,1,5,1,16,6,2,8,1,1,3,1,0,0,91,0,1
1,1,0,4,1,18,6,2,13,2,2,-2,1,3,7,395,0,1
1,1,0,6,1,10,7,1,13,2,1,0,1,0,0,-38,0,1
1,2,1,5,1,13,12,2,13,1,1,-1,1,0,0,0,1,1
1,1,0,4,1,13,5,1,13,2,1,1,1,0,0,-165,0,0
1,1,0,4,1,13,12,2,12,2,1,4,1,0,0,97,0,1
1,1,0,4,1,14,6,2,12,1,1,1,1,0,0,-90,0,1
0,1,0,4,1,2,8,1,7,2,1,-2,1,0,0,-66,1,1
1,1,1,4,1,0,12,2,13,2,1,-3,1,0,7,49,0,1
1,1,1,6,1,13,9,2,13,2,1,4,1,0,0,-94,0,1
1,1,1,5,1,13,11,2,12,2,1,2,1,0,0,-199,0,1
1,1,0,5,1,17,3,1,7,1,1,5,1,0,0,22,0,1
1,1,0,5,1,16,5,1,13,1,1,-1,1,0,0,-29,0,1
1,2,0,4,1,0,1,1,13,2,1,3,1,0,3,188,0,1
1,1,1,4,1,1,8,2,12,1,1,1,1,3,7,249,0,1
1,1,1,4,1,14,12,2,7,2,1,5,1,0,0,0,0,1
1,1,1,6,1,11,4,1,7,2,1,3,1,3,0,36,0,1
1,2,0,4,1,13,5,1,10,1,1,0,1,0,6,-6,0,1
1,1,0,6,1,13,5,1,12,2,1,-2,1,0,0,-40,0,1
1,1,0,4,1,11,7,1,13,2,1,2,1,0,0,42,0,1
1,2,0,6,1,18,3,2,12,1,1,1,1,0,0,0,0,1
1,1,1,4,1,13,6,1,13,2,2,1,1,0,0,-98,0,1
1,1,1,4,1,10,8,2,13,2,1,1,1,0,0,41,0,1
1,2,0,4,1,16,2,2,13,2,1,1,1,0,0,-117,0,1
1,2,0,4,1,10,4,1,12,2,1,1,1,0,0,-58,1,1
1,1,0,4,1,13,4,1,12,2,1,3,1,3,0,160,0,1
1,1,0,5,1,13,4,1,7,1,1,5,1,0,0,18,1,1
1,1,1,6,1,16,4,2,12,1,1,4,1,0,0,25,0,1
1,1,0,6,1,10,12,1,13,2,1,0,1,0,0,-29,0,0
0,1,1,4,1,13,6,2,10,1,2,1,1,0,0,-18,0,1
1,1,0,4,1,1,10,1,2,1,1,6,1,0,0,-8,0,1
1,2,0,4,1,16,11,2,13,2,1,4,1,0,0,3,0,1
1,1,1,4,1,13,1,1,0,2,1,4,1,0,5,-27,0,1
1,1,1,5,1,10,8,2,12,2,1,1,1,0,0,-56,0,1
1,1,0,4,1,13,4,1,13,2,1,-2,1,0,0,57,0,1
1,1,0,4,1,20,3,2,12,1,1,0,1,0,0,136,0,1
1,2,0,6,1,11,3,2,13,2,1,1,1,0,0,90,0,1
1,1,0,4,1,1,8,2,7,1,1,1,1,0,0,69,0,1
1,1,1,5,1,13,6,1,7,2,1,3,1,0,0,-14,1,1
0,1,1,4,1,16,4,1,7,2,1,-3,1,0,0,-66,0,1
0,1,0,7,1,20,5,1,12,1,1,4,1,3,7,168,0,1
0,2,1,5,1,20,11,1,10,1,1,4,1,0,6,82,0,1
1,1,1,4,1,16,7,1,12,2,1,1,1,3,0,8,0,1
1,1,0,4,1,14,9,1,13,1,1,-2,1,3,7,280,0,1
1,2,0,4,1,20,8,2,4,2,1,0,1,0,0,66,0,0
1,1,0,4,1,10,1,1,7,1,1,5,1,0,0,84,0,1
1,1,0,5,1,13,8,2,12,2,1,4,1,0,0,11,0,1
1,1,1,4,1,13,1,2,13,1,1,-1,1,0,0,118,0,1
1,1,1,4,1,10,12,2,12,1,1,1,1,3,0,152,1,1
1,1,0,4,1,13,3,2,13,2,4,0,1,0,5,297,2,1
1,1,0,5,1,16,10,1,10,1,1,0,1,0,0,57,0,1
1,1,1,4,1,14,6,1,12,2,1,6,1,0,0,144,0,1
1,1,0,5,1,4,4,2,1,2,1,-2,1,0,0,64,0,1
1,1,0,5,1,10,8,2,13,2,1,0,1,0,0,-76,0,1
1,1,1,5,1,13,4,1,12,1,1,4,1,0,0,-8,0,1
1,1,0,5,1,20,1,1,12,1,2,-2,1,0,6,60,0,1
1,1,1,5,1,16,8,2,7,2,1,5,1,3,0,224,1,1
1,1,0,5,1,20,1,1,12,2,1,1,1,0,0,102,0,1
1,1,1,4,1,13,1,2,12,2,1,1,1,0,5,191,1,1
1,2,0,4,1,10,11,2,9,1,1,5,1,0,7,59,0,1
1,1,0,4,1,16,4,2,13,2,1,5,1,0,0,49,0,1
0,2,0,4,1,13,9,2,13,2,1,3,1,0,0,-136,0,1
1,1,0,5,1,16,4,1,13,2,1,3,1,0,0,19,0,0
1,1,1,4,1,0,8,1,13,2,1,0,1,0,0,0,0,1
1,1,0,5,1,10,10,2,12,0,1,2,1,0,0,-45,0,1
1,1,1,4,1,4,2,2,7,2,1,3,1,0,0,245,1,1
1,1,0,5,1,13,6,1,14,2,1,2,1,0,0,10,0,1
1,1,0,4,1,13,2,1,11,1,1,0,1,0,0,-30,0,1
1,1,0,5,1,20,7,2,10,1,1,3,1,0,0,-144,0,1
1,1,1,5,1,13,4,1,13,1,1,4,1,0,0,-106,1,1
1,1,0,4,1,14,1,2,13,2,1,1,1,0,0,-53,1,1
1,1,0,4,1,13,11,2,12,0,1,2,1,0,0,92,0,1
1,1,0,6,1,1,5,1,13,1,1,2,1,0,0,45,0,1
1,1,1,7,1,13,5,2,13,1,1,2,1,0,0,34,0,1
1,1,0,4,1,14,5,2,13,1,1,2,1,0,0,-69,0,1
1,2,0,4,1,11,1,2,9,2,1,2,1,0,0,3,0,1
1,1,1,4,1,1,9,1,2,2,1,-1,1,0,7,186,0,1
1,1,0,6,1,13,5,2,12,1,1,5,1,0,0,-46,0,0
1,1,0,5,1,20,9,1,13,1,1,-3,1,0,0,67,1,1
0,1,0,5,1,16,6,1,12,2,1,3,1,0,7,223,0,1
1,1,1,4,1,13,7,2,12,1,2,5,1,0,0,-106,0,1
1,1,0,5,1,13,6,1,13,3,2,0,1,0,0,-26,0,1
1,2,0,5,1,13,2,1,12,1,1,5,1,0,7,222,0,1
1,1,1,4,1,16,4,2,11,2,1,4,1,0,0,19,0,1
0,1,1,4,1,11,4,2,13,1,1,1,1,0,0,71,0,1
1,1,0,3,1,13,8,1,13,1,1,3,1,0,0,6,0,1
1,1,1,5,1,13,3,2,13,1,2,3,1,0,0,61,0,1
1,1,1,2,1,13,7,1,13,1,1,2,1,0,0,-4,0,1
1,1,0,5,1,4,6,1,7,3,1,6,1,0,0,33,0,1
1,1,0,4,1,15,1,2,13,2,1,0,1,0,0,77,0,1
1,1,0,5,1,1,1,2,8,1,1,3,1,0,0,76,0,1
1,1,0,4,1,4,8,2,7,2,1,-2,1,0,0,-117,0,1
1,1,0,4,1,0,8,2,13,2,1,2,1,0,0,53,0,1
1,1,1,4,1,16,6,2,13,1,1,3,1,0,0,-21,0,1
1,1,1,4,1,10,7,2,13,1,1,0,1,3,7,70,0,1
1,1,0,4,1,13,9,2,13,1,1,-3,1,0,0,12,0,1
1,1,1,5,1,4,7,2,12,1,1,-1,1,0,0,-28,0,1
1,2,1,6,1,10,8,1,7,1,1,4,1,0,0,55,0,1
1,1,1,4,1,16,4,2,1,1,1,5,1,0,0,52,0,1
1,1,0,4,1,1,5,2,5,1,1,2,0,3,7,210,0,1
1,1,0,4,1,16,6,1,7,1,1,1,0,0,0,25,0,1
1,1,0,5,1,13,4,2,12,1,1,4,1,0,0,184,0,1
1,2,0,5,1,0,4,1,12,2,1,2,1,0,0,13,0,1
1,1,0,5,1,4,7,1,7,0,1,1,1,0,0,36,0,1
1,1,0,4,1,13,3,1,13,2,1,-2,1,0,0,-114,1,1
1,1,0,4,1,13,3,2,12,2,1,2,1,0,0,-51,0,1
0,1,1,4,1,1,12,1,12,3,1,0,1,0,0,1,0,1
1,1,1,6,1,20,11,2,8,1,1,1,1,3,0,188,0,1
0,1,0,5,1,10,8,1,12,2,1,3,1,0,0,21,0,1
1,1,0,6,1,4,8,2,12,2,1,4,1,0,0,8,0,1
1,1,1,6,1,16,8,2,13,2,2,-3,1,0,0,68,0,1
1,1,1,4,1,7,5,1,13,1,2,-1,1,0,7,64,0,1
0,2,1,6,1,16,1,1,12,2,1,4,1,0,0,52,0,1
0,1,0,4,1,13,1,2,13,1,1,1,0,0,7,197,0,1
0,1,1,5,1,1,3,2,12,1,1,1,1,0,0,163,0,1
1,1,0,5,1,4,4,2,3,1,1,1,1,0,7,226,1,1
1,1,0,6,1,13,7,2,9,1,1,0,1,0,7,107,3,1
0,1,1,4,1,4,6,2,12,2,1,4,1,4,0,154,0,1
1,2,0,4,1,13,8,1,13,2,1,3,1,0,0,-4,0,1
1,1,1,4,1,12,6,2,6,1,1,3,1,3,0,251,0,1
1,1,0,7,1,13,7,2,13,1,1,1,1,0,0,29,0,1
1,1,1,5,1,13,7,2,12,1,1,0,1,0,0,54,0,0
1,1,0,4,1,0,1,2,4,2,1,3,1,0,0,-118,0,1
1,2,1,4,1,1,4,1,6,1,1,2,1,0,0,79,0,1
1,1,0,6,1,0,9,1,13,2,1,1,1,0,7,60,0,1
1,1,0,4,1,4,4,1,13,1,1,0,1,0,0,148,0,1
1,1,0,4,1,10,11,2,13,1,1,1,1,0,0,25,0,0
0,1,0,5,1,11,10,1,13,1,1,3,1,0,0,-136,0,1
1,1,0,5,1,0,2,1,13,2,1,1,1,0,0,-97,0,1
1,1,0,4,1,9,9,1,12,2,1,1,1,0,6,-26,0,1
1,1,1,5,1,16,6,2,12,1,1,3,1,0,0,39,0,1
1,1,1,5,1,13,3,2,13,1,1,-3,1,0,0,-115,0,1
1,2,1,4,1,16,9,2,13,2,0,1,1,0,0,16,0,1
1,1,1,4,1,10,5,2,13,1,1,1,1,0,0,21,0,1
1,2,0,4,1,11,1,1,13,1,1,7,1,0,0,-32,0,1
1,1,0,4,1,11,3,2,13,2,1,1,1,0,0,-151,0,1
1,1,0,5,1,11,3,2,12,1,1,-3,1,0,0,77,0,1
1,1,0,4,1,16,9,2,2,1,1,6,1,0,0,80,3,1
1,1,0,6,1,16,2,2,13,2,1,0,1,0,7,80,0,1
1,1,0,4,1,13,3,2,14,1,1,0,1,0,0,-91,0,1
1,1,1,7,1,13,9,1,13,2,1,2,1,0,0,34,0,1
1,1,0,5,2,13,4,1,13,1,1,6,1,0,0,-73,0,1
1,1,0,5,1,1,10,2,13,1,1,-2,1,0,0,-81,0,1
1,1,0,5,1,20,5,1,4,1,1,3,1,0,0,25,0,1
0,1,0,4,1,4,4,1,12,2,1,2,1,0,0,-1,0,1
1,1,0,5,1,10,4,1,13,1,1,-2,1,0,0,15,0,1
1,1,1,4,1,4,11,1,12,1,1,3,1,0,0,-90,0,1
1,1,1,2,1,13,4,1,12,2,1,1,1,0,0,-22,0,1
1,1,0,4,1,13,9,2,13,2,1,-1,1,0,0,61,0,1
1,2,0,4,1,4,11,1,12,1,2,6,1,0,0,7,0,1
1,1,0,4,1,13,7,1,13,1,1,-2,1,0,0,-47,0,1
1,1,0,1,1,16,3,1,12,2,1,6,1,0,0,-19,0,1
1,1,1,6,1,16,11,1,13,2,1,1,1,0,0,181,0,1
1,1,0,4,1,2,4,1,4,1,1,7,1,3,7,246,0,1
1,2,0,4,1,10,3,2,13,2,1,0,1,0,0,46,0,1
1,1,1,4,1,11,10,1,11,1,1,1,1,0,0,116,0,1
1,2,1,4,1,14,7,1,13,2,1,-2,1,0,0,-39,0,1
1,2,0,4,1,14,5,2,12,2,1,1,1,0,5,21,1,1
1,1,0,4,1,13,11,1,12,2,1,6,1,0,0,-37,0,1
1,1,0,4,1,0,2,2,12,2,1,5,1,0,0,153,0,1
1,1,0,6,1,11,2,2,13,2,1,2,1,0,0,92,0,1
1,1,0,4,1,13,9,1,13,2,1,4,1,0,0,42,0,1
1,1,0,4,1,20,2,1,13,1,1,1,1,0,0,-7,0,1
1,1,0,2,1,10,5,2,14,1,1,-2,1,0,0,124,0,0
1,1,0,4,1,11,8,1,4,1,1,-1,1,0,0,-54,0,1
1,1,1,4,1,13,5,2,13,1,1,4,1,0,0,108,1,1
1,1,1,4,1,12,7,1,13,3,1,1,1,0,7,119,0,0
1,1,0,7,1,14,10,1,12,1,1,6,1,0,0,-122,0,1
1,2,0,5,1,10,5,1,12,1,1,3,1,0,5,-41,0,0
1,1,0,5,1,14,6,1,13,3,1,2,1,0,0,135,0,1
1,2,1,5,1,13,4,1,12,2,1,2,1,0,0,-162,0,0
1,2,1,5,1,13,11,2,7,1,1,3,1,0,2,221,0,1
1,1,1,4,1,20,11,2,13,2,1,2,1,0,0,-9,0,1
1,2,0,4,1,0,2,2,13,1,1,1,1,0,0,-70,0,1
1,1,0,5,1,20,3,2,12,2,1,6,1,0,0,-41,0,1
1,1,0,4,1,1,1,2,12,2,1,2,1,0,0,-40,0,1
1,1,0,4,1,1,1,1,12,2,1,1,1,0,7,215,0,1
1,1,0,4,1,16,7,1,13,2,2,1,1,0,0,-4,1,1
0,1,0,4,1,13,4,1,13,2,1,1,1,0,0,-73,0,1
1,1,1,5,1,13,11,1,12,2,1,7,1,0,0,-9,0,1
1,1,0,4,1,14,9,2,13,2,1,0,1,0,0,88,0,1
1,2,0,6,1,18,10,1,13,3,1,1,1,0,0,35,0,1
1,1,0,4,1,20,11,1,6,2,1,0,1,0,3,155,0,1
1,2,0,4,1,4,9,1,13,2,1,3,1,0,0,133,0,1
1,1,1,4,1,13,9,1,12,1,1,3,1,0,0,-28,1,0
1,1,1,6,1,13,12,2,13,2,1,1,1,0,0,-64,0,1
1,1,1,4,1,13,9,1,12,2,1,-3,1,3,7,151,0,0
0,2,0,4,1,1,10,1,12,1,2,2,1,0,0,141,0,1
1,1,0,5,1,10,2,2,12,1,1,4,1,0,0,24,0,1
1,1,1,4,1,16,4,2,2,1,1,8,1,0,0,88,1,1
1,1,1,4,1,1,7,1,7,1,2,2,1,0,0,108,0,1
1,1,1,5,1,4,10,2,13,1,1,4,1,0,0,-16,0,1
1,2,0,4,1,16,3,2,13,1,1,3,1,0,8,-1,0,1
1,1,1,4,1,1,11,1,11,2,1,3,1,0,0,77,0,1
1,1,0,5,1,16,9,1,12,2,1,7,1,0,0,-254,0,1
1,1,0,4,1,16,2,2,12,1,1,5,1,0,0,56,0,1
1,1,1,5,1,13,8,2,12,2,2,5,1,0,0,152,0,1
1,1,0,5,1,4,7,2,12,2,1,4,1,0,0,-99,0,1
1,1,0,7,1,4,7,1,12,2,1,6,1,0,0,-58,0,1
1,1,0,4,1,14,9,1,13,2,1,3,1,0,0,43,0,1
1,1,0,5,1,13,4,2,13,1,1,7,1,3,7,243,0,1
1,1,0,5,1,16,1,1,12,1,1,7,1,0,0,-106,0,1
1,1,1,4,1,0,8,1,12,2,1,3,1,0,0,2,0,1
1,1,1,4,2,4,12,2,13,2,2,0,1,0,0,37,0,1
1,1,0,5,1,4,9,1,12,2,1,1,1,3,0,-15,0,1
1,1,0,4,1,0,7,1,7,2,1,3,1,0,0,88,0,1
1,2,1,5,1,10,3,2,9,1,1,3,1,0,0,-109,0,0
1,2,1,5,1,13,6,2,12,1,1,1,1,0,0,-91,0,1
1,1,1,6,1,13,8,1,2,2,1,8,1,0,0,-3,0,1
1,1,0,4,1,1,11,2,13,2,1,5,1,0,0,67,0,1
1,1,0,5,1,1,8,1,7,2,1,3,1,0,0,121,0,1
1,1,0,4,1,11,11,1,13,2,2,5,1,0,0,-53,0,1
0,1,1,5,1,10,8,1,13,2,1,-1,1,3,0,225,0,1
1,1,1,5,1,10,5,2,13,2,1,0,1,0,0,109,0,1
0,1,1,4,2,0,3,2,4,3,1,1,1,0,7,229,1,1
0,1,0,4,1,20,8,1,12,2,1,0,1,2,0,186,0,1
1,1,1,5,1,14,1,1,8,1,1,3,1,3,0,175,0,1
1,1,1,6,1,13,3,2,13,2,1,0,1,0,0,-2,0,1
0,1,1,5,1,16,1,2,13,1,1,8,1,3,0,236,0,1
1,1,0,4,1,13,11,2,12,1,1,9,1,0,0,9,0,0
1,1,1,4,1,10,7,2,13,2,2,3,1,0,0,27,0,1
1,1,1,4,1,13,7,2,13,2,1,4,1,0,0,-61,0,1
0,1,0,4,1,13,3,2,12,1,2,3,1,0,0,-85,0,1
1,1,0,5,1,10,11,1,12,2,1,-3,1,3,2,135,0,1
1,1,1,4,1,16,5,1,13,2,1,0,1,0,0,14,0,1
1,1,0,4,1,1,9,1,13,2,1,2,1,0,0,91,0,1
1,1,1,5,1,16,3,1,12,2,1,8,1,0,0,10,0,1
0,1,0,5,1,13,6,2,12,1,1,3,1,0,0,21,0,1
1,1,0,5,1,16,3,1,9,1,1,-2,1,0,0,71,0,1
1,1,0,6,1,11,7,1,13,3,1,3,1,0,0,81,0,1
1,1,0,4,1,10,8,2,8,1,1,4,1,0,0,-128,0,1
1,1,1,5,1,13,11,1,12,1,1,1,1,0,0,-1,0,1
0,1,1,5,1,16,8,2,13,1,1,4,1,0,0,-119,0,1
1,2,0,2,1,4,11,2,13,1,1,-1,1,0,0,94,0,1
1,1,0,5,1,20,10,1,12,1,1,1,1,0,0,81,0,1
1,2,0,4,1,1,8,1,12,2,1,3,1,0,0,-79,0,1
1,1,0,5,1,1,9,2,12,2,1,5,1,0,0,11,0,1
1,1,0,4,1,10,8,1,12,3,1,-1,1,0,0,-77,0,1
1,1,0,4,1,13,10,2,13,2,1,-3,1,0,7,133,0,1
1,2,0,4,1,10,2,2,12,3,1,3,1,0,7,35,0,1
1,1,0,5,1,14,5,2,10,2,1,0,1,0,0,146,0,1
1,1,0,4,1,4,3,2,13,1,1,0,1,0,0,-95,0,1
1,1,1,5,1,13,1,1,13,1,1,4,1,0,0,-95,0,1
1,1,0,6,1,4,9,1,13,2,1,2,1,0,0,44,0,1
1,1,0,4,1,4,10,2,13,2,1,2,1,0,0,-121,2,1
1,1,1,4,1,1,8,2,13,2,1,-1,1,0,0,35,3,1
0,1,0,5,1,13,6,2,12,1,1,7,1,0,0,-44,0,1
1,1,0,4,1,16,7,2,13,1,1,0,1,0,0,-8,0,1
1,1,1,4,1,13,4,2,9,2,1,4,1,0,4,223,0,1
1,1,0,5,1,4,10,2,12,2,1,1,1,0,7,148,3,1
1,1,0,4,1,14,12,2,13,1,1,0,1,0,0,-28,0,1
1,1,0,4,1,10,10,1,13,1,1,0,1,0,0,4,0,1
1,1,0,4,1,13,3,2,12,1,1,-2,1,3,0,130,0,1
1,1,1,4,1,13,7,2,12,2,1,0,1,0,0,78,0,1
1,1,0,7,1,1,5,1,12,2,1,4,1,0,0,8,0,1
1,1,1,4,1,13,5,1,6,1,1,4,1,0,0,96,0,1
1,1,0,2,1,16,9,1,12,2,1,6,1,0,0,77,0,1
1,1,0,4,1,4,9,2,12,2,1,0,1,0,0,-71,0,1
1,1,0,5,1,1,7,1,13,2,1,4,1,0,0,100,1,1
1,2,0,5,1,14,4,1,13,2,1,3,1,0,0,38,0,1
1,1,1,4,1,19,3,1,5,2,2,0,1,0,0,15,0,1
1,1,0,4,1,11,8,2,7,1,1,1,1,0,0,-199,0,1
1,1,0,4,1,13,8,2,12,1,1,6,1,3,0,105,0,1
1,1,0,4,1,16,9,1,13,1,1,2,1,0,0,50,0,1
0,1,0,5,1,13,9,2,12,1,1,0,1,0,0,125,0,1
1,2,1,4,1,16,10,1,13,2,2,1,1,0,2,138,0,1
1,1,0,5,1,13,3,1,13,1,1,2,1,0,0,37,0,0
1,1,1,4,1,13,11,2,12,2,1,2,1,3,8,169,0,1
1,1,1,4,1,14,11,2,13,2,1,-1,1,0,4,14,0,0
1,1,0,4,1,4,2,2,12,2,1,9,1,0,0,-222,0,1
1,1,1,2,1,16,9,1,13,1,1,3,1,0,0,34,0,1
1,1,0,4,1,10,7,2,12,1,1,8,1,0,0,54,0,1
1,1,0,4,1,11,9,2,12,2,1,3,1,0,0,-57,0,1
1,2,0,4,1,14,5,2,13,1,1,1,1,0,0,-43,0,1
1,1,1,6,1,16,5,2,8,2,1,0,0,0,3,218,0,1
1,1,1,4,1,11,10,2,12,2,1,1,1,3,0,71,1,1
1,2,0,2,1,13,9,2,11,3,1,6,1,0,0,-29,0,1
1,1,0,5,1,0,5,2,12,1,1,-4,1,0,0,76,0,1
1,1,0,5,1,13,5,1,12,2,1,0,1,0,0,63,0,1
1,1,1,5,1,11,8,2,13,2,1,3,1,0,0,30,1,1
1,2,0,5,1,16,2,2,8,1,1,4,1,0,0,-64,1,1
0,1,1,5,1,11,9,1,4,2,1,4,1,0,0,105,0,1
1,2,0,6,1,20,6,1,3,3,1,5,1,3,0,411,1,1
1,1,0,4,1,4,8,2,12,2,1,1,1,0,0,-74,0,1
1,1,1,4,1,14,6,2,13,1,1,1,1,0,0,36,0,1
1,1,1,4,1,13,3,2,7,1,2,2,1,3,7,261,0,1
1,1,0,4,1,16,6,2,13,2,1,-1,1,0,0,-204,0,1
1,2,1,5,1,13,11,2,13,0,1,3,1,0,0,-37,0,0
1,1,1,4,1,14,3,2,13,1,1,3,1,0,0,88,0,1
1,1,0,6,1,21,7,1,13,2,1,1,1,0,0,-93,0,1
1,2,0,4,1,13,9,1,10,1,1,5,1,0,0,-16,0,1
1,1,0,4,1,14,2,2,13,3,1,2,1,0,0,-83,0,1
1,1,0,5,1,20,9,2,12,1,1,0,1,0,8,25,0,1
1,2,0,4,1,14,5,1,13,2,1,-3,1,0,2,65,0,1
1,1,0,4,1,10,11,1,12,2,1,3,1,0,0,95,1,1
1,1,0,5,1,10,10,1,12,2,1,3,1,1,0,62,0,1
1,1,0,4,1,11,9,2,13,1,1,3,1,0,7,-43,0,1
1,1,0,5,1,2,11,2,13,1,1,1,1,0,0,21,0,1
1,1,1,5,1,16,9,1,13,1,1,6,1,0,0,184,0,1
1,1,0,4,1,0,4,2,12,1,1,-2,0,0,0,-8,0,1
1,1,1,5,1,16,7,2,13,1,1,3,1,0,0,-138,0,1
1,1,0,4,1,1,5,2,12,1,1,2,0,0,0,172,0,1
1,2,0,4,1,10,5,1,12,2,1,1,1,0,0,211,2,1
0,1,0,5,1,13,2,2,12,2,1,2,1,0,0,61,0,1
1,1,0,4,1,10,4,2,6,2,2,3,1,3,7,265,0,1
1,1,1,6,1,14,8,1,7,3,1,4,1,0,0,195,0,1
1,1,0,4,1,1,6,1,13,1,1,4,1,0,0,-124,2,1
1,1,1,4,1,1,3,2,12,2,2,3,1,0,0,-3,0,1
1,2,0,6,1,10,3,1,13,2,1,1,1,0,0,-36,0,1
1,1,0,4,1,15,1,1,9,3,2,5,1,3,7,284,0,1
1,1,0,6,1,10,5,1,13,2,1,3,1,0,0,33,0,1
1,1,1,5,1,4,10,1,6,2,1,0,1,0,0,147,1,1
1,1,0,5,1,4,6,1,12,2,1,1,1,0,0,-148,0,1
1,1,0,4,1,13,4,2,13,1,1,5,1,0,0,171,0,1
1,1,0,4,1,13,6,2,13,2,1,-2,1,0,0,-29,0,1
1,1,0,4,1,0,2,2,12,1,2,1,1,0,0,5,0,1
1,1,0,5,1,13,4,1,13,2,1,-4,1,0,0,-29,0,1
1,1,0,4,1,11,4,2,7,1,1,0,1,0,0,135,0,1
1,1,0,5,1,10,9,2,12,2,1,0,1,0,0,30,0,1
1,1,0,4,1,13,5,1,12,1,1,4,1,0,0,-81,0,1
1,2,0,4,1,13,6,2,10,2,1,4,1,3,7,148,0,1
1,1,0,4,1,16,8,2,12,2,2,8,1,0,0,30,0,1
1,1,0,4,1,16,7,1,7,2,1,4,1,0,0,119,0,1
1,1,0,5,1,10,1,2,13,1,1,2,1,0,0,107,0,1
1,2,0,4,1,13,6,1,13,2,1,5,1,0,0,-58,0,1
1,2,0,5,1,16,9,2,13,2,1,1,1,0,0,65,0,1
0,1,1,5,1,16,5,2,13,1,1,6,1,0,0,100,0,1
1,1,0,5,1,16,7,2,13,1,1,5,1,0,0,-58,0,1
1,2,1,4,1,11,5,2,7,1,1,1,1,0,0,135,0,1
1,1,0,4,1,4,12,1,13,3,1,2,1,0,0,36,0,1
1,1,0,4,1,9,6,1,12,2,1,3,0,0,0,-78,0,1
1,2,1,6,1,11,10,1,13,1,1,3,1,0,0,-50,0,1
1,2,0,4,1,10,8,1,12,3,1,1,1,0,0,19,0,1
1,1,1,4,1,13,2,2,12,3,1,3,1,0,0,232,0,0
1,1,1,5,1,18,10,1,13,2,1,1,1,3,0,146,1,1
1,1,1,4,1,16,12,1,12,2,1,9,1,0,0,-173,0,1
1,1,0,4,1,4,5,2,13,1,1,6,1,0,0,98,0,1
1,2,0,6,1,6,9,2,13,1,1,1,1,0,0,-52,0,1
1,1,1,4,1,13,3,2,13,1,1,1,1,0,0,260,0,1
0,1,1,4,1,13,11,2,7,1,1,-1,1,0,0,110,1,1
1,1,0,4,1,13,9,2,13,2,1,5,1,0,0,56,0,1
1,1,0,4,1,14,3,1,13,0,1,1,1,3,0,80,0,1
1,1,0,4,1,22,7,2,7,1,1,7,1,0,0,0,0,1
0,1,1,5,1,13,10,1,4,1,1,4,1,0,0,283,0,1
1,1,1,5,1,0,6,2,13,2,1,1,1,0,0,80,0,0
1,1,0,4,1,13,11,2,13,2,1,0,1,0,0,-96,0,1
1,1,0,4,1,16,3,2,12,1,1,-1,1,0,0,-93,0,1
1,1,1,5,1,16,6,1,13,2,1,2,1,0,7,80,0,1
1,1,0,6,1,16,12,1,7,1,1,3,1,0,0,76,0,1
1,1,0,5,1,13,12,1,13,2,1,3,1,0,0,-233,0,1
1,1,0,5,1,1,5,2,2,2,1,8,1,0,0,7,0,1
1,1,0,4,1,16,8,1,13,1,1,2,1,0,7,139,0,1
1,1,0,4,1,16,7,1,13,1,1,1,1,0,0,-5,0,1
1,2,0,4,1,10,7,1,12,1,1,5,1,0,0,-89,0,1
1,1,1,4,1,13,6,1,13,1,2,-3,1,0,0,172,0,1
1,1,1,5,1,11,7,2,12,1,1,4,1,0,0,36,0,1
1,1,0,4,1,4,6,2,12,2,1,3,1,0,0,-179,0,1
1,1,0,6,1,16,1,2,11,1,1,7,1,0,0,98,2,1
1,1,0,6,1,13,8,2,13,2,1,1,1,0,5,5,0,1
1,1,1,4,1,10,8,2,13,1,1,6,1,0,0,100,0,1
1,1,1,6,1,20,5,2,7,1,1,9,1,0,0,142,1,1
1,1,0,4,1,2,12,1,13,1,1,0,1,0,0,105,1,1
0,1,0,4,1,16,9,1,12,1,1,3,0,0,0,157,0,0
1,1,1,4,1,10,2,2,7,3,1,3,1,0,3,127,0,1
1,1,0,4,1,13,6,1,11,2,1,3,1,0,0,153,0,1
1,1,0,4,1,16,4,2,12,1,1,5,1,0,0,-67,0,1
1,1,0,5,1,13,5,2,13,2,3,4,1,3,7,178,0,1
1,1,0,4,1,20,3,2,13,1,1,2,1,3,7,185,0,1
1,1,0,4,1,10,5,1,13,1,1,5,1,0,0,-44,0,1
1,1,0,6,1,14,5,1,4,2,1,0,1,3,0,138,0,1
1,1,0,4,1,1,10,1,13,1,1,-3,1,0,0,72,0,1
1,1,0,5,1,10,7,2,1,0,1,3,1,0,0,102,1,1
1,1,1,2,1,16,1,2,12,2,1,1,1,0,0,86,0,1
1,2,1,5,1,13,8,2,12,1,1,6,1,0,0,16,0,1
1,1,0,5,1,4,4,2,6,1,1,4,1,0,0,92,0,1
1,2,0,5,1,13,12,2,13,1,1,3,1,0,0,-35,0,1
1,1,0,4,1,10,7,1,11,1,1,1,1,0,0,-30,0,1
1,1,1,4,1,7,11,2,13,2,1,1,1,0,0,27,0,1
1,1,0,5,1,4,12,1,13,2,1,1,1,0,0,-2,0,1
1,2,0,6,1,11,9,2,12,1,1,3,1,0,0,-110,0,1
1,1,0,5,1,20,10,1,12,1,1,1,0,0,5,260,1,1
1,2,1,4,1,1,9,2,12,1,1,2,1,0,0,-7,0,1
1,1,0,4,1,10,5,1,12,2,1,7,1,3,0,65,0,1
1,1,0,4,1,16,1,1,12,3,1,3,1,0,0,-197,0,1
1,2,1,4,1,16,5,2,13,1,1,1,1,2,0,147,0,1
1,1,1,4,1,13,1,2,13,2,1,4,1,0,0,86,0,1
1,1,0,4,1,13,1,2,12,1,2,5,1,0,0,50,0,1
1,2,1,4,1,16,5,2,12,3,1,1,1,0,0,110,3,1
1,1,0,4,1,13,11,2,12,1,1,1,1,0,0,-100,0,1
1,1,0,6,1,14,1,1,12,2,2,2,1,0,0,-48,0,1
1,1,0,4,1,13,11,2,13,2,1,-2,1,0,7,181,0,1
1,2,0,4,1,13,1,2,13,0,1,-1,1,0,0,137,0,1
1,2,0,4,1,20,9,2,13,1,2,5,1,0,0,184,0,1
1,1,0,6,1,16,1,2,6,2,1,2,1,0,0,40,0,1
1,1,0,6,1,10,9,1,12,2,1,4,1,0,0,-41,0,1
1,1,0,6,1,14,12,1,8,3,1,3,1,0,0,54,0,1
1,1,0,4,1,11,12,2,1,1,1,3,1,0,0,135,0,1
1,1,0,5,1,1,12,2,7,2,1,1,1,0,0,76,0,1
1,1,1,4,1,12,9,2,8,1,1,2,1,0,0,-19,1,1
1,1,0,4,1,20,8,2,12,1,4,5,1,0,0,0,0,1
1,1,0,6,1,11,11,2,5,2,1,2,1,0,0,-19,0,1
1,1,0,4,1,5,6,2,12,1,1,1,1,0,0,-77,0,1
1,1,0,4,1,13,7,2,13,1,2,0,1,0,0,12,0,1
1,2,0,4,1,13,12,2,10,1,1,2,1,0,0,18,0,1
1,1,1,7,1,5,4,1,12,2,1,3,1,0,0,107,2,1
1,1,0,4,1,13,7,1,13,1,1,2,1,0,0,-56,0,1
1,1,0,4,1,13,8,1,13,1,1,3,1,0,0,2,0,1
1,1,1,4,1,13,8,2,12,1,1,4,1,0,0,28,0,1
1,1,0,5,1,16,8,1,13,2,1,-1,1,4,7,250,0,1
1,1,0,5,1,0,1,1,13,1,1,2,1,0,0,25,0,1
1,2,1,5,1,0,1,1,12,2,1,-3,1,3,0,58,0,1
1,2,1,5,1,11,1,1,12,2,2,5,1,0,0,-24,0,1
1,1,1,4,1,0,6,1,5,1,3,0,1,0,0,249,0,1
1,1,0,5,1,20,4,2,12,0,1,6,1,3,0,-1,3,1
1,1,0,5,1,13,8,1,13,2,1,1,1,0,0,85,0,1
1,1,0,4,1,13,4,2,12,2,1,-1,1,0,7,45,0,1
1,2,0,4,1,14,12,2,13,1,1,5,1,0,0,39,0,1
1,1,0,4,1,4,2,1,13,1,1,0,1,0,0,-182,0,1
0,1,1,6,1,13,7,2,13,1,1,6,1,0,0,-96,0,1
1,1,0,5,1,16,2,2,7,1,1,6,1,0,0,124,0,1
1,1,0,4,1,13,3,1,13,0,1,3,1,0,0,11,0,1
1,1,0,4,1,13,1,2,13,2,1,2,1,0,0,9,0,1
1,2,1,4,1,10,7,2,12,1,1,3,1,3,0,98,0,1
0,1,0,4,1,15,4,2,4,2,1,3,1,0,0,55,0,0
1,1,0,5,1,15,10,1,12,2,1,4,1,0,0,43,0,1
1,1,1,4,1,13,10,1,12,2,1,-2,1,0,0,63,0,1
1,1,0,4,1,10,4,1,13,2,1,-2,1,0,0,-37,0,1
1,1,1,5,1,4,4,2,8,2,2,3,1,3,0,388,2,1
1,1,0,6,1,13,9,2,7,2,1,1,1,0,0,-4,0,1
1,1,0,6,1,10,4,2,7,1,2,5,1,0,0,163,0,1
1,1,0,4,1,10,5,2,12,1,1,2,1,0,0,-50,0,1
1,1,1,6,1,13,7,2,12,0,1,2,1,0,0,-2,0,1
1,1,0,5,1,13,11,1,12,2,1,4,1,0,0,-19,0,1
1,1,1,4,1,20,4,2,12,1,1,9,1,0,0,168,0,1
0,1,1,5,1,4,8,1,13,2,1,-1,1,0,0,128,1,1
0,1,0,4,1,10,10,1,9,2,1,0,1,0,7,119,0,1
1,2,1,6,1,20,1,1,13,2,1,1,1,0,0,-44,0,1
1,1,0,4,1,13,5,2,13,2,1,-3,1,0,0,172,0,1
1,1,0,5,1,16,4,1,10,2,1,1,1,3,0,166,1,1
1,1,0,4,1,16,12,1,13,1,1,-1,1,0,7,209,0,1
1,1,0,6,1,13,8,2,12,2,4,3,0,0,0,4,0,1
1,2,0,4,1,13,5,1,12,2,1,2,1,0,0,14,1,1
1,1,1,6,1,13,1,2,12,2,1,6,1,0,6,30,0,1
1,1,0,6,1,4,1,2,13,1,1,2,1,0,0,182,1,1
1,1,1,5,1,1,12,2,13,3,1,-1,1,0,0,-46,0,1
1,1,1,4,1,16,1,2,12,1,1,6,1,0,0,85,0,1
1,1,1,6,1,2,5,2,3,2,1,2,1,0,0,50,0,1
1,1,1,5,1,16,4,2,13,1,1,3,1,0,0,260,0,1
1,1,1,6,1,13,9,1,12,3,1,3,1,0,0,25,0,1
1,1,0,4,1,14,11,1,12,2,1,1,1,0,0,-89,0,0
1,1,1,5,1,11,1,1,7,1,2,-1,1,0,0,73,0,1
1,1,0,4,1,11,12,1,8,2,1,-3,1,0,0,30,0,1
1,1,0,4,1,13,6,2,13,2,1,3,1,0,0,32,0,1
1,1,0,5,1,10,8,2,13,2,1,0,1,0,0,-28,0,1
0,1,0,4,1,18,1,2,12,1,1,1,1,0,0,26,0,0
1,1,0,4,1,13,3,2,12,1,1,7,1,0,0,-22,1,1
1,1,0,5,1,4,12,2,13,2,1,0,1,0,0,125,0,1
1,1,0,4,1,5,11,1,10,2,1,2,1,0,0,154,3,1
1,1,0,4,1,20,12,2,13,1,1,5,1,0,0,-8,0,1
1,1,0,4,1,14,4,1,1,1,1,4,1,0,0,79,0,1
1,1,0,4,1,13,3,2,4,2,1,0,1,0,0,80,0,1
1,1,0,5,1,16,9,1,13,1,1,-2,1,0,0,-50,0,1
1,1,0,5,1,13,1,2,13,1,1,1,1,0,7,71,0,1
1,2,0,4,1,11,9,2,13,2,1,-1,1,0,0,27,0,1
1,1,1,4,1,13,5,1,12,2,1,-2,1,0,0,4,1,1
1,1,0,5,1,16,1,2,13,2,1,-3,1,0,0,-47,0,1
1,1,1,4,1,14,8,1,12,3,1,6,1,3,0,299,0,1
1,1,1,5,1,16,4,2,7,1,1,2,1,0,0,146,1,1
1,1,0,4,1,21,6,1,7,2,1,2,1,3,0,204,0,1
1,1,1,5,1,13,3,2,13,2,1,2,1,0,0,-78,0,1
1,1,1,5,1,4,12,2,12,1,1,5,1,0,0,143,0,0
0,1,1,4,1,11,7,2,4,1,1,1,1,0,0,111,0,1
1,2,1,5,1,14,11,2,13,2,1,0,1,0,0,58,0,1
1,1,0,5,1,10,6,2,13,2,1,0,1,0,0,133,0,1
1,1,1,4,1,1,11,1,8,2,1,4,1,0,0,81,0,1
1,1,0,5,1,16,9,2,12,1,1,4,1,0,7,152,0,1
1,1,0,6,1,13,8,2,13,2,1,3,1,0,0,-14,0,1
1,1,0,4,1,20,9,2,13,2,1,1,1,0,0,-93,2,0
1,1,1,4,1,1,4,2,10,1,1,3,1,0,0,-14,0,1
1,1,1,4,1,13,4,2,6,1,1,1,1,0,3,108,0,1
1,1,0,4,1,16,8,1,13,1,1,1,1,0,0,118,0,1
1,1,0,5,1,0,1,1,13,2,1,0,1,0,0,84,0,1
1,1,0,4,1,16,5,2,6,2,1,1,1,0,0,13,0,1
1,2,0,4,1,14,9,2,13,2,1,-1,1,0,0,-26,0,1
1,1,0,4,1,4,12,1,9,2,2,1,1,0,0,139,0,1
1,1,0,4,1,1,11,2,8,1,1,0,1,0,0,19,0,1
1,1,0,4,1,10,12,1,13,2,2,-2,1,0,0,95,0,1
1,1,0,5,1,16,8,1,7,2,1,6,1,0,0,31,0,1
1,1,0,6,1,16,1,2,12,1,1,4,1,0,0,23,0,1
1,1,1,4,1,11,8,2,3,1,1,1,1,0,0,-66,0,1
1,1,1,5,1,18,12,1,10,1,1,3,0,3,0,325,0,1
0,1,0,5,1,16,12,1,12,1,1,1,1,0,0,-113,0,1
1,1,1,5,1,16,9,2,12,1,1,4,1,0,0,-6,0,1
1,1,1,4,1,14,6,1,13,2,1,4,1,0,0,37,0,1
1,1,0,4,1,16,7,2,13,2,1,1,1,0,0,-12,0,1
1,2,1,4,1,10,5,1,13,3,2,1,1,3,0,333,0,1
0,1,0,5,1,13,1,2,13,2,1,5,1,3,0,127,0,1
1,1,0,4,1,13,6,2,13,1,1,8,1,0,0,-113,1,1
1,1,0,6,1,13,8,1,12,1,1,2,1,0,0,-112,0,1
1,1,1,4,1,10,9,1,13,2,1,-2,1,0,7,88,0,1
1,1,1,5,1,16,8,2,7,1,1,7,1,0,0,84,1,1
1,1,0,5,1,13,7,1,12,2,1,3,1,0,0,83,0,1
1,1,1,5,1,11,7,1,1,2,1,1,1,3,0,264,2,1
1,1,0,4,1,16,1,1,13,1,1,0,1,0,0,42,0,1
1,2,0,5,1,13,2,1,13,2,1,3,1,0,0,2,0,1
1,2,0,5,1,16,9,2,13,2,1,1,1,0,0,-49,0,1
1,1,0,4,1,10,4,2,12,1,1,3,1,0,0,-78,0,1
1,1,0,5,1,18,1,1,13,2,1,-1,0,0,0,185,0,1
1,1,1,5,1,11,8,2,13,2,1,1,1,0,7,120,1,1
1,1,0,4,1,13,3,2,7,2,2,2,1,0,0,100,0,1
1,2,0,5,1,13,4,1,7,0,1,0,1,0,0,-58,0,1
1,1,0,4,2,11,10,2,12,1,1,2,1,0,0,31,0,1
1,1,0,4,1,13,10,2,12,1,1,2,1,0,0,-84,0,1
0,1,1,5,1,20,11,2,4,2,1,5,1,0,6,296,0,1
1,1,1,4,1,13,6,2,12,1,1,1,1,3,0,109,0,1
0,1,1,5,1,4,4,2,7,1,1,-2,1,0,0,77,0,1
1,1,0,5,1,4,5,1,12,2,1,3,1,0,0,63,0,1
1,2,0,4,1,13,5,1,13,1,1,4,1,0,0,66,1,1
1,1,0,4,1,13,10,1,13,2,2,1,1,0,0,24,0,1
1,1,0,4,1,0,5,1,13,2,1,-3,1,0,0,-9,0,1
1,1,0,6,1,20,8,2,12,3,1,2,1,0,0,125,0,1
1,1,1,4,1,1,10,2,12,1,1,1,1,0,0,191,0,1
1,1,0,5,1,13,11,2,13,2,1,0,1,4,0,-14,1,1
0,1,0,4,1,5,6,2,11,1,1,5,1,0,4,183,0,1
1,1,0,4,1,4,11,1,13,1,1,5,1,0,0,27,0,1
1,1,1,5,1,11,4,2,13,0,1,0,1,0,0,-162,0,1
1,1,0,6,1,16,5,1,13,2,1,3,1,0,0,-57,0,1
1,1,0,4,1,6,9,2,13,1,1,0,0,0,3,148,0,1
1,1,1,4,1,16,9,2,13,2,1,3,1,0,0,38,0,1
1,1,1,5,1,16,5,2,12,2,1,1,1,0,0,-72,0,1
1,1,0,4,1,16,4,2,13,1,1,3,1,0,0,-103,0,1
1,1,1,5,1,13,3,1,12,1,1,5,0,0,0,56,0,1
1,1,0,4,1,11,7,2,13,1,1,0,1,0,0,-108,0,1
1,1,1,4,1,1,8,2,9,1,1,-1,1,0,0,20,0,1
1,2,0,4,1,13,6,2,13,2,1,1,1,0,0,-94,0,1
1,2,0,5,1,10,6,1,13,3,1,4,1,0,11,-62,0,1
1,1,1,5,1,16,2,2,7,1,1,3,1,0,7,210,0,1
0,1,0,5,1,16,5,1,10,2,1,3,1,0,0,15,0,1
1,1,0,4,1,11,10,1,13,1,1,1,1,0,0,66,0,1
0,1,0,4,1,9,3,2,7,2,1,0,1,0,0,20,0,1
0,1,0,6,1,13,9,2,12,2,1,2,1,0,7,171,0,1
1,1,1,7,1,10,6,2,7,1,1,1,1,0,0,19,0,1
1,1,1,4,1,0,9,2,13,2,1,0,1,0,0,168,0,1
1,1,0,5,1,13,8,1,13,2,1,-1,1,0,0,-99,0,1
0,1,1,4,1,14,8,2,12,2,1,2,1,3,0,37,0,1
1,1,0,5,1,10,12,1,13,1,1,1,1,0,0,36,0,1
1,1,0,5,1,14,10,1,12,1,1,0,1,0,0,-28,0,1
1,1,1,6,1,14,3,1,13,1,1,1,1,0,0,-113,0,1
1,1,0,5,1,1,6,1,12,2,1,1,1,0,0,31,0,1
1,1,0,6,1,10,1,2,12,3,1,6,1,0,0,50,0,1
1,1,0,6,1,14,10,2,12,1,1,3,1,0,0,32,0,1
1,1,0,5,1,8,3,1,13,2,1,1,1,0,0,50,0,1
1,1,0,4,1,16,2,1,0,1,1,0,1,0,0,109,0,1
1,1,0,4,1,16,5,2,12,2,1,2,1,0,0,92,0,1
1,1,1,4,1,14,4,2,13,2,1,2,1,0,0,124,0,1
1,2,0,4,1,4,8,2,13,2,1,4,1,0,0,-60,0,1
0,1,0,4,1,11,12,1,12,2,2,3,1,4,0,89,0,1
1,1,0,4,1,13,7,1,13,1,1,2,1,3,0,95,0,1
1,1,0,7,1,20,3,2,13,2,1,3,1,0,0,-7,0,1
1,1,0,4,1,13,9,1,7,2,1,3,1,3,0,195,0,1
1,1,0,4,1,4,10,1,13,1,1,1,1,0,0,52,0,1
0,1,0,4,2,13,11,1,12,1,1,3,1,0,0,30,0,0
0,1,0,5,1,14,10,2,13,1,1,4,1,0,0,75,0,1
1,1,1,4,1,11,2,2,13,1,1,4,1,4,0,129,0,1
1,2,0,4,1,11,2,2,12,2,1,5,1,0,0,-119,0,1
1,1,0,4,1,10,4,1,13,1,1,2,1,3,0,20,0,1
1,1,1,5,1,1,5,2,12,2,1,3,1,4,0,67,0,1
0,1,0,6,1,13,10,1,13,2,1,6,1,0,0,-55,0,1
1,1,1,5,1,16,8,2,13,2,1,0,1,0,0,-91,1,1
1,1,1,5,1,11,9,1,13,2,1,1,1,0,0,40,0,1
1,1,0,4,1,14,7,1,12,1,2,2,1,3,7,195,0,1
1,1,0,6,1,13,10,1,13,1,1,6,1,0,0,83,1,1
1,1,0,5,1,11,8,2,13,1,1,3,1,0,0,-52,0,1
1,1,1,4,1,14,8,1,13,3,1,0,1,0,0,-8,1,1
1,1,1,4,1,14,8,1,13,2,1,-2,1,0,0,-44,0,1
1,1,0,4,1,20,11,2,9,0,1,4,1,3,7,412,0,1
0,1,0,5,1,15,2,2,13,2,1,-3,1,0,7,-7,0,1
1,1,1,4,1,14,5,2,12,1,1,0,1,0,10,52,0,1
1,2,0,4,1,20,2,1,13,2,2,3,1,3,0,89,1,1
1,1,1,6,1,10,7,1,12,1,1,4,1,0,0,83,0,1
1,1,1,6,1,16,1,1,12,1,1,3,1,0,0,-49,0,1
1,1,1,4,1,1,6,1,13,2,1,0,1,0,0,64,0,1
1,1,1,4,1,11,6,1,12,2,1,-1,1,0,0,-149,0,1
1,1,0,4,1,16,12,2,7,1,1,4,1,0,0,56,0,1
1,1,1,4,1,16,5,1,12,2,1,1,1,0,0,-26,0,1
1,1,0,5,1,13,1,1,13,2,1,5,1,0,0,-68,0,1
1,1,0,4,1,10,10,2,13,2,1,0,1,0,0,-189,0,1
1,1,0,4,1,13,6,1,12,1,1,0,1,0,0,-155,0,1
0,2,0,4,1,13,11,2,1,1,1,2,1,0,0,-32,0,1
1,1,1,4,1,20,6,2,13,1,1,1,1,0,7,175,0,1
1,1,0,5,1,14,6,1,13,2,1,0,1,3,0,58,0,1
1,1,0,6,1,14,1,1,13,2,1,-2,1,0,0,-43,0,1
1,1,1,7,1,13,7,1,12,0,1,4,1,0,0,80,1,1
1,1,1,4,1,0,3,1,13,2,1,-1,1,0,7,59,0,1
1,2,0,4,1,14,11,2,13,2,1,2,1,0,0,-60,0,1
1,1,0,5,1,16,6,1,13,2,1,0,1,0,0,69,0,1
1,1,0,4,1,4,3,1,12,2,1,1,1,0,0,-54,0,1
1,1,0,4,1,13,2,1,13,1,1,4,1,0,0,25,1,1
1,1,1,4,1,11,6,1,13,3,1,2,1,0,0,5,0,1
1,1,1,5,1,13,1,2,13,1,1,5,1,0,0,56,0,1
1,1,0,4,1,10,4,2,13,2,1,4,1,0,0,-143,0,1
1,1,1,5,1,14,6,2,9,2,1,1,1,0,0,101,0,1
1,1,0,4,1,1,10,2,13,2,1,3,1,0,0,23,0,1
1,1,0,5,1,13,11,1,12,2,2,-1,1,0,0,109,0,1
1,1,0,4,1,20,6,1,13,1,1,4,1,3,0,120,0,1
1,2,0,4,1,11,8,1,13,2,1,2,1,0,0,112,0,0
1,1,0,5,1,20,8,1,13,2,1,-1,1,4,0,250,0,1
1,1,0,4,1,4,7,1,12,2,2,2,1,0,0,4,0,1
1,1,1,4,1,7,7,1,4,2,1,2,1,0,0,181,0,1
1,1,0,4,1,13,2,2,13,1,1,-1,1,0,0,34,0,1
1,1,0,4,1,11,7,2,13,3,2,1,1,0,0,-64,0,1
1,1,0,6,1,13,6,1,13,2,1,0,1,0,0,19,0,1
1,1,1,4,1,13,9,2,13,3,1,1,1,0,0,1,0,1
0,1,1,5,1,0,10,1,12,1,1,0,1,0,2,97,0,1
1,1,1,6,1,17,2,1,2,2,1,2,1,0,0,-20,0,0
1,1,0,4,1,20,3,2,13,2,1,-3,1,0,0,-21,0,1
1,1,0,5,1,4,6,1,13,2,2,1,1,0,0,-229,0,1
1,1,0,6,1,20,7,2,7,1,1,-1,1,0,0,-95,0,1
1,1,0,4,1,10,7,2,13,2,1,0,1,0,0,-92,0,1
1,1,1,4,1,13,5,2,13,3,1,1,1,2,0,177,0,1
1,1,1,4,1,16,1,1,13,3,1,1,1,0,0,108,0,1
1,1,0,4,1,16,9,1,13,2,1,0,1,0,0,6,0,1
1,1,0,7,1,1,3,1,14,1,1,3,1,0,0,81,0,1
1,1,0,5,1,13,11,2,12,2,1,4,1,0,0,2,0,1
1,1,1,4,1,4,1,1,13,2,1,1,1,0,0,-23,0,1
1,1,0,5,1,13,11,1,7,1,1,4,1,0,0,-19,0,1
1,1,0,5,1,13,8,2,4,2,1,1,1,2,0,44,0,1
0,1,0,4,1,13,4,2,13,1,1,3,1,0,0,63,0,1
1,1,0,4,1,13,12,2,8,1,1,8,1,0,0,-14,0,1
1,1,1,4,1,16,8,2,6,1,1,4,1,0,0,126,0,1
1,1,1,4,1,0,10,2,2,1,2,1,1,0,7,268,0,1
0,1,1,6,2,10,6,2,13,3,1,0,1,0,0,123,0,1
1,1,0,4,1,16,8,2,13,2,1,2,1,0,0,-2,0,1
1,1,1,4,1,13,8,2,12,1,1,4,1,0,0,293,0,1
1,1,0,4,1,1,1,1,12,3,1,-2,1,0,0,-116,0,1
1,1,0,4,1,9,6,1,12,1,1,-1,1,0,0,93,0,1
1,1,0,5,1,14,2,2,11,2,2,1,1,0,0,370,0,1
1,1,1,5,1,14,11,2,7,2,2,-3,1,0,0,56,0,1
1,1,1,4,1,13,7,2,12,1,1,3,1,0,0,10,0,1
1,1,1,3,1,0,5,1,13,2,1,-1,1,2,7,141,0,1
1,1,1,4,1,11,10,2,13,1,1,4,1,0,0,-23,0,1
1,1,0,4,1,13,10,1,13,2,2,3,1,0,0,-15,0,1
1,1,1,4,1,10,10,1,13,3,1,2,1,0,0,21,0,1
1,1,0,4,1,4,3,2,12,2,1,0,1,3,0,33,0,1
1,1,0,6,1,4,6,2,13,2,1,0,1,0,0,-54,0,1
1,2,0,4,1,13,3,2,12,2,1,-1,1,0,0,-102,0,1
1,1,0,4,1,11,11,2,12,2,1,1,1,0,0,33,0,1
1,1,0,4,1,4,5,1,12,1,2,-1,1,4,0,-25,0,1
1,2,1,4,1,4,5,1,13,2,1,4,1,0,0,-21,0,1
1,1,0,4,1,13,11,2,12,1,1,10,1,0,0,154,0,1
1,2,1,6,1,16,5,1,13,2,1,2,1,0,0,-18,1,1
1,1,0,4,1,13,1,2,13,2,1,2,1,0,0,-4,0,1
1,1,0,5,1,13,2,2,13,1,1,-1,1,0,7,20,1,1
0,1,1,4,1,13,5,2,12,1,1,3,1,0,0,51,0,1
1,1,0,6,1,13,6,2,13,1,1,3,0,0,0,-2,1,1
1,1,0,4,1,4,9,1,12,1,1,5,1,0,0,-83,0,1
1,2,1,5,1,14,1,2,13,1,1,4,0,0,3,-21,0,1
0,1,0,6,1,16,2,1,13,2,1,0,1,0,0,90,0,1
