LIMIT_BAL,SEX,EDUCATION,MARITAL,AGE,PAY0,PAY2,PAY3,PAY4,PAY5,PAY6,BILL_AMT1,BILL_AMT2,BILL_AMT3,BILL_AMT4,BILL_AMT5,BILL_AMT6,PAY_AMT1,PAY_AMT2,PAY_AMT3,PAY_AMT4,PAY_AMT5,PAY_AMT6,class-label
54433,2,2,2,29,2,0,7,0,3,0,74536,83903,46416,85621,40544,32206,12604,6584,3581,14893,10744,23208,0
174016,1,2,2,33,0,0,-2,0,0,-2,127422,116730,198562,136888,136186,83040,16173,30943,14239,4346,18059,19029,0
412493,1,3,1,47,-2,2,2,-2,-2,8,102916,33488,70546,61936,72408,42930,3633,14867,9808,9475,2192,4729,1
248105,1,1,1,53,3,8,3,5,-2,3,120277,32263,149546,73246,56259,61837,5246,14281,21374,276,14878,11852,1
421049,2,1,1,47,-2,2,0,4,-2,-2,139716,98518,205441,68093,95682,82272,16123,39077,13010,5179,8788,16530,0
170146,2,1,1,39,-2,0,8,0,0,0,53728,88364,86744,105435,92681,49542,2216,12245,12665,14895,2778,21422,0
251548,1,2,1,44,0,0,0,0,0,-1,13290,11371,-39762,4015,19396,-4044,1958,6884,11859,14969,3209,3979,0
451386,2,4,1,37,3,2,3,4,2,-2,269218,220832,175852,156379,205342,184761,37106,24065,38583,18902,6977,1646,1
245276,1,2,2,28,0,-1,0,0,0,-1,51926,53226,55682,26381,39684,37217,10254,16420,8030,441,15724,5623,0
253164,1,3,1,43,0,0,0,-1,0,0,58651,37280,15133,52905,40721,36411,14183,15568,21125,17543,4376,2045,0
294119,1,1,2,25,1,-1,0,0,0,4,131693,45822,74085,100536,99103,77422,9658,354,17047,17306,225,5851,0
342790,2,2,2,35,0,-1,0,1,0,0,73714,44776,61819,28609,25538,16629,853,15076,13291,11241,669,11818,0
245957,2,3,1,52,-2,5,7,6,0,0,117977,148927,134728,97495,140831,101096,13616,9307,2442,1609,22453,16123,0
224568,2,1,1,37,0,-1,-1,-1,-1,-1,17923,52388,59507,3049,42213,32046,28681,20933,15262,2195,17441,8054,0
263334,2,3,1,55,7,-1,-1,2,0,0,107710,144042,187334,87932,129323,86174,36501,25057,4338,6995,14365,7121,0
79911,1,6,1,55,0,-1,0,8,6,0,65770,87638,100262,24250,88487,74063,36462,10426,5228,19465,23823,20823,0
248438,1,3,1,55,8,-1,0,-1,-2,-2,73880,102957,65645,15094,68004,56712,12732,15133,11810,8852,21213,8707,0
453807,1,5,2,40,-2,-2,-2,-2,-1,-2,95216,-3066,84686,20193,28928,25973,15718,26074,4795,12728,21838,24656,0
46263,1,2,1,50,0,0,0,0,0,0,93683,21929,76507,42107,48895,25293,16740,2711,2796,8357,4624,19145,0
361283,2,1,1,52,-1,-1,-1,-1,-1,-1,48783,40132,17928,6274,-14988,14846,17526,18066,16641,8332,1881,21314,0
115910,2,2,1,41,0,2,2,0,-1,-1,51884,16151,84001,56447,56571,15929,7645,23265,14598,2720,7598,1120,0
59863,1,1,1,24,-1,-1,0,0,0,0,25342,29158,46708,42095,68268,33417,16635,9655,6684,5937,8495,7929,0
103392,1,1,2,22,0,0,0,0,0,0,33047,-1268,37409,-258,44913,-3369,6729,2603,6435,2009,2214,3325,0
425508,2,6,1,45,5,-1,2,-1,-1,-1,84821,111311,88924,96808,47168,63867,14977,27808,25291,22194,13276,13976,0
372611,2,1,2,44,8,2,2,2,2,0,44216,65042,46684,74312,55756,68282,19783,18739,15077,12859,11365,5089,0
248045,1,1,1,42,-1,-1,-1,-1,-1,-1,3300,6461,1900,-6781,20216,11641,4260,5626,7923,611,11944,6982,0
454941,2,3,2,36,-1,-1,-1,-1,-1,-1,22583,-10286,20838,-7717,17396,-29641,12653,499,17384,9305,3879,19144,0
597835,2,3,1,52,2,-1,0,0,-1,-1,49652,90650,7045,7964,18552,22230,19956,6085,8179,13221,4606,20770,1
367351,1,2,2,21,-1,-1,-1,-1,-2,-1,24410,16808,23389,34547,48740,41476,14184,5086,9079,15305,19672,9897,0
101803,2,1,1,41,-1,8,-1,0,-1,0,57382,79513,66603,106980,94686,108857,20776,11909,22498,7730,4374,21066,0
266809,1,2,2,28,-1,-1,-1,-1,-1,-1,17988,36043,27745,30026,36854,44155,12525,10130,15339,11910,8945,8657,0
64424,2,2,1,53,0,0,0,2,-1,0,70129,54365,40373,32342,42679,58922,6896,10309,11418,7641,5042,17851,0
189951,1,1,1,37,0,0,0,0,0,0,17637,35558,31484,20054,18663,25986,8072,3974,7271,960,1114,10663,0
308233,1,2,2,24,-1,-1,-1,-1,-1,-1,46902,25385,40401,386,5419,4489,4976,10705,8602,10512,6935,9583,1
390874,2,1,2,34,-1,-1,-1,-1,-1,-1,42040,28741,46318,40357,40923,44422,8456,17656,17394,15343,13288,6899,0
140936,2,1,1,32,2,2,0,0,0,0,15463,32977,44900,30353,48646,26447,5992,9743,8618,19412,930,5029,1
406728,2,1,2,34,1,-2,0,-1,7,0,1122,18611,44700,17438,4168,25207,4533,20030,6090,22328,23242,19901,1
523729,1,3,2,28,-1,-1,-1,-1,7,-1,-9359,11775,48441,14245,31663,40097,3807,25870,22395,30685,26220,24435,0
92925,2,2,1,32,0,0,0,0,0,0,39321,62504,56197,11817,31048,36499,5596,742,8943,26791,11195,9722,1
211337,2,2,1,46,6,-1,0,-1,0,0,25607,21094,47796,3589,59814,45912,16669,18776,10507,25584,14997,21041,0
84028,1,2,2,39,0,-1,0,-1,0,0,25514,54040,52158,3392,-6381,-5016,12458,16586,19714,7683,12676,20287,0
304049,2,1,1,48,1,-1,-1,-1,-1,0,21166,417,56156,12631,21989,16746,6093,34243,3251,18017,17059,22643,1
212802,2,3,2,39,0,0,0,0,-2,0,9634,16589,7543,16900,14985,17591,4728,9577,500,3968,5211,3181,0
141992,2,1,1,30,0,0,0,0,0,2,29556,28136,4549,24625,3236,13894,4068,8415,1371,5861,1786,4674,0
100988,2,1,2,23,1,-1,0,0,0,-2,29741,28721,22046,26708,13363,17390,4392,7467,2303,614,1532,4490,0
56141,1,1,2,36,0,0,0,0,0,0,34824,35558,21644,35244,17636,23855,4370,3159,9868,1517,2904,3037,0
116970,2,3,1,36,1,-1,0,0,0,0,9310,25622,13254,21722,25464,37472,6794,5306,92,3524,3749,6955,0
71049,1,1,2,55,-1,-1,-1,2,-1,-1,35257,15068,4204,3106,-13747,9924,1198,10211,4758,5806,2722,2628,1
227209,2,1,2,42,0,0,-1,-1,0,0,-16482,8657,3528,26471,12541,15997,7805,6545,8163,2256,3441,10307,0
19055,1,2,2,34,0,0,0,0,0,2,23754,32639,35843,45590,51033,21355,3638,3527,7127,1804,1563,1482,0
85693,2,3,2,27,-1,0,0,0,5,2,56414,30800,34591,36781,25251,10170,3409,3362,966,331,2001,824,0
221723,1,1,1,38,0,0,-1,0,0,0,9194,11424,24823,30434,40006,28136,14452,10112,3906,12267,11465,14292,0
330581,2,1,1,45,0,0,0,0,-1,0,38704,41716,43311,61671,82898,49225,22795,10297,18957,22902,13581,10200,0
126757,2,5,2,43,1,-1,0,-1,0,0,49367,35456,36686,30484,14248,17644,15761,10756,11022,2439,5947,8163,0
248861,1,1,2,29,-1,-1,-2,-1,-2,-2,60984,29333,27173,20919,1365,-1671,9032,21412,5581,13923,4762,3062,1
210731,2,2,2,22,-1,0,0,0,0,0,51958,30040,36797,50617,49042,14959,12035,9140,31711,2807,6041,10462,1
148961,1,3,1,25,-1,-1,-1,-1,-2,-2,39865,34023,15688,22345,23749,27833,15740,20859,8962,9130,13749,12007,0
350602,2,2,2,36,1,0,0,0,-1,-1,67514,35278,24280,32859,9373,-7975,5306,2359,11199,87,6966,7490,1
251539,2,2,2,36,-1,-1,0,0,-1,-2,-6754,-20596,10319,760,19167,7972,3486,13476,3243,2493,4536,12351,0
420972,2,3,2,37,-1,-1,-1,0,0,0,16735,28743,40366,32532,41776,20049,15136,22391,1579,13049,4950,6052,0
197253,2,1,1,25,-1,0,0,0,-2,-1,52127,39231,11916,28545,14303,-6047,4270,8652,1194,5064,6776,9272,0
137829,2,2,2,30,0,0,-1,0,6,-1,60398,45096,24664,43832,35354,28886,19853,9134,4451,10185,7104,4361,0
260256,2,2,1,30,-1,-1,-1,0,-2,-2,906,-7316,4994,8395,26565,27715,740,10165,3903,9676,7763,10254,0
342767,1,2,1,43,0,0,0,0,0,0,53168,19979,32524,44620,42279,18591,7027,4542,1268,264,3436,4200,0
29894,2,2,2,26,0,0,-1,0,0,0,32940,18823,12958,34845,36981,26570,2351,10096,7036,5536,9586,8139,0
356982,2,1,2,31,0,0,-1,0,0,0,65563,49890,41702,75713,57930,46789,5786,5365,22748,1226,7646,11781,0
265634,1,3,2,50,-1,-1,-1,-1,-1,-1,41215,40153,27673,40663,1968,13846,4319,8823,12469,7721,7974,10877,0
17336,2,2,2,46,1,-1,-1,0,0,0,30118,20833,22366,20369,21293,36081,1925,7116,371,2986,4603,5476,0
409525,2,2,1,30,-2,-2,-2,-2,-2,-2,40770,8376,3130,-14216,21788,625,5165,2979,409,9171,3689,2662,0
109108,1,1,2,40,0,-2,-2,-2,-2,-2,23182,-3151,-17469,-32303,-21810,-22014,2781,4541,3261,4879,1357,3652,0
295690,1,1,2,47,-2,-1,-1,0,0,0,20947,14390,14815,6935,-3225,21498,7639,2932,539,7402,10223,5787,0
188378,2,2,1,39,1,0,0,-1,-1,0,63363,55901,71508,69632,56241,61101,3430,3161,10668,3064,10347,9867,0
65729,2,1,2,31,0,0,0,5,0,0,48740,59082,45004,46925,33633,41771,5024,4332,7790,4992,269,3270,0
273326,2,2,2,37,0,0,-1,0,0,0,74329,57927,48562,57029,54926,41533,11191,565,3852,2216,2141,5228,0
177267,1,2,2,24,0,0,0,0,0,0,72933,58800,57705,54861,72540,67491,1920,8285,5459,3831,4731,4422,0
126664,2,1,1,35,-1,0,-1,0,0,0,27031,14923,21672,20657,15888,13104,1564,5091,5256,6622,1036,2086,0
140715,2,2,1,45,0,0,0,0,0,-1,84273,83756,60387,17760,30775,21021,5338,2987,2488,1594,1685,4924,0
81543,2,2,1,42,0,0,0,2,2,0,43160,4211,7448,34850,9320,21618,1026,6228,6780,1591,2583,6658,1
275175,2,2,1,39,-1,-1,-1,-1,-1,0,-2023,7590,587,4216,9434,-4911,3411,9901,4177,5717,214,4400,0
38298,2,2,2,27,2,0,2,2,0,0,85494,94927,91948,67189,70831,62101,6169,6791,161,6,3127,2080,1
22320,2,2,1,23,0,0,0,0,0,0,84113,75029,85099,72710,47535,59743,5144,10109,3913,1947,3061,1818,0
143394,1,2,2,29,0,0,0,0,0,0,108985,80064,84612,60424,68108,58195,5105,7396,7451,2191,5859,3561,0
178935,2,2,2,42,1,0,0,0,0,0,75825,66158,54231,39939,17371,39377,2837,6597,4289,1097,4550,2497,0
133636,1,3,2,46,0,0,0,0,0,0,87752,84073,90318,86680,87475,86302,4829,1129,8121,6696,4378,1922,0
162526,1,3,1,50,0,0,0,0,0,0,43171,44083,38731,39403,36138,31109,3360,435,3450,3774,2302,4314,0
131487,1,2,1,41,0,0,0,0,0,0,66670,74655,60318,37593,5332,2013,3547,2280,2811,625,5483,3078,0
17888,1,2,1,30,0,2,0,2,2,2,23023,37011,57587,27221,46272,39052,2717,534,4862,160,4893,2193,0
199854,1,2,2,35,2,0,0,0,-1,0,151724,114066,98556,100082,132137,108421,2751,8167,8397,7728,9,4529,1
120696,2,3,1,43,0,0,0,2,0,0,58323,47067,34820,28943,10162,11318,3534,4572,2955,7,4448,3447,0
139206,2,2,2,38,0,0,0,0,0,0,106937,88617,66287,73002,49155,42341,8677,1751,4687,4601,5346,2132,1
181188,2,3,1,47,8,2,0,-1,0,2,86417,74331,64949,34346,44423,50039,3683,1411,5975,5520,998,6472,0
106028,2,2,1,26,0,0,0,0,0,0,34707,60398,67844,55851,21414,49192,3186,2118,8796,6414,6282,2119,0
183647,2,2,1,45,0,0,0,0,0,0,69148,75969,64531,81444,60411,57927,2269,8716,3082,6719,1257,1710,0
124860,2,3,2,40,0,0,0,2,0,0,45353,52520,42493,53453,54098,62450,4436,4867,4779,6415,6119,4588,0
248675,2,1,1,44,0,0,0,0,0,0,99977,96957,82799,91106,79421,61234,4149,6161,7304,6993,4912,2144,0
145886,1,2,1,35,0,0,0,0,0,0,79366,55712,65914,49749,57048,36728,6414,1238,4270,4803,4040,2823,0
156567,2,3,1,33,0,0,0,0,0,0,91672,80896,87367,79028,102152,92474,5314,3707,10328,4516,8209,5338,0
163216,1,1,2,37,0,0,0,0,0,0,76603,91912,72597,64375,66034,50607,3161,4896,9381,4858,6376,172,0
156114,2,3,1,48,1,2,0,0,0,0,39782,59118,51744,53328,31598,45876,3474,2350,1877,1391,5366,3194,0
90406,2,2,1,45,1,2,0,0,0,0,28745,53226,54959,41764,22727,44657,1502,5656,2476,2388,2896,1402,0
144867,1,1,2,32,0,0,2,-1,0,0,45383,57324,82725,41303,58564,69280,5660,2457,607,1629,4684,5815,0
171358,2,3,1,44,0,0,0,0,0,0,74731,69833,65392,50543,10673,31093,312,3310,3947,1647,472,2089,0
32856,2,3,2,26,0,0,0,0,0,0,45610,40663,23360,23860,14891,28154,1377,2978,2304,1269,577,1618,0
116655,2,1,2,36,0,0,0,0,0,0,28162,17263,10791,29701,5080,14114,7363,1498,1412,3681,2483,1747,0
120547,2,2,2,22,2,2,0,0,0,0,21799,22799,23443,42253,45260,39221,1535,7183,1137,1940,1766,819,1
44332,1,2,2,27,1,2,0,0,0,2,68522,36806,54277,37328,33366,47634,898,7502,2599,543,777,4166,1
35161,2,1,2,30,2,2,2,0,0,0,-222,1735,9756,-712,10959,33910,7667,2059,3806,56,8090,4239,0
118146,2,2,1,38,0,0,0,0,0,0,70705,60867,65112,40547,22115,17501,3296,6828,1721,236,3529,1291,1
66102,1,3,1,41,0,0,0,0,2,2,42582,70321,75743,68148,76550,82329,4686,827,772,3068,1838,7094,0
122231,2,2,2,38,0,0,0,0,0,0,48374,41587,37960,35870,27264,38163,1202,3832,4499,244,1341,4350,0
120861,2,2,1,31,0,0,0,0,0,0,61610,70614,67099,53297,37130,54109,4188,4378,1458,101,3052,1803,0
100198,2,2,1,32,0,0,0,0,0,0,28657,65280,52902,35381,53677,60291,6012,751,527,5223,5284,6183,0
138558,1,2,1,40,0,0,0,0,2,0,70956,95568,91061,78938,77765,81828,827,7472,3764,2522,4336,1388,0
150747,1,3,2,41,0,2,2,0,0,0,33064,27637,12471,1340,6467,12852,6271,68,12062,2032,6451,2454,0
209804,2,1,1,32,0,0,0,2,0,0,20707,34644,46609,36096,29566,18623,4781,2145,3944,2981,1174,7833,1
188557,1,1,2,31,0,0,2,0,0,0,30034,59583,68265,31130,42240,31680,6269,4672,7427,5901,2566,10259,0
103620,2,1,2,21,0,0,0,0,0,0,-29635,14208,47919,21339,48876,57295,3759,8779,10547,1565,9820,6508,0
164095,1,1,2,45,2,2,0,0,2,-1,76609,61268,64875,30585,15466,17242,10418,3873,6980,23,7963,8451,0
238454,1,1,2,30,0,0,2,0,0,0,29732,15137,23111,7042,9824,5709,1711,15729,10919,1841,3508,6834,0
146507,2,3,1,56,0,0,0,0,0,0,22123,56878,21516,20976,20549,26817,6389,4214,2136,8422,3793,4031,0
188394,2,3,1,31,0,0,0,0,0,0,39815,37917,71707,31333,35018,31282,5515,10269,7282,709,6614,4048,0
63999,2,1,1,45,1,2,0,0,0,2,34922,56899,71283,62774,44592,48207,748,6064,5191,5757,4712,2574,0
128907,2,2,2,32,2,0,2,0,0,0,59275,50896,80348,60208,60800,59803,2219,6808,5934,2801,3814,2972,0
146758,1,1,1,49,0,0,0,0,0,0,23428,26791,20325,41070,22893,25055,3028,5216,2974,2561,1868,3322,0
226568,2,1,1,53,3,0,0,0,0,0,62478,80585,81832,86836,80726,58425,2810,14815,2259,4648,1774,6174,1
177615,2,1,1,33,2,0,0,2,0,0,67972,25911,33649,58622,8566,10245,2771,3364,3275,3165,4326,366,0
194629,2,1,2,41,0,2,0,0,2,0,-17647,34863,102234,107339,129371,113683,237,19026,6821,3188,3253,8594,0
120215,2,2,1,28,2,2,0,0,2,2,-4912,9700,41750,40818,68727,76297,1617,5629,4160,3817,7113,910,0
297766,1,2,2,31,2,0,0,0,0,0,131747,113208,88638,81889,71796,51377,4683,4150,4220,8214,479,12252,1
148652,2,2,1,39,0,0,0,0,0,0,25567,78011,74337,78033,62502,60596,6945,5352,3250,2322,4207,56,0
116616,1,1,2,43,0,0,0,2,0,0,42382,47963,79130,75767,55218,56511,3485,2854,6096,5515,160,5532,0
93549,1,1,2,26,0,0,0,0,0,0,55049,63650,93318,57895,58457,63557,3117,8811,5920,3091,2176,2508,0
241937,2,1,1,35,0,0,5,0,0,0,91018,116912,108360,75832,79957,68018,7904,6643,2882,8921,1954,1805,0
149466,2,2,2,23,2,2,0,2,0,0,55165,63484,87491,74221,54213,52530,1352,5237,4381,5691,5800,1170,0
88064,2,2,1,44,2,0,0,0,0,0,77265,89529,71799,40847,44956,38304,4546,1202,1874,6998,4264,323,0
326944,2,2,1,55,0,0,0,0,0,0,126787,133969,138569,112376,106898,65525,6330,12630,5624,7694,262,5742,0
60884,2,2,1,28,2,2,0,0,0,0,29464,22631,43987,21608,13684,11540,2521,781,1448,4452,2306,1774,1
235938,1,2,2,24,0,0,0,0,0,0,126288,138172,107433,70871,65114,52239,6782,6673,2936,5760,3526,5702,0
111350,2,3,1,41,0,0,2,0,0,0,46163,33008,58918,42743,37335,40530,1318,2556,1888,2768,2655,1043,0
197360,1,3,2,35,0,0,0,0,0,0,69703,82183,48449,56465,68177,67465,8746,3870,3699,4987,1958,450,0
219631,1,1,1,36,2,0,0,0,0,0,135342,120871,92748,80796,43459,20856,3562,6514,6058,7412,346,8558,1
183338,2,2,2,45,0,0,0,0,0,0,81494,87578,73316,50205,51260,46298,6708,1734,2358,5366,3643,279,0
202931,1,3,2,38,0,0,0,0,0,0,70851,78298,78856,63970,86400,83416,4654,814,1673,7830,744,10266,0
151641,1,2,1,41,0,0,0,0,0,0,25223,46667,48907,53253,48813,36705,4315,2329,1504,7501,632,5398,0
114184,2,2,1,40,2,0,0,0,0,0,43899,89055,82540,77851,62557,58739,2246,6079,784,4857,3269,654,0
235612,2,2,2,37,0,0,0,0,0,0,87142,93263,73494,62927,38420,44134,4240,5270,2446,3906,2990,2387,0
157579,1,2,2,41,0,0,0,0,0,0,62375,67431,51162,44129,61377,57983,3517,5893,241,7434,1255,2336,0
150076,2,1,2,35,2,0,0,0,2,0,44853,56581,53428,63454,51388,61685,686,6745,1030,4046,3332,4367,1
193918,2,2,1,37,1,0,2,0,0,2,133723,87034,95408,69616,65636,55843,455,4983,2153,5050,2909,6313,1
211196,2,2,2,34,0,0,2,0,0,0,88960,68512,55493,48819,51920,58192,5159,3537,1415,6401,3006,6620,0
259647,2,1,2,60,0,0,0,0,0,0,130475,129589,119784,89283,66055,55443,5316,5878,5937,7205,1483,4491,0
78365,1,2,1,65,0,0,0,0,0,0,54739,67929,68926,56045,58763,56107,3059,5724,2305,5071,529,5524,0
97371,2,3,1,46,0,0,0,0,0,0,32955,54237,37095,37694,46768,52574,1196,4124,1850,1156,4984,1676,0
112816,1,2,1,34,0,0,0,0,0,0,19421,29901,6979,21121,10931,8401,3441,251,48,5211,1042,581,0
186382,1,1,1,40,0,0,0,0,0,0,45500,88792,99339,58714,52903,39290,5388,1635,3527,4783,8149,3522,0
101329,2,2,1,37,0,0,0,0,0,0,53695,57691,39110,34857,7974,18307,1598,6772,814,3758,3000,3687,0
173896,2,3,2,42,0,0,0,0,0,2,58417,63407,43150,43256,42893,45852,2163,4587,1771,4759,2834,4655,0
49889,1,2,1,36,0,0,0,0,0,0,41641,35339,16240,31740,-1189,-11985,4461,1591,468,3142,3812,3592,0
136244,2,1,1,45,0,0,0,0,2,0,71463,98094,83770,64395,71485,81061,3188,6156,3997,3153,12361,4327,0
99385,2,2,2,48,0,0,0,0,0,0,77104,52485,54653,16597,28566,44412,3026,1032,1607,3316,1913,5235,0
109836,2,1,2,33,0,0,0,0,0,0,39961,67586,64561,50205,47024,66677,2449,6380,1003,4997,9566,3987,0
130925,1,2,2,31,0,0,0,0,0,0,59033,66697,71158,43527,25535,22538,2894,9626,3589,2481,9403,2348,0
146227,1,2,1,43,0,0,0,0,0,0,73052,69397,64622,42415,42594,46482,3502,4990,2226,3721,1772,4131,0
233118,2,2,1,41,0,0,0,0,0,0,60664,92899,100846,69351,49208,52900,1655,10315,3993,3673,12760,3210,0
219353,1,2,1,27,0,0,0,0,0,0,41912,53811,51441,46514,44697,37021,4461,2302,3702,6328,3956,3997,1
187230,2,3,1,56,0,0,0,0,0,0,115824,116572,147457,105890,78699,74398,1876,17688,7330,428,2738,5765,0
222766,2,1,1,35,0,0,0,0,0,0,64856,113206,123502,101226,62299,75915,355,18744,3948,1954,7592,3576,0
28263,2,3,2,34,0,0,0,0,0,0,36453,54915,50616,15781,29593,51174,1173,4778,359,3009,5640,6135,0
177465,1,1,2,28,0,0,0,0,0,0,-12971,12634,24334,35882,36075,30529,1587,6175,1791,3239,6632,4834,0
144288,2,2,1,38,0,0,0,0,0,0,-7110,16094,43172,53560,47117,33576,2425,3937,8025,3125,1401,374,0
141474,2,1,2,31,0,0,0,0,0,0,55464,68958,33939,53722,58879,57871,2301,2525,2332,4477,2428,3570,0
84188,1,2,1,26,0,0,0,0,0,0,4421,21189,53765,23117,55041,50235,840,1936,2930,2054,2178,3907,0
99779,2,2,1,45,0,0,0,0,0,0,24390,49326,57385,56789,54363,55784,341,1911,1591,2319,2385,1799,0
100478,2,3,2,44,0,0,0,0,2,2,34463,70878,53828,63316,68726,77374,140,4109,3891,3920,1755,3385,1
27241,1,1,2,36,0,0,0,0,0,2,55737,26796,49633,29136,28275,35236,1198,718,1466,1900,2429,6194,0
126509,2,2,1,52,0,0,0,0,2,0,69489,99200,91973,102491,76914,51002,3496,3489,5614,1145,1414,5895,1
99188,1,1,2,39,0,0,0,2,0,0,54043,70960,74818,82685,63946,65396,1020,6831,1517,2991,3655,221,0
102384,1,1,2,39,1,2,2,2,2,2,78082,123785,117475,133547,131283,118446,1082,5978,1659,7031,2115,5273,1
52310,2,2,1,37,0,0,0,0,0,0,38513,71481,71042,54881,54036,49286,1942,941,1908,3444,2949,3114,0
142161,2,2,2,35,2,0,0,0,0,0,60973,73992,54190,65373,44859,42035,1883,1552,5379,959,2103,357,1
216575,2,2,2,34,2,0,0,2,-1,0,54688,63272,74375,86687,71369,69627,3279,7073,2655,4607,1671,1402,0
59886,2,3,1,28,0,0,0,0,0,0,30777,40157,50159,39210,25474,24686,827,2015,4581,31,1431,1145,0
144947,2,1,2,48,0,0,2,0,0,0,103533,137276,93807,102325,96406,86087,3410,3296,2501,3738,4130,7410,1
195165,2,2,2,41,0,0,0,0,0,0,35119,70646,58365,74089,94399,78652,4086,2308,4712,7635,2138,5664,0
106655,1,2,1,50,1,2,2,2,2,2,96341,91675,86828,134417,92554,94820,530,8640,244,1006,3058,2706,1
173397,1,2,1,34,0,0,0,0,0,-2,8253,14517,-2987,-18486,-6112,2584,1802,2492,3614,950,1421,598,0
111598,1,3,1,37,0,2,0,0,0,0,68257,89816,87929,94570,85407,77452,1265,4593,2723,4987,4589,4750,1
120646,2,2,1,35,2,0,0,2,0,0,31136,17669,42763,43841,22606,31027,1126,4003,4037,2488,1003,1075,0
156443,2,1,1,43,0,0,0,0,0,0,73932,105364,91966,91779,66685,49104,5043,4088,1306,4929,3896,4860,0
45301,1,1,1,45,0,0,0,0,0,0,23751,43861,24317,28687,49218,48212,340,4408,2273,2703,936,3987,0
72301,2,3,1,42,2,0,0,2,2,0,91255,127031,114310,124548,97355,83565,1717,5167,2278,3110,3898,8137,1
88557,2,1,1,46,0,0,0,0,0,0,51118,85548,84436,71834,62460,64070,943,4378,2166,6025,2301,4094,0
157154,2,2,1,51,0,0,0,2,0,0,61058,63211,86342,103156,83118,69509,5849,4890,2982,3470,1566,4548,1
39472,2,2,1,43,0,0,0,0,0,0,46609,73541,67284,44279,64724,46912,4544,1700,4123,2912,850,5835,0
87543,2,2,2,23,2,0,2,2,0,0,86237,92822,107985,113301,114845,86721,2754,7274,4514,1781,1908,6292,1
150591,2,1,2,39,0,0,0,2,0,0,109871,123143,97067,113844,79682,54523,3452,7902,4696,2222,4254,3278,0
86694,1,1,2,46,1,0,0,0,2,0,63721,63277,51872,88518,72499,68664,1324,161,558,2964,4090,7940,1
57982,2,2,1,28,0,0,0,0,0,0,47938,57068,66151,57716,37373,28163,4125,2162,5956,345,1352,818,0
59855,2,2,2,31,0,0,2,0,0,0,14632,43755,20759,30925,40843,36096,1768,902,256,796,1973,449,0
116650,1,2,1,26,0,0,0,0,0,0,25756,36373,81418,59392,62344,64845,4838,7153,4239,615,762,1465,0
102746,1,2,1,36,2,0,0,0,0,0,10939,5268,28181,56472,54336,48041,2395,346,2094,2303,1007,2717,0
39587,1,1,2,35,0,0,0,0,0,0,65393,71732,35434,31194,25032,26552,1006,5056,1444,1725,667,475,0
82172,2,1,2,33,2,2,2,0,0,0,52871,55610,45777,53846,34707,41583,697,4039,1821,2970,44,1660,1
78108,2,1,2,26,0,0,0,0,0,0,19934,38376,52000,50096,51331,41405,3910,1495,3955,487,1652,1287,0
74914,2,2,1,37,0,0,0,2,0,2,-3078,17790,59695,62234,61609,50143,6211,229,1808,720,1146,2952,0
122881,1,2,2,40,2,2,2,0,2,0,29937,14206,13890,35413,44157,47699,785,1585,3511,2209,895,1103,1
166225,1,2,1,37,0,0,0,0,0,0,70981,92535,99036,75049,56277,32033,3569,7910,3383,3982,874,211,0
163338,1,1,2,27,0,0,0,0,0,0,52215,56544,84321,43356,27424,25428,2339,1040,5821,1539,2295,1472,0
141282,2,2,2,26,0,0,0,0,0,0,81801,83799,62496,55182,43085,56166,3509,2185,4004,1962,1995,3954,0
330269,2,1,3,23,0,0,0,0,0,0,79786,96442,101927,101905,77085,73209,5543,4322,3794,4642,2495,9371,0
272064,1,1,2,24,0,0,0,0,0,0,84461,106639,102562,79415,89583,72299,6121,2903,7333,4746,868,5109,0
355296,2,1,2,27,0,0,0,0,0,0,134403,124777,108518,113333,83267,87857,2596,13370,8121,5060,2158,4661,0
266157,2,1,2,23,0,0,0,0,0,0,160650,120549,117129,130048,104789,112994,8579,10328,8763,4959,1006,8110,0
330918,1,3,2,39,0,0,0,0,0,0,63519,48789,64256,53985,47048,36896,1563,3049,1824,3451,1953,3826,0
105570,1,1,2,26,0,0,0,0,0,0,77635,64579,55896,77220,74441,86912,1884,4258,5856,6428,1321,4494,0
146330,2,2,2,36,0,0,0,0,0,2,21491,51566,46179,36409,36615,27970,3276,48,1880,2262,1274,2962,0
141717,1,1,1,36,0,0,0,2,0,0,96873,109982,118525,106200,79638,58502,6168,4940,9429,3071,397,5872,0
240891,1,2,1,46,0,0,0,0,0,0,63981,82815,85929,94854,83337,63109,6693,3411,4964,4377,113,5891,0
291030,2,1,1,43,0,0,0,0,0,0,115354,150940,110119,111359,97684,77829,5887,8220,8988,3788,2365,6391,0
251898,1,3,2,21,0,0,0,0,0,0,81306,62563,73149,58622,69979,67743,1346,7084,1238,6799,1906,5737,0
183517,2,1,2,22,0,0,0,0,0,0,66149,89042,79211,101912,72797,48528,5812,3187,8731,4212,802,1558,0
19564,1,2,1,43,0,0,0,0,0,0,29295,40595,47725,25976,28923,18185,2042,1161,4204,3420,1085,536,1
187755,1,2,1,33,0,0,0,0,0,0,138878,133390,139287,126026,111075,98408,10245,5931,13494,4387,178,2979,0
100120,2,1,1,38,0,0,0,0,0,0,71764,92626,82080,60809,41578,49850,4833,2788,8998,2481,210,736,0
216914,2,1,2,24,2,0,0,0,0,0,68591,89173,70823,62079,49539,47613,829,7014,6597,4268,2339,1327,0
262819,2,3,2,21,0,0,0,0,0,0,106390,86487,89685,106530,82335,92715,6744,2889,9836,190,1614,10684,0
329818,2,1,2,37,0,0,0,0,0,0,100032,119524,106418,81513,58214,57502,4269,7527,4010,3010,3626,6294,0
243753,1,2,2,44,0,0,0,0,0,0,77188,109391,92973,73551,78755,70484,5433,1325,6873,3205,561,5266,0
79121,1,2,2,24,0,0,0,0,0,0,87447,78393,68557,52101,67809,79066,4788,2466,5374,3902,805,5498,0
104368,2,3,1,49,0,0,0,0,0,0,97348,104290,72140,77795,64506,65065,4033,4043,4684,4184,1781,3916,0
113542,1,3,1,38,0,0,0,0,0,0,83619,128577,108295,80772,72050,54344,5387,2741,4096,4221,949,5863,0
257273,1,3,1,38,0,0,0,0,0,0,100998,93586,76233,61522,83494,86936,3626,786,5332,4291,1513,7807,0
366942,2,3,2,43,0,0,0,0,0,0,99714,117494,104948,96876,98648,86756,3592,7032,6315,7235,913,4035,0
178848,1,1,1,35,0,0,0,0,0,0,74296,51634,50030,62591,69590,60019,1940,6244,6321,2536,1487,4294,0
284302,1,2,2,38,0,0,0,0,0,0,87050,49491,53757,84068,77917,70429,4643,312,7400,3423,291,6923,0
308797,1,1,2,25,0,0,0,0,0,0,61559,84361,96709,69595,76268,71168,3898,457,5259,5909,677,5149,0
65886,1,1,2,42,0,0,0,0,0,0,90907,66931,47187,62266,47657,56285,3441,5976,5927,1514,2529,4638,1
71708,2,2,1,39,2,0,0,0,0,0,64439,63580,56840,60440,42274,42807,4005,236,6645,2832,1229,2175,0
220644,2,1,2,21,0,0,0,0,0,0,59673,85327,87521,66891,47146,47497,3251,420,3991,2813,1430,5726,0
207091,2,2,1,40,0,0,0,0,0,0,116856,109481,93874,91308,99814,96919,3934,8117,9243,6528,295,5346,0
84094,1,2,2,27,0,0,0,0,0,0,54904,69485,43762,50954,40789,52412,586,1749,2899,3403,2579,3188,0
219774,1,1,2,26,0,0,0,0,0,0,143597,139732,115481,119512,93822,110857,5827,9129,5223,6271,2401,6596,1
48550,2,1,2,26,0,0,0,0,0,0,53287,26517,35288,60492,51654,59364,2965,1798,5115,5759,1384,1849,0
138168,1,1,2,41,0,0,0,0,2,0,65633,40887,38391,49296,61530,53321,1057,691,7488,4317,1400,1564,0
214513,2,1,2,33,0,0,0,0,0,0,116113,115080,95556,114125,85927,83849,7077,3341,9743,3115,658,7146,0
36576,2,2,1,35,0,0,0,0,0,0,85724,79229,65368,41920,43435,32643,134,7697,2678,5296,3133,1755,0
88210,1,3,1,47,0,0,0,0,0,0,36276,46902,34230,38813,35764,32640,971,469,2338,3104,1905,2145,0
143495,2,2,1,52,0,0,0,0,0,0,47862,63401,70361,59460,59585,34949,3570,1837,4323,3136,1510,5324,0
200508,1,3,1,41,0,0,0,0,0,2,65363,109098,86286,62781,73308,64645,4044,4293,2889,4627,753,6251,1
193832,2,2,2,25,0,0,0,0,0,0,138231,148315,131572,101405,98486,103870,8579,4910,8440,3703,1370,9903,0
409115,2,1,2,37,0,0,0,0,0,0,214861,188431,185718,182981,147271,134806,9398,20317,11838,6931,2968,9694,0
143693,2,1,2,22,0,0,0,0,0,0,116487,97755,85925,79635,62383,70083,3871,7078,5832,3610,1590,5136,1
55583,2,2,2,27,0,0,0,0,0,0,69965,49223,48088,37895,38733,37910,987,2929,4525,3921,1026,2005,0
113319,1,3,1,24,0,0,0,0,0,0,37967,67648,56568,51080,42842,26975,6407,1066,2305,2464,2249,254,1
195746,1,2,1,33,0,0,0,0,0,2,101968,115836,97277,41355,73462,66500,5410,2833,9313,1955,2151,588,0
237341,1,3,2,32,0,0,0,0,-1,0,108931,108258,85142,60379,65839,64355,133,9821,6247,1369,4900,1219,0
194841,1,2,1,51,0,0,0,0,0,2,54246,71205,73471,57969,58599,56382,3090,1695,5019,2285,4020,0,0
238428,2,2,1,42,0,0,0,0,0,0,59157,51047,79265,49816,50273,37307,3056,5366,3264,2511,3331,928,0
28119,2,3,1,48,0,0,0,0,0,0,49721,60038,63386,46747,42731,22957,5604,2365,1286,1421,3858,20,0
112285,1,3,1,41,0,0,0,0,0,0,30493,9189,58631,36868,41366,32164,1867,3419,2016,2998,758,84,0
20910,1,1,2,22,0,0,0,0,0,0,47163,33756,39461,35414,10071,23046,66,2315,2205,505,3377,2936,0
254617,1,2,2,45,0,0,0,0,0,0,96069,66227,66927,49882,69057,60830,5381,1165,6423,1888,1503,177,0
195954,2,2,1,21,0,0,0,0,0,0,68042,78732,68412,70541,65996,54771,4906,900,5950,2124,2081,815,0
148947,1,3,1,62,0,0,0,0,0,0,79516,74641,71037,72214,63404,37698,3751,3407,3046,3510,2835,151,0
331104,1,1,1,34,0,0,0,0,0,0,131513,166265,131336,75869,107753,65186,9196,2995,7491,3829,2686,2159,0
22478,2,2,2,28,0,0,0,0,0,0,44199,18286,26928,38304,11710,15272,426,5194,1087,514,2867,955,1
57729,1,2,2,39,0,0,0,0,0,0,40984,25424,35018,43532,19602,32598,1153,3766,2742,1384,3579,466,0
145312,2,1,2,45,0,0,0,0,0,0,59724,47255,29907,34608,53609,52457,3024,716,464,2559,2581,1809,0
289641,1,1,1,56,0,0,0,0,0,0,93816,102285,77640,62019,79083,55009,5714,5737,6453,961,2327,88,1
160738,1,2,1,31,0,0,0,0,0,0,57155,77693,81035,52658,61905,48474,4950,1904,4223,1540,2037,1187,0
205388,1,1,1,34,0,0,0,0,0,0,56802,60268,60635,53884,56620,31448,832,2982,1576,3019,108,3490,0
113010,2,2,2,35,0,0,2,0,0,0,57448,49403,98658,82181,89855,81855,4901,6679,3549,5964,2912,7350,0
182744,1,2,1,22,0,0,0,0,0,0,23153,40098,42901,17018,53845,52584,811,3114,1142,5807,1216,1119,0
280089,1,1,2,34,0,0,2,0,2,2,62345,85770,70833,55789,67424,64668,1662,8348,2110,6510,2284,2110,0
168901,1,1,2,36,0,0,0,0,0,2,47687,49268,52458,45688,46383,49420,2398,110,3398,1923,1313,2264,0
118168,2,2,1,57,0,0,0,2,0,0,33795,68444,39233,56236,36101,14841,3239,1076,1143,3798,2124,58,0
73715,2,2,2,40,0,0,2,2,2,2,52065,61171,70361,67987,66448,68980,3097,8902,3311,6346,3437,5936,0
236774,1,2,1,45,0,0,2,0,0,2,59148,88475,115487,71629,77040,61414,3549,8110,3776,5959,2195,4821,0
139182,2,3,1,51,0,0,2,0,0,2,29692,52462,68774,50694,47274,39551,713,4125,3984,4663,1079,1527,0
171350,1,1,1,32,0,0,2,2,2,4,73617,111993,110427,75977,99474,74434,5314,8980,2742,8212,863,4699,0
79937,2,2,2,22,0,0,0,0,2,0,29802,35966,32774,19698,30114,34002,1057,2906,2935,804,1751,1765,0
134262,1,3,3,45,0,0,2,0,2,2,53362,83910,117433,71997,90024,88452,3768,9710,4455,8875,1522,6686,0
46901,2,1,2,27,0,0,2,2,2,0,45559,78610,75181,81639,75601,60570,6353,3549,3399,6238,2269,2053,0
220304,2,3,1,28,0,0,0,0,0,2,48479,55065,52005,44362,40904,48575,746,4476,4709,1739,1187,1231,0
160016,2,1,2,37,0,0,2,0,0,0,60457,97336,100647,69553,76558,65454,4524,4701,2954,5289,1536,5277,0
100310,1,1,1,49,0,0,2,2,2,2,57352,46566,45163,49263,75853,68935,4399,4551,2479,7956,390,2718,0
15333,2,1,1,38,0,0,2,2,2,2,41992,57612,97669,84755,74749,65997,3503,13960,4979,9567,2153,1709,0
135434,2,2,2,51,0,0,0,0,0,0,60149,45394,45357,52670,52176,60086,20,6678,1448,2612,2377,5267,0
320955,1,1,1,41,0,0,0,0,0,0,104805,61163,81845,75798,81462,86889,1683,3922,2903,2565,313,10131,0
339902,2,2,1,51,0,0,0,2,0,0,82847,80161,84461,58031,71924,82777,2334,2204,4031,3520,1416,3897,0
93972,1,1,2,38,0,0,2,0,0,0,58939,76956,69116,55426,59690,49246,4620,3962,2187,3860,2196,2303,0
125566,1,1,2,27,0,0,0,0,0,0,66036,40085,26841,47066,37643,40518,2067,3301,412,847,2101,2903,0
267118,2,2,2,59,0,0,0,2,0,0,79265,72781,87264,81676,71704,76822,1147,2891,3521,5224,2209,4684,0
114973,1,2,2,27,0,0,2,0,2,2,48234,78127,67170,34437,52745,39898,2905,7507,3060,5720,1008,1669,1
53029,1,1,2,30,0,0,2,0,2,2,34540,41007,18715,21957,15356,28980,379,3909,3772,1284,2494,52,1
69381,1,1,1,50,0,0,2,2,2,2,35614,67530,65620,48490,60552,40478,4304,5960,2430,7931,1578,83,0
123843,1,2,2,35,0,0,0,0,0,0,13696,19176,17968,19683,21721,23230,671,434,672,2670,3674,1295,0
25509,1,3,2,40,0,0,0,0,0,0,28727,23926,42839,60506,33962,29016,2661,668,1461,2608,2165,2020,0
216658,1,2,2,22,0,0,0,0,0,2,41302,20905,59523,55998,69642,66650,431,1873,3876,3859,502,3345,0
94097,2,1,2,34,0,0,3,2,2,0,63740,79222,102947,75098,74806,83033,6719,2184,2531,3224,4191,6883,0
103844,1,3,1,40,0,0,0,0,0,0,38683,31802,28985,25255,31310,31645,2669,1307,1046,2490,691,409,0
223745,2,2,1,43,0,0,0,0,0,0,84164,88757,87815,74304,55288,51947,1574,5607,3218,1037,1730,4295,0
204973,2,2,2,30,0,0,0,2,0,0,72228,86374,108675,81919,61422,52724,4947,3916,3110,872,4551,2100,0
52011,2,2,2,34,0,0,2,2,2,0,80914,55162,76784,90040,82635,87030,3689,9975,3598,6698,2248,4072,0
264604,2,2,2,30,0,0,0,0,0,0,62906,51745,61281,56461,62682,71743,863,2011,2748,1909,2237,8583,0
241068,2,1,2,29,0,0,0,0,0,0,57598,103164,70685,25051,43611,29181,2106,4409,2406,590,2207,552,0
79575,1,2,2,36,0,0,2,0,2,2,43923,41320,56417,51437,45603,63960,232,4633,2851,2241,4051,5613,0
312707,2,2,1,48,0,0,0,0,0,0,60566,60783,87100,48216,61927,44248,2627,671,3492,1202,1502,2134,0
199358,2,2,1,50,0,0,2,0,2,0,53209,73302,62866,62823,52044,43315,824,3389,1708,3182,2054,2439,0
78897,1,3,2,40,0,0,2,2,2,2,78140,86412,72178,59581,71195,77777,3566,9150,3112,6842,1994,6652,1
191698,2,2,1,30,0,0,0,0,0,0,51539,55491,77635,64006,62798,64488,2115,4535,3605,3156,1821,3134,0
136980,1,2,2,38,0,0,2,2,0,0,33476,49153,51445,41466,50332,50794,4427,4866,2038,5659,1161,1899,0
38978,2,1,2,30,0,0,2,2,2,0,56672,60082,67394,69477,49936,53742,2184,9067,3782,3080,3592,1943,0
209552,1,1,1,32,0,0,0,0,0,0,37159,39156,24968,25627,29270,19839,981,124,579,488,373,5226,0
132358,2,1,2,29,0,0,0,0,2,0,50506,46785,31836,29544,36045,43040,425,935,2215,1905,723,1513,0
110889,1,1,1,42,0,0,2,0,2,2,35626,51133,52865,46251,54159,50284,3010,4043,1318,5060,2797,1392,0
101374,1,2,2,38,0,0,0,0,0,0,65745,42572,48406,34167,34390,44430,1914,2593,2200,2421,2415,1114,0
118515,1,1,2,29,0,0,0,0,0,0,57358,57866,54553,34286,38414,45257,3607,382,2476,2187,890,791,0
345212,2,1,2,40,0,0,0,0,0,0,80580,58006,77261,86877,84185,79800,619,3655,1268,1614,3250,8690,0
202687,1,1,1,35,0,0,0,0,2,0,50854,67726,97071,61103,70943,74495,731,5720,2184,3178,3737,7873,0
261624,1,1,1,36,0,0,0,0,0,0,125174,98375,77170,67863,68167,70285,5555,5125,3777,8045,458,963,0
105336,1,2,1,32,0,0,0,0,0,0,-9615,-24016,792,3159,27520,31653,3087,105,903,3083,3956,803,0
63202,1,1,2,23,0,0,0,0,0,0,10318,49349,45259,49584,27577,34092,1236,3905,1815,439,4958,160,1
59614,1,1,2,33,0,0,0,0,0,0,26122,21837,36507,34595,32657,9407,3982,337,1879,1108,2653,1092,0
179632,2,2,1,35,0,0,0,0,0,0,154122,152923,110757,100034,80854,100156,5044,12289,3515,5388,2010,863,0
138235,1,1,2,45,0,0,0,0,0,0,99876,56817,67204,68197,44086,59613,2621,5271,2753,3510,1120,2033,0
188634,2,3,1,53,0,0,0,0,0,0,117528,122548,102888,87385,73413,83743,2538,8480,4162,6228,1075,327,0
169610,2,1,2,43,0,0,0,0,0,0,71045,26299,9671,33268,39525,51996,4976,2999,742,3808,3045,1038,0
245282,2,1,1,49,0,0,0,0,0,0,140185,127384,97998,101527,86444,82677,5459,6826,3833,6838,3622,3091,0
213978,2,1,2,25,0,0,0,0,0,0,106949,88914,67926,80406,56757,72473,4323,7565,3188,5589,3943,1181,0
105551,2,1,2,39,0,0,0,0,0,0,55455,47289,41035,47638,42874,49481,1311,4348,335,3475,1209,391,0
155185,2,1,2,28,0,0,0,0,0,0,177510,170494,143659,121974,101062,93578,6338,10078,3803,5313,832,2554,0
19424,2,2,2,37,0,0,0,0,0,0,64487,78126,73627,51325,48467,38882,2079,3153,3613,1421,702,401,0
117536,2,5,1,48,0,0,0,0,0,0,68936,76464,55718,51368,69013,52976,930,3758,2144,2788,2726,169,0
116922,2,1,2,36,0,0,0,0,0,0,45035,88680,68909,70192,53625,40651,3271,4453,3330,1804,4130,836,0
255660,2,1,2,34,0,0,0,0,0,0,158553,140100,104710,107059,69906,81739,7523,8599,5298,6222,2429,1821,0
209362,2,1,2,26,0,0,0,0,0,0,36692,38273,19822,24176,21134,36089,5299,959,874,2434,6413,472,0
92051,2,2,2,24,0,0,0,0,0,0,-10318,-27563,12049,18310,8509,9286,3948,487,52,349,4185,1985,0
178571,2,2,2,25,0,0,0,0,0,0,94143,65554,54811,76169,36961,62469,4177,5154,1177,3197,2586,1425,0
66588,2,1,2,41,0,0,0,0,0,0,24033,31280,16879,20218,23287,33282,1432,845,234,138,3833,965,0
171968,2,2,2,23,0,0,0,0,0,0,87816,80794,43367,58090,35027,49969,6693,5360,3141,6214,1094,927,1
126051,1,1,1,42,0,0,0,0,0,0,81379,66216,48619,57597,41354,49575,2247,7115,1142,3214,1392,1196,0
156626,2,1,2,46,0,0,0,0,0,0,84934,83045,47966,45356,49951,61817,4776,3117,2069,5149,129,2078,0
93729,2,2,2,33,0,0,0,0,0,0,26753,17479,3593,19002,30489,40867,4228,1227,1663,3109,2331,1191,0
178786,1,3,2,33,0,0,0,0,0,0,133805,134539,115586,97487,66508,61435,3612,6863,5152,4531,669,188,0
206096,2,3,2,39,0,0,0,0,0,0,150730,155249,120714,83675,71773,42382,7746,8082,6259,4033,1052,1048,0
70438,2,1,2,49,0,0,0,0,0,0,33611,46984,33319,31015,42923,33907,1424,4963,289,2371,2567,62,0
264386,2,5,1,64,0,0,0,0,0,0,140704,138890,107048,106217,100535,101519,3235,11892,5661,8517,2043,1112,0
131395,2,2,2,34,0,0,0,0,0,0,67031,54240,53394,42835,34250,36805,5063,1883,3410,3398,1264,236,0
53063,1,3,2,39,0,0,0,0,0,0,78796,77241,65812,55332,40576,47247,2439,2377,4865,470,1582,443,0
108164,1,1,1,43,0,0,0,2,0,0,49449,46916,40055,46439,33028,25742,3580,1954,203,1446,3819,268,0
61993,2,3,1,41,0,0,0,0,0,0,-2435,-1176,14258,5976,27343,15955,2703,89,1461,2176,3290,677,0
104621,1,1,2,26,0,0,0,0,0,0,33026,22182,26593,15551,24506,25323,2817,2473,2110,1206,2823,858,0
122147,2,2,2,39,0,0,0,0,0,0,111567,125671,87017,84016,62123,65003,3918,9447,3305,3233,2741,595,1
214484,2,1,2,35,0,0,0,0,0,0,82584,80656,65616,73278,47859,58049,541,9671,5180,5341,2792,309,1
86733,1,1,2,36,0,0,0,0,0,0,69131,38375,33102,40339,50849,52267,1907,5216,2040,2792,415,115,0
139816,1,1,1,34,0,0,0,0,0,0,52159,37699,40830,19540,32726,30480,3583,4352,1851,2292,3871,2034,0
92711,2,1,2,38,0,0,0,0,0,0,75493,59362,32688,38311,33836,52464,2980,1356,3004,2041,2577,856,0
68992,2,2,1,39,0,0,0,0,0,0,33912,19201,14344,28877,34065,46120,2869,1517,2038,734,2097,269,0
155029,1,2,2,38,0,0,0,0,0,0,10706,23431,38252,20456,2634,6487,6259,182,3018,1391,4842,753,0
182462,1,2,2,43,2,0,0,0,0,0,8601,7245,1273,-15838,19115,17621,5800,513,937,1864,5575,1437,0
113387,1,1,2,37,0,0,0,0,0,0,16620,17092,17987,16232,11786,11943,2528,1154,2632,1121,2374,1098,0
155318,2,1,1,46,0,0,0,0,0,0,37712,41173,54805,68634,49163,26327,1938,4861,2072,4534,4161,982,0
308270,2,1,2,24,0,0,0,0,0,0,87613,89121,16927,28557,50748,65355,8904,4635,5563,7037,4421,313,0
128001,1,1,2,50,0,0,0,0,0,0,81606,35211,31507,41791,35674,61486,3259,4646,923,2118,3422,650,0
150471,2,2,2,46,0,0,0,0,0,0,130363,144531,122827,96001,80250,54427,3145,9468,6560,3678,765,9,0
95255,2,2,2,24,0,0,0,0,0,0,57082,26941,34398,45122,40615,55270,3394,3374,1255,4341,1186,1765,1
182955,2,2,1,44,0,0,0,0,0,0,93165,94141,80184,59831,64463,58985,3087,6482,2235,4685,2338,245,0
136386,1,2,1,60,0,0,0,0,0,0,170508,139775,102896,99830,68359,60633,3959,10557,3592,3266,97,170,0
186259,2,1,2,28,0,0,0,0,0,0,79807,77070,64949,62768,43959,44588,5633,1479,1734,5344,1159,1082,0
122914,2,1,1,39,0,0,0,0,0,0,25357,36953,35327,27440,15980,29977,1331,3884,2694,1661,3875,458,0
44118,2,2,1,40,0,0,0,0,0,0,95830,68668,72095,77680,74506,93805,187,10816,2049,3906,716,285,0
36866,2,2,1,29,0,0,0,0,0,0,81968,69041,69648,62109,65108,79604,2071,7041,444,2187,1539,2276,0
52011,1,1,1,47,0,0,0,0,0,0,57826,97034,81569,77187,34483,18723,2038,6490,2698,2168,4226,714,0
77914,2,1,2,26,0,0,0,0,0,0,75502,64015,61254,54913,63526,54318,4526,3199,2615,2144,3305,2312,0
152403,2,2,1,21,0,0,0,0,0,0,18928,20980,23835,19061,31560,33197,1358,888,167,822,978,1001,0
274447,2,1,1,32,0,0,0,0,0,0,95668,108602,71933,52439,52469,54319,4398,5260,3790,2231,4100,3650,0
63746,2,1,2,23,0,0,0,0,0,2,83987,63045,56664,45128,51533,53811,4093,5699,1358,5025,911,3138,0
94875,2,1,1,40,0,0,0,0,0,0,81097,105083,89008,68068,57632,46240,3265,4823,3979,2098,4383,3497,0
136120,1,2,1,41,0,0,0,0,0,0,62804,73482,62697,60324,51429,41980,2385,5949,2316,2793,3625,2203,0
170335,2,2,2,24,0,0,0,0,0,0,120582,87792,38503,41949,44544,69782,3834,5219,1657,1661,2769,3686,0
38446,2,1,2,25,0,0,0,0,0,0,84677,58966,60310,55738,48474,52077,2960,4950,3921,3515,1805,3311,0
259693,2,2,1,36,0,0,0,0,0,0,100580,124108,89770,66061,44200,28746,3709,7342,491,3176,2013,1009,0
181193,2,1,1,73,0,0,0,0,0,0,121700,101644,76918,50970,40258,17888,3175,6983,437,2148,900,1825,0
102974,2,3,2,34,0,0,0,0,0,0,-3028,11178,24303,16023,22606,39920,1810,1204,419,215,3551,1241,0
45070,2,2,1,58,0,0,0,0,0,0,78403,73956,88835,72630,44625,39412,2252,7564,4132,3530,2438,2351,0
266133,1,1,1,40,0,0,0,0,0,0,135837,146269,109865,114672,70552,59867,4752,12179,6513,5744,3467,2327,1
215754,2,1,2,22,0,0,0,0,0,0,137187,127061,87415,51315,59065,77590,5708,7912,2725,3675,3645,5806,0
132542,1,2,2,22,0,0,0,0,0,0,57509,78006,77058,46000,51660,43258,2443,5499,3158,4863,1925,1906,0
219106,1,3,1,39,0,0,0,0,0,0,152651,178382,145129,93093,81281,43315,5450,7949,5639,4478,4194,3638,0
31026,1,3,1,40,0,0,0,0,0,0,50941,49982,54545,21623,33869,24527,1715,3171,769,2331,810,7,0
94649,1,3,1,38,0,0,0,0,0,0,43548,52932,52935,45509,33580,24278,2913,4359,2604,3419,285,408,0
75922,1,2,1,24,0,0,0,0,0,0,54363,48269,36934,25575,28533,43712,3453,2402,787,1146,2104,2928,1
205737,2,1,2,39,0,0,0,0,0,0,423,34440,18762,30526,39040,24679,1801,3204,2565,3455,1852,680,0
129762,2,2,1,53,0,0,0,0,0,0,125539,120421,98317,70801,43542,44130,5178,6313,1278,2226,3871,4962,0
109867,1,2,2,28,0,0,0,0,0,0,114860,134889,112453,75077,77749,62339,3231,9241,5701,5811,3392,2183,1
54058,1,1,2,37,0,0,0,0,0,0,66944,57913,48339,43429,28312,30455,2967,6081,302,1979,1182,867,0
166909,2,2,2,28,0,0,0,0,0,0,51893,82692,64771,41261,33485,16032,2074,4039,1941,3657,1682,1045,0
202455,2,1,2,50,0,0,0,0,0,0,121925,154221,104292,78705,66842,55818,3765,9603,3907,3302,6128,2969,0
106785,2,1,2,22,2,0,0,0,0,2,56372,45843,55263,43475,34036,53434,1000,7755,1903,4631,1002,1795,0
140750,1,2,2,43,0,0,0,0,0,0,100360,132993,126362,98019,58389,33460,4268,7108,5025,3756,3977,2619,0
72626,1,2,2,38,0,0,0,0,0,0,138855,99611,94172,66697,41498,51736,5052,6576,2486,1979,3016,3520,0
162314,2,2,2,30,0,0,0,0,0,0,134852,109727,94364,81422,33649,54055,6317,6647,2085,1555,3762,3790,0
41127,2,1,2,44,0,0,0,0,2,0,83080,52124,50792,38329,38715,47283,3980,2089,1599,783,1787,4436,0
144905,2,1,1,38,0,0,0,0,0,0,47153,60720,69981,56939,55290,50643,2382,5148,3640,2747,3203,2739,0
75632,1,2,2,30,0,0,0,0,0,2,163612,160972,154134,98257,60437,47527,3569,13971,5888,5981,2485,1392,0
48991,1,2,1,35,0,0,0,0,0,0,105241,132106,121285,85297,72005,22628,2401,10304,4245,6414,1431,474,0
129505,2,1,2,27,0,0,0,0,0,0,26297,21351,31358,57581,25617,36897,3014,2122,745,2809,1493,1985,1
100412,1,2,2,36,0,0,0,0,0,0,107754,88285,79534,45443,33889,51307,3621,5456,1597,3052,2289,3428,0
120342,1,2,1,49,0,0,0,0,0,0,148745,130385,105300,106838,51894,55801,7300,8033,1454,2911,5086,6108,0
185234,2,2,1,26,0,0,0,0,0,0,152613,150483,121289,98350,53835,73226,4165,9108,5980,2913,4732,5792,0
120960,2,2,2,29,0,0,0,0,0,0,97038,111422,97923,56276,46369,26883,3677,4339,3232,1288,3626,3744,0
85085,1,2,2,35,0,0,0,0,0,0,45902,48003,50958,44877,36333,36205,3116,836,945,2257,2434,3711,0
88818,1,2,2,23,0,0,0,0,0,0,32971,30835,50483,44668,17508,32549,1530,2903,1192,1936,2939,664,0
143951,2,3,2,26,0,0,0,0,0,0,17293,25426,18429,32469,11095,40818,1275,2879,1275,1299,2757,897,0
159756,1,2,2,41,0,0,0,0,0,0,32098,43853,48348,60811,42816,44886,1815,5192,2603,3946,2255,357,0
204191,2,2,2,50,0,0,0,0,0,0,76104,44394,36850,48740,44077,60703,3839,3065,2291,1363,3323,4760,0
143310,1,2,1,37,0,0,0,0,0,0,90262,112130,90112,61492,56796,37602,1192,9331,4406,2339,2960,1315,1
163599,2,1,2,40,0,0,0,0,0,0,150454,189382,138882,112622,78203,62660,5223,9459,7030,3650,6330,5699,0
241937,2,2,2,32,0,0,0,0,0,0,99805,142987,120415,78427,63801,37423,3870,7888,4411,4981,4408,429,0
227304,2,2,1,51,0,0,0,0,0,0,100983,107014,87278,47181,41874,47834,3796,4580,2636,1227,4307,3237,0
170382,2,1,2,47,0,0,0,0,0,0,90264,111818,77546,65360,46667,44845,3102,3953,2887,1538,4059,2288,0
117614,1,3,1,61,0,0,0,0,0,0,119668,127867,102211,78102,67415,35577,4007,7901,4374,3642,3384,3131,0
48669,2,2,2,42,0,0,0,0,0,0,69443,66783,45973,49491,43029,45321,2310,4281,2509,2239,3141,2693,0
147353,1,2,1,41,0,0,0,0,0,0,160318,129200,97291,55581,72478,82920,4413,9155,3679,4463,2848,5681,0
70910,1,3,1,42,0,0,0,0,0,0,121839,139918,143433,84896,56493,53482,3040,12144,7820,5078,3576,1301,0
131474,2,2,1,68,0,0,0,0,0,0,94496,83182,81316,62644,35742,39892,4393,4052,1233,895,4363,5218,0
139624,1,3,1,49,0,0,0,0,0,0,140837,133730,104474,61725,34738,23926,3871,7107,1643,2479,1447,3719,0
145246,1,3,1,59,0,0,0,0,0,0,73059,65552,63862,57059,37721,36517,958,6293,2435,2733,2473,1349,0
93013,2,1,2,36,0,0,0,0,0,0,61277,53001,45210,43990,37311,47165,2376,2899,1720,1310,2546,2486,0
93013,2,2,1,35,0,0,0,0,0,0,25277,19771,43791,29198,17079,32933,1118,2152,1050,782,3442,1476,0
13473,2,3,1,36,0,0,0,0,0,0,104433,89796,70719,54386,47824,67228,3246,6235,3943,736,4670,3664,0
243037,2,3,1,47,0,0,0,0,0,0,72944,96394,89937,86469,58219,50975,3956,6489,4979,2602,5108,3282,0
42297,2,3,2,46,0,0,0,0,0,0,98682,80435,88655,84391,53190,64937,5582,6619,5306,2563,3941,5954,0
26913,2,1,2,29,0,0,0,0,0,0,81355,33003,56494,41183,18761,46593,3400,2896,2002,1625,1853,1076,0
157354,2,2,2,29,0,0,0,0,0,0,81333,58459,48663,37169,37615,48096,2427,6194,427,2690,945,2035,0
62416,1,3,1,33,0,0,0,0,0,0,58845,62009,62714,49241,34188,24380,1795,4126,2474,1214,2918,2458,1
145034,1,1,2,34,0,0,0,0,0,0,60319,91147,62751,68702,53926,42654,1694,5882,4556,3561,3690,650,0
193409,2,2,2,61,0,0,0,0,0,0,105267,107438,86309,78939,70194,61685,3694,6600,4686,3780,3662,5308,0
181937,1,3,1,53,0,0,0,0,0,0,99540,85104,74189,73794,50436,35494,4403,4196,2750,1343,4341,3413,0
47100,2,2,2,29,0,0,0,0,0,0,44776,38464,65985,57999,39032,50772,2862,3364,3527,1836,3974,2093,0
44796,2,2,1,37,0,0,0,0,0,0,124733,115389,96787,71675,45288,34345,3549,4524,1248,2171,2567,4926,0
164059,1,2,2,41,0,0,0,0,0,0,128620,127384,123202,87251,72826,38624,4304,9018,2749,6652,341,2946,0
149924,2,2,2,40,0,0,0,0,0,0,75461,62729,56853,54331,33797,54953,908,8455,3173,3842,1155,1049,0
84537,2,2,2,26,0,0,0,0,0,0,73685,61972,68555,50156,37623,58105,2193,8119,2863,1712,3287,1503,0
310405,1,1,1,51,0,0,0,0,0,0,149185,136447,95187,84881,44320,35482,5582,7286,1749,3807,2111,3725,1
83169,1,1,2,41,0,0,0,0,0,0,51204,69408,61393,49264,38153,27794,1368,5195,4068,719,4315,26,0
54231,2,2,1,34,0,0,0,0,0,0,58607,80726,79118,49666,37560,32473,2660,3873,3148,1185,3859,2237,0
63062,2,1,1,48,0,0,0,0,0,0,40314,39338,30021,46542,38304,45903,1635,3648,3546,2877,3039,1930,0
175842,2,2,1,47,0,0,0,0,0,0,66022,99282,96806,67757,57254,35320,4276,4252,3970,3487,3878,2140,0
145997,1,2,1,36,0,0,0,0,0,0,23140,39290,51074,39443,25951,31368,1368,4404,912,682,3080,834,1
121591,2,1,2,49,0,0,0,0,0,0,124100,74342,42732,53725,33465,62877,4854,5189,760,859,2762,6347,0
125163,2,1,2,31,0,0,0,0,0,0,53195,27533,25368,55333,26594,58555,3902,2769,1526,1153,2799,3023,0
59858,2,2,2,32,0,0,0,0,0,0,74411,58862,67834,69457,62099,78617,3481,7031,5830,3263,3505,3558,0
154905,1,1,2,42,0,0,0,0,0,0,118557,96641,98190,78048,40684,40773,4856,5660,2007,2982,3581,2763,0
45647,2,2,1,43,0,0,0,0,0,0,19226,56396,53924,44487,38104,21072,803,2648,1473,1231,3075,497,0
116035,2,2,1,43,0,0,0,0,0,0,109868,109424,115725,91281,63918,61644,3272,7790,6082,3104,3874,3272,0
47273,1,3,1,44,0,0,0,0,0,0,119661,88906,91573,65875,47052,28430,3678,5861,2091,1951,1813,2515,0
190895,1,3,2,44,0,0,0,0,0,0,146861,164765,134572,101572,47015,35198,4436,10630,5027,3039,4941,2164,0
72347,2,2,1,35,0,0,0,0,0,0,72280,75862,81858,73652,46372,59506,2945,9426,2188,3128,3307,3407,0
239114,1,2,1,48,0,0,0,0,0,2,143591,124069,99068,98195,50437,53268,2945,11613,4367,5726,1555,1759,0
84918,1,1,2,28,0,0,0,0,0,0,65921,42894,37094,42040,12626,28226,2469,3544,53,1720,420,1105,0
74359,1,2,2,28,0,0,0,0,0,0,45886,43586,43248,31712,23800,33219,2344,2155,756,590,1967,2350,0
151805,2,3,3,30,0,0,0,0,0,0,77025,99954,114247,76510,61311,21299,4415,5494,4165,3342,3578,353,0
211166,2,2,2,41,0,0,0,0,0,0,78367,85622,80414,55420,33301,37752,2093,5921,1876,2593,3634,910,0
192431,2,2,2,26,0,0,0,0,0,0,97386,116035,118429,79347,75783,49733,6445,4564,4149,3983,4974,2783,0
154866,2,2,1,57,0,0,0,0,0,0,66634,77524,76029,64081,37878,10301,850,6711,2724,3365,489,200,0
172271,1,3,2,25,0,0,0,0,0,0,33831,61303,60531,55024,34471,26321,2735,5126,3571,3574,3002,795,0
101337,2,3,1,42,0,0,0,0,0,0,47698,56797,36665,40709,32629,41633,1479,819,2965,918,2707,1407,1
155731,1,2,2,38,0,0,0,0,0,0,108068,128573,90942,46058,36276,12749,3145,4386,403,1412,3257,1064,0
189909,1,2,2,29,1,-1,0,0,-1,0,-29080,26681,11055,7915,24340,40085,1160,7252,6497,355,5807,307,1
139455,1,3,1,36,0,0,0,2,0,0,-2357,18215,16572,18534,42167,41025,3243,4897,2967,260,3550,2122,0
77600,2,2,2,23,1,0,0,0,0,0,6461,47080,38465,58954,34692,25588,1657,8295,1121,2342,4489,2864,1
96093,1,2,1,40,2,0,0,0,0,0,12934,40171,33208,22606,9179,15201,2961,6817,796,939,2005,547,0
352040,2,2,3,46,-1,0,0,0,0,2,70994,62564,58021,48992,35229,24292,1858,12621,1301,665,2676,605,0
55766,2,1,1,43,0,0,0,0,0,0,35609,28159,29999,54663,35005,58382,2081,6762,2576,1579,2337,3657,0
43961,2,2,2,26,1,-1,0,0,0,0,46036,64052,78962,63505,31526,20117,2421,11560,1742,2648,1003,3041,1
92103,1,3,2,34,0,0,0,0,0,2,33282,34258,34724,26834,33782,41086,3980,3456,3745,1669,1926,1671,0
187201,1,3,1,45,-1,-1,0,0,0,2,23285,46253,79602,65943,36783,31808,600,19059,7065,1456,3950,1245,1
162502,1,3,3,44,0,0,0,-2,3,2,40239,32472,49069,39015,32605,34651,2343,4918,3169,936,45,2688,0
98383,2,2,1,27,1,0,0,0,0,0,-7193,28091,46714,59575,47952,53271,2457,3333,869,2258,3287,5354,1
190697,1,1,2,32,-1,0,0,0,0,0,56708,46009,42907,44980,37209,29488,5307,5670,2454,424,507,2925,0
74677,1,3,2,32,0,0,0,0,0,0,32800,37238,53462,50905,38411,44087,118,5709,3672,2569,2423,3213,1
79917,2,2,1,40,-1,0,0,0,0,0,57837,32860,64780,41824,26225,36130,3012,9644,2268,475,1601,3276,0
177322,2,2,2,30,0,0,0,-1,0,-2,47886,28344,23347,26770,19435,50510,7126,986,1417,355,3270,2927,0
197232,1,2,2,46,2,0,0,0,0,0,20376,39797,44895,32917,35983,19665,3295,6933,765,2257,1396,1083,0
228228,2,2,1,37,-1,-1,0,0,0,2,56607,52310,45653,62632,30260,35080,2714,11498,667,2043,1100,881,1
42876,2,2,1,37,-1,0,0,0,0,0,40680,166,8987,-295,4470,9888,1603,3527,3771,1182,2230,3675,1
184112,1,2,1,30,0,0,0,-1,-1,-1,14169,10719,35340,11600,6657,-14737,2128,5982,4768,3353,4812,2547,0
161872,2,3,1,56,-1,-1,-1,-1,0,-1,17819,-21727,18756,13972,1992,-7773,1829,2175,6722,291,1102,1195,0
121934,2,2,1,34,0,-1,-1,-1,0,-1,-8684,-5274,19565,15121,-3121,-17503,550,1029,2246,1007,421,228,1
23716,2,1,2,22,0,0,2,-1,-1,0,15238,1944,23506,-9160,8431,9346,931,4468,4845,2511,3028,1181,0
97942,2,3,1,36,-1,0,-1,-1,-1,-1,11545,-8826,31676,-811,4,-2276,2999,5974,2696,3520,482,3476,0
162962,2,3,1,35,-1,-1,-1,-1,-1,-1,-4806,972,31715,-4170,9816,-1386,1050,8470,6365,2743,4614,3318,0
250742,1,2,1,40,-1,-1,-1,-1,-1,-1,-11318,-3193,27223,9979,16970,-12664,8406,4350,5324,8397,1905,366,1
183372,1,1,1,56,-1,0,-1,-1,-1,-1,22415,-18818,27597,1253,4047,-4222,2596,4720,7152,1228,2116,5082,0
77036,1,2,1,42,-1,-1,-1,-1,-1,-1,-27653,-24968,46944,14212,725,-7238,3251,8247,12899,1645,1319,591,0
76282,1,3,1,21,0,0,-1,-1,-1,-1,15296,-1575,15963,-8806,6183,3428,2723,599,2134,599,2797,3847,1
50858,2,2,2,23,1,0,-1,-1,-1,-1,-13592,-1375,27487,-249,-2656,8943,1211,7674,5679,3294,4513,3017,0
46521,2,3,2,37,-1,-1,0,0,-1,-1,-3322,-12774,37282,712,-4899,432,4505,2911,8074,2206,5309,2380,0
84164,2,1,2,28,0,0,-1,-1,-1,-1,3698,5489,19459,12903,11309,-3756,2221,3612,1488,6712,4160,855,0
284394,2,3,2,40,-1,-1,-1,-1,-1,-1,-12112,-8643,16943,613,15592,-22429,1604,2782,4582,1068,790,764,1
281054,1,1,2,43,-1,-1,-1,-1,-1,-1,-2036,-10714,22157,28104,6468,-2906,4912,9714,11021,4995,3090,137,0
317453,2,3,1,40,-1,-1,0,-1,-1,-1,2702,-3498,24714,-2488,-991,-4740,71,4926,2243,2718,360,646,0
351617,2,1,1,35,-1,-1,-1,-1,-1,-1,12267,-7654,31556,24015,9152,5738,7619,11669,13254,6682,9007,1154,0
368420,2,1,2,25,-1,-1,0,0,-1,0,9213,1329,13330,-25605,7923,19989,3776,2654,853,5741,2206,497,1
317663,1,1,1,44,0,-1,-1,-1,-1,-1,29882,-19327,28333,35524,7131,12,1698,12499,17945,1972,5859,1978,0
140926,2,1,2,23,-1,0,-1,-1,-1,-1,3571,-6255,9944,-4656,15869,-5562,3489,2883,3091,4620,750,2316,1
78936,1,2,2,43,0,0,-1,-1,-1,-1,20819,-11595,18900,12254,-3845,-8977,1669,2303,4546,1715,2706,1785,1
256581,1,1,2,48,0,-1,-1,-1,-1,-1,14994,-6502,14139,18055,3908,683,3774,5613,8653,2684,4386,1120,1
74959,1,1,2,33,-1,-1,-1,-1,-1,-1,-7224,-19697,38479,4994,872,-22697,1722,5090,6412,1027,1145,3582,0
213771,1,2,1,56,-1,-1,-1,-1,-1,-1,23058,-16881,23841,-18269,2006,6802,2571,2920,9394,780,1220,4268,0
114702,1,2,2,22,0,0,-1,-1,-1,-1,-2381,14367,16445,548,-628,6435,1834,3565,3102,3409,5266,6469,0
250211,2,3,1,54,-1,0,0,0,0,0,26350,-8454,11402,4540,957,393,3912,3265,7511,1020,153,360,0
146557,1,1,2,31,-1,-1,-1,-1,-1,-1,-873,-8701,40805,22353,-6097,-9777,3753,9369,8364,4053,1455,888,0
64788,2,2,1,43,2,0,0,-1,-1,-1,8611,-1241,25309,16074,-1667,10251,2839,1997,9396,468,7034,6274,1
396243,2,1,2,36,-1,-1,-1,-1,-1,-1,-15074,1575,59190,-1780,1454,-8930,7282,10518,13616,4205,7151,2243,1
67423,2,2,1,25,-1,0,0,-1,-1,-1,-5770,-7865,24398,-9671,7495,11492,885,987,4762,3430,3096,2832,1
339585,1,3,1,47,-1,-1,-1,-1,-1,-1,12933,-4247,13994,-3523,234,146,786,6797,1226,3261,2963,3077,1
160270,2,2,2,26,0,0,-1,-1,-1,-1,4644,-4911,28771,21849,5979,8060,9864,4225,12933,5310,7339,525,0
308605,2,1,1,41,-1,-1,-1,-1,-1,0,5065,752,29871,-9173,-1008,7403,3737,9496,5679,7404,4066,1352,1
138022,2,1,2,47,2,0,0,0,-1,-1,28924,-18845,8104,-1744,-7209,15376,524,2760,2756,1716,4618,4893,1
81168,2,1,2,30,1,-1,6,0,0,0,13485,14783,17681,21336,1662,-368,1886,4420,2589,1191,4503,269,0
222395,2,2,2,22,-1,-1,-1,-1,-1,-1,15146,-14711,23712,-10828,-5726,-5086,2546,8657,2290,3476,1923,5426,1
296027,2,1,2,31,0,0,0,0,0,0,28102,27721,37375,61369,19586,13921,6844,6213,17263,5475,4359,637,0
273046,2,1,2,27,-1,-1,-1,-1,0,8,22766,37525,-25095,-11005,-2220,28462,2472,18402,2144,2663,3609,5101,0
95223,1,1,1,42,0,0,0,0,0,-1,12616,28735,51591,52531,16284,19675,10565,4096,6554,14799,10605,1517,0
248675,1,2,1,53,0,0,0,0,0,0,49850,29673,107329,83147,47807,46980,11148,12410,28582,16039,19048,2214,0
262117,2,1,2,39,-1,-1,0,0,0,-2,-9429,38283,42928,26605,15655,21499,8797,19964,9500,16823,7585,214,0
177677,2,1,2,28,0,0,-1,0,0,-1,13166,22015,5279,25806,4871,11629,3251,6321,5587,7766,12185,8004,0
215754,2,3,2,48,0,-1,-1,0,0,0,4237,25395,17368,37239,-2514,10230,5691,10117,12126,2027,5855,2636,0
398969,1,1,2,41,-1,-1,-1,-1,-1,8,11122,32531,-19992,-525,7305,20736,3932,5000,6688,6913,6656,90,0
332542,2,1,2,31,-1,-1,0,0,0,-1,33354,14556,1384,-6246,11834,31057,9042,15436,17,13109,7909,2899,0
125206,1,1,1,38,-1,0,0,0,0,-1,10865,23426,20869,21667,10978,-5609,5920,3009,1012,5052,3703,3530,1
202286,2,2,1,30,-1,0,0,0,0,-1,16176,15495,30900,41834,11099,10477,8458,4449,7551,9038,9405,3414,0
284284,2,2,2,26,-1,0,0,0,-1,-1,43173,10353,724,7715,8287,32272,5660,9533,10455,4318,12859,4435,0
191464,2,2,2,34,0,0,2,0,0,0,6615,43676,57739,54121,29276,21741,3860,14897,15826,13492,13615,3741,0
354200,2,2,1,23,0,0,0,0,0,0,41259,47630,92506,68693,47757,30882,9944,16693,30540,9333,12737,529,0
223131,2,3,2,39,0,0,0,0,0,0,43391,12611,37236,28821,16895,33717,6060,9271,18800,3042,9949,749,0
474152,2,1,2,36,-1,-1,-1,0,0,0,44202,11570,7384,35015,12882,21815,967,11660,18235,5465,3375,5997,0
204366,1,1,1,43,-1,-1,0,-1,-1,-1,53733,11166,-14902,-12169,3162,25380,3462,11661,1834,432,1984,1204,0
353848,1,2,3,43,0,0,-1,-1,-1,-1,11006,18285,-59,14479,10019,8443,3610,3844,1819,13304,4360,1190,0
501809,2,1,1,44,-1,-1,-1,0,-1,-1,37947,20939,-137,8579,15400,26861,4503,14359,8802,10835,7217,2165,0
82730,2,3,2,37,0,0,0,0,0,-1,13227,21120,18057,32269,2891,14709,4750,5116,9880,2353,10338,678,0
387001,2,1,1,37,0,0,0,0,0,0,90662,35345,79357,87771,47100,49506,4099,10126,31871,7668,14579,7061,0
241241,1,1,3,30,-1,-1,-1,0,-1,-1,23359,21458,-1542,-6011,15484,21092,12480,10717,2564,7345,3864,148,0
78908,2,2,2,30,0,0,0,0,0,-1,20523,39029,35310,54608,15465,8303,258,10476,12931,234,14278,7292,0
512112,2,1,1,40,-1,-1,-1,0,-1,-1,49147,32976,-27449,3826,2506,49671,18917,13680,1177,8632,13819,1627,0
136631,2,2,2,23,-1,-1,-1,0,0,8,35065,16165,-24474,-8372,-3302,33516,5854,10602,885,3320,2164,4601,0
197237,1,2,2,21,-1,-1,-1,0,0,0,30800,18406,9738,3602,12839,26400,11059,9061,6881,9638,4092,703,0
18877,2,3,1,40,0,0,0,0,0,-1,6704,20336,28308,37202,-710,8676,7849,6553,3505,4811,17563,4370,0
627014,2,1,2,43,-1,-1,-1,0,-1,-1,22690,39005,30494,14360,37852,40304,10264,23003,14999,24058,16540,344,0
231868,1,1,2,33,0,0,0,0,0,-1,21519,24224,6660,37698,7925,673,1541,457,8819,2651,7880,3837,0
504131,2,1,2,38,-1,-1,-1,0,0,8,29176,25342,690,12662,15298,16772,7187,22369,3383,12896,3558,3365,0
91038,2,2,2,30,0,0,0,0,0,0,10256,19500,39696,54776,6612,6459,8129,7523,12219,4518,7703,1113,0
474927,2,1,2,40,-1,-1,-1,0,0,0,50063,12806,-21938,-12712,5971,42211,8079,15150,3926,8602,2521,1314,0
425767,1,1,2,32,0,0,0,0,-1,-1,59913,24653,6134,18069,30555,33494,530,8396,16877,6456,13815,5618,0
588343,2,1,1,37,-1,-1,-1,0,0,0,40344,10236,6738,576,11516,41277,6600,18735,13145,13272,2818,1540,0
206050,2,2,2,35,-1,-1,0,0,-1,-1,18467,38636,12928,12145,9151,33766,12989,9674,7836,7420,13249,4270,0
93882,2,3,2,40,0,0,0,0,0,0,40975,13765,45727,46296,18967,26553,6995,14082,18636,3808,1486,1161,0
301039,2,1,2,28,-1,-1,0,0,-1,-1,40330,23807,-2787,-4870,11668,44240,16961,20475,3560,13920,11234,218,0
414909,2,1,3,36,-1,-1,-1,3,0,-1,68904,5493,-27028,16455,13861,26390,495,13463,10739,1639,4772,5482,0
242636,1,1,2,39,0,0,0,0,-1,-1,31733,34236,9361,20683,17351,19786,2692,4790,14352,4315,14199,4999,0
248372,2,1,2,30,0,0,0,0,0,0,50642,12450,10478,29151,1655,28617,3718,5072,12220,596,5529,6253,0
163463,1,3,1,49,0,0,0,0,0,0,39443,-1057,55658,62977,17041,18687,3794,7391,17282,7594,8227,1666,0
317963,2,2,1,42,-1,-1,-1,0,0,0,27200,30556,18457,25658,15157,18624,7658,12981,13476,6293,3642,541,0
411498,2,1,2,44,-1,-1,-1,0,0,0,24337,29453,5835,22494,9965,19048,10831,15908,8625,10066,4242,1602,0
99275,2,1,2,32,0,0,0,0,0,-1,8585,29359,49722,39483,21030,12771,10944,4788,11716,7422,15391,1759,0
444738,2,1,2,25,-1,-1,-1,0,-1,-1,27600,23376,17043,11859,11613,20328,559,19848,8991,7761,14072,7628,0
474119,2,2,2,32,-1,0,0,0,0,-1,23543,38366,51753,40205,34876,31163,8136,15862,23551,9615,16746,2578,0
182521,2,2,3,37,-1,-1,0,-1,-1,-1,22337,23230,-578,-860,10735,22354,4498,14588,3545,4054,8703,2494,0
152208,1,3,1,47,-1,0,0,0,0,-1,10506,15421,23661,40098,5463,-2599,12501,5056,5455,4094,8041,1422,0
254833,2,1,1,24,-1,0,0,2,0,-1,10863,17670,21892,31176,16445,7573,7467,8734,9505,7823,10329,890,0
284174,2,1,2,27,-1,-1,0,-1,0,-1,23785,22711,-6919,-20838,16507,25664,1084,13084,3980,5443,4276,403,0
409827,2,1,1,56,-1,-1,0,0,0,-1,14466,21037,20238,19756,18454,32051,19925,16116,3826,21692,11542,962,0
507740,2,1,1,31,0,-1,-1,0,0,0,50167,30000,25696,54780,32282,29805,7624,18645,19392,12644,8094,3468,0
100070,2,3,2,36,0,0,-1,0,0,-1,19531,10621,2592,23275,4662,19019,1291,3725,13184,4922,12806,5996,0
259664,2,1,1,44,-1,-1,-1,-1,-1,-1,23507,9780,-684,3450,-656,28560,5637,9680,4163,8675,6934,1209,0
218461,1,3,1,36,-1,0,0,0,0,-1,-6898,27299,23780,7898,10831,9090,6910,7604,5146,9625,6920,570,0
210198,2,1,1,42,-1,0,0,0,0,-1,27167,25194,45205,56063,15527,17780,10860,10128,12847,8121,13113,4728,0
241895,2,2,1,54,1,0,0,0,-1,-1,-3055,27723,28294,19883,14177,28927,12096,14476,1978,24485,15848,1660,0
228937,2,1,1,27,-1,-1,-1,-1,-1,-1,20911,26554,-14794,-6679,11566,22964,1812,7178,146,6345,10482,6310,0
246250,1,1,1,33,-1,-1,-1,0,2,8,18080,38042,25649,6491,14318,17255,11850,19031,5316,6281,3249,1195,0
175752,1,2,1,40,0,0,0,0,-1,-1,19667,16153,33278,17334,17379,21089,2688,8975,7202,11026,10735,2191,0
353348,1,1,2,29,0,0,0,0,0,0,33921,44012,62857,58735,38491,26409,6403,892,23296,9223,12470,2966,0
196889,1,1,1,35,0,0,0,0,0,0,33516,53324,89681,76814,38571,23849,11042,4189,21063,6892,13942,3464,0
195270,1,3,2,45,0,0,-1,0,0,0,-17277,28485,54575,51947,11969,-3732,2753,6311,12849,10768,5548,1976,0
473077,2,1,2,44,1,0,-1,0,-1,-1,8709,44105,14387,19891,23709,27447,10218,22248,2222,26173,20873,3045,0
346704,2,1,1,37,1,-1,-1,-2,0,-2,64453,37879,-44441,26215,-8826,-2195,1799,8434,189,1306,7518,1436,0
229295,2,1,2,28,1,3,-1,-1,0,-2,37878,53780,-12200,21354,-1264,-13971,2980,9992,761,2736,7577,3497,1
245226,1,2,2,51,-1,-1,-1,-1,0,0,18926,7370,-10696,9356,-12380,19399,2075,139,4551,6684,6051,2402,1
432818,2,2,2,38,-1,0,-1,-1,-1,-1,35665,3762,-42958,23598,-8615,-1645,2904,931,11283,512,5736,1128,0
142502,2,3,1,37,1,-1,-2,-1,-1,-1,21267,32467,-14987,18961,3170,-3796,2182,3772,3789,1952,3837,925,0
53963,1,3,1,42,1,0,-2,-1,-2,0,11343,31721,13162,-11693,5528,8664,3580,4803,959,5886,3934,112,0
218360,2,1,2,36,-1,-1,-1,-1,-2,-1,34816,20260,-24392,1749,16768,-2211,2191,4255,7428,5363,4835,2762,0
253404,2,1,2,29,-1,-1,-1,-1,0,-1,-367,2988,-19001,-2897,6345,6277,5468,848,6940,6763,5530,6237,0
118187,2,2,1,45,0,0,-2,-1,-1,2,12479,15132,4070,1297,-1939,11920,4946,119,2066,3345,4044,1455,0
129671,2,1,2,37,-1,0,0,0,0,-1,35723,11046,-27780,10481,-4912,18863,1789,4310,1090,5639,7386,7898,0
138336,2,1,1,40,-1,-1,-1,-1,0,-1,30926,-12456,-24427,16455,-6294,17649,1916,1506,8274,1162,4631,4464,0
160267,2,2,1,37,-1,-1,-1,-1,0,-1,-8053,-13541,13366,21621,10202,29438,3804,3835,14790,8505,7550,5498,0
211027,2,1,2,39,1,-1,-2,-2,0,0,44245,31978,-36128,27352,-8987,9603,6896,1331,10495,2337,10226,2978,0
146514,2,3,2,40,-1,-1,0,-1,-1,-1,-23563,2821,15520,10602,10385,4925,5493,4753,7432,1266,2773,4294,0
272709,1,1,1,29,-1,-1,-1,-1,0,2,4576,4897,436,-3530,-2617,627,2466,92,5569,4054,1093,1052,0
52740,1,2,3,33,-1,-1,-1,-1,0,0,-10499,2923,10292,1520,8200,-298,10,2215,7795,6251,2892,1958,0
127465,2,2,2,36,-1,-1,-1,0,-1,-1,-9263,26871,-6029,-7180,16281,-2574,5109,8597,48,690,6513,1145,0
235154,2,2,1,21,-1,-1,-1,-1,-2,0,28934,2340,-24510,112,-3796,9280,2407,311,13861,563,3755,2109,0
219344,1,2,1,32,1,-1,-2,-2,-2,0,45378,77879,-2992,14634,-9266,-8965,14710,244,2239,1118,6385,278,1
118606,2,2,1,26,1,-1,-2,-2,0,-2,66251,59206,-36953,20245,-2088,21164,2406,15370,6032,7410,10561,5693,0
195879,2,2,2,23,-1,0,-1,-1,-1,-1,4874,-9389,4852,7840,-5030,19776,609,6365,3793,9394,5544,6773,0
32908,2,2,1,34,2,-1,-1,-1,-1,-1,-5999,-8579,8356,10827,10160,29196,860,3632,11732,4527,5021,7173,0
197792,2,3,2,36,-1,-1,-1,0,0,0,40812,26873,-18040,-3598,3284,2214,1547,7298,263,6054,5553,2068,1
70015,2,2,2,29,-1,2,-1,-1,0,2,-33967,-9645,42065,7363,21560,27557,1502,10018,2664,7542,1960,12514,0
95631,2,1,1,21,1,-1,-1,-1,0,-1,-8017,4455,-5331,14648,16151,-2218,1337,1673,5575,8833,1829,9296,0
124151,2,2,1,27,-1,-1,-1,0,0,2,-13353,19802,10888,-1071,19580,-1950,4104,4311,957,3888,5938,487,0
210832,2,2,1,29,1,-1,-2,-2,-2,0,47283,31897,-11426,13473,-11374,6344,2599,8190,2168,1979,7383,436,0
26805,2,2,2,35,-1,-1,2,0,-2,-1,13211,24718,-7872,-7507,12154,13663,4031,4256,2286,7110,7924,3091,0
465261,1,1,1,28,0,-1,-1,-1,-1,0,44990,12003,8334,4482,-23542,980,12813,2425,638,4147,418,5542,0
334563,1,1,1,46,0,-1,-1,-1,-1,-1,22062,38500,23311,-7103,21175,6700,6591,7317,8959,3118,2045,3,0
320750,1,1,1,45,-1,-1,-1,-1,-1,-1,39156,28971,-3335,-3472,-1507,3042,4361,14901,5340,3932,1424,3634,0
377260,2,2,2,32,0,-1,-1,-1,-1,0,32531,37355,20893,-9220,-29,9366,13027,3060,7919,4326,2933,3807,1
62744,1,1,1,58,1,-1,-1,0,0,-1,-23896,14695,-10255,14575,17274,-3733,1041,4857,939,1942,676,113,0
323196,1,2,1,62,0,-1,-1,-1,-1,0,49025,6953,12265,-13767,135,26153,6120,8090,9915,3178,481,3699,0
193049,2,2,2,42,0,-1,-1,-1,-1,-1,34582,10538,-4991,-21512,3343,24529,7645,5631,6147,4181,1618,4494,0
110092,2,1,1,52,1,-1,-1,-1,0,0,23469,-2674,-21607,4928,6604,16429,6208,851,5231,4670,1298,1609,0
188001,1,2,2,31,0,-1,-1,-1,-1,-1,2468,17688,12452,-7235,12645,-3375,6666,4092,2192,1854,1754,2459,0
309621,2,1,1,21,-1,-1,-1,-1,-1,0,53321,50524,17615,3039,39,16342,9585,11079,562,6073,531,14635,0
218814,1,2,2,30,-1,-1,-1,-1,-1,-1,6342,24668,-15727,-11231,12975,-4095,5871,6633,3160,3747,1256,1251,0
254240,1,2,1,61,0,-1,-1,-1,-1,0,9306,9889,24161,3435,1077,4631,4298,3383,5001,1350,301,351,0
188527,2,2,2,32,2,-1,-1,-1,-1,-1,9844,11771,-31349,2609,-3884,22045,6991,2766,6129,838,3593,1049,0
328203,2,1,2,25,0,-1,-1,-1,-1,0,55465,35761,19883,3322,10356,20840,4451,23728,3683,6025,499,8519,0
387690,1,1,1,37,0,-1,-1,-1,-1,-1,24173,25101,21590,11828,-5107,-7029,8200,4162,4353,1852,532,986,0
288743,2,1,2,32,-1,-1,-1,-1,-1,-1,21895,20256,-17513,-3034,3373,8203,835,12852,224,4564,555,3808,0
139078,1,1,1,39,-1,-1,-1,-1,-1,-1,3679,17428,-4496,14192,-170,-11260,9604,510,3383,4517,792,2750,0
159182,2,2,1,32,-1,-1,-1,-1,-1,-1,15983,16463,-12885,-4608,2812,13058,3913,4747,6928,400,902,1544,0
64984,2,3,2,33,-1,-1,-1,0,0,-1,3208,38405,-8531,25702,24140,11212,14037,9351,5866,2628,10119,3457,0
293306,2,1,2,31,-1,-1,-1,-1,-1,-1,24914,5969,-21481,1422,21038,10864,10476,10174,3031,4334,8387,146,0
90689,2,1,2,39,1,-2,-2,-2,-2,-2,23902,21171,-468,-13745,10766,33472,1261,17348,1315,4420,1458,4951,0
46712,2,3,1,53,-1,-1,-1,-1,-1,0,27422,-1668,-19687,-6511,2104,10347,5419,9126,1459,4963,2359,2170,0
279275,1,2,2,37,1,-2,-2,-1,-1,-1,23804,7226,5033,-18546,-3918,15588,962,6714,1272,2617,2640,961,0
132993,1,2,2,35,2,-1,-2,-1,-2,0,30803,3389,2368,-17785,15288,24598,4693,13758,4428,4693,4571,2567,0
98639,1,2,1,38,1,-2,-1,-2,-2,0,40959,-9846,-1396,-9882,6073,29992,2085,18607,5820,1806,2590,1077,0
251676,2,1,1,48,-1,-1,-1,0,-1,-1,33467,17038,-27507,-11198,21475,39897,14197,2424,3998,5869,11058,3052,0
263298,2,1,1,39,-1,-1,-1,0,-1,-1,17860,6272,-7951,36236,-1358,-2778,8191,1383,126,1118,4172,3918,1
59000,1,3,2,42,0,-1,-1,-1,0,0,22365,6888,15239,-24135,10010,29550,9245,16460,3865,7188,4306,5154,0
87324,2,3,2,38,-1,-1,-1,0,6,-2,23661,6794,-46045,-996,6424,15499,4653,5466,420,4837,770,2164,0
12147,2,2,1,25,-2,-1,-1,2,0,-2,-1985,-118,3125,2650,18600,14147,2620,20795,2159,4940,2920,974,0
191631,1,2,1,35,-1,-1,-1,0,0,-2,4441,7638,2613,5322,-255,202,4993,7509,1656,2881,2105,116,0
353019,2,1,2,48,-1,-1,-1,-1,-2,0,29651,-8716,-291,-13206,11402,12082,5781,10988,1730,3982,4786,139,0
109239,1,2,1,42,0,-1,-1,-1,-1,0,22778,-412,-5257,-17990,11170,17084,6791,805,3428,4566,3311,2860,0
277900,2,1,2,40,-1,-1,-1,2,0,0,37903,14,-22228,-10468,7931,30176,9206,15306,3446,1704,7523,497,0
312197,2,1,2,22,-1,-1,-1,0,-1,0,6299,10383,-10467,6708,-6588,14934,11328,6320,2333,1751,7442,1570,0
184765,2,1,1,32,-2,-2,-2,-2,-2,0,18846,-215,1883,-10031,9546,13385,91,11086,1498,3127,674,31,0
26549,1,2,2,54,-1,-1,-1,-1,0,0,23863,7938,8945,-20172,39802,14931,4959,17918,4535,6413,4179,1531,0
230775,2,2,2,33,-1,-1,-1,0,-1,-1,16512,23098,-9499,11911,15062,11380,11873,9518,4371,626,10811,2230,0
179231,2,1,2,34,-1,-1,-1,0,0,-1,16639,14914,-12482,21452,11813,10290,14318,18479,1461,985,9337,6673,1
257918,1,1,1,42,-1,-1,-1,0,0,-1,26482,8060,11045,19421,30833,7757,12462,17312,181,8769,9355,6192,0
114241,2,1,2,37,1,-2,-1,-1,0,-2,18332,7688,-6964,-8460,5086,11245,867,14364,2793,496,1590,761,0
418906,1,2,2,37,0,-1,-1,-1,-1,-1,32992,1944,20462,13069,23765,1436,14463,11553,5221,3145,10246,174,0
116947,2,2,2,42,-1,-1,-1,0,0,-1,44583,-9214,-5949,8328,34954,23174,6191,37160,4078,6556,6663,3592,0
155228,2,2,2,48,0,-1,-1,-1,0,0,9227,10568,3137,1575,-1731,4541,6960,11162,1155,1631,3386,1861,1
219334,1,1,1,44,-1,-1,-1,0,0,2,16325,20357,-19357,15381,-4915,26837,12204,14262,3590,372,7455,5288,0
217819,2,1,2,29,-1,-1,-1,0,0,-1,12573,20406,2630,32079,18162,2649,16057,8772,3436,968,9298,3504,0
159493,1,2,1,37,0,-1,-1,-1,0,0,6164,971,29503,-2157,-3631,2303,4690,14039,4140,4192,1045,2482,0
34222,1,1,2,48,-1,-1,-1,0,-2,0,16110,4242,-10070,-10449,7523,21792,6729,7253,6880,3554,2164,1285,0
227880,1,1,2,55,-1,-1,-1,0,-2,-2,10467,7591,-26660,10434,122,6362,4314,7287,4509,412,2913,1580,0
469309,2,2,2,28,-1,-1,-1,0,0,0,39617,-16879,-8524,2106,-6355,24840,11965,25310,1122,841,8106,3481,0
273059,2,2,1,48,-1,-1,-1,-1,0,0,12338,-7285,9917,7681,9701,2346,9170,16228,1440,3192,6615,1513,0
172530,2,2,2,33,-1,-1,-1,-1,0,-1,30089,8413,4583,29546,25822,5547,8304,20291,3023,7090,7634,1623,0
96303,1,1,1,30,0,-2,-1,0,-2,-1,-4365,8410,361,212,17001,-3938,1226,10078,349,2089,2510,1196,0
272024,1,2,1,35,-1,-1,-1,-1,-1,0,12830,16073,390,-12378,11359,21444,13438,1071,3705,6262,8318,2291,0
384409,2,1,1,48,-1,-1,-1,0,-1,0,20777,3264,-3117,-1617,8118,15464,12379,3130,4858,1516,8259,760,0
161476,2,2,2,37,-1,-1,-1,-1,0,-1,-1522,4468,7028,10015,19935,-6310,4668,9387,4529,4127,1808,754,0
82516,1,1,2,44,-1,-1,-1,0,0,0,3410,18057,-15524,-7407,645,15911,8172,6546,4615,117,4231,2960,0
30162,2,2,1,46,-1,-1,-1,-1,0,-1,592,9201,124,586,3641,-9370,3761,1454,1665,3417,233,1370,0
269631,2,1,1,35,-1,-1,-1,0,0,-1,33607,-13333,-14391,25975,-757,22099,12405,20450,897,5817,7077,6775,0
393155,2,1,1,24,-1,-1,-1,-1,-1,-1,33332,8092,5235,37560,18812,-11660,12608,7134,2544,4738,9047,614,0
324746,1,1,1,44,-1,-1,-1,-1,-1,-1,18990,-5849,-3270,-188,22337,1401,4122,12303,916,5933,5214,1233,0
187505,1,1,1,44,0,-1,-1,-1,-1,0,50508,7303,-10780,-10756,-1185,27578,11085,12517,8176,3529,7015,205,0
20865,2,1,2,33,2,-1,-2,-2,0,-2,16613,23831,-16417,12225,3718,14681,3518,17443,753,3559,826,4342,0
355571,1,2,1,61,0,-2,-2,-1,-1,0,41879,-7160,-995,-8336,-6768,23929,6925,4125,8186,995,3647,179,0
17448,2,3,2,51,-1,-1,-1,-1,-1,-1,34307,28634,28759,15756,30986,16551,17222,2277,5860,12086,10686,4767,0
22258,2,3,1,44,-1,-1,-1,-1,0,-1,24255,17132,-13958,15790,22049,5153,7862,7379,3148,5864,3913,2018,0
124915,1,2,2,33,0,-1,-1,-1,-2,0,35934,-7575,-7433,-9231,9100,22267,4829,14630,4984,2077,6206,457,0
225042,2,1,2,49,1,-2,-2,-2,-2,-2,34730,7262,5644,-6914,9849,12019,1267,16430,2350,1635,1372,975,1
182721,2,2,1,37,-1,-1,-1,-1,0,0,12299,916,4034,-6896,-4937,6708,4482,4587,2728,2252,385,542,0
137663,1,2,1,37,-1,-1,-1,-1,-1,-2,6210,5729,11141,-13820,2486,3987,4778,1321,3671,4611,995,1288,0
515441,2,1,1,27,-1,-1,-1,-1,-1,2,43561,9083,11506,17821,8000,13564,17902,8473,1527,3506,12632,3332,0
371572,1,1,2,37,-1,-1,-1,0,-1,-1,19988,14609,-13016,15683,9095,6756,12414,9434,2580,3463,7894,2986,0
35154,2,1,2,36,-1,-1,-1,-1,0,0,12145,24754,-22088,-4210,23181,21267,12979,5181,5621,4453,7477,3216,0
149633,2,2,2,34,0,-2,-1,-2,-2,-2,5126,16119,-1049,-1287,10164,5918,4081,8927,1314,503,4599,1814,0
159036,1,2,2,31,0,-2,-1,-1,-2,0,30616,12342,2122,-26651,12353,25556,3482,10607,4919,2590,3946,280,0
274435,2,2,1,27,-1,-1,-1,0,-1,-1,21566,12494,-12061,3313,7005,11184,10096,3419,1975,1850,6448,1428,0
203935,1,1,1,37,-1,-1,-1,-2,-2,-2,30235,-2159,-33600,-13253,-11081,26099,3918,5114,1388,1066,1309,3302,0
151341,1,1,2,27,1,-2,-1,-1,0,-2,8404,-3554,11947,3841,9908,3369,2086,14101,2785,1784,2172,969,0
217944,2,2,1,40,0,-2,-1,-1,0,0,37157,-14629,21946,-6032,1706,12419,2996,22061,4278,2954,2756,1348,0
135099,2,1,2,42,-1,-1,-1,-1,-1,-1,22952,-6313,7586,-20370,24237,6120,2166,8690,443,9428,2251,577,0
179223,2,2,1,39,0,-1,-1,-1,-1,-1,22279,8171,17028,6627,9468,20483,12590,20297,3858,6545,10886,3379,0
229605,2,1,1,39,-1,-1,-1,-1,-1,-1,40905,10193,-17572,11927,23889,11370,7792,9251,2635,4197,7367,421,0
111712,2,2,2,39,-1,-1,-1,0,0,-1,17789,15825,-25829,23513,-7181,12240,8014,3867,2063,635,3738,3159,0
449647,1,1,2,35,-1,-1,-1,-1,-1,0,51183,18707,6576,10480,14892,20728,19867,8306,3467,6762,12934,1930,0
384570,1,2,2,49,-1,-1,-1,-1,-1,0,27112,14796,-8904,13228,15269,3310,14783,2197,4944,3211,8736,1493,0
213194,2,2,1,40,-1,-1,-1,-1,0,-1,7852,7147,6845,13194,15287,4216,6533,6089,5100,1847,5098,683,0
168942,1,1,2,22,1,-2,-1,-2,-2,-2,6473,6744,-5973,-5536,17993,11309,2323,14890,3148,1421,1750,3161,0
179535,2,2,1,45,-2,-1,-1,0,0,0,16055,-5449,19368,755,11220,26398,6817,30583,5397,878,6813,2958,0
90527,2,3,2,29,-1,-1,-1,-1,-1,-1,22193,21971,19676,23003,25189,10090,15384,3515,6217,6462,9735,2937,0
159848,2,1,2,27,-2,-2,-1,-2,-2,-2,2099,6562,7782,-6451,11238,5271,586,15467,2240,1989,3066,144,0
289525,2,1,2,28,0,-1,-1,2,0,0,44675,-7540,-3385,-2329,12721,37788,12063,17512,3169,5441,10169,2862,0
143411,1,2,2,49,-1,-1,-1,0,0,-1,11931,-3889,2529,11139,16399,8890,3718,17984,6092,2230,5439,406,0
250066,2,3,1,32,-1,-1,-1,0,-1,0,42148,11899,30457,23090,45936,45920,20111,31456,9512,7215,18561,5053,0
140869,1,3,1,36,-1,-1,-1,0,-2,-2,10168,2840,-23001,371,3408,6547,4643,4300,1718,755,1623,2812,0
133888,2,2,1,26,0,-2,-1,-1,-1,0,26962,6038,12180,-7125,-1226,2177,6452,2729,2369,4884,2668,39,0
276824,2,2,1,56,1,-1,-2,-1,-1,-2,40288,3734,-21427,-14402,-5947,15601,3064,2755,1400,3195,711,1590,0
396205,2,1,2,33,-1,-1,-1,-1,-1,0,50367,27681,-110,28505,35623,36667,28158,2541,9477,7834,16765,5109,0
14533,2,2,2,32,-1,-1,-1,0,0,-1,11359,5259,6281,14329,20465,14398,5133,21357,6174,2371,7659,3513,0
258476,1,2,2,29,0,-2,-1,-1,-1,0,38796,-10742,-9814,-18500,-3338,29462,9631,16421,2863,1924,6055,3858,0
40116,1,1,1,35,-1,-1,-1,0,0,-2,6009,8492,-12208,-5173,1528,10409,4473,8253,1961,3992,1400,3132,0
69898,1,2,1,40,-1,-1,-2,-2,-2,-2,11693,11784,-15150,-5367,20769,14839,924,9378,858,6044,1463,2340,0
412387,1,1,2,41,-1,-1,-1,-1,-1,-1,19620,17838,5217,20950,16399,-2466,12369,8489,1844,3247,9367,169,1
192220,2,3,1,48,0,-2,-1,-1,0,0,5332,-5559,22210,2238,9619,2426,2322,24759,949,3037,3059,2559,0
237685,1,1,1,42,-1,-1,-1,-1,-1,0,38166,-4137,-18168,-8374,9348,25599,12282,3076,4218,7139,5742,4043,0
205146,1,3,1,55,0,-1,-1,-1,-1,0,22742,-4519,20872,-11179,1117,14930,5325,9207,3432,3596,3498,704,0
174749,2,1,2,37,-1,-1,-1,0,-2,-2,27751,16765,-41470,12106,2601,8172,7881,6416,3389,1974,4374,436,0
476212,1,1,1,43,-1,0,-1,-1,-1,2,5720,2549,5521,5571,7936,352,6920,1711,5586,7960,1046,5014,0
117509,2,1,1,41,-1,-1,-1,-1,-1,-1,26970,-8458,3381,9832,9227,8811,11232,18352,1953,13782,10851,4632,0
227182,2,1,1,26,-1,-1,-1,0,-1,-1,17472,1073,8644,13651,6746,12221,7881,26174,6765,9185,10447,1279,0
239668,2,1,2,24,-1,-1,-1,-1,0,-1,44096,14734,31714,19753,-3980,19528,9839,27289,16425,7536,11575,6077,0
120003,1,1,2,45,-1,-1,-1,-1,-1,-1,17899,12556,-1063,10677,-5531,10552,11218,15634,6301,8387,7492,4726,0
457421,2,2,2,45,0,-1,-1,0,-1,-1,40335,-5406,-12467,-4652,4004,16037,319,10914,6346,3533,3284,4167,0
146027,1,3,1,45,-1,-1,-1,-1,-1,-1,28142,-313,8371,-4812,-2301,7343,7309,11630,9343,8482,2399,5675,0
62364,2,1,2,34,-1,-1,-1,-1,-1,-1,41123,14927,3484,7479,-1039,5278,11655,11336,11812,12821,7784,7967,0
48131,1,1,2,27,-1,-1,-1,-1,-1,-1,39744,9573,10140,-6605,18257,35188,11244,26769,11714,9784,15484,2365,0
121984,2,1,2,32,-1,-1,-1,-1,-1,-1,19742,11983,-3813,20980,-9230,-14402,8273,7735,5573,11513,745,5942,0
187206,2,1,2,37,0,-1,-1,2,0,0,17989,6983,-7144,-5615,-7499,27393,9800,6807,5262,5400,3364,5711,0
304830,2,2,1,30,-1,-1,-1,-1,-1,-1,10672,11621,21594,14398,-3418,-9580,8762,5254,11319,10021,4684,10320,0
140613,1,1,1,48,-1,-1,-1,-1,-1,-1,13758,8377,11442,933,-2214,8444,7728,14227,8333,7041,6088,3727,0
410078,1,1,1,39,-1,-1,-1,-1,0,-1,36577,28021,20994,31053,-7740,20117,14736,23958,19006,12343,11066,6068,0
68650,2,1,1,43,-1,-1,-1,-1,-1,2,824,6024,-2653,-3304,8057,11882,5634,9737,4007,7308,2181,130,0
174888,2,3,2,29,0,0,-1,-1,-1,-1,7166,-90,-1426,1111,-582,-6391,3350,5693,8211,6929,1322,4618,0
57783,2,3,2,27,0,-1,-1,-1,-1,2,-13193,12030,4558,2407,5923,-3362,6761,5823,7969,5102,2570,1516,0
186981,2,1,1,32,0,0,-1,-1,-1,-1,27221,11888,-18683,-5791,263,12726,11297,2326,7288,12223,2175,8523,0
100580,2,1,2,34,0,-1,-1,-1,-1,0,43866,-13319,-17810,-31006,7603,37563,5733,8990,6006,8423,6846,7154,0
401377,1,1,1,48,-1,-1,-1,-1,0,-1,45688,16093,26261,29493,-1837,23737,13084,29804,15313,10994,10041,7707,0
39341,2,2,2,22,-1,-1,-1,0,-1,-1,9365,14340,9242,2440,-2661,12742,7750,12628,11734,3427,10427,1366,0
325041,2,3,2,36,-1,-1,-1,2,0,0,9379,12484,-651,-4614,9715,17535,10649,13183,15802,6176,5751,2384,0
52923,2,2,2,27,1,-1,0,2,0,0,9859,-10548,-5545,-16566,10389,22191,3031,6686,3371,2105,3639,464,1
52110,2,2,1,31,-1,-1,-1,-1,-1,-1,3214,18824,4807,-6289,15168,11114,10315,17640,10411,10038,13662,892,0
254356,2,2,1,36,0,-1,-1,2,-1,0,24134,-14484,-4726,-13218,7220,26694,5147,13762,1595,4884,4872,3539,0
344106,2,1,1,48,-1,-1,-1,-1,-1,0,13934,-5666,23061,7897,-8286,-2043,9109,12426,5159,8901,4367,6841,0
664661,2,5,1,37,0,0,-1,0,-1,-1,652,-2672,15072,33465,-11329,-4498,4246,12535,9406,3467,3143,5818,0
217791,2,1,2,35,-1,-1,-1,-1,-1,-1,39157,13208,24451,26504,1292,19316,13862,23903,14973,11011,14990,7054,0
508017,1,2,1,42,0,-1,-1,-1,0,0,8812,-9413,30340,-526,10892,4930,4098,12210,14986,6974,5542,6792,0
325288,2,1,1,38,-1,-1,-1,-1,-1,-1,45870,-8368,26785,1840,16436,5166,9436,25903,5415,15450,14404,9428,0
204603,2,1,2,38,-1,0,-1,-1,-1,-1,14990,12398,-3264,104,-8025,2361,9504,6623,3581,8432,5465,8871,0
189594,2,1,1,38,-1,-1,-1,2,0,-1,26449,2836,7995,30328,4641,24068,11796,34190,13687,13149,12238,3030,0
230539,2,2,1,45,-1,-1,-1,0,0,-1,29141,12264,13952,36761,16484,8143,10684,34985,16265,14024,14328,5644,0
181565,1,2,1,29,-1,-1,-1,-1,-1,-1,41403,36483,33421,16900,19477,37255,21625,29473,26791,17922,21709,5573,0
262972,1,2,1,32,-1,-1,-1,-1,0,-1,12926,20051,14978,33827,2984,4345,12150,19604,12332,8804,10990,5455,0
365822,1,2,1,49,-1,-1,-1,0,0,-1,12476,7172,13802,16631,-8569,24300,7923,19282,20122,4926,7964,353,0
374117,2,5,1,51,0,0,2,-1,-1,-1,2128,6382,2245,-1926,6635,-1912,5018,37,3359,6278,1664,3680,1
52152,2,3,1,25,-1,-1,-1,2,0,2,-8844,11002,-1881,5910,-965,14719,6338,7378,8367,3655,1737,534,1
68725,1,2,1,34,0,-1,2,2,2,0,19732,-13332,4561,-30278,16282,43388,6617,4090,3873,3881,4348,1691,0
202514,2,2,1,46,-1,-1,-1,-1,-1,-1,40960,16740,489,-7560,12121,27610,13315,14828,13825,14970,10759,6769,0
15803,2,2,2,37,0,-1,2,-1,-1,-1,9310,-6718,-1670,-11483,18234,11671,4738,12545,3491,8107,7668,2312,0
26516,2,3,1,49,-1,-1,2,2,-1,2,6936,2713,-4954,-8445,13017,13727,6344,12693,508,6970,3293,1449,1
488649,1,2,1,51,-1,-1,-1,-1,0,-1,15832,3697,23802,26939,7044,-3070,10382,17097,15825,10803,7182,6300,0
206281,2,1,1,37,0,-1,-1,-1,-1,0,42995,-8272,-6554,-29697,3948,41890,4437,11210,4910,6400,9587,5964,0
248791,1,1,1,49,-1,-1,-1,-1,-1,-1,36260,774,10315,10274,2154,19124,10247,24311,9810,12245,10395,4476,0
375100,2,3,1,47,0,-1,-1,-1,-1,-1,-2635,5888,4002,-4339,12021,7488,5691,4227,6921,4064,3021,1948,0
20447,2,1,1,26,-1,-1,-1,-1,-1,-1,10888,12948,-191,-4099,3128,3745,5951,8249,2886,6281,3908,4568,0
139795,2,1,1,33,0,-1,-1,-1,-1,-1,11342,3109,-5712,-4914,2831,16798,11480,8864,1154,7103,10052,5975,0
60527,1,1,1,41,-1,-1,-1,-1,-1,-1,14562,14838,13526,8199,10641,555,11113,12765,12254,12236,8099,5275,0
502833,2,2,1,43,0,-2,-1,-1,-1,0,18143,-17649,11439,-2256,5558,4343,1137,9256,10257,7337,553,6084,0
412555,2,2,2,36,-1,-1,-1,-1,0,-1,19836,17190,20067,30706,-4565,-1050,10932,14498,17479,9310,5729,9293,0
359540,2,2,2,34,-1,-1,-1,-1,-1,-1,14179,6856,25835,3802,6073,1025,6093,14636,15398,7166,9787,3141,0
202318,1,1,2,24,0,-1,2,0,0,2,-14094,16579,89,8194,14469,2245,4674,903,2547,1888,1505,722,0
53372,1,1,2,47,-1,-1,-1,-1,2,2,10943,14873,-6713,-2437,-11487,23166,6764,3193,11924,1122,3274,635,0
203169,2,2,2,46,-1,-1,-1,-1,-1,-1,36169,42282,31623,34789,7472,20585,19363,31560,26831,13857,20362,5976,0
159344,1,1,1,53,-1,-1,-1,-1,-1,-1,-4434,-2741,7800,-2420,1354,7898,6265,11805,836,4619,4386,5118,1
363965,1,2,2,57,-1,-1,-1,0,2,-1,7783,9552,-1802,704,1901,35536,7826,17662,11287,3775,11064,556,0
238445,2,2,1,41,-1,-1,-1,0,0,-1,5176,5592,19199,5792,-10121,13617,5899,16231,12462,2681,6622,2025,0
60057,2,1,1,31,-1,-1,-1,-1,-1,-1,9012,2042,15575,14499,-4759,1093,6577,12615,1485,4183,7959,4015,1
219486,1,1,1,48,-1,-1,-1,-1,-1,2,18980,13566,30,-7964,12102,22841,13849,11942,6403,13354,10189,5338,0
65107,1,1,2,51,-1,-1,-1,-1,-1,-1,20410,3861,-12125,-9411,1932,26071,10114,13692,11125,7829,8621,3247,0
84948,1,3,2,36,-1,-1,-1,-1,-1,-1,26446,10638,33849,-3588,15575,16399,11123,19676,14606,12220,12411,5703,0
29424,2,2,2,35,0,0,2,-1,-1,2,16953,-1024,-5493,-36366,18140,32863,3531,2996,6077,6959,1540,3493,0
140981,2,3,2,26,-1,-1,-1,-1,-1,-1,21222,15894,-3646,-13153,1255,18979,12249,8723,2554,9281,8287,3581,1
143736,2,3,2,47,0,-1,2,-1,-1,0,1954,7822,7110,-46349,11452,33128,4144,839,6418,3742,1858,1501,0
599506,2,1,1,37,0,0,-1,0,0,0,-2751,2172,18922,11719,5343,8813,3509,10207,782,3189,799,3751,0
344243,2,3,1,33,1,3,-1,2,2,0,8266,-1814,15244,-11058,9667,21480,1876,7379,5975,506,3303,2806,0
219043,2,1,2,34,-1,-1,-1,-1,-1,-1,5718,19490,8171,8445,1494,-649,10079,1392,11345,6116,6396,4273,0
173943,1,3,1,40,1,-1,-1,-1,-1,0,24382,-13677,7709,-19256,2941,26640,4565,14696,6114,2643,7403,4024,0
76937,2,2,2,35,-1,-1,-1,-1,-1,-1,14837,-1939,19743,-4753,3288,18456,4793,17209,16678,6823,8523,1264,0
78672,2,1,2,34,-1,-1,-1,-1,-1,-1,23266,12570,-12160,14066,2625,17440,14279,19058,12989,8720,11123,808,0
348511,1,1,2,41,-1,-1,-1,0,-1,-1,20507,27465,40,15707,-22553,12041,13515,5554,12110,4876,6520,10865,0
192573,2,1,1,25,1,-1,2,0,-1,-1,4316,-5328,-803,-3327,-318,10322,2274,7285,77,1457,5127,1992,1
155694,2,3,1,41,-1,-1,-1,2,-1,-1,17477,-2855,2420,921,8679,34241,10671,27270,8828,8872,12115,962,0
146694,2,3,1,34,-1,-1,-1,-1,0,-1,7288,9527,18251,31687,1116,-14272,9311,19602,14301,8068,8503,1670,0
212375,1,1,2,42,-1,-1,-1,-1,0,-1,48686,-3938,2299,-3346,263,33542,7162,30445,12327,6341,9908,3070,0
104480,2,1,2,31,-1,-1,-1,-1,-1,-1,32871,10897,-19239,-6625,-9314,28614,6598,5805,4208,6494,6112,4995,0
24491,2,1,1,39,-1,-1,2,-1,-1,-1,38223,6034,-21656,-17297,-950,25248,11654,2251,6130,12641,11311,3304,0
345338,2,1,1,59,-1,-1,-1,-1,-1,-1,34869,16884,31762,17548,8367,10503,15981,29726,14218,16824,18669,8913,0
234261,1,1,1,52,-1,-1,-1,-1,-1,-1,998,-2697,-670,10255,2532,-1038,4270,4578,5552,3502,3946,4645,0
172215,2,2,1,27,-1,-1,-1,-1,0,-1,22125,9286,14114,8693,-314,22723,8488,23110,11266,5675,11692,708,0
187795,2,2,2,48,-1,-1,-1,-1,-1,0,33962,-2125,-17156,-25223,-6269,41565,9489,3434,7251,7959,6063,10180,0
314353,2,1,2,28,0,-1,-1,2,0,0,19078,-10280,3344,1321,2581,39743,2900,20925,12378,324,940,81,0
348986,2,1,1,44,-1,-1,-1,0,0,-1,-15587,4396,12518,15458,-4370,-1327,6889,12895,3088,3824,2464,3551,0
333450,2,2,1,34,0,-2,-1,-1,-1,-1,21045,1074,5644,-17807,8022,27232,7337,10861,3325,11726,7159,9586,0
255305,2,1,1,48,-1,-1,-1,2,-1,-1,-5018,513,5957,36842,10722,-13521,11831,17921,8,11654,8057,7000,0
144035,1,1,1,33,-1,-1,-1,-1,-1,-1,49239,30186,18394,36069,9701,25036,18585,33695,16614,15913,20190,6675,0
148818,2,3,1,36,-1,-1,-1,-1,-1,-1,32511,13167,8499,17337,-1048,1362,10621,13717,15047,10019,8851,5798,0
521269,2,2,1,48,-1,-1,-1,-1,-1,-1,42923,17357,12482,11632,-1431,14312,11183,16368,8732,9538,13776,4929,0
344590,1,2,1,41,-1,-1,-1,0,-1,-1,-24718,22963,7877,872,8209,1464,6871,5309,7045,4463,5825,71,0
70411,1,1,2,22,-1,-1,-1,-1,-1,-1,29690,1516,-2412,-30204,11320,30989,6782,5598,6913,3732,7618,3591,0
165271,2,1,1,31,-1,-1,-1,-1,-1,-1,12503,5742,16272,18447,-8598,-1369,10560,14410,7169,8231,10954,5672,0
31247,2,1,2,38,0,-1,2,2,-1,2,12306,15319,-14495,-7666,-6659,37752,8854,2069,313,3301,6100,3134,0
454963,2,1,2,43,-1,0,-1,-1,0,-1,23551,-6168,-5934,9115,-7459,169,3632,5836,9023,3740,2123,5977,0
214788,1,2,2,32,0,-1,-1,-1,0,0,11463,-3987,4845,-9827,-5960,15688,1832,6093,7522,1188,2738,3850,0
174957,2,2,1,39,-1,-1,-1,-1,-1,-1,39276,-3234,-8946,-4522,3233,14186,8150,15451,11018,10575,8721,2544,0
197890,2,1,1,60,-1,-1,-1,-1,-1,-1,53064,2576,13658,11756,24186,5033,10084,27788,15495,15726,10803,3095,0
232081,2,1,1,44,-1,-1,-1,0,0,-1,20466,16109,2620,28222,-13352,33160,13802,27695,7457,7026,13873,1253,0
219830,2,2,1,26,-1,-1,-1,-1,-1,-1,18664,-1224,7798,8972,6530,15964,13283,19317,12072,12691,12083,6415,0
365882,2,1,1,32,-1,-1,-1,-1,0,-1,13254,10078,57159,36589,26285,-7419,11038,40562,20682,12939,14661,3075,0
174645,2,1,2,28,-1,-1,-1,-1,0,-1,35684,24246,-4434,5549,4391,17027,14115,1328,14911,11167,4751,8203,0
361001,2,1,1,38,-1,-1,-1,-1,0,0,35590,7308,13845,12010,-4341,31872,10936,22878,14310,7896,8288,6043,0
353522,2,3,1,47,-1,-1,-1,0,-1,-1,27794,1451,24942,9498,-10592,21531,5823,27671,9881,8244,10451,6137,0
180193,2,2,1,27,-1,-1,-1,-1,-1,-1,48367,25732,12900,9617,-4133,33435,14293,21768,12163,13261,16580,8409,0
349833,1,2,2,38,1,-1,-1,2,0,2,-8311,5617,12890,16482,6382,-5636,5540,6483,2481,4573,922,2713,0
378989,2,4,1,27,-1,-1,-1,-1,-1,-1,32667,15374,15672,37113,-4491,4571,15686,23462,10019,16778,9937,9542,0
340691,2,1,1,52,-1,-1,-1,-1,0,-1,12224,3145,9031,29460,-10368,3099,7274,14626,10913,2584,5251,611,0
216560,1,3,1,48,1,-1,-1,-1,0,-1,16874,-5053,-3392,2003,7683,8963,5022,11243,4811,5208,2064,1335,0
47805,2,2,1,41,-1,-1,-1,-1,0,-1,9601,2086,10591,6509,5138,13969,12286,17183,15427,10323,9669,3571,0
159508,2,1,1,34,-1,-1,-1,-1,-1,-1,42701,1744,20463,13039,7195,21749,9482,24457,16512,12993,12324,2920,0
64879,2,3,2,46,0,-2,-1,-1,-1,-1,20657,-7997,21841,14659,7636,-7429,3656,21754,6914,6420,7032,3942,0
191628,1,1,2,46,-1,-1,-1,-1,0,-1,25415,14939,16806,14897,-11066,20763,11046,21989,11290,5977,11694,2120,1
317281,2,2,2,43,-1,-1,-1,-1,-1,-1,33282,-3155,2455,-8961,6496,17753,5943,9603,5762,7514,7357,7731,1
199423,2,2,1,42,-1,-1,-1,-1,-1,0,22041,-4931,14043,-1902,-14263,12952,8565,6326,8599,7127,3057,11130,0
188221,2,1,2,41,-1,-1,-1,-1,-1,-1,29264,8183,-14796,-16182,9090,19161,5654,9193,6860,7251,7826,3171,0
374379,2,2,1,28,0,0,-1,-1,-1,-1,27021,-3721,13227,-5328,17823,17348,5128,20912,10965,7627,11071,2113,0
243922,2,2,1,48,-1,-1,-1,-1,0,-1,5209,17722,-5949,19430,-15246,362,4804,9524,7370,4109,4259,3311,0
65752,1,1,1,45,0,-1,-1,-1,-1,-1,33637,-10546,14425,-27937,15943,16153,6663,12076,5508,10852,12056,7391,0
191480,2,2,1,31,-1,-1,-1,-1,-1,-1,20425,5992,417,1351,11957,6697,7896,10290,7984,11335,7474,3719,0
45988,1,1,1,28,0,-1,2,-1,-1,-1,16239,2836,-5058,-22252,17145,20063,8081,7070,2751,7863,7365,3276,0
321443,2,1,2,41,-1,-1,-1,-1,0,-1,21262,-3322,-6860,34233,-8371,3688,8344,17036,10998,6562,5367,4648,0
288358,1,1,1,45,-1,-1,-1,-1,-1,-1,30948,18174,4970,11099,-11899,16247,12386,13540,8045,9433,9437,6230,0
54920,1,3,2,34,-1,-1,-1,-1,0,0,31420,11687,28303,-9661,3708,15791,9950,15634,20440,8842,8637,4626,0
145400,1,1,1,41,1,-1,2,2,-1,0,10809,-206,-2628,-20936,14001,26682,4950,2041,2615,5437,499,5393,0
383538,2,2,2,44,-1,-1,-1,-1,0,0,32584,-8251,4003,-2637,-1460,20752,5532,12699,12748,7706,4129,4772,0
190783,1,1,2,37,-1,-1,-1,-1,-1,-1,54139,25931,36616,11297,15421,38302,14630,39666,16813,12709,22007,4158,0
315451,2,3,1,36,-1,-1,-1,0,0,-1,39261,1323,18053,23621,-8563,20049,6559,32253,11787,7146,10377,1736,1
76825,1,1,1,43,-1,-1,-1,2,0,-1,9468,12013,13544,-795,2009,17900,12385,16344,10611,7300,9703,928,0
200292,2,2,2,34,-1,0,-1,-1,-1,-1,41754,4078,7871,-3461,5797,11933,11961,9982,6224,14153,9437,11627,0
782481,2,1,1,40,-1,-1,-1,-1,0,-1,77972,10375,40715,34557,-9642,30353,12710,33545,15525,13307,12577,13726,0
259278,1,2,1,35,-1,-1,-1,-1,-1,-1,2282,779,2347,-5998,14746,4431,9145,13087,4263,10500,9234,2918,1
65437,1,3,1,48,-1,-1,-1,-1,0,-1,7834,12950,16802,20796,-3531,12387,11512,23084,19639,8758,9819,1680,0
564933,2,1,1,46,0,-1,-1,-1,0,-1,23020,-12750,34757,-8522,12977,10739,5086,20734,8717,7960,6275,4821,0
378636,1,2,1,59,-1,-1,-1,-1,-1,-1,42886,-10918,18489,-4675,6784,31683,9919,22179,11242,13238,11665,8198,0
253686,2,3,1,66,-1,-1,-1,2,-1,-1,5974,3791,15912,28473,-6573,1722,5384,18608,422,4402,923,1876,1
201403,2,3,1,46,0,-1,-1,-1,-1,0,13022,-2243,24190,-11675,3208,20799,8468,14477,15321,7988,9868,3434,0
216871,2,1,2,24,0,-1,-1,-1,-1,-1,56801,-15177,-9956,-11147,-600,36686,10709,17963,6463,7482,9851,10191,0
184283,2,3,2,25,-1,-1,-1,-1,-1,-1,25890,19509,38698,26066,5772,11053,15371,29019,20085,13408,12573,8133,0
406966,1,1,2,48,0,-1,2,2,-1,0,8831,2549,14578,-17793,-564,23753,5294,5881,734,2417,3370,4132,1
297878,2,1,1,41,-1,-1,-1,-1,-1,-1,5784,13735,-5564,20609,-12981,-3520,11531,7728,7906,7376,2188,5254,0
250631,2,2,2,33,-2,0,2,2,0,0,10470,-11261,-4298,6752,5700,29782,4370,9770,2064,4147,2063,2994,0
202253,2,1,1,43,-1,-1,-1,-1,-1,-1,17002,26086,-19394,19917,-9243,130,12489,3095,6761,11277,6050,5663,0
228569,1,1,1,32,-1,-1,-1,-1,0,0,-819,14901,16682,15102,-6525,3609,5679,9389,8879,1131,3488,1679,1
226234,2,3,1,42,-1,-1,-1,-1,-1,-1,17582,22005,-1724,17188,-1784,8491,12550,9866,15878,10331,10431,2757,0
511384,2,1,2,24,-2,0,-1,2,0,0,20743,-5283,-12810,1248,8670,31408,4542,14772,7909,3646,1858,1018,0
224343,2,1,2,31,-1,-1,-1,-1,-1,-1,20732,-595,11183,13166,10238,-1616,7175,18323,8545,9391,8695,3823,0
309809,1,3,2,49,-1,-1,-1,-1,-1,-1,23713,26589,19320,24175,-4597,19141,13931,21221,18642,9668,13260,2919,0
151573,1,1,1,30,-1,-1,-1,-1,-1,-1,9638,7144,18869,14422,3435,-3397,10777,9597,9874,7446,8751,4805,0
135172,2,2,2,30,-1,-1,-1,0,-1,-1,15611,-224,-1730,21243,-7340,12744,8306,23000,3743,9931,7049,3980,0
156035,2,1,2,21,1,-1,-1,2,0,0,22565,-9834,1516,-7516,11627,15908,3549,15331,11409,5339,4666,94,0
299512,1,2,1,37,-1,-1,-1,-1,0,-1,40962,-12414,38271,7106,8184,29293,7427,33483,23773,9610,11056,4688,0
312302,1,1,1,34,-1,-1,-1,0,0,0,20712,3307,-514,-232,-10824,23971,8796,9415,4446,4141,4506,6774,0
244139,2,1,2,40,-1,-1,-1,2,0,-1,13947,-7765,-1079,9893,-14115,19450,2897,14113,3205,1166,3507,1970,0
259066,1,1,2,44,-1,-1,-1,0,-1,-1,1249,4841,-365,7260,129,21115,8161,11259,3440,2583,8665,855,0
281193,1,1,2,33,0,2,-1,-1,2,2,9096,4334,4049,-3557,-5792,3835,3006,999,1002,241,1132,6092,0
237704,2,3,2,43,1,-1,-1,2,0,0,8272,-8492,7391,6450,191,12900,4248,12686,4062,2793,1399,2292,1
304642,2,2,2,30,-1,-1,-1,-1,-1,-1,34359,11053,7659,26037,-15412,17522,9502,16570,13937,9407,8456,6203,0
86513,2,2,1,24,-1,-1,-1,-1,0,-1,24503,-1116,6810,-1433,25719,5759,6095,16441,13007,11147,7424,346,0
160431,1,3,1,24,-1,-1,-1,-1,0,-1,9495,11789,37312,28360,10738,-3961,8801,29064,15305,7757,10258,508,0
207285,1,2,1,33,-1,-1,-1,-1,-1,-1,30828,15884,15470,9293,3091,11512,13552,15120,15611,11765,11608,2545,0
457186,2,1,1,43,-1,-1,-1,0,-1,-1,27629,4989,695,13162,-10032,15279,11753,13664,5511,6085,7640,4672,0
51727,2,1,2,21,0,-1,-1,-1,-1,-1,19047,1439,-541,904,15267,4581,6149,12808,9310,8321,10760,3161,0
80813,2,1,2,35,-1,-1,-1,-1,-1,-1,41807,958,-2988,11487,647,10707,13873,11759,11996,12826,7505,11974,0
91346,1,2,1,55,-1,-1,-1,-1,-1,-1,39707,2635,23261,6974,-4209,13710,8870,14961,19149,9694,10527,7316,0
130679,1,2,2,32,-1,-1,-1,-1,-1,-1,13723,2312,-11490,-8640,4615,11373,4485,1387,2973,3866,3673,4056,0
52786,2,1,2,41,-1,-1,-1,-1,-1,-1,-3007,14984,-6161,9328,8597,-8219,6030,11842,1426,9709,4667,5884,0
138499,2,3,2,57,1,-1,2,-1,-1,-1,1881,-6745,9464,-6256,9771,9543,4468,9606,4779,7953,5673,4527,0
403291,1,1,1,45,-1,-1,-1,-1,0,-1,44999,14765,28431,31166,4216,15500,13790,37743,16911,13509,14923,6199,0
158280,2,1,1,41,-1,-1,-1,0,0,-1,12981,11524,6571,16640,11576,14648,11152,25058,8576,10171,11803,2356,0
230320,2,2,2,41,-1,-1,-1,-1,-1,-1,38528,21533,7902,23165,-4010,16309,12008,22650,21148,10607,11662,4028,0
616432,2,1,1,46,-1,-1,-1,0,0,-1,11269,15569,8298,35084,-24408,19164,8935,21856,8456,3100,4936,5034,0
267576,1,2,1,39,-1,-1,-1,2,0,0,-4474,16923,4120,-10694,12006,21760,8344,11262,7114,5163,7327,656,0
168325,1,1,2,34,-1,-1,-1,-1,-1,0,36485,-5442,-2897,-16538,3215,33655,7582,18465,5805,7458,9058,3184,0
141617,2,3,1,31,1,-1,-1,-1,-1,-1,18468,-7617,11554,-6649,-281,-6273,6127,4078,11480,7716,3363,3969,0
311784,2,1,2,32,-1,-1,-1,-1,-1,-1,21684,6301,-14782,4729,-5004,10942,4779,7254,6322,5092,4134,2370,0
259904,2,2,2,38,1,-2,-1,-1,-1,0,12847,-10231,-1496,-19001,1402,16593,1944,6431,215,2232,2965,6400,0
104449,2,3,1,38,-1,-1,-1,-1,-1,-1,5541,-125,-1088,-5580,-886,4561,8117,10536,5194,8107,8226,1169,0
324716,2,2,2,37,0,0,-1,-1,-1,-1,19744,-2037,17950,2558,14641,1568,6171,17198,7206,11356,8894,9086,0
395745,1,2,1,59,-1,-1,-1,-1,-1,-1,39920,-3721,46058,-94,23447,6909,9586,27822,17815,13195,13928,11265,0
64020,1,3,1,50,-1,-1,-1,-1,-1,-1,-1183,10397,6881,11931,-4549,-7226,8696,2893,9274,7606,3538,2427,0
350221,1,1,1,29,0,-1,-1,-1,0,0,27694,-3090,26944,-9056,14659,29412,7345,28674,11782,7498,12895,2807,0
293915,1,3,1,46,-1,-1,-1,2,-1,-1,14724,18667,-2321,6928,247,13126,15150,7641,3177,9544,7373,3888,1
421629,1,3,1,62,-2,-1,-1,0,0,-1,20418,-4004,30705,29768,72,33092,11117,45780,9620,5616,14712,1014,0
330287,2,2,2,46,-1,0,2,-1,-1,-1,-292,5459,1028,-22954,18890,3202,7079,599,5439,11091,5083,5375,0
416093,1,1,1,45,-1,-1,-1,-1,-1,-1,31952,6938,63390,9779,21921,-8637,12326,19177,17708,17603,11292,12834,0
49061,1,1,1,34,-1,-1,2,2,2,2,-8941,34031,-18523,4305,6678,18263,8832,1093,6328,3831,3626,380,0
433342,2,1,2,43,-1,-1,-1,0,0,-1,33634,15084,796,9705,-4308,23343,12310,19948,8085,10007,7307,6419,0
143878,2,3,1,30,-1,-1,-1,-1,0,-1,30928,38975,19127,44083,15813,-991,15606,23797,27458,14561,13962,167,0
470373,1,2,1,52,-1,-1,-1,-1,0,-1,35060,401,27575,10285,7267,10574,10728,24410,15020,10592,10889,5546,0
512630,2,1,2,45,-1,-1,-1,-1,-1,-1,19683,6055,23441,19676,-2910,-2537,9176,12554,9092,10190,8271,11377,0
745957,2,1,1,40,-1,-1,-1,-1,-1,-1,50366,519,38035,14801,19679,11318,15858,28230,14909,17450,15131,12469,0
334265,2,1,1,40,-1,-1,-1,0,0,-1,17070,-13215,14999,30945,-457,19119,7123,35386,6766,9108,6833,1403,0
126138,2,2,2,22,0,0,2,-1,-1,0,24857,-8021,-16565,-36822,23741,32190,3884,1399,2683,6706,4208,7041,0
12725,2,2,2,36,-1,-1,2,2,-1,-1,-9467,11203,-5781,-7110,-270,10159,5536,66,1638,2532,5536,1432,1
157001,2,1,1,46,-1,-1,-1,2,-1,-1,3154,-1672,-17436,9627,-5237,15535,6904,9595,2126,2289,5941,609,0
203840,2,1,1,54,-1,-1,-1,-1,-1,-1,44039,26436,-12220,15676,4370,30020,17226,21354,23671,14628,12889,4710,0
373465,1,1,2,40,-1,-1,-1,2,0,0,36518,7967,-9169,-970,2634,47267,12230,21843,11634,4254,12985,828,0
248854,1,1,2,24,-1,-1,-1,0,-1,-1,14218,6759,9769,-14010,17901,15076,5549,13909,10156,4874,10063,1275,0
182575,1,1,2,39,0,-1,-1,-1,-1,0,17184,-4838,821,-14861,4747,17089,4702,4978,2331,5919,4771,5510,0
281716,2,3,1,54,-1,-1,-1,0,0,-1,18509,-11845,10277,6179,-12264,13462,2172,15782,453,4568,1785,3952,1
372652,2,2,1,31,1,-2,-1,-1,-1,-1,-663,3870,22470,9874,12101,-13047,1743,6006,3813,4823,2550,744,0
242725,2,1,2,25,0,-1,-1,-1,-1,-1,24549,568,15180,-95,5905,15214,5043,17884,11365,5336,9832,4093,0
344358,2,2,1,52,-1,-1,-1,-1,0,-1,12397,-5187,28962,22700,2047,3618,6434,24930,13094,8950,8237,1962,0
228895,2,2,1,50,-1,-1,-1,-1,0,-1,6753,-526,7420,22787,6410,-8733,2947,21346,10031,7584,5101,2509,0
610610,1,2,1,48,-1,-1,-1,-1,0,-1,47626,-8465,19944,16531,-9388,18823,8869,18953,11847,9276,6661,10183,0
106962,2,3,1,54,-1,-1,2,-1,-1,-1,8664,15426,-5550,-16171,-2200,36658,9101,11069,4155,7271,11529,1434,0
240612,2,2,2,58,-1,-1,-1,2,-1,2,8954,7372,-18113,-7565,-12178,39314,7199,3465,1229,3691,550,5647,0
216610,2,1,1,31,-1,-1,-1,-1,-1,-1,35860,38895,-6442,-3506,-3209,16974,18922,1929,7953,13264,13953,9383,1
216851,2,2,1,41,-1,-1,-1,-1,-1,-1,20775,13674,45860,36742,-902,7536,11089,37964,12551,13326,15561,5085,0
310994,1,2,1,50,-1,-1,-1,0,0,-1,48488,12801,15747,21862,6563,28581,13121,37104,22095,12254,13635,4481,0
235468,1,2,2,39,1,0,2,2,2,2,11083,3303,-4484,4489,530,28497,4651,4788,10,2307,922,3855,0
201347,1,3,2,48,-1,-1,-1,-1,-1,-1,22304,-2800,12192,-29155,-4307,16942,6387,3727,9462,6137,5748,7970,0
357539,1,1,1,47,-1,-1,-1,-1,-1,-1,38092,17032,12219,20513,-1640,14317,19205,22229,15338,15050,14054,7486,0
198667,2,1,1,41,-1,-1,-1,2,0,-1,-3364,11325,-20031,16119,1745,14709,8358,8359,1412,4252,3889,3663,0
246266,2,2,1,39,-1,-1,-1,-1,-1,-1,39985,2249,37302,29800,10877,-6877,16374,27069,8748,16492,16059,13632,1
579403,2,2,1,43,0,-1,-1,-1,-1,-1,25706,-5046,27362,4623,2387,6989,4026,17406,15860,8355,5681,6644,0
16812,2,1,2,22,-1,-1,-1,-1,-1,0,65164,2224,14773,-19940,7773,37862,12600,14998,13632,10938,13525,10416,0
176520,1,1,1,32,-1,-1,-1,2,0,2,-260,12922,-8225,12771,-9292,10946,9169,3492,2809,2199,2765,1444,1
346232,2,2,1,39,-1,-1,-1,-1,-1,-1,2246,10013,12788,311,15439,72,5921,10605,12636,9313,6329,1815,0
124032,1,2,2,33,0,0,2,-1,-1,2,14949,-1010,-5114,-12413,7100,16914,5850,0,3557,4950,3669,6191,0
154440,1,2,1,42,1,-1,-1,0,-1,-1,5826,-9562,11432,-11668,-2387,20527,4008,12187,8210,2851,5978,1523,0
320657,1,1,1,47,-1,-1,-1,-1,0,-1,23008,7034,3300,5307,-2043,13974,6816,15756,11327,6868,5483,4182,0
272949,1,1,2,43,-1,-1,-1,0,0,-1,26964,13915,4282,4584,-11880,25638,6251,18599,10745,127,8654,3634,0
308206,1,1,1,51,-1,-1,-1,-1,-1,-1,9256,2586,21398,21087,-9104,12820,13166,22173,4560,11697,11581,5677,0
127008,2,1,1,37,-1,-1,-1,-1,-1,-1,-13153,24270,15945,4756,10397,-2988,11902,8975,7668,12340,8521,3594,0
501234,2,1,1,46,-1,-1,-1,0,0,-1,32952,42917,37173,61805,26035,25642,17165,45753,23575,13728,19565,1163,0
316930,1,1,2,32,-1,-1,-1,0,0,-1,30225,4078,18582,23800,-4124,26022,13793,31767,8440,8352,12956,4975,0
355208,2,1,1,38,-1,-1,-1,-1,-1,-1,45895,20173,18240,22738,-6676,24633,16820,20306,10615,15802,14233,9356,0
240067,2,1,1,44,-1,-1,2,2,-1,2,14902,4852,-11889,717,8261,23438,6300,10046,204,7886,3269,3928,0
285386,2,3,1,24,0,-1,-1,-1,0,-1,-9771,7788,17194,9608,8094,332,6962,15065,10523,8717,4966,2811,0
178872,1,3,1,49,-1,-1,-1,-1,0,2,-2975,17776,-7189,1387,-6364,6931,6510,3489,8432,2060,1216,2898,0
289323,1,2,2,47,-1,-1,-1,0,0,-1,20085,28433,32224,25987,-1361,17136,10498,27154,16492,6621,10454,6430,0
355270,2,1,1,41,-1,-1,-1,-1,-1,-1,35663,-17347,1551,-2523,1184,15446,6440,15505,9266,10640,4342,3746,0
79969,1,2,2,29,1,-1,2,-1,-1,2,-21303,23368,4992,-864,13138,6384,5497,2691,3452,4127,3224,3776,0
296780,1,3,1,47,-1,-1,-1,-1,-1,-1,20955,11443,30618,-10264,5897,8562,12984,6187,14570,12859,10166,8247,0
234550,2,2,2,26,0,0,-2,0,0,0,7407,3662,-6295,-5756,18373,27426,1061,9545,9157,3555,1162,2036,0
343738,1,1,2,45,-1,-1,-1,-1,0,-1,-13995,22281,8491,12399,3589,-8556,8281,1450,11040,3653,3500,5127,0
132783,2,4,1,32,-1,-1,-1,-1,-1,-1,27403,-7849,-2199,14696,-140,10983,5782,14597,8186,7053,8290,4176,0
119579,1,1,2,35,-1,-1,-1,-1,-1,-1,31354,28520,3725,12142,-4526,17237,14748,17048,12659,10325,14237,8318,0
460418,2,1,2,39,-1,-1,-1,-1,-1,-1,50733,4007,5902,9715,12852,19579,11436,28222,11103,13356,10381,5922,0
41194,1,3,1,51,-1,-1,-1,-1,-1,-1,15429,3663,27401,1112,-1163,12762,9442,16861,14340,8912,6852,6333,0
193029,1,1,1,49,-1,-1,-1,-1,-1,-1,2044,762,12888,13961,-2053,-2632,5439,19608,10560,5768,6245,1876,0
288389,2,1,2,26,-1,-1,-1,2,0,0,25181,-9476,-7102,-2851,-2059,20928,6550,10373,3912,5797,2809,4745,0
29493,2,3,1,34,-1,-1,-1,-1,-1,-1,16481,1694,29935,20251,6170,12841,10152,23251,13929,11003,13151,4481,0
344419,1,1,1,34,-1,-1,-1,-1,-1,-1,28237,16678,28905,-11201,14657,23812,15118,15643,16639,13226,13942,8202,0
165562,1,1,2,39,-1,-1,-1,-1,-1,-1,34421,3589,4578,4562,5738,12273,8820,19007,12219,8103,9773,3080,0
335346,2,1,1,40,-1,-1,-1,-1,0,-1,35608,10974,19081,20266,-7451,10549,13810,17882,17281,13016,7733,10805,0
273858,1,2,2,29,-1,-2,-1,-1,-1,0,29823,-2701,30775,-35478,25474,24642,5183,19808,14019,11032,12168,5263,0
471163,2,2,1,37,-1,-1,-1,0,-1,-1,-6323,4158,18016,20938,2027,3073,8102,12531,10450,7549,6530,3694,0
484219,2,1,2,36,0,-1,-1,0,-1,-1,24410,8960,22759,20762,-259,1199,12521,16940,8733,13851,8249,15245,0
37843,2,2,2,49,1,-1,2,-1,-1,-1,-3711,17495,3182,11919,9073,1421,9685,6161,2733,6823,6733,4189,0
209185,2,1,2,30,0,0,-1,-1,-1,-1,43728,-3730,-17442,-15160,3737,22039,9509,4704,1738,10405,4619,10637,0
187854,1,1,1,25,-1,-1,-1,2,-1,-1,8183,10230,-19594,9469,-8965,11581,10497,3323,2625,2761,6789,2770,0
221404,1,2,1,41,-1,-1,-1,-1,-1,-1,22973,9037,25707,15747,-4329,16042,9737,25513,12960,7475,13502,2582,0
448586,1,2,1,47,-1,-1,-1,-1,-1,-1,22646,9038,2407,22792,-1934,1384,12623,15850,12239,14588,7940,6133,0
446660,1,1,1,48,-1,-1,-1,-1,-1,2,13510,-7162,6856,-6396,-5113,6639,6007,7275,233,9086,2366,10381,0
16823,2,2,2,29,1,-1,2,2,2,0,23367,3540,-16194,-27169,23852,54623,4558,3106,1410,2756,1387,93,1
164433,1,1,2,43,-1,-1,-1,-1,-1,0,34098,-4286,8339,-12788,-5372,24816,6558,10106,12671,4078,7914,4182,0
205563,1,2,1,60,0,-1,2,2,-1,0,33835,-2188,-14965,-24034,-5501,43560,6249,1797,3632,3323,2724,6292,0
395280,1,1,1,48,0,-1,-1,-1,0,-1,19281,3684,24347,20437,12186,-4096,7344,26865,10600,9428,9422,4700,0
58087,2,3,1,27,1,-1,2,-1,0,0,-28,10345,-7071,-6563,25484,17925,5876,9858,10677,6161,1181,980,0
140140,2,2,2,34,-1,-1,-1,-1,-1,-1,6895,16280,20500,-6115,2510,15809,10223,10354,11230,8056,10719,2648,0
114069,1,3,1,47,-1,-1,-1,-1,-1,-1,5836,7156,7396,4369,-9014,14057,8835,4638,2888,5337,4672,6540,1
436013,2,1,2,38,0,0,-1,-1,0,-1,35303,-3051,22486,13400,693,6461,7784,21882,9489,12193,7001,10528,0
200159,1,2,1,48,1,-1,1,-1,-1,-1,-279,4970,1386,10751,2294,-6585,5132,365,4603,6396,964,2425,0
303930,1,1,2,61,-1,-1,-1,0,0,-1,27672,-573,38891,21457,-1842,21928,5990,40113,14582,3614,14724,2227,0
113124,1,2,2,29,1,-1,-1,0,2,2,-5153,-2175,-4436,-3904,14780,15730,3311,14004,4343,3960,3992,448,0
426095,2,3,2,44,-1,2,-1,-1,-1,-1,53975,-23240,15917,-135,-5363,12588,5104,19980,1905,8587,6597,7955,1
383973,2,3,1,41,-1,-1,-1,-1,-1,-1,50600,21718,58058,20632,14917,25235,16135,35870,25275,14834,18520,8680,0
503139,1,1,2,40,-1,-1,-1,-1,-1,-1,25013,16108,23844,16550,6114,7382,11302,16617,12046,12341,8120,11370,0
321360,1,2,2,26,0,-1,-1,0,-1,-1,9352,5819,14208,-10937,1328,19549,5776,5871,5243,3821,6263,4290,0
240322,2,1,1,44,-1,-1,-1,-1,-1,2,20723,-2011,-2116,-2360,-4710,19522,11371,4952,1145,10770,3169,10004,0
301832,1,1,1,45,-1,-1,-1,-1,-1,-1,42341,2475,-9784,3123,-18537,23038,11947,9547,5429,8564,6807,9764,0
293735,1,1,2,42,-1,-1,-1,-1,-1,-1,76223,521,12098,-9700,7594,21867,12607,21571,5560,15414,12518,14399,0
115314,2,2,2,34,-1,-1,-1,-1,0,-1,29705,20664,33383,15691,6553,21490,12893,28265,18533,10743,15507,3079,0
133816,1,1,2,50,-1,-1,-1,2,-1,-1,9805,5493,6635,6390,-9508,17380,14388,9480,195,7338,8642,7372,1
341435,1,3,1,46,1,-1,-1,-1,-1,-1,-7476,4466,15944,-266,11166,5461,5122,13657,5535,5797,3459,228,0
265177,2,3,2,46,-1,-1,-1,-1,-1,-1,-303,12591,10407,-1894,1090,7508,8860,9238,4665,7846,4236,1920,0
391326,1,2,1,48,0,-1,-1,0,0,-1,7762,3518,8266,9325,1132,13959,4313,16673,12163,2773,4925,853,0
79316,2,3,1,39,-1,-1,-1,-1,-1,-1,46382,-6615,3149,-10609,22754,14292,10084,18188,16293,15101,10527,5220,0
166950,2,3,2,26,-1,0,0,-1,-1,0,34800,9342,6622,-10477,-1526,24049,5557,8868,6485,6343,6823,5323,1
240559,2,2,2,52,1,-1,-1,-1,-1,-1,6134,27097,11539,29482,14710,-4041,7531,17879,16863,10165,3365,8754,0
317749,2,2,1,27,-1,-1,-1,-2,0,0,15093,2849,903,27021,-10383,10709,8610,7075,3716,10523,645,11735,1
190433,2,3,2,39,-1,-1,-1,0,0,-1,21049,6200,7120,987,-318,15518,2902,10407,9291,1559,5715,3039,0
222490,1,1,1,41,0,-1,-1,0,-1,-1,8544,11185,20062,4372,2713,6514,6368,9069,1573,3369,11946,8394,0
540230,1,2,1,46,-2,-1,-1,-2,-1,-1,6135,23491,28101,18637,9066,1466,15018,17820,12351,13352,9463,14248,0
186619,1,2,2,57,0,-1,-1,0,-1,-1,8230,10487,23128,7378,-2374,365,3953,10808,450,1452,8705,7328,0
430132,2,2,1,34,0,0,0,0,-1,-1,29881,29509,15835,-5000,7923,21950,9809,6692,338,10627,18261,12130,0
96742,2,2,2,26,-1,-1,0,-1,-1,-1,13592,21691,-7184,-469,9384,9917,3345,3997,8209,6603,3381,4364,0
655842,2,5,1,42,-2,-1,-1,-2,-1,-1,16172,20306,18224,53427,11279,13235,21207,24733,18736,18641,3963,22539,0
285590,2,1,2,34,-1,-1,-1,-1,-1,-1,11528,17336,3110,32381,5405,-5803,7964,12746,11942,8666,1297,14918,0
211641,1,2,2,40,-2,-1,-1,-1,-1,-1,3453,22926,-5066,10167,4368,9655,7680,12430,14560,4784,279,12059,0
253381,2,1,2,32,-1,0,-1,2,0,0,21086,14746,-1376,-291,4245,18283,7563,6775,6191,5986,1240,6580,1
305081,2,1,1,37,2,0,0,-1,-1,-1,24159,35011,19704,26505,12009,-7302,11635,4633,3075,10781,16673,14504,0
374538,2,3,1,42,-2,-1,-1,-1,-1,-1,33103,22207,20915,26522,25637,12915,12419,30460,23726,15137,11704,16606,0
228671,1,2,2,24,0,0,-1,-1,0,-1,7826,37237,36307,12404,24658,-16830,4880,13631,12915,3769,7905,1685,0
117512,2,1,2,31,-1,-1,0,-2,-1,-1,-134,32886,-18305,3645,1064,7355,3956,1249,7546,5288,2648,4615,0
129921,1,3,1,45,0,-1,-1,-1,-1,0,-8811,10496,24208,3695,8258,-4878,3695,4483,3102,3439,4218,4654,0
150458,2,1,2,27,0,0,0,0,-1,-1,22861,9394,2427,-5426,-2884,14825,4431,5161,453,3163,9067,9030,0
297068,2,1,1,48,-2,-1,-1,-1,-1,-1,39943,28844,3341,11391,16083,24201,9221,20754,13362,13212,11692,15887,0
387754,1,2,1,37,-2,-1,-1,-1,-1,-1,9668,14788,26592,44626,23475,-6158,11160,23616,15531,14671,4435,18254,0
329884,1,3,1,33,-1,-1,-1,-1,-2,0,29698,8249,20589,5870,-4390,20615,6593,13169,11074,8354,7735,9787,1
351072,1,1,2,41,-1,-1,-1,0,-1,-2,14334,10695,-1481,8546,6946,15600,13234,15658,6116,11893,607,13288,0
247579,2,2,2,22,-2,-1,0,-1,-1,-1,17231,41283,1473,19437,9708,1450,10771,5331,14433,10569,8161,18688,0
223987,2,1,2,36,2,0,-1,-1,-1,0,39070,46873,-4050,-4376,11625,22939,13462,2175,17572,7350,8489,11280,0
263174,1,2,1,52,-1,-1,7,-2,-1,-1,5639,18297,-1900,1275,-8891,16086,7364,4238,691,10416,6546,17483,0
290786,1,1,2,55,0,-1,-1,-1,-1,-1,16122,22360,9711,6497,9246,17556,12292,18643,13267,7484,5519,10052,0
165156,2,2,2,35,0,-1,-1,-1,-1,-1,-1700,19822,-614,9287,1372,-2455,3359,6351,7043,5543,2609,7543,0
188149,2,1,2,37,-2,-1,-2,-1,-1,-1,16030,33492,-18462,1338,6322,14243,9262,5319,13247,8223,4956,9519,0
282751,1,2,2,34,0,-1,-1,0,-1,-1,11364,5592,19687,1658,2693,7890,6681,15691,9652,6441,2732,7101,0
250954,2,2,2,34,0,0,0,0,-1,-1,7029,28957,23182,21045,-3069,-639,4938,2358,528,1898,10629,3429,0
208414,1,3,2,34,-2,-1,-1,-1,-1,-1,-19681,27980,23095,25579,19345,-18677,7383,19997,19084,5928,2995,3178,0
257572,2,2,2,45,-2,-1,-1,-1,-1,-1,33591,43511,-13385,-5978,14293,24177,9068,7659,18868,8571,11019,15029,0
353862,2,1,1,42,-2,-1,-1,-2,-1,-1,6847,3838,20027,43397,25335,-3739,12873,33598,4674,16289,1036,11548,0
342904,2,2,1,51,-1,-1,-1,-1,-1,0,28646,22521,12716,24548,12436,3732,12605,14369,10912,19860,4201,14733,1
208169,2,3,1,34,0,-1,-1,-1,0,0,6165,9327,16339,16056,11895,-532,7351,15319,11223,8541,2997,2946,0
257935,1,1,1,41,0,-1,-1,-1,-1,2,8097,12544,36333,15359,15841,4041,9367,15863,10005,13496,5055,8613,0
239620,1,3,1,39,0,-1,-1,-1,0,0,17845,3570,7931,-5882,10732,13227,7854,14905,3048,5284,7110,6270,1
208411,1,3,2,43,1,-1,-1,-1,-1,0,10066,16075,6021,-3503,2843,10323,5369,7496,18496,3230,2014,6451,0
214653,2,2,2,22,0,0,0,-1,-1,-1,49683,18866,-14753,-21375,19224,30258,6081,10827,6567,7981,12102,3656,0
533828,2,1,1,25,-1,-1,-1,-2,-1,-1,9145,24331,3568,30399,19897,12923,17628,20125,2560,23583,6283,15182,0
92116,2,2,1,43,-1,-1,-1,-1,-1,-1,6196,16106,3187,17176,72,-2613,1400,6364,3285,2640,4133,6098,0
170993,2,1,2,22,0,0,-1,0,0,-1,18715,15995,35684,16942,14813,-4525,2095,13559,3394,3383,11407,8378,0
366749,1,1,1,40,0,0,-1,0,0,0,2802,24126,13843,-2587,4015,6170,9931,5081,2512,6185,7925,7852,0
226285,2,1,2,35,-1,-1,-1,-1,-1,-1,25156,16171,13697,1052,-774,14568,5480,15423,6748,8678,4572,13031,1
270550,2,1,2,22,-1,-1,-1,-1,-1,-1,41479,19764,-14485,18469,-3286,8969,9370,12142,8456,10868,6377,17881,0
221497,2,3,1,33,0,-1,-1,-1,-1,-1,2618,31870,14575,23175,-6523,-8015,7307,7460,8802,2428,8031,10253,0
402232,2,3,2,43,-2,-1,-1,-1,-1,-1,10952,28457,20101,12532,27396,7866,12320,12842,12577,17211,10708,15790,0
247070,2,3,1,35,0,0,-1,-1,-1,0,31662,1032,8975,-5666,294,19974,7284,7353,2364,4394,10011,7823,0
105151,1,3,2,31,-2,-1,-1,-1,-1,-2,13472,26611,111,7542,9194,1849,8620,433,12842,7318,152,18096,0
352695,2,0,2,35,-2,-1,-1,-1,-1,-1,11927,37886,13119,24330,12848,22344,13640,20522,16315,14043,6142,18646,0
184003,2,2,1,38,-1,-1,-1,-1,-1,-1,-4829,13311,16356,26636,6258,-16634,3736,8838,7794,7043,1391,7968,0
170495,2,2,1,42,2,0,0,-1,-1,0,37310,13665,24281,8906,14057,9651,8172,8427,5541,9020,10030,8258,0
305733,2,2,2,25,0,0,-1,0,-1,-1,40835,10744,12769,6518,-556,16796,7899,11927,2806,8852,11931,10546,0
330984,2,1,2,27,1,0,0,2,0,-2,28981,3261,12510,33503,-8265,3746,9250,9169,3222,5565,4743,7792,0
188825,2,2,1,42,0,-1,-1,-1,-1,-1,1561,27925,13177,9648,4841,-5150,5557,1424,4852,2689,9366,7465,0
313651,2,3,1,46,2,-1,-1,-1,-1,-1,25742,21486,1399,5184,-879,10669,10098,8391,4504,5410,14621,10813,0
145811,2,2,2,28,-1,0,-1,0,0,-1,9408,10800,13978,-4371,-6334,5522,1263,4849,2143,766,3804,2696,0
371928,2,3,2,39,-2,-1,-1,0,-1,-2,-1514,19339,17597,4594,-6495,1869,9287,8831,8426,2809,6393,6326,1
143042,1,1,1,35,0,-1,-1,-1,0,0,-1574,8590,16776,14888,9839,-6187,6441,8671,6987,5619,1026,1679,0
302733,1,3,1,55,-2,-1,-1,-2,-1,-1,6270,23448,15976,38036,-6621,-4989,8284,15645,9635,9819,5711,17783,0
130961,1,1,1,42,-1,-1,0,-1,-1,-1,21947,8923,7573,-2139,13938,5730,4519,10343,945,7092,8489,6597,0
218716,2,2,1,34,-1,0,0,-2,0,-1,15855,38185,5261,41829,7422,-10848,7153,809,5793,8224,7936,9251,0
328116,2,1,1,25,2,0,0,-1,-1,-1,38884,24665,2951,19659,1813,7970,10618,7095,8464,12008,11179,16292,0
45220,2,1,2,23,0,0,-1,-1,-1,-1,42343,18706,36448,18590,4442,691,2229,10348,705,1985,14654,13418,0
353180,2,3,1,29,-1,-1,-1,-1,-1,-2,8047,29769,9835,26004,2885,831,10709,11817,20965,11290,379,13842,0
269549,2,1,2,22,-1,0,-1,-1,-1,-1,43928,18947,-18848,-9114,3065,25161,8611,3745,7988,6542,9263,10854,0
253067,2,2,1,27,-2,-1,-1,-1,-1,-1,660,10427,24299,41412,5905,-7098,4630,22577,14817,6453,2839,8544,0
263599,2,3,1,22,-1,-1,-1,-1,-1,0,16420,5837,-7399,-2064,4664,17602,10551,7496,13361,10091,419,13305,0
114225,1,2,1,33,-1,-1,-1,-1,-1,-2,21700,15941,10070,5494,4305,763,3535,3683,12955,2410,751,5903,0
298180,2,1,2,31,0,-1,0,-2,-1,-1,3715,28212,13595,24464,12661,-7751,13697,11630,7446,13030,10719,10808,0
130858,1,2,1,41,0,-1,-1,-1,-1,-1,-1324,20896,20618,4774,4589,1707,2839,9442,7107,5275,3662,3600,0
169806,2,3,1,40,-1,-1,-1,-1,0,0,16087,10483,11260,15551,-4156,7877,6266,2304,6563,5301,2378,7498,0
293862,2,3,1,36,0,-1,-1,-1,0,0,1104,7471,39813,35313,1402,-18440,6552,19980,14897,5141,3915,7765,0
137945,1,3,1,28,0,0,-1,-1,0,0,7706,7448,24278,6850,76,2311,2650,11332,5824,3363,4093,3267,1
352152,1,1,2,39,0,0,0,0,0,-1,15282,19547,14748,12712,-1053,5416,6910,8240,1319,1264,13047,4591,0
278130,1,2,1,44,0,0,-1,-1,0,0,12741,19340,18808,-3891,5231,12024,6437,7666,6065,6807,6404,3627,0
408328,2,1,1,52,-2,-1,-1,-2,-1,-1,8935,23425,-10352,29270,-8786,13947,12988,17871,11645,9963,4681,11842,0
246926,1,1,2,34,-1,-1,-1,0,0,-1,7510,7931,12492,20908,-9955,-3701,4752,12253,7122,3545,3431,9749,0
217253,2,1,2,24,-1,-1,-1,-1,-1,0,1879,26404,-13531,17052,10032,7567,10478,11171,13681,9276,345,5619,0
448176,1,1,2,27,1,-1,-1,-1,-1,0,13055,31304,32422,25342,9991,3228,15823,23389,20962,13580,5741,17009,0
197563,1,1,1,46,0,0,-1,-1,-1,0,26052,20522,16397,2917,8944,14919,6429,6884,5160,7665,8780,6963,0
206009,1,1,2,33,0,0,-1,0,0,0,23573,2013,-2739,6782,-5080,13040,7869,1362,3185,2182,2226,8660,0
141645,1,2,2,34,-1,-1,-2,-1,-1,-1,22488,23121,-19994,-3029,3794,17167,4779,701,10464,6659,3739,6439,0
418495,2,1,3,23,2,-1,0,-1,-1,-1,49944,31424,1977,3598,30579,23461,15591,19417,13906,19522,18274,14624,0
146080,1,3,1,39,-1,-1,-1,-1,-1,-1,-2322,9857,17764,9279,-4125,-1933,3637,11848,3400,4507,1726,8086,0
197654,2,3,1,39,-1,-1,-1,-1,-1,-1,21642,16847,13105,23754,-5365,3705,5976,14233,9486,7706,4810,13470,1
280546,2,3,1,31,0,0,0,-1,-1,-1,23578,29579,32018,28234,-6009,-721,5550,11545,6176,2979,15857,11931,1
256476,2,3,2,41,-1,-1,-1,0,-1,-2,6102,16194,18674,12373,-9695,8801,4662,8039,4820,5498,4333,9541,1
148823,2,2,1,31,0,-1,-1,-1,0,0,16419,9810,-15114,751,2205,10755,2824,8502,12997,2839,654,2535,0
308285,2,1,2,25,-2,-1,-1,-1,-1,-1,10738,28930,15690,18089,36991,10346,13921,31876,15003,16478,4146,15248,1
394760,2,1,2,29,-1,-1,-1,-1,-1,-1,35469,20267,-491,12526,27633,14965,16199,13505,14575,21073,6519,21209,0
372412,2,1,2,44,1,-1,-1,-1,-1,-1,38841,22915,16462,30857,17635,13310,11895,24682,23759,17227,9126,19758,0
285042,2,1,2,32,-1,-1,0,-2,-1,-1,10088,19652,5456,3015,14087,11483,11256,9412,5311,12000,6041,3289,0
113535,1,2,2,53,-1,-1,0,-1,-1,0,17171,2965,2564,-11518,7019,15002,3505,8282,3206,6522,2591,4137,0
300694,2,2,2,27,-1,-1,-1,-1,-1,-1,40486,8167,-1954,-4852,13223,27587,8889,18291,8393,14312,8093,13687,1
149697,2,2,2,37,0,0,-1,-1,0,0,24411,23703,6111,-3934,1665,9643,3562,3072,10556,770,5843,2677,0
303460,1,1,1,43,-2,-1,-1,0,-1,0,3897,-507,10613,-529,11503,9818,8550,19686,4602,10399,7060,3535,0
306439,2,1,1,47,-1,-1,-1,-1,-1,-2,18104,23473,8097,23430,464,16093,13485,13261,14807,14740,0,18738,0
291707,2,2,2,44,0,0,-1,0,-1,-1,44364,13584,4441,3269,4940,24398,8779,14674,5628,5914,14391,10791,0
97559,1,2,1,41,-1,0,0,-1,0,0,13527,16771,18300,13455,29319,3083,6772,3862,10444,9652,469,1804,0
163761,1,3,1,38,0,-1,-1,-1,-1,0,19795,-6707,3617,-7769,1764,15931,5834,9981,1973,5808,6267,4742,0
213313,2,2,1,31,-1,-1,0,-1,0,-1,15374,18931,459,8750,8367,2085,5299,8526,6346,6582,6588,5627,0
429563,2,1,1,56,-2,-1,-1,-1,-1,-1,7057,16369,9842,633,15039,10586,13899,12017,4233,16123,9125,8818,0
217478,2,2,1,46,0,-1,-1,-1,0,0,4561,10152,19855,14464,-2598,-664,5347,10680,7890,3473,4191,3653,0
223010,2,3,2,23,1,0,0,-1,0,-1,33016,14356,3298,13012,8727,10729,4593,17828,6372,6368,10293,6425,0
243051,1,1,1,50,0,-1,-2,-1,-1,2,24196,27295,12412,-293,10745,8665,9052,9189,8395,8072,9733,7635,0
325480,1,3,2,40,-2,-1,-1,-1,-1,-1,-1272,28138,14829,14918,10315,8712,11578,19019,17870,8130,517,9295,0
353351,2,3,1,47,0,-1,-2,-1,-1,-1,48148,17863,42701,18207,24516,12303,11748,36498,9140,17009,18669,16890,0
67020,1,2,2,38,-1,-1,-1,-1,-1,-1,7725,19363,11393,-5695,6726,3765,1354,8,10443,4033,3316,8654,1
266529,2,2,1,42,0,0,-1,-1,0,-2,3158,20367,24124,19182,1965,-1980,6606,5299,7805,5444,5789,3722,0
545031,1,2,2,31,-2,-1,-1,-2,-1,-1,10000,32429,6982,44462,7884,12897,16211,26196,14200,15645,6147,23657,0
154855,2,2,1,44,0,0,-2,-1,-1,-1,24855,24816,599,5035,-772,1865,3235,1657,5305,3435,10873,10815,0
200133,2,1,2,28,0,0,-2,0,-1,-1,18804,20423,-11624,2826,-3968,15732,5459,1336,5868,2627,8587,6670,0
442103,2,1,1,49,-1,-1,-2,-1,-1,-2,26086,37306,531,18561,-6680,13912,14915,9163,8939,16356,4831,17667,0
274613,2,2,1,38,-1,-1,-1,-1,-1,-1,-11495,25431,19163,23938,2948,-9703,6985,9173,7912,6795,3710,7637,1
477976,2,1,1,56,-2,-1,-1,2,-1,-1,31950,9010,20558,38056,20560,526,15329,27165,13287,16345,11919,21256,0
271983,2,3,1,32,0,-2,-1,-1,-1,-2,50123,14582,25242,-6891,4780,19959,6388,17873,4120,8804,14813,16250,1
86904,1,2,1,36,2,-1,-1,-1,-1,-1,-360,6899,5699,12168,12987,-2238,4109,12720,8877,6926,907,3070,0
306463,2,1,2,32,0,-1,-1,0,-1,-1,16266,13136,13285,7109,-9375,16278,9133,12928,1876,5369,9701,12163,0
198158,2,1,2,39,0,-1,-1,0,-1,-2,10972,22914,-1012,8004,-17097,11843,6428,2042,4215,2776,6666,12233,0
267359,2,2,2,28,-1,0,-1,-1,-1,0,35670,25135,11321,7887,-1164,13608,7941,1353,6774,8756,9116,13311,0
232110,1,3,2,30,0,0,-1,0,0,0,33955,6871,5485,-8604,10436,27127,9373,14063,3915,9017,8565,6759,0
116064,1,3,2,40,0,-1,-1,-1,-1,-1,1322,16767,9125,14775,9092,-6198,1678,13014,11671,616,6596,3659,0
222223,2,2,1,45,-1,-1,-1,-2,-1,-2,-228,4352,-1095,12744,-12990,5108,5207,10490,4042,5525,93,5273,0
463104,2,1,2,31,-2,-1,-1,-2,-1,-1,31538,20829,9264,29233,27562,17618,15373,31348,13846,21945,6616,20227,1
474356,2,3,1,36,-2,0,-1,0,-1,0,27889,11769,32139,361,4709,15859,13634,12203,5257,11090,15342,15400,0
141277,1,2,2,32,0,0,-1,-1,-1,0,36970,11977,6645,-13132,5169,16642,2743,5344,5562,2263,7603,3461,0
165483,1,2,2,44,0,-1,-1,-1,-1,-2,45481,10038,9125,4840,4672,15302,6161,12235,9053,8991,9057,19197,0
202174,2,3,1,35,-1,-1,-1,-1,-1,-1,5252,11627,24360,12640,1986,3310,3359,12145,4228,6439,5081,9532,1
160632,2,2,2,28,0,-1,-1,-1,-1,-1,1293,35839,20030,23656,11974,-20031,4074,5453,8642,5939,6346,13562,1
403571,2,2,2,36,-2,-1,-1,-1,-1,-2,30019,32312,269,12850,12973,21238,14485,11137,19647,15489,5879,21230,0
238337,2,3,2,40,0,-1,-1,-1,-1,-1,13543,27422,11216,3005,11294,14338,8643,9544,12933,8524,6904,12969,0
229332,1,2,1,44,-1,-1,-1,-2,-1,-1,-15116,12498,3660,16583,-15541,-782,4578,6608,8591,1255,150,3262,0
346986,1,1,2,59,-2,-1,-1,-2,-1,-1,13217,7341,9740,13564,-6236,8550,11742,13538,1224,8583,5784,13526,0
91845,2,2,2,30,-1,0,-1,-1,0,0,39086,5335,-2712,3394,18063,10168,2404,7103,12556,6345,410,1709,0
27749,2,1,1,25,2,0,0,-1,0,-1,23985,41343,7136,36460,18622,-10674,4751,5321,14477,5530,2852,1038,0
222792,2,2,2,45,-2,-1,-1,-2,-1,-1,22366,13740,-12293,18616,-11424,4296,7534,10273,3024,3228,7907,11737,0
281312,2,1,2,56,0,-1,-1,-1,-1,-2,4092,23138,13433,-2509,88,9741,9264,6343,2380,8352,8883,14807,1
202171,2,1,2,29,0,-1,-1,-1,-1,-1,19863,15085,11474,2418,35703,5547,7455,20925,8109,13740,5491,8805,1
82601,1,1,2,23,-2,-1,-1,0,-2,-1,11066,-1092,10473,27433,1591,-9601,3094,15110,3518,2491,1820,7520,0
316809,2,1,2,34,-1,-1,-1,-1,-1,-1,5544,41349,-3991,32717,10362,-9024,9250,8649,13143,9434,7607,17043,0
187671,1,3,1,52,-1,-1,-1,-1,-1,-1,2966,19904,10863,-608,23300,9835,7660,13787,16366,10484,388,6953,0
327636,1,1,2,32,2,0,-1,0,-1,-1,29723,13588,-7420,-18144,17618,17204,11680,12980,1248,10793,9597,9637,0
111385,2,1,2,36,-1,-1,-1,-1,-1,-1,-11918,29075,17409,20186,24919,-15841,5390,12117,12003,7918,2630,8392,0
53895,1,1,1,50,0,-1,-2,-1,-1,-1,5287,11503,2505,8643,2848,-6903,4625,3440,2891,2923,3345,6749,0
166811,1,2,1,41,0,0,-1,0,0,2,17268,1862,19643,9222,-2108,533,4947,3607,3276,3225,3604,8800,0
373207,1,2,2,31,0,-1,-2,-1,-1,-1,-2463,34396,9467,2558,14862,-1472,13817,3217,9495,13442,10218,12454,0
271483,2,1,2,38,-2,-1,0,-1,-1,-1,20524,31439,11029,8016,18355,7723,8905,14054,11029,10062,8364,9922,0
151723,2,2,1,50,-2,-1,-1,-1,-1,-1,21475,12920,4603,20138,7534,-3303,4821,14833,7392,7409,6857,8137,0
232659,2,2,2,32,-1,-1,-1,-1,-1,-1,9927,33016,1431,18260,-3232,3843,9160,9093,11120,7171,4908,10697,0
152657,2,1,2,22,-1,-1,0,-2,-1,-1,16290,25054,2665,-2205,2549,19905,6032,9463,2672,7018,9526,8713,0
147690,2,2,2,41,-2,-1,0,-1,-1,-1,29363,21819,-21265,-14800,16594,25732,6573,3910,12165,4135,5967,3152,0
253124,1,1,1,39,2,0,0,2,-1,0,11652,29049,13564,2024,19830,13930,12035,5633,3321,8537,9146,1664,0
160722,2,2,2,36,-1,0,-1,-1,0,-1,6624,10465,5493,22329,3400,-5981,3267,7168,4719,6370,2683,6520,0
177430,2,1,2,30,-1,-1,-1,-1,-1,-1,13512,10680,3867,-6431,8343,-942,4504,2854,2553,5409,6905,11068,1
287446,2,1,2,49,-1,-1,-1,-1,-1,-1,11033,23896,-12072,16311,-3987,12637,9495,11754,12460,8382,1957,8169,0
274148,2,1,2,38,-2,-1,-1,-2,-1,-1,17418,21576,-8637,16161,7520,15267,7831,16205,6309,7796,3974,12963,0
343703,2,2,2,31,-1,-1,-1,-1,-1,0,23494,23494,-18160,-9863,3266,31364,11915,6651,11800,10281,4524,9693,1
112711,2,1,2,27,2,0,0,0,0,-1,10489,35144,1690,26775,9363,-8087,5114,4708,7084,884,3640,538,0
299954,1,1,1,40,-1,-1,-1,-1,-1,0,19623,9642,5999,-19277,15075,21487,9050,4276,3379,13601,7441,11548,1
248386,2,2,1,26,-1,0,0,0,-2,-1,12464,28316,4048,973,-270,15129,2855,5706,1489,766,13928,2217,0
238335,2,2,2,45,-2,-1,-1,2,-1,0,24977,8987,-553,9403,2824,20661,7357,16354,7068,10077,4077,9396,0
371030,1,3,1,57,-1,-1,-1,-1,-1,-1,-7081,21462,32007,24197,15155,-11251,9836,14723,7410,13351,3982,12442,0
87816,2,2,2,47,-2,-1,-1,-1,-1,-1,-2570,21982,10613,23513,2130,-7695,2683,11170,13826,3508,3494,4237,0
29581,2,2,2,39,-1,-1,-1,-1,-1,-1,-5632,21690,-8113,14507,-2281,-7747,1808,2349,17429,1147,807,8205,0
419968,2,1,2,26,-2,-1,-1,-2,-1,-1,19132,13226,4749,21803,16822,13728,14060,27232,3844,15705,9620,13450,0
205603,2,2,2,31,-1,-1,-1,-1,-1,-1,17597,18779,3194,1985,12064,15144,6138,5299,4245,11595,6850,11204,0
267193,2,2,1,27,0,-1,-1,-1,-1,-1,12417,21639,16118,19927,9765,-7881,5717,12367,14069,5862,8322,9560,0
327138,2,2,2,43,-1,-1,-1,-2,-1,-1,8869,18761,-5619,5161,-4094,12563,9739,12187,10729,10359,2032,11660,0
508383,2,1,2,45,0,-1,-2,-2,-1,-1,9289,28958,19233,23945,2341,2186,16601,16489,3167,14019,13562,17461,0
346614,2,3,1,25,-1,-1,-1,-1,-1,-1,15080,21391,15947,-4883,1512,19305,10482,11308,7528,7805,10218,8150,0
222196,2,1,2,36,-2,-1,-1,-1,-1,-1,8376,21414,3438,24824,4307,-3898,8237,5836,14182,6214,6334,10613,0
238001,2,1,2,62,-1,-1,-1,0,-1,-1,4014,15821,8177,8869,-22122,14242,5350,8052,2952,1244,3416,8378,0
82559,2,2,1,33,-1,-1,-1,-1,-1,-1,13092,18025,-19252,-9602,-57,12346,1962,3725,10473,2462,947,3411,0
191013,1,3,2,35,0,0,0,0,0,0,23763,24317,21178,-267,3832,15509,5833,15318,7851,4799,9590,1015,0
71111,2,2,1,41,0,0,0,-1,0,-1,20019,22631,25328,10445,-465,4829,865,1223,1233,630,7103,1566,0
263503,2,1,2,30,0,0,-1,0,-1,-1,43710,19784,-2738,-1310,-5685,25130,8785,1388,2385,2465,12532,11838,0
275860,2,1,1,40,-2,-1,-1,-1,-1,0,40682,8252,2587,-2788,13488,29357,9981,20011,10255,12453,8861,8606,0
266071,2,1,1,47,-1,-1,-2,-1,-1,-1,18984,30431,-1710,27216,-2198,762,9579,4101,11975,11705,7475,19032,0
296561,2,2,1,52,2,-1,-2,-1,-1,-1,38566,33994,8623,19590,18078,8391,9094,11850,14761,14208,12344,11077,0
144764,1,1,1,48,0,-1,-1,-1,-1,-1,26580,12551,17102,125,6929,13886,3583,9993,5475,5528,9312,6603,0
250065,2,3,1,46,-1,-1,-1,-1,-1,0,20701,12180,10555,8003,17567,5896,8164,15399,11922,14660,3681,9290,1
444364,2,2,2,23,0,-1,0,-1,-1,-1,46838,9922,4763,8740,9809,19403,13680,13036,949,15649,19554,20581,0
150254,2,3,2,25,-1,0,0,-1,-1,-1,18688,24521,6735,-12922,5330,13010,5025,2449,1801,3014,9377,9192,1
249972,2,2,2,21,-2,-1,-1,-2,-1,-1,37346,2206,-21379,13742,10730,17796,8120,18936,9159,14338,5995,14084,0
292168,1,2,2,29,-1,-1,-1,0,0,0,9326,283,-12700,-22219,-307,34189,7397,4554,239,6140,324,1801,1
217292,1,3,1,34,-2,-1,-1,-1,-1,-1,-2761,4030,24970,12418,19657,6477,7348,19655,13022,7694,1464,5969,0
319069,2,3,1,41,0,-2,-1,2,-1,-1,14084,15724,35622,18166,9104,178,5916,24029,2305,7857,13923,8223,0
155185,2,2,2,27,0,-1,-1,-1,-1,-1,20844,16221,648,6755,1333,5148,5360,11495,11987,5313,5560,10836,0
176458,2,2,1,34,0,0,-1,2,0,0,10338,14163,27332,12995,2410,1742,5299,10072,1879,2710,4419,2337,1
307825,1,1,2,40,-2,-1,-1,-1,-1,-2,32759,23971,-17010,-4036,-1083,25383,13804,5689,8603,9705,7446,18422,0
308032,1,1,2,41,-2,-1,-1,-1,-1,0,13605,35498,7216,-313,24767,9425,11714,9640,14038,11061,7245,7895,0
309851,2,3,1,44,-2,-1,-1,-1,-1,-1,29015,24442,14417,-3910,3276,16156,8619,10663,6746,5913,14586,8505,0
148518,2,2,1,33,-1,0,0,-1,0,0,32745,11220,15992,8247,15260,11820,3697,4488,4765,7758,4167,3901,0
298233,1,3,1,52,-2,-1,-1,2,0,-1,-4425,26233,15385,22027,10695,-4263,8220,13696,16111,5178,6520,1649,0
242995,1,1,2,46,0,0,0,-1,-1,-1,65034,19035,16982,-2717,15178,22168,6733,16359,9739,9585,15815,11288,0
155901,2,2,2,30,-1,-1,-1,-1,0,0,22898,9295,-682,-1770,2508,18058,4522,10202,7327,5413,1280,2297,1
295411,1,3,1,36,2,0,0,0,-1,-1,-30,34687,25010,18294,11152,-7968,7083,5646,2259,2441,18042,5554,0
174201,2,3,1,21,-1,0,0,-1,-1,0,33626,11806,12397,1684,2639,25264,6610,5502,15032,7942,5441,11122,0
202919,1,2,2,24,-2,-1,-1,0,-1,-1,16645,6820,3540,-3241,16434,13481,6326,17802,10168,8579,3726,8067,0
114763,1,3,2,53,0,-1,-2,-1,-1,-1,3051,41463,13709,29814,-1743,-16173,5821,5913,15583,477,7806,12099,0
371673,1,1,1,36,-2,-1,-1,-2,-1,-2,32172,6926,12964,8714,7521,8454,12057,15978,2149,9949,12841,14041,0
265306,2,3,2,35,-1,-1,-1,-1,-1,0,16973,21551,9062,10751,14649,8754,6750,14714,11050,11938,4823,11898,1
257600,2,2,2,33,-1,0,-1,-1,-1,0,45319,20035,-4817,-22351,-5634,43806,10001,32,2518,9469,10691,13907,1
305387,2,1,2,36,-2,-1,-1,0,-1,-1,8842,14933,5813,7479,-4716,6430,9284,12476,8872,7698,3365,12639,0
116260,2,2,2,41,2,0,0,-1,0,-2,58579,28823,494,-3050,7192,27355,2349,5947,4874,4028,10089,5520,0
201408,2,2,1,22,0,0,-1,0,0,0,35420,12192,20047,-2079,8665,21144,4122,5974,608,2154,9734,3572,0
346200,2,3,1,52,-1,-1,0,-1,-1,-1,26467,15899,33662,16951,11087,8168,8551,19229,6870,13669,11105,11972,0
230695,2,3,1,52,-2,-1,-1,-1,-1,-1,-8049,23887,27787,33772,9048,-2534,8791,15296,14754,9449,567,13753,1
307709,2,3,1,24,0,-1,-1,-1,-1,-1,-26259,25828,44658,35916,15635,-24403,7605,18029,13564,8829,2421,7761,0
270291,2,1,1,31,-1,-1,-1,0,0,-1,4215,17125,-357,20760,1698,810,7565,13185,12550,7112,1440,6352,0
199207,2,3,2,22,-1,0,0,0,0,0,18570,16552,3792,8927,-3421,15685,8335,6965,15529,2625,4332,5276,0
110554,1,2,1,34,-1,-1,0,-1,-1,-1,9497,20266,-7638,12374,4574,-2621,3701,314,6861,6463,3441,5990,0
129466,1,1,1,33,2,0,0,-1,0,0,31303,18876,8629,-1783,19458,8880,6652,8662,1678,7117,3975,2277,0
187001,2,2,1,33,-1,-1,-1,-1,-1,-1,-2664,15777,9954,18664,9091,-6578,6510,11880,1509,12318,382,10406,0
144550,1,3,1,51,0,-1,-1,-1,-1,-1,-2935,5794,30587,26420,111,-18148,2268,11922,8107,1317,6372,6326,0
448466,2,3,1,49,0,-1,-2,-1,-1,-1,25595,23625,20353,-6867,18509,21030,13521,18721,2784,15895,16114,8881,0
348216,2,1,1,33,-1,-1,-2,-2,-1,-2,5600,24064,-1679,42790,-6993,-5290,11917,9404,7634,11745,2650,12563,0
119566,2,2,2,52,0,0,-1,-1,0,0,23557,1009,-1916,448,132,15924,2147,4099,1830,4937,1975,3605,0
167273,2,3,2,36,0,0,-1,-1,-1,-1,9036,22863,15373,5760,-2067,1661,5221,1221,6217,3253,5727,10310,0
279457,1,3,1,57,0,-1,-1,2,0,0,21444,-1160,42653,22348,4325,9831,5827,22479,8753,5126,8046,3047,1
121318,1,2,2,38,-1,-1,-1,-1,-1,-1,2763,17651,12897,752,8969,-4537,2473,7615,17537,3830,627,3857,0
222499,2,1,2,40,0,-1,-1,-1,-1,0,12526,16700,256,7593,4303,12881,10215,6584,13009,12552,2008,9966,0
227102,1,2,1,41,0,-1,-1,-1,-1,-1,13363,16356,5083,20077,-13755,3225,7335,6338,10204,1962,4336,12668,0
408101,2,3,1,52,-2,-1,-1,-2,-1,-1,-6868,20958,34617,38911,10180,4666,13543,29339,13176,17248,885,14348,1
376878,2,3,2,35,-2,-1,-1,-1,-1,-1,23564,26575,24399,9182,20502,13269,13305,20486,12303,15274,11343,13254,0
174439,2,2,2,46,0,0,-1,-1,-1,-1,22036,15888,12965,14182,-6372,3019,1663,5770,2321,2744,10458,11435,0
312230,1,1,1,57,1,-1,-1,-1,-1,0,59901,8051,8853,15289,9153,21131,12042,19638,13885,17735,12024,20844,0
74075,2,2,2,45,0,0,-1,-1,0,0,34706,24494,12178,-16077,7636,29010,2126,6357,14088,4797,5701,2522,1
241792,2,2,1,29,-1,-1,0,-1,-1,-1,8772,21426,3210,9307,-3759,8333,7009,7692,11301,4572,7514,2045,0
252354,2,2,1,38,0,-1,-1,-2,-1,-1,14648,13930,-2183,5283,9119,13150,8299,12146,531,11733,6370,8452,0
140203,2,2,2,45,0,0,-1,-1,-1,0,-676,22923,40767,4618,7130,1329,3038,660,7821,1188,4536,2844,1
273646,2,2,1,31,-1,0,-1,-1,-1,-1,-6708,26535,29187,21853,11274,-596,5995,8978,1608,8426,7166,1615,0
349442,1,2,1,23,-2,-1,-1,-1,-1,-1,28918,36567,15820,-1208,43880,20561,15333,24997,18388,19839,10437,13071,0
248802,2,2,1,43,1,-1,-1,-1,-1,-1,20901,28497,5267,30377,12420,-424,8931,9542,24047,13863,5767,18402,0
277543,2,1,1,34,0,-1,-1,-1,-1,-1,10367,18988,5691,21900,2717,-6919,6996,13108,4546,7273,9596,9808,0
205939,2,2,2,34,2,0,-1,-2,-1,-2,22129,28347,-6942,145,-11076,21586,8267,2609,5819,3725,6801,4802,0
226790,2,3,1,44,-2,-1,-1,-1,-1,-2,-10683,27950,14203,25195,21371,-16412,8291,11577,16076,10852,520,5655,0
343381,1,2,1,46,-1,0,0,2,0,-1,31047,20623,4688,4936,-2420,15504,8357,7252,3496,5149,11901,6250,1
87915,1,1,2,30,-1,-1,-1,-1,0,0,28064,4482,-5367,1179,9559,14083,207,7127,18715,1704,143,3094,0
180269,1,2,1,58,-2,-1,-1,-2,-1,-1,25668,-1635,-13826,-14542,3565,26490,4788,10773,2643,5002,774,1180,0
416190,2,3,1,51,-1,-1,-1,-1,-1,-2,-3892,30382,21917,42991,7587,-10559,11081,10070,17339,14312,3551,7517,0
394465,2,1,1,32,2,-1,-1,-1,0,0,25924,19608,21284,14070,24612,10495,13761,27679,10845,16466,8756,7756,0
356186,2,2,1,45,2,-1,0,-1,-1,-1,31642,24654,22738,21823,24567,3669,8192,21912,11697,11075,13942,5120,0
235322,2,2,1,30,1,-1,-1,-1,-1,-1,27190,17567,7916,12089,11504,9103,6813,15485,12886,8513,9834,16765,0
127225,2,3,2,43,-1,-1,-1,-1,0,0,15011,14356,-4465,-5753,19790,9160,5311,10447,16302,7873,2386,1587,0
246962,1,2,1,47,-1,-1,-1,-1,0,-2,15412,-2962,23053,21672,-1448,-2735,8884,11898,4858,8765,2553,11302,0
336190,2,2,2,39,-1,-1,-1,0,0,0,28898,4277,-1939,-6294,-9194,22561,8188,11243,7865,5320,6388,8395,0
263933,2,3,1,30,-1,0,0,-1,-1,-1,10545,40857,14274,14106,2927,562,9450,3664,3823,8547,9112,11176,0
165827,2,3,1,44,-1,-1,0,0,-1,-1,7315,10728,17472,20622,-5501,-3946,372,14624,3157,2689,6604,3984,1
222088,2,1,1,36,-1,-1,-1,-1,-1,0,24838,-5441,-18757,-14162,-12300,27646,2047,3149,842,1257,2655,10020,0
215368,2,3,1,29,-1,-1,0,0,0,0,3,11553,5505,14410,-6900,30571,841,922,5369,3081,970,4935,1
201368,2,2,1,45,2,-1,-1,0,-1,0,-16755,8686,9909,8419,11868,9002,788,4959,2057,2362,547,3520,0
185833,1,2,1,25,0,-1,-1,0,-1,-1,-12814,10836,15678,-5021,652,21546,103,8566,1643,667,1513,6062,0
136068,2,2,2,35,0,-1,-1,0,0,0,1549,-4466,20291,25311,-11384,26432,660,5470,3982,1308,378,7621,0
95156,1,2,1,48,0,-1,0,-1,-1,-2,22376,33681,17275,44786,-11075,12502,3219,12559,10857,510,0,12493,0
12663,2,2,1,29,0,0,-1,0,0,-1,5959,12858,20697,36311,8235,5294,1021,14563,4580,1725,277,9425,0
233218,2,3,1,41,-1,-1,-1,-1,-1,-1,-21833,12231,26423,19626,-9824,-2737,1990,4860,612,1343,815,8964,1
60769,1,1,1,31,0,-1,-1,0,-1,0,-13134,8001,19504,22380,9328,2522,1629,8242,6159,1322,1216,6050,0
116913,1,2,1,51,0,-1,0,0,-1,-1,15468,23408,19817,13870,3412,29982,5897,10366,3417,908,953,16440,0
146382,2,2,2,38,-1,-1,-1,-1,-1,-1,-24531,21254,-1880,10120,-12066,5241,2925,518,4158,537,1315,3705,0
239666,1,2,1,25,-1,-1,-1,0,0,0,-11613,8569,5766,2394,-1749,24000,521,5273,6894,2008,922,3336,0
90934,2,1,1,35,0,-1,-1,0,-1,0,-2015,12378,5549,30844,-12624,12843,417,5016,4623,362,1645,6872,0
39156,1,2,1,37,0,-1,0,0,-1,-1,-22016,15394,36540,43423,12437,-6108,1410,11767,10210,840,1508,5076,1
63169,2,1,2,36,0,-1,0,0,0,-1,-13345,31225,18992,50324,5722,22318,439,12213,16510,971,2202,5923,0
94740,1,1,2,42,0,-1,-1,0,-1,0,-4448,11276,11130,20445,-12263,13081,2342,1515,3952,582,816,8641,0
52612,2,3,1,32,-1,-1,-1,-1,-1,-1,-3020,9237,-2914,12270,-9578,12121,1821,5974,8299,1764,1397,5763,0
67084,1,1,1,49,-2,-1,-1,-1,-1,-1,-22281,8465,26138,12540,212,6649,2615,5667,6465,1179,540,5716,0
171457,1,2,1,40,-2,-1,0,0,-1,0,-25537,14470,15704,7838,5265,16093,1554,4107,8746,37,1281,1866,0
161835,1,1,1,44,-1,-1,-1,-1,-1,-1,-9670,1610,10243,8591,-3240,-1709,119,3979,1697,1924,5207,824,0
186412,2,1,1,38,2,-1,-1,-1,-1,-1,-2410,6956,1582,8687,6355,3561,879,7843,8573,1388,2640,3916,0
240820,2,1,2,23,-1,-1,0,0,0,-1,3587,6290,-1671,18509,-10702,16683,160,4661,3705,132,2707,11718,0
260334,1,3,1,43,0,-1,0,0,0,-1,-25951,13668,35801,37340,-5964,5655,981,4261,2015,1170,839,7941,0
109567,2,1,2,32,0,-1,-1,0,-1,0,-19176,15225,13792,14924,7539,17843,1578,6469,3371,1707,461,3619,0
236452,1,2,1,39,-1,-1,-1,-1,-1,0,-20687,12930,9649,3070,841,13826,920,1293,6393,87,3027,5339,0
170379,1,1,2,29,-1,-1,-1,-1,0,0,6659,-3865,-8905,-7595,-3343,15040,749,767,3738,2811,3426,324,0
195892,2,1,1,39,-1,-1,-1,-1,0,-2,16692,18629,-15799,21333,-11550,15009,1909,4945,8712,2847,1166,7555,0
190676,1,2,1,32,0,-1,-1,0,0,-1,-9584,15,18807,6511,13996,1461,216,6646,2704,1423,1251,5615,0
148794,2,3,1,30,-1,-1,-1,-1,-1,-1,-952,-647,7961,-395,-12045,615,1479,3161,2257,293,2727,6882,0
81397,2,2,2,30,-1,-1,-1,-1,-1,-1,-1065,15655,-7840,-10133,-5389,24358,1937,7085,795,645,251,6384,1
239101,1,2,2,24,0,-1,-1,0,0,0,-13317,8764,1958,12249,-3389,16342,55,602,3470,108,2496,7196,0
153915,1,2,1,29,-1,-1,-1,-1,0,-2,6671,16088,-2299,24074,3768,-1640,1609,2849,4584,3310,430,5847,0
194405,1,3,1,59,-1,-1,-1,0,0,0,-28332,-961,15821,10178,-7429,12801,791,435,4613,1004,1576,2111,0
140993,1,2,2,40,-1,-1,-1,-1,-1,-1,-16812,21215,6296,9778,-2634,1454,3112,814,8465,82,2540,5990,0
79064,1,1,2,33,-1,-1,-1,-1,-1,-1,-11222,11228,-15562,-14335,5829,16246,561,3543,3166,653,1599,2914,0
50664,1,2,2,38,-1,-1,0,-1,0,-1,-31437,20248,24472,38295,2684,-12636,1548,5966,14270,1980,258,752,0
98035,2,2,2,32,2,-1,-1,0,-1,0,3222,10637,-16539,-13652,265,46355,1384,4567,7295,1079,298,4515,0
118168,1,1,1,38,2,-1,-1,0,-1,0,726,6725,749,10482,-3847,23305,2117,1585,3071,1451,136,6002,0
60413,2,1,2,25,0,-1,-1,0,-1,-1,12542,16498,5166,11308,6922,30263,1826,14928,4816,1320,2088,12604,0
196002,1,2,2,49,-1,-1,-1,-1,-1,-1,-16575,9137,-6789,-9311,-6592,17494,2554,265,4079,834,1819,5366,0
145180,2,2,1,40,4,0,0,0,-1,0,4401,29244,19795,27040,2933,46381,3194,12603,17534,2098,2492,9433,0
142770,2,1,2,27,-1,-1,-1,-1,-1,-1,4650,1750,-18342,-9179,2234,21634,2552,1532,3083,4372,635,2648,0
172123,1,2,1,37,-1,-1,-1,-1,-1,-1,-16842,-1530,5368,-4995,6602,5691,196,3041,4898,1068,2032,1269,0
117842,1,1,1,36,-1,-1,-1,-1,-1,-1,-35664,10234,8213,7716,8213,203,1838,3835,4876,918,2091,2506,0
79828,1,3,1,46,4,-1,0,0,-1,-1,-9804,11136,26841,37811,-12978,2868,2936,10170,5560,1011,323,13935,0
56608,2,2,1,32,0,0,-1,0,-1,0,19433,14129,4820,28308,-959,29794,4253,6703,9957,3659,158,7330,0
288453,2,2,2,41,-1,-1,-1,-1,-1,-1,171,-4191,-7116,-5812,-756,21790,563,6952,3534,3983,383,3184,0
184357,2,2,2,38,-1,-1,-1,-1,-1,-1,-19743,4758,743,7447,-12188,7745,1159,589,1735,2253,499,6010,0
37459,1,2,1,37,0,-1,0,0,0,0,-16793,11287,34412,28730,4192,13816,2291,10837,12710,808,1546,7637,0
45883,1,1,1,38,2,-1,-1,-1,-1,0,-35732,27336,7820,15462,4348,-1763,2270,2053,13750,707,1684,122,0
33769,1,2,1,28,4,0,-1,0,-1,-1,-825,19715,18164,25034,12022,25301,3301,16924,11018,917,1809,10434,0
118060,2,2,1,43,0,0,-1,0,-1,-1,1850,37078,23916,50413,-3522,5729,4980,13015,9307,2747,761,15267,0
208653,1,3,1,48,-1,-1,-1,-1,-1,-2,13020,15406,1011,2071,-9127,13006,2048,4473,988,2994,704,11899,0
129921,2,2,1,31,-1,-1,-1,-1,-1,-1,-34053,26970,1407,337,2450,16892,4225,1785,9784,1915,2663,2296,0
176438,1,1,2,27,-1,-1,-1,-1,0,0,-3565,-4394,440,-22638,-3912,22380,1108,632,3388,1732,4959,460,0
96777,1,2,2,23,0,-1,0,0,-1,-1,-6025,26783,6171,-318,3221,25754,2271,7251,5600,308,134,8703,1
103336,2,2,1,37,-1,-1,0,0,0,0,-277,28150,-1186,30286,1075,20384,3730,2564,13233,3436,527,7394,0
206161,2,1,1,49,0,-1,-1,-1,0,0,-20724,-378,22215,15424,-1177,-1575,454,3610,759,2652,1805,4643,0
102976,1,2,2,40,-1,-1,-1,-1,-1,-1,-37929,27977,30164,12930,-1272,2420,2026,6515,7063,164,1833,3714,1
30176,1,2,1,41,0,0,-1,0,0,-2,22866,28115,9989,42451,-22088,32444,1959,10770,10156,1069,150,11520,0
38307,1,2,2,26,0,0,0,0,0,0,-13324,23957,8572,24451,10778,24939,2612,5373,8905,1233,617,4369,0
213728,2,3,2,28,-1,-1,0,-1,-1,-1,-2511,27357,-1446,17990,-11369,24766,2965,4438,5687,2063,289,8556,0
180177,2,1,1,33,-1,-1,-1,-1,-1,-1,-30231,10250,13585,26548,-8131,-7738,188,1050,2616,2865,1718,3967,1
107251,2,1,2,39,-1,-1,-1,-1,0,0,-15093,1298,11544,36565,-3682,-3384,422,1821,6308,2367,690,4250,0
89773,1,2,2,36,-2,0,-1,-1,0,0,-21208,22907,12511,18930,1266,2816,5721,80,12939,993,2907,5353,0
328619,2,1,1,38,-1,-1,-1,-1,-1,0,14889,-8172,2258,-12675,2827,12329,411,4159,201,2809,6064,1584,0
10383,1,2,1,42,0,-1,0,0,0,-1,-25521,43816,35703,45435,4870,23253,3644,11788,14800,362,857,6799,0
165097,1,1,2,35,-1,-1,-1,-1,-1,-1,-2381,4666,-6908,-8278,-8678,10485,1860,503,8361,40,6467,899,0
328456,2,1,2,33,-1,-1,-1,-1,-1,-1,2684,10743,6846,-13656,-6142,10752,1673,1928,3514,1323,5609,6347,0
170476,2,3,1,42,-1,-1,-1,-1,-1,-1,-8909,19119,13092,13064,-2941,10406,2652,8676,6801,1679,19,8367,0
184868,2,1,2,31,-1,-1,-1,-1,-1,-1,-9464,-1026,2035,-12857,6754,4173,1155,5102,941,4201,3886,1959,0
173032,2,3,1,50,-1,0,-1,-1,-1,0,-12219,27166,24630,36166,-17021,12459,2119,10776,10164,952,952,10052,1
41889,2,1,2,35,-2,0,-1,-1,-1,0,-24435,9360,22833,28316,704,2656,2311,9765,8036,1071,1797,2606,0
125888,1,2,1,43,-1,-1,-1,-1,-1,-1,-20722,9221,5015,6804,-6753,10152,2351,2277,1214,737,1168,8084,0
178221,1,3,1,55,-1,-1,-1,-1,-1,-1,-21388,3643,4303,4049,-8366,2262,2040,650,3352,1605,1749,6148,0
65691,1,2,1,61,0,-1,0,0,0,0,-43210,47255,47347,51393,11688,11504,6197,1772,17276,2524,175,1460,0
138156,2,2,1,42,-1,-1,-1,-1,-1,0,-13874,10747,8820,22299,-6901,11026,983,3442,4224,2569,1080,3755,0
185671,1,1,1,47,-1,-1,-1,-1,-1,0,4692,6298,3313,14629,-8568,13731,1687,2583,4935,313,1601,9112,0
81252,2,1,2,26,2,0,-1,-1,0,0,8375,15527,-12461,27946,5777,5458,1664,5401,11152,2831,421,2809,0
122537,1,2,2,47,-1,0,0,-1,0,0,523,34432,5258,49698,-13921,17615,4236,2956,13149,1402,1558,11556,1
345381,2,3,1,38,-1,-1,-1,-1,-1,-1,4957,100,13748,-5000,1101,-548,2353,1407,2449,1557,4933,10462,0
14502,2,1,1,51,1,-1,-1,-1,0,0,-9491,7473,12391,33460,-4919,2427,896,7702,11865,2111,1369,2661,0
203094,2,3,2,33,-1,-1,-1,0,-1,-1,-30006,17619,33998,24832,-9552,-1367,3407,9525,6090,1187,327,13088,1
59129,2,2,2,37,0,0,-1,2,-1,-1,-4919,10468,12846,16830,1467,14839,1152,10059,2685,634,1437,4355,1
159129,1,1,1,21,0,-1,0,0,0,-1,-8671,18806,14495,40073,10542,-52,1512,8565,8042,1402,2671,8655,0
266593,1,2,1,44,-1,-1,0,0,-1,0,-31301,8612,9834,2573,8183,11008,2357,965,2509,2706,32,1653,0
141786,2,3,2,40,-1,-1,-1,-1,-1,0,-14505,9923,3390,3339,7015,7755,2151,3129,8439,2595,9,2984,0
85951,1,1,2,27,-1,-1,-1,-1,-1,0,-3711,5152,-16696,-8788,-1062,18900,506,2916,4731,909,1446,3743,0
244742,2,2,1,37,-1,-1,0,-1,-1,0,-451,10250,-15172,-15174,11820,18898,333,387,4202,4102,1437,1813,0
59893,2,2,2,29,-1,-1,-1,-1,-1,-1,-8334,8078,10376,2565,1129,8465,2463,6755,9960,1488,1106,2957,0
134010,2,1,2,23,-1,-1,-1,-1,0,0,-11807,19727,-6165,16104,-10697,16743,2367,2684,7038,1301,1497,6311,0
100331,1,1,2,40,-1,-1,-1,-1,0,-2,-6249,4599,8855,7514,-13040,5533,444,2664,4570,29,3109,6668,0
235409,1,2,1,29,-1,-1,-1,-1,0,-1,-10747,13746,-2023,10592,6217,2948,769,3278,7016,1501,3769,5968,0
157134,1,2,2,29,-1,-1,-1,-1,-1,-1,-16407,18232,18776,19148,-2217,-6365,3750,4067,4668,2122,728,9152,0
219238,2,1,2,35,-1,-1,-1,-1,-1,-1,-11577,253,3721,2158,-1653,8267,1176,5302,3475,3015,1165,5213,0
114492,2,1,1,35,-1,-1,-1,-1,-1,-1,8565,1404,6721,11618,-12187,10291,56,9290,4932,985,664,7394,0
50142,1,1,1,25,-1,-1,-1,-1,-1,0,18354,1907,-10912,5527,-18935,20135,1119,5009,3617,661,896,4969,0
81540,2,1,1,50,-1,-1,-1,-1,-1,-1,9029,-13697,2972,-10417,-811,13201,292,10491,379,2977,592,3426,0
20297,1,1,1,36,0,-1,-1,-1,-1,-1,-7277,18267,8539,7323,-3367,2264,2012,8999,1607,855,1694,10206,0
133197,2,1,2,42,-1,-1,-1,-1,-1,-1,5800,6632,-25659,-10737,-10561,19502,2733,2524,1549,3479,1433,6009,0
304674,2,3,2,34,-1,-1,-1,-1,-1,-1,-9942,9050,1923,-26891,4516,14631,725,3160,1332,2700,2224,3711,0
10742,1,1,2,22,0,-1,-1,0,-1,-1,-3882,17595,26447,30658,6252,19756,3172,9909,1027,2624,217,11948,1
74897,2,2,1,41,-2,-1,-1,2,0,-1,-9407,9711,9137,27850,-846,-520,2842,2447,5884,548,654,3395,0
157282,1,2,1,42,0,-1,-1,0,0,0,8281,20893,6259,16551,-2676,28326,2324,3317,9906,482,1852,11261,0
18235,1,2,2,30,0,-1,-1,0,0,0,-34516,19174,33171,48977,395,-11149,2156,1119,12136,790,973,2470,0
217254,1,2,1,40,-1,-1,0,0,-1,0,-8921,8950,12204,17027,-12089,21441,3101,1825,5420,1669,179,8365,1
153796,2,1,2,21,-1,-1,-1,-1,0,-2,12482,7101,-538,8697,6441,-506,3291,1040,956,6433,32,1075,0
200645,2,1,1,30,-1,-1,-1,-1,-1,-1,-648,-1515,204,9131,-5152,5550,2,1328,798,3145,2541,1285,0
152730,2,1,2,36,1,-1,-1,-1,0,-1,-5845,1347,12433,29770,-8125,1734,197,5593,4967,1388,381,2060,0
188826,1,2,1,34,-1,-1,0,-1,-1,-1,-25071,13381,7145,1110,5852,-2140,235,993,2976,2288,545,299,0
44956,1,2,1,35,0,-1,-1,-1,0,-1,2937,-7729,18910,21829,11479,-4645,20,8064,4817,990,1280,3473,0
167789,1,2,2,27,2,-1,-1,-1,-1,-1,2072,25363,-6048,-4008,1894,24463,5220,4730,5908,910,533,10115,0
143610,2,3,1,54,-1,-1,-1,-1,-1,-2,3746,-9283,2394,5933,-4079,289,1029,468,5503,2111,4002,2298,0
110815,1,1,2,30,4,0,0,0,-1,0,11231,31612,-3506,10076,-3248,38810,3912,8966,7264,942,446,10440,1
132736,1,1,2,51,-1,-1,-1,-1,-1,-1,2308,541,-401,-22720,-2763,22149,1915,3931,39,2294,1628,6492,0
98030,1,2,1,39,0,-1,0,0,0,0,-37069,36859,56461,61422,9242,15669,2952,14784,16189,318,2156,7594,0
350382,2,3,1,32,-1,-1,-1,-1,0,-1,-8559,-962,3682,-11168,-4594,1913,1380,717,3106,1631,6872,2011,0
18778,1,1,2,31,-1,0,-1,-1,0,-1,-9393,9108,8638,18224,-5713,3678,101,8849,12011,758,2838,6081,0
120882,2,1,2,21,-1,-1,-1,-1,-1,-1,-5368,12901,-11231,-3776,4258,-5219,2368,2568,2323,3953,2182,2002,0
98872,2,1,1,30,-1,-1,-1,0,-1,0,-32441,10741,22601,17302,-5171,12663,1394,9752,6056,2328,863,6456,1
271118,1,2,1,34,-1,-1,-1,-1,0,-1,-40207,7328,30636,19061,8590,-20892,763,308,3677,951,3297,2329,0
242181,2,2,2,46,-1,-1,-1,-1,-1,-1,-17453,4294,2218,-4561,3659,-6248,1117,1479,1685,4209,2360,2084,0
215989,2,2,2,29,-1,-1,0,-1,-1,-1,-21326,35793,622,25622,-5706,6214,3518,5431,11415,1652,2272,9436,0
131607,1,3,1,55,4,-1,0,0,-1,-1,-21878,20728,43808,32989,9887,6470,2838,12894,4291,1893,299,9046,1
220137,1,1,2,42,0,-1,-1,0,0,0,9457,-13851,3386,-14284,1342,27679,1108,939,404,1209,3786,448,0
31521,1,2,1,34,0,-1,0,0,-1,0,-7945,13198,20082,20170,6536,19813,2328,3434,4863,1786,894,3280,0
208580,1,3,1,49,-1,-1,-1,-1,-1,-1,-3727,-93,17078,-378,-13338,3115,193,3584,322,410,3293,5609,0
237857,1,3,1,63,-1,-1,-1,-1,-1,-1,-3442,8030,3363,-17972,-8637,30930,341,6546,2938,28,2525,10385,0
143824,2,2,2,35,-1,-1,0,-1,-1,-1,-54219,33611,9435,10315,-6085,-7149,3206,1860,6663,1278,1542,4344,1
321088,1,2,1,23,-1,-1,-1,-1,0,0,14367,-9773,-3595,-11981,13364,12011,104,1405,1164,2681,3149,2300,0
108829,1,1,2,35,0,-1,-1,0,-1,0,-64,5562,3020,10591,-13547,28208,1170,4854,3191,1260,799,8452,0
73246,2,2,1,32,-1,-1,0,0,0,-1,-12616,-1445,6385,21046,8615,4474,1265,2326,3937,2486,313,1370,0
239861,2,2,2,25,-1,-1,-1,-1,-1,-1,814,-1973,-14412,-888,6100,8520,887,624,1374,3517,3061,484,0
204178,1,1,1,32,2,-1,-1,-1,-1,-1,-26461,13515,7396,-7926,19440,3064,287,6525,3462,2577,913,1156,0
83636,1,1,1,48,-1,-1,0,-1,0,0,-33216,13839,19436,27796,5060,-5048,77,3929,8525,2861,615,1432,1
241876,1,1,2,36,-1,-1,-1,0,0,-1,-14005,11094,16206,3426,3453,330,943,3481,244,492,3293,6725,0
157432,1,2,2,39,2,-1,0,0,-1,0,32483,20837,-6254,16169,-2645,43924,4600,4523,8583,3000,539,12312,0
114201,1,3,1,28,-1,-1,-1,-1,-1,-1,-4572,7916,371,-14431,1077,18202,1156,4843,1724,914,877,4454,0
140679,2,1,2,33,2,-1,-1,-1,-1,-1,-20040,30494,5957,1554,53,18405,4177,4460,2809,1337,524,6937,0
146767,2,1,1,46,0,-1,-1,0,0,-1,-26080,-5414,25446,28155,-1317,-11638,843,2243,4150,755,3287,2960,0
289845,2,3,1,38,-1,-1,-1,-1,-1,-1,-9962,-9855,12769,-2809,-8217,7644,349,128,928,1532,5605,3873,0
101247,2,2,2,29,0,-1,-1,0,0,-1,-10661,1979,27845,38948,-8460,1894,645,8414,2233,345,365,8435,0
31630,2,1,2,48,0,-1,-1,0,0,-1,922,11708,21480,35349,4135,13244,173,16950,9872,226,731,6254,0
120729,2,2,2,23,-1,-1,-1,0,0,-2,5908,33874,1597,38988,-21126,26263,4876,3198,7107,2813,1363,15131,1
140809,1,2,1,52,-1,-1,-1,0,-1,0,-1737,21436,12556,13999,-7898,29338,248,9801,4198,1623,750,8397,1
21925,1,2,1,42,0,0,0,0,0,0,11232,30465,15073,43827,-12550,21434,740,8466,15071,1052,1042,7600,0
221228,2,1,1,52,-1,-1,-1,-1,-1,-1,-39371,11072,16577,17590,-5582,-27658,3839,3192,1986,2004,3502,7098,0
42198,2,1,2,47,0,-1,0,2,0,0,3319,15253,1083,28839,-428,23715,2545,6917,7878,403,1763,6351,0
123525,1,1,1,38,-1,-1,-1,0,0,0,-13494,6347,5368,2722,1784,11237,821,1073,6872,923,1909,3647,0
163317,2,2,2,31,0,0,-1,0,0,0,24603,20867,3976,39248,-15059,38497,441,10118,11439,147,3402,11630,0
118477,1,1,1,43,-1,-1,-1,-1,-1,-1,-5100,-2534,16716,-9698,378,2445,251,6602,815,1038,3529,2561,0
134069,1,1,1,43,-1,-1,-1,0,0,0,-22970,-604,19220,9139,-4941,688,1712,1514,1118,1416,1606,4163,1
64162,1,2,1,33,0,-1,0,0,0,0,-4293,4762,7031,19544,11462,25302,1378,2362,6039,1809,1105,1923,0
33049,2,2,2,25,1,0,-1,0,0,0,-2463,19823,-7742,35408,-5436,28079,3118,842,13558,2128,2000,3825,0
80622,1,2,1,52,-1,-1,-1,-1,-1,-1,-24171,12069,18195,8644,-8135,-643,2336,5785,6154,1052,1138,5199,0
306112,1,2,1,45,-1,0,0,-1,-1,0,2971,20585,-3207,-14964,8870,31513,3614,4079,3379,4054,919,12307,0
100122,2,1,2,21,0,0,-1,0,0,-1,3851,17360,23059,37002,4789,10301,288,12427,6500,1548,295,8685,0
151004,1,2,1,43,4,0,0,0,-1,-1,5981,50030,31421,53183,2871,30834,7232,12970,11079,1394,1588,18633,0
79170,1,1,1,42,0,0,-1,0,0,0,25248,-10843,26916,41994,-1723,27593,2536,7570,7883,2208,895,8250,0
152132,2,1,2,33,-1,-1,-1,-1,-1,-1,1430,14141,11736,563,-248,1237,1985,9967,1111,438,4143,9176,0
215828,2,1,1,46,-1,-1,-1,-1,-1,-1,-15564,12896,5777,21729,-3103,-4192,2002,2139,1416,2420,1327,4146,0
130755,2,2,2,38,0,-1,0,0,0,-1,-21714,21157,26144,39273,2699,-2358,3664,1459,8014,203,1293,9733,0
214735,2,1,2,27,-1,-1,-1,-1,-1,-1,9630,3114,-4522,-10353,2532,4066,1148,7725,3220,2055,5094,2529,0
219757,2,2,1,30,-1,0,2,-1,0,0,-4486,24762,12788,38904,-5418,21517,2926,3104,12013,4161,711,4811,1
167753,2,2,1,28,0,-1,0,0,0,0,-33153,21362,37761,40339,8069,-3574,1771,2285,7449,260,1716,2284,1
181428,2,2,2,27,-1,-1,-1,0,-1,-1,-14158,20068,5304,1001,-601,20470,4052,3529,5877,1513,284,9098,0
76209,2,1,2,22,0,-1,-1,0,0,-1,-3226,5388,16405,34537,3792,9084,2482,11483,2684,1190,1007,11465,0
183151,1,2,2,32,4,-1,0,0,0,0,-23574,31677,38627,48625,10096,22642,5105,4640,10389,2772,55,7830,0
201105,2,2,1,35,-1,-1,-1,-1,-1,-1,-28817,16389,8228,-391,1727,9331,1340,2051,2283,1304,1752,3425,0
134551,2,1,2,33,-1,0,-1,-1,-1,0,-16545,13502,-5533,24352,15373,-4840,4079,3312,3973,4560,250,3351,0
165539,1,2,2,24,4,0,-1,0,-1,0,-26523,17085,21399,2857,10937,23200,2916,7753,8681,1423,1319,6565,0
225946,2,1,1,41,-1,-1,0,-1,-1,-1,-10150,24441,-12353,26965,2828,-3988,3773,227,6797,2855,3031,8728,0
176056,2,2,2,36,-1,-1,-1,-1,-1,0,37832,30038,-3362,3642,-11759,26167,6611,23049,10423,365,916,7552,0
223791,2,1,1,33,-1,-1,-1,-1,-1,0,13132,6977,1882,13988,-12337,8452,6375,8957,4687,3171,629,9747,1
379272,2,3,1,43,-1,-1,-1,-1,-1,-1,698,14810,24765,22606,-888,-9079,7850,18600,9794,217,328,10578,1
319700,1,1,2,42,-1,-1,-1,-1,-1,-1,-40163,14995,16208,9232,5184,-19810,3143,4348,11013,3200,1124,9614,0
235785,2,1,1,33,-1,-1,-1,-1,-1,-1,-31988,23964,-8789,26681,-5059,-13634,4143,13559,18025,7175,4202,14686,0
204320,2,2,1,44,-1,-1,0,-1,-2,0,9269,24782,-12424,17716,-5895,11548,5247,4424,13455,2705,664,4921,0
479362,1,3,1,41,1,7,-1,-1,-1,-1,-17945,-4675,36893,27947,-5883,-22948,5147,12834,5092,891,3377,16199,0
261427,2,1,2,40,1,-2,-1,-1,0,0,-23720,15330,4418,21841,-11439,5088,621,3108,15279,5454,3073,10796,1
403190,2,1,2,48,-1,5,-1,-1,-1,-1,-35445,7400,4831,18637,-10045,-7077,3914,13565,15203,5002,3809,24147,1
226677,2,2,2,34,-1,5,0,-1,-1,-1,-15282,33560,-7065,34407,-8718,-18611,7404,3420,11967,4944,16,11704,0
262551,1,3,1,50,-1,-1,-1,-1,-1,-1,8164,21870,5572,17838,-478,-2153,2078,15351,11594,1062,971,8973,0
190234,1,2,1,60,2,-1,-1,-1,-1,-1,-24486,8942,10185,8639,-15100,2978,674,2359,7591,7299,1561,10221,1
234610,2,1,1,36,2,-1,-1,-1,-1,-1,-40964,-1014,549,14455,-8474,-17005,2148,7545,5127,3318,2332,12375,0
252977,2,3,1,45,-1,-1,-1,-1,-1,-1,9807,9483,1360,669,-13161,13430,8363,17038,4972,3452,236,8495,1
622759,2,1,1,46,-1,4,-1,-1,0,-1,10793,22089,-2983,15361,-8888,1851,4931,10053,10494,2465,2985,18896,0
242999,2,1,1,36,2,5,-1,-1,-1,-1,-37140,13293,16629,32623,-3598,-23798,2851,15070,13043,9173,435,13498,1
469825,2,2,2,35,-1,5,0,-1,-1,-1,-22271,23458,-25952,-10315,5386,15281,1860,2197,11007,12215,2980,20958,0
258089,1,2,2,41,2,-1,-1,-1,-1,-1,-1304,8933,-22802,-393,-2397,8056,2633,4768,9016,3953,966,12054,0
270405,2,1,1,48,-1,7,-1,-1,-1,-1,-27288,4681,10188,14540,-7503,-17048,5815,1998,3425,6796,1178,12531,1
278337,2,2,2,40,2,7,-1,-1,-1,-1,-46667,17640,9650,30689,-9788,-18252,1814,679,12419,5432,1700,9141,0
322537,1,1,1,39,-1,-1,-1,-1,-1,-1,-3086,10798,-8651,5833,-11340,-249,7881,11588,7316,4983,1507,18534,0
76580,1,1,1,56,-1,-1,-1,-1,-2,0,-158,11734,4972,21706,-1631,-6926,2255,4418,8435,5986,2461,8979,1
354541,2,2,1,50,1,-2,-1,-1,-1,0,-24337,13396,14327,12902,10374,-19357,1845,3878,10326,6207,45,7385,0
139238,2,1,2,26,2,2,-1,-1,-1,-1,-30204,7599,-10959,19704,-434,-4617,1082,3744,9320,9111,5118,12955,1
299973,1,2,1,42,-1,2,-1,-1,-1,0,2823,9624,-7410,6578,-7921,4476,6733,6616,6687,6965,611,17700,0
237058,1,1,1,44,2,-1,-1,-1,-1,-1,-47955,23474,-1686,8012,-17353,-282,4918,1415,9800,775,7781,16381,0
505962,2,2,1,39,-1,-1,-1,-1,-1,-1,-16077,11934,22662,6741,-9673,7950,4945,10480,10695,6183,1119,12907,1
135846,2,1,2,39,-1,5,-1,-1,-1,-1,-11808,5760,-9132,3913,-13747,13214,1922,11511,13187,7217,1213,17140,1
283487,2,1,2,50,-1,-1,-1,-1,-1,0,2426,20463,13177,22658,-7408,4424,7683,13332,14858,1294,441,9075,0
355747,2,2,1,32,-1,4,-1,-1,-1,-1,-15518,19582,-7343,17381,-5629,7928,3467,16538,17882,13591,3198,19120,0
333324,2,3,2,44,2,5,-1,-1,-1,0,-59443,11556,15140,21210,5298,-327,48,2885,18031,19987,1508,15274,1
490592,2,3,1,41,-1,4,-1,-1,-1,-1,-9994,17543,22158,34129,-13495,72,5180,13102,13306,5391,3823,16851,1
202833,1,1,2,48,-1,-1,-1,-1,-1,-1,-48314,23591,5667,34032,-13002,-7665,6261,9008,15425,8109,5757,13785,1
87562,1,1,2,40,2,-1,-1,-1,-1,0,4564,22113,-1154,3436,-13134,12235,4027,9301,9769,4472,3113,8699,0
116147,1,1,2,48,2,-1,-1,-1,-1,-1,-6409,9084,-3233,552,-2901,-955,4188,3805,4310,942,1019,7181,0
138799,2,1,2,34,2,-1,-1,-1,-1,-1,-33249,13132,5003,33629,-4999,-6540,331,15318,21219,8117,3910,14070,0
389394,1,1,1,54,2,-1,0,-1,-1,-1,-8876,8112,-3947,21356,9155,-5475,560,11732,12012,7264,542,11980,0
59721,1,2,2,24,-1,-1,-1,-1,-1,0,-18973,27843,4171,7400,12352,-18578,3882,4916,9280,4490,87,2108,0
175494,2,1,1,51,-1,-1,-1,-1,-1,0,-7865,5990,-10153,18768,-5184,4787,4362,3124,9762,12177,279,14734,0
296269,2,1,1,35,0,5,-1,-1,-1,-1,715,-7237,16189,17922,980,-2809,2007,18103,10755,12327,621,18089,1
457606,2,1,1,42,-1,5,-1,-1,-1,-1,-41500,25895,-6766,39340,6282,-10125,2950,13230,19821,20015,1527,21177,1
18000,2,2,1,36,-1,-1,-1,-1,0,-2,-3518,19439,13309,32906,-10252,-5441,2838,10464,10800,393,1454,2417,0
507013,1,1,1,47,-1,-1,-1,-1,-1,-1,-24467,15891,18720,26087,-8335,-5696,4173,12618,14710,2530,3984,15736,1
221321,2,3,1,32,2,-1,-1,-1,-1,0,-10749,11115,2478,-8270,-4718,14957,484,8894,15410,3052,1313,9976,0
463544,2,2,2,38,-1,5,-1,-1,-1,-1,-2880,714,17493,11518,-3097,1027,3071,16905,9717,7048,34,15695,0
384059,2,2,1,40,-1,4,-1,-1,-1,-1,-32598,17454,18122,23584,1387,-29273,4713,14953,7439,2100,1659,13316,1
145667,2,1,1,37,2,5,-1,-1,-1,-1,-56616,14004,6799,36445,4988,-28395,584,9722,18776,13448,1316,13700,1
131740,1,1,2,43,-1,-1,-1,-1,-1,-1,-40963,21332,-18602,27792,-7079,195,6891,10260,12813,9407,3660,10804,0
365899,2,2,2,26,-1,-1,0,-1,-1,0,-27345,27899,4000,22661,3184,-9064,6160,6698,11312,13403,910,12380,1
464039,1,1,1,42,2,-1,0,-1,-1,0,-54977,14534,12272,8559,11117,-14793,413,1054,16337,4842,2905,14803,0
324617,2,1,1,48,-1,4,-1,-1,-1,-1,-57695,11813,6027,18173,-9540,-2042,3955,4377,14346,7885,2282,15156,1
400015,1,2,1,57,-1,-1,-1,-1,-1,-1,-39782,7008,-5076,14320,-13294,12360,5307,9421,11869,19388,3535,21622,1
258413,1,1,2,47,1,-1,-1,-1,0,0,-12907,14692,6484,6906,-3896,-1130,1666,4703,12896,527,3507,11405,0
238852,2,1,2,38,-1,-1,-1,-1,-1,-1,-14908,1709,14811,13692,-8631,-8903,8425,17391,9326,4805,110,12684,1
143075,2,3,2,47,2,-1,-1,-1,-1,-1,-32075,8019,7259,5339,2186,-15395,2940,9984,13218,7590,701,8382,0
242265,2,1,1,61,0,-2,-1,-1,-1,-1,-13882,-1856,8041,17535,2572,-12395,3021,5540,3997,6258,84,8525,1
413160,2,3,1,51,-1,-1,-1,-1,-1,-1,-35007,10970,-336,4687,-14517,3920,6568,7451,9271,6647,603,14519,1
204962,1,1,2,41,-1,-1,-1,-1,-1,-1,9373,19703,-5778,-14638,-2594,12298,14258,8499,3127,7730,391,10500,1
151304,2,3,1,47,2,-1,-1,-1,-1,-1,-47690,22774,-1702,34890,-13438,-11403,2812,9573,19288,6726,2852,8116,0
558381,2,1,1,54,-1,4,-1,-1,-1,-1,-13721,21759,-2475,30557,-8686,-659,3790,11440,15439,6458,2939,21502,1
332908,1,2,2,42,-1,-1,-1,-1,-1,-1,-4911,10172,4166,12316,-9544,2728,7782,14992,7618,1187,3141,9538,0
274303,2,1,2,58,2,2,-1,-1,-1,0,-9723,24786,-25161,23238,-12325,16037,1337,3660,16205,8695,5097,18906,0
396349,2,1,2,42,-1,-1,-1,-1,-1,-1,-13668,21544,-12329,10701,-8675,9564,9083,8218,11405,8055,2053,12822,0
261844,1,2,1,53,2,-2,-1,-1,-1,-1,-25951,3692,-902,31079,3155,-20344,482,13209,14601,4589,749,12553,0
269377,2,1,2,46,1,-1,-1,-1,-1,-1,-27234,3143,7916,-6508,-14533,1061,1831,826,6017,2839,397,12524,1
371865,2,2,1,29,-1,-1,-1,-1,-1,-1,-2573,1243,-4884,8138,-437,-5019,3745,7361,3003,5889,1833,12963,0
380258,2,1,1,36,2,-2,-1,-1,-1,-1,-34088,8819,-3650,11389,7856,-12425,8,12032,11395,6800,1807,19356,0
330344,1,3,2,51,2,2,-1,-1,-1,-1,-45283,29313,-4768,-805,-10114,18342,623,1986,14823,6244,8066,18458,1
146555,2,1,1,33,-1,-1,0,-1,-1,-1,-16830,23356,-9480,35888,-13836,-10615,9600,10627,12802,11788,995,16463,1
224496,2,1,2,35,2,-1,0,-1,-1,-1,-29184,14365,-15027,13593,7031,-487,2886,3530,11171,10243,800,8759,0
313890,1,1,2,48,2,-1,0,-1,-1,-1,-60777,28890,-16475,16444,10211,-1461,3807,3407,22333,16629,4187,16897,0
241803,2,2,1,46,-1,4,-1,-1,-1,-1,-18078,9569,6663,22944,-17377,-6599,6340,11164,7817,6475,1175,16604,1
338010,2,1,1,48,-1,-1,-1,-1,-1,-1,13147,4766,-667,5753,-1045,3899,5658,21358,8200,3791,1495,14991,0
146613,2,1,2,30,2,2,-1,-1,-1,-1,-5987,13999,-21090,-1749,-3213,8768,3116,15884,13599,5405,1047,17408,0
170755,1,1,1,39,-1,-1,-1,-1,-1,-1,-28625,14562,879,14525,-5633,-8103,3146,1900,8633,7657,2645,8299,1
358437,2,1,2,48,2,-2,0,-1,-1,0,-32282,32294,-21904,37840,15250,-3658,379,6019,25922,21836,1123,18774,1
221696,2,1,1,42,2,-1,-1,0,-1,-1,-44514,-4135,25520,21746,4608,-29630,538,230,3629,4077,834,6321,0
412007,2,1,2,40,-1,-2,-1,-1,-1,0,34068,6811,-14835,-11973,-992,25181,5338,9307,8631,640,1314,20165,0
325617,2,1,2,39,2,-2,-1,-1,-1,0,17653,4648,-38464,-23917,6680,37221,1092,6347,6885,12730,73,15530,1
63321,1,1,1,53,-1,-1,-1,-1,-1,-2,-387,14829,23249,22400,-655,-13625,4824,6542,11001,1006,2147,1775,0
391119,2,1,2,61,2,-2,-1,-1,-1,0,-8578,26676,-21972,17930,-15245,25129,1894,11438,26823,11722,4325,24334,0
28657,2,1,2,27,0,-2,-1,3,-1,-1,6511,-7348,1625,-6975,-7390,9076,2190,1861,692,2326,1553,9260,1
67124,1,1,2,41,2,-1,-1,-1,-1,0,-5863,10865,2112,2590,-3555,-2675,681,5887,12617,1501,505,9008,0
220814,1,1,1,42,2,-1,-1,-1,-1,-1,-14667,1606,6963,27499,-7897,-17871,3551,13633,10375,1945,3014,15036,0
27933,1,1,2,46,-1,-1,-1,-1,-1,0,-16531,16889,-106,-5668,-19832,16311,5131,4862,9711,2354,2638,8987,1
31111,2,2,2,43,-1,-1,0,-1,-1,0,-25373,24464,-801,19634,-13120,-3633,10725,943,9756,5848,92,4848,1
148847,2,1,2,39,2,2,-1,-1,0,-1,-23192,26018,2961,28234,-12308,-3343,468,14135,17027,4013,3437,13781,0
273924,2,1,2,31,-1,-1,-1,-1,-1,0,-5322,19443,7550,13988,-7705,585,2050,11456,10221,1402,1740,13109,1
409050,2,1,1,37,-1,-2,-1,-1,-1,0,1820,20016,-16464,18018,-9227,6176,2357,15524,17977,9498,421,20603,0
278672,1,1,2,38,-1,-1,0,-1,-1,0,-20865,11024,-14630,-8109,-5759,17915,3956,3761,9853,11254,2329,18234,1
233586,1,1,1,56,2,-1,-1,-1,-1,-1,-28976,10637,-3814,9840,-12957,11296,1854,10672,17925,7954,1807,15403,0
259885,1,1,1,48,-1,-1,-1,-1,-1,-1,20653,4505,18634,8865,5925,-851,3574,18668,4554,2,45,7733,0
139814,2,1,2,48,-1,-1,-1,-1,-1,0,-18563,20652,-571,8211,-11618,3058,3079,7035,12475,2713,3482,10773,0
329485,2,1,1,47,-1,-1,-1,-1,0,0,-13870,22585,7386,16892,5522,-454,2487,4937,14803,4738,1176,6738,0
329974,2,1,1,27,2,2,0,-1,-1,0,2546,18808,-36289,14076,4291,18719,199,9557,15144,17542,1276,25804,0
218861,2,3,1,45,1,-2,0,-1,-1,0,-21131,17008,7992,17068,684,-9066,48,1014,13325,9162,320,9353,0
472024,2,2,1,33,-1,5,-1,-1,-1,-1,-28222,18455,7065,25872,-1166,-11312,5044,8692,14335,11433,563,18969,1
103573,2,1,2,41,1,5,-1,-1,-1,0,-4733,15925,-6744,32786,-18129,1941,2288,11283,15993,11244,1906,16092,1
171540,1,2,2,44,-1,-1,-1,-1,-1,-1,-25611,14498,1342,14686,-13327,711,2630,11967,15178,7320,1522,12746,0
238546,1,1,2,46,2,5,0,-1,-1,-1,-49292,26393,-9073,23596,5552,5700,822,1134,23504,24444,4815,23183,1
329338,2,1,1,35,-1,-1,-1,-1,-1,-1,-15906,17900,4357,10768,1002,-16077,3289,13772,10173,326,883,8986,0
410489,2,1,1,33,-1,-1,-1,-1,-1,-1,5263,-7588,15851,3994,4979,-241,4500,16252,4437,2793,902,10423,0
446134,2,1,1,34,-1,-1,-1,-1,-1,-1,-4722,11482,25693,18365,-252,-17589,9387,19826,6369,4741,741,14061,1
265434,1,3,2,47,-1,-1,-1,-1,-1,0,-23925,7600,16386,-4173,-782,-766,5033,3633,5604,792,1136,8558,0
425938,2,1,2,40,-1,2,-1,-1,-1,-1,-16216,15706,-17233,10777,-7033,20612,3139,489,15186,11620,2180,20635,0
216258,2,1,1,61,-1,6,-1,-1,-1,-1,-14148,25523,-337,23825,-5321,1884,920,13612,16731,5063,3167,13508,1
277858,2,2,1,41,-1,-1,-1,-1,-1,0,7609,20177,-25417,10877,-14320,21849,1912,2463,10237,10186,828,14621,0
42085,1,1,2,32,2,-1,-1,-1,-1,-1,-27955,8863,-11966,5758,-10011,3241,2579,6044,6492,3971,5332,12187,0
198987,2,2,2,30,-1,-1,-1,-1,-1,-1,-33069,21517,-6913,18193,-1291,-5448,1936,8463,14848,11332,299,14330,0
495073,2,3,1,70,-1,-1,0,-1,-1,-1,-50570,21091,9790,30385,-10814,-6799,5221,5437,13159,7361,3801,11672,1
55855,2,1,2,41,2,-1,-1,-1,-1,0,-22190,22879,-16039,13102,4227,5863,1554,876,15184,7276,24,6160,0
166121,2,3,1,36,-1,-1,-1,0,0,-1,-28093,3207,15490,6358,-16132,2817,2731,446,7081,2420,2591,5669,1
348566,1,1,1,57,0,-1,-1,-1,-1,-1,23500,11643,-17701,-13395,-3521,23522,4414,16734,14578,2616,2245,17834,0
118551,1,1,1,48,-1,-1,-1,-1,-1,-1,-35260,-5225,10359,15382,58,-17649,3676,11492,6515,2791,2930,6076,0
346125,1,1,2,29,-1,-2,-1,-1,-1,0,36169,13655,544,8806,-2232,12734,5977,18492,9330,3636,1133,15201,0
117087,2,1,2,36,1,-1,-1,-1,-1,-1,-14225,5805,11032,11702,-16506,-2111,2563,7108,10295,3353,1526,13810,1
340122,2,2,1,45,-1,-1,-1,-1,-1,-1,-3971,10612,2845,3111,8288,-2789,2543,18513,8193,4549,25,11682,0
280319,1,3,1,57,-1,-1,-1,-1,-1,-1,-9883,13799,897,3521,-13184,15456,6812,13468,10399,8852,1195,14114,0
144617,1,1,2,24,2,-1,-1,-1,-1,-1,-27759,-2052,4738,-4622,-9632,-12896,6981,10398,3468,151,1326,15476,0
12951,1,1,1,42,2,-1,-1,-1,-1,-1,-38537,-1757,13222,26482,-3905,-28522,5228,9816,3988,3024,3359,8609,0
257178,1,1,1,42,2,-1,-1,-1,-1,-1,-41721,28218,-7928,22460,-3543,-6144,1594,2483,17105,6828,4249,12470,0
141503,2,2,1,31,-1,-1,-1,-1,-1,-2,67553,12208,20884,14797,-1738,18968,10726,26630,4766,688,1377,4643,0
475988,2,1,1,41,-1,-2,-1,-1,-1,0,-2160,17543,1779,9852,-4062,8096,1467,12708,12999,2690,1739,14152,0
272645,1,3,1,44,2,2,-1,-1,-1,-1,-34658,10552,28538,-48,9081,-22191,200,12889,10316,433,5121,13329,0
459219,2,2,2,38,1,5,-1,-1,0,-1,-4708,10245,-5657,1868,-9351,8053,2189,1735,6229,621,2422,16758,1
263174,1,3,1,30,-1,-1,-1,-1,-1,-1,-8077,6671,21488,11093,-5713,-3880,2264,17100,8173,3219,1045,11025,0
257973,2,1,1,30,-1,-1,-1,-1,-1,-1,-31511,2982,-8490,7910,-702,-168,3451,2285,4569,16021,669,12541,1
140581,2,1,2,31,2,-2,0,-1,-1,-1,-41433,36614,-2457,31259,8539,-19559,3244,4284,20806,8649,1723,10040,0
33893,2,1,2,26,1,-1,-1,-1,-1,0,-13331,14867,-9622,-2195,7604,9308,739,8553,10918,4309,138,5961,0
310137,1,1,1,39,1,5,-1,-1,-1,-1,-16650,982,5018,638,-9701,4205,2399,4453,5836,1067,4212,17553,0
368596,1,3,1,53,2,-1,-1,0,-1,-1,-56570,-1874,37496,3953,3771,-19916,1796,5293,4810,4323,2682,9022,1
330861,2,3,2,56,-1,-1,-1,-1,-1,-1,-15525,13749,20728,21833,-18527,-2269,7225,5916,8032,670,2142,10262,1
333816,1,3,2,46,1,-1,-1,-1,-1,-1,-53630,3289,25581,8268,-14337,-3477,2464,538,9333,6802,3745,13485,1
410766,2,2,2,32,-1,-1,-1,-1,-1,-1,-5051,14786,-4278,-20517,-2861,14530,8127,1695,641,2167,1021,13846,0
387601,2,3,2,55,-1,-1,-1,-1,-1,-1,25987,23252,25271,7300,5575,2063,8666,23194,8514,449,569,8667,0
32595,1,1,2,28,2,-1,-1,-1,-1,-1,-36304,13071,-9671,-17597,2815,1082,3882,482,8630,3595,2176,5938,0
55865,2,2,1,61,-1,-1,-1,-1,-1,-1,-29354,18225,9785,23074,-26640,-2242,6479,11209,11349,5330,2216,6767,1
31246,1,1,2,40,2,2,-1,-1,-1,-1,-42953,13508,-8915,37507,4685,-12483,408,13365,21192,19256,733,15758,0
103872,2,1,2,38,-1,2,-1,-1,-1,-1,-48001,26555,-5319,22298,-12068,-5721,5161,4917,17451,12133,2976,17785,1
191396,2,1,1,48,-1,-1,-1,-1,-1,-2,17509,11191,20751,5371,-17822,8676,5569,19139,5558,200,411,9601,0
410220,2,2,1,41,-1,-1,-1,-1,-1,-1,-26101,12053,-6741,3163,-15144,11001,4214,549,10733,4974,1728,15096,0
259452,2,2,1,54,2,-1,-1,-1,-1,-1,-29283,30983,-649,26325,7066,-10250,1742,9579,20245,7692,157,8478,0
254870,1,3,1,44,-1,-1,-1,-1,-1,-1,-5609,-630,29861,2505,-12574,-485,4160,11689,3101,436,104,4947,0
203782,1,1,1,54,2,2,-1,-1,-1,-1,-28641,25865,762,9680,813,-8293,1228,9166,17278,4095,4115,13338,0
310806,2,1,2,32,1,5,0,-1,0,-1,-15790,21274,6704,34230,2089,-16325,339,7477,16894,4800,1148,11760,0
236942,2,1,1,49,-1,-1,-1,-1,-1,2,-31566,20367,18857,5398,-13788,-2275,8923,1572,12028,3532,2172,9524,1
443065,1,1,1,45,2,-2,-1,-1,-1,0,-30678,-8494,15299,-4857,4789,-5741,3485,852,4727,9005,1927,16735,0
105461,2,1,2,48,2,-1,-1,-1,-1,-1,-39015,15004,1235,23870,-6191,-387,874,4873,20092,11071,1785,11129,1
129351,1,2,1,48,-1,-1,-1,-1,-1,0,14169,35595,9367,26912,-6365,1711,4601,10474,13556,1451,660,4208,0
397357,1,2,1,48,-1,-1,-1,-1,0,-1,-19021,-9858,38635,9327,-719,-2269,1337,9993,634,4098,2954,8564,0
107934,2,1,1,43,2,7,-1,-1,-1,-1,-18929,-5734,11392,25232,-10742,-16428,1013,6447,9362,4850,344,11938,0
334990,2,3,1,50,-1,-1,-1,-2,-1,-1,-2623,16549,10644,568,-8057,26979,6810,996,10708,4347,11488,8717,1
173264,2,1,2,36,-1,-1,-1,-1,-1,-1,-3387,6784,32881,29861,9980,-3104,8875,23036,16126,8680,12025,16019,0
267042,2,2,1,37,-1,-1,-1,-1,-1,-1,-6079,22644,6790,21166,1420,-5633,2700,9810,12788,4066,8013,8491,0
174306,1,3,2,29,-1,-1,-1,-1,0,-1,-15766,27411,14232,10447,3539,-38,6726,4799,16468,14,9694,11093,0
85278,1,2,1,44,-1,-1,-1,-1,-1,-1,-14377,31984,-6487,25497,-18424,-3656,5530,4651,6577,5202,9270,8383,0
12429,2,2,2,25,-1,-1,-1,0,-1,-1,25150,-6282,10727,-808,1212,5441,3992,9451,2592,3764,2362,6573,0
92695,1,1,2,24,-1,-1,-1,-1,-1,-1,21750,6227,-4832,-6873,1523,5133,3622,6220,6493,1858,5262,8377,0
54467,1,1,2,47,-1,-1,-1,-1,0,0,28842,1477,2968,4634,3254,15927,4654,9396,8780,1275,3878,5985,0
327069,2,3,1,47,-1,-1,-1,-1,0,0,41869,-3467,25960,16157,7236,28409,6752,24107,14244,7657,7494,8457,0
437150,2,1,1,28,-1,-1,-1,-1,2,0,8509,22057,17512,12303,32596,17083,6738,17676,24650,6409,8718,8502,0
139819,1,1,2,39,0,0,-1,-1,-1,2,27586,-9329,27098,28754,5624,3786,1654,26495,11035,6682,4452,11133,0
170103,2,1,2,25,-1,-1,-1,0,-1,-1,19642,-10862,-1074,11725,-1468,10307,8236,5708,2802,7622,5229,13011,0
153876,1,1,2,40,2,-1,0,-1,-1,0,42311,15601,-13865,-19592,18693,14649,5005,10560,2816,6974,2511,5331,0
196920,2,1,1,32,0,0,-1,0,-1,-1,-9200,1590,17834,30840,1816,-21705,3677,8194,3475,6174,3210,9599,0
545678,2,3,1,25,-1,-1,-1,-1,0,-1,4405,17450,20305,15254,24314,10937,5746,14406,24091,5957,12925,15133,0
160142,2,3,2,31,-1,-1,-1,-1,-1,0,4938,11867,10884,13552,10713,9081,6086,6323,11237,3865,5154,7805,0
40798,2,1,2,25,-1,-1,-1,0,0,0,36479,-1766,23179,25752,23231,5567,13486,13203,18211,3656,6186,9647,1
284682,1,2,1,46,-1,-1,-1,3,0,0,14070,13630,3049,18933,2402,14734,9488,170,14130,5822,9966,11620,0
324080,2,3,1,49,-1,-1,-1,-1,-1,-1,20069,17584,21593,23024,11708,7010,9820,13704,22772,5952,11191,13148,0
126564,2,1,2,26,-1,-1,-1,0,0,-1,-945,17165,23973,8929,16902,-8441,9080,838,8820,574,8865,8298,1
113977,2,2,1,25,-1,-1,-1,-1,-1,-1,2762,15966,-10290,15197,-7836,-8228,247,2716,1639,5088,915,5980,0
377362,2,1,1,31,-1,-1,-1,-1,-1,-1,3806,29722,11881,14556,10152,5784,11523,3977,17760,6177,13089,14474,0
81031,1,1,1,36,-1,-1,-1,-1,-1,-1,5595,16395,12122,15235,-5270,2152,7080,10883,10966,1721,9366,6561,0
219543,1,1,2,39,0,0,-1,-1,0,-1,2505,9841,20942,17556,9425,-16841,5313,15252,9575,1934,9492,12993,0
351889,1,1,2,50,-1,-1,-1,0,-1,-1,25319,506,8610,-10124,-9780,21400,5640,7185,4219,5072,8267,14510,0
243765,2,1,2,44,-1,0,-1,-1,-1,-1,17038,25925,-5446,-6772,5843,22914,2925,11206,13764,3156,10116,11973,0
233028,2,3,1,49,-1,0,-1,0,0,-1,-10724,17993,21317,20419,-10513,-153,1466,2100,6296,2306,7473,2381,1
303255,1,1,1,53,-1,-1,-1,-1,-1,0,8652,13912,2967,4967,-4512,8746,3983,1853,11603,4840,7597,8462,0
21326,2,3,2,38,-1,-1,-1,2,0,-1,18733,14086,9298,-2860,5421,5234,7455,15336,10993,911,6762,6068,0
128502,2,1,2,32,0,0,0,-1,4,-2,20682,19252,4609,-8286,-2915,1969,2044,2988,489,624,1770,4108,0
118426,1,3,2,22,-1,-1,-1,-1,-1,0,24349,14395,13380,8722,10821,22519,5916,19364,17115,4425,6743,9098,0
311882,1,1,1,47,-1,-1,-1,-1,0,-1,6218,5107,52841,40814,11363,-7677,7159,18888,21036,6730,11578,10700,0
238785,2,2,1,33,-1,-1,-1,-1,-1,-1,-2486,6033,-1143,23318,-6812,143,2528,4559,1759,8962,7816,8905,0
222724,1,1,2,31,-1,-1,-1,0,0,-1,16471,13268,53465,41341,32834,-1896,18558,22179,28682,6419,14825,17942,0
236050,2,3,1,36,0,0,-1,-1,-1,-1,17769,-5358,13264,10409,215,1226,899,10653,2902,6982,2909,7241,0
239846,2,1,2,31,-1,-1,-1,-1,-1,-1,-10854,14034,17012,7117,17137,-6610,6377,13356,13351,2802,8689,11880,0
461132,2,2,2,37,-1,0,-1,-1,0,-1,20364,3789,16515,981,10636,8098,199,16077,9797,3581,7890,12132,0
272527,1,1,2,35,-1,0,-1,-1,-1,-1,31683,19390,-7394,-22444,6033,24149,492,12428,3454,4803,9611,8598,1
333819,2,2,1,26,-1,0,-1,-1,0,0,31880,5497,11500,1969,23608,15342,55,16039,12752,2950,5050,9881,0
162911,1,1,1,38,-1,-1,-1,-1,-1,-1,-30308,33458,20570,46273,2847,-30087,3478,15414,15008,5945,11440,9778,0
376298,2,3,2,29,-1,-1,-1,0,0,-1,-12900,10729,43927,4314,9531,5127,7835,10543,15652,4085,11149,13634,1
33955,1,2,1,36,0,0,-1,-1,0,-1,19023,-15225,52383,30394,22506,-6557,5468,26850,10942,2607,4034,5324,0
290360,2,2,2,34,-1,-1,-1,-1,0,0,48951,17944,41118,11956,26571,57858,9738,25305,29378,8566,7855,13178,0
196304,2,1,1,37,-1,-1,-1,-1,-1,0,2512,11440,-9735,-3188,-14540,20042,46,6010,2508,3775,6598,7615,0
260497,2,2,1,39,-1,-1,-1,-1,0,0,30424,7141,-4367,4462,7712,27858,5026,5848,14384,4434,5092,7982,0
192869,2,1,2,35,-1,-1,0,-1,-1,-1,2067,28821,-17415,6040,10705,-16652,8437,1321,6710,2088,3379,7245,0
246868,2,1,1,29,-1,-1,-1,-1,0,0,20646,8452,37803,18389,18242,17758,7339,18652,19447,5524,7721,11076,0
319531,1,3,1,40,-1,-1,-1,-1,-1,-1,18561,7338,21276,6233,12140,10858,8877,17761,17225,7899,11837,12132,0
125457,2,1,2,44,-1,-1,-1,-1,2,0,42966,21901,-25638,-9629,14021,19846,6977,5830,13264,2120,7043,12125,0
115299,2,3,1,44,-1,-1,-1,-1,-1,-1,-6688,34400,-163,35256,-9607,-9119,483,13683,11747,3629,5946,2768,0
72062,2,1,2,27,-1,-1,-1,-1,-1,-1,-8528,16135,6586,22351,-5333,-9834,4228,3218,5965,2314,5638,8370,0
190702,2,1,1,55,-1,-1,-1,-1,-1,-1,5583,29269,-15064,7660,-24398,15979,2280,4269,5019,5309,12083,6950,1
249388,2,1,2,22,-1,-1,-1,-1,-1,-1,-15530,18215,7209,2617,-1108,3631,6059,2003,11460,1187,10491,14724,0
163633,2,3,1,39,-1,-1,-1,-1,0,0,-3359,8778,5038,11638,3195,7048,2098,3486,9535,1190,663,4196,0
182525,2,2,2,40,-1,-1,-1,-1,-1,-1,12554,-9230,13872,29960,-6430,-3421,3940,11408,9152,7042,5808,10651,0
204662,1,1,2,23,0,3,-1,-1,-1,-1,25936,-5890,44892,-1822,10836,2687,2466,22826,4604,4312,10210,12824,0
331161,1,1,1,47,0,0,-1,-1,-1,-1,3947,9564,19622,8855,-6723,18232,3070,13792,8799,2196,13527,12535,0
213322,2,3,2,27,-1,-1,-1,0,0,-1,13262,3225,27431,24781,-244,-862,2920,13047,8737,5536,3827,5253,1
89788,1,2,1,38,0,0,-1,0,-1,0,3805,12735,11605,-954,9124,2343,4195,1793,3517,53,4106,5051,0
161121,1,3,1,27,0,-1,-1,0,0,0,14627,-2164,41652,15781,35540,-4270,4504,14297,15132,1547,1234,2383,0
496067,2,3,1,24,-1,-1,-1,-1,-1,-1,7349,5697,21444,15754,30798,1694,7292,21994,21290,6382,11006,15263,0
269910,2,3,1,49,-1,-1,-1,-2,-1,-1,-15801,21183,21008,18906,-10429,7863,11073,3451,14162,4816,12853,9098,0
103950,2,1,1,45,-1,-1,0,-1,-1,-1,-21477,25682,5741,32783,1687,-22684,6516,4083,2828,8782,4882,5044,0
124867,2,1,2,38,-1,-1,-1,-1,0,0,27430,1913,36953,49676,23303,2016,11316,26546,21644,7850,5319,8443,0
206533,1,1,2,43,0,-1,-1,-1,-1,-1,-4554,12792,18229,15394,4858,-3068,9920,16419,9832,4187,10021,14977,0
310983,2,2,1,52,-1,0,0,-1,-1,-1,6147,54434,-31912,3834,-13874,9858,3545,4592,2034,7072,14496,10762,0
509364,2,2,2,41,-1,-1,-1,-1,-1,-1,11970,16426,21139,30962,16097,18994,11152,20319,23053,13517,13787,19042,0
262695,1,1,1,46,-1,-1,-1,-1,-1,-1,21325,5530,26019,17332,18498,11161,14920,13585,17752,6135,13295,13405,0
10941,1,1,2,34,-1,-1,-1,-1,2,0,2662,21812,10691,18524,-1089,1735,7458,8149,14710,1297,7017,7675,0
134735,2,2,2,31,-1,-1,-1,-1,0,-1,10109,13952,3796,20060,22542,-4862,8103,9072,9051,6530,5068,7120,0
81503,2,2,2,34,-1,0,0,-1,-1,-1,-5641,28261,-1908,27179,-8394,-2652,1576,6690,3888,4698,2680,1469,0
120727,2,3,2,50,-1,-1,-1,-1,0,0,11986,5164,14922,12877,11214,-244,3188,2434,6865,1782,1289,1159,0
335659,2,1,1,41,-1,-1,-1,-2,-1,-1,-25505,13039,11379,30806,-13041,-9268,9684,2280,10235,6703,12211,11860,0
354833,2,1,2,28,-1,-1,-1,-1,-1,-1,36891,-7137,17518,20724,25788,22879,8549,25854,23855,7088,12022,17328,0
316118,2,1,1,48,0,-1,-1,-1,-1,-1,16654,6221,14074,18626,10582,2186,6119,20991,15392,6334,8896,11317,0
319118,2,1,2,27,-1,-1,-1,0,-1,-1,4966,15899,3588,-6927,-615,22000,7624,4060,13824,4558,10657,13509,0
140775,2,1,1,31,-1,-1,-1,0,-1,-1,27310,-6003,15552,12815,5288,-10059,5009,10531,4900,4753,3798,11283,0
277736,2,3,2,38,-1,0,-1,-1,-1,0,32762,13623,-26397,-9627,94,21081,47,4118,2588,6971,2250,8538,0
527240,2,1,1,34,-1,0,-1,-1,0,0,-1146,10120,18170,1373,14114,2564,4192,3291,14271,1906,9329,9728,0
187361,2,1,1,60,-1,-1,-1,-1,-1,-2,23083,-300,10544,-1741,-7940,11956,6226,5533,1370,7163,8184,9189,1
455426,2,1,1,48,-1,0,-1,-1,0,-1,861,18380,-5349,-3980,3656,7698,3248,5632,10299,2004,11645,9487,0
270416,2,1,1,21,-1,-1,-1,-1,0,-1,36821,-2624,20555,4686,19567,21651,7620,20403,16112,6101,9032,11615,0
251214,2,1,2,27,-1,-1,-1,0,-1,0,15731,-17464,38268,21677,40661,7959,16827,14728,19965,6647,8240,17495,0
43793,1,2,1,51,0,-1,-1,-1,0,-1,4488,10039,41115,51048,9659,-8983,9602,21867,20638,5575,8583,5893,0
128567,2,2,2,39,-1,-1,-1,0,-1,0,4230,15287,-10182,-9743,8409,9018,4590,951,5099,3016,1132,3652,0
384291,2,1,1,33,-1,-1,-1,-1,2,-1,-2520,5566,33021,23345,16069,670,7630,17318,22455,4559,13162,17739,0
323872,2,1,1,40,-1,-1,-1,-1,-1,-1,-7040,3581,18448,35080,3929,-1191,2895,11274,8256,8278,6268,6551,0
44698,1,1,2,38,0,-1,-1,0,2,-1,58763,1541,13360,-20795,14019,26774,11121,11538,12903,883,7117,12246,0
309087,2,1,1,41,-1,-1,-1,0,0,-1,9208,5262,44510,52395,35160,7049,21555,16219,32743,4358,14795,17861,0
128584,1,3,1,28,-1,-1,0,-1,-1,-1,-11206,19851,13342,6514,-7258,-3928,290,3584,0,1465,2465,3775,0
171945,2,2,2,44,-1,0,-1,-1,0,0,31450,27680,-8870,3812,-13338,22594,1199,7106,9200,1471,4908,6572,0
222078,1,1,1,47,-1,-1,-1,-1,-1,-1,-32358,18930,32202,44585,-8649,-14720,8111,17215,15493,7457,17171,11734,0
64631,1,3,2,32,-1,-1,-1,-1,-1,-1,-11464,25105,11119,15870,16839,-3024,10483,7182,17074,3297,7320,9154,0
321502,1,3,1,48,-1,-1,-1,-1,-1,-1,-1179,13784,30234,14433,-5164,9794,7514,13184,15436,3439,13641,10867,0
228612,2,2,1,21,-1,0,-1,-1,0,0,21450,1584,27714,14426,21132,-850,642,13462,12078,1816,2378,2655,0
156385,2,5,1,44,-1,-1,-1,-1,0,-1,10241,7716,45562,42814,9891,-10005,11193,26280,19068,7071,13771,14485,0
358379,2,3,1,47,-1,-1,-1,-1,0,0,7422,18778,51818,30251,23360,-1184,13067,10701,25941,6910,13524,9780,1
137602,2,2,2,29,-1,-1,-1,0,-1,-1,12166,67,-8084,-4670,1441,12602,3050,2178,1732,1537,2573,7804,0
132557,2,1,2,46,0,-1,-1,-1,-1,-1,19128,10532,4252,-8588,5603,1654,5379,10673,3546,4249,5758,5252,0
250363,2,1,1,32,-1,-1,-1,-1,0,0,13287,6086,21589,12246,647,785,1572,9823,9444,3669,3404,8034,0
277117,1,1,2,45,-1,-1,-1,0,-1,2,15943,16803,23397,-15887,-2186,28081,11336,1894,15569,5348,10768,12638,0
162167,2,2,2,35,-1,-1,-1,-1,-1,-1,11710,7378,-3700,-5670,-1481,15327,3754,10673,9764,2025,6064,7233,0
28585,1,3,2,39,-1,-1,-1,0,-1,0,34042,5168,-4354,-16720,2627,35709,6084,7826,6735,4156,793,3536,0
148208,1,2,2,30,-1,-1,-1,0,-1,-1,12058,11035,26378,26602,7958,18899,12419,9020,19119,7610,8527,14356,0
350529,2,1,1,44,-1,-1,-1,-1,-1,0,21362,11912,16071,45004,18275,8663,8485,27685,22588,10827,12063,9675,0
193641,2,1,2,27,2,-1,-1,0,0,-1,43902,9333,12781,-6959,42585,19671,15529,13233,14935,4245,7849,11890,0
100179,1,2,2,30,-1,-1,-1,-1,0,-1,4600,7431,14068,4735,16830,1783,5614,12178,8179,1777,3494,10067,0
356319,2,2,2,34,-1,0,0,-1,-1,-1,-10979,22297,-8410,20993,-3296,-3359,715,6166,3347,7476,3730,7091,0
86549,1,1,1,27,0,-1,-1,0,0,-1,1574,-4757,40836,23755,12253,-37197,5773,12792,4056,1956,6542,5866,0
200008,2,1,1,37,-1,-1,-1,-1,-1,-1,-5606,17579,3111,7755,-16611,3944,4246,5690,6015,6290,4804,6750,0
11799,2,3,1,41,-1,-1,-1,-1,0,0,-7571,11711,36488,52921,4404,-19147,8541,14637,15526,5803,4667,280,1
201518,1,1,1,39,-1,-1,-1,-1,0,-1,6260,11899,682,30369,-17404,7271,3983,2205,14869,1509,12669,11847,0
363231,2,3,2,36,-1,0,0,0,0,-1,26239,-8325,29624,-5791,-5166,19769,560,7716,5446,537,2891,4762,1
182916,2,1,1,31,-1,-1,-1,-1,-1,-1,8703,5369,3723,18977,-622,-4628,1961,14846,7566,4711,6045,9833,0
383349,2,2,1,36,0,0,-1,-1,-1,-1,8600,8281,20757,16807,8031,1682,212,24118,12485,5940,10322,9191,0
286406,2,1,1,36,0,0,-1,-1,0,-1,-4402,15915,13676,20636,7282,-5836,1747,15767,8732,2432,8921,6894,0
309389,2,2,2,31,-1,-1,-1,-1,-1,-1,43512,3443,-19944,-21688,16065,31124,6443,10023,11096,4434,6703,16041,0
303486,2,3,2,24,-1,0,-1,-1,0,0,35927,-10853,25852,22229,19595,17327,2549,12167,12216,5165,2416,8603,1
93956,1,1,2,37,-1,-1,-1,-1,-1,0,46948,11519,-773,32684,26886,11293,16588,20691,23220,8196,10157,13420,0
129474,1,1,2,23,-1,-1,-1,0,0,-1,-13758,2862,21623,23274,-5459,-15623,5540,1228,8691,491,7405,14431,0
110619,1,2,1,39,-1,-1,-1,-1,-1,0,-5992,13514,13243,8791,-4630,1329,2891,11842,10615,1634,6702,4946,0
416158,2,3,1,44,-1,0,-1,-1,-1,-1,-3706,864,38009,17441,4323,-3346,127,19064,7793,7187,7499,6643,0
308793,2,3,2,31,-1,-1,-1,-1,-1,-1,419,22764,15450,30413,7064,-3334,8250,11569,18660,7257,9181,11065,0
119662,2,1,2,34,-1,-1,-1,-1,-1,-1,18749,6356,10857,16528,-2803,-1002,914,22332,6757,7756,3079,6281,0
123772,2,1,2,29,-1,-1,-1,0,0,-1,11784,24185,21463,19759,11486,22320,9753,21576,17998,5444,13888,15162,0
470978,2,1,1,27,-1,-1,-1,-1,-1,0,-1153,23829,19034,25030,-2795,17431,1654,18643,19168,6952,12871,14069,0
227454,1,1,2,40,-1,-1,-1,-1,-1,-1,3883,-933,33169,25513,7808,-1062,7322,21440,16196,7297,9039,15742,0
160707,1,3,1,37,0,-1,-1,0,0,-1,8065,9687,38763,8949,29933,9084,8810,12461,16308,2577,7112,6940,0
22408,1,1,2,29,-1,-1,-1,0,0,-1,2378,-2240,8557,12707,-1649,-12377,6322,1043,7183,665,1924,7758,0
334054,2,1,1,31,-1,-1,-1,-1,-1,-1,4716,3733,4499,32411,15228,-12757,3151,17601,12800,8607,7483,10389,0
273452,1,1,1,41,0,0,-1,-1,-1,-1,26136,-1422,6376,-13702,16695,8419,3880,16018,4646,3314,8385,13741,0
112260,1,2,1,31,0,-1,-1,0,-1,0,28713,3437,-1749,-18298,6170,17791,3023,7369,4992,2765,4131,7792,0
305069,2,3,1,37,-1,-1,-1,-1,0,0,-2085,22659,14993,-9420,6768,10935,368,7443,7877,1411,8542,5904,1
359720,2,3,1,39,-1,0,0,-1,-1,-1,-6889,21617,14840,12504,13931,-10311,449,16063,6241,8196,6081,3294,0
143230,1,3,1,44,0,0,-1,0,0,-1,5616,5832,16479,4448,-1542,-1744,3772,8386,3671,471,5855,6088,0
385809,2,1,1,44,-1,-1,-1,-1,-1,0,21512,2917,12105,14979,14675,6714,5915,16007,15971,7205,7034,9777,0
333635,1,1,1,38,-1,-1,-1,-1,-1,-1,2641,3901,25712,10961,9786,16231,7344,13013,15462,6473,10135,14147,0
152743,2,1,1,43,-1,-1,-1,-1,-1,-1,965,40174,-12219,10766,-14886,3164,4438,8175,9221,4822,12780,9062,0
15539,1,2,2,34,-1,-1,-1,0,0,-1,-11461,18231,18034,16005,-12663,9274,5307,6290,8055,1905,6140,10979,0
103272,1,2,1,63,-1,-1,-1,0,-1,-1,4103,20140,16600,5252,-10513,19518,5935,6721,7696,4021,7395,2665,0
99972,2,5,2,33,0,-1,-1,0,-1,-1,15479,7187,15219,13404,-11478,3886,6296,11226,8069,4096,8830,11396,0
162283,1,1,1,65,-1,-1,-1,-2,0,0,3014,28216,1442,6801,-16088,25653,7997,1981,11445,528,11811,7498,1
357791,2,2,1,49,-1,-1,-1,-1,0,-1,2538,40486,12244,-6960,17578,24252,11351,3682,23058,2674,14059,14875,0
301165,1,1,2,27,-1,-1,-1,-1,0,-1,15995,23734,23010,33527,24333,-9978,8053,24100,21964,6787,14145,12367,0
291488,1,6,1,38,-1,-1,-1,-1,-1,-1,-37949,26484,4087,27422,-12525,-8869,9572,1438,19054,7007,14279,15840,0
414097,2,1,1,49,-1,-1,-1,-1,-1,-1,-11684,24189,18935,25157,-6450,-3912,5687,5929,14324,6033,9645,10194,0
306547,2,2,1,41,0,0,-1,-1,0,-1,35052,835,-11914,4830,5864,20390,1118,10784,10793,3068,7058,9036,0
337442,2,3,1,39,-1,-1,-1,-1,0,0,22346,7298,7543,22639,10817,16294,4678,12482,17462,5430,5864,13573,0
163625,2,2,2,25,-1,-1,-1,0,0,-1,7322,-4959,10788,8728,-5984,-8319,4752,868,625,3630,2233,10095,0
211266,2,1,2,34,-1,-1,-1,-1,-1,0,15175,6969,14251,16621,5944,18459,10830,9542,15396,7063,6865,9186,0
339905,2,1,2,35,-1,-1,-1,-1,-1,-1,463,3683,17142,31688,10959,-4917,10107,15009,18257,7968,13243,15551,0
147733,2,2,2,23,-1,-1,-1,-1,-1,-1,-12859,12177,9025,24086,3449,-14993,1497,7128,4813,4752,1226,6396,0
165664,2,2,2,21,-1,-1,-1,-1,-1,-1,-94,6631,20419,23405,17525,-3063,6052,17837,9691,10103,5159,9941,0
395358,2,2,1,33,-1,-1,-1,3,-1,-1,-8450,2465,25295,21692,18037,-11493,11229,3571,8715,8699,8648,12096,0
383080,2,3,1,39,-1,-1,-1,-1,-1,-1,27817,18147,927,81,17439,21749,7507,16503,15334,5657,8785,9289,0
450412,2,1,1,46,0,0,-1,-1,0,-1,15309,5717,5793,5068,23654,3921,5055,9036,12962,2846,9531,11866,0
396321,1,1,2,25,-1,-1,-1,-1,0,-1,18675,8423,40502,9049,27080,-2424,5617,11065,15464,4041,7494,13542,0
208030,1,2,1,45,-1,-1,-1,-1,-1,0,7383,10158,-1583,4445,-3796,11156,16,1366,3035,6066,3744,6608,0
42135,1,2,2,38,-1,-1,-1,0,-1,-1,14720,21267,469,-8474,-5984,6690,2086,7030,3317,489,3657,4607,0
139631,2,2,2,35,0,-1,-1,0,-1,-1,5483,-23,7379,1900,8629,-8463,8338,8688,10003,1989,4886,8438,0
308614,2,1,1,21,-1,-1,-1,0,0,0,35393,-3789,18546,-6656,48496,7709,14455,12247,16854,4266,7706,12943,0
383417,2,2,1,31,-1,-1,-1,0,0,-1,-3581,10739,42994,15883,45570,-10952,12621,13842,19069,5778,12053,15098,0
269203,2,1,2,43,-1,-1,-1,-1,-1,-1,-1028,8829,15406,6120,-14621,6229,5074,6263,7946,4610,7915,11273,0
56524,2,1,2,34,-1,-1,-1,-1,-1,2,12035,26623,-15225,-7832,345,8561,2177,7348,4387,3000,2759,5230,0
232944,1,1,1,47,-1,-1,-1,-1,-1,-1,1799,23131,-11361,20368,-7425,-10953,7194,16227,7546,9071,14613,14450,0
163157,2,2,1,32,-1,-1,-1,0,-1,2,6024,17526,10928,7777,-14355,5166,1417,5646,4241,5931,4727,8946,1
22161,1,2,2,45,-1,-1,0,-2,-1,2,12496,21637,-3059,7095,-24409,13979,207,5626,2637,3297,2761,1389,1
158832,2,3,1,30,-1,-1,-1,-1,-1,-1,-1889,6629,28446,22384,4230,2814,6454,16308,16288,5954,9337,12011,0
431886,2,1,1,25,-1,-1,-1,-1,-1,-1,14957,-10544,48741,45617,33259,5175,10628,29039,25494,13648,11022,16763,0
219296,2,3,1,39,-1,-1,-1,-1,-1,-1,20849,12938,5309,3252,6515,11759,4088,14884,12857,3943,5688,9345,0
246778,1,1,1,55,-1,0,-1,-1,-1,-2,25838,25898,-3634,-1518,-1751,14636,2776,4613,4188,3220,7832,8216,0
233129,2,1,2,28,-1,-1,-1,-1,0,0,36284,5940,45836,27250,50235,11049,12663,24123,29022,4957,5352,11395,0
461354,2,1,1,50,-1,-1,-1,-1,-1,-1,-1335,24508,18221,17224,-16298,14780,4527,9975,15316,6318,16958,14080,0
414227,2,1,1,31,-1,-1,-1,-1,-1,-1,-1587,14982,861,-4822,5602,-350,2223,7348,9277,2469,6417,11948,0
187523,2,3,1,59,-1,-1,-1,-1,-1,-2,9679,19374,1626,16701,-16292,7782,4456,7030,12552,3685,5032,5786,0
265330,2,1,1,47,2,0,-1,-1,2,-1,23542,18693,-886,3843,16133,14191,4728,17357,14293,3240,8109,9251,0
341401,2,2,1,44,-1,-1,-1,0,-1,-1,3831,10393,8945,-282,-14741,9926,3407,731,2440,4581,8001,9600,0
355027,2,1,1,25,-1,-1,-1,-1,0,-1,20885,-11651,23677,35275,14032,-13574,5667,19202,11721,6845,8543,14989,0
377856,2,1,1,22,-1,0,-1,-1,-1,-1,-5692,13858,17259,9080,-705,-14335,848,4376,5773,4737,6921,10219,0
249533,2,3,1,39,4,-1,-1,0,-1,-1,-14453,533,34486,9330,22701,-30048,6312,7168,2127,6901,3139,5938,0
300622,2,1,2,27,-1,-1,-1,-1,-1,-1,-10826,-2433,10731,16055,1919,-16965,5763,6873,4279,6887,4141,8541,0
171507,1,3,2,54,-1,-1,-1,0,0,-1,-21889,9929,78673,58060,20727,-27324,16656,26221,25829,7884,12729,12380,0
156337,2,1,2,39,-1,-1,-1,-1,-1,-1,-8296,12069,13221,26194,-9847,-22157,8831,6797,5190,5251,6664,8155,0
199227,1,3,1,61,-1,-1,-1,-1,-1,-1,-3153,11738,15696,24705,-10137,5628,4829,9246,8532,5074,9688,5475,0
342718,2,3,1,42,-1,-1,-1,-1,0,-1,5088,2811,44604,19761,15157,8782,8323,12960,15298,4435,8656,9161,1
418065,1,1,1,43,-1,-1,-1,0,0,-1,3935,16408,46800,11580,9333,9290,8670,7076,15835,2456,14258,11323,1
422486,1,1,1,39,-1,-1,-1,0,0,-1,12493,15647,46598,11020,31592,14300,18712,7335,24887,6848,13180,19381,0
405884,2,3,1,47,-1,-1,-1,-1,-1,-1,-30532,34611,22674,38197,-13162,-7027,2037,8835,17516,7671,12305,8563,0
250240,2,2,1,46,-1,-1,0,0,0,-1,15439,8141,8865,10504,5005,9486,6471,8721,9901,4573,5744,5791,0
331565,2,1,1,34,-1,-1,0,-1,-1,-1,3282,30336,-6505,14266,-357,4643,2013,13190,8671,8711,9215,6880,0
149831,2,1,1,23,-1,-1,0,-2,-1,-1,-19962,13105,19647,16751,-1562,-17152,3988,2209,1057,3909,4446,4486,0
201607,2,3,1,35,-1,-1,-1,-1,-1,0,19440,16231,6316,14471,4995,11291,464,17113,14678,5779,6875,5652,0
202568,2,2,2,39,-1,-1,-1,0,0,0,24799,8699,6440,19798,4646,13898,7144,3693,13061,5390,6552,8291,1
297494,2,2,1,43,-1,-1,-1,-1,-1,0,6722,3405,3223,6851,4584,17641,179,11462,5980,6268,6970,5351,0
309813,2,2,2,34,-1,-1,-1,-1,0,0,15167,9373,12633,5790,21392,5955,5442,10656,14485,4401,5344,10436,0
78451,1,5,2,52,-1,-1,-1,0,-1,-1,15737,16303,20994,1213,11682,1367,11010,7571,15318,3986,9393,10227,0
328224,2,2,1,36,-1,-1,-1,-1,0,0,15599,2206,5665,7802,13277,4085,207,9760,10988,4725,2609,4943,0
407713,2,3,1,47,-1,-1,-1,-1,-1,-1,-8037,36591,17424,30051,7920,2027,3598,20753,23252,7548,13376,11500,0
68057,2,2,2,31,0,3,-1,0,0,-1,23362,-8779,24386,6575,25736,-4507,10870,7599,5049,4525,4294,7187,1
144387,1,2,1,43,0,0,-1,-1,-1,-1,-11243,27496,15243,23612,-2343,-15724,872,9864,2342,3555,6453,3391,0
195053,2,3,2,41,-1,-1,-1,-1,0,-1,15751,7749,11052,17386,-5629,14174,5568,8333,12286,5131,9158,9581,0
55208,2,1,1,43,-1,0,-1,-1,-1,-2,9056,27866,-10719,17834,-9103,-2353,2428,3784,2390,3006,5822,7086,0
374481,1,1,2,40,-1,0,-1,-1,-1,-1,4382,12912,8861,-6332,-3190,15323,2246,8803,4135,8268,11494,13755,0
322917,1,1,1,21,-1,-1,-1,-1,-1,0,17021,13610,30069,17418,31708,9317,10490,20773,20884,8307,12711,14770,0
455643,2,1,2,35,4,0,-1,0,0,-1,14488,13102,13143,-6498,24135,9190,5387,4256,10909,1526,5735,11389,0
241751,2,1,2,32,-1,-1,0,-1,-1,-1,5831,24756,-11635,2232,-3672,9463,2207,2015,3320,6922,4518,7704,0
355854,2,1,1,40,-1,-1,-1,-1,-1,-1,2771,22856,-13691,219,-10259,11304,1742,5771,11121,4553,10991,14310,0
105913,2,3,2,27,-1,-1,-1,0,-1,0,5651,15758,1376,3844,-5467,12743,698,2621,5759,2960,2649,4858,0
446351,2,1,1,37,-1,-1,-1,-1,-1,-1,354,19743,-6502,6801,1825,10026,5056,2489,12365,6801,9553,12075,0
225750,2,2,1,28,-1,-1,-1,-1,0,0,17018,6039,10566,28728,7312,17081,2458,9385,11971,4102,4096,3074,1
185915,1,3,1,41,-1,-1,-1,-1,0,0,6089,13533,34438,26601,27864,4415,8429,20620,17686,5810,9216,7490,0
393533,2,1,2,33,-1,0,-1,-1,-1,-1,11603,39752,-21395,-11898,-4198,13975,1514,3461,6845,3133,11712,10249,0
177099,2,3,1,44,-1,-1,-1,-1,-1,0,21980,-4253,11399,34318,-1181,10539,5215,18224,10234,8034,5715,7057,0
387838,2,1,1,43,-1,-1,-1,-1,-1,-1,9980,24683,2638,44761,17511,-15563,7626,18713,18909,8662,11277,6217,0
254472,2,2,2,22,-1,-1,0,-1,-1,0,23199,20227,-34488,3031,-7922,17166,2408,3579,9685,4590,5386,7885,0
341628,1,1,1,51,-1,0,-1,-1,-1,-1,-3788,16914,25441,-6598,-11770,4812,2991,2244,1726,2897,10936,11537,1
271212,1,1,1,43,-1,-1,-1,-1,-1,-1,6232,87,25842,17821,3032,-4338,11180,10519,13080,8004,13355,13193,0
260365,2,1,2,28,-1,-1,-1,-1,0,0,44723,19857,13200,2700,18108,28670,3274,15801,13650,4733,8006,8045,1
441465,1,1,1,42,-1,-1,-1,-1,-1,-1,6715,16770,10380,19581,21782,10099,4531,17332,18256,7410,15653,15116,0
277684,1,1,2,45,-1,-1,-1,0,-1,2,28065,-3094,5941,-9546,-14381,32439,4618,2141,5749,5756,5333,12070,0
349727,2,3,1,48,0,0,-1,-1,0,0,17102,17698,10832,-15338,5881,11855,5268,6502,10469,834,6816,7477,0
194839,1,1,2,47,-1,-1,-1,-1,-1,-1,-22914,17718,17111,32426,-3096,-24017,7189,6377,10584,4788,9637,10388,0
220793,1,3,1,36,-1,-1,0,-2,-1,0,-15839,11171,21756,20957,5695,-8102,7148,981,8154,5406,5114,3619,1
110214,2,2,2,42,-1,-1,-1,0,0,-1,18011,1608,20382,31610,-3542,633,7947,8249,12304,4485,4387,6185,0
167447,2,1,2,56,-1,-1,-1,-1,-1,-1,4070,24453,-6554,26973,-11424,-2597,8482,4704,7657,6526,14277,9747,1
37724,2,3,1,40,0,-1,-1,-1,-1,-1,11528,5596,10784,40877,2592,-549,10722,18626,17135,6446,9436,9881,0
283531,2,3,2,42,-1,-1,-1,-1,0,-1,5601,12200,36366,19661,8923,3529,3444,15379,16707,4923,6181,9850,0
398137,2,1,1,26,-1,-1,-1,0,0,-1,22404,-8643,32448,12783,12466,21755,9656,8834,17603,4598,8278,16765,0
382958,2,1,2,30,-1,-1,-1,-1,0,-1,4773,13202,18918,8622,22088,-4943,9518,11909,15546,3465,10577,14307,0
336705,1,1,1,39,-1,-1,-1,-1,2,-1,18886,20364,-2080,14226,-2632,21369,8463,13321,19303,4194,16702,16520,0
404240,2,3,1,35,-1,-1,-1,0,0,-1,4009,-997,31043,-8704,19942,384,10269,1192,11517,1248,6444,10458,0
103847,2,2,1,59,-1,-1,-1,0,-1,0,28796,9152,10987,10177,21091,23497,10450,10493,14055,4870,4465,1148,0
122323,2,1,2,32,-1,-1,-1,-1,-1,0,2463,8172,21531,23340,25111,5994,8164,13704,13455,6488,4469,4835,1
62352,2,3,1,27,0,-1,-1,0,-1,-1,-7201,19534,19898,9840,332,-9562,6832,8193,6261,2183,6281,3353,0
250213,2,2,2,27,-1,-1,-1,3,-1,-1,7180,-728,5652,7441,7031,15918,7398,6506,5606,10642,6708,11046,0
131491,2,1,3,31,-1,-1,-1,-1,-1,-1,-10325,17271,215,32385,-5325,-10426,2815,10133,4524,8041,4355,6073,0
366412,2,3,1,35,-1,-1,-1,0,0,-1,25118,-20395,40940,2102,27999,4274,7046,9346,8378,4264,2346,7474,0
244777,2,2,1,45,-1,-1,-1,-1,-1,-1,-25868,27412,9602,24797,-5561,-6428,3205,3402,3514,6986,7914,6672,0
262052,2,2,1,28,-1,-1,-1,0,0,0,32794,12202,28973,33951,39624,21647,17745,17536,25814,7476,12160,14114,0
228057,1,2,2,45,-1,-1,-1,0,-1,-1,15153,17663,4124,-2923,6143,11331,14728,5802,13969,5899,14273,17458,0
178197,2,1,1,40,-1,-1,-1,-1,-1,-1,-6056,21696,9626,20301,-1148,468,3523,8141,8964,5522,7567,7282,0
11553,2,5,1,40,-1,-1,-1,0,-1,-1,-3136,18673,12522,16289,1604,-7920,12167,391,9133,6655,7300,8340,0
153210,1,1,1,55,-1,-1,-1,-2,-1,-1,-9201,10080,30857,26819,-3186,-9652,11680,7630,12859,7900,10287,10156,0
315228,1,3,1,41,-1,-1,-1,-1,-1,-1,-2014,13589,10997,25060,-15710,9080,5083,1826,11864,4969,10610,13751,0
104374,2,1,2,33,-1,0,-1,0,2,0,34847,16328,-13749,-10584,-6721,33750,1155,6054,10010,175,4375,9091,0
36868,2,3,2,30,-1,-1,-1,0,-1,-1,24506,-20962,23436,5863,-2348,2644,2656,18475,3115,5804,1628,5528,0
109437,2,3,2,47,-1,-1,-1,-1,0,0,23949,10255,33411,31534,23898,15770,9258,20330,18926,6965,7370,4016,0
175889,1,2,1,47,-1,-1,-1,0,0,0,15762,7486,23045,-15753,-730,12329,3097,1465,1961,1456,4171,3460,1
274737,1,3,1,64,0,0,-1,0,0,-1,32793,-3782,20922,1303,9206,27944,3825,15318,10457,2824,7705,10016,0
201670,1,1,2,38,0,-1,-1,0,-1,-1,-7883,15163,17997,4628,-8242,-4676,3449,6243,5736,836,7931,10310,0
252332,1,1,2,35,-1,-1,-1,-1,-1,-1,21654,-1655,1312,9015,-2064,22966,8097,16566,11497,7643,11746,16170,0
449137,2,1,1,39,-1,-1,-1,-1,-1,-1,-947,13634,14524,24823,11220,-3930,3658,17550,15583,7496,12546,13330,0
482254,2,3,2,21,-1,-1,-1,-1,-1,0,4026,7879,4882,-26865,22948,18914,3531,719,9374,6207,8403,11398,0
292576,2,2,2,28,-1,-1,-1,-1,0,0,23125,5124,30674,20283,22411,25595,5217,23648,23078,6111,7022,13253,0
120911,2,2,1,36,0,-1,-1,0,0,-1,9634,-1827,41395,33991,21959,3524,10487,18767,17162,3461,7975,12883,0
262164,2,3,2,32,-1,-1,-1,-1,0,-1,-2898,16511,25908,19828,8801,2024,9685,16004,14461,4687,9715,9114,0
234213,2,1,2,35,-1,-1,-1,-1,0,-1,14145,11681,27984,19860,13832,9420,11297,10146,20334,5067,11235,11906,1
137704,2,3,1,40,-1,-1,0,-1,-1,0,13877,9992,3817,29159,-13615,7138,1549,5301,5293,5085,2437,1339,0
148615,1,1,1,32,-1,-1,-1,-1,0,-1,19363,11217,39544,34881,21217,6242,11058,20321,25181,2795,12103,12613,0
347919,2,3,2,45,-1,-1,-1,-1,-1,-1,2246,14951,11810,10692,958,15466,4991,10271,15133,6379,10651,10432,0
60136,1,5,2,37,0,-1,-1,0,0,-1,-427,-2818,56117,41960,2938,-34072,6708,17584,8674,3172,5896,5810,0
391996,2,1,2,21,-1,0,0,0,0,0,15958,15794,-349,-12730,8120,10386,364,749,4335,175,4501,2218,1
216476,2,2,1,32,-1,-1,-1,0,-1,-1,23447,-7939,20126,18662,10350,7630,8099,14027,15149,6809,8202,14769,0
309202,2,3,1,42,-1,-1,-1,0,0,-1,14196,25757,20461,378,1976,9702,7336,4668,15502,3010,11473,9904,0
89699,2,3,1,26,-1,-1,-1,-1,-1,0,7029,12276,5094,20503,6572,8044,3778,12907,14089,4387,5091,4819,0
180195,2,1,1,50,-1,-1,-1,0,-1,2,-8469,18975,12880,20506,1985,14656,11582,2760,14824,7232,11850,11992,0
94009,1,2,1,47,0,-1,-1,-1,-1,-1,4098,11100,22424,19087,6029,-5326,783,11066,3774,3230,3689,1771,0
250722,1,1,1,61,0,-1,-1,-1,-1,-1,2848,22342,21135,15408,-10139,-4449,7381,15184,1058,7051,13625,8965,0
331732,2,3,1,40,-1,-1,-1,0,0,0,19847,9440,28876,548,-907,35732,5821,8030,16957,4678,8852,8545,1
336423,2,1,1,45,-1,-1,-1,-1,-1,-1,-34905,31341,24045,37571,-19452,-22569,2309,7470,7309,7709,14181,9500,0
139965,2,1,2,34,-1,-1,-1,0,0,0,34375,178,28424,3496,25324,21340,12144,12748,15218,4210,6110,11387,0
147398,1,2,1,33,-1,-1,-1,-1,0,-1,3685,15073,1682,17459,4275,-15853,2885,8488,5505,2337,4940,7903,0
83651,2,2,1,26,0,-1,-1,0,-1,-1,15616,-9791,27191,7530,4740,12671,3509,17511,7256,4102,4665,8031,0
301762,1,1,1,57,-1,-1,-1,-1,-1,0,314,25322,2764,18969,-17093,19862,8898,5455,11617,10849,14810,9952,0
355746,1,1,2,37,-1,-1,-1,-1,-1,0,45095,3775,20007,22368,9923,32057,5587,27526,25316,7522,13423,17210,0
148980,1,1,2,36,-1,-1,-1,-1,-1,-1,-10042,20557,13733,2815,-1145,-2401,8193,6137,6235,4740,7990,10481,0
72208,2,1,2,22,0,0,-1,0,0,-1,32828,4484,15293,4158,20351,2125,7673,21768,12426,477,3409,8707,0
256015,2,3,2,44,-1,-1,-1,-1,-1,0,-8749,37045,-2211,-6522,-13559,22768,3555,960,12336,611,11686,10828,0
253076,2,1,1,43,-1,-1,0,-1,-1,0,-85,17108,-10550,9634,-3154,-56,3082,6675,6736,7112,5840,4424,0
106556,2,1,1,51,-1,0,-1,-1,-1,-1,6163,30351,-9412,38579,-15432,-4208,5847,9939,5469,5933,7862,7515,0
238659,1,1,2,26,-1,-1,-1,-1,-1,-1,21508,1759,27636,11922,22905,13544,7869,20200,18792,7359,7748,12557,0
367294,2,3,1,44,-1,-1,-1,-1,-1,0,16506,13948,15718,-6118,13481,18011,8616,5919,13152,5691,6225,9396,0
286651,2,1,2,31,-1,0,-1,-1,-1,0,38097,13308,-32981,-28478,11038,18486,169,7873,2944,5140,2678,9958,0
295666,1,3,2,42,-1,-1,-1,-2,-1,0,314,29435,14433,11205,1916,19822,10500,1096,16174,5979,11004,9191,1
344168,2,2,2,37,-1,0,-1,-1,0,0,12460,13032,-7930,10364,21177,8015,4604,1231,10578,4365,5854,5039,1
301396,2,2,1,35,-1,-1,-1,-1,0,-1,-31720,21526,26484,42960,9189,-11241,7274,3596,15202,5988,7310,7673,1
402302,1,2,1,35,-1,-1,-1,3,-1,-1,12165,19727,28064,3109,23874,27918,15716,13185,22605,9278,16906,16403,0
314269,2,1,1,34,-1,-1,-1,-1,0,-1,7096,5552,16691,8558,-5457,18890,6708,7266,15450,2904,10649,12301,1
193388,2,1,2,41,-1,0,-1,-1,0,0,36638,14445,-3403,3865,-2982,26706,5293,12581,13578,3973,6423,13281,0
290135,2,1,2,35,-1,-1,-1,-1,-1,-1,29006,15081,-6388,570,-3762,15129,1516,12881,10757,4098,7748,7871,0
388595,2,2,2,28,-1,-1,-1,-1,-1,-1,1473,16343,-952,-25228,2623,15091,2591,5308,2796,6496,8688,15101,0
350340,2,2,2,25,-1,-1,-1,0,0,-1,39892,3634,37160,-3305,28123,26604,16722,11014,19032,7403,9129,20246,0
124467,1,3,2,35,-1,-1,-1,-1,-1,-1,-3287,6118,26556,11194,4915,-5741,4998,6375,6527,3451,3219,5492,0
210119,1,1,1,48,-1,-1,-1,-1,-1,-1,8714,12075,12750,17526,965,-4836,4012,14638,7877,3876,9252,6883,0
31726,2,3,1,32,0,0,-1,-1,-1,-1,20027,-6957,14663,25087,7280,-13812,2400,16123,4298,3716,1112,1835,0
371044,2,2,1,29,-1,-1,-1,-1,0,-1,2493,12860,27728,33120,8378,10048,4472,22013,21850,5967,14468,16372,0
425582,1,1,1,42,-1,-1,-1,-1,2,-1,3446,19485,19392,12698,4073,-3445,2003,23499,16151,3759,15089,14714,0
204079,1,1,1,43,-1,-1,-1,-1,-1,-1,947,20740,3987,16009,-7516,5161,4678,10910,15531,2321,11571,7976,0
267090,2,1,2,26,-1,-1,-1,-1,-1,-1,26330,2928,-20880,3936,10344,11395,6590,4905,9243,4479,5867,14045,0
47979,2,1,1,48,-1,-1,-1,-1,0,0,30697,-5554,26507,20744,16854,2261,5841,13504,12405,4203,592,572,0
104256,2,2,2,44,-1,0,0,0,0,-1,5576,24373,5097,-6721,3549,6545,2175,5372,2353,1086,277,416,1
226571,2,2,2,28,-1,-1,-1,-1,-1,-1,-187,21697,9048,15600,-26424,15122,182,10053,8319,4680,8882,11378,0
131433,2,3,2,36,0,0,-1,0,-1,-1,13177,-6323,6135,8819,-3290,6901,2685,4403,6013,3707,2405,6069,0
312418,2,2,1,33,-1,-1,-1,-1,-1,0,37296,5087,673,2631,12533,22556,3431,13958,16271,6919,6279,10542,0
273708,1,1,1,37,-1,-1,-1,-1,-1,-1,7568,-8035,17135,17048,5366,-245,6565,13948,11463,8332,7193,13374,0
164050,1,5,1,39,-1,-1,-1,-1,-1,-1,-2342,8159,27846,3915,11760,-10110,7567,6636,12666,2911,6362,7778,0
294775,2,1,1,49,-1,-1,-1,-1,-1,0,21433,20716,10291,31775,11520,10906,6861,23075,20418,9987,9551,8709,0
178811,1,1,1,50,4,-1,-1,-1,-1,-1,4670,18206,-1333,16773,-4357,-4495,5567,11356,2937,4147,7950,10440,0
116793,1,5,1,31,-1,-1,-1,0,-1,-1,-9167,19564,34784,12288,12797,-5823,13917,7700,15169,4997,8817,8106,0
365560,2,1,1,49,-1,-1,-1,-1,-1,-1,2106,11575,1471,29942,-5187,5665,5417,17692,16245,8636,16280,14580,0
322905,2,2,2,35,-1,-1,-1,-1,-1,-1,5175,5387,4568,17429,-6555,-3314,6902,16313,4818,12203,11542,15460,0
192728,2,2,2,32,-1,-1,-1,-1,-1,-1,22180,10823,7000,6951,10776,8639,4341,16590,11609,4671,5159,11273,0
213900,2,3,1,39,-1,-1,-1,-1,-1,0,-3801,9103,-13457,2319,-10496,20202,2034,2394,10289,2905,6460,3857,0
167299,1,1,1,46,-1,-1,-1,-1,-1,-1,-31523,16433,37185,32033,3616,-18505,9164,20404,15434,6243,13077,11128,0
413050,2,1,2,45,-1,-1,-1,-1,-1,-1,-347,36972,-3738,-13161,-18016,13187,2100,4649,3475,4965,11589,11060,0
187867,1,5,1,52,-1,-1,-1,-1,-1,-1,5130,5773,12927,6640,-23925,14555,2164,5450,5238,5363,8936,12176,0
471690,1,2,1,50,-1,-1,-1,-1,-1,-1,4216,34241,-4302,16232,2152,11560,7203,4625,17055,4882,16619,13872,0
312454,1,1,2,43,0,-1,-1,0,0,-1,19166,-10908,44446,8145,33549,3082,13451,19358,12672,6949,8655,11392,1
412784,2,1,1,42,-1,-1,-1,-1,-1,-1,-1882,16513,10372,14688,7258,-6295,932,3950,9011,5224,9127,5692,0
242694,1,2,1,55,-1,-1,-1,-1,-1,2,4742,26148,-16239,-8226,-15046,29567,2295,4975,4442,6777,9903,12179,0
186108,1,2,1,36,-1,-1,-1,-1,0,-1,61,18844,7529,-4099,-729,-2218,2702,2148,5104,758,6828,7162,0
416716,2,1,2,32,-1,-1,-1,-1,0,-1,-9018,24433,11907,25418,2205,-25067,6330,5698,11575,4118,10618,12551,0
460652,2,1,2,34,-1,-1,-1,-1,0,0,33252,22234,26062,15814,56499,9248,13860,22759,31732,4000,11272,13156,0
150172,1,3,2,51,-1,-1,0,-1,-1,-2,6209,50715,-9635,16711,-26693,4558,69,4375,2177,5461,9844,4775,0
155821,2,1,2,21,-1,-1,-1,-1,0,0,33546,16236,12406,39125,30154,20556,14108,16515,26310,7744,8979,10364,0
176540,2,1,2,23,0,-1,-1,0,0,-1,14609,19654,24256,26334,37388,1945,20146,13085,26396,5360,10939,18276,0
169240,2,1,2,27,-1,-1,-1,-1,-1,-1,7753,2260,15309,17257,11304,-21374,6809,15455,9395,5563,5198,10158,0
275358,2,3,2,43,-1,-1,-1,-1,0,0,16695,14366,-3527,5630,-8143,18476,1107,2768,7935,3436,3430,4826,0
133824,1,2,1,50,-1,-1,-1,-1,-1,0,41136,11676,6037,15444,12214,17696,8127,23534,16400,6993,6557,5297,0
262720,2,1,1,21,-1,-1,-1,-1,-1,0,13241,732,4608,12643,13486,-3749,860,10133,10501,6771,2715,7092,0
115983,1,1,1,37,-1,-1,-1,-1,-1,-1,24888,11105,10426,24267,2920,2692,7529,22372,12642,7269,13281,10511,0
393744,1,1,2,68,-1,-1,-1,-1,-1,-1,8763,34229,-9413,-6927,-21957,22495,8049,5577,10722,3304,16914,17477,0
30557,2,3,1,44,0,-1,-1,-1,-1,0,1159,10266,25670,33901,3980,5127,5386,17189,14808,4016,3827,874,0
103896,1,2,2,33,-1,-1,-1,0,-1,0,22987,5098,7327,-15895,8571,19596,6137,6545,8124,2604,1832,7302,0
337519,2,2,1,50,-1,-1,-1,-1,-1,-1,10690,-1852,33120,32729,-455,3976,8634,27156,15684,10681,12998,11260,0
266549,1,1,2,34,-1,-1,-1,0,-1,-1,11195,-12286,53016,15250,22305,-3540,12633,16907,12036,8708,8865,14148,0
224162,2,1,2,32,0,3,-1,-1,0,-1,24017,-1712,37878,15275,33829,2138,6030,26452,17937,3474,5943,9651,0
348227,1,1,1,40,-1,-1,-1,-1,-1,-1,-3066,12536,6568,299,-11693,2255,3079,3193,6021,6274,8306,10539,0
247799,2,3,1,40,-1,-1,-1,-1,0,0,16140,7218,28253,50825,45,4840,764,23348,17363,5874,8330,5355,0
318705,2,3,2,37,4,0,-2,-1,0,0,34165,4114,10383,-16296,42683,12570,3627,10257,14426,1362,1107,8162,0
186629,2,2,2,33,-1,-1,-1,-1,-1,-1,-10572,19177,29889,15356,13503,2842,10532,13211,16620,5817,9055,11848,0
236330,2,1,1,56,-1,-1,-1,-1,0,-1,20547,12848,27696,18106,26020,6814,10628,17137,18829,6909,13044,8112,0
81265,2,2,2,24,0,-1,-1,0,-1,0,9628,713,3558,-4864,25201,745,5568,2611,5572,1611,107,4915,0
274877,1,1,2,58,-1,-1,-1,-1,-1,-1,10769,7802,15374,10051,-12145,19446,2161,11327,8207,3838,8822,8817,0
96038,2,1,2,31,-1,-1,-1,-2,-1,-1,3528,28005,-7477,10406,-14722,9220,5022,7057,4613,5888,8897,7167,0
394026,2,3,1,44,-1,-1,-1,-1,0,0,4602,8673,25583,32776,18633,6898,8772,12620,17462,6645,7093,10400,0
352686,1,2,1,37,-1,-1,-1,-1,0,-1,-11465,23649,28877,13201,16628,-6758,8540,5245,18063,2286,12746,11538,0
389025,2,2,2,27,-1,-1,-1,0,0,-1,43732,-772,38051,1236,49449,28923,15275,18820,23015,6031,7779,14843,0
261560,2,1,1,39,-1,-1,-1,-1,-1,0,9870,13200,-7214,18049,-4681,10044,724,7218,4731,7774,5615,6289,0
286209,2,1,2,24,-1,-1,-1,0,-1,-1,4275,202,22968,-183,10676,5985,5403,11018,8581,5222,5727,8260,0
207964,1,1,2,40,-1,-1,-1,-1,-1,-1,5998,10997,18738,19351,-15499,603,1123,13944,9986,3823,7292,11052,0
265251,1,5,2,49,0,3,-1,0,-1,-1,18009,-8540,40705,-361,2986,-94,5247,10252,7852,4756,10464,14050,0
73995,2,2,2,36,0,-1,0,0,-1,-1,22180,1891,6910,-20414,10547,4389,5564,329,755,1091,1117,1658,1
212274,2,1,1,38,-1,-1,-1,-1,2,-1,794,11134,16634,24736,8415,-2722,2788,17743,14103,4068,8422,7560,0
468750,2,1,1,42,-1,-1,-1,-1,0,-1,21543,-3435,47679,40115,21020,7803,7248,36466,25057,8343,14284,15595,0
328586,1,1,1,43,-1,-1,-1,0,0,-1,-8508,17441,33105,451,13586,1665,10837,5576,18173,824,10344,10127,0
244035,1,1,2,31,-1,-1,-1,-1,0,-1,23451,27216,-1949,2323,29714,2800,7141,17551,18173,1181,8989,10619,0
336024,2,1,1,30,-1,-1,-1,-1,-1,-1,3879,4571,15138,21522,9601,3234,4411,17182,12863,5850,7655,6913,0
129522,1,1,2,41,4,-1,-1,-1,-1,0,22887,28135,-19806,-12686,-1735,9325,2075,11154,5450,1099,6403,10895,0
226390,1,5,1,38,-1,-1,-1,0,0,-1,-36596,21226,58413,31630,7996,-7185,18619,6420,21336,3912,17181,14803,0
454645,2,3,2,38,-1,-1,-1,-1,-1,-1,6748,11786,36072,9980,20771,20743,7545,18326,20526,5873,10798,14422,0
289152,1,1,1,53,-1,-1,-1,-1,-1,-1,8179,1040,32932,25398,5843,-4574,6749,18909,13922,6829,9158,10375,0
126675,1,5,1,52,-1,-1,-1,-1,-1,-1,4415,22001,30108,35602,-6736,3862,6349,19901,16494,7616,10763,6360,0
237321,2,1,2,56,-1,-1,-1,-1,-1,-1,-2952,44389,1267,20254,-23304,11808,6642,5939,11634,3380,16073,10333,1
342204,1,2,2,30,4,-1,-1,0,0,-1,28963,-2695,2491,-18734,23683,17057,9483,7518,12132,1989,10467,21584,0
327792,2,2,1,42,-1,-1,-1,0,0,-1,15450,6070,31973,13040,31362,-10821,10000,9454,16681,5801,4616,10088,0
260853,2,2,2,33,-1,-1,-1,-1,0,-1,17814,21626,23544,33953,17367,22188,11753,21050,28896,6246,12496,17113,0
191617,2,1,1,38,0,-1,-1,-1,-1,-1,-16786,11981,20949,22315,-3478,-14783,6975,9193,5101,7079,10133,10078,0
277010,1,1,2,45,-1,-1,-1,-1,-1,-1,3122,20864,4111,9097,-11627,5121,4531,2141,10155,4899,7091,10068,0
415723,2,2,1,44,-1,-1,-1,-1,0,0,10495,3823,35217,15184,14699,17647,8496,8892,15733,6246,9968,10191,1
344130,2,1,1,53,-1,-1,-1,-1,-1,-1,-12706,28083,1935,17441,-12156,3935,4168,6836,14620,3183,12823,14722,0
62484,2,2,2,29,0,-1,-1,0,0,0,29876,10162,-1747,9371,30831,6827,9402,13800,10629,3417,2268,4978,0
350407,1,2,1,32,-1,-1,-1,-1,-1,-1,11627,13024,42423,19724,14401,12288,9703,22972,24232,8500,14933,17360,0
92649,2,1,2,34,0,0,-1,0,0,-1,27792,15793,-2928,-4382,-24,2465,784,8844,1178,1728,3497,8387,0
170186,2,1,2,38,-1,-1,-1,-1,-1,0,21084,15918,-29398,-6306,-19064,36009,5979,303,6857,5920,8964,13280,0
112019,2,1,1,36,0,0,-1,0,0,-1,-2073,20346,5110,19489,7758,-960,6703,9121,9851,1314,9963,7088,0
328780,1,5,1,46,-1,-1,-1,-1,-1,-1,-6176,14740,29292,23988,-3744,5787,5016,14572,16295,6588,14683,14303,0
86600,2,2,1,24,-1,-1,-1,-1,0,0,18945,-635,669,15039,7913,3868,3142,9690,4265,4888,1166,4676,1
112260,2,2,1,46,-1,-1,-1,-1,0,-1,10129,22645,5846,15526,-12428,5502,1089,13026,6805,2861,6101,4957,0
215407,2,2,1,25,-1,-1,-1,-1,0,-1,-2737,25312,13008,2022,29139,-9217,7988,4427,13998,1685,4504,7052,0
441712,1,1,1,49,4,-1,-1,-1,-1,-1,-13040,22859,21616,7681,7086,-12462,9454,6232,10840,5006,13783,15852,0
162702,1,3,2,64,-1,0,-1,-1,-1,-1,-20646,51480,19346,20029,-22130,1071,3180,7853,4431,5430,13488,6527,1
368945,2,1,1,28,-1,-1,-1,-1,0,-1,-2693,-689,33729,31046,20122,-18125,8069,15708,16726,6145,7798,9878,0
162177,1,1,1,48,0,-1,-1,0,-1,-1,-8525,2881,27643,10730,3464,-12397,8354,5289,9656,3462,9023,10680,0
187143,1,1,1,30,-1,-1,-1,0,-1,-1,-2272,3447,21174,7324,-14053,1951,4278,725,610,1376,9302,10754,1
25029,2,1,1,24,-1,-1,-1,0,2,0,7072,25995,16121,16310,14498,1467,7523,11216,14983,1813,4479,3241,0
180381,2,1,2,52,-1,-1,-1,-1,-1,-1,21422,20975,4624,31488,-17328,5993,2435,23464,8776,9230,8885,7219,0
391025,2,2,2,39,4,0,-1,-1,-1,0,35285,6770,-11754,-9317,10373,21614,418,12287,9440,5566,6366,11041,0
362816,2,1,1,33,-1,-1,-1,-1,-1,-1,-5483,14305,-704,19569,-6071,689,3637,10810,8387,8482,10583,12635,0
317172,2,1,2,39,-1,0,-1,-1,-1,-1,39923,4667,-13105,-13577,6584,21933,3414,2078,3616,5014,6645,9113,0
157844,1,3,1,44,-1,-1,-1,0,0,-1,-9468,-436,50064,46355,35444,-23439,13500,11411,17085,7782,5849,6277,0
69065,2,3,1,43,-1,-1,-1,0,-1,-2,1846,11039,24002,6811,-12435,4754,577,5218,1614,5369,641,1164,1
169284,2,1,2,27,-1,-1,-1,0,-1,0,31035,-11482,3132,-7165,15474,13249,7051,12542,3814,6192,6906,8894,1
192283,2,2,2,28,-1,-1,-1,-2,-1,-1,2960,11904,11014,9670,-10632,9260,3245,9421,3441,5853,5706,7674,0
118718,2,2,2,26,-1,-1,-1,0,-1,-1,-7430,-5689,2027,35589,-3993,-20283,6743,8096,3021,9126,4616,12821,0
449357,2,1,1,47,-1,-1,-1,-1,0,-1,5680,5291,47496,22459,5016,9827,5462,21816,18253,6353,15627,12588,0
343474,1,1,2,31,-1,-1,-1,-1,-1,-1,-9817,35426,-1691,11713,-6590,-11240,3320,6509,4013,7437,13541,13670,0
301574,2,1,2,40,0,0,-1,-1,-1,-1,14053,9647,-6566,12137,-3796,2528,4816,8799,781,4454,6821,10929,0
222837,1,2,2,59,-1,-1,-1,-1,-1,-1,16558,7730,-3329,4920,-7434,24244,2135,9002,7828,1589,7930,7575,0
326681,2,1,2,40,-1,-1,-1,-1,-1,-1,2746,2871,20624,19975,1290,4616,10682,16616,13853,9152,12980,15999,0
353869,2,1,2,33,-1,-1,-1,-1,0,-1,-12430,18273,33559,56791,12373,-5776,10983,19449,28036,6852,13234,12164,0
99784,2,2,2,48,-1,0,0,-1,-1,0,22919,38971,-23520,-14367,-6943,20801,193,546,2344,1057,1816,2166,0
216492,1,3,2,31,-1,-1,-1,-1,2,0,30162,30150,11208,-5320,11294,26920,8868,8988,19818,3246,8831,11554,0
378478,2,1,1,39,0,0,-1,-1,-1,-1,-3175,11029,22270,-1229,3297,9523,1471,9938,4473,2784,7431,6546,0
91237,2,2,2,43,-1,0,-1,-1,-1,0,42273,11668,-15121,-18440,17593,11716,4021,3629,3296,2614,1330,6439,0
81970,2,1,1,28,-1,-1,-1,-1,0,0,32983,11867,-19115,17324,6461,-4430,490,16401,7132,3239,1372,5237,0
273599,2,1,2,53,-1,-1,-1,-1,-1,-1,19994,21890,11355,14519,-4865,9071,8081,9532,15010,6193,10355,7770,1
281832,2,1,1,48,-1,-1,-1,-1,0,0,26901,8465,12497,-5242,3848,17132,816,19068,10023,4246,5391,6775,0
179608,1,3,1,54,-1,-1,-1,-1,-1,0,-7385,23583,16064,8568,-10901,13741,1344,8993,8580,4177,8032,2548,0
173336,2,3,2,34,-1,-1,-1,-1,-1,0,-14353,12389,34560,17574,113,-1657,4528,12982,11344,6905,5604,6836,0
160124,2,2,2,30,0,-1,-1,0,-1,-1,15045,5252,29018,1791,26852,3135,10696,10330,10212,5639,4758,7876,0
359760,2,5,2,44,-1,-1,-1,-1,-1,-1,-5714,25995,-5581,1392,-8293,5820,2417,8370,10683,5351,10493,12178,0
267336,1,1,1,38,-1,-1,-1,0,0,0,6502,11060,43022,7953,27136,-2358,14063,5676,20522,2799,8997,11958,0
155687,1,2,1,37,0,0,-1,-1,-1,-1,-796,3041,14249,19975,6025,-16924,2507,6299,1684,4761,4538,4197,0
106818,1,1,2,52,-1,-1,-1,-1,-1,-1,-15224,14311,33445,31393,16420,-16035,12663,12693,14471,8414,7279,9125,0
493320,2,1,1,27,-1,-1,-1,-1,-1,-1,6032,14786,3533,23375,7112,-845,3949,11150,22923,7404,13623,16276,0
372426,2,3,1,50,-1,-1,0,-2,-1,-1,-38007,8203,26118,26004,-12821,-3419,6049,2507,8181,6333,7586,3144,1
295180,2,1,2,23,-1,-1,-1,0,0,-1,32265,17487,10646,4170,32656,17085,9844,10840,16498,2599,8544,11932,0
412886,2,1,2,25,-1,-1,-1,-1,0,-1,38235,16583,25177,27475,26314,14719,11286,27709,24750,7277,17146,19538,0
222397,2,1,2,39,2,0,-2,-1,4,-1,22649,28353,-11675,-14585,6574,10094,3219,4734,3537,449,5471,6561,0
113094,2,5,1,44,0,3,-1,-1,0,-1,44593,17378,19630,5828,12091,22159,3094,25999,17553,937,8820,3468,1
224992,2,1,2,25,-1,-1,-1,-1,-1,-1,-6328,13188,6796,28906,12628,-20850,7329,15756,10236,6775,8175,10402,0
87823,1,2,2,33,0,-1,-1,0,-1,-1,13754,-806,23240,-5596,15688,-8501,5792,15025,5502,4667,2945,9747,0
195069,1,1,1,37,-1,-1,0,-1,-1,-1,7921,15980,7181,7657,-2919,4054,1959,7470,2850,3933,4826,4434,0
125166,2,1,1,43,-1,-1,-1,-1,-1,0,10092,8458,3880,29155,-3753,-2411,387,19989,1175,9719,4706,3455,0
186206,2,3,1,31,-1,-1,-1,0,0,-1,-7874,7699,22970,30426,6711,-11637,8116,4931,16862,2668,8003,7908,0
76732,2,1,1,31,0,-1,-1,0,-1,-1,9226,-2238,5040,11908,2088,-2549,6014,6207,4199,4772,3373,8557,0
135264,2,2,1,25,-1,-1,-1,-1,0,0,6882,-4487,10082,24099,8525,7194,5349,11820,14184,4232,7294,9091,0
282594,2,1,1,48,-1,-1,-1,0,0,-1,11745,4025,16891,-8707,18926,-4738,7628,3806,9175,1871,5852,5998,0
146258,1,1,2,24,-1,-1,-1,-1,0,-1,-13887,21932,20163,20569,-8256,-10759,2739,4108,5449,838,6385,8318,0
108881,2,3,2,38,-1,-1,-1,0,0,-1,151,16360,27864,16004,21791,-5285,10475,9626,14877,2367,3650,4734,0
153524,2,1,2,26,-1,-1,-1,-1,-1,-1,21653,19009,-25133,38740,-10453,1022,3152,19751,10947,8895,11756,15952,0
245710,1,2,1,41,0,-1,-1,0,-1,-1,22399,10389,12657,-15520,-4013,14159,2980,318,1578,2596,8544,5445,0
280610,2,1,2,44,-1,-1,-1,0,-1,-1,22499,16524,1856,2629,-12449,24582,5220,2892,8307,6514,6976,7456,1
273349,2,1,1,34,2,-1,-1,-1,-1,-1,28341,12375,-6246,2765,24199,18651,6482,20398,18101,6454,8522,13342,0
241380,1,1,2,41,-1,-1,-1,-1,-1,-1,-13697,44110,2274,20838,-31251,5819,2877,6253,3844,7203,14080,9808,0
373338,2,1,1,28,-1,-1,-1,-1,-1,-1,-7891,22259,-5654,14690,-6703,-11593,5465,3037,9445,4013,14537,14825,0
116610,2,1,1,51,-1,-1,-1,-1,-1,0,2294,19791,11368,47735,-7187,-11615,9926,8565,16004,10835,10572,8521,0
223922,1,3,2,26,-1,-1,-1,-1,-1,0,17322,-3427,17863,-5833,4761,12533,1613,12770,5501,7786,2796,10245,0
156485,2,1,1,28,-1,-1,-1,-1,-1,-1,-3574,19814,20904,34191,-2090,-9592,5063,11358,11415,5162,4436,7743,0
339194,1,1,1,32,-1,-1,-1,-1,0,-1,-17176,28467,6706,19877,13823,-18442,8006,1593,14198,2076,12093,12828,0
90545,1,5,1,50,0,3,-1,-1,-1,-1,29633,-19299,58724,46543,30513,-16430,11873,39003,17237,10491,9890,12127,0
17852,2,3,2,25,-1,-1,-1,-1,0,-1,17155,-10311,9762,32765,11514,-14442,5063,8954,7382,4634,748,5733,0
524915,2,1,2,43,-1,0,-1,-1,-1,-1,-23553,35733,7501,22326,6371,411,1856,12923,14267,4933,15715,8754,0
159455,2,1,2,34,-1,0,-1,-1,-1,0,9138,9644,-3410,-3307,8294,194,4573,3842,1950,4871,3808,5170,1
106206,2,1,2,37,-1,0,-1,-1,-1,0,37037,17437,-22036,4097,-11144,12160,410,6370,5123,2308,2898,9467,0
339091,2,2,1,46,-1,-1,-1,-1,-1,0,-19129,22773,697,6228,-1658,7232,484,1956,454,6709,6942,4344,0
325516,2,1,2,21,-1,-1,-1,-1,0,-1,9530,11738,19753,17937,29675,-12901,6635,19764,19447,3585,6229,11806,0
224841,2,2,2,57,-1,-1,-1,-1,-1,-1,11446,21218,-6637,11503,-13314,14519,7465,3007,11804,5568,7629,10700,0
284232,2,2,2,34,-1,-1,-1,-1,0,-1,-7887,-1935,31180,24099,-2694,420,2007,8560,9933,3766,5699,10224,0
304324,2,1,2,35,0,0,-1,-1,-1,-1,13798,12743,7145,-1457,7221,-10595,2198,3419,4529,3240,4881,9854,0
189053,1,2,1,38,-1,-1,-1,0,-1,-1,2749,22744,911,-13973,-692,24375,6665,2045,7975,3137,7839,7273,0
17790,1,1,2,53,2,0,0,-1,-1,-1,6147,32756,14169,4910,8953,2425,4413,12555,1304,2512,1961,487,1
277863,2,2,1,52,-1,-1,-1,-1,-1,-1,-1641,10412,-5870,24065,-18170,10018,1101,13946,6999,9901,9384,11157,0
243812,1,3,1,36,2,0,-1,-1,-1,-1,23437,13173,19236,-11126,19366,12787,1382,21489,10336,5134,4369,2759,0
66045,1,1,2,40,-1,-1,-1,-1,-1,-1,33042,19309,-18530,838,-23140,22028,1577,8454,3150,5532,6222,7396,0
312657,1,2,1,56,-1,0,-1,-1,-1,-1,-14351,40314,9103,7258,-788,-1325,772,2714,4317,4410,9427,5586,0
135557,2,2,1,42,0,0,-1,-1,-1,-1,34781,-5364,3219,6558,7343,1706,398,18899,5174,3149,2611,3460,0
316789,2,1,1,37,-1,-1,-1,-1,-1,0,17686,551,27289,13421,33564,9425,13088,16146,17581,8844,8774,10316,0
181068,1,1,2,30,-1,-1,-1,-1,-1,-1,14860,8548,22553,11739,12132,7492,9037,20945,17360,7542,9974,14906,0
392697,2,1,1,37,-1,-1,-1,-1,-1,-1,-1338,6326,8808,2151,-4663,1305,1071,3675,1908,6404,7091,9157,0
442310,2,1,1,39,-1,-1,-1,-1,-1,-1,-23025,28103,2659,18098,-14127,3191,1466,5509,8186,4566,12857,12520,0
186008,1,3,2,30,0,-1,-1,0,0,-1,13664,-8603,65164,15156,29260,-7118,7717,16762,10376,1581,4242,7247,1
379607,1,1,1,35,-1,-1,-1,0,-1,-1,-4626,4094,36600,-3672,18180,4864,15888,7684,19045,7064,15246,22142,0
307982,2,2,2,31,-1,-1,-1,-1,0,-1,14664,26233,31561,39739,24574,11172,13208,22714,30198,6339,14021,14295,0
217376,2,1,1,46,-1,-1,-1,-1,0,0,6302,21248,12816,8433,8650,2369,5636,8284,12067,3206,5087,4515,0
86699,2,3,2,37,-1,-1,-1,0,-1,-1,21062,-15143,8648,27441,-4109,8964,5843,10411,6928,7150,2514,7315,0
264642,2,2,2,29,0,3,-1,0,-1,-1,23426,-12801,22283,10566,13040,7849,4633,9384,6187,7955,5269,11937,0
181544,1,2,2,43,-1,-1,-1,0,0,-1,-4379,7327,31179,36892,-6316,-2219,7283,10327,12336,3959,9766,11091,0
551035,2,1,2,44,-1,-1,-1,-1,0,-1,55568,20508,13264,1706,12553,40267,5695,22567,25129,5401,14698,15460,0
322247,2,1,2,29,-1,-1,-1,-1,-1,2,-7968,18862,11283,21169,-11222,-6730,3312,413,7277,6853,9418,11674,0
295305,2,3,2,43,-1,-1,0,-1,-1,0,13656,9937,-624,4442,12223,6889,4005,2196,2902,7323,1097,2821,0
425397,1,1,1,23,-1,-1,-1,-2,-1,-1,1204,10216,31247,22766,4592,1076,12837,10304,13204,9035,17817,20299,0
271505,1,3,2,39,-1,-1,-1,0,0,-1,-19496,19621,35258,15638,5772,-14931,6524,5644,10783,1190,6543,7719,0
212835,1,2,1,38,-1,-1,-1,0,0,0,10834,11103,-2511,-12715,-10345,24511,1845,432,3698,1135,7492,11776,0
297182,2,1,2,40,-1,-1,-1,-1,-1,-1,4242,31471,-15824,18444,-14350,2560,4431,9039,7591,7117,9844,11537,0
11990,2,2,2,35,0,0,-1,0,-1,0,31546,7973,1176,-11443,1896,7123,1570,6489,1357,1777,478,3045,1
147481,2,2,2,31,0,0,-1,0,-1,-1,-1011,14747,-5348,11247,-8266,16606,3198,4452,1517,5790,4593,8941,0
19675,2,2,2,29,-1,-1,-1,-1,-1,0,30108,17179,-21551,5263,-6732,7732,769,6637,8025,1684,1815,6364,0
261299,2,1,1,40,-1,-1,0,-1,-1,0,54396,14198,1122,11101,25060,19927,11959,9070,17463,10018,8390,8918,0
161577,1,3,1,38,-1,-1,-1,0,0,-1,-8391,8444,43271,24774,4335,-7511,4317,11746,11882,3361,6660,2896,1
123704,2,3,2,38,0,0,-1,-1,-1,-1,6031,17263,-5425,15933,-5966,3309,4542,3662,4694,3766,3988,6373,0
341070,1,2,2,41,-1,-1,-1,-1,-1,-1,30164,22087,-9260,-33886,-14583,36383,497,4049,3358,4823,6557,8172,1
76838,1,1,1,50,-1,-1,-1,0,0,0,3945,25684,19488,27393,21695,-1388,16260,2695,19416,346,7177,9834,0
103470,2,2,1,44,0,-1,-1,-1,0,0,4391,25937,2465,557,18476,4232,7787,653,12635,1002,6694,1994,0
370714,2,2,1,27,-1,-1,-1,-1,-1,-1,-9200,22170,12734,25874,8660,-8180,5727,5792,15209,7158,8744,13074,0
236692,2,2,2,24,-1,-1,-1,0,0,0,21791,1525,27779,-45,22048,16969,7422,10287,11031,5999,4621,10567,0
25632,2,1,2,57,-1,-1,-1,-1,-1,0,23835,16363,-9655,25106,-20637,15162,2837,20535,8207,8690,4880,3167,0
298710,2,3,1,52,-1,-1,-1,-1,-1,0,-10750,14525,11148,35415,-15965,6541,327,13415,13427,9355,9262,4145,1
261751,1,2,1,43,-1,-1,-1,-1,-1,-1,7174,7813,12170,21040,-22183,222,4006,13670,4746,10095,12239,12974,0
283152,2,2,2,40,-1,-1,-1,-1,-1,-1,-1227,25775,10288,14391,5863,4081,5266,9611,17633,5356,11499,12033,0
148530,2,1,2,33,0,-1,-1,0,-1,0,24134,-1553,11653,-10494,14191,21887,7755,9677,6969,3277,4386,9164,0
446366,2,2,1,39,-1,-1,-1,-1,-1,-1,-851,12676,7429,10671,1392,11143,1020,10764,12172,5323,7940,5475,0
305480,2,1,2,45,-1,-1,-1,-1,-1,-1,15538,31890,467,9406,-3693,11692,7447,6476,14597,4131,15656,12501,0
259097,1,1,1,41,-1,-1,-1,-2,-1,2,-13889,40387,11288,16382,-5775,10077,11431,2536,18339,5933,11850,13508,0
89477,2,3,1,38,0,0,-1,-1,-1,0,28141,7950,-2129,-4136,10756,1740,3239,4665,4217,2300,3966,3158,0
392402,2,3,2,44,-1,-1,-1,-1,-1,0,17662,14340,42570,25417,27330,25234,12211,19283,23606,10672,11939,11740,0
196451,2,1,2,32,-1,-1,0,0,0,-1,13705,9523,5812,5684,13051,-4938,10398,966,10864,2174,5366,8002,0
148017,1,1,1,44,-1,-1,-1,-1,0,-1,9756,4092,16542,29672,-1957,-2233,5476,14409,14156,2137,8935,7425,0
250844,2,3,1,42,-1,-1,-1,0,-1,-1,-8474,9571,26056,3501,1071,-544,4186,6295,4084,2803,6092,4419,0
307427,1,1,1,32,-1,-1,-1,-2,0,-1,1739,10418,32849,29424,-1525,2242,6908,8388,12637,5935,9952,10284,1
127869,2,1,2,38,-1,-1,-1,-2,-1,0,11125,16947,15617,11799,1905,18488,6206,11512,12158,6663,7546,4175,1
155072,2,2,1,32,-1,-1,-1,0,-1,-1,-17716,12254,26402,7131,-1833,-18860,3967,2513,294,2798,4044,4310,0
364853,2,3,2,23,-1,-1,-1,-1,0,-1,26590,2322,20782,2181,9979,20511,6379,17622,17668,3525,11330,17573,0
396511,2,1,2,32,2,0,-1,-1,0,-1,37407,-377,25935,17143,25699,6571,9626,25266,17259,6593,10524,13942,0
125439,1,2,2,25,-1,-1,-1,-1,-1,0,26314,18903,-28402,-11681,-4486,17422,485,693,813,3079,1560,7787,0
242135,2,1,1,42,-1,-1,-1,-1,-1,0,33735,-1918,12964,24125,5826,5156,1022,29915,13953,6913,6841,6731,0
107698,1,3,2,44,-1,-1,-1,-1,-1,0,6269,26551,8261,14090,-1117,-118,6169,8793,12986,5542,6290,6471,0
223179,2,1,2,36,-1,-1,-1,0,-1,-1,-11531,18701,12685,8162,-7025,-15802,4184,1525,2650,4327,3623,8500,0
147878,2,1,2,28,-1,-1,-1,-1,-1,-1,6391,24460,2035,4159,876,7292,2635,10669,8337,3620,5394,7829,0
432548,2,3,1,34,-1,-1,-1,-1,-1,-1,-27976,16879,31069,28213,26608,-22328,4766,18464,13974,9094,7384,11081,0
466150,2,1,1,33,-1,0,-1,-1,0,-1,-2025,29658,-7381,5559,-1204,5997,992,1956,6419,2785,11131,12901,0
259446,1,1,1,41,-1,-1,-1,-1,-1,-1,-15397,7400,13859,24530,-8101,-17944,2167,2722,6265,2210,9831,13788,0
301614,2,3,2,44,-1,-1,-1,-1,-1,-1,7110,20482,14382,20069,-10583,6308,1907,12847,9454,7561,7684,7495,0
63277,1,1,1,31,-1,-1,-1,0,-1,-1,-2602,12001,30563,24203,-3505,-4634,3388,17257,7139,3146,7953,7322,0
193488,2,2,1,47,-1,-1,0,-1,-1,0,17404,28838,-14730,-8993,-9913,13225,1628,1177,4690,2224,5398,4567,1
195176,1,1,2,35,-1,-1,-1,-1,-1,0,10706,14762,-16972,9472,-21243,15200,129,10904,7341,4453,10482,12349,0
326913,2,1,2,37,-1,-1,-1,0,0,-1,-18190,16025,46932,23181,29815,-14953,12891,12364,19221,5042,10954,9990,0
449913,2,3,1,26,-1,-1,-1,-1,2,0,13675,27274,17922,25590,24459,30837,7980,20817,30232,7647,14043,15813,0
353233,1,2,1,57,-1,-1,-1,-1,-1,-1,-6370,15389,-4553,-6042,-18255,18588,4790,2420,4923,3778,11461,10985,0
99146,2,2,2,47,-1,-1,-1,0,0,0,29841,8755,25536,13050,8769,19482,8522,11193,13220,599,5963,5914,0
167958,1,1,1,47,-1,-1,-1,-1,-1,-1,-900,21547,7483,18551,-13551,4828,5586,13361,11272,7168,12280,12603,0
216024,2,2,1,37,-1,-1,-1,0,0,-1,-10555,12839,16533,6190,6312,2374,4514,3983,12018,641,3125,2570,0
139718,2,1,2,39,-1,-1,-1,-1,0,-1,2022,17344,10557,21834,-953,1691,6673,11497,11826,2887,9253,8160,0
301808,2,1,2,29,0,0,-2,0,0,-1,21908,-1069,-869,3733,-1272,7103,2996,2651,2441,3387,2170,8101,0
381438,2,1,1,41,-1,-1,-1,-1,-1,-1,-11814,6379,1062,14037,-4787,3853,4672,5911,7172,6172,9247,8130,0
348162,2,1,1,23,-1,-1,-1,-1,-1,0,18474,-7170,-3560,-13362,2252,19555,43,14315,7760,5304,7206,11369,0
269208,1,1,1,55,-1,-1,-1,-1,-1,0,30751,22135,-3922,-5134,352,30368,4613,14818,14505,2331,12693,9939,0
197696,1,1,1,38,-1,-1,-1,0,-1,0,18848,17099,13488,11167,8228,20393,15002,7995,24190,4893,11150,13236,0
113271,1,2,1,46,-1,-1,-1,-1,-1,-1,-16848,-1733,21598,35766,9232,-26948,1997,4393,756,6738,4,898,0
133944,1,2,1,48,1,-1,-1,-1,-1,-2,11713,17167,-6314,2625,8261,-1162,2771,5843,2601,2621,888,822,0
109515,2,1,2,31,-1,-1,-1,0,-1,-1,41219,-3462,-14599,-19602,1083,31865,6424,3401,80,989,3316,1031,1
418803,2,1,3,32,1,-2,-1,-1,0,-1,1665,17562,-7493,3347,19205,-19726,3321,951,2755,1473,576,3414,0
352598,2,1,2,38,1,0,-1,-1,-1,-1,-10642,27186,467,-864,1555,5386,632,5015,1023,2201,1588,2266,0
214941,2,2,2,40,-1,-1,-1,-1,-1,-1,11207,13262,-15479,-15409,1764,18349,5478,2356,1491,233,2900,108,0
79331,2,1,1,41,1,2,2,0,0,-1,3200,-11068,7272,2365,10957,-4429,569,1121,806,167,385,499,1
63872,2,1,2,42,-1,-1,2,0,-1,0,36979,-8196,-15773,-16984,6654,31627,4773,4894,369,320,3316,438,0
245443,2,2,2,36,1,-1,-1,-1,-1,-1,-13731,28155,-5570,3845,-6763,8708,2998,1654,30,328,3952,274,0
111114,2,1,2,44,-1,-1,-1,-1,-1,-1,35840,6547,-8191,-13674,-7894,28866,3983,8424,585,2610,1727,219,0
102683,1,3,2,64,-1,-1,-1,0,-1,-1,3598,16497,12618,-6465,-12057,11108,8830,3193,585,4376,237,241,0
79880,1,1,1,49,-1,-1,-1,-2,-1,0,28076,1436,-9624,7684,1266,9433,2855,2697,36,3695,2255,795,0
168263,1,1,1,62,-1,-1,-1,-1,-1,-1,-9470,38615,-38,2301,-10304,2450,10534,225,680,4872,2541,920,0
401644,2,5,1,46,3,-1,-1,2,-1,-1,8581,-9937,17279,-25594,12246,6939,4984,1922,242,2656,1004,355,1
67082,1,2,2,27,-1,-1,-1,-1,-1,0,34160,23878,-21951,-14012,-6332,43813,13316,7839,710,3517,5743,671,0
138474,2,2,2,43,1,0,-1,-1,-1,-1,4115,7376,905,-1760,5385,-209,915,8444,767,778,1500,975,0
426988,2,1,1,43,1,-2,-1,-1,-1,-1,8813,19863,7815,-8471,13749,-6127,5444,5204,3498,2014,3362,1835,0
200688,2,1,2,25,0,0,0,0,0,0,18785,36027,17920,14908,14482,4253,7994,6156,3596,2329,1260,807,0
201279,1,1,1,35,-1,-1,-1,-1,-1,-1,-16705,-18225,7889,26403,1665,-8696,1314,7495,5683,4134,3286,2805,0
173511,2,3,2,30,0,0,0,0,0,-2,74177,63227,58088,-32654,17028,27847,11830,6376,743,4261,4274,2766,0
180655,2,2,2,42,0,0,0,2,0,0,21130,25087,27751,-15411,12665,20300,2669,4620,8,768,5818,249,0
315332,1,2,2,29,-1,-1,-1,-1,-1,-1,17283,10196,-23227,-6468,5681,14547,6305,4784,6942,2372,4556,4888,0
219497,2,1,2,26,-1,0,-1,-1,-1,-1,13214,-219,3955,-20016,9713,18089,674,8312,1331,375,6073,3084,0
289041,2,1,1,41,-1,0,-1,-1,0,-1,-5840,16919,9849,-2717,4752,9325,4941,172,3440,1560,3363,657,0
266861,2,2,1,32,-1,-1,-1,-1,-1,-1,675,24,524,5023,-5047,16538,2105,4199,4347,1689,4060,1174,0
211929,2,2,1,33,-1,-1,-1,-1,-1,0,15106,-1344,-13691,13792,-9031,15521,1235,2218,4110,1812,5184,1343,0
442045,1,1,1,37,-1,-1,-1,-1,-1,-1,-18001,-27830,-6570,2313,3391,9347,8288,3499,8883,5054,5806,10892,0
144128,1,1,1,31,-1,-1,-1,-1,-1,-1,4345,-8442,5173,19897,3082,-3018,525,4614,6890,2582,4002,1475,0
139175,1,2,2,32,-1,-1,-1,-1,-1,0,97,-12442,-17328,7703,4108,14616,1397,3396,6589,2144,3463,4048,0
252758,1,1,1,52,-1,-1,-1,-1,0,-1,-10718,-22287,31148,20178,-3243,-5577,1058,14832,1637,3829,3389,3687,1
163937,1,3,1,43,1,-1,-1,0,-1,-1,16688,6143,17371,-1935,-8477,3196,2962,2608,1496,3457,4560,2749,1
260618,2,3,2,25,-1,-1,-1,-1,-1,-1,-19668,-20354,4880,5322,-404,8083,2842,6240,896,5530,5753,2764,1
258478,2,2,1,28,-1,-1,-1,-1,-1,-1,2815,2735,3434,7940,-12693,11647,3047,2365,1547,2155,3109,573,0
213614,1,3,1,36,-1,-1,-1,-1,-1,0,-3861,2210,10585,11527,8467,-11095,3097,6132,2793,2966,1308,505,0
154584,2,2,2,28,-1,0,0,0,0,0,23827,41983,1185,-21961,16843,21543,8162,1710,775,917,1351,2936,0
298736,2,1,2,26,-1,-1,-1,-1,-1,-1,44358,-27624,-21063,-23080,8175,29158,1671,6505,8223,817,11565,6673,1
340120,2,1,1,36,-1,-1,-1,-1,-1,-1,-8304,-26439,11524,33266,5854,-20545,6711,12436,8814,6577,7373,4185,0
184153,1,1,1,26,-1,-1,0,-1,0,0,-7572,20609,7887,16689,12307,-7584,2665,4632,3761,501,944,970,0
164262,2,1,2,25,2,-1,-1,-1,-1,-1,8174,3059,-9442,8519,14742,-100,3085,10216,2738,1592,4486,2478,0
66393,1,1,2,45,0,0,-1,-1,-1,0,67900,-4757,-6077,-11649,532,19280,1499,3590,4272,478,4021,2085,0
203995,2,1,2,42,-1,0,-1,-1,-1,0,3735,10567,10189,11940,823,7232,3398,2864,1317,2901,2394,37,0
126369,1,1,1,21,0,0,0,0,0,2,-15497,34798,19441,14831,18105,-2104,6882,6147,1360,4266,968,1624,0
195789,2,2,2,35,-1,-1,0,-1,0,0,11280,17124,-15025,-8994,7789,18748,3576,475,2720,1320,3648,890,0
116521,1,3,2,52,-1,0,0,-1,-1,0,12532,31311,26082,-6656,-2649,3469,2498,8932,969,1954,3559,233,0
202163,2,2,2,30,-1,0,-1,0,0,-1,-3814,15271,1579,11286,9230,8803,3732,9353,359,2828,2338,1541,0
239667,2,1,2,33,-1,-1,-1,-1,-1,-1,-1970,-11785,-18959,18697,-723,6693,4843,659,7133,5492,7207,5896,0
92044,2,2,2,29,-1,0,-1,-1,-1,-1,8712,29632,16999,4731,-11724,3053,1348,5941,2687,2447,1708,98,0
313505,1,3,2,31,-1,-1,-1,0,-1,-1,-12060,3211,-9328,-13546,-1234,25560,5234,3852,3089,3308,3814,1955,0
268576,2,1,1,32,-1,-1,-1,-1,0,-1,6146,6458,7587,-5152,-232,8606,3897,4205,2839,1312,3677,2708,1
371492,2,2,1,36,-1,-1,-1,-1,-1,-1,7208,-21664,-29120,-20585,2500,33057,2560,9536,1646,1384,4961,8509,0
164492,1,2,2,37,-1,-1,0,-1,-1,0,33618,8923,-9187,-20334,885,26247,1886,2691,8672,546,8437,3334,0
431172,1,2,1,34,-1,-1,-1,-1,-1,-1,-5049,-31147,-32955,-7202,13489,22737,8568,666,6085,3802,8907,12447,0
283512,1,1,1,39,-1,-1,-1,-1,-1,-1,-21959,-7124,30700,31226,4398,-21549,2085,8701,3109,3487,3773,1939,0
220521,1,2,1,23,-1,-1,-1,-1,-1,-1,-1176,-4329,7190,15243,7444,-6543,1212,2437,9380,1194,7405,3812,0
231975,2,1,1,29,0,0,0,0,0,-1,21643,20886,16966,-10908,7667,15845,4491,3756,1150,1752,3534,2544,0
294555,1,1,1,44,-1,-1,-1,-1,-1,-1,1636,389,-14170,8135,9491,1150,6393,6622,2910,4140,3254,944,0
123035,1,2,2,44,-1,-1,-1,0,-1,0,5508,24892,-1174,11624,-7229,10219,3356,2058,99,3485,1919,1569,0
157753,2,1,2,23,-1,-1,-1,-1,-1,-1,28860,-8026,-16002,16263,-14156,8519,1407,2564,5641,4664,5266,4348,0
97985,2,1,2,32,2,-1,-1,-1,-1,-1,27361,-4101,7977,13629,2372,-269,2857,1400,4983,2304,4464,2956,0
283071,1,2,1,44,-1,-1,-1,-1,-1,-1,-12714,-16478,21518,7693,16573,-13467,4659,2617,6772,3943,7957,4104,0
227169,2,3,1,33,-1,-1,-1,-1,-1,-1,-11251,-20195,6756,22523,2036,755,3693,3022,7190,4822,2516,5134,0
248246,1,1,1,46,0,0,0,0,0,-1,-2171,51919,48416,6288,25208,-8398,13034,79,6491,6127,2657,560,0
184703,2,3,2,34,0,0,0,0,0,-2,50083,25795,30776,-34625,906,36730,5862,7606,1607,2256,1844,1425,0
199269,1,1,1,29,-1,-1,-1,-1,-1,-1,-2010,-705,-5451,7265,7049,-7414,1268,6963,2115,2271,2041,1446,0
138878,1,2,2,30,0,-1,-2,0,0,0,19410,20549,7266,6452,4366,16103,5181,2156,4052,4758,973,1260,0
244120,1,3,1,24,-1,-1,0,0,-1,0,37213,15735,22302,-21788,-2301,23560,4777,3049,755,1704,689,3841,0
257582,1,1,1,42,-1,-1,-1,-1,-1,-1,17378,-16053,13305,323,7207,7755,1989,5128,1713,2838,4633,5108,0
256340,2,2,1,29,-1,-1,-1,-1,0,-1,9963,-20319,-6786,3187,3143,5493,2656,4209,3682,2639,4324,5756,0
78353,1,2,1,44,0,-1,0,0,0,-1,7460,-8606,18932,-5337,17647,1963,2624,1898,358,4044,4052,1195,0
206801,2,3,1,50,-1,0,-1,-1,-1,0,25242,10010,16805,8210,-15382,11547,3437,4735,3432,2210,1982,231,1
166908,1,1,1,24,-1,-1,-1,-1,-1,-1,-11215,3331,7761,8126,2035,-2759,2196,640,4777,2067,6442,1992,0
276414,1,1,1,42,-1,-1,-1,-1,-1,-1,-1398,-15901,26220,10226,13696,851,217,14627,6780,3281,7164,649,0
216908,1,1,2,30,-1,0,0,-1,-1,0,30481,-3007,2594,-22669,-2214,24865,22,4930,483,1907,6663,2414,0
190486,2,2,1,37,-1,0,0,-1,0,0,39309,21643,-384,-3123,-4337,22832,3772,5364,5385,1466,3709,701,0
304613,2,1,1,31,-1,-1,-1,-1,-1,-1,-3687,-21082,-3058,30268,5222,-5274,3093,8308,8965,5110,7122,2246,0
188898,2,2,2,40,-1,-1,0,0,-1,0,11835,11879,-2833,-6733,-11006,27412,2134,2700,1171,1962,3370,508,0
224643,1,3,1,23,2,0,-1,-1,-1,-1,28429,-3003,31846,-24091,19478,-5698,4569,9494,443,1343,5339,4666,0
129647,2,2,2,21,0,0,-1,0,-1,-1,12006,-4757,19859,-21319,10507,12139,1884,3311,103,2399,3739,4547,0
322083,1,1,1,47,-1,-1,-1,-1,-1,0,4625,-17100,-7913,7729,10488,14372,2072,7392,10535,2467,8207,3059,0
323885,2,3,1,47,-1,-1,-1,-1,-1,-1,-2616,16,16099,5903,-3239,1931,5036,5880,3902,3027,1471,763,0
70083,1,2,2,21,0,0,-1,0,0,-1,20281,18891,13739,4743,22899,-8432,3540,8087,710,2690,213,1028,0
299310,2,1,1,28,-1,-1,-1,-1,-1,-1,2535,-1880,11576,-6820,14730,3110,2654,10581,2141,1553,3319,372,0
161153,2,1,1,31,-1,-1,-1,-1,-1,-1,-17812,287,11552,35872,5839,-13726,2253,3843,7497,2881,4293,721,0
182746,1,1,2,44,-1,-1,-1,-1,-1,2,25221,14689,-2406,-151,-17434,22875,3494,713,2965,2940,442,1335,0
152803,2,2,1,31,-1,0,0,0,0,-1,2612,17096,25553,26215,-2722,3864,2751,5216,1585,3474,2622,599,0
377143,2,1,1,30,-1,-1,-1,-1,0,-1,-15826,-19455,-8083,5178,18385,1277,3752,4340,6109,3247,5266,3143,1
119282,1,1,1,32,-1,-1,-1,-1,-1,0,37765,-12565,-7964,-7056,-1785,10374,568,7015,717,2480,1201,3943,0
181606,1,2,1,35,0,0,0,-1,0,-1,31805,22922,11821,-11170,5609,9866,5678,2173,4631,1919,4517,2226,0
121539,2,2,1,38,-1,-1,0,0,-1,0,19527,1982,-15839,-10600,1716,21360,1101,1241,3168,1404,3069,2386,0
348071,2,1,1,31,-1,-1,-1,-1,0,-1,-21073,-2522,-20425,10265,5575,15830,7361,3051,3316,2328,595,4201,0
262184,1,2,1,28,-1,-1,-1,-1,-1,-1,12368,-13270,-17094,-3245,-2208,10577,1785,3849,5546,2302,6302,5631,0
275883,2,1,1,30,-1,-1,-1,-1,-1,-1,-2297,-14417,12276,18113,-4886,-3553,2575,7243,4427,4684,6695,3276,0
249343,1,1,1,38,-1,-1,-1,-1,-1,-1,14742,-19846,-2862,505,1853,7997,3458,1652,7922,2158,9108,6600,0
167928,1,1,2,48,0,0,0,0,0,0,41322,59808,35128,-2353,18163,15051,7553,9158,3220,2861,2886,174,0
260236,2,1,1,38,-1,-1,-1,-1,-1,0,-3224,-11868,-33012,13903,-4150,19793,3903,525,8357,2262,5178,4614,0
153656,2,1,1,21,0,0,0,-1,0,-1,47813,17440,-2218,-11271,2029,17791,4926,343,3258,2236,4537,1317,0
240133,1,1,1,50,-1,-1,-1,-1,-1,-1,507,16332,8186,8390,-1060,-5535,4497,3088,2594,2407,468,1438,0
36015,1,2,2,29,-1,-1,-1,-1,-1,-1,18888,8188,-10466,4734,2939,-3409,1916,76,2175,1292,404,2709,0
124138,1,2,1,66,-1,-1,-1,-1,0,-1,6926,-8575,11687,19265,-1902,2459,3958,2360,7006,4095,1838,1846,0
312375,2,2,2,31,-1,-1,0,0,0,0,-7233,1234,20307,-10186,16064,17475,654,12983,1106,1216,3519,83,1
43922,2,1,2,28,-1,0,-1,-1,-1,-1,40145,-18119,-3843,18968,590,-1105,1506,804,8372,1497,10755,7639,1
160243,1,1,1,35,-1,-1,-1,-1,-1,-1,5335,-8683,-4590,9241,-6850,11103,139,5711,3236,3788,1208,1447,0
377013,2,1,2,33,-1,-1,-1,-1,-1,0,16863,-1974,-24434,-28773,-3781,27916,3103,9946,2048,349,5124,4536,0
203885,1,2,2,33,-1,-1,-1,-1,0,-1,-2319,16329,7578,-4220,1329,7293,2554,792,7902,2136,6903,1219,0
81681,2,2,2,28,0,0,-1,-1,0,-2,43206,39661,14514,7097,706,5503,4055,8998,2758,423,758,290,0
183668,2,3,1,39,1,-1,-1,0,-1,-1,13354,-9443,28222,-4804,-1207,-6742,1829,7645,297,2843,1937,2219,0
211622,2,3,2,33,-1,0,-1,-1,0,-1,21233,-16145,3840,-1208,8530,4741,2412,5078,1621,1987,4936,2397,0
217859,1,3,1,40,-1,-1,0,0,0,0,-10574,-570,29542,-9619,-403,15833,874,3862,80,1646,1939,1928,0
262630,2,3,2,37,-1,-1,0,0,-1,0,13829,33851,5962,2506,-5652,43876,6056,10995,1229,2611,1213,324,0
342535,1,1,1,40,-1,-1,-1,-1,-1,-1,16358,-10046,-791,-17264,-4612,20524,2173,1086,135,1247,4781,3992,1
78965,2,1,2,31,-1,-1,-1,-1,-1,-1,-7383,-7911,-1247,15532,679,149,595,3346,2472,3279,3087,2784,1
335949,1,1,1,42,-1,-1,-1,-1,-1,-1,12357,-15388,21687,-6940,-5708,2959,1583,11023,494,1689,5612,2702,1
177565,1,1,1,36,-1,-1,-1,-1,-1,-1,28169,-8635,-4108,3532,-13487,28294,2128,3574,7088,3925,5885,2740,0
342862,2,1,2,29,-1,-1,-1,-1,-1,-1,-15655,-26897,6467,13647,9379,385,2937,8393,883,3273,1420,5593,0
90672,2,3,2,39,0,0,0,0,-1,0,29812,15086,28406,727,1738,8778,1965,11939,468,1373,1720,230,0
148000,2,2,1,41,-1,-1,-1,-1,-1,-1,-18655,1134,19617,25952,2344,-13528,3346,7137,5186,4517,3658,507,0
277575,1,3,2,37,-1,-1,-1,-1,-1,-1,17792,-7914,7314,-8474,-6724,7453,3793,5634,2919,3048,3346,3608,0
341771,1,2,1,39,-1,-1,-1,-1,0,-1,-20662,250,11765,-1974,-4389,12240,4153,1637,4433,2149,4407,2796,0
80420,2,2,2,33,0,0,0,0,0,-1,41356,20812,14313,-89,-12938,11713,5504,1414,2147,3668,696,1820,0
109568,2,3,2,28,0,0,-1,-1,0,-1,25305,18688,28648,21429,2467,-1758,4514,3455,3604,2062,133,864,0
186038,2,3,1,22,0,0,0,-1,-1,-1,17465,7127,17473,-17834,-2487,15083,1724,1934,5563,161,7645,1877,0
131541,1,2,2,34,-1,-1,-1,-1,-1,-1,8873,7364,4635,746,1751,1195,1154,4934,1368,2072,2336,1366,0
122149,2,1,1,43,0,0,0,2,0,0,27692,-6786,14269,-4612,-951,12110,43,4807,373,2335,3646,10,1
253288,2,1,2,36,-1,-1,-1,-1,-1,-1,6158,-6413,-6965,-4743,-7555,18117,4029,1986,92,4243,5089,3836,0
188126,1,1,2,31,0,0,0,0,-1,0,25499,62162,22530,4475,7590,11438,7988,8673,4187,2742,3230,691,0
148213,2,1,2,40,-1,-1,-1,-1,-1,-1,18913,-15838,-4795,16609,457,-2630,3494,4406,5828,3973,3544,4264,0
275916,1,1,1,40,-1,-1,-1,-1,-1,-1,-12994,2860,12426,11943,-243,-5197,3245,4726,5666,3621,3817,1894,0
209083,2,2,1,27,-1,-1,0,0,-1,0,16796,5622,6112,445,-4702,15389,2955,6674,299,2119,1129,1635,0
149807,2,2,1,36,0,0,-1,0,0,-1,24569,27666,20003,1153,2692,8492,5248,6032,4599,3163,2141,517,0
308281,2,1,1,23,-1,-1,-1,-1,-1,-1,8541,-28154,6183,6977,4999,9820,2593,9995,2294,3512,4955,5446,1
186722,1,1,1,44,-1,-1,-1,-1,-1,0,6550,137,-8713,22216,5883,-4509,2073,7699,5542,2668,3126,1013,0
234276,1,1,1,36,-1,-1,-1,-1,0,-1,-12146,15772,11480,12489,12893,-9885,2366,4611,3568,226,2021,1598,0
171999,2,1,1,43,-1,-1,-1,-1,-1,-1,21403,-31973,5244,17889,-8043,383,332,9758,3037,4156,4971,6494,0
228183,1,1,1,34,-1,-1,-1,-1,-1,-1,5622,5508,8140,-7354,93,3143,3853,4487,370,3032,1463,4659,0
176119,2,1,1,24,-1,-1,0,0,0,0,7302,7126,-7609,7585,20702,10311,2012,3917,3052,437,5018,179,0
228323,2,2,2,48,-1,-1,-1,0,0,-1,14460,14896,5639,399,-4797,17887,4469,6686,288,2350,495,2218,0
260447,2,1,2,24,-1,-1,-1,-1,-1,-1,23323,-5778,-26802,-3481,2832,18487,3974,4844,2665,1456,1363,4596,0
144071,2,1,2,32,-1,-1,-1,-1,0,-1,-6019,-5793,-7188,10424,13730,-13634,4606,507,1705,2534,223,4477,0
306607,2,3,1,33,0,-1,0,0,0,0,-2888,12649,14631,4197,18535,4757,6271,2537,3098,1513,564,958,0
200234,1,2,1,37,-1,-1,-1,-1,-1,0,-2797,17153,-9658,6679,6132,8981,2386,2256,7197,766,6538,44,0
102814,2,1,1,42,0,0,0,-1,0,-1,42289,19262,27971,11861,-6493,6657,3191,1378,6321,3416,6017,240,0
321023,1,1,1,44,-1,-1,-1,-1,-1,-1,-15422,-18180,25019,5435,2557,-6924,2904,6052,619,3682,1319,4066,0
230896,2,2,2,28,-1,-1,-1,0,0,-1,1500,12883,-8074,11295,-13414,8439,6811,878,820,3608,883,2769,0
305684,1,3,1,34,-1,-1,-1,-1,-1,0,-28733,12222,-223,11568,10515,2443,4502,9968,2700,427,79,402,0
170300,1,1,2,33,2,0,-1,-1,-1,-1,38093,-7433,-12728,-12134,21372,8224,2808,5006,4939,1076,4835,5231,0
163117,2,2,2,24,-1,-1,-1,-1,-1,-1,18350,-42385,-17227,4600,12722,4560,3598,1603,4464,5182,5580,11167,0
182221,1,1,1,45,-1,-1,-1,-1,-1,-1,5304,-12264,3289,11540,-3875,-3226,3105,1414,3282,3518,662,1813,0
286376,2,1,2,29,-1,-1,-1,-1,-1,-1,42641,-39378,-40251,-21076,6774,32153,3990,221,3201,3603,10169,12427,0
144521,2,2,2,29,-1,-1,-1,-1,-1,-1,1813,-14522,-11487,3892,18150,-3255,5039,2754,1957,4479,3925,5463,0
153435,1,3,1,40,-1,-1,-1,-1,-1,-1,-898,7361,23184,16121,-2618,-10731,1758,3608,5240,3278,2075,343,0
154560,2,2,2,28,-1,0,-1,-1,0,-1,13034,21750,18427,-15818,-2917,14378,201,6773,1380,75,2198,151,0
126498,2,2,2,34,2,-1,-1,-1,-1,-1,18928,10889,-3200,3509,9698,3368,1652,9148,3853,778,1541,198,0
105351,1,2,1,34,-1,-1,-1,-1,-1,-1,13401,-14530,-4000,-725,11501,5225,596,1129,5143,3526,7827,3035,0
202338,2,2,1,27,-1,-1,2,-1,0,-1,-20720,-1112,-92,11905,8218,904,3703,1762,3079,2794,3736,2100,0
107125,2,3,2,48,0,0,-1,-1,-1,0,8234,16126,5335,-2723,2571,11139,2225,1751,3777,1871,666,405,0
103157,2,2,2,30,2,0,-1,-1,-1,-1,56717,1535,-11294,-14287,2186,7474,2941,1260,5284,1461,7217,2102,0
215258,2,3,2,42,-1,-1,-1,-1,-1,-1,18195,-29031,10382,-14157,7491,18392,2022,2425,3075,2660,9194,5902,1
283881,2,3,1,40,-1,-1,0,0,0,-1,5343,-655,12617,-880,5433,9733,3856,8266,295,3439,3123,332,0
293540,2,2,1,26,-1,-1,-1,-1,0,-1,1575,-1223,13378,2286,12220,-625,1431,5032,908,1760,2866,1430,0
171896,1,2,1,54,-1,-1,-1,-1,-1,-1,17130,912,-9407,-6999,2411,13448,2394,3075,5332,1240,2775,2828,0
220446,2,1,1,40,-1,-1,-1,-1,-1,-1,9416,-18905,28141,7037,7524,-10760,2212,9872,4670,5127,2699,1383,0
181396,2,1,1,38,-1,-1,-1,-1,-1,-1,22871,-16540,-1685,10233,-6525,12974,1587,1758,8726,4058,7187,2245,0
208607,2,2,1,37,-1,0,-1,-1,0,-1,-3114,5453,17265,12399,-6071,14365,924,12501,361,3065,2362,846,1
193004,1,2,1,53,-1,-1,-1,-1,-1,0,-3448,-8215,10784,20528,-9608,16539,841,3811,4544,4775,4308,106,1
173898,2,1,2,26,-1,0,-1,-1,-1,-1,51742,-14494,427,-15937,-8628,13927,1818,1590,1162,1024,4192,4705,0
422169,1,2,1,40,-1,-1,-1,-1,-1,-1,-30519,5062,10633,-13488,4768,7674,5347,2614,1506,1193,3581,3039,0
226785,1,1,2,42,-1,-1,-1,-1,-1,-1,3847,15381,1246,-2036,-5827,13573,3556,3864,4850,3205,2715,354,0
160295,2,1,1,34,-1,-1,-1,-1,0,-1,9623,12808,13224,12245,-7992,1749,4158,6726,1111,4899,2583,404,0
156281,2,1,2,36,0,0,0,0,0,0,46005,30015,3816,-8163,11914,19768,6368,6337,604,1834,1436,3018,0
209423,2,1,2,39,-1,0,-1,-1,0,-1,10501,25901,15002,7661,1335,2136,5118,2284,2087,610,2875,858,0
219781,2,1,1,40,-1,-1,-1,-1,0,-1,-14216,-1916,-15683,22261,26766,-8392,8163,7211,6628,6797,6725,5937,0
114253,2,2,1,27,1,-1,-1,-1,0,-1,9092,-7365,17008,13150,9394,-6993,1615,4615,279,3375,1934,3513,0
170216,2,1,2,31,-1,0,-1,-1,0,-1,12214,14348,3685,-7301,-2401,22289,3541,3108,1761,119,1849,1931,0
193788,1,2,2,30,-1,-1,-1,-1,-1,-1,30279,-28688,-13717,-8779,-1595,20372,252,5062,4184,2530,9679,7858,1
319061,2,2,1,42,-1,-1,-1,-1,-1,-1,-13701,-48416,4091,10599,5225,7040,1375,5950,1737,4593,3854,5896,0
244971,1,1,1,37,-1,-1,-1,-1,-1,-1,-9201,-8205,9118,8440,-6816,12112,133,8226,1237,3045,2889,1375,0
316984,1,3,1,49,-1,-1,-1,-1,-1,0,-5811,23686,-2803,-1036,-725,15486,5713,785,3577,715,210,1066,0
188757,2,2,2,23,2,-1,-1,0,0,-1,-10777,4382,15688,11611,23148,-10768,7254,4133,125,4260,889,2145,0
217769,1,2,1,46,0,-1,-1,-1,-1,-1,29099,12527,6728,-909,395,14762,3017,5725,4303,2917,2092,2354,0
319743,2,2,2,42,1,-1,0,0,0,0,32676,47386,1735,-2752,15886,24290,11088,7209,1928,2938,1849,2085,0
136825,1,1,1,27,-1,-1,-1,-1,0,-1,12197,-15946,-2578,6826,10639,-3425,329,4853,3410,2556,6436,3961,0
369900,1,1,2,41,-1,-1,-1,-1,-1,-1,15417,-4994,-28190,-20472,774,27854,5338,5282,1490,533,1573,7891,0
48442,2,2,2,34,0,0,-1,-1,-1,-1,28628,14598,5380,-7136,472,3486,2923,1962,2927,925,3732,2482,0
205571,2,2,2,30,2,0,-1,-1,-1,-1,32529,26175,-9462,4372,-1478,8613,6475,2952,5343,2290,563,1231,0
84316,2,1,2,21,0,0,-1,0,-1,0,45444,28812,12090,435,15478,8516,6193,8324,1192,3679,2282,996,0
126313,2,2,2,32,-1,-1,-1,-1,-1,-1,-9565,12319,-5797,16953,4390,-7466,3531,4954,7063,2232,2510,1079,0
273279,2,1,2,34,-1,-1,-1,-1,0,-1,-24689,12308,1485,16233,-3424,1681,2641,6797,2225,2265,876,520,0
194379,2,2,2,30,-1,0,-1,-1,0,-1,-17723,8124,8830,15621,6382,5577,3416,1082,1900,2973,1569,1644,0
263120,1,2,1,47,-1,0,-1,-1,0,-1,-4837,26690,22171,-3635,13378,8793,3186,7701,1292,869,4705,206,0
174484,2,3,1,31,-1,0,-1,0,0,0,-5775,18428,23593,22355,6526,-2838,7069,940,510,5528,236,1710,0
338451,1,2,1,47,-1,-1,-1,-1,-1,-1,14624,-23597,1730,-11816,8288,8384,2356,9786,744,1405,3939,6297,0
340796,2,1,1,30,-1,-1,-1,-1,-1,-1,-13313,-3001,21158,9816,-3435,3514,1268,7779,5361,2103,4391,1146,0
124539,2,1,2,27,-1,-1,-1,-1,-1,-1,3479,-5699,-26513,30064,2771,-9453,3076,1601,5972,4218,2168,2584,0
221929,2,1,2,33,-1,-1,-1,-1,0,-1,-6797,6147,-17029,10830,11093,-3801,6339,1276,5023,2737,4260,2339,0
217204,2,2,2,22,-1,-1,-1,-1,-1,-1,-7042,-14003,7965,12954,-2370,-4739,3828,3756,2418,4398,3308,4564,0
159423,1,1,2,27,-1,-1,-1,-1,-1,-1,14711,15544,-2230,-11396,1850,6412,2163,3406,4974,504,4300,1129,0
232840,1,2,1,57,-1,0,-1,-1,-1,-1,7039,869,26136,4948,-4861,-931,2450,8132,2488,3437,3308,71,0
160550,2,1,2,33,2,-1,-1,-1,-1,-1,28466,-6048,-3517,-226,7559,8931,5007,6894,4755,2758,4090,5346,0
167080,2,1,1,45,0,0,0,-1,0,-1,24614,-1370,31554,25752,13421,-16185,3151,4821,2398,2506,1588,233,1
193356,2,2,2,39,-1,-1,-1,-1,0,2,-12270,8674,-1994,24589,1445,-1579,3473,7998,2485,2981,758,844,0
194718,1,3,2,26,0,0,0,0,0,0,6111,52219,43020,3862,13451,13253,8486,9983,508,4058,2190,1273,0
167582,2,2,2,34,0,0,-1,0,-1,-1,15832,-2437,19007,-5904,4155,6577,799,1148,466,1350,4950,2048,1
50887,1,2,2,33,0,0,-1,2,0,-1,33089,14723,19484,-3939,4981,64,1962,5511,461,991,1262,848,0
188960,2,2,2,32,-1,0,-1,-1,0,-1,25575,-7671,-10071,-19855,6732,15501,2282,1402,4546,78,6447,5102,0
248354,2,2,1,45,-1,-1,0,0,0,-1,28527,-4156,2805,-7575,-11,14270,2116,1915,1187,2650,2628,2066,1
174361,1,3,1,39,0,0,-1,-1,-1,0,131,19970,11020,-2795,1350,15655,4145,1814,5608,1492,5842,936,0
184371,2,2,1,40,-1,-1,-1,-1,-1,-1,28982,-29995,-4489,-3664,-5338,19975,29,7079,1839,4887,6857,3982,1
196372,2,1,1,33,-1,-1,-1,-1,-1,-1,28152,-1715,-14720,-14453,-2609,22049,1115,3134,4401,1481,5669,2005,0
198221,1,1,1,34,-1,-1,-1,-1,-1,-1,20601,3553,9652,-4822,1210,1739,2044,6886,2172,3263,1251,2187,0
306851,1,2,2,27,-1,-1,-1,-1,-1,-1,18518,-15350,-32379,-11847,2695,23209,3800,3685,5305,2830,8022,7317,0
267161,1,3,1,43,2,-1,-1,-1,-1,-1,8142,12338,-2108,-6567,8656,6530,3525,7622,5231,196,24,1106,0
118796,2,2,1,22,-1,-1,0,-1,-1,0,34948,1769,-34987,-8422,1303,24003,2048,721,4413,74,5535,2852,0
186490,2,2,2,34,-1,-1,-1,-1,-1,0,37833,-3578,-20814,-17116,-3826,25720,1043,2265,2820,629,3208,3651,0
104919,1,2,2,33,0,-1,-1,-1,-1,-1,27226,14786,-8145,-10418,2207,10338,1364,3992,2530,613,5958,1085,0
298873,2,1,1,28,-1,0,-1,-1,-1,-1,377,-7736,5391,7216,-3019,2033,2387,5667,2125,3699,5666,1990,0
247071,1,2,1,41,-1,-1,0,-1,0,0,11072,24509,-6579,-3373,3999,17915,2530,4226,2694,145,3119,1998,0
134760,2,1,2,39,0,0,-1,-1,-1,0,32013,49847,17510,-4468,3531,14170,6512,4104,3515,1791,3229,1125,0
196853,2,2,1,34,2,-1,-1,0,-1,-1,-16928,8656,8666,5894,16444,-13393,4450,2137,314,1962,1794,1664,0
86281,2,2,1,40,-1,0,-1,-1,-1,-1,25461,-17898,6557,15356,796,-4016,1091,2352,9901,3652,8075,365,1
390920,2,1,1,46,-1,-1,2,0,0,0,-38992,4780,-9584,8513,15886,19929,5680,8669,5091,3340,705,1220,0
227949,1,1,2,33,-1,-1,-1,0,-1,-1,21166,-6534,11103,-22160,6667,16543,3684,5329,1348,1959,4057,3749,0
190790,2,1,2,35,-1,-1,-1,0,0,-1,-10622,2640,-12907,2566,-717,13301,3119,1505,530,2326,773,2075,0
211163,2,1,1,27,-1,0,0,-1,-1,0,48660,-3659,-8961,-4661,5242,19924,461,3802,7346,773,6078,852,0
127428,2,3,1,29,0,0,0,0,-1,0,20749,30085,29021,-5135,-419,18617,2898,2690,1672,3077,2759,693,0
337845,2,2,1,39,-1,-1,-1,-1,-1,-1,6996,-22266,-1906,8348,977,13277,3401,8285,7782,4889,9799,4046,1
270736,2,1,1,37,-1,-1,-1,-1,-1,-1,14308,-1163,387,-9872,4527,9759,4061,2208,5753,3024,7180,2846,0
113065,1,3,1,46,0,0,-1,0,0,-1,3123,11122,58491,612,-9243,-4474,1727,1296,852,3965,611,1097,1
146812,1,1,2,26,0,-1,0,0,-1,0,21064,25484,1918,-22580,10188,17534,4450,2039,3716,249,3533,2100,0
96112,1,2,2,39,0,0,-1,0,0,-1,36062,26880,33275,-22698,1067,14564,2709,9169,53,2094,759,2560,0
234868,2,1,2,33,-1,-1,-1,-1,0,0,22315,17229,-16111,-2258,8294,23505,2882,5585,6074,918,2000,364,0
209523,2,1,2,38,-1,0,-1,-1,0,0,9141,10417,4346,15226,-523,7869,2714,5221,2458,1480,3328,1048,0
178878,1,3,1,45,-1,0,-1,-1,-1,0,19056,15395,-3552,-14428,-5666,22039,2317,1675,6176,999,5468,28,0
180263,2,1,2,33,-1,-1,-1,-1,-1,-1,22842,-8201,-31789,-9718,511,27932,2977,2277,4836,871,7289,5993,0
198329,2,2,2,32,-1,-1,-1,-1,-1,0,14212,25898,-24040,7494,-9065,25654,5401,3698,4775,3145,530,569,0
156066,2,1,2,44,-1,-1,-1,-1,-1,0,-8723,-10400,2794,12864,-4593,19677,592,10112,7588,2957,7133,3207,1
392055,1,1,1,49,-1,-1,2,-1,-1,0,-5822,19034,-9653,-17968,2476,35700,4645,8068,5020,115,4349,2289,0
346983,1,1,1,51,-1,-1,-1,-1,0,-1,5431,-3515,27292,-1194,5265,3523,3440,8327,3581,2666,4775,2260,0
65964,2,2,2,23,0,0,0,0,-1,0,52967,23604,-5979,-32495,1039,38953,1961,585,231,840,4580,2867,0
191996,1,2,1,32,-1,-1,-1,0,-1,0,5315,-3754,117,-14704,16436,14418,3312,2275,1098,2927,4923,3619,0
316940,2,3,1,42,-1,-1,-1,-1,-1,-1,-7231,1020,11136,-2155,-814,8461,2062,4691,4327,669,5269,1368,0
133704,2,2,2,31,-1,-1,-1,-1,-1,-1,24857,-24703,-27792,-5697,-14078,21059,915,2532,1838,2532,5858,9125,0
228049,2,1,1,41,-1,-1,-1,-1,-1,-1,2017,-29141,-19687,28942,-526,4719,2216,8501,5821,4928,1584,3793,0
152076,2,2,2,27,-1,-1,-1,-1,-1,-1,3167,-21765,32,4751,-5803,13612,1041,422,4667,4387,8987,4980,1
97958,1,1,1,47,-1,-1,-1,-1,-1,0,17591,-13622,5253,17561,-4553,1198,1977,3875,3321,5935,1310,2338,0
174970,1,3,2,47,-1,-1,-1,-1,-1,-1,40227,2348,7874,-19942,-11175,20055,3817,132,3342,2407,3372,5384,0
114285,1,1,2,23,-1,-1,-1,-1,-1,-1,52357,-27219,-14719,-15232,13563,22494,1682,4463,6364,1350,9274,9318,1
252266,2,1,2,37,-1,0,-1,-1,0,-1,-149,-12441,22213,-4970,815,6312,2073,2308,3073,2022,6124,3771,1
167384,2,1,1,23,-1,-1,-1,-1,-1,-1,-18544,-9608,7800,17106,8952,-9039,1,8098,3105,1940,1516,1186,0
411378,2,1,2,26,-1,-1,-1,-1,-1,-1,-9480,-8303,15477,-865,8286,-2274,4813,4384,4312,1635,9502,4759,1
332660,1,1,1,50,-1,-1,-1,-1,-1,-1,20359,1342,-11370,-27497,3961,22301,5019,568,2849,2120,4496,4130,0
74165,1,1,1,43,-1,-1,-1,-1,-1,-1,36450,-11110,-13236,9043,55,13247,3104,1028,12415,3936,10461,7566,0
121267,1,2,1,28,-1,2,-1,-1,-1,-1,45866,-32999,-6573,14196,250,24807,341,3913,13693,5895,16081,7782,1
219651,1,1,2,26,-1,-1,-1,-1,0,-1,8713,2340,17182,-18020,1299,10073,2811,1725,838,1837,4513,3889,1
222666,2,2,2,29,-1,-1,-1,-1,-1,0,10439,-8607,-30080,1155,9544,12265,3470,3740,4688,1795,4154,1956,0
226123,2,1,2,34,2,-1,-1,-1,-1,-1,30090,-22105,-19322,-7761,11167,9290,5081,2270,5036,1300,4076,4930,0
390009,2,2,2,35,-1,-1,-1,0,0,-1,4438,30337,11290,6604,4434,22349,5272,13543,397,2016,225,767,0
356452,2,1,1,40,-1,-1,-1,-1,-1,-1,4542,-25532,10501,3485,10862,-6539,3384,6516,4381,2479,8089,5239,1
211124,2,2,2,53,-1,0,0,-1,0,-1,33999,19881,5397,-12612,-5956,25788,2349,8743,1112,1181,2060,1172,0
324778,2,1,1,41,-1,-1,-1,-1,-1,-1,-22581,-28879,6944,27223,5899,-12926,6819,4928,7214,5898,2756,4539,0
197140,2,2,2,38,-1,-1,-1,-1,-1,-1,12975,-2612,-882,-9074,-2924,22195,3376,2713,905,2628,6642,5220,0
177540,2,3,1,46,0,0,0,0,-1,0,10384,9593,35291,4204,2353,-153,1885,2532,38,2484,1145,105,0
244993,2,2,1,46,-1,-1,-1,-1,-1,-1,13288,-25012,15571,-5525,11493,10816,1931,7701,7840,4818,10103,1512,1
259713,2,2,1,43,-1,-1,-1,-1,-1,-1,-3071,-1260,10893,19887,-6679,-5421,4936,1505,7915,2709,6447,2038,0
194880,2,1,1,45,-1,-1,-1,-1,-1,0,8305,-4612,-1145,19575,-5994,7651,318,3624,8976,2240,7234,1205,0
194498,2,2,1,40,-1,-1,-1,-1,-1,-1,-9500,4000,11663,10804,123,-1314,2419,1686,4119,2808,4672,2389,0
356416,2,2,1,32,-1,-1,-1,-1,-1,-1,-8929,-11101,-715,22679,743,-1599,6046,3956,11519,4289,8423,3058,0
215535,1,1,2,30,-1,0,-1,-1,-1,-1,58741,-25375,-4047,-14415,3945,7095,2586,8447,5505,1065,8443,7076,1
157520,2,1,2,36,-1,-1,-1,-1,-1,-1,33263,-12308,-8691,-14673,6510,18389,562,5048,3396,786,5389,3509,0
237325,2,2,2,34,-1,-1,-1,0,0,-1,-5256,-10766,7916,-2424,-8135,20912,1172,3914,252,1502,1273,1142,0
131696,1,3,2,31,0,0,0,0,0,0,27610,48794,31827,-12887,-3937,35248,4597,10746,301,1963,3673,1054,0
186680,2,1,2,45,0,0,0,0,0,0,40589,13775,16315,-2419,19468,12770,4509,8767,1546,2054,1251,161,0
180908,2,2,2,21,-1,-1,-1,-1,0,0,2815,5489,-1039,-262,8849,2779,2826,2713,1263,764,1003,2276,0
79109,1,1,2,40,-1,-1,-1,-1,-1,-1,33528,1919,-9735,-9880,-3945,18550,3112,2296,3626,2493,3984,4052,0
154694,2,2,2,30,-1,-1,-1,-1,-1,-1,1682,-10414,-17070,-2701,5141,16898,539,5189,1205,2530,3537,4762,0
82705,1,2,1,33,-1,-1,-1,-1,-1,-1,-4301,1359,13708,20313,1649,-1510,439,4862,9419,3049,11026,4788,0
131681,2,1,2,21,0,0,-1,-1,-1,-1,31922,16260,4509,-2263,-4078,4793,5047,3051,3385,1909,5446,1578,0
128359,2,1,2,45,-1,0,0,-1,-1,0,43462,6991,-31479,-2947,-2435,38429,904,357,7390,848,9987,1021,1
98165,1,1,1,37,-1,-1,-1,-1,-1,-1,13916,-6614,7510,4450,9959,-1294,1860,1547,6749,2898,5504,1937,0
200815,1,1,2,33,-1,-1,-1,-1,-1,0,6299,-5747,-15353,-1580,3625,12472,3991,562,1848,1896,3805,4031,0
187340,2,1,2,31,-1,-1,-1,-1,-1,-1,35650,-10921,3533,-15806,-9349,29785,248,5823,3887,2713,6475,3240,0
195127,2,3,1,34,-1,-1,-1,-1,-1,0,1526,17371,-6924,13816,-11719,21397,3402,10443,188,4161,91,664,0
198490,2,1,1,33,-1,-1,-1,-1,-1,0,5320,-2822,-18894,20034,116,7118,1070,5402,10346,1419,6552,2003,0
203844,2,3,1,32,-1,-1,0,0,0,0,6226,14443,12912,-8444,244,22057,2527,9309,1753,1096,1641,175,0
204546,1,2,2,44,-1,-1,-1,-1,-1,-1,8697,-1388,-5282,-12328,780,12091,1737,5545,1039,1168,4230,3495,0
189203,1,1,2,38,-1,0,-1,-1,-1,-1,23556,4445,6576,-6274,7154,1262,806,11005,578,690,1547,2223,0
133646,2,2,2,21,-1,-1,0,-1,-1,0,248,12751,7487,-6872,3503,9531,111,1639,2285,41,3422,1140,0
181092,1,2,1,33,-1,-1,-1,-1,-1,-1,26098,-1822,-12595,-15413,-2287,27691,1267,6221,6164,615,3492,4216,0
203856,2,2,1,27,-1,-1,-1,-1,0,-1,-8841,-16374,5726,12823,8944,-681,596,890,6451,2776,7094,2291,0
185495,1,1,2,39,-1,-1,-1,-1,-1,-1,29356,-26574,-14690,-4407,5373,22857,2946,1634,7992,2830,4014,7767,0
112131,1,1,2,27,-1,-1,-1,-1,-1,-1,45181,-2894,-9537,-20343,5683,12772,1601,2368,7324,1987,4796,5551,0
295402,2,1,1,32,-1,-1,-1,0,-1,-1,3324,2730,2336,-14674,-3257,15005,4950,621,128,3962,6882,2505,0
116205,2,1,2,28,-1,-1,-1,-1,-1,-1,4506,-47474,-9070,19142,6894,6501,1857,3217,1839,5315,4280,9337,0
54347,1,1,2,31,-1,0,-1,-1,-1,-1,53430,-5044,-2724,-11382,-7983,19024,549,2258,6641,2035,6775,3205,0
228632,1,1,2,27,-1,-1,-1,-1,-1,-1,10251,-9755,3733,-6292,-3697,8570,1099,10439,416,2346,3934,4218,0
64302,2,2,2,22,0,0,-1,-1,-1,-1,17254,5252,29594,9363,9731,-6887,834,6319,21,2472,2778,1565,0
297705,2,1,1,27,-1,-1,-1,-1,0,-1,11601,-25702,2659,4316,2685,8375,1478,5823,3065,3387,5647,4022,0
148889,2,2,1,25,-1,-1,0,-1,0,-1,18798,-727,-1020,-13519,5720,10559,382,1233,4151,946,6464,960,0
154076,1,2,1,25,0,0,0,0,0,0,24454,33925,17203,-12175,-3495,27755,2633,4228,629,1978,2574,377,0
244072,2,1,1,29,-1,-1,-1,-1,-1,-1,12829,1584,-17798,1161,-529,18584,3832,5002,3931,2256,6162,2961,0
208185,2,2,1,39,-1,-1,-1,-1,-1,0,-2192,9790,-13792,-7761,-3928,25365,385,8436,2077,343,2331,831,0
136333,1,2,2,32,-1,-1,-1,-1,0,-1,6421,-4205,-19852,5077,9125,8838,2723,3502,7235,1662,4855,5629,0
285863,1,3,1,39,-1,-1,-1,-1,-1,-1,-4106,-961,10900,-12325,482,10934,1242,4201,1205,757,3257,2084,0
276230,2,3,1,39,0,0,0,0,-1,0,21662,41417,26838,-10297,4149,7644,8813,1650,2163,2567,638,428,0
128769,1,1,1,45,-1,-1,-1,-1,-1,-1,3831,-12455,8104,35888,5238,-9561,2209,7267,10527,6004,7594,1717,0
247173,1,1,1,37,-1,-1,-1,-1,-1,-1,21908,-15196,-2754,554,-1905,13092,3686,644,8451,3205,7366,6350,0
270551,1,2,1,21,-1,-1,-1,-1,0,-1,-570,-30563,10835,-4903,8581,2648,2740,1873,2359,5112,3310,5982,0
210110,1,1,1,34,-1,-1,-1,-1,-1,-1,41094,-12020,-27992,664,8440,17449,4312,195,14474,1940,10763,8000,0
95948,1,2,2,39,-1,-1,-1,-1,-1,-1,55149,-6014,-10883,-17178,1162,14149,900,1927,5997,1049,6329,5218,0
174428,2,3,2,32,0,0,0,0,0,0,55127,40027,20769,-8039,16918,24199,5626,10341,1585,1795,1432,98,0
193873,2,2,2,34,-1,0,-1,0,0,-1,6674,13616,-1316,-8717,10469,14375,3038,3744,2762,1754,2376,1263,0
152554,2,1,1,40,-1,-1,-1,-1,0,-1,13618,-10998,-858,24376,1902,-3351,4376,1899,4984,5251,3217,4771,0
237873,2,1,2,23,-1,0,-1,-1,0,-1,21922,13127,-11143,-2168,1633,10194,3357,3613,4012,959,3529,2496,0
163294,1,2,1,39,-1,-1,-1,-1,-1,-1,12155,-15138,1673,6484,-8146,2374,1912,3348,2617,4740,3360,2527,1
306797,1,3,1,33,-1,-1,0,0,0,0,-8019,5802,12819,-7096,18133,334,5192,741,1433,452,1241,2434,0
197301,1,2,1,44,-1,-1,-1,-1,-1,-1,11651,-8529,-4854,-1240,4689,7164,3139,4343,6417,3544,6046,4284,0
152292,1,2,1,41,-1,-1,-1,-1,-1,-1,14317,7148,-5159,9426,-1663,2348,3635,4175,6783,3818,4920,415,0
210383,2,1,2,22,-1,-1,-1,-1,-1,-1,-6236,-3049,-2495,3701,1862,1139,2567,634,3423,2519,7285,6612,0
68554,2,2,1,33,-1,0,-1,-1,0,-1,16305,-2845,-8756,9857,6940,-1746,1741,355,7808,1795,5236,3829,0
293879,2,2,1,41,-1,-1,-1,-1,0,-1,-10274,-15590,7151,4644,7767,-1913,3328,2678,4181,2463,2215,3945,0
92609,2,1,2,26,-1,-1,-1,-1,-1,-1,25706,4347,-6250,11409,-3485,11104,1248,5535,3566,1184,2744,1596,0
306332,1,1,2,37,-1,-1,-1,-1,-1,-1,22318,-10660,-6609,-16797,6291,21283,5956,3808,4689,2458,7475,7433,1
328345,2,2,1,36,-1,-1,-1,-1,-1,-1,-14627,-5285,2112,16203,6112,-6399,2707,5319,3029,1270,3502,2246,0
210572,2,2,1,33,-1,-1,-1,0,0,-1,6616,-3748,21515,1914,344,4237,3224,4495,442,2992,1124,1207,0
272846,1,3,2,40,-1,-1,0,0,-1,0,17388,54278,-9991,-16875,-2097,34789,7309,4895,2757,1607,2745,1143,0
187867,2,2,2,32,-1,-1,0,0,0,-1,11992,3754,3285,-4079,20050,9121,3663,1944,4666,3757,4657,1069,0
214543,2,1,2,41,0,0,0,0,0,0,44670,44647,-3732,-10643,18083,27018,8897,5510,2320,3314,1726,1002,0
285053,2,3,2,32,0,0,0,0,0,0,5038,51736,38361,-4005,5506,22529,7970,9770,644,2819,291,717,0
233788,1,1,2,36,-1,-1,-1,-1,-1,-1,43395,9352,-30708,-24868,3937,27679,3073,3707,5801,352,7007,4749,0
258266,2,1,1,41,-1,-1,-1,-1,-1,-1,-13781,11963,9516,24175,10313,-18073,4621,5972,13560,2203,3133,4375,0
424453,2,1,2,39,-1,-1,-1,-1,-1,-1,-24306,22214,3793,9442,25807,-13250,15845,4866,27597,2253,6411,11021,0
141318,2,2,1,28,-1,-1,-1,-1,-1,-1,1118,1089,2864,5460,10900,3540,6549,1451,8833,5060,3559,3849,0
173434,2,3,1,44,-1,-1,-1,-1,-1,-1,5052,-2585,-1175,-6105,7756,700,2234,8639,3233,2163,1996,3838,0
331222,2,1,1,47,-1,-1,-1,-1,-1,0,-5120,-3316,-2368,7824,19091,2340,2170,19242,15743,7157,1567,2685,0
50843,1,2,1,29,1,-1,-1,-1,-1,-1,12646,-4677,15324,-1533,1390,-10233,673,5625,690,695,208,3549,0
313599,2,1,1,46,-1,-2,-1,-1,-1,-1,-22371,2085,13962,2099,13225,-8753,6316,2809,8140,2708,250,4311,0
169712,2,2,1,38,1,-1,-2,-1,-1,0,22554,4457,5181,-12732,-5228,12891,318,428,3156,796,2281,4176,0
239850,2,3,2,54,-1,-1,-1,-1,-1,-1,-27559,22730,14950,14880,6496,-6436,11954,5684,15382,5010,1577,3961,0
208416,1,2,1,49,1,-1,-1,-1,0,-1,20946,7615,26932,-2010,-15614,7116,638,635,6598,1465,1311,1773,0
483033,2,1,3,37,-1,-1,-1,-1,0,-1,-13625,-7968,-5080,17074,42133,-15650,7417,13773,14519,3150,3487,11026,0
162748,1,1,1,32,-1,-1,-1,-1,-1,-1,-29338,11983,19905,13227,17992,-24959,6761,926,7388,1819,5282,4783,0
342794,2,2,2,30,-1,-1,-1,-1,3,0,7437,999,-26537,-2378,25632,5141,792,19202,14973,2859,1215,4011,0
195877,2,2,1,51,-1,-1,-1,-1,-1,0,-5781,-650,-1544,-4492,12259,5692,1720,10997,5139,4744,8,746,0
326802,2,1,2,54,-1,-1,-1,-1,-1,-1,-36701,16587,24063,31112,27292,-19953,9807,17063,19227,4899,5376,9864,0
160218,2,2,2,35,-1,-1,-1,-1,-1,0,-20214,-16248,12329,21240,24593,-9800,678,16416,10638,8691,772,3432,0
86100,2,2,2,47,-1,-1,-1,-1,-1,0,-3484,11440,-2746,1175,27691,-8391,5499,5760,7589,6100,945,820,0
305707,2,1,1,41,-1,-1,-1,-1,-1,-1,-29797,1282,9025,4403,15487,-4551,866,9406,8534,1645,3658,5143,1
213208,2,2,2,37,-1,-2,-2,-1,-1,-2,21219,896,-223,-7206,-14991,35104,1438,1860,2851,2270,2534,6575,1
338752,2,2,1,59,-1,-2,-1,-1,-1,-1,-27733,4793,26429,5742,9217,-15,3204,3235,7276,3156,5668,4031,0
171563,2,1,2,38,-1,-1,-1,-1,-1,0,-1154,7599,-2049,4205,9836,2332,4842,3879,8317,6214,825,2898,0
390583,2,1,2,44,-1,-1,-1,-1,-1,-1,-17610,17574,-1919,-10431,10002,5595,11012,908,13144,4240,4991,8254,0
119597,1,2,1,30,-1,-1,-1,-1,-1,-1,-22463,13830,14199,8831,-1157,-13648,5847,3111,11126,1089,3049,2688,0
341915,2,1,1,39,-1,-1,-1,-1,-1,-1,-9181,5088,-287,13027,26693,-8672,8582,6570,20111,3815,1459,5454,0
131221,2,1,2,28,1,-1,-1,0,0,-1,-3004,-5087,10539,13174,8363,-14764,433,3397,4471,1462,3081,6596,0
270672,2,1,2,23,-1,-1,-1,-1,0,-1,-23725,14708,-411,17034,18630,-9698,2879,8835,11119,4393,3671,6263,0
404053,2,2,1,45,-1,0,-1,-1,-1,-1,-20261,3961,22324,19767,11090,-688,6944,3505,16219,4082,2650,5545,0
224472,1,4,2,45,-1,-1,-1,-1,-1,0,-20469,23465,-28315,1699,32894,-1045,12570,10077,20282,8691,1758,5009,0
226414,2,1,1,32,-1,-1,-1,-1,-1,0,-20668,16572,-1981,21045,2210,-7451,2323,1095,12206,5554,923,680,0
255723,2,1,1,50,-1,-1,-1,-1,-1,-1,-56295,28683,30112,18736,7898,-21351,7449,6365,11347,2417,5605,5463,0
244460,2,1,2,28,1,-2,-1,-2,0,-1,6125,-10780,29082,14551,4583,8825,646,5796,2526,7301,1821,5425,1
376723,2,2,2,51,-1,-1,-1,-1,-1,-1,5409,3876,-3291,-6878,14195,3456,9475,608,13004,1515,1440,8967,0
306641,2,2,2,37,-1,-1,-1,-1,-1,-1,-21205,13979,-223,-4598,15032,-4742,9427,4897,11140,379,4555,5800,0
201153,1,1,2,37,-1,-1,-1,-1,-1,-1,-30265,17093,25306,15808,17761,-15385,3950,10997,11928,1409,5743,3759,0
324235,2,1,1,47,-1,-1,-1,-1,0,0,111,19765,-7107,9155,6181,5965,1234,1517,13376,1256,2423,2678,0
153188,2,2,1,29,-1,-1,-1,-1,-1,-1,-10339,1719,-1048,67,6800,-10373,5748,965,3905,164,2373,5163,0
269686,2,2,1,41,-1,-1,-1,-1,-1,-1,-36551,17832,15209,23743,7150,-21211,2474,8652,13402,676,2353,1166,0
341858,2,2,3,25,-1,-1,-1,-1,-1,0,-2699,5599,827,-18394,23104,13219,3074,8703,12662,1473,887,5346,0
188587,2,2,1,30,-1,-1,-1,-1,-1,-1,-25032,-1004,12384,18387,12152,-10869,2178,5607,6387,4890,1998,2695,0
321900,2,2,1,29,-1,-1,-1,-1,-1,-1,-36051,8644,10444,23145,25670,-23659,7883,4208,9235,3510,5349,9278,0
442408,2,1,1,44,-1,-1,-1,-1,-1,-1,13911,-11213,-99,-26388,13618,8260,1927,4793,6690,648,738,3989,0
223222,2,1,1,39,-1,-1,-1,-1,-1,0,-30685,13276,7207,16511,53,-8230,2762,2164,8701,4173,995,3055,0
231676,2,2,2,28,-2,-1,-1,-1,-1,3,32247,855,7996,-27709,-6280,29263,3944,967,3127,682,1015,4875,0
52292,1,2,2,32,-1,-1,-1,-1,-1,0,-18199,11212,12210,9715,-2235,-5871,2030,3076,8361,2501,1073,1554,0
143938,1,3,2,51,-1,-1,-1,-1,-1,0,23715,7082,-15356,-22025,232,21303,1071,4145,3446,945,4902,2741,0
335651,2,2,2,30,-1,-1,-1,-1,-1,-1,9096,13876,-12648,-4371,9460,5682,8611,2895,18212,496,234,5533,0
192529,1,1,2,29,-1,-1,-1,-1,-1,-1,-721,3694,2893,-5869,21109,-3376,6604,9512,6879,402,6136,10891,0
336385,2,2,3,30,-1,0,-1,-1,0,0,-8050,29035,-101,7774,9692,15104,1931,6045,18795,913,3051,1369,0
228446,2,1,1,28,-1,-1,-1,-1,3,0,-16772,-2871,-116,16308,31786,-7295,696,11548,9905,4766,2992,5219,0
277159,1,1,2,35,-1,-1,-1,-1,0,-1,-24228,8234,12477,11857,20331,-27109,1430,2659,10581,366,364,2261,0
189463,1,3,1,45,0,-1,-1,-1,-1,0,13784,2205,15530,-6467,-15494,19579,967,1568,2702,4160,27,2011,0
281067,2,1,1,35,0,-1,-1,-1,-1,-1,-19091,-7196,27824,4631,25790,-20307,8697,1669,2291,4234,2544,7509,0
219581,2,1,2,27,-1,-1,-1,-1,-1,0,-241,-6550,-7330,598,30762,140,2040,12993,8772,3147,2039,6421,1
145090,2,2,2,43,-1,-1,-1,-1,-1,-1,-34821,11493,8623,31251,39420,-27507,13605,14443,16430,12121,1606,5208,0
188459,2,1,1,29,1,-1,-2,-1,-1,0,-14583,14498,17237,13628,3746,-5072,954,1866,6527,3785,661,2270,0
354510,2,3,1,70,-1,-1,-1,-1,-1,-1,-17637,-1736,18709,6032,10620,-11739,2139,1638,2681,304,1610,4924,1
57129,1,2,2,42,-1,-1,-1,-1,-1,-1,-18339,13505,2948,-403,1907,-8040,2665,7376,5070,851,6193,4525,0
161796,2,1,1,36,1,-1,-1,-1,-1,-1,-7470,-5799,5443,10752,10783,3086,2508,4470,2791,5576,2903,4086,0
127789,2,2,2,52,1,-1,-1,-1,-1,-1,13328,-9793,4221,-1668,5534,5128,5312,1542,0,3141,3323,6633,0
80991,1,2,2,52,-1,-1,-1,-1,-1,-1,14606,8068,-18965,-13349,5551,18163,1055,9492,3037,1815,3390,4106,0
235241,2,3,2,46,-1,-1,-1,-1,-1,-1,-13709,739,1030,10427,29584,-7664,12632,6404,13432,8539,2311,8740,0
219564,2,1,1,34,-1,-1,-1,-1,-1,0,-22341,6899,22292,9783,12358,-13039,647,5017,7163,4245,1276,656,0
286934,2,3,1,51,-1,-1,-1,-1,-1,-1,-5195,-13424,21440,11365,-4778,7074,1995,4702,4072,2094,3758,4800,1
388194,2,1,2,46,-1,-2,-1,-1,-1,-1,19854,-9990,3159,2088,33899,9071,7406,12384,7619,5330,3062,10701,0
142733,2,1,2,32,-1,-1,-1,-1,-1,0,-34298,1341,11667,16559,39473,-26031,6050,18782,11630,6967,3849,4115,0
80446,2,1,1,21,-1,-1,-1,-1,-1,-1,412,3995,181,11079,11690,-13061,2842,364,4129,4130,676,491,0
319454,2,1,2,36,-1,0,-1,-1,-1,-1,10358,-1243,2925,8466,21774,2376,5717,7970,14203,4946,1868,4257,0
286416,2,2,2,42,-1,-1,-1,-1,-1,-1,28890,-8547,-6710,-20975,3854,26900,4995,2304,5823,111,6560,8563,0
245161,2,2,1,25,-1,0,-1,-1,0,-1,1177,-3035,8738,16483,13074,-3043,903,7332,8565,3201,2029,1969,0
356269,1,1,1,53,-1,-1,-1,-1,-1,-1,-14093,19009,7651,10057,20157,-9655,5630,7256,19075,2116,3806,6025,0
269402,2,2,3,43,-1,-1,-1,-1,-1,-1,-3155,12790,-4332,-5518,7190,3973,5728,4940,8091,265,3670,6750,0
226843,1,2,2,37,-1,0,-1,-1,-1,-1,-6864,7561,7549,-2598,-219,4735,5381,7694,3650,1645,1071,3310,0
309848,1,2,3,34,-1,-1,-1,-1,-1,-1,-13425,13862,8599,-5738,18907,5989,6255,3925,11547,3009,4726,4072,0
338835,2,1,1,39,-1,-1,-1,-1,-1,-1,678,2875,1540,-2923,14888,-2186,3469,4446,6864,1083,3614,5274,0
354127,2,2,2,52,-1,0,-1,-1,-1,-1,-6453,-1571,2827,-2746,20392,-1196,9446,3469,9164,4363,557,8170,0
184619,1,2,2,43,-1,-1,-1,-1,-1,-1,-19562,11034,6303,10007,21426,-1685,4412,7613,6221,3308,7033,4061,0
164011,2,2,1,29,-1,-1,-1,-1,0,-1,-15939,10987,16322,14311,-8718,2052,561,3121,3912,2416,2607,4522,0
94019,2,2,2,31,2,-1,-1,-1,-1,0,19073,9120,1624,2771,1841,6748,2715,356,5202,2785,1056,1199,0
223967,2,1,2,36,-1,-1,-1,-1,0,-1,-16228,-6982,4924,25514,21295,-6939,2270,1577,5735,4195,1340,6437,0
430453,1,1,1,46,-1,0,-1,-1,-1,2,-15119,3493,22624,6827,28101,-11900,8620,18135,18664,4935,99,5448,0
217910,2,2,2,35,1,-2,-1,-1,-1,-2,3526,4450,17503,2232,3173,7531,372,5818,2104,2428,959,2699,0
228803,2,2,2,32,-1,0,-1,-1,0,-1,23302,-8273,-27659,-11029,13551,16001,2102,4198,4063,2449,164,6317,0
65109,2,2,2,28,-1,-1,-1,-1,-1,-1,-38030,2466,11774,18429,24366,-18470,4376,8358,3100,4410,5688,6616,0
314757,2,1,1,46,-1,-1,-1,-1,-1,-1,-14048,-1513,17520,1454,11057,-6179,1807,1252,4104,2482,920,2596,1
220619,2,1,2,23,1,-2,2,-1,-1,0,40630,15058,-7438,-169,5734,9962,1797,3677,4128,909,2410,3924,0
30459,2,2,2,26,-1,2,-1,-1,0,0,43370,2760,-1370,2969,-12581,26762,376,7264,505,3138,3582,127,0
238447,2,1,1,28,-1,-1,-1,-1,-1,-1,368,-9694,11546,8953,9617,38,4494,5880,7226,92,4964,7579,0
244269,1,3,1,69,-1,-1,-1,-1,0,-1,-30276,2903,28824,18583,9480,-19163,2488,5269,8113,2253,1662,6057,1
328174,2,1,2,34,-1,-2,-1,-1,-1,-1,19436,-17638,-4992,-1534,22219,18474,9008,4871,6821,3628,4703,12846,0
422020,2,2,2,45,-1,0,-1,-1,-1,-1,-10816,-9423,11323,-8634,28568,-3567,5182,10845,7797,2171,632,7615,0
210419,2,1,1,42,-1,-1,-1,-1,0,-1,-23956,-7762,17186,20448,6047,-17278,442,161,5772,4541,1392,3023,0
347443,2,1,1,42,-1,-1,-1,-1,0,-1,-13067,12406,-6455,20158,16517,-15405,6621,653,18500,190,2866,5464,0
312835,1,1,1,30,-1,-1,-1,-1,-1,-1,-44492,11661,27981,19288,33773,-36894,10075,5637,15567,3355,4961,7785,0
323937,2,3,1,47,-1,-1,-1,-1,-1,-1,-8012,-11143,11006,2969,28667,-4446,8199,13300,12063,6737,1290,5765,0
188675,2,2,2,52,-1,-1,-1,-1,-1,-1,-35019,7109,13316,17752,14231,-6756,7168,9181,12563,7063,1867,5274,0
330975,2,3,1,46,-1,-1,-1,-1,-1,-1,-17824,676,17065,-9798,17582,-7672,12167,4127,9646,3287,5431,8386,0
383756,1,1,2,58,-1,-1,-1,-1,-1,-1,-1835,9590,3830,-2641,15021,-5522,10194,7904,20584,1613,84,7539,0
421867,2,1,1,36,-1,0,-1,-1,2,-2,-40054,16869,12009,18361,25219,-2476,1277,11342,17446,3067,850,4986,0
12886,1,1,2,29,1,-1,-1,-1,-1,0,-1800,591,15111,8358,-3784,-2139,1315,3213,1239,2876,2437,3373,0
178098,1,1,2,47,2,-1,-1,0,0,-1,13588,-7789,8788,-10019,3326,-2689,1401,4884,607,514,2037,1963,0
190548,2,1,1,40,-1,-1,-1,-1,0,-1,-12617,8165,4030,10133,11003,-5956,1998,5203,13081,2948,1292,6596,0
280659,1,1,1,43,-1,-1,-1,-1,-1,-1,-9836,736,10511,-3504,1514,-9010,4113,4922,3038,1209,1811,6147,0
263040,2,1,2,50,1,-2,-1,0,0,-1,24815,2215,20019,-7460,-11596,19138,2997,293,824,1562,1466,7908,0
202863,1,1,1,36,1,2,2,-1,0,0,63398,14198,14682,-10691,-17016,31331,1094,4522,3579,3223,3787,1216,1
198167,2,2,1,25,-1,-1,-1,-1,-1,0,-16000,11460,2447,18556,13946,-7986,8141,1705,12620,5610,2127,4257,0
204181,2,2,2,27,1,2,-1,0,0,-1,48886,-18,17550,-16177,-11592,28882,256,2805,529,118,4082,4051,1
460525,1,1,2,29,-1,0,-1,-1,-1,-1,-30652,10463,16517,1236,18434,-10922,4857,10559,14529,695,1917,8440,0
199280,2,1,1,26,-1,-1,-1,-1,0,-1,-34573,4250,6584,24818,33209,-22673,6323,9664,14586,5062,5768,6003,0
280806,2,2,2,38,-1,-1,-1,-1,-1,-1,11029,9632,10699,-16194,-3869,25886,9913,1864,14821,141,6155,7359,0
83819,1,3,2,30,-1,-1,-1,-1,-1,-1,-7748,1643,4001,-7187,-2079,4828,3619,2200,2731,1196,5854,3022,0
272362,2,1,1,36,-1,-1,-1,-1,-1,-1,-14145,-13936,22457,7720,24919,-18804,3070,11765,3636,2967,1579,4412,0
236357,2,2,2,39,-1,-1,-1,-1,-1,-2,1355,1003,-12856,4969,9177,9248,6323,4033,11701,4675,1341,6639,0
194438,2,1,2,35,-1,-1,-1,-1,-1,-1,2194,10848,-17126,11373,19417,-2422,9953,3393,16105,1252,4796,10433,0
48260,1,2,2,37,1,-1,2,-1,-1,-1,18498,15907,14471,-12078,-2648,18480,3075,3033,1040,935,5947,4295,0
201665,1,3,2,47,-1,-1,-1,-1,-1,-1,-36243,16971,29668,4557,454,-4524,1005,11043,10721,336,4542,4691,0
222475,2,2,2,29,-1,-2,-1,-1,-1,-1,-4407,1242,-5214,-2867,5555,16423,5550,1122,6745,3980,3871,5293,0
245352,2,1,1,37,-1,-1,-1,-1,-1,0,-21812,5246,818,29778,23967,-10709,1705,12789,21525,7837,1399,2022,0
86856,1,1,2,50,1,-1,-1,-1,-1,0,20588,21511,16722,-5648,-4069,-985,666,6259,3488,920,2131,776,0
33411,1,2,2,42,-1,-1,-1,-1,0,0,-35236,17532,21008,26751,-9643,-8120,43,3377,5409,5355,3032,1121,1
292342,2,1,1,52,-1,-1,-1,-1,-1,-1,-35368,-3720,29412,20151,23188,-31314,9243,3916,9377,3338,1181,8005,0
387485,1,1,1,39,-1,-2,-2,-1,-1,0,-1877,16184,13437,11605,-3843,9537,1103,1723,16076,1945,1389,1788,1
338025,2,2,2,26,-1,-1,-1,-1,-1,0,-9622,13464,-4938,6278,16906,6435,4554,8656,12939,1006,3704,7797,0
278984,2,3,2,31,-1,-1,-1,0,-1,0,450,-2069,15139,-3035,-832,8471,1494,684,811,4060,830,2089,0
306723,2,1,1,23,-1,-1,-1,-1,-1,-1,-39619,226,24079,28642,44173,-34174,14313,11348,15478,5935,5536,11937,0
75251,2,1,2,26,-1,-1,-1,-1,-1,-1,-13651,4878,5848,15923,26267,-15931,7215,13403,5469,5572,2108,7128,0
221972,2,2,1,45,-1,-1,-1,-1,-1,-1,-24562,15839,5329,8306,11856,-9453,8710,1530,11263,3546,736,3232,0
265272,1,1,1,29,-1,-1,-1,-1,-1,-1,-22030,17002,13609,142,24042,-4060,7947,11953,17278,279,9017,8331,0
394020,2,1,2,39,-1,-1,-1,-1,-1,-1,-13863,-2098,4564,6244,31261,-8794,5404,11603,14324,544,6535,11219,0
165770,2,1,2,36,-1,-1,-1,-1,0,-1,-10991,-158,-22497,10766,28863,-14009,5887,7784,11042,5200,1703,5748,0
203990,2,2,1,45,-1,-1,-1,-1,-1,-1,-10935,-2811,19615,-7427,15702,-135,12877,706,2944,1305,9707,12677,0
232566,2,2,2,37,-1,-1,-1,-1,-1,-1,-694,2670,6293,-5214,-6609,5899,2574,3503,3532,32,1217,5365,0
320318,1,3,1,52,-1,-1,-1,-1,-1,-1,-2198,-1131,13541,-10152,10182,119,3582,6693,8754,414,4350,5873,0
310476,2,1,1,52,-1,-1,-1,-1,-1,-1,11346,-10684,11136,-6232,18339,-1875,6091,6681,7600,1638,1618,8981,0
172197,2,2,2,22,-1,-1,-1,-1,-1,-1,1355,5552,7660,-10195,12467,-149,7484,4890,6479,1552,3853,5454,0
227019,2,1,2,44,-1,-1,-1,-1,-1,-1,-10327,-7710,19673,10184,15045,-11119,4823,5869,7107,5143,40,6794,0
293935,2,1,2,44,-1,-1,-1,-1,-1,-1,-28633,2681,18985,19345,11508,-14598,7410,2169,9276,3827,995,8045,0
262268,2,3,2,37,-1,-1,-1,-1,-1,0,7859,8468,12011,-7190,69,3665,3586,279,7587,3097,1163,1998,0
205015,1,1,2,40,1,2,0,-1,0,-1,54261,-9092,10108,-10518,-10758,22387,510,1555,1954,1580,3754,5861,1
223528,2,1,2,29,-1,-2,-1,-1,-1,2,-20994,1642,22729,-7598,5727,-227,1905,3492,1917,4914,465,479,0
283897,2,2,2,32,-1,-1,-1,-1,-1,0,-4460,773,-501,-2908,7309,8923,255,7564,11355,2558,1684,1929,0
115198,2,1,2,22,-1,-1,-1,-1,-1,0,18814,18246,-16597,3531,11335,8484,3819,3073,12246,4427,811,1422,0
246935,2,1,2,31,-1,-1,-1,-1,-1,-1,4054,-6030,522,-8314,29570,-2073,9896,10127,7107,3750,5186,9488,0
177880,1,1,1,43,-1,-1,-1,-1,-1,-1,-13938,6785,18865,20441,6713,-15603,2591,781,11239,2978,2656,816,0
327845,2,1,2,37,-1,-1,-1,-1,-1,-1,7121,322,-7343,-11104,22959,6690,10765,8992,12500,2740,2161,8848,0
273952,2,1,2,42,-1,0,-1,-1,0,-1,-35171,67,15463,36943,22538,-20260,2238,6657,12111,7327,1215,1980,1
442708,2,1,3,42,-1,0,-1,-1,0,-1,-32153,16778,18021,17176,22213,-6038,2651,12394,20872,1184,5743,5767,0
225497,2,3,1,38,-1,-1,-1,-1,-1,-1,2950,-3533,1879,-7188,10864,218,3441,2891,2838,3839,1087,5799,0
567880,1,1,2,62,-1,0,-1,-1,-1,-1,-38352,9848,32450,12618,34077,-22530,12067,13864,18837,3574,1406,10210,0
204751,2,1,2,31,-1,-1,-1,-1,-1,-1,-16149,1014,11270,5738,22453,-11434,5325,3297,8948,3794,3126,7562,0
228927,2,1,2,39,-1,-1,-1,-1,-1,-1,105,3223,-7399,-7783,5492,10774,2522,3490,7292,1239,2534,3552,0
291487,2,1,1,22,-1,-1,-1,-1,-1,-1,-26947,9459,15533,11837,10425,-10863,5197,3205,10585,164,5144,5371,0
235266,1,1,2,51,-2,-1,-1,-1,-1,0,11580,4678,-9437,12448,11322,28785,3304,2216,12861,16271,18098,15096,0
346523,1,1,2,46,-1,-1,-1,-1,-2,0,14376,-1785,2499,1749,-2220,-5613,187,10476,15757,2970,3400,7888,0
307694,1,2,1,54,-1,-1,-1,-1,-1,-1,-1263,-5760,14685,4960,4683,4438,3077,1960,10781,6428,9476,11853,0
378008,1,1,2,42,8,3,-1,0,4,0,3844,22383,6372,28465,40491,31420,5906,3658,24776,29828,29006,23603,0
308575,1,2,3,42,2,3,-1,-1,4,0,33258,3630,-1419,-746,20105,36373,1901,12198,16927,12745,24381,15279,0
277868,2,2,1,38,-1,-1,-1,-1,-1,-1,-13745,10476,12730,8583,-762,2628,5016,968,5310,3224,13882,8080,0
15814,1,1,2,41,-1,-1,-1,0,-1,0,-5169,7545,8550,9386,10985,4177,825,4014,5476,9557,10050,6232,0
145446,2,2,2,39,-1,-1,-1,-1,-1,0,-3161,13818,14184,8829,1849,1108,1240,5772,8836,999,10250,1219,0
224358,1,1,1,52,-1,-1,-1,-1,-1,-1,-24424,-3462,24163,21631,-937,-2035,945,347,6608,5253,11372,9895,0
262873,1,1,1,35,-1,-1,-1,-1,-1,-1,-12609,12089,11463,6811,5545,-11379,469,1637,6306,577,1587,82,0
279470,1,1,3,28,2,3,-1,0,-1,-1,17404,5555,8403,14337,45061,42986,8426,7825,17276,22795,35044,25418,0
127101,2,2,1,23,8,-1,-1,-1,0,2,-17286,-1316,20245,27891,17146,-15613,3039,153,12389,10227,5562,4949,0
156632,1,2,3,47,1,-1,-1,-1,-1,-1,1260,-2618,23225,19139,16035,-9229,5090,4115,7761,2008,6759,894,0
225653,1,1,2,50,-1,-1,-1,-1,0,-1,7767,17911,2057,6471,18455,27712,4247,2269,14309,13618,18798,14870,0
306014,2,2,2,42,8,-1,-1,-1,-1,-1,-4858,1167,23103,10025,1065,8239,2311,6871,13251,6805,8679,9297,0
334235,2,2,1,27,8,-1,-1,-1,0,-1,1474,1694,3540,31569,13086,9590,4970,2382,20418,12595,17074,10375,0
135794,1,3,2,50,2,0,-1,0,-1,-1,-16281,12925,15271,21777,20552,21920,3681,4300,13153,15907,20420,10649,0
159962,1,3,2,43,-1,-1,-1,0,-1,0,-17729,18688,10147,6343,1807,16966,2839,3397,3445,11154,14800,11258,0
69499,1,2,1,44,-1,-1,-1,-1,-1,-1,-7062,5792,26305,15019,521,11037,3259,5483,7412,9750,14043,4589,0
137100,2,1,2,34,-1,-1,-1,-1,0,0,22451,-2369,-5270,18774,8101,8192,893,3325,18113,14956,6534,5011,0
30157,2,2,1,33,2,-1,-1,-1,0,0,-24343,23806,19746,37749,15674,1508,1290,3078,11923,14565,16800,5277,0
203278,1,2,1,36,-1,-1,5,-1,-1,-1,1989,13627,25215,16868,2025,11744,3720,4067,14609,11173,16447,11027,0
97252,2,3,2,42,-1,-1,-1,-1,4,0,-9051,16583,4077,14524,1144,-9275,1140,2438,1264,3499,3248,1735,0
94775,2,2,2,42,-1,-1,-1,-1,-1,-1,3642,15299,12728,5657,-2897,4706,6483,2198,10910,6080,6592,463,0
164552,2,2,2,27,2,-1,-1,-1,-1,-1,26272,8522,-10766,866,20228,25430,7241,264,14018,8604,22558,13102,0
163688,1,2,1,27,2,-1,-1,-1,-1,-1,-18631,26044,13872,29293,18986,19394,4505,1862,10943,15964,25602,13074,0
473575,1,2,1,45,-1,-1,-1,-1,0,-2,-137,3967,14732,6931,2757,-5807,555,349,14826,6909,736,8247,0
362382,2,2,2,35,2,-2,-1,-1,-1,-1,-6700,-4263,18132,-12344,11712,18305,3205,3628,4787,1494,14935,10167,0
333480,1,1,1,58,1,3,-1,0,-1,-1,-24736,-11649,33902,20891,18098,12856,1591,4643,1354,10127,22024,15223,0
130744,1,2,1,46,-1,-1,-1,0,-1,-1,19836,3024,1452,11544,7386,37586,2753,8035,5609,17612,22114,18783,0
174764,1,2,2,36,-1,-1,-1,-1,0,2,-9048,7608,18212,25594,6208,8357,3630,2014,18885,16458,10465,10121,0
118481,1,2,2,33,1,-1,-1,-1,-1,0,12441,6720,1315,28389,12628,6485,2047,5907,12939,13244,14394,10442,0
483482,1,1,1,21,-2,-1,-1,-1,-2,0,19504,19934,647,-9720,7022,19840,736,7048,13197,1276,5235,2356,0
189990,1,1,1,35,-1,-1,-1,-1,-1,-1,-3434,6004,13619,4976,1221,16441,3991,145,4151,9124,13663,11219,0
68876,2,2,1,36,-1,-1,-1,-2,0,-1,-21477,1295,20985,37890,6129,-27469,974,4064,11016,5376,2200,3162,0
238746,2,1,1,27,-1,-1,-1,-2,4,-1,5174,1240,-4390,18338,8577,6023,230,7683,2720,8321,9712,6734,0
218451,1,1,1,27,2,-1,-1,-2,-2,0,-9220,6925,14157,514,17052,-6715,556,3110,7889,1148,4403,2734,0
349246,2,3,1,53,7,-1,-1,-1,-1,-1,-3221,-572,20986,15950,13534,23259,4449,3618,9811,16622,22390,18360,0
243882,1,1,2,41,-1,-1,-1,-1,-1,-1,-1390,721,7291,-3686,3551,13278,1888,143,4231,3757,3519,6682,0
136217,2,1,2,33,-1,-1,-1,-1,-1,-1,16237,-11497,-8737,769,7450,7381,3122,232,3702,5934,6144,8211,0
267813,1,1,2,42,7,-1,-1,0,4,-1,10288,3962,-6335,7174,31647,34645,2581,10731,10777,19135,23785,25224,0
421211,2,1,2,45,8,-2,-1,-1,0,-1,17937,-5719,-5719,7775,10444,14389,3721,2936,15440,6932,8588,8411,0
149653,1,2,2,30,-1,-1,-1,-1,4,0,33375,25518,-22787,9056,4176,24763,3700,5348,21805,19748,13033,10650,0
280061,2,1,2,31,-1,-1,-1,-2,4,-1,-11398,2916,-1401,7319,19817,-1706,441,2880,3251,5774,7488,5497,0
214624,1,1,1,35,2,-1,-1,-1,-1,-1,-13199,-1784,24503,8926,12901,5154,2684,4671,6941,2083,15533,6452,0
295684,2,2,2,34,-1,3,-1,-1,0,0,55749,3581,-9715,6684,14976,30732,4468,4213,24106,17378,13944,16002,0
234759,2,2,1,35,-1,-1,-1,-1,0,0,22733,5435,-9692,4001,3396,16780,2727,3230,15521,8130,7852,10206,0
350952,2,1,1,37,-1,-1,-1,-1,0,-1,-28874,12148,17726,15670,2549,-12813,1092,808,5878,2943,2871,3928,0
376720,2,1,1,27,1,-1,-1,-1,0,-1,-10765,-16850,19527,19023,6322,-17593,1181,1042,6234,3085,5836,5569,0
185762,2,3,2,31,-2,-1,-1,-1,0,-1,16976,3365,-2570,4614,12731,26992,4785,1807,17187,9555,13333,6049,0
131854,2,2,1,24,-1,-1,-1,-1,-1,-1,13516,2307,7726,7576,50,11345,5206,35,8180,6287,13024,6470,0
215183,1,3,1,50,8,-1,-1,0,-1,-1,9887,1736,14329,-2853,13047,31749,5232,1674,9553,11072,19109,16306,0
327420,1,2,1,32,-2,-2,-1,-1,-1,-1,12807,-19595,11945,7725,13447,12706,2083,6113,14331,10974,11358,13455,0
273015,1,2,1,37,2,3,-1,0,-1,-1,10472,14302,4627,8673,12187,44362,4626,3702,12671,15587,24722,14978,0
293361,2,1,1,41,2,-1,-1,0,-1,-1,-22957,14872,13918,20518,8637,1569,1865,0,1204,5015,11133,2774,0
152662,1,2,2,37,-1,-1,-1,-1,4,0,-53,8752,-5087,13258,-3910,5536,516,5222,8476,9234,9351,10192,0
201285,1,3,1,53,-1,-1,-1,-1,-1,-1,1682,10230,15728,-3063,-8479,17241,4822,428,8585,5828,10337,7858,0
283329,2,2,1,45,8,-1,-1,-1,4,-1,7306,4647,11477,15860,23168,6699,6775,7816,16129,11774,21288,17522,0
229708,2,2,1,41,-1,0,-1,-1,-1,-1,-8373,3089,16706,15826,2942,19310,2250,5431,8943,11671,16768,9730,0
201820,2,1,2,26,-1,-1,-1,-1,0,0,-11052,14595,2862,16002,27278,-5539,506,4669,14923,14298,5740,8419,0
255272,2,2,2,35,7,-1,-1,-1,4,-1,13658,1583,12675,20446,26557,21709,7690,5064,21034,20598,27304,24142,0
134401,2,3,2,36,-1,-1,-1,-1,-1,-1,-4057,6835,724,6914,8695,7262,1936,341,4017,6799,9757,6831,0
96626,1,3,1,48,-1,-1,-1,-1,-1,0,-7267,17053,14631,6388,6931,4545,1621,5609,11183,9756,10408,6827,0
452438,1,3,1,36,-1,-1,-1,-1,0,-1,-8696,-2448,19314,-358,8646,7355,798,3257,12087,3982,5774,10756,0
305315,2,2,1,48,-1,-1,-1,-1,0,-1,-7238,12147,10680,16221,693,-4217,2212,452,15295,1077,5683,1756,0
495811,1,1,2,41,-2,-1,-1,-1,0,-1,11620,6415,3920,-9841,18850,-147,4398,2373,17279,1578,3392,7615,0
424183,2,2,2,45,-2,-1,-1,-1,0,-2,-6490,7200,18140,-2517,16186,-166,851,5759,16808,4126,2778,3650,0
155132,1,3,1,71,2,-1,-1,-1,-1,-1,-7979,9134,27814,8460,3023,21736,2446,5969,7533,9048,21058,8785,0
236293,2,1,2,24,-1,-1,-1,-1,-1,0,21529,-4935,-6794,-9586,14419,-2767,1690,3961,6915,9504,1014,8536,0
393354,1,2,2,35,-1,-1,-1,-1,-1,-2,15756,-154,2198,-18211,5116,13348,2648,4124,9754,3106,3222,9416,0
197221,2,2,2,47,-1,-2,-1,-1,-1,-1,-9384,9071,13355,8388,-1994,8402,1657,4592,7091,2919,7190,1422,0
180572,1,1,2,39,-1,-1,-1,-2,4,0,2570,-4422,2065,8934,-717,16244,36,1966,4864,13553,6711,12154,0
214579,1,2,1,25,7,-1,-1,-1,-1,0,12690,9194,941,-8878,12931,13213,3499,8712,10557,6655,18059,14452,0
287352,1,1,2,36,7,-2,-1,0,-1,0,10381,506,-3020,5485,26212,30505,1280,9843,7636,15257,23859,20891,0
185476,2,1,2,42,7,-1,-1,-1,-1,0,8108,12889,-5928,17976,18005,22420,4997,1648,6253,20164,20685,14981,0
132992,2,2,1,32,-1,-1,-1,-1,0,0,23813,4471,-3954,14897,9024,20835,3228,3635,16715,13260,15765,10853,0
281825,2,1,2,47,8,0,-1,-1,-1,-1,10253,17737,712,24647,15991,52896,9286,2519,18041,26609,31550,24111,0
452532,1,1,2,42,-1,-1,-1,-1,0,-2,373,9062,-359,-358,8002,8140,646,3338,19966,9464,3402,10020,0
567459,1,1,1,29,8,-2,-1,0,0,-1,-29602,-3288,31865,6382,30499,4455,4994,999,11753,3031,15251,15234,0
80315,2,2,1,34,-1,-1,0,-1,-1,0,-23644,15851,16994,17111,-6330,-16605,534,5196,228,2969,3949,1943,1
183491,1,1,2,38,2,-1,-1,-1,0,0,10106,3065,-11594,13438,10728,9562,292,3911,7799,9341,7758,5378,0
317648,2,1,2,28,2,-2,-1,-1,-1,-1,14088,-10912,2119,-4978,16812,21387,3625,7115,5113,1920,14267,8506,0
207970,1,2,3,40,8,0,-1,0,-1,-1,3478,-5386,24398,26999,26803,10902,3525,12891,11947,13595,26750,17499,0
141125,1,2,2,50,7,-1,-1,4,-1,0,-4532,25725,16221,14849,27610,36907,8758,97,18113,24260,30130,27669,0
119063,1,2,2,33,-1,-1,-1,-1,-1,0,11782,8045,8885,2671,11915,16583,3276,2483,11791,9464,12215,8981,0
284846,1,1,1,29,2,3,-1,0,-1,2,-16781,18860,19750,31551,31632,3945,4080,2256,17893,22474,15800,11841,0
166621,1,1,1,41,-1,-1,-1,-1,0,0,13397,8712,-9320,14324,25030,12254,1230,4287,9496,16685,13319,13558,0
96235,2,1,2,36,2,-1,-1,-1,-1,-1,8707,25238,-10817,21802,12014,25979,4302,4431,8229,16677,21353,10431,0
314463,2,1,2,28,-1,-1,-1,-1,-1,-1,15264,-1274,-17260,-3677,8473,19368,2542,73,3167,5330,7015,8643,0
303263,1,1,1,40,-1,-1,-1,0,4,2,23931,10697,-9335,-832,20052,30570,5704,2408,16978,15052,15502,17690,0
208553,1,1,1,46,2,3,-1,0,-1,-1,2822,6982,13913,25299,21584,36234,5268,4283,11994,21279,29364,20535,0
256195,2,1,1,38,-1,-1,-1,-1,-1,-1,7664,-196,-3574,1096,3662,18302,1875,3814,1055,6668,16937,6222,0
166590,2,1,2,35,-1,-1,-1,-1,-1,-1,8784,8663,-14409,-7777,3079,10097,2200,3354,1480,2921,8969,3543,0
122725,2,2,1,40,-1,-1,-1,-1,4,0,-11297,10579,10595,19815,9572,-5289,855,3170,7874,10536,6311,6465,0
152124,1,2,2,37,-1,-1,-1,-1,-1,-1,17692,14729,14,-4049,-5520,33383,6769,873,8000,12190,17250,11700,0
338691,2,1,2,29,2,-1,-1,-1,-1,-1,14060,6624,-11081,9529,2054,5514,3763,2484,10511,5891,9648,4734,0
106391,1,2,2,38,2,0,-1,-1,-1,2,-17987,23476,16495,16515,5302,33149,736,6937,13056,15336,20240,12001,0
213465,2,2,2,35,-1,-1,-1,-1,-1,-1,20244,4713,5037,-1072,2286,26973,5794,1369,8805,9764,14992,10829,0
230121,2,1,1,40,-1,-1,-1,-1,-1,-1,1608,12188,4502,14612,-2755,2192,2160,5039,12746,8173,10441,2062,0
253514,2,2,2,46,-1,-1,-1,-1,0,-1,7549,-209,-2235,8843,6908,11259,1445,2319,12394,4921,7969,5841,0
206160,1,2,2,22,8,0,-1,-1,-1,2,8621,13650,21048,13218,15052,31777,4956,10249,14452,16557,21991,19017,0
301496,1,2,1,37,-1,-1,-1,-1,-2,0,1829,-2829,18228,838,4307,2815,122,5698,13484,2138,4868,6302,0
196262,2,2,2,36,-1,-1,-1,-1,-1,0,6206,4299,1315,6440,14150,8087,313,6409,7109,9981,6887,8412,0
155284,2,2,2,34,-2,3,-1,-1,0,0,20923,17451,19118,49534,18301,28477,2358,14660,30501,29888,25061,13507,0
170429,1,2,1,55,-1,-1,-1,-1,-1,-1,15269,11837,11733,16720,23,35590,5528,7040,14165,13003,24857,14651,0
128752,1,3,1,41,2,-1,-1,-1,-1,-1,-22763,11040,28431,40524,13729,-2409,8223,1072,15613,15565,26333,15334,0
90155,1,2,1,27,-1,-1,-1,-1,-1,0,-7234,10042,15213,10984,7194,3937,2373,3057,6081,10615,11920,8393,0
271462,1,1,1,33,-2,0,-1,0,0,-2,-3141,1271,2517,28904,17011,8032,3518,1325,18484,17500,13107,15743,0
122660,1,2,2,42,-1,-1,-1,-1,-1,-1,-20008,23397,16444,27034,2517,18922,4531,3717,9066,14770,20894,12781,0
373849,2,2,2,33,-2,-1,-1,-1,0,-2,14835,269,11585,18861,14634,1875,2872,3636,23668,6853,4145,3911,0
189217,1,2,3,36,-1,-1,-1,-1,0,0,-9357,11855,21033,19188,12039,-8622,2404,1580,15599,8954,7969,6122,0
91897,1,2,3,43,2,-1,-1,-1,4,2,-11066,29334,11008,37112,20766,12896,6025,4625,18482,20198,23886,13180,0
243416,1,1,2,40,2,-1,-1,-1,-1,-1,9232,-13973,14542,990,11756,9602,3487,6451,2553,612,15178,6439,0
158440,1,2,2,40,2,-2,-1,0,-1,2,-7705,-11558,25266,19555,9814,18087,574,7534,4067,11873,17517,12375,0
117892,1,2,2,38,2,-1,-1,-1,-1,-1,16948,15065,2428,5703,1619,31277,3010,9800,11565,8858,20944,10450,0
31001,2,2,1,37,-1,-1,-1,0,0,-1,-7247,21869,-1596,29928,5642,11921,3160,1151,12270,17117,13203,10516,0
166192,2,2,2,39,2,3,-1,-1,-1,-1,-17596,17544,11402,32300,29764,8295,3774,3568,11959,19461,24989,13992,0
267261,2,3,1,38,-1,2,-1,-1,-1,-1,-2971,7033,17483,15681,-2675,12478,6826,888,12012,9375,12106,8462,0
118185,1,2,1,40,-1,-1,-1,-1,-1,0,1310,5641,2796,16222,-1900,-3290,2107,1855,5239,4616,7040,1178,0
272525,2,1,1,51,-1,-1,-1,-1,-1,-1,-11240,24610,18870,21409,25518,11427,5669,2129,17999,20499,21625,12939,0
19146,2,1,3,29,2,-1,-1,-1,-1,-1,-14332,4904,23656,32239,8159,4734,2249,8404,4071,7338,22545,5544,0
313364,2,1,1,25,-2,-1,-1,-1,-1,0,-2038,6343,6769,17067,30431,-4435,3619,3772,14900,14048,17261,14063,0
181289,1,2,2,39,7,0,-1,-1,-1,-1,19418,7345,-3116,-6204,21359,49141,3046,6484,13588,18868,23618,19105,0
150889,2,3,1,32,-1,-1,-1,-1,-1,-1,-13311,-1917,15786,28188,5259,4027,4255,312,7754,11259,14030,10544,0
179696,1,2,2,25,-2,0,-1,-1,4,0,53125,3988,-11525,5008,26215,37850,1412,13070,27926,22355,17489,17389,0
255362,2,1,2,32,-1,-1,-1,0,4,-1,-2217,7189,2797,13378,11901,8824,761,5768,3681,8183,12243,6717,0
16396,2,3,2,42,-1,-1,-1,4,-1,-1,-15262,-7449,27190,48809,25432,-12900,2902,10240,6645,19403,20684,17594,0
306547,1,1,1,40,2,3,-1,-1,0,-1,-4880,9252,16992,32280,24223,24873,4455,5894,20116,25393,27075,18722,0
387157,2,1,1,36,-1,0,-1,-1,0,-1,33054,-2104,-16614,-5003,9360,30637,1436,5915,10081,7557,13791,11100,0
269376,2,1,2,27,-1,-1,-1,0,4,-1,-2482,8531,-9149,-8247,14083,3257,1643,1939,745,2304,5335,5721,0
59064,1,2,1,45,7,-1,-1,0,-1,-1,-34399,16422,28331,12260,19003,4928,72,6867,1842,9017,17907,8941,0
524277,1,2,2,29,-2,-2,-1,-1,0,-2,7131,-2442,8486,4315,27839,-6000,95,8854,20160,4990,7745,11656,0
211770,1,2,1,32,-1,-1,-2,-1,4,0,12984,31756,-6118,19234,15968,28713,1187,9816,23241,24289,20489,15434,0
36252,1,2,1,62,-1,-1,5,-1,-1,0,9898,33881,-2312,4460,-4584,31050,5037,4325,10754,14875,18463,14014,0
99324,2,3,2,32,-1,-1,-1,-1,-1,-1,2076,6672,9843,5017,10217,15672,2243,4034,3339,15969,13301,7933,0
191393,2,1,1,38,2,0,-1,-1,-1,0,-13940,17974,12417,26161,11005,8245,2035,3454,9720,15371,16428,7364,0
117833,1,1,2,37,-1,-1,-1,0,-1,2,1138,23083,-4494,-3428,18578,18256,4096,54,7644,13058,13041,12773,0
185374,2,3,2,42,-1,-1,-1,-1,-1,0,-11668,2689,4545,18977,5554,-7890,619,2234,8682,8833,1773,3101,0
192056,2,1,1,27,-1,-1,-1,-2,-1,0,-804,9156,-1011,32462,21605,-11585,319,4622,5889,16758,8576,5110,0
151706,1,1,3,42,2,-1,-1,-1,-1,-1,-10225,18663,7162,15436,18946,11600,5172,2455,4673,6601,23579,10905,0
160704,2,1,1,43,8,-1,-1,-1,0,-1,-12929,-11901,27492,40317,7786,-6682,301,8420,11295,9281,15215,7374,0
256239,1,1,1,47,7,3,-1,-1,-1,0,6891,16156,9783,18362,3868,34621,3583,5200,20147,20659,21250,16624,0
288623,2,1,1,42,-1,-1,-1,-1,0,0,-9058,5411,7126,24495,5859,1005,2601,487,14238,13998,11747,11269,0
212411,2,2,1,33,-1,-1,-1,-1,0,0,38286,-5653,-2717,8033,1280,15456,1930,8836,13745,4690,9524,4808,0
160766,2,1,1,36,-1,-1,-1,-1,4,2,-9727,2741,14271,40024,14905,349,4397,2364,12488,20490,15502,15923,0
193177,2,2,2,29,-1,-1,-1,-1,-1,2,13018,12621,5679,2531,-3283,20549,1374,4609,9338,9754,4525,2989,0
94182,1,1,2,35,2,-1,-1,-1,-1,-1,8474,17128,-9982,10196,13136,22517,3712,2489,3072,10369,18907,7588,0
84244,2,1,1,36,2,-1,-1,-1,0,0,-12621,14361,-246,40065,18728,-3713,2617,1730,17190,15841,16407,10652,0
301761,1,2,1,43,-1,2,-1,-1,0,0,-1092,-1301,31010,36801,9407,7988,1196,11489,29404,15115,15152,14499,0
151439,2,3,2,38,-1,-1,-1,-1,-1,0,29388,-4039,-1009,5303,3237,15651,3637,921,8806,11456,9728,8163,0
233976,1,1,1,34,-1,-1,-1,0,-1,-1,-14911,-3577,15634,11452,6829,9755,1629,3740,3199,5347,12304,12991,0
328855,2,1,1,54,-1,-1,-1,-1,4,-1,-41696,15374,25825,31189,17724,-4211,1151,3529,10218,14785,15234,10747,0
96455,1,2,1,41,-1,-1,-1,-1,-1,2,8508,7172,15183,10272,-3796,19299,6448,691,9033,12175,13946,12672,0
298581,1,2,2,35,2,0,-1,0,-1,-1,14336,553,-840,11359,14028,44141,4365,3768,14564,17312,25059,19839,0
137056,1,2,2,31,-1,-1,-1,-1,-1,0,6930,14094,2418,-5340,2899,6741,401,1727,9165,6486,2955,4030,0
354234,1,1,3,41,2,0,-1,-1,-1,-1,-11278,17539,12387,13793,18204,17875,1444,10770,12586,10824,19141,10397,0
293729,2,2,2,46,1,-2,-1,-1,-1,-2,1770,-3931,17291,11728,3830,10463,2286,2504,10897,4047,6071,2064,0
381642,1,2,1,45,8,3,-1,0,-1,-1,-17886,5667,22019,27067,23562,5910,2392,3277,16182,12168,18249,12985,0
198472,1,2,1,46,-1,-1,-1,-1,-1,0,-6204,19741,18461,12370,5949,7752,2440,804,16247,12065,10274,7682,0
240540,2,1,2,37,-1,-1,-1,0,4,-1,4208,-12788,-4223,1285,22236,-1636,1570,8371,1936,6442,7793,13215,0
222989,2,2,2,29,-1,-1,-1,-1,-1,-1,9093,3074,-3861,3233,7346,13180,2508,6143,9096,8172,11454,8460,0
127281,2,2,2,22,2,-1,-1,-1,-1,-1,20216,-5808,-6159,4643,19264,-937,731,6653,3324,5252,8672,1646,0
42747,1,1,2,49,-1,-1,-1,2,0,-1,11725,-7325,5324,2503,10717,-1805,928,2155,3493,258,5316,1534,0
223289,2,3,3,42,7,3,-1,0,4,-1,-2945,4989,16200,27852,20932,23837,861,9666,12235,19119,20477,14257,0
289349,2,1,1,49,8,3,-1,-1,0,-1,12346,-5839,17260,42246,27217,45042,6784,10434,25919,27483,39789,29535,0
305019,2,1,2,24,-1,-2,-1,-1,4,2,8548,-6419,-12278,3752,3864,13768,560,7631,8103,11644,9549,12797,0
253198,1,1,1,43,2,-1,-1,-1,-1,-1,8310,1601,11531,1045,4091,25869,6895,981,11306,6334,22636,16162,0
184296,1,1,1,24,-1,-1,5,-1,-1,0,11424,12558,-375,3114,5387,17023,1803,2510,7554,11762,10242,9657,0
426007,1,1,1,33,-2,-1,-1,-1,-2,0,13945,-7222,7633,17347,16410,11015,271,6716,21418,13126,13976,14199,0
299018,1,1,1,47,2,-1,-1,-1,-1,-1,-1227,175,9684,18236,13832,8093,3374,3197,9130,7466,21082,10881,0
272145,1,1,1,32,8,-1,-1,0,4,-1,-17452,7047,22776,33566,23580,24264,3751,7713,13263,17528,26106,17837,0
104440,2,2,1,31,-1,-1,-1,-1,0,-1,8589,5621,-1745,6231,7773,7449,1204,5261,3230,3587,6782,734,0
192888,1,1,2,26,-1,3,-1,-1,-1,0,-15516,27607,2666,30662,6726,-10701,2846,1580,14641,20249,6248,4705,0
299365,2,3,2,26,-1,-2,-1,-1,-1,-1,9025,-17936,8595,864,3179,8188,437,4662,2200,3400,2887,7189,0
291894,2,1,1,36,1,-1,-1,-1,0,-1,3528,2507,49,17630,16702,-11606,4255,10,9256,4938,3401,2701,0
366434,2,1,1,36,-1,3,-1,-1,-1,-2,-3464,4852,6977,3317,12828,2125,2349,838,9251,8155,4947,6419,0
176293,2,1,1,36,-1,-1,-1,-1,0,0,39059,-8017,-11473,-1282,2226,-3786,5300,1654,9038,723,1744,3133,0
60987,1,2,1,36,-1,-1,-1,-1,0,-1,-1367,13302,8158,26184,-2623,-2075,4358,899,12328,2201,11971,4466,0
430662,2,3,2,39,2,0,-1,-1,-1,-1,11318,-8330,4820,-2885,15027,11799,1820,8803,5850,217,8823,4578,0
153501,2,2,2,42,-1,-1,-1,-1,0,0,24751,9656,-3390,6086,800,11714,174,6892,12918,8742,6028,958,0
234529,2,2,2,26,8,0,-1,-1,0,-1,3052,18059,14005,36212,6471,31937,6128,5349,22350,18227,22827,15166,0
393108,1,1,2,24,2,-2,-1,-1,0,-2,16659,-5954,-3825,17260,15370,10559,680,9913,18305,8572,15452,11342,0
281575,2,1,2,43,-1,0,-1,-1,-1,0,9907,3259,-3303,14298,5578,5306,257,4983,10797,13270,4681,3041,0
268267,2,2,2,33,-1,2,-1,-1,-1,0,18388,25854,-10249,-6439,-5614,31436,3808,2302,11582,8476,11465,5545,0
77099,2,2,2,25,-1,-1,-1,-1,-1,2,12480,12205,-3474,1585,-4204,9641,2863,1754,6390,8632,4951,6464,0
87391,2,2,1,37,-1,-1,-1,-1,-1,0,-1218,22557,5350,20010,7385,23394,3543,787,11703,15884,18475,8609,0
87802,1,2,2,40,-1,-1,-1,-1,-1,0,32951,11723,-8370,12661,3140,27034,2572,741,13142,13627,13997,6230,0
106068,2,2,1,27,-1,-1,-1,-1,-1,-1,2596,-5746,11030,6945,4785,5877,1224,8880,723,830,13385,5948,0
132563,2,2,1,37,8,-1,-1,0,-1,-1,-10003,-7418,23284,26236,8801,-8716,4487,2670,7288,3846,11864,6662,0
77777,2,2,2,21,-1,-1,-1,0,0,-1,4145,2338,2903,11123,4797,16362,5164,1309,7595,7284,12733,11940,0
537934,2,2,2,34,-2,1,-2,-1,0,-1,53788,-1339,-22721,-13586,13160,35158,4133,6754,21857,4547,13578,11136,0
320981,1,1,2,28,-1,-1,-1,-1,4,2,-25050,9590,14451,25414,7930,-4290,373,4561,12936,12489,10667,11154,0
171183,2,2,2,24,-1,-1,-1,-1,-1,-1,23658,11213,-6867,-2699,8798,10440,3670,5034,7622,1292,6199,1102,0
15339,1,3,2,43,-1,-1,-1,4,-1,-1,5670,-9544,12026,16815,10667,12030,5242,1703,5438,12720,14467,13450,0
126296,2,2,1,27,-1,-1,-1,-1,-1,-1,-21234,10089,16979,6312,12255,-5369,2978,2140,6764,7677,11080,6447,0
354743,1,2,1,52,-2,-1,-1,0,-1,-1,7291,-1484,18653,2075,14271,27446,984,9946,14006,8122,18902,13661,0
271074,2,2,2,37,-1,-1,-1,-1,-1,-1,17090,-8774,3514,-340,4445,-2151,1949,4049,7708,150,728,62,0
255126,2,1,2,26,2,-1,-1,-1,-1,-1,-15970,22070,3890,7006,20585,20061,4729,1264,4897,12388,20205,10397,0
167647,2,1,2,24,8,-1,-1,-1,0,0,38883,-26939,-4166,1734,28099,6998,2124,5039,11601,11214,10113,13469,0
63531,2,3,1,40,-1,-1,-1,-1,-1,0,-23475,18927,22509,43270,11314,-5511,519,4384,10310,19153,14789,8148,0
211233,2,1,1,40,2,-2,-1,-1,0,-1,-21385,9635,15101,41968,17109,-917,1674,6812,19373,14987,17922,9155,0
325874,1,1,1,27,-1,3,-1,-1,-1,-1,21454,10824,-11271,-11014,7068,24162,3237,401,10548,8908,10917,9291,0
139718,2,1,2,32,-1,-1,-1,-2,4,0,16761,10073,-19582,1757,9744,2924,592,6435,4172,6119,1190,2228,0
59868,1,2,2,39,-1,-1,-1,-1,-1,0,-13129,3297,17932,3989,5807,-1345,1644,2812,3107,4216,9682,2287,0
374891,2,1,2,31,2,-2,-1,-1,0,-1,6113,-5551,-9473,641,20975,6211,2656,3791,4425,1332,2765,540,0
281943,1,3,2,36,8,-1,-1,0,-1,-1,-5797,-6169,22831,19949,19547,20321,4909,1690,17442,17593,17916,17998,0
11235,1,1,1,42,7,3,-1,4,-1,0,-3887,11507,25897,53684,22442,16653,2439,13205,12746,30173,27251,18006,0
464296,1,1,1,55,-1,-2,-1,-1,-1,2,2108,3025,3355,6396,-1544,29187,414,6160,13213,9450,13986,15169,0
36416,1,2,1,47,-1,-1,-1,-1,-1,0,3228,9173,10370,13127,884,14635,2612,6194,4288,9513,16885,8271,0
213447,2,1,2,29,-1,-2,-1,0,-1,0,18544,810,-11214,-6966,5543,37286,1950,1996,5618,15031,7920,12412,0
35972,2,2,2,51,8,-1,-1,-1,-1,-1,6025,1389,14635,16796,7554,798,4530,5104,9739,2695,11839,386,0
210867,1,3,1,51,-1,-1,-1,-1,-1,-2,7476,-2617,22177,5639,1513,-597,2056,3785,11635,4142,3719,2371,0
324546,1,3,1,55,-2,-1,-1,-1,-1,-1,-14639,9724,23359,2560,8780,7317,2533,6713,8912,3991,17204,9825,0
278602,1,2,2,45,-1,-1,-1,3,-1,-2,20211,-8865,3346,-23047,5728,13896,2362,5501,9399,600,2971,9813,0
265267,1,2,1,56,-1,-1,-1,-1,-1,0,20644,2425,6490,17922,339,18114,2407,6057,18654,15762,13599,12228,0
181239,2,1,2,32,2,-1,-1,-1,-1,-1,35536,-2451,-8120,-2844,17143,46149,7348,7062,7658,15156,27772,18435,0
147230,2,2,2,38,8,-2,-1,3,-1,-1,-12474,-5251,27302,22442,11541,-1021,2232,2961,3895,5137,10175,4138,0
247201,1,1,2,31,-1,-1,-1,-1,-1,-1,45292,558,-10684,-20880,2204,45988,8491,1010,7550,11908,18629,13160,0
141481,2,2,2,42,-1,-1,-1,-1,0,0,-5419,13231,-5153,22847,10510,-444,63,150,5369,13785,7598,6824,0
264033,1,1,2,25,-1,-1,-1,-1,-2,-2,21085,-18011,1222,4383,9308,-5629,1851,3267,8670,481,3052,9942,0
221999,1,3,1,50,2,-1,-1,-1,-1,-1,-9491,3732,31701,36543,16583,-328,4394,6764,19485,12921,20546,9003,0
255404,2,2,2,45,-1,-1,-1,-1,-1,-1,-19544,7999,18551,13428,10942,-8732,476,4538,5104,5386,8029,3081,0
250179,1,2,1,56,-1,-1,-1,-2,-1,-1,5908,-8272,21343,14167,9156,12361,654,8568,10914,8300,13711,12890,0
59702,1,2,1,29,-1,-1,-1,-1,-1,-1,-30438,14390,21993,18340,-2821,-2995,1921,2648,1207,4371,12414,128,0
194468,1,1,2,37,8,-1,-1,-1,0,-1,6895,1097,-2865,14812,6054,10360,2335,1771,13525,8932,11338,10575,0
168300,1,2,1,51,7,-1,-1,0,4,-1,-6615,16423,13951,11796,17472,28363,5202,4949,10794,13333,25331,21238,0
388584,1,3,1,23,-2,-1,-1,-1,-1,0,31662,-164,2287,-15856,8520,25613,5014,2889,15276,9570,10611,17327,0
334423,1,1,1,36,2,3,-1,-1,0,0,3927,23022,-3694,14457,21390,28206,1325,8503,21395,16164,23184,13951,0
44904,2,2,1,45,2,-1,-1,-1,-1,2,-41184,18400,22263,33013,8544,-21021,3342,214,7495,7011,8020,275,0
326666,1,2,2,55,8,3,-1,0,0,0,14142,-2634,11556,26409,30500,35543,2383,5845,24141,26353,23952,23251,0
356308,1,1,2,35,-2,-1,-1,-1,0,0,4850,19552,-6786,7193,12425,6998,2482,1968,16374,8445,8110,5532,0
314480,1,2,2,56,2,3,-1,-1,-1,-1,3578,17055,3650,831,17767,31836,200,7469,9538,12066,21585,10080,0
80441,1,2,1,51,-1,-1,-1,0,4,-1,-15800,11911,19507,30624,20228,4248,431,7994,5356,16826,17720,14510,0
358028,1,1,2,58,2,-2,-1,-1,-1,0,11855,7851,7238,675,18678,26103,1125,12647,10672,7311,22761,10253,0
310053,2,1,2,38,8,0,-1,-1,-1,2,-4790,13442,17033,13680,7368,15605,1577,3384,14950,11597,6479,1059,0
272787,1,2,1,52,2,3,-1,-1,-1,-1,16600,1946,13102,24791,9690,33553,6787,6868,25358,20123,30013,20089,0
222132,1,2,1,56,7,-1,-1,-1,0,-1,-11524,19943,24817,26393,6138,21368,2745,6506,17967,12852,22374,15457,0
133874,2,3,1,59,-1,-1,-1,0,-1,-1,-22713,19623,11025,15971,1914,11566,3369,1522,3823,11664,13894,8189,0
77212,1,3,1,54,-1,-1,-1,-1,-1,-1,2684,4158,28985,8766,-14061,18096,7213,1042,11552,7876,12021,10512,0
496227,2,3,1,48,-2,-2,-1,-1,-1,-1,-26622,-1270,35147,20800,-73,-3688,463,4433,7470,1607,8821,6050,0
313448,1,1,2,35,-2,-2,-1,-1,0,0,-8457,981,19723,41506,22324,22823,426,11310,21268,25487,23265,19874,0
143231,1,1,2,34,2,-1,-1,-1,0,0,-8032,17556,6559,36556,27965,11890,5342,2484,22710,25324,22484,13325,0
57977,1,1,2,50,-1,-1,-1,0,-1,-1,-27642,7689,18557,21773,3843,8170,890,3735,227,9652,13800,3842,0
199685,2,1,1,44,8,-1,-1,0,-1,-1,14432,-6046,6084,33142,24733,43975,10018,5179,17187,24869,34887,26897,0
251994,2,1,1,25,8,-2,-1,-1,-1,-1,2572,-10081,20135,27346,7879,1801,3035,7649,8620,6335,14262,6937,0
302632,2,1,2,27,-2,3,-1,-1,0,-2,-2641,1941,14599,23761,15598,-1772,664,7048,15277,10362,8013,8016,0
349348,2,1,2,22,-2,3,-1,-1,-1,2,526,6997,11663,3660,19259,28580,3678,5412,8465,18968,19572,18894,0
111200,2,2,2,48,2,-1,-1,0,-1,-1,-8941,15340,5086,15964,14378,18755,2540,55,5264,11407,14541,5322,0
214645,2,1,2,33,-1,-1,-1,-1,-1,0,-25097,29531,12220,7963,5147,-7642,531,2350,5054,13116,2939,2439,0
228064,1,3,2,25,-1,2,-1,-1,4,2,33407,12223,-7737,15861,11043,44119,6748,4491,20765,25922,17870,22730,0
310908,1,1,2,47,-1,0,-1,-1,4,2,11206,13213,8980,11804,11713,31239,917,11176,19792,18859,16009,12851,0
284605,1,1,2,27,-1,-1,-1,-1,4,-1,-7192,27274,4369,5215,6265,12205,1588,1280,8996,6832,9113,6851,0
220041,2,3,2,49,2,-2,-1,-1,-1,-1,-13119,-3239,14060,6317,8880,25926,3075,2987,6164,10035,18234,9776,0
194878,2,1,2,25,2,-1,-1,0,4,0,-23646,14087,21468,29197,18975,-5804,91,2860,8512,14053,9531,5872,0
198972,1,2,3,28,2,-1,-1,-1,-1,-1,-21276,29987,8920,14035,2371,22369,5737,933,12430,8158,20232,6283,0
359216,1,3,1,44,7,3,-1,-1,-1,-1,-24673,10035,23753,22248,19957,9757,5483,2666,11169,15937,23929,19346,0
413618,2,1,2,35,2,-2,-1,-1,-1,-2,-7514,11275,3370,-2328,2604,12399,3412,148,9230,5853,6081,4519,0
259480,1,2,2,34,-1,2,-1,-2,0,0,23751,4015,-357,12620,6196,19301,1492,3953,19164,17814,2971,11314,0
43938,1,3,1,52,8,0,-1,0,-1,-1,20148,5786,-209,34467,29445,53354,10678,2112,17770,29414,36986,28746,0
191540,2,2,2,40,-1,-1,-1,-1,-1,-1,-23482,213,22613,16657,15393,-12935,447,3729,5641,4894,7573,3078,0
311273,1,2,1,42,2,-1,-1,-1,-1,-1,-1135,13283,15768,15821,7475,28183,8647,1849,10182,13179,27144,16809,0
69001,1,2,2,48,8,-1,-1,0,-1,-1,-12226,20065,16210,19654,18634,28515,5812,2360,14988,17788,23125,13658,0
157977,1,2,1,57,-1,-1,-1,-1,-1,-1,-10385,15491,22505,-814,911,10287,912,3908,3799,1835,12187,4069,0
246027,1,3,1,52,-1,3,-1,-1,-1,2,136,10935,9629,6290,1733,22850,2742,4507,13489,16747,14140,10639,0
100633,2,2,2,29,2,-1,-1,-1,4,0,53287,10510,-13110,18164,33734,57012,4348,14718,27328,34116,29350,24059,0
229118,1,1,1,41,-1,-1,-1,-1,4,0,-16165,24262,13477,22879,18917,-924,2712,4307,14809,14785,18084,11113,0
134112,1,1,2,39,-1,-1,5,-1,-1,-1,9765,3617,-9057,15138,-4047,23530,5227,3339,2643,11912,21458,17342,0
296017,1,2,2,34,-1,-1,-1,-1,-1,-1,7309,5662,1646,-4279,11302,1699,2311,1007,10920,4564,5702,2861,0
221047,1,2,1,40,2,-1,-1,-1,-1,0,15839,11595,-4145,9743,-6124,21742,2059,3530,14575,6967,11654,4325,0
45302,2,1,2,35,-1,-1,-1,-1,-1,-1,25976,8889,-22204,-8157,1568,23273,3987,786,862,4283,11608,3769,0
155074,2,1,1,37,2,-1,-1,0,-1,-1,15169,2601,-7331,-4017,16471,40581,6462,3585,2579,14282,23953,16900,0
168019,1,2,2,44,2,-1,-1,-1,-1,0,11437,25066,-2252,-14363,8989,27801,904,6203,6662,4377,14318,5452,0
410551,1,1,2,32,-2,-2,-1,-1,0,-2,30224,-7689,-3419,3587,19013,32597,2543,6594,21789,19157,17219,23114,0
269702,2,1,1,26,2,-1,-1,-1,0,-1,-3957,21013,-3257,25392,4566,17271,2154,1710,14681,15006,13972,10615,0
230135,1,2,1,26,2,-1,-1,-1,-1,0,9024,16476,14093,9243,20258,20935,1869,7034,13380,11483,16417,9920,0
339760,1,3,3,54,2,0,-1,-1,-1,-1,9050,16354,8621,9529,20777,48495,6527,6079,14971,19251,32208,17061,0
425073,2,1,2,50,8,-2,-1,0,0,-1,5267,693,3829,31359,25967,29790,3659,4818,24642,22496,21202,20734,0
82335,2,3,2,37,-1,-1,-1,-1,-1,0,5429,-5609,4429,14038,-768,7417,2938,3500,5762,11626,8329,10414,0
213189,2,3,3,42,-1,0,-1,-1,-1,0,-12601,24860,18691,15538,9767,6553,618,7884,4799,10727,13595,1681,0
268026,1,1,2,46,-1,-1,-1,-1,-1,-1,6042,-12667,15514,3100,5494,3181,2016,1335,2635,1839,3766,3258,0
195324,1,3,2,46,2,3,-1,-1,-1,0,30908,8014,-1176,4517,9368,31974,1925,7996,14100,12518,16300,10905,0
284308,1,1,2,46,8,3,-1,-1,0,0,14309,7666,1499,14967,10790,38531,670,5398,18539,19135,14786,8931,0
202648,1,1,3,32,2,0,-1,-1,0,-1,-23335,25302,11852,31043,17716,13099,2109,3136,13633,13457,18406,8439,0
385964,1,3,1,71,8,3,-1,0,-1,-1,11524,9875,22095,20142,22172,37229,4089,5465,21638,22496,25988,20841,0
342848,2,3,2,38,-2,-2,-1,0,0,-1,-7582,636,6855,18679,8210,19250,1817,130,7828,13400,4197,7123,0
443760,1,1,1,62,2,3,-1,-1,-1,-1,-10755,9550,21203,34204,15618,27737,4077,5232,20055,16538,29589,15338,0
320056,1,1,2,42,-1,-1,-1,-1,6,0,14994,16749,-11696,-10831,3249,11148,1731,2955,11201,3544,6322,3951,0
237676,1,3,1,38,7,3,-1,-2,0,-1,-7945,-1267,27767,46381,14455,14263,2257,10180,17922,22016,21555,19324,0
299928,2,3,1,44,8,-1,-1,-1,-1,-1,-13693,-8279,19363,11371,12721,1366,2853,2812,4224,4396,14066,11031,0
197201,1,2,1,35,8,-1,-1,-1,-1,-1,14877,7228,16025,11496,12495,9854,6482,3982,20709,8704,20401,13346,0
117139,2,1,1,43,2,-1,-1,-1,-1,-1,-3275,6047,13007,27517,22785,18224,3243,6215,10049,13686,24469,8969,0
69644,1,1,2,41,-1,-1,-1,0,-1,0,-25594,21723,14405,32408,14538,112,5340,77,8160,19588,16319,13209,0
267232,1,1,2,32,1,-2,-1,0,0,-1,-6249,541,16998,15169,23326,-2029,3020,2437,12952,4668,6199,4656,0
125530,2,3,1,32,-1,-1,-1,0,-1,0,-4996,-18044,11719,23712,8751,4851,2308,951,6325,13341,11798,12068,0
56539,1,2,1,43,-1,-1,-1,-1,-1,-1,812,14099,10270,18598,6958,-2397,4791,1972,9070,8828,12628,8064,1
181528,2,2,2,35,-2,-1,-1,-1,-1,0,14854,-3737,4947,7550,10458,15962,1586,5133,14072,11657,11127,10323,0
113429,2,1,2,32,2,0,-1,0,-1,-1,-4618,32211,1440,41996,29221,47048,11038,699,13043,28081,36262,20169,0
337280,1,1,2,40,5,-2,-1,-1,-1,-1,-17432,2699,16186,20762,1681,11207,1211,4358,8013,10261,13479,9746,0
174440,2,2,2,40,8,-1,-1,0,-1,-1,-3335,5650,6417,6716,11876,24065,2997,3044,2105,6224,14840,7918,0
257998,1,2,1,36,8,-1,-1,-1,4,-1,19409,3195,-6847,7463,8232,20845,2718,7154,18598,7879,17403,12077,0
122883,1,3,1,41,-1,-1,-1,-2,-2,0,-15878,4930,15434,16396,1952,-12774,1238,496,7480,6126,5381,9580,0
333079,2,1,1,47,8,3,-1,-1,-1,-1,-7958,-8056,29060,36009,8416,21586,4713,6795,11107,13316,23898,16607,0
269851,1,1,1,47,-1,-1,-1,-1,-1,2,10370,7371,2889,-19956,-3520,17227,2845,253,1396,4194,3300,6349,0
53456,2,2,2,30,2,2,5,-1,4,0,29255,34547,-23155,28672,12464,50198,7071,5722,19900,31429,27298,14515,0
296180,1,2,1,53,5,3,-1,-1,-1,-1,-3661,3177,23627,25850,-6297,17673,3377,8383,11258,6862,19328,10271,0
66134,1,2,2,40,2,-1,-1,-1,-1,-1,-21486,10035,33247,21124,14429,10601,2480,6606,2978,6799,21798,3517,0
244892,2,1,1,36,-2,-1,-1,-1,-2,-1,-7191,-1892,14743,17443,11935,-12008,1846,8401,14379,4799,6588,1413,0
203515,2,2,2,41,-1,-1,-1,-1,-1,0,19331,142,4458,-12392,6494,7206,4263,1559,8015,5810,1871,3937,0
248993,1,1,2,49,7,3,-1,4,-1,0,-1950,1572,19803,35834,33022,20995,547,11953,12556,27783,25338,20238,0
329855,1,1,3,42,2,2,-1,-1,-1,2,4595,29929,-9040,-234,13905,44133,4707,2281,11248,17537,22117,12144,0
180383,2,2,3,27,-1,-1,-1,-2,-1,-1,23818,-20331,8983,1609,2141,15450,1823,2775,3870,2090,7649,8114,0
281843,1,2,2,45,-1,-1,-1,-1,0,-1,-12080,18271,1008,22651,10106,2444,828,4234,12004,7646,13377,8510,0
166702,1,1,1,26,-1,-1,-1,-1,-2,0,-3374,2492,-1641,2048,2763,-2737,1235,1634,5491,3845,4565,6788,0
387108,1,2,1,43,-2,-1,-1,3,0,-1,16444,-4519,15294,5299,18704,27857,4347,3144,18757,13035,19100,23463,0
377152,1,1,2,58,8,3,-1,0,-1,-1,-6023,16222,9299,24037,13718,42661,4377,6823,19591,21493,25969,19589,0
184247,1,2,2,48,-1,-1,-1,-1,-1,-1,10724,5512,3772,-4395,-1789,10728,1895,4112,5424,878,7635,4394,0
456683,1,3,1,44,-1,-1,-2,-1,0,0,11477,11910,20824,-4768,-2405,25232,171,9084,22562,11105,11807,14742,0
61817,1,3,1,51,1,-1,-1,-1,-1,-1,-9441,3919,16223,30043,2496,14712,4549,621,5524,13799,18034,11923,0
320800,2,2,1,47,-2,-1,-1,-1,0,-1,-14244,17056,8663,24651,6056,10979,540,5567,16281,9109,12663,7528,0
285301,1,1,1,52,-1,-1,-1,-1,4,2,-14330,24484,7471,11613,-6924,1061,1128,4863,10206,5523,8871,5175,0
180244,1,3,2,36,2,-1,-1,-1,-1,0,-2618,18673,13806,19341,18264,14446,2518,4368,14100,18664,16205,12112,0
131923,2,1,2,40,2,-1,-1,0,-1,-1,-4309,12507,-1317,19075,16207,15813,4603,1903,6681,16219,18977,9934,0
320181,1,2,2,59,-1,-2,-1,-1,-1,-2,-1494,17671,-2147,-8868,9702,15520,1583,1601,9460,2977,4017,4141,0
307235,1,1,1,47,8,-2,-1,0,0,-1,-872,-6337,8780,14281,18865,22125,3401,1440,14081,15566,15027,14821,0
342647,2,1,2,23,-1,-1,-1,-1,0,-1,28235,-8911,-13335,-5612,-3494,21417,475,3068,8916,6124,2455,6335,0
99431,1,2,1,38,8,3,-1,0,0,-1,10891,-3917,13600,35360,10988,12704,5449,2384,19890,15596,17252,11843,0
267005,2,1,2,39,2,-2,-1,-1,4,0,4126,18222,-3857,33132,29605,20256,5927,7534,19083,21335,28246,18327,0
335540,2,1,2,28,-1,-1,-1,-1,-1,-1,12243,12587,-8466,-4759,4658,8202,2320,1437,6970,2884,6730,2933,0
72199,1,2,1,29,-1,-1,-1,0,-1,-1,16246,-13240,-636,974,11626,15053,2217,873,1180,7821,10105,11199,0
425425,2,1,1,31,2,-2,-1,-1,-1,-1,-8462,-8183,19876,12322,10889,10814,4553,4035,10600,4838,20665,10451,0
230256,1,1,1,32,8,-1,-1,0,-1,0,4086,-511,10916,26359,20414,15352,4689,2432,14787,21631,19738,19775,0
14207,1,1,2,39,-1,-1,-1,-1,-1,0,-18714,16435,17709,21030,13091,700,1050,2783,4312,12481,12376,9736,0
172931,1,2,1,32,7,-1,-1,-1,4,0,6601,21564,7296,25652,26754,30343,8527,7378,23845,24576,34580,26985,0
91723,1,2,2,28,-1,-1,-1,-1,0,0,-2114,26783,-5245,34700,4263,16168,4118,1382,17334,18438,14657,10606,0
249860,1,1,2,21,8,-1,-1,-1,0,-1,-6422,22475,4614,10966,19949,-9396,5060,1240,13557,3873,4853,3933,0
330202,2,1,1,26,2,3,-1,-1,4,-1,22813,7415,-5276,20317,27492,17630,1791,8822,16382,14053,19059,10671,0
456402,2,1,1,38,8,3,-1,-2,0,-1,-2004,9729,-7837,13281,24723,10388,2054,3873,12398,11013,15783,15042,0
314306,2,1,2,31,-1,-1,-1,-2,0,-2,-759,-14856,9415,33783,7675,-19747,126,5238,11998,7276,1612,4944,0
216002,1,1,2,34,7,-1,-1,-1,-1,-1,22056,6515,11384,2578,11841,42491,7147,6692,15611,16808,24640,22441,0
90852,1,3,1,49,7,-1,-1,-1,-1,0,4399,-12928,25079,21540,9658,19262,3093,5035,10270,21072,18712,17185,0
58424,2,2,2,41,2,-1,-1,-1,0,0,28332,12968,-12763,19007,14940,20414,4760,1283,17703,15436,14229,6190,0
170024,2,2,1,45,-1,-1,-1,0,-1,-1,14250,-5857,2746,-8751,6624,24920,2858,2110,2353,2461,11485,6590,0
303171,1,2,2,42,-1,-1,-1,-1,0,0,26717,18391,-13747,-14264,5162,16344,2737,5539,11383,1737,4112,2398,0
164046,1,2,2,33,-1,0,-1,-1,-1,0,5698,11424,17683,5740,10476,9057,2735,6020,14879,7212,7307,2781,0
235952,2,2,2,29,-1,-1,-1,0,-1,0,27459,7271,-3058,8634,2872,39566,4527,3377,11292,20091,17672,15871,0
267199,2,1,2,34,2,-2,-1,-1,-1,-1,-34751,9459,18808,34652,6401,-5556,2028,3577,8167,11289,13824,6264,0
210259,1,2,2,29,-1,-1,-1,4,4,-1,13419,92,3771,18196,22902,21790,4092,5912,15211,17718,19828,19192,0
121346,1,3,1,41,7,-1,-1,-1,-1,-1,20064,8524,9329,11827,20750,37186,4966,3132,12314,20120,25388,18045,0
154650,1,1,1,54,-1,-1,-1,-1,-1,-2,-15449,1915,19997,19009,6054,-13751,3263,3780,7323,5858,8551,5682,0
170136,2,2,2,27,-1,-1,-1,-1,0,0,2635,21969,2105,20842,23368,4393,1229,7458,17427,17252,11101,7973,0
247932,1,1,2,36,-1,-1,-1,-2,4,0,15544,11809,-25543,-10981,11829,2749,1773,318,749,9257,1655,7371,0
289240,1,1,1,42,2,-1,-1,-1,-1,0,4297,11598,53,12491,2703,14001,3853,533,17111,12369,14214,8567,0
230800,2,2,2,41,8,-1,-1,-1,-1,-1,6529,-11965,17028,10395,9692,11578,669,7371,13916,3960,11420,6805,0
15586,2,2,1,32,-1,-1,-1,-1,-1,-1,5301,9488,12052,7787,1029,13349,6789,3441,4384,4592,14978,8916,1
167966,1,3,1,59,7,3,-1,-1,-1,0,-2522,14433,15596,18525,10355,24821,2807,6301,8055,18855,22555,14355,1
252147,1,1,1,34,-1,-1,-1,-2,0,-1,-2597,10113,9234,6646,5669,-9646,426,2851,7401,1379,3260,5687,0
246448,2,2,1,43,8,-1,-1,-1,0,-1,-1484,3566,8467,20719,17479,18428,258,5221,14342,17464,16197,12512,0
286424,2,3,1,40,8,-1,-1,-1,-1,-1,-32493,16194,42298,36766,15748,10262,4568,5612,17294,17674,25590,15618,0
58108,1,1,2,28,1,-1,-1,0,4,0,12991,-6881,-5429,21415,23112,3353,718,11693,9410,9389,12911,11191,0
370476,1,1,2,42,2,3,-1,4,4,0,16489,23827,-1504,29152,38473,49691,4428,11817,29426,33490,33106,25145,0
271591,2,2,2,31,8,8,-1,-1,0,-1,25306,-3438,5152,1312,22508,23576,6586,4472,20689,8003,16241,11921,0
256972,1,1,1,43,2,3,-1,-1,4,2,-3783,11978,19750,44607,27922,29569,5201,9401,20225,29153,33286,23187,0
181498,1,1,2,34,-1,-1,-1,-1,-1,0,1915,14280,-1787,4007,9280,11097,1029,4993,8650,11709,10629,7186,0
223058,1,3,1,67,2,-1,-1,-1,-1,-1,-25433,971,39423,11690,-181,9956,3450,2837,3761,1301,17833,5574,0
132547,2,2,1,42,-1,-1,-1,-1,-1,-1,-11536,11773,15574,18499,-1464,6861,5109,428,5832,9578,15408,8491,0
344466,2,1,2,28,2,3,-1,-1,4,0,21187,2514,-14265,5305,28849,18898,1824,2188,17343,15393,10663,12656,0
145082,1,1,1,31,8,-1,-1,-2,0,-1,-15253,15407,21070,29706,26260,4417,1626,9267,18619,13452,19050,10868,0
129872,2,2,1,38,8,-1,-1,0,0,-1,-7954,-13650,13608,38233,14397,-5007,3405,862,9992,10924,13610,11541,0
537346,1,1,2,41,-2,3,-1,0,4,-2,6533,24666,-4670,11754,28602,32250,5937,1647,26344,24381,21774,21536,0
11037,2,2,2,21,2,-1,-1,-1,4,0,5911,23164,-15997,31439,7535,20304,2069,4632,12185,19817,17749,8525,0
24079,1,2,1,47,2,-1,-1,-1,-1,-1,1332,14745,14875,11064,-5097,12859,5582,154,16517,4351,15693,3034,0
70974,2,1,1,43,2,-1,-1,0,0,-1,-40987,10167,25230,46611,18844,-12744,864,2381,8116,13280,16578,6056,0
271329,2,2,2,39,-1,-1,-1,-1,0,0,25493,-258,-6623,5552,11620,11488,5447,531,21415,10529,5224,12052,0
27768,2,3,1,50,-1,-1,-1,-1,0,-1,-10143,17460,12589,20649,1968,3230,2907,1952,5949,5777,7080,173,0
165744,1,3,1,53,-1,-1,-1,0,0,0,-11840,8865,10819,17923,19168,7204,721,2110,12204,15315,10304,15411,0
64352,2,2,1,29,-1,-1,-1,-1,0,0,17115,-8585,2358,14369,272,-1772,473,5706,8279,3233,3523,3588,0
280668,1,2,1,39,2,-1,-1,-1,-1,-1,-5562,26447,10491,7748,14764,24594,2823,1997,9805,11509,18758,9090,0
161714,1,2,2,31,-2,0,-1,-1,-1,0,37728,-1315,4232,1481,21664,44007,7124,7371,22592,19019,22110,17377,0
296906,1,1,2,23,-1,-1,-1,-1,-1,-2,-10453,6744,6287,-2309,9695,-222,775,183,8542,7118,3859,7453,0
308255,1,2,1,51,-1,-1,-2,-1,-1,-1,-13011,-2197,24636,-835,-12156,6885,1511,3353,2389,2500,8457,6971,0
415349,2,2,2,38,-2,-1,-1,-1,0,-2,892,7207,4720,-1666,20004,-4460,595,10890,17433,2027,2995,5485,0
518977,1,1,2,47,-2,-2,-1,-2,4,-1,11500,-17944,-2382,-4442,23545,13288,3222,3848,11637,6012,11566,21570,0
225338,1,2,2,46,-1,-1,-1,0,-2,-1,10058,-4957,5349,-9546,8706,7001,1685,791,4147,1599,2181,7181,0
91881,1,2,2,32,-1,-1,-1,-1,-1,-1,-17866,16295,13905,2930,7987,5388,952,4314,3790,4910,12409,6010,0
191917,1,2,1,47,-1,-1,-1,-1,-1,0,8541,14124,-4225,-4088,4943,13035,13,5713,9271,4627,8341,2002,0
250836,1,1,2,44,7,3,-1,0,-1,-1,-3644,21661,13693,37862,21021,35960,4091,9674,16890,25224,31337,20617,0
298468,1,1,1,41,-1,-1,-1,-1,-1,-1,13563,-3125,13310,-6979,322,20275,2821,1334,7444,2547,11247,11891,0
31801,1,2,2,50,-1,-1,-1,0,-1,-1,10108,17554,-174,12484,7940,39421,1227,10896,5706,20189,23270,14337,0
351879,1,1,1,55,-1,-1,-1,-1,-1,-1,-5930,-13813,15097,4290,2550,-11989,999,1901,1163,606,4688,6695,0
209889,1,1,1,23,-1,-1,-1,-1,4,2,-5210,14736,2398,25120,2816,3932,2079,854,12105,14986,10266,13197,0
177975,2,2,2,46,2,-1,-1,-1,-1,0,8992,15300,-8498,509,10047,32716,5290,994,7637,15846,17184,10166,0
360823,2,2,2,38,-2,3,-1,-1,0,-1,-12603,18204,7397,10181,11750,10319,377,2652,17010,6734,8609,4919,0
54017,1,2,1,56,-1,-1,-1,-1,-1,-1,18235,6417,11301,-965,-5628,21183,4626,3412,1591,5885,16282,9555,0
358256,1,2,2,37,8,0,-1,-1,4,-1,2728,2369,10132,19552,7434,24398,2163,10819,15622,9020,17895,13240,0
424222,1,1,1,39,-1,-1,-1,-1,-1,-1,28377,-18,-6693,-4607,-1559,29569,3576,6422,13175,2744,12983,10944,0
316413,1,1,1,33,-1,-1,-1,-1,5,0,3056,14121,-7168,2647,10809,-355,2483,910,11229,6710,6935,5324,0
275011,2,2,2,36,0,-2,-1,-1,-1,0,53558,-1934,-11148,-2262,15499,34531,4196,4557,16042,11190,13067,9656,0
307142,1,2,2,30,-2,-2,-1,-1,0,-2,-16441,6673,14565,28263,13973,-986,1539,3235,17312,13763,13363,11108,0
212381,2,1,2,29,-1,-1,-1,-1,0,-1,-8996,2552,-2283,9628,11201,2436,571,4463,2365,596,8232,2995,0
432793,1,2,2,45,-2,0,-1,-1,4,2,3275,9025,6940,13246,19348,38406,178,11316,17200,19554,21286,19127,0
393010,1,2,2,25,-2,-1,-1,-1,0,-2,16334,-6289,-2641,710,20086,9559,144,4562,14354,6859,6666,9594,0
142110,2,3,1,46,-1,-1,-1,-1,-1,0,6702,12382,-6393,5092,781,-3491,1179,2870,2067,5544,3369,4236,0
109227,2,3,2,48,-1,-1,-1,-1,-1,0,-4026,4177,19121,5170,-5325,3285,301,7760,2011,3661,8523,2699,1
243589,1,1,2,51,-1,-1,-1,0,-1,-1,3187,-3845,-1219,-8679,9807,16637,363,2572,1246,4243,9861,9335,0
189771,2,1,2,49,7,3,-1,0,-1,-1,-551,1583,13900,28548,32590,29173,4524,3453,8829,23109,25854,17949,0
156912,1,2,2,36,3,-1,-1,-1,-2,0,21707,6714,-7351,-12837,23341,10470,1823,7402,15161,884,10824,5745,0
374564,1,3,1,55,8,4,-1,-1,-1,-1,-5328,433,29576,2923,8614,21570,3089,2001,9635,3725,14248,7421,0
315791,1,1,2,30,-2,-2,-1,0,4,0,-6795,-347,3886,15094,21759,10981,32,5439,12005,13171,12174,13861,0
193253,1,3,2,48,-1,-1,-1,0,-1,-1,-9000,-4665,12159,5725,14544,7196,1034,8212,1320,4247,13762,14391,0
438115,1,2,2,36,-2,-2,-1,0,-1,-1,-14017,-2892,25427,20974,14543,16198,446,8288,13238,14162,15809,15272,0
391387,2,1,1,41,8,-2,-1,-2,4,-1,-10233,1707,2242,20499,20807,1599,2544,3235,8362,6482,13322,9304,0
175319,1,2,1,45,2,-1,-1,-1,-1,-1,-3097,8524,11710,6150,15929,12551,1769,4260,11835,6942,18805,11311,0
492394,2,1,2,42,-1,-2,-1,-1,0,-1,2658,9266,287,-3257,13201,955,6365,530,14740,1064,1282,6065,0
320963,2,2,1,40,-1,-1,-1,-1,-1,-1,-14880,15992,15079,-986,226,11843,3275,1034,5832,3628,7903,2050,0
252623,1,3,1,51,7,-1,-1,-1,-1,-1,-18095,11275,14841,15632,12523,7064,5656,226,10125,9528,18116,9063,0
79520,1,2,2,35,-1,3,-1,0,4,-1,4875,15748,2493,36065,14584,33246,1923,6599,11056,22191,23091,14315,0
158186,1,2,1,46,2,-1,-1,-1,-2,0,-1416,14218,4430,7953,14540,-967,982,1360,9893,3092,9560,2648,0
424202,1,3,1,42,-1,-1,-1,-1,-1,-1,25052,5872,-2122,-9668,1820,30381,927,7230,8105,5649,13735,11581,0
175649,2,2,3,27,-1,-1,-1,-1,-1,0,18075,4357,2387,4857,1515,23896,362,8499,8442,9577,13275,9067,0
187269,2,1,2,34,-1,-1,-1,-1,-2,0,23818,-7584,-16711,3946,17765,-3703,3187,1505,6071,5207,7066,9205,0
320762,1,1,2,41,2,3,-1,-1,-1,2,-15874,15559,18225,18615,24571,19103,1492,9011,14483,16434,21986,10633,0
262578,2,2,2,29,-1,2,-1,-1,0,-1,36152,-1907,-8841,-4378,329,45803,6961,270,16108,16655,16446,17738,0
47135,2,2,1,23,-1,-1,-1,-1,0,0,11165,8814,-6217,22955,664,1460,968,2676,9524,10334,5880,5219,0
353049,2,1,2,44,-1,2,-1,-1,-1,2,22316,10853,-4496,-6622,7436,36507,3810,2324,18377,17532,14226,11765,0
163177,1,1,2,26,2,3,-1,-1,-1,0,9070,33335,-1889,40788,37787,48146,5654,14613,29092,40056,39530,26479,0
377314,1,2,2,34,-2,-1,5,-1,-1,0,19090,12807,2413,4439,12110,26675,3669,11050,21760,13422,24361,17610,0
260317,1,2,1,56,7,3,-1,-1,-1,-1,15303,21683,5832,8619,13354,41703,9038,3130,17908,17261,28877,21856,0
198496,2,1,2,39,2,-1,-1,-1,-1,-1,-30082,-1508,20473,20451,16366,-8175,1973,4335,6828,2638,4424,329,0
200397,2,2,2,37,-1,-1,-1,-1,-1,-1,-2769,-25703,40905,4095,2306,19577,9405,13427,25418,6551,7485,5485,1
362951,1,3,1,67,-1,-1,-1,-1,-1,-1,-10817,-24988,21308,-10170,7746,22311,4713,7546,15040,5619,6903,5989,1
231433,2,2,3,34,-1,-1,-1,-1,-1,-1,-11861,986,18228,-5180,8550,5432,11362,11661,15945,7460,5408,6593,0
145650,2,3,2,35,1,-1,-1,-1,0,0,-10182,-20868,22045,11037,5332,14933,2017,6023,7903,1702,4094,4046,0
194467,1,2,1,46,-1,-1,-1,0,-1,-1,-17867,3453,9990,6900,6284,5465,857,7561,5045,1833,2765,2516,0
214943,2,2,3,37,-1,0,0,0,-1,-1,39390,27110,4570,-8461,2704,18114,3193,3731,1872,452,2594,5532,1
273836,2,1,1,54,0,0,-1,-1,-1,-1,-880,26686,8540,14287,-588,6672,1246,2364,860,1782,2224,2483,0
188010,2,1,2,29,0,-1,-1,-1,-1,-1,14959,24782,-2649,-7991,10595,11288,3727,2520,883,1991,2344,4217,0
320263,2,3,1,34,-1,-1,-1,-1,-1,-1,7597,-17988,13739,-475,1690,29477,6689,578,14935,4816,4942,5601,0
274766,1,3,2,38,-1,-1,-1,-1,-1,-1,-7442,-7786,11115,3826,1770,18052,4598,5329,10737,5034,6211,5690,0
322753,1,1,2,45,-1,-1,-1,-1,-1,0,-605,6710,8319,-6151,9189,23960,1757,4571,7803,2775,6487,5368,1
275806,2,1,1,62,-1,-1,-1,-1,0,0,8334,635,30784,38284,-13763,5101,5588,2217,12817,3855,3323,700,0
50346,2,2,1,42,1,-1,-1,0,0,-1,5792,-29072,6346,11410,18021,12251,2026,1343,6583,726,3580,4614,0
321821,1,2,3,48,2,-1,0,-1,2,0,-23329,26080,19097,25349,16157,3255,3545,8717,5986,1866,8125,1877,0
154622,2,1,2,39,0,0,0,0,0,0,38168,34815,3076,24262,11584,4566,3723,4333,366,291,2195,3198,0
444201,2,1,1,45,-1,-1,-1,-1,-1,-1,-17882,-6553,36930,-5420,-3078,17469,7765,4035,18214,9340,2907,5384,0
86695,2,2,2,26,-1,-1,-1,-1,-1,-1,-9419,-8567,24957,-10340,16604,4984,1505,4819,5544,1720,3178,6162,1
250667,1,2,2,26,-1,0,-1,-1,-1,2,22390,14088,-2242,-10828,7124,24228,2711,7373,2830,2664,3481,5862,0
143379,2,1,2,34,0,0,-1,0,0,-1,-532,6066,13241,30625,8781,-402,1799,2588,1017,1517,676,1106,0
321576,1,3,1,43,-1,-1,-1,-1,-1,-1,3496,3757,14989,-3358,-2901,24304,1967,4535,5567,3972,2602,5385,0
74797,2,2,1,32,-1,-1,-1,0,0,-1,-5941,-8605,29148,29368,3793,-1183,1537,2680,4563,3845,1233,2173,0
53836,1,1,1,42,-1,-1,-1,-1,-1,0,12479,-8403,5156,-5828,-140,26512,2390,74,5656,2138,4246,6807,0
258617,2,1,2,41,-1,-1,-1,-1,-1,-1,12428,-10571,18184,-21589,6844,31266,7924,9277,19197,4995,6501,7280,1
347922,2,2,1,48,-1,-1,-1,-1,-1,-1,16395,-23307,7382,-16087,-4345,42030,13630,6124,25690,7708,6476,8598,0
251197,1,1,2,24,-1,-1,-1,-1,0,-1,-12428,-12362,19904,-1352,845,20242,6335,2996,13133,6361,4402,6786,0
167087,1,3,2,44,-1,-1,-1,-1,-1,0,-15822,7635,11748,12018,9990,1035,1784,2007,5274,3477,4757,3249,0
183130,1,3,1,54,1,-1,-1,-1,-1,-1,-35199,-12624,26813,21179,5527,-86,5942,258,13822,6957,3578,4451,0
396775,1,3,1,41,-1,-1,-1,-1,-1,-1,3431,5354,15446,-18516,3141,27864,3503,3938,13083,5682,5633,5670,0
301587,2,1,2,32,-1,0,-1,-1,-1,-1,-15081,21810,23095,11488,18602,-11880,859,2214,3107,2906,2676,1571,0
277361,1,2,2,29,-1,-1,-1,-1,-1,-1,-6613,24747,12338,-1296,1227,14246,797,1598,2684,2459,3824,5575,0
280407,2,2,2,34,-1,-1,-1,-1,0,-1,-10102,21621,4330,6143,-17914,26443,4313,2926,10955,4132,2576,4388,0
332694,1,3,1,59,-1,-1,-1,-1,-1,-1,-12840,24667,275,-3929,4238,21558,2864,1082,9654,3969,5775,5102,0
170366,1,2,3,44,-1,-1,-1,-1,-1,-1,25892,-5700,6306,-22336,4307,20568,2888,9061,8592,2017,4400,4513,0
262353,2,1,2,33,-1,-1,-1,-1,-1,-1,-15217,-1058,12767,940,2038,15332,10337,6764,15485,10030,7146,7861,0
106409,2,3,2,34,0,0,0,-1,0,0,-407,38642,12796,16932,22657,3794,3433,684,1564,1445,2412,3994,0
98804,2,2,2,37,-1,-1,-1,-1,0,0,8804,22369,7620,16981,-2390,18681,2610,5787,2297,25,3329,3077,0
98281,2,3,2,38,-1,-1,-1,-1,-1,-1,-2193,11220,11329,7236,-11459,10127,2215,6171,5390,775,2466,3418,0
231754,2,3,1,43,-1,-1,0,0,-1,-1,384,4746,13762,13635,25658,7241,2159,939,2344,2419,2286,2776,0
276115,1,2,1,44,-1,-1,-1,-1,0,-1,-15396,10684,26423,12636,-9184,13852,3312,3085,13487,3923,4903,3172,0
491069,2,1,2,51,-1,-1,-1,-1,-1,-1,-15164,868,26142,-336,540,20510,5509,6330,16973,5571,8905,4340,1
173240,2,3,1,39,-1,0,0,0,-1,-1,22346,9892,39598,32976,-3547,-2803,1924,1769,1522,1450,1021,2163,1
293899,2,1,2,35,-1,-1,-1,-1,0,-1,-32711,-24488,37580,25419,2294,56,8527,6987,20782,10151,4050,3502,0
286904,2,1,2,23,-1,-1,-1,-1,-1,-1,-3412,-7969,4796,-8207,15200,18571,12175,6372,18526,7812,7055,7783,0
49147,2,2,1,35,-1,-1,-1,-1,-1,0,-17177,4751,31422,32556,5992,-7882,217,4606,716,1999,4595,4711,0
104997,1,3,1,48,0,0,-1,-1,-1,0,-1667,26072,31429,13815,2852,34,1068,3635,6365,487,2946,1550,0
125356,2,1,2,32,0,0,-1,0,-1,-1,-6055,4932,27895,33404,6292,-5800,900,1566,1486,1275,1180,2204,0
253643,1,3,2,40,-1,-1,-1,-1,-1,0,29804,-778,13514,-16433,-5038,33706,1788,4278,8117,1174,4038,5286,1
280620,2,2,1,32,0,0,-1,0,0,-1,18970,20242,-2202,20875,-11146,13116,4456,4757,6672,2948,1266,1724,0
230089,1,1,1,38,0,0,0,0,0,0,16155,53774,12399,36999,12994,11154,5417,1076,778,2428,3433,3950,0
226462,2,1,2,28,-1,-1,-1,-1,-1,-1,1426,2962,9528,4322,5987,7052,2513,5294,7302,2920,3547,2789,0
204807,1,1,1,47,0,0,0,-1,-1,0,6135,23315,23765,21281,7437,6434,4054,3838,2726,1220,2798,2465,0
240555,1,2,2,47,-1,-1,-1,-1,-1,-1,-22529,22923,20833,3350,5581,3060,1677,3813,5775,4918,3042,3165,0
158370,1,3,1,40,-1,-1,-1,-1,-1,0,2975,5002,8685,8656,-4353,3701,4254,4450,12657,2440,3472,2026,0
134224,2,3,1,52,-1,0,0,-1,-1,0,-26803,34397,31954,24945,7925,-2351,477,2810,3183,1895,3540,2638,0
385979,2,1,2,28,-1,-1,-1,-1,-1,-1,36069,-13729,1298,-31855,-2563,46458,10919,6936,18085,7100,6277,8971,0
222815,1,2,1,64,-1,-1,-1,-1,0,0,-36009,3003,35550,1294,9397,17475,3357,2212,11398,4282,4816,5670,1
180335,2,2,2,27,1,-1,-1,-1,0,-1,4557,1651,6689,25644,-809,5795,4172,4988,6190,2210,2243,951,0
292478,2,1,3,30,-1,0,-1,-1,-1,-1,-12270,10652,31608,12422,3213,2822,2379,7641,6887,3935,5857,4680,1
324253,1,3,2,46,-1,-1,-1,-1,0,-1,-17999,-15386,29776,11962,-65,12984,3428,1141,13494,5641,2685,2371,0
218869,1,1,1,51,-1,-1,-1,-1,-1,-1,-34783,11446,36335,30208,10125,-13383,3693,2026,10335,4343,2960,335,0
215354,1,1,2,46,0,0,-1,-1,0,-1,-1624,37371,14447,21892,-544,5785,158,4148,2654,237,1806,243,0
99241,2,2,1,43,0,0,0,-1,-1,0,-6482,25836,34740,28103,-5414,-7701,3567,391,3259,996,1715,2643,0
36567,2,2,2,35,-1,-1,-1,-1,-1,0,1691,-1796,-1137,-13578,833,27662,10989,7818,13621,2840,7240,9785,0
212405,2,1,1,34,-1,-1,-1,-2,0,-1,-14389,-20354,17882,18497,3225,6151,2791,3396,9371,5259,3279,3625,0
211764,2,2,2,29,-1,-1,0,-1,0,-1,8969,11558,27995,-9583,6581,23421,3358,6672,9358,1045,3144,4740,1
193792,2,2,2,31,-1,-1,-1,-1,-1,-2,-4645,6873,16936,-10620,-5186,22571,5904,3199,13366,3224,3687,6092,0
360217,2,3,1,42,-1,-1,-1,-1,0,-1,-29602,-7417,31158,9479,-3687,23018,10551,6147,22877,9103,7434,5171,0
163725,2,2,1,44,-1,-1,-1,-1,-1,-1,21265,-8056,-2272,-5591,911,20231,3157,7404,7463,470,4938,5299,1
237814,2,1,1,34,0,0,0,0,-1,-1,6207,40345,35128,30686,-1669,-6307,1720,3801,38,1850,382,880,0
108280,2,2,2,41,-1,-1,-1,-1,-1,0,-6466,20162,4472,-4632,9329,14263,2305,2338,3146,1776,1982,4327,0
218967,2,2,1,36,0,0,-1,-1,0,-1,26157,18509,24535,22509,1711,8483,3221,5653,6255,836,1192,62,0
180249,1,2,2,56,0,0,-1,0,0,-1,2848,41895,29832,13707,3697,4420,1399,4060,2887,1638,565,2238,0
99514,2,2,1,38,0,0,0,0,0,0,27515,29631,6520,24504,5059,14788,4399,2277,1860,1312,1468,3538,0
315380,2,1,1,44,-1,-1,-1,-1,-1,-1,-34288,12200,26254,15015,3086,-731,6040,2183,10151,6737,5107,3835,0
263820,2,1,1,41,-1,0,-1,-1,0,-1,-1045,12659,27474,8859,-544,9307,2311,3613,6085,2128,1838,2142,0
145329,1,3,2,43,-1,-1,-1,0,-1,-1,22605,-6706,-3138,-17916,15652,29123,3667,2495,5445,1740,3120,6080,1
288506,2,1,2,34,-1,-1,-1,-1,-1,0,3558,-18889,11814,-6242,764,19290,9142,5826,15989,6832,7638,8074,0
462566,1,3,1,42,-1,-1,-1,-1,-1,-1,-19628,-11072,34300,-517,8832,12972,6796,10776,21912,8472,7727,3790,0
202866,2,1,2,46,-1,-1,-1,-1,-1,-1,-13333,63,7334,1305,-756,15153,4445,3216,10894,2947,4118,3092,0
284190,2,1,1,34,-1,-1,0,-1,-1,-1,14482,4290,23120,9139,7209,9082,2026,191,5278,2424,1794,2623,0
130123,2,2,1,40,0,-1,-1,0,0,-1,-22517,19573,18338,46127,11190,-13331,5488,6054,5786,2755,3939,1917,0
155038,1,1,1,40,-1,-1,-1,-1,-1,-1,18085,-11627,1450,-5130,8940,18681,1981,104,7163,890,3238,4231,1
296443,1,2,1,55,-1,-1,-1,-1,-1,-1,-2240,-33145,17985,-22481,-4083,39198,9453,4947,24857,8982,6054,9181,1
227195,2,1,2,29,-1,-1,-1,0,-1,-1,12334,10490,7325,-6411,9445,19423,3375,3256,7962,3288,2305,2905,0
232060,2,2,1,44,0,0,0,-1,0,-1,23243,11182,11841,23747,572,12248,3980,3361,6759,81,2554,2071,0
177804,2,2,2,45,0,0,-1,0,0,-1,6975,25480,5779,13762,3585,12048,1502,758,2302,888,2012,2547,0
255066,2,1,1,32,-1,-1,0,-1,-1,-1,24312,7861,10571,1258,4514,18831,3951,3426,7797,2068,4242,5052,1
265519,1,1,1,43,-1,0,0,0,0,-1,656,43520,30201,40246,6524,-2366,2552,10066,5023,1813,3516,984,1
97975,1,3,2,69,0,0,-1,-1,-1,0,2528,28133,9612,7833,5060,7181,1524,193,1007,1215,3133,5118,1
160888,2,1,2,30,1,-1,-1,-1,0,-1,-1925,-23629,13254,11397,12147,-1735,3122,24,6202,3074,3135,3875,0
327508,1,1,2,51,-1,-1,-1,-1,0,-1,18849,20988,-519,-12505,-8349,34720,6211,5027,11799,3148,4596,4717,0
246418,2,2,2,41,-1,-1,-1,-1,-1,-1,8189,15678,-2592,-4139,1996,21990,6897,107,10401,5165,3587,5914,0
172481,2,1,2,40,-1,-1,-1,-1,-1,-1,-16586,-2505,15529,13281,14905,-5398,2356,6005,7984,3383,4605,2100,1
205295,1,1,2,56,-1,-1,-1,-1,-1,-1,-43451,10614,19467,23868,8954,-1025,1802,2329,6161,4354,3225,2133,0
236179,2,2,2,47,-1,-1,-1,-1,0,-1,14750,-2487,22896,9310,-9834,19521,3110,584,10005,1682,1100,1570,0
107196,2,3,2,26,-1,-1,-1,-1,-1,0,-27105,-12545,15239,15546,15398,3956,5189,8785,12377,3800,9072,5123,0
274909,1,1,1,46,-1,-1,-1,-1,-1,-1,-22569,-2946,30763,7152,12618,9793,11776,20364,26243,8721,10402,4582,1
287759,2,1,2,35,-1,-1,-1,-1,-1,-1,-1716,-20907,15968,-4886,-5460,20283,10380,4537,19059,8698,3968,6401,0
372747,1,3,2,42,-1,-1,-1,-1,-1,-1,-7942,3306,27986,4370,-13455,27712,5129,14000,15185,4408,5037,3384,0
230261,1,2,1,38,-1,-1,-1,-1,-1,2,21159,-5664,25070,-12445,-1974,33985,4693,2703,13221,2608,4162,5907,0
270301,1,2,1,39,0,0,0,0,-1,2,29142,49213,6510,3813,-4648,11513,4599,2261,1324,1661,409,3607,0
148495,2,2,2,43,-1,0,-1,-1,-1,-1,8052,16024,30466,11920,-1909,943,1956,5315,5713,95,1237,1518,0
222784,1,2,2,43,-1,0,-1,0,-1,-1,16172,16371,7699,-2061,-2714,22818,1247,443,1299,1242,1719,4117,0
289776,2,1,1,37,-1,-1,-1,-1,-1,-1,-32583,-21751,37511,13010,-1447,4830,5065,6075,15461,5584,6466,5039,1
386120,2,1,2,27,-1,-1,-1,-1,-1,-1,28148,-3151,-6931,-16480,4095,39683,12209,7811,20101,5226,7474,7290,0
294262,2,2,2,38,-1,-1,-1,-1,-1,-1,-9182,-1231,24211,-9283,-9572,28225,14607,14217,24198,9559,9504,9894,0
230992,2,1,2,40,-1,-1,-1,-1,0,0,-16871,30545,18588,10288,-6211,12171,4020,2096,7770,2669,3826,2238,0
207732,2,2,1,31,-1,-1,-1,-1,0,0,-4662,18154,18418,18202,-5196,10780,6014,12179,12207,2070,5559,1966,0
115213,2,2,2,50,-1,-1,-1,-1,-1,-1,-24512,19571,7958,19605,4772,-4461,1433,5145,2386,2182,4087,3417,0
111360,2,2,2,38,-1,-1,-1,-1,-1,-1,-11294,4677,20891,23341,9950,-6729,583,6589,4735,553,2979,1219,1
440782,2,1,1,37,-1,-1,-1,-1,-1,-1,-28452,-5973,37480,16646,-13780,15747,9141,1923,23251,9310,6962,5784,0
249305,2,3,2,33,-1,-1,-1,-1,0,-1,13424,-9086,4275,-8490,3622,22376,6944,8899,12301,3279,4939,4226,0
166276,2,1,1,36,0,0,0,-1,0,0,-22723,37911,28816,46564,4582,-13979,3365,1534,2654,1538,2892,88,0
218435,1,3,2,50,-1,-1,-1,-1,-1,-1,-8450,-9584,14256,969,1629,20903,8349,6424,16703,8066,5778,6330,0
236178,1,2,2,36,-1,-1,-1,-1,-1,0,36920,4109,-12889,-38475,1776,43418,6036,3209,10250,1792,4402,8480,0
140052,2,2,2,44,-1,-1,-1,0,-1,-1,-21835,-26898,24902,-1959,10077,8700,2726,1175,10349,5574,2047,5319,1
129212,2,3,2,46,-1,-1,-1,-1,-1,-1,-21658,-9768,19533,13843,12767,2943,3410,7749,10476,2760,4428,3222,0
173154,2,1,1,34,-1,-1,-1,-1,-1,-1,-31376,1965,26145,17837,3680,-8461,1228,5143,6334,2405,2582,588,0
182519,2,3,1,43,-1,-1,-1,-1,-1,-1,-6559,-6496,25435,27630,3538,-23,2505,1056,8558,2113,2958,1453,0
41095,2,2,1,32,-1,-1,-1,-1,0,-1,-26750,-22168,14082,22848,15427,-4387,2764,1788,7846,2788,3570,3671,0
188335,1,3,1,44,-1,-1,-1,-1,-1,-1,-5547,-13348,9190,-10407,5308,14192,4527,5730,11240,3009,2940,3925,0
150679,2,1,1,27,0,0,-1,0,0,-1,5967,7886,9337,26622,17169,-4105,3376,2312,4376,3167,2414,1567,0
339385,2,1,2,38,-1,-1,-1,-1,0,2,121,-16773,27242,5712,-18449,26695,7363,8065,20282,5555,5113,3670,0
170298,1,2,1,32,-1,-1,-1,-1,-1,-1,-26482,13952,26295,22299,11033,-5672,3085,6714,7099,1091,4485,2134,0
335631,2,1,2,41,-1,-1,-1,-1,-1,-1,-29278,5671,5131,8558,9684,12329,5586,3436,8690,7777,4931,4457,0
251485,2,2,1,31,-1,-1,-1,-1,0,2,5281,15183,11566,4250,-8215,19906,3800,1125,6852,2268,499,2421,0
154653,1,3,1,43,-1,-1,-1,-1,-1,-1,-14083,-2607,34190,17461,2992,-2790,320,1413,5069,2583,1898,2165,0
218741,1,2,2,39,-1,-1,-1,0,-1,-1,-3760,18540,8000,-3467,8737,10702,336,8490,2754,271,4397,2529,0
270574,1,1,3,27,-1,-1,-1,-1,-1,-1,-27591,11495,21149,1411,344,-3665,4148,6650,9185,5022,4806,4997,0
111701,1,2,2,36,0,-1,-1,0,-1,-1,13109,20003,-4299,698,1054,12088,2606,5762,1839,356,1955,3218,0
101358,1,2,2,36,-1,-1,-1,-1,0,0,11872,13029,308,-5568,6877,24039,5510,5709,8693,1578,3207,5508,0
361538,2,3,1,29,-1,-1,-1,-1,-1,-1,-42582,-26807,43092,5666,9209,9856,12050,14749,24059,14305,11479,10128,1
176857,2,2,2,21,-1,0,-1,-1,-1,-1,14195,14102,369,3495,4514,9631,4514,5892,4517,773,2338,3073,0
212832,2,1,1,32,-1,-1,-1,-1,0,0,22809,205,15190,8247,12433,8855,2901,4405,5778,1336,2666,2007,0
203345,2,1,2,31,-1,-1,0,-1,0,0,11324,27330,7139,14418,4676,9342,3038,4332,4474,235,5388,3967,0
188476,2,2,1,46,-1,-1,-1,-1,0,-1,-20812,117,19534,17003,-11007,4383,9058,5564,14807,6350,3677,4850,0
201072,1,1,2,44,-1,-1,-1,-1,-1,-1,-5702,14342,7139,1524,11993,1636,3586,1545,7630,2799,2767,3220,0
337561,1,1,1,48,-1,-1,-1,-1,-1,-1,-29525,-7631,36200,4443,-7997,7835,3884,4730,13639,5937,4978,4619,0
323326,2,1,1,24,-1,-1,-1,-1,-1,-1,24151,3880,11736,-1864,2628,26416,4640,10949,11277,1307,5805,2801,0
216851,2,1,1,39,-1,-1,-1,-1,-1,-1,-3368,-12644,29549,11922,-1516,8237,5494,5666,14017,3251,3518,2364,0
270438,2,3,2,24,-1,0,-1,-1,-1,-1,34127,8986,7864,-17286,10660,21550,3287,1195,8617,566,2049,3340,0
165836,1,1,1,30,-1,0,-1,0,0,-1,26001,12741,-3180,12848,14351,9930,2312,7851,3658,546,3499,2263,0
151939,1,3,1,45,-1,-1,-1,-1,-1,-1,-30298,1648,35462,16464,-2003,-1826,5154,9415,11390,5511,4330,4679,0
235812,2,2,2,37,-1,-1,-1,-1,-1,0,13310,-23195,1459,-25805,3347,38242,9395,10374,20366,6107,7869,8435,0
228821,1,2,1,66,-1,-1,-1,-1,0,0,-10918,24297,1103,12859,2515,17941,1081,1690,4040,1929,4893,3154,0
190557,2,1,2,33,-1,-1,-1,-1,-1,-1,22122,13692,-9417,-2170,673,16596,1755,58,1430,415,1990,4209,0
166890,2,2,2,44,-1,-1,0,-1,0,-1,35949,5358,9579,7526,-4503,26815,3174,3320,7913,263,1263,1913,0
280138,1,1,2,32,-1,-1,-1,-1,-1,-1,-17121,-22340,23432,5896,9488,11369,8440,12155,20061,7254,8666,6317,1
65575,1,1,1,25,-1,-1,-1,0,0,-1,7480,20557,2565,17010,14646,-1595,3643,5329,2475,3531,2395,2848,0
119534,1,2,2,48,-1,-1,-1,-1,-1,-1,-10455,-13915,16784,8601,-3189,22317,6320,6304,19078,3607,6670,5000,0
249341,2,1,2,36,-1,-1,-1,-1,-1,2,-1869,-2928,12680,-9907,-614,26675,1848,285,7476,3333,3654,5137,0
366173,2,1,2,37,-1,-1,-1,-1,-1,-1,-8527,-10812,17306,-8887,13338,25097,5269,8300,17288,6984,6177,6514,1
245422,1,1,1,52,-1,-1,-1,-1,-1,0,-15620,9326,16914,-470,-5173,20986,1546,3651,8625,3261,5320,4757,0
232304,2,3,2,41,-1,0,-1,-1,0,-1,2175,20183,17683,22146,12267,5265,2556,3984,4393,2946,2111,2115,0
144442,2,2,1,29,-1,0,-1,-1,-1,2,17300,11908,30480,9321,1821,4588,1474,6796,3035,488,199,1707,0
315287,2,1,2,38,-1,-1,-1,-1,-1,-1,-20508,11761,36749,16733,6116,-5944,2812,9960,14276,5159,4850,839,0
275889,1,1,1,38,-1,-1,-1,-1,-1,-1,11310,-3831,4066,-4738,-2215,21395,1890,2229,6116,3896,1868,2622,0
240855,1,2,2,30,-1,-1,-1,-1,-1,-1,2411,-7729,13045,-6488,1881,17586,4098,5688,11310,4046,4220,5049,0
54930,2,1,1,39,-1,-1,-1,-1,-1,-1,-20465,-2002,13692,26790,11319,-9664,3447,871,3046,1271,2951,2468,0
175065,2,1,1,43,-1,-1,-1,-1,-1,-1,-14434,-9129,37300,16288,7870,-5186,1066,3217,10633,4272,3058,2859,1
225017,1,2,1,42,-1,-1,-1,-1,-1,-1,13936,7822,3856,5119,-1380,19072,3258,2394,8647,2204,3495,3943,0
271578,2,2,1,45,-1,-1,-1,-1,-1,-1,-10852,20550,34118,23290,-5102,-2784,969,4755,7253,1502,2030,384,0
58322,1,1,1,34,-1,-1,-1,-1,0,-1,-10648,-5146,5647,12070,13713,-1261,628,1380,4788,1617,2736,2891,0
176196,1,2,2,31,-1,-1,-1,0,-1,-1,31404,-15639,-621,-11596,16844,20084,199,969,2465,208,2258,4929,1
245009,1,2,2,27,-1,6,-1,0,-1,-1,1855,17629,18613,1885,-38,9931,2705,6208,9990,1778,1284,2004,1
276651,1,2,2,34,-1,-1,-1,-2,-1,-1,18536,3164,12511,-7250,874,30662,4007,3436,10739,3563,2720,5091,1
252199,2,3,1,37,-1,-1,-1,-1,-1,-1,-36327,-9318,34096,23891,5312,-3557,5963,2749,16669,6628,3967,1949,0
355037,2,1,1,55,-1,-1,-1,-1,-1,-1,-53878,4046,45098,23620,1844,-3864,8820,882,18391,9360,5649,3800,0
115082,2,1,2,32,-1,-1,0,0,0,-1,14746,16685,-154,23263,13272,631,3740,836,1774,1556,3708,3959,0
101831,2,1,2,29,-1,-1,-1,-1,-1,-1,15513,-1091,-17354,-5902,-341,22512,4204,986,3881,3540,1432,5469,0
92420,1,2,2,38,-1,-1,-1,-1,-1,0,2819,8766,7375,-4409,-1538,21215,3876,3966,8908,489,5123,6169,0
213340,2,3,2,47,-1,-1,-1,-1,-1,-2,-13907,-31161,29075,-9331,-526,21838,8641,1108,18362,7100,5836,8394,1
146185,2,1,2,34,2,-1,-1,-1,-1,-1,10524,4071,-2105,18448,-6867,14413,2427,345,6778,1440,2907,2782,0
398657,1,1,2,42,-1,-1,-1,-1,-1,-1,-6169,-13537,16776,-13143,-10336,44054,10675,9829,27468,9979,9378,8895,1
142568,2,1,2,38,0,-1,-1,-1,0,0,14063,11315,10404,25299,2384,3422,1640,3942,3770,215,3001,1399,0
105099,2,2,1,42,-1,-1,-1,-1,-1,0,-19288,4032,22716,7488,7780,11192,5758,2728,11244,2757,4021,5864,0
90210,2,2,1,36,-1,-1,0,0,0,-1,-11129,6475,33437,34276,12147,-14931,3171,699,4415,2049,2006,2208,0
298911,2,1,2,23,-1,-1,-1,-1,-1,-1,21820,-20033,1253,-18535,20437,15839,4448,1288,7622,4309,3559,5438,0
233840,1,1,2,45,-1,-1,-1,-1,0,0,12782,3030,991,3748,5281,23280,3883,3491,7292,1930,4311,4575,0
257374,2,2,2,40,-1,-1,-1,-1,-1,-1,-4416,7874,16918,13851,-9673,14603,3013,9049,8330,1415,3511,1330,0
293020,1,3,1,43,-1,-1,-1,-1,-1,-1,-23418,-527,15380,-4487,3799,19290,10916,499,19159,8102,5866,7177,0
250971,2,2,1,53,-1,-1,-1,-1,-1,-1,-44957,-17193,39801,24913,6442,-13466,5038,859,16310,7968,3334,4335,1
97276,2,2,2,35,-1,-1,-1,-1,-1,-1,-32057,-2670,21688,15617,8215,2387,4793,1190,8920,4987,2432,6183,1
32277,1,2,2,35,-1,-1,-1,0,0,-1,-5928,-697,1109,10809,10513,4902,2341,1392,1277,1422,2039,4269,0
357629,2,1,2,34,-1,-1,-1,-1,-1,-1,-2571,-23699,31860,81,-2812,25697,7127,10761,19499,8890,6654,6081,1
192768,1,1,1,30,-1,-1,-1,-1,-1,0,-8606,31518,11140,-5977,4417,20763,4634,8061,7582,264,7420,5709,0
148462,2,3,1,38,-1,-1,-1,-1,-1,-1,-614,4161,23837,21507,7246,1854,1833,4008,6074,166,1843,189,0
176118,2,2,1,39,0,0,0,0,-1,-1,33472,27778,13682,4404,3907,14084,3402,340,4011,1652,702,4378,1
122844,2,2,2,26,0,-1,-1,0,0,0,10342,23368,6516,9464,12972,5204,5027,2661,5004,150,1860,2685,0
159847,2,1,2,24,-1,-1,-1,-1,0,-1,5633,-3619,18254,17424,-676,3611,1331,6676,7394,1209,2483,862,0
108850,1,1,2,28,0,0,-1,0,0,-1,12777,28100,14923,22216,9498,4197,2081,4679,148,482,1465,1046,0
227933,2,2,2,27,-1,-1,-1,-1,-1,0,8253,523,22096,1155,6875,12976,2138,7047,9521,909,5084,3699,1
122276,2,3,1,32,-1,-1,-1,-1,-1,-2,-13814,-642,34442,15631,-560,-10425,3733,4933,8200,3831,3197,2575,0
249115,2,2,2,45,-1,-1,-1,-1,-1,-1,5491,7603,14755,3662,-6565,24445,10302,6960,18536,5105,4326,4982,0
238194,1,2,2,55,-1,-1,-1,-1,-1,-1,-3973,-9661,17888,-8818,1428,16921,4152,7832,11685,3386,5099,5124,1
124677,2,2,1,34,-1,-1,-1,-1,-1,0,28188,-21414,4317,-11408,4853,26339,6889,351,12339,3722,4181,7151,0
312314,2,2,2,34,-1,-1,-1,-1,-1,-1,10094,-1863,12516,-19967,10307,26961,8912,14512,17839,6234,7418,6674,0
312329,1,1,2,41,0,0,-1,-1,-1,-1,-2362,34031,16303,5556,-13208,7451,2741,689,4509,3567,907,2490,0
210266,1,1,1,48,-1,-1,-1,-1,0,0,1517,15235,4451,971,-4787,19666,3155,137,3865,3015,4112,5337,0
197566,2,2,2,34,0,-1,-1,-1,0,-1,-14376,11334,22387,35858,4291,-6914,2670,262,3086,2233,1011,285,0
264389,1,1,1,44,-1,-1,-1,-1,-1,-1,5553,3845,26428,6321,7544,11140,1891,972,9565,2967,2949,2912,1
309203,1,1,1,41,-1,-1,-1,-1,-1,-1,785,3257,22593,-2225,-8139,17909,5977,3193,13985,5309,3737,4708,0
190855,1,3,1,51,-1,0,0,-1,0,-1,1836,27032,32376,22128,-10747,10740,4707,316,4207,2479,806,1989,0
250858,2,2,1,36,-1,-1,-1,-1,-1,0,9768,11890,16394,-1421,-3969,22608,3614,3694,10104,1781,4495,4801,0
323092,1,1,2,35,-1,-1,-1,-1,-1,-1,-1594,15267,11452,-12866,159,23045,7698,6695,16324,6147,7568,6435,0
249510,2,2,2,45,-1,0,-1,-1,-1,-1,6648,9383,27874,7179,5226,6229,1303,7533,4510,2560,1860,820,0
227239,2,1,1,31,-1,-1,-1,-1,0,-1,1908,-11385,9337,-8576,-7587,34415,7853,3561,17405,4581,6597,7908,0
373379,2,1,2,39,-1,-1,-1,-1,-1,-1,10795,14249,-251,-20218,1984,30549,6107,2816,13484,3909,5674,6135,1
63418,2,1,2,36,-1,-1,-1,-1,-1,0,4425,-4862,-4720,10106,6223,13250,5790,3740,8120,2214,6466,6092,0
60965,2,2,2,28,-1,-1,-1,-2,0,-1,2604,1433,-4134,16009,3176,3764,1990,657,2400,1420,2071,3040,0
199074,2,2,1,48,0,0,-1,-1,0,-1,4142,17475,29651,29646,-12409,7871,3240,5902,11665,1195,1880,99,0
171787,2,2,2,55,-1,-1,-1,-1,-1,-1,-828,-2551,10817,4201,12430,3553,2503,535,5124,1533,2222,2376,0
347374,1,1,1,30,-1,-1,-1,-1,-1,-1,13988,20503,1813,-15009,135,29988,2665,5818,6902,2416,4733,5426,0
113120,2,3,1,46,-1,-1,-1,-1,-1,-1,-8246,4869,28436,7645,153,6738,1671,2015,7602,1391,2864,3733,1
329562,2,2,2,32,-1,-1,-1,-1,-1,-1,1203,9633,29688,-1553,7209,15785,4007,4222,14556,3576,3794,3393,0
218673,1,1,2,34,0,-1,-1,-1,-1,-1,14539,26935,-8305,3209,2070,11683,891,29,29,560,2860,3070,0
298838,1,2,1,37,-1,-1,-1,-1,0,-1,8471,-26317,27178,9303,-1832,18368,1910,6547,12626,4271,1499,1420,0
197654,1,1,1,39,0,-1,0,-1,-1,0,-31460,28623,20829,27200,9911,-8673,1208,650,5352,1075,5451,1562,0
216447,2,3,1,35,-1,-1,-1,-1,-1,-1,161,-17432,19046,5691,9580,16133,7768,3804,12772,5153,5287,6389,0
168370,2,2,1,39,0,0,0,-1,-1,-1,14493,47243,25269,13130,3674,-837,2043,9754,2425,378,3155,1980,0
164304,1,2,2,42,-1,0,-1,0,0,0,47798,18070,-15807,-9323,-4441,41415,4807,2651,4169,70,2015,4483,0
280946,1,2,2,52,-1,-1,-1,-1,-1,-1,-43778,-23764,43063,7941,3882,6866,4590,6113,16195,7659,5644,6156,1
121848,2,2,2,25,-1,-1,-1,-1,0,-1,4977,-8408,25615,22844,11677,-981,3347,7361,6229,1822,1516,1486,0
267104,2,1,2,37,-1,-1,-1,-1,-1,-1,6050,-7531,19338,1308,7006,7727,3747,8565,9047,2691,3831,1978,0
193700,2,3,2,28,1,-1,-1,0,0,-1,-4007,-23358,10390,21493,18943,-310,3664,5090,6227,2300,2417,1653,0
188989,2,3,1,32,-1,-1,-1,-1,-1,-1,1811,1901,13946,-57,7802,3082,2251,1028,4287,1554,2033,3640,0
206943,1,2,2,41,-1,-1,-1,-1,0,0,2545,35687,12619,17847,-7975,11814,527,2637,6185,599,3327,892,0
233349,2,2,1,25,-1,-1,-1,-1,-1,-1,28005,4365,6608,3452,-1722,16859,3150,1872,8455,651,1201,1953,0
214864,1,2,1,51,-1,-1,-1,-1,-1,-1,-5786,2925,23550,-3361,-10511,15615,4315,1834,12057,3925,3508,4719,1
298686,2,3,2,31,-1,-1,-1,-1,-1,-1,28525,13508,-5501,-14953,-1756,32167,3903,70,6685,1439,3216,5140,0
145847,2,1,2,23,-1,0,-1,-1,0,-1,-959,18926,13691,28735,-2061,-3704,4860,2323,5147,4360,1952,3990,0
419804,1,1,2,49,0,0,-1,-1,-1,-1,7306,27164,10487,7996,-3073,10776,2981,1027,6283,4872,2185,984,0
206077,2,3,2,36,-1,-1,-1,-1,-1,-1,10123,-1825,22280,-1457,-3420,15739,1982,6840,9451,1917,2667,1787,0
70265,2,2,2,52,-1,-1,-1,-1,0,-1,-1207,5989,2229,9946,1528,10459,2695,391,4375,722,2179,3862,0
103789,1,3,1,53,-1,-1,-1,-1,-1,0,-5722,14317,4159,-8373,14310,6326,2977,2765,8010,1943,5000,5051,1
242618,1,3,2,45,-1,-1,-1,-1,-1,-1,4278,18121,3374,-10592,2167,20378,3052,2524,7298,2032,4206,3890,0
311073,2,3,1,45,-1,-1,-1,-1,-1,-1,-18565,3680,27739,-1348,6059,13963,5195,4832,13703,5046,5971,5083,1
332149,2,2,1,30,-1,-1,-1,-1,-1,-1,-30312,-7722,49391,12198,-3370,8761,8704,11120,25550,6658,6920,3556,0
229309,1,2,1,56,0,0,0,0,-1,0,21156,31304,12835,6407,4206,21399,1803,2645,4443,981,2359,2716,0
167941,1,2,2,46,-1,-1,-1,-1,0,-1,8876,7017,5434,7968,1876,14784,2190,2192,6064,1685,1813,3138,0
297292,2,1,1,47,-1,-1,-1,-1,-1,-1,-29546,10324,27346,11522,7813,-1967,5839,4031,12310,5297,3739,2295,0
375589,1,1,1,42,-1,-1,-1,-1,0,-1,-20523,7692,36225,13073,-2472,11427,2673,2029,13826,2784,4124,1600,0
334368,1,1,3,38,-1,-1,-1,-1,-1,-1,-163,17516,23839,156,3303,7163,803,10035,7383,4036,4943,2575,1
124424,2,1,1,30,0,0,0,0,-1,-1,16147,22229,10631,24307,15281,-7860,4923,467,3513,1513,425,2360,0
351345,1,1,2,70,-1,-1,-1,-1,-1,-1,-14173,14,39925,6974,-6923,14353,5128,8678,18233,6000,6242,3529,1
168225,2,1,1,33,1,-1,-1,-1,-1,-1,14563,-17423,9226,7885,-2600,9875,2560,5534,11582,2123,2147,1503,0
134991,2,2,1,41,0,0,-1,-1,-1,-1,18784,11207,20635,29180,-5668,-10454,1617,5106,2385,1133,537,1013,0
216899,1,1,2,57,-1,-1,-1,-1,0,-1,-26652,22088,13932,20865,-11799,-213,1618,2368,3889,2517,1964,603,0
144375,2,2,2,25,-1,0,-1,0,-1,-1,2642,31469,4874,6404,8019,3878,2977,253,146,550,1904,4735,0
151335,1,2,2,30,1,-1,-1,-1,-1,-1,6466,-20503,5006,-2438,15864,2602,2607,3307,7987,3358,4996,4581,0
287525,1,3,2,43,-1,-1,-1,-2,-1,-1,-26229,-7695,34647,20425,10011,118,196,9783,11749,6127,3961,791,1
279066,1,2,1,52,-1,-1,-1,-1,-1,0,12577,15804,2447,1624,-2615,21568,690,9500,5470,1405,4692,1318,0
219114,2,2,1,53,-1,-1,-1,-1,-1,-1,-17349,-2154,28343,-4160,-6991,20577,7636,3005,17225,5919,5162,7697,0
60407,2,1,1,38,-1,-1,-1,-1,0,0,18877,-5495,3093,11450,1533,11473,3194,3130,2828,125,2458,3405,0
266809,2,1,2,25,-1,-1,-1,-1,0,0,18394,-4786,11743,-7282,4126,22410,4444,7824,10057,2780,4312,3532,0
234982,2,2,1,38,-1,-1,-1,-1,-1,-1,15212,-29547,18340,-5888,2107,26919,7165,11062,20045,4914,4376,4080,0
222528,1,1,2,40,-1,-1,-1,-1,-1,-1,2251,1084,8204,-7926,6133,16687,4532,6703,9172,2880,5171,5111,0
256810,1,3,1,44,-1,0,-1,0,-1,-1,-4877,24018,18692,13052,14000,-3479,2697,2544,485,4263,1029,1769,0
248369,2,1,1,41,-1,-1,-1,-1,0,-1,-7074,2582,13543,12951,-2308,16093,5640,6218,14426,3366,4658,2149,0
115445,2,1,1,45,-1,-1,-1,-1,-1,-1,-8203,10456,2074,-5607,3099,6053,3991,1733,872,2712,2088,5089,0
227459,2,1,1,34,-1,-1,-1,-1,-1,-1,-16968,-24105,26970,-1658,3470,12580,9508,16409,18857,9443,8405,7882,1
265163,2,2,1,35,-1,-1,-1,-1,-1,0,9582,16780,7012,4181,-4746,18569,3747,4618,10944,1373,4682,3196,0
225630,2,1,2,36,-1,-1,-1,-1,-1,-1,-10691,-4567,19311,-1697,-1330,16729,7022,4505,12697,4683,4412,5247,0
261189,1,3,1,43,-1,-1,-1,-1,-1,-1,-27262,-5551,34183,-2405,2661,8216,1733,8843,14069,5453,5133,4243,1
255722,1,3,1,32,-1,-1,-1,-1,-1,-1,-6189,-14252,27631,5873,6244,13435,4378,9098,15438,6388,8302,5329,0
182043,2,1,1,36,0,-1,-1,-1,-1,0,-400,15757,25433,23223,2718,-3840,3929,8791,7023,1017,5390,665,0
107634,2,1,1,28,-1,-1,-1,-1,0,-1,-15475,1102,21687,27349,7424,-2782,1402,3293,6391,1343,3077,1989,0
281570,2,2,1,55,-1,0,-1,-1,-1,-1,394,11311,34361,8817,-3134,7620,2309,4005,4689,3495,1744,3285,1
361129,2,1,2,38,-1,-1,-1,-1,-1,-1,2701,17005,15285,-2744,-1270,15635,5886,8135,10801,5083,4446,2106,0
341853,1,1,1,45,-1,-1,-1,-1,-1,-1,-22070,14801,14111,4361,10033,13860,3060,2032,9170,4440,5917,4502,0
238380,2,1,2,47,0,-1,-1,-1,0,-1,-9293,12515,11472,19903,-120,6421,3857,1049,8093,2224,1793,395,0
148498,1,1,1,50,-1,-1,-1,-1,-1,-1,-3368,-8611,14453,16554,5482,8138,3081,5385,10314,3593,3936,2325,0
266128,1,2,1,52,-1,-1,-1,-1,0,-1,2950,-4363,20622,-4951,780,28444,6659,5472,16168,4641,4809,5508,1
106026,2,1,2,22,-1,-1,-1,-1,0,0,8666,8697,-1132,9909,8965,10601,5119,2663,3914,1073,4457,5930,0
150647,1,3,1,32,-1,-1,-1,-1,-1,-1,-28023,-23819,13094,16336,8790,1945,2044,4462,10442,5573,4280,4040,0
40588,2,2,2,36,-1,-1,-1,-1,0,0,-4568,12590,23348,15974,-1191,473,1846,1959,4673,1971,1039,3740,0
271759,2,1,1,25,0,0,-1,0,-1,-1,-2618,111,16532,33455,12568,-3926,4305,5957,7752,3542,1734,856,0
179470,2,1,2,26,-1,0,-1,-1,-1,-1,20409,17365,4996,-1380,1247,12987,1946,2565,4844,557,953,2485,0
147376,2,1,2,27,0,-1,-1,0,0,0,34652,10220,-6795,1574,15319,16461,2108,1595,954,327,1934,2594,0
102111,1,2,2,33,-1,0,0,0,0,0,60633,18804,972,3879,5117,26147,4521,813,2935,406,1941,5126,0
163237,2,2,1,31,-1,-1,-1,-1,0,-1,14624,24531,4519,7806,-13250,7451,5213,1803,5510,2346,1094,3434,0
271546,2,3,2,27,-1,0,-1,-1,-1,-1,8174,19935,12392,-134,-2734,8962,3208,783,4336,3013,762,2993,0
367391,2,2,2,62,-1,-1,-1,-1,-1,-1,-31497,-4143,25157,10742,7017,9995,5373,10350,14502,6876,4944,3258,0
230844,1,3,2,41,-1,-1,-1,-1,0,-1,1529,11993,9391,1583,-6279,17379,5157,432,10584,2805,2950,3732,0
249146,1,1,1,22,-1,-1,-1,-1,-1,-1,23433,-15295,16376,3523,10677,15315,4319,8919,10844,2195,6380,4195,0
99027,2,3,2,21,-1,0,-1,0,-1,-1,11129,-3024,25413,25073,7296,1765,1886,4791,2390,303,2240,2922,0
394616,2,2,2,32,-1,-1,-1,-1,-1,-1,-7911,-10709,28933,1001,2107,20932,6459,10634,19122,7552,6441,4425,0
289317,1,1,2,49,-1,-1,-1,-1,0,-1,-6049,-12381,19055,900,-3511,21488,3801,2412,10819,6093,3346,4166,0
128757,1,1,2,36,0,0,-1,0,-1,-1,-2566,16253,14044,15736,14371,-2001,264,3007,797,1852,650,1473,0
428373,1,3,1,56,-1,-1,-1,-1,-1,-1,-19509,-15487,48267,9430,10265,6632,8000,16740,25900,8781,9174,2335,0
265328,1,1,1,44,-1,-1,-1,-1,-1,0,-8374,8497,11737,-14937,-14828,33705,9692,37,13306,4796,7954,9811,0
243595,2,1,2,28,-1,0,0,-1,-1,-1,17610,32283,7574,10975,-2710,17913,2039,2898,3929,120,3341,3477,0
250879,2,1,2,33,-1,-1,-1,-1,-1,-1,-11807,21122,18172,10840,9343,219,4327,4221,7576,3036,3468,2004,0
245474,2,1,2,25,-1,-1,-1,-1,-1,-1,1375,2373,12454,16062,4389,4178,1502,4514,8149,2650,2374,1229,0
244405,2,3,1,36,-1,-1,-1,-1,0,-1,1885,-6380,16100,-2103,469,10525,4553,2321,8947,3684,1287,3089,0
269472,2,1,2,30,-1,-1,-1,-1,-1,-1,19593,-3558,12504,2120,-11786,23543,5241,8406,9973,1583,4462,3010,0
245444,1,3,2,49,-1,-1,-1,-1,-1,-1,-8096,-18633,22073,2010,7567,9944,1826,6830,10156,4369,2653,2424,0
127356,2,1,2,25,-1,-1,-1,-1,-1,0,793,7530,-1601,-2442,8445,16015,6483,3606,9451,2829,5721,6854,0
194974,2,2,2,40,-1,-1,-1,-1,0,-1,20867,9588,-9868,-4069,2925,21393,5532,10722,8517,64,3773,2290,0
287748,2,1,1,39,-1,-1,-1,-1,-1,-1,25660,-6356,17087,1268,-1721,21020,3774,6233,7469,2421,4126,3446,0
162375,1,1,2,36,-1,-1,-1,-1,-1,-1,11129,4146,5083,254,7737,4943,3281,2897,1756,1215,2148,3873,0
145943,1,2,2,49,-1,-1,-1,-1,-1,-1,3711,-7630,9706,-2366,2216,23779,5826,1879,12565,3210,4078,6023,0
316312,2,3,1,27,-1,-1,-1,-2,0,-1,5831,-23394,17924,-3753,11743,20186,7013,3136,13810,8374,3760,5908,0
180628,1,2,2,36,-1,-1,-1,-1,-1,-1,-12073,9287,18905,7508,-2917,19821,3028,13907,11729,3826,6744,4083,0
303003,2,3,1,30,-1,-1,-1,-1,-1,-1,-10478,-13573,33068,4634,5876,6983,8113,3700,18112,8696,4026,5422,0
246065,1,3,2,44,-1,-1,-1,-1,-1,-1,-26010,-1565,27099,9123,832,6967,4447,5102,12376,5685,3018,3194,0
130524,2,1,2,28,0,0,-1,-1,-1,0,7193,17646,18509,21767,6841,-773,1213,6936,3837,436,3081,580,0
332860,1,1,2,42,-1,-1,-1,-1,-1,-1,637,12762,-5947,-13759,4325,15929,4666,1348,6745,3946,1742,3983,0
111045,1,1,1,42,-1,-1,-1,-1,0,0,-116,2716,19347,9847,-2842,11351,2521,48,7398,838,4473,4774,1
327532,1,3,1,34,0,-1,-1,-1,0,-1,1016,5232,21391,16871,-9954,15529,6598,1,13527,5019,2405,2795,0
274379,2,3,2,32,-1,-1,-1,-1,-1,-1,25585,-2656,12159,-17258,-2091,30371,5476,6864,11739,2086,4295,4723,0
83648,2,2,2,39,-1,0,-1,-1,0,0,-5602,25953,20690,26962,-6360,7400,4268,3393,2277,2038,2416,4446,0
269047,1,3,1,49,-1,-1,-1,-1,-1,-1,-548,-10715,8936,-6259,2350,27199,7032,1741,15926,6531,5726,6001,0
149360,2,2,2,37,-1,-1,-1,-1,-1,-1,-20129,9114,20025,4954,8765,-4226,2691,5298,4458,2340,3886,2930,0
428921,2,3,2,36,-1,-1,-1,-1,-1,-1,-25598,3537,41554,2854,-9068,25615,14799,15758,30558,11326,9792,6680,0
281671,2,3,2,35,-1,-1,-1,-1,-1,-1,-12408,-926,29511,4694,-4014,14021,7070,4174,14190,4849,5833,4580,0
265106,1,1,3,34,-1,-1,-1,-1,-1,0,18834,2626,6041,-12221,369,23778,4265,7770,8360,1829,5488,4949,0
148987,2,2,3,34,-1,-1,-1,-1,-1,-1,-1421,19065,18490,17374,-6042,5544,7427,7367,11149,1934,4358,2714,0
132003,1,1,1,34,-1,-1,-1,-1,-1,-1,-4271,-9268,7819,9133,11860,6125,5630,2360,13902,2716,4128,4004,0
242876,2,6,2,39,-1,-1,-1,0,0,-1,-8408,-2287,9381,15276,5111,13643,3278,21,3960,5705,1061,3182,0
413859,1,1,1,49,-1,-1,-1,-1,-1,-1,-4609,2579,32396,-1841,3411,23743,7956,8588,20381,7447,8858,6953,1
323904,2,2,2,44,-1,-1,-1,-1,-1,-1,12822,18689,8174,-17441,-2297,32878,4742,5478,14031,3147,4637,4648,1
225993,1,1,1,36,8,-1,-1,0,0,-1,10951,-168,6734,21324,13827,7685,4735,4,5237,4025,1423,2099,0
165060,2,2,1,47,-1,-1,-1,-1,-1,-1,-20739,12042,25767,16001,3795,2130,6385,11110,13026,3256,6528,3741,0
245099,1,2,2,31,-1,-1,-1,-1,-1,0,24316,-3460,5288,-11052,6898,23460,3504,9914,10983,305,5531,3433,0
156201,1,2,2,30,-1,-1,-1,-1,-1,0,17488,918,3719,3038,-8156,32983,5559,2750,10336,535,4129,6460,0
163343,2,2,2,58,-1,-1,-1,-1,0,-1,10971,2583,-129,-5894,1501,26673,2092,4995,6475,1096,2542,2821,0
371349,1,1,1,39,-1,-1,-1,-1,-1,-1,-8198,4737,31871,566,878,15860,3178,7895,10086,5504,4639,3726,0
294961,2,2,1,41,-1,-1,-1,-1,0,-1,-27294,8585,29801,28647,-1526,4021,8030,8332,17802,6915,4913,2493,0
73145,1,2,1,33,0,-1,-1,-1,0,-1,5039,1172,25581,30491,12970,-12338,1329,3960,2974,872,1695,757,0
210078,1,3,1,31,-1,-1,-1,-1,-1,-1,-9412,-24824,16894,10219,5094,3013,5318,5710,11219,6195,4393,3569,0
240595,1,3,3,42,-1,-1,-1,-1,-1,-1,-10065,3431,18014,12278,9850,3491,4931,10161,11777,5057,4638,1540,0
371058,2,1,1,42,-1,-1,-1,-1,-1,-1,-16023,-1322,28040,14507,-12938,16379,5969,3000,13150,4996,2339,3188,1
326268,1,1,1,29,0,0,0,-1,-1,-1,28366,42889,30491,9691,12332,-3516,1659,6581,944,1503,2039,1222,0
418068,1,2,1,54,-1,-1,-1,-1,-1,-1,8501,4021,19475,4784,24,15826,336,1226,7177,3225,3195,2271,1
181333,2,3,1,45,-1,-1,-1,-1,-1,-1,-20017,-25259,41176,20899,10242,-5167,6498,7754,20131,6340,5325,3020,1
225171,1,2,2,26,-1,-1,-1,-1,0,-1,18299,-20374,-7569,-19742,15810,34815,7358,2246,13944,2910,5726,7720,0
262011,1,1,1,38,-1,0,-1,-1,-1,-1,-8094,11567,28868,13693,6986,-926,607,6685,4092,3271,3037,931,0
212409,2,3,1,38,-1,-1,-1,-1,-1,-1,-22015,3767,26752,8163,1634,9268,3879,1156,9450,3353,4194,3472,0
338080,1,2,1,49,-1,-1,-1,-1,0,0,19820,7112,13218,9282,-2169,28816,427,5344,6998,1328,3832,2224,0
183239,2,2,2,22,-1,-1,-1,-1,0,0,12810,11446,9712,6943,-3739,21795,3246,3095,5934,1729,2083,4167,0
186291,2,3,2,43,1,-1,-1,-1,-1,2,4761,-11166,23843,8508,-5255,9624,3923,1939,7949,4103,559,1576,0
206744,1,1,1,50,-1,-1,-1,-1,-1,0,13297,3817,9287,4187,-19,14458,1168,658,5667,1829,4795,3924,1
270271,2,1,1,33,-1,-1,-1,-1,-1,-1,-18461,7130,21876,21536,-322,-2950,3738,6497,6711,4695,2107,2387,0
197590,2,1,2,34,-1,0,0,0,0,-1,11938,5832,11948,32329,9164,593,5152,1484,1774,3930,755,2228,0
352330,2,1,1,31,-1,-1,-1,-1,-1,-1,3639,-18490,14629,-18311,15132,22320,9327,6116,17342,7784,8254,8742,0
174610,2,2,1,41,-1,-1,-1,-1,-1,0,6929,-3683,24581,-16165,-7564,25344,6288,1961,12373,3031,2756,6105,0
294108,1,2,2,35,-1,0,-1,-1,0,-1,33195,11217,15086,10723,-7847,26173,3065,8745,11869,1377,3421,861,0
196394,1,2,2,31,-1,0,-1,-1,-1,0,20798,27551,-6143,5679,-10326,20396,2830,3695,1771,208,3236,5423,0
233578,2,2,1,53,-1,-1,-1,-1,-1,2,4195,23367,14082,-6121,-8514,20897,2546,1000,7161,2073,1803,3827,0
140638,2,2,1,29,-1,-1,-1,-1,-1,-1,-4708,-17923,20437,-535,539,10062,3756,1456,11409,3977,2062,4467,0
199158,1,3,1,39,-1,-1,-1,-1,-1,-1,11103,-2664,14712,-16370,-5765,29116,7762,7760,16860,4918,3538,5276,0
106629,2,2,2,26,-1,-1,-1,-1,0,0,-4030,9457,12710,25052,-3122,5655,7244,6049,7362,2447,4342,4809,0
413897,1,1,2,36,-1,-1,-1,-1,-1,-1,-17566,-16937,34141,2368,9047,14748,6258,8109,20198,9455,5455,4003,0
259603,2,3,2,22,-1,-1,-1,-1,-1,-1,-15156,-12295,25845,-6452,11778,8365,11353,9481,16728,9833,4473,6552,0
207400,1,1,1,44,-1,-1,-1,-1,0,-1,7156,3598,12955,15032,2835,13605,2398,792,6612,1140,1279,2187,0
169057,2,1,2,25,0,-1,-1,-1,0,-1,1857,-1873,24778,28196,3774,4600,4560,68,7774,1969,957,1303,0
342987,2,3,1,43,-1,-1,-1,-1,-1,-1,-10733,-18400,22666,-12745,1130,32091,8112,11449,21153,8090,9116,8584,0
307651,1,1,2,43,-1,-1,-1,-1,0,-1,87,-3158,11072,10681,10207,11366,855,2153,4845,3055,2344,1485,0
278155,2,3,3,24,2,-1,-1,-1,-1,-1,4944,-1390,17239,3818,7830,6748,2533,5524,7565,2260,3705,2035,0
331522,1,1,1,46,-1,-1,-1,-1,-1,-1,-8035,3870,22346,6030,7730,7557,4534,1808,11753,4822,3171,1859,0
58166,2,2,1,24,0,0,0,0,0,-1,-1832,19032,12861,33058,14152,-2095,4305,1678,3451,116,2990,3962,0
326888,2,1,2,23,-1,-1,-1,-1,0,-1,4532,-33775,9988,-7155,-6541,34033,7535,6429,17676,7613,4044,6618,0
44628,1,2,2,28,-1,-1,-1,0,0,0,21804,8120,4251,-9862,3207,24096,1035,1840,2406,335,1850,4947,0
269926,2,1,2,41,-1,-1,-1,-1,-1,-1,1031,6042,6065,8782,8061,4109,4973,9118,9423,3123,3636,972,0
112780,2,2,1,26,-1,-1,-1,-1,-1,-2,-13373,-9297,20183,8396,-3957,5754,2922,3348,9747,885,3218,3528,0
152016,2,2,2,41,-1,-1,-1,0,-1,-1,20550,-4465,-13270,-4880,22545,15898,4328,3638,5749,1062,3957,3841,0
123881,1,1,1,48,2,-1,-1,-1,-1,0,9815,9062,15979,5208,5793,893,2088,7265,8675,288,4616,281,0
188836,2,3,1,24,-1,-1,-1,-1,-1,0,-12528,25599,24575,8767,6557,-6051,818,7766,4083,665,5639,1806,0
281451,1,2,1,36,-1,-1,-1,-1,-1,0,4504,5128,21253,-10496,2373,18357,3277,4707,10048,2134,5295,4992,0
226508,2,1,2,32,-1,-1,-1,-1,-1,-1,-2066,12078,15329,-4202,808,17687,4931,3213,9937,3451,2145,3563,0
131430,1,2,1,37,-1,-1,-1,-1,-1,0,-15777,7147,25306,22953,1337,2058,1891,7590,6895,2001,5357,2347,0
356383,2,2,2,42,-1,-1,-1,-1,-1,-1,-36703,22787,29398,27712,-10311,-3227,9542,7804,19036,8715,6807,2216,0
297292,2,3,1,27,-1,-1,-1,-1,-1,-1,-25536,5261,28781,1484,4554,11101,11429,6880,21508,9500,5509,6004,0
104935,1,3,1,37,-1,-1,-1,-1,-1,0,-9886,1686,24986,14641,-1504,2844,1288,2020,4846,2288,3074,3901,0
21098,1,3,2,28,-1,-1,-1,-1,0,0,7745,-15262,13873,4001,-238,24947,3543,5585,10191,338,4287,5023,0
304825,1,1,1,25,-1,-1,-1,-2,-1,-1,-7848,2006,9451,10074,11908,8043,3139,6545,7911,5111,6772,4566,1
161935,2,3,2,49,-1,-1,-1,-1,0,0,3027,2964,16441,11706,-352,20451,2905,3304,7751,481,3200,2493,1
334329,2,2,2,45,0,0,-1,-1,-1,-1,-16731,29254,7104,14034,-11765,8198,5251,2917,4133,5106,2377,3647,0
140746,1,3,1,39,-1,-1,-1,-1,-1,0,-24896,10214,29814,14011,-3859,5083,5393,2693,13866,3254,5134,4041,0
280648,1,1,2,35,-1,-1,-1,-1,-1,-1,-13976,8348,10885,-18017,8665,20501,5910,7337,12652,4868,6447,6647,0
139694,2,1,2,39,0,0,-1,0,-1,0,-1075,26997,12502,15488,20082,2385,1267,3396,632,242,3241,1958,0
263154,2,1,1,49,0,-1,-1,0,0,-1,-4101,2816,6940,10246,14287,9914,1403,2019,3096,1938,1670,1562,0
229229,2,1,2,33,0,0,0,0,-1,-1,-6905,38465,32794,28238,17282,-9027,1671,1137,2884,903,2426,1013,1
256850,2,1,2,24,-1,0,0,-1,0,0,18444,23012,11815,16647,4710,13524,4445,100,3160,2563,2576,4321,0
140616,2,3,2,40,0,0,-1,0,-1,-1,13928,25512,6462,24473,1051,209,1823,3058,1292,187,2592,2521,0
132616,2,2,1,29,-1,-1,-1,-1,-1,-1,-25669,-13618,32160,23979,2934,-2466,6420,6944,16212,4067,5590,3143,0
361057,2,1,2,30,-1,-1,-1,-1,-1,-1,1727,-2951,14100,-192,8077,15821,5247,7677,12044,5020,5951,4287,0
312265,2,1,2,24,-1,-1,-1,-1,-1,-1,-18147,-21145,11263,2559,13732,7912,6320,645,8326,7707,5144,6632,0
308111,1,2,2,44,-1,-1,-1,-1,-1,-1,-10032,-4856,24356,12639,10741,11117,397,14037,13401,3100,6287,600,1
135844,1,1,2,53,1,-1,-1,-1,0,0,898,-3641,10396,25394,-1098,10265,1038,2832,3312,918,3600,2066,0
133319,2,2,2,43,-1,-1,-1,-1,0,0,21103,-7145,-5640,-9654,410,32352,5162,851,10580,1475,3284,5990,0
248133,2,1,2,48,-1,0,-1,0,-1,-1,16264,4958,213,5528,9413,22969,3768,983,2112,3516,1781,4885,1
256538,2,1,2,24,-1,-1,-1,-1,-1,-1,-14156,-9254,8587,11210,16090,1097,6301,4189,10380,5572,5906,5632,0
240694,2,3,2,38,-1,-1,-1,-1,-1,-1,-23909,-523,23815,4295,6440,-2528,3639,5310,10364,6324,3732,2572,0
243343,1,1,2,38,-1,-1,-1,0,-1,-1,9990,15157,3702,-7439,3153,18688,168,749,1382,2635,1066,3185,0
257170,1,3,1,29,0,-1,-1,-1,0,-1,-8263,13985,28826,17559,13014,-5264,3374,8053,5894,3992,2708,80,0
355856,1,2,1,28,-1,-1,-1,-1,-1,-1,-2514,26948,14426,4146,-5535,15038,6141,4005,13931,3202,5829,5193,0
235948,1,2,2,23,-1,-1,-1,-1,-1,-1,-7186,-10373,27548,-13700,9683,10473,8485,14405,18436,8447,7355,6516,0
166738,2,2,2,26,-1,0,-1,-1,-1,2,14869,14553,9541,7154,-1147,18150,3582,7577,10245,1857,4581,4479,0
51172,1,2,2,36,-1,0,0,-1,-1,-1,21083,11546,25048,-11124,5293,11588,1063,3983,6607,207,1608,4357,1
216818,1,1,2,34,-1,0,-1,-1,-1,0,15025,15520,4407,-5186,6700,18854,4224,10816,8422,316,4747,3707,0
164468,1,1,1,49,-1,-1,-1,-1,-1,-1,-5545,30520,12603,13186,-5649,10587,4067,1222,6343,1578,3343,3049,0
268438,2,2,1,44,0,0,0,0,0,-1,-8355,24455,22873,35274,7421,3512,2550,2815,4045,2593,2865,2657,0
150840,2,2,2,31,-1,-1,-1,-1,-1,-1,-17315,5219,12944,547,16441,9737,4822,2279,9004,3483,5293,5679,0
411895,1,1,2,43,-1,0,-1,-1,0,-1,28396,28097,544,-4848,-6243,26119,3632,1714,9224,2862,635,818,0
159730,1,2,1,47,-1,-1,-1,-1,-1,0,2563,20025,16628,8719,10835,4950,1129,3985,3002,769,4168,2513,0
225932,2,1,1,25,-1,-1,-1,-1,0,-1,-6934,20647,10462,15993,16105,-13929,3179,6620,1959,848,4303,1388,0
333025,1,1,2,40,-1,-1,-1,-1,-1,0,11978,16420,3220,-5179,272,21901,2767,5673,5206,1480,4468,3736,0
360860,1,3,1,50,-1,-1,-1,-1,-1,-1,18355,-16840,31683,1567,-12955,27151,5634,8846,20414,2912,5882,2124,0
203480,2,2,2,34,-1,-1,-1,-1,-1,-1,14876,1889,4550,-17285,-3915,24993,1402,4753,6188,1029,3490,5855,1
36306,2,2,2,29,-1,0,0,0,-1,-1,19229,18583,9032,5069,5033,9974,1746,812,2101,406,928,5314,1
197228,1,1,1,28,-1,-1,-1,0,0,0,10291,14302,4223,-1973,10687,19731,3467,2543,5329,1085,3493,4954,0
107515,1,3,2,37,-1,-1,-1,-1,-1,-1,11610,-10077,12347,3948,6431,10478,1148,3832,4975,1067,2484,3433,1
46843,1,3,1,31,-1,-1,-1,0,0,0,19767,-5387,10702,933,16587,14657,3698,518,3618,1694,1618,4432,0
229982,1,3,2,43,-1,-1,-1,-1,0,-1,14269,13489,2732,5889,5151,13618,1132,6625,6597,1930,3185,1581,0
142119,2,3,1,24,-1,-1,-1,-1,0,0,9821,-2535,11929,3667,7705,12941,5537,335,12750,689,3040,2487,0
406543,1,2,2,38,-1,-1,-1,-1,-1,-1,781,-4842,23920,-19079,8816,32028,11151,14906,24662,9688,9254,7675,1
176687,2,2,2,36,-1,-1,-1,-1,-1,-1,-21072,11505,-161,103,-11231,26182,12543,7282,18374,6736,5751,8850,0
304419,1,1,1,45,0,-1,0,0,0,0,21937,28383,18448,15298,10968,13098,3037,45,4249,898,2115,2201,0
473523,1,1,2,37,-1,-1,-1,-1,-1,-1,8377,4422,8012,-2492,3163,33213,6651,7117,18119,6453,5345,2786,0
247511,2,1,1,27,0,-1,-1,-1,0,-1,15809,3248,19068,9672,7151,3807,1410,1822,6852,1263,1908,351,0
204349,2,2,2,32,-1,-1,-1,-1,0,2,19773,10445,20657,-6386,-12382,22615,2311,4278,9664,2219,2311,4064,0
197319,2,1,1,44,-1,-1,-1,-1,-1,-1,-25129,10963,25048,42491,3034,-11095,1995,2404,6183,4451,2666,1272,0
152444,2,2,1,38,8,-1,-1,-1,0,-1,-7894,8576,14327,16612,-7309,9375,7255,3821,11934,2950,3370,2666,0
243637,1,1,1,39,-1,-1,-1,-1,0,-1,-27293,-1436,31870,21205,6679,-597,4782,2430,14489,7173,3504,2269,0
198593,2,2,1,25,-1,-1,-1,-1,0,0,11085,12909,11757,6131,-1174,14497,5930,3000,9850,1501,3114,3794,0
145270,2,3,2,47,-1,-1,0,0,-1,0,-5288,17481,23751,16512,17161,2554,207,2207,1399,957,3321,4379,1
254480,2,1,1,35,-1,-1,-1,-1,0,-1,-5669,-17054,38722,24248,11304,967,5868,7085,16922,3827,4938,2321,1
311686,2,2,2,33,-1,-1,-1,-1,-1,-1,24236,18207,3684,-8633,-7890,27387,6177,7416,11318,1837,3672,2719,0
165638,1,2,1,50,-1,-1,-1,-1,0,-1,-21120,-4217,24436,17587,-1308,2875,6251,9125,13400,6549,4122,2912,0
261463,2,2,1,27,-1,-1,-1,-1,-1,-1,8865,-5679,17132,5921,5293,18987,5354,5016,14749,1185,4123,3666,1
280680,1,1,3,28,-1,0,-1,-1,-1,-1,32935,12739,-483,-1522,-426,20883,1972,3445,3619,1071,3644,3864,0
162304,2,3,2,34,-1,-1,-1,-1,-1,0,-9778,-13759,19508,2729,2300,6202,3454,1480,7108,3635,3277,5399,0
278193,2,2,1,39,-1,6,-1,0,-1,-1,-6604,15943,15708,14776,2211,1325,4718,3053,9424,6350,514,1325,0
132531,2,1,2,28,-1,-1,-1,-1,0,0,-3655,-29584,13539,8652,8949,13320,4959,3731,12464,4422,5336,5963,1
252169,2,3,1,47,0,0,0,0,0,-1,21264,23415,22651,20711,-2444,11337,55,8230,849,1326,1294,818,0
352970,2,1,2,37,-1,0,-1,-1,-1,-1,26549,6853,10979,3028,-13497,28261,1171,2063,9112,1286,1149,1662,0
149744,2,1,2,35,-1,-1,-1,0,0,-1,34284,-17451,-5331,-19491,17016,27744,4257,373,6554,2217,962,4753,1
321363,2,2,2,37,-1,-1,-1,-1,2,-1,-2818,-9769,3481,-12609,9539,39801,8473,9426,17948,6836,7849,8516,0
310400,1,2,1,39,0,-1,-1,0,0,-1,-7031,3417,15806,7165,11214,11516,1831,1896,4990,4470,1166,2676,0
256899,2,3,1,41,0,-1,0,0,0,0,19052,18382,17396,14476,18757,7491,2320,2188,1963,1052,2235,1936,0
296274,1,1,1,40,-1,-1,-1,-1,-1,-1,-29305,15930,23085,18437,10370,-3656,3108,4652,7394,5066,3870,1660,0
234063,2,1,2,39,-1,-1,-1,-1,-1,0,-4446,13172,14878,14093,2285,14670,2366,8948,10173,1373,6477,2797,1
157340,1,2,1,59,-1,-1,-1,-1,-1,-1,1044,2969,26565,9753,-4957,3448,321,5632,10088,741,2626,488,0
197192,2,2,1,42,1,-1,-1,-1,-1,-1,-22060,-10060,22675,22944,-3516,-4744,7519,4947,15949,5051,5149,2816,0
260799,2,1,2,34,-1,-1,-1,-1,-1,0,7160,-10624,12211,-5672,15913,17145,4008,657,7354,1658,3497,3835,0
188806,2,1,1,40,0,0,0,0,0,-1,22418,40774,24404,42151,11471,-4382,3461,1520,1122,2476,1409,780,0
158093,2,2,1,37,-1,-1,-1,-1,-1,-1,11418,-5644,15371,-9229,7080,22076,5902,3369,11829,3595,3509,6303,1
253432,2,2,2,38,-1,-1,-1,-1,-1,0,-12543,11023,15389,4495,3958,16220,6497,6591,12497,4700,5640,5029,0
124279,1,2,2,49,-1,-1,-1,-1,-1,0,-12735,2090,11659,-13119,-10032,31546,6894,6284,14195,3443,6157,9483,0
367194,2,3,1,29,-1,-1,-1,-1,-1,-1,-30069,643,25774,9068,13218,7237,8990,12789,19283,7997,8508,4813,0
371113,2,2,2,21,-1,-1,-1,-1,-1,-1,5549,-7726,22064,8681,-4793,21661,7370,12395,16413,4192,5218,3795,0
347695,1,2,2,26,-1,-1,-1,-1,-1,2,10392,10555,15618,-16339,-1784,32886,5119,7648,14893,4193,6226,5585,0
429287,1,1,2,43,-1,-1,-1,-1,-1,-1,-1099,-5335,18393,-2978,-6299,31913,6363,8195,18270,4778,7099,4970,0
203844,1,1,2,39,-1,-1,-1,-1,-1,-1,-1948,5545,18769,77,5460,15063,5476,3358,12343,2795,4841,4365,1
174980,2,1,1,39,-1,-1,-1,-1,-1,-1,162,18204,-2010,2230,3371,5978,5502,453,5743,3756,1785,3976,0
208396,2,2,1,25,0,0,0,-1,-1,-1,4025,33113,22180,20788,3312,-5167,2550,481,3379,964,1564,2735,0
215496,2,1,2,48,-1,-1,-1,-1,-1,-1,-22821,3266,11527,553,4382,8827,1621,2112,5267,3119,3672,3773,0
178430,1,2,1,46,0,-1,0,0,0,0,41146,13611,2041,3548,8479,31302,1569,3252,427,536,4061,5020,0
197085,1,1,2,39,-1,-1,-1,-2,-1,-1,-30458,-18541,20957,14452,17251,1555,304,1091,7663,3520,4813,4337,1
370975,1,3,1,50,-1,-1,-1,-1,0,-1,-20903,-24514,25936,12755,3164,14032,6982,7408,18963,6797,6538,2810,0
72235,2,2,2,40,-1,-1,-1,-1,-1,0,7564,-11834,-16448,-6837,2185,29862,10186,4266,10576,5083,6383,10495,0
50992,1,3,2,45,0,-1,-1,0,0,0,11824,1886,17965,18086,14475,4450,732,903,498,758,2081,3552,0
433766,1,1,2,36,-1,-1,-1,-1,-1,-1,11134,-2253,29294,-11361,-6151,23980,8415,10589,21445,7873,7327,5946,0
246412,2,1,2,38,-1,-1,-1,-1,-1,-1,-18443,738,5362,13974,-8967,8714,4809,4758,9220,5491,3882,4392,0
268984,1,3,2,49,-1,-1,-1,-1,-1,-1,-19202,170,20723,1707,3137,15155,3703,4255,9173,4883,3688,4238,0
238761,2,1,2,29,-1,-1,-1,-1,-1,0,17241,-15158,11606,-11200,6619,22726,3080,10409,11105,798,5259,4087,1
119465,2,3,2,35,-1,-1,-1,-1,-1,-1,3578,-15238,20026,7194,8660,15611,3686,5043,7797,2948,3017,5232,1
270920,2,3,1,35,0,-1,-1,-1,0,0,-13058,7734,11098,34066,2335,5083,3459,3228,4940,2445,4769,1884,0
154984,2,2,1,38,-1,-1,-1,0,0,-1,4104,1606,957,5276,2714,19121,6722,1290,7420,2867,2439,5165,0
156968,2,1,1,35,-1,-1,-1,-1,0,0,10050,11269,8615,17394,730,1715,2909,3495,449,1062,2474,2470,0
331865,2,1,1,37,-1,-1,-1,-1,-1,0,-8929,3796,30498,-8944,10723,22208,8119,3921,21409,5094,7662,7177,1
333446,1,1,1,48,-1,-1,-1,-1,-1,-1,-14,1249,1207,-508,1034,23699,4292,880,11821,4683,5703,5014,0
170127,2,3,2,40,-1,-1,-1,0,-1,-1,25254,-8870,-7855,-9832,-3605,32054,5337,1080,4020,3568,1121,6034,0
186964,2,2,2,39,-1,-1,-1,-1,-1,-1,-9208,-10565,12470,-1207,7753,14154,9839,2544,12132,6892,3519,7469,0
370165,2,3,1,48,-1,-1,-1,-1,-1,-1,-29219,-22488,41900,8041,18062,-2894,7899,8697,18681,8278,5736,3637,1
244143,2,2,2,48,-1,-1,-1,-1,-1,-1,-1306,-5362,20109,383,5800,7001,4695,1491,14878,4052,847,1728,1
247472,2,1,1,27,-1,-1,-1,-1,-1,-1,-23524,11621,16451,12871,6662,9401,3197,608,7131,4424,5041,4676,0
139403,1,3,1,41,-1,-1,-1,-1,0,-1,6504,-9495,16118,18536,6051,13892,2337,7461,4606,2034,3163,1995,0
87297,2,1,2,31,-1,-1,-1,-1,-1,-1,5228,-9447,13470,15531,4902,212,3350,700,6462,692,2687,3826,0
457493,2,1,1,33,-1,-1,-1,-1,-1,-1,-50637,-3232,38845,14313,-1533,2419,8196,11465,19922,12590,9649,7448,1
184472,1,1,2,33,0,-1,0,-1,0,0,-164,29588,14212,19501,812,10476,3626,1443,7715,902,2563,2436,0
138377,2,1,2,24,1,-1,-1,2,0,-1,31721,-33922,-5025,615,14669,20493,6016,1935,9609,1901,3083,4215,0
86830,2,2,2,47,-1,-1,-1,-1,-1,0,-9037,13148,2783,-1787,6600,10937,4182,2032,4611,3166,3774,5817,0
153824,2,3,1,52,-1,-1,-1,-1,-1,-1,7496,-4873,738,-7555,-1807,28462,8461,4096,16001,4936,6053,6770,0
186137,2,2,2,39,-1,-1,-1,-1,0,-1,-13561,5194,18603,13915,5214,3838,1635,222,4205,1550,1750,2651,0
109421,2,1,2,35,0,0,-1,0,0,-1,2444,19349,17365,27262,12587,-3304,3762,1157,1982,2345,906,2395,0
245226,2,3,1,34,-1,-1,-1,-1,-1,-1,-20359,-13169,30826,16380,-1365,7776,7180,4098,13897,7540,2883,4849,0
217812,2,1,2,42,-1,0,-1,0,-1,-1,42809,15063,-11343,-20139,13176,24787,4261,1296,2495,1782,708,4653,0
125272,1,2,2,43,-1,-1,-1,-1,-1,-1,-1984,13064,28125,1550,-14198,19325,4162,6608,12125,2007,2680,3251,0
305627,1,3,1,43,-1,-1,-1,-1,-1,-1,33108,-31105,-11017,-27156,4728,45781,9607,3588,17058,6622,5430,8525,0
215405,2,1,2,24,-1,-1,-1,-1,-1,-1,-5093,1117,5238,-155,13331,4238,3696,7369,8183,4026,4479,3249,0
108441,1,2,1,27,-1,-1,-1,-1,-1,-1,-4785,974,2648,10837,-7128,11589,5641,3188,7548,4510,4109,4966,0
276928,1,2,1,45,-1,-1,-1,-1,-1,-1,-26527,5329,35621,23065,2367,-4991,434,954,8196,3941,2253,913,0
117161,2,2,2,46,-1,-1,-1,-1,-1,0,9735,2708,9085,2577,-126,14401,2181,2037,1760,142,2760,4576,1
190530,2,3,1,36,-1,-1,-1,0,0,-1,-21081,3196,14717,30689,11987,-5854,1280,1317,5189,3513,721,332,0
79669,2,1,2,38,-1,-1,-1,0,-1,-1,-2807,2410,148,-1739,3308,11797,2364,3966,5080,3010,778,3786,0
225659,2,2,2,29,0,-1,-1,-1,0,-1,-7365,15023,19247,15353,3622,3220,2211,9986,9829,2853,1884,453,0
101156,2,3,1,46,-1,-1,-1,0,0,-1,-4249,-4016,12982,19897,6316,3921,3753,508,6585,2511,955,2273,0
204378,2,1,1,35,-1,-1,-1,-1,0,-1,-24696,15180,22665,29303,-296,-1146,6229,8714,13735,5541,6909,3306,0
172087,2,3,1,37,-1,-1,0,0,0,-1,4713,4292,27999,21314,4914,4290,522,1005,4350,1158,519,1286,1
216523,1,3,1,23,0,0,-1,-1,0,0,32649,17207,23299,5349,649,14114,2797,174,4245,1048,1019,2631,0
303105,2,1,1,33,-1,-1,-1,-1,-1,-1,4042,25110,15029,394,-7440,5394,4901,3102,5877,2509,3694,3925,0
245155,2,1,2,29,-1,-1,-1,-1,-1,2,13836,3,-1116,-287,2112,20159,3739,5979,9308,4263,4124,4339,0
122946,2,2,2,51,-1,-1,-1,-1,0,0,-4918,1914,18974,33204,-1674,-6530,910,5573,2360,897,2856,313,0
286568,1,2,2,38,-1,-1,-1,-1,-1,-1,14053,11773,6348,-18346,4237,23515,3487,5317,8833,1933,3253,3627,0
277029,1,1,2,33,-1,0,-1,-1,-1,-1,-1337,11891,27976,-1472,4341,7095,2033,7267,6912,3027,3189,1692,0
304901,1,1,2,27,-1,-1,-1,-1,0,-1,-7873,-15064,9867,1018,-499,28838,9035,4842,17868,9304,7134,8070,0
137832,2,1,2,36,-1,-1,-1,-1,0,-1,-9781,2001,18168,27946,-1441,5060,1809,1438,6659,3107,1774,1364,0
245573,2,3,2,30,0,0,-1,-1,-1,-1,23292,5409,16708,7847,3079,11862,3534,4374,6297,2965,747,1969,0
206686,2,2,2,26,-1,-1,-1,-1,0,0,7130,-3550,10980,12185,9578,10913,1146,3685,2897,553,2159,1621,0
195213,1,1,1,40,0,-1,0,-1,0,0,7634,30469,2049,28242,16271,5260,3067,1934,1971,493,5212,1984,0
69033,1,2,2,29,-1,0,0,0,0,-1,10462,40012,8673,19400,10847,11412,4136,2267,2480,291,3716,5384,0
185620,2,1,2,33,-1,0,-1,-1,-1,-1,286,11421,10335,11509,12990,-2748,1986,4760,747,551,2077,1580,0
33823,1,2,2,45,-1,-1,-1,-1,0,0,4704,-20535,4634,6347,5317,15580,4120,4203,8840,2335,4447,5234,1
177220,2,1,1,35,0,0,0,0,-1,0,30813,15929,-770,15968,6556,14956,2284,3121,1726,33,3555,3306,0
212241,1,1,1,56,-1,-1,-1,-1,-1,-1,-14773,19323,22360,13791,-3020,2396,5210,6965,15065,3864,6193,1925,0
101573,2,2,1,26,-1,-1,-1,-1,0,-1,24350,-12119,3213,-2526,4373,19968,3807,7106,9052,591,3592,3779,1
214871,1,1,2,45,-1,-1,-1,-1,-1,0,-29086,16122,1921,1389,16384,4272,6543,1143,10165,4681,7315,6561,0
199080,1,2,1,45,-1,0,0,-1,-1,0,21928,18806,21350,10946,2956,19807,3898,1401,5581,161,2928,4065,1
250431,1,1,2,28,0,0,0,0,0,-1,52079,50583,-3124,19478,-588,19498,7126,1256,299,2632,303,5100,0
178890,2,2,2,25,-1,-1,-1,-1,-1,-1,-2008,2071,25917,-11532,2095,25552,6706,7437,16248,3310,4779,6062,1
96348,1,3,1,40,-1,-1,-1,-1,-1,0,10601,-11533,18652,-7982,14004,23917,3185,1439,7258,1921,4134,6345,1
280627,2,2,2,23,-1,-1,-1,-1,-1,-1,-5504,-5485,3142,-11916,8835,18026,3323,8039,9901,3948,6422,7296,0
231361,2,1,1,47,0,0,-1,0,0,-1,26709,-7568,17911,25134,-1612,13894,4053,546,6933,2871,692,1266,0
246420,1,2,2,39,-1,-1,-1,-1,-1,-1,-5922,-478,27538,211,-3449,18724,4169,3402,13342,4565,2195,4512,0
226728,2,1,2,33,-1,-1,-1,-1,0,-1,702,15094,12403,13914,11002,-114,2411,2058,6887,1143,2067,1297,1
146991,1,3,1,48,0,-1,-1,-1,0,0,10360,13683,7177,26922,10862,2422,2268,3858,3108,101,4036,1496,0
284583,2,1,1,34,0,-1,-1,-1,-1,-1,4970,12399,-4754,-11159,6049,18116,8057,1022,10236,3803,2001,4810,0
419193,1,1,1,69,-1,-1,-1,-1,-1,-1,-37375,-1522,22621,9733,-9597,15262,5430,3346,16139,8214,6668,5363,0
29766,2,2,2,35,-1,-1,-1,-1,0,-1,-19338,-2021,16087,17334,21174,-4418,2717,7681,8819,926,4216,3092,1
109284,2,2,1,29,-1,0,-1,-1,-1,-1,-11757,5349,41044,26982,-1273,-10271,807,4172,5682,1818,1336,1872,0
160136,2,1,2,33,-1,-1,-1,-1,-1,-1,44062,-23390,-3779,-12378,4960,32659,5503,1179,6434,2836,1809,5768,0
342119,1,2,2,26,-1,-1,-1,-1,-1,-1,21055,19427,20941,-20225,945,33408,7696,11514,18878,3444,7557,4355,0
85955,2,2,2,34,-1,-1,-1,-1,0,-1,19377,8904,6008,-4924,-3206,17868,4513,1554,5105,1083,1667,5376,0
301839,2,2,1,50,-1,-1,-1,-1,-1,-1,4818,9707,11849,-3564,394,12422,6281,8749,7748,4578,3597,3684,0
321818,2,1,2,26,-1,-1,-1,-1,-1,-1,-17674,-6314,16406,27907,-3763,210,6070,4,10781,5168,3335,2791,0
340196,2,1,1,54,-1,-1,-1,-1,-1,0,15441,6757,-5635,-12525,7943,29505,4376,810,10262,3216,4613,4445,1
276869,2,1,1,51,-1,-1,-1,-1,-1,-1,4118,1503,18318,10282,7267,1524,926,2432,5285,4295,1730,2041,1
331418,2,3,3,23,-1,2,-1,-1,-1,-1,11785,24951,21647,-5962,-3741,5770,2858,783,6359,4639,2460,3599,0
395249,2,3,1,56,0,0,-1,-1,-1,-1,-421,31661,20972,23594,-6745,3020,5111,287,5571,5212,1218,1305,0
170529,2,3,1,41,1,-1,-1,-1,-1,-1,-36861,-11619,22252,36089,11606,-10657,5810,3268,11855,3690,5164,1080,0
133952,2,2,2,42,-1,-1,-1,0,-1,-1,11498,4907,-2933,2721,4171,19471,3933,2398,5057,1588,1526,4359,0
149513,1,2,2,41,-1,-1,-1,-1,-1,-1,-27245,13699,33344,13943,6182,369,1662,4430,7002,2456,3417,3447,1
234374,2,1,1,49,1,-1,-1,-1,-1,-1,-49453,-10203,34082,27054,-2939,2196,4713,1048,14157,5658,5924,4971,0
138789,1,3,1,41,-1,-1,-1,-1,-1,-1,-23445,12008,33153,18817,4920,-1727,39,8512,8684,1583,4940,1696,0
184293,2,1,1,37,-1,-1,-1,-1,-1,0,-16676,33095,17271,6208,-8248,1529,2149,3934,1722,1345,3555,3411,0
290191,2,2,2,40,0,0,-1,0,-1,-1,9118,12555,19077,23837,5956,2773,928,2581,3696,1852,1644,686,0
243120,2,1,1,39,-1,-1,-1,-1,-1,-1,-5067,-14474,16146,2299,3108,14421,7239,9091,15153,4656,4651,3790,0
193633,2,3,2,44,-1,-1,-1,-1,-1,-1,-8813,-31841,24763,13850,3296,6929,3217,1398,10429,4558,3700,4266,1
188249,1,3,2,46,1,-1,-1,-1,0,0,-4255,9242,-1385,16598,10008,11836,1336,701,703,3277,3238,2378,0
169514,1,2,2,36,-1,-1,-1,-1,-1,-1,-12096,14180,14777,5642,4747,5321,2642,2584,4297,2965,4043,5223,0
190317,1,2,1,34,-1,-1,-1,-1,0,0,26395,17940,4830,-6044,-12134,35964,4621,4998,9627,236,4346,4885,0
152841,2,3,2,33,0,-1,-1,-1,0,-1,-3772,15763,10717,34683,-3359,2791,3287,786,1820,339,2244,1786,0
113726,2,2,1,52,0,-1,0,0,0,-1,-896,16443,35058,15199,4843,-2796,491,2788,2279,522,1113,2390,0
17791,1,2,1,43,-1,0,-1,-1,0,0,-14883,21399,29911,35488,4543,-2483,1618,6364,1585,1633,3197,1453,0
170808,2,3,1,40,-1,-1,-1,-1,0,-1,7352,-16685,11987,2757,14707,16543,6429,0,9976,2781,2335,4416,0
163980,2,1,2,36,-1,-1,-1,0,0,-1,4838,-16530,12074,10238,13005,11350,237,3022,6506,1117,1605,1936,1
62289,1,2,1,31,-1,-1,-1,0,0,-1,-9713,-4614,15637,9036,14460,5625,1363,7492,3893,1431,2316,2957,0
194011,2,1,2,30,0,-1,-1,-1,-1,0,300,28188,-8106,11099,-2638,11751,1834,1315,1281,261,3589,3164,0
215205,1,1,2,26,-1,-1,-1,-1,-1,-1,7964,288,712,-12994,9021,20610,6273,3474,11226,4381,6399,7017,0
210624,1,1,2,38,-1,-1,-1,-1,-1,-1,842,-1979,-44,-638,1754,17218,4889,151,9586,5312,2963,5742,0
221154,2,2,3,35,-1,-1,-1,-1,-1,-1,-12163,-5376,29998,-7218,8267,11645,4770,6459,12166,4867,4472,5748,1
309976,2,1,2,35,-1,-1,-1,-1,-1,-1,3134,1763,5970,4329,3841,11693,5956,3856,10874,4653,4588,3273,0
268353,2,2,1,43,-1,-1,-1,-1,0,-1,-13191,23599,26892,22226,-12337,4060,5570,5748,12477,3117,1749,217,0
146238,2,3,2,24,-1,-1,-1,-1,0,-1,3217,-10649,28311,20860,1825,309,671,1696,4165,2522,273,742,0
94853,1,2,2,47,-1,-1,-1,-1,-1,-1,980,-18171,21096,11371,-8705,12959,377,6640,9607,1244,1989,2163,1
250418,1,2,2,31,-1,-1,-1,-1,-1,-1,12308,-3079,7239,-276,692,21956,5777,12281,13252,2549,4869,4159,0
189224,1,1,1,60,-1,-1,-1,-1,-1,0,-31800,3356,31813,31353,-4083,6487,3771,3125,11457,2798,5534,3285,0
170097,2,1,2,44,-1,-1,-1,-1,-1,-1,-13470,657,1029,8070,11764,15359,3567,4731,5521,2114,4347,4969,1
156811,2,2,2,34,-1,-1,-1,-1,-1,-1,16410,8892,1179,-4971,6226,9761,4595,2114,5111,1493,2804,2859,0
265945,2,2,1,36,-1,-1,-1,-1,-1,-1,-11372,9452,21313,5391,278,18568,7899,10291,17905,4610,6833,4562,1
272120,1,1,2,31,0,-1,-1,-1,0,-1,2491,16724,-3233,8348,217,11531,3105,1243,3341,2696,2581,2879,0
51519,2,2,1,40,0,-1,-1,-1,0,0,-12125,11737,14626,20574,5951,-3045,3334,229,7977,2933,2647,2905,0
140342,1,2,2,32,-1,0,-1,0,-1,-1,9999,29115,2957,-3829,3711,10820,2922,5437,1271,526,1625,4068,0
229546,2,3,1,38,-1,0,-1,-1,-1,-1,4922,14913,17138,15508,8359,-3871,622,2734,3290,1258,1904,94,0
174920,2,2,2,25,-1,-1,-1,-1,0,-1,-17734,5499,27973,32415,11827,-9530,3199,8968,7405,1669,5373,1872,0
237308,2,2,3,32,-1,-1,-1,-1,-1,-1,-13676,7448,25628,103,3057,7065,5880,8624,14916,3933,6121,4303,0
292957,2,1,1,40,-1,-1,-1,-1,-1,-1,-20835,-21226,14664,-10149,11337,22824,10860,9913,21547,10998,6887,8638,0
116749,2,2,1,44,-1,-1,-1,-1,-1,-1,-28726,12217,25938,18896,-4538,4215,1351,2538,4001,1155,4040,3860,0
412255,2,2,1,48,-1,-1,-1,-1,-1,-1,-7144,2686,6142,-9505,3424,33773,6593,2688,14724,5057,6211,6903,0
280334,1,2,1,42,0,0,0,0,0,-1,27499,34093,3791,10593,12656,20118,2671,4417,2119,1088,2029,2672,0
250657,1,1,1,47,-1,-1,-1,-1,0,-1,-8568,-3287,20467,14668,7926,4654,1822,3944,9237,3100,2033,1364,0
251695,1,1,2,44,0,-1,-1,-1,0,0,-2227,25728,12441,18771,-20489,19147,1882,3274,4841,1157,4677,3001,0
277783,2,1,2,36,-1,-1,-1,-1,-1,-1,-14942,-616,25983,9055,-6548,16191,7124,9471,16460,4634,6811,5013,0
151118,1,2,2,28,-1,-1,-1,-1,-1,-1,-27098,18478,13525,13585,62,272,2668,2537,4120,2107,4155,3958,0
130828,2,1,2,38,-1,0,-1,-1,0,-1,415,12494,28647,29310,2289,443,2979,7528,6183,1194,2361,669,0
116135,1,3,2,23,-1,-1,-1,-1,-1,2,-19300,1026,24537,5825,4467,11889,3083,3426,8004,3545,6291,6818,0
297934,1,1,1,43,-1,-1,-1,-1,-1,-1,-5825,5514,23384,-16101,5829,20700,2550,2825,7980,4155,6161,6512,0
148613,1,2,1,30,-1,0,0,-1,-1,0,13292,35027,6037,37,1553,17965,4046,2033,4017,258,4581,6463,0
191228,2,1,1,35,-1,-1,-1,-1,-1,0,5936,17334,13372,3526,-1142,17395,4920,5083,9403,2378,3872,3281,0
399050,2,2,1,37,0,-1,-1,-1,-1,-1,-11021,25675,19488,13886,-1504,1527,3743,7640,8856,4157,4427,1565,0
221741,1,2,2,47,-1,-1,-1,-1,-1,-1,-4002,1963,10839,-20262,-526,25518,4117,3798,11649,3690,5308,7484,1
250762,2,3,1,40,-1,-1,-1,-1,-1,-1,-149,9266,6777,249,2280,9374,2166,5103,7355,1249,4383,2758,0
221038,2,1,2,23,-1,0,-1,0,-1,-1,35606,10251,-5039,-8898,13055,19002,2788,312,2831,717,2073,4232,0
36067,2,1,1,40,0,-1,-1,-1,-1,-1,2418,8023,12961,34136,9189,-15331,1888,2440,612,95,2448,1205,0
274272,1,1,2,41,-1,-1,-1,-1,-1,-1,-19696,15197,9027,144,-1688,18111,6180,1625,9896,4816,4398,5498,0
232389,2,3,1,27,-1,-1,-1,-1,-1,-1,-12007,-12732,26178,10833,3366,8983,4672,6188,12345,4824,4456,5045,1
198058,1,1,2,40,-1,-1,-1,-1,-1,-1,-4767,6744,5450,-7454,5076,14554,6167,8178,11993,3841,5723,5118,0
256520,2,1,2,26,-1,-1,-1,-1,-1,-1,7296,-1173,26947,6921,4061,2531,3253,2573,9231,3022,2734,2563,1
60062,2,2,2,31,-1,-1,-1,-1,-1,-1,11027,2656,-10195,-1249,5253,19784,8402,4487,10136,3662,7240,8646,0
230992,1,3,2,32,-1,-1,-1,-1,-1,-1,-23580,-7190,17541,86,9580,16363,10570,3013,18085,8128,5528,7031,0
230804,1,3,1,53,1,-1,-1,-1,-1,-1,-35463,-17052,41322,23048,-2796,2738,4494,3574,16613,4838,4754,2827,0
443721,1,1,3,42,-1,-1,-1,-1,-1,-1,4202,672,9077,-16493,271,30393,8786,14467,17747,7754,9399,6606,0
252896,1,3,1,56,-1,-1,-1,-1,0,-1,-28183,-6565,11032,16281,7120,9066,5129,2769,11631,7484,4766,5598,0
268121,2,2,2,32,-1,-1,-1,-1,-1,0,-6271,14056,1370,417,20120,13519,6174,6800,7398,2355,7453,4982,0
242110,2,1,1,43,0,-1,0,-1,0,0,28707,27168,11576,12478,2476,17504,3513,1928,4625,298,2475,3205,0
77330,2,2,2,35,-1,-1,-1,-1,-1,0,-13083,2718,4218,-4891,8291,18921,7183,3463,9147,2571,5064,6767,0
341395,2,1,2,35,-1,-1,-1,-1,-1,-1,-9298,3373,20706,565,605,19493,6550,1499,14382,6405,3868,5864,1
288655,2,1,2,44,-1,2,0,-1,-1,0,16706,19860,-4055,-10143,9161,29097,2412,194,3707,3131,3683,5737,1
190280,2,1,2,34,-1,-1,-1,-1,-1,0,24058,8132,833,-21082,3572,31182,6836,3705,11090,901,4886,5859,0
69412,1,2,2,54,-1,-1,-1,-1,-1,0,33667,774,-15344,-23273,652,28719,2742,1881,3428,182,3642,7323,1
172459,2,2,2,34,-1,-1,-1,-1,-1,-1,-1495,2658,7369,7842,1390,6215,2739,2556,6723,1247,2102,2043,0
286179,1,2,2,36,-1,-1,-1,-1,-1,-1,5794,27333,4369,-15500,1823,23524,5385,5944,11234,2749,5268,4970,0
233089,2,2,2,37,-1,-1,-1,-1,-1,-1,17226,7143,19645,1786,-4168,16078,4116,8744,11602,321,3134,359,0
104206,2,1,2,34,0,-1,-1,-1,0,-1,-7835,21546,8400,12354,-3885,-65,1042,2060,2304,1000,2701,2254,0
123881,2,3,2,46,-1,-1,-1,-1,-1,-1,4227,10042,18859,10258,-5779,13311,766,2323,3955,1278,1625,2986,0
163747,2,3,1,38,-1,-1,-1,-1,-1,-1,-32765,999,31212,-5424,6839,7590,4265,4354,12829,4349,3590,5098,0
157817,1,1,2,51,1,-1,-1,0,0,-1,-10170,-3939,-597,9572,16469,6387,770,758,962,3117,1783,3193,0
168610,2,3,2,49,-1,-1,-1,-1,0,-1,-12168,5085,14417,9062,-7546,11079,2296,3025,5217,2569,792,1787,0
154931,2,3,2,31,-1,-1,-1,-1,-1,-1,-9307,-13098,15503,-5352,6493,24277,5877,12080,14111,4498,6818,7205,0
210600,1,3,3,41,5,-1,-1,-1,-1,-1,-11906,18255,15515,-5238,10419,8390,471,6210,3907,1912,3782,4401,0
121458,1,1,2,56,-1,-1,-1,-1,-1,0,-8451,4578,2963,8815,10348,11089,4591,5241,6074,1540,6423,5391,1
202939,2,2,2,22,-1,-1,-1,-1,0,0,2974,-2248,15855,14995,-4030,13374,4725,7480,10807,1195,5757,2818,0
187222,2,2,1,21,0,0,0,0,0,-1,6067,38947,23199,23854,2932,2932,2956,78,248,1895,1900,4004,0
183881,2,1,2,32,-1,-1,-1,-1,0,0,28752,6929,16519,1117,-6436,27892,4632,4193,10525,2091,2788,2828,0
231086,1,1,2,35,-1,-1,-1,-1,0,-1,4649,-17974,17864,-413,7016,12265,2998,2513,11604,2943,1946,2117,0
325943,2,2,2,23,-1,-1,-1,-1,-1,-1,16689,296,20530,-15193,-1450,36105,7620,6148,17767,5284,3663,6100,1
205834,2,1,2,30,-1,-1,-1,0,-1,-1,9684,-14664,-1969,899,11712,18443,2130,3431,5954,239,3349,3369,1
170161,1,2,2,21,-1,-1,-1,-1,-1,-1,-19983,10417,22086,9323,1663,9124,2369,6739,6863,1695,5413,5622,0
174905,1,3,2,34,-1,-1,-1,-1,-1,-1,-11331,10097,23675,20824,-1943,3009,1680,9578,9071,2826,2082,238,0
314631,2,2,1,48,-1,-1,-1,-1,-1,-1,-46264,11067,28276,3376,6976,-531,5203,5910,10132,4982,6373,5180,0
330347,2,2,1,50,-1,-1,-1,-1,-1,-1,-36891,-5729,40670,10398,-1455,11440,10332,6734,20928,9398,6745,6292,0
222486,2,2,1,35,-1,-1,-1,-1,-1,-1,-10899,-2624,7966,558,7294,12008,4374,2370,5316,2343,3811,5528,0
240329,1,3,1,41,-1,-1,-1,-2,-1,-1,-19795,-3022,29574,8981,-2668,17447,1340,382,9283,4780,4665,3954,1
207029,2,1,2,48,-1,-1,-1,-1,-1,-1,-25749,4748,29537,13750,10823,9974,4814,6497,12425,2667,5628,4309,0
284295,2,1,2,30,-1,-1,-1,-1,-1,-1,-15012,9717,27620,10108,4990,5913,3782,8205,12171,3925,4647,3460,1
185519,1,3,2,40,-1,-1,-1,-1,-1,-1,-24143,-35433,20658,-6858,24769,12121,6582,5105,15129,7908,7513,9557,1
192452,1,2,1,39,-1,-1,-1,-1,-1,-1,-10730,2410,23391,6498,5431,10125,2563,5968,11046,2438,2910,2958,1
267926,2,2,2,28,-1,-1,-1,-1,-1,0,3272,9182,9756,-9520,-289,24851,5634,2440,9280,2238,7209,7585,0
94794,2,2,2,35,-1,-1,-1,-1,-1,-1,-8106,5503,14193,6364,8402,-5129,2621,533,3534,3056,836,3868,0
313440,1,2,2,26,-1,-1,-1,-1,-1,-1,-1147,-13285,4998,-20079,3583,33625,6201,8384,13417,4584,6360,8006,0
80036,2,2,2,41,-1,-1,-1,-1,0,-1,35836,9619,3038,2619,-12093,21183,7845,2930,6597,1754,1153,4470,0
188726,1,2,2,25,-1,-1,-1,-1,-1,-1,3739,-5298,18430,-1273,-4169,22849,4223,13034,13014,3683,5276,5051,0
152268,2,3,2,37,1,-1,-1,2,-1,-1,-2484,-19297,18342,13151,9160,-5701,1187,1513,4564,1453,1385,1002,0
280144,1,1,1,41,-1,-1,-1,-1,-1,0,18017,24242,-4563,-4712,7979,20847,2886,3164,3464,108,3908,2930,0
274731,2,2,2,34,-1,-1,-1,-1,-1,0,4469,14051,29122,-21505,1528,25679,7914,7387,15272,3060,7205,7054,0
147493,1,1,2,34,-1,0,-1,-1,-1,-1,18672,21168,-4326,-15485,2846,18763,840,2989,3267,190,1807,3906,0
270543,1,2,2,38,-1,-1,-1,-1,-1,-1,23477,3812,484,-10061,-9595,28669,6142,5796,10425,4472,2629,5355,0
210839,1,2,2,43,-1,-1,-1,-1,-1,-1,-879,-5085,10860,-12981,6426,22024,4064,2644,9186,3714,4178,5270,0
107797,2,2,2,31,-1,0,-1,-1,0,-1,3375,21822,-709,5394,-1278,13638,4568,2368,3196,2666,1251,4612,0
119352,1,1,1,44,-1,-1,0,-1,-1,0,-1663,678,18246,10322,15198,4830,1528,481,3811,707,3567,3710,0
141034,1,1,2,31,-1,-1,-1,0,0,-1,-6266,-2522,22543,4005,13768,12816,3358,4977,7837,2607,4420,4791,1
256436,2,3,2,40,-1,-1,-1,-1,-1,-1,6259,13805,2537,-907,-94,22775,6637,5196,9881,4621,2938,4389,0
257563,2,3,2,48,1,0,-1,-1,0,0,5978,34277,12772,36333,-9115,6071,2747,2745,4046,1707,2267,455,0
102076,2,1,1,52,-1,-1,-1,-1,-1,-1,-21111,-5605,15158,29337,-3081,-5905,1704,346,6194,2894,3401,3263,1
317864,2,1,1,32,-1,-1,-1,-1,-1,-1,-27321,5333,35279,15705,11859,-1590,4812,11714,15273,5846,5875,1541,0
219797,2,3,1,22,-1,-1,-1,-1,0,0,34710,2498,9029,-7149,-4169,30138,4898,1818,7126,1798,3653,4437,0
272630,2,2,3,51,-1,-1,-1,-1,-1,-1,-12364,-3826,25794,-4760,-4409,22579,6906,4859,18825,6504,5881,6191,0
310173,2,1,2,36,-1,-1,-1,0,0,-1,-18540,18807,20053,12611,9995,10880,4432,3770,7148,3534,1642,2234,0
286030,1,2,2,39,-1,0,0,0,0,-1,29470,35357,16459,5229,-1504,24300,3029,2585,1699,1794,1141,4509,1
217084,2,1,2,22,-1,-1,-1,-1,-1,-1,464,-10379,15826,7260,10803,12164,5994,4309,11839,2600,4472,4629,0
292380,1,3,1,48,-1,-1,-1,-1,-1,-1,-8843,7223,16810,8460,-688,14137,3815,5055,8943,5046,4289,2980,0
170313,1,3,1,43,-1,-1,-1,-1,-1,-1,-4241,-22735,19757,8587,4168,13955,5743,3383,13907,2847,3395,2897,0
94538,2,1,2,35,-1,-1,-1,-1,-1,0,1549,-2904,460,3455,-7025,24919,6325,120,10914,3109,4677,7384,0
256116,2,2,2,43,-1,-1,-1,-1,-1,-1,22329,1444,-6858,-8863,-11612,37958,5759,9887,13200,3265,4154,4170,0
236973,1,1,2,37,-1,-1,-1,-1,-1,-1,-18673,5929,25527,-3161,4201,9001,1746,3264,8157,3670,3235,3912,1
255089,1,2,1,34,0,-1,-1,-1,0,0,30117,30137,-352,11018,-3375,16075,5192,808,7326,266,2186,2084,0
185265,2,2,1,48,-1,-1,-1,0,-1,-1,4197,6739,8341,12940,19511,1496,1114,4843,1413,654,2628,1838,0
242161,2,3,2,43,-1,0,0,-1,-1,-1,12577,22826,10069,6736,10686,10984,737,7138,2889,291,3237,2327,1
332239,2,1,2,39,-1,0,0,-1,-1,-1,8815,28517,1699,-626,3586,16183,4768,1064,4936,3438,2032,4207,0
300790,1,1,2,25,-1,0,-1,-2,-1,-1,-16890,-4828,14724,19603,17833,-10352,609,6220,4556,5299,2621,1171,0
259858,2,1,2,31,-1,0,-1,-1,-1,-1,285,12220,25822,10325,4892,4099,905,12334,9457,2156,5363,664,1
148988,2,1,1,24,0,0,0,0,0,0,20655,34759,12407,35164,10195,-1025,4868,3698,727,1645,2908,2155,0
131295,1,1,1,26,0,0,-1,0,0,-1,1364,38731,20711,31490,870,-6538,4190,1826,6649,1924,1532,491,0
208676,1,2,1,41,-1,-1,-1,-1,0,-1,1608,3918,17012,20405,-9494,6716,791,7323,8142,1104,3922,2233,0
276432,1,2,1,43,-1,-1,-1,-1,-1,0,-12207,12875,27132,-3559,3405,13895,5543,1212,11334,3484,5411,5234,0
190062,1,3,1,28,3,-1,-1,-1,-1,-1,42613,-9245,359,-8318,7842,15960,2215,2429,5559,580,1253,2218,0
204083,2,2,1,49,-1,-1,-1,-1,-1,-1,7690,-7308,23373,11650,-3655,15772,5027,3029,13656,2585,5532,5421,1
274959,1,3,1,22,-1,-1,-1,-1,-1,-1,-13553,-8479,40292,9577,1363,4384,5797,7834,14050,5817,4797,4507,0
131393,1,2,2,31,-1,0,-1,0,0,-1,43985,15491,-2454,4679,-8297,17551,2440,2510,1459,536,663,3262,0
289899,2,1,2,42,-1,-1,-1,-1,-1,0,12310,13072,3474,-416,8151,13203,3928,2378,7230,1741,4455,3345,0
30587,1,3,2,31,-1,-1,-1,-1,0,-1,6081,-12008,26593,12984,15899,5105,3008,5104,6779,857,779,1393,0
181512,2,1,2,31,1,-1,-1,-1,-1,-1,-13486,5650,17423,27407,8960,-11366,1983,4051,4522,2842,2186,1248,0
210016,2,1,1,41,-1,-1,-1,-1,-1,-1,-1377,1172,-753,4320,13078,5926,4432,2054,8810,2921,4908,3419,0
53688,1,2,2,38,-1,-1,-1,0,-1,-1,-10358,12136,8457,7291,15436,-2340,2215,3065,3744,1482,1960,3413,0
158220,1,3,1,32,-1,-1,-1,-1,-1,0,19720,7975,19771,2719,11915,10341,1416,5340,5859,1936,3792,3028,1
175286,2,3,1,45,-1,-1,-1,-2,-1,-1,-8691,-41152,16628,8055,15642,62,3752,9187,7410,5132,3079,3229,0
311076,2,1,1,36,-1,-1,-1,-1,-1,-1,1239,-2823,10661,7415,7365,22218,4968,1046,10073,4951,3596,4358,0
241385,1,3,2,37,-1,-1,-1,-1,-1,-1,-17463,-4508,15586,-3850,-6061,12102,4498,2039,12663,4887,3214,4672,0
183843,1,3,1,35,-1,-1,-1,-1,-1,-1,7379,3448,33202,-7374,11630,18265,2487,7892,12501,1023,4347,2795,0
137341,2,2,2,50,0,0,-1,-1,0,-1,-4840,18212,22862,23777,-8076,264,5174,2545,7185,3695,243,2299,0
264494,2,1,1,38,-1,-1,-1,-1,-1,-1,-19762,7279,36485,33230,1695,-11239,569,2085,5946,2794,2601,510,0
96452,2,2,2,37,-1,-1,-1,-1,0,0,4270,6723,13957,22195,3119,4991,4251,3758,4101,640,1373,1715,0
150769,2,2,1,43,-1,-1,-1,-1,0,0,10750,26665,14239,18658,3814,4448,2929,6401,5107,5,3422,2343,0
150704,2,2,1,46,1,0,-1,-1,-1,-1,-11996,18751,14146,37649,-503,-3091,2106,2272,3657,1727,2219,1012,0
281196,1,1,2,38,-1,0,0,-1,-1,-1,19186,25130,7212,-8237,-2254,32403,3450,2263,7264,732,3277,4956,0
197153,2,1,2,38,0,0,0,0,-1,0,9020,43546,16707,31659,-950,213,3221,2719,1712,1840,1970,1313,0
347087,1,5,1,55,-1,-1,-1,-1,0,2,11161,-2565,17204,8643,-5217,26542,4559,4477,13342,5674,2849,2891,0
134991,1,1,2,38,0,-1,-1,-1,-1,0,-12472,12552,14586,20742,12578,2239,109,1295,5231,921,4587,1558,0
392701,2,3,2,48,-1,-1,-1,-1,-1,-1,-5893,-24164,6255,-6412,7154,30359,11689,6100,22450,10517,6947,7771,0
421827,2,1,1,34,-1,-1,-1,-1,-1,-1,-9814,-20446,27953,4614,20518,7312,10191,2005,18959,9295,5679,4251,0
200941,2,1,1,26,-1,-1,-1,-1,-1,-1,-24521,-10325,29404,18106,8857,-6148,4387,3322,12656,6391,3024,2667,0
370698,2,1,2,46,-1,-1,0,-1,0,0,-8805,30189,24382,25941,5642,13313,6739,6887,11553,4209,6003,994,0
334176,2,1,1,31,-1,-1,-1,-1,-1,-1,-6525,-24525,30643,3714,8962,16104,5106,2703,11908,5206,2098,3771,0
275748,1,3,2,36,-1,-1,-1,-1,-1,-1,-23592,-17817,33460,2444,16767,3305,5421,11133,16186,6626,5098,4081,1
188557,1,1,2,37,0,0,0,0,0,0,43383,27855,16177,7536,4908,15946,3239,292,1434,543,1478,4102,0
222018,1,1,1,36,-1,-1,-1,-1,-1,-1,-10122,-8543,28452,20354,9337,4624,1959,1804,7507,2200,2950,3364,0
300110,2,1,2,27,-1,-1,-1,-1,-1,-1,-6188,-9099,27316,17732,16563,3222,3243,20648,14700,4509,7847,1348,1
207137,2,1,1,36,-1,-1,-1,-1,-1,-1,17401,-7714,11139,-8671,7280,25137,6631,10617,16538,2635,7387,5136,1
255223,2,1,2,38,-1,-1,-1,-1,-1,-1,-19186,6578,13205,8510,16363,2270,2235,3623,7197,3536,4974,3671,1
161653,2,2,2,24,-1,0,-1,0,0,-1,24917,17514,4612,22675,4746,8057,4710,4174,719,1503,1699,4401,0
131605,2,3,1,26,0,-1,-1,0,0,-1,2773,-982,-3888,27382,3112,-1210,3117,3789,2745,3523,2049,2067,0
152592,2,3,1,40,0,0,-1,0,-1,-1,-10143,16394,15571,31291,8780,-14760,1576,1072,2784,2460,1931,1228,0
175284,2,1,1,23,-1,-1,-1,-1,-1,0,-2933,163,14593,4131,3391,10334,4808,1051,9349,1888,4966,5417,0
323625,1,1,1,40,-1,-1,-1,-1,-1,-1,-20935,9753,29642,18348,-9045,2640,2537,3752,11968,4167,3296,1310,0
212300,1,2,2,53,-1,-1,-1,-1,-1,0,5042,-1124,1877,-18704,-6092,42955,8071,2783,16183,4157,5919,8482,0
245010,1,1,2,24,-1,-1,-1,-1,0,0,888,35685,14086,-6116,-5355,25395,5073,3539,11074,1234,4315,4964,0
208913,2,2,2,49,-1,-1,-1,-1,-1,-1,-24892,1234,18459,20572,10958,-443,1166,1007,6904,2767,3053,3243,1
55406,2,1,2,35,-1,0,-1,-1,-1,0,27459,12123,-3464,7602,4291,19668,4675,541,1673,277,1792,5240,0
243703,2,2,2,29,-1,-1,-1,-1,-1,-1,18087,8282,14484,-2687,4947,6935,2108,8192,5525,2482,1967,899,0
207161,1,1,2,51,-1,-1,-1,-1,-1,0,-14369,11629,16333,4602,-11325,18262,4590,1342,11319,1424,5086,3277,0
146509,2,2,2,35,-1,-1,-1,-1,-1,-1,2682,15875,17331,6300,-6790,18062,5967,1232,10523,2278,2544,5473,0
197592,1,2,1,51,-1,0,-1,0,0,-1,8275,34510,28373,20417,-13144,14878,291,7576,2197,1311,1737,1962,0
255325,1,1,1,36,-1,-1,-1,-1,-1,0,23392,20293,-12422,-16770,-1620,33243,4955,1137,6644,1788,4155,7145,0
226750,2,1,1,26,-1,0,-1,0,-1,-1,24181,16935,5579,-268,6852,14175,967,3891,3200,1433,1961,3056,0
305359,1,2,3,32,-1,-1,-1,-1,-1,-1,-725,19216,21592,18559,382,1383,2525,10407,8827,1808,3607,60,0
237561,2,2,2,33,-1,-1,-1,-1,-1,-1,12096,-2739,18706,-481,3811,13653,2355,6411,10152,608,2532,976,0
82685,2,2,2,28,-1,-1,-1,-1,-1,0,20651,1311,14910,9565,3461,8048,3026,2588,2333,325,3670,5438,0
93450,2,1,2,28,-1,-1,-1,0,-1,-1,-7827,1868,6509,27028,20202,-18691,2084,4310,2776,3244,1675,1428,0
146239,1,1,2,32,0,-1,-1,0,0,0,-1253,29141,8269,17272,11779,10004,4032,1501,3226,252,4238,3289,0
311285,1,1,2,39,2,-1,-1,-1,-1,-1,-12126,20791,17728,5120,-12949,17303,4709,8328,13036,2777,5165,2336,0
147016,2,2,2,25,-1,-1,-1,-1,-1,-1,-2543,8787,18949,-4860,630,22139,3576,10423,10540,1030,5125,6077,1
198331,1,2,1,37,0,-1,-1,-1,0,0,-18973,18690,10051,22248,4970,2478,3177,2362,7198,2021,4580,2828,0
82643,1,3,2,27,-1,-1,-1,-1,0,-1,3599,-16241,20714,-7914,3758,24546,2415,1663,10740,2415,3525,5804,1
340291,1,2,1,29,0,0,-1,0,-1,-1,32275,20900,3421,15980,1883,6785,2437,6793,2486,1102,2435,1514,0
111315,2,1,1,21,-1,-1,-1,-1,-1,0,-5771,20118,31292,27688,5730,-12660,3132,10551,9959,187,4912,889,1
148064,2,3,2,51,-1,-1,-1,-1,-1,-1,-31074,-4061,26087,19017,9093,-10629,1242,5048,6232,3294,5856,3364,0
227397,1,1,1,44,-1,-1,-1,-1,-1,0,6308,4186,9294,2792,6806,20404,4871,5826,14160,1753,5804,3702,1
63883,2,3,2,26,-1,-1,-1,-1,-1,-1,5019,-9921,10081,11964,14555,2489,4413,5112,7020,2191,2827,4179,0
267725,1,3,2,41,-1,-1,-1,-1,-1,-1,-3634,-19191,23101,-15171,6969,32635,9303,7540,21616,7921,6381,8098,0
220904,1,2,1,53,0,-1,-1,0,-1,-1,-9303,15655,8542,7288,-3458,9694,3549,1703,3908,1431,906,2607,0
44411,1,2,2,38,1,-1,-1,2,-1,-1,-5672,-7747,-6027,7066,12134,2996,3201,3844,4992,2101,3275,3260,0
203949,2,1,2,36,-1,-1,-1,-1,-1,-1,-3176,7019,5076,2670,-3843,12871,8339,235,12507,6007,2258,5497,0
166306,1,2,2,30,-1,-1,-1,-1,-1,-1,2429,-13894,17853,-7114,-4014,26946,6745,5439,14507,4775,5440,8186,0
264098,2,1,2,53,-1,-1,-1,-1,-1,-1,-15293,3403,24852,22671,-2162,-6062,1166,960,3612,3178,758,627,0
345846,1,2,2,41,-1,-1,-1,-1,-1,-1,-1735,846,18430,-2497,2686,25825,2806,8129,13030,4649,4307,3757,1
279998,2,3,2,40,-1,-1,-1,-1,-1,-1,-4578,-12605,13572,-9494,10346,15577,1955,2339,5685,3003,2873,4143,0
252707,2,3,3,35,-1,0,-1,-1,-1,-1,-2184,24104,22251,6850,3915,2500,2713,3846,2693,3611,1188,2883,0
240944,1,1,1,32,-1,-1,-1,-1,-1,-1,-1620,11418,11007,4613,6086,14563,894,7734,4316,2758,5717,4431,1
223870,1,3,2,45,-1,-1,-1,-1,-1,0,-17525,18812,11833,-3388,-4142,9232,4777,8799,9802,4330,6203,3935,0
234308,2,1,1,21,-1,-1,-1,-1,-1,-1,929,2279,14548,15788,16440,685,1940,1372,5486,2965,3441,3055,0
85149,2,2,1,27,-1,-1,-1,0,0,-1,-95,-11931,26890,27883,3141,3059,2897,4295,5428,1067,1044,1888,0
340612,2,2,1,33,-1,-1,-1,-1,-1,-1,6450,10388,7072,-19390,-3557,24685,6709,1767,13865,4958,3334,4233,0
141424,2,1,2,31,-1,-1,-1,-1,-1,0,60685,11015,-10831,-16574,-4938,38322,6668,94,6363,676,2545,6420,0
355323,2,2,2,43,-1,-1,-1,-1,-1,-1,6639,9974,2197,-22507,8515,19720,7766,6826,13928,6424,3706,4912,0
288682,1,2,2,41,-1,-1,-1,-1,-1,-1,5510,-3601,14672,-16492,6353,23481,3813,2626,10047,3968,4438,6311,1
313208,2,3,1,53,-1,-1,-1,-1,-1,-1,-2790,-23646,21089,-1198,8696,19026,4930,6669,13760,4528,5650,5139,1
152134,2,2,2,53,-1,0,-1,-1,-1,-1,556,16922,32706,10913,-8463,4631,1032,540,1809,1367,309,3120,0
142104,1,1,2,31,-1,0,0,0,0,-1,11006,24126,22848,22354,11259,7668,1553,8420,2949,406,3514,2098,0
240871,2,2,1,30,-1,-1,-1,-1,-1,-1,-7450,4351,23495,10104,4239,-116,695,6467,4567,3378,1531,1145,0
365856,1,1,1,55,-1,-1,-1,-1,-1,-1,-51125,-610,47920,12951,9160,-6311,7632,9325,18117,9866,5718,2955,0
354956,1,3,1,32,-1,-1,-1,-1,-1,-1,-10415,-23844,40099,1584,5499,6337,7467,6857,22649,8470,4342,2556,0
308079,2,2,1,49,-1,-1,-1,-1,0,0,-17580,14225,36843,18942,-15212,20035,4136,4191,11956,3570,4366,2847,0
271054,1,2,2,28,-1,-1,-1,-1,-1,2,14062,8015,15310,-11524,1997,25651,1618,2831,4736,2355,3079,4731,0
235784,1,1,2,34,-1,-1,-1,-1,-1,-1,-43836,3188,19404,10065,824,11873,4931,3469,13416,6581,6681,6111,0
171543,1,1,2,41,-1,-1,-1,-1,-1,-1,-13706,-17686,3991,496,5245,15138,5068,1801,8193,4572,4027,6552,0
179042,2,2,2,49,-1,-1,-1,-1,0,0,-14290,-10852,15927,13337,8902,15012,3238,7554,9437,1786,6296,2956,0
243809,2,1,2,35,0,0,0,0,0,-1,5879,42215,28624,30136,4028,-2255,2096,1518,1295,2144,1451,1301,0
233893,2,1,2,41,-1,-1,-1,-1,-1,-1,-28129,8632,27826,20096,9696,-9814,1842,9657,7160,3566,4601,1450,1
245282,1,2,1,39,-1,-1,0,-1,-1,0,4228,25835,12429,-14044,966,30384,3069,5578,5738,1096,8054,8394,0
322427,2,1,2,31,-1,-1,-1,-1,-1,-1,6695,-18313,8204,-20686,8513,30084,5654,9707,13084,4468,7781,8459,0
385322,2,1,3,36,-1,-1,-1,-1,-1,-1,4502,30684,11866,-2054,-630,11042,4633,6205,11647,3733,3365,1375,0
71530,2,1,1,56,-1,-1,-1,-1,0,0,-15431,-477,21978,16393,-6848,11611,3163,5376,10259,914,4159,1935,0
257426,1,1,3,43,-1,-1,-1,-1,0,0,14609,25177,19079,13230,6980,13154,1237,11075,8219,1870,6893,919,0
166234,2,1,2,32,-1,-1,-1,-1,0,-1,-14996,18908,3784,16596,2746,3873,5275,7687,7274,4029,4708,2761,0
322560,1,1,1,50,-1,-1,0,-1,0,0,8733,19585,18668,19674,-3121,20629,4075,508,10124,2868,4107,3016,0
157351,1,3,1,37,-1,-1,-1,-1,-1,-1,-13777,-13478,25441,12225,5400,2821,1005,6911,9915,3232,2988,2323,0
189807,1,2,1,37,-1,-1,-1,-1,0,0,4714,4380,3528,10980,-7051,8258,2574,1685,6008,524,4626,3689,0
204290,2,2,1,37,-1,-1,-1,-1,-1,-1,-32941,7088,45763,35960,-6623,-13882,2997,7937,11651,3192,4120,1042,0
306462,2,1,2,43,-1,-1,-1,-1,-1,-1,-7129,-36110,8123,-2281,13733,19408,5429,944,13742,8997,3136,5765,0
116165,1,1,2,34,0,-1,-1,0,-1,-1,13568,4269,-748,8128,14583,8387,1412,563,2162,236,1860,2911,0
158095,1,2,1,27,-1,-1,-1,-1,-1,-1,16681,-4654,10737,5126,13777,4392,3117,10053,8444,1535,2517,1605,0
381022,1,1,2,39,-1,-1,-1,-1,-1,-1,-7683,1076,17633,6768,1164,15000,4855,188,12718,5755,3823,4158,0
189950,2,3,1,61,-1,-1,-1,-1,-1,-1,-35619,-12319,41014,25739,-6872,6074,6548,15749,19352,6238,5709,2458,1
340194,2,1,1,31,-1,-1,-1,-1,-1,-1,-9258,-10119,18998,-553,-2180,15052,9517,7393,17309,7740,6991,5274,0
207166,2,3,1,49,-1,-1,-1,-1,0,-1,-12251,-6392,5089,25627,15949,4165,4720,866,8430,5477,1788,1579,0
204732,2,3,1,37,-1,-1,-1,-1,0,-1,2522,9609,18192,9369,-13530,14113,1744,506,5867,1646,827,1384,0
253010,2,3,2,43,-1,-1,-1,-1,-1,-1,-30218,-13349,16538,-12440,9725,17524,9777,3836,16812,7310,8082,9584,0
152504,2,2,2,26,-1,-1,-1,-1,0,-1,8888,-127,16866,16837,-5559,12466,7952,9307,11760,4583,3361,3589,0
15884,2,2,2,32,-1,-1,-1,-1,-1,0,-7262,13682,1487,8587,7035,7947,7367,5022,6479,2111,4910,7624,0
254653,1,2,2,42,-1,-1,-1,-1,-1,-1,6060,7221,-660,-23912,-2634,29509,4219,8640,8684,4167,5631,8005,0
357384,2,1,2,51,-1,-1,-1,-1,-1,-1,-18830,-4652,10691,-2039,10146,22259,7434,7834,12319,7049,6382,7850,0
184861,2,3,1,55,-1,-1,-1,-1,-1,-1,-17004,-12305,24725,6283,4749,9321,5565,2177,14343,3566,4919,3804,1
160120,2,1,2,39,0,0,0,-1,-1,0,2718,36238,19645,27300,10526,-5016,1668,2679,668,30,3458,2762,0
157384,2,1,2,37,-1,-1,-1,-1,-1,-1,-11258,12306,21772,17785,702,-1550,2486,1043,7839,185,2904,1573,0
57132,1,3,2,31,-1,-1,-1,0,-1,-1,2803,5866,10965,-2546,5402,8317,2298,368,4524,2256,1248,3904,0
321440,1,2,2,42,-1,-1,-1,-1,-1,0,43456,7169,892,-16990,2628,39464,3370,4701,11643,754,4878,4390,1
141370,1,3,2,36,-1,-1,-1,-1,-1,-1,16123,-6663,11777,-10437,3963,23578,505,2761,5869,1572,1703,5564,0
174267,2,3,2,44,-1,-1,-1,-1,-1,-2,-15545,-3349,29956,7390,1438,12007,4388,63,10441,2595,5425,4697,0
202828,1,2,1,54,-1,-1,-1,-1,-1,-1,-3550,1317,22312,-2770,801,13044,4898,6000,10204,2646,3692,4310,0
295329,1,1,2,37,-1,-1,-1,-1,-1,-1,-36247,18052,31064,10977,9715,10273,6259,6219,15456,6648,9779,6872,0
248209,1,2,2,32,-1,-1,-1,0,-1,0,7094,7940,7720,-5156,15423,15187,144,6340,2328,1073,4196,4354,1
317205,1,3,2,50,-1,-1,-1,-1,-1,-1,-8018,-27765,33541,4445,-5931,14447,6600,16247,20415,7949,6426,4406,0
313707,1,2,2,45,-1,-1,-1,-1,-1,-1,-3962,13206,26089,-18020,3471,13847,610,2597,8286,1793,2978,3983,1
226822,2,2,2,34,-1,-1,-1,-1,-1,-1,-28633,6275,15183,7786,12483,4343,8128,7454,14627,5016,6394,5683,0
121072,1,1,1,30,0,0,0,0,0,0,40050,28302,3712,23546,16683,3706,4091,2456,619,236,3002,2389,0
154693,2,1,2,36,-1,0,0,-1,-1,-1,5526,6774,16126,15527,2654,7993,1350,3082,1599,904,2528,4383,0
296165,2,1,2,22,-1,-1,-1,-1,-1,-1,2918,-20855,7157,6725,3412,13032,5310,7631,11319,5296,3708,3941,0
289875,1,1,1,38,-1,-1,-1,-1,-1,-1,-33504,-1949,32896,11691,11177,-1771,1379,10505,10550,3564,6214,1394,0
271223,1,2,2,25,-1,-1,-1,-1,0,-1,4620,15086,9742,11276,-1507,12674,3122,10504,9210,2886,3175,1250,0
64937,2,2,2,30,0,0,0,0,0,0,37511,32622,9157,24434,8107,11238,5496,2895,1558,108,996,2592,0
121057,2,1,2,28,-1,-1,-1,-1,-1,-1,-586,-7624,20597,3371,11466,2818,3209,7732,7910,2113,2676,3064,1
350492,2,1,2,50,-1,-1,-1,-1,0,-1,10085,-13960,17148,16240,-6913,25352,5454,7796,14301,5014,4821,1527,0
167417,1,1,2,38,-1,-1,-1,-1,-1,-1,656,11864,20075,-10811,-1404,12336,1230,131,6273,1714,1738,3193,0
169965,1,1,2,35,-1,-1,0,-1,-1,0,27073,1198,13911,-3820,6930,20973,3071,115,8492,3,2924,4611,1
241727,1,3,2,35,0,0,-1,0,0,-1,26083,13810,13518,19688,1342,9675,903,3451,1673,1713,426,182,0
311882,1,1,1,54,-1,-1,-1,-1,2,-1,-1264,-13859,18089,6118,6614,19947,1983,6119,12173,3242,4344,3047,1
242924,2,1,1,42,-1,-1,-1,-1,-1,-1,-13107,-7979,5366,13297,11787,7325,1422,2737,6027,3511,4061,2812,0
310882,1,1,2,37,-1,-1,-1,-1,-1,-1,-10237,-11544,20366,-12588,-3639,23414,7369,11487,16876,7598,6835,7463,0
68712,2,1,2,29,-1,-1,-1,-1,0,-1,4402,-9879,6981,9675,8420,-1496,2913,5346,5560,249,2744,2544,0
191824,1,2,1,44,-1,-1,-1,-1,-1,0,-25769,10970,20093,28118,18474,-1213,1888,1096,6070,2358,4536,2916,0
161232,1,2,1,29,0,-1,-1,-1,0,0,4285,21092,19072,22287,2562,3220,2817,1975,3925,502,1668,1384,0
131805,2,1,2,30,-1,-1,-1,-1,0,-1,4835,-20569,15293,10017,2820,10838,3679,3694,8085,2482,1990,3669,0
198287,1,2,1,53,-1,0,0,0,-1,0,4262,19742,24024,14581,8397,16082,1058,1396,267,986,2478,4533,0
243355,1,1,2,25,-1,-1,0,-1,0,-1,24501,3640,-2588,-2392,4272,22552,5393,1116,7496,1545,2827,4588,0
77300,2,2,2,22,-1,-1,-1,-1,0,-1,13666,-4672,2441,-12886,7555,16223,8422,5711,9053,3609,2554,6654,0
149883,2,1,2,35,2,0,0,0,0,0,38085,64007,80604,45610,919,617,13052,6145,6254,393,7891,7306,1
256538,1,1,1,44,-1,-1,0,0,0,0,-16970,13882,34121,4333,19110,14332,8685,9160,3965,10,4304,1289,1
253680,2,2,2,48,-1,-1,-1,-1,-1,0,32130,14745,-6599,-1124,8804,23359,4207,2416,3068,2707,181,4715,0
228527,1,1,2,37,-1,-1,-1,0,0,0,8896,-745,14633,423,18216,27775,4147,15457,4379,377,3818,893,0
58732,2,3,2,41,-1,-1,-1,0,0,0,14150,14006,19531,11839,13384,14986,17788,11701,1016,2090,1476,3751,0
165462,2,1,1,33,-1,-1,-1,0,0,0,-14318,1240,32715,44589,24800,10269,15810,14977,10032,1044,7075,3097,0
161750,2,2,1,41,-1,-1,-1,-1,-1,-1,3880,-4795,-20954,1753,11736,13605,7059,8442,5142,4127,2033,847,0
154293,2,1,1,31,-1,-1,-1,0,0,0,17180,31724,55325,32696,7743,-9733,11588,8925,3254,1244,6451,4862,1
286691,1,2,2,33,-1,-1,-1,2,0,-1,-735,-12775,-5529,8564,24865,13099,4911,9005,184,2887,2089,1220,0
106494,2,1,1,33,0,-1,-1,0,0,0,-13527,22169,16719,36511,23490,-238,10574,7651,6709,2269,3949,3866,0
86626,2,2,2,39,-1,-1,-1,-1,0,-1,3312,23773,16511,21195,3689,7014,4269,2366,284,2039,1847,1943,0
323191,2,2,3,53,0,-1,-2,0,0,0,21284,64006,46163,21556,2215,4636,12029,10523,439,1774,4291,10819,0
256386,2,1,2,51,-1,-1,-1,0,0,-1,-42077,-16310,38049,11280,36258,5614,21683,16165,1779,2188,7004,1600,1
268542,2,2,2,49,-1,-1,-1,0,0,-1,-266,11474,17807,18003,11750,16483,5704,11394,5425,1153,3653,3376,0
402000,1,1,2,42,-1,-1,-1,0,2,0,-732,18019,1187,1652,9965,20034,2273,10944,5345,1046,3842,5375,0
149313,1,2,2,40,0,0,-1,-1,-1,-1,57806,72270,-839,5426,-9669,2026,2841,1339,509,436,3843,11405,0
275552,2,2,1,31,-1,-1,-1,-1,0,-1,-22741,-8977,-2018,11891,14354,9153,3344,9273,8648,3550,2610,772,0
290277,2,1,1,41,-1,-1,-1,-1,-1,-1,-4277,-4895,4232,22339,980,9537,5272,12786,10753,4678,4326,2176,0
481495,2,1,2,34,-1,-1,-1,-1,-2,0,-29593,-43994,-29185,-3022,33559,48134,6694,17407,22294,4084,2120,5778,0
184561,2,2,1,42,0,-1,-1,-1,0,-1,13902,18479,7505,24162,2186,10600,6536,7615,8225,791,3499,5955,0
324637,2,1,2,30,-1,-1,0,0,-1,0,-13500,12365,21801,2469,27773,12793,10578,4226,104,1008,3045,4060,1
302666,2,1,2,22,0,-1,-1,-1,-1,-1,-2141,34327,15736,13294,6241,-10192,2900,2828,521,2201,2219,7110,0
295637,1,2,1,47,0,-1,-1,-1,-1,-1,2134,2532,-19242,7011,9648,10539,124,11128,4077,4679,3609,6235,0
241270,1,1,1,46,-1,-1,-1,0,0,0,22546,35794,37249,28713,14184,21755,12847,12136,7668,468,5967,9656,0
102840,2,2,2,25,-1,-1,-1,0,0,0,-1856,6108,7383,22726,24692,15272,7167,11405,10069,889,4249,2385,0
76667,2,2,2,32,-1,-1,-1,-1,-1,-1,25168,44464,13760,15415,-4801,1925,7583,196,4131,990,2365,5727,0
12334,2,2,2,30,-1,-1,-1,-1,0,0,-5669,698,4736,18624,9063,8273,1191,12155,7017,841,4185,1608,0
278995,2,1,2,24,-1,-1,-1,-1,0,-1,-19945,-33965,-12317,20202,23731,21407,5756,6524,13904,8409,813,2234,0
298251,2,1,2,41,0,0,0,-1,-1,0,37608,67767,23504,28462,-11418,8448,9605,1343,1631,295,4368,12033,0
91536,2,3,2,22,-1,-1,-1,0,-1,-1,-3091,-8956,5048,9657,26676,783,13846,13500,3585,557,5877,2899,0
344627,2,1,2,31,0,0,-1,0,0,4,33323,38597,43399,7226,2260,21806,8753,1978,4349,2422,4173,9592,0
236141,2,1,1,23,-1,-1,-1,0,0,0,-33934,-22125,2223,21577,34581,1468,11872,17281,680,3964,4637,952,0
179425,2,1,1,25,2,0,0,0,0,0,37019,35619,52897,25744,13264,11169,8066,5439,1071,1733,3949,5964,1
291864,2,1,1,37,0,-1,-1,-1,-1,-1,-6028,28544,-114,44101,3239,-17532,3908,3517,1725,5140,2923,6545,0
104645,2,2,2,33,-1,-1,-1,-1,-1,-1,8800,10047,-2054,-2527,12014,16636,11701,4943,7311,1491,4435,5278,0
142129,2,3,2,40,-1,-1,-1,0,0,2,-41788,-6233,35123,20813,7103,-2279,7753,9529,6371,2485,1319,1262,0
358482,2,1,1,41,-1,-1,-1,0,-1,-1,18560,10553,-3737,-7096,8428,24788,12586,11356,3854,255,5293,5782,0
241321,2,1,2,31,0,0,0,-1,-1,-1,53748,59535,16708,4347,-18452,15566,1913,1737,4242,748,3263,13013,0
275981,2,1,2,38,-1,-1,-1,-1,-1,-1,-35355,-10949,7327,26966,12443,14458,14342,11279,7222,6145,2430,4670,0
78649,2,2,1,34,-1,-1,-1,-1,-1,-1,13900,25224,3263,5689,1671,6223,10414,3505,4189,1415,6061,4340,0
166920,2,1,2,46,-1,-1,-1,-1,0,-1,32365,20195,-3770,10728,5999,6913,657,2893,2350,3219,2940,1007,0
109998,1,1,2,56,-1,-1,-1,-1,0,0,5860,-11092,-10721,1558,16045,20435,9339,12000,1748,3255,588,2570,0
476135,2,1,1,46,-1,-1,-1,-1,-1,-1,-13443,-11231,-3976,14485,25057,13457,9041,12191,610,5727,3429,3210,0
162901,2,3,2,29,-1,-1,-1,-1,-1,-1,14378,-13682,-13487,17256,10603,21197,7569,5932,12619,3174,3887,4244,0
483700,2,1,1,28,0,-1,-1,0,0,-1,-172,-5827,16958,30931,21726,5848,10613,4028,9292,4305,3474,7250,0
442103,1,1,1,49,-1,-1,-1,-1,-1,-1,-28421,-4384,-15642,5646,5977,-3640,4973,4939,1576,6715,2196,3002,0
340427,1,2,1,52,-1,-1,-1,-1,0,0,-22004,-4037,-4850,31735,17260,15939,1303,14602,11887,3112,3337,3574,0
186091,1,1,1,47,-1,-1,-1,-1,-1,0,5181,7266,-11044,-375,6649,18580,8543,4039,7030,1296,1043,2657,0
357021,2,2,1,38,-1,-1,-1,0,-1,0,-32,25358,12014,12371,15720,13943,15392,16043,1425,1478,5260,8172,0
297212,1,1,2,49,-1,-1,-1,-1,-1,-1,503,19720,-3258,10984,8246,11826,7661,5415,3296,2066,4569,3991,0
193687,2,1,1,53,-1,-1,-1,-1,-1,-1,-7512,29358,22424,43842,-5982,-29033,6100,15977,1583,1173,8985,2665,0
244445,2,1,1,36,0,-1,-1,-1,-1,-1,-13064,27010,28852,26949,6808,-16347,3992,1207,1906,2404,2957,2386,0
306945,1,1,2,37,0,-1,-1,-1,-1,-1,16298,29092,-7952,-2589,-13272,23299,3606,2683,5419,1322,2501,11861,0
310335,2,1,2,32,0,-1,0,-1,-1,-1,15087,41390,22509,13829,-2142,5794,1166,101,7008,73,3096,7240,0
410087,1,1,1,41,0,-1,-1,0,0,0,-13136,8570,30097,27731,21209,15000,9564,10956,13985,2467,3460,4716,0
225276,1,1,1,42,-1,-1,-1,-1,-1,-1,-25077,-5549,-1782,18008,29996,3729,8365,13969,4573,4664,4910,2960,0
194780,2,1,2,34,-1,-1,0,0,0,0,-6060,23649,40275,13410,26117,12514,8938,4701,3826,2443,3172,2075,1
285605,1,1,1,56,0,0,0,0,0,0,42377,73046,72404,12560,-6301,8369,13768,2515,1889,540,4653,9472,0
160058,1,2,1,46,-1,-1,-1,-1,-1,-1,5852,25129,11529,7244,-7211,-2071,3550,5483,673,1017,2115,3268,0
271981,2,1,2,44,-1,-1,-1,0,0,-1,12745,16775,33892,24123,17912,9667,10082,12205,3691,2405,5436,505,1
323284,2,2,1,41,-1,-1,-1,-1,-1,0,-35714,-11836,-7811,12183,19141,12299,11374,9438,5751,3916,1390,2877,0
243344,2,1,1,48,-1,-1,0,0,0,-1,3101,49822,34045,29012,17331,1638,22084,15885,3112,225,9300,9868,1
306813,2,2,2,30,-1,-1,-1,-1,-1,-1,6645,16705,-17425,-8757,10592,14422,4515,5620,5947,3188,1429,2949,0
197979,2,1,2,36,-1,0,-1,-1,-1,-1,25666,8058,-10439,14686,2839,-8800,2203,6518,109,1729,9218,2978,1
316637,1,1,2,43,-1,-1,-1,0,-1,0,-27063,-15146,-12914,-1489,30290,31692,11435,15011,4729,3863,2433,7662,0
274999,2,1,1,25,-1,-1,-1,-1,-1,0,-25932,-14583,-4018,6031,38438,17280,14130,5944,14437,6404,68,3148,0
191237,2,3,1,50,-1,-1,-1,0,0,0,-1434,826,33276,4893,9810,10389,6528,2567,5051,2360,473,72,1
19571,2,3,2,24,2,-1,-1,0,0,0,-10333,6227,28610,35078,15507,3276,3240,2121,7581,1914,1380,1657,0
298464,2,1,1,40,-1,-1,-1,-1,-1,-1,-18468,11083,-4551,24869,26968,-1623,16697,22390,9367,5314,5041,5643,0
157122,2,2,1,34,0,0,-1,-1,-1,0,7066,62017,41794,29480,-5897,-10747,1862,1460,2155,2029,3314,5821,0
316009,2,3,2,38,0,-1,-1,-1,-1,-1,32931,27090,1736,7667,-8572,18707,545,338,5063,754,1528,7115,0
221799,1,3,1,55,2,-1,-2,0,0,0,31960,49147,54865,16323,2682,42433,17485,6339,10839,483,2343,13663,0
261441,1,1,1,28,-1,-1,-1,-1,-1,-1,-7054,7808,-868,20833,14910,5173,11690,22649,6782,1682,8921,7052,0
173279,1,2,2,42,-1,-1,-1,0,0,0,14329,8928,7491,503,17415,14642,14160,8775,1410,67,5244,6055,0
127231,2,3,1,44,-1,-1,-1,-1,-1,-1,-4936,8380,-21831,-4979,3411,1815,6092,3923,323,2557,3443,1930,0
123673,2,1,1,32,-1,-1,-1,-1,0,-1,9776,25062,26839,25622,3662,-924,6577,2387,3364,2062,3213,3905,0
148058,2,1,1,33,0,0,-1,-1,-1,-1,23201,37099,17621,15919,-4659,-11747,3139,3671,4852,1770,3553,4172,0
52775,2,2,2,32,0,-1,-1,0,0,0,9480,15373,24740,1110,7212,15438,5806,5731,3484,424,1083,3241,0
441342,2,1,1,32,-1,-1,-1,-1,-1,-1,12694,14681,-20472,12886,9026,6511,325,9989,3645,2785,5306,6985,0
284607,1,2,1,55,0,-1,0,-1,-1,-1,11427,31145,12629,12333,-8562,4500,12639,656,4459,528,2852,9145,0
397495,1,5,1,53,-1,-1,-1,0,0,-1,-4815,12010,23018,11515,5434,10612,3326,3606,8750,1713,4564,6066,0
317033,2,1,1,30,0,-1,0,-1,-1,-1,7993,65715,31423,36226,-19685,-14358,12436,4805,2103,1132,5497,14210,0
184669,2,3,1,54,0,-1,-1,-1,-1,-1,26842,28326,11177,7029,-19678,4119,3494,2257,454,2386,2019,4478,0
192912,2,2,2,35,-1,-1,-1,0,0,-1,-18782,-1038,28621,32733,25913,4975,18905,20214,9647,1832,7871,4053,0
30692,2,3,3,35,-1,-1,0,-1,-1,0,-24352,50674,64086,32562,2771,-16963,20973,5106,2227,3343,947,6792,0
238494,2,1,1,21,-1,-1,-1,0,0,-1,-9522,17631,47661,22976,7213,2330,12762,3044,2863,1993,5299,8398,0
403190,2,1,2,46,0,0,-1,-1,-1,-1,78104,86610,5312,23354,-21391,7848,8107,5547,4055,1088,8492,16043,0
204802,2,1,2,39,-1,-1,-1,0,0,-1,-2073,14278,26951,18292,19479,5280,8972,17386,5700,1480,6459,5017,0
141244,1,1,1,32,0,0,-1,-1,-1,-1,52064,83584,10359,16922,-10126,12129,11012,6597,3390,654,7071,15705,0
144967,2,2,2,29,0,-1,-1,-1,0,0,17747,19927,2917,33342,-1903,20559,942,3118,10128,121,1317,5898,0
316852,2,2,2,41,-1,-1,-1,-1,-1,-1,4732,7947,-17802,-4734,-3569,13294,8947,10473,5820,3138,3760,7411,0
131581,1,2,2,26,-1,-1,-1,0,-1,0,-11558,20475,-3951,10123,18572,17791,7638,17580,1603,434,5188,5510,0
152806,2,3,2,42,-1,-1,-1,0,0,0,26668,38729,41348,9043,-2263,33263,15110,7424,5457,726,2634,9806,0
199693,2,2,1,44,-1,-1,-1,-1,-1,-1,-6957,137,-9830,11345,8320,5034,6904,4380,4436,5466,1157,1317,0
41393,2,2,2,44,-1,-1,-1,0,0,0,18505,1868,1597,-4921,3384,25665,7697,11127,2627,2009,1957,3766,0
103277,2,2,2,29,-1,-1,-1,-1,-1,0,-1266,5760,11322,9239,9093,12656,9131,6608,5350,2813,570,1296,0
255407,2,2,1,22,0,-1,-1,-1,-1,-1,14652,46079,26771,39935,-3054,-1867,4717,11309,7833,227,8083,11078,0
325237,2,2,1,47,-1,-1,-1,-1,-1,0,-5415,-12186,4195,16152,10848,24862,7444,9736,14024,3423,3292,2010,1
254680,2,1,1,32,-1,-1,0,-1,0,-1,-25207,-5975,11582,3244,15146,3417,9560,8080,5362,1142,5602,2443,1
418569,2,1,1,41,-1,-1,-1,-1,-1,-1,-9988,-12220,-30632,-11229,17193,18372,6570,656,2386,5870,1939,4342,0
323679,2,2,2,36,-1,-1,-1,-1,-1,-1,19987,22657,-13713,11617,423,20379,9184,5337,6028,3068,4534,9895,0
140962,2,3,1,22,-1,-1,-1,0,0,-1,16984,29823,44204,29006,2153,-2682,816,11174,322,748,4299,2808,0
269953,2,1,1,32,-1,-1,-1,0,0,2,-14153,-23641,14062,203,16770,22846,12732,10983,9340,3948,2759,3673,0
164974,1,2,1,26,-1,0,0,0,-1,0,20611,56693,59469,19081,1362,3558,7412,2047,279,835,4073,9785,1
181404,2,1,1,47,-1,-1,-1,-1,0,-1,-2154,22496,14391,41371,3314,-8359,5988,7831,1071,1007,5213,3511,0
349967,2,1,1,24,-1,-1,0,0,0,0,-23484,13310,43248,27896,24752,2354,12959,9735,7029,3284,5200,4431,0
276975,2,1,2,31,2,-1,-1,0,0,-1,21950,47763,47668,27365,9437,15086,14445,9360,10714,1297,5980,9253,0
346979,1,1,1,45,0,-1,-1,0,0,-1,24535,67797,71768,42138,-5088,9980,17753,11136,11713,59,9299,15486,0
327192,2,1,1,31,-1,-1,0,-1,-1,-1,1123,13348,-20702,14354,6065,-17013,4829,5724,3949,6232,4152,1340,0
288654,2,1,2,26,-1,-1,-1,-1,-1,-1,6754,28049,-8218,10524,3753,19501,2945,2537,11552,1326,2141,8374,0
34696,2,2,2,50,-1,-1,-1,0,0,0,68086,32054,2523,-13510,1450,49673,18752,12867,3387,2888,3710,8219,0
188870,2,2,1,21,-1,-1,-1,0,-1,-1,-2824,28874,35047,16311,3152,-9418,1521,10035,1393,922,5447,493,1
179436,2,3,1,28,-1,-1,-1,-1,0,0,3275,-20402,-29180,-3697,27449,35592,16147,9082,4974,4761,262,6902,0
107318,2,2,2,22,0,0,-1,0,0,-1,71042,44008,34800,17380,-9252,20524,5036,7671,6213,1599,3478,6898,0
155320,2,2,2,36,2,-1,-1,0,0,0,28103,12603,16901,14228,18131,28783,6705,8215,3136,1911,873,6218,0
301246,2,1,2,28,-1,-1,-1,0,0,0,-33245,147,18424,11338,24351,11751,16880,11388,5692,2283,4836,5779,0
316846,2,1,2,40,-1,-1,-1,0,0,-1,753,13764,18868,17605,14064,10886,10097,9375,3512,936,5048,3810,1
167784,2,2,2,36,-1,-1,-1,-1,-1,-1,-17481,128,-22936,8876,9918,12601,14073,7968,3918,4276,1886,5718,0
200752,1,3,2,30,-1,-1,-1,0,-1,0,6851,6407,-5960,-6540,7294,25354,8760,10293,106,2836,2111,5529,0
188582,2,2,2,38,0,0,-1,0,-1,-1,91082,77297,37168,4415,-11377,14175,16436,985,362,433,6548,14423,0
74152,1,2,2,41,-1,-1,-1,-1,-1,0,26671,12089,-21139,1878,1376,25626,2145,7355,12273,2638,384,4980,0
93733,2,3,2,39,-1,-1,-1,0,0,0,-20572,15294,47726,37209,8938,-5558,10678,5056,214,2167,3910,2035,0
567836,2,1,1,53,-1,-1,-1,0,0,-1,1798,52069,41919,68808,9443,1388,17043,22946,8759,2327,9168,11004,0
83355,2,1,2,32,-1,0,-1,0,0,0,68407,69619,55216,21679,-4393,22683,15864,10593,1663,37,7173,12905,0
434157,2,1,1,51,-1,-1,-1,-1,-1,-1,-19406,14953,6057,27120,-7729,1236,289,461,4401,5052,1874,4609,0
234263,1,1,1,33,0,0,-1,-1,-1,-1,-362,52442,10809,22138,-4467,-12323,7051,2203,759,2274,1724,11281,0
238620,1,2,1,43,-1,-1,-1,-1,0,-1,-6245,12343,18039,27559,9947,-4148,139,7925,2812,2364,4071,113,0
283743,1,1,1,49,-1,-1,-1,0,0,0,-13779,-5902,24470,13800,17415,19964,13374,8902,8220,3816,1982,3875,0
205290,2,3,1,24,-1,-1,-1,-1,-1,2,46387,29620,1576,-3891,-20889,21351,4261,10622,1844,1458,3221,9456,0
103354,1,2,2,44,-1,-1,-1,0,0,-1,-2194,16281,16612,21387,14577,2757,2735,4597,34,1808,2644,2559,0
242838,2,3,3,28,-1,-1,-1,0,0,-1,7321,25337,29633,8712,15528,4382,11264,15424,76,2583,4105,6870,0
166399,1,1,2,38,0,0,-1,0,0,0,24410,53902,44917,35290,12112,7615,9087,18258,2665,296,7576,8588,0
155774,1,1,2,30,-1,-1,-1,0,0,0,21456,10276,12660,3812,23289,20018,9319,12916,2795,188,4124,1995,0
455000,2,1,1,46,-1,-1,-1,0,2,0,-64092,-31147,13216,9565,50111,18519,28053,15600,4623,6297,2571,4339,0
120108,1,1,2,50,-1,-1,-1,0,0,0,-17156,25379,32157,38580,20650,3140,17823,15722,1379,1576,7401,5222,0
184804,2,2,1,26,-1,-1,-1,0,-1,-1,3548,22586,28988,1026,928,1453,9231,2641,2635,643,4434,5707,0
82606,2,3,2,36,-1,-1,-1,-1,0,2,3867,-6547,10226,14970,3749,7470,3380,6133,4553,4105,220,977,0
392332,2,1,1,28,0,0,0,-1,0,-1,47358,55347,56522,50741,-3856,-2601,4192,1558,7292,1013,7558,7861,0
184131,1,1,2,36,-1,-1,-1,-1,-1,-1,-7075,-41202,-48212,3333,20758,12696,1727,10399,3381,9554,1562,308,0
228139,2,1,2,38,-1,-1,-1,-1,-1,-1,21028,-10494,-18759,-25908,277,26644,7588,6211,1088,1890,4728,2086,0
151379,2,1,1,26,0,0,-1,-1,0,-1,33557,29667,24587,41133,-11688,-3224,5574,4687,7397,398,7543,7365,0
297847,2,2,1,40,-1,-1,-1,-1,-1,-1,25947,64935,22821,11684,-1870,3603,19050,9575,1136,1835,5093,11807,0
284343,2,1,1,33,-1,-1,-1,-1,0,0,20219,11283,-1336,8515,17624,19602,10514,4412,5697,4970,987,4669,0
418081,1,1,1,43,-1,-1,-1,0,0,0,-20750,6091,7842,12977,15170,14325,11093,17727,2418,2390,4280,6956,0
58691,2,3,1,26,-1,-1,-1,0,-1,0,-14719,5345,9046,19450,25125,9552,18960,21586,3124,4008,4669,6055,0
216089,2,2,1,44,-1,-1,-1,-1,-1,-1,-18620,32867,8803,21448,-1798,-8085,7577,6092,1613,3457,3096,4406,0
345053,2,1,2,34,0,-1,-1,-1,-1,0,-14088,31162,12622,29692,4800,15687,4311,2949,10568,3308,1145,5254,0
202306,2,2,1,50,-1,-1,-1,-1,-1,0,-9978,17798,30115,9647,5047,-2971,6963,7152,1539,546,2251,1542,0
229365,2,1,1,27,-1,-1,-1,0,0,-1,12404,-5561,15356,8681,20040,4782,8064,16900,224,2941,5831,1096,1
213553,1,3,2,38,-1,-1,-1,0,0,-1,13452,30194,23386,17534,14883,5388,9821,6870,429,2570,4800,6630,0
172062,2,1,2,25,2,0,-1,0,0,-1,6210,27506,47458,31113,17940,-4672,2181,7793,2403,890,5302,2336,1
441726,2,1,1,36,-1,-1,-1,-1,-1,-1,-28729,-21915,-4461,33850,18299,10173,6643,11779,16435,7857,3944,3119,0
192560,1,1,2,47,-1,-1,-1,0,-1,-1,6824,-11824,-20328,-6449,11446,20290,8543,12477,415,2800,4617,1153,0
91290,2,2,2,34,-1,-1,-1,-1,-1,0,-4793,-19211,-29288,-3624,14801,24438,1778,6228,6796,4685,676,243,0
147406,2,2,2,27,0,0,-1,-1,0,0,43852,65982,54426,44569,-5391,19632,10932,5735,10513,1637,1953,11720,0
370422,1,1,1,58,-1,-1,-1,-1,-1,-1,6072,10384,-11185,337,8078,8184,7290,12894,1357,4847,4747,5268,0
266159,1,1,1,51,-1,-1,-1,0,-1,0,-31693,7964,1258,18670,19441,1556,19754,15554,5538,3076,5900,3298,0
281862,2,1,2,29,0,-1,-1,-1,0,0,22866,33917,12776,11365,12094,26520,4751,2193,9215,1985,1288,9282,0
214834,2,1,2,43,-1,-1,-1,0,0,0,-11108,45035,46882,34163,4244,8726,13566,5932,4941,2669,3370,6030,0
370890,1,1,1,26,2,-1,-1,0,0,0,-4820,14141,57972,26903,44633,10563,10303,9823,9340,2216,4841,2683,0
393466,2,1,1,47,-1,-1,-1,-1,-1,-1,-18379,17060,1353,7727,8981,-315,8699,107,923,4631,1700,1170,0
255111,2,1,2,31,-1,-1,-1,0,0,-1,-28567,13722,27444,32088,27475,-6979,4501,13759,3685,2380,3996,279,0
274624,1,5,1,49,-1,-1,-1,-1,0,-1,-47391,-21067,18808,16052,16206,574,3884,14020,8339,5866,476,678,0
355100,2,1,2,32,-1,-1,0,0,-1,0,13032,73233,39353,15550,10736,7352,29016,7391,598,1434,7251,14535,0
210193,2,2,1,40,0,-1,-1,-1,-1,-1,30558,13509,-10431,29194,1751,1527,938,751,11184,3394,1917,4451,0
191357,1,1,2,35,-1,-1,0,-1,-1,0,-11039,1028,-6988,-11473,10043,20972,4621,4099,5026,2743,1518,4780,0
161512,1,1,1,26,-1,3,0,0,0,0,39997,69060,87807,18818,20272,10247,25492,13269,2803,345,11581,11905,1
197787,2,2,1,53,-1,-1,-1,-1,-1,-1,-3319,9483,18166,5784,-4180,-3965,2973,7639,2947,4739,830,1836,0
85573,1,3,1,32,0,0,-1,0,0,0,16698,32266,29517,13677,9939,20028,1919,8127,3828,1651,2472,8789,0
209119,1,2,2,40,-1,-1,-1,0,0,0,33250,8263,14452,-11131,12275,34422,7025,8203,9300,109,5112,2150,1
345965,2,1,2,30,0,0,-1,-1,-1,-1,50521,38432,-7077,17220,-12678,21433,1679,1047,8284,680,2862,12770,0
117628,1,2,2,38,0,-1,-1,-1,-1,-1,-1407,23707,-8047,18812,7208,-7615,3695,4166,3713,3632,911,921,0
244347,1,1,2,45,-1,-1,-1,0,0,0,-722,27135,40849,18169,8054,5629,6033,8297,4015,846,3537,4527,0
107080,1,1,1,41,0,-1,-1,0,0,0,54646,45025,21093,-656,202,33098,17029,2824,4050,699,3621,13546,0
386769,2,1,1,41,-1,-1,-1,-1,-1,-1,-12491,-22047,-9717,10979,10348,28871,3673,6985,11350,3136,1856,1589,0
469491,2,1,1,36,-1,-1,-1,-1,2,0,-31181,17070,25136,32761,21883,3804,17897,13086,7998,940,6943,8134,0
228195,1,1,2,35,-1,-1,-1,0,0,0,-21019,2428,9494,20896,25658,25862,8829,16358,6875,3168,438,4508,0
410202,2,1,1,26,-1,-1,0,-1,-1,-1,5021,22285,1531,12716,7177,3211,3555,742,6545,1365,5241,3614,1
189617,2,3,1,55,-1,-1,-1,-1,-1,-1,-9105,3242,11965,28379,10983,-3042,2882,4021,9549,3560,640,732,0
179129,2,1,2,27,0,0,-1,-1,-1,-1,36090,23652,-10738,34283,8204,13733,3513,11042,11485,931,5625,6129,0
350378,2,1,1,50,-1,-1,-1,-1,-1,-1,-33395,2122,-19258,12231,19283,10119,6941,9640,5774,7261,1778,4009,0
238844,1,2,1,50,0,-1,-1,-1,0,0,-9693,40185,43212,34664,6613,5539,15810,9104,9391,433,4686,8252,0
452284,2,3,2,48,-1,-1,-1,-1,-1,-1,-23707,-1595,-31593,15897,11939,8986,16418,24325,7992,8976,5510,10757,0
343423,2,1,2,31,0,-1,-1,-1,0,0,-15605,43808,43346,35706,-1767,19640,8310,7759,14696,1008,3694,13095,0
125137,1,1,1,53,0,0,-1,0,0,0,45499,64079,62343,29443,-10563,2377,7572,5323,4664,1009,4923,6077,0
101699,2,2,3,38,-1,-1,-1,0,0,0,-14475,18390,26615,31016,32012,11012,14293,9431,2015,1295,1747,2833,0
216911,2,1,2,41,1,-1,-1,0,0,-1,-15648,-6815,37262,33724,21284,8565,11706,7090,11637,2457,5085,2660,0
96850,1,3,1,41,-1,-1,-1,-1,-1,0,-1140,12005,235,4178,14010,13829,8531,4325,10540,2121,3008,3730,0
21522,1,2,2,27,-1,-1,-1,-1,-1,0,-18308,-2947,690,15623,19010,14122,5367,13287,4333,1649,1124,2053,0
276380,2,2,1,44,-1,-1,-1,-1,-1,-1,9050,-13914,-14539,1405,14056,25900,1339,9202,11319,3214,1700,947,0
273069,2,4,2,35,-1,-1,-1,0,0,-1,10753,2463,14268,13053,13190,31924,9980,22091,10627,1850,6610,4101,0
218577,1,1,2,30,0,-1,-1,0,-1,0,23550,41499,15308,4523,11284,26187,13752,5319,7786,769,2610,10590,0
149899,2,1,2,27,-1,-1,-1,-1,-1,-1,7671,10166,4576,7177,-630,4240,8973,10825,2281,1790,4299,2382,0
385295,2,1,1,33,-1,-1,-1,-1,-1,-1,-49665,-8883,-9503,44548,35959,-28645,9199,21262,4312,6387,8137,2941,0
99136,2,3,1,39,-1,-1,-1,-1,-1,0,12209,26978,8708,2318,3866,11826,10304,1987,2426,2891,608,5782,0
260921,2,2,2,45,-1,-1,-1,0,-1,0,-42641,3320,-6072,22117,35034,12462,18587,18523,4003,5846,3957,4629,0
206675,1,3,1,44,0,-1,-1,-1,-1,-1,-26016,-12948,684,28661,27022,-13492,1073,12386,4331,3185,3825,628,0
282453,2,1,1,41,0,-1,-1,0,-1,-1,33253,52888,50139,14973,-8828,4895,15459,4760,4783,568,5112,9071,0
377002,2,1,2,36,-1,-1,-1,-1,-1,-1,-16981,5310,-8991,-4567,23133,22671,9402,13828,5775,3666,2548,4545,0
251186,2,1,1,24,-1,-1,0,0,0,0,16143,22646,5352,-12366,11181,28206,13276,6959,1625,368,5471,9614,0
215376,2,1,2,31,0,0,0,0,0,0,48722,77191,45629,10347,-5160,14672,6702,7990,7892,305,6795,9605,1
59720,2,1,2,24,-1,-1,-1,0,0,-1,-19157,-26509,-8384,30222,35143,15179,13760,23637,14050,6532,7366,2387,0
290197,1,3,1,66,-1,-1,-1,0,-1,-1,-17722,21635,33488,24138,4765,-13332,7224,3978,1136,1448,5367,3427,0
126338,2,1,2,27,0,-1,-1,0,0,-1,34563,30516,18471,37419,-1119,12959,5012,5543,9804,1045,4110,6705,0
253261,2,2,1,41,-1,-1,-1,-1,-1,-1,18119,32994,3380,3575,-1858,2877,8932,7057,1747,1816,4251,8712,0
207328,1,2,2,36,-1,-1,-1,-1,-1,-1,-24809,-29301,-47250,-13513,35293,25138,15769,16972,458,9528,2513,1845,0
246550,1,3,3,33,2,-1,-1,0,0,0,21396,42462,45805,7118,30599,18842,15475,12358,4531,873,2909,8287,0
170443,2,3,2,25,0,-1,-1,0,0,0,2509,18923,34082,24404,14343,14539,10381,202,6075,3113,1653,5925,0
462885,1,2,2,63,-1,-1,-1,-1,0,0,-21204,-22266,-17322,21392,32638,35781,10251,26244,14950,4490,5612,4303,0
234038,2,1,2,41,-1,-1,0,0,0,0,4594,3371,27219,18869,12281,10835,4512,2787,4617,718,1914,42,1
560284,2,1,2,30,-1,-1,-1,-1,-1,-1,-22172,8672,4421,42147,11333,4500,10475,5166,15809,8044,2765,7557,0
311530,1,1,1,30,-1,-1,-1,-1,0,0,-28787,-88,26542,21146,21135,14139,5705,12408,13574,3201,3704,4108,0
321395,1,1,1,35,-1,-1,-1,0,0,0,-11530,9342,30816,6899,22051,10919,11525,7283,3344,2136,1843,5633,0
248558,1,1,2,31,0,-1,0,-1,0,0,16283,33372,18516,10768,8926,9685,4181,853,2310,187,3499,7389,0
333674,2,1,1,25,-1,-1,-1,-1,0,0,-28518,4269,35063,34738,16255,8486,9785,17324,8763,2220,4266,3495,0
151655,1,2,1,39,-1,-1,-1,0,-1,0,8803,540,-838,-25053,12399,28463,5384,9223,131,993,1472,3576,1
227834,2,3,2,37,0,0,-1,-1,-1,0,64520,44152,15250,-10163,-16583,34425,4215,1003,8026,493,729,10137,0
297586,1,1,1,42,-1,-1,-1,0,0,0,-13560,13452,48503,3207,15039,3210,9740,9130,3313,2228,3162,2309,0
269452,2,1,2,32,-1,-1,-1,0,0,-1,-37472,-1527,30695,29439,30792,14894,19247,9730,9947,5502,2668,2926,0
267339,2,1,2,42,-1,-1,-1,-1,0,0,4231,16505,5832,13610,8845,25988,10969,5546,11611,2280,977,4851,0
189137,2,2,2,42,-1,-1,-1,-1,-1,0,-41481,-11411,-9754,12667,27491,2453,10583,8867,6321,6899,821,1431,0
250831,2,1,1,42,-1,0,-1,0,-1,-1,19306,40250,42061,20882,-2871,-6355,7689,9055,208,857,5237,4145,1
239407,2,3,1,34,0,-1,-1,0,-1,0,16369,44989,41401,18540,6688,-331,11765,5744,3415,663,4427,8318,0
223401,2,2,1,51,0,0,-1,-1,-1,-1,41391,58249,15434,1917,-15276,-6477,1577,6428,482,1309,3270,7734,0
398407,1,1,1,27,-1,-1,-1,-1,-1,-1,-13339,1405,-6771,32226,37362,10715,4971,23687,15916,3589,7017,7471,0
173692,1,2,2,31,0,-1,-1,0,0,-1,35439,26148,43,35025,-3074,21563,6131,15301,8906,290,6405,9969,0
239256,1,1,2,48,-1,-1,-1,-1,-1,0,92,-5389,-6460,-2110,1301,24050,3386,8632,3123,981,2266,4282,0
113829,1,2,2,40,-1,-1,-1,-1,-1,0,-18136,13665,-5868,15304,6430,369,532,10078,67,1020,3143,7043,0
428494,1,1,1,48,-1,-1,-1,-1,2,0,-27808,-6827,2393,13161,25181,7906,1129,11659,4430,3141,4168,1333,1
183557,1,3,1,47,0,0,-1,0,0,0,62092,36555,36967,5610,-3484,7681,6057,6754,3191,555,3201,6442,0
212091,1,3,1,40,-1,-1,-1,0,0,0,-2835,-14456,12148,9619,22286,15832,9031,21026,6233,555,5908,2696,0
297156,2,1,1,38,-1,-1,-1,0,0,-1,-15191,6363,44503,26201,14837,-7008,4161,12731,1960,864,5737,145,1
171325,2,1,2,34,-1,-1,-1,0,0,-1,19717,22854,17617,17064,-1391,5855,11950,6011,3252,1031,4661,4861,0
130038,1,2,1,48,2,-1,-1,0,0,0,42161,42609,64387,-5526,10657,17774,18740,8963,2896,217,5665,7941,1
364363,2,1,1,42,-1,-1,-1,0,0,-1,41667,35938,13275,2093,-1540,27222,9669,2247,3007,736,4769,9307,0
203147,1,1,2,32,-1,-1,-1,-1,0,0,24324,-4536,5834,965,10181,25895,2058,7058,6254,42,883,1218,0
297546,1,1,1,49,-1,-1,-1,-1,-1,-1,7933,24315,-1155,16402,12249,10710,8091,5241,5909,3489,3043,3649,0
402291,1,2,1,21,-1,-1,-1,-1,-1,-1,-19379,-32836,-16578,-10964,27340,14897,1112,8543,3864,6537,35,1259,0
135935,2,1,2,30,0,-1,-1,-1,0,0,-9821,-12071,-3473,36916,8479,12059,1516,2693,13484,3474,1002,3381,0
171013,1,1,1,42,-1,-1,-1,-1,-1,-1,-5852,208,15518,21708,464,-14998,7578,8811,1692,3167,3613,4016,0
22411,1,2,1,35,0,-1,-1,0,0,0,6296,-2909,25793,-1171,7452,16592,283,2650,4381,2055,176,2577,0
541392,2,1,1,40,-1,-1,-1,-1,-1,-1,-17366,25800,174,31497,-3640,12340,4347,2481,12921,4887,2650,7703,0
210261,1,1,1,36,-1,-1,-1,-1,0,0,20291,-866,-710,-1413,22972,27230,9450,12981,6768,3128,1759,3266,0
454008,1,1,2,47,-1,-1,-1,-1,-1,-1,5221,-9448,-42074,10932,10868,24394,5848,10250,10406,6076,4761,7705,0
254263,2,1,2,43,-1,-1,-1,-1,-1,-1,35717,38447,-6822,2951,987,21734,13671,4937,5416,1466,3191,9899,0
397068,2,1,2,21,-1,-1,-1,-1,0,-1,14909,-3176,-14666,-5126,30563,28754,8217,8806,7734,2192,5009,7675,0
325650,1,2,1,51,-1,-1,-1,-1,0,-1,2721,-8213,6725,25363,13118,18862,4291,11875,9823,1702,5403,2035,0
383367,1,2,1,36,0,0,-1,0,-1,0,16710,81772,47414,28093,1134,-4037,4924,4720,567,1633,4676,12122,0
203719,1,1,2,39,-1,-1,-1,0,0,-1,-5519,25954,10206,28033,11712,5329,5195,12227,1622,1263,6484,3829,0
96564,2,2,2,33,-1,-1,-1,0,0,-1,18555,3747,3699,27589,20281,5842,9212,23169,3530,529,7645,1353,0
63428,2,2,1,31,-1,0,-1,-1,-1,-1,35217,11538,-2534,11324,-12474,-2612,165,2550,2890,1476,2695,1219,0
333828,2,1,2,35,-1,-1,-1,0,-1,0,14175,70,-3717,-5748,15910,19114,6905,3711,3004,3366,449,1465,0
35587,1,1,2,32,-1,-1,-1,-1,-1,-1,15520,10279,-8964,-13964,14585,21582,10326,7257,1726,2913,2946,5253,0
250982,1,1,2,24,-1,-1,-1,0,0,0,-21329,-22644,19942,-6585,53368,47408,21917,21047,8976,538,2991,4651,0
228198,2,3,1,31,-1,-1,-1,-1,-1,0,-31524,5842,24419,21368,21224,2149,10556,8307,10141,1759,1285,3878,0
350724,1,1,2,46,-1,-1,-1,0,0,0,24451,61369,38093,11324,-8036,24300,9731,11244,2843,242,5436,10829,0
185884,2,1,2,22,2,0,-1,0,0,0,9223,45000,26260,16527,14044,15128,4807,10046,1160,384,3855,7711,0
250238,2,2,1,29,0,0,-2,-1,0,0,56042,77400,46639,43905,-3452,11584,6387,3419,9345,1222,2857,14927,0
207144,2,2,1,45,0,0,-1,-1,-1,-1,35414,34366,-8744,27757,-12398,-853,89,832,6788,2839,1470,8194,0
216356,2,1,2,24,0,0,-1,0,-1,2,35035,41019,26355,4433,1727,16367,8706,7757,3641,710,5107,9797,0
194807,2,2,2,37,0,-1,-1,-1,-1,-1,26071,9078,-23213,13079,-1188,4587,8802,6293,4059,3681,6440,4196,0
272475,1,3,1,42,-1,-1,-1,0,0,-1,4576,7438,9122,6607,12685,10575,17567,9401,1303,2908,3566,5827,0
334400,1,3,2,36,-1,-1,-1,0,0,0,8706,1732,13373,1530,14384,29545,8932,10821,7074,509,2681,6426,0
134224,2,1,2,33,0,0,0,0,0,0,35529,66084,64036,31614,965,14799,13188,1603,5728,1736,4979,10035,1
90839,2,1,1,30,0,-1,-1,-1,0,-1,23002,22678,13278,29742,-1413,-3375,1616,3128,4699,2541,3046,3785,0
127400,1,1,2,29,-1,-1,-1,-1,0,0,-9340,-27224,-14502,12797,19205,16859,2540,7280,6771,3255,1476,231,0
319042,2,1,1,39,2,-1,-1,0,0,0,3234,47009,22537,21608,27246,14964,20799,5417,7770,2197,6895,12359,0
390299,2,5,1,48,-1,-1,-1,-1,0,-1,-48570,-39019,-14227,26217,26325,19178,9037,8998,12146,8261,1282,3968,0
193892,2,1,1,26,-1,-1,-1,-1,-1,-1,-2148,9057,2636,23775,13429,10078,9235,15265,6605,2190,5524,5000,0
116137,2,2,1,49,-1,-1,-1,-1,-1,-1,-15807,13836,5389,24409,8970,-14110,11377,13503,2472,3407,7448,2815,0
220868,2,1,2,42,-1,-1,-1,-1,-1,2,-7422,-24096,-11091,225,13959,25765,6918,9665,7262,4258,1088,77,1
233108,2,1,3,26,2,0,-1,0,0,0,34329,69548,63246,26489,14526,20704,13561,8605,7388,1785,3759,14805,0
208384,2,2,2,37,-1,0,-1,0,0,-1,-1961,26723,44007,38132,4631,2597,5372,13360,4042,1124,6432,503,1
282173,2,2,1,43,-1,-1,-1,-1,-1,-1,27740,14970,-19268,-10549,-4869,16731,3056,1021,718,3587,222,5951,0
186957,2,2,1,39,0,-1,-1,-1,0,-1,5071,32979,47173,61369,-1548,3711,981,9031,15389,1328,5513,4861,0
237372,2,3,2,50,-1,-1,-1,-1,0,-1,-48637,-26320,-4281,19346,16402,16102,14944,21425,8004,6021,4255,2289,0
189461,1,1,1,45,-1,-1,-1,0,0,2,23010,21345,39434,9480,1514,13184,12690,13801,5351,726,6298,2978,0
78504,2,1,2,32,0,0,-1,-1,-1,-1,98697,68993,2249,28972,-11135,17187,5413,3764,1543,27,7239,13866,0
220175,2,3,2,46,-1,-1,-1,0,0,0,-18529,-34330,5079,10307,33305,37170,12649,9075,17242,3204,499,379,0
107571,1,1,2,29,2,0,0,0,-1,0,45941,36745,15969,-17579,-4034,30085,3741,3480,1418,150,175,7224,0
335271,1,1,1,51,0,-1,-1,0,0,0,-16134,9122,34338,23915,14407,-2124,5319,11605,213,3035,3435,5856,0
319845,2,3,1,49,-1,-1,-1,0,-1,-1,-19052,-5068,11110,11704,13871,5966,19553,18092,1417,5751,5364,4112,0
161534,2,3,1,38,-1,0,-1,0,-1,-1,92,33008,30127,25734,1459,-8695,3362,5420,1480,1601,6021,1800,1
139922,1,1,1,36,-1,-1,-1,-1,-1,-1,-1630,-6734,-3171,-3355,23839,1785,11711,9512,2953,2125,3206,676,0
214630,2,1,2,29,-1,-1,-1,-1,-1,-1,-1308,-14135,-21871,-328,22392,8222,9377,14635,5053,5209,3053,2601,0
302467,2,1,1,36,-1,-1,-1,-1,0,-1,-3480,46718,25333,37959,12350,-4976,9474,16525,7729,1820,7554,8862,0
330006,2,3,2,40,0,-1,-1,-1,-1,-1,29241,16748,4756,10301,-3664,16346,1822,7062,15385,457,5007,6831,0
228087,2,2,2,32,-1,-1,-1,-1,0,0,3435,11121,3036,-3136,9021,29775,4606,3282,6074,2438,86,4764,0
313114,2,2,1,46,-1,-1,-1,-1,0,0,14621,14022,-6762,4694,9958,33355,9002,6114,12836,731,2504,6869,0
109221,2,3,2,31,-1,-1,-1,-1,-1,0,-17383,-6543,9768,15206,21965,-734,2772,5532,3702,2217,2444,53,0
221476,2,2,1,45,0,-1,-1,-1,-1,-1,24630,23956,12377,20707,-2956,-91,6185,1243,3129,2781,3940,2716,0
399043,1,1,1,54,2,3,0,0,0,0,47832,93578,98465,33586,3254,15558,22039,9440,3234,2347,9666,15638,1
226662,2,2,2,29,-1,-1,-1,-1,0,0,21349,29657,19423,4945,8923,34963,12565,7446,10158,803,430,11334,0
273691,2,1,1,31,-1,-1,-1,0,0,0,9243,2188,17791,7152,13577,15040,4095,4626,4501,2556,2606,1079,1
154175,2,2,2,32,-1,-1,-1,0,0,0,-10760,10125,25976,32451,21349,5959,9528,4684,5538,1718,3022,1928,0
282192,2,1,2,35,0,0,-1,0,-1,2,44488,58684,14071,604,-13322,26948,10536,3763,2096,870,2876,14816,0
146662,1,2,1,40,-1,-1,-1,-1,-1,-1,-16403,-10001,-3212,5689,17706,9968,9235,15347,8163,4895,3386,994,0
276425,2,1,2,29,-1,-1,-1,0,0,0,-54663,-10366,21817,26038,31365,7052,10980,13610,11939,3219,4100,2406,0
196626,1,1,2,40,0,-1,-1,-1,-1,0,7183,33849,12355,31611,6852,3346,794,3189,4714,189,3175,3376,0
81285,2,2,2,40,-1,-1,-1,0,0,-1,-969,20643,16663,15648,1054,13216,10239,3688,3114,2204,3321,4200,0
238641,2,2,1,46,-1,-1,-1,-1,-1,-1,-28819,-11637,5523,29745,4373,-6008,530,332,7953,3665,524,1968,0
221299,2,1,2,29,-1,-1,-1,-1,0,0,-21533,-4689,9130,28125,29070,6084,7033,7840,7110,1857,2996,636,0
126000,2,1,2,34,-1,0,-1,-1,-1,-1,63222,37487,-6052,565,-1493,20300,13077,10564,1772,338,5343,11245,0
331673,1,1,2,41,-1,-1,-1,0,0,2,28655,28048,-7713,-61,16211,23485,8065,7727,4345,1493,4729,10888,0
220579,2,1,1,30,-1,-1,0,-1,-1,-1,8132,27615,7010,21260,7049,1882,2137,4092,1131,2104,5248,3797,1
190112,2,1,1,39,0,-1,-1,-1,-1,-1,9658,49901,38855,15420,-11126,-3397,12232,3122,3967,1600,5696,9505,0
192263,1,2,2,34,-1,0,-1,0,0,-1,31376,23133,34560,-1711,4381,9276,3791,5701,2389,377,3849,1957,1
238521,2,2,1,47,-1,-1,-1,0,-1,-1,-32660,14444,28788,36173,13045,-22852,11287,17310,1958,2631,5949,1829,0
75554,2,2,2,49,-1,-1,-1,-1,-1,0,-16587,-9984,-26835,650,18753,29400,15276,14975,3425,3085,3231,7946,0
129932,1,3,1,54,2,-1,-1,0,0,0,-6241,6452,41410,6767,23367,5553,10052,10729,1204,2908,1054,1620,0
277658,2,3,3,27,-1,-1,-1,0,0,0,460,-16539,12590,-5280,44678,34022,26936,14652,627,3952,3769,7733,0
273269,1,1,1,42,-1,-1,-1,-1,-1,0,-22001,21988,11336,-6529,18721,8518,4988,3702,5843,2704,738,3229,0
371828,2,2,1,34,0,-1,-1,-1,-1,-1,31853,48537,-2111,19847,-2884,21000,2763,4393,5659,1259,2238,14749,0
161559,2,1,2,34,-1,-1,0,-1,-1,-1,-4962,4501,-1342,8477,7166,10732,1892,2097,3025,2465,3252,1226,0
188965,2,1,1,29,0,0,-1,-1,-1,-1,26225,19641,14188,18990,7286,-10940,2476,3044,5125,2437,5664,1775,0
261091,2,1,1,36,-1,-1,-1,-1,0,-1,6669,-5470,-7821,9056,14579,16091,12466,14465,435,2350,3531,3222,0
240645,1,3,2,42,0,-1,-1,-1,-1,-1,2784,30928,5132,12563,-9178,633,315,1008,3993,2671,850,5577,0
242410,2,1,1,43,-1,-1,-1,-1,-1,-1,-7311,9471,16955,3044,1176,-9341,9172,3858,3559,5227,2530,1340,0
295467,2,2,1,40,-1,-1,-1,0,-1,0,-8241,32689,2454,9746,19672,7988,10478,10876,1412,1930,4243,3724,0
175079,1,2,1,36,0,-1,-1,-1,0,0,-7322,20482,22080,32449,24538,8679,7200,10344,4106,278,2215,6862,0
337988,2,1,2,22,-1,-1,-1,-1,-1,-1,-19966,-6291,-4526,23664,11722,11300,6820,87,9037,3563,839,3250,0
258680,2,2,2,50,0,-1,3,-1,0,0,3949,42778,29114,26692,379,26411,1121,2102,12570,211,585,8306,0
434664,1,1,1,26,-1,-1,-1,0,-1,-1,-12493,-11023,3482,-207,24190,11323,8814,12364,1300,2407,2814,5149,0
249400,2,2,1,21,0,-1,-1,-1,0,-1,20445,1971,-5592,21341,28369,23204,3544,7560,13161,3437,3670,4705,0
319189,2,2,1,33,-1,-1,-1,-1,-1,-1,10912,35562,-11025,14881,8921,6963,8564,15207,4178,1205,7154,8624,0
166787,2,1,1,35,0,0,-1,0,0,0,13687,40974,41046,23042,-3649,11172,11672,1494,6255,824,2498,10461,0
88448,2,3,2,38,-1,-1,-1,-1,0,-1,-25361,-26461,19590,24945,17369,1131,9482,7351,7090,2668,3097,194,0
209172,2,3,1,40,-1,-1,-1,-1,-1,0,-5620,20728,21017,41355,-1259,332,3793,12374,5665,836,4662,4338,0
105209,2,2,2,21,-1,-1,-1,-1,-1,0,5112,6777,6639,-54,18959,13007,5596,8389,9178,2977,1140,1184,0
202140,2,2,2,27,-1,-1,-1,0,0,-1,21869,37427,31113,12846,2783,3869,3036,3368,4208,826,4249,3700,1
187022,2,3,2,42,-1,-1,-1,0,0,0,-48428,-35119,10408,-2801,43988,22516,21018,18540,2500,4691,2665,2624,0
239906,2,2,2,48,0,0,-1,0,0,0,59733,81959,52803,41005,-3497,25564,14591,224,10985,1526,4422,14462,0
148970,2,2,1,36,-1,-1,-1,0,-2,-1,-49919,-18620,14331,30638,22137,162,21520,21274,2575,3855,5990,35,0
307015,1,3,1,42,2,-1,-1,0,0,0,19419,39672,50711,38414,10120,13211,11323,10596,9744,9,5541,12484,0
298263,2,1,1,29,-1,-1,-1,-1,-1,2,-6224,26361,23204,8375,14786,3196,4322,5333,4674,3655,2375,5187,0
152810,2,1,1,40,-1,-1,-1,0,0,0,8423,5314,35648,33168,18940,10553,15597,16019,5893,16,6765,3817,0
142840,2,2,2,47,-1,-1,-1,0,0,0,-47741,-25240,2389,25047,39393,10827,10580,17523,7161,6239,4,16,0
213226,2,2,2,42,-1,-1,-1,-1,-1,-1,-3748,20453,-6770,7439,6275,7727,4706,9762,78,1085,2334,3983,0
158933,2,3,1,30,0,-1,-1,0,-1,0,-1443,31440,43700,39336,12634,-13171,12497,3093,6291,4020,1539,4941,0
122277,1,3,1,53,-1,-1,-1,-1,-1,0,16175,28301,2947,-8810,398,1743,4138,1073,509,657,1933,3681,0
269714,1,1,1,51,-1,-1,-1,0,-1,0,21787,17774,2727,-15365,14018,24381,10645,8807,3377,1378,2820,4730,0
204213,1,4,1,33,2,-1,-1,0,0,0,46205,61885,33949,21003,-2871,35552,16586,14065,9213,473,5192,14767,0
246981,1,1,2,43,0,0,0,0,0,-1,66423,58388,49509,17539,1092,14176,10751,6513,5403,328,6547,8751,0
223939,2,1,2,39,2,-1,-1,0,0,0,12246,40317,38363,19144,17308,7450,15775,7482,4403,1966,5815,8920,0
44910,2,2,1,37,-1,-1,-1,-1,-1,-1,-2236,23656,2349,11609,-7450,2782,9132,8015,856,1842,5509,2375,0
137719,2,1,2,28,-1,-1,-1,0,0,0,3960,10547,14479,1190,24294,21201,12528,8819,4146,497,2814,7386,0
274303,2,2,1,52,-1,-1,-1,-1,0,-1,-34544,-9714,4775,15228,26197,5533,7451,16220,9351,4160,5907,1547,0
238334,2,2,1,30,-1,-1,-1,0,0,0,26976,26704,53380,4671,8415,9460,11473,11103,3475,399,5296,8202,1
77782,1,2,1,21,-1,-1,-1,-1,0,0,-1411,-5406,209,6542,25730,18300,11731,14177,3941,1578,4635,1908,0
315901,2,1,1,23,-1,-1,0,0,0,-1,-2118,15046,7444,16466,19441,6650,11284,8581,1722,337,5657,5999,1
150528,2,3,2,40,-1,-1,-1,0,0,0,4431,3879,25981,17609,14884,19972,15661,14410,6415,1490,4316,6703,0
153909,2,1,1,29,0,-1,-1,-1,-1,-1,21737,28515,11291,15892,-4962,1047,4971,546,191,162,2817,7972,0
418693,1,1,1,45,0,-1,-1,-1,-1,-1,7766,3061,-24377,7853,-401,31750,847,5473,15632,3674,2267,10062,0
408607,1,2,2,49,-1,-1,-1,-1,-1,-1,35505,40052,-6515,-11948,6527,19748,7186,7228,859,3761,2560,9606,0
142774,2,3,2,59,-1,-1,-1,0,0,-1,4876,13103,33182,27666,1590,9428,12291,11546,1730,1569,5693,3907,0
292588,1,3,1,36,-1,-1,-1,-1,-1,-1,7231,-2964,-9877,-2424,14486,6954,906,11706,3727,2695,2863,1585,0
289637,2,1,2,35,-1,-1,-1,-1,-1,-1,-6747,33635,7711,15524,11385,-911,10719,6375,1849,2546,2912,6910,0
148188,1,1,2,50,-1,-1,-1,-1,-1,-1,-28156,17462,10496,13889,15632,-7570,5024,12036,5556,3643,2504,531,0
261137,2,2,1,47,0,-1,0,0,0,0,20854,57621,53116,4399,-3867,16985,10802,403,5367,1244,1755,8642,0
208675,2,1,1,34,0,-1,-1,-1,-1,-1,11850,59653,20268,39902,-1195,1621,9565,5820,7325,1200,5105,11754,0
396583,2,1,2,34,-1,-1,-1,-1,0,0,-26314,2871,3026,43708,29462,13375,12363,20391,16286,2019,6610,6452,0
377903,2,2,2,22,-1,-1,0,-1,-1,0,24222,21019,790,-20611,23683,38969,11197,1038,8170,434,1174,7726,0
26392,2,2,1,33,2,0,0,0,0,0,10012,41586,69265,19212,13676,-6461,5773,1151,2371,1214,2132,1412,1
178378,2,1,2,25,-1,-1,-1,0,0,-1,9899,-4736,15893,26784,4540,331,7133,13269,892,2620,5648,1357,0
293712,1,1,1,41,-1,-1,0,0,0,0,15955,42442,36506,17787,6844,15982,10325,1884,3614,1373,3023,7574,0
252127,2,1,2,40,-1,-1,-1,-1,0,-1,15839,-14743,-17841,2629,15084,23628,756,8000,8964,4596,2408,1265,0
191808,2,1,1,29,-1,-1,-1,0,0,0,-1908,-10874,9587,26732,22839,10224,3102,9093,9713,1435,4038,1903,0
395077,1,2,1,44,-1,-1,-1,-1,-1,-1,-48538,-8553,-4795,9606,20412,1536,11366,13515,344,5954,578,1989,0
49393,2,2,2,42,-1,-1,-1,-1,-1,0,4220,-6257,1086,-5023,16076,21509,16725,10816,3089,4244,3193,4377,0
181230,2,1,2,26,-1,-1,0,0,0,0,6590,3591,49519,18880,30527,26297,15665,8420,4658,2148,4171,6558,1
196903,2,3,1,28,1,-1,-1,0,0,0,-30237,-1624,31290,50846,15783,-3182,8610,8212,9476,2960,1889,1352,0
361123,1,1,2,52,0,-1,-1,0,0,0,44477,44254,8998,-36,6655,20899,4493,6784,2317,537,3468,9019,0
169741,2,1,2,30,2,-1,0,-1,-1,0,32484,62546,32450,-7589,4341,25172,17571,1165,5687,41,144,11352,0
271653,2,2,1,42,-1,-1,-1,0,0,-1,-14819,-3921,5172,-497,17963,23997,14991,7945,7929,4404,2587,1608,0
323623,1,1,2,28,-1,-1,-1,-1,0,0,450,-3342,1047,16764,34825,39405,10314,17714,19208,1117,5492,7478,0
55024,1,3,2,28,-1,0,-1,0,0,-1,45360,20242,33162,18442,106,6566,4613,10785,3930,14,6325,4755,0
414127,1,1,1,42,-1,-1,-1,0,-1,-1,20024,33710,17235,-3329,3591,9883,2430,4577,1261,2462,3096,4141,1
259626,2,1,1,43,-1,-1,-1,-1,-1,-1,-1412,726,-3656,35287,-587,8640,7707,10560,9933,2946,4847,5925,0
173261,2,1,2,21,-1,-1,-1,-1,-1,0,-20818,-24813,-10586,-2664,35970,16824,15751,20886,2419,1865,5035,1942,0
216247,2,1,1,45,-1,-1,-1,0,0,-1,-6717,2102,28385,34752,14677,2718,9063,8649,6107,1012,4409,3255,0
314378,1,1,1,25,-1,2,0,0,-1,-1,23576,19305,26615,3779,3998,4266,226,4891,6015,2400,7286,3592,1
174084,2,1,2,30,-1,-1,-1,0,0,0,-2637,11734,25012,27991,17684,30067,16264,5663,20070,1944,4505,7450,0
257769,2,1,1,27,-1,-1,-1,0,0,0,-22767,8467,36485,27101,14506,-6362,7350,6052,934,1503,2906,1837,0
166578,1,1,2,52,1,-1,-1,-1,0,0,-18091,9775,24707,31123,17109,6528,2334,3300,11636,863,1267,1852,0
481551,1,1,1,39,-1,-1,-1,0,0,-1,-15372,-19381,-5171,15739,37512,25455,13265,22190,10350,2471,7840,6000,0
243201,2,2,2,58,0,-1,-1,-1,-1,-1,-24904,10383,-8447,16118,-2174,-5521,1423,5733,10473,8237,950,235,0
178172,1,2,2,36,-1,-1,-1,0,0,0,34622,44640,26734,-1969,7330,21528,6337,12663,1150,233,5919,7100,0
173867,2,1,1,43,-1,-1,-1,-1,-1,-1,15740,24444,-16616,5677,-5062,6426,477,3217,2519,4505,2559,3675,0
270734,2,1,2,24,-1,-1,-1,-1,0,0,27520,25053,31145,6701,8376,27077,4892,6933,12836,687,1511,7741,0
94697,2,1,2,26,-1,-1,-1,0,0,0,12233,16885,26018,18603,16910,20914,23012,17080,3649,1568,8902,5859,1
238473,1,3,1,41,0,-1,-1,-1,0,0,12101,36985,33844,12726,2907,9483,1010,5202,9496,100,2736,7474,0
287561,2,1,2,44,-1,-1,-1,-1,-1,-1,-26717,2922,-3210,26742,18776,12145,16564,10297,11575,4717,2630,1730,0
276657,2,3,1,38,-1,-1,-1,-1,0,0,-25265,14349,20880,54950,24786,6297,13051,19243,19091,2239,5051,4176,0
371219,2,1,1,33,-1,-1,-1,0,-1,-1,20598,43836,34127,1583,4520,10989,13657,7303,1810,1178,5028,10283,0
211526,2,3,2,34,0,-1,-1,0,0,0,34338,33093,54165,28748,7751,26221,9837,8457,14556,556,3598,7932,0
299636,1,3,2,29,-1,-1,-1,0,0,0,-1424,17952,30870,-263,10889,19564,9287,8237,1488,392,3356,7724,0
250051,2,2,1,38,-1,-1,-1,0,0,0,-13243,13378,15093,8872,24974,22953,15490,11184,5811,1364,963,8346,0
101671,2,2,2,25,-1,-1,-1,-1,0,-1,35618,4639,-6924,22540,12061,2177,4943,12208,3388,1761,4210,1274,0
287094,1,3,3,50,-1,-1,-1,0,0,0,46874,50865,17320,7231,-9139,28159,19028,9696,4696,61,4283,17288,0
209478,2,1,1,43,-1,-1,-1,-1,0,0,-6509,10049,15916,17189,13648,4092,7388,8240,979,2386,1783,1519,0
254214,1,1,2,40,-1,-1,-1,0,0,0,4198,2820,10278,-3073,11346,22927,6581,6948,2913,1825,773,5034,0
40961,1,1,2,35,-1,-1,-1,0,0,-1,29124,28937,21806,10925,3977,7250,8448,7810,789,1394,3588,4760,0
350953,1,5,2,41,-1,-1,-1,-1,0,0,-17408,-8510,16164,22288,30468,11243,3017,18386,11270,2284,5946,3176,0
117278,2,1,1,35,-1,-1,-1,0,0,-1,17543,1710,6613,27066,20004,517,6751,14197,1446,489,4978,862,0
361330,2,1,2,27,-1,-1,-1,0,0,0,-4615,826,17188,18289,12614,22526,10007,7129,6173,2553,1815,4428,0
293294,1,2,1,53,0,-1,-1,-1,-1,-1,46380,40727,9997,8307,-23750,11389,1629,6869,1608,621,4141,10499,0
229718,2,2,1,39,0,-1,-1,-1,-1,-1,20318,48451,-16831,23642,-6327,12466,6146,4639,11321,1827,3200,10976,0
328880,2,3,1,34,-1,-1,-1,0,0,0,8763,-21759,16462,-7274,24005,12900,11505,10795,3393,2056,2510,3812,0
222382,2,1,1,45,0,3,-1,-1,0,-1,-4958,64109,43282,45681,-11516,-18887,4491,146,5599,1575,7298,8377,0
286625,2,1,1,26,0,0,0,-1,-1,-1,32186,31240,10781,16680,679,4137,401,280,11154,1345,5931,6019,0
172185,2,3,1,42,-1,-1,-1,0,0,0,-30308,12634,27886,47736,17088,2650,21156,14442,11037,361,7123,4709,0
304140,2,1,2,29,-1,-1,-1,0,0,-1,4089,-15571,-25650,6932,25496,25562,11235,5709,4466,7056,3836,7389,0
298580,2,1,1,45,-1,-1,-1,-1,0,0,-42785,-17326,2647,28804,33715,17367,18390,21127,10119,5268,3353,4162,0
164657,1,2,2,56,-1,-1,-1,-1,0,-1,-60036,-36653,2752,25817,32365,7059,15578,21725,14520,5789,4819,657,0
465530,2,1,1,49,0,-1,-1,-1,-1,-1,11759,36359,20581,31817,-5352,-8228,4286,7039,6259,314,6789,10294,0
113231,1,1,2,30,-1,0,-1,0,-1,2,27476,43278,21828,16719,-771,14534,5734,13686,1300,275,6144,6400,0
254389,2,1,1,40,-1,-1,-1,-1,-1,-1,-8539,-12302,-10144,226,11835,-9462,3504,7176,1513,7513,527,221,0
232402,1,3,1,33,-1,-1,0,0,0,0,-13000,12487,57017,24021,18931,22482,5661,7251,6085,3544,371,4102,1
606778,2,1,1,35,-1,-1,-1,-1,-1,-1,-11867,-5950,-24519,19573,15499,18942,597,10902,13476,6378,2217,7057,0
288433,2,1,1,32,-1,-1,-1,-1,-1,-1,20884,8176,-8111,6519,-6695,24055,7127,5163,10603,227,1341,8082,0
274164,2,2,1,30,-1,-1,-1,-1,-1,-1,-5404,5445,-15648,8120,15934,3582,17880,23611,4566,4600,9054,4729,0
289301,2,3,1,42,0,-1,-1,-1,0,0,9879,40871,45045,33197,-10464,1511,668,4381,8788,590,3742,7804,0
38706,1,2,3,44,2,0,-1,0,0,0,28383,42991,54002,28646,12394,16798,8662,15218,2415,320,2867,6567,0
197598,2,2,1,36,-1,-1,-1,-1,0,-1,4809,16636,33479,35971,15978,-11203,9663,10498,4392,1437,7926,4265,0
510436,1,1,2,41,-1,-1,-1,-1,0,0,-29423,-10059,-13385,9949,27286,29921,13107,20231,9240,3027,4475,6625,0
379565,1,1,1,39,0,-1,-1,-1,-1,0,24293,7091,-17443,2021,7211,29818,1840,3895,8097,2096,1953,8689,0
125377,1,1,1,36,-1,-1,0,0,0,0,4527,17605,73053,17804,33592,24614,15196,19441,1284,83,6974,2912,1
204318,1,2,3,44,-1,-1,-1,-1,-1,0,-9735,-8233,-15108,-687,33114,13771,4832,10532,2911,710,888,889,0
161315,2,2,1,37,0,0,-1,-1,-1,-1,18390,56257,41994,33963,-12866,-3920,7154,5554,2020,571,4472,7409,0
236910,2,1,2,33,-1,-1,-1,0,0,0,-2015,-13939,-3340,-6035,20982,19687,10061,4540,1942,2668,1568,2129,0
324481,2,1,1,40,-1,-1,-1,0,-1,-1,-28432,-434,-387,-1739,19599,8822,16975,11031,2037,3453,5985,6036,0
279449,1,2,1,56,-1,-1,-1,-1,-1,-1,-34135,11548,20673,32487,11721,-16933,2709,5795,10212,2672,3355,122,0
104810,1,2,2,33,2,-1,-1,0,0,0,15158,34834,55070,11263,2481,10939,10469,5659,3785,411,2699,7443,0
329708,2,2,1,46,-1,-1,-1,-1,-1,-1,-16270,6684,-2332,17556,4787,11516,10453,6884,9838,2400,3359,6093,0
281843,2,1,2,25,0,0,0,0,0,0,59515,58877,58736,12935,6200,23035,6867,4223,6113,425,6957,9308,1
441465,2,3,1,27,-1,-1,-1,-1,-1,-1,9766,27672,24724,13057,4409,17710,5096,6414,13331,568,3875,8229,0
504487,1,1,1,44,0,0,0,-1,-1,-1,40911,65429,14902,8466,-4924,15101,4438,389,6344,173,5100,13197,0
343701,1,1,2,40,-1,-1,-1,-1,0,0,-17253,18116,8209,5357,23339,25477,9103,11772,9714,1379,3231,7291,0
376798,1,1,2,40,-1,-1,-1,0,0,0,8187,21028,24568,14725,18468,23251,9481,13283,7480,691,6211,6345,1
229773,1,2,1,60,-1,-1,-1,-1,-1,-1,10438,25613,-7529,17091,-1632,5421,321,12172,7059,5613,3098,1917,0
232003,1,3,1,43,-1,-1,-1,-1,-1,-1,10094,15201,-13529,13888,-7564,-1608,1894,3304,4006,1220,3927,3675,0
222552,2,1,2,38,-1,-1,-1,0,0,0,-38415,-32319,12170,26650,41944,11565,14766,16546,8278,1399,6469,1407,0
209856,2,1,2,34,-1,-1,-1,-1,0,-1,117,-19544,-3864,15414,3546,14678,12773,6823,7782,2749,1409,5053,0
130355,2,3,3,30,-1,-1,-1,0,0,-1,16937,4387,6074,1356,14806,9648,11542,8626,3464,1519,3924,1610,0
269511,1,1,1,29,-1,-1,-1,-1,0,-1,15653,-23372,-14098,924,11020,24090,1501,6196,12452,6209,2374,480,0
323061,2,3,1,45,-1,-1,-1,-1,0,-1,-22473,-23361,12116,20126,8275,12495,8339,5079,9786,5954,750,3059,0
236588,2,3,2,39,-1,-1,-1,-1,-1,-1,7915,-5585,2161,-6038,-1394,20603,6755,5850,3505,1399,2258,4080,0
357924,1,2,1,54,0,-1,-1,0,0,0,-10218,16735,30852,25609,13620,863,10018,13879,3090,1619,5798,7084,0
400791,2,1,2,41,0,-1,-1,-1,-1,0,3850,36096,3474,3874,12642,17365,10342,6917,4460,2252,2043,9980,0
270058,2,1,2,25,0,-1,-1,0,-1,-1,32009,35445,7717,46322,10163,3226,11407,16581,3391,382,11040,8943,0
366071,2,2,1,45,-1,-1,-1,-1,0,0,-9694,21488,36748,43671,8591,9753,4101,11140,9502,1842,5070,2943,0
128634,2,1,2,41,-1,-1,-1,-1,-1,0,54680,28055,-29668,1658,2211,38745,13361,8122,11739,1729,1936,12861,0
345481,1,1,1,37,0,0,-1,-1,-1,-1,50236,60892,8777,-6213,-4672,20014,2074,2658,3186,833,4093,10178,0
326759,2,1,2,36,-1,-1,-1,0,0,-1,28015,49801,23452,15741,3353,22532,13646,5346,7733,1119,5580,14080,0
278098,1,1,1,36,-1,-1,-1,-1,-1,0,-31338,7141,4185,8506,15599,9677,6257,1513,5756,3303,120,4152,0
191153,2,1,2,33,-1,-1,-1,-1,0,-1,21338,13027,12095,18165,4823,16479,4157,9373,4053,48,3987,2944,0
361850,2,1,1,32,0,-1,-1,-1,2,-1,-22072,2198,16043,49604,12458,-1464,3292,10224,14190,2094,5587,4516,0
269270,1,4,2,48,-1,-1,-1,0,0,0,74,-6018,16845,12033,19227,28479,17750,25436,3804,2403,7513,9343,0
342490,2,2,1,39,-1,-1,-1,-1,2,-1,-28557,-17142,3929,28606,14104,9096,1119,9374,14620,3120,4275,3341,0
234200,2,1,1,33,-1,-1,-1,-1,0,-1,-28304,20821,27503,28821,16623,-9765,8869,5605,6794,2765,3823,2650,0
299887,2,2,1,28,-1,-1,-1,-1,-1,-1,-41815,-35090,-41375,2608,51189,20347,15493,24513,12153,9545,4470,3698,0
210051,2,1,2,37,2,-1,-1,0,0,0,19157,25182,50218,8039,24217,13899,11360,5114,447,3656,1244,3715,1
312259,2,1,2,39,0,-1,-1,-1,-1,-1,-3927,12984,17446,36615,9936,-3297,1053,11571,5989,570,5900,3237,0
113227,2,1,2,29,-1,-1,-1,0,0,0,9135,20112,18469,6500,9048,14048,12229,9717,595,1458,3819,4804,0
247820,2,2,1,27,-1,-1,-1,-1,-1,-1,-1221,-21656,-46604,-7409,14377,8393,4636,1851,6254,9450,429,655,0
528237,2,1,1,42,-1,-1,-1,-1,-1,-1,-8178,6695,2215,20208,15086,13448,4116,9625,15099,3314,5710,4171,0
194833,2,1,2,25,-1,-1,-1,-1,0,-1,-11685,-12778,4162,35514,8174,-6679,2158,11645,2751,3732,5648,3467,0
192498,2,2,2,52,-1,-1,-1,0,0,-1,-31149,-23300,-1557,4754,26879,15915,10620,10777,5083,5017,1961,1385,0
206225,2,2,1,24,0,-1,-1,0,-1,-1,-4761,17479,11161,15850,14176,1410,8606,4014,939,2688,2544,6579,0
344630,2,1,1,35,-1,-1,0,0,0,-1,33967,27081,34572,24498,8382,17729,11619,4509,11279,528,6811,7254,1
280295,2,1,1,36,0,-1,-1,-1,-1,-1,3319,33509,24808,52929,-11551,-27056,9796,14709,2062,2322,8493,5750,0
331777,1,2,2,48,-1,-1,-1,0,0,-1,12776,38471,28069,19830,2664,14884,3826,14895,3547,926,5829,6506,0
370211,2,1,2,41,-1,-1,-1,-1,-1,-1,23936,938,-30625,1499,527,12922,1967,8004,8225,3630,4276,4405,0
274851,2,1,1,45,0,-1,-1,-1,-1,0,59251,54094,-4559,3305,-9197,28546,15031,2937,12069,1430,3725,16000,0
171011,1,2,1,36,-1,-1,-1,-1,-1,0,-12232,20763,-1383,6966,-634,2054,942,5488,1264,4186,1128,55,0
236493,1,1,2,46,0,-1,-1,-1,-1,0,13939,15919,11089,1143,-5454,16873,7529,5824,3572,2324,911,6959,0
105659,2,2,2,37,-1,-1,-1,0,0,0,-10376,-21806,-15510,6197,29932,28185,18014,19883,464,2285,2370,2573,0
277259,2,1,2,44,-1,-1,-1,0,0,0,-9067,18306,23550,20477,23292,16274,16891,21457,2198,313,8616,7527,1
188965,1,2,2,39,0,-1,-1,0,-1,-1,8619,52638,15658,34456,10818,-7087,11167,15156,1580,673,9152,7699,0
396440,2,1,2,23,0,0,-1,-1,0,-1,27672,50868,20136,30215,-10002,17597,3535,1990,9447,1876,4231,11419,0
269364,2,1,1,40,-1,-1,-1,0,0,0,-24837,9908,34853,20824,22787,10599,14406,12285,6766,1431,5520,2178,1
385866,2,1,2,26,-1,-1,-1,-1,0,-1,19423,-6513,-5504,14785,-1754,-1599,3882,6148,4483,1841,5779,1048,0
217539,1,2,2,43,1,-1,-1,-1,-1,0,1163,5945,-7344,-13480,-7408,11178,4910,3512,2325,173,1314,2699,0
106960,2,5,1,50,-1,-1,-1,-1,-1,-1,-530,1600,4058,21935,-13480,-1655,5353,10868,351,1838,6148,5148,0
68798,1,2,2,47,-1,-1,-1,-1,-1,-1,-3749,9882,747,4264,-3433,10534,2949,15262,2359,1034,6071,4969,0
16015,2,1,2,46,-2,-2,-2,-2,-2,-2,29012,23854,-10503,-23456,12421,11166,5048,725,2858,4253,350,1443,0
91569,2,2,1,22,-2,-2,-1,-2,-1,-1,15473,6023,-9573,22963,3603,-7252,1679,4431,1358,3541,3374,311,0
360464,2,2,2,49,-2,-2,-2,-2,-2,2,12082,30248,-8312,-21709,5360,6199,678,2520,1395,2298,1219,771,0
180474,1,1,2,24,-2,-2,-1,-2,-1,-1,21136,8374,-30354,-6869,16402,2161,3930,3143,822,1296,3537,526,0
69873,2,2,1,38,-2,-2,-2,-2,-2,-2,19468,32231,-12359,-21768,12560,6267,4152,1269,4608,3785,3552,1372,0
170040,2,1,2,34,-1,-2,-2,-1,-1,-1,23570,-2306,-20910,3449,488,3351,1478,1158,2477,1675,2481,419,0
51353,1,2,2,44,-1,-1,-1,-2,-1,-2,9120,18592,649,-1945,3292,8792,1075,4874,2029,1898,359,1041,0
44789,2,2,1,24,-1,-1,-1,-1,-1,-1,16784,-12608,-4713,7651,-5619,10335,4164,16118,619,2498,6571,5958,0
159084,1,2,1,51,-1,-1,-1,-1,0,-1,7198,-21587,38062,34452,-17476,-102,3779,16083,7194,356,8482,2392,1
460151,2,1,1,51,-2,-2,-1,-2,-2,-1,17790,16726,-2180,27115,6314,-17195,3965,89,4788,1002,5013,356,0
213491,2,2,2,42,-1,-1,-1,-1,0,-1,18502,-5268,-3157,20066,-1351,15852,439,20262,4907,185,7738,3391,1
65085,2,1,2,53,1,-2,-2,-2,-2,0,19068,22597,-23221,-15893,19336,4862,2232,165,1644,156,1175,1036,1
28854,2,2,2,30,1,-2,-1,-1,-1,-2,-8042,10251,3049,8002,804,-12711,4095,209,533,1649,1322,301,0
34160,2,1,1,31,-2,-2,-1,-1,-1,-1,-6111,-1037,-2965,7188,8182,-17023,2963,1599,2601,2037,3175,52,0
105501,2,2,1,21,-2,-2,-2,-2,-2,-1,28753,4925,5163,3586,-1860,12815,2027,2555,9058,1412,5029,1008,0
316492,2,2,1,29,2,-1,-1,-1,-1,0,10193,-11616,1390,-6819,-6332,3426,4768,3439,634,1038,3279,3642,0
319457,2,1,2,41,-2,-2,-2,-2,-1,2,24272,11777,-25030,-14587,3817,10229,2489,536,2771,1641,2768,1093,0
38256,2,5,1,48,2,-1,-1,-1,-1,-1,37441,-20973,-19714,12978,-3813,10457,5976,8311,1333,1467,6207,2928,0
299674,2,1,2,23,-1,-1,-1,-1,-1,-1,20439,-8373,-7788,2113,-3239,11512,4271,6189,1219,2369,5069,4664,0
201467,2,1,1,35,-1,-1,-1,-1,-1,0,-14505,-9974,33063,-3316,-14106,548,3260,1877,2633,109,2707,4112,1
195141,1,2,1,42,1,-1,-1,-1,-1,-1,11630,-347,-11216,-10032,2483,1777,2058,3116,1347,472,1773,769,0
282231,2,3,2,34,-2,-1,-1,-1,-1,0,17472,10784,-26321,-18113,-13841,18555,3634,1204,521,543,1838,2625,0
166853,2,3,1,43,-2,-1,-1,-2,-2,-2,-16152,19464,29435,5263,6285,-13247,857,878,3152,2628,711,31,0
199240,1,3,2,39,-1,-1,-1,-1,-1,-1,-11573,-4115,18352,17969,-5730,-12024,2764,3723,492,228,1929,626,0
165203,1,5,1,49,-1,-1,-1,-1,-1,-1,13997,-15861,-777,14334,2655,6240,3399,18273,940,3011,7240,5314,1
55107,1,1,1,36,-2,-2,-2,-2,-2,2,16605,18613,-19620,-14825,12652,6357,2821,3759,0,3338,1178,1112,0
65304,1,3,2,43,-1,-1,-1,-1,-1,0,16518,4259,-13533,-23917,-10003,20848,1290,4038,1771,723,782,280,0
32795,1,2,3,31,-2,-2,-2,-1,-1,0,2389,24508,-9223,-50226,1398,14373,1262,2288,4549,2623,275,954,0
291079,2,1,1,38,-1,-1,-1,-1,0,-1,2266,-6136,14813,22688,9180,-12644,1749,11946,3437,1732,6911,1226,1
354581,2,1,2,31,-2,-2,-2,-2,-2,0,14938,30172,-9776,-29275,13477,4075,437,1354,1291,2068,660,295,0
350867,1,2,2,30,-1,-1,-1,-1,-1,0,5949,-1209,10777,-8471,3489,19133,1693,15004,1626,1574,5359,8030,1
42431,2,2,2,23,-1,-1,-1,-1,0,-1,21992,-15971,8523,21421,-6408,20427,5207,16819,5043,1895,7844,7475,0
216614,2,2,1,27,-2,-2,-2,-2,-2,0,16683,10779,-9463,-19472,-870,14415,2287,791,2701,868,3360,464,0
197952,2,1,2,31,-1,-1,-1,-1,-1,-1,3412,-3579,10193,24727,-2363,-658,2388,14810,336,2869,5146,3159,1
127714,2,1,2,23,-1,-1,-1,-1,-1,-1,-5216,7917,13571,28279,7757,-8305,1371,6208,626,1850,5637,3158,0
261763,2,1,1,28,-1,-1,-1,-1,-1,-1,21103,-21881,6593,23528,11780,-5370,873,13185,131,402,7110,2349,1
166148,2,2,1,27,-2,-2,-2,-2,-2,-1,2824,7363,-4102,5592,8848,-11986,5169,289,1132,3529,317,415,0
333627,2,2,2,23,-1,-1,-1,-1,-1,0,9089,-1458,-989,-18672,-591,13473,1934,7465,639,7,2843,5335,0
220774,1,5,1,40,-1,-1,-1,-1,-1,-1,-10408,10621,17055,2633,-4853,2897,292,7635,2145,1077,2406,1736,0
294821,1,1,2,43,-2,-1,-1,-2,-1,0,-649,26133,-3371,-17782,4727,4938,194,3465,407,488,1269,178,0
216853,2,2,2,22,-1,-1,-1,-1,-1,0,18404,-7911,-5162,-19271,-5774,20897,780,2557,2816,117,3264,1889,1
155359,2,1,1,46,-2,-2,-2,-2,-2,-2,-23898,22357,29000,10852,15476,-22140,1648,856,1538,2270,625,314,0
114695,2,2,2,25,0,-1,-1,-1,-1,0,19190,5650,-18441,-23574,4425,14377,1354,2005,1923,1078,1932,718,0
130479,2,1,2,53,-1,-2,-2,-2,-2,-1,14478,14696,-5389,-8522,23724,-3436,1395,343,803,4124,423,1363,0
89009,2,2,1,40,1,-1,-2,-1,-1,0,4026,2120,11738,-3446,-975,-3463,1718,2419,272,343,871,397,0
337548,2,1,2,34,-1,-1,-1,-1,-1,-1,20950,-3673,-13928,18061,372,13683,1950,18838,1753,339,8060,5932,0
153014,2,1,2,35,-1,-1,-1,-1,-1,-1,10763,2872,-25261,2436,-2362,6003,2640,5547,455,2231,4134,1601,0
119460,2,2,2,35,-1,-1,-1,-2,-1,-1,15892,-1969,-11037,-14427,17056,-43,2209,497,703,1550,359,3678,0
289488,1,1,2,30,-1,-1,-1,-1,-1,0,5019,-6210,16192,-18828,-7842,14105,3470,8214,280,1294,3016,6082,0
503321,2,1,1,34,1,-1,-1,-1,-1,-1,3712,8913,-1555,5347,675,-1872,1164,878,1992,736,2940,194,0
283084,2,1,1,53,-1,-1,-1,-1,-1,-1,-13091,-5996,17120,34141,-5740,-5049,7319,15418,313,756,8961,9823,0
367417,1,2,2,54,-2,-2,-1,-2,-2,-2,14394,13925,-8062,-9813,5752,5089,1465,1482,2513,688,529,418,0
40447,2,1,2,46,-2,-2,-2,-2,-1,0,7348,19232,-7864,-15011,16894,-5010,804,3525,505,1864,2604,197,0
418494,1,1,1,76,-2,-2,-2,-2,-2,-2,13113,36800,-7195,-2327,2816,2822,6056,707,2030,2465,1948,2647,0
339710,2,1,1,40,-1,-1,-1,-1,-1,-1,-6386,127,14478,10083,-11725,6264,4748,15238,1391,1207,7246,6556,1
208697,2,2,1,40,-2,-2,-2,-1,-2,2,23997,-4141,-2788,-12184,-1108,8939,1441,135,3338,2007,1581,373,0
20901,2,2,2,44,-1,-2,-2,-2,-2,-2,-7434,18036,19920,8791,-1480,-3561,779,2987,3220,2711,134,218,0
157769,2,1,1,36,2,-1,-1,-1,-1,-1,-1161,-6748,-2385,9147,-4879,681,2277,8661,1592,593,4750,1897,1
147456,2,2,2,44,-1,-2,-1,-1,-1,-1,12490,-16343,3381,6111,-4384,1081,519,3988,220,619,3820,993,1
228172,1,2,1,45,-1,-1,-1,-1,-1,-1,-3812,-1154,-1424,26870,-5948,-5579,2040,6534,604,564,5240,2581,0
292941,1,1,2,34,-2,-1,-1,-2,-2,0,-4416,40600,8488,-29862,6891,4012,5590,497,2755,890,833,1115,0
155981,1,5,1,64,-1,-1,-1,-1,-1,0,14300,4606,-513,-22132,-19845,23541,3148,1866,1752,179,813,2066,0
112746,2,2,2,32,8,-1,-1,-2,-1,-1,31105,1438,-29598,-16759,1495,15918,3912,4745,1654,868,1308,1316,0
125243,1,2,1,34,-2,-1,-2,-1,-1,0,22916,1264,-14551,-21073,-2218,10410,4037,1701,49,1942,632,704,0
353678,2,1,1,43,-1,-1,-1,-1,-1,-1,30303,-18646,-4571,8729,-10664,17514,5695,6517,2341,917,4646,4943,0
308133,1,3,2,28,-1,-1,-1,-1,-1,-1,5556,-4203,14729,10547,-4067,7853,4998,18897,5220,2067,8026,3367,1
333001,2,1,2,26,-1,-1,-1,-1,0,-1,19587,-2724,17732,8406,1550,19472,726,12157,2059,153,6704,7709,1
195738,1,1,2,43,-1,-1,-1,-1,-1,-1,19188,-8602,-4203,7539,6339,6429,1153,14484,1703,1581,4497,2413,1
359498,1,5,1,38,-1,-1,-1,-1,-1,-1,25986,-16680,3082,6114,-376,12377,7457,15491,2107,1535,7977,6774,0
229364,2,1,2,25,-1,-1,-1,-1,-1,-1,16558,-24211,11948,23995,11194,4745,3750,17158,1108,5478,6428,7656,1
317007,2,3,2,21,-1,-1,-1,-1,-1,-1,16436,-18896,16475,5194,-3059,13257,3385,17232,2580,2833,5613,6432,1
396070,2,1,2,39,-2,-1,-1,-2,-2,-1,-11059,25812,5183,8058,7399,-9201,3753,624,831,1928,2979,2198,0
380882,1,2,1,27,-1,-1,-1,-1,-1,-1,-2506,-3365,10400,17656,825,-8101,1373,13564,2327,1107,1115,1962,0
125645,2,3,2,43,-1,-1,-1,-1,-1,-1,31855,-15654,-2796,-9494,-16517,22513,5587,5723,1470,2205,3397,6202,0
156444,2,1,2,39,-2,-1,-1,-1,-1,-1,-13515,16878,-867,6160,-2975,-5079,3306,4007,2757,164,3405,174,0
276053,1,2,2,32,-2,-1,-1,-1,-1,-1,-5966,4373,156,-4238,1927,-10744,3461,3576,1283,3527,495,692,0
50570,2,3,2,28,-1,-1,-1,-1,-1,-1,8549,-13200,-8166,22159,-6443,4399,3514,8069,1167,258,5873,2731,0
186987,2,2,1,28,-2,-2,-2,-2,-1,-1,2076,15630,-7331,5159,-8266,-2490,2681,471,1830,2085,789,862,0
342007,2,1,1,34,-1,-1,-1,-1,-1,-1,-11846,-11169,23857,31520,-13878,-6849,6303,7003,3035,650,5427,3309,1
410409,1,1,2,42,-1,-1,-1,-1,-1,-1,9358,7842,8902,-4175,-1030,12692,2667,7159,2418,726,3797,3542,0
302447,2,3,2,30,-1,-1,-1,-1,-1,-1,23222,-17805,-7605,5369,937,5533,3269,12176,1916,455,6637,3172,1
174951,2,2,2,39,-2,-2,-2,-2,-2,0,11393,28014,4009,-23119,17328,2393,4381,1893,6729,3656,1627,833,0
180919,1,2,1,43,-2,-1,-1,-2,-1,0,-430,25388,1927,-15884,299,4055,2714,4528,745,1183,840,286,0
188444,2,1,2,31,-1,-1,-1,-1,-1,-1,36613,-4829,-32967,-12108,-1948,18510,1484,4071,1156,238,2193,719,0
201984,2,1,2,50,-1,-1,-1,-1,0,-1,13803,6474,-7658,8089,5290,4517,1734,10821,1473,287,4900,1667,0
357166,1,2,1,31,-2,-1,-2,-1,-1,0,-4822,16233,4832,-4807,-4800,897,1552,386,459,1075,753,1035,0
125751,2,2,2,45,-2,-2,-2,-2,-2,0,24606,37652,-17253,-29260,14871,14747,6108,2525,6517,3042,2701,935,0
393351,1,1,1,23,-1,-1,-1,-1,-1,-1,-16237,5765,26998,13399,-4463,-3125,2707,10903,703,891,5359,3518,0
53126,1,3,2,42,-1,-1,-1,-1,-1,-1,5117,6653,-3004,-11002,-5219,14464,594,6258,216,56,1303,3077,0
108828,2,2,2,35,-2,-2,-1,-2,-1,0,23631,15849,-17189,-17951,9742,14409,2142,4397,2665,954,1822,227,0
144820,2,1,2,49,-2,-2,-1,-1,-2,0,26217,12220,-23205,-26937,-674,19030,2370,198,5251,190,3008,268,0
247597,2,5,1,54,-1,-1,-1,-1,-1,-1,2041,-12904,6084,25465,-3966,1644,6339,11884,976,4068,6054,5672,1
398709,2,1,1,33,-1,-1,-1,-1,0,-1,-16165,-2714,27370,32157,-8003,-8693,692,7378,667,340,4160,1960,1
217226,2,2,2,46,1,-1,-1,-1,-1,-1,-11842,16681,227,-10995,9250,447,1068,3517,1411,174,240,389,0
374780,2,1,1,42,-1,-1,-1,-1,0,-1,29579,-17699,-11062,18145,3072,731,2193,14917,65,1157,6415,3103,1
34115,2,1,2,35,-2,-2,-1,-1,-2,-2,3700,15138,-4007,-2603,4142,-3264,3853,2399,1970,1696,988,1093,0
127410,2,3,2,41,-1,-1,-1,-1,-1,-2,-12622,10843,11819,1490,-2472,-3247,250,3664,2167,1280,1021,51,0
33748,2,2,1,46,-2,-1,-1,-1,-1,0,28803,-1636,-16800,-20173,-3818,14590,1481,6224,343,57,3484,1664,0
483362,1,1,1,35,-1,-1,-1,-1,-1,-1,14536,-778,5302,2849,264,15702,2130,17185,2130,646,8568,7129,1
242471,2,2,1,38,-1,-1,-1,-1,-1,-1,30242,-16156,2484,11009,-4271,19050,8818,19333,2587,3394,9732,12206,0
99789,2,3,2,53,-1,-1,-1,-1,-1,-1,23798,-13563,-15471,22844,-11136,7160,7775,13176,902,1221,9696,6773,0
41226,2,1,2,46,-2,-1,-1,-1,-1,0,-1785,30598,2489,-23205,-14263,22387,4433,1925,2353,387,714,3594,0
99643,1,2,2,30,-1,-1,-1,-2,-1,-1,6422,11935,-8620,1926,-1356,8263,763,9310,894,1071,1850,1466,0
104922,2,3,2,37,-1,-1,-1,-1,-1,-1,-12007,-2526,17648,3124,-5540,-4452,1587,1475,609,895,624,679,0
277348,2,1,2,38,-1,-1,-1,-1,-1,-1,-4289,-8157,14051,22212,6873,-3462,5262,8591,739,2077,6963,5762,1
295387,2,2,2,25,-1,-1,-1,-1,0,-1,-19421,-5073,26661,28042,-8588,-11352,604,7566,620,1353,3563,3463,1
272210,2,2,1,63,-1,-1,-1,-1,-1,-1,-20680,-432,14310,5841,-1724,-9507,2038,7496,830,172,3340,2167,1
101518,2,2,2,38,-1,-1,-1,-1,0,-1,12902,-15709,2338,8154,-11815,8754,1792,8797,2007,1239,3993,2388,0
301384,2,1,1,42,-2,-2,-1,-2,-2,-2,-1100,12820,22856,17750,9199,-13735,3026,3501,4251,3056,1193,1445,0
404066,2,1,2,34,-1,-2,-2,-2,-2,-1,9953,18192,-16085,5931,12166,-7521,2284,343,419,1078,907,533,0
349907,1,3,1,30,-1,-1,-1,-1,0,-1,22470,-27766,19332,28125,-11448,4620,6578,17292,5257,2161,9484,5816,0
257355,1,1,1,60,-1,-1,-1,-1,-1,-1,8753,-6331,393,25904,1620,98,1023,13319,217,2,6917,3224,1
84273,2,2,1,34,2,-1,-1,-1,-1,-2,-22252,14013,13863,9143,-1752,-10636,927,3318,1751,216,956,1192,0
153889,2,3,1,43,-1,-1,-1,-1,-1,0,-16844,-5322,22133,6878,-14213,101,5837,8677,2178,572,6234,5504,0
259930,2,1,2,26,-1,-1,-1,-1,-1,0,-1411,2458,3184,-12244,-13698,16420,2084,3077,4791,58,4785,2925,0
264815,1,2,1,42,-1,-1,-1,-1,-1,-1,11900,-8175,-11008,-6488,-4317,17241,5031,11039,736,1296,4214,5581,0
233553,2,3,1,39,-1,-1,-1,-1,-1,-1,-2097,-19809,35124,14294,-2097,3614,4447,18043,592,2466,8349,9804,1
191992,2,2,2,41,-2,-1,-1,-2,-2,-1,41942,1446,-27979,-15757,-7900,20438,5172,1318,714,470,1599,2879,0
369037,2,1,2,30,-1,-1,-1,-1,0,-1,5001,1008,-3701,-1878,-285,2395,496,5815,120,847,2010,542,0
163438,2,3,1,32,-2,-2,-2,-2,-1,-2,24892,14666,-23284,-30342,3545,15445,2145,1698,426,830,1796,2419,0
211090,1,1,2,54,-1,-1,-1,-1,-1,0,-4680,-11374,21885,4534,-7512,6170,3680,15566,1760,2597,6533,4634,1
277011,2,3,1,40,-1,-1,-1,-1,-1,0,-4609,-9109,18469,4426,-15222,-2588,2880,5342,1535,817,4277,2125,0
354985,2,1,1,32,-2,-1,-2,-2,-2,0,8654,11985,2896,-2522,14351,-15530,4441,391,534,4602,1244,37,0
215838,2,2,2,45,-2,-1,-1,-1,-1,0,-2951,21579,3004,-19403,-6574,11714,836,592,1644,476,1271,1911,0
282220,2,1,2,26,-1,-1,-1,-1,-1,-1,-19698,26010,7300,-28693,18405,3388,861,541,2187,3556,958,1901,0
85973,1,2,2,58,-1,-1,-1,-1,-1,-1,-12310,6744,6704,2477,12960,-2673,1661,1774,3369,1382,1144,2567,0
153700,1,3,2,37,-1,-1,-1,-1,-1,-1,-3882,15925,-4900,-7716,13036,1350,1228,1630,2384,4040,1654,1362,0
418962,2,1,3,31,1,-1,-1,-1,-1,-1,-3024,9461,13362,11664,5575,-9667,342,5099,7624,5841,2081,1816,0
186985,1,1,2,49,-1,-1,-1,-1,-1,-1,-13151,12319,964,4685,10047,-10134,673,1615,3613,5074,592,911,0
26934,2,0,1,30,-1,-1,-1,-1,-1,-2,-26239,11643,32615,10210,-2558,-5584,2388,3443,8509,5709,1662,3109,0
74247,2,1,1,40,-1,-1,2,-1,-1,-1,8368,-9046,-1868,-1992,19047,-6119,711,1480,216,835,533,1426,0
386218,1,2,1,26,-1,-1,-1,-1,-1,-1,-21820,7564,26904,742,-2158,-8670,331,2036,3543,1621,783,167,0
282400,2,1,2,43,-1,-1,-1,-1,-1,-1,1648,4532,9559,12531,6267,-4397,1146,3672,5539,5035,612,518,0
165781,2,1,1,47,-1,-1,-1,-1,-1,-1,15572,9109,-8406,-12298,8617,9250,3725,4839,8196,9968,5357,6026,0
437998,1,2,1,56,-1,-1,-1,-1,-1,-1,-7207,17019,2422,-11521,10058,-1067,1890,2302,3921,5254,2656,3869,0
419323,2,2,1,41,1,-1,-1,-1,-1,-1,559,6511,4891,2799,13917,-12467,1644,6349,6886,9539,5666,4866,0
283391,1,2,2,44,-1,-1,-1,-1,-1,-1,12876,5220,-1620,-16307,197,14617,528,6072,8697,6104,1425,2395,0
184675,1,2,1,62,-1,-1,-1,2,-1,-2,13795,-24,2997,-11804,9908,8271,2494,1731,311,2391,22,3035,0
18878,1,2,1,41,-1,-1,-1,2,-1,-2,4558,11555,2002,4941,8146,9506,1779,3146,3329,287,409,77,0
152591,2,1,2,44,-1,-1,-1,-1,-1,-1,14842,-14214,1990,18805,13025,-18723,2116,6506,8351,11099,2765,3483,0
299269,1,1,1,54,-1,-1,-1,-1,-1,-1,-7494,18938,4839,-26823,7762,13953,2189,843,3377,6330,2853,5372,0
253427,2,1,2,33,-1,-1,-1,-1,-1,-1,8895,-734,2075,-13944,13572,4101,597,997,2166,3196,2069,2476,0
429144,2,1,1,32,8,-1,-1,-1,-1,-1,-28532,13704,32621,1964,8324,-11534,1932,645,2215,1477,351,134,0
277461,2,2,1,47,-2,-1,-1,-1,-1,2,-42060,21571,30839,1798,-1041,-8411,485,585,2232,2087,636,909,0
345664,2,1,2,45,-1,-1,-1,-1,-1,-1,-17790,8186,20107,-5073,8884,-12502,1398,2144,4870,8012,2438,2988,0
168761,2,5,1,27,-1,-1,-1,-1,-1,-1,-4154,2217,26131,-18990,195,4802,957,1594,5423,4482,2441,3453,0
173234,1,1,2,50,-1,-1,-1,-1,-1,-1,-3267,15690,1384,-5208,22748,-3165,644,6266,5977,8039,4320,3730,0
92383,2,1,1,43,2,-1,-1,-1,-1,0,-23549,18400,6932,9356,8066,-283,2964,1308,1594,412,2410,972,0
83080,1,1,2,55,1,-1,-1,-1,-1,-1,6357,-5682,-87,-15078,5374,9203,663,2164,1570,3615,3382,4440,0
84924,2,1,2,32,-1,-1,-1,2,0,-1,5871,5681,-2281,6352,9326,-1481,2590,2830,352,1015,728,497,0
264935,1,1,1,42,-1,-1,-1,-1,-1,-1,-14304,14259,8518,39,1180,-258,2036,38,2358,4408,2435,1990,0
254943,2,1,1,44,-1,-1,-1,-1,-1,-1,-9983,3791,19950,13247,4798,-13434,2336,1915,6604,7091,1223,970,0
228188,2,1,2,30,-1,-1,-1,-1,-1,-1,11456,-2929,20158,17,10161,-4798,736,6397,9372,11832,3177,3949,0
324053,2,1,1,43,-1,-1,-1,-1,-1,-1,-7892,-2140,20805,-3233,6443,-4841,1380,1247,1956,2944,1486,2975,0
82870,1,2,2,48,1,-1,-1,-1,-1,0,-28497,25221,591,-36394,13466,14714,1567,704,1616,2981,3851,6324,0
208524,1,2,1,53,-2,-1,-1,-1,-1,-1,-18988,8992,25224,-1487,-401,-2252,3635,3024,7335,8236,3263,4966,0
322592,2,1,1,44,-1,-1,-1,-1,-1,-1,13919,203,-2038,-4252,17271,-2685,280,1038,1076,3376,1239,299,0
369828,2,1,1,38,1,-1,-1,-1,-1,-1,4185,3110,4064,-10634,9648,4165,2128,2583,5951,7844,3496,4297,0
431713,2,1,1,25,-2,-1,-1,-1,-1,-1,-10554,7913,2881,337,10584,-4491,1964,2001,989,2629,3937,1086,0
54607,2,2,2,44,2,-1,-1,2,-1,-2,-7562,7734,6259,6352,355,5019,3889,2292,798,407,530,2396,0
90534,2,1,2,43,-1,-1,2,-1,2,-1,-16272,5995,5624,23488,10165,-16203,3014,1689,2328,1618,800,355,0
363026,2,5,1,38,-1,-1,-1,-1,-1,-1,-16208,5733,34165,-2946,7214,-6763,4190,2235,6161,12670,4878,6875,0
53173,2,3,1,36,-1,-1,-1,-1,-1,-1,10385,-8932,10180,-16598,-1596,12063,2060,181,3329,3651,793,4469,0
158533,2,1,2,34,-1,-1,-1,-1,-1,-1,-17171,4188,25173,-4660,3299,-6612,211,5111,7546,8893,2595,2729,0
154360,2,2,1,56,-1,-1,-1,-1,-1,-1,-1755,8486,7896,-13513,15671,-878,1199,837,4525,7119,1669,3503,0
414729,2,1,1,32,-1,-1,-1,-1,-1,-1,-3276,9907,23932,-10678,4699,118,2452,2980,9314,10207,3523,5791,0
245694,2,2,2,26,-1,-1,-1,-1,-1,-1,-6566,8339,7090,13101,15155,-15527,1574,3653,5452,6952,1932,762,0
189428,2,1,2,47,-1,-1,-1,-1,-1,-1,3849,9671,15446,-24453,19242,8179,1919,7304,8692,8912,4685,5780,0
438163,1,2,1,38,2,-1,-1,-1,-1,-2,-48713,18694,32644,-2373,-13582,-3429,2083,503,233,996,50,194,0
299202,2,3,1,48,-1,-1,-1,-1,-1,-1,-3978,1321,35832,-7731,-4906,2918,1917,7128,13668,12540,3076,4408,0
331688,2,2,2,38,-1,-1,-1,-1,-1,-1,4667,21273,-2428,-12586,1703,12432,866,3369,7557,5733,652,1764,0
314409,2,1,1,46,-1,-1,-1,-1,-1,-1,15700,-4122,7377,4816,-3031,-354,1937,2593,8610,7915,740,1517,0
191285,2,5,1,43,2,-1,-1,-1,-1,-1,16313,-5814,-2983,-15900,2116,10708,1438,443,1162,1314,1013,1623,0
49640,1,2,2,48,-1,-1,-1,-1,-1,-1,9992,6718,-1113,-18336,7223,6679,1518,668,1941,1168,122,2683,0
306222,2,2,2,47,-1,-1,-1,-1,-1,-1,6347,7498,-1771,4075,11003,-3359,947,4684,7444,7903,1884,2991,0
262890,1,2,2,40,-2,-1,-1,-1,-1,-1,-12669,2870,13324,-9412,-10729,3593,199,1195,1200,410,638,330,0
276923,2,2,1,53,-2,-1,-1,-1,-1,-1,-27401,7199,24429,19339,9349,-22459,2783,2130,2825,5517,1468,1611,0
270768,1,1,1,53,-1,-1,-1,-1,-1,-1,-18807,15011,11225,-11079,5323,-1316,282,886,482,1692,1088,1478,0
184441,1,1,2,39,-1,-1,-1,-1,-1,-1,21692,10538,-7546,-6923,7768,11032,267,7612,10621,9791,3772,3781,0
163208,2,2,1,51,-1,-1,-1,-1,-1,-1,-13232,6236,13157,-9578,11250,-5399,705,3853,2463,6341,3997,4752,0
406450,2,1,2,36,-1,-1,-1,-1,-1,-1,-10452,16136,12806,641,24021,-14502,691,3696,4377,8647,4424,3023,0
260397,1,2,1,31,-1,-1,-1,-1,-1,-1,16269,4266,-9408,-17084,12338,4466,280,2060,2870,3987,1493,1597,0
65471,2,1,1,25,-1,-1,2,2,-1,2,-14075,-7097,22716,2395,6140,-8998,2048,1842,379,2197,1784,1138,0
349472,1,2,1,57,-1,-1,-1,-1,-1,-1,-13560,17930,6169,3727,-8868,3094,1385,1229,1975,3961,1224,974,0
117304,2,1,1,35,-1,-1,-1,-1,-1,-1,5279,-8109,1219,-11524,23679,-4640,2323,784,1214,6336,2797,3865,0
455414,2,1,1,42,1,-2,-1,-1,-1,-1,-10040,-6213,48091,36403,-1328,-23500,3488,1000,9235,11747,2659,2718,0
254229,2,1,1,48,-2,-1,-1,-1,-1,-1,8762,5530,234,-16978,14084,8314,2507,1849,1125,2912,3214,3776,0
63388,1,1,2,47,-1,-1,-1,-1,-1,2,-6187,3961,3537,-1879,14472,-2548,885,3139,856,1805,747,1773,0
94449,1,5,1,72,-1,-1,-1,-1,-1,-1,-37958,10321,31458,26232,-4889,-21574,1127,839,2480,5756,2407,1029,1
632193,2,3,1,54,1,-1,-1,-1,-1,-1,2101,-4218,16430,18771,-9571,-8611,3117,1729,6640,8261,2365,2052,0
194402,1,5,1,48,-1,-1,-1,-1,-1,-1,-5697,2651,15440,6995,-3529,198,601,5854,5086,6300,3774,2313,0
310913,1,1,2,37,-2,-1,-1,-1,-1,-1,-354,2552,-702,-11964,-255,9364,2134,4389,6461,6197,3379,5190,0
105487,2,1,2,51,-1,-1,-1,-1,-1,-1,2243,5523,-812,-5543,12500,1909,1777,4323,7832,8345,2902,3612,0
217985,1,2,1,44,-1,-1,-1,-1,-1,-1,-13612,19371,10147,-3056,25533,-11602,1709,1061,4574,4912,1758,2434,0
189820,2,2,3,37,1,-1,-1,-1,-1,-1,-9965,7451,22756,-6977,-9576,11863,1443,1095,5310,3944,167,3228,0
109966,2,1,2,29,-1,-1,-1,-1,-1,-1,24527,-5214,2385,-11409,3893,14195,1609,960,9792,5337,660,3699,0
470058,2,2,2,37,-1,-1,-1,-1,-1,-1,-454,22956,18441,-22498,19812,10376,5324,5010,9946,12568,4892,7645,0
84211,2,5,1,24,-1,3,-1,-1,0,-1,36831,-12036,-7790,-11677,9035,6504,822,1452,2145,2755,508,312,0
146937,1,1,1,57,-1,-1,-1,-1,-1,-1,-15480,2720,19462,4540,6451,-6935,753,2444,2866,3268,2209,2334,0
448485,2,1,2,45,-1,-1,-1,-1,-1,-1,-16691,23126,13341,7989,16395,-10101,2970,3829,5828,6663,4559,3637,0
242742,1,1,1,43,2,-1,-1,-1,-1,-1,-14962,9151,2650,-14900,-7282,12396,2869,503,3536,1551,412,2670,0
245671,2,1,1,45,-1,-1,-1,-1,0,-1,14811,-5726,3651,6150,1264,-174,1769,1547,373,522,567,959,0
55805,2,4,2,43,-2,-1,-1,-1,-1,-1,6820,-8145,1141,-10347,-3684,7212,1823,1524,4742,7123,2682,5682,0
270543,2,2,1,54,-1,-1,-1,-1,-1,-1,-12417,5569,25204,31125,13785,-24053,1245,5106,7898,9064,2843,1846,0
191188,1,1,1,53,-1,-1,-1,-1,-1,-1,-15487,4758,18260,-3247,9146,-10550,154,4096,1554,4810,1189,901,0
35537,2,1,2,34,-1,-1,-1,-1,-1,-1,-37196,-1489,45615,4611,7559,-20291,500,1,5420,6960,339,1586,0
265388,2,1,2,40,1,-1,-1,-1,-1,-1,-35134,11273,35756,7594,2776,-14701,324,2625,5521,6382,1735,1117,0
146368,2,1,1,42,-1,-1,-1,-1,-1,-1,-9268,14287,14283,-16648,23384,-5258,1295,4596,7524,9361,4587,3846,0
128153,1,1,1,24,-1,-1,2,2,0,2,36419,-3055,-7990,1403,12962,7547,3064,4395,1261,50,1119,419,0
382063,2,2,1,26,-2,-1,-1,-1,-1,-1,-22717,10028,17800,15401,12629,-21653,1734,2710,3279,2636,2648,1961,0
91986,2,5,2,42,-1,-1,-1,-2,-1,2,3606,9567,9380,-5968,9947,6374,3135,4962,3218,3717,1897,1589,0
306381,2,1,1,45,-1,-1,-1,-1,-1,-1,11845,-535,2411,1412,2179,1220,1298,2828,4635,4044,114,1120,0
275810,2,1,1,27,-1,-1,-1,-1,-1,-1,-27051,4240,26264,1541,7293,-13044,1335,1215,3075,6303,1542,2903,0
337225,2,5,1,59,-1,-1,-1,-1,-1,-1,-7087,7379,8138,-4620,6519,-2948,1000,1313,1125,2824,2840,2201,0
349798,1,1,1,51,-1,-1,-1,-1,-1,-1,-3265,8015,14558,-475,8518,-4936,2041,2388,4457,8427,3564,3095,0
401079,2,1,2,29,1,-2,-1,-1,-1,-1,22877,4554,-10087,-3536,10137,780,1205,5908,9021,8629,2173,4149,0
271377,2,1,2,23,-1,-1,-1,-1,-1,-1,21411,4116,-2945,-25735,15424,14808,1978,6075,9104,10243,3856,5978,0
252599,1,1,1,39,-1,-1,-1,-1,-1,-1,19893,2127,-12369,-18851,1968,17291,1332,1797,3956,3764,2469,3119,0
220568,1,1,1,40,-1,-1,-1,-1,-1,-1,17703,3986,2691,-614,23098,-8030,1261,7232,10029,11391,5189,1594,0
126562,1,1,2,41,2,3,2,-1,-1,2,-9750,3359,2566,-521,-2219,4724,1851,1118,306,684,864,1570,0
158118,1,1,2,44,1,-1,-1,-1,-1,-1,404,-9217,8397,7056,6800,-12808,90,6177,7279,7660,1166,471,0
340073,2,1,1,32,-1,-1,-1,-1,-1,2,-10667,1374,24281,-12545,5436,-347,2081,1914,425,1573,1049,431,0
293686,2,2,2,36,1,-1,-1,-1,-1,-1,2337,4878,15169,-13209,14294,4478,4163,3751,6736,9732,2562,7134,0
152621,2,1,1,45,-1,-1,-2,-1,-1,-1,27777,-15161,-5959,-9149,17890,-7219,18,1619,1418,4158,488,665,0
125504,2,1,2,30,-1,-1,-1,-1,-1,-1,-249,6819,12184,1911,14107,-3084,2664,2472,8579,10165,2640,4580,0
183524,2,1,1,39,1,-2,-1,-1,-1,-1,1093,1683,9589,3581,16324,-7030,28,1847,3917,1585,534,132,1
88604,2,1,2,46,-1,-1,-1,-1,-1,-1,-11165,15209,2679,-11610,18234,157,544,2883,5274,5881,2569,3763,0
190235,1,3,1,46,-1,-1,-1,-1,0,-1,3033,1283,13171,499,-2821,-3146,278,6211,7730,5194,711,1351,0
354391,1,1,2,39,-1,-1,2,-1,-1,2,-3302,8748,6044,-35340,1355,18452,1134,2899,437,818,628,1789,0
149542,2,3,1,34,1,-1,-1,-1,-1,-1,-24972,3578,28768,17091,2527,-17418,1466,2064,7045,5028,592,245,0
335690,1,2,2,39,-1,-1,-1,-1,-1,-1,-3720,6776,22212,2553,1617,-6555,1688,8693,11259,12924,3230,3510,0
224606,1,5,1,41,-1,-1,-1,-1,-1,-1,371,12393,8100,16179,16205,-12715,988,7037,9515,10374,4699,2336,0
373485,1,1,1,25,-1,-1,-1,-1,-1,-1,21219,10710,1347,3027,15676,-4639,756,4701,7564,7064,3404,607,0
149997,1,2,1,51,-1,-1,-1,-1,-1,-1,18664,3797,-7218,-21653,13188,11524,419,6776,3957,2487,2188,2379,0
25103,2,3,2,40,-1,-1,-1,-1,-1,-1,40209,3083,-22240,-36019,17178,26546,1159,3639,7860,6877,2380,4521,0
349145,2,1,1,39,-1,-1,-1,-1,-1,-1,-31809,10187,43318,308,10275,-11744,2941,4767,8031,11953,2811,3519,0
285081,1,1,3,32,-1,-1,-1,-1,-1,-2,-25615,37012,4007,-16533,1948,11415,1243,2262,4974,4093,321,1150,0
158278,1,1,1,47,-1,-1,-1,-1,-1,2,1658,-2373,12689,-4531,-4108,3676,671,989,3238,287,327,696,0
107556,2,3,2,40,-1,-1,-1,-1,-1,-1,3682,110,3231,2054,-1137,1676,842,3426,6933,6459,947,1800,0
91179,2,2,2,28,-1,-1,-1,-1,-1,-1,-3132,10162,14629,-26152,7255,8141,1241,1207,4684,6106,1738,4852,0
28903,1,2,1,40,-1,-1,-1,-1,-1,-1,1561,4635,9383,-3472,9424,1588,2331,2739,9703,9094,3000,4612,0
274119,1,1,2,50,-1,-1,-1,-1,-1,-1,-20993,20124,6310,-11882,14007,-509,1650,1726,4153,4954,2777,2363,0
38882,1,2,2,48,-1,-1,-1,-1,-1,-1,22100,2559,-6800,-22881,11437,12124,583,7519,8835,7958,3249,4325,0
194533,2,1,1,50,-1,-1,-1,-1,-1,-1,-8152,818,14103,-16269,21905,-8929,2517,598,1323,5335,2699,3809,0
216419,2,2,1,32,-1,-1,-1,-1,-1,-1,8026,-5535,1679,-10634,2528,4360,2080,1483,4859,4859,2493,5025,0
203694,2,2,2,27,-1,-1,-1,2,-1,-2,-776,24137,-5810,-25454,15970,13574,2681,3475,1437,1938,609,836,0
149940,1,1,1,51,-1,-1,-1,-1,2,-1,-1720,-2567,25971,19623,-700,-6458,1661,1213,6706,5513,785,86,0
73798,1,1,1,32,2,3,2,-1,0,2,-2631,-3067,5041,-2291,-3612,4686,2254,1392,1623,896,801,474,0
54046,1,1,1,41,-1,-1,-1,-1,-1,-1,5706,-8179,8909,2888,5505,1378,2284,396,3962,5006,960,3665,0
103537,1,3,1,47,1,-1,-1,-1,-1,-1,-18174,13366,21020,19988,-8087,-2989,931,1514,10863,6894,2812,1706,0
97301,2,1,2,30,-1,-1,-1,-1,-1,-1,3354,-507,1135,-13678,3052,8142,760,220,665,3535,247,3169,0
279301,1,1,1,53,-1,-1,-1,-1,-1,-1,-4799,-211,3035,-22207,10255,3352,572,1389,3304,3921,3441,3913,0
537336,2,1,1,47,-2,-2,-1,-1,-1,-1,4055,-7633,7985,22395,-12238,-3967,1910,1696,484,2668,2581,259,0
146602,1,1,2,43,-1,-1,-1,-1,-1,-1,-299,11325,172,-22100,11309,8746,1136,1974,2851,5477,3250,6004,0
289545,1,5,1,46,-1,-1,-1,-1,-1,-1,28,-2625,6491,-12646,3428,4013,881,1737,641,2926,3184,2357,0
49621,1,1,1,41,-1,-1,-1,-1,-1,-1,-6677,24493,-8195,20937,26619,-19883,973,5704,7619,8154,4370,491,0
273863,2,1,2,48,1,-1,-1,-1,-1,-1,14714,6354,-8948,-6542,15363,6415,698,5482,5532,6332,3566,3548,0
178672,1,1,1,32,2,-1,2,2,0,2,17755,9831,8194,-3111,-2349,24101,6034,2804,3603,859,1182,1190,0
422193,2,2,1,51,-1,-1,-1,-1,-1,-1,-20444,11133,31976,9939,-3510,-10833,4122,4828,11472,14397,4299,6356,0
274135,2,1,2,40,1,-1,-1,-1,0,-1,19306,-8946,-881,5383,184,2778,1771,4539,7633,3208,602,898,0
126257,2,1,1,51,1,-1,-1,-1,-1,-1,-11684,5402,10088,14928,11961,-13092,730,3325,6803,7163,3636,1179,1
339786,1,1,1,49,1,-1,-1,-1,-1,-1,-20319,318,35982,17955,19197,-31242,2851,1738,5123,8973,3342,3429,0
253317,2,1,1,43,1,-1,-1,-1,-1,-1,-8948,591,26822,1163,-1368,-4875,3406,1541,8035,8094,2669,4146,0
283594,1,2,2,59,-1,-1,-1,-1,-1,-1,-8521,14891,14743,-13652,10697,5249,1187,9368,7772,11385,4882,5936,0
308948,2,5,1,53,-1,-1,-1,-1,-1,-1,22292,2061,-5741,-24704,887,18534,3873,228,3908,7225,2488,6008,0
182284,1,5,1,52,-1,-1,-1,-1,-1,-1,-1088,14109,4793,6795,18936,-13127,1951,3767,6790,9269,4514,3077,0
218524,2,1,1,42,-1,-1,-1,-1,-1,-1,-7207,10735,11484,-235,19324,-15965,2477,1054,4150,9104,1846,3610,0
289196,1,5,1,45,-1,-1,-1,-2,-1,-1,-6829,4689,17180,-6651,5874,-2644,1329,2711,2424,4218,1961,672,0
46628,1,2,1,41,-1,-1,2,2,-1,2,-13042,18854,22144,-9928,9541,9083,6028,2422,1052,816,1064,2095,0
340032,2,2,2,41,1,-1,-1,-1,-1,-1,-12122,14631,-8267,-8347,17395,-4739,2038,1654,663,4969,3238,4208,0
396727,2,1,2,44,-2,-2,-1,-1,-1,-1,24339,-7510,7931,-4447,-7044,10361,1331,4480,8924,8784,1186,2964,0
250183,2,1,2,34,-1,-1,-1,-1,0,-1,33219,-7448,-3766,1416,11622,-1537,1730,5885,8761,12769,1103,3085,0
479767,2,2,1,67,-1,-1,-1,-1,-1,-1,-6133,16709,21634,24320,18653,-23447,5752,8698,14726,15590,7537,7305,0
24371,2,1,1,25,2,-1,-1,-1,-1,-1,9557,-9480,-3179,1067,12856,3681,1373,1722,862,644,1321,591,0
128462,1,1,1,46,-1,-1,-1,-1,-1,-1,-17969,19003,13127,-6863,11732,-2243,1161,3401,4012,4344,2046,1399,0
362959,1,2,1,42,-1,-1,-1,-1,-1,-1,-787,14176,7402,-10818,1820,4364,386,3954,4112,4989,1492,1014,0
162499,2,1,2,28,-1,-1,-1,-1,-1,-1,3179,3730,-4502,4075,15340,-4602,1307,1024,997,2502,40,833,0
303635,1,3,1,48,1,-1,-1,-1,-1,-1,264,-3613,7474,11524,-6753,-2305,2609,1038,5805,4952,475,1550,0
280541,2,1,1,41,1,-1,-1,-1,-1,-1,-25243,11677,14640,32738,12962,-26735,2425,4133,5807,9083,5108,3420,0
151875,2,2,1,58,-1,-1,-1,-1,-1,-1,2636,4300,688,-19186,-4366,12627,118,2855,1321,1818,634,1847,0
448691,2,3,3,37,-2,-1,-1,-1,-1,-1,11326,-4734,11444,5760,-2168,-146,1953,1888,6888,7747,1254,2042,0
173742,2,1,2,40,-1,-1,-1,-2,2,-1,21798,6199,-28771,-672,19770,7048,2653,1136,505,738,422,244,0
190521,1,1,2,40,-1,-1,-1,-1,-1,-1,-8225,27350,874,-14092,9398,8447,2143,2593,7197,7453,3041,3397,0
125704,2,3,1,51,-1,-1,-1,-1,-1,-1,6336,900,10835,-17406,5504,11341,3287,2706,9715,12136,3860,7183,0
233151,2,1,1,39,-2,-1,-1,-1,-1,-1,-19578,8111,23959,1683,10031,-9138,1799,2898,7153,8103,4729,3010,0
98671,1,2,2,42,1,-1,-1,-1,-1,-1,4650,16677,-26306,-22023,450,23754,2189,439,3061,1575,2091,4565,0
128482,2,1,2,21,-1,-1,-1,-1,-1,-1,1362,8645,11391,-4148,28386,-12779,2105,566,5695,8131,1925,3406,0
218855,1,2,2,41,-1,-1,-1,-1,-1,-1,-22012,28234,13008,-13956,-626,8654,759,5067,5703,3977,2861,3227,0
293126,2,2,3,49,-1,-1,-1,-1,-1,-1,4224,3727,18880,16825,8972,-13576,335,10736,10919,12912,3969,3432,0
138228,2,1,1,31,-1,-1,-1,-1,-1,-1,14378,15501,-607,-3864,34472,-9369,2483,7659,10198,10352,5201,4496,0
333596,2,1,2,25,-2,-1,-1,-1,-1,-1,-1800,11986,13924,-17617,17505,3551,315,7829,8049,10096,6265,4086,0
373590,2,1,2,30,-1,-1,-1,-1,-1,-1,-1260,3074,5124,-5298,17030,-6586,1464,2605,2297,4590,848,1764,0
373805,2,1,1,39,1,-1,-1,-1,-1,-1,-28401,5334,31678,44004,15710,-41213,2691,6776,7452,10794,2649,2320,0
269580,1,1,1,50,3,-1,-1,-1,-1,-1,15978,5713,-17071,-26679,9039,18594,3167,3498,4571,5597,4650,5251,0
350347,2,2,1,37,1,-1,-1,-1,-1,-1,3810,4213,10037,-12782,4373,5493,1498,386,5281,5558,1679,4465,0
80802,1,1,1,52,-1,-1,-1,-1,-1,-1,6080,-448,-1587,551,15527,-1654,240,2981,3270,3794,2874,1493,0
345821,1,1,1,41,-1,-1,-1,-1,-1,-1,16849,-1181,-73,-23461,7236,9293,1059,4060,4403,6489,3473,3340,0
209960,1,1,2,48,-1,-1,-1,-1,-1,-1,-9408,12530,7173,-18702,16734,3782,958,5218,2946,5602,4294,3457,0
31616,2,1,2,43,-1,-1,-1,-1,0,-1,28087,-3848,-17375,-3899,2602,14038,1031,1649,4453,2198,1187,904,0
245295,2,1,1,42,-1,-1,-1,-2,2,-1,-9042,16746,3092,7952,5765,348,3281,31,1679,65,1291,95,0
245476,1,2,2,42,-1,-1,-1,-1,-1,-1,-8046,8808,15461,-8642,8221,-654,731,3238,4843,6345,1152,2484,0
148682,1,1,1,45,1,-1,-1,-1,-1,-1,-16144,10411,3953,-9797,5173,-2178,562,456,467,927,1520,2032,0
236185,2,1,2,27,-1,-1,-1,-1,-1,-1,-13640,9354,8772,4650,14271,-5719,1861,861,1607,4410,3096,1113,0
258120,2,2,1,25,-2,-1,-1,-1,-1,-1,-14147,-1814,11008,7081,15372,-15576,880,410,252,1735,1304,1095,0
46778,2,1,1,50,1,3,2,-1,-1,-1,-5293,-6274,6354,7551,4894,-3420,953,2154,779,847,538,532,1
342613,1,2,2,41,1,-1,-1,-1,-1,-1,-30295,4394,25464,7402,-15622,-1128,1701,1579,6328,5122,965,2225,0
316341,2,3,1,37,-2,-1,-1,-1,-1,0,-12470,-6100,32850,-2253,-9931,-2170,506,1937,3625,1062,2285,1706,0
285788,1,1,1,27,-1,-1,-1,-1,-1,-1,24120,-9152,1852,-8444,16412,436,545,6618,7050,10046,5019,4843,0
221209,1,1,3,36,-1,-1,-1,-1,-1,-2,-46361,31998,20847,-14569,7460,6129,1931,2251,1579,2401,1354,2202,0
195631,2,1,1,41,-1,-1,-1,-1,-1,-1,26629,-2848,-12156,-5421,15614,3793,1145,4334,7643,9527,4641,4753,0
202986,1,2,1,34,-1,-1,-1,-1,-1,-1,-24112,21632,19749,2099,18777,-16284,988,7691,9673,12114,5054,4305,0
363958,2,1,1,31,-1,-1,-1,-1,-1,-1,-10909,15629,25103,5420,4391,-3241,2441,656,6849,7267,2860,2474,0
103546,2,5,1,50,1,-1,-1,-1,-1,-1,-22836,4857,27764,16101,609,-14023,2429,2539,6901,7973,2111,3605,0
283688,2,4,1,34,-1,-1,-1,-1,-1,-1,15190,10482,-10293,-10614,15401,3436,1796,2685,5650,6520,4240,4518,0
239267,2,2,1,40,-1,-1,-1,-1,-1,-1,-12382,18866,5203,-14210,17770,647,4170,2050,5008,8035,4720,7269,0
51289,2,2,1,27,-1,3,2,-1,-1,2,7859,-1493,13735,-13685,8208,3561,997,5310,1223,18,1868,1068,1
173246,2,2,2,40,-1,-1,-1,-1,-1,-1,12671,12274,-3719,-21994,493,19790,1096,682,5528,3952,823,3437,0
287114,2,1,1,45,-1,-1,-1,-1,-1,-1,-3695,8700,7788,-8884,8299,-942,238,2754,3482,5176,1447,2637,0
285288,2,2,1,40,-1,-1,-1,-1,-1,-1,-6987,7692,16168,13111,-3579,-5032,2642,741,7257,9178,1295,3673,0
102939,2,2,1,46,1,-1,-1,-1,-1,-1,18582,-3096,1911,-8698,-7893,14842,850,7224,7385,4984,2804,4415,0
76384,2,1,1,29,-1,-1,-1,-1,-1,-1,-20911,-96,25353,21206,12471,-21600,2553,1302,3508,7178,1832,2326,0
83782,2,1,2,34,-1,-1,-1,2,-1,-1,41563,-5560,-29727,-24998,23133,17763,2870,1338,1357,1611,40,1301,0
143149,2,2,1,61,-1,-1,-1,-1,-1,-1,-8312,7434,15863,3211,7118,-7351,1736,4254,8236,11249,3620,4916,0
395787,1,2,1,51,1,-1,-1,-1,-1,-1,-20070,3890,31478,-259,727,-8916,1004,109,2776,1420,475,499,0
297211,2,1,1,29,-1,-1,-1,-1,-1,-1,-755,5890,5855,-10131,18857,-6114,2081,2807,2679,6214,2765,2785,0
230906,2,2,1,48,1,-1,-1,-1,-1,-1,-3004,-8489,25268,-6854,-11896,8030,2026,1366,7730,8297,3938,7032,0
225971,1,3,1,73,-1,-1,-2,-1,-1,-1,-17712,14317,19596,-5671,-978,1784,152,1100,4530,4807,2878,3147,0
41527,1,1,2,50,-1,-1,-1,-2,-1,-2,-17198,10242,6901,9459,11152,-2513,2335,3187,1388,1641,1267,2289,0
259725,1,1,2,36,2,-1,-1,-1,-1,-1,-21689,15194,4176,-9847,13174,-1436,2116,2053,3368,3383,2459,2509,0
320395,2,2,2,28,1,-1,-1,-1,-1,-1,-35602,17993,18205,14226,7699,-21210,1422,1877,3030,2397,1787,1547,0
194396,2,1,1,44,1,-1,-1,-1,-1,-1,-22199,11211,19912,-28279,-5689,15450,1744,1259,3433,5101,2975,5150,0
204784,2,2,2,29,-1,-1,-1,-1,-1,-1,-3620,18686,7987,823,5235,3731,1412,1857,6635,4405,1092,2378,0
239822,2,1,2,26,-1,-1,-1,-1,-1,-1,16381,-9349,-10037,-9052,14470,-1386,350,4193,2343,5185,1284,2675,0
159252,2,1,2,43,-1,-1,-1,-1,-1,-1,-3034,-5488,13721,16388,11083,-15857,35,3220,5168,5516,2344,1551,0
484295,1,1,1,46,1,-1,-1,-1,-1,-1,-11937,27105,-1276,-8077,20687,-4287,2123,3699,5741,8599,6016,4344,0
210926,2,5,1,41,-1,-1,-1,-1,-1,-1,-6239,7615,33854,-30227,15925,2598,6419,6246,11160,14400,7158,11620,0
419320,2,5,1,48,-1,-1,-1,-1,-1,-1,932,6413,10261,-29414,1236,16263,2380,1461,3049,5024,878,2189,0
211822,2,2,1,45,-1,-1,-1,-1,-1,-1,-23935,16924,26466,227,8094,-13018,2642,186,3698,6197,2373,2307,0
167033,1,2,1,52,-1,-1,-1,-1,-1,-1,3504,2748,11442,1327,9313,-6118,219,3313,5485,7340,2039,2499,1
27232,2,1,1,35,-1,3,2,2,0,2,3074,-2486,15426,4555,5442,-4158,1750,5717,1256,2203,1179,586,0
350013,1,2,1,44,-1,-1,-1,-1,-1,-1,-23826,11759,26773,5879,4915,-19395,2726,3147,6659,9179,784,983,0
230129,2,1,2,44,-1,-1,-1,-1,-1,-2,-12209,15391,8303,-23208,13145,6284,1620,333,1374,392,358,2873,0
425558,2,1,2,42,-1,-2,-1,-1,-1,-1,-12282,8364,21368,-14236,9862,2266,1326,89,4128,6624,2485,3008,0
237680,1,1,1,55,-1,-1,-1,-1,-1,-1,-9121,7966,9786,9365,13806,-14091,1697,2871,6701,7672,2896,3023,0
176364,2,3,1,33,1,-2,-1,-1,-1,-1,-2760,-2670,24254,-2400,-5431,2032,300,850,6734,3884,1813,4197,0
225329,1,1,1,46,1,-1,-1,-1,2,-1,11018,3825,-6554,9636,-5179,5453,805,3008,5249,3115,1797,661,0
345291,1,2,1,34,-1,-1,-1,-1,-1,-1,-17865,11335,14001,6959,9587,-12173,1832,530,3497,4795,1300,2300,0
197596,2,2,1,48,-1,-1,-1,-1,-1,-1,-20161,12263,25994,-27974,-7225,14784,2197,116,4184,5811,1573,6553,0
31401,2,1,2,46,-1,2,2,2,0,2,14060,-5488,4539,-2209,3231,13458,4726,7757,4061,250,1287,901,1
223784,2,1,1,50,-1,-1,-1,-1,-1,-1,-7132,5283,26694,2293,-2411,-2215,1353,3464,6287,5382,1371,2600,0
261119,2,2,2,48,1,-1,-1,-1,-1,-1,-1025,11793,14507,-8016,-4278,9665,1900,5272,11353,8597,3236,3680,0
178825,2,1,2,35,-1,-1,-1,-1,-1,-1,-11996,5330,14426,-18047,9355,-1210,1248,2955,3096,5646,800,3734,0
240016,1,1,1,42,-1,-1,-1,-1,-1,-1,-12377,12692,1915,-21171,15339,-333,784,3564,2998,6802,3562,3925,0
342679,2,1,1,60,-1,-1,-1,-1,-1,-1,-12496,12328,18666,-2445,9784,-5659,4515,3746,9859,11986,5181,6185,0
210946,2,2,1,44,-1,-1,-1,-1,-1,-1,8554,-68,9142,-11274,-3007,8768,900,1725,4333,4697,1002,3571,0
12965,1,1,2,35,-1,-1,-1,2,0,-1,19909,4960,-13654,987,6549,10789,3512,2238,3121,476,1293,95,0
265610,2,1,1,43,-1,-1,-1,-1,-1,-1,5136,4381,-1231,-25500,16046,6578,2177,90,2971,5408,4869,5567,0
194550,1,2,1,43,-1,-1,-1,-2,-1,-1,6494,7509,-446,-10518,2454,8292,3106,70,1927,3809,1767,2157,0
142611,2,2,2,48,-1,-1,2,2,0,2,3995,5703,20727,-995,-6773,14267,5012,5496,2643,192,191,772,0
295360,1,1,2,35,-1,-1,-1,-1,-1,-1,1530,8982,-8794,-19671,5587,10145,831,3663,5166,6132,1233,2506,0
235903,1,5,1,41,-1,-1,-1,-1,-1,-1,-11260,25531,-4000,-1139,14578,-155,1693,3871,3453,5752,4695,1617,0
301385,2,1,1,31,-2,-1,-1,-1,-1,-1,2450,4424,-2012,-8458,14877,-3873,2323,1148,430,919,1377,734,0
146060,1,2,1,62,-1,-1,-1,-1,-1,-1,-776,7462,6470,-3784,-2619,8081,147,2001,5237,4101,229,810,0
82996,2,1,2,27,-1,-2,-1,-1,-1,-2,-28653,-1008,39931,-8595,7646,-7874,477,1891,3207,2021,958,2696,0
178476,2,1,2,39,1,-1,-1,-1,-1,-1,2980,6922,-5259,10203,15036,-7409,1314,5105,7284,7260,2396,1283,0
285691,1,1,1,66,-1,-1,-1,-1,-1,-1,-11164,14052,13440,-26034,7133,9421,1287,3740,2810,5883,4396,6930,0
285952,2,1,1,49,-1,-1,-1,-1,-1,-1,-28280,9423,30535,35370,21400,-36492,2975,3966,6733,11225,5556,4054,0
272792,1,1,1,39,-1,-1,-1,-1,-1,2,-15463,13885,11831,-6717,4992,7301,2491,1562,1353,1332,1599,281,0
243163,2,1,2,27,-1,-1,-1,-1,-1,-1,-12692,19091,12590,-4455,16204,-6704,2144,2535,7442,10120,4171,5096,0
405830,2,1,1,51,-1,-1,-1,-1,-1,-1,28633,-7947,-9874,1676,27259,-6150,3103,5162,4248,8383,4212,2721,0
244787,2,1,2,34,-1,-1,-1,-1,-1,-1,4030,8698,1116,-23865,20487,7459,289,1666,3303,3159,1516,1880,0
127767,2,1,2,34,-1,-1,-1,-1,-1,-1,-20203,7969,19392,-9259,13587,-10206,1512,1822,5254,6583,527,2631,0
91237,1,5,2,53,-1,-1,-1,-1,-1,-1,-3658,2787,10947,-5578,1923,3690,1133,2468,6140,4844,1231,2160,0
269022,2,2,1,46,1,-2,-1,-1,-1,-1,2062,-3109,23123,-781,-10814,7129,1231,218,5916,6841,1089,4709,1
377404,2,1,1,53,-2,-1,-1,-1,-1,-1,-4685,-9702,21848,24008,9729,-24689,1652,4304,5338,6612,1524,301,0
465614,1,5,1,51,-1,-1,-1,-1,-1,-1,24922,8708,-14520,-41758,8526,22248,4029,90,3290,5932,3366,6651,0
133451,1,1,2,41,-1,-1,-1,-1,-1,-1,-7303,3874,-461,-11326,-1638,9533,472,1497,4398,3602,1352,2505,0
269953,2,1,1,48,-1,-1,-1,-1,-1,-1,-2492,8172,2870,4973,2596,-3130,1761,5070,7459,7069,1485,76,0
62416,2,1,1,42,-1,-1,-1,2,-1,-2,-4718,12375,13990,1482,4512,9889,5527,2045,3939,1040,423,660,0
249323,2,1,2,48,1,-2,-1,-1,-1,0,-15181,2772,9718,3111,6722,2560,2879,822,1188,454,899,3331,0
192576,2,5,2,49,-1,-1,-1,-1,0,-1,16867,-8760,1943,27649,864,-7313,2795,5286,7197,9020,2518,852,0
244562,2,5,1,24,-1,-1,-1,-1,-1,-1,-10705,2560,37623,-258,12191,-10909,1778,471,4596,7577,2449,3495,0
365309,1,2,1,67,-1,-1,-1,-1,-1,-1,3815,7284,-2570,11980,18159,-4420,2497,4333,4112,6911,3183,2935,0
247815,2,1,2,37,-1,-1,-1,-1,-1,-1,-366,4672,21391,-27659,8702,9459,3421,3382,8643,10431,4030,7789,0
293598,1,2,1,32,-1,-1,-1,-1,-1,-1,8733,16169,5696,-17902,-1761,14979,2044,3985,7430,8060,3170,5047,0
366104,1,1,1,42,1,-1,-1,-1,-1,-1,-20474,15747,8787,-13519,8661,-3952,407,1193,3505,1380,2249,3481,0
155554,2,1,1,49,-1,-1,-1,-1,-1,-1,8866,9680,3303,-13666,18449,958,1670,3883,7431,9914,4655,6703,0
162862,2,1,3,23,-1,-1,-1,-1,-1,-1,11221,-7726,4676,-22805,7860,8788,1533,155,1755,4979,513,4149,0
324542,2,1,2,51,-2,-1,-1,-1,-1,-1,-14877,12581,12870,10368,-4361,537,2268,1646,3510,3535,1299,1890,0
92309,2,1,1,43,-1,-1,-1,-1,-1,-1,-39190,13030,37762,-2368,5272,-11642,1481,1042,5733,7846,1840,3383,0
56807,2,2,2,29,-1,-1,-1,-1,-1,-1,11656,5037,1481,-22928,11018,15040,753,717,4907,4149,1070,4017,0
63305,2,3,1,51,1,-1,-1,-1,0,-1,-392,-12380,9785,9176,8740,-13274,1887,1139,3170,3164,989,135,0
157282,2,1,1,41,-1,-1,-1,-1,-1,-1,-33120,8774,35982,1898,14833,-21969,2406,665,4121,6648,1979,2456,0
80214,2,2,1,54,2,-1,-1,-1,-1,0,-10724,1745,23579,-9620,-5581,11305,1549,2136,697,211,808,2410,0
264130,2,1,2,34,-1,-1,-1,-1,-1,-1,14487,-6474,1849,-10422,17054,3336,3122,2625,6604,11285,3356,5974,0
298140,1,2,1,38,-2,-1,-1,-1,-1,-1,-3736,5985,-488,-1437,1380,-383,672,4239,4951,4626,2581,1587,0
316070,2,2,1,42,-2,-1,-1,-1,-1,-1,-3929,3796,9409,7723,9857,-8439,568,1394,2716,4758,1752,57,0
509095,2,2,2,42,-2,-1,-1,-1,-1,-1,4198,1285,2199,-5979,12784,-2129,3690,1975,4884,8703,2953,5781,0
330143,2,5,1,39,-1,-1,-1,-1,-1,-1,21744,1799,5261,-16678,11126,6217,2124,3007,6310,6964,1584,3450,0
132738,1,1,1,49,-1,-1,-1,-1,-1,-1,-24536,24073,1875,-358,3438,-4888,519,1830,4368,2687,1555,595,0
424009,2,1,1,44,-1,-1,-1,-1,-1,-1,-4248,12149,4316,-13665,14342,2020,841,128,3148,4448,1667,2047,0
36699,1,2,1,28,-1,-1,-1,-1,-1,-2,-13765,14839,13713,-3066,14424,-6941,109,3513,5343,5348,1490,490,0
260980,2,1,2,21,-1,-1,-1,-1,-1,-1,20314,-5617,5860,-14645,12463,5313,2077,5486,7161,5308,3003,2683,0
168339,2,5,1,37,-1,-1,-1,-1,-1,-1,9141,-4092,10917,-10962,3154,841,963,853,3378,4834,858,2423,0
453986,1,1,1,31,-1,-1,-1,-1,-1,-1,-6638,4973,18671,-9375,9859,-5319,460,222,131,2153,1107,605,0
54377,1,2,1,44,-1,-1,-1,-1,-1,-1,-11609,-1520,10524,8366,-1192,-7610,610,64,4596,2917,332,1059,0
158883,2,2,2,43,1,-1,-1,-1,-1,-1,24590,3310,-12074,-20933,5085,11842,297,5595,6631,6771,1476,4668,0
435877,2,1,1,38,-2,-1,-1,-1,-1,-1,-28592,15257,27809,-7726,1878,-4129,2225,2426,5407,6247,3308,5027,0
267588,1,5,1,52,-1,-1,-1,-1,-1,-1,48410,-6524,-8164,-10195,2445,18721,2559,6879,9162,7490,3916,4205,0
62050,1,2,1,55,-1,-1,-1,-1,-1,-1,9424,8675,-8724,-22951,-8724,21928,1210,1062,3964,2327,285,2721,0
171726,2,1,2,33,1,-2,-1,-1,0,-1,7194,-15843,3723,24473,4319,-16100,1669,5728,8670,8929,3355,1854,0
378770,1,1,2,46,-1,-1,-1,-1,-1,-1,46866,6137,-20900,-22376,11989,24885,3045,4432,8287,9437,4169,4970,0
159816,2,2,1,45,-1,-1,-1,-1,-1,-1,-5353,1296,9461,7650,12303,-12504,1341,898,3966,5917,996,1932,0
480049,2,1,1,46,-1,-1,-1,-1,-1,-1,-24204,8431,37820,18504,12254,-22620,2346,2858,9069,9661,2978,1974,0
276341,2,1,1,41,-1,-1,-1,-1,-1,-1,-12668,3025,28463,-138,3945,-5666,2069,2269,4623,8635,3251,3865,0
97784,1,2,1,63,1,-1,-1,-1,-1,-1,-32761,9997,20928,10680,-6090,-7440,404,395,2701,2570,1822,2270,0
53275,2,1,1,39,-1,-1,-1,-1,-1,-1,-19798,9610,14829,6063,11174,-11010,1050,2247,5534,7218,2679,3329,0
305944,2,1,1,56,-1,-1,-1,-1,-1,-1,3981,19499,3427,-8975,10296,4769,3225,6192,9955,12494,6047,7272,0
41636,2,1,1,43,-1,-1,-1,-1,-1,-1,-8898,8984,17711,-245,7092,-1741,374,3296,8431,6116,10,1395,0
83335,2,1,1,33,-1,-1,2,2,0,-1,34838,-8222,-16041,20779,23525,-9224,5184,2765,1664,1936,1387,83,0
34787,1,2,2,46,1,-1,-1,-1,-1,-1,-17692,1710,11600,-9400,-409,823,590,1627,2613,2564,877,3704,0
132556,1,2,2,34,1,-1,2,2,-1,2,-7307,3307,7726,11828,2358,-1943,2153,4002,1739,5,455,52,1
289162,2,1,1,45,-1,-1,-1,-1,-1,-1,-5673,10315,6667,-10206,-4109,10253,1039,251,5107,3053,811,1245,0
38108,2,2,1,51,-1,-1,-1,-1,-1,-1,-45491,22000,28131,14429,10187,-22448,1154,2635,3721,4461,846,2587,0
511203,2,1,1,38,-1,-1,-1,-1,-1,-1,-43105,16711,37031,3214,-1345,-13689,2633,2497,4495,8236,4960,4822,0
78546,1,1,2,39,2,-1,-1,-1,0,2,-5192,9531,932,8669,-1071,9492,3452,951,2960,1156,872,1392,0
68192,2,2,2,33,1,-1,-1,-1,-1,-2,-29723,11113,20840,-4083,14528,-8543,903,1947,257,294,932,2119,0
366190,2,2,1,29,-2,-2,-1,-1,-1,-1,-1252,4252,3020,8689,3546,-7177,1213,926,1667,1960,863,1031,0
364941,2,3,1,43,-1,-1,-1,-1,-1,-1,17161,-284,4059,436,9614,-851,2443,3570,7608,7634,2189,3093,0
245969,2,1,2,30,-1,-1,-1,-1,-1,-1,-6008,15255,4102,-8255,8455,5474,2309,1482,975,326,342,785,0
55283,1,1,1,46,-1,-1,-1,-1,-1,-1,-23496,13789,11944,21458,9259,-17616,3049,3584,7883,9332,3205,1638,0
95017,2,2,3,41,-1,-1,-1,-1,-1,-1,-2551,14878,7917,-19353,-11118,22316,688,2606,9953,7327,749,4444,0
226741,1,2,1,47,1,-1,-1,-1,-1,-1,227,6996,5434,-415,10038,-6600,1609,4638,5543,6732,3401,4345,0
277433,2,5,1,37,-2,-1,-1,-1,-1,-1,8640,1994,9577,-28121,5406,14246,4846,4076,7102,10172,6947,9883,0
70763,2,1,2,27,-1,-1,-1,-1,-1,2,5848,-3039,9365,-22882,4198,8732,343,3103,1385,1658,18,1390,0
103052,2,1,2,40,-1,-1,-1,-1,-1,-1,-10636,5180,12030,-3990,9505,-5915,1731,6855,5563,5695,3117,1889,0
520068,2,1,2,31,-1,-1,-1,-1,-1,-1,22482,186,14743,-10935,22659,-4531,2917,7073,11593,14331,4293,4543,0
226183,1,2,1,52,-1,-1,-1,-1,-1,-1,-238,2818,6918,-7259,4252,-925,1710,1092,748,4905,2574,2923,0
149907,2,5,1,51,-1,-1,-1,-1,-1,-1,-13838,10665,23601,6677,7349,-11145,3555,3055,9493,10925,4538,5463,0
74140,2,1,2,37,-1,-1,-1,-1,-1,-1,12304,10403,-9115,-24484,12330,13348,1470,2221,4437,5844,2260,4827,0
396399,1,2,1,46,-1,-1,-1,-1,-1,-1,-15827,4547,33472,7791,4425,-11785,994,3551,6379,8740,3360,3028,0
457230,2,1,1,39,-2,-1,-1,-1,-1,0,-9999,5271,13695,-5981,3937,2996,2826,149,1241,244,1733,2204,0
261640,2,2,1,50,-1,-1,-1,-1,-1,-1,5337,8865,1689,6331,12884,-9187,529,4548,7303,8267,2380,3163,0
182220,2,1,2,21,2,-1,-1,-1,-1,-1,-22673,20845,8998,7913,20166,-8649,2786,923,7158,6993,2512,2058,0
372175,1,2,3,40,-1,-1,-1,-1,-1,-1,-19866,22533,16224,-26951,1353,16358,1684,3659,8718,6471,2019,5518,0
383642,2,1,1,42,-2,-1,-1,-1,-1,-1,6125,-13598,9379,-940,-2043,213,2302,574,1061,1476,2076,1682,0
109214,2,5,1,51,-1,-1,-1,-1,-1,-1,14360,3939,5625,7704,8666,-6783,1753,8341,12462,13506,5274,2718,0
198788,1,2,2,59,-1,-1,-1,-1,-1,-1,-4777,6194,3428,-12410,-9756,19225,1720,4674,7481,5942,1835,4986,0
453228,1,2,2,56,-1,-1,-1,-1,-1,-1,-36963,30517,21984,10678,-1842,-6163,1762,3836,2839,5495,3438,3167,0
187374,1,1,1,47,-1,-1,-1,-1,-1,-1,-30475,8191,25919,5930,4285,-11372,679,292,2133,2166,1699,1142,0
235984,1,2,1,49,-1,-1,-1,-1,-1,-1,-15486,9405,10373,-9592,-6825,3701,693,1747,1880,3185,1687,3406,0
188044,1,2,2,51,-1,-1,-1,-1,-1,-1,-22552,16045,36472,-1180,-7195,652,415,6823,9616,8339,1193,1494,0
95834,1,1,2,33,-1,-1,-1,-1,-1,-1,-17959,12390,4351,-8913,15562,-4560,1358,437,3085,5198,1879,3371,0
240456,2,1,1,49,-1,-1,-1,-1,-1,-1,-16133,-3130,28145,7543,6462,-11512,1587,56,3962,7059,654,2348,0
162566,2,4,1,51,1,-1,-1,-1,-1,-1,21976,-10313,-9530,-392,7714,1839,2627,3656,6799,7997,3713,4419,0
242568,2,2,2,42,-1,-1,-1,-1,-1,-1,6348,13631,-3102,-20645,8200,9461,152,5003,7668,7225,2399,2225,0
221132,1,1,1,50,-1,-1,-1,-1,-1,-1,-3919,8374,1955,4288,20366,-15046,1017,2041,271,2297,1717,58,0
232059,2,1,3,41,-1,-1,-1,-1,-1,-1,-7395,20267,-6979,-7141,15596,-1659,1127,1466,3261,4832,619,2197,0
169264,1,1,1,24,-1,-1,-1,-1,-1,-1,22153,-8836,-7161,-9831,12374,5333,96,2416,4412,3348,2852,1718,0
354611,1,1,1,44,-1,-1,-1,-1,-1,-1,2845,7758,9021,13778,16932,-15537,1695,6344,9552,8458,4436,1203,0
309149,2,1,1,39,-1,-1,-1,-1,-1,-1,14024,7132,22951,577,22142,-9064,2595,9232,11556,13989,5578,5810,0
74804,1,1,2,33,-1,-1,-1,-1,-1,-1,7851,3794,-7385,-1059,14364,6464,4106,2015,6345,7950,2272,4672,0
173525,2,1,1,44,-1,-1,-1,-1,-1,-1,16327,-3970,-4319,-7499,23409,-5422,2314,1607,2082,4103,1422,3667,0
259601,2,2,1,61,-1,-1,-1,-1,-1,-1,-31152,12757,17355,26729,11577,-24853,2442,1644,2980,5574,1303,414,0
35176,2,1,2,59,-1,-1,-1,-1,-1,-1,-8527,12372,18040,371,20558,-8174,2854,1062,8099,10805,1997,4505,0
359313,2,2,1,33,-1,-2,-1,-1,-1,-1,-4705,10428,14832,4948,-2978,-3840,228,495,3963,4736,240,1178,0
51141,2,2,2,36,-1,-1,-1,-1,-1,-1,268,5319,-5381,-8601,11039,7799,395,1186,1581,2374,2580,3383,0
607565,2,1,1,42,-2,-2,-1,-1,-1,-1,42247,-16790,-5387,-6336,-3572,13946,1956,1378,5177,3380,3306,2318,0
384951,1,1,1,43,-1,-1,-1,-1,-1,-1,7747,7487,-12907,-13298,9305,9469,1996,2684,3243,3517,1822,3006,0
193039,2,1,1,40,-1,-1,0,-1,-1,-1,-11553,-1896,29554,14599,19271,-22933,1261,2357,4046,7338,3839,1444,0
196219,1,1,2,46,-1,-1,-1,-1,-1,-1,-20905,9291,19209,27611,667,-15645,1667,217,4918,5905,1229,8,0
119772,1,3,1,44,-1,-1,-1,-1,-1,-1,-40591,17204,27222,4518,1058,-15296,1441,199,3937,5483,1671,1943,0
442620,1,1,1,40,-1,-1,-1,-1,-1,-1,-15573,5461,35237,20891,4600,-20782,2496,4172,7603,10927,4365,2871,0
264225,2,4,2,28,-1,-1,-1,-1,-1,-1,39167,-5170,-8130,-38021,14143,23959,2115,2186,6495,6751,3530,6577,0
92479,2,0,2,38,-1,-1,-1,-1,-1,-1,-5795,506,25442,9957,-816,-7188,2195,4079,10524,11568,2961,5647,0
309604,1,2,1,55,-1,-1,-1,-1,-1,-1,-2619,8786,28747,-2686,7036,2272,557,2744,2398,2507,931,1343,0
118723,1,1,2,29,-1,-1,-1,-1,-1,-1,13662,6522,-18310,-15914,25229,4392,5,1695,1302,2344,1593,2784,0
177275,1,1,2,46,-1,-1,-1,-1,-1,-1,-3127,13839,-4781,-2275,20730,638,3306,2499,6918,9162,3894,4636,0
402091,2,1,2,27,-1,-1,-1,-1,-1,-1,-7314,11655,11759,-7182,12510,-5705,82,3926,3711,4895,1739,489,0
382794,1,1,1,53,-1,-1,-1,-1,-1,-1,20913,7,3739,-6973,2549,10886,3367,3110,8141,10487,3617,4810,0
207779,2,1,1,46,-1,-1,-1,-1,-1,-1,9331,3704,7992,-37081,6782,22062,3973,701,6783,8644,5776,9124,0
41382,1,2,1,39,-1,-1,-1,-1,0,-1,17717,-6127,-1711,-9041,-747,8854,693,1031,4729,3774,430,2617,0
298585,1,1,2,48,-1,-1,-1,-1,-1,-1,985,8770,20280,12506,5097,-12737,671,8563,11561,13361,2986,2446,0
333675,2,2,1,49,1,-1,-1,-1,-1,-1,-19334,13196,9746,-6276,10128,-8092,2036,978,2805,6821,3021,4067,0
394557,2,1,1,40,1,-1,-1,-1,-1,-1,-9449,-378,15181,25193,1186,-15468,4038,720,5814,7497,3370,3225,0
77568,1,0,1,35,-1,-1,-1,-1,-1,-1,-11394,20984,3290,134,13087,-3205,2331,2342,7953,8817,3225,3990,0
170688,2,1,2,26,2,2,2,2,0,2,29057,-1594,-8715,-8678,10406,11267,5430,3743,2516,93,1079,947,0
166987,2,3,1,36,1,-2,-1,-1,-1,-1,-16687,-6401,18439,37885,825,-29028,966,144,2492,1789,1606,122,0
350664,2,5,1,44,-1,-1,-1,-1,-1,-1,9071,-836,8110,-25899,6920,10223,3930,159,3689,5435,3159,5524,0
453490,2,2,2,34,-1,-1,-1,-1,-1,-1,-8307,16372,18300,-13376,9273,703,3610,5980,10815,11583,4660,6162,0
95900,2,2,1,46,-1,-1,-1,-1,-1,-2,26413,1893,150,-38925,2936,26669,1059,448,3963,3257,1177,3653,0
183697,2,1,1,46,-1,-1,-1,-1,-1,-1,11611,289,-378,-5676,15325,4115,3909,955,4300,7331,3961,6379,0
181150,1,1,1,31,-1,-1,-1,-1,-1,-1,-28921,15953,30027,-11125,4235,-3628,2412,3314,5647,9252,2216,3385,0
263882,1,2,1,60,-1,-1,-1,-1,-1,-1,-15664,16670,1206,8835,6889,-9139,1016,3606,2896,2309,2115,545,0
258883,2,0,1,46,-1,-1,-1,-1,-1,-1,9652,1944,9823,-8292,8750,3119,4145,2044,8817,11444,2573,5962,0
78791,1,1,1,53,-1,-1,-1,-1,-1,-1,8820,-1788,10503,1561,5290,1362,1322,2872,8415,10216,2810,2810,0
235749,2,2,1,48,-1,-1,-1,-1,-1,-1,5254,4185,6759,-12146,1544,7030,1472,2762,8427,8012,1654,3725,0
474908,1,1,1,40,-2,-2,-1,-1,-1,-1,32174,-12244,-13840,-5835,5052,8656,2342,2036,3708,3071,3446,3596,0
102858,1,1,2,39,-1,-1,-1,-1,-1,-1,-8756,14717,-4162,-12870,4635,6106,2400,1178,5177,6256,3357,6148,0
167382,1,1,2,59,-1,-1,-1,-1,-1,-1,8690,9767,-247,-27965,12048,15292,1513,4326,3538,5337,2811,4645,0
469960,2,1,1,38,-1,-1,-1,-1,-1,-1,-12738,6523,25465,-9736,14924,-5089,5223,2205,6158,12628,6105,8256,0
309856,2,1,2,40,-1,-1,-1,-1,-1,-1,-20536,19682,5385,-10688,-368,6633,3211,3176,7580,9339,3462,4867,0
118859,2,3,2,25,-2,-1,-1,-1,-1,-1,-16339,4760,21261,-17522,-6845,4190,1530,332,2978,3599,347,4213,0
341385,2,1,1,38,1,-2,-1,-1,-1,-1,-2303,-1026,21471,-10457,2063,1560,2635,725,4641,7886,2964,4541,0
182329,2,2,1,42,-1,-1,-1,-1,-1,-1,503,16170,4216,2670,16853,-5983,196,3065,6527,7144,2455,2828,1
181731,2,1,2,27,-1,-1,-1,-1,-1,-1,5403,7733,9155,-17781,-6065,18392,1987,2755,6391,5898,118,2060,0
194338,2,1,1,50,-1,-1,-1,-1,-1,-1,1898,-8858,18374,-5093,1002,-3102,1529,1776,2798,6042,3001,4319,0
185231,2,2,1,30,1,0,2,2,-1,2,-11705,1105,17435,23233,-1239,-5901,3742,1101,645,34,16,694,0
102264,1,2,1,32,-1,-1,-1,-1,-1,-1,-14510,9433,12969,705,13278,-12306,902,2107,4932,6051,1108,1658,0
303168,2,1,2,24,-1,-1,-1,-1,-1,-1,17199,497,-8673,-10499,8985,7449,2517,2285,1630,1056,1380,2013,0
218451,2,0,1,27,-1,-1,-1,-1,-1,-1,656,5001,-30,-6073,15902,-6693,3319,1630,5266,8230,3079,5453,0
120983,1,1,1,29,1,-1,2,-1,-1,-1,-25595,-4064,30878,29961,5204,-23886,3394,1776,1739,993,1045,1065,0
343875,2,1,1,67,1,-1,-1,-1,-1,-1,-16171,10055,11508,11248,1099,-7509,1839,3217,3177,5448,3780,2849,0
161955,2,1,1,44,-1,-1,-1,-1,-1,-1,3267,-13386,22559,6618,10162,-11260,2528,1004,1656,4446,1380,593,0
376800,2,1,1,40,-1,-1,-1,-1,-1,-1,5874,234,809,549,5506,-3533,1209,119,2394,3715,834,1169,0
141944,2,1,2,52,-1,-1,-1,0,-1,-1,937,5341,6523,21907,14727,-10355,1881,4008,5878,5842,1172,678,0
155797,1,1,1,52,-1,-1,-1,-1,-1,-1,-33536,15199,29625,19417,12629,-25299,194,5906,6948,8688,3454,441,0
144506,1,1,1,54,-1,-1,-1,-1,-1,-1,195,-3915,10476,-2660,9669,-3783,1914,1286,2918,4634,3407,4130,0
35768,1,5,1,42,-1,-1,-1,-1,-1,-1,1569,3338,7871,-2900,22190,-12424,1527,2020,2567,6387,3259,2986,0
105538,1,3,1,45,-1,-1,-1,-1,-1,2,6465,-8417,11455,12115,4974,-6037,1366,4139,1629,2136,160,186,0
160386,1,2,1,48,-1,-1,2,2,-1,2,-12769,11734,19002,-7275,10208,534,4033,3937,1834,1304,1129,1296,0
286926,1,5,1,52,-1,-1,-1,-1,-1,-1,6164,10590,14995,6796,11396,-7257,181,6397,9233,10849,1924,1209,0
371630,2,1,2,33,-1,-1,-1,-1,-1,-1,-36,16519,105,-26262,22272,7892,4340,3530,8272,11890,6994,10029,0
225025,2,3,2,42,-2,2,-1,-1,0,-1,16324,988,-1264,2622,6917,6331,2036,3455,4064,797,407,1227,0
201369,2,1,1,26,2,-1,-1,-1,-1,-1,14168,-7600,8185,-3416,10850,-484,2057,2325,4510,3489,2263,1275,0
114493,2,1,1,31,-1,-1,-1,-1,-1,-1,-18795,-2860,33728,4280,5328,-10103,3130,843,5107,10081,2880,5912,0
71465,2,2,2,48,-1,-1,-1,-1,-1,-1,3996,8878,5651,-18864,15507,8425,1403,3109,6094,5501,2008,4399,0
173493,2,1,1,50,-1,-1,-1,-1,-1,-1,16791,665,-2743,6938,18214,-7835,2264,2710,7255,11038,2162,2581,0
107250,1,1,1,37,-1,-1,-1,-1,-1,-1,19343,-5672,-8980,-1792,11905,-926,394,4494,6048,7051,3483,1841,0
165754,2,1,1,28,-1,-1,-1,-1,-1,-1,-11084,1456,31138,-16899,5622,-1353,495,2010,4360,4086,1061,2104,0
265555,2,2,1,38,-1,-1,-1,-1,-1,-1,-861,1354,19783,4686,14160,-12486,171,1571,3933,6901,1624,1063,0
161645,2,1,2,47,1,-1,-1,-1,-1,-1,-7668,8882,5581,10632,-4343,362,1668,663,3663,4174,1713,1794,0
106914,2,3,1,38,-1,-1,-1,-1,-1,-1,15527,-5437,5472,2872,9158,-2601,1931,2943,8061,8562,3411,4720,0
210075,1,1,2,31,2,-1,-1,-1,-1,0,-2955,17146,-11636,-15790,11546,10454,1061,4889,1594,426,696,909,0
158204,2,1,1,59,-1,-1,-1,-1,-1,-1,9929,2948,-11164,4283,12955,-5755,575,3135,2061,3301,2568,603,0
205724,2,1,1,21,-1,-1,-1,-1,-1,-1,-11451,8962,30486,-9944,5594,-2518,2331,4627,8891,9558,4530,5215,0
290028,2,1,2,29,2,-1,-1,2,-1,-1,-11044,-762,18596,8089,8222,-4318,3053,1670,381,596,1232,304,0
86071,2,2,2,48,-1,-1,-1,-1,-1,-1,26335,-13972,5426,-31216,-1007,21274,2004,852,6627,8448,130,6156,0
252134,1,2,2,44,-1,-1,-1,-1,-1,-1,3230,17594,3355,-28790,1337,21819,505,6249,7012,5955,1417,2314,0
78229,1,2,1,50,-1,-1,-1,-1,-1,-1,-3579,8366,11532,431,-2098,474,742,3696,6929,6258,1693,1814,0
39980,1,2,1,44,-1,-1,-1,-1,-1,-1,-35633,9922,20741,17864,16483,-29370,1843,2037,3939,6985,2675,2109,0
400183,1,1,2,34,-1,-1,-1,-1,-1,-1,29205,6495,-5837,-6387,16181,7196,395,4841,7566,8102,3416,2324,0
159042,2,2,2,33,1,-1,-1,-1,-1,-1,-16040,12991,-3443,-11031,11051,-3571,227,1103,1085,884,934,77,1
287999,1,2,1,46,1,-1,-1,-1,-1,-1,-4710,7932,-7057,-3179,-3694,4533,1621,539,1732,1024,1061,1877,0
14814,2,1,1,43,-1,-1,-1,-1,-1,-1,-24219,17440,13798,6291,2308,-1575,4165,699,7117,6950,1380,3805,0
338586,1,2,2,26,-1,-1,-1,-1,-1,-1,41647,-4629,-5717,-33996,3354,29532,748,6599,7577,4493,778,4543,0
301416,2,1,2,40,1,-2,-1,-1,-1,-1,-22200,7950,25663,-3187,-7945,-5407,1122,418,4825,3997,1774,2403,0
149896,2,1,2,52,-1,-1,-1,-1,0,-1,14015,-3001,771,907,-3295,8905,2665,2840,7112,8121,1538,2861,0
327377,1,5,1,41,-1,-1,-1,-1,-1,-1,-15711,11558,19265,8802,3644,-11835,24,3710,4733,7323,3599,656,0
291128,1,2,2,29,-1,-1,-1,-1,-1,-1,-1189,6586,20384,-10929,9234,3047,475,7339,9005,6554,2607,3921,0
225740,2,2,2,43,-1,-1,-1,-1,-1,-1,20906,11774,-1875,-23243,19156,11108,1427,10625,10339,11927,5995,6327,0
306367,2,1,1,43,-1,-1,-1,-1,-1,-1,-5019,12935,13816,-14923,10225,2955,3694,5871,10848,11959,4484,6771,0
319022,1,1,1,57,-1,-1,-1,-1,-1,-1,-27246,31694,6100,-18043,22319,-2500,1047,4134,3897,6550,3494,2898,0
242922,2,1,1,52,-1,-2,-1,-1,-1,-1,-2250,-2660,17534,31182,8038,-22569,1227,4877,7442,10991,3826,3470,0
374199,1,1,1,41,-1,-1,-1,-1,-1,-1,278,15792,6960,-15874,13861,5921,4900,2361,6921,9075,5731,7218,0
113984,1,1,1,43,-1,-1,-1,2,-1,-1,-5949,2339,15299,3477,15988,-11560,1724,3790,2131,908,1092,1115,0
197511,2,1,2,46,2,-1,-1,-2,-1,-1,9662,-279,-13583,3419,22381,-2926,3717,613,1022,907,861,2120,0
344034,2,1,2,26,1,-2,-1,-1,-1,-1,42508,-12137,-12675,-6143,12496,13762,2208,3813,9540,8331,4323,6332,0
423719,1,1,1,52,1,-1,-1,-1,-1,-1,-18846,7881,12446,17965,8266,-24056,1222,4432,3470,6739,4087,2198,0
90082,1,1,2,41,-1,-1,-1,-1,-1,-1,2750,6220,-4892,-10582,11184,2033,1116,2526,4599,6370,2654,3247,0
301040,1,1,2,46,-1,-1,-1,-1,-1,-1,7132,7976,12080,6389,9938,-4089,2208,5825,10588,10173,1902,4455,0
272895,2,1,2,22,3,-1,-1,-1,-1,0,2204,10530,-6112,-18771,13189,6372,23,2842,319,89,1789,310,0
313696,2,1,1,25,-1,-1,-1,-1,-1,-1,23841,-454,-2571,-20051,15807,7937,1496,1275,2149,5024,1080,2427,0
34496,2,1,2,40,-1,-1,-1,-1,-1,-1,14038,-7701,4642,-12521,15391,4473,411,2117,3918,3035,414,1990,0
142901,1,1,1,64,-1,-1,2,-1,-1,-1,6157,-8320,16056,14445,7165,-9101,1458,3059,2116,2291,2193,1179,1
192629,2,1,1,44,-1,-1,-1,-1,-1,-1,-9599,408,23657,8754,13247,-14175,3329,3167,8250,11130,3245,4022,0
232782,1,1,1,42,-1,-1,-1,-1,-1,-1,4040,11377,9130,-30917,7177,19069,658,2287,5112,3581,2738,4525,0
41197,2,1,2,46,-1,-1,-1,-1,-1,-1,8893,-764,-261,-19471,17169,2687,540,1804,3419,6263,1496,4387,0
338134,1,3,2,64,-1,-1,-1,-1,-1,-1,-12899,23908,7248,-14851,-398,8397,1390,1864,4046,3134,1811,1564,0
253825,1,1,1,58,-1,3,-1,-1,-1,-1,-758,-2797,-243,18040,6760,-10214,722,2904,1510,4373,1851,1627,0
262068,2,1,2,37,-1,-1,-1,-1,-1,-1,2926,-551,-888,-8042,5814,4858,1510,471,1639,3010,384,1364,0
64157,1,1,1,43,-1,-1,-1,-1,-1,-1,-47002,15637,31718,16662,8361,-17477,304,4982,7496,7735,3949,2326,0
451823,2,1,1,32,-2,-2,-1,-1,-1,-1,1212,-6717,9789,-9511,9164,-1856,2886,165,2766,7142,4563,5258,0
184760,1,1,2,45,-1,-1,-1,-1,-1,-1,-15168,15033,19171,-18353,8964,5721,475,2418,5424,6234,1153,3137,0
277673,2,1,2,35,-1,-1,-1,-1,-1,-1,-8739,12691,15962,4983,6118,-6262,1822,2751,7862,6783,1685,707,0
61851,1,1,2,53,1,-1,-1,-1,-1,-1,20313,-3712,-24509,-16355,18457,6349,2246,4773,4536,5778,3056,5492,0
176655,1,2,2,32,2,-1,-1,-1,-1,-1,10117,3615,-8862,-8878,16733,2575,976,2235,2722,3499,2274,2125,0
183548,2,1,2,36,1,-1,-1,-1,-1,-1,19914,-732,-6036,-4460,16903,2934,3549,3712,8084,9374,3413,5118,0
260650,2,1,2,24,-1,-1,-1,-1,-1,-1,-17967,16782,24106,-9355,7914,-4658,401,6813,9575,9637,3692,3103,0
386717,2,2,2,31,-2,-2,-1,-1,-1,-1,15849,2400,-11649,-9526,18627,971,23,2526,1188,1441,2650,2414,0
413976,2,2,1,37,-2,-1,-1,-1,-1,-1,13919,696,10087,-18987,2860,5633,3281,3854,7442,8059,3321,5902,0
324993,1,2,1,53,-1,-1,-1,-1,-1,-1,-20695,15904,22900,-5766,10753,-10101,1917,3468,7149,10422,3652,4637,0
192570,2,2,1,43,-1,-1,-1,-1,-1,-1,-1759,-1361,7559,18889,11341,-20676,1128,1550,3640,6048,1129,963,0
307468,1,1,2,55,-1,-1,-1,-1,-1,-1,12485,5498,3749,-16363,8949,11757,4320,6146,8062,11470,6631,9128,0
91056,1,1,1,41,-1,-1,-1,-1,-1,-1,-18681,11205,11564,-7482,21236,-4729,2280,653,3397,6155,3673,3807,0
367267,1,1,1,46,1,-1,-1,-1,-1,-1,-12993,621,12264,-5095,13093,-5844,2168,284,658,3963,2299,4284,0
168672,1,1,1,35,-1,-1,-1,-1,-1,-1,2517,2380,9349,119,15667,-9084,2128,4861,6769,8767,4528,3629,0
379762,1,1,1,35,1,-1,-1,-1,-1,-1,3325,-4482,6885,4834,-2208,-3594,758,266,1556,105,578,533,0
220952,2,1,1,49,1,-1,-1,-1,-1,-1,2167,-961,-149,-10669,3751,5235,871,1148,1416,2374,1178,2203,0
285681,2,1,2,37,-1,-1,-1,-1,-1,-1,22381,1648,-2899,6631,11115,-1662,2221,5688,7752,10021,1823,722,0
361945,1,2,1,39,-1,-1,-1,-1,-1,-1,9377,2594,8009,3525,2096,-7822,1343,2792,5415,5002,3107,2286,0
173074,2,2,1,50,1,-1,-1,-1,-1,-1,-15547,5990,12046,3275,14661,-10935,1751,3810,2055,3236,3570,3526,0
561683,2,2,2,40,-2,-1,-1,-1,-1,-1,4302,12889,-14044,-27283,5007,20392,3757,374,564,4455,4245,5055,0
359544,2,1,1,55,1,-1,-1,-1,-1,-1,-10791,-8190,19744,21099,-1075,-18469,1742,4547,5528,6730,1882,1682,0
158911,2,2,1,49,-1,-1,-1,-1,-1,-1,-18351,6348,19202,-8195,-3413,4185,3060,1643,5921,7220,2458,7119,0
72438,2,2,2,36,1,3,-1,-1,-1,-1,3503,5094,-12574,819,5450,858,658,2017,242,567,1732,1172,1
224635,2,1,2,50,-1,-2,-1,-1,-1,-1,-1880,4165,1652,58,7705,-2892,547,898,366,3146,477,1324,0
224551,1,1,1,42,-1,-1,-1,-1,-1,-1,28030,5368,3652,4313,11096,3913,1083,6635,8869,8755,5420,3625,0
377525,2,1,1,52,-1,-1,-1,-1,-1,-1,-11860,6561,20689,2066,2343,-6056,1449,799,2568,4721,2086,2025,0
105747,1,5,1,52,-1,-1,-1,-1,-1,-1,-2059,10602,14488,-6801,-303,6680,1493,5591,11141,10263,3800,2984,0
241322,2,1,1,37,1,-1,-1,-1,-1,-1,6743,-4475,4642,1351,9911,-3888,952,4096,5657,6586,2769,2440,0
122099,2,1,2,28,2,2,-1,-1,-1,2,4461,-3342,8882,-7581,-925,8866,1384,2289,1989,306,36,470,0
176795,1,2,1,35,-1,-1,-1,-1,-1,-1,8968,1131,811,-31634,18892,6991,1034,3454,1977,7276,3116,5996,1
17390,2,1,2,30,-1,-1,-1,-1,-1,-1,14654,3468,-3949,-4418,13930,464,1843,5936,8696,9392,2600,3380,0
100783,2,1,2,38,-1,-1,2,2,-1,-2,1197,5632,8656,-7595,15541,4933,109,4513,1923,2441,22,104,0
161756,2,3,1,27,-1,-1,-1,-1,-1,-1,-16473,14494,12108,-438,17017,-9426,52,3293,2002,3593,1496,679,0
502447,2,1,1,40,-1,-1,-1,-1,-1,-1,3147,-436,17569,6667,12173,-15506,2941,3,2379,7865,2808,2085,0
403389,2,1,1,40,-1,-1,-1,-1,-1,-1,-1236,12691,-5862,-16184,13377,3237,478,5830,2556,5263,4630,1624,0
233021,2,1,2,48,2,-1,-1,-1,-1,-1,-12382,18164,-1365,359,8459,6664,1030,3609,5840,4007,880,469,0
132430,1,1,1,39,-1,-1,-1,-1,-1,-1,15045,-1725,1512,-27021,9211,14020,1211,1522,4611,5152,1448,4748,0
128160,2,1,2,38,-1,-1,-1,-1,-1,-1,9471,1559,9784,-23107,5725,13983,906,3002,6742,5582,2032,4313,0
198133,2,1,2,36,-1,-1,-1,-1,-1,-1,15455,2156,-11990,-20024,13826,13373,2032,1195,3683,4261,1819,4617,0
136173,2,1,1,56,-1,-1,-1,-1,-1,-1,-747,949,2704,13257,13936,-13924,686,1000,3004,4413,1895,392,0
74374,2,1,1,32,-1,-1,-1,-1,-1,-1,-18762,13969,14171,-2107,23597,-12640,1494,2430,1506,2452,3589,2163,0
151880,2,2,1,58,1,-1,-1,-1,-1,-1,-13211,9183,12082,2656,17334,-6662,2983,4015,7943,9529,6494,6692,0
256207,2,1,2,38,1,-1,-1,-1,-1,-1,-3065,5176,9459,-25589,4982,12270,812,2145,4903,3144,1839,4535,0
120063,2,1,1,34,2,-1,2,2,-1,-2,-27897,23510,4890,499,25652,-8881,3302,1810,180,312,878,1252,0
119129,2,2,2,31,-1,-1,-1,-1,-1,-1,12614,6354,2743,-26316,5392,13867,655,865,4983,5770,1851,4406,0
57211,2,5,1,44,-1,-1,-1,-1,-1,-1,-12317,16718,16546,-21881,3785,10040,2359,2679,6869,7404,1952,3612,0
279770,2,5,1,47,-2,-1,-1,-1,-1,-1,723,-2082,23859,-14188,11760,-2429,8502,1419,7213,11032,6599,12253,0
15022,2,1,1,41,-1,3,2,-1,-1,-1,16914,-5138,-3556,1216,11332,687,1850,1760,787,1239,539,1810,0
368199,1,1,2,41,-1,-1,-1,-1,-1,-1,-3912,6157,3367,12200,7232,-9021,2974,1348,3468,6378,2602,2947,0
253269,1,2,2,32,-1,-1,-1,-1,-1,2,15094,14847,-13159,-23263,7691,18496,802,1017,1545,1311,410,1166,0
270142,1,2,2,29,-1,-1,-1,-1,-1,-1,14359,10966,-5290,-27689,10242,20423,3984,285,6597,8377,3094,7390,0
211751,2,1,2,28,-1,-1,-1,-1,-1,-1,13079,12990,-13641,-6984,17517,7572,4290,1925,7728,9703,5446,6520,0
358281,1,1,1,47,-1,-1,-1,-1,-1,-1,-2038,17307,-6530,-395,14563,270,1952,3566,4928,6870,4865,3112,0
311233,1,1,1,45,1,-1,-1,-1,-1,-1,-1105,-2875,8,3779,-574,192,2006,967,477,2086,1212,1508,0
293434,2,1,1,46,-1,-1,-1,-1,-1,-1,-13543,16589,13037,-16960,21479,-1324,270,4758,3882,4267,3913,3729,0
168252,1,1,2,42,2,-1,-1,-1,-1,-1,5371,10739,-18769,-5578,3385,7116,2052,465,1686,2301,1926,2018,0
83562,2,1,2,31,-1,-1,-1,-1,-1,-1,-2748,-1100,10917,-8649,12082,1169,2502,788,6912,8150,760,3538,0
131527,1,1,2,39,-1,-1,-1,-1,-1,-1,8686,8914,12367,1518,11065,-8158,459,9143,12381,12772,2951,2856,0
266821,2,1,1,53,-1,-1,-1,-1,-1,-1,-20310,9119,22174,-4922,10608,-5466,3641,2266,6272,10742,5290,6750,0
270128,2,2,2,33,-1,-1,-1,-1,-1,0,-43532,22586,24799,12509,66,-11482,826,316,3890,4116,2518,1723,0
76226,2,2,2,37,-1,-1,-1,-1,-1,-1,-24484,15163,11835,11063,-2565,-8467,2386,818,5244,6653,2765,2552,0
309273,2,1,1,51,-1,-1,-1,-1,-1,-1,-12578,6364,26774,-15537,-4808,12644,2739,1822,7516,7578,2171,4191,0
183744,2,3,2,30,-1,2,2,-1,-1,-1,-1857,-635,9830,-2824,7808,-4628,1743,1301,1475,1249,535,578,0
199762,2,5,1,56,-1,-1,-1,-1,-1,-1,5649,14091,-14976,-2005,20363,-4694,1076,7177,4889,8543,4836,3124,0
217619,1,1,1,32,-1,-1,-2,-1,-1,-1,26923,-5355,-7336,-17929,8304,9459,459,80,893,978,630,1266,0
180519,2,3,1,44,-1,-1,-1,-1,-1,-1,-22322,-3269,20760,15496,11887,-25850,1616,2402,3912,7224,2356,3888,0
101011,2,1,1,47,-1,-1,-1,-1,-1,2,-14086,4849,13941,-731,-4048,2122,617,192,1130,946,9,826,0
364443,2,1,2,31,-1,-1,-1,-1,-1,-1,6060,-422,14918,8453,3463,-10423,128,4314,7063,8515,2548,885,0
254986,1,1,2,46,-1,-1,-1,-1,-1,-1,-33952,29732,18060,-16765,-1300,4864,1006,6588,8227,7297,4236,4464,0
364821,2,1,2,36,1,-1,-1,-1,-1,-1,-6139,10520,2862,-15086,227,12653,1100,1320,3545,2648,1180,1319,0
348285,1,2,2,54,-1,-1,-1,-1,-1,-1,-8450,5365,12836,-1603,14597,-7784,2651,47,3126,4795,2898,3839,0
349238,1,1,1,45,-1,-1,-1,-1,-1,-1,-16049,15405,15984,-5100,10669,-1035,4659,4190,9749,12110,6070,5709,0
607607,2,2,1,43,-1,-2,-1,-1,-1,-1,-6292,7789,23373,-20998,-4563,6243,1501,2346,2847,6116,4009,5105,0
325541,2,1,2,38,1,-1,-2,-1,-1,-1,3974,-3478,5360,3590,11895,-6134,2843,2160,4663,7012,2772,3261,0
86759,2,0,2,27,-1,-1,-1,-1,-1,-1,-14686,19025,21160,22067,22675,-22248,206,8878,12667,12649,4412,2295,0
381836,1,1,2,33,-1,-1,-1,-1,-1,-1,-16981,26303,19862,-25417,13895,3989,3319,7292,9641,12321,5671,7054,0
84838,2,1,1,40,-1,-1,-1,-1,-1,-1,5662,1335,-164,-16275,2470,10787,525,2579,2565,621,827,1394,0
277561,2,1,1,51,-1,-1,-1,-1,-1,-1,13061,3987,1034,-6373,-625,9404,577,3427,3616,2821,1311,1319,0
444024,2,5,1,41,-1,-1,-1,-1,-1,-1,-8743,7779,12030,2337,-488,-5197,494,207,2409,2830,1544,475,0
122415,1,3,1,38,-1,-1,-1,-1,-1,-1,7270,4770,8487,-9110,-4504,12046,2266,488,5610,3140,732,2543,0
245447,1,1,1,42,-1,-1,-1,-1,-1,-1,11665,-3703,-3321,-22251,9816,5303,263,3171,676,2690,1602,1832,0
261693,1,1,2,28,-1,-1,-1,-1,-1,-1,-17283,20896,7229,-34789,12464,10949,3554,3499,7228,8664,3774,5536,0
59590,2,3,1,51,-1,-1,-1,-1,-1,-1,35514,-573,-11941,-4414,8552,15069,1701,6854,10383,8084,3761,4084,0
511687,2,1,1,32,-1,-1,-1,-1,-1,-1,4328,2489,23038,7294,6067,-1110,4895,2121,8772,10863,5771,5898,0
187725,2,1,2,46,1,-1,-1,-1,-1,-1,-29503,-670,33658,1178,-8297,-9433,979,516,2637,4820,1231,2308,0
338472,2,1,1,48,-1,-1,-1,-1,-1,2,3879,12756,5203,-22014,2280,15878,420,1486,1111,862,178,1700,0
138734,2,1,2,43,-1,-1,2,-1,-1,2,9139,8124,9965,-33794,3944,23500,2927,655,1531,138,1020,2529,0
204078,2,2,2,39,-1,-1,-1,-1,-1,-1,-18568,18350,33691,7303,2703,-3989,929,4503,11223,11132,1651,2478,0
351135,2,1,1,40,2,-1,-1,-1,-1,-1,-8762,13023,-2135,-11974,14573,2719,390,2500,1296,1036,1261,1956,0
253154,2,1,2,48,-1,-1,-1,-1,-1,-1,-384,4782,11714,-10464,-2481,8133,326,3289,6104,5607,1003,1947,0
177598,2,1,3,48,-1,-1,-1,-1,-1,-1,-10048,15753,7540,-32688,4975,14553,668,2508,3542,6205,3060,6215,0
268066,2,1,1,37,-1,-1,-1,-1,-1,-1,2560,-8208,10207,13726,8220,-10025,895,2331,1216,1548,463,183,0
233016,2,1,1,62,1,-2,-1,-1,-1,-1,12636,-17828,25636,8355,-4002,-1292,2048,3224,4221,7046,3266,4239,1
365492,1,1,2,39,-2,-1,-1,-1,-1,-1,-6377,17641,9236,-15548,21559,1749,4267,5672,6593,9270,6648,6647,0
155204,2,1,2,29,-1,-1,-1,-1,-1,-1,41884,-5494,-13133,-16888,19307,7389,2347,7288,7847,11863,4759,6735,0
156207,2,1,1,57,-1,-1,-1,-1,-1,-1,4014,-62,-2208,7658,6101,149,2313,4483,1614,96,2771,2207,0
117080,1,1,2,51,-1,-1,-1,-1,-1,-1,-18623,15166,3801,7291,6557,-6603,1243,1318,1965,2545,1660,971,0
60347,1,1,1,37,-1,-1,-1,-1,-1,-1,-9315,3688,13066,1364,13678,-6127,884,3258,4260,5516,2674,1103,0
38755,1,1,1,54,-1,-1,-1,-1,0,-1,29832,-9816,-16904,-1080,7896,2722,372,2523,4471,6913,1851,2348,1
298478,2,1,1,57,-1,-1,-1,-1,-1,2,28473,-6775,-13558,-23815,3708,17667,1421,1868,3160,2377,1605,2585,0
423025,2,1,1,41,-1,-1,-1,-1,-1,-1,13465,-537,144,1329,7952,-5811,2366,4264,7070,8026,3108,1061,0
23781,1,2,1,46,-1,-1,-1,-1,0,-1,-1274,-1002,-742,729,8356,-8790,991,2762,1339,2591,662,133,0
54394,1,1,2,48,-1,-1,-1,-1,-1,-1,-2922,2356,11647,-23663,2821,11513,1048,1172,3828,4147,467,3696,0
161534,1,1,1,43,-1,-1,-1,-2,-1,-1,-7314,7453,13962,3527,14485,-6913,2304,4272,4151,5117,2515,977,0
183021,2,1,1,42,-1,-1,-1,-1,-1,-2,-31693,8315,20259,2004,9265,-14725,538,989,1457,2349,1066,276,0
331732,1,2,2,33,-1,-1,-1,-1,-1,-1,3201,969,18644,-1024,18962,-11109,1514,8136,11360,11989,4522,5366,0
35347,2,1,2,29,-1,-1,2,2,-1,-2,-6251,11599,15777,16480,27224,-8428,6223,6454,3029,1874,2069,776,0
374469,2,2,2,57,-1,-1,-1,-1,-1,-1,-13148,14187,8869,-190,2966,2608,2082,687,954,1147,1113,2115,0
231541,1,1,2,40,-1,-1,-1,-1,-1,-1,-6585,7959,20071,-7023,-2989,12433,1043,209,2485,3602,406,1942,0
169723,1,2,1,43,2,-1,-1,-1,-1,0,-2592,3226,-1801,-8621,-2455,9608,567,5730,2787,2105,2621,2273,0
340432,1,1,1,49,-1,-1,-1,-1,-1,-1,-34074,15945,27942,21018,6459,-25206,1527,2561,3548,4528,4311,695,0
256399,2,1,2,43,1,-1,-1,-1,-1,-1,15722,2419,-12264,-19397,5006,12604,421,485,2375,3150,485,1868,1
236294,2,1,2,28,-1,-1,-1,-1,-1,-1,31319,-2260,-13938,-30947,-4730,28015,2263,992,6435,5662,111,4502,0
326278,1,5,1,49,-1,-1,-1,-2,-1,-1,8379,10275,-6010,31432,13258,-13195,4144,5926,11771,10567,4359,1019,0
237172,2,1,2,39,-1,-1,-1,-1,-1,-1,9364,-4253,3839,-28702,11219,11054,3744,3321,7155,11597,4304,8830,0
151755,1,1,1,49,-1,-1,-1,-1,-1,-1,-22994,27169,24085,19630,5530,-12998,3469,8289,14042,12603,6761,4485,0
281385,2,1,2,41,-1,-1,-1,-1,-1,-1,6839,1661,10646,7513,11547,-4734,563,6878,6538,3900,1527,98,0
131889,2,1,1,25,-1,-1,-1,-1,-1,-1,-6820,7050,17242,-15752,3612,3967,1526,713,7142,7718,2055,3951,0
259675,2,1,2,25,-1,-1,-1,-1,-1,-1,9375,14166,1874,-33302,19221,14971,578,2100,5694,5070,1930,2973,0
280722,2,2,2,40,-2,-1,-1,-1,-1,-1,-16217,3884,17784,7125,13547,-13870,3987,1112,3387,6586,2314,5555,0
77658,1,2,1,48,-1,-1,-1,2,2,-2,-12380,7907,18800,22123,9917,-5856,2093,1685,1775,3043,1621,563,0
237791,1,1,1,28,-1,-1,-1,-1,-1,-1,8562,2012,14517,-9079,7590,4910,3245,1586,6371,5587,2070,4215,0
338880,2,1,2,43,-1,-1,-1,-1,-1,-1,-8552,13408,12479,-5360,17042,-6982,1304,5279,4025,6186,3313,4440,0
202908,2,1,2,42,-1,-1,-1,-1,-1,-1,-7307,11354,8464,-14702,27326,-844,3999,4577,7047,11789,7815,8171,0
58280,2,5,2,22,-1,-1,-1,-1,-1,-1,24274,-12570,12754,-26901,-1143,19669,1456,1088,6477,5833,71,4063,0
251726,1,1,2,53,-1,-1,-1,-1,-1,-1,-3916,12519,13874,1521,7709,-2151,130,8607,9349,10216,2764,522,0
176344,1,1,2,30,2,-1,-1,-1,-1,-1,-3700,155,2236,-17033,14793,1454,1870,279,775,1238,1331,3336,0
412877,1,2,1,35,-1,-1,-1,-1,-1,-1,-21120,30617,12475,-205,14749,-10950,1666,4504,6645,7864,4598,3712,0
317544,2,1,1,35,-1,-1,-1,-1,-1,-1,3367,-6586,16174,-15410,11800,-2082,677,1759,1850,7463,3575,4593,0
231972,1,1,2,41,-1,-1,-1,-1,-1,-1,-15369,13827,5854,-2066,12737,-6302,1425,5893,7459,7752,3884,1236,0
136661,2,1,1,52,-1,-1,-1,-1,-1,-1,-9679,2479,11559,13633,9035,-11893,2757,2176,6383,11397,4989,3358,0
197352,1,1,2,46,1,-1,-1,-1,-1,-1,-2216,10438,-10003,-19662,1234,11801,411,3988,5600,4570,1859,2035,0
192662,1,1,2,33,-1,-1,-1,-1,-1,-1,-13522,12178,19613,-17411,10135,4528,1917,5047,7205,9994,3281,5481,0
399335,1,2,1,39,1,-1,-1,-1,-1,-1,-2281,4869,4033,-16400,1929,2974,1155,483,3547,4110,2487,4334,0
48480,2,2,2,40,-1,-1,-1,-1,-1,-1,-6174,-990,20680,4533,7967,-7393,737,1915,4963,3387,591,1652,0
60984,2,3,1,29,-1,-1,-1,-1,-1,-1,24590,-15893,4997,4944,8601,-6298,933,2247,6691,6840,1238,1318,0
197601,2,1,1,44,-1,-1,-1,-1,-1,-1,-12795,11511,2360,-7010,-1487,6325,3236,89,2054,5550,2927,5162,0
258550,2,1,2,35,-1,-1,-1,2,-1,0,21914,3440,-3050,-35567,8662,21422,871,1273,3195,2275,70,2261,0
258877,1,2,1,41,-2,-1,-1,-1,-1,-1,-6817,1121,1792,-8511,8032,-4014,1698,1872,2263,3509,3497,4096,0
302271,1,2,1,36,1,-1,-1,-1,-1,-1,-7674,6057,11515,177,374,-929,750,339,6169,4261,1837,1808,0
39478,1,2,2,36,1,-1,-1,-1,-1,-1,-49918,17863,28188,9365,-1547,-12024,2125,555,5596,2315,815,1055,0
48855,2,1,2,33,2,-1,-1,-1,-1,0,5730,3917,-11009,-27023,12959,14312,713,2364,2360,484,2066,3888,0
213001,2,2,2,39,-1,-1,-1,-1,-1,-1,4336,-2916,11715,-456,-3311,3380,22,2269,5318,5084,164,287,0
66666,2,1,1,38,-1,-1,-1,-1,-1,-1,-10119,6784,28153,6202,9116,-7047,1514,7039,11039,11502,4514,4062,0
141615,1,1,2,41,2,-1,-1,-1,-1,0,-5966,4035,-1382,-13382,2497,7682,880,1566,1668,1348,1407,2291,0
371189,2,2,1,45,1,-1,-1,-1,-1,-1,11004,-7287,-5067,13441,12442,-13754,1241,3604,3951,4438,1840,1666,0
255739,2,1,2,40,-1,-1,-1,-1,-1,-1,-2977,9720,514,-284,14564,-9071,1461,1875,3490,7001,1412,1733,0
121145,1,5,1,60,-1,-1,-1,-1,-1,-1,8573,584,9830,-15829,-874,12097,508,93,3612,3350,1941,3058,0
261216,2,2,2,23,1,-2,-1,-1,-1,-1,-8120,8851,503,696,8767,-3145,208,2022,3657,5462,2300,1674,0
381797,1,2,1,41,-1,-1,-1,-1,-1,-1,-3119,8068,12607,-14819,10881,-1970,2380,4565,6367,10453,4780,5127,0
154999,2,1,1,53,-1,-1,-1,-1,-1,-1,-1566,-121,6131,7633,14487,-12022,1704,1267,3020,5847,1265,474,0
148904,1,1,2,35,-1,-1,-1,-1,-1,-1,25771,-7841,-11399,-14955,8076,15739,591,310,3510,3914,624,2024,0
69687,2,1,1,37,2,-1,2,2,-1,2,2849,-2319,3901,8819,11490,647,4440,1921,2742,1896,1042,780,1
269083,1,1,2,50,-1,-1,-1,-1,-1,2,-2022,828,14118,-18266,3178,9740,2397,2868,3379,4190,1253,4193,0
27992,1,3,1,28,-1,-1,-1,-1,-1,2,4559,4644,11637,-16348,1600,9975,803,5105,3153,412,840,865,0
315596,2,1,1,47,-1,-1,-1,-1,-1,-1,19962,-6901,3123,-7124,11358,5094,3075,1065,5665,10282,4674,6316,0
329433,2,1,2,34,-1,-1,-1,-1,-1,0,26458,5553,-13172,-23166,10675,15487,762,982,2398,1862,1574,333,0
168169,1,2,1,53,-2,-1,-1,-1,-1,-1,-12464,9480,-3041,1601,6011,-7346,1107,3251,1556,1018,1338,1876,0
86646,1,3,1,50,-1,-1,-1,-1,-1,-1,-13199,9824,11114,-4295,9530,-3886,389,3281,4500,6163,3173,3295,0
251883,2,2,2,43,-1,-1,-1,-1,-1,-1,-5667,11646,3735,-24041,20541,3002,1340,602,3707,5702,2041,5123,0
49876,2,1,2,45,1,-1,2,2,0,-1,-3664,-942,3205,21361,15761,-13210,4038,1903,1664,979,1186,726,1
161943,2,3,1,46,-1,-1,-1,-1,0,-1,-577,20381,17876,15729,-8644,-277,3781,5714,2526,7115,711,5728,1
233593,2,1,1,36,-1,-1,-1,-1,0,-1,28999,1885,-13272,-2961,6348,19608,7677,8662,9093,10294,8104,11618,0
407293,2,1,2,22,-1,-1,-1,-1,-1,0,-30931,35585,-14788,22921,5928,3928,11597,13425,10108,13464,8717,16649,0
215383,1,1,2,39,0,-1,-1,-1,-1,-1,-20762,14299,15064,35303,16657,-22875,4262,8038,3751,4914,6265,1619,0
160528,2,2,1,33,-2,-1,-1,-1,-1,0,4768,-5219,7963,4557,3546,5624,3156,4373,5093,3572,3690,4537,0
132996,2,2,2,41,0,0,0,0,0,-1,10451,11368,24486,-6720,-2843,6610,2664,3412,3785,1418,170,1897,0
248305,2,3,2,48,0,0,0,0,0,0,39011,-7340,2597,-11086,1251,28432,3535,11119,8150,4645,5338,7074,0
304395,2,1,1,37,-1,-1,-1,0,0,0,7903,1875,2809,17840,10618,-3561,5369,10824,8317,5985,5133,6818,0
229194,2,1,2,34,0,-1,0,-1,-1,0,16633,18504,-14125,-23168,14624,22124,2665,1660,5945,4323,4994,5026,0
164797,2,3,1,26,-1,-1,-1,-1,-1,-1,18525,1422,-6819,-5278,-3596,13266,5982,272,2138,9196,5264,10583,0
239379,2,1,1,47,0,-1,-1,0,0,0,-13202,12113,15346,29916,-596,4833,11417,8173,5633,7497,8788,11576,0
195616,1,2,2,41,-1,-1,-1,0,-1,-1,-6005,18519,-3822,6593,-7868,9203,4690,4507,2572,4365,4052,5702,0
111489,2,1,2,28,0,-1,-1,-1,-1,-1,-12759,7918,22283,9912,3170,-4563,3616,213,3018,2412,4642,1649,0
148532,2,2,1,45,-1,-1,0,-1,-1,0,22138,-8890,7870,-12465,6757,17675,7659,1333,5187,5486,6391,7966,0
155610,2,1,1,38,-1,-1,-1,-1,-1,-2,-1543,8185,9642,9413,-3129,1735,6503,4959,4900,6872,2462,8225,0
273654,1,2,1,46,-1,-1,-1,0,0,-1,-1140,12460,-3420,46010,12614,-24075,7131,10740,4976,6906,4971,2005,0
139719,2,2,1,37,-1,0,0,0,0,-1,21826,-183,14328,5588,15185,-2382,5390,2937,3535,2765,2110,2004,0
310707,2,1,2,37,-1,-1,-1,-1,-1,-1,-37080,28562,18004,30691,6868,-21653,3804,7224,2234,7098,2449,4363,0
122201,1,2,2,39,0,-1,0,5,-1,0,8233,13616,15702,-7498,5347,7702,2199,3227,2894,1817,1389,2316,0
190094,2,1,1,28,-1,-1,-1,-1,0,-1,11153,-8691,29735,18800,6302,-22859,2071,9428,5778,4231,671,475,0
202879,1,2,1,42,-1,-1,-1,0,0,-1,11167,3264,2955,23591,3723,-1455,6247,12329,8340,5222,3551,4043,0
41276,2,3,2,22,0,0,0,0,0,-1,22072,-12103,20420,10092,11681,-8016,3337,6446,5981,1515,3207,347,0
192290,2,2,2,39,-1,0,0,0,0,-1,32452,-12038,24251,5354,15132,-11315,4727,6892,2224,1513,2044,1296,0
287048,2,1,2,38,-1,-1,-1,-1,-1,-1,3558,20923,-6317,15777,1266,6439,8713,6734,7222,12814,7252,11517,0
172750,2,3,1,38,-1,-1,-1,-1,-1,-1,-10885,13913,6901,25356,3358,-8453,5487,9195,4717,7679,4030,6778,0
298449,2,5,1,53,-1,-1,-1,-1,-1,-1,25951,5407,-13198,-9527,-7075,36569,8259,9459,8646,12390,6743,14864,1
360161,1,2,2,45,-1,-1,-1,-1,-1,0,15713,15247,-25903,4432,-930,22959,5633,9180,7828,8496,5163,9064,0
124366,2,1,2,30,-1,-1,-1,-1,-1,-1,18525,6903,-18661,-4728,6604,10457,9446,834,986,9244,8693,10703,0
150953,2,1,2,24,-1,-1,0,0,0,-1,30597,-1224,-2794,-5238,1563,5722,3801,3301,239,6100,3323,4887,0
205026,2,1,1,36,0,-1,0,-1,-1,0,24275,-9048,16487,1967,-4594,16241,4580,2838,6455,4085,5948,5035,0
266551,1,2,2,41,1,-1,-1,-1,-1,-1,16235,23553,-25020,-10475,9691,34053,8100,12794,10039,9629,10345,13370,0
200325,2,1,1,36,0,-1,-1,-1,-1,0,30072,-5412,-2095,-10531,13360,29316,12123,4275,8417,9707,10702,14880,0
146380,2,2,1,40,0,-1,-1,-1,0,0,10702,-5641,27563,15991,2961,4794,5790,14918,12226,4496,6043,2556,0
167973,2,1,1,48,-1,-1,-1,-1,-1,-1,9411,6685,-3462,10075,-5644,4290,8541,5579,4323,7806,4469,7842,0
238040,2,2,1,34,1,-1,-1,-1,-1,-1,-33455,33196,15625,29084,-5001,6709,10837,9049,3543,10256,11338,15278,0
180632,2,3,2,40,-1,-1,-1,-1,0,-1,17108,11010,-7984,9529,6835,7545,3678,6004,6709,5214,3865,3756,0
167872,2,1,2,34,-1,-1,-1,-1,-1,-1,18618,3240,-5697,-13934,2597,9249,3389,1304,1111,5879,3511,6255,0
158140,2,2,1,44,0,-1,-1,-1,-1,-1,-19475,26019,6223,15426,8453,-7437,6285,1479,2121,5560,5715,5746,0
325329,2,1,1,46,-1,-1,-1,-1,-1,0,-18066,20525,10959,8565,-12352,20597,7743,8582,9024,9559,3962,12848,0
500388,2,1,1,32,-1,-1,-1,-2,-1,-1,32181,7896,-22919,21707,25100,4516,14141,21853,12453,19182,13977,17438,0
70776,2,2,2,21,0,0,0,0,0,0,25504,8074,7309,-1712,14452,9201,4859,1631,6576,1045,4008,58,0
248317,1,1,2,41,-1,-1,-1,0,-1,-1,34,18001,-11224,1466,-4570,14346,3929,6343,3557,6159,4510,8895,0
147661,2,1,2,33,-1,-1,-1,-1,0,-1,6635,21408,-13206,-604,-7734,14553,6778,6735,4409,9198,4396,9594,0
71624,2,2,2,27,0,0,0,0,0,-1,33861,-7361,12335,-13819,6457,8957,4287,2464,5660,1204,4150,1949,0
502357,1,1,1,35,-1,-1,-1,-1,-1,0,20248,33293,-41492,8537,12024,42149,18750,18071,18285,18912,16884,24878,0
260112,1,2,2,33,-1,-1,-1,0,0,0,18529,5671,-11881,-1504,5551,15198,4079,10839,8034,3384,4668,3847,0
186465,2,3,2,43,-1,0,-1,0,0,0,7481,984,21111,11268,-2126,5023,5036,15481,9358,4635,3874,5904,0
279243,2,1,1,35,-1,-1,-1,-1,-1,-1,-17392,19829,395,13454,1100,-3201,8081,3381,795,10768,7693,11358,0
202148,1,2,1,43,-1,-1,-1,-1,-1,0,3319,12921,169,1513,-5073,13048,6355,1244,2972,5280,3493,6035,0
218168,2,1,1,40,-1,-1,-1,-1,-1,-1,-42779,29408,21290,34441,7053,-26078,5367,10160,5782,7289,1019,4977,0
463521,2,1,1,44,-1,-1,-1,-1,-1,-1,2572,42184,-9322,29168,11648,23700,13555,16802,12529,20442,15889,23260,1
283618,2,5,1,37,-1,-1,-1,-1,-1,-1,14831,468,-3843,4426,480,12063,13048,5138,7855,12576,8105,13445,0
109033,2,2,2,39,0,0,0,0,-1,-1,31233,7410,-1747,-19616,12589,22079,2768,1797,4655,1453,4436,2828,0
15462,1,1,1,41,-1,-1,0,-1,0,-1,6406,489,16057,23758,10061,-14511,4776,3542,3570,3544,6925,2307,0
133880,2,3,2,26,-2,0,0,0,0,2,31409,-8080,19057,-17113,14255,11574,4336,4582,7120,876,1800,1233,0
107773,2,2,2,46,0,0,-1,-1,-1,-1,6049,20008,1142,-4450,-1418,21581,2342,3597,5942,4750,3270,3970,1
261185,1,2,2,38,-1,-1,-1,0,0,-1,13107,20806,-26049,22022,8648,12537,6196,11619,10074,7680,6607,5824,0
278924,2,1,1,31,-1,-1,0,0,0,-1,5368,682,18290,24832,3100,-7612,5148,6390,3769,5393,4325,3384,0
242597,2,1,2,35,1,-1,-1,0,0,-1,-6403,15434,13666,10255,-1646,13549,5724,13843,9581,8510,6406,11328,0
319132,1,1,1,49,-1,-1,-1,-1,-1,0,1418,12868,7857,18805,3185,10501,6837,12909,9710,8855,6893,8789,0
193352,2,2,1,35,0,-1,-1,0,-1,-1,-23506,17203,26208,28285,8697,-14279,3739,8524,5994,3354,3829,2696,0
147317,2,2,2,33,0,0,0,-1,0,0,43109,3085,-10285,-33850,4972,41805,3693,1790,6089,2445,5396,6816,0
312559,2,2,2,33,0,-1,-1,-1,-1,0,-18858,24918,6560,14828,-5941,10157,1649,9801,8448,4743,1461,4003,0
258318,1,2,2,35,0,-1,0,0,0,0,9281,7501,15011,10834,14055,2274,2927,6459,8882,1151,4110,57,0
245418,2,3,1,45,-1,-1,-1,-1,0,-1,2252,11560,16175,17351,-9934,10263,6502,7904,5199,8803,2734,8142,0
210207,2,1,2,31,-1,-1,0,0,0,0,28259,-6176,8775,10393,14227,426,3088,11339,10898,2544,4608,693,0
148054,2,5,1,43,0,0,0,0,-1,-1,-526,12319,22480,-820,3968,6039,2996,5398,5114,4776,6176,5312,0
261599,1,2,1,46,0,-1,-1,-1,-1,0,-10192,10260,24879,5847,-5945,9130,4566,547,5404,4486,2263,5572,0
229842,2,1,1,32,0,-1,-1,-1,-1,-1,810,10544,2533,-7593,-657,17256,5093,1333,4692,8307,5723,10531,0
109421,2,5,1,36,-1,-1,-1,-1,-1,-1,13074,2318,14619,418,4269,-3822,3045,3143,2295,6269,3554,3698,0
177384,2,5,1,49,-1,-1,-1,-1,-1,-1,18743,2636,9108,4865,-2745,15724,10099,6640,4040,7988,5443,9388,0
100452,2,1,2,29,0,-1,0,-1,0,-1,27855,-786,1427,-3942,14142,5000,2311,4384,6505,778,2552,220,0
217831,2,1,1,24,-1,-1,-1,-1,-1,-1,-12484,13116,11121,22473,8241,-11956,5414,9256,7058,5828,5334,5919,0
71565,2,1,1,44,0,-1,0,-1,-1,0,22965,-2689,7325,-23068,-4960,35058,3498,1804,6641,3371,5209,7202,0
407369,2,1,1,32,-1,-1,-1,0,0,0,1896,12449,-205,28470,5184,1533,10873,16184,9283,9880,8825,13101,0
262631,2,2,2,37,-1,-2,-1,-1,-1,-1,4860,13973,2795,5134,1077,6546,3679,4308,3550,8652,5493,7704,1
190401,2,5,2,36,-2,-1,-1,-1,-1,0,24672,-1659,-5696,-5279,16660,10575,9146,9213,9677,6513,8606,7600,0
146407,1,2,1,56,-1,-1,-1,-1,-1,0,-2878,12531,4475,4308,2651,10543,2626,6673,7683,4545,3986,6161,0
265839,2,1,2,31,0,-1,-1,-1,-1,0,8901,17756,-12474,4900,3712,27250,8942,5408,9666,8593,7983,12398,0
208938,2,2,1,44,0,-1,-1,0,-1,-1,-5276,12548,4389,2254,-3651,23260,7205,1299,4060,5040,5143,8075,0
238549,2,5,2,39,-1,-1,-1,-1,0,-1,26365,1686,-3079,16903,6825,2050,7692,13762,8135,9672,6582,7880,0
241663,2,1,1,36,-1,-1,-1,-1,-1,-1,-9473,14580,-6064,27669,11505,-11572,8331,7472,3877,10959,9288,10622,0
269951,2,1,2,48,-1,-1,-1,-1,-1,0,-16184,25108,3411,10742,-4603,15387,9781,7443,9372,10443,5414,12312,0
184399,2,1,2,48,-1,-1,-1,-1,0,-1,24870,955,-3767,-15651,-3902,26658,5157,9600,5963,7224,2163,8023,0
262232,2,1,1,41,-1,-1,-1,-1,-1,-1,1204,7308,17938,12455,8269,-11387,2408,3940,4072,3874,2755,1355,0
136507,2,1,2,25,-1,-1,0,0,0,2,10351,783,13849,10127,-1981,7789,5205,11747,8627,1471,3335,2856,0
199620,1,1,2,38,-1,-1,-1,-1,-1,0,40716,15635,-28098,-17521,13670,31934,6173,3184,6247,4849,7192,7833,0
77697,1,2,2,46,0,-1,-1,-1,0,0,39495,360,1662,-15924,13075,29708,4572,8220,8318,5239,6404,7245,0
85501,1,2,1,32,3,-1,-1,-1,-1,-1,20471,-3667,14969,-3394,17098,870,3956,4555,8078,3418,4352,2647,0
361971,1,1,1,33,-1,-1,-1,0,0,0,6822,-1617,12901,22479,304,6459,7137,14267,12824,5730,3773,7436,0
244568,1,1,1,34,-1,-1,-1,-1,-1,-1,-14071,26066,-6995,11014,34,7026,7767,4300,4744,11423,6370,13201,1
89532,1,2,1,46,-1,-1,-1,-1,0,0,11793,12339,-10785,4833,4844,11756,6046,8374,9296,2721,4266,5610,0
181684,1,3,1,36,-1,-1,-1,0,0,0,27704,-11175,9170,3814,9717,5692,3332,10577,9926,2865,2704,2425,0
175917,2,2,2,25,0,0,0,0,-1,-1,-7688,7165,26718,15558,2348,-6748,2554,3702,692,2173,3971,1351,0
194766,1,2,2,26,-1,-1,-1,0,0,-1,3673,16650,458,11557,6261,-1583,2985,8317,4077,4485,3939,3444,0
166118,1,1,2,33,-1,-1,-1,-1,-1,0,11573,8248,3340,-15142,9959,15070,3830,318,6467,3534,1082,3958,0
257558,2,2,1,31,-1,-1,-2,-1,-1,-1,20728,9179,681,-257,7437,6475,3568,6470,3071,5829,3126,4004,0
369073,2,1,2,46,-1,-1,-1,-1,-1,0,239,18375,-5564,7585,318,20590,6770,11745,10510,8776,5423,9492,0
135437,2,1,1,32,-1,-1,0,-1,0,-1,17855,5175,-4792,27656,11468,-10950,4780,3666,2121,7111,7673,4395,1
115581,2,1,2,29,-1,-1,-1,-1,0,-1,494,8584,6102,11256,4882,-2224,4751,1229,3979,6946,2509,5900,0
149825,2,1,2,22,-2,-1,-1,-1,-1,-1,-5231,13266,6747,4548,2901,-799,3254,304,1494,4026,2796,2310,0
151846,2,2,2,45,-1,-1,0,-1,-1,-1,18146,1996,6569,-10399,37,11203,4027,350,1633,4792,3007,5038,0
151927,2,5,1,25,0,-1,-1,-1,0,0,24606,7746,-7697,-1899,2160,24959,7034,2777,8273,7461,8711,10016,0
126675,1,3,2,28,-2,-1,-1,0,0,0,22830,-5954,21273,15141,5037,5267,6512,7645,9541,1185,2943,1532,0
84224,1,1,2,37,0,-1,0,-1,0,0,29192,2122,4113,-7247,9919,15632,3731,2349,9564,1400,2623,420,0
185018,1,2,2,35,0,-1,0,-1,0,0,831,5850,14757,-648,14901,4927,4582,5994,8635,1249,5100,3033,0
137910,2,1,1,40,-1,-1,0,0,0,-1,30145,-6585,-1854,8871,9328,-3467,5366,7047,3995,4774,4657,1703,0
224070,1,1,1,38,0,-1,-1,-1,-1,0,11256,13598,-9733,24417,5508,9149,5698,5174,6056,6251,4896,4743,0
191130,2,2,1,28,-1,-1,-1,-1,-1,0,18655,-15199,13545,-12608,8258,14899,3543,9480,10199,2452,4573,4591,0
247848,2,1,2,29,-1,-1,-1,0,0,-1,31172,4718,504,2838,5937,4517,3643,7232,3850,4113,2771,1344,0
182539,1,5,2,42,-1,-1,-1,-1,0,-1,8025,3960,5789,13302,970,307,5685,8364,5413,5875,2995,3306,0
206274,2,2,2,35,0,0,-1,0,-1,0,7419,10843,1609,-646,10553,12830,3274,7847,7052,3402,6838,4223,0
67038,1,2,1,32,-1,-1,0,-1,0,-1,40980,-3934,9092,-13203,14938,5907,4892,485,6935,1369,1769,176,0
294964,1,1,1,43,-1,-1,-1,-1,0,-1,-7250,11223,10036,29324,-2107,-3706,2232,8357,6972,4961,1501,1929,0
147340,2,3,1,47,-1,-1,-1,-1,0,-1,24414,-436,1446,102,-2741,9383,6747,8798,5760,5772,2467,5007,0
211451,2,3,1,28,-1,-1,-1,0,2,0,-14941,23435,-1112,30264,14378,-16905,6590,9804,8282,3342,5353,2940,0
265602,2,1,1,29,-1,-1,-1,-1,-1,-1,5096,13781,-12550,31527,12815,-8428,8702,8848,8470,11593,8894,7849,0
184575,2,1,1,45,-1,-1,-1,-1,0,-1,3676,2464,11422,17389,3922,-5930,5040,4839,3485,5507,3588,1663,0
296419,1,1,1,37,-1,-1,-1,-1,-1,-1,2280,33149,-24180,8591,-404,32997,16625,12100,14415,17876,12642,23384,0
286142,2,1,2,35,0,0,-1,0,0,-1,-7481,7031,21416,31078,8481,-9467,4616,10293,5421,3495,4525,759,0
215258,1,1,1,54,-1,-1,-1,-1,-1,-1,-9538,30001,-2578,25710,-2095,3904,8712,1772,4849,11612,5738,11101,1
161234,1,3,1,33,-1,-1,0,-1,0,-1,10769,7713,-5029,7196,4852,376,4123,1875,1920,4316,3531,4821,1
272510,2,2,2,35,-1,-1,-1,0,0,0,7255,12293,-11584,16261,6694,6851,7410,7661,6984,6015,4425,8503,0
272737,2,1,1,32,0,-1,0,-1,-1,0,-14445,7560,38001,11647,-6329,4945,2653,4266,6240,2830,955,2037,0
336959,1,2,1,38,-1,-1,-1,-1,0,0,-1007,9993,1725,23507,-5463,19758,10027,15157,14834,6132,6354,7892,0
334504,1,1,1,32,-1,-1,-1,-1,-1,-1,-6869,13629,4567,31957,6142,-19463,6007,5250,3857,8592,3601,4583,0
293234,2,1,2,34,0,-1,-1,-1,-1,-2,-16259,18715,8757,2198,-13572,22169,7310,2837,4311,9444,5706,12213,0
185234,1,2,2,48,-1,-1,-1,-1,-1,-1,-17277,14040,17379,2487,-10785,6132,6066,1974,2548,3911,1839,5096,0
305946,1,1,1,31,-1,-1,-1,-1,-1,0,21542,7450,-10811,778,-4542,28582,8012,3513,8908,8910,6022,10121,0
340707,1,2,2,36,-1,-1,-1,-1,-1,-1,-3433,25762,6941,6110,6247,6072,3088,4051,6043,5871,3521,2479,0
244936,2,1,2,37,-1,-1,-1,0,0,-1,14726,1781,2276,33163,12056,-6043,6935,17436,6887,4415,6056,3246,0
248826,2,2,2,23,0,-1,-1,-1,-1,0,22392,12006,2646,-29117,9220,35180,6661,7585,10636,6640,8160,12155,0
247520,2,2,1,42,-1,-1,-1,-1,-1,-1,4459,3551,2887,16118,5632,-9081,3531,7421,3424,6818,2874,3849,0
165993,1,1,2,36,0,-1,-1,-1,-1,-1,20110,8305,-13531,-2675,5334,21699,3363,723,2489,6022,8022,5471,0
235077,2,1,2,37,-1,0,0,0,0,0,36468,-1842,160,-29465,-9013,43400,3270,8641,7448,5068,4708,11379,0
369241,2,2,2,38,-1,-1,-1,-1,-1,-1,-26449,29703,981,16997,50,8392,8680,11290,4754,12042,8906,15639,0
175795,2,2,1,31,0,-1,-1,-1,-1,-1,-17742,26902,-262,25189,10243,-14719,6078,183,2651,8940,7059,4588,1
78684,2,1,2,28,-1,0,-1,-1,0,-1,-13879,2146,30445,10195,-6474,-6393,2955,4591,87,4731,2805,6198,0
163346,1,2,1,56,-1,-1,-1,0,0,0,11125,-8426,18274,42056,16232,-22033,5482,13967,9236,4146,5244,935,0
206199,2,2,2,31,-2,-1,-1,0,-1,0,3067,9973,-5683,5987,13636,8876,7459,7618,7859,6436,6162,7942,0
167220,1,2,1,34,-1,-1,-1,-1,-1,-1,13895,11627,-7141,8562,19795,1275,8200,9134,6912,8195,9380,7638,0
108101,2,5,1,36,-1,-1,0,0,0,-1,33367,-10126,2650,-8686,3845,12916,4565,4041,4943,4477,3127,5235,0
102901,2,1,2,35,-1,0,0,0,0,-1,16753,-1022,-2608,14292,11998,-5996,3519,2328,1742,2637,2964,1297,0
278825,2,2,1,41,-1,-1,-1,-1,-1,-1,-7831,23785,1950,7351,-8417,10692,9527,4719,2385,12167,4706,13847,1
261233,2,1,2,28,-1,-1,-1,-1,-1,-2,10836,20257,-20793,-5821,1713,27035,8001,10110,12406,11718,3621,12805,0
325482,2,1,1,33,-1,-1,-1,0,0,2,-4484,5104,13848,22379,10115,-10449,5038,8499,6008,4630,3406,3957,0
239396,2,2,2,37,-1,-1,-1,-1,0,-1,16989,8747,-9129,9046,4243,8627,5418,7206,6427,7763,6751,5813,0
271710,2,1,2,23,-1,-1,-1,-1,-1,0,19530,9990,-16647,-13551,7006,23588,2980,3910,5527,5596,5423,6471,0
164970,1,3,1,39,-1,-1,-1,-1,-1,-1,16104,3540,-6415,-3802,2025,14441,3039,1263,3834,5226,4297,8656,0
265557,2,1,1,29,-1,-1,-1,-1,-1,-1,10161,12198,-5455,12407,1780,3102,8709,263,909,10158,6826,10803,0
218416,2,3,2,51,-1,-1,-1,-1,0,-2,-9285,8077,15956,15155,-11968,7175,3687,7404,5498,5491,634,6176,0
262266,2,1,1,34,1,-1,-1,-1,-1,-1,-355,26505,-12497,8843,9649,19432,10701,6707,5369,13417,12246,15429,1
221097,2,2,2,40,0,0,0,0,0,-1,9131,20682,9293,-17127,1424,14316,1288,579,291,3171,1910,3371,0
194506,2,3,1,40,-2,0,0,0,0,0,53568,-19611,5450,-2968,5284,21381,2958,11101,10085,3071,4985,3475,0
217666,1,2,1,31,0,-1,-1,-1,-1,-1,21169,2353,-2583,-2672,15384,2433,856,6380,4755,2850,3802,1494,0
160102,2,2,2,37,0,-1,0,0,0,0,54303,-2104,-1776,-25650,13957,28769,5118,4110,9602,1543,2603,2290,0
216542,1,2,1,35,-1,-1,-1,-1,0,0,29017,3946,-10912,2713,14338,4991,2815,12092,9013,2427,3342,1429,0
82803,2,3,2,28,-1,0,-1,-1,0,-1,31198,-8879,22320,-11273,8215,-4691,1709,8557,3620,4152,1117,1000,0
332185,2,2,1,46,-1,-1,-1,-1,-1,-1,-24486,19297,2912,32454,5900,-2254,10882,13116,11654,12913,7741,13695,0
237742,2,1,1,46,-1,-1,-1,-1,0,-1,16851,17669,-16827,15231,3281,6434,6563,8528,5391,11276,6667,12774,1
188708,2,2,1,35,-1,-1,0,0,0,0,-14293,22892,10366,7386,-2369,7644,5049,3486,5936,4310,3721,6099,0
251914,2,3,1,33,-1,-1,-1,-1,-1,-1,-18931,12350,17481,3822,-7005,1922,4538,934,1328,5506,2430,7311,0
189625,1,1,1,30,-1,-1,0,0,0,-1,9432,4683,-6529,497,12607,4535,5856,4256,5375,4807,5352,8861,0
296816,2,1,2,52,-1,-1,-1,-1,0,-1,2902,27560,-5178,19769,-705,13340,9782,14290,7219,11411,7585,10434,0
157694,2,1,1,48,-1,-1,-1,-1,0,-1,20738,7940,-2050,18566,-3530,11429,8656,5559,4457,10386,6548,9644,1
382319,1,1,2,36,-1,-1,-1,-1,-1,0,-15949,25774,2690,-25,-4367,16422,4568,3884,7948,4378,1847,5832,0
164185,2,1,2,51,0,-1,-1,-1,0,0,6773,8191,24236,19560,12765,-1214,5916,11230,9422,3600,5565,602,0
321364,2,1,1,37,-1,-1,-1,-1,-1,-1,3880,17465,-9957,653,3463,20089,9133,6679,5131,12914,8486,17171,0
143600,2,1,1,54,-1,-1,-1,-1,-1,-1,-89,14145,7661,27542,1,-3979,5260,5634,5160,6572,3203,3616,1
281397,1,1,1,37,-1,-1,-1,-1,-1,-1,-6022,21620,-1611,26720,8045,-2322,6661,6071,6464,10068,6744,8249,1
123915,1,1,2,39,-1,-1,0,-1,0,-1,48273,-12848,358,-10832,15823,8258,1248,7316,8400,3234,1781,56,0
212514,1,1,1,35,0,-1,0,0,0,0,11956,3395,18250,8444,7305,6083,4309,3586,5100,1808,2217,1174,0
248836,2,2,1,36,0,-1,-1,-1,-1,0,1153,10045,7364,15187,1467,139,5444,5578,7249,5121,4190,2621,0
189806,2,1,2,40,-1,-1,-1,0,-1,-1,16933,9203,-7166,1150,12487,613,3648,3295,316,4297,2868,3829,0
224605,2,2,1,29,-1,-1,-1,-1,-1,-1,21924,-1369,-6664,7669,12358,5355,9907,7796,6568,9262,6402,10469,0
325941,2,1,1,44,-1,-1,-1,0,0,0,15620,3853,6972,13188,15481,2724,3847,14368,10355,4639,4980,3662,0
227618,1,1,1,47,-2,-1,-1,-1,-1,-1,17815,25761,-25472,-6012,9167,41004,14035,2142,9776,15767,13066,20239,1
296892,2,2,2,33,-1,-1,-1,0,-1,2,-16430,15556,22501,2323,-8045,16692,6309,9419,7685,7514,4452,12171,0
110071,2,2,2,28,0,-1,-1,-1,0,-1,1547,16290,8957,8589,-9459,7009,4125,2384,3202,1895,648,767,0
317253,2,1,1,35,-1,-1,-1,0,0,-1,14010,19008,-14944,25349,1121,18499,11902,14641,8411,13962,13443,15564,0
197702,2,1,2,46,-1,-1,-2,-1,-1,-1,3165,21589,-1947,-365,-6179,13712,3233,5,1340,4296,2509,4343,1
143460,2,3,2,30,-1,-1,-1,-1,0,0,12380,-324,27104,1749,316,2920,6342,9979,10668,5624,3260,5864,0
201107,1,2,1,25,0,-1,-1,-1,-1,0,-11591,25147,2625,7097,8684,11394,7643,5830,9238,5479,6443,6286,0
166150,2,3,1,40,0,-1,0,-1,-1,-1,21867,-5809,18305,-7399,7103,602,1940,165,1824,2532,2464,3212,0
134131,1,5,1,40,-1,-1,-1,-1,-1,-1,1145,8734,7405,15377,2346,-5125,6417,4707,2078,6939,6005,5990,0
102440,2,1,2,27,-1,-2,-1,-1,-1,-1,28872,3709,4011,-34003,547,24426,2985,447,3667,6227,2796,9617,0
268527,1,1,2,52,-1,-1,-1,0,0,-1,10017,14427,-10661,22945,7034,7860,3399,12370,8228,5552,4532,3301,0
136596,2,2,2,41,0,-1,-1,-1,-1,0,-5467,16064,12135,-691,197,9371,3065,2757,5177,2335,1613,1535,0
299671,2,1,1,40,-1,-1,-1,0,0,-1,-5924,10564,5056,34110,2539,-11012,8122,13962,8474,8778,4664,9022,0
234118,2,1,1,23,-1,-1,-2,-1,-1,0,-6477,17959,25837,-5324,-2371,7761,4127,3546,8473,2164,1004,3682,0
210590,1,2,2,32,-1,-1,-1,0,-1,0,-4412,8161,3298,-673,-12224,11915,3926,4323,4505,2483,1142,5361,0
308683,1,1,1,38,-1,-1,-1,-1,-1,0,-2470,25958,-27734,-12493,-6445,31183,7765,2216,7648,8379,5007,14236,0
141952,2,1,1,36,0,-1,-1,-1,0,-1,12191,455,3828,20703,8729,2401,6739,8203,6326,5426,7298,7235,0
133125,2,1,1,34,-1,-1,0,-1,0,-1,10341,154,19712,3360,12954,-7865,3111,2014,4325,2255,1663,2419,0
95151,2,5,1,54,0,-1,-1,-1,0,-1,-1741,-3566,27600,20717,-5565,-2173,3862,2129,1276,5326,3342,3946,0
244965,1,3,2,27,-1,-1,-1,-1,-1,0,35698,15634,-18311,-18553,168,36424,4297,5946,7216,7833,7041,9845,1
203872,1,2,2,42,0,0,0,0,0,0,20097,10397,265,6306,-804,11385,4404,5219,6493,1921,2675,680,0
216661,1,2,1,46,-1,-1,-1,-1,-1,-1,-18551,32139,-4689,40240,-103,-820,12062,10455,4299,12678,11490,15031,1
81131,1,1,2,36,0,-1,-1,-1,-1,-1,29013,4002,497,-7556,12799,15222,1473,5263,7325,2404,2347,343,0
204577,2,2,1,40,-1,-1,-1,-1,-1,-1,-20463,19902,23260,2030,-6742,2679,1787,3824,1591,4458,2157,4261,0
83146,1,1,2,37,-1,-1,-1,-1,-1,-1,3198,16442,-7844,-621,-4031,14737,5658,513,3091,8715,6814,10212,1
161171,1,2,2,36,-1,-1,-1,-1,-1,-1,24082,20717,-30642,-15899,4853,29126,3623,2508,6087,6917,4750,7528,1
273138,2,1,1,44,-1,-1,-1,-1,0,-1,-12154,24046,7087,27049,5209,-7684,4100,7492,3877,9870,3707,6440,1
185770,2,1,1,27,-1,-1,-1,-1,-1,-1,43158,-11902,-15339,184,21035,2671,5478,9307,7307,7699,5175,6633,0
202208,2,3,1,40,1,-1,-1,-1,-1,-1,-11505,14526,11732,26585,-346,-4677,6414,4118,4034,5087,2223,4334,0
187182,2,1,2,29,0,-1,0,-1,0,0,45607,-7355,-3422,-6634,14361,14833,4371,6717,10188,3225,3342,2371,0
126536,2,2,2,48,-1,-1,-1,-1,-1,0,38253,-7753,-3654,-16136,-2667,23210,2571,2407,4018,3941,1551,4107,0
171034,1,3,1,38,-1,-1,-1,-1,0,-1,14919,-4278,8252,14084,3447,-7147,2349,3674,2512,4726,2903,1384,0
247032,2,1,2,31,-1,-1,-1,-1,-1,-1,18609,6369,-4220,2671,10883,11304,4211,6885,4967,6816,7507,5141,0
298106,2,1,1,41,-1,-1,-1,-1,-1,-1,-11955,20921,9672,23661,-5235,1145,5729,3323,1663,7318,4938,4676,0
384297,1,2,1,30,-1,-1,-1,-1,-1,-1,14186,13416,-20710,12878,3015,16319,7852,11971,10136,11645,8649,11898,0
104386,2,3,1,39,-1,-1,-1,-1,0,-1,-7446,12444,17224,32499,-1429,-12156,4818,5325,5124,3831,1720,2340,0
146044,1,2,1,44,-1,-1,-1,0,0,-1,23720,3608,-6265,8277,11498,1345,4995,11386,8097,4426,3639,3362,0
195881,2,1,2,25,-1,-1,-1,-1,0,-1,-13972,11645,18264,29338,10121,-22400,4164,7197,5748,5420,3912,1316,0
193823,1,5,1,38,-1,-1,-1,-1,-1,-1,19170,24254,-4208,-18126,-3323,33272,5638,2163,5906,8831,8228,14635,1
179707,1,3,1,46,0,-1,-1,-1,-1,0,-92,2088,16193,17649,6632,-524,3400,4968,7504,3243,2165,1860,0
186073,2,3,1,43,-2,0,-1,0,0,0,-14395,-1858,42274,28710,-509,-14238,3026,12608,7484,1191,2961,1606,0
199292,2,1,2,39,-1,-1,-1,-1,-1,-1,24149,6338,-679,-6370,6491,12849,4992,2678,5939,7905,1498,4071,1
201620,1,1,2,45,0,-1,0,-1,0,0,59130,-12369,-1308,-22717,13119,48719,5850,5090,13473,1191,4488,3452,0
142824,2,3,2,34,-1,0,0,0,0,2,17346,-347,14855,-4336,-1072,9679,2940,5957,5660,2626,1860,4101,0
200641,1,1,2,42,-1,-1,-1,-1,0,0,-5330,6895,-2064,11332,-9286,14064,4783,10080,7383,5783,5684,7591,0
179829,1,2,1,42,0,-1,0,-1,-1,0,13776,6498,11499,-29144,-262,34402,2486,1319,9309,1736,1528,7431,0
223590,2,1,1,29,-1,-1,-1,-1,-1,-1,-5706,14216,2601,9909,1061,776,7299,2951,4116,10602,7017,9632,0
265633,1,1,1,59,-1,-1,-1,-1,0,0,18729,6783,6662,11996,5839,12969,3579,11563,10646,4299,3677,4601,0
122648,2,3,1,52,-1,-1,-1,-1,-1,-2,-21102,19789,24355,19772,-11985,-3761,5386,2487,3890,6762,696,4864,1
81470,2,2,2,36,0,0,0,0,-1,-1,-11027,12505,11436,16778,13240,-3947,5377,5027,4676,3768,5643,6545,0
371329,2,2,1,42,-1,-1,-1,-1,-1,-2,-11223,22279,8819,5176,-6039,4440,4341,7559,6164,8971,210,9844,0
388510,1,1,2,32,0,-1,-1,-1,-1,0,-2286,19890,-3353,-8301,5445,15337,1129,3605,7402,3259,1279,2944,0
61472,2,2,2,34,0,0,0,0,0,-1,49434,1311,8303,-22365,24200,12956,2183,4119,4913,1116,4674,331,0
46363,1,3,2,47,-1,-1,-1,-1,0,-1,12968,-240,14034,2141,-5358,8425,2669,7496,5966,3405,200,2416,0
209362,2,2,1,30,-1,-1,-1,-1,-1,0,-29568,11901,25840,25787,10128,-18524,3778,3355,4854,2989,2349,2899,0
417109,2,5,1,33,-1,-1,-1,-1,0,-1,16350,16875,-8145,23172,15680,-1571,11555,17928,8701,14962,11439,15979,0
246993,1,2,2,26,-1,-1,-1,-1,-1,-1,-13414,18907,-412,11745,-6435,8059,6296,6766,4506,9332,6056,10504,0
224088,2,2,2,40,-1,-1,-1,-1,0,-1,9345,3424,14532,-5420,-13558,18293,4306,2470,1965,7009,2580,6145,0
157441,1,5,1,22,3,-1,0,0,0,-1,45629,-12919,11848,-12811,13030,6581,3213,5238,7280,1321,3197,517,0
479071,2,1,1,21,-1,-1,-1,-1,-1,-1,-31480,46602,-12820,22263,11517,2625,11507,14964,10607,16203,11836,19828,0
162720,2,1,2,38,-1,-1,-1,-1,-1,-1,-12875,17064,-3175,4300,-12309,2807,4660,782,36,8168,3520,8530,1
183560,2,1,2,26,-1,-1,-1,-1,-1,0,-6104,9615,4213,6119,3725,10299,9203,6525,10239,7625,7525,10163,0
163026,2,1,1,49,-1,-1,-1,-1,0,-1,-664,8783,15216,15940,-429,-4685,3999,5918,1744,6136,1458,6301,0
115552,1,1,1,33,-1,-1,0,0,0,-1,16398,-9836,9087,36399,5790,-13991,5746,7318,8110,4503,3893,1364,0
142858,2,1,1,27,-2,-1,-1,0,-1,-1,-1401,472,9094,19402,9509,-10253,6048,926,2429,5695,4579,5200,0
379025,2,1,1,37,-1,-1,-1,-2,0,0,-6648,22100,-3337,24760,6064,376,8448,12101,9046,10773,3465,10186,0
296936,2,1,1,35,-1,-1,-1,-1,-1,-1,-5897,35138,-9957,10825,11198,5074,12468,9186,9313,15449,10216,18140,1
339832,2,3,1,21,-1,-1,-1,-1,-1,0,12590,11123,8652,-11326,5072,10897,3481,3751,6900,6134,2030,8085,0
254606,1,5,1,48,-1,-1,0,0,0,-1,21356,-4433,16100,25672,2907,-3052,3530,8562,5594,5365,3883,2660,0
136781,2,2,2,22,-1,0,-1,-1,0,2,2104,8369,23805,-4781,7647,-1360,2802,5539,6385,2655,181,2512,0
385829,1,1,1,33,-1,-1,-1,-1,-1,2,-36456,37307,16216,30623,-4094,-9963,5669,8878,6738,9003,2264,5926,1
193396,1,2,2,45,0,-1,-1,0,-1,-1,-9426,15719,12314,8573,-3595,12067,3999,647,3913,2972,2738,2451,0
44290,1,3,1,49,-1,-1,-1,-1,0,-1,-4568,11991,22897,10235,-6603,2923,3309,6705,2643,4547,3053,4750,1
227689,2,5,1,40,-1,-1,-1,-1,0,-1,-14290,6798,16830,53399,8567,-22127,10732,14171,9009,11903,9596,10735,0
260547,2,1,2,31,-1,-1,-1,-1,-1,-1,21102,13028,-18745,975,12229,21257,8578,10591,5929,12734,10507,15299,0
363506,2,1,1,34,-1,-1,-1,-1,-1,-2,-30989,28853,17777,29773,-6927,4133,7085,10756,9192,11531,6364,13954,1
268266,2,1,2,34,-1,-1,-1,-1,-1,2,3352,16339,-5371,1311,-2238,8042,4225,9885,7898,5895,557,4753,0
387757,1,2,2,43,-1,-1,-1,-1,-1,-1,-22711,39395,-5303,11418,-12056,28777,14475,7081,4090,19066,11856,23669,1
87288,1,2,2,22,-1,-1,-1,0,0,0,23087,1476,8837,9857,15583,-1181,6899,10796,10578,1432,4611,3150,0
25751,2,2,2,41,0,-1,-1,-1,-1,-1,18928,9086,1701,853,2804,11652,4159,3576,4536,1881,4180,909,0
320452,1,5,2,41,2,-1,-1,-2,-1,-1,5554,20382,-20132,13704,6762,24671,12618,11609,9936,12534,12924,14366,0
183810,1,1,2,38,-1,-1,-1,-1,-1,-1,4908,7492,4109,8676,3500,-1049,3043,3884,108,6708,4429,4783,0
180726,2,3,2,28,-1,-1,-1,-1,0,-1,30112,16252,-11945,-171,9168,11243,6950,8991,4733,8336,9727,8131,0
435886,2,1,1,36,-1,-1,-1,-1,-1,0,4460,12471,-6770,25002,16814,4915,9649,14995,12127,14129,13115,13526,0
152576,2,1,2,41,-1,-1,-1,-1,0,-1,-7044,7731,12271,1780,7122,355,2808,5722,2268,2795,1863,4356,0
253572,2,1,2,40,0,-1,-1,0,0,0,16058,2212,5135,1183,-1919,18943,5651,5920,6180,3275,2355,4021,0
196751,2,1,2,47,-1,-1,0,0,0,-1,-6483,8921,28443,14623,-15604,-3129,2766,3475,287,3410,426,864,0
301937,1,1,1,32,1,-1,-1,-1,-1,-1,-22929,21992,3600,10369,2043,7429,6558,7873,7430,10185,6820,13665,0
272609,2,1,2,37,-1,-1,-1,-1,0,0,4952,14191,-8869,22852,11202,-7579,5279,11055,8500,8280,4719,5181,0
100456,2,5,2,46,-1,-1,0,-1,0,-1,15564,-3280,15923,9320,5678,-3415,6806,4268,3815,8110,4845,4493,0
186216,2,2,2,50,-1,-1,0,0,0,-1,25869,2408,1320,-2369,4297,13020,4943,10823,6738,3078,1695,2641,0
258733,2,1,2,37,-1,-1,-1,-1,0,-1,17269,8100,-7969,30304,12525,1830,8229,17228,10366,8522,9979,6377,0
287968,2,2,1,32,-2,-1,-1,-1,-1,-1,-27657,4193,25227,34088,-1962,-11423,8030,3376,3384,5573,6067,6217,0
162805,1,1,2,49,-1,-1,0,-1,-1,-1,8253,11166,6533,632,12262,1440,626,4222,4148,2961,846,1946,0
163994,2,3,1,39,-1,-1,-1,-1,-1,-1,-1922,16492,12749,2588,-5798,-3621,4247,1685,864,5903,482,6122,0
160504,2,1,2,22,-1,-1,-1,-1,-1,0,21315,4474,1720,-7271,4532,4271,2762,3041,6699,2112,1440,742,0
251874,2,2,1,34,-2,-1,-1,0,0,-1,3391,11038,-6207,22145,6357,-3364,8159,10690,8328,8012,8571,10573,0
136497,1,1,2,43,-1,-1,-1,-1,-1,-1,5373,7915,17787,7239,-5005,5766,2178,3478,2827,5015,1022,3375,1
301519,2,1,2,31,0,-1,-1,-1,0,0,83,21820,-13436,29990,14132,-1442,6666,12696,12986,6531,8607,4782,0
144434,1,2,1,35,0,-1,-1,-1,-1,0,24592,4592,-969,-10219,5866,18123,3066,1630,6532,1878,2961,1406,0
222823,2,3,2,31,-1,-1,-1,0,0,0,29863,-4107,-11703,1539,19448,11938,6576,10103,11509,2140,3061,3428,0
44723,2,2,2,34,0,0,-1,0,0,-1,1208,880,28782,-3462,-3040,8107,3699,6068,3745,238,2944,1385,0
132965,2,5,1,42,-2,-1,-1,-1,-1,-2,-15127,13582,19953,13293,5073,-6360,7419,4965,5989,5699,4773,6653,0
301231,2,1,1,50,-1,-1,-1,-1,-1,-1,-8487,32012,-9484,22914,5409,14005,10493,17157,10368,15236,11489,15475,1
95106,2,1,2,25,0,-1,-1,-1,-1,-1,-16591,12240,9855,21034,6640,-9879,1168,2688,4181,3207,4006,2250,1
131608,1,1,2,28,0,0,0,0,0,-1,5921,9029,18267,16704,5282,-5352,4176,4605,4866,2190,2136,691,0
231038,1,1,1,37,-1,-1,-1,-1,-1,-1,-10416,18433,6093,8797,2323,6302,6256,3359,6404,5881,3594,7111,0
66710,2,3,2,30,1,0,-1,0,0,-1,-3703,5432,29939,8621,-9226,628,4059,408,1580,4227,888,5719,0
244770,1,2,1,46,-2,-1,-1,-1,-1,-1,-2727,20622,-8228,16043,12002,479,6172,4195,4240,6437,6108,5067,0
231419,2,3,2,34,0,0,-1,0,-1,0,22477,1814,-12270,-11637,2327,21572,3748,1159,6116,3268,4304,4996,0
151247,1,1,2,27,0,0,0,-1,-1,-1,41787,6485,-22119,-15435,23432,17836,1063,4693,5643,2499,6415,620,0
233653,1,2,2,38,0,-1,0,-2,-1,0,41531,2850,-22328,-18520,16269,26486,3549,3920,6454,4269,3800,4060,0
128670,1,1,2,49,-1,-1,-1,-1,0,-1,41216,5827,-32236,-9377,13096,27076,8834,7532,10107,9062,7325,9997,0
303759,2,1,1,36,-1,-1,-1,-1,-1,-1,-328,25209,-7251,6257,-1435,19200,10500,4234,4936,12833,9426,15954,1
297356,1,2,1,60,-1,-1,-1,-1,-1,0,10814,9765,-12211,-5627,411,27528,6893,8794,7707,10733,5189,14661,0
211962,2,2,2,31,-1,-2,-1,-1,-1,-1,-2348,19533,10666,-8027,4200,5966,3145,2061,983,6287,4059,6331,1
209617,1,2,2,30,-2,-1,-1,0,0,-1,-3767,13691,7716,29131,6682,-8009,4727,9573,3175,4882,7231,1620,0
246255,2,1,1,32,-1,-1,2,-1,-1,-1,-1499,3155,14059,23526,9250,-17014,10257,4874,5230,7698,7279,4916,0
232092,1,2,2,42,-1,-1,-1,-1,0,0,22728,944,-70,-15961,3181,22004,3484,6293,6695,2531,2079,5098,0
256373,2,1,2,43,-1,-1,-1,-1,-1,-1,10765,17863,-13708,9370,-6862,13464,6049,4553,3531,6905,3265,5784,1
66073,2,2,2,46,0,0,0,-1,0,0,39072,-8721,-5323,-25989,699,36677,3521,1705,4683,1803,3722,6370,0
183847,2,3,1,33,-1,0,0,0,0,0,6616,-11897,27007,14551,4871,-12600,4961,4380,4097,680,2787,316,0
284849,1,1,1,34,-1,-1,-1,-1,-1,-2,-24505,24162,2071,26250,-5637,-1192,5570,8904,8936,9684,4836,9412,0
185520,1,1,2,34,0,-1,-1,-1,-1,0,35069,-3827,-7930,-3705,18383,7769,3198,3553,7794,3645,2904,1699,0
168483,2,1,1,27,-1,-1,-1,-1,-1,-1,-16844,9643,18373,13920,-1099,-7137,2854,1577,2544,3398,2203,3580,0
240349,1,2,1,41,3,-1,-1,-1,-1,-1,1916,21382,-898,14651,9581,5752,2316,5176,4878,5030,3179,1954,0
203231,2,3,1,41,-1,-1,-1,-1,-1,-1,-10206,18299,13183,15069,7200,-13282,4424,2507,4879,5147,2330,3077,0
352727,2,1,2,31,-1,-1,-1,0,0,-1,-8554,15138,-12323,35119,-1534,4817,14290,13409,8551,13071,9540,14233,0
317632,2,1,1,53,-1,-1,-1,-1,-1,0,-3007,14206,13523,33814,10905,-4776,8848,14319,11768,9425,5057,6148,0
143411,2,2,1,29,0,-1,-1,-1,-1,0,6946,9941,10360,6042,14387,-1955,5097,3778,7890,3411,4253,3019,0
129686,2,1,1,31,-1,-1,-1,-1,-1,-1,18612,11260,-11336,-3559,6379,15836,8040,2020,3214,8579,6715,9790,1
222531,1,3,1,40,-1,0,0,0,0,-1,15587,-203,13409,15995,7161,-8393,958,8638,5682,2928,1507,477,0
190999,1,1,1,49,-1,-1,-1,-1,0,-1,-12141,19143,-3494,53935,7833,-10723,10768,11252,8675,13558,9325,10746,1
311075,2,1,2,23,0,-1,-1,0,0,0,12737,4307,6039,15262,13964,-1399,7438,4709,7057,4566,5435,3586,0
101437,2,1,1,37,-1,-1,-1,-1,-1,-1,656,9256,8500,4671,1286,-1397,3903,255,2949,3795,3342,2037,0
200161,2,1,2,28,-1,-1,-1,-1,-1,-1,2583,25757,-11243,15250,13676,-7855,7770,7056,7058,7847,5216,6044,0
256771,1,1,2,32,-1,-1,-1,-1,-1,-1,27552,18713,-26017,-12266,9368,31078,7756,6439,7431,9773,7843,12067,0
121472,1,2,2,44,-1,-1,-1,-1,0,-1,20821,-4385,-3822,4925,7730,8937,6066,5587,3036,2959,5586,2492,0
313272,1,5,1,47,-1,-1,-1,-1,-1,-1,-18702,23606,7400,26153,-4732,1470,8048,7213,3213,10620,7193,9934,0
301244,1,1,1,27,-1,-1,-1,-1,-2,-1,-13065,25181,-640,34617,13207,-8077,5364,11074,8053,9410,8466,7858,0
288965,1,1,1,33,-1,-1,-1,-1,-1,-1,-5345,25120,5581,5055,-4082,13606,4982,3843,4966,7216,5913,10319,0
292289,2,1,2,27,-1,-1,-1,-1,0,0,-14281,6845,11450,9700,-951,-997,6573,5381,1964,5676,6008,8858,0
317663,2,2,1,32,-1,-1,-1,-1,0,0,-1617,17287,-4977,15270,-1314,8064,9355,19156,12490,11366,7705,14477,0
393095,2,2,2,40,-1,-1,-1,0,-1,-1,8444,14304,-5869,25609,7833,2608,7128,12499,7250,8167,7350,6086,0
139016,2,2,2,42,-1,0,-1,0,-1,0,12015,4822,8693,5682,14390,400,6633,6858,6564,3863,3779,2514,0
245484,2,1,1,43,0,-1,-1,0,0,0,-11288,11286,22612,28488,4893,-6629,4766,9416,8011,4566,3536,2994,0
94826,1,3,1,34,-1,-1,-1,-1,-1,-1,38512,1287,-26605,572,19367,-361,5754,2880,2865,6722,5091,4703,1
238478,2,5,1,40,-1,-1,-1,-1,0,-1,-18774,17102,15417,35125,-12632,3335,14841,13659,9278,12534,8979,14102,0
163287,2,2,2,32,-1,-1,-1,0,0,-1,26441,8156,-15198,1004,-4036,7676,3217,8716,5705,4468,2326,3973,0
139542,1,2,1,61,0,-1,0,0,0,-1,5623,20877,10748,3492,-5547,18265,5005,3109,4136,3866,3574,4762,0
278048,2,2,1,42,-1,-1,-1,0,0,0,-10764,4241,30299,34639,-3737,-13841,4994,10230,6518,3161,1449,674,0
91165,2,2,2,36,-1,-1,-1,-1,-1,-1,-5553,19549,24391,-2079,80,-333,362,819,1515,2165,896,2154,1
162475,2,1,2,41,-1,-1,-1,-1,0,-1,9597,3639,-2123,-1795,5614,10265,5397,4894,5720,5859,3394,5585,0
267927,2,1,1,34,-1,-1,-1,-1,-1,0,-17438,11530,11582,12458,-9936,8274,6259,3129,5476,6533,3773,9097,0
388738,2,1,2,37,-1,-1,-1,-1,-1,-1,17653,22916,-27008,8092,12361,23926,8886,10259,5876,14027,12696,16822,1
307475,1,1,1,45,-2,-1,-1,-1,-1,-1,9823,8646,-4132,1030,7225,27616,7562,3570,8231,10470,8823,13553,0
217259,1,2,1,38,-1,-1,-1,0,0,-1,33848,5171,-25009,-299,12159,14881,5228,8957,7420,6754,6174,8876,0
298276,1,1,2,31,-1,-1,-1,-1,-1,-1,-5044,31244,-15547,15640,-5500,14870,9454,6372,7037,13217,5379,13301,1
42468,2,2,2,31,3,0,0,3,0,0,43740,-8263,17312,-26516,16302,18012,1867,4940,8357,654,2913,457,0
261162,1,2,1,48,-1,-1,-1,-1,-1,0,5025,20909,-23433,-605,5232,21881,8732,12136,9966,10755,5175,14446,0
221732,2,2,1,23,-1,-1,-1,-1,0,-1,8799,3574,980,23845,8780,-10900,6412,9565,5904,8368,5341,8019,0
238994,1,2,2,32,-1,-1,-1,-1,0,0,15290,-39,-220,486,17656,6708,3308,9567,6715,3753,4454,4102,0
165486,2,3,1,55,-1,-1,-1,0,0,-1,13843,274,-1956,22616,-117,-8396,6043,7590,3235,6382,2901,5605,0
215554,1,5,1,35,-1,-1,-1,-1,0,-1,16072,3766,6564,10452,10240,-2099,5372,11467,7806,4454,4649,2877,0
123257,2,3,1,48,-1,-1,-1,0,0,-1,6026,8682,3257,31719,6716,-15837,5335,7584,2234,4426,3261,884,0
172639,2,1,1,34,0,-1,-1,-1,-1,-1,21376,1516,-3525,19849,16645,5396,9871,6074,10090,8052,10837,6685,0
498818,2,2,1,37,-1,-1,-1,-1,0,0,5348,21946,-17216,34110,12004,12928,13239,23708,14623,15400,15085,19176,0
90307,2,2,1,37,-1,0,-1,0,0,-1,32065,-831,4502,-3808,-132,6612,5300,6285,1328,5095,2794,4690,1
247959,2,1,1,45,-1,-1,-1,-1,-1,-2,-40294,29096,20339,16980,-1787,-12943,4775,2208,2916,7287,2836,5860,0
196453,2,3,2,37,0,-1,-1,-1,0,0,6686,5900,-3151,11771,-2099,8521,5137,5499,4021,3012,3428,1751,0
181807,2,2,2,35,-1,0,0,0,0,-1,22722,1415,-7139,15429,7199,5303,4543,9757,6076,3235,5053,2209,0
398342,1,2,1,41,-1,-1,-1,0,0,0,12829,13926,1627,12253,6318,5393,1698,11526,9994,4045,2143,3443,0
204632,1,3,1,42,-1,-1,-1,-1,-1,-1,-5955,14584,6364,16410,1952,-2791,4856,3864,4537,5672,4926,4237,0
174398,2,1,2,36,-1,-1,-1,0,-1,-1,-15719,14200,11906,29680,6938,-19753,3726,5693,3620,5885,4452,2991,0
125473,2,1,2,41,-1,-1,-1,-1,-1,-1,-3509,7508,18300,14020,3473,-13162,1857,2117,1391,4262,2196,424,0
326669,2,1,2,33,0,-1,-1,-1,-1,-2,-24271,27296,9323,-2516,-11102,24299,6387,7923,7327,10354,6375,12645,0
192775,2,1,1,32,-1,-1,-1,-1,-1,-1,-12751,3073,21036,24955,5,-7813,6171,5383,5859,5630,2923,5148,0
35690,2,1,2,42,0,0,0,0,-1,-1,53047,-9359,2665,-27280,10308,23311,2111,222,5369,943,2111,163,0
244707,2,2,2,32,-1,-1,-1,-1,-1,0,7081,7398,7640,4214,6549,9708,5132,7045,7317,5066,4393,5006,0
125343,2,2,1,42,-1,-1,-1,-1,0,-1,12962,-6644,6024,5322,-8428,12920,6909,5710,5254,5819,2670,6870,0
346798,2,1,2,32,-1,-1,-1,-1,-1,0,-5114,11989,-7304,19138,640,7627,6662,7185,6376,6488,5530,7853,0
70815,1,2,1,41,0,-1,-1,-1,-1,-1,22477,4631,-155,-1147,1885,15736,5093,4797,3721,5111,5445,6027,1
208267,1,1,1,32,-1,-1,-1,-1,-1,-1,485,18495,-4566,14960,3779,4218,7954,8698,8183,7667,6816,7893,0
177197,2,2,1,46,-1,-1,-1,-1,-1,-1,-4993,14316,16750,25914,8509,-8258,4971,9072,5247,7399,5332,7323,0
110025,1,2,2,33,0,-1,-1,-1,-1,0,-1496,18429,1924,-7956,2998,18410,2039,1059,5096,2233,4135,4400,0
181826,2,2,2,32,-1,-1,-1,-1,-1,-1,-7355,15009,9369,10752,-1571,-8084,8776,2741,698,8966,4401,5884,0
292561,1,2,1,40,-1,-1,-1,-1,-1,0,8503,-996,9357,12559,8240,-2727,4580,7767,7767,4886,2357,1594,0
218162,1,1,1,50,-1,-1,-1,0,0,-1,-22497,25755,4528,39520,-2116,-10140,8443,10962,4294,8035,4691,4180,0
243900,1,2,2,47,-1,-1,-1,-1,-1,0,12865,26408,-24702,-14158,-8434,35124,4305,8160,10785,7374,3393,8374,0
206321,1,2,1,21,0,-1,-1,-1,-1,0,15623,4701,-10360,-14967,-1147,32192,6883,680,7158,5519,6236,8264,0
168437,2,5,2,41,-1,-1,-1,-1,-1,-1,609,10927,6735,7995,3618,12279,8571,7550,8247,9656,8783,9600,0
230403,2,1,2,35,-1,-1,-1,-1,-1,-1,3236,23437,-27086,16118,3834,4474,9518,3411,2556,9597,5021,8453,1
188615,1,3,1,46,-1,-1,-1,0,0,0,10975,14727,-3888,19480,-1841,6049,6749,8688,10767,3781,2256,4115,0
135921,1,2,1,39,3,0,0,0,0,0,22880,-8380,26951,-9415,10656,-73,1129,7537,7516,530,1133,85,0
129726,2,1,1,34,-2,-1,-1,-1,-1,0,4434,-5553,11403,13922,13257,951,9089,8745,10554,5227,7316,7871,0
239571,1,2,1,59,0,-1,-1,-1,0,0,3386,2008,25353,31208,12213,-1271,7679,10409,13478,2301,2572,1391,0
314726,2,5,2,37,-1,-1,-1,-1,0,-1,30381,15685,-16234,13394,18315,13584,15344,15948,9638,16563,14883,18850,0
278606,2,2,1,22,-1,-1,-1,0,0,-1,-7075,10858,10439,38062,1861,-17448,5564,7197,4458,5263,3464,3084,0
180634,1,1,2,45,-1,-1,-1,-1,-1,-1,15602,3800,34,-1277,840,14978,4501,372,3289,3734,261,4070,0
117117,1,3,1,47,-1,-1,-1,-1,0,-1,33103,7716,-21768,8092,9409,9454,6465,8238,6258,8289,5412,8976,1
193218,2,2,2,21,-1,0,-1,0,0,-1,36215,-108,-5762,-3844,16540,9641,5067,5905,7661,5852,4491,4378,0
154239,1,1,2,42,-1,-1,0,-1,0,-1,3645,20397,1712,12114,2383,-2651,1097,4857,2714,4321,1504,3289,1
70870,2,2,2,32,-1,-1,0,-1,-1,-1,14312,6563,5516,-10337,4814,5490,1477,2406,4036,2575,974,1774,0
92914,2,1,1,30,-1,-1,0,-1,0,-1,47697,-23945,-10708,5961,18568,1712,6113,7125,6453,6041,8624,4530,0
280850,2,2,2,27,-1,-1,-1,-1,-1,-1,11165,22942,-9246,5619,15728,458,6698,8629,5979,11578,8734,11680,1
180312,2,1,2,34,-1,-1,-1,-1,0,-1,16003,17315,-8015,13349,12381,4451,9527,11196,5649,12484,10919,12118,1
240919,2,2,1,38,-1,-1,-1,-1,-1,-1,-11703,24227,4645,21534,5773,1910,8097,13603,3995,13246,9767,15509,1
270589,1,3,1,52,-2,-1,0,0,0,-1,-1529,12,38822,40571,-3162,-19665,4115,9857,7067,4020,3601,1410,0
251595,1,1,2,28,-2,-1,-1,-1,-1,-1,-20976,16712,14514,17520,8742,-9745,3379,5796,6654,6317,2933,3661,0
281324,2,3,2,30,-1,-1,-1,-1,-1,-1,-10290,17792,8815,7394,-9915,12056,7483,2447,3562,9422,5423,10803,0
258046,1,1,1,36,-1,-1,-1,-1,-1,-1,-7634,21718,4085,23656,400,592,9298,4907,3507,11182,6460,13697,1
194983,1,2,2,44,0,-1,-1,-1,-1,-1,-4138,25873,-19188,-3966,6203,18442,5412,1139,4188,5907,6566,8619,0
303617,2,1,2,33,-1,-1,-1,-1,-1,-1,470,14505,-6617,12379,17504,-8079,10862,9466,5968,11787,8502,10146,0
223192,2,1,1,29,-1,-1,-1,-1,-1,0,-4142,20529,2523,200,7690,5928,5073,4232,7070,8452,6863,9872,0
333201,1,2,1,36,-1,-1,-1,-1,-1,-1,11716,16768,-10118,1935,-6292,24622,8426,3861,5670,10297,4234,12049,0
267893,2,1,2,43,-1,-1,-1,0,-1,-1,-10139,10284,5304,27853,9030,-5171,5700,7168,5403,5751,4138,3726,0
148325,2,3,1,38,-1,-1,0,-1,0,-1,29718,-4173,7020,-1172,5273,4127,1624,7247,2409,4097,2048,3260,0
193669,1,2,2,29,-1,-1,-1,-1,0,2,5498,16416,3088,7439,7302,808,4131,9188,9592,4144,3309,2683,0
178618,2,1,2,26,0,-1,-1,0,-1,-1,-5194,16598,3071,24274,5385,3270,5274,6611,8603,3228,4279,2404,0
166748,2,1,1,26,0,-1,0,0,0,0,-5250,2224,26757,10712,977,-8,1765,2665,4988,388,192,1104,0
346108,1,1,2,43,-1,-1,-1,-1,-1,-1,7427,22105,-33750,20623,11896,22383,11751,14110,12234,14465,12743,17788,0
162091,2,1,2,36,-1,-1,-1,-1,-1,-1,8485,15676,-7582,2406,10788,4689,4169,4016,6469,6124,4052,3930,0
158604,2,2,2,42,-1,0,0,0,-1,-1,-1484,17363,6354,-14612,-1036,13243,614,2505,607,2893,2349,3346,0
227389,2,2,1,23,1,0,-1,0,-1,-1,1284,13231,5146,10485,5342,1897,3287,4338,1400,8531,7326,10911,1
231750,2,1,2,35,-1,-1,-1,-1,0,2,-9599,9044,25358,10809,-5544,-1477,2178,9161,7461,3839,632,1184,0
407554,1,2,1,53,-1,-1,-1,-1,-1,0,-18776,27517,4915,29273,-3657,19117,10481,19681,13318,11691,10995,13679,0
142689,1,3,1,30,3,-1,-1,-1,0,2,33568,-3222,6688,-5941,3091,14179,4125,2395,8488,2440,280,356,0
277418,2,1,2,34,-1,-2,-1,-1,-1,0,6231,13719,3906,-2593,4423,9369,3762,5603,4963,4389,1239,6597,0
160940,2,1,2,43,-1,-1,-1,-1,-1,-1,-7511,26074,-3570,27076,-2790,239,6235,11185,5169,9835,8907,8687,1
148157,1,1,1,39,0,-1,0,-1,-1,-1,24558,12460,-16218,-1497,13302,11837,5265,1566,1331,7872,7520,9104,1
341956,1,2,2,47,-1,-1,-1,-1,-1,0,16843,19187,-29017,20977,15338,19749,9962,12619,11689,11313,9887,10588,1
208190,2,1,2,39,-1,-1,-1,-1,0,-1,-13520,16095,13214,11442,-10677,452,2906,7917,4144,4485,489,1427,0
276487,2,1,2,28,-1,-1,-1,-1,-1,-1,-1171,19992,2519,10981,14432,-5091,8199,7449,7762,8077,5609,8107,0
213333,1,2,2,36,-1,-1,-1,-1,-1,-1,-1946,19563,-16346,6157,-5063,11100,5161,4322,2760,6922,4015,8792,0
273729,2,2,1,35,-1,-1,-1,-1,-1,-1,-13258,15574,19658,20047,-9766,3090,7614,8774,6359,9294,4962,11435,0
212454,2,1,2,30,-1,-1,-1,0,0,-1,21126,4320,-1729,5205,4732,5627,3931,6285,6071,7481,6739,7385,0
151578,1,2,2,35,-1,-1,-1,-1,-1,-2,17720,21026,-8794,-29226,-2468,33911,6268,185,6698,9585,3212,12090,1
270598,1,1,1,41,-1,-1,-1,-1,-1,-1,-49781,18204,29455,35201,-10385,-17520,5040,4126,1299,6811,2730,4707,0
248804,1,2,2,51,0,-1,-1,-1,-1,0,3412,13643,20055,-8410,3153,24354,2979,6849,9763,3737,1667,5569,0
160415,2,2,1,43,-1,-1,-1,-1,0,0,26057,-5733,1695,-1469,-1940,29239,9949,8170,11337,5950,5409,8342,0
230894,2,1,1,37,-1,-1,-1,-1,-1,-1,-19154,30364,-4253,22864,4325,-4230,11150,11735,7321,14785,11058,15242,0
327246,1,1,1,47,-1,-1,-1,-1,0,-1,-32,16914,5599,28670,3261,-1614,7211,16714,9986,12501,6164,11779,0
195234,2,1,1,40,-1,-1,-1,-1,0,-1,6382,4720,9328,30911,18491,-21176,5653,9116,7043,5830,5701,2812,0
203690,1,1,2,47,-1,-1,-1,-1,-1,-1,-13021,26995,-3730,11789,-4718,8517,4243,45,120,7440,4248,8503,1
185931,2,2,2,38,0,-1,-1,0,0,-1,-15151,13819,24679,27388,-5362,-3927,6295,5845,2893,4401,3974,2120,0
282688,2,2,1,36,-1,-1,-1,-1,-1,-1,-14906,10972,10306,16999,-2774,-2159,4080,8821,6829,7264,3697,6925,0
263989,2,2,2,27,0,-1,0,0,0,0,42622,-7038,24184,-9839,13544,11728,4435,9424,10392,1299,1315,18,0
129588,2,2,2,42,-2,0,-1,0,-1,-1,-706,2509,19927,-3167,-208,8073,2805,1645,1698,2326,390,2091,0
207756,2,2,1,27,-1,-1,-1,-1,-1,0,-8091,26484,-5144,3642,8709,3296,6249,5531,6895,7411,6318,6906,0
356903,1,1,2,55,-1,-1,-1,-1,-1,-1,-4451,31941,-26598,11432,-7197,30236,9810,13698,9394,14902,9938,16139,1
161618,2,2,2,26,-1,-1,-1,-1,0,-1,32430,-4694,-10975,19413,7477,4678,10709,9241,7953,10345,7638,8750,0
264304,2,2,2,50,0,-1,-1,-1,-1,0,-920,24973,-10633,8428,4813,21447,8164,6318,8000,7979,6794,9122,0
246257,2,1,2,27,-1,-1,-1,-1,-1,0,44026,-4949,-5477,-24423,3234,37053,6825,2763,6466,7594,5178,11601,0
76864,2,1,1,33,-1,-1,-1,-1,-1,-1,7462,2698,-3864,10374,3979,6729,9762,4274,5611,7725,8270,11378,0
307845,2,2,2,50,0,-1,-1,-1,-1,0,-7779,24735,-3886,10586,5800,27921,9522,11524,11202,8697,9335,12301,0
321544,2,1,1,46,-1,-1,-1,-1,-1,-1,-4220,38872,-27157,35521,13039,1788,12008,13853,8894,16380,11411,16264,1
260759,1,1,1,53,0,-1,-1,-1,0,0,-5220,9825,22300,22687,11087,-2438,4204,12495,9180,4221,5821,1986,0
272574,2,2,2,44,-1,-1,-1,-1,-1,-1,4797,22190,-7443,1265,-293,12072,6186,9598,5640,8345,7152,7680,0
91275,2,1,1,53,-1,-1,-1,-1,-1,-1,23359,6332,-5482,-21828,-3638,28359,4151,140,2718,6332,3294,8788,1
145603,2,5,1,34,-1,-1,0,0,0,-1,20790,54,20379,2833,711,-861,3832,6036,4876,2505,3314,326,0
160962,2,2,2,50,-1,-1,-1,-1,-1,-1,-16190,21575,3429,14964,-14722,17125,10407,3537,5435,7680,3595,9244,0
327067,2,1,2,36,-1,-1,-1,-1,-1,-1,-14487,38617,-7344,17220,3951,4892,9479,9111,8529,13463,9029,14655,1
146622,2,3,1,39,-1,-1,-1,0,0,0,18996,-8467,25540,15277,-437,272,6990,7163,8368,1914,1668,1869,0
208758,2,3,1,41,-1,-1,-1,-1,0,-1,7371,4287,10800,13176,-13,4002,5622,3913,4569,3852,5362,4768,0
80483,2,2,2,25,0,0,0,0,-1,-1,51585,4576,-22211,-35381,11986,25697,2192,2231,2423,2565,5860,3942,0
185553,1,3,1,43,-1,-1,0,0,0,0,13473,-12439,28954,8860,3264,-6839,1545,7749,6223,1128,819,1196,0
186354,2,1,2,41,1,-2,-1,-1,-1,-1,-4256,10550,8055,8120,-1386,15370,6930,5187,1292,10401,9287,12945,1
144786,1,3,2,55,-1,-1,-1,-1,0,-1,7192,18865,3049,17375,-4908,8257,3763,8492,3801,4980,3217,2735,1
156050,2,2,1,36,-1,-1,0,0,0,-1,5889,5796,20665,-2830,-9062,5291,3191,2284,178,5501,2003,4950,0
280369,1,2,1,54,-1,-1,-1,-1,-1,0,-7734,19436,9304,18152,746,13504,5051,3898,6836,4259,5014,7291,0
292370,1,1,1,46,-1,-1,-1,-1,0,-1,3936,13897,-1806,13863,-2075,12439,5793,7279,7129,7503,6221,9854,0
260642,2,1,2,31,-1,-1,-1,-1,-1,-1,-24690,25544,3988,27971,4652,-11335,7574,6545,5194,10979,6320,7997,0
256938,1,2,2,30,1,-1,-1,-1,-1,-1,-9928,27094,256,2405,-2204,21278,7784,4253,5574,9038,5620,10522,0
153262,1,3,2,49,-1,-1,-1,0,0,-1,14031,6442,-10644,26368,8623,-2613,6395,10932,7841,5117,2828,1778,0
247897,2,1,2,40,-1,-1,-1,-1,0,0,19582,4750,-4230,765,6692,16499,4663,13017,10650,5158,3764,6387,0
187464,2,2,2,27,-1,0,0,0,-1,0,23786,-4092,29228,-11179,11957,1106,3010,4086,4821,1275,346,1952,0
254349,2,1,2,32,-1,-1,-1,-1,-1,-1,-12813,22029,-2915,4640,-381,10124,5730,978,4484,8170,2091,5979,0
192711,2,5,2,33,-1,-1,-1,0,0,0,5605,1348,8867,18229,7830,-1039,5844,11438,9154,5896,6937,4848,0
93919,1,2,1,42,0,-1,-1,0,0,-1,-344,3164,14011,20454,6545,-17780,1624,3578,88,2154,1785,159,1
131158,2,2,2,33,0,0,0,2,0,-1,21973,18675,1794,-22545,5632,25207,3291,1613,2388,664,3631,1880,0
249725,2,1,2,34,-2,-1,-1,-1,-1,-1,-3826,18494,-7865,23342,9794,-4586,5281,6365,7674,8111,4214,4309,0
231547,2,1,2,41,1,-1,-1,0,-1,-1,-13478,27266,-6629,16169,2243,4496,4825,3141,4546,6649,5616,6932,0
231006,2,1,1,27,-1,-1,-1,-1,-1,0,-1306,6416,6221,16951,3973,1370,6764,7047,7811,7954,6592,8768,0
159024,2,2,2,43,-1,-1,-1,-1,0,-1,28383,3035,-6830,-6171,3009,11533,4334,5891,6056,4158,1070,3370,0
90878,1,5,2,41,-1,-1,0,-1,0,-1,48236,-3872,-21557,-8443,4405,20604,2857,3740,3767,4471,3793,4354,1
186832,2,2,1,38,-1,-1,-1,-1,0,-1,-1300,14567,7667,6512,-9099,14811,6154,3096,4728,6418,3384,8197,0
250299,2,1,2,32,-1,-1,-1,-1,-1,-1,-1009,19922,-7033,-16164,-1116,11120,1639,2323,3396,4986,2063,5136,0
269366,2,2,1,39,-1,-1,-1,-1,0,-1,-34420,11496,33092,32208,-674,-16676,5259,8732,1864,5783,4722,5384,0
273952,1,1,2,34,0,-1,-1,-1,-1,-1,4736,20148,-6691,-13532,-8040,33527,5687,216,5098,7638,6116,9370,0
125674,2,2,1,51,-1,-1,0,0,0,0,30281,-10407,8524,3091,-5348,27473,8218,14338,14230,3099,3224,6368,0
423889,2,1,2,25,-1,-1,-1,-1,-1,-1,-10325,33239,-8186,14578,-3204,7053,4636,7846,6541,9136,4916,5949,0
231380,1,1,1,48,0,-1,-1,-1,-1,0,-17108,10875,25472,19864,8614,-6939,5376,450,5141,5030,5715,4365,0
179888,2,3,2,26,0,-1,0,0,0,0,19210,-726,7287,9062,8359,9394,7102,4627,8170,2879,5232,5758,0
160002,1,2,2,41,-1,-1,-1,-1,-1,-1,5693,22586,-8081,18750,11957,-9478,5021,9125,2329,7261,5952,4304,1
247370,2,2,1,44,-1,-1,-1,-1,-1,-1,-505,14135,24829,18923,-3726,-3433,3034,6048,1557,5092,2239,3868,1
228488,1,3,1,46,0,-1,-1,-1,-1,0,-8092,5707,23896,13224,7810,3606,4094,8133,10554,1009,1374,834,0
142555,1,2,2,23,-1,-1,-1,-1,-1,-1,14826,11533,-9220,3072,5204,5676,2703,1792,5170,3056,2339,1761,0
48415,2,2,2,28,-1,0,-1,-1,0,-1,15197,-6947,19595,883,2970,-4494,4484,5145,175,2567,2783,4023,0
196773,1,3,1,31,0,0,0,0,-1,0,7790,-5059,22128,13776,8753,-6053,2618,4599,6714,1630,3353,1254,0
151043,1,1,1,42,0,-1,-1,-1,2,-1,27742,3816,1026,14952,16287,5326,4579,7278,8895,3264,7001,1411,0
347145,2,2,1,34,-1,-1,-1,-1,-1,0,-1794,22890,-7358,16740,9582,10771,10481,11821,10679,12306,10822,14328,0
172469,2,2,1,27,-1,-1,-1,-1,0,0,23048,2310,2489,-11413,-5163,14454,511,4575,3753,2730,1131,1246,0
98738,1,3,1,31,0,-1,-1,-1,-1,-1,15059,5435,10596,8613,13665,-2074,2529,6028,6527,3679,5565,3890,0
206026,1,2,2,44,0,-1,-1,-1,-1,-1,3395,15839,-3143,9548,1550,4872,2986,478,3529,4206,1696,1437,1
243042,1,2,2,36,-1,-1,-1,-1,-1,-1,22383,13921,-23111,4198,6693,22380,6895,9400,9126,8947,7478,11812,0
105342,1,1,1,35,0,-1,0,0,-1,-1,2407,2071,15244,14934,-1067,-6223,5249,644,706,3536,2466,2551,0
209746,1,2,2,38,-1,-1,-1,-1,-1,0,4761,4696,26163,12440,8199,-4850,1172,9379,8033,3266,2582,576,0
152369,2,5,1,45,-1,-1,0,-1,-1,-1,36150,-2669,5980,-6201,21787,-2387,3001,4312,6104,2605,4156,120,0
252735,2,2,1,42,-2,-1,-1,-1,0,0,9448,515,2250,4568,3265,17018,8040,10576,9951,5186,5135,6712,0
104580,2,3,1,39,0,-1,0,-1,-1,0,28931,-14508,17280,-5487,12101,6547,3833,544,6082,1413,2896,1892,0
120900,2,1,2,30,0,0,0,2,0,-1,39928,-7403,10520,-10613,6850,9249,4820,1601,2796,2215,3804,1785,0
80675,1,2,2,47,0,0,0,0,0,-1,26594,-888,3703,-5237,8458,9692,1085,3592,1976,635,2417,254,0
176203,2,1,2,48,-1,-1,-1,0,0,-1,5367,4482,7449,31389,5098,-6866,6645,14505,7861,6786,6671,4486,0
139447,2,1,2,37,-2,-1,-1,0,0,0,27251,-3702,2783,5476,3901,21596,6453,9905,12815,3527,3101,3779,0
127619,1,2,2,36,-1,-1,0,-1,0,0,49340,-974,-6507,-5298,11144,10455,3166,8608,9002,3012,3190,46,0
150582,2,3,2,31,0,0,0,0,0,-1,64868,-7074,-12653,-27144,13013,32247,3061,1807,5590,3049,4085,4430,0
164924,1,2,1,37,-1,-1,-1,-1,0,0,16653,-1577,8621,6711,-3427,16719,8694,5582,8624,4158,4352,6006,0
165889,1,2,2,40,-1,-1,-1,-1,-1,-1,8914,17469,4063,7924,17192,-2277,2502,3543,3299,3826,1399,907,0
239570,2,1,1,28,-1,-1,-1,-1,-1,0,12035,8048,-7353,20256,8774,-3050,5963,9736,10581,6733,2378,3207,0
185781,1,3,1,52,0,-1,-1,-1,-1,-1,-14001,16828,13658,879,4745,2209,2293,1016,3345,3736,3564,4913,0
189435,2,2,2,28,0,0,0,0,2,0,-19313,9638,46388,22804,-2990,-10608,1040,6425,6542,1316,757,395,0
261554,2,2,2,38,0,-1,-1,-1,-1,-1,14999,22156,-10879,-19401,-6908,45301,7273,1053,3081,10044,9343,14725,0
439098,2,2,1,55,-1,-1,-1,-1,-1,-1,-3508,32791,-759,8545,-1128,32286,12284,16464,11897,16869,11811,21903,1
129863,1,2,1,29,-1,-1,0,0,0,0,43564,-6360,7079,-18795,7558,18354,3797,4825,7867,2296,2734,3893,0
138908,2,2,1,33,-1,-1,-1,-1,-1,-1,11814,5017,192,11943,9149,-326,6237,5595,4708,5576,8117,6044,0
183653,2,2,2,28,-1,-1,-1,-1,-1,-1,1619,7965,-1739,8934,4901,-5654,4803,2295,2148,3268,692,1427,0
204823,2,1,2,23,-1,-1,-1,-1,-1,-1,11230,4028,-11049,10574,8180,5438,8119,3427,6388,7145,5732,9401,0
242972,1,1,2,27,-1,-1,-1,-1,-1,-1,-5745,23067,2127,26199,-2825,5097,7283,3552,4963,10332,6256,7998,0
184751,1,5,1,54,-1,-1,0,-1,0,-1,37729,-3768,-23501,6213,5872,11634,6235,3054,2281,7323,6916,6704,1
299460,2,2,2,41,-1,-1,-1,-1,-1,0,18914,12246,-14560,12047,7252,5225,8693,9883,8165,8052,6709,6199,0
186309,2,2,2,54,-1,-1,-1,0,0,-1,-461,6936,-5806,8328,-10769,18582,5992,7210,4045,6183,1359,8693,0
143009,2,1,2,38,0,-1,0,-1,-1,-1,2318,5948,7463,17042,29756,-10923,5194,7370,6605,2867,7468,521,0
143852,1,1,2,23,-1,-1,-1,-1,-1,-1,15648,15382,-16196,456,4445,11990,5340,2974,3585,9201,5872,9069,1
363299,2,2,1,35,-1,-1,-1,-1,-1,0,-2264,12827,-3144,15195,12292,4914,9472,12640,9374,13300,9635,14486,0
161955,1,1,1,63,-1,-1,-1,-1,-1,-1,1898,12664,14992,15020,5547,9721,4789,5363,5256,4559,4472,3296,0
217009,2,1,2,43,2,-1,-1,0,0,-1,19893,-5989,12293,3364,-5364,22150,7108,7662,4847,6279,4898,7500,0
237681,2,1,2,33,-1,-1,-1,-1,0,-1,25415,2993,-11305,13298,10186,-10535,3358,6175,2590,6057,2053,1999,0
292014,2,5,2,57,-1,-1,-1,-1,-1,0,4852,9148,8803,2706,-11160,21861,4770,7079,6568,9105,3350,8564,0
456249,2,1,2,24,-1,-1,-1,-1,-1,-1,4675,27950,-25877,10223,9510,25743,14551,14062,10980,18771,14001,23222,0
427159,2,1,1,30,-1,-1,-1,-1,-1,-1,-1186,15930,-1938,30146,9520,-55,12529,18507,15371,15180,10730,15892,0
308387,1,2,2,29,-1,-1,-1,0,0,0,-9895,20256,-1377,22611,-1334,-4096,4275,9177,7503,4836,1903,5380,0
194057,2,2,1,22,-1,-1,-1,2,-1,-1,1353,2586,3682,16302,7109,-11783,6472,2876,391,4806,4547,4736,0
247541,1,1,1,50,-1,-1,-1,-1,-1,-1,19464,20011,-14099,4152,11013,18648,5098,9573,8718,10443,9368,11878,1
236682,2,2,2,47,-1,-1,-1,-1,0,0,19685,5936,-15403,8641,9312,11950,7483,13574,7394,7673,7800,10070,0
216174,2,1,1,54,-1,-1,-2,-1,-1,-1,8672,13901,9800,3818,3781,6523,5907,4314,3932,8628,3906,6864,0
219944,2,2,1,43,-1,-1,-1,-1,-1,-1,8999,5017,-612,3034,-1803,5327,5231,1378,717,3045,2211,4188,0
134654,2,3,2,36,-1,0,-1,-1,0,-1,19661,-3105,9929,-4793,4205,8550,2226,1405,1789,2874,1496,924,0
241973,1,2,1,38,-1,-1,-1,-1,0,0,-9133,-918,34025,33320,3952,-11724,4547,12719,10620,2826,2754,337,0
125517,2,2,1,45,0,-1,-1,-1,-1,-1,4556,9383,-6590,6555,12001,2570,6152,5619,6107,6177,5839,5241,0
145000,2,1,2,29,1,-1,-1,-1,-1,-1,-9882,24098,-899,5326,-1509,14337,7887,1404,3581,10127,7609,10074,1
282218,1,2,2,46,-1,-1,-1,-1,-1,-1,-2190,19468,-9716,6517,-3877,13564,7135,6076,2835,7862,5323,7941,0
348756,2,2,2,36,-1,-1,-1,-1,-1,0,-4800,16879,-7461,14190,7723,14677,9606,10274,8296,9964,10737,10846,0
242340,2,1,2,32,-1,-1,0,0,-1,-1,-14356,13033,19442,27766,-119,-17949,5924,3779,149,5793,4504,2553,0
326009,2,1,1,33,-1,-1,-1,-1,-1,-1,15839,25794,-10129,-4684,-5896,35892,11100,6303,10347,11320,8989,17004,0
314878,2,5,1,24,-1,-1,-1,-1,-1,2,-15037,17981,22283,-1410,-12220,17945,8488,8815,7703,9569,6034,14379,0
218514,2,1,1,22,-1,-1,-1,-1,-1,-1,-15033,18817,3026,37212,12035,-25869,8127,4333,3677,7632,7325,6524,0
294145,2,2,2,23,8,-1,-1,-1,-1,-1,-9116,31244,-849,-15755,-2882,22886,6054,2047,3653,9358,4309,12030,0
188213,1,3,1,32,-1,-1,-1,-1,-1,0,6487,4572,8640,-3139,-2366,9429,3132,1975,4964,1904,2091,3599,0
171484,2,1,1,35,-1,-1,-1,0,0,-1,651,-1467,26297,21464,-3512,-12585,3708,6796,3497,4261,336,2776,0
274967,2,2,1,52,-1,-1,-1,-1,-1,0,-1127,14484,-15912,9510,-326,14960,7852,7628,7317,7901,5521,8775,0
177592,2,1,2,41,-2,-1,-1,-1,-1,-2,-7020,14380,5088,5825,9357,-1130,2412,1914,6461,4011,3215,3620,0
158836,1,2,2,51,0,-1,0,0,0,0,35789,2146,11575,-11466,9580,17701,2483,8391,10040,2025,1444,1206,0
214855,1,1,1,55,-1,-1,-1,-1,0,-1,3976,9049,13930,34820,-2238,-10735,3244,12237,6336,6170,2135,2785,1
451932,1,2,2,44,-1,-1,-1,-1,0,0,47662,21497,-53710,5797,9918,49756,13804,24055,19318,14798,12554,20894,0
262529,2,2,1,54,-1,-1,-1,0,0,-1,-7513,19618,7642,27234,-7124,-7554,3679,8755,3136,5260,1699,3380,0
153667,2,1,2,22,-1,-1,0,-1,0,-1,14541,1404,5840,372,13221,-2738,4784,1853,4736,5222,3209,4639,0
45300,2,3,1,37,0,-1,-1,-1,-1,-1,-15170,14486,19320,16056,-1409,1182,4258,1043,1717,7092,4588,5972,1
138195,2,2,1,28,-1,-1,0,-1,-1,-1,3646,13736,11034,9535,-3954,-3244,1862,119,82,3108,968,1346,1
257199,1,2,2,46,-1,-1,-1,-1,-1,-1,22441,23954,-28281,13234,12443,19196,8929,17021,11797,13534,9565,12427,1
289345,1,2,2,53,0,-1,-1,-1,-1,0,-10480,26353,11420,-2737,-2316,24192,3420,5797,8613,2622,1687,3730,0
212560,1,1,1,58,0,-1,-1,-1,-1,-1,-19317,22161,17563,30315,-8068,10,4405,6209,5885,4779,4393,894,0
236027,1,2,2,26,0,-1,0,0,-1,-1,35819,16151,-35141,-18322,8931,32954,5717,3278,5562,3454,6176,6099,0
334644,2,2,2,22,0,-1,-1,-1,-1,0,19895,29403,-35778,-23364,13660,53625,11792,4217,10781,11356,14064,19111,0
156227,2,3,1,42,-1,-1,-1,0,0,0,28940,-625,85,18032,8669,-1485,4992,12753,8004,3132,3364,1067,0
411104,1,1,2,30,-1,-1,-1,-1,-1,-1,-21927,26912,-4940,33460,1871,5802,13631,12416,7328,15785,13254,17489,0
333491,2,2,1,61,-1,-1,-1,0,-1,0,7483,15546,-18610,10579,8214,8640,7052,10030,9692,6930,4139,6860,0
137032,2,3,1,29,0,0,0,-1,0,0,20803,-4110,23945,-1590,1539,10313,3002,1038,3394,233,2920,404,0
260260,2,2,2,30,-1,-1,-1,-1,-1,-1,-8200,28938,2263,10457,11800,-2151,5590,2928,3536,10930,6330,8653,1
92861,1,2,2,48,0,0,0,0,-1,-1,43152,6210,-24631,-41325,2627,41956,696,1714,1021,2693,4924,6024,1
303586,1,2,2,38,-1,-1,-1,-1,-1,0,35708,18843,-31406,-19008,952,51373,11740,10559,11454,11720,12029,17764,0
83001,2,2,1,39,-1,0,0,0,0,2,35509,-4670,21558,-4193,2777,12009,3561,8555,9696,1378,1329,2721,0
204433,1,3,1,34,-1,-1,-1,-1,0,0,26860,2929,1159,-10845,-690,20983,2695,6166,7797,3411,1638,3282,0
243620,1,2,1,34,-1,-1,-1,-1,0,-1,13642,6204,-8619,10928,-792,18758,6323,7787,7696,8353,8329,9542,0
446995,1,1,1,44,-1,-1,-1,-1,-1,-1,-15326,21360,-15146,23368,1356,3178,8341,8193,4763,13585,8927,13917,0
122138,1,2,1,60,-1,-1,0,-1,0,-1,16637,13007,7110,-7297,2750,6420,650,4450,1630,3185,17,1644,1
281828,2,2,2,32,0,-1,-1,0,-1,0,5829,13770,-1151,-7762,5452,15350,2056,3709,4096,4462,5527,8760,0
226029,2,2,2,38,-1,-1,-1,-1,-1,-1,-3790,25543,-18187,-8694,-4557,23565,8712,6161,5265,9216,6846,13681,0
279944,1,2,1,42,-1,-1,-1,-1,-1,-1,-12626,35517,-4890,23246,9410,4005,9513,12929,12126,11120,9891,11910,0
204250,2,2,2,27,-1,0,-1,0,-1,-1,1024,18278,-2614,-7271,-4144,12631,1852,7070,4450,3246,3254,5346,0
279545,2,1,2,32,-1,-1,-1,-1,-1,-1,17796,10629,-2272,-4381,5432,20290,5567,6157,5016,11134,7650,12373,0
205497,2,1,1,34,-2,0,0,0,-1,-1,-24229,17287,35572,16072,10211,-13666,2123,1148,4456,2589,2356,3141,0
203705,2,1,1,37,-1,-1,0,0,0,-1,18161,834,3624,12284,2839,-4834,4656,3464,2906,3906,3491,1954,0
264254,2,2,1,50,-1,-1,-1,0,0,-1,4343,21823,-3217,24616,4321,-180,5960,10389,4526,9178,7678,8104,1
108655,2,3,2,41,-1,0,0,0,0,-1,33444,-2614,2945,-15453,-684,17030,1087,4501,2309,2110,2469,938,0
345443,1,1,1,45,-1,-1,-1,-1,-1,-1,-3793,36449,-19120,13127,-860,25655,12023,15995,13079,18403,10039,19844,1
262865,1,1,1,30,-1,-1,-1,-1,0,-1,-5737,12524,9590,26911,3924,-4724,4920,7250,4003,9363,7264,10339,0
308379,2,1,2,38,-1,-1,-1,0,-1,-1,12335,14934,-13135,7831,11235,5352,6974,4516,6381,8249,5064,8048,0
361636,2,2,2,38,-1,-1,-1,0,-1,0,-9356,14672,-10793,19210,4541,14397,11479,8875,7242,8134,9019,11749,0
120605,2,1,2,36,0,-1,-1,-1,-1,-1,11335,9324,-4359,10244,16725,-586,6223,8407,5563,4292,8229,4413,0
253335,2,2,1,46,0,-1,-1,-1,-1,-1,-32624,20917,12138,32800,-2282,-7621,7327,6500,2692,6625,6835,7136,0
374213,1,1,1,38,-1,-1,-1,-1,-1,-1,5326,19146,-1523,7016,11203,7666,4875,8171,7156,9144,6415,8520,1
322937,2,2,1,38,-1,-1,-1,0,0,0,23723,18958,-20051,116,1461,33562,10282,16135,13720,12184,10177,17033,0
273586,2,2,1,26,-1,-1,-1,-1,-1,-1,6343,9292,1155,-6185,6230,16564,8001,3549,3947,11585,9468,14041,0
212801,2,1,1,41,-1,-1,-1,-1,0,0,4805,-30,7204,33018,6030,-11890,5578,10755,8429,4301,3636,3418,0
356521,2,1,1,35,-1,-1,-1,0,0,-1,-932,8179,20295,26828,742,-10075,233,14122,5782,5352,1969,1608,0
249912,1,2,1,41,-1,-1,-1,-1,-1,-1,8320,16466,-6193,5317,7702,11070,9470,10417,7663,13341,8401,16497,0
173449,2,1,2,64,0,-1,-1,-1,0,-1,-3624,32709,-10319,7714,-5620,31990,8328,7504,6651,9426,6921,10179,1
197967,2,3,2,38,-1,-1,0,0,0,-1,20562,-2828,5630,3566,875,9747,4224,11918,7027,3492,4792,4966,0
236297,2,2,1,37,-1,-1,-1,0,0,-1,32004,485,5892,-7369,-1420,12626,5136,4572,4649,3603,2566,4335,0
282521,1,5,1,47,-1,-1,-1,-1,0,-1,-1885,19854,8833,14166,-5977,20501,9660,10468,7741,10506,8369,12011,0
145105,1,2,1,35,-1,-1,-1,-1,0,0,22530,-5928,-4590,-9062,9,19558,3832,6334,9340,4576,1943,7042,0
144842,2,1,2,26,-1,-1,-1,-1,-1,-1,-15658,19362,9542,-6425,7878,6487,5299,2416,4375,7496,4781,7152,0
181269,2,1,1,47,-1,-1,-1,-1,-1,2,-14490,13651,23178,4283,-4228,4159,2615,4952,4773,4281,2032,4527,0
391107,1,1,1,36,0,-1,-1,-1,-1,-1,-29627,25078,12211,32595,-6669,15018,10188,12138,9814,11296,12791,14629,0
179502,2,2,2,39,0,0,0,-1,0,-1,45528,4584,-25398,-14160,14387,20784,5917,2154,893,5866,6814,5729,1
250039,2,2,2,44,-1,-1,-1,-1,-1,-1,16823,16445,-15929,129,4953,18079,11207,12981,6456,13367,8933,16042,0
140430,2,1,2,22,-1,-1,-1,-1,0,-1,35450,10265,-22133,-2051,17475,10810,11244,8527,8961,10950,8936,12344,0
149005,1,2,2,42,-1,-1,-1,-1,0,-1,27857,6323,-12856,-7977,3527,25652,5871,2696,4825,9334,6653,9551,0
168720,2,1,1,32,-1,-1,-1,-1,-1,-1,2218,5981,13007,-2030,4107,7922,3055,1442,3242,4257,5910,3711,0
310419,2,1,2,40,-1,-1,-1,-1,-1,-1,1736,10240,-419,14072,-2579,6981,7201,5348,4935,7062,4466,6071,0
286714,2,2,1,36,-1,-1,-1,-1,-1,-1,-15188,15633,734,20693,-7079,-762,7428,7188,6521,8015,2192,7000,0
201327,1,2,2,51,0,-1,-1,-1,-1,-1,18665,16678,-19623,5672,6576,14660,3990,6267,4954,5643,6228,5665,0
179864,2,2,2,36,-1,0,-1,-1,-1,-1,-4129,10669,5042,511,3258,1986,1312,1112,3567,3955,3211,3546,0
302721,2,1,1,46,-1,-1,-1,-1,-1,-2,-44140,39486,15710,15572,-8949,33,6167,8028,6103,9312,3764,11254,1
308451,1,1,1,36,-2,-1,-1,-1,-1,0,-261,5452,9608,7089,-4306,19390,8522,7494,13707,5873,4493,8867,0
81362,1,2,2,49,-2,-1,0,0,-1,2,11916,8106,3054,-12660,-4610,23771,3837,1206,3442,6888,3104,7788,1
228250,2,1,2,31,-1,-1,0,0,0,-1,18671,14836,-12995,17226,11113,-3769,3856,4215,3582,4375,1911,1552,0
388210,2,1,1,41,0,-1,-1,-1,-1,0,-14994,22263,-13693,17985,2705,13851,4893,12506,11257,9023,7117,9824,0
258121,2,1,1,35,1,-1,-1,-2,-1,-1,-6807,19556,-6114,16507,9625,-185,6865,4751,1443,9229,8771,10553,0
241871,2,1,2,34,-1,-1,-1,-1,-1,-1,12634,11242,-227,-6698,9557,7416,4320,6173,9270,5076,3449,4264,0
195164,1,1,1,40,-1,-1,-1,-1,0,-1,-1286,10374,-350,35949,15512,-13103,6261,13663,8401,6944,5857,4175,0
209227,2,2,1,42,0,-1,-1,-1,-1,-1,-3671,11796,4353,4685,-14946,20889,7803,1583,3994,5570,3952,6433,0
243216,2,1,2,37,0,0,0,0,0,0,24847,-765,12308,-13151,-1054,26434,3780,8432,9277,2033,815,2753,0
138449,2,3,1,36,0,0,-1,-1,-1,-1,11938,-4324,12398,-2961,8359,6529,4457,3327,4949,3077,5834,4998,0
220983,2,2,1,44,-1,-1,-1,-1,-1,0,-27582,25872,24022,28744,-1484,262,7069,6098,6567,4510,5148,6707,0
91145,1,2,1,55,-1,-1,0,-1,-1,-1,-4849,15781,17172,28128,3877,-16183,2566,4758,726,3490,3212,1530,1
261517,1,2,2,37,-1,-1,-1,0,0,0,36332,-1716,-19013,873,10737,19230,5078,8480,9629,5185,4346,4571,0
234784,2,3,2,31,0,0,0,0,-1,0,13747,7540,12547,-14709,10102,21221,5332,3417,7564,321,5637,5590,0
239655,2,2,2,24,-1,0,0,0,0,-1,10662,14442,11761,-8896,-5666,15169,5850,4903,3878,6672,3579,9015,0
134917,2,5,2,31,-1,-1,-1,-1,-1,-1,18019,15054,-11290,-14394,-1430,21887,8019,207,1294,8134,8455,10116,0
173022,2,2,1,32,-1,-1,-1,-1,-1,-2,-20920,20824,24509,-5497,-6172,3288,1694,406,555,6220,700,8753,1
178206,2,3,1,34,-1,-1,-1,-1,-1,-2,-29379,16243,17680,3630,-15377,-2333,2061,230,1738,3696,249,6433,0
157395,1,2,1,38,-1,-1,0,0,-1,-1,7964,8629,6229,-7903,4292,647,187,1763,677,1359,542,1015,1
202140,1,3,3,36,-1,-1,-1,-1,-1,0,7563,11495,-8094,-6860,2393,13320,4193,5723,5785,6044,1369,7411,0
211682,2,2,1,48,0,-1,-1,-1,-1,-2,-31714,18161,33457,16742,-15618,7254,6350,6114,4612,7656,3784,8838,0
93175,2,1,2,35,1,-1,-1,-1,-1,-1,-17188,12565,13369,13095,-6217,-3833,5737,1439,567,6003,1929,4603,0
226479,2,2,2,35,1,-1,-1,-1,-1,-1,-5099,18986,958,4816,-6871,16170,4266,3138,3314,6454,2382,7775,0
15553,2,3,1,62,-1,-1,0,-1,0,-1,33145,1660,3709,1342,5585,6515,2375,3023,908,2980,2943,901,1
174662,2,2,1,44,-1,-1,-1,-1,-1,-1,7666,19145,2820,9003,873,19503,8274,9915,5905,10749,8668,13846,1
169615,2,1,1,33,-1,-1,0,0,0,-1,3876,-6180,18157,18503,587,-4792,5475,627,723,3914,2437,4484,0
149494,2,1,2,21,-1,0,0,0,0,-1,34271,-8197,7351,6374,9220,-4341,4654,7114,5676,2890,1420,1617,0
343876,2,2,2,29,-1,-1,-1,-1,-1,-1,-19357,22015,8073,25634,1742,-6368,6078,9022,4826,8936,2588,6563,0
263462,1,5,1,51,-1,-1,-1,-1,-1,-1,4458,16346,-15145,-2938,-1499,18848,5552,1280,4540,8170,5729,8383,1
186398,1,2,1,49,-1,-1,-1,-1,0,-1,12280,7142,-11036,34844,21989,-16306,6006,10030,6672,4972,4603,2620,0
143788,2,3,2,34,-1,0,0,0,0,-1,33480,108,-4583,-11412,11950,2362,2147,3443,1880,2213,1469,463,0
229207,1,1,1,33,0,-1,-1,-1,-1,-1,18286,15438,-13551,-14522,15802,24328,5251,4077,5121,7425,8264,9042,1
157245,2,2,1,42,0,-1,-1,-1,-1,-2,-16658,11797,26016,10921,2286,3790,4474,3296,7580,4889,5993,5803,0
220128,2,2,1,24,-1,-1,-1,-1,-1,-1,2611,15827,8760,11042,-4449,177,2568,1673,388,6513,2277,7354,1
295819,2,1,1,35,-1,-1,-1,0,0,-1,3412,13653,-7704,39324,15210,-8437,10563,11253,8518,9506,7960,5450,0
122871,1,2,2,45,0,-1,-1,-1,-1,-1,11027,23710,2897,2469,2864,7143,141,2364,2502,5354,1261,1347,1
292293,1,2,1,37,-1,-1,-1,-1,-1,-1,4301,19587,-21507,11096,-1090,20571,8541,5826,7391,11468,9287,13233,0
214155,2,2,1,43,0,-1,0,-1,0,0,7262,5074,20874,1902,-1048,9161,1730,4602,5675,1560,895,10,0
145100,2,1,2,37,-1,-2,0,0,0,-1,24924,13806,-5495,9098,16196,-7210,3378,8313,3893,5105,2367,1946,1
305767,1,1,2,23,3,-1,-1,-1,-1,0,21193,11832,-22804,-8804,17889,28610,7268,8121,14323,8732,9448,10480,0
207052,1,2,2,41,-1,-1,-1,-1,-1,-1,23242,18955,-24744,-15959,10645,28423,6396,5542,7054,9432,7215,12479,1
112096,2,1,1,43,-1,-1,-1,-1,-1,-1,-20072,27293,10524,5164,394,-8159,2376,1105,1659,6021,1246,4909,1
104986,2,1,2,44,-1,-1,-1,-1,-1,-1,5189,3194,5289,703,3409,-387,1824,1753,986,3499,2277,3876,0
243638,2,2,1,26,0,-1,-1,-1,-1,0,10424,10541,3905,-8205,1583,17952,5656,11467,11578,2554,3126,5803,0
177196,1,3,1,36,-1,-1,-1,0,0,-1,7412,443,2204,31540,188,-16128,5473,9755,3294,5077,5166,3338,0
177931,1,3,2,30,-1,-1,-1,-1,0,0,18394,-4638,7538,14475,3325,-4241,5677,10851,8361,3973,1803,945,0
221726,1,1,2,27,-1,-1,0,-1,-1,0,28955,2723,-9368,-35905,6779,28189,802,1059,5864,2717,1962,5877,0
173890,1,1,2,38,-1,-1,0,0,0,-1,12716,5642,7321,2615,-11273,15085,1176,4449,3846,2938,1116,1930,0
234037,2,3,1,22,-1,-1,-1,-1,-1,-1,7246,24065,-12950,-565,4979,1319,4900,42,1522,6553,4418,5330,1
225347,2,1,2,26,-1,-1,-1,0,0,-1,30819,5496,-10477,455,6702,8920,2866,4906,3209,3882,3683,3864,0
316542,2,1,2,37,-1,-1,-1,-1,-1,0,3544,14082,-12805,13903,13738,1562,5890,10457,6772,6234,6193,6968,0
245878,2,2,1,40,-1,-1,-1,0,-1,-1,-8729,18581,-7400,33783,5793,-7351,9268,12318,9681,8301,7541,8054,0
318859,2,1,1,42,1,-1,-1,-2,-1,-1,-16519,25764,4776,36614,8488,-9355,6923,11872,2408,9249,7657,7176,1
101483,2,5,2,48,-1,-2,0,0,0,0,51656,-2631,1135,-24364,4509,37303,5389,8339,11060,5314,9069,8627,0
268607,1,2,1,45,-1,-1,-1,-1,-1,-1,-20264,35028,-9488,23747,473,1068,8164,8591,3188,10809,7319,13465,1
226962,2,1,2,34,-1,0,-1,0,0,-1,-11252,20250,1506,14254,6816,-3822,3173,8464,3067,3093,3715,2071,0
236438,2,1,2,36,-1,-1,-1,-1,-1,0,-3976,14860,237,3014,539,8025,5724,5361,7228,6721,3034,7461,0
187653,2,1,1,31,-1,-1,0,0,0,-1,19837,-7242,5719,-6023,14192,2718,4346,6855,6871,3474,4118,5354,0
307096,1,1,2,38,-1,-1,-1,-1,-1,-1,11566,15934,-12019,-2047,-6968,30114,9662,12228,11259,10171,5647,11477,0
91001,1,2,2,49,0,0,0,0,0,0,36529,611,-5068,-13079,-497,27355,2243,6047,6885,885,3020,1648,0
152831,1,1,2,32,0,-1,-1,-1,0,0,10266,3407,2851,6691,4923,4782,4556,4818,7569,2714,1858,3887,0
315462,2,2,1,35,-1,-1,-1,-1,-1,-1,4305,11627,-13215,23140,6103,4783,11465,16225,9263,14698,11228,14952,0
138987,2,2,1,45,0,-1,-1,-1,0,0,-3367,3561,20433,9588,2042,357,3118,4441,5920,3405,4754,1775,0
335270,2,2,1,47,-1,-1,-1,-1,-1,-1,-23126,43044,-9507,13296,-4387,20615,14644,6645,4780,17554,13265,22082,1
284079,1,1,1,52,-1,-1,-1,-1,-1,-1,-20172,18829,8544,23615,-6358,2132,5125,2979,4090,9678,2312,7202,1
130741,2,3,2,28,-1,0,-1,0,0,0,17664,1809,-12122,-19612,-2622,26484,4220,867,3197,3669,2386,9095,0
202583,2,2,2,32,0,0,0,0,0,-1,20731,-4453,20044,-4899,12760,2211,2976,3342,2251,3075,5143,1942,0
147278,1,1,2,27,0,0,0,0,2,-1,24797,11491,-4767,-392,9374,5094,507,3124,3719,2453,4665,302,1
233224,2,1,1,31,-1,-1,-1,-1,-2,-1,-9287,23441,-7220,18542,5542,864,5336,6844,2208,8827,9018,10054,1
126879,1,3,1,40,0,0,0,-1,0,2,26851,-6252,21366,-14077,1884,14076,1229,4450,5061,1031,455,1432,0
187548,1,1,2,48,-1,-1,-1,-1,-1,0,-3663,18708,-7736,7480,1713,17362,4116,2834,6757,4118,3550,7648,0
353898,2,3,1,32,-1,-1,-1,-1,-1,0,-16431,20266,544,26745,5887,1843,11396,8673,8701,10236,12023,14718,0
194333,2,1,2,34,-1,-2,-1,-1,0,-1,33249,4311,-26706,-14009,14569,15109,3560,7798,7375,6839,6045,7732,0
338892,1,1,2,28,-1,-1,-1,-1,0,-1,6171,6557,789,39438,15746,-16649,5817,17982,9606,7976,7386,4438,0
219879,2,1,1,29,-1,-1,-1,-1,-1,-1,7896,8068,6354,2707,5001,129,3057,3026,3419,8022,1823,7672,1
364532,2,1,2,42,-1,-1,-1,-1,-1,-1,50,29687,-22874,17121,-3341,32028,13370,9081,11399,13788,11610,14979,0
194352,2,2,1,33,-1,-1,-1,-1,-1,-1,2401,10642,9249,14168,-550,-1975,5809,1689,3601,6938,3876,5552,0
184694,1,1,1,40,-1,-1,-1,-1,-1,0,34176,1221,-7525,-10300,16047,16540,5865,4521,9525,4516,3216,4064,0
161520,1,1,1,41,-1,-1,-1,-1,-1,-1,27005,10900,-13268,-11477,7572,15545,3075,4724,5368,7580,5223,8761,1
124881,2,1,1,44,-1,-1,0,-1,-1,-1,29853,1558,-3075,-6600,5616,12243,2721,2227,3052,3141,1522,2963,0
206930,2,3,1,45,-1,-1,-1,-1,0,-1,9341,7624,-3301,27847,14968,-15281,6405,11774,8997,6443,641,3939,0
171309,2,5,2,39,-1,0,0,0,0,-1,43172,-13441,7636,-4738,9462,10085,2627,6165,5034,3520,5973,2759,0
321093,2,2,2,31,-1,-2,-1,0,-1,-1,14322,23121,-14747,-3095,6549,28793,6246,9200,6790,9185,9452,15062,0
58168,2,2,2,34,-1,0,0,0,0,-1,2942,2500,19046,21535,9948,-17171,2546,7238,3638,1799,4395,368,0
24735,2,1,2,39,-1,0,0,0,0,-1,60960,-22822,522,-6571,20442,2459,7186,4530,7307,2426,3484,222,0
243307,1,2,1,34,0,-1,-1,-1,-1,-1,4647,-515,15250,18090,9867,-3398,6418,3831,5420,4523,5453,3079,0
356229,2,2,2,31,-1,-1,-1,-1,-1,-1,5004,28484,-9471,-2901,-1684,20542,9124,8756,5015,14149,8419,15362,1
216845,2,1,2,36,-1,-1,-1,-1,-1,-1,-31521,14990,20039,25613,-3154,-11442,2936,1265,1034,5452,3091,2646,0
303653,2,2,1,39,-1,-1,-1,-1,-1,-1,-7081,25773,-9264,13930,730,5910,8852,11659,7733,10169,6571,11555,0
199373,2,1,2,38,-1,-1,-1,-1,-1,-1,17659,26616,-29293,-401,11770,15844,12459,6755,4433,13186,7900,14291,1
216322,2,2,2,26,0,-1,-1,-1,-1,0,-7782,7670,17884,11838,2658,-402,4285,4515,5237,3146,3098,1029,0
224516,2,2,2,32,-1,-1,-1,-1,-1,-1,29571,13348,-12474,-5739,19234,3985,4207,6888,7770,7281,3737,4718,0
144229,2,2,1,46,-1,-2,-1,-1,-1,-1,18227,15084,1003,-20352,-11664,28963,5396,2408,3014,6661,2726,11635,1
243016,2,1,1,42,-1,-1,-1,-1,-1,-1,-6895,13748,-164,19441,4271,3152,7937,6612,7199,9393,5812,9712,0
170887,2,1,2,34,-1,-1,0,-1,-1,-1,42164,-11993,-5198,-22908,18024,13691,2419,4124,6440,5002,5903,4841,0
241724,1,2,2,43,-1,-1,-1,-1,-1,-1,20840,10154,-13581,-8035,1484,27636,5992,2960,3571,9723,5801,9959,1
120852,2,3,1,66,1,-1,-1,0,0,-1,8241,8131,11148,3563,-5137,20605,9711,2928,4333,7896,6651,10483,0
234953,1,2,2,36,0,-1,0,-2,0,-1,9461,3429,9441,16931,5307,2317,5630,6613,3826,3342,3599,1207,0
156066,2,3,1,39,0,-1,0,0,0,-1,36787,-5544,28264,-2119,7808,467,1350,6167,7482,2262,573,661,0
216230,2,2,2,36,0,0,-1,-1,0,0,-3669,7984,22176,3300,2349,9665,4771,7973,7768,1971,1467,2121,0
118828,2,3,2,33,-1,-1,-1,0,0,-1,1500,11389,1723,27986,9820,-14264,5605,4171,143,5718,5894,4028,0
290170,2,1,2,31,-1,-1,-1,0,-1,0,-8246,16536,-1832,5131,-5459,12488,3793,8422,5178,5197,5281,7828,0
222096,1,2,2,33,-1,-1,0,0,0,0,27861,5277,-7447,1847,13417,11426,1776,8148,6172,4149,3788,2957,0
305854,2,1,1,32,-1,-1,-1,-1,0,-1,11851,20882,-9823,31740,4508,10095,13038,13810,9754,14252,10673,13644,0
199016,2,1,2,25,-1,-1,-1,-1,-1,0,22323,15009,-17039,-19902,13459,18700,1685,4740,7276,4024,2503,3886,0
122037,1,3,1,37,-1,-1,-1,-1,0,-1,11847,8418,-1232,13238,8399,-8632,3513,7633,4570,4065,3992,2964,0
403843,2,2,2,46,-1,-1,-1,0,0,0,13886,16642,-16303,13863,6373,22867,10242,15228,11128,9355,8843,10920,0
154862,2,1,2,57,0,0,0,0,0,-1,20660,2119,22705,-3676,-3430,19721,2638,6750,6268,1967,2361,2029,0
215761,2,2,2,36,-1,-1,-1,-1,-1,-1,-15527,23119,11093,5404,-16775,16911,8051,999,1526,10605,2976,10738,0
269443,1,1,2,31,-1,-1,-1,-1,-1,-1,15608,19563,-16586,13564,17031,2568,3778,7425,5894,7587,5332,3510,1
228969,2,1,2,27,-1,-1,-1,-1,-1,-1,36036,22496,-34230,-8407,7454,31849,7895,2351,7491,10809,8775,11722,0
191766,2,1,1,29,-1,-1,-1,-1,0,-1,38270,-665,-25480,5042,18099,974,6563,2925,4715,9188,5988,8922,0
177679,2,5,1,32,0,-1,-1,-1,-1,-1,35787,-5059,-3781,2293,22231,8110,8870,7023,9778,8156,11809,9831,0
176215,2,3,2,27,-1,-1,-1,-1,0,-1,27092,2089,-22339,-3053,8748,12949,11177,5081,4228,8842,8165,13245,0
242234,2,2,2,34,-1,-1,-1,-1,-1,-1,-15340,10404,17282,5061,-5957,4604,3932,4685,3401,4964,2731,7165,0
229410,2,2,2,47,-1,-1,-1,-1,-1,-1,-11459,26587,2100,5616,-5793,14359,6507,3414,1143,9176,4628,11542,1
140225,1,3,1,50,-1,-1,-1,-1,-1,-1,35354,-1128,-9230,-19566,-4975,27753,4714,2364,3987,7008,2440,8727,1
204788,2,5,2,31,-1,-1,-1,-1,0,-1,17979,11208,-10618,18003,7789,-8157,8988,13035,6594,8064,4657,6017,0
196037,1,2,2,41,-1,-1,-1,0,-1,-1,-2600,13813,4750,27565,-5085,-4244,6597,6589,4083,5303,2950,3865,0
114578,1,2,2,36,1,-1,-1,-1,0,-1,-19433,8753,22601,18677,-7523,-2828,3620,4086,3049,4361,4278,5613,0
356142,1,2,3,28,-1,-1,-1,-1,-1,-2,-4075,7725,7277,-4957,-448,17033,6753,2982,8052,8673,3598,10870,0
380081,2,1,1,44,-2,-1,-1,-1,-1,-1,-34856,22450,8866,3398,-11541,19315,9899,4983,4835,10773,6386,15364,0
267418,2,1,2,41,1,-1,-1,-1,-1,-1,-10187,26438,-11888,6216,-9155,19303,6771,8499,4239,8230,5627,10655,0
162361,2,1,1,32,0,-1,0,0,0,-1,-16640,12929,23568,29273,-1766,-14791,2839,5703,3807,2633,2786,1421,0
292629,1,1,2,35,-1,-1,-1,-1,-1,0,6824,15442,-24873,9912,7649,13137,8762,6717,10115,9127,5949,11046,0
162145,2,1,2,41,-1,-1,-1,-1,-1,-1,8014,8302,7741,13172,12311,-15467,400,3220,387,5457,208,766,1
275607,2,2,1,48,-1,-1,-1,-1,-1,-1,-13779,32907,1747,9172,10342,369,7014,4970,1623,12397,7398,11486,1
27745,2,2,2,26,-1,0,-1,-1,-1,-1,32502,934,3513,-12433,3859,5959,1787,2597,3750,4291,495,2989,0
238243,2,2,1,33,-1,-1,0,0,0,0,17728,1563,12620,-10890,-9679,16382,3356,5933,3635,3506,1284,6768,0
435161,2,1,2,38,-1,-1,-1,-1,-1,-1,12268,22940,-18829,14249,16216,13199,12540,16262,11820,16127,11827,17389,0
67331,1,5,1,41,0,-1,0,-1,-2,-1,-949,12159,15891,10179,6430,-4306,472,4404,4044,5702,4793,3891,1
142122,2,2,1,31,-1,0,0,0,0,0,36993,-12090,13704,-2452,7083,1080,3692,6889,6068,366,2849,1140,0
156079,2,5,1,35,-1,-1,0,0,0,-1,28035,-10162,3923,7935,12462,455,7813,991,3056,5100,6192,3951,0
199074,2,1,1,28,0,-1,-1,-1,-1,0,6218,6083,9269,-6668,757,14378,2509,2667,5055,5120,2983,6844,0
185688,2,3,2,31,-1,-1,-1,-1,-1,-1,-10347,19377,11849,-1700,1442,590,2744,1355,757,6732,1354,5528,1
69291,1,2,1,27,0,0,0,-1,-1,-1,10502,552,21997,-1408,4529,3330,3204,756,3243,844,528,1909,0
274983,1,1,1,40,-1,-1,-1,-1,-1,0,-14341,23404,-2321,25982,3311,-2673,9129,9842,10733,8490,7230,7993,0
150214,2,2,1,44,-1,-1,-1,-1,-1,-1,13402,15810,-15974,10216,4086,3109,7756,2283,899,10677,6883,7361,1
239365,2,2,1,33,-1,-1,-1,-1,-1,0,-18724,26363,-4008,11917,-1051,6769,9644,4976,8891,7642,6573,9630,0
363457,1,5,2,36,-1,-1,-1,0,0,-1,179,17887,-12083,8574,-4828,14923,6987,12913,8823,10391,6089,10815,0
124089,1,1,1,39,0,-1,-1,-1,-1,-1,939,11980,6410,-2525,-1065,15182,4120,978,2445,6791,5747,7606,1
177965,2,1,2,32,0,-1,-1,-1,-1,-1,3448,3580,8203,-2867,4971,4348,1892,2432,2061,5282,4516,3769,0
173065,2,2,1,45,-1,0,-1,0,0,-1,1503,8941,13898,22074,-5041,-1800,4973,7201,3760,3894,260,3626,0
88583,1,2,2,44,-1,-1,0,-1,-1,-1,-9579,19902,19908,10342,6262,-8398,2411,3046,6311,2054,1922,314,0
327756,1,2,2,37,-1,-1,0,0,0,0,51645,-2292,-16429,20284,23744,7799,6117,19431,15331,3154,4346,1843,0
295232,2,1,1,32,-1,-1,-1,-1,0,0,-29272,13710,36985,18491,-123,-8909,4036,9754,6746,5273,4322,7014,0
309385,2,1,1,30,-1,-1,-1,-1,-1,-1,7463,17125,968,16265,12727,7224,10107,7885,7971,12912,9846,12528,0
168409,2,5,1,54,-1,-1,-1,-1,0,0,11646,-6587,23309,7646,9448,-1994,5733,9561,8954,5708,3250,2805,0
219792,2,2,2,43,-1,-1,-1,0,-1,0,4467,-1560,18950,19084,1551,-1189,5368,6189,6679,2502,3408,769,0
262817,1,2,1,46,-1,-1,-1,-1,-1,0,3111,20033,-410,15934,-4027,15174,6700,11627,11221,6407,4049,8173,0
143908,2,3,1,33,-1,0,-1,0,-1,-1,-42477,19469,38210,40266,7003,-36077,1767,4640,1048,3618,2444,635,0
247747,2,2,3,29,-1,-1,-1,-1,-1,0,5375,15727,-7071,4018,11167,12608,6753,8685,11501,6935,6669,9514,0
145370,2,1,1,43,-1,-1,0,-1,0,-1,-3700,-752,24679,21326,5873,-8947,5738,3812,6589,3754,3881,1657,0
137260,1,3,2,50,-1,-1,-1,-1,0,-1,16493,11496,-39,3466,1301,13030,2612,8221,4346,4718,2259,4229,1
44225,1,3,2,53,-1,-1,0,-1,0,-1,41568,-13982,4275,-17572,2739,18453,847,1579,4866,777,367,266,0
248129,2,2,2,30,0,0,-1,-1,-1,0,-5925,7693,24089,2573,-9778,14377,3984,8709,7650,2234,3488,2932,0
234485,2,2,1,37,-1,-1,-1,-1,0,0,1860,1557,12888,20196,7634,-8784,2823,9406,5248,3269,2861,2866,0
205297,2,2,1,32,0,-1,-2,-1,-1,0,21677,9237,-17147,-5954,-110,26360,6046,2987,7204,4382,7220,7490,0
323600,2,1,1,27,-1,-1,-1,0,0,-1,6579,-1497,7540,24238,1779,4401,9033,11780,8268,8426,7361,11251,0
160073,1,1,2,30,-1,-1,-1,-1,-1,-1,-8965,14223,6616,14953,776,1087,6242,122,4716,7206,1993,4672,0
246767,1,1,2,57,-1,-1,-1,-1,0,-1,-5431,22184,-15222,23655,721,7382,6538,15905,10180,9708,6754,8726,0
249959,2,2,2,45,-1,-1,-2,-1,-1,-1,15830,19284,-607,-23349,-4528,38524,4866,3179,3454,8301,5369,9865,1
149097,2,1,1,42,-1,-1,-1,-1,0,0,17825,6108,5883,7856,12424,7998,5564,10913,11764,6233,4058,7013,0
183613,2,1,1,25,-1,-1,0,-1,0,-1,20935,-2885,8802,14961,13543,-1971,7284,2379,7437,6325,5679,2214,0
149758,2,2,1,46,-1,-1,-1,-1,0,-1,-12867,8773,32264,14453,-2667,-6813,5668,3681,2693,4919,2807,2466,0
267605,2,1,1,37,-1,-1,-1,-1,-1,-1,-18996,26442,8003,12642,-7273,-1253,4769,5829,2223,8036,2674,8826,1
332997,1,1,1,39,-1,-1,-1,-1,0,-1,11760,13554,-9983,2703,1547,12709,6104,4289,4646,8510,3082,11024,0
219083,2,2,1,44,-1,-1,0,0,0,0,15844,-4746,18038,31688,3335,-8654,5518,13071,9841,3950,6211,183,0
291904,2,1,2,25,-1,-2,0,0,-1,-1,40122,-3185,-13178,-3504,13693,8621,5161,1274,3183,6262,5052,5258,0
267603,1,1,2,41,-1,-1,-1,-2,-1,-1,-10802,15071,9784,33729,13610,-20016,2450,7463,2724,6964,3306,1749,0
213589,1,2,2,28,-1,-1,-1,-1,-1,-1,-4954,30571,1455,-10368,1641,7912,355,638,1721,5717,744,5480,1
367178,2,1,1,42,-1,-1,-1,-1,-1,-1,-7093,34289,-2959,8468,-4509,21493,12569,10348,6220,15720,9634,18643,1
152276,1,1,2,42,0,-1,0,-1,-1,0,24572,641,9206,-11574,8332,21609,2741,3161,6553,1051,3950,2032,0
192069,2,2,1,33,0,-1,-1,-1,-1,0,32203,2514,3059,-5419,856,13522,3270,3863,7171,2966,2114,1950,0
303905,2,1,2,26,-1,-1,-1,-1,-1,-1,-28665,22549,2244,17731,-6795,-928,9578,1272,1298,11287,6393,12125,0
318337,2,1,2,29,-1,-1,-1,-1,-1,-1,-1878,21193,1734,4013,8176,5509,5941,6294,4605,9212,5471,11105,0
179501,2,1,1,37,-1,-1,-1,-1,-2,-1,-314,16332,-145,26562,-5403,3792,7988,6186,3488,12159,6675,9112,1
371224,2,2,2,23,-1,-1,-1,-1,0,0,6961,16645,-14026,25383,11522,12191,12942,16475,15057,10842,8695,11136,0
160242,2,2,2,42,-1,-1,-1,-1,-1,-1,16407,17522,-24883,-365,17059,11201,6691,7069,3569,9294,6290,9758,1
161511,1,5,2,48,-2,-1,-1,0,0,2,4198,5568,8218,-3357,-17154,21840,3779,1392,5851,4357,1562,5795,0
135204,1,2,2,30,0,0,-1,0,0,0,28934,-2851,-3283,814,14651,8169,4110,7538,5738,3294,4856,1782,0
158908,2,2,1,31,0,-1,-1,-1,0,-1,-1795,7299,18469,8448,-4850,5260,1355,4431,4748,3499,4626,2700,0
65772,1,2,2,44,0,0,0,0,0,0,17585,-5067,19494,-3894,-1995,11750,685,7857,5339,1942,3254,1679,0
232901,1,1,2,46,-1,-1,-1,0,0,-1,4263,11483,1080,14581,1372,5937,4900,9173,5889,3768,550,3034,0
212306,2,2,2,35,-1,-1,0,0,0,0,7953,6154,17401,-2985,-5287,16463,3484,6553,4937,4161,237,3673,0
223276,1,2,2,41,-1,-1,-1,-1,-1,-1,-11167,22781,-591,11494,1388,-2638,5368,7676,5513,6051,1618,4947,0
150454,1,3,1,47,-1,-1,-1,-1,-1,-1,7379,15299,-595,7077,10563,3250,4870,3902,5419,6406,6472,5174,0
213715,1,2,2,43,-1,-1,-1,0,0,-1,8118,8080,-9553,20859,7086,1463,7416,14018,8678,6440,5755,8038,0
301949,2,1,2,35,-1,-1,-1,0,-1,-1,-28833,19305,15626,38806,11175,-30248,3740,11311,6431,5939,3102,1774,0
136383,2,3,1,49,-1,0,0,-1,0,2,37128,-3338,17256,-15716,-5672,21387,1754,1804,5292,4742,336,3739,1
222887,2,1,1,47,-1,-1,-1,-1,-1,0,29347,-2664,-28531,-6761,8599,25829,6997,4946,7233,7208,7740,11574,0
239822,1,2,1,38,0,-1,6,-1,-1,0,34979,-3054,-29304,-15304,10314,26594,3157,933,7644,3628,6135,6056,0
165190,2,3,1,44,-1,-1,-1,-1,-1,-1,5811,5552,16592,15942,6319,-10687,4040,3435,3351,7207,3610,4458,0
328618,2,2,1,38,-1,-1,-1,0,-1,0,-33913,19201,23109,27284,354,-7956,7871,11431,8375,5632,2935,6624,0
100469,2,5,1,26,-1,-1,-1,-1,-1,-1,2450,-4178,20281,17170,8323,-14597,4603,2552,2242,6343,5472,5083,0
386456,2,2,1,43,-1,-1,-1,-1,-1,0,-24573,19246,11119,29329,-2401,7857,10490,16122,14054,14174,10619,17505,0
298760,1,3,1,44,-2,-1,0,-1,-1,0,17372,8669,3488,-3867,8021,20421,2809,5814,9470,6920,3724,7268,0
149321,1,2,1,41,0,-1,-1,-1,-1,-1,-6630,11242,8612,7012,7077,9819,6857,1642,5110,5401,7336,6469,0
346522,1,2,2,43,-1,-1,-1,-1,0,-1,18343,25323,-18675,17724,7809,14221,9697,13965,11727,10233,7171,10667,0
88066,1,2,2,28,0,-1,-1,-1,-1,-1,29286,20373,-24311,-8076,28362,3610,3359,6459,4534,1939,5810,1982,0
330106,2,2,2,39,0,0,-1,0,0,0,16988,7978,5607,2775,13053,15460,5979,11403,7901,2940,4206,3828,0
235620,2,1,2,25,-1,-1,-1,-1,0,-1,14420,8237,-11486,-11878,5640,14130,3976,7616,5548,5660,4657,9136,0
280158,2,5,1,45,-1,-1,-1,-1,-1,-1,26050,27832,-36771,9655,18014,21888,16622,15594,12866,20321,15287,23140,1
107181,2,1,2,38,0,0,0,0,0,-1,10903,-2381,29622,10348,23601,-11472,2263,8571,5280,1348,4359,613,0
203303,1,2,2,30,-1,-1,-1,-1,-1,0,8899,27217,-10652,-9279,-5542,30177,5122,5029,8136,4893,59,6007,0
246356,2,1,2,40,-1,-1,-1,-1,-1,-1,-21386,28358,-2972,10113,1624,1978,5514,2003,65,9125,7209,8420,1
243917,2,2,1,41,0,-1,-1,-1,-1,0,-6839,9711,15821,1657,323,5935,3918,2324,4758,5281,3871,7433,0
232898,2,1,1,38,-1,-1,-1,-1,-1,-1,-5356,15672,12120,11419,-5643,721,4526,5650,2979,7238,3680,8882,0
107045,2,3,1,41,-1,0,0,0,0,-1,16532,4711,14138,2147,11752,-5717,2534,4495,1754,3193,1907,2851,0
221960,2,1,1,31,-1,-1,-1,-1,0,-1,-25502,12883,28796,22125,473,-16390,4598,2315,2795,5508,3195,4513,0
160706,1,1,1,25,-1,-1,-1,-1,-1,-1,-3762,16399,4757,8178,5910,4844,7220,3714,5701,8894,6422,10821,0
160571,2,2,2,42,-1,-1,0,0,0,-1,39461,-7030,7593,9329,17484,-1129,6802,7773,9365,3527,1452,131,0
179659,2,1,2,49,0,0,-1,-1,0,0,12385,6888,5093,11205,8646,11323,3536,10146,6828,5015,6054,3515,0
378184,1,2,2,34,-1,-1,-1,-1,-1,0,26724,19870,-23789,-7129,9489,27328,7100,12225,12950,9553,5756,11373,0
267808,2,1,2,42,-1,-1,-1,-1,0,-1,13902,8765,-2817,-507,6018,11480,5685,6000,6669,7300,3488,6021,0
272662,1,2,2,35,0,-1,-1,-1,0,0,34018,2481,-13838,16808,11294,13658,7244,12616,11072,5522,6617,3740,0
106573,1,1,2,31,-1,-1,-1,-1,-1,-1,-21913,23761,9553,22634,2362,-9841,4358,4549,2798,6751,6973,5346,1
200263,1,3,1,30,-1,-1,-1,-1,-1,-1,10587,7213,-626,6249,-1930,2451,2930,635,1844,4720,2159,2901,0
291951,2,2,1,35,-1,-1,-1,-1,-1,-1,24349,22381,-27687,10689,18235,25496,13071,13024,13315,12904,14494,15284,0
550880,2,1,1,30,-1,-1,-1,-1,-1,-1,-1001,35644,-16073,15163,781,32641,16081,15858,13133,19227,13858,26009,0
274926,1,1,2,44,-1,-1,-1,-1,-1,0,14375,8138,-18970,6629,3494,21442,9708,7692,7510,7669,7062,8650,0
137817,2,3,1,42,0,-1,-1,-1,-1,0,67883,-17807,-25639,-22375,16740,29093,3183,9520,8523,4706,6545,5804,0
387830,2,5,1,54,-1,-1,-1,0,-1,-1,3994,2563,9402,16542,6713,2876,5015,10073,6854,6892,5680,5805,0
195842,2,3,1,34,-1,-1,-1,0,0,-1,14491,-847,5217,20970,12222,-13439,6307,10609,4835,5904,4592,4005,0
124032,1,2,1,38,-2,-1,0,0,-1,0,15428,-9404,28809,4192,15805,2429,5085,7432,11531,787,1665,665,0
108234,2,1,1,30,0,-1,0,-1,-1,-1,37200,-7805,11682,-3345,19081,171,4040,3312,7747,2665,3423,266,0
89312,2,2,1,54,-1,-1,-1,-1,0,-1,-1497,-1756,37512,13375,-8049,-501,5777,754,1842,3382,39,1966,0
296397,1,2,2,65,-1,-1,-1,0,0,-1,-11585,25300,9881,23105,-8601,6979,5392,10057,4254,8240,2780,8153,1
239645,2,1,2,34,-1,-1,-1,0,0,0,42323,-1797,-10685,-8034,16697,14660,5819,8365,6678,3666,4249,2659,0
61326,1,2,2,23,0,0,0,-1,0,-1,10919,-4600,14886,18677,14794,-10709,4115,7467,7639,1306,3738,435,0
155109,2,1,2,23,0,0,0,-1,-1,0,-14587,11592,29504,-4336,7111,797,2428,2557,4079,791,3601,1704,0
375128,1,1,2,30,-1,-1,-1,-1,-1,-1,-23679,33322,-414,25985,607,4547,8583,11503,8558,13686,7956,13134,0
107940,2,5,2,32,0,0,0,0,0,-1,45782,-7333,-11058,-12076,10067,19387,4140,2305,3813,3504,7234,4680,0
112732,1,2,2,24,0,-1,0,7,0,-1,23354,3238,13642,-20915,5801,11565,2473,1344,1689,1810,1922,2151,0
299724,2,1,2,39,-1,-1,-1,-1,0,-1,-1973,8761,7461,17648,-122,2027,9461,8892,6622,10189,3312,11106,0
81641,1,2,2,41,-1,0,0,0,0,-1,49795,-2887,-13298,-11084,15026,10329,3831,8714,6420,2153,2942,3151,0
191329,2,1,2,49,-1,-1,-1,-1,-1,-1,-613,13132,4630,10192,-3126,11757,6859,2933,4368,7828,6102,8508,0
405946,2,1,1,38,-1,-1,-1,-1,-1,-1,-14156,29252,-4145,35166,4139,2958,13087,11685,8601,17699,13059,18033,1
318605,2,1,2,31,-1,-1,-1,-1,-1,-1,8953,11349,-1024,4188,5398,15739,8015,10996,8114,12916,9794,14466,1
180341,2,2,1,32,-1,-1,-1,-1,-1,-1,-16989,8282,34461,8373,-56,-9529,4584,2730,1375,4814,1337,2258,0
275135,1,1,1,22,-1,-1,-1,0,0,-1,24864,-57,-10965,18724,20184,-16503,6597,7818,5017,6275,6257,4007,0
252949,2,1,1,42,-1,-1,-1,-1,0,-2,-7014,8131,11485,18350,-12676,14699,11311,8171,9788,7803,3608,10351,0
173185,2,3,1,27,-1,-1,-1,-1,-1,-1,15292,96,-313,-691,712,756,1545,3428,1158,3079,1978,525,0
176309,2,1,2,40,-1,-1,-1,-1,-1,0,7187,4125,4817,-13080,-6537,16536,2967,6109,5085,5435,2896,5075,0
176275,2,2,2,37,0,-1,0,0,0,-1,21870,-5437,-2286,7209,6867,10997,6277,5678,4207,4702,4833,4694,0
211320,2,1,2,38,0,-1,0,0,0,0,15946,3628,-5163,20769,8630,4152,4431,7287,5633,2117,3848,2750,0
159900,2,3,1,39,0,-1,0,-1,-1,-1,32532,-2906,5934,2849,8940,6996,2998,2353,4691,3027,2328,1274,0
78282,2,1,2,33,-1,-1,0,-1,0,-1,15992,10947,-2699,-811,9882,-565,1865,2919,2959,4504,1091,2462,1
280652,2,1,2,31,-1,-1,-1,-2,0,-1,-2579,2135,11284,35205,5099,-21085,4990,9856,4835,7850,2406,3476,0
100769,2,3,1,30,-1,-1,-1,-1,0,-1,-286,1471,9838,10718,2772,9661,8175,6385,8086,6472,9146,10690,0
161062,2,1,2,35,-1,-1,-1,-1,-1,-1,3928,21727,-8339,17348,13271,-1033,4157,2926,1419,8108,7679,5844,1
103852,1,1,2,51,0,0,0,0,0,0,53814,-6985,-3674,-27618,-2306,37374,1551,2475,7724,553,781,3288,1
361230,1,1,1,52,-1,-1,-1,-1,-1,0,-20707,11878,2804,45969,8779,-1325,14868,18340,17563,12098,8649,11704,0
344656,2,1,1,27,-1,-1,-1,-1,-1,-1,7637,7391,-14099,18575,2553,12114,11257,6529,8805,11662,11723,15076,0
264995,1,2,2,42,0,-1,-1,-1,-1,0,14686,8048,-456,6211,13639,11209,4438,10393,12964,3929,4538,3546,0
408174,2,1,2,37,-1,-1,-1,-1,-1,-1,-30556,42511,-18950,34485,5019,-1642,15195,19056,12413,17387,9412,17462,0
183846,2,2,1,50,-1,-1,-1,-1,-1,-1,34855,13093,-16096,-22137,2119,30562,2936,3217,2800,4705,3776,7501,1
124238,2,1,2,43,-1,-1,-1,-1,0,-1,28844,8007,-26699,-6733,3781,20281,4307,2323,4120,5465,2894,5617,1
225878,2,3,2,33,-1,-1,-1,-1,-1,-1,24422,5507,-11611,-15435,2028,34297,9098,4905,7644,11602,7425,15157,0
216712,1,2,1,34,3,-1,-1,-1,-1,0,22698,-382,8116,2547,8159,9324,4262,8771,9286,5009,4453,4325,0
262545,1,1,2,37,-1,-1,-1,-1,-1,-1,8482,13226,-12841,17519,5585,-96,5450,6565,8208,7610,2597,4741,0
280063,2,2,1,42,0,-1,-1,-1,-1,0,-3988,3799,13465,10761,114,7529,2515,7750,7662,2881,3758,1719,0
112913,2,3,1,50,-1,-1,-1,-1,-1,-1,13152,-4969,20544,-4593,-7796,12728,2258,802,1688,5067,2724,3621,0
181456,2,2,2,37,-1,0,0,0,0,-1,26669,11866,-3548,5883,9440,6549,5154,7251,5924,4422,4152,1456,0
120992,2,2,2,44,0,0,0,0,-1,-1,23472,-1338,11132,4849,10172,3298,2935,2026,3281,2122,3181,1474,0
166214,1,1,1,42,-1,-1,-1,-1,-1,-1,2516,14982,4317,19758,8924,650,3332,7444,6039,5422,5683,2292,1
181660,2,2,2,22,-1,0,-1,-1,-1,-1,10671,5048,6249,-7838,4916,7550,2705,215,4338,2517,2385,3370,0
123447,1,2,2,53,-1,-1,0,0,0,-1,38790,6512,-18178,5646,8334,12041,5274,8130,5028,5448,4658,4474,1
245671,2,1,1,27,-1,-1,-1,0,0,-1,-17542,7051,19815,34009,3595,-23555,5271,6220,3356,4831,2173,2107,0
293830,2,5,1,41,-1,-1,-1,-1,-1,-1,15761,6381,3018,4805,996,16579,8629,9105,5812,10584,8892,11772,0
423026,2,1,1,33,-1,-1,-1,0,-1,-1,-4650,16587,1355,17792,3074,5629,7654,10427,5499,9437,7486,10518,0
272062,1,5,1,39,-1,-1,-1,-1,0,-1,4476,10160,7035,17402,8650,2736,6730,11167,9493,8907,7114,8731,0
131453,1,3,1,30,-1,-1,-1,-1,0,-1,19277,-740,8768,14222,3972,-8107,567,5685,2705,5674,1680,3368,1
136209,1,3,1,40,-1,-1,-1,-1,-1,-1,21437,4338,8121,11837,11107,-8975,2610,280,4696,4056,752,9,0
225382,2,2,2,33,-1,-1,-1,-1,0,-1,7685,11895,-2597,18693,10611,-2775,6089,9820,6452,8421,5677,6292,0
187761,1,2,2,42,-1,0,0,-1,-1,0,39527,7117,-15097,-24813,7950,29279,3387,1341,5649,3713,2904,5642,0
254318,1,3,1,46,-1,-1,-1,-1,0,-1,-8818,29587,-1803,28422,6644,-2000,8903,13935,10905,7670,7971,8393,0
185751,2,1,2,26,-1,-1,0,-1,-1,-1,2358,9192,-3481,2596,18482,-4266,3715,506,3183,4133,5265,1883,0
171847,2,2,2,44,-1,-1,-1,-1,0,2,266,11324,15627,3061,5051,-285,5580,8068,8260,3634,1379,3458,0
10453,1,5,1,34,-1,-1,0,0,0,-1,42016,-414,-26690,-5472,19984,12340,5718,3249,6019,3399,6240,4726,0
278889,2,1,1,44,-1,-1,-1,-1,-1,0,35569,12121,-21822,-6002,8221,31983,8094,9080,10626,9510,7151,13706,0
281056,2,2,2,42,1,-1,-1,-1,-1,0,-17879,21853,1851,21893,2816,5135,6916,12991,8774,7315,5052,7292,0
270725,2,2,2,44,-1,-1,-1,-1,0,0,19488,527,-3742,3097,-1017,21623,6850,14485,10333,7215,4760,7839,0
285527,1,5,1,42,-1,-1,-1,-1,-1,-1,1364,26963,-5956,19376,6683,14132,13001,13718,10667,11867,10745,15967,0
62628,2,3,2,45,0,0,0,0,0,-1,26687,-12168,19456,-5029,-619,13313,3540,474,2335,1548,2032,926,0
239607,1,2,1,40,1,-1,-1,-1,-1,-1,-23752,22212,17155,42235,-6709,-11912,5837,5835,3630,7097,2634,2448,0
146036,2,1,2,39,-1,-1,0,0,0,-1,16730,10169,1891,19680,8185,-126,7340,3745,5160,5326,5178,3814,0
52314,2,2,2,31,-2,0,0,-1,-1,-1,6711,1047,14691,-4124,13883,-5177,1974,1162,2607,1158,2271,1770,0
256613,2,1,2,26,-1,-1,-1,-1,-1,-1,-15553,14400,3894,5075,-6368,770,7067,4291,6391,8578,4770,9007,0
385038,2,1,1,33,-1,-1,-1,-2,0,-1,6548,5261,-7930,19852,7993,5665,10893,14809,8948,12393,8125,14862,0
210783,1,5,1,39,-1,-1,-1,-1,-1,-1,16769,1388,-2273,7668,8919,14684,9556,6105,9294,8188,9246,9274,0
120478,2,1,2,41,-1,-1,-1,-1,0,-1,6162,12316,-2800,16448,5402,-11878,3316,5620,1904,8552,4582,3967,1
89064,2,2,2,34,-1,0,0,0,0,-1,38824,3133,-25423,-9234,6683,15649,4815,1089,1675,4371,6436,5642,0
268275,1,2,2,40,0,0,-1,-1,-1,0,-4049,11325,9734,1556,5072,9767,1134,6263,5315,2165,2580,408,0
283735,2,1,1,32,-1,-1,-1,-1,-1,-1,-16254,19130,8427,11843,-12413,6351,5976,5817,2885,9289,4651,12404,0
207226,1,5,1,38,-1,-1,-1,-1,-1,-1,39028,7156,-22056,-11435,10202,30918,9609,7382,9629,10555,11093,14464,0
164958,2,1,1,29,-1,-1,-1,-1,-1,-1,5466,-568,6462,41334,30115,-23063,9129,11027,8595,6032,8130,2429,0
471815,2,1,1,32,-1,-1,-1,-1,-1,-1,-27315,31273,-9364,53492,6643,-8818,14679,19762,12527,17150,12212,19030,0
391226,2,2,2,23,-1,-1,-1,-1,-1,0,21079,14417,-14949,-9385,5389,28656,4324,10795,11065,7806,5763,9150,0
171742,2,2,2,45,-1,-1,0,0,0,2,14427,13262,6160,-5622,445,14843,2547,7696,5865,4150,3031,4196,0
293984,2,2,1,22,-1,-1,-1,-1,-1,-1,23051,20066,-18618,-10518,10752,33720,10135,10112,9591,12686,12280,18990,0
366382,2,1,2,43,-1,-1,-1,-1,-1,-1,-16197,23528,-7311,35488,2778,-7069,9758,14573,8813,11919,7324,8840,0
178560,2,1,2,29,-1,-1,0,0,0,-1,12748,4452,7374,15672,8658,733,6295,7503,5882,4858,6424,5055,0
201304,1,1,2,31,-1,-1,-1,-1,0,-1,27701,810,291,15887,3464,8597,6635,2843,7712,3630,1908,1632,0
498767,2,1,1,22,-1,-1,-1,-1,-1,2,3910,52808,-23720,-8052,5216,48716,18769,19432,19364,21426,17001,29998,0
380222,2,1,2,29,-1,-1,-1,-1,-1,0,-15583,20155,9502,12018,19661,-15135,2214,9081,7965,4014,1097,1817,0
165209,1,2,2,45,-1,-1,-1,-1,-1,-1,10767,10670,-11759,9017,-1658,14214,5138,2668,5605,6876,3032,5335,0
96539,2,3,1,44,-1,-1,-1,-1,0,-1,-2126,-637,19639,28213,-616,-18050,3946,5056,2025,4613,1743,4442,0
240524,2,1,2,30,-1,-1,-1,-1,-1,-2,-4640,19220,4275,-2244,-9651,24414,2831,1322,3956,7444,2523,10131,0
225021,2,1,2,46,-1,0,0,0,0,-1,-1210,9183,18214,20431,-4224,3117,3614,4900,3058,4480,2904,685,0
273204,2,1,2,29,-1,-1,-1,-1,-1,-1,1034,14637,-6135,-10063,9355,13884,5840,1086,7221,6922,5950,8928,0
347313,1,3,1,44,-1,-1,-1,0,0,0,16425,10278,-10667,51986,10216,-9692,9240,21672,15862,7073,7022,5205,0
167572,1,1,2,45,0,0,-1,0,-1,-1,4652,3576,4149,-1879,10354,6929,310,3085,3202,1822,3928,2149,0
339017,2,1,1,37,1,-1,-1,0,-1,-1,-3192,30725,-11883,25575,11460,301,8273,6184,2047,10923,10416,10610,0
123149,1,3,2,45,0,0,0,0,0,-1,13126,2610,18568,4891,12018,-491,1389,4090,2764,1053,2488,28,0
267981,2,1,1,35,-1,-1,-1,0,-1,-1,-12677,13416,18377,9336,-6119,514,4336,700,917,5160,2859,6178,0
210377,2,1,1,42,-1,-1,-1,0,0,-1,15368,4190,-860,21134,457,-3419,6650,12917,6687,7527,5821,6361,0
132659,2,5,2,33,-1,-1,0,-1,-1,-1,41642,-701,-10424,-10838,12502,5612,5927,2394,4627,6265,5279,4577,0
362016,2,1,1,53,-1,-1,-1,0,2,0,-27524,28321,-2275,37175,-14601,10897,10747,13594,10992,11787,8036,14499,0
384629,2,1,1,28,-1,-1,-1,-1,-1,0,21680,4613,-19000,12388,11011,7487,12158,12876,13156,12538,8502,12852,0
66209,1,2,2,47,-1,0,0,-1,-1,-1,56800,-5645,-8871,-34783,5001,26694,718,2301,4228,1107,905,529,1
193657,2,1,1,23,0,-1,-1,-1,-1,-1,-14712,12122,218,17602,7505,-7760,4278,2663,3104,4723,4341,4762,0
170322,2,3,2,52,-1,-1,-1,-1,-1,-1,-2262,17795,-141,1856,-1811,6797,846,881,1713,4622,2792,4766,1
276051,2,1,2,36,-1,-1,-1,-1,-1,-1,-7757,42101,-18752,5865,666,15312,10841,9505,6829,13337,7956,15671,1
186915,2,2,1,42,-2,0,0,0,0,-1,33721,-10793,12266,9710,5092,6247,6131,9196,4891,3072,4090,1003,0
155147,2,1,1,33,-1,-1,-1,-1,-1,-1,-13959,6213,35868,19894,6078,-14929,3499,1159,2191,4887,5213,3580,0
196165,1,1,1,34,-1,-1,-2,-1,0,0,10165,11441,-3224,3375,11012,3826,3269,5966,7334,2042,3038,2081,0
288206,2,1,2,32,-1,-1,-1,-1,-1,-1,-9987,25042,-4973,18706,-4583,-2029,4768,1901,1149,10885,1963,8876,1
115783,2,1,2,27,0,0,0,0,0,-1,15968,-2237,19681,-5945,9739,-3133,2647,1887,3363,790,1709,1142,0
229837,2,1,1,38,-1,-1,-1,0,0,0,30821,-18757,19681,12370,10586,-1406,6470,9735,6438,5633,3427,5963,0
201716,2,1,2,22,-2,0,-1,-1,-1,0,-8852,6499,26118,663,9354,-1617,2603,6187,9253,1434,1688,1969,0
186865,2,1,2,29,-1,-1,-1,-1,-1,-1,5762,18955,-9515,10094,16770,-4785,6841,6211,6966,8215,7386,7775,0
182180,1,2,1,45,-2,-1,-1,-1,-1,-1,-6727,8576,12725,3716,1842,7420,3708,4040,6037,4427,2090,3030,0
172589,2,2,1,48,0,-1,0,0,0,0,4567,-6873,36546,8729,10002,-2587,4675,3352,5066,1578,5835,1433,0
251963,2,1,1,31,-1,-1,-1,-1,0,-1,8134,10006,13435,2071,-3428,3599,2209,5992,4447,4554,1121,1987,0
244504,1,2,3,47,0,-1,-1,-1,-1,-1,-6751,14950,2404,7993,2436,8235,4086,2867,3591,4126,2168,4971,0
133290,2,2,2,34,-1,-1,-1,-1,-1,-1,-34786,25392,31415,22334,-5505,-14557,3512,7250,2670,4364,1166,5164,0
412481,2,1,1,37,-1,-1,-1,-1,-1,-1,-7326,21167,-10073,23440,8187,12682,13825,15845,12590,14448,13103,19103,0
226859,2,5,1,40,0,-1,-1,-1,-1,-1,-24379,22601,31102,6611,-9882,7975,4856,4085,3668,5979,3490,6286,0
436997,2,1,2,36,-1,-1,-1,-1,-1,-1,-10026,22908,-16407,12275,4503,23515,13951,13758,13197,16580,10613,18941,0
415440,2,2,2,39,0,-1,-1,-1,-1,0,9119,15420,-7244,7640,11580,14995,5017,13827,10655,6187,5681,7141,0
261123,2,2,2,49,0,0,-1,0,-1,0,-11686,1587,34193,13706,-4266,-505,3516,5712,2916,1919,1973,3010,0
176166,2,2,2,39,-1,-1,-1,-1,-1,-1,-8391,8479,2628,2252,-759,-389,1472,4466,460,3190,2086,2509,0
315571,1,1,2,25,-1,-1,-1,-1,0,0,46713,-435,-23970,349,16513,10594,3101,7931,9901,4542,3202,1276,0
160990,2,3,2,31,-1,-1,-1,-1,-1,-1,2143,11297,3910,-914,-3737,7579,2324,5362,4601,3827,1539,2126,0
142700,2,2,2,28,-1,-1,-1,-1,0,-1,14713,11704,-5439,-6696,6561,15493,4269,2601,5384,6593,3179,5631,0
280280,1,2,1,33,-1,-1,-1,-1,-1,-1,-24536,25465,10178,37039,12184,-20718,3293,5696,4064,7575,5394,4196,1
225443,1,2,1,46,-1,-1,0,0,0,0,16604,7868,-423,5133,4072,15873,4443,11989,10556,3313,3506,4130,0
390303,2,2,1,31,0,-1,-1,-1,0,0,1809,16674,-4812,13838,10918,12705,6231,13965,14696,5420,4352,6856,0
129193,2,3,1,46,-1,-1,0,0,0,-1,25312,-2374,-2939,12157,7608,7043,8205,5599,4848,6058,6442,8184,0
187811,2,2,1,30,0,0,0,0,-1,-1,-15799,3356,38282,10586,1329,-7389,666,765,259,1470,3519,1022,0
199966,2,3,1,21,0,-1,-1,-1,0,0,21572,-12199,13081,4797,8838,5011,2782,8715,10877,3657,2065,4108,0
294629,1,2,1,45,-2,-1,-1,-1,-1,0,-3576,12347,220,-3136,1832,15425,4369,10023,11418,6364,2847,7600,0
373847,2,2,1,38,-1,-1,-1,-1,0,0,11800,11499,-11154,1858,2064,18696,7561,15401,8976,10394,7210,12791,0
325114,2,2,1,35,-1,-1,-1,-1,-1,-1,-10451,30750,-9979,13344,10080,1829,8929,11912,7838,11311,8613,11539,0
143800,2,1,1,36,-1,-1,-1,-1,0,-1,-13490,11967,8861,22228,1147,-12085,5184,5314,3708,6539,4140,7641,0
249571,2,1,1,44,0,-1,-1,-1,-1,0,-2125,8491,15124,8547,3998,9376,2914,6161,6776,5478,4225,6393,0
164273,2,1,1,40,-1,-1,-1,-1,-1,-1,-1913,12365,12924,20691,4334,-4975,7195,7898,9421,8068,1663,8973,0
338569,2,1,1,39,-1,-1,-1,0,0,-1,6094,6989,2067,47673,14779,-20924,5890,12489,8120,7728,5969,2464,0
206763,2,1,1,32,-2,-1,-1,0,0,-1,6214,-3255,19413,19142,2759,5823,6436,4931,6098,4347,4353,2949,0
211070,2,2,2,50,-1,-1,-1,-1,-1,-1,15760,7318,-9904,8733,4931,20064,9428,11091,8255,11227,8591,13096,0
87085,2,1,2,34,-1,-1,-1,0,0,-1,37685,-2866,-10621,13379,16072,-7131,6327,8572,3078,5440,4940,874,0
342483,2,1,1,38,-1,-1,-1,-1,-1,-1,-23290,25384,18452,11987,8970,-1590,8420,3784,1993,11536,8589,13044,0
277214,2,2,1,45,-1,-1,-1,-1,-1,0,11813,10415,-2923,18702,6331,857,6423,11125,9135,7132,5844,6413,0
442777,2,2,2,41,-1,-1,-1,-1,-1,-1,-19088,38081,-19486,21508,3742,22430,13825,13823,12468,16276,11772,16950,0
284458,1,2,2,30,-1,-1,-1,-1,-1,-2,-19274,22117,-5682,21035,5236,-7203,6634,9766,7709,7489,4954,7781,0
113680,2,1,2,34,-1,-1,-1,-1,-1,-1,18278,6060,-8477,-1403,5060,7194,5346,1268,455,5995,4687,7017,0
151053,1,1,1,31,-1,-1,0,-1,-1,-1,22265,-3494,-1429,463,13802,-1072,1737,1924,3594,2648,3020,298,0
229916,1,3,1,39,-1,-1,0,-1,0,0,-3862,8606,22291,19642,6214,-7317,3751,4848,7090,4065,2735,3528,0
255828,2,2,1,37,-1,-1,-1,-1,-1,-1,-78,15767,6952,12238,-3348,10236,6766,4911,6692,10135,3990,10551,1
200508,2,1,1,35,-1,-1,-1,-1,-1,-1,-9229,9288,14723,25308,5037,-6699,8393,10225,7962,7451,5493,8288,0
200192,1,1,1,28,-1,-1,-1,-1,-1,-1,-8991,15766,8137,16649,15005,-10937,6148,3330,2407,6834,5655,5376,0
157260,2,3,2,26,0,-1,-1,-1,-1,0,5167,18763,-9692,-15871,8306,14192,3569,1831,7846,6621,2500,7471,0
62754,2,1,2,32,-2,0,-1,-1,-1,-1,-1337,3124,27461,670,-5081,-3022,647,1337,1333,4430,484,1267,0
234876,2,1,1,56,-1,-1,-1,-1,-1,-1,3765,12343,-4741,17082,1593,-228,7328,6555,5262,7474,4527,6228,0
239395,2,1,1,23,-2,-1,-1,-1,-1,2,-4555,18138,8704,7931,5938,9022,5320,5512,11995,5874,5582,6395,0
136169,2,2,2,27,-1,0,0,0,0,-1,11437,6025,15145,1710,-2669,2580,1372,1174,727,2489,534,1553,0
195928,1,2,2,39,-1,0,0,0,0,2,22626,-6501,8452,-11024,3293,7770,1943,5719,1888,790,1365,2894,0
255678,2,2,2,38,0,-1,0,0,0,-1,21709,1591,7237,10866,7482,8286,3465,9140,5516,4164,4953,1409,0
279273,2,2,3,39,0,0,-1,0,-1,0,-13763,18346,23386,4007,-3751,7937,3948,3542,3851,2552,1674,2571,0
103845,1,2,2,24,-1,-1,0,-1,-1,-1,13720,12046,-4454,-6643,6350,6070,1555,1002,3459,4685,4021,1343,1
301049,2,1,1,41,-1,-1,-1,-1,-1,-1,-4500,20011,2074,18034,-897,11655,8721,6974,7291,11213,8821,12041,0
158229,2,2,2,42,-1,-1,-1,-1,-1,-1,3102,13081,6836,8526,-2437,7806,5532,7269,3950,8157,5693,8871,0
262286,1,2,1,29,0,-1,-1,-1,-1,0,19626,24607,-19235,-3199,9946,23906,5627,7257,9694,8619,9873,10736,0
317804,1,2,2,32,-1,-1,-1,-1,-1,0,4833,18425,-9560,318,133,27520,6356,11991,12879,10121,4378,10683,0
217972,2,2,2,32,-1,-1,-1,-1,-1,-1,-8388,15758,17878,-3258,-7689,5569,3751,2063,1048,7468,2047,6870,0
273271,1,2,2,26,-1,-1,-1,0,-1,0,7306,17339,-10484,-4978,11437,10931,5026,8567,6569,5763,3759,8118,0
253539,1,2,1,61,0,-1,-1,-1,0,-1,-13857,20277,20803,47440,8803,-6647,7971,13787,8004,7553,7428,4818,0
240128,1,3,2,47,-2,-1,-1,-1,-1,-1,14887,8143,-11521,-4763,1908,19611,3271,2244,6191,4232,2330,3843,0
268008,1,1,1,28,-1,-1,-1,-1,-1,-1,-7487,26509,-7469,36273,9003,-5902,11349,14092,10477,12959,10568,14074,0
227999,1,2,2,31,3,-1,-1,-1,-1,0,20739,7699,-2314,3652,13454,3661,4234,4848,9401,3630,3685,3432,0
263282,1,2,2,38,-1,0,-1,-1,-1,0,-18385,14527,10320,-2468,-7591,25945,4216,4454,4668,3414,981,8282,0
328997,2,1,2,26,-1,-1,-1,-1,-1,-1,4630,29443,-14220,-14945,-592,33666,6774,4927,5947,11216,7862,14904,0
293789,1,1,1,47,-1,-1,-1,-1,0,-1,9713,19170,-3574,19849,11799,-3010,1012,10642,7251,5137,4684,3202,0
297052,1,1,1,48,-1,-1,-1,-1,-1,-1,-1357,25995,-15685,12512,4095,14388,11271,8536,9590,12145,7354,13315,0
287872,2,2,2,47,-1,-1,-1,-1,-1,-2,-20462,23464,6520,7027,-4867,13712,5832,6231,7511,9560,4617,10763,0
165266,1,5,1,62,-1,-1,0,0,0,-1,5026,11474,19608,16466,-8610,5309,4365,3860,2291,4256,1410,2294,1
478485,2,1,1,41,-1,-1,-1,-1,-1,-1,-8008,36058,-20319,21197,2072,18091,13392,13658,11139,17975,10798,21984,1
284154,2,3,1,59,-1,-1,-1,-1,0,0,16160,-2387,-6969,18013,1731,10776,8319,10628,9979,8428,5458,10190,0
310204,2,1,2,39,-1,-1,-1,-1,-1,-1,-8215,24387,-899,25023,2095,-5040,6960,7617,6349,8288,2300,4744,1
288632,1,2,1,52,-1,-1,-1,-1,-1,0,-597,19175,-15640,13800,-1308,15405,5431,8632,9261,7958,4000,6600,1
202843,2,1,2,40,-1,-1,-1,-1,-1,-1,-22,6910,-1828,8295,5542,4078,5497,4523,5880,5860,4894,6979,0
184793,2,2,1,53,-1,-1,-1,-1,0,-1,16039,18949,-22373,16768,10843,13267,10023,17036,10930,10720,10886,12592,0
155153,2,2,2,32,-2,-1,-1,-1,-1,-1,10085,12908,-6926,7255,17066,4913,6872,8937,7269,9285,8300,9177,0
213599,2,1,1,24,-1,-1,-1,-1,-1,-1,-8377,7313,23617,-6051,-50,4187,4133,343,2615,4875,3084,8544,0
167652,1,2,2,35,-1,0,0,-1,-1,-1,23631,1059,-757,-16382,5925,10631,697,793,4135,3185,1918,3728,0
179112,1,5,1,43,-1,-1,-1,-1,-1,-1,11739,12021,-6195,-4433,1287,13726,3767,2909,2921,5652,4892,5540,1
160383,1,2,1,36,-1,-1,0,-1,0,-1,7958,881,20333,18590,-3013,-4052,2518,3167,1035,5763,2955,4224,1
94950,1,3,1,38,-1,-1,0,-1,0,-1,47185,-1416,-1806,-1213,8007,4680,4971,6810,9019,4603,2399,2213,0
288562,2,1,1,38,-1,-1,-1,-1,-1,-1,11314,17329,-4912,-4279,8364,6886,5965,4092,3082,9869,6716,8600,1
209617,2,1,2,24,0,-1,0,0,-1,-1,16170,11993,325,3848,11240,7287,4817,463,2704,3537,5124,728,0
234731,2,2,2,23,-1,-1,-1,-1,-1,0,5117,9149,3669,6224,11331,2119,6419,9796,10785,6780,4855,7635,0
116145,1,1,2,45,-1,-1,-1,-1,0,-1,-3159,19213,-7797,21432,-4334,10084,9022,4399,5708,9600,6489,8756,0
173857,2,2,1,37,-1,-1,-1,-1,-1,-1,2084,6342,9125,3943,-12868,14505,4700,4810,4098,6349,2659,8107,0
283200,2,2,1,42,0,-1,-1,-1,-1,0,-388,22062,6095,29219,5499,5027,9793,15245,11187,9751,9935,11281,0
38105,2,2,2,54,-1,-1,0,-1,0,-1,15810,5410,8823,3396,309,7084,5319,3092,2128,3725,2442,2832,0
284124,2,1,1,25,-1,-1,-1,-2,0,-1,22357,-6526,-6595,12563,2908,-2581,3431,8048,3456,4783,3313,3909,0
196427,1,1,2,43,-1,-1,-1,0,0,-1,5329,12127,-775,36788,11753,-24047,3640,15216,5448,6982,2739,2329,1
240728,2,3,2,39,-1,-1,-1,-1,-1,-1,56894,1786,-35281,-9241,14207,37445,10698,11695,14300,12885,10929,15350,0
133293,1,2,1,37,3,-1,-1,-1,-1,0,36905,-7332,-10476,-10740,3621,18703,2480,742,6652,3534,3306,2317,0
282893,2,2,2,28,-1,-1,-1,-1,-1,0,19127,14697,-7181,-2896,4467,28505,8336,8348,9210,9554,9265,12013,0
287890,2,1,1,25,0,-1,-1,-1,-1,0,1831,2578,7947,3765,1649,10817,5728,3671,6408,4106,3790,6841,0
195368,1,3,2,40,-1,-1,-1,-1,0,0,29936,10697,-22305,-9265,5838,18087,2853,5216,4813,2426,3443,2254,0
404854,2,1,1,38,-1,-1,-1,-1,-1,-1,-24871,38912,-460,34480,6122,-8232,10627,9863,2913,14346,10215,17201,1
188835,2,2,2,31,-1,-1,-1,-1,-1,-1,11350,24364,-17593,1161,6316,15465,8498,1571,842,9321,8826,11489,1
303200,1,1,1,35,-1,-1,-1,-1,-1,0,8293,25755,-8301,-7254,9618,22833,8669,10158,11072,11217,7552,13897,0
216746,1,1,1,38,0,-1,0,-1,-2,-1,-9748,11058,19483,32921,3472,-424,3267,5393,6278,6612,4967,5486,0
54497,2,2,2,42,-1,-1,0,-1,0,-1,40294,2594,-8200,-9302,18584,4794,2899,1818,3412,5114,4075,1641,1
305477,1,1,1,43,-1,-1,-1,-2,0,-1,14878,8432,-17703,14182,1139,16235,8330,8994,7804,8762,7995,10516,0
54274,2,1,2,31,0,-1,0,-1,0,-1,24366,2462,4077,-6392,-2469,12958,3407,777,3412,1897,3001,1656,0
166546,2,2,2,35,-1,-1,-1,0,0,0,11870,6052,6373,-532,5879,4370,1244,7485,5558,2539,1049,1621,0
194507,2,2,2,22,-1,-1,-1,-1,0,0,27996,25,2049,-11611,7760,14910,5938,9702,8458,3671,3207,3352,0
240938,1,1,1,45,0,-1,-2,-1,-1,0,33343,12139,-13211,-7593,2078,38114,7695,5828,6364,6128,8455,9125,0
154775,2,1,1,42,-1,-1,-1,-1,-1,-1,-17983,9390,26747,16190,2046,-11898,1360,3089,4044,5394,2127,4590,0
194849,2,2,2,28,-1,-1,-1,0,-1,-1,797,9812,10497,1505,3690,3292,4856,3719,3464,4907,4593,6579,0
279968,2,1,1,30,-1,-1,-1,-1,0,-1,3949,2918,1704,32584,8933,-14173,6314,7812,6433,8470,5162,6283,0
234314,2,2,1,40,-1,-1,-1,-1,0,0,-9008,21321,5148,18252,-7211,1080,7407,9836,7670,6313,2151,3809,0
149209,2,1,2,35,-1,-1,-1,-1,-1,-1,13421,7217,402,-5440,10365,4314,4375,898,5883,8729,4873,6867,0
219581,2,5,1,23,-1,-1,-1,-1,-1,-1,6191,3513,3263,22640,9924,-13782,8243,6950,3985,8381,7947,6045,0
231984,2,1,2,35,-1,-1,-1,-1,-1,0,1461,7138,24522,9873,4541,-4131,2860,9082,7931,4819,833,4121,0
149796,2,1,2,31,1,0,0,0,0,-1,5020,3611,11840,11297,-2564,262,1309,7451,5192,2970,1327,3563,0
184419,2,3,1,26,-2,-1,0,0,0,0,22008,-10082,24584,6998,9880,1148,6034,7818,9701,780,1166,1908,0
249406,2,1,2,48,0,0,0,0,0,0,12757,10507,14335,-8016,13541,5049,1332,6282,4947,1499,3368,862,0
184339,1,1,1,29,0,-1,-1,-1,-1,0,-1108,7951,3657,21040,12750,-2719,7177,5798,10635,5718,5266,5585,0
177335,2,2,2,30,-1,-1,-1,-1,-1,-1,516,17885,1924,-3164,828,17393,4280,1035,4069,6019,5717,6483,0
222073,2,1,2,34,0,-1,-1,-1,-1,-1,25098,13661,-19232,-12591,5575,26868,6007,348,4446,5834,6364,7472,0
217659,2,5,1,34,-1,-1,-1,-1,-1,-1,22198,2124,12451,-3318,9652,1078,1770,5625,4650,5746,3567,2342,0
178236,2,1,1,38,-1,-1,-1,-1,-1,-1,-9924,21601,3702,16963,12133,-3597,5993,4308,5518,7665,7377,6465,0
204701,1,2,1,55,0,-1,0,0,0,0,15344,9663,13299,-3588,-4068,17855,2319,5280,6115,3070,165,4379,0
297449,2,1,1,58,-1,-1,-1,-1,-1,-1,-14248,13886,9478,31953,1783,-3414,6395,7659,3541,7363,6454,5715,0
239625,1,1,2,52,-1,-1,-1,-1,-1,-1,60,32228,-19270,6847,9580,17281,14270,8453,7188,15442,12322,17649,1
172829,2,1,2,29,3,-1,-1,-1,-1,-1,43261,4520,-19892,-16782,16579,23893,5051,1535,8064,8462,5097,5850,0
250875,1,1,2,32,-1,-1,-1,0,0,-1,15658,733,11953,17509,5745,-1469,4898,12726,8180,3376,3131,684,0
343140,2,1,1,50,-1,-1,-1,0,0,2,-21432,10812,19202,18114,-13278,7314,7620,7825,4019,8306,4628,12310,0
305282,2,1,2,31,-1,-1,-1,0,0,0,1592,12166,13362,26405,10142,-8133,2616,10568,9200,3427,632,847,0
149161,2,1,1,29,-1,-1,-1,-1,0,-1,36820,-20246,4610,17806,17400,-10781,7623,9837,6917,6846,7073,5907,0
241185,2,1,1,45,-1,-1,-1,-1,-1,-1,13620,11207,489,-7502,-1528,19634,5500,1285,4970,8207,5307,10524,1
149256,2,2,2,43,-1,-1,0,0,0,-1,13822,-2956,15243,7368,-4658,7099,3995,5713,3111,3463,2604,5924,0
185811,2,1,2,39,0,-1,-1,-1,-1,-1,23424,11639,-2019,-11959,16854,12522,3914,1126,5209,4953,4216,1732,0
177979,2,2,2,46,0,-1,-1,2,-1,0,6379,11323,42,5956,13696,-2008,4578,4240,3028,2458,3982,2281,0
379724,2,1,1,24,-1,-1,-2,-1,-1,0,40850,4372,-33214,-10451,25105,21844,11479,10096,11019,11919,14189,15325,0
109266,1,2,1,42,0,-1,-1,-1,-1,-1,-13853,23806,5408,7610,-1053,17752,6227,5467,7183,6121,7226,7327,0
174517,1,1,2,40,3,-1,-1,-1,-1,-1,23760,5877,-3803,11459,17505,600,4194,4885,7279,4812,2089,636,0
173923,2,1,1,39,-1,-1,-1,-1,0,-1,20246,5969,4129,579,11341,8738,4506,9198,6620,5605,6379,5229,0
187368,2,2,1,42,-1,-1,-1,0,0,-1,4074,5510,13220,5699,-4076,3344,3046,6315,2927,3292,1697,3919,0
193610,2,2,2,37,1,-1,-1,0,-1,-1,-2456,23453,3297,5345,-8838,16651,5502,8561,5634,7312,2530,7620,0
289253,1,2,2,47,-1,-1,-1,0,0,0,14318,10750,-6756,2869,-5415,15202,4737,7671,5229,4225,1654,5849,0
273870,2,1,2,48,0,-1,-1,-1,-1,0,-17746,25899,301,3727,-6903,24956,5808,5615,6272,10309,7342,12450,1
221906,2,1,1,23,-1,-1,-1,-1,-1,-1,19723,9821,-9213,8788,7796,13004,7711,9037,6536,10044,8493,12543,1
219940,2,2,2,29,-1,0,-1,6,-1,0,17101,20263,2399,-15154,11865,18969,3872,6473,7016,6238,1115,8016,0
389204,2,1,2,25,-1,-1,-1,-1,-1,0,-31091,27167,-3689,31968,9833,-6828,11932,16385,13506,12578,9716,13246,0
177307,2,1,1,33,-1,-1,-1,-1,0,-1,-520,8783,4498,35252,1809,-9548,10273,5849,2132,10989,7756,11289,1
222977,2,1,2,45,-1,-1,-1,-1,0,0,42379,10984,-19435,1304,1865,32406,8627,15170,12595,12423,7545,12718,1
197506,2,1,1,25,-1,-1,-1,-1,0,-1,25092,2018,-2509,-2692,14296,6762,6157,5801,6000,5331,5580,6592,0
394015,2,1,2,46,-1,-1,-1,-1,-1,-1,10334,37295,-34844,16889,1881,28390,15258,13956,12198,17208,11290,17915,1
110856,2,3,1,45,0,-1,-1,-1,-1,-1,-2141,16803,9880,-4980,1226,10860,4679,1321,1253,4974,4124,3869,0
304777,2,1,1,40,-1,-1,-1,0,0,0,-1257,7442,14663,28703,5203,-7190,5205,14045,10162,3900,3789,1585,0
168194,2,5,1,34,-1,-1,0,0,0,-1,18914,-3723,11240,4131,12659,-13208,3383,1805,412,3573,3039,766,0
216924,2,2,2,31,-1,-1,-1,-1,0,0,20850,12128,-4615,-5414,3720,13142,2989,7258,7382,3954,1779,2440,0
127052,2,1,2,44,2,-1,-1,-1,-1,-1,8996,10203,-8189,-3942,7040,11893,6515,1623,2161,8945,7142,8943,0
106485,1,2,2,41,-1,0,0,0,0,-1,7308,-1142,9569,12490,1643,-3800,2796,6148,2858,1844,526,2432,0
243814,2,3,1,43,-1,-1,-1,0,0,-2,2257,4926,16988,6329,-10743,11600,7349,13087,8241,7622,3080,12230,0
234806,2,3,1,28,0,-1,0,0,0,-1,13093,2591,5464,7359,5780,-275,5160,4439,3805,3430,5846,4111,0
175233,2,1,1,35,-1,-1,-1,0,0,-1,20568,-9315,7312,23878,18351,-15381,5160,11006,6990,4284,3134,904,0
248247,2,2,3,37,-1,-1,-1,-1,-1,0,-1449,19513,795,-9767,4159,15368,3900,2491,4883,3043,1124,4521,0
227543,2,1,2,28,-1,-1,-1,-1,-1,-1,-8262,15212,-1286,17338,7674,1982,12562,10843,7500,10471,8478,10870,0
355284,2,2,1,33,-1,-1,-1,-1,-1,0,-2780,16838,-6594,-9586,-11642,23672,4101,8009,7342,7785,1979,11640,0
385432,1,1,2,39,1,-1,-1,-1,-1,-1,-20960,35065,-9726,24113,-4211,23835,13458,15309,10669,15726,10829,22546,0
328550,1,2,2,44,-1,-1,-1,0,-1,0,-14227,10936,13251,25241,-6073,5218,5534,10994,11491,4013,719,3362,0
231552,2,1,1,37,-1,-1,-1,-1,-2,-1,-18484,33498,-11500,27906,-590,8888,12597,11328,6494,15722,14179,19044,1
208045,2,2,2,45,-1,-1,-1,-1,-1,-1,3055,18793,-210,-8812,5448,12210,4717,3755,3415,7285,4845,7871,0
226495,2,2,2,34,-1,-1,-1,-1,0,-1,-2938,15511,3580,6032,-349,6269,4867,4254,1888,4162,2662,5123,0
90412,2,1,2,26,-1,-1,-1,-1,-1,-1,-7576,9269,18871,-3044,-3665,1250,4461,402,2869,5435,2914,4589,0
326009,1,1,1,37,-1,-1,-1,-1,0,-1,6313,20848,-25539,13320,-503,16459,9529,12756,8004,10811,8313,12356,0
187900,2,2,2,40,-1,-1,-1,-1,-1,-1,-5683,14651,16042,18290,12844,-16239,1094,6286,4706,6324,1578,2241,1
75726,1,1,1,43,0,-1,-1,-1,0,-1,3909,5477,14077,23812,-2843,-2420,3440,8724,7318,5276,5323,2441,1
87360,1,1,1,43,0,0,0,-1,-1,-1,-16930,12321,32225,13652,2832,-5991,571,407,1370,2057,318,687,0
146626,1,2,1,51,-2,0,-1,0,0,2,10900,-6364,26205,5799,-11883,9452,3082,5036,5933,3385,503,1147,0
157205,1,2,2,49,-1,-2,-1,0,-1,0,30285,5347,-14530,-3171,4090,25882,6042,4882,6859,4618,6871,8368,0
150258,1,1,2,47,-1,-1,-1,-1,-1,-1,18864,10052,-13040,5148,9892,7823,3675,6181,7549,6723,5977,6730,1
82747,1,1,1,31,0,-1,-1,-1,-1,-1,15020,9799,2165,-1421,-2609,19168,4949,2794,4999,6481,5956,6664,0
209758,1,2,1,44,0,-1,-1,-1,-1,-1,11945,27667,-16049,-17434,976,37015,5585,4265,3371,7658,6951,12169,1
184703,2,2,1,34,-1,-1,-1,-1,0,-1,-2478,12619,-1210,8345,6150,1962,4699,4541,4942,6780,5007,8294,0
356941,2,1,1,27,0,-1,-1,-1,-1,0,-7352,8269,10593,5428,8836,3730,6053,2214,5204,7617,7914,9640,0
255802,2,2,1,41,-1,-1,-1,-1,-1,-1,-3007,20929,7012,105,-5160,11902,9556,1724,2330,9380,4677,12431,0
316375,2,1,1,33,-1,-1,-1,-1,0,-1,-1278,20269,-7268,31611,16877,-11996,9686,11282,7279,10441,7647,8499,0
164728,2,5,1,53,-1,-1,-1,-1,0,-1,38471,7067,-13993,1158,6164,18905,6590,7983,9186,11487,5392,11764,1
145437,2,2,1,44,-1,-1,0,0,0,-1,16365,1659,6524,22668,4062,-3551,5704,4907,4785,3031,4613,2161,0
227187,2,1,1,40,-1,-1,-1,0,0,-1,-2610,5926,20932,30275,5767,-10859,5866,11806,6588,9320,6495,5728,0
94815,2,2,2,50,-1,-1,0,-1,0,-1,51181,-9936,-16801,-27260,-833,33188,2646,4446,7092,4111,458,4357,0
149585,2,3,1,21,-1,-1,-1,-1,0,-1,11493,-4854,2884,-2424,8629,-1584,3637,5037,3693,4258,4263,3965,0
156532,2,3,1,23,-1,-1,-1,-1,-1,0,29418,-2927,-4649,-7888,8726,15886,5315,3269,6795,4658,4821,7212,0
167913,2,1,2,25,0,0,-1,-1,-1,0,1841,10360,10262,-10252,13964,8434,4550,2276,5717,3060,3857,2869,0
162526,1,2,1,35,-1,-1,-1,-1,-1,-1,-13870,17389,22020,38170,16065,-37175,2436,4332,2571,5602,3194,297,1
84339,2,2,1,41,0,0,0,-1,-1,-1,14907,-1277,16409,-11574,-969,16940,2723,272,250,4372,4703,4653,0
194487,1,1,2,45,-1,-1,-1,-1,-1,0,7582,15406,-10188,-4750,3072,19307,5829,7038,6272,6158,6093,10052,0
325287,1,2,1,22,-1,-1,-1,-1,-1,0,-5658,15392,-1682,45397,15235,-21476,9536,15047,13884,8972,6080,6851,0
171697,2,1,2,48,1,-1,-1,0,0,-1,-11411,20990,6694,35758,-5245,-4696,6545,8917,2546,7845,7282,6204,1
86461,2,1,2,29,-1,-1,0,0,0,-1,12651,6414,1490,-5187,-5090,10123,4496,2108,3232,4324,986,6315,0
236526,1,1,1,52,-1,-1,-1,-1,-1,-1,11726,10739,-11127,17623,2734,8504,7346,7799,5547,8977,6486,7683,1
232736,1,2,1,45,-1,-1,-1,-1,-1,-1,-17198,27318,12349,22052,-3192,-3914,7451,1990,1135,10841,5103,8578,1
174508,1,1,2,24,-1,-1,-1,-1,-1,-1,-13578,22218,5910,5303,276,-3011,4083,1077,2390,8105,3206,8994,1
104407,2,2,2,24,0,0,0,0,-1,-1,-14046,20263,26007,5733,-5704,-2211,1830,1309,2391,1199,2437,2259,0
93255,2,3,2,37,-1,-1,0,-1,0,-1,18208,-886,9234,3257,5988,3008,4055,3727,2339,4207,4794,1374,0
209604,2,2,1,29,-1,-1,-1,-1,-1,-1,-9465,1688,25092,12504,4934,-13032,3631,2118,1368,3512,2407,634,0
267245,2,2,1,38,0,-1,-1,-1,-1,0,-29838,16621,18212,6926,-8071,8329,4416,297,3754,4552,3727,7425,0
233345,1,2,2,33,0,0,0,-1,-1,0,11080,14188,5812,-6031,7203,14852,2332,2531,6424,1883,4127,2020,0
238429,1,5,1,33,-1,-1,-1,-1,0,-1,49031,1798,-14772,12179,16436,14785,8295,11050,10366,11255,9867,11109,1
183552,2,1,1,32,-1,-1,-1,-1,-1,-1,11651,25080,-28240,4794,10386,16758,10981,5161,5692,10341,10652,13718,1
308632,2,1,1,42,-1,-1,-1,0,0,-1,-24836,8487,19569,64461,-70,-30274,6560,13447,7954,5854,2456,2995,0
285413,2,2,2,42,-1,-1,-1,-1,-1,-1,20881,15550,-21057,1200,2806,20697,6706,6787,4985,8563,4881,7696,0
247175,2,1,1,37,-1,-1,0,0,0,-1,-12508,8835,23630,20004,-13707,-8059,2122,3915,555,5858,350,4485,0
308917,1,2,2,40,-1,-1,-1,-1,-1,0,-631,17902,-3304,1123,10067,15146,6155,7870,8095,8073,7243,10135,0
171481,1,2,2,36,0,0,0,0,0,0,41382,1086,20362,-30693,7444,25419,2370,7201,10692,245,348,1084,0
145156,2,1,2,24,-1,-1,0,-1,-1,-1,36401,763,-11065,-22324,6745,25534,5593,2032,6125,7498,6444,8353,0
272103,2,3,1,32,0,0,-1,0,-1,0,-10718,8882,27083,18812,-283,-2062,3604,5673,5835,1947,3303,2281,0
190256,1,5,2,48,-1,-1,-1,-1,0,-1,13598,8825,7286,9219,5286,9183,6124,6105,5040,6641,5096,5496,0
224762,1,1,1,37,-1,-1,-1,-1,-1,2,9413,22035,-547,166,-11237,25187,8276,6571,6698,11167,5418,13467,1
118122,1,1,2,25,-1,-1,-1,-1,-1,-1,4249,17281,1058,9399,1835,518,1752,1874,2997,4989,1554,1024,0
293490,2,1,1,38,-1,-1,-1,-1,-1,-1,-1811,17585,-7218,8128,11551,18407,12445,4731,6671,14140,17079,17625,0
67242,2,1,2,35,-1,0,0,-1,0,0,21758,233,21913,-25329,6772,20777,768,2061,6007,430,610,350,0
107337,1,2,1,35,0,-1,-1,-1,0,-1,-10085,10686,10775,11612,5086,-6091,1900,2808,218,2753,3026,2505,0
154402,2,1,2,38,0,-1,-1,-1,-1,0,8679,2941,13789,-4020,7700,16638,2128,7798,8894,2536,2879,3307,0
83147,2,3,2,24,8,0,0,0,0,-1,47216,-2365,4353,-19107,2240,11332,2588,744,594,1965,29,351,0
146235,2,2,2,31,-1,-1,0,-1,-1,-1,2212,13271,7780,3089,14464,-5788,2232,2739,4235,2998,3054,1170,0
450325,2,2,1,36,-1,-1,-1,-1,-1,0,-10279,20851,-17,9349,2810,20505,12128,13676,11410,15148,12118,18447,0
282886,1,1,1,41,1,-1,-1,-1,-1,-1,-22055,15795,13121,37622,6250,-9521,5207,10968,6383,6485,6455,7393,0
178445,2,1,1,42,0,-1,-1,-1,-1,-1,2314,2693,17360,15121,-3420,3563,4919,4645,4544,4885,2274,2977,0
181366,1,2,1,59,-1,-1,-1,-1,-1,-1,13019,21606,-13498,1774,12308,8995,5312,4020,5380,6211,5889,5702,1
248768,1,2,2,39,-1,-1,-1,0,0,-1,3950,8186,8105,12957,1663,-4924,3246,6871,3663,3490,251,1204,0
94817,1,3,2,54,-1,-1,0,0,0,-1,30260,-6500,7079,7217,-7042,12076,4065,5001,3655,2886,1037,1524,0
295150,2,2,1,46,0,-1,-1,-1,-1,-1,-7557,27994,5890,2329,14986,6405,2794,6742,3166,6024,7285,7624,0
218274,1,2,1,40,-2,-1,-1,-1,-1,-2,-27235,20921,16309,1505,-7512,8512,5645,1039,4180,6256,2305,7181,0
227992,1,2,2,32,3,-1,-1,-1,-1,0,34828,4324,-17572,-14329,16484,26445,5990,8719,12964,4057,3632,5672,0
128569,2,1,2,45,-1,-1,-1,-1,0,-1,28503,7892,-12646,10314,4750,8362,5968,10605,7490,4999,5589,4812,0
206112,2,2,2,25,-1,-1,-1,-1,0,-1,5136,7614,6948,-622,-492,3603,3077,2988,1150,6937,3018,6808,0
120354,1,1,2,39,3,-1,0,-1,0,-1,36838,-20503,-4301,-5748,9650,20421,1957,5252,6261,3344,4042,905,0
231574,2,2,2,42,0,-1,0,0,-1,0,34662,2785,-9401,-19212,1357,32540,2776,4080,5938,3194,3824,5151,0
190884,2,3,2,42,-1,-1,-1,0,0,-1,-7121,15548,-8181,17406,1260,6519,9423,8641,5847,7447,6448,9013,0
268478,1,2,1,48,-1,-1,-1,-1,-1,0,-22600,19872,13524,19682,-7554,-1044,4728,9187,5312,4534,2517,4167,0
378533,2,1,2,30,0,-2,-1,0,-1,0,-2005,5006,7560,3186,9334,15649,6383,13023,9570,6929,9717,10988,0
261801,1,1,2,35,-1,-1,-1,-1,-1,-1,-7357,10599,3341,19898,7580,-1826,4743,10513,9529,7462,3134,7133,0
411909,2,2,2,58,-1,-1,-1,0,0,0,6085,7813,1372,30443,-331,3831,6356,16443,7442,9540,5526,8790,0
264929,2,2,1,43,-1,-1,-1,-1,-1,-1,-16575,19876,1062,27126,-7967,-705,11104,12547,8584,11354,7561,13063,0
239696,2,1,1,30,0,-1,-1,-1,-1,0,-16239,13227,15284,18865,5932,-8791,2503,2809,4584,3120,1344,1031,0
305598,1,1,2,42,-2,-1,-1,0,0,0,7682,8338,-1171,14639,3222,16712,5828,11261,11764,7265,4513,8109,0
218259,1,3,3,33,-2,-1,-1,-1,-1,0,25588,12276,-9865,-13889,9926,28259,4921,3816,9499,5450,4533,8694,0
117518,1,3,1,42,0,-1,0,-1,0,0,1759,4388,18542,9846,3037,-492,3701,4465,4293,512,3080,1568,0
194019,2,2,2,39,0,-1,-1,-1,-1,-1,12839,18584,-8423,-11385,17626,13943,6967,2649,1968,8151,8749,9142,0
316107,2,5,1,42,-1,-1,-1,-1,-1,-1,488,20058,3516,20282,6870,2955,10915,12217,5721,14110,10532,15373,1
203261,2,1,2,42,-1,-1,0,-1,-1,-1,9351,20861,4816,-12760,2641,17059,4720,1451,111,7531,5684,8775,1
199694,2,2,1,38,-1,-1,-1,-1,-1,0,9872,9099,9843,3404,-5866,9932,5116,5620,8637,5644,1638,5273,0
233206,2,1,1,47,-1,-1,-1,-1,0,-1,-1986,13114,5174,26151,5935,-6323,4461,11296,7873,5239,5235,3470,0
292323,2,1,2,34,-1,-1,-1,-1,0,-1,-531,11375,-13827,48292,15747,-8927,11904,21916,13746,13170,10382,12143,0
295744,2,2,2,34,0,0,-1,0,0,0,-9522,15020,13328,9521,-6169,13449,3978,8069,4535,3713,2315,2074,0
190617,1,1,1,33,-1,-1,-1,-1,-1,-2,-1078,22877,864,19932,4735,-3958,6847,7647,9610,6648,5367,4650,0
201790,1,1,2,44,-1,-1,-1,-1,-1,-1,20632,13878,-17725,769,6385,13450,3129,7005,5358,7675,5325,5618,1
268099,2,1,1,36,-1,-1,-1,-1,-1,-1,-7069,17946,1581,20371,2540,-4916,7204,5761,5321,9634,7287,7868,1
235214,1,2,1,26,-1,-1,-1,-1,-1,0,10771,10836,-9420,-1870,-1523,19850,6967,7559,9821,6582,6412,10275,0
288393,2,1,2,23,-1,-2,-1,-1,-1,-1,27605,14698,-15856,-17487,13043,22793,5641,1600,5416,8265,7394,10416,1
163032,2,3,2,26,-1,-1,-1,-1,-1,-2,1722,20365,-3057,275,-7364,11202,5230,2720,4758,7254,1431,7402,0
136839,1,1,2,43,-1,0,0,-1,-2,-1,17953,6742,-12333,225,10406,6787,1735,2813,2647,4337,4260,6228,0
224392,2,1,1,29,-1,-1,0,-1,-1,-1,-17818,21413,19948,18118,777,-9525,4584,162,1175,7152,4249,6566,0
217767,1,1,1,39,0,-1,-1,-1,-1,-1,3560,4748,1521,10055,-104,9016,5883,5621,3869,6939,6585,7085,0
235491,2,2,1,30,-1,-1,-1,0,0,0,1672,13669,9554,14521,4367,7895,9025,6219,8196,5026,6405,6746,0
284041,2,2,1,46,-1,-1,-1,0,-1,-1,-33386,20305,35003,28092,1546,-13545,4689,6875,3690,5625,5032,5323,0
268937,2,1,2,44,-1,-1,-1,0,0,-1,29258,2942,-21906,19102,1114,12310,6081,5990,5003,8323,5543,6877,0
242350,1,2,2,39,-1,-1,-1,0,0,-1,3429,14282,1925,5617,6145,4199,7286,3529,1514,7771,6939,7743,0
188054,1,3,2,42,0,-1,0,0,0,-1,25493,3745,5952,-4361,-6558,24758,3381,2320,4890,3750,2420,4685,0
385760,1,2,1,28,-1,-1,-1,-1,-1,0,12898,24823,-23419,5279,8948,21706,10312,17854,14093,12306,8472,13517,0
207931,2,1,1,37,0,0,0,0,0,0,-4811,-1165,36326,32591,766,-7756,4996,13983,9921,4070,7588,3768,0
312054,2,1,1,30,0,-1,-1,-1,-1,0,3064,10719,-9111,-3376,-4326,29051,8980,6653,8663,9101,5677,12815,0
214141,1,2,2,42,-1,-1,-1,-1,-1,-1,-10602,17030,1410,1057,-2227,4143,2880,223,168,5658,1484,5856,1
249083,1,2,1,45,-1,-1,-1,-1,-1,-1,10070,21466,-5816,26551,5376,12166,10961,14366,13208,10077,9579,8982,0
177358,2,2,2,27,-1,-1,-1,-1,0,-1,12215,19277,-14433,14670,8902,-3778,7423,8718,2756,9463,8493,9508,0
124296,2,1,2,22,-1,-1,-1,-1,-1,-1,-2567,15121,-1776,5496,14839,-6305,5704,1665,4525,4806,4042,6204,0
231622,2,2,2,34,-1,-1,-1,-1,-1,-1,6359,4347,12037,14774,-1119,-1209,7079,5325,3414,7223,3077,5906,0
236740,2,1,2,35,-1,-1,-1,0,-1,-1,-15187,18635,17084,18297,-7500,-8131,4379,3203,614,4731,2000,2135,0
333299,2,2,1,38,-1,-1,-1,-1,0,0,-16290,23650,9941,11515,3229,1678,3771,10763,6364,8404,3683,7167,0
254648,2,1,1,41,-1,-1,-1,-1,-1,-1,-13421,23460,9663,16239,-2747,4455,3552,5768,5367,10047,4047,8432,1
343291,1,1,1,38,-1,-1,-1,-1,-1,-2,-39437,32923,13166,38298,-9152,-3323,9559,10279,9933,11346,8185,12991,0
233555,2,2,2,32,-1,-1,-1,-2,-1,-1,12469,8470,-8691,14890,8102,2948,4769,5424,5348,5169,3550,2869,0
424856,2,2,2,52,-1,-1,-1,-1,-1,-1,-1438,21804,-10233,16025,1494,21121,11793,10683,6214,14665,10391,16625,0
295758,2,1,2,35,1,-1,-1,-1,-1,-1,-11741,25308,3680,25522,-8875,12514,7922,10812,7230,11608,9645,12724,0
108490,2,1,2,38,-2,-1,-1,-1,-1,0,11396,5873,11140,-10687,24,14601,2936,2560,4964,2985,1001,2692,0
101923,1,2,2,41,0,0,0,0,0,-1,31931,1278,-18629,-6627,4279,21958,2650,4987,4066,1169,4747,3396,0
150427,1,2,1,33,0,-1,-1,-1,0,0,27690,1717,-10005,19382,6676,10029,4916,8074,8645,2876,5062,1291,0
134230,2,3,1,47,-2,-1,-1,-1,0,-1,-5671,2646,27485,17590,-2536,-7676,3310,4321,3140,5421,2200,4222,0
104573,2,1,2,52,-1,-1,-1,-1,0,-1,-11741,19741,5304,37948,18172,-21345,6133,8360,4847,6785,7686,1270,1
176923,2,1,2,28,-1,-1,-1,-1,0,-1,9279,12128,-10906,-8837,-91,18033,5854,3963,4477,6917,4389,10640,0
260902,1,2,1,41,0,-1,-1,-1,-1,0,13177,8527,-2756,25605,18259,5837,8431,14474,9484,6395,11788,4838,0
297377,1,1,2,37,-1,-1,-1,-1,-1,-1,-1117,15311,583,14431,4963,734,5966,8566,4354,9797,6892,7439,1
271739,2,1,2,28,0,-1,-1,-1,-1,-1,-30215,25191,2824,15902,4742,-299,6887,3973,4346,7785,6550,6651,0
271028,2,1,1,46,-1,-1,-1,-1,0,-1,13563,5700,-3705,2467,5027,16725,8381,11466,8107,11836,8388,15097,0
136095,1,1,2,34,-1,-1,-1,-1,-1,-1,-33065,17327,23654,24227,-10559,-12155,3895,3424,3310,3410,388,2138,0
471399,1,2,2,62,-1,-1,-1,-1,0,0,-3387,35149,-34329,9332,348,26860,9192,15780,9511,12611,4980,15940,0
154843,1,2,1,42,0,-1,-1,0,-1,-1,-1622,13269,17974,11922,-7711,-3409,3372,2944,2254,2623,959,464,0
210146,2,1,2,44,-1,-1,-1,-1,0,-1,21092,16445,-20341,-3639,7641,23481,9910,5965,6043,10462,8607,13012,0
219320,2,1,1,43,0,-1,0,0,0,-1,7667,596,31827,24342,-241,676,4466,8080,3955,2862,4327,2427,0
275297,2,1,2,24,-1,-1,-1,-1,-1,-1,-6987,25987,-14020,-1666,9606,13832,11103,1773,6292,12393,7512,14521,0
69568,1,1,1,40,-1,-1,-1,-1,-1,-1,25,12415,13035,8099,1774,-1796,2652,2279,5294,3028,1226,1555,0
254386,1,2,2,37,-1,-1,-1,-1,-1,-1,24925,23891,-23025,-8072,5941,32523,8680,7653,9981,10605,7710,11529,0
243956,2,1,1,58,-1,-1,-1,-1,0,-1,1044,22104,-8917,36340,6406,-11579,10018,9991,7246,11731,6203,7224,1
103990,1,2,2,31,0,-1,0,-1,-1,0,-1257,19312,22267,-6742,3433,13350,2245,434,7409,1518,3249,551,0
107214,2,1,2,36,-1,-1,-1,-1,-1,-1,16469,25358,-29365,-4376,7351,22392,8906,3926,4278,8505,8678,9465,1
186767,1,2,1,38,-1,-1,-1,-1,0,0,15082,17600,-21099,1622,4733,18212,6522,6660,9897,6492,6020,8145,0
151621,2,3,1,29,0,0,0,-1,0,-1,23609,-5548,16836,6927,5050,-2763,519,5955,3952,2167,2511,25,0
228430,2,1,2,46,-1,-1,0,0,0,-1,14241,9809,-8309,23263,9653,-1961,5080,10023,7306,6782,6844,3239,0
276615,2,1,1,22,-1,-1,-1,-1,-1,-1,15603,7753,2977,994,11678,2005,4362,3739,3818,8469,5963,9891,0
214185,1,2,1,28,-1,-1,-1,0,0,-1,9182,10753,-3500,14540,5491,-854,5150,6982,7063,5045,3430,5245,0
200195,2,1,2,51,-1,-1,0,-1,-1,-1,509,18627,-887,5320,3468,-167,3881,502,705,5252,2205,3610,1
245590,2,3,2,40,-1,-1,-1,-1,-1,-1,-2397,17628,-4378,-1819,2934,7038,4645,4262,5574,5912,579,3462,0
198145,2,1,2,24,-1,-1,-1,-1,-1,-1,-14747,28212,111,10777,5969,2131,7250,2259,2795,8889,5503,9973,0
365945,2,1,2,26,-1,-1,-1,-1,-1,-1,12604,35232,-34921,-10248,781,48936,16413,10329,11695,18139,15104,25968,0
224664,1,2,2,38,0,-1,-1,-1,-1,-1,10442,23630,-17592,485,2969,24666,4888,2384,4390,10121,8991,10004,1
189380,2,1,1,41,-1,-1,-1,-1,-1,-1,-9550,15415,13642,13476,-2778,9981,8276,5802,6237,9907,6977,14655,0
347680,2,1,1,31,-1,-1,-1,-1,-1,-1,-7671,17726,-2645,13695,2307,9946,10440,11638,8495,12063,8706,14704,0
323351,2,2,2,22,-1,-1,-1,-1,-1,-1,6605,19910,-11567,10697,2444,7943,10271,8867,5349,10496,7797,10566,0
373636,1,1,1,50,-1,-1,-1,0,-1,0,-5124,20724,1587,3543,-4980,24986,6684,6160,6853,7715,5803,10773,0
27987,2,5,1,29,-1,-1,-1,-1,0,-1,45781,-7667,772,-23695,6703,22639,9195,2094,4942,7777,7487,10546,0
255352,2,1,1,28,-1,-1,-1,-1,-1,-1,-3582,13833,-2802,22521,13649,-6263,10502,10878,7099,12191,10209,14726,0
162696,1,1,1,41,-2,-1,-1,0,2,0,-1294,-4334,3077,32235,7452,-5190,6991,9219,9926,4903,6423,6410,0
381808,1,1,1,38,-1,-1,-1,-1,-1,-1,-10206,19490,-4072,20044,2162,-5584,4435,6786,4198,8063,4395,7529,0
339696,2,1,1,42,0,-1,-1,-1,-1,-1,-24917,22574,6588,36340,11795,-8714,8274,6423,6616,9196,8704,7870,0
211611,1,1,2,44,-1,-1,-1,-1,0,-1,38017,2484,-24134,7454,13790,14862,7728,8703,8315,9979,7591,9455,0
179746,1,2,1,32,0,-1,0,-1,-1,0,3849,14778,12808,-4704,2702,13785,2145,1380,7238,1739,1855,1862,0
175310,2,5,1,31,0,-1,-1,-1,-1,-1,12666,433,956,9364,10813,-1521,5520,4067,3504,4442,6710,3049,0
208578,1,1,1,38,-1,-1,-1,-1,-1,-1,-15402,20583,23204,14097,-10285,10206,4868,4989,6583,8289,5670,8403,0
262850,1,1,1,30,-1,-1,-1,-1,-1,-1,-12963,27851,42,20261,-8471,-344,6328,4548,4210,8904,2433,7158,0
411790,2,2,1,39,-1,-1,-1,0,-1,-1,-2341,27911,-18532,20437,4382,19476,12437,9345,8715,13704,10808,17901,0
233313,2,1,1,30,-1,-1,-1,-1,-1,-1,3417,16286,-10158,7782,1563,11505,6381,1349,3957,8932,6814,10897,1
213059,1,1,2,45,0,-1,-1,-1,-1,-1,-2802,18357,11275,-3140,-7220,24207,3050,5389,6140,6358,4883,8427,0
370052,1,5,1,36,-1,-1,-1,-1,0,-1,7158,18470,-7441,405,-1818,21569,8085,6984,8667,9149,6130,9887,0
218344,1,1,1,40,-1,-1,-1,-1,-1,-1,-27483,24625,8695,29132,-669,-6680,6459,12621,9405,9271,5209,9564,0
310540,2,1,1,41,-1,-1,-1,-1,0,0,23622,8956,-1783,12324,733,20058,10604,14000,10932,11235,7871,15391,0
276344,1,1,1,43,-1,-1,-1,-1,-1,-1,14922,3796,-7556,810,8026,14415,7486,5295,5830,7543,4816,8004,0
182469,2,1,1,48,-1,-1,-1,-1,0,-1,9502,6297,-5758,13392,-1649,5751,4223,4635,3262,6375,4866,4542,1
254438,2,2,2,50,0,0,0,0,-1,0,7382,3160,17100,-6847,-1981,19869,3289,5028,3302,3657,4167,4229,0
377284,2,1,1,26,-1,-1,-1,-1,-1,-1,10632,14659,-9895,25554,9865,16470,14092,17548,16048,15078,12223,17654,0
32996,2,2,1,42,-1,-1,0,-1,0,-1,30017,-10967,5703,-10163,2147,17644,4428,411,3528,2625,3586,4804,0
279305,2,1,2,34,-1,-1,-1,-2,-1,0,8352,-1934,12782,-2555,7375,2451,2850,5797,2424,6054,4682,6915,0
280662,2,1,1,55,-1,-1,-1,0,-1,-1,-11446,20583,-1645,18882,-8030,6123,4745,4590,454,8964,4812,6918,1
131894,1,2,2,41,-1,-1,-1,-1,0,0,19442,6082,-3750,1347,-161,6068,3801,10300,6965,2792,478,1079,0
287119,2,1,2,24,-2,-1,-1,0,-1,-1,-18793,6896,7754,28624,-1612,2655,8481,5135,7637,7930,5784,10715,0
151424,1,2,2,36,-1,0,0,-2,-1,-1,27744,2610,12909,-8990,13450,2060,778,1661,1650,2688,1228,760,0
294231,1,1,1,24,-1,-1,-1,0,0,-1,-9221,2397,22833,44888,11379,-29527,4618,7576,5619,4596,3081,1248,0
460313,2,1,1,36,-1,-1,-1,-1,-1,-1,-15664,30344,2483,41920,-2376,1642,12734,12571,7165,20309,10209,20546,1
29594,2,2,2,33,0,0,0,-1,-1,-1,-1446,12475,21898,7521,5090,-9083,1570,3801,4891,2829,1436,657,0
256712,2,2,2,28,-1,-1,-1,-1,-1,0,-15842,22350,-2229,7848,149,15364,9943,12593,8447,9867,7897,13956,0
172418,2,1,1,31,-1,-1,-1,-1,-1,0,15171,9868,-7392,10937,13334,-1092,5945,8325,8319,7160,5367,6010,0
302111,1,1,1,44,-1,-1,-1,-1,0,0,8505,6109,5143,11476,-750,15830,7537,12658,12134,7754,5955,10949,0
224983,1,1,1,22,-1,-1,-1,-1,-1,-1,-6537,18620,-10084,24985,12064,-17421,3786,10912,9098,5907,5799,3837,0
288606,2,1,2,48,-1,-1,-1,-1,-1,-1,4701,32518,-15710,1738,8891,30199,11260,15487,10911,13848,11655,17242,0
265701,2,1,2,46,-1,-1,-1,-1,-1,-2,-21584,28905,16896,7448,-10792,10594,8207,3929,1103,8329,3626,9397,1
221949,2,5,1,44,-1,-1,-1,0,0,-1,19857,4285,6084,22582,-4075,1672,7519,6805,4135,8347,4790,7520,0
166361,1,2,2,54,0,-1,-1,0,0,-1,25930,-5831,-922,27660,17055,3411,6520,11424,8235,3183,7151,436,0
171236,2,1,2,41,-1,-1,-1,-1,-1,-1,8549,15128,247,23282,-10312,17312,11739,6182,4914,13156,9070,13956,1
194602,1,3,1,49,-1,-1,-1,0,0,-1,11998,5663,-3218,18284,7787,1248,6630,9201,7699,6153,6064,6046,0
196289,2,1,1,37,1,-1,-1,0,0,0,-29428,23481,13495,39644,7525,-15585,5373,9603,5868,5083,3967,3881,0
208414,1,2,2,30,2,-1,-1,-1,-1,-1,24169,-101,-7689,-11187,8253,23845,5343,3725,5302,7634,6735,11787,0
101793,2,1,2,32,0,0,0,-1,-1,-1,24382,-1264,2797,-1125,14819,-1152,1775,1471,3054,3138,3851,176,0
199315,2,2,2,56,-2,-1,-1,-1,-1,0,11521,10240,13055,-5577,-9854,34217,8136,9292,14038,5544,4224,5302,0
312585,1,5,1,39,-1,-1,-1,-1,0,-1,3601,16379,-2073,13851,2039,248,5792,8819,5230,9046,4624,8868,0
245651,2,1,1,26,-1,-1,-1,-1,-1,-1,15387,5547,-13856,466,2946,14959,8524,5454,7385,9852,8524,11646,0
87157,1,1,2,37,-1,-1,-1,-1,-1,-1,-3735,21939,9655,1465,10722,-7631,1818,3320,5526,2966,435,472,1
140796,2,1,1,40,0,-1,-1,0,0,-1,5857,-5449,16804,9748,-5239,5741,3530,4457,4263,3025,1802,3386,0
188117,2,2,1,34,-1,0,-1,0,0,0,16312,10110,-964,9210,10882,9781,4389,9425,9459,4325,6918,5368,0
283763,1,2,2,26,-1,-1,-1,-1,-1,0,31626,5177,-16332,-7139,14136,15533,3258,9753,11387,5534,4912,6192,0
360164,2,2,1,28,-1,-1,-1,-1,-1,-1,3577,25340,-23906,-255,12198,31077,16683,10027,11166,19217,17075,24194,0
170471,2,5,1,36,-1,-1,-1,-1,0,-1,8317,11478,10322,8100,11142,-13110,3472,6838,4148,6644,3795,3789,0
207467,2,1,2,38,0,0,0,0,-1,-1,13634,-2702,17454,1953,12003,4794,3049,2480,3623,2284,5145,2177,0
110207,2,1,1,36,-1,-1,-1,-1,0,-1,14507,5565,-1724,1604,4815,5421,3465,1849,3066,3928,4317,5677,0
169473,2,1,1,31,0,-1,-1,-1,-1,0,16120,7955,-6845,234,4948,17185,4932,4016,9870,5540,6168,7144,0
131745,1,3,1,53,-1,-1,0,-1,0,-1,37359,-10539,12557,2451,3927,9130,1393,6225,6235,2697,149,230,0
196071,2,2,1,40,-1,-1,-1,-1,0,-1,-4930,7378,9188,1069,-16093,14134,5646,4625,4008,6797,1857,8482,0
274395,2,1,2,45,-1,-1,-1,-1,0,-1,21825,11506,-21455,22099,11648,7080,7021,12475,10030,11308,7347,9935,0
85011,1,3,1,48,-1,-1,0,-1,0,-1,42024,-1296,-959,-5840,3414,8028,4021,4737,3163,1887,2092,2184,0
194088,2,1,2,36,-1,-1,-1,-1,-1,-1,301,24582,1819,7025,5511,3541,4678,2654,4239,7184,4627,5613,1
331441,2,1,2,36,-1,0,-1,0,-1,0,15742,11573,1652,-37,8497,18856,4618,10305,8825,4590,4119,3137,0
163893,2,2,2,23,3,-1,-1,-1,-1,0,21857,4802,-10057,-30200,23177,13242,4500,2439,4886,6218,5923,8734,0
292055,2,2,2,25,-1,-1,-1,-1,-1,-2,-8088,20913,11227,-12718,-10615,18683,4021,635,4350,5444,841,7265,0
230255,2,1,2,30,-1,-1,-1,-1,-1,-1,11200,26605,-14928,-7553,8115,18027,8704,4495,6715,11862,7950,14449,1
198373,2,1,2,28,-1,-1,-1,-1,-1,0,6729,11385,6319,-5909,874,7746,1943,3176,5340,3574,1461,3345,0
193896,1,1,2,32,-1,-1,-1,-1,-1,-1,4709,13825,-7639,-4730,12672,4577,2725,703,3468,5990,4033,4563,0
81206,1,2,2,28,0,-1,0,-1,0,0,34937,-5434,4739,5981,15321,12257,6133,11483,13550,1066,3321,1766,0
326361,2,2,1,42,-1,-1,-1,-1,-1,-1,3762,18979,-4566,11987,5286,11334,8662,10328,6938,11223,9909,13765,0
113433,1,1,2,30,3,-1,-1,-1,-1,0,17440,3389,-5599,16710,15746,4009,4271,7990,9992,3799,4920,178,0
123905,2,3,2,26,3,-1,-1,-1,-1,0,28261,-3278,-5437,-13853,15629,8810,2492,3147,6155,3271,4678,5062,0
338291,2,2,1,33,-1,-1,-1,-1,-1,0,22895,11616,-7010,-13754,9804,22042,5328,4477,4198,8137,6247,11006,0
268766,1,1,2,39,-1,-1,-1,0,0,0,20080,25227,-20451,13142,23309,13522,9127,14214,15498,6808,8636,6295,0
109519,2,5,2,36,-1,-1,0,0,0,-1,9976,-832,15352,5912,-1161,8299,5257,5475,5716,3963,2001,5720,0
246542,1,2,1,24,-1,-1,-1,-1,-1,-2,-30946,23278,13894,28828,-1015,-3587,11700,4115,8787,9236,4008,13397,0
233285,2,5,1,37,-1,-1,-1,-1,-1,-1,-5669,14514,9083,23986,1387,-3314,9233,1531,4335,8968,9516,10021,0
404177,2,2,1,49,0,-1,-1,0,0,0,-8320,9450,19023,39181,12783,-7179,5607,19745,15310,5768,4815,3081,0
24073,2,3,2,44,-1,-1,-1,-1,0,-1,5395,-4339,26736,8013,-5669,-12370,4646,9190,2046,5188,91,1681,0
151696,1,1,1,43,-1,-1,-1,-1,-1,-1,6286,11866,-1304,16049,7453,-2339,5943,543,1395,7684,5226,5081,1
179489,1,1,2,35,-1,-1,0,0,0,-1,-1758,4627,33495,16607,3631,-14780,2692,9783,8064,2652,1481,294,0
188793,2,2,2,21,0,0,0,0,-1,0,6754,1083,22237,636,-3488,5481,3211,3620,3973,1823,2153,2041,0
161143,2,5,1,37,-1,-1,0,-1,-1,2,24369,6371,1804,-15106,1147,18560,3746,2120,4832,5489,5428,5962,0
330631,1,2,2,40,0,0,0,0,-1,0,8947,16481,7633,-7986,-12502,38299,5535,3974,6307,4751,5884,6286,0
227188,2,3,2,31,-1,-1,-1,-1,-1,0,-4121,7261,4281,17273,6785,1262,6854,9018,8225,4119,2297,4638,0
111584,2,1,2,33,0,-1,-1,-1,-1,-1,10563,3644,-3218,-5260,809,10911,3533,1381,3212,5475,5243,5710,0
326755,2,1,1,28,0,-1,-1,-1,0,0,-4950,14111,-1332,21417,8207,5001,8367,11358,11418,7973,7601,9167,0
289741,2,1,1,25,-1,-1,-1,-1,-1,0,734,13590,-3034,5932,11008,11037,8732,8243,11874,8133,7978,9577,0
359369,2,2,2,23,-1,-1,-1,-1,-1,-1,-46892,38884,12437,24866,-9760,-8148,7773,7894,3000,11839,4439,12072,0
237975,2,2,1,35,-1,-1,-1,-1,-1,0,-16811,7273,31543,21467,868,-3439,5766,7168,7718,4414,2663,4765,0
122143,2,2,2,49,-1,-1,-1,-1,0,0,44164,-8461,5686,-5786,8643,24863,7446,8994,10729,4738,4088,5110,0
193893,2,2,2,23,0,-1,-1,-1,-1,0,9988,5052,12359,-5404,13477,2906,3659,5042,6587,2706,4353,4136,0
246345,1,1,2,43,-1,-1,-1,-1,0,0,5766,25304,-9118,29656,-750,8926,4177,12712,12169,7870,4556,6157,1
274507,2,1,2,33,-1,-1,-1,0,-1,-1,-8562,17423,10997,20764,11342,-12192,3868,5030,2631,4936,3373,2973,0
223958,1,2,1,45,0,0,0,0,0,0,27140,-8541,25842,-5006,-4272,12742,1898,7397,6332,1435,3445,1605,0
196402,2,1,2,38,-1,0,-1,0,0,0,11566,-3463,7336,16478,632,9811,6023,13958,9704,3377,3965,4854,0
315481,2,2,1,51,-1,-1,-1,-1,-1,-2,-17972,12339,-1494,36144,10996,-8790,10003,10005,9158,11309,6882,8455,0
119092,2,1,2,26,-1,0,0,-1,0,-1,29149,-4819,-11441,-5866,10571,8041,5400,1879,2868,8161,6735,8348,0
69415,2,2,2,40,-1,-1,-1,-1,0,-1,12403,1830,9210,5905,17219,-5494,2895,8648,6366,2052,1385,101,0
246494,1,1,1,44,-1,-1,-1,-1,-1,-1,-3422,15293,-4495,24734,6648,-8261,6606,9344,7788,10598,4798,8699,0
340474,2,1,2,30,-1,-1,-1,-1,-1,-1,-9355,18172,-12803,3891,1247,10561,7583,4471,2889,8009,5485,9279,0
198048,2,1,2,38,-1,-1,-1,-1,-1,-1,1006,7090,-3820,17684,4594,4517,10472,8880,6276,10241,9650,14645,0
254670,2,2,2,26,-1,-1,-1,-1,0,-1,-8323,20651,-95,31554,227,-883,9752,6448,5650,10362,8191,8973,0
180400,2,2,2,37,0,0,0,0,0,2,-3268,8368,36589,3698,-3482,1639,1273,4094,3087,1554,1028,218,0
276547,1,1,1,51,-1,-1,-1,-1,-1,-1,17868,8131,-13587,9143,7763,12793,4826,4196,7217,5154,5933,5259,0
67913,2,2,1,33,-1,-1,0,-1,0,0,49258,-10963,5099,-16137,-6937,28696,3860,3106,6351,1356,2162,1816,0
186307,1,2,1,37,0,0,0,0,0,-1,-5535,2195,26668,19358,-5910,-1107,2389,3442,2950,1626,2923,1845,0
177666,2,1,1,42,-1,-1,-1,-1,-1,-1,15953,10873,-14912,361,-1019,15436,4449,4597,4110,6983,4825,7206,1
416112,1,1,2,29,-1,-1,-1,-1,-1,-1,569,30482,-18301,14429,-3121,21006,10050,9126,7652,15098,10950,17070,1
115110,2,1,1,43,0,0,0,0,-1,0,31341,-2309,23163,-19070,10941,18242,2688,1266,6514,663,2204,1583,0
276410,1,1,1,44,-1,-1,-1,-1,-1,-1,11546,7091,5346,2508,4939,6020,4135,3360,4283,7451,3023,5212,0
189962,2,1,2,32,-1,-1,-1,-1,-1,-1,-9210,20977,23220,21671,6439,-6959,5228,6859,6612,8533,6484,7045,1
258793,2,1,2,39,-1,-1,-1,-1,-1,-1,-2905,21764,-7709,13977,9933,2277,5652,9378,7828,9291,7372,10842,0
96789,2,2,2,21,-1,0,0,0,0,-1,54638,-6056,-9815,-15881,13600,10624,3539,4266,3498,1437,1564,2379,0
146771,1,2,1,41,0,-1,0,-1,0,0,21082,6799,11374,-6601,10941,13677,2549,6479,8045,1693,3688,3973,0
208774,2,2,1,44,0,-1,-1,-1,0,0,-9585,7194,6134,12210,555,12757,4463,6484,7620,4087,5155,5413,0
184741,2,1,2,31,-1,-1,-1,-1,-1,-1,11356,21852,-11155,-10389,4630,19552,4649,4947,3869,11052,6708,14261,1
133070,2,2,1,40,-1,-1,0,-1,-1,-1,2801,10169,25809,9279,8652,-17423,1124,1952,799,3713,1464,657,1
251689,1,2,1,29,-1,-1,-1,-1,-1,-1,37016,5270,-24572,-4596,593,21651,7218,3960,7766,8146,5334,9457,0
76759,2,1,2,49,-2,-1,-1,0,0,-2,7276,-4921,36019,19661,7510,-8479,7139,14471,12001,2384,1985,363,0
226879,2,3,1,29,-1,-1,-1,-1,-1,-2,-36617,24009,26115,29096,-11362,-18246,5876,5892,1493,5946,1543,4566,0
209447,2,1,1,37,-1,-1,-1,0,0,-1,39325,-3012,-11890,-6912,10325,13824,5909,4541,7518,5862,4550,4567,0
274906,1,1,2,41,-1,-1,0,-1,-1,-1,5562,35395,-6083,7031,3122,11787,1094,4712,2685,8111,5779,3942,1
151766,2,2,2,41,0,-1,-1,-1,-1,-1,20077,12752,-10819,-19221,1870,28596,4750,2751,4955,3886,4752,5820,0
112480,2,3,1,31,0,0,0,0,0,0,28488,-13142,29727,-7327,10704,375,4257,5133,6141,2766,2506,1634,0
235038,2,2,1,35,0,-1,0,-1,-1,0,-19232,15822,24327,6234,-623,9844,2146,1994,4743,4840,1088,6404,0
224663,2,2,2,21,0,0,0,0,-1,0,12113,8691,8872,1692,3746,12384,2943,1807,5003,1712,5522,1636,0
298921,2,2,1,36,-1,-1,-1,-1,-1,0,-22822,12947,22272,12475,-4071,817,4227,4430,7141,5867,88,6479,0
273266,2,5,2,42,0,-1,-1,3,-1,-1,19144,3457,-9147,-4543,7630,19000,4827,4738,5829,6816,7911,8514,0
203856,2,1,2,35,0,-1,-1,-1,-1,-1,2872,10666,6048,21990,18237,-7185,5115,4719,6087,5624,4386,3215,0
139304,1,1,2,44,3,-1,-1,-1,0,-1,15586,3627,5235,-4707,-1758,15655,708,1271,4553,5150,1778,2174,0
307692,2,1,1,28,-1,-1,-1,-1,-1,0,14263,14807,-4128,-13539,3794,29788,7013,5498,11035,7014,6263,10263,0
246455,2,1,1,34,-1,-1,-1,-1,-1,-1,-15216,14662,5773,20553,7723,-6909,6495,3440,84,9231,8279,10699,0
328708,2,5,1,30,-1,-1,-1,0,0,0,-2794,10293,55,12560,3388,4622,6841,7765,7089,5791,7677,7394,0
82937,2,1,2,40,-1,-1,-1,0,0,-1,22951,6761,-15258,-6715,-2269,16575,5002,5780,3291,1891,1773,3828,0
233506,2,1,1,45,-1,-1,-1,-1,-1,-1,-7351,12141,17299,10324,-13179,11347,7719,6537,6201,8847,5587,11684,0
260315,2,1,1,23,-1,-1,-1,-1,-1,-1,-24838,28865,19233,22638,1676,-11015,9243,6546,4832,10841,5397,11700,1
100972,1,3,1,48,-1,-1,-1,-1,0,0,21838,-2158,-795,5246,1363,13605,4280,7682,7992,3426,4616,3542,0
204663,2,1,1,33,-1,-1,-1,-1,-1,-2,-39812,24334,27566,36492,-7434,-18605,6096,10200,4997,9718,2211,6336,1
180877,2,1,1,45,-1,-1,-1,-1,-1,-1,33371,7275,-14692,-9784,5092,24833,9053,4611,8850,8806,7542,10929,0
154201,2,1,2,36,-1,-1,-1,-1,-1,-1,22104,5928,-17193,157,6077,16939,8190,550,2230,9522,9148,13544,0
303453,1,2,2,36,-1,-1,-1,0,0,0,11504,19960,642,-12889,3616,29842,2394,8592,11579,1477,973,2459,0
179373,1,2,2,28,0,0,0,0,0,-1,4386,4156,31755,20630,3495,-4369,4094,8293,7353,1361,3564,163,0
98253,1,1,2,28,-1,-1,0,-1,0,-1,780,10712,12587,3320,-2215,-6751,1996,914,536,3323,820,735,0
339847,2,1,1,40,2,-1,-1,-1,-1,-1,1159,13532,-15761,9394,9466,14795,8523,8550,10166,12363,10796,14679,0
249795,1,1,1,29,-1,-1,-1,-1,-1,0,11338,20647,-14679,-6591,15421,9082,3915,4580,10249,5969,5082,5225,0
18871,1,2,2,41,0,0,-1,0,0,-1,-5709,1587,37434,18909,1166,-3868,3771,5700,4743,591,3118,534,0
299062,1,2,2,51,-1,-1,-1,-1,-1,2,6848,26076,-19589,4460,17398,9970,8884,12427,11186,11868,9455,11695,1
342646,2,1,1,39,0,-1,-1,-1,-1,0,13628,15340,-8684,-1819,9190,22341,6327,10712,10986,7562,7664,12397,0
205098,1,3,2,42,-1,-1,-1,-1,-1,-1,37467,10961,-25525,2847,12839,13171,5446,6441,8128,7609,3344,4064,0
402793,1,2,1,32,-1,-1,-1,-1,-1,0,-451,9884,-9755,20219,894,9598,8117,14059,11440,8481,6514,11337,0
119611,1,2,1,41,1,-1,-1,-1,-2,-1,16210,7498,-6741,18348,3165,-916,3708,1801,723,5395,3076,4579,1
169959,2,3,2,25,-1,-1,-1,-1,-1,-1,26963,8500,-12079,-22975,8421,19846,5125,3149,3706,7620,6347,8786,0
178589,1,1,2,46,-1,-1,-1,-1,0,-1,16884,4146,-21349,12974,15503,6107,6399,5211,5263,8517,6464,6389,0
323337,2,2,2,30,-1,0,-1,0,0,0,31761,4799,-13505,6777,15949,16602,6652,12000,9373,3391,6705,3797,0
287987,2,2,2,46,1,-1,-1,-1,-1,-2,-13208,23346,-641,-9148,-15190,36992,8819,4172,5804,10513,4858,14565,0
249522,2,3,1,41,-1,-1,-1,-1,-1,-2,-6331,14539,15941,6020,-7714,17595,9448,6140,7259,7899,5004,11801,0
175180,2,2,2,37,0,-1,0,0,0,-1,38984,387,-15050,-14522,3149,30849,4660,3985,6633,3888,3838,4527,0
151598,2,1,2,28,0,-1,-1,-1,-1,-1,-477,20507,1962,-3766,4067,12324,4755,784,2542,6146,5958,6519,0
239064,2,1,2,24,-1,-1,-1,-1,-1,-1,9480,17900,-19483,-1832,13461,16330,9507,9169,10019,11442,9212,15361,0
399124,1,1,3,23,1,-1,-1,-1,-1,0,-23662,38842,-8772,15344,9442,17677,10554,10825,13655,11881,6288,14422,0
117022,2,1,1,40,0,-1,0,-1,-1,0,30118,-17474,10550,99,17750,834,1042,5444,7112,3564,4804,1122,0
179700,2,1,2,38,-1,0,0,0,0,-1,15503,12051,-301,1122,8132,7168,2351,9005,8169,3343,4071,1500,0
325250,2,1,1,32,-1,-1,-1,-1,-1,-1,590,35956,-12307,7961,-2580,20260,11486,3899,3427,19340,11589,23279,1
209434,2,3,2,22,0,0,0,0,0,0,15681,631,16158,-13148,-5610,19238,3243,3267,5593,661,1934,2194,0
137410,2,1,1,35,-1,-1,-1,-1,-1,-1,19530,10448,-1597,-7076,2630,15466,6160,2429,6076,8565,4293,10687,1
95367,1,1,1,41,0,-1,-1,-1,-1,-1,-8912,15649,5670,8162,9419,-578,3927,1054,2037,5622,5350,5525,1
205241,1,1,2,33,-1,-1,-1,0,0,-1,4179,5449,867,9434,2018,-2727,1320,4740,2662,2848,834,467,0
242728,1,2,1,34,-1,-1,-1,-1,-1,-1,8375,22432,-11045,-6282,1952,18811,9136,9526,6457,12973,6993,16553,1
195846,2,3,1,33,0,-1,-1,-1,-1,-1,-6057,11506,10681,13598,-3578,-2439,3163,1085,2193,3910,2779,1998,0
328230,1,1,1,36,-1,-1,-1,-1,-1,-1,10366,7174,-6963,14163,3127,5303,5989,8172,8467,6557,5947,8306,0
380060,2,2,1,25,-1,-1,-1,0,-1,0,-24553,13128,7816,30019,-11583,2610,9188,9714,7524,6994,5082,11920,0
196271,2,5,1,55,-1,-1,0,-1,-1,-1,16744,11507,3559,10061,20327,-5213,4706,4305,4882,5647,5025,1538,0
208756,2,1,2,31,-1,-1,-1,-1,-1,-1,5777,12945,-15555,13550,5771,27697,14532,11004,10302,13144,12983,17322,0
211110,1,2,1,47,-1,-1,-1,-1,-1,-1,-5690,24353,637,10626,-1867,8010,5311,9133,2759,9533,5001,9715,1
125264,2,2,2,44,-1,0,0,0,0,-1,72190,-5523,-29234,-39373,16109,35755,5334,3887,6217,3678,3011,4577,0
231050,2,2,1,47,0,-1,-1,-1,-1,0,-6101,19081,641,8581,-692,21355,6390,5905,5761,5887,6720,6625,0
229934,2,1,2,30,-1,-1,-1,-1,-1,-1,4236,8750,1180,4168,3524,9395,3388,6532,6388,4502,4419,3193,0
205704,1,1,1,44,-1,-1,-1,-1,0,0,-2015,4851,13805,21118,-3839,-751,3855,9221,8021,6305,2765,4244,0
223201,2,1,2,33,0,0,0,2,-1,-1,-920,6550,14201,20786,11045,-11790,1930,1667,574,4323,3779,1531,1
235071,1,2,1,38,0,-1,-1,-1,-1,0,4438,12322,-2431,-5302,16787,7883,1598,2799,8202,2896,4413,2890,0
369156,2,1,1,37,-1,-1,-1,0,0,0,16293,7418,-242,32124,9343,-3545,5736,16985,8925,7834,7202,7059,0
73740,2,2,1,31,0,-1,-1,-1,-1,-1,-17385,19419,19078,10346,1605,-9387,5100,1494,1063,1838,4084,2546,0
282026,2,1,2,37,-1,-1,-1,-1,-1,0,-24225,28602,-3552,3508,-543,12948,5413,7082,7968,10003,5934,11476,0
157175,1,3,2,27,-1,-1,0,0,0,-1,34776,1454,-7651,-4226,5121,17614,5434,3424,6166,3809,4207,4323,0
215687,1,2,1,56,-1,-1,-1,-1,-1,-1,4291,34269,-13748,-2014,-8828,27263,7179,8904,5123,10580,7694,14281,1
180883,2,1,2,41,-1,-1,0,-1,-1,-1,16347,9791,4728,-23198,5994,12583,416,3125,3199,4088,2440,2200,0
105610,1,1,1,42,-1,-1,0,-1,0,-1,11769,7152,14262,5378,-408,2539,2467,2105,3471,3130,594,1424,1
187554,1,5,1,45,-1,-1,-1,-1,-1,-1,7216,17427,-3601,30681,3274,640,8726,7313,6458,10529,6940,7727,1
253425,1,2,1,41,-1,-1,-1,-1,-1,-1,-24562,24978,10669,29569,-7650,-7577,8874,3672,3987,10192,6159,9744,1
47626,2,5,2,21,-1,0,0,0,0,-1,22115,-9348,19055,-19945,5023,5726,2757,1198,2141,2840,2803,2530,0
100686,2,5,1,47,-1,-1,0,-1,0,-1,9850,10177,4256,17834,-1733,10719,8285,3948,5482,7234,6880,9553,0
97489,1,2,2,53,-1,-1,0,0,0,0,41461,-11798,871,2383,9054,13957,4458,8516,9914,560,2903,37,0
295167,1,1,1,26,0,-1,-1,-1,-1,0,-21702,22052,-7788,13615,6193,6116,7702,2886,6173,6508,8007,7591,0
300109,2,1,2,28,-1,-1,-1,-1,-1,-1,-11690,34828,-7744,6985,-1811,22501,12691,10072,10269,15013,11594,20221,0
106020,2,1,2,52,-1,-2,0,-1,-1,-1,22523,5646,8470,-18069,-8130,23703,1207,3150,2818,4203,1783,3781,1
148916,1,2,2,54,-1,-1,-1,-1,0,-1,13987,12018,-1798,-9319,-4560,19298,3880,5601,3093,5604,2989,7062,1
98923,2,2,2,30,-1,0,0,0,0,-1,16462,4306,23310,-4620,11614,-5070,2065,7104,5054,1998,719,465,0
148518,1,1,1,38,0,-1,0,0,0,0,36715,-6671,5313,21319,20517,327,7207,6466,9191,3256,5641,2180,0
263758,1,1,1,42,-1,-1,-1,-1,0,-1,2845,10585,-7274,25439,6684,2835,9092,7403,7656,7954,8885,9963,0
128853,2,2,1,42,-1,-1,0,-1,0,-1,16447,3620,15273,-309,-496,6025,3038,1501,3737,3616,1457,2067,0
277820,2,2,1,39,0,-1,-1,0,0,0,8086,20563,10746,11898,7899,7316,3316,8984,8314,2057,2912,67,0
212184,1,2,2,39,0,-1,-1,-1,0,-1,-2259,21919,-13172,16234,-2907,6254,3898,10087,6685,4702,3842,5459,0
214235,1,1,1,34,-1,-1,-1,-1,-1,-1,20679,15194,-21853,20469,16757,3807,11169,11145,10770,11742,11112,12386,0
201542,2,3,2,29,-1,-1,-1,-1,-1,-1,8681,8839,2281,-1071,12764,820,3712,7910,6330,6351,4748,6486,0
200117,1,3,1,35,-1,-1,-1,-1,-1,-2,-17185,31545,-585,5989,-16488,13449,7824,1536,3706,6652,607,9206,1
282742,1,2,1,43,-1,-1,-1,0,0,0,-5767,15065,5270,18642,-4378,3946,4931,5064,2661,3153,2614,1630,0
169102,2,3,1,26,-1,-1,-1,-1,-1,-1,5350,-3788,14870,12656,4143,-9997,5375,5395,4808,7071,2978,6630,0
214097,2,1,1,36,0,-1,-1,-1,-1,-1,-5491,3639,10505,16717,5850,-2834,3501,5858,6122,5997,4326,4187,0
130725,1,3,1,43,-1,-1,0,0,0,-1,42609,-7574,-6117,-802,8441,2202,3211,6742,1248,6203,4822,6213,1
110256,2,1,2,38,-1,-1,-1,-1,-1,-1,-18412,24489,16490,16301,13692,-9587,5133,6950,3164,7117,6907,7758,1
235412,2,2,2,49,0,-1,-1,-1,-1,-1,12691,15625,-4802,-10641,-1560,30552,8248,4400,3314,8566,8809,9817,0
402809,2,1,2,46,-1,-1,-1,0,-1,0,1389,15012,-5012,35909,18342,6078,13640,20126,15136,12022,13275,13639,0
181676,1,2,1,43,-1,-1,-1,-1,-1,0,-12779,14271,6513,21563,-5399,6123,5478,5776,7418,4464,5476,4025,0
180658,2,1,2,37,-1,-1,-1,-1,-1,-1,-7226,36040,-17161,-180,-1597,13764,6369,2712,4680,9385,5183,9808,1
171207,2,2,2,28,-1,-1,0,0,0,-1,14373,8881,4325,2782,10770,-3858,2663,6710,5338,4048,3377,1879,0
308355,2,1,1,38,-1,-1,-1,-1,-1,-1,-4557,18285,-1476,28811,7737,2806,10280,8269,3992,15382,11972,14561,1
172485,2,3,2,36,-1,-1,-1,-1,0,-1,-38,9766,17648,4954,5611,-3888,3967,8136,5363,5311,1961,4068,0
233771,1,1,1,54,0,-1,-1,0,-1,0,-7822,16862,22841,28612,6135,-3238,6468,9361,7911,3833,5232,2517,0
173051,1,2,2,51,-1,-1,0,-1,0,0,24622,1699,2517,12017,6192,8455,3148,8716,7848,3847,1966,1195,0
99854,2,2,2,47,0,0,-1,-1,-1,0,17396,7639,2074,-21632,-3492,32277,3477,653,6017,2327,1437,2847,0
200911,2,2,1,32,0,0,-1,0,0,0,-624,-1713,26665,13919,6925,-4234,4963,6503,4893,1249,3651,940,0
360024,1,1,1,27,0,-1,-1,-1,-1,-1,-4867,9312,4222,24759,24342,139,9647,11834,10375,10835,13199,13481,0
140646,1,2,2,42,-1,-1,-1,-1,-2,-1,-10424,25836,-13352,18454,3949,218,6305,7765,4106,5940,6214,9083,1
83596,2,3,1,33,-1,-1,-1,-1,0,0,15111,-1529,23730,12089,3286,-3843,5671,7766,9651,2126,2348,1356,0
135683,1,2,2,30,0,-1,-1,-1,-1,0,17041,12560,5349,-10029,17211,-1485,3393,2299,4684,1479,2737,2247,0
190326,1,2,1,36,-1,-1,-1,0,0,0,11763,-6117,18998,18580,2290,-2493,7659,13177,12119,710,2350,922,0
314098,2,2,1,45,0,-1,-1,0,-1,0,-10786,20601,20416,10662,-7927,17100,2707,8957,7736,4141,1113,5370,0
228875,2,5,2,46,1,0,0,0,0,-1,17805,8497,-4002,11356,22,16664,7312,4058,2709,6614,7342,6738,0
233991,2,2,2,27,-1,-1,-1,0,0,-2,8693,16752,6061,-1146,-1488,15465,6910,5169,7050,4192,1251,6374,0
337910,2,1,1,26,-1,-1,-1,-1,-1,0,-12214,15010,-3201,17366,-6377,10493,9307,8309,8821,12082,6395,14457,0
291464,1,2,1,38,-1,-1,-1,-1,-1,0,16608,2562,-8607,-3294,-182,11764,1511,7059,7739,4232,4714,4817,0
197063,2,1,2,38,-1,-1,0,-1,0,0,7318,9404,9400,7184,6920,-210,5396,7494,7079,4570,1264,2950,0
224456,2,3,1,50,0,-1,-1,-1,-1,-1,6575,-3983,10722,8505,-3739,10221,5839,3772,4666,5818,6711,6787,0
162240,1,3,1,56,-1,-1,0,0,0,0,30113,-7638,12117,17720,11468,1394,5246,13159,10830,3165,5140,2086,0
140166,2,1,2,36,0,0,0,-1,-1,0,28012,-9934,12650,-33857,17086,18752,1217,508,2491,257,5123,2488,0
189948,1,1,2,44,0,-1,-1,-1,-1,0,23489,-35,-13676,-4624,-3487,35581,6597,8117,10287,5634,7098,9299,0
272766,2,3,1,38,-1,-1,0,0,0,0,7173,5294,15034,27855,-3313,-83,5593,11385,5940,3724,5740,4853,0
355015,1,1,2,31,0,-1,-1,0,0,0,17154,5740,-8412,6400,8669,9973,1907,10812,9116,4112,5156,3531,0
121847,1,2,2,42,-1,-1,0,-2,0,-1,22646,2142,-6580,2803,5808,11926,1661,4140,4063,3091,1915,2207,0
131628,1,2,1,38,-1,-1,-1,-1,-1,-1,9807,9984,2409,11073,3639,-449,4916,4845,6911,4328,2132,3448,0
94568,2,1,2,31,-1,0,-1,-1,0,-1,18312,-7883,8173,5793,15836,-6682,3718,8373,6669,2013,2814,287,0
158586,2,1,2,53,-1,-1,-1,-1,0,-1,29874,-1405,-12370,20114,11332,5480,7953,12146,6504,8133,8157,5580,0
251814,1,2,2,40,1,-1,-1,0,-1,-1,-10409,25244,3469,-1359,-8561,12222,769,41,928,4629,1602,4368,1
53047,2,2,2,27,-1,-1,-1,-1,0,-1,26754,-7679,6131,1687,8512,-6508,2993,4711,2444,4606,1697,1480,0
142746,2,2,2,27,-1,-1,0,0,0,-1,25101,1464,-5233,-4696,6793,10662,4918,3715,5654,3544,3978,2360,0
138813,1,3,1,40,-1,-1,-1,0,0,-1,-2316,2644,9387,34554,4949,-11855,6125,9358,7256,3453,3326,1894,0
398104,2,1,1,37,-1,-1,-1,-1,-1,-1,2225,25966,-12408,8863,9750,17093,10078,15227,13607,15091,11305,17801,0
238831,2,3,1,64,-1,-1,-1,0,0,-1,-12220,4475,29930,26530,-4460,-2169,4579,8799,4330,5633,4379,6755,0
254966,2,3,2,39,0,-1,-1,0,-1,0,8949,-4238,19099,-3124,3831,6969,5164,5151,5234,2598,3594,3678,0
86721,2,2,2,39,0,-1,-1,-1,-1,0,16191,13388,-6230,4436,8208,10411,4297,6406,6866,2051,4539,1272,0
42575,2,1,2,24,0,-1,0,-1,-1,0,36734,-11590,5291,-4207,22895,418,3317,6392,11553,2992,5859,684,0
131198,2,2,2,28,0,-1,-1,-1,0,0,16595,-951,6532,2595,6818,7649,7244,3831,5843,2589,3582,2915,0
144308,2,1,1,40,-1,-1,-1,-1,-1,-1,-18785,16465,16473,15186,-12752,-3995,3925,3526,3454,5473,633,3960,1
162631,2,2,2,39,-1,-2,0,0,-1,-1,24087,20989,-9568,-13866,-567,31234,5412,2610,1114,6015,6176,10852,1
125809,2,3,2,45,-1,-1,-1,-1,0,-1,23664,11334,-8875,10842,1800,6531,5285,2241,3340,5200,2136,2583,1
101070,1,2,2,34,-1,-1,-1,-1,-1,-1,36100,-3895,99,-16999,9800,10304,261,4798,6563,3178,566,691,0
322053,2,1,1,35,-1,-1,-1,-1,-1,-1,-9940,21943,-4864,26996,11606,-5222,8926,14135,8128,11543,9372,14380,0
301387,2,1,1,27,-1,-1,-1,-1,-1,-1,8323,19052,-13714,4444,1092,15525,10402,3402,4522,13312,9340,17033,1
213643,2,1,2,42,-1,-1,-1,-1,0,-1,-411,11174,-7143,7236,-1658,8356,6725,6348,3734,8258,5183,9606,0
215572,2,2,1,37,-1,-1,-1,-1,-1,-1,-17074,16200,12962,22592,-5315,-12949,3195,2229,126,4860,423,846,1
309485,2,2,1,30,-1,-1,6,-1,-1,0,34592,4536,-8037,-24262,13829,24745,4550,459,7091,5316,5146,6792,0
381369,2,3,1,29,-1,-1,-1,0,0,0,-12972,18148,10909,7606,-1534,13430,8505,3991,6338,7910,5658,11462,0
141490,2,1,1,23,-1,-1,-1,-1,-1,-1,-5953,8632,834,8800,7329,-3868,3012,1808,2771,7212,4842,5716,0
225120,2,1,2,32,-1,-1,-1,0,0,-1,-3378,5011,4192,20337,49,-15071,2884,6982,1014,4873,2033,3314,0
223138,2,2,2,35,-1,-1,-1,-1,-1,-1,5252,6083,2260,4812,6732,8749,6354,4849,3214,9037,8169,7454,0
126799,2,2,2,38,-1,0,-1,0,0,0,23244,-2626,8606,-7578,-2426,14432,2733,11377,8324,2198,470,3018,0
85716,1,2,2,34,-1,-1,0,0,0,-1,29501,-2881,14340,-7571,8955,-112,2318,1161,2827,3485,3851,1828,0
145461,2,1,1,29,0,-1,0,0,0,-1,29756,-6376,-3474,-3605,19096,4209,3270,4513,4604,2744,6611,2515,0
299407,2,2,1,39,-1,-1,-1,-1,-1,-1,-7066,30178,-5543,-528,-2908,19620,9169,1758,5466,8929,5564,10493,1
204349,2,2,1,33,0,-1,0,-1,-1,0,-10600,22939,5582,2272,-2870,9293,4093,771,4991,4636,4325,6354,0
247735,1,1,1,39,0,-1,-1,-1,-1,-1,1003,7972,-3683,3156,4388,18424,4621,3861,7667,9246,7263,11130,0
249784,1,2,1,37,1,-1,-1,-1,-1,-1,-30347,25232,10651,9535,-4619,9070,7262,7942,5442,8924,4829,11292,0
267602,1,2,1,43,0,-1,-1,-1,-1,-1,-10004,27017,-6040,7726,202,10649,5689,1741,5336,7207,2173,6024,0
206784,1,2,2,32,-1,-1,-1,-1,-1,2,-7682,21145,6207,4720,-6609,11657,3116,8185,8032,7212,3743,8054,0
102353,1,2,1,44,0,-1,-1,-1,-1,0,18600,9468,4173,-18561,7906,25919,4012,901,7922,4403,4690,5413,0
33741,2,3,2,39,-1,0,-1,-1,0,-1,4366,-326,11292,6929,5380,-8009,3562,4479,3425,2717,2051,2508,0
249787,2,1,1,24,-1,-1,0,0,0,-1,32713,-8881,7813,20508,10359,-3961,7583,10323,9458,6457,3830,3744,0
278729,1,1,1,38,-1,-1,-1,-1,-1,0,18468,5036,-16096,14272,12426,12433,9509,13927,12325,10299,9145,8770,0
206543,2,2,1,40,-1,-1,-1,-1,-1,0,1042,3983,18779,-2732,-9091,21073,5285,4180,3817,7135,5319,9530,0
300686,2,1,2,37,-1,-1,-1,-1,-1,0,-8790,26964,1261,10200,2402,11421,4471,9444,8606,8741,5960,9211,0
137651,1,3,2,38,0,0,0,0,0,0,17947,5268,17014,-3206,-878,20175,5176,4450,10450,2291,1230,3623,0
335844,2,1,1,48,-1,-1,-1,-1,-1,-1,16201,5056,-10847,9475,11873,10868,10368,9660,6119,13827,9544,15467,1
290039,2,2,3,29,-1,-1,-1,-1,-1,0,20051,3655,-11000,-6150,7357,29790,10341,9771,12743,8708,7466,11679,0
168418,2,2,2,30,0,0,0,0,-1,-1,40965,-5053,183,-25424,12085,13665,2675,1055,4049,2689,2012,2517,0
198665,2,2,2,34,3,-1,-1,-1,-1,0,14259,4327,12579,-7888,-2540,10349,860,5338,4838,2815,724,1728,0
225241,1,1,2,51,-1,-1,-1,0,-1,-1,-6493,25037,5852,9631,-6502,7822,1335,5540,5434,3886,342,1230,0
321487,2,5,1,46,-1,-1,-1,-1,-1,-1,12851,18265,-23678,6670,7048,10169,8248,9417,8365,11210,8566,10942,0
135829,1,3,2,55,-1,0,0,0,-1,-1,26643,5054,-8421,-8520,2450,21432,2441,2292,3254,1637,1141,2288,0
298051,1,2,1,46,-1,-1,-1,0,0,0,12232,3941,-3202,16624,1029,15032,8464,9564,9988,5888,4384,7062,0
80111,2,2,2,24,-1,-1,-1,-1,-1,-1,-12704,21972,4469,-2688,3020,1988,2673,1604,1964,4034,689,5623,0
334012,2,2,1,46,-1,-1,-1,-1,-1,-1,-5093,35702,-15418,36491,10144,4683,13454,15196,10065,17062,14307,17925,1
256641,2,5,1,61,-1,-1,-1,0,0,-1,15750,7743,2204,15646,-11991,17224,5785,9120,5632,5889,2389,5228,0
109545,2,1,2,29,-1,-1,-1,-1,0,-1,29200,5307,-9821,-5564,9628,4889,1932,4632,3983,3174,1600,2202,1
238125,2,1,2,23,-1,-1,-1,-1,-1,0,12349,19781,-21061,5796,18938,1162,4190,9053,7792,6028,5596,5764,0
291866,1,1,1,40,-1,-1,-1,-1,-1,-1,15845,18438,-24431,16672,10064,12555,11750,17036,15272,13558,7532,14286,0
291471,2,2,1,45,-1,-1,-1,0,0,-1,21647,10158,-7515,28044,9166,-6131,6156,14474,9528,6406,4462,4509,0
266670,1,2,1,45,-1,-1,0,0,-1,-1,16897,7598,10193,-8435,266,11262,2412,412,3886,4524,2287,2962,0
267416,1,1,2,46,-1,-1,-1,-1,-1,-1,-16347,24767,6721,23859,-1224,4984,3238,6857,2952,7715,6488,5096,1
207939,2,1,2,45,-1,-1,-1,-1,-1,-1,2640,22835,-4058,3790,2955,11095,6138,8350,1297,12152,7708,13157,1
128531,1,3,2,22,-1,2,-1,-1,0,2,41858,-181,299,-6199,7448,10943,393,6851,9074,3650,3963,1485,0
152961,1,3,1,39,-1,-1,-1,-1,0,-1,15699,-1533,6563,28560,-380,-11747,4295,9066,5380,5680,1575,1599,0
220825,2,2,1,43,-1,-1,-1,-1,-1,-1,-3125,25633,1031,-2664,-5056,22916,3226,4063,4347,7801,6360,9686,1
194850,1,1,2,34,0,-1,0,-1,-1,-1,13430,2470,3621,2858,9236,3763,3260,872,3565,3157,4742,1804,0
188110,2,2,1,54,-1,-1,-1,-1,0,-1,22787,7258,-7912,6153,2100,18890,6776,8294,6992,7882,5750,8241,1
229199,2,3,1,37,-1,-1,0,-1,-1,-1,4399,4779,16422,4811,1334,2627,3153,4117,775,7075,4998,7358,0
92795,1,2,1,37,-1,-1,-1,-1,0,-1,-2083,-112,25773,4946,-4727,4604,3920,4181,2458,2327,3698,2841,0
150019,2,2,2,34,0,-1,-1,0,0,-1,-9935,12812,3616,11750,-2775,11190,6953,6543,2289,5150,7289,8458,0
168440,1,1,2,33,-1,-1,-1,-1,-1,-2,-3213,7118,22993,-4198,-32,11325,3955,27,6486,4803,1323,3912,0
176651,1,1,2,34,-1,-1,-1,-2,0,-1,11251,8663,2059,16763,3635,1346,5543,724,3518,7732,2760,5603,0
138695,1,3,2,32,-1,-1,-1,-1,-1,-1,45867,-975,-8165,-5428,13654,10890,1879,6222,8740,4410,3139,842,0
212606,2,2,2,21,-1,-1,-1,-1,0,-1,13487,11095,-18755,5737,12545,5752,4892,5737,3204,5814,7056,6288,0
320198,2,1,1,52,-1,-1,-1,-1,-1,-1,-2312,19688,-4284,14939,-3694,5474,4068,4359,2643,6417,1284,4357,1
147007,1,1,2,41,0,-1,-1,-1,-1,-1,-7962,24072,-2724,-4818,5402,9365,4601,4074,6870,6228,5473,7139,0
210894,1,3,1,44,0,-1,-1,0,-1,-1,29776,5285,-14065,12840,16133,9234,4532,6663,6831,5120,7287,4567,0
308917,2,1,1,21,-1,-1,-1,-1,-1,-1,-21585,26815,21966,17437,4110,-7707,5288,6611,868,12047,8559,11930,1
259684,1,1,1,56,-1,-1,-1,-1,-1,-1,15324,11429,-24847,11786,3803,15120,9072,11565,11837,10370,6287,9608,0
245512,2,1,1,37,1,-1,-1,0,0,-1,-23667,11721,36398,30393,-9228,-12871,1192,5791,2384,1939,153,942,0
236019,1,2,2,25,-1,-1,-1,0,0,0,43696,-2761,-27371,8903,14505,18740,5756,16510,12476,6838,9418,7535,0
215861,1,1,2,38,-1,-1,-1,-1,0,-1,25577,3190,-14083,7922,8115,9961,5661,11061,7735,7830,5980,8495,0
91031,2,2,2,44,-1,0,-1,0,-1,0,7145,4888,14129,4266,6838,2765,3175,6823,7632,891,1201,1550,0
230042,2,3,1,35,-1,-1,-1,0,0,-1,17035,7459,1314,-6845,2445,7358,3444,6362,2723,5123,3245,6560,0
175926,1,2,2,34,-1,-1,-1,-1,-1,-1,1074,6222,8594,-1222,5222,12100,5819,1605,2856,6347,6209,7990,0
151001,1,1,2,40,-1,-1,-1,-1,-1,-1,33265,21086,-31010,-14253,5794,33621,5340,3419,4419,10645,6998,11412,1
268977,2,2,1,29,0,-1,-1,-1,-1,0,9538,13724,-4139,14311,14659,6238,6661,7159,9000,9384,8894,8949,0
294929,1,2,2,51,-1,-1,-1,-1,-1,-1,-9753,33701,-4214,3154,-6693,13964,6473,1174,1246,9227,3048,10070,1
158951,2,2,1,45,-1,-1,-1,-1,0,-1,25060,9981,-4264,-3501,4704,9478,7001,4089,5048,7598,2392,6481,0
196163,1,2,2,53,3,-1,0,0,0,-1,26201,7740,-10664,5647,18355,615,2102,5809,4797,4976,4113,2005,0
274053,2,1,1,27,0,-1,0,0,0,-1,12425,5343,-1768,15066,13248,-1751,5820,7014,6247,4956,6748,4947,0
252884,2,1,2,21,-1,-1,-1,-1,-1,-1,-14399,23529,-5541,11427,-5314,3989,7673,6298,2401,9007,6237,11694,0
174955,2,1,1,28,-1,-1,-1,-1,0,-1,21415,6647,8507,22099,5106,802,9909,4791,4888,10943,7357,9804,0
185451,2,5,1,31,-1,-1,-1,-1,-1,-1,-2241,17622,11524,-5875,-2534,8048,6922,455,513,10314,4109,12322,1
235917,2,2,1,25,-1,-1,-1,-1,-1,-1,1,23809,-16086,9695,2555,10685,8110,3918,6026,9412,5197,13655,1
129475,1,2,2,33,0,0,0,0,-1,0,23681,3619,9458,-17481,-455,22344,1943,2437,5334,971,2769,1978,0
144088,2,1,2,40,-2,-1,-1,-1,-1,-1,-17002,16460,18844,22288,-5316,-8545,3171,2242,4720,5537,702,2008,0
340495,1,2,1,51,0,-1,-1,0,-1,0,4744,15552,4614,-8440,-3617,22586,3531,6272,6793,4940,4159,7220,0
191595,1,2,2,37,-1,-1,-1,-1,-1,-1,-19347,25944,2605,3310,-2029,966,3093,2442,2571,5850,1338,3508,1
256208,2,1,2,43,-1,-1,-1,-1,-1,0,13888,3383,4421,12862,14981,9100,7864,11286,11647,9147,8632,6090,0
139770,1,2,2,46,-2,-1,-1,-1,-1,-1,2928,8950,-5959,15560,2761,-694,5907,6653,5639,5741,4978,5185,0
188546,1,1,1,39,-1,-1,-1,-1,-1,-1,-2902,20000,769,26154,6722,-4671,4997,537,2254,5699,3715,3745,1
108811,2,2,2,43,2,-1,-1,-1,-1,-1,7692,17302,-10772,-4362,11776,16294,10797,4912,3110,10890,10684,14420,0
284722,1,2,2,35,-1,-1,-1,7,-1,-1,25264,18082,-20140,-4675,6324,14963,3596,7434,7293,4972,1556,4225,0
281790,1,2,1,44,0,-1,-1,-1,-1,0,-5610,17506,28532,10959,568,5583,1032,6104,5248,2529,373,602,0
148733,2,1,2,21,0,0,0,0,0,-1,-327,3022,25317,10263,-2797,2746,3751,2910,4879,1315,483,526,0
245315,1,3,2,28,-1,-1,-1,-1,-1,0,8977,20813,-16513,-2155,6154,10280,3980,11078,8770,6239,4232,7129,0
89296,1,3,1,47,-1,-1,-1,-1,-1,-1,21849,-1286,4598,5584,-6404,5919,3884,2858,2524,4953,2615,3199,0
236141,2,1,1,43,-1,-1,-1,-1,-1,-1,-12612,12901,12951,35435,15629,-21229,7077,9163,3780,10292,6477,7581,0
316275,2,2,1,50,-1,-1,-1,0,0,0,5711,1333,1317,13416,-5506,15548,4729,17575,9594,6094,3829,7793,0
190008,2,1,2,38,-1,-1,-1,0,0,-1,6962,16065,-6974,13866,1669,5521,4203,4909,1526,5673,4081,3105,1
375156,1,2,2,28,-1,-1,-1,-1,-1,-1,-24403,42155,-17502,2214,3901,27608,15553,9858,10900,18997,14732,23066,0
166960,2,2,1,45,0,-1,-1,-1,-1,-1,3054,4896,19462,4493,4342,-1458,1231,2828,1380,3259,1283,888,0
167635,2,1,1,40,-1,-1,-1,-1,0,0,3164,-2297,11565,18247,5923,-8715,3721,6130,5998,4273,3741,1238,0
344188,1,1,2,43,-1,-1,-1,-1,-1,0,-19710,15672,6782,24582,-7071,9049,7085,8303,6599,6323,3979,6820,0
199826,2,3,1,44,-1,-1,-1,-1,-1,-1,-13398,16339,15875,2968,-7564,8818,4891,9301,5342,8319,5278,8239,0
75394,2,2,2,36,0,0,0,-1,-1,-1,32624,-3343,1146,-19576,10175,17098,3722,1763,5726,2186,4767,3080,0
382004,2,2,2,44,-1,-1,-1,-1,-1,0,11430,25059,-24546,4696,17888,24841,8543,15894,14980,12098,10185,14781,0
180782,1,1,1,36,-1,-1,-1,-1,-1,-1,5196,14552,-8375,-2382,6092,6065,4433,3599,5864,10212,4468,9684,0
151755,2,2,1,43,0,-1,0,-1,-1,0,28412,-4969,6733,-11105,5587,12885,3575,4134,5350,2253,2359,3881,0
104098,1,3,1,31,0,-1,-1,0,0,-1,-4637,9888,6417,13765,787,-7367,3773,2878,1502,1484,1808,1472,0
333673,1,1,1,27,-1,-1,-1,-1,-1,-1,25803,29403,-36158,-6619,20537,38049,11715,6874,9442,14060,13791,18912,1
311010,1,2,1,34,-1,-1,-1,-1,-1,-1,2465,23812,-16926,9390,12117,-5519,5210,7180,3788,9919,5045,9416,1
221829,2,5,1,36,-1,-1,-1,-1,-1,-2,-9548,19350,17291,-4226,-4889,11707,7505,787,4040,7637,2570,9706,0
290731,2,1,1,43,-1,-1,-1,-1,-1,-1,-8568,36203,-3414,-7859,-5753,26221,6632,4176,2720,12756,7421,16606,1
253625,2,1,2,28,-1,-1,-1,0,0,-1,18262,1687,1327,15622,5765,4872,7536,9154,8130,6947,6495,7138,0
183908,2,2,1,44,-1,-1,-1,-1,-1,-2,-22846,26741,26849,13353,2944,-8087,5035,1532,2205,6886,3864,6801,1
379643,2,3,2,28,-2,0,-1,0,0,0,-7789,19754,3259,11618,6592,12986,7490,13038,10260,5207,4527,6827,0
210042,2,1,1,37,-1,-1,-1,-1,-1,-1,-3341,11381,9094,23357,2682,-8207,6853,7401,4267,7990,4916,5975,0
244254,1,1,2,47,-1,-1,-1,-1,0,-1,-14861,21275,10535,54243,-1742,-15982,7469,13079,4174,10483,6434,5313,1
279871,2,2,1,36,-1,-1,-1,-1,0,0,-13664,18798,18972,36858,14914,-17934,5756,15475,11684,5566,3699,781,0
321601,2,2,2,27,-1,-1,-1,0,-1,-1,-1826,16147,-6044,16296,6410,1992,7407,7906,6585,7249,5110,7008,0
160392,2,3,1,21,-1,-1,-1,-1,0,0,-4,-4883,21312,21712,-3106,-5070,5963,4913,5008,3678,3238,5326,0
303906,1,2,1,50,-1,-1,-1,-1,-1,-1,-5842,28967,434,6678,-7331,12346,6153,13,1491,8251,1594,7149,1
294700,2,3,1,32,-1,0,0,0,0,2,15361,-4347,33465,9566,1366,371,5541,5747,10033,3052,1990,1846,0
277603,2,1,2,30,-1,-1,-1,0,0,0,-10921,8980,7234,41416,12649,-17992,6923,11867,7464,2816,4381,839,0
362899,2,1,1,38,-1,-1,-1,-1,-1,-1,4271,17201,-17569,39055,18011,845,16401,16894,11740,17583,14871,20233,0
194179,1,2,1,39,-1,-1,-1,-1,0,-1,11429,12604,-11047,31756,7074,-6768,4906,11570,7325,3432,2181,1088,0
178237,2,3,2,36,0,0,0,0,0,0,24839,-6387,24581,20071,22176,-7090,5597,11621,11855,2038,4992,280,0
206521,1,1,2,37,-1,-1,-1,-1,0,-1,-588,13961,-2748,16813,4144,-1560,3896,4657,6150,4232,1971,1096,0
359468,1,1,2,28,-1,-1,-1,-1,-1,-1,-15598,29012,-9457,12297,4035,11176,8120,4744,7495,12583,6671,13448,1
178424,2,2,2,48,-1,-1,-1,-1,0,0,8242,11408,4935,20623,11368,1619,5793,10567,7230,7895,6335,4583,1
215632,2,1,2,30,-1,-1,-1,-1,-1,-2,-2288,19981,10435,-804,-1872,11553,4298,3835,5373,6704,3977,3680,0
290648,1,3,2,33,-1,-1,-1,-1,-1,-1,43894,25579,-50195,-13475,13346,34182,6362,10340,9023,11268,7377,13405,1
501517,2,1,1,49,-1,-1,-1,-1,-1,-1,-8519,38437,-29370,42691,13480,8620,19358,20826,12840,21671,17843,25156,1
319269,2,2,1,28,-1,-1,-1,-1,-1,-1,-18224,29160,11186,9449,6009,-3930,5764,2690,2848,8920,6804,9524,0
152115,1,2,2,44,0,-1,-1,-1,-1,0,-5576,16713,16143,-7703,783,17797,2660,4007,6837,2929,1550,2580,0
54427,1,2,2,30,-1,-1,0,-1,-1,-1,6451,9320,15235,-4748,9915,-3260,1112,3236,4730,1455,1248,267,0
193439,2,5,1,46,-1,-1,-1,-1,-1,-1,3487,26440,-631,7467,-8631,20998,9156,4476,6236,12091,8929,15840,1
83143,2,3,2,35,-1,-1,-1,-1,-1,-2,-28944,24748,27617,1178,-5527,-4708,1767,1684,108,4945,1603,3341,0
350721,2,1,2,36,-1,-1,-1,-1,-1,-1,-33023,39860,14165,7227,-9721,5962,3922,1838,2042,6739,2792,5498,0
237080,2,3,1,31,-1,-1,-1,0,0,0,8793,-2176,19394,18294,5415,-2611,5437,6688,4138,3242,3789,3192,0
288992,2,3,1,39,0,-1,-1,0,-1,-1,10130,6105,1674,17666,2631,7645,5282,7616,7009,5166,6065,4673,0
230877,2,2,1,36,-1,-1,-1,-1,-1,-1,2210,10110,7415,-6298,-4645,21659,10516,5796,5041,10032,5781,15780,0
419157,2,1,2,28,-1,-1,-1,-1,-1,0,4871,15462,-11372,17693,17148,18809,11572,15368,12476,13623,12129,16768,0
276292,1,2,2,37,-1,-1,-1,0,-1,0,10086,11848,7692,-135,5382,16412,4966,13352,12894,3120,3172,4344,0
111609,1,1,2,23,0,-1,-1,-1,-2,-1,14352,13790,-16853,3587,5543,10072,6682,5457,7643,6487,5295,9083,0
208992,2,2,2,52,-1,0,0,0,-1,-1,3839,16225,8507,2083,-2264,13492,3499,2867,886,4596,1570,4421,1
273501,1,2,2,29,0,-1,-1,-1,-1,0,36312,-1234,-19205,-28219,2762,36231,3828,1623,6602,1967,2553,5676,0
231556,2,5,2,46,-1,-1,-1,-1,-1,-1,41174,15423,-33634,-7981,9886,31225,10380,4634,7910,12644,9040,13665,1
295740,1,2,1,29,-1,-1,-1,-1,-1,-2,3885,31114,-9883,-7567,-8454,38005,7899,3028,8224,13517,6943,18167,1
254553,2,2,2,32,0,-1,-1,-1,-1,0,7498,24110,-20009,3135,-607,28198,8979,8126,9984,8516,7500,11868,0
191267,2,1,2,36,-1,-1,-1,-1,-1,-1,2424,4842,6993,19914,2879,-9875,2730,5850,4838,6792,1972,3401,1
414694,2,1,2,30,-1,-1,-1,-1,-1,0,4920,17508,-12457,7090,-1039,18812,8692,15308,11359,9866,5377,12348,0
316287,2,1,1,21,-1,-1,-1,-1,-1,-1,41866,7937,-31078,-7597,17929,23931,11878,8709,9858,14275,11497,16978,0
134978,2,3,2,40,-1,0,0,0,0,-1,23568,8742,-5937,670,-525,15790,2097,3073,3526,3085,2527,3146,0
170591,1,2,1,54,-1,-1,-1,-1,0,-1,17168,2028,11312,9779,3050,-2993,3331,8182,3355,5068,371,3615,1
163559,2,2,2,38,-1,-1,-1,-1,0,0,24983,-6898,-5018,15593,6835,5681,6626,9722,7599,5786,5295,5226,0
149162,1,2,2,42,0,0,-1,-1,0,0,28691,-4385,-5048,-12490,10972,23898,2970,7539,8920,766,2638,1113,0
215261,1,1,2,42,-1,-1,-1,-1,0,-1,10391,12561,982,25634,12608,-9693,4942,6003,5541,7355,3936,2955,1
182278,1,3,1,46,0,-1,-1,-1,-1,-1,-7681,17808,19861,-3484,-6075,12395,2657,1184,2562,4334,3882,5040,1
335758,1,2,1,29,-1,-1,-1,-1,-1,-1,-22719,32539,-3395,42342,1559,-10289,8952,14378,8824,14872,9579,13283,1
205207,2,1,2,23,-1,0,0,-1,-1,0,6824,9862,12001,-17976,1138,21571,1693,2590,5558,3736,2964,4341,0
151924,2,1,1,38,-1,-1,-1,-1,0,-1,30316,415,6221,289,17474,6808,5663,7668,8004,6254,4097,7685,0
243894,1,2,1,58,-1,-1,-1,-1,-1,-1,-20097,37382,-7588,22036,-122,8621,8468,9434,7179,12882,10143,14649,1
172057,2,1,2,26,0,-1,-1,-1,-1,0,-18985,11408,17556,4714,-3984,1369,3008,1574,3093,2762,3684,3475,0
255854,2,1,2,28,-1,-2,-1,-1,0,0,26506,7088,-11218,12600,15106,9498,6557,9228,7858,5128,4692,4773,0
171361,2,1,1,32,-1,-1,-1,-1,-1,-1,-12022,-2444,15345,3107,-11215,4310,5979,2651,3084,6566,4263,9086,0
200795,1,2,1,44,0,-1,-1,-1,-1,-1,5317,12631,3970,10660,1533,5168,2175,4747,4025,3198,1605,2390,0
231628,2,1,1,45,-2,-1,-1,-1,0,-1,4420,13135,4098,17526,7683,8871,9301,9727,7976,8868,7388,12318,0
219599,2,1,1,29,0,-1,0,-1,-1,-1,5374,9796,5443,7658,13925,-8653,3016,998,1810,3454,1784,951,0
207381,2,1,2,39,0,-1,-1,-1,-1,-1,-2260,18888,-6917,12405,-1668,3149,3195,1933,261,6440,3561,1818,1
330270,2,1,2,47,-1,-1,-1,0,0,-1,510,12653,10665,19785,-2159,1604,5240,6162,5028,5106,1457,1850,0
395687,2,1,1,39,-1,-1,-1,-1,-1,-1,-15328,40900,-20452,33727,7756,11264,14237,11113,11131,20314,17615,22616,1
292648,1,1,1,29,-1,-1,-1,-1,-1,-1,9377,19944,-18034,23877,8610,4987,8932,8663,5993,11086,9128,12129,0
55591,1,2,2,33,0,0,0,-1,-1,-1,11790,1746,13235,313,5902,6308,529,2627,5389,2223,2706,1882,0
250812,1,2,2,33,-1,-1,-1,0,-1,-1,10302,15655,-19995,13288,9083,994,5285,10024,6062,5503,3422,4795,0
117174,2,2,1,43,-1,-1,0,-1,-1,-1,-19556,4893,34572,21013,631,-17127,3633,1266,2127,2420,1340,186,0
202682,1,2,2,35,-2,-1,0,-1,-1,0,16978,3019,-8751,-3009,6991,16693,3737,1878,5981,3682,5926,5428,0
156117,2,3,2,27,-1,-1,0,0,0,-1,44752,-16558,13702,-26036,-932,21912,3065,2498,3490,4025,2152,5196,0
163333,2,1,2,38,-1,-1,-1,-1,-1,-1,6304,10549,1970,4847,17334,-2474,6846,10021,8919,10266,5776,8364,0
15156,2,5,2,21,-1,0,0,0,0,-1,75520,-23961,-4147,-8747,10454,8248,6167,3659,4664,2483,5427,1731,0
261047,1,1,1,54,0,-1,-1,-1,0,0,7075,5595,7083,16082,1269,13818,5341,7296,8241,3625,3889,3072,0
317778,1,2,2,56,-1,-1,-1,-1,-1,-1,-11325,26897,-18012,28477,2578,10266,9143,14019,8457,10278,8367,11934,0
316562,2,2,1,35,-1,-1,-1,0,-1,0,16746,7353,-2690,2232,4803,19443,8999,11607,10599,8337,7433,11987,0
263980,1,1,2,34,-1,-1,-1,-1,-1,-1,-11808,23772,4762,35030,8552,-26485,3567,6777,2006,5909,1627,2847,0
172137,2,1,2,44,-1,-1,0,0,0,-1,2659,4104,19553,4560,1632,6084,4236,3606,5383,3398,1739,3665,0
415244,1,2,2,50,-1,-1,-1,2,-1,0,20269,13010,-26571,563,-3623,41842,7743,12753,10886,11834,7063,15771,0
156620,1,2,2,39,0,-1,0,-1,-1,-1,13453,10013,971,-8191,1526,11580,2463,945,4664,1759,2369,349,0
166090,2,2,1,39,-1,-1,-1,0,0,2,25652,1496,10479,1497,-4662,10979,5046,5984,8187,4074,1800,4662,0
190775,2,1,2,28,-1,-1,-1,-1,-1,-1,-14527,23239,1398,6830,9016,-3498,5964,4601,2939,7905,6564,9317,0
284308,2,1,2,34,-1,-1,-1,-1,-1,-1,-21865,25683,2486,15372,-4204,6267,8197,11618,6838,12900,8748,16112,0
339747,2,1,1,42,-1,-1,-1,-1,-1,0,10568,17815,-2549,-9061,2508,30633,6425,7373,6881,10724,8227,13057,0
132621,1,2,2,27,-1,0,-1,0,0,0,27896,352,-1048,6212,1862,6547,2500,7322,6118,2301,1733,1755,0
102254,2,2,2,32,0,-1,0,-1,0,0,25135,7563,14882,-42,4953,13007,3724,5416,8799,3005,2120,679,0
395956,2,2,1,29,0,-1,-1,-1,-1,0,-15592,18364,5456,5158,10879,10288,7393,8009,9429,7549,10918,12932,0
232947,2,2,2,54,-1,-1,-1,0,0,0,40602,-1030,-19715,536,9659,34982,5854,13522,12624,4584,4236,4897,0
319197,2,2,1,33,-1,-1,-1,-1,-1,-1,-21501,22644,4656,23296,14729,-14958,7183,5319,4373,9115,6836,7445,0
160046,2,1,2,33,-1,-1,-1,-1,-1,-1,5708,2839,17375,332,-4131,5653,1734,2876,4555,2446,1760,670,0
300544,2,2,2,45,-1,-1,-1,-1,-1,-1,16920,25208,-14094,-18087,9674,31256,6903,5151,4506,10019,8184,13252,0
260340,2,2,1,33,-1,-1,-1,-1,-1,-1,-10590,27839,4379,13486,-628,760,7304,5652,1210,11939,6692,12010,1
49448,1,2,1,28,0,-1,0,-1,0,0,6500,-963,21051,670,657,10237,3224,708,6338,101,1434,1146,0
335294,2,2,1,43,-1,-1,-1,-1,-1,-1,-22459,32784,4308,19558,-670,11139,13080,13062,11793,14907,10478,17286,0
211320,2,2,2,24,-1,0,-1,0,0,-1,25181,-5804,15371,-3917,-381,4553,4652,2287,5237,4442,992,6419,0
244570,2,2,2,42,0,-1,0,-1,-1,-1,15476,2875,2084,-2964,-315,18096,4888,4028,3908,5591,4584,6302,0
70998,2,2,2,38,-1,-1,-1,-1,-1,-2,-21454,21876,27333,7272,-10731,11434,4261,2927,5593,5201,2565,7574,0
169292,2,3,2,43,-1,-1,-1,-1,0,-1,18284,208,15319,8400,-2650,2950,4592,4864,3403,5512,2698,4107,0
419186,2,1,1,43,-1,-1,-1,-1,-1,-1,-3984,51358,-27189,51899,22457,4444,19142,19624,13061,25476,20945,25538,1
131368,1,1,2,35,-2,-1,-1,-1,-1,-1,7274,14370,-2751,8712,7765,2943,5171,3825,6018,4764,2411,4499,0
161031,2,1,1,37,-1,-1,-1,-1,-1,-1,-9825,15175,19588,14954,-5918,-5054,3190,239,784,5470,3251,2303,1
96347,2,2,2,28,0,-1,0,0,0,0,21176,-2631,19579,-2978,-4937,14495,5453,3843,5141,1199,2379,2923,0
273242,2,1,1,47,0,-1,-1,0,0,0,2803,6668,14464,15984,11156,4189,5202,10574,8754,2773,3618,1707,0
84053,1,2,2,41,-1,-1,-1,-1,0,-1,17565,-1646,-2564,12731,2453,-6273,4206,9690,3591,4040,1566,972,0
236994,2,1,2,36,-1,-1,-1,-1,-1,-1,4227,18567,-11437,17139,13310,3102,10373,10270,6336,14043,10253,16296,1
267493,2,2,1,47,-1,0,0,0,0,-1,-1923,6353,27643,13610,-9815,5629,3194,5845,2598,3635,2621,4753,0
127216,2,1,2,31,0,0,-1,0,-1,-1,14821,7799,-1285,6418,12363,5343,6032,2745,8264,3875,4465,4530,0
203865,1,2,2,40,-1,-1,-1,-1,-1,-1,27703,18079,-20816,-1796,1299,19408,5395,10036,8706,5717,3450,3664,0
116972,1,2,2,59,-1,-1,-2,-1,-1,-1,39070,17362,-24671,-23389,-5891,39102,2532,2919,2941,3368,858,2493,1
231101,2,1,1,24,-1,-1,-1,-1,-1,-1,-13423,21407,-4172,18924,19094,-4699,10735,10669,9466,11494,8899,13258,0
364517,2,1,1,31,-1,-1,-1,-1,-1,-1,-30256,26032,3838,28771,-12653,-13178,5888,7124,162,10987,3369,11304,1
111744,1,2,2,39,0,0,-1,-1,-1,-1,11021,8944,7258,-17951,3347,13813,1607,652,1957,3240,2862,4182,0
192218,1,2,2,25,-1,-1,-1,-1,-1,-1,12696,17233,-8949,-8069,3613,15058,5974,3331,4005,8679,5943,8237,0
166136,2,1,1,35,-1,-1,-1,-1,-1,-1,13021,-2264,9762,20375,22875,-24174,3450,8116,4139,5723,3622,1930,0
245295,1,2,1,37,3,-1,-1,-1,-1,0,31186,-5782,-3494,-8249,9046,12295,2430,1383,5687,4384,3039,3336,0
135532,2,2,1,43,0,-1,-1,-1,-1,-1,-24165,25631,16645,24107,4980,-15182,3813,4571,1922,5125,3042,3654,1
177804,2,2,2,42,-1,-1,-1,0,0,0,40027,1367,-11872,4893,5751,20441,6412,11474,11155,3737,3246,2562,0
138380,1,2,2,51,-1,-1,-1,-1,-1,-1,-15316,24613,3441,9879,-4214,10588,3772,1294,862,5855,2880,5866,1
283955,1,1,3,31,-1,-1,-1,-1,-1,0,1198,6232,4924,2246,10362,-439,1496,5075,5863,4597,956,3467,0
253829,1,2,1,43,-1,-1,-1,0,0,0,20199,3450,-4966,22157,3529,8253,7484,9009,10365,5579,2702,2731,0
375428,2,1,1,34,-1,-1,-1,-1,-1,0,9269,18763,-19665,27257,8316,9895,11225,18783,15828,13209,11212,12406,0
209167,2,1,1,34,-1,-1,0,0,0,0,1728,-5748,36283,29501,5673,-10805,6447,5483,7162,2512,2411,1242,0
132836,2,2,1,43,0,0,-1,0,-1,-1,-14769,13686,20484,22109,6935,-11526,3978,2051,1751,2190,3558,1311,0
141892,2,2,1,50,-1,-1,0,0,0,-1,10433,-852,19841,11599,274,-9328,2087,5315,2321,3364,1105,727,1
39641,2,1,2,39,-1,-1,-1,-1,-1,-1,7420,4997,14392,2091,7668,-3277,3995,3025,4039,3048,1262,2780,0
100165,2,2,1,29,-1,-1,-1,-1,0,-1,3118,5561,14614,17503,-2164,-7178,4249,5505,3081,5055,2703,4697,0
210846,2,2,1,39,-1,-1,0,0,0,-1,-1240,8263,28115,41007,-729,-18976,4303,9266,5669,4127,3061,710,0
124434,2,2,2,34,-1,-1,-1,0,0,-1,-1315,7542,2958,17869,-3290,-2573,5649,6857,3325,4489,2131,4611,0
168911,2,2,1,36,0,-1,3,-1,-1,0,-11609,7059,28891,19156,1957,260,5665,1555,7690,2373,3615,1745,0
400534,2,1,1,37,-1,-1,-1,-1,-1,-1,-20126,28212,-10715,33739,-2360,-2829,9479,9893,4541,12245,6797,11583,0
138178,2,3,1,34,0,-1,-1,-1,-1,0,27051,-1406,6451,721,17924,14864,6276,4473,13813,1870,3985,2342,0
94750,1,2,2,48,-1,-1,-1,-1,-1,-1,7049,15828,-594,11067,-1229,8403,3657,4162,5774,2913,2238,1254,0
231020,2,5,1,37,-1,-1,-1,-1,-1,-1,4703,7670,6588,9039,-7556,14736,10200,4004,4488,9190,7433,11524,0
338103,2,1,1,41,-1,-1,-1,0,0,-1,-18829,22960,15978,27554,-6458,-14492,2852,6907,228,8861,3527,6619,1
260858,2,2,2,31,-1,-1,-1,0,-1,2,42817,10860,-16909,-14143,9351,29670,8367,6283,8938,6676,5108,8633,0
134966,2,2,2,36,-1,-1,-1,-1,0,0,-3073,6094,26276,18098,-3377,-10531,3905,12010,6729,2253,543,1908,0
139029,2,2,1,39,-1,-1,-1,-1,-1,-1,3174,12823,2332,-2327,-7774,13911,5673,292,846,5654,3478,8293,1
300717,1,5,1,36,-1,-1,-1,-1,0,0,16414,9662,-4302,3760,3013,10871,7102,13193,9203,9762,6130,11290,0
268392,2,3,1,44,-1,-1,-1,0,0,-1,27824,2510,-3818,11751,343,14324,6792,14871,8323,5809,5821,8220,0
65923,2,3,1,50,0,-1,0,-1,0,-1,12738,-6961,31620,10317,-6876,4703,3273,1920,4239,2937,1539,270,0
208465,2,3,1,43,-1,-1,-1,0,0,-1,22663,4621,-22372,12057,8203,2225,6661,8270,5858,5177,6401,5918,0
191941,1,1,2,35,-1,-1,-1,-1,-1,-1,-17811,38851,-10073,24592,7372,-15233,4828,4491,3187,8081,1536,5303,1
104427,2,1,2,30,-1,0,0,0,0,-1,-170,8177,8774,18786,7833,-12801,6290,2119,693,4907,3903,5185,0
208144,2,2,2,43,-1,-1,-1,-1,-1,-1,-5116,20036,2687,-5534,5306,13558,4877,3076,5657,7574,3180,9329,0
188011,1,2,1,28,0,0,0,0,0,-1,-1831,9172,15861,-4554,-4587,8151,2420,1490,1748,2830,2197,3807,0
172513,2,1,2,40,0,-2,-1,0,0,-1,3328,1182,8916,32519,2403,-5647,7799,12656,7689,5416,8245,5587,0
171060,1,1,1,39,-1,-1,-1,-1,-1,0,26,6813,1596,22726,10181,-10024,4474,8563,9228,4511,2595,2591,0
173203,2,1,2,37,-1,-1,-1,-1,-1,-1,7786,11395,-10629,21366,11541,-5748,7317,5070,5922,8706,5811,8134,1
295135,2,2,2,29,-1,-1,-1,-1,-1,0,2009,14697,-9278,15077,18785,2890,6386,12093,9480,7657,6025,6748,0
162777,2,5,1,34,-1,-1,-1,-1,-1,-1,34312,9213,-24228,-6435,6773,27630,8707,5250,6663,9443,8854,12465,0
389584,2,1,1,37,-1,-1,-1,0,0,-1,-33325,12382,38355,57745,208,-32282,4940,13814,6127,6854,1989,3102,0
317943,2,1,1,31,-1,-1,-1,-1,-1,-1,-17732,29684,3321,14652,7074,1174,10351,10761,8840,13524,8308,17849,0
203380,1,2,1,53,-1,-1,-1,-1,-1,-1,18230,13450,-6233,1780,10523,7654,3560,8191,5953,6377,5324,5308,0
148570,2,5,1,35,-1,-1,-1,-1,0,-1,18018,10651,-3767,14339,3282,3331,10591,1780,2822,11100,9109,9771,1
219521,2,2,2,39,0,-1,-1,-1,-1,-1,-9581,23672,-10804,25295,12496,3166,9497,8830,7510,10569,10604,10295,0
104760,1,2,2,49,-1,-1,-1,-1,-1,-1,24421,22184,-27203,-2550,10261,17396,4844,3406,6092,5817,4893,7043,1
160968,2,1,2,34,-1,-1,-1,-1,-1,-1,-10113,38158,-11571,-25694,-2187,31478,9955,2086,4469,12079,7007,17402,1
201765,2,1,2,37,0,0,0,2,0,0,5848,5582,18710,-1355,6456,6954,4059,3645,2770,1943,3472,807,0
178177,2,1,2,23,-1,-1,-1,-1,0,-1,2419,1046,5962,19139,12905,-10193,4735,8477,4709,4543,7341,2308,0
449532,2,2,2,40,-1,-1,-1,-1,-1,0,-2310,16973,-16193,22973,8649,17826,12185,14530,13225,13046,10160,15010,0
134077,2,3,1,45,-1,-1,-1,-1,0,-1,42682,-8483,-6783,-6045,2288,14905,4203,2936,4352,2627,3177,2640,0
279514,2,1,1,41,-1,-1,-1,-1,-1,-2,-38582,31261,17175,3278,-21217,14665,5532,1460,4011,9147,4470,10269,1
202421,2,2,2,28,0,-1,-1,-1,-1,-1,25402,-1152,-9436,-12866,8112,20814,7417,1189,4267,5633,7856,9632,0
123874,2,2,1,56,0,0,0,0,0,-1,16844,9869,14090,-470,-9880,15725,1277,3467,1540,1218,2867,913,1
213115,2,2,2,39,-1,0,-1,-1,-1,0,13372,14598,-18779,-2617,7070,25604,5423,6230,7621,7397,6143,9276,0
171551,1,2,2,46,-1,-1,0,0,-1,-1,22380,15846,-14633,-9466,7970,16398,1926,1406,2126,3791,3329,3937,1
167829,2,1,2,41,-1,-1,0,2,0,-1,26533,1217,-5919,-12516,3589,18797,2408,4098,2167,3091,4259,3443,0
303043,2,2,1,40,-1,-1,-1,0,0,0,10693,-6084,10661,18493,7660,-1022,6500,13287,9391,6267,6421,6277,0
229460,1,1,2,51,-1,-1,-1,0,0,-1,6556,11004,-9527,35108,-1799,7471,9768,15392,9683,12493,8022,12720,0
83401,2,2,2,31,0,0,0,0,-1,-1,12085,4315,27189,7851,-6420,8536,2943,5171,4501,1206,1429,904,0
266913,1,1,1,52,0,-1,-1,-1,0,0,14538,5099,2203,42760,16833,-5513,7102,11835,9944,5173,4607,947,0
164685,2,5,1,39,0,-1,-1,-1,0,-1,-25893,22168,19550,24074,-780,-6017,9580,4112,4954,6427,6317,6829,0
130844,2,1,2,45,-1,-1,-1,-1,0,-1,13212,11236,-7139,12753,7080,6583,5527,9932,7022,9191,7329,7952,1
255072,2,1,1,24,0,-1,0,0,-1,0,-20830,13536,17878,27461,10435,-9970,7922,5996,5918,3909,6364,6070,0
269436,1,5,2,48,-1,-1,-1,-1,-1,-1,182,29910,-11837,-8513,-9353,35441,9141,3495,4033,13321,10814,17476,0
177137,1,1,1,26,-1,-1,-1,-1,-1,-1,31654,34,-13565,436,10009,21283,9059,5560,7817,9205,6939,12477,0
502485,1,2,1,57,-1,-1,-1,-1,-1,0,-3963,22954,-7473,30766,2678,15197,8612,13372,12238,10897,9036,12410,0
193582,1,2,2,39,0,3,0,0,0,-1,32385,-1840,-9710,9343,-2538,20761,4573,4745,4155,5177,8758,4633,0
231831,2,2,1,47,0,-1,-1,-1,-1,-1,-26825,26465,17851,22017,133,-5982,3331,5890,2436,5930,4236,5824,0
278408,2,1,2,57,-1,-1,-1,-1,-1,0,12175,34718,-26540,-10888,6784,37322,7694,15002,9591,12375,7456,16162,1
258645,2,1,1,22,-1,-1,-1,-1,-1,0,-24885,25505,6419,15749,-5749,3686,6915,7493,4295,8178,6881,11539,0
320659,2,1,2,39,-1,-1,-1,-1,-1,-1,-9453,24643,7258,9663,-1405,14881,10270,14722,10988,13384,8436,15186,0
74801,2,2,2,35,0,-1,-1,-1,-1,0,592,2409,13208,4950,-787,6675,1818,1586,4116,1273,798,2224,0
194704,2,3,1,47,-1,-1,-1,0,0,0,16026,-4284,23063,940,-15416,17601,5473,5558,6378,4726,2338,5051,0
284430,2,2,2,38,-1,-1,-1,-1,-1,-1,-9129,23850,9086,-2008,6,6657,3472,3473,3337,8080,1829,6235,1
279309,1,2,2,32,-1,-1,-1,-1,0,0,30452,-5715,114,3175,11441,4357,3468,9544,8029,4135,3653,2490,0
198583,2,1,1,47,-1,-1,-1,0,0,-1,4276,2452,7672,22841,796,-8104,3952,4588,3616,6002,3200,4266,0
139674,2,1,2,38,0,-1,-1,-1,-1,-1,21359,3262,-7620,1920,12893,10619,4371,8159,7086,5855,5602,6428,0
134025,1,3,2,38,-1,-1,-1,-1,-1,-1,10553,5416,10786,7637,17412,-10123,3463,5416,3262,5907,5279,1662,0
257277,2,5,2,50,-1,-1,-1,-1,-1,-1,40466,12355,-24455,-3426,7470,30488,9472,4724,4454,12913,10286,11497,1
275131,1,5,1,40,-1,-1,-1,0,0,-1,19130,-7354,10693,26576,999,57,5630,16001,8086,6553,8302,4423,0
168362,1,2,1,50,-1,-1,-1,0,0,-1,31573,5410,-11254,17358,12950,-3286,4066,14878,7223,2558,4484,584,0
160344,2,2,1,40,-1,-1,-1,-1,-1,-1,7189,8478,6100,14914,2934,-3321,3293,5390,2105,6636,5182,5402,1
234661,1,2,1,42,-1,-1,-1,-1,-1,-1,-14584,8607,19067,22482,-2768,-5933,4270,1287,1478,7240,5165,7016,1
163706,2,3,1,33,0,0,0,0,0,-1,18605,540,10217,3278,2036,4283,4326,745,2610,1123,3009,177,0
25682,1,1,2,33,0,-1,0,-1,0,-1,25948,-6854,-4515,-2354,14303,3203,1711,4990,3248,3217,4997,886,0
274771,2,2,1,38,-1,-1,-1,-1,-1,-2,-14661,9976,23148,16618,-6944,231,7304,8947,6386,7947,3039,7074,0
365878,2,2,2,32,-1,-1,-1,-1,-1,0,21603,21834,-19460,-1808,7311,27846,7700,11040,9191,12104,8241,12914,0
362099,1,2,1,46,-1,-1,-1,-1,-1,-1,-18691,32445,-1116,16768,-2914,8574,11579,10749,7663,13647,9077,17366,1
250143,2,2,1,46,-1,-1,0,0,0,0,-2224,13843,28425,6730,4203,1829,1931,8674,7722,1972,816,1107,0
180588,1,1,1,34,-1,-1,0,-1,0,-1,43823,-6092,-17153,-7112,14097,15911,5766,1193,6333,5065,5028,5176,0
131293,1,1,2,28,0,-1,0,-1,-1,-1,-362,16284,-1650,17797,13498,-11601,1330,1461,1893,3947,2468,51,0
212896,1,2,1,43,3,-1,-1,-1,-1,0,31416,3644,-241,-22203,49,26642,2712,2783,6306,4344,3874,5856,0
119368,1,2,1,24,-1,-1,-1,-1,-1,-2,-26316,4304,45018,23069,-2991,-21241,2660,3126,1371,5354,646,4327,0
187587,2,1,1,27,-1,-1,-1,-1,-1,-1,21044,875,-1149,1332,1071,5741,4773,3544,2640,8863,2975,7962,1
245086,2,1,2,43,-1,-1,-1,-1,-1,-1,-9810,26508,11239,11649,3158,12956,8552,10137,4403,11354,9499,13650,1
193051,2,1,2,36,-1,-1,-1,-1,0,0,20736,-8387,8084,18439,14217,-6384,3717,12825,9412,3294,1512,281,0
135921,2,1,2,36,-1,-1,-1,-1,-1,-1,37229,2804,-12355,14952,29377,2627,7581,14824,11286,9811,10392,6710,0
196873,1,1,1,41,1,-1,-1,-1,0,-1,-7809,13490,10430,40046,-6558,-3869,9687,6543,2725,7900,6222,6569,0
337023,2,5,1,30,-1,-1,-1,-1,-1,-1,20978,21056,-20050,6844,14671,13622,11654,7150,5212,12506,12995,14753,0
205590,2,1,2,34,-1,-1,-1,-1,-1,-1,-15846,25210,-3411,5955,-842,3045,7014,1559,230,9586,5405,13718,1
182161,2,2,2,43,0,-1,-1,-1,-1,-1,6949,-717,5957,1792,5489,14020,8930,6207,5478,7331,6148,10441,0
156941,2,1,1,27,-1,-1,-1,-1,-1,-1,-21875,16148,15033,20622,5355,-20444,3844,2639,1553,6542,1206,3621,1
229559,2,3,1,51,-1,-1,-1,0,0,0,-10656,17283,21396,16330,-7768,-1756,2969,7279,6979,3033,943,2501,0
313612,1,2,1,32,-2,-1,-1,0,0,0,-25211,11002,11591,35897,-1396,-5683,6222,13540,7060,6452,7171,7732,0
131386,2,1,1,30,0,0,0,0,0,-1,38497,-13398,2784,867,4884,14281,4270,4393,5806,1102,4715,3911,0
292629,2,2,2,47,-1,-1,-1,-1,0,0,9191,10099,14506,17454,1863,4522,4820,11552,11577,6245,4813,3195,0
115487,2,3,2,24,-1,-1,-1,-1,-1,-1,5864,18480,-9753,-3012,5965,4919,5166,228,2755,4878,2998,5446,0
269726,2,5,2,42,-1,-1,-1,-1,-1,-1,-8713,14456,-1132,27131,1198,-7943,8006,8929,2449,9381,8162,7322,0
238766,1,1,1,35,-1,-1,-1,0,0,0,-27,7427,22961,41350,16581,-14693,5267,11655,11207,3888,3428,2768,0
270986,1,2,2,41,-1,-1,-1,-1,0,0,30036,9594,-30393,7341,323,23313,6593,9913,7188,6364,3621,7438,0
224407,2,1,2,42,-1,-1,-1,-1,-1,-1,-14560,19565,10025,24432,-6632,-1712,8014,9849,5839,11107,5551,9019,0
192447,1,2,1,47,-1,-1,0,-1,0,-1,6098,648,26541,24740,-4457,-3489,5787,6946,6404,5204,837,3885,0
219923,1,2,2,33,-1,-1,-1,0,0,-1,10436,3451,389,23087,9541,-10575,5181,7704,4960,4147,2845,247,0
411117,2,1,1,36,-1,-1,-1,-1,-1,-1,15803,22044,-41543,18512,9256,18085,15131,17998,12575,16872,13162,19871,0
119107,2,2,1,39,0,-1,0,0,0,-1,4202,-1436,38317,5683,-1290,-5917,2958,5888,3847,957,1071,374,0
166951,2,3,1,38,-1,-1,-1,-1,0,-1,7821,1392,8381,26521,-4838,-2938,5319,8001,3882,4409,2901,2367,0
335742,2,1,2,31,-1,-1,-1,0,-1,0,12453,12420,-7466,-2626,11774,12545,5054,5514,5573,4236,3149,4622,0
364383,1,5,1,34,-1,-1,-1,-1,-1,-1,24922,12725,-20652,17613,24710,2644,9421,10383,9666,12229,11823,14065,0
385950,2,1,1,59,-1,-1,-1,-1,-1,-1,-18377,21582,351,48949,3711,-14931,9725,16279,7852,12560,7205,9084,1
203414,2,1,2,30,-1,-1,-1,-1,-1,-1,19326,7365,-15446,-9930,4216,16413,5532,5470,5370,7797,6938,11268,0
214007,2,3,1,46,-1,-1,-1,0,0,-1,13627,2302,10476,-1586,-12181,20538,2324,3070,2828,4267,1135,7045,0
172462,2,2,2,46,8,0,0,0,-1,-1,-9033,9716,18630,-5584,-11333,15396,3133,2852,3556,4553,1639,8085,0
193360,1,1,1,41,-1,-1,0,-1,0,0,16508,4957,15499,8436,782,10682,4238,5659,8646,2961,2846,2133,0
82267,2,2,2,30,-1,-1,-1,-1,-1,-1,2704,3859,4030,14055,14425,-11120,3922,2836,2828,5218,2343,3123,0
167812,2,2,1,37,0,-1,-1,-1,-1,-2,472,-7165,30636,2259,4317,2153,7343,4842,6027,4804,3065,6432,0
237072,2,2,2,37,-1,-1,-1,-1,-1,-1,-20386,20911,8713,20944,-11759,4735,7908,7700,7338,12777,5041,11159,0
359239,2,5,2,43,-1,-1,-1,-1,0,-1,7984,23383,-14292,2068,-12304,30079,11043,10751,7175,15636,8184,16368,0
156024,1,3,1,44,-1,-1,-1,-1,-1,-1,-2763,18261,1601,27382,1092,-13287,3791,3421,2865,5297,1872,1639,1
157093,2,3,2,32,-1,-1,-1,0,0,-1,20207,-5354,12502,5027,9423,-5255,3963,9319,5371,3444,2220,2630,0
375604,2,2,2,21,-1,-1,-1,-1,-1,-1,-23146,26316,-4447,34571,5154,-12750,6938,8422,3511,7400,5728,5895,0
186442,1,1,1,39,-1,-1,-1,-1,-1,-1,-19321,17647,4742,18018,2498,-8262,2029,1220,2091,5045,1664,3996,1
211203,2,5,1,39,0,-1,-1,-1,-1,-1,9883,14641,9107,4201,9179,4674,4419,1142,3807,5691,4328,3502,0
282163,1,1,1,45,-1,-1,-1,-1,-1,-1,4488,37458,-18001,16936,16802,7985,9002,11467,4487,15555,14128,15644,1
285305,2,1,1,25,0,-1,-1,-1,-1,-1,-11558,5095,4495,18060,4240,-367,7686,7540,6455,8484,7399,9932,0
82312,1,2,1,49,0,-1,-1,-1,-1,-1,15755,3871,-7209,3623,11395,10637,5013,2877,3645,3761,9236,4969,0
297397,1,2,2,39,-1,-1,-1,-1,-1,0,-13144,22997,1964,11930,-10077,11032,3374,8177,7575,7296,1674,7025,0
109503,1,2,2,42,0,-1,-1,-1,-1,-1,-17879,26697,2053,5527,-1958,10404,4485,328,3876,3476,4529,4019,0
149265,2,2,2,35,-1,0,0,0,0,-1,8940,7855,9707,5734,360,972,3908,2971,1813,3704,2122,3063,0
199587,2,1,1,38,-1,-1,-1,-1,0,0,13744,-7602,9107,27357,8638,-10279,3935,11625,6721,5048,3953,3781,0
187531,2,1,1,31,-1,-1,-1,-1,0,-1,27020,-3486,-7181,5270,15040,-5850,3076,4727,4842,5751,3655,4921,0
236003,1,2,2,44,-1,-1,-1,-1,0,0,7661,1377,5180,6517,1800,15302,8155,9849,10011,5029,4811,8195,0
200198,1,1,2,37,-1,0,0,0,0,0,28514,-7700,7921,2726,12516,252,3054,9452,7126,1853,1810,11,0
187030,2,2,1,33,0,-1,-1,-1,-1,0,3914,11942,-5422,-5078,3683,17538,3018,439,2585,5194,4439,5884,0
128324,2,2,1,27,-1,-1,0,-1,0,-1,34580,-2248,-2786,-19732,16124,5822,3628,2813,3764,3256,3303,3893,0
346781,2,1,2,26,-1,-1,-1,-1,-1,-1,31587,17388,-30655,-5976,21985,20487,14009,6738,7198,13395,13658,15787,0
45535,2,1,2,31,0,-1,-1,-1,-1,-1,-603,11277,13292,2371,7363,-4975,2298,314,18,5377,3846,2838,1
315700,2,1,1,29,-1,-1,-1,-1,0,0,5325,5686,17186,26053,-1185,-1809,3763,5775,6752,5390,3705,3962,0
87419,2,3,2,39,-1,0,0,0,0,-1,34992,-3251,-6394,-10785,10564,4632,3836,5095,3636,2906,1433,3700,0
114478,1,1,2,28,-1,-1,-1,-1,0,-1,13884,-935,6672,7406,3523,-6876,1447,5317,4670,5071,2514,1716,1
143163,1,2,1,46,0,-1,-1,-1,-1,-1,2052,10640,984,22375,-1,4626,5780,1278,4399,4901,4200,3243,1
108321,1,3,2,30,-2,-1,-1,0,0,-1,25438,-1186,-2734,6608,2542,12094,4731,8798,8637,4114,4499,3514,0
226618,2,1,1,42,-1,-1,-1,0,0,0,3918,-4165,25358,44298,10938,-14282,8838,14229,11384,4015,4948,3000,0
167986,1,3,1,36,-1,-1,-1,0,0,-1,8340,10764,789,15347,3854,-5608,4357,4715,1974,5033,4727,4187,0
177047,2,2,2,45,-1,-1,-1,-1,-1,-1,19027,2201,-2,3077,8915,-6650,2989,4252,2739,4805,2339,297,0
156122,2,2,1,29,0,-1,-1,-1,-1,-1,-10610,9235,28166,-2887,-9183,11841,4888,1568,1423,6383,4440,10146,0
170965,2,3,2,26,-1,0,-1,0,0,-1,55198,-9983,-4706,-14561,13924,17306,5345,7052,4748,5602,6022,5546,0
260229,2,1,1,38,-1,-1,-1,-1,-1,-1,6105,18806,-13544,9553,7498,10185,8896,5949,4278,9255,9188,10616,1
331050,2,1,2,27,-1,-1,-1,0,0,-1,-10711,22256,-9348,18117,569,-1930,9508,11498,7484,7436,4290,8054,0
191294,2,1,2,42,-1,-1,-1,-1,0,-1,25272,17668,-23756,-3273,4878,29395,9891,11775,8567,12015,10631,15719,0
160463,1,3,1,39,-1,-1,-1,-1,-1,-1,-4133,-296,11283,24589,16354,-25665,2060,5843,1678,4825,2987,2100,0
222652,2,2,1,30,-1,-1,-1,-1,0,0,-2415,9832,11356,13708,70,-3136,4164,5381,2440,2636,1718,1598,0
316981,2,1,1,45,-1,-1,-1,-1,-1,0,7826,7198,-1902,8509,8719,4294,6165,10526,8147,9044,5787,9371,0
288584,2,1,1,37,-1,-1,-1,-1,0,0,15094,8258,-14300,18929,16353,-2006,7217,12814,10244,8443,8261,8349,0
157903,2,2,2,25,0,-1,-1,-1,-1,-1,4499,12480,805,882,16833,-7872,2851,5213,3207,2067,3558,831,0
225217,2,2,1,22,-1,-1,-1,-1,-1,-1,11723,11854,2019,11788,8983,-604,3834,530,1409,4400,3066,1377,0
162159,1,2,2,39,-1,-1,0,-1,0,-1,16368,4358,23566,-336,-1975,8726,298,7855,4095,4134,2184,2867,0
267640,2,1,2,28,0,-1,-1,-1,-1,-1,17461,18030,-26457,-12524,9287,28113,7350,5005,8900,9990,6711,11945,0
261517,2,2,1,52,0,-1,-1,0,-1,-2,-36784,23929,23112,34616,-4616,-1687,4669,8838,6633,4636,5294,4059,0
414173,2,1,1,27,-1,-1,-1,-1,-1,-1,2785,28053,-1355,23069,18521,9125,14770,16269,13796,17126,14932,22619,0
241588,2,1,2,39,-1,-1,0,0,-1,-1,11407,10603,-4081,-2858,12649,397,4658,5331,1852,2421,5567,2056,0
254780,1,1,1,35,-1,-1,-1,-1,0,-1,8870,8269,3513,25561,5444,-7443,4955,10507,7686,8024,6085,4038,0
201366,1,2,2,30,0,-1,-1,0,-1,0,-12054,9715,17876,17719,287,3279,4610,4593,8230,3078,4222,2596,0
430249,2,2,2,38,-1,-1,-1,-1,-1,0,-9407,30780,-13437,21749,6916,20052,11101,14383,13608,10296,10131,13135,0
174328,1,2,2,47,-1,-1,0,0,0,0,3665,9820,13593,11477,7601,7427,4112,14000,11300,2873,2857,2176,0
157519,2,1,2,34,1,0,-1,0,-1,-1,7266,16948,-218,-12576,-6104,28462,5302,142,2613,6056,4391,10430,0
201340,1,2,2,38,0,0,0,3,-1,0,33386,-3834,9584,-10100,2373,26031,5869,2797,7504,383,1564,2378,0
293793,2,2,2,32,-1,-1,-1,-1,-1,0,-3836,11685,-834,-4030,10881,10151,4211,5683,6327,6249,5207,5341,0
87082,1,3,1,23,0,-1,-1,-1,-1,-1,-1352,-4085,28414,9820,-4855,-7559,2119,2186,3883,2289,2192,4009,0
176247,2,2,2,41,0,-1,-1,0,0,0,8737,7884,19498,5289,5252,301,3798,12882,11182,1300,875,146,0
311119,2,2,2,36,-1,-1,-1,0,-1,2,2618,8605,12184,2196,9388,-2643,2738,6732,3919,4246,655,2097,0
171812,2,1,2,37,-1,-1,-1,-1,-1,-1,1412,13075,237,478,12459,-2656,3250,4143,3863,8080,3874,4054,1
307048,2,2,1,47,-1,-1,-1,-1,-1,-1,-26527,17736,16987,37374,-2988,-11878,6266,4551,264,7465,6386,7109,1
318823,2,2,2,33,-1,-1,-1,-1,-1,-1,29780,18039,-25415,-33525,-7566,46601,6922,3408,5436,9313,5043,13851,1
197668,2,2,2,40,-1,-1,-1,0,0,-1,8265,13821,-262,4512,7658,3966,4681,11418,5771,5039,4323,6232,0
248013,1,1,2,29,-1,-1,-1,-1,-1,-1,4343,20142,-20023,9676,12851,14907,7766,8814,9174,10327,10098,12810,0
204295,2,2,1,34,0,-1,-1,-1,-1,0,-453,11649,3055,-14997,3718,15061,4875,2222,3207,5446,2650,8233,0
309187,1,3,2,55,0,-1,-1,2,0,0,11923,9737,4423,-12539,-13368,37997,2378,3699,4246,2821,1352,4693,0
344147,2,1,1,30,-1,-1,-1,-1,-1,-1,-641,1220,1452,24279,6940,-11439,8474,7446,5270,8212,4836,8967,0
217189,2,2,1,41,-1,0,0,0,-1,0,-4005,17562,13845,-6668,2313,12675,2793,1901,4075,2809,3026,5266,0
213918,2,1,2,30,-1,-1,-1,-1,-1,-1,-12433,23890,-5943,6551,6164,-1244,4703,161,22,8501,4689,7785,1
316777,2,1,1,36,-1,-1,-1,-1,-1,-1,-2667,16708,5123,10364,-686,1731,7572,5553,4693,9707,4467,10282,0
170281,2,2,2,37,-1,-1,-1,-1,-1,0,-5504,-829,19776,-2606,-3919,13510,4476,4552,3628,6839,5622,9288,0
189867,1,3,2,33,3,-1,0,-1,0,0,30807,-987,4251,2308,16521,8990,4994,5656,10333,1881,4319,2057,0
247317,2,1,2,33,-1,-1,-2,-1,-1,-1,37151,11104,-30109,-7945,11265,27875,9893,2034,4752,11288,9870,13766,0
149320,2,2,2,22,-1,-1,-1,-1,-1,0,18102,7845,-6299,5925,10327,12255,6254,12194,9251,7659,7276,8613,0
246038,2,1,1,49,-1,-1,-1,-1,-1,-1,-5027,16522,4096,12051,-868,4459,5985,3926,1812,9867,6275,8668,1
320064,1,1,1,34,0,-1,-1,-1,-1,0,8551,9337,3233,-13850,3497,26938,4061,5060,6838,6746,6126,10605,0
311387,1,1,1,34,-1,-1,-1,-1,0,-1,-2946,16733,-3590,17988,2259,3198,8648,8424,9361,8618,6280,10742,0
159247,1,2,2,34,-1,-1,-1,-1,0,-1,33241,11715,-12912,-1356,14623,9084,3409,3809,6114,3002,1826,880,0
256096,2,1,2,32,-1,-1,-1,-1,-1,-1,2430,21087,-4076,-641,-1793,18597,8247,10871,6861,10180,7397,14558,0
238004,2,2,1,32,-1,-1,-1,-1,-1,-1,-6419,1316,6830,24454,2348,-5392,6979,5783,4407,6162,6601,7949,0
285933,2,1,2,34,-1,-1,-1,-1,-1,-1,15892,13147,-8400,-4827,5263,16111,7651,5329,3879,10775,6907,11234,0
243205,2,2,2,38,-1,-1,-1,-1,-1,-1,18734,26943,-23182,-930,6810,21469,6433,2872,2195,10482,8582,9932,1
338431,2,1,1,42,-1,-1,-1,-1,-1,-1,-13955,28132,1795,28866,5801,5696,12238,11931,12491,14212,11547,15965,0
149030,2,2,2,49,0,-1,-1,-1,-1,0,19196,14749,2368,-4970,-27,21544,1939,5367,5031,3445,2681,2133,1
222744,2,1,1,30,0,-1,-1,-1,-1,0,11336,5308,-8950,-2343,1438,22862,8571,1219,5480,8576,6116,13182,0
156638,2,1,1,22,-1,-1,-1,-1,0,-1,-1979,8046,19365,29177,5779,-22368,5910,6360,4345,6761,3888,4287,0
253431,1,2,2,28,0,-1,0,0,0,0,21863,3313,8860,-47,19419,14189,5327,8036,11046,866,4513,639,0
235775,2,1,1,59,0,-1,-1,-1,-1,-1,-25685,12740,26273,40135,-584,-12878,5675,4672,2162,6587,5727,3989,0
269100,2,2,2,24,-1,-1,-1,-1,-1,-1,14278,22447,-29784,-7645,6543,35049,13008,6012,7797,14249,12153,19470,0
243622,1,1,1,30,-1,-1,-1,-1,0,-1,1845,13056,6687,27489,17102,-1865,7338,13538,12550,11258,8504,8926,0
124999,2,1,2,32,-1,-1,-1,-1,0,-1,14086,-1683,15457,-3623,-8151,16061,4515,3838,3338,5558,2129,5578,0
401662,2,5,1,35,-1,-1,-1,-1,0,0,18712,14985,-8135,14856,-1971,9378,6689,12801,11845,9800,4405,6093,0
217834,2,3,2,32,-1,-1,-1,-1,-1,-2,8935,13919,4389,-11291,2379,13090,4253,1335,7147,7225,1485,7110,0
206845,1,2,2,44,0,-1,0,0,-1,0,4105,16795,477,-7075,-986,23061,2377,2012,4773,2708,3701,4743,0
427505,1,1,1,37,-1,-1,-1,-1,-1,0,-18036,29083,156,34770,11341,8545,13434,14887,14389,16858,13904,19590,0
281745,2,2,1,33,-1,-1,-1,-1,-1,-1,-11532,17422,9757,29189,2138,-15385,3544,9391,4562,4385,1292,742,0
119463,1,2,2,56,0,-1,-1,-1,-1,0,20494,5691,3053,187,-668,18382,2179,6913,9230,2477,2873,2778,0
162523,2,1,2,36,-2,-1,-1,-1,-1,-1,13777,23954,-23262,8672,16319,7799,10072,5735,6142,9785,10568,9117,0
124789,2,2,1,60,0,0,0,-1,-1,0,24328,-5692,24750,-14477,6335,21944,3895,1680,5732,2322,5458,3369,0
170761,1,1,1,51,-1,-1,-1,-1,-1,-1,7422,12710,-2475,8855,7395,1774,5510,4229,7224,7056,4063,5281,1
376061,1,1,2,31,-1,-1,-1,-1,0,-1,6957,21644,-28645,34627,10420,1718,11038,16021,8302,11945,10254,11599,0
138193,2,1,1,22,-1,-1,0,2,0,-1,38325,-23050,-1271,-1326,13988,1914,8286,1123,5209,5459,5789,6932,0
184335,2,2,2,34,0,0,0,-1,-1,-1,22917,4427,4797,-24288,11269,23810,4109,1374,3911,4885,4782,10262,0
273759,2,2,1,36,-1,-1,-1,-1,-1,-1,-9794,31838,-10970,7334,8066,5087,6595,5404,2552,9664,5397,10412,1
136340,1,1,2,34,-1,-1,-1,-1,0,-1,-1568,1426,14270,16021,3896,-8954,4740,5525,1753,4093,4037,1084,0
303297,2,1,1,52,-1,-1,-1,-1,-1,-1,-2802,32616,-1415,25097,18962,20697,18536,22473,14802,22945,20260,27610,1
220061,2,2,2,42,0,-1,-1,0,0,0,-18427,14243,23893,29546,-2815,-8247,2288,9484,6425,3156,775,478,0
321907,1,2,1,37,-1,-1,-1,-1,-1,0,-8624,22363,-14002,18491,5103,11626,11705,8205,9365,11545,12632,15711,0
223814,2,2,2,31,-1,-1,-1,-2,-1,-1,486,17441,-3140,15804,2344,1552,5369,5764,4276,8597,4867,8291,0
151030,2,1,2,44,-1,-1,-1,0,0,-1,-1543,14940,411,47316,11043,-17699,6644,12002,5815,5998,4289,2186,0
191625,2,3,1,46,-1,-1,0,-1,-1,2,13154,11276,17396,-25138,1871,24913,3763,1560,4039,5583,2577,9764,0
145053,2,3,1,49,0,-1,-1,-1,-1,-1,-22198,27802,30540,21558,-4035,-8110,1677,2182,2007,4263,961,1104,1
141553,2,3,2,32,0,-1,-1,-1,-1,0,-21374,10816,32023,-16908,-6548,17613,1717,1719,4371,1989,3040,4033,0
300624,2,5,1,36,-1,-1,-1,-1,-1,-1,21441,4749,-1314,-9327,-5822,22645,8734,3768,4650,12881,6918,16223,0
101063,2,2,2,47,0,0,0,0,0,-1,4440,8952,26102,10839,8228,-4001,3611,7136,5467,2257,4208,1856,0
212951,2,2,2,32,0,0,-1,0,0,0,9564,1006,17672,12166,10178,6438,6235,7851,7334,2078,3862,3392,0
160684,1,2,1,49,0,-1,-1,0,-1,-1,-1545,11900,12097,20312,10853,-6455,3252,6647,4301,4620,5996,1874,0
64260,2,2,1,44,-1,0,0,-1,0,-1,37684,-9985,-300,-14439,1656,17762,4021,2599,4140,3596,2751,5667,0
67683,2,2,2,37,0,-1,0,-1,0,-1,18457,-6024,13675,-19230,-3764,17321,1756,1313,3626,2727,1772,5090,0
291182,2,1,1,46,-1,-1,0,0,0,-1,13869,7715,5387,15797,3550,3451,4072,11000,4103,6657,6140,6652,0
384528,2,1,1,40,-1,-1,-1,-1,0,-1,-562,25077,-5749,26384,14671,6667,13755,14718,9524,15579,14376,18736,0
395664,2,3,1,41,-1,-1,-1,-1,-1,0,-19411,15080,-2372,36760,5924,-7026,9398,11317,10311,12289,8317,9878,0
254604,2,1,2,36,-1,-1,-1,-1,0,0,3321,8393,6143,11125,7637,-1215,4347,10702,10195,4314,4226,4581,0
164407,1,1,1,26,0,-1,-1,-1,-1,0,8969,-6395,5579,1762,7107,4621,3732,2468,4975,3417,4567,6805,0
220706,1,2,2,34,-1,-1,-1,0,0,-1,-1755,14612,-6065,13084,-10340,12727,4848,4532,3380,5494,2890,4745,0
380732,2,2,2,29,-1,-1,-1,-1,-1,-1,-9999,37865,-11436,18201,-2875,22896,13418,13068,12576,14037,10452,16596,0
158466,2,1,1,23,-1,-1,-1,-1,-1,-1,19401,23765,-17166,3370,7637,6689,8124,5716,7741,10269,6978,10859,0
186518,1,2,2,38,-1,-1,0,0,0,-1,7024,8131,18808,6549,132,98,1116,8369,4029,1351,1650,1211,0
385406,1,5,1,47,0,-1,-1,-1,-1,0,9076,14011,-4560,-13425,-7121,39061,8269,3718,8045,9809,8420,14587,0
105301,2,2,2,34,-1,-1,0,0,0,-1,21478,-1831,24941,2406,6703,-8363,3945,5840,3193,3596,1926,504,0
258789,1,2,2,28,-1,-1,-1,0,0,-1,19929,2904,-9287,25469,-805,-2601,9073,3457,3179,6812,3840,3712,0
240860,1,3,1,43,-1,-1,-1,-1,0,0,-2489,9577,15601,15250,-4088,-364,3479,8208,7478,4440,2085,2634,0
149807,1,2,1,42,-1,-1,-1,-1,-1,0,28499,15046,-9515,-1550,7109,19713,8137,5819,13203,3411,2545,4182,0
238656,1,3,1,50,-1,-1,-1,-1,-1,-1,-10337,10709,13408,22766,870,-3808,3660,1555,4478,6869,1658,4749,0
130615,2,1,1,30,-1,-1,-1,-1,0,-1,-3351,16556,6111,15691,6450,-956,8797,4402,5762,7528,4608,10312,0
131496,2,1,1,37,-1,-1,-1,0,0,0,14173,-3961,21199,27504,1786,148,7584,8566,10032,2882,2651,503,0
216992,1,2,1,45,-1,-1,0,0,0,-1,20192,5706,4038,9419,2612,8231,7506,4139,4172,4236,4666,4785,0
143806,2,2,2,32,-1,-1,-1,-1,-1,-1,-10294,17442,5642,15424,10224,-12431,4193,3430,3899,5068,4377,4161,0
169893,1,3,1,38,0,-1,-1,-1,-1,-1,-4088,2492,17286,24285,2697,-10878,3834,2331,2153,3982,1657,2086,0
248907,1,2,2,22,-1,-1,-1,-1,0,0,7827,1460,12717,11404,6442,7596,5946,15146,13439,4243,4948,4519,0
235173,2,1,1,36,-1,-1,-1,-1,-1,-1,-8378,25777,-8378,18196,1506,2192,9035,7610,7400,11047,6563,11357,0
416056,2,1,2,33,-1,-1,-1,-1,-1,-1,11402,30836,-29953,21517,4680,29729,15751,20411,12897,22085,15577,26226,1
80647,2,2,2,34,1,0,-1,0,-1,-1,5748,11296,8225,-2428,2810,2570,3572,2536,1901,2432,878,2251,0
331239,1,2,2,32,-1,-1,-1,-1,-1,-1,10555,16188,-10029,-12368,2908,24626,6687,1669,5146,10984,6577,11814,0
140660,1,2,1,49,1,0,0,0,0,-1,17286,2703,5551,14703,5227,894,3899,3149,162,6042,3215,6325,1
145087,2,2,2,25,0,-1,-1,-1,-1,-1,30872,14156,-17599,-23881,8088,30635,5370,643,4226,5821,7200,9022,0
136359,2,1,1,33,-1,-1,-1,-1,-1,-1,2428,23945,-8747,-10577,7786,8822,7654,686,2045,13516,9563,17281,1
503394,1,1,1,40,-1,-1,-1,-1,-1,0,10442,21904,-20369,18415,-819,25424,17650,20532,15389,18049,12578,23912,0
52772,2,1,2,30,-1,-1,0,0,0,-1,53872,-1860,-14276,-4352,12475,10850,6957,74,3783,3678,4801,2597,0
212241,1,2,1,42,0,-1,-1,-1,-1,-2,-6801,16755,7939,-1763,-6738,17628,6299,241,3915,6493,4143,8355,0
269035,1,1,2,44,-1,-1,-1,-1,-1,0,7864,15739,-7273,10344,4820,11785,5917,9216,9348,6581,5391,6413,0
367677,2,1,1,36,-1,-1,-1,-1,-1,0,5795,19988,-20919,4559,6942,26533,9657,13259,12858,12884,10221,18607,0
102053,1,1,2,30,-1,-1,-1,-1,-1,0,31799,5787,-6218,-28178,-1256,37026,4418,2103,11899,3906,2980,7122,0
92858,2,5,2,32,0,-1,-1,-1,0,-1,17686,-11216,17415,2040,8758,6451,5859,6036,7380,2797,4894,1694,0
169990,2,3,2,29,0,-1,-1,-1,-1,-1,8663,16783,-631,-12039,1666,11245,1756,1938,2947,2653,2294,2123,0
170054,2,1,1,44,0,-1,-1,-1,-1,0,-26584,18452,18870,20915,2434,-5192,5322,7292,5825,5751,4257,6887,0
190769,2,1,1,34,0,-1,-1,-1,-1,-1,1585,16937,-489,10606,9060,7463,5758,4968,6471,8358,7571,8444,0
252076,2,1,2,46,-1,-1,-1,-1,-1,-1,-8509,20778,-6140,7559,-3059,20426,8935,8578,8723,11992,7197,14062,0
261836,1,1,1,48,1,-1,-1,-1,-1,-1,10872,22595,-12297,-10718,2366,36588,6470,2884,6247,8760,8159,12496,0
221744,2,2,2,34,1,-1,-1,-1,-1,-1,-4053,20192,3141,4023,-15706,29101,7922,3768,5347,8204,6943,13543,0
247984,1,2,3,54,3,-1,-1,-1,-1,0,-8210,6835,10876,-2797,1669,17493,5408,4643,6774,8732,4695,8919,0
133026,2,3,1,41,-1,-1,-1,-1,-1,-1,14638,7118,-15118,799,1371,15832,6370,443,4113,5364,6378,7305,0
258254,2,2,2,48,-1,-1,-1,-1,-1,-1,14693,18931,-13389,-6658,4579,15662,4285,4295,2858,6929,4000,7429,1
81581,2,2,1,27,0,0,0,0,-1,0,24202,-2621,15265,-5843,6273,4321,2224,949,5311,318,2576,10,0
402401,1,2,2,43,-1,-1,-1,-1,-1,-1,10165,36125,-27587,-7108,2614,32468,9129,7321,7673,14442,7074,15322,1
206306,2,1,2,41,-1,-1,-1,-1,0,-1,20459,6395,-1070,8967,4939,6021,4971,8705,6318,6750,3164,3468,0
216321,1,2,1,47,0,-1,-1,-1,-1,-1,-3071,12407,7400,12006,5339,8618,6677,2777,3678,7467,7968,7559,0
217989,2,1,2,24,-1,0,0,0,0,-1,18603,12988,7111,4065,6381,-6978,1075,6415,3950,2764,1923,1161,1
161704,1,2,1,50,-1,-1,-1,-1,0,0,3589,4760,19748,5559,3016,7877,2430,11338,10168,5242,1153,4555,0
136453,1,1,1,45,-1,-1,-1,-1,-1,-1,-1316,17372,9080,-2392,5305,3990,3344,2369,487,8451,5289,10603,1
276543,2,5,1,30,-1,-1,-1,-1,-1,-1,-8575,24718,2069,3193,12048,7333,10423,5533,6310,13024,10438,18994,0
128912,2,1,1,25,-2,-1,-1,-1,-1,2,13381,-2553,8943,-15025,-3357,20080,7037,155,5023,6724,3904,10065,0
268535,2,1,2,22,-1,-1,-1,-1,0,-1,31155,4297,-25333,22876,22813,-1042,9622,12633,10328,9847,11425,11106,0
124760,1,1,1,51,-1,-1,-1,-1,-2,-1,526,9794,3986,9406,7330,-5124,2103,1128,155,7797,3028,5514,1
154229,2,1,1,35,-1,0,0,0,0,-1,19441,-2482,22710,11631,6660,-8606,3363,6169,870,2460,2784,1432,0
220415,1,2,2,38,0,0,-1,0,0,0,3805,3294,20673,3438,740,7413,2669,10465,9861,2102,1375,862,0
418463,2,1,2,32,-1,-1,-1,-1,-1,-1,3074,26199,-26741,19421,6884,24514,15632,13669,13655,18295,11700,18553,0
275404,1,2,2,34,-1,-1,-1,-1,-1,0,-20431,21835,5712,4756,3948,5306,6108,6562,8293,7281,4709,7782,0
174913,1,1,2,60,-1,-1,-1,-1,-1,-1,12126,15239,3123,13041,6776,4637,1725,4738,3202,7441,4088,3241,1
357293,2,1,1,28,-1,-1,-1,-1,0,-1,11383,6019,-14127,17395,5353,8649,12277,9401,8651,14754,8905,15183,0
384030,2,2,1,21,-1,-1,-1,-1,-1,0,-10297,17566,-316,-1062,-5694,17750,8272,7339,8096,10222,7461,15482,0
279282,2,2,2,31,-1,-1,-1,-1,-1,-1,-34306,32566,16491,36491,11042,-32125,4367,3880,382,7692,4097,3775,1
235185,1,1,2,38,-1,-1,-1,-1,-2,-1,1647,15786,-9292,19325,6866,2563,4707,10631,9952,7292,3449,4866,0
235858,1,2,2,51,-1,-1,-1,-1,-1,-1,23384,5875,-17655,-17534,-3054,24470,3655,2575,2993,6678,4464,10223,0
170068,2,1,2,21,-1,0,-1,0,0,0,37414,-20000,12076,8885,16271,-2177,7962,13271,11847,3502,6318,5002,0
299519,1,1,2,36,-1,-1,-1,-1,-1,-1,122,23699,-15472,5340,-1115,16636,5913,5152,4917,7999,7397,7078,0
296191,2,1,1,34,-1,-1,-1,0,-1,-1,-17009,21916,7182,18746,-5682,-1750,10154,6644,354,14087,9894,18389,0
298462,1,1,2,34,0,-1,-1,-1,-1,0,-12035,10321,10271,161,1078,12052,1315,5094,7479,1580,1769,2436,0
196758,1,1,1,49,-1,-1,-1,-1,-1,-1,16255,8239,-9485,2477,5508,17135,6094,5446,6130,8143,6922,9225,0
265829,2,1,1,42,0,-1,-1,-1,-1,-1,-1639,18184,-5876,4554,1450,16760,6483,1737,4858,7336,8386,8438,0
299540,1,1,1,42,0,-1,-1,-1,-1,-1,-6119,15132,12487,12774,4840,1388,4413,1267,1074,7236,5394,6111,0
116376,1,1,1,34,0,-1,-1,-1,-1,-1,-399,19875,11057,3567,10307,2385,5125,2668,6285,5477,4480,5090,0
325777,2,1,1,30,-1,-1,-1,0,0,-1,4499,-5372,21867,12671,3640,-2212,4662,7846,6271,3891,3169,3033,0
237494,2,2,2,29,-2,-1,-1,0,-1,0,-1283,13233,4273,4229,15988,12395,7019,7756,11342,2975,3216,7248,0
203304,2,3,1,33,0,-1,-1,-1,-1,-1,2307,14894,3710,30146,20466,-19843,4419,2788,5000,5391,5305,194,0
37179,1,2,2,28,3,-1,-1,-1,-1,-1,23641,-1704,-642,-27708,5420,29517,4499,212,5415,6541,6749,10651,0
206146,1,1,2,38,3,-1,-1,-1,0,0,21401,3339,-14144,-4373,12369,14909,828,5818,7154,3501,3703,4040,0
311003,1,1,1,36,-1,-1,-1,0,2,-1,-1137,16173,-14599,25858,-2601,8505,9294,8333,6337,9934,8292,13625,0
357135,2,5,1,49,-1,-1,-1,0,0,-1,184,9952,-643,13485,-15029,14300,7293,6974,5575,7626,4027,9773,0
188845,2,1,1,29,0,-1,0,0,0,-1,10515,-2070,-1124,4072,-978,6216,3273,2430,435,4691,4396,6512,0
292730,2,2,1,37,-1,-1,-1,-1,-1,0,10946,7395,-13477,6264,3914,13674,7296,5676,9122,6611,5240,7953,0
383342,2,5,1,46,-1,-1,-1,0,0,-1,52243,15664,-36181,1199,13119,53754,14765,23599,18573,19248,19391,25129,0
175986,2,1,2,36,-1,-1,-1,-1,-1,-1,-17848,20752,-6424,21222,5148,-4169,10824,5868,5332,10684,8770,12965,0
202417,2,1,2,23,-1,-1,-1,-1,-1,-1,5816,8234,-4860,-79,6356,15146,8934,3414,4639,10054,7844,11121,0
335561,1,1,2,50,0,-1,-1,-1,-1,-1,-33203,30047,17158,1689,-2070,13634,5215,2794,5024,7652,4196,7973,0
289609,1,1,2,32,-1,-1,-1,-1,-1,-1,34237,13421,-43755,4142,6206,36263,10520,5169,6982,9744,10667,15247,0
112842,2,2,2,30,-1,-1,-1,-1,-1,-1,8379,7293,15764,-2681,-8640,11144,4150,3877,2342,8376,2731,10435,0
115052,2,2,2,26,-2,0,0,0,0,0,9041,3479,19075,-8633,-7885,19231,4468,1779,6543,1596,367,393,0
74011,2,1,2,35,0,-1,0,-1,0,-1,30313,-3548,-5137,-9800,9263,11296,6681,3090,5397,3549,4520,2195,0
145445,1,2,2,22,-1,-1,0,0,0,-1,38420,-10254,-5157,2060,21525,4078,8276,7295,9051,4803,6941,5633,0
119701,2,1,1,30,0,-1,-1,-1,-1,-1,9021,-1173,7896,2098,11017,-1521,4654,2044,3660,4581,6428,5074,0
152429,2,3,2,29,-1,0,0,-1,0,-1,-1640,10730,23136,-6975,-3985,3158,274,2520,2452,1834,77,767,0
308808,2,5,1,48,-1,-1,-1,-1,-1,-1,-1439,4544,19207,7969,-1514,4155,5669,4553,2869,7606,5551,7533,0
221173,2,5,2,41,-1,-1,-1,-1,-1,-1,8958,15726,-13208,1720,-2160,15544,7083,4625,1911,7823,6937,8300,0
143331,2,3,2,38,-1,-1,-1,-1,0,-1,24573,-801,-1033,-7903,3389,10734,6571,3745,5180,5798,4640,7060,0
106402,1,2,2,44,-1,-1,-1,-1,-1,-1,19452,14513,-8150,-20642,-2988,25485,644,1531,2754,4443,895,5631,1
132397,2,1,2,23,0,-1,-1,-1,0,-1,22539,3001,-9645,-4755,17161,6507,3218,5711,3637,4981,6412,4182,0
278888,1,2,1,27,-1,-1,-1,-1,-1,0,-11434,9358,-1315,20525,90,-4950,4904,9540,6702,7971,4983,7135,0
55013,2,2,1,30,-1,0,0,-1,-1,-1,18436,-4132,8688,414,21559,-7870,4430,5287,3775,4429,5039,4711,0
141121,2,1,1,31,-1,-1,-1,-1,0,-1,19840,7157,-9996,12720,17059,-12395,5553,5049,3344,6708,5211,3706,1
172192,2,1,1,44,-1,-1,-1,-1,-1,-1,12153,7307,4743,-3127,5826,3736,2858,491,2176,4731,3267,5383,1
148012,1,3,1,43,-1,-1,-1,-1,0,0,24801,-1177,-2746,3357,18338,-4830,2601,6301,5948,3481,1919,1383,0
172639,1,1,2,33,-1,-1,-1,-1,-1,-1,316,12816,2076,21296,4898,-3218,3106,6985,6305,6832,5239,2594,1
102335,1,2,2,35,0,0,0,-1,-1,2,14949,9827,21432,-13755,10336,13018,1795,972,7504,1534,236,1693,0
289910,2,1,1,38,-1,-1,-1,-1,-1,-1,4727,21577,-16980,3862,187,23372,10286,9411,9632,12048,8516,16726,0
203251,2,1,1,40,-1,-1,-1,-1,-1,-1,-3600,13007,4514,12029,-2002,605,5175,4257,5361,7203,2338,5819,0
268476,2,1,2,32,-1,-1,-1,-1,-1,-1,-6159,14158,7880,1447,-502,13429,7523,7733,6532,10517,7105,11708,0
361793,2,1,2,39,-1,-1,-1,-1,-1,0,-9863,27274,-585,3640,1941,24069,8745,12282,9004,12423,8945,16731,0
111742,2,2,2,39,-1,-1,-1,-1,-1,0,-5430,13078,1848,4593,1109,9499,6590,3084,5376,4847,4059,6024,0
332277,1,1,1,41,-1,-1,-1,-1,-1,0,-24036,22176,21694,32844,6879,-10316,4853,11785,8942,5727,4017,3530,0
223216,1,1,2,27,0,-1,-1,-1,-1,-1,7567,26307,-11247,-2367,340,16809,2752,827,4525,7732,3945,6905,1
232704,2,1,1,23,-1,-1,-1,-1,-1,-1,3864,32786,-11136,10940,20076,-5061,8356,1239,849,13340,9578,14453,1
257211,1,2,2,44,0,-1,-1,-1,-1,0,10317,20614,-13071,-13042,7741,27532,1289,3530,5279,4063,6599,4439,0
307752,2,5,1,36,-1,-1,-1,-1,-1,-1,4212,13187,-14037,10849,8467,-1229,7829,10154,8175,10900,6937,10281,0
157263,1,2,2,43,0,0,0,0,0,-1,6223,3608,27254,11784,-4126,5783,3606,8949,5280,1393,2220,1280,0
210548,1,2,2,38,-1,-1,-1,-1,-1,0,5251,15810,-10785,11600,4998,29,2294,7488,9378,4864,1981,1789,0
232227,2,2,2,42,0,-1,-1,-1,-1,-1,1329,14480,-4325,-646,-934,16679,4813,4234,3786,5571,3790,7166,0
199702,1,3,2,58,-1,-1,0,0,0,-1,28240,2195,1155,17192,-2331,8351,3012,6424,3441,3910,2878,453,0
174089,2,1,2,25,-1,-1,-1,-2,0,-1,5011,-4586,16694,19550,-1660,-6981,4894,5597,3744,5399,1244,3879,0
179659,1,2,2,48,1,-1,0,0,0,-1,2666,10127,6151,31656,9526,-13396,4129,10255,4402,4642,6935,4167,0
24642,2,1,2,40,-1,-1,0,0,0,-1,19163,5330,8449,3902,-1860,3706,3955,861,3282,2593,1097,561,1
179255,2,2,1,39,-1,-1,-1,0,0,-1,5754,4745,17554,18926,13373,-13610,5143,13650,7843,4789,3233,3500,0
329759,1,1,1,38,-1,-1,-1,0,-1,-1,-13677,22462,-6146,42319,-4555,-2066,8975,10759,8323,8387,6558,7854,0
206278,1,1,1,46,-1,-1,-1,-1,-1,-1,-11257,14683,18670,19184,2599,-11328,1130,4304,2939,5156,456,775,1
42064,1,3,2,36,-1,-1,-1,0,0,-1,5621,-6368,17464,14430,-1147,3094,4517,4158,5357,4487,4158,5131,0
308395,2,5,1,50,-1,-1,-1,-1,-1,-2,-33339,29145,23260,19605,-12712,14046,12324,7738,7926,12622,8687,14584,0
176967,2,1,1,59,-1,-1,-1,-1,-1,-1,21445,179,-5976,8024,11815,7304,6396,9355,8271,8507,4599,7218,0
377902,1,2,2,21,-1,-1,-1,-1,-1,-1,2973,47411,-33085,-28254,5923,49742,10912,1915,9026,17879,13324,21811,1
234617,2,2,2,26,-1,-1,-1,-1,-1,-1,13637,13018,-2096,-3337,1672,16093,9116,10212,5698,11033,7967,11531,0
13935,2,2,2,37,0,0,-1,-1,-1,-1,8942,12381,-1917,-4047,9148,12155,4001,5417,4948,1990,6108,3891,0
364316,2,1,1,44,-1,-1,-1,-1,-1,-1,20497,25441,-34252,-1448,17456,29820,13164,7841,8771,16022,15292,19276,0
211796,1,1,1,37,-1,-1,-1,-1,-1,-1,14377,14830,-18547,-8126,2495,15284,4519,4772,3797,8233,5401,10063,1
245207,1,1,2,49,-1,-1,-1,0,0,-1,33061,-400,-22450,16716,7281,9859,5583,12363,7758,8023,5749,6895,0
137837,2,2,2,27,0,0,0,-1,-1,-2,-1068,10375,14940,-9495,6095,5407,2505,6,2087,1267,607,2781,0
289172,2,1,2,49,-1,-1,-1,-1,-1,-1,13779,33110,-22708,-29903,-5819,53900,10191,246,5036,16551,9403,20931,1
262446,2,2,2,34,-1,-1,-1,-1,0,0,-8319,20412,-2396,26395,3917,-1740,4460,14399,10432,4377,4322,2932,0
262229,2,2,2,43,-1,-1,-1,0,0,0,23329,9490,-16716,22420,12869,5462,7652,17403,12212,9485,3533,7362,0
172657,1,1,2,50,-1,-1,-1,-1,-1,-1,-15762,15138,11863,19892,3718,-4356,4489,5538,4782,7087,4013,6222,1
38640,2,2,1,37,-1,-1,-1,-1,-1,-2,-6728,20355,18474,-11066,2304,5585,605,709,3074,2918,428,2523,1
222214,1,2,1,42,0,-1,-1,-1,-1,-1,5691,18323,-10709,4810,5309,13052,3689,2500,6553,4075,3555,4361,0
174058,1,1,1,50,-1,-1,0,0,-1,-1,11287,841,11210,4591,1704,2896,2519,2651,2472,2187,398,27,0
308908,1,2,1,30,-1,-1,-1,-1,-1,0,16259,4319,-21505,6137,17508,11617,10948,8579,12244,12789,10135,12192,0
296413,2,2,2,42,-1,-1,-1,-1,-1,-1,-930,23402,-13297,-1560,5483,13833,6355,3141,6552,9941,4934,8970,0
296281,2,1,1,38,-1,-1,-1,-1,-1,0,-11373,9647,-7303,38498,10596,-7760,6433,8393,5199,7176,8003,6674,0
340890,2,1,1,44,0,-1,0,0,0,0,25353,8597,23578,17612,13255,3677,5035,8907,8313,4348,3767,709,0
231112,2,1,2,35,-1,-1,-1,0,0,2,27688,3705,1926,5074,7390,7322,5482,8436,10511,7124,1237,7041,0
184542,2,2,1,33,0,-1,-1,-1,-1,0,-1003,14265,5980,3900,-8122,16432,2623,7106,6685,3640,3399,4565,0
282688,2,1,1,39,-1,-1,-1,-1,-1,-2,-21491,21705,6252,6458,-7077,12681,6952,8344,6158,10500,6068,16312,0
261050,2,2,1,39,-1,-1,-1,-1,-1,-1,-5575,12694,-8743,13055,4352,10288,13291,7327,6409,12545,10765,14763,0
183856,2,1,2,39,-1,-1,0,0,0,-1,29172,2781,-20276,15635,16513,-304,7882,6063,5548,5903,6713,6827,0
124352,1,1,2,23,-1,-1,-1,-1,-1,-1,-2425,13830,926,1612,1255,3595,2139,3343,3557,5043,2534,4499,0
285217,2,2,2,40,-1,-1,-1,0,0,0,4844,9370,14681,18833,15754,-5417,4188,13358,9383,3720,2489,476,0
228518,2,2,1,49,-1,-1,-1,0,0,0,5154,11123,6412,20074,11629,-6709,3545,9519,6647,2619,1860,128,0
454478,2,1,1,31,-1,-1,-1,-1,-1,-1,-19148,34733,95,28561,-8183,4856,11088,13105,9064,15468,7779,16684,1
391221,2,1,1,33,-1,-1,-1,-1,-1,-1,-5681,29934,-2600,24560,-572,14254,14303,14186,7222,18981,13783,22427,1
214348,2,2,2,30,-1,-1,-1,0,0,0,28093,-2846,632,-11314,11755,9151,4224,7232,6552,1949,2514,2968,0
276982,2,2,1,33,0,-1,-1,-1,-1,-1,-5506,25258,14484,12605,-7022,15129,5363,6520,5024,6892,5179,9197,1
208565,2,1,1,38,-1,-1,-1,0,0,-1,-24058,14451,21956,35160,1616,-18834,3927,10823,4676,4118,4064,3676,0
228053,2,2,2,36,-1,-1,-1,-1,0,-1,16820,10729,-5494,14848,7581,5415,6709,11620,8218,8776,6634,8062,0
270714,2,2,2,36,-1,-1,-1,-1,-1,-1,5905,14020,-4180,-3847,5972,5575,5222,2817,2460,9805,4408,8573,0
219184,1,2,2,32,-1,-1,-1,-1,-1,-1,18880,8475,-15422,-2226,-3295,21523,8333,3888,6582,5980,3380,6597,0
132907,2,1,2,39,0,0,0,0,0,-1,48943,-7592,-9564,2339,16220,12176,3005,7310,3765,5491,8780,2210,0
276032,2,1,1,48,-1,-1,-1,-1,0,-1,-19921,24932,17138,30900,-2444,-7117,7809,12763,4871,9374,5186,10158,0
346237,1,2,2,40,-1,-1,-1,0,0,0,-38838,33236,11420,40447,-3533,-10115,7989,13193,9113,9786,4921,7866,0
105303,2,3,1,35,-1,-1,-1,-1,0,-1,322,-4665,18708,5329,-2832,-3835,1266,3357,231,3912,3292,4036,0
100346,2,3,2,25,0,0,0,0,0,-1,24780,2648,2560,-4692,3745,11395,2377,2900,4806,2979,4743,2281,0
444803,1,3,2,48,-1,-1,-1,0,0,0,18490,10480,-10393,-4259,-867,20480,6798,15534,9102,6785,5090,7475,0
124587,2,3,2,36,-1,-1,0,-1,0,-1,25092,-4189,-7493,975,10086,2717,5675,2718,2154,5731,5374,5378,0
143356,1,2,2,41,-2,-1,-1,-1,-1,-1,-9678,15473,-2354,-2471,-1483,15099,5006,3092,3910,9401,6476,10243,0
193301,2,2,2,29,-1,0,-1,0,0,0,18691,42,11256,-1128,8057,4382,4454,11865,12207,2407,4486,2615,0
204133,1,2,2,45,-1,-1,0,-1,0,0,-2201,25131,1827,8576,2961,12765,4963,3375,7215,3616,4142,4060,0
324367,2,2,2,28,-1,-1,-1,0,-1,0,21691,5603,-18617,-1478,13134,11030,4863,11279,9059,6504,6135,6780,0
243516,2,5,1,33,-1,-1,-1,-1,-1,-1,35072,2154,-24285,-239,8505,17863,11342,7089,7418,12353,10729,15627,0
161301,2,2,2,25,-1,-1,-1,-1,0,0,12597,1816,3414,446,5824,2446,4096,7324,7072,2521,3078,2273,0
162612,2,3,2,32,0,0,0,0,0,2,23849,477,35770,3400,-8788,14023,6048,6445,8073,719,523,323,0
205119,1,2,2,28,1,-1,-1,0,2,-1,-4818,14476,2005,15555,-5722,-597,3972,5247,4402,5346,1480,5592,0
220768,2,1,2,27,-1,0,0,0,0,-1,44634,-13691,9578,-23327,7452,16652,4700,201,3932,5368,952,5619,0
388104,1,1,2,44,-1,-1,-1,-1,-1,-2,-26684,37651,13530,1291,-12664,23279,5548,5677,6757,7807,898,8733,0
158521,2,3,1,25,-2,-1,0,3,-1,0,37257,-13157,-6324,-18658,7300,18993,6359,2716,7187,4150,6465,6913,0
301023,1,1,1,28,-1,-1,-1,-1,-1,-1,-6851,21743,-4262,13604,-2999,3644,6248,10241,7144,10350,7194,11504,0
246904,2,1,2,26,-1,-2,-1,0,0,-1,12362,8127,-3526,21010,19166,-14328,2519,10017,7233,5837,4962,5315,0
213864,2,1,2,37,-1,-1,-1,-1,0,-1,6330,8032,-2870,22132,3878,-5945,7865,11659,7762,8973,6012,8568,0
303547,2,2,2,42,-1,-1,-1,-1,-1,-1,-15606,31228,-4914,11082,-5476,4834,4496,7103,2024,9102,3085,9220,1
25482,1,2,2,33,0,-1,-1,-1,-1,-1,19582,7665,-9224,-1521,12820,10421,5109,4928,6724,2913,4384,4040,0
339731,2,1,1,27,-1,-1,-1,-1,-1,-1,-20956,26363,8519,45418,-9573,-14391,11269,13050,8823,15556,8074,14229,0
255993,1,2,1,46,0,-1,-1,-1,-1,-1,-19392,22545,6132,12619,-8272,7974,6077,3637,1671,6409,3489,6952,0
211876,2,2,1,51,-1,0,0,0,0,-1,2294,5579,22724,13368,-4604,1307,3529,4553,2062,3565,47,2117,0
88784,1,1,2,35,-1,0,0,-1,-1,-1,41933,306,7137,-14415,15343,13654,3153,1259,5755,1449,362,459,0
