Age,Language,Sex,Marital,Has-Credit,Field,Month-of-birth,Day-of-birth,Region,Number_of_credits,Linked-cards,INPS_mln_sum,INPS-yes-no,Score-level,Score-class,Score_point,Changed-phone-number,class-label
38,1,2,4,1,10,7,1,1,2,1,2,0,3,8,124,0,1
39,1,2,3,1,14,9,1,13,2,1,3,0,4,0,76,1,0
38,2,2,6,2,9,12,2,12,2,1,2,0,3,2,107,3,1
45,2,2,6,1,17,5,2,1,2,1,2,1,2,11,13,0,0
33,2,1,5,1,1,5,1,8,2,1,2,1,3,8,70,0,0
37,1,2,4,1,13,4,2,1,2,2,1,1,2,3,108,1,1
38,1,2,7,1,10,2,2,13,2,1,1,0,3,0,74,0,0
42,1,2,3,1,12,4,2,5,2,1,1,1,4,7,108,2,1
42,1,2,4,1,10,11,2,8,2,3,2,0,3,10,106,2,1
44,1,2,5,1,13,10,2,5,2,1,2,1,0,7,69,2,1
38,2,2,4,2,14,3,1,12,2,1,3,1,0,0,64,1,1
41,2,1,5,1,13,5,1,12,2,1,3,1,0,0,98,0,1
43,1,1,4,1,3,2,1,5,2,1,1,1,4,0,66,0,1
36,2,2,5,1,14,6,2,4,2,1,3,0,3,2,78,2,1
44,1,2,5,2,8,11,2,9,2,2,2,0,0,11,90,0,1
39,1,2,6,1,13,3,1,13,2,4,3,1,0,9,62,0,0
38,1,2,4,2,5,9,2,2,2,0,2,1,0,0,43,1,0
48,1,2,4,1,13,2,1,13,2,1,1,1,0,0,92,0,0
45,1,2,4,1,13,6,2,13,2,1,1,0,0,0,37,0,0
40,1,2,4,1,14,7,2,1,2,1,3,0,0,8,58,0,1
47,1,2,4,1,13,3,2,1,2,1,1,1,0,3,61,3,1
41,1,2,4,1,10,4,1,12,2,1,2,1,0,0,71,1,1
40,1,1,5,1,14,5,1,12,1,1,2,0,3,0,121,3,1
44,1,1,5,1,16,11,1,12,2,1,2,1,0,0,113,3,1
44,1,2,4,1,9,2,2,9,2,1,2,1,0,0,136,0,1
36,2,2,4,1,12,7,2,13,2,1,2,1,3,7,71,0,1
47,1,2,5,1,15,5,2,13,2,1,0,1,0,0,55,0,1
42,2,2,5,1,1,5,1,8,2,1,2,0,0,6,34,0,1
40,1,2,5,1,17,2,1,13,1,1,2,0,1,0,50,0,0
34,2,2,4,1,0,7,1,2,2,1,3,1,3,0,84,0,1
42,1,2,4,1,14,11,2,12,1,3,3,0,0,9,90,1,0
37,1,2,5,1,14,3,2,1,1,2,2,1,0,0,80,1,1
44,1,2,6,1,16,12,2,13,2,1,2,0,0,0,72,0,1
38,1,1,4,1,16,2,1,0,1,1,0,0,3,0,116,0,0
40,1,2,1,1,13,10,1,0,2,0,2,1,4,7,62,1,0
41,2,2,1,1,14,10,1,2,2,1,3,1,0,11,23,1,1
40,1,2,5,1,13,4,1,9,2,1,2,1,0,7,144,3,1
42,1,2,5,1,4,1,1,13,2,3,0,0,3,3,121,0,1
33,1,2,2,1,0,8,2,1,1,1,3,1,0,0,70,0,1
37,1,2,7,1,8,4,1,13,1,1,1,1,0,0,75,0,1
30,1,2,4,1,10,5,1,13,1,1,0,1,0,0,12,0,1
36,1,1,4,1,3,7,1,13,1,1,0,1,0,0,66,0,1
34,1,1,4,1,16,7,1,4,1,1,2,1,0,0,69,0,1
37,1,2,4,2,12,2,1,6,1,1,2,1,1,2,122,0,1
38,1,2,4,1,3,2,2,10,2,1,2,1,0,0,66,0,1
32,1,2,5,1,6,1,1,4,2,1,1,1,3,0,88,0,1
36,1,2,4,1,5,2,1,13,1,1,1,1,0,0,27,0,1
34,1,1,4,1,15,2,1,10,2,1,1,1,0,0,10,0,1
38,1,1,2,1,10,7,1,12,2,1,1,1,0,0,55,0,1
39,1,2,4,1,3,4,1,1,1,1,3,1,0,0,75,0,1
34,1,2,2,1,2,3,2,1,1,1,3,1,0,0,15,0,1
37,1,2,4,2,10,7,1,2,1,1,3,1,0,0,32,0,1
36,1,2,4,1,13,4,1,8,2,1,4,1,3,7,155,0,1
40,1,2,7,1,5,1,2,2,2,1,2,1,0,0,51,0,1
28,1,2,4,1,11,3,1,13,1,1,1,1,0,0,4,0,1
36,1,1,5,1,16,6,1,12,2,0,3,1,0,0,51,0,1
49,1,2,4,1,10,6,1,3,2,1,1,1,0,0,41,0,1
41,1,2,5,1,13,6,1,11,2,1,3,1,0,0,124,0,1
42,2,2,4,1,13,8,1,4,1,1,2,1,0,0,33,0,1
42,1,2,5,1,16,9,1,11,2,1,4,1,0,0,59,0,1
41,1,2,5,1,2,9,1,11,2,4,4,1,0,9,97,0,1
47,1,2,3,1,14,6,2,12,2,1,1,1,0,0,28,0,1
43,1,2,5,1,13,6,1,12,2,1,2,1,0,0,74,0,1
40,1,2,2,1,12,6,1,0,2,1,0,1,0,0,124,0,1
33,1,2,4,1,12,3,2,12,2,1,1,1,0,5,65,0,1
46,1,2,4,1,10,3,2,12,2,1,2,1,0,0,5,0,1
39,1,2,5,1,16,8,1,13,2,1,2,1,0,0,16,0,1
34,1,1,6,1,12,6,1,12,1,1,3,1,3,7,119,1,0
44,1,2,5,1,2,1,2,13,2,1,3,1,0,0,22,0,1
45,1,2,5,1,0,5,2,13,2,1,0,1,0,0,39,0,1
43,1,2,2,1,13,6,2,7,2,1,3,1,3,7,149,0,1
40,1,2,4,1,10,9,1,8,2,1,2,1,3,11,186,3,1
38,1,2,4,1,1,10,1,8,2,1,1,1,4,2,80,0,1
46,1,1,5,1,1,11,1,12,2,1,2,1,0,0,106,0,1
35,1,2,6,1,13,9,1,13,2,1,2,1,4,0,99,0,1
38,1,1,2,1,13,6,1,8,2,1,2,1,3,0,149,2,1
40,1,1,4,1,1,10,1,13,1,1,2,1,0,0,109,3,1
37,1,1,3,1,20,7,1,12,2,1,4,1,0,0,94,0,1
38,1,1,5,1,1,1,1,12,1,1,2,1,0,0,113,0,1
41,1,2,4,1,12,4,1,1,2,1,3,1,3,2,201,2,1
35,1,1,5,1,12,11,1,12,1,1,4,1,0,0,53,0,1
31,1,1,6,1,12,9,1,12,1,1,2,1,3,2,97,0,1
41,1,1,3,1,13,8,2,13,1,2,4,1,0,0,6,0,1
37,1,1,4,1,12,4,2,5,1,1,2,0,4,0,143,3,1
41,1,2,5,1,13,12,2,13,2,2,6,1,0,0,18,0,1
46,1,2,4,1,20,11,1,12,2,1,2,1,0,0,157,0,1
32,1,1,4,1,13,6,2,12,2,1,1,1,0,0,30,0,1
40,1,2,4,1,8,7,1,12,1,1,3,1,0,0,106,0,1
30,1,1,7,1,3,2,1,12,1,1,0,1,0,11,66,0,0
39,1,2,3,1,16,6,1,13,2,1,2,1,0,0,156,0,1
41,1,1,5,1,2,5,2,8,2,1,0,1,3,11,193,0,1
45,1,1,5,1,15,8,1,9,2,1,4,1,3,7,369,0,1
36,2,2,4,1,12,5,2,5,2,1,5,1,3,4,135,0,1
36,1,2,4,1,12,5,1,13,2,1,1,1,3,11,102,1,1
37,2,2,1,1,12,6,1,12,2,1,1,1,3,7,242,0,1
39,1,2,4,1,16,5,1,6,2,1,2,1,4,10,146,0,1
40,1,2,5,1,16,5,2,12,1,1,4,1,0,0,88,0,1
34,1,2,4,1,16,5,1,12,2,1,0,1,0,8,89,1,1
42,1,1,4,1,17,12,1,13,2,1,4,1,3,7,174,0,1
47,1,2,5,1,13,10,2,13,2,1,2,1,0,0,76,0,1
45,1,2,5,1,11,2,1,13,2,1,0,1,0,0,87,0,1
39,1,2,4,1,13,4,2,12,1,2,4,1,0,0,50,3,1
42,1,2,4,1,13,4,1,12,1,1,2,1,0,0,79,0,1
53,1,1,5,1,4,10,2,13,2,1,1,1,0,0,53,0,1
50,1,1,4,1,16,2,1,9,2,1,4,1,4,8,238,0,0
37,1,2,2,1,11,1,2,12,1,1,2,1,0,0,37,0,1
48,1,1,4,1,1,7,2,12,1,1,4,1,3,8,236,0,1
53,1,1,5,1,15,7,1,13,2,1,2,1,3,0,176,0,1
44,1,1,2,1,21,10,1,4,1,1,2,1,3,7,254,1,1
44,1,2,4,1,21,2,2,12,2,1,2,1,3,5,325,1,1
49,2,2,5,1,0,10,1,9,1,1,3,1,3,7,299,0,1
45,1,1,5,1,16,10,1,10,1,1,2,1,0,0,3,1,1
44,1,1,5,1,13,8,1,13,2,1,3,1,0,0,8,0,1
25,1,2,4,1,13,6,1,13,2,1,2,1,0,0,24,0,1
50,1,1,5,1,15,12,1,14,1,1,1,1,3,0,222,0,1
49,1,1,4,1,16,6,1,8,2,1,2,1,4,0,118,0,1
28,1,2,4,1,13,6,1,13,2,1,1,1,3,0,87,0,1
32,1,2,4,1,13,6,2,8,2,1,3,1,3,6,145,1,1
25,1,2,5,1,22,5,1,0,1,1,0,1,0,0,12,0,1
40,1,1,5,1,16,9,1,2,1,1,4,1,1,7,177,0,0
38,1,2,4,1,14,8,1,14,1,1,4,1,0,0,31,0,1
48,2,2,4,1,5,10,2,4,2,2,2,1,3,4,188,2,1
36,1,1,5,1,16,6,1,13,2,1,5,1,0,0,60,0,1
28,1,2,6,1,13,10,2,9,2,1,2,1,0,0,27,0,1
27,1,2,4,1,13,4,2,13,2,1,2,1,0,0,9,0,1
35,1,2,4,1,13,10,2,6,2,1,1,1,3,7,137,0,1
39,1,2,4,1,1,1,2,8,3,1,1,1,0,0,116,0,1
23,1,2,6,1,13,6,2,12,2,1,1,1,3,9,67,0,1
29,1,2,4,1,13,10,2,7,2,1,3,1,3,7,165,0,1
34,1,2,4,1,13,12,2,1,1,1,2,1,3,7,191,0,1
38,1,2,4,1,16,3,1,12,2,1,1,1,0,11,131,0,1
59,1,1,4,1,21,1,1,1,2,1,4,0,0,0,125,0,1
48,1,2,5,1,16,2,1,13,1,1,1,1,3,0,164,0,1
48,1,1,5,1,16,12,2,13,1,1,1,1,0,0,5,0,1
52,1,1,5,1,5,2,1,13,2,1,3,0,3,9,119,1,0
44,1,1,5,1,16,6,1,12,2,1,5,1,0,0,24,1,1
31,1,2,4,1,14,12,1,13,2,1,5,1,3,0,127,0,1
33,1,2,1,1,15,2,1,13,2,1,1,1,0,0,124,0,1
36,1,1,1,1,13,6,1,3,2,1,2,1,0,0,93,0,1
38,1,1,4,1,14,7,2,13,1,1,1,1,3,2,161,0,1
26,1,2,1,1,6,5,2,4,2,1,1,1,0,0,11,0,1
45,1,2,4,1,22,4,2,10,1,1,1,1,0,0,100,0,1
32,1,1,7,1,22,2,1,12,2,1,6,1,0,0,36,0,0
57,1,1,5,1,10,4,2,13,2,1,1,1,0,0,9,0,1
32,1,2,4,1,13,3,1,12,3,1,2,1,0,0,59,0,1
29,1,2,5,1,4,10,1,13,2,1,0,1,1,0,91,0,1
46,1,2,5,1,11,5,1,13,2,1,1,1,0,0,133,0,1
52,1,1,5,1,10,7,1,13,2,1,4,1,0,0,90,0,1
47,1,1,5,1,22,1,2,13,2,1,2,1,0,0,31,0,1
56,1,2,4,1,15,3,2,13,2,1,0,1,0,0,13,0,1
56,1,2,4,1,19,8,1,12,2,1,3,1,0,5,87,0,1
32,1,1,5,1,19,10,1,13,2,1,3,1,3,0,128,0,1
52,1,1,5,1,16,5,1,13,2,1,0,1,0,7,142,0,1
45,1,2,4,1,13,11,2,13,2,1,4,1,0,7,98,0,1
25,1,1,5,1,16,7,2,6,1,1,6,1,3,7,192,0,1
49,1,1,5,1,11,11,2,6,2,1,0,1,3,7,140,0,1
21,1,1,5,1,0,2,1,12,1,1,6,1,0,11,82,0,1
49,1,1,4,1,11,8,1,13,2,1,3,1,3,7,187,3,1
31,1,1,5,1,13,6,1,13,2,1,1,1,0,9,100,0,1
21,1,2,6,1,4,10,2,13,1,1,4,1,0,0,3,0,1
39,1,2,4,1,1,8,2,13,2,1,3,1,0,0,19,0,1
64,1,1,2,2,22,8,1,9,2,1,5,0,3,7,278,0,0
22,1,2,5,1,13,10,2,8,1,1,1,1,0,0,46,0,1
30,1,1,5,1,10,8,1,12,1,2,6,1,3,2,345,0,1
54,1,2,4,1,1,11,1,11,2,1,0,1,0,0,84,0,1
39,1,1,6,1,3,6,1,13,1,2,0,1,3,2,244,0,1
39,1,2,6,1,11,8,1,12,2,1,0,1,0,0,74,1,1
41,1,1,5,1,16,7,2,12,2,1,3,1,3,11,235,0,1
52,1,1,5,1,16,7,2,9,2,1,5,1,0,0,16,0,1
32,1,2,4,1,11,4,2,14,2,1,0,1,0,0,135,0,1
62,2,1,5,1,13,6,2,8,2,1,0,1,0,0,9,0,1
37,1,1,5,1,13,6,1,13,2,1,1,1,0,0,102,0,1
37,1,1,6,1,1,5,1,12,2,1,6,1,0,0,1,1,0
52,1,2,4,1,0,8,1,12,2,1,3,1,0,7,167,1,0
58,1,1,4,1,22,9,1,13,2,1,1,1,3,6,220,0,1
49,1,2,4,1,22,5,2,5,2,1,2,1,0,0,76,0,1
37,1,2,5,1,13,5,1,13,2,1,3,1,0,0,79,0,1
41,1,2,4,1,0,1,1,12,1,1,2,1,4,2,187,0,1
31,1,2,4,1,1,8,1,12,1,1,2,1,0,0,31,0,1
36,2,2,6,1,0,5,1,6,1,1,3,1,0,0,42,1,1
52,1,2,4,1,0,8,1,13,2,1,3,1,0,0,65,0,0
45,2,1,5,1,0,8,1,13,2,1,2,1,4,4,85,0,0
48,1,1,5,1,0,5,1,12,2,1,2,1,0,0,48,0,1
24,1,1,5,1,10,10,2,13,1,1,4,1,0,0,107,0,1
30,1,1,5,1,13,10,1,5,2,1,4,1,0,0,44,0,1
27,1,1,5,1,15,7,1,13,2,1,1,1,0,0,48,0,1
34,1,2,4,1,4,7,2,13,1,1,4,1,3,0,75,0,1
43,1,1,5,1,10,11,2,14,2,1,2,1,3,0,90,0,1
36,2,1,6,1,1,1,2,13,2,1,2,1,3,7,72,0,1
19,1,2,4,1,1,10,1,13,2,1,1,1,3,7,130,1,1
38,1,1,4,1,4,1,2,13,2,1,3,1,0,0,48,0,1
47,1,2,4,1,4,11,2,12,2,1,1,0,3,7,164,0,1
33,1,2,4,1,1,1,1,13,2,1,5,0,0,0,30,2,1
41,1,1,5,1,5,2,1,12,2,1,0,1,3,8,174,2,1
38,1,2,4,1,14,11,2,10,1,1,2,1,0,0,42,0,1
39,2,1,5,1,11,10,1,13,2,1,1,1,2,0,101,0,1
42,1,1,5,1,10,4,2,12,2,1,3,1,0,0,101,0,1
36,1,2,4,1,13,3,1,7,1,1,1,1,0,0,165,0,1
37,1,1,5,1,13,12,2,13,2,1,4,1,3,10,226,0,1
38,1,2,5,1,13,7,2,12,2,1,4,1,0,0,45,0,1
44,1,2,4,1,22,2,2,12,2,1,5,1,3,8,134,0,1
25,1,1,5,1,16,3,2,13,1,1,2,1,0,0,53,0,1
27,1,1,5,1,13,4,1,12,2,1,2,1,0,0,107,0,1
43,1,2,5,1,13,11,2,12,2,1,2,1,0,0,115,0,1
44,1,2,4,1,6,10,1,12,2,1,3,1,0,0,9,0,1
29,1,1,5,1,15,6,2,13,1,1,3,1,0,0,15,0,1
50,1,1,3,1,13,2,1,8,2,1,2,1,0,0,112,0,1
49,1,2,4,1,14,2,1,12,2,1,5,1,3,5,170,0,1
29,1,2,3,1,13,3,1,12,2,1,3,1,3,5,237,0,1
35,1,2,4,1,13,3,2,7,1,1,2,1,0,2,199,0,1
28,1,1,4,1,13,6,1,13,2,1,0,1,0,0,151,0,1
43,1,2,4,1,14,9,1,12,1,1,3,1,0,7,149,1,0
45,1,1,5,1,13,8,2,13,2,1,2,1,0,0,20,0,1
36,1,2,4,1,5,8,1,12,2,1,1,1,0,0,62,0,1
39,1,2,5,1,13,10,1,13,2,1,4,1,0,0,19,0,1
33,1,1,4,1,0,8,1,13,2,2,1,0,2,7,158,1,0
38,1,2,4,1,19,12,1,13,1,1,0,1,0,0,131,0,1
39,1,1,5,1,13,9,1,12,2,1,3,1,0,7,113,0,1
39,1,1,6,1,16,9,2,13,2,1,5,1,1,6,100,0,1
33,1,2,6,1,16,4,2,12,2,1,5,1,0,6,117,0,1
35,1,1,1,1,1,7,2,13,2,1,4,1,0,0,31,0,1
41,2,1,5,1,16,4,2,13,2,1,4,1,3,7,151,0,1
49,1,1,4,1,13,12,2,12,2,1,2,1,0,0,61,0,1
52,1,1,5,1,13,5,1,12,2,1,3,1,0,0,42,0,1
37,1,2,4,1,16,8,2,4,2,1,0,1,0,0,86,0,1
53,1,2,4,1,4,5,2,12,1,1,3,1,2,11,133,0,1
26,1,2,4,1,0,3,1,13,1,2,1,1,0,0,36,1,1
49,1,1,5,1,13,8,2,12,2,1,1,1,0,0,45,0,1
42,1,2,4,1,16,10,1,13,1,1,1,1,0,0,135,0,1
36,1,1,5,1,16,8,1,13,2,1,0,1,4,8,199,0,1
21,1,1,5,1,13,8,1,13,2,2,0,1,0,0,51,0,1
45,1,1,5,1,16,3,2,13,2,1,1,1,0,0,84,0,1
35,1,2,4,1,0,10,2,12,2,1,2,1,0,0,35,1,1
44,1,1,5,1,16,7,2,12,2,1,2,1,0,0,34,0,1
27,1,1,5,1,0,4,1,12,2,1,0,1,0,0,138,0,0
21,1,1,5,1,0,12,1,12,1,1,2,1,0,0,14,0,1
19,1,2,5,1,0,4,1,12,2,2,1,1,3,5,168,0,1
32,1,2,4,1,6,9,1,13,2,1,2,1,0,0,38,0,1
35,1,1,5,1,10,12,1,13,1,2,1,1,0,0,42,0,1
52,1,1,4,1,6,10,2,12,2,1,7,1,0,0,32,0,1
28,1,1,5,1,16,4,1,13,1,1,0,1,0,0,17,0,1
31,1,1,5,1,6,4,2,12,2,1,4,1,0,0,178,0,1
39,1,2,4,1,8,7,1,12,1,1,1,1,0,6,167,0,1
47,1,1,5,1,0,1,1,13,1,1,2,1,0,7,162,0,1
55,1,2,4,1,4,5,2,12,2,1,5,1,3,2,141,0,1
31,1,2,4,1,8,6,2,12,2,2,1,1,3,7,215,0,1
26,1,2,6,1,0,6,1,13,2,2,1,1,0,6,101,1,0
25,1,1,7,1,13,10,1,13,2,1,0,1,3,7,122,0,1
53,1,1,4,1,10,5,1,13,1,1,4,1,0,0,36,0,1
34,1,1,5,1,13,11,2,12,1,1,3,1,3,7,155,0,1
39,1,2,4,1,4,10,1,5,2,1,1,1,3,7,278,0,1
37,2,2,7,1,17,1,1,13,2,1,1,1,3,7,162,3,1
23,1,2,4,1,13,6,1,12,2,1,3,1,3,0,38,1,0
45,1,2,4,1,3,10,2,12,2,1,6,1,3,7,133,0,1
30,1,2,6,1,16,9,1,13,2,1,3,1,0,0,14,0,1
41,1,2,1,1,19,3,2,14,2,1,2,1,3,7,65,0,1
53,1,1,5,1,3,6,2,11,2,1,4,1,3,0,97,0,1
40,1,1,5,1,10,8,1,13,1,1,0,1,0,0,48,0,1
47,1,2,4,1,1,1,2,13,2,1,2,1,3,8,151,0,1
48,1,2,4,1,13,6,1,5,2,1,3,1,0,0,83,0,1
43,1,2,4,1,10,10,1,12,2,1,1,1,3,0,73,1,1
28,1,2,4,1,16,1,2,13,1,1,2,1,0,0,72,0,1
35,1,2,4,1,19,3,1,0,1,1,5,1,0,0,56,0,1
47,1,2,4,2,13,12,1,12,2,1,0,1,0,3,175,0,1
32,1,1,5,1,16,2,2,13,1,1,1,1,0,0,65,0,1
38,1,2,4,1,0,10,1,13,1,1,2,1,0,0,5,0,1
31,1,1,5,1,0,12,2,12,1,1,0,1,0,0,28,0,1
59,1,1,5,1,3,2,2,12,1,1,6,1,0,0,66,0,1
26,1,1,5,1,4,10,1,12,2,1,4,1,0,0,41,0,1
60,1,1,5,1,10,4,1,12,2,1,4,1,0,0,43,0,1
43,1,1,5,1,16,2,2,12,2,1,6,1,0,0,131,0,1
63,1,1,5,2,10,4,2,13,2,1,4,1,0,0,94,0,1
50,2,2,4,1,1,7,2,2,2,1,3,1,0,3,150,0,1
47,1,2,5,1,2,7,2,9,2,1,1,1,0,0,37,0,1
38,1,2,4,1,12,1,2,12,2,1,3,1,0,0,59,0,1
33,1,1,5,1,10,8,1,13,1,1,2,1,0,0,27,0,1
41,1,1,5,1,10,4,1,13,2,1,4,1,0,0,5,0,1
39,1,2,4,1,13,10,2,12,2,1,3,1,0,0,20,0,1
42,1,2,4,1,1,1,1,13,1,1,2,1,0,0,5,0,1
39,2,1,5,1,13,4,1,13,2,1,1,1,0,0,57,0,1
38,1,2,4,1,11,9,2,14,2,1,0,1,0,0,61,0,1
24,1,2,4,1,13,8,1,13,1,1,1,1,0,0,21,0,1
46,1,2,4,1,16,11,1,13,2,1,3,1,0,0,64,0,1
45,1,1,5,1,15,4,1,13,2,1,2,1,0,0,15,0,1
41,1,1,6,1,13,4,1,13,2,1,1,1,0,0,13,0,1
34,1,2,4,1,13,2,1,12,1,1,3,1,0,0,28,0,1
37,1,1,5,1,10,4,1,4,1,1,4,1,0,0,19,0,1
39,1,2,4,1,1,8,2,12,1,1,4,1,0,0,2,0,1
29,1,2,6,1,13,2,2,12,2,1,2,1,0,0,43,0,1
22,1,1,5,1,13,3,2,12,2,1,1,1,0,0,62,0,1
34,1,1,5,1,0,12,1,13,2,2,5,1,3,0,21,0,1
48,1,1,5,1,20,5,1,13,2,1,3,1,0,0,50,0,1
43,1,2,5,1,21,1,2,13,2,1,6,1,3,0,17,0,1
45,1,1,5,1,20,5,2,13,1,1,2,1,3,5,52,0,1
38,1,2,4,1,4,2,1,13,2,1,2,1,0,0,22,0,1
42,1,2,4,1,13,12,1,13,1,1,3,1,3,0,80,0,1
40,1,2,4,1,18,11,1,13,2,1,2,1,0,0,69,0,1
67,1,1,4,1,20,10,1,13,2,1,2,1,3,7,103,0,1
48,1,2,5,1,16,3,2,12,1,1,6,1,3,7,97,0,1
44,1,1,5,1,20,5,2,12,1,1,3,1,3,6,124,0,1
33,1,2,4,1,13,5,2,12,2,1,5,1,0,0,35,0,1
34,1,2,4,1,13,10,2,12,2,1,3,1,0,0,3,0,1
40,1,2,4,1,11,3,2,13,1,1,0,1,0,7,128,0,1
31,1,2,4,1,13,3,2,13,2,1,4,1,0,0,90,0,1
44,1,2,4,1,13,4,1,13,2,1,4,1,0,0,109,0,1
49,1,2,4,1,13,6,1,13,2,1,3,0,0,0,148,0,1
26,1,2,4,1,13,7,2,13,2,1,2,1,0,0,85,0,1
34,1,2,4,1,13,4,1,13,2,1,4,1,0,7,155,0,1
34,1,2,6,2,0,4,1,14,2,3,3,0,3,7,371,3,0
35,1,2,4,1,14,9,2,12,1,1,5,1,0,0,33,0,1
43,1,1,4,1,3,8,1,13,2,1,2,1,0,0,73,0,1
47,2,1,5,1,4,8,2,13,2,1,1,1,0,0,89,0,1
41,2,1,6,1,11,4,2,12,2,1,1,1,0,0,51,0,1
29,1,2,4,1,1,11,2,12,2,1,2,1,0,0,34,1,1
31,1,2,4,1,10,11,2,12,1,1,4,1,0,0,42,1,1
23,1,2,6,1,14,8,2,13,1,1,1,1,0,0,110,0,1
31,1,1,5,1,4,6,1,5,1,1,2,0,3,7,214,3,1
33,2,2,2,1,14,4,1,13,2,1,1,1,3,7,158,0,1
57,2,1,5,1,16,4,2,12,2,0,6,1,0,7,108,0,1
39,1,1,5,1,4,6,1,12,1,1,3,1,0,0,47,1,1
47,1,2,4,1,13,11,1,13,1,1,2,1,0,0,51,0,1
26,1,2,4,1,13,9,2,12,2,1,0,1,0,0,51,0,1
39,1,1,5,2,13,4,1,12,2,1,3,0,3,6,214,0,1
44,1,2,4,1,10,4,1,13,2,1,3,1,3,0,69,1,0
21,1,2,4,1,16,4,2,12,1,1,2,1,0,0,93,0,1
44,2,2,4,1,13,6,1,12,2,1,0,1,0,0,92,0,1
54,1,1,4,1,13,9,1,13,2,1,4,1,0,0,73,0,1
48,2,1,5,1,16,11,1,5,2,1,2,1,2,7,124,0,1
49,2,1,5,1,16,1,1,4,2,1,0,1,3,7,272,0,1
36,1,2,6,1,12,9,2,11,1,1,3,1,0,0,92,0,1
39,1,2,4,1,0,1,1,13,2,1,2,1,0,0,88,0,0
52,1,1,5,1,16,1,1,7,2,1,2,1,0,0,40,0,1
35,1,1,5,1,13,10,1,12,2,1,5,1,0,0,42,0,1
55,2,2,3,1,18,11,1,13,2,2,2,1,2,7,291,0,1
42,1,2,5,1,13,2,1,13,2,1,1,1,0,0,47,0,1
27,2,2,4,1,14,2,2,13,2,2,2,1,2,7,246,0,0
37,1,2,6,1,14,1,2,11,2,1,2,1,3,0,279,0,1
27,2,2,6,1,13,1,2,12,2,1,4,1,0,0,151,0,1
40,1,2,4,2,13,3,1,12,2,2,4,1,2,7,247,0,0
52,1,2,5,1,13,10,1,12,2,1,3,1,3,0,144,0,1
35,2,1,5,1,16,1,1,9,2,1,1,1,3,0,135,0,1
29,1,1,5,1,11,8,2,12,2,2,4,1,0,8,161,0,0
29,1,2,4,1,13,2,1,13,1,1,1,1,0,0,74,0,1
34,1,1,5,1,13,7,2,12,2,1,1,1,0,0,99,0,1
48,1,1,5,1,13,5,1,12,2,1,4,1,0,0,4,0,1
21,1,2,4,1,13,10,2,12,1,1,1,1,0,0,14,0,1
26,1,2,3,1,13,7,2,12,2,1,3,1,3,0,241,0,1
52,1,2,4,1,11,7,1,12,2,1,3,1,0,0,128,0,1
61,1,1,5,1,16,10,1,7,2,1,3,1,0,11,184,0,1
44,1,1,4,1,4,11,2,12,2,1,0,1,0,0,28,0,1
40,1,2,6,1,16,6,2,10,2,1,1,1,0,0,135,0,1
46,1,1,1,1,10,5,1,13,2,1,4,1,0,7,170,0,1
50,1,1,4,1,13,9,1,13,1,1,2,1,0,0,163,0,1
59,1,2,4,1,20,5,2,13,2,2,3,1,0,0,125,0,0
55,1,2,4,1,13,9,1,12,1,1,5,1,0,0,107,0,1
56,1,2,4,1,13,7,2,13,2,2,4,1,0,0,15,0,1
34,1,2,4,1,13,9,1,13,1,1,1,1,0,0,118,0,1
31,1,2,4,1,11,3,2,13,2,1,2,1,0,0,58,0,1
61,1,2,4,1,13,7,1,13,2,1,2,1,0,0,47,0,1
43,1,2,4,1,13,11,2,8,2,4,5,1,0,5,175,0,1
47,1,1,4,1,13,9,1,12,2,1,4,1,0,0,6,0,1
52,2,2,4,1,0,5,2,13,2,1,2,1,0,0,60,0,1
58,1,1,5,1,16,5,2,13,1,1,1,1,0,10,285,0,1
45,1,1,5,1,8,11,1,12,2,1,2,1,0,0,80,1,1
41,1,2,4,1,13,11,2,10,2,2,1,1,0,0,89,0,1
34,1,2,4,1,0,9,1,13,2,1,4,1,0,0,40,0,1
49,1,1,5,1,13,9,1,12,2,1,2,1,0,0,168,0,1
63,1,2,4,1,1,1,1,13,2,2,3,1,0,0,98,0,1
64,1,1,1,1,13,9,2,12,1,1,5,1,0,0,55,0,1
54,2,2,4,1,1,12,2,13,2,1,2,1,0,0,113,0,1
33,1,2,4,1,0,12,2,13,2,1,0,1,0,0,100,1,0
39,2,2,2,1,20,8,2,13,2,4,0,1,0,7,233,0,1
45,1,1,5,1,13,12,2,12,1,1,1,1,0,7,160,0,1
43,1,2,4,1,4,9,1,12,2,1,1,1,0,0,10,0,1
27,1,2,6,1,13,3,2,12,2,1,2,1,0,0,13,0,1
46,1,2,6,1,13,10,2,12,2,1,5,1,0,0,52,0,1
37,1,2,4,1,2,12,1,13,2,1,3,1,0,0,36,0,1
23,1,2,4,1,16,11,1,5,2,1,0,1,0,0,26,0,1
37,1,2,4,1,2,8,2,13,1,1,2,1,0,0,24,0,1
53,1,1,5,1,13,3,1,12,1,1,5,1,0,0,11,0,1
46,1,2,3,1,2,3,2,9,1,1,3,1,0,0,12,0,1
42,1,1,2,1,20,12,2,12,1,1,1,1,0,0,33,0,1
24,1,1,6,1,13,6,2,11,2,1,8,1,0,0,9,0,1
31,1,2,6,1,13,10,2,12,2,1,1,1,0,0,25,0,1
31,1,2,4,1,0,7,2,13,2,1,2,1,0,0,8,0,0
39,1,1,2,1,4,12,2,13,1,1,2,1,0,0,26,0,1
30,1,2,4,1,14,12,2,13,2,1,0,1,0,0,13,0,1
35,1,2,4,1,13,8,2,12,2,1,4,1,0,0,17,0,1
45,1,1,5,1,13,3,1,12,2,1,4,1,0,0,25,0,1
54,1,1,5,1,16,3,2,11,2,1,4,1,0,0,11,0,1
48,1,2,4,1,20,10,2,13,2,1,4,1,0,0,52,0,1
54,1,1,2,1,20,3,2,13,1,1,0,1,0,0,8,0,1
51,1,1,4,1,13,3,2,12,1,1,3,1,0,0,16,0,1
28,1,2,4,1,16,4,2,13,2,1,6,1,0,0,27,0,1
39,1,2,4,1,13,8,1,14,2,1,4,1,0,0,21,0,1
47,1,2,4,1,18,4,1,13,1,1,2,1,0,0,15,0,1
22,1,2,4,1,13,3,2,12,2,1,3,1,0,0,23,0,1
41,1,2,4,1,13,8,1,13,2,1,3,1,0,0,37,0,1
40,1,1,4,1,16,6,1,13,2,1,2,1,0,0,12,0,1
34,1,2,4,1,13,5,1,13,2,1,1,1,0,0,10,0,1
47,1,2,4,1,13,5,1,13,2,1,1,1,0,0,6,0,1
45,1,2,4,1,13,7,2,13,1,1,1,1,0,0,4,0,1
49,1,2,4,1,13,5,1,13,1,1,0,1,0,0,19,0,1
32,2,2,4,1,13,8,2,9,2,2,3,1,0,0,3,0,1
45,1,2,4,1,16,5,1,13,2,1,2,1,0,0,5,0,1
31,1,1,5,1,13,7,1,10,2,1,3,1,0,0,30,0,1
54,1,1,5,1,13,3,2,12,2,1,2,1,0,0,2,0,1
29,1,1,5,1,13,6,1,13,1,1,4,1,0,0,22,0,1
45,1,2,4,1,13,5,2,13,2,1,3,1,0,0,32,0,1
27,1,2,4,1,11,10,2,13,2,1,3,1,0,0,17,0,1
42,1,1,5,1,15,10,2,13,2,1,3,1,0,0,15,0,1
48,1,2,4,1,13,5,2,12,2,1,6,1,0,0,34,0,1
30,1,2,4,1,14,10,1,12,2,1,4,1,0,0,3,0,1
40,1,2,4,1,13,6,2,12,1,1,5,1,0,0,9,0,1
30,1,1,5,1,13,6,2,12,2,1,1,1,0,0,19,0,1
55,1,2,4,1,4,5,2,13,2,1,1,1,0,0,23,0,1
28,1,1,1,1,0,1,2,13,2,1,2,1,0,0,13,1,0
21,1,2,4,1,1,1,1,13,1,1,0,1,0,0,55,0,1
32,1,2,4,1,0,11,1,13,1,1,4,1,0,0,65,0,1
43,1,2,4,1,13,4,1,12,1,1,3,1,0,0,39,0,1
39,1,2,4,1,16,11,1,13,1,1,2,1,4,0,49,0,1
59,1,1,5,1,13,9,1,12,2,1,2,1,0,0,36,0,1
43,1,1,5,1,13,1,1,12,2,1,2,1,0,0,44,0,1
29,1,2,4,1,0,12,2,12,1,1,1,1,0,0,52,0,1
39,1,1,5,1,12,4,2,7,1,1,3,1,4,0,23,0,1
30,1,2,6,1,13,10,1,12,2,1,3,1,0,0,70,0,1
47,1,1,4,1,16,3,2,13,1,1,4,1,0,0,35,0,1
50,1,1,5,1,13,3,2,12,2,1,2,1,0,0,24,0,1
36,1,1,5,1,1,1,1,13,2,1,3,1,0,0,19,0,1
39,1,1,5,1,16,3,2,13,1,1,5,1,0,0,29,0,1
30,1,1,4,1,16,11,1,13,2,1,3,1,0,0,15,0,1
48,1,2,4,1,20,9,2,12,1,1,2,1,0,0,47,0,1
46,1,2,4,1,13,11,2,12,2,1,4,1,0,0,78,0,1
29,1,1,5,1,7,8,1,13,2,1,4,1,0,0,6,0,1
41,1,1,6,1,12,9,2,12,2,1,0,1,0,0,2,1,1
28,1,2,4,1,13,10,1,12,2,1,2,1,0,0,65,0,1
56,1,2,4,1,13,1,2,12,2,2,2,1,0,0,29,0,1
40,1,1,5,1,13,1,1,12,2,1,3,1,0,0,6,0,1
31,1,2,4,1,13,8,1,12,1,1,4,1,0,0,51,1,1
43,1,1,5,1,1,11,1,12,1,1,0,1,3,3,92,0,1
24,1,2,6,1,1,10,1,12,2,1,0,1,0,0,35,0,1
24,1,2,4,1,13,4,1,11,2,1,4,1,0,0,90,0,1
54,1,2,4,1,13,4,2,12,1,1,5,1,0,0,37,0,1
30,1,1,5,1,11,8,2,13,1,1,0,1,0,0,29,0,1
30,1,2,4,1,1,10,1,12,2,1,3,1,0,0,41,0,1
36,2,2,6,1,20,5,2,12,2,1,0,1,0,0,18,0,1
29,1,1,5,1,3,10,1,12,2,1,1,1,0,0,25,0,1
57,1,2,4,1,13,5,1,12,1,1,3,1,0,0,116,0,1
30,1,2,6,1,13,4,1,12,1,1,2,1,3,0,81,0,1
42,1,1,5,1,16,4,1,11,1,1,3,1,4,0,52,0,1
32,1,2,4,1,14,4,1,13,1,1,4,1,0,0,52,0,1
35,1,1,5,1,16,10,1,13,2,1,2,1,0,0,33,0,1
44,1,2,4,1,12,1,2,13,1,1,0,1,0,0,62,0,1
21,1,2,6,1,0,10,1,12,1,1,1,1,0,0,65,0,1
30,1,2,4,1,16,11,1,13,1,1,4,1,0,0,72,0,1
38,1,2,4,1,4,9,1,12,2,1,3,1,0,0,41,0,1
26,1,2,4,1,16,3,1,7,2,1,3,1,0,0,14,0,1
44,1,2,5,1,10,7,2,12,1,1,3,1,0,0,15,0,1
29,1,1,5,1,10,2,2,12,1,1,1,1,0,0,23,0,1
33,1,1,5,1,13,7,2,10,1,2,3,1,0,0,12,0,0
35,1,2,4,1,13,9,2,12,2,2,4,1,0,0,0,0,0
39,1,2,4,1,13,7,1,13,2,1,2,1,0,0,14,0,1
35,1,1,5,1,6,3,2,9,1,2,2,1,0,0,6,0,1
30,2,1,5,1,11,8,1,13,2,1,3,1,0,0,4,0,1
49,2,2,4,1,21,7,1,13,2,2,1,1,0,0,2,0,1
34,1,1,5,1,13,10,1,10,2,1,0,1,0,0,12,0,1
35,1,2,4,1,1,11,1,12,2,1,2,1,0,0,7,0,1
22,1,2,4,1,13,7,1,13,2,1,2,1,0,0,2,0,1
43,1,1,5,1,13,9,1,12,2,1,1,1,0,0,14,0,1
61,2,2,4,1,4,7,2,13,1,2,0,1,0,0,2,0,1
31,2,2,4,1,0,5,2,13,1,1,2,1,0,0,14,1,0
55,1,2,7,1,20,11,1,13,2,1,0,1,0,0,21,0,1
43,1,2,4,1,16,3,2,13,2,1,4,1,0,0,1,0,1
43,1,1,5,1,16,10,1,13,2,1,2,1,0,0,16,0,1
34,1,2,4,1,0,7,2,12,2,1,1,1,0,0,5,0,1
46,1,1,4,1,16,9,1,12,2,1,2,1,0,0,1,0,1
35,1,2,4,1,13,7,2,12,1,1,1,1,0,0,26,0,0
43,1,1,5,1,13,7,2,12,2,1,4,1,0,0,20,0,1
37,1,1,4,1,0,7,2,12,1,2,2,1,0,0,6,0,1
45,1,2,4,1,13,7,1,12,2,2,2,1,0,0,12,0,1
29,1,2,5,1,13,10,1,12,1,1,3,1,0,0,17,0,1
28,1,2,6,1,13,10,1,4,2,1,2,1,0,0,26,0,1
46,1,1,4,1,13,2,1,13,2,2,3,1,0,0,7,0,1
49,1,2,4,1,13,7,1,12,1,1,2,1,0,0,39,0,1
31,1,1,5,1,13,9,2,12,2,1,2,1,0,0,15,0,1
44,1,2,4,1,13,2,1,12,1,1,5,1,0,0,10,0,1
37,1,2,4,1,16,7,1,14,1,1,1,1,0,0,17,0,1
35,1,2,4,1,13,10,2,13,2,1,2,1,0,0,17,0,1
20,1,2,4,1,13,4,1,12,2,1,2,1,0,0,8,0,1
39,1,1,5,1,16,5,1,12,1,1,2,1,0,0,27,0,1
37,1,2,4,1,13,10,1,12,2,1,5,1,0,0,1,0,1
29,1,2,4,1,13,2,1,12,2,1,4,1,0,0,7,0,1
31,1,2,4,1,13,10,1,13,2,1,5,1,0,0,12,0,1
42,1,2,4,1,13,7,2,12,1,1,4,1,0,0,31,0,1
44,2,1,5,1,13,2,2,12,2,2,1,1,0,0,2,0,1
42,1,2,4,1,11,7,2,13,1,1,2,1,0,0,24,0,1
39,2,1,5,1,10,3,1,13,1,1,1,1,0,0,11,0,1
28,1,2,4,1,0,5,1,12,2,2,2,1,0,0,9,1,0
39,1,2,5,1,11,8,2,12,1,1,4,1,0,0,36,0,1
36,1,2,4,1,13,5,2,13,2,2,3,1,0,0,26,0,1
44,1,1,5,1,16,5,1,12,2,1,3,1,0,0,19,0,1
31,1,2,5,1,16,3,1,10,2,1,2,1,0,0,18,0,1
40,2,1,5,1,13,5,2,13,2,1,1,1,0,0,16,0,1
21,1,2,4,1,0,4,1,13,2,1,1,1,0,0,3,1,0
37,1,2,4,1,13,2,2,13,2,1,4,1,0,0,8,0,1
29,1,2,4,1,6,3,1,12,2,2,1,1,0,0,4,1,1
29,1,2,4,1,13,10,1,12,1,1,0,1,0,0,29,0,1
42,1,2,4,1,13,12,2,13,2,1,1,1,0,0,2,0,1
37,1,1,5,1,4,2,1,13,1,1,0,1,0,0,2,0,1
45,1,1,5,1,13,3,2,13,2,1,3,1,0,0,1,0,1
39,2,2,5,1,13,8,2,12,2,1,2,1,0,0,4,0,1
49,1,1,5,1,16,8,2,13,2,1,3,1,0,0,2,0,1
44,1,2,5,1,16,7,2,13,2,1,2,1,0,0,5,0,1
45,1,1,7,1,13,12,1,13,1,1,2,1,0,0,30,0,1
56,1,2,4,1,16,4,2,12,1,1,1,1,0,0,2,0,1
49,1,2,4,1,13,7,1,13,1,1,3,1,0,0,15,0,1
54,1,2,5,1,13,2,2,12,2,2,3,1,0,0,4,0,1
33,1,2,4,1,14,1,1,13,2,1,1,1,0,0,6,0,1
48,1,2,4,1,13,1,2,13,2,1,3,1,0,0,4,0,1
25,1,2,6,1,13,7,2,12,1,1,1,1,0,0,16,0,1
43,1,1,4,1,16,7,2,13,2,1,3,1,0,0,4,0,1
39,1,2,4,1,16,4,2,5,1,1,4,1,0,0,2,0,1
38,1,1,5,1,13,7,2,12,1,1,3,1,0,0,4,0,1
39,1,1,5,1,12,12,2,13,1,1,3,1,0,0,0,0,1
45,1,2,4,1,15,10,1,13,2,1,2,1,0,0,10,1,0
30,1,2,6,1,13,10,1,12,2,1,3,1,0,0,5,0,1
32,1,2,4,1,13,10,1,12,1,1,4,1,0,0,15,0,1
38,1,1,4,1,10,12,1,13,2,1,3,1,0,0,2,0,1
37,1,1,5,1,16,3,1,13,2,1,1,1,0,0,0,0,1
34,2,1,5,1,13,7,1,13,2,2,2,1,0,0,9,0,1
48,2,1,5,1,13,7,2,12,2,2,4,1,0,0,5,0,1
36,1,2,1,1,13,7,1,12,1,1,2,1,0,0,5,1,1
38,1,1,5,1,13,1,1,13,2,2,5,1,0,0,11,0,1
40,1,1,6,1,13,12,2,13,1,1,3,1,0,0,7,0,1
39,1,2,4,1,1,7,2,12,1,1,2,1,0,0,9,0,1
41,1,2,5,1,13,1,2,13,2,1,3,1,0,0,3,0,1
32,1,2,4,1,14,1,2,12,1,1,4,1,0,0,8,0,1
51,1,1,6,1,16,1,2,12,2,2,4,0,0,0,0,1,1
39,1,2,5,1,13,1,1,12,1,1,1,1,0,0,13,0,1
56,1,2,4,1,4,5,2,12,1,1,1,1,0,0,17,0,1
42,1,2,4,1,13,5,2,13,1,1,2,1,0,0,6,0,1
38,1,1,5,1,16,11,1,13,1,1,3,0,0,0,11,1,1
24,1,2,4,1,13,5,2,13,2,1,3,1,0,0,0,0,1
40,1,2,4,1,19,5,2,12,1,1,0,1,0,0,7,1,0
42,2,1,6,1,19,10,2,13,2,1,3,0,0,0,5,1,1
43,2,2,4,1,19,7,1,12,2,2,2,1,0,0,7,0,1
46,1,1,5,1,13,1,1,12,1,1,0,1,0,0,15,0,1
40,1,2,5,1,13,7,2,12,1,1,4,1,0,0,12,0,1
38,1,1,5,1,10,4,1,13,2,1,3,1,0,0,2,0,1
54,1,1,5,1,13,8,2,13,1,1,3,1,0,0,14,0,1
38,1,2,1,1,13,7,2,13,2,2,1,1,0,0,3,0,1
37,2,2,5,1,16,1,2,12,1,2,2,1,0,0,8,1,1
38,1,1,5,1,4,11,1,13,2,1,0,1,0,0,9,0,1
30,1,1,5,1,13,3,1,12,1,1,1,1,0,0,13,0,1
33,1,2,4,1,13,5,1,12,1,1,0,1,0,0,16,0,1
38,1,2,4,1,13,1,2,12,1,1,1,1,0,0,11,0,1
41,1,2,4,1,13,5,1,13,1,1,1,1,0,0,5,0,1
33,1,2,6,1,13,1,2,12,2,1,2,1,0,0,3,0,1
30,1,1,6,1,11,1,2,13,1,2,3,1,0,0,4,0,1
48,1,2,6,1,13,10,1,13,1,1,3,1,0,0,7,1,1
36,1,2,4,1,16,10,1,14,2,1,3,1,0,0,5,0,1
28,1,1,5,1,13,3,2,13,1,1,3,1,0,0,6,0,1
63,2,1,5,1,13,1,2,12,2,2,5,1,0,0,2,0,1
47,1,1,5,1,16,4,1,12,1,1,4,1,0,0,5,0,1
30,1,2,4,1,13,10,1,12,1,1,0,1,0,0,8,0,1
33,1,2,4,1,0,1,1,12,2,1,2,1,0,0,3,1,0
36,1,1,5,1,16,10,1,12,2,1,2,1,0,0,3,0,1
37,1,1,5,1,4,5,1,12,1,1,0,1,0,0,2,0,1
36,1,2,6,1,16,10,1,4,1,1,2,1,0,0,6,0,1
43,1,1,5,1,16,4,1,12,2,1,3,1,0,0,0,1,1
30,1,2,4,1,13,4,1,12,2,1,2,1,0,0,0,0,1
49,1,2,4,1,13,5,1,12,2,1,3,1,0,0,7,0,1
32,1,1,5,1,13,11,1,13,1,1,2,1,0,0,12,0,1
38,1,1,5,1,16,8,2,12,2,1,2,0,0,0,3,1,1
36,1,1,6,1,13,9,1,13,2,1,2,1,0,0,6,0,1
50,1,1,5,1,16,4,1,12,2,1,3,1,0,0,13,0,1
40,1,1,5,1,10,9,1,12,2,1,2,1,0,0,7,0,1
41,1,2,4,1,10,9,1,12,1,1,2,1,0,0,3,0,1
42,2,2,4,1,10,9,2,13,2,1,3,1,0,0,5,0,1
42,1,2,4,1,16,9,1,8,1,1,4,1,0,0,18,0,1
30,1,2,4,1,13,9,2,12,2,1,0,1,0,0,11,0,1
30,2,2,4,1,3,2,1,13,2,1,2,1,0,0,0,0,1
44,2,2,4,1,3,7,2,13,1,1,0,1,0,0,4,0,1
38,2,1,5,1,16,7,1,13,2,1,4,1,0,0,16,0,1
44,1,1,5,1,10,1,1,13,2,1,1,1,0,0,2,0,1
51,1,2,4,1,16,9,1,13,1,1,2,1,0,0,15,0,1
47,1,1,4,1,3,3,1,6,1,1,0,1,0,0,17,0,1
30,1,2,4,1,3,2,1,13,1,1,1,1,0,0,11,0,1
33,2,2,4,1,3,4,1,13,1,1,2,1,0,0,13,0,1
37,1,2,4,1,13,1,1,7,2,1,1,1,0,0,8,0,1
42,2,2,4,1,16,3,2,13,1,1,1,1,0,0,9,0,1
39,1,1,5,1,10,10,1,12,2,1,2,1,0,0,5,0,1
33,1,1,5,1,16,2,1,13,1,1,3,1,0,0,7,0,1
30,1,1,5,1,13,8,1,12,2,1,2,1,0,0,1,0,1
33,2,2,4,1,1,11,2,13,1,1,0,1,0,0,6,0,1
52,2,1,5,1,10,4,2,12,2,2,3,1,0,0,12,0,1
44,2,2,4,1,3,12,1,12,2,1,1,1,0,0,4,0,1
41,2,2,4,1,16,3,1,12,1,1,0,1,0,0,11,0,1
22,1,1,5,1,10,10,1,12,2,1,0,1,0,0,15,0,1
27,2,2,4,1,13,3,1,13,2,1,0,1,0,0,11,1,0
23,1,2,4,1,13,9,1,13,2,1,4,1,0,0,9,0,1
36,1,2,4,1,16,3,1,12,1,1,1,1,0,0,7,0,1
32,1,2,4,1,13,2,2,8,1,1,1,1,0,0,14,0,1
42,1,1,5,1,4,5,1,12,2,1,4,1,0,0,11,0,1
64,2,1,5,1,16,4,1,12,2,1,4,1,0,0,5,0,1
20,1,2,4,1,13,9,1,13,2,1,1,1,0,0,0,0,1
25,1,2,4,1,4,2,1,13,2,1,1,1,0,0,0,0,1
45,1,1,5,1,10,4,2,12,2,1,4,1,0,0,13,0,1
26,1,2,4,1,10,2,1,13,2,1,2,1,0,0,7,0,1
42,1,1,4,1,10,2,1,12,2,1,2,1,0,0,8,0,1
35,1,1,4,1,13,6,1,12,1,1,2,1,0,0,18,0,1
32,1,2,4,1,10,10,2,12,2,1,3,1,0,0,3,0,0
26,2,2,4,1,3,2,1,13,1,1,3,1,0,0,2,0,1
37,2,2,4,1,10,2,2,13,2,1,2,1,0,0,0,0,1
41,1,2,4,1,16,7,2,8,2,1,4,1,0,0,16,0,1
37,2,1,5,1,1,7,1,12,1,2,3,1,0,0,14,0,1
47,1,1,5,1,16,1,1,13,2,1,4,1,0,0,8,0,1
39,1,2,4,1,16,2,1,12,2,1,3,1,0,0,2,0,1
40,1,2,4,1,16,12,1,12,2,1,1,1,0,0,5,0,1
28,1,2,4,1,13,9,1,13,2,1,3,1,0,0,3,0,1
37,1,2,4,1,13,5,1,12,2,1,1,1,0,0,9,1,0
24,2,1,6,1,13,9,2,13,2,1,2,1,0,0,3,0,1
27,1,2,4,1,4,7,2,13,2,1,0,1,0,0,3,0,1
50,2,2,4,1,4,9,1,13,2,1,1,1,0,0,2,0,1
43,1,2,4,1,10,4,2,13,1,1,2,1,0,0,10,0,1
34,1,1,4,1,10,11,1,12,2,1,1,1,0,0,10,0,1
39,2,1,5,1,16,11,2,13,2,2,4,1,0,0,6,0,1
41,2,2,4,1,16,5,1,13,2,1,1,1,0,0,2,0,1
44,2,1,5,1,10,4,1,13,2,1,1,1,0,0,8,0,1
31,1,2,4,1,13,3,2,8,2,1,1,1,0,0,6,0,1
35,1,2,4,1,13,9,2,13,1,1,2,1,0,0,15,0,1
40,2,2,4,1,13,5,1,12,2,1,1,1,0,0,6,0,1
28,1,2,4,1,13,2,2,12,2,1,3,1,0,0,6,0,1
31,1,2,4,1,11,1,2,13,2,1,1,1,0,0,2,0,1
31,2,2,4,1,1,5,2,12,1,1,0,1,0,0,3,0,1
25,1,2,4,1,10,2,2,13,2,1,0,1,0,0,2,0,1
49,1,1,4,1,13,9,1,12,1,1,0,1,0,0,6,0,1
34,1,1,4,1,13,12,2,13,2,1,1,1,0,0,1,0,1
40,1,2,4,1,16,5,1,12,2,1,2,1,0,0,5,0,1
49,2,2,4,1,10,1,2,12,1,1,2,1,0,0,7,0,1
44,1,2,4,1,13,10,1,12,1,1,1,1,0,0,5,0,1
33,1,1,4,1,1,12,1,12,1,1,1,1,0,0,2,0,1
42,1,2,4,1,13,12,1,12,2,1,1,1,0,0,3,0,1
47,1,2,4,1,0,11,2,12,1,1,0,0,0,0,0,1,0
50,2,2,4,1,14,10,1,13,2,1,1,1,0,0,3,1,1
51,2,2,4,1,0,3,1,12,2,1,2,1,0,0,1,1,0
38,2,2,4,1,13,5,1,13,2,1,1,1,0,0,7,1,0
45,1,2,4,1,1,7,1,3,1,1,1,1,0,0,3,0,1
45,1,1,6,1,1,7,2,7,1,1,1,1,0,0,0,0,1
35,1,2,4,1,13,7,2,12,2,1,2,1,0,0,19,0,1
52,1,2,4,1,13,3,1,1,1,1,1,1,0,0,17,0,1
32,2,2,4,1,13,6,1,13,1,1,0,1,0,0,33,0,1
42,1,1,5,1,10,4,2,13,2,1,1,1,0,0,3,0,1
42,2,2,4,1,16,10,2,12,1,1,4,1,0,0,4,0,1
29,1,1,5,1,13,9,1,12,2,1,4,1,0,0,8,0,1
45,1,2,4,1,16,4,1,12,1,1,3,1,0,0,9,0,1
31,1,2,6,1,0,9,2,13,2,1,2,1,0,0,22,0,1
32,2,2,4,1,13,3,2,12,2,1,3,1,0,0,2,0,1
60,1,1,5,1,16,9,1,12,2,1,3,1,0,0,15,0,1
19,1,2,4,1,1,10,2,13,2,1,1,1,0,0,20,0,1
47,1,2,4,1,16,9,1,13,2,1,2,1,0,0,25,0,1
38,1,2,4,1,14,9,1,12,2,1,2,1,0,0,22,0,1
29,1,2,6,1,13,11,2,13,1,1,3,1,0,0,14,0,1
40,1,1,5,1,10,10,1,13,2,1,2,1,0,0,17,0,1
41,1,1,5,1,13,9,1,13,2,1,2,1,0,0,27,0,1
54,1,2,4,1,16,12,1,13,2,1,4,1,0,0,16,0,1
55,1,1,5,1,16,10,1,12,2,1,3,1,0,0,16,2,1
34,2,2,4,1,13,3,1,12,2,1,2,1,0,0,28,0,1
32,1,2,4,1,13,1,1,13,2,1,1,1,0,0,27,0,1
40,1,2,4,1,11,7,1,13,2,1,3,1,0,0,19,0,1
44,1,2,4,1,13,5,1,12,2,1,1,1,0,0,29,1,1
66,2,2,4,1,16,2,2,13,2,1,3,1,0,0,13,0,1
26,1,2,4,1,11,2,1,12,1,1,2,1,0,0,9,0,1
21,1,2,4,1,21,9,2,7,2,1,3,1,0,0,14,0,1
35,1,1,5,1,13,9,2,12,2,2,1,1,0,0,20,1,0
50,1,1,5,1,13,1,2,12,1,1,2,1,0,0,20,0,1
26,1,2,6,1,0,3,2,13,2,1,1,1,0,0,10,1,1
54,2,2,4,1,14,10,1,12,2,1,1,1,0,0,32,0,1
49,2,1,5,1,13,1,1,12,1,1,2,1,0,0,30,0,1
25,1,2,4,1,13,3,1,13,2,1,0,1,0,0,25,0,1
38,1,1,6,1,4,9,2,13,2,1,4,1,0,0,10,0,1
24,1,1,5,1,13,3,1,12,1,1,2,1,0,0,33,0,1
50,1,2,2,1,16,1,2,7,1,1,2,1,0,0,21,0,1
26,1,2,4,1,13,4,2,12,1,1,3,1,0,0,13,0,1
30,1,2,6,1,0,6,2,12,2,1,0,1,0,0,19,1,0
38,1,2,4,1,13,4,1,0,2,1,2,1,0,0,24,1,0
49,2,1,5,1,13,6,1,12,2,1,3,1,0,0,12,0,1
57,1,1,4,1,10,10,2,12,2,1,1,1,0,0,14,0,1
41,1,2,4,1,13,6,1,13,2,1,3,1,0,0,25,1,0
44,1,1,5,1,13,1,2,12,2,2,1,1,0,0,9,1,0
46,1,1,5,1,16,4,1,12,2,1,3,1,0,0,13,0,1
41,1,2,4,1,14,6,2,13,2,1,2,1,0,0,23,0,1
39,2,2,4,1,10,4,1,12,1,1,2,1,0,0,14,0,1
34,1,1,5,1,10,1,2,12,1,1,2,1,0,0,6,0,1
22,1,1,5,1,10,5,1,12,2,1,1,1,0,0,17,0,1
56,2,2,4,1,13,3,1,12,2,1,0,1,0,0,32,1,1
20,1,2,5,1,4,7,1,12,1,1,1,1,0,0,16,0,1
39,2,2,4,1,2,3,1,13,2,1,1,1,0,0,20,0,1
29,1,1,5,1,13,6,1,13,2,1,1,1,0,0,12,0,1
40,2,1,5,1,13,4,1,7,2,1,1,1,0,0,16,0,1
27,1,1,5,1,10,3,1,13,1,1,0,1,0,0,25,0,1
44,1,2,4,1,4,10,2,12,1,1,1,1,0,0,21,0,1
22,1,2,4,1,14,11,1,13,1,1,2,1,0,0,13,0,1
42,1,1,5,1,14,3,1,13,2,1,1,1,0,0,31,0,1
42,2,1,7,1,0,3,2,12,1,2,2,1,0,0,5,1,0
28,1,1,5,1,10,3,1,12,2,1,1,1,0,0,14,0,1
31,1,2,4,1,13,4,2,13,2,1,3,1,0,0,9,0,1
31,1,2,4,1,4,7,1,12,2,1,4,1,0,0,12,0,1
24,1,2,4,1,10,9,2,13,2,1,1,1,0,0,14,0,1
48,1,2,4,1,14,10,1,12,2,1,1,1,0,0,19,0,1
46,2,1,5,1,13,10,1,12,2,1,2,1,0,0,18,0,1
24,1,2,5,1,13,4,2,13,2,1,4,1,0,0,3,0,1
27,1,2,4,1,6,2,1,12,1,1,1,1,0,0,18,0,1
28,1,2,4,1,13,1,2,0,1,1,3,1,0,0,3,0,1
51,1,2,4,1,16,3,1,12,1,1,1,0,0,0,29,1,1
47,1,2,4,1,14,9,1,13,2,1,5,1,0,0,19,0,1
37,1,2,4,1,10,10,2,12,2,1,3,1,0,0,13,0,1
33,1,2,4,1,13,3,1,13,2,1,2,1,0,0,27,0,1
49,1,2,4,1,14,2,1,12,1,1,3,1,0,0,20,0,1
39,1,2,4,1,13,7,1,12,1,1,2,1,0,0,14,0,1
40,1,2,4,1,13,12,1,13,2,1,1,1,0,0,32,0,1
30,2,2,4,1,10,2,2,13,1,1,3,1,0,0,6,0,1
43,1,1,5,1,16,1,2,12,2,1,2,1,0,0,20,0,1
38,2,2,4,1,3,3,2,8,1,2,2,1,0,0,9,0,1
49,1,2,4,1,13,1,1,12,1,1,2,1,0,0,29,0,1
26,1,2,4,1,13,7,2,12,2,1,0,1,0,0,15,0,1
31,2,1,5,1,13,2,1,13,1,1,1,1,0,0,16,0,1
49,1,2,5,1,13,9,1,12,2,1,2,1,0,0,22,1,1
32,1,2,5,1,16,7,1,12,1,1,2,1,0,0,25,0,1
26,1,1,5,1,14,3,1,13,2,1,2,1,0,0,15,0,1
42,2,2,4,1,16,10,2,13,2,1,1,1,0,0,11,0,1
33,1,1,5,1,13,4,1,12,1,1,3,1,0,0,23,0,1
36,1,1,5,1,16,11,2,7,1,1,2,1,0,0,10,0,1
34,1,1,5,1,13,4,1,12,2,1,2,1,0,0,17,0,1
39,1,1,5,1,16,3,2,12,1,1,1,1,0,0,6,1,0
33,2,1,5,1,10,1,2,12,2,1,1,1,0,0,1,0,1
28,1,2,4,1,21,9,2,13,2,1,3,1,0,0,12,0,1
36,1,2,4,1,16,6,2,7,2,1,3,1,0,0,10,0,1
33,1,2,4,1,16,10,2,13,2,1,4,1,0,0,11,0,1
33,1,1,5,1,13,3,1,13,1,1,0,1,0,0,24,0,1
34,1,1,7,1,0,9,2,13,2,1,3,1,0,0,15,1,1
38,2,2,4,1,10,10,2,12,1,1,1,1,0,0,13,0,1
39,1,1,2,1,16,11,1,13,2,1,3,1,0,0,11,0,1
27,1,2,4,1,10,6,1,12,2,1,0,1,0,0,28,0,1
19,1,2,4,1,13,1,1,13,1,1,1,1,0,0,25,0,1
42,2,1,5,1,13,7,1,12,2,2,2,1,0,0,12,0,1
47,1,2,6,1,0,10,2,13,2,1,2,1,0,0,13,1,1
35,1,2,4,1,10,1,2,12,1,1,3,1,0,0,5,0,1
48,1,1,5,1,14,4,1,12,1,1,2,1,0,0,15,0,1
45,2,2,5,1,13,7,1,12,1,1,3,1,0,0,10,0,1
27,2,2,4,1,4,12,2,13,1,1,1,1,0,0,12,0,1
45,1,2,4,1,16,3,2,12,2,1,1,1,0,0,15,2,1
48,1,1,5,1,16,12,1,12,2,1,3,1,0,0,0,0,1
46,1,2,4,1,16,11,2,13,2,1,4,1,0,0,6,0,1
44,1,1,4,1,0,7,1,12,2,2,0,1,0,0,5,1,0
35,2,1,4,1,10,10,1,13,2,1,3,1,0,0,4,0,1
49,1,1,5,1,16,5,2,5,2,1,1,1,0,0,4,0,1
35,1,2,4,1,13,2,1,12,2,1,2,1,0,0,10,0,1
37,1,2,4,1,10,9,1,13,2,1,0,1,0,0,4,0,1
37,1,2,4,1,13,5,1,13,2,1,3,1,0,0,3,0,1
52,1,2,4,1,14,9,2,12,2,1,2,1,0,0,5,0,1
47,2,2,4,1,20,5,2,12,2,1,3,1,0,0,7,0,1
40,1,2,4,1,13,3,1,12,2,1,0,1,0,0,12,0,1
49,1,2,4,1,14,11,2,13,2,1,2,1,0,0,4,0,1
55,1,1,4,1,10,1,2,12,2,1,3,1,0,0,9,0,1
54,1,2,4,1,14,10,1,12,2,1,2,1,0,0,10,0,1
67,1,2,4,1,13,8,2,12,2,1,2,1,0,0,2,0,1
45,1,1,5,1,14,7,1,13,2,1,1,1,0,0,6,0,1
42,1,1,5,1,16,1,2,13,2,1,0,1,0,0,2,0,1
32,1,2,4,1,14,11,1,13,2,1,3,1,0,0,8,0,1
44,1,2,6,1,0,12,2,13,2,1,0,1,0,0,12,0,1
52,1,1,4,1,14,1,2,13,2,1,1,1,0,0,23,0,1
36,1,1,5,1,0,10,1,12,2,1,2,1,0,0,0,0,1
24,1,1,6,1,16,11,1,13,2,1,1,1,0,0,5,0,1
52,1,1,4,1,13,10,1,12,2,1,3,1,0,0,3,0,1
61,1,2,4,1,14,7,2,13,2,1,3,1,0,0,2,0,1
34,1,1,5,1,13,1,2,12,2,1,2,1,0,0,9,0,1
44,1,2,4,1,16,10,1,5,2,1,1,1,0,0,3,0,1
51,1,1,5,1,10,10,2,12,2,1,1,1,0,0,4,0,1
57,1,2,4,1,16,10,1,13,2,1,2,1,0,0,4,0,1
32,1,1,5,1,13,8,1,12,2,1,1,1,0,0,0,0,1
47,1,2,4,1,16,10,1,13,2,1,3,1,0,0,0,0,1
59,1,2,4,1,10,7,1,12,2,1,4,1,0,0,5,0,1
53,1,2,4,1,15,10,2,13,2,1,2,1,0,0,11,0,1
47,2,2,4,1,0,10,1,12,2,1,1,1,0,0,7,1,0
52,1,2,4,1,16,1,2,13,2,1,2,1,0,0,1,0,1
41,1,1,5,1,16,7,1,8,2,1,2,1,0,0,5,0,1
47,1,1,5,1,13,10,1,13,2,1,4,1,0,0,3,0,1
36,1,1,5,1,13,3,2,13,2,1,0,1,0,0,4,0,1
36,1,2,6,1,14,10,1,13,2,1,4,1,0,0,4,0,1
29,1,1,5,1,13,12,1,12,2,1,1,1,0,0,23,0,1
31,1,2,4,1,16,4,2,12,2,1,2,0,0,0,2,1,1
46,2,2,4,1,13,3,1,12,1,1,0,1,0,0,22,0,1
38,1,2,6,1,13,11,1,13,2,2,4,1,0,0,0,0,1
33,1,2,5,1,0,9,1,12,2,1,2,1,0,0,32,1,0
51,1,2,4,1,11,1,1,13,2,1,4,1,0,0,22,0,1
36,1,1,5,1,11,1,2,13,2,1,1,1,0,0,13,0,1
35,1,2,4,1,16,6,2,12,2,1,1,1,0,0,1,0,1
61,1,2,4,1,14,1,2,13,2,1,4,1,0,0,14,0,1
30,1,1,5,1,16,11,1,7,2,1,5,1,0,0,0,0,1
50,2,2,4,1,13,10,1,13,2,1,2,1,0,0,26,0,1
35,1,1,5,1,11,2,1,12,2,1,1,1,0,0,22,0,1
37,1,2,4,1,16,10,1,12,2,1,3,1,0,0,8,0,1
34,1,2,4,1,16,4,1,13,2,1,5,1,0,0,12,0,1
43,1,1,6,1,0,9,2,13,2,1,0,1,0,0,13,1,1
56,2,2,4,1,13,9,1,13,2,1,1,1,0,0,34,0,1
34,1,2,4,1,13,9,2,13,1,1,1,1,0,0,11,0,1
28,1,1,5,1,1,12,1,12,1,1,3,1,0,0,0,0,1
27,1,2,4,1,13,12,1,13,2,1,2,1,0,0,20,0,1
49,1,1,4,1,16,10,2,12,2,1,3,1,0,0,16,0,1
35,1,2,4,1,1,7,2,12,2,1,4,1,0,0,13,0,1
61,1,2,4,1,13,12,1,12,2,1,3,1,0,0,23,0,1
32,1,1,4,1,16,12,1,12,2,1,7,1,0,0,7,0,1
31,2,2,4,1,4,2,2,12,2,1,5,1,0,0,10,0,1
40,1,2,4,1,16,3,2,12,2,1,3,1,0,0,6,0,1
35,2,2,6,1,11,10,2,12,2,1,4,1,0,0,7,0,1
53,1,2,4,1,13,1,1,12,2,1,0,1,0,0,25,0,1
49,1,2,4,1,13,3,1,12,2,1,4,1,0,0,32,0,1
43,1,2,4,1,13,7,1,13,2,1,3,1,0,0,27,0,1
55,1,1,4,1,1,12,1,12,1,1,1,1,0,0,17,0,1
39,1,2,4,1,13,12,2,13,2,1,4,1,0,0,22,0,1
30,1,1,6,1,16,10,1,13,1,1,2,1,0,0,9,0,1
51,1,1,5,1,16,1,2,13,2,1,3,1,0,0,8,0,1
60,1,2,4,1,0,3,1,12,1,1,2,1,0,0,7,1,0
43,1,1,5,1,1,10,1,12,2,1,2,1,0,0,15,0,1
29,1,1,5,1,13,7,1,13,2,1,0,1,0,0,34,0,1
56,1,2,4,1,14,1,2,12,2,1,3,1,0,0,15,0,1
61,1,1,5,1,16,10,2,13,2,1,3,1,0,0,11,0,1
53,1,1,5,1,11,7,2,12,2,1,2,1,0,0,15,0,1
30,1,2,4,1,1,8,1,12,1,1,4,1,0,0,6,0,1
21,1,2,4,1,13,12,1,13,2,1,3,1,0,0,20,0,1
48,1,1,5,1,16,10,1,12,2,1,1,1,0,0,23,0,1
40,1,1,5,1,16,7,2,13,2,1,1,1,0,0,10,0,1
28,2,2,4,1,13,6,1,12,2,1,5,1,0,0,24,0,1
60,1,2,4,1,13,9,1,12,2,1,4,1,0,0,20,0,1
51,1,2,4,1,13,12,1,12,2,1,2,1,0,0,34,0,1
44,1,2,4,1,13,3,1,12,1,1,3,1,0,0,11,0,1
43,2,1,6,1,4,7,2,13,2,1,2,1,0,0,7,0,1
34,1,2,4,1,13,9,1,13,2,1,4,1,0,0,19,0,1
39,2,2,4,1,14,2,2,12,2,1,3,1,0,0,17,1,1
38,1,1,5,1,13,12,2,13,2,1,3,1,0,0,1,0,1
41,1,1,5,1,16,12,2,13,2,1,0,1,0,0,5,0,1
43,1,1,5,1,13,3,1,12,2,1,1,1,0,0,28,0,1
21,2,2,4,1,13,6,1,13,2,1,4,1,0,0,16,0,1
23,1,2,4,1,13,7,1,12,2,1,3,1,0,0,20,0,1
52,1,1,5,1,16,1,2,12,2,1,3,1,0,0,1,0,1
51,1,2,4,1,4,12,2,13,2,1,3,1,0,0,19,0,1
51,2,1,6,1,16,3,2,12,2,1,2,1,0,0,7,1,1
39,1,2,5,1,16,3,2,12,1,2,1,1,0,0,3,1,1
30,1,2,5,1,13,9,1,13,1,2,3,1,0,0,6,1,0
61,1,1,2,1,16,1,2,12,2,1,4,1,0,0,4,0,1
28,2,1,5,1,10,10,1,12,2,1,5,1,0,0,12,0,1
21,1,1,5,1,13,3,1,12,2,2,3,1,0,0,17,0,0
20,1,2,4,1,16,7,1,12,2,1,4,1,0,0,20,0,1
48,1,2,4,1,16,3,1,12,1,1,3,1,0,0,17,0,1
28,1,2,4,1,13,9,2,12,2,1,5,1,0,0,11,0,1
41,2,2,4,1,1,4,2,13,2,1,1,1,0,0,22,1,1
41,1,2,4,1,13,1,2,13,2,1,5,1,0,0,12,0,1
27,1,2,4,1,13,3,2,13,2,1,1,1,0,0,24,0,1
54,1,1,4,1,13,12,1,13,2,1,2,1,0,0,32,0,1
27,1,1,7,1,16,4,1,12,2,1,3,1,0,0,6,0,1
41,1,1,4,1,16,5,1,13,2,1,5,1,0,0,12,0,1
33,2,2,4,1,11,9,2,13,2,1,0,1,0,0,19,0,1
31,1,1,4,1,1,4,1,12,2,1,1,1,0,0,26,0,1
27,1,1,5,1,13,8,1,12,1,1,0,1,0,0,10,0,1
48,1,2,2,1,16,9,2,13,2,1,0,1,0,0,13,0,1
50,1,1,5,1,10,12,1,12,2,1,5,1,0,0,11,0,1
34,2,1,5,1,16,7,1,12,2,1,4,1,0,0,3,0,1
33,1,2,4,1,1,1,2,13,2,1,0,1,0,0,18,0,1
41,1,2,4,1,13,4,1,13,2,2,4,1,0,0,16,0,1
49,1,2,4,1,13,12,1,12,2,1,3,1,0,0,29,0,1
30,1,1,5,1,13,12,1,12,2,1,0,1,0,0,17,0,1
60,1,1,5,1,13,12,1,13,2,1,2,1,0,0,17,0,1
39,1,2,4,1,16,4,1,13,2,1,5,1,0,0,2,0,1
30,2,2,4,1,16,10,1,13,2,1,4,1,0,0,5,0,1
47,1,1,5,1,13,12,1,13,2,1,2,1,0,0,14,0,1
58,1,2,5,1,13,1,1,13,1,1,0,1,0,0,9,0,1
32,1,1,4,1,4,12,2,12,2,1,6,1,0,0,3,0,1
34,1,1,5,1,13,12,1,13,2,1,3,1,0,0,19,0,1
47,1,2,4,1,16,3,2,12,2,1,1,1,0,0,9,0,1
54,1,1,5,1,16,7,2,13,2,1,2,1,0,0,10,0,1
51,1,1,4,1,16,5,1,12,2,1,2,1,0,0,14,0,1
34,1,1,5,1,13,7,1,13,2,1,5,1,0,0,12,0,1
23,1,2,4,1,0,10,1,12,1,1,3,1,0,0,12,1,0
29,1,1,6,1,13,10,1,12,2,1,1,1,0,0,25,0,1
42,1,2,4,1,13,11,1,12,2,1,3,1,0,0,23,0,1
51,1,2,4,1,9,10,2,13,2,1,4,1,0,0,6,0,1
48,1,2,4,1,16,10,1,12,2,1,3,1,0,0,25,0,1
37,1,1,5,1,11,10,1,12,2,1,2,1,0,0,10,0,1
37,1,2,4,1,13,4,1,13,2,1,5,1,0,0,16,0,1
38,1,2,4,1,13,8,1,13,2,1,1,1,0,0,17,0,1
44,1,2,5,1,13,9,1,13,2,1,1,1,0,0,32,0,1
45,2,1,5,1,16,1,1,13,2,1,4,1,0,0,4,0,1
52,2,1,4,1,17,7,1,12,2,1,3,1,0,0,19,0,1
31,1,2,4,1,14,9,1,13,2,1,7,1,0,0,19,0,1
40,1,1,5,1,1,2,2,13,2,1,1,1,0,0,12,0,1
49,1,2,4,1,13,1,2,12,2,1,2,1,0,0,15,0,1
38,2,2,4,1,4,5,1,12,2,1,4,1,0,0,17,0,1
64,1,1,4,1,16,12,2,12,2,1,3,1,0,0,2,0,1
34,1,1,4,1,13,7,1,13,2,1,5,1,0,0,27,0,1
36,1,2,4,1,13,12,2,13,2,1,2,1,0,0,24,0,1
31,1,2,4,1,4,12,1,13,2,1,2,1,0,0,22,0,1
38,1,1,5,1,13,12,1,12,2,1,2,1,0,0,24,0,1
33,1,1,5,1,13,9,1,13,2,1,4,1,0,0,13,0,1
53,1,2,5,1,7,11,1,0,1,1,2,1,0,0,15,0,0
59,2,1,5,1,13,5,1,0,1,1,4,1,0,0,10,0,1
43,2,2,4,1,10,8,1,12,1,1,3,1,0,0,4,0,1
48,1,1,4,1,16,5,2,10,2,1,2,1,0,0,5,0,1
45,1,2,4,1,10,9,2,13,1,1,3,1,0,0,7,0,1
45,1,1,5,1,13,8,1,12,1,1,1,1,0,0,7,0,1
43,1,2,5,1,14,8,2,12,1,1,0,1,0,0,10,0,1
53,1,1,5,1,10,10,1,12,1,1,3,1,0,0,9,0,1
48,2,2,4,1,10,11,2,13,1,1,4,1,0,0,4,0,1
43,1,2,4,1,14,11,1,9,1,1,1,1,0,0,3,0,1
62,2,1,5,1,7,2,2,10,1,1,0,1,0,0,11,0,1
40,1,1,5,1,0,1,2,8,2,2,3,1,0,0,7,1,0
34,1,1,5,1,16,7,2,3,1,1,1,1,0,0,2,0,1
47,2,1,5,1,13,5,1,11,2,1,1,1,0,0,19,1,1
61,1,2,5,1,12,9,1,10,1,1,0,1,0,0,2,0,1
39,1,2,4,1,10,3,1,12,2,1,3,1,0,0,0,0,1
23,1,1,5,1,1,9,1,13,2,3,2,1,0,0,12,1,1
32,1,2,4,1,13,6,1,12,2,1,1,1,0,0,11,0,1
24,1,2,4,1,13,8,1,12,2,1,2,1,0,0,9,0,1
20,1,2,4,1,0,4,1,13,2,2,1,1,0,0,5,1,0
59,1,1,4,1,13,7,2,13,1,1,3,1,0,0,4,0,1
54,1,2,6,1,9,11,2,13,1,1,0,1,0,0,0,0,1
46,1,2,4,1,14,1,2,13,1,1,3,1,0,0,0,0,1
44,1,2,4,1,10,11,1,12,2,1,1,1,0,0,9,0,1
46,2,1,5,1,13,2,1,13,1,1,4,1,0,0,11,1,1
38,1,1,5,1,1,6,1,12,2,1,2,1,0,0,3,0,1
42,1,2,4,1,13,3,1,12,2,1,1,1,0,0,5,0,1
51,1,2,5,1,13,8,1,10,1,1,2,1,0,0,9,0,1
27,1,2,4,1,13,9,1,13,2,1,2,1,0,0,12,0,1
33,1,2,4,1,10,7,1,12,1,1,0,1,0,0,1,1,0
37,1,1,4,1,13,10,1,12,2,1,4,1,0,0,4,0,1
33,1,1,5,1,13,9,1,13,1,1,1,1,0,0,2,0,1
32,1,2,4,1,13,7,1,12,2,1,5,1,0,0,0,0,1
47,1,2,4,1,10,3,2,10,2,1,0,1,0,0,2,0,1
32,1,2,6,1,13,11,1,12,2,1,1,1,0,0,12,0,1
46,1,1,5,1,16,6,2,9,2,1,2,1,0,0,6,0,1
60,2,2,4,1,10,8,1,12,2,1,2,1,0,0,11,0,1
42,1,1,5,1,13,7,1,12,1,1,1,1,0,0,4,0,1
46,2,1,5,1,10,5,2,13,1,1,2,1,0,0,1,0,1
63,2,1,5,1,10,3,1,12,2,1,3,1,0,0,17,0,1
37,1,2,4,1,13,8,1,13,1,1,1,1,0,0,7,0,1
39,1,2,5,1,13,2,1,13,2,1,0,1,0,0,12,0,1
29,1,2,4,1,13,6,1,12,1,1,1,1,0,0,1,0,1
44,1,1,5,1,13,7,1,3,1,2,2,1,0,0,5,0,1
30,1,2,4,1,0,4,1,12,2,1,4,1,0,0,1,0,0
41,1,1,5,1,16,7,1,12,1,2,2,1,0,0,4,0,1
37,1,1,5,1,13,6,1,12,1,1,1,1,0,0,14,0,1
32,1,2,4,1,14,9,1,12,1,1,0,1,0,0,3,0,1
33,1,2,4,1,13,7,1,12,2,1,6,1,0,0,4,0,1
25,2,2,4,1,13,7,1,13,1,1,0,1,0,0,8,0,1
53,2,1,4,1,10,7,1,10,1,1,3,1,0,0,8,0,1
37,2,1,5,1,13,3,1,12,1,1,1,1,0,0,9,0,1
45,1,2,4,1,12,7,1,12,2,2,4,1,0,0,3,1,1
58,1,1,5,1,10,5,1,12,1,1,2,1,0,0,12,0,1
42,1,2,4,1,14,4,2,13,1,1,1,1,0,0,0,0,1
28,1,2,4,1,13,4,1,13,1,1,3,1,0,0,3,0,1
45,1,1,5,1,13,9,1,13,1,1,2,1,0,0,3,0,1
34,1,2,4,1,13,9,1,12,2,1,3,1,0,0,6,0,1
47,1,1,2,1,1,2,2,12,2,1,4,1,0,0,0,0,1
26,1,2,4,1,13,7,1,12,2,1,1,1,0,0,9,0,1
20,1,2,4,1,11,3,1,12,2,1,2,1,0,0,12,0,1
29,1,2,4,1,13,10,1,12,1,1,3,1,0,0,8,0,1
48,2,1,5,1,13,8,2,13,2,1,4,1,0,0,2,0,1
37,1,2,4,1,11,9,2,12,2,1,1,1,0,0,11,0,1
43,1,1,5,1,13,7,2,13,2,2,1,1,0,0,10,0,1
25,1,1,6,1,16,10,2,13,1,1,0,1,0,0,4,0,1
38,1,2,4,1,11,9,1,13,2,1,4,1,0,0,11,0,1
39,1,2,4,1,1,12,1,12,2,1,1,1,0,0,6,1,1
52,1,2,4,1,16,3,2,12,2,1,6,1,0,0,2,0,1
39,1,2,4,1,13,9,1,12,2,1,5,1,0,0,7,0,1
38,2,1,5,1,0,2,1,13,2,1,3,1,0,0,14,0,0
40,1,1,5,1,16,2,2,13,2,1,0,1,0,0,1,0,1
26,1,2,4,1,11,7,1,13,2,1,2,1,0,0,6,0,1
44,1,1,5,1,13,9,1,13,2,1,1,1,0,0,15,0,1
30,1,2,5,1,13,12,1,13,2,1,0,1,0,0,7,0,1
40,2,1,5,1,13,4,2,13,1,1,6,1,0,0,0,0,1
50,1,1,5,1,1,7,2,2,2,1,2,1,0,0,11,0,0
40,1,2,4,1,0,1,2,12,2,1,3,1,0,0,3,0,1
39,1,1,5,1,16,3,1,13,2,1,1,1,0,0,12,0,1
43,2,1,5,1,13,7,1,13,2,2,4,1,0,0,7,1,0
31,1,2,4,1,11,2,1,12,2,1,1,1,0,0,14,0,1
33,1,2,4,1,13,3,1,12,2,1,2,1,0,0,6,0,1
46,2,1,5,1,13,2,1,12,2,1,4,1,0,0,6,0,1
31,1,1,4,1,1,10,2,12,1,1,5,1,0,0,6,0,1
43,1,1,5,1,1,7,2,13,2,1,1,1,0,0,6,0,0
44,1,2,4,1,0,4,2,13,1,1,1,1,0,0,6,1,0
34,1,2,4,1,11,1,2,13,2,1,0,1,0,0,6,0,1
44,1,2,5,1,10,3,1,12,2,1,3,1,0,0,12,0,1
29,1,2,6,1,0,10,2,12,2,1,1,1,0,0,6,1,0
59,1,1,5,1,6,3,1,13,2,1,5,1,0,0,15,1,1
47,1,1,5,1,16,3,2,12,2,1,2,1,0,0,2,0,1
54,1,1,5,1,14,10,2,13,2,1,4,1,0,0,1,0,1
39,1,1,5,1,11,8,1,13,2,1,3,1,0,0,2,0,1
52,1,1,5,1,16,3,1,12,2,1,3,1,0,0,15,0,1
26,1,2,4,1,13,7,1,12,2,1,0,1,0,0,13,0,1
39,1,1,4,1,2,2,2,12,2,1,4,1,0,0,6,1,1
56,1,1,5,1,13,3,1,12,2,1,4,1,0,0,9,0,1
45,2,1,5,1,11,6,2,13,2,1,1,1,0,0,1,0,1
26,1,2,4,1,13,4,1,13,2,1,0,1,0,0,18,1,1
22,1,2,4,1,13,1,2,13,2,1,1,1,0,0,6,0,1
37,1,2,4,1,0,4,2,12,2,1,3,1,0,0,9,0,1
36,1,2,4,1,11,3,2,12,2,1,1,1,0,0,11,0,1
48,1,1,1,1,16,2,2,13,2,1,1,1,0,0,6,0,1
33,1,2,4,1,16,3,1,12,2,1,3,1,0,0,13,0,1
21,1,1,7,1,1,9,1,13,2,1,0,1,0,0,2,0,1
40,2,1,5,1,13,9,1,13,2,1,2,1,0,0,17,0,1
32,1,1,5,1,13,6,1,12,2,1,1,1,0,0,2,0,1
26,1,2,4,1,11,9,2,12,2,1,1,1,0,0,12,0,1
41,1,2,4,1,13,9,1,13,2,1,3,1,0,0,11,0,1
29,1,1,5,1,13,7,2,13,2,1,1,1,0,0,2,0,1
33,1,2,4,1,0,2,1,9,2,1,2,1,0,0,5,1,0
55,1,1,5,1,10,12,1,13,1,1,7,1,0,0,10,0,1
48,1,1,5,1,1,9,2,12,2,1,2,1,0,0,15,0,1
33,1,1,5,1,16,3,2,13,2,1,3,1,0,0,16,0,1
35,1,1,5,1,13,7,1,12,2,1,6,1,0,0,1,0,1
21,1,2,4,1,16,3,2,12,2,1,1,1,0,0,1,0,1
24,1,2,4,1,13,4,2,13,2,1,2,1,0,0,4,0,1
44,1,2,4,1,11,4,2,13,2,1,5,1,0,0,1,0,1
34,1,1,5,1,16,7,2,12,2,1,2,1,0,0,5,0,1
27,1,2,4,1,13,7,2,13,2,1,1,1,0,0,4,0,1
53,1,2,4,1,11,10,1,13,2,1,3,1,0,0,5,0,1
30,1,2,4,1,1,12,1,12,2,1,0,1,0,0,2,0,1
40,1,1,5,1,16,10,2,12,2,1,3,1,0,0,16,0,1
27,1,2,4,1,0,11,2,13,2,1,2,1,0,0,5,0,1
52,2,1,5,1,13,10,2,13,2,1,4,1,0,0,3,0,1
41,1,2,4,1,16,3,1,13,2,1,1,1,0,0,14,0,1
34,1,2,4,1,13,3,1,12,2,1,4,1,0,0,5,0,1
39,2,2,4,1,0,2,1,13,2,2,1,1,0,0,4,1,0
41,2,1,5,1,16,3,2,13,2,1,1,1,0,0,14,1,1
35,1,1,5,1,10,9,1,13,2,1,4,1,0,0,6,0,1
35,1,1,5,1,11,3,2,13,1,1,1,1,0,0,0,0,1
54,1,1,5,1,13,6,1,13,2,1,1,1,0,0,12,1,0
40,1,1,5,1,0,9,1,12,2,1,4,1,0,0,7,0,1
33,1,2,4,1,16,7,2,13,2,1,3,1,0,0,0,0,1
22,1,2,4,1,13,2,1,12,2,1,0,1,0,0,15,0,1
34,1,1,4,1,10,3,2,12,1,1,4,1,0,0,2,0,1
33,1,1,5,1,0,4,1,12,2,2,2,1,0,0,6,1,0
27,2,1,5,1,17,6,2,13,2,1,0,1,0,0,14,0,1
41,2,1,5,1,16,7,1,12,2,1,0,1,0,0,8,0,1
47,1,1,5,1,16,11,2,13,2,1,4,1,0,0,11,0,1
52,1,1,5,1,4,4,2,12,2,1,4,1,0,0,7,0,1
53,1,1,5,1,11,12,2,13,2,1,0,1,0,0,8,0,1
47,1,1,5,1,16,4,2,13,2,1,7,1,0,0,11,0,1
35,2,1,5,1,13,10,1,13,1,1,2,1,0,0,9,0,1
40,2,1,5,1,16,2,2,13,2,1,1,1,0,0,11,0,1
30,1,1,5,1,16,4,2,13,2,1,1,1,0,0,20,0,1
41,1,1,5,1,20,5,1,13,2,1,2,1,0,0,3,0,1
27,1,1,4,1,13,10,1,12,2,1,4,1,0,0,3,0,1
57,2,2,5,1,1,2,1,9,2,1,1,1,0,0,15,0,1
32,1,2,4,1,1,1,2,12,2,1,2,1,0,0,7,0,1
46,1,1,5,1,16,4,2,0,1,1,0,1,0,0,8,0,0
42,1,2,4,1,11,9,2,13,2,1,1,1,0,0,9,0,1
58,1,1,5,1,1,12,1,12,2,1,1,1,0,0,21,1,0
46,1,2,4,1,13,3,1,13,2,1,0,1,0,0,13,0,1
39,1,2,4,1,0,6,1,12,2,1,4,1,0,0,5,0,1
53,1,2,5,1,13,3,1,12,2,1,1,1,0,0,14,0,1
33,1,1,5,1,13,6,2,12,2,1,0,1,0,0,15,0,1
25,1,2,4,1,14,10,1,13,1,1,3,1,0,0,9,0,1
62,1,2,5,1,1,8,1,12,2,1,1,1,0,0,20,0,1
42,1,1,5,1,16,10,2,12,2,1,3,1,0,0,11,0,1
39,1,2,4,1,14,7,1,12,2,1,2,1,0,0,6,0,1
43,2,1,5,1,0,10,1,13,2,1,3,1,0,0,10,0,1
45,2,1,5,1,4,2,2,13,2,1,0,1,0,0,12,0,1
27,1,2,4,1,13,3,2,12,2,1,0,1,0,0,5,0,1
30,1,1,6,1,0,2,2,13,2,1,2,1,0,0,15,1,0
24,1,1,7,1,13,3,1,13,2,1,0,1,0,0,2,0,1
22,1,2,4,1,13,9,1,12,2,1,3,1,0,0,8,0,1
59,1,1,5,1,13,4,1,13,2,1,3,1,0,0,9,0,0
40,1,1,4,1,13,7,2,12,2,1,3,1,0,0,19,0,1
45,1,2,4,1,13,7,1,12,2,1,0,1,0,0,14,0,1
52,1,2,4,1,1,9,1,12,2,1,2,1,0,0,16,0,1
44,1,1,5,1,16,4,1,13,2,1,2,1,0,0,7,0,1
50,1,1,5,1,0,9,1,13,2,1,2,1,0,0,17,1,0
23,1,2,4,1,11,5,1,12,2,1,2,1,0,0,7,0,1
53,1,1,5,1,13,4,1,13,2,1,3,1,0,0,21,0,1
39,1,2,4,1,4,4,2,13,2,1,2,1,0,0,10,0,1
31,1,1,5,1,16,3,2,13,2,1,1,1,0,0,4,0,1
44,1,2,4,1,13,3,2,12,1,1,2,1,0,0,9,0,1
31,2,1,5,1,0,10,1,12,1,1,2,1,0,0,3,0,0
30,1,2,4,1,0,4,1,13,2,1,1,1,0,0,17,2,0
33,1,2,4,1,13,7,1,12,2,1,5,1,0,0,10,0,1
50,1,1,5,1,14,11,2,12,2,1,1,1,0,0,10,0,1
34,1,2,4,1,13,6,2,13,2,1,3,1,0,0,14,0,1
39,1,2,4,1,16,7,2,12,2,1,3,1,0,0,5,0,1
49,1,2,6,1,1,4,1,13,1,1,2,1,0,0,5,0,1
34,1,2,4,1,13,6,1,12,1,1,2,1,0,0,0,0,1
35,2,1,6,1,16,2,1,13,1,1,3,1,0,0,2,0,1
36,1,2,4,1,13,5,1,7,2,1,6,1,0,0,9,0,1
26,1,1,7,1,14,9,1,12,2,1,2,1,0,0,10,0,1
36,1,1,7,1,14,1,2,10,2,1,4,1,0,0,21,2,0
48,1,2,5,1,16,10,1,13,2,1,0,1,0,0,21,0,1
29,1,1,4,1,10,9,2,12,2,1,0,1,0,0,9,0,1
34,1,2,5,1,13,11,1,13,1,1,0,1,0,0,6,0,1
34,1,2,4,1,11,1,2,7,3,1,6,1,0,0,15,1,0
32,1,2,6,1,0,7,2,12,2,1,1,1,0,0,8,0,1
55,1,2,4,1,13,11,2,13,2,1,1,1,0,0,8,0,1
21,1,2,6,1,13,7,1,13,2,1,0,1,0,0,11,0,1
39,1,2,4,1,19,12,2,7,2,1,3,1,0,0,6,0,1
40,1,2,4,1,4,1,2,12,2,1,3,1,0,0,6,0,1
43,1,1,5,1,13,9,2,13,1,1,1,1,0,0,3,0,1
28,2,1,5,1,13,4,1,13,1,1,4,1,0,0,1,0,1
53,1,2,5,1,13,11,1,13,2,1,1,1,0,0,2,0,1
30,1,1,4,1,10,12,2,13,2,1,4,1,0,0,11,0,1
24,1,2,4,1,13,5,1,13,2,1,0,1,0,0,7,0,1
53,1,2,5,1,10,9,1,13,2,1,4,1,0,0,25,1,0
39,2,2,6,1,13,7,2,13,2,1,3,1,0,0,23,0,1
37,2,1,7,1,13,7,2,12,2,1,3,1,0,0,9,0,1
44,1,1,5,1,4,9,2,13,2,1,2,1,0,0,12,2,1
23,1,1,6,1,0,11,1,12,2,2,5,1,0,0,19,1,0
51,1,2,4,1,13,7,1,7,1,1,4,1,0,0,11,0,1
40,1,2,4,1,19,4,2,10,2,2,5,1,0,0,14,2,1
51,1,2,4,1,14,9,1,7,2,1,3,1,0,0,4,0,1
43,2,1,7,1,16,11,2,12,2,1,5,1,0,0,24,0,1
49,1,2,4,1,13,7,2,12,1,1,3,1,0,0,1,0,1
36,1,2,4,1,13,7,1,13,1,1,1,1,0,0,7,0,1
42,1,1,5,1,13,9,2,13,2,1,2,1,0,0,12,0,1
24,1,2,4,1,13,1,1,12,2,2,2,1,0,0,24,0,1
39,1,2,4,1,19,9,2,13,2,2,1,1,0,0,23,1,0
60,1,1,5,1,16,3,2,7,2,1,5,1,0,0,7,0,1
44,1,2,4,1,13,9,1,13,1,1,0,1,0,0,0,0,1
34,1,1,6,1,0,9,1,13,2,1,2,1,0,0,21,3,0
43,1,1,5,1,13,9,2,13,2,1,2,1,0,0,12,0,1
29,1,2,4,1,13,7,1,13,1,1,0,1,0,0,11,0,1
45,2,2,4,2,20,11,2,14,3,2,6,1,0,0,28,2,0
40,2,1,5,1,16,7,1,13,2,1,5,1,0,0,2,0,1
26,2,1,7,1,14,2,2,4,2,2,4,1,0,0,14,2,0
45,1,1,5,1,13,11,1,13,1,1,4,1,0,0,2,0,1
21,1,2,4,1,13,9,2,12,1,1,2,1,0,0,0,0,1
45,1,2,4,1,4,4,1,13,3,1,4,1,0,0,14,2,0
52,2,1,6,1,20,9,2,13,2,1,3,1,0,0,33,0,1
30,2,1,7,1,10,2,1,13,2,2,2,1,0,0,9,1,1
41,2,1,7,1,4,4,2,4,3,2,5,1,0,0,24,1,1
48,1,1,7,1,16,4,2,12,2,2,4,1,0,0,14,0,1
38,2,1,7,1,16,5,2,7,2,1,3,1,0,0,6,0,1
41,2,2,4,1,13,11,2,12,1,1,3,1,0,0,4,0,1
53,1,2,4,1,13,11,2,4,2,1,4,1,0,0,20,0,1
27,2,2,6,1,4,5,2,6,2,1,0,1,0,0,7,0,1
52,2,1,5,1,4,4,1,4,2,1,4,1,0,0,23,0,1
42,1,2,5,1,13,10,1,13,1,1,0,1,0,0,9,0,1
43,2,1,7,1,20,7,1,12,2,2,3,1,0,0,26,2,1
27,1,2,7,1,13,5,2,13,2,1,2,1,0,0,7,0,1
31,1,1,6,1,10,10,2,12,2,1,4,1,0,0,15,0,1
29,2,1,7,1,13,9,1,11,2,2,3,1,0,0,22,0,1
35,1,2,4,1,16,1,2,12,2,1,4,1,0,0,18,1,0
34,1,2,4,1,0,10,2,10,2,1,1,1,0,0,1,0,1
33,1,2,4,1,10,12,1,12,1,1,2,1,0,0,0,0,1
29,1,2,6,1,4,5,2,13,2,1,0,1,0,0,7,1,1
35,1,2,4,1,13,7,1,12,1,1,3,1,0,0,3,0,1
33,1,2,4,1,11,11,1,13,2,1,3,1,0,0,15,1,0
47,1,2,4,1,13,11,1,13,1,1,6,1,0,0,5,0,1
37,2,1,7,1,4,4,2,13,2,1,7,1,0,0,20,0,1
42,1,1,5,1,14,11,1,13,1,1,3,1,0,0,2,0,1
29,1,2,4,1,10,6,2,10,2,1,1,1,0,0,4,0,1
34,2,1,7,1,16,6,1,11,2,2,0,1,0,0,5,0,1
41,1,1,5,1,13,9,1,12,1,1,4,1,0,0,2,0,1
42,1,2,6,1,4,5,2,7,2,1,2,1,0,0,13,1,0
50,1,1,5,1,10,11,1,9,1,1,4,1,0,0,4,0,1
30,1,2,4,1,12,1,1,12,2,1,1,1,0,0,20,0,1
42,1,2,4,1,4,5,2,14,2,1,2,1,0,0,27,0,1
42,1,1,5,1,13,7,2,13,2,1,0,1,0,0,1,0,1
37,2,1,5,1,13,5,2,14,2,1,1,1,0,0,15,0,1
36,1,2,4,1,1,1,1,13,2,1,0,1,0,0,13,0,1
36,2,1,7,1,10,2,2,11,3,2,2,1,0,0,28,2,1
44,1,2,4,1,13,4,1,13,2,1,3,1,0,0,4,0,1
34,1,2,4,2,13,5,1,13,3,2,1,1,0,0,23,1,0
51,1,1,5,1,16,10,2,12,2,1,3,1,0,0,9,0,1
33,1,1,6,1,0,4,1,13,2,2,5,0,0,0,21,1,0
46,2,1,7,1,20,7,1,12,2,1,6,1,0,0,14,0,1
39,1,2,4,1,13,4,1,13,2,1,4,1,0,0,2,0,1
31,1,2,4,1,13,9,1,13,2,1,4,1,0,0,5,0,1
37,1,1,6,1,16,5,2,12,1,1,1,1,0,0,5,0,1
34,2,2,6,1,13,5,1,13,2,1,3,1,0,0,4,0,1
40,2,1,5,1,13,1,1,4,2,1,4,1,0,0,19,0,1
39,2,1,5,1,20,9,1,12,2,1,5,1,0,0,25,2,0
49,1,1,6,1,16,4,2,0,2,1,2,1,0,0,15,0,0
37,2,2,4,1,20,7,2,12,2,2,5,1,0,0,5,1,1
48,2,2,4,1,14,11,1,12,2,1,1,1,0,0,6,0,1
43,1,2,6,1,13,11,1,13,2,1,1,1,0,0,8,0,1
28,1,2,4,1,13,7,2,12,2,1,3,1,0,0,0,0,1
64,1,2,6,1,20,4,2,13,2,1,1,1,0,0,0,0,1
32,1,2,4,1,0,5,2,12,2,1,5,1,0,0,4,2,0
55,1,2,1,1,16,4,2,10,2,1,2,1,0,0,13,0,1
38,1,1,7,1,20,1,2,12,3,2,7,1,0,0,17,2,0
36,1,1,5,1,10,2,1,0,2,1,1,1,0,0,20,2,0
34,1,2,6,1,19,1,2,2,3,1,1,0,0,0,14,1,0
20,1,2,6,1,16,5,2,5,2,2,1,1,0,0,10,1,0
36,1,2,4,1,13,7,1,12,2,1,2,1,0,0,6,0,1
53,2,1,6,1,10,5,2,4,2,1,6,1,0,0,19,2,1
23,1,2,4,1,13,9,1,13,2,1,1,1,0,0,4,0,1
43,2,1,5,1,16,4,1,4,2,2,6,1,0,0,15,0,1
34,2,1,7,1,13,9,2,12,2,2,6,1,0,0,14,0,1
45,2,1,6,1,20,12,2,13,2,1,1,1,0,0,1,0,1
41,2,2,4,1,4,3,2,13,2,1,1,1,0,0,19,0,1
45,1,2,6,1,20,4,1,12,2,1,3,1,0,0,12,0,1
26,1,2,4,1,13,5,2,12,2,1,1,1,0,0,4,0,1
37,2,1,6,1,20,2,2,11,2,2,2,1,0,0,16,1,0
51,1,1,6,1,16,1,2,0,2,1,1,1,0,0,22,0,1
36,1,1,5,1,13,9,1,13,2,1,0,1,0,0,12,0,1
35,1,2,4,1,1,9,1,12,1,1,2,1,0,0,1,0,1
28,1,2,6,1,10,6,2,12,1,1,0,1,0,0,9,0,1
31,1,2,4,1,13,5,1,13,2,1,2,1,0,0,18,0,1
44,1,2,4,1,13,5,1,13,2,1,2,1,0,0,7,0,1
54,1,1,4,1,20,4,1,10,2,2,5,1,0,0,32,1,0
28,1,2,4,1,12,1,1,12,2,1,4,1,0,0,10,0,1
57,1,2,4,1,19,11,2,10,3,1,5,1,0,0,6,2,0
38,1,1,5,1,13,6,1,12,2,1,0,1,0,0,0,0,1
28,1,2,4,1,13,9,1,13,2,1,0,1,0,0,2,0,1
56,1,2,4,1,13,8,2,13,2,1,1,1,0,0,14,0,1
36,1,2,4,1,13,12,1,13,2,1,1,1,0,0,0,0,1
41,2,1,5,1,10,3,1,12,2,1,1,1,0,0,17,0,1
37,1,2,4,1,13,6,1,13,2,1,3,1,0,0,3,0,1
43,1,2,4,1,10,12,1,12,2,1,4,1,0,0,12,0,1
35,1,2,1,1,13,1,2,13,1,1,4,1,0,0,14,0,1
47,1,2,5,1,16,8,2,12,1,1,0,1,0,0,8,0,1
35,1,2,4,1,1,12,2,12,3,1,2,1,0,0,4,0,1
55,1,2,5,1,13,4,2,12,1,1,2,1,0,0,14,0,1
34,1,1,7,1,16,4,1,13,1,1,2,1,0,0,29,0,1
36,1,2,5,1,13,12,1,13,3,1,1,1,0,0,4,0,1
41,2,2,4,1,4,5,1,13,1,1,3,1,0,0,8,0,1
43,1,2,5,1,13,7,2,13,2,1,0,1,0,0,25,0,1
48,1,2,4,1,13,7,1,13,2,1,2,1,0,0,7,0,1
44,1,2,4,1,10,9,1,9,2,1,0,1,0,0,5,0,1
46,1,2,5,1,4,3,1,13,1,1,3,1,0,0,15,0,1
29,1,1,5,1,16,5,1,12,1,2,1,1,0,0,2,0,1
24,1,2,4,1,13,9,1,13,2,1,1,1,0,0,7,0,1
31,1,1,5,1,11,1,2,13,1,1,1,1,0,0,23,0,1
37,1,1,5,1,10,3,1,12,1,1,2,1,0,0,11,0,1
24,1,2,4,1,13,12,1,12,2,1,0,1,0,0,2,0,1
37,1,2,4,1,13,3,1,13,2,1,4,1,0,0,10,0,1
47,1,2,4,1,4,11,2,13,2,1,3,1,0,0,3,0,1
35,1,1,5,1,20,4,1,12,1,1,3,1,0,0,11,0,1
44,1,2,4,1,13,9,2,13,1,1,5,1,0,0,10,0,1
46,1,1,5,1,16,4,2,13,1,1,1,1,0,0,10,0,1
37,1,2,4,1,4,7,1,12,1,1,2,1,0,0,0,0,1
47,1,1,5,1,13,9,1,13,2,1,0,1,0,0,8,0,1
35,1,2,4,1,1,3,1,12,2,1,0,1,0,0,17,0,1
30,2,2,4,1,4,3,1,12,2,1,3,1,0,0,3,0,1
36,1,1,5,1,16,11,1,13,1,1,4,1,0,0,5,0,1
39,1,1,5,1,16,3,2,12,3,1,2,1,0,0,5,0,1
38,1,2,4,1,13,9,1,13,1,1,4,1,0,0,11,0,1
35,1,2,4,1,13,5,2,13,1,1,1,1,0,0,11,0,1
41,2,2,4,1,11,8,1,13,1,1,4,1,0,0,11,0,1
37,1,2,5,1,16,5,2,13,2,1,2,1,0,0,9,0,1
32,2,2,5,1,1,7,1,12,2,1,1,1,0,0,3,0,1
39,1,2,4,1,0,1,1,13,2,1,2,1,0,0,2,0,1
43,1,2,5,1,14,9,2,13,2,1,2,1,0,0,5,0,1
24,1,2,4,1,16,7,1,12,1,1,1,1,0,0,1,0,1
45,1,2,4,1,13,7,1,12,2,1,1,1,0,0,9,0,1
22,1,1,5,1,13,9,2,13,2,1,0,1,0,0,2,0,1
51,1,2,4,1,13,7,2,13,2,1,4,1,0,0,2,0,1
42,2,2,4,1,3,7,1,8,1,1,2,1,0,0,26,0,1
33,2,1,5,1,14,7,1,13,1,1,3,1,0,0,2,0,1
36,1,1,5,1,16,1,2,12,1,1,5,1,0,0,10,0,1
30,2,1,5,1,4,5,1,13,1,1,4,1,0,0,5,0,1
40,1,2,4,1,13,3,2,12,2,1,2,1,0,0,1,0,1
53,1,2,4,1,10,11,2,12,2,1,3,1,0,0,13,0,1
47,1,2,4,1,13,7,1,13,1,1,3,1,0,0,18,0,1
49,1,1,5,1,13,4,1,13,1,1,3,1,0,0,10,0,1
54,1,1,5,1,14,9,1,13,2,1,1,1,0,0,7,0,1
47,1,1,5,1,16,8,1,13,1,1,2,1,0,0,11,0,1
26,1,2,4,1,1,12,1,12,2,1,1,1,0,0,1,0,1
47,1,1,5,1,13,5,2,13,1,1,3,1,0,0,8,0,1
40,1,2,4,1,19,6,2,13,1,1,1,1,0,0,25,0,1
31,1,2,4,1,6,7,2,12,1,1,2,1,0,0,6,0,1
38,2,1,5,1,10,2,1,13,2,1,0,1,0,0,8,0,1
34,2,2,4,1,10,2,2,12,2,1,2,1,0,0,11,0,1
48,1,2,4,1,4,5,1,12,1,1,6,1,0,0,19,0,1
36,1,2,5,1,13,8,1,13,1,1,5,1,0,0,3,0,1
40,1,2,4,1,13,3,1,13,2,1,2,1,0,0,1,0,1
35,1,2,4,1,16,11,2,13,1,1,2,1,0,0,5,0,1
42,1,2,4,1,10,9,1,13,2,1,2,1,0,0,5,0,1
40,1,2,4,1,4,4,2,13,2,1,2,1,0,0,3,0,1
47,1,2,5,1,13,7,2,13,1,1,0,1,0,0,24,0,1
48,1,2,4,1,14,6,1,12,1,1,2,1,0,0,2,0,1
38,1,2,6,1,4,2,2,12,1,1,3,1,0,0,18,1,1
44,2,2,4,1,13,8,2,13,1,1,3,1,0,0,11,0,1
39,1,2,5,1,13,11,1,13,1,2,2,1,0,0,8,0,1
48,1,2,4,1,1,9,2,12,2,1,1,1,0,0,8,0,1
34,1,2,4,1,4,5,2,12,1,1,4,1,0,0,3,0,1
39,1,2,4,1,11,8,1,13,1,1,3,1,0,0,3,0,1
51,1,2,5,1,10,3,2,13,1,1,4,1,0,0,18,0,1
55,1,2,4,1,13,4,1,13,1,1,3,1,0,0,19,0,1
44,1,2,4,1,1,9,1,13,2,1,1,1,0,0,6,0,1
47,1,1,5,1,16,8,1,12,1,1,1,1,0,0,2,0,1
23,1,2,4,1,13,7,1,12,1,1,4,1,0,0,6,0,1
29,1,2,4,1,11,1,1,12,1,1,1,1,0,0,22,0,1
47,1,2,4,1,13,3,2,13,2,1,1,1,0,0,11,1,1
32,1,2,4,1,10,2,1,13,2,1,5,1,0,0,0,0,1
39,1,2,4,1,18,7,2,12,2,1,4,1,0,0,8,0,1
57,1,2,5,1,13,10,1,13,2,1,5,1,0,0,10,0,1
38,1,2,4,1,10,6,2,12,2,1,2,1,0,0,5,0,1
35,2,2,4,1,4,4,2,13,1,1,5,1,0,0,16,0,1
32,2,1,5,1,10,10,1,13,1,1,5,1,0,0,1,0,1
42,1,2,4,1,11,9,1,13,2,1,3,1,0,0,10,0,1
43,1,2,4,1,13,3,1,13,1,1,4,1,0,0,0,0,1
40,2,2,4,1,13,12,2,13,3,1,0,1,0,0,2,0,1
40,1,2,4,1,14,1,1,12,1,1,2,1,0,0,0,0,1
35,2,1,5,1,16,10,1,13,2,1,2,1,0,0,11,0,1
22,1,2,4,1,10,10,1,12,2,1,2,1,0,0,0,0,1
46,1,2,4,1,4,11,2,13,1,1,4,1,0,0,11,0,1
44,1,2,4,1,13,8,2,13,2,1,0,1,0,0,2,0,1
28,1,2,4,1,10,3,2,13,2,1,0,1,0,0,7,0,1
43,1,2,5,1,10,5,1,12,1,1,4,1,0,0,6,0,1
31,1,2,4,1,10,10,1,12,2,1,4,1,0,0,10,0,1
27,1,2,4,1,4,3,1,12,2,1,3,1,0,0,8,0,1
56,1,1,5,1,10,11,2,13,1,1,4,1,0,0,23,0,1
23,1,2,4,1,11,7,1,13,1,1,7,1,0,0,10,0,1
41,2,2,1,1,4,7,1,13,1,1,5,1,0,0,13,0,1
42,1,2,4,1,1,7,1,13,2,1,3,1,0,0,13,0,1
39,2,1,4,1,1,3,2,13,2,1,1,1,0,0,0,0,1
32,1,1,5,1,10,10,1,12,2,2,2,1,0,0,1,0,1
37,1,2,4,1,16,5,2,12,1,1,4,1,0,0,3,0,1
32,2,2,5,1,14,2,1,13,1,1,3,1,0,0,13,0,1
24,1,2,1,1,11,2,1,13,1,1,4,1,0,0,18,0,1
50,1,1,5,1,14,8,1,13,2,1,1,1,0,0,5,0,1
34,1,2,4,1,13,3,2,12,2,1,2,1,0,0,10,0,1
27,1,1,5,1,16,7,2,12,2,1,3,1,0,0,5,0,1
46,1,2,5,1,11,2,2,13,1,1,3,1,0,0,22,0,1
35,1,2,4,1,13,7,1,12,1,1,3,1,0,0,10,0,1
52,1,2,4,1,14,4,2,12,1,1,4,1,0,0,23,0,1
35,1,2,4,1,10,11,2,12,2,1,0,1,0,0,1,0,1
36,1,2,4,1,13,9,1,13,2,1,1,1,0,0,7,0,1
38,1,1,4,1,10,12,2,12,2,1,3,1,0,0,11,0,1
38,1,2,4,1,13,5,2,13,2,1,0,1,0,0,1,0,1
40,1,1,5,1,16,4,2,12,2,1,2,1,0,0,6,0,1
43,2,2,4,1,16,4,2,13,2,1,4,1,0,0,6,0,1
35,1,2,4,1,4,4,2,12,1,1,2,1,0,0,19,0,1
32,1,2,5,1,13,5,1,12,2,1,5,1,0,0,3,0,1
29,2,2,5,1,13,11,2,13,1,1,3,1,0,0,14,0,1
47,1,2,4,1,13,9,2,13,1,1,2,1,0,0,9,0,1
28,1,2,4,1,13,3,2,12,2,1,1,1,0,0,3,0,1
41,1,2,5,1,16,1,1,12,1,1,5,1,0,0,14,0,1
36,1,1,1,1,16,2,1,13,1,2,3,1,0,0,4,0,1
32,1,1,5,1,16,5,1,12,2,1,4,1,0,0,7,0,1
37,2,1,5,1,10,5,2,12,2,1,4,1,0,0,2,0,1
43,1,2,5,1,18,8,1,13,2,1,0,1,0,0,6,0,1
50,1,2,4,1,3,3,1,13,2,1,0,1,0,0,12,0,1
29,2,2,4,1,16,7,2,13,2,1,3,1,0,0,7,0,1
35,1,2,4,1,13,4,1,13,2,1,6,1,0,0,5,0,1
43,2,1,5,1,16,4,1,7,1,1,2,1,0,0,16,0,1
30,1,2,4,1,13,3,1,13,1,1,2,1,0,0,10,1,1
42,1,1,5,1,16,4,2,13,2,1,1,1,0,0,15,0,1
45,1,2,4,1,13,5,1,13,1,1,5,1,0,0,2,0,1
42,2,1,5,1,13,10,1,13,2,1,3,1,0,0,3,0,1
38,1,1,5,1,16,10,1,12,2,1,2,1,0,0,7,0,1
36,2,2,4,1,14,11,1,13,1,1,2,1,0,0,8,0,1
36,1,2,4,1,16,10,2,8,2,1,3,1,0,0,19,0,1
40,1,2,4,1,13,9,1,12,2,1,1,1,0,0,15,0,1
49,1,2,4,1,4,6,2,13,1,1,1,1,0,0,15,0,1
42,2,1,5,1,16,10,2,13,2,1,2,1,0,0,7,0,1
37,2,1,5,1,14,7,1,13,1,1,2,1,0,0,14,0,1
47,1,2,4,1,13,3,1,13,2,1,2,1,0,0,14,0,1
39,2,2,4,1,1,5,2,13,2,1,1,1,0,0,16,0,1
42,1,2,4,1,13,3,2,13,2,1,0,1,0,0,11,0,1
47,2,1,5,1,4,12,2,12,2,1,2,1,0,0,24,0,1
36,1,1,5,1,16,9,1,13,2,1,3,1,0,0,3,0,1
43,1,2,4,1,13,3,2,12,1,1,1,1,0,0,17,0,1
37,2,2,1,1,11,2,2,13,1,1,3,1,0,0,23,0,1
44,1,1,5,1,14,8,1,13,1,1,1,1,0,0,7,0,1
33,2,1,5,1,13,7,1,12,1,1,3,1,0,0,8,0,1
34,2,2,4,1,10,10,1,12,2,1,3,1,0,0,11,0,1
40,2,2,4,1,4,12,1,12,2,1,4,1,0,0,0,0,1
35,1,2,6,1,14,9,1,13,1,1,2,1,0,0,1,0,1
53,1,2,5,1,10,10,2,8,2,1,3,1,0,0,5,0,1
45,1,1,5,1,13,10,2,12,2,1,2,1,0,0,0,0,1
53,1,2,4,1,16,8,2,1,2,1,0,1,0,0,4,0,1
40,1,2,4,1,13,9,2,12,1,1,0,1,0,0,2,0,1
41,1,2,4,1,13,9,2,13,2,1,0,1,0,0,5,0,1
42,1,2,4,1,13,8,2,0,1,1,3,1,0,0,18,0,1
28,1,2,4,1,13,4,1,13,1,1,4,1,0,0,5,0,1
28,1,2,4,1,4,3,2,12,2,1,4,1,0,0,0,0,1
24,2,2,4,1,11,10,2,13,1,1,2,1,0,0,6,0,1
37,2,1,6,1,16,4,1,7,1,1,3,1,0,0,6,0,1
43,1,2,4,1,13,7,1,12,2,1,2,1,0,0,6,0,1
43,1,2,7,1,14,4,2,13,1,1,2,1,0,0,3,0,1
36,1,2,4,1,13,3,2,12,1,1,4,1,0,0,12,0,1
35,1,1,4,1,13,4,2,12,1,1,2,1,0,0,6,0,1
39,1,2,4,1,13,12,2,12,1,1,7,1,0,0,11,0,1
32,1,2,4,1,13,4,2,13,1,1,3,1,0,0,14,0,1
33,1,2,4,1,13,12,2,13,1,1,6,1,0,0,2,1,1
46,1,2,4,1,13,4,2,13,1,1,2,1,0,0,6,0,1
49,1,1,5,1,16,7,2,12,1,1,1,1,0,0,1,0,1
44,1,2,4,1,14,11,2,13,2,1,0,1,0,0,9,0,1
37,1,1,5,1,13,10,1,13,1,1,5,1,0,0,7,0,1
32,1,1,5,1,13,4,1,12,1,1,5,1,0,0,7,0,1
32,1,1,6,1,16,4,2,12,1,1,2,1,0,0,2,0,1
31,1,1,5,1,11,2,1,12,2,1,2,1,0,0,2,0,1
47,1,2,4,1,13,3,2,13,1,1,4,1,0,0,7,0,1
38,1,2,4,1,13,1,1,11,1,1,3,1,0,0,12,0,1
43,1,2,4,1,4,4,2,12,1,1,2,1,0,0,3,0,1
45,1,2,4,1,13,4,2,13,1,1,3,1,0,0,1,0,1
45,1,2,4,1,0,3,1,13,1,1,4,1,0,0,0,0,1
44,1,2,4,1,1,4,2,14,1,1,4,1,0,0,10,0,1
33,1,2,4,1,14,1,2,12,1,1,2,1,0,0,0,0,1
40,1,2,4,1,13,6,2,13,1,1,1,1,0,0,3,0,1
42,1,1,5,1,10,2,2,12,1,1,4,1,0,0,2,0,1
37,1,2,4,1,13,7,1,12,1,1,3,1,0,0,5,0,1
52,2,1,5,1,13,4,2,11,1,1,3,1,0,0,8,0,1
44,1,2,4,1,13,4,2,13,1,1,1,1,0,0,18,0,1
39,1,2,4,1,13,3,2,13,1,1,3,1,0,0,0,0,1
22,1,2,4,1,0,2,1,12,1,1,6,1,0,0,4,0,1
32,1,2,4,1,13,7,2,13,1,1,1,1,0,0,6,0,1
51,1,1,5,1,16,10,1,12,1,1,6,1,0,0,4,0,1
48,1,2,4,1,13,4,2,10,1,1,2,1,0,0,9,0,1
39,1,1,5,1,13,4,1,13,1,1,3,1,0,0,4,0,1
37,1,1,5,1,1,6,2,13,1,1,0,1,0,0,12,0,1
34,1,2,4,1,21,11,2,10,1,1,4,1,0,0,3,0,1
46,1,2,4,1,4,7,1,12,2,1,3,1,0,0,3,0,1
29,2,1,7,1,16,10,2,11,1,1,2,1,0,0,20,0,1
44,1,1,5,1,16,4,2,13,1,1,3,1,0,0,13,0,1
39,1,1,5,1,10,10,1,13,1,1,3,1,0,0,13,0,1
32,2,2,6,1,14,7,2,13,2,1,3,1,0,0,1,0,1
32,1,2,4,1,6,10,2,13,2,1,0,1,0,0,1,0,1
51,1,1,5,1,14,4,1,12,1,1,2,1,0,0,6,0,1
42,2,2,4,1,13,4,1,12,1,1,4,1,0,0,9,0,1
32,1,2,4,1,13,7,2,13,2,1,1,1,0,0,1,0,1
34,1,1,4,1,13,4,1,12,2,1,4,1,0,0,1,0,1
43,1,2,4,1,13,9,2,13,1,1,3,1,0,0,9,0,1
44,1,2,6,1,13,1,2,13,2,1,2,1,0,0,9,0,1
35,1,1,5,1,13,9,1,10,1,1,4,1,0,0,6,0,1
37,1,2,4,1,13,2,1,12,1,1,1,1,0,0,12,0,1
36,1,2,4,1,1,2,2,12,1,1,2,1,0,0,14,0,1
35,1,2,4,1,13,4,1,13,1,1,1,1,0,0,1,0,1
43,1,2,4,1,13,4,2,7,1,1,3,1,0,0,8,0,1
54,1,2,4,1,14,4,2,10,2,1,2,1,0,0,10,0,1
43,1,1,5,1,13,6,2,13,1,1,1,1,0,0,2,0,1
48,1,1,5,1,10,10,2,13,2,1,2,1,0,0,22,0,1
33,1,1,5,1,10,2,1,8,2,1,1,1,0,0,20,0,1
30,2,2,4,1,0,10,1,13,2,1,4,1,0,0,13,0,1
43,1,2,4,1,10,11,1,13,2,1,2,1,0,0,12,0,1
45,1,1,5,1,10,9,1,12,2,1,3,1,0,0,18,0,1
48,1,1,5,1,13,3,2,13,2,1,3,1,0,0,2,0,1
44,1,1,4,1,4,1,2,13,2,1,0,1,0,0,16,0,1
36,1,1,4,1,13,12,1,13,1,1,3,1,0,0,0,0,1
30,1,1,5,1,16,5,1,12,2,1,1,1,0,0,7,0,1
44,2,1,5,1,10,9,1,12,2,1,2,1,0,0,10,0,1
27,1,1,5,1,10,1,1,12,2,1,4,1,0,0,6,0,1
35,1,2,4,1,10,10,1,13,2,1,6,1,0,0,8,0,1
39,1,1,5,1,16,1,1,13,2,1,3,1,0,0,14,0,1
29,1,1,4,1,13,9,1,12,2,1,4,1,0,0,7,0,1
39,1,2,4,1,13,9,1,13,2,1,0,1,0,0,7,0,1
32,1,1,5,1,10,6,1,12,2,1,5,1,0,0,7,0,1
20,1,2,4,1,7,12,1,12,1,1,3,1,0,0,9,0,1
46,1,1,5,1,16,5,2,13,2,1,1,1,0,0,14,0,1
57,1,2,4,1,13,3,1,12,2,1,1,1,0,0,9,0,1
25,1,1,7,1,16,1,2,12,2,1,0,1,0,0,13,0,1
47,1,1,4,1,0,7,2,13,2,1,2,1,0,0,15,0,1
48,1,1,5,1,4,3,1,13,2,1,3,1,0,0,11,0,1
30,1,2,4,1,3,11,1,12,2,1,4,1,0,0,5,0,1
24,2,2,4,1,13,4,2,13,2,2,5,1,0,0,10,0,1
34,1,2,4,1,10,6,2,13,2,1,1,1,0,0,8,0,1
36,2,1,5,1,0,7,1,13,2,1,7,1,0,0,13,1,1
51,1,2,4,1,13,8,1,12,2,1,5,1,0,0,10,0,1
48,1,1,5,1,13,5,1,13,2,1,5,1,0,0,12,0,1
43,1,2,4,1,4,7,1,12,2,1,3,1,0,0,10,0,1
40,1,1,5,1,16,7,2,12,2,1,2,1,0,0,17,0,1
23,1,2,4,1,13,9,2,13,2,1,3,1,0,0,6,0,1
41,1,1,5,1,13,12,2,12,2,1,1,1,0,0,5,0,1
32,1,2,4,1,1,6,2,12,1,1,2,1,0,0,2,0,1
45,1,1,5,1,13,3,2,13,2,1,4,1,0,0,5,0,1
23,1,1,4,1,16,7,2,13,2,1,5,1,0,0,4,0,1
42,2,1,5,1,10,12,2,13,1,1,1,1,0,0,1,0,1
57,1,2,4,1,20,8,1,12,2,1,3,1,0,0,18,0,1
48,1,1,5,1,16,11,2,8,1,1,2,1,0,0,9,0,1
22,1,2,4,1,1,1,2,11,1,1,1,1,0,0,3,0,1
35,1,2,4,1,16,5,1,12,2,1,1,1,0,0,17,0,1
21,1,1,4,1,10,9,2,13,1,1,4,1,0,0,1,0,1
27,1,1,5,1,13,1,1,12,2,1,7,1,0,0,6,0,1
32,2,1,4,1,13,7,1,13,1,1,4,1,0,0,7,0,1
35,1,1,4,1,10,5,2,13,2,1,0,1,0,0,8,0,1
37,2,2,6,1,16,10,2,7,2,1,0,1,0,0,13,0,1
34,1,1,5,1,16,5,1,8,2,1,4,1,0,0,17,0,1
73,1,1,5,1,4,3,1,13,2,1,2,1,0,0,17,0,1
25,1,2,4,1,1,11,2,13,2,1,3,1,0,0,11,0,1
22,1,2,4,1,16,5,1,13,2,1,2,1,0,0,7,0,1
45,1,1,5,1,10,5,1,13,2,1,4,1,0,0,13,0,1
41,1,2,4,1,11,2,2,13,2,1,2,1,0,0,11,0,1
28,1,1,5,1,10,6,2,12,2,1,5,1,0,0,0,0,1
55,1,1,5,1,16,5,2,12,2,1,2,1,0,0,13,0,1
33,1,1,7,1,10,3,2,12,1,1,1,1,0,0,16,0,1
43,2,2,4,1,13,7,1,12,2,1,3,1,0,0,7,0,1
37,1,2,4,1,3,6,2,13,2,1,1,1,0,0,6,0,1
37,1,2,4,1,10,11,1,12,2,1,2,1,0,0,18,0,1
54,1,1,5,1,18,11,2,12,2,1,0,1,0,0,7,0,1
41,1,2,5,1,10,9,1,12,1,1,3,1,0,0,15,0,1
55,1,1,5,1,13,5,2,12,2,1,0,1,0,0,9,0,1
41,1,2,4,1,13,7,2,13,2,1,1,1,0,0,12,0,1
39,2,1,7,1,2,7,2,13,2,1,3,1,0,0,9,0,1
52,1,2,7,1,13,3,2,13,2,1,2,1,0,0,21,0,1
32,2,1,5,1,13,2,1,13,2,1,6,1,0,0,9,0,1
36,1,1,4,1,13,3,1,13,2,1,4,1,0,0,11,0,1
36,1,1,7,1,16,7,2,12,1,1,1,1,0,0,3,0,1
58,1,2,4,1,13,7,2,11,2,1,4,1,0,0,20,0,1
40,1,2,4,1,13,5,1,13,2,1,2,1,0,0,0,0,1
38,2,2,4,1,12,10,1,12,2,1,0,1,0,0,17,0,1
50,1,2,4,1,20,9,2,12,2,1,1,1,0,0,15,0,1
55,1,1,5,1,11,9,2,13,2,1,2,1,0,0,14,0,1
45,2,1,5,1,10,7,2,12,2,1,2,1,0,0,22,0,1
41,1,1,4,1,2,7,1,12,2,2,4,1,0,0,6,0,1
34,1,1,7,1,20,7,1,12,2,1,0,1,0,0,20,0,1
38,1,2,4,1,7,8,2,13,1,1,4,1,0,0,7,0,1
29,2,2,4,1,1,10,1,11,2,1,1,1,0,0,3,0,1
30,1,2,4,1,14,8,2,12,2,1,2,1,0,0,10,0,1
36,1,1,5,1,13,3,1,13,2,1,4,1,0,0,2,0,1
39,1,1,5,1,20,7,2,12,2,1,2,1,0,0,8,0,1
44,1,2,5,1,13,1,1,9,2,1,3,1,0,0,22,0,1
51,1,1,5,1,10,3,1,12,2,1,2,1,0,0,11,0,1
35,1,1,5,1,13,3,1,13,2,1,6,1,0,0,6,0,1
49,1,2,5,1,16,3,1,12,2,1,1,1,0,0,17,0,1
50,2,1,5,1,16,12,2,12,2,1,3,1,0,0,11,0,1
45,1,2,4,1,0,1,1,13,2,1,0,1,0,0,8,1,1
23,2,2,4,1,1,6,1,12,2,1,3,1,0,0,5,0,1
39,2,1,7,1,4,5,1,12,2,1,4,1,0,0,13,0,1
39,2,1,5,1,16,6,1,12,2,1,3,1,0,0,11,0,1
54,1,2,4,1,13,6,1,12,2,1,2,1,0,0,13,0,1
19,1,2,4,1,1,3,2,12,2,1,5,1,0,0,7,0,1
22,1,2,4,1,13,7,1,12,2,1,6,1,0,0,18,0,1
46,1,2,5,1,14,7,2,13,2,1,0,1,0,0,17,0,1
34,1,1,5,1,16,1,1,12,2,1,2,1,0,0,11,0,1
39,1,1,5,1,16,9,2,13,2,1,1,1,0,0,8,0,1
56,1,1,5,1,10,10,1,12,2,1,3,1,0,0,18,0,1
50,2,1,5,1,10,5,1,13,2,1,2,1,0,0,9,0,1
50,1,1,5,1,13,6,2,12,2,1,2,1,0,0,11,0,1
31,1,2,4,1,13,8,1,13,2,1,3,1,0,0,6,0,1
48,1,1,5,1,16,5,2,12,2,1,3,1,0,0,6,0,1
33,1,2,4,1,4,12,1,13,2,1,3,1,0,0,6,0,1
32,1,2,4,1,5,3,2,12,1,1,1,1,0,0,8,0,1
31,1,2,4,1,13,12,2,8,2,1,5,1,0,0,2,0,1
40,1,2,4,1,4,11,2,12,2,1,3,1,0,0,18,0,1
48,1,1,5,1,13,10,2,13,2,1,3,1,0,0,5,0,1
28,1,1,5,1,10,10,2,11,1,1,2,1,0,0,4,0,1
34,1,2,4,1,13,6,1,12,2,2,1,1,0,0,17,0,1
44,1,1,5,1,13,9,1,13,2,1,0,1,0,0,16,0,1
38,2,2,4,1,1,7,1,13,2,1,2,1,0,0,14,0,1
36,1,1,5,1,5,6,1,13,2,1,3,1,0,0,2,0,1
32,1,2,4,1,13,9,1,12,2,1,1,1,0,0,10,0,1
43,2,2,4,1,13,7,1,13,2,1,0,1,0,0,15,0,1
35,2,2,4,1,13,6,2,13,2,1,0,1,0,0,12,0,1
50,1,1,5,1,13,4,1,12,2,2,6,1,0,0,17,0,1
34,1,1,5,1,10,8,1,12,2,1,0,1,0,0,19,0,1
42,1,2,4,1,16,10,2,9,1,1,0,1,0,0,13,0,1
39,1,1,5,1,16,5,2,8,2,1,6,1,0,0,12,0,1
42,1,1,5,1,10,8,1,12,2,1,2,1,0,0,16,0,1
29,1,2,4,1,13,9,2,13,2,1,1,1,0,0,13,1,1
25,1,2,4,1,1,11,1,12,2,2,5,1,0,0,15,0,1
50,1,1,5,1,5,7,1,7,1,1,2,1,0,0,8,0,1
37,1,2,4,1,16,7,1,13,2,1,5,1,0,0,14,0,1
39,2,2,6,1,11,9,2,13,2,1,1,1,0,0,14,0,1
43,1,2,4,1,20,6,2,12,2,1,1,1,0,0,14,0,1
31,2,1,5,1,16,12,2,12,2,1,6,1,0,0,3,0,1
39,2,1,5,1,10,3,1,12,2,1,3,1,0,0,3,0,1
43,1,1,5,1,10,7,1,12,1,2,3,1,0,0,13,0,1
37,1,2,4,1,13,9,1,13,2,1,1,1,0,0,12,0,1
51,1,2,4,1,20,5,1,13,2,1,0,1,0,0,8,0,1
42,1,1,5,1,13,8,1,13,2,2,1,1,0,0,10,0,1
19,1,2,4,1,13,2,2,13,2,1,2,1,0,0,2,0,1
43,1,1,5,1,13,5,2,12,2,1,3,1,0,0,11,0,1
54,1,2,4,1,13,3,2,12,1,1,3,1,0,0,15,0,1
38,1,2,4,1,8,6,1,12,2,1,6,1,0,0,4,0,1
36,1,1,5,1,0,3,1,13,2,1,2,1,0,0,6,0,1
21,1,2,4,1,16,7,2,12,2,1,0,1,0,0,6,0,1
31,2,1,5,1,10,6,1,12,2,1,1,1,0,0,15,0,1
24,2,2,4,1,4,9,1,13,2,1,5,1,0,0,3,0,1
43,1,1,5,1,10,9,2,13,2,1,3,1,0,0,10,0,1
35,1,1,5,1,10,6,1,12,2,1,5,1,0,0,13,0,1
36,1,1,5,1,16,1,2,12,2,1,3,1,0,0,14,0,1
32,1,1,5,1,16,1,1,9,1,1,0,1,0,0,6,0,1
35,1,2,5,1,13,6,2,13,2,1,1,1,0,0,13,0,1
34,1,1,7,1,4,7,2,12,2,1,4,1,0,0,10,1,1
44,1,2,4,1,20,7,2,13,2,1,2,1,0,0,10,0,1
36,2,1,5,1,10,7,1,12,1,1,5,1,0,0,11,0,1
31,1,1,5,1,13,3,1,12,1,1,2,1,0,0,8,0,1
23,2,2,4,1,0,10,1,13,2,1,0,1,0,0,16,0,1
23,2,2,4,1,16,7,1,12,2,1,2,1,0,0,13,0,1
48,1,1,5,1,10,9,2,13,1,1,2,1,0,0,9,0,1
37,2,1,5,1,13,6,1,13,2,1,3,1,0,0,7,0,1
41,2,1,5,1,10,10,1,13,1,1,4,1,0,0,6,0,1
21,1,2,4,1,4,7,1,12,2,1,3,1,0,0,9,0,1
24,1,1,5,1,13,3,1,13,1,0,4,1,0,0,3,0,1
30,2,1,5,1,16,7,1,12,2,1,2,1,0,0,12,0,1
48,1,1,5,1,13,11,1,12,2,1,4,1,0,0,22,0,1
31,1,2,4,1,13,9,1,13,2,1,2,1,0,0,8,0,1
40,2,2,5,1,13,10,1,13,2,1,3,1,0,0,11,0,1
26,1,1,5,1,16,11,2,13,2,1,1,1,0,0,3,0,1
43,1,1,5,1,13,12,2,13,2,1,6,1,0,0,5,0,1
57,1,1,5,1,10,11,1,13,2,2,5,1,0,0,21,0,1
31,1,2,4,1,13,11,1,13,2,1,4,1,0,0,6,0,1
36,1,1,5,1,16,3,1,12,1,1,2,1,0,0,3,0,1
60,1,1,5,1,16,11,1,13,2,1,1,1,0,0,21,0,1
26,1,2,4,1,13,9,1,12,2,1,5,1,0,0,4,0,1
27,1,1,7,1,14,7,1,13,2,1,2,1,0,0,19,0,1
56,1,2,4,1,13,9,1,13,2,1,1,1,0,0,14,0,1
42,2,1,5,1,13,9,1,13,2,1,2,1,0,0,23,0,1
21,1,2,4,1,3,11,1,13,2,1,2,1,0,0,10,0,1
26,1,1,5,1,1,9,2,13,2,1,3,1,0,0,2,0,1
34,1,2,4,1,13,12,1,12,2,1,7,1,0,0,9,0,1
47,1,2,5,1,0,9,1,12,2,1,3,1,0,0,15,0,1
39,1,2,4,1,13,1,1,12,1,1,1,1,0,0,16,0,1
34,2,2,7,1,13,7,2,13,2,1,0,1,0,0,12,0,1
55,1,2,4,1,1,3,1,12,2,1,0,1,0,0,27,0,1
43,1,1,5,1,10,12,1,13,2,1,2,1,0,0,8,0,1
27,1,2,4,1,16,1,2,12,2,1,2,1,0,0,7,0,1
63,1,2,4,1,13,8,2,9,2,1,5,1,0,0,7,0,1
35,1,2,4,1,13,8,1,12,2,1,2,1,0,0,16,0,1
36,2,2,4,1,13,4,2,13,2,1,3,1,0,0,17,0,1
23,1,2,4,1,20,9,1,12,2,1,1,1,0,0,10,0,1
42,1,2,4,1,10,6,1,12,2,1,2,1,0,0,13,0,1
19,1,1,7,1,10,9,1,12,2,1,1,1,0,0,8,0,1
35,1,1,5,1,16,7,2,12,2,1,4,1,0,0,10,0,1
30,1,2,4,1,1,6,1,13,2,1,2,1,0,0,0,0,1
41,2,1,5,1,13,7,1,12,2,2,1,1,0,0,17,0,1
46,1,2,4,1,13,11,2,13,2,2,3,1,0,0,13,0,1
25,1,2,4,1,0,5,1,13,2,1,5,1,0,0,8,0,1
51,1,1,4,1,10,6,1,13,2,1,1,1,0,0,6,0,1
54,2,1,5,1,13,9,1,13,2,1,0,1,0,0,13,0,1
29,1,1,7,1,16,1,1,12,2,1,1,1,0,0,15,0,1
29,1,2,6,1,14,1,2,13,2,1,0,1,0,0,7,0,1
46,1,2,4,1,13,8,2,13,2,2,1,1,0,0,4,1,1
32,1,1,5,1,13,3,1,12,2,1,1,1,0,0,13,0,1
34,2,2,4,1,13,7,2,11,2,1,2,1,0,0,2,0,1
47,1,1,5,1,10,9,1,12,1,2,3,1,0,0,13,0,1
37,1,2,4,1,1,6,2,12,2,1,2,1,0,0,8,0,1
28,2,1,5,1,1,12,1,12,1,1,4,1,0,0,5,0,1
32,1,1,4,1,10,7,2,13,2,2,1,1,0,0,12,0,1
56,2,1,5,1,13,3,1,13,2,1,4,1,0,0,4,0,1
40,1,1,5,1,10,5,2,12,2,1,4,1,0,0,13,0,1
46,1,1,5,1,10,6,1,12,2,1,3,1,0,0,23,0,1
26,2,2,4,1,13,7,1,13,2,1,5,1,0,0,8,0,1
42,1,2,4,1,1,3,2,12,2,1,0,1,0,0,22,0,1
34,1,2,4,1,3,3,1,13,2,1,2,1,0,0,3,0,1
53,1,1,5,1,11,9,1,12,2,1,2,1,0,0,23,0,1
20,1,2,4,1,1,9,1,12,1,1,2,1,0,0,5,0,1
44,1,2,6,1,16,11,2,7,2,1,1,1,0,0,10,0,1
37,1,2,4,1,13,9,2,13,2,1,1,1,0,0,7,0,1
32,1,2,4,1,14,4,2,13,2,1,7,1,0,0,13,0,1
54,1,1,5,1,16,7,2,12,2,1,1,1,0,0,20,0,1
45,1,1,5,1,10,6,2,12,2,1,4,1,0,0,17,0,1
60,1,2,5,1,11,9,1,13,2,1,2,1,0,0,16,0,1
45,1,2,4,1,20,3,2,13,2,1,2,1,0,0,9,0,1
59,1,1,5,1,13,9,1,13,2,1,3,1,0,0,5,0,1
23,1,2,4,1,1,9,1,12,2,1,5,1,0,0,0,0,1
42,1,1,5,1,11,2,1,12,2,1,4,1,0,0,12,0,1
38,2,1,5,1,10,6,1,13,2,1,3,1,0,0,15,0,1
37,1,1,5,1,11,9,1,13,2,1,0,1,0,0,12,0,1
46,1,1,5,1,13,7,1,12,2,2,2,1,0,0,16,0,1
43,1,2,5,1,13,3,1,13,2,1,3,1,0,0,9,0,1
53,1,1,5,1,13,8,1,12,2,1,3,1,0,0,14,0,1
38,1,1,5,1,16,8,1,12,2,1,1,1,0,0,1,0,1
37,1,1,5,1,10,10,1,13,2,1,5,1,0,0,4,0,1
27,2,1,5,1,16,12,2,12,2,1,7,1,0,0,1,0,1
37,1,2,4,1,13,8,2,13,2,1,4,1,0,0,2,0,1
38,1,2,4,1,13,7,2,13,2,1,1,1,0,0,18,0,1
21,2,1,5,1,16,2,1,13,2,1,2,1,0,0,10,0,1
27,1,1,5,1,13,2,2,13,1,2,2,1,0,0,11,0,1
53,1,1,5,1,10,6,1,13,1,1,1,1,0,0,3,0,1
36,1,2,6,1,16,7,2,13,2,1,1,1,0,0,4,0,1
23,1,1,4,1,13,12,1,12,2,1,3,1,0,0,10,0,1
48,1,1,5,1,10,3,1,13,1,1,3,1,0,0,15,0,1
45,1,1,5,1,4,7,1,13,2,1,2,1,0,0,10,0,1
29,1,2,4,1,16,7,2,8,2,1,2,1,0,0,12,0,1
51,1,1,4,1,13,3,1,13,2,2,0,1,0,0,22,1,1
41,2,1,5,1,16,5,1,13,2,1,5,1,0,0,13,0,1
37,1,1,4,1,13,4,1,12,2,1,4,1,0,0,9,0,1
36,1,1,4,1,13,9,1,13,2,1,6,1,0,0,3,0,1
28,1,2,5,1,20,12,2,12,2,1,2,1,0,0,7,0,1
46,1,2,4,1,13,9,1,13,2,1,2,1,0,0,3,0,1
45,1,1,5,1,16,4,2,12,2,2,2,1,0,0,6,0,1
49,1,1,5,1,13,7,1,12,2,2,5,1,0,0,24,0,1
38,2,1,5,1,0,4,1,13,2,1,4,1,0,0,14,0,1
39,1,2,4,1,1,9,1,12,2,1,2,1,0,0,15,0,1
42,1,2,4,1,13,12,1,12,2,1,4,1,0,0,11,0,1
35,1,2,4,1,0,5,1,12,2,1,3,1,0,0,13,0,1
51,1,1,5,1,10,5,2,8,1,1,2,1,0,0,16,0,1
39,1,1,5,1,10,8,1,12,2,1,2,1,0,0,6,0,1
21,1,2,4,1,13,6,2,13,2,1,3,1,0,0,5,0,1
27,1,2,4,1,13,9,1,13,2,1,5,1,0,0,8,0,1
27,1,2,4,1,13,9,1,13,1,1,3,1,0,0,12,0,1
57,1,1,5,1,13,9,2,13,2,1,0,1,0,0,9,0,1
24,2,1,4,1,16,7,1,13,2,1,0,1,0,0,8,0,1
51,2,1,5,1,13,3,1,11,2,1,5,1,0,0,23,0,1
40,1,2,4,1,20,7,1,13,2,1,4,1,0,0,7,0,1
29,1,2,4,1,13,4,1,13,2,1,4,1,0,0,17,0,1
52,1,2,4,1,13,9,2,13,2,1,1,1,0,0,14,0,1
34,1,2,5,1,10,11,2,12,1,1,2,1,0,0,15,0,1
36,1,2,4,1,10,5,2,12,2,1,2,1,0,0,9,0,1
29,1,2,4,1,13,2,1,12,2,1,6,1,0,0,9,0,1
53,1,1,5,1,11,8,2,7,2,1,0,1,0,0,21,0,1
42,1,1,5,1,10,11,1,13,2,1,1,1,0,0,13,0,1
53,1,1,5,1,10,5,1,13,2,1,0,1,0,0,16,0,1
37,1,1,4,1,20,9,1,12,2,1,3,1,0,0,6,0,1
43,1,1,5,1,10,5,2,13,2,1,5,1,0,0,4,0,1
33,1,1,5,1,11,1,1,13,2,1,5,1,0,0,20,0,1
44,1,2,6,1,13,8,2,13,2,1,2,1,0,0,12,0,1
49,1,1,4,1,10,6,1,12,2,1,1,1,0,0,11,0,1
55,1,1,5,1,10,1,2,13,2,1,1,1,0,0,15,0,1
39,1,2,4,1,13,1,2,12,2,1,2,1,0,0,9,0,1
39,1,2,4,1,4,9,1,12,2,1,0,1,0,0,10,0,1
37,1,2,4,1,1,6,2,12,2,1,0,1,0,0,13,0,1
26,2,2,4,1,4,8,1,12,2,1,2,1,0,0,16,0,1
53,1,1,5,1,10,7,2,12,1,1,1,1,0,0,20,0,1
49,1,1,5,1,20,5,1,13,2,1,1,1,0,0,12,0,1
36,1,2,4,1,13,9,2,13,2,1,4,1,0,0,14,0,1
38,1,2,4,1,13,4,1,13,2,1,1,1,0,0,2,0,1
27,2,2,4,1,10,10,2,13,2,1,7,1,0,0,0,0,1
62,1,1,5,1,10,3,2,12,2,1,0,1,0,0,2,0,1
42,1,2,4,1,13,4,2,13,2,1,5,1,0,0,7,0,1
53,1,2,5,1,14,9,2,12,2,1,1,1,0,0,4,0,1
53,1,2,6,1,20,3,1,12,2,1,2,1,0,0,0,0,1
48,1,1,5,1,10,4,2,13,2,1,4,1,0,0,7,0,1
58,1,1,5,1,1,1,2,12,2,1,3,1,0,0,8,0,1
31,1,1,5,1,10,3,1,13,1,1,7,1,0,0,7,0,1
32,1,1,2,1,16,4,1,12,1,1,3,1,0,0,3,0,1
46,1,2,4,1,13,1,1,12,1,1,1,1,0,0,1,0,1
34,1,2,4,1,16,2,1,12,2,1,4,1,0,0,4,0,1
57,2,1,5,1,13,7,1,13,1,1,3,1,0,0,3,0,1
60,1,1,5,1,13,3,1,12,2,1,4,1,0,0,3,0,1
21,1,2,6,1,13,11,1,13,2,1,2,1,0,0,2,0,1
49,1,2,4,1,13,4,1,13,1,1,1,1,0,0,0,0,1
51,1,1,5,1,13,1,1,12,2,2,2,1,0,0,9,0,1
53,1,2,4,1,13,4,2,13,2,1,3,1,0,0,2,0,1
47,1,2,4,1,20,1,1,12,2,1,2,1,0,0,6,0,1
41,1,1,5,1,10,3,1,13,2,1,4,1,0,0,0,0,1
39,1,2,4,1,16,10,2,12,2,1,1,1,0,0,5,0,1
24,1,2,4,1,13,1,1,13,1,1,4,1,0,0,5,0,1
37,2,1,1,1,13,4,1,13,2,1,2,1,0,0,3,0,1
45,1,2,5,1,13,4,1,13,1,1,2,1,0,0,2,0,1
50,1,2,5,1,13,1,2,13,2,1,3,1,0,0,4,0,1
43,1,1,5,1,10,3,2,12,2,1,3,1,0,0,2,0,1
39,1,2,4,1,14,10,1,12,2,1,6,1,0,0,4,0,1
27,2,1,5,1,10,10,1,13,1,1,4,1,0,0,0,0,1
30,1,2,5,1,13,2,1,12,2,1,3,1,0,0,7,0,1
25,2,2,4,1,13,4,2,13,2,1,5,1,0,0,3,0,1
30,2,2,4,1,14,4,1,13,1,1,5,1,0,0,1,0,1
63,1,1,5,1,16,4,1,12,1,1,2,1,0,0,6,0,1
26,1,2,6,1,13,4,1,12,2,1,3,1,0,0,2,0,1
44,1,1,5,1,13,1,2,12,2,1,2,1,0,0,16,0,1
46,1,2,4,1,13,9,1,13,1,1,0,1,0,0,0,0,1
37,1,2,4,1,13,10,2,12,2,1,1,1,0,0,1,0,1
27,1,2,4,1,13,4,2,13,1,1,3,1,0,0,11,0,1
39,1,1,5,1,16,1,2,12,2,1,5,1,0,0,0,0,1
31,2,2,4,1,13,2,2,11,2,1,1,1,0,0,13,0,1
34,2,1,5,1,16,1,2,12,2,1,4,1,0,0,9,0,1
29,1,2,4,1,13,9,2,13,1,1,0,1,0,0,1,0,1
34,2,2,4,1,13,2,2,13,2,1,1,1,0,0,1,0,1
48,1,1,5,1,13,3,1,12,2,1,6,1,0,0,2,0,1
28,2,1,5,1,14,7,2,13,2,1,4,1,0,0,3,0,1
49,1,2,5,1,13,7,1,13,2,1,0,1,0,0,4,0,1
46,1,1,5,1,16,2,1,12,2,1,3,1,0,0,5,0,1
52,1,2,4,1,13,3,1,12,2,1,1,1,0,0,1,0,1
40,1,2,4,1,14,4,2,13,2,1,1,1,0,0,5,0,1
43,2,2,4,1,13,4,2,13,2,1,1,1,0,0,3,0,1
27,2,2,4,1,13,7,1,13,2,1,2,1,0,0,2,0,1
28,1,2,4,1,14,9,1,13,2,1,2,1,0,0,1,0,1
52,1,1,5,1,14,7,1,12,2,1,4,1,0,0,2,0,1
48,1,1,5,1,10,2,1,12,2,1,2,1,0,0,16,0,1
36,1,2,4,1,13,2,2,12,2,1,2,1,0,0,3,0,1
51,1,2,4,1,13,4,1,13,1,1,0,1,0,0,4,0,1
26,2,2,4,1,13,4,1,13,2,1,3,1,0,0,6,0,1
38,1,1,4,1,16,7,2,12,2,1,1,1,0,0,0,0,1
30,1,2,5,1,13,11,2,12,1,2,3,1,0,0,3,0,1
40,1,2,4,1,13,4,1,13,2,2,3,1,0,0,7,0,1
36,1,1,4,1,13,2,1,12,1,1,2,1,0,0,3,0,1
40,1,1,5,1,16,4,2,10,2,1,2,1,0,0,5,0,1
30,1,2,4,1,13,4,1,5,2,1,3,1,0,0,0,0,1
57,1,1,5,1,10,6,1,9,2,1,2,1,0,0,10,0,1
37,1,2,4,1,13,9,1,13,2,1,2,1,0,0,0,0,1
49,1,1,5,1,10,3,1,13,1,1,7,1,0,0,6,0,1
32,1,2,4,1,13,10,1,13,1,1,0,1,0,0,2,0,1
35,1,2,4,1,13,4,2,13,2,1,3,1,0,0,4,0,1
59,1,1,5,1,13,4,1,12,2,1,3,1,0,0,5,0,1
45,2,1,5,1,13,4,1,13,2,1,4,1,0,0,2,0,1
30,2,2,4,1,13,1,1,12,2,1,2,1,0,0,2,0,1
19,1,2,4,1,13,3,1,12,2,1,1,1,0,0,3,0,1
33,1,2,4,1,13,2,2,13,1,1,3,1,0,0,5,0,1
37,1,2,4,1,16,4,1,12,2,1,1,1,0,0,0,0,1
33,1,2,4,1,4,2,1,12,2,1,0,1,0,0,2,0,1
42,1,1,5,1,10,3,1,13,2,1,2,1,0,0,0,0,1
27,2,1,5,1,13,5,2,13,1,1,3,1,0,0,7,0,1
47,1,2,5,1,15,3,2,13,1,1,3,1,0,0,3,0,1
38,2,2,6,1,13,5,2,13,2,1,3,1,0,0,0,0,1
43,1,1,5,1,16,4,2,12,2,2,3,1,0,0,10,0,1
33,2,1,5,1,4,3,1,12,2,1,3,1,0,0,2,0,1
47,1,1,5,1,10,4,2,10,2,1,3,1,0,0,5,0,1
45,1,1,5,1,10,5,2,13,2,1,2,1,0,0,4,0,1
46,1,2,4,1,13,5,1,12,2,1,6,1,0,0,1,0,1
28,1,2,4,1,13,4,2,13,1,1,3,1,0,0,2,0,1
38,1,1,5,1,10,2,2,10,2,1,2,1,0,0,3,0,1
38,1,1,5,1,13,7,1,12,2,2,4,1,0,0,11,0,1
38,1,2,4,1,13,9,1,13,1,1,2,1,0,0,2,0,1
27,1,2,5,1,16,4,1,12,2,1,4,1,0,0,10,0,1
27,1,2,4,1,16,4,2,12,2,1,4,1,0,0,1,0,1
20,1,2,4,1,13,4,1,13,1,1,3,1,0,0,10,0,1
28,1,2,4,1,13,2,1,13,2,1,5,1,0,0,3,0,1
31,1,1,5,1,16,4,1,12,2,1,5,1,0,0,12,0,1
25,1,2,4,1,14,4,2,13,2,1,0,1,0,0,0,0,1
43,1,2,4,1,14,2,2,12,2,1,4,1,0,0,7,0,1
49,1,2,5,1,13,9,2,12,2,1,1,1,0,0,8,0,1
36,1,1,5,1,16,5,1,12,2,1,4,1,0,0,5,0,1
54,1,1,5,1,1,9,1,12,1,1,3,1,0,0,7,0,1
50,2,1,5,1,13,9,1,13,2,1,1,1,0,0,4,0,1
35,1,2,6,1,13,3,1,12,2,1,6,1,0,0,0,0,1
49,1,2,5,1,16,7,1,12,2,1,0,1,0,0,5,0,1
32,2,1,5,1,10,4,1,13,2,1,5,1,0,0,3,0,1
36,1,2,4,1,13,11,1,12,2,1,6,1,0,0,1,0,1
33,1,2,4,1,13,9,2,13,1,1,2,1,0,0,6,0,1
46,1,1,5,1,13,4,2,5,1,1,3,1,0,0,6,0,1
36,1,2,4,1,4,2,2,12,2,1,3,1,0,0,3,0,1
35,1,1,5,1,13,2,1,13,2,1,4,1,0,0,10,0,1
41,1,2,4,1,13,2,2,12,1,2,3,1,0,0,1,0,1
25,2,2,4,1,16,7,1,13,2,1,2,1,0,0,1,0,1
46,2,1,5,1,13,9,2,13,2,1,2,1,0,0,6,0,1
35,1,2,4,1,13,9,1,13,1,1,2,1,0,0,3,0,1
53,1,1,5,1,16,5,2,12,2,1,3,1,0,0,1,0,1
33,1,2,4,1,13,4,2,13,2,1,3,1,0,0,4,0,1
35,1,2,4,1,10,2,1,13,1,1,2,1,0,0,2,0,1
43,1,2,4,1,13,11,2,13,1,1,3,1,0,0,0,0,1
48,1,2,5,1,10,4,2,12,1,1,0,1,0,0,7,0,1
38,1,1,5,1,10,10,2,12,2,1,7,1,0,0,10,0,1
47,1,1,5,1,13,2,1,13,2,1,4,1,0,0,6,0,1
49,1,1,5,1,13,5,2,13,2,1,6,1,0,0,0,0,1
35,1,2,4,1,11,2,1,10,2,1,6,1,0,0,3,0,1
44,1,1,5,1,13,6,1,13,2,1,4,1,0,0,4,0,1
39,1,2,5,1,10,4,1,12,1,1,4,1,0,0,2,0,1
51,1,2,4,1,13,4,2,13,2,1,1,1,0,0,3,0,1
59,1,1,5,1,13,7,1,13,2,1,3,1,0,0,9,0,1
34,1,2,4,1,10,4,2,12,2,1,6,1,0,0,0,0,1
41,1,2,4,1,16,7,1,12,1,1,3,1,0,0,7,0,1
36,1,2,4,1,13,4,2,12,2,1,4,1,0,0,4,0,1
44,1,1,2,1,16,1,1,12,2,1,1,1,0,0,2,0,1
54,1,2,4,1,20,9,2,13,2,1,1,1,0,0,46,0,1
50,1,1,5,1,6,4,1,13,2,1,6,1,0,0,28,0,1
41,1,2,5,1,1,11,2,13,2,1,3,1,3,7,104,0,1
29,1,2,4,1,0,3,1,13,2,1,3,1,0,0,0,1,1
42,1,2,4,1,13,8,1,13,2,1,1,1,0,0,5,1,1
51,1,1,5,1,13,9,2,13,2,1,3,1,3,7,135,0,1
58,1,2,4,1,13,6,2,13,2,1,2,1,3,7,76,0,1
30,1,2,5,1,11,10,1,12,2,1,7,1,0,0,52,0,1
58,1,1,5,1,13,11,1,13,2,1,0,1,0,0,23,1,1
49,1,1,5,1,13,9,2,13,2,2,5,1,3,7,85,0,1
45,1,2,6,1,0,6,1,13,2,1,3,1,0,0,38,0,1
47,1,1,6,1,10,1,2,9,2,1,4,1,3,7,131,0,1
59,1,1,5,1,1,7,2,13,2,1,2,1,3,7,71,0,1
36,1,1,5,1,8,7,2,13,2,1,0,1,0,0,20,0,1
25,1,1,4,1,13,12,1,12,2,1,2,1,0,0,22,0,1
41,1,2,4,1,13,12,1,12,2,1,2,1,0,0,46,0,1
40,1,2,4,1,1,1,2,13,2,1,3,1,3,7,109,0,1
42,1,2,4,1,13,8,1,12,2,1,1,1,0,0,48,0,1
49,1,2,4,1,20,4,1,12,2,2,3,1,0,7,60,0,1
46,1,2,6,1,1,9,2,13,2,1,3,1,3,7,96,0,1
43,1,1,5,1,11,1,1,12,2,1,6,1,0,0,34,0,1
37,1,2,4,1,13,9,2,13,2,1,0,1,2,7,85,0,1
59,1,1,4,1,13,9,1,12,2,1,2,1,0,0,19,0,1
25,1,2,4,1,13,7,1,13,2,1,4,1,0,0,0,0,1
20,1,1,5,1,10,12,2,12,2,1,3,1,0,0,4,0,1
38,1,1,5,1,13,10,1,13,2,1,4,1,0,0,13,0,1
51,1,1,5,1,1,10,2,0,2,1,4,1,3,6,120,0,1
27,1,1,7,1,13,7,1,13,2,1,4,1,0,0,22,0,1
63,1,1,5,1,1,11,1,13,2,2,5,1,3,7,121,0,1
46,1,2,4,1,13,8,2,13,2,1,0,1,0,0,25,0,1
31,2,2,4,1,13,7,2,13,2,1,0,1,0,0,38,0,1
42,2,1,5,1,14,10,2,13,2,1,2,1,0,0,48,0,1
54,1,2,4,1,1,9,1,12,1,1,0,1,0,0,35,0,1
35,1,2,4,1,4,5,1,12,2,1,3,1,0,0,58,0,1
43,1,1,5,1,10,5,2,12,2,1,5,1,3,7,158,0,1
54,1,2,4,1,13,8,1,13,2,1,0,1,0,0,0,0,1
29,1,1,4,1,0,12,1,13,2,1,3,1,0,0,8,1,1
46,1,1,5,1,1,11,2,12,2,1,4,1,0,7,74,0,1
48,1,2,4,1,13,9,1,13,2,1,2,1,2,0,35,0,1
30,1,1,5,1,13,12,2,13,2,1,3,1,0,0,30,0,1
43,1,2,4,1,4,5,1,12,2,1,1,1,0,0,34,0,1
30,1,1,4,1,13,8,1,12,2,1,3,1,0,0,23,0,1
47,1,1,4,1,1,7,2,13,2,1,2,1,3,7,90,0,1
47,1,2,4,1,4,7,2,13,2,1,1,1,3,7,121,0,1
41,1,2,7,1,13,9,2,12,2,1,5,1,0,7,84,0,1
59,1,2,5,1,1,9,2,13,2,1,3,1,3,7,160,0,1
38,1,2,4,1,16,12,2,12,2,1,3,1,2,7,90,0,1
36,1,1,4,1,13,9,1,13,2,1,4,1,0,7,62,0,1
48,1,1,5,1,0,11,2,13,2,1,6,1,3,7,71,1,1
35,1,1,5,1,1,7,1,10,2,1,3,1,0,0,2,0,1
55,1,1,5,1,1,7,2,13,2,1,0,1,0,0,55,0,1
56,1,1,5,1,1,5,2,13,2,1,1,1,3,6,54,1,1
47,1,2,4,1,13,6,2,12,2,1,3,1,3,7,94,0,1
43,1,1,5,1,11,9,2,13,2,1,6,1,3,7,123,0,1
33,1,2,4,1,13,10,1,12,2,1,4,1,0,0,20,0,1
29,1,2,4,1,13,8,2,13,2,1,2,1,0,0,23,0,1
50,2,2,4,1,4,7,1,13,2,1,3,1,3,7,110,0,1
33,1,1,4,1,4,5,2,12,2,1,2,1,0,0,25,0,1
29,1,1,4,1,13,9,2,13,2,1,5,1,3,0,62,0,1
48,1,2,4,1,1,11,1,13,2,1,2,1,0,0,73,0,1
38,1,2,4,1,13,3,2,13,2,2,1,1,2,7,71,0,1
44,1,1,5,1,16,10,2,12,2,1,2,1,0,7,82,0,1
31,1,2,4,1,4,1,2,12,2,1,2,1,0,0,66,0,1
37,1,2,4,1,13,9,2,13,2,1,3,1,0,0,40,0,1
50,1,1,5,1,11,8,2,12,2,1,4,1,0,0,33,0,1
43,1,1,5,1,16,5,2,12,1,1,0,1,0,0,13,0,1
46,1,1,5,1,16,1,2,12,2,1,2,1,0,0,3,0,1
38,1,2,4,1,20,8,2,13,2,1,2,1,3,7,135,0,1
57,1,1,4,1,0,8,1,13,2,1,0,1,3,7,63,0,1
62,1,1,5,1,1,7,2,12,2,1,2,1,0,6,48,0,1
49,1,1,5,1,13,12,2,13,2,2,4,1,3,7,128,0,1
37,1,2,4,1,14,1,2,12,2,1,2,1,0,0,76,0,1
26,1,2,4,1,14,10,2,13,2,1,3,1,0,0,79,0,1
51,1,1,5,1,4,9,2,13,2,1,7,1,3,7,141,0,1
43,2,2,4,1,14,5,1,13,2,1,3,1,0,7,44,0,1
51,1,2,6,1,0,9,1,13,2,1,1,1,3,7,74,0,1
34,1,2,4,1,4,3,1,12,2,1,1,1,0,0,18,0,1
48,1,1,5,1,13,10,2,11,2,1,4,1,0,7,64,0,1
51,1,1,5,1,4,8,2,12,2,1,3,1,3,7,89,0,1
35,1,2,4,1,4,4,2,12,2,1,5,1,3,7,154,0,1
39,1,2,4,1,13,8,1,12,2,2,4,1,0,0,77,0,1
44,1,1,4,1,1,3,2,12,2,1,5,1,3,7,110,0,1
60,1,1,5,1,4,12,1,12,2,1,2,1,0,0,19,0,1
38,1,1,5,1,10,1,1,12,2,1,5,1,0,0,54,0,1
32,1,2,4,1,13,3,1,12,2,1,5,1,0,0,21,0,1
41,1,2,4,1,16,7,2,13,2,1,1,1,0,7,72,0,1
27,1,2,4,1,0,5,2,13,2,1,2,1,0,0,26,0,1
47,1,2,4,1,13,6,2,13,2,1,0,1,0,0,83,0,1
48,1,1,5,1,13,3,1,12,2,2,5,1,3,7,88,0,1
27,1,2,4,1,14,6,2,13,2,1,6,1,3,5,105,0,1
72,1,1,5,1,4,9,2,13,2,1,3,1,3,7,71,0,1
37,1,1,5,1,11,10,1,12,2,1,5,1,0,0,49,0,1
70,1,1,5,1,1,9,2,13,2,1,1,1,3,7,174,0,1
41,1,1,5,1,13,3,2,13,2,2,7,1,3,6,147,0,1
55,1,1,5,1,4,5,1,13,2,1,6,1,3,7,87,0,1
42,1,2,6,1,10,5,2,13,2,1,2,1,0,6,68,1,1
46,1,1,5,1,13,10,1,9,2,1,5,1,0,0,50,0,1
26,1,2,4,1,13,12,1,12,2,1,3,1,0,0,0,1,1
32,1,1,5,1,13,9,2,13,2,1,3,1,2,0,39,0,1
45,1,1,5,1,10,11,1,12,2,1,3,1,0,0,6,0,1
21,2,2,4,1,1,8,2,12,2,1,0,1,0,0,10,0,1
38,2,1,5,1,0,7,1,12,2,1,6,1,0,0,24,1,1
44,1,1,7,1,16,10,2,13,2,1,1,1,0,0,60,0,1
47,1,2,4,1,0,8,1,13,2,1,3,1,3,7,93,0,1
27,1,1,4,1,13,4,2,13,2,2,6,1,0,0,43,0,1
21,2,2,4,1,16,7,2,12,2,1,3,1,2,2,85,0,1
42,1,2,4,1,0,11,2,13,2,1,2,1,3,7,83,0,1
58,1,1,5,1,10,5,1,12,2,1,6,1,3,7,136,0,1
35,1,2,6,1,13,5,2,13,2,1,1,1,0,0,60,0,1
44,2,2,4,1,13,10,1,12,2,1,4,1,0,2,74,0,1
51,1,1,5,1,4,3,2,12,2,1,4,1,3,7,108,0,1
33,1,2,4,1,1,7,1,12,2,1,2,1,0,0,17,0,1
29,1,1,4,1,13,11,1,13,2,1,4,1,0,0,10,0,1
36,1,1,4,1,0,12,1,13,2,1,6,1,3,5,95,0,1
52,1,1,5,1,13,8,2,13,2,1,4,1,3,7,78,0,1
40,1,2,4,1,10,2,1,12,2,1,3,1,0,0,48,0,1
53,1,2,4,1,4,10,2,12,2,1,7,1,3,7,180,0,1
47,1,1,5,1,6,9,2,13,2,1,4,1,3,7,62,0,1
41,1,2,4,1,20,8,1,12,2,1,1,1,0,0,53,0,1
32,1,1,5,1,1,10,2,10,2,1,4,1,0,11,63,0,1
70,1,1,5,1,1,8,1,13,2,1,3,1,0,0,42,0,1
62,1,2,5,1,0,11,2,13,2,1,0,1,3,7,119,0,1
42,1,2,4,1,14,11,1,13,2,1,0,1,0,0,16,0,1
28,1,2,4,1,13,12,1,12,2,1,1,1,0,0,26,0,1
32,1,2,4,1,10,9,2,12,2,1,5,1,0,0,38,0,1
48,1,2,6,1,10,10,2,12,2,1,2,1,3,7,81,0,1
48,1,1,4,1,13,3,1,13,2,1,4,1,0,0,12,0,1
42,2,2,4,1,4,8,1,13,2,1,3,1,0,0,39,0,1
43,1,2,6,1,14,4,1,12,2,1,4,1,0,0,44,0,1
37,2,2,4,1,16,10,1,13,2,1,2,1,0,0,36,0,1
36,1,2,4,1,4,4,2,12,2,1,2,1,0,0,38,0,1
44,1,2,4,1,4,4,1,12,2,1,4,1,0,0,71,0,1
41,1,2,4,1,11,6,2,13,2,1,4,1,3,7,104,0,1
33,1,2,4,1,11,3,1,12,2,1,2,1,0,0,27,0,1
35,1,2,4,1,13,5,1,13,2,1,1,1,0,0,13,0,1
23,1,2,4,1,14,8,2,13,2,1,1,1,0,0,19,0,1
30,1,2,4,1,13,3,1,13,2,1,6,1,3,5,89,0,1
39,1,2,4,1,16,12,2,12,2,1,0,1,0,0,34,0,1
29,1,2,4,1,4,10,2,13,2,1,1,1,3,7,107,0,1
40,1,2,4,1,10,3,1,13,2,1,5,1,3,7,164,0,1
38,2,1,5,1,0,7,1,13,2,1,4,1,0,0,4,0,1
43,1,2,5,1,10,3,2,12,2,1,4,1,3,7,102,0,1
23,1,2,4,1,14,9,2,13,2,1,2,1,0,0,17,0,1
35,1,2,4,1,14,7,1,13,2,1,3,1,0,0,23,0,1
43,1,1,5,1,4,9,1,13,2,1,3,1,0,0,36,0,1
23,1,1,7,1,10,3,2,6,2,1,7,1,0,0,48,0,1
50,1,1,5,1,16,6,1,12,2,1,3,1,3,0,65,0,1
35,1,1,5,1,10,5,1,12,2,1,2,1,0,0,27,0,1
63,1,1,5,1,20,3,1,13,2,1,3,1,3,7,114,0,1
48,1,1,5,1,4,10,2,12,2,1,4,1,0,0,26,0,1
62,1,1,5,1,13,9,1,0,2,2,3,1,3,7,103,0,1
31,1,1,4,1,2,1,2,13,2,1,5,1,3,7,125,0,1
27,1,1,5,1,13,10,2,11,2,1,3,1,0,0,65,0,1
59,1,1,5,1,13,8,1,13,2,1,1,1,3,7,54,1,1
27,1,2,4,1,5,7,2,13,2,1,1,1,0,0,17,0,1
51,2,1,5,1,13,12,1,13,2,1,2,1,0,0,11,0,1
38,1,1,4,1,13,2,1,12,2,2,4,1,0,0,13,0,1
42,1,2,4,1,16,8,1,12,2,1,4,1,0,0,67,0,1
33,1,2,4,1,4,8,1,13,2,1,3,1,0,0,49,0,1
29,1,2,4,1,16,4,2,12,2,1,0,1,0,0,52,0,1
40,1,2,4,1,14,1,2,13,2,1,0,1,0,0,8,0,1
40,1,2,4,1,10,5,1,12,2,1,2,1,0,0,62,0,1
55,1,1,5,1,16,7,2,0,2,1,4,1,3,7,77,0,1
20,1,2,4,1,10,5,2,12,2,1,6,1,3,5,138,0,1
37,1,1,5,1,13,10,1,13,2,1,5,1,0,0,54,0,1
45,2,2,4,1,4,5,1,13,2,1,3,1,3,7,150,0,1
54,1,2,4,1,10,2,2,13,2,1,3,1,3,7,91,0,1
52,1,1,5,1,1,9,2,12,2,1,1,1,0,0,52,0,1
27,1,1,5,1,13,3,1,13,2,1,9,1,3,2,125,0,1
42,1,2,4,1,13,7,1,12,2,1,0,1,0,0,27,0,1
33,2,2,4,1,13,10,1,13,2,1,3,1,0,0,27,0,1
38,1,2,4,1,1,7,2,12,2,1,2,1,0,0,14,0,1
23,1,2,4,1,13,9,1,13,2,1,4,1,2,0,59,0,1
22,1,2,4,1,10,10,2,13,2,1,4,1,3,0,76,0,1
48,1,2,4,1,13,8,1,12,2,1,0,1,0,0,22,0,1
42,2,2,4,1,14,10,2,13,2,1,3,1,0,0,42,0,1
27,1,2,4,1,0,8,2,13,2,1,0,1,0,0,42,0,1
45,1,1,4,1,16,5,1,12,2,1,5,1,3,5,88,0,1
25,1,2,4,1,13,4,2,13,2,1,4,1,3,5,133,0,1
45,1,1,5,1,4,9,2,12,2,1,6,1,0,7,65,0,1
35,1,2,4,1,2,6,2,12,2,2,4,1,3,7,103,0,1
62,1,1,5,1,20,5,2,14,2,1,2,1,3,7,108,0,1
45,1,2,4,1,16,3,2,12,2,1,1,1,0,0,51,0,1
25,2,1,5,1,4,5,1,12,2,1,4,1,0,0,14,0,1
27,1,2,4,1,13,4,1,13,2,2,6,1,0,0,22,0,1
50,1,2,4,1,13,7,2,13,2,1,2,1,0,0,48,0,1
28,1,2,4,1,14,5,2,13,2,1,2,1,3,0,64,0,1
33,1,1,4,1,16,9,2,13,2,1,3,1,0,0,22,0,1
56,1,2,4,1,20,1,2,12,2,2,2,1,3,7,105,0,1
43,2,2,4,1,14,8,1,12,2,1,4,1,0,7,56,0,1
40,1,1,5,1,4,9,1,12,2,1,2,1,0,0,3,0,1
27,1,2,4,1,0,9,2,13,2,1,1,1,0,0,14,0,1
43,1,2,4,1,20,8,1,12,2,1,3,1,0,0,55,0,1
42,1,2,4,1,15,7,1,13,2,1,1,1,0,0,36,0,1
33,2,2,4,1,13,8,1,13,2,2,4,1,2,0,82,0,1
44,1,1,7,1,4,4,1,13,2,1,3,1,3,7,82,0,1
31,2,1,5,1,1,9,2,13,2,1,5,1,3,11,80,0,1
35,1,2,4,1,13,10,2,13,2,1,3,1,0,0,22,0,1
49,1,2,4,1,10,8,1,13,2,1,1,1,3,7,99,0,1
48,2,2,5,1,0,3,2,13,2,1,4,1,3,7,135,0,1
34,1,1,5,1,10,1,1,12,2,1,7,1,3,6,117,0,1
35,1,1,5,1,16,10,2,9,2,1,2,1,3,0,61,0,1
42,1,2,4,1,16,6,2,13,2,1,1,1,0,0,20,0,1
54,1,2,5,1,13,8,1,13,2,2,2,1,0,0,13,0,1
46,1,1,5,1,10,8,2,12,2,1,7,1,3,6,125,0,1
40,1,2,4,1,0,1,1,12,2,1,2,1,0,0,70,1,1
47,1,2,4,1,14,11,2,13,2,1,4,1,3,7,88,0,1
38,1,1,5,1,1,11,2,13,2,2,6,1,3,7,77,0,1
46,1,2,4,1,1,9,1,13,2,1,0,1,0,0,38,0,1
54,1,2,4,1,14,8,1,13,2,1,4,1,3,7,100,0,1
39,1,2,4,1,4,8,2,13,2,1,4,1,3,7,150,0,1
47,1,1,5,1,4,5,1,12,2,1,6,1,3,7,103,0,1
37,1,2,4,1,1,10,2,12,2,1,0,1,0,0,38,0,1
20,1,2,4,1,16,5,1,13,2,1,4,1,0,0,14,0,1
47,1,2,6,1,8,8,2,13,2,1,3,1,3,7,72,0,1
30,2,2,4,1,13,11,2,13,2,1,0,1,0,0,12,0,1
40,1,2,4,1,20,5,2,9,2,1,0,1,3,7,102,0,1
45,1,2,4,1,1,9,2,12,2,1,2,1,3,7,112,0,1
40,1,1,4,1,10,3,1,12,2,1,2,1,0,0,20,0,1
29,1,2,6,1,0,4,2,11,2,1,3,1,0,0,12,0,1
32,1,2,4,1,13,3,2,13,2,1,1,1,2,7,76,0,1
34,1,2,4,1,13,3,1,13,2,1,3,1,0,0,33,0,1
59,1,2,5,1,2,5,2,9,2,1,3,1,3,7,124,0,1
47,1,2,4,1,14,1,2,13,2,1,1,1,0,0,32,0,1
23,1,2,4,1,10,6,1,12,2,1,4,1,0,0,13,0,1
66,1,1,5,1,11,6,2,12,2,1,6,1,3,7,161,0,1
31,1,1,5,1,0,10,2,13,2,1,3,1,0,0,14,0,1
23,1,2,7,1,13,11,2,11,2,1,1,1,0,0,2,0,1
57,2,1,5,1,1,9,2,11,2,1,3,1,4,7,77,0,1
53,1,2,4,1,13,5,1,13,2,1,5,1,3,7,98,0,1
49,1,2,4,1,13,7,1,12,2,2,3,1,0,0,62,0,1
24,1,2,4,1,5,1,2,13,2,1,0,1,0,0,54,0,1
52,1,1,5,1,0,2,1,13,2,1,0,1,0,0,3,0,1
31,2,2,4,1,13,7,1,13,2,1,5,1,3,2,68,0,1
46,1,1,5,1,0,11,2,13,2,1,4,1,3,7,85,0,1
34,1,1,5,1,13,6,2,13,2,1,4,1,3,5,59,1,1
34,1,1,5,1,13,1,2,12,2,2,3,1,3,7,89,0,1
22,1,2,6,1,2,11,1,12,2,1,8,1,0,0,36,0,1
48,1,1,5,1,1,1,2,6,2,1,1,1,3,7,64,0,1
31,1,1,5,1,10,3,1,12,2,1,8,1,0,0,14,1,1
38,1,1,5,1,10,9,1,12,2,1,2,1,0,0,36,0,1
39,2,1,5,1,0,6,1,12,2,1,3,1,0,0,50,1,1
33,2,1,5,1,1,10,2,11,2,1,0,1,0,0,27,0,1
51,1,1,5,1,16,10,2,9,2,1,3,1,3,7,130,0,1
25,1,1,4,1,1,9,2,11,2,1,2,1,0,0,8,0,1
32,1,1,5,1,13,11,1,12,2,1,5,1,2,0,48,0,1
23,1,2,4,1,13,9,1,13,2,1,3,1,0,0,1,0,1
28,2,2,4,1,0,8,1,13,2,1,3,1,0,0,17,0,1
41,1,1,7,1,13,9,2,13,2,1,3,1,0,0,25,0,1
59,1,1,5,1,4,8,1,12,2,1,2,1,0,0,49,0,1
26,1,2,4,1,13,9,2,13,2,1,2,1,0,0,16,0,1
36,1,2,4,1,13,7,2,13,2,1,3,1,0,0,45,0,1
52,1,1,7,1,16,4,2,12,2,2,3,1,0,7,81,0,1
45,1,2,4,1,1,7,2,12,2,1,1,1,0,0,30,0,1
51,1,1,5,1,1,10,2,6,2,2,4,1,3,7,115,0,1
36,1,2,4,1,13,4,2,13,2,2,2,1,2,0,40,0,1
40,1,1,5,1,13,3,2,13,2,1,2,1,0,0,9,0,1
63,1,1,5,1,20,11,2,12,2,1,0,1,3,7,88,0,1
54,1,2,4,1,13,1,1,12,2,2,3,1,0,7,81,0,1
36,1,2,4,1,13,9,1,13,2,1,3,1,2,0,63,0,1
53,1,2,4,1,10,5,1,12,2,1,2,1,3,7,155,0,1
34,1,2,4,1,4,8,2,13,2,1,3,1,3,7,88,0,1
49,1,2,4,1,4,5,1,12,2,1,2,1,0,7,52,0,1
57,1,2,4,1,4,6,2,9,2,1,2,1,3,7,137,0,1
31,1,2,4,1,11,10,1,12,2,1,5,1,0,0,44,0,1
24,1,2,4,1,13,1,2,12,2,1,3,1,0,0,51,0,1
39,2,1,7,1,13,8,2,13,2,1,4,1,3,7,117,0,1
45,1,1,5,1,0,11,2,12,2,1,3,1,3,0,64,0,1
55,1,2,6,1,20,5,2,13,2,1,3,1,3,7,143,0,1
26,1,2,4,1,0,9,1,13,2,1,1,1,3,7,162,0,0
32,1,1,5,1,16,5,2,12,2,2,3,1,0,0,60,0,1
39,1,1,5,1,16,11,1,7,2,1,2,1,3,10,314,1,0
46,2,1,5,1,13,10,2,13,2,1,1,1,0,0,35,0,1
26,1,2,4,1,10,2,1,7,2,1,4,1,3,7,173,0,1
38,1,2,4,1,16,5,1,12,2,1,4,1,0,0,15,0,1
39,1,2,4,1,13,2,2,13,2,2,0,1,0,0,58,0,1
30,1,2,4,1,13,3,1,12,2,1,6,1,0,0,78,0,1
49,1,2,4,1,13,5,1,13,2,2,0,1,0,0,112,0,1
27,1,1,5,1,13,9,2,12,2,1,5,1,3,7,204,0,1
24,2,1,5,2,10,2,1,3,2,1,0,1,3,7,316,0,0
27,1,1,5,1,12,9,2,2,2,1,2,1,3,6,181,0,1
49,1,1,5,2,0,3,1,12,2,1,2,1,3,7,254,1,0
26,2,2,4,1,13,7,2,13,2,1,0,1,3,6,129,0,1
34,1,1,4,1,16,5,1,13,2,1,2,1,0,0,99,1,0
23,1,1,5,1,13,3,1,13,2,1,3,1,0,0,50,0,1
24,1,1,5,1,13,11,2,13,2,1,2,1,0,0,37,0,1
47,1,2,4,1,13,5,1,13,2,1,1,1,0,0,89,0,1
33,1,2,4,1,11,3,1,12,2,1,1,1,3,7,148,0,1
23,1,1,5,1,16,11,2,13,2,1,3,1,0,0,102,0,1
36,2,1,5,1,12,2,1,12,2,1,2,1,3,11,191,0,1
28,2,2,4,1,13,11,1,13,2,1,1,1,3,6,135,1,0
42,1,2,4,1,0,2,1,12,2,1,0,1,0,0,71,0,1
26,2,1,5,1,13,3,1,13,2,1,5,1,3,10,258,2,0
24,1,1,1,1,16,4,2,13,2,1,1,1,3,10,181,0,1
33,1,2,4,1,13,3,1,13,2,1,1,1,0,0,20,0,1
35,1,1,5,1,16,9,2,11,2,1,3,1,0,6,159,0,1
40,2,2,4,1,0,3,1,13,2,1,1,1,0,0,57,1,0
40,1,2,4,1,14,11,1,13,2,1,2,1,0,7,115,0,1
20,1,1,5,1,13,12,1,12,2,3,4,1,3,6,162,2,0
45,1,1,4,1,13,3,1,12,2,1,1,1,3,7,199,1,0
27,1,1,5,1,16,1,2,3,2,1,0,1,3,7,198,0,1
52,1,2,4,1,13,7,1,13,2,1,0,1,3,7,175,1,0
19,1,1,5,1,16,2,1,7,2,4,1,1,3,6,332,0,0
20,1,1,5,1,13,5,2,13,2,1,3,1,0,0,79,0,1
28,1,2,4,1,13,5,2,13,2,1,1,1,0,0,70,0,1
40,2,1,5,1,0,7,1,13,2,1,1,1,3,7,239,1,0
58,1,1,5,1,12,11,1,12,2,1,0,1,0,0,92,0,1
37,1,1,5,1,16,4,1,13,2,1,3,1,0,0,99,0,1
37,2,1,5,1,16,10,2,12,2,1,1,1,0,7,202,0,1
70,1,1,5,1,13,7,1,13,2,1,0,1,0,0,7,0,1
37,1,1,1,1,20,9,2,13,2,1,0,1,0,7,172,0,1
33,1,2,4,1,16,6,1,12,1,1,4,1,0,0,16,0,1
41,1,2,5,1,13,9,2,13,2,1,3,1,0,0,1,0,1
20,1,2,4,1,16,3,2,2,2,1,0,1,3,3,179,0,1
31,1,2,4,1,12,1,1,12,2,1,2,1,3,7,240,0,0
44,1,2,5,1,13,11,1,12,2,2,4,1,0,0,60,0,1
57,1,2,4,1,0,7,1,13,2,1,1,1,0,0,30,1,1
31,1,1,5,1,13,7,1,13,2,1,4,1,0,0,50,0,1
37,1,2,1,1,15,2,1,7,2,1,1,1,3,7,310,0,0
47,1,2,4,1,13,3,1,13,2,1,0,1,0,0,131,0,1
37,1,2,4,1,16,3,1,12,2,1,2,1,3,7,205,0,1
31,1,1,5,1,13,3,1,13,2,2,6,1,0,0,121,0,1
35,1,1,5,1,13,9,2,13,2,1,3,1,0,0,77,0,1
36,1,1,5,1,13,11,2,13,2,2,2,1,0,6,138,0,1
47,2,1,5,1,13,7,1,13,2,1,1,1,0,0,48,0,1
42,2,2,4,1,14,4,1,13,2,1,1,1,0,0,22,1,1
34,1,2,5,1,13,2,2,12,2,1,3,1,0,0,51,1,0
32,1,2,4,1,11,9,2,13,2,1,4,1,0,6,140,0,1
51,1,1,5,1,12,4,2,12,2,1,0,1,0,0,27,0,1
29,1,2,4,1,16,5,2,13,2,1,2,1,0,0,101,0,1
39,1,1,4,1,14,12,2,13,2,1,1,1,0,0,119,0,1
49,1,1,5,1,20,10,1,12,2,1,4,1,0,0,44,0,1
48,1,2,4,1,20,9,1,13,2,1,0,1,0,0,43,0,1
25,2,2,4,1,15,9,1,12,2,1,0,1,3,7,311,0,0
35,1,2,4,1,13,2,1,7,2,1,1,1,0,0,132,0,1
40,1,2,4,1,13,5,1,12,2,1,2,1,0,0,44,0,1
26,1,2,4,1,14,11,1,7,2,1,5,1,0,0,40,0,1
38,1,1,5,1,13,9,1,13,2,1,2,1,0,0,62,0,1
28,1,2,4,1,12,12,1,12,2,1,1,1,3,0,150,0,1
25,1,1,5,1,13,3,2,13,2,1,4,1,0,0,56,0,1
29,1,1,1,1,16,11,2,12,2,2,0,1,3,7,191,0,1
27,1,2,4,1,16,4,2,12,2,1,2,1,3,10,150,0,1
44,1,1,5,1,12,2,1,12,1,1,1,1,0,0,72,0,1
33,1,1,5,1,14,2,2,12,2,1,0,1,3,7,244,0,0
45,2,2,4,1,13,6,1,13,2,1,2,1,0,0,41,0,1
40,1,1,5,1,13,2,2,1,2,2,3,1,0,0,107,0,1
44,1,2,4,1,16,3,1,13,2,1,0,1,0,0,91,0,1
47,1,2,4,1,13,10,1,12,2,1,1,1,3,7,183,0,1
30,1,1,5,1,4,3,2,12,1,1,4,1,0,0,29,0,1
43,1,2,4,1,10,3,1,12,2,1,1,1,0,0,51,0,1
47,1,2,4,1,13,5,1,12,2,1,0,1,0,0,31,0,1
47,2,1,5,1,14,10,1,13,2,1,2,1,0,0,36,0,1
34,1,2,4,1,16,5,1,12,2,1,2,1,3,10,162,0,0
37,1,1,4,1,15,7,2,13,2,1,0,1,3,6,196,0,1
42,1,2,4,1,16,1,1,12,2,1,3,1,0,0,41,0,1
40,1,1,5,1,12,6,1,12,2,1,1,1,3,7,161,0,1
34,1,1,5,1,16,12,1,12,2,1,2,1,3,6,176,0,1
36,1,1,1,1,16,11,2,7,2,1,0,1,3,7,196,0,0
21,1,2,6,1,14,11,2,7,2,1,1,1,3,7,240,0,0
30,1,2,4,1,13,2,1,12,2,2,3,1,0,0,117,0,1
41,1,2,4,1,20,5,1,12,2,1,1,1,0,0,103,0,1
29,1,2,4,1,13,3,2,13,2,2,1,1,0,0,105,0,1
44,1,2,4,1,10,2,1,12,2,1,0,1,0,0,101,0,1
29,1,1,5,1,13,12,2,13,2,1,3,1,0,0,23,0,1
25,1,2,4,1,13,9,2,13,2,1,2,1,0,0,19,0,1
26,1,2,4,1,14,11,2,7,2,1,1,1,3,7,249,0,1
28,1,2,4,2,11,9,1,7,2,1,3,1,3,7,195,0,1
54,1,2,4,1,20,3,1,12,2,1,2,1,0,0,42,0,1
33,1,1,5,1,20,11,1,7,2,1,3,1,3,7,178,0,1
47,1,2,4,1,13,12,1,12,2,1,1,1,0,6,154,1,1
35,1,2,4,1,13,5,2,13,2,1,1,1,0,0,47,0,1
47,1,1,5,1,12,6,2,12,2,1,2,1,0,0,43,0,1
31,1,1,4,1,13,2,2,12,2,1,2,1,0,0,113,0,1
44,1,2,4,1,13,12,1,13,2,1,2,1,3,6,120,0,1
30,1,1,5,2,13,5,2,13,2,1,0,1,3,7,215,0,1
19,2,1,1,2,15,3,1,7,2,4,2,1,3,7,368,0,0
34,1,2,4,1,11,4,2,7,2,1,2,1,0,0,50,0,1
36,1,1,5,1,13,11,2,2,2,2,0,1,3,7,226,0,1
40,1,2,4,1,13,7,2,13,2,1,1,1,0,0,6,0,1
36,2,1,5,1,13,2,1,13,2,1,1,1,0,0,80,0,1
31,1,2,4,1,10,9,1,12,2,1,2,1,0,0,114,0,1
38,2,2,4,1,14,4,1,13,2,1,2,1,3,6,166,0,1
31,2,1,4,1,13,6,1,12,2,1,1,1,3,4,205,0,1
39,1,1,5,1,12,2,1,12,2,1,2,1,0,6,179,0,1
21,1,2,4,1,10,5,1,12,2,1,5,1,0,0,31,0,1
53,1,1,5,1,16,5,1,13,2,1,1,1,0,0,77,0,1
26,2,2,4,1,13,3,1,13,2,1,0,1,3,7,220,0,0
27,1,2,4,1,12,6,1,12,2,1,3,1,0,0,93,0,1
30,2,1,1,2,12,7,1,3,2,1,1,1,3,7,368,0,1
24,2,1,5,1,0,10,1,13,2,1,1,1,3,6,250,1,0
40,1,2,4,1,4,10,1,12,2,1,2,1,0,0,65,0,1
25,1,2,4,1,13,2,2,14,2,1,1,1,0,0,132,0,1
22,1,2,4,1,13,7,1,12,2,1,4,1,0,10,130,1,0
42,2,1,5,1,13,11,1,13,2,1,0,0,3,7,202,1,0
30,1,2,4,1,13,3,1,13,2,1,1,1,0,0,42,0,1
34,1,2,4,1,13,1,1,7,2,1,1,1,0,0,127,0,1
24,1,2,4,1,11,4,1,12,2,1,6,1,0,0,77,0,1
45,2,1,5,1,13,5,1,13,2,1,2,1,0,0,67,0,1
35,1,1,5,1,16,10,2,13,2,1,3,1,0,0,107,0,1
20,1,2,4,1,16,1,2,12,2,1,4,1,0,0,41,0,1
52,1,1,5,1,12,9,1,12,2,1,2,1,0,0,125,0,1
36,1,1,5,1,13,9,2,7,2,1,0,0,3,7,176,0,1
38,1,1,5,1,13,6,1,13,2,1,2,1,3,0,130,1,0
26,1,2,4,1,11,3,1,12,2,1,6,1,0,0,131,0,1
19,1,2,4,1,0,3,1,13,2,1,3,1,0,0,91,1,0
37,1,1,5,1,13,3,1,13,2,1,2,1,0,0,67,0,1
44,2,2,4,1,13,10,2,13,2,1,1,1,0,0,49,0,1
32,1,2,4,1,14,3,1,13,2,1,0,1,0,0,55,0,1
24,2,1,1,1,16,5,2,12,2,1,2,1,3,6,194,0,1
27,1,2,4,1,10,3,1,12,2,1,3,1,0,0,33,0,1
54,1,1,5,1,16,10,1,7,2,1,0,1,3,7,258,0,1
32,1,2,4,1,13,2,2,13,2,1,1,1,0,0,92,1,1
39,1,1,5,1,13,4,2,13,2,1,2,1,0,0,23,0,1
50,1,2,5,1,16,11,2,13,2,1,2,1,0,0,11,0,1
35,1,1,5,1,16,12,2,12,2,1,0,1,3,7,231,0,0
26,2,1,5,1,14,7,2,13,2,1,3,1,0,0,5,0,1
44,1,2,4,1,0,2,1,12,2,3,1,1,3,6,282,1,0
27,2,1,5,1,20,10,2,13,2,1,5,1,0,7,148,0,1
48,1,1,4,1,4,7,1,13,1,1,0,1,0,0,14,0,1
43,1,1,4,1,13,7,1,13,2,1,1,1,3,10,173,1,0
38,2,1,5,1,13,12,1,13,2,1,1,1,3,6,271,0,1
47,1,2,4,1,13,1,1,12,2,1,0,1,0,0,39,0,1
44,1,1,5,1,16,11,2,12,2,1,5,1,0,0,65,0,1
28,1,2,4,1,13,7,2,13,2,1,3,1,0,0,10,0,1
23,2,1,4,1,16,11,1,13,2,1,1,1,3,10,223,0,0
43,2,1,5,1,16,10,1,12,2,1,1,1,0,6,125,0,1
40,1,1,5,1,13,9,2,13,2,1,2,1,0,0,12,0,1
53,1,2,4,1,14,7,2,13,2,1,0,1,0,0,18,0,1
33,2,2,4,1,10,7,1,13,2,1,2,1,0,0,76,0,1
40,2,1,4,1,14,2,1,12,2,1,1,1,3,7,189,0,1
42,1,2,4,1,16,4,1,12,2,2,1,1,0,7,148,0,1
42,1,1,5,1,4,5,1,12,2,1,4,1,0,0,61,0,1
38,1,1,5,1,12,12,1,12,2,1,1,1,0,6,157,0,1
25,1,1,4,1,10,11,1,7,2,1,1,1,3,7,301,0,0
41,1,2,4,1,16,5,1,12,2,1,3,1,0,0,29,0,1
44,1,1,4,1,13,3,1,13,2,1,2,1,0,0,141,0,1
23,1,1,4,1,12,9,1,7,2,1,2,1,3,7,288,0,0
42,1,2,4,1,13,5,2,13,2,1,1,1,0,0,60,0,1
29,2,1,5,1,13,7,1,13,2,1,3,1,3,11,298,0,0
26,1,2,4,1,13,6,2,13,2,1,3,1,0,0,27,0,1
40,1,1,4,1,13,11,1,13,2,1,2,1,0,0,136,0,1
36,2,1,5,1,13,9,2,12,2,1,3,1,0,0,42,0,1
27,2,1,5,1,13,10,1,12,2,1,4,1,3,10,188,0,1
24,1,2,4,1,0,11,2,13,2,1,2,1,3,7,146,1,0
39,1,2,4,1,15,2,1,12,2,1,2,1,3,10,203,0,1
38,1,1,5,1,16,5,2,12,1,1,3,1,0,0,65,0,1
39,1,2,4,1,11,7,1,12,1,1,5,1,0,0,14,0,1
38,1,2,4,1,0,7,1,12,2,1,3,1,0,6,167,1,0
48,1,1,4,1,14,11,2,7,2,1,0,1,3,7,230,0,1
43,2,2,4,1,16,3,1,12,2,1,0,1,3,7,130,0,1
41,1,2,4,1,14,6,1,13,2,1,0,1,0,0,19,0,1
43,1,2,4,1,20,3,1,13,2,1,1,1,3,7,192,0,0
39,1,2,4,1,13,2,1,2,2,1,1,1,0,0,45,0,1
41,1,1,5,1,20,7,1,12,2,1,1,1,3,7,219,0,1
43,2,1,5,1,20,8,1,13,2,1,4,1,0,6,146,0,1
29,1,2,4,1,16,5,1,12,2,1,5,1,0,0,24,0,1
24,1,2,4,1,13,4,2,7,2,1,3,1,3,7,146,0,1
38,2,2,4,1,4,3,2,13,2,1,2,1,0,0,35,0,1
33,1,2,4,1,10,3,1,12,2,1,0,1,0,7,128,0,1
37,1,2,4,1,10,2,1,12,2,1,3,1,0,0,37,0,1
32,1,1,5,1,13,11,2,12,2,2,2,1,0,10,156,1,0
56,2,1,5,1,20,5,2,3,2,1,0,1,0,0,79,0,1
30,1,2,4,1,11,6,1,13,2,1,2,1,0,0,54,0,1
45,1,2,4,1,10,3,1,13,2,1,1,1,0,0,30,0,1
43,1,1,5,1,13,9,2,13,2,1,2,1,0,0,108,0,1
20,2,1,4,2,16,7,2,7,2,1,0,1,3,10,305,0,1
27,1,2,4,1,15,2,1,12,2,1,2,1,3,7,307,1,0
32,1,2,4,1,13,7,1,12,2,1,0,1,0,0,85,0,1
29,1,2,4,1,13,3,1,12,2,1,4,1,3,10,169,1,0
30,1,1,5,1,14,12,2,13,2,1,2,1,0,0,81,0,1
24,1,2,4,1,16,5,1,12,2,1,6,1,0,0,75,0,1
19,1,2,4,1,0,1,1,12,2,1,4,1,0,0,38,0,1
19,2,1,5,1,13,2,2,13,2,1,4,1,0,0,72,0,1
25,1,1,5,1,13,1,2,13,2,1,2,1,3,6,268,0,1
37,2,2,4,1,13,7,1,13,2,1,2,1,0,0,11,0,1
30,1,1,5,1,4,3,1,12,2,1,3,1,3,0,106,1,0
29,1,2,6,1,13,9,1,13,2,1,4,1,0,0,25,1,1
27,1,2,4,1,15,2,1,7,2,1,0,1,3,7,313,0,0
44,1,1,5,1,16,11,1,12,2,1,2,1,0,7,165,0,1
32,1,2,4,1,16,1,1,3,2,1,0,1,3,0,132,0,1
39,1,2,4,1,13,2,1,13,2,1,1,1,3,7,169,0,1
44,1,1,5,1,4,4,1,12,2,1,5,1,0,0,21,0,1
26,1,1,5,1,15,7,2,13,2,1,1,1,3,6,240,0,0
32,2,1,5,2,13,5,1,11,2,1,3,1,0,0,111,0,1
32,2,1,5,1,0,11,1,7,2,1,1,1,3,7,195,0,0
40,1,1,5,1,13,9,1,13,2,1,1,1,0,7,142,0,1
21,1,1,1,2,16,2,2,7,2,4,1,1,3,10,375,0,0
35,1,2,4,1,13,5,1,13,2,1,3,1,0,0,70,0,1
30,1,2,4,1,13,2,1,12,2,1,4,1,0,0,11,0,1
51,1,2,4,1,13,9,1,13,2,1,2,1,0,0,29,0,1
30,1,1,4,2,16,2,1,12,2,1,1,1,3,7,339,0,1
41,1,1,4,1,16,3,1,12,2,1,1,1,3,10,225,0,1
35,1,1,5,1,10,12,1,12,2,1,0,1,0,0,95,0,1
46,1,2,6,1,13,5,1,13,2,1,2,1,0,0,89,0,1
31,1,2,4,1,13,7,1,8,1,1,3,1,0,0,9,0,1
23,1,2,4,1,13,3,1,12,2,1,4,1,0,0,81,0,1
41,1,1,5,1,13,11,2,12,2,1,5,1,0,0,98,0,1
32,1,1,4,1,13,12,2,13,2,1,3,1,0,0,76,0,1
32,1,1,1,1,20,4,2,13,2,2,0,1,0,10,161,1,1
38,1,2,4,1,13,9,1,13,1,1,4,1,0,0,16,0,1
32,1,1,5,1,13,5,1,12,2,1,4,1,0,0,74,0,1
33,1,1,4,1,13,2,1,7,2,2,0,1,3,7,366,0,0
24,2,1,1,1,16,3,1,13,2,1,0,1,3,7,312,0,0
38,1,1,5,1,13,4,1,13,2,1,6,1,0,0,52,0,1
47,1,2,4,1,13,7,1,12,2,1,2,1,0,0,10,0,1
37,1,2,4,1,13,5,1,13,2,1,0,1,0,0,54,0,1
48,2,2,4,1,13,7,1,13,2,1,1,1,0,7,108,1,0
50,1,2,4,1,16,2,1,12,2,1,3,1,0,0,23,0,1
31,2,2,5,1,13,4,1,12,2,1,4,1,0,0,40,0,1
22,1,1,4,1,13,4,1,13,2,1,4,1,0,6,112,1,0
27,1,2,4,1,13,3,1,13,2,1,1,1,3,6,155,0,1
24,1,1,5,2,16,3,1,3,2,1,3,1,3,7,281,0,1
39,2,1,5,1,16,7,1,13,2,1,1,1,0,0,107,0,1
31,2,2,6,1,13,7,1,13,2,1,4,1,0,0,75,1,1
44,1,1,5,1,16,9,1,7,2,1,2,1,3,7,201,0,1
29,1,1,5,1,16,7,1,12,2,1,4,1,3,10,172,1,0
28,1,1,5,1,15,11,1,4,2,1,1,1,3,7,364,0,0
42,1,2,4,1,13,6,1,13,2,1,1,1,0,0,93,0,1
33,1,2,4,1,13,5,2,13,2,2,3,1,0,0,98,0,1
46,1,2,4,1,13,9,1,13,2,1,2,1,0,0,38,0,1
24,1,1,1,1,16,11,2,13,2,1,1,1,3,11,311,0,0
40,2,1,5,1,16,5,1,12,2,1,1,1,0,0,96,0,0
37,1,2,5,1,4,5,1,12,2,1,4,1,0,0,28,0,1
31,1,2,4,1,16,2,1,12,2,1,4,1,0,0,55,0,1
32,2,1,5,1,16,11,2,13,2,1,0,1,3,7,212,0,0
28,1,1,5,1,10,10,1,0,2,1,4,1,0,7,159,0,1
26,1,2,4,1,13,5,1,13,2,1,3,1,0,0,18,0,1
23,2,2,4,1,13,3,1,12,2,1,4,1,0,0,67,1,1
30,2,2,4,1,11,10,2,10,2,1,1,1,0,0,71,0,1
47,1,2,4,1,11,2,1,13,2,1,0,1,0,0,39,0,1
47,1,2,4,1,16,5,1,12,2,1,2,1,0,0,97,0,1
50,2,1,5,1,13,7,1,12,2,1,5,1,0,0,2,0,1
48,1,1,5,1,13,10,1,12,2,1,0,1,0,6,147,0,1
55,1,1,5,1,16,7,1,12,2,1,2,1,0,0,155,0,1
31,1,1,5,1,16,11,1,12,2,1,4,1,0,0,110,0,1
39,1,1,5,1,11,7,2,13,2,1,3,1,0,0,80,0,1
26,1,2,4,1,12,12,1,12,2,1,1,1,3,6,208,1,0
44,1,1,5,1,12,9,1,12,2,1,2,1,0,6,161,0,1
24,1,1,5,1,13,11,1,7,2,3,3,1,3,6,220,1,0
20,1,1,4,1,13,9,2,13,2,4,3,1,3,11,330,0,1
44,1,2,4,1,20,7,1,12,2,1,0,1,3,7,170,0,1
34,1,1,5,1,11,10,2,13,2,1,4,1,0,0,61,0,1
28,1,2,4,1,13,4,2,7,2,1,1,1,0,0,69,0,1
33,1,2,4,1,13,7,1,13,2,1,3,1,0,0,31,0,1
36,1,1,5,1,13,2,2,12,2,1,2,1,3,6,171,2,1
41,1,1,5,1,16,9,1,12,2,1,1,1,0,0,90,0,1
44,2,2,4,1,12,7,1,13,2,1,1,1,0,0,34,0,1
32,1,1,7,1,20,4,2,13,2,1,1,1,0,0,50,0,1
25,1,2,4,1,10,4,2,12,2,1,5,1,0,0,12,0,1
38,1,2,5,1,13,5,2,13,2,1,1,1,0,0,48,0,1
59,1,1,5,1,16,3,1,12,2,1,2,1,0,0,28,0,1
29,2,2,4,1,11,7,2,13,2,1,4,1,0,0,71,0,1
42,2,1,5,1,11,8,1,13,2,1,2,1,0,0,31,0,1
32,1,1,5,1,10,5,2,11,1,1,1,1,4,0,241,0,1
39,1,2,4,1,13,1,1,12,1,2,5,1,3,0,246,0,1
49,1,1,5,1,4,11,2,13,2,1,2,1,0,0,209,0,1
49,1,2,4,1,13,3,1,12,1,1,3,1,0,0,136,0,1
33,1,1,5,1,0,8,2,12,2,1,4,1,0,0,170,0,1
37,1,2,4,1,16,8,2,12,1,2,4,1,0,0,82,0,1
35,1,1,5,1,14,12,2,13,2,1,2,1,0,0,61,0,1
48,2,1,5,1,3,8,2,13,2,1,3,1,0,0,142,0,1
21,1,2,6,1,4,7,1,13,1,1,5,1,0,0,129,0,1
52,2,1,5,1,14,7,2,13,2,1,1,1,0,0,67,0,1
23,1,1,5,1,13,11,1,13,1,1,5,0,4,0,312,1,0
44,1,1,5,1,16,4,2,12,2,1,3,1,4,0,214,0,1
35,1,2,6,1,1,3,2,11,1,1,1,1,4,0,230,0,1
41,1,1,5,1,10,10,2,13,2,1,1,1,0,0,174,0,1
23,1,1,5,1,5,5,2,11,2,1,4,1,4,0,223,0,1
52,1,2,4,1,14,11,2,13,1,1,0,1,0,0,2,0,1
43,1,1,5,1,10,10,1,13,2,1,1,1,0,0,132,0,1
32,2,1,5,1,11,8,1,12,2,1,4,1,4,0,297,0,1
56,1,1,5,1,16,5,2,11,2,1,1,0,4,0,250,0,1
25,1,1,4,1,16,5,1,13,2,1,4,1,0,0,54,0,1
52,1,2,4,1,3,8,2,12,1,1,0,1,0,0,170,0,1
41,1,2,4,1,13,8,2,13,1,1,0,1,0,0,104,0,1
45,1,1,5,1,13,11,2,13,2,1,1,1,0,0,103,0,1
52,2,1,5,1,13,7,2,13,2,2,1,1,0,0,183,0,1
45,1,1,5,1,16,6,2,13,2,1,3,1,0,0,8,0,1
42,1,2,4,1,14,4,1,13,2,1,2,1,0,0,78,0,1
44,1,1,5,1,13,12,1,13,2,1,6,1,0,0,112,0,1
39,1,1,5,1,4,4,1,12,2,1,2,1,0,0,185,0,1
52,1,1,5,1,0,1,1,12,2,1,1,1,0,0,82,0,1
37,1,2,4,1,14,11,2,9,1,2,4,1,0,0,60,0,1
49,1,1,5,1,1,6,2,13,2,1,0,1,0,0,68,0,1
41,1,2,4,1,13,11,2,13,2,1,2,1,0,0,143,0,1
27,1,1,5,1,13,8,2,11,2,1,5,1,0,0,150,0,1
37,1,1,5,1,16,6,2,13,2,1,4,1,0,0,71,0,1
24,1,1,5,1,3,4,2,12,1,2,6,1,4,0,213,0,1
20,1,2,5,1,13,1,1,11,2,2,7,1,4,5,330,1,1
39,1,1,2,1,4,4,1,13,2,1,5,1,0,0,92,1,1
42,1,2,4,1,14,8,2,13,1,1,0,1,4,0,296,0,1
45,1,1,5,1,16,3,1,12,1,1,3,1,0,0,212,0,1
34,1,2,4,1,14,1,2,12,1,1,4,1,0,0,180,0,1
32,1,1,5,2,10,4,2,13,2,1,4,1,4,0,212,0,1
48,1,1,5,1,13,7,1,13,2,1,5,1,0,0,63,0,1
38,1,1,5,1,13,10,2,12,2,1,4,1,4,0,246,0,1
45,1,1,5,1,16,12,2,12,1,1,2,1,0,0,1,0,1
39,1,1,5,1,0,1,1,13,2,1,2,1,0,0,28,0,1
32,1,2,4,1,13,9,1,13,2,1,6,1,0,0,111,0,1
28,1,1,5,1,4,1,1,12,2,1,7,1,0,0,73,0,1
33,1,1,5,1,4,8,2,13,2,1,3,1,4,8,292,0,1
40,1,1,5,1,10,8,2,13,2,1,4,1,0,0,45,0,1
44,1,1,2,1,4,4,2,13,2,1,2,1,0,0,107,0,1
23,1,2,4,1,11,6,2,12,1,1,4,1,0,0,102,0,1
26,1,2,4,1,13,5,1,12,1,1,5,1,2,0,164,0,1
42,1,1,5,1,1,1,2,11,2,1,1,1,0,0,106,0,1
37,1,2,4,1,1,11,2,13,2,1,1,1,0,0,69,0,1
45,1,2,4,1,1,7,1,12,1,1,1,1,4,0,280,0,1
27,1,2,4,1,0,4,2,13,2,1,4,1,0,0,30,0,1
32,1,2,4,1,16,4,2,13,2,1,4,1,0,0,35,0,1
39,1,2,6,1,11,1,1,12,2,1,6,1,0,0,206,0,1
49,1,2,4,1,0,11,1,13,2,1,1,1,2,0,271,0,1
34,1,1,5,1,1,6,2,12,2,1,2,1,0,0,39,0,1
27,1,2,6,1,0,9,2,13,2,1,4,1,0,0,21,0,1
31,1,2,4,1,4,7,2,13,1,1,2,1,0,0,87,0,1
41,1,2,5,1,14,6,2,12,2,1,2,1,0,0,137,0,1
33,1,2,6,1,0,5,2,13,2,1,3,1,0,0,25,1,1
54,1,2,5,1,1,7,1,12,2,2,3,1,0,0,195,0,1
43,1,1,5,1,4,4,1,12,2,2,5,1,0,0,190,0,1
34,2,1,5,1,13,10,2,11,2,1,4,1,0,0,197,1,1
34,1,2,4,1,1,9,2,7,1,1,5,1,0,0,5,0,1
22,1,1,5,1,13,10,1,13,2,1,6,1,0,0,36,0,1
23,1,2,6,1,0,9,2,13,1,1,3,1,0,0,148,0,1
43,1,1,5,1,13,7,2,13,2,2,1,1,0,0,82,0,1
41,1,2,4,1,4,3,1,12,1,1,3,1,0,0,91,0,1
33,1,2,4,1,1,6,2,13,2,1,2,1,0,0,182,0,1
33,1,1,5,1,0,8,1,13,1,1,4,1,0,0,57,1,1
37,1,1,5,1,4,8,1,13,2,1,2,1,0,0,40,0,1
38,1,2,4,1,13,11,2,13,1,1,2,1,0,0,39,0,1
40,1,2,4,1,0,3,1,13,1,1,4,1,0,0,42,0,1
30,1,1,5,1,6,12,2,13,2,1,4,1,0,0,50,0,1
58,1,1,5,1,10,8,1,12,2,1,0,1,0,0,157,0,1
46,1,2,4,1,1,1,1,12,1,1,3,1,0,0,171,0,1
52,1,2,4,1,1,8,1,12,1,1,1,1,0,0,86,0,1
31,1,1,5,1,3,4,2,13,2,1,3,1,0,0,97,0,1
27,1,1,4,1,16,3,2,13,2,1,5,1,0,0,13,0,1
48,1,1,5,1,16,10,2,12,2,1,3,1,0,0,82,0,1
19,1,1,5,1,16,7,2,13,2,1,5,1,0,0,69,0,1
51,1,2,4,1,16,7,1,12,1,1,0,1,0,0,46,0,1
45,1,1,5,1,0,3,1,12,2,1,3,1,0,0,159,1,1
50,1,1,5,1,16,7,1,12,2,1,2,1,0,0,94,0,1
41,1,1,4,1,16,1,1,12,2,2,3,1,4,0,238,0,1
33,1,1,5,1,11,1,2,11,2,1,3,1,4,8,252,0,1
43,1,1,5,1,13,3,1,13,2,1,3,1,0,0,73,1,1
40,1,1,5,1,0,12,1,12,2,1,3,1,0,0,23,0,1
53,1,1,5,1,16,1,1,11,2,2,0,1,4,8,334,0,1
50,1,2,4,1,1,3,1,12,1,1,1,1,0,0,38,0,1
33,1,2,4,1,14,11,2,13,1,1,3,1,0,0,17,0,1
50,1,2,4,1,1,6,2,12,1,1,1,1,0,0,97,0,1
50,2,1,4,1,4,6,1,13,2,1,1,1,0,0,138,1,1
26,1,2,4,1,11,1,2,13,2,1,1,1,0,0,45,0,1
22,1,1,6,1,11,2,2,11,2,2,5,1,4,8,282,0,1
53,2,1,5,1,16,8,1,13,2,1,3,1,0,0,179,0,1
30,1,2,4,1,4,4,2,13,2,1,1,1,0,0,201,0,1
65,1,2,4,1,4,7,1,12,1,1,1,1,2,0,261,0,1
41,1,2,4,1,14,1,1,12,1,1,2,1,0,0,144,0,1
38,1,2,4,1,1,3,1,12,2,2,3,1,4,0,242,1,1
26,1,2,4,1,13,7,2,13,1,1,3,1,0,0,150,0,1
36,1,2,4,1,13,7,1,13,1,1,3,1,0,0,42,0,1
30,1,2,6,1,4,10,2,13,2,1,3,1,2,8,259,0,1
41,1,2,5,1,11,6,1,12,2,1,3,1,0,0,30,0,1
37,1,2,4,1,11,9,2,9,1,1,2,1,0,0,61,0,1
46,2,1,5,1,0,3,1,12,1,1,3,1,0,0,125,0,1
38,2,1,5,1,1,3,1,12,1,1,4,1,4,0,222,0,1
22,1,2,4,1,13,8,1,12,1,1,6,1,0,0,184,0,1
38,1,2,4,1,1,11,2,12,1,1,3,1,0,0,137,0,1
66,1,1,5,1,4,8,1,12,2,2,3,1,0,0,200,0,1
30,1,2,5,1,4,5,1,13,2,1,3,1,0,0,174,0,1
32,2,2,5,1,4,5,1,12,2,1,5,1,0,0,173,0,1
42,1,2,4,1,0,11,1,12,2,1,2,1,0,0,19,0,1
31,1,1,5,1,4,5,1,12,2,1,3,0,4,0,305,0,1
46,2,1,5,1,1,3,1,13,1,1,2,1,0,0,44,0,1
41,1,2,4,1,0,8,1,12,1,1,4,1,0,0,79,0,1
35,2,1,5,1,13,6,2,13,2,1,2,1,0,0,12,0,1
55,1,1,5,1,16,10,1,9,2,1,2,1,0,0,92,0,1
47,1,2,4,1,10,3,1,13,1,1,0,1,0,0,72,0,1
48,1,2,4,1,11,4,2,13,2,1,1,1,0,0,144,0,1
42,1,2,4,1,14,8,1,13,1,1,2,1,0,0,71,0,1
48,1,2,4,1,14,11,2,13,1,1,1,1,0,0,25,0,1
54,1,1,5,1,10,8,2,7,2,1,1,1,0,0,61,0,1
51,2,1,5,1,13,3,1,12,1,1,2,1,0,0,149,0,1
46,1,1,5,1,16,8,1,13,2,1,3,1,0,0,213,0,1
50,1,1,5,1,16,6,2,3,2,1,1,1,0,0,46,0,1
54,1,1,5,1,3,8,1,12,2,1,1,1,0,0,189,0,1
33,1,2,4,1,0,8,1,12,1,1,3,1,0,0,25,0,1
20,2,1,5,1,11,1,2,11,2,1,3,1,0,0,144,0,1
46,1,2,4,1,13,7,2,13,2,1,2,1,0,0,155,0,1
45,2,1,5,1,16,8,1,3,1,1,1,1,0,0,88,0,1
37,1,2,2,1,1,3,1,11,1,1,3,1,4,8,340,0,1
40,1,1,5,1,14,9,2,13,2,1,2,1,0,0,43,0,1
41,1,2,4,1,14,1,2,12,2,2,1,1,0,0,82,0,1
41,1,2,4,1,10,3,2,9,1,1,1,1,0,0,139,0,1
27,1,2,4,1,17,4,1,12,1,1,7,1,0,0,167,0,1
56,2,2,4,1,14,7,1,13,1,1,1,1,0,0,94,0,1
64,1,1,5,1,1,9,2,13,2,1,0,1,0,0,224,0,1
39,1,1,5,1,13,9,2,13,2,1,3,1,0,0,22,0,1
29,1,1,5,1,13,9,2,13,2,1,3,1,0,0,90,0,1
27,1,2,4,1,4,6,1,13,1,1,4,1,0,0,43,0,1
26,2,2,4,1,0,7,1,13,2,1,3,1,0,0,32,1,1
39,1,2,4,1,10,8,2,13,1,1,3,1,0,0,191,0,1
43,1,1,5,1,16,5,1,11,2,1,4,1,4,0,211,0,1
40,2,1,5,1,16,10,2,13,2,1,1,1,0,0,78,0,1
30,1,1,5,1,1,6,2,13,1,1,3,1,0,0,162,0,1
30,1,2,4,1,17,11,2,13,2,1,4,1,0,0,152,0,1
47,1,1,5,1,16,10,1,12,2,1,4,1,0,0,45,0,1
44,1,1,5,1,16,7,2,12,2,1,2,1,0,0,16,0,1
42,1,2,4,1,13,1,1,0,2,1,3,1,0,0,170,0,1
51,1,2,4,1,14,2,2,12,2,1,3,1,0,0,75,0,1
20,1,2,4,1,11,6,2,11,1,1,4,1,0,0,154,0,1
24,1,2,4,1,1,4,2,12,2,2,5,1,0,0,215,0,1
27,1,1,5,1,0,6,1,13,2,1,4,1,0,0,96,1,1
47,1,2,4,1,0,6,1,13,1,1,2,1,0,0,165,1,1
43,1,1,4,1,14,8,2,12,1,1,1,1,0,0,76,0,1
50,1,2,4,1,14,8,1,13,1,1,2,1,0,0,90,1,1
49,1,2,4,1,10,11,2,12,1,1,1,1,0,0,89,0,1
34,1,2,5,1,13,9,1,12,1,1,5,1,0,0,87,0,1
45,1,1,5,1,0,6,2,13,1,1,2,1,0,0,21,0,1
49,1,2,4,1,0,2,1,12,2,1,1,1,0,0,80,1,1
31,1,2,4,1,10,9,2,13,1,1,3,1,0,0,58,0,1
31,2,1,5,1,10,4,2,13,2,1,4,1,0,0,156,0,1
30,1,1,5,1,0,12,1,13,2,1,4,1,0,0,37,0,1
51,1,1,5,1,16,10,1,10,2,1,1,1,0,0,59,0,1
46,1,1,5,1,13,6,1,12,1,1,3,1,0,0,77,0,1
58,1,2,4,1,13,11,1,13,2,1,1,0,0,0,29,1,1
44,1,2,4,1,1,5,1,13,2,1,1,1,0,0,67,0,1
36,1,1,5,1,13,4,1,12,2,1,4,1,0,0,112,0,1
46,1,2,4,1,10,8,1,12,2,1,3,1,0,0,9,0,1
33,1,1,5,1,4,8,2,12,2,2,4,1,4,0,242,0,1
31,1,2,6,1,14,11,2,11,2,1,3,1,0,0,202,0,1
26,1,2,4,1,1,1,2,12,1,1,4,1,4,5,346,0,1
33,2,2,4,1,13,7,2,11,1,1,3,1,2,0,199,0,1
41,1,2,5,1,4,1,1,12,1,1,4,1,0,0,142,0,1
25,1,1,5,1,10,11,2,13,2,1,4,1,0,0,111,0,1
32,1,2,6,1,0,8,2,13,2,1,1,1,0,0,173,0,1
53,1,2,5,1,14,10,1,0,2,1,2,1,0,0,164,0,1
46,1,2,4,1,1,6,2,12,1,1,0,1,0,0,139,0,1
43,1,2,7,1,4,4,1,12,2,1,4,1,0,0,150,0,1
39,2,2,4,1,1,10,1,13,1,1,2,1,0,0,94,1,1
38,2,2,5,1,0,3,1,12,2,1,5,1,0,0,147,1,0
27,2,1,5,1,16,5,1,13,2,1,4,1,0,0,64,0,1
49,1,1,5,1,16,5,2,13,2,1,0,1,0,0,12,0,1
44,1,1,5,1,13,11,2,13,2,2,2,1,2,0,187,0,1
34,1,2,4,1,1,8,1,10,1,1,4,1,0,0,18,0,1
43,1,1,5,1,4,8,2,12,1,1,3,1,4,7,325,0,1
60,1,2,4,1,4,7,1,13,2,1,0,1,0,0,4,0,1
53,1,1,5,1,10,6,1,12,1,1,3,1,0,0,107,0,1
45,1,2,4,1,3,4,1,12,1,1,5,1,0,0,60,0,1
32,2,1,6,1,14,7,2,13,2,1,6,1,0,0,198,1,1
28,1,2,4,1,14,10,1,12,1,1,3,1,4,5,311,0,1
46,1,2,4,1,14,10,1,12,1,2,1,1,4,0,313,0,1
35,1,2,2,1,4,3,2,12,1,1,3,1,4,0,294,0,1
47,1,1,5,1,20,8,2,13,2,1,1,0,0,0,139,1,1
43,1,2,4,1,13,7,2,13,1,1,4,1,0,0,102,0,1
38,1,1,4,1,16,4,1,12,1,1,3,1,0,0,17,0,1
54,1,2,4,1,4,7,2,12,1,1,2,1,0,0,65,0,1
31,1,1,5,1,17,11,1,13,2,1,6,1,4,0,213,0,1
32,1,1,5,1,13,7,2,13,2,1,5,1,4,0,283,0,1
45,1,1,5,1,16,3,1,12,1,1,2,1,4,8,311,0,1
50,1,2,2,1,4,3,1,12,2,1,3,0,4,7,297,0,1
35,1,2,7,1,4,4,2,11,1,1,1,1,4,5,377,0,1
28,1,1,5,1,3,10,2,11,2,1,5,1,0,0,164,0,1
27,1,2,6,1,0,3,1,13,2,1,5,1,0,0,190,1,0
29,1,2,4,1,0,3,1,12,1,1,3,1,0,0,145,0,1
63,1,1,5,1,16,4,1,13,2,1,1,0,0,0,247,0,1
44,1,1,5,1,4,5,1,12,2,1,3,1,4,0,267,0,1
48,1,2,4,1,4,2,1,12,1,1,3,1,0,0,219,0,1
49,1,2,4,1,1,7,2,12,2,2,1,1,0,0,206,0,1
40,1,1,5,1,16,5,1,12,2,1,3,1,0,0,213,0,1
35,1,1,5,1,16,10,2,12,2,1,5,1,0,0,14,0,1
48,1,2,4,1,0,6,1,13,1,1,2,1,0,0,32,0,1
40,2,1,2,1,4,3,1,13,1,1,1,1,4,8,339,1,1
29,1,1,6,1,1,8,2,11,1,1,2,1,4,5,326,0,1
34,2,1,5,1,13,10,1,13,2,1,4,1,0,0,40,0,1
46,2,1,5,1,16,8,1,13,2,1,2,1,0,0,34,0,1
55,1,2,4,1,0,5,1,9,1,1,0,0,3,0,193,0,1
42,1,2,4,1,1,2,2,12,1,1,3,1,0,0,103,0,1
42,1,2,4,1,11,7,1,12,1,1,4,1,0,0,79,0,1
27,1,2,4,1,11,6,2,13,1,1,4,1,3,0,195,0,1
37,1,2,7,1,1,3,1,12,1,1,3,1,4,5,323,0,1
22,1,1,5,1,13,8,2,11,2,1,3,1,0,0,140,0,1
47,1,1,2,1,20,5,1,12,1,1,2,1,4,7,335,0,1
25,1,2,4,1,11,4,2,13,2,1,4,1,0,0,47,0,1
27,1,2,4,1,4,4,2,12,1,1,3,1,2,0,249,0,1
30,1,2,4,1,17,4,2,13,1,1,2,1,0,0,168,0,1
21,1,1,5,1,11,7,2,13,2,1,4,1,0,0,43,0,1
44,1,1,4,1,0,1,1,12,2,1,0,1,0,0,22,0,1
30,1,2,4,1,14,9,2,13,2,1,2,1,0,0,75,0,1
35,1,1,4,1,16,1,1,12,2,2,4,1,0,0,127,0,1
46,1,1,5,1,0,5,1,11,2,1,3,1,0,0,230,1,1
34,1,2,4,1,13,10,1,13,2,1,4,1,0,0,41,0,1
48,1,2,2,1,4,1,2,12,2,1,2,1,4,0,284,0,1
65,1,1,5,1,6,4,1,12,2,2,2,1,0,0,216,0,1
22,2,2,6,1,0,3,1,12,1,1,5,1,0,0,82,1,1
41,1,2,4,1,0,9,1,13,2,1,2,1,0,0,17,0,1
34,1,2,4,1,13,7,2,13,2,1,1,1,0,0,49,0,1
39,1,1,5,1,0,8,2,13,2,1,2,1,0,0,142,1,1
31,1,1,5,1,13,8,2,13,2,1,2,1,0,0,134,0,1
30,2,2,6,1,0,11,1,13,2,1,4,1,0,0,184,1,0
41,1,2,4,1,2,6,2,12,1,1,2,1,0,0,34,0,1
26,1,2,4,1,1,1,1,9,1,1,2,1,4,0,301,0,1
24,2,2,4,1,2,5,2,13,1,1,2,1,0,0,163,0,1
40,1,2,4,1,2,11,2,13,1,1,0,1,0,0,191,0,1
54,1,2,4,1,10,9,1,13,1,1,1,1,0,0,78,0,1
50,1,2,5,1,10,8,1,12,1,1,3,1,0,0,127,0,1
42,1,2,4,1,14,7,2,12,1,1,1,1,0,0,6,0,1
47,1,1,4,1,10,8,1,12,2,1,1,1,0,0,120,0,1
32,1,2,4,1,0,8,1,13,1,1,5,1,0,0,2,0,1
35,1,2,4,1,1,8,2,12,1,1,2,1,2,0,253,0,1
31,1,2,4,1,16,1,1,12,2,1,5,1,0,0,79,0,1
51,1,2,4,1,4,7,1,12,1,1,2,1,0,0,98,0,1
52,1,1,4,1,13,10,2,12,2,1,0,1,0,0,57,0,1
47,1,2,5,1,1,3,1,12,1,1,2,1,0,0,99,0,1
60,2,1,5,1,16,7,1,11,2,1,2,1,0,0,131,0,1
35,2,2,4,1,13,3,1,13,2,1,3,1,0,0,100,1,1
52,1,1,5,1,4,8,1,11,1,1,4,1,4,0,278,0,1
36,1,2,6,1,14,8,2,12,1,1,2,1,0,0,58,0,1
23,2,1,5,1,0,8,1,13,2,1,4,1,4,0,234,1,1
49,1,1,4,1,4,5,1,13,1,1,3,1,0,0,202,0,1
30,1,2,4,1,0,5,1,13,1,1,5,1,0,0,26,1,1
53,1,2,4,1,11,4,2,12,2,1,1,1,0,0,21,0,1
47,1,2,4,1,4,4,1,12,2,1,3,1,0,0,114,0,1
19,1,2,6,1,4,5,1,12,1,1,5,1,3,5,343,0,1
52,1,2,2,1,14,10,2,11,1,1,2,1,4,5,321,0,1
57,1,1,4,1,1,3,1,12,1,1,2,1,0,0,89,0,1
39,1,2,4,1,4,9,2,12,1,1,2,1,0,0,115,0,1
25,1,2,5,1,13,1,2,9,2,1,1,1,0,0,151,0,1
34,1,2,4,1,13,1,2,12,1,2,5,1,2,0,231,0,1
32,1,2,4,1,14,8,2,12,1,1,2,1,0,0,19,0,1
52,1,1,5,1,16,5,1,13,2,1,1,1,0,0,193,0,1
42,1,2,2,1,13,3,1,13,2,2,2,0,4,5,337,1,0
32,1,2,4,1,13,4,2,10,1,1,2,1,0,0,37,0,1
35,2,1,5,1,0,8,1,13,1,1,3,0,4,0,296,1,1
39,1,2,4,1,13,1,2,11,1,1,0,0,2,5,299,0,1
43,1,2,4,1,4,6,1,13,1,1,2,1,0,0,193,0,1
41,1,2,4,1,0,7,2,12,1,1,0,1,0,0,120,0,1
53,1,1,5,1,16,7,1,9,1,1,0,1,0,0,131,0,1
31,1,2,4,1,10,4,1,13,1,1,3,1,0,0,193,0,1
29,1,2,4,1,1,3,1,12,1,1,3,1,0,0,192,0,1
26,1,2,6,1,1,6,2,11,1,1,3,1,4,8,350,0,1
38,2,2,4,1,13,3,2,13,2,2,1,1,0,0,146,0,1
48,1,1,5,1,4,4,1,12,2,1,2,1,0,0,210,1,1
48,1,1,5,1,16,1,2,11,2,1,1,1,4,0,263,0,1
58,1,2,4,1,4,7,1,12,1,1,0,1,0,0,198,0,1
51,1,1,5,1,1,10,2,13,2,1,2,1,0,0,12,0,1
33,1,2,4,1,13,1,1,13,1,1,4,1,0,0,115,0,1
42,2,2,4,1,4,6,2,13,1,1,0,1,0,0,167,0,1
35,1,2,4,1,14,8,2,13,2,1,0,1,0,0,153,0,1
37,1,2,4,1,1,8,1,13,2,1,3,1,0,0,133,0,1
47,2,1,5,1,1,8,1,11,2,1,1,1,4,8,324,0,1
54,1,2,4,1,13,3,1,12,1,1,1,1,0,0,35,0,1
48,1,1,4,1,4,7,1,13,2,1,2,1,0,0,42,0,1
37,1,2,4,1,0,1,1,13,2,1,1,1,0,0,64,1,1
46,1,2,4,1,1,6,1,12,1,1,3,1,0,0,75,0,1
57,1,1,4,1,17,4,1,11,2,1,2,1,4,0,285,0,1
39,1,2,4,1,1,3,2,13,1,1,3,1,0,0,199,0,1
42,1,2,4,1,0,10,2,13,2,1,4,1,0,0,109,1,1
55,1,1,4,1,16,7,2,9,2,1,0,1,0,0,36,0,1
36,1,2,5,1,14,6,2,13,2,1,3,1,0,0,142,0,1
37,1,2,4,1,13,4,2,13,1,1,0,1,0,0,145,0,1
52,1,2,4,1,1,3,1,13,2,1,2,1,0,0,29,1,1
39,1,2,2,1,4,6,2,13,1,1,3,1,4,8,356,0,1
53,1,2,5,1,1,8,1,12,2,1,2,0,0,0,210,1,1
39,2,1,5,1,0,3,2,12,2,1,3,1,0,0,49,0,1
50,1,1,5,1,13,7,2,13,2,1,0,1,0,0,7,0,1
25,1,2,6,1,13,8,2,12,2,2,7,1,0,0,107,1,1
31,1,2,4,1,4,1,2,13,1,1,2,1,0,0,60,0,1
52,1,2,4,1,16,5,1,12,2,1,2,1,0,0,236,0,1
37,1,2,4,1,1,10,2,11,2,1,2,1,0,0,208,0,1
46,1,1,5,1,4,3,1,12,2,1,1,1,0,0,99,0,1
34,2,1,5,1,1,3,2,13,2,1,2,1,4,0,223,0,1
42,1,1,5,1,16,7,1,13,2,1,3,1,0,0,12,0,1
46,2,2,5,1,11,10,2,13,2,1,2,1,0,0,67,0,1
36,1,1,7,1,4,4,1,12,2,1,5,1,4,8,341,0,1
35,1,1,7,2,17,1,2,11,2,1,2,1,4,5,347,0,1
37,1,1,6,1,2,5,2,13,2,1,1,1,0,0,149,0,1
33,1,1,2,1,20,4,2,13,1,1,2,1,4,0,263,0,1
40,2,1,5,1,0,8,1,12,2,1,2,1,0,0,233,1,1
41,1,2,4,1,13,8,1,12,2,1,4,1,0,0,108,0,1
44,1,2,4,1,4,1,1,12,1,2,0,1,4,5,358,0,1
44,1,1,5,1,10,8,1,13,2,1,3,1,0,0,78,0,1
61,2,1,5,1,3,8,2,13,2,1,1,1,0,0,18,0,1
38,1,2,5,1,13,3,2,12,2,1,3,1,0,0,117,0,1
64,1,1,5,1,16,5,1,12,1,1,0,1,0,0,40,0,1
49,1,2,4,1,14,2,2,12,2,1,1,1,0,0,6,0,1
47,1,1,2,1,20,8,1,12,1,1,2,1,4,0,290,0,1
31,1,2,4,1,0,6,1,12,1,1,5,1,0,0,9,0,1
45,1,2,4,1,13,3,1,12,1,1,3,0,4,7,342,0,1
51,1,2,6,1,1,1,1,9,2,1,0,1,4,0,303,0,1
38,1,1,5,1,1,3,1,13,2,1,1,1,0,0,124,0,1
36,1,2,4,1,13,11,1,13,1,2,4,1,0,0,99,0,1
44,2,1,5,1,16,7,2,13,2,1,1,1,0,0,48,0,1
39,1,2,4,1,13,10,1,12,2,1,6,1,0,0,125,0,1
23,1,2,5,1,10,1,2,12,1,1,4,1,0,0,186,0,1
30,1,2,4,1,0,1,2,12,1,1,3,1,0,0,58,0,1
28,1,1,6,1,0,3,2,13,2,1,4,1,4,0,185,1,1
54,1,1,5,1,14,11,1,12,2,1,4,1,0,0,106,0,1
57,1,1,5,1,16,11,1,12,2,1,3,1,0,0,67,1,1
42,1,2,4,1,13,8,1,12,1,1,0,1,0,0,150,0,1
49,1,1,5,1,13,12,1,13,2,1,1,1,0,0,116,0,1
31,1,2,5,1,1,8,1,12,1,1,2,1,0,0,110,0,1
44,2,1,5,1,10,8,1,13,2,1,1,1,0,0,54,0,1
52,1,1,4,1,6,9,1,13,1,1,2,1,0,0,170,0,1
45,1,1,5,1,14,7,1,12,2,1,4,1,0,0,9,0,1
57,1,1,5,1,16,10,2,12,2,1,1,1,0,0,182,0,1
42,1,2,4,1,14,7,2,13,1,1,1,1,0,0,113,0,1
39,1,1,5,1,0,10,1,12,2,1,3,1,0,0,69,0,1
27,1,2,6,1,10,3,2,13,1,1,2,1,0,0,160,0,1
52,1,1,5,1,16,7,1,12,2,1,1,1,0,0,0,0,1
43,1,2,4,1,0,6,2,13,1,1,3,1,0,0,3,0,1
44,2,1,5,1,3,7,2,13,2,1,4,1,0,0,80,0,1
56,1,1,5,1,14,8,1,12,2,1,3,1,0,0,191,0,1
48,1,2,4,1,13,12,1,12,2,1,0,1,0,0,14,0,1
37,2,1,5,1,4,8,2,13,2,1,1,1,4,0,208,0,1
53,1,2,4,1,1,9,2,12,1,1,3,1,0,0,172,0,1
31,2,1,5,1,10,1,2,11,2,1,1,1,0,0,172,0,1
40,1,2,4,1,1,8,2,11,1,1,0,1,2,0,250,0,1
29,1,2,6,1,0,4,1,13,1,2,2,0,4,5,302,1,1
39,1,1,5,1,16,4,2,13,2,1,2,1,0,0,53,0,1
42,1,1,5,1,16,6,2,12,2,1,2,1,0,0,73,0,1
42,1,1,5,1,6,6,2,12,2,2,2,1,0,0,220,0,1
53,1,2,4,1,14,6,1,13,1,1,0,1,0,0,84,0,1
45,1,1,5,1,10,10,2,13,2,1,3,1,3,7,199,0,1
33,1,1,5,1,16,6,2,12,2,1,3,1,0,0,81,0,1
36,1,2,4,1,16,12,2,12,2,1,3,1,0,0,115,0,1
30,1,2,4,1,13,7,1,12,2,1,2,1,0,0,69,0,1
38,1,2,4,1,11,10,1,13,2,1,1,1,0,0,97,0,1
52,2,2,4,1,20,5,1,8,2,2,1,1,0,0,115,0,1
40,1,2,4,1,10,5,2,6,1,1,2,1,3,7,142,0,1
31,1,2,6,1,10,12,2,13,2,1,1,1,0,0,108,0,1
68,1,2,4,1,14,1,1,12,2,1,3,1,3,7,165,0,1
43,1,2,5,1,13,3,1,13,2,1,1,1,0,0,108,0,1
47,1,2,4,1,13,7,1,13,2,1,2,1,0,0,121,1,1
22,1,2,4,1,13,7,2,13,1,1,3,1,0,0,3,0,1
36,1,2,4,1,4,1,1,12,1,1,4,1,0,0,44,0,1
50,1,2,4,1,13,9,1,13,2,1,6,1,3,7,265,0,1
45,1,2,4,1,13,3,2,12,2,1,2,1,0,0,93,0,1
43,2,1,5,1,10,12,1,12,2,1,0,1,0,0,66,0,1
27,1,2,5,1,10,12,2,13,2,1,0,1,0,0,112,0,1
50,1,2,4,1,16,2,2,12,1,1,1,1,0,0,46,0,1
29,1,2,4,1,14,7,2,13,2,1,4,1,0,0,150,1,1
39,1,2,4,1,13,9,2,13,2,1,3,1,3,6,204,1,1
39,1,2,5,1,16,9,1,12,1,1,3,1,0,0,65,0,1
45,2,1,4,1,16,7,1,13,2,1,0,1,0,0,95,0,1
29,1,2,4,1,16,12,1,12,1,1,4,1,0,0,60,0,1
45,1,2,4,1,13,7,1,13,1,2,0,1,0,0,68,0,1
27,1,2,4,1,13,5,1,13,2,1,0,1,0,0,9,0,1
23,1,2,4,1,4,7,2,1,1,1,5,1,3,0,122,0,1
24,2,2,4,1,13,7,2,13,1,1,3,1,0,0,69,0,1
41,1,1,5,1,16,2,2,2,2,2,4,1,3,7,251,1,1
28,1,2,4,1,13,12,2,6,2,2,2,1,3,6,209,0,1
26,1,2,4,1,11,11,2,8,2,1,3,1,3,0,118,0,1
38,1,2,5,1,16,1,2,12,2,2,1,1,0,0,47,0,1
38,1,1,5,1,10,1,2,13,2,1,3,1,0,0,61,0,1
49,1,2,4,1,16,7,1,13,2,1,2,1,0,0,51,0,1
40,1,1,4,1,13,7,2,13,2,1,1,1,0,0,17,0,1
54,1,1,5,1,16,4,1,12,2,1,2,1,0,0,43,0,1
33,1,2,4,1,13,11,2,13,1,1,1,1,0,0,102,0,1
47,1,1,5,1,16,5,1,8,2,1,1,1,3,7,189,0,1
26,1,1,5,1,10,9,2,13,1,1,3,1,0,0,8,0,1
19,1,2,6,1,13,10,2,1,1,1,2,1,0,0,40,0,1
54,2,2,4,1,20,10,2,2,2,1,2,1,3,7,254,0,1
38,1,2,4,1,20,5,1,13,1,1,2,1,0,0,87,0,1
47,1,2,4,1,14,12,2,12,2,1,3,1,3,0,158,0,1
40,2,1,5,1,16,2,2,13,2,4,3,1,0,0,108,0,1
28,1,2,4,1,19,5,1,13,2,4,4,1,3,7,287,1,1
37,1,2,4,1,10,4,2,12,1,1,1,1,0,0,71,0,1
31,1,2,4,1,4,3,1,1,1,1,2,1,0,0,32,0,1
45,1,2,4,1,13,7,2,13,2,1,0,1,3,0,103,0,1
38,1,1,5,1,13,10,2,13,2,1,2,1,0,0,57,0,1
39,1,2,4,1,13,12,2,13,2,1,0,1,0,0,50,0,1
29,1,2,4,1,20,12,1,12,1,1,6,1,3,7,179,0,1
38,1,1,5,1,13,9,1,13,2,4,5,1,4,7,210,1,1
32,2,2,4,1,13,9,2,13,2,1,3,1,0,0,65,0,1
34,2,1,5,1,10,5,2,13,2,1,5,1,3,7,131,0,1
43,1,2,4,1,13,2,1,13,1,1,0,1,0,0,99,0,1
34,1,2,4,1,1,7,2,13,1,1,2,1,0,0,83,0,1
41,1,1,4,1,13,7,2,13,2,1,0,1,3,7,155,0,1
39,1,2,4,1,13,5,1,12,2,1,3,1,0,0,96,0,1
40,1,1,5,1,13,9,2,13,2,1,3,1,0,0,23,0,1
25,1,2,4,1,13,5,2,6,1,1,2,1,0,0,98,0,1
36,1,2,5,1,20,2,2,12,2,1,3,1,0,0,177,0,1
26,1,1,5,1,13,4,2,12,1,1,3,1,0,0,26,0,1
41,1,1,5,1,10,12,2,12,2,1,5,1,3,7,221,0,1
52,2,2,4,1,16,7,2,13,1,1,0,1,0,0,36,0,1
40,1,1,5,1,13,10,2,13,1,1,3,1,0,0,80,0,1
39,1,2,4,1,4,9,1,13,1,1,4,1,3,0,69,0,1
37,1,2,4,1,15,10,1,8,2,1,5,1,0,0,148,0,1
44,2,1,5,1,10,4,1,13,2,1,0,1,0,0,114,0,1
35,1,2,4,1,14,12,2,13,2,1,1,1,3,0,129,0,1
49,1,2,4,1,13,9,2,13,2,1,1,1,3,7,237,0,1
42,1,1,5,1,16,9,2,8,2,0,4,1,0,7,202,1,1
37,1,1,5,1,13,3,1,13,2,1,5,1,3,0,162,0,1
50,1,1,5,1,10,1,1,13,2,1,1,1,0,0,73,0,1
28,1,2,4,1,11,9,2,13,2,1,3,1,3,0,148,0,1
47,1,2,4,1,15,9,2,13,2,1,2,1,3,7,216,0,1
54,1,1,5,1,20,4,1,13,2,1,4,1,0,0,169,0,1
51,2,1,5,1,16,7,1,12,1,1,4,1,0,0,101,0,1
53,1,2,4,1,13,5,1,12,1,2,3,1,0,0,127,0,1
36,1,2,4,1,16,5,2,12,2,1,0,1,0,0,26,0,1
30,1,1,6,1,16,5,1,4,2,1,6,0,3,7,229,0,1
42,1,1,5,1,20,1,2,12,2,2,3,1,3,7,187,0,1
40,2,1,4,1,11,5,1,13,2,1,2,1,0,0,129,0,1
45,1,1,5,1,16,2,2,12,2,1,2,1,0,0,96,0,1
43,1,2,4,1,1,12,2,2,2,2,1,1,3,6,230,0,1
48,1,1,5,1,16,3,1,13,2,1,3,1,0,0,78,0,1
33,1,1,5,1,16,1,1,13,2,1,1,1,0,0,100,0,1
55,1,2,4,1,20,2,1,12,2,2,0,1,0,0,113,1,1
63,1,1,4,1,10,10,1,13,2,1,0,1,0,0,85,0,1
54,1,1,5,1,10,10,2,12,2,1,1,1,0,0,98,1,1
29,1,1,5,1,20,12,2,12,2,1,3,1,3,7,170,0,1
35,1,2,4,1,13,11,2,13,1,1,0,1,0,0,24,0,1
42,1,1,5,1,13,5,2,12,2,1,3,1,0,0,65,0,1
32,1,2,4,1,13,9,2,13,2,1,4,1,0,6,129,1,1
31,1,1,4,1,13,12,2,13,2,1,1,1,0,0,75,0,1
26,1,2,4,1,14,10,1,8,2,1,4,1,3,7,187,0,1
47,1,2,4,1,16,12,1,13,2,1,1,1,3,0,108,0,1
37,1,2,5,1,4,5,1,12,1,1,2,1,0,0,73,0,1
49,1,1,5,1,16,10,2,13,2,1,0,1,0,0,82,0,1
36,1,2,4,1,13,12,1,13,2,1,3,1,3,0,173,0,1
37,2,1,5,1,20,11,2,7,2,1,4,1,3,7,168,0,1
63,1,1,5,1,16,1,1,12,2,0,1,1,0,0,124,0,1
47,1,2,4,1,15,10,2,13,1,1,1,1,0,0,61,0,1
28,1,2,4,1,4,7,1,12,1,1,2,1,0,0,51,0,1
30,2,1,4,1,1,7,2,13,2,1,0,1,0,0,56,0,1
32,2,1,5,1,16,8,1,1,1,1,3,1,0,0,61,0,1
47,1,2,4,1,16,1,2,12,2,1,0,1,0,0,92,0,1
46,1,2,4,1,16,1,1,7,2,1,4,1,3,7,203,0,1
43,1,2,4,1,13,4,1,13,2,1,1,1,0,0,19,0,1
31,1,2,4,1,11,2,2,12,2,1,2,1,0,0,74,0,1
38,1,2,4,1,13,2,2,13,2,2,3,1,3,7,250,1,1
32,1,2,4,1,19,4,1,12,1,1,3,1,0,0,74,0,1
57,2,1,5,1,16,5,1,13,2,1,3,1,3,7,203,0,1
42,1,1,5,1,16,5,1,12,1,1,1,1,0,0,53,0,1
37,1,2,4,1,13,10,1,6,2,3,6,1,3,7,290,0,1
30,1,2,4,1,20,4,2,12,2,2,3,1,0,0,83,0,1
39,1,1,5,1,16,12,2,13,2,1,3,1,0,0,108,0,1
30,1,2,4,1,1,9,1,6,2,1,3,1,0,0,123,1,1
49,2,1,5,1,16,10,1,13,2,1,1,1,0,0,157,0,1
44,1,2,4,1,16,5,2,12,2,1,1,1,0,0,85,0,1
52,1,2,4,1,16,8,1,12,2,1,0,1,0,0,35,0,1
35,1,2,4,1,11,12,2,13,2,1,1,1,0,0,49,0,1
43,1,1,5,1,10,10,1,13,2,1,1,1,0,0,116,0,1
36,1,2,4,1,13,10,1,4,1,1,4,1,3,0,133,0,1
34,1,1,5,1,16,2,2,12,2,1,3,1,0,0,64,0,1
37,1,1,5,1,13,9,1,13,2,1,5,1,0,0,48,0,1
26,1,2,4,1,10,12,2,12,1,1,3,1,0,0,25,0,1
52,1,2,4,1,16,9,1,13,2,1,1,1,0,0,70,0,1
35,1,2,4,1,10,3,1,13,1,1,2,1,0,0,49,0,1
39,1,2,4,1,20,2,1,12,1,2,4,1,0,0,36,0,1
36,1,1,5,1,16,9,1,12,2,1,1,1,0,0,14,0,1
28,2,2,4,1,13,6,2,13,1,1,3,1,0,0,93,0,1
26,2,2,6,1,2,10,2,13,2,1,4,1,0,0,15,0,1
61,1,1,5,1,10,10,2,13,2,1,1,1,0,0,116,0,1
37,2,2,4,1,13,9,1,13,2,1,1,1,0,0,76,0,1
38,2,1,5,1,16,5,2,14,2,2,3,1,0,0,101,0,1
39,1,1,5,1,13,7,2,13,2,1,2,1,0,0,59,0,1
59,1,2,4,1,16,3,2,12,1,1,1,1,3,7,127,0,1
31,1,1,5,1,10,9,2,13,2,1,3,1,3,0,155,0,1
34,2,2,4,1,20,5,2,13,1,1,2,1,3,0,86,0,1
52,1,2,4,1,13,12,1,12,1,1,1,1,0,0,73,0,1
55,1,2,4,1,9,9,2,13,2,1,1,1,3,7,158,0,1
33,1,2,4,1,16,5,1,5,1,1,2,1,0,0,25,0,1
31,1,2,4,1,13,9,2,13,1,1,1,1,0,0,33,0,1
48,1,1,5,1,13,9,1,13,2,1,5,1,0,0,85,0,1
36,1,2,4,1,20,11,1,8,1,1,5,1,3,0,153,0,1
29,2,1,5,1,13,4,1,13,2,1,5,1,0,0,68,0,1
55,1,2,4,1,20,12,1,12,2,1,2,1,3,0,133,1,1
41,1,1,5,1,16,12,1,13,2,1,1,1,0,0,40,0,1
30,1,1,5,1,16,2,2,12,2,1,2,1,0,0,69,0,1
50,1,1,5,1,16,10,1,12,2,1,4,1,0,0,117,0,1
48,1,2,4,1,20,3,1,12,1,1,4,1,3,7,158,0,1
46,1,2,4,1,20,11,1,13,2,1,3,1,3,7,192,0,1
70,1,1,4,1,13,5,1,13,2,2,0,1,3,7,230,1,1
40,1,2,4,1,1,9,2,9,2,1,2,1,3,7,204,0,1
37,1,2,4,1,1,7,2,13,2,1,3,1,3,7,178,0,1
45,1,1,5,1,13,9,2,13,2,1,2,1,0,0,64,0,1
44,1,1,5,1,16,10,2,8,2,1,1,1,3,7,269,0,1
38,1,2,5,1,19,10,2,8,2,1,6,1,3,7,340,1,1
44,1,2,5,1,16,1,1,12,2,1,3,1,0,0,55,0,1
36,1,2,4,1,13,9,1,13,1,1,2,1,3,0,96,0,1
60,1,1,5,1,13,11,2,13,2,2,3,0,3,7,187,2,1
46,1,2,4,1,4,12,1,13,1,1,0,1,3,0,73,0,1
29,1,2,4,1,1,3,1,12,1,1,0,1,0,0,19,0,1
45,1,1,5,1,10,9,2,13,2,1,3,1,3,7,126,0,1
40,1,2,4,1,1,2,2,13,1,1,3,1,3,0,123,0,1
33,1,1,5,1,13,3,1,13,2,1,4,1,0,0,13,0,1
24,1,2,4,1,16,5,2,14,1,1,2,1,0,0,37,0,1
32,1,1,5,1,10,9,2,13,2,1,0,1,0,0,8,0,1
47,1,2,4,1,13,7,1,13,2,3,2,0,3,0,195,1,1
35,1,2,4,1,20,5,2,6,2,1,0,1,0,0,145,0,1
47,1,1,5,1,20,8,2,12,2,2,1,1,0,0,64,0,1
45,1,1,5,1,16,1,1,12,2,0,3,1,0,0,143,0,1
35,1,2,4,1,11,11,1,13,1,1,3,1,0,0,21,0,1
60,1,2,4,1,10,7,2,13,2,1,0,1,3,7,252,0,1
36,1,2,4,1,13,7,2,13,2,1,3,1,3,0,163,0,1
51,1,1,5,1,10,1,2,8,2,1,2,1,3,7,182,0,1
22,1,2,4,1,13,11,2,13,1,1,2,1,3,0,139,0,1
31,2,2,6,1,14,7,2,13,2,1,4,1,3,7,183,0,1
34,1,2,4,1,15,12,1,12,1,1,4,1,0,0,64,0,1
20,1,2,4,1,13,3,2,13,1,1,1,1,0,0,48,0,1
21,2,1,5,1,10,3,2,13,2,1,4,1,0,0,101,0,1
34,1,2,4,1,13,5,1,12,1,1,2,1,0,0,55,0,1
60,1,2,4,1,20,5,1,12,2,1,1,1,3,7,182,0,1
36,2,2,4,1,20,5,2,12,2,1,1,1,3,0,158,0,1
43,1,1,5,1,10,4,1,13,2,1,4,1,0,7,114,0,1
23,2,2,4,1,13,12,2,6,1,1,5,1,3,6,209,1,1
47,1,2,4,1,11,12,1,12,2,1,4,1,0,0,173,1,1
40,1,2,4,1,16,7,1,12,1,1,2,1,3,0,99,0,1
35,2,1,5,1,13,10,2,13,2,1,4,1,0,0,150,0,1
38,1,2,4,1,20,11,2,13,2,2,2,1,3,7,185,0,1
44,1,2,4,1,16,12,1,12,2,1,1,1,0,0,144,0,1
39,1,2,5,1,10,3,2,12,2,1,3,1,0,0,2,0,1
52,1,2,4,1,16,12,1,12,2,1,3,1,3,0,167,0,1
46,2,1,5,1,16,5,1,12,2,1,2,1,0,0,29,0,1
56,1,1,5,1,10,12,1,13,2,1,0,1,0,0,45,0,1
44,2,2,4,1,10,3,1,13,2,1,2,1,0,0,88,0,1
31,1,1,5,1,16,10,1,12,2,1,2,1,0,0,79,1,1
42,1,2,4,1,4,1,1,12,1,1,4,1,0,0,44,0,1
64,1,2,4,1,10,9,1,12,2,2,1,1,3,7,186,0,1
55,1,1,5,1,13,9,1,13,2,2,1,1,0,0,94,0,1
39,1,2,4,1,1,7,2,13,1,1,0,1,0,0,32,0,1
55,1,1,5,1,16,1,1,12,2,2,1,1,0,0,54,0,1
43,1,2,4,1,13,1,2,13,2,1,0,1,0,0,96,0,1
32,1,2,4,1,16,5,1,7,1,1,2,1,3,0,96,0,1
61,1,1,5,1,13,9,1,13,2,2,2,1,3,7,166,0,1
35,1,1,5,1,16,12,2,12,2,1,0,1,0,0,13,0,1
33,1,1,4,1,4,2,1,13,2,1,1,1,0,0,5,0,1
35,1,1,5,1,16,7,1,12,2,1,3,1,0,0,50,1,1
24,1,2,4,1,11,9,2,13,1,1,5,1,0,0,0,0,1
55,1,1,5,1,16,10,2,13,2,0,0,1,0,0,85,0,1
54,2,2,4,1,11,7,1,12,2,1,2,1,0,0,28,0,1
25,1,1,5,1,13,9,2,13,2,1,4,1,0,0,32,0,1
32,2,1,5,1,10,10,2,6,2,1,2,1,0,0,171,0,1
56,1,2,4,1,16,11,2,13,2,1,1,1,3,0,103,0,1
53,1,1,5,1,16,1,2,13,2,2,0,1,0,7,169,0,1
63,1,1,5,1,16,10,2,13,2,1,2,1,3,7,182,0,1
53,1,2,4,1,16,10,1,12,2,1,1,1,0,0,50,0,1
52,1,1,5,1,16,5,1,12,1,1,2,1,3,0,146,0,1
55,2,1,5,1,16,7,1,13,2,1,2,1,0,0,126,0,1
48,1,1,4,1,16,2,2,13,2,1,0,1,0,0,116,0,1
31,1,1,5,1,16,2,1,12,1,1,6,1,0,0,87,0,1
37,2,1,5,1,16,5,2,7,2,1,3,1,0,0,34,0,1
45,1,1,5,1,16,1,1,12,2,1,2,1,0,0,29,0,1
33,1,2,4,1,0,5,2,13,1,1,1,1,0,0,88,0,1
53,1,1,5,1,16,7,2,9,2,2,2,1,0,0,85,0,1
44,1,2,4,1,19,2,2,8,2,1,3,1,3,7,189,0,1
28,1,2,4,1,19,1,1,8,2,1,8,1,3,7,344,0,1
21,2,2,7,1,20,7,2,13,2,1,4,1,3,7,171,1,1
34,1,2,4,1,13,2,2,13,2,1,2,1,0,0,100,0,1
37,2,2,4,1,13,6,2,12,1,1,2,1,3,0,62,0,1
59,1,1,5,1,16,5,1,13,2,1,0,1,0,0,73,0,1
42,2,1,5,1,16,9,2,13,2,1,1,1,0,0,48,0,1
71,1,2,4,1,20,9,1,9,2,4,2,1,3,7,343,1,1
19,1,2,4,1,13,7,2,13,1,1,2,1,0,0,86,0,1
53,2,1,5,1,16,7,1,12,2,1,1,1,0,0,64,0,1
41,1,2,4,1,13,10,1,12,1,1,0,1,0,0,21,0,1
43,1,2,4,1,13,5,1,8,1,2,2,1,3,0,196,0,1
23,1,2,4,1,13,11,1,12,1,1,4,1,3,0,97,0,1
57,1,2,4,1,16,5,1,12,2,1,0,1,0,0,27,0,1
49,1,1,5,1,13,3,1,12,2,1,3,1,0,0,116,0,1
44,1,2,4,1,13,7,2,13,2,1,1,1,0,0,3,0,1
37,1,1,5,1,20,9,2,8,2,1,7,1,3,7,205,0,1
49,1,2,5,1,11,9,1,12,2,1,0,1,0,0,61,0,1
27,1,2,4,1,20,4,1,12,2,1,5,1,3,7,205,1,1
40,2,2,4,1,13,9,2,13,1,1,2,1,3,0,112,0,1
38,1,2,5,1,16,10,1,12,1,1,0,1,0,0,3,0,1
54,1,2,4,1,16,2,1,12,2,2,0,1,3,0,115,0,1
49,1,2,4,1,20,7,1,12,2,1,2,1,3,7,249,1,1
44,2,1,5,1,16,5,1,13,2,1,2,1,0,0,110,0,1
31,1,2,4,1,13,7,2,13,1,1,3,1,0,0,61,0,1
42,1,2,4,1,14,10,1,12,2,1,1,1,0,0,68,0,1
41,1,2,4,1,13,12,1,12,1,2,2,1,0,0,109,0,1
46,1,2,4,1,16,12,1,12,2,1,0,1,3,7,184,0,1
20,1,2,4,1,10,12,2,13,2,1,2,1,0,0,68,0,1
50,2,2,4,1,13,7,2,13,2,1,1,1,3,7,237,1,1
58,1,2,4,1,14,10,1,12,2,2,5,1,3,7,185,0,1
40,1,2,4,1,16,3,1,13,1,1,1,1,0,0,116,0,1
35,1,1,5,1,10,9,2,13,2,1,2,1,0,0,153,1,1
25,1,2,6,1,10,1,1,8,2,1,5,1,0,7,125,0,1
58,1,1,5,1,16,4,1,12,2,2,1,1,0,0,57,0,1
64,1,1,5,1,16,4,2,13,2,2,1,1,0,0,30,0,1
36,2,2,1,1,16,7,1,13,2,1,3,1,0,0,77,0,1
32,2,1,4,1,20,12,1,12,2,1,2,1,0,0,80,0,1
45,1,2,4,1,14,7,2,12,1,1,1,1,0,0,77,0,1
55,1,2,4,1,13,12,2,12,2,2,2,1,0,0,105,0,1
32,1,1,7,1,13,10,2,14,2,1,3,1,0,0,132,1,1
37,1,2,4,1,10,4,2,13,2,2,0,1,3,0,170,0,1
41,1,2,7,1,13,4,2,12,2,1,3,1,3,7,166,0,1
37,2,1,5,1,13,7,1,13,2,1,7,1,4,0,241,1,1
40,1,1,5,1,13,9,2,13,2,2,2,1,0,0,176,1,1
43,1,1,5,1,16,9,1,12,2,1,5,1,0,0,64,0,1
22,1,2,4,1,20,5,2,12,2,1,2,1,0,0,7,0,1
28,2,1,5,1,16,7,1,12,2,1,3,1,0,0,46,1,1
38,1,2,6,1,20,5,2,8,2,1,1,1,3,7,277,0,1
40,1,2,4,1,13,7,2,13,1,1,2,1,0,0,3,0,1
32,1,2,4,1,19,12,2,8,2,1,2,1,3,7,221,0,1
40,1,2,4,1,1,7,2,12,1,1,2,1,3,7,159,0,1
28,1,2,4,1,13,5,1,13,1,1,2,1,0,0,53,0,1
27,1,1,5,1,16,5,2,7,2,1,3,1,0,0,43,0,1
49,1,2,4,1,20,7,1,12,1,1,0,1,0,0,86,0,1
39,1,2,4,1,13,7,2,13,1,1,2,1,3,0,133,0,1
23,1,2,4,1,20,11,2,13,1,1,3,1,0,0,85,0,1
38,1,1,5,1,16,4,2,13,2,1,3,1,3,0,109,0,1
33,1,2,4,1,13,5,1,8,2,1,2,1,3,0,121,0,1
19,1,2,4,1,13,3,1,12,1,1,2,1,0,0,4,0,1
63,1,1,5,1,10,9,1,13,2,1,1,1,0,0,69,0,1
50,1,2,4,1,16,2,1,12,1,1,3,1,0,0,45,0,1
61,1,1,5,1,16,12,1,12,2,2,2,1,3,7,262,0,1
38,1,2,4,1,13,9,2,13,2,1,0,1,0,0,14,0,1
37,1,1,5,1,16,6,1,12,2,2,0,1,0,0,32,0,1
54,1,2,4,1,15,3,1,12,1,1,2,1,3,0,104,0,1
35,1,1,5,1,20,9,2,13,2,4,5,1,3,7,251,0,1
35,1,2,4,1,4,5,2,12,2,1,1,1,0,0,57,0,1
33,1,2,4,1,20,9,1,12,1,1,4,1,3,7,95,0,1
42,1,2,4,1,1,9,1,12,1,1,2,1,3,0,86,0,1
44,2,2,4,1,16,6,1,12,2,1,3,1,0,0,73,0,1
33,1,2,4,1,13,9,2,12,2,1,1,1,3,0,122,0,1
35,1,2,4,1,13,9,1,12,2,1,5,1,3,6,183,0,1
32,2,1,5,1,20,5,1,13,1,1,4,1,3,7,190,0,1
48,1,1,5,1,10,3,1,12,2,1,0,1,0,0,11,0,1
51,1,1,5,1,16,5,2,13,2,1,4,1,3,0,119,0,1
66,1,1,5,1,10,5,2,13,2,1,0,1,0,0,44,0,1
37,1,2,4,1,13,1,1,13,1,1,3,1,0,0,19,1,1
37,2,1,5,1,13,7,1,13,2,1,2,1,0,0,58,0,1
36,1,1,5,1,16,12,2,13,2,1,1,1,0,0,27,0,1
31,1,2,4,1,13,5,2,13,1,1,4,1,0,0,73,0,1
24,2,1,5,1,13,9,2,13,2,1,4,1,0,0,57,0,1
43,1,1,5,1,16,5,1,12,2,1,4,1,3,0,128,0,1
24,1,2,4,1,20,5,2,7,1,1,3,1,3,7,151,0,1
34,1,2,4,1,13,11,2,4,1,1,5,1,3,0,178,1,1
38,1,1,5,1,16,8,1,12,2,1,4,1,0,0,122,0,1
32,1,2,4,1,13,2,1,13,1,2,1,1,0,0,162,0,1
32,2,2,4,1,2,7,1,13,2,1,4,1,0,0,48,0,1
42,1,2,4,1,14,7,1,13,1,1,2,1,0,0,49,0,1
47,1,2,4,1,16,2,1,12,2,1,3,1,0,0,137,0,1
40,1,2,4,1,14,2,1,8,2,2,4,1,3,7,282,0,1
29,1,1,5,1,10,8,2,13,2,1,0,1,0,0,28,0,1
33,1,2,4,1,10,3,2,13,1,1,0,1,0,0,72,0,1
46,1,2,4,1,13,5,2,13,2,1,2,1,3,6,204,0,1
49,1,2,4,1,20,7,1,13,2,1,2,1,0,0,152,0,1
29,1,1,5,1,10,10,2,12,2,1,3,1,0,0,57,0,1
47,1,2,4,1,15,11,1,12,1,1,2,1,3,7,165,0,1
35,1,2,4,1,13,7,2,12,1,1,1,1,0,0,12,0,1
33,2,2,4,1,13,7,1,13,2,1,2,1,0,0,96,0,1
39,1,1,5,1,16,1,1,12,1,1,2,1,0,0,26,0,1
54,1,1,5,1,20,5,1,13,2,1,3,1,3,7,348,0,1
49,1,2,4,1,13,9,2,13,2,1,2,1,3,7,248,1,1
45,1,2,4,1,20,12,1,12,1,1,0,1,0,0,60,0,1
48,1,2,4,1,13,9,2,13,1,2,2,1,3,7,182,0,1
30,1,2,4,1,14,11,1,8,1,3,6,1,3,7,234,0,1
46,1,2,4,1,20,12,2,13,2,1,3,1,3,7,256,0,1
33,2,2,6,1,13,6,2,13,2,1,4,1,3,0,164,0,1
42,2,1,5,1,20,7,2,13,2,4,3,1,3,7,294,0,1
28,1,1,4,1,19,12,2,12,1,1,2,1,3,0,140,0,1
26,1,2,4,1,0,12,1,12,2,1,3,1,0,0,161,1,1
36,1,1,5,1,13,9,1,13,2,1,5,1,0,0,180,1,1
37,2,2,4,1,0,5,1,12,2,1,3,1,0,0,114,0,1
57,1,2,4,1,16,7,1,12,2,1,2,0,3,7,218,0,1
26,1,1,5,1,13,5,1,13,2,1,6,1,0,0,64,1,1
57,1,2,4,1,14,10,1,12,2,1,2,1,0,0,70,0,1
50,1,2,4,1,19,5,2,8,1,1,2,1,3,7,305,0,1
32,1,2,6,1,20,11,2,8,2,1,4,1,3,7,185,0,1
28,1,2,4,1,13,3,2,13,1,1,4,1,3,0,112,0,1
22,1,2,4,1,13,4,2,8,2,2,5,1,3,7,203,0,1
40,1,1,5,1,16,4,2,13,2,2,4,1,0,0,84,0,1
36,1,1,5,1,16,9,1,13,2,1,4,1,0,0,27,0,1
56,1,1,5,1,16,2,1,13,2,1,1,1,0,0,52,0,1
44,2,2,4,1,13,10,1,13,2,1,0,1,0,0,128,0,1
38,1,2,4,1,10,10,2,12,2,1,0,1,0,0,73,0,1
47,1,1,5,1,16,10,1,12,2,1,2,1,0,0,24,0,1
46,2,1,5,1,16,10,2,13,2,1,0,1,0,0,29,0,1
37,1,2,4,1,10,10,2,13,2,1,2,1,0,0,108,0,1
54,1,2,4,1,13,7,1,13,2,1,3,1,3,0,99,0,1
61,1,1,5,1,20,9,1,13,2,2,2,1,3,7,234,1,1
30,1,2,4,1,19,9,2,13,1,1,3,1,3,7,252,0,1
34,1,2,4,1,10,12,1,12,2,1,4,1,0,0,53,0,1
45,1,1,5,1,16,4,1,13,2,1,2,1,0,0,96,0,1
47,1,2,4,1,13,2,1,13,1,1,1,1,0,0,34,0,1
52,1,1,5,1,10,2,1,13,2,1,2,1,0,0,156,0,1
25,1,1,5,1,20,9,1,4,2,1,4,1,3,7,273,0,1
48,1,1,5,1,13,9,2,13,2,1,1,1,3,0,131,0,1
42,1,1,5,1,20,12,2,12,2,1,3,1,3,7,201,0,1
30,1,2,4,1,10,10,2,8,1,1,3,1,3,7,200,0,1
41,1,2,4,1,11,7,2,13,2,1,3,1,0,0,0,0,1
52,2,2,4,1,14,9,1,13,2,1,1,1,0,0,90,0,1
33,2,2,4,1,13,7,2,13,2,1,2,1,3,7,211,0,1
45,1,2,4,1,10,12,2,13,1,1,3,1,3,7,131,0,1
55,1,1,5,1,10,1,1,12,2,1,0,1,0,0,39,0,1
59,1,2,4,1,13,12,1,12,1,2,0,1,0,0,102,0,1
20,1,2,4,1,20,12,2,12,1,1,3,1,3,0,96,0,1
39,1,2,4,1,19,7,2,8,1,1,3,1,3,7,247,0,1
34,1,1,5,1,16,5,2,8,2,1,2,1,0,0,126,0,1
31,1,1,4,1,14,1,1,13,2,2,3,1,0,0,44,0,1
61,1,2,4,1,10,12,1,12,2,1,1,1,3,7,177,0,1
42,1,1,5,1,13,3,1,13,2,1,2,1,0,0,73,0,1
40,1,1,5,1,16,11,2,13,2,1,2,1,0,0,86,0,1
30,1,2,4,1,13,9,2,13,1,1,4,1,3,0,132,0,1
48,1,1,5,1,16,5,1,12,2,0,5,1,3,7,247,1,1
34,1,2,4,1,13,9,2,13,2,1,3,1,3,0,100,0,1
32,1,1,5,1,10,5,1,13,2,1,5,1,0,0,117,0,1
25,1,1,5,1,13,10,2,13,1,1,4,1,0,0,96,0,1
40,1,2,6,1,14,10,2,13,2,1,2,1,0,0,88,0,1
42,1,2,4,1,20,3,2,12,1,1,2,1,0,0,84,0,1
67,1,1,5,1,16,5,1,13,2,1,0,1,0,0,75,0,1
33,1,1,5,1,16,5,2,13,2,1,4,1,0,0,34,0,1
41,1,2,4,1,9,5,2,7,1,1,4,1,3,7,157,0,1
61,1,1,4,1,16,10,2,12,2,1,0,1,0,0,45,0,1
41,1,2,4,1,16,10,1,12,2,1,2,1,0,0,57,0,1
53,1,1,5,1,16,10,1,12,2,1,3,1,0,0,97,0,1
37,1,1,5,1,13,9,2,12,2,1,2,1,0,0,51,0,1
58,1,1,4,1,13,12,1,12,1,1,1,1,0,0,16,0,1
58,2,1,5,1,16,6,2,13,2,1,0,1,0,0,100,0,1
53,1,1,5,1,16,3,1,12,2,1,2,1,0,0,76,0,1
29,1,2,4,1,1,11,2,13,1,1,1,1,0,0,75,0,1
23,1,2,4,1,11,3,2,12,1,1,5,1,0,0,79,0,1
48,1,2,4,1,16,5,1,12,2,1,2,1,0,0,35,0,1
22,1,2,4,1,13,2,2,1,1,1,3,1,0,0,92,0,1
31,1,1,5,1,13,5,1,12,2,2,4,1,0,0,42,0,1
19,1,1,5,1,13,1,1,13,2,1,6,1,0,0,38,0,1
56,1,2,4,1,19,12,2,4,2,1,4,1,3,7,353,0,1
43,1,1,4,1,10,5,1,12,2,1,1,1,0,0,72,0,1
26,1,2,4,1,13,5,2,13,1,1,4,1,0,0,27,0,1
48,1,1,5,1,13,10,2,12,2,1,2,1,0,0,51,1,1
53,1,1,4,1,20,9,2,12,2,2,0,0,3,7,210,0,1
25,1,2,4,1,4,5,1,13,1,1,2,1,0,0,72,0,1
49,1,1,5,1,16,9,2,13,2,1,1,1,0,0,82,0,1
48,2,1,5,1,13,9,2,13,2,1,2,1,3,0,179,0,1
22,1,2,4,1,13,3,2,6,1,1,2,1,0,0,50,0,1
43,1,2,4,1,14,11,1,13,2,1,4,1,0,0,148,0,1
38,1,2,5,1,13,9,2,13,2,1,1,1,0,0,102,0,1
50,1,2,4,1,20,11,2,13,2,2,4,1,3,7,203,0,1
23,1,2,4,1,13,9,1,13,1,1,2,1,0,0,12,1,1
40,1,1,5,1,13,9,1,13,2,1,3,1,0,0,2,0,1
28,1,2,4,1,2,7,2,13,1,1,2,1,0,0,30,0,1
39,2,1,5,1,10,12,2,4,2,1,4,1,3,7,326,0,1
38,1,1,5,1,16,12,1,6,2,1,5,1,3,0,166,0,1
51,2,1,4,1,14,12,1,13,2,1,1,1,0,0,106,1,1
46,1,1,5,1,16,5,1,12,2,1,3,1,0,0,64,0,1
60,1,2,4,1,16,2,1,13,2,1,1,1,0,0,0,0,1
48,1,2,4,1,13,12,1,6,2,3,4,1,3,6,351,1,1
48,2,2,4,1,13,7,2,12,2,1,1,1,0,0,85,0,1
36,1,2,4,1,20,4,1,12,1,1,1,1,0,0,82,0,1
29,1,2,4,1,13,9,2,13,2,1,2,1,0,0,10,0,1
32,2,2,4,1,20,10,2,6,1,1,4,1,3,7,198,0,1
21,2,2,4,1,13,12,2,13,1,1,4,1,3,0,170,0,1
34,1,1,5,1,14,1,2,12,2,1,3,1,0,0,49,0,1
60,2,2,4,1,20,3,2,13,1,1,0,1,3,0,133,0,1
25,2,1,5,1,13,10,1,13,2,1,4,1,0,0,53,0,1
21,1,2,4,1,13,9,2,13,2,1,5,1,3,0,133,1,1
22,1,1,5,1,16,4,2,12,2,2,4,1,0,0,120,0,1
26,1,1,1,1,13,5,2,13,2,1,2,1,0,0,77,0,1
48,1,2,4,1,13,2,2,13,2,1,0,1,0,0,105,0,1
40,1,2,4,1,13,2,1,13,1,1,2,1,0,0,60,0,1
39,1,1,5,1,13,7,2,13,2,1,1,1,0,0,3,0,1
36,1,2,4,1,20,9,1,9,1,1,1,1,0,0,99,0,1
32,1,1,5,1,10,5,1,13,2,1,2,1,3,0,163,0,1
45,1,1,4,1,10,12,1,12,2,1,0,1,3,0,197,0,1
34,1,1,5,1,20,12,2,13,1,1,5,1,0,0,47,0,1
52,1,2,4,1,16,3,1,12,2,1,2,1,3,0,130,0,1
55,1,1,5,1,13,5,1,13,1,1,1,1,0,0,30,0,1
44,1,1,5,1,13,7,1,13,2,1,3,1,0,0,26,0,1
62,1,1,5,1,16,12,1,12,2,0,1,1,0,0,147,0,1
34,1,1,5,1,13,12,1,12,2,0,7,1,3,7,241,0,1
51,2,1,5,1,16,1,1,4,2,1,4,1,3,7,214,0,1
34,1,2,4,1,1,2,1,12,1,1,2,1,0,0,77,0,1
33,1,2,4,1,4,3,1,12,1,1,4,1,0,0,37,0,1
31,2,2,4,1,1,10,1,13,2,1,1,1,0,0,37,0,1
33,1,2,4,1,16,3,2,13,2,1,0,1,0,0,46,0,1
30,2,1,5,1,16,8,2,11,2,2,3,1,0,0,19,0,1
40,1,2,4,1,14,6,1,13,2,1,3,1,0,0,56,0,1
48,1,1,5,2,7,3,1,7,1,1,5,1,3,7,102,0,1
33,1,2,4,1,11,12,2,12,1,1,3,1,0,0,57,0,1
33,1,1,4,1,16,6,1,13,1,1,4,1,0,0,12,0,1
31,1,2,4,1,12,8,2,10,2,1,1,1,3,7,156,0,1
32,1,2,4,1,1,3,1,12,1,1,4,1,0,0,6,0,1
52,2,1,4,1,10,2,2,13,2,1,0,1,0,0,51,0,1
26,1,2,4,1,1,3,1,13,1,1,4,1,0,0,47,0,1
49,1,2,4,1,13,7,2,13,1,1,3,1,3,7,147,0,1
49,1,1,5,1,10,1,1,12,2,1,3,1,0,0,48,0,1
36,2,2,4,1,13,10,1,13,2,1,4,1,3,6,191,0,1
31,2,2,4,1,13,6,1,12,2,1,6,1,3,6,80,0,1
37,1,1,4,1,10,8,2,13,1,1,2,1,0,0,20,0,1
34,1,2,4,1,13,7,2,13,2,1,2,1,0,0,40,0,1
30,1,2,4,1,13,10,2,13,2,1,1,1,0,0,56,0,1
22,1,2,6,1,13,8,1,7,1,1,8,1,0,7,99,0,1
39,2,2,4,1,1,7,2,3,1,1,2,1,3,7,102,0,1
25,1,2,4,1,11,8,2,13,1,1,4,1,0,0,53,0,1
41,2,1,5,2,0,8,1,12,1,1,6,1,3,7,268,1,1
34,1,1,4,1,13,7,2,13,2,1,3,1,0,0,17,0,1
52,1,2,4,1,6,6,1,13,2,1,2,1,3,7,143,0,1
35,1,1,5,1,13,4,1,13,2,2,5,1,0,0,35,0,1
45,1,2,4,1,13,11,1,13,1,1,1,1,0,0,16,0,1
67,1,1,5,1,16,6,1,9,2,1,2,1,0,0,24,0,1
39,1,2,4,1,13,11,2,0,2,1,2,1,3,7,155,0,1
37,1,2,4,1,13,12,1,12,2,1,4,1,0,0,40,0,1
52,2,2,4,2,11,8,1,0,2,1,5,1,3,7,174,0,1
58,1,1,5,1,10,3,1,12,1,1,2,1,3,7,72,0,1
50,1,2,4,1,4,6,2,12,2,1,2,1,0,0,54,0,1
36,1,1,5,1,13,7,1,13,2,1,4,1,0,0,100,0,1
34,2,2,4,1,4,4,1,12,2,1,4,1,3,6,86,0,1
31,1,2,4,1,16,6,2,12,2,1,2,1,3,6,187,0,1
59,1,1,5,1,10,9,1,12,2,1,4,1,0,7,96,0,1
58,1,1,4,1,13,6,1,12,2,2,0,1,0,0,87,1,1
50,2,1,5,2,16,6,2,12,1,2,4,1,3,7,150,0,1
40,1,1,5,1,16,6,1,12,1,2,3,1,3,7,289,1,1
38,1,1,5,1,0,8,1,13,2,1,3,1,0,6,148,1,1
54,2,1,5,1,16,1,1,12,2,2,1,1,0,7,114,0,1
49,1,1,5,1,10,11,2,12,2,1,2,1,0,0,22,0,1
47,1,2,4,1,14,8,2,13,2,1,2,1,0,0,1,0,1
57,1,1,4,1,10,8,1,13,1,2,0,1,3,7,122,0,1
33,1,2,4,1,4,4,1,12,2,1,3,1,0,0,64,0,1
33,2,1,5,1,10,4,2,13,2,1,2,1,0,0,20,0,1
36,1,2,6,1,13,10,1,12,1,1,6,1,0,0,27,0,1
30,1,1,5,1,10,11,2,13,2,1,2,1,0,0,4,0,1
52,1,1,4,1,13,6,2,13,2,1,0,1,2,0,73,0,1
32,1,2,6,1,1,8,1,12,1,1,2,1,0,0,85,0,1
54,1,1,5,1,10,8,1,12,2,1,2,1,0,0,10,0,1
30,1,2,4,1,13,7,1,13,2,1,4,1,0,0,88,0,1
39,1,1,5,1,16,1,2,12,2,1,0,1,0,0,24,0,1
48,1,2,4,1,13,7,1,12,2,1,5,1,0,0,97,0,1
37,1,2,4,1,14,7,2,13,1,1,5,1,3,7,179,0,1
46,2,2,4,1,13,4,2,12,2,1,2,1,0,0,14,0,1
53,2,1,5,1,16,4,1,10,2,1,4,1,3,7,169,0,1
37,1,2,5,1,4,4,1,12,2,1,3,1,0,0,15,0,1
38,2,1,5,1,10,6,2,13,2,1,0,1,0,0,65,0,1
38,1,1,5,1,14,11,2,13,1,1,4,1,0,0,9,0,1
19,1,1,5,1,13,3,1,12,2,1,7,1,0,0,9,0,1
27,1,2,4,1,1,11,2,12,1,1,1,1,0,0,48,0,1
45,1,1,5,1,16,4,1,0,2,1,1,1,0,0,105,0,1
39,1,2,4,1,13,9,2,13,2,1,1,1,3,0,73,0,1
26,2,2,4,1,1,5,2,11,2,1,2,1,3,6,133,0,1
37,2,2,4,1,1,7,1,13,2,1,2,1,3,6,148,0,1
26,1,2,4,1,1,11,2,11,1,1,0,1,0,0,27,0,1
44,2,2,5,2,16,6,2,12,1,1,3,1,3,7,191,0,1
33,1,2,4,1,16,5,2,3,1,1,3,1,3,7,92,0,1
40,1,1,4,1,13,8,2,13,2,1,0,1,0,0,20,0,1
48,2,2,5,1,14,10,1,12,2,1,2,1,0,0,65,0,1
26,2,2,4,1,13,7,1,13,1,1,3,1,0,0,23,0,1
46,1,2,4,1,4,7,2,12,2,1,2,1,3,7,168,0,1
54,1,1,4,1,16,4,1,12,2,1,1,1,0,0,71,0,1
41,2,2,4,1,13,6,1,13,2,1,4,1,0,6,118,0,1
50,1,1,5,1,10,8,2,13,1,1,3,1,3,7,107,0,1
42,1,2,4,1,1,11,2,13,2,1,2,1,0,6,125,0,1
44,1,1,5,1,1,3,1,12,2,1,3,1,0,0,23,0,1
29,2,1,4,1,13,3,1,13,2,1,4,1,0,0,79,0,1
30,2,2,4,1,1,7,2,13,2,1,1,1,0,0,68,0,1
26,1,2,4,1,4,3,1,13,2,1,4,1,0,0,38,0,1
41,1,2,4,2,4,12,2,13,2,1,3,1,3,7,217,0,1
37,2,1,4,1,10,8,1,13,2,1,1,1,0,7,122,1,1
62,2,2,4,1,4,7,1,13,2,1,3,1,3,7,138,0,1
36,1,2,4,1,1,8,1,12,1,1,5,1,0,0,46,0,1
56,1,1,5,2,16,2,1,12,2,1,2,1,0,7,87,0,1
60,1,2,4,1,13,7,2,13,2,1,1,1,3,7,135,0,1
22,1,2,4,2,4,6,1,12,2,1,3,1,0,6,108,0,1
38,1,2,4,1,14,8,2,13,2,1,1,1,0,0,49,0,1
52,1,1,5,1,10,6,2,13,2,1,0,1,0,0,28,0,1
53,1,2,4,1,13,7,2,13,2,1,2,1,3,7,225,0,1
40,1,2,4,1,13,6,1,13,2,1,1,1,0,0,68,0,1
46,1,2,4,1,13,11,1,12,2,1,3,1,0,0,27,0,1
38,1,1,5,1,11,8,1,13,2,1,3,1,0,0,51,0,1
35,1,2,4,1,4,8,1,12,1,1,3,1,0,0,14,0,1
44,1,2,6,1,13,5,1,13,2,1,1,1,0,0,2,1,1
51,1,1,5,1,11,1,1,12,2,1,5,1,0,7,122,1,1
61,2,1,5,1,10,9,1,13,2,1,2,1,0,0,88,0,1
45,2,1,5,1,13,6,2,13,1,1,3,1,3,7,119,0,1
60,1,1,4,1,16,11,2,13,1,2,2,1,0,0,37,0,1
49,2,1,5,1,13,8,1,13,2,1,3,1,3,7,124,0,1
39,1,1,5,1,10,6,2,9,1,1,0,1,3,7,112,0,1
34,1,1,4,1,13,4,2,13,2,1,0,1,0,0,26,0,1
49,2,1,4,1,10,3,2,12,1,1,1,1,0,0,20,0,1
38,1,1,5,1,4,4,1,12,2,1,5,1,3,7,127,0,1
50,1,1,5,1,13,8,2,11,2,1,2,1,0,0,27,1,1
44,2,1,5,1,10,4,1,0,2,2,2,1,3,7,197,1,1
34,2,2,4,1,16,6,1,0,2,1,4,1,0,0,103,0,1
50,1,2,4,1,0,8,1,12,2,1,2,1,0,0,56,0,1
45,1,2,4,1,4,2,1,12,2,1,4,1,3,7,106,0,1
32,1,2,4,1,13,11,2,13,1,1,2,1,3,7,101,0,1
27,2,2,4,1,1,7,2,13,2,1,1,1,0,7,74,0,1
34,2,2,4,1,13,7,2,13,2,1,4,1,3,0,95,0,1
47,2,1,5,2,10,6,2,12,1,1,4,1,3,7,233,0,1
44,1,1,5,1,10,9,1,12,2,1,2,1,0,0,56,0,1
26,1,1,5,1,13,8,2,13,1,1,4,1,3,7,123,0,1
45,1,1,4,1,13,8,1,13,2,1,3,1,0,0,33,0,1
61,1,2,4,1,16,7,1,12,2,1,4,1,3,7,122,0,1
43,1,2,4,1,13,3,2,13,2,1,0,1,0,0,6,0,1
52,1,2,4,1,16,2,2,12,2,1,1,1,3,7,123,0,1
37,1,1,5,1,13,6,1,13,2,1,3,1,0,0,22,0,1
49,1,1,4,1,14,11,1,0,1,1,3,1,3,7,167,0,1
37,1,2,4,1,13,10,1,12,2,1,5,1,3,7,151,0,1
34,1,1,5,1,1,8,2,13,2,1,2,1,0,0,48,0,1
24,1,1,6,1,1,3,1,12,1,1,3,1,0,0,44,0,1
49,1,1,5,1,10,6,2,12,1,2,4,1,3,7,155,0,1
48,1,1,5,1,10,1,1,12,1,1,4,1,0,0,72,0,1
41,1,1,5,1,10,6,2,12,1,1,2,1,0,0,14,0,1
37,2,2,4,1,4,3,1,12,1,1,5,1,3,7,139,0,1
46,1,1,5,1,11,1,1,12,2,1,3,1,0,0,113,0,1
55,1,2,4,1,4,2,1,12,2,1,3,1,3,7,113,0,1
35,1,1,5,1,13,6,2,12,2,1,1,1,0,0,52,0,1
57,1,2,4,1,1,6,1,12,2,1,3,1,3,7,158,0,1
62,1,1,4,1,16,11,2,13,1,2,1,1,3,7,113,0,1
37,1,2,4,1,16,12,2,12,2,2,0,1,0,0,64,0,1
31,2,2,1,1,1,7,2,13,1,1,3,1,0,0,57,0,1
37,1,2,4,1,13,11,2,13,2,2,1,1,3,7,162,0,1
48,1,1,5,1,14,2,2,12,1,2,2,1,0,0,14,0,1
32,1,2,4,1,4,11,2,13,2,1,1,1,0,0,5,0,1
30,1,2,4,1,4,7,2,13,2,1,3,1,3,6,157,0,1
58,1,1,5,1,5,7,1,12,2,1,6,1,3,7,130,0,1
41,1,1,5,1,16,3,2,11,2,2,2,1,3,7,141,0,1
55,1,1,5,1,10,12,2,12,2,1,2,1,0,0,13,0,1
24,1,2,4,1,1,10,2,7,2,1,3,1,3,7,130,0,1
45,2,1,5,1,16,8,1,12,2,2,1,1,3,7,148,0,1
31,1,2,4,1,13,11,1,12,2,1,5,1,0,0,8,0,1
49,1,1,5,1,16,1,1,12,2,2,6,1,3,7,152,1,1
32,1,1,4,1,13,9,1,13,2,1,3,1,0,0,17,0,1
42,1,2,4,1,14,11,2,12,2,1,3,1,0,7,87,0,1
20,1,2,6,1,14,10,1,0,2,1,2,1,0,0,80,0,1
41,1,1,5,1,10,3,2,9,2,1,1,1,3,7,82,0,1
22,1,1,5,1,4,4,1,12,2,1,6,1,0,6,106,1,1
37,1,2,4,1,13,4,1,12,2,1,5,1,3,7,139,0,1
57,1,2,4,1,16,3,1,12,1,1,1,1,3,7,87,0,1
33,1,1,5,1,13,8,2,13,1,1,2,1,0,0,69,0,1
47,1,2,4,1,13,11,1,13,2,1,3,1,0,0,3,0,1
32,2,2,4,1,1,10,1,12,2,1,4,1,0,0,79,0,1
42,1,1,5,1,13,6,2,13,1,1,3,1,3,7,117,0,1
28,1,1,4,1,13,6,2,13,2,1,1,1,0,0,68,0,1
47,2,1,4,1,11,6,1,13,2,1,2,1,0,0,122,0,1
21,1,1,5,1,16,3,2,12,1,1,4,1,0,0,71,0,1
35,2,1,5,2,10,4,1,12,2,1,6,1,3,7,246,0,1
35,2,1,5,1,11,9,1,12,2,1,6,1,0,0,14,0,1
47,1,1,5,1,10,4,2,3,2,2,0,1,3,7,92,0,1
29,1,2,6,1,11,11,1,8,2,1,4,1,0,0,30,0,1
46,1,1,5,1,13,9,2,13,2,2,2,1,3,6,210,1,1
28,1,2,4,1,10,12,2,12,1,1,2,1,0,0,18,0,1
37,1,1,4,1,13,5,1,13,1,1,6,1,3,0,117,0,1
28,1,2,4,1,1,7,2,7,1,1,2,1,0,0,84,0,1
44,2,1,5,1,11,8,1,11,2,1,3,1,0,0,61,0,1
26,1,2,4,1,10,4,1,13,2,1,1,1,3,7,145,0,1
33,1,1,4,1,4,12,1,12,2,1,2,1,0,0,31,0,1
31,1,2,4,1,13,3,1,13,1,1,4,1,0,0,0,0,1
27,2,1,5,1,13,5,1,13,2,1,4,1,0,0,47,0,1
56,1,2,4,1,4,7,2,12,2,1,1,1,3,7,149,0,1
43,1,2,4,1,4,11,1,12,1,1,3,1,0,0,1,0,1
41,1,2,4,1,16,7,2,12,2,1,2,1,0,0,50,0,1
55,1,1,5,1,10,2,1,12,1,2,0,1,0,7,71,0,1
38,1,1,4,1,13,7,1,13,2,1,3,1,0,0,41,0,1
59,1,1,4,1,16,2,1,12,2,1,1,1,0,0,22,0,1
43,1,2,5,1,4,3,1,12,2,1,2,1,3,7,121,0,1
40,1,2,4,1,13,3,1,13,2,1,2,1,0,0,81,0,1
58,1,1,5,1,16,5,1,12,2,1,4,1,0,0,79,0,1
35,1,2,4,1,13,12,2,12,1,1,1,1,0,0,6,0,1
59,2,1,5,1,10,6,1,13,1,1,2,1,3,7,100,0,1
33,2,2,4,1,4,8,2,13,1,1,1,1,0,0,59,0,1
20,1,2,4,1,13,8,2,12,2,1,3,1,0,0,74,0,1
47,2,2,4,1,11,10,1,13,2,1,4,1,0,0,43,0,1
47,1,1,5,1,11,2,1,0,2,1,4,1,3,7,157,0,1
49,2,2,4,1,1,7,1,12,2,1,0,1,3,7,179,0,1
55,1,1,5,1,10,6,1,12,2,1,2,1,0,0,69,0,1
22,1,2,4,1,4,7,1,12,2,1,2,1,0,0,37,0,1
62,1,1,5,1,10,2,1,9,1,1,0,1,0,0,33,0,1
56,1,1,7,1,13,7,2,13,2,2,1,1,0,0,4,0,1
42,1,2,4,1,1,7,1,0,1,1,2,1,0,0,35,0,1
34,1,2,4,1,4,10,1,12,2,1,2,1,0,0,46,0,1
35,1,2,4,1,4,8,1,0,2,1,3,1,3,7,145,0,1
48,2,1,5,1,10,8,2,13,2,1,1,1,2,3,63,0,1
39,1,1,5,1,16,6,1,12,1,1,3,1,3,7,126,0,1
47,1,1,5,1,4,9,2,13,1,2,3,1,3,7,225,0,1
35,1,1,5,1,16,5,1,9,2,2,1,1,0,0,74,0,1
30,1,2,4,1,4,4,1,12,2,1,5,1,3,6,168,0,1
41,2,1,5,1,10,5,1,13,2,1,1,1,0,0,31,0,1
33,1,1,5,1,16,5,1,12,2,1,5,1,0,0,75,0,1
44,1,1,5,1,13,6,2,13,2,1,3,1,3,7,227,0,1
31,1,1,4,2,1,8,1,3,1,1,3,1,3,7,212,0,1
35,1,2,4,1,13,8,2,13,1,1,0,1,3,0,81,0,1
40,1,1,5,1,7,6,2,10,1,1,3,1,3,7,198,0,1
40,1,2,4,2,13,3,2,12,2,1,4,1,3,7,141,0,1
21,1,2,4,1,16,5,2,11,2,1,1,1,0,0,19,0,1
53,2,1,5,1,10,7,1,0,2,1,2,1,3,6,167,0,1
37,1,2,4,1,4,10,2,12,2,1,0,1,3,6,126,0,1
42,2,1,6,1,11,8,1,13,2,1,3,1,0,0,78,1,1
36,2,1,5,1,10,3,2,3,1,1,0,1,3,7,66,0,1
64,1,1,4,1,10,4,1,12,2,2,0,1,3,7,166,0,1
29,1,1,5,1,13,8,2,13,2,1,0,1,0,0,15,0,1
36,1,1,5,1,16,11,1,8,2,1,2,0,0,0,43,0,1
24,1,2,4,1,11,9,2,13,2,1,5,1,0,0,56,0,1
50,2,1,5,1,13,6,2,13,2,2,3,1,3,7,117,0,1
39,1,1,4,1,14,6,1,13,2,1,2,1,3,6,169,0,1
48,1,1,5,1,10,6,1,13,1,1,1,1,0,0,15,0,1
53,2,1,4,1,13,6,2,13,2,1,2,1,0,0,102,0,1
22,2,2,4,1,1,4,1,12,2,1,4,1,3,6,220,0,1
37,1,2,4,1,4,10,2,13,2,1,1,1,3,6,158,0,1
29,1,2,4,1,1,10,1,0,2,1,4,1,3,6,170,0,1
33,1,1,5,1,14,8,1,12,2,1,4,1,0,7,109,0,1
49,1,1,5,1,10,8,1,12,1,1,3,1,0,0,54,0,1
37,1,1,4,1,13,7,1,7,2,1,1,1,0,0,62,0,1
35,1,1,4,1,16,7,1,10,2,1,5,1,3,6,181,0,1
35,1,2,4,1,1,6,2,13,1,1,2,0,3,7,110,0,1
35,2,1,5,1,13,6,1,13,2,1,4,1,3,7,136,0,1
19,2,2,4,1,4,3,2,3,2,1,3,1,0,0,54,0,1
41,1,1,5,1,13,8,1,12,2,2,3,1,3,7,134,0,1
33,1,2,4,1,14,7,1,12,2,1,4,1,0,0,29,0,1
49,1,1,5,1,16,7,1,12,2,2,5,1,3,7,214,0,1
30,1,1,7,1,10,6,2,12,2,1,3,1,0,0,59,0,1
44,2,1,5,1,10,6,2,13,2,1,0,1,3,7,129,0,1
43,2,2,4,1,13,7,1,13,2,1,2,1,0,0,31,1,1
36,1,2,4,1,13,10,2,10,2,1,2,1,3,7,141,0,1
57,1,1,5,1,13,11,2,13,2,2,2,0,3,7,158,0,1
33,2,2,4,1,1,6,2,12,1,2,2,1,3,6,223,0,1
29,1,2,4,1,13,11,2,12,2,1,2,1,0,0,29,0,1
53,1,1,4,1,16,1,1,12,2,1,1,1,0,0,18,0,1
35,1,1,5,1,4,8,1,12,1,1,4,1,0,0,16,0,1
38,1,1,4,1,13,6,2,13,2,1,0,1,0,0,24,0,1
56,1,1,5,1,10,4,2,13,2,1,1,1,3,7,168,0,1
54,1,2,4,1,1,3,1,12,1,1,0,1,0,0,70,0,1
31,1,1,6,1,10,4,1,12,2,1,2,1,0,7,107,0,1
53,1,1,4,1,13,8,1,12,2,1,1,1,0,0,43,0,1
26,1,1,5,1,16,5,1,12,1,1,3,1,0,0,12,0,1
31,1,2,4,1,10,4,2,13,2,1,2,1,3,6,134,0,1
48,1,2,4,1,13,2,1,13,2,2,1,1,0,0,94,0,1
40,1,2,4,1,13,4,2,13,2,1,4,1,0,0,64,0,1
41,1,1,5,1,10,8,1,12,1,1,4,1,0,0,10,0,1
42,1,1,4,2,13,8,1,13,1,1,2,1,3,7,78,0,1
34,1,2,4,1,13,4,2,13,2,1,5,1,0,0,44,0,1
34,1,2,4,1,13,6,1,12,2,1,3,1,0,0,108,0,1
46,1,2,4,1,13,7,2,12,1,1,2,1,0,0,56,0,1
32,2,1,5,1,0,8,1,14,1,1,3,1,0,0,4,0,1
44,1,1,5,1,11,6,2,11,1,1,2,1,0,0,56,0,1
41,1,2,4,1,11,2,1,12,2,1,4,1,3,7,168,0,1
64,1,2,4,1,10,2,1,13,1,1,1,1,0,0,82,0,1
48,2,2,4,2,1,7,1,13,2,1,4,1,3,7,216,0,1
29,2,1,5,1,10,6,2,13,1,1,3,1,3,7,139,0,1
47,1,2,4,1,10,9,1,13,2,1,0,1,0,0,44,0,1
32,2,2,4,1,13,9,1,13,2,2,3,1,3,6,160,1,1
35,2,2,4,1,11,6,1,12,2,1,4,1,3,6,134,0,1
27,1,2,4,1,13,9,2,0,2,1,3,1,0,0,51,0,1
24,2,2,4,1,14,8,1,13,1,1,4,1,0,0,59,0,1
43,1,2,4,1,13,7,1,13,2,1,5,1,3,6,162,0,1
32,1,1,5,1,13,9,2,13,2,1,3,1,0,0,61,0,1
38,1,2,4,1,1,6,2,12,2,1,0,1,0,0,42,0,1
35,1,2,4,1,4,4,2,13,2,1,2,1,3,7,114,0,1
45,2,1,5,1,10,6,2,12,2,2,1,1,3,7,215,0,1
46,1,1,4,1,13,7,2,13,2,1,2,1,0,0,8,0,1
64,1,1,4,1,10,4,2,13,2,1,2,1,3,8,111,0,1
57,1,1,5,1,10,6,1,12,2,1,2,1,0,0,56,0,1
50,1,1,5,1,16,5,1,12,1,1,5,1,0,0,41,0,1
39,1,1,5,1,16,6,1,12,1,1,3,1,0,0,48,1,1
33,1,2,4,1,13,4,1,12,2,1,4,1,0,6,75,0,1
29,1,2,4,1,13,3,1,13,2,1,3,1,0,0,50,1,1
34,2,2,4,1,13,3,1,13,1,1,3,1,0,0,14,0,1
40,1,2,4,1,4,4,1,12,2,1,2,1,3,7,149,0,1
36,1,2,4,1,13,7,1,12,2,1,5,1,0,0,30,0,1
41,2,1,4,1,13,7,2,13,2,1,2,1,3,7,154,0,1
46,2,2,4,1,16,8,2,12,1,1,1,1,0,0,3,0,1
57,1,2,4,1,16,6,1,12,2,2,3,1,3,6,140,0,1
39,2,2,6,1,4,7,2,0,2,1,2,1,0,7,115,0,1
28,1,1,5,1,0,1,1,12,2,1,2,1,0,0,70,0,1
56,2,2,4,1,10,8,1,12,1,1,1,1,3,7,67,0,1
49,1,2,4,1,16,4,1,12,2,1,1,1,0,10,93,0,1
37,1,2,4,1,13,5,2,13,2,1,0,1,0,0,10,0,1
27,1,2,4,1,1,8,2,13,1,1,3,1,0,0,74,0,1
56,1,1,5,1,13,9,1,12,2,1,0,1,0,0,2,0,1
38,1,2,4,1,1,10,2,12,2,1,2,1,0,0,80,0,1
36,2,2,4,1,16,6,1,12,1,1,3,1,0,0,20,0,1
40,2,1,4,1,10,8,1,13,2,1,2,1,0,0,27,0,1
35,2,2,4,1,1,10,1,13,1,1,3,1,3,6,158,0,1
20,1,2,4,1,1,12,1,12,2,1,5,1,3,6,115,0,1
47,1,1,5,1,10,8,2,13,2,1,2,1,3,7,134,0,1
21,2,2,5,1,13,3,1,13,2,1,5,1,0,0,35,0,1
21,1,2,4,1,1,7,2,3,2,1,1,1,0,6,85,0,1
61,2,2,4,1,1,6,1,12,1,1,3,1,3,7,206,0,1
49,2,2,4,1,13,5,1,12,2,1,1,1,0,0,6,0,1
44,1,1,4,1,10,2,2,12,2,2,3,1,0,0,5,0,1
22,1,1,4,1,13,8,2,13,2,1,2,1,3,7,179,0,1
32,1,2,4,1,0,1,1,12,2,1,4,1,0,0,69,0,1
56,1,1,5,1,10,11,1,12,1,1,2,1,0,0,2,0,1
43,1,1,4,1,13,12,1,12,1,2,2,1,3,7,109,0,1
44,2,1,5,1,4,8,1,12,2,1,3,1,0,7,92,0,1
50,1,1,5,1,16,10,1,12,2,1,4,1,3,7,177,0,1
41,1,2,4,1,1,2,2,12,1,1,1,1,0,0,44,0,1
36,1,1,5,1,13,7,2,13,2,1,0,1,0,0,28,0,1
45,1,1,7,1,10,2,1,13,2,1,2,1,0,0,17,0,1
46,1,1,5,1,0,6,1,12,2,1,3,1,3,7,155,0,1
49,1,2,5,2,3,2,1,12,2,1,5,1,0,7,79,0,1
40,2,2,4,1,11,5,1,13,1,1,1,1,0,0,78,0,1
30,1,2,4,1,1,11,2,13,1,1,1,1,0,0,89,0,1
37,2,1,5,1,16,5,1,12,1,1,4,1,0,0,21,0,1
48,2,1,4,1,14,5,1,12,2,1,0,1,0,0,29,0,1
35,2,1,5,1,13,3,2,12,1,1,4,1,3,7,109,0,1
35,2,2,4,1,14,5,1,13,2,1,2,1,0,0,88,0,1
35,1,1,5,1,13,8,2,11,2,1,3,1,0,0,36,0,1
28,1,1,5,1,11,3,2,12,1,1,4,1,0,0,24,0,1
37,1,2,4,1,1,7,2,13,1,1,3,1,3,7,140,0,1
22,1,2,4,1,11,6,2,0,1,1,5,1,3,7,223,0,1
42,1,1,5,1,13,9,1,13,2,2,2,1,0,0,2,0,1
32,1,2,4,1,1,11,2,13,1,1,1,1,0,0,99,0,1
41,1,1,5,1,13,7,2,7,1,1,5,0,3,7,123,1,1
45,1,2,4,1,13,4,2,12,2,1,1,1,0,6,103,0,1
45,2,2,5,1,13,10,1,0,2,1,4,1,3,7,148,0,1
41,1,1,5,1,16,7,2,12,1,1,3,1,3,7,104,0,1
47,1,1,5,1,7,3,2,13,1,1,3,0,3,7,153,0,1
32,1,1,5,1,10,4,2,3,2,1,5,1,3,7,183,0,1
54,1,2,4,1,10,12,2,13,2,1,0,1,3,6,141,0,1
46,1,2,4,1,11,10,2,12,2,1,3,1,0,7,109,0,1
37,1,2,4,1,10,6,1,13,2,1,1,1,0,0,2,0,1
35,1,2,4,1,11,2,1,12,2,1,3,1,0,7,79,0,1
53,1,1,5,1,10,6,2,9,1,1,1,1,3,7,141,0,1
39,1,1,4,1,13,7,1,12,2,1,4,1,0,0,39,0,1
36,1,2,4,1,13,9,2,13,1,1,3,1,0,0,7,0,1
43,1,1,5,1,10,8,2,12,1,1,3,1,0,0,17,0,1
19,1,1,5,1,14,11,2,11,2,1,4,1,0,0,11,0,1
53,1,1,5,1,16,5,1,13,2,2,1,1,0,0,28,0,1
35,1,2,4,1,1,6,2,3,1,1,2,1,3,7,136,0,1
33,1,2,4,1,1,11,1,12,1,1,3,1,0,0,56,0,1
72,1,1,5,1,10,4,1,12,2,1,2,1,3,7,191,0,1
44,1,1,5,1,14,8,2,13,2,1,2,1,0,0,86,0,1
61,1,1,5,1,13,3,1,12,2,1,3,1,3,7,101,0,1
19,1,2,4,1,1,12,1,13,1,2,3,1,0,0,67,0,1
44,1,2,4,1,1,3,1,12,2,1,2,1,0,0,46,0,1
39,1,1,5,1,10,4,2,9,2,1,2,1,0,0,37,0,1
59,1,2,4,1,6,4,1,13,2,1,4,1,3,7,162,0,1
31,1,2,4,1,13,8,1,13,2,1,5,1,3,7,171,0,1
45,1,1,4,1,10,4,2,13,2,1,2,1,0,0,21,0,1
57,2,2,4,2,16,3,1,12,1,1,2,1,3,7,84,0,1
35,1,2,4,1,4,7,1,13,2,1,4,1,0,0,30,0,1
45,1,1,5,1,10,5,2,12,2,1,2,1,0,0,23,0,1
33,1,2,4,1,13,7,2,13,2,1,3,1,0,0,5,0,1
32,1,1,5,1,10,8,2,13,2,1,1,1,0,0,41,0,1
23,1,2,4,1,11,10,2,9,2,1,3,1,0,0,22,0,1
55,1,2,4,1,16,7,1,9,2,1,1,1,0,0,5,0,1
49,1,1,5,1,14,6,2,12,1,1,3,1,3,7,112,0,1
35,1,1,5,1,4,8,2,3,1,1,3,1,3,7,207,0,1
43,1,1,5,1,10,8,1,12,2,1,1,1,0,0,18,0,1
39,1,1,5,1,10,7,2,13,1,1,3,1,3,7,129,0,1
40,1,2,4,1,13,8,1,13,2,1,2,1,3,0,91,0,1
30,1,1,5,1,13,8,2,13,2,1,5,1,3,7,146,0,1
35,1,2,6,1,4,3,1,3,2,1,3,1,0,0,61,0,1
28,1,2,4,1,1,3,1,6,1,1,4,1,0,0,97,0,1
58,1,2,4,1,10,8,2,13,1,1,0,1,3,7,160,0,1
48,1,1,5,1,16,1,1,12,2,2,3,1,3,7,241,1,1
45,1,1,5,1,13,6,2,12,1,1,4,1,3,7,97,0,1
35,1,1,5,1,1,3,1,12,1,1,4,1,0,0,79,0,1
51,1,2,5,1,4,4,1,12,2,1,4,1,3,7,238,0,1
21,1,2,4,1,13,9,2,13,2,1,3,1,0,0,20,0,1
47,1,1,5,1,16,5,2,3,2,1,0,1,0,0,48,0,1
41,1,1,5,1,7,6,2,12,1,1,3,1,3,7,76,0,1
36,1,1,5,1,10,6,1,12,2,1,1,1,0,7,77,0,1
57,1,1,5,1,16,6,1,12,1,1,2,1,3,7,117,0,1
24,1,2,4,1,14,11,1,8,2,1,2,1,0,0,11,0,1
52,1,1,5,1,10,4,2,12,2,2,0,1,0,0,25,0,1
42,2,2,4,1,11,8,1,13,2,1,2,1,3,7,153,0,1
37,2,2,4,1,13,5,1,13,2,1,1,1,0,0,13,0,1
20,1,1,5,1,13,5,2,0,2,1,4,1,0,0,42,0,1
40,1,1,5,1,13,8,2,12,2,2,4,1,0,0,67,0,1
26,2,2,4,1,4,8,2,3,1,1,3,1,0,0,91,0,1
60,1,2,4,1,16,8,1,12,2,2,0,1,0,0,85,0,1
43,1,2,4,1,13,6,1,13,1,2,4,0,3,7,274,0,1
47,1,2,5,1,1,11,2,12,2,1,0,1,0,0,23,0,1
48,2,2,4,1,11,6,1,3,1,1,1,1,3,7,134,0,1
42,1,1,4,1,13,8,1,13,2,1,7,1,0,0,53,0,1
37,1,1,5,1,0,8,1,12,1,1,3,0,0,0,76,0,1
57,2,1,5,1,4,8,2,12,2,1,4,1,3,7,178,0,1
52,1,2,4,1,1,7,2,13,2,1,0,1,0,0,64,0,1
42,1,2,4,1,1,11,1,13,2,1,1,1,0,0,31,0,1
60,1,1,4,1,4,6,2,12,2,1,1,1,3,6,225,0,1
35,1,2,4,1,13,2,2,12,2,1,3,1,0,0,76,0,1
26,1,2,4,1,1,11,1,0,1,1,2,1,3,7,123,0,1
55,1,1,4,1,13,6,1,13,2,1,2,1,3,3,160,0,1
48,1,1,4,1,16,11,2,13,1,1,1,1,0,0,48,0,1
68,1,1,5,1,10,4,2,13,2,1,0,1,0,0,62,0,1
46,1,1,5,1,13,8,1,13,2,1,2,1,2,7,101,0,1
50,1,1,5,2,11,8,1,12,1,1,5,1,3,7,170,0,1
34,1,1,4,1,13,4,2,13,2,1,1,1,0,0,47,0,1
33,2,2,4,1,13,6,1,13,2,1,5,1,3,7,178,0,1
57,1,2,4,2,16,6,1,12,2,1,1,1,3,7,124,0,1
52,1,2,4,1,10,4,1,12,2,1,2,1,0,0,39,0,1
38,1,1,4,1,11,7,2,13,1,1,3,1,3,6,207,1,1
28,2,1,2,2,7,3,1,12,1,1,5,1,3,5,129,0,1
44,1,1,5,1,10,8,1,9,1,1,0,1,0,0,12,0,1
32,2,2,4,1,13,8,2,13,2,1,3,1,3,7,128,0,1
41,1,2,4,1,11,8,1,13,1,1,4,1,3,7,97,0,1
30,1,2,4,1,13,5,2,12,2,1,2,1,0,0,14,0,1
31,2,1,5,1,5,8,1,3,1,1,5,1,3,6,144,0,1
57,1,2,4,1,1,3,1,12,1,1,2,1,0,0,33,0,1
34,1,1,5,1,13,8,1,13,2,1,3,1,0,0,121,0,1
39,2,1,5,1,16,4,2,12,2,1,3,1,3,7,184,0,1
42,1,2,4,1,4,6,2,12,1,1,1,1,3,7,112,0,1
28,1,1,5,1,10,7,2,13,2,1,1,0,3,7,130,0,1
33,1,2,4,1,1,2,1,12,2,1,2,1,0,0,5,0,1
35,2,1,5,1,13,8,2,13,2,1,3,1,3,7,183,0,1
48,1,1,4,1,10,12,2,12,2,1,2,1,0,0,32,0,1
30,1,2,4,1,4,10,1,13,2,1,3,1,0,0,91,0,1
34,1,1,5,1,13,3,2,13,2,1,4,1,0,7,58,0,1
55,1,1,5,1,13,11,1,13,2,2,2,1,0,0,0,0,1
30,1,2,4,1,4,4,1,12,2,1,4,1,3,7,194,0,1
51,1,2,4,1,13,6,1,12,2,1,4,1,3,0,72,0,1
21,1,2,4,1,10,1,2,13,2,1,1,1,0,0,60,0,1
41,1,1,4,1,1,6,1,3,2,1,4,1,3,7,179,0,1
47,1,2,4,1,4,10,1,13,2,1,2,1,3,6,161,1,1
42,1,2,4,1,10,4,1,13,2,1,3,1,0,0,25,0,1
47,2,1,5,1,13,3,1,13,2,1,2,1,0,0,24,0,1
46,1,2,4,1,13,7,2,13,1,1,4,1,3,7,126,0,1
51,1,2,4,1,4,4,2,13,2,2,2,1,3,7,157,0,1
29,1,1,5,1,10,8,2,3,1,1,2,1,0,0,68,0,1
55,1,1,5,1,10,8,1,12,2,1,2,1,2,7,123,1,1
51,1,2,4,1,14,7,2,13,1,1,1,1,0,0,124,0,1
41,2,1,5,1,10,7,2,13,2,1,2,1,3,0,119,0,1
36,2,1,5,1,13,7,1,13,2,1,3,1,2,7,119,0,1
52,1,2,4,1,16,6,1,12,1,1,0,1,0,0,0,0,1
33,2,1,5,1,10,8,2,13,2,1,2,1,3,7,208,1,1
40,2,1,5,2,13,4,1,12,1,1,5,1,3,7,119,0,1
45,1,2,4,1,4,6,2,12,2,2,1,1,3,7,297,0,1
25,1,1,6,1,13,7,2,3,2,1,3,1,0,0,39,0,1
36,1,2,4,1,13,11,2,13,1,1,1,1,3,7,133,0,1
42,1,1,5,1,10,9,2,13,2,1,3,1,0,0,40,0,1
36,1,2,4,1,13,4,2,12,2,1,2,1,3,7,157,0,1
34,1,1,5,1,10,4,1,7,1,1,5,1,3,7,128,0,1
22,1,1,5,1,10,3,1,4,1,1,2,1,0,0,66,0,1
33,1,2,4,1,16,1,1,12,2,1,3,1,0,0,79,0,1
25,2,1,5,1,13,7,1,11,2,1,2,1,0,0,18,0,1
36,1,2,4,1,14,11,2,13,2,2,1,1,0,0,70,0,1
23,1,2,6,1,1,3,2,3,1,1,4,1,3,7,124,0,1
47,1,1,5,1,10,6,1,13,2,1,3,1,3,7,78,0,1
41,2,1,4,1,16,7,1,13,2,1,1,1,0,6,145,0,1
38,1,2,4,1,4,11,1,13,1,1,3,1,3,7,128,0,1
39,1,1,5,1,13,1,1,11,2,2,2,1,0,0,55,0,1
34,1,1,5,1,11,1,2,12,2,1,6,1,0,0,85,0,1
46,1,1,4,1,14,5,1,9,2,1,0,1,0,0,40,0,1
32,1,2,4,1,4,4,1,12,2,1,4,1,3,6,191,0,1
22,1,2,4,1,1,8,2,0,2,1,3,1,0,0,98,0,1
31,2,2,4,1,11,8,1,13,2,1,2,1,0,0,47,0,1
44,1,2,4,1,13,11,1,13,2,2,5,1,3,0,136,0,1
49,1,2,4,1,11,1,1,12,2,1,1,1,0,0,22,0,1
48,1,1,4,1,16,7,1,13,2,1,3,1,0,0,43,0,1
59,2,1,5,1,4,6,1,12,2,1,4,1,3,7,191,0,1
37,1,1,5,1,10,4,2,13,2,1,4,1,0,7,138,0,1
50,1,1,5,1,13,9,1,12,2,1,4,1,3,7,109,0,1
23,1,2,6,1,13,8,2,13,2,1,3,1,0,0,27,0,1
53,1,1,4,1,16,7,1,12,2,2,1,1,3,7,118,0,1
25,1,2,4,1,1,7,2,12,1,1,3,1,0,0,39,0,1
47,1,2,4,1,1,6,2,7,2,1,0,1,3,7,95,0,1
60,2,2,4,2,16,8,1,12,1,1,4,1,3,7,222,0,1
35,1,2,4,1,13,11,1,13,2,1,4,1,0,0,91,0,1
34,1,2,4,1,1,7,1,0,2,1,1,1,3,6,135,0,1
21,1,2,4,1,1,10,1,9,2,1,0,1,0,0,115,0,1
32,1,2,4,1,16,5,1,12,2,1,3,1,0,0,11,0,1
46,1,1,5,1,10,8,1,12,2,1,1,1,0,0,68,0,1
74,1,1,5,1,16,6,2,10,1,1,1,1,3,7,164,0,1
41,2,1,5,1,16,8,1,13,2,1,4,1,0,0,63,0,1
46,1,2,4,1,1,7,2,13,1,1,1,1,3,7,136,0,1
36,1,1,5,1,14,6,2,13,2,1,2,1,3,7,174,0,1
42,1,2,4,1,7,6,2,12,2,1,4,1,0,0,62,0,1
48,2,2,4,1,4,7,1,13,2,1,4,1,3,7,149,0,1
47,2,1,5,1,13,8,2,12,2,1,5,1,2,3,38,0,1
37,1,1,5,1,11,9,2,11,2,1,0,1,0,0,37,0,1
70,2,1,5,1,11,6,1,13,1,1,3,1,3,7,62,0,1
35,1,2,4,1,10,3,1,13,1,1,2,1,0,0,53,0,1
48,2,2,4,1,13,7,2,13,2,2,4,1,3,7,217,0,1
26,1,1,5,1,13,5,2,13,2,1,3,1,0,0,58,0,1
26,2,2,4,1,13,10,2,12,2,1,5,1,3,7,156,0,1
37,1,2,4,1,13,3,2,13,1,1,4,1,0,0,34,0,1
42,2,2,5,1,1,6,1,12,1,2,4,1,3,7,220,0,1
42,1,2,4,1,11,10,1,0,2,1,3,1,0,0,44,0,1
54,1,2,4,1,1,3,1,12,1,1,4,1,0,0,47,0,1
45,1,2,5,1,13,8,2,12,2,1,2,1,0,0,35,0,1
28,1,1,5,1,16,5,2,12,2,1,2,1,0,0,52,0,1
24,1,2,4,1,13,7,2,13,2,1,1,1,0,0,9,0,1
54,1,1,5,1,1,9,1,12,1,2,2,1,3,7,101,0,1
39,1,1,5,1,10,9,1,12,2,1,4,1,0,0,37,0,1
56,1,1,5,1,10,6,2,13,2,1,0,1,0,7,84,0,1
62,2,1,5,1,13,6,1,12,2,2,1,1,3,7,138,0,1
36,1,2,4,1,13,12,2,12,2,1,2,1,3,0,115,0,1
39,1,2,6,1,13,11,1,12,2,2,5,1,0,0,23,0,1
45,1,1,4,1,13,8,2,13,2,1,1,1,0,0,79,0,1
31,2,2,5,1,11,11,2,13,2,1,3,1,0,0,16,0,1
39,1,1,5,1,13,9,1,13,2,1,3,1,0,0,69,1,1
35,1,1,5,1,0,8,1,11,2,1,1,0,0,0,48,0,1
31,2,1,5,1,4,7,1,12,2,1,5,1,0,7,87,0,1
33,1,2,4,1,11,6,2,12,2,1,5,1,0,0,73,0,1
40,2,1,5,1,13,6,1,13,2,1,2,1,0,0,93,0,1
34,1,1,5,1,13,8,1,13,2,1,4,1,0,0,77,0,1
50,1,1,4,1,6,6,1,12,2,2,0,1,3,0,100,0,1
33,2,2,4,1,1,7,2,0,2,1,3,1,3,6,286,0,1
36,1,2,4,1,13,6,2,12,1,1,2,1,3,7,118,0,1
24,1,2,4,1,14,7,1,13,2,1,2,1,0,0,66,0,1
25,1,1,6,1,13,7,2,13,2,1,3,1,0,0,90,0,1
47,1,1,5,1,16,6,2,12,1,2,3,1,3,7,120,0,1
57,2,1,5,2,10,6,2,12,2,1,4,1,3,7,138,0,1
26,1,2,4,1,13,11,2,14,2,1,2,1,0,0,36,0,1
28,1,2,4,1,13,3,1,12,2,1,1,1,0,0,91,1,1
46,1,2,4,1,10,7,2,13,2,2,1,1,3,7,131,0,1
39,2,1,5,1,13,8,1,13,2,1,4,1,0,0,24,0,1
51,2,1,5,1,4,1,1,12,2,1,1,1,0,0,84,0,1
42,1,2,4,1,13,11,1,13,2,1,2,1,0,0,34,0,1
44,2,1,5,1,10,3,1,12,2,1,1,1,0,0,66,0,1
34,1,2,5,1,16,3,1,12,1,1,6,1,0,0,27,0,1
39,1,2,4,1,16,1,1,12,2,1,3,1,0,0,59,0,1
45,2,2,5,1,16,3,1,12,1,1,3,1,0,0,79,0,1
66,1,1,5,1,16,1,2,12,1,1,1,1,0,0,75,0,1
40,1,2,4,1,20,2,1,13,2,1,1,1,0,0,68,1,1
40,1,1,5,1,16,1,2,13,1,1,1,1,0,0,88,0,1
57,2,2,4,1,13,2,1,13,1,1,3,1,0,0,35,0,1
47,1,1,5,1,13,12,2,12,1,1,6,1,0,0,39,0,1
41,1,1,5,1,20,5,1,13,1,1,2,1,0,0,50,0,1
41,1,1,5,1,16,2,2,12,1,2,0,1,0,0,1,0,1
43,1,1,5,1,10,4,2,13,1,1,2,1,0,0,71,0,1
52,1,1,5,1,13,6,2,13,2,1,4,1,0,0,36,0,1
36,2,1,5,1,20,7,1,12,1,1,3,1,0,0,21,0,1
19,2,2,5,1,16,5,1,6,2,1,5,1,0,0,16,0,1
46,1,2,4,1,13,1,1,13,1,1,4,1,0,0,59,0,1
26,2,1,5,1,16,3,1,12,1,1,6,1,0,0,30,0,1
42,2,2,4,1,16,4,1,13,2,1,0,1,0,0,99,0,1
52,1,2,5,1,9,3,1,12,1,1,3,1,3,0,118,0,1
39,1,2,5,1,16,5,2,12,2,1,2,1,0,0,46,0,1
23,1,2,6,1,13,3,1,12,2,1,5,1,0,0,67,0,1
37,1,2,4,1,13,6,1,12,1,2,4,1,0,0,33,0,1
40,1,1,5,1,10,4,2,7,1,1,2,1,0,0,35,0,1
39,2,1,5,1,20,7,2,12,1,1,4,1,0,9,102,0,1
37,1,1,5,1,14,2,2,12,2,1,3,1,0,9,115,0,1
47,2,1,5,1,16,5,1,13,1,1,2,1,0,0,92,0,1
36,1,1,4,1,13,4,2,13,2,1,1,1,0,0,15,0,1
35,1,2,4,1,4,1,1,13,2,1,4,1,0,0,102,0,1
37,2,2,4,1,16,7,2,13,2,1,3,1,0,0,27,0,1
33,1,1,5,1,0,1,1,8,1,1,2,1,0,0,82,0,1
53,1,1,5,1,10,9,1,13,2,1,2,1,0,0,27,0,1
38,1,2,4,1,16,7,2,12,2,2,1,1,0,0,38,0,1
59,2,2,4,1,13,2,1,13,2,1,0,1,0,0,125,0,1
41,2,2,6,1,10,3,1,12,1,1,1,1,0,0,19,0,1
50,1,2,4,1,13,7,1,13,1,1,3,1,0,0,58,0,1
58,1,2,4,1,13,2,2,13,1,1,0,1,0,0,78,0,1
45,1,2,4,1,13,2,2,12,1,2,5,1,0,0,56,0,1
41,1,2,5,1,17,4,1,14,2,1,1,1,0,0,105,0,1
43,1,1,5,1,15,3,1,13,1,1,4,1,0,0,69,0,1
38,1,1,5,1,16,3,1,12,1,1,3,1,0,0,23,0,1
39,1,2,5,1,2,1,2,12,1,1,4,1,0,0,90,0,1
46,1,1,4,1,16,1,2,14,2,1,1,1,0,0,112,0,1
45,1,1,5,1,11,3,1,12,1,1,5,1,0,0,110,1,1
50,1,2,4,1,16,7,1,12,2,1,3,1,0,0,23,0,1
36,1,2,4,1,13,3,1,12,2,1,3,1,0,0,15,0,1
58,1,2,5,1,16,2,1,12,2,1,1,1,0,0,18,0,1
51,1,2,4,1,1,2,1,13,2,1,3,1,0,0,54,0,1
40,1,1,5,1,15,1,2,9,1,1,1,1,0,0,21,0,1
45,1,1,5,1,17,7,2,12,1,1,1,1,0,0,94,0,1
31,1,2,7,1,13,1,1,12,2,1,3,1,0,0,41,0,1
37,1,2,4,1,16,10,2,2,2,1,0,1,0,0,85,0,1
47,1,2,4,1,16,1,1,9,2,1,3,1,0,0,33,0,1
42,1,1,5,1,16,3,2,12,1,1,3,1,0,0,96,0,1
64,1,1,5,1,17,3,1,12,1,1,1,1,0,0,110,0,1
28,1,1,5,1,20,5,2,6,1,1,1,1,0,0,32,0,1
28,1,2,4,1,10,1,2,13,2,1,1,1,0,0,46,0,1
46,1,2,4,1,11,10,1,12,2,1,4,1,0,0,123,0,1
21,2,2,4,1,20,5,2,13,2,1,0,1,0,0,123,1,1
33,1,1,5,1,0,5,1,13,1,1,3,1,0,0,30,0,1
40,1,2,5,1,9,1,2,12,1,2,0,1,0,0,99,0,1
49,1,2,4,1,13,10,1,12,2,1,3,1,0,0,48,0,1
45,1,2,4,1,13,9,2,13,2,1,1,1,0,0,30,0,1
48,2,1,5,1,16,7,2,13,2,1,2,1,0,0,50,0,1
38,1,2,4,1,14,10,2,13,2,1,5,1,0,0,119,0,1
52,1,2,4,1,11,3,1,12,2,1,1,1,0,0,115,0,1
36,2,1,5,1,11,2,2,13,2,1,2,1,0,0,74,0,1
28,1,2,4,1,20,2,2,12,1,2,2,1,0,0,52,1,0
50,1,1,5,1,13,9,2,13,1,1,1,1,0,0,74,0,1
23,1,1,5,1,20,4,1,12,1,1,4,1,0,0,20,0,1
33,1,2,5,1,13,7,1,13,1,2,6,1,0,0,53,0,1
43,2,2,4,1,20,12,1,13,2,1,0,1,0,0,90,0,1
64,2,2,4,1,13,1,1,12,2,1,0,1,0,0,43,0,1
39,1,1,5,1,11,7,2,12,1,1,2,1,0,0,86,0,1
30,1,2,4,1,13,11,1,13,2,1,4,1,0,0,138,0,1
44,1,2,4,1,4,3,1,12,2,1,1,1,0,0,90,0,1
39,1,2,4,1,16,1,1,12,2,1,2,1,0,0,42,0,1
25,2,2,5,1,11,9,1,13,2,1,6,1,0,0,97,0,1
20,1,2,5,1,17,10,2,4,1,1,3,1,0,0,104,0,1
54,1,1,5,1,16,1,1,12,1,1,3,1,0,0,19,0,1
44,1,1,5,1,11,9,1,13,1,1,3,1,0,0,100,0,1
39,1,2,4,1,13,12,2,12,2,1,3,1,0,0,56,0,1
41,1,1,5,1,13,1,2,7,2,1,4,1,0,0,23,0,1
47,1,1,4,1,10,6,2,13,2,1,3,1,0,0,12,0,1
37,1,1,5,1,13,9,2,13,1,1,2,1,0,0,48,0,1
32,2,2,6,1,20,8,1,7,2,1,2,1,0,0,71,0,1
43,2,1,5,1,15,6,2,13,1,1,1,1,0,0,26,0,1
41,1,2,5,1,13,3,1,12,2,1,4,1,0,9,132,0,1
43,1,2,4,1,11,10,1,13,1,1,4,1,0,0,73,0,1
46,1,1,5,1,13,6,2,12,1,1,4,1,0,0,6,0,1
30,2,1,5,1,20,1,2,12,2,1,2,1,0,0,53,0,1
49,1,1,4,1,10,4,1,13,2,1,3,1,0,0,49,0,1
52,1,2,6,1,10,7,2,13,2,1,0,1,0,0,51,0,1
20,2,2,4,1,10,3,1,12,2,1,3,1,0,0,24,0,1
39,1,2,4,1,20,1,1,12,1,1,6,1,0,0,69,0,1
41,1,2,4,1,13,7,1,13,1,2,1,1,0,0,1,0,1
33,2,2,5,1,17,3,2,13,2,1,1,1,0,0,115,0,1
53,2,1,4,1,13,9,2,13,1,1,0,1,3,0,112,0,1
30,1,2,4,1,16,3,1,13,1,1,4,1,0,0,67,0,1
47,2,2,4,1,13,9,1,13,2,1,4,1,0,0,94,0,1
50,2,1,5,1,11,4,1,13,2,1,2,1,0,0,60,0,1
28,1,2,4,1,13,7,1,13,2,1,2,1,0,0,46,0,1
30,1,2,5,1,20,4,2,12,1,1,1,1,0,0,40,0,1
39,1,1,5,1,15,3,1,12,1,1,3,1,0,0,5,0,1
28,1,1,1,1,2,7,2,13,1,1,3,1,0,0,5,0,1
43,2,2,4,1,10,3,1,6,1,1,2,1,0,0,59,0,1
31,1,2,4,1,13,9,2,13,2,1,2,1,0,0,137,0,1
51,2,2,4,1,11,10,1,12,2,1,2,1,0,0,142,0,1
36,1,2,4,1,3,3,1,13,1,1,3,1,0,0,56,0,1
47,1,1,5,1,13,5,1,13,1,2,3,1,0,0,122,0,1
34,2,1,5,1,20,3,2,13,1,1,2,1,0,0,67,0,1
36,1,2,4,1,16,1,2,12,1,1,1,1,0,0,78,0,1
35,1,2,4,1,13,9,1,12,2,2,2,1,0,0,97,0,1
49,1,1,5,1,2,4,2,13,1,2,1,1,0,0,43,0,1
40,1,1,5,1,16,5,1,12,2,1,3,1,0,0,106,0,1
45,2,2,4,1,13,10,1,12,2,1,2,1,0,0,57,0,1
32,2,2,4,1,14,10,2,13,1,1,0,1,0,0,102,0,1
49,1,2,4,1,13,9,2,13,2,1,1,1,0,0,54,0,1
42,2,1,5,1,16,1,1,12,2,1,2,1,0,0,129,0,1
30,1,2,4,1,13,7,2,13,2,1,1,1,0,0,29,0,1
39,1,2,4,1,13,10,2,13,2,1,1,1,0,0,34,0,1
24,1,2,5,1,13,3,2,4,1,1,4,1,0,0,98,0,1
36,2,2,4,1,14,12,1,12,2,1,0,1,0,0,75,0,1
42,2,2,4,1,16,3,1,12,2,1,1,1,0,0,85,0,1
49,1,1,5,1,10,3,1,12,1,1,3,1,0,0,93,0,1
45,1,2,5,1,16,3,1,12,1,1,5,1,0,0,80,0,1
24,2,2,5,1,1,9,1,14,2,1,4,1,3,9,195,0,1
34,1,2,4,1,13,4,1,13,2,1,4,1,0,0,74,0,1
39,1,2,4,1,2,9,2,13,1,1,2,1,0,0,19,0,1
33,1,1,5,1,10,5,2,4,1,1,2,1,0,0,32,0,1
48,2,1,5,1,15,3,2,13,1,1,1,1,0,0,46,0,1
42,1,1,4,1,13,5,1,13,2,1,3,1,3,0,126,0,1
54,1,2,4,1,16,10,1,12,2,1,1,1,0,0,115,0,1
39,1,1,5,1,20,3,1,12,1,1,2,1,0,0,18,0,1
28,1,1,5,1,13,3,1,12,1,2,5,1,0,0,78,0,1
45,1,2,4,1,13,10,1,13,2,2,3,1,0,0,136,0,1
41,2,1,5,1,13,8,1,13,1,1,2,1,0,0,4,0,1
34,1,2,4,1,13,5,2,13,2,1,4,1,0,0,10,0,1
27,1,2,4,1,16,1,1,12,2,1,5,1,0,0,52,0,1
35,1,2,5,1,19,4,1,12,2,1,5,1,0,0,95,0,1
43,1,2,4,1,16,12,1,12,2,1,0,1,0,0,69,1,1
51,1,2,4,1,11,2,1,12,2,2,1,1,0,0,103,0,1
40,1,2,4,1,14,9,1,13,2,2,4,1,0,0,122,0,1
56,1,2,4,1,16,5,1,13,1,1,4,1,0,0,69,0,1
43,1,1,5,1,10,4,1,13,1,1,2,1,0,0,75,0,1
30,2,2,4,1,10,10,1,13,2,1,2,1,0,0,17,0,1
52,1,2,5,1,16,3,1,12,1,1,1,1,3,0,130,0,1
48,1,1,5,1,13,3,1,13,1,1,2,1,0,0,26,0,1
54,1,1,5,1,16,12,1,12,2,1,3,1,0,0,47,0,1
29,1,2,4,1,10,1,1,13,2,1,0,1,0,0,94,0,1
31,1,2,5,1,16,3,2,14,2,1,5,1,0,0,55,0,1
43,1,2,4,1,13,12,2,13,2,1,1,1,0,0,14,0,1
32,1,2,4,1,13,10,2,12,2,1,3,1,0,0,125,0,1
37,2,2,4,1,10,5,1,13,2,1,0,1,0,0,55,0,1
26,1,1,5,1,13,11,2,13,1,1,3,0,0,0,7,0,1
23,1,2,4,1,16,7,2,7,2,1,4,1,0,0,24,0,1
49,1,2,4,1,13,10,1,12,2,1,3,1,0,0,49,0,1
34,1,1,5,1,16,1,1,12,2,1,2,1,0,0,111,0,1
26,1,1,4,1,13,7,2,13,1,1,3,1,0,0,18,0,1
26,1,2,4,1,16,12,2,12,2,1,1,1,0,0,47,0,1
37,1,2,4,1,16,7,2,13,2,1,2,1,0,0,61,0,1
56,2,2,5,1,13,10,1,13,2,1,4,1,0,0,141,0,1
36,1,2,7,1,16,7,1,12,2,1,4,1,0,0,11,0,1
50,1,2,4,1,13,2,2,13,2,2,1,1,0,0,53,0,1
47,1,1,4,1,11,2,2,12,1,1,4,1,0,0,44,0,1
52,1,1,5,1,13,9,2,13,2,1,3,1,0,0,4,0,1
35,1,2,4,1,16,9,2,13,2,1,4,1,0,0,71,0,1
45,1,1,5,1,16,5,1,12,1,2,2,1,0,2,131,0,1
47,1,1,5,1,2,9,2,13,1,1,3,1,0,0,15,0,1
27,1,2,4,1,16,1,2,13,2,1,3,1,0,0,121,0,1
51,2,1,5,1,20,3,1,14,1,1,1,1,3,9,138,0,1
33,1,2,6,1,14,2,2,12,1,2,3,1,0,0,50,0,1
31,2,2,4,1,3,5,1,13,2,1,1,1,0,0,88,0,1
52,2,1,5,1,16,5,2,13,1,1,1,1,0,9,108,0,1
30,1,1,7,1,4,7,1,13,2,1,3,1,0,0,88,0,1
58,1,2,4,1,16,4,1,13,1,1,4,1,0,0,42,0,1
42,1,2,4,1,16,5,1,12,2,1,2,1,0,9,132,0,1
40,1,2,4,1,14,10,1,13,2,1,2,1,0,0,99,0,1
44,1,2,4,1,20,4,1,12,2,1,2,1,0,0,24,0,1
22,1,1,5,1,13,9,2,13,2,1,4,1,0,9,129,0,1
36,1,1,5,1,14,1,2,13,2,1,3,1,0,0,33,0,1
50,1,1,4,1,13,1,1,13,2,1,4,1,0,0,10,0,1
36,1,2,4,1,13,4,1,13,2,2,3,1,0,0,53,0,1
34,1,2,4,1,17,2,2,12,2,1,0,1,3,0,151,0,1
46,1,2,4,1,16,10,1,12,2,1,4,1,0,0,108,0,1
44,1,2,4,1,13,1,1,12,2,1,1,1,0,0,13,0,1
36,2,2,5,1,20,3,1,13,1,1,5,1,0,0,87,0,1
70,1,1,5,1,16,12,1,13,1,1,1,1,0,0,10,0,1
40,1,2,4,1,4,5,1,12,2,1,3,1,0,0,35,0,1
23,1,2,4,1,16,2,2,12,1,2,2,1,0,0,134,0,0
27,2,1,4,1,13,4,2,7,2,1,0,1,0,0,31,0,1
19,1,2,5,1,16,1,2,13,1,1,0,1,0,0,12,0,1
46,2,2,4,1,13,3,2,13,2,1,2,1,0,0,80,0,1
34,2,2,4,1,20,1,1,12,2,1,4,1,0,0,57,0,1
26,1,2,4,1,14,8,1,13,1,1,1,1,0,0,99,0,1
38,1,2,4,1,14,7,2,13,1,1,2,1,0,0,71,0,1
39,1,1,5,1,16,3,1,12,1,2,2,1,0,0,40,0,1
25,2,2,5,1,13,1,1,6,1,1,3,1,0,0,112,0,1
47,1,1,5,1,16,9,1,12,2,1,4,1,0,0,70,0,1
51,1,2,4,1,16,1,1,13,1,1,2,1,0,0,40,0,1
63,1,1,5,1,15,11,1,13,1,1,3,1,0,0,24,0,1
40,1,2,4,1,16,3,1,12,2,1,5,1,3,9,141,0,1
69,1,1,5,1,16,10,1,13,2,1,2,1,0,9,152,0,1
26,1,2,4,1,16,3,1,12,2,1,3,1,0,0,22,0,1
57,1,1,5,1,16,5,1,12,2,1,0,1,0,0,111,0,1
30,2,2,4,1,10,9,2,12,2,1,0,1,0,0,32,0,1
43,1,1,5,1,13,9,1,13,2,1,2,1,0,0,77,1,1
32,2,2,6,1,20,5,1,12,1,1,0,1,0,0,121,0,1
41,1,2,4,1,1,1,1,12,2,1,2,1,0,0,98,0,1
44,1,1,5,1,16,1,1,12,2,1,3,1,0,0,69,0,1
40,2,1,5,1,13,2,2,12,2,1,5,1,0,0,70,0,1
35,1,2,4,1,4,10,1,12,2,1,0,1,0,0,92,1,1
54,1,1,5,1,16,10,2,12,1,1,1,1,0,0,77,0,1
30,2,1,5,1,10,9,2,13,1,1,1,1,0,0,82,0,1
33,1,2,6,1,10,7,2,7,2,1,1,1,0,0,29,0,1
19,1,2,4,1,16,5,1,13,2,1,1,1,0,0,9,0,1
33,1,2,7,1,11,10,2,12,2,1,2,1,3,9,219,0,0
43,1,1,5,1,4,2,1,12,1,1,5,1,0,0,136,0,1
44,2,2,4,1,20,2,1,12,2,1,5,1,0,0,16,0,1
35,1,2,6,1,13,4,1,13,2,1,4,1,0,0,17,0,1
45,1,2,5,1,16,3,1,12,1,1,1,1,0,0,10,0,1
33,2,2,4,1,1,7,1,13,2,1,4,1,0,0,70,0,1
35,2,2,4,1,17,7,2,13,2,1,1,1,0,5,110,0,1
52,2,1,5,1,20,3,1,12,2,1,1,1,0,0,59,0,1
33,1,2,4,1,10,11,2,13,1,1,2,1,0,0,34,0,1
43,1,2,4,1,16,10,2,13,2,1,1,1,0,0,8,0,1
41,1,1,5,1,10,1,1,13,1,1,2,1,0,0,36,0,1
54,2,2,4,1,16,3,1,13,1,1,3,1,0,0,58,0,1
23,1,2,6,1,16,2,1,7,2,1,2,1,0,0,24,0,1
51,1,2,4,1,10,4,1,12,2,2,1,1,0,0,50,0,1
30,2,2,4,1,11,1,1,12,2,2,4,1,0,0,120,1,1
40,1,1,5,1,14,1,1,12,2,2,5,1,0,0,107,0,1
53,2,1,5,1,11,3,1,12,1,2,3,1,0,0,100,0,1
48,2,2,4,1,4,3,1,12,2,1,4,1,3,9,139,0,1
40,2,1,7,1,11,1,1,13,2,1,0,1,0,0,112,0,1
41,2,1,2,1,13,7,1,13,2,1,2,1,0,0,15,0,1
37,1,1,5,1,20,4,1,12,1,1,5,1,0,0,15,0,1
48,1,1,5,1,13,5,2,13,1,1,2,1,0,0,6,0,1
51,1,1,5,1,16,1,1,12,2,1,4,1,0,0,35,0,1
19,2,1,5,1,3,5,1,12,2,1,5,1,0,9,103,0,1
41,2,2,5,1,11,1,1,12,2,1,5,1,0,0,75,0,1
42,1,2,4,1,13,5,2,13,1,1,2,1,0,0,55,0,1
35,1,2,4,1,13,10,1,12,2,2,1,1,0,0,159,0,1
57,1,1,5,1,13,2,1,12,2,1,2,1,0,0,36,0,1
38,1,2,4,1,13,12,2,12,2,1,0,1,0,0,93,0,1
29,1,2,1,1,14,9,2,13,1,1,2,1,0,0,19,0,1
57,2,1,5,1,20,9,1,13,1,2,3,1,0,0,56,0,1
30,1,1,5,1,13,5,2,13,2,1,4,1,0,0,119,0,1
36,1,2,5,1,13,10,2,13,2,1,1,1,0,8,152,0,1
52,2,2,4,1,11,5,1,12,2,1,1,1,0,0,99,0,1
47,1,1,4,1,13,2,1,13,1,2,5,1,0,0,47,0,1
41,1,2,4,1,1,10,1,2,2,1,0,1,0,0,113,0,1
41,1,2,5,1,13,2,1,12,2,1,5,1,3,9,167,0,1
55,2,1,5,1,10,3,1,13,2,1,3,1,0,0,7,0,1
44,1,2,4,1,16,7,1,12,2,1,0,1,0,0,118,0,1
51,1,2,4,1,11,9,2,12,1,1,4,1,0,0,26,0,1
46,2,1,5,1,20,12,2,12,1,1,3,1,0,0,63,0,1
47,1,2,4,1,10,4,1,13,2,1,2,1,0,0,76,0,1
52,2,2,4,1,13,7,2,13,1,1,1,1,0,0,22,0,1
28,1,2,4,1,13,10,2,13,2,1,4,1,0,0,70,0,1
54,1,1,5,1,16,2,1,12,1,1,1,1,0,0,85,0,1
56,1,1,4,1,16,7,1,13,2,1,1,1,0,0,102,0,1
20,1,1,5,1,13,9,2,13,2,1,0,1,0,0,73,0,1
24,2,2,4,1,13,7,2,2,2,1,1,1,0,0,46,0,1
29,1,2,4,1,13,3,2,12,2,1,3,1,0,0,102,0,1
48,1,1,5,1,16,2,1,12,1,2,2,1,0,0,78,0,1
46,1,2,4,1,13,1,1,13,2,1,4,1,0,0,136,0,1
26,2,2,5,1,16,8,2,2,1,1,3,1,0,0,58,0,1
41,1,1,5,1,1,3,2,12,1,1,1,1,0,0,84,0,1
36,1,2,2,1,17,9,1,12,2,1,4,1,3,0,139,0,1
30,1,1,5,1,2,1,2,13,1,1,3,1,0,0,39,0,1
35,2,2,4,1,16,7,2,12,2,1,3,1,0,0,26,0,1
20,2,2,4,1,13,7,1,13,1,1,3,1,0,0,58,0,1
37,1,1,4,1,16,5,1,13,1,1,0,1,0,0,35,0,1
40,1,2,4,1,10,3,1,12,2,1,5,1,0,0,74,0,1
27,1,2,4,1,16,1,2,12,2,1,2,1,0,0,42,0,1
31,1,2,5,1,16,3,1,12,2,1,3,1,3,9,146,0,1
40,1,1,5,1,10,3,2,6,1,1,2,1,0,0,36,0,1
40,1,2,4,1,9,1,1,13,1,1,3,1,0,0,66,0,1
29,1,2,4,1,13,9,1,13,2,1,2,1,0,0,42,0,1
32,1,2,6,1,10,2,2,13,2,1,3,1,0,0,44,0,1
38,1,2,4,1,13,3,1,12,2,1,2,1,0,9,130,0,1
41,2,1,5,1,14,2,1,12,1,1,2,1,0,0,88,0,1
57,1,2,4,1,16,3,1,12,1,1,3,1,0,0,49,0,1
60,1,1,5,1,19,3,1,12,1,2,2,1,3,7,174,0,1
47,1,1,5,1,15,1,2,9,2,1,4,1,0,0,92,0,1
31,1,2,4,1,11,10,1,6,1,1,2,1,0,0,33,0,1
49,2,2,4,1,13,7,1,13,2,1,1,1,0,0,5,0,1
61,1,1,5,1,14,10,2,12,2,2,2,1,3,9,129,0,1
59,1,1,5,1,13,12,2,12,2,1,2,1,0,0,76,0,1
43,1,2,4,1,10,1,1,12,2,1,1,1,0,0,34,0,1
53,2,1,5,1,16,3,1,12,2,1,6,1,0,0,113,0,1
27,1,2,4,1,2,5,1,13,1,1,3,1,0,0,10,0,1
21,1,2,4,1,16,10,2,14,2,1,3,1,3,9,157,0,1
22,1,2,6,1,13,4,1,13,2,1,2,1,0,0,85,0,1
36,1,1,5,1,10,3,2,12,2,1,0,1,0,0,114,0,1
34,1,2,6,1,13,10,1,7,2,1,4,1,0,0,69,0,1
42,1,2,5,1,13,4,1,13,1,2,3,1,0,0,16,0,1
40,2,2,5,1,11,8,1,12,2,1,2,1,0,0,50,0,1
57,1,2,4,1,13,2,1,12,2,1,1,1,0,0,22,0,1
48,1,2,5,1,11,1,1,12,2,1,5,1,0,0,66,0,1
33,1,1,5,1,10,7,2,13,1,1,4,1,0,0,59,0,1
33,2,2,4,1,13,7,1,13,1,1,5,1,0,0,31,0,1
24,1,1,5,1,11,9,2,13,2,2,3,1,0,0,72,0,1
46,1,1,5,1,13,1,2,12,2,1,2,1,0,0,66,0,1
29,1,2,4,1,13,7,1,13,2,1,2,1,0,0,48,0,1
57,1,2,4,1,16,3,1,12,2,1,2,1,0,0,7,0,1
37,1,1,5,1,10,1,1,10,2,1,1,1,0,0,43,0,1
33,1,2,5,1,13,3,2,12,1,1,2,1,0,0,69,0,1
39,1,1,5,1,13,5,2,13,1,2,3,1,0,0,109,0,1
21,1,1,5,1,13,3,2,12,2,1,4,1,0,0,91,0,1
40,1,2,4,1,13,12,2,12,1,1,5,1,0,0,12,0,1
31,1,2,4,1,16,5,1,12,1,1,2,1,0,0,117,0,1
49,1,2,4,1,13,9,2,13,1,1,2,1,0,0,70,0,1
49,1,2,4,1,13,10,1,13,1,1,1,1,0,0,15,0,1
61,1,2,4,1,13,3,1,12,1,2,4,1,0,0,101,0,1
52,1,2,5,1,17,3,1,12,1,1,3,1,3,9,164,0,1
53,1,1,4,1,16,1,1,12,2,1,2,1,0,0,34,0,1
29,2,2,4,1,13,1,1,13,2,1,4,1,0,0,63,0,1
56,2,2,4,1,13,3,1,13,1,1,3,1,0,0,100,0,1
34,1,2,4,1,13,9,1,13,2,1,4,1,0,0,17,0,1
27,2,2,4,1,4,3,1,12,1,1,4,1,0,9,155,0,1
46,1,2,4,1,16,1,2,12,2,1,0,1,0,0,37,0,1
26,1,2,4,1,13,5,2,13,2,1,2,1,0,0,49,0,1
49,1,1,4,1,16,2,2,12,1,1,1,1,0,0,1,0,1
38,1,2,4,1,13,5,2,13,1,1,6,1,0,0,115,0,1
37,2,2,4,1,13,6,2,13,2,1,4,1,0,0,8,0,1
40,1,2,4,1,13,12,1,12,2,1,2,1,0,0,0,0,1
33,2,2,4,1,3,3,1,5,2,1,3,1,0,9,143,0,1
30,1,2,5,1,14,1,2,7,1,1,4,1,0,0,29,0,1
44,1,2,4,1,13,2,2,12,2,1,2,1,0,0,32,0,1
40,2,2,6,1,13,3,1,13,2,1,1,1,0,0,80,0,1
42,1,2,4,1,10,9,1,13,1,1,1,1,0,0,40,0,1
50,1,1,4,1,16,7,1,13,1,1,1,1,0,0,37,0,1
39,2,2,4,1,14,7,2,13,2,1,4,1,0,0,26,0,1
42,2,2,4,1,13,7,2,13,2,1,2,1,0,0,54,0,1
52,1,2,4,1,13,3,2,12,1,1,2,1,0,0,85,0,1
38,1,2,4,1,14,10,2,13,2,1,0,1,0,0,114,0,1
42,1,2,4,1,14,1,2,12,2,1,2,1,0,0,74,0,1
42,1,1,5,1,15,3,1,12,1,2,3,1,0,0,59,0,1
43,1,1,5,1,10,12,2,13,1,1,1,1,0,0,14,0,1
40,1,2,4,1,13,3,1,12,2,1,4,1,0,0,16,0,1
44,1,2,5,1,13,1,1,13,2,1,3,1,0,0,111,0,1
38,1,1,5,1,13,3,2,12,1,1,4,1,0,0,92,0,1
39,1,2,4,1,16,12,1,12,2,1,1,1,0,0,76,0,1
54,1,1,5,1,20,1,1,13,1,2,3,1,0,0,88,0,1
33,2,1,5,1,14,3,2,13,1,1,2,1,0,0,105,0,1
31,2,2,4,1,20,7,2,13,1,1,1,1,3,0,115,0,1
43,1,2,4,1,14,6,2,13,1,1,0,1,0,0,72,0,1
53,1,2,4,1,16,3,1,12,1,1,3,0,0,0,20,0,1
39,1,1,4,1,11,1,2,13,1,1,2,1,0,0,104,0,1
27,1,2,4,1,16,2,2,12,2,1,2,1,0,0,72,0,1
43,1,2,4,1,10,9,2,13,2,1,1,1,0,0,36,0,1
36,1,2,4,1,11,1,1,12,2,1,2,1,0,0,58,0,1
41,1,1,5,1,13,9,2,13,2,1,2,1,0,0,1,0,1
44,1,1,5,1,16,1,2,12,2,1,2,1,0,0,114,0,1
36,1,1,4,1,16,4,1,13,2,2,4,1,0,0,64,0,1
32,1,2,5,1,13,3,2,14,2,1,0,1,0,9,167,0,1
49,2,1,5,1,16,9,1,12,2,1,3,1,0,8,151,0,1
37,1,1,5,1,13,10,2,13,1,1,3,1,0,0,109,0,1
55,2,2,1,1,14,7,1,12,1,1,1,1,0,0,101,0,1
28,1,1,5,1,13,7,2,7,1,2,4,1,0,0,47,0,1
45,2,2,4,1,13,10,1,13,1,1,3,1,0,0,102,0,1
49,1,2,4,1,15,2,1,12,1,1,3,1,0,0,40,0,1
40,1,1,5,1,13,5,2,12,1,1,2,1,0,0,65,0,1
35,1,1,5,1,20,3,1,12,2,1,6,1,0,0,101,0,1
51,1,2,4,1,13,3,1,12,1,1,2,1,0,0,83,0,1
34,2,2,4,1,10,3,1,13,2,1,3,1,0,0,28,0,1
45,1,2,4,1,16,7,1,12,2,1,1,1,0,0,68,0,1
30,1,2,4,1,13,7,1,13,2,1,2,1,0,0,61,0,1
45,2,2,4,1,14,3,1,12,1,1,4,1,0,0,19,0,1
32,1,2,4,1,13,9,1,12,2,1,3,1,0,0,95,0,1
31,1,2,4,1,1,7,2,13,2,1,1,1,0,0,41,0,1
39,1,2,4,1,13,4,1,13,2,1,5,1,0,0,61,0,1
28,1,2,6,1,13,1,1,12,2,1,4,1,0,0,2,0,1
49,1,2,4,1,10,4,2,13,2,1,1,1,0,0,27,0,1
50,1,2,4,1,17,1,1,12,2,2,2,1,0,0,127,0,1
45,2,2,5,1,14,8,2,13,2,1,4,1,0,0,31,0,1
27,1,1,5,1,10,4,1,13,2,1,4,1,0,9,136,0,1
48,2,1,5,1,11,5,2,12,1,1,4,1,0,0,64,0,1
23,1,1,5,1,13,8,2,6,2,1,2,1,0,0,40,0,1
44,1,2,4,1,13,4,1,13,2,2,0,1,0,0,37,0,1
48,1,2,4,1,9,2,1,12,1,2,2,1,0,0,63,0,1
38,1,1,5,1,14,1,1,12,2,1,4,1,0,0,76,0,1
30,1,2,6,1,13,11,1,13,2,1,5,1,0,0,16,0,1
48,2,2,4,1,13,2,1,12,2,1,2,1,0,0,40,0,1
54,1,2,5,1,15,3,2,12,1,1,2,1,0,0,15,0,1
57,1,2,4,1,10,2,2,13,1,1,0,1,0,0,9,0,1
33,1,2,4,1,13,7,2,13,2,1,2,1,0,0,32,0,1
37,1,2,4,1,20,5,1,13,1,1,3,1,0,0,75,0,1
36,1,2,5,1,1,3,1,12,2,1,4,1,0,0,74,0,1
41,1,1,5,1,2,9,1,13,1,1,3,1,0,0,31,0,1
52,1,2,4,1,10,9,2,13,2,1,3,1,0,0,43,0,1
41,1,1,6,1,10,4,2,13,2,1,1,1,0,0,51,0,1
52,2,1,4,1,16,4,1,13,2,1,3,1,0,0,66,0,1
42,1,1,4,1,2,4,1,13,1,2,2,1,0,0,30,0,1
37,1,2,4,1,14,7,1,13,2,1,5,1,0,0,17,0,1
40,2,2,7,1,16,1,1,12,2,2,3,1,0,0,117,0,1
32,1,2,4,1,16,5,1,7,2,1,0,1,0,0,55,0,1
33,1,1,5,1,13,9,2,13,1,1,1,1,0,0,19,1,1
32,1,2,6,1,1,9,1,13,2,1,1,1,0,0,96,1,1
40,1,1,5,1,16,1,1,12,1,2,2,1,3,7,170,0,1
34,2,2,4,1,13,10,2,13,2,1,1,1,0,0,115,0,1
35,1,2,4,1,20,1,1,12,2,1,4,1,0,0,14,0,1
55,1,1,5,1,16,1,1,12,1,1,2,1,0,0,64,0,1
56,1,1,5,1,16,1,1,12,2,1,2,1,0,0,94,0,1
51,1,1,5,1,15,9,1,12,1,1,4,1,0,0,48,0,1
42,2,2,5,1,16,7,1,1,1,1,3,1,0,0,68,0,1
23,1,2,5,1,20,4,1,6,1,1,3,1,0,0,61,0,1
26,1,2,4,1,13,2,2,12,2,2,0,1,0,0,120,1,1
32,2,1,4,1,13,8,2,13,2,1,2,1,0,0,23,0,1
48,1,1,5,1,10,9,2,7,2,1,0,1,0,0,111,0,1
38,1,2,4,1,13,9,2,13,2,1,2,1,0,0,11,0,1
28,1,1,5,1,13,1,2,12,2,1,3,1,0,0,87,0,1
28,2,2,4,1,14,10,2,12,2,1,3,1,0,0,71,0,1
54,2,1,5,1,14,1,2,12,2,1,3,1,0,0,70,0,1
49,1,1,5,1,19,10,1,12,1,1,2,1,0,0,121,0,1
21,1,2,5,1,9,3,1,12,1,1,5,1,0,0,117,0,1
34,2,2,5,1,14,10,1,12,1,1,5,1,0,0,95,0,1
49,1,2,4,1,10,4,1,13,2,1,3,1,0,0,14,0,1
45,2,1,5,1,20,9,1,12,1,1,3,1,0,0,82,0,1
59,1,1,4,1,10,4,2,13,1,1,0,1,0,0,33,0,1
34,1,2,4,1,13,9,1,13,2,2,2,1,0,0,110,0,1
53,1,1,5,1,13,9,1,13,2,1,4,1,0,0,78,0,1
44,1,1,5,1,15,7,2,13,1,1,1,1,0,0,68,0,1
33,1,1,5,1,1,3,1,6,1,1,4,1,0,0,86,0,1
48,1,2,4,1,14,7,1,13,2,1,2,1,0,0,19,0,1
56,1,1,5,1,10,3,2,13,1,1,3,1,0,0,24,0,1
30,1,2,6,1,0,7,1,12,2,1,2,1,0,0,36,0,1
39,1,1,5,1,14,7,2,13,1,1,5,1,3,7,123,0,1
50,1,1,5,1,13,9,1,13,1,1,1,1,0,0,27,0,1
19,2,2,5,1,4,3,1,13,2,1,2,1,0,0,78,0,1
37,1,1,5,1,13,3,1,12,2,1,5,1,0,0,9,0,1
29,1,1,5,1,16,5,1,6,1,1,2,1,0,0,94,0,1
43,1,2,4,1,16,1,2,12,2,1,1,1,0,0,82,0,1
38,1,1,4,1,13,12,1,13,2,1,1,1,0,0,11,1,1
33,1,2,4,1,13,10,2,13,2,1,1,1,0,0,13,0,1
50,1,1,5,1,10,1,1,13,2,1,3,1,0,0,104,0,1
52,1,1,5,1,17,1,2,13,2,1,3,1,3,9,168,0,1
35,1,2,5,1,13,10,2,14,2,1,1,1,0,0,116,1,1
51,1,2,4,1,16,2,1,12,2,1,4,1,0,0,102,0,1
43,1,2,4,1,13,7,2,13,2,1,0,1,0,0,59,0,1
41,2,1,5,1,11,5,1,12,1,2,6,1,0,9,147,0,1
36,1,1,5,1,13,7,2,13,2,1,4,1,3,9,135,0,1
39,1,1,5,1,16,1,2,12,1,1,2,1,0,0,40,0,1
53,2,1,5,1,11,2,1,13,1,1,1,1,0,0,68,0,1
51,1,1,5,1,16,7,1,13,2,1,4,1,0,0,101,0,1
47,1,2,4,1,16,3,1,12,1,1,4,1,0,0,1,0,1
44,1,2,4,1,16,10,2,12,1,1,1,1,0,0,88,0,1
40,1,2,5,1,16,1,1,12,2,1,3,1,0,0,66,0,1
36,2,1,5,1,16,3,2,2,1,1,0,1,3,9,179,0,1
34,1,1,5,1,2,7,2,13,1,1,2,1,0,0,50,0,1
37,1,2,4,1,16,1,1,12,1,1,4,1,0,0,1,0,1
33,1,2,4,1,10,2,2,2,2,1,1,1,0,0,45,0,1
39,1,2,4,1,16,7,2,12,1,1,2,1,0,0,48,0,1
43,1,2,4,1,13,10,1,12,2,2,4,1,0,0,88,0,1
38,1,2,4,1,3,1,1,12,2,1,3,1,0,0,24,0,1
22,1,2,4,1,13,7,1,2,2,1,3,1,0,0,60,0,1
27,1,2,4,1,0,1,2,12,2,1,1,1,0,0,46,0,1
26,1,1,5,1,16,1,2,2,2,1,3,1,0,0,50,0,1
37,1,2,4,1,13,1,2,13,2,1,3,1,0,0,91,0,1
53,2,2,4,1,13,1,2,13,1,1,2,1,0,0,61,0,1
32,2,1,5,1,13,3,1,12,2,1,4,1,0,0,112,1,1
37,1,1,1,1,13,9,2,13,2,1,2,1,0,0,68,0,1
51,1,2,4,1,13,4,1,13,1,2,4,1,0,0,80,0,1
60,2,1,5,1,20,3,1,12,1,2,0,1,0,0,84,0,1
31,1,1,5,1,13,9,2,13,1,1,3,1,0,0,46,0,1
46,1,1,5,1,20,9,2,13,1,2,1,1,0,0,46,0,1
36,2,2,4,1,10,2,2,13,2,1,2,1,0,0,27,0,1
42,1,2,4,1,13,9,1,12,1,2,2,1,0,0,58,0,1
35,1,1,5,1,16,3,1,4,1,1,3,1,0,0,59,0,1
55,1,2,4,1,10,4,2,12,2,1,1,1,0,0,13,0,1
44,1,2,5,1,20,3,1,12,1,1,2,1,0,0,49,0,1
31,1,2,5,1,13,9,2,13,2,1,5,1,0,0,64,0,1
44,1,1,5,1,10,1,1,13,2,1,1,1,0,0,48,0,1
35,1,2,4,1,10,4,2,13,2,1,2,1,0,0,23,0,1
37,1,1,5,1,13,7,2,13,1,1,3,1,0,0,68,0,1
45,1,2,4,1,13,9,1,13,2,1,2,1,0,0,88,0,1
40,1,1,5,1,17,5,1,8,1,1,1,1,3,9,154,0,1
23,1,2,5,1,20,9,1,13,1,1,3,1,0,0,71,0,1
35,1,2,4,1,13,10,1,6,2,1,5,1,0,0,35,0,1
43,2,2,4,1,13,4,1,13,2,1,4,1,3,9,122,0,1
49,1,1,5,1,13,9,1,12,1,1,3,1,0,0,23,0,1
45,2,2,5,1,16,3,1,12,1,1,4,1,0,0,35,0,1
33,1,2,5,1,16,3,2,13,1,1,4,1,0,0,4,0,1
37,1,2,4,1,14,10,1,12,2,1,0,1,0,0,63,0,1
31,2,2,4,1,4,12,1,12,2,1,3,1,0,0,13,0,1
42,1,2,4,1,16,1,1,12,2,1,1,1,0,0,89,0,1
39,2,2,6,1,20,1,2,13,1,1,2,1,0,0,116,0,1
37,1,2,4,1,13,7,2,13,2,1,4,1,0,0,47,0,1
35,1,2,4,1,13,9,2,13,2,1,2,1,0,0,40,0,1
50,1,2,4,1,16,7,2,12,1,1,2,1,0,0,26,0,1
33,2,1,6,1,16,7,1,12,2,1,0,1,0,0,49,0,1
39,2,2,4,1,13,10,1,13,2,1,4,1,0,0,36,0,1
28,2,2,4,1,17,5,1,13,2,1,1,1,3,9,173,0,1
42,1,1,5,1,13,1,1,13,2,1,4,1,0,0,71,0,1
56,1,1,4,1,16,2,1,12,2,2,3,1,0,0,28,0,1
34,1,2,4,1,13,1,2,13,1,1,2,1,0,0,16,0,1
48,1,1,5,1,10,9,2,13,2,1,2,1,0,0,5,0,1
45,1,2,4,1,13,11,1,13,2,1,4,1,0,0,56,0,1
37,1,2,4,1,16,2,2,12,2,1,0,1,0,0,137,0,1
34,2,2,6,1,14,7,1,12,2,1,5,1,0,0,52,0,1
31,1,1,5,1,16,1,1,12,1,2,1,1,0,0,36,0,1
36,1,2,7,1,16,4,1,12,2,1,4,1,0,0,43,0,1
42,1,2,4,1,14,10,1,12,1,1,1,1,0,0,136,0,1
41,1,1,4,1,10,4,2,13,1,1,1,1,0,0,104,0,1
36,1,2,4,1,16,3,2,12,2,1,2,1,0,0,77,0,1
52,2,2,5,1,13,3,1,12,1,1,5,1,0,0,94,0,1
41,1,2,4,1,10,10,2,13,2,1,0,1,0,0,5,0,1
54,1,1,5,1,16,10,1,12,2,1,2,1,0,0,7,0,1
38,1,2,4,1,1,3,2,13,1,1,3,1,0,0,2,0,1
43,1,2,4,1,16,5,1,12,1,1,1,1,0,0,57,0,1
41,2,2,4,1,11,7,2,13,2,1,0,1,0,0,93,0,1
52,1,2,5,1,13,1,1,13,2,1,4,1,0,0,47,0,1
61,1,1,5,1,3,3,1,12,1,1,4,1,0,0,32,0,1
41,2,1,5,1,11,9,1,13,1,1,3,1,0,0,90,0,1
43,2,1,4,1,10,5,1,4,1,1,1,1,0,0,51,0,1
36,1,2,4,1,16,10,2,12,1,1,4,1,0,0,3,0,1
37,1,2,4,1,10,7,2,13,2,1,2,1,0,0,103,0,1
59,1,2,4,1,16,4,1,12,1,1,1,1,0,0,11,0,1
43,2,1,5,1,1,3,1,13,1,1,2,1,3,9,161,0,1
75,1,1,4,1,16,11,1,13,1,2,3,1,0,0,79,0,1
42,1,1,5,1,16,5,1,13,2,2,1,1,3,9,160,0,1
39,1,2,4,1,13,10,1,13,2,1,4,1,0,0,3,0,1
22,1,1,5,1,13,9,2,13,2,1,1,1,0,0,63,0,1
53,1,1,5,1,16,5,2,12,1,1,0,1,0,0,23,0,1
45,2,1,5,1,16,3,1,4,1,1,5,1,0,0,86,0,1
26,1,2,1,1,10,5,2,13,2,1,0,1,0,0,63,0,1
42,2,2,4,1,13,3,1,12,2,2,2,1,0,0,47,0,1
38,1,1,4,1,16,5,1,13,2,2,1,1,0,0,75,1,1
38,2,1,5,1,13,6,2,13,1,1,3,1,0,0,44,0,1
58,2,1,5,1,16,5,1,13,1,1,3,1,3,0,91,0,1
59,1,1,5,1,16,7,1,14,1,1,1,1,0,0,84,0,1
47,1,2,4,1,13,2,2,12,2,1,2,1,0,0,81,0,1
38,1,2,4,1,13,3,2,13,1,1,3,1,0,0,32,0,1
48,2,1,5,1,17,3,1,12,1,1,6,1,3,9,186,0,1
62,1,2,4,1,10,9,1,13,1,1,4,1,0,0,2,0,1
47,1,1,5,1,15,9,1,12,1,1,3,1,0,0,30,0,1
43,1,1,5,1,13,9,1,13,1,1,3,1,0,0,62,0,1
36,1,1,5,1,10,1,2,12,2,1,2,1,0,0,42,0,1
38,1,2,4,1,4,2,2,12,2,1,2,1,0,0,49,0,1
36,1,2,4,1,3,1,2,13,2,1,4,1,0,0,102,0,1
48,1,2,4,1,13,7,1,13,2,1,3,1,0,0,43,0,1
32,2,2,4,1,13,4,2,13,1,2,2,1,0,0,70,0,1
37,2,2,5,1,15,7,2,12,1,1,5,1,0,0,5,0,1
47,1,2,4,1,16,2,1,12,2,2,2,1,0,0,121,0,1
40,2,1,5,1,13,3,1,13,1,1,3,1,0,0,5,0,1
42,2,1,1,1,16,3,2,13,1,1,1,1,0,0,98,0,1
28,1,1,5,1,13,4,1,13,2,1,5,1,0,0,47,0,1
29,1,2,5,1,17,3,1,13,1,1,4,1,0,9,147,0,1
48,1,1,5,1,16,1,1,12,2,1,3,1,0,0,85,0,1
29,1,1,5,1,20,1,2,8,1,1,2,1,0,0,69,0,1
41,1,2,4,1,3,10,1,12,2,1,4,1,0,0,2,0,1
40,1,1,5,1,0,2,1,12,1,2,1,1,0,0,43,1,1
29,1,1,4,1,13,9,2,13,2,1,1,1,0,0,24,0,1
54,1,2,4,1,13,2,2,13,1,1,2,1,0,0,74,0,1
43,2,1,5,1,20,5,1,13,1,1,3,1,0,0,114,0,1
29,1,2,4,1,20,9,1,12,2,1,3,1,0,0,40,0,1
54,1,2,4,1,14,4,1,13,1,1,2,1,0,0,52,0,1
32,1,2,4,1,13,12,2,12,2,1,2,1,0,0,82,0,1
45,2,1,5,1,11,3,1,12,1,1,3,1,0,0,82,0,1
30,2,2,1,1,10,5,1,8,2,1,3,1,0,0,35,0,1
33,1,2,4,1,20,5,1,12,1,1,3,1,0,0,27,0,1
33,1,2,4,1,14,2,1,13,2,1,2,1,0,0,47,0,1
40,1,1,5,1,10,4,2,13,1,1,0,1,0,0,64,0,1
37,1,2,4,1,13,12,2,13,1,1,2,1,0,0,0,0,1
39,2,1,5,1,16,12,2,13,2,1,4,1,0,0,64,0,1
38,1,1,5,1,16,4,2,12,1,1,2,1,0,9,122,0,1
36,1,2,4,1,4,10,1,13,2,1,2,1,0,0,105,0,1
42,1,1,5,1,20,1,1,12,2,2,3,1,0,9,160,0,1
28,1,2,4,1,13,9,1,13,1,1,4,1,0,0,125,0,1
31,2,1,5,1,2,7,2,4,1,1,4,1,0,0,85,0,1
51,2,2,4,1,13,6,1,12,2,1,5,1,0,0,12,0,1
42,1,1,5,1,10,2,2,12,1,1,1,1,0,0,29,0,1
55,2,2,4,1,11,10,2,13,2,1,0,1,0,0,58,0,1
32,1,2,4,1,13,1,1,13,1,1,5,1,0,0,4,0,1
32,1,1,5,1,10,12,2,13,2,1,4,1,0,0,81,0,1
51,1,2,4,1,10,10,2,13,1,1,0,1,0,0,10,0,1
38,2,2,4,1,13,7,1,13,2,1,1,1,0,0,130,0,1
27,2,2,4,1,13,10,2,13,2,1,1,1,0,0,88,0,1
32,2,1,5,1,13,1,2,13,2,1,3,1,0,0,80,0,1
29,2,2,5,1,20,9,1,12,1,1,2,1,0,0,92,0,1
35,1,1,5,1,16,1,1,12,1,1,1,1,0,0,77,0,1
40,1,2,4,1,11,9,1,12,2,1,2,1,0,0,60,0,1
57,1,1,5,1,10,3,1,13,1,1,3,1,0,0,85,0,1
42,1,1,5,1,13,4,1,13,2,1,3,1,0,0,12,0,1
20,1,1,5,1,13,4,2,13,1,1,3,1,0,0,105,0,1
19,2,1,5,1,20,9,1,4,1,1,3,1,3,9,172,1,0
28,2,1,5,1,16,7,1,7,1,1,4,1,0,0,57,0,1
56,1,1,4,1,13,9,1,13,2,2,0,1,0,0,90,0,1
26,1,2,4,1,13,12,2,13,2,1,4,1,0,0,50,0,1
27,1,2,4,1,16,1,1,14,2,1,2,1,0,0,134,0,1
48,2,1,5,1,20,2,1,12,1,1,4,1,0,0,36,0,1
34,1,1,5,1,0,4,2,12,1,2,2,1,0,0,16,0,1
46,1,2,5,1,17,5,2,13,1,2,1,1,3,0,144,0,1
32,1,2,4,1,13,8,2,13,2,1,1,1,0,0,27,0,1
20,1,2,4,1,13,10,2,12,2,1,1,1,0,0,94,0,1
41,1,2,5,1,16,12,2,12,1,1,3,1,0,0,93,0,1
48,1,2,5,1,10,1,1,12,2,1,3,1,0,0,56,0,1
33,1,2,5,1,16,5,1,12,2,1,2,1,0,0,51,0,1
48,1,2,5,1,16,1,1,12,1,1,4,1,0,0,54,0,1
39,2,2,4,1,17,10,2,12,2,1,2,1,0,0,137,0,1
31,1,2,4,1,13,9,1,12,2,1,2,1,0,0,35,1,1
43,2,1,5,1,16,6,2,13,2,1,2,1,0,0,22,0,1
47,1,2,5,1,13,2,1,12,2,1,3,1,0,0,80,0,1
52,1,1,5,1,15,3,2,4,1,1,2,1,3,0,71,0,1
51,1,2,4,1,13,1,1,12,2,1,3,1,0,0,30,0,1
30,1,2,4,1,20,3,1,12,2,1,1,1,0,0,109,0,1
35,1,2,4,1,3,9,1,13,2,1,3,1,0,0,21,0,1
26,1,1,5,1,13,9,2,7,1,1,1,1,0,0,75,0,1
24,1,2,4,1,17,10,2,13,2,1,3,1,0,8,163,0,1
46,1,2,4,1,13,10,1,13,2,1,0,1,0,0,66,0,1
52,1,2,4,1,13,3,1,13,1,1,4,1,0,0,44,0,1
50,1,2,5,1,16,1,2,12,1,1,0,1,0,0,36,0,1
57,2,1,5,1,20,3,1,12,1,1,3,1,0,0,99,0,1
47,2,2,4,1,10,1,1,13,2,1,1,1,0,0,81,0,1
21,2,2,4,1,16,10,1,12,2,1,3,1,0,0,55,0,1
30,1,2,4,1,20,3,1,13,1,1,4,1,0,0,85,0,1
61,1,1,5,1,10,2,1,13,1,1,0,1,0,0,96,0,1
43,1,2,5,1,14,10,1,12,2,4,5,1,3,9,183,0,1
40,2,1,5,1,11,3,2,13,2,1,4,1,0,0,92,0,1
48,1,2,5,1,16,5,1,12,1,1,5,1,0,0,44,0,1
42,1,1,5,1,13,9,1,12,2,1,1,1,0,0,73,0,1
29,2,1,5,1,16,7,1,2,2,1,4,1,0,0,55,0,1
27,1,1,5,1,15,9,2,4,1,2,1,1,0,0,103,1,0
27,1,2,4,1,1,9,1,13,2,1,1,1,0,0,39,0,1
36,1,2,6,1,14,10,2,12,2,1,2,1,0,0,56,0,1
24,1,2,4,1,16,12,1,12,2,1,2,1,0,0,47,0,1
23,1,1,5,1,14,9,2,13,1,1,4,1,0,0,85,0,1
31,1,1,4,1,13,3,1,12,1,1,4,1,0,0,34,0,1
34,2,2,4,1,13,3,1,13,2,1,3,1,0,0,50,0,1
37,1,2,5,1,11,5,2,13,2,1,2,1,3,0,130,0,1
37,1,1,5,1,13,1,2,12,2,1,3,1,0,0,26,0,1
36,1,1,5,1,13,3,1,13,1,1,4,1,0,0,74,0,1
54,1,1,5,1,13,9,1,12,2,2,2,1,0,0,106,0,1
30,1,2,4,1,10,3,2,4,1,1,2,1,0,0,38,0,1
45,1,1,5,1,16,3,2,13,1,1,2,1,0,0,2,0,1
45,1,2,5,1,13,3,1,13,2,1,2,1,0,0,53,0,1
38,1,2,5,1,16,3,1,12,2,1,3,1,0,0,112,0,1
37,2,1,5,1,0,6,2,13,1,1,1,1,0,0,22,0,1
35,1,2,4,1,16,1,2,12,2,1,4,1,0,0,45,0,1
44,1,1,5,1,10,4,2,13,2,1,3,1,0,0,61,0,1
41,2,1,5,1,13,10,1,13,2,1,5,1,0,0,30,0,1
52,2,1,4,1,16,7,2,13,2,1,2,1,0,0,66,0,1
60,1,1,5,1,16,4,2,13,1,1,3,1,0,0,47,0,1
34,2,1,5,1,20,1,1,13,1,1,3,1,0,0,54,0,1
26,1,1,7,1,10,4,1,12,1,1,2,1,0,0,41,0,1
33,1,2,4,1,11,8,1,12,2,1,2,1,0,0,20,0,1
53,1,2,4,1,16,1,1,12,1,1,3,1,0,0,66,0,1
39,1,2,4,1,2,1,2,13,2,1,0,1,0,0,62,0,1
43,1,2,4,1,13,9,2,12,2,1,3,1,0,0,33,0,1
30,1,1,5,1,16,1,2,12,2,1,3,1,0,0,95,0,1
53,1,1,5,1,16,2,1,12,1,2,3,1,0,0,17,0,1
30,1,2,7,1,20,3,1,12,2,1,4,1,0,0,115,0,1
28,1,1,5,1,2,7,1,13,2,1,3,1,0,0,42,0,1
49,1,2,4,1,13,9,1,13,2,1,4,1,0,0,134,0,1
43,1,2,4,1,17,7,1,13,1,1,2,1,3,0,106,0,1
38,1,2,4,1,14,1,1,12,1,1,3,1,0,0,74,0,1
40,1,2,5,1,0,1,2,12,2,1,0,1,0,0,69,0,1
24,1,1,5,1,13,2,2,12,1,2,2,1,0,0,53,1,1
43,1,2,4,1,14,12,1,12,2,1,6,1,0,0,61,0,1
48,1,1,5,1,15,3,2,12,1,1,3,1,0,0,8,0,1
41,1,1,5,1,10,9,2,9,1,2,0,1,0,0,14,0,1
19,1,2,4,1,13,8,1,12,1,1,1,1,0,0,19,0,1
41,1,1,4,1,10,12,2,12,1,1,0,1,0,0,12,1,1
36,2,2,4,1,4,4,1,12,2,1,2,1,0,0,21,0,1
42,2,1,5,1,16,11,2,11,1,1,3,1,0,0,30,0,1
48,2,1,5,1,11,8,1,12,1,1,2,1,0,0,24,0,1
32,2,2,4,1,14,8,2,13,2,1,0,1,0,0,16,0,1
30,1,2,4,1,4,4,2,11,2,1,2,1,0,0,27,0,1
39,2,2,4,1,4,8,2,13,2,1,1,1,0,0,12,0,1
46,1,1,5,1,4,5,2,13,1,1,5,1,0,0,10,0,1
38,1,2,4,1,1,5,2,13,1,2,1,1,0,0,10,0,1
32,1,2,4,1,4,3,1,12,2,1,1,1,0,0,6,0,1
61,2,2,4,1,10,8,1,13,1,1,2,1,0,0,3,0,1
42,1,2,4,1,13,5,1,13,2,1,3,1,0,0,15,0,1
33,1,1,5,1,10,4,2,13,1,1,0,1,0,0,5,0,1
30,1,2,4,1,13,11,2,12,1,1,2,1,0,0,15,0,1
41,1,1,5,1,11,10,1,12,2,1,4,1,0,0,20,0,1
36,1,2,4,1,4,9,1,13,2,1,0,1,0,0,6,0,1
57,1,1,5,1,13,1,2,13,1,1,3,1,0,0,12,0,1
30,1,1,6,1,4,10,1,12,2,1,1,1,0,0,43,1,1
49,1,1,5,1,10,4,1,12,2,1,2,1,0,0,32,0,1
29,1,2,4,1,1,5,2,13,2,1,0,1,0,0,9,0,1
38,1,2,4,1,4,9,1,13,2,2,2,1,0,0,3,0,1
34,1,2,4,1,13,8,2,13,2,1,3,1,0,0,12,0,1
38,1,2,4,1,4,4,2,12,2,1,1,1,0,0,0,0,1
31,1,2,6,1,14,10,2,11,2,1,1,1,0,0,29,1,1
36,1,2,5,1,4,7,1,12,1,1,6,1,0,0,13,0,1
39,1,2,4,1,16,11,1,12,2,1,2,1,0,0,18,0,1
37,1,1,5,1,11,7,1,13,1,1,4,1,0,0,10,0,1
46,1,1,5,1,4,5,1,12,1,1,2,1,0,0,8,0,1
35,1,1,5,1,11,11,2,0,1,1,1,1,0,0,6,0,1
48,1,1,5,1,10,4,2,13,1,1,2,1,0,0,14,0,1
46,1,2,4,1,10,5,1,12,2,1,1,1,0,0,25,0,1
31,1,2,4,1,14,5,1,12,1,1,5,1,0,0,2,0,1
39,1,2,4,1,13,11,1,12,2,1,1,1,0,0,3,0,1
21,1,1,5,1,20,11,2,1,1,2,0,0,0,0,39,1,0
28,1,2,4,1,13,9,2,12,1,1,2,1,0,0,4,0,1
33,1,2,4,1,13,3,1,12,1,1,3,1,0,0,0,0,1
22,1,2,4,1,4,4,2,13,1,1,3,1,0,0,6,0,1
38,1,1,4,1,16,5,1,14,1,1,1,1,0,0,24,0,0
34,1,2,4,1,13,3,1,13,1,1,3,1,0,0,1,0,1
34,1,2,4,1,16,12,2,12,1,1,2,1,0,0,0,0,1
30,1,2,4,1,13,9,1,13,2,1,2,1,0,0,22,0,1
53,2,1,5,1,13,11,1,12,2,1,6,1,0,0,37,0,1
38,1,1,5,1,10,4,2,13,2,2,3,1,0,0,7,0,1
49,2,1,4,1,13,12,2,13,1,1,3,1,0,0,0,0,1
23,2,2,4,1,11,9,1,13,2,1,3,1,0,0,7,0,1
57,1,2,4,1,11,10,1,13,2,1,2,1,0,0,21,0,1
74,2,1,4,1,11,11,1,12,1,1,4,1,0,0,31,0,1
37,2,2,4,1,13,7,1,13,1,1,2,1,0,0,7,0,1
56,1,1,5,1,13,4,1,12,1,2,4,1,0,0,1,0,1
64,1,2,4,1,13,3,1,12,2,1,7,1,0,0,6,0,1
49,1,2,4,1,11,8,1,13,1,1,1,1,0,0,14,0,1
31,1,2,4,1,11,7,1,12,1,1,2,1,0,0,39,0,0
46,1,2,4,1,13,2,2,13,1,1,0,1,0,0,3,0,1
49,1,1,5,1,14,6,1,12,2,1,4,1,0,0,12,0,1
25,1,1,7,1,20,9,1,12,1,1,1,1,0,0,3,1,1
30,1,1,4,1,13,9,1,13,1,1,2,1,0,0,26,0,1
20,1,2,4,1,4,11,2,13,2,1,1,1,0,0,42,0,1
60,1,1,5,1,16,10,1,12,1,1,3,1,0,0,15,0,1
23,1,2,4,1,10,9,1,12,2,1,0,1,0,0,18,1,1
19,1,2,4,1,14,5,2,13,2,1,3,1,0,0,7,0,1
29,1,2,4,1,13,9,2,13,2,1,4,1,0,0,1,0,1
29,1,2,4,1,13,7,2,13,1,2,2,1,0,0,22,0,1
50,1,2,4,1,16,5,1,12,1,1,4,1,0,0,28,0,1
43,1,2,4,1,10,4,1,12,2,1,2,1,0,0,36,0,1
57,1,2,4,1,10,4,1,12,1,1,3,1,0,0,5,0,1
38,2,1,5,1,13,8,2,13,2,2,1,1,0,0,21,0,1
42,1,1,5,1,4,2,1,12,2,1,3,1,0,0,25,0,1
34,1,2,4,1,13,10,1,13,2,1,5,1,0,0,9,0,1
22,1,2,4,1,13,1,2,12,2,1,5,1,0,0,0,0,1
26,1,2,4,1,14,8,2,13,2,1,2,1,0,0,1,0,1
57,1,2,4,1,13,3,1,13,2,1,1,1,0,0,12,0,1
47,1,2,4,1,13,11,2,13,1,1,4,1,0,0,3,0,1
42,1,2,4,1,4,11,2,13,1,1,4,1,0,0,12,0,1
22,2,1,6,1,11,7,1,13,2,1,4,1,0,0,5,0,1
39,1,1,4,1,10,1,1,8,2,1,1,1,0,0,21,0,1
35,1,2,4,1,13,11,2,13,2,1,3,1,0,0,0,0,1
22,1,1,6,1,16,6,1,13,2,1,2,1,0,0,15,0,1
36,1,2,4,1,16,3,1,12,2,1,2,1,0,0,6,0,1
36,1,2,4,1,11,6,1,12,2,1,3,1,0,0,17,0,1
35,1,2,5,1,11,9,2,7,1,1,1,1,0,0,20,0,1
44,2,1,5,1,11,8,1,12,1,1,5,1,0,0,22,0,1
35,1,1,5,1,16,10,1,9,2,1,3,1,0,0,18,1,1
30,1,2,4,1,4,5,1,12,2,1,0,1,0,0,33,1,1
50,1,1,5,1,14,10,1,12,1,1,5,1,0,0,18,0,1
35,1,2,4,1,11,8,1,12,2,1,2,1,0,0,2,0,1
30,2,1,5,1,16,7,1,1,1,1,2,0,0,0,15,1,1
42,1,2,4,1,13,9,2,13,2,1,3,1,0,0,13,0,1
34,1,2,5,1,10,4,1,13,1,1,3,1,0,0,15,0,1
32,1,1,5,1,10,4,1,4,1,1,0,1,0,0,13,0,1
42,1,1,5,1,16,10,1,12,1,1,3,1,0,0,25,0,1
39,1,1,5,1,11,11,1,3,1,2,4,1,0,0,6,0,1
57,1,2,4,1,11,11,1,12,1,1,2,1,0,0,17,0,1
25,1,1,5,1,13,2,1,9,1,1,5,1,0,0,16,1,1
47,1,1,5,1,14,10,1,12,1,2,4,1,0,0,11,0,1
42,1,2,4,1,4,4,1,12,2,1,4,1,0,0,17,0,1
46,1,2,4,1,18,10,1,12,2,2,3,1,0,0,47,0,1
47,2,1,5,1,11,11,2,13,1,1,3,1,0,0,11,0,1
31,1,2,4,1,11,8,1,12,2,1,4,1,0,0,21,1,1
48,1,2,4,1,13,6,1,13,2,1,1,1,0,0,1,0,1
30,1,2,4,1,10,8,1,13,2,1,1,1,0,0,4,0,1
33,1,2,4,1,10,9,2,13,2,1,2,1,0,0,12,0,1
32,2,2,6,1,4,8,2,13,2,1,4,1,0,0,9,0,1
32,2,1,5,1,13,7,1,13,2,1,5,1,0,0,21,0,1
37,2,2,4,1,11,3,1,12,2,1,3,1,0,0,14,0,1
42,2,1,5,1,15,8,1,13,1,1,1,1,0,0,11,0,1
39,1,2,4,1,13,5,2,12,1,1,0,1,0,0,13,0,1
31,2,2,5,1,13,10,2,13,1,1,1,1,0,0,12,0,1
37,1,2,4,1,1,6,2,9,1,1,0,1,0,0,3,1,1
43,2,2,4,1,13,11,1,13,2,1,4,1,0,0,29,0,1
31,1,1,5,1,1,7,1,12,2,2,3,1,0,0,27,0,0
45,1,2,4,1,10,4,1,12,2,1,0,1,0,0,3,0,1
30,1,2,4,1,16,4,2,12,2,1,1,1,0,0,21,0,1
55,1,1,5,1,13,6,2,13,1,1,3,1,0,0,7,0,1
34,1,2,4,1,16,5,2,13,2,1,1,1,0,0,8,0,1
49,1,2,4,1,13,11,2,12,2,1,5,1,0,0,15,0,1
19,1,2,6,1,13,8,2,1,1,1,1,1,0,0,6,0,1
25,1,2,4,1,4,8,1,12,2,1,3,1,0,0,5,0,1
47,1,2,4,1,13,5,1,13,1,1,2,1,0,0,3,0,1
39,1,2,4,1,4,9,1,13,2,1,2,1,0,0,14,0,1
36,2,1,5,1,14,8,2,4,1,1,1,1,0,0,17,0,1
42,1,2,4,1,13,5,1,13,2,1,0,1,0,0,7,0,1
42,1,2,6,1,10,11,2,13,2,1,3,1,0,0,7,0,1
43,2,1,5,1,4,8,1,4,1,1,0,1,0,0,0,1,1
31,1,2,5,1,1,5,1,6,1,1,3,1,0,0,3,0,1
23,1,1,5,1,12,10,1,8,1,1,2,1,0,0,21,0,1
23,1,2,5,1,13,8,1,13,2,1,3,1,0,0,17,0,1
43,2,1,5,1,13,11,2,12,1,1,5,1,0,0,29,0,1
31,1,2,5,1,1,9,1,12,1,1,1,1,0,0,3,0,1
35,1,1,5,1,11,1,1,8,2,1,2,1,0,0,15,0,1
25,1,2,4,1,13,3,2,13,1,1,1,1,0,0,0,0,1
43,1,1,5,1,10,4,1,12,2,1,2,1,0,0,29,0,1
40,1,1,5,1,1,3,1,12,1,1,3,1,0,0,5,1,1
44,1,1,5,1,14,11,1,13,2,1,3,1,0,0,15,0,1
52,1,1,5,1,10,7,1,13,1,1,4,1,0,0,2,0,1
19,1,2,4,1,16,5,1,12,2,1,2,1,0,0,13,0,1
35,1,2,4,1,14,7,2,13,2,1,2,1,0,0,22,0,1
23,1,2,4,1,4,5,2,12,2,1,2,1,0,0,15,0,1
52,1,1,5,1,11,11,2,13,1,1,4,1,0,0,5,0,1
39,1,1,5,1,16,2,1,12,1,2,3,1,0,0,30,0,0
32,1,2,4,1,13,1,1,12,2,1,4,1,0,0,27,0,1
49,2,2,4,1,4,3,2,13,2,1,3,1,0,0,6,0,1
19,1,2,4,1,10,4,2,13,2,1,0,1,0,0,21,2,1
41,1,2,5,1,16,1,2,9,2,2,2,1,0,0,6,0,1
37,1,1,5,1,1,3,1,1,1,1,2,1,0,0,16,0,1
51,1,1,5,1,16,5,1,12,1,1,2,1,0,0,15,0,0
41,1,2,4,1,4,10,2,13,2,1,2,1,0,0,35,0,1
34,2,2,4,1,14,7,2,13,2,1,0,1,0,0,8,0,1
45,1,1,4,1,11,5,2,13,2,1,2,1,0,0,21,0,1
48,1,2,4,1,13,11,1,12,1,1,3,1,0,0,8,0,1
33,1,1,7,1,4,7,1,13,2,1,3,1,0,0,5,0,1
23,1,2,4,1,13,11,2,13,2,1,2,1,0,0,8,0,1
39,1,1,5,1,11,8,2,13,1,1,2,1,0,0,30,0,0
31,1,2,4,1,14,5,1,13,1,1,3,1,0,0,19,0,1
43,2,1,5,1,11,5,1,0,2,1,2,1,0,0,42,0,0
42,1,1,5,1,16,11,2,9,1,1,0,1,0,0,28,0,1
24,1,2,4,1,13,5,2,12,2,1,2,1,0,0,7,0,1
40,1,2,4,1,0,5,1,8,2,1,0,1,0,0,26,0,1
30,1,2,6,1,13,5,1,3,2,1,4,1,0,0,35,0,1
42,1,2,4,1,11,9,2,13,2,1,1,1,0,0,24,0,1
47,1,2,4,1,13,10,1,12,2,1,4,1,0,0,15,0,1
24,2,2,6,1,4,4,1,13,2,1,5,1,0,0,13,0,1
27,1,1,5,1,4,8,1,13,1,1,2,1,0,0,22,0,1
22,1,1,6,1,10,4,2,12,1,1,1,1,0,0,2,0,1
60,1,1,5,1,1,9,1,13,2,1,0,1,0,0,15,0,1
40,1,1,5,1,13,11,1,13,2,1,1,1,0,0,29,0,1
37,1,2,4,1,14,7,2,12,2,1,3,1,0,0,16,0,1
47,1,1,5,1,4,8,1,12,1,1,2,1,0,0,16,0,1
36,1,1,5,1,4,7,1,13,1,1,3,1,0,0,22,0,1
36,1,2,4,1,4,9,1,12,2,1,0,1,0,0,43,1,0
31,2,2,4,1,14,6,1,13,2,1,0,1,0,0,28,0,1
54,1,1,5,1,11,8,1,12,1,1,2,1,0,0,16,0,1
43,1,1,5,1,10,4,2,13,1,1,3,1,0,0,5,0,1
39,1,1,5,1,16,3,1,12,1,1,2,1,0,0,3,0,1
41,1,2,4,1,11,11,1,12,2,1,1,1,0,0,31,0,1
37,1,1,4,1,10,4,1,13,2,1,5,1,0,0,12,0,1
48,1,1,5,1,13,5,2,13,1,1,4,0,0,0,4,0,1
38,2,2,4,1,10,8,1,13,2,1,1,1,0,0,4,0,1
45,1,1,5,1,4,11,1,12,1,1,3,0,0,0,10,0,1
52,1,2,4,1,16,10,1,12,2,2,1,1,0,0,32,0,1
27,1,2,4,1,11,8,1,0,2,1,3,1,0,0,15,0,1
46,2,1,4,1,11,3,1,12,1,1,2,1,0,0,5,0,1
35,1,1,7,1,13,11,1,12,2,1,4,1,0,0,14,0,1
61,1,1,5,1,13,10,1,13,1,1,3,1,0,0,15,0,1
24,1,2,6,1,13,4,2,12,2,1,1,1,0,0,4,0,1
31,1,2,6,1,4,8,1,12,2,1,5,1,0,0,20,0,1
52,1,2,4,1,13,3,2,12,1,1,6,1,0,0,17,0,1
39,1,2,5,1,16,11,1,12,1,1,4,1,0,0,10,0,1
43,1,2,4,1,10,4,2,3,2,2,2,1,0,0,18,0,1
42,2,1,5,1,4,5,2,13,1,1,4,1,0,0,6,0,1
30,1,2,4,1,10,4,1,12,2,1,2,1,0,0,11,0,1
22,1,2,5,1,18,4,1,1,2,1,2,1,0,0,29,0,1
37,1,2,4,1,1,3,1,12,2,1,2,1,0,0,16,0,1
36,1,1,4,1,10,4,2,13,2,2,0,1,0,0,9,0,1
50,1,2,4,1,13,10,1,12,2,1,2,1,0,0,30,0,1
50,1,2,4,1,13,11,1,13,2,1,3,1,0,0,44,2,1
20,2,1,6,1,10,4,1,11,2,1,1,1,0,0,3,0,1
40,1,2,5,1,10,8,1,13,1,1,4,1,0,0,5,0,1
38,2,1,5,1,1,7,1,1,1,1,5,1,0,0,15,0,0
37,1,2,4,1,16,10,1,12,2,1,1,1,0,0,10,0,1
30,1,2,4,1,14,7,2,13,2,1,1,1,0,0,4,1,1
40,1,2,5,1,1,11,1,12,2,1,3,1,0,0,30,0,1
36,1,2,4,1,16,7,1,13,2,1,2,1,0,0,3,0,1
23,1,1,6,1,13,4,2,13,1,1,2,1,0,0,2,0,1
42,1,1,5,1,16,4,2,12,1,2,1,1,0,0,29,0,0
55,1,1,5,1,8,7,2,13,1,1,2,1,0,0,5,0,1
48,1,2,4,1,13,5,1,12,2,2,4,1,0,0,1,0,1
26,1,1,5,1,10,4,2,12,1,2,2,1,0,0,7,0,1
50,1,1,5,1,11,10,1,13,1,1,2,1,0,0,16,0,1
47,1,2,4,1,10,11,1,13,2,2,1,1,0,0,21,0,1
43,1,2,4,1,11,5,1,12,2,1,3,1,0,0,14,0,1
26,1,1,4,1,16,9,1,12,2,1,0,1,0,0,31,1,1
30,1,1,4,1,13,11,2,13,2,2,1,1,0,0,16,0,1
47,1,1,5,1,11,4,1,12,1,1,2,1,0,0,11,0,1
38,1,2,4,1,4,10,1,12,1,2,2,1,0,0,11,0,1
23,1,2,4,1,16,4,1,0,2,1,1,1,0,0,12,0,1
37,1,2,4,1,14,12,1,13,1,2,3,1,0,0,3,0,1
62,2,2,4,1,11,7,1,13,1,1,0,1,0,0,2,0,1
50,1,2,4,1,1,10,1,12,2,1,1,1,0,0,17,0,1
54,1,2,4,1,16,11,1,13,1,1,5,1,0,0,12,0,1
34,1,1,5,1,14,11,2,13,1,2,1,1,0,0,3,0,0
47,1,2,4,1,13,3,1,13,1,1,1,1,0,0,9,0,1
30,1,2,4,1,13,5,2,13,2,2,3,1,0,0,8,0,1
33,1,1,4,1,11,1,2,12,2,1,2,1,0,0,16,0,1
35,1,2,4,1,13,11,2,12,2,1,3,1,0,0,23,0,1
31,1,1,5,1,4,10,2,3,1,1,3,1,0,0,36,0,1
35,1,2,4,1,14,7,1,13,2,1,2,1,0,0,21,1,1
48,1,1,5,1,13,10,2,13,2,1,3,1,0,0,25,0,1
36,1,2,7,1,4,11,1,13,2,1,1,1,0,0,47,1,1
33,1,2,4,1,13,12,1,12,2,1,4,1,0,0,6,0,1
23,1,2,4,1,13,8,2,13,1,1,2,1,0,0,4,0,1
40,2,2,5,1,4,7,1,13,2,1,3,1,0,0,9,0,1
40,1,1,5,1,14,11,2,13,1,1,2,0,0,0,27,0,0
41,2,1,5,1,10,8,1,13,2,1,2,1,0,0,5,0,1
41,1,1,5,1,11,11,1,13,1,1,1,1,0,0,25,1,0
35,1,2,4,1,13,11,2,13,1,1,5,1,0,0,2,0,1
20,1,2,4,1,13,9,1,12,2,1,4,1,0,0,15,1,1
28,1,1,5,1,14,12,1,12,1,1,4,1,0,0,6,0,1
43,1,1,5,1,16,5,2,12,1,1,1,1,0,0,6,0,1
19,1,2,4,1,13,8,2,13,1,1,1,1,0,0,20,0,1
22,1,2,4,1,16,5,1,12,2,1,3,1,0,0,44,0,1
35,1,2,4,1,13,5,2,13,1,1,1,1,0,0,4,0,1
37,1,1,5,1,13,12,2,13,1,1,0,1,0,0,10,0,1
52,1,1,5,1,13,10,1,13,1,1,4,1,0,0,7,0,1
43,1,1,5,1,16,5,1,12,1,1,3,1,0,0,16,0,0
52,1,2,4,1,13,10,2,12,1,2,5,1,0,0,1,0,1
25,1,1,5,1,11,9,1,12,2,2,1,1,0,0,26,1,0
23,1,2,4,1,10,4,1,13,2,1,1,1,0,0,7,0,1
24,1,2,6,1,13,11,2,13,1,1,2,1,0,0,2,0,1
31,2,1,6,1,13,4,1,13,1,1,3,1,0,0,7,0,1
55,1,1,5,1,11,11,2,12,1,1,4,1,0,0,10,0,1
46,2,1,5,1,4,3,1,12,1,1,6,1,0,0,12,0,1
31,1,2,4,1,16,4,1,13,2,1,1,1,0,0,7,0,1
46,1,1,5,1,11,11,2,13,1,1,1,1,0,0,6,0,1
28,1,2,4,1,13,4,2,13,1,1,5,1,0,0,7,0,1
39,1,2,4,1,16,3,1,12,2,1,1,1,0,0,14,0,1
24,1,2,4,1,13,10,1,12,1,2,4,1,0,0,6,1,1
22,1,1,7,1,4,9,1,12,2,1,1,1,0,0,17,1,1
45,1,1,5,1,1,7,2,1,1,1,6,1,0,0,21,0,1
40,1,2,4,1,4,3,1,13,2,1,2,1,0,0,27,0,1
21,1,2,4,1,13,12,2,13,2,1,4,1,0,0,3,0,1
46,1,2,4,1,13,3,1,12,1,1,5,1,0,0,9,0,1
32,1,2,4,1,13,9,1,13,2,1,3,1,0,0,5,0,1
35,1,1,5,1,10,10,1,13,1,1,4,1,0,0,1,0,1
65,2,1,5,1,10,3,1,12,1,1,2,1,0,0,11,0,1
28,1,2,4,1,4,5,1,12,2,1,4,1,0,0,29,0,1
26,1,2,4,1,13,9,2,13,2,1,1,1,0,0,27,0,1
47,1,2,4,1,16,5,1,12,2,2,2,1,0,0,2,0,1
32,1,2,4,1,10,12,1,10,2,1,4,1,0,0,5,0,1
26,1,2,4,1,13,3,1,13,1,1,1,1,0,0,7,1,1
28,1,1,5,1,13,11,2,14,2,1,1,1,0,0,32,0,1
41,1,2,5,1,4,11,2,12,1,1,0,1,0,0,16,0,1
36,1,2,4,1,13,2,1,12,2,1,2,1,0,0,31,0,1
45,1,1,5,1,13,11,2,13,1,2,0,1,0,0,21,0,0
39,1,2,4,1,1,7,1,13,2,1,2,1,0,0,28,0,1
41,1,1,5,1,4,4,1,13,2,2,4,1,0,0,15,0,1
44,1,1,5,1,1,7,2,9,1,1,1,0,0,0,13,0,0
39,1,2,4,1,14,10,1,12,2,1,4,1,0,0,23,0,1
38,1,2,4,1,11,11,1,13,1,1,1,1,0,0,20,1,0
53,1,1,5,1,19,5,1,3,1,1,3,1,0,0,0,0,1
46,1,1,5,1,16,4,1,12,1,2,4,1,0,0,26,0,1
32,1,2,4,1,16,5,1,12,1,1,3,1,0,0,39,0,1
35,1,2,5,1,14,5,1,12,1,1,5,1,0,0,21,0,1
28,1,2,4,1,10,2,1,7,2,1,2,1,0,0,8,0,1
51,1,2,4,1,13,10,1,13,1,1,4,1,0,0,4,0,1
30,1,1,4,1,13,8,1,13,2,1,3,1,0,0,27,0,1
41,1,2,5,1,11,9,1,12,1,2,2,1,0,0,42,0,1
46,1,2,4,1,11,11,1,12,1,1,5,1,0,0,21,1,1
38,1,2,4,1,13,12,2,13,1,1,3,1,0,0,18,0,1
33,1,2,4,1,16,3,1,12,2,1,0,1,0,0,6,0,1
34,1,1,5,1,10,12,2,6,1,1,3,1,0,0,3,0,1
49,1,1,5,1,16,10,1,12,2,1,3,1,0,0,8,0,1
40,1,2,5,1,4,10,1,3,1,1,4,1,0,0,7,0,1
39,1,2,4,1,13,10,2,13,2,1,2,1,0,0,31,0,1
47,1,2,4,1,13,5,1,13,2,1,4,1,0,0,2,0,1
27,1,2,5,1,13,3,2,13,1,1,6,1,0,0,9,0,1
32,1,1,5,1,10,9,1,13,1,2,2,0,0,0,9,0,0
60,1,2,4,1,16,10,1,12,1,1,3,1,0,0,16,0,1
30,1,1,5,1,11,9,1,12,2,1,1,1,0,0,8,0,1
34,1,1,5,1,11,4,2,12,1,1,2,1,0,0,16,0,1
37,1,2,4,1,13,11,1,13,2,1,0,1,0,0,27,0,1
50,1,2,5,1,4,11,2,13,1,1,4,1,0,0,34,0,1
47,1,1,5,1,19,10,2,12,1,1,0,1,0,0,9,0,1
37,1,1,5,1,11,8,1,12,2,1,3,1,0,0,8,0,1
43,1,1,5,1,0,5,1,8,1,1,2,1,0,0,34,0,0
47,1,1,5,1,11,2,2,13,1,2,2,1,0,0,9,0,1
29,1,2,4,1,11,4,1,12,2,2,1,1,0,0,24,0,0
28,2,2,5,1,11,7,1,12,2,1,1,1,0,0,39,2,1
28,1,2,4,1,4,8,2,13,2,1,0,1,0,0,5,0,1
34,2,1,5,1,13,11,2,13,2,1,2,1,0,0,40,0,1
29,2,2,4,1,10,12,1,6,2,1,1,1,0,0,4,0,1
53,1,1,5,1,13,8,1,12,1,1,5,1,0,0,7,0,1
30,1,1,5,1,14,9,2,13,2,1,2,1,0,0,17,0,1
26,1,1,5,1,15,3,1,12,1,2,3,1,0,0,21,0,0
39,2,2,5,1,1,8,2,12,1,1,0,1,0,0,16,1,1
52,1,2,4,1,10,8,1,12,1,1,2,1,0,0,3,0,1
62,1,1,5,1,11,4,2,12,1,2,0,1,0,0,8,0,1
43,1,1,4,1,1,7,2,13,2,1,0,1,0,0,20,0,1
53,1,1,5,1,10,11,1,13,1,1,2,1,0,0,7,0,1
48,1,1,5,1,11,11,1,9,1,2,1,1,0,0,22,0,0
46,1,1,4,1,16,11,1,12,2,2,1,1,0,0,22,0,1
39,1,2,4,1,10,10,1,13,2,1,2,1,0,0,0,0,1
45,1,1,5,1,10,12,1,12,1,1,3,1,0,0,15,0,1
32,2,2,4,1,13,8,1,12,1,1,4,1,0,0,9,0,1
51,2,2,4,1,13,2,1,13,2,1,4,1,0,0,11,0,1
40,1,2,4,1,16,5,1,12,2,2,2,1,0,0,16,0,1
38,1,1,4,1,13,4,1,13,1,2,7,1,0,0,0,0,1
27,1,1,5,1,16,12,1,8,1,1,4,0,0,0,23,0,1
46,1,2,4,1,13,9,1,12,2,1,3,1,0,0,4,0,1
37,1,2,4,1,16,5,1,12,1,1,3,1,0,0,3,0,1
48,1,2,4,1,16,5,1,7,2,1,4,1,0,0,18,0,1
44,2,1,5,1,13,7,1,13,1,1,6,1,0,0,26,0,1
23,1,1,5,1,13,8,2,13,2,1,2,1,0,0,12,0,1
33,1,1,5,1,13,5,2,14,2,2,2,1,0,0,14,0,1
29,1,2,4,1,13,5,1,12,2,1,3,1,0,0,24,0,1
52,1,2,4,1,10,8,1,13,1,1,2,1,0,0,5,0,1
21,2,2,4,1,13,9,2,13,2,1,2,1,0,0,7,0,1
49,1,1,5,1,11,10,1,12,1,1,4,1,0,0,11,0,1
25,1,2,4,1,10,3,2,12,2,1,3,1,0,0,1,0,1
52,1,1,4,1,13,7,1,12,2,1,1,1,0,0,24,1,1
46,2,2,5,1,10,8,1,13,1,1,5,1,0,0,7,0,1
47,1,1,5,1,16,8,1,12,1,1,4,1,0,0,25,0,1
27,1,2,4,1,13,7,1,13,2,1,2,1,0,0,25,1,1
45,1,2,4,1,10,11,2,13,1,1,3,1,0,0,9,0,1
23,1,2,4,1,13,11,2,13,2,1,3,1,0,0,21,0,1
55,1,1,5,1,4,11,1,12,1,1,4,1,0,0,23,0,1
36,1,1,5,1,16,8,2,13,1,1,4,1,0,0,5,0,1
39,1,1,5,1,16,11,2,14,1,1,0,1,0,0,2,0,1
43,1,2,6,1,1,11,2,12,1,1,3,1,0,0,10,0,1
41,2,1,5,1,4,7,1,12,1,1,5,1,0,0,32,0,1
59,1,1,4,1,11,11,2,13,1,1,3,1,0,0,8,0,1
46,2,1,5,1,11,5,1,13,1,1,3,1,0,0,5,0,1
55,1,1,5,1,1,5,2,13,1,2,1,0,0,0,16,0,0
43,1,1,5,1,11,9,1,13,1,1,0,1,0,0,35,1,1
33,1,1,5,1,16,5,1,9,1,1,2,1,0,0,21,0,0
40,1,1,5,1,4,7,1,12,2,1,1,1,0,0,24,0,1
28,1,1,4,1,13,11,1,13,2,1,2,1,0,0,18,0,1
41,1,2,4,1,4,12,1,12,2,1,3,1,0,0,0,0,1
35,1,2,4,1,13,4,1,13,2,2,5,1,0,0,3,0,1
36,1,1,4,1,13,4,2,13,1,2,2,1,0,0,4,0,1
46,1,1,5,1,14,10,1,9,1,1,1,1,0,0,20,0,1
44,1,1,5,1,10,3,1,10,1,1,1,1,0,0,14,0,1
33,1,2,4,1,13,10,2,9,1,1,2,1,0,0,13,0,1
38,1,2,4,1,13,8,1,13,1,1,2,0,0,0,10,1,1
37,1,1,5,1,4,11,1,11,1,1,5,0,0,0,31,0,1
44,1,1,5,1,16,5,1,1,1,2,3,0,0,0,15,0,0
23,1,1,5,1,14,5,2,1,1,1,4,1,0,0,10,0,1
30,1,1,4,1,13,6,2,12,2,1,1,1,0,0,8,0,1
24,1,2,4,1,1,3,1,12,2,1,2,1,0,0,27,0,1
22,1,2,4,1,13,9,2,12,2,1,0,1,0,0,23,0,1
19,1,2,4,1,11,1,1,12,2,1,2,1,0,0,32,0,1
38,1,2,4,1,13,7,1,12,2,1,5,1,0,0,4,0,1
46,1,2,4,1,14,10,2,12,2,1,1,1,0,0,15,0,1
37,1,1,4,1,14,7,2,12,1,1,2,1,0,0,16,0,1
47,2,1,5,1,11,11,2,12,1,1,4,1,0,0,15,0,1
23,1,1,7,1,13,12,2,11,2,1,3,1,0,0,19,0,1
19,1,1,5,1,4,4,2,13,1,1,4,1,0,0,18,0,1
44,1,2,4,1,13,10,1,12,1,1,4,1,0,0,6,0,1
19,1,1,4,1,4,8,1,13,1,1,3,1,0,0,36,0,1
45,2,1,5,1,13,8,2,13,1,1,3,1,0,0,16,0,1
38,1,2,4,1,14,9,1,12,2,1,4,1,0,0,30,1,1
43,1,2,4,1,10,11,1,12,2,1,0,1,0,0,20,0,1
22,1,1,1,1,13,7,2,11,2,1,0,1,0,0,16,0,1
52,1,2,4,1,4,3,1,13,1,1,2,1,0,0,12,0,1
34,1,1,4,1,13,9,1,12,2,1,2,1,0,0,12,0,1
35,1,2,4,1,13,5,1,13,2,1,4,1,0,0,1,0,1
46,1,1,5,1,13,12,2,13,1,2,4,0,0,0,11,1,0
40,1,2,4,1,4,8,2,12,2,1,4,1,0,0,16,0,1
33,1,1,5,1,11,2,1,9,2,2,4,1,0,0,42,0,1
29,2,2,4,1,4,5,1,13,2,1,3,1,0,0,41,0,1
42,1,1,5,1,10,4,1,12,2,1,3,1,0,0,17,0,1
38,2,2,4,1,13,3,2,12,1,1,5,1,0,0,0,0,1
30,1,2,4,1,13,10,2,13,2,1,0,1,0,0,44,0,1
31,2,2,6,1,1,7,1,12,1,1,5,1,0,0,9,0,1
29,2,1,4,1,4,5,2,3,1,1,0,1,0,0,4,0,1
44,1,1,5,1,14,4,1,13,2,1,1,1,0,0,23,0,1
41,1,2,5,1,11,1,1,13,2,1,4,1,0,0,26,0,1
30,1,2,4,1,4,5,2,12,2,1,1,1,0,0,22,0,1
30,1,1,5,1,14,8,1,12,1,1,6,1,0,0,29,0,1
45,1,2,4,1,4,1,1,12,2,1,1,1,0,0,6,0,1
30,1,1,5,1,16,5,2,3,2,1,2,1,0,0,3,0,1
34,1,1,5,1,13,12,1,12,2,1,2,1,0,0,15,1,1
63,2,1,5,1,13,5,2,14,1,1,2,1,0,0,12,0,1
58,1,1,5,1,10,11,1,12,1,2,4,1,0,0,1,0,1
45,1,1,4,1,11,9,2,13,1,1,2,1,0,0,10,0,1
29,2,2,4,1,14,9,1,13,2,1,1,1,0,0,6,1,1
24,1,2,4,1,13,9,2,12,2,1,4,1,0,0,6,0,1
41,1,2,4,1,4,9,2,12,2,1,1,1,0,0,2,0,1
21,2,2,5,1,1,3,1,1,1,1,4,1,0,0,38,0,1
29,1,1,7,1,10,2,2,13,2,1,3,1,0,0,21,0,1
21,1,2,5,1,10,8,2,12,1,1,1,1,0,0,25,0,1
46,1,1,4,1,13,7,1,13,1,1,3,1,0,0,8,0,1
31,1,1,6,1,10,4,1,12,2,1,0,1,0,0,8,0,1
33,1,1,5,1,16,5,1,12,1,1,0,1,0,0,9,1,0
38,1,2,4,1,13,9,1,13,2,1,1,1,0,0,32,1,1
39,1,1,5,1,11,9,1,13,1,1,2,1,0,0,12,0,1
29,1,1,5,1,10,12,2,13,1,1,0,1,0,0,0,0,1
25,1,2,5,1,11,9,1,9,2,1,3,1,0,0,37,0,1
33,1,1,5,1,10,3,1,12,2,1,4,1,0,0,8,0,1
38,1,1,5,1,16,2,1,12,2,2,0,1,0,0,43,0,1
24,1,1,5,1,13,8,2,13,1,1,1,1,0,0,15,0,1
42,1,1,5,1,4,12,2,13,1,1,2,1,0,0,5,0,1
22,1,2,4,1,5,5,2,12,1,1,3,1,0,0,4,0,1
43,1,1,5,1,10,5,2,13,1,1,2,1,0,0,30,0,1
60,1,1,5,1,4,11,1,12,1,1,2,1,0,0,21,0,1
26,1,1,5,1,13,4,2,13,2,1,1,1,0,0,6,0,1
37,2,1,5,1,4,3,1,13,2,1,5,1,0,0,31,0,1
48,1,2,4,1,10,11,1,12,1,1,0,1,0,0,0,0,1
47,1,1,1,1,13,7,1,7,2,2,2,1,0,0,2,0,1
24,1,2,4,1,20,5,1,11,2,2,0,1,0,0,22,0,1
33,1,2,4,1,4,5,1,11,2,1,2,1,0,0,16,0,1
34,2,2,4,1,11,8,2,13,1,1,1,1,0,0,0,0,1
48,1,2,4,1,16,11,1,12,2,2,1,1,0,0,9,0,1
35,1,1,5,1,10,8,2,12,1,1,1,1,0,0,10,0,1
23,1,2,5,1,18,9,1,1,1,1,4,0,0,0,21,0,1
31,1,2,4,1,13,5,1,13,2,1,4,1,0,0,27,0,1
31,1,1,5,1,13,2,2,7,1,1,0,1,0,0,1,0,1
42,2,1,5,1,1,3,1,3,1,1,3,1,0,0,2,0,1
42,1,1,5,1,14,10,1,12,2,1,2,1,0,0,17,0,1
35,1,2,4,1,4,8,1,13,2,1,3,1,0,0,1,0,1
42,1,2,5,1,13,9,1,12,2,2,4,1,0,0,6,0,1
28,1,2,4,1,16,5,1,14,2,2,1,1,0,0,19,0,1
41,1,2,4,1,13,4,1,13,2,1,1,1,0,0,29,0,1
41,1,1,5,1,10,11,2,13,1,1,1,1,0,0,6,0,1
32,1,1,5,1,4,3,1,12,2,1,2,1,0,0,30,0,1
41,1,1,5,1,13,4,1,13,2,2,1,1,0,0,8,0,1
48,1,2,4,1,1,10,1,13,2,1,1,1,0,0,19,0,1
34,1,2,5,1,16,3,1,12,1,1,5,1,0,0,3,0,1
35,1,1,5,1,10,10,2,12,1,1,3,1,0,0,16,0,1
40,1,1,4,1,13,7,1,12,1,1,4,1,0,0,4,0,1
31,2,1,6,1,13,10,1,12,2,1,3,1,0,0,29,0,1
23,2,1,5,1,11,3,1,12,1,1,3,1,0,0,33,0,0
50,1,2,4,1,13,11,1,13,2,1,4,1,0,0,18,0,1
47,1,2,5,1,16,10,1,1,1,1,3,1,0,0,13,0,1
48,1,1,5,1,16,11,1,12,1,3,3,1,0,0,23,0,1
40,1,1,6,1,11,7,2,13,2,1,4,1,0,0,8,0,1
44,1,1,5,1,10,3,2,13,1,1,1,1,0,0,21,0,1
22,1,2,4,1,13,9,2,13,2,1,1,1,0,0,38,1,1
49,1,1,5,1,15,7,1,12,1,1,4,1,0,0,16,1,1
34,1,2,4,1,16,3,1,12,1,1,4,1,0,0,24,0,1
24,1,1,5,1,10,5,1,7,1,1,2,1,0,0,19,0,0
24,1,2,4,1,11,1,1,0,2,1,3,1,0,0,13,0,1
40,1,2,4,1,4,9,1,12,2,1,3,1,0,0,41,0,1
60,1,2,4,1,14,10,1,12,2,1,1,1,0,0,45,0,1
24,1,2,4,1,13,9,1,13,2,1,2,1,0,0,17,0,1
31,1,1,5,1,11,5,1,12,1,2,3,1,0,0,18,0,1
40,1,2,6,1,10,4,1,13,2,1,2,1,0,0,8,0,1
37,1,2,4,1,13,10,2,12,2,1,3,1,0,0,12,0,1
59,2,2,4,1,13,7,1,13,1,1,3,0,0,0,1,0,1
49,1,1,5,1,11,11,2,13,1,2,0,1,0,0,11,0,1
48,1,1,4,1,16,2,1,14,1,2,0,1,0,0,8,0,1
42,1,1,5,1,13,5,2,9,1,1,4,1,0,0,11,0,1
35,1,1,5,1,10,9,2,12,2,1,3,1,0,0,32,0,1
54,1,2,4,1,11,10,2,13,1,1,1,1,0,0,13,0,1
36,1,2,5,1,16,5,1,12,1,1,6,1,0,0,38,0,1
37,1,2,4,1,13,3,2,13,2,1,4,1,0,0,11,0,1
47,2,2,4,1,16,5,1,12,2,1,2,1,0,0,7,1,1
37,2,2,4,1,4,8,1,12,1,1,1,1,0,0,3,0,1
43,1,1,5,1,10,9,1,13,1,1,2,1,0,0,16,0,1
54,1,1,4,1,10,11,1,13,2,2,1,1,0,0,8,0,1
43,1,1,5,1,11,11,2,12,1,1,4,1,0,0,19,0,1
36,2,2,4,1,14,8,2,13,2,1,1,1,0,0,15,0,1
41,1,2,4,1,13,4,1,12,1,1,4,1,0,0,17,0,1
59,1,1,5,1,13,5,1,13,1,1,3,1,0,0,21,0,1
22,1,2,4,1,13,5,2,13,1,1,4,1,0,0,23,0,1
55,1,1,5,1,10,11,2,13,2,1,1,1,0,0,14,0,1
37,1,1,5,1,10,4,1,8,2,1,4,1,0,0,1,0,1
41,1,2,4,1,11,9,1,12,1,1,2,1,0,0,1,0,1
36,1,2,6,1,10,4,1,13,2,1,2,1,0,0,27,0,1
55,1,1,5,1,16,3,2,13,1,1,1,1,0,0,0,0,1
60,1,1,5,1,10,11,2,13,1,1,3,1,0,0,8,0,1
40,1,1,5,1,13,9,2,13,2,1,1,1,0,0,25,1,1
39,2,2,4,1,16,5,1,3,2,1,1,1,0,0,2,0,1
39,1,2,4,1,10,5,2,13,1,1,2,1,0,0,22,0,1
31,1,1,5,1,13,12,2,0,1,1,3,1,0,0,15,0,1
36,1,2,4,1,11,12,1,12,1,1,3,1,0,0,6,0,1
37,1,2,4,1,14,5,2,7,1,1,1,0,0,0,3,0,1
24,1,2,4,1,11,3,2,6,1,1,3,1,0,0,7,0,1
25,1,2,4,1,4,8,2,7,1,1,1,1,0,0,1,0,1
37,1,1,5,1,10,3,1,12,1,1,1,1,0,0,0,0,1
28,1,2,5,1,13,11,2,13,2,2,2,1,0,0,27,0,1
44,2,1,5,1,16,8,2,12,1,1,2,1,0,0,0,0,1
35,1,2,4,1,13,9,2,13,2,1,1,1,0,0,21,0,1
35,1,2,4,1,1,5,1,12,2,2,1,1,0,0,35,0,1
50,1,1,5,1,11,9,2,13,1,1,2,1,0,0,0,0,1
41,1,1,5,1,13,9,2,13,1,1,2,1,0,0,48,2,0
39,1,2,4,1,10,10,2,11,1,1,0,1,0,0,17,0,1
44,1,1,4,1,13,12,2,12,2,1,3,1,0,0,13,0,1
41,1,1,5,1,13,10,2,12,1,1,3,1,0,0,22,0,1
50,1,2,4,1,13,12,1,13,1,1,3,1,0,0,4,0,1
44,1,2,4,1,16,5,2,12,2,1,1,1,0,0,29,0,1
37,1,2,4,1,10,4,1,12,2,2,0,1,0,0,24,0,1
39,1,1,5,1,13,11,1,12,1,1,5,0,0,0,4,0,1
34,1,1,5,1,4,12,2,12,1,1,2,1,0,0,20,0,1
40,1,1,5,1,13,12,2,13,1,1,2,1,0,0,8,0,1
56,1,1,5,1,13,8,1,13,1,2,1,1,0,0,20,0,1
34,1,1,5,1,4,11,2,13,2,1,0,1,0,0,0,0,1
19,1,2,4,1,10,8,2,13,2,1,0,1,0,0,17,0,1
52,1,1,5,1,10,10,1,10,1,2,2,1,0,0,12,0,1
47,1,2,4,1,4,5,1,12,2,1,5,1,0,0,24,0,1
40,1,2,4,1,1,3,1,12,2,1,4,1,0,0,20,0,1
54,1,1,5,1,10,9,1,13,2,1,0,1,0,0,18,0,1
47,1,1,5,1,1,11,2,11,1,1,1,1,0,0,33,0,1
29,1,2,4,1,13,2,2,12,2,2,3,1,0,0,3,0,1
50,1,2,4,1,11,4,2,13,2,2,1,1,0,0,12,0,1
51,2,2,4,1,1,11,1,13,1,1,2,1,0,0,9,0,1
40,1,2,4,1,13,8,2,13,1,1,1,1,0,0,4,0,1
53,1,1,5,1,11,9,2,12,1,1,4,1,0,0,23,0,1
32,1,1,5,1,13,9,2,13,2,1,3,1,0,0,11,0,1
45,1,1,5,1,16,11,2,12,1,2,1,1,0,0,11,0,1
25,1,1,5,1,4,6,2,12,1,1,1,1,0,0,19,1,1
35,2,1,5,1,13,8,1,13,1,1,1,1,0,0,5,0,1
60,1,1,5,1,11,11,2,12,1,1,0,1,0,0,4,0,1
28,2,2,6,1,13,6,1,12,2,1,2,1,0,0,17,1,1
49,1,1,5,1,11,5,1,4,1,1,2,1,0,0,12,0,1
25,2,2,4,1,14,8,1,12,2,1,0,1,0,0,22,0,1
45,1,1,4,1,13,11,2,13,1,1,1,1,0,0,15,0,1
21,1,1,4,1,2,4,2,7,1,1,1,1,0,0,6,0,1
40,1,1,5,1,1,11,2,13,1,1,1,1,0,0,1,0,1
39,1,1,5,1,13,7,2,13,1,1,4,1,0,0,0,0,1
41,1,2,4,1,4,8,2,12,1,1,3,1,0,0,17,0,1
19,1,2,4,1,13,9,1,12,2,1,1,1,0,0,26,1,1
26,1,2,4,1,13,11,2,13,2,1,1,1,0,0,12,0,1
36,2,2,4,1,10,7,2,13,2,1,1,1,0,0,7,0,1
25,1,2,4,1,16,3,1,12,2,1,3,1,0,0,19,0,1
30,1,2,4,1,4,4,1,13,2,1,3,1,0,0,11,0,1
38,1,2,5,1,4,5,1,12,1,1,3,1,0,0,6,0,1
39,1,2,4,1,13,3,2,12,2,1,3,1,0,0,17,0,1
44,1,2,4,1,10,2,2,12,1,1,1,1,0,0,0,0,1
46,2,1,5,1,1,3,1,13,1,1,3,1,0,0,1,0,1
39,1,2,5,1,1,10,1,12,1,1,3,1,0,0,33,0,1
41,1,1,5,1,10,2,2,0,1,1,0,1,0,0,20,0,1
44,1,1,5,1,10,3,2,12,1,1,1,1,0,0,21,0,0
31,1,1,5,1,19,8,1,12,1,1,4,1,0,0,2,0,1
43,1,1,5,1,13,2,1,13,2,1,1,1,0,0,23,0,1
46,1,1,5,1,10,8,1,13,1,1,1,1,0,0,11,0,1
30,1,1,5,1,10,8,2,13,2,1,1,1,0,0,18,1,1
39,1,1,5,1,10,8,2,13,2,1,1,1,0,0,25,0,1
20,1,1,5,1,11,7,2,11,2,1,1,1,0,0,7,1,1
48,1,1,4,1,16,12,2,12,1,1,2,1,0,0,9,0,1
30,2,1,5,1,13,7,2,13,1,1,3,1,0,0,15,0,1
43,1,2,4,1,4,5,2,13,1,1,1,1,0,0,14,0,1
54,1,1,4,1,1,7,1,12,1,1,3,1,0,0,9,0,1
55,2,2,4,1,14,10,2,12,1,1,3,1,0,0,13,0,1
60,1,1,5,1,11,11,2,12,1,1,2,1,0,0,20,0,1
45,1,1,4,1,11,4,2,13,2,1,2,1,0,0,28,0,1
26,1,1,6,1,4,9,2,13,1,1,2,1,0,0,6,0,1
30,1,2,4,1,13,5,1,12,2,1,4,1,0,0,28,0,1
35,2,1,6,1,10,7,2,13,2,1,2,1,0,0,0,0,1
33,2,1,5,1,16,1,1,0,2,1,2,1,0,0,13,0,1
33,1,2,5,1,13,1,1,12,2,1,5,1,0,0,1,0,1
55,1,2,4,1,13,11,1,12,1,2,1,1,0,0,33,0,1
46,1,2,4,1,13,10,1,13,2,1,2,1,0,0,23,0,1
77,1,1,5,1,11,11,1,12,1,1,4,1,0,0,13,0,1
44,1,1,5,1,13,11,2,13,1,1,1,1,0,0,13,0,1
44,1,1,4,1,10,11,2,13,1,1,2,1,0,0,36,0,1
50,1,2,4,1,16,5,1,12,2,1,3,1,0,0,2,0,1
31,1,2,5,1,13,8,2,12,1,1,0,1,0,0,21,0,1
42,1,2,4,1,16,5,2,12,1,1,2,1,0,0,8,0,1
42,1,1,5,1,13,10,2,13,2,1,2,1,0,0,5,0,1
34,1,2,4,1,14,11,2,12,2,1,2,1,0,0,21,0,1
49,1,2,4,1,4,3,1,12,1,1,2,1,0,0,1,0,1
37,2,1,5,1,4,9,1,13,2,1,0,1,0,0,17,1,1
34,1,1,5,1,10,9,2,13,1,1,0,1,0,0,9,0,1
25,1,2,4,1,4,4,1,13,2,1,3,1,0,0,8,0,1
55,1,1,5,1,13,8,1,12,1,1,6,1,0,0,10,0,1
29,1,1,5,1,16,4,1,12,1,2,4,1,0,0,0,0,1
43,1,2,4,1,13,4,2,13,2,1,1,1,0,0,0,0,1
43,1,1,5,1,11,6,1,12,1,2,2,1,0,0,32,0,1
39,1,1,5,1,4,1,1,13,2,1,5,1,0,0,29,0,1
30,1,1,6,1,10,1,1,8,2,1,4,1,0,0,17,0,1
30,1,1,5,1,4,8,2,13,1,1,3,1,0,0,24,0,1
55,1,2,4,1,13,11,2,13,1,1,3,1,0,0,32,0,1
31,1,2,4,1,10,8,2,13,2,1,0,1,0,0,11,1,1
41,1,1,5,1,14,11,1,12,1,1,4,1,0,0,0,0,1
49,1,1,5,1,19,3,1,12,1,1,2,1,0,0,10,0,1
38,1,1,7,1,15,2,1,12,2,2,3,1,0,0,6,1,1
43,1,2,6,1,10,7,2,13,1,1,0,1,0,0,4,0,1
25,1,1,5,1,10,4,1,12,2,1,3,1,0,0,42,0,1
35,1,1,4,1,13,9,1,13,2,2,2,1,0,0,16,0,1
26,1,2,4,1,16,5,1,12,2,1,1,1,0,0,16,0,1
35,2,1,5,1,11,4,1,13,1,1,5,1,0,0,3,0,1
28,1,1,5,1,11,8,2,13,1,1,2,1,0,0,16,0,1
37,1,1,5,1,4,4,2,13,1,1,1,1,0,0,17,0,1
32,1,1,5,1,11,3,1,12,2,1,4,1,0,0,33,0,1
37,1,1,5,1,4,5,1,13,2,1,2,1,0,0,15,0,1
47,1,2,4,1,13,10,1,13,2,1,7,1,0,0,17,0,1
48,2,2,5,1,4,3,1,12,2,1,3,1,0,0,19,0,1
25,1,2,4,1,13,5,1,13,2,1,3,1,0,0,25,0,1
34,2,2,4,1,11,9,1,13,2,1,4,1,0,0,6,0,1
45,2,1,5,1,11,11,2,11,1,1,2,1,0,0,37,0,1
38,2,2,6,1,1,9,2,13,1,1,2,1,0,0,12,0,1
25,1,1,5,1,4,4,2,12,1,1,2,1,0,0,25,0,1
47,2,2,4,1,1,3,1,12,1,1,4,1,0,0,0,0,1
37,2,1,5,1,4,8,2,3,1,1,3,1,0,0,12,0,1
28,1,1,4,1,10,4,1,12,2,1,1,1,0,0,25,0,1
47,1,1,5,1,11,11,2,11,1,1,4,1,0,0,29,0,0
34,2,2,6,1,13,3,2,13,2,1,3,1,0,0,30,0,1
68,1,1,5,1,11,11,1,12,1,1,6,1,0,0,22,0,1
20,1,2,6,1,13,7,2,13,2,1,2,1,0,0,10,1,1
42,1,1,5,1,13,4,2,12,2,2,2,1,0,0,37,0,1
31,1,2,4,1,11,2,2,12,1,1,2,1,0,0,10,0,1
39,1,1,4,1,4,5,1,13,2,1,1,1,0,0,26,0,1
44,1,1,5,1,1,11,1,12,1,2,3,0,0,0,29,0,0
35,1,2,4,1,4,5,2,3,1,1,3,1,0,0,24,0,1
53,1,1,5,1,11,11,2,12,1,1,4,1,0,0,3,0,1
21,1,1,5,1,11,8,2,12,1,1,1,1,0,0,1,0,1
22,2,2,4,1,14,8,2,12,2,1,2,1,0,0,24,0,1
39,1,2,4,1,13,9,1,12,2,1,5,1,0,0,9,0,1
22,1,2,4,1,4,8,2,13,2,1,2,1,0,0,9,0,1
31,1,1,5,1,16,10,2,9,1,1,3,1,0,0,13,0,1
44,2,1,5,1,13,11,1,13,1,1,3,1,0,0,21,0,1
44,1,1,5,1,14,5,1,12,1,1,1,1,0,0,24,0,1
55,2,1,5,1,11,7,1,13,1,1,3,1,0,0,9,0,1
49,1,1,5,1,15,10,1,12,1,1,3,1,0,0,16,0,1
41,2,2,6,1,1,8,1,9,1,1,1,1,0,0,2,0,1
37,1,1,4,1,11,9,2,13,2,1,1,1,0,0,16,0,1
44,1,2,4,1,16,2,1,12,1,2,4,1,0,0,13,0,1
32,1,2,4,1,16,9,1,9,2,1,0,1,0,0,30,0,1
39,1,2,5,1,13,10,1,7,1,1,5,1,0,0,1,0,1
30,2,2,4,1,13,2,1,13,2,1,4,1,0,0,23,0,1
45,1,1,5,1,11,10,2,12,1,2,2,1,0,0,26,0,1
39,1,1,5,1,19,12,1,12,1,1,3,1,0,0,2,0,1
42,1,2,4,1,13,10,2,13,1,1,1,1,0,0,16,0,1
44,1,1,5,1,16,10,2,9,1,2,0,1,0,0,6,0,1
52,1,1,5,1,13,11,2,13,1,1,3,1,0,0,3,0,1
30,1,2,4,1,14,10,2,11,2,1,3,1,0,0,13,0,1
44,1,1,5,1,11,8,1,12,1,2,3,1,0,0,38,0,0
49,1,2,4,1,13,5,1,13,2,1,3,1,0,0,20,0,1
30,1,2,5,1,13,9,1,12,2,1,3,1,0,0,7,1,1
34,1,2,4,1,13,9,2,12,2,1,1,1,0,0,9,0,1
45,1,1,5,1,16,5,1,12,2,1,4,1,0,0,13,0,1
40,1,2,4,1,2,5,1,13,2,1,2,1,0,0,2,0,1
33,2,2,4,1,20,1,1,13,2,1,2,1,0,0,5,0,1
51,1,2,4,1,11,1,1,12,2,1,1,1,0,0,8,0,1
29,1,2,4,1,13,1,1,10,2,1,2,1,0,0,1,0,1
39,1,1,5,1,16,11,1,13,2,1,2,1,0,0,7,0,1
22,1,2,6,1,20,9,1,12,2,1,3,1,0,0,13,1,0
26,1,1,5,1,0,7,1,12,2,1,1,1,0,0,1,0,1
30,1,2,4,1,14,1,1,12,2,1,2,1,0,0,12,0,1
40,1,2,4,1,13,9,2,13,2,1,1,1,0,0,5,0,1
44,2,2,4,1,13,11,2,13,2,1,3,1,0,0,5,0,1
31,1,1,5,1,16,1,1,8,2,1,2,1,0,0,2,0,1
50,1,2,4,1,16,2,1,12,2,1,1,1,0,0,7,0,1
39,1,1,5,1,13,1,2,13,2,1,2,1,0,0,1,0,1
29,1,1,5,1,10,9,1,13,2,1,1,1,0,0,0,0,1
35,1,2,4,1,14,8,2,13,2,1,3,1,0,0,0,0,1
23,1,2,4,1,14,7,2,13,2,1,3,1,0,0,5,0,1
43,1,1,4,1,20,4,2,13,2,2,0,1,0,0,0,0,1
52,1,2,4,1,1,2,2,9,2,1,1,1,0,0,13,0,1
48,2,2,5,1,0,10,1,9,2,1,1,1,0,0,17,1,0
29,1,2,4,1,13,9,2,12,2,1,1,1,0,0,3,0,1
40,1,1,5,1,13,7,2,13,2,1,4,1,0,0,2,0,1
32,1,2,4,1,13,1,2,13,2,1,2,1,0,0,6,0,1
47,1,1,5,1,16,1,1,13,2,1,2,1,0,0,0,0,1
44,1,1,5,1,13,2,1,13,2,1,3,1,0,0,4,0,1
24,1,2,4,1,13,6,1,13,2,1,1,1,0,0,0,0,1
39,1,2,4,1,13,5,2,12,2,1,4,1,0,0,3,0,1
36,1,2,4,1,20,6,1,12,2,2,3,1,0,0,9,1,0
46,1,1,5,1,10,5,1,13,2,1,2,1,0,0,9,1,0
40,1,2,5,1,20,9,1,12,2,1,2,1,0,0,0,0,1
20,1,2,4,1,0,9,1,13,2,1,2,1,0,0,9,0,1
24,2,2,5,1,0,7,1,12,2,1,3,1,0,0,10,1,1
37,1,2,4,1,0,3,1,13,2,1,1,1,0,0,8,0,1
33,1,2,4,1,20,1,1,12,2,1,3,1,0,0,11,0,1
30,1,1,5,1,20,9,2,13,2,1,3,1,0,0,16,0,0
53,1,2,4,1,13,5,1,13,2,2,3,1,0,0,0,1,1
27,1,2,4,1,14,5,1,12,2,1,4,1,0,0,4,0,1
33,1,2,4,1,13,9,1,12,2,1,1,1,0,0,26,0,1
36,1,2,5,1,16,3,1,12,2,1,1,1,0,0,11,0,1
48,1,1,5,1,13,2,1,12,2,1,2,1,0,0,10,0,1
19,1,1,5,1,1,3,1,8,2,1,4,1,0,0,8,1,1
30,1,1,5,1,0,5,2,12,2,1,0,1,0,0,16,1,0
32,2,1,5,1,20,2,1,12,2,1,2,1,0,0,20,1,0
44,1,1,5,1,0,3,1,12,2,1,2,0,0,0,3,1,0
39,2,2,4,1,13,5,1,12,2,1,6,1,0,0,13,0,1
41,1,1,5,1,1,7,1,13,1,1,3,0,0,0,1,0,0
49,2,2,4,1,13,6,1,13,2,1,1,1,0,0,3,0,1
44,1,2,5,1,16,5,1,12,2,1,1,1,0,0,3,0,1
47,1,1,5,1,20,12,2,12,2,1,3,1,0,0,8,0,1
32,1,2,4,1,0,7,1,4,2,1,0,1,0,0,5,1,1
42,1,1,5,1,16,3,1,12,2,1,1,1,0,0,0,0,1
45,1,2,4,1,13,1,1,13,2,1,2,1,0,0,11,0,1
23,1,1,5,1,20,1,2,12,2,1,2,1,0,0,7,0,1
21,1,2,6,1,14,3,1,8,2,1,3,1,0,0,11,0,1
34,1,1,5,1,4,3,1,4,2,1,4,1,0,0,7,0,1
32,1,2,4,1,16,2,2,12,1,1,2,1,0,0,5,0,1
47,1,1,5,1,13,1,1,13,2,1,3,1,0,0,4,0,1
22,1,2,6,1,13,8,1,13,2,1,3,1,0,0,16,0,1
37,1,2,4,1,0,5,1,13,2,1,1,1,0,0,9,1,1
31,1,1,5,1,20,6,1,13,1,1,1,1,0,0,2,0,1
32,2,1,5,1,0,7,1,12,2,1,2,1,0,0,10,1,0
52,1,1,5,1,20,11,2,12,2,1,5,1,0,0,10,0,1
43,1,1,5,1,10,7,1,13,2,1,4,1,0,0,2,0,1
63,1,1,5,1,17,11,1,13,1,2,2,1,0,0,7,0,1
51,2,1,5,1,1,7,1,13,2,1,4,1,0,0,10,0,1
52,2,1,5,1,0,8,1,12,2,1,2,1,0,0,1,1,1
50,1,1,5,1,10,8,1,13,2,1,3,1,0,0,2,0,1
56,1,2,4,1,13,10,2,12,1,1,4,1,0,0,7,0,1
30,1,2,4,1,20,8,1,12,2,1,3,1,0,0,12,0,1
49,1,1,5,1,13,1,2,13,2,1,2,1,0,0,2,0,1
61,1,2,4,1,20,1,2,12,2,2,2,1,0,0,4,0,1
23,1,2,4,1,14,4,1,13,2,1,5,1,0,0,7,0,1
31,2,2,4,1,1,7,1,13,1,1,4,1,0,0,5,0,1
27,1,2,4,1,0,6,1,12,2,1,1,1,0,0,0,1,0
52,1,1,5,1,1,9,1,8,2,1,3,1,0,0,2,0,1
39,2,1,5,1,13,9,1,13,2,1,2,1,0,0,5,0,1
36,1,2,4,1,13,5,2,13,2,1,2,1,0,0,3,0,1
33,1,1,5,1,20,9,1,13,2,1,1,0,0,0,11,1,0
40,1,2,4,1,13,12,1,12,2,1,4,1,0,0,3,0,1
53,1,2,4,1,13,7,2,13,2,1,3,1,0,0,6,0,1
32,1,2,4,1,16,4,1,13,2,1,2,1,0,0,8,0,1
48,1,2,4,1,0,11,1,13,2,2,1,1,0,0,13,1,0
66,1,1,5,1,14,10,2,13,2,1,3,1,0,0,3,0,1
25,2,2,6,1,20,4,1,13,2,1,3,1,0,0,5,0,1
50,1,1,5,1,17,2,2,12,2,2,2,1,0,0,9,0,1
21,1,2,7,1,13,3,1,12,2,1,1,1,0,0,7,0,1
26,1,2,4,1,4,3,1,12,2,1,3,1,0,0,3,0,1
36,1,2,4,1,16,12,1,12,2,1,0,1,0,0,2,0,1
23,1,2,5,1,0,5,1,4,2,1,2,1,0,0,2,0,0
55,1,2,5,1,1,2,1,12,2,1,2,1,0,0,22,0,1
44,2,2,4,1,13,7,1,13,2,1,1,1,0,0,6,0,1
29,1,2,6,1,0,7,1,12,1,1,3,1,0,0,1,0,0
41,1,2,5,1,16,1,1,12,2,1,4,1,0,0,1,0,1
32,1,1,5,1,4,10,2,7,2,1,1,1,0,0,0,0,1
49,1,1,5,1,10,10,2,13,2,1,2,1,0,0,3,0,1
25,1,1,5,1,20,7,2,13,2,1,0,1,0,0,9,0,0
47,2,2,5,1,1,7,2,13,2,1,6,1,0,0,9,0,1
37,1,2,4,1,13,5,2,12,2,1,2,1,0,0,19,0,1
40,1,2,5,1,16,3,1,13,2,1,3,1,0,0,3,0,1
42,1,1,5,1,10,5,2,13,2,1,4,1,0,0,10,0,1
25,1,2,5,1,20,1,1,13,2,1,1,1,0,0,7,0,1
50,2,2,4,1,13,5,1,12,2,1,4,1,0,0,0,0,1
39,1,1,5,1,16,4,2,12,2,1,1,1,0,0,10,0,1
58,1,1,5,1,13,10,1,13,2,1,2,1,0,0,19,0,1
30,1,2,4,1,17,8,1,13,2,1,3,1,0,0,7,0,1
33,1,2,4,1,20,5,2,12,2,1,1,1,0,0,1,1,1
64,1,1,5,1,10,10,1,13,2,1,4,1,0,0,5,0,1
32,1,1,5,1,16,1,2,13,2,1,2,1,0,0,11,0,1
34,1,2,4,1,16,5,1,13,1,1,2,0,0,0,1,0,1
43,2,1,5,1,0,7,1,12,2,1,0,1,0,0,7,0,1
48,1,1,5,1,1,5,1,13,2,1,1,1,0,0,9,0,1
33,1,2,4,1,0,7,1,12,2,1,2,1,0,0,0,0,1
30,1,1,5,1,1,1,1,12,2,1,3,1,0,0,14,0,1
27,1,2,4,1,13,3,1,12,2,1,3,1,0,0,5,0,1
30,1,2,4,1,13,5,2,13,2,1,3,1,0,0,10,0,1
44,1,2,4,1,10,4,1,12,2,1,2,1,0,0,1,0,1
37,2,1,5,1,13,7,1,13,2,1,5,1,0,0,3,0,1
20,1,1,5,1,0,3,1,4,2,1,0,1,0,0,13,1,0
47,1,2,4,1,13,2,1,12,1,1,0,1,0,0,2,0,1
21,1,1,5,1,20,9,2,13,2,1,1,1,0,0,10,0,1
46,1,1,5,1,20,9,1,13,2,1,5,1,0,0,2,0,1
47,1,2,5,1,0,5,1,12,2,1,2,1,0,0,33,1,0
29,1,2,4,1,10,3,1,13,2,1,2,1,0,0,3,0,1
39,1,1,5,1,0,3,1,12,2,1,3,1,0,0,15,1,1
47,1,2,4,1,0,5,1,13,2,1,2,1,0,0,8,0,1
24,1,2,5,1,10,9,1,12,2,1,2,1,0,0,2,0,1
38,2,1,5,1,16,6,1,12,1,1,4,1,0,0,9,0,1
25,1,2,4,1,14,5,1,12,2,1,3,1,0,0,6,0,1
47,1,2,4,1,10,1,1,12,2,1,2,1,0,0,4,0,1
39,1,2,4,1,13,5,1,13,2,1,5,1,0,0,9,0,1
43,1,2,4,1,11,6,2,12,2,1,1,1,0,0,3,0,1
37,1,2,4,1,13,2,1,13,2,1,4,1,0,0,4,0,1
41,1,1,5,1,10,4,2,13,2,1,1,1,0,0,3,0,0
23,1,1,5,1,13,7,2,13,2,1,2,1,0,0,10,0,1
39,1,1,5,1,13,3,1,12,2,2,1,1,0,0,2,1,0
37,1,2,5,1,10,9,2,12,2,1,3,1,0,0,0,0,1
58,1,1,5,1,10,2,1,12,2,1,5,1,0,0,3,0,1
46,1,2,5,1,13,2,2,12,2,1,2,1,0,0,5,0,1
25,1,2,6,1,14,7,1,12,2,1,2,1,0,0,13,0,1
21,1,1,5,1,13,7,2,12,2,1,1,1,0,0,5,0,1
44,1,2,4,1,13,4,1,13,2,1,2,1,0,0,2,0,1
28,1,2,4,1,13,6,1,13,2,1,3,1,0,0,8,0,1
25,1,2,4,1,16,3,1,12,2,1,4,1,0,0,2,0,1
30,1,2,4,1,14,7,2,13,2,1,2,1,0,0,2,0,1
45,2,1,5,1,20,7,1,13,2,1,0,0,0,0,9,1,0
32,2,2,6,1,0,7,1,12,2,1,2,1,0,0,17,0,1
45,1,1,5,1,10,1,1,12,2,1,2,1,0,0,3,0,1
46,1,2,4,1,16,1,1,13,2,1,3,1,0,0,9,0,1
30,1,1,5,1,16,5,1,12,2,1,4,1,0,0,7,1,0
50,1,2,4,1,11,4,2,13,2,1,5,1,0,0,4,0,1
23,1,2,5,1,20,1,2,12,2,1,3,1,0,0,4,0,1
52,1,1,5,1,10,5,1,13,2,1,0,1,0,0,0,0,1
35,2,1,5,1,20,7,1,13,2,1,0,1,0,0,7,1,0
23,2,2,4,1,13,4,1,13,2,1,2,1,0,0,13,0,1
20,1,1,5,1,13,1,1,13,2,1,2,1,0,0,0,0,1
32,1,2,5,1,1,3,1,12,2,1,3,1,0,0,15,0,1
28,1,2,7,1,1,3,1,12,2,1,2,1,0,0,20,1,1
24,1,1,5,1,3,7,1,12,2,1,4,1,0,0,8,0,1
47,1,2,5,1,10,11,2,13,2,1,6,1,0,0,4,0,1
47,1,1,5,1,16,11,2,13,1,1,1,1,0,0,2,0,1
36,1,2,4,1,14,2,1,12,2,1,4,1,0,0,6,0,1
41,2,1,5,1,20,7,1,12,2,1,1,1,0,0,0,0,1
29,1,2,6,1,16,4,1,13,2,1,3,1,0,0,1,0,1
69,1,1,5,1,10,11,1,13,2,2,1,1,0,0,10,0,0
20,1,2,4,1,13,6,2,13,1,1,0,1,0,0,6,0,1
37,1,2,4,1,13,2,2,13,2,1,1,1,0,0,8,0,1
35,1,1,5,1,13,1,2,12,2,1,3,1,0,0,7,0,1
34,1,1,5,1,14,2,2,12,1,1,3,1,0,0,8,0,1
22,1,2,4,1,20,5,1,13,2,1,4,1,0,0,2,0,1
34,1,2,4,1,13,1,2,12,2,2,2,1,0,0,9,0,1
52,1,2,4,1,13,9,1,12,2,1,2,1,0,0,3,0,1
21,1,2,4,1,14,3,2,12,2,1,3,1,0,0,12,0,1
40,1,2,4,1,14,4,2,13,2,1,4,1,0,0,1,0,1
37,1,2,4,1,16,10,1,13,2,1,2,1,0,0,11,0,1
42,2,2,4,1,14,7,1,13,2,1,4,1,0,0,2,0,1
34,2,2,4,1,1,3,1,13,2,1,1,1,0,0,3,0,1
42,1,1,5,1,20,7,1,13,1,1,2,1,0,0,10,0,1
47,1,2,4,1,20,1,1,13,2,1,1,1,0,0,0,0,1
30,1,1,5,1,0,5,1,7,2,1,3,1,0,0,9,1,0
29,2,2,4,1,4,3,1,13,2,1,3,1,0,0,2,0,1
37,1,1,5,1,16,3,1,4,1,1,2,1,0,0,4,0,1
25,2,2,4,1,0,7,1,4,2,1,2,1,0,0,1,1,1
39,2,2,7,1,13,7,2,13,2,1,4,1,0,0,5,0,1
30,1,2,4,1,13,5,2,12,1,2,2,1,0,0,1,0,1
43,2,2,4,1,14,5,1,12,2,1,0,1,0,0,1,0,1
39,2,2,4,1,14,4,1,13,2,1,1,1,0,0,5,0,1
39,1,2,4,1,20,7,1,12,2,1,0,1,0,0,4,0,1
40,1,2,4,1,16,1,1,12,2,1,2,1,0,0,8,0,1
35,2,2,7,1,0,7,1,4,2,1,0,1,0,0,1,1,0
21,1,2,6,1,20,4,1,12,2,1,1,1,0,0,16,0,0
30,1,1,5,1,13,1,1,12,2,1,5,1,0,0,12,0,1
30,1,2,4,1,14,2,2,12,2,1,2,1,0,0,4,0,1
25,1,2,4,1,16,4,1,12,2,2,2,1,0,0,5,0,1
42,2,1,4,1,10,7,2,13,2,1,1,1,0,0,6,0,1
50,1,2,4,1,13,5,1,13,2,1,4,1,0,0,22,0,1
35,1,1,7,1,20,4,1,12,2,1,0,1,0,0,3,0,1
38,1,2,4,1,0,7,1,13,2,1,4,1,0,0,10,1,0
39,1,1,5,1,1,7,2,13,2,1,1,1,0,0,6,0,1
30,1,1,1,1,13,7,2,13,2,1,0,1,0,0,5,0,1
33,1,2,6,1,20,4,1,13,2,1,3,1,0,0,0,0,1
36,1,2,4,1,11,5,1,12,2,1,3,1,0,0,2,0,1
28,1,2,5,1,17,8,1,12,2,1,1,1,0,0,4,0,1
43,1,2,5,1,10,3,1,12,2,1,4,1,0,0,7,0,1
51,1,1,5,1,10,9,1,13,1,1,0,1,0,0,4,0,0
33,1,2,4,1,13,1,2,12,2,1,3,1,0,0,12,0,1
49,1,1,5,1,14,7,1,12,2,1,4,1,0,0,4,0,1
35,1,2,4,1,20,9,2,12,1,1,3,1,0,0,5,0,1
31,1,2,4,1,16,5,1,7,2,1,0,1,0,0,0,0,1
23,1,2,4,1,0,6,1,12,2,1,2,1,0,0,2,0,1
31,1,2,4,1,13,1,1,13,2,1,2,1,0,0,0,0,1
28,1,1,5,1,13,5,1,12,2,1,1,1,0,0,11,0,0
37,1,1,5,1,13,12,2,12,2,1,4,1,0,0,0,0,1
34,1,2,5,1,0,2,1,13,2,1,2,1,0,0,1,0,1
47,2,2,4,1,13,7,1,13,2,1,5,1,0,0,5,0,1
47,1,2,4,1,14,11,1,13,2,1,3,1,0,0,6,0,1
29,1,2,4,1,12,9,1,13,2,1,1,1,0,0,8,1,1
32,1,2,4,1,13,3,1,13,2,1,4,1,0,0,11,0,1
45,1,1,5,1,13,12,1,13,2,1,3,1,0,0,2,0,1
58,1,2,4,1,13,2,1,12,2,1,4,1,0,0,7,0,1
45,1,1,5,1,13,3,1,13,2,1,2,1,0,0,10,0,1
37,1,1,5,1,10,7,1,12,2,1,4,1,0,0,5,0,1
39,1,1,5,1,0,3,1,13,2,1,2,1,0,0,14,1,0
30,1,2,4,1,0,5,1,12,2,2,0,1,0,0,7,0,1
40,1,2,5,1,20,11,1,12,2,1,3,1,0,0,15,1,0
23,1,2,4,1,13,9,2,13,2,1,3,1,0,0,6,0,1
53,1,1,5,1,13,5,1,12,1,1,3,1,0,0,1,0,1
28,1,2,5,1,0,7,1,13,2,1,0,0,0,0,1,1,0
51,1,1,5,1,13,7,1,13,1,1,4,1,0,0,0,0,1
56,1,1,5,1,1,2,1,12,1,1,2,1,0,0,3,0,1
41,1,1,4,1,16,1,1,13,2,2,1,1,0,0,1,0,1
47,1,1,5,1,16,7,1,13,2,1,1,1,0,0,4,0,1
40,1,1,5,1,13,1,1,12,2,1,3,1,0,0,0,0,1
32,1,2,4,1,13,7,2,13,2,1,1,1,0,0,3,0,1
40,1,2,4,1,0,1,1,12,2,1,2,1,0,0,3,0,1
37,1,2,5,1,20,1,1,12,2,1,3,1,0,0,0,0,1
53,1,2,4,1,10,1,1,12,2,1,3,1,0,0,0,0,1
39,1,2,4,1,20,5,2,13,2,1,2,1,0,0,3,0,1
43,1,2,4,1,16,5,1,12,2,1,1,1,0,0,11,0,1
35,2,1,2,1,20,6,1,13,2,1,1,1,0,0,1,1,1
39,1,2,4,1,10,3,1,13,2,1,2,1,0,0,0,0,1
27,1,2,4,1,0,7,1,12,2,1,0,1,0,0,5,1,0
26,1,2,5,1,14,7,1,13,2,1,4,1,0,0,2,0,1
32,1,2,4,1,1,6,1,13,2,1,1,1,0,0,9,0,1
25,1,2,4,1,10,4,1,13,2,1,2,1,0,0,6,0,1
38,1,1,5,1,10,1,1,8,2,1,2,1,0,0,13,0,1
24,1,1,5,1,4,5,1,12,2,1,3,0,0,0,3,0,0
45,1,1,5,1,16,1,1,12,2,1,3,1,0,0,7,0,1
54,1,1,5,1,13,7,2,13,2,1,4,1,0,0,2,0,1
29,1,2,4,1,13,7,1,12,2,1,3,1,0,0,15,0,1
57,1,2,4,1,19,4,1,12,2,1,3,1,0,0,0,0,1
32,1,1,5,1,1,10,1,6,2,1,1,1,0,0,23,1,0
28,1,1,7,1,13,12,1,12,2,1,4,1,0,0,9,0,1
52,1,1,5,1,10,10,1,13,2,1,2,1,0,0,6,0,0
23,1,2,4,1,13,6,1,13,2,1,2,1,0,0,13,0,1
30,1,2,5,1,13,11,2,13,2,1,1,1,0,0,5,0,1
36,1,2,4,1,13,3,1,12,2,1,2,1,0,0,4,0,1
30,2,2,7,1,20,4,2,13,2,1,3,1,0,0,5,0,1
54,1,1,5,1,0,2,1,12,1,1,2,1,0,0,7,0,0
38,1,1,5,1,16,2,2,12,2,1,2,1,0,0,11,0,0
42,1,1,5,1,1,7,2,12,1,1,1,1,0,0,0,0,1
38,1,1,5,1,0,2,2,12,2,1,1,1,0,0,8,0,1
60,1,1,5,1,10,10,1,12,2,1,1,1,0,0,4,0,1
35,1,2,4,1,20,5,1,13,2,1,1,1,0,0,6,0,1
30,1,2,4,1,13,2,1,12,2,1,3,1,0,0,6,0,1
37,1,2,4,1,13,3,2,13,2,1,0,1,0,0,0,0,1
43,1,1,5,1,13,5,2,13,2,1,5,1,0,0,4,0,1
22,2,2,5,1,13,9,1,13,2,1,3,1,0,0,11,1,1
34,1,2,5,1,13,12,1,12,2,1,3,1,0,0,7,0,1
30,1,1,5,1,20,7,2,13,2,1,2,1,0,0,1,0,1
39,1,1,5,1,0,5,1,13,2,1,1,1,0,0,4,0,0
29,1,1,5,1,13,2,2,13,2,1,1,1,0,0,9,0,1
47,1,2,4,1,10,2,2,13,2,1,0,1,0,0,8,0,1
23,1,2,7,1,9,7,2,12,2,1,3,1,0,0,9,1,1
35,1,2,4,1,10,1,2,13,2,1,4,1,0,0,5,0,1
45,1,1,5,1,16,1,1,13,2,1,3,1,0,0,1,0,1
22,1,2,4,1,13,3,1,13,2,1,3,1,0,0,7,0,1
31,1,2,4,1,13,9,1,13,2,1,2,1,0,0,13,0,1
51,1,1,5,1,11,7,1,13,2,1,2,1,0,0,14,0,0
46,1,2,4,1,13,4,2,13,2,1,3,1,0,0,1,0,1
22,1,1,5,1,10,3,1,4,2,1,2,1,0,0,11,0,1
36,1,1,5,1,13,7,1,13,1,1,2,1,0,0,2,0,0
22,1,2,4,1,13,9,2,13,2,1,0,1,0,0,6,0,1
31,2,2,4,1,13,3,1,12,2,1,5,1,0,0,17,0,1
40,1,1,5,1,0,1,1,12,2,1,3,0,0,0,12,1,0
32,1,2,4,1,10,3,1,13,2,1,1,1,0,0,11,0,1
24,1,2,4,1,0,1,1,8,2,1,0,1,0,0,5,0,0
22,1,2,5,1,10,9,1,8,2,1,0,1,0,0,7,0,1
28,1,2,4,1,0,3,1,12,2,1,0,1,0,0,8,1,0
57,1,1,5,1,13,1,1,12,2,1,4,1,0,0,5,0,1
29,1,2,4,1,14,5,2,12,2,1,3,1,0,0,10,0,1
47,1,1,5,1,20,1,2,12,2,1,0,1,0,0,0,0,1
25,1,1,5,1,10,7,2,13,1,1,2,1,0,0,1,0,1
19,2,2,5,1,14,7,1,13,2,1,4,1,0,0,19,0,1
29,1,1,5,1,0,1,2,13,2,1,2,1,0,0,5,0,1
55,1,1,5,1,16,4,1,12,1,1,4,1,0,0,7,0,1
56,1,1,5,1,4,7,1,13,2,1,2,1,0,0,4,0,1
35,1,2,5,1,10,3,2,13,2,1,4,1,0,0,0,0,1
28,1,2,4,1,0,5,1,9,2,1,2,1,0,0,14,0,1
31,1,2,4,1,13,1,1,12,2,1,1,1,0,0,5,0,1
44,2,2,4,1,1,3,1,12,2,1,3,1,0,0,1,0,1
33,2,2,4,1,13,5,1,12,2,1,3,1,0,0,6,0,1
57,1,2,4,1,1,3,2,13,2,1,4,1,0,0,0,0,1
23,1,2,5,1,20,1,1,12,2,2,1,1,0,0,17,0,1
52,1,2,4,1,16,12,2,12,2,1,0,1,0,0,1,0,1
39,1,2,4,1,13,9,2,12,2,1,1,1,0,0,3,0,1
35,1,2,4,1,13,1,1,12,2,1,3,1,0,0,10,0,1
32,1,1,5,1,20,4,1,13,2,1,5,1,0,0,1,0,1
36,1,1,5,1,1,2,1,8,2,1,1,1,0,0,13,0,1
23,1,2,4,1,13,9,1,12,2,2,2,1,0,0,16,1,1
26,1,2,4,1,0,6,1,12,2,1,2,1,0,0,4,0,1
42,1,1,5,1,13,7,2,13,2,1,1,1,0,0,5,0,1
46,1,2,4,1,3,10,1,12,1,1,5,1,0,0,8,0,1
40,1,2,4,1,16,1,1,10,2,1,2,1,0,0,5,0,1
34,1,2,4,1,16,4,1,12,2,1,5,1,0,0,0,0,1
23,2,2,4,1,14,9,1,13,2,1,2,1,0,0,9,0,1
32,1,2,4,1,13,9,2,13,2,1,3,1,0,0,4,0,1
24,2,1,5,1,13,3,1,8,2,1,2,1,0,0,2,0,1
31,1,2,4,1,13,1,1,13,2,1,3,1,0,0,8,0,1
34,2,1,5,1,13,7,2,12,1,1,3,1,0,0,0,0,1
31,1,2,4,1,20,1,2,13,2,1,3,1,0,0,1,0,1
37,1,2,4,1,14,5,1,12,2,1,3,1,0,0,3,0,1
49,1,1,5,1,10,4,1,12,2,1,2,1,0,0,1,0,1
32,1,2,4,1,13,9,1,12,2,1,5,1,0,0,1,0,1
30,2,2,4,1,20,5,1,9,2,1,0,1,0,0,0,0,1
29,1,2,5,1,13,5,2,12,2,1,1,1,0,0,4,0,1
28,1,1,5,1,1,7,1,13,1,1,2,0,0,0,3,0,1
33,1,1,5,1,9,7,1,13,2,1,3,1,0,0,5,0,1
45,1,1,5,1,20,5,1,12,2,1,3,0,0,0,7,0,0
33,1,2,4,1,20,4,2,13,1,2,1,0,0,0,5,0,0
38,2,2,4,1,13,11,2,13,1,1,3,1,0,0,8,0,1
46,1,1,5,1,16,5,1,9,2,1,2,1,0,0,2,0,1
29,1,2,4,1,13,7,1,13,2,1,1,1,0,0,2,0,1
38,2,2,4,1,20,6,1,12,2,1,2,1,0,0,5,0,1
20,1,1,5,1,20,7,1,13,1,1,3,1,0,0,3,1,1
36,1,1,5,1,20,2,2,12,2,1,0,1,0,0,2,0,0
46,1,2,5,1,20,5,1,12,2,1,2,1,0,0,5,0,1
31,2,2,4,1,13,7,1,13,2,1,2,1,0,0,2,0,1
39,1,2,4,1,20,7,1,13,2,1,2,1,0,0,8,0,1
23,2,1,5,1,20,1,2,13,2,1,3,1,0,0,2,0,1
