Age,Language,Sex,Marital,Has-Credit,Field,Month-of-birth,Day-of-birth,Region,Number_of_credits,Linked-cards,INPS_mln_sum,INPS-yes-no,Score-level,Score-class,Score_point,Changed-phone-number,class-label
1,1.0,0,4.0,1.0,11.0,5.0,1.0,12.0,1.0,1.0,0.6,1.0,0.0,0.0,0.0,0.0,0
1,1.0,1,5.0,1.0,13.0,3.0,2.0,12.0,1.0,1.0,0.8,1.0,0.0,0.0,0.0,0.0,1
1,2.0,0,5.0,1.0,0.0,10.0,2.0,14.0,1.0,1.0,2.5,1.0,0.0,0.0,0.0,0.0,1
1,1.0,1,4.0,1.0,20.0,11.0,1.0,8.0,1.0,1.0,2.1,1.0,4.0,11.0,379.0,0.0,1
1,1.0,1,5.0,1.0,12.0,1.0,2.0,12.0,1.0,1.0,0.9,1.0,0.0,0.0,0.0,0.0,1
1,1.0,0,4.0,1.0,4.0,5.0,2.0,12.0,1.0,1.0,1.1,1.0,0.0,0.0,0.0,0.0,1
1,1.0,1,5.0,1.0,13.0,1.0,2.0,12.0,1.0,1.0,0.9,1.0,0.0,0.0,0.0,0.0,1
1,2.0,0,6.0,1.0,13.0,2.0,1.0,13.0,1.0,1.0,4.1,1.0,0.0,0.0,0.0,0.0,0
1,2.0,1,6.0,1.0,22.0,5.186884,1.0,13.0,1.0,1.0,2.3,1.0,0.0,0.0,0.0,0.0,1
1,1.0,0,5.0,1.0,13.0,10.0,1.0,12.0,1.0,1.0,0.6,1.0,0.0,0.0,0.0,0.0,1
1,1.0,0,4.0,1.0,10.0,6.0,2.0,13.0,1.0,1.0,3.1602004,1.0,0.0,0.0,0.0,0.0,1
1,1.0,0,4.0,1.0,0.0,4.0,1.0,13.0,1.0,1.0,1.3,1.0,0.0,0.0,0.0,0.0,0
1,1.0,0,5.0,1.0,4.0,5.0,1.0,12.0,1.0,1.0,2.4,1.0,0.0,0.0,0.0,0.0,1
1,1.0,0,4.0,1.0,0.0,9.0,1.0,13.0,1.0,1.0,1.7,1.0,0.0,7.0,0.0,3.0,1
1,1.0,0,4.0,1.0,4.0,3.0,2.0,12.0,1.0,1.0,1.0,1.0,0.0,0.0,0.0,0.0,1
1,1.0,0,4.0,1.0,13.0,8.0,2.0,12.0,1.0,1.0,2.7,1.0,0.0,0.0,0.0,0.0,1
0,1.0,1,7.0,1.0,13.0,5.0,1.0,13.0,1.0,1.0,2.0,1.0,0.0,0.0,0.0,0.0,1
1,1.0,1,5.0,1.0,14.0,2.0,1.0,5.0,1.0,1.0,0.1,1.0,0.0,0.0,0.0,0.0,1
1,1.0,0,4.0,1.0,11.0,9.0,2.0,13.0,1.0,1.0,0.7,1.0,0.0,0.0,0.0,0.0,1
0,1.0,0,5.0,1.0,5.0,12.0,1.0,13.0,1.0,1.0,1.2,1.0,0.0,0.0,0.0,0.0,1
1,2.0,0,4.0,1.0,8.0,1.0,1.0,12.0,1.0,1.0,1.2,1.0,0.0,0.0,0.0,3.0,1
1,1.0,1,7.0,1.0,16.0,9.0,1.0,13.0,1.0,1.0,5.1477942,1.0,0.0,0.0,0.0,0.0,1
1,1.0,1,5.0,1.0,13.0,1.0,2.0,12.0,1.0,1.0,1.0,1.0,0.0,0.0,0.0,0.0,1
1,1.0,1,5.0,1.0,11.0,1.0,2.0,13.0,5.0,1.0,0.9,1.0,0.0,0.0,0.0,0.0,1
1,1.0,0,5.0,1.0,22.0,1.0,2.0,12.0,1.0,1.0,2.0,1.0,0.0,0.0,0.0,0.0,1
1,1.0,0,4.0,1.0,13.0,12.0,2.0,7.0,1.0,1.0,1.0,1.0,0.0,0.0,0.0,0.0,1
0,1.0,1,5.0,1.0,13.0,4.0,2.0,9.0,5.0,1.0,0.0,1.0,0.0,0.0,0.0,0.0,1
1,1.0,0,4.0,1.0,13.0,9.0,1.0,12.0,1.0,1.0,0.1,1.0,0.0,0.0,0.0,0.0,1
1,1.0,0,5.0,1.0,0.0,3.0,1.0,8.0,1.0,1.0,0.9,1.0,0.0,0.0,0.0,3.0,0
0,1.0,0,4.0,1.0,10.0,4.0,2.0,10.0,1.0,1.0,0.5,1.0,0.0,0.0,0.0,0.0,1
1,1.0,0,5.0,1.0,22.0,1.0,2.0,13.0,1.0,1.0,86.3,1.0,0.0,0.0,0.0,0.0,1
1,1.0,0,4.0,1.0,13.0,2.0,1.0,12.0,5.0,1.0,1.5,1.0,0.0,0.0,0.0,0.0,1
1,1.0,0,4.0,1.0,13.0,6.0,1.0,7.0,1.0,1.0,1.5,1.0,0.0,0.0,0.0,0.0,1
1,1.0,0,5.0,1.0,4.0,10.0,2.0,13.0,1.0,1.0,0.0,1.0,0.0,0.0,0.0,0.0,1
1,1.0,1,4.0,1.0,11.0,12.0,1.0,12.0,1.0,1.0,0.6,1.0,4.0,6.0,379.0,0.0,1
1,1.0,0,5.0,1.0,6.0,2.0,2.0,0.0,1.0,1.0,0.0,1.0,0.0,0.0,0.0,0.0,1
1,1.0,0,5.0,1.0,13.0,10.0,1.0,12.0,5.0,1.0,2.3,1.0,0.0,0.0,0.0,0.0,1
1,1.0,0,4.0,1.0,13.0,6.0,1.0,13.0,1.0,1.0,0.4,1.0,4.0,11.0,379.0,0.0,1
0,1.0,1,6.0,1.0,13.0,7.0,1.0,14.0,1.0,1.0,3.5,1.0,0.0,0.0,0.0,0.0,1
1,1.0,0,4.0,1.0,13.0,3.0,1.0,13.0,1.0,1.0,1.5,1.0,0.0,0.0,0.0,0.0,1
1,1.0,0,4.0,1.0,4.0,8.0,1.0,13.0,1.0,1.0,1.1,1.0,0.0,0.0,0.0,0.0,1
1,1.0,1,5.0,1.0,10.0,2.0,1.0,13.0,5.0,1.0,0.0,1.0,0.0,0.0,0.0,0.0,1
1,1.0,0,1.0,1.0,22.0,4.0,2.0,12.0,1.0,1.0,3.0,1.0,0.0,0.0,0.0,0.0,1
1,1.0,0,4.0,1.0,22.0,6.2182755,2.0,12.0,1.0,1.0,2.0,1.0,0.0,0.0,0.0,0.0,1
1,1.0,0,1.0,1.0,22.0,12.0,2.0,12.0,1.0,1.0,2.9,1.0,0.0,0.0,0.0,0.0,1
1,1.0,1,4.0,1.0,10.0,3.0,1.0,13.0,1.0,1.0,2.1,1.0,0.0,0.0,0.0,0.0,1
1,1.0,0,4.0,1.0,13.0,9.0,2.0,13.0,1.0,1.0,1.6,1.0,4.0,0.0,379.0,0.0,1
1,1.0,0,4.0,1.0,11.108837,7.0,1.0,13.0,1.0,1.0,0.5,1.0,0.0,0.0,0.0,0.0,0
1,1.0,0,5.0,1.0,13.0,8.0,2.0,12.0,1.0,1.0,2.3,1.0,0.0,0.0,0.0,0.0,1
1,1.0,1,4.0,1.0,22.0,12.0,1.0,13.0,5.0,1.0,0.8,1.0,0.0,0.0,0.0,0.0,1
1,1.0,0,4.0,1.0,16.0,8.0,1.0,12.0,1.0,1.0,0.0,1.0,0.0,0.0,0.0,0.0,1
1,1.0,0,1.0,1.0,16.0,7.0,1.0,9.0,1.0,1.0,4.9,1.0,4.0,6.0,379.0,0.0,1
1,1.0,1,6.0,1.0,13.0,8.0,2.0,12.0,1.0,1.0,1.8,1.0,0.0,0.0,0.0,0.0,1
1,1.0,0,4.0,1.0,16.0,12.0,2.0,12.0,1.0,1.0,1.5,1.0,0.0,0.0,0.0,0.0,1
1,1.0,1,7.0,1.0,13.0,12.0,1.0,12.0,1.0,1.0,1.5,1.0,0.0,0.0,0.0,0.0,1
1,1.0,1,5.0,1.0,13.0,6.0,1.0,13.0,1.0,1.0,3.5,1.0,0.0,0.0,0.0,0.0,1
1,1.0,1,5.0,1.0,1.0,7.0,1.0,13.0,1.0,1.0,1.2,1.0,0.0,0.0,0.0,3.0,0
1,1.0,1,4.0,1.0,11.0,6.0,1.0,13.0,1.0,1.0,0.0,1.0,0.0,0.0,0.0,0.0,1
1,1.0,1,4.0,1.0,14.0,1.0,1.0,13.0,1.0,1.0,3.0,1.0,0.0,0.0,0.0,0.0,1
1,1.0,1,6.0,1.0,14.0,6.0,1.0,14.0,1.0,1.0,1.3,1.0,0.0,0.0,0.0,0.0,1
1,1.0,0,4.0,1.0,13.0,9.0,1.0,12.0,1.0,1.0,86.3,1.0,0.0,0.0,0.0,0.0,1
1,1.0,0,4.0,1.0,4.0,2.0,2.0,14.0,1.0,1.0,1.5,1.0,0.0,0.0,0.0,0.0,1
1,1.0,0,4.0,1.0,0.0,2.0,1.0,12.0,1.0,2.0,2.2,1.0,0.0,0.0,0.0,3.0,0
1,1.0,0,4.0,1.0,4.0,1.0,1.0,13.0,5.0,2.0,2.0,1.0,0.0,0.0,0.0,3.0,0
1,1.0,0,4.0,1.0,0.0,9.0,1.0,11.0,1.0,1.0,1.2,1.0,0.0,0.0,0.0,0.0,1
1,1.0,0,5.0,1.0,2.0,7.0,2.0,12.0,1.0,1.0,1.3,1.0,0.0,0.0,0.0,0.0,1
1,1.0,0,4.0,1.0,6.0,1.0,1.0,12.0,5.0,1.0,4.0,1.0,0.0,0.0,0.0,0.0,1
1,1.0,1,5.0,1.0,10.0,8.0,1.0,13.0,1.0,1.0,0.0,1.0,0.0,0.0,0.0,0.0,0
1,1.0,0,4.0,1.0,4.0,8.0,1.0,11.0,1.0,1.0,1.7,1.0,0.0,0.0,0.0,0.0,1
0,1.0,0,5.0,1.0,1.0,4.0,1.0,10.0,1.0,1.0,86.3,1.0,0.0,0.0,0.0,0.0,1
1,1.0,0,4.0,1.0,13.0,2.0,2.0,13.0,1.0,1.0,0.9,1.0,0.0,0.0,0.0,0.0,1
1,1.0,1,5.0,1.0,1.0,7.0,1.0,12.0,1.0,1.0,4.3,1.0,0.0,0.0,0.0,0.0,1
1,1.0,0,1.0,1.0,16.0,6.0,1.0,12.0,1.0,1.0,2.4,1.0,4.0,11.0,379.0,0.0,1
1,1.0,0,4.0,1.0,15.0,6.0,1.0,12.0,1.0,1.0,0.7,1.0,0.0,0.0,0.0,0.0,1
1,1.0,0,4.0,1.0,0.0,5.0,1.0,12.0,1.0,1.0,5.0,1.0,0.0,0.0,0.0,0.0,0
0,2.0,1,4.0,1.0,19.75366,7.0,1.0,13.0,1.0,1.0,1.9,1.0,0.0,0.0,0.0,0.0,1
0,2.0,0,4.0,1.0,10.0,12.0,1.0,13.0,1.0,1.0,2.7,1.0,0.0,0.0,0.0,0.0,1
1,1.0,0,4.0,1.0,13.0,1.0,1.0,13.0,5.0,1.0,1.0,1.0,0.0,0.0,0.0,0.0,1
1,1.0,0,4.0,1.0,13.0,9.0,1.0,12.0,1.0,1.0,86.3,1.0,0.0,0.0,0.0,0.0,1
1,1.0,1,4.0,1.0,4.0,10.0,2.0,12.0,1.0,1.0,1.9,1.0,0.0,0.0,0.0,0.0,1
1,2.0,0,4.0,1.0,3.0,8.0,1.0,13.0,1.0,1.0,86.3,1.0,0.0,0.0,0.0,0.0,1
1,1.0,0,4.0,1.0,0.0,2.0,1.0,12.0,1.0,1.0,1.3,1.0,0.0,0.0,0.0,3.0,0
1,1.0,0,5.0,1.0,8.0,7.0,1.0,12.0,1.0,1.0,1.4,1.0,0.0,0.0,0.0,0.0,1
0,1.0,0,5.0,1.0,13.0,7.0,1.0,12.0,1.0,1.0,1.8,1.0,0.0,0.0,0.0,0.0,1
1,1.0,0,4.0,1.0,13.0,4.0,1.0,14.0,1.0,1.0,1.9,1.0,0.0,0.0,0.0,0.0,1
1,1.0,0,5.0,1.0,4.0,6.0,1.0,13.0,1.0,1.0,1.3,1.0,0.0,0.0,0.0,0.0,1
1,1.0,0,5.0,1.0,4.0,4.0,1.0,12.0,5.0,1.0,2.0,1.0,0.0,0.0,0.0,0.0,1
1,1.0,0,4.0,1.0,13.0,8.0,1.0,2.0,1.0,1.0,2.7,1.0,0.0,0.0,0.0,0.0,1
1,1.0,0,4.0,1.0,4.0,9.0,2.0,14.0,1.0,1.0,3.6,1.0,0.0,0.0,0.0,0.0,1
1,1.0,0,4.0,1.0,10.0,8.0,2.0,13.0,1.0,1.0,10.60129,1.0,0.0,0.0,0.0,0.0,1
1,1.0,1,7.0,1.0,16.0,12.0,1.0,14.0,1.0,1.0,3.7,1.0,0.0,0.0,0.0,0.0,1
0,2.0,1,5.0,1.0,13.0,6.0,2.0,14.0,1.0,1.0,86.3,1.0,0.0,0.0,0.0,0.0,1
1,1.0,1,5.0,1.0,13.0,6.0,2.0,12.0,1.0,1.0,0.0,1.0,0.0,0.0,0.0,0.0,1
1,1.0,1,5.0,1.0,1.0,6.0,1.0,14.0,1.0,1.0,2.7,1.0,0.0,0.0,0.0,0.0,1
0,2.0,0,4.0,1.0,22.0,4.0,2.0,13.0,1.0,1.0,86.3,1.0,0.0,0.0,0.0,0.0,1
1,1.0,0,4.0,1.0,8.0,10.0,2.0,12.0,1.0,1.0,0.0,1.0,0.0,0.0,0.0,0.0,1
1,1.0,1,5.0,1.0,16.0,11.0,1.0,14.0,1.0,1.0,1.3,1.0,0.0,0.0,0.0,0.0,1
1,1.0,0,4.0,1.0,13.0,1.0,1.0,13.0,5.0,1.0,1.5,1.0,0.0,0.0,0.0,0.0,1
0,1.0,1,6.0,1.0,14.679484,4.0,1.0,12.0,1.0,1.0,1.5,1.0,0.0,0.0,0.0,0.0,1
0,1.0,0,5.0,1.0,0.0,10.0,1.0,0.0,5.0,1.0,0.8,1.0,0.0,0.0,0.0,0.0,1
1,1.0,1,5.0,1.0,4.0,5.0,1.0,9.0,1.0,1.0,2.5,1.0,0.0,0.0,0.0,0.0,1
1,1.0,1,4.0,1.0,4.0,6.0,1.0,13.0,1.0,1.0,1.0,1.0,0.0,0.0,0.0,0.0,0
1,1.0,1,5.0,1.0,11.0,8.0,2.0,12.0,1.0,1.0,1.8,1.0,0.0,0.0,0.0,0.0,1
1,1.0,0,4.0,1.0,2.0,8.0,2.0,12.0,1.0,1.0,3.1,1.0,0.0,0.0,0.0,0.0,1
1,1.0,0,4.0,1.0,16.0,1.0,2.0,12.0,1.0,1.0,2.3,1.0,3.0,0.0,267.0,0.0,1
1,1.0,0,4.0,1.0,22.0,9.0,2.0,13.0,1.0,1.0,2.3,1.0,0.0,0.0,0.0,0.0,1
1,2.0,0,4.0,1.0,10.0,5.0,2.0,12.0,1.0,1.0,1.0,1.0,0.0,0.0,0.0,0.0,1
1,1.0,0,5.0,1.0,4.0,1.0,1.0,12.0,1.0,1.0,2.0,1.0,0.0,0.0,0.0,0.0,1
1,1.0,0,4.0,1.0,0.0,6.0,2.0,13.0,1.0,1.0,0.2,1.0,0.0,0.0,0.0,0.0,1
1,1.0,0,4.0,1.0,13.0,7.0,2.0,13.0,1.0,1.0,2.0,1.0,0.0,0.0,0.0,0.0,1
1,1.0,0,4.0,1.0,13.0,3.0,2.0,12.0,1.0,1.0,0.9,1.0,0.0,0.0,0.0,0.0,1
1,1.0,0,4.0,1.0,11.0,12.0,2.0,7.0,1.0,1.0,0.0,1.0,0.0,0.0,0.0,0.0,1
1,1.0,1,5.0,1.0,22.0,5.0,1.0,13.0,1.0,1.0,1.8,1.0,0.0,0.0,0.0,0.0,1
1,2.0,1,5.0,1.0,11.0,12.0,2.0,12.0,1.0,1.0,1.1,1.0,0.0,0.0,0.0,0.0,1
1,1.0,0,4.0,1.0,0.0,8.0,1.0,13.0,1.0,1.0,1.6839061,1.0,0.0,0.0,0.0,0.0,1
1,1.0,0,4.0,1.0,13.0,4.0,2.0,12.0,1.0,1.0,1.0,1.0,0.0,0.0,0.0,0.0,1
1,1.0,1,5.0,1.0,10.0,6.0,1.0,13.0,1.0,1.0,1.1,1.0,0.0,0.0,0.0,0.0,1
1,1.0,1,5.0,1.0,13.0,2.0,2.0,13.0,1.0,1.0,1.4,1.0,0.0,0.0,0.0,0.0,1
1,1.0,0,4.0,1.0,13.0,3.0,1.0,12.0,1.0,1.0,2.8,1.0,4.0,11.0,379.0,0.0,1
1,1.0,1,5.0,1.0,13.0,7.0,1.0,13.0,1.0,1.0,0.0,1.0,0.0,0.0,0.0,0.0,1
0,1.0,1,5.0,1.0,10.0,11.0,1.0,12.0,1.0,1.0,1.9,1.0,0.0,0.0,0.0,0.0,1
1,1.0,1,5.0,1.0,13.0,4.0,1.0,13.0,1.0,1.0,1.8,1.0,0.0,0.0,0.0,0.0,1
0,1.0,1,5.0,1.0,13.0,3.0,1.0,9.0,5.0,1.0,1.0,1.0,0.0,0.0,0.0,0.0,1
1,1.0,1,5.0,1.0,22.0,1.0,1.0,14.0,5.0,1.0,3.3,1.0,0.0,0.0,0.0,0.0,1
1,1.0,0,4.0,1.0,10.0,12.0,1.0,12.0,1.0,1.0,1.7,1.0,0.0,0.0,0.0,0.0,1
1,1.0,1,5.0,1.0,14.0,1.0,2.0,12.0,1.0,1.0,1.8,1.0,0.0,0.0,0.0,0.0,1
1,1.0,0,1.0,1.0,22.0,5.0,1.0,12.0,1.0,1.0,1.5,1.0,0.0,0.0,0.0,0.0,1
1,1.0,0,5.0,1.0,11.0,1.0,1.0,14.0,1.0,1.0,3.6,1.0,0.0,0.0,0.0,0.0,1
1,1.0,0,4.0,1.0,11.0,1.0,2.0,12.0,1.0,1.0,0.0,1.0,0.0,0.0,0.0,0.0,1
1,1.0,0,5.0,1.0,10.0,12.0,1.0,13.0,1.0,1.0,0.6,1.0,3.0,7.0,379.0,0.0,1
1,1.0,0,4.0,1.0,4.0,12.0,1.0,12.0,1.0,1.0,0.0,1.0,0.0,0.0,0.0,0.0,0
1,1.0,1,5.0,1.0,14.0,1.0,2.0,12.0,1.0,1.0,1.0,1.0,0.0,0.0,0.0,0.0,1
1,1.0,1,4.0,1.0,22.0,7.2316685,1.0,13.0,1.0,1.0,2.3,1.0,0.0,0.0,0.0,0.0,1
1,1.0,1,4.0,1.0,22.0,6.0,1.0,12.0,1.0,1.0,1.7,1.0,4.0,11.0,379.0,0.0,1
1,1.0,1,5.0,1.0,13.0,11.0,2.0,12.0,1.0,1.0,1.0,1.0,0.0,0.0,0.0,0.0,1
1,2.0,0,5.0,1.0,0.0,4.0,1.0,12.0,1.0,1.0,1.9,1.0,0.0,0.0,0.0,1.0,0
1,1.0,0,4.0,1.0,12.0,6.0,1.0,0.0,1.0,1.0,0.3,1.0,0.0,0.0,0.0,0.0,0
1,1.0,0,4.0,1.0,22.0,6.0,2.0,12.0,1.0,1.0,1.1,1.0,0.0,0.0,0.0,0.0,1
1,1.0,0,4.0,1.0,4.0,6.0,1.0,12.0,1.0,1.0,3.1,1.0,0.0,0.0,0.0,0.0,1
1,1.0,0,4.0,1.0,4.0,7.0,2.0,6.0,1.0,1.0,1.3,1.0,0.0,0.0,0.0,0.0,1
1,1.0,1,5.0,1.0,13.0,5.0,1.0,13.0,1.0,1.0,0.0,1.0,0.0,0.0,0.0,0.0,1
1,1.0,1,5.0,1.0,22.0,1.0,1.0,14.0,1.0,1.0,3.5,1.0,0.0,0.0,0.0,0.0,1
1,1.0,1,6.0,1.0,22.0,9.0,2.0,12.0,1.0,1.0,86.3,1.0,0.0,0.0,0.0,0.0,1
1,1.0,1,5.0,1.0,13.0,7.0,2.0,12.0,1.0,1.0,0.5,1.0,0.0,0.0,0.0,0.0,1
1,2.0,1,4.0,1.0,13.0,12.0,2.0,13.0,1.0,1.0,86.3,1.0,0.0,0.0,0.0,0.0,1
0,1.0,1,5.0,1.0,13.0,10.0,1.0,12.0,1.0,1.0,1.0,1.0,0.0,0.0,0.0,0.0,1
1,1.0,1,5.0,1.0,13.0,9.0,1.0,12.0,1.0,1.0,0.0,1.0,0.0,0.0,0.0,0.0,1
1,1.0,1,5.0,1.0,16.0,1.0,1.0,13.0,1.0,1.0,0.9,1.0,0.0,0.0,0.0,0.0,1
1,1.0,0,5.0,1.0,13.0,9.0,2.0,12.0,1.0,1.0,0.4,1.0,0.0,0.0,0.0,0.0,1
1,1.0,0,1.0,1.0,14.0,8.0,1.0,13.0,1.0,1.0,0.7,1.0,0.0,0.0,0.0,0.0,1
1,1.0,0,4.0,1.0,0.0,12.0,1.0,12.0,1.0,1.0,2.0,1.0,0.0,0.0,0.0,0.0,0
1,1.0,1,5.0,1.0,13.0,5.0,1.0,12.0,1.0,1.0,2.1,1.0,0.0,0.0,0.0,0.0,1
1,1.0,0,4.0,1.0,11.0,3.0,1.0,12.0,1.0,1.0,1.1,1.0,0.0,0.0,115.83613,0.0,1
1,1.0,1,5.0,1.0,22.0,6.0,1.0,13.0,1.0,1.0,0.0,1.0,0.0,0.0,0.0,0.0,1
1,1.0,1,5.0,1.0,14.0,6.0,2.0,12.0,1.0,1.0,1.1,1.0,0.0,0.0,0.0,0.0,1
1,1.0,0,2.0,1.0,22.0,7.0,2.0,0.0,1.0,1.0,4.0,1.0,0.0,0.0,0.0,0.0,1
0,1.0,0,5.0,1.0,12.0,5.0,1.0,7.0,1.0,1.0,3.2,1.0,0.0,0.0,0.0,0.0,1
1,1.0,0,5.0,1.0,2.0,5.0,1.0,12.0,1.0,1.0,3.3,1.0,0.0,0.0,0.0,0.0,1
1,1.0,1,7.0,1.0,22.0,12.0,1.0,13.0,1.0,1.0,0.0,1.0,0.0,0.0,0.0,0.0,1
0,1.0,0,4.0,1.0,13.0,1.0,1.0,14.0,5.0,1.0,86.3,1.0,0.0,0.0,0.0,0.0,1
1,1.0,0,4.0,1.0,13.0,6.0,1.0,12.0,1.0,1.0,1.0,1.0,0.0,0.0,0.0,0.0,1
0,1.0,1,4.0,1.0,4.0,12.0,2.0,2.0,1.0,1.0,0.8,1.0,0.0,0.0,0.0,0.0,1
1,1.0,0,4.0,1.0,13.0,1.0,1.0,0.0,1.0,1.0,0.6,1.0,0.0,0.0,0.0,0.0,1
1,1.0,0,4.0,1.0,4.0,7.0,1.0,12.0,1.0,1.0,0.9,1.0,0.0,0.0,0.0,0.0,1
1,1.0,0,4.0,1.0,13.0,1.0,2.0,12.0,1.0,1.0,1.0,1.0,0.0,0.0,0.0,0.0,1
0,1.0,0,4.0,1.0,11.0,5.0,1.0,6.0,1.0,1.0,0.9,1.0,0.0,0.0,0.0,0.0,1
1,1.0,0,4.0,1.0,22.0,12.0,1.0,12.0,1.0,1.0,0.2,1.0,0.0,0.0,0.0,0.0,1
1,1.0,1,5.0,1.0,6.0,12.0,1.0,2.0,5.0,1.0,1.3,1.0,0.0,0.0,0.0,0.0,1
1,1.0,0,5.0,1.0,4.0,4.0,1.0,13.0,1.0,1.0,0.6,1.0,0.0,0.0,0.0,0.0,0
0,1.0,0,4.0,1.0,16.0,4.0,2.0,13.0,1.0,1.0,1.3,1.0,0.0,0.0,0.0,0.0,1
1,1.0,1,5.0,1.0,16.0,4.0,1.0,14.0,1.0,1.0,2.6,1.0,0.0,0.0,0.0,0.0,1
1,1.0,0,4.0,1.0,13.0,10.0,1.0,1.0,1.0,1.0,5.9,1.0,0.0,0.0,0.0,0.0,1
1,1.0,1,5.0,1.0,9.0,6.0,2.0,13.0,1.0,1.0,2.0,1.0,0.0,0.0,0.0,0.0,1
1,1.0,1,4.0,1.0,13.0,6.0,2.0,13.0,5.0,1.0,0.5,1.0,0.0,0.0,0.0,0.0,1
0,1.0,1,7.0,1.0,22.0,2.0,1.0,13.0,1.0,1.0,2.4,1.0,0.0,0.0,0.0,0.0,1
1,1.0,0,4.0,1.0,13.0,2.0,1.0,12.0,1.0,1.0,0.9,1.0,0.0,0.0,0.0,0.0,1
1,1.0,0,4.0,1.0,13.0,12.0,1.0,13.0,1.0,1.0,2.0,1.0,0.0,0.0,0.0,0.0,1
1,1.0,0,4.0,1.0,11.0,7.0,2.0,12.0,1.0,1.0,0.0,1.0,0.0,0.0,0.0,0.0,1
0,1.0,0,4.0,1.0,13.0,7.0,2.0,9.0,1.0,1.0,1.0,1.0,0.0,0.0,0.0,0.0,1
1,1.0,0,5.0,1.0,15.0,1.0,1.0,14.0,1.0,1.0,2.9,1.0,0.0,0.0,0.0,0.0,1
0,1.0,0,4.0,1.0,16.0,12.0,1.0,0.0,1.0,1.0,2.6,1.0,0.0,0.0,0.0,0.0,1
1,1.0,0,4.0,1.0,14.0,3.0,1.0,12.0,1.0,1.0,0.0,1.0,0.0,0.0,0.0,0.0,1
1,1.0,1,4.0,1.0,5.0,1.0,2.0,13.0,1.0,1.0,1.6,1.0,0.0,0.0,0.0,0.0,1
1,1.0,0,4.0,1.0,16.0,6.0,2.0,2.0,1.0,1.0,1.8774766,1.0,0.0,0.0,0.0,0.0,1
0,1.0,0,4.0,1.0,14.0,8.0,2.0,0.0,1.0,1.0,5.9,1.0,0.0,0.0,223.0,0.0,1
1,1.0,0,4.0,1.0,1.0,3.0,1.0,13.0,1.0,1.0,1.0,1.0,0.0,0.0,0.0,0.0,0
1,1.0,0,4.0,1.0,1.0,5.0,1.0,13.0,1.0,1.0,4.9606485,1.0,0.0,0.0,0.0,0.0,1
1,1.0,1,5.0,1.0,1.0,12.0,2.0,14.0,1.0,1.0,86.3,1.0,0.0,0.0,0.0,0.0,1
1,1.0,1,5.0,1.0,4.0,10.0,2.0,14.0,1.0,1.0,2.0,1.0,0.0,0.0,0.0,0.0,1
1,1.0,0,4.0,1.0,10.0,10.0,1.0,13.0,1.0,1.0,1.0,1.0,4.0,11.0,379.0,0.0,1
1,1.0,0,4.0,1.0,13.0,6.0,1.0,4.0,1.0,1.0,1.8,1.0,0.0,0.0,0.0,0.0,1
0,1.0,1,6.488283,1.0,22.0,3.0,1.0,12.0,1.0,1.0,86.3,1.0,0.0,0.0,0.0,0.0,1
1,1.0,0,4.0,1.0,11.0,1.0,2.0,8.0,1.0,1.0,2.2,1.0,0.0,0.0,0.0,0.0,1
1,1.0,0,4.0,1.0,2.0,2.0,1.0,12.0,1.0,1.0,0.6,1.0,0.0,0.0,0.0,0.0,1
1,1.0,0,4.0,1.0,13.0,7.0,1.0,0.0,1.0,1.0,0.3,1.0,0.0,0.0,0.0,0.0,1
1,1.0,1,5.0,1.0,10.0,7.0,1.0,13.0,1.0,1.0,1.1,1.0,0.0,0.0,0.0,0.0,1
1,1.0,0,4.0,1.0,20.0,2.0,2.0,6.0,1.0,1.0,0.9,1.0,0.0,0.0,0.0,0.0,1
1,1.0,0,5.0,1.0,13.0,1.0,1.0,13.0,1.0,1.0,1.7,1.0,0.0,0.0,0.0,0.0,1
1,1.0,0,4.0,1.0,13.0,4.0,2.0,12.0,1.0,1.0,0.8,1.0,0.0,0.0,0.0,0.0,1
1,1.0,1,5.0,1.0,5.0,10.0,1.0,13.0,1.0,1.0,1.3,1.0,0.0,0.0,0.0,0.0,1
1,1.0,0,4.0,1.0,13.0,1.0,2.0,9.0,1.0,1.0,0.31263322,1.0,0.0,0.0,0.0,0.0,1
0,1.0,1,5.0,1.0,13.0,2.0,2.0,9.0,1.0,1.0,0.0,1.0,0.0,0.0,0.0,0.0,1
1,1.0,0,4.0,1.0,4.0,6.0,1.0,13.0,1.0,1.0,2.4,1.0,0.0,0.0,0.0,0.0,1
1,1.0,1,5.0,1.0,11.0,4.0,2.0,12.0,5.0,1.0,0.5,1.0,0.0,0.0,0.0,0.0,1
1,1.0,1,4.0,1.0,10.0,7.0,1.0,5.0,1.0,1.0,0.4,1.0,3.0,6.0,293.0,0.0,1
1,1.0,0,5.0,1.0,13.0,10.0,2.0,0.0,1.0,1.0,1.1,1.0,0.0,0.0,0.0,0.0,1
0,1.0,1,5.0,1.0,13.0,12.0,2.0,0.0,1.0,1.0,3.0,1.0,0.0,0.0,0.0,0.0,1
1,1.0,0,4.0,1.0,4.0,4.0,1.0,0.0,1.0,1.0,1.2,1.0,0.0,0.0,0.0,0.0,1
1,1.0,0,5.0,1.0,1.0,5.0,2.0,12.0,1.0,1.0,1.0,1.0,0.0,0.0,0.0,0.0,1
1,1.0,1,6.0,1.0,13.0,5.0,1.0,13.0,1.0,1.0,2.2,1.0,0.0,0.0,0.0,0.0,1
1,1.0,0,4.0,1.0,14.0,7.0,2.0,12.0,1.0,1.0,3.6,1.0,0.0,0.0,0.0,0.0,1
0,1.0,1,4.0,1.0,22.0,6.0,1.0,14.0,1.0,1.0,4.0,1.0,0.0,0.0,0.0,0.0,1
0,1.0,0,5.0,1.0,7.0,12.0,1.0,13.0,1.0,1.0,86.3,1.0,0.0,0.0,0.0,0.0,1
1,1.0,1,5.0,1.0,13.0,6.0,2.0,12.0,1.0,1.0,1.4,1.0,0.0,0.0,0.0,0.0,1
1,2.0,0,4.0,1.0,13.0,3.0,2.0,13.0,1.0,1.0,1.2,1.0,0.0,0.0,0.0,0.0,1
0,1.0,0,5.0,1.0,10.0,12.0,1.0,12.0,1.0,1.0,86.3,1.0,0.0,0.0,0.0,0.0,1
0,2.0,1,4.0,1.0,13.0,12.0,2.0,13.0,1.0,1.0,2.0,1.0,0.0,0.0,0.0,0.0,1
1,1.0,1,4.0,1.0,16.0,2.0,1.0,14.0,1.0,1.0,2.4,1.0,0.0,0.0,0.0,0.0,1
1,1.0,0,5.0,1.0,4.0,10.0,2.0,12.0,1.0,1.0,1.8,1.0,0.0,0.0,0.0,0.0,1
1,1.0,1,5.0,1.0,4.0,7.0,1.0,12.0,1.0,1.0,0.8,1.0,0.0,0.0,0.0,0.0,1
1,1.0,1,5.0,1.0,13.0,6.0,2.0,13.0,1.0,1.0,3.0,1.0,0.0,0.0,0.0,0.0,1
1,1.0,0,4.0,1.0,0.0,8.0,2.0,13.0,1.0,1.0,3.0,1.0,0.0,0.0,0.0,0.0,1
1,1.0,0,4.0,1.0,13.0,4.0,2.0,10.0,1.0,1.0,0.5,1.0,0.0,0.0,0.0,0.0,1
0,1.0,1,5.0,1.0,11.0,7.0,1.0,12.0,1.0,1.0,0.6,1.0,0.0,0.0,0.0,0.0,1
1,1.0,0,4.0,1.0,3.2269688,3.0,1.0,12.0,1.0,1.0,86.3,1.0,0.0,0.0,0.0,0.0,1
1,1.0,0,5.0,1.0,13.0,1.0,1.0,12.0,1.0,1.0,0.0,1.0,0.0,0.0,0.0,0.0,1
1,1.0,0,4.0,1.0,13.0,3.0,1.0,12.0,1.0,1.0,86.3,1.0,0.0,0.0,0.0,0.0,1
0,1.0,0,4.0,1.0,16.0,1.0,1.0,13.0,1.0,1.0,0.0,1.0,0.0,0.0,0.0,0.0,1
0,1.0,1,4.0,1.0,22.0,6.0,1.0,13.0,1.0,1.0,86.3,1.0,0.0,0.0,0.0,0.0,1
1,1.0,1,5.0,1.0,13.0,4.0,2.0,12.0,1.0,1.0,0.8,1.0,0.0,0.0,0.0,0.0,1
1,1.0,1,5.0,1.0,13.0,5.0,1.0,12.0,1.0,1.0,3.0,1.0,0.0,0.0,0.0,0.0,1
1,1.0,0,4.0,1.0,14.0,5.0,2.0,12.0,1.0,1.0,0.9,1.0,0.0,0.0,0.0,0.0,1
1,1.0,0,4.0,1.0,13.0,8.0,2.0,13.0,1.0,1.0,3.4,1.0,0.0,0.0,0.0,0.0,1
1,1.0,1,6.0,1.0,9.0,9.0,2.0,13.0,1.0,1.0,1.7,1.0,0.0,0.0,0.0,0.0,1
1,2.0,0,4.0,1.0,3.0,1.0,1.0,12.0,1.0,1.0,1.1,1.0,0.0,0.0,0.0,0.0,1
1,2.0,0,5.0,1.0,8.273631,9.0,2.0,13.0,1.0,1.0,2.5,1.0,0.0,0.0,0.0,0.0,1
1,1.0,1,4.0,1.0,13.0,6.0,1.0,14.0,1.0,1.0,86.3,1.0,0.0,0.0,0.0,0.0,0
1,1.0,0,5.0,1.0,13.0,9.0,1.0,0.0,1.0,1.0,2.1,1.0,0.0,0.0,0.0,0.0,1
1,1.0,0,4.0,1.0,16.0,10.0,2.0,12.0,1.0,1.0,86.3,1.0,0.0,0.0,0.0,0.0,1
1,1.0,0,4.0,1.0,13.0,6.0,2.0,13.0,1.0,1.0,0.6276653,1.0,0.0,0.0,0.0,0.0,1
1,1.0,0,4.0,1.0,10.0,1.0,2.0,12.0,1.0,1.0,4.0,1.0,0.0,0.0,0.0,0.0,1
1,1.0,0,4.0,1.0,16.0,6.0,1.0,13.0,1.0,1.0,0.2,1.0,0.0,0.0,0.0,0.0,1
1,1.0,0,1.0,1.0,11.0,12.0,1.0,13.0,1.0,1.0,1.7,1.0,3.0,11.0,293.0,0.0,1
1,1.0,0,1.0,1.0,10.0,4.0,1.0,10.0,1.0,2.0,86.3,1.0,4.0,11.0,379.0,0.0,1
1,1.0,1,5.0,1.0,16.0,9.0,1.0,12.0,1.0,1.0,0.9,1.0,0.0,0.0,0.0,0.0,1
1,1.0,0,4.0,1.0,13.0,11.0,2.0,13.0,1.0,1.0,2.0,1.0,0.0,0.0,0.0,0.0,1
0,1.0,1,5.0,1.0,13.0,4.0,1.0,13.0,1.0,1.0,3.2843788,1.0,0.0,0.0,0.0,0.0,1
1,1.0,0,4.0,1.0,11.0,3.0,1.0,9.0,5.0,1.0,2.3,1.0,4.0,11.0,379.0,0.0,0
1,1.0,1,5.0,1.0,12.0,4.0,2.0,12.0,1.0,1.0,1.3,1.0,0.0,0.0,0.0,0.0,1
1,2.0,1,4.0,1.0,13.0,4.0,1.0,12.0,1.0,1.0,4.5,1.0,0.0,0.0,0.0,0.0,1
1,1.0,0,4.0,1.0,16.0,8.0,2.0,8.0,1.0,1.0,86.3,1.0,0.0,0.0,0.0,0.0,1
1,1.0,0,4.0,1.0,0.0,9.0,1.0,12.0,1.0,1.0,1.5,1.0,0.0,0.0,0.0,0.0,1
1,1.0,0,4.0,1.0,13.0,7.0,1.0,13.0,1.0,1.0,0.9,1.0,0.0,0.0,0.0,0.0,1
1,1.0,0,5.0,1.0,0.0,8.0,1.0,13.0,1.0,1.0,1.6,1.0,0.0,0.0,0.0,3.0,1
1,1.0,1,4.0,1.0,16.0,7.0,2.0,0.0,1.0,1.0,0.9,1.0,0.0,0.0,0.0,0.0,1
1,1.0,1,4.0,1.0,22.0,12.0,2.0,12.0,1.0,1.0,0.2,1.0,0.0,0.0,0.0,0.0,1
1,1.0,0,4.0,1.0,14.0,4.0,2.0,13.0,1.0,1.0,0.6,1.0,0.0,0.0,0.0,0.0,1
1,1.0,0,4.0,1.0,13.0,9.0,2.0,12.0,1.0,1.0,0.5,1.0,0.0,0.0,0.0,0.0,1
0,1.0,0,4.0,1.0,16.0,6.0,1.0,12.0,1.0,1.0,0.9,1.0,0.0,0.0,0.0,0.0,1
1,1.0,0,4.0,1.0,13.0,2.0,1.0,13.0,3.0,1.0,2.1,1.0,0.0,0.0,0.0,0.0,1
0,1.0,0,5.0,1.0,1.0,5.0,1.0,12.0,1.0,1.0,0.9,1.0,0.0,0.0,0.0,0.0,1
1,1.0,1,4.0,1.0,14.0,4.0,1.0,12.0,1.0,1.0,0.0,1.0,0.0,0.0,0.0,0.0,1
1,1.0,1,5.0,1.0,13.0,8.0,1.0,12.0,1.0,1.0,0.0,1.0,0.0,0.0,0.0,0.0,1
1,1.0,0,5.0,1.0,2.0,10.0,1.0,12.0,1.0,1.0,0.0,1.0,0.0,0.0,0.0,0.0,1
1,2.0,0,5.0,1.0,11.0,7.0,2.0,13.0,1.0,1.0,2.6,1.0,0.0,0.0,0.0,0.0,1
1,1.0,1,6.0,1.0,16.0,8.0,1.0,12.0,1.0,1.0,0.6,1.0,0.0,0.0,0.0,0.0,1
1,1.0,0,1.0,1.0,13.0,10.0,1.0,12.0,1.0,1.0,86.3,1.0,4.0,11.0,379.0,0.0,1
0,1.0,0,4.0,1.0,13.0,8.0,1.0,12.0,1.0,1.0,1.7,1.0,0.0,0.0,0.0,0.0,1
1,1.0,1,5.0,1.0,13.0,6.0,2.0,13.0,1.0,1.0,0.8,1.0,0.0,0.0,0.0,0.0,1
1,1.0,1,4.0,1.0,13.0,3.0,1.0,0.0,1.0,1.0,3.2,1.0,4.0,11.0,379.0,0.0,1
1,1.0,0,4.0,1.0,0.0,9.0,2.0,13.0,1.0,1.0,0.9,1.0,0.0,0.0,0.0,0.0,0
1,1.0,1,5.0,1.0,11.0,9.0,1.0,13.0,1.0,1.0,1.4841917,1.0,0.0,0.0,0.0,0.0,1
1,1.0,1,4.0,1.0,16.0,3.0,1.0,12.0,1.0,1.0,0.8,1.0,0.0,0.0,0.0,0.0,1
1,1.0,1,6.0,1.0,13.0,3.0,1.0,13.0,1.0,1.0,1.9,1.0,0.0,0.0,0.0,0.0,1
1,1.0,0,4.0,1.0,13.0,3.0,1.0,12.0,1.0,1.0,0.0,1.0,0.0,0.0,0.0,0.0,1
1,1.0,0,4.0,1.0,4.0,5.0,1.0,8.0,1.0,1.0,1.1,1.0,0.0,0.0,0.0,0.0,0
1,1.0,0,4.0,1.0,9.0,7.0,1.0,11.0,1.0,1.0,3.1,1.0,0.0,0.0,0.0,0.0,1
0,1.0,1,5.0,1.0,13.0,12.0,2.0,12.0,1.0,1.0,86.3,1.0,0.0,0.0,0.0,0.0,1
1,1.0,0,4.0,1.0,4.0,7.0,1.0,13.0,1.0,1.0,4.0,1.0,3.0,7.0,281.0,0.0,0
1,1.0,0,4.0,1.0,13.0,3.0,2.0,12.0,1.0,1.0,0.0,1.0,0.0,0.0,0.0,0.0,1
1,1.0,0,4.0,1.0,13.0,12.0,2.0,12.0,1.0,1.0,1.9,1.0,0.0,0.0,0.0,0.0,1
1,1.0,1,4.0,1.0,13.0,12.0,2.0,13.0,1.0,1.0,1.4,1.0,0.0,0.0,0.0,0.0,1
0,1.0,0,4.0,1.0,12.0,5.0,2.0,13.0,5.0,1.0,1.8,1.0,0.0,0.0,0.0,0.0,1
1,1.0,0,4.0,1.0,13.0,12.0,1.0,12.0,1.0,1.0,0.8,1.0,0.0,0.0,0.0,0.0,1
1,1.0,0,5.0,1.0,13.0,6.0,1.0,12.0,1.0,1.0,1.9,1.0,0.0,0.0,0.0,0.0,1
0,2.0,1,5.0,1.0,13.0,7.0,2.0,9.0,1.0,1.0,0.0,1.0,0.0,0.0,0.0,0.0,1
1,1.0,0,4.0,1.0,13.0,3.0,2.0,12.0,1.0,1.0,1.9,1.0,0.0,0.0,0.0,0.0,1
1,1.0,1,5.0,1.0,13.0,6.0,2.0,13.0,1.0,1.0,0.8,1.0,0.0,0.0,0.0,0.0,1
1,1.0,0,4.0,1.0,4.0,1.0,1.0,12.0,1.0,1.0,2.0,1.0,0.0,0.0,0.0,0.0,1
1,1.0,1,5.0,1.0,11.0,8.0,2.0,10.0,1.0,1.0,1.8,1.0,0.0,0.0,0.0,0.0,1
1,1.0,1,5.0,1.0,13.0,6.0,1.0,13.0,5.0,1.0,0.0,1.0,0.0,0.0,0.0,0.0,1
1,1.0,1,4.0,1.0,4.0,4.0,1.0,12.0,1.0,1.0,1.2,1.0,0.0,0.0,0.0,0.0,0
1,1.0,0,4.0,1.0,16.0,11.0,1.0,12.0,1.0,1.0,1.6248794,1.0,0.0,0.0,0.0,0.0,1
1,1.0,1,5.0,1.0,13.0,1.0,2.0,13.0,1.0,1.0,3.1,1.0,0.0,0.0,0.0,0.0,1
1,1.0,0,4.0,1.0,13.0,7.0,2.0,13.0,1.0,1.0,1.1,1.0,0.0,0.0,0.0,0.0,1
1,1.0,1,5.0,1.0,13.0,7.0,1.0,0.0,1.0,1.0,1.4,1.0,0.0,0.0,0.0,0.0,1
1,1.0,1,7.0,1.0,13.0,12.0,2.0,14.0,1.0,1.0,6.9365435,1.0,0.0,0.0,0.0,0.0,1
1,1.0,0,5.0,1.0,11.0,3.0,1.0,12.0,5.0,1.0,1.6,1.0,0.0,0.0,0.0,0.0,1
1,1.0,0,4.0,1.0,10.0,12.0,1.0,12.0,1.0,1.0,1.8,1.0,0.0,0.0,0.0,0.0,1
1,1.0,0,5.0,1.0,14.0,1.0,1.0,13.0,1.0,1.0,2.5,1.0,0.0,0.0,0.0,0.0,1
1,1.0,0,4.0,1.0,16.0,5.0,1.0,9.0,1.0,1.0,1.0,1.0,4.0,11.0,379.0,0.0,1
1,1.0,1,4.0,1.0,0.0,12.0,2.0,12.0,1.0,1.0,0.0,1.0,0.0,0.0,0.0,0.0,1
1,1.0,0,2.0,1.0,13.0,11.0,2.0,12.0,1.0,1.0,1.8,1.0,0.0,0.0,0.0,0.0,1
1,1.0,0,4.0,1.0,13.0,12.0,2.0,12.0,1.0,1.0,1.6,1.0,0.0,0.0,0.0,0.0,1
0,1.0,1,4.0,1.0,16.0,7.0,2.0,12.0,1.0,1.0,0.0,1.0,0.0,0.0,0.0,0.0,1
1,1.0,0,4.0,1.0,13.0,7.0,1.0,12.0,1.0,1.0,0.0,1.0,4.0,10.0018835,379.0,0.0,1
1,1.0,1,4.0,1.0,11.0,12.0,2.0,13.0,1.0,1.0,0.0,1.0,0.0,0.0,0.0,0.0,1
1,1.0,1,4.0,1.0,14.0,5.0,1.0,12.0,1.0,1.0,1.2,1.0,0.0,0.0,0.0,0.0,1
1,1.0,0,4.0,1.0,4.0,10.0,1.0,8.0,1.0,1.0,2.0,1.0,0.0,0.0,0.0,1.0,1
1,1.0,1,5.0,1.0,22.0,5.0,1.0,14.0,1.0,1.0,3.0,1.0,0.0,0.0,0.0,0.0,1
1,1.0,0,4.0,1.0,13.0,6.0,2.0,10.0,1.0,1.0,1.5,1.0,0.0,0.0,0.0,0.0,1
1,1.0,1,5.0,1.0,13.0,5.0,2.0,13.0,1.0,1.0,0.3,1.0,0.0,0.0,0.0,0.0,1
1,1.0,0,5.0,1.0,0.0,12.0,1.0,12.0,1.0,1.0,0.6,1.0,0.0,0.0,0.0,0.0,0
0,1.0,1,4.0,1.0,13.0,7.0,1.0,8.0,5.0,1.0,2.0,1.0,0.0,0.0,0.0,0.0,1
1,1.0,0,4.0,1.0,3.0,10.0,1.0,12.0,1.0,1.0,1.8,1.0,0.0,0.0,0.0,0.0,1
1,1.0,0,4.0,1.0,13.0,5.0,2.0,12.0,1.0,1.0,0.7,1.0,0.0,0.0,0.0,0.0,1
0,1.0,1,6.0,1.0,20.0,6.0,1.0,13.0,1.0,1.0,1.3,1.0,0.0,0.0,0.0,0.0,1
1,1.0,0,4.0,1.0,10.0,3.0,1.0,14.0,1.0,1.0,1.1,1.0,0.0,0.0,0.0,0.0,1
0,1.0,1,5.0,1.0,14.0,9.0,1.0,12.0,1.0,1.0,2.0,1.0,0.0,0.0,0.0,0.0,1
1,1.0,0,4.0,1.0,10.0,10.0,2.0,12.0,1.0,1.0,0.9,1.0,0.0,0.0,0.0,0.0,1
0,2.0,1,5.0,1.0,13.0,7.0,2.0,12.0,1.0,1.0,0.3,1.0,0.0,0.0,0.0,0.0,1
1,1.0,1,5.0,1.0,4.0,3.0,1.0,7.0,1.0,1.0,0.5,1.0,0.0,0.0,0.0,0.0,1
1,1.0,0,4.0,1.0,1.0,7.0,1.0,12.0,5.0,1.0,2.4,1.0,0.0,11.0,173.37114,0.0,0
0,1.0,1,4.0,1.0,10.0,6.0,2.0,12.0,1.0,1.0,1.8,1.0,0.0,0.0,0.0,0.0,1
1,1.0,0,4.0,1.0,13.0,6.0,1.0,13.0,1.0,1.0,0.9,1.0,0.0,0.0,0.0,0.0,1
1,1.0,0,4.0,1.0,16.0,12.0,2.0,13.0,1.0,1.0,2.7931516,1.0,0.0,0.0,0.0,0.0,1
0,1.0,0,4.0,1.0,13.0,12.0,2.0,10.0,1.0,1.0,4.3,1.0,0.0,0.0,0.0,0.0,1
1,2.0,0,4.0,1.0,16.0,8.0,1.0,12.0,1.0,1.0,4.1,1.0,0.0,0.0,0.0,0.0,1
1,1.0,0,4.0,1.0,11.0,8.0,1.0,8.0,1.0,1.0,1.0,1.0,0.0,0.0,0.0,0.0,1
0,1.0,1,5.0,1.0,22.0,2.0,1.0,14.0,1.0,1.0,1.9,1.0,0.0,0.0,0.0,0.0,1
1,1.0,0,4.0,1.0,4.0,4.0,2.0,12.0,1.0,1.0,1.1,1.0,0.0,0.0,0.0,0.0,1
1,2.0,1,5.0,1.0,16.0,7.0,1.0,14.0,1.0,1.0,86.3,1.0,0.0,0.0,0.0,0.0,1
1,1.0,1,5.0,1.0,14.0,2.0,2.0,12.0,1.0,1.0,86.3,1.0,0.0,0.0,0.0,0.0,1
0,1.0,1,5.0,1.0,13.0,5.0,2.0,12.0,5.0,1.0,0.5,1.0,0.0,0.0,0.0,0.0,1
1,1.0,1,6.0,1.0,10.0,12.0,2.0,12.0,1.0,1.0,0.0,1.0,0.0,0.0,0.0,0.0,1
1,1.0,0,5.0,1.0,0.0,3.0,1.0,12.0,1.0,1.0,1.1,1.0,0.0,0.0,0.0,0.0,1
1,2.0,0,5.0,1.0,22.0,3.0,1.0,12.0,1.0,1.0,86.3,1.0,0.0,0.0,0.0,0.0,1
1,1.0,1,5.0,1.0,16.0,6.0,2.0,13.0,1.0,1.0,1.1,1.0,0.0,0.0,0.0,0.0,1
1,1.0,0,4.0,1.0,2.0,8.0,1.0,13.0,1.0,1.0,1.2,1.0,0.0,0.0,0.0,0.0,1
1,1.0,1,4.0,1.0,22.0,5.0,1.0,12.0,1.0,1.0,2.8,1.0,0.0,0.0,0.0,0.0,1
1,1.0,1,5.0,1.0,13.0,9.0,1.0,10.0,1.0,1.0,0.0,1.0,0.0,0.0,0.0,0.0,1
1,1.0,0,4.0,1.0,11.0,8.0,1.0,12.0,1.0,1.0,5.4,1.0,0.0,0.0,0.0,0.0,1
1,2.0,0,4.0,1.0,10.0,12.0,1.0,13.0,1.0,1.0,1.1,1.0,0.0,0.0,0.0,0.0,1
1,1.0,0,5.0,1.0,4.0,12.0,2.0,8.0,1.0,1.0,1.1,1.0,0.0,0.0,0.0,0.0,1
1,1.0,0,5.0,1.0,4.0,9.0,1.0,12.0,1.0,1.0,0.7,1.0,0.0,0.0,0.0,0.0,1
1,1.0,0,4.0,1.0,13.0,9.0,1.0,12.0,1.0,1.0,1.3,1.0,0.0,0.0,0.0,0.0,1
1,1.0,1,5.0,1.0,13.0,5.0,1.0,12.0,1.0,1.0,1.5,1.0,0.0,0.0,0.0,0.0,1
1,1.0,0,4.0,1.0,0.0,8.0,1.0,13.0,1.0,1.0,1.7,1.0,0.0,0.0,0.0,0.0,1
1,1.0,0,4.0,1.0,8.0,1.0,1.0,12.0,1.0,1.0,1.6,1.0,0.0,0.0,0.0,0.0,1
1,1.0,1,5.0,1.0,11.0,1.0,1.0,6.0,1.0,1.0,0.0,1.0,0.0,0.0,0.0,0.0,1
1,2.0,0,4.0,1.0,13.0,6.0,2.0,4.0,1.0,1.0,1.1,1.0,0.0,0.0,0.0,0.0,1
0,1.0,1,4.0,1.0,13.0,8.0,2.0,12.0,1.0,1.0,0.0,1.0,0.0,0.0,0.0,0.0,1
1,1.0,0,4.0,1.0,13.0,9.0,1.0,13.0,1.0,1.0,1.3,1.0,0.0,0.0,0.0,0.0,1
1,1.0,0,5.0,1.0,11.0,9.0,2.0,12.0,1.0,1.0,1.2,1.0,0.0,0.0,0.0,0.0,1
1,1.0,0,5.0,1.0,22.0,3.0,1.0,13.0,1.0,1.0,1.7,1.0,0.0,0.0,0.0,0.0,1
1,1.0,0,4.0,1.0,11.0,8.0,1.0,13.0,1.0,1.0,0.5,1.0,0.0,0.0,0.0,0.0,1
1,1.0,1,4.0,1.0,22.0,1.0,1.0,14.0,1.0,1.0,3.5,1.0,0.0,0.0,0.0,0.0,1
1,1.0,0,4.0,1.0,22.0,6.0,1.0,12.0,1.0,1.0,1.2,1.0,0.0,0.0,0.0,0.0,1
1,1.0,1,5.0,1.0,13.0,1.0,1.0,13.0,1.0,1.0,1.1,1.0,0.0,0.0,0.0,0.0,1
1,1.0,0,4.0,1.0,14.0,1.0,1.0,13.0,1.0,1.0,86.3,1.0,0.0,0.0,0.0,0.0,1
1,2.0,1,5.0,1.0,0.0,8.0,1.0,13.0,1.0,1.0,1.8,1.0,0.0,0.0,0.0,0.0,1
1,1.0,0,4.0,1.0,1.0,12.0,1.0,13.0,1.0,1.0,3.2,1.0,0.0,0.0,0.0,0.0,0
0,1.0,0,5.0,1.0,0.0,7.0,2.0,14.0,1.0,1.0,1.7,1.0,0.0,0.0,0.0,0.0,1
1,1.0,0,4.0,1.0,2.0,1.0,1.0,7.0,1.0,1.0,3.0,1.0,0.0,0.0,0.0,3.0,0
1,1.0,0,4.0,1.0,11.0,5.0,1.0,12.0,1.0,1.0,0.7,1.0,0.0,0.0,0.0,0.0,1
1,1.0,1,5.0,1.0,16.0,8.0,1.0,12.0,1.0,1.0,2.0,1.0,0.0,0.0,0.0,0.0,1
1,1.0,1,5.0,1.0,16.0,7.0,2.0,14.0,1.0,1.0,2.6,1.0,0.0,0.0,0.0,0.0,1
1,1.0,0,5.0,1.0,16.0,10.0,1.0,13.0,1.0,1.0,2.1,1.0,0.0,0.0,0.0,0.0,1
1,1.0,0,4.0,1.0,6.0,4.0,1.0,12.0,1.0,1.0,0.9,1.0,0.0,0.0,0.0,0.0,1
1,1.0,1,5.0,1.0,13.0,12.0,1.0,0.0,1.0,1.0,1.4,1.0,0.0,0.0,0.0,0.0,1
1,1.0,0,4.0,1.0,22.0,6.0,1.0,12.0,1.0,1.0,1.1,1.0,0.0,0.0,0.0,0.0,1
0,1.0,0,5.0,1.0,13.0,2.0,1.0,0.0,1.0,1.0,0.6,1.0,0.0,0.0,0.0,0.0,1
1,1.0,0,5.0,1.0,13.0,4.0,2.0,12.0,1.0,1.0,0.8,1.0,0.0,0.0,0.0,0.0,1
0,1.0,1,4.0,1.0,14.0,7.0,1.0,12.0,1.0,1.0,2.5,1.0,0.0,0.0,0.0,0.0,1
1,1.0,1,5.0,1.0,14.0,10.0,2.0,12.0,1.0,1.0,0.9,1.0,0.0,0.0,0.0,0.0,1
0,1.0,0,4.0,1.0,13.0,7.0,2.0,10.0,5.0,1.0,3.4,1.0,4.0,6.0,379.0,0.0,1
1,1.0,0,4.0,1.0,10.0,12.0,1.0,7.0,1.0,1.0,2.1,1.0,0.0,0.0,0.0,0.0,1
0,1.0,0,5.0,1.0,13.0,9.0,2.0,13.0,1.0,1.0,2.0,1.0,0.0,0.0,0.0,0.0,1
0,1.0,0,4.0,1.0,0.0,4.0,2.0,12.0,1.0,1.0,2.2,1.0,0.0,0.0,0.0,0.0,1
0,1.0,1,6.0,1.0,16.0,2.0,2.0,11.0,1.0,1.0,2.9,1.0,0.0,0.0,0.0,0.0,1
1,1.0,0,4.0,1.0,11.0,9.0,2.0,12.0,1.0,1.0,0.8,1.0,4.0,10.0,379.0,0.0,1
0,2.0,1,4.0,1.0,14.0,5.828885,2.0,12.0,1.0,1.0,86.3,1.0,0.0,0.0,0.0,0.0,1
1,1.0,0,5.0,1.0,14.0,4.0,1.0,14.0,1.0,1.0,86.3,1.0,0.0,0.0,0.0,0.0,1
1,2.0,0,4.0,1.0,22.0,10.0,2.0,13.0,1.0,1.0,86.3,1.0,0.0,0.0,0.0,0.0,1
1,1.0,1,5.0,1.0,16.0,8.0,1.0,13.0,1.0,1.0,1.7,1.0,0.0,0.0,0.0,0.0,1
0,1.0,1,5.0,1.0,12.0,7.0,2.0,12.0,1.0,1.0,2.6,1.0,0.0,0.0,0.0,0.0,1
1,1.0,1,4.0,1.0,14.0,4.0,2.0,12.0,1.0,1.0,1.4,1.0,0.0,0.0,0.0,0.0,1
0,2.0,0,4.0,1.0,11.0,10.0,1.0,12.0,1.0,1.0,3.1,1.0,0.0,0.0,0.0,0.0,1
1,1.0,0,4.0,1.0,13.0,12.0,2.0,12.0,1.0,1.0,1.2,1.0,0.0,0.0,0.0,0.0,1
1,1.0,0,4.0,1.0,13.0,8.0,1.0,13.0,1.0,1.0,1.7,1.0,0.0,0.0,0.0,0.0,1
1,1.0,0,2.0,1.0,16.0,4.0,1.0,13.0,1.0,1.0,1.2,1.0,0.0,0.0,0.0,0.0,0
1,1.0,0,4.0,1.0,22.0,1.0,1.0,12.0,1.0,1.0,2.3,1.0,0.0,0.0,0.0,0.0,1
1,1.0,0,5.0,1.0,7.0,7.0,1.0,12.0,1.0,1.0,1.7,1.0,0.0,0.0,0.0,0.0,1
1,1.0,0,5.0,1.0,10.0,9.0,1.0,12.0,1.0,1.0,2.6,1.0,0.0,0.0,0.0,0.0,1
1,1.0,0,4.0,1.0,0.0,5.0,1.0,13.0,1.0,1.0,2.7,1.0,0.0,0.0,0.0,3.0,1
1,1.0,1,5.0,1.0,14.0,5.0,1.0,13.0,1.0,1.0,2.4,1.0,0.0,0.0,0.0,0.0,1
1,1.0,0,4.0,1.0,13.0,6.0,2.0,12.0,1.0,1.0,1.8,1.0,0.0,0.0,0.0,0.0,1
0,1.0,0,5.0,1.0,7.0,7.0,1.0,12.0,1.0,1.0,1.9,1.0,0.0,0.0,0.0,0.0,0
1,1.0,1,4.0,1.0,22.0,5.0,1.0,6.0,1.0,1.0,0.8,1.0,0.0,0.0,0.0,0.0,1
1,1.0,1,5.0,1.0,13.0,1.0,1.0,5.0,1.0,1.0,1.4,1.0,0.0,0.0,0.0,0.0,1
0,1.0,0,5.0,1.0,16.0,8.0,1.0,13.0,1.0,1.0,1.2,1.0,0.0,0.0,0.0,0.0,1
1,1.0,0,4.0,1.0,0.0,4.0,1.0,12.0,1.0,1.0,0.7,1.0,0.0,0.0,0.0,0.0,0
1,1.0,0,4.0,1.0,13.0,9.0,2.0,14.0,1.0,1.0,86.3,1.0,0.0,0.0,0.0,0.0,1
0,1.0,0,4.0,1.0,13.0,12.0,2.0,0.0,1.0,1.0,1.7,1.0,0.0,0.0,0.0,0.0,1
1,1.0,1,5.0,1.0,10.0,1.0,2.0,12.0,1.0,1.0,0.0,1.0,0.0,0.0,0.0,0.0,1
1,1.0,1,5.0,1.0,4.0,8.0,2.0,12.0,1.0,1.0,0.6,1.0,0.0,0.0,0.0,0.0,1
1,1.0,1,5.0,1.0,13.0,4.0,2.0,13.0,5.0,1.0,0.9,1.0,0.0,0.0,0.0,0.0,1
0,1.0,0,4.0,1.0,13.0,2.0,1.0,13.0,1.0,1.0,1.4,1.0,0.0,0.0,0.0,0.0,1
1,1.0,0,4.0,1.0,5.0,5.0,2.0,12.0,1.0,1.0,2.5,1.0,0.0,0.0,0.0,0.0,1
1,1.0,0,4.0,1.0,10.0,2.0,1.0,9.0,1.0,1.0,86.3,1.0,0.0,0.0,0.0,0.0,1
1,1.0,0,4.0,1.0,6.0,9.0,1.0,8.0,1.0,1.0,2.4,1.0,0.0,0.0,0.0,1.0,1
1,2.0,1,5.0,1.0,4.0,10.0,2.0,14.0,1.0,1.0,3.5,1.0,0.0,0.0,0.0,0.0,1
1,1.0,1,5.0,1.0,14.0,7.0,2.0,13.0,1.0,1.0,0.0,1.0,0.0,0.0,0.0,0.0,1
0,2.0,0,4.0,1.0,13.0,9.0,1.0,13.0,1.0,1.0,2.8,1.0,0.0,0.0,0.0,0.0,1
0,1.0,1,5.0,1.0,4.0,7.0,2.0,13.0,1.0,1.0,3.2,1.0,0.0,0.0,0.0,0.0,1
1,1.0,0,4.0,1.0,16.0,9.0,2.0,13.0,1.0,1.0,1.6,1.0,0.0,0.0,0.0,0.0,1
1,1.0,0,4.0,1.0,12.0,3.0,2.0,13.0,1.0,1.0,2.4,1.0,0.0,0.0,0.0,0.0,1
1,1.0,0,4.0,1.0,13.0,5.0,2.0,0.0,1.0,1.0,1.8,1.0,0.0,0.0,0.0,0.0,1
1,1.0,0,4.0,1.0,13.0,9.0,2.0,12.0,1.0,1.0,86.3,1.0,0.0,0.0,0.0,0.0,1
0,1.0,0,4.0,1.0,10.0,8.0,1.0,12.0,1.0,1.0,1.0,1.0,0.0,0.0,0.0,0.0,1
1,1.0,1,5.0,1.0,13.0,11.0,2.0,14.0,1.0,1.0,2.5,1.0,0.0,0.0,0.0,0.0,1
1,1.0,1,4.0,1.0,15.0,7.0,1.0,13.0,1.0,1.0,0.6,1.0,0.0,7.0,275.9981,0.0,1
1,1.0,1,5.0,1.0,0.0,10.0,1.0,12.0,1.0,1.0,1.1,1.0,0.0,0.0,0.0,0.0,1
1,1.0,0,4.0,1.0,14.0,7.0,1.0,7.0,1.0,1.0,1.1,1.0,0.0,0.0,0.0,0.0,1
1,1.0,0,4.0,1.0,13.0,12.0,1.0,12.0,1.0,1.0,3.6,1.0,0.0,0.0,0.0,0.0,1
1,1.0,0,4.0,1.0,10.0,4.0,1.0,9.0,1.0,1.0,2.1,1.0,4.0,11.0,379.0,3.0,0
1,1.0,0,1.0,1.0,22.0,2.0,2.0,12.0,1.0,1.0,2.1,1.0,0.0,0.0,0.0,0.0,1
1,1.0,0,4.0,1.0,10.0,1.0,1.0,12.0,1.0,1.0,0.0,1.0,0.0,0.0,0.0,0.0,1
1,2.0,0,4.0,1.0,10.0,5.0,1.0,12.0,1.0,1.0,4.4,1.0,0.0,5.0,237.3833,0.0,0
1,1.0,1,5.0,1.0,14.0,8.0,2.0,8.0,1.0,1.0,1.8,1.0,0.0,0.0,0.0,0.0,1
1,1.0,0,5.0,1.0,11.0,2.0,2.0,14.0,1.0,1.0,1.2,1.0,0.0,0.0,0.0,0.0,1
1,1.0,1,5.0,1.0,13.0,1.0,2.0,12.0,1.0,1.0,1.8,1.0,0.0,0.0,0.0,0.0,1
1,1.0,0,4.0,1.0,14.0,3.0,2.0,13.0,1.0,1.0,1.5,1.0,0.0,0.0,0.0,0.0,1
1,2.0,0,5.0,1.0,10.0,8.0,2.0,13.0,1.0,1.0,86.3,1.0,0.0,0.0,0.0,0.0,1
1,1.0,1,5.0,1.0,13.0,3.0,2.0,13.0,1.0,1.0,0.0,1.0,0.0,0.0,0.0,0.0,1
0,1.0,1,4.0,1.0,14.0,10.0,2.0,12.0,1.0,1.0,2.0,1.0,0.0,0.0,0.0,0.0,1
1,1.0,0,3.08296,1.0,13.0,3.0,2.0,13.0,1.0,1.0,86.3,1.0,0.0,0.0,0.0,0.0,1
1,1.0,0,4.0,1.0,13.0,8.0,1.0,7.0,1.0,1.0,2.5,1.0,4.0,11.0,379.0,0.0,1
1,1.0,0,4.0,1.0,16.0,1.0,1.0,12.0,1.0,1.0,1.9,1.0,0.0,0.0,0.0,0.0,1
1,1.0,1,5.0,1.0,13.0,3.0,1.0,12.0,1.0,1.0,0.9,1.0,0.0,0.0,0.0,0.0,1
1,2.0,0,4.0,1.0,4.0,7.0,1.0,13.0,1.0,1.0,2.4,1.0,0.0,0.0,0.0,0.0,0
0,1.0,1,4.0,1.0,16.0,5.0,2.0,8.0,1.0,1.0,1.1,1.0,0.0,0.0,0.0,0.0,1
1,1.0,0,5.0,1.0,11.0,7.0,2.0,13.0,1.0,1.0,1.7,1.0,0.0,0.0,0.0,0.0,1
1,1.0,0,4.0,1.0,14.0,1.0,2.0,9.0,1.0,1.0,0.5,1.0,0.0,0.0,0.0,0.0,1
1,1.0,0,4.0,1.0,12.0,12.0,1.0,12.0,1.0,1.0,0.4,1.0,0.0,0.0,0.0,0.0,1
1,1.0,0,4.0,1.0,4.0,8.0,2.0,12.0,1.0,1.0,2.6,1.0,3.0,2.0,379.0,0.0,1
1,2.0,0,4.0,1.0,13.0,6.0,2.0,13.0,1.0,1.0,2.0,1.0,0.0,0.0,0.0,0.0,1
1,1.0,0,4.0,1.0,7.0,1.0,2.0,13.0,1.0,1.0,86.3,1.0,0.0,0.0,0.0,0.0,1
1,1.0,1,5.0,1.0,13.0,12.0,2.0,12.0,1.0,1.0,86.3,1.0,0.0,0.0,0.0,0.0,1
0,1.0,0,4.0,1.0,10.0,8.0,1.0,12.0,1.0,1.0,0.9,1.0,0.0,0.0,0.0,0.0,1
1,1.0,0,4.0,1.0,13.0,9.0,2.0,12.0,1.0,1.0,1.5,1.0,0.0,0.0,0.0,0.0,1
1,1.0,0,5.0,1.0,14.0,5.0,1.0,12.0,1.0,1.0,1.8,1.0,0.0,0.0,0.0,0.0,1
1,1.0,1,5.0,1.0,22.0,3.0,1.0,14.0,1.0,1.0,2.5,1.0,0.0,0.0,0.0,0.0,1
1,1.0,0,5.0,1.0,10.0,7.0,1.0,8.0,2.0,2.0,1.1,1.0,0.0,0.0,0.0,3.0,0
1,1.0,0,4.0,1.0,13.0,8.0,2.0,4.0,1.0,1.0,2.7,1.0,0.0,0.0,0.0,0.0,1
1,1.0,1,5.0,1.0,6.4039736,12.0,1.0,6.0,1.0,1.0,0.0,1.0,0.0,0.0,0.0,0.0,1
1,1.0,0,4.0,1.0,16.0,2.0,1.0,13.0,1.0,1.0,2.2,1.0,0.0,0.0,0.0,0.0,1
1,1.0,0,5.0,1.0,0.0,7.0,1.0,12.0,1.0,1.0,2.9,1.0,4.0,11.0,379.0,3.0,1
1,1.0,0,4.0,1.0,11.0,5.0,1.0,12.0,1.0,1.0,0.0,1.0,0.0,0.0,0.0,0.0,1
1,1.0,1,5.0,1.0,14.0,1.0,2.0,13.0,1.0,1.0,86.3,1.0,0.0,0.0,0.0,0.0,1
1,1.0,0,4.0,1.0,4.0,4.0,1.0,12.0,1.0,1.0,3.5,1.0,0.0,0.0,0.0,0.0,1
1,1.0,0,4.0,1.0,11.0,8.0,1.0,12.0,1.0,1.0,1.0,1.0,0.0,0.0,0.0,0.0,0
1,1.0,0,4.0,1.0,0.0,5.0,2.0,12.0,1.0,1.0,2.0,1.0,0.0,0.0,0.0,0.0,1
0,1.0,1,5.0,1.0,13.0,9.0,2.0,12.0,1.0,1.0,4.8289075,1.0,0.0,0.0,0.0,0.0,1
0,1.0,1,4.0,1.0,16.0,9.0,2.0,12.0,1.0,1.0,0.0,1.0,0.0,0.0,0.0,0.0,1
1,1.0,0,4.0,1.0,6.9993644,8.0,1.0,13.0,1.0,1.0,5.4,1.0,0.0,0.0,0.0,0.0,1
1,1.0,1,5.0,1.0,10.0,4.0,1.0,12.0,1.0,1.0,0.0,1.0,0.0,0.0,0.0,0.0,0
1,1.0,0,4.0,1.0,13.0,5.0,1.0,12.0,1.0,1.0,1.6,1.0,0.0,0.0,0.0,0.0,1
0,1.0,0,5.0,1.0,5.0,6.0,1.0,12.0,1.0,1.0,1.6,1.0,0.0,0.0,0.0,0.0,1
1,1.0,0,4.0,1.0,11.0,9.0,1.0,13.0,1.0,1.0,4.3,1.0,0.0,0.0,0.0,0.0,1
1,1.0,0,4.0,1.0,13.0,11.0,2.0,13.0,1.0,1.0,1.7,1.0,0.0,0.0,0.0,0.0,1
1,1.0,0,5.0,1.0,13.0,12.0,2.0,12.0,1.0,1.0,0.4,1.0,0.0,0.0,0.0,0.0,1
1,1.0,0,4.0,1.0,13.0,10.0,2.0,12.0,1.0,1.0,1.2,1.0,0.0,0.0,0.0,0.0,1
1,1.0,1,4.0,1.0,0.0,10.0,2.0,12.0,1.0,1.0,0.0,1.0,0.0,0.0,0.0,0.0,1
1,1.0,0,4.0,1.0,1.0,2.0,1.0,12.0,2.0,1.0,86.3,1.0,0.0,0.0,0.0,0.0,1
1,1.0,0,5.0,1.0,6.0,11.0,1.0,12.0,1.0,1.0,1.9,1.0,0.0,0.0,0.0,0.0,1
1,1.0,0,4.0,1.0,13.0,1.0,2.0,12.0,1.0,1.0,2.4,1.0,0.0,0.0,0.0,0.0,1
1,1.0,0,5.0,1.0,0.0,5.0,1.0,12.0,1.0,1.0,0.0,1.0,0.0,0.0,0.0,0.0,0
1,2.0,0,4.0,1.0,13.0,1.0,2.0,12.0,1.0,1.0,0.0,1.0,0.0,0.0,0.0,0.0,1
1,1.0,1,5.0,1.0,16.0,2.0,1.0,11.0,1.0,1.0,0.8,1.0,0.0,0.0,0.0,0.0,1
1,1.0,1,5.0,1.0,13.0,7.0,1.0,12.0,1.0,1.0,0.0,1.0,4.0,11.0,379.0,0.0,1
1,1.0,1,5.0,1.0,15.0,9.0,1.0,13.0,1.0,1.0,1.6,1.0,0.0,0.0,0.0,0.0,1
1,1.0,0,4.0,1.0,9.0,9.0,2.0,11.0,1.0,1.0,0.6,1.0,0.0,0.0,0.0,0.0,1
1,1.0,0,4.0,1.0,13.0,5.0,1.0,12.0,1.0,1.0,2.5,1.0,4.0,11.0,379.0,1.0,1
1,1.0,1,5.0,1.0,15.0,9.0,1.0,12.0,1.0,1.0,1.2168533,1.0,0.0,0.0,0.0,0.0,1
1,1.0,1,5.0,1.0,20.0,2.0,2.0,14.0,1.0,1.0,1.8,1.0,0.0,0.0,0.0,0.0,1
1,1.0,0,5.0,1.0,2.0,5.0,2.0,13.0,1.0,1.0,0.6,1.0,0.0,0.0,0.0,0.0,0
1,1.0,0,4.0,1.0,4.0,5.0,1.0,13.0,1.0,1.0,0.0,1.0,0.0,0.0,0.0,0.0,1
1,1.0,0,4.0,1.0,2.0,5.0,2.0,12.0,1.0,1.0,1.5,1.0,0.0,0.0,0.0,0.0,1
0,1.0,0,4.0,1.0,0.0,7.0,1.0,12.0,1.0,1.0,86.3,1.0,0.0,0.0,0.0,0.0,1
1,1.0,0,4.0,1.0,0.0,2.0,1.0,12.0,1.0,1.0,3.2,1.0,0.0,0.0,0.0,0.0,1
1,1.0,1,4.0,1.0,13.0,12.0,2.0,13.0,1.0,1.0,86.3,1.0,0.0,0.0,0.0,0.0,1
1,1.0,1,6.0,1.0,13.0,1.0,1.0,13.0,1.0,1.0,1.0,1.0,0.0,0.0,0.0,0.0,1
1,1.0,1,6.0,1.0,13.0,5.0,2.0,12.0,1.0,1.0,2.4455643,1.0,0.0,0.0,0.0,0.0,1
1,1.0,1,5.0,1.0,1.0,7.0,2.0,0.0,1.0,1.0,0.0,1.0,0.0,0.0,0.0,0.0,1
0,1.0,0,4.0,1.0,7.0,8.0,1.0,12.0,1.0,1.0,3.6,1.0,0.0,0.0,0.0,0.0,1
1,1.0,0,4.0,1.0,16.0,12.0,1.0,14.0,1.0,1.0,86.3,1.0,0.0,0.0,0.0,0.0,1
1,1.0,1,5.0,1.0,13.0,2.0,2.0,7.0,1.0,1.0,0.0,1.0,0.0,0.0,0.0,0.0,1
1,1.0,0,4.0,1.0,13.0,6.0,2.0,13.0,1.0,1.0,2.6,1.0,0.0,0.0,0.0,0.0,1
1,2.0,1,5.0,1.0,15.0,4.0,1.0,14.0,1.0,1.0,1.4,1.0,0.0,0.0,0.0,0.0,1
1,1.0,0,4.0,1.0,7.0,9.0,1.0,12.0,1.0,1.0,1.5,1.0,0.0,0.0,0.0,0.0,1
1,1.0,1,5.0,1.0,11.0,9.0,1.0,12.0,1.0,1.0,1.1,1.0,0.0,0.0,0.0,0.0,1
1,1.0,1,5.0,1.0,13.0,10.0,2.0,12.0,1.0,1.0,0.2,1.0,0.0,0.0,0.0,0.0,1
1,1.0,0,5.0,1.0,13.0,1.0,1.0,13.0,1.0,1.0,1.6,1.0,0.0,0.0,0.0,0.0,1
1,1.0,1,5.0,1.0,11.0,8.0,2.0,13.0,1.0,1.0,1.4,1.0,0.0,0.0,0.0,0.0,1
0,1.0,0,1.0,1.0,22.0,9.0,2.0,12.0,1.0,1.0,1.0,1.0,0.0,0.0,0.0,0.0,1
1,1.0,1,6.0,1.0,4.0,11.0,1.0,12.0,1.0,1.0,3.3,1.0,0.0,0.0,0.0,0.0,1
1,1.0,0,5.0,1.0,12.0,2.0,1.0,12.0,5.0,1.0,1.8,1.0,0.0,0.0,0.0,0.0,1
1,1.0,1,6.0,1.0,14.0,8.0,1.0,14.0,1.0,1.0,3.1,1.0,0.0,0.0,0.0,0.0,1
1,1.0,0,4.0,1.0,14.0,5.0,2.0,13.0,1.0,1.0,1.5,1.0,0.0,0.0,0.0,0.0,1
1,1.0,0,4.0,1.0,13.0,5.0,1.0,12.0,5.0,1.0,1.7,1.0,3.0,0.0,260.73746,0.0,1
1,1.0,0,4.0,1.0,13.0,12.0,2.0,12.0,1.0,1.0,1.5,1.0,0.0,0.0,0.0,0.0,1
1,1.0,0,4.0,1.0,13.0,2.0,2.0,13.0,1.0,1.0,2.1,1.0,0.0,0.0,0.0,0.0,1
1,1.0,0,4.0,1.0,13.0,7.0,1.0,12.0,1.0,1.0,1.5,1.0,0.0,0.0,274.0,0.0,1
1,1.0,0,4.0,1.0,13.0,9.0,2.0,13.0,1.0,1.0,0.7,1.0,0.0,0.0,0.0,0.0,1
1,1.0,0,1.0,1.0,13.0,9.0,2.0,12.0,1.0,1.0,2.0,1.0,3.0,0.0,267.0,0.0,1
1,1.0,0,4.0,1.0,10.0,12.0,1.0,12.0,1.0,1.0,2.1,1.0,0.0,0.0,0.0,0.0,1
1,1.0,0,4.0,1.0,20.0,6.0,1.0,3.0,1.0,1.0,1.3,1.0,4.0,11.0,379.0,0.0,1
1,1.0,0,4.0,1.0,0.0,1.0,1.0,13.0,1.0,1.0,2.3,1.0,0.0,0.0,0.0,0.0,1
1,1.0,1,5.0,1.0,11.0,1.0,1.0,12.208772,5.0,1.0,3.1,1.0,0.0,0.0,0.0,0.0,1
1,1.0,0,5.0,1.0,13.0,4.0,2.0,13.0,1.0,1.0,0.0,1.0,0.0,0.0,0.0,0.0,1
1,1.0,0,4.0,1.0,14.0,12.0,2.0,12.0,1.0,1.0,1.5,1.0,0.0,0.0,0.0,0.0,1
1,1.0,0,4.0,1.0,14.0,6.0,1.0,0.0,1.0,1.0,1.0,1.0,0.0,0.0,0.0,0.0,1
1,1.0,0,5.0,1.0,10.0,3.0,1.0,13.0,1.0,1.0,6.3173895,1.0,0.0,0.0,0.0,0.0,1
1,1.0,0,5.0,1.0,1.0,3.0,2.0,13.0,1.0,1.0,3.5,1.0,0.0,0.0,0.0,0.0,1
0,1.0,1,5.0,1.0,1.0,7.0,2.0,14.0,1.0,1.0,86.3,1.0,0.0,0.0,0.0,0.0,1
1,1.0,1,4.0,1.0,4.0,5.0,1.0,13.0,1.0,1.0,1.5,1.0,0.0,0.0,0.0,0.0,0
1,1.0,0,4.0,1.0,1.0,12.0,1.0,13.0,1.0,1.0,86.3,1.0,0.0,0.0,0.0,0.0,1
1,1.0,1,4.0,1.0,22.0,1.0,1.0,8.0,1.0,1.0,1.6,1.0,0.0,0.0,0.0,0.0,1
1,1.0,0,4.0,1.0,11.0,6.0,2.0,12.0,1.0,1.0,1.0,1.0,0.0,0.0,0.0,0.0,1
1,1.0,1,5.0,1.0,13.0,8.0,2.0,3.0,1.0,1.0,1.6,1.0,0.0,0.0,0.0,0.0,1
1,1.0,0,4.0,1.0,10.0,3.0,2.0,13.0,1.0,1.0,1.2,1.0,0.0,0.0,0.0,0.0,1
0,1.0,1,5.0,1.0,4.0,5.0,1.0,12.0,1.0,1.0,1.1,1.0,0.0,0.0,0.0,0.0,1
1,1.0,1,5.0,1.0,4.0,6.0,2.0,7.0,1.0,1.0,0.4,1.0,0.0,0.0,0.0,0.0,1
1,1.0,0,1.0,1.0,16.0,12.0,1.0,12.0,1.0,1.0,1.2,1.0,4.0,11.0,379.0,0.0,1
1,1.0,0,4.0,1.0,9.0,3.0,2.0,13.0,1.0,1.0,0.4,1.0,0.0,0.0,0.0,0.0,0
1,1.0,0,4.0,1.0,4.0,6.0,2.0,13.0,1.0,1.0,1.8,1.0,0.0,0.0,0.0,0.0,1
0,1.0,1,4.0,1.0,10.0,11.0,2.0,13.0,1.0,1.0,6.29961,1.0,0.0,0.0,0.0,0.0,1
1,1.0,0,4.0,1.0,13.0,11.0,2.0,13.0,1.0,1.0,1.6,1.0,0.0,0.0,0.0,0.0,1
1,1.0,0,4.0,1.0,2.0,7.0,1.0,7.0,1.0,1.0,1.2,1.0,0.0,0.0,0.0,0.0,1
1,2.0,1,5.0,1.0,16.0,12.0,1.0,14.0,1.0,1.0,86.3,1.0,0.0,0.0,0.0,0.0,1
1,1.0,0,4.0,1.0,1.0,2.0,1.0,13.0,1.0,1.0,0.4,1.0,0.0,0.0,0.0,0.0,1
1,1.0,1,5.0,1.0,13.0,1.0,1.0,11.0,1.0,1.0,1.2,1.0,0.0,0.0,0.0,0.0,1
1,1.0,0,5.0,1.0,0.0,8.0,1.0,13.0,1.0,1.0,1.9,1.0,0.0,0.0,0.0,0.0,1
0,1.0,1,5.0,1.0,22.0,6.0,1.0,13.0,1.0,1.0,2.2,1.0,0.0,0.0,0.0,0.0,1
1,1.0,1,5.0,1.0,13.0,2.0,2.0,9.0,1.0,1.0,0.6,1.0,0.0,0.0,0.0,0.0,1
1,1.0,0,1.0,1.0,16.0,12.0,2.0,12.0,1.0,1.0,0.9,1.0,0.0,0.0,0.0,0.0,1
1,1.0,1,5.0,1.0,4.0,5.0,1.0,8.698089,1.0,1.0,1.2,1.0,0.0,0.0,0.0,0.0,1
1,1.0,0,4.0,1.0,0.0,6.0,1.0,12.0,1.0,1.0,1.5,1.0,0.0,0.0,0.0,0.0,1
0,1.0,0,5.0,1.0,10.0,10.0,1.0,10.0,1.0,1.0,3.0,1.0,0.0,0.0,0.0,0.0,1
1,1.0,0,4.0,1.0,4.0,5.0,2.0,10.0,1.0,1.0,2.2,1.0,0.0,0.0,0.0,0.0,1
1,2.0,0,5.0,1.0,6.0,3.0,1.0,14.0,1.0,1.0,1.2,1.0,0.0,0.0,0.0,0.0,1
1,1.0,0,4.0,1.0,16.0,6.0,1.0,13.0,1.0,1.0,1.2,1.0,0.0,0.0,0.0,0.0,1
1,1.0,0,4.0,1.0,14.0,5.0,1.0,13.0,1.0,1.0,2.1,1.0,0.0,0.0,0.0,0.0,1
1,1.0,0,4.0,1.0,16.0,1.0,2.0,13.0,1.0,1.0,3.6,1.0,0.0,0.0,0.0,0.0,1
1,1.0,1,4.0,1.0,16.0,2.0,1.0,13.0,1.0,1.0,2.2,1.0,0.0,0.0,0.0,0.0,1
0,1.0,1,5.0,1.0,13.0,7.0,1.0,12.0,1.0,1.0,1.9,1.0,0.0,0.0,0.0,0.0,1
1,1.0,0,4.0,1.0,13.0,9.0,2.0,6.0,1.0,1.0,2.0,1.0,0.0,0.0,0.0,0.0,1
1,1.0,0,4.0,1.0,0.0,10.0,2.0,13.0,1.0,1.0,1.7,1.0,0.0,0.0,0.0,0.0,1
1,1.0,0,5.0,1.0,10.0,10.0,1.0,13.0,1.0,1.0,86.3,1.0,0.0,0.0,0.0,0.0,1
0,1.0,1,5.0,1.0,12.0,1.0,1.0,0.0,1.0,1.0,1.3,1.0,0.0,0.0,0.0,0.0,1
1,1.0,0,4.0,1.0,13.0,3.0,2.0,7.0,1.0,1.0,2.3,1.0,0.0,0.0,0.0,0.0,1
1,1.0,1,5.0,1.0,13.0,1.0,2.0,13.0,1.0,1.0,1.798424,1.0,0.0,0.0,0.0,0.0,1
1,1.0,0,4.0,1.0,16.0,4.0,1.0,12.0,5.0,1.0,0.4,1.0,4.0,11.0,379.0,0.0,1
1,1.0,1,5.0,1.0,13.0,8.0,1.0,3.0,1.0,1.0,1.1,1.0,0.0,0.0,0.0,0.0,1
1,1.0,0,4.0,1.0,13.0,11.0,1.0,12.0,1.0,1.0,3.6,1.0,0.0,0.0,0.0,0.0,1
1,1.0,1,5.0,1.0,13.0,6.0,1.0,5.0,1.0,1.0,1.2,1.0,0.0,0.0,0.0,0.0,1
1,1.0,1,4.0,1.0,13.0,3.0,1.0,0.0,1.0,1.0,1.2,1.0,0.0,0.0,0.0,0.0,1
0,2.0,0,5.0,1.0,10.0,7.0,2.0,13.0,1.0,1.0,2.8,1.0,0.0,0.0,0.0,0.0,1
1,1.0,1,5.0,1.0,11.0,7.0,1.0,11.0,1.0,1.0,1.8,1.0,0.0,0.0,0.0,0.0,1
1,1.0,1,5.0,1.0,22.0,7.0,1.0,13.0,1.0,1.0,1.6891963,1.0,0.0,0.0,0.0,0.0,1
1,1.0,0,4.0,1.0,11.0,5.0,1.0,12.0,1.0,1.0,3.5,1.0,0.0,0.0,0.0,0.0,1
1,1.0,0,1.0,1.0,22.0,5.0,2.0,12.0,1.0,1.0,1.4,1.0,4.0,11.0,379.0,0.0,1
1,1.0,0,4.0,1.0,16.0,7.0,2.0,12.0,1.0,1.0,1.1,1.0,0.0,0.0,0.0,0.0,1
1,2.0,0,4.0,1.0,13.0,10.897399,1.0,14.0,1.0,1.0,1.2,1.0,0.0,0.0,0.0,0.0,1
1,1.0,0,4.0,1.0,13.0,3.0,2.0,14.0,1.0,1.0,3.0,1.0,0.0,0.0,0.0,0.0,1
1,1.0,0,4.0,1.0,13.0,1.0,2.0,12.0,1.0,1.0,0.0,1.0,0.0,0.0,0.0,0.0,1
0,1.0,1,5.0,1.0,10.0,6.0,2.0,13.0,1.0,1.0,3.2,1.0,0.0,0.0,0.0,0.0,1
1,1.0,0,4.0,1.0,15.0,4.0,2.0,13.0,1.0,1.0,1.7,1.0,0.0,0.0,0.0,0.0,1
1,1.0,1,5.0,1.0,13.0,9.0,1.0,13.0,1.0,1.0,5.339145,1.0,0.0,0.0,0.0,0.0,1
1,1.0,0,4.0,1.0,10.0,1.0,1.0,12.0,1.0,1.0,4.4,1.0,0.0,0.0,0.0,0.0,1
1,1.0,0,4.0,1.0,4.0,8.0,1.0,12.0,1.0,1.0,3.1809444,1.0,0.0,0.0,0.0,0.0,1
1,1.0,0,4.0,1.0,13.0,9.0,1.0,13.0,1.0,1.0,1.9,1.0,0.0,0.0,0.0,0.0,1
1,1.0,0,4.0,1.0,13.0,1.0,2.0,13.0,1.0,1.0,1.0,1.0,0.0,0.0,0.0,0.0,1
0,1.0,0,4.0,1.0,13.0,2.0,1.0,13.0,1.0,1.0,1.7,1.0,0.0,0.0,0.0,0.0,1
1,1.0,0,4.0,1.0,13.0,7.0,2.0,12.0,1.0,1.0,0.5,1.0,0.0,0.0,0.0,0.0,1
1,1.0,0,5.0,1.0,3.0,6.0,2.0,13.0,1.0,1.0,1.8,1.0,0.0,0.0,0.0,0.0,1
1,1.0,0,5.0,1.0,22.0,2.0,2.0,13.0,1.0,1.0,1.4,1.0,0.0,0.0,0.0,0.0,1
1,1.0,1,5.0,1.0,16.0,7.0,1.0,13.0,1.0,1.0,1.4,1.0,0.0,0.0,0.0,0.0,1
1,1.0,0,4.0,1.0,4.0,11.0,1.0,0.0,1.0,1.0,2.1,1.0,0.0,0.0,0.0,0.0,1
0,1.0,0,4.0,1.0,14.0,12.0,1.0,6.0,1.0,1.0,1.8,1.0,0.0,0.0,0.0,0.0,1
1,1.0,0,4.0,1.0,5.0,6.0,1.0,12.0,5.0,1.0,3.0,1.0,0.0,0.0,0.0,0.0,1
1,1.0,1,7.0,1.0,13.0,10.0,1.0,14.0,1.0,1.0,86.3,1.0,0.0,0.0,0.0,0.0,1
0,1.0,0,4.0,1.0,14.0,12.0,2.0,0.0,1.0,1.0,0.0,1.0,0.0,0.0,0.0,0.0,0
1,1.0,0,4.0,1.0,4.0,5.0,1.0,13.0,1.0,1.0,0.0,1.0,0.0,0.0,0.0,0.0,1
1,1.0,0,4.0,1.0,11.0,3.0,1.0,13.0,1.0,1.0,1.5,1.0,0.0,0.0,0.0,0.0,1
1,1.0,1,5.0,1.0,14.0,8.0,1.0,0.0,1.0,1.0,0.9,1.0,0.0,0.0,0.0,0.0,1
1,1.0,0,4.0,1.0,22.0,6.0,1.0,0.0,1.0,1.0,0.3,1.0,0.0,0.0,0.0,0.0,1
0,1.0,0,4.0,1.0,20.0,1.0,1.0,12.0,1.0,1.0,2.3,1.0,0.0,0.0,0.0,0.0,1
1,1.0,0,2.0,1.0,16.0,1.0,2.0,13.0,1.0,1.0,3.6,1.0,0.0,0.0,0.0,0.0,1
1,1.0,0,5.0,1.0,0.0,8.0,1.0,13.0,1.0,1.0,2.1,1.0,0.0,0.0,0.0,2.0,0
0,2.0,1,5.0,1.0,13.0,7.0,1.0,8.0,1.0,1.0,3.7,1.0,0.0,0.0,0.0,0.0,1
1,1.0,0,4.0,1.0,1.0,5.0,1.0,12.0,1.0,1.0,1.3,1.0,4.0,11.0,333.78378,3.0,0
1,1.0,0,5.0,1.0,0.0,12.0,1.0,12.0,1.0,1.0,1.7,1.0,0.0,0.0,0.0,3.0,0
0,1.0,0,4.0,1.0,11.0,1.0,1.0,0.0,1.0,1.0,9.757385,1.0,0.0,0.0,0.0,0.0,1
1,1.0,1,5.0,1.0,14.0,1.0,1.0,12.0,1.0,1.0,86.3,1.0,0.0,0.0,0.0,0.0,1
1,1.0,0,4.0,1.0,13.0,1.0,2.0,13.0,1.0,1.0,1.0,1.0,0.0,0.0,0.0,0.0,1
1,1.0,0,4.0,1.0,13.0,1.0,1.0,13.0,1.0,1.0,0.0,1.0,0.0,0.0,0.0,0.0,1
1,1.0,0,5.0,1.0,22.0,3.0,2.0,13.0,1.0,1.0,86.3,1.0,0.0,0.0,0.0,0.0,1
0,1.0,0,5.0,1.0,10.0,8.0,1.0,13.0,1.0,1.0,1.1,1.0,0.0,0.0,0.0,0.0,1
1,1.0,1,4.0,1.0,13.0,3.0,1.0,9.0,1.0,1.0,0.0,1.0,0.0,0.0,0.0,0.0,1
1,1.0,0,4.0,1.0,12.0,9.0,1.0,14.0,1.0,1.0,1.5,1.0,0.0,0.0,0.0,0.0,1
0,1.0,0,4.0,1.0,0.0,9.0,1.0,12.0,1.0,1.0,2.5,1.0,0.0,0.0,0.0,3.0,1
1,1.0,0,4.0,1.0,0.0,10.0,1.0,12.0,1.0,1.0,2.9,1.0,0.0,0.0,0.0,0.0,1
1,1.0,1,4.0,1.0,13.0,5.0,2.0,13.0,1.0,1.0,86.3,1.0,0.0,0.0,0.0,0.0,1
1,1.0,1,4.0,1.0,13.0,9.0,1.0,13.0,1.0,1.0,86.3,1.0,0.0,0.0,0.0,0.0,1
1,1.0,0,4.0,1.0,13.0,5.0,2.0,12.0,1.0,1.0,1.6,1.0,0.0,0.0,0.0,0.0,1
0,1.0,1,4.0,1.0,16.0,6.0,1.0,14.0,2.0,1.0,0.36079085,1.0,0.0,0.0,0.0,0.0,1
1,1.0,1,5.0,1.0,13.0,1.0,2.0,13.0,1.0,1.0,2.0,1.0,0.0,0.0,0.0,0.0,1
1,1.0,1,4.0,1.0,16.0,9.0,1.0,12.0,1.0,1.0,1.7,1.0,0.0,0.0,0.0,0.0,1
1,1.0,1,4.0,1.0,13.0,5.0,1.0,13.0,1.0,1.0,2.1,1.0,0.0,0.0,0.0,0.0,1
1,1.0,0,4.0,1.0,13.0,8.0,2.0,12.0,1.0,1.0,1.0,1.0,0.0,0.0,0.0,0.0,1
1,1.0,0,4.0,1.0,16.0,1.0,2.0,0.0,1.0,1.0,0.0,1.0,0.0,0.0,0.0,0.0,1
1,1.0,0,4.0,1.0,13.0,1.0,2.0,12.0,1.0,1.0,0.0,1.0,0.0,0.0,0.0,0.0,1
1,1.0,1,5.0,1.0,13.0,10.0,1.0,0.0,1.0,1.0,0.1,1.0,0.0,0.0,0.0,0.0,1
1,1.0,0,4.0,1.0,8.0,3.0,1.0,0.0,1.0,1.0,86.3,1.0,4.0,11.0,379.0,0.0,1
0,1.0,0,4.0,1.0,16.0,6.0,1.0,13.0,1.0,1.0,1.4,1.0,0.0,0.0,227.07315,0.0,1
1,1.0,1,5.0,1.0,16.0,2.0,1.0,13.0,1.0,1.0,0.8,1.0,0.0,0.0,0.0,0.0,1
1,1.0,1,5.0,1.0,4.0,10.0,2.0,12.0,1.0,1.0,2.9,1.0,0.0,0.0,0.0,0.0,1
1,2.0,0,4.0,1.0,10.0,6.0,2.0,13.0,1.0,1.0,7.4,1.0,0.0,0.0,0.0,0.0,1
1,1.0,0,4.0,1.0,4.0,8.0,1.0,13.0,1.0,1.0,2.7,1.0,0.0,0.0,0.0,0.0,1
1,1.0,1,4.0,1.0,16.0,1.0,2.0,12.0,1.0,1.0,2.5,1.0,0.0,0.0,0.0,0.0,1
0,1.0,1,5.0,1.0,10.0,8.0,1.0,7.0,1.0,1.0,0.0,1.0,0.0,0.0,0.0,0.0,1
0,1.0,0,5.0,1.0,11.0,4.0,2.0,12.0,1.0,1.0,2.5,1.0,0.0,0.0,0.0,0.0,1
1,1.0,0,5.0,1.0,4.0,8.0,1.0,13.0,1.0,1.0,0.8,1.0,0.0,0.0,0.0,0.0,1
1,1.0,1,6.0,1.0,1.0,7.0,2.0,12.0,1.0,1.0,0.3,1.0,0.0,0.0,0.0,0.0,1
1,1.0,1,5.0,1.0,13.0,9.0,1.0,13.0,1.0,1.0,0.8,1.0,0.0,0.0,0.0,0.0,1
1,1.0,0,4.0,1.0,13.0,12.0,2.0,12.0,1.0,1.0,0.6,1.0,0.0,0.0,0.0,0.0,1
1,1.0,0,5.0,1.0,13.0,3.0,2.0,13.0,1.0,1.0,15.566765,1.0,0.0,0.0,0.0,0.0,1
1,1.0,0,4.0,1.0,13.0,7.0,1.0,0.0,1.0,1.0,86.3,1.0,0.0,0.0,0.0,0.0,1
1,1.0,0,4.0,1.0,14.0,7.0,1.0,12.0,1.0,1.0,86.3,1.0,0.0,0.0,0.0,0.0,1
1,1.0,0,4.0,1.0,13.0,10.0,2.0,12.0,1.0,1.0,1.2,1.0,0.0,0.0,0.0,0.0,1
1,1.0,1,4.0,1.0,13.0,8.0,1.0,12.0,1.0,1.0,0.0,1.0,0.0,0.0,0.0,0.0,1
1,1.0,0,4.0,1.0,10.0,4.0,1.0,13.0,5.0,1.0,8.804591,1.0,0.0,0.0,0.0,0.0,1
1,1.0,0,4.0,1.0,7.0,6.0,2.0,12.0,1.0,1.0,0.6,1.0,0.0,0.0,0.0,0.0,1
1,1.0,0,4.0,1.0,13.0,5.0,1.0,12.0,1.0,1.0,0.5,1.0,0.0,0.0,0.0,0.0,1
1,1.0,1,5.0,1.0,13.0,4.0,1.0,12.0,5.0,1.0,0.9,1.0,0.0,0.0,0.0,0.0,1
1,1.0,0,4.0,1.0,13.0,1.0,2.0,12.0,1.0,1.0,0.7,1.0,0.0,0.0,0.0,0.0,1
1,1.0,1,6.0,1.0,22.0,7.0,1.0,13.0,1.0,1.0,1.5,1.0,0.0,0.0,0.0,0.0,1
0,2.0,1,5.0,1.0,13.0,4.0,2.0,13.0,1.0,1.0,86.3,1.0,0.0,0.0,0.0,0.0,1
1,1.0,0,4.0,1.0,13.0,9.0,2.0,12.0,1.0,1.0,1.4,1.0,0.0,0.0,0.0,0.0,1
1,1.0,0,5.0,1.0,4.0,12.0,1.0,13.0,1.0,1.0,1.5,1.0,0.0,0.0,0.0,0.0,1
1,1.0,0,4.0,1.0,5.0,6.0,2.0,13.0,1.0,1.0,1.6,1.0,0.0,0.0,0.0,0.0,1
1,1.0,0,4.0,1.0,13.0,3.0,2.0,13.0,1.0,1.0,2.0,1.0,0.0,0.0,0.0,0.0,1
1,1.0,1,4.0,1.0,11.0,3.0,1.0,12.0,1.0,1.0,1.5,1.0,0.0,0.0,0.0,0.0,1
1,1.0,1,5.0,1.0,13.0,10.0,2.0,13.0,1.0,1.0,1.0,1.0,0.0,0.0,0.0,0.0,1
0,2.0,1,4.0,1.0,22.0,3.0,2.0,13.0,1.0,1.0,3.2,1.0,0.0,0.0,0.0,0.0,1
1,2.0,0,4.0,1.0,13.0,12.0,1.0,14.0,1.0,1.0,86.3,1.0,0.0,0.0,0.0,0.0,1
1,1.0,1,5.0,1.0,11.0,7.0,1.0,12.0,1.0,1.0,1.1,1.0,0.0,0.0,0.0,0.0,1
0,1.0,0,4.0,1.0,13.0,12.0,1.0,12.0,1.0,1.0,86.3,1.0,0.0,0.0,0.0,0.0,1
1,1.0,0,4.0,1.0,11.0,12.0,1.0,13.0,1.0,1.0,4.1,1.0,0.0,0.0,0.0,0.0,1
1,1.0,1,5.0,1.0,14.0,3.0,1.0,12.0,1.0,1.0,1.0,1.0,0.0,0.0,0.0,0.0,1
1,1.0,0,4.0,1.0,1.0,4.0,1.0,13.0,1.0,1.0,1.1,1.0,0.0,0.0,0.0,0.0,0
1,1.0,1,4.0,1.0,16.0,6.0,1.0,12.0,1.0,1.0,0.9,1.0,0.0,0.0,0.0,0.0,1
1,1.0,0,5.0,1.0,13.0,12.0,1.0,4.3239956,1.0,1.0,0.0,1.0,0.0,0.0,0.0,0.0,1
1,1.0,1,4.0,1.0,16.0,6.0,1.0,0.0,1.0,1.0,0.4,1.0,4.0,11.0,379.0,0.0,1
1,1.0,1,6.0,1.0,13.0,8.0,1.0,7.0,1.0,1.0,0.0,1.0,0.0,0.0,0.0,0.0,1
1,1.0,1,5.0,1.0,16.0,6.0,1.0,12.0,1.0,1.0,1.4,1.0,0.0,0.0,0.0,0.0,1
1,1.0,0,4.0,1.0,0.0,3.0,1.0,12.0,1.0,1.0,2.1,1.0,0.0,0.0,0.0,0.0,1
1,2.0,0,5.0,1.0,13.0,1.0,1.0,13.0,1.0,1.0,3.0,1.0,0.0,0.0,0.0,0.0,0
1,2.0,1,5.0,1.0,14.0,8.0,2.0,12.0,1.0,1.0,1.9,1.0,0.0,0.0,0.0,0.0,1
0,1.0,0,5.0,1.0,13.0,6.0,1.0,13.0,1.0,1.0,2.6,1.0,0.0,0.0,0.0,0.0,1
1,1.0,1,4.0,1.0,4.0,12.0,2.0,10.0,1.0,1.0,0.7,1.0,0.0,0.0,0.0,0.0,1
1,1.0,0,4.0,1.0,13.0,1.0,2.0,13.0,1.0,1.0,1.4,1.0,0.0,0.0,0.0,0.0,1
1,1.0,0,4.0,1.0,13.0,7.0,1.0,12.0,1.0,1.0,1.1,1.0,0.0,0.0,0.0,0.0,1
1,1.0,0,4.0,1.0,13.0,6.0,2.0,12.0,1.0,1.0,2.6,1.0,0.0,0.0,0.0,0.0,1
1,1.0,0,5.0,1.0,13.0,7.0,1.0,14.0,5.0,1.0,1.0,1.0,0.0,0.0,0.0,0.0,1
1,1.0,0,4.0,1.0,13.0,12.0,1.0,9.0,1.0,1.0,2.2,1.0,0.0,0.0,0.0,0.0,1
1,1.0,0,4.0,1.0,4.0,7.0,2.0,13.0,1.0,1.0,1.0,1.0,0.0,0.0,0.0,0.0,1
0,1.0,0,4.0,1.0,7.0,3.0,2.0,0.0,1.0,1.0,1.9,1.0,0.0,0.0,0.0,0.0,1
1,1.0,0,5.0,1.0,16.0,8.0,1.0,0.0,1.0,1.0,1.4,1.0,0.0,0.0,0.0,0.0,1
1,1.0,0,4.0,1.0,4.0,3.0,1.0,13.0,1.0,1.0,1.0,1.0,0.0,0.0,0.0,0.0,1
1,1.0,0,4.0,1.0,20.0,1.0,2.0,12.0,1.0,1.0,1.8,1.0,0.0,0.0,0.0,0.0,1
1,2.0,1,5.0,1.0,14.0,7.0,2.0,13.0,1.0,1.0,86.3,1.0,0.0,0.0,0.0,0.0,1
1,1.0,1,5.0,1.0,22.0,8.0,1.0,13.0,1.0,1.0,61.243015,1.0,0.0,0.0,0.0,0.0,1
1,1.0,1,5.0,1.0,10.0,4.0,1.0,12.0,1.0,1.0,3.5541189,1.0,0.0,0.0,0.0,0.0,1
1,1.0,1,5.0,1.0,13.0,5.0,1.0,12.0,1.0,1.0,1.0,1.0,0.0,0.0,0.0,0.0,1
1,1.0,0,5.0,1.0,21.0,7.0,1.0,12.0,1.0,1.0,1.8,1.0,0.0,0.0,0.0,0.0,1
1,1.0,1,4.0,1.0,13.0,7.0,2.0,12.0,1.0,1.0,5.4700265,1.0,0.0,0.0,0.0,0.0,1
1,1.0,0,4.0,1.0,13.0,11.0,2.0,4.0,1.0,1.0,1.3,1.0,0.0,0.0,0.0,0.0,1
1,1.0,0,4.0,1.0,13.0,7.0,2.0,12.0,1.0,2.0,0.7,1.0,0.0,0.0,0.0,0.0,1
1,1.0,0,4.0,1.0,13.0,3.0,1.0,0.0,1.0,1.0,0.9,1.0,0.0,0.0,0.0,0.0,1
1,1.0,0,4.0,1.0,10.0,5.0,1.0,13.0,1.0,1.0,0.5,1.0,0.0,0.0,0.0,0.0,1
1,1.0,0,5.0,1.0,7.0,3.0,1.0,13.0,1.0,1.0,2.2,1.0,0.0,0.0,0.0,0.0,1
1,1.0,0,4.0,1.0,13.0,3.0,2.0,12.0,1.0,1.0,0.0,1.0,0.0,0.0,0.0,0.0,1
1,1.0,1,4.0,1.0,13.0,4.0,1.0,13.0,1.0,1.0,0.0,1.0,4.0,11.0,379.0,0.0,0
1,1.0,0,4.0,1.0,14.0,2.0,2.0,11.0,1.0,1.0,1.3,1.0,4.0,6.0,379.0,0.0,1
1,1.0,1,5.0,1.0,13.0,2.0,1.0,13.0,1.0,1.0,0.1,1.0,0.0,0.0,0.0,0.0,1
1,1.0,0,5.0,1.0,13.0,3.0,2.0,13.0,1.0,1.0,1.6,1.0,0.0,0.0,0.0,0.0,1
1,2.0,0,4.0,1.0,13.0,7.0,2.0,13.0,1.0,1.0,6.5519238,1.0,0.0,0.0,0.0,0.0,1
1,1.0,0,4.0,1.0,13.0,2.0,2.0,7.0,1.0,1.0,3.1,1.0,0.0,0.0,0.0,0.0,1
1,1.0,0,4.0,1.0,22.0,10.0,2.0,12.0,1.0,1.0,2.4,1.0,0.0,0.0,0.0,0.0,1
1,1.0,1,4.0,1.0,0.0,11.0,2.0,13.0,1.0,1.0,1.1,1.0,0.0,0.0,0.0,0.0,1
1,1.0,0,5.0,1.0,13.0,6.0,1.0,13.0,5.0,1.0,1.8,1.0,0.0,0.0,0.0,0.0,1
1,1.0,1,5.0,1.0,15.0,10.0,1.0,0.0,1.0,1.0,0.0,1.0,0.0,0.0,0.0,0.0,1
1,1.0,1,5.0,1.0,1.0,2.0,2.0,12.0,1.0,1.0,0.7,1.0,0.0,0.0,0.0,0.0,1
1,1.0,1,5.0,1.0,16.0,3.0,1.0,13.0,5.0,1.0,0.6,1.0,0.0,0.0,0.0,0.0,1
1,1.0,0,4.0,1.0,8.0,12.0,1.0,0.0,1.0,1.0,2.5,1.0,0.0,0.0,0.0,0.0,1
0,1.0,1,5.0,1.0,14.0,1.0,2.0,13.0,1.0,1.0,1.5,1.0,0.0,0.0,0.0,0.0,1
1,1.0,1,4.0,1.0,22.0,10.0,2.0,13.0,1.0,1.0,0.7,1.0,0.0,0.0,0.0,0.0,1
1,1.0,1,4.0,1.0,13.0,4.0,2.0,12.0,1.0,1.0,0.9,1.0,0.0,0.0,0.0,0.0,1
1,1.0,0,5.0,1.0,13.0,6.0,2.0,9.0,1.0,1.0,0.4,1.0,0.0,0.0,0.0,0.0,1
1,1.0,0,4.0,1.0,2.0,6.0,1.0,13.0,1.0,1.0,1.1,1.0,0.0,0.0,0.0,0.0,1
1,1.0,1,5.0,1.0,13.0,4.0,1.0,12.0,1.0,1.0,1.2,1.0,0.0,0.0,0.0,0.0,1
1,1.0,0,5.0,1.0,4.0,6.0,2.0,13.0,1.0,1.0,2.1,1.0,0.0,0.0,0.0,0.0,1
1,1.0,0,4.0,1.0,13.0,12.0,2.0,12.0,1.0,1.0,2.0,1.0,0.0,0.0,0.0,0.0,1
1,1.0,0,1.0,1.0,14.0,4.0,1.0,8.0,1.0,1.0,3.2,1.0,4.0,11.0,379.0,0.0,1
1,1.0,1,4.0,1.0,13.0,7.0,2.0,13.0,1.0,1.0,2.1,1.0,0.0,0.0,0.0,0.0,1
0,1.0,0,5.0,1.0,0.0,5.0,1.0,13.0,1.0,1.0,3.0,1.0,0.0,0.0,0.0,0.0,1
0,2.0,0,4.0,1.0,13.0,7.0,1.0,13.0,1.0,1.0,86.3,1.0,0.0,0.0,0.0,0.0,1
0,1.0,1,5.0,1.0,10.0,7.0,1.0,13.0,1.0,1.0,1.9,1.0,0.0,0.0,0.0,0.0,1
1,1.0,1,4.0,1.0,11.0,6.0,2.0,12.0,1.0,1.0,2.7,1.0,0.0,0.0,0.0,0.0,1
1,1.0,0,4.0,1.0,13.0,7.0,1.0,13.0,1.0,1.0,1.6782942,1.0,0.0,0.0,0.0,0.0,1
0,1.0,0,5.0,1.0,13.0,5.0,2.0,12.0,1.0,1.0,86.3,1.0,0.0,0.0,0.0,0.0,1
1,1.0,0,4.0,1.0,14.0,3.0,2.0,12.0,1.0,1.0,2.9,1.0,0.0,0.0,0.0,0.0,1
0,1.0,0,4.0,1.0,14.0,1.0,2.0,12.0,1.0,1.0,1.4,1.0,3.0,11.0,379.0,0.0,1
1,1.0,0,4.0,1.0,13.0,3.0,1.0,13.0,1.0,1.0,3.4,1.0,0.0,6.0,0.0,0.0,1
1,1.0,1,4.0,1.0,10.0,1.0,2.0,7.0,1.0,1.0,0.7,1.0,0.0,0.0,0.0,0.0,1
1,1.0,1,5.0,1.0,10.0,11.0,2.0,7.0,1.0,1.0,0.0,1.0,0.0,0.0,0.0,0.0,1
1,1.0,0,4.0,1.0,1.0,1.0,1.0,14.0,1.0,1.0,2.6,1.0,0.0,0.0,0.0,0.0,0
1,1.0,0,4.0,1.0,1.0,1.0,1.0,12.0,1.0,1.0,3.0,1.0,0.0,0.0,0.0,0.0,1
1,1.0,1,5.0,1.0,0.0,8.0,2.0,12.0,1.0,1.0,0.9,1.0,0.0,0.0,0.0,0.0,1
1,1.0,0,5.0,1.0,10.0,1.0,1.0,12.0,1.0,1.0,2.1,1.0,0.0,0.0,0.0,0.0,0
1,1.0,0,4.0,1.0,16.0,4.0,1.0,6.0,1.0,1.0,2.5,1.0,0.0,0.0,0.0,0.0,1
1,1.0,1,5.0,1.0,10.0,4.0,1.0,12.0,1.0,1.0,0.6,1.0,0.0,0.0,0.0,0.0,0
1,1.0,0,4.0,1.0,11.0,2.0,2.0,13.0,1.0,1.0,0.4,1.0,0.0,0.0,0.0,0.0,1
1,1.0,0,1.0,1.0,13.0,10.0,2.0,12.0,1.0,1.0,2.574818,1.0,4.0,11.0,379.0,0.0,1
1,1.0,0,5.0,1.0,13.0,3.0,2.0,14.0,1.0,1.0,2.6,1.0,0.0,0.0,0.0,0.0,1
1,1.0,0,4.0,1.0,9.0,1.0,2.0,13.0,1.0,1.0,1.7,1.0,0.0,0.0,0.0,0.0,1
1,1.0,1,5.0,1.0,22.0,1.0,1.0,13.0,1.0,1.0,0.0,1.0,0.0,0.0,0.0,0.0,1
1,1.0,0,4.0,1.0,0.0,4.0,2.0,12.0,1.0,1.0,1.3,1.0,0.0,0.0,0.0,0.0,0
1,1.0,0,1.0,1.0,13.0,9.0,1.0,13.0,1.0,1.0,2.5,1.0,4.0,11.0,379.0,0.0,1
1,1.0,1,5.0,1.0,22.0,5.0,2.0,13.0,1.0,1.0,86.3,1.0,0.0,0.0,0.0,0.0,1
1,1.0,0,4.0,1.0,22.0,3.0,1.0,13.0,1.0,1.0,1.0,1.0,3.0,0.0,271.0,0.0,1
0,1.0,1,5.0,1.0,11.0,5.0,2.0,13.0,1.0,1.0,3.6,1.0,0.0,0.0,0.0,0.0,1
1,1.0,0,4.0,1.0,13.0,1.0,1.0,12.0,1.0,1.0,1.7,1.0,0.0,0.0,0.0,0.0,1
1,1.0,1,6.0,1.0,4.0,3.0,1.0,0.0,1.0,1.0,1.6,1.0,0.0,0.0,0.0,0.0,1
0,2.0,1,5.0,1.0,16.0,5.0,1.0,12.0,1.0,1.0,1.3,1.0,0.0,0.0,0.0,0.0,1
1,1.0,0,4.0,1.0,11.0,12.0,1.0,11.0,1.0,1.0,0.9,1.0,0.0,0.0,0.0,0.0,1
1,2.0,1,6.0,1.0,13.0,4.0,2.0,13.0,1.0,1.0,1.6,1.0,0.0,0.0,0.0,0.0,1
1,1.0,0,4.0,1.0,11.0,6.0,1.0,13.0,1.0,1.0,1.7,1.0,4.0,11.0,379.0,0.0,0
1,1.0,0,4.0,1.0,4.0,4.0,1.0,10.0,1.0,1.0,1.8,1.0,0.0,0.0,0.0,0.0,1
0,1.0,1,5.0,1.0,16.0,1.0,1.0,13.0,5.0,1.0,0.7,1.0,0.0,0.0,0.0,0.0,1
0,1.0,0,5.0,1.0,11.0,4.0,2.0,0.0,1.0,1.0,0.5,1.0,0.0,0.0,0.0,0.0,1
1,1.0,1,7.0,1.0,16.0,6.0,1.0,13.0,1.0,1.0,3.3,1.0,0.0,0.0,0.0,0.0,1
1,1.0,1,5.0,1.0,0.0,5.0,1.0,7.0,1.0,1.0,1.4,1.0,0.0,0.0,0.0,0.0,0
1,1.0,1,5.0,1.0,0.0,7.0,2.0,12.0,1.0,1.0,0.6,1.0,0.0,0.0,0.0,0.0,1
0,1.0,0,5.0,1.0,10.0,7.0,1.0,12.0,1.0,1.0,2.8,1.0,0.0,0.0,0.0,0.0,1
1,1.0,0,4.0,1.0,13.0,8.0,1.0,4.0,1.0,1.0,2.2,1.0,0.0,0.0,0.0,0.0,1
1,2.0,0,4.0,1.0,15.0,8.0,1.0,14.0,1.0,1.0,3.0,1.0,0.0,0.0,0.0,0.0,1
1,1.0,0,5.0,1.0,13.0,1.0,1.0,12.0,1.0,1.0,0.1,1.0,0.0,0.0,0.0,0.0,1
1,1.0,1,5.0,1.0,13.0,1.0,2.0,13.0,2.0,1.0,2.8,1.0,0.0,0.0,0.0,0.0,1
1,1.0,0,1.0,1.0,22.0,7.0,1.0,12.0,1.0,1.0,2.2,1.0,0.0,0.0,236.0,0.0,1
1,1.0,0,4.0,1.0,9.0,10.0,2.0,13.0,1.0,1.0,1.5,1.0,0.0,0.0,0.0,0.0,1
1,1.0,1,4.0,1.0,13.0,5.0,1.0,12.0,1.0,1.0,1.1,1.0,0.0,0.0,0.0,0.0,1
1,1.0,0,5.0,1.0,14.0,4.0,1.0,14.0,1.0,1.0,86.3,1.0,0.0,0.0,0.0,0.0,1
1,1.0,0,4.0,1.0,14.0,4.0,2.0,13.0,1.0,1.0,86.3,1.0,0.0,0.0,0.0,0.0,1
1,1.0,0,4.0,1.0,9.0,4.0,2.0,13.0,1.0,1.0,2.4,1.0,0.0,0.0,0.0,0.0,1
1,1.0,0,4.0,1.0,14.0,4.0,1.0,13.0,1.0,1.0,0.0,1.0,0.0,0.0,0.0,0.0,1
0,1.0,0,4.0,1.0,13.0,1.0,1.0,12.0,5.0,1.0,0.6,1.0,0.0,0.0,0.0,0.0,1
1,2.0,1,4.0,1.0,13.0,11.0,2.0,14.0,1.0,1.0,86.3,1.0,0.0,0.0,0.0,0.0,1
1,1.0,0,4.0,1.0,0.0,7.0,1.0,12.0,1.0,1.0,2.0,1.0,0.0,0.0,0.0,3.0,1
1,1.0,0,1.0,1.0,22.0,9.0,1.0,12.0,5.0,1.0,2.0,1.0,0.0,0.0,0.0,0.0,1
1,1.0,0,4.0,1.0,11.0,12.0,2.0,13.0,1.0,1.0,2.5,1.0,0.0,0.0,0.0,0.0,1
1,1.0,0,4.0,1.0,4.0,3.0,1.0,14.0,1.0,1.0,2.7,1.0,0.0,0.0,0.0,0.0,1
0,1.0,1,4.0,1.0,22.0,3.0,1.0,14.0,1.0,1.0,86.3,1.0,0.0,0.0,0.0,0.0,1
1,1.0,0,1.0,1.0,22.0,10.0,2.0,12.0,1.0,1.0,1.0,1.0,0.0,0.0,0.0,0.0,1
1,1.0,0,4.0,1.0,4.0,10.0,2.0,13.0,1.0,1.0,0.9,1.0,0.0,0.0,0.0,0.0,1
0,1.0,0,5.0,1.0,13.0,3.0,2.0,13.0,1.0,1.0,3.4,1.0,0.0,0.0,0.0,0.0,1
1,1.0,0,5.0,1.0,16.0,2.0,2.0,14.0,1.0,1.0,86.3,1.0,0.0,0.0,0.0,0.0,1
0,1.0,0,4.0,1.0,1.0,12.0,1.0,12.0,1.0,1.0,1.3509284,1.0,0.0,0.0,0.0,0.0,1
0,1.0,1,5.0,1.0,14.0,9.0,1.0,12.0,1.0,1.0,0.4,1.0,0.0,0.0,256.06107,0.0,1
1,1.0,1,5.0,1.0,13.0,5.469087,1.0,12.0,1.0,1.0,0.9,1.0,0.0,0.0,0.0,0.0,1
1,1.0,1,4.0,1.0,11.0,8.0,1.0,12.0,1.0,1.0,0.0,1.0,0.0,0.0,0.0,0.0,1
1,1.0,0,4.0,1.0,13.0,10.0,2.0,12.0,1.0,1.0,1.2,1.0,0.0,0.0,0.0,0.0,1
1,1.0,1,5.0,1.0,13.0,7.0,2.0,12.0,1.0,1.0,2.5,1.0,0.0,0.0,0.0,0.0,1
1,1.0,0,4.0,1.0,10.0,8.0,1.0,13.0,1.0,1.0,3.7,1.0,0.0,0.0,0.0,0.0,1
1,1.0,0,4.0,1.0,16.0,2.0,2.0,9.0,1.0,1.0,1.0,1.0,0.0,0.0,0.0,0.0,1
1,1.0,1,5.0,1.0,11.0,1.0,1.0,12.0,5.0,1.0,0.6,1.0,0.0,0.0,0.0,3.0,1
1,1.0,1,5.0,1.0,13.0,1.0,1.0,11.0,1.0,1.0,1.0,1.0,0.0,0.0,0.0,0.0,1
1,1.0,1,5.0,1.0,16.0,1.0,2.0,8.0,1.0,1.0,1.0,1.0,0.0,0.0,0.0,0.0,1
1,1.0,0,4.0,1.0,1.0,7.0,2.0,12.0,1.0,1.0,0.0,1.0,0.0,0.0,0.0,0.0,1
1,1.0,0,4.0,1.0,0.0,3.0,1.0,13.0,1.0,1.0,4.0,1.0,0.0,0.0,0.0,0.0,1
1,1.0,1,5.0,1.0,10.0,11.0,2.0,12.0,1.0,1.0,2.5476756,1.0,0.0,0.0,0.0,0.0,1
1,1.0,0,4.0,1.0,0.0,7.0,1.0,12.0,1.0,1.0,2.0,1.0,0.0,0.0,0.0,0.0,0
1,1.0,0,4.0,2.0,13.0,4.0,2.0,13.0,5.0,1.0,1.7,1.0,0.0,0.0,0.0,0.0,1
0,1.0,1,5.0,1.0,16.0,3.0,1.0,13.0,1.0,1.0,1.7,1.0,0.0,0.0,0.0,0.0,1
1,1.0,1,5.0,1.0,10.0,8.0,2.0,12.0,1.0,1.0,2.9,1.0,0.0,0.0,0.0,0.0,1
1,1.0,0,4.0,1.0,13.0,7.0,1.0,13.0,1.0,1.0,86.3,1.0,0.0,0.0,0.0,0.0,1
1,1.0,0,5.0,1.0,13.0,4.0,1.0,12.0,1.0,1.0,2.0,1.0,0.0,0.0,0.0,0.0,1
1,1.0,0,4.0,1.0,13.0,9.0,1.0,13.0,1.0,1.0,1.6,1.0,0.0,0.0,0.0,0.0,1
1,1.0,1,4.0,1.0,1.0,7.0,1.0,12.0,1.0,1.0,1.1,1.0,0.0,0.0,0.0,0.0,1
1,1.0,1,7.0,1.0,13.0,5.0,1.0,8.0,1.0,1.0,0.3,1.0,0.0,0.0,0.0,0.0,1
0,2.0,1,5.0,1.0,13.0,6.0,2.0,13.0,1.0,1.0,2.2,1.0,0.0,0.0,0.0,0.0,1
1,1.0,1,5.0,1.0,13.0,12.0,1.0,11.0,1.0,1.0,2.1,1.0,0.0,0.0,0.0,0.0,1
1,1.0,0,4.0,1.0,13.0,4.0,1.0,12.0,1.0,1.0,86.3,1.0,0.0,0.0,0.0,0.0,1
1,1.0,1,5.0,1.0,11.0,2.0,1.0,12.0,1.0,1.0,1.4,1.0,0.0,0.0,0.0,0.0,1
1,1.0,0,4.0,1.0,9.0,1.0,1.0,0.0,1.0,1.0,86.3,1.0,4.0,11.0,379.0,0.0,1
1,1.0,1,5.0,1.0,13.0,6.0,2.0,12.0,1.0,1.0,1.6,1.0,0.0,0.0,0.0,0.0,1
1,1.0,1,5.0,1.0,13.0,2.0,2.0,12.0,1.0,1.0,0.0,1.0,0.0,0.0,0.0,0.0,1
1,1.0,1,7.0,1.0,22.0,1.0,1.0,13.0,1.0,1.0,4.7057977,1.0,0.0,0.0,0.0,0.0,1
1,1.0,0,4.0,1.0,13.0,8.0,2.0,12.0,1.0,1.0,1.0,1.0,4.0,11.0,379.0,0.0,1
1,1.0,0,6.0,1.0,13.0,1.0,1.0,12.0,1.0,1.0,1.7,1.0,0.0,0.0,0.0,0.0,1
1,1.0,1,5.0,1.0,11.0,8.0,1.0,12.0,5.0,1.0,1.4,1.0,0.0,0.0,0.0,0.0,1
0,1.0,0,5.0,1.0,6.0,3.0,1.0,12.0,1.0,1.0,0.8,1.0,0.0,0.0,0.0,0.0,1
1,1.0,0,4.0,1.0,0.0,6.0,1.0,13.0,1.0,1.0,1.7,1.0,0.0,0.0,0.0,0.0,0
1,1.0,1,4.0,1.0,13.0,7.0,2.0,4.0,1.0,1.0,2.1,1.0,0.0,0.0,0.0,0.0,1
1,1.0,0,4.0,1.0,13.0,8.0,2.0,13.0,1.0,1.0,1.5,1.0,0.0,0.0,0.0,0.0,1
1,1.0,0,4.0,1.0,0.0,5.0,2.0,10.0,1.0,1.0,1.6,1.0,0.0,0.0,0.0,0.0,1
1,1.0,0,5.0,1.0,6.0,8.0,1.0,12.0,1.0,1.0,0.8,1.0,0.0,0.0,0.0,0.0,0
1,2.0,1,5.0,1.0,10.0,4.0,1.0,13.0,1.0,1.0,2.2,1.0,0.0,0.0,0.0,0.0,1
1,1.0,1,6.0,1.0,4.0,9.0,2.0,0.0,1.0,1.0,1.9,1.0,0.0,0.0,0.0,0.0,1
1,1.0,0,2.0,1.0,22.0,8.0,2.0,7.0,1.0,1.0,1.4,1.0,4.0,11.0,379.0,0.0,1
1,1.0,1,5.0,1.0,13.0,12.0,1.0,13.0,1.0,1.0,3.6,1.0,0.0,0.0,0.0,0.0,1
1,1.0,0,4.0,1.0,13.0,8.0,2.0,12.0,1.0,1.0,3.2,1.0,0.0,0.0,0.0,0.0,1
1,1.0,0,4.0,1.0,13.0,1.0,1.0,12.0,1.0,1.0,0.5,1.0,0.0,0.0,0.0,0.0,1
1,1.0,0,4.0,1.0,11.0,4.0,2.0,12.0,1.0,1.0,2.4,1.0,0.0,0.0,0.0,0.0,1
1,2.0,1,5.0,1.0,13.0,2.0,2.0,13.0,1.0,1.0,1.2,1.0,0.0,0.0,0.0,0.0,1
1,1.0,0,4.0,1.0,13.0,1.0,2.0,12.0,1.0,1.0,2.1,1.0,0.0,0.0,0.0,0.0,1
1,2.0,1,5.0,1.0,13.0,7.0,1.0,14.0,1.0,1.0,3.7,1.0,0.0,0.0,0.0,0.0,0
1,1.0,1,5.0,1.0,20.0,3.0,1.0,13.0,1.0,1.0,2.2,1.0,0.0,0.0,0.0,0.0,1
0,1.0,1,5.0,1.0,11.0,4.0,2.0,0.0,1.0,1.0,3.1,1.0,0.0,0.0,0.0,0.0,1
1,1.0,0,4.0,1.0,10.0,9.0,1.0,7.0,1.0,1.0,0.5,1.0,0.0,0.0,0.0,0.0,1
1,1.0,0,4.0,1.0,13.0,1.0,2.0,13.0,1.0,1.0,86.3,1.0,0.0,0.0,0.0,0.0,1
0,1.0,0,1.0,1.0,0.0,6.0,1.0,13.0,1.0,2.0,1.8,1.0,0.0,0.0,0.0,1.0,0
1,1.0,0,5.0,1.0,1.0,4.0,1.0,12.0,1.0,1.0,1.2,1.0,0.0,0.0,0.0,0.0,1
1,1.0,0,4.0,1.0,14.0,10.0,1.0,12.0,1.0,1.0,2.9,1.0,0.0,0.0,0.0,0.0,1
1,1.0,1,4.0,1.0,13.0,3.0,1.0,13.0,1.0,1.0,0.0,1.0,3.0,0.0,0.0,0.0,0
0,1.0,0,4.0,1.0,20.0,9.0,2.0,13.0,1.0,1.0,0.4,1.0,0.0,0.0,0.0,0.0,1
1,1.0,0,4.0,1.0,0.0,4.0,1.0,13.0,1.0,1.0,2.6,1.0,0.0,0.0,0.0,0.0,0
1,1.0,1,6.0,1.0,12.0,12.0,1.0,12.0,1.0,1.0,0.5,1.0,0.0,0.0,0.0,0.0,1
1,1.0,0,4.0,1.0,22.0,9.0,1.0,0.0,1.0,1.0,0.8,1.0,4.0,11.0,379.0,0.0,1
1,1.0,1,5.0,1.0,13.0,6.0,1.0,13.0,5.0,1.0,1.3,1.0,0.0,0.0,0.0,0.0,0
0,1.0,0,4.0,1.0,14.0,1.0,2.0,12.0,1.0,1.0,4.0,1.0,0.0,0.0,0.0,0.0,1
1,1.0,0,4.0,1.0,10.0,3.0,2.0,13.0,1.0,1.0,4.2,1.0,0.0,0.0,0.0,0.0,1
0,1.0,0,4.0,1.0,16.0,7.0,1.0,13.0,1.0,1.0,86.3,1.0,0.0,0.0,0.0,0.0,1
1,1.0,1,4.0,1.0,10.0,9.0,2.0,13.0,1.0,1.0,1.3,1.0,0.0,0.0,0.0,0.0,1
1,1.0,1,7.0,1.0,13.0,1.0,2.0,12.0,1.0,1.0,0.9,1.0,0.0,0.0,0.0,0.0,1
1,1.0,1,5.0,1.0,13.0,6.201118,1.0,11.0,1.0,1.0,3.2,1.0,0.0,0.0,0.0,0.0,1
0,2.0,0,4.0,1.0,4.0,7.0,1.0,5.0,1.0,1.0,1.0579406,1.0,0.0,0.0,0.0,0.0,0
1,1.0,0,5.0,1.0,1.0,6.0,1.0,12.0,1.0,1.0,0.9,1.0,0.0,0.0,0.0,0.0,1
1,1.0,0,4.0,1.0,13.0,7.0,2.0,13.0,1.0,1.0,0.0,1.0,0.0,0.0,0.0,0.0,1
1,2.0,1,5.0,1.0,13.0,11.0,1.0,13.0,1.0,1.0,0.5,1.0,0.0,0.0,0.0,0.0,1
1,1.0,0,1.0,1.0,13.0,12.0,2.0,13.0,1.0,1.0,2.3,1.0,0.0,0.0,0.0,0.0,1
1,2.0,0,5.0,1.0,0.0,7.0,1.0,14.0,1.0,1.0,5.0,1.0,0.0,0.0,0.0,0.0,1
0,1.0,1,4.0,1.0,16.0,6.0,2.0,13.0,5.0,1.0,0.0,1.0,0.0,0.0,0.0,0.0,1
1,1.0,0,4.0,1.0,4.0,12.0,1.0,12.0,1.0,1.0,1.3,1.0,0.0,0.0,0.0,0.0,0
1,2.0,1,5.0,1.0,11.0,11.0,2.0,14.0,1.0,1.0,86.3,1.0,0.0,0.0,0.0,0.0,1
0,1.0,0,5.0,1.0,0.0,3.0,1.0,13.0,1.0,1.0,1.1,1.0,0.0,0.0,0.0,3.0,1
1,1.0,0,4.0,1.0,11.0,5.0,1.0,13.0,1.0,1.0,0.3,1.0,3.0,11.0,248.14653,0.0,0
0,1.0,1,4.0,1.0,22.0,1.0,2.0,13.0,1.0,1.0,1.5,1.0,0.0,0.0,0.0,0.0,1
1,1.0,1,5.0,1.0,13.0,9.0,2.0,13.0,1.0,1.0,1.851228,1.0,0.0,0.0,0.0,0.0,1
1,1.0,1,5.0,1.0,2.0,4.0,1.0,12.0,1.0,1.0,1.0,1.0,0.0,0.0,0.0,3.0,0
1,1.0,0,4.0,1.0,4.0,12.0,2.0,14.0,1.0,1.0,0.0,1.0,0.0,0.0,0.0,0.0,1
1,1.0,1,4.0,1.0,16.0,7.0,1.0,13.0,1.0,1.0,2.2,1.0,0.0,0.0,0.0,0.0,1
1,1.0,1,4.0,1.0,13.0,1.0,2.0,4.0,1.0,1.0,1.5,1.0,0.0,0.0,0.0,0.0,1
1,1.0,1,7.0,1.0,13.0,5.0,1.0,12.0,1.0,1.0,0.0,1.0,0.0,0.0,0.0,0.0,1
1,1.0,0,2.0,1.0,16.0,8.0,1.0,12.0,1.0,1.0,1.6,1.0,4.0,11.0,379.0,0.0,1
1,1.0,1,5.0,1.0,13.0,7.0,2.0,12.0,1.0,1.0,10.324846,1.0,0.0,0.0,0.0,0.0,1
1,1.0,1,5.0,1.0,6.0,8.0,2.0,12.0,1.0,1.0,2.0,1.0,0.0,0.0,0.0,0.0,1
1,1.0,1,5.0,1.0,13.0,1.0,1.0,13.0,1.0,1.0,1.5,1.0,0.0,0.0,0.0,0.0,1
1,2.0,1,5.0,1.0,16.0,1.0,1.0,13.0,1.0,1.0,1.1,1.0,0.0,0.0,0.0,0.0,1
0,1.0,1,5.0,1.0,13.0,3.0,1.0,13.0,5.0,1.0,1.7,1.0,0.0,0.0,0.0,0.0,1
1,1.0,0,4.0,1.0,13.0,3.0,2.0,13.0,1.0,1.0,0.0,1.0,0.0,0.0,0.0,0.0,1
1,1.0,0,4.0,1.0,6.0,9.0,1.0,12.0,1.0,1.0,0.9,1.0,0.0,0.0,0.0,0.0,1
1,1.0,0,4.0,1.0,6.0,8.0,1.0,0.0,1.0,1.0,1.6,1.0,0.0,0.0,0.0,0.0,0
1,1.0,0,1.0,1.0,4.0,7.0,1.0,13.0,1.0,1.0,1.3,1.0,0.0,0.0,0.0,0.0,1
1,2.0,1,5.0,1.0,1.0,10.0,2.0,13.0,1.0,1.0,1.1,1.0,0.0,0.0,0.0,0.0,0
1,1.0,1,5.0,1.0,10.0,8.0,1.0,0.0,1.0,1.0,0.5,1.0,0.0,0.0,0.0,0.0,1
0,1.0,1,4.0,1.0,0.0,11.0,2.0,0.0,1.0,1.0,2.5,1.0,0.0,0.0,0.0,0.0,1
0,1.0,1,5.0,1.0,14.0,12.0,1.0,12.0,1.0,1.0,0.0,1.0,0.0,0.0,0.0,0.0,1
1,1.0,1,4.0,1.0,13.0,6.0,1.0,13.0,1.0,1.0,1.6,1.0,0.0,0.0,0.0,0.0,1
1,1.0,0,2.0,1.0,10.0,12.0,2.0,13.0,1.0,1.0,86.3,1.0,0.0,0.0,0.0,0.0,1
1,1.0,0,4.0,1.0,22.0,12.0,1.0,13.0,1.0,1.0,1.1,1.0,0.0,0.0,0.0,0.0,1
1,1.0,0,4.0,1.0,4.0,12.0,1.0,13.0,1.0,1.0,1.7,1.0,0.0,0.0,0.0,0.0,1
1,1.0,0,4.0,1.0,13.0,7.0,1.0,12.0,1.0,1.0,0.9,1.0,0.0,0.0,0.0,0.0,1
1,1.0,0,4.0,1.0,10.0,1.0,1.0,14.0,1.0,1.0,3.3,1.0,0.0,0.0,0.0,0.0,1
1,1.0,0,4.0,1.0,16.0,3.0,2.0,13.0,1.0,1.0,1.7,1.0,0.0,0.0,0.0,0.0,1
1,1.0,0,4.0,1.0,22.0,3.0,2.0,14.0,1.0,1.0,1.9,1.0,0.0,0.0,0.0,0.0,1
1,1.0,0,4.0,1.0,7.0,6.0,2.0,13.0,1.0,1.0,0.8,1.0,0.0,0.0,0.0,0.0,1
1,2.0,1,5.0,1.0,11.0,4.0,2.0,12.0,1.0,1.0,0.8,1.0,0.0,0.0,0.0,0.0,1
1,1.0,0,4.0,1.0,0.0,8.0,2.0,12.0,1.0,1.0,1.0,1.0,0.0,0.0,0.0,0.0,0
1,1.0,0,4.0,1.0,13.0,6.0,2.0,12.0,1.0,1.0,1.8,1.0,0.0,0.0,0.0,0.0,1
1,1.0,0,4.0,1.0,13.0,9.0,1.0,13.0,1.0,1.0,9.478793,1.0,0.0,0.0,0.0,0.0,1
1,1.0,1,5.0,1.0,13.0,7.0,1.0,14.0,1.0,1.0,86.3,1.0,0.0,0.0,0.0,0.0,1
1,1.0,1,5.0,1.0,13.0,8.0,2.0,12.0,1.0,1.0,1.9,1.0,0.0,0.0,0.0,0.0,1
1,1.0,0,4.0,1.0,0.0,5.0,1.0,12.0,1.0,1.0,2.9,1.0,0.0,0.0,0.0,0.0,1
1,1.0,0,4.0,1.0,14.0,10.0,1.0,13.0,1.0,1.0,1.0,1.0,0.0,0.0,0.0,0.0,1
1,2.0,1,5.0,1.0,13.0,12.0,2.0,7.0,1.0,1.0,1.5,1.0,0.0,0.0,0.0,0.0,1
1,1.0,1,5.0,1.0,16.0,4.0,1.0,13.0,1.0,1.0,86.3,1.0,0.0,0.0,0.0,0.0,1
1,1.0,1,5.0,1.0,13.0,5.0,2.0,13.0,1.0,1.0,1.7,1.0,0.0,0.0,0.0,0.0,1
1,2.0,1,6.0,1.0,22.0,6.0,1.0,13.0,1.0,1.0,86.3,1.0,0.0,0.0,0.0,0.0,1
1,1.0,0,4.0,1.0,13.0,3.0,1.0,12.0,1.0,1.0,1.6,1.0,0.0,0.0,0.0,0.0,1
0,1.0,0,5.0,1.0,3.0,9.0,1.0,12.0,1.0,1.0,1.6,1.0,0.0,0.0,0.0,0.0,1
1,1.0,1,5.0,1.0,16.0,8.281237,1.0,12.0,1.0,1.0,0.2,1.0,0.0,0.0,0.0,0.0,1
1,1.0,1,5.0,1.0,13.0,9.0,1.0,14.0,1.0,1.0,1.4,1.0,0.0,0.0,0.0,0.0,1
0,1.0,1,5.0,1.0,16.0,9.0,1.0,0.0,1.0,1.0,86.3,1.0,0.0,0.0,0.0,0.0,1
0,1.0,0,1.0,1.0,13.0,7.0,1.0,12.0,5.0,1.0,2.4,1.0,4.0,11.0,379.0,0.0,1
1,1.0,0,4.0,1.0,13.0,6.0,2.0,13.0,1.0,1.0,0.9,1.0,0.0,0.0,0.0,0.0,1
1,1.0,1,5.0,1.0,13.0,11.0,1.0,13.0,1.0,1.0,2.3,1.0,0.0,0.0,0.0,0.0,1
1,1.0,1,5.0,1.0,13.0,4.0,2.0,14.0,1.0,1.0,86.3,1.0,0.0,0.0,0.0,0.0,1
1,1.0,0,5.0,1.0,12.0,3.0,2.0,12.0,1.0,1.0,0.7,1.0,0.0,0.0,0.0,0.0,1
1,1.0,0,1.0,1.0,14.0,10.0,1.0,12.0,1.0,1.0,3.6,1.0,0.0,0.0,0.0,0.0,1
1,1.0,1,6.0,1.0,11.0,10.0,1.0,13.0,1.0,1.0,2.5,1.0,0.0,0.0,0.0,0.0,1
0,2.0,1,4.0,1.0,15.0,1.0,2.0,10.0,1.0,1.0,1.2,1.0,0.0,0.0,0.0,0.0,1
1,1.0,1,4.0,1.0,13.0,7.0,1.0,12.0,1.0,1.0,1.5,1.0,0.0,0.0,0.0,0.0,1
1,1.0,0,4.0,1.0,22.0,4.0,2.0,12.0,1.0,1.0,2.2,1.0,0.0,0.0,0.0,0.0,1
1,1.0,0,4.0,1.0,11.0,7.0,1.0,12.0,1.0,1.0,1.0,1.0,0.0,0.0,0.0,0.0,1
1,1.0,0,4.0,1.0,0.0,1.0,1.0,0.0,1.0,1.0,2.6,1.0,0.0,0.0,0.0,0.0,1
1,1.0,0,5.0,1.0,20.0,12.0,1.0,0.0,1.0,1.0,2.7,1.0,0.0,0.0,0.0,0.0,1
1,1.0,0,4.0,1.0,10.0,9.0,2.0,13.0,1.0,1.0,3.0,1.0,0.0,0.0,0.0,0.0,1
1,1.0,0,4.0,1.0,14.0,5.0,1.0,10.0,1.0,1.0,0.0,1.0,0.0,0.0,0.0,0.0,1
1,1.0,1,5.0,1.0,4.0,4.0,2.0,12.0,1.0,1.0,0.0,1.0,0.0,0.0,0.0,0.0,1
0,2.0,0,4.0,1.0,13.0,12.0,1.0,13.0,1.0,1.0,86.3,1.0,0.0,0.0,0.0,0.0,1
1,1.0,0,4.0,1.0,15.0,4.0,1.0,13.0,1.0,1.0,0.9,1.0,0.0,0.0,0.0,0.0,1
1,1.0,1,5.0,1.0,13.0,10.0,2.0,13.0,1.0,1.0,1.6,1.0,0.0,0.0,0.0,0.0,1
1,1.0,1,5.0,1.0,22.0,1.0,2.0,13.0,1.0,1.0,0.5,1.0,0.0,0.0,0.0,0.0,1
1,1.0,0,4.0,1.0,13.0,2.0,2.0,12.0,1.0,1.0,1.0,1.0,0.0,0.0,0.0,0.0,1
1,1.0,0,4.0,1.0,16.0,4.0,2.0,12.0,1.0,1.0,0.0,1.0,0.0,0.0,0.0,0.0,1
1,1.0,0,4.0,1.0,10.0,3.0,1.0,12.0,1.0,1.0,2.5,1.0,4.0,11.0,379.0,0.0,1
0,1.0,1,4.0,1.0,13.0,10.0,1.0,6.0,1.0,1.0,1.6,1.0,0.0,0.0,0.0,0.0,1
1,2.0,0,5.0,1.0,13.0,1.0,2.0,12.0,1.0,1.0,1.9,1.0,0.0,0.0,0.0,0.0,1
1,1.0,1,5.0,1.0,13.400326,5.0,1.0,12.0,1.0,1.0,0.0,1.0,0.0,0.0,0.0,0.0,1
1,1.0,1,5.0,1.0,14.0,5.0,2.0,14.0,1.0,1.0,1.0,1.0,0.0,0.0,0.0,0.0,1
1,1.0,0,4.0,1.0,13.0,10.0,1.0,0.0,1.0,1.0,1.2,1.0,0.0,0.0,0.0,0.0,1
1,1.0,0,4.0,1.0,14.0,1.0,2.0,12.0,1.0,1.0,2.0,1.0,0.0,0.0,0.0,0.0,1
1,1.0,0,4.0,1.0,10.0,1.0,1.0,12.0,1.0,1.0,2.0,1.0,0.0,0.0,0.0,0.0,1
1,1.0,0,4.0,1.0,22.0,3.0,1.0,13.0,1.0,1.0,1.8,1.0,0.0,0.0,0.0,0.0,1
1,1.0,0,5.0,1.0,0.0,9.0,1.0,13.0,1.0,1.0,2.4,1.0,0.0,0.0,0.0,0.0,1
0,1.0,0,4.0,1.0,22.0,7.0,2.0,12.0,1.0,1.0,3.6,1.0,0.0,0.0,0.0,0.0,1
1,1.0,1,4.0,1.0,14.0,1.0,2.0,13.0,1.0,1.0,1.6,1.0,0.0,0.0,0.0,0.0,1
1,1.0,1,5.0,1.0,22.0,6.0,1.0,12.0,1.0,1.0,0.9,1.0,4.0,11.0,379.0,0.0,1
1,1.0,0,4.0,1.0,0.0,2.0,1.0,13.0,1.0,1.0,1.2902048,1.0,0.0,0.0,0.0,0.0,1
1,1.0,1,6.0,1.0,22.0,1.0,2.0,13.0,1.0,1.0,86.3,1.0,0.0,0.0,0.0,0.0,1
1,2.0,0,4.0,1.0,13.0,7.0,2.0,12.0,1.0,1.0,1.9,1.0,0.0,0.0,0.0,0.0,1
1,1.0,0,4.0,1.0,4.0,8.0,2.0,13.0,1.0,1.0,0.9,1.0,0.0,0.0,0.0,0.0,1
1,1.0,0,4.0,1.0,13.0,8.0,2.0,13.0,1.0,1.0,0.6,1.0,4.0,11.0,379.0,0.0,1
1,1.0,1,5.0,1.0,13.0,12.0,1.0,13.0,1.0,1.0,2.2,1.0,0.0,0.0,0.0,0.0,1
1,1.0,1,6.0,1.0,22.0,5.0,1.0,13.0,1.0,1.0,0.6,1.0,0.0,0.0,0.0,0.0,1
0,1.0,1,4.0,1.0,13.0,12.0,2.0,10.0,1.0,1.0,1.0,1.0,0.0,0.0,0.0,0.0,1
1,1.0,0,5.0,1.0,13.0,7.0,2.0,13.0,1.0,1.0,0.0,1.0,0.0,0.0,0.0,0.0,1
1,1.0,0,4.0,1.0,2.0,1.0,1.0,13.0,1.0,1.0,0.7,1.0,0.0,0.0,0.0,0.0,0
1,2.0,1,5.0,1.0,8.0,7.0,2.0,13.0,1.0,1.0,0.8,1.0,0.0,0.0,0.0,0.0,1
1,1.0,0,4.0,1.0,0.0,4.0,1.0,13.0,1.0,1.0,86.3,1.0,0.0,0.0,0.0,3.0,1
0,1.0,1,4.0,1.0,16.0,8.0,2.0,12.0,1.0,1.0,0.0,1.0,4.0,11.0,379.0,0.0,1
1,1.0,0,4.0,1.0,13.0,9.0,2.0,1.0,1.0,1.0,3.7,1.0,0.0,0.0,0.0,0.0,1
1,1.0,0,4.0,1.0,13.0,1.0,1.0,13.0,5.0,1.0,2.6,1.0,0.0,0.0,0.0,0.0,1
1,1.0,0,1.0,1.0,16.0,7.0,1.0,0.0,1.0,1.0,1.1,1.0,0.0,0.0,0.0,0.0,1
0,1.0,0,4.0,1.0,7.0,9.0,2.0,12.0,1.0,1.0,86.3,1.0,0.0,0.0,0.0,0.0,1
0,1.0,0,5.0,1.0,13.0,12.0,1.0,13.0,1.0,1.0,1.6,1.0,0.0,0.0,0.0,0.0,1
1,1.0,0,4.0,1.0,1.0,6.0,1.0,12.0,1.0,1.0,0.9,1.0,0.0,0.0,0.0,0.0,0
0,1.0,1,4.0,1.0,14.0,11.0,1.0,2.0,1.0,1.0,1.6,1.0,0.0,0.0,259.0,0.0,1
1,1.0,1,5.0,1.0,13.0,3.0,1.0,12.0,1.0,1.0,0.0,1.0,0.0,0.0,0.0,0.0,1
1,1.0,0,4.0,1.0,22.0,7.0,1.0,13.0,1.0,1.0,0.0,1.0,3.0,7.0,285.0,0.0,1
1,1.0,0,4.0,1.0,22.0,4.0,1.0,13.0,1.0,1.0,1.7,1.0,4.0,11.0,379.0,0.0,1
1,1.0,1,4.0,1.0,16.0,7.0,1.0,8.0,1.0,1.0,2.0,1.0,4.0,11.0,379.0,0.0,1
1,1.0,0,4.0,1.0,2.0,7.0,1.0,13.0,1.0,1.0,86.3,1.0,0.0,0.0,0.0,0.0,1
0,1.0,0,5.0,1.0,1.0,3.0,1.0,11.0,1.0,1.0,0.9,1.0,0.0,0.0,0.0,0.0,1
1,1.0,0,4.0,1.0,8.0,1.0,1.0,12.0,1.0,4.0,1.0,1.0,0.0,2.0,0.0,3.0,0
1,1.0,0,4.0,1.0,0.0,2.0,1.0,13.0,1.0,1.0,1.0,1.0,0.0,0.0,0.0,0.0,1
1,1.0,0,4.0,1.0,13.0,3.0,1.0,4.0,1.0,1.0,3.1,1.0,4.0,7.0,379.0,0.0,1
1,1.0,0,4.0,1.0,14.0,12.0,1.0,9.0,1.0,1.0,2.2,1.0,0.0,0.0,0.0,0.0,1
1,1.0,0,5.0,1.0,4.0,6.0,2.0,12.0,1.0,1.0,0.7,1.0,0.0,0.0,0.0,0.0,1
1,1.0,0,5.0,1.0,13.0,9.0,1.0,13.0,1.0,1.0,1.9,1.0,0.0,0.0,0.0,0.0,0
1,1.0,1,4.0,1.0,11.0,8.0,1.0,12.0,1.0,1.0,1.1,1.0,4.0,11.0,379.0,0.0,1
1,1.0,0,4.0,1.0,11.0,4.0,1.0,2.0,1.0,1.0,3.7,1.0,0.0,0.0,0.0,0.0,1
1,1.0,1,5.0,1.0,13.0,1.0,2.0,12.0,1.0,1.0,0.0,1.0,0.0,0.0,0.0,0.0,1
1,1.0,1,5.0,1.0,16.0,1.0,1.0,13.0,1.0,1.0,86.3,1.0,0.0,0.0,0.0,0.0,1
1,2.0,0,4.0,1.0,11.0,3.0,1.0,12.0,1.0,1.0,1.1,1.0,0.0,0.0,0.0,3.0,0
1,1.0,0,4.0,1.0,4.0,4.0,1.0,13.0,1.0,1.0,0.4,1.0,0.0,0.0,0.0,0.0,1
1,1.0,0,5.0,1.0,13.0,10.0,1.0,14.0,1.0,1.0,86.3,1.0,0.0,0.0,0.0,0.0,1
1,1.0,1,5.0,1.0,22.0,1.0,2.0,14.0,1.0,1.0,1.2,1.0,0.0,0.0,0.0,0.0,1
1,1.0,0,4.0,1.0,0.0,4.0,1.0,0.0,1.0,1.0,4.9,1.0,0.0,0.0,0.0,0.0,0
1,1.0,1,4.0,1.0,13.0,3.0,1.0,13.0,1.0,1.0,0.8,1.0,4.0,7.0,379.0,0.0,1
1,1.0,0,4.0,1.0,13.0,12.0,1.0,8.0,1.0,1.0,4.0,1.0,0.0,0.0,0.0,0.0,1
1,1.0,0,4.0,1.0,16.0,12.0,2.0,12.0,1.0,1.0,86.3,1.0,0.0,0.0,0.0,0.0,1
1,1.0,1,4.0,1.0,16.0,10.0,1.0,13.0,1.0,1.0,2.8,1.0,3.0,0.0,293.0,0.0,1
1,1.0,0,4.0,1.0,11.0,6.0,2.0,13.0,1.0,1.0,0.0,1.0,0.0,0.0,0.0,0.0,1
1,1.0,0,5.0,1.0,1.0,6.0,1.0,12.0,1.0,1.0,2.8,1.0,0.0,0.0,0.0,0.0,0
1,1.0,0,4.0,1.0,4.0,2.0,1.0,12.0,1.0,1.0,3.9,1.0,0.0,0.0,0.0,0.0,0
1,1.0,0,4.0,1.0,13.0,9.0,2.0,12.0,1.0,1.0,3.2,1.0,0.0,0.0,0.0,0.0,1
1,1.0,0,1.0,1.0,17.0,9.0,2.0,12.0,1.0,1.0,1.1,1.0,0.0,0.0,0.0,0.0,1
1,1.0,0,4.0,1.0,13.0,6.0,1.0,14.0,1.0,1.0,1.2,1.0,0.0,0.0,0.0,0.0,1
1,1.0,0,4.0,1.0,4.0,1.0,2.0,14.0,1.0,1.0,2.3,1.0,0.0,0.0,0.0,0.0,1
1,1.0,1,5.0,1.0,11.0,12.0,2.0,0.0,1.0,1.0,1.2,1.0,0.0,0.0,0.0,0.0,1
1,1.0,0,4.0,1.0,13.0,5.0,2.0,13.0,1.0,1.0,0.8,1.0,0.0,0.0,0.0,0.0,1
1,1.0,1,7.0,1.0,13.0,4.0,2.0,14.0,1.0,1.0,1.5,1.0,0.0,0.0,0.0,0.0,1
1,1.0,1,5.0,1.0,6.0,7.0,2.0,12.0,1.0,1.0,1.7,1.0,0.0,0.0,0.0,0.0,1
1,1.0,0,4.0,1.0,16.0,8.0,2.0,4.0,1.0,1.0,0.7,1.0,0.0,0.0,0.0,0.0,1
0,1.0,0,4.0,1.0,13.0,3.0,1.0,13.0,1.0,1.0,0.2,1.0,0.0,0.0,0.0,0.0,1
1,1.0,0,5.0,1.0,0.0,7.0,1.0,12.0,1.0,1.0,0.9,1.0,0.0,0.0,0.0,0.0,0
1,1.0,1,6.0,1.0,13.0,12.0,1.0,7.0,1.0,1.0,0.0,1.0,4.0,11.0,271.0,0.0,1
1,2.0,0,4.0,1.0,13.0,8.0,2.0,13.0,1.0,1.0,2.2,1.0,0.0,0.0,0.0,0.0,1
0,1.0,1,4.0,1.0,22.0,1.0,2.0,13.0,1.0,1.0,3.5,1.0,0.0,0.0,0.0,0.0,1
1,2.0,0,4.0,1.0,11.0,6.0,1.0,14.0,1.0,2.0,86.3,1.0,0.0,0.0,0.0,0.0,1
1,1.0,0,5.0,1.0,0.0,10.0,1.0,13.0,1.0,1.0,1.4,1.0,0.0,0.0,0.0,0.0,1
0,1.0,0,1.0,1.0,22.0,1.0,2.0,4.0,1.0,1.0,86.3,1.0,0.0,0.0,0.0,0.0,1
1,1.0,0,4.0,1.0,10.0,9.0,1.0,12.0,1.0,1.0,2.2,1.0,0.0,0.0,0.0,0.0,1
1,1.0,0,4.0,1.0,16.0,12.0,1.0,13.0,1.0,1.0,86.3,1.0,0.0,0.0,0.0,0.0,1
1,1.0,1,5.0,1.0,5.0,5.0,2.0,13.0,1.0,1.0,3.0,1.0,0.0,0.0,0.0,0.0,1
1,1.0,0,4.0,1.0,13.0,12.0,2.0,13.0,1.0,1.0,0.3,1.0,0.0,0.0,0.0,0.0,1
1,1.0,0,1.0,1.0,14.0,12.0,2.0,7.0,1.0,1.0,2.8,1.0,0.0,0.0,0.0,0.0,1
1,1.0,1,5.0,1.0,3.0,10.0,2.0,13.0,1.0,1.0,1.1,1.0,0.0,0.0,0.0,0.0,1
1,1.0,0,4.0,1.0,13.0,7.0,1.0,12.0,1.0,1.0,1.1,1.0,3.0,6.0,273.0,0.0,1
1,1.0,0,4.0,1.0,9.0,6.0,1.0,12.0,1.0,1.0,2.6,1.0,4.0,11.0,379.0,0.0,1
1,1.0,0,4.0,1.0,4.0,9.0,1.0,12.0,1.0,1.0,0.5,1.0,0.0,0.0,0.0,0.0,1
1,1.0,0,4.0,1.0,4.0,4.0,1.0,12.0,1.0,1.0,1.4,1.0,0.0,0.0,0.0,0.0,0
0,1.0,0,4.0,1.0,11.0,9.0,1.0,0.0,5.0,1.0,2.5,1.0,0.0,0.0,0.0,0.0,0
1,1.0,0,4.0,1.0,0.0,8.0,1.0,12.0,1.0,1.0,0.9,1.0,0.0,0.0,0.0,0.0,0
0,1.0,0,4.0,1.0,13.0,7.0,2.0,10.0,1.0,1.0,2.3,1.0,0.0,0.0,0.0,0.0,1
1,1.0,1,5.0,1.0,13.0,6.0,1.0,14.0,1.0,1.0,2.4,1.0,0.0,0.0,0.0,0.0,1
1,1.0,0,4.0,1.0,13.0,2.0,2.0,13.0,5.0,1.0,2.0,1.0,0.0,0.0,0.0,0.0,1
1,1.0,0,5.0,1.0,13.0,7.0,1.0,14.0,1.0,1.0,0.7,1.0,0.0,0.0,0.0,0.0,1
1,1.0,1,6.0,1.0,13.0,3.0,1.0,13.0,1.0,1.0,1.6,1.0,0.0,0.0,0.0,0.0,1
1,1.0,0,4.0,1.0,11.0,9.0,1.0,12.0,1.0,1.0,1.2,1.0,0.0,0.0,0.0,0.0,1
1,2.0,0,5.0,1.0,2.0,12.0,2.0,14.0,1.0,1.0,86.3,1.0,0.0,0.0,0.0,0.0,1
1,1.0,0,5.0,1.0,12.0,1.0,1.0,12.0,5.0,1.0,0.8,1.0,0.0,0.0,0.0,0.0,1
1,1.0,0,5.0,1.0,13.0,7.0,1.0,12.0,1.0,1.0,3.2,1.0,0.0,0.0,0.0,0.0,1
1,1.0,0,4.0,1.0,13.0,9.0,1.0,12.0,1.0,1.0,0.6,1.0,3.0,6.0,293.0,0.0,1
1,1.0,0,4.0,1.0,14.0,7.0,1.0,8.0,1.0,1.0,1.6,1.0,0.0,0.0,0.0,0.0,1
1,1.0,1,5.0,1.0,22.0,1.0,1.0,13.0,1.0,1.0,2.5,1.0,0.0,0.0,0.0,0.0,1
1,1.0,0,4.0,1.0,0.0,5.0,1.0,13.0,1.0,1.0,1.0,1.0,0.0,0.0,0.0,3.0,1
0,1.0,0,4.0,1.0,13.0,1.0,2.0,13.0,1.0,1.0,0.4,1.0,0.0,0.0,0.0,0.0,1
1,1.0,0,5.0,1.0,1.0,5.0,1.0,12.0,1.0,1.0,2.4,1.0,0.0,0.0,0.0,0.0,1
1,1.0,0,5.0,1.0,0.0,9.0,1.0,12.0,5.0,1.0,1.1,1.0,0.0,0.0,0.0,3.0,0
1,1.0,1,5.0,1.0,4.0,7.0,1.0,14.0,5.0,1.0,0.6,1.0,0.0,0.0,0.0,0.0,1
0,1.0,1,5.0,1.0,22.0,8.0,1.0,12.0,1.0,1.0,1.8,1.0,0.0,0.0,0.0,0.0,1
1,1.0,1,5.0,1.0,13.0,12.0,1.0,14.0,1.0,1.0,1.5,1.0,0.0,0.0,0.0,0.0,1
0,2.0,0,4.0,1.0,13.0,9.0,1.0,13.0,1.0,1.0,86.3,1.0,0.0,0.0,0.0,0.0,1
1,1.0,1,5.0,1.0,14.0,8.0,1.0,12.0,1.0,1.0,1.0,1.0,0.0,0.0,0.0,0.0,1
1,1.0,1,5.0,1.0,20.0,6.0,2.0,12.0,1.0,1.0,1.2,1.0,0.0,0.0,0.0,0.0,1
1,1.0,0,4.0,1.0,13.0,4.0,2.0,12.0,1.0,1.0,1.5,1.0,0.0,0.0,0.0,0.0,1
1,1.0,1,4.0,1.0,14.0,1.0,1.0,12.0,1.0,1.0,1.0,1.0,0.0,0.0,0.0,0.0,1
1,1.0,0,4.0,1.0,6.0,12.0,1.0,12.0,1.0,1.0,0.8,1.0,0.0,0.0,0.0,0.0,1
1,1.0,0,4.0,1.0,13.0,7.0,1.0,13.0,1.0,1.0,0.9,1.0,3.0,2.0,379.0,0.0,1
1,1.0,1,7.0,1.0,16.0,12.0,1.0,13.0,1.0,1.0,0.9,1.0,0.0,0.0,0.0,0.0,1
1,1.0,0,4.0,1.0,13.0,9.0,1.0,13.0,5.0,1.0,1.6,1.0,4.0,11.0,379.0,0.0,1
1,2.0,0,4.0,1.0,11.0,3.0,1.0,13.0,1.0,1.0,2.9,1.0,0.0,0.0,0.0,0.0,1
1,2.0,0,4.0,1.0,13.0,12.0,1.0,13.0,1.0,1.0,86.3,1.0,0.0,0.0,0.0,0.0,1
1,1.0,0,4.0,1.0,10.0,1.0,1.0,12.0,1.0,1.0,2.6,1.0,0.0,0.0,0.0,0.0,1
1,1.0,0,4.0,1.0,12.0,2.0,1.0,0.0,1.0,1.0,1.5,1.0,4.0,11.0,379.0,0.0,1
1,1.0,0,4.0,1.0,11.0,9.0,2.0,12.0,1.0,1.0,1.7,1.0,0.0,0.0,0.0,0.0,1
1,1.0,0,4.0,1.0,13.0,8.0,1.0,13.0,5.0,1.0,1.4,1.0,0.0,0.0,0.0,0.0,1
0,1.0,1,7.0,1.0,13.0,2.0,1.0,13.0,1.0,1.0,2.0,1.0,0.0,0.0,0.0,0.0,1
1,1.0,0,4.0,1.0,4.0,8.0,1.0,12.0,1.0,1.0,86.3,1.0,0.0,0.0,0.0,0.0,1
0,1.0,0,5.0,1.0,11.0,12.0,1.0,12.0,1.0,1.0,1.7,1.0,0.0,0.0,0.0,0.0,1
1,1.0,1,5.0,1.0,11.0,5.0,1.0,13.0,1.0,1.0,3.6,1.0,0.0,0.0,0.0,0.0,1
1,1.0,0,5.0,1.0,13.0,8.0,1.0,4.0,1.0,1.0,0.0,1.0,0.0,0.0,0.0,0.0,1
0,1.0,1,5.0,1.0,13.0,4.0,1.0,12.0,1.0,1.0,1.0,1.0,0.0,0.0,0.0,0.0,1
1,1.0,1,5.0,1.0,14.0,7.0,1.0,14.0,1.0,1.0,0.4,1.0,0.0,0.0,0.0,0.0,1
1,1.0,1,5.0,1.0,4.0,12.0,1.0,12.0,1.0,1.0,2.8,1.0,0.0,0.0,0.0,0.0,1
1,1.0,0,4.0,1.0,13.0,2.0,2.0,8.0,1.0,1.0,1.9,1.0,0.0,0.0,0.0,0.0,1
0,1.0,0,5.0,1.0,4.0,11.0,1.0,13.0,1.0,1.0,2.6,1.0,0.0,0.0,0.0,0.0,1
1,1.0,0,1.0,1.0,22.0,1.0,2.0,13.0,1.0,1.0,86.3,1.0,0.0,0.0,0.0,0.0,1
1,1.0,1,7.0,1.0,11.0,10.0,1.0,13.0,1.0,1.0,1.7,1.0,0.0,0.0,0.0,0.0,1
1,1.0,1,6.0,1.0,16.0,12.0,1.0,13.0,1.0,1.0,2.0,1.0,0.0,0.0,0.0,0.0,1
1,1.0,1,5.0,1.0,13.0,1.0,2.0,13.0,1.0,1.0,0.9,1.0,0.0,0.0,0.0,0.0,1
0,1.0,1,5.0,1.0,13.0,5.0,2.0,12.0,1.0,1.0,1.0,1.0,0.0,0.0,0.0,0.0,1
0,1.0,1,7.0,1.0,11.0,11.0,2.0,11.0,1.0,1.0,1.7,1.0,0.0,0.0,0.0,0.0,1
1,1.0,0,4.0,1.0,7.0,8.0,2.0,13.0,1.0,1.0,1.0,1.0,0.0,0.0,0.0,0.0,1
1,1.0,0,5.0,1.0,14.0,1.0,1.0,13.0,1.0,1.0,2.0,1.0,0.0,0.0,0.0,0.0,1
0,1.0,0,4.0,1.0,13.0,5.0,2.0,13.0,1.0,1.0,2.4,1.0,0.0,0.0,0.0,0.0,1
1,1.0,1,7.0,1.0,13.0,5.0,1.0,11.0,1.0,1.0,0.0,1.0,0.0,0.0,0.0,0.0,1
1,1.0,0,4.0,1.0,0.0,1.0,1.0,12.0,1.0,1.0,2.3,1.0,0.0,0.0,0.0,3.0,0
1,1.0,1,5.0,1.0,13.0,5.0,2.0,12.0,1.0,1.0,1.7,1.0,0.0,0.0,0.0,0.0,1
1,1.0,0,4.0,1.0,1.0,3.0,1.0,13.0,1.0,1.0,0.0,1.0,0.0,0.0,0.0,2.0,0
1,2.0,0,5.0,1.0,13.0,2.0,2.0,14.0,1.0,1.0,86.3,1.0,0.0,0.0,0.0,0.0,1
1,1.0,0,4.0,1.0,1.0,6.0,1.0,14.0,1.0,1.0,1.4,1.0,0.0,0.0,0.0,0.0,1
1,1.0,0,5.0,1.0,1.0,6.0,1.0,11.0,1.0,1.0,1.3,1.0,0.0,0.0,0.0,0.0,1
1,1.0,0,4.0,1.0,22.0,1.0,1.0,13.0,1.0,1.0,1.0,1.0,0.0,0.0,0.0,0.0,1
1,1.0,0,4.0,1.0,12.0,2.0,1.0,12.0,1.0,1.0,0.0,1.0,0.0,0.0,0.0,0.0,0
1,1.0,1,4.0,1.0,14.0,12.0,1.0,12.0,1.0,1.0,1.8,1.0,4.0,0.0,379.0,0.0,1
1,1.0,0,4.0,1.0,1.0,5.0,1.0,12.0,1.0,1.0,1.8,1.0,0.0,0.0,0.0,0.0,0
1,1.0,0,4.0,1.0,11.0,6.0,1.0,8.0,1.0,1.0,0.0,1.0,0.0,0.0,0.0,0.0,1
1,1.0,0,4.0,1.0,13.0,1.0,2.0,12.0,1.0,1.0,0.28763223,1.0,0.0,0.0,0.0,0.0,1
1,1.0,0,4.0,1.0,10.0,12.0,1.0,13.0,1.0,1.0,0.6,1.0,0.0,0.0,0.0,0.0,1
1,1.0,0,4.0,1.0,0.0,3.0,1.0,13.0,1.0,1.0,2.6,1.0,0.0,0.0,0.0,0.0,1
0,1.0,0,4.0,1.0,13.0,8.0,2.0,13.0,1.0,1.0,86.3,1.0,0.0,0.0,0.0,0.0,1
1,1.0,0,5.0,1.0,11.0,4.0,2.0,13.0,1.0,1.0,1.4,1.0,0.0,0.0,0.0,0.0,1
1,1.0,0,4.0,1.0,2.0,9.0,1.0,14.0,1.0,1.0,6.3,1.0,0.0,0.0,0.0,0.0,1
1,1.0,0,4.0,1.0,10.0,6.0,1.0,12.0,1.0,1.0,1.5191007,1.0,0.0,0.0,0.0,0.0,1
1,1.0,1,5.0,1.0,13.0,2.0,1.0,12.0,1.0,1.0,1.2,1.0,0.0,0.0,0.0,0.0,1
1,1.0,0,4.0,1.0,13.0,12.0,2.0,0.0,1.0,1.0,3.5,1.0,0.0,0.0,0.0,0.0,1
1,1.0,0,4.0,1.0,0.0,5.0,2.0,12.0,1.0,1.0,0.9,1.0,0.0,0.0,0.0,0.0,0
1,1.0,0,5.0,1.0,11.0,1.0,1.0,13.0,1.0,1.0,0.0,1.0,0.0,0.0,0.0,0.0,1
1,1.0,0,4.0,1.0,13.0,4.0,2.0,12.0,1.0,1.0,1.5,1.0,3.0,0.0,274.0,0.0,1
1,1.0,0,4.0,1.0,13.0,6.0,2.0,12.0,1.0,1.0,2.3,1.0,0.0,0.0,0.0,0.0,1
1,1.0,1,5.0,1.0,14.0,3.0,1.0,13.0,1.0,1.0,0.0,1.0,0.0,0.0,0.0,0.0,1
1,1.0,0,5.0,1.0,13.0,4.0,1.0,13.0,1.0,1.0,1.9,1.0,0.0,0.0,0.0,0.0,1
1,1.0,0,4.0,1.0,0.0,8.0,1.0,13.0,1.0,1.0,2.8,1.0,0.0,0.0,0.0,0.0,1
1,1.0,0,4.0,1.0,11.0,3.0,1.0,12.0,1.0,1.0,2.971869,1.0,0.0,0.0,0.0,0.0,1
1,1.0,0,5.0,1.0,13.0,1.0,1.0,13.0,1.0,1.0,1.8,1.0,0.0,0.0,0.0,0.0,1
1,1.0,1,5.0,1.0,11.0,1.0,1.0,9.0,5.0,1.0,2.3,1.0,0.0,0.0,0.0,0.0,1
1,1.0,1,5.0,1.0,11.0,10.0,1.0,12.0,1.0,1.0,1.7,1.0,0.0,0.0,0.0,0.0,1
1,1.0,1,4.0,1.0,16.0,4.0,2.0,14.0,1.0,1.0,2.0,1.0,0.0,0.0,0.0,0.0,1
1,1.0,0,4.0,1.0,1.0,5.0,2.0,13.0,1.0,1.0,3.3,1.0,0.0,0.0,0.0,0.0,1
1,1.0,0,4.0,1.0,1.0,1.0,1.0,12.0,1.0,1.0,1.5,1.0,3.0,11.0,0.0,3.0,0
1,1.0,0,4.0,1.0,22.0,10.0,1.0,12.0,1.0,1.0,0.3,1.0,0.0,0.0,0.0,0.0,1
1,1.0,0,4.0,1.0,10.0,4.0,2.0,11.0,1.0,1.0,0.0,1.0,0.0,0.0,0.0,0.0,1
1,1.0,0,4.0,1.0,12.0,7.0,2.0,13.0,1.0,1.0,1.8,1.0,0.0,0.0,0.0,0.0,1
0,1.0,0,4.0,1.0,13.0,5.0,2.0,12.0,1.0,1.0,0.3,1.0,0.0,0.0,0.0,0.0,1
1,2.0,1,5.0,1.0,14.0,8.0,1.0,14.0,1.0,1.0,86.3,1.0,0.0,0.0,0.0,0.0,1
1,1.0,0,4.0,1.0,22.0,3.0,1.0,13.0,2.0,1.0,0.7,1.0,0.0,0.0,0.0,0.0,1
1,1.0,1,6.0,1.0,13.0,1.0,1.0,13.0,1.0,1.0,2.0,1.0,0.0,0.0,0.0,0.0,1
1,1.0,0,4.0,1.0,11.0,8.0,2.0,13.0,1.0,1.0,0.0,1.0,0.0,0.0,0.0,0.0,1
1,1.0,0,4.0,1.0,2.0,12.0,1.0,12.0,1.0,1.0,1.7,1.0,0.0,0.0,0.0,0.0,1
1,1.0,0,4.0,1.0,13.0,4.0,2.0,13.0,1.0,1.0,1.9,1.0,0.0,0.0,0.0,0.0,1
0,1.0,0,4.0,1.0,13.0,6.0,1.0,12.0,1.0,1.0,4.0,1.0,0.0,0.0,0.0,0.0,1
1,1.0,0,4.0,1.0,4.0,12.0,1.0,12.0,1.0,1.0,2.3,1.0,0.0,0.0,0.0,0.0,1
1,1.0,0,4.0,1.0,12.0,10.0,1.0,12.0,1.0,1.0,4.6,1.0,0.0,0.0,0.0,0.0,1
1,1.0,0,5.0,1.0,13.0,5.0,2.0,12.0,1.0,1.0,1.5,1.0,0.0,0.0,0.0,0.0,1
1,1.0,0,5.0,1.0,4.0,5.0,2.0,0.0,1.0,1.0,0.0,1.0,0.0,0.0,0.0,0.0,1
1,1.0,0,4.0,1.0,13.0,9.0,1.0,12.0,1.0,1.0,0.6,1.0,0.0,0.0,0.0,0.0,1
1,1.0,0,5.0,1.0,13.0,12.0,1.0,13.0,1.0,1.0,2.6,1.0,0.0,0.0,0.0,0.0,1
1,1.0,0,5.0,1.0,13.0,7.0,1.0,12.0,5.0,1.0,86.3,1.0,0.0,0.0,0.0,0.0,1
1,1.0,0,4.0,1.0,14.0,6.0,2.0,12.0,1.0,1.0,3.2,1.0,0.0,0.0,0.0,0.0,1
1,1.0,0,5.0,1.0,0.0,5.0,2.0,13.0,1.0,1.0,1.2,1.0,0.0,0.0,0.0,0.0,1
1,1.0,0,4.0,1.0,14.0,7.0,2.0,13.0,1.0,1.0,2.2,1.0,0.0,0.0,0.0,0.0,1
0,1.0,1,4.0,1.0,22.0,5.0,2.0,13.0,1.0,1.0,1.1,1.0,3.0,0.0,379.0,0.0,1
1,1.0,1,6.0,1.0,16.0,6.0,1.0,12.0,1.0,1.0,5.3778286,1.0,0.0,0.0,0.0,0.0,1
1,1.0,0,4.0,1.0,0.0,5.0,2.0,12.0,1.0,1.0,1.8,1.0,0.0,0.0,0.0,0.0,1
1,1.0,0,4.0,1.0,0.0,12.0,1.0,7.0,1.0,1.0,2.4,1.0,0.0,0.0,0.0,3.0,0
1,1.0,0,4.0,1.0,4.0,5.0,1.0,13.0,1.0,1.0,2.9,1.0,0.0,0.0,0.0,0.0,1
1,1.0,0,1.0,1.0,22.0,8.0,1.0,0.0,1.0,1.0,1.8,1.0,0.0,0.0,0.0,0.0,1
1,1.0,0,5.0,1.0,0.0,1.0,1.0,12.0,1.0,1.0,0.9,1.0,0.0,0.0,0.0,3.0,0
0,1.0,0,4.0,1.0,1.0,7.0,1.0,0.0,5.0,1.0,4.9,1.0,0.0,0.0,0.0,0.0,1
0,1.0,1,4.0,1.0,13.0,5.0,2.0,13.0,1.0,1.0,0.6,1.0,0.0,0.0,0.0,0.0,1
1,1.0,0,1.0,1.0,20.0,6.0,1.0,12.0,1.0,1.0,3.1,1.0,0.0,0.0,0.0,0.0,1
1,1.0,1,5.0,1.0,13.0,12.0,2.0,12.0,1.0,1.0,0.0,1.0,0.0,0.0,0.0,0.0,1
1,1.0,1,4.0,1.0,11.0,2.0,1.0,0.0,1.0,1.0,2.0,1.0,0.0,0.0,0.0,0.0,1
1,1.0,1,4.0,1.0,8.0,9.0,1.0,9.0,2.0,1.0,2.5,1.0,0.0,0.0,0.0,0.0,1
0,1.0,0,5.0,1.0,20.0,12.0,1.0,12.0,1.0,1.0,2.0,1.0,0.0,0.0,0.0,0.0,1
1,1.0,0,4.0,1.0,3.0,1.0,1.0,13.0,1.0,1.0,1.4,1.0,0.0,0.0,0.0,0.0,1
0,1.0,0,4.0,1.0,1.0,2.0,1.0,10.0,1.0,1.0,86.3,1.0,4.0,7.0,379.0,3.0,1
1,1.0,1,5.0,1.0,11.0,4.0,2.0,14.0,1.0,1.0,86.3,1.0,0.0,0.0,0.0,0.0,1
1,1.0,0,4.0,1.0,10.0,10.0,2.0,12.0,1.0,1.0,0.8,1.0,0.0,0.0,0.0,0.0,0
1,1.0,0,1.0,1.0,16.0,5.0,2.0,12.0,1.0,1.0,1.5,1.0,4.0,11.0,379.0,0.0,1
1,1.0,1,4.0,1.0,22.0,3.0,1.0,0.0,1.0,1.0,3.0,1.0,4.0,11.0,379.0,0.0,1
1,1.0,1,6.0,1.0,13.0,6.0,1.0,14.0,5.0,1.0,3.0,1.0,0.0,0.0,0.0,0.0,1
1,1.0,1,4.0,1.0,22.0,1.0,1.0,13.0,1.0,1.0,0.0,1.0,0.0,0.0,0.0,0.0,1
1,1.0,1,6.0,1.0,13.0,4.0,2.0,12.0,1.0,1.0,0.5,1.0,0.0,0.0,0.0,0.0,1
1,1.0,0,1.0,1.0,14.0,8.0,2.0,0.0,1.0,1.0,86.3,1.0,4.0,0.0,379.0,0.0,1
1,1.0,0,5.0,1.0,0.0,4.0,1.0,12.0,1.0,2.0,1.8,1.0,0.0,0.0,0.0,3.0,0
1,1.0,0,5.0,1.0,11.0,2.0,2.0,7.0,1.0,1.0,1.6,1.0,0.0,0.0,0.0,0.0,1
1,1.0,0,4.0,1.0,10.0,5.0,1.0,7.0,1.0,1.0,3.0,1.0,3.0,7.0,379.0,0.0,1
1,1.0,0,4.0,1.0,0.0,3.0,1.0,12.0,1.0,1.0,1.9,1.0,0.0,0.0,0.0,0.0,1
1,1.0,1,5.0,1.0,2.0,12.0,2.0,0.0,1.0,1.0,0.4,1.0,0.0,0.0,0.0,0.0,1
1,1.0,0,1.0,1.0,14.0,7.0,1.0,13.0,1.0,1.0,1.6,1.0,0.0,0.0,0.0,0.0,1
1,1.0,1,5.0,1.0,4.0,4.0,1.0,13.0,1.0,1.0,0.9,1.0,0.0,0.0,0.0,0.0,1
1,1.0,0,5.0,1.0,1.0,12.0,1.0,0.0,1.0,1.0,1.5,1.0,0.0,0.0,0.0,0.0,1
1,2.0,0,4.0,1.0,10.0,8.0,2.0,12.0,1.0,1.0,3.9,1.0,0.0,0.0,0.0,0.0,1
1,1.0,0,5.0,1.0,0.0,3.0,1.0,13.0,1.0,1.0,2.6,1.0,0.0,0.0,0.0,3.0,0
0,1.0,0,1.0,1.0,16.0,8.0,1.0,10.0,1.0,1.0,2.0,1.0,0.0,0.0,0.0,0.0,1
1,1.0,0,4.0,1.0,13.0,9.0,2.0,12.0,1.0,1.0,1.0,1.0,0.0,0.0,0.0,0.0,1
1,1.0,1,4.0,1.0,12.0,2.0,2.0,13.0,1.0,1.0,3.1,1.0,0.0,0.0,0.0,0.0,1
1,1.0,0,4.0,1.0,14.0,12.0,1.0,13.0,1.0,1.0,2.5,1.0,0.0,0.0,0.0,0.0,1
1,1.0,0,4.0,1.0,0.0,4.0,1.0,12.0,1.0,1.0,3.9,1.0,0.0,2.0,0.0,0.0,1
1,1.0,1,5.0,1.0,13.0,2.0,2.0,13.0,1.0,1.0,1.7,1.0,0.0,0.0,0.0,0.0,1
1,1.0,1,5.0,1.0,10.0,4.0,2.0,11.0,1.0,1.0,0.0,1.0,0.0,0.0,0.0,0.0,0
0,1.0,1,5.0,1.0,13.0,7.0,1.0,0.0,5.0,1.0,1.1,1.0,4.0,11.0,379.0,0.0,1
1,1.0,1,5.0,1.0,22.0,1.0,2.0,12.0,1.0,1.0,1.9,1.0,0.0,0.0,0.0,0.0,1
0,1.0,0,4.0,1.0,13.0,12.0,2.0,12.0,1.0,1.0,1.0,1.0,0.0,0.0,0.0,0.0,1
1,1.0,1,4.0,1.0,16.0,5.0,1.0,12.0,1.0,1.0,86.3,1.0,0.0,0.0,0.0,0.0,1
1,1.0,0,4.0,1.0,0.0,2.0,1.0,14.0,1.0,4.0,1.9,1.0,0.0,0.0,0.0,3.0,0
1,1.0,0,4.0,1.0,13.0,7.0,1.0,12.0,1.0,1.0,1.9,1.0,4.0,11.0,379.0,0.0,1
1,1.0,1,5.0,1.0,12.0,5.0,2.0,12.0,1.0,1.0,0.9,1.0,0.0,0.0,0.0,0.0,1
1,1.0,0,4.0,1.0,10.0,3.0,2.0,12.0,1.0,1.0,1.9,1.0,0.0,0.0,0.0,0.0,1
1,1.0,0,4.0,1.0,9.0,1.0,1.0,12.0,5.0,1.0,2.1,1.0,0.0,0.0,0.0,0.0,1
1,1.0,1,7.0,1.0,13.0,12.0,2.0,12.0,1.0,1.0,2.5,1.0,0.0,0.0,0.0,0.0,1
0,1.0,1,5.0,1.0,14.0,4.0,2.0,12.0,1.0,1.0,0.0,1.0,0.0,0.0,0.0,0.0,1
1,1.0,0,4.0,1.0,10.0,9.0,1.0,12.0,1.0,1.0,5.9,1.0,0.0,0.0,0.0,0.0,1
1,1.0,0,4.0,1.0,13.0,12.0,1.0,0.0,1.0,1.0,1.0,1.0,0.0,0.0,0.0,0.0,1
1,1.0,0,4.0,1.0,13.0,7.0,1.0,13.0,1.0,1.0,1.4,1.0,0.0,0.0,0.0,0.0,1
0,2.0,0,4.0,1.0,13.0,5.0,2.0,0.0,1.0,1.0,1.1,1.0,0.0,0.0,0.0,0.0,1
0,1.0,1,5.0,1.0,22.0,4.0,1.0,13.0,5.0,1.0,2.0,1.0,0.0,0.0,0.0,0.0,1
1,1.0,0,5.0,1.0,0.0,1.0,1.0,12.0,2.0,1.0,0.5,1.0,0.0,0.0,0.0,3.0,1
1,1.0,0,4.0,1.0,13.0,5.0,1.0,12.0,5.0,1.0,1.5,1.0,4.0,11.0,379.0,0.0,1
1,1.0,0,4.0,1.0,13.0,6.0,1.0,12.0,1.0,1.0,86.3,1.0,0.0,0.0,0.0,0.0,1
1,1.0,0,4.0,1.0,6.0,6.0,2.0,12.0,1.0,1.0,1.3,1.0,0.0,0.0,0.0,0.0,1
1,1.0,0,4.0,1.0,13.0,1.0,2.0,13.0,1.0,1.0,1.4,1.0,0.0,0.0,0.0,0.0,1
1,1.0,0,4.0,1.0,13.0,5.0,2.0,13.0,1.0,1.0,1.2,1.0,0.0,0.0,0.0,0.0,1
1,1.0,0,4.0,1.0,13.0,10.0,2.0,7.0,1.0,1.0,2.9,1.0,0.0,0.0,0.0,0.0,1
1,1.0,0,4.0,1.0,0.0,6.0,1.0,13.0,1.0,1.0,0.2,1.0,0.0,0.0,0.0,0.0,1
1,1.0,0,5.0,1.0,4.0,1.0,1.0,13.0,1.0,1.0,1.8,1.0,0.0,0.0,0.0,3.0,0
1,1.0,0,4.0,1.0,22.0,1.0,1.0,10.0,5.0,1.0,1.5,1.0,0.0,0.0,0.0,0.0,1
1,1.0,0,4.0,1.0,6.0,2.0,1.0,13.0,5.0,1.0,3.822715,1.0,0.0,0.0,0.0,0.0,1
1,1.0,0,4.0,1.0,13.0,6.0,1.0,6.0,1.0,1.0,86.3,1.0,0.0,0.0,0.0,0.0,1
1,1.0,0,4.0,1.0,13.0,10.0,2.0,13.0,1.0,1.0,1.5,1.0,0.0,0.0,0.0,0.0,1
1,1.0,1,5.0,1.0,3.0,12.0,1.0,13.0,1.0,1.0,2.8,1.0,0.0,0.0,0.0,0.0,1
1,1.0,0,4.0,1.0,13.0,5.0,1.0,12.0,1.0,1.0,1.0,1.0,0.0,0.0,0.0,0.0,1
1,1.0,0,4.0,1.0,13.0,7.0,1.0,10.0,1.0,1.0,1.0,1.0,0.0,0.0,0.0,0.0,1
0,1.0,0,5.0,1.0,6.0,4.0,1.0,12.0,1.0,1.0,1.4,1.0,0.0,0.0,0.0,0.0,1
1,1.0,0,5.0,1.0,0.0,1.0,1.0,12.0,1.0,2.0,0.7,1.0,0.0,0.0,0.0,3.0,0
1,1.0,0,4.0,1.0,0.0,1.0,1.0,12.0,1.0,1.0,1.7,1.0,0.0,0.0,0.0,0.0,0
1,1.0,0,4.0,1.0,13.0,8.0,2.0,7.0,1.0,1.0,1.5,1.0,0.0,0.0,0.0,0.0,1
1,1.0,0,4.0,1.0,13.0,5.0,1.0,13.0,1.0,1.0,1.3277955,1.0,3.0,11.0,312.81216,0.0,1
1,1.0,0,4.0,1.0,11.090548,7.0,2.0,12.0,1.0,1.0,3.5,1.0,0.0,0.0,0.0,0.0,1
1,1.0,0,5.0,1.0,0.0,3.0,2.0,12.0,1.0,1.0,0.4,1.0,0.0,0.0,0.0,0.0,1
1,1.0,1,6.0,1.0,13.0,10.0,1.0,12.0,1.0,1.0,1.2,1.0,0.0,0.0,0.0,0.0,1
1,2.0,0,4.0,1.0,13.0,8.0,1.0,14.0,1.0,4.0,86.3,1.0,0.0,0.0,0.0,0.0,1
1,1.0,1,5.0,1.0,22.0,5.0,1.0,14.0,1.0,1.0,4.5,1.0,0.0,0.0,0.0,0.0,1
0,1.0,0,4.0,1.0,13.0,1.0,1.0,12.0,1.0,1.0,3.6,1.0,0.0,0.0,0.0,0.0,1
1,1.0,0,4.0,1.0,1.0,8.0,1.0,13.0,1.0,1.0,1.8,1.0,4.0,11.0,379.0,0.0,0
0,1.0,0,4.0,1.0,1.0,9.0,1.0,13.0,1.0,1.0,3.0,1.0,0.0,0.0,0.0,0.0,1
1,1.0,0,2.0,1.0,22.0,4.0,2.0,13.0,1.0,1.0,2.0,1.0,0.0,0.0,0.0,0.0,1
1,1.0,0,4.0,1.0,0.0,11.0,1.0,12.0,1.0,1.0,0.6,1.0,0.0,0.0,0.0,3.0,0
0,1.0,1,4.0,1.0,3.0,6.0,1.0,0.0,1.0,1.0,1.5,1.0,0.0,0.0,0.0,0.0,1
0,2.0,1,5.0,1.0,6.0,10.0,2.0,12.0,1.0,1.0,1.5,1.0,0.0,0.0,0.0,0.0,1
1,1.0,0,4.0,1.0,11.0,3.0,1.0,14.0,1.0,1.0,0.5,1.0,0.0,0.0,0.0,0.0,1
1,1.0,0,4.0,1.0,13.0,5.0,1.0,12.0,1.0,1.0,1.7,1.0,0.0,0.0,0.0,0.0,1
0,1.0,0,5.0,1.0,14.0,7.0,2.0,13.0,1.0,1.0,86.3,1.0,0.0,0.0,0.0,0.0,1
0,1.0,1,5.0,1.0,0.0,5.0,1.0,14.0,1.0,1.0,86.3,1.0,0.0,0.0,0.0,0.0,1
1,1.0,1,5.2227345,1.0,12.0,12.0,1.0,14.0,1.0,1.0,2.3,1.0,0.0,0.0,0.0,0.0,1
1,1.0,1,4.0,1.0,16.0,3.0,1.0,9.0,1.0,1.0,0.6,1.0,4.0,11.0,379.0,0.0,1
1,1.0,0,4.0,1.0,13.0,5.0,2.0,12.0,1.0,1.0,2.0,1.0,0.0,0.0,0.0,0.0,1
1,1.0,1,4.0,1.0,13.0,5.0,1.0,13.0,1.0,1.0,1.4,1.0,0.0,0.0,0.0,0.0,1
1,1.0,0,4.0,1.0,13.0,7.0,2.0,0.0,1.0,1.0,1.3,1.0,0.0,0.0,0.0,0.0,1
1,1.0,0,4.0,1.0,8.0,5.0,1.0,12.0,1.0,1.0,0.8,1.0,0.0,0.0,0.0,0.0,1
1,1.0,0,4.0,1.0,0.0,4.0,1.0,12.0,1.0,1.0,1.1,1.0,0.0,5.0,0.0,0.0,0
1,1.0,0,4.0,1.0,13.0,9.0,2.0,13.0,1.0,1.0,1.6,1.0,0.0,0.0,0.0,0.0,1
0,1.0,1,4.0,1.0,22.0,3.0,1.0,0.0,1.0,1.0,1.7,1.0,0.0,0.0,0.0,0.0,1
1,1.0,0,4.0,1.0,4.0,9.0,1.0,12.0,1.0,1.0,1.7,1.0,0.0,0.0,0.0,0.0,1
1,1.0,0,4.0,1.0,4.0,3.0,1.0,13.0,1.0,1.0,0.5,1.0,0.0,0.0,0.0,0.0,1
1,1.0,1,6.0,1.0,13.0,12.0,1.0,12.0,1.0,1.0,2.0,1.0,0.0,0.0,0.0,0.0,1
1,1.0,1,5.0,1.0,13.0,6.0,2.0,13.0,1.0,1.0,1.4,1.0,0.0,0.0,0.0,0.0,1
1,1.0,0,4.0,1.0,10.0,4.0,1.0,13.0,1.0,1.0,1.2,1.0,0.0,0.0,0.0,0.0,1
1,1.0,0,5.0,2.0,13.0,9.0,2.0,13.0,5.0,1.0,1.1,1.0,0.0,0.0,0.0,0.0,1
1,1.0,1,7.0,1.0,13.0,8.0,1.0,12.0,1.0,1.0,1.4,1.0,0.0,0.0,0.0,0.0,1
1,1.0,1,6.0,1.0,13.0,8.0,2.0,13.0,2.0,1.0,0.0,1.0,0.0,0.0,0.0,0.0,1
1,1.0,1,7.0,1.0,22.0,10.0,1.0,13.0,1.0,1.0,3.1,1.0,0.0,0.0,0.0,0.0,1
1,1.0,1,5.0,1.0,22.0,7.0,2.0,12.0,1.0,1.0,0.0,1.0,0.0,0.0,0.0,0.0,1
1,1.0,0,4.0,1.0,15.0,1.0,1.0,13.0,1.0,1.0,0.0,1.0,0.0,0.0,0.0,0.0,1
1,1.0,0,4.0,1.0,0.0,7.0,1.0,13.0,1.0,1.0,2.0,1.0,0.0,0.0,0.0,3.0,0
1,1.0,1,4.0,1.0,13.0,8.0,2.0,13.0,1.0,1.0,3.1,1.0,0.0,0.0,0.0,0.0,1
1,1.0,0,4.0,1.0,13.0,1.0,1.0,13.0,2.0,1.0,1.4,1.0,0.0,0.0,0.0,0.0,1
0,1.0,0,5.0,1.0,10.0,5.0,1.0,11.0,1.0,1.0,1.6,1.0,0.0,0.0,0.0,0.0,1
1,1.0,0,5.0,1.0,13.0,5.0,2.0,10.0,1.0,1.0,4.3,1.0,0.0,0.0,0.0,0.0,1
1,1.0,1,5.0,1.0,13.0,3.0,1.0,0.0,1.0,1.0,2.0,1.0,0.0,0.0,0.0,0.0,1
1,1.0,0,5.0,2.0,16.0,8.0,2.0,12.0,1.0,1.0,86.3,1.0,0.0,0.0,0.0,0.0,1
0,1.0,0,4.0,1.0,0.0,7.0,1.0,12.0,2.0,2.0,3.8,1.0,0.0,0.0,0.0,3.0,1
1,1.0,1,5.0,1.0,11.0,6.0,1.0,12.0,1.0,1.0,0.7,1.0,0.0,0.0,0.0,0.0,1
1,1.0,0,4.0,1.0,5.0,9.0,1.0,13.0,1.0,1.0,6.2096725,1.0,0.0,0.0,0.0,0.0,1
1,1.0,0,4.0,1.0,21.0,1.0,2.0,13.0,1.0,1.0,2.9,1.0,0.0,0.0,0.0,0.0,1
1,1.0,1,6.0,1.0,11.0,10.0,2.0,0.0,1.0,1.0,0.0,1.0,0.0,0.0,0.0,0.0,1
1,1.0,0,4.0,1.0,13.0,2.0,1.0,13.0,1.0,1.0,0.7,1.0,0.0,0.0,0.0,0.0,1
1,1.0,1,5.0,1.0,11.0,4.0,1.0,13.0,1.0,1.0,1.0,1.0,0.0,0.0,0.0,0.0,1
1,1.0,0,4.0,1.0,0.0,5.0,1.0,12.0,1.0,1.0,2.150667,1.0,0.0,0.0,0.0,3.0,1
0,1.0,0,5.0,1.0,10.0,11.0,1.0,12.0,1.0,1.0,2.0,1.0,0.0,0.0,0.0,0.0,1
1,1.0,0,4.0,1.0,0.0,7.0,1.0,13.0,1.0,1.0,1.4,1.0,0.0,0.0,0.0,3.0,0
1,1.0,0,4.0,1.0,13.0,12.0,2.0,12.0,1.0,1.0,2.6,1.0,0.0,0.0,0.0,0.0,1
1,1.0,1,5.0,1.0,13.0,3.0,2.0,7.0,1.0,1.0,4.0,1.0,0.0,0.0,0.0,0.0,1
1,1.0,0,5.0,1.0,13.0,2.0,1.0,12.0,1.0,1.0,1.4,1.0,0.0,0.0,0.0,0.0,1
1,1.0,0,4.0,1.0,0.0,5.0,1.0,12.0,1.0,1.0,3.6,1.0,0.0,0.0,0.0,0.0,1
1,1.0,1,5.0,1.0,13.0,2.0,2.0,10.0,1.0,1.0,0.8,1.0,0.0,0.0,0.0,0.0,1
1,1.0,1,4.0,1.0,13.0,1.0,2.0,13.0,1.0,1.0,2.4,1.0,0.0,0.0,0.0,0.0,1
1,1.0,0,1.0,1.0,13.0,11.0,2.0,0.0,1.0,1.0,1.0,1.0,0.0,0.0,0.0,0.0,1
1,1.0,0,4.0,1.0,7.0,9.0,2.0,12.0,1.0,1.0,0.4,1.0,0.0,0.0,0.0,0.0,1
1,1.0,0,4.0,1.0,11.0,12.0,1.0,3.0,1.0,1.0,1.4,1.0,0.0,0.0,0.0,0.0,1
1,1.0,1,4.0,1.0,11.0,10.0,1.0,2.0,5.0,1.0,0.1,1.0,4.0,11.0,379.0,0.0,1
1,1.0,1,4.0,1.0,11.0,12.0,1.0,12.0,1.0,1.0,3.0,1.0,0.0,0.0,0.0,0.0,1
1,1.0,0,4.0,1.0,10.0,2.0,2.0,12.0,1.0,1.0,2.4,1.0,0.0,0.0,0.0,0.0,1
1,1.0,1,5.0,1.0,13.0,2.0,2.0,7.0,1.0,1.0,2.1,1.0,0.0,0.0,0.0,0.0,1
0,1.0,0,5.0,1.0,9.0,7.0,2.0,13.0,1.0,1.0,4.2,1.0,0.0,0.0,0.0,0.0,1
1,1.0,1,5.0,1.0,22.0,7.0,2.0,7.0,1.0,1.0,2.0,1.0,0.0,0.0,0.0,0.0,1
0,1.0,1,4.0,1.0,11.0,1.0,2.0,13.0,1.0,1.0,4.1,1.0,0.0,0.0,0.0,0.0,1
0,1.0,1,5.0,1.0,20.0,1.0,1.0,12.0,1.0,1.0,0.0,1.0,0.0,0.0,0.0,0.0,1
1,1.0,0,4.0,1.0,13.0,4.0,2.0,13.0,1.0,1.0,1.8,1.0,0.0,0.0,0.0,0.0,1
1,1.0,1,4.0,1.0,13.0,12.0,1.0,12.0,1.0,1.0,1.6,1.0,4.0,11.0,379.0,0.0,1
1,1.0,0,4.0,1.0,11.0,9.0,1.0,12.0,1.0,1.0,1.4,1.0,0.0,0.0,0.0,0.0,1
0,1.0,0,4.0,1.0,0.0,4.0,2.0,12.0,1.0,1.0,2.1,1.0,0.0,0.0,0.0,0.0,1
1,1.0,1,4.0,1.0,0.0,10.0,1.0,12.0,1.0,1.0,0.3,1.0,0.0,0.0,0.0,0.0,1
0,1.0,1,5.0,1.0,11.0,12.0,2.0,12.0,1.0,1.0,3.2,1.0,0.0,0.0,0.0,0.0,1
1,1.0,1,5.0,1.0,13.0,5.0,1.0,13.0,1.0,1.0,0.0,1.0,0.0,0.0,0.0,0.0,1
1,1.0,0,5.0,1.0,13.0,4.0,1.0,0.0,1.0,1.0,86.3,1.0,0.0,0.0,0.0,0.0,1
1,1.0,0,4.0,1.0,10.0,6.0,2.0,12.0,1.0,1.0,1.5,1.0,0.0,0.0,0.0,0.0,1
1,1.0,1,4.0,1.0,10.0,1.0,2.0,10.0,1.0,1.0,2.5,1.0,0.0,0.0,0.0,0.0,1
1,1.0,0,4.0,1.0,13.0,10.0,1.0,6.0,1.0,1.0,2.0,1.0,0.0,0.0,0.0,0.0,1
1,1.0,1,5.0,1.0,13.0,4.0,2.0,12.0,1.0,1.0,0.8,1.0,0.0,0.0,0.0,0.0,1
1,1.0,0,4.0,1.0,4.0,6.0,2.0,11.0,1.0,1.0,2.2,1.0,0.0,0.0,0.0,0.0,1
1,1.0,1,5.0,1.0,13.0,6.0,2.0,12.0,1.0,1.0,0.0,1.0,0.0,0.0,0.0,0.0,1
1,1.0,0,4.0,1.0,6.0,7.0,1.0,12.0,1.0,1.0,0.9,1.0,0.0,0.0,0.0,0.0,1
1,1.0,0,4.0,1.0,13.0,3.0,2.0,13.0,1.0,1.0,1.8,1.0,0.0,0.0,0.0,0.0,1
1,1.0,0,5.0,1.0,14.0,5.0,2.0,13.0,1.0,1.0,2.0,1.0,0.0,0.0,0.0,0.0,1
1,1.0,0,4.0,1.0,22.0,9.0,2.0,13.0,1.0,1.0,1.0,1.0,0.0,0.0,0.0,0.0,1
1,1.0,0,4.0,1.0,13.0,12.0,2.0,14.0,1.0,1.0,2.8,1.0,0.0,0.0,0.0,0.0,1
1,1.0,0,4.0,1.0,10.0,11.0,2.0,13.0,1.0,1.0,0.0,1.0,0.0,0.0,0.0,0.0,1
1,1.0,0,4.0,1.0,0.0,12.0,1.0,14.0,1.0,1.0,86.3,1.0,0.0,0.0,0.0,0.0,0
1,1.0,1,6.0,1.0,13.0,11.0,2.0,13.0,1.0,1.0,1.6,1.0,0.0,0.0,0.0,0.0,1
1,1.0,1,5.0,1.0,13.0,9.0,2.0,12.0,1.0,1.0,3.9,1.0,0.0,0.0,0.0,0.0,1
1,1.0,1,5.0,1.0,13.0,8.0,1.0,13.0,1.0,1.0,86.3,1.0,0.0,0.0,0.0,0.0,1
1,1.0,1,5.0,1.0,13.0,6.0,2.0,13.0,1.0,1.0,2.5,1.0,0.0,0.0,0.0,0.0,1
1,1.0,0,4.0,1.0,1.0,4.0,2.0,13.0,1.0,1.0,0.0,1.0,0.0,0.0,0.0,0.0,1
1,1.0,0,4.0,1.0,3.0,3.0,1.0,12.0,1.0,2.0,0.7,1.0,0.0,0.0,0.0,3.0,0
1,1.0,1,5.0,1.0,10.0,2.0,1.0,13.0,5.0,1.0,1.1,1.0,0.0,0.0,0.0,0.0,1
1,1.0,1,4.0,1.0,14.0,4.0,1.0,7.0,1.0,1.0,1.3,1.0,3.0,5.087789,379.0,0.0,1
1,1.0,0,5.0,1.0,4.0,11.0,2.0,13.0,1.0,1.0,3.4,1.0,0.0,0.0,0.0,0.0,1
1,1.0,0,4.0,1.0,22.0,12.0,2.0,13.0,1.0,1.0,86.3,1.0,0.0,0.0,0.0,0.0,1
1,1.0,0,4.0,1.0,0.0,7.0,1.0,13.0,1.0,1.0,1.1,1.0,0.0,0.0,0.0,0.0,0
1,1.0,1,4.0,1.0,14.0,7.1613703,1.0,9.0,1.0,1.0,1.8,1.0,4.0,11.0,379.0,0.0,1
1,1.0,1,4.0,1.0,12.0,8.0,1.0,12.0,1.0,1.0,2.0,1.0,0.0,0.0,0.0,0.0,1
0,1.0,0,5.0,1.0,10.0,6.0,2.0,13.0,1.0,1.0,3.0,1.0,0.0,0.0,0.0,0.0,1
1,1.0,0,4.0,1.0,13.0,1.0,2.0,13.0,1.0,1.0,1.4,1.0,0.0,0.0,0.0,0.0,1
1,1.0,1,6.0,1.0,16.0,3.0,2.0,13.0,1.0,1.0,5.6,1.0,0.0,0.0,0.0,0.0,1
1,1.0,0,4.0,1.0,14.0,7.0,1.0,12.0,1.0,1.0,3.1,1.0,3.0,0.0,301.0,0.0,1
1,1.0,0,5.0,1.0,13.0,7.0,1.0,6.0,1.0,1.0,1.7,1.0,4.0,11.0,379.0,0.0,1
1,1.0,0,4.0,1.0,13.0,8.0,2.0,13.0,1.0,1.0,1.1,1.0,0.0,0.0,0.0,0.0,1
0,1.0,0,4.0,1.0,4.0,12.0,1.0,12.0,1.0,1.0,1.2,1.0,0.0,0.0,0.0,0.0,1
1,1.0,0,4.0,1.0,4.0,6.0,1.0,12.0,5.0,1.0,86.3,1.0,4.0,11.0,379.0,0.0,1
1,1.0,1,5.0,1.0,13.0,4.0,2.0,13.0,1.0,1.0,4.4,1.0,0.0,0.0,0.0,0.0,1
1,1.0,1,4.0,1.0,11.0,3.0,2.0,12.0,1.0,1.0,1.1,1.0,0.0,0.0,0.0,0.0,0
1,1.0,0,5.0,1.0,11.0,1.0,2.0,13.0,1.0,1.0,1.2,1.0,0.0,0.0,0.0,0.0,1
1,1.0,0,4.0,1.0,6.0,3.0,1.0,11.0,1.0,1.0,1.3,1.0,0.0,0.0,0.0,0.0,1
1,1.0,1,5.0,1.0,16.0,5.0,1.0,0.0,1.0,1.0,1.0,1.0,0.0,0.0,0.0,0.0,1
1,1.0,0,4.0,1.0,13.0,1.0,2.0,14.0,1.0,1.0,2.1010075,1.0,0.0,0.0,0.0,0.0,1
1,1.0,0,5.0,1.0,10.0,5.0,1.0,12.0,1.0,1.0,1.5,1.0,4.0,11.0,212.8896,3.0,1
0,1.0,1,5.0,1.0,13.0,12.0,2.0,9.0,1.0,1.0,0.8,1.0,0.0,0.0,0.0,0.0,1
0,1.0,1,4.0,1.0,13.0,6.0,2.0,5.0,5.0,1.0,2.0,1.0,4.0,7.0,379.0,0.0,1
1,1.0,1,5.0,1.0,16.0,4.0,2.0,13.0,1.0,1.0,86.3,1.0,0.0,0.0,0.0,0.0,1
1,2.0,1,4.0,1.0,14.0,12.0,1.0,12.0,1.0,1.0,86.3,1.0,0.0,0.0,0.0,0.0,1
1,1.0,0,4.0,1.0,22.0,4.0,1.0,12.0,1.0,1.0,86.3,1.0,0.0,0.0,263.0,0.0,1
1,1.0,0,4.0,1.0,13.0,4.0,2.0,13.0,1.0,1.0,1.6,1.0,0.0,0.0,0.0,0.0,1
0,1.0,1,5.0,1.0,10.0,5.0,2.0,12.0,1.0,1.0,0.9,1.0,0.0,0.0,0.0,0.0,1
1,1.0,0,4.0,1.0,22.0,4.0,2.0,8.0,1.0,1.0,0.0,1.0,0.0,0.0,0.0,0.0,1
0,1.0,1,4.0,1.0,13.0,12.0,2.0,13.0,1.0,1.0,1.4,1.0,0.0,0.0,0.0,0.0,1
1,1.0,0,5.0,1.0,1.0,2.0,1.0,13.0,5.0,1.0,0.9,1.0,0.0,0.0,0.0,3.0,0
1,1.0,1,5.0,1.0,5.0,12.0,1.0,14.0,1.0,1.0,3.6,1.0,0.0,0.0,0.0,0.0,1
1,1.0,0,4.0,1.0,10.0,12.0,1.0,12.0,5.0,1.0,0.4,1.0,0.0,0.0,0.0,0.0,1
1,1.0,0,1.0,1.0,22.0,4.0,2.0,14.0,1.0,1.0,4.2,1.0,0.0,0.0,0.0,0.0,1
1,1.0,1,5.0,1.0,13.0,2.0,2.0,12.0,1.0,1.0,1.0,1.0,0.0,0.0,0.0,0.0,1
1,1.0,1,4.0,1.0,0.0,3.0,1.0,6.0,1.0,1.0,1.4,1.0,0.0,0.0,0.0,0.0,1
1,1.0,0,5.0,1.0,11.0,7.0,1.0,12.0,1.0,1.0,0.2,1.0,0.0,0.0,0.0,0.0,1
1,1.0,1,5.0,1.0,0.0,9.0,1.0,12.0,1.0,1.0,1.2,1.0,0.0,0.0,0.0,0.0,1
1,1.0,0,4.0,1.0,5.0,7.0,2.0,12.0,1.0,1.0,0.9,1.0,0.0,0.0,0.0,0.0,0
1,1.0,1,5.0,1.0,7.0,8.0,1.0,12.0,1.0,1.0,0.4,1.0,0.0,0.0,0.0,0.0,1
1,1.0,0,4.0,1.0,13.0,8.0,1.0,12.0,1.0,1.0,1.8,1.0,0.0,0.0,0.0,0.0,1
1,1.0,0,4.0,1.0,13.0,9.0,1.0,12.0,1.0,1.0,0.0,1.0,0.0,0.0,0.0,0.0,1
1,1.0,0,4.0,1.0,22.0,8.0,2.0,12.0,1.0,1.0,0.4,1.0,0.0,0.0,0.0,0.0,1
1,1.0,1,6.0,1.0,16.0,11.0,1.0,12.0,1.0,1.0,1.8,1.0,0.0,0.0,0.0,0.0,1
1,1.0,0,4.0,1.0,16.0,10.0,1.0,7.0,1.0,1.0,1.9,1.0,0.0,0.0,0.0,0.0,1
1,2.0,1,5.0,1.0,13.0,2.0,1.0,13.466181,1.0,1.0,1.5,1.0,0.0,0.0,0.0,0.0,1
1,1.0,1,6.0,1.0,13.0,12.0,1.0,5.0,5.0,1.0,0.2,1.0,0.0,0.0,0.0,0.0,1
0,1.0,0,4.0,1.0,13.0,7.0,2.0,12.0,1.0,1.0,0.0,1.0,0.0,0.0,0.0,0.0,1
1,1.0,0,4.0,1.0,4.0,5.0,1.0,7.0,1.0,1.0,0.0,1.0,0.0,0.0,0.0,0.0,1
0,1.0,1,4.0,1.0,16.0,9.0,2.0,12.0,1.0,1.0,2.3,1.0,0.0,0.0,0.0,0.0,1
1,1.0,1,5.0,1.0,13.0,6.0,1.0,13.0,1.0,1.0,86.3,1.0,0.0,0.0,0.0,0.0,1
1,1.0,0,4.0,1.0,12.224207,8.0,2.0,5.0,1.0,1.0,1.0,1.0,0.0,0.0,0.0,0.0,1
0,1.0,0,4.0,1.0,22.0,5.0,2.0,4.0,1.0,1.0,1.5,1.0,0.0,0.0,0.0,0.0,1
0,1.0,0,4.0,1.0,1.0,6.0,1.0,12.0,1.0,1.0,3.0,1.0,0.0,0.0,0.0,0.0,1
1,1.0,1,4.0,1.0,13.0,8.0,2.0,13.0,1.0,1.0,1.0,1.0,0.0,0.0,0.0,0.0,1
1,1.0,0,4.0,1.0,13.0,1.0,1.0,4.0,1.0,1.0,0.5,1.0,0.0,0.0,0.0,0.0,1
1,1.0,1,5.0,1.0,0.0,9.0,2.0,0.0,1.0,1.0,0.7,1.0,0.0,0.0,0.0,0.0,1
1,1.0,0,4.0,1.0,13.0,11.0,2.0,12.0,1.0,1.0,86.3,1.0,0.0,0.0,0.0,0.0,1
1,1.0,0,4.0,1.0,10.0,4.0,1.0,12.0,1.0,1.0,1.9,1.0,0.0,0.0,0.0,0.0,0
0,1.0,0,4.0,1.0,14.0,8.0,2.0,12.0,1.0,1.0,1.6,1.0,0.0,0.0,0.0,0.0,1
1,1.0,1,5.0,1.0,15.0,10.0,1.0,12.0,1.0,1.0,0.5,1.0,0.0,0.0,0.0,0.0,1
0,1.0,1,5.0,1.0,10.0,8.0,2.0,12.0,1.0,1.0,4.9,1.0,0.0,0.0,0.0,0.0,1
1,1.0,0,4.0,1.0,10.0,9.0,1.0,12.0,1.0,1.0,1.0,1.0,0.0,0.0,0.0,0.0,1
1,1.0,0,4.0,1.0,10.0,7.0,1.0,12.0,1.0,1.0,0.0,1.0,0.0,6.0,0.0,0.0,1
1,1.0,1,4.0,1.0,13.0,1.0,2.0,0.0,1.0,1.0,4.6,1.0,0.0,0.0,0.0,0.0,1
0,2.0,1,5.0,1.0,16.0,7.0,1.0,13.0,1.0,1.0,1.8,1.0,0.0,0.0,0.0,0.0,1
1,1.0,1,5.0,1.0,12.0,12.0,1.0,13.0,1.0,1.0,1.7,1.0,0.0,0.0,0.0,0.0,1
1,1.0,0,5.0,1.0,13.0,3.0,2.0,9.0,1.0,1.0,0.6,1.0,0.0,0.0,0.0,0.0,1
1,1.0,0,4.0,1.0,4.0,10.0,1.0,5.0,1.0,1.0,86.3,1.0,3.0,0.0,379.0,0.0,1
1,1.0,0,5.0,1.0,13.0,6.0,2.0,12.0,1.0,1.0,0.2,1.0,0.0,0.0,0.0,0.0,1
1,1.0,0,4.0,1.0,13.0,6.0,1.0,13.0,1.0,1.0,1.5,1.0,0.0,0.0,0.0,0.0,1
1,1.0,0,4.0,1.0,20.0,4.0,2.0,12.0,1.0,1.0,3.1,1.0,0.0,0.0,0.0,0.0,1
1,1.0,0,1.0,1.0,18.128538,9.0,2.0,12.0,1.0,1.0,3.1,1.0,0.0,0.0,0.0,0.0,1
1,1.0,1,5.0,1.0,13.0,4.0,2.0,12.0,1.0,1.0,86.3,1.0,0.0,0.0,0.0,0.0,1
1,1.0,1,5.0,1.0,13.0,9.0,1.0,14.0,1.0,1.0,2.6,1.0,0.0,0.0,0.0,0.0,1
1,1.0,0,4.0,1.0,13.0,3.0,2.0,7.0,1.0,1.0,2.3,1.0,0.0,0.0,0.0,0.0,1
1,1.0,0,5.0,1.0,14.0,11.0,1.0,12.0,1.0,1.0,86.3,1.0,0.0,0.0,0.0,0.0,1
1,1.0,1,7.0,1.0,16.0,3.0,2.0,12.0,1.0,1.0,1.3,1.0,0.0,0.0,0.0,0.0,1
1,1.0,1,5.0,1.0,11.0,12.0,2.0,12.0,1.0,1.0,0.4,1.0,0.0,0.0,0.0,0.0,1
1,1.0,0,5.0,1.0,14.0,3.0,2.0,8.0,1.0,1.0,86.3,1.0,0.0,0.0,0.0,0.0,1
1,1.0,0,4.0,1.0,10.0,6.0,2.0,0.0,1.0,1.0,1.3,1.0,0.0,0.0,0.0,0.0,1
1,1.0,0,4.0,1.0,4.0,12.0,2.0,12.0,1.0,1.0,0.5,1.0,0.0,0.0,0.0,0.0,1
1,1.0,0,4.0,1.0,13.0,5.0,1.0,12.0,1.0,1.0,0.0,1.0,0.0,0.0,0.0,0.0,1
0,1.0,1,5.0,1.0,13.0,12.0,1.0,13.0,1.0,1.0,4.2,1.0,0.0,0.0,0.0,0.0,1
1,1.0,0,5.0,1.0,4.0,12.0,1.0,12.0,1.0,1.0,2.6,1.0,0.0,0.0,0.0,0.0,1
1,1.0,0,4.0,1.0,0.0,3.0,1.0,12.0,1.0,1.0,2.0,1.0,0.0,0.0,0.0,1.0,1
1,1.0,0,1.0,1.0,20.0,6.0,2.0,13.0,1.0,1.0,1.1,1.0,4.0,11.0,379.0,0.0,1
1,1.0,1,5.0,1.0,22.0,7.0,2.0,1.0,1.0,1.0,1.6,1.0,0.0,0.0,0.0,0.0,1
1,1.0,0,4.0,1.0,6.0,7.0,1.0,12.0,1.0,1.0,2.0,1.0,3.0,7.0,294.0,0.0,1
0,1.0,0,4.0,1.0,0.0,5.0,1.0,12.0,1.0,1.0,1.8,1.0,0.0,0.0,0.0,3.0,0
1,1.0,0,4.0,1.0,3.214339,8.0,1.0,10.0,1.0,1.0,2.1,1.0,0.0,0.0,0.0,0.0,0
1,1.0,0,4.0,1.0,13.0,8.0,2.0,12.0,1.0,1.0,2.3,1.0,0.0,0.0,0.0,0.0,1
0,1.0,1,5.0,1.0,22.0,6.0,1.0,8.0,1.0,1.0,86.3,1.0,0.0,0.0,0.0,0.0,1
1,1.0,0,2.0,1.0,14.0,6.0,1.0,13.0,1.0,1.0,1.5,1.0,4.0,11.0,379.0,0.0,1
0,1.0,1,4.0,1.0,14.0,2.0,1.0,12.0,5.0,1.0,1.0,1.0,0.0,0.0,0.0,0.0,1
0,1.0,0,4.0,1.0,13.0,12.0,2.0,13.0,1.0,1.0,3.2,1.0,0.0,0.0,0.0,0.0,1
1,1.0,1,5.0,1.0,4.0,7.0,1.0,12.0,1.0,1.0,1.2,1.0,0.0,0.0,0.0,0.0,1
1,1.0,1,7.0,1.0,13.0,10.0,1.0,13.0,1.0,1.0,1.8,1.0,0.0,0.0,0.0,0.0,1
1,1.0,1,5.0,1.0,22.0,9.0,1.0,13.0,1.0,1.0,1.7,1.0,0.0,0.0,0.0,0.0,1
1,1.0,0,4.0,1.0,10.0,12.0,2.0,13.0,1.0,1.0,1.5,1.0,0.0,0.0,0.0,0.0,1
1,1.0,0,2.0,1.0,13.0,7.0,2.0,9.0,1.0,1.0,0.5,1.0,0.0,0.0,0.0,0.0,1
1,1.0,0,1.0,1.0,14.0,7.0,2.0,13.0,1.0,1.0,1.1,1.0,0.0,0.0,212.0,0.0,1
1,1.0,0,4.0,1.0,1.0,1.0,1.0,12.0,5.0,2.0,1.9,1.0,0.0,0.0,0.0,3.0,0
1,1.0,1,5.0,1.0,22.0,1.0,1.0,14.0,1.0,1.0,0.7,1.0,0.0,0.0,0.0,0.0,1
0,1.0,1,5.0,1.0,7.4238377,6.0,1.0,12.0,1.0,1.0,1.6,1.0,0.0,0.0,0.0,0.0,0
1,1.0,1,5.0,1.0,11.0,4.0,1.0,12.0,1.0,1.0,2.9,1.0,0.0,0.0,0.0,0.0,1
1,1.0,0,4.0,1.0,1.0,12.0,1.0,9.0,1.0,1.0,1.5,1.0,0.0,0.0,0.0,0.0,1
1,1.0,0,4.0,1.0,13.0,8.0,2.0,12.0,1.0,1.0,3.439305,1.0,0.0,0.0,0.0,0.0,1
1,1.0,0,4.0,1.0,15.0,1.0,1.0,12.0,1.0,1.0,2.1,1.0,0.0,0.0,0.0,0.0,1
1,1.0,0,4.0,1.0,13.0,1.0,2.0,13.0,1.0,1.0,2.1,1.0,0.0,0.0,0.0,0.0,1
1,1.0,0,1.0,1.0,22.0,9.0,2.0,12.0,1.0,1.0,1.0,1.0,0.0,0.0,0.0,0.0,1
1,1.0,0,4.0,1.0,13.0,9.0,2.0,0.0,1.0,1.0,0.9,1.0,0.0,0.0,0.0,0.0,1
1,1.0,1,5.0,1.0,0.0,12.0,1.0,13.0,1.0,1.0,0.4,1.0,0.0,0.0,0.0,0.0,0
1,1.0,0,4.0,1.0,22.0,5.0,1.0,14.0,1.0,1.0,86.3,1.0,0.0,0.0,0.0,0.0,1
0,1.0,1,5.0,1.0,16.0,10.0,2.0,12.0,1.0,1.0,3.7,1.0,0.0,0.0,0.0,0.0,1
1,1.0,0,4.0,1.0,22.0,2.0,2.0,12.0,1.0,1.0,86.3,1.0,0.0,0.0,0.0,0.0,1
1,1.0,0,4.0,1.0,13.0,12.0,2.0,13.0,1.0,1.0,1.4,1.0,0.0,0.0,0.0,0.0,1
1,1.0,0,4.0,1.0,13.0,1.0,1.0,13.0,1.0,1.0,1.5,1.0,0.0,0.0,0.0,0.0,1
1,1.0,1,5.0,1.0,6.0,9.0,2.0,12.0,1.0,1.0,3.0,1.0,0.0,0.0,0.0,0.0,1
1,1.0,0,4.0,1.0,13.0,4.0,1.0,12.0,1.0,1.0,0.0,1.0,0.0,0.0,0.0,0.0,1
1,1.0,1,5.0,1.0,13.0,5.0,1.0,12.0,1.0,1.0,1.0,1.0,0.0,0.0,0.0,0.0,1
1,1.0,1,4.0,1.0,14.0,10.0,2.0,12.0,1.0,1.0,1.6,1.0,0.0,0.0,0.0,0.0,1
1,1.0,0,4.0,1.0,13.0,5.0,1.0,12.0,1.0,1.0,0.8,1.0,0.0,0.0,0.0,0.0,1
0,1.0,0,4.0,1.0,16.0,6.0,1.0,12.0,1.0,1.0,2.3,1.0,0.0,0.0,0.0,0.0,1
0,1.0,1,5.0,1.0,22.0,12.0,1.0,0.0,1.0,1.0,1.6,1.0,0.0,0.0,0.0,0.0,1
0,2.0,1,4.0,1.0,13.0,2.0,2.0,14.0,1.0,1.0,1.7,1.0,0.0,0.0,0.0,0.0,1
1,1.0,1,5.0,1.0,11.0,1.0,2.0,12.0,1.0,1.0,0.9,1.0,0.0,0.0,0.0,0.0,1
0,1.0,0,4.0,1.0,16.0,7.0,2.0,10.0,1.0,1.0,4.8,1.0,0.0,0.0,0.0,0.0,1
1,1.0,0,4.0,1.0,13.0,6.0,2.0,13.0,1.0,1.0,1.6,1.0,0.0,0.0,0.0,0.0,1
1,1.0,1,6.0,1.0,22.0,1.0,2.0,12.0,1.0,1.0,1.9,1.0,0.0,0.0,0.0,0.0,1
1,1.0,1,7.0,1.0,13.0,8.0,1.0,12.0,1.0,1.0,1.8,1.0,0.0,0.0,0.0,0.0,1
1,1.0,0,4.0,1.0,0.0,6.0,1.0,12.0,1.0,1.0,1.7,1.0,0.0,0.0,0.0,0.0,1
1,1.0,1,4.0,1.0,16.0,1.0,1.0,11.0,1.0,1.0,3.0,1.0,0.0,0.0,0.0,0.0,1
1,1.0,0,4.0,1.0,0.0,8.0,1.0,11.7955065,1.0,1.0,1.6,1.0,0.0,0.0,0.0,0.0,1
1,1.0,0,4.0,1.0,14.0,9.0,2.0,12.0,1.0,1.0,1.5,1.0,0.0,0.0,0.0,0.0,1
1,1.0,1,5.0,1.0,14.0,1.0,1.0,12.0,1.0,1.0,5.0,1.0,0.0,0.0,0.0,0.0,1
1,1.0,0,4.0,1.0,4.0,9.0,1.0,13.0,1.0,1.0,0.8,1.0,0.0,0.0,0.0,0.0,1
0,1.0,1,7.0,1.0,22.0,10.0,1.0,0.0,1.0,1.0,0.6,1.0,4.0,11.0,379.0,0.0,1
1,1.0,0,1.0,1.0,13.0,11.0,2.0,12.0,1.0,1.0,1.4,1.0,0.0,0.0,0.0,0.0,1
1,1.0,1,5.0,1.0,20.0,5.0,2.0,8.281988,1.0,1.0,1.5,1.0,0.0,0.0,0.0,0.0,1
0,2.0,0,4.0,1.0,7.0,2.0,2.0,12.0,1.0,1.0,3.1,1.0,0.0,0.0,0.0,0.0,1
1,1.0,1,5.0,1.0,10.0,8.0,1.0,1.0,5.0,1.0,1.3,1.0,0.0,0.0,0.0,0.0,1
1,1.0,0,4.0,1.0,4.0,5.0,2.0,13.0,1.0,1.0,0.3,1.0,0.0,0.0,0.0,0.0,1
1,1.0,1,5.0,1.0,11.0,11.0,2.0,0.0,1.0,1.0,1.0974029,1.0,0.0,0.0,0.0,0.0,1
1,1.0,0,4.0,1.0,4.0,5.0,2.0,12.0,1.0,1.0,1.5,1.0,0.0,0.0,0.0,0.0,1
1,1.0,1,5.0,1.0,16.0,7.0,1.0,14.0,1.0,1.0,1.1,1.0,0.0,0.0,0.0,0.0,1
1,2.0,1,5.0,1.0,10.0,1.0,2.0,12.0,1.0,1.0,0.0,1.0,0.0,0.0,0.0,0.0,1
1,1.0,1,5.0,1.0,22.0,12.0,1.0,13.0,1.0,1.0,86.3,1.0,0.0,0.0,0.0,0.0,1
1,1.0,0,4.0,2.0,14.0,5.0,1.0,13.0,5.0,1.0,0.0,1.0,0.0,0.0,0.0,0.0,1
1,1.0,0,4.0,1.0,10.0,5.0,2.0,12.0,1.0,1.0,0.7,1.0,0.0,0.0,0.0,0.0,1
1,1.0,0,4.0,1.0,22.0,1.0,1.0,13.0,1.0,1.0,1.4502221,1.0,0.0,0.0,0.0,0.0,1
1,1.0,0,5.0,1.0,13.0,2.0,2.0,12.0,1.0,1.0,3.7,1.0,0.0,0.0,0.0,0.0,1
1,1.0,0,4.0,1.0,4.0,10.0,1.0,12.0,1.0,1.0,1.5,1.0,0.0,0.0,0.0,0.0,0
1,1.0,0,4.0,1.0,12.0,8.0,1.0,13.0,5.0,1.0,1.6,1.0,0.0,0.0,0.0,0.0,1
1,1.0,1,4.0,1.0,1.0,5.0,2.0,9.0,1.0,1.0,1.4,1.0,0.0,0.0,0.0,0.0,1
1,1.0,0,4.0,1.0,3.0,9.0,2.0,13.0,1.0,1.0,0.0,1.0,0.0,0.0,0.0,0.0,1
1,1.0,1,5.0,1.0,13.0,4.0,2.0,12.0,1.0,1.0,0.6,1.0,0.0,0.0,0.0,0.0,1
1,1.0,0,5.0,1.0,14.0,3.0,2.0,12.0,1.0,1.0,3.2,1.0,0.0,0.0,0.0,0.0,1
1,1.0,0,4.0,1.0,13.0,11.0,2.0,12.0,1.0,1.0,1.6,1.0,0.0,0.0,0.0,0.0,1
1,1.0,0,4.0,2.0,13.0,3.0,1.0,13.0,5.0,1.0,3.0,1.0,0.0,0.0,0.0,0.0,1
0,1.0,0,5.0,1.0,11.0,6.0,2.0,12.0,1.0,1.0,1.0,1.0,0.0,0.0,0.0,0.0,1
1,1.0,1,5.0,1.0,7.0,8.0,2.0,12.0,1.0,1.0,0.0,1.0,0.0,0.0,0.0,0.0,1
1,1.0,1,4.0,1.0,22.0,7.0,1.0,11.0,1.0,1.0,0.2,1.0,0.0,0.0,0.0,0.0,1
1,1.0,0,4.0,1.0,10.0,1.0,1.0,13.0,5.0,1.0,0.0,1.0,0.0,0.0,0.0,0.0,1
1,1.0,0,4.0,1.0,13.0,6.0,2.0,12.0,1.0,1.0,2.0,1.0,0.0,0.0,0.0,0.0,1
1,1.0,1,4.0,1.0,16.0,1.0,2.0,12.0,1.0,1.0,1.4,1.0,0.0,0.0,0.0,0.0,1
1,1.0,0,4.0,1.0,0.0,4.0,1.0,13.0,1.0,1.0,3.0,1.0,0.0,0.0,0.0,3.0,0
1,1.0,0,5.0,1.0,4.0,12.0,2.0,13.0,1.0,1.0,2.6,1.0,0.0,0.0,0.0,0.0,0
1,1.0,0,4.0,1.0,13.0,9.0,2.0,14.0,1.0,1.0,2.7,1.0,0.0,0.0,0.0,0.0,1
1,1.0,0,4.0,1.0,22.0,5.0,1.0,12.0,1.0,1.0,1.6,1.0,4.0,11.0,379.0,0.0,1
1,1.0,0,4.0,1.0,4.0,5.0,2.0,12.0,1.0,1.0,0.2,1.0,0.0,0.0,0.0,0.0,0
1,1.0,0,5.0,1.0,13.0,4.0,2.0,13.0,1.0,1.0,8.9,1.0,0.0,0.0,0.0,0.0,1
1,1.0,0,4.0,1.0,4.0,8.0,2.0,13.0,1.0,1.0,6.431673,1.0,0.0,0.0,0.0,0.0,1
1,1.0,0,4.0,1.0,13.0,4.0,2.0,10.0,1.0,1.0,0.5,1.0,0.0,0.0,0.0,0.0,1
1,1.0,0,4.0,1.0,4.0,5.0,1.0,12.0,1.0,1.0,2.9,1.0,0.0,0.0,0.0,0.0,1
1,1.0,0,1.0,1.0,22.0,12.0,2.0,12.0,1.0,1.0,86.3,1.0,0.0,0.0,0.0,0.0,1
1,1.0,0,4.0,1.0,10.0,1.0,1.0,12.0,1.0,1.0,2.0,1.0,0.0,0.0,0.0,0.0,0
1,1.0,1,6.0,1.0,13.0,11.0,1.0,14.0,1.0,1.0,2.5,1.0,0.0,0.0,0.0,0.0,1
1,1.0,1,5.0,1.0,13.0,4.0,1.0,13.0,1.0,1.0,1.3,1.0,0.0,0.0,0.0,0.0,0
1,1.0,0,5.0,1.0,22.0,12.0,2.0,14.0,1.0,1.0,86.3,1.0,0.0,0.0,0.0,0.0,1
1,1.0,1,4.0,1.0,11.0,1.0,2.0,0.0,1.0,1.0,3.0,1.0,0.0,0.0,0.0,0.0,1
1,1.0,1,4.0,1.0,13.0,4.0,1.0,10.0,1.0,1.0,1.1,1.0,0.0,0.0,0.0,0.0,1
1,1.0,0,4.0,1.0,3.0,4.0,1.0,13.0,1.0,1.0,0.0,1.0,0.0,0.0,0.0,0.0,1
1,1.0,1,5.0,1.0,14.0,12.0,1.0,12.0,1.0,1.0,0.6,1.0,0.0,0.0,0.0,0.0,1
0,1.0,1,5.0,1.0,0.0,1.0,1.0,12.0,1.0,1.0,1.8,1.0,0.0,0.0,0.0,0.0,0
0,1.0,1,5.0,1.0,13.0,5.0,1.0,12.0,1.0,1.0,0.3,1.0,0.0,0.0,0.0,0.0,1
1,1.0,1,4.0,1.0,10.0,1.0,1.0,8.0,1.0,1.0,1.6,1.0,0.0,2.0,0.0,3.0,0
1,1.0,0,4.0,1.0,13.0,9.0,2.0,13.0,1.0,1.0,4.9,1.0,0.0,0.0,0.0,0.0,1
0,1.0,1,5.0,1.0,11.0,4.0,1.0,13.0,1.0,1.0,1.4,1.0,0.0,0.0,0.0,0.0,1
1,1.0,1,5.0,1.0,12.0,12.0,2.0,12.0,1.0,1.0,1.0,1.0,0.0,0.0,0.0,0.0,1
1,1.0,0,3.0,1.0,13.0,9.0,1.0,13.0,1.0,1.0,0.0,1.0,0.0,0.0,0.0,0.0,1
1,1.0,0,4.0,1.0,11.0,12.0,1.0,12.0,1.0,1.0,1.0,1.0,4.0,2.0,285.0,0.0,0
1,1.0,1,5.0,1.0,14.0,5.0,2.0,14.0,1.0,1.0,86.3,1.0,0.0,0.0,0.0,0.0,1
1,2.0,1,4.0,1.0,16.0,6.0,1.0,12.0,1.0,1.0,2.5,1.0,0.0,0.0,0.0,0.0,1
0,1.0,0,4.0,1.0,22.0,5.0,1.0,0.0,1.0,1.0,86.3,1.0,4.0,11.0,379.0,0.0,1
1,1.0,0,4.0,1.0,0.0,7.0,2.0,12.0,1.0,1.0,2.3,1.0,0.0,0.0,0.0,0.0,1
0,1.0,0,4.0,1.0,16.0,4.0,1.0,13.0,5.0,1.0,86.3,1.0,4.0,11.0,379.0,0.0,1
1,1.0,1,5.0,1.0,10.0,11.0,1.0,13.0,1.0,1.0,1.8,1.0,0.0,0.0,0.0,0.0,1
1,1.0,0,4.0,1.0,16.0,5.0,2.0,13.0,1.0,1.0,1.6,1.0,0.0,0.0,0.0,0.0,1
1,1.0,1,5.0,1.0,18.387808,7.0,1.0,13.0,1.0,1.0,4.0,1.0,0.0,0.0,0.0,0.0,1
1,2.0,0,4.696506,1.0,10.0,5.0,1.0,13.0,1.0,1.0,2.4,1.0,0.0,0.0,0.0,0.0,0
1,1.0,1,5.0,1.0,8.0,4.0,2.0,12.0,1.0,1.0,86.3,1.0,0.0,0.0,0.0,0.0,1
1,1.0,1,4.0,1.0,13.0,9.0,1.0,0.0,1.0,1.0,0.4,1.0,0.0,0.0,0.0,0.0,1
1,1.0,0,5.0,1.0,0.0,1.0,1.0,13.0,1.0,1.0,3.2,1.0,0.0,0.0,0.0,0.0,1
1,1.0,0,4.0,1.0,3.0,4.0,1.0,12.0,1.0,1.0,1.1,1.0,0.0,0.0,0.0,0.0,1
1,1.0,0,5.0,1.0,14.0,2.0,1.0,1.0,1.0,1.0,1.7,1.0,0.0,0.0,0.0,0.0,1
1,1.0,0,4.0,1.0,20.0,5.0,2.0,8.0,1.0,1.0,2.9,1.0,0.0,0.0,0.0,0.0,1
1,1.0,0,4.0,1.0,10.0,3.0,1.0,0.0,1.0,1.0,3.2,1.0,0.0,0.0,0.0,0.0,1
1,1.0,0,5.0,1.0,0.0,9.0,1.0,12.0,2.0,2.0,0.9,1.0,0.0,0.0,0.0,3.0,0
1,1.0,0,4.0,1.0,0.0,1.0,1.0,12.0,1.0,2.0,1.1,1.0,0.0,0.0,0.0,3.0,0
1,1.0,1,4.0,1.0,13.0,1.0,2.0,13.0,1.0,1.0,1.8,1.0,0.0,0.0,0.0,0.0,1
0,1.0,0,4.0,1.0,10.0,10.0,2.0,9.0,1.0,1.0,0.9,1.0,0.0,0.0,0.0,0.0,1
1,1.0,1,4.0,1.0,13.0,8.0,2.0,13.0,1.0,1.0,3.2,1.0,0.0,0.0,0.0,0.0,1
1,1.0,0,4.0,1.0,4.0,12.0,1.0,13.0,1.0,1.0,0.0,1.0,0.0,0.0,0.0,0.0,1
1,1.0,0,4.0,1.0,14.0,3.0,1.0,0.0,1.0,1.0,2.1,1.0,4.0,11.0,379.0,0.0,1
1,1.0,1,4.0,1.0,22.0,5.0,1.0,13.0,1.0,1.0,86.3,1.0,3.0,0.0,0.0,0.0,1
1,1.0,0,4.0,1.0,13.0,3.0,2.0,13.0,1.0,1.0,1.7,1.0,0.0,0.0,0.0,0.0,1
0,2.0,0,4.0,1.0,13.0,9.0,2.0,12.0,1.0,1.0,86.3,1.0,0.0,0.0,0.0,0.0,1
1,1.0,0,4.0,1.0,13.0,9.0,1.0,0.0,1.0,1.0,0.8,1.0,0.0,0.0,0.0,0.0,1
1,1.0,1,5.0,1.0,13.0,1.0,1.0,12.0,5.0,1.0,0.9,1.0,0.0,0.0,0.0,0.0,1
1,1.0,0,4.0,1.0,10.0,3.0,2.0,13.0,1.0,1.0,4.0,1.0,0.0,0.0,0.0,0.0,1
1,2.0,0,4.0,1.0,8.0,12.0,2.0,13.0,1.0,1.0,86.3,1.0,0.0,0.0,0.0,0.0,1
1,1.0,1,5.0,1.0,2.0,9.0,2.0,8.0,1.0,1.0,0.0,1.0,0.0,0.0,0.0,0.0,1
0,1.0,0,5.0,1.0,11.0,6.0,1.0,12.0,1.0,1.0,2.0,1.0,0.0,0.0,0.0,0.0,1
1,2.0,0,4.0,1.0,7.0,9.0,2.0,13.0,1.0,1.0,1.7,1.0,0.0,0.0,0.0,0.0,1
0,1.0,0,4.0,1.0,13.0,11.0,2.0,0.0,1.0,1.0,3.0,1.0,0.0,0.0,0.0,0.0,1
1,1.0,1,5.0,1.0,13.0,6.0,1.0,14.0,1.0,1.0,1.1,1.0,0.0,0.0,0.0,0.0,1
1,1.0,1,5.0,1.0,13.0,4.0,2.0,12.0,1.0,1.0,2.5823362,1.0,0.0,0.0,0.0,0.0,1
0,1.0,1,5.0,1.0,22.0,1.0,2.0,13.0,1.0,1.0,0.9,1.0,0.0,0.0,0.0,0.0,1
1,1.0,0,4.0,1.0,14.0,2.0,1.0,3.0,1.0,1.0,1.6,1.0,0.0,0.0,0.0,0.0,1
0,2.0,0,4.0,1.0,13.0,5.0,2.0,9.0,1.0,1.0,1.6,1.0,0.0,0.0,0.0,0.0,1
1,1.0,0,4.0,1.0,4.0,7.0,1.0,12.0,1.0,1.0,0.7,1.0,0.0,0.0,0.0,0.0,1
1,1.0,1,5.0,1.0,6.0,6.0,1.0,12.0,1.0,1.0,2.6,1.0,0.0,0.0,0.0,0.0,0
1,1.0,0,4.0,1.0,16.0,1.0,2.0,12.0,1.0,1.0,0.5,1.0,0.0,0.0,0.0,0.0,1
1,1.0,0,4.0,1.0,22.0,12.0,2.0,12.0,1.0,1.0,1.0,1.0,0.0,0.0,0.0,0.0,1
1,1.0,0,4.0,1.0,16.0,3.0,1.0,0.0,1.0,1.0,0.0,1.0,0.0,0.0,0.0,0.0,1
1,1.0,1,5.0,1.0,13.0,5.0,2.0,12.0,1.0,1.0,3.0,1.0,0.0,0.0,0.0,0.0,1
1,1.0,0,4.0,1.0,4.0,5.0,1.0,13.0,1.0,1.0,2.2,1.0,0.0,0.0,0.0,0.0,1
0,1.0,0,4.0,1.0,11.0,12.0,1.0,0.0,1.0,1.0,4.4,1.0,0.0,0.0,0.0,0.0,1
1,1.0,0,4.0,1.0,0.0,2.0,1.0,12.0,1.0,1.0,1.6,1.0,0.0,0.0,0.0,1.0,1
1,1.0,0,4.0,1.0,13.0,5.0,2.0,0.0,1.0,1.0,9.145121,1.0,4.0,11.0,379.0,0.0,1
1,1.0,0,5.0,1.0,4.0,4.0,2.0,4.0,1.0,1.0,1.0,1.0,0.0,0.0,0.0,0.0,0
1,1.0,1,6.0,1.0,22.0,3.0,1.0,12.0,1.0,1.0,1.8,1.0,0.0,0.0,0.0,0.0,1
1,1.0,1,5.0,1.0,16.0,9.0,1.0,13.0,1.0,1.0,86.3,1.0,0.0,0.0,0.0,0.0,1
1,1.0,0,4.0,1.0,10.0,12.0,1.0,13.0,1.0,1.0,1.0,1.0,0.0,0.0,0.0,0.0,1
0,1.0,0,4.0,1.0,13.0,9.0,2.0,12.0,1.0,1.0,0.0,1.0,0.0,0.0,0.0,0.0,1
0,1.0,1,5.0,1.0,20.0,4.0,1.0,10.0,1.0,1.0,1.9,1.0,0.0,0.0,0.0,0.0,1
1,1.0,0,4.0,1.0,22.0,1.0,2.0,12.0,1.0,1.0,1.0,1.0,0.0,0.0,0.0,0.0,1
0,1.0,0,4.0,1.0,11.0,5.0,1.0,8.0,1.0,1.0,2.8,1.0,0.0,0.0,0.0,0.0,1
1,1.0,0,5.0,1.0,0.0,3.0,1.0,12.0,1.0,1.0,9.155868,1.0,0.0,0.0,0.0,0.0,1
1,1.0,1,4.0,1.0,16.0,9.0,1.0,3.0,1.0,1.0,0.1,1.0,4.0,11.0,379.0,0.0,1
1,1.0,0,5.0,1.0,2.0,12.0,1.0,12.0,1.0,1.0,1.4,1.0,0.0,0.0,0.0,0.0,1
1,1.0,0,4.0,1.0,1.0,12.0,1.0,0.0,1.0,1.0,1.1,1.0,0.0,0.0,0.0,0.0,1
1,1.0,0,5.0,1.0,3.0,10.0,1.0,13.0,1.0,1.0,5.3,1.0,0.0,0.0,0.0,3.0,1
1,1.0,0,4.0,1.0,0.0,5.0,1.0,7.0,1.0,1.0,3.6,1.0,0.0,0.0,0.0,3.0,0
0,1.0,0,4.0,1.0,13.0,6.0,2.0,11.0,1.0,1.0,0.9,1.0,0.0,0.0,0.0,0.0,1
1,1.0,0,1.0,1.0,16.0,12.0,2.0,12.0,1.0,1.0,0.0,1.0,0.0,0.0,0.0,0.0,1
1,1.0,0,4.0,1.0,0.0,3.0,1.0,12.0,1.0,1.0,3.0,1.0,0.0,0.0,0.0,0.0,1
1,1.0,1,5.0,1.0,13.0,1.0,1.0,13.0,1.0,1.0,3.1,1.0,0.0,0.0,0.0,0.0,1
1,1.0,1,5.0,1.0,13.0,2.0,2.0,12.0,1.0,1.0,0.6,1.0,0.0,0.0,0.0,0.0,1
1,1.0,0,4.0,1.0,16.0,6.0,2.0,12.0,1.0,1.0,2.1,1.0,0.0,0.0,0.0,0.0,1
1,1.0,1,7.0,1.0,13.0,8.0,2.0,9.0,1.0,1.0,1.6,1.0,0.0,0.0,0.0,0.0,1
1,1.0,0,4.0,1.0,11.0,5.0,2.0,12.0,1.0,1.0,3.5,1.0,0.0,0.0,0.0,0.0,1
1,1.0,0,5.0,1.0,0.0,10.0,1.0,11.0,1.0,1.0,1.0,1.0,0.0,0.0,0.0,3.0,1
1,1.0,0,4.0,1.0,13.0,12.0,1.0,0.0,1.0,2.0,0.4,1.0,0.0,0.0,0.0,0.0,1
1,1.0,1,5.0,1.0,10.0,12.0,1.0,13.0,1.0,1.0,4.4,1.0,0.0,0.0,0.0,0.0,1
1,1.0,0,4.0,1.0,13.0,8.0,1.0,13.0,1.0,1.0,0.37158903,1.0,0.0,0.0,0.0,0.0,1
1,1.0,0,4.0,1.0,5.0,1.0,1.0,0.0,1.0,1.0,1.8,1.0,0.0,0.0,0.0,0.0,0
1,1.0,0,4.0,1.0,0.0,8.0,1.0,13.0,1.0,1.0,1.7,1.0,0.0,0.0,0.0,0.0,1
0,1.0,1,5.0,1.0,6.0,9.0,1.0,13.0,1.0,1.0,2.6,1.0,0.0,0.0,0.0,0.0,1
1,1.0,0,4.0,1.0,3.0,5.0,1.0,12.0,1.0,1.0,1.2,1.0,0.0,0.0,0.0,0.0,0
1,1.0,0,4.0,1.0,2.0,8.0,1.0,5.0,1.0,1.0,1.0,1.0,0.0,0.0,0.0,0.0,1
1,1.0,0,4.0,1.0,13.0,10.0,1.0,0.0,1.0,1.0,2.4,1.0,0.0,0.0,0.0,0.0,1
1,1.0,1,4.0,1.0,21.0,6.0,1.0,12.0,5.0,1.0,1.2,1.0,0.0,0.0,0.0,0.0,1
0,1.0,1,6.0,1.0,13.0,11.0,1.0,12.0,1.0,1.0,1.4,1.0,0.0,0.0,0.0,0.0,1
1,1.0,1,5.0,1.0,0.0,10.0,1.0,13.0,1.0,1.0,2.5,1.0,0.0,0.0,0.0,0.0,0
1,1.0,1,4.0,1.0,16.0,4.0,1.0,9.0,1.0,1.0,0.5,1.0,0.0,0.0,0.0,0.0,1
1,1.0,0,4.0,1.0,4.0,9.0,2.0,9.0,1.0,1.0,1.0,1.0,0.0,0.0,0.0,0.0,1
1,1.0,0,4.0,1.0,13.0,4.0,1.0,0.0,1.0,1.0,4.8,1.0,0.0,0.0,0.0,0.0,1
1,1.0,0,4.0,1.0,13.0,4.0,1.0,12.0,1.0,1.0,86.3,1.0,0.0,0.0,0.0,0.0,1
1,1.0,0,4.0,1.0,13.0,9.0,1.0,13.0,1.0,1.0,86.3,1.0,0.0,0.0,0.0,0.0,1
1,1.0,0,4.0,1.0,13.0,9.0,1.0,12.0,1.0,1.0,1.3,1.0,0.0,0.0,0.0,0.0,1
1,1.0,0,5.0,1.0,0.0,8.0,1.0,13.0,1.0,1.0,86.3,1.0,0.0,0.0,0.0,3.0,0
1,1.0,0,4.0,1.0,0.0,9.0,1.0,13.0,1.0,1.0,4.4,1.0,0.0,0.0,0.0,0.0,1
1,1.0,0,4.0,1.0,11.053838,7.0,1.0,0.0,1.0,1.0,1.0,1.0,0.0,0.0,0.0,0.0,1
1,1.0,0,4.0,1.0,4.0,2.0,1.0,12.0,1.0,1.0,8.217301,1.0,0.0,0.0,0.0,0.0,1
1,1.0,0,4.0,1.0,13.0,1.0,2.0,12.0,1.0,1.0,2.6,1.0,0.0,0.0,0.0,0.0,1
0,1.0,1,5.0,1.0,22.0,1.0,1.0,12.0,1.0,1.0,1.0,1.0,3.0,0.0,238.52368,0.0,1
1,1.0,0,5.0,1.0,14.0,1.0,2.0,6.0,1.0,1.0,3.2,1.0,0.0,0.0,0.0,0.0,1
0,1.0,1,5.0,1.0,12.0,12.0,2.0,12.0,1.0,1.0,1.9,1.0,0.0,0.0,0.0,0.0,1
1,1.0,0,4.0,1.0,13.0,5.0,2.0,12.0,1.0,1.0,1.6,1.0,0.0,0.0,0.0,0.0,1
1,1.0,0,1.0,1.0,16.0,3.0,2.0,12.0,1.0,1.0,2.2,1.0,4.0,11.0,379.0,0.0,1
1,1.0,1,5.0,1.0,13.0,5.0,1.0,11.0,1.0,1.0,3.0778196,1.0,0.0,0.0,0.0,0.0,1
1,1.0,1,5.0,1.0,13.0,12.0,1.0,10.0,1.0,1.0,86.3,1.0,0.0,0.0,0.0,0.0,1
1,1.0,0,4.0,1.0,0.0,2.0,1.0,13.0,1.0,1.0,86.3,1.0,0.0,0.0,0.0,0.0,1
1,1.0,1,5.0,1.0,13.0,4.0,2.0,13.0,1.0,1.0,1.2,1.0,0.0,0.0,0.0,0.0,1
1,1.0,0,4.0,1.0,11.0,2.0,2.0,13.0,1.0,1.0,0.1,1.0,0.0,0.0,0.0,0.0,1
1,1.0,0,4.0,1.0,1.0,10.0,1.0,13.0,1.0,1.0,2.8,1.0,0.0,0.0,0.0,0.0,0
0,1.0,1,4.0,1.0,13.0,3.0,1.0,0.0,5.0,1.0,86.3,1.0,3.0,11.0,379.0,0.0,1
0,1.0,1,6.0,1.0,22.0,8.0,1.0,13.0,1.0,1.0,2.3,1.0,0.0,0.0,0.0,0.0,1
1,1.0,0,1.0,1.0,10.0,11.0,2.0,12.0,1.0,1.0,86.3,1.0,0.0,0.0,0.0,0.0,1
1,1.0,0,5.0,1.0,10.0,7.0,2.0,13.0,1.0,1.0,1.0,1.0,0.0,0.0,0.0,0.0,1
1,1.0,1,4.0,1.0,13.0,9.0,1.0,13.0,5.0,1.0,0.7,1.0,4.0,7.0,379.0,0.0,1
1,1.0,0,4.0,1.0,14.0,5.0,2.0,0.0,1.0,1.0,86.3,1.0,0.0,0.0,0.0,0.0,1
1,1.0,0,4.0,1.0,2.0,12.0,1.0,14.0,1.0,1.0,1.8,1.0,0.0,0.0,0.0,0.0,1
1,1.0,0,4.0,1.0,16.0,9.0,2.0,0.0,1.0,1.0,0.6,1.0,0.0,0.0,0.0,0.0,1
1,1.0,0,5.0,1.0,13.0,1.0,2.0,13.0,1.0,1.0,1.0,1.0,0.0,0.0,0.0,0.0,1
1,1.0,0,5.0,1.0,11.0,1.0,1.0,13.0,1.0,1.0,1.2,1.0,0.0,0.0,0.0,0.0,1
1,1.0,1,4.0,1.0,15.0,6.0,2.0,13.0,1.0,1.0,0.8,1.0,0.0,0.0,0.0,0.0,1
1,1.0,1,5.0,1.0,13.0,4.0,2.0,12.0,1.0,1.0,1.1,1.0,0.0,0.0,0.0,0.0,1
1,1.0,0,5.0,1.0,0.0,12.0,1.0,10.0,1.0,1.0,0.7,1.0,0.0,0.0,0.0,0.0,1
1,2.0,0,4.0,1.0,11.0,12.0,2.0,13.0,1.0,1.0,5.0,1.0,0.0,0.0,0.0,0.0,1
1,1.0,0,2.0,1.0,13.0,10.0,2.0,13.0,1.0,1.0,1.5,1.0,4.0,0.0,302.0,0.0,1
1,2.0,0,4.0,1.0,11.0,1.0,1.0,9.0,1.0,2.0,2.5,1.0,0.0,0.0,0.0,0.0,1
1,1.0,1,4.0,1.0,15.0,1.0,1.0,14.0,1.0,1.0,0.0,1.0,0.0,0.0,0.0,0.0,1
1,1.0,0,5.0,1.0,4.0,6.0,1.0,12.0,1.0,1.0,1.5,1.0,0.0,0.0,0.0,0.0,0
1,1.0,0,4.0,1.0,1.0,7.0,1.0,13.0,1.0,1.0,1.7,1.0,0.0,2.0,190.09433,0.0,1
1,1.0,0,4.0,1.0,10.0,10.0,2.0,12.0,1.0,1.0,1.0,1.0,0.0,0.0,0.0,0.0,1
1,1.0,0,4.0,1.0,16.0,6.0,2.0,13.0,1.0,1.0,1.9,1.0,0.0,0.0,0.0,0.0,1
1,2.0,1,5.0,1.0,0.0,1.0,1.0,12.0,1.0,2.0,0.0,1.0,0.0,0.0,0.0,3.0,0
1,1.0,0,1.0,1.0,19.03761,3.0,1.0,12.0,1.0,1.0,2.3,1.0,0.0,0.0,0.0,0.0,1
1,1.0,0,4.0,1.0,7.0,11.0,1.0,8.0,1.0,1.0,86.3,1.0,0.0,0.0,0.0,0.0,1
1,1.0,1,4.0,1.0,22.0,8.0,1.0,13.0,1.0,1.0,1.0,1.0,3.0,0.0,227.0,0.0,1
1,1.0,0,4.0,1.0,13.0,11.0,2.0,12.0,1.0,1.0,1.4,1.0,0.0,0.0,0.0,0.0,1
1,1.0,0,4.0,1.0,0.0,6.0,2.0,12.0,1.0,1.0,0.0,1.0,0.0,0.0,0.0,0.0,1
1,1.0,0,4.0,1.0,13.0,11.0,2.0,12.0,1.0,1.0,3.5,1.0,0.0,0.0,0.0,0.0,1
1,1.0,1,5.0,1.0,11.0,12.0,2.0,0.0,1.0,1.0,86.3,1.0,0.0,0.0,0.0,0.0,1
1,1.0,0,4.0,1.0,13.0,6.0,2.0,13.0,1.0,1.0,1.2,1.0,3.0,2.068291,272.0,0.0,1
1,1.0,0,4.0,1.0,13.0,5.0,2.0,13.0,1.0,1.0,0.0,1.0,0.0,0.0,0.0,0.0,1
0,1.0,0,5.0,1.0,13.0,11.0,1.0,12.0,1.0,1.0,0.0,1.0,0.0,0.0,0.0,0.0,0
1,1.0,0,4.0,1.0,9.0,1.0,1.0,13.0,1.0,1.0,0.0,1.0,0.0,0.0,0.0,0.0,1
0,1.0,0,4.0,1.0,13.0,1.0,1.0,13.0,1.0,1.0,1.6,1.0,0.0,0.0,0.0,0.0,1
1,1.0,0,4.0,1.0,1.0,7.0,1.0,13.0,1.0,1.0,1.7,1.0,0.0,6.0,223.0,0.0,1
0,1.0,0,5.0,1.0,0.0,12.0,1.0,12.0,1.0,1.0,2.4,1.0,0.0,0.0,0.0,0.0,1
1,1.0,0,4.0,1.0,1.0,12.0,2.0,12.0,1.0,1.0,0.0,1.0,0.0,0.0,0.0,0.0,1
1,1.0,0,4.0,1.0,13.0,3.0,1.0,11.0,1.0,1.0,1.2,1.0,0.0,0.0,0.0,0.0,1
1,1.0,1,5.0,1.0,13.0,5.0,1.0,12.0,1.0,1.0,1.0,1.0,0.0,0.0,0.0,0.0,1
1,1.0,1,4.0,1.0,13.0,4.0,2.0,12.0,1.0,1.0,2.0,1.0,0.0,0.0,0.0,0.0,1
1,1.0,0,4.0,1.0,13.0,5.0,1.0,12.0,1.0,1.0,1.1,1.0,0.0,0.0,0.0,0.0,1
1,1.0,0,4.0,1.0,13.0,11.0,2.0,12.0,1.0,1.0,0.3,1.0,0.0,0.0,207.00844,0.0,1
0,1.0,0,4.0,1.0,13.0,8.0,2.0,12.0,1.0,1.0,0.3,1.0,4.0,7.0,379.0,0.0,1
1,1.0,1,5.0,1.0,22.0,4.0,1.0,13.0,1.0,1.0,2.1,1.0,0.0,0.0,0.0,0.0,1
0,2.0,1,4.0,1.0,13.0,4.0,2.0,7.0,1.0,1.0,1.0,1.0,0.0,0.0,0.0,0.0,1
1,1.0,0,5.0,1.0,13.0,5.0,2.0,1.0,1.0,1.0,1.8,1.0,0.0,0.0,0.0,0.0,1
0,1.0,0,4.0,1.0,22.0,8.0,1.0,12.0,5.0,1.0,0.7,1.0,4.0,11.0,379.0,0.0,1
0,1.0,0,5.0,1.0,10.0,1.0,2.0,7.0,1.0,1.0,0.8,1.0,0.0,0.0,0.0,0.0,1
1,1.0,0,4.0,1.0,0.0,7.0,1.0,12.0,1.0,1.0,1.4,1.0,0.0,0.0,0.0,3.0,1
1,1.0,0,4.0,1.0,11.0,4.0,1.0,13.0,5.0,1.0,1.1,1.0,0.0,0.0,0.0,0.0,1
1,1.0,0,4.0,1.0,22.0,8.0,1.0,12.0,1.0,1.0,0.8,1.0,0.0,0.0,0.0,0.0,1
1,1.0,0,4.0,1.0,22.0,3.0,2.0,14.0,1.0,1.0,86.3,1.0,0.0,0.0,0.0,0.0,1
1,1.0,0,4.0,1.0,13.0,7.0,1.0,12.0,1.0,1.0,1.7,1.0,0.0,0.0,0.0,0.0,1
1,2.0,1,5.0,1.0,13.0,7.0,1.0,14.0,1.0,1.0,7.3532624,1.0,0.0,0.0,0.0,0.0,1
1,1.0,0,4.0,1.0,13.0,7.0,2.0,12.0,1.0,1.0,1.1,1.0,0.0,0.0,0.0,0.0,1
1,2.0,1,4.0,1.0,16.0,1.0,1.0,14.0,1.0,1.0,0.3,1.0,0.0,0.0,0.0,0.0,1
1,1.0,0,4.0,1.0,12.0,1.0,1.0,14.0,5.0,1.0,0.8,1.0,0.0,0.0,0.0,0.0,0
1,1.0,1,7.0,1.0,13.0,9.0,2.0,13.0,1.0,1.0,2.9,1.0,0.0,0.0,0.0,0.0,1
1,1.0,0,4.0,1.0,20.0,12.0,2.0,0.0,1.0,1.0,2.8,1.0,0.0,0.0,0.0,0.0,1
1,1.0,0,1.0,1.0,16.0,4.0,1.0,13.0,1.0,1.0,2.2,1.0,0.0,0.0,0.0,0.0,1
1,1.0,0,4.0,2.0,14.0,8.0,2.0,8.0,1.0,1.0,1.2,1.0,0.0,0.0,0.0,0.0,1
1,1.0,0,4.0,1.0,2.0,7.0,2.0,12.0,1.0,1.0,0.7,1.0,0.0,0.0,0.0,0.0,1
1,1.0,1,5.0,1.0,22.0,1.0,2.0,14.0,1.0,1.0,6.2980714,1.0,0.0,0.0,0.0,0.0,1
0,2.0,1,4.0,1.0,22.0,10.0,1.0,12.0,1.0,1.0,2.3,1.0,0.0,0.0,0.0,0.0,1
1,1.0,0,4.0,1.0,13.0,1.0,2.0,12.0,1.0,1.0,1.0,1.0,0.0,0.0,0.0,0.0,1
1,1.0,1,5.0,1.0,13.0,7.0,1.0,0.0,1.0,1.0,1.8,1.0,0.0,0.0,0.0,0.0,1
1,1.0,1,5.0,1.0,13.0,2.0,2.0,8.0,1.0,1.0,2.9,1.0,0.0,0.0,0.0,0.0,1
1,1.0,1,4.0,1.0,13.0,5.0,2.0,13.0,1.0,1.0,1.7,1.0,0.0,0.0,0.0,0.0,1
1,1.0,0,4.0,1.0,14.0,12.0,2.0,7.0,1.0,1.0,1.2,1.0,0.0,0.0,0.0,0.0,1
1,1.0,0,5.0,1.0,1.0,7.0,2.0,13.0,1.0,1.0,1.4,1.0,0.0,0.0,0.0,0.0,1
1,1.0,1,5.0,1.0,16.0,8.0,1.0,13.0,1.0,1.0,2.1,1.0,0.0,0.0,0.0,0.0,1
0,1.0,0,4.0,1.0,14.0,3.0,2.0,12.0,1.0,1.0,1.1,1.0,0.0,0.0,0.0,0.0,1
1,1.0,0,4.0,1.0,13.0,3.0,1.0,13.0,1.0,1.0,0.0,1.0,0.0,0.0,0.0,0.0,1
1,1.0,0,4.0,1.0,1.0,12.0,1.0,0.0,5.0,1.0,86.3,1.0,0.0,0.0,0.0,0.0,0
1,1.0,0,4.0,1.0,13.0,6.0,2.0,13.0,1.0,1.0,1.9,1.0,0.0,0.0,0.0,0.0,1
1,1.0,0,4.0,1.0,10.0,1.0,2.0,12.0,1.0,1.0,1.2,1.0,0.0,0.0,0.0,0.0,1
0,1.0,0,4.0,1.0,11.0,7.0,1.0,12.0,1.0,1.0,86.3,1.0,0.0,0.0,0.0,0.0,0
1,1.0,0,4.0,1.0,13.0,10.0,2.0,12.0,1.0,1.0,0.2,1.0,0.0,0.0,0.0,0.0,1
1,1.0,0,4.0,1.0,14.0,3.0,2.0,12.0,1.0,1.0,0.9,1.0,0.0,0.0,0.0,0.0,1
1,1.0,0,4.0,1.0,8.0,1.0,2.0,13.0,1.0,1.0,0.7,1.0,0.0,0.0,0.0,0.0,1
0,1.0,1,5.0,1.0,13.0,7.0,1.0,12.0,1.0,1.0,86.3,1.0,0.0,0.0,0.0,0.0,1
1,1.0,1,5.0,1.0,15.0,8.0,1.0,13.0,1.0,1.0,1.1,1.0,0.0,0.0,0.0,0.0,1
1,1.0,0,1.0,1.0,13.0,7.0,2.0,12.0,1.0,1.0,3.8,1.0,0.0,0.0,0.0,0.0,1
1,1.0,0,5.0,1.0,0.0,3.0,2.0,11.0,1.0,1.0,2.6,1.0,0.0,0.0,0.0,0.0,1
1,1.0,1,4.0,1.0,22.0,5.0,1.0,12.0,1.0,1.0,1.9,1.0,0.0,0.0,0.0,0.0,1
1,1.0,1,4.0,1.0,13.0,2.0,2.0,13.0,1.0,1.0,1.6,1.0,0.0,0.0,0.0,0.0,1
1,2.0,0,2.0,1.0,11.0,9.0,1.0,12.0,1.0,1.0,3.8,1.0,0.0,0.0,0.0,0.0,0
1,1.0,1,4.0,1.0,22.0,12.0,1.0,12.0,1.0,1.0,0.8,1.0,4.0,10.0,379.0,0.0,1
1,1.0,1,4.0,1.0,10.0,1.0,2.0,12.0,1.0,1.0,0.0,1.0,0.0,0.0,0.0,0.0,1
0,1.0,0,4.0,1.0,12.0,6.0,2.0,13.0,1.0,1.0,86.3,1.0,0.0,0.0,0.0,0.0,1
0,1.0,0,4.0,1.0,4.0,12.0,1.0,13.0,1.0,1.0,1.7,1.0,0.0,0.0,0.0,0.0,1
1,1.0,1,5.0,1.0,13.0,4.0,2.0,11.0,1.0,1.0,0.0,1.0,0.0,0.0,0.0,0.0,1
1,1.0,0,4.0,1.0,10.0,10.0,2.0,12.0,1.0,1.0,1.0,1.0,0.0,0.0,0.0,0.0,1
1,1.0,0,4.0,1.0,0.0,9.0,1.0,13.0,1.0,1.0,1.9,1.0,0.0,0.0,0.0,0.0,0
1,1.0,0,4.0,1.0,1.0,7.0,1.0,13.0,1.0,1.0,1.6,1.0,0.0,0.0,0.0,1.0,1
0,1.0,1,5.0,1.0,20.0,1.0,2.0,12.0,1.0,1.0,86.3,1.0,0.0,0.0,0.0,0.0,1
1,1.0,1,5.0,1.0,9.0,12.0,1.0,13.0,1.0,1.0,86.3,1.0,0.0,0.0,0.0,0.0,1
1,1.0,0,5.0,1.0,13.0,2.0,1.0,3.0,1.0,1.0,1.2,1.0,0.0,0.0,0.0,0.0,1
1,1.0,0,5.0,1.0,2.3988314,3.0,1.0,12.0,1.0,1.0,3.6,1.0,0.0,0.0,0.0,0.0,1
1,1.0,1,4.0,1.0,13.0,8.0,2.0,13.0,1.0,1.0,2.1,1.0,0.0,0.0,239.22359,0.0,1
1,1.0,0,4.0,1.0,16.0,7.0,2.0,0.0,1.0,1.0,0.6,1.0,0.0,0.0,0.0,0.0,1
1,1.0,1,5.0,1.0,13.0,6.0,2.0,13.0,1.0,1.0,0.0,1.0,0.0,0.0,0.0,0.0,1
0,1.0,1,6.0,1.0,13.0,12.0,1.0,10.0,1.0,1.0,4.8,1.0,0.0,0.0,0.0,0.0,1
1,1.0,1,4.0,1.0,16.0,8.0,1.0,12.0,1.0,1.0,0.0,1.0,0.0,0.0,0.0,0.0,1
1,1.0,1,5.0,1.0,11.0,9.0,2.0,13.0,1.0,1.0,86.3,1.0,0.0,0.0,0.0,0.0,1
1,1.0,0,4.0,1.0,13.0,4.0,1.0,12.0,1.0,1.0,0.0,1.0,0.0,0.0,0.0,0.0,1
1,2.0,0,4.0,1.0,13.0,5.0,2.0,12.0,1.0,1.0,1.8,1.0,0.0,0.0,0.0,0.0,1
1,1.0,0,4.0,1.0,0.0,7.0,2.0,12.0,1.0,1.0,1.0,1.0,0.0,0.0,0.0,0.0,1
1,1.0,0,4.0,1.0,4.0,3.0,2.0,13.0,1.0,1.0,0.0,1.0,0.0,0.0,0.0,0.0,1
1,2.0,0,5.0,1.0,3.0,4.0,2.0,13.0,1.0,1.0,0.7,1.0,0.0,0.0,0.0,0.0,1
0,1.0,0,5.0,1.0,13.0,9.0,2.0,13.0,1.0,1.0,1.8,1.0,0.0,0.0,0.0,0.0,1
1,1.0,1,4.0,1.0,11.0,4.0,1.0,12.0,1.0,1.0,0.0,1.0,0.0,0.0,0.0,0.0,1
1,1.0,0,4.0,1.0,10.0,4.0,2.0,13.0,1.0,1.0,2.4,1.0,0.0,0.0,0.0,0.0,1
1,1.0,0,4.0,1.0,13.0,3.0,2.0,7.0,1.0,1.0,0.0,1.0,0.0,0.0,0.0,0.0,1
1,1.0,0,4.0,1.0,3.0,7.0,1.0,12.0,1.0,1.0,0.5,1.0,0.0,0.0,0.0,0.0,0
0,1.0,0,5.0,1.0,13.0,8.0,2.0,0.0,1.0,1.0,2.1,1.0,0.0,0.0,0.0,0.0,1
1,1.0,0,4.0,1.0,10.0,12.0,1.0,12.0,1.0,1.0,0.6,1.0,0.0,0.0,0.0,0.0,1
0,2.0,0,4.0,1.0,13.0,6.0,2.0,13.0,1.0,1.0,86.3,1.0,0.0,0.0,0.0,0.0,1
1,1.0,1,4.0,1.0,16.0,7.0,1.0,13.0,1.0,1.0,0.9,1.0,0.0,0.0,0.0,0.0,1
0,1.0,1,4.0,1.0,14.0,7.0,2.0,13.0,1.0,1.0,2.9,1.0,0.0,0.0,0.0,0.0,1
1,1.0,1,5.0,1.0,13.0,12.0,2.0,12.0,1.0,1.0,3.6,1.0,0.0,0.0,0.0,0.0,1
1,1.0,0,4.0,1.0,13.0,5.0,2.0,13.0,1.0,1.0,1.0,1.0,0.0,0.0,0.0,0.0,0
1,1.0,1,5.0,1.0,13.0,3.0,2.0,12.0,1.0,1.0,0.0,1.0,0.0,0.0,0.0,0.0,1
1,2.0,0,4.0,1.0,13.0,6.0,1.0,8.0,1.0,1.0,1.6,1.0,0.0,0.0,0.0,0.0,1
1,1.0,1,5.0,1.0,14.0,3.0,2.0,12.0,1.0,1.0,2.1,1.0,0.0,0.0,0.0,0.0,1
1,1.0,1,5.0,1.0,13.0,3.0,1.0,11.0,1.0,1.0,1.9,1.0,0.0,0.0,0.0,0.0,1
1,1.0,0,4.0,1.0,5.0,6.0,2.0,13.0,1.0,1.0,0.0,1.0,0.0,0.0,0.0,0.0,1
1,1.0,0,5.0,1.0,13.0,8.0,1.0,12.0,1.0,1.0,0.0,1.0,0.0,0.0,0.0,0.0,1
1,1.0,0,4.0,1.0,13.0,9.0,2.0,10.0,1.0,1.0,1.0,1.0,0.0,0.0,0.0,0.0,1
0,2.0,0,5.0,1.0,6.0,10.0,1.0,14.0,1.0,1.0,86.3,1.0,0.0,0.0,0.0,0.0,1
1,1.0,1,5.0,1.0,22.0,4.0,2.0,13.0,1.0,1.0,1.7,1.0,0.0,0.0,0.0,0.0,1
1,1.0,1,5.0,1.0,13.0,10.0,1.0,12.0,1.0,1.0,1.5,1.0,0.0,0.0,0.0,0.0,1
1,1.0,0,4.0,1.0,13.0,12.0,2.0,12.0,1.0,1.0,0.6,1.0,0.0,0.0,0.0,0.0,1
1,1.0,0,4.0,1.0,3.0,8.0,2.0,13.0,1.0,1.0,3.4,1.0,0.0,0.0,0.0,0.0,1
1,1.0,0,4.0,1.0,13.0,4.0,1.0,0.0,1.0,1.0,0.03331918,1.0,0.0,0.0,0.0,0.0,1
1,1.0,1,6.0,1.0,1.0,12.0,2.0,11.0,1.0,1.0,0.7,1.0,0.0,0.0,0.0,0.0,1
1,1.0,1,5.0,1.0,1.0,9.0,1.0,12.0,1.0,1.0,2.7,1.0,0.0,0.0,0.0,0.0,1
1,1.0,0,4.0,1.0,4.0,8.0,1.0,13.0,1.0,1.0,1.8,1.0,0.0,0.0,0.0,0.0,1
1,1.0,0,5.0,1.0,0.0,3.0,1.0,12.0,1.0,1.0,1.4,1.0,0.0,0.0,0.0,3.0,0
1,2.0,0,4.0,1.0,10.0,6.0,1.0,14.0,1.0,1.0,0.9,1.0,0.0,0.0,0.0,0.0,1
1,1.0,1,5.0,1.0,16.0,3.0,1.0,14.0,1.0,1.0,3.0,1.0,0.0,0.0,0.0,0.0,1
1,1.0,0,4.0,1.0,10.0,3.0,1.0,11.0,1.0,1.0,0.6,1.0,0.0,0.0,0.0,0.0,0
1,1.0,0,4.0,1.0,13.0,1.0,2.0,12.0,1.0,1.0,0.7,1.0,0.0,0.0,0.0,0.0,1
1,1.0,0,4.0,1.0,10.0,5.0,1.0,12.0,1.0,1.0,3.2,1.0,0.0,0.0,0.0,0.0,1
1,2.0,0,5.0,1.0,9.0,9.0,1.0,13.0,1.0,1.0,86.3,1.0,0.0,0.0,0.0,0.0,1
0,1.0,1,5.0,1.0,14.0,10.0,1.0,12.0,1.0,1.0,0.0,1.0,0.0,0.0,0.0,0.0,1
1,1.0,0,4.0,1.0,13.0,1.0,2.0,13.0,1.0,1.0,1.2,1.0,0.0,0.0,0.0,0.0,1
1,1.0,0,4.0,1.0,3.0,7.0,2.0,7.0,1.0,1.0,0.4,1.0,0.0,0.0,0.0,0.0,0
1,2.0,1,4.0,1.0,14.0,10.0,2.0,13.0,1.0,1.0,3.1,1.0,0.0,0.0,0.0,0.0,1
1,2.0,0,4.0,1.0,13.0,7.0,2.0,12.0,1.0,1.0,86.3,1.0,0.0,0.0,0.0,0.0,1
1,1.0,0,4.0,1.0,11.0,4.0,2.0,12.0,1.0,1.0,4.1,1.0,0.0,0.0,0.0,0.0,1
0,2.0,1,5.0,1.0,13.0,1.0,2.0,12.0,1.0,1.0,2.3827028,1.0,0.0,0.0,0.0,0.0,1
1,1.0,0,4.0,1.0,16.0,10.0,1.0,0.0,1.0,1.0,2.5,1.0,0.0,0.0,0.0,0.0,1
1,1.0,0,4.0,1.0,1.0,5.0,1.0,13.0,1.0,1.0,2.6,1.0,0.0,0.0,0.0,0.0,1
1,1.0,0,4.0,1.0,0.0,5.0,1.0,13.0,5.0,1.0,4.1,1.0,0.0,5.343008,0.0,3.0,1
1,1.0,1,5.0,1.0,13.0,3.0,1.0,12.0,1.0,1.0,2.6,1.0,0.0,0.0,0.0,0.0,1
1,1.0,0,4.0,1.0,6.0,6.0,1.0,12.0,1.0,1.0,0.8,1.0,0.0,0.0,0.0,0.0,1
1,1.0,1,4.0,1.0,13.0,6.0,2.0,7.0,1.0,1.0,0.8,1.0,0.0,0.0,0.0,0.0,1
1,1.0,0,4.0,1.0,5.0,3.0,2.0,13.0,1.0,1.0,0.5,1.0,0.0,0.0,0.0,0.0,1
1,1.0,1,6.0,1.0,13.0,1.0,2.0,12.0,1.0,1.0,0.9,1.0,0.0,0.0,0.0,0.0,1
1,1.0,0,4.0,1.0,10.0,7.0,1.0,13.0,1.0,1.0,3.0,1.0,0.0,0.0,0.0,0.0,0
1,1.0,0,5.0,1.0,9.0,2.0,2.0,13.0,1.0,1.0,1.5,1.0,0.0,0.0,0.0,0.0,1
1,1.0,1,5.0,1.0,5.0,4.0,1.0,13.0,1.0,1.0,0.8,1.0,0.0,0.0,0.0,0.0,0
1,1.0,1,4.0,1.0,1.0,4.0,1.0,4.0,1.0,1.0,2.2,1.0,0.0,0.0,0.0,0.0,1
1,1.0,0,4.0,1.0,6.0,12.0,2.0,12.0,1.0,1.0,0.0,1.0,0.0,0.0,0.0,0.0,1
1,1.0,1,5.0,1.0,4.0,10.0,1.0,13.0,1.0,1.0,2.8,1.0,0.0,0.0,0.0,0.0,1
1,1.0,0,4.0,1.0,11.0,12.0,1.0,13.0,1.0,1.0,2.0,1.0,0.0,0.0,0.0,0.0,0
1,1.0,1,5.0,1.0,16.0,1.0,1.0,14.0,1.0,1.0,1.6,1.0,0.0,0.0,0.0,0.0,1
1,1.0,1,5.0,1.0,13.0,9.0,2.0,13.0,1.0,1.0,1.8,1.0,0.0,0.0,0.0,0.0,1
1,1.0,0,4.0,1.0,8.0,11.0,2.0,7.0,1.0,1.0,1.0,1.0,0.0,0.0,0.0,0.0,1
1,1.0,0,4.0,1.0,16.0,12.0,2.0,0.0,1.0,1.0,2.8,1.0,0.0,0.0,0.0,0.0,1
1,1.0,1,5.0,1.0,11.0,7.0,1.0,14.0,1.0,1.0,86.3,1.0,0.0,0.0,0.0,0.0,1
0,1.0,0,5.0,1.0,13.0,12.0,2.0,13.0,1.0,1.0,0.9,1.0,0.0,0.0,0.0,0.0,1
1,1.0,1,5.0,1.0,13.0,6.0,1.0,13.0,1.0,1.0,0.8,1.0,0.0,0.0,0.0,0.0,1
1,1.0,0,4.0,1.0,13.0,12.0,2.0,12.0,1.0,1.0,86.3,1.0,0.0,0.0,0.0,0.0,1
1,1.0,1,5.0,1.0,16.0,8.0,1.0,10.0,1.0,1.0,1.1,1.0,0.0,0.0,0.0,0.0,1
1,1.0,0,5.0,1.0,0.0,5.0,1.0,12.0,1.0,1.0,1.3,1.0,0.0,0.0,0.0,0.0,0
1,1.0,1,5.0,1.0,1.0,1.0,1.0,13.0,1.0,1.0,1.2,1.0,0.0,0.0,0.0,0.0,0
1,1.0,1,5.0,1.0,14.0,1.0,1.0,4.0,1.0,1.0,1.8,1.0,4.0,11.0,379.0,0.0,1
1,1.0,0,4.0,1.0,4.0,12.0,2.0,8.0,1.0,1.0,1.3,1.0,0.0,0.0,0.0,0.0,1
0,1.0,0,4.0,1.0,13.0,12.0,2.0,12.0,1.0,1.0,0.0,1.0,0.0,0.0,0.0,0.0,1
1,1.0,0,6.0,1.0,11.0,12.0,1.0,12.0,1.0,1.0,1.7,1.0,0.0,0.0,0.0,0.0,1
0,1.0,0,4.0,1.0,10.0,6.0,1.0,9.0,1.0,1.0,1.0,1.0,0.0,0.0,0.0,0.0,1
1,1.0,0,4.0,1.0,4.0,8.0,1.0,12.0,1.0,1.0,1.0,1.0,0.0,0.0,0.0,0.0,1
1,1.0,1,4.0,1.0,22.0,4.0,1.0,13.0,1.0,1.0,2.0,1.0,0.0,0.0,0.0,0.0,1
1,1.0,0,4.0,1.0,4.0,4.0,2.0,13.0,1.0,1.0,1.0,1.0,0.0,0.0,0.0,0.0,1
1,1.0,1,4.0,1.0,11.0,5.0,2.0,12.0,1.0,1.0,1.3,1.0,0.0,0.0,0.0,0.0,1
1,1.0,0,4.0,1.0,12.0,4.0,2.0,14.0,1.0,1.0,1.5,1.0,0.0,0.0,0.0,0.0,1
0,1.0,1,6.0,1.0,3.0,10.0,1.0,12.0,1.0,1.0,3.6,1.0,0.0,0.0,0.0,0.0,1
1,1.0,0,5.0,1.0,0.0,12.0,1.0,13.0,1.0,1.0,1.5,1.0,0.0,0.0,0.0,3.0,1
1,1.0,1,4.0,1.0,16.0,2.0,2.0,10.0,1.0,1.0,1.8,1.0,0.0,0.0,0.0,0.0,1
1,1.0,0,4.0,1.0,13.0,8.0,2.0,13.0,1.0,1.0,0.6,1.0,0.0,0.0,0.0,0.0,1
1,1.0,0,4.0,1.0,3.0,1.0,1.0,12.0,1.0,1.0,0.0,1.0,0.0,0.0,0.0,0.0,1
1,1.0,1,4.0,1.0,13.0,3.0,1.0,0.0,1.0,1.0,2.5,1.0,0.0,0.0,0.0,0.0,1
1,1.0,1,5.0,1.0,13.0,7.0,1.0,12.0,1.0,1.0,1.4,1.0,0.0,0.0,0.0,0.0,1
1,1.0,1,7.0,1.0,22.0,6.0,1.0,13.0,1.0,1.0,2.6,1.0,0.0,0.0,0.0,0.0,1
1,1.0,0,5.0,1.0,13.0,10.0,1.0,13.0,1.0,1.0,3.4,1.0,0.0,0.0,0.0,0.0,1
1,1.0,0,4.0,1.0,13.0,1.0,1.0,14.0,1.0,1.0,1.5,1.0,0.0,0.0,0.0,0.0,1
1,1.0,0,4.0,1.0,16.0,9.0,1.0,13.0,1.0,1.0,1.1,1.0,0.0,0.0,0.0,0.0,1
1,1.0,1,6.0,1.0,13.0,3.0,2.0,12.0,1.0,1.0,0.0,1.0,0.0,0.0,0.0,0.0,1
1,1.0,1,4.0,1.0,22.0,1.0,1.0,2.0,1.0,1.0,86.3,1.0,0.0,0.0,0.0,0.0,1
1,1.0,0,4.0,1.0,14.0,1.0,1.0,13.0,1.0,1.0,3.0,1.0,0.0,0.0,0.0,0.0,1
1,1.0,0,1.0,1.0,22.0,1.0,2.0,7.0,1.0,1.0,3.2,1.0,3.0,0.0,313.51093,0.0,1
1,1.0,1,5.0,1.0,13.0,11.0,2.0,0.0,1.0,1.0,0.0,1.0,0.0,0.0,0.0,0.0,1
1,1.0,0,5.0,1.0,10.0,8.0,1.0,13.0,1.0,1.0,1.1,1.0,0.0,0.0,0.0,0.0,1
0,1.0,0,4.0,1.0,13.0,8.0,1.0,7.0,1.0,1.0,1.1,1.0,0.0,0.0,0.0,0.0,1
1,1.0,1,4.0,1.0,5.754025,12.0,2.0,11.0,1.0,1.0,1.0,1.0,0.0,0.0,0.0,0.0,1
0,2.0,0,4.0,1.0,13.0,5.0,2.0,2.0,1.0,1.0,1.8,1.0,0.0,0.0,0.0,0.0,1
1,1.0,1,5.0,1.0,10.0,9.0,2.0,13.0,1.0,1.0,0.8,1.0,0.0,0.0,0.0,0.0,1
1,1.0,0,2.0,1.0,14.0,12.0,2.0,14.0,1.0,1.0,86.3,1.0,0.0,0.0,0.0,0.0,1
1,1.0,0,4.0,1.0,14.0,7.0,2.0,12.0,1.0,1.0,1.8,1.0,0.0,0.0,0.0,0.0,1
1,1.0,0,4.0,1.0,1.0,5.0,1.0,0.0,1.0,1.0,86.3,1.0,0.0,0.0,0.0,0.0,1
1,1.0,1,5.0,1.0,13.0,2.0,2.0,12.0,1.0,1.0,1.0721432,1.0,0.0,0.0,0.0,0.0,1
1,1.0,0,4.0,1.0,0.0,8.0,1.0,12.0,1.0,1.0,3.0,1.0,0.0,0.0,0.0,0.0,1
1,1.0,0,4.0,1.0,4.0,8.0,1.0,9.0,1.0,1.0,3.2,1.0,0.0,0.0,0.0,0.0,1
1,1.0,1,5.0,1.0,16.0,7.0,2.0,14.0,1.0,1.0,2.1,1.0,0.0,0.0,0.0,0.0,1
1,1.0,0,4.0,1.0,13.0,9.0,2.0,12.0,1.0,1.0,2.1,1.0,0.0,0.0,0.0,0.0,1
1,1.0,0,4.0,1.0,10.0,7.0,1.0,13.0,1.0,1.0,1.9,1.0,0.0,0.0,0.0,0.0,1
1,1.0,0,4.0,1.0,22.0,3.0,1.0,12.0,1.0,1.0,0.0,1.0,0.0,0.0,0.0,0.0,1
1,1.0,1,6.0,1.0,10.0,7.0,1.0,14.0,1.0,1.0,86.3,1.0,0.0,0.0,0.0,0.0,1
1,1.0,0,5.0,1.0,4.0,1.0,1.0,12.0,1.0,1.0,1.1,1.0,0.0,0.0,0.0,0.0,1
1,1.0,0,4.0,1.0,13.0,1.0,1.0,13.0,1.0,1.0,2.0,1.0,0.0,0.0,0.0,0.0,1
1,1.0,0,4.0,1.0,13.0,12.0,2.0,0.0,1.0,1.0,0.5,1.0,4.0,11.0,379.0,0.0,1
1,1.0,0,4.0,1.0,13.0,2.0,1.0,12.0,1.0,1.0,4.5,1.0,4.0,11.0,379.0,0.0,1
1,1.0,0,4.0,1.0,7.0,1.0,1.0,3.2485652,1.0,2.0,0.4,1.0,0.0,0.0,0.0,3.0,0
1,1.0,1,5.0,1.0,1.0,6.0,1.0,12.0,1.0,1.0,1.3,1.0,0.0,0.0,0.0,0.0,1
1,1.0,1,7.0,1.0,13.0,4.0,2.0,12.0,1.0,1.0,0.6,1.0,0.0,0.0,0.0,0.0,1
1,1.0,1,6.0,1.0,13.0,12.0,2.0,8.0,1.0,1.0,0.0,1.0,0.0,0.0,0.0,0.0,1
1,1.0,0,4.0,1.0,13.0,11.0,1.0,0.0,1.0,1.0,1.2,1.0,0.0,0.0,0.0,0.0,1
0,1.0,1,5.0,1.0,0.0,9.0,2.0,13.0,1.0,1.0,2.0,1.0,0.0,0.0,0.0,0.0,1
1,1.0,1,7.0,1.0,13.0,7.0,2.0,12.0,1.0,1.0,1.6,1.0,0.0,0.0,0.0,0.0,1
1,1.0,1,4.0,1.0,13.0,3.0,2.0,11.0,1.0,1.0,2.6,1.0,0.0,0.0,0.0,0.0,1
1,1.0,0,4.0,1.0,13.0,9.0,2.0,12.0,1.0,1.0,0.6,1.0,0.0,0.0,0.0,0.0,1
1,1.0,1,4.0,1.0,10.0,12.0,2.0,12.0,1.0,1.0,0.0,1.0,4.0,11.0,379.0,0.0,1
0,1.0,1,7.0,1.0,13.0,7.0,1.0,14.0,1.0,1.0,12.555102,1.0,0.0,0.0,0.0,0.0,1
0,1.0,0,3.2661753,1.0,13.0,8.0,2.0,12.0,1.0,1.0,3.0,1.0,0.0,0.0,0.0,0.0,1
1,1.0,0,4.0,1.0,13.0,1.0,2.0,13.0,1.0,1.0,1.3,1.0,0.0,0.0,0.0,0.0,1
1,1.0,0,4.0,1.0,16.0,4.0,2.0,13.0,1.0,1.0,1.2,1.0,0.0,0.0,0.0,0.0,1
1,1.0,0,5.0,1.0,13.0,8.0,1.0,13.0,1.0,1.0,86.3,1.0,0.0,0.0,0.0,0.0,1
0,1.0,1,5.0,1.0,14.0,5.0,1.0,13.0,1.0,1.0,3.0,1.0,0.0,0.0,0.0,0.0,1
1,1.0,1,7.0,1.0,14.0,12.0,2.0,13.0,1.0,1.0,1.9,1.0,0.0,0.0,0.0,0.0,1
1,1.0,0,4.0,1.0,11.0,6.0,1.0,13.0,1.0,1.0,1.0,1.0,0.0,0.0,0.0,0.0,1
1,1.0,1,5.0,1.0,22.0,5.0,1.0,14.0,1.0,1.0,6.0,1.0,0.0,0.0,0.0,0.0,1
1,1.0,1,5.0,1.0,1.0,3.0,1.0,12.0,1.0,1.0,1.7,1.0,0.0,0.0,0.0,0.0,1
0,1.0,1,5.0,1.0,15.0,3.0,1.0,12.0,5.0,1.0,2.0,1.0,0.0,0.0,0.0,0.0,1
1,1.0,1,4.0,1.0,13.0,6.0,1.0,14.0,1.0,1.0,1.7,1.0,3.0,7.0,379.0,0.0,1
0,1.0,1,5.0,1.0,16.0,4.0,1.0,13.0,5.0,1.0,1.0,1.0,0.0,0.0,0.0,0.0,1
1,1.0,0,4.0,1.0,13.0,4.0,2.0,12.0,1.0,1.0,4.7,1.0,0.0,0.0,0.0,0.0,1
0,1.0,1,4.0,1.0,22.0,3.0,1.0,13.0,1.0,1.0,1.0,1.0,0.0,0.0,211.0,0.0,1
0,1.0,1,7.0,1.0,22.0,1.0,2.0,13.0,1.0,1.0,3.2,1.0,0.0,0.0,0.0,0.0,1
0,1.0,1,5.0,1.0,16.0,1.0,1.0,13.0,1.0,1.0,1.1,1.0,0.0,0.0,0.0,0.0,1
1,1.0,0,4.0,1.0,10.0,6.0,2.0,12.0,1.0,1.0,0.6,1.0,0.0,0.0,0.0,0.0,1
1,1.0,1,5.0,1.0,14.0,10.0,1.0,8.0,1.0,1.0,0.9,1.0,0.0,0.0,0.0,0.0,1
1,1.0,1,5.0,1.0,14.0,10.0,1.0,5.0,1.0,1.0,0.0,1.0,4.0,11.0,379.0,0.0,1
1,1.0,0,1.0,1.0,16.0,6.0,2.0,13.0,1.0,1.0,1.2,1.0,0.0,0.0,0.0,0.0,1
1,1.0,1,4.0,1.0,13.0,9.0,1.0,12.0,1.0,1.0,1.0,1.0,4.0,11.0,379.0,0.0,0
1,1.0,0,4.0,1.0,13.0,6.0,1.0,13.0,1.0,1.0,3.6,1.0,0.0,0.0,0.0,0.0,1
1,1.0,0,4.0,1.0,0.0,2.0,1.0,10.0,1.0,1.0,2.6,1.0,0.0,0.0,0.0,0.0,0
1,1.0,0,4.0,1.0,0.0,9.0,1.0,0.0,1.0,1.0,0.5,1.0,0.0,0.0,0.0,0.0,1
1,1.0,0,4.0,2.0,15.0,6.0,2.0,13.0,5.0,1.0,1.6,1.0,0.0,0.0,0.0,0.0,1
0,1.0,0,4.0,1.0,20.420507,1.0,2.0,14.0,1.0,1.0,86.3,1.0,0.0,0.0,0.0,0.0,1
1,1.0,1,5.0,1.0,10.0,4.0,2.0,13.0,1.0,1.0,2.0,1.0,0.0,0.0,0.0,0.0,1
1,1.0,1,5.0,1.0,11.0,7.0,1.0,0.0,1.1368268,1.0,0.0,1.0,0.0,0.0,0.0,0.0,1
1,1.0,0,4.0,1.0,11.0,3.0,1.0,13.0,1.0,1.0,1.0,1.0,0.0,0.0,0.0,0.0,1
1,1.0,1,5.0,1.0,16.0,9.0,1.0,13.0,1.0,1.0,1.1,1.0,0.0,0.0,0.0,0.0,1
0,1.0,0,5.0,1.0,4.0,7.0,1.0,0.0,1.0,1.0,1.2,1.0,0.0,0.0,0.0,0.0,1
1,1.0,0,4.0,1.0,0.0,5.0,1.0,13.0,1.0,1.0,1.1283442,1.0,0.0,0.0,0.0,0.0,0
1,1.0,0,4.0,1.0,0.0,5.0,1.0,12.0,1.0,1.0,1.6,1.0,0.0,0.0,0.0,0.0,1
1,1.0,1,5.0,1.0,13.0,1.0,1.0,13.0,1.0,1.0,1.3,1.0,0.0,0.0,0.0,0.0,1
1,1.0,0,5.0,1.0,2.0,1.0,1.0,13.0,1.0,1.0,1.6,1.0,0.0,0.0,0.0,0.0,1
1,1.0,1,7.0,1.0,14.0,8.0,1.0,14.0,1.0,1.0,2.9,1.0,0.0,0.0,0.0,0.0,1
1,1.0,0,4.0,1.0,11.0,12.0,1.0,13.0,1.0,1.0,1.9,1.0,0.0,0.0,0.0,0.0,1
1,1.0,0,5.0,1.0,11.0,8.0,1.0,12.0,1.0,1.0,1.1,1.0,0.0,0.0,0.0,0.0,1
1,1.0,1,4.0,1.0,14.0,7.0,1.0,12.0,1.0,1.0,1.0,1.0,4.0,7.0,379.0,0.0,1
1,1.0,0,4.0,1.0,15.0,8.0,2.0,13.0,1.0,1.0,1.8,1.0,0.0,0.0,0.0,0.0,1
1,1.0,0,1.0,1.0,20.0,12.0,1.0,12.0,1.0,1.0,1.4,1.0,0.0,0.0,0.0,0.0,1
1,1.0,0,4.0,1.0,7.0,9.0,2.0,12.0,1.0,1.0,4.890246,1.0,0.0,0.0,0.0,0.0,1
0,1.0,0,4.0,1.0,13.0,9.0,2.0,0.0,1.0,1.0,2.8,1.0,0.0,0.0,0.0,0.0,1
1,1.0,1,7.0,1.0,16.0,4.0,2.0,13.0,1.0,1.0,1.7,1.0,0.0,0.0,0.0,0.0,1
1,1.0,0,5.0,1.0,0.0,4.0,1.0,12.0,1.0,1.0,1.0,1.0,0.0,0.0,0.0,3.0,1
0,1.0,0,4.0,1.0,10.0,7.0,1.0,12.0,1.0,1.0,0.9,1.0,0.0,0.0,0.0,0.0,1
1,1.0,0,4.0,1.0,16.0,2.0,2.0,0.0,1.0,1.0,0.6,1.0,0.0,0.0,0.0,0.0,1
1,1.0,1,5.0,1.0,4.0,9.0,2.0,5.0,1.0,1.0,0.0,1.0,0.0,0.0,0.0,0.0,1
1,1.0,0,4.0,1.0,11.0,9.0,1.0,14.0,1.0,1.0,0.0,1.0,0.0,0.0,0.0,0.0,1
1,1.0,0,4.0,1.0,13.0,7.0,2.0,13.0,1.0,1.0,3.7,1.0,0.0,0.0,0.0,0.0,1
1,1.0,1,5.0,1.0,13.0,4.0,2.0,14.0,1.0,1.0,1.8,1.0,0.0,0.0,0.0,0.0,1
1,1.0,0,4.0,1.0,9.0,5.0,2.0,13.0,1.0,1.0,0.9,1.0,0.0,0.0,0.0,0.0,1
0,1.0,1,7.0,1.0,10.0,7.0,2.0,12.0,1.0,1.0,0.9,1.0,0.0,0.0,0.0,0.0,1
1,1.0,0,4.0,1.0,2.0,7.0,2.0,13.0,1.0,1.0,1.2,1.0,0.0,0.0,0.0,0.0,1
1,1.0,0,4.0,1.0,11.0,1.0,1.0,6.0,1.0,1.0,0.9,1.0,0.0,0.0,0.0,0.0,0
1,1.0,0,5.0,1.0,13.0,6.0,1.0,13.0,1.0,1.0,2.4,1.0,0.0,0.0,0.0,0.0,1
1,1.0,0,4.0,1.0,0.0,4.0,1.0,13.0,1.0,1.0,0.9,1.0,0.0,0.0,0.0,0.0,1
1,1.0,0,4.0,1.0,0.0,6.0,1.0,12.0,1.0,1.0,1.6587179,1.0,0.0,0.0,0.0,1.0,0
0,1.0,0,4.0,1.0,13.0,10.0,2.0,12.0,1.0,1.0,1.0,1.0,0.0,0.0,0.0,0.0,1
1,1.0,0,5.0,1.0,0.0,3.0,1.0,13.0,1.0,1.0,0.9,1.0,0.0,0.0,0.0,3.0,0
1,1.0,0,5.0,1.0,0.0,7.0,2.0,12.0,1.0,1.0,0.4,1.0,0.0,0.0,0.0,0.0,1
0,1.0,0,4.0,1.0,15.0,3.0,1.0,13.0,1.0,1.0,0.0,1.0,0.0,0.0,0.0,0.0,1
0,1.0,0,4.0,1.0,11.0,12.0,1.0,12.0,1.0,1.0,2.0,1.0,0.0,0.0,0.0,0.0,1
1,1.0,0,5.0,1.0,11.0,1.0,2.0,13.0,1.0,1.0,2.0,1.0,0.0,0.0,0.0,0.0,1
1,1.0,0,4.0,1.0,16.0,8.0,2.0,13.0,1.0,1.0,1.8,1.0,0.0,0.0,0.0,0.0,1
1,1.0,0,4.0,1.0,13.0,5.0,2.0,13.0,1.0,1.0,0.7,1.0,0.0,0.0,0.0,0.0,1
0,1.0,0,4.0,1.0,7.0,9.0,1.0,11.0,1.0,1.0,1.2,1.0,0.0,0.0,0.0,0.0,0
1,1.0,0,4.0,1.0,16.0,1.0,2.0,13.0,1.0,1.0,3.6,1.0,3.0,7.0,281.0,0.0,1
1,2.0,0,4.0,1.0,13.0,8.0,2.0,13.0,1.0,1.0,2.6,1.0,0.0,0.0,0.0,0.0,1
0,1.0,1,5.0,1.0,4.0,7.0,2.0,12.0,1.0,1.0,1.2,1.0,0.0,0.0,0.0,0.0,1
1,1.0,0,4.0,1.0,13.0,11.0,2.0,12.0,1.0,1.0,0.44904646,1.0,0.0,0.0,0.0,0.0,1
1,1.0,0,5.0,1.0,0.0,6.0,1.0,12.0,1.0,1.0,0.3,1.0,0.0,0.0,0.0,0.0,1
1,1.0,0,1.0,1.0,16.0,12.0,2.0,8.0,1.0,1.0,5.6573334,1.0,0.0,0.0,0.0,0.0,1
1,1.0,1,5.0,1.0,16.0,6.0,2.0,13.0,1.0,1.0,1.6,1.0,0.0,0.0,0.0,0.0,1
1,1.0,1,4.0,1.0,2.0,3.0,1.0,12.0,5.0,1.0,1.2,1.0,0.0,0.0,0.0,3.0,0
0,1.0,0,4.0,1.0,7.0,8.0,2.0,0.0,1.0,1.0,5.1,1.0,0.0,0.0,0.0,0.0,1
1,1.0,1,4.0,1.0,22.0,5.0,1.0,8.0,1.0,1.0,3.1,1.0,0.0,0.0,0.0,0.0,1
1,1.0,1,4.0,1.0,11.0,11.0,2.0,13.0,1.0,1.0,1.0,1.0,0.0,0.0,0.0,0.0,1
1,1.0,0,5.0,1.0,22.0,3.0,2.0,14.0,1.0,1.0,1.9,1.0,0.0,0.0,0.0,0.0,1
1,1.0,1,5.0,1.0,16.0,4.0,2.0,12.0,1.0,1.0,1.1,1.0,0.0,0.0,0.0,0.0,1
1,1.0,0,4.0,1.0,11.0,6.0,1.0,12.0,1.0,1.0,1.6,1.0,0.0,0.0,0.0,0.0,1
1,2.0,0,4.0,1.0,13.0,8.0,1.0,13.0,1.0,1.0,86.3,1.0,0.0,0.0,0.0,0.0,0
1,1.0,0,4.0,1.0,13.0,12.0,2.0,7.0,1.0,1.0,1.6,1.0,0.0,0.0,0.0,0.0,1
1,1.0,0,4.0,1.0,0.0,6.0,1.0,12.0,1.0,1.0,1.3,1.0,0.0,0.0,0.0,0.0,1
1,1.0,1,6.0,1.0,13.0,12.0,1.0,0.0,1.0,1.0,0.9,1.0,0.0,0.0,0.0,0.0,1
1,1.0,1,5.0,1.0,13.0,1.0,2.0,11.0,1.0,1.0,0.0,1.0,0.0,0.0,0.0,0.0,1
1,2.0,0,4.0,1.0,0.0,6.0,2.0,12.0,1.0,1.0,1.4,1.0,0.0,0.0,0.0,0.0,1
0,2.0,1,5.0,1.0,14.0,8.0,2.0,13.0,1.0,1.0,86.3,1.0,0.0,0.0,0.0,0.0,1
1,1.0,0,5.0,1.0,11.0,1.0,1.0,14.0,1.0,1.0,3.6,1.0,0.0,0.0,0.0,0.0,1
0,1.0,0,4.0,1.0,13.0,12.0,1.0,13.0,1.0,1.0,2.8,1.0,3.0,0.0,0.0,0.0,1
1,1.0,1,5.0,1.0,13.0,5.0,2.0,13.0,1.0,1.0,3.8,1.0,0.0,0.0,0.0,0.0,1
1,1.0,0,4.0,1.0,7.0,7.0,1.0,13.0,1.0,1.0,1.8,1.0,0.0,0.0,0.0,0.0,1
1,1.0,0,4.0,1.0,1.0,3.0,1.0,12.0,1.0,1.0,1.4,1.0,0.0,0.0,0.0,0.0,1
1,1.0,0,4.0,1.0,13.0,1.0,2.0,13.0,1.0,1.0,86.3,1.0,0.0,0.0,0.0,0.0,1
1,1.0,0,5.0,1.0,13.0,12.0,1.0,12.0,1.0,1.0,1.2,1.0,0.0,0.0,0.0,0.0,1
1,1.0,1,5.0,1.0,4.0,9.0,1.0,11.0,1.0,1.0,1.0,1.0,0.0,0.0,0.0,0.0,1
1,1.0,0,4.0,1.0,5.0,12.0,2.0,12.0,1.0,1.0,0.0,1.0,3.0,7.0,379.0,0.0,1
0,1.0,1,4.0,1.0,22.0,1.0,2.0,12.0,1.0,1.0,3.2663007,1.0,0.0,0.0,0.0,0.0,1
1,1.0,0,6.0,1.0,16.0,3.0,1.0,12.0,1.0,1.0,1.1,1.0,0.0,0.0,0.0,0.0,1
1,1.0,1,5.0,1.0,11.0,6.0,1.0,12.0,1.0,1.0,1.0,1.0,0.0,0.0,0.0,0.0,0
1,1.0,1,5.0,1.0,10.0,11.0,1.0,12.0,1.0,1.0,0.6,1.0,0.0,0.0,0.0,0.0,1
1,1.0,0,4.0,1.0,16.0,5.0,2.0,13.0,1.0,1.0,0.8,1.0,0.0,0.0,0.0,0.0,1
1,1.0,0,4.0,1.0,2.0,1.0,1.0,11.0,5.0,1.0,86.3,1.0,0.0,0.0,0.0,0.0,1
1,1.0,1,5.0,1.0,22.0,7.0,1.0,12.0,1.0,1.0,1.6,1.0,0.0,0.0,0.0,0.0,1
1,1.0,0,4.0,1.0,10.0,8.0,2.0,0.0,1.0,1.0,0.0,1.0,0.0,0.0,0.0,0.0,1
1,1.0,0,5.0,1.0,4.0,9.0,2.0,12.0,1.0,1.0,1.1,1.0,0.0,0.0,0.0,0.0,1
1,1.0,0,4.0,1.0,13.0,7.0,2.0,13.0,1.0,1.0,0.0,1.0,0.0,0.0,0.0,0.0,1
1,2.0,0,4.0,1.0,1.0,8.0,2.0,13.0,1.0,1.0,1.8,1.0,0.0,0.0,0.0,0.0,0
1,1.0,0,4.0,1.0,13.0,4.0,2.0,14.0,1.0,1.0,1.8,1.0,0.0,0.0,0.0,0.0,1
1,1.0,0,4.0,1.0,1.0,5.0,1.0,13.0,1.0,4.0,1.1,1.0,0.0,0.0,0.0,3.0,0
1,1.0,0,4.0,1.0,13.0,5.0,1.0,12.0,1.0,1.0,0.6,1.0,0.0,0.0,0.0,0.0,1
0,1.0,0,5.0,1.0,10.0,6.0,1.0,9.0,1.0,1.0,3.0,1.0,0.0,0.0,0.0,0.0,1
0,1.0,1,7.0,1.0,22.0,11.0,1.0,12.0,1.0,1.0,0.0,1.0,0.0,0.0,0.0,0.0,1
1,1.0,0,4.0,1.0,13.0,12.0,2.0,13.0,1.0,1.0,3.3,1.0,0.0,0.0,0.0,0.0,1
1,1.0,1,5.0,1.0,10.0,1.0,2.0,12.0,1.0,1.0,0.9,1.0,0.0,0.0,0.0,0.0,1
1,1.0,1,5.0,1.0,13.0,9.0,2.0,13.0,1.0,1.0,3.0,1.0,0.0,0.0,0.0,0.0,1
0,1.0,1,5.0,1.0,10.0,6.0,1.0,6.113836,5.0,1.0,0.9,1.0,0.0,0.0,0.0,0.0,1
1,1.0,1,4.0,1.0,16.0,8.0,1.0,13.0,1.0,1.0,0.6,1.0,0.0,0.0,0.0,0.0,1
1,1.0,0,4.0,1.0,13.0,1.0,1.0,13.0,1.0,1.0,1.1,1.0,0.0,0.0,0.0,0.0,1
1,1.0,0,5.0,1.0,6.0,12.0,2.0,11.0,1.0,1.0,0.0,1.0,0.0,0.0,0.0,0.0,1
1,1.0,1,5.0,1.0,16.0,6.0,1.0,12.0,1.0,1.0,0.0,1.0,0.0,0.0,0.0,0.0,1
1,1.0,0,4.0,1.0,16.0,8.0,2.0,0.0,1.0,1.0,1.9,1.0,4.0,11.0,379.0,0.0,1
1,1.0,0,4.0,1.0,14.0,3.0,2.0,12.0,1.0,1.0,1.8,1.0,0.0,0.0,0.0,0.0,1
0,1.0,0,4.0,1.0,0.0,2.0,1.0,7.0,1.0,1.0,0.9,1.0,0.0,0.0,0.0,3.0,0
1,1.0,0,4.0,1.0,0.0,1.0,1.0,13.0,5.0,1.0,1.1,1.0,0.0,0.0,0.0,3.0,0
1,1.0,0,4.0,1.0,7.0,8.0,1.0,12.0,1.0,1.0,1.7,1.0,0.0,0.0,0.0,0.0,1
1,1.0,1,5.0,1.0,2.0,4.0,1.0,2.9628675,1.0,1.0,0.9,1.0,0.0,0.0,0.0,0.0,1
1,1.0,0,4.0,1.0,13.0,9.0,2.0,12.0,1.0,1.0,0.0,1.0,0.0,0.0,0.0,0.0,1
0,1.0,0,1.0,1.0,13.0,4.0,2.0,13.0,1.0,1.0,15.22278,1.0,0.0,0.0,0.0,0.0,1
1,1.0,1,6.0,1.0,13.0,10.0,1.0,12.0,1.0,1.0,0.7,1.0,0.0,0.0,0.0,0.0,1
1,1.0,0,5.0,1.0,16.0,4.0,2.0,14.0,1.0,1.0,3.6,1.0,0.0,0.0,0.0,0.0,1
1,1.0,1,5.0,1.0,13.282487,7.0,1.0,13.0,1.0,1.0,0.9,1.0,0.0,0.0,0.0,0.0,1
1,1.0,0,4.0,1.0,0.0,9.0,1.0,13.0,1.0,1.0,86.3,1.0,0.0,0.0,0.0,0.0,1
1,1.0,1,5.0,1.0,14.0,1.0,2.0,13.0,1.0,1.0,1.2,1.0,0.0,0.0,0.0,0.0,1
1,1.0,0,4.0,1.0,0.0,7.0,1.0,12.0,1.0,1.0,1.3,1.0,0.0,0.0,0.0,0.0,1
1,1.0,0,4.0,2.0,13.0,3.0,2.0,13.0,1.0,1.0,2.0,1.0,0.0,0.0,0.0,0.0,1
1,1.0,0,5.0,1.0,13.0,6.0,2.0,12.0,1.0,1.0,2.0,1.0,0.0,0.0,0.0,0.0,1
1,1.0,0,4.0,1.0,13.0,1.0,1.0,13.0,1.0,1.0,1.0,1.0,0.0,0.0,0.0,0.0,1
1,1.0,0,4.0,1.0,20.0,4.0,1.0,13.0,1.0,1.0,0.9,1.0,0.0,0.0,0.0,0.0,1
1,1.0,0,5.0,1.0,2.0,3.0,1.0,12.0,1.0,2.0,1.3066226,1.0,0.0,0.0,0.0,3.0,0
1,1.0,1,5.0,1.0,10.0,6.0,2.0,13.0,1.0,1.0,2.0,1.0,0.0,0.0,0.0,0.0,1
1,1.0,1,5.0,1.0,13.0,2.0,2.0,12.0,1.0,1.0,86.3,1.0,0.0,0.0,0.0,0.0,1
1,1.0,0,4.0,1.0,10.0,7.0,2.0,13.0,1.0,1.0,1.6,1.0,0.0,0.0,0.0,0.0,1
1,1.0,1,6.0,1.0,13.0,1.0,2.0,12.0,1.0,1.0,0.5,1.0,0.0,0.0,0.0,0.0,1
1,1.0,0,4.0,1.0,13.0,9.0,2.0,12.0,1.0,1.0,1.8,1.0,0.0,0.0,0.0,0.0,1
0,2.0,1,4.0,1.0,22.0,6.0,2.0,14.0,1.0,1.0,86.3,1.0,0.0,0.0,0.0,0.0,1
1,1.0,0,4.0,1.0,6.0,5.0,1.0,13.0,1.0,1.0,0.7,1.0,0.0,0.0,0.0,0.0,1
1,1.0,0,4.0,1.0,16.0,10.0,2.0,13.0,1.0,1.0,0.0,1.0,0.0,0.0,0.0,0.0,1
1,1.0,0,4.0,1.0,13.0,2.0,1.0,12.0,1.0,1.0,0.6,1.0,0.0,0.0,0.0,0.0,1
1,1.0,1,4.0,1.0,10.0,4.0,1.0,12.0,1.0,1.0,1.1,1.0,4.0,5.0,294.0,0.0,1
1,1.0,1,5.0,1.0,13.0,2.0,2.0,12.0,1.0,1.0,4.3,1.0,0.0,0.0,0.0,0.0,1
1,1.0,0,4.0,1.0,11.0,8.0,1.0,13.0,1.0,1.0,1.1,1.0,0.0,0.0,0.0,0.0,1
1,1.0,0,4.0,1.0,4.0,12.0,1.0,13.0,1.0,1.0,0.8,1.0,0.0,0.0,0.0,0.0,0
1,1.0,0,4.0,1.0,11.0,4.0,1.0,13.0,1.0,1.0,0.9,1.0,0.0,0.0,0.0,0.0,1
1,1.0,0,1.0,1.0,22.0,1.0,1.0,0.0,1.0,1.0,2.6,1.0,0.0,0.0,0.0,0.0,1
1,1.0,0,4.0,1.0,22.0,9.0,2.0,12.0,1.0,1.0,0.6,1.0,0.0,0.0,0.0,0.0,1
1,1.0,0,4.0,1.0,13.0,5.0,2.0,12.0,1.0,1.0,4.3,1.0,0.0,0.0,0.0,0.0,1
1,1.0,0,4.0,1.0,9.0,10.0,2.0,0.0,1.0,1.0,1.6,1.0,0.0,0.0,0.0,0.0,1
1,1.0,1,4.0,1.0,16.0,1.0,1.0,8.0,2.0,1.0,3.2,1.0,4.0,11.0,379.0,0.0,1
1,1.0,0,4.0,1.0,0.0,4.0,1.0,13.0,1.0,1.0,1.2,1.0,0.0,0.0,0.0,0.0,1
1,1.0,0,4.0,1.0,9.0,11.0,1.0,13.0,1.0,1.0,1.6,1.0,0.0,0.0,0.0,0.0,1
0,1.0,0,4.0,1.0,13.0,12.0,1.0,0.0,1.0,1.0,3.0,1.0,0.0,0.0,0.0,0.0,1
1,1.0,1,6.0,1.0,22.0,9.0,2.0,13.0,1.0,1.0,1.1,1.0,0.0,0.0,0.0,0.0,1
1,1.0,1,5.0,1.0,13.0,5.0,2.0,14.0,1.0,1.0,86.3,1.0,0.0,0.0,0.0,0.0,1
0,1.0,0,5.0,1.0,13.0,6.0,2.0,9.0,1.0,1.0,1.5,1.0,0.0,0.0,0.0,0.0,1
1,1.0,0,4.0,1.0,0.0,3.0,1.0,13.0,1.0,1.0,1.8,1.0,0.0,0.0,0.0,0.0,1
1,1.0,0,4.0,1.0,10.0,6.0,1.0,0.0,5.0,1.0,86.3,1.0,4.0,11.0,379.0,0.0,1
1,1.0,0,4.0,1.0,5.0,6.0,1.0,13.0,1.0,1.0,1.6,1.0,0.0,0.0,0.0,0.0,1
1,1.0,0,4.0,1.0,13.0,6.0,1.0,9.803235,1.0,1.0,1.6,1.0,0.0,0.0,0.0,0.0,1
1,1.0,0,4.0,1.0,13.0,12.0,2.0,13.0,1.0,1.0,2.6,1.0,0.0,0.0,0.0,0.0,1
1,1.0,0,4.0,1.0,4.0,9.0,2.0,12.0,1.0,1.0,0.9,1.0,0.0,0.0,0.0,0.0,1
1,1.0,1,4.0,1.0,16.0,1.0,1.0,13.0,1.0,1.0,7.4,1.0,0.0,0.0,0.0,0.0,1
1,1.0,1,5.0,1.0,13.0,10.0,2.0,7.0,1.0,1.0,0.2,1.0,0.0,0.0,0.0,0.0,1
1,1.0,1,5.0,1.0,12.0,4.0,1.0,12.0,1.0,1.0,0.5,1.0,0.0,0.0,0.0,0.0,1
1,1.0,0,5.0,1.0,13.0,3.0,1.0,0.0,1.0,1.0,0.6,1.0,0.0,0.0,0.0,0.0,0
1,1.0,0,4.0,1.0,13.0,2.0,1.0,13.0,1.0,1.0,0.5,1.0,0.0,0.0,0.0,0.0,1
1,1.0,0,4.0,1.0,13.0,8.0,2.0,0.0,1.0,1.0,1.9,1.0,0.0,0.0,0.0,0.0,1
1,1.0,1,5.0,1.0,10.0,1.0,1.0,12.0,5.0,1.0,86.3,1.0,0.0,2.0,0.0,0.0,0
1,1.0,0,4.0,2.0,16.0,1.0,2.0,11.770604,1.0,1.0,0.0,1.0,0.0,0.0,0.0,0.0,1
0,1.0,0,5.0,1.0,13.0,7.0,1.0,12.0,1.0,1.0,1.7,1.0,0.0,0.0,0.0,0.0,1
1,1.0,0,4.0,1.0,13.0,7.0,1.0,12.0,1.0,1.0,0.8,1.0,0.0,0.0,0.0,0.0,1
1,1.0,1,5.0,1.0,16.0,7.0,1.0,13.0,1.0,1.0,1.6661886,1.0,0.0,0.0,0.0,0.0,1
1,1.0,1,5.0,1.0,0.0,1.0,1.0,12.0,1.0,1.0,0.4,1.0,0.0,0.0,0.0,3.0,0
1,1.0,0,1.0,1.0,20.0,7.0,2.0,13.0,1.0,1.0,1.0,1.0,0.0,0.0,0.0,0.0,1
1,1.0,0,4.0,1.0,16.0,8.0,2.0,8.0,1.0,1.0,2.1,1.0,0.0,0.0,0.0,0.0,1
0,2.0,1,4.0,1.0,10.0,7.0,2.0,13.0,1.0,1.0,1.6,1.0,0.0,0.0,0.0,0.0,1
1,1.0,0,5.0,1.0,6.0,7.0,1.0,12.0,5.0,1.0,1.2,1.0,0.0,0.0,0.0,0.0,1
1,1.0,1,5.0,1.0,4.0,8.0,2.0,12.0,1.0,1.0,3.0,1.0,0.0,0.0,0.0,0.0,1
1,1.0,0,4.0,1.0,1.0,12.0,1.0,12.0,1.0,1.0,2.0,1.0,0.0,0.0,0.0,0.0,1
1,1.0,0,4.0,1.0,4.0,3.0,2.0,12.0,1.0,1.0,3.6,1.0,0.0,0.0,0.0,0.0,1
1,1.0,0,4.0,1.0,10.0,12.0,1.0,13.0,1.0,1.0,86.3,1.0,0.0,0.0,0.0,0.0,1
1,1.0,0,4.0,1.0,16.0,11.0,1.0,12.0,1.0,1.0,3.3,1.0,0.0,0.0,0.0,0.0,1
1,1.0,0,5.0,1.0,4.0,1.0,1.0,12.0,1.0,1.0,0.0,1.0,0.0,0.0,0.0,0.0,0
1,1.0,0,4.0,1.0,10.0,3.0,1.0,13.0,1.0,1.0,0.0,1.0,0.0,0.0,0.0,0.0,1
1,1.0,1,4.0,1.0,22.0,4.0,1.0,13.0,1.0,1.0,1.2,1.0,4.0,11.0,379.0,0.0,1
1,1.0,0,4.0,1.0,10.0,2.0,2.0,11.0,1.0,1.0,0.0,1.0,0.0,0.0,0.0,0.0,1
1,1.0,1,6.0,1.0,20.0,8.0,1.0,12.0,1.0,1.0,1.1,1.0,0.0,0.0,0.0,0.0,1
1,1.0,1,4.0,1.0,14.0,10.0,1.0,13.0,1.0,1.0,1.5,1.0,0.0,0.0,0.0,0.0,1
1,1.0,1,5.0,1.0,16.0,2.0,1.0,12.0,1.0,1.0,2.9,1.0,0.0,0.0,0.0,0.0,1
1,1.0,1,5.0,1.0,13.0,1.0,2.0,13.0,1.0,1.0,4.2,1.0,0.0,0.0,0.0,0.0,1
1,1.0,1,6.0,1.0,16.0,1.0,1.0,12.0,1.0,1.0,0.9,1.0,0.0,0.0,0.0,0.0,1
0,1.0,1,5.0,1.0,15.0,2.0,1.0,12.0,1.0,1.0,0.0,1.0,0.0,0.0,0.0,0.0,1
0,1.0,1,7.0,1.0,22.0,5.0,1.0,12.0,1.0,1.0,1.2,1.0,0.0,0.0,0.0,0.0,1
1,1.0,1,6.0,1.0,22.0,7.0,1.0,13.0,1.0,1.0,0.7,1.0,0.0,0.0,0.0,0.0,1
1,1.0,1,7.0,1.0,20.0,6.0,2.0,12.0,1.0,1.0,1.0,1.0,0.0,0.0,0.0,0.0,1
1,1.0,1,6.0,1.0,16.0,5.0,2.0,12.0,1.0,1.0,0.7,1.0,0.0,0.0,0.0,0.0,1
1,1.0,0,1.0,1.0,10.0,10.0,2.0,12.0,1.0,1.0,2.5,1.0,0.0,0.0,0.0,0.0,1
1,1.0,0,4.0,1.0,16.0,3.0,1.0,0.0,1.0,1.0,4.0,1.0,4.0,11.0,379.0,0.0,1
1,1.0,1,5.0,1.0,10.0,5.0,1.0,12.0,1.0,1.0,0.9,1.0,0.0,0.0,0.0,0.0,1
1,1.0,0,5.0,1.0,10.0,12.0,2.0,9.0,1.0,1.0,0.0,1.0,0.0,0.0,0.0,0.0,1
1,1.0,0,1.0,1.0,13.0,12.0,1.0,12.0,1.0,1.0,86.3,1.0,0.0,5.0,285.0,0.0,1
1,2.0,0,4.0,1.0,4.0,5.0,2.0,12.0,1.0,1.0,1.0,1.0,0.0,0.0,0.0,0.0,1
1,1.0,1,5.0,1.0,14.0,1.0,1.0,12.0,1.0,1.0,0.6,1.0,0.0,0.0,0.0,0.0,1
1,1.0,0,4.0,1.0,22.0,7.0,1.0,12.0,1.0,1.0,1.2,1.0,0.0,0.0,0.0,0.0,1
1,1.0,0,4.0,1.0,1.0,7.0,2.0,14.0,1.0,1.0,2.6,1.0,0.0,0.0,0.0,0.0,1
1,1.0,0,1.0,1.0,14.0,7.0,1.0,0.0,1.0,1.0,5.6,1.0,4.0,11.0,379.0,0.0,1
1,1.0,0,4.0,1.0,13.0,11.0,2.0,12.0,1.0,1.0,1.3,1.0,0.0,0.0,0.0,0.0,1
0,1.0,1,5.0,1.0,10.0,7.0,1.0,13.0,1.0,1.0,3.4,1.0,0.0,0.0,0.0,0.0,1
1,1.0,1,5.0,1.0,13.0,7.0,2.0,0.0,1.0,1.0,0.5,1.0,0.0,0.0,0.0,0.0,1
1,1.0,0,5.0,1.0,0.0,1.0,1.0,13.0,1.0,1.0,1.1,1.0,0.0,0.0,0.0,3.0,0
1,1.0,1,5.0,1.0,13.0,10.0,1.0,12.0,1.0,1.0,3.0,1.0,0.0,0.0,0.0,0.0,1
1,1.0,1,4.0,1.0,13.0,4.0,2.0,12.0,1.0,1.0,1.0,1.0,0.0,0.0,0.0,0.0,1
1,1.0,0,4.0,1.0,20.0,8.0,1.0,13.0,1.0,1.0,3.2,1.0,0.0,0.0,0.0,0.0,1
1,1.0,0,4.0,1.0,16.0,1.0,2.0,12.0,1.0,1.0,2.9,1.0,0.0,0.0,0.0,0.0,1
1,1.0,0,4.0,1.0,10.0,2.0,1.0,14.0,1.0,2.0,6.5,1.0,0.0,0.0,0.0,0.0,1
1,1.0,0,5.0,1.0,11.0,2.0,2.0,14.0,1.0,1.0,2.6,1.0,0.0,0.0,0.0,0.0,1
1,1.0,0,5.0,1.0,7.0,3.0,1.0,13.0,1.0,1.0,0.7,1.0,0.0,0.0,0.0,0.0,1
1,1.0,1,7.0,1.0,13.0,7.0,1.0,12.0,1.0,1.0,1.7,1.0,0.0,0.0,0.0,3.0,1
1,1.0,0,4.0,1.0,1.0,12.0,1.0,12.0,1.0,1.0,3.5,1.0,0.0,0.0,0.0,0.0,1
0,1.0,1,5.0,1.0,13.0,8.0,2.0,13.0,1.0,1.0,0.7,1.0,0.0,0.0,0.0,0.0,1
1,1.0,0,4.0,1.0,3.0,8.0,2.0,13.0,1.0,1.0,0.2,1.0,0.0,0.0,0.0,0.0,1
1,1.0,1,4.0,1.0,1.0,7.0,1.0,14.0,1.0,1.0,0.4,1.0,0.0,0.0,0.0,0.0,1
1,1.0,0,4.0,1.0,1.0,5.0,1.0,12.0,1.0,1.0,1.7,1.0,0.0,0.0,0.0,0.0,1
1,1.0,1,5.0,1.0,13.0,4.0,1.0,8.0,1.0,1.0,1.0,1.0,0.0,0.0,0.0,0.0,1
1,1.0,0,5.0,1.0,2.0,4.0,2.0,13.0,1.0,1.0,1.0,1.0,0.0,0.0,0.0,0.0,1
1,1.0,0,4.0,1.0,13.0,6.0,1.0,13.0,1.0,1.0,1.1,1.0,0.0,0.0,0.0,0.0,1
1,1.0,1,6.0,1.0,16.0,4.0,1.0,12.0,1.0,1.0,1.6,1.0,0.0,0.0,0.0,0.0,1
1,1.0,0,4.0,1.0,13.0,11.0,2.0,7.0,1.0,1.0,0.0,1.0,0.0,0.0,0.0,0.0,1
1,1.0,1,5.0,1.0,15.0,6.0,2.0,7.0,1.0,1.0,0.0,1.0,3.0,2.0,293.0,0.0,1
1,1.0,0,4.0,1.0,12.0,9.0,1.0,13.0,1.0,1.0,1.8,1.0,0.0,0.0,0.0,0.0,1
0,1.0,0,4.0,1.0,13.0,8.0,2.0,13.0,1.0,1.0,6.5,1.0,0.0,0.0,0.0,0.0,1
1,1.0,1,5.0,1.0,4.0,6.0,1.0,12.0,1.0,1.0,1.2,1.0,0.0,0.0,0.0,0.0,1
1,1.0,0,4.0,1.0,14.0,2.0,1.0,13.0,1.0,1.0,0.7,1.0,0.0,0.0,0.0,0.0,1
1,1.0,1,5.0,1.0,16.0,9.0,1.0,12.0,1.0,1.0,3.5,1.0,0.0,0.0,0.0,0.0,1
1,1.0,0,4.0,1.0,13.0,3.0,2.0,12.0,1.0,1.0,86.3,1.0,0.0,0.0,0.0,0.0,1
1,1.0,0,5.0,1.0,13.0,6.0,1.0,12.0,1.0,1.0,1.6,1.0,0.0,0.0,0.0,0.0,1
1,1.0,0,1.0,1.0,22.0,10.762998,2.0,8.0,1.0,1.0,86.3,1.0,0.0,0.0,0.0,0.0,1
1,1.0,0,5.0,1.0,13.0,11.0,1.0,7.0,1.0,1.0,1.0,1.0,0.0,0.0,0.0,0.0,0
1,2.0,0,4.0,1.0,13.0,2.0,1.0,12.0,1.0,1.0,0.8,1.0,0.0,0.0,0.0,0.0,1
1,1.0,0,4.0,1.0,11.0,6.0,1.0,13.0,1.0,1.0,1.0,1.0,0.0,0.0,0.0,0.0,1
0,2.0,0,4.0,1.0,16.0,3.0,2.0,13.0,1.0,1.0,1.2,1.0,0.0,0.0,0.0,0.0,1
1,1.0,0,4.0,1.0,22.0,1.0,2.0,13.0,1.0,1.0,2.3,1.0,0.0,0.0,0.0,0.0,1
1,1.0,0,5.0,1.0,0.0,6.0,2.0,13.0,1.0,1.0,1.0,1.0,0.0,0.0,0.0,0.0,1
1,1.0,1,5.0,1.0,13.0,1.0,1.0,5.0,1.0,1.0,1.0,1.0,0.0,0.0,0.0,0.0,1
1,1.0,0,4.0,1.0,8.0,7.0,1.0,12.0,1.0,1.0,0.9,1.0,0.0,0.0,0.0,0.0,1
1,1.0,1,6.0,1.0,4.0,9.0,1.0,12.0,1.0,1.0,1.6,1.0,0.0,0.0,0.0,0.0,1
1,1.0,1,5.0,1.0,10.0,12.0,2.0,4.0,1.0,1.0,1.3,1.0,0.0,0.0,0.0,0.0,0
0,1.0,1,5.0,1.0,13.0,10.0,2.0,13.0,1.0,1.0,1.4,1.0,0.0,0.0,0.0,0.0,1
1,1.0,0,4.0,1.0,16.0,1.0,2.0,13.0,1.0,1.0,3.3,1.0,0.0,0.0,0.0,0.0,1
1,1.0,1,5.0,1.0,14.0,7.0,2.0,13.0,1.0,1.0,1.5,1.0,0.0,0.0,0.0,0.0,1
0,1.0,0,4.0,1.0,1.0,6.0,1.0,12.0,1.0,1.0,3.0091178,1.0,0.0,0.0,0.0,0.0,0
1,1.0,0,4.0,1.0,12.0,3.0,1.0,12.0,2.0,1.0,0.8,1.0,0.0,0.0,0.0,0.0,1
1,1.0,0,4.0,1.0,20.0,6.0,1.0,13.0,1.0,1.0,0.0,1.0,0.0,0.0,0.0,0.0,1
1,1.0,1,5.0,1.0,11.0,1.0,2.0,13.0,1.0,1.0,0.2,1.0,0.0,0.0,0.0,0.0,1
1,1.0,1,5.0,1.0,13.0,11.0,2.0,12.0,1.0,1.0,1.4,1.0,0.0,0.0,0.0,0.0,1
1,1.0,0,5.0,1.0,0.0,12.0,2.0,0.0,1.0,1.0,0.0,1.0,0.0,0.0,0.0,0.0,0
1,1.0,0,5.0,1.0,1.0,12.0,2.0,12.0,1.0,1.0,0.7,1.0,0.0,0.0,0.0,0.0,0
1,1.0,0,4.0,1.0,12.0,12.0,2.0,12.0,1.0,1.0,1.4,1.0,0.0,0.0,0.0,0.0,1
0,1.0,1,4.0,1.0,22.0,1.0,1.0,12.0,1.0,1.0,0.1,1.0,0.0,0.0,0.0,0.0,1
1,1.0,0,4.0,1.0,4.0,11.0,1.0,12.0,1.0,1.0,2.3,1.0,0.0,0.0,0.0,0.0,0
1,1.0,1,5.0,1.0,16.0,5.0,1.0,12.0,1.0,1.0,1.4,1.0,0.0,0.0,0.0,0.0,1
1,1.0,1,7.0,1.0,16.0,4.0,2.0,13.0,1.0,1.0,2.6,1.0,0.0,0.0,0.0,0.0,1
1,1.0,0,4.0,1.0,13.0,8.0,1.0,12.0,1.0,1.0,3.2,1.0,0.0,0.0,0.0,0.0,1
0,1.0,1,5.0,1.0,22.0,3.0,1.0,13.0,1.0,1.0,3.4,1.0,0.0,0.0,0.0,0.0,1
1,1.0,1,5.0,1.0,13.0,7.0,1.0,13.0,1.0,1.0,2.0,1.0,0.0,0.0,0.0,0.0,1
1,1.0,1,5.0,1.0,13.0,6.0,1.0,13.0,1.0,1.0,0.3,1.0,0.0,0.0,0.0,0.0,1
1,1.0,0,4.0,1.0,10.0,7.0,1.0,12.0,1.0,1.0,2.1,1.0,4.0,11.0,379.0,0.0,1
1,1.0,1,5.0,1.0,14.0,12.0,2.0,12.0,1.0,1.0,86.3,1.0,0.0,0.0,0.0,0.0,1
1,1.0,0,4.0,1.0,0.0,7.0,1.0,12.0,1.0,1.0,2.8,1.0,4.0,11.0,379.0,3.0,0
1,1.0,0,4.0,1.0,4.0,7.0,2.0,12.0,1.0,1.0,2.0,1.0,0.0,0.0,0.0,0.0,1
0,1.0,0,5.0,1.0,13.0,1.0,1.0,12.0,1.0,1.0,0.8,1.0,0.0,0.0,0.0,0.0,1
1,1.0,0,4.0,1.0,13.0,1.0,1.0,0.0,5.0,1.0,2.5,1.0,0.0,0.0,0.0,0.0,1
1,1.0,0,4.0,1.0,14.0,7.0,1.0,7.5155377,1.0,1.0,1.8,1.0,0.0,0.0,0.0,0.0,1
1,1.0,0,4.0,1.0,16.0,7.0,2.0,12.0,1.0,1.0,1.7,1.0,0.0,0.0,0.0,0.0,1
1,1.0,0,5.0,1.0,10.0,3.0,2.0,13.0,1.0,1.0,0.0,1.0,0.0,0.0,0.0,0.0,0
1,1.0,0,4.0,1.0,13.0,3.0,2.0,13.0,1.0,1.0,3.1,1.0,0.0,0.0,0.0,0.0,1
1,1.0,1,5.0,1.0,13.0,4.0,2.0,8.0,1.0,1.0,1.8,1.0,0.0,0.0,0.0,0.0,1
1,1.0,0,5.0,1.0,4.0,2.0,1.0,13.0,1.0,1.0,1.9,1.0,0.0,0.0,0.0,0.0,1
1,2.0,0,4.0,1.0,11.0,4.0,1.0,13.0,1.0,1.0,2.4,1.0,0.0,0.0,0.0,0.0,0
1,1.0,0,4.0,1.0,14.0,3.0,2.0,12.0,1.0,1.0,1.2,1.0,0.0,0.0,0.0,0.0,1
1,1.0,0,4.0,1.0,22.0,4.0,2.0,6.0,1.0,1.0,0.0,1.0,0.0,0.0,0.0,0.0,1
1,1.0,1,5.0,1.0,13.0,8.0,1.0,11.0,1.0,1.0,0.0,1.0,0.0,0.0,0.0,0.0,1
1,1.0,0,4.0,1.0,0.0,9.0,1.0,12.0,1.0,1.0,1.9,1.0,0.0,0.0,0.0,0.0,1
1,1.0,1,5.0,1.0,13.0,9.0,1.0,12.0,1.0,1.0,1.0,1.0,0.0,0.0,0.0,0.0,1
0,1.0,1,5.0,1.0,22.0,7.0,2.0,13.0,1.0,1.0,0.0,1.0,0.0,0.0,0.0,0.0,1
1,1.0,0,4.0,1.0,20.0,6.0,1.0,13.0,1.0,1.0,1.7,1.0,0.0,0.0,0.0,0.0,1
1,1.0,0,4.0,1.0,13.0,6.0,2.0,13.0,1.0,1.0,1.6,1.0,0.0,0.0,0.0,0.0,1
1,1.0,0,4.0,1.0,13.0,5.0,1.0,9.0,1.0,1.0,3.4,1.0,0.0,0.0,0.0,0.0,1
0,1.0,0,4.0,1.0,11.0,2.0,2.0,6.0,1.0,1.0,0.7,1.0,0.0,0.0,0.0,0.0,1
1,1.0,0,5.0,1.0,13.0,8.0,1.0,13.0,1.0,1.0,3.3,1.0,0.0,0.0,0.0,0.0,1
1,1.0,1,4.0,1.0,4.0,4.0,1.0,9.0,1.0,1.0,0.8,1.0,0.0,0.0,0.0,0.0,1
1,1.0,1,4.0,1.0,13.0,1.0,1.0,11.0,1.0,1.0,1.2,1.0,0.0,0.0,0.0,0.0,1
0,1.0,1,4.0,1.0,13.0,1.0,2.0,0.0,1.0,1.0,86.3,1.0,0.0,0.0,0.0,0.0,1
1,1.0,0,4.0,1.0,4.0,11.0,1.0,0.0,1.0,1.0,2.5,1.0,0.0,0.0,0.0,0.0,1
0,1.0,1,5.0,1.0,13.0,2.0,1.0,12.0,1.0,1.0,2.3,1.0,0.0,0.0,0.0,0.0,1
1,1.0,1,5.0,1.0,14.0,4.0,1.0,9.0,1.0,1.0,0.8,1.0,0.0,0.0,0.0,0.0,1
1,1.0,0,4.0,1.0,13.0,1.0,2.0,4.0,1.0,1.0,2.0,1.0,0.0,5.0,293.0,0.0,1
1,1.0,0,5.0,1.0,0.0,1.0,1.0,12.0,1.0,1.0,1.7,1.0,0.0,0.0,0.0,0.0,1
1,1.0,0,4.0,1.0,13.0,4.0,2.0,12.0,1.0,1.0,1.8,1.0,0.0,0.0,0.0,0.0,1
0,1.0,0,4.0,1.0,22.0,1.0,1.0,14.0,1.0,1.0,2.1,1.0,0.0,0.0,0.0,0.0,1
1,1.0,1,5.0,1.0,16.0,5.0,1.0,12.0,1.0,1.0,0.2,1.0,0.0,0.0,0.0,0.0,1
1,1.0,0,4.0,1.0,13.0,7.0,1.0,12.0,1.0,1.0,2.3,1.0,0.0,0.0,0.0,0.0,1
1,1.0,0,4.0,1.0,4.0,7.0,1.0,13.0,1.0,1.0,0.7,1.0,0.0,0.0,0.0,0.0,0
1,1.0,0,4.0,1.0,13.0,1.0,1.0,12.0,1.0,1.0,3.0,1.0,0.0,0.0,0.0,0.0,1
1,1.0,0,5.0,1.0,9.0,4.0,1.0,12.0,1.0,1.0,0.0,1.0,0.0,0.0,0.0,0.0,1
1,1.0,1,5.0,1.0,13.0,9.0,2.0,7.0,1.0,1.0,1.9,1.0,0.0,0.0,0.0,0.0,1
1,1.0,1,5.0,1.0,4.0,7.0,1.0,12.0,1.0,1.0,1.2,1.0,0.0,0.0,0.0,0.0,1
1,1.0,0,5.0,1.0,13.0,12.0,1.0,13.0,1.0,1.0,86.3,1.0,0.0,0.0,0.0,0.0,1
0,1.0,1,4.0,1.0,22.0,9.0,1.0,13.0,1.0,1.0,3.1,1.0,0.0,0.0,0.0,0.0,1
1,1.0,0,4.0,1.0,4.0,9.0,1.0,12.0,1.0,1.0,1.6,1.0,4.0,11.0,379.0,0.0,1
1,1.0,0,5.0,1.0,13.0,6.0,1.0,14.0,1.0,1.0,86.3,1.0,0.0,0.0,0.0,0.0,1
1,1.0,0,4.0,1.0,20.0,5.0,2.0,13.0,1.0,1.0,2.7,1.0,0.0,0.0,0.0,0.0,1
0,1.0,0,5.0,1.0,0.0,10.0,1.0,12.0,1.0,1.0,1.5,1.0,0.0,0.0,0.0,3.0,0
1,1.0,0,4.0,1.0,1.0,5.0,1.0,12.0,1.0,1.0,0.0,1.0,0.0,0.0,0.0,1.0,0
1,1.0,0,4.0,1.0,11.0,1.0,2.0,13.0,1.0,1.0,3.3,1.0,0.0,0.0,0.0,0.0,1
1,1.0,0,4.0,1.0,11.0,6.0,1.0,13.0,5.0,1.0,3.3,1.0,0.0,0.0,0.0,0.0,1
1,1.0,1,4.0,1.0,10.0,8.0,2.0,13.0,1.0,1.0,1.1,1.0,0.0,0.0,0.0,0.0,1
1,1.0,0,5.0,1.0,1.0,9.0,1.0,12.0,1.0,1.0,1.9,1.0,0.0,0.0,0.0,0.0,1
1,1.0,0,5.0,1.0,13.0,4.0,1.0,13.0,1.0,1.0,2.0,1.0,0.0,0.0,0.0,0.0,1
1,1.0,0,4.0,1.0,13.0,4.0,2.0,12.0,1.0,1.0,1.5,1.0,0.0,0.0,0.0,0.0,1
1,1.0,0,4.0,1.0,13.0,1.0,1.0,12.0,1.0,1.0,0.9,1.0,0.0,0.0,0.0,0.0,1
1,1.0,0,5.0,1.0,12.0,2.0,1.0,12.0,5.0,1.0,2.0,1.0,0.0,0.0,0.0,0.0,1
0,1.0,1,5.0,1.0,13.0,8.059856,1.0,13.0,1.0,1.0,1.2,1.0,0.0,0.0,0.0,0.0,1
1,1.0,0,1.0,1.0,14.0,8.0,2.0,12.0,1.0,1.0,1.9,1.0,3.0,0.0,301.0,0.0,1
1,2.0,0,5.0,1.0,11.0,10.0,1.0,13.0,1.0,4.0,6.813543,1.0,0.0,0.0,0.0,3.0,0
1,1.0,0,4.0,1.0,11.0,5.0,2.0,14.0,1.0,1.0,1.6,1.0,0.0,0.0,0.0,0.0,1
1,1.0,0,5.0,1.0,13.0,3.0,2.0,13.0,1.0,1.0,86.3,1.0,0.0,0.0,0.0,0.0,1
0,1.0,1,5.0,1.0,20.0,3.0,1.0,12.0,5.0,1.0,1.0,1.0,0.0,0.0,0.0,0.0,1
1,1.0,1,4.0,1.0,22.0,12.0,2.0,11.0,1.0,1.0,3.5,1.0,0.0,0.0,0.0,0.0,1
1,1.0,0,4.0,1.0,16.0,5.0,1.0,14.0,1.0,1.0,1.8,1.0,0.0,0.0,0.0,0.0,1
0,1.0,1,7.0,1.0,11.0,1.0,2.0,13.0,1.0,1.0,1.2,1.0,0.0,0.0,0.0,0.0,1
1,1.0,0,5.0,1.0,4.0,9.0,1.0,13.0,1.0,1.0,0.0,1.0,0.0,0.0,0.0,0.0,1
1,1.0,0,4.0,1.0,13.0,9.0,2.0,13.0,1.0,1.0,2.5,1.0,0.0,0.0,0.0,0.0,1
1,1.0,0,4.0,1.0,13.0,3.0,1.0,12.0,1.0,1.0,0.3,1.0,0.0,0.0,0.0,0.0,1
0,2.0,1,5.0,1.0,13.0,12.0,1.0,12.0,1.0,1.0,3.3,1.0,0.0,0.0,0.0,0.0,1
1,1.0,1,5.0,1.0,13.0,6.0,2.0,10.0,1.0,1.0,3.4,1.0,0.0,0.0,0.0,0.0,1
1,1.0,0,4.0,1.0,13.0,4.0,2.0,13.0,1.0,1.0,0.7,1.0,0.0,0.0,0.0,0.0,1
0,1.0,0,4.0,1.0,13.0,1.0,1.0,12.0,1.0,1.0,0.4,1.0,0.0,0.0,0.0,0.0,1
1,1.0,0,4.0,1.0,10.0,4.0,1.0,13.0,1.0,1.0,1.5,1.0,0.0,0.0,0.0,0.0,1
1,1.0,0,1.0,1.0,22.0,2.0,1.0,12.0,5.0,1.0,5.5048895,1.0,4.0,11.0,379.0,0.0,1
1,1.0,0,4.0,1.0,10.0,2.0,2.0,13.0,2.0,1.0,0.8,1.0,0.0,0.0,0.0,0.0,1
1,1.0,0,4.0,1.0,10.0,1.0,1.0,0.0,1.0,1.0,86.3,1.0,4.0,11.0,379.0,0.0,1
0,1.0,0,5.0,1.0,16.0,5.0,2.0,7.0,1.0,1.0,1.1,1.0,0.0,0.0,0.0,0.0,1
1,1.0,1,7.0,1.0,22.0,10.0,1.0,14.0,1.0,1.0,1.0,1.0,0.0,0.0,0.0,0.0,1
0,1.0,0,5.0,1.0,13.0,5.0,1.0,10.0,1.0,1.0,1.9,1.0,0.0,0.0,0.0,0.0,1
1,1.0,0,4.0,1.0,14.0,6.0,1.0,13.0,1.0,1.0,2.0,1.0,0.0,0.0,0.0,0.0,1
1,1.0,0,4.0,1.0,22.0,9.0,2.0,12.0,1.0,1.0,2.6,1.0,0.0,0.0,0.0,0.0,1
1,1.0,0,4.0,1.0,11.0,10.0,2.0,12.0,1.0,1.0,0.2,1.0,0.0,0.0,0.0,0.0,1
0,1.0,0,4.0,1.0,13.0,10.0,1.0,5.0,1.0,1.0,1.9,1.0,0.0,0.0,0.0,0.0,1
1,1.0,0,4.0,1.0,4.0,5.0,1.0,13.0,1.0,1.0,7.191722,1.0,0.0,0.0,0.0,0.0,1
1,1.0,0,4.0,1.0,13.0,4.0,1.0,14.0,1.0,1.0,5.1,1.0,0.0,0.0,0.0,0.0,1
1,1.0,1,6.0,1.0,13.0,7.0,2.0,13.0,1.0,1.0,2.3,1.0,0.0,0.0,0.0,0.0,1
1,1.0,0,4.0,1.0,11.0,11.0,1.0,12.0,1.0,1.0,1.8,1.0,0.0,0.0,0.0,0.0,1
1,1.0,0,5.0,1.0,2.0,4.0,2.0,12.0,1.0,1.0,1.4,1.0,0.0,0.0,0.0,0.0,1
1,1.0,1,5.0,1.0,4.0,10.0,1.0,13.0,1.0,1.0,1.4,1.0,0.0,0.0,0.0,0.0,1
1,1.0,0,4.0,1.0,13.0,6.0,1.0,12.0,1.0,1.0,1.0,1.0,0.0,0.0,0.0,0.0,1
1,1.0,0,1.0,1.0,13.0,2.0,1.0,13.0,5.0,1.0,86.3,1.0,4.0,11.0,379.0,0.0,1
1,1.0,1,4.0,1.0,12.0,7.0,2.0,12.0,1.0,1.0,1.7,1.0,0.0,0.0,0.0,0.0,1
1,1.0,0,4.0,1.0,0.0,5.0,1.0,12.0,1.0,1.0,3.9,1.0,0.0,0.0,0.0,0.0,1
1,1.0,0,4.0,1.0,22.0,1.0,1.0,13.0,1.0,1.0,0.0,1.0,0.0,0.0,0.0,0.0,1
1,1.0,0,4.0,1.0,13.0,2.0,2.0,13.0,1.0,1.0,0.1,1.0,0.0,0.0,0.0,0.0,1
1,1.0,1,4.0,1.0,16.0,8.0,2.0,13.0,1.0,1.0,1.0,1.0,0.0,0.0,0.0,0.0,1
1,1.0,0,4.0,1.0,16.0,4.0,2.0,12.0,1.0,1.0,1.6,1.0,4.0,11.0,379.0,0.0,1
1,1.0,1,6.0,1.0,14.0,7.0,2.0,4.0,1.0,1.0,1.0,1.0,0.0,0.0,0.0,0.0,1
1,1.0,1,5.0,1.0,13.0,1.0,2.0,7.0,1.0,1.0,1.5,1.0,0.0,0.0,0.0,0.0,1
0,1.0,1,6.0,1.0,20.0,7.0,1.0,0.0,1.0,1.0,2.0,1.0,0.0,0.0,0.0,0.0,1
1,1.0,0,4.0,1.0,11.0,7.0,1.0,13.0,1.0,1.0,1.7,1.0,0.0,0.0,0.0,0.0,1
1,1.0,1,6.0,1.0,13.0,3.0,2.0,13.0,1.0,1.0,2.0,1.0,0.0,0.0,0.0,0.0,1
1,1.0,1,6.0,1.0,22.0,1.0,2.0,13.0,1.0,1.0,1.9,1.0,0.0,0.0,0.0,0.0,1
0,1.0,1,4.0,1.0,16.0,7.0,2.0,12.0,1.0,1.0,3.4429154,1.0,0.0,0.0,0.0,0.0,1
1,1.0,0,4.0,1.0,8.0,9.0,1.0,0.0,1.0,1.0,3.7,1.0,3.0,6.0,293.0,0.0,1
1,1.0,0,4.0,1.0,20.0,1.0,2.0,13.0,1.0,1.0,1.0,1.0,0.0,0.0,0.0,0.0,1
1,2.0,1,5.0,1.0,13.0,12.0,1.0,13.0,1.0,1.0,86.3,1.0,0.0,0.0,0.0,0.0,1
1,1.0,0,4.0,1.0,10.0,1.0,1.0,4.0,1.0,1.0,0.9,1.0,0.0,0.0,0.0,0.0,1
1,1.0,1,5.0,1.0,14.0,8.0,1.0,9.0,5.0,1.0,0.0,1.0,0.0,0.0,0.0,0.0,1
1,1.0,1,4.0,1.0,13.0,10.0,2.0,12.0,1.0,1.0,3.2,1.0,0.0,0.0,0.0,0.0,1
0,1.0,1,6.0,1.0,16.0,8.0,1.0,13.0,1.0,1.0,2.3,1.0,0.0,0.0,0.0,0.0,1
1,1.0,0,4.0,1.0,13.0,5.0,1.0,12.0,1.0,1.0,1.4,1.0,0.0,0.0,0.0,0.0,1
1,1.0,1,4.0,1.0,16.0,3.0,2.0,12.0,1.0,1.0,86.3,1.0,0.0,0.0,0.0,0.0,1
1,1.0,0,4.0,1.0,13.0,10.0,2.0,14.0,1.0,1.0,4.0,1.0,0.0,0.0,0.0,0.0,1
1,1.0,0,5.0,1.0,0.0,5.0,1.0,13.0,1.0,1.0,1.8,1.0,0.0,0.0,0.0,0.0,1
0,1.0,1,6.0,1.0,13.0,4.0,2.0,12.0,1.0,1.0,1.2,1.0,0.0,0.0,0.0,0.0,1
1,1.0,0,4.0,1.0,0.0,7.0,2.0,12.0,1.0,1.0,1.1,1.0,0.0,0.0,0.0,0.0,0
1,1.0,0,5.0,1.0,13.0,9.0,1.0,14.0,1.0,1.0,0.0,1.0,0.0,0.0,0.0,0.0,1
1,1.0,1,6.0,1.0,13.0,5.0,2.0,0.0,1.0,1.0,0.9,1.0,0.0,0.0,0.0,0.0,1
1,1.0,0,4.0,1.0,14.0,3.0,1.0,12.0,1.0,1.0,3.0,1.0,0.0,0.0,0.0,0.0,1
1,1.0,0,4.0,1.0,1.0,10.0,1.0,13.0,1.0,1.0,2.4,1.0,0.0,0.0,0.0,0.0,1
0,1.0,0,4.0,1.0,14.0,9.0,1.0,13.0,5.0,1.0,1.1794297,1.0,0.0,0.0,0.0,0.0,1
0,1.0,1,5.0,1.0,13.0,5.0,1.0,14.0,1.0,1.0,2.0,1.0,0.0,0.0,0.0,0.0,1
1,1.0,0,4.0,1.0,16.0,11.0,1.0,12.0,1.0,1.0,3.1,1.0,0.0,0.0,0.0,0.0,1
1,1.0,1,5.0,1.0,4.0,11.0,1.0,12.0,1.0,1.0,1.6,1.0,0.0,0.0,0.0,0.0,1
1,1.0,0,4.0,1.0,0.0,10.0,1.0,12.0,1.0,1.0,1.7,1.0,3.0,7.0,271.0,3.0,0
1,1.0,0,4.0,1.0,4.0,12.0,2.0,12.0,1.0,1.0,0.0,1.0,0.0,0.0,0.0,0.0,1
0,1.0,0,4.0,1.0,0.0,12.0,1.0,0.0,2.0,1.0,8.6,1.0,0.0,0.0,0.0,0.0,1
1,1.0,0,4.0,1.0,16.0,9.0,2.0,0.0,1.0,1.0,0.8,1.0,0.0,0.0,0.0,0.0,1
1,1.0,0,4.0,1.0,10.0,12.0,1.0,13.0,1.0,1.0,1.1,1.0,0.0,0.0,0.0,0.0,1
1,1.0,1,6.0,1.0,16.0,2.0,1.0,13.0,1.0,1.0,5.0,1.0,0.0,0.0,0.0,0.0,1
1,1.0,1,5.0,1.0,10.0,6.0,1.0,13.0,1.0,1.0,2.5,1.0,0.0,0.0,0.0,0.0,1
1,1.0,1,5.0,1.0,10.0,1.0,2.0,13.0,1.0,1.0,1.6,1.0,0.0,0.0,0.0,0.0,1
1,1.0,0,4.0,1.0,0.0,4.0,1.0,12.0,1.0,1.0,0.6,1.0,0.0,0.0,0.0,0.0,1
1,1.0,0,4.0,1.0,4.0,8.0,2.0,11.0,1.0,1.0,2.0,1.0,0.0,0.0,0.0,0.0,1
1,1.0,0,4.0,1.0,6.0,5.0,1.0,13.0,1.0,1.0,2.0,1.0,0.0,0.0,0.0,0.0,1
0,1.0,0,5.0,1.0,11.0,8.0,2.0,12.0,1.0,1.0,0.6,1.0,0.0,0.0,0.0,0.0,1
1,1.0,0,4.0,1.0,10.0,5.0,2.0,12.0,1.0,1.0,86.3,1.0,0.0,0.0,0.0,0.0,1
0,1.0,0,4.0,1.0,10.0,12.0,1.0,12.0,1.0,1.0,1.7,1.0,0.0,0.0,0.0,0.0,1
1,2.0,0,5.0,1.0,0.0,7.0,1.0,12.0,1.0,1.0,86.3,1.0,0.0,0.0,0.0,0.0,1
1,1.0,0,4.0,1.0,11.0,1.0,1.0,12.0,1.0,1.0,1.6,1.0,0.0,0.0,0.0,0.0,1
1,1.0,1,5.0,1.0,3.0,5.0,2.0,0.0,1.0,1.0,0.3,1.0,0.0,0.0,0.0,0.0,1
1,1.0,0,4.0,1.0,13.0,1.0,2.0,12.0,1.0,1.0,2.0,1.0,0.0,0.0,0.0,0.0,1
1,1.0,0,4.0,1.0,13.0,12.0,1.0,8.0,1.0,1.0,1.6,1.0,0.0,0.0,0.0,0.0,1
1,1.0,0,4.0,1.0,12.0,1.0,2.0,8.0,1.0,1.0,0.9,1.0,0.0,0.0,0.0,0.0,1
1,1.0,0,4.0,1.0,12.0,3.0,1.0,12.0,1.0,1.0,0.0,1.0,0.0,0.0,0.0,0.0,1
0,1.0,0,5.0,1.0,5.0,3.0,1.0,8.0,1.0,1.0,0.4,1.0,0.0,0.0,0.0,0.0,1
1,1.0,0,5.0,1.0,11.0,6.0,2.0,4.0,1.0,1.0,0.8,1.0,0.0,0.0,0.0,0.0,0
1,1.0,0,5.0,1.0,10.0,12.0,2.0,0.0,1.0,1.0,0.9,1.0,0.0,0.0,0.0,0.0,1
0,1.0,1,7.0,1.0,16.0,12.0,1.0,13.0,1.0,1.0,86.3,1.0,0.0,0.0,0.0,0.0,1
1,2.0,0,5.0,1.0,14.0,10.0,1.0,0.0,1.0,1.0,1.3,1.0,0.0,0.0,0.0,0.0,1
1,1.0,0,4.0,1.0,13.0,4.0,1.0,13.0,1.0,1.0,0.4,1.0,3.0,7.0,293.0,0.0,1
1,1.0,1,5.0,1.0,22.0,2.0,2.0,12.0,1.0,1.0,86.3,1.0,0.0,0.0,0.0,0.0,1
1,1.0,0,4.0,1.0,4.0,4.0,1.0,11.0,1.0,1.0,1.3,1.0,0.0,0.0,0.0,0.0,1
1,1.0,0,4.0,1.0,9.0,7.0,1.0,13.0,1.0,1.0,1.6,1.0,0.0,0.0,0.0,0.0,1
1,1.0,0,4.0,1.0,13.0,7.0,2.0,12.0,1.0,1.0,1.7,1.0,0.0,0.0,0.0,0.0,1
1,1.0,0,5.0,1.0,11.0,2.0,1.0,12.0,5.0,1.0,1.2,1.0,0.0,0.0,0.0,0.0,0
1,1.0,0,4.0,1.0,10.0,1.0,2.0,12.0,1.0,1.0,0.8,1.0,0.0,0.0,0.0,0.0,1
1,1.0,0,4.0,1.0,13.0,10.0,2.0,12.0,1.0,1.0,1.6,1.0,0.0,0.0,0.0,0.0,1
1,1.0,0,4.0,1.0,13.0,4.0,1.0,12.0,1.0,1.0,1.7,1.0,0.0,0.0,0.0,0.0,1
1,1.0,0,4.0,1.0,10.0,9.0,2.0,7.0,1.0,1.0,0.0,1.0,0.0,0.0,0.0,0.0,1
0,1.0,0,5.0,1.0,4.0,12.0,1.0,13.0,1.0,1.0,2.2,1.0,0.0,0.0,0.0,0.0,1
1,1.0,0,4.0,1.0,12.0,6.0,2.0,13.0,1.0,1.0,1.0,1.0,0.0,0.0,0.0,0.0,1
1,1.0,0,1.0,1.0,13.0,12.0,2.0,12.0,1.0,1.0,1.3,1.0,0.0,0.0,0.0,0.0,1
0,1.0,0,4.0,1.0,13.0,12.0,1.0,13.0,1.0,1.0,1.4,1.0,0.0,0.0,0.0,0.0,1
1,1.0,1,4.0,1.0,14.0,2.0,2.0,13.0,1.0,1.0,0.2,1.0,0.0,0.0,0.0,0.0,1
1,1.0,0,4.0,1.0,1.0,4.0,1.7130703,12.0,1.0,1.0,1.6,1.0,0.0,0.0,0.0,0.0,1
1,1.0,1,5.0,1.0,13.0,6.0,1.0,12.0,1.0,1.0,1.7,1.0,0.0,0.0,0.0,0.0,1
1,1.0,0,5.0,1.0,1.0,8.0,1.0,13.0,1.0,1.0,2.0,1.0,0.0,0.0,0.0,0.0,0
1,1.0,0,5.0,1.0,11.0,3.0,1.0,0.0,1.0,1.0,0.4,1.0,0.0,0.0,0.0,3.0,0
1,1.0,1,6.0,1.0,13.0,6.0,2.0,12.0,1.0,1.0,0.0,1.0,0.0,0.0,0.0,0.0,1
1,1.0,0,4.0,1.0,4.0,9.0,1.0,13.0,1.0,1.0,1.0,1.0,0.0,0.0,0.0,0.0,1
1,1.0,0,4.0,1.0,10.0,1.0,1.0,8.0,1.0,1.0,0.8,1.0,0.0,0.0,0.0,0.0,0
1,1.0,1,5.0,1.0,22.0,1.0,1.0,13.0,1.0,1.0,1.0,1.0,0.0,0.0,0.0,0.0,1
1,1.0,0,4.0,1.0,0.0,2.0,1.0,12.0,1.0,1.0,1.1,1.0,0.0,0.0,0.0,3.0,0
1,1.0,0,4.0,1.0,16.0,8.0,2.0,13.0,1.0,1.0,1.6,1.0,0.0,0.0,0.0,0.0,1
1,1.0,0,4.0,1.0,3.0,3.0,1.0,0.0,1.0,1.0,1.9,1.0,0.0,0.0,0.0,0.0,1
1,1.0,0,4.0,1.0,13.0,1.0,1.0,10.0,1.0,1.0,1.9,1.0,0.0,0.0,202.21306,0.0,1
1,1.0,1,5.0,1.0,13.0,8.0,1.0,12.0,1.0,1.0,4.796709,1.0,0.0,0.0,0.0,0.0,1
1,1.0,0,4.0,1.0,0.0,6.0,1.0,12.0,1.0,1.0,1.2,1.0,0.0,0.0,0.0,3.0,0
1,1.0,0,4.0,1.0,1.0,10.0,1.0,12.0,1.0,1.0,0.9,1.0,0.0,0.0,0.0,0.0,0
1,1.0,0,5.0,1.0,11.0,12.0,2.0,8.0,1.0,1.0,0.0,1.0,0.0,0.0,0.0,0.0,1
1,1.0,1,4.0,1.0,22.0,5.0,1.0,13.0,1.0,1.0,0.9,1.0,3.0,6.0,301.0,0.0,1
1,1.0,0,1.0,1.0,22.0,8.0,1.0,0.0,1.0,1.0,2.4,1.0,0.0,0.0,0.0,0.0,1
1,1.0,1,5.0,1.0,22.0,6.0,1.0,13.0,1.0,1.0,2.4,1.0,0.0,0.0,0.0,0.0,1
1,1.0,1,5.0,1.0,11.0,11.0,2.0,0.0,1.0,1.0,2.2,1.0,0.0,0.0,0.0,0.0,1
0,1.0,1,7.0,1.0,13.0,10.0,1.0,14.0,1.0,1.0,86.3,1.0,0.0,0.0,0.0,0.0,1
1,1.0,1,5.0,1.0,13.0,1.0,1.0,12.0,1.0,1.0,1.5,1.0,0.0,0.0,0.0,0.0,1
1,1.0,0,4.0,1.0,0.0,1.0,1.0,13.0,1.0,1.0,1.0,1.0,0.0,0.0,0.0,3.0,0
1,1.0,0,4.0,1.0,11.0,9.0,1.0,9.0,1.0,1.0,1.1,1.0,3.0,7.0,273.0,0.0,1
1,1.0,1,4.0,1.0,5.8698387,9.0,2.0,11.0,1.0,1.0,1.2903472,1.0,0.0,0.0,0.0,0.0,1
1,1.0,0,4.0,1.0,0.0,1.0,1.0,13.0,1.0,1.0,1.4,1.0,0.0,0.0,0.0,0.0,1
1,1.0,0,4.0,1.0,13.0,4.0,1.0,13.0,1.0,1.0,0.0,1.0,0.0,0.0,0.0,0.0,1
1,1.0,0,4.0,1.0,16.0,6.0,2.0,12.0,1.0,1.0,1.2,1.0,0.0,0.0,0.0,0.0,1
0,1.0,1,7.0,1.0,14.0,8.0,1.0,13.0,1.0,1.0,2.3,1.0,0.0,0.0,0.0,0.0,1
1,1.0,0,4.0,1.0,21.0,6.0,2.0,13.0,1.0,1.0,0.0,1.0,4.0,6.0,379.0,0.0,1
1,1.0,1,5.0,1.0,13.0,9.0,1.0,7.0,1.0,1.0,2.7,1.0,0.0,0.0,0.0,0.0,1
0,1.0,0,4.0,1.0,13.0,6.0,1.0,11.0,1.0,1.0,0.0,1.0,0.0,0.0,0.0,0.0,1
1,1.0,0,5.0,1.0,13.0,1.0,1.0,14.0,1.0,1.0,1.9,1.0,0.0,0.0,0.0,0.0,1
1,2.0,1,5.0,1.0,13.0,10.0,1.0,14.0,1.0,1.0,3.4,1.0,0.0,0.0,0.0,0.0,1
1,1.0,1,5.0,1.0,7.0,2.0,2.0,12.0,1.0,1.0,1.9,1.0,0.0,0.0,0.0,0.0,1
1,1.0,0,5.0,1.0,22.0,2.0,2.0,13.0,1.0,1.0,1.7,1.0,0.0,0.0,0.0,0.0,1
1,1.0,0,4.0,1.0,0.0,4.0,1.0,13.0,1.0,1.0,1.2,1.0,0.0,0.0,0.0,0.0,0
1,1.0,1,5.0,1.0,16.0,8.0,2.0,14.0,1.0,1.0,86.3,1.0,0.0,0.0,0.0,0.0,1
1,1.0,0,4.0,1.0,16.0,2.0,2.0,10.0,1.0,1.0,2.4,1.0,3.0,0.0,293.0,0.0,1
1,1.0,0,5.0,1.0,10.0,1.0,1.0,13.0,5.0,1.0,0.3,1.0,0.0,0.0,0.0,3.0,0
1,1.0,0,4.0,1.0,6.0,1.0,1.0,12.0,1.0,1.0,0.2,1.0,0.0,0.0,0.0,0.0,1
1,1.0,1,4.0,1.0,1.0,9.0,2.0,12.0,1.0,1.0,0.7,1.0,0.0,0.0,0.0,0.0,1
1,1.0,1,4.0,1.0,16.0,9.0,1.0,10.0,1.0,1.0,0.5,1.0,4.0,0.0,379.0,0.0,1
1,1.0,1,5.0,1.0,11.0,4.0,1.0,11.0,1.0,1.0,0.9,1.0,0.0,0.0,0.0,0.0,1
1,1.0,1,5.0,1.0,3.0,4.0,1.0,12.0,1.0,1.0,0.5,1.0,0.0,0.0,0.0,0.0,1
1,1.0,1,6.0,1.0,13.0,12.0,1.0,13.0,1.0,1.0,1.7,1.0,0.0,0.0,0.0,0.0,1
1,1.0,0,4.0,1.0,0.0,6.0,2.0,13.0,1.0,1.0,0.8,1.0,0.0,0.0,0.0,0.0,1
1,1.0,0,4.0,1.0,4.0,11.0,2.0,13.0,1.0,1.0,86.3,1.0,0.0,0.0,0.0,0.0,1
1,1.0,0,4.0,1.0,10.0,10.0,1.0,12.0,1.0,1.0,0.9,1.0,0.0,0.0,0.0,0.0,1
1,2.0,1,5.0,1.0,0.0,9.0,2.0,14.0,1.0,1.0,1.7,1.0,0.0,0.0,0.0,0.0,1
1,1.0,1,7.0,1.0,13.0,8.0,2.0,12.0,1.0,1.0,2.5,1.0,0.0,0.0,0.0,0.0,1
0,1.0,0,4.0,1.0,9.0,12.0,1.0,2.0,1.0,1.0,3.1,1.0,0.0,0.0,0.0,0.0,1
0,1.0,1,4.0,1.0,22.0,11.0,1.0,12.0,1.0,1.0,1.1,1.0,0.0,0.0,0.0,0.0,1
1,1.0,0,1.0,1.0,14.0,6.0,2.0,13.0,1.0,1.0,1.0,1.0,0.0,0.0,0.0,0.0,1
1,1.0,1,6.0,1.0,13.0,7.0,1.0,12.0,1.0,1.0,0.7,1.0,0.0,0.0,0.0,0.0,1
1,1.0,0,4.0,1.0,13.0,3.0,2.0,10.0,1.0,1.0,1.5,1.0,0.0,0.0,0.0,0.0,1
1,2.0,0,4.0,1.0,0.0,3.0,1.0,12.0,1.0,1.0,1.3,1.0,0.0,0.0,0.0,3.0,0
1,2.0,1,4.0,1.0,13.0,6.0,2.0,13.0,1.0,1.0,4.5,1.0,0.0,0.0,0.0,0.0,1
1,2.0,0,4.0,1.0,22.0,10.0,2.0,14.0,1.0,1.0,9.9,1.0,0.0,0.0,0.0,0.0,1
1,1.0,1,5.0,1.0,4.0,5.0,1.0,12.0,1.0,2.0,0.7,1.0,3.0,11.0,0.0,3.0,0
1,1.0,1,5.0,1.0,13.0,12.0,2.0,0.0,1.0,1.0,2.1,1.0,0.0,0.0,0.0,0.0,1
1,1.0,1,5.0,1.0,13.0,1.0,2.0,12.0,1.0,1.0,3.4,1.0,0.0,0.0,0.0,0.0,1
1,1.0,1,4.0,1.0,5.0,1.0,2.0,13.0,1.0,1.0,1.2,1.0,0.0,0.0,0.0,0.0,1
1,1.0,0,4.0,1.0,10.0,3.0,1.0,12.0,1.0,1.0,1.7,1.0,0.0,0.0,0.0,0.0,1
0,1.0,1,6.0,1.0,22.0,7.0,1.0,12.0,1.0,1.0,8.0,1.0,0.0,0.0,0.0,0.0,1
0,1.0,0,4.0,1.0,13.0,7.0,1.0,12.0,1.0,1.0,2.5,1.0,0.0,0.0,0.0,0.0,1
0,1.0,0,5.0,1.0,11.0,12.0,2.0,13.0,1.0,1.0,4.2,1.0,0.0,0.0,0.0,0.0,1
0,2.0,0,4.0,1.0,14.0,9.0,1.0,12.0,1.0,1.0,1.1,1.0,0.0,0.0,0.0,0.0,1
1,1.0,0,4.0,1.0,22.0,5.0,2.0,12.0,1.0,1.0,2.7,1.0,0.0,0.0,0.0,0.0,1
1,1.0,0,1.0,1.0,16.0,4.0,2.0,7.0,1.0,1.0,86.3,1.0,0.0,0.0,0.0,0.0,1
1,1.0,0,5.0,1.0,0.0,7.0,1.0,7.3899593,5.0,1.0,0.0,1.0,0.0,0.0,0.0,0.0,1
1,1.0,0,4.0,1.0,15.0,1.0,2.0,13.0,1.0,1.0,2.1,1.0,0.0,0.0,0.0,0.0,1
1,1.0,1,5.0,1.0,13.0,1.0,2.0,12.0,1.0,1.0,1.9,1.0,0.0,0.0,0.0,0.0,1
1,1.0,0,1.0,1.0,22.0,12.0,2.0,13.0,1.0,1.0,1.2,1.0,0.0,0.0,0.0,0.0,1
1,1.0,0,4.0,1.0,16.0,9.0,2.0,8.0,1.0,1.0,1.8,1.0,0.0,0.0,0.0,0.0,1
1,1.0,1,5.0,1.0,13.0,10.0,1.0,13.0,1.0,1.0,0.8,1.0,0.0,0.0,0.0,0.0,1
1,1.0,0,4.0,1.0,13.0,8.0,2.0,12.0,1.0,1.0,1.0,1.0,0.0,0.0,0.0,0.0,1
1,1.0,0,4.0,1.0,0.0,7.0,1.0,12.0,1.0,1.0,86.3,1.0,0.0,0.0,0.0,0.0,1
1,1.0,0,4.0,1.0,14.0,6.0,2.0,13.0,1.0,1.0,2.9,1.0,0.0,0.0,0.0,0.0,1
1,1.0,1,4.0,1.0,22.0,1.0,1.0,13.0,1.0,1.0,1.8,1.0,0.0,0.0,0.0,0.0,1
1,1.0,0,4.0,1.0,10.0,5.0,2.0,13.0,1.0,1.0,1.5,1.0,0.0,0.0,0.0,0.0,1
1,1.0,1,5.0,1.0,13.0,12.0,2.0,13.0,1.0,1.0,1.8,1.0,0.0,0.0,0.0,0.0,1
0,1.0,1,5.0,1.0,13.0,8.0,2.0,12.0,5.0,1.0,0.0,1.0,0.0,0.0,0.0,0.0,1
1,1.0,1,5.0,1.0,13.0,1.0,1.0,12.0,1.0,1.0,3.7,1.0,0.0,0.0,0.0,0.0,1
1,1.0,0,4.0,1.0,10.0,5.0,1.0,12.0,1.0,1.0,0.5,1.0,0.0,6.0,0.0,0.0,1
1,2.0,1,5.0,1.0,13.0,10.0,1.0,14.0,1.0,1.0,86.3,1.0,0.0,0.0,0.0,0.0,1
1,1.0,1,5.0,1.0,22.0,3.0,1.0,13.0,1.0,1.0,1.1,1.0,0.0,0.0,0.0,0.0,1
1,1.0,0,4.0,1.0,0.0,4.0,2.0,12.0,1.0,1.0,1.8,1.0,0.0,0.0,0.0,0.0,1
1,1.0,0,5.0,1.0,10.0,5.0,2.0,14.0,1.0,1.0,1.7,1.0,0.0,0.0,0.0,0.0,1
1,1.0,0,1.0,1.0,22.0,2.0,2.0,13.0,1.0,1.0,1.7,1.0,0.0,0.0,0.0,0.0,1
1,1.0,0,5.0,1.0,13.0,12.0,1.0,12.0,1.0,1.0,86.3,1.0,0.0,0.0,0.0,0.0,1
1,1.0,1,5.0,1.0,13.0,8.0,2.0,12.0,1.0,1.0,0.3,1.0,0.0,0.0,0.0,0.0,1
1,1.0,1,6.0,1.0,10.0,4.0,2.0,12.0,1.0,1.0,0.8,1.0,0.0,0.0,0.0,0.0,1
1,1.0,0,4.0,1.0,13.0,7.0,2.0,12.0,1.0,1.0,86.3,1.0,0.0,0.0,0.0,0.0,1
0,1.0,1,5.0,1.0,14.0,7.0,2.0,0.0,1.0,1.0,0.9,1.0,0.0,0.0,0.0,0.0,1
1,1.0,1,4.0,1.0,15.0,5.0,1.0,13.0,1.0,1.0,0.0,1.0,0.0,0.0,0.0,0.0,1
1,1.0,1,5.0,1.0,13.0,5.0,1.0,5.0,1.0,1.0,0.1,1.0,0.0,0.0,0.0,0.0,1
1,1.0,0,4.0,1.0,3.0,6.0,1.0,12.0,1.0,1.0,1.8,1.0,0.0,0.0,0.0,0.0,1
1,1.0,0,4.0,1.0,13.0,2.0,1.0,12.0,5.0,1.0,2.0,1.0,4.0,11.0,379.0,0.0,1
1,1.0,0,4.0,1.0,0.0,11.0,1.0,13.0,1.0,1.0,1.7060949,1.0,0.0,0.0,0.0,1.0,1
1,1.0,1,4.0,1.0,13.0,6.0,2.0,0.0,1.0,1.0,1.6,1.0,0.0,0.0,0.0,0.0,1
1,1.0,0,4.0,1.0,16.0,9.0,1.0,9.0,1.0,1.0,1.0,1.0,0.0,0.0,0.0,0.0,1
0,1.0,1,4.0,1.0,13.0,11.0,1.0,11.0,1.0,1.0,0.0,1.0,0.0,0.0,0.0,0.0,1
1,1.0,1,5.0,1.0,22.0,4.0,1.0,13.0,5.0,1.0,1.1,1.0,0.0,0.0,0.0,0.0,1
1,1.0,0,4.0,1.0,14.0,8.0,1.0,12.0,1.0,1.0,2.0,1.0,0.0,0.0,0.0,0.0,1
1,1.0,1,5.0,1.0,11.0,1.0,2.0,14.0,1.0,1.0,0.7,1.0,0.0,0.0,0.0,0.0,1
0,1.0,1,5.0,1.0,14.0,7.0,1.0,13.0,1.0,1.0,0.29010728,1.0,0.0,0.0,0.0,0.0,1
1,1.0,0,4.0,1.0,13.0,3.0,2.0,13.0,1.0,1.0,0.5,1.0,0.0,0.0,0.0,0.0,1
1,1.0,0,4.0,1.0,13.0,3.0,1.0,7.0,1.0,1.0,1.7,1.0,4.0,11.0,379.0,0.0,1
1,1.0,0,4.0,1.0,13.0,5.0,1.0,13.0,1.0,1.0,2.1,1.0,0.0,0.0,0.0,0.0,1
1,1.0,0,4.0,1.0,13.0,7.0,1.0,13.0,1.0,1.0,3.0,1.0,0.0,0.0,0.0,0.0,1
0,1.0,1,5.0,1.0,16.0,12.0,2.0,0.0,1.0,1.0,3.0,1.0,0.0,0.0,0.0,0.0,1
1,1.0,0,5.0,1.0,13.0,2.0,1.0,13.0,1.0,1.0,86.3,1.0,0.0,0.0,0.0,0.0,1
1,1.0,1,5.0,1.0,20.0,6.0,2.0,14.0,1.0,1.0,1.2,1.0,0.0,0.0,0.0,0.0,1
1,1.0,0,4.0,1.0,13.0,8.0,1.0,7.0,2.0,1.0,2.3,1.0,0.0,0.0,0.0,0.0,1
0,2.0,1,6.0,1.0,0.0,6.0,1.0,13.0,1.0,1.0,1.7,1.0,0.0,0.0,0.0,3.0,1
0,1.0,0,4.0,1.0,16.0,7.0,1.0,13.0,1.0,1.0,1.1,1.0,0.0,0.0,0.0,0.0,1
1,1.0,1,5.0,1.0,22.0,1.0,2.0,13.0,1.0,1.0,3.0,1.0,0.0,0.0,0.0,0.0,1
1,1.0,0,4.0,1.0,14.0,8.0,1.0,13.0,1.0,1.0,1.0,1.0,4.0,11.0,379.0,0.0,1
1,1.0,0,4.0,1.0,13.0,5.0,1.0,12.0,1.0,1.0,0.4,1.0,3.0,5.0,255.0,0.0,1
0,2.0,0,4.0,1.0,10.0,12.0,1.0,12.0,1.0,1.0,86.3,1.0,0.0,0.0,0.0,0.0,1
1,1.0,0,5.0,1.0,6.0,12.0,1.0,2.0,1.0,1.0,1.6,1.0,0.0,0.0,0.0,0.0,0
1,1.0,0,5.0,1.0,0.0,8.0,1.0,13.0,1.0,1.0,1.5,1.0,0.0,0.0,0.0,0.0,0
1,1.0,0,5.0,1.0,13.0,1.0,2.0,12.0,1.0,1.0,0.2,1.0,0.0,0.0,0.0,0.0,1
1,1.0,0,4.0,1.0,10.0,1.0,1.0,12.0,1.0,1.0,0.8,1.0,0.0,0.0,0.0,3.0,0
1,1.0,1,5.0,1.0,13.0,8.0,1.0,13.0,1.0,1.0,0.8,1.0,0.0,0.0,0.0,0.0,1
1,1.0,0,4.0,1.0,13.0,12.0,1.0,0.0,1.0,1.0,1.4,1.0,0.0,0.0,0.0,0.0,1
1,1.0,0,4.0,1.0,0.0,2.0,1.0,12.0,1.0,1.0,1.8,1.0,0.0,0.0,0.0,0.0,1
1,1.0,1,5.0,1.0,11.0,7.0,1.0,9.0,1.0,1.0,0.6,1.0,0.0,0.0,0.0,0.0,1
1,1.0,1,5.0,1.0,13.0,6.0,1.0,12.0,1.0,1.0,1.4,1.0,0.0,0.0,0.0,0.0,1
1,1.0,1,5.0,1.0,0.0,7.0,1.0,9.0,1.0,1.0,3.2,1.0,0.0,0.0,0.0,0.0,1
1,1.0,0,4.0,1.0,13.0,5.0,2.0,13.0,1.0,1.0,1.9,1.0,0.0,0.0,0.0,0.0,1
1,1.0,1,4.0,1.0,16.0,7.0,1.0,12.0,1.0,1.0,3.3,1.0,0.0,0.0,0.0,0.0,1
1,1.0,0,5.0,1.0,13.0,4.0,1.0,13.0,1.0,1.0,1.6,1.0,0.0,0.0,0.0,0.0,1
1,2.0,1,5.0,1.0,13.0,6.0,1.0,13.0,1.0,1.0,0.4,1.0,0.0,0.0,0.0,0.0,1
1,1.0,1,4.0,1.0,10.0,7.0,2.0,12.0,1.0,1.0,0.0,1.0,3.0,6.0,274.0,0.0,1
1,1.0,0,5.0,1.0,11.0,4.0,1.0,12.0,1.0,1.0,0.0,1.0,0.0,0.0,0.0,0.0,1
1,1.0,1,5.0,1.0,14.0,1.0,1.0,12.0,1.0,1.0,0.0,1.0,0.0,0.0,0.0,0.0,1
1,1.0,0,5.0,1.0,13.0,1.0,2.0,13.0,1.0,1.0,0.9,1.0,0.0,0.0,0.0,0.0,1
1,1.0,1,5.0,1.0,13.0,7.0,1.0,12.0,5.0,1.0,1.4707634,1.0,0.0,0.0,0.0,0.0,1
1,1.0,0,4.0,1.0,13.0,6.0,1.0,12.0,1.0,1.0,1.4,1.0,4.0,11.0,379.0,0.0,1
0,1.0,0,5.0,1.0,13.0,4.0,2.0,0.0,1.0,1.0,0.0,1.0,0.0,0.0,0.0,0.0,1
1,1.0,0,4.0,1.0,9.0,11.0,1.0,13.0,1.0,1.0,0.4,1.0,0.0,0.0,0.0,0.0,1
1,2.0,0,5.0,1.0,4.0,3.0,2.0,13.0,1.0,1.0,86.3,1.0,0.0,0.0,0.0,0.0,1
1,1.0,0,4.0,1.0,13.0,6.0,2.0,13.0,1.0,1.0,1.1,1.0,0.0,0.0,0.0,0.0,1
1,1.0,0,4.0,1.0,10.0,8.0,1.0,12.0,1.0,1.0,86.3,1.0,4.0,11.0,379.0,0.0,1
1,1.0,0,4.0,1.0,13.0,9.0,2.0,12.0,1.0,1.0,2.0,1.0,0.0,0.0,0.0,0.0,1
0,1.0,1,5.0,1.0,20.0,1.0,2.0,13.0,1.0,1.0,2.3,1.0,0.0,0.0,0.0,0.0,1
1,1.0,0,4.0,1.0,15.0,4.0,2.0,14.0,1.0,1.0,0.9,1.0,0.0,0.0,0.0,0.0,1
0,1.0,0,4.0,1.0,13.0,3.0,1.0,0.0,1.0,1.0,86.3,1.0,0.0,0.0,0.0,0.0,1
1,1.0,0,4.0,1.0,5.0,4.0,1.0,14.0,1.0,1.0,4.0,1.0,0.0,0.0,0.0,0.0,0
0,1.0,0,4.0,1.0,10.0,7.0,2.0,7.0,1.0,1.0,0.0,1.0,0.0,0.0,0.0,0.0,1
0,1.0,1,6.0,1.0,22.0,8.0,2.0,12.0,1.0,1.0,1.6,1.0,0.0,0.0,0.0,0.0,1
1,1.0,0,5.0,1.0,10.0,4.0,1.0,13.0,1.0,1.0,1.4,1.0,0.0,0.0,0.0,3.0,0
1,1.0,0,4.0,1.0,13.0,1.0,1.0,13.0,1.0,1.0,1.0,1.0,0.0,0.0,0.0,0.0,1
1,1.0,0,4.0,1.0,10.0,1.0,1.0,14.0,1.0,4.0,1.5,1.0,0.0,0.0,0.0,3.0,0
1,1.0,0,4.0,1.0,14.0,6.0,2.0,9.0,1.0,1.0,1.2,1.0,0.0,0.0,0.0,0.0,1
1,1.0,1,4.0,1.0,13.0,7.0,2.0,7.0,1.0,1.0,0.5,1.0,0.0,0.0,0.0,0.0,1
1,1.0,0,5.0,1.0,14.0,1.0,1.0,12.0,1.0,1.0,1.2,1.0,0.0,0.0,0.0,0.0,1
1,1.0,0,4.0,1.0,4.0,4.0,2.0,13.0,1.0,1.0,1.2,1.0,0.0,0.0,0.0,0.0,1
1,1.0,0,4.0,1.0,16.0,6.0,2.0,0.0,1.0,1.0,1.1,1.0,0.0,0.0,0.0,0.0,1
1,1.0,0,4.0,1.0,20.0,1.0,2.0,12.0,1.0,1.0,1.6,1.0,0.0,0.0,0.0,0.0,1
1,1.0,0,4.0,1.0,10.0,10.0,1.0,13.0,1.0,1.0,1.1,1.0,0.0,0.0,0.0,0.0,1
1,1.0,0,5.0,1.0,1.0,5.0,1.0,13.0,1.0,1.0,1.2,1.0,0.0,0.0,0.0,0.0,1
1,2.0,0,4.0,1.0,13.0,12.0,2.0,13.0,1.0,1.0,5.1695037,1.0,0.0,0.0,0.0,0.0,1
1,1.0,0,4.0,1.0,3.0,6.0,2.0,12.0,1.0,1.0,1.5,1.0,0.0,0.0,0.0,0.0,1
1,1.0,0,4.0,1.0,1.0,3.0,1.0,13.0,1.0,1.0,3.1,1.0,0.0,0.0,0.0,0.0,1
1,1.0,1,5.0,1.0,22.0,7.0,1.0,13.0,1.0,1.0,1.0,1.0,0.0,0.0,0.0,0.0,1
1,1.0,0,4.0,1.0,0.0,5.0,1.0,13.0,1.0,1.0,1.1982374,1.0,0.0,0.0,0.0,3.0,1
1,1.0,0,4.0,1.0,10.0,7.0,2.0,14.0,1.0,1.0,86.3,1.0,0.0,0.0,0.0,0.0,1
0,1.0,1,5.0,1.0,14.0,1.0,2.0,13.0,1.0,1.0,1.3,1.0,0.0,0.0,0.0,0.0,1
1,1.0,0,4.0,1.0,13.0,1.0,1.0,13.0,1.0,1.0,0.5,1.0,0.0,7.0,229.8895,0.0,0
1,1.0,0,4.0,1.0,4.0,6.0,2.0,12.0,1.0,1.0,0.4,1.0,0.0,0.0,0.0,0.0,1
1,1.0,0,4.0,1.0,0.0,8.0,1.0,7.0,1.0,1.0,86.3,1.0,0.0,0.0,0.0,0.0,0
1,1.0,0,5.0,1.0,10.0,11.0,2.0,13.0,1.0,1.0,0.9,1.0,0.0,0.0,0.0,0.0,1
1,1.0,0,5.0,1.0,0.0,12.0,1.0,12.0,1.0,1.0,1.5,1.0,0.0,0.0,0.0,0.0,1
0,1.0,1,5.0,1.0,13.0,7.0,1.0,7.0,1.0,1.0,1.0,1.0,0.0,0.0,0.0,0.0,1
1,1.0,1,5.0,1.0,22.0,11.0,2.0,12.0,1.0,1.0,86.3,1.0,0.0,0.0,0.0,0.0,1
1,1.0,0,4.0,1.0,11.0,1.0,1.0,13.0,1.0,1.0,1.7,1.0,0.0,0.0,0.0,0.0,1
1,1.0,1,5.0,1.0,13.0,1.0,1.0,12.0,1.0,1.0,2.7,1.0,0.0,0.0,0.0,0.0,1
1,2.0,0,4.0,1.0,13.0,8.0,1.0,12.0,1.0,1.0,2.9,1.0,0.0,0.0,0.0,0.0,1
1,1.0,0,4.0,1.0,11.0,2.0,2.0,8.0,1.0,1.0,1.6,1.0,0.0,0.0,0.0,0.0,1
0,1.0,1,5.0,1.0,14.0,12.0,1.0,4.0,1.0,1.0,0.5,1.0,0.0,0.0,0.0,0.0,1
1,1.0,0,4.0,1.0,8.0,1.0,1.0,13.0,1.0,1.0,4.2,1.0,0.0,0.0,0.0,0.0,1
1,1.0,0,4.0,1.0,11.0,4.0,2.0,12.0,1.0,1.0,1.9,1.0,0.0,0.0,0.0,0.0,1
1,1.0,0,4.0,1.0,11.0,3.0,2.0,12.0,1.0,1.0,4.2,1.0,0.0,0.0,0.0,0.0,1
1,1.0,0,4.0,1.0,4.0,1.0,1.0,12.0,1.0,1.0,1.4,1.0,0.0,0.0,0.0,0.0,0
1,1.0,0,5.0,2.0,13.0,3.0,1.0,13.0,1.0,1.0,4.3,1.0,0.0,0.0,0.0,0.0,1
1,2.0,0,5.0,1.0,6.0,5.39776,2.0,14.0,1.0,1.0,2.0,1.0,0.0,0.0,0.0,0.0,1
1,1.0,1,5.0,1.0,14.0,2.0,1.0,12.0,1.0,1.0,0.7,1.0,0.0,0.0,0.0,0.0,1
0,1.0,0,4.0,1.0,14.0,10.0,2.0,12.0,1.0,1.0,0.6,1.0,0.0,0.0,0.0,0.0,1
1,1.0,0,5.0,1.0,0.0,1.0,1.0,13.0,1.0,1.0,1.7,1.0,0.0,0.0,0.0,3.0,0
1,1.0,1,6.0,1.0,1.0,12.0,1.0,12.0,1.0,1.0,0.9,1.0,0.0,0.0,0.0,0.0,0
1,1.0,0,4.0,1.0,4.0,3.0,2.0,12.0,1.0,1.0,0.9,1.0,0.0,0.0,0.0,0.0,1
1,1.0,0,4.0,2.0,13.0,10.636937,2.0,13.0,1.0,1.0,1.0,1.0,0.0,0.0,0.0,0.0,1
1,1.0,0,1.0,1.0,22.0,1.0,2.0,12.0,1.0,1.0,1.0,1.0,0.0,0.0,0.0,0.0,1
1,1.0,0,4.0,1.0,4.0,12.0,2.0,12.0,1.0,1.0,2.8,1.0,0.0,0.0,0.0,0.0,1
1,1.0,1,4.0,1.0,13.0,2.0,1.0,11.0,1.0,1.0,0.3,1.0,4.0,11.0,379.0,0.0,1
1,1.0,0,4.0,1.0,14.0,12.0,1.0,13.0,1.0,1.0,2.2,1.0,3.0,0.0,163.69626,0.0,1
1,1.0,0,4.0,1.0,22.0,5.0,1.0,13.0,1.0,1.0,1.7,1.0,0.0,0.0,0.0,0.0,1
1,1.0,1,4.0,1.0,13.0,7.0,1.0,13.0,5.0,1.0,1.0,1.0,0.0,0.0,0.0,0.0,1
1,1.0,0,4.0,1.0,4.0,1.0,1.0,13.0,5.0,1.0,2.0,1.0,0.0,0.0,0.0,0.0,1
1,1.0,0,4.0,1.0,1.0,3.0,1.0,13.0,1.0,1.0,4.1,1.0,0.0,0.0,0.0,0.0,1
0,1.0,1,5.0,1.0,22.0,8.0,2.0,12.0,1.0,1.0,3.0,1.0,0.0,0.0,0.0,0.0,1
1,1.0,0,1.0,1.0,22.0,1.0,2.0,0.0,1.0,1.0,2.6,1.0,0.0,0.0,0.0,0.0,1
1,1.0,0,4.0,1.0,16.0,11.0,2.0,0.0,1.0,1.0,0.0,1.0,0.0,0.0,0.0,0.0,1
1,1.0,1,4.0,1.0,13.0,9.0,2.0,13.0,1.0,1.0,86.3,1.0,0.0,0.0,0.0,0.0,1
1,1.0,0,4.0,1.0,22.0,5.0,1.0,12.0,1.0,1.0,1.2,1.0,0.0,0.0,0.0,0.0,1
1,1.0,0,4.0,1.0,0.0,5.0,1.0,12.0,1.0,1.0,0.6,1.0,0.0,0.0,0.0,3.0,0
1,1.0,0,4.0,1.0,1.0,9.0,2.0,14.0,1.0,1.0,3.2,1.0,0.0,0.0,0.0,0.0,1
1,2.0,1,4.0,1.0,13.0,8.0,2.0,12.0,1.0,1.0,1.6,1.0,0.0,0.0,0.0,0.0,1
1,1.0,0,4.0,1.0,4.0,9.0,1.0,13.0,1.0,1.0,2.8,1.0,0.0,0.0,0.0,0.0,1
1,1.0,0,4.0,1.0,8.0,4.0,1.0,6.0,1.0,1.0,1.2,1.0,0.0,0.0,0.0,0.0,0
1,1.0,0,4.0,1.0,22.0,2.0,2.0,12.0,1.0,1.0,1.4,1.0,0.0,0.0,0.0,0.0,1
1,1.0,0,4.0,1.0,10.0,9.0,2.0,12.0,1.0,1.0,1.8,1.0,0.0,0.0,0.0,0.0,1
1,1.0,0,5.0,1.0,5.0,7.0,2.0,3.0,1.0,1.0,2.5,1.0,0.0,0.0,0.0,0.0,1
1,2.0,0,5.0,1.0,11.0,4.0,2.0,12.0,1.0,1.0,1.0,1.0,0.0,0.0,0.0,0.0,1
1,1.0,1,5.0,1.0,1.0,6.0,1.0,12.0,1.0,1.0,0.7,1.0,0.0,0.0,0.0,0.0,0
1,1.0,0,4.0,1.0,12.987315,9.0,1.0,12.0,5.0,1.0,86.3,1.0,0.0,0.0,0.0,0.0,1
1,1.0,0,1.0,1.0,13.0,9.0,1.0,4.0,1.0,1.0,3.2,1.0,0.0,0.0,0.0,0.0,1
0,2.0,1,4.0,1.0,14.0,6.0,1.0,13.0,1.0,1.0,1.5,1.0,0.0,0.0,0.0,0.0,1
1,1.0,0,4.0,1.0,4.0,9.0,1.0,0.0,1.0,1.0,2.4,1.0,0.0,0.0,0.0,0.0,1
1,1.0,1,5.0,1.0,14.0,2.0,1.0,13.0,1.0,1.0,86.3,1.0,0.0,0.0,0.0,0.0,1
0,2.0,0,4.0,1.0,11.0,11.0,1.0,14.0,1.0,1.0,86.3,1.0,0.0,0.0,0.0,0.0,1
1,1.0,1,5.0,1.0,13.0,8.0,2.0,12.0,1.0,1.0,1.0,1.0,0.0,0.0,0.0,0.0,1
1,1.0,0,4.0,1.0,0.0,1.0,1.0,7.0,1.0,1.0,5.0,1.0,0.0,0.0,0.0,0.0,1
1,1.0,1,5.0,1.0,6.0,5.0,1.0,11.0,1.0,1.0,0.4,1.0,4.0,11.0,274.0,0.0,0
1,1.0,0,4.0,1.0,13.0,12.0,1.0,12.0,1.0,1.0,0.0,1.0,0.0,0.0,0.0,0.0,1
1,1.0,1,5.0,1.0,10.0,8.0,2.0,12.0,1.0,1.0,0.9,1.0,0.0,0.0,0.0,0.0,1
1,2.0,0,5.0,1.0,0.0,6.0,1.0,13.0,1.0,1.0,1.1,1.0,0.0,0.0,0.0,0.0,0
1,2.0,1,6.0,1.0,13.0,2.0,2.0,13.0,1.0,1.0,1.1,1.0,0.0,0.0,0.0,0.0,1
1,1.0,0,5.0,1.0,10.0,2.0,2.0,12.0,1.0,1.0,1.6,1.0,0.0,0.0,0.0,0.0,1
1,1.0,0,4.0,1.0,3.0,6.0,1.0,13.0,1.0,1.0,0.3,1.0,0.0,0.0,0.0,3.0,1
1,1.0,0,4.0,1.0,11.0,10.0,1.0,12.0,1.0,1.0,1.8,1.0,0.0,0.0,0.0,0.0,1
0,1.0,1,5.0,1.0,14.0,7.0,2.0,12.0,5.0,1.0,2.0,1.0,0.0,0.0,0.0,0.0,1
0,1.0,0,5.0,1.0,11.0,10.0,1.0,10.0,1.0,1.0,2.0,1.0,0.0,0.0,0.0,0.0,1
1,1.0,1,6.0,1.0,16.0,2.0,1.0,12.0,1.0,1.0,0.0,1.0,0.0,0.0,0.0,0.0,1
1,1.0,0,5.0,1.0,0.0,8.0,2.0,12.0,1.0,1.0,0.4,1.0,0.0,0.0,0.0,0.0,1
1,1.0,0,4.0,1.0,13.0,1.0,2.0,13.0,1.0,1.0,0.7,1.0,0.0,0.0,0.0,0.0,1
1,1.0,1,4.0,1.0,14.0,4.0,2.0,0.0,1.0,1.0,0.6,1.0,0.0,0.0,0.0,0.0,1
1,1.0,1,6.0,1.0,10.0,8.0,1.0,8.0,1.0,1.0,0.0,1.0,0.0,0.0,0.0,0.0,1
1,1.0,0,4.0,1.0,3.0,3.0,1.0,12.0,1.0,1.0,0.7,1.0,0.0,0.0,0.0,0.0,1
1,1.0,0,4.0,1.0,13.0,8.0,2.0,12.0,1.0,1.0,1.2,1.0,0.0,0.0,0.0,0.0,1
1,1.0,0,4.0,1.0,14.0,2.0,2.0,13.0,1.0,1.0,2.2,1.0,0.0,0.0,0.0,0.0,1
1,1.0,0,4.0,1.0,4.0,3.0,1.0,9.0,1.0,1.0,0.6,1.0,0.0,0.0,0.0,0.0,1
1,1.0,0,4.0,1.0,13.0,6.0,1.0,14.0,1.0,1.0,1.0,1.0,0.0,0.0,0.0,0.0,1
1,1.0,0,4.0,1.0,0.0,4.0,2.0,13.0,1.0,1.0,1.1,1.0,0.0,0.0,0.0,0.0,1
1,1.0,0,4.0,1.0,9.0,1.0,1.0,12.0,1.0,1.0,0.2,1.0,0.0,0.0,0.0,0.0,1
1,1.0,0,4.0,1.0,10.0,8.0,2.0,12.0,1.0,1.0,2.2,1.0,0.0,0.0,0.0,0.0,1
1,1.0,1,5.0,1.0,13.0,7.0,1.0,8.0,1.0,1.0,0.7,1.0,3.0,0.0,0.0,0.0,1
1,1.0,1,6.0,1.0,11.0,5.0,2.0,13.0,1.0,1.0,15.604465,1.0,0.0,0.0,0.0,0.0,1
1,2.0,0,4.0,1.0,0.0,12.0,2.0,14.0,1.0,1.0,3.9,1.0,0.0,0.0,0.0,0.0,1
0,1.0,0,4.0,1.0,11.0,6.0,2.0,13.0,1.0,1.0,1.8,1.0,0.0,0.0,0.0,0.0,1
0,1.0,0,5.0,1.0,12.0,7.0,2.0,12.0,1.0,1.0,0.9,1.0,0.0,0.0,0.0,0.0,1
1,2.0,0,5.0,1.0,4.0,4.0,2.0,13.0,1.0,1.0,1.3,1.0,0.0,0.0,0.0,0.0,1
1,1.0,0,4.0,1.0,13.0,1.0,2.0,14.0,1.0,1.0,1.6,1.0,0.0,0.0,0.0,0.0,1
1,1.0,0,5.0,1.0,4.0,11.0,1.0,12.0,5.0,1.0,0.9,1.0,0.0,0.0,0.0,3.0,0
1,1.0,0,4.0,1.0,13.0,2.0,1.0,14.0,1.0,1.0,4.2,1.0,0.0,0.0,0.0,0.0,1
1,2.0,0,4.0,1.0,10.0,12.0,2.0,14.0,1.0,1.0,1.8,1.0,0.0,0.0,0.0,0.0,1
1,1.0,0,4.0,1.0,13.0,5.0,2.0,10.0,1.0,1.0,1.8,1.0,4.0,11.0,379.0,0.0,1
1,1.0,0,4.0,1.0,13.0,12.0,1.0,10.0,1.0,1.0,0.5,1.0,0.0,0.0,0.0,0.0,1
1,1.0,1,5.0,1.0,14.0,3.0,2.0,13.0,1.0,1.0,3.0,1.0,0.0,0.0,0.0,0.0,1
1,1.0,1,5.0,1.0,4.0,6.0,1.0,13.0,1.0,1.0,0.8,1.0,0.0,0.0,0.0,0.0,1
1,2.0,0,4.0,1.0,13.0,5.0,2.0,0.0,1.0,1.0,1.1,1.0,0.0,0.0,0.0,0.0,1
1,1.0,1,5.0,1.0,13.0,6.0,2.0,12.0,1.0,1.0,1.1,1.0,0.0,0.0,0.0,0.0,1
1,1.0,1,5.0,1.0,11.0,12.0,1.0,13.0,1.0,1.0,1.3,1.0,0.0,0.0,0.0,0.0,1
1,1.0,0,4.0,1.0,10.0,3.0,2.0,12.0,1.0,1.0,1.8,1.0,0.0,0.0,0.0,0.0,1
1,1.0,0,4.0,1.0,13.0,8.0,1.0,12.0,1.0,1.0,1.6,1.0,0.0,0.0,0.0,0.0,1
1,1.0,0,4.0,1.0,22.0,4.0,1.0,14.0,1.0,1.0,2.3,1.0,0.0,0.0,0.0,0.0,1
0,2.0,1,5.0,1.0,14.0,4.0,1.0,12.0,1.0,1.0,1.0,1.0,0.0,0.0,0.0,0.0,1
1,1.0,0,4.0,1.0,13.0,10.0,2.0,10.0,1.0,1.0,1.4,1.0,0.0,0.0,0.0,0.0,1
1,1.0,1,5.0,1.0,11.0,10.0,1.0,12.0,1.0,1.0,1.1,1.0,0.0,0.0,0.0,0.0,1
1,1.0,1,5.0,1.0,13.0,11.0,2.0,12.0,1.0,1.0,0.7,1.0,0.0,0.0,0.0,0.0,1
1,1.0,0,4.0,1.0,4.0,9.0,2.0,13.0,1.0,1.0,0.9,1.0,0.0,0.0,0.0,0.0,1
1,1.0,0,4.0,1.0,13.0,4.0,1.0,7.0,1.0,1.0,1.0,1.0,4.0,11.0,379.0,0.0,1
1,1.0,1,5.0,1.0,4.0,3.0,2.0,13.0,1.0,1.0,2.0,1.0,0.0,0.0,0.0,0.0,0
1,1.0,0,5.0,1.0,14.0,12.0,2.0,2.0,1.0,1.0,1.3,1.0,0.0,0.0,0.0,0.0,1
1,1.0,0,4.0,1.0,13.0,3.0,1.0,13.0,1.0,1.0,1.6,1.0,0.0,0.0,0.0,0.0,1
1,1.0,1,7.0,1.0,14.0,7.0,2.0,12.0,1.0,1.0,86.3,1.0,0.0,0.0,0.0,0.0,1
1,1.0,0,5.0,1.0,10.0,12.0,1.0,13.0,1.0,1.0,2.5,1.0,0.0,0.0,0.0,0.0,1
1,1.0,0,4.0,1.0,13.0,6.0,1.0,5.0,1.0,1.0,86.3,1.0,0.0,0.0,224.15419,0.0,1
1,1.0,1,5.0,1.0,16.0,2.8894885,1.0,14.0,1.0,1.0,1.0,1.0,0.0,0.0,0.0,0.0,1
1,1.0,1,4.0,1.0,13.0,2.0,1.0,3.0,5.0,1.0,0.9,1.0,4.0,11.0,379.0,0.0,1
1,1.0,0,5.0,1.0,0.0,9.0,2.0,12.0,1.0,1.0,1.0,1.0,0.0,0.0,0.0,0.0,1
0,1.0,1,5.0,1.0,13.0,4.0,1.0,13.0,1.0,1.0,3.6,1.0,0.0,0.0,0.0,0.0,1
1,1.0,1,6.0,1.0,11.0,5.0,1.0,12.0,1.0,1.0,1.9,1.0,0.0,0.0,0.0,0.0,1
1,1.0,0,4.0,1.0,4.0,1.0,1.0,0.0,1.0,2.0,0.8,1.0,0.0,0.0,0.0,3.0,0
0,1.0,0,4.0,1.0,13.0,8.0,2.0,12.0,1.0,1.0,0.0,1.0,0.0,0.0,0.0,0.0,1
1,1.0,1,5.0,1.0,13.0,4.0,1.0,12.0,1.0,1.0,1.0,1.0,0.0,0.0,0.0,0.0,1
1,1.0,0,4.0,1.0,14.0,6.0,2.0,12.0,1.0,1.0,1.7,1.0,0.0,0.0,0.0,0.0,1
1,1.0,0,4.0,1.0,13.0,12.0,1.0,12.0,1.0,1.0,0.6,1.0,0.0,0.0,0.0,0.0,1
0,1.0,1,6.0,1.0,13.0,12.0,2.0,8.0,1.0,1.0,0.3,1.0,0.0,0.0,0.0,0.0,1
1,1.0,1,5.0,1.0,13.0,5.8818073,1.0,13.0,1.0,1.0,3.1654549,1.0,0.0,0.0,0.0,0.0,1
1,1.0,1,4.0,1.0,13.0,5.0,2.0,12.0,1.0,1.0,0.7,1.0,0.0,0.0,0.0,0.0,1
1,1.0,0,5.0,1.0,13.0,1.0,1.0,13.0,1.0,1.0,0.4,1.0,0.0,0.0,0.0,0.0,0
1,2.0,0,4.0,1.0,10.0,8.0,1.0,13.0,1.0,1.0,4.9,1.0,0.0,0.0,0.0,0.0,1
0,1.0,1,4.0,1.0,14.0,1.0,2.0,13.0,5.0,1.0,0.9,1.0,0.0,0.0,0.0,0.0,1
1,1.0,0,5.0,1.0,0.0,12.0,1.0,13.0,1.0,1.0,1.6,1.0,0.0,0.0,0.0,0.0,0
1,1.0,1,4.0,1.0,14.0,7.0,1.0,12.0,1.0,1.0,0.9,1.0,0.0,0.0,0.0,0.0,1
1,1.0,0,4.0,1.0,0.0,7.0,1.0,12.0,1.0,1.0,2.8,1.0,0.0,0.0,0.0,0.0,1
1,2.0,0,4.0,1.0,16.0,8.0,2.0,12.0,1.0,1.0,86.3,1.0,0.0,0.0,0.0,0.0,1
1,1.0,1,5.0,1.0,16.0,8.0,1.0,13.0,1.0,1.0,86.3,1.0,0.0,0.0,0.0,0.0,1
0,1.0,1,5.0,1.0,13.0,4.0,1.0,10.0,1.0,2.0,0.5,1.0,0.0,0.0,0.0,3.0,0
1,1.0,0,4.0,1.0,10.0,7.0,2.0,3.0,1.0,1.0,2.4,1.0,0.0,0.0,0.0,0.0,1
1,1.0,0,4.0,1.0,0.0,11.0,1.0,12.0,1.0,1.0,2.1,1.0,0.0,0.0,0.0,0.0,1
1,1.0,1,4.0,1.0,16.0,8.0,2.0,13.0,1.0,1.0,9.304539,1.0,0.0,0.0,0.0,0.0,1
1,1.0,0,4.0,1.0,0.0,10.0,1.0,13.0,1.0,1.0,1.8,1.0,0.0,0.0,0.0,0.0,1
1,2.0,0,4.0,1.0,13.0,7.0,1.0,13.0,1.0,1.0,3.3,1.0,0.0,0.0,0.0,0.0,1
1,1.0,1,5.0,1.0,10.0,5.0,1.0,8.0,1.0,1.0,0.0,1.0,0.0,0.0,0.0,0.0,1
1,1.0,0,5.0,1.0,14.0,2.0,1.0,13.0,1.0,1.0,2.7,1.0,0.0,0.0,0.0,0.0,1
1,1.0,0,5.0,1.0,10.0,6.0,1.0,13.0,1.0,1.0,1.1,1.0,0.0,0.0,0.0,0.0,1
1,1.0,0,4.0,1.0,16.0,5.0,2.0,0.0,1.0,1.0,0.0,1.0,0.0,0.0,0.0,0.0,1
1,1.0,0,4.0,1.0,13.0,3.0,2.0,7.0,1.0,1.0,0.0,1.0,0.0,0.0,0.0,0.0,1
1,1.0,0,4.0,1.0,13.0,12.0,1.0,11.0,1.0,1.0,1.3,1.0,0.0,0.0,0.0,0.0,1
1,1.0,0,4.0,1.0,22.0,3.0,2.0,14.0,1.0,1.0,86.3,1.0,0.0,0.0,0.0,0.0,1
1,1.0,0,4.0,1.0,12.0,2.0,2.0,12.0,1.0,1.0,1.3,1.0,0.0,0.0,0.0,0.0,1
0,1.0,0,5.0,1.0,9.0,6.0,2.0,13.0,1.0,1.0,2.0,1.0,0.0,0.0,0.0,0.0,1
1,1.0,0,4.0,1.0,22.0,12.0,2.0,0.0,1.0,1.0,1.2,1.0,0.0,0.0,0.0,0.0,1
1,1.0,1,6.0,1.0,13.0,5.0,1.0,13.0,1.0,1.0,3.4,1.0,0.0,0.0,0.0,0.0,1
0,1.0,0,4.0,1.0,10.0,10.0,2.0,9.0,1.0,1.0,1.9,1.0,0.0,0.0,0.0,0.0,1
1,1.0,1,5.0,1.0,13.0,12.0,2.0,14.0,1.0,1.0,3.4,1.0,0.0,0.0,0.0,0.0,1
1,2.0,0,5.0,1.0,11.0,1.0,1.0,12.0,1.0,1.0,2.1,1.0,0.0,0.0,0.0,0.0,1
0,1.0,1,5.0,1.0,22.0,4.0,1.0,13.0,1.0,1.0,86.3,1.0,0.0,0.0,0.0,0.0,1
0,2.0,0,4.0,1.0,16.0,10.0,2.0,12.0,1.0,1.0,86.3,1.0,0.0,0.0,0.0,0.0,1
1,1.0,0,5.0,1.0,0.0,9.0,1.0,7.0,1.0,1.0,1.9,1.0,0.0,0.0,0.0,0.0,1
1,1.0,0,4.0,1.0,14.0,4.0,2.0,12.0,1.0,1.0,0.0,1.0,0.0,0.0,0.0,0.0,1
1,1.0,1,5.0,1.0,22.0,1.0,2.0,12.0,1.0,1.0,2.7,1.0,0.0,0.0,0.0,0.0,1
1,1.0,0,4.0,1.0,14.0,10.0,2.0,12.0,1.0,1.0,0.0,1.0,0.0,0.0,0.0,0.0,1
0,1.0,1,5.0,1.0,16.0,4.0,1.0,12.0,1.0,1.0,3.1,1.0,0.0,0.0,0.0,0.0,1
1,1.0,1,4.0,1.0,10.0,7.0,1.0,4.0,1.0,1.0,86.3,1.0,0.0,0.0,0.0,0.0,1
0,1.0,0,5.0,1.0,10.0,4.0,1.0,13.0,1.0,1.0,2.4,1.0,0.0,0.0,0.0,0.0,1
1,1.0,1,5.0,1.0,15.0,6.0,2.0,13.0,1.0,1.0,86.3,1.0,0.0,0.0,0.0,0.0,1
1,1.0,0,4.0,1.0,1.0,12.0,1.0,9.0,1.0,1.0,3.0,1.0,0.0,0.0,0.0,0.0,1
0,1.0,0,4.0,1.0,16.0,8.0,1.0,12.0,1.0,1.0,3.8,1.0,0.0,0.0,0.0,0.0,1
1,1.0,1,5.0,1.0,5.0,8.0,2.0,12.0,1.0,1.0,2.7,1.0,0.0,0.0,0.0,0.0,1
1,1.0,0,5.0,1.0,13.0,1.0,2.0,13.0,1.0,1.0,2.2,1.0,0.0,0.0,0.0,0.0,1
1,1.0,1,4.0,1.0,13.0,1.0,1.0,12.0,5.0,1.0,2.2,1.0,0.0,0.0,0.0,0.0,1
1,1.0,1,5.0,1.0,14.0,12.0,1.0,14.0,1.0,1.0,86.3,1.0,0.0,0.0,0.0,0.0,1
1,1.0,0,4.0,1.0,1.0,6.0,1.0,9.0,1.0,1.0,2.1,1.0,3.0,11.0,379.0,0.0,1
1,1.0,0,4.0,1.0,13.0,7.0,1.0,12.0,1.0,1.0,0.69830316,1.0,4.0,0.0,294.0,0.0,1
0,1.0,1,4.0,1.0,13.0,1.0,1.0,12.0,1.0,1.0,0.7,1.0,0.0,0.0,0.0,0.0,1
1,1.0,1,4.0,1.0,13.0,7.0,1.0,0.0,1.0,1.0,86.3,1.0,0.0,0.0,0.0,0.0,1
1,2.0,0,4.0,1.0,13.0,6.0,2.0,13.0,1.0,1.0,1.2,1.0,0.0,0.0,0.0,0.0,1
1,2.0,1,4.0,1.0,13.0,2.0,2.0,10.0,1.0,1.0,1.9,1.0,0.0,0.0,0.0,0.0,1
1,1.0,0,4.0,1.0,13.0,1.0,1.0,13.0,5.0,1.0,2.0,1.0,0.0,0.0,0.0,0.0,1
1,1.0,0,4.0,1.0,22.0,1.0,2.0,14.0,1.0,1.0,86.3,1.0,0.0,0.0,0.0,0.0,1
1,1.0,1,6.0,1.0,16.0,12.0,1.0,13.0,1.0,1.0,3.4900033,1.0,0.0,0.0,0.0,0.0,1
1,1.0,0,1.0,1.0,13.0,12.0,1.0,5.3825874,1.0,1.0,2.0,1.0,0.0,0.0,0.0,0.0,1
1,1.0,0,4.0,1.0,10.0,5.0,1.0,13.0,1.0,1.0,2.1,1.0,0.0,0.0,0.0,0.0,0
1,1.0,1,5.0,1.0,13.0,7.0,1.0,12.0,1.0,1.0,1.1,1.0,0.0,0.0,0.0,0.0,1
1,1.0,1,5.0,1.0,13.0,1.0,1.0,12.0,1.0,1.0,1.1,1.0,0.0,0.0,0.0,0.0,0
1,1.0,0,4.0,1.0,13.0,1.0,1.0,0.0,1.0,1.0,1.4,1.0,0.0,0.0,0.0,0.0,1
0,1.0,0,6.0,1.0,22.0,8.0,1.0,14.0,1.0,1.0,4.2,1.0,0.0,0.0,0.0,0.0,1
1,2.0,0,4.0,1.0,4.0,1.0,1.0,13.0,1.0,1.0,3.2,1.0,0.0,0.0,0.0,0.0,1
1,1.0,1,5.0,1.0,2.0,2.0,1.0,12.0,1.0,1.0,1.7,1.0,0.0,0.0,0.0,0.0,1
1,1.0,1,5.0,1.0,4.0,12.0,2.0,0.0,1.0,1.0,0.0,1.0,0.0,0.0,0.0,0.0,1
1,1.0,0,4.0,1.0,0.0,5.0,1.0,12.0,1.0,2.0,2.8,1.0,0.0,0.0,0.0,3.0,1
0,1.0,1,4.0,1.0,16.0,5.0,1.0,12.0,1.0,1.0,86.3,1.0,0.0,0.0,0.0,0.0,1
1,2.0,1,5.0,1.0,4.0,8.0,1.0,13.0,1.0,1.0,1.6,1.0,0.0,0.0,0.0,0.0,1
1,1.0,0,4.0,1.0,4.0,5.0,2.0,13.0,1.0,1.0,0.4,1.0,0.0,0.0,0.0,0.0,1
1,1.0,0,4.0,1.0,0.0,1.0,1.0,13.0,5.0,1.0,86.3,1.0,0.0,0.0,0.0,0.0,1
1,2.0,0,4.0,1.0,0.0,4.0,1.0,13.0,1.0,1.0,1.5,1.0,0.0,0.0,0.0,0.0,1
0,1.0,0,4.0,1.0,6.0,1.0,2.0,8.0,1.0,1.0,1.0,1.0,0.0,0.0,0.0,0.0,1
1,1.0,0,4.0,1.0,13.0,6.0,2.0,12.0,1.0,1.0,1.8,1.0,0.0,0.0,0.0,0.0,1
1,1.0,1,5.0,1.0,13.0,5.0,2.0,7.0,1.0,1.0,0.0,1.0,0.0,0.0,0.0,0.0,1
0,1.0,0,4.0,1.0,0.0,11.0,1.0,12.0,1.0,1.0,1.6,1.0,0.0,0.0,0.0,3.0,1
1,1.0,1,7.0,1.0,14.0,7.0,2.0,12.0,1.0,1.0,1.0,1.0,0.0,0.0,0.0,0.0,1
1,1.0,0,4.0,1.0,13.0,4.0,1.0,12.0,1.0,1.0,0.6,1.0,0.0,0.0,0.0,0.0,1
1,1.0,0,4.0,1.0,0.0,8.0,1.0,13.0,1.0,1.0,0.6,1.0,0.0,0.0,0.0,3.0,0
1,1.0,1,5.0,1.0,14.0,4.0,1.0,7.0,1.0,1.0,0.0,1.0,0.0,0.0,0.0,0.0,1
1,1.0,0,4.0,1.0,13.0,3.0,1.0,13.0,1.0,1.0,2.8,1.0,0.0,0.0,0.0,0.0,1
1,1.0,0,4.0,1.0,11.0,7.0,1.0,12.0,1.0,1.0,1.3,1.0,0.0,0.0,0.0,0.0,1
1,1.0,0,4.0,1.0,11.0,6.0,1.0,12.0,1.0,1.0,0.5,1.0,0.0,0.0,0.0,0.0,1
1,1.0,0,4.0,1.0,0.0,7.0,1.0,12.0,1.0,1.0,0.18672042,1.0,0.0,0.0,0.0,0.0,0
1,1.0,1,5.0,1.0,13.0,2.965341,1.0,13.0,1.0,1.0,1.1,1.0,0.0,0.0,0.0,0.0,1
1,1.0,0,4.0,1.0,12.0,12.0,2.0,13.0,1.0,1.0,86.3,1.0,0.0,0.0,0.0,0.0,1
1,1.0,1,4.0,1.0,13.0,8.0,1.0,8.0,1.0,1.0,3.6,1.0,0.0,0.0,0.0,0.0,0
1,1.0,0,4.0,1.0,22.0,2.0,1.0,12.0,1.0,1.0,2.1,1.0,4.0,11.0,379.0,0.0,1
1,1.0,0,4.0,1.0,16.0,1.0,2.0,12.0,1.0,1.0,0.5,1.0,0.0,0.0,0.0,0.0,1
1,1.0,1,5.0,1.0,9.0,6.0,2.0,3.0,1.0,1.0,0.6,1.0,0.0,0.0,0.0,0.0,0
1,1.0,0,5.0,1.0,13.0,4.0,2.0,12.0,1.0,1.0,1.0,1.0,0.0,0.0,0.0,0.0,1
1,1.0,1,5.0,1.0,11.0,10.0,1.0,12.0,1.0,1.0,1.5,1.0,0.0,0.0,0.0,0.0,1
1,1.0,0,4.0,1.0,16.0,7.0,1.0,7.0,1.0,1.0,0.0,1.0,0.0,0.0,0.0,0.0,1
1,1.0,1,6.0,1.0,13.0,5.0,1.0,9.0,1.0,1.0,0.3,1.0,0.0,0.0,0.0,0.0,1
1,1.0,0,4.0,1.0,22.0,1.0,2.0,12.0,1.0,1.0,1.4,1.0,0.0,0.0,0.0,0.0,1
1,1.0,0,4.0,1.0,12.0,6.0,2.0,12.0,1.0,1.0,2.1,1.0,0.0,0.0,0.0,0.0,1
1,1.0,0,4.0,1.0,10.0,4.0,1.0,12.0,1.0,1.0,1.4,1.0,3.0,10.0,265.08902,0.0,0
1,1.0,1,4.0,1.0,11.0,11.0,1.0,12.0,1.0,1.0,1.8,1.0,0.0,0.0,0.0,0.0,1
1,1.0,1,6.0,1.0,13.0,5.0,1.0,12.0,1.0,1.0,2.4,1.0,0.0,0.0,0.0,0.0,1
1,1.0,0,4.0,1.0,5.0,1.0,1.0,13.0,1.0,1.0,1.0,1.0,0.0,0.0,0.0,0.0,1
1,1.0,0,4.0,1.0,6.0,2.0,1.0,0.0,1.0,1.0,1.8,1.0,0.0,0.0,0.0,0.0,1
1,1.0,0,4.0,1.0,16.0,5.0,1.0,12.0,1.0,1.0,1.6,1.0,0.0,0.0,0.0,0.0,1
0,2.0,1,5.0,1.0,20.0,6.0,1.0,13.0,1.0,1.0,1.1,1.0,0.0,0.0,0.0,0.0,1
1,1.0,1,5.0,1.0,11.0,1.0,2.0,12.0,1.0,1.0,0.31148627,1.0,0.0,0.0,0.0,0.0,1
1,1.0,1,5.0,1.0,12.0,1.0,2.0,0.0,1.0,1.0,1.6,1.0,0.0,0.0,0.0,0.0,1
1,1.0,0,1.0,1.0,14.0,12.0,2.0,13.0,1.0,1.0,0.4,1.0,3.0,0.0,213.70279,0.0,1
1,1.0,0,4.0,1.0,13.0,12.0,1.0,13.0,1.0,1.0,1.2,1.0,0.0,0.0,0.0,0.0,1
1,1.0,1,5.0,1.0,13.0,8.0,1.0,12.0,1.0,1.0,0.3,1.0,0.0,0.0,0.0,0.0,1
1,2.0,0,5.0,1.0,13.0,1.0,1.0,14.0,1.0,1.0,86.3,1.0,0.0,0.0,0.0,0.0,1
1,1.0,0,4.0,1.0,16.0,4.792105,2.0,0.0,1.0,1.0,86.3,1.0,0.0,0.0,0.0,0.0,1
1,1.0,0,4.0,1.0,14.0,5.0,1.0,0.32084402,1.0,1.0,1.0,1.0,4.0,11.0,379.0,0.0,1
1,1.0,1,5.0,1.0,14.0,8.0,1.0,12.0,1.0,1.0,1.6,1.0,0.0,0.0,0.0,0.0,1
1,1.0,1,5.0,1.0,22.0,1.0,1.0,14.0,1.0,1.0,86.3,1.0,0.0,0.0,0.0,0.0,1
0,1.0,0,5.0,1.0,0.0,6.0,1.0,12.0,1.0,1.0,7.4,1.0,0.0,0.0,0.0,1.0,0
0,1.0,1,5.0,1.0,13.0,12.0,1.0,13.0,1.0,1.0,3.4,1.0,0.0,0.0,0.0,0.0,1
1,1.0,0,5.0,1.0,11.0,1.0,1.0,13.0,1.0,1.0,2.2,1.0,0.0,0.0,0.0,0.0,1
1,1.0,0,4.0,1.0,5.0,6.0,1.0,8.0,1.0,1.0,1.6,1.0,0.0,0.0,0.0,0.0,1
1,1.0,1,4.0,1.0,14.0,6.0,1.0,13.0,1.0,1.0,1.0,1.0,0.0,0.0,0.0,0.0,1
1,2.0,1,4.0,1.0,11.0,4.0,2.0,12.0,1.0,1.0,2.7,1.0,0.0,0.0,0.0,0.0,1
1,1.0,1,5.0,1.0,11.0,1.0,2.0,12.0,1.0,1.0,1.6,1.0,0.0,0.0,0.0,0.0,1
1,1.0,0,4.0,1.0,1.0,2.0,1.0,11.0,1.0,1.0,1.5,1.0,0.0,0.0,0.0,0.0,0
1,2.0,1,5.0,1.0,13.0,5.0,2.0,12.0,1.0,1.0,0.0,1.0,0.0,0.0,0.0,0.0,1
1,1.0,1,4.0,1.0,13.0,4.0,1.0,8.0,1.0,1.0,1.1,1.0,4.0,11.0,379.0,0.0,1
1,1.0,0,4.0,1.0,10.0,4.0,2.0,13.0,1.0,1.0,3.5,1.0,0.0,0.0,0.0,0.0,0
1,1.0,1,4.0,1.0,2.0,6.0,1.0,7.0,5.0,1.0,2.4,1.0,4.0,11.0,379.0,3.0,0
1,1.0,0,4.0,1.0,13.0,9.0,1.0,12.0,1.0,1.0,0.4,1.0,0.0,0.0,0.0,0.0,1
1,1.0,1,5.0,1.0,0.0,9.0,1.0,6.0,1.0,1.0,0.0,1.0,0.0,0.0,0.0,0.0,0
1,2.0,0,4.0,1.0,4.0,6.0,1.0,12.0,1.0,1.0,86.3,1.0,0.0,0.0,0.0,1.0,0
1,1.0,0,4.0,1.0,0.0,1.0,1.0,12.0,1.0,1.0,1.1,1.0,0.0,0.0,0.0,0.0,0
1,1.0,1,5.0,1.0,13.0,12.0,2.0,12.0,5.0,1.0,0.8,1.0,0.0,0.0,0.0,0.0,1
1,1.0,1,4.0,1.0,13.0,5.0,2.0,3.0,1.0,1.0,1.3,1.0,0.0,0.0,0.0,0.0,1
1,1.0,1,5.0,1.0,14.0,6.0,1.0,12.0,1.0,1.0,1.7,1.0,0.0,0.0,0.0,0.0,1
1,1.0,1,6.0,1.0,13.0,1.0,2.0,13.0,1.0,1.0,1.2,1.0,0.0,0.0,0.0,0.0,1
1,1.0,0,5.0,1.0,0.0,11.0,1.0,14.0,1.0,1.0,86.3,1.0,0.0,0.0,0.0,0.0,1
1,1.0,0,4.0,1.0,2.0,8.0,2.0,12.0,1.0,1.0,1.1,1.0,0.0,0.0,0.0,0.0,1
1,2.0,0,4.0,1.0,14.0,12.0,2.0,13.0,1.0,1.0,86.3,1.0,0.0,0.0,0.0,0.0,1
1,1.0,0,4.0,1.0,4.0,4.0,1.0,13.0,1.0,1.0,0.7,1.0,0.0,0.0,0.0,0.0,1
1,1.0,0,4.0,1.0,0.0,5.0,1.0,7.0,1.0,1.0,7.722147,1.0,0.0,0.0,0.0,0.0,1
1,1.0,0,4.0,1.0,13.0,5.0,2.0,13.0,1.0,1.0,1.0,1.0,0.0,0.0,0.0,0.0,1
1,1.0,0,5.0,1.0,11.0,3.0,2.0,12.0,1.0,1.0,3.0,1.0,0.0,0.0,0.0,0.0,1
1,1.0,0,4.0,1.0,0.0,1.0,1.0,13.0,1.0,1.0,0.0,1.0,0.0,0.0,0.0,0.0,0
1,1.0,1,5.0,1.0,0.0,12.0,1.0,12.0,1.0,1.0,1.1,1.0,0.0,0.0,0.0,0.0,1
1,1.0,0,4.0,1.0,0.0,7.0,1.0,13.0,1.0,1.0,1.7,1.0,0.0,0.0,0.0,0.0,1
1,1.0,0,4.0,1.0,0.0,4.0,1.0,13.0,1.0,1.0,0.0,1.0,0.0,0.0,0.0,3.0,1
1,1.0,1,4.0,1.0,13.0,1.0,1.0,12.0,2.0,1.0,2.5,1.0,4.0,11.0,379.0,0.0,1
0,1.0,1,4.0,1.0,11.0,5.0,1.0,13.0,1.0,1.0,1.9,1.0,0.0,0.0,0.0,0.0,0
1,1.0,0,4.0,1.0,10.0,5.0,1.0,12.0,1.0,1.0,0.3,1.0,0.0,0.0,0.0,0.0,1
1,1.0,1,5.0,1.0,10.0,2.0,1.0,12.0,1.0,1.0,1.3,1.0,0.0,0.0,0.0,0.0,0
1,1.0,0,4.0,1.0,22.0,3.0,2.0,13.0,1.0,1.0,1.7,1.0,0.0,0.0,0.0,0.0,1
1,1.0,0,1.0,1.0,10.0,5.0,2.0,12.0,1.0,1.0,86.3,1.0,4.0,11.0,379.0,0.0,1
1,1.0,1,4.0,1.0,10.0,7.0,1.0,12.0,1.0,1.0,1.9,1.0,0.0,0.0,0.0,0.0,1
1,1.0,0,5.0,1.0,10.0,12.0,1.0,12.0,1.0,1.0,86.3,1.0,0.0,0.0,0.0,0.0,1
1,1.0,1,5.0,1.0,12.0,7.0,1.0,14.0,1.0,1.0,1.6,1.0,0.0,0.0,0.0,0.0,1
0,2.0,1,5.0,1.0,13.0,12.0,2.0,14.0,1.0,1.0,5.1,1.0,0.0,0.0,0.0,0.0,1
1,1.0,0,5.0,1.0,0.0,5.0,2.0,13.0,1.0,1.0,1.2,1.0,0.0,0.0,0.0,0.0,1
1,1.0,0,5.0,1.0,11.0,3.0,2.0,12.0,1.0,1.0,1.1,1.0,0.0,0.0,0.0,0.0,1
1,1.0,1,5.0,1.0,13.0,3.0,1.0,2.0,1.0,1.0,1.2,1.0,0.0,0.0,0.0,0.0,1
1,1.0,1,5.0,1.0,0.0,11.0,2.0,10.0,1.0,1.0,1.0,1.0,0.0,0.0,0.0,0.0,1
1,1.0,0,5.0,1.0,16.0,7.0,1.0,12.0,1.0,1.0,2.5,1.0,0.0,0.0,0.0,0.0,1
1,1.0,1,5.0,1.0,9.0,1.0,1.0,6.0,1.0,1.0,1.2,1.0,0.0,0.0,0.0,0.0,1
0,2.0,1,5.0,1.0,16.0,10.0,2.0,14.0,1.0,1.0,5.343275,1.0,0.0,0.0,0.0,0.0,1
1,1.0,0,4.0,1.0,14.0,6.0,1.0,8.0,1.0,1.0,2.5,1.0,0.0,0.0,0.0,0.0,1
1,1.0,0,4.0,1.0,13.0,3.0,2.0,14.0,1.0,1.0,3.2,1.0,0.0,0.0,0.0,0.0,1
1,1.0,0,4.0,1.0,22.0,10.0,2.0,12.0,1.0,1.0,0.0,1.0,4.0,11.0,379.0,0.0,1
1,1.0,0,4.0,1.0,3.0,7.0,2.0,12.0,1.0,1.0,1.0,1.0,0.0,0.0,0.0,0.0,1
1,1.0,1,5.0,1.0,4.0,5.0,2.0,7.0,1.0,1.0,1.9,1.0,0.0,0.0,0.0,0.0,1
1,1.0,0,4.0,1.0,14.0,1.0,2.0,7.0,1.0,1.0,1.1,1.0,0.0,0.0,0.0,0.0,1
0,1.0,1,5.0,1.0,16.0,9.0,1.0,9.0,1.0,1.0,3.4,1.0,0.0,0.0,0.0,0.0,1
1,1.0,1,7.0,1.0,13.0,5.0,2.0,12.0,1.0,1.0,1.0,1.0,0.0,0.0,0.0,0.0,1
1,1.0,1,5.0,1.0,13.0,4.0,1.0,12.0,1.0,1.0,0.6,1.0,0.0,0.0,0.0,0.0,1
1,1.0,0,5.0,1.0,10.0,10.0,1.0,13.0,1.0,1.0,1.4,1.0,0.0,0.0,0.0,0.0,1
1,1.0,1,5.0,1.0,6.0,1.0,2.0,13.0,1.0,1.0,1.3,1.0,0.0,0.0,0.0,0.0,1
1,1.0,0,4.0,1.0,13.0,9.0,2.0,13.0,1.0,1.0,86.3,1.0,0.0,0.0,0.0,0.0,1
1,1.0,1,5.0,1.0,13.0,12.0,1.0,12.0,1.0,1.0,2.1,1.0,0.0,0.0,0.0,0.0,1
1,1.0,0,4.0,1.0,13.0,8.0,1.0,12.0,1.0,1.0,1.8,1.0,0.0,0.0,0.0,0.0,1
0,1.0,0,5.0,1.0,0.0,11.0,1.0,13.0,1.0,1.0,3.1,1.0,0.0,0.0,0.0,3.0,0
1,2.0,1,5.0,1.0,13.0,3.0,1.0,13.0,1.0,1.0,0.7,1.0,0.0,0.0,0.0,0.0,1
1,1.0,0,4.0,1.0,0.0,5.0,1.0,13.0,1.0,1.0,0.8,1.0,0.0,0.0,0.0,1.0,1
1,1.0,0,4.0,1.0,1.0,1.0,1.0,0.0,1.0,1.0,86.3,1.0,0.0,0.0,0.0,0.0,1
1,2.0,1,5.0,1.0,11.0,8.0,2.0,13.0,1.0,1.0,2.8,1.0,0.0,0.0,0.0,0.0,1
1,1.0,0,4.0,1.0,11.0,5.0,2.0,12.0,1.0,1.0,2.0,1.0,0.0,0.0,0.0,0.0,1
1,1.0,0,1.0,1.0,16.0,2.0,1.0,13.0,1.0,1.0,3.1,1.0,4.0,6.0,379.0,0.0,1
1,1.0,1,5.0,1.0,13.0,4.0,1.0,13.0,1.0,1.0,2.4,1.0,0.0,0.0,0.0,0.0,1
1,1.0,0,4.0,1.0,14.0,4.0,1.0,12.0,5.0,1.0,1.6,1.0,4.0,11.0,379.0,0.0,1
1,1.0,1,5.0,1.0,13.0,2.0,2.0,12.0,1.0,1.0,0.0,1.0,0.0,0.0,0.0,0.0,1
1,1.0,0,4.0,1.0,11.0,11.0,1.0,2.0,1.0,1.0,2.1,1.0,0.0,0.0,0.0,0.0,1
1,1.0,0,4.0,1.0,4.0,5.0,1.0,12.0,1.0,1.0,0.0,1.0,0.0,0.0,0.0,0.0,1
1,1.0,0,5.0,1.0,11.0,9.0,1.0,12.0,1.0,2.0,3.0,1.0,0.0,0.0,0.0,0.0,0
1,1.0,0,5.0,1.0,10.0,9.0,1.0,12.0,1.0,1.0,1.1,1.0,0.0,0.0,0.0,0.0,1
1,2.0,0,5.0,1.0,0.0,7.0,1.0,13.0,1.0,1.0,1.4,1.0,0.0,0.0,0.0,0.0,1
1,1.0,1,5.0,1.0,13.0,5.0,2.0,12.0,1.0,1.0,1.9,1.0,0.0,0.0,0.0,0.0,1
0,1.0,1,4.0,1.0,13.0,4.0,2.0,13.0,1.0,1.0,0.4,1.0,0.0,0.0,0.0,0.0,1
1,1.0,0,4.0,1.0,13.0,9.0,2.0,12.0,1.0,1.0,0.0,1.0,0.0,0.0,0.0,0.0,1
1,1.0,0,4.0,1.0,10.0,4.0,1.0,13.0,1.0,1.0,1.0,1.0,0.0,0.0,0.0,0.0,1
0,1.0,1,4.0,1.0,16.0,11.0,2.0,10.0,5.0,1.0,1.4,1.0,0.0,0.0,379.0,0.0,1
1,1.0,0,4.0,1.0,4.0,6.0,2.0,12.0,1.0,1.0,0.0,1.0,0.0,0.0,0.0,0.0,1
1,1.0,0,4.0,1.0,13.0,12.0,2.0,0.0,1.0,1.0,0.3,1.0,0.0,0.0,0.0,0.0,1
1,1.0,0,4.0,1.0,22.0,1.0,1.0,12.0,1.0,1.0,2.3,1.0,0.0,0.0,0.0,0.0,1
1,1.0,1,5.0,1.0,17.0,7.0,1.0,12.0,1.0,1.0,1.4,1.0,0.0,0.0,0.0,0.0,1
1,1.0,0,5.0,1.0,1.0,6.0,1.0,0.0,2.0,1.0,3.6,1.0,0.0,0.0,0.0,0.0,1
1,1.0,0,4.0,1.0,13.0,9.0,1.0,12.0,1.0,1.0,2.6,1.0,4.0,11.0,379.0,0.0,1
1,1.0,0,4.0,1.0,13.0,7.0,1.0,12.0,1.0,1.0,1.1,1.0,0.0,0.0,0.0,0.0,1
1,1.0,1,5.0,1.0,11.0,5.0,2.0,12.0,1.0,1.0,1.6,1.0,0.0,0.0,0.0,0.0,1
1,1.0,0,4.0,1.0,13.0,12.0,1.0,13.0,1.0,1.0,1.9,1.0,0.0,0.0,0.0,0.0,1
1,1.0,1,6.0,1.0,13.0,12.0,1.0,11.0,1.0,1.0,1.7,1.0,0.0,0.0,0.0,0.0,1
1,1.0,0,4.0,1.0,13.0,1.0,1.0,12.0,5.0,1.0,86.3,1.0,0.0,0.0,0.0,0.0,1
1,1.0,0,1.0,1.0,14.0,9.0,2.0,14.0,1.0,1.0,1.3,1.0,0.0,0.0,0.0,0.0,1
1,1.0,0,5.0,1.0,1.0,5.0,1.0,12.0,1.0,1.0,0.7,1.0,0.0,0.0,0.0,0.0,1
1,1.0,1,5.0,1.0,13.0,10.0,2.0,0.0,1.0,1.0,0.0,1.0,0.0,0.0,0.0,0.0,1
1,1.0,0,4.0,1.0,22.0,1.0,1.0,12.0,1.0,1.0,0.9,1.0,4.0,7.0,379.0,0.0,1
1,1.0,1,4.0,1.0,1.0,1.0,1.0,12.0,1.0,1.0,0.7,1.0,0.0,0.0,0.0,3.0,0
1,1.0,0,4.0,1.0,4.0,7.0,1.0,12.0,1.0,1.0,0.4,1.0,2.0,2.0,0.0,0.0,1
1,1.0,0,4.0,1.0,13.0,2.0,2.0,13.0,1.0,1.0,1.7,1.0,0.0,0.0,0.0,0.0,1
0,1.0,0,4.0,1.0,14.0,12.0,2.0,2.0,1.0,1.0,0.0,1.0,0.0,0.0,0.0,0.0,1
0,1.0,1,4.0,1.0,16.0,1.0,1.0,10.0,5.0,1.0,1.1,1.0,0.0,0.0,0.0,0.0,0
1,1.0,1,4.0,1.0,13.0,1.0,2.0,13.0,1.0,1.0,1.6,1.0,0.0,0.0,0.0,0.0,1
0,1.0,0,4.0,1.0,1.0,5.0,1.0,0.0,1.0,1.0,86.3,1.0,0.0,0.0,0.0,0.0,1
1,1.0,0,4.0,1.0,13.0,1.0,1.0,12.0,1.0,1.0,2.0,1.0,0.0,0.0,0.0,0.0,1
1,1.0,0,5.0,1.0,13.0,6.0,1.0,13.0,1.0,1.0,0.9,1.0,0.0,0.0,0.0,0.0,1
1,1.0,0,4.0,1.0,14.0,4.0,1.0,9.0,1.0,1.0,1.2,1.0,3.0,0.0,379.0,0.0,1
1,1.0,1,5.0,1.0,13.0,7.0,2.0,12.0,1.0,1.0,0.0,1.0,0.0,0.0,0.0,0.0,1
1,1.0,0,4.0,1.0,11.0,7.0,2.0,7.0,1.0,1.0,1.7,1.0,0.0,0.0,0.0,0.0,1
1,1.0,0,4.0,1.0,10.0,2.0,1.0,0.0,1.0,1.0,2.7,1.0,0.0,0.0,0.0,0.0,1
1,1.0,0,4.0,1.0,0.0,5.0,1.0,13.0,1.0,1.0,1.0,1.0,0.0,0.0,0.0,0.0,0
1,1.0,1,4.0,1.0,13.0,1.0,1.0,12.0,1.0,1.0,0.0,1.0,0.0,0.0,0.0,0.0,1
1,1.0,1,5.0,1.0,16.0,11.0,1.0,9.0,1.0,1.0,0.0,1.0,0.0,0.0,0.0,0.0,1
1,1.0,0,4.0,1.0,10.0,8.0,1.0,12.0,1.0,1.0,1.6,1.0,0.0,0.0,0.0,0.0,1
1,1.0,0,4.0,1.0,0.0,4.0,1.0,12.0,1.0,1.0,3.1,1.0,0.0,0.0,0.0,0.0,1
1,1.0,1,4.0,1.0,4.0,12.0,1.0,6.0,1.0,1.0,0.8,1.0,0.0,0.0,0.0,0.0,1
1,1.0,0,4.0,1.0,13.0,2.0,1.0,11.0,1.0,1.0,1.8,1.0,4.0,11.0,379.0,0.0,1
1,1.0,1,4.0,1.0,22.0,4.0,1.0,13.0,1.0,1.0,1.5,1.0,0.0,0.0,0.0,0.0,1
1,1.0,1,4.0,1.0,22.0,7.0,2.0,12.0,1.0,1.0,1.6,1.0,0.0,0.0,0.0,0.0,1
1,1.0,0,4.0,1.0,13.0,4.0,1.0,9.0,1.0,1.0,2.0,1.0,0.0,0.0,0.0,0.0,1
1,1.0,0,4.0,1.0,13.0,3.0,1.0,12.0,1.0,1.0,0.0,1.0,0.0,7.0,271.0,0.0,1
1,2.0,0,4.0,1.0,13.0,8.0,1.0,13.0,1.0,1.0,1.1,1.0,0.0,0.0,0.0,0.0,1
1,1.0,1,5.0,1.0,13.0,3.0,2.0,12.0,1.0,1.0,3.2,1.0,0.0,0.0,0.0,0.0,1
1,1.0,0,4.0,1.0,13.0,7.0,1.0,12.0,1.0,1.0,1.5,1.0,0.0,0.0,0.0,0.0,1
1,1.0,0,4.0,1.0,22.0,12.0,1.0,13.0,1.0,1.0,86.3,1.0,0.0,0.0,0.0,0.0,1
1,1.0,0,4.0,1.0,10.0,3.0,1.0,12.0,1.0,1.0,0.9,1.0,0.0,0.0,0.0,0.0,1
1,1.0,1,5.0,1.0,13.0,9.0,2.0,14.0,1.0,1.0,3.5,1.0,0.0,0.0,0.0,0.0,1
0,1.0,0,5.0,1.0,4.0,7.0,2.0,13.0,1.0,1.0,1.5,1.0,0.0,0.0,0.0,0.0,1
1,1.0,0,2.0,1.0,14.0,2.0,1.0,13.0,5.0,1.0,4.0,1.0,4.0,11.0,379.0,0.0,1
0,1.0,1,5.0,1.0,10.0,8.0,1.0,0.0,1.0,1.0,1.3,1.0,0.0,0.0,0.0,0.0,0
1,1.0,0,4.0,1.0,13.0,1.0,1.0,13.0,1.0,1.0,1.3,1.0,0.0,0.0,0.0,0.0,1
1,1.0,0,5.0,1.0,4.0,1.0,1.0,5.0,1.0,1.0,1.9,1.0,0.0,6.0,0.0,0.0,1
1,1.0,0,4.0,1.0,13.0,5.0,2.0,8.0,1.0,1.0,1.3,1.0,0.0,0.0,0.0,0.0,1
1,1.0,1,4.0,1.0,4.0,8.0,1.0,1.0,5.0,1.0,3.0623896,1.0,3.0,6.0,379.0,0.0,1
1,1.0,0,1.0,1.0,22.0,5.0,2.0,10.0,1.0,1.0,2.4,1.0,4.0,11.0,379.0,0.0,1
1,1.0,1,5.0,1.0,5.0,12.0,1.0,12.0,1.0,1.0,0.0,1.0,0.0,0.0,0.0,0.0,1
0,1.0,1,4.0,1.0,13.0,8.0,1.0,4.0,5.0,1.0,1.5,1.0,0.0,0.0,0.0,0.0,1
1,1.0,0,4.0,1.0,13.0,3.0,1.0,12.0,1.0,1.0,0.9,1.0,0.0,0.0,0.0,0.0,1
1,1.0,1,5.0,1.0,11.0,1.0,1.0,12.0,1.0,1.0,0.8,1.0,0.0,0.0,0.0,0.0,1
0,1.0,1,5.0,1.0,22.0,7.0,2.0,12.0,1.0,1.0,3.0134668,1.0,0.0,0.0,0.0,0.0,1
1,1.0,0,5.0,1.0,10.0,7.0,2.0,12.0,1.0,1.0,2.4,1.0,0.0,0.0,0.0,0.0,1
1,1.0,0,5.0,1.0,0.0,12.0,2.0,12.0,1.0,1.0,0.0,1.0,0.0,0.0,0.0,0.0,1
0,1.0,1,7.0,1.0,5.0,7.0,1.0,13.0,1.0,1.0,86.3,1.0,0.0,0.0,0.0,0.0,1
1,1.0,1,4.0,1.0,22.0,7.0,1.0,14.0,1.0,1.0,0.7,1.0,0.0,0.0,0.0,0.0,1
1,1.0,0,4.0,1.0,5.0,8.0,2.0,12.0,1.0,1.0,0.8,1.0,0.0,0.0,0.0,0.0,0
0,1.0,1,7.0,1.0,14.0,8.0,1.0,13.0,1.0,1.0,2.0,1.0,0.0,0.0,0.0,0.0,1
1,1.0,1,4.0,1.0,11.0,6.0,1.0,12.0,1.0,1.0,0.9,1.0,0.0,0.0,0.0,0.0,1
1,1.0,0,5.0,1.0,9.0,9.0,1.0,2.0,1.0,1.0,1.1,1.0,0.0,0.0,0.0,0.0,0
1,1.0,1,5.0,1.0,14.0,12.0,2.0,12.0,1.0,1.0,8.9,1.0,0.0,0.0,0.0,0.0,1
1,1.0,0,4.0,1.0,9.0,7.0,1.0,8.0,1.0,1.0,0.6,1.0,0.0,0.0,0.0,0.0,1
1,1.0,0,4.0,1.0,6.0,3.0,2.0,0.0,1.0,1.0,1.5,1.0,0.0,0.0,0.0,0.0,1
1,1.0,1,6.0,1.0,20.0,10.0,1.0,10.0,1.0,1.0,1.1,1.0,0.0,0.0,0.0,0.0,1
1,1.0,0,5.0,1.0,0.0,6.0,1.0,7.0,1.0,1.0,1.8,1.0,0.0,0.0,0.0,0.0,1
1,1.0,0,4.0,1.0,13.0,8.0,1.0,8.0,1.0,1.0,1.3,1.0,4.0,11.0,379.0,0.0,1
1,1.0,0,4.0,1.0,15.0,2.0,2.0,13.0,1.0,1.0,1.9,1.0,0.0,0.0,0.0,0.0,1
1,1.0,1,5.0,1.0,4.0,3.0,1.0,13.0,1.0,1.0,5.5,1.0,0.0,0.0,0.0,0.0,1
1,1.0,1,6.0,1.0,13.0,1.0,2.0,7.0,1.0,1.0,1.9,1.0,0.0,0.0,0.0,0.0,1
1,1.0,0,4.0,1.0,11.0,12.0,2.0,13.0,1.0,1.0,0.5,1.0,0.0,0.0,0.0,0.0,1
1,1.0,1,4.0,1.0,13.0,4.0,1.0,13.0,1.0,1.0,86.3,1.0,0.0,0.0,0.0,0.0,1
1,1.0,0,4.0,1.0,13.0,6.0,2.0,12.0,1.0,1.0,3.1803248,1.0,0.0,0.0,0.0,0.0,1
0,1.0,0,5.0,1.0,0.0,1.0,1.0,9.0,1.0,1.0,1.5,1.0,0.0,0.0,0.0,1.0,0
1,1.0,0,4.0,1.0,7.0,8.0,2.0,12.0,1.0,1.0,0.8,1.0,0.0,0.0,0.0,0.0,1
1,1.0,0,4.0,1.0,2.0,7.0,2.0,12.0,1.0,1.0,0.0,1.0,0.0,0.0,0.0,0.0,1
1,1.0,1,4.0,1.0,13.0,7.0,1.0,13.0,1.0,1.0,3.7,1.0,0.0,0.0,0.0,0.0,1
1,1.0,0,4.0,1.0,12.0,5.0,1.0,12.0,1.0,1.0,3.7,1.0,0.0,0.0,0.0,0.0,1
1,1.0,1,7.0,1.0,14.0,12.0,1.0,0.0,1.0,1.0,2.6,1.0,0.0,0.0,0.0,0.0,1
1,1.0,0,4.0,1.0,14.0,11.0,1.0,13.0,1.0,1.0,3.9,1.0,0.0,0.0,0.0,0.0,1
1,1.0,1,6.0,1.0,13.0,2.0,2.0,14.0,1.0,1.0,1.4,1.0,0.0,0.0,0.0,0.0,1
1,1.0,1,5.0,1.0,2.8938134,4.0,2.0,12.0,1.0,1.0,0.9,1.0,0.0,0.0,0.0,0.0,1
1,1.0,0,4.0,1.0,0.0,12.0,1.0,13.0,1.0,4.0,1.5,1.0,0.0,0.0,0.0,3.0,0
0,1.0,1,5.0,1.0,11.0,8.0,1.0,12.0,5.0,1.0,2.1,1.0,0.0,0.0,0.0,0.0,1
1,1.0,0,4.0,1.0,4.0,1.0,2.0,13.0,1.0,1.0,1.0,1.0,0.0,0.0,0.0,0.0,1
1,1.0,1,6.0,1.0,13.0,11.0,1.0,12.0,1.0,1.0,0.8,1.0,0.0,0.0,0.0,0.0,1
1,1.0,0,4.0,1.0,11.0,2.0,1.0,0.0,1.0,1.0,0.9,1.0,0.0,0.0,0.0,0.0,0
1,1.0,0,4.0,1.0,11.0,7.0,2.0,13.0,1.0,1.0,0.0,1.0,0.0,0.0,0.0,0.0,1
1,1.0,0,4.0,1.0,13.0,1.0,2.0,13.0,1.0,1.0,2.0,1.0,0.0,0.0,0.0,0.0,1
1,2.0,1,5.0,1.0,13.0,8.0,2.0,14.0,1.0,1.0,0.9,1.0,0.0,0.0,0.0,0.0,1
1,1.0,0,4.0,1.0,0.0,1.0,1.0,13.0,1.0,1.0,1.3,1.0,0.0,0.0,0.0,3.0,0
1,1.0,0,4.0,1.0,10.0,8.0,1.0,12.0,1.0,1.0,86.3,1.0,0.0,0.0,0.0,0.0,1
1,1.0,0,5.0,1.0,0.0,10.0,1.0,13.0,1.0,1.0,2.0,1.0,0.0,0.0,0.0,0.0,1
1,1.0,1,5.0,1.0,14.0,10.0,2.0,12.0,1.0,1.0,7.4,1.0,0.0,0.0,0.0,0.0,1
1,1.0,0,5.0,1.0,0.0,7.0,1.0,13.0,5.0,1.0,1.1,1.0,0.0,0.0,0.0,0.0,1
1,1.0,1,5.0,1.0,13.0,4.0,1.0,12.0,1.0,1.0,3.8,1.0,0.0,0.0,0.0,0.0,1
1,1.0,1,5.0,1.0,13.0,1.0,1.0,12.0,1.0,1.0,1.7,1.0,0.0,0.0,0.0,0.0,1
1,1.0,0,1.0,1.0,14.0,3.0,2.0,7.0,1.0,1.0,2.4,1.0,0.0,0.0,0.0,0.0,1
0,1.0,1,5.0,1.0,11.116892,4.0,1.0,13.0,1.0,1.0,1.7,1.0,0.0,0.0,0.0,0.0,1
1,1.0,0,4.0,1.0,13.0,3.0,2.0,13.0,1.0,1.0,1.1,1.0,0.0,0.0,0.0,0.0,1
1,1.0,1,5.0,1.0,13.0,9.0,1.0,7.0,1.0,1.0,0.4,1.0,0.0,0.0,0.0,0.0,1
1,1.0,0,4.0,1.0,14.0,5.0,2.0,14.0,1.0,1.0,86.3,1.0,0.0,0.0,0.0,0.0,1
1,2.0,1,6.0,1.0,13.0,10.0,1.0,14.0,1.0,2.0,2.6,1.0,3.0,11.0,175.47925,0.0,1
1,1.0,0,4.0,1.0,1.0,7.0,1.0,12.0,1.0,1.0,3.3,1.0,0.0,0.0,0.0,0.0,1
1,1.0,0,5.0,1.0,4.0,8.0,1.0,8.0,1.0,1.0,1.0,1.0,0.0,0.0,0.0,0.0,1
1,1.0,0,4.0,1.0,11.0,7.0,1.0,13.0,1.0,1.0,0.0,1.0,0.0,5.0,0.0,0.0,1
1,1.0,0,4.0,1.0,5.0,12.0,2.0,12.0,1.0,1.0,0.8,1.0,0.0,0.0,0.0,0.0,1
1,1.0,0,4.0,1.0,13.0,1.0,1.0,7.0,1.0,1.0,1.0,1.0,0.0,0.0,0.0,0.0,1
1,2.0,0,4.0,1.0,20.0,5.0,2.0,12.0,1.0,1.0,3.2,1.0,0.0,0.0,0.0,0.0,1
0,1.0,0,5.0,1.0,0.0,5.0,1.0,12.0,1.0,1.0,2.5,1.0,0.0,0.0,0.0,3.0,0
1,1.0,0,4.0,1.0,4.0,9.0,2.0,13.0,1.0,1.0,0.0,1.0,0.0,0.0,0.0,0.0,1
1,2.0,0,4.0,1.0,10.0,1.0,1.0,12.0,1.0,1.0,1.5,1.0,0.0,0.0,0.0,0.0,1
0,1.0,1,5.0,1.0,14.0,9.0,1.0,11.0,1.0,1.0,86.3,1.0,0.0,0.0,0.0,0.0,1
1,1.0,0,4.0,1.0,4.0,8.0,2.0,12.0,1.0,1.0,0.8,1.0,0.0,0.0,0.0,0.0,1
1,1.0,1,5.0,1.0,13.0,1.0,1.0,12.0,1.0,1.0,2.8,1.0,0.0,0.0,0.0,0.0,1
1,1.0,1,5.0,1.0,13.0,4.0,1.0,13.0,1.0,1.0,0.4,1.0,0.0,0.0,0.0,0.0,1
0,1.0,0,5.0,1.0,11.0,11.0,2.0,13.0,1.0,1.0,2.0,1.0,0.0,0.0,0.0,0.0,1
1,1.0,0,4.0,1.0,4.0,1.0,2.0,12.0,1.0,1.0,1.3,1.0,0.0,0.0,0.0,0.0,1
1,2.0,0,4.0,1.0,2.0,7.0,1.0,12.0,1.0,1.0,2.5,1.0,0.0,0.0,0.0,0.0,0
1,2.0,1,5.0,1.0,10.0,7.0,2.0,13.0,1.0,1.0,3.1,1.0,0.0,0.0,0.0,0.0,1
1,1.0,0,5.0,1.0,1.0,12.0,2.0,14.0,1.0,1.0,86.3,1.0,0.0,0.0,0.0,0.0,1
1,1.0,0,5.0,1.0,0.0,12.0,1.0,13.0,1.0,1.0,1.9,1.0,0.0,0.0,0.0,0.0,1
1,1.0,0,4.0,1.0,13.0,9.0,1.0,12.0,1.0,1.0,0.5,1.0,0.0,0.0,0.0,0.0,1
0,2.0,1,6.0,1.0,13.0,12.0,2.0,12.0,1.0,1.0,1.2,1.0,0.0,0.0,0.0,0.0,1
1,1.0,1,5.0,1.0,16.0,10.0,1.0,14.0,1.0,1.0,86.3,1.0,0.0,0.0,0.0,0.0,1
1,1.0,0,4.0,1.0,13.0,5.0,1.0,13.0,1.0,1.0,0.4,1.0,0.0,0.0,0.0,0.0,1
1,1.0,1,5.0,1.0,13.0,8.0,2.0,13.0,1.0,1.0,2.6,1.0,0.0,0.0,0.0,0.0,1
1,1.0,1,5.0,1.0,13.0,6.0,2.0,12.0,1.0,1.0,0.0,1.0,0.0,0.0,0.0,0.0,1
1,1.0,1,5.0,1.0,13.0,1.0,2.0,13.0,1.0,1.0,3.2,1.0,0.0,0.0,0.0,0.0,1
1,1.0,1,5.0,1.0,4.0,5.0,1.0,13.0,1.0,1.0,0.4,1.0,0.0,0.0,0.0,0.0,1
1,1.0,0,4.0,1.0,0.0,2.0,1.0,13.0,1.0,1.0,2.3,1.0,0.0,0.0,0.0,0.0,0
1,1.0,1,4.0,1.0,13.0,1.0,1.0,12.0,5.0,1.0,86.3,1.0,0.0,0.0,0.0,0.0,1
1,1.0,0,5.0,1.0,13.0,1.0,1.0,14.0,1.0,1.0,0.9,1.0,0.0,0.0,0.0,0.0,1
1,1.0,0,5.0,1.0,1.0,7.0,2.0,0.0,1.0,1.0,3.8,1.0,0.0,0.0,0.0,0.0,1
1,1.0,0,4.0,1.0,6.0,7.0,2.0,10.0,1.0,1.0,0.5,1.0,0.0,0.0,0.0,0.0,1
1,1.0,0,4.0,1.0,0.0,4.0,1.0,12.0,1.0,1.0,1.6,1.0,0.0,0.0,0.0,0.0,0
1,1.0,0,5.0,1.0,0.0,12.0,1.0,12.0,1.0,1.0,0.9,1.0,0.0,0.0,0.0,1.0,0
0,1.0,0,5.0,1.0,4.0,2.0,1.0,5.0,1.0,1.0,1.8,1.0,0.0,0.0,0.0,3.0,0
0,1.0,0,4.0,1.0,15.0,1.0,1.0,13.0,5.0,1.0,1.0,1.0,0.0,0.0,274.0,0.0,1
1,1.0,1,5.0,1.0,13.0,4.0,2.0,12.0,1.0,1.0,1.2,1.0,0.0,0.0,0.0,0.0,1
1,1.0,0,4.0,1.0,4.0,7.0,1.0,12.0,1.0,1.0,86.3,1.0,0.0,0.0,0.0,0.0,1
1,2.0,1,4.0,1.0,13.0,3.0,2.0,13.0,1.0,1.0,2.6,1.0,0.0,0.0,0.0,0.0,1
1,1.0,1,5.0,1.0,14.0,3.0,1.0,12.0,1.0,1.0,1.8,1.0,0.0,0.0,0.0,0.0,1
1,1.0,1,5.0,1.0,22.0,1.0,1.0,12.0,1.0,1.0,0.3,1.0,0.0,0.0,0.0,0.0,1
1,1.0,1,5.0,1.0,16.0,10.0,2.0,14.0,1.0,1.0,86.3,1.0,0.0,0.0,0.0,0.0,1
0,1.0,1,4.0,1.0,13.0,6.0,2.0,9.0,1.0,1.0,0.0,1.0,0.0,0.0,0.0,0.0,1
1,1.0,0,4.0,1.0,1.0,5.0,2.0,13.0,1.0,1.0,1.1,1.0,0.0,0.0,0.0,0.0,1
1,2.0,0,4.0,1.0,0.0,12.0,1.0,14.0,1.0,1.0,2.5,1.0,0.0,0.0,0.0,0.0,0
1,1.0,0,4.0,1.0,0.0,6.0,1.0,13.0,1.0,1.0,0.0,1.0,0.0,0.0,0.0,0.0,1
1,1.0,0,4.0,1.0,13.0,6.0,2.0,12.0,1.0,1.0,0.2,1.0,0.0,0.0,0.0,0.0,1
1,1.0,1,4.0,1.0,13.0,8.0,2.0,13.0,1.0,1.0,1.2,1.0,0.0,0.0,0.0,0.0,1
1,1.0,1,4.0,1.0,14.0,12.0,2.0,12.0,1.0,1.0,0.0,1.0,0.0,0.0,0.0,0.0,0
1,1.0,0,4.0,1.0,11.0,6.0,1.0,13.0,1.0,1.0,0.8,1.0,4.0,11.0,379.0,0.0,1
1,1.0,0,4.0,1.0,11.0,1.0,1.0,12.0,1.0,1.0,0.0,1.0,0.0,0.0,0.0,0.0,1
1,1.0,0,4.0,1.0,6.0,11.0,1.0,12.0,1.0,1.0,2.1,1.0,0.0,0.0,0.0,0.0,1
1,1.0,1,4.0,1.0,13.0,8.0,1.0,13.0,1.0,1.0,0.7,1.0,0.0,0.0,0.0,0.0,1
1,1.0,0,5.0,1.0,0.0,5.0,2.0,13.0,1.0,1.0,4.1,1.0,0.0,0.0,0.0,0.0,1
1,1.0,0,4.0,1.0,4.0,3.0,2.0,12.0,1.0,1.0,2.9,1.0,0.0,0.0,0.0,0.0,1
1,1.0,0,5.0,1.0,13.0,12.0,1.0,12.0,1.0,1.0,1.0,1.0,0.0,0.0,0.0,0.0,1
1,1.0,1,5.0,1.0,0.0,8.0,2.0,4.0,1.0,1.0,1.5,1.0,0.0,0.0,0.0,0.0,1
1,1.0,1,4.0,1.0,13.0,1.0,1.0,12.0,1.0,1.0,0.0,1.0,0.0,0.0,0.0,0.0,1
1,1.0,1,4.0,1.0,13.0,6.0,1.0,12.0,1.0,1.0,0.6,1.0,0.0,0.0,0.0,0.0,1
1,1.0,1,4.0,1.0,16.0,2.0,2.0,13.0,1.0,1.0,1.9,1.0,0.0,0.0,0.0,0.0,1
0,1.0,1,7.0,1.0,14.0,12.0,1.0,13.0,1.0,1.0,1.5,1.0,0.0,0.0,0.0,0.0,1
1,1.0,1,4.0,1.0,11.0,3.0,1.0,14.0,1.0,1.0,1.8,1.0,0.0,0.0,0.0,0.0,1
1,1.0,0,4.0,1.0,0.0,4.0,1.0,13.0,1.0,1.0,1.5,1.0,0.0,0.0,0.0,3.0,0
1,1.0,0,4.0,1.0,20.0,8.0,2.0,4.0,1.0,1.0,1.6,1.0,0.0,0.0,0.0,0.0,1
1,1.0,1,4.0,1.0,13.0,2.0,1.0,13.0,1.0,1.0,2.6,1.0,0.0,0.0,0.0,0.0,1
1,2.0,1,5.0,1.0,13.0,6.0,1.0,14.0,1.0,1.0,86.3,1.0,0.0,0.0,0.0,0.0,1
1,1.0,0,4.0,1.0,11.0,8.0,2.0,13.0,1.0,1.0,3.2637043,1.0,0.0,0.0,0.0,0.0,1
1,1.0,1,5.0,1.0,10.0,6.0,1.0,12.0,1.0,1.0,1.1,1.0,0.0,0.0,0.0,0.0,1
1,1.0,0,4.0,1.0,13.0,2.0,1.0,12.0,1.0,1.0,2.2,1.0,0.0,0.0,0.0,0.0,1
1,1.0,0,5.0,1.0,13.0,3.0,2.0,12.0,1.0,1.0,0.5,1.0,0.0,0.0,0.0,0.0,1
1,1.0,0,4.0,1.0,13.0,4.0,1.0,6.0,1.0,1.0,1.5,1.0,0.0,0.0,0.0,0.0,1
1,1.0,0,5.0,1.0,13.0,1.0,2.0,13.0,1.0,1.0,1.0,1.0,0.0,0.0,0.0,0.0,1
1,1.0,0,5.0,1.0,13.0,1.0,2.0,12.0,1.0,1.0,3.5,1.0,0.0,0.0,0.0,0.0,1
1,1.0,0,4.0,1.0,12.0,12.0,2.0,12.0,1.0,1.0,1.0,1.0,0.0,0.0,0.0,0.0,1
1,1.0,0,4.0,1.0,16.0,1.0,2.0,10.0,1.0,1.0,1.6,1.0,0.0,0.0,0.0,0.0,1
1,1.0,0,4.0,1.0,20.0,4.0,1.0,13.0,1.0,1.0,0.9,1.0,4.0,11.0,379.0,0.0,1
1,1.0,0,4.0,1.0,13.0,1.0,2.0,12.0,1.0,1.0,5.1,1.0,0.0,0.0,0.0,0.0,1
1,1.0,1,4.0,1.0,10.0,5.0,2.0,12.0,1.0,1.0,2.9,1.0,0.0,0.0,0.0,0.0,1
1,1.0,0,4.0,1.0,13.0,1.0,2.0,13.0,1.0,1.0,0.9,1.0,0.0,0.0,0.0,0.0,1
1,1.0,0,4.0,1.0,22.0,5.0,2.0,13.0,5.0,1.0,1.0,1.0,0.0,0.0,0.0,0.0,1
1,1.0,0,4.0,1.0,0.0,7.0,1.0,13.0,1.0,1.0,4.2,1.0,0.0,0.0,0.0,0.0,1
1,1.0,1,5.0,1.0,13.0,10.0,2.0,13.0,1.0,1.0,86.3,1.0,0.0,0.0,0.0,0.0,1
1,1.0,1,4.0,1.0,11.0,1.0,1.0,12.0,1.0,1.0,3.2,1.0,0.0,0.0,0.0,0.0,1
1,1.0,0,4.0,1.0,10.0,10.0,1.0,11.0,1.0,1.0,0.4,1.0,0.0,0.0,0.0,0.0,1
1,1.0,1,5.0,1.0,16.0,4.0,1.0,13.0,1.0,1.0,0.8,1.0,0.0,0.0,0.0,0.0,1
1,1.0,0,4.0,1.0,12.0,4.0,1.0,12.0,1.0,1.0,1.0,1.0,0.0,0.0,0.0,0.0,1
1,1.0,0,4.0,1.0,16.0,11.0,1.0,12.0,1.0,1.0,0.6,1.0,0.0,0.0,0.0,0.0,1
1,1.0,0,4.0,1.0,13.0,3.0,2.0,12.0,1.0,1.0,0.9,1.0,0.0,0.0,0.0,0.0,1
1,1.0,0,4.0,1.0,2.0,6.0,2.0,12.0,1.0,1.0,0.0,1.0,0.0,0.0,0.0,0.0,1
1,1.0,1,4.0,1.0,14.0,1.0,2.0,12.0,1.0,1.0,1.9,1.0,0.0,0.0,0.0,0.0,1
1,1.0,1,5.0,1.0,10.0,9.0,2.0,8.0,1.0,1.0,0.0,1.0,0.0,0.0,0.0,0.0,1
1,1.0,0,5.0,1.0,0.0,7.0,1.0,4.0,5.0,1.0,1.0,1.0,0.0,0.0,0.0,0.0,1
1,1.0,0,4.0,1.0,10.0,9.0,2.0,13.0,1.0,1.0,3.5,1.0,0.0,0.0,0.0,0.0,1
1,1.0,1,5.0,1.0,16.0,1.0,2.0,14.0,1.0,1.0,1.3,1.0,0.0,0.0,0.0,0.0,1
1,1.0,0,4.0,1.0,12.0,10.0,2.0,13.0,1.0,1.0,1.7,1.0,0.0,0.0,0.0,0.0,1
1,1.0,0,4.0,1.0,12.0,12.0,1.0,12.0,1.0,1.0,0.9,1.0,0.0,0.0,0.0,0.0,1
1,1.0,1,5.0,1.0,13.0,1.0,2.0,13.0,1.0,1.0,2.2,1.0,0.0,0.0,0.0,0.0,1
1,1.0,0,5.0,1.0,0.0,4.0,1.0,12.0,1.0,2.0,1.1,1.0,0.0,0.0,0.0,3.0,0
1,1.0,0,5.0,1.0,0.0,11.0,2.0,0.0,1.0,1.0,0.7,1.0,0.0,0.0,0.0,0.0,0
1,1.0,0,4.0,1.0,10.0,3.0,1.0,13.0,5.0,1.0,11.851413,1.0,0.0,0.0,0.0,0.0,1
1,1.0,1,4.0,1.0,13.0,7.0,1.0,13.0,1.0,1.0,0.9,1.0,0.0,0.0,0.0,0.0,1
1,1.0,0,4.0,1.0,0.0,2.0,1.0,5.0,1.0,1.0,2.9,1.0,0.0,0.0,0.0,0.0,1
1,1.0,0,4.0,1.0,11.0,10.0,1.0,12.0,1.0,1.0,2.2,1.0,0.0,0.0,0.0,0.0,1
1,1.0,0,4.0,1.0,14.0,7.0,1.0,7.0,1.0,1.0,1.4,1.0,0.0,0.0,0.0,0.0,1
1,1.0,1,4.0,1.0,11.0,5.0,2.0,13.0,1.0,1.0,2.015877,1.0,0.0,0.0,0.0,0.0,1
1,1.0,1,5.0,1.0,13.0,6.0,1.0,0.0,1.0,1.0,1.3,1.0,4.0,11.0,379.0,0.0,1
1,1.0,0,4.0,1.0,13.0,10.0,2.0,12.0,1.0,1.0,3.0,1.0,0.0,0.0,0.0,0.0,1
1,1.0,1,5.0,1.0,1.0,8.0,2.0,12.0,1.0,1.0,0.7,1.0,0.0,0.0,0.0,0.0,1
1,1.0,1,4.0,1.0,13.0,1.0,1.0,13.0,1.0,1.0,1.9,1.0,0.0,0.0,0.0,0.0,1
1,1.0,0,5.0,1.0,7.0,7.0,2.0,1.0,1.0,1.0,1.9,1.0,0.0,0.0,0.0,0.0,1
1,1.0,1,5.0,1.0,20.0,6.0,2.0,13.0,1.0,1.0,1.4,1.0,0.0,0.0,0.0,0.0,1
1,1.0,0,4.0,1.0,0.0,5.0,1.0,13.0,1.0,1.0,1.8,1.0,0.0,0.0,0.0,0.0,1
1,2.0,0,4.0,1.0,1.0,12.0,1.0,13.0,1.0,1.0,3.1,1.0,0.0,0.0,0.0,0.0,1
1,1.0,0,4.0,1.0,13.0,3.0,2.0,6.0,1.0,1.0,86.3,1.0,0.0,0.0,0.0,0.0,1
1,1.0,0,4.0,1.0,14.0,6.0,2.0,13.0,1.0,1.0,0.9,1.0,0.0,0.0,0.0,0.0,1
1,1.0,1,4.0,1.0,16.0,6.0,2.0,12.0,1.0,1.0,3.0,1.0,0.0,0.0,0.0,0.0,1
0,1.0,0,4.0,1.0,13.0,3.0,1.0,7.0,1.0,1.0,1.5,1.0,0.0,0.0,0.0,0.0,1
1,2.0,1,5.0,1.0,13.0,5.0,1.0,14.0,1.0,1.0,2.8,1.0,0.0,0.0,0.0,0.0,1
1,1.0,0,4.0,1.0,13.0,9.0,2.0,12.0,1.0,1.0,2.0,1.0,0.0,0.0,0.0,0.0,1
1,1.0,0,4.0,1.0,11.0,3.0,2.0,13.0,1.0,1.0,1.7,1.0,0.0,0.0,0.0,0.0,1
0,1.0,1,5.0,1.0,22.0,11.0,1.0,2.0,5.0,1.0,1.4,1.0,4.0,11.0,379.0,0.0,1
1,1.0,0,4.0,1.0,12.0,12.0,1.0,13.0,1.0,1.0,1.0,1.0,0.0,0.0,0.0,0.0,1
1,1.0,0,4.0,1.0,16.0,7.0,1.0,12.0,1.0,1.0,0.0,1.0,0.0,0.0,0.0,0.0,1
1,1.0,0,4.0,1.0,16.0,12.0,2.0,5.0,1.0,1.0,0.9,1.0,0.0,0.0,0.0,0.0,1
1,1.0,0,5.0,1.0,10.0,8.0,1.0,12.0,5.0,1.0,1.2,1.0,0.0,0.0,0.0,0.0,1
1,1.0,0,4.0,1.0,16.0,12.0,1.0,11.0,1.0,1.0,1.0,1.0,0.0,0.0,0.0,0.0,1
1,1.0,1,5.0,1.0,14.0,10.0,1.0,12.0,1.0,1.0,0.0,1.0,0.0,0.0,0.0,0.0,1
1,1.0,1,6.0,1.0,13.0,7.0,1.0,6.0,1.0,1.0,3.0191383,1.0,0.0,0.0,0.0,0.0,1
1,1.0,0,4.0,1.0,22.0,1.0,2.0,13.0,1.0,1.0,0.9,1.0,0.0,0.0,0.0,0.0,1
1,1.0,1,5.0,1.0,14.0,12.0,1.0,12.0,1.0,1.0,0.9,1.0,0.0,0.0,0.0,0.0,1
0,1.0,1,5.0,1.0,22.0,12.0,1.0,13.0,1.0,1.0,4.8,1.0,0.0,0.0,0.0,0.0,1
0,1.0,1,6.0,1.0,22.0,4.0,1.0,14.0,1.0,1.0,4.9,1.0,0.0,0.0,0.0,0.0,1
1,1.0,0,4.0,1.0,13.0,3.0,1.0,9.0,1.0,1.0,1.4,1.0,0.0,0.0,0.0,0.0,1
1,1.0,1,5.0,1.0,13.0,1.0,1.0,13.0,1.0,1.0,1.0,1.0,0.0,0.0,0.0,0.0,1
1,2.0,1,4.0,1.0,16.0,8.0,1.0,12.0,1.0,1.0,3.6,1.0,0.0,0.0,0.0,0.0,1
1,1.0,1,5.0,1.0,3.0,1.0,1.0,12.0,1.0,1.0,0.7,1.0,0.0,0.0,0.0,0.0,1
1,1.0,0,4.0,1.0,10.0,5.0,2.0,12.0,1.0,1.0,1.6,1.0,0.0,0.0,0.0,0.0,1
1,2.0,1,5.0,1.0,13.0,12.0,2.0,12.0,1.0,1.0,4.0,1.0,0.0,0.0,0.0,0.0,1
1,1.0,0,4.0,1.0,10.0,2.0,2.0,4.0,1.0,1.0,1.5,1.0,0.0,0.0,0.0,0.0,1
1,2.0,0,5.0,1.0,13.0,7.0,2.0,13.0,1.0,1.0,86.3,1.0,0.0,0.0,0.0,0.0,1
1,1.0,0,4.0,1.0,13.0,6.0,1.0,12.0,2.0,1.0,1.0,1.0,0.0,0.0,0.0,0.0,1
1,2.0,0,4.0,1.0,6.0,5.0,2.0,13.0,1.0,1.0,2.0,1.0,0.0,0.0,0.0,0.0,1
1,1.0,0,4.0,1.0,13.0,5.0,2.0,0.0,1.0,1.0,1.5,1.0,0.0,0.0,0.0,0.0,1
1,1.0,1,5.0,1.0,13.0,9.0,2.0,12.0,1.0,1.0,2.1,1.0,0.0,0.0,0.0,0.0,1
1,1.0,1,5.0,1.0,13.0,7.0,1.0,13.0,5.0,1.0,2.2,1.0,0.0,0.0,0.0,0.0,1
1,1.0,0,4.0,1.0,10.0,8.0,1.0,0.0,1.0,1.0,1.2,1.0,0.0,0.0,0.0,0.0,1
1,1.0,0,4.0,1.0,1.0,12.0,1.0,7.0,1.0,1.0,1.6,1.0,3.0,0.0,271.0,0.0,0
1,1.0,0,5.0,1.0,13.0,1.0,1.0,12.0,1.0,1.0,2.8,1.0,0.0,0.0,0.0,0.0,1
1,1.0,1,4.0,1.0,10.0,5.0,1.0,12.0,1.0,1.0,0.0,1.0,0.0,0.0,0.0,0.0,0
1,1.0,0,4.0,1.0,2.0,5.0,1.0,12.0,1.0,1.0,0.9,1.0,0.0,0.0,0.0,0.0,1
1,1.0,0,4.0,1.0,13.0,1.0,1.0,13.0,1.0,1.0,86.3,1.0,0.0,0.0,0.0,0.0,1
1,1.0,1,5.0,1.0,14.0,8.0,1.0,12.0,1.0,1.0,1.7,1.0,0.0,0.0,0.0,0.0,1
1,1.0,1,4.0,1.0,22.0,9.0,1.0,13.0,1.0,1.0,2.9,1.0,0.0,0.0,285.0,0.0,1
1,1.0,0,5.0,1.0,2.0,2.0,1.0,7.0,1.0,1.0,0.3,1.0,0.0,0.0,0.0,0.0,1
1,1.0,0,1.0,1.0,16.0,12.0,2.0,11.0,1.0,1.0,1.5,1.0,0.0,0.0,0.0,0.0,1
1,1.0,0,4.0,1.0,10.0,7.0,2.0,13.0,1.0,1.0,2.6,1.0,0.0,0.0,0.0,0.0,1
1,1.0,0,4.0,1.0,13.0,1.0,1.0,12.0,1.0,1.0,0.0,1.0,0.0,0.0,0.0,0.0,1
1,1.0,0,4.0,1.0,4.0,9.0,1.0,12.0,1.0,2.0,0.6,1.0,0.0,0.0,0.0,3.0,1
1,1.0,0,4.0,1.0,16.0,10.0,1.0,13.0,1.0,1.0,1.8,1.0,0.0,0.0,0.0,0.0,1
1,1.0,0,1.0,1.0,11.0,8.0,1.0,12.0,1.0,1.0,0.9,1.0,0.0,0.0,0.0,0.0,1
1,2.0,0,4.0,1.0,13.0,9.0,2.0,11.0,1.0,1.0,2.0,1.0,0.0,0.0,0.0,0.0,1
1,1.0,0,4.0,1.0,13.0,1.0013988,2.0,13.0,1.0,1.0,86.3,1.0,0.0,0.0,0.0,0.0,1
1,1.0,0,4.0,1.0,11.0,3.0,2.0,12.0,1.0,1.0,2.1,1.0,0.0,0.0,0.0,0.0,1
1,1.0,0,4.0,1.0,14.0,2.0,1.0,12.0,1.0,1.0,1.3,1.0,3.0,0.0,272.0,0.0,1
1,1.0,0,4.0,1.0,20.0,1.0,2.0,13.0,1.0,1.0,1.4,1.0,0.0,0.0,0.0,0.0,1
1,1.0,0,4.0,1.0,11.0,3.0,1.0,13.0,1.0,1.0,1.7,1.0,0.0,0.0,0.0,0.0,1
1,1.0,0,4.0,1.0,13.0,4.0,2.0,13.0,1.0,1.0,0.4,1.0,0.0,0.0,0.0,0.0,1
1,1.0,1,5.0,1.0,13.0,2.0,1.0,4.0,1.0,1.0,1.0,1.0,0.0,0.0,0.0,0.0,1
1,1.0,0,1.0,1.0,22.0,11.0,2.0,13.0,1.0,1.0,3.5,1.0,3.0,0.0,264.0,0.0,1
1,1.0,1,5.0,1.0,13.0,8.0,1.0,11.0,1.0,1.0,0.4,1.0,0.0,0.0,0.0,0.0,1
1,1.0,0,4.0,1.0,22.0,11.0,2.0,12.0,1.0,1.0,4.0,1.0,0.0,0.0,0.0,0.0,1
0,1.0,1,5.0,1.0,14.0,3.0,2.0,12.0,1.0,1.0,1.5,1.0,0.0,0.0,0.0,0.0,1
1,1.0,0,4.0,1.0,10.0,1.0,1.0,13.0,1.0,1.0,0.2,1.0,0.0,0.0,0.0,0.0,1
1,1.0,0,4.0,1.0,0.0,3.0,1.0,12.0,5.0,1.0,0.0,1.0,0.0,0.0,0.0,1.0,1
1,1.0,0,4.0,1.0,13.0,6.0,1.0,11.0,1.0,1.0,3.7,1.0,0.0,0.0,0.0,0.0,1
1,1.0,0,4.0,1.0,10.0,5.0,1.0,0.0,1.0,1.0,1.5,1.0,0.0,0.0,0.0,0.0,0
0,2.0,1,6.0,1.0,20.0,7.0,1.0,13.0,1.0,1.0,86.3,1.0,0.0,0.0,0.0,0.0,1
1,1.0,0,1.0,1.0,16.0,3.0,1.0,13.0,5.0,1.0,86.3,1.0,4.0,11.0,379.0,0.0,1
0,1.0,1,4.0,1.0,20.0,4.0,1.0,13.0,5.0,1.0,1.9,1.0,0.0,0.0,0.0,0.0,1
1,1.0,1,7.0,1.0,22.0,12.0,1.0,14.0,1.0,1.0,0.2,1.0,0.0,0.0,0.0,0.0,1
1,1.0,1,5.0,1.0,16.0,7.0,1.0,12.0,1.0,1.0,2.4,1.0,0.0,0.0,0.0,0.0,1
1,1.0,1,4.0,1.0,13.0,1.0,2.0,13.0,1.0,1.0,2.4,1.0,0.0,0.0,0.0,0.0,1
1,1.0,0,5.0,1.0,10.0,10.0,1.0,13.0,1.0,1.0,86.3,1.0,0.0,0.0,0.0,0.0,1
1,1.0,0,5.0,1.0,13.0,5.0,1.0,13.0,1.0,1.0,2.7,1.0,0.0,0.0,0.0,0.0,1
1,1.0,0,4.0,1.0,13.0,12.0,1.0,13.0,1.0,1.0,86.3,1.0,0.0,0.0,0.0,0.0,1
0,1.0,1,6.0,1.0,13.0,8.0,2.0,12.0,1.0,1.0,1.0,1.0,0.0,0.0,0.0,0.0,1
1,1.0,0,4.0,1.0,4.0,12.0,2.0,12.0,1.0,1.0,2.5,1.0,0.0,0.0,0.0,0.0,1
1,1.0,1,4.0,1.0,4.0,1.0,2.0,12.0,5.0,1.0,1.9,1.0,0.0,0.0,0.0,0.0,1
1,1.0,0,4.0,1.0,13.0,1.0,2.0,12.0,1.0,1.0,1.0,1.0,0.0,0.0,0.0,0.0,1
1,1.0,0,4.0,1.0,14.0,2.0,1.0,9.0,1.0,1.0,3.0,1.0,4.0,0.0,294.0,0.0,1
1,1.0,1,5.0,1.0,20.0,12.0,1.0,13.0,1.0,1.0,86.3,1.0,0.0,0.0,0.0,0.0,1
0,1.0,0,4.0,1.0,10.0,9.0,2.0,12.0,1.0,1.0,1.8,1.0,0.0,0.0,0.0,0.0,1
1,1.0,0,3.0,1.0,16.0,5.0,2.0,13.0,1.0,1.0,1.8,1.0,0.0,0.0,0.0,0.0,1
1,1.0,0,4.0,1.0,14.0,10.0,1.0,6.0,1.0,1.0,1.2,1.0,0.0,0.0,0.0,0.0,1
1,1.0,0,4.0,1.0,0.0,7.0,1.0,13.0,1.0,1.0,2.8,1.0,0.0,0.0,0.0,0.0,0
1,1.0,0,4.0,1.0,22.0,1.0,2.0,13.0,1.0,1.0,86.3,1.0,0.0,0.0,0.0,0.0,1
1,1.0,0,2.0,1.0,13.0,8.0,1.0,12.0,1.0,1.0,86.3,1.0,0.0,0.0,0.0,0.0,1
1,2.0,1,5.0,1.0,13.0,12.0,1.0,14.0,1.0,1.0,86.3,1.0,0.0,0.0,0.0,0.0,1
0,1.0,1,5.0,1.0,16.0,3.0,1.0,12.0,1.0,1.0,4.9,1.0,0.0,0.0,0.0,0.0,1
1,1.0,1,4.0,1.0,0.0,8.0,2.0,12.0,1.0,1.0,1.1,1.0,0.0,0.0,0.0,0.0,1
1,1.0,0,4.0,1.0,2.0,6.0,2.0,13.0,1.0,1.0,0.5,1.0,0.0,0.0,0.0,0.0,1
1,1.0,1,5.0,1.0,16.0,7.0,1.0,13.0,1.0,1.0,86.3,1.0,0.0,0.0,0.0,0.0,1
1,1.0,0,5.0,1.0,10.0,4.0,2.0,12.0,1.0,1.0,1.2,1.0,0.0,0.0,0.0,0.0,1
1,1.0,0,4.0,1.0,1.0,6.0,1.0,13.0,1.0,1.0,0.3,1.0,0.0,0.0,0.0,0.0,1
1,1.0,0,4.0,1.0,5.0,10.0,2.0,12.0,1.0,1.0,1.8,1.0,0.0,0.0,0.0,0.0,1
1,1.0,0,4.0,1.0,13.0,4.0,1.0,12.0,1.0,1.0,0.6,1.0,0.0,7.0,239.0401,0.0,1
0,1.0,0,4.0,1.0,20.0,2.0,1.0,14.0,5.0,1.0,3.0,1.0,0.0,0.0,0.0,0.0,1
1,1.0,0,1.0,1.0,22.0,9.0,2.0,13.0,1.0,1.0,2.1,1.0,0.0,0.0,0.0,0.0,1
1,1.0,0,5.0,1.0,4.0,9.0,1.0,14.0,1.0,1.0,1.1,1.0,0.0,0.0,0.0,0.0,1
1,1.0,1,5.0,1.0,6.0,8.0,2.0,9.0,1.0,1.0,0.5,1.0,0.0,0.0,0.0,0.0,1
1,1.0,0,4.0,1.0,4.0,11.0,1.0,12.0,1.0,1.0,0.9,1.0,0.0,0.0,0.0,0.0,0
1,1.0,0,4.0,1.0,13.0,9.0,2.0,13.0,1.0,1.0,2.1,1.0,0.0,0.0,0.0,0.0,1
1,1.0,1,7.0,1.0,22.0,5.0,1.0,12.0,1.0,1.0,3.0,1.0,0.0,0.0,0.0,0.0,1
1,2.0,0,4.0,1.0,11.0,8.0,1.0,14.0,1.0,1.0,3.5,1.0,0.0,0.0,0.0,0.0,1
1,1.0,0,4.0,1.0,11.0,4.0,2.0,12.0,1.0,1.0,0.5,1.0,0.0,0.0,0.0,0.0,1
1,1.0,1,5.0,1.0,22.0,1.0,1.0,10.0,1.0,1.0,4.0619946,1.0,0.0,0.0,0.0,0.0,1
0,1.0,0,5.0,1.0,10.0,11.0,2.0,13.0,1.0,1.0,1.8,1.0,0.0,0.0,0.0,0.0,1
1,1.0,0,4.0,1.0,16.0,2.0,2.0,14.0,1.0,1.0,1.1,1.0,0.0,0.0,0.0,0.0,1
1,1.0,1,6.0,1.0,16.0,6.0,2.0,7.0,1.0,1.0,2.4,1.0,0.0,0.0,0.0,0.0,1
1,1.0,0,4.0,1.0,11.0,7.0,2.0,12.0,1.0,1.0,0.0,1.0,0.0,0.0,0.0,0.0,1
1,1.0,0,4.0,1.0,6.0,11.0,2.0,13.0,1.0,1.0,5.9,1.0,0.0,0.0,0.0,0.0,1
1,1.0,0,1.0,1.0,13.0,5.0,2.0,13.0,1.0,1.0,86.3,1.0,0.0,0.0,0.0,0.0,1
1,1.0,1,4.0,1.0,14.0,2.0,1.0,7.0,1.0,1.0,0.8,1.0,4.0,11.0,379.0,0.0,1
1,1.0,0,4.0,1.0,11.0,7.0,2.0,12.0,1.0,1.0,2.7,1.0,0.0,0.0,0.0,0.0,1
1,1.0,0,5.0,1.0,13.0,7.0,2.0,12.0,1.0,1.0,2.4,1.0,0.0,0.0,0.0,0.0,1
1,1.0,0,4.0,1.0,11.0,7.0,1.0,13.0,1.0,1.0,1.6,1.0,0.0,0.0,0.0,0.0,1
1,1.0,1,5.0,1.0,7.0,2.0,2.0,12.0,1.0,1.0,0.0,1.0,0.0,0.0,0.0,0.0,1
1,1.0,0,4.0,1.0,14.0,8.0,2.0,13.0,1.0,1.0,1.2,1.0,0.0,0.0,0.0,0.0,1
1,1.0,0,5.0,1.0,2.0,8.0,2.0,7.0,1.0,1.0,1.7,1.0,0.0,0.0,0.0,0.0,1
1,1.0,1,4.0,1.0,16.0,11.0,1.0,13.0,1.0,1.0,2.5,1.0,0.0,0.0,0.0,0.0,1
1,2.0,1,5.0,1.0,13.0,1.0,1.0,14.0,1.0,1.0,2.0,1.0,0.0,0.0,0.0,0.0,1
0,1.0,0,5.0,1.0,16.0,1.0,1.0,14.0,1.0,1.0,1.7,1.0,0.0,0.0,0.0,0.0,1
1,1.0,0,5.0,1.0,16.0,1.0,1.0,14.0,5.0,1.0,1.9,1.0,0.0,0.0,0.0,0.0,1
1,1.0,0,1.0,1.0,22.0,4.0,1.0,12.0,1.0,1.0,1.3,1.0,4.0,11.0,379.0,0.0,1
1,1.0,1,5.0,1.0,3.0,4.0,1.0,13.0,1.0,1.0,1.3,1.0,0.0,0.0,0.0,0.0,1
0,1.0,0,5.0,1.0,6.0,10.0,1.0,0.0,5.0,1.0,1.5,1.0,0.0,0.0,0.0,3.0,0
0,1.0,0,4.0,1.0,13.0,1.0,2.0,0.0,1.0,1.0,0.0,1.0,0.0,0.0,0.0,0.0,1
1,1.0,1,5.0,1.0,22.0,1.0,2.0,12.0,1.0,1.0,3.2,1.0,0.0,0.0,0.0,0.0,1
1,1.0,0,4.0,1.0,4.0,8.0,1.0,12.0,5.0,1.0,4.1,1.0,0.0,0.0,0.0,0.0,0
1,2.0,0,4.0,1.0,13.0,7.0,1.0,13.0,1.0,1.0,86.3,1.0,0.0,0.0,0.0,0.0,1
1,1.0,0,5.0,1.0,13.0,10.0,1.0,12.0,1.0,1.0,0.2,1.0,0.0,0.0,0.0,0.0,1
1,1.0,1,5.0,1.0,13.0,1.0,1.0,12.0,5.0,1.0,1.8,1.0,3.0,6.0,275.28677,0.0,1
0,1.0,0,5.0,1.0,4.0,6.0,1.0,13.0,1.0,1.0,2.796132,1.0,0.0,0.0,0.0,3.0,0
1,2.0,1,5.0,1.0,13.0,12.0,1.0,13.0,1.0,1.0,1.6,1.0,0.0,0.0,0.0,0.0,1
1,2.0,0,4.0,1.0,10.0,12.0,2.0,13.0,1.0,1.0,2.8,1.0,0.0,0.0,0.0,0.0,1
1,1.0,0,4.0,1.0,11.0,4.0,1.0,13.0,5.0,1.0,1.0,1.0,0.0,0.0,0.0,0.0,1
0,1.0,0,4.0,1.0,13.0,1.0,2.0,0.0,1.0,1.0,1.2,1.0,0.0,0.0,0.0,0.0,1
1,1.0,0,4.0,1.0,4.0,7.0,1.0,13.0,1.0,2.0,1.1,1.0,0.0,0.0,0.0,3.0,0
0,2.0,1,5.0,1.0,22.0,9.0,2.0,14.0,1.0,1.0,86.3,1.0,0.0,0.0,0.0,0.0,1
0,1.0,0,5.0,1.0,13.0,12.0,2.0,13.0,1.0,1.0,1.5,1.0,0.0,0.0,0.0,0.0,1
0,1.0,0,4.0,1.0,16.0,2.0,2.0,13.0,5.0,1.0,2.5,1.0,0.0,0.0,0.0,0.0,1
1,1.0,0,4.0,1.0,6.0,9.0,2.0,10.0,1.0,1.0,0.0,1.0,0.0,0.0,0.0,0.0,1
1,1.0,0,4.0,1.0,1.5764372,12.0,2.0,13.0,1.0,1.0,0.9,1.0,0.0,0.0,0.0,0.0,1
0,1.0,1,6.0,1.0,16.0,3.0,1.0,13.0,1.0,1.0,3.335687,1.0,0.0,0.0,0.0,0.0,1
1,1.0,0,5.0,1.0,4.0,7.0,2.0,7.0,1.0,1.0,0.8,1.0,0.0,0.0,0.0,0.0,1
1,1.0,0,4.0,1.0,13.0,6.0,1.0,12.0,1.0,1.0,2.6,1.0,4.0,7.0,379.0,0.0,1
1,1.0,0,4.0,1.0,13.0,4.0,2.0,13.0,1.0,1.0,2.0,1.0,0.0,0.0,0.0,0.0,1
1,1.0,1,4.0,1.0,11.0,10.0,1.0,14.0,1.0,1.0,2.1,1.0,0.0,0.0,0.0,0.0,1
1,1.0,1,4.0,1.0,4.0,2.0,1.0,12.0,5.0,1.0,6.8556743,1.0,0.0,0.0,0.0,0.0,1
1,1.0,0,4.0,1.0,13.0,10.0,2.0,8.0,1.0,1.0,0.6,1.0,0.0,0.0,0.0,0.0,1
1,1.0,0,5.0,1.0,1.0,1.0,1.0,12.0,1.0,1.0,1.1,1.0,0.0,0.0,0.0,0.0,1
1,1.0,0,4.0,1.0,13.0,10.0,2.0,9.0,1.0,1.0,2.0,1.0,4.0,11.0,379.0,0.0,1
1,1.0,1,6.0,1.0,20.0,6.0,1.0,13.0,1.0,1.0,86.3,1.0,0.0,0.0,0.0,0.0,1
1,1.0,1,5.0,1.0,13.0,7.0,1.0,0.0,1.0,1.0,3.5,1.0,0.0,0.0,0.0,0.0,1
1,1.0,0,4.0,1.0,13.0,10.0,2.0,13.0,1.0,1.0,1.6,1.0,0.0,0.0,0.0,0.0,1
0,1.0,1,6.0,1.0,13.0,7.0,1.0,12.0,1.0,1.0,1.4,1.0,0.0,0.0,0.0,0.0,1
1,1.0,0,4.0,1.0,1.0,1.0,1.0,0.0,2.0,1.0,86.3,1.0,4.0,11.0,379.0,0.0,1
0,1.0,1,5.0,1.0,22.0,8.0,1.0,12.0,1.0,1.0,86.3,1.0,0.0,0.0,0.0,0.0,1
1,2.0,0,4.0,1.0,13.0,7.0,1.0,13.0,1.0,1.0,86.3,1.0,0.0,0.0,0.0,0.0,1
1,1.0,1,6.0,1.0,20.0,7.0,1.0,12.0,1.0,1.0,1.1,1.0,0.0,0.0,0.0,0.0,1
1,1.0,1,5.0,1.0,16.0,10.0,2.0,12.0,1.0,1.0,0.0,1.0,0.0,0.0,0.0,0.0,1
1,1.0,0,4.0,1.0,11.0,12.0,2.0,13.0,1.0,1.0,0.3,1.0,0.0,0.0,0.0,0.0,1
1,1.0,1,4.0,1.0,20.0,8.0,1.0,14.0,1.0,1.0,1.8,1.0,0.0,0.0,0.0,0.0,1
1,1.0,0,4.0,1.0,0.0,1.0,1.0,13.0,1.0,1.0,1.9,1.0,0.0,0.0,0.0,3.0,1
1,1.0,0,4.0,1.0,13.0,3.0,2.0,12.0,1.0,1.0,0.9,1.0,0.0,0.0,0.0,0.0,1
1,1.0,1,4.0,1.0,13.0,5.0,2.0,11.0,1.0,1.0,0.0,1.0,0.0,0.0,0.0,0.0,1
1,1.0,0,4.0,1.0,14.0,10.0,1.0,10.040595,1.0,1.0,1.7,1.0,0.0,0.0,0.0,0.0,1
1,1.0,1,5.0,1.0,4.0,3.0,1.0,13.0,1.0,1.0,1.0,1.0,0.0,0.0,0.0,3.0,0
0,2.0,0,4.0,1.0,15.0,5.0,2.0,12.0,1.0,1.0,2.8765388,1.0,0.0,0.0,0.0,0.0,1
1,1.0,1,5.0,1.0,20.0,6.0,1.0,14.0,1.0,1.0,3.0,1.0,0.0,0.0,0.0,0.0,1
1,1.0,0,4.0,1.0,11.0,1.0,1.0,13.0,1.0,1.0,1.6,1.0,0.0,0.0,0.0,0.0,1
1,2.0,1,4.0,1.0,11.0,5.0,1.0,14.0,1.0,1.0,2.3,1.0,0.0,0.0,0.0,0.0,1
1,1.0,0,1.0,1.0,0.0,10.0,2.0,12.0,1.0,1.0,86.3,1.0,0.0,0.0,0.0,0.0,1
0,1.0,0,4.0,1.0,13.0,3.0,1.0,13.0,1.0,1.0,0.7,1.0,0.0,0.0,0.0,0.0,1
1,2.0,0,4.0,1.0,13.0,10.0,1.0,12.0,1.0,2.0,4.8,1.0,0.0,0.0,0.0,0.0,1
1,1.0,0,4.0,2.0,13.0,4.0,2.0,14.0,5.0,1.0,4.7,1.0,0.0,0.0,0.0,0.0,1
1,1.0,0,4.0,1.0,20.0,4.0,1.0,7.0,1.0,1.0,0.8,1.0,0.0,0.0,0.0,0.0,1
0,1.0,0,4.0,1.0,13.0,5.0,2.0,8.0,1.0,1.0,1.9,1.0,4.0,7.0,379.0,0.0,1
1,1.0,0,4.0,1.0,13.0,7.0,1.0,12.0,1.0,1.0,2.4,1.0,0.0,0.0,0.0,0.0,1
0,1.0,0,4.0,1.0,13.0,4.0,1.0,14.0,1.0,1.0,5.4,1.0,0.0,0.0,0.0,0.0,1
1,1.0,1,4.0,1.0,11.0,10.0,2.0,0.0,1.0,1.0,1.3,1.0,0.0,0.0,0.0,0.0,1
1,1.0,1,6.0,1.0,13.0,8.0,2.0,12.0,1.0,1.0,1.9,1.0,0.0,0.0,0.0,0.0,1
1,1.0,1,4.0,1.0,14.0,11.0,1.0,12.0,1.0,1.0,1.4,1.0,4.0,11.0,379.0,0.0,1
1,1.0,0,4.0,1.0,0.0,12.0,1.0,12.0,5.0,1.0,1.5,1.0,4.0,11.0,379.0,3.0,0
1,1.0,0,4.0,1.0,13.0,7.0,2.0,0.0,1.0,1.0,0.0,1.0,0.0,0.0,0.0,0.0,1
1,1.0,0,4.0,1.0,13.0,4.0,2.0,12.0,1.0,1.0,2.0,1.0,0.0,0.0,0.0,0.0,1
1,1.0,0,4.0,1.0,11.0,6.0,2.0,4.0,1.0,1.0,4.1,1.0,0.0,0.0,0.0,0.0,1
1,1.0,1,7.0,1.0,13.0,12.0,1.0,12.0,1.0,1.0,4.5,1.0,0.0,0.0,0.0,0.0,1
1,1.0,0,4.0,1.0,13.0,1.0,1.0,13.0,1.0,1.0,2.5,1.0,0.0,0.0,0.0,0.0,1
1,1.0,1,4.0,1.0,22.0,1.0,1.0,0.0,1.0,1.0,86.3,1.0,0.0,0.0,0.0,0.0,1
1,1.0,0,4.0,1.0,13.0,1.0,1.0,13.0,1.0,1.0,1.2,1.0,0.0,0.0,0.0,0.0,1
1,1.0,1,6.0,1.0,14.0,7.0,1.0,13.0,1.0,1.0,86.3,1.0,0.0,0.0,0.0,0.0,1
1,1.0,0,4.0,1.0,22.0,6.0,2.0,13.0,1.0,1.0,2.3,1.0,0.0,0.0,0.0,0.0,1
1,1.0,1,6.0,1.0,22.0,7.0,1.0,10.0,1.0,1.0,0.4,1.0,0.0,0.0,0.0,0.0,1
1,1.0,1,5.0,1.0,12.0,9.0,2.0,12.0,1.0,1.0,2.7,1.0,0.0,0.0,0.0,0.0,1
0,1.0,0,4.0,1.0,13.0,3.0,1.0,12.0,1.0,1.0,1.0,1.0,0.0,0.0,0.0,0.0,1
1,1.0,0,5.0,1.0,13.0,4.0,2.0,13.0,1.0,1.0,1.1,1.0,0.0,0.0,0.0,0.0,1
1,1.0,1,5.0,1.0,16.0,12.0,1.0,12.0,1.0,1.0,0.5,1.0,0.0,0.0,0.0,0.0,1
1,1.0,0,4.0,1.0,4.0,7.0,1.0,7.0,1.0,1.0,4.3,1.0,0.0,0.0,0.0,0.0,0
1,2.0,0,4.0,1.0,11.0,8.0,2.0,13.0,1.0,1.0,2.4,1.0,0.0,0.0,0.0,0.0,1
1,1.0,0,4.0,1.0,9.0,10.0,1.0,12.0,1.0,1.0,0.7,1.0,0.0,0.0,0.0,0.0,1
1,1.0,0,4.0,1.0,13.0,2.0,1.0,13.0,1.0,1.0,1.1,1.0,0.0,0.0,0.0,0.0,1
1,1.0,0,1.0,1.0,13.0,6.5983634,1.0,9.0,1.0,1.0,86.3,1.0,4.0,11.0,379.0,0.0,1
1,1.0,1,5.0,1.0,22.0,4.0,2.0,13.0,1.0,1.0,1.4,1.0,0.0,0.0,0.0,0.0,1
0,1.0,0,6.0,1.0,9.0,9.0,1.0,12.0,1.0,1.0,1.8,1.0,0.0,0.0,0.0,3.0,1
0,1.0,0,4.0,1.0,22.0,3.0,2.0,12.0,5.0,1.0,1.8,1.0,4.0,11.0,379.0,0.0,1
1,1.0,1,5.0,1.0,4.0,1.0,2.0,13.0,1.0,1.0,0.9,1.0,0.0,0.0,0.0,0.0,1
1,1.0,0,4.0,1.0,5.0,8.0,1.0,13.0,1.0,1.0,2.0,1.0,0.0,0.0,0.0,0.0,1
1,1.0,0,5.0,1.0,13.0,2.0,2.0,13.0,1.0,1.0,1.4,1.0,0.0,0.0,0.0,0.0,1
1,1.0,1,4.0,1.0,10.0,6.0,1.0,12.0,1.0,1.0,3.0,1.0,0.0,0.0,0.0,0.0,1
1,1.0,0,5.0,1.0,0.0,1.0,2.0,13.0,1.0,1.0,1.2,1.0,0.0,0.0,0.0,0.0,1
1,1.0,0,4.0,1.0,11.0,2.0,1.0,13.0,1.0,1.0,3.4,1.0,0.0,0.0,0.0,0.0,1
1,1.0,0,4.0,1.0,13.0,12.0,2.0,13.0,1.0,1.0,0.0,1.0,4.0,11.0,379.0,0.0,1
1,1.0,0,4.0,1.0,13.0,12.0,2.0,13.0,1.0,1.0,0.0,1.0,0.0,0.0,0.0,0.0,1
1,1.0,1,5.0,1.0,13.0,2.0,2.0,12.0,1.0,1.0,0.9,1.0,0.0,0.0,0.0,0.0,1
1,1.0,0,4.0,1.0,11.0,7.0,2.0,12.0,1.0,1.0,2.7,1.0,0.0,0.0,0.0,0.0,1
1,1.0,0,5.0,1.0,13.0,8.0,1.0,13.0,1.0,1.0,0.3,1.0,0.0,0.0,0.0,0.0,0
1,1.0,0,1.0,1.0,13.0,4.0,1.0,12.0,1.0,4.0,1.2315712,1.0,0.0,0.0,0.0,0.0,1
1,1.0,1,5.0,1.0,13.0,6.0,2.0,9.0,1.0,1.0,0.3,1.0,0.0,0.0,0.0,0.0,1
0,1.0,1,4.0,1.0,13.0,6.0,1.0,13.0,5.0,1.0,86.3,1.0,0.0,0.0,0.0,0.0,1
1,1.0,1,7.0,1.0,13.0,1.0,1.0,13.0,1.0,1.0,1.1,1.0,0.0,0.0,0.0,0.0,1
1,1.0,0,4.0,1.0,1.0,7.0,1.0,10.0,2.0,1.0,1.1,1.0,0.0,0.0,0.0,0.0,1
1,1.0,1,5.0,1.0,10.0,8.0,1.0,12.0,1.0,1.0,1.1,1.0,0.0,0.0,0.0,0.0,1
1,1.0,0,4.0,1.0,10.0,6.0,1.0,13.0,1.0,1.0,0.2,1.0,0.0,0.0,0.0,0.0,1
1,1.0,1,5.0,1.0,22.0,6.0,1.0,12.0,1.0,1.0,1.4,1.0,4.0,11.0,379.0,0.0,1
1,1.0,0,4.0,1.0,4.0,1.0,1.0,11.0,1.0,1.0,2.6,1.0,0.0,0.0,0.0,0.0,1
1,2.0,0,4.0,1.0,10.0,12.0,1.0,14.0,1.0,1.0,86.3,1.0,0.0,0.0,0.0,0.0,1
1,1.0,0,4.0,1.0,16.0,1.0,2.0,13.0,1.0,1.0,3.4,1.0,0.0,0.0,0.0,0.0,1
1,1.0,0,4.0,1.0,11.0,6.0,2.0,12.0,1.0,1.0,1.1,1.0,0.0,0.0,0.0,0.0,1
1,1.0,0,4.0,1.0,11.0,12.0,1.0,14.0,1.0,1.0,0.3,1.0,0.0,0.0,0.0,0.0,1
1,1.0,0,4.0,1.0,13.0,7.0,2.0,0.0,1.0,1.0,2.2,1.0,0.0,0.0,0.0,0.0,1
1,1.0,0,4.0,1.0,13.0,5.0,2.0,12.0,1.0,1.0,0.0,1.0,0.0,0.0,0.0,0.0,1
1,1.0,1,4.0,1.0,11.0,4.0,2.0,12.0,1.0,1.0,1.8,1.0,0.0,0.0,0.0,0.0,1
1,1.0,0,4.0,1.0,13.0,12.0,2.0,12.0,1.0,1.0,2.1,1.0,0.0,0.0,0.0,0.0,1
1,1.0,0,4.0,1.0,14.0,10.0,1.0,13.0,1.0,1.0,0.3,1.0,3.0,0.0,0.0,0.0,1
1,1.0,1,5.0,1.0,13.0,7.0,2.0,12.0,1.0,1.0,1.6,1.0,0.0,0.0,0.0,0.0,0
1,1.0,0,4.0,1.0,10.0,8.0,1.0,13.0,1.0,1.0,1.0,1.0,0.0,0.0,0.0,0.0,1
1,1.0,0,4.0,1.0,1.0,11.0,1.0,13.0,1.0,1.0,2.9,1.0,0.0,0.0,0.0,0.0,0
1,1.0,0,4.0,1.0,14.0,7.0,2.0,8.417342,1.0,1.0,1.6,1.0,0.0,0.0,0.0,0.0,1
0,1.0,0,4.0,1.0,9.330292,4.0,2.0,12.0,1.0,1.0,3.0,1.0,0.0,0.0,0.0,0.0,1
1,1.0,1,5.0,1.0,16.0,7.0,1.0,13.0,1.0,1.0,3.5,1.0,0.0,0.0,0.0,0.0,1
0,1.0,0,5.0,1.0,0.0,5.0,1.0,12.0,1.0,1.0,1.8,1.0,0.0,0.0,0.0,0.0,0
1,1.0,1,4.0,1.0,14.0,11.0,2.0,12.0,1.0,1.0,0.0,1.0,4.0,11.0,379.0,0.0,1
1,1.0,0,4.0,1.0,13.0,4.0,1.0,11.0,1.0,1.0,1.0,1.0,0.0,0.0,0.0,0.0,1
1,1.0,1,5.0,1.0,4.0,3.0,2.0,7.0,1.0,1.0,0.9,1.0,0.0,0.0,0.0,0.0,1
0,1.0,1,5.0,1.0,22.0,5.0,1.0,12.0,1.0,1.0,0.0,1.0,4.0,11.0,379.0,0.0,1
1,1.0,0,4.0,1.0,13.0,5.0,2.0,12.0,1.0,1.0,0.4,1.0,3.0,0.0,0.0,0.0,1
1,1.0,0,1.0,1.0,22.0,5.0,2.0,0.0,1.0,1.0,3.7,1.0,0.0,0.0,0.0,0.0,1
1,1.0,0,4.0,1.0,11.0,9.0,1.0,12.0,1.0,1.0,2.4,1.0,0.0,0.0,0.0,0.0,1
1,1.0,0,4.0,1.0,1.0,9.0,1.0,9.0,1.0,1.0,1.0,1.0,0.0,0.0,0.0,0.0,1
0,1.0,1,5.0,1.0,13.0,1.0,2.0,10.892098,1.0,1.0,1.7,1.0,0.0,0.0,0.0,0.0,1
1,1.0,0,1.0,1.0,16.0,12.0,1.0,0.0,1.0,1.0,1.7,1.0,0.0,0.0,0.0,0.0,1
1,1.0,0,4.0,1.0,16.0,12.0,2.0,8.0,1.0,1.0,0.0,1.0,0.0,0.0,0.0,0.0,1
1,1.0,1,5.0,1.0,16.0,5.237684,1.0,13.0,1.0,1.0,1.8,1.0,0.0,0.0,0.0,0.0,1
1,1.0,0,4.0,1.0,16.0,4.0,2.0,14.0,1.0,1.0,0.0,1.0,0.0,0.0,0.0,0.0,1
0,1.0,1,4.0,1.0,10.0,12.0,2.0,0.0,1.0,1.0,3.0,1.0,0.0,0.0,0.0,0.0,1
1,1.0,0,4.1853538,1.0,13.0,10.0,1.0,0.0,1.0,1.0,0.9,1.0,0.0,0.0,0.0,0.0,1
0,1.0,0,4.0,1.0,11.0,1.0,1.0,4.0,1.0,1.0,0.3,1.0,0.0,0.0,0.0,0.0,1
1,2.0,0,5.0,1.0,13.0,5.0,2.0,13.0,1.0,1.0,3.4,1.0,0.0,0.0,0.0,0.0,1
1,1.0,1,4.0,1.0,1.0,12.0,1.0,12.0,1.0,1.0,0.8,1.0,0.0,0.0,0.0,0.0,0
0,1.0,1,5.0,1.0,13.0,1.0,1.0,9.0,1.0,1.0,2.0,1.0,0.0,0.0,0.0,0.0,1
1,1.0,0,4.0,1.0,2.0,2.0,1.0,11.0,1.0,1.0,1.2,1.0,0.0,0.0,0.0,0.0,1
1,1.0,0,5.0,1.0,0.0,12.0,1.0,12.0,1.0,1.0,86.3,1.0,0.0,0.0,0.0,0.0,0
1,1.0,0,1.0,1.0,14.0,6.0,2.0,12.0,1.0,1.0,2.6,1.0,0.0,0.0,0.0,0.0,1
0,1.0,1,4.0,1.0,22.0,4.0,2.0,0.0,1.0,1.0,0.0,1.0,0.0,0.0,0.0,0.0,1
1,1.0,1,6.0,1.0,2.0,8.0,2.0,13.0,1.0,1.0,1.4,1.0,0.0,0.0,0.0,0.0,1
1,1.0,0,4.0,1.0,4.0,2.0,1.0,14.0,1.0,1.0,1.1,1.0,0.0,0.0,0.0,0.0,1
1,1.0,0,4.0,1.0,16.0,3.0,1.0,12.0,1.0,1.0,0.0,1.0,0.0,0.0,0.0,0.0,1
1,1.0,0,4.0,1.0,13.0,6.0,1.0,12.0,1.0,1.0,4.1,1.0,0.0,0.0,0.0,0.0,1
1,1.0,1,4.0,1.0,22.0,6.0,2.0,12.0,1.0,1.0,1.9,1.0,0.0,0.0,0.0,0.0,1
1,2.0,1,4.0,1.0,11.0,4.0,1.0,13.0,1.0,1.0,1.2,1.0,0.0,0.0,0.0,0.0,1
1,1.0,0,4.0,1.0,6.0,7.0,2.0,12.0,1.0,1.0,1.2,1.0,0.0,0.0,0.0,0.0,1
1,1.0,1,4.0,1.0,13.0,4.0,1.0,13.0,1.0,1.0,1.0,1.0,0.0,0.0,0.0,0.0,1
1,1.0,1,5.0,1.0,13.0,6.0,1.0,12.0,1.0,1.0,1.5,1.0,0.0,0.0,0.0,0.0,1
1,1.0,0,4.0,1.0,4.0,4.0,2.0,13.0,1.0,1.0,0.8,1.0,0.0,0.0,0.0,0.0,0
1,1.0,0,4.0,1.0,0.0,9.0,1.0,13.0,1.0,1.0,2.4,1.0,0.0,0.0,0.0,0.0,1
1,1.0,0,4.0,1.0,14.0,4.0,2.0,0.0,1.0,1.0,1.5,1.0,0.0,0.0,0.0,0.0,1
1,1.0,0,4.0,1.0,0.0,6.0,1.0,12.0,1.0,1.0,2.1,1.0,3.0,7.0,274.0,0.0,0
1,1.0,1,4.0,1.0,20.0,4.0,2.0,14.0,1.0,1.0,0.9,1.0,0.0,0.0,0.0,0.0,1
1,1.0,0,5.0,1.0,11.0,1.0,2.0,12.0,1.0,1.0,1.2,1.0,0.0,0.0,0.0,0.0,1
1,1.0,1,5.0,1.0,14.0,5.0,1.0,12.0,1.0,1.0,1.1,1.0,0.0,0.0,0.0,0.0,1
1,1.0,0,4.0,1.0,0.0,6.0,1.0,10.0,1.0,1.0,0.5,1.0,0.0,0.0,0.0,3.0,0
1,1.0,1,6.0,1.0,13.0,1.0,1.0,13.0,1.0,1.0,1.2,1.0,0.0,0.0,0.0,0.0,1
1,1.0,0,4.0,1.0,13.0,4.0,2.0,12.0,1.0,1.0,1.0,1.0,0.0,0.0,0.0,0.0,1
1,1.0,0,4.0,1.0,13.0,2.0,1.0,14.0,1.0,1.0,1.1,1.0,0.0,0.0,0.0,0.0,1
1,1.0,1,5.0,1.0,13.0,2.0,2.0,13.0,1.0,1.0,1.8,1.0,0.0,0.0,0.0,0.0,1
1,1.0,1,7.0,1.0,13.0,3.0,2.0,12.0,1.0,1.0,1.3,1.0,0.0,0.0,0.0,0.0,0
1,1.0,1,5.0,1.0,4.0,10.0,2.0,8.0,1.0,1.0,0.5,1.0,0.0,0.0,0.0,0.0,1
1,1.0,1,5.0,1.0,13.0,5.0,1.0,13.0,1.0,1.0,2.4,1.0,0.0,0.0,0.0,0.0,1
1,1.0,0,5.0,1.0,11.0,12.0,1.0,13.0,1.0,1.0,1.4,1.0,0.0,0.0,0.0,0.0,1
1,2.0,0,5.0,1.0,11.0,3.0,2.0,12.0,1.0,1.0,1.1,1.0,0.0,0.0,0.0,0.0,1
1,2.0,0,4.0,1.0,14.0,8.0,1.0,13.0,1.0,1.0,1.7,1.0,0.0,0.0,0.0,0.0,1
1,1.0,1,5.0,1.0,16.0,5.0,1.0,12.0,1.0,1.0,1.2,1.0,0.0,0.0,0.0,0.0,1
0,1.0,0,4.0,1.0,13.0,5.0,1.0,12.0,5.0,1.0,1.0,1.0,0.0,0.0,0.0,0.0,1
1,1.0,1,4.0,1.0,13.0,2.0,1.0,12.0,1.0,1.0,0.8,1.0,0.0,0.0,0.0,0.0,1
1,1.0,1,5.0,1.0,3.0,12.0,2.0,13.0,1.0,1.0,5.348699,1.0,0.0,0.0,0.0,0.0,1
0,1.0,1,5.0,1.0,13.0,12.0,1.0,7.0,1.0,1.0,0.3,1.0,0.0,0.0,0.0,0.0,1
1,1.0,0,4.0,1.0,13.0,4.0,1.0,13.0,1.0,1.0,0.0,1.0,0.0,0.0,0.0,0.0,1
1,1.0,0,1.0,1.0,22.0,5.0,1.0,0.0,1.0,1.0,2.2,1.0,4.0,11.0,379.0,0.0,1
1,2.0,0,4.0,1.0,10.0,1.0,1.0,0.0,1.0,2.0,2.5,1.0,0.0,0.0,0.0,3.0,0
0,1.0,1,4.0,1.0,22.0,6.0,2.0,5.0,1.0,1.0,1.0,1.0,3.0,0.0,379.0,0.0,1
1,1.0,0,4.0,1.0,13.0,1.0,2.0,12.0,5.0,1.0,1.7,1.0,0.0,0.0,0.0,0.0,1
1,1.0,0,4.0,1.0,9.0,7.0,2.0,14.0,1.0,1.0,2.6,1.0,0.0,0.0,0.0,0.0,1
1,1.0,0,4.0,1.0,13.0,1.0,1.0,12.0,1.0,4.0,0.0,1.0,0.0,11.0,207.11974,3.0,0
1,1.0,0,4.0,1.0,14.0,10.0,2.0,5.0,1.0,1.0,0.0,1.0,4.0,11.0,379.0,0.0,1
1,1.0,0,4.0,1.0,13.0,4.0,1.0,12.0,1.0,1.0,0.7,1.0,0.0,0.0,0.0,0.0,1
1,2.0,1,6.0,1.0,13.0,7.0,1.0,13.0,1.0,1.0,2.3,1.0,0.0,0.0,0.0,0.0,1
1,1.0,0,5.0,1.0,5.0,3.0,1.0,9.0,1.0,1.0,0.0,1.0,0.0,0.0,0.0,0.0,1
1,1.0,1,4.0,1.0,9.0,3.0,2.0,13.0,1.0,1.0,2.0,1.0,0.0,0.0,0.0,0.0,1
1,1.0,0,5.0,1.0,4.0,11.0,2.0,10.0,1.0,1.0,86.3,1.0,0.0,0.0,0.0,0.0,1
1,1.0,0,4.0,1.0,1.0,11.0,1.0,13.0,1.0,1.0,1.2,1.0,0.0,0.0,0.0,0.0,1
1,1.0,1,5.0,1.0,13.0,9.0,1.0,0.0,1.0,1.0,1.5,1.0,0.0,0.0,0.0,0.0,0
0,1.0,0,5.0,1.0,0.0,9.0,1.0,13.0,1.0,2.0,2.3,1.0,0.0,0.0,0.0,3.0,0
1,1.0,0,5.0,1.0,0.0,2.0,1.0,13.0,1.0,1.0,4.2,1.0,0.0,0.0,0.0,0.0,0
1,1.0,0,5.0,1.0,11.0,1.0,1.0,12.0,1.0,1.0,3.2,1.0,0.0,0.0,0.0,0.0,1
1,1.0,1,5.0,1.0,13.0,1.0,2.0,13.0,1.0,1.0,0.6,1.0,0.0,0.0,0.0,0.0,1
1,1.0,1,4.0,1.0,14.0,5.0,1.0,13.0,1.0,1.0,1.5,1.0,0.0,0.0,0.0,0.0,1
1,1.0,0,5.0,1.0,5.0,5.0,1.0,13.0,1.0,1.0,0.4,1.0,0.0,0.0,0.0,0.0,1
1,1.0,0,5.0,1.0,6.0,2.0,1.0,13.0,1.0,1.0,4.3,1.0,0.0,0.0,0.0,0.0,1
0,1.0,0,4.0,1.0,13.0,3.0,1.0,13.0,1.0,1.0,3.2,1.0,0.0,0.0,0.0,0.0,1
1,1.0,0,5.0,1.0,13.0,1.0,1.0,13.0,1.0,1.0,0.0,1.0,0.0,0.0,0.0,0.0,1
0,1.0,1,5.0,1.0,13.0,5.0,1.0,0.0,1.0,1.0,1.0,1.0,0.0,0.0,0.0,0.0,1
1,1.0,1,5.0,1.0,22.0,6.0,1.0,14.0,5.0,1.0,1.1,1.0,0.0,0.0,0.0,0.0,1
1,1.0,1,4.0,1.0,14.0,1.0,1.0,13.0,5.0,1.0,1.4,1.0,4.0,11.0,379.0,0.0,1
1,1.0,0,4.0,1.0,0.0,5.0,2.0,12.0,1.0,1.0,0.0,1.0,0.0,0.0,0.0,0.0,1
1,1.0,0,4.0,1.0,13.0,5.0,2.0,12.0,1.0,1.0,0.0,1.0,0.0,0.0,0.0,0.0,1
1,1.0,0,4.0,1.0,4.0,7.0,1.0,13.0,1.0,1.0,3.6,1.0,0.0,0.0,318.40662,0.0,1
1,1.0,0,4.0,1.0,13.0,3.0,2.0,13.0,1.0,1.0,1.6,1.0,0.0,0.0,0.0,0.0,1
1,1.0,1,5.0,1.0,16.0,11.0,2.0,8.0,1.0,1.0,0.0,1.0,0.0,0.0,0.0,0.0,1
1,1.0,0,4.0,1.0,0.0,12.0,1.0,13.0,1.0,1.0,1.0,1.0,0.0,0.0,0.0,0.0,0
1,1.0,0,4.0,1.0,14.0,6.0,1.0,13.0,1.0,2.0,0.0,1.0,0.0,0.0,0.0,0.0,1
1,1.0,1,4.0,1.0,11.0,11.0,2.0,7.0,5.0,1.0,1.1,1.0,0.0,0.0,0.0,0.0,1
1,1.0,0,4.0,1.0,4.0,2.0,2.0,13.0,1.0,1.0,0.3,1.0,0.0,0.0,0.0,0.0,1
1,1.0,0,4.0,1.0,14.0,9.0,1.0,13.0,1.0,1.0,1.9,1.0,0.0,0.0,0.0,0.0,1
1,1.0,0,4.0,1.0,13.0,6.0,1.0,12.0,1.0,1.0,0.0,1.0,0.0,0.0,0.0,0.0,1
1,1.0,1,4.0,1.0,21.0,12.0,1.0,13.0,1.0,1.0,86.3,1.0,0.0,0.0,0.0,0.0,1
1,1.0,0,5.0,1.0,11.0,9.0,2.0,13.0,1.0,1.0,2.4,1.0,0.0,0.0,0.0,0.0,1
1,1.0,0,5.0,1.0,9.0,1.0,1.0,12.0,1.0,1.0,3.4,1.0,0.0,0.0,0.0,0.0,1
1,1.0,0,5.0,1.0,13.0,1.0,1.0,13.0,1.0,1.0,1.1,1.0,0.0,0.0,0.0,0.0,1
1,1.0,0,4.0,1.0,13.0,1.0,1.0,12.0,1.0,1.0,0.5,1.0,3.0,6.0,280.22153,0.0,1
1,1.0,0,4.0,1.0,1.0,9.0,2.0,13.0,1.0,1.0,2.4,1.0,0.0,0.0,0.0,0.0,1
1,1.0,1,5.0,1.0,13.0,8.0,1.0,13.0,1.0,1.0,2.0,1.0,0.0,0.0,0.0,0.0,1
1,1.0,0,4.0,1.0,13.0,8.0,2.0,12.0,1.0,1.0,0.0,1.0,0.0,0.0,0.0,0.0,1
1,1.0,1,4.0,1.0,13.0,11.0,1.0,12.0,1.0,1.0,0.0,1.0,0.0,0.0,0.0,0.0,1
1,1.0,0,2.0,1.0,13.0,6.0,2.0,7.0,1.0,1.0,2.4,1.0,4.0,11.0,379.0,0.0,1
1,1.0,0,5.0,1.0,0.0,4.0,1.0,10.0,5.0,4.0,2.3,1.0,4.0,11.0,379.0,3.0,0
1,1.0,0,4.0,1.0,13.0,4.0,1.0,7.0,1.0,1.0,0.0,1.0,0.0,0.0,0.0,0.0,1
1,1.0,0,4.0,1.0,0.0,1.0,1.0,12.0,1.0,1.0,0.9,1.0,0.0,0.0,0.0,3.0,1
1,1.0,0,4.0,1.0,14.0,7.0,2.0,0.0,1.0,1.0,0.0,1.0,0.0,0.0,0.0,0.0,1
1,2.0,0,4.0,1.0,13.0,3.0,2.0,13.0,1.0,1.0,86.3,1.0,0.0,0.0,0.0,0.0,1
1,1.0,0,5.0,1.0,13.0,4.0,1.0,12.0,1.0,1.0,2.5,1.0,0.0,0.0,0.0,0.0,1
1,1.0,0,4.0,1.0,16.0,3.0,2.0,13.0,1.0,1.0,2.0,1.0,3.0,0.0,303.42538,0.0,1
1,1.0,1,5.0,1.0,17.0,6.0,1.0,12.0,1.0,1.0,0.9,1.0,0.0,0.0,0.0,0.0,1
1,1.0,1,6.0,1.0,14.0,4.0,2.0,12.0,1.0,1.0,1.0,1.0,0.0,0.0,0.0,0.0,1
1,1.0,0,5.0,1.0,0.0,2.0,1.0,13.0,1.0,1.0,1.2,1.0,0.0,0.0,0.0,0.0,1
1,1.0,1,5.0,1.0,13.0,9.0,1.0,12.0,5.0,1.0,0.0,1.0,4.0,11.0,379.0,0.0,0
1,1.0,0,4.0,1.0,22.0,6.0,2.0,12.0,1.0,1.0,86.3,1.0,0.0,0.0,0.0,0.0,1
1,1.0,1,5.0,1.0,13.0,4.0,1.0,9.0,1.0,1.0,0.6,1.0,0.0,0.0,0.0,0.0,1
1,1.0,0,5.0,1.0,11.0,2.0,1.0,13.0,1.0,1.0,0.6,1.0,0.0,0.0,0.0,0.0,1
1,1.0,0,4.0,1.0,16.0,6.0,1.0,6.0,1.0,1.0,1.7,1.0,0.0,0.0,0.0,0.0,1
1,1.0,0,4.0,1.0,13.0,7.0,1.0,7.0,1.0,1.0,1.0,1.0,0.0,0.0,0.0,0.0,1
1,1.0,0,4.0,1.0,13.0,10.0,2.0,5.0,1.0,1.0,1.8,1.0,0.0,0.0,0.0,0.0,1
0,1.0,0,5.0,1.0,11.0,6.0,1.0,12.0,1.0,1.0,0.9903191,1.0,0.0,0.0,0.0,0.0,1
1,1.0,0,4.0,1.0,12.0,7.0,1.0,12.0,1.0,1.0,0.0,1.0,0.0,0.0,0.0,0.0,1
1,1.0,0,5.0,1.0,14.0,1.0,2.0,14.0,1.0,1.0,1.8,1.0,0.0,0.0,0.0,0.0,1
1,1.0,1,5.0,1.0,13.0,8.0,1.0,13.0,1.0,1.0,1.2,1.0,0.0,0.0,0.0,0.0,1
1,1.0,0,4.0,1.0,11.0,2.0,1.0,4.0,1.0,1.0,1.8,1.0,4.0,11.0,379.0,0.0,1
1,1.0,1,5.0,1.0,13.0,8.0,1.0,8.0,1.0,1.0,1.9,1.0,0.0,0.0,0.0,0.0,1
1,1.0,1,5.0,1.0,3.0,10.0,1.0,13.0,1.0,1.0,3.5,1.0,0.0,0.0,0.0,0.0,1
1,1.0,1,5.0,1.0,14.0,5.0,1.0,9.0,1.0,1.0,0.1,1.0,0.0,0.0,0.0,0.0,1
1,1.0,0,4.0,1.0,13.0,6.0,2.0,12.0,1.0,1.0,1.8,1.0,0.0,0.0,0.0,0.0,1
1,1.0,1,4.0,1.0,4.0,4.0,1.0,12.0,5.0,1.0,1.8,1.0,0.0,0.0,0.0,0.0,1
1,1.0,1,6.0,1.0,16.0,4.0,1.0,14.0,1.0,1.0,5.3,1.0,0.0,0.0,0.0,0.0,1
1,1.0,1,5.0,1.0,13.0,12.0,1.0,12.0,1.0,1.0,2.2,1.0,0.0,0.0,0.0,0.0,1
1,2.0,1,5.0,1.0,16.0,5.0,1.0,13.0,1.0,1.0,3.0,1.0,0.0,0.0,0.0,0.0,1
1,1.0,0,4.0,1.0,13.0,1.0,1.0,13.0,1.0,1.0,1.9,1.0,0.0,0.0,0.0,0.0,1
0,1.0,1,5.0,1.0,16.0,6.0,2.0,12.0,1.0,1.0,0.0,1.0,0.0,0.0,0.0,0.0,1
1,1.0,0,5.0,1.0,13.0,7.0,1.0,13.0,1.0,1.0,1.5,1.0,0.0,0.0,0.0,0.0,1
1,1.0,1,5.0,1.0,13.0,9.0,2.0,13.0,1.0,1.0,86.3,1.0,0.0,0.0,0.0,0.0,1
1,1.0,1,7.0,1.0,13.0,8.0,2.0,12.0,1.0,1.0,1.3,1.0,0.0,0.0,0.0,0.0,1
1,1.0,0,4.0,1.0,10.0,12.0,2.0,12.0,1.0,1.0,0.8,1.0,0.0,0.0,0.0,0.0,1
1,1.0,0,4.0,1.0,22.0,4.0,2.0,12.0,1.0,1.0,4.6,1.0,0.0,0.0,0.0,0.0,1
1,1.0,1,5.0,1.0,5.0,12.0,1.0,7.0,1.0,1.0,0.5,1.0,0.0,0.0,239.38742,0.0,1
1,1.0,1,5.0,1.0,13.0,10.0,2.0,13.0,1.0,1.0,2.6,1.0,0.0,0.0,0.0,0.0,1
1,1.0,1,5.0,1.0,22.0,9.0,1.0,12.0,1.0,1.0,1.4,1.0,0.0,0.0,0.0,0.0,0
1,1.0,0,4.0,1.0,16.0,5.0,1.0,13.0,5.0,1.0,0.0,1.0,0.0,0.0,0.0,0.0,1
1,1.0,0,4.0,1.0,13.0,7.0,1.0,12.0,1.0,1.0,1.9,1.0,2.045336,0.0,0.0,0.0,1
1,1.0,0,5.0,1.0,11.0,1.0,2.0,13.0,1.0,1.0,2.2,1.0,0.0,0.0,0.0,0.0,1
1,1.0,1,7.0,1.0,10.0,5.0,2.0,12.0,1.0,1.0,0.8,1.0,0.0,0.0,0.0,0.0,1
1,1.0,1,5.0,1.0,14.0,5.0,2.0,3.0,1.0,1.0,1.5,1.0,0.0,0.0,0.0,0.0,1
1,2.0,0,4.0,1.0,16.0,1.0,2.0,0.0,1.0,1.0,86.3,1.0,0.0,0.0,0.0,0.0,1
1,1.0,0,5.0,1.0,0.0,12.0,1.0,14.0,1.0,1.0,86.3,1.0,0.0,0.0,0.0,0.0,1
1,1.0,0,4.0,1.0,6.0,10.0,2.0,12.0,1.0,1.0,2.4,1.0,0.0,0.0,0.0,0.0,1
1,1.0,0,5.0,1.0,3.0,6.0,1.0,13.0,1.0,1.0,1.7,1.0,0.0,0.0,0.0,0.0,1
1,1.0,0,4.0,1.0,0.0,5.0,1.0,12.0,1.0,1.0,0.7,1.0,0.0,0.0,0.0,0.0,0
1,1.0,0,4.0,1.0,1.0,1.0,1.0,12.0,1.0,1.0,3.0,1.0,0.0,0.0,0.0,0.0,1
1,1.0,0,5.0,1.0,13.0,1.0,1.0,13.0,1.0,1.0,1.8,1.0,0.0,0.0,0.0,0.0,1
1,1.0,0,4.0,1.0,16.0,5.0,1.0,0.0,1.0,1.0,1.9,1.0,0.0,0.0,0.0,0.0,1
0,1.0,0,4.0,1.0,11.0,9.0,2.0,14.0,1.0,1.0,1.9,1.0,0.0,0.0,0.0,0.0,1
1,1.0,0,4.0,1.0,13.0,1.0,1.0,13.0,5.0,1.0,1.4,1.0,0.0,0.0,0.0,0.0,1
1,1.0,0,4.0,1.0,11.0,1.0,2.0,12.0,5.0,1.0,11.936497,1.0,0.0,0.0,0.0,0.0,1
1,1.0,1,4.0,1.0,11.0,1.0,1.0,13.0,1.0,1.0,3.4327996,1.0,0.0,0.0,0.0,0.0,1
1,1.0,0,4.0,1.0,22.0,7.0,1.0,13.0,1.0,1.0,0.2,1.0,0.0,0.0,0.0,0.0,1
1,1.0,1,4.0,1.0,11.0,10.0,1.0,13.0,1.0,1.0,0.5,1.0,0.0,0.0,0.0,0.0,1
1,1.0,0,4.0,1.0,16.0,4.0,1.0,12.0,1.0,1.0,2.0,1.0,0.0,0.0,0.0,0.0,1
1,1.0,0,5.0,1.0,0.0,12.0,2.0,13.0,1.0,1.0,1.1,1.0,0.0,0.0,0.0,0.0,1
1,1.0,0,4.0,1.0,11.0,3.0,1.0,5.0,1.0,1.0,1.0,1.0,0.0,0.0,0.0,0.0,1
1,1.0,1,6.0,1.0,14.0,12.0,2.0,6.0,1.0,1.0,0.0,1.0,0.0,0.0,0.0,0.0,1
1,1.0,1,5.0,1.0,16.0,1.0,2.0,13.0,1.0,1.0,2.9,1.0,0.0,0.0,0.0,0.0,1
1,1.0,1,5.0,1.0,13.0,4.0,2.0,12.0,1.0,1.0,1.8,1.0,0.0,0.0,0.0,0.0,1
0,1.0,1,5.0,1.0,13.0,3.0,2.0,7.0,5.0,1.0,0.5,1.0,0.0,0.0,0.0,0.0,1
0,1.0,0,4.0,1.0,13.0,7.0,2.0,0.0,1.0,1.0,0.0,1.0,0.0,0.0,0.0,0.0,1
1,1.0,0,4.0,1.0,14.0,4.0,2.0,0.0,1.0,1.0,0.8,1.0,0.0,0.0,0.0,0.0,1
1,1.0,0,4.0,1.0,22.0,8.0,2.0,12.0,1.0,1.0,0.0,1.0,0.0,0.0,0.0,0.0,1
1,1.0,0,4.0,1.0,1.0,5.0,1.0,13.0,1.0,1.0,1.6,1.0,0.0,0.0,0.0,0.0,1
1,1.0,0,4.0,1.0,13.0,11.0,1.0,0.0,1.0,1.0,2.9,1.0,0.0,0.0,0.0,0.0,1
1,1.0,0,4.0,1.0,4.0,9.0,1.0,12.0,1.0,1.0,2.5,1.0,0.0,0.0,0.0,0.0,1
1,2.0,1,5.0,1.0,21.192642,7.0,1.0,13.0,1.0,1.0,86.3,1.0,0.0,0.0,0.0,0.0,1
1,2.0,1,4.0,1.0,11.0,1.0,1.0,12.0,1.0,1.0,0.5,1.0,0.0,0.0,0.0,0.0,0
1,1.0,0,1.0,1.0,22.0,4.0,2.0,2.3516595,1.0,1.0,4.2,1.0,0.0,0.0,294.0,0.0,1
1,1.0,0,1.0,1.0,13.0,9.0,2.0,6.0,1.0,1.0,86.3,1.0,0.0,0.0,0.0,0.0,1
1,2.0,0,5.0,1.0,0.0,7.0,2.0,13.0,1.0,1.0,1.5,1.0,0.0,0.0,0.0,0.0,1
1,1.0,0,1.0,1.0,13.0,3.0,2.0,12.0,1.0,1.0,3.5,1.0,0.0,0.0,0.0,0.0,1
1,1.0,0,4.0,1.0,13.0,4.0,1.0,0.0,1.0,1.0,3.2,1.0,0.0,0.0,0.0,0.0,1
1,1.0,1,4.0,1.0,14.0,4.0,1.0,12.0,1.0,1.0,1.1,1.0,0.0,0.0,0.0,0.0,1
1,1.0,1,5.0,1.0,4.0,4.0,1.0,12.0,1.0,1.0,1.1,1.0,0.0,0.0,0.0,0.0,0
1,1.0,1,4.0,1.0,22.0,7.0,1.0,6.0,1.0,1.0,1.0,1.0,0.0,0.0,0.0,0.0,1
1,1.0,1,4.0,1.0,13.0,2.0,2.0,4.0,1.0,1.0,1.0,1.0,0.0,0.0,0.0,0.0,1
1,1.0,0,4.0,1.0,11.0,3.0,1.0,12.0,1.0,1.0,1.8103,1.0,0.0,0.0,0.0,0.0,1
1,2.0,0,5.0,1.0,12.0,7.0,2.0,14.0,1.0,1.0,3.1,1.0,0.0,0.0,0.0,0.0,1
1,2.0,1,5.0,1.0,1.0,1.0,1.0,13.0,1.0,1.0,1.6,1.0,0.0,0.0,0.0,0.0,1
1,1.0,0,4.0,1.0,13.0,9.0,1.0,12.0,1.0,1.0,1.1,1.0,0.0,0.0,0.0,0.0,1
1,1.0,0,4.0,1.0,10.0,1.0,1.0,0.0,1.0,1.0,1.7,1.0,0.0,0.0,0.0,3.0,1
1,1.0,0,4.0,1.0,0.0,8.0,1.0,12.0,1.0,1.0,1.1,1.0,0.0,0.0,0.0,0.0,1
1,1.0,1,5.0,1.0,13.0,1.0,1.0,13.0,1.0,1.0,2.2,1.0,0.0,0.0,0.0,0.0,1
1,1.0,0,4.0,1.0,4.0,6.0,1.0,13.0,1.0,1.0,1.1,1.0,0.0,0.0,0.0,0.0,1
1,1.0,1,4.0,1.0,14.0,2.0,1.0,13.0,1.0,1.0,1.7,1.0,0.0,0.0,0.0,0.0,1
1,1.0,1,5.0,1.0,11.0,8.0,2.0,4.0,1.0,1.0,2.0,1.0,0.0,0.0,0.0,0.0,1
1,1.0,0,4.0,1.0,11.0,5.5001364,1.0,12.0,1.0,1.0,1.6,1.0,0.0,0.0,0.0,0.0,1
1,1.0,1,6.0,1.0,13.0,2.0,1.0,12.0,1.0,1.0,1.4,1.0,0.0,0.0,0.0,0.0,1
1,1.0,0,4.0,1.0,16.0,9.0,1.0,12.0,1.0,1.0,4.3,1.0,0.0,0.0,0.0,0.0,1
0,1.0,0,5.0,1.0,6.0,5.0,1.0,12.0,1.0,1.0,1.5,1.0,0.0,0.0,0.0,0.0,1
1,1.0,0,4.0,1.0,13.0,4.0,1.0,3.0,1.0,1.0,1.9,1.0,0.0,0.0,0.0,0.0,1
1,1.0,1,4.0,1.0,16.0,2.0,1.0,12.0,1.0,1.0,1.4,1.0,4.0,7.0,379.0,0.0,1
1,1.0,1,4.0,1.0,16.0,7.0,1.0,13.0,1.0,1.0,2.0,1.0,0.0,0.0,0.0,0.0,1
1,1.0,0,4.0,1.0,10.0,7.0,1.0,12.0,1.0,1.0,1.5,1.0,0.0,0.0,0.0,0.0,1
1,1.0,0,5.0,1.0,13.0,10.0,1.0,13.0,1.0,1.0,1.9,1.0,0.0,0.0,0.0,0.0,1
1,1.0,1,5.0,1.0,13.0,5.9646707,2.0,13.0,1.0,1.0,2.0,1.0,0.0,0.0,0.0,0.0,1
1,1.0,0,4.0,1.0,13.0,4.0,2.0,13.0,1.0,1.0,0.0,1.0,0.0,0.0,0.0,0.0,1
1,1.0,0,4.0,1.0,10.0,8.0,2.0,12.0,1.0,1.0,2.3,1.0,0.0,0.0,0.0,0.0,1
1,1.0,0,4.0,1.0,4.0,1.0,2.0,12.0,1.0,1.0,1.0,1.0,0.0,0.0,0.0,0.0,1
1,1.0,0,4.0,1.0,13.0,5.0,1.0,13.0,1.0,1.0,2.0437818,1.0,0.0,0.0,0.0,0.0,1
1,2.0,0,5.0,1.0,11.0,11.0,1.0,14.0,1.0,1.0,5.178381,1.0,0.0,0.0,0.0,0.0,1
1,1.0,0,1.0,1.0,22.0,5.0,1.0,12.0,1.0,1.0,0.7,1.0,4.0,11.0,379.0,0.0,1
1,1.0,0,1.0,1.0,16.0,9.0,1.0,12.0,1.0,1.0,0.9,1.0,0.0,0.0,0.0,0.0,1
1,1.0,1,5.0,1.0,13.0,2.0,1.0,12.0,1.0,1.0,0.8,1.0,0.0,0.0,0.0,0.0,1
1,1.0,0,4.0,1.0,4.0,1.0,1.0,12.0,1.0,4.0,1.0,1.0,3.0,11.0,260.04294,3.0,0
0,1.0,0,5.0,1.0,13.0,7.0,2.0,8.0,1.0,1.0,0.3,1.0,0.0,0.0,0.0,0.0,1
1,2.0,0,4.0,1.0,14.0,9.0,2.0,12.0,1.0,1.0,3.1,1.0,0.0,0.0,0.0,0.0,1
1,1.0,1,5.0,1.0,13.0,12.0,2.0,4.0,1.0,1.0,1.8,1.0,0.0,0.0,0.0,0.0,1
1,1.0,0,4.0,1.0,13.0,8.0,2.0,7.0,1.0,1.0,0.9,1.0,3.0,0.0,301.21313,0.0,1
1,1.0,1,4.0,1.0,4.0,2.0,2.0,14.0,1.0,1.0,5.0,1.0,0.0,0.0,0.0,0.0,1
1,2.0,1,5.0,1.0,13.0,7.0,2.0,12.0,1.0,1.0,1.9,1.0,0.0,0.0,0.0,0.0,1
1,1.0,0,4.0,1.0,10.0,7.0,2.0,0.0,1.0,1.0,86.3,1.0,0.0,0.0,0.0,0.0,1
0,1.0,1,5.0,1.0,13.0,4.0,2.0,12.0,1.0,1.0,0.0,1.0,0.0,0.0,0.0,0.0,1
1,1.0,0,4.0,1.0,14.0,9.0,1.0,12.0,1.0,1.0,1.2,1.0,0.0,0.0,0.0,0.0,1
1,1.0,0,4.0,1.0,3.0,6.0,2.0,13.0,1.0,1.0,4.1,1.0,0.0,0.0,0.0,0.0,1
0,1.0,0,5.0,1.0,13.0,7.0,1.0,13.0,1.0,1.0,2.3,1.0,0.0,0.0,0.0,0.0,0
1,1.0,0,4.0,1.0,10.0,2.0,2.0,12.0,1.0,1.0,0.1,1.0,0.0,0.0,0.0,0.0,1
1,1.0,1,5.0,1.0,3.0,6.0,2.0,13.0,1.0,1.0,0.9,1.0,0.0,0.0,0.0,0.0,1
1,2.0,1,6.0,1.0,20.0,8.0,1.0,14.0,1.0,1.0,86.3,1.0,0.0,0.0,0.0,0.0,1
1,1.0,0,4.0,1.0,10.0,5.0,2.0,12.0,1.0,1.0,0.7,1.0,0.0,0.0,0.0,0.0,1
0,1.0,0,4.0,1.0,10.0,9.0,2.0,11.0,1.0,1.0,2.1,1.0,0.0,0.0,0.0,0.0,1
0,1.0,0,4.0,1.0,10.0,4.0,2.0,12.0,1.0,1.0,0.0,1.0,0.0,0.0,0.0,0.0,1
1,1.0,0,4.0,1.0,6.0,4.0,1.0,12.0,1.0,1.0,2.1,1.0,0.0,0.0,0.0,0.0,1
1,1.0,1,5.0,1.0,13.0,1.0,2.0,12.0,1.0,1.0,3.0,1.0,0.0,0.0,0.0,0.0,1
0,2.0,0,4.0,1.0,11.0,2.0,1.0,6.0,1.0,4.0,1.9,1.0,0.0,0.0,0.0,3.0,1
1,1.0,0,4.0,1.0,4.0,1.0,1.0,13.0,1.0,1.0,0.0,1.0,0.0,0.0,0.0,0.0,1
1,1.0,0,4.0,1.0,0.0,6.0,1.0,12.0,1.0,1.0,0.0,1.0,0.0,0.0,0.0,0.0,1
1,2.0,1,5.0,1.0,1.0,7.0,2.0,14.0,1.0,1.0,2.0,1.0,0.0,0.0,0.0,0.0,1
0,1.0,1,5.0,1.0,13.0,1.0,1.0,12.0,1.0,1.0,1.7,1.0,0.0,0.0,0.0,0.0,1
0,1.0,0,5.0,1.0,0.0,3.0,1.0,12.0,1.0,1.0,1.2,1.0,0.0,0.0,0.0,0.0,1
1,1.0,0,5.0,1.0,13.0,4.0,1.0,13.0,1.0,1.0,2.0,1.0,0.0,0.0,0.0,0.0,1
1,1.0,0,4.0,1.0,14.0,9.0,1.0,12.0,1.0,1.0,2.0,1.0,3.0,0.0,0.0,0.0,1
1,2.0,1,7.0,1.0,13.0,7.0,2.0,13.0,1.0,1.0,2.6,1.0,0.0,0.0,0.0,0.0,1
1,1.0,0,4.0,1.0,13.0,10.0,2.0,12.0,1.0,1.0,1.3,1.0,0.0,0.0,0.0,0.0,1
1,1.0,0,4.0,1.0,13.0,8.0,1.0,12.0,5.0,1.0,0.0,1.0,4.0,7.0,379.0,0.0,1
1,1.0,0,4.0,1.0,13.0,1.0,2.0,12.0,1.0,1.0,0.8,1.0,0.0,0.0,0.0,0.0,0
1,1.0,1,5.0,1.0,16.0,6.0,1.0,12.0,1.0,1.0,1.6,1.0,0.0,0.0,0.0,0.0,1
1,1.0,1,5.0,1.0,10.0,5.0,2.0,12.0,1.0,1.0,1.1,1.0,0.0,0.0,0.0,0.0,1
1,1.0,0,4.0,1.0,22.0,7.0,2.0,9.0,1.0,1.0,0.4,1.0,0.0,0.0,0.0,0.0,1
1,1.0,1,4.0,1.0,13.0,10.0,2.0,0.0,1.0,1.0,1.6,1.0,0.0,0.0,0.0,0.0,1
0,1.0,0,5.0,1.0,11.0,3.0,2.0,12.0,1.0,1.0,3.2,1.0,0.0,0.0,0.0,0.0,1
1,1.0,0,4.0,1.0,12.0,7.0,2.0,13.0,1.0,1.0,1.1,1.0,0.0,0.0,0.0,0.0,1
1,1.0,0,4.0,1.0,4.0,11.0,2.0,12.0,1.0,1.0,1.8,1.0,0.0,0.0,0.0,0.0,1
1,1.0,0,4.0,1.0,11.0,7.0,1.0,11.0,5.0,1.0,1.3,1.0,0.0,0.0,0.0,0.0,1
0,1.0,0,5.0,1.0,2.0,1.0,2.0,12.0,1.0,1.0,1.1,1.0,0.0,0.0,0.0,0.0,1
1,1.0,0,4.0,1.0,13.0,7.0,1.0,12.0,1.0,1.0,1.0,1.0,4.0,11.0,379.0,0.0,1
1,1.0,0,4.0,1.0,2.389161,1.0,1.0,13.0,1.0,1.0,3.1,1.0,0.0,0.0,0.0,0.0,1
0,1.0,0,4.0,1.0,4.0,6.0,2.0,12.0,1.0,1.0,1.6,1.0,0.0,0.0,0.0,0.0,1
1,1.0,1,5.0,1.0,10.0,4.0,2.0,13.0,1.0,1.0,86.3,1.0,0.0,0.0,0.0,0.0,1
0,1.0,0,5.0,1.0,13.0,12.0,1.0,12.0,1.0,1.0,1.6,1.0,0.0,0.0,0.0,0.0,1
1,1.0,0,4.0,1.0,13.0,12.0,1.0,7.0,1.0,1.0,2.1,1.0,4.0,11.0,379.0,0.0,1
1,1.0,0,4.0,1.0,13.0,4.0,2.0,12.0,1.0,1.0,1.1,1.0,0.0,0.0,0.0,0.0,1
1,1.0,0,4.0,1.0,20.0,7.0,1.0,4.0,1.0,1.0,1.0,1.0,4.0,2.0,379.0,0.0,1
0,1.0,1,5.0,1.0,22.0,1.0,1.0,12.0,1.0,1.0,2.1,1.0,0.0,0.0,0.0,0.0,1
1,1.0,1,6.0,1.0,13.0,1.0,2.0,12.0,1.0,1.0,1.6,1.0,0.0,0.0,0.0,0.0,1
0,1.0,0,5.0,1.0,12.0,5.0,1.0,9.0,1.0,1.0,1.8,1.0,0.0,0.0,0.0,0.0,1
1,1.0,0,5.0,1.0,0.0,10.0,1.0,12.0,1.0,1.0,0.9,1.0,0.0,0.0,0.0,3.0,0
0,2.0,1,5.0,1.0,15.0,10.0,2.0,12.0,1.0,1.0,1.4,1.0,0.0,0.0,0.0,0.0,1
1,1.0,0,1.0,1.0,16.0,7.0,2.0,12.0,1.0,1.0,86.3,1.0,4.0,11.0,379.0,0.0,1
1,1.0,0,5.0,1.0,2.0,12.0,2.0,8.0,1.0,1.0,0.0,1.0,0.0,0.0,0.0,0.0,1
1,1.0,0,4.0,1.0,13.0,4.0,1.0,12.0,1.0,1.0,1.9,1.0,0.0,0.0,0.0,0.0,0
1,2.0,0,4.0,1.0,13.0,2.0,2.0,3.0,1.0,1.0,86.3,1.0,0.0,0.0,0.0,0.0,1
1,1.0,1,5.0,1.0,13.0,5.0,2.0,12.0,1.0,1.0,3.1,1.0,0.0,0.0,0.0,0.0,1
1,1.0,0,4.0,1.0,16.0,3.0,2.0,12.0,1.0,1.0,2.7,1.0,0.0,0.0,0.0,0.0,1
1,2.0,0,5.0,1.0,13.0,1.0,2.0,13.0,1.0,1.0,0.7,1.0,0.0,0.0,0.0,0.0,1
1,1.0,0,4.0,1.0,12.0,7.0,1.0,12.0,1.0,1.0,0.0,1.0,0.0,0.0,0.0,0.0,1
1,1.0,0,4.0,1.0,2.0,1.0,1.0,10.0,1.0,2.0,0.8,1.0,0.0,0.0,0.0,3.0,0
1,1.0,0,4.0,1.0,2.0,6.0,2.0,0.0,1.0,1.0,1.2,1.0,0.0,0.0,0.0,0.0,1
1,1.0,0,4.0,1.0,13.0,9.0,1.0,12.0,1.0,1.0,0.9,1.0,4.0,6.0,379.0,0.0,1
1,1.0,0,4.0,1.0,11.0,7.0,1.0,9.0,1.0,1.0,0.4,1.0,0.0,0.0,0.0,0.0,0
1,1.0,0,1.0,1.0,16.0,5.0,2.0,0.0,1.0,1.0,4.0,1.0,4.0,11.0,379.0,0.0,1
1,1.0,0,1.0,1.0,14.0,9.0,2.0,12.0,1.0,1.0,2.7,1.0,0.0,0.0,0.0,0.0,1
1,1.0,0,4.0,1.0,13.0,3.0,1.0,12.0,5.0,1.0,1.0,1.0,0.0,0.0,0.0,0.0,1
1,1.0,0,5.0,1.0,11.0,3.0,1.0,0.0,1.0,1.0,3.0,1.0,0.0,0.0,0.0,0.0,1
1,1.0,0,4.0,1.0,4.0,5.0,1.0,13.0,1.0,1.0,1.0,1.0,0.0,0.0,0.0,0.0,0
1,1.0,0,4.0,1.0,11.0,11.0,1.0,13.0,1.0,1.0,86.3,1.0,0.0,0.0,0.0,0.0,1
1,1.0,1,5.0,1.0,12.0,4.0,1.0,13.0,1.0,1.0,2.2,1.0,0.0,0.0,0.0,0.0,1
1,1.0,0,4.0,1.0,13.0,1.0,2.0,13.0,1.0,1.0,2.0,1.0,0.0,0.0,0.0,0.0,1
1,1.0,0,4.0,1.0,13.0,11.0,1.0,12.0,1.0,1.0,1.2,1.0,0.0,0.0,131.86943,0.0,1
1,2.0,0,4.0,1.0,0.0,6.0,1.0,13.0,1.0,1.0,3.4,1.0,0.0,0.0,0.0,3.0,0
1,1.0,0,4.0,1.0,0.0,4.0,1.0,12.0,1.0,1.0,1.2,1.0,0.0,0.0,0.0,3.0,0
1,1.0,0,4.0,1.0,13.0,6.0,2.0,12.0,1.0,1.0,86.3,1.0,0.0,0.0,0.0,0.0,1
1,1.0,1,5.0,1.0,13.0,12.0,1.0,5.0,1.0,1.0,0.6,1.0,0.0,0.0,0.0,0.0,1
1,1.0,1,5.0,1.0,13.0,5.0,2.0,8.0,1.0,1.0,1.2,1.0,0.0,0.0,0.0,0.0,1
1,1.0,0,4.0,1.0,0.0,7.0,1.0,13.0,1.0,1.0,1.4,1.0,0.0,0.0,0.0,3.0,0
1,1.0,0,1.0,1.0,13.0,7.0,2.0,0.0,1.0,1.0,86.3,1.0,4.0,11.0,379.0,0.0,1
1,1.0,0,4.0,1.0,13.0,7.0,2.0,13.0,1.0,1.0,0.0,1.0,0.0,1.3064442,0.0,0.0,1
1,1.0,1,5.0,1.0,13.0,7.0,2.0,12.0,1.0,1.0,1.2,1.0,0.0,0.0,0.0,0.0,1
1,1.0,0,2.0,1.0,13.0,12.0,2.0,12.0,1.0,1.0,1.0,1.0,0.0,0.0,0.0,0.0,1
0,1.0,1,5.0,1.0,22.0,1.0,1.0,13.0,1.0,1.0,2.3,1.0,0.0,0.0,0.0,0.0,1
0,1.0,1,4.0,1.0,16.0,11.0,2.0,13.0,1.0,1.0,86.3,1.0,0.0,0.0,0.0,0.0,1
0,1.0,0,5.0,1.0,0.0,5.0,1.0,13.0,1.0,2.0,2.1,1.0,0.0,0.0,0.0,3.0,0
1,1.0,0,4.0,1.0,7.0,3.0,2.0,12.0,1.0,1.0,3.2,1.0,0.0,0.0,0.0,0.0,0
1,1.0,0,5.0,1.0,0.0,6.0,1.0,13.0,1.0,1.0,1.5,1.0,0.0,0.0,0.0,3.0,1
1,1.0,1,5.0,1.0,13.0,9.0,1.0,2.0,1.0,1.0,1.3,1.0,0.0,0.0,0.0,0.0,1
1,1.0,0,5.0,1.0,13.0,7.0,1.0,12.0,1.0,1.0,1.0,1.0,0.0,0.0,0.0,0.0,1
1,1.0,1,5.0,1.0,1.0,7.0,1.0,13.0,5.0,1.0,1.3,1.0,0.0,0.0,0.0,0.0,1
1,1.0,0,5.0,1.0,1.0,7.0,1.0,9.0,1.0,1.0,0.8,1.0,0.0,0.0,0.0,1.0,1
1,1.0,1,5.0,1.0,14.0,11.0,1.0,14.0,1.0,1.0,2.5,1.0,0.0,0.0,0.0,0.0,1
1,1.0,1,5.0,1.0,8.0,3.0,2.0,13.0,1.0,1.0,0.0,1.0,0.0,0.0,0.0,0.0,1
1,1.0,0,4.0,1.0,1.0,3.0,1.0,12.0,1.0,1.0,1.5,1.0,4.0,11.0,379.0,3.0,1
1,1.0,0,4.0,1.0,13.0,8.0,2.0,8.0,1.0,1.0,0.9,1.0,0.0,0.0,0.0,0.0,1
0,1.0,1,6.0,1.0,10.0,2.0,2.0,13.0,1.0,1.0,2.0,1.0,0.0,0.0,0.0,0.0,1
1,1.0,0,3.0,1.0,13.0,7.0,2.0,10.0,1.0,1.0,1.2,1.0,0.0,0.0,0.0,0.0,1
1,1.0,0,5.0,1.0,10.0,4.0,1.0,7.0,1.0,1.0,1.7,1.0,0.0,0.0,0.0,0.0,0
1,1.0,0,4.0,1.0,13.0,12.0,1.0,0.0,1.0,1.0,0.7,1.0,4.0,6.0,379.0,0.0,1
1,2.0,0,4.0,1.0,13.0,1.0,2.0,12.0,1.0,1.0,2.6,1.0,0.0,0.0,0.0,0.0,1
1,2.0,1,5.0,1.0,4.0,5.0,2.0,12.0,1.0,1.0,2.5,1.0,0.0,0.0,0.0,0.0,1
1,1.0,1,5.0,1.0,22.0,1.0,1.0,13.0,5.0,1.0,86.3,1.0,0.0,0.0,0.0,0.0,1
1,1.0,1,4.0,1.0,14.0,1.0,2.0,12.0,1.0,1.0,0.0,1.0,0.0,0.0,0.0,0.0,1
1,1.0,0,4.0,1.0,13.0,8.0,2.0,13.0,1.0,1.0,86.3,1.0,0.0,0.0,0.0,0.0,1
1,1.0,0,4.0,1.0,16.0,1.0,2.0,13.0,1.0,1.0,2.1,1.0,0.0,0.0,0.0,0.0,1
1,1.0,0,5.0,1.0,0.0,11.0,1.0,13.0,1.0,1.0,0.0,1.0,0.0,0.0,0.0,0.0,1
1,1.0,0,4.755008,1.0,11.0,9.0,2.0,12.0,1.0,1.0,1.6,1.0,0.0,0.0,0.0,0.0,1
1,1.0,0,4.0,1.0,11.0,10.0,1.0,5.0,1.0,1.0,1.4,1.0,0.0,0.0,0.0,0.0,1
1,1.0,0,4.0,1.0,11.0,7.0,2.0,12.0,1.0,1.0,2.8,1.0,0.0,0.0,0.0,0.0,1
1,1.0,0,4.0,1.0,16.0,6.0,1.0,8.0,1.0,1.0,0.9,1.0,0.0,0.0,0.0,0.0,1
1,1.0,0,4.0,1.0,10.0,12.0,2.0,12.0,1.0,1.0,6.1560564,1.0,0.0,0.0,0.0,0.0,1
0,1.0,0,5.0,1.0,1.0,6.0,1.0,13.0,1.0,1.0,2.3,1.0,0.0,0.0,0.0,0.0,1
1,1.0,0,4.0,1.0,13.0,8.0,1.0,13.0,1.0,1.0,86.3,1.0,0.0,0.0,0.0,0.0,1
1,1.0,0,4.0,1.0,3.0,1.0,1.0,13.0,1.0,1.0,1.9,1.0,0.0,0.0,0.0,0.0,1
0,1.0,0,4.0,1.0,13.0,2.0,1.0,14.0,1.0,1.0,1.6,1.0,0.0,0.0,0.0,0.0,1
1,1.0,0,4.0,1.0,11.0,8.0,1.0,4.0,1.0,1.0,1.3,1.0,4.0,11.0,379.0,0.0,1
0,1.0,0,4.0,1.0,22.0,3.0,1.0,13.0,5.0,1.0,0.0,1.0,4.0,11.0,379.0,0.0,1
1,1.0,1,5.0,1.0,11.0,6.0,1.0,13.0,1.0,1.0,0.9,1.0,0.0,0.0,0.0,0.0,1
0,1.0,1,5.0,1.0,16.0,8.0,2.0,12.0,1.0,1.0,3.7,1.0,0.0,0.0,0.0,0.0,1
1,2.0,1,5.0,1.0,14.0,6.0,2.0,13.0,1.0,1.0,3.0,1.0,0.0,0.0,0.0,0.0,1
1,1.0,0,4.0,1.0,10.0,7.0,1.0,13.0,1.0,1.0,0.0,1.0,0.0,0.0,0.0,0.0,1
1,1.0,1,5.0,1.0,11.0,5.0,1.0,12.0,1.0,1.0,2.4,1.0,0.0,0.0,0.0,0.0,1
1,1.0,0,4.0,2.0,20.0,5.0,2.0,13.0,5.0,1.0,2.0,1.0,0.0,0.0,0.0,0.0,1
1,1.0,0,1.0,1.0,20.0,12.0,1.0,13.0,1.0,1.0,86.3,1.0,0.0,0.0,0.0,0.0,1
1,1.0,1,5.0,1.0,20.0,1.0,2.0,13.0,1.0,1.0,1.9,1.0,0.0,0.0,0.0,0.0,1
0,2.0,0,4.0,1.0,16.0,1.0,2.0,14.0,1.0,1.0,86.3,1.0,0.0,0.0,0.0,0.0,1
1,1.0,1,5.0,1.0,0.0,5.0,1.0,12.0,1.0,1.0,1.0,1.0,0.0,0.0,0.0,0.0,1
0,1.0,1,5.0,1.0,3.0,1.0,2.0,11.0,1.0,1.0,1.9,1.0,0.0,0.0,0.0,0.0,1
1,1.0,1,5.0,1.0,9.0,7.0,2.0,10.0,1.0,1.0,1.0,1.0,0.0,0.0,0.0,0.0,1
0,1.0,0,4.0,1.0,11.0,3.0,2.0,12.0,1.0,1.0,1.2,1.0,0.0,0.0,0.0,0.0,1
1,1.0,0,4.0,1.0,13.0,1.0,2.0,13.0,1.0,1.0,0.0,1.0,0.0,0.0,0.0,0.0,1
1,1.0,1,5.0,1.0,10.0,8.653579,1.0,4.0,5.0,1.0,1.9,1.0,0.0,0.0,0.0,0.0,1
1,1.0,1,5.0,1.0,11.0,7.0,2.0,12.0,1.0,1.0,9.9,1.0,0.0,0.0,0.0,0.0,0
1,1.0,0,1.7284939,1.0,13.0,7.0,1.0,12.0,1.0,1.0,1.0,1.0,0.0,0.0,0.0,0.0,1
1,1.0,0,4.0,1.0,1.0,4.0,1.0,13.0,1.0,1.0,1.4,1.0,0.0,0.0,0.0,0.0,1
1,1.0,0,4.0,1.0,13.0,12.0,2.0,12.0,1.0,1.0,1.1,1.0,0.0,0.0,0.0,0.0,1
0,1.0,0,5.0,1.0,2.0,4.0,1.0,7.0,1.0,1.0,1.0,1.0,0.0,0.0,0.0,0.0,0
1,1.0,1,5.0,1.0,4.0,3.0,2.0,13.0,1.0,1.0,2.0,1.0,0.0,0.0,0.0,0.0,1
1,1.0,0,4.0,1.0,10.0,10.0,1.0,13.0,1.0,1.0,2.2,1.0,3.0,11.0,281.0,0.0,1
0,1.0,1,4.0,1.0,11.0,1.0,1.0,12.0,5.0,1.0,0.9,1.0,0.0,0.0,0.0,0.0,1
1,1.0,0,4.0,1.0,13.0,12.0,1.0,12.0,1.0,1.0,3.2,1.0,0.0,0.0,0.0,0.0,1
1,1.0,0,4.0,1.0,14.0,9.0,2.0,13.0,1.0,1.0,0.6,1.0,4.0,7.0,379.0,0.0,1
1,1.0,0,4.0,1.0,13.0,2.0,1.0,9.0,1.0,1.0,0.7,1.0,4.0,7.0,285.0,0.0,1
1,1.0,0,5.0,1.0,2.0,6.0,1.0,12.0,1.0,1.0,1.8,1.0,0.0,0.0,0.0,0.0,1
1,1.0,0,4.0,1.0,14.0,12.0,2.0,12.0,1.0,1.0,0.4,1.0,0.0,0.0,0.0,0.0,1
1,1.0,0,4.0,1.0,13.0,8.0,2.0,12.0,1.0,1.0,8.6,1.0,0.0,0.0,0.0,0.0,1
1,1.0,0,4.0,1.0,6.0,3.0,1.0,14.0,1.0,1.0,0.8,1.0,0.0,0.0,0.0,0.0,0
1,1.0,0,4.0,1.0,13.0,1.0,2.0,12.0,1.0,1.0,1.4,1.0,0.0,0.0,0.0,0.0,1
1,1.0,1,4.0,1.0,13.0,4.0,2.0,5.0,1.0,1.0,0.8,1.0,0.0,0.0,0.0,0.0,1
1,1.0,0,5.0,1.0,0.0,6.0,2.0,13.0,1.0,1.0,2.6,1.0,0.0,0.0,0.0,0.0,1
1,1.0,0,4.0,1.0,10.0,9.0,2.0,3.0,1.0,1.0,3.2435088,1.0,0.0,0.0,0.0,0.0,1
1,1.0,1,5.0,1.0,11.0,2.0,1.0,12.0,1.0,1.0,1.5,1.0,0.0,0.0,0.0,0.0,1
1,1.0,0,4.0,1.0,13.0,10.0,2.0,12.0,1.0,1.0,1.5,1.0,0.0,0.0,0.0,0.0,1
1,1.0,1,5.0,1.0,22.0,4.0,1.0,12.0,1.0,1.0,1.2,1.0,0.0,0.0,0.0,0.0,1
1,1.0,1,4.6497993,1.0,13.0,1.0,1.0,12.0,1.0,1.0,0.0,1.0,0.0,0.0,0.0,0.0,1
1,2.0,0,4.0,1.0,13.0,12.0,1.0,13.0,1.0,1.0,86.3,1.0,0.0,0.0,0.0,0.0,1
1,1.0,1,5.0,1.0,14.0,5.0,2.0,11.0,1.0,1.0,1.2,1.0,0.0,0.0,0.0,0.0,1
1,1.0,0,5.0,1.0,12.0,3.0,2.0,13.0,1.0,1.0,0.0,1.0,0.0,0.0,0.0,0.0,1
0,1.0,0,4.0,1.0,10.0,8.0,2.0,12.0,1.0,1.0,0.5,1.0,0.0,0.0,0.0,0.0,1
1,1.0,0,4.0,1.0,0.0,12.0,1.0,9.0,1.0,1.0,0.0,1.0,0.0,0.0,0.0,0.0,1
1,1.0,0,5.0,1.0,11.0,5.0,1.0,13.0,1.0,1.0,0.4,1.0,0.0,0.0,0.0,0.0,0
1,1.0,0,4.0,1.0,13.0,4.0,2.0,12.0,1.0,1.0,0.6,1.0,0.0,0.0,0.0,0.0,1
1,1.0,0,4.0,1.0,7.0,1.0,1.0,13.0,5.0,1.0,2.0,1.0,0.0,0.0,0.0,0.0,1
1,1.0,1,4.0,1.0,22.0,1.0,1.0,14.0,1.0,1.0,0.0,1.0,0.0,0.0,0.0,0.0,1
1,1.0,1,4.0,1.0,22.0,1.0,1.0,13.0,1.0,1.0,1.5,1.0,0.0,0.0,0.0,0.0,1
1,2.0,0,5.0,1.0,15.0,12.0,2.0,12.0,1.0,1.0,2.0,1.0,0.0,0.0,0.0,0.0,1
0,1.0,1,6.0,1.0,22.0,8.0,1.0,12.0,1.0,1.0,0.9,1.0,0.0,0.0,0.0,0.0,1
1,2.0,1,5.0,1.0,15.0,8.0,1.0,14.0,1.0,1.0,1.7,1.0,0.0,0.0,0.0,0.0,1
1,1.0,0,4.0,1.0,1.0,9.0,2.0,12.0,1.0,1.0,0.6,1.0,0.0,0.0,0.0,0.0,1
0,1.0,0,5.0,1.0,0.0,10.0,1.0,14.0,1.0,1.0,2.6,1.0,0.0,0.0,0.0,3.0,1
1,1.0,0,4.0,1.0,13.0,1.0,1.0,12.912112,1.0,1.0,0.0,1.0,0.0,0.0,0.0,0.0,1
0,1.0,1,4.0,1.0,13.0,1.0,2.0,9.0,1.0,1.0,0.3,1.0,0.0,0.0,0.0,0.0,1
1,1.0,0,5.0,1.0,4.0,1.0,2.0,9.0,1.0,1.0,1.2,1.0,0.0,0.0,0.0,0.0,1
1,1.0,0,5.0,1.0,4.0,1.0,1.0,1.0,1.0,1.0,0.0,1.0,0.0,0.0,0.0,3.0,0
1,1.0,1,4.0,1.0,22.0,5.0,1.0,13.0,1.0,1.0,1.2,1.0,0.0,0.0,0.0,0.0,1
1,1.0,1,4.0,1.0,22.0,4.0,1.0,12.0,1.0,1.0,0.0,1.0,4.0,11.0,379.0,0.0,1
1,1.0,0,4.0,1.0,10.0,12.0,2.0,12.0,1.0,1.0,0.0,1.0,0.0,0.0,0.0,0.0,1
1,1.0,0,4.0,1.0,10.0,1.0,1.0,12.0,5.0,1.0,5.0,1.0,0.0,0.0,0.0,0.0,1
1,1.0,1,4.0,1.0,22.0,12.0,1.0,12.0,1.0,1.0,4.5,1.0,0.0,0.0,0.0,0.0,1
1,1.0,1,5.0,1.0,10.0,11.0,1.0,13.0,1.0,1.0,2.3,1.0,0.0,0.0,0.0,0.0,1
1,1.0,0,4.0,1.0,13.0,1.0,2.0,14.0,1.0,1.0,1.4,1.0,0.0,0.0,0.0,0.0,1
1,1.0,0,5.0,1.0,0.0,5.0,1.0,12.0,1.0,1.0,1.7,1.0,0.0,0.0,0.0,3.0,0
0,1.0,0,4.0,1.0,13.0,9.0,1.0,12.0,1.0,1.0,2.9,1.0,0.0,0.0,0.0,0.0,1
1,1.0,0,4.0,1.0,4.0,6.0,1.0,9.0,1.0,1.0,3.9,1.0,0.0,0.0,0.0,0.0,1
1,1.0,0,4.0,1.0,3.0,7.0,2.0,14.0,1.0,1.0,1.5,1.0,0.0,0.0,0.0,0.0,1
0,1.0,1,6.0,1.0,22.0,10.0,1.0,12.0,1.0,1.0,86.3,1.0,0.0,0.0,0.0,0.0,1
1,1.0,0,4.0,1.0,11.0,4.0,2.0,14.0,1.0,1.0,0.0,1.0,0.0,0.0,0.0,0.0,1
1,1.0,0,5.0,1.0,9.0,6.0,1.0,13.0,5.0,1.0,0.0,1.0,0.0,0.0,0.0,1.0,0
1,1.0,0,4.0,1.0,2.0,6.206837,1.0,13.0,1.0,1.0,1.9,1.0,0.0,0.0,0.0,0.0,1
1,1.0,0,4.0,1.0,13.0,10.0,2.0,13.0,1.0,1.0,0.5,1.0,0.0,0.0,0.0,0.0,1
1,1.0,0,4.0,1.0,16.0,10.0,1.0,13.0,1.0,1.0,1.2,1.0,0.0,0.0,0.0,0.0,1
1,1.0,1,5.0,1.0,11.0,3.0,2.0,13.0,1.0,1.0,1.7,1.0,0.0,0.0,0.0,0.0,1
1,1.0,0,4.0,1.0,13.0,7.0,2.0,0.0,1.0,1.0,2.5,1.0,0.0,0.0,0.0,0.0,1
1,1.0,0,4.0,1.0,13.0,12.0,2.0,13.0,1.0,1.0,1.9,1.0,0.0,0.0,0.0,0.0,1
1,1.0,0,5.0,1.0,10.0,4.0,1.0,8.0,1.0,1.0,1.7,1.0,3.0,5.0,251.08162,0.0,1
1,1.0,0,4.0,1.0,10.0,3.0,1.0,12.0,1.0,1.0,0.7,1.0,0.0,0.0,0.0,0.0,1
1,1.0,0,5.0,1.0,11.0,1.0,1.0,13.0,1.0,1.0,0.0,1.0,0.0,0.0,0.0,0.0,1
0,1.0,0,5.0,1.0,1.0,6.0,2.0,8.0,1.0,1.0,1.5,1.0,0.0,0.0,0.0,0.0,1
1,1.0,1,4.0,1.0,14.0,2.0,2.0,13.0,1.0,1.0,1.6,1.0,0.0,0.0,0.0,0.0,1
1,1.0,0,5.0,1.0,9.0,12.0,2.0,13.0,1.0,1.0,2.0,1.0,0.0,0.0,0.0,0.0,1
1,1.0,1,5.0,1.0,13.0,6.0,2.0,13.0,1.0,1.0,3.1,1.0,0.0,0.0,0.0,0.0,1
1,1.0,0,4.0,1.0,20.0,12.0,2.0,12.0,1.0,1.0,0.9,1.0,3.0,0.0,251.0,0.0,1
1,1.0,1,4.0,1.0,13.0,12.0,1.0,14.0,1.0,1.0,0.7,1.0,0.0,0.0,0.0,0.0,1
0,1.0,1,6.0,1.0,11.0,5.0,1.0,13.0,1.0,1.0,3.3,1.0,0.0,0.0,0.0,0.0,1
1,1.0,1,5.0,1.0,11.0,4.0,1.0,12.0,1.0,1.0,86.3,1.0,0.0,0.0,0.0,0.0,1
1,1.0,0,4.0,1.0,10.675981,12.0,1.0,9.0,1.0,1.0,1.7,1.0,0.0,0.0,0.0,0.0,1
1,1.0,1,4.0,1.0,15.0,1.0,1.0,13.0,5.0,1.0,1.6,1.0,0.0,0.0,0.0,0.0,1
1,1.0,0,4.0,1.0,10.0,6.0,1.0,13.0,1.0,1.0,1.0,1.0,0.0,0.0,0.0,0.0,1
1,1.0,1,4.0,1.0,13.0,12.0,1.0,12.0,1.0,1.0,0.0,1.0,4.0,11.0,379.0,0.0,1
1,1.0,0,4.0,1.0,10.0,8.0,1.0,14.0,1.0,1.0,5.0,1.0,0.0,0.0,0.0,0.0,1
1,1.0,1,5.0,1.0,13.0,3.0,1.0,8.0,1.0,1.0,1.9,1.0,0.0,0.0,0.0,0.0,1
1,1.0,0,4.0,1.0,12.0,11.0,1.0,13.0,1.0,1.0,0.5558097,1.0,0.0,0.0,0.0,0.0,1
1,1.0,1,6.0,1.0,14.0,5.0,1.0,13.0,5.0,1.0,2.1,1.0,0.0,0.0,0.0,0.0,1
1,1.0,0,4.0,1.0,14.0,5.0,2.0,14.0,1.0,1.0,3.1,1.0,0.0,0.0,0.0,0.0,1
1,1.0,0,4.0,1.0,14.0,10.0,2.0,13.0,1.0,1.0,1.9,1.0,0.0,0.0,0.0,0.0,1
1,1.0,0,4.0,1.0,0.0,1.0,1.0,13.0,5.0,2.0,2.0,1.0,0.0,0.0,0.0,3.0,0
1,1.0,1,4.0,1.0,22.0,5.0,1.0,13.0,1.0,1.0,1.1,1.0,4.0,0.0,379.0,0.0,1
0,1.0,1,4.0,1.0,14.0,5.0,2.0,12.0,1.0,1.0,0.0,1.0,0.0,0.0,0.0,0.0,1
1,1.0,1,5.0,1.0,22.0,3.0,1.0,13.0,1.0,1.0,1.6,1.0,0.0,0.0,0.0,0.0,1
1,1.0,0,4.0,1.0,1.0,6.0,1.0,7.0,1.0,1.0,1.5,1.0,0.0,0.0,0.0,0.0,1
1,1.0,0,4.0,1.0,13.0,5.0,1.0,0.0,5.0,1.0,3.6,1.0,4.0,11.0,379.0,0.0,1
0,1.0,1,5.0,1.0,13.0,5.0,1.0,12.0,1.0,1.0,1.5,1.0,0.0,0.0,0.0,0.0,1
1,1.0,0,4.0,1.0,4.0,8.0,1.0,12.0,1.0,1.0,0.8381976,1.0,4.0,11.0,379.0,0.0,1
0,1.0,1,4.0,1.0,13.0,11.0,2.0,12.0,1.0,1.0,1.3,1.0,0.0,0.0,0.0,0.0,1
1,1.0,1,7.0,1.0,13.0,12.0,2.0,12.0,1.0,1.0,1.5,1.0,0.0,0.0,0.0,0.0,1
1,1.0,1,6.0,1.0,22.0,7.0,1.0,12.0,1.0,1.0,86.3,1.0,0.0,0.0,0.0,0.0,1
1,1.0,0,5.0,1.0,11.0,6.0,1.0,0.0,1.0,1.0,3.5,1.0,0.0,0.0,0.0,0.0,1
1,1.0,1,4.0,1.0,10.0,2.0,2.0,12.0,1.0,1.0,0.6,1.0,0.0,0.0,0.0,0.0,1
1,1.0,0,4.0,1.0,13.0,5.0,1.0,14.0,1.0,1.0,1.0,1.0,0.0,0.0,0.0,0.0,1
1,1.0,1,5.0,1.0,12.0,1.0,1.0,13.0,1.0,1.0,1.9,1.0,0.0,0.0,0.0,0.0,1
1,1.0,0,5.0,1.0,5.0,4.0,1.0,13.0,1.0,1.0,2.5,1.0,0.0,0.0,0.0,0.0,0
1,1.0,0,2.0,1.0,13.0,8.0,1.0,3.0,1.0,1.0,3.7,1.0,4.0,11.0,379.0,0.0,1
1,1.0,0,4.0,1.0,22.0,10.0,2.0,12.0,1.0,1.0,86.3,1.0,0.0,0.0,0.0,0.0,1
1,1.0,0,5.0,1.0,13.0,5.0,2.0,12.0,1.0,1.0,1.6,1.0,0.0,0.0,0.0,0.0,1
1,2.0,1,4.0,1.0,13.0,5.0,1.0,14.0,1.0,1.0,1.7,1.0,0.0,0.0,0.0,0.0,1
1,1.0,0,4.0,1.0,11.0,5.0,1.0,8.0,1.0,1.0,1.0,1.0,0.0,2.0,274.0,0.0,1
1,1.0,0,4.0,1.0,13.0,11.0,2.0,12.0,1.0,1.0,86.3,1.0,0.0,0.0,0.0,0.0,0
1,1.0,0,4.0,1.0,11.0,1.0,1.0,13.0,1.0,1.0,1.9,1.0,0.0,0.0,0.0,0.0,1
1,1.0,1,5.0,1.0,11.0,5.0,1.0,12.0,1.0,1.0,2.0,1.0,0.0,0.0,0.0,0.0,1
1,1.0,1,5.0,1.0,16.0,1.0,2.0,14.0,1.0,1.0,1.8,1.0,0.0,0.0,0.0,0.0,1
1,1.0,0,5.0,1.0,10.0,2.0,1.0,12.0,1.0,1.0,0.5,1.0,0.0,0.0,0.0,0.0,1
1,1.0,0,4.0,1.0,10.0,7.0,1.0,12.0,1.0,1.0,2.1,1.0,0.0,0.0,0.0,0.0,1
1,1.0,0,4.0,1.0,14.0,7.0,1.0,0.0,1.0,1.0,2.0,1.0,0.0,0.0,0.0,0.0,1
1,1.0,0,4.0,1.0,9.0,1.0,1.0,11.0,2.0,1.0,1.7,1.0,0.0,0.0,0.0,0.0,0
1,1.0,0,5.0,1.0,10.0,4.0,1.0,12.0,1.0,1.0,0.48872226,1.0,0.0,0.0,0.0,0.0,1
1,1.0,0,5.0,1.0,13.0,4.0,1.0,13.0,1.0,1.0,5.0,1.0,0.0,0.0,0.0,0.0,1
1,1.0,1,6.0,1.0,16.0,12.0,1.0,13.0,1.0,1.0,1.1,1.0,0.0,0.0,0.0,0.0,1
1,1.0,0,4.0,1.0,14.0,1.0,2.0,14.0,1.0,1.0,0.4,1.0,0.0,0.0,0.0,0.0,1
1,2.0,1,5.0,1.0,13.0,9.0,1.0,14.0,1.0,1.0,6.8,1.0,0.0,0.0,0.0,0.0,1
1,1.0,1,4.0,1.0,13.0,12.0,1.0,13.0,1.0,1.0,1.5,1.0,0.0,0.0,0.0,0.0,1
1,1.0,1,4.0,1.0,12.0,12.0,2.0,0.0,1.0,1.0,0.5,1.0,0.0,0.0,0.0,0.0,1
0,1.0,0,5.0,1.0,10.0,6.0,1.0,12.0,1.0,1.0,1.6,1.0,0.0,0.0,0.0,0.0,0
1,1.0,1,4.0,1.0,11.0,12.0,2.0,13.0,1.0,1.0,86.3,1.0,0.0,0.0,0.0,0.0,1
0,1.0,0,4.0,1.0,13.0,6.0,2.0,12.0,1.0,1.0,2.0,1.0,0.0,0.0,0.0,0.0,1
1,1.0,0,4.0,1.0,4.0,4.0,1.0,6.0,1.0,1.0,2.7,1.0,0.0,0.0,0.0,0.0,1
1,1.0,0,4.0,1.0,13.0,8.0,1.0,13.0,1.0,1.0,0.0,1.0,0.0,0.0,0.0,0.0,1
1,1.0,1,5.0,1.0,14.0,2.0,2.0,13.0,1.0,1.0,2.2,1.0,0.0,0.0,0.0,0.0,1
1,1.0,1,5.0,1.0,22.0,6.0,1.0,13.0,1.0,1.0,3.1,1.0,0.0,0.0,0.0,0.0,1
1,1.0,0,5.0,1.0,13.0,10.0,2.0,13.0,1.0,1.0,86.3,1.0,0.0,0.0,0.0,0.0,1
1,1.0,1,5.0,1.0,22.0,5.0,1.0,12.0,1.0,1.0,1.5,1.0,0.0,0.0,0.0,0.0,1
1,1.0,0,4.0,1.0,0.0,4.0,1.0,12.0,1.0,1.0,0.5,1.0,0.0,0.0,0.0,3.0,0
1,1.0,0,4.0,1.0,13.0,9.0,2.0,12.0,1.0,1.0,1.8,1.0,0.0,0.0,0.0,0.0,1
0,1.0,1,5.0,1.0,13.0,7.0,1.0,9.0,5.0,1.0,0.7,1.0,0.0,0.0,0.0,0.0,1
1,1.0,1,4.0,1.0,14.0,1.0,1.0,12.0,1.0,1.0,1.2,1.0,2.0,6.0,264.0,0.0,1
1,1.0,0,4.0,1.0,4.0,1.0,1.0,5.0,1.0,1.0,86.3,1.0,0.0,0.0,0.0,0.0,1
1,1.0,0,4.0,1.0,16.0,5.0,2.0,12.0,1.0,1.0,0.8,1.0,0.0,0.0,0.0,0.0,1
1,1.0,0,2.0,1.0,13.0,5.0,1.0,14.0,1.0,1.0,2.0,1.0,4.0,11.0,379.0,0.0,1
0,1.0,1,4.0,1.0,12.0,8.0,2.0,12.0,5.0,1.0,1.1,1.0,0.0,0.0,0.0,0.0,1
1,1.0,1,5.0,1.0,13.0,5.0,2.0,12.0,1.0,1.0,1.1,1.0,0.0,0.0,0.0,0.0,1
1,1.0,0,4.0,1.0,0.0,7.0,2.0,11.0,1.0,1.0,0.0,1.0,0.0,0.0,0.0,0.0,1
1,1.0,0,5.0,1.0,13.0,5.0,2.0,13.0,1.0,1.0,1.8,1.0,0.0,0.0,0.0,0.0,1
1,1.0,1,4.0,1.0,13.0,11.0,1.0,14.0,1.0,1.0,9.9,1.0,0.0,0.0,0.0,0.0,1
1,1.0,0,1.0,1.0,13.0,8.0,1.0,11.0,1.0,1.0,86.3,1.0,4.0,11.0,379.0,0.0,1
1,1.0,0,4.0,1.0,16.0,6.0,2.0,13.0,1.0,1.0,2.4,1.0,0.0,0.0,0.0,0.0,1
0,2.0,0,4.0,1.0,13.0,1.0,2.0,12.0,1.0,1.0,1.6,1.0,0.0,0.0,0.0,0.0,1
1,1.0,0,5.0,1.0,13.0,4.0,1.0,12.0,1.0,1.0,86.3,1.0,0.0,0.0,0.0,0.0,1
1,1.0,1,5.0,1.0,14.0,5.0,1.0,13.0,1.0,1.0,86.3,1.0,0.0,0.0,0.0,0.0,1
1,1.0,1,4.0,1.0,14.0,1.0,1.0,14.0,1.0,1.0,1.3,1.0,0.0,0.0,0.0,0.0,1
1,1.0,1,5.0,1.0,22.0,5.0,2.0,14.0,1.0,1.0,4.2,1.0,0.0,0.0,0.0,0.0,1
1,1.0,1,5.0,1.0,3.0,5.0,1.0,11.0,5.0,1.0,1.1,1.0,0.0,0.0,0.0,0.0,1
0,1.0,1,4.0,1.0,13.0,9.0,1.0,12.0,1.0,1.0,0.0,1.0,0.0,0.0,0.0,0.0,1
1,1.0,0,4.0,1.0,11.0,11.0,1.0,13.0,1.0,1.0,1.7,1.0,3.0,7.0,198.51256,0.0,1
1,1.0,1,4.0,1.0,14.0,4.0,2.0,14.0,1.0,1.0,3.5,1.0,0.0,0.0,0.0,0.0,1
1,1.0,0,4.0,1.0,16.0,4.0,2.0,8.0,1.0,1.0,1.8,1.0,4.0,7.0,379.0,0.0,1
1,1.0,1,5.0,1.0,6.0,12.0,2.0,12.0,1.0,1.0,0.9,1.0,0.0,0.0,0.0,0.0,1
1,1.0,0,4.0,1.0,13.0,9.0,1.0,13.0,1.0,1.0,1.5,1.0,3.0,11.0,285.0,0.0,1
0,1.0,0,4.0,1.0,16.0,11.0,1.0,13.0,1.0,1.0,0.6,1.0,0.0,0.0,0.0,0.0,1
1,1.0,1,4.0,1.0,13.0,9.0,2.0,5.0,1.0,1.0,0.6,1.0,0.0,0.0,0.0,0.0,1
1,2.0,1,4.0,1.0,13.0,1.0,2.0,13.0,1.0,1.0,1.4,1.0,0.0,0.0,0.0,0.0,1
1,1.0,0,5.0,1.0,4.0,3.0,1.0,12.0,1.0,1.0,1.2,1.0,0.0,0.0,0.0,0.0,0
1,1.0,1,6.0,1.0,11.0,3.0,1.0,12.0,1.0,1.0,1.7,1.0,0.0,0.0,0.0,0.0,1
1,1.0,1,5.0,1.0,16.0,1.0,1.0,13.0,1.0,1.0,1.4,1.0,0.0,0.0,0.0,0.0,1
1,1.0,0,5.0,1.0,13.0,12.0,1.0,4.0,5.0,1.0,0.6,1.0,0.0,0.0,0.0,0.0,1
1,1.0,0,5.0,1.0,4.0,3.0,2.0,11.0,1.0,1.0,1.6,1.0,0.0,0.0,0.0,0.0,1
1,1.0,0,4.0,1.0,13.0,12.0,1.0,13.0,1.0,1.0,0.7022651,1.0,0.0,0.0,0.0,0.0,1
1,1.0,1,5.0,1.0,6.3490458,5.0,1.0,12.0,1.0,1.0,1.7,1.0,0.0,0.0,0.0,0.0,0
1,1.0,0,5.0,1.0,0.0,8.0,2.0,8.0,1.0,1.0,0.3,1.0,0.0,0.0,0.0,0.0,1
1,1.0,0,4.0,1.0,4.0,1.0,1.0,2.0,5.0,1.0,2.8,1.0,4.0,11.0,379.0,3.0,1
1,2.0,1,5.0,1.0,11.0,6.0,2.0,13.0,1.0,1.0,1.8,1.0,0.0,0.0,0.0,0.0,1
1,1.0,0,4.0,1.0,13.0,5.0,1.0,14.0,1.0,1.0,0.8378818,1.0,0.0,0.0,0.0,0.0,1
1,1.0,0,1.0,1.0,16.0,4.0,1.0,13.0,5.0,1.0,4.0,1.0,3.0,0.0,379.0,0.0,1
1,1.0,0,4.0,1.0,0.0,4.0,1.0,12.0,1.0,1.0,1.4,1.0,0.0,6.0,0.0,3.0,1
1,1.0,1,7.0,1.0,13.0,6.0,1.0,4.0,1.0,1.0,0.5,1.0,0.0,0.0,0.0,0.0,1
1,1.0,1,5.0,1.0,11.0,12.0,1.0,13.0,1.0,1.0,1.1,1.0,0.0,0.0,0.0,0.0,0
1,1.0,0,4.0,1.0,14.0,3.0,2.0,12.0,1.0,1.0,0.9,1.0,0.0,0.0,0.0,0.0,1
1,1.0,0,4.0,1.0,16.0,4.0,2.0,12.0,1.0,1.0,1.8,1.0,0.0,0.0,0.0,0.0,1
1,1.0,0,5.0,1.0,11.0,1.0,1.0,13.0,1.0,1.0,0.8,1.0,0.0,0.0,0.0,0.0,0
1,1.0,1,7.0,1.0,13.0,8.0,2.0,8.0,1.0,1.0,1.3,1.0,0.0,0.0,0.0,0.0,1
1,1.0,0,4.0,1.0,4.0,7.0,1.0,13.0,1.0,1.0,3.7,1.0,0.0,0.0,0.0,0.0,1
1,1.0,1,5.0,1.0,13.0,4.0,1.0,13.0,1.0,1.0,0.7,1.0,0.0,0.0,0.0,0.0,1
1,1.0,0,5.0,1.0,0.0,7.0,1.0,12.0,1.0,1.0,1.1,1.0,0.0,0.0,0.0,0.0,1
1,1.0,1,7.0,1.0,13.0,1.0,2.0,12.0,1.0,1.0,0.9,1.0,0.0,0.0,0.0,0.0,1
1,1.0,1,4.0,1.0,10.0,12.0,2.0,1.0,1.0,1.0,0.0,1.0,0.0,0.0,0.0,0.0,1
1,1.0,0,4.0,1.0,13.0,1.0,2.0,14.0,1.0,1.0,2.1,1.0,0.0,0.0,0.0,0.0,1
1,1.0,0,4.0,1.0,0.0,11.0,1.0,13.0,1.0,1.0,1.6,1.0,0.0,0.0,0.0,0.0,0
0,1.0,0,4.0,1.0,13.0,7.0,2.0,6.0,1.0,1.0,86.3,1.0,0.0,0.0,0.0,0.0,1
1,1.0,0,4.0,1.0,14.0,12.0,2.0,13.0,1.0,1.0,0.0,1.0,0.0,0.0,0.0,0.0,1
1,1.0,0,4.0,1.0,4.0,4.0,1.0,13.0,1.0,1.0,0.5,1.0,0.0,0.0,0.0,0.0,1
1,1.0,0,4.0,1.0,4.0,8.0,1.0,12.0,1.0,2.0,1.6,1.0,0.0,0.0,0.0,3.0,1
1,1.0,1,5.0,1.0,13.0,3.0,2.0,12.0,1.0,1.0,1.5,1.0,0.0,0.0,0.0,0.0,1
1,1.0,0,4.0,1.0,13.0,2.0,1.0,13.0,1.0,1.0,2.2,1.0,3.0,5.0,293.0,0.0,1
1,1.0,1,4.0,1.0,16.0,1.0,2.0,14.0,1.0,1.0,86.3,1.0,0.0,0.0,0.0,0.0,1
1,1.0,1,5.0,1.0,13.0,5.0,1.0,13.0,1.0,1.0,5.1,1.0,0.0,0.0,0.0,0.0,1
1,1.0,0,4.0,1.0,10.0,3.0,1.0,13.0,1.0,1.0,1.5,1.0,0.0,0.0,0.0,0.0,1
1,1.0,0,4.0,1.0,1.135102,6.0,1.0,12.0,1.0,1.0,1.9,1.0,0.0,0.0,0.0,0.0,1
1,1.0,1,5.0,1.0,20.0,3.0,1.0,12.0,1.0,1.0,0.4,1.0,0.0,0.0,0.0,0.0,1
1,1.0,0,1.0,1.0,21.0,1.0,1.0,12.0,5.0,1.0,3.0,1.0,4.0,11.0,379.0,0.0,1
1,1.0,1,5.0,1.0,16.0,1.0,1.0,0.0,1.0,1.0,3.1,1.0,4.0,11.0,379.0,0.0,1
1,2.0,0,6.0,1.0,13.0,3.0,2.0,14.0,1.0,1.0,86.3,1.0,0.0,0.0,0.0,0.0,1
0,1.0,1,4.0,1.0,14.0,9.0,1.0,13.0,1.0,1.0,0.8,1.0,0.0,0.0,0.0,0.0,1
1,1.0,0,4.0,1.0,13.0,7.0,1.0,12.0,1.0,1.0,1.1,1.0,0.0,0.0,0.0,0.0,1
1,1.0,1,4.0,1.0,4.0,8.0,2.0,12.0,1.0,1.0,1.8,1.0,0.0,0.0,0.0,0.0,1
1,1.0,0,5.0,1.0,0.0,3.0,1.0,9.0,1.0,1.0,0.0,1.0,0.0,0.0,0.0,3.0,0
1,1.0,0,4.0,1.0,13.0,9.0,1.0,9.0,1.0,1.0,1.8,1.0,4.0,11.0,379.0,0.0,1
1,1.0,0,4.0,1.0,13.0,7.0,1.0,13.0,5.0,1.0,0.9,1.0,0.0,0.0,0.0,0.0,1
1,1.0,0,4.0,1.0,13.0,5.0,2.0,8.0,1.0,1.0,2.6,1.0,0.0,0.0,0.0,0.0,1
1,1.0,0,5.0,1.0,13.0,1.0,2.0,13.0,1.0,1.0,1.2,1.0,0.0,0.0,0.0,0.0,1
0,1.0,1,5.0,1.0,16.0,6.0,1.0,12.0,1.0,1.0,3.5,1.0,0.0,0.0,0.0,0.0,1
0,1.0,1,4.0,1.0,13.0,5.0,2.0,12.0,5.0,1.0,0.9,1.0,0.0,0.0,0.0,0.0,1
1,1.0,0,4.0,1.0,11.0,1.0,1.0,10.0,1.0,1.0,1.0,1.0,0.0,0.0,0.0,0.0,1
1,1.0,0,4.0,1.0,13.0,7.0,2.0,7.0,1.0,1.0,0.0,1.0,0.0,0.0,0.0,0.0,1
1,1.0,0,4.0,1.0,11.0,4.0,2.0,0.0,1.0,1.0,2.5,1.0,0.0,0.0,0.0,0.0,1
1,1.0,0,5.0,1.0,4.0,5.0,1.0,12.0,1.0,1.0,0.0,1.0,0.0,0.0,0.0,3.0,1
1,1.0,0,4.0,1.0,0.0,8.0,1.0,12.0,1.0,1.0,3.7,1.0,0.0,0.0,0.0,0.0,0
1,1.0,1,5.0,1.0,8.0,4.0,2.0,10.0,1.0,1.0,0.0,1.0,0.0,0.0,0.0,0.0,1
1,1.0,1,5.0,1.0,14.0,3.0,2.0,8.0,1.0,1.0,1.6,1.0,0.0,0.0,0.0,0.0,1
1,2.0,1,5.0,1.0,11.225843,10.0,2.0,14.0,1.0,1.0,3.6,1.0,0.0,0.0,0.0,0.0,1
1,1.0,0,4.0,1.0,10.0,7.0,2.0,13.0,1.0,1.0,0.0,1.0,0.0,0.0,0.0,0.0,1
1,1.0,0,2.0,1.0,15.0,7.0,1.0,13.0,1.0,1.0,1.0,1.0,0.0,0.0,0.0,0.0,1
1,1.0,0,4.0,1.0,4.0,4.0,1.0,10.0,1.0,1.0,1.1,1.0,0.0,0.0,0.0,0.0,1
1,1.0,0,4.0,1.0,13.0,12.0,1.0,8.0,1.0,1.0,1.5263535,1.0,0.0,0.0,0.0,0.0,1
1,1.0,1,6.0,1.0,11.0,7.0,1.0,12.0,1.0,1.0,1.5,1.0,0.0,0.0,0.0,0.0,1
1,1.0,0,4.0,1.0,0.0,5.0,1.0,13.0,1.0,1.0,1.3,1.0,0.0,0.0,0.0,3.0,0
1,1.0,0,5.0,1.0,13.0,1.0,1.0,12.0,1.0,1.0,1.6,1.0,0.0,0.0,0.0,0.0,1
1,1.0,1,4.0,1.0,22.0,4.0,1.0,5.0,1.0,1.0,0.0,1.0,0.0,0.0,0.0,0.0,1
1,1.0,0,4.0,1.0,13.0,4.0,1.0,14.0,1.0,1.0,5.0,1.0,0.0,0.0,0.0,0.0,1
1,1.0,0,4.0,1.0,16.0,4.0,2.0,13.0,1.0,1.0,86.3,1.0,0.0,0.0,0.0,0.0,1
1,1.0,0,4.0,1.0,13.0,10.0,2.0,13.0,1.0,1.0,2.6,1.0,0.0,0.0,0.0,0.0,1
1,1.0,1,5.0,1.0,22.0,5.0,1.0,14.0,1.0,1.0,2.1,1.0,0.0,0.0,0.0,0.0,1
0,1.0,1,5.0,1.0,16.0,8.0,1.0,0.0,1.0,1.0,1.1,1.0,0.0,0.0,0.0,0.0,1
1,1.0,1,5.0,1.0,11.0,10.0,1.0,13.0,1.0,1.0,1.0,1.0,0.0,0.0,0.0,0.0,1
1,1.0,1,4.0,1.0,10.0,11.0,1.0,12.0,1.0,1.0,2.3,1.0,0.0,0.0,0.0,0.0,1
1,1.0,0,4.0,1.0,0.0,10.0,2.0,12.0,1.0,1.0,2.4,1.0,0.0,0.0,0.0,0.0,1
1,1.0,1,4.0,1.0,11.0,12.0,1.0,12.0,1.0,1.0,0.0,1.0,0.0,0.0,0.0,0.0,1
1,1.0,0,4.0,1.0,10.0,8.0,1.0,12.0,1.0,1.0,1.7,1.0,0.0,0.0,0.0,0.0,1
0,1.0,0,5.0,1.0,13.0,5.0,2.0,11.0,1.0,1.0,1.5,1.0,0.0,0.0,0.0,0.0,1
1,1.0,0,4.0,1.0,11.0,6.0,1.0,13.0,1.0,1.0,1.1,1.0,0.0,0.0,0.0,0.0,1
1,1.0,1,5.0,1.0,11.0,12.0,1.0,0.0,5.0,1.0,1.0566359,1.0,3.0,6.0,211.0,0.0,1
1,1.0,0,4.0,1.0,4.0,9.0,2.0,12.0,1.0,1.0,0.0,1.0,0.0,0.0,0.0,0.0,1
1,2.0,0,5.0,1.0,4.0,7.0,1.0,14.0,1.0,1.0,3.6,1.0,0.0,0.0,0.0,0.0,0
0,1.0,0,3.9485419,1.0,13.0,5.0,2.0,4.0,1.0,1.0,86.3,1.0,0.0,0.0,0.0,0.0,1
1,1.0,0,4.0,1.0,10.0,1.0,1.0,14.0,5.0,1.0,3.1,1.0,0.0,0.0,0.0,0.0,1
1,1.0,1,4.0,1.0,16.0,5.0,1.0,13.0,1.0,1.0,0.0,1.0,4.0,11.0,379.0,0.0,1
1,1.0,0,4.0,1.0,1.0,9.0,1.0,12.0,1.0,1.0,1.2,1.0,0.0,0.0,0.0,3.0,1
0,1.0,1,4.0,1.0,10.0,11.0,1.0,13.0,1.0,1.0,2.2,1.0,0.0,0.0,0.0,0.0,1
1,1.0,1,4.0,1.0,10.0,8.0,2.0,9.0,1.0,1.0,2.2,1.0,0.0,0.0,0.0,0.0,1
1,1.0,1,7.0,1.0,13.0,8.0,2.0,0.0,1.0,1.0,0.0,1.0,0.0,0.0,0.0,0.0,1
1,1.0,0,4.0,1.0,0.0,4.0,1.0,13.0,1.0,1.0,0.0,1.0,0.0,0.0,0.0,0.0,1
1,1.0,1,5.0,1.0,0.0,4.0,1.0,9.0,1.0,1.0,1.3,1.0,0.0,0.0,0.0,0.0,0
1,1.0,0,4.0,1.0,13.0,1.0,2.0,12.0,1.0,1.0,0.6,1.0,3.0,7.0,379.0,0.0,1
1,1.0,0,4.0,1.0,15.0,2.0,1.0,12.0,1.0,1.0,0.9,1.0,0.0,0.0,0.0,0.0,1
1,1.0,1,5.0,1.0,4.0,6.0,2.0,0.0,1.0,1.0,0.6,1.0,0.0,0.0,0.0,0.0,1
1,1.0,0,1.0,1.0,22.0,5.9795094,2.0,12.0,1.0,1.0,1.0,1.0,0.0,0.0,0.0,0.0,1
1,1.0,0,4.0,1.0,13.0,2.0,1.0,12.0,5.0,1.0,0.9,1.0,4.0,11.0,379.0,0.0,1
1,1.0,1,5.0,1.0,2.0,1.0,1.0,13.0,1.0,1.0,0.7,1.0,0.0,0.0,0.0,0.0,1
1,1.0,1,4.0,1.0,13.0,10.0,2.0,12.0,1.0,1.0,86.3,1.0,0.0,0.0,0.0,0.0,1
1,1.0,0,4.0,1.0,13.0,1.0,1.0,12.0,1.0,1.0,0.0,1.0,0.0,0.0,0.0,0.0,1
1,1.0,0,4.0,1.0,3.0,5.0,1.0,12.0,1.0,1.0,2.3,1.0,0.0,0.0,0.0,0.0,1
1,1.0,0,4.0,1.0,11.0,5.0,1.0,12.0,1.0,2.0,2.2,1.0,0.0,0.0,0.0,0.0,1
0,2.0,1,4.0,1.0,11.0,5.0,1.0,7.0,1.0,1.0,0.8,1.0,0.0,0.0,0.0,0.0,1
1,1.0,0,4.0,1.0,0.0,11.0,1.0,6.0,1.0,1.0,2.9,1.0,0.0,0.0,0.0,0.0,1
1,1.0,0,4.0,1.0,13.0,10.0,2.0,13.0,1.0,1.0,0.0,1.0,0.0,0.0,0.0,0.0,1
1,1.0,0,4.0,1.0,16.0,12.0,2.0,5.0,1.0,1.0,1.1,1.0,0.0,0.0,0.0,0.0,0
1,1.0,0,1.0,1.0,13.0,5.0,2.0,13.0,1.0,1.0,3.2,1.0,0.0,0.0,0.0,0.0,1
1,1.0,0,4.0,1.0,13.0,4.0,2.0,13.0,1.0,1.0,0.0,1.0,0.0,0.0,0.0,0.0,1
1,1.0,1,5.0,1.0,13.0,5.0,1.0,12.0,1.0,1.0,0.5,1.0,0.0,6.0,0.0,0.0,1
1,1.0,1,5.0,1.0,11.0,10.0,1.0,12.0,1.0,1.0,0.0,1.0,0.0,0.0,0.0,0.0,1
0,1.0,1,5.0,1.0,14.0,1.0,1.0,13.0,5.0,1.0,0.7,1.0,0.0,0.0,0.0,0.0,1
1,1.0,0,4.0,1.0,4.0,8.0,2.0,13.0,1.0,1.0,0.7,1.0,0.0,0.0,0.0,0.0,1
1,1.0,0,4.0,1.0,13.0,1.0,2.0,13.0,1.0,1.0,1.7,1.0,0.0,0.0,0.0,0.0,1
0,2.0,1,5.0,1.0,15.0,10.0,1.0,13.0,1.0,1.0,86.3,1.0,0.0,0.0,0.0,0.0,1
0,1.0,1,7.0,1.0,22.0,10.0,1.0,13.0,1.0,1.0,86.3,1.0,0.0,0.0,0.0,0.0,1
1,1.0,1,5.0,1.0,16.0,11.0,2.0,14.0,1.0,1.0,86.3,1.0,0.0,0.0,0.0,0.0,1
1,1.0,0,4.0,1.0,10.0,1.0,1.0,12.0,1.0,1.0,1.1,1.0,0.0,0.0,0.0,0.0,1
1,1.0,0,4.0,1.0,11.0,1.0,2.0,12.0,1.0,1.0,0.9,1.0,0.0,0.0,0.0,0.0,1
1,2.0,0,4.0,1.0,13.0,1.0,1.0,12.0,1.0,1.0,0.8,1.0,0.0,0.0,0.0,0.0,1
1,1.0,1,4.0,1.0,16.0,8.0,2.0,13.0,1.0,1.0,0.0,1.0,0.0,0.0,0.0,0.0,1
0,1.0,0,4.0,1.0,4.0,10.0,2.0,6.0,1.0,1.0,1.1,1.0,0.0,0.0,0.0,0.0,1
1,1.0,0,4.0,1.0,0.0,4.0,2.0,13.0,1.0,1.0,0.9,1.0,0.0,0.0,0.0,0.0,1
1,1.0,1,5.0,1.0,16.0,4.0,1.0,5.0,1.0,1.0,1.4,1.0,0.0,0.0,0.0,0.0,1
1,1.0,0,4.0,1.0,1.0,3.0,1.0,13.0,1.0,1.0,0.0,1.0,0.0,0.0,0.0,0.0,1
1,1.0,0,4.0,1.0,22.0,9.0,1.0,9.0,1.0,1.0,0.0,1.0,0.0,0.0,0.0,0.0,1
1,1.0,1,5.0,1.0,10.0,9.0,1.0,13.0,1.0,1.0,1.8,1.0,0.0,0.0,0.0,0.0,1
1,1.0,0,5.0,1.0,4.0,6.0,2.0,4.0,1.0,1.0,2.1,1.0,0.0,0.0,0.0,0.0,1
1,1.0,0,4.0,1.0,4.3349333,4.0,1.0,10.0,1.0,1.0,86.3,1.0,0.0,0.0,0.0,0.0,1
1,1.0,0,4.0,1.0,0.0,7.0,1.0,12.0,1.0,1.0,2.0,1.0,0.0,0.0,0.0,0.0,1
1,1.0,1,5.0,1.0,13.0,12.0,2.0,12.0,1.0,1.0,1.3,1.0,0.0,0.0,0.0,0.0,1
1,1.0,1,5.0,1.0,16.0,1.0,1.0,13.0,1.0,1.0,0.0,1.0,0.0,0.0,0.0,0.0,1
1,1.0,1,5.0,1.0,8.0,7.0,2.0,0.0,1.0,1.0,1.6,1.0,0.0,0.0,0.0,0.0,1
1,1.0,0,4.0,1.0,0.0,1.0,1.0,12.0,1.0,2.0,1.7,1.0,0.0,0.0,0.0,3.0,0
1,1.0,1,6.0,1.0,16.0,12.0,1.0,13.0,1.0,1.0,2.3,1.0,0.0,0.0,0.0,0.0,1
1,1.0,0,4.0,1.0,0.0,7.0,1.0,12.0,1.0,1.0,86.3,1.0,0.0,0.0,0.0,0.0,0
1,1.0,0,5.0,1.0,0.0,4.0,2.0,13.0,1.0,1.0,0.4,1.0,0.0,0.0,0.0,0.0,1
1,1.0,0,4.0,1.0,13.0,4.0,2.0,12.0,1.0,1.0,4.3,1.0,0.0,0.0,0.0,0.0,1
1,1.0,0,4.0,1.0,0.0,6.0,1.0,7.0,1.0,1.0,86.3,1.0,0.0,0.0,0.0,0.0,1
1,1.0,0,4.0,1.0,0.0,6.0,1.0,12.0,1.0,1.0,0.8,1.0,0.0,0.0,0.0,0.0,1
1,1.0,0,4.0,1.0,13.0,5.0,2.0,13.0,1.0,1.0,1.7,1.0,0.0,0.0,0.0,0.0,1
1,1.0,0,4.0,1.0,16.0,1.0,1.0,12.0,1.0,1.0,5.3,1.0,4.0,11.0,379.0,0.0,1
1,1.0,0,5.0,1.0,0.0,10.0,1.0,13.0,1.0,1.0,2.0,1.0,0.0,0.0,0.0,0.0,1
0,1.0,1,4.0,1.0,22.0,6.0,2.0,12.0,1.0,1.0,86.3,1.0,0.0,0.0,0.0,0.0,1
1,1.0,0,4.0,1.0,11.0,6.0,1.0,7.0,1.0,1.0,0.9,1.0,0.0,0.0,0.0,0.0,0
1,1.0,0,5.0,1.0,10.0,4.0,2.0,7.0,1.0,1.0,0.0,1.0,0.0,0.0,0.0,0.0,1
1,1.0,0,2.0,1.0,20.0,7.0,2.0,0.0,1.0,1.0,1.0,1.0,0.0,0.0,0.0,0.0,1
1,1.0,1,4.0,1.0,11.0,6.0,1.0,13.0,1.0,1.0,0.0,1.0,0.0,0.0,0.0,0.0,1
1,1.0,0,4.0,1.0,12.0,6.0,1.0,12.0,1.0,1.0,3.3,1.0,0.0,0.0,0.0,0.0,1
1,1.0,0,4.0,1.0,4.0,12.0,2.0,13.0,1.0,1.0,2.0,1.0,0.0,0.0,0.0,0.0,1
1,1.0,0,5.0,1.0,0.0,1.0,1.0,13.0,1.0,1.0,1.6,1.0,0.0,0.0,0.0,0.0,1
0,1.0,1,5.0,1.0,4.0,4.0,2.0,12.0,1.0,1.0,0.9,1.0,0.0,0.0,0.0,0.0,1
1,1.0,1,6.0,1.0,11.0,12.0,1.0,13.0,1.0,1.0,86.3,1.0,0.0,0.0,0.0,0.0,1
1,1.0,0,4.0,1.0,13.0,1.0,1.0,12.0,1.0,1.0,0.6,1.0,0.0,6.0,0.0,0.0,0
0,1.0,0,2.0,1.0,13.0,5.0,1.0,0.0,1.0,1.0,9.298755,1.0,0.0,0.0,0.0,0.0,1
1,1.0,0,4.0,1.0,4.0,7.0,1.0,12.0,1.0,1.0,2.0,1.0,0.0,0.0,0.0,0.0,1
1,1.0,0,5.0,1.0,12.794471,1.0,1.0,8.0,1.0,1.0,2.4,1.0,0.0,0.0,0.0,0.0,1
1,1.0,1,4.0,1.0,13.0,3.0,1.0,12.0,1.0,1.0,1.0,1.0,0.0,0.0,0.0,0.0,1
1,1.0,1,5.0,1.0,13.0,11.0,1.0,11.0,5.0,1.0,3.3,1.0,0.0,0.0,0.0,0.0,1
1,1.0,0,5.0,1.0,11.0,2.0,1.0,13.0,1.0,1.0,1.7,1.0,0.0,0.0,0.0,0.0,1
1,1.0,0,5.0,1.0,10.0,9.0,1.0,12.0,1.0,1.0,0.4,1.0,0.0,0.0,0.0,0.0,1
1,1.0,0,1.0,1.0,13.0,8.0,1.0,12.0,1.0,1.0,3.8,1.0,0.0,0.0,0.0,0.0,1
1,1.0,1,5.0,1.0,4.0,10.0,1.0,14.0,1.0,1.0,1.0,1.0,0.0,0.0,0.0,0.0,1
1,1.0,1,5.0,1.0,11.0,3.0,1.0,10.0,1.0,1.0,0.0,1.0,0.0,0.0,0.0,0.0,1
1,1.0,0,4.0,1.0,22.0,7.0,2.0,0.0,1.0,1.0,1.4,1.0,0.0,0.0,0.0,0.0,1
1,1.0,0,4.0,1.0,13.0,12.0,1.0,0.0,1.0,1.0,1.4,1.0,0.0,0.0,0.0,0.0,1
1,1.0,1,4.0,1.0,10.0,9.0,1.0,12.0,1.0,1.0,2.8,1.0,0.0,0.0,0.0,0.0,1
1,1.0,0,4.0,1.0,11.0,5.0,1.0,12.0,1.0,1.0,0.6,1.0,0.0,0.0,0.0,0.0,1
0,1.0,0,4.0,1.0,11.0,12.0,1.0,12.0,1.0,1.0,0.7,1.0,0.0,0.0,0.0,0.0,1
1,1.0,0,4.0,1.0,6.0,4.0,2.0,12.0,1.0,1.0,1.1,1.0,0.0,0.0,0.0,0.0,1
1,1.0,0,4.0,1.0,11.0,1.0,1.0,13.0,1.0,1.0,1.2,1.0,0.0,0.0,0.0,0.0,1
1,1.0,1,5.0,1.0,13.0,4.0,1.0,14.0,1.0,1.0,86.3,1.0,0.0,0.0,0.0,0.0,1
1,1.0,1,4.0,1.0,13.0,8.0,2.0,8.0,1.0,1.0,1.1,1.0,0.0,0.0,0.0,0.0,1
1,1.0,0,4.0,1.0,15.0,1.0,1.0,13.0,1.0,1.0,1.4,1.0,0.0,0.0,0.0,0.0,1
1,1.0,1,5.0,1.0,10.0,3.0,1.0,12.0,1.0,1.0,2.7,1.0,0.0,0.0,0.0,0.0,0
1,1.0,0,4.0,1.0,13.0,8.0,1.0,12.0,1.0,1.0,0.5,1.0,0.0,0.0,0.0,0.0,1
1,1.0,0,5.0,1.0,13.0,4.0,1.0,13.0,1.0,1.0,0.8,1.0,3.0,5.149032,282.23077,0.0,1
1,1.0,1,5.0,1.0,13.0,5.0,1.0,7.979173,1.0,1.0,2.4,1.0,4.0,11.0,379.0,0.0,1
1,1.0,0,4.0,1.0,11.226666,9.0,2.0,13.0,1.0,1.0,0.0,1.0,0.0,0.0,0.0,0.0,1
1,1.0,1,5.0,1.0,13.0,12.0,1.0,4.0,1.0,1.0,4.6,1.0,0.0,0.0,0.0,0.0,1
1,2.0,0,4.0,1.0,11.0,4.0,1.0,13.0,1.0,1.0,2.1,1.0,0.0,0.0,0.0,0.0,1
1,1.0,0,5.0,1.0,3.0,5.0,1.0,12.0,1.0,1.0,2.3,1.0,0.0,0.0,0.0,0.0,0
1,1.0,1,7.0,1.0,16.0,5.0,1.0,13.0,1.0,1.0,3.5,1.0,0.0,0.0,0.0,0.0,1
0,1.0,1,4.0,1.0,13.0,2.0,1.0,12.0,1.0,1.0,0.5,1.0,0.0,0.0,0.0,0.0,1
1,1.0,0,4.0,1.0,13.0,1.0,1.0,12.0,1.0,1.0,1.0,1.0,0.0,0.0,0.0,0.0,1
1,1.0,1,4.0,1.0,9.0,7.0,1.0,12.0,1.0,1.0,1.4,1.0,0.0,0.0,0.0,0.0,1
1,2.0,0,4.0,1.0,13.0,1.0,1.0,13.0,1.0,1.0,0.8,1.0,0.0,0.0,0.0,0.0,1
1,1.0,1,5.0,1.0,13.0,5.0,2.0,12.0,1.0,1.0,2.0,1.0,0.0,0.0,0.0,0.0,1
1,1.0,0,4.0,1.0,9.0,9.0,2.0,12.0,1.0,1.0,2.8,1.0,0.0,0.0,0.0,0.0,1
0,1.0,1,5.0,1.0,13.0,12.0,2.0,0.0,1.0,1.0,1.5,1.0,0.0,0.0,0.0,0.0,1
1,1.0,1,5.0,1.0,0.0,6.0,2.0,8.0,1.0,1.0,3.2,1.0,0.0,0.0,0.0,0.0,1
1,1.0,1,5.0,1.0,13.0,1.0,2.0,13.0,1.0,1.0,0.0,1.0,0.0,0.0,0.0,0.0,1
1,1.0,0,4.0,1.0,3.0,5.0,1.0,13.0,1.0,1.0,0.6,1.0,0.0,7.0,0.0,3.0,0
1,1.0,0,4.0,1.0,13.0,12.0,1.0,14.0,1.0,1.0,5.6,1.0,0.0,0.0,0.0,0.0,1
0,2.0,0,4.0,1.0,13.0,12.0,2.0,14.0,1.0,1.0,2.1,1.0,0.0,0.0,0.0,0.0,1
1,1.0,1,5.0,1.0,16.0,5.0,1.0,13.0,1.0,1.0,86.3,1.0,0.0,0.0,0.0,0.0,1
1,1.0,0,4.0,1.0,13.0,8.0,2.0,12.0,1.0,1.0,0.9,1.0,0.0,0.0,0.0,0.0,1
1,1.0,0,4.0,1.0,13.0,12.0,2.0,0.0,1.0,1.0,0.0,1.0,0.0,0.0,0.0,0.0,1
1,1.0,0,1.0,1.0,13.0,7.0,1.0,7.0,1.0,1.0,2.8,1.0,0.0,0.0,0.0,0.0,1
1,1.0,0,4.0,1.0,13.0,5.0,1.0,13.0,1.0,1.0,1.5,1.0,0.0,0.0,0.0,0.0,1
1,1.0,0,4.0,1.0,10.0,5.0,1.0,13.0,1.0,1.0,1.7,1.0,0.0,0.0,0.0,0.0,1
1,1.0,1,6.0,1.0,13.0,5.0,1.0,12.0,1.0,1.0,0.0,1.0,0.0,0.0,0.0,0.0,1
1,1.0,0,4.0,1.0,12.0,1.0,2.0,13.0,1.0,1.0,0.0,1.0,0.0,0.0,0.0,0.0,1
1,1.0,1,7.0,1.0,14.0,6.0,2.0,13.0,1.0,1.0,1.2,1.0,0.0,0.0,0.0,0.0,1
1,1.0,0,4.0,1.0,13.0,12.0,2.0,12.0,1.0,1.0,1.1,1.0,0.0,0.0,0.0,0.0,1
1,1.0,0,4.0,1.0,20.0,5.0,1.0,13.0,1.0,1.0,0.6,1.0,0.0,0.0,0.0,0.0,1
1,1.0,0,5.0,1.0,11.0,3.0,2.0,14.0,1.0,1.0,3.0,1.0,0.0,0.0,0.0,0.0,1
1,1.0,0,4.0,1.0,2.0,5.0,1.0,13.0,1.0,1.0,1.3,1.0,0.0,0.0,0.0,0.0,1
0,1.0,1,4.0,1.0,13.0,11.0,2.0,12.0,1.0,1.0,1.0,1.0,0.0,0.0,0.0,0.0,1
1,1.0,0,4.0,1.0,13.0,6.0,2.0,13.0,1.0,1.0,1.6,1.0,0.0,0.0,0.0,0.0,1
1,1.0,0,5.0,1.0,9.0,7.0,1.0,12.0,1.0,1.0,1.6,1.0,0.0,0.0,0.0,0.0,1
1,1.0,0,4.0,1.0,13.0,4.0,2.0,0.0,1.0,1.0,1.0,1.0,0.0,0.0,0.0,0.0,1
1,1.0,1,5.0,1.0,20.0,8.0,1.0,14.0,1.0,1.0,0.9,1.0,0.0,0.0,0.0,0.0,1
1,1.0,1,5.0,1.0,13.0,7.0,1.0,13.0,1.0,1.0,1.5,1.0,0.0,0.0,0.0,0.0,1
1,1.0,0,4.0,1.0,14.0,3.0,1.0,13.0,1.0,1.0,1.2,1.0,0.0,0.0,274.0,0.0,1
1,1.0,0,4.0,1.0,13.0,11.0,1.0,12.0,1.0,1.0,0.9,1.0,0.0,0.0,0.0,0.0,1
1,1.0,0,4.0,1.0,20.0,10.0,1.0,12.0,1.0,1.0,0.0,1.0,0.0,0.0,0.0,0.0,1
1,1.0,1,5.0,1.0,10.0,12.0,1.0,12.0,1.0,1.0,1.0,1.0,0.0,0.0,0.0,0.0,1
1,1.0,1,5.0,1.0,16.0,1.0,2.0,12.0,1.0,1.0,1.3,1.0,0.0,0.0,0.0,0.0,1
0,1.0,0,1.0,1.0,14.0,5.0,2.0,12.0,1.0,1.0,1.6,1.0,0.0,0.0,0.0,0.0,1
1,1.0,0,4.0,1.0,12.0,5.0,2.0,7.0,1.0,1.0,0.7,1.0,0.0,0.0,0.0,0.0,1
0,1.0,0,4.0,1.0,13.0,11.0,1.0,11.0,1.0,1.0,1.1,1.0,0.0,0.0,0.0,0.0,1
1,1.0,1,4.0,1.0,22.0,1.0,1.0,8.0,1.0,1.0,2.6290078,1.0,0.0,0.0,0.0,0.0,1
1,1.0,0,4.0,1.0,14.0,1.0,1.0,12.0,1.0,1.0,86.3,1.0,3.0,0.0,293.0,0.0,1
1,1.0,0,4.0,1.0,11.0,4.0,1.0,13.0,1.0,1.0,1.2,1.0,0.0,0.0,0.0,0.0,1
0,1.0,1,5.0,1.0,0.0,6.0,1.0,13.0,1.0,1.0,2.0,1.0,0.0,0.0,0.0,0.0,1
1,1.0,1,6.0,1.0,13.0,12.0,2.0,14.0,1.0,1.0,86.3,1.0,0.0,0.0,0.0,0.0,1
0,1.0,0,4.0,1.0,16.0,6.0,1.0,13.0,1.0,1.0,86.3,1.0,0.0,0.0,0.0,0.0,1
1,1.0,0,1.0,1.0,13.0,6.0,1.0,13.0,1.0,1.0,3.1,1.0,0.0,2.0,259.91043,0.0,1
1,1.0,1,6.0,1.0,4.0,10.0,2.0,8.0,1.0,1.0,0.0,1.0,0.0,0.0,0.0,0.0,1
1,1.0,0,4.0,1.0,13.0,10.0,1.0,12.0,5.0,1.0,1.3,1.0,0.0,0.0,0.0,0.0,1
1,1.0,1,5.0,1.0,13.0,1.0,2.0,13.0,3.0,1.0,1.6,1.0,0.0,0.0,0.0,0.0,1
1,1.0,0,5.0,1.0,22.0,6.0,1.0,12.0,1.0,1.0,0.9,1.0,0.0,0.0,0.0,0.0,1
1,1.0,0,4.0,1.0,16.0,2.0,2.0,12.0,1.0,1.0,86.3,1.0,4.0,7.0,379.0,0.0,1
1,1.0,1,5.0,1.0,2.0,10.0,1.0,13.0,1.0,1.0,4.4,1.0,0.0,0.0,0.0,1.0,0
1,1.0,0,4.0,1.0,10.0,4.0,1.0,12.0,1.0,1.0,1.0,1.0,0.0,0.0,0.0,0.0,1
1,1.0,0,4.0,1.0,9.0,6.0,2.0,12.0,1.0,1.0,1.3,1.0,0.0,0.0,0.0,0.0,1
1,1.0,0,4.0,1.0,10.0,7.0,2.0,12.0,1.0,1.0,0.5,1.0,0.0,0.0,0.0,0.0,1
1,2.0,0,5.0,1.0,13.0,10.0,2.0,12.0,1.0,1.0,86.3,1.0,0.0,0.0,0.0,0.0,1
1,1.0,1,5.0,1.0,11.0,11.0,2.0,13.0,1.0,1.0,0.9,1.0,0.0,0.0,0.0,0.0,1
1,1.0,0,4.0,1.0,13.0,12.0,1.0,14.0,1.0,1.0,86.3,1.0,0.0,0.0,0.0,0.0,1
1,2.0,1,5.0,1.0,14.0,7.0,1.0,13.0,1.0,1.0,86.3,1.0,0.0,0.0,0.0,0.0,0
1,1.0,0,4.0,1.0,1.0,1.0,2.0,14.0,1.0,1.0,1.0,1.0,0.0,0.0,0.0,0.0,1
1,1.0,0,4.0,1.0,0.0,9.0,1.0,13.0,1.0,2.0,3.7,1.0,0.0,0.0,0.0,3.0,0
1,1.0,1,4.0,1.0,14.0,1.0,2.0,10.0,1.0,1.0,1.2,1.0,0.0,0.0,0.0,0.0,1
1,1.0,0,4.0,1.0,16.0,4.0,2.0,12.0,1.0,1.0,1.4,1.0,3.0,0.0,0.0,0.0,1
1,1.0,0,4.0,1.0,13.0,1.0,2.0,13.0,1.0,1.0,6.9785795,1.0,0.0,0.0,0.0,0.0,1
1,1.0,1,4.0,1.0,13.0,8.0,1.0,14.0,1.0,1.0,2.5,1.0,0.0,0.0,0.0,0.0,1
1,1.0,1,5.0,2.0,11.0,9.0,1.0,12.0,5.0,1.0,2.4,1.0,0.0,0.0,0.0,0.0,1
0,1.0,1,5.0,1.0,13.0,2.0,1.0,13.0,5.0,1.0,1.1,1.0,0.0,0.0,0.0,0.0,1
1,1.0,0,4.0,1.0,13.0,2.0,1.0,12.0,1.0,1.0,0.9,1.0,0.0,0.0,0.0,0.0,1
1,2.0,0,4.0,1.0,2.678061,5.0,2.0,12.0,1.0,1.0,1.5,1.0,0.0,0.0,0.0,0.0,1
0,1.0,0,5.0,1.0,11.0,9.0,1.0,12.0,1.0,1.0,0.8,1.0,0.0,0.0,0.0,0.0,1
1,1.0,1,5.0,1.0,13.0,12.0,1.0,13.0,1.0,1.0,2.0,1.0,0.0,0.0,0.0,0.0,1
1,1.0,0,4.0,1.0,13.0,12.0,2.0,8.0,1.0,1.0,0.4,1.0,3.0,6.0,269.19052,0.0,1
1,1.0,0,5.0,1.0,11.0,5.9791145,2.0,4.0,1.0,1.0,2.0,1.0,0.0,0.0,0.0,0.0,1
1,1.0,1,7.0,1.0,14.0,2.0,1.0,13.0,5.0,1.0,1.6,1.0,0.0,0.0,0.0,0.0,1
1,2.0,1,5.0,1.0,8.0,9.0,2.0,14.0,1.0,1.0,5.1,1.0,0.0,0.0,0.0,0.0,1
1,1.0,0,5.0,1.0,4.0,1.0,1.0,13.0,1.0,1.0,0.9,1.0,0.0,0.0,0.0,0.0,1
1,1.0,0,5.0,1.0,2.0,9.0,2.0,13.0,1.0,1.0,3.2954938,1.0,0.0,0.0,0.0,0.0,1
0,1.0,1,5.0,1.0,13.0,8.0,1.0,4.0,1.0,1.0,0.6,1.0,0.0,0.0,0.0,0.0,0
1,1.0,1,5.0,1.0,13.0,8.0,2.0,12.0,1.0,1.0,2.8,1.0,0.0,0.0,0.0,0.0,1
0,1.0,1,5.0,1.0,22.0,1.0,2.0,13.0,1.0,1.0,1.4,1.0,0.0,0.0,0.0,0.0,1
1,1.0,0,4.0,1.0,22.0,6.0,2.0,12.0,1.0,1.0,5.0,1.0,0.0,0.0,0.0,0.0,1
1,1.0,0,4.0,1.0,14.0,6.0,2.0,13.0,1.0,1.0,1.6,1.0,0.0,0.0,0.0,0.0,1
1,1.0,0,4.0,1.0,0.0,11.0,1.0,12.0,5.0,1.0,2.1,1.0,0.0,0.0,0.0,0.0,1
0,2.0,1,4.0,1.0,16.0,4.0,1.0,12.0,1.0,1.0,86.3,1.0,0.0,0.0,0.0,0.0,1
1,2.0,1,7.0,1.0,11.0,9.0,2.0,14.0,1.0,1.0,9.207336,1.0,0.0,0.0,0.0,0.0,1
1,1.0,0,4.0,1.0,4.0,1.0,1.0,13.0,1.0,4.0,1.0,1.0,0.0,0.0,0.0,3.0,0
1,2.0,0,4.0,1.0,10.0,6.0,1.0,9.0,1.0,1.0,2.0,1.0,0.0,0.0,0.0,0.0,0
1,1.0,0,4.0,1.0,0.0,10.0,1.0,12.0,1.0,1.0,1.6,1.0,0.0,0.0,0.0,0.0,1
1,1.0,1,7.0,1.0,16.0,9.0,1.0,13.0,1.0,1.0,2.5,1.0,0.0,0.0,0.0,0.0,1
1,1.0,1,6.0,1.0,13.0,8.0,2.0,12.0,1.0,1.0,0.7,1.0,0.0,0.0,0.0,0.0,1
1,1.0,0,4.0,1.0,13.0,2.0,1.0,14.0,1.0,1.0,3.6,1.0,0.0,0.0,0.0,0.0,1
1,1.0,0,4.0,1.0,16.0,4.0,1.0,12.0,1.0,1.0,2.3,1.0,0.0,0.0,0.0,0.0,1
1,1.0,1,4.0,1.0,13.0,1.0,2.0,13.0,1.0,1.0,0.6,1.0,0.0,0.0,0.0,0.0,1
1,1.0,0,5.0,1.0,11.0,7.0,1.0,12.0,1.0,1.0,1.2,1.0,0.0,0.0,0.0,0.0,0
1,1.0,0,4.0,1.0,3.0,9.0,2.0,13.0,1.0,1.0,0.6,1.0,0.0,0.0,0.0,0.0,1
1,1.0,1,4.0,1.0,13.0,12.0,2.0,1.0,1.0,1.0,1.5,1.0,0.0,0.0,0.0,0.0,1
1,1.0,0,4.0,1.0,0.0,4.0,1.0,12.0,1.0,1.0,1.0,1.0,0.0,0.0,0.0,0.0,1
0,1.0,0,4.0,1.0,13.0,9.0,1.0,12.0,1.0,1.0,1.5,1.0,0.0,0.0,0.0,0.0,1
1,1.0,1,4.0,1.0,13.0,9.0,1.0,12.0,1.0,1.0,3.0,1.0,0.0,0.0,0.0,0.0,1
1,1.0,0,4.0,1.0,6.0,8.0,1.0,9.0,1.0,1.0,0.5,1.0,0.0,0.0,0.0,0.0,0
1,1.0,1,5.0,1.0,5.0,3.0,1.0,13.0,1.0,1.0,1.0,1.0,0.0,0.0,0.0,0.0,1
1,1.0,0,4.0,1.0,0.0,1.0,1.0,12.0,1.0,1.0,1.8,1.0,0.0,0.0,0.0,0.0,1
1,1.0,0,4.0,1.0,13.0,5.0,1.0,14.0,1.0,1.0,1.0,1.0,0.0,0.0,0.0,0.0,1
1,1.0,1,4.0,1.0,13.0,4.0,1.0,10.0,1.0,1.0,1.7,1.0,0.0,0.0,0.0,0.0,1
1,1.0,1,5.0,1.0,13.0,1.0,2.0,13.0,1.0,1.0,1.2,1.0,0.0,0.0,0.0,0.0,1
0,1.0,0,4.0,1.0,13.0,3.0,2.0,13.0,1.0,1.0,1.4,1.0,0.0,0.0,0.0,0.0,1
1,1.0,0,1.5203158,1.0,6.0,8.0,1.0,7.0,1.0,1.0,86.3,1.0,0.0,6.0,197.43735,0.0,1
1,1.0,1,4.0,1.0,14.0,3.0,2.0,12.0,1.0,1.0,1.6,1.0,3.0,0.0,276.07324,0.0,1
1,1.0,0,5.0,1.0,3.0,10.0,1.0,0.0,1.0,1.0,0.9,1.0,0.0,0.0,0.0,3.0,0
1,1.0,0,4.0,1.0,13.0,3.0,2.0,12.0,1.0,1.0,1.7,1.0,4.0,7.0,379.0,0.0,1
1,1.0,0,1.0,1.0,22.0,7.0,1.0,0.0,1.0,1.0,0.6,1.0,0.0,0.0,0.0,0.0,1
1,1.0,1,5.0,1.0,16.0,1.0,2.0,14.0,1.0,1.0,1.2,1.0,0.0,0.0,0.0,0.0,1
1,1.0,1,5.0,1.0,14.0,3.0,2.0,0.0,1.0,1.0,0.0,1.0,0.0,0.0,0.0,0.0,1
1,1.0,1,4.0,1.0,13.0,8.0,2.0,14.0,1.0,1.0,0.7,1.0,0.0,0.0,0.0,0.0,1
1,1.0,1,5.0,1.0,13.0,4.0,2.0,12.0,1.0,1.0,1.6,1.0,0.0,0.0,0.0,0.0,1
1,1.0,0,4.0,1.0,4.0,7.0,1.0,8.0,1.0,1.0,0.9,1.0,0.0,0.0,0.0,0.0,1
0,1.0,1,5.0,1.0,16.0,1.0,2.0,13.0,5.0,1.0,1.9,1.0,0.0,0.0,0.0,0.0,1
1,1.0,0,4.0,1.0,13.0,8.0,1.0,13.0,1.0,1.0,4.2,1.0,0.0,0.0,0.0,0.0,1
0,1.0,1,5.0,1.0,13.0,9.0,2.0,10.0,1.0,1.0,2.1,1.0,0.0,0.0,0.0,0.0,1
1,1.0,0,4.0,1.0,10.0,6.0,1.0,12.0,1.0,1.0,1.7598195,1.0,0.0,0.0,0.0,0.0,1
1,1.0,1,5.0,1.0,16.0,5.0,1.0,0.0,1.0,1.0,0.8,1.0,0.0,0.0,0.0,0.0,1
1,1.0,0,5.0,1.0,0.0,3.0,1.0,14.0,1.0,1.0,2.8,1.0,0.0,0.0,0.0,3.0,1
1,1.0,1,4.0,1.0,10.0,5.0,2.0,9.0,1.0,1.0,4.3,1.0,3.0,5.0,379.0,0.0,1
1,1.0,0,4.0,1.0,9.0,8.0,1.0,3.0,1.0,1.0,5.9580154,1.0,0.0,0.0,0.0,0.0,1
1,1.0,1,4.0,1.0,13.0,7.0,1.0,12.0,1.0,1.0,0.0,1.0,4.0,11.0,379.0,0.0,1
1,1.0,1,5.0,1.0,10.0,4.0,2.0,6.0,1.0,1.0,0.7,1.0,0.0,0.0,0.0,0.0,1
1,1.0,1,5.0,1.0,2.0,12.0,2.0,13.0,1.0,1.0,0.8,1.0,0.0,0.0,0.0,0.0,1
1,1.0,0,1.0,1.0,22.0,5.0,2.0,11.0,1.0,1.0,86.3,1.0,0.0,0.0,271.0,0.0,1
1,1.0,1,6.0,1.0,14.0,5.0,2.0,12.0,1.0,1.0,1.2,1.0,0.0,0.0,0.0,0.0,1
1,1.0,1,4.0,1.0,4.0,6.0,1.0,12.0,1.0,1.0,1.5,1.0,0.0,0.0,0.0,0.0,1
1,1.0,1,5.0,1.0,13.0,4.0,2.0,9.0,1.0,1.0,1.0,1.0,0.0,0.0,0.0,0.0,1
1,1.0,0,4.0,1.0,0.0,4.0,1.0,12.0,1.0,1.0,1.8,1.0,0.0,0.0,0.0,0.0,1
1,2.0,0,4.0,1.0,13.0,6.0,2.0,12.0,1.0,1.0,2.0,1.0,0.0,0.0,0.0,0.0,1
1,1.0,0,1.0,1.0,14.0,12.0,2.0,9.0,1.0,1.0,3.1,1.0,0.0,0.0,0.0,0.0,1
1,1.0,0,4.0,1.0,13.0,5.0,1.0,14.0,1.0,1.0,0.0,1.0,0.0,0.0,0.0,0.0,1
1,1.0,0,2.0,1.0,16.0,9.0,2.0,12.0,1.0,1.0,0.9,1.0,0.0,0.0,0.0,0.0,1
1,1.0,1,5.0,1.0,13.0,9.0,1.0,11.0,1.0,1.0,0.8,1.0,0.0,0.0,0.0,0.0,1
0,1.0,0,5.0,1.0,0.0,6.0,1.0,12.0,5.0,1.0,1.1,1.0,0.0,0.0,0.0,3.0,0
0,1.0,1,6.0,1.0,13.0,8.0,1.0,13.0,1.0,1.0,86.3,1.0,0.0,0.0,0.0,0.0,1
1,1.0,1,4.0,1.0,16.0,7.910345,2.0,12.0,1.0,1.0,1.0,1.0,0.0,0.0,0.0,0.0,1
1,1.0,0,4.0,1.0,10.0,2.0,2.0,12.0,1.0,1.0,2.9,1.0,0.0,0.0,0.0,0.0,1
1,1.0,0,4.0,1.0,1.0,8.0,1.0,13.0,1.0,1.0,0.9,1.0,0.0,0.0,0.0,0.0,1
1,1.0,1,5.0,1.0,5.0,12.0,1.0,2.0,1.0,1.0,1.6,1.0,0.0,0.0,0.0,0.0,1
1,1.0,0,4.0,1.0,0.0,2.0,1.0,12.0,1.0,2.0,1.5,1.0,0.0,0.0,0.0,3.0,1
1,1.0,0,4.0,1.0,12.0,8.0,2.0,12.0,1.0,1.0,1.3,1.0,0.0,0.0,0.0,0.0,1
0,1.0,0,5.0,1.0,10.0,1.0,1.0,12.0,1.0,1.0,1.2,1.0,0.0,0.0,0.0,0.0,0
1,1.0,0,4.0,1.0,0.0,7.0,1.0,12.0,1.0,1.0,0.33164272,1.0,0.0,0.0,0.0,3.0,1
1,1.0,0,1.0,1.0,13.0,2.0,1.0,12.0,1.0,1.0,5.3,1.0,0.0,0.0,240.28473,0.0,1
0,2.0,0,4.0,1.0,13.0,12.0,1.0,13.0,1.0,1.0,86.3,1.0,0.0,0.0,0.0,0.0,1
1,1.0,0,4.0,1.0,0.0,4.0,1.0,13.0,1.0,1.0,1.1,1.0,0.0,0.0,0.0,0.0,1
1,1.0,0,5.0,1.0,13.0,7.0,2.0,13.0,1.0,1.0,86.3,1.0,0.0,0.0,0.0,0.0,1
0,1.0,0,4.0,1.0,13.0,12.0,1.0,12.0,1.0,1.0,1.6,1.0,0.0,0.0,0.0,0.0,1
1,1.0,0,5.0,1.0,5.0,7.0,2.0,13.0,1.0,1.0,0.2,1.0,0.0,0.0,0.0,0.0,1
1,1.0,1,4.0,1.0,14.0,6.0,1.0,13.0,1.0,1.0,1.5,1.0,0.0,0.0,0.0,0.0,1
1,1.0,1,5.0,1.0,20.0,1.0,1.0,12.0,2.0,1.0,1.5,1.0,0.0,0.0,0.0,0.0,1
1,1.0,0,4.0,1.0,0.0,10.0,1.0,12.0,1.0,1.0,2.0,1.0,0.0,0.0,0.0,0.0,1
0,2.0,1,4.0,1.0,14.0,12.0,1.0,14.0,1.0,1.0,5.3,1.0,0.0,0.0,0.0,0.0,1
1,1.0,0,4.0,1.0,1.0,1.0,1.0,13.0,1.0,1.0,86.3,1.0,0.0,0.0,0.0,0.0,1
1,1.0,1,5.0,1.0,13.0,2.0,1.0,12.0,1.0,1.0,1.9,1.0,0.0,0.0,0.0,0.0,1
0,1.0,0,5.0,1.0,3.0,1.0,2.0,9.0,1.0,1.0,0.4,1.0,0.0,0.0,0.0,0.0,1
1,2.0,1,5.0,1.0,11.0,1.0,1.0,13.0,1.0,1.0,0.0,1.0,0.0,0.0,0.0,0.0,0
1,1.0,1,4.0,1.0,13.0,1.0,2.0,14.0,1.0,1.0,1.1,1.0,0.0,0.0,0.0,0.0,1
1,1.0,1,5.0,1.0,10.0,1.0,1.0,13.0,1.0,1.0,1.3,1.0,0.0,0.0,0.0,0.0,1
1,2.0,0,4.0,1.0,8.0,3.0,1.0,12.0,1.0,1.0,86.3,1.0,0.0,0.0,0.0,0.0,1
1,1.0,0,4.0,1.0,0.0,9.0,1.0,13.0,1.0,1.0,1.7,1.0,0.0,0.0,0.0,0.0,1
1,1.0,0,5.0,1.0,13.0,1.0,1.0,13.0,5.0,1.0,0.4,1.0,0.0,0.0,0.0,0.0,1
1,1.0,0,4.0,1.0,11.0,8.0,1.0,12.0,1.0,1.0,1.9,1.0,0.0,0.0,0.0,0.0,1
1,1.0,0,4.0,1.0,11.0,12.0,2.0,13.0,1.0,1.0,2.3,1.0,0.0,0.0,0.0,0.0,1
1,1.0,0,4.0,1.0,22.0,10.0,2.0,12.0,1.0,1.0,1.1,1.0,0.0,0.0,0.0,0.0,1
0,1.0,0,5.0,1.0,0.0,3.0,1.0,13.0,1.0,1.0,2.0,1.0,0.0,0.0,0.0,0.0,1
1,1.0,0,5.0,1.0,7.0,5.0,1.0,12.0,1.0,1.0,0.5,1.0,0.0,0.0,0.0,0.0,0
1,1.0,0,4.0,1.0,13.0,10.0,1.0,13.0,1.0,1.0,1.6,1.0,4.0,7.0,379.0,0.0,1
1,1.0,1,5.0,1.0,11.0,1.0,2.0,3.0,1.0,1.0,1.4,1.0,0.0,0.0,0.0,0.0,1
1,1.0,0,1.0,1.0,16.0,7.0,2.0,13.0,1.0,1.0,2.5,1.0,0.0,0.0,0.0,0.0,1
1,1.0,0,4.0,1.0,13.0,3.0,2.0,13.0,1.0,1.0,2.5,1.0,0.0,0.0,0.0,0.0,1
0,1.0,0,5.0,1.0,11.0,5.0,1.0,13.0,1.0,1.0,2.8,1.0,0.0,0.0,0.0,0.0,1
1,1.0,1,5.0,1.0,13.0,5.0,2.0,12.0,1.0,1.0,3.6,1.0,0.0,0.0,0.0,0.0,1
1,1.0,0,4.0,1.0,4.0,3.0,2.0,13.0,1.0,1.0,2.6,1.0,0.0,0.0,0.0,0.0,1
1,1.0,1,5.0,1.0,14.0,5.0,1.0,12.0,1.0,1.0,1.8,1.0,0.0,0.0,0.0,0.0,1
1,2.0,1,5.0,1.0,1.0,12.0,2.0,13.0,1.0,1.0,3.1,1.0,0.0,0.0,0.0,0.0,1
1,1.0,0,4.0,1.0,7.0,1.0,1.0,10.0,1.0,1.0,1.1,1.0,0.0,0.0,0.0,0.0,1
0,1.0,0,5.0,1.0,4.0,8.0,2.0,13.0,1.0,1.0,1.6,1.0,0.0,0.0,0.0,0.0,1
1,1.0,0,4.0,1.0,1.0,2.0,1.0,13.0,1.0,1.0,1.7,1.0,0.0,0.0,0.0,0.0,1
1,1.0,0,5.0,1.0,10.0,9.0,1.0,14.0,1.0,1.0,1.8,1.0,0.0,0.0,0.0,0.0,1
1,1.0,1,5.0,1.0,11.0,1.0,2.0,13.0,1.0,1.0,0.8,1.0,0.0,0.0,0.0,0.0,1
1,1.0,1,5.0,1.0,13.0,7.0,1.0,12.0,1.0,1.0,0.9,1.0,0.0,0.0,0.0,0.0,1
0,1.0,0,4.0,1.0,14.0,8.0,1.0,7.0,1.0,1.0,3.1,1.0,0.0,0.0,0.0,0.0,1
1,1.0,0,4.0,1.0,13.0,9.0,2.0,12.0,1.0,1.0,0.0,1.0,0.0,0.0,0.0,0.0,1
1,1.0,1,5.0,1.0,16.0,4.0,1.0,12.0,1.0,1.0,1.8,1.0,0.0,0.0,0.0,0.0,1
1,2.0,1,5.0,1.0,11.0,2.0,1.0,13.0,1.0,1.0,1.6,1.0,0.0,0.0,0.0,0.0,1
1,1.0,1,4.0,1.0,10.0,4.0,1.0,0.0,1.0,1.0,2.2,1.0,0.0,0.0,0.0,0.0,1
0,1.0,0,4.0,1.0,13.0,9.0,2.0,12.0,1.0,1.0,2.5,1.0,0.0,0.0,0.0,0.0,1
0,1.0,0,5.0,1.0,0.0,12.0,1.0,12.0,1.0,1.0,2.7,1.0,0.0,0.0,0.0,3.0,0
1,1.0,0,4.0,1.0,16.0,5.0,2.0,12.0,1.0,1.0,0.0,1.0,4.0,11.0,379.0,0.0,1
1,1.0,0,4.0,1.0,1.0,7.0,1.0,12.0,1.0,1.0,0.6,1.0,0.0,0.0,0.0,0.0,1
0,1.0,0,4.0,1.0,16.0,6.0,2.0,12.0,1.0,1.0,2.8,1.0,0.0,0.0,0.0,0.0,1
0,1.0,1,6.0,1.0,22.0,2.0,1.0,13.0,1.0,1.0,2.1,1.0,0.0,0.0,0.0,0.0,1
1,1.0,0,4.0,1.0,13.0,6.0,1.0,13.0,1.0,1.0,0.9,1.0,0.0,0.0,0.0,0.0,1
1,1.0,1,4.0,1.0,14.0,1.0,2.0,13.0,1.0,1.0,1.6,1.0,0.0,0.0,0.0,0.0,1
1,1.0,0,4.0,1.0,22.0,2.0,1.0,12.0,1.0,1.0,2.2,1.0,0.0,0.0,0.0,0.0,1
1,1.0,0,5.0,1.0,16.0,12.0,1.0,9.0,1.0,1.0,86.3,1.0,0.0,0.0,0.0,0.0,1
1,1.0,1,5.0,1.0,14.0,1.0,1.0,13.0,1.0,1.0,2.6,1.0,0.0,0.0,0.0,0.0,1
1,1.0,0,1.0,1.0,16.0,10.0,2.0,10.0,1.0,1.0,3.4201577,1.0,0.0,0.0,0.0,0.0,1
1,1.0,0,4.0,1.0,13.0,8.0,2.0,12.0,1.0,1.0,2.7,1.0,0.0,0.0,0.0,0.0,1
1,1.0,0,4.0,1.0,1.0,4.0,2.0,13.0,1.0,1.0,0.2,1.0,0.0,0.0,0.0,0.0,1
1,1.0,0,4.0,1.0,13.0,7.0,1.0,12.0,1.0,1.0,0.09972727,1.0,0.0,0.0,0.0,0.0,1
1,1.0,1,4.0,1.0,12.0,6.0,1.0,13.0,1.0,1.0,0.0,1.0,0.0,0.0,0.0,0.0,1
1,1.0,1,4.0,2.0,16.0,2.0,1.0,12.0,5.0,1.0,0.5,1.0,0.0,0.0,0.0,0.0,1
1,1.0,0,4.0,1.0,6.0,4.0,1.0,13.0,1.0,1.0,1.6,1.0,0.0,0.0,0.0,0.0,1
1,2.0,0,4.0,1.0,10.0,1.0,1.0,9.0,1.0,1.0,1.0,1.0,0.0,0.0,0.0,0.0,1
1,1.0,1,4.0,1.0,10.0,7.0,2.0,13.0,1.0,1.0,0.0,1.0,0.0,0.0,0.0,0.0,1
1,1.0,0,5.0,1.0,0.0,3.0,2.0,12.0,1.0,1.0,0.6,1.0,0.0,0.0,0.0,0.0,1
1,1.0,0,1.0,1.0,22.0,12.0,1.0,0.0,1.0,1.0,2.0,1.0,0.0,0.0,0.0,0.0,1
0,1.0,1,5.0,1.0,14.0,1.0,2.0,12.0,5.0,1.0,2.0,1.0,0.0,0.0,0.0,0.0,1
1,1.0,1,5.0,1.0,10.0,8.0,1.0,13.0,1.0,1.0,4.3891087,1.0,0.0,0.0,0.0,0.0,1
1,1.0,0,4.0,1.0,10.0,7.0,2.0,10.0,1.0,1.0,0.0,1.0,0.0,0.0,0.0,0.0,1
0,1.0,0,4.0,1.0,13.0,1.0,1.0,0.0,1.0,1.0,86.3,1.0,0.0,5.0,0.0,0.0,1
1,1.0,0,4.0,1.0,3.0,8.0,1.0,14.0,1.0,1.0,0.5,1.0,0.0,0.0,0.0,0.0,1
0,2.0,1,5.0,1.0,13.0,11.0,2.0,12.0,1.0,1.0,1.1,1.0,0.0,0.0,0.0,0.0,1
0,1.0,0,4.0,1.0,10.0,2.0,1.0,13.0,1.0,1.0,1.4,1.0,0.0,0.0,0.0,0.0,1
1,1.0,1,4.0,1.0,10.0,4.0,1.0,13.0,1.0,1.0,0.28010884,1.0,0.0,0.0,0.0,0.0,1
1,1.0,1,6.0,1.0,13.0,1.0,2.0,2.0,1.0,1.0,0.0,1.0,0.0,0.0,0.0,0.0,1
0,2.0,1,4.0,1.0,14.0,2.0,1.0,13.0,1.0,1.0,2.3,1.0,0.0,0.0,0.0,0.0,1
1,1.0,1,5.0,1.0,13.0,4.0,2.0,8.0,1.0,1.0,0.0,1.0,0.0,0.0,0.0,0.0,1
1,1.0,0,4.0,1.0,13.0,9.0,1.0,13.0,1.0,1.0,1.2,1.0,0.0,0.0,0.0,0.0,1
1,1.0,0,4.0,1.0,0.0,9.0,1.0,12.0,1.0,1.0,1.2,1.0,0.0,0.0,0.0,0.0,1
1,1.0,1,7.0,1.0,22.0,4.0,1.0,13.0,1.0,1.0,8.217185,1.0,0.0,0.0,0.0,0.0,1
0,1.0,1,5.0,1.0,16.0,5.0,1.0,0.0,1.0,1.0,2.0,1.0,3.0,0.0,274.0,0.0,1
1,2.0,0,5.0,1.0,11.0,9.0,2.0,13.0,1.0,1.0,1.2,1.0,0.0,0.0,0.0,0.0,1
1,1.0,0,4.0,1.0,13.0,1.0,1.0,7.0,1.0,1.0,0.8,1.0,4.0,11.0,379.0,0.0,1
1,1.0,0,5.0,1.0,0.0,8.0,2.0,10.0,1.0,1.0,1.0,1.0,0.0,0.0,0.0,0.0,1
1,1.0,1,5.0,1.0,13.0,12.0,2.0,13.0,1.0,1.0,0.8,1.0,0.0,0.0,0.0,0.0,1
1,1.0,1,4.0,1.0,16.0,10.0,2.0,12.0,1.0,1.0,1.0,1.0,0.0,0.0,0.0,0.0,1
1,1.0,1,5.0,1.0,13.0,6.0,1.0,13.0,1.0,1.0,2.1,1.0,0.0,0.0,0.0,0.0,1
1,1.0,1,6.0,1.0,22.0,8.0,1.0,13.0,1.0,1.0,2.4,1.0,0.0,0.0,0.0,0.0,1
0,1.0,0,5.0,1.0,10.0,10.0,2.0,12.0,1.0,1.0,1.6,1.0,0.0,0.0,0.0,0.0,1
1,1.0,0,4.0,1.0,13.0,3.0,1.0,11.0,1.0,1.0,2.0,1.0,0.0,0.0,0.0,0.0,1
1,1.0,0,4.0,1.0,16.0,2.0,1.0,12.0,1.0,1.0,0.9,1.0,0.0,0.0,0.0,0.0,1
0,1.0,0,4.0,1.0,13.0,5.0,2.0,10.0,1.0,1.0,1.3,1.0,0.0,0.0,0.0,0.0,1
1,1.0,0,4.0,1.0,8.0,9.0,2.0,13.0,1.0,1.0,1.0,1.0,0.0,0.0,0.0,0.0,1
1,1.0,0,4.0,1.0,13.0,3.0,2.0,0.0,1.0,1.0,3.2,1.0,0.0,0.0,0.0,0.0,1
1,1.0,1,5.0,1.0,10.0,8.0,1.0,13.0,1.0,1.0,1.1,1.0,0.0,0.0,0.0,0.0,1
1,1.0,1,5.0,1.0,13.0,12.0,2.0,13.0,1.0,1.0,86.3,1.0,0.0,0.0,0.0,0.0,1
1,1.0,0,4.0,1.0,11.096145,9.0,2.0,12.0,1.0,1.0,1.0,1.0,0.0,0.0,0.0,0.0,0
1,1.0,1,4.0,1.0,14.0,5.0,1.0,4.0,1.0,1.0,2.6,1.0,0.0,0.0,0.0,0.0,1
1,1.0,0,4.0,1.0,2.0,1.0,1.0,12.0,1.0,1.0,86.3,1.0,0.0,0.0,0.0,0.0,1
1,1.0,0,5.0,1.0,6.0,9.0,1.0,12.0,1.0,1.0,2.2,1.0,0.0,0.0,0.0,0.0,1
0,1.0,1,5.0,1.0,1.0,2.0,2.0,12.0,1.0,1.0,2.3,1.0,0.0,0.0,0.0,0.0,1
0,1.0,0,4.0,1.0,13.0,4.0,2.0,12.0,1.0,1.0,2.3,1.0,0.0,0.0,0.0,0.0,1
1,1.0,1,6.0,1.0,20.0,9.0,1.0,13.0,1.0,1.0,2.0,1.0,0.0,0.0,0.0,0.0,1
0,2.0,1,4.0,1.0,13.0,1.0,1.0,13.0,1.0,1.0,3.4,1.0,0.0,0.0,0.0,0.0,0
1,1.0,0,4.0,1.0,0.0,3.0,1.0,12.0,1.0,1.0,1.9,1.0,0.0,0.0,0.0,0.0,1
1,1.0,0,4.0,1.0,22.0,6.0,2.0,13.0,1.0,1.0,2.5,1.0,0.0,0.0,0.0,0.0,1
1,1.0,0,5.0,1.0,7.0,3.0,1.0,13.0,1.0,1.0,2.4,1.0,0.0,0.0,0.0,0.0,1
1,1.0,0,4.0,1.0,10.0,1.0,2.0,13.0,1.0,1.0,1.1,1.0,0.0,0.0,0.0,0.0,1
1,1.0,1,5.0,1.0,4.039978,10.0,2.0,14.0,1.0,1.0,1.0,1.0,0.0,0.0,0.0,0.0,1
1,1.0,0,4.0,1.0,1.0,11.0,1.0,12.0,1.0,1.0,1.6,1.0,0.0,0.0,0.0,0.0,1
1,1.0,0,4.0,1.0,7.0,8.0,2.0,12.0,1.0,1.0,4.4,1.0,0.0,0.0,0.0,0.0,1
0,1.0,0,4.0,1.0,10.0,7.0,1.0,12.0,1.0,1.0,1.1457579,1.0,0.0,0.0,0.0,0.0,1
0,1.0,0,4.0,1.0,13.0,7.0,2.0,11.0,1.0,1.0,2.3,1.0,0.0,0.0,0.0,0.0,1
1,1.0,0,4.0,1.0,0.0,8.0,1.0,13.0,1.0,1.0,0.8,1.0,0.0,0.0,0.0,0.0,0
1,1.0,1,5.0,1.0,16.0,2.0,2.0,12.0,1.0,1.0,0.8,1.0,0.0,0.0,0.0,0.0,1
1,1.0,0,4.0,1.0,11.0,6.0,2.0,12.0,1.0,1.0,0.4,1.0,0.0,0.0,0.0,0.0,1
1,1.0,0,4.0,1.0,13.0,9.0,2.0,13.0,1.0,1.0,2.9,1.0,0.0,0.0,0.0,0.0,1
1,1.0,0,4.0,2.0,9.0,1.0,2.0,13.0,1.0,1.0,2.0,1.0,0.0,0.0,0.0,0.0,1
1,1.0,1,4.0,1.0,16.0,5.0,1.0,13.0,1.0,1.0,1.8,1.0,0.0,0.0,0.0,0.0,1
1,2.0,0,4.0,1.0,2.0,1.0,1.0,12.0,1.0,2.0,1.4,1.0,0.0,0.0,0.0,3.0,0
1,1.0,0,4.0,1.0,10.0,6.0,1.0,12.0,1.0,1.0,3.5,1.0,0.0,0.0,0.0,0.0,1
1,1.0,0,4.0,1.0,13.0,9.0,2.0,13.0,1.0,1.0,2.5,1.0,4.0,11.0,379.0,0.0,1
1,1.0,0,4.0,1.0,0.0,12.0,1.0,12.0,1.0,1.0,1.8,1.0,0.0,0.0,0.0,3.0,1
1,1.0,0,4.0,1.0,20.0,1.0,1.0,12.0,1.0,1.0,0.8,1.0,4.0,7.0,379.0,0.0,1
1,1.0,0,4.0,1.0,14.0,7.0,1.0,12.0,1.0,1.0,0.0,1.0,4.0,11.0,379.0,0.0,1
1,1.0,0,4.0,1.0,16.0,1.0,2.0,13.0,1.0,1.0,1.0,1.0,0.0,0.0,0.0,0.0,1
1,2.0,1,5.0,1.0,12.0,6.0,1.0,14.0,1.0,1.0,3.6,1.0,0.0,0.0,0.0,0.0,1
1,1.0,0,4.0,1.0,4.0,6.0,1.0,12.0,1.0,1.0,0.7,1.0,0.0,0.0,0.0,0.0,1
1,1.0,0,4.0,1.0,1.0,4.0,2.0,7.0,1.0,1.0,1.8,1.0,0.0,0.0,0.0,0.0,1
0,1.0,1,5.0,2.0,13.0,5.0,2.0,12.0,5.0,1.0,2.4,1.0,0.0,0.0,0.0,0.0,1
1,1.0,1,4.0,1.0,12.0,1.0,2.0,13.0,1.0,1.0,0.0,1.0,0.0,0.0,0.0,0.0,1
0,1.0,1,6.0,1.0,12.0,2.0,2.0,12.0,1.0,1.0,1.5,1.0,0.0,0.0,0.0,0.0,1
1,1.0,1,5.0,1.0,13.0,9.0,1.0,12.0,1.0,1.0,1.2,1.0,4.0,11.0,379.0,0.0,1
1,1.0,0,4.0,1.0,4.0,7.0,1.0,0.0,1.0,1.0,0.6,1.0,0.0,0.0,0.0,0.0,1
1,1.0,1,5.0,1.0,0.0,8.0,2.0,13.0,1.0,1.0,0.6,1.0,0.0,0.0,0.0,0.0,1
1,1.0,1,4.0,1.0,13.0,1.0,1.0,4.0,1.0,1.0,0.8,1.0,0.0,0.0,0.0,0.0,1
1,1.0,1,4.0,1.0,13.0,8.0,2.0,12.0,1.0,1.0,2.2,1.0,0.0,0.0,0.0,0.0,1
1,1.0,0,1.0,1.0,11.0,10.0,2.0,14.0,1.0,1.0,0.4,1.0,0.0,0.0,0.0,0.0,1
1,1.0,1,4.0,1.0,13.0,11.0,1.0,13.0,1.0,1.0,1.1,1.0,0.0,0.0,0.0,0.0,1
1,1.0,0,4.0,1.0,13.0,12.0,1.0,12.0,1.0,1.0,2.0,1.0,4.0,11.0,379.0,0.0,1
1,1.0,0,4.0,1.0,10.0,3.0,1.0,10.0,1.0,1.0,2.4,1.0,0.0,0.0,0.0,0.0,1
1,1.0,0,4.0,1.0,13.0,4.0,1.0,12.58457,1.0,1.0,4.2,1.0,0.0,0.0,0.0,0.0,1
0,1.0,1,4.0,1.0,16.0,6.0,1.0,11.0,1.0,1.0,1.0,1.0,3.0,2.0,379.0,0.0,1
1,1.0,0,4.0,1.0,13.0,7.0,2.0,7.0,1.0,1.0,1.4,1.0,0.0,0.0,0.0,0.0,1
1,1.0,0,4.0,1.0,13.0,7.0,2.0,13.0,1.0,1.0,3.6,1.0,0.0,0.0,0.0,0.0,1
1,1.0,0,5.0,1.0,4.0,5.0,2.0,12.0,1.0,1.0,0.0,1.0,0.0,0.0,0.0,0.0,1
1,1.0,0,4.0,1.0,4.0,4.0,1.0,13.0,1.0,1.0,0.9,1.0,0.0,0.0,0.0,0.0,1
1,1.0,0,4.0,1.0,13.0,5.0,2.0,13.0,1.0,1.0,0.9,1.0,0.0,0.0,0.0,0.0,1
1,2.0,1,5.0,1.0,1.0,6.0,2.0,13.0,1.0,1.0,1.6,1.0,0.0,0.0,0.0,0.0,1
1,1.0,0,4.0,1.0,13.0,5.0,1.0,12.0,1.0,1.0,1.0,1.0,0.0,0.0,0.0,0.0,1
1,1.0,0,4.0,1.0,3.0,1.0,2.0,14.0,1.0,1.0,2.0,1.0,0.0,0.0,0.0,0.0,1
0,1.0,1,4.0,1.0,16.0,6.0,2.0,12.0,1.0,1.0,1.7,1.0,0.0,0.0,0.0,0.0,1
1,1.0,1,4.0,1.0,13.0,5.0,2.0,13.0,1.0,1.0,1.1,1.0,0.0,0.0,0.0,0.0,1
1,1.0,1,5.0,1.0,11.0,12.0,2.0,12.0,1.0,1.0,0.0,1.0,0.0,0.0,0.0,0.0,1
0,1.0,0,4.0,1.0,13.0,12.0,1.0,7.0,1.0,1.0,0.66932297,1.0,0.0,0.0,0.0,0.0,1
1,1.0,0,4.0,1.0,13.0,7.0,1.0,12.0,1.0,1.0,0.7,1.0,0.0,0.0,0.0,0.0,1
1,1.0,0,2.0,1.0,22.0,2.0,2.0,9.0,1.0,1.0,0.6,1.0,0.0,0.0,0.0,0.0,1
1,1.0,1,4.0,1.0,6.0,8.0,1.0,13.0,1.0,1.0,0.3,1.0,0.0,0.0,0.0,0.0,1
1,1.0,0,4.0,1.0,13.0,6.0,1.0,13.0,1.0,1.0,0.0,1.0,0.0,0.0,0.0,0.0,1
1,1.0,1,5.0,1.0,10.0,6.0,2.0,4.0,1.0,1.0,0.0,1.0,0.0,0.0,0.0,0.0,1
1,1.0,0,4.0,1.0,13.0,11.0,2.0,12.0,1.0,1.0,2.8,1.0,0.0,0.0,0.0,0.0,1
1,1.0,1,5.0,1.0,4.0,12.0,2.0,10.0,1.0,1.0,0.0,1.0,0.0,0.0,0.0,0.0,1
1,1.0,0,4.0,1.0,16.0,7.0,2.0,12.0,1.0,1.0,0.0,1.0,4.0,11.0,379.0,0.0,1
1,1.0,0,4.0,1.0,20.0,6.0,1.0,12.0,1.0,1.0,2.5,1.0,4.0,11.0,379.0,0.0,1
0,2.0,1,4.0,1.0,14.0,7.0,1.0,12.0,1.0,1.0,3.2,1.0,0.0,0.0,0.0,0.0,1
1,1.0,1,5.0,1.0,14.0,5.0,2.0,5.0,1.0,1.0,0.8,1.0,0.0,0.0,0.0,0.0,1
1,1.0,0,4.0,1.0,16.0,6.0,2.0,13.0,1.0,1.0,1.0,1.0,0.0,0.0,0.0,0.0,1
1,1.0,0,4.0,1.0,10.0,1.0,2.0,13.0,1.0,1.0,0.0,1.0,0.0,0.0,0.0,0.0,1
1,1.0,0,4.0,1.0,22.0,4.0,2.0,12.0,1.0,1.0,0.7,1.0,0.0,0.0,0.0,0.0,1
1,1.0,1,5.0,1.0,14.0,4.0,2.0,13.0,1.0,1.0,2.6,1.0,0.0,0.0,0.0,0.0,1
1,1.0,0,5.0,1.0,10.0,5.0,2.0,13.0,1.0,1.0,1.9,1.0,0.0,0.0,0.0,0.0,1
1,1.0,0,5.0,1.0,12.0,11.0,2.0,9.0,1.0,1.0,1.6,1.0,0.0,0.0,0.0,0.0,1
1,1.0,0,4.0,1.0,0.0,8.0,1.0,13.0,1.0,1.0,86.3,1.0,0.0,0.0,0.0,0.0,1
1,1.0,0,4.0,1.0,13.0,5.0,2.0,13.0,1.0,1.0,0.4,1.0,0.0,0.0,0.0,0.0,1
1,1.0,1,5.0,1.0,4.0,4.0,1.0,13.0,1.0,1.0,1.2,1.0,0.0,0.0,0.0,0.0,1
1,2.0,0,5.0,1.0,0.0,4.0,1.0,13.0,1.0,1.0,2.8,1.0,0.0,0.0,0.0,3.0,1
1,1.0,0,4.0,1.0,13.0,2.0,1.0,12.0,1.0,1.0,0.1,1.0,0.0,0.0,0.0,0.0,1
1,1.0,1,4.0,1.0,1.0,11.0,2.0,12.0,1.0,1.0,0.2,1.0,0.0,0.0,0.0,0.0,0
1,1.0,1,5.0,1.0,7.0,3.0,1.0,0.0,1.0,1.0,0.8,1.0,0.0,0.0,0.0,0.0,1
1,1.0,0,4.0,1.0,13.0,1.8865768,1.0,13.0,1.0,1.0,0.0,1.0,0.0,0.0,0.0,0.0,1
0,1.0,1,6.0,1.0,13.0,8.0,1.0,12.0,1.0,1.0,0.9,1.0,0.0,0.0,0.0,0.0,1
1,1.0,1,4.0,1.0,4.0,4.0,2.0,12.0,1.0,1.0,0.9,1.0,0.0,0.0,0.0,0.0,1
1,1.0,0,4.0,1.0,5.0,3.0,1.0,13.0,1.0,1.0,1.4,1.0,0.0,0.0,0.0,0.0,1
1,1.0,0,4.0,1.0,4.0,11.0,2.0,11.0,1.0,1.0,1.6,1.0,0.0,0.0,0.0,0.0,1
0,1.0,0,5.0,1.0,13.0,7.0,1.0,9.0,1.0,1.0,2.6,1.0,0.0,0.0,0.0,0.0,1
1,1.0,1,4.0,1.0,22.0,8.0,1.0,13.0,1.0,1.0,86.3,1.0,0.0,0.0,0.0,0.0,1
1,1.0,1,5.0,1.0,0.0,1.0,2.0,13.0,1.0,1.0,2.2416906,1.0,0.0,0.0,0.0,0.0,1
1,2.0,1,5.0,1.0,13.0,7.0,2.0,13.0,1.0,1.0,2.5,1.0,0.0,0.0,0.0,0.0,1
0,1.0,1,5.0,1.0,22.0,1.0,1.0,14.0,1.0,1.0,86.3,1.0,0.0,0.0,0.0,0.0,1
1,2.0,0,5.0,1.0,10.0,7.0,1.0,13.0,1.0,1.0,1.9,1.0,0.0,0.0,0.0,0.0,1
1,1.0,0,4.0,1.0,4.0,4.0,1.0,11.0,1.0,1.0,0.7,1.0,0.0,0.0,0.0,0.0,1
1,1.0,1,5.0,1.0,13.0,6.0,1.0,12.0,1.0,1.0,2.4762216,1.0,0.0,0.0,0.0,0.0,1
1,1.0,0,4.0,1.0,11.0,4.0,1.0,13.0,1.0,1.0,0.0,1.0,0.0,0.0,0.0,0.0,1
1,1.0,0,4.0,1.0,16.0,6.0,2.0,13.0,1.0,1.0,86.3,1.0,0.0,0.0,0.0,0.0,1
1,1.0,1,4.0,1.0,13.0,12.0,1.0,13.0,1.0,1.0,1.0,1.0,0.0,0.0,0.0,0.0,1
1,1.0,0,4.0,1.0,16.0,8.0,1.0,13.0,1.0,1.0,1.5,1.0,0.0,0.0,0.0,0.0,1
1,1.0,0,4.0,1.0,13.0,8.0,2.0,13.0,1.0,1.0,0.0,1.0,0.0,0.0,0.0,0.0,1
1,1.0,1,5.0,1.0,11.0,8.0,1.0,0.0,1.0,1.0,1.1,1.0,0.0,0.0,0.0,0.0,1
1,2.0,1,5.0,1.0,16.0,6.0,1.0,13.0,1.0,1.0,3.7,1.0,0.0,0.0,0.0,0.0,1
1,1.0,1,5.0,1.0,13.0,10.0,1.0,12.0,1.0,1.0,2.5,1.0,0.0,0.0,124.68651,0.0,1
1,1.0,1,5.0,1.0,22.0,3.0,1.0,12.0,1.0,1.0,1.0,1.0,4.0,7.0,379.0,0.0,1
1,2.0,0,4.0,1.0,6.0,8.0,1.0,13.0,1.0,1.0,86.3,1.0,0.0,0.0,0.0,0.0,1
1,1.0,0,4.0,1.0,10.0,3.0,2.0,12.0,1.0,1.0,0.0,1.0,0.0,0.0,0.0,0.0,1
1,1.0,0,4.0,1.0,13.0,12.0,2.0,12.0,1.0,1.0,1.6,1.0,0.0,0.0,0.0,0.0,1
0,1.0,1,5.0,1.0,16.0,1.0,2.0,12.0,1.0,1.0,1.0,1.0,0.0,0.0,0.0,0.0,1
0,1.0,1,4.0,1.0,13.0,10.0,2.0,0.0,1.0,1.0,1.0,1.0,0.0,0.0,0.0,0.0,1
1,1.0,0,4.0,1.0,2.0,7.0,1.0,12.0,1.0,1.0,2.8,1.0,0.0,0.0,0.0,0.0,0
1,1.0,0,1.0,1.0,14.0,7.0,1.0,12.0,1.0,1.0,4.7,1.0,3.0,6.0,379.0,0.0,1
1,1.0,1,5.0,1.0,16.0,1.0,1.0,13.0,1.0,1.0,1.5,1.0,0.0,0.0,0.0,0.0,1
1,1.0,1,5.0,1.0,13.0,4.0,1.0,13.0,5.0,1.0,1.0,1.0,0.0,0.0,0.0,0.0,1
1,2.0,0,4.0,1.0,11.0,8.0,2.0,14.0,1.0,1.0,86.3,1.0,0.0,0.0,0.0,0.0,1
1,1.0,0,4.0,1.0,4.0,12.0,2.0,13.0,1.0,1.0,1.5,1.0,0.0,0.0,0.0,0.0,1
1,1.0,1,7.0,1.0,13.0,9.0,2.0,13.0,1.0,1.0,1.4,1.0,0.0,0.0,0.0,0.0,1
0,1.0,1,4.0,1.0,13.0,4.0,2.0,8.0,1.0,1.0,2.1,1.0,0.0,0.0,0.0,0.0,1
1,1.0,0,4.0,1.0,20.0,1.0,1.0,12.0,1.0,1.0,1.7,1.0,4.0,11.0,379.0,0.0,1
1,1.0,1,7.0,1.0,22.0,6.0,1.0,14.0,1.0,1.0,2.7,1.0,0.0,0.0,0.0,0.0,1
1,1.0,0,4.0,1.0,14.0,2.0,2.0,8.0,1.0,1.0,1.3,1.0,0.0,0.0,0.0,0.0,1
1,1.0,1,5.0,1.0,16.0,1.0,2.0,0.0,1.0,1.0,1.0,1.0,0.0,0.0,0.0,0.0,1
1,1.0,0,4.0,1.0,13.0,1.0,1.0,13.0,1.0,1.0,3.2,1.0,0.0,0.0,0.0,0.0,1
1,1.0,1,5.0,1.0,13.0,12.0,1.0,12.0,1.0,1.0,1.1,1.0,0.0,0.0,0.0,0.0,1
1,1.0,0,4.0,1.0,13.0,11.0,2.0,12.0,1.0,1.0,0.0,1.0,0.0,0.0,0.0,0.0,1
1,1.0,1,5.0,1.0,13.0,2.0,1.0,12.0,1.0,1.0,1.5,1.0,0.0,0.0,0.0,0.0,1
1,1.0,1,5.0,1.0,22.0,2.0,2.0,13.0,1.0,1.0,1.2,1.0,0.0,0.0,0.0,0.0,1
0,1.0,1,5.0,1.0,13.0,5.0,2.0,12.0,1.0,1.0,1.7,1.0,0.0,0.0,0.0,0.0,1
1,1.0,1,6.0,1.0,14.0,1.0,2.0,13.0,1.0,1.0,1.8,1.0,0.0,0.0,0.0,0.0,1
1,1.0,0,4.0,1.0,1.0,1.0,1.0,13.0,1.0,1.0,0.8,1.0,0.0,0.0,0.0,0.0,1
1,1.0,0,4.0,1.0,4.0,6.0,1.0,6.0,1.0,1.0,0.5,1.0,0.0,0.0,0.0,0.0,1
1,1.0,1,5.0,1.0,13.0,9.0,2.0,12.0,1.0,1.0,1.2,1.0,0.0,0.0,0.0,0.0,1
0,1.0,1,5.0,1.0,13.0,2.0,1.0,12.0,1.0,1.0,1.6,1.0,0.0,0.0,0.0,0.0,1
1,1.0,0,4.0,1.0,13.0,6.0,2.0,12.0,1.0,1.0,1.5,1.0,0.0,0.0,0.0,0.0,1
1,1.0,0,4.0,1.0,22.0,1.0,2.0,13.0,1.0,1.0,0.0,1.0,0.0,0.0,0.0,0.0,1
1,1.0,0,4.0,1.0,13.0,1.0,1.0,12.0,1.0,1.0,1.7,1.0,0.0,0.0,0.0,0.0,1
1,1.0,1,5.0,1.0,13.0,4.0,1.0,12.0,1.0,1.0,1.7,1.0,0.0,0.0,0.0,0.0,1
1,2.0,1,5.0,1.0,13.0,1.0,2.0,12.0,1.0,1.0,0.0,1.0,0.0,0.0,0.0,0.0,1
1,1.0,0,4.0,1.0,11.0,2.0,1.0,13.0,1.0,1.0,1.6,1.0,0.0,0.0,0.0,0.0,1
1,1.0,1,5.0,2.0,16.0,8.0,2.0,12.0,1.0,1.0,2.4,1.0,0.0,0.0,0.0,0.0,1
1,1.0,1,5.0,1.0,14.0,11.0,1.0,4.0,1.0,1.0,0.7,1.0,0.0,0.0,0.0,0.0,1
1,1.0,0,5.0,1.0,12.0,10.0,2.0,0.0,1.0,1.0,0.0,1.0,0.0,0.0,0.0,0.0,1
1,1.0,0,4.0,1.0,13.0,11.0,1.0,13.0,1.0,1.0,0.9,1.0,4.0,11.0,379.0,0.0,1
0,1.0,1,7.0,1.0,22.0,9.0,2.0,12.0,1.0,1.0,86.3,1.0,0.0,0.0,0.0,0.0,1
1,1.0,0,1.0,1.0,22.0,2.0,2.0,13.0,1.0,1.0,1.5,1.0,0.0,0.0,0.0,0.0,1
1,1.0,0,4.0,1.0,0.0,5.0,1.0,13.0,1.0,1.0,3.0,1.0,0.0,0.0,0.0,0.0,1
1,1.0,0,4.0,1.0,13.0,6.0,2.0,12.0,1.0,1.0,3.2,1.0,0.0,0.0,0.0,0.0,1
0,1.0,0,4.0,1.0,10.0,5.0,1.0,11.0,1.0,1.0,3.0,1.0,0.0,0.0,0.0,0.0,1
1,1.0,0,4.0,1.0,13.0,8.0,1.0,13.0,1.0,1.0,1.3,1.0,0.0,0.0,0.0,0.0,1
0,1.0,1,5.0,1.0,20.0,1.0,2.0,14.0,5.0,1.0,4.8,1.0,0.0,0.0,0.0,0.0,1
1,1.0,0,1.0,1.0,16.0,12.0,1.0,12.0,1.0,1.0,3.5,1.0,0.0,0.0,0.0,0.0,1
1,1.0,0,4.0,1.0,13.0,1.0,1.0,13.0,1.0,1.0,1.8,1.0,0.0,0.0,0.0,0.0,1
1,1.0,1,5.0,1.0,13.0,8.0,1.0,13.0,1.0,1.0,4.6,1.0,0.0,0.0,0.0,0.0,1
1,1.0,0,4.0,1.0,13.0,1.0,1.0,11.0,1.0,1.0,1.3,1.0,0.0,0.0,0.0,0.0,1
1,1.0,0,4.0,1.0,13.0,4.0,2.0,14.0,1.0,1.0,0.0,1.0,0.0,0.0,0.0,0.0,1
1,1.0,0,5.0,1.0,0.0,12.0,1.0,13.0,1.0,1.0,1.2,1.0,0.0,0.0,0.0,0.0,0
1,1.0,0,4.0,1.0,13.0,4.0,2.0,13.0,1.0,1.0,2.4,1.0,0.0,0.0,0.0,0.0,1
1,1.0,0,5.0,1.0,10.0,12.0,2.0,12.0,1.0,1.0,2.0,1.0,0.0,0.0,0.0,0.0,1
1,1.0,0,4.0,1.0,0.0,3.0,1.0,12.0,2.0,1.0,2.3,1.0,0.0,0.0,0.0,0.0,0
1,1.0,1,4.0,1.0,16.0,3.0,2.0,12.0,1.0,1.0,0.9,1.0,0.0,0.0,0.0,0.0,1
0,1.0,0,4.0,1.0,13.0,10.0,1.0,12.0,1.0,1.0,1.4,1.0,0.0,0.0,0.0,0.0,1
1,1.0,0,4.0,1.0,13.0,4.0,1.0,7.0,1.0,1.0,0.0,1.0,0.0,0.0,0.0,0.0,1
1,1.0,0,4.0,1.0,11.0,1.0,1.0,8.0,5.0,1.0,3.4,1.0,0.0,0.0,0.0,0.0,1
1,1.0,1,5.0,1.0,10.0,12.0,2.0,0.0,1.0,1.0,0.0,1.0,0.0,0.0,0.0,0.0,1
1,1.0,0,4.0,1.0,11.0,4.0,1.0,8.0,1.0,1.0,1.0,1.0,0.0,0.0,0.0,0.0,1
1,1.0,0,4.0,1.0,16.0,10.0,2.0,13.0,1.0,1.0,1.7,1.0,0.0,0.0,0.0,0.0,1
1,1.0,0,4.0,1.0,11.0,4.0,2.0,13.0,1.0,1.0,0.7,1.0,0.0,0.0,0.0,0.0,1
1,1.0,0,4.0,1.0,4.0,7.0,2.0,7.0,1.0,1.0,1.3,1.0,0.0,0.0,0.0,0.0,1
1,1.0,0,4.0,1.0,11.0,7.0,2.0,13.0,1.0,1.0,0.0,1.0,0.0,0.0,0.0,0.0,1
1,1.0,1,5.0,1.0,4.0,1.0,2.0,11.0,1.0,1.0,0.0,1.0,0.0,0.0,0.0,0.0,1
1,1.0,1,5.0,1.0,13.0,5.0,2.0,13.0,1.0,1.0,1.8,1.0,0.0,0.0,0.0,0.0,1
1,1.0,0,4.0,1.0,11.0,4.0,2.0,12.0,1.0,1.0,0.9,1.0,0.0,0.0,0.0,0.0,1
1,1.0,0,4.0,1.0,13.0,5.0,1.0,9.0,1.0,1.0,3.5,1.0,0.0,0.0,0.0,0.0,1
1,1.0,1,4.0,1.0,4.0,7.0,1.0,13.0,5.0,1.0,0.8,1.0,4.0,7.0,315.565,3.0,0
1,1.0,1,5.0,1.0,13.0,6.0,1.0,12.0,1.0,1.0,0.0,1.0,0.0,0.0,0.0,0.0,1
1,1.0,0,4.0,1.0,11.0,1.0,1.0,13.0,5.0,1.0,3.1,1.0,0.0,0.0,0.0,0.0,1
1,1.0,1,5.0,1.0,13.0,8.0,1.0,14.0,1.0,1.0,1.3,1.0,0.0,0.0,0.0,0.0,1
1,1.0,0,4.0,1.0,0.0,1.0,1.0,12.0,1.0,1.0,2.0,1.0,0.0,0.0,0.0,3.0,0
1,2.0,0,5.0,1.0,10.0,11.0,2.0,14.0,1.0,1.0,3.1,1.0,0.0,0.0,0.0,0.0,1
1,1.0,1,5.0,1.0,9.0,4.0,1.0,12.0,1.0,1.0,0.0,1.0,0.0,0.0,0.0,0.0,1
1,1.0,0,4.0,1.0,12.0,12.0,2.0,13.0,1.0,1.0,1.2,1.0,0.0,0.0,0.0,0.0,1
0,1.0,0,4.0,1.0,4.0,8.0,2.0,12.0,1.0,1.0,1.6,1.0,0.0,0.0,0.0,0.0,1
1,1.0,0,5.0,1.0,3.0,7.0,1.0,12.0,1.0,1.0,0.3,1.0,0.0,0.0,0.0,0.0,1
1,1.0,1,7.0,1.0,13.0,5.0,1.0,12.0,1.0,1.0,2.1,1.0,0.0,0.0,0.0,0.0,1
1,1.0,0,4.0,1.0,0.0,1.0,1.0,12.0,1.0,1.0,1.3,1.0,0.0,0.0,0.0,3.0,0
1,1.0,0,4.0,1.0,13.0,9.0,1.0,13.0,1.0,1.0,1.0,1.0,0.0,0.0,0.0,0.0,1
0,1.0,1,5.0,1.0,0.0,8.0,1.0,11.0,1.0,1.0,0.9,1.0,0.0,0.0,0.0,0.0,1
1,1.0,0,4.0,1.0,13.0,1.0,1.0,13.0,1.0,1.0,0.6,1.0,0.0,0.0,0.0,0.0,1
1,1.0,1,4.0,1.0,16.0,4.0,1.0,13.0,2.0,1.0,0.48099205,1.0,0.0,0.0,0.0,0.0,1
1,1.0,0,5.0,1.0,13.0,1.0,2.0,12.0,1.0,1.0,1.6,1.0,0.0,0.0,0.0,0.0,1
1,2.0,1,5.0,1.0,11.0,6.0,1.0,12.0,1.0,1.0,1.1,1.0,0.0,0.0,0.0,0.0,1
1,1.0,1,5.0,1.0,13.0,8.0,2.0,10.0,1.0,1.0,0.6,1.0,0.0,0.0,0.0,0.0,1
1,1.0,1,5.0,1.0,13.0,2.0,1.0,4.0,1.0,1.0,1.1,1.0,0.0,0.0,0.0,0.0,1
1,1.0,0,5.0,1.0,13.0,5.0,1.0,13.0,1.0,1.0,3.9,1.0,0.0,0.0,0.0,0.0,1
1,1.0,0,4.0,1.0,0.0,3.0,1.0,13.0,1.0,1.0,1.7,1.0,0.0,0.0,0.0,0.0,1
1,1.0,1,4.0,1.0,22.0,5.0,1.0,13.0,1.0,1.0,1.3,1.0,4.0,11.0,379.0,0.0,1
1,1.0,0,1.0,1.0,11.0,8.0,2.0,12.0,1.0,1.0,86.3,1.0,4.0,11.0,379.0,0.0,1
1,1.0,0,1.0,1.0,16.0,12.0,2.0,7.0,1.0,1.0,0.0,1.0,0.0,0.0,0.0,0.0,1
1,1.0,1,5.0,1.0,13.0,5.0,2.0,2.0,1.0,1.0,1.1,1.0,0.0,0.0,0.0,0.0,1
1,2.0,1,4.0,1.0,11.0,7.0,2.0,13.0,1.0,1.0,1.2,1.0,0.0,0.0,0.0,0.0,1
1,1.0,0,4.0,1.0,0.0,7.0,1.0,10.0,1.0,1.0,0.9,1.0,0.0,0.0,0.0,0.0,0
1,1.0,0,4.0,1.0,2.0,2.0,1.0,12.0,1.0,1.0,0.6,1.0,0.0,0.0,0.0,0.0,1
1,1.0,0,4.0,1.0,11.0,7.0,1.0,13.0,1.0,1.0,0.0,1.0,0.0,0.0,0.0,0.0,1
0,1.0,0,5.0,1.0,6.0,6.0,2.0,13.0,1.0,1.0,1.2,1.0,0.0,0.0,0.0,0.0,1
1,1.0,0,5.0,1.0,7.0,1.0,1.0,12.0,1.0,1.0,1.3,1.0,0.0,0.0,0.0,0.0,1
1,1.0,0,4.0,1.0,10.0,3.0,1.0,13.0,1.0,1.0,1.2,1.0,0.0,0.0,0.0,0.0,1
1,1.0,1,5.0,1.0,16.0,1.0,1.0,12.0,5.0,1.0,3.0,1.0,0.0,0.0,0.0,0.0,1
1,1.0,1,5.0,1.0,13.0,6.0,1.0,7.0,1.0,1.0,0.0,1.0,0.0,0.0,0.0,0.0,1
1,2.0,0,4.0,1.0,6.0,8.0,1.0,13.0,1.0,1.0,2.9,1.0,0.0,0.0,0.0,0.0,1
0,1.0,1,4.0,1.0,13.0,6.0,1.0,12.0,1.0,1.0,86.3,1.0,0.0,0.0,0.0,0.0,1
1,1.0,0,4.0,1.0,13.0,5.0,1.0,13.0,1.0,1.0,0.0,1.0,0.0,0.0,0.0,0.0,1
1,1.0,1,5.0,1.0,13.0,8.0,1.0,10.0,1.0,1.0,1.2,1.0,0.0,0.0,0.0,0.0,1
1,1.0,0,4.0,1.0,13.0,12.0,1.0,9.0,1.0,1.0,0.0,1.0,0.0,0.0,0.0,0.0,1
1,1.0,0,4.0,1.0,7.0,1.0,1.0,13.0,1.0,1.0,3.6,1.0,0.0,0.0,0.0,0.0,1
1,2.0,1,5.0,1.0,1.0,12.0,1.0,12.0,1.0,1.0,2.3673563,1.0,0.0,0.0,0.0,0.0,1
1,1.0,1,5.0,1.0,16.0,4.0,1.0,9.0,1.0,1.0,0.0,1.0,0.0,0.0,0.0,0.0,1
1,1.0,0,4.0,1.0,0.0,12.0,1.0,13.0,1.0,1.0,2.6,1.0,0.0,0.0,0.0,0.0,1
1,1.0,0,4.0,1.0,10.0,4.0,1.0,12.0,1.0,1.0,2.0,1.0,0.0,0.0,0.0,0.0,1
1,1.0,0,4.0,1.0,16.0,7.0,2.0,12.0,1.0,1.0,0.0,1.0,4.0,11.0,379.0,0.0,1
1,1.0,0,4.0,1.0,13.0,9.0,1.0,7.0,1.0,1.0,2.5,1.0,0.0,0.0,0.0,0.0,1
1,1.0,0,4.0,1.0,0.0,4.0,1.0,11.0,1.0,1.0,2.0,1.0,0.0,0.0,0.0,0.0,1
1,1.0,0,4.0,1.0,13.0,10.0,2.0,13.0,1.0,1.0,86.3,1.0,0.0,0.0,0.0,0.0,1
1,1.0,0,4.0,1.0,16.0,2.0,2.0,12.0,1.0,1.0,0.0,1.0,0.0,0.0,0.0,0.0,1
1,1.0,0,4.0,1.0,13.0,12.0,1.0,12.0,1.0,1.0,2.9,1.0,0.0,0.0,0.0,0.0,1
1,1.0,0,1.0,1.0,16.0,12.0,2.0,10.0,1.0,1.0,2.0,1.0,0.0,0.0,0.0,0.0,1
1,1.0,0,4.0,1.0,13.0,12.0,2.0,0.0,1.0,1.0,1.4,1.0,0.0,0.0,0.0,0.0,1
1,2.0,0,4.0,1.0,0.0,6.0,2.0,13.0,1.0,1.0,0.6,1.0,0.0,0.0,0.0,0.0,1
1,1.0,0,5.0,1.0,13.0,9.0,2.0,7.0,1.0,1.0,3.4,1.0,0.0,0.0,0.0,0.0,1
1,1.0,1,5.0,1.0,16.0,3.0,2.0,14.0,1.0,1.0,0.7,1.0,0.0,0.0,0.0,0.0,1
1,1.0,1,5.0,1.0,1.0,8.0,2.0,13.0,1.0,1.0,2.4,1.0,0.0,0.0,0.0,0.0,1
0,1.0,1,5.0,1.0,13.0,4.0,1.0,12.0,1.0,1.0,3.2,1.0,0.0,0.0,0.0,0.0,1
1,1.0,0,4.0,1.0,15.0,3.0,2.0,4.0,1.0,1.0,1.9,1.0,0.0,0.0,0.0,0.0,1
1,1.0,1,5.0,1.0,10.0,6.0,1.0,11.0,5.0,1.0,0.4,1.0,0.0,0.0,0.0,0.0,0
1,1.0,0,4.0,1.0,22.0,6.0,2.0,13.0,1.0,1.0,0.0,1.0,0.0,0.0,0.0,0.0,1
1,1.0,1,5.0,1.0,13.0,11.0,1.0,8.0,1.0,1.0,0.29524702,1.0,4.0,7.0,379.0,0.0,1
1,1.0,0,4.0,1.0,10.0,3.0,2.0,12.0,1.0,1.0,1.6,1.0,0.0,0.0,0.0,0.0,1
1,1.0,1,4.0,1.0,14.0,2.0,1.0,8.0,1.0,1.0,2.3,1.0,0.0,0.0,0.0,0.0,1
1,1.0,0,4.0,1.0,10.0,12.0,1.0,13.0,1.0,1.0,0.0,1.0,0.0,0.0,0.0,0.0,1
1,1.0,1,5.0,1.0,13.0,7.0,1.0,12.0,1.0,1.0,3.1,1.0,0.0,0.0,0.0,0.0,1
1,1.0,0,4.0,1.0,13.0,12.0,2.0,12.0,1.0,1.0,0.0,1.0,0.0,0.0,0.0,0.0,1
1,1.0,1,6.0,1.0,13.0,2.0,1.0,14.0,1.0,1.0,1.4,1.0,0.0,0.0,0.0,0.0,1
0,1.0,1,6.0,1.0,11.0,7.0,1.0,13.0,1.0,1.0,1.9,1.0,0.0,0.0,0.0,0.0,1
1,1.0,0,4.0,1.0,11.0,11.0,2.0,13.0,1.0,1.0,0.0,1.0,0.0,0.0,0.0,0.0,1
1,1.0,0,4.0,1.0,0.0,2.0,1.0,12.0,1.0,1.0,1.6,1.0,0.0,0.0,0.0,0.0,1
1,1.0,0,4.0,1.0,13.0,9.0,1.0,14.0,1.0,1.0,4.1,1.0,0.0,0.0,0.0,0.0,1
0,1.0,0,5.0,1.0,11.0,12.0,1.0,11.0,1.0,1.0,1.5,1.0,0.0,0.0,0.0,0.0,1
1,1.0,0,4.0,1.0,10.0,2.0,1.0,13.0,1.0,1.0,1.4,1.0,0.0,0.0,0.0,0.0,0
1,1.0,0,4.0,1.0,10.0,6.0,1.0,13.0,1.0,1.0,0.9,1.0,0.0,0.0,0.0,0.0,1
0,1.0,0,4.0,1.0,13.0,1.0,2.0,11.0,1.0,1.0,1.7,1.0,0.0,0.0,0.0,0.0,1
0,1.0,0,2.0,1.0,13.0,8.0,1.0,12.0,1.0,1.0,86.3,1.0,0.0,0.0,0.0,0.0,0
1,1.0,1,4.0,1.0,4.0,7.0,2.0,14.0,1.0,1.0,1.9,1.0,0.0,0.0,0.0,0.0,1
1,1.0,0,4.0,1.0,13.0,8.0,2.0,12.0,1.0,1.0,3.4,1.0,0.0,0.0,0.0,0.0,1
1,2.0,0,5.0,1.0,1.0,6.0,2.0,13.0,1.0,1.0,1.5,1.0,0.0,0.0,0.0,0.0,1
0,1.0,1,4.0,1.0,13.0,1.0,2.0,12.0,1.0,1.0,1.0,1.0,0.0,0.0,0.0,0.0,1
1,1.0,0,4.0,1.0,5.0,1.0,1.0,13.0,1.0,1.0,0.0,1.0,0.0,0.0,0.0,0.0,1
1,1.0,0,4.0,1.0,10.0,6.0,1.0,12.0,1.0,1.0,1.4,1.0,4.0,11.0,379.0,0.0,1
1,1.0,1,4.0,1.0,11.0,10.0,2.0,13.0,1.0,1.0,0.4,1.0,0.0,0.0,0.0,0.0,1
1,1.0,1,5.0,1.0,13.0,11.0,2.0,7.0,1.0,1.0,0.0,1.0,0.0,0.0,0.0,0.0,1
1,1.0,0,4.0,1.0,8.0,8.0,1.0,13.0,1.0,1.0,1.2,1.0,0.0,0.0,0.0,0.0,1
1,1.0,0,4.0,1.0,14.0,7.0,2.0,12.0,1.0,1.0,0.0,1.0,0.0,0.0,0.0,0.0,1
1,1.0,0,4.0,1.0,11.0,1.0,1.0,13.0,1.0,1.0,1.2,1.0,0.0,0.0,0.0,0.0,1
1,1.0,0,4.0,1.0,10.0,4.0,2.0,13.0,1.0,1.0,0.5,1.0,0.0,0.0,0.0,0.0,1
0,1.0,0,1.0,1.0,13.0,1.0,1.0,12.0,1.0,1.0,0.9,1.0,3.0,11.0,379.0,0.0,1
1,1.0,0,4.0,1.0,20.0,8.0,1.0,0.0,1.0,1.0,0.6,1.0,0.0,0.0,0.0,0.0,1
1,1.0,0,4.0,1.0,0.0,9.0,1.0,12.0,1.0,1.0,86.3,1.0,0.0,0.0,0.0,3.0,0
1,1.0,0,4.0,1.0,14.0,3.0,1.0,12.0,1.0,1.0,0.5,1.0,0.0,0.0,0.0,0.0,1
1,1.0,0,4.0,1.0,13.0,8.0,2.0,13.0,1.0,1.0,86.3,1.0,0.0,0.0,0.0,0.0,1
1,1.0,0,4.0,1.0,1.0,1.0,1.0,12.0,1.0,1.0,11.327345,1.0,0.0,0.0,0.0,0.0,1
1,1.0,0,4.0,1.0,13.0,4.0,2.0,2.0,1.0,1.0,86.3,1.0,0.0,0.0,0.0,0.0,1
1,1.0,0,4.0,1.0,0.0,4.0,1.0,13.0,1.0,1.0,1.5,1.0,0.0,0.0,0.0,0.0,0
1,1.0,1,5.0,1.0,13.0,6.0,1.0,14.0,1.0,1.0,0.9,1.0,0.0,0.0,0.0,0.0,1
1,1.0,1,4.0,1.0,10.0,12.0,1.0,12.0,1.0,1.0,0.0,1.0,0.0,0.0,0.0,0.0,1
1,1.0,1,4.0,1.0,16.0,1.0,1.0,13.0,1.0,1.0,86.3,1.0,0.0,0.0,0.0,0.0,1
1,1.0,0,4.0,1.0,13.0,1.0,2.0,13.0,1.0,1.0,2.1,1.0,0.0,0.0,0.0,0.0,1
1,1.0,0,4.0,1.0,5.0,1.0,1.0,13.0,1.0,1.0,0.7,1.0,0.0,0.0,0.0,0.0,1
1,1.0,0,4.0,1.0,4.0,6.0,1.0,12.0,5.0,1.0,1.7,1.0,0.0,0.0,0.0,0.0,1
1,1.0,0,4.0,1.0,13.0,4.0,1.0,12.0,1.0,1.0,1.1,1.0,0.0,0.0,0.0,0.0,1
1,1.0,0,4.0,1.0,5.0,6.0,1.0,0.0,1.0,1.0,1.7,1.0,0.0,0.0,0.0,0.0,1
1,1.0,0,1.0,1.0,16.0,9.0,1.0,13.0,1.0,1.0,0.5,1.0,0.0,0.0,0.0,0.0,1
1,1.0,0,5.0,1.0,4.0,7.0,1.0,9.0,1.0,1.0,0.0,1.0,0.0,0.0,0.0,0.0,0
1,1.0,1,5.0,1.0,14.0,1.0,2.0,13.0,1.0,1.0,2.0,1.0,0.0,0.0,0.0,0.0,1
1,1.0,1,4.0,1.0,16.0,4.0,2.0,14.0,1.0,1.0,3.9,1.0,0.0,0.0,0.0,0.0,1
1,1.0,1,4.0,1.0,13.0,6.0,2.0,12.0,1.0,1.0,1.0,1.0,0.0,0.0,0.0,0.0,1
1,1.0,1,4.0,1.0,13.0,4.0,2.0,13.0,1.0,1.0,0.6,1.0,0.0,0.0,0.0,0.0,1
1,1.0,0,4.0,1.0,22.0,4.0,1.0,14.0,1.0,1.0,2.4,1.0,0.0,0.0,0.0,0.0,1
1,1.0,0,4.0,1.0,12.0,12.0,2.0,12.0,1.0,1.0,1.7,1.0,4.0,5.2311263,379.0,0.0,0
1,1.0,0,1.0,1.0,17.462387,7.0,2.0,13.0,1.0,1.0,2.7839985,1.0,0.0,0.0,0.0,0.0,1
0,1.0,0,4.0,1.0,13.0,10.0,1.0,11.0,1.0,1.0,1.0,1.0,0.0,0.0,0.0,0.0,1
0,1.0,0,4.0,1.0,22.0,6.0,1.0,0.0,1.0,1.0,0.1,1.0,0.0,0.0,0.0,0.0,1
1,1.0,0,4.0,1.0,11.0,7.0,2.0,12.0,1.0,1.0,2.0,1.0,0.0,0.0,0.0,0.0,0
1,1.0,0,4.0,1.0,7.0,1.0,1.0,13.0,5.0,1.0,8.0,1.0,0.0,0.0,0.0,0.0,0
0,1.0,0,4.0,1.0,13.0,7.0,2.0,0.0,1.0,1.0,1.3,1.0,0.0,0.0,0.0,0.0,1
1,1.0,1,5.0,1.0,0.0,12.0,2.0,8.0,1.0,1.0,1.4,1.0,0.0,0.0,0.0,0.0,1
1,1.0,1,5.0,1.0,22.0,1.0,2.0,13.0,1.0,1.0,4.9,1.0,0.0,0.0,0.0,0.0,1
0,1.0,1,5.0,1.0,12.0,3.0,1.0,12.0,1.0,1.0,1.0,1.0,0.0,0.0,0.0,0.0,1
1,1.0,1,5.0,1.0,22.0,1.0,1.0,13.0,1.0,1.0,3.7,1.0,0.0,0.0,0.0,0.0,1
1,1.0,0,4.0,1.0,10.0,3.0,1.0,13.0,5.0,1.0,86.3,1.0,0.0,0.0,0.0,0.0,1
1,1.0,0,4.0,1.0,11.0,2.0,1.0,13.0,1.0,1.0,0.0,1.0,0.0,0.0,0.0,0.0,1
1,1.0,0,4.0,1.0,13.0,2.0,1.0,14.0,1.0,1.0,1.7,1.0,0.0,0.0,0.0,0.0,1
1,1.0,1,4.0,1.0,11.0,12.0,1.0,13.0,1.0,1.0,1.9,1.0,0.0,0.0,0.0,0.0,1
0,1.0,0,5.0,1.0,4.0,1.0,1.0,13.0,1.0,1.0,1.2,1.0,0.0,0.0,0.0,0.0,1
1,1.0,0,4.0,1.0,0.0,9.0,1.0,12.0,1.0,1.0,2.2,1.0,0.0,0.0,0.0,0.0,1
1,1.0,1,4.0,1.0,10.0,12.0,2.0,13.0,1.0,1.0,1.1,1.0,0.0,0.0,0.0,0.0,1
1,1.0,1,5.0,1.0,11.0,4.0,2.0,12.0,1.0,1.0,1.1,1.0,0.0,0.0,0.0,0.0,1
1,1.0,0,4.0,1.0,11.0,10.0,2.0,12.0,1.0,1.0,1.4,1.0,0.0,0.0,0.0,0.0,1
1,1.0,0,4.0,1.0,16.0,11.0,2.0,13.0,1.0,1.0,1.8,1.0,0.0,0.0,0.0,0.0,1
1,1.0,0,4.0,1.0,16.0,9.0,2.0,13.0,1.0,1.0,0.0,1.0,4.0,11.0,379.0,0.0,1
1,1.0,1,5.0,1.0,13.0,4.0,1.0,13.0,5.0,1.0,1.2,1.0,0.0,0.0,0.0,0.0,1
1,1.0,0,4.0,1.0,16.0,5.0,2.0,13.0,1.0,1.0,2.5,1.0,0.0,0.0,0.0,0.0,1
1,1.0,0,4.0,1.0,10.0,3.0,1.0,8.0,1.0,1.0,2.4,1.0,3.0,0.0,275.4195,0.0,1
0,1.0,0,4.0,1.0,13.0,12.0,2.0,13.0,1.0,1.0,3.4,1.0,0.0,0.0,0.0,0.0,1
1,2.0,0,5.0,1.0,13.0,12.0,1.0,13.0,1.0,1.0,86.3,1.0,0.0,0.0,0.0,0.0,1
1,1.0,0,5.0,1.0,0.0,7.0,1.0,13.0,1.0,1.0,7.8,1.0,0.0,0.0,0.0,0.0,1
0,1.0,0,4.0,1.0,10.0,10.0,1.0,0.0,1.0,1.0,86.3,1.0,0.0,0.0,0.0,0.0,1
1,1.0,1,6.0,1.0,11.0,8.0,2.0,12.0,1.0,1.0,1.2,1.0,0.0,0.0,0.0,0.0,1
1,2.0,0,4.0,1.0,1.0,7.0,1.0,12.0,1.0,1.0,2.2,1.0,0.0,0.0,0.0,0.0,0
1,1.0,0,5.0,1.0,4.0,3.0,2.0,12.0,1.0,1.0,0.9,1.0,0.0,0.0,0.0,0.0,1
0,2.0,0,4.0,1.0,13.0,11.0,2.0,13.0,1.0,1.0,86.3,1.0,0.0,0.0,0.0,0.0,1
1,1.0,0,4.0,1.0,13.0,11.0,2.0,12.0,1.0,1.0,0.0,1.0,4.0,11.0,379.0,0.0,1
1,1.0,0,4.0,1.0,4.0,8.0,2.0,13.0,1.0,1.0,0.0,1.0,0.0,0.0,0.0,0.0,1
1,1.0,1,5.0,1.0,13.0,1.0,1.0,13.0,2.0,1.0,1.5,1.0,0.0,0.0,0.0,0.0,1
1,1.0,0,4.0,1.0,11.0,10.0,2.0,13.0,1.0,1.0,3.3,1.0,0.0,0.0,0.0,0.0,1
1,1.0,1,5.0,1.0,4.3805676,9.0,1.0,12.0,1.0,1.0,1.1,1.0,0.0,0.0,0.0,0.0,1
1,1.0,0,4.0,1.0,14.0,3.0,2.0,12.0,1.0,1.0,3.6,1.0,0.0,5.0,241.3148,0.0,1
1,1.0,0,4.0,1.0,10.0,10.0,2.0,4.0,1.0,1.0,1.9,1.0,0.0,0.0,0.0,0.0,1
1,1.0,1,5.0,1.0,13.0,2.0,1.0,12.0,1.0,1.0,0.3,1.0,0.0,0.0,0.0,0.0,1
1,1.0,1,6.0,1.0,4.0,11.0,1.0,13.0,5.0,1.0,3.4,1.0,0.0,0.0,0.0,0.0,0
1,1.0,0,4.0,1.0,16.0,8.0,2.0,12.0,1.0,1.0,0.0,1.0,0.0,0.0,0.0,0.0,1
1,1.0,1,5.0,1.0,16.0,12.0,1.0,12.0,1.0,1.0,1.2,1.0,0.0,0.0,0.0,0.0,1
1,1.0,1,4.0,1.0,13.0,3.0,2.0,13.0,1.0,1.0,5.1,1.0,0.0,0.0,0.0,0.0,1
1,1.0,0,4.0,1.0,11.0,3.0,1.0,0.0,1.0,1.0,86.3,1.0,0.0,0.0,0.0,0.0,1
1,1.0,0,4.0,1.0,16.0,10.0,2.0,13.0,1.0,1.0,0.9,1.0,0.0,0.0,0.0,0.0,1
1,1.0,0,4.0,1.0,14.0,8.0,1.0,13.0,1.0,1.0,1.7,1.0,0.0,0.0,0.0,0.0,1
1,1.0,1,5.0,1.0,20.0,4.0,2.0,13.0,1.0,1.0,3.6,1.0,0.0,0.0,0.0,0.0,1
1,1.0,1,5.0,1.0,13.0,2.0,1.0,13.0,5.0,1.0,3.4,1.0,0.0,0.0,0.0,0.0,1
1,1.0,1,4.0,1.0,13.0,2.0,1.0,13.0,5.0,1.0,86.3,1.0,0.0,0.0,0.0,0.0,1
1,1.0,1,6.0,1.0,13.0,9.0,1.0,11.0,1.0,1.0,1.4,1.0,0.0,0.0,0.0,0.0,0
1,1.0,1,4.0,1.0,16.0,5.0,1.0,1.0,1.0,1.0,1.3,1.0,0.0,0.0,0.0,0.0,1
1,1.0,0,5.0,1.0,10.0,2.0,1.0,11.0,1.0,1.0,1.2,1.0,0.0,0.0,0.0,0.0,0
1,1.0,1,5.0,1.0,13.0,4.0,2.0,12.0,1.0,1.0,0.0,1.0,0.0,0.0,0.0,0.0,1
1,2.0,0,5.0,1.0,13.0,2.0,2.0,12.0,1.0,1.0,86.3,1.0,0.0,0.0,0.0,0.0,1
1,1.0,1,6.0,1.0,11.0,6.0,2.0,12.0,1.0,1.0,0.4,1.0,0.0,0.0,0.0,0.0,1
1,1.0,0,4.0,1.0,13.0,10.0,2.0,12.0,1.0,1.0,0.9170751,1.0,0.0,0.0,0.0,0.0,1
1,1.0,0,4.0,1.0,12.0,1.0,2.0,9.0,1.0,1.0,0.4,1.0,0.0,0.0,0.0,0.0,1
0,2.0,0,4.0,1.0,15.0,3.0,2.0,12.0,1.0,1.0,1.7,1.0,0.0,0.0,0.0,0.0,1
0,2.0,1,4.0,1.0,16.0,12.0,1.0,13.0,1.0,1.0,11.048006,1.0,0.0,0.0,0.0,0.0,1
0,1.0,1,5.0,1.0,16.0,8.0,1.0,13.0,1.0,1.0,2.0,1.0,0.0,0.0,0.0,0.0,1
1,1.0,0,4.0,1.0,3.0,3.0,1.0,0.0,5.0,1.0,5.9,1.0,4.0,11.0,379.0,0.0,1
1,1.0,0,4.0,1.0,13.0,12.0,1.0,0.0,1.0,1.0,1.4,1.0,0.0,0.0,0.0,0.0,1
1,1.0,1,5.0,1.0,20.0,2.0,1.0,12.0,1.0,1.0,2.3,1.0,0.0,0.0,0.0,0.0,1
1,1.0,0,4.0,1.0,0.0,11.0,2.0,12.0,1.0,1.0,1.1,1.0,0.0,0.0,0.0,0.0,1
1,1.0,0,4.0,1.0,16.0,1.0,2.0,13.0,1.0,1.0,0.6,1.0,0.0,0.0,0.0,0.0,1
1,1.0,0,4.0,1.0,1.0,10.0,1.0,12.0,1.0,1.0,1.4,1.0,0.0,0.0,0.0,0.0,1
0,1.0,1,4.0,1.0,13.0,10.0,1.0,0.0,1.0,1.0,0.0,1.0,0.0,0.0,0.0,0.0,1
1,1.0,1,4.0,1.0,16.0,5.0,1.0,12.0,1.0,1.0,1.0,1.0,3.0,6.0,379.0,0.0,1
1,1.0,1,5.0,1.0,2.0,10.0,2.0,12.0,1.0,1.0,0.5,1.0,0.0,0.0,0.0,0.0,1
1,1.0,0,5.0,1.0,0.0,2.0,1.0,12.0,1.0,1.0,0.7,1.0,0.0,0.0,0.0,3.0,1
1,1.0,0,1.0,1.0,14.0,10.0,2.0,13.0,1.0,1.0,86.3,1.0,4.0,11.0,379.0,0.0,1
0,1.0,1,5.0,1.0,22.0,3.0,2.0,12.0,1.0,1.0,86.3,1.0,0.0,0.0,0.0,0.0,1
1,1.0,1,4.0,1.0,0.0,5.0,1.0,12.0,1.0,1.0,0.4,1.0,0.0,0.0,0.0,0.0,1
1,1.0,1,5.0,1.0,10.0,5.0,2.0,8.0,1.0,1.0,1.9,1.0,0.0,0.0,0.0,0.0,1
0,1.0,0,4.0,1.0,9.0,2.0,2.0,12.0,1.0,1.0,5.0,1.0,0.0,0.0,0.0,0.0,1
0,1.0,0,4.0,1.0,5.0,7.0,1.0,13.0,5.0,1.0,1.7,1.0,0.0,0.0,0.0,0.0,1
1,1.0,0,4.0,1.0,10.0,9.0,1.0,13.0,1.0,1.0,1.6,1.0,0.0,0.0,0.0,0.0,1
1,1.0,1,4.0,1.0,6.0,9.0,2.0,13.0,5.0,1.0,0.6050748,1.0,0.0,0.0,0.0,0.0,1
1,1.0,1,5.0,1.0,10.0,5.0,1.0,11.0,5.0,1.0,1.2,1.0,0.0,0.0,0.0,0.0,1
1,1.0,0,1.0,1.0,16.0,8.0,1.0,6.0,2.0,1.0,86.3,1.0,3.0,11.0,379.0,0.0,1
1,1.0,0,5.0,1.0,13.0,5.0,1.0,13.0,1.0,1.0,0.0,1.0,0.0,0.0,0.0,0.0,1
1,2.0,0,4.0,1.0,14.0,5.0,2.0,13.0,1.0,1.0,3.8,1.0,0.0,0.0,0.0,0.0,1
1,1.0,0,4.0,1.0,9.0,8.0,2.0,11.0,1.0,1.0,0.0,1.0,0.0,0.0,0.0,0.0,1
1,1.0,1,6.0,1.0,13.0,2.0,2.0,12.0,1.0,1.0,1.8,1.0,0.0,0.0,0.0,0.0,1
1,1.0,1,5.0,1.0,13.0,4.0,2.0,13.0,1.0,1.0,1.6,1.0,0.0,0.0,0.0,0.0,1
1,2.0,0,5.0,1.0,1.0,7.0,1.0,13.0,1.0,1.0,4.0,1.0,0.0,0.0,0.0,0.0,1
1,1.0,0,4.0,1.0,14.0,3.0,1.0,12.0,1.0,1.0,0.8,1.0,4.0,11.0,379.0,0.0,1
1,1.0,0,4.0,1.0,13.0,8.0,1.0,14.0,1.0,1.0,1.1,1.0,0.0,0.0,0.0,0.0,0
1,1.0,1,5.0,1.0,13.0,8.0,1.0,0.0,1.0,1.0,3.5,1.0,3.0,0.0,293.0,0.0,1
1,1.0,1,7.0,1.0,14.0,7.0,2.0,13.0,1.0,1.0,3.3,1.0,0.0,0.0,0.0,0.0,1
0,1.0,1,4.0,1.0,13.0,3.0,2.0,12.0,1.0,1.0,0.5,1.0,0.0,0.0,0.0,0.0,1
1,2.0,0,4.0,1.0,12.0,4.0,1.0,13.0,1.0,2.0,86.3,1.0,0.0,0.0,0.0,0.0,1
1,1.0,0,5.0,1.0,13.0,8.0,1.0,13.0,1.0,1.0,2.2,1.0,0.0,0.0,0.0,0.0,1
1,1.0,0,5.0,1.0,0.0,7.0,2.0,12.0,1.0,1.0,1.0,1.0,0.0,0.0,0.0,0.0,1
1,1.0,1,4.0,1.0,14.0,9.0,2.0,12.0,1.0,1.0,86.3,1.0,0.0,0.0,0.0,0.0,1
1,1.0,0,5.0,1.0,10.0,1.0,1.0,12.0,1.0,1.0,0.7,1.0,0.0,0.0,0.0,0.0,0
1,1.0,1,5.0,1.0,11.0,5.0,1.0,12.0,1.0,1.0,2.0,1.0,0.0,0.0,0.0,0.0,1
0,1.0,0,4.0,1.0,10.0,10.0,2.0,13.0,1.0,1.0,86.3,1.0,0.0,0.0,0.0,0.0,1
0,1.0,1,5.0,1.0,20.0,10.0,1.0,13.0,1.0,1.0,0.9,1.0,0.0,0.0,0.0,0.0,1
1,1.0,0,4.0,1.0,10.0,7.0,2.0,12.0,1.0,1.0,1.5,1.0,0.0,0.0,0.0,0.0,1
0,1.0,0,4.0,1.0,0.0,6.0,1.0,12.0,1.0,1.0,2.0,1.0,0.0,0.0,0.0,0.0,1
1,1.0,0,4.0,1.0,4.0,7.0,1.0,13.0,1.0,1.0,4.3,1.0,0.0,0.0,0.0,0.0,1
1,1.0,1,5.0,1.0,13.0,9.0,1.0,13.0,1.0,1.0,1.1,1.0,0.0,0.0,0.0,0.0,1
1,1.0,0,4.0,1.0,1.0,8.0,1.0,13.0,1.0,1.0,0.5,1.0,3.0,7.0,0.0,0.0,0
1,1.0,0,4.0,1.0,0.0,1.0,1.0,13.0,5.0,1.0,86.3,1.0,0.0,0.0,0.0,0.0,1
1,1.0,1,4.0,1.0,16.0,6.0,1.0,10.0,1.0,1.0,0.0,1.0,3.0,0.0,281.0,0.0,1
1,1.0,0,5.0,1.0,13.0,2.0,1.0,13.0,1.0,1.0,86.3,1.0,0.0,0.0,0.0,0.0,1
0,1.0,1,4.0,1.0,14.0,12.0,2.0,12.0,1.0,1.0,3.3,1.0,0.0,0.0,0.0,0.0,1
1,1.0,0,4.0,1.0,16.0,6.0,2.0,9.0,1.0,1.0,1.6,1.0,0.0,0.0,0.0,0.0,1
1,1.0,0,5.0,1.0,11.0,4.0,1.0,13.0,1.0,1.0,4.9,1.0,0.0,0.0,0.0,0.0,1
0,1.0,0,4.0,1.0,1.0,12.0,1.0,13.0,1.0,1.0,86.3,1.0,0.0,0.0,0.0,0.0,1
1,1.0,1,5.0,1.0,16.0,9.0,1.0,12.0,1.0,1.0,1.1,1.0,0.0,0.0,0.0,0.0,1
1,1.0,1,4.0,1.0,16.0,1.0,1.0,14.0,1.0,1.0,7.006325,1.0,0.0,0.0,0.0,0.0,1
1,1.0,0,4.0,1.0,11.023881,5.0,1.0,13.0,1.0,1.0,2.7394636,1.0,0.0,0.0,0.0,0.0,1
1,1.0,0,4.0,1.0,14.0,4.0,1.0,9.0,1.0,1.0,1.5,1.0,4.0,11.0,379.0,0.0,1
1,1.0,1,4.0,1.0,16.0,4.0,2.0,13.0,1.0,1.0,0.7,1.0,0.0,0.0,242.5907,0.0,1
0,1.0,1,5.0,1.0,13.0,2.0,1.0,8.0,1.0,1.0,1.7,1.0,0.0,0.0,0.0,0.0,1
1,1.0,0,4.0,1.0,4.0,2.0,1.0,8.0,1.0,1.0,0.8,1.0,0.0,0.0,0.0,0.0,1
1,2.0,1,5.0,1.0,10.0,3.0,1.0,14.0,1.0,1.0,1.2,1.0,0.0,0.0,0.0,0.0,1
1,2.0,1,5.0,1.0,11.0,10.0,2.0,13.0,1.0,1.0,1.4,1.0,0.0,0.0,0.0,0.0,1
1,1.0,0,4.0,1.0,4.0,12.0,1.0,12.0,1.0,1.0,0.4,1.0,0.0,0.0,0.0,0.0,1
1,1.0,1,5.0,1.0,13.0,7.0,1.0,13.0,1.0,1.0,0.9,1.0,0.0,0.0,0.0,0.0,1
0,1.0,0,5.0,1.0,7.0,7.0,1.0,13.0,1.0,1.0,1.3,1.0,0.0,0.0,0.0,0.0,1
1,1.0,1,5.0,1.0,10.0,5.0,2.0,12.0,1.0,1.0,2.1,1.0,0.0,0.0,0.0,0.0,1
1,1.0,0,4.0,1.0,16.0,10.0,1.0,12.0,1.0,1.0,0.8,1.0,0.0,0.0,0.0,0.0,1
1,1.0,0,4.0,1.0,13.0,2.0,1.0,2.0,1.0,1.0,0.7,1.0,0.0,0.0,0.0,0.0,1
1,1.0,1,5.0,1.0,0.0,10.0,1.0,1.0,1.0,1.0,0.9,1.0,0.0,0.0,0.0,0.0,1
1,1.0,1,4.0,1.0,10.0,4.0,1.0,13.0,1.0,1.0,2.1,1.0,0.0,0.0,0.0,0.0,1
1,1.0,0,4.0,1.0,1.0,6.0,2.0,12.0,1.0,1.0,0.8,1.0,0.0,0.0,0.0,0.0,1
1,1.0,0,4.0,1.0,14.0,8.0,1.0,12.0,1.0,1.0,1.0,1.0,4.0,11.0,379.0,0.0,1
1,1.0,1,4.0,1.0,0.0,3.0,2.0,0.0,1.0,1.0,1.1,1.0,0.0,0.0,0.0,0.0,1
1,1.0,1,5.0,1.0,13.0,3.0,2.0,12.0,1.0,1.0,3.6,1.0,0.0,0.0,0.0,0.0,1
1,1.0,0,4.0,1.0,10.0,1.0,1.0,14.0,5.0,1.0,1.1,1.0,0.0,0.0,0.0,0.0,1
1,1.0,1,5.0,1.0,16.0,1.0,1.0,10.0,1.0,1.0,2.5,1.0,4.0,11.0,379.0,0.0,1
1,1.0,1,4.0,1.0,1.0,6.0,1.0,8.0,1.0,1.0,0.0,1.0,0.0,0.0,0.0,0.0,0
1,1.0,0,4.0,1.0,14.0,8.0,2.0,0.0,1.0,1.0,1.0,1.0,0.0,0.0,0.0,0.0,1
1,1.0,0,5.0,1.0,11.0,8.0,1.0,14.0,1.0,1.0,0.8,1.0,0.0,0.0,0.0,0.0,1
0,1.0,1,4.0,1.0,13.0,4.0,1.0,13.0,1.0,1.0,1.2,1.0,0.0,0.0,0.0,0.0,1
0,1.0,0,5.0,1.0,1.0,10.0,1.0,13.0,1.0,1.0,2.1,1.0,0.0,0.0,0.0,0.0,1
1,1.0,1,4.0,1.0,22.0,4.0,1.0,12.0,1.0,1.0,1.7,1.0,0.0,0.0,0.0,0.0,1
1,1.0,0,4.0,1.0,13.0,4.0,1.0,13.0,1.0,1.0,2.2,1.0,0.0,0.0,0.0,0.0,1
1,1.0,1,5.0,1.0,10.0,12.0,1.0,9.0,1.0,1.0,0.0,1.0,0.0,0.0,0.0,0.0,1
0,1.0,1,6.0,1.0,13.0,9.0,2.0,12.0,1.0,1.0,3.2,1.0,0.0,0.0,0.0,0.0,1
1,1.0,0,4.0,1.0,4.0,8.0,1.0,12.0,1.0,1.0,86.3,1.0,0.0,0.0,0.0,0.0,1
1,1.0,0,4.0,1.0,10.0,5.0,1.0,0.0,1.0,1.0,3.7,1.0,0.0,0.0,0.0,0.0,1
1,1.0,1,5.0,1.0,10.0,5.0,2.0,13.0,1.0,1.0,3.6,1.0,0.0,0.0,0.0,0.0,1
1,1.0,0,4.0,1.0,13.0,3.0,1.0,13.0,1.0,1.0,0.3,1.0,0.0,0.0,0.0,0.0,1
1,1.0,1,5.0,1.0,10.0,7.0,2.0,11.0,1.0,1.0,0.0,1.0,0.0,0.0,0.0,0.0,1
1,1.0,0,4.0,1.0,4.0,6.0,1.0,13.0,1.0,1.0,86.3,1.0,0.0,0.0,0.0,0.0,1
1,1.0,0,4.0,1.0,13.0,6.0,1.0,10.0,1.0,1.0,1.9,1.0,0.0,0.0,0.0,0.0,1
1,1.0,0,4.0,1.0,4.0,4.0,1.0,12.0,1.0,1.0,0.9,1.0,0.0,0.0,0.0,0.0,0
1,1.0,0,4.0,1.0,13.0,7.0,2.0,13.0,1.0,1.0,2.0,1.0,0.0,0.0,0.0,0.0,1
1,2.0,1,5.0,1.0,14.0,5.0,1.0,13.0,1.0,1.0,0.6,1.0,0.0,0.0,0.0,0.0,1
1,1.0,1,5.0,1.0,4.0,8.0,1.0,12.0,1.0,1.0,1.9,1.0,0.0,0.0,0.0,0.0,1
1,1.0,0,4.0,1.0,0.0,3.0,2.0,12.0,1.0,1.0,0.5,1.0,0.0,0.0,0.0,0.0,1
1,1.0,0,4.0,1.0,10.0,9.0,2.0,12.0,1.0,1.0,1.3,1.0,0.0,0.0,0.0,0.0,1
1,1.0,0,4.0,1.0,13.0,5.0,1.0,13.0,1.0,1.0,1.1,1.0,0.0,0.0,0.0,0.0,1
1,1.0,1,4.0,1.0,13.0,5.0,1.0,12.0,1.0,1.0,1.9,1.0,0.0,0.0,0.0,0.0,1
1,1.0,0,1.0,1.0,11.0,11.0,2.0,13.0,1.0,1.0,0.5,1.0,0.0,0.0,0.0,0.0,1
1,1.0,0,4.0,1.0,13.0,11.0,1.0,13.0,1.0,1.0,0.0,1.0,0.0,0.0,0.0,0.0,1
1,1.0,0,4.0,1.0,0.0,5.0,1.0,13.0,1.0,1.0,2.3,1.0,0.0,0.0,0.0,0.0,1
0,1.0,0,2.0,1.0,20.0,3.0,1.0,10.0,1.0,1.0,2.0,1.0,0.0,0.0,0.0,0.0,1
1,1.0,0,4.0,1.0,0.0,4.0,1.0,12.0,1.0,1.0,86.3,1.0,0.0,0.0,0.0,0.0,1
1,1.0,0,4.0,1.0,8.0,8.0,1.0,9.0,1.0,1.0,2.1,1.0,0.0,0.0,0.0,0.0,1
1,1.0,0,4.0,1.0,14.0,9.0,1.0,9.0,1.0,1.0,86.3,1.0,0.0,0.0,0.0,0.0,1
1,1.0,0,4.0,1.0,4.0,8.0,1.0,12.0,1.0,1.0,0.6,1.0,0.0,0.0,0.0,0.0,1
1,1.0,0,5.0,1.0,0.0,5.0,2.0,6.0,1.0,1.0,0.0,1.0,0.0,0.0,0.0,0.0,1
1,1.0,0,4.0,1.0,13.0,2.0,1.0,12.0,1.0,1.0,0.6,1.0,3.0,7.0,379.0,0.0,1
0,1.0,1,4.0,1.0,13.0,10.0,2.0,0.0,5.0,1.0,0.9,1.0,0.0,0.0,0.0,0.0,1
1,1.0,0,1.0,1.0,22.0,11.0,1.0,9.0,1.0,1.0,1.5,1.0,0.0,0.0,0.0,0.0,1
0,1.0,0,5.0,2.0,16.0,1.0,1.0,13.0,5.0,1.0,1.0,1.0,0.0,0.0,0.0,0.0,1
1,1.0,0,1.0,1.0,13.0,8.0,2.0,10.0,1.0,1.0,3.8,1.0,0.0,0.0,0.0,0.0,1
1,1.0,1,5.0,1.0,13.0,1.0,2.0,12.0,1.0,1.0,2.5,1.0,0.0,0.0,0.0,0.0,1
1,1.0,1,6.0,1.0,22.0,12.0,1.0,13.0,1.0,1.0,86.3,1.0,0.0,0.0,0.0,0.0,1
1,1.0,0,4.0,1.0,16.0,1.0,2.0,12.0,1.0,1.0,0.0,1.0,0.0,0.0,0.0,0.0,1
1,1.0,0,1.0,1.0,13.0,12.0,1.0,13.0,1.0,1.0,0.32608512,1.0,0.0,0.0,0.0,0.0,1
1,1.0,1,5.0,1.0,10.0,2.0,2.0,12.0,1.0,1.0,86.3,1.0,0.0,0.0,0.0,0.0,1
1,1.0,0,5.0,1.0,2.0,9.0,1.0,13.0,1.0,1.0,1.3,1.0,0.0,0.0,0.0,0.0,1
1,1.0,0,4.0,1.0,0.0,3.0,2.0,11.0,1.0,1.0,3.5,1.0,0.0,0.0,0.0,0.0,1
1,1.0,1,4.0,1.0,13.0,3.0,1.0,7.0,5.0,1.0,1.0,1.0,4.0,7.0,379.0,0.0,1
0,1.0,1,4.0,1.0,14.0,3.0,2.0,12.0,5.0,1.0,86.3,1.0,0.0,0.0,0.0,0.0,1
1,1.0,1,4.0,1.0,13.0,1.0,1.0,13.0,1.0,1.0,1.3,1.0,0.0,0.0,0.0,0.0,1
1,1.0,0,5.0,1.0,0.0,8.0,1.0,12.0,1.0,1.0,1.7,1.0,0.0,0.0,0.0,3.0,0
0,2.0,0,4.0,1.0,4.0,5.0,1.0,14.0,1.0,1.0,86.3,1.0,0.0,0.0,0.0,0.0,1
1,1.0,0,4.0,1.0,13.0,1.0,2.0,13.0,1.0,1.0,0.1,1.0,0.0,0.0,0.0,0.0,1
0,1.0,0,5.0,1.0,13.0,8.0,2.0,13.0,1.0,1.0,86.3,1.0,0.0,0.0,0.0,0.0,1
1,1.0,0,4.0,1.0,0.0,10.0,1.0,12.0,1.0,1.0,86.3,1.0,0.0,0.0,0.0,0.0,1
1,1.0,0,4.0,1.0,11.0,1.0,1.0,13.0,1.0,1.0,86.3,1.0,0.0,7.0,293.2946,0.0,1
1,1.0,1,5.0,1.0,11.0,8.0,1.0,13.0,1.0,1.0,1.5,1.0,0.0,0.0,0.0,0.0,1
1,1.0,1,5.0,1.0,13.0,9.0,1.0,10.0,1.0,1.0,0.0,1.0,0.0,0.0,0.0,0.0,1
1,1.0,0,5.0,1.0,4.0,4.0,2.0,9.0,1.0,1.0,0.0,1.0,0.0,0.0,0.0,0.0,1
1,1.0,1,6.0,1.0,16.0,6.0,1.0,14.0,1.0,1.0,1.9,1.0,0.0,0.0,0.0,0.0,1
1,1.0,1,4.0,1.0,16.0,1.0,1.0,13.0,5.0,1.0,1.6,1.0,0.0,0.0,0.0,0.0,1
0,1.0,0,5.0,1.0,2.0,9.0,1.0,1.0,1.0,1.0,1.7,1.0,0.0,0.0,0.0,0.0,1
1,1.0,0,4.0,1.0,20.0,5.0,1.0,12.0,5.0,1.0,3.0,1.0,0.0,0.0,0.0,0.0,1
1,1.0,0,4.0,1.0,13.0,1.0,2.0,12.0,1.0,1.0,1.1,1.0,0.0,0.0,0.0,0.0,1
1,1.0,0,4.0,1.0,11.0,9.0,1.0,11.0,1.0,1.0,3.2,1.0,0.0,0.0,0.0,0.0,1
1,1.0,0,5.0,1.0,0.0,8.0,1.0,13.0,1.0,1.0,2.3,1.0,0.0,0.0,0.0,0.0,1
1,1.0,1,5.0,1.0,13.0,11.0,1.0,13.0,1.0,1.0,86.3,1.0,0.0,0.0,0.0,0.0,1
1,1.0,1,4.0,1.0,22.0,6.0,1.0,5.0,1.0,1.0,0.8,1.0,4.0,11.0,379.0,0.0,1
1,1.0,0,4.0,2.0,20.0,1.0,2.0,13.0,1.0,1.0,1.4,1.0,0.0,0.0,0.0,0.0,1
1,1.0,1,5.0,1.0,13.0,1.0,2.0,13.0,1.0,1.0,1.2,1.0,0.0,0.0,0.0,0.0,1
1,1.0,1,5.0,1.0,20.0,7.0,1.0,14.0,1.0,1.0,86.3,1.0,0.0,0.0,0.0,0.0,1
1,1.0,0,5.0,1.0,8.0,1.0,1.0,12.0,1.0,1.0,2.3,1.0,0.0,0.0,0.0,0.0,1
1,1.0,0,4.0,1.0,13.0,4.0,2.0,13.0,1.0,1.0,3.2096128,1.0,0.0,0.0,0.0,0.0,1
1,1.0,1,5.0,1.0,13.0,11.0,1.0,13.0,1.0,1.0,86.3,1.0,0.0,0.0,0.0,0.0,1
1,1.0,0,4.0,1.0,13.0,10.0,2.0,12.0,1.0,1.0,0.5,1.0,0.0,0.0,0.0,0.0,1
1,1.0,0,4.0,1.0,11.0,7.0,1.0,2.0,1.0,1.0,1.9,1.0,0.0,0.0,0.0,0.0,1
1,1.0,1,5.0,1.0,10.0,4.0,1.0,12.0,5.0,1.0,86.3,1.0,3.0,11.0,379.0,0.0,1
1,1.0,1,5.0,1.0,2.0,5.0,2.0,12.0,1.0,1.0,0.5,1.0,0.0,0.0,0.0,0.0,1
1,2.0,0,5.0,1.0,0.0,5.0,2.0,12.0,1.0,1.0,0.4,1.0,0.0,0.0,0.0,0.0,1
1,1.0,1,5.0,1.0,12.0,9.0,1.0,12.0,5.0,1.0,2.1,1.0,4.0,11.0,379.0,0.0,1
1,1.0,0,4.0,1.0,16.0,3.0,1.0,13.0,5.0,1.0,1.9,1.0,0.0,0.0,0.0,0.0,1
1,1.0,0,4.0,1.0,0.0,1.0,1.0,11.0,1.0,4.0,0.5,1.0,0.0,0.0,0.0,3.0,1
1,1.0,0,4.0,1.0,1.0,5.0,1.0,13.0,1.0,2.0,1.5,1.0,0.0,0.0,0.0,3.0,0
1,1.0,1,4.0,1.0,13.0,6.0,1.0,13.0,5.0,1.0,1.7,1.0,4.0,6.0,379.0,0.0,1
0,1.0,0,1.0,1.0,16.0,10.0,2.0,11.0,1.0,1.0,0.0,1.0,0.0,0.0,0.0,0.0,1
1,1.0,0,4.0,1.0,2.0,12.0,2.0,12.0,1.0,1.0,2.0,1.0,0.0,0.0,0.0,0.0,1
1,1.0,0,4.0,1.0,16.0,3.0,1.0,13.0,1.0,1.0,1.3,1.0,0.0,0.0,0.0,0.0,1
1,2.0,1,5.0,1.0,13.0,12.0,1.0,14.0,1.0,1.0,5.8002186,1.0,0.0,0.0,0.0,0.0,1
1,1.0,0,4.0,1.0,11.0,12.0,1.0,12.0,1.0,1.0,1.0,1.0,3.0,11.0,293.0,0.0,1
1,1.0,1,4.0,1.0,2.0,11.0,1.0,12.0,1.0,1.0,0.9,1.0,0.0,0.0,0.0,0.0,1
1,1.0,1,4.0,1.0,14.0,3.0,2.0,14.0,1.0,1.0,86.3,1.0,0.0,0.0,0.0,0.0,1
1,1.0,1,5.0,1.0,13.0,5.0,1.0,13.0,1.0,1.0,1.3,1.0,0.0,0.0,0.0,0.0,1
1,1.0,1,6.0,1.0,14.0,2.0,1.0,11.0,1.0,1.0,0.5,1.0,0.0,0.0,0.0,0.0,1
1,1.0,0,4.0,1.0,22.0,7.0,1.0,5.0,1.0,1.0,2.4,1.0,0.0,0.0,0.0,0.0,1
1,1.0,0,4.0,1.0,13.0,1.0,2.0,12.0,1.0,1.0,0.0,1.0,0.0,0.0,0.0,0.0,1
1,1.0,0,4.0,1.0,15.0,6.0,1.0,14.0,1.0,1.0,3.6,1.0,0.0,0.0,0.0,0.0,1
1,1.0,1,4.0,1.0,14.0,1.0,1.0,13.0,1.0,1.0,0.9,1.0,0.0,0.0,0.0,0.0,1
1,1.0,0,4.0,1.0,12.0,2.0,2.0,14.0,1.0,1.0,1.3,1.0,0.0,0.0,0.0,0.0,1
1,1.0,1,5.0,1.0,13.0,1.0,2.0,13.0,1.0,1.0,0.9,1.0,0.0,0.0,0.0,0.0,1
1,1.0,0,4.0,1.0,0.0,5.0,1.0,12.0,1.0,1.0,2.0,1.0,0.0,0.0,0.0,0.0,1
1,1.0,0,4.0,1.0,13.0,1.0,2.0,13.0,1.0,1.0,2.6,1.0,0.0,0.0,0.0,0.0,1
1,1.0,0,4.0,1.0,0.0,8.0,1.0,12.0,1.0,1.0,1.3,1.0,0.0,0.0,0.0,3.0,1
1,1.0,0,5.0,1.0,13.0,6.0,1.0,9.0,1.0,1.0,0.0,1.0,0.0,0.0,0.0,0.0,1
1,1.0,0,5.0,1.0,13.0,1.0,1.0,12.0,1.0,1.0,0.30014125,1.0,0.0,0.0,0.0,0.0,1
1,1.0,0,4.0,1.0,7.0,7.0,2.0,13.0,1.0,1.0,1.5,1.0,0.0,0.0,0.0,0.0,1
1,1.0,0,5.0,1.0,14.0,1.0,1.0,13.0,1.0,1.0,1.0,1.0,0.0,0.0,0.0,0.0,1
0,1.0,0,5.0,1.0,11.0,6.0,2.0,12.0,1.0,1.0,1.6,1.0,0.0,0.0,0.0,0.0,1
1,2.0,0,4.0,1.0,13.0,5.0,1.0,14.0,1.0,1.0,1.1,1.0,0.0,0.0,0.0,0.0,1
1,1.0,1,5.0,1.0,4.0,5.0,1.0,7.0,1.0,1.0,3.0,1.0,0.0,0.0,0.0,0.0,1
1,1.0,1,6.0,1.0,13.0,4.0,2.0,3.0,1.0,1.0,0.2,1.0,0.0,0.0,0.0,0.0,1
1,1.0,0,5.0,1.0,0.0,7.0,1.0,13.0,1.0,1.0,86.3,1.0,0.0,0.0,0.0,3.0,0
1,1.0,0,4.0,1.0,10.0,9.0,1.0,13.0,1.0,1.0,1.1,1.0,4.0,11.0,379.0,0.0,1
1,2.0,0,4.0,1.0,13.0,1.0,1.0,12.0,1.0,1.0,2.2,1.0,0.0,0.0,0.0,0.0,1
1,1.0,0,5.0,1.0,1.0,5.0,2.0,12.0,1.0,1.0,0.7,1.0,0.0,0.0,0.0,0.0,1
1,1.0,0,5.0,1.0,0.0,7.0,1.0,14.0,1.0,2.0,1.7,1.0,0.0,0.0,0.0,3.0,0
0,1.0,0,4.0,1.0,3.0,12.0,2.0,13.0,1.0,1.0,86.3,1.0,0.0,0.0,0.0,0.0,1
1,1.0,0,4.0,1.0,14.0,4.0,1.0,10.0,1.0,1.0,0.9,1.0,0.0,0.0,0.0,0.0,1
1,1.0,0,4.0,1.0,16.0,11.0,1.0,12.0,1.0,1.0,5.9,1.0,0.0,0.0,0.0,0.0,1
1,1.0,0,4.0,1.0,0.0,4.0,2.0,4.0,1.0,1.0,2.4,1.0,0.0,0.0,0.0,0.0,1
0,1.0,1,5.0,1.0,13.0,12.0,2.0,13.0,1.0,1.0,5.0,1.0,0.0,0.0,0.0,0.0,1
1,1.0,0,4.0,1.0,13.0,8.0,1.0,13.0,1.0,1.0,0.8,1.0,0.0,0.0,0.0,0.0,1
1,1.0,1,5.0,1.0,22.0,1.0,1.0,13.0,1.0,1.0,1.5,1.0,0.0,0.0,0.0,0.0,1
0,1.0,0,5.0,1.0,12.0,5.0,1.0,13.0,1.0,1.0,3.3,1.0,0.0,0.0,0.0,0.0,1
1,1.0,0,4.0,1.0,1.0,4.0,1.0,12.0,1.0,1.0,1.6,1.0,0.0,0.0,0.0,3.0,0
1,1.0,1,4.0,1.0,10.0,6.0,1.0,13.0,1.0,1.0,14.615838,1.0,0.0,0.0,0.0,0.0,1
1,2.0,0,5.0,1.0,13.0,8.0,2.0,13.0,1.0,1.0,86.3,1.0,0.0,0.0,0.0,0.0,1
1,1.0,0,4.0,1.0,0.0,12.0,2.0,8.0,1.0,1.0,3.4,1.0,0.0,0.0,0.0,0.0,1
1,1.0,1,5.0,1.0,13.0,8.0,1.0,13.0,1.0,1.0,3.3,1.0,0.0,0.0,0.0,0.0,1
0,1.0,0,4.0,1.0,14.0,5.0,1.0,12.0,1.0,1.0,0.6,1.0,0.0,8.0,0.0,0.0,1
1,1.0,0,1.0,1.0,20.0,11.0,2.0,0.0,1.0,1.0,1.9,1.0,3.0,0.0,0.0,0.0,1
1,1.0,0,3.0,1.0,13.0,9.0,2.0,12.0,1.0,1.0,0.4,1.0,3.0,0.0,293.0,0.0,1
1,1.0,0,4.0,1.0,22.0,8.0,2.0,14.0,1.0,1.0,1.8,1.0,0.0,0.0,0.0,0.0,1
0,1.0,0,4.0,1.0,22.0,1.0,1.0,14.0,1.0,1.0,1.8,1.0,0.0,0.0,0.0,0.0,1
1,1.0,0,4.0,1.0,10.0,5.0,1.0,12.0,1.0,1.0,3.2,1.0,0.0,0.0,0.0,0.0,1
1,2.0,0,4.0,1.0,22.0,7.0,1.0,12.0,1.0,1.0,1.4,1.0,0.0,0.0,0.0,0.0,1
0,2.0,1,4.0,1.0,14.0,12.0,1.0,13.0,1.0,1.0,3.6,1.0,0.0,0.0,0.0,0.0,1
1,1.0,0,4.0,1.0,12.0,10.0,2.0,13.0,1.0,1.0,1.4,1.0,0.0,0.0,0.0,0.0,1
1,1.0,0,4.0,1.0,14.0,10.0,2.0,6.0,1.0,1.0,2.6,1.0,0.0,0.0,0.0,0.0,1
1,1.0,0,4.0,1.0,13.0,12.0,2.0,13.0,1.0,1.0,1.8,1.0,0.0,0.0,0.0,0.0,1
1,2.0,1,5.0,1.0,11.0,4.0,1.0,13.0,1.0,1.0,0.6,1.0,0.0,0.0,0.0,0.0,0
1,1.0,1,6.0,1.0,13.0,11.0,2.0,12.0,1.0,1.0,1.5,1.0,0.0,0.0,0.0,0.0,1
1,1.0,0,4.0,1.0,13.0,6.0,1.0,12.0,1.0,1.0,1.5,1.0,0.0,0.0,0.0,0.0,1
1,1.0,0,4.0,1.0,11.0,1.0,1.0,9.0,1.0,1.0,6.17014,1.0,4.0,11.0,379.0,0.0,0
1,1.0,1,5.0,1.0,3.0,1.0,1.0,12.0,1.0,1.0,3.1,1.0,0.0,0.0,0.0,0.0,1
0,1.0,0,4.0,1.0,13.0,5.0,1.0,12.0,1.0,1.0,0.6,1.0,0.0,0.0,0.0,0.0,1
1,1.0,0,1.0,1.0,13.0,8.0,2.0,12.0,1.0,1.0,2.4,1.0,2.0,0.0,293.0,0.0,1
1,1.0,0,4.0,1.0,10.0,4.0,2.0,12.0,1.0,1.0,1.0,1.0,0.0,0.0,0.0,0.0,0
1,1.0,0,4.0,1.0,5.0,4.0,1.0,13.0,5.0,1.0,6.3115754,1.0,0.0,0.0,0.0,0.0,1
0,1.0,0,5.0,1.0,0.0,9.0,1.0,13.0,1.0,1.0,1.0,1.0,0.0,0.0,0.0,3.0,0
1,1.0,0,4.0,1.0,13.0,2.0,1.0,12.0,5.0,1.0,1.7,1.0,4.0,11.0,379.0,0.0,1
1,1.0,0,4.0,1.0,10.0,8.0,1.0,13.0,1.0,1.0,1.0,1.0,0.0,0.0,0.0,0.0,1
1,1.0,0,4.0,1.0,13.0,1.0,1.0,13.0,1.0,1.0,2.5,1.0,0.0,0.0,0.0,0.0,1
1,1.0,1,4.0,1.0,14.0,1.0,2.0,12.0,1.0,1.0,1.7,1.0,0.0,0.0,0.0,0.0,1
1,1.0,0,4.0,1.0,13.0,1.0,1.0,0.0,1.0,1.0,1.0,1.0,0.0,0.0,0.0,0.0,1
1,1.0,0,5.0,1.0,13.0,5.0,1.0,13.0,5.0,1.0,0.0,1.0,0.0,0.0,0.0,0.0,1
1,1.0,0,4.0,1.0,20.0,9.0,2.0,12.0,1.0,1.0,0.2,1.0,0.0,0.0,0.0,0.0,1
1,1.0,0,4.0,1.0,13.0,10.0,1.0,13.0,1.0,1.0,1.0,1.0,4.0,11.0,379.0,0.0,1
1,1.0,0,4.0,1.0,0.0,4.0,2.0,13.0,1.0,1.0,0.0,1.0,0.0,0.0,0.0,0.0,1
1,1.0,1,5.0,1.0,22.0,1.0,1.0,13.0,1.0,1.0,3.8,1.0,0.0,0.0,0.0,0.0,1
1,1.0,1,5.0,1.0,13.0,3.0,1.0,11.0,1.0,1.0,0.1,1.0,0.0,0.0,0.0,0.0,1
1,1.0,1,4.0,1.0,2.0,12.0,2.0,13.0,1.0,1.0,1.6,1.0,0.0,0.0,0.0,0.0,1
1,1.0,0,5.0,1.0,1.0,8.0,1.0,6.0,1.0,1.0,1.0,1.0,0.0,0.0,0.0,1.0,1
1,1.0,1,5.0,1.0,10.0,7.0,1.0,13.0,2.0,1.0,2.1,1.0,0.0,0.0,0.0,0.0,1
0,1.0,0,4.0,1.0,0.0,9.0,2.0,12.0,1.0,1.0,1.1,1.0,0.0,0.0,0.0,0.0,1
1,1.0,1,7.0,1.0,13.0,10.0,1.0,13.0,1.0,1.0,1.4,1.0,0.0,0.0,0.0,0.0,1
0,1.0,0,4.0,2.0,14.0,5.0,2.0,7.0,5.0,1.0,3.197792,1.0,0.0,0.0,0.0,0.0,1
1,1.0,0,4.0,1.0,13.0,1.0,1.0,10.0,1.0,1.0,0.9,1.0,0.0,0.0,0.0,0.0,1
1,1.0,0,5.0,1.0,13.0,5.0,2.0,13.0,1.0,1.0,1.5,1.0,0.0,0.0,0.0,0.0,1
1,1.0,0,4.0,1.0,14.0,2.0,1.0,13.0,2.0,1.0,2.0,1.0,0.0,0.0,0.0,0.0,1
0,1.0,0,4.0,1.0,15.0,12.0,2.0,0.0,1.0,1.0,0.5,1.0,0.0,0.0,0.0,0.0,1
1,1.0,1,4.0,1.0,13.0,6.0,1.0,13.0,1.0,1.0,0.4,1.0,0.0,0.0,0.0,0.0,1
1,1.0,1,4.0,1.0,13.0,3.0,1.0,14.0,1.0,1.0,0.8,1.0,0.0,0.0,0.0,0.0,1
0,1.0,1,5.0,1.0,9.0,11.0,2.0,0.0,1.0,1.0,1.9,1.0,0.0,0.0,0.0,0.0,1
1,1.0,0,4.0,1.0,22.0,6.0,1.0,12.0,1.0,1.0,0.0,1.0,3.0,0.0,294.0,0.0,1
1,1.0,1,5.0,1.0,10.0,9.0,2.0,14.0,1.0,1.0,2.4,1.0,0.0,0.0,0.0,0.0,1
1,1.0,1,4.0,1.0,10.0,5.0,2.0,12.0,1.0,1.0,0.5,1.0,0.0,0.0,0.0,0.0,1
1,1.0,0,4.0,1.0,14.0,5.0,2.0,1.0,1.0,1.0,1.7,1.0,0.0,0.0,0.0,0.0,1
1,1.0,1,5.0,1.0,14.0,2.0,2.0,8.0,1.0,1.0,1.8,1.0,0.0,0.0,0.0,0.0,1
1,1.0,0,4.0,1.0,5.0,4.0,1.0,10.0,1.0,1.0,1.9,1.0,0.0,0.0,0.0,0.0,1
1,1.0,0,4.0,1.0,16.0,1.0,1.0,12.0,1.0,1.0,0.6,1.0,0.0,0.0,0.0,0.0,1
1,2.0,0,4.0,1.0,4.0,1.0,1.0,12.0,1.0,1.0,1.6,1.0,0.0,0.0,0.0,0.0,0
0,2.0,1,5.0,1.0,13.0,1.0,2.0,13.0,1.0,1.0,0.5,1.0,0.0,0.0,0.0,0.0,1
1,1.0,0,4.0,1.0,13.0,9.0,1.0,12.0,1.0,1.0,2.0,1.0,0.0,0.0,0.0,0.0,1
1,1.0,1,5.0,1.0,13.0,1.0,1.0,0.0,1.0,1.0,2.3,1.0,0.0,0.0,0.0,0.0,1
1,1.0,0,4.0,1.0,0.0,7.0,1.0,13.0,1.0,1.0,1.7,1.0,0.0,0.0,0.0,0.0,1
0,1.0,0,6.0,1.0,13.0,3.0,1.0,13.0,1.0,1.0,1.6,1.0,0.0,0.0,0.0,0.0,1
0,1.0,0,5.0,1.0,0.0,10.0,1.0,13.0,1.0,1.0,1.5,1.0,0.0,0.0,0.0,0.0,0
1,1.0,0,4.0,1.0,13.0,1.0,2.0,14.0,1.0,1.0,1.2,1.0,0.0,0.0,0.0,0.0,1
1,1.0,0,5.0,1.0,11.0,7.0,1.0,7.0,1.0,1.0,1.5,1.0,0.0,0.0,0.0,0.0,1
0,2.0,0,4.0,1.0,9.0,6.0,1.0,13.0,1.0,1.0,86.3,1.0,0.0,0.0,0.0,0.0,1
1,1.0,1,5.0,1.0,10.0,3.0,1.0,13.0,1.0,1.0,2.3477561,1.0,0.0,0.0,0.0,0.0,1
1,1.0,0,4.0,1.0,11.0,1.0,2.0,14.0,1.0,1.0,1.2,1.0,0.0,0.0,0.0,0.0,1
1,1.0,0,5.0,1.0,0.0,7.0,1.0,13.0,1.0,1.0,0.1,1.0,0.0,0.0,0.0,0.0,1
1,1.0,1,4.0,1.0,14.0,6.0,1.0,12.0,1.0,1.0,0.0,1.0,0.0,0.0,0.0,0.0,1
0,1.0,0,4.0,1.0,16.0,2.0,1.0,12.0,1.0,1.0,2.3,1.0,0.0,0.0,0.0,0.0,1
1,1.0,0,4.0,1.0,0.0,1.0,1.0,12.0,1.0,1.0,3.2,1.0,0.0,0.0,0.0,0.0,1
1,1.0,0,4.0,1.0,13.0,2.0,1.0,5.0,1.0,1.0,1.8,1.0,4.0,2.0,379.0,0.0,1
1,2.0,0,4.0,1.0,10.0,1.0,1.0,13.0,1.0,1.0,0.8,1.0,0.0,0.0,0.0,0.0,0
1,1.0,1,5.0,1.0,14.0,10.0,1.0,13.0,1.0,1.0,1.3,1.0,0.0,0.0,0.0,0.0,1
1,1.0,1,5.0,1.0,20.0,12.0,1.0,12.0,1.0,1.0,1.6,1.0,0.0,0.0,0.0,0.0,1
1,1.0,0,4.0,1.0,5.0,7.0,1.0,13.0,1.0,1.0,2.0,1.0,0.0,0.0,0.0,0.0,1
1,1.0,0,4.0,1.0,13.0,11.0,2.0,13.0,1.0,1.0,0.0,1.0,0.0,0.0,0.0,0.0,1
1,1.0,0,4.0,1.0,11.0,9.0,2.0,10.0,1.0,1.0,0.0,1.0,0.0,0.0,0.0,0.0,1
0,1.0,0,5.0,1.0,0.0,12.0,1.0,9.0,1.0,1.0,3.0,1.0,0.0,0.0,0.0,0.0,1
1,1.0,1,5.0,1.0,13.0,3.0,2.0,6.0,1.0,1.0,2.8,1.0,0.0,0.0,0.0,0.0,1
1,1.0,0,4.0,1.0,13.0,3.0,2.0,13.0,1.0,1.0,0.0,1.0,0.0,0.0,0.0,0.0,1
1,1.0,0,4.0,1.0,13.0,4.0,2.0,4.0,1.0,1.0,3.6,1.0,0.0,0.0,0.0,0.0,1
1,1.0,1,5.0,1.0,10.0,5.0,1.0,13.0,1.0,1.0,0.9,1.0,0.0,0.0,0.0,0.0,1
1,1.0,0,4.0,1.0,13.0,5.0,1.0,13.0,1.0,1.0,1.7,1.0,0.0,0.0,0.0,0.0,1
1,1.0,1,5.0,1.0,4.0,9.0,2.0,7.0,1.0,1.0,0.4,1.0,0.0,0.0,0.0,0.0,1
1,2.0,0,5.0,1.0,4.0,4.0,2.0,13.0,1.0,1.0,86.3,1.0,0.0,0.0,0.0,0.0,1
1,1.0,0,4.0,1.0,22.0,9.0,2.0,7.0,1.0,1.0,4.567909,1.0,0.0,0.0,0.0,0.0,1
1,1.0,0,4.0,1.0,4.0,12.0,2.0,9.0,1.0,1.0,1.1,1.0,0.0,0.0,0.0,0.0,1
1,1.0,0,5.0,1.0,13.0,1.0,2.0,14.0,1.0,1.0,1.1,1.0,0.0,0.0,0.0,0.0,1
1,1.0,0,5.0,1.0,13.0,1.0,2.0,12.0,1.0,1.0,0.0,1.0,0.0,0.0,0.0,0.0,1
1,1.0,0,5.0,1.0,10.0,7.0,2.0,13.0,1.0,1.0,1.1,1.0,0.0,0.0,0.0,0.0,1
1,1.0,0,5.0,1.0,13.0,6.0,1.0,9.0,5.0,1.0,0.4,1.0,0.0,0.0,0.0,0.0,0
1,1.0,1,5.0,1.0,16.0,4.0,2.0,12.0,1.0,1.0,0.5,1.0,0.0,0.0,0.0,0.0,1
1,1.0,0,4.0,1.0,1.0,10.0,1.0,13.0,1.0,1.0,86.3,1.0,3.0,0.0,294.0,0.0,1
0,1.0,1,5.0,1.0,16.0,9.0,1.0,13.0,1.0,1.0,1.7,1.0,0.0,0.0,0.0,0.0,1
1,1.0,1,5.0,1.0,3.0,10.0,2.0,12.0,1.0,1.0,1.5,1.0,0.0,0.0,0.0,0.0,1
1,1.0,1,4.0,1.0,11.0,5.0,1.0,0.0,5.0,1.0,1.4,1.0,0.0,2.0,0.0,0.0,1
1,1.0,0,4.0,1.0,14.0,8.0,2.0,12.0,1.0,1.0,0.9,1.0,0.0,0.0,0.0,0.0,1
1,1.0,1,5.0,1.0,16.0,8.0,2.0,13.0,1.0,1.0,2.9,1.0,0.0,0.0,0.0,0.0,1
1,1.0,0,4.0,1.0,4.0,1.0,2.0,12.0,1.0,1.0,0.9,1.0,0.0,0.0,0.0,0.0,1
1,1.0,0,1.0,1.0,20.0,8.0,2.0,13.0,1.0,1.0,0.4,1.0,3.0,0.0,379.0,0.0,1
1,1.0,0,4.0,1.0,13.0,3.0,2.0,0.0,1.0,1.0,3.7,1.0,0.0,0.0,0.0,0.0,1
1,1.0,0,5.0,1.0,12.0,1.0,2.0,12.0,1.0,1.0,1.4,1.0,0.0,0.0,0.0,0.0,1
1,1.0,1,5.0,1.0,14.0,7.0,1.0,14.0,1.0,1.0,7.3,1.0,0.0,0.0,0.0,0.0,1
1,1.0,0,4.0,1.0,13.0,8.0,2.0,13.0,1.0,1.0,0.0,1.0,3.0,0.0,0.0,0.0,1
1,1.0,0,4.0,1.0,14.0,2.0,2.0,13.0,1.0,1.0,1.9,1.0,0.0,0.0,0.0,0.0,1
1,1.0,0,1.0,1.0,16.0,6.0,2.0,12.0,1.0,1.0,1.9,1.0,4.0,11.0,379.0,0.0,1
1,1.0,1,6.0,1.0,14.0,11.0,1.0,12.0,1.0,1.0,0.9116044,1.0,0.0,0.0,0.0,0.0,1
1,1.0,1,5.0,1.0,22.0,5.0,1.0,0.0,1.0,1.0,0.6,1.0,0.0,0.0,0.0,0.0,1
1,1.0,1,5.0,1.0,0.0,8.0,2.0,12.0,1.0,1.0,0.4,1.0,0.0,0.0,0.0,0.0,1
1,1.0,0,4.0,2.0,22.0,9.0,1.0,12.0,1.0,1.0,3.5,1.0,0.0,0.0,0.0,0.0,1
0,1.0,0,4.0,1.0,4.0,12.0,1.0,7.0,1.0,1.0,2.5493317,1.0,0.0,0.0,0.0,0.0,1
0,2.0,1,4.0,1.0,22.0,6.0,1.0,13.0,1.0,1.0,3.9,1.0,0.0,0.0,0.0,0.0,1
1,1.0,1,6.0,1.0,13.0,11.0,2.0,0.0,1.0,1.0,1.4,1.0,0.0,0.0,0.0,0.0,1
1,1.0,0,5.0,1.0,0.0,2.0,1.0,13.0,1.0,1.0,1.4,1.0,0.0,0.0,0.0,3.0,0
1,1.0,1,5.0,1.0,10.0,4.0,2.0,12.0,1.0,1.0,1.6,1.0,0.0,0.0,0.0,0.0,1
1,2.0,1,4.0,1.0,13.0,5.0,2.0,13.0,1.0,1.0,1.2,1.0,0.0,0.0,0.0,0.0,1
1,1.0,0,5.0,1.0,0.0,5.0,1.0,6.0,5.0,1.0,8.9,1.0,0.0,7.0,0.0,0.0,1
1,1.0,0,4.0,1.0,13.0,12.0,2.0,12.0,1.0,1.0,1.4,1.0,0.0,0.0,0.0,0.0,1
1,1.0,0,4.0,1.0,6.0,1.0,1.0,8.0,1.0,1.0,2.1,1.0,0.0,0.0,0.0,0.0,1
1,1.0,0,5.0,1.0,4.0,11.0,1.0,13.0,1.0,1.0,86.3,1.0,0.0,0.0,0.0,0.0,1
1,1.0,1,4.0,1.0,13.0,4.0,1.0,13.0,1.0,1.0,2.4,1.0,0.0,0.0,0.0,0.0,1
1,1.0,0,4.0,1.0,0.0,12.0,1.0,13.0,1.0,1.0,1.8,1.0,0.0,0.0,0.0,0.0,1
0,1.0,0,4.0,1.0,10.0,12.0,1.0,12.0,1.0,1.0,1.1,1.0,0.0,0.0,0.0,0.0,1
1,1.0,0,4.0,1.0,0.0,1.0,1.0,12.0,2.0,1.0,2.5,1.0,0.0,0.0,0.0,3.0,0
1,1.0,1,4.0,1.0,3.8264704,1.0,1.0,12.0,5.0,1.0,3.4,1.0,0.0,0.0,0.0,0.0,1
1,1.0,1,5.0,1.0,16.0,8.0,1.0,13.0,1.0,1.0,0.9,1.0,0.0,0.0,0.0,0.0,1
1,1.0,0,4.0,1.0,12.0,9.0,1.0,12.0,1.0,1.0,1.1,1.0,0.0,0.0,0.0,0.0,1
1,1.0,0,4.0,1.0,13.0,10.0,2.0,6.0,1.0,1.0,86.3,1.0,0.0,0.0,0.0,0.0,1
1,1.0,0,6.0,1.0,1.0,7.0,1.0,7.0,1.0,1.0,1.3,1.0,0.0,0.0,0.0,0.0,1
1,1.0,0,4.0,1.0,12.0,7.0,1.0,8.0,1.0,1.0,0.6,1.0,0.0,0.0,0.0,0.0,1
1,1.0,0,4.0,1.0,10.0,3.0,2.0,12.0,1.0,1.0,1.9,1.0,0.0,0.0,0.0,0.0,1
1,1.0,1,4.0,1.0,13.0,12.0,2.0,13.0,1.0,1.0,1.0,1.0,0.0,0.0,0.0,0.0,1
1,1.0,0,4.0,1.0,10.0,1.0,2.0,13.0,1.0,1.0,0.0,1.0,0.0,0.0,0.0,0.0,1
0,1.0,0,4.0,1.0,16.0,5.0,1.0,13.0,1.0,1.0,0.0,1.0,0.0,0.0,0.0,0.0,1
1,1.0,1,6.0,1.0,0.0,10.0,2.0,13.0,1.0,1.0,0.8,1.0,0.0,0.0,0.0,0.0,1
1,1.0,0,4.0,1.0,10.0,8.0,1.0,8.0,1.0,1.0,0.6,1.0,0.0,0.0,0.0,0.0,1
1,1.0,0,5.0,1.0,0.0,7.0,1.0,12.0,1.0,1.0,0.8,1.0,0.0,0.0,0.0,0.0,1
1,1.0,1,4.0,1.0,13.0,4.0,1.0,12.0,5.0,1.0,86.3,1.0,4.0,11.0,379.0,0.0,1
1,1.0,0,4.0,1.0,13.0,8.0,1.0,6.0,1.0,1.0,6.7602572,1.0,4.0,11.0,379.0,0.0,1
1,1.0,1,5.0,1.0,12.0,8.0,2.0,14.0,1.0,1.0,5.0,1.0,0.0,0.0,0.0,0.0,1
1,1.0,1,5.0,1.0,13.0,8.0,2.0,13.0,1.0,1.0,1.3,1.0,0.0,0.0,0.0,0.0,1
1,1.0,0,4.0,1.0,13.0,1.0,2.0,13.0,1.0,1.0,1.2,1.0,0.0,0.0,0.0,0.0,1
1,1.0,0,5.0,1.0,0.0,6.0,1.0,12.0,1.0,1.0,1.4,1.0,0.0,0.0,0.0,1.0,0
0,1.0,0,5.0,1.0,10.0,1.0,1.0,8.0,1.0,1.0,0.0,1.0,0.0,0.0,0.0,0.0,0
1,2.0,1,5.0,1.0,9.0,3.0,2.0,6.0,1.0,1.0,0.0,1.0,0.0,0.0,0.0,0.0,1
1,1.0,0,4.0,1.0,16.0,6.0,2.0,13.0,1.0,1.0,1.4,1.0,0.0,0.0,0.0,0.0,1
0,2.0,1,4.0,1.0,13.0,12.0,2.0,12.0,1.0,1.0,3.53938,1.0,0.0,0.0,0.0,0.0,1
1,1.0,0,4.0,1.0,0.0,1.0,1.0,13.0,1.0,1.0,1.4,1.0,0.0,0.0,0.0,0.0,1
1,1.0,0,5.0,1.0,4.0,6.0,1.0,13.0,1.0,1.0,1.0,1.0,0.0,0.0,0.0,0.0,0
1,1.0,0,4.0,1.0,13.0,6.1845565,1.0,13.0,1.0,1.0,86.3,1.0,0.0,0.0,0.0,0.0,1
1,1.0,0,4.0,1.0,13.0,8.0,2.0,12.0,1.0,1.0,2.5,1.0,0.0,0.0,0.0,0.0,1
1,1.0,1,6.0,1.0,16.0,6.0,2.0,11.0,1.0,1.0,1.9,1.0,0.0,0.0,0.0,0.0,1
1,1.0,0,5.0,1.0,10.0,12.0,2.0,12.0,1.0,1.0,0.4,1.0,0.0,0.0,0.0,0.0,1
0,1.0,0,5.0,1.0,13.0,7.0,1.0,2.0,1.0,1.0,1.2,1.0,0.0,0.0,0.0,0.0,0
1,1.0,0,1.0,1.0,13.0,6.0,1.0,12.0,1.0,1.0,86.3,1.0,4.0,11.0,379.0,0.0,1
1,1.0,0,4.0,1.0,14.0,9.0,1.0,14.0,1.0,1.0,1.9,1.0,0.0,0.0,0.0,0.0,1
1,1.0,0,5.0,1.0,4.0,8.0,1.0,13.0,1.0,1.0,5.1,1.0,0.0,0.0,0.0,0.0,1
0,1.0,1,4.0,1.0,22.0,4.0,2.0,12.0,1.0,1.0,1.3,1.0,4.0,7.0,379.0,0.0,1
1,2.0,0,5.0,1.0,5.0,3.0,2.0,12.0,1.0,1.0,1.4,1.0,0.0,0.0,0.0,0.0,0
1,1.0,0,4.0,1.0,14.0,5.0,1.0,12.0,1.0,1.0,0.3,1.0,0.0,0.0,0.0,0.0,1
1,1.0,1,4.0,1.0,4.0,12.0,1.0,13.0,1.0,1.0,1.3,1.0,0.0,0.0,0.0,0.0,1
1,1.0,1,5.0,1.0,13.0,1.0,2.0,13.0,1.0,1.0,1.7,1.0,0.0,0.0,0.0,0.0,1
0,1.0,0,4.0,1.0,13.0,2.0,2.0,7.0,1.0,1.0,0.7,1.0,0.0,0.0,0.0,0.0,1
1,2.0,1,4.0,1.0,11.0,12.0,1.0,13.0,1.0,1.0,2.9,1.0,0.0,0.0,0.0,0.0,1
1,1.0,0,4.0,1.0,12.0,3.0,1.0,12.0,1.0,1.0,0.6,1.0,4.0,11.0,379.0,0.0,1
1,1.0,1,4.0,2.0,22.0,1.0,2.0,14.0,5.0,1.0,0.9,1.0,0.0,0.0,0.0,0.0,1
1,1.0,0,5.0,1.0,13.0,1.0,1.0,13.0,1.0,1.0,2.0,1.0,0.0,0.0,0.0,0.0,1
1,2.0,1,4.0,1.0,16.0,11.0,1.0,13.0,1.0,1.0,1.9,1.0,0.0,0.0,0.0,0.0,1
1,1.0,1,5.0,1.0,13.0,8.0,1.0,12.0,1.0,1.0,86.3,1.0,0.0,0.0,0.0,0.0,1
0,1.0,1,7.0,1.0,20.0,7.0,2.0,12.0,1.0,1.0,2.6,1.0,0.0,0.0,0.0,0.0,1
1,1.0,1,7.0,1.0,14.0,12.0,2.0,13.0,1.0,1.0,86.3,1.0,0.0,0.0,0.0,0.0,1
1,1.0,1,5.0,1.0,10.0,7.0,1.0,13.0,1.0,1.0,1.8,1.0,0.0,0.0,0.0,0.0,1
1,1.0,0,4.0,1.0,15.0,12.0,2.0,0.0,1.0,1.0,1.8,1.0,3.0,6.0,379.0,0.0,1
1,2.0,0,5.0,1.0,22.0,12.0,1.0,13.0,1.0,1.0,4.4,1.0,0.0,0.0,0.0,0.0,1
0,1.0,0,4.0,1.0,13.0,7.0,1.0,12.0,1.0,1.0,86.3,1.0,3.0,0.0,294.0,0.0,1
0,1.0,1,4.0,1.0,22.0,3.0,2.0,13.0,5.0,1.0,0.0,1.0,3.0,2.0,379.0,0.0,1
1,1.0,1,5.0,1.0,16.0,5.0,1.0,13.0,1.0,1.0,1.8,1.0,0.0,0.0,0.0,0.0,1
1,1.0,1,5.0,1.0,0.0,12.0,1.0,3.0,5.0,1.0,0.9,1.0,0.0,0.0,0.0,0.0,1
1,1.0,1,5.0,1.0,3.0,5.0,2.0,0.0,1.0,1.0,0.7,1.0,0.0,0.0,0.0,0.0,1
1,1.0,1,4.0,1.0,10.0,1.0,1.0,0.0,1.0,1.0,86.3,1.0,0.0,0.0,0.0,0.0,1
1,1.0,1,5.0,1.0,2.0,7.0,2.0,12.0,1.0,1.0,0.2,1.0,0.0,0.0,0.0,0.0,0
1,1.0,0,4.0,1.0,7.0,10.0,1.0,14.0,1.0,1.0,86.3,1.0,0.0,0.0,0.0,0.0,1
1,1.0,1,4.0,1.0,14.0,1.0,2.0,12.0,1.0,1.0,86.3,1.0,0.0,0.0,0.0,0.0,1
1,1.0,1,5.0,1.0,13.0,4.0,2.0,12.0,1.0,1.0,1.2,1.0,0.0,0.0,0.0,0.0,1
1,1.0,1,5.0,1.0,13.0,9.0,1.0,12.0,1.0,1.0,0.0,1.0,0.0,0.0,0.0,0.0,1
0,1.0,0,4.0,1.0,16.0,12.0,1.0,0.0,1.0,1.0,1.1763437,1.0,0.0,0.0,0.0,0.0,1
1,1.0,0,4.0,1.0,13.0,5.0,2.0,12.0,1.0,1.0,1.5,1.0,0.0,0.0,0.0,0.0,1
1,1.0,0,4.0,1.0,13.0,8.0,2.0,13.0,1.0,1.0,1.5,1.0,0.0,0.0,0.0,0.0,1
1,1.0,1,5.0,1.0,11.0,8.0,1.0,12.0,1.0,1.0,0.0,1.0,0.0,0.0,0.0,0.0,1
1,1.0,1,5.0,1.0,16.0,3.0,1.0,13.0,5.0,1.0,0.6,1.0,0.0,0.0,0.0,0.0,1
1,1.0,1,6.0,1.0,10.0,3.0,1.0,12.0,1.0,1.0,1.8,1.0,0.0,0.0,0.0,0.0,1
1,1.0,0,4.0,1.0,13.0,7.0,1.0,12.0,1.0,1.0,4.6,1.0,0.0,0.0,0.0,0.0,1
1,1.0,0,4.0,1.0,0.0,10.0,1.0,13.0,1.0,1.0,1.8,1.0,0.0,0.0,0.0,0.0,1
0,1.0,0,5.0,1.0,13.0,3.0,1.0,13.0,1.0,1.0,2.0,1.0,0.0,0.0,0.0,0.0,1
1,1.0,0,4.0,1.0,1.0,9.0,1.0,13.0,1.0,1.0,2.1,1.0,0.0,0.0,0.0,0.0,1
1,1.0,1,7.0,1.0,13.0,7.0,2.0,13.0,1.0,1.0,1.0,1.0,0.0,0.0,0.0,0.0,1
1,1.0,0,4.0,1.0,13.0,9.0,1.0,13.0,1.0,1.0,8.419934,1.0,4.0,11.0,379.0,0.0,1
1,1.0,1,6.0,1.0,10.0,12.0,2.0,13.0,1.0,1.0,2.7,1.0,0.0,0.0,0.0,0.0,1
1,1.0,0,4.0,1.0,7.0,12.0,1.0,12.0,1.0,1.0,2.8,1.0,0.0,0.0,0.0,0.0,1
1,1.0,1,5.0,1.0,16.0,4.0,2.0,12.0,1.0,1.0,1.4,1.0,0.0,0.0,0.0,0.0,1
1,1.0,0,4.0,1.0,13.0,3.0,2.0,14.0,1.0,1.0,1.0,1.0,0.0,0.0,0.0,0.0,1
0,1.0,0,4.0,1.0,13.0,11.0,1.0,12.0,1.0,1.0,86.3,1.0,0.0,0.0,0.0,0.0,1
1,2.0,0,4.0,1.0,14.0,1.0,1.0,12.0,1.0,1.0,1.9,1.0,0.0,0.0,0.0,0.0,1
1,1.0,0,4.0,1.0,2.0,12.0,2.0,12.0,1.0,1.0,1.1,1.0,0.0,0.0,0.0,0.0,1
1,1.0,0,4.0,1.0,13.0,8.0,2.0,7.0,1.0,1.0,0.9,1.0,0.0,0.0,0.0,0.0,1
1,1.0,1,5.0,1.0,16.0,4.0,2.0,14.0,1.0,1.0,2.0,1.0,0.0,0.0,0.0,0.0,1
1,1.0,1,5.0,2.0,15.0,1.0,2.0,13.0,5.0,1.0,1.2,1.0,0.0,0.0,0.0,0.0,1
0,1.0,1,5.0,1.0,14.0,6.0,2.0,10.0,1.0,1.0,4.0,1.0,0.0,0.0,0.0,0.0,1
1,1.0,1,6.0,1.0,10.0,12.0,2.0,13.0,1.0,1.0,2.8,1.0,0.0,0.0,0.0,0.0,1
1,1.0,0,4.0,1.0,20.0,7.0,2.0,12.0,1.0,1.0,4.1,1.0,0.0,0.0,0.0,0.0,1
0,2.0,0,4.0,1.0,13.0,12.0,1.0,13.0,1.0,1.0,2.7,1.0,0.0,0.0,0.0,0.0,1
1,1.0,0,4.0,1.0,0.0,1.0,1.0,13.0,1.0,1.0,1.1,1.0,0.0,0.0,0.0,0.0,0
1,1.0,0,4.0,1.0,10.0,2.0,1.0,12.0,1.0,1.0,1.7,1.0,0.0,0.0,0.0,0.0,1
1,1.0,1,4.0,1.0,11.0,7.0,1.0,9.0,1.0,1.0,1.4,1.0,4.0,0.0,379.0,0.0,1
1,1.0,0,4.0,1.0,13.0,1.0,2.0,14.0,1.0,1.0,1.3,1.0,0.0,0.0,0.0,0.0,1
0,2.0,1,4.0,1.0,11.0,5.0,1.0,12.0,1.0,1.0,1.1,1.0,0.0,0.0,0.0,0.0,0
1,1.0,1,4.0,1.0,15.0,6.0,2.0,0.0,1.0,1.0,0.6,1.0,0.0,0.0,0.0,0.0,1
1,1.0,0,4.0,1.0,1.0,1.0,1.0,13.0,2.0,1.0,3.5037253,1.0,0.0,0.0,0.0,0.0,1
0,1.0,0,4.0,1.0,0.0,8.0,1.0,13.0,1.0,1.0,86.3,1.0,0.0,0.0,0.0,0.0,1
1,1.0,0,4.0,1.0,9.0,5.0,2.0,12.0,1.0,1.0,1.1,1.0,0.0,0.0,0.0,0.0,1
1,1.0,0,4.0,1.0,13.0,4.0,2.0,13.0,1.0,1.0,86.3,1.0,0.0,0.0,0.0,0.0,1
1,1.0,0,5.0,1.0,1.0,3.0,2.0,12.0,1.0,1.0,0.8,1.0,0.0,0.0,0.0,0.0,0
0,1.0,1,5.0,1.0,13.0,3.0,2.0,13.0,1.0,1.0,2.0,1.0,0.0,0.0,0.0,0.0,1
0,1.0,1,5.0,1.0,4.0,6.0,1.0,6.0,1.0,1.0,1.8,1.0,0.0,0.0,0.0,0.0,1
1,2.0,1,4.0,1.0,13.0,1.0,2.0,14.0,1.0,1.0,86.3,1.0,0.0,0.0,0.0,0.0,1
1,1.0,0,4.0,1.0,0.0,9.0,1.0,12.0,1.0,1.0,0.9,1.0,0.0,0.0,0.0,1.0,0
1,2.0,0,4.0,1.0,0.0,6.0,2.0,12.0,1.0,1.0,2.1,1.0,0.0,0.0,0.0,0.0,1
1,1.0,0,5.0,1.0,16.0,12.0,2.0,7.0,1.0,1.0,5.2724814,1.0,0.0,0.0,0.0,0.0,1
1,1.0,1,6.0,1.0,16.0,7.0,1.0,13.0,1.0,1.0,0.6,1.0,0.0,0.0,0.0,0.0,1
1,1.0,1,5.0,1.0,13.0,5.0,1.0,14.0,1.0,1.0,0.5,1.0,0.0,0.0,0.0,0.0,1
1,1.0,0,4.0,1.0,0.0,8.0,1.0,7.4803133,2.0,1.0,3.000956,1.0,0.0,0.0,0.0,0.0,1
1,1.0,0,4.0,1.0,13.0,6.0,2.0,5.0,1.0,1.0,0.0,1.0,0.0,0.0,0.0,0.0,1
1,1.0,0,4.0,1.0,3.0,4.0,2.0,13.0,1.0,1.0,1.8,1.0,0.0,0.0,0.0,0.0,1
1,1.0,1,5.0,1.0,13.0,6.0,2.0,13.0,1.0,1.0,1.8,1.0,0.0,0.0,0.0,0.0,1
1,1.0,1,5.0,1.0,10.0,3.0,1.0,12.0,1.0,1.0,0.9,1.0,0.0,0.0,0.0,0.0,0
0,1.0,0,4.0,1.0,22.0,2.0,2.0,14.0,1.0,1.0,3.1,1.0,0.0,0.0,0.0,0.0,1
1,1.0,1,5.0,1.0,4.0,5.0,1.0,13.0,1.0,1.0,1.7,1.0,0.0,0.0,0.0,0.0,1
1,1.0,0,4.0,1.0,13.0,7.0,2.0,13.0,1.0,1.0,0.6,1.0,0.0,0.0,0.0,0.0,1
1,1.0,1,5.0,1.0,14.0,7.0,1.0,14.0,1.0,1.0,3.5,1.0,0.0,0.0,0.0,0.0,1
1,1.0,1,6.0,1.0,13.0,10.0,2.0,12.0,1.0,1.0,2.2,1.0,0.0,0.0,0.0,0.0,1
1,1.0,1,5.0,1.0,13.0,7.0,1.0,12.0,1.0,1.0,1.6,1.0,0.0,0.0,0.0,0.0,1
1,1.0,0,4.0,1.0,0.0,1.0,1.0,12.0,1.0,1.0,4.8,1.0,0.0,0.0,0.0,3.0,1
1,1.0,0,4.0,1.0,5.0,1.0,2.0,9.0,1.0,1.0,86.3,1.0,0.0,0.0,0.0,0.0,1
1,1.0,0,5.0,1.0,11.0,12.0,1.0,0.0,1.0,1.0,0.6,1.0,0.0,0.0,0.0,0.0,1
1,1.0,0,4.0,1.0,10.0,9.0,2.0,12.0,1.0,1.0,1.4,1.0,0.0,0.0,0.0,0.0,1
1,1.0,0,5.0,1.0,13.0,1.0,2.0,12.0,1.0,1.0,86.3,1.0,0.0,0.0,0.0,0.0,1
0,1.0,0,4.0,1.0,13.0,12.0,2.0,2.0,1.0,1.0,1.8,1.0,0.0,0.0,0.0,0.0,1
1,1.0,0,4.0,1.0,6.0,9.0,1.0,0.0,1.0,1.0,3.3,1.0,0.0,0.0,0.0,0.0,1
1,1.0,0,4.0,1.0,12.0,6.0,1.0,12.0,1.0,1.0,0.0,1.0,0.0,0.0,0.0,0.0,1
1,1.0,0,4.0,1.0,4.0,12.0,2.0,13.0,1.0,1.0,0.0,1.0,0.0,0.0,0.0,0.0,1
1,1.0,0,4.0,1.0,6.0,2.0,2.0,12.0,1.0,1.0,1.1,1.0,0.0,0.0,0.0,0.0,1
1,1.0,1,5.0,1.0,13.0,12.0,2.0,13.0,1.0,1.0,4.2,1.0,0.0,0.0,0.0,0.0,1
1,1.0,0,4.0,1.0,13.0,5.0,2.0,13.0,1.0,1.0,0.4,1.0,0.0,0.0,0.0,0.0,1
1,1.0,0,4.0,1.0,13.0,1.0,2.0,12.0,1.0,1.0,1.0,1.0,0.0,0.0,0.0,0.0,1
1,1.0,0,4.0,1.0,0.0,5.0,1.0,12.0,1.0,1.0,1.4,1.0,0.0,0.0,0.0,0.0,0
1,1.0,0,4.0,1.0,14.0,6.0,2.0,12.0,1.0,1.0,2.3,1.0,0.0,0.0,0.0,0.0,1
1,1.0,1,5.0,1.0,14.0,3.0,1.0,12.0,1.0,1.0,0.0,1.0,0.0,0.0,0.0,0.0,1
1,1.0,1,5.0,1.0,13.0,4.0,2.0,12.0,1.0,1.0,3.7,1.0,0.0,0.0,0.0,0.0,1
1,1.0,1,4.0,1.0,14.0,1.0,1.0,13.0,5.0,1.0,1.0,1.0,0.0,0.0,0.0,0.0,1
1,2.0,1,5.0,1.0,13.0,10.0,2.0,13.0,1.0,1.0,86.3,1.0,0.0,0.0,0.0,0.0,1
1,1.0,0,4.0,1.0,13.0,1.0,1.0,14.0,1.0,1.0,0.6,1.0,0.0,0.0,0.0,0.0,1
0,1.0,1,4.0,1.0,10.0,9.0,2.0,13.0,1.0,1.0,0.7,1.0,0.0,0.0,0.0,0.0,1
1,1.0,0,1.0,1.0,13.0,10.0,2.0,12.0,1.0,1.0,2.0,1.0,0.0,0.0,0.0,0.0,1
1,1.0,1,5.0,1.0,4.0,1.0,1.0,12.0,1.0,1.0,1.1,1.0,0.0,0.0,0.0,3.0,0
0,2.0,1,4.0,1.0,13.0,8.0,2.0,13.0,1.0,1.0,0.6,1.0,0.0,0.0,0.0,0.0,1
1,1.0,0,4.0,1.0,13.0,3.0,2.0,13.0,1.0,1.0,86.3,1.0,0.0,0.0,0.0,0.0,1
1,1.0,0,4.0,1.0,3.0,7.0,2.0,12.0,1.0,1.0,0.9,1.0,0.0,0.0,0.0,0.0,1
0,1.0,0,4.0,1.0,0.0,10.0,1.0,12.0,1.0,1.0,2.4,1.0,0.0,0.0,0.0,3.0,0
1,1.0,0,4.0,1.0,13.0,6.0,2.0,13.0,1.0,1.0,2.5,1.0,0.0,0.0,0.0,0.0,1
0,1.0,0,4.0,1.0,4.0,5.0,2.0,7.0,1.0,1.0,1.3,1.0,0.0,0.0,0.0,0.0,1
1,1.0,0,4.0,1.0,7.0,2.0,2.0,13.0,1.0,1.0,3.1,1.0,0.0,0.0,0.0,0.0,1
1,1.0,0,4.0,1.0,13.0,3.0,1.0,12.0,5.0,1.0,2.0,1.0,0.0,0.0,0.0,0.0,1
1,1.0,0,4.0,1.0,13.0,8.0,1.0,12.0,1.0,1.0,1.7,1.0,0.0,0.0,0.0,0.0,1
1,1.0,1,4.0,1.0,4.0,12.0,1.0,7.0,1.0,1.0,1.7,1.0,0.0,0.0,0.0,0.0,1
0,1.0,0,4.0,1.0,14.0,11.0,2.0,0.0,1.0,1.0,1.2,1.0,0.0,0.0,0.0,0.0,1
1,1.0,1,1.0,1.0,22.0,10.0,1.0,12.0,1.0,1.0,1.1,1.0,4.0,11.0,379.0,0.0,1
1,1.0,0,4.0,1.0,6.0,5.0,1.0,13.0,1.0,1.0,2.0,1.0,0.0,0.0,0.0,0.0,1
0,1.0,1,6.0,1.0,16.0,5.0,2.0,13.0,1.0,1.0,3.0,1.0,0.0,0.0,0.0,0.0,1
1,1.0,0,4.0,1.0,0.0,3.0,1.0,14.0,1.0,1.0,1.2,1.0,0.0,0.0,0.0,3.0,0
1,1.0,0,4.0,1.0,9.0,8.0,1.0,13.0,1.0,1.0,1.1,1.0,0.0,0.0,0.0,0.0,1
1,1.0,1,5.0,1.0,10.0,1.0,1.0,1.0,1.0,1.0,1.5,1.0,0.0,0.0,0.0,0.0,1
1,1.0,1,5.0,1.0,14.0,5.0,1.0,12.0,1.0,1.0,2.1,1.0,0.0,0.0,0.0,0.0,1
1,1.0,1,5.0,1.0,11.0,4.0,1.0,11.0,5.0,1.0,0.9,1.0,4.0,11.0,379.0,1.0,0
0,1.0,0,5.0,1.0,10.0,8.0,2.0,12.0,5.0,1.0,1.0,1.0,0.0,0.0,0.0,0.0,1
1,1.0,0,4.0,1.0,10.0,8.0,2.0,13.0,1.0,1.0,3.2,1.0,0.0,0.0,0.0,0.0,1
1,1.0,0,5.0,1.0,0.0,10.0,1.0,13.0,1.0,1.0,3.2,1.0,0.0,0.0,0.0,0.0,1
1,1.0,0,1.0,1.0,22.0,12.0,2.0,12.0,1.0,1.0,0.9,1.0,0.0,0.0,0.0,0.0,1
1,1.0,0,4.0,1.0,13.0,7.0,2.0,12.0,1.0,1.0,1.1,1.0,4.0,5.8187723,294.0,0.0,0
1,2.0,1,5.0,1.0,13.0,9.0,1.0,14.0,1.0,1.0,86.3,1.0,0.0,0.0,0.0,0.0,1
1,1.0,1,5.0,1.0,3.0,7.0,2.0,0.0,1.0,1.0,0.0,1.0,0.0,0.0,0.0,0.0,1
1,1.0,1,5.0,1.0,12.0,1.0,1.0,13.0,1.0,1.0,1.3,1.0,0.0,0.0,0.0,0.0,1
1,1.0,0,4.0,1.0,1.0,2.0,1.0,12.0,1.0,1.0,1.3,1.0,0.0,0.0,0.0,0.0,1
1,1.0,0,4.0,1.0,13.0,3.0,2.0,8.0,1.0,1.0,0.0,1.0,0.0,0.0,0.0,0.0,1
1,1.0,1,5.0,1.0,22.0,11.0,2.0,13.0,1.0,1.0,86.3,1.0,0.0,0.0,0.0,0.0,1
1,1.0,1,6.0,1.0,14.0,11.0,1.0,12.0,1.0,1.0,1.1,1.0,0.0,0.0,0.0,0.0,1
1,1.0,1,5.0,1.0,13.0,1.0,2.0,12.0,1.0,1.0,0.9,1.0,0.0,0.0,0.0,0.0,1
1,1.0,0,4.0,1.0,14.0,9.0,2.0,7.0,1.0,1.0,1.0,1.0,3.0,7.0,379.0,0.0,1
0,1.0,1,5.0,1.0,16.0,12.0,1.0,8.0,1.0,1.0,86.3,1.0,0.0,0.0,0.0,0.0,1
1,1.0,1,5.0,1.0,10.0,5.0,2.0,12.0,1.0,1.0,3.5,1.0,0.0,0.0,0.0,0.0,1
1,1.0,0,4.0,1.0,13.0,4.0,1.0,12.0,1.0,1.0,0.9,1.0,0.0,0.0,0.0,0.0,0
1,1.0,0,4.0,1.0,4.0,1.0,1.0,7.0,1.0,1.0,3.3,1.0,0.0,0.0,0.0,0.0,1
1,1.0,1,5.0,1.0,13.0,5.0,2.0,14.0,1.0,1.0,86.3,1.0,0.0,0.0,0.0,0.0,1
1,1.0,0,4.0,1.0,13.0,6.0,2.0,13.0,1.0,1.0,0.0,1.0,0.0,0.0,0.0,0.0,1
0,1.0,1,4.0,1.0,22.0,5.0,1.0,9.836061,1.0,1.0,3.0,1.0,0.0,0.0,0.0,0.0,1
1,1.0,1,5.0,1.0,15.0,9.0,2.0,14.0,1.0,1.0,0.9,1.0,0.0,0.0,0.0,0.0,1
1,1.0,1,5.0,1.0,13.0,11.0,1.0,12.0,1.0,1.0,1.1,1.0,0.0,0.0,0.0,0.0,1
1,1.0,0,4.0,1.0,4.0,12.0,2.0,14.0,1.0,1.0,0.5,1.0,0.0,0.0,0.0,0.0,1
0,1.0,0,4.0,1.0,4.0,6.0,2.0,13.0,1.0,1.0,0.8,1.0,0.0,0.0,0.0,0.0,1
0,1.0,1,5.0,1.0,11.0,7.0,2.0,0.0,1.0,1.0,86.3,1.0,0.0,0.0,0.0,0.0,1
1,1.0,1,4.0,1.0,10.0,1.0,2.0,12.0,5.0,1.0,0.9,1.0,0.0,0.0,0.0,0.0,1
1,1.0,1,4.0,1.0,1.0,5.0,1.0,12.0,1.0,2.0,1.0,1.0,0.0,0.0,0.0,3.0,0
1,1.0,1,5.0,1.0,16.0,5.0,1.0,11.0,1.0,1.0,10.320781,1.0,4.0,11.0,379.0,0.0,1
1,1.0,0,4.0,1.0,0.0,8.0,1.0,13.0,1.0,1.0,1.0,1.0,0.0,0.0,0.0,0.0,0
1,1.0,0,4.0,1.0,1.0,1.0,1.0,10.0,1.0,1.0,0.9,1.0,0.0,0.0,0.0,0.0,1
1,2.0,1,5.0,1.0,13.0,10.0,1.0,13.0,1.0,1.0,5.391244,1.0,0.0,0.0,0.0,0.0,1
1,1.0,0,4.0,1.0,0.0,3.0,1.0,10.0,1.0,1.0,1.2,1.0,0.0,0.0,0.0,0.0,1
1,1.0,0,4.0,1.0,13.0,5.0,1.0,13.0,1.0,1.0,2.7,1.0,0.0,0.0,0.0,0.0,1
1,2.0,0,4.0,1.0,10.0,4.0,2.0,12.0,1.0,1.0,1.2,1.0,0.0,0.0,0.0,0.0,1
1,1.0,0,4.0,1.0,20.0,1.0,1.0,13.0,1.0,1.0,3.0,1.0,0.0,0.0,0.0,0.0,1
1,1.0,0,4.0,1.0,10.0,5.0,1.0,12.0,1.0,1.0,2.3,1.0,0.0,0.0,0.0,0.0,1
1,1.0,0,1.0,1.0,13.0,6.0,1.0,13.0,1.0,1.0,3.5,1.0,0.0,0.0,0.0,0.0,1
1,1.0,0,5.0,1.0,13.0,1.0,2.0,13.0,1.0,1.0,1.1,1.0,0.0,0.0,0.0,0.0,1
1,1.0,0,4.0,1.0,13.0,3.0,2.0,13.0,2.0,1.0,2.5,1.0,0.0,0.0,0.0,0.0,1
1,1.0,0,1.0,1.0,14.0,7.0,2.0,12.0,1.0,1.0,1.8,1.0,0.0,0.0,0.0,0.0,1
1,1.0,1,5.0,1.0,13.0,5.0,1.0,13.0,1.0,1.0,0.4,1.0,0.0,0.0,0.0,0.0,1
1,1.0,1,4.0,1.0,16.0,1.0,2.0,14.0,5.0,1.0,3.1,1.0,0.0,0.0,0.0,0.0,1
1,1.0,0,5.0,1.0,0.0,1.0,1.0,12.0,1.0,1.0,3.2,1.0,0.0,0.0,0.0,0.0,1
1,1.0,0,5.0,1.0,11.0,3.0,2.0,13.0,1.0,1.0,1.0,1.0,0.0,0.0,0.0,0.0,1
1,1.0,0,4.0,1.0,4.0,10.0,2.0,12.0,1.0,1.0,0.3,1.0,0.0,0.0,0.0,0.0,1
0,1.0,0,4.0,1.0,0.0,2.0,1.0,9.0,1.0,1.0,2.7,1.0,0.0,0.0,0.0,0.0,0
1,1.0,0,4.0,1.0,10.0,5.0,2.0,13.0,1.0,1.0,0.7,1.0,0.0,0.0,0.0,0.0,1
1,1.0,0,4.0,1.0,13.0,5.0,2.0,12.0,1.0,1.0,3.5,1.0,0.0,0.0,0.0,0.0,1
1,1.0,0,4.0,1.0,13.0,5.0,1.0,12.0,1.0,1.0,3.3,1.0,0.0,0.0,0.0,0.0,1
1,1.0,0,4.0,1.0,14.0,4.0,2.0,12.0,1.0,1.0,0.2,1.0,0.0,0.0,0.0,0.0,1
1,1.0,0,4.0,1.0,22.0,11.0,2.0,12.0,1.0,1.0,4.2,1.0,0.0,0.0,0.0,0.0,1
0,2.0,0,4.0,1.0,16.0,3.0,1.0,12.0,1.0,1.0,1.2,1.0,0.0,0.0,0.0,0.0,1
1,1.0,0,4.0,1.0,13.0,9.0,2.0,12.0,1.0,1.0,1.7,1.0,0.0,0.0,0.0,0.0,1
1,1.0,0,4.0,1.0,10.0,8.0,2.0,12.0,1.0,1.0,0.0,1.0,0.0,0.0,0.0,0.0,1
1,1.0,1,4.0,1.0,16.0,4.0,2.0,13.0,5.0,1.0,0.2,1.0,0.0,0.0,0.0,0.0,1
1,2.0,1,5.0,1.0,11.0,6.0,2.0,13.0,1.0,1.0,2.4,1.0,0.0,0.0,0.0,0.0,1
1,1.0,0,4.0,1.0,13.0,5.0,2.0,14.0,1.0,1.0,86.3,1.0,0.0,0.0,0.0,0.0,1
1,1.0,0,4.0,1.0,11.0,10.0,1.0,12.0,1.0,1.0,0.5,1.0,0.0,0.0,0.0,0.0,1
0,1.0,1,5.0,1.0,16.0,8.0,1.0,11.0,1.0,1.0,1.4,1.0,0.0,0.0,0.0,0.0,1
1,1.0,0,4.0,1.0,13.0,12.0,2.0,13.0,1.0,1.0,0.9,1.0,0.0,0.0,0.0,0.0,1
1,1.0,0,4.0,1.0,16.0,4.0,2.0,13.0,1.0,1.0,2.3,1.0,0.0,0.0,0.0,0.0,1
1,1.0,1,5.0,1.0,13.0,2.0,2.0,12.0,1.0,1.0,0.4,1.0,0.0,0.0,0.0,0.0,1
1,1.0,1,5.0,1.0,16.0,1.0,1.0,13.0,1.0,1.0,0.0,1.0,0.0,0.0,0.0,0.0,1
1,1.0,1,5.0,1.0,11.0,9.0,2.0,13.0,1.0,1.0,3.3,1.0,0.0,0.0,0.0,0.0,1
1,1.0,1,5.0,1.0,11.0,4.0,2.0,12.0,1.0,1.0,0.7,1.0,0.0,0.0,0.0,0.0,1
1,1.0,0,4.0,1.0,13.0,1.0,1.0,12.0,1.0,1.0,1.7,1.0,3.0,0.0,285.0,0.0,1
0,1.0,0,4.0,1.0,14.0,9.0,1.0,13.0,1.0,1.0,1.2,1.0,0.0,0.0,0.0,0.0,1
1,1.0,0,4.0,1.0,5.0,12.0,1.0,14.0,1.0,1.0,0.9,1.0,0.0,0.0,0.0,0.0,1
1,1.0,0,4.0,1.0,11.0,11.0,2.0,12.0,1.0,1.0,1.4,1.0,0.0,0.0,0.0,0.0,1
1,2.0,0,4.0,1.0,13.0,7.0,2.0,13.0,1.0,1.0,1.9,1.0,0.0,0.0,0.0,0.0,1
1,1.0,0,4.0,1.0,22.0,12.0,1.0,12.0,1.0,1.0,1.7,1.0,0.0,0.0,0.0,0.0,1
1,1.0,0,4.0,1.0,12.0,5.0,2.0,13.0,1.0,1.0,1.6,1.0,0.0,0.0,0.0,0.0,1
1,1.0,1,4.0,1.0,16.0,8.0,2.0,14.0,1.0,1.0,3.7,1.0,0.0,0.0,0.0,0.0,1
1,1.0,1,4.0,1.0,16.0,11.0,2.0,12.0,1.0,1.0,0.4,1.0,0.0,0.0,0.0,0.0,1
1,1.0,1,5.0,1.0,13.0,7.0,1.0,13.0,5.0,1.0,0.7,1.0,0.0,0.0,0.0,0.0,0
1,1.0,0,5.0,1.0,4.0,7.0,1.0,12.0,1.0,1.0,1.0,1.0,0.0,0.0,0.0,0.0,1
1,1.0,1,6.0,1.0,14.0,10.0,2.0,12.0,1.0,1.0,86.3,1.0,0.0,0.0,0.0,0.0,1
1,1.0,1,5.0,1.0,13.0,12.0,1.0,13.0,1.0,1.0,1.7,1.0,0.0,0.0,0.0,0.0,1
1,1.0,0,4.0,1.0,2.0,5.0,2.0,12.0,1.0,1.0,1.9,1.0,0.0,0.0,0.0,0.0,1
0,2.0,1,6.0,1.0,20.0,10.0,2.0,7.0,1.0,1.0,2.3,1.0,0.0,0.0,0.0,0.0,1
1,2.0,0,4.0,1.0,0.0,9.0,1.0,13.0,1.0,1.0,3.1,1.0,0.0,0.0,0.0,0.0,0
1,1.0,0,5.0,1.0,1.0,6.0,2.0,0.0,1.0,1.0,2.0,1.0,0.0,0.0,0.0,0.0,1
1,1.0,1,5.0,1.0,0.0,2.0,2.0,12.0,1.0,1.0,0.7,1.0,0.0,0.0,0.0,0.0,0
1,1.0,0,4.0,1.0,3.0,8.0,2.0,13.0,1.0,1.0,1.8,1.0,0.0,0.0,0.0,0.0,1
1,2.0,0,4.0,1.0,6.0,1.0,1.0,13.0,1.0,1.0,2.5,1.0,0.0,0.0,0.0,0.0,0
1,1.0,1,4.0,1.0,13.0,5.0,1.0,7.0,1.0,1.0,0.8,1.0,4.0,7.0,379.0,0.0,1
1,1.0,0,4.0,1.0,13.0,7.0,2.0,13.0,1.0,1.0,2.0,1.0,0.0,0.0,0.0,0.0,1
1,1.0,1,4.0,1.0,13.0,1.0,2.0,13.0,1.0,1.0,1.7,1.0,0.0,0.0,0.0,0.0,1
1,1.0,1,7.0,1.0,22.0,9.0,1.0,13.0,1.0,1.0,0.0,1.0,0.0,0.0,0.0,0.0,1
1,1.0,1,4.0,1.0,22.0,8.0,1.0,13.0,1.0,1.0,1.1,1.0,0.0,0.0,0.0,0.0,1
1,1.0,1,7.0,1.0,22.0,10.0,1.0,12.0,1.0,1.0,2.0,1.0,0.0,0.0,0.0,0.0,1
1,2.0,0,4.0,1.0,1.0,12.0,2.0,14.0,1.0,1.0,4.1,1.0,0.0,0.0,0.0,0.0,1
1,1.0,1,5.0,1.0,10.0,10.0,2.0,3.0,1.0,1.0,1.4,1.0,0.0,0.0,0.0,0.0,1
1,1.0,1,5.0,1.0,13.0,10.0,2.0,13.0,1.0,1.0,0.8,1.0,0.0,0.0,0.0,0.0,1
1,1.0,1,5.0,1.0,13.0,5.0,2.0,13.0,1.0,1.0,3.1,1.0,0.0,0.0,0.0,0.0,1
1,1.0,0,4.0,1.0,4.0,8.0,2.0,12.0,1.0,1.0,1.0,1.0,0.0,0.0,0.0,0.0,1
1,1.0,0,4.0,1.0,10.0,1.0,1.0,12.0,1.0,1.0,1.0,1.0,0.0,0.0,0.0,0.0,1
1,1.0,1,4.0,1.0,13.0,3.0,2.0,12.0,1.0,1.0,2.7,1.0,0.0,0.0,0.0,0.0,1
1,1.0,1,5.0,1.0,0.0,5.0,1.0,12.0,1.0,1.0,86.3,1.0,0.0,0.0,0.0,0.0,1
0,1.0,1,5.0,1.0,13.0,10.0,2.0,13.0,1.0,1.0,1.8,1.0,0.0,0.0,0.0,0.0,1
1,1.0,1,4.0,1.0,16.0,7.0,2.0,10.0,1.0,1.0,1.0,1.0,0.0,0.0,0.0,0.0,1
1,1.0,0,4.0,1.0,22.0,1.0,1.0,13.0,1.0,1.0,0.0,1.0,0.0,0.0,0.0,0.0,1
1,1.0,1,5.0,1.0,13.0,7.0,1.0,13.0,1.0,1.0,0.3,1.0,4.0,11.0,379.0,0.0,1
1,1.0,1,7.0,1.0,13.0,8.0,2.0,12.0,1.0,1.0,0.9,1.0,0.0,0.0,0.0,0.0,1
1,1.0,0,4.0,1.0,16.0,12.0,1.0,12.0,1.0,1.0,1.0,1.0,0.0,0.0,0.0,0.0,1
1,1.0,0,4.0,1.0,11.0,6.0,1.0,11.0,1.0,1.0,4.7,1.0,0.0,0.0,0.0,0.0,1
1,1.0,1,5.0,1.0,13.0,7.0,1.0,12.0,5.0,1.0,1.4,1.0,0.0,0.0,0.0,0.0,1
1,1.0,1,5.0,1.0,11.0,8.0,2.0,1.0,1.0,1.0,3.6,1.0,0.0,0.0,0.0,0.0,1
1,1.0,0,5.0,1.0,4.0,11.0,1.0,12.0,1.0,1.0,0.0,1.0,0.0,0.0,0.0,0.0,1
1,1.0,0,5.0,1.0,0.0,1.0,1.0,12.0,1.0,1.0,0.8,1.0,0.0,0.0,0.0,3.0,1
1,2.0,1,4.0,1.0,13.0,3.0,2.0,12.0,1.0,1.0,1.1,1.0,0.0,0.0,0.0,0.0,1
1,1.0,0,4.0,1.0,22.0,4.0,1.0,7.0,1.0,1.0,1.5,1.0,4.0,11.0,379.0,0.0,1
1,1.0,0,4.0,1.0,13.0,1.0,1.0,7.0,1.0,1.0,0.0,1.0,0.0,0.0,0.0,0.0,1
1,1.0,1,4.0,1.0,13.0,9.0,2.0,12.0,1.0,1.0,0.0,1.0,0.0,0.0,0.0,0.0,1
1,2.0,0,4.0,1.0,10.0,3.0,2.0,12.0,1.0,1.0,2.2,1.0,0.0,0.0,0.0,0.0,1
1,1.0,1,4.0,1.0,10.0,2.0,2.0,13.0,1.0,1.0,1.4,1.0,0.0,0.0,0.0,0.0,0
1,1.0,0,4.0,1.0,5.0116034,9.0,1.0,13.0,1.0,1.0,0.2,1.0,0.0,0.0,0.0,0.0,1
1,1.0,0,4.0,1.0,13.0,1.0,2.0,13.0,5.0,1.0,1.1,1.0,0.0,0.0,0.0,0.0,1
1,1.0,0,4.0,1.0,13.0,4.0,2.0,13.0,1.0,1.0,1.6,1.0,0.0,0.0,0.0,0.0,1
1,1.0,1,5.0,1.0,13.0,4.0,2.0,13.0,1.0,1.0,1.2,1.0,0.0,0.0,0.0,0.0,1
1,1.0,0,5.0,1.0,13.0,1.0,2.0,12.0,1.0,1.0,1.8,1.0,0.0,0.0,0.0,0.0,1
1,1.0,0,4.0,1.0,13.0,8.0,1.0,12.0,1.0,1.0,1.0,1.0,0.0,0.0,0.0,0.0,1
1,1.0,1,5.0,1.0,11.0,9.0,1.0,12.0,1.0,1.0,0.7,1.0,0.0,0.0,0.0,0.0,1
1,1.0,0,4.683399,1.0,0.0,3.0,1.0,13.0,1.0,1.0,1.7,1.0,4.0,11.0,379.0,3.0,1
1,1.0,0,1.0,1.0,14.0,12.0,1.0,11.0,1.0,1.0,2.0,1.0,0.0,0.0,0.0,0.0,1
0,1.0,1,5.0,1.0,13.0,5.0,1.0,13.0,1.0,1.0,0.8,1.0,0.0,0.0,0.0,0.0,1
1,1.0,0,1.0,1.0,14.0,9.0,2.0,12.0,1.0,1.0,1.8,1.0,0.0,0.0,0.0,0.0,1
1,1.0,0,4.0,1.0,2.0,2.0,1.0,0.0,5.0,1.0,5.1,1.0,0.0,0.0,0.0,0.0,1
1,1.0,0,5.0,1.0,0.0,12.0,2.0,14.0,1.0,1.0,1.3,1.0,0.0,0.0,0.0,0.0,1
1,1.0,0,4.0,1.0,13.0,1.0,2.0,14.0,1.0,1.0,2.9,1.0,0.0,0.0,0.0,0.0,1
1,1.0,1,5.0,1.0,0.0,2.0,2.0,12.0,1.0,1.0,0.0,1.0,0.0,0.0,0.0,0.0,1
1,1.0,0,4.0,1.0,13.0,4.0,1.0,13.0,1.0,1.0,1.0,1.0,0.0,0.0,0.0,0.0,1
1,1.0,0,4.0,1.0,13.0,8.0,2.0,12.0,1.0,1.0,0.3,1.0,0.0,0.0,0.0,0.0,1
1,1.0,1,7.0,1.0,22.0,7.0,1.0,14.0,1.0,1.0,3.2,1.0,0.0,0.0,0.0,0.0,1
1,1.0,0,1.0,1.0,16.0,12.0,1.0,13.0,1.0,1.0,0.9,1.0,4.0,0.0,379.0,0.0,1
1,1.0,1,5.0,1.0,22.0,10.0,1.0,11.0,1.0,1.0,0.7,1.0,4.0,11.0,379.0,0.0,1
1,1.0,0,4.0,1.0,0.0,7.0,1.0,12.0,1.0,1.0,2.8,1.0,0.0,0.0,0.0,0.0,1
0,2.0,0,4.0,1.0,14.0,5.0,2.0,12.0,1.0,1.0,4.1,1.0,0.0,0.0,0.0,0.0,1
1,1.0,0,5.0,1.0,13.0,1.0,1.0,13.0,1.0,1.0,1.2,1.0,0.0,0.0,0.0,0.0,1
1,1.0,0,4.0,1.0,0.0,9.0,1.0,13.0,1.0,1.0,0.8,1.0,0.0,0.0,0.0,0.0,1
1,1.0,0,4.0,1.0,1.0,5.0,1.0,12.0,1.0,1.0,0.8,1.0,0.0,0.0,0.0,0.0,0
1,1.0,1,5.0,1.0,14.0,4.0,1.0,9.0,1.0,1.0,1.8,1.0,0.0,0.0,0.0,0.0,1
1,1.0,1,5.0,1.0,13.0,3.0,1.0,14.0,1.0,1.0,1.8,1.0,0.0,0.0,0.0,0.0,1
1,1.0,1,4.0,1.0,13.0,2.0,1.0,7.0,1.0,1.0,0.0,1.0,4.0,7.0,294.0,0.0,1
0,1.0,0,4.0,1.0,16.0,3.0,1.0,7.998801,5.0,1.0,1.0,1.0,0.0,0.0,0.0,0.0,1
0,1.0,1,4.0,1.0,22.0,1.0,2.0,14.0,1.0,1.0,1.7,1.0,0.0,0.0,0.0,0.0,1
1,1.0,0,4.0,1.0,0.0,8.0,1.0,13.0,1.0,1.0,86.3,1.0,0.0,0.0,0.0,0.0,1
1,1.0,0,4.0,1.0,11.0,2.0,2.0,0.0,1.0,1.0,4.0,1.0,0.0,0.0,0.0,0.0,1
1,1.0,0,4.0,1.0,13.0,7.0,2.0,12.0,1.0,1.0,0.4,1.0,0.0,0.0,0.0,0.0,1
1,1.0,1,4.0,1.0,13.0,2.0,1.0,13.0,5.0,1.0,0.6,1.0,0.0,0.0,0.0,0.0,1
1,1.0,0,4.0,1.0,14.0,1.0,2.0,12.0,1.0,1.0,1.9,1.0,0.0,0.0,0.0,0.0,1
1,1.0,0,4.0,1.0,6.0,3.0,1.0,10.0,1.0,1.0,0.6,1.0,0.0,0.0,0.0,0.0,1
1,1.0,0,4.0,1.0,0.0,8.0,1.0,13.0,1.0,1.0,1.6,1.0,0.0,0.0,0.0,0.0,1
1,1.0,0,1.0,1.0,14.0,3.0,2.0,11.0,1.0,1.0,86.3,1.0,0.0,0.0,272.0,0.0,1
1,1.0,0,4.0,1.0,11.0,8.0,1.0,0.0,1.0,1.0,1.0,1.0,0.0,0.0,0.0,0.0,0
0,1.0,0,4.0,1.0,4.0,8.0,2.0,13.0,1.0,1.0,1.1,1.0,0.0,0.0,0.0,0.0,1
1,2.0,1,4.0,1.0,16.0,3.0,1.0,12.0,1.0,1.0,1.1,1.0,0.0,0.0,0.0,0.0,1
0,1.0,0,4.0,1.0,0.0,7.0,1.0,12.0,1.0,1.0,86.3,1.0,0.0,0.0,0.0,0.0,1
1,1.0,0,4.0,1.0,13.0,10.0,2.0,12.0,1.0,1.0,1.4,1.0,0.0,0.0,0.0,0.0,1
1,1.0,0,4.0,1.0,22.0,3.0,2.0,13.0,1.0,1.0,1.0,1.0,0.0,0.0,0.0,0.0,1
1,1.0,0,4.0,1.0,13.0,6.0,2.0,13.0,1.0,1.0,1.8,1.0,0.0,0.0,0.0,0.0,1
1,1.0,0,4.0,1.0,13.0,12.0,2.0,13.0,1.0,1.0,0.1,1.0,0.0,0.0,0.0,0.0,1
1,1.0,0,4.0,1.0,13.0,4.0,1.0,6.0,2.0,2.0,1.8,1.0,4.0,11.0,379.0,3.0,0
1,1.0,0,5.0,1.0,13.0,1.0,2.0,12.0,1.0,1.0,0.9,1.0,0.0,0.0,0.0,0.0,1
1,1.0,1,5.0,1.0,13.0,2.0,1.0,12.0,1.0,1.0,1.9,1.0,0.0,0.0,0.0,0.0,1
1,1.0,1,4.0,1.0,13.0,2.0,1.0,12.0,1.0,1.0,1.1,1.0,0.0,0.0,0.0,0.0,1
0,1.0,0,4.0,1.0,0.0,4.0,1.0,12.0,1.0,1.0,3.0,1.0,0.0,0.0,0.0,0.0,1
1,1.0,1,5.0,1.0,13.0,3.0,1.0,13.0,1.0,1.0,1.2,1.0,0.0,0.0,0.0,0.0,1
1,1.0,0,4.0,1.0,3.0,9.0,1.0,0.0,5.0,1.0,1.6,1.0,0.0,0.0,0.0,3.0,0
1,1.0,0,4.0,1.0,13.0,9.0,2.0,13.0,1.0,1.0,1.3,1.0,0.0,0.0,0.0,0.0,1
1,2.0,1,5.0,1.0,13.0,5.0,2.0,13.0,1.0,1.0,1.9,1.0,0.0,0.0,0.0,0.0,1
1,2.0,0,5.0,1.0,13.0,10.0,2.0,13.0,1.0,1.0,86.3,1.0,0.0,0.0,0.0,0.0,1
1,1.0,0,4.0,1.0,13.0,10.0,1.0,13.0,1.0,1.0,1.9,1.0,0.0,0.0,0.0,0.0,1
1,1.0,1,5.0,1.0,11.0,10.0,1.0,13.0,1.0,1.0,1.6,1.0,0.0,0.0,0.0,0.0,0
1,1.0,1,6.0,1.0,13.0,12.0,1.0,13.0,1.0,1.0,1.2,1.0,0.0,0.0,0.0,0.0,1
1,1.0,0,5.0,1.0,0.0,6.0,2.0,12.0,1.0,1.0,1.3,1.0,0.0,0.0,0.0,0.0,1
1,1.0,1,5.0,1.0,13.0,1.0,2.0,12.0,1.0,1.0,1.1,1.0,0.0,0.0,0.0,0.0,1
0,1.0,1,5.0,1.0,22.0,3.0,1.0,13.0,1.0,1.0,2.3,1.0,0.0,0.0,0.0,0.0,1
1,1.0,1,4.0,1.0,16.0,10.0,1.0,12.0,1.0,1.0,0.0,1.0,3.0,0.0,249.0,0.0,1
1,1.0,0,4.0,1.0,0.0,1.0,1.0,12.0,1.0,2.0,1.5,1.0,0.0,0.0,0.0,3.0,0
1,1.0,0,5.0,1.0,0.0,10.0,1.0,12.0,1.0,1.0,1.0,1.0,0.0,0.0,0.0,3.0,0
1,1.0,0,4.0,1.0,13.0,3.0,2.0,7.0,1.0,1.0,4.2,1.0,4.0,6.0,379.0,0.0,1
0,1.0,1,5.0,1.0,2.0,8.0,2.0,13.0,1.0,1.0,1.0,1.0,0.0,0.0,0.0,0.0,1
1,1.0,0,4.0,1.0,14.0,8.0,1.0,12.0,1.0,1.0,0.0,1.0,0.0,0.0,0.0,0.0,1
1,1.0,1,5.0,1.0,10.0,12.0,1.0,0.0,5.0,1.0,0.0,1.0,0.0,0.0,0.0,0.0,1
1,1.0,1,5.0,1.0,10.0,11.0,2.0,11.0,1.0,1.0,2.1,1.0,0.0,0.0,0.0,0.0,1
0,1.0,1,4.0,1.0,13.0,1.0,1.0,10.0,1.0,1.0,0.5,1.0,0.0,0.0,0.0,0.0,1
1,1.0,0,4.0,1.0,11.0,8.0,2.0,12.0,1.0,1.0,1.7,1.0,0.0,0.0,0.0,0.0,1
1,1.0,1,7.0,1.0,13.0,9.0,2.0,13.0,1.0,1.0,1.9,1.0,0.0,0.0,0.0,0.0,1
1,1.0,1,7.0,1.0,14.0,11.0,1.0,12.0,1.0,1.0,1.7,1.0,0.0,0.0,0.0,0.0,1
1,1.0,0,4.0,1.0,13.0,8.0,2.0,12.0,1.0,1.0,0.0,1.0,0.0,0.0,0.0,0.0,1
1,1.0,0,4.0,1.0,11.0,1.0,1.0,12.0,1.0,1.0,0.8,1.0,0.0,0.0,0.0,0.0,1
0,1.0,0,5.0,1.0,11.0,10.0,2.0,13.0,1.0,1.0,2.2,1.0,0.0,0.0,0.0,0.0,1
0,1.0,0,5.0,1.0,4.0,10.0,1.0,12.0,1.0,1.0,0.9,1.0,0.0,0.0,0.0,0.0,1
0,1.0,0,5.0,1.0,0.0,9.0,2.0,13.0,1.0,1.0,1.6,1.0,0.0,0.0,0.0,0.0,1
1,1.0,0,4.0,1.0,13.0,7.0,1.0,14.0,1.0,1.0,0.3,1.0,0.0,0.0,0.0,0.0,1
1,1.0,0,4.0,1.0,1.0,4.0,1.0,12.0,1.0,1.0,1.9,1.0,0.0,0.0,0.0,0.0,0
0,1.0,1,4.0,1.0,22.0,1.0,2.0,13.0,1.0,1.0,1.5,1.0,0.0,0.0,0.0,0.0,1
1,1.0,0,4.0,1.0,10.0,12.0,1.0,13.0,1.0,1.0,86.3,1.0,4.0,11.0,379.0,0.0,1
1,1.0,1,6.0,1.0,13.0,7.0,1.0,12.0,1.0,1.0,1.7,1.0,0.0,0.0,0.0,0.0,1
0,1.0,1,5.0,1.0,4.0,5.0,2.0,0.0,1.0,1.0,1.7,1.0,0.0,0.0,0.0,0.0,1
1,1.0,0,4.0,1.0,1.0,9.0,1.0,13.0,1.0,1.0,1.2,1.0,0.0,0.0,0.0,0.0,1
1,1.0,0,4.0,1.0,11.0,6.0,2.0,12.0,1.0,1.0,1.0,1.0,0.0,0.0,0.0,0.0,1
1,1.0,0,4.0,1.0,13.0,5.0,2.0,12.0,1.0,1.0,1.9,1.0,0.0,0.0,0.0,0.0,1
0,1.0,1,4.0,1.0,13.0,7.0,1.0,7.0,1.0,1.0,1.3,1.0,0.0,0.0,0.0,0.0,1
1,1.0,1,4.0,1.0,16.0,11.0,1.0,12.0,1.0,1.0,0.4,1.0,0.0,0.0,0.0,0.0,1
1,1.0,0,4.0,1.0,0.0,6.0,1.0,12.0,1.0,1.0,4.1,1.0,0.0,0.0,0.0,0.0,0
1,1.0,1,5.0,1.0,13.0,7.0,2.0,5.0,1.0,1.0,0.0,1.0,3.0,7.0,301.7257,0.0,1
1,1.0,1,5.0,1.0,13.0,1.0,1.0,12.0,1.0,1.0,0.8,1.0,0.0,0.0,0.0,0.0,1
0,1.0,0,4.0,1.0,13.0,5.0,2.0,14.0,1.0,1.0,86.3,1.0,0.0,0.0,0.0,0.0,1
1,1.0,0,4.0,1.0,13.0,3.0,2.0,12.0,1.0,1.0,0.3,1.0,0.0,0.0,0.0,0.0,1
1,1.0,0,4.0,1.0,4.0,12.0,1.0,13.0,1.0,1.0,3.2,1.0,0.0,0.0,0.0,0.0,1
1,1.0,1,4.0,1.0,4.0,7.0,2.0,4.0,1.0,1.0,2.7,1.0,0.0,0.0,0.0,0.0,1
1,1.0,1,5.0,1.0,13.0,7.0,1.0,12.0,1.0,1.0,1.5,1.0,0.0,0.0,0.0,0.0,1
1,1.0,0,2.0,1.0,14.0,5.0,2.0,13.0,1.0,1.0,0.0,1.0,0.0,0.0,0.0,0.0,1
0,2.0,1,5.0,1.0,14.0,7.0,1.0,12.0,1.0,1.0,1.0,1.0,0.0,0.0,0.0,0.0,1
1,1.0,1,4.0,1.0,13.0,1.0,2.0,13.0,5.0,1.0,1.7,1.0,0.0,0.0,0.0,0.0,1
1,1.0,0,4.0,1.0,13.0,4.0,1.0,13.0,1.0,1.0,1.7,1.0,0.0,0.0,0.0,0.0,1
1,1.0,1,5.0,1.0,20.0,7.0,1.0,12.0,1.0,1.0,0.5,1.0,0.0,0.0,0.0,0.0,1
1,1.0,0,4.0,1.0,0.0,12.0,1.0,12.0,1.0,1.0,2.0,1.0,0.0,0.0,0.0,3.0,0
1,1.0,0,4.0,1.0,13.0,9.0,2.0,12.0,2.0,1.0,0.1,1.0,0.0,0.0,0.0,0.0,1
0,1.0,0,4.0,1.0,14.0,7.0,2.0,12.0,1.0,1.0,0.9,1.0,0.0,0.0,0.0,0.0,1
1,1.0,1,4.0,1.0,13.0,3.0,2.0,13.0,1.0,1.0,1.6,1.0,0.0,0.0,0.0,0.0,1
1,1.0,1,6.0,1.0,14.0,12.0,1.0,13.0,1.0,1.0,2.4,1.0,0.0,0.0,0.0,0.0,1
1,1.0,0,4.0,1.0,9.0,5.0,2.0,12.0,1.0,1.0,2.9,1.0,0.0,0.0,0.0,0.0,1
1,1.0,0,4.0,1.0,11.0,4.0,1.0,14.0,1.0,1.0,0.9,1.0,0.0,0.0,0.0,0.0,1
1,1.0,1,5.0,1.0,13.0,7.0,1.0,13.0,5.0,1.0,1.0,1.0,0.0,0.0,0.0,0.0,1
1,1.0,0,4.0,1.0,10.0,5.0,2.0,13.0,1.0,1.0,0.0,1.0,0.0,0.0,0.0,0.0,1
1,1.0,1,4.0,1.0,22.0,7.0,1.0,12.0,1.0,1.0,1.0,1.0,4.0,11.0,379.0,0.0,1
1,1.0,0,4.0,1.0,3.0,12.0,1.0,6.0,1.0,1.0,1.1,1.0,0.0,0.0,0.0,0.0,1
1,1.0,1,5.0,1.0,22.0,1.0,2.0,13.0,1.0,1.0,3.1,1.0,0.0,0.0,0.0,0.0,1
1,1.0,0,5.0,1.0,0.0,7.0,1.0,13.0,1.0,1.0,1.7,1.0,0.0,0.0,0.0,0.0,1
1,1.0,0,4.0,1.0,12.0,3.0,2.0,7.0,1.0,1.0,1.5591012,1.0,4.0,0.0,379.0,0.0,1
1,1.0,1,4.0,1.0,11.0,1.0,1.0,11.0,5.0,1.0,1.6,1.0,0.0,0.0,0.0,0.0,1
1,1.0,0,4.0,1.0,13.0,3.0,1.0,13.0,1.0,1.0,1.0,1.0,0.0,0.0,0.0,0.0,1
1,1.0,1,5.0,1.0,16.0,7.0,1.0,6.0,1.0,1.0,1.5,1.0,0.0,0.0,0.0,0.0,1
1,1.0,1,6.0,1.0,7.0,10.0,2.0,13.0,1.0,1.0,1.5,1.0,0.0,0.0,0.0,0.0,1
1,1.0,0,4.0,1.0,13.0,8.0,1.0,13.0,1.0,1.0,1.2,1.0,0.0,0.0,0.0,0.0,1
1,1.0,0,4.0,1.0,11.0,11.0,1.0,7.0,1.0,1.0,2.7,1.0,0.0,0.0,0.0,0.0,1
1,1.0,0,4.0,1.0,11.0,5.0,1.0,12.0,5.0,1.0,2.0,1.0,0.0,0.0,0.0,0.0,1
1,1.0,1,4.0,1.0,13.0,9.0,1.0,13.0,1.0,1.0,0.5,1.0,4.0,11.0,379.0,0.0,1
1,1.0,0,4.0,1.0,13.0,9.512199,1.0,0.0,1.0,1.0,1.1,1.0,0.0,0.0,0.0,0.0,1
1,2.0,1,5.0,1.0,4.0,6.0,1.0,13.0,1.0,1.0,5.3,1.0,0.0,0.0,0.0,0.0,1
1,1.0,1,5.0,1.0,13.0,5.0,1.0,0.0,1.0,1.0,1.2,1.0,3.0,7.0,282.90616,0.0,1
1,1.0,0,1.0,1.0,5.0,10.0,1.0,12.0,1.0,1.0,2.9,1.0,0.0,2.0,0.0,0.0,1
1,1.0,0,4.0,1.0,13.0,4.0,1.0,12.0,1.0,1.0,1.0,1.0,0.0,0.0,0.0,0.0,1
1,1.0,0,4.0,1.0,0.0,1.0,1.0,11.0,1.0,1.0,0.4,1.0,0.0,0.0,0.0,3.0,0
0,1.0,1,5.0,1.0,14.0,3.0,1.0,8.0,1.0,1.0,0.8,1.0,0.0,0.0,0.0,0.0,1
1,1.0,1,5.0,1.0,13.0,3.0,2.0,13.0,1.0,1.0,0.9,1.0,0.0,0.0,0.0,0.0,1
1,1.0,0,5.0,1.0,1.0,4.0,1.0,10.0,5.0,1.0,1.6,1.0,0.0,0.0,0.0,3.0,0
1,1.0,1,6.0,1.0,22.0,1.0,1.0,14.0,1.0,1.0,2.3,1.0,0.0,0.0,0.0,0.0,1
1,2.0,0,4.0,1.0,14.0,3.0,2.0,0.0,1.0,1.0,0.2,1.0,0.0,0.0,0.0,0.0,1
1,1.0,0,4.0,1.0,13.0,12.0,1.0,12.0,1.0,1.0,0.6,1.0,0.0,0.0,0.0,0.0,1
1,1.0,1,5.0,1.0,11.0,4.0,1.0,12.0,1.0,1.0,1.4,1.0,0.0,0.0,0.0,0.0,1
0,1.0,1,4.0,1.0,16.0,1.0,1.0,7.0,1.0,1.0,86.3,1.0,0.0,0.0,0.0,0.0,1
1,1.0,0,4.0,1.0,14.0,4.0,1.0,8.0,1.0,1.0,2.9,1.0,0.0,0.0,0.0,0.0,1
1,1.0,1,5.0,1.0,14.0,4.0,1.0,13.0,2.0,1.0,1.3955739,1.0,0.0,0.0,0.0,0.0,1
0,2.0,1,5.0,1.0,13.0,1.0,1.0,13.0,1.0,1.0,86.3,1.0,0.0,0.0,0.0,0.0,1
1,1.0,0,5.0,1.0,0.0,11.0,2.0,12.0,1.0,1.0,1.2,1.0,0.0,0.0,0.0,0.0,1
1,1.0,1,5.0,1.0,10.0,1.0,1.0,12.0,1.0,1.0,2.7,1.0,0.0,0.0,0.0,3.0,1
1,2.0,0,5.0,1.0,12.0,12.0,1.0,14.0,1.0,1.0,86.3,1.0,0.0,0.0,0.0,0.0,1
1,1.0,1,5.0,1.0,13.0,9.0,1.0,13.0,1.0,1.0,1.6,1.0,0.0,0.0,0.0,0.0,1
1,1.0,0,4.0,1.0,13.0,1.0,1.0,13.0,1.0,1.0,0.9,1.0,0.0,0.0,0.0,0.0,1
1,1.0,1,4.0,1.0,11.0,2.0,1.0,12.0,1.0,1.0,0.7,1.0,0.0,0.0,0.0,0.0,1
1,2.0,0,4.0,1.0,10.0,1.0,1.0,13.0,1.0,1.0,1.4,1.0,0.0,0.0,0.0,0.0,1
1,1.0,1,5.0,1.0,9.59266,8.0,1.0,2.0,1.0,1.0,0.0,1.0,0.0,0.0,0.0,0.0,1
1,1.0,0,5.0,1.0,13.0,3.0,1.0,10.0,1.0,1.0,1.1,1.0,0.0,0.0,0.0,0.0,1
1,1.0,0,4.0,1.0,13.0,4.0,1.0,13.0,1.0,1.0,0.8,1.0,0.0,0.0,0.0,0.0,1
1,2.0,1,5.0,1.0,13.0,7.0,2.0,14.0,1.0,1.0,86.3,1.0,0.0,0.0,0.0,0.0,1
0,1.0,0,5.0,1.0,11.0,1.0,2.0,12.0,1.0,1.0,86.3,1.0,0.0,0.0,0.0,0.0,1
1,2.0,1,5.0,1.0,13.0,8.0,1.0,13.0,1.0,1.0,0.8,1.0,0.0,0.0,0.0,0.0,1
1,1.0,0,4.0,1.0,20.0,6.0,2.0,2.0,1.0,1.0,1.5,1.0,0.0,0.0,0.0,0.0,1
1,1.0,1,5.0,1.0,22.0,12.0,1.0,12.0,1.0,1.0,1.5,1.0,0.0,0.0,0.0,0.0,1
1,2.0,0,5.0,1.0,11.0,5.0,2.0,13.0,1.0,1.0,6.1686387,1.0,0.0,0.0,0.0,0.0,1
1,1.0,0,4.0,1.0,0.0,7.0,1.0,12.0,1.0,1.0,2.8,1.0,0.0,0.0,0.0,0.0,1
1,1.0,0,4.0,1.0,13.0,1.0,1.0,13.0,1.0,1.0,0.5,1.0,0.0,0.0,0.0,0.0,0
1,1.0,1,5.0,1.0,14.0,6.0,2.0,12.0,1.0,1.0,2.6,1.0,0.0,0.0,0.0,0.0,1
1,2.0,0,5.0,1.0,13.0,1.0,1.0,13.0,1.0,1.0,0.0,1.0,0.0,0.0,0.0,0.0,1
1,1.0,0,4.0,1.0,11.0,10.0,2.0,8.0,1.0,1.0,0.7,1.0,0.0,0.0,0.0,0.0,1
1,1.0,0,4.0,1.0,4.0,9.0,2.0,13.0,1.0,1.0,0.0,1.0,0.0,0.0,0.0,0.0,1
1,1.0,0,5.0,1.0,13.0,8.0,2.0,12.0,1.0,1.0,2.1,1.0,0.0,0.0,0.0,0.0,1
1,1.0,1,6.0,1.0,16.0,1.0,2.0,13.0,1.0,1.0,2.0,1.0,0.0,0.0,0.0,0.0,1
1,1.0,1,5.0,1.0,13.0,9.0,1.0,0.0,1.0,1.0,0.096719034,1.0,2.0,2.0,0.0,0.0,0
1,1.0,0,4.0,1.0,11.0,3.0,1.0,13.0,1.0,1.0,0.0,1.0,0.0,0.0,0.0,0.0,1
1,1.0,1,5.0,1.0,13.0,6.0,2.0,9.0,1.0,1.0,0.4,1.0,0.0,0.0,0.0,0.0,1
0,1.0,0,5.0,1.0,6.0,2.0,2.0,10.0,1.0,1.0,0.6,1.0,0.0,0.0,0.0,0.0,0
1,1.0,1,5.0,1.0,0.0,8.0,2.0,12.0,1.0,1.0,0.6,1.0,0.0,0.0,0.0,0.0,0
1,1.0,0,4.0,1.0,3.0,8.0,1.0,12.0,1.0,1.0,86.3,1.0,0.0,0.0,0.0,0.0,1
1,1.0,1,5.0,1.0,13.0,9.0,2.0,5.0,1.0,1.0,1.5,1.0,0.0,0.0,0.0,0.0,0
1,1.0,0,4.0,1.0,4.0,5.0,1.0,13.0,1.0,1.0,0.9,1.0,0.0,0.0,0.0,0.0,1
1,1.0,0,5.0,1.0,0.0,8.0,1.0,12.0,1.0,1.0,0.0,1.0,0.0,0.0,0.0,0.0,1
1,1.0,1,5.0,1.0,16.0,10.0,1.0,12.0,1.0,1.0,0.0,1.0,0.0,0.0,0.0,0.0,1
1,1.0,0,4.0,1.0,0.0,4.0,1.0,12.0,1.0,1.0,1.8,1.0,0.0,0.0,0.0,0.0,1
1,1.0,0,4.0,1.0,13.0,6.0,2.0,11.0,1.0,1.0,0.6,1.0,0.0,0.0,0.0,0.0,1
1,1.0,1,4.0,1.0,20.0,7.0,2.0,2.0,1.0,1.0,0.0,1.0,0.0,0.0,0.0,0.0,1
1,1.0,1,5.0,1.0,13.0,1.0,1.0,13.0,5.0,1.0,0.0,1.0,0.0,0.0,0.0,0.0,1
1,1.0,1,5.0,1.0,13.0,7.0,1.0,12.0,1.0,1.0,0.0,1.0,0.0,0.0,0.0,0.0,0
1,1.0,0,4.0,1.0,16.0,12.0,1.0,11.0,1.0,1.0,0.8,1.0,0.0,0.0,0.0,0.0,1
1,1.0,0,4.0,1.0,22.0,3.0,1.0,12.0,1.0,1.0,1.0,1.0,0.0,0.0,0.0,0.0,1
1,1.0,1,4.0,1.0,11.0,3.0,2.0,11.0,1.0,1.0,1.2,1.0,0.0,0.0,0.0,0.0,1
1,1.0,0,4.0,1.0,11.0,1.0,2.0,13.0,1.0,1.0,0.7,1.0,0.0,0.0,0.0,0.0,1
1,1.0,1,5.0,1.0,14.0,8.0,1.0,13.0,1.0,1.0,1.6,1.0,0.0,0.0,0.0,0.0,1
1,1.0,0,1.0,1.0,22.0,10.0,2.0,13.0,1.0,1.0,1.2,1.0,4.0,11.0,379.0,0.0,1
1,1.0,0,4.0,1.0,6.0,3.0,1.0,12.0,1.0,1.0,0.7,1.0,3.0,7.0,271.0,0.0,0
1,1.0,1,6.0,1.0,13.0,6.0,2.0,12.0,1.0,1.0,0.8,1.0,0.0,0.0,0.0,0.0,1
1,1.0,1,7.0,1.0,16.0,2.0,2.0,12.0,1.0,1.0,4.6,1.0,0.0,0.0,0.0,0.0,1
1,1.0,1,5.0,1.0,13.0,3.0,2.0,13.0,1.0,1.0,86.3,1.0,0.0,0.0,0.0,0.0,1
1,1.0,0,1.0,1.0,13.0,10.0,1.0,12.0,1.0,1.0,1.0,1.0,0.0,0.0,0.0,0.0,1
1,1.0,0,4.0,1.0,1.0,2.0,2.0,14.0,1.0,1.0,1.9,1.0,0.0,0.0,0.0,0.0,1
1,1.0,0,4.0,1.0,11.0,9.0,2.0,10.0,2.0,1.0,0.7,1.0,3.0,0.0,379.0,0.0,1
1,1.0,1,5.0,1.0,0.0,8.0,2.0,12.0,1.0,1.0,0.0,1.0,0.0,0.0,0.0,0.0,0
1,1.0,1,5.0,1.0,7.0,6.0,2.0,12.0,1.0,1.0,2.7,1.0,0.0,0.0,0.0,0.0,1
1,1.0,1,6.0,1.0,10.0,4.0,1.0,8.0,1.0,1.0,0.0,1.0,0.0,0.0,0.0,0.0,1
1,1.0,1,5.0,1.0,11.0,8.0,2.0,12.0,1.0,1.0,86.3,1.0,0.0,0.0,0.0,0.0,1
1,1.0,0,5.0,1.0,11.0,5.0,1.0,12.0,5.0,1.0,0.1,1.0,0.0,0.0,0.0,3.0,1
1,1.0,1,5.0,1.0,14.0,8.0,2.0,5.0,1.0,1.0,0.0,1.0,0.0,0.0,0.0,0.0,1
1,1.0,0,4.0,1.0,1.0,5.0,1.0,7.0,1.0,1.0,2.0,1.0,0.0,0.0,0.0,0.0,1
1,1.0,0,4.0,1.0,13.0,1.0,1.0,13.0,1.0,1.0,1.1,1.0,0.0,0.0,0.0,0.0,1
1,2.0,0,5.0,1.0,10.0,8.0,2.0,13.0,1.0,1.0,1.8,1.0,0.0,0.0,0.0,0.0,1
1,1.0,0,4.0,1.0,13.0,6.0,2.0,13.0,5.0,1.0,1.0,1.0,0.0,0.0,0.0,0.0,1
1,1.0,0,4.0,1.0,11.0,4.0,2.0,13.0,1.0,1.0,1.5,1.0,0.0,0.0,0.0,0.0,1
1,1.0,0,4.0,1.0,4.0,8.0,1.0,13.0,1.0,1.0,3.7,1.0,0.0,0.0,0.0,0.0,1
1,1.0,0,4.0,1.0,11.0,1.0,1.0,10.0,1.0,1.0,2.0,1.0,3.0,3.0,293.0,0.0,1
0,1.0,0,4.0,1.0,13.0,1.0,2.0,12.0,1.0,1.0,0.8,1.0,0.0,0.0,0.0,0.0,1
1,1.0,1,4.0,1.0,1.0,5.0,1.0,10.0,1.0,1.0,1.5,1.0,0.0,0.0,0.0,0.0,1
0,1.0,0,5.0,1.0,0.0,1.0,1.0,12.0,1.0,1.0,1.2,1.0,0.0,0.0,0.0,3.0,0
1,1.0,1,5.0,1.0,14.0,1.0,2.0,14.0,1.0,1.0,86.3,1.0,0.0,0.0,0.0,0.0,1
1,1.0,0,4.0,1.0,0.0,4.0,2.0,13.0,1.0,1.0,1.5,1.0,0.0,0.0,0.0,0.0,1
1,1.0,0,4.0,1.0,10.0,6.0,2.0,12.0,1.0,1.0,1.2,1.0,4.0,0.0,379.0,0.0,1
1,1.0,1,4.0,1.0,8.603557,12.0,2.0,12.0,1.0,1.0,1.0,1.0,0.0,0.0,211.0,0.0,1
1,1.0,0,4.0,1.0,14.0,3.0,2.0,12.0,1.0,1.0,1.7,1.0,0.0,0.0,0.0,0.0,1
1,1.0,0,4.0,1.0,0.0,7.0,1.0,13.0,1.0,1.0,2.432553,1.0,0.0,0.0,0.0,0.0,1
1,1.0,1,5.0,1.0,14.0,1.0,1.0,14.0,2.0,1.0,0.9,1.0,0.0,0.0,0.0,0.0,1
1,1.0,1,5.0,1.0,22.0,6.0,1.0,12.0,1.0,1.0,2.5,1.0,0.0,0.0,0.0,0.0,1
1,1.0,1,5.0,1.0,5.0,5.0,1.0,12.0,1.0,1.0,1.7,1.0,0.0,0.0,0.0,0.0,1
1,1.0,1,5.0,1.0,20.0,3.0,1.0,12.0,1.0,1.0,4.4,1.0,0.0,0.0,0.0,0.0,1
1,1.0,1,5.0,2.0,13.0,1.0,2.0,13.0,5.0,1.0,1.3,1.0,0.0,0.0,0.0,0.0,1
1,1.0,0,4.0,1.0,13.0,12.0,2.0,12.0,1.0,1.0,2.3,1.0,0.0,0.0,0.0,0.0,1
1,1.0,0,4.0,1.0,13.0,5.920681,2.0,14.0,1.0,1.0,86.3,1.0,0.0,0.0,0.0,0.0,1
1,1.0,0,4.0,1.0,4.0,12.0,1.0,13.0,1.0,1.0,3.0,1.0,0.0,0.0,0.0,0.0,1
0,1.0,0,5.0,1.0,11.0,6.0,1.0,13.0,1.0,1.0,1.3,1.0,0.0,0.0,0.0,0.0,1
1,1.0,0,4.0,1.0,14.0,7.0,2.0,12.0,1.0,1.0,0.8,1.0,0.0,0.0,0.0,0.0,1
1,1.0,0,4.0,1.0,16.0,4.0,2.0,12.0,1.0,1.0,0.4,1.0,0.0,0.0,0.0,0.0,1
1,1.0,0,4.0,1.0,22.0,7.0,2.0,0.0,1.0,1.0,1.5,1.0,0.0,0.0,0.0,0.0,1
0,1.0,0,4.0,1.0,4.0,7.0,1.0,13.0,1.0,1.0,86.3,1.0,0.0,0.0,0.0,0.0,1
1,1.0,0,5.0,1.0,1.0,9.0,1.0,8.0,1.0,1.0,1.3,1.0,0.0,0.0,0.0,0.0,1
1,1.0,1,5.0,1.0,11.0,4.0,1.0,13.0,1.0,1.0,0.7,1.0,0.0,0.0,0.0,0.0,1
1,1.0,0,4.0,1.0,13.0,8.0,1.0,7.0,2.0,1.0,4.6,1.0,4.0,11.0,379.0,0.0,1
0,1.0,1,6.0,1.0,16.0,12.0,1.0,12.0,1.0,1.0,1.4,1.0,0.0,0.0,0.0,0.0,1
1,2.0,1,4.0,1.0,6.0,1.0,1.0,14.0,1.0,2.0,3.6,1.0,0.0,0.0,0.0,0.0,1
1,1.0,1,5.0,1.0,13.0,1.0,2.0,12.0,1.0,1.0,0.1,1.0,0.0,0.0,0.0,0.0,1
1,1.0,1,6.0,1.0,16.0,12.0,1.0,11.0,1.0,1.0,1.1,1.0,0.0,0.0,0.0,0.0,1
0,1.0,0,4.0,1.0,4.0,10.0,1.0,12.0,1.0,1.0,86.3,1.0,0.0,0.0,0.0,0.0,1
1,1.0,0,4.0,1.0,0.0,1.0,1.0,13.0,1.0,2.0,0.7,1.0,0.0,0.0,0.0,3.0,0
1,1.0,0,4.0,1.0,11.0,6.0,1.0,12.0,1.0,1.0,1.9,1.0,0.0,0.0,0.0,0.0,1
1,1.0,1,5.0,1.0,13.0,7.0,1.0,13.0,1.0,1.0,3.2,1.0,0.0,0.0,0.0,0.0,1
0,1.0,1,6.0,1.0,10.0,7.0,2.0,13.0,1.0,1.0,1.7,1.0,0.0,0.0,0.0,0.0,1
1,2.0,1,5.0,1.0,12.0,7.0,2.0,13.0,1.0,1.0,0.3111926,1.0,0.0,0.0,0.0,0.0,1
1,1.0,1,5.0,1.0,4.0,3.0,2.0,12.0,1.0,1.0,1.6,1.0,0.0,0.0,0.0,0.0,1
1,1.0,0,4.0,1.0,11.0,6.0,2.0,12.0,5.0,1.0,1.2,1.0,0.0,0.0,0.0,0.0,1
0,1.0,0,4.0,1.0,10.0,9.0,2.0,0.0,1.0,1.0,2.3792117,1.0,0.0,0.0,0.0,0.0,1
1,1.0,0,4.0,1.0,13.0,3.0,2.0,13.0,1.0,1.0,1.6,1.0,0.0,0.0,0.0,0.0,1
1,1.0,0,4.0,1.0,3.0,9.0,1.0,0.0,1.0,1.0,1.0,1.0,0.0,0.0,0.0,0.0,0
0,2.0,0,5.0,1.0,10.0,5.0,1.0,12.0,1.0,1.0,86.3,1.0,0.0,0.0,0.0,0.0,1
1,1.0,1,5.0,1.0,22.0,4.0,1.0,12.0,1.0,1.0,86.3,1.0,0.0,0.0,0.0,0.0,1
1,1.0,0,4.0,1.0,11.0,5.0,2.0,12.0,1.0,1.0,0.7,1.0,0.0,0.0,0.0,0.0,1
0,1.0,1,5.0,1.0,16.0,1.0,2.0,12.0,1.0,1.0,2.2,1.0,0.0,0.0,0.0,0.0,1
1,1.0,0,5.0,1.0,4.0,2.0,1.0,12.0,5.0,1.0,1.5,1.0,0.0,0.0,0.0,0.0,1
1,1.0,0,5.0,1.0,4.0,6.0,1.0,12.0,1.0,1.0,2.2,1.0,0.0,0.0,0.0,0.0,1
1,1.0,1,4.0,1.0,16.0,12.0,1.0,12.0,1.0,1.0,5.6,1.0,0.0,0.0,0.0,0.0,1
0,1.0,0,4.0,1.0,22.0,1.0,2.0,13.0,1.0,1.0,2.4,1.0,0.0,0.0,0.0,0.0,1
1,1.0,1,5.0,1.0,20.0,10.0,1.0,13.0,1.0,1.0,7.4,1.0,0.0,0.0,0.0,0.0,1
1,1.0,1,6.0,1.0,16.0,6.0,2.0,12.0,1.0,1.0,86.3,1.0,0.0,0.0,0.0,0.0,1
1,1.0,0,4.0,1.0,10.789768,8.0,1.0,12.0,1.0,1.0,0.4,1.0,0.0,0.0,0.0,0.0,1
1,1.0,1,5.0,1.0,22.0,1.0,1.0,12.0,1.0,1.0,1.7,1.0,0.0,0.0,0.0,0.0,1
1,1.0,0,4.0,1.0,0.0,12.0,2.0,14.0,1.0,1.0,3.0,1.0,0.0,0.0,0.0,0.0,0
1,1.0,0,4.0,1.0,14.0,4.0,1.0,7.0,1.0,1.0,0.8,1.0,0.0,0.0,0.0,0.0,1
1,1.0,1,5.0,1.0,16.0,3.0,1.0,12.0,1.0,1.0,4.4,1.0,0.0,0.0,0.0,0.0,1
1,1.0,1,5.0,1.0,16.0,7.0,2.0,13.0,1.0,1.0,86.3,1.0,0.0,0.0,0.0,0.0,1
1,1.0,0,4.0,1.0,12.0,12.0,1.0,7.0,1.0,1.0,1.4,1.0,0.0,0.0,0.0,0.0,1
1,1.0,0,4.0,1.0,10.0,12.0,1.0,12.0,1.0,1.0,2.4,1.0,0.0,0.0,0.0,0.0,1
0,1.0,0,4.0,1.0,13.0,6.0,2.0,12.0,1.0,1.0,3.9,1.0,0.0,0.0,0.0,0.0,1
1,1.0,0,5.0,1.0,4.0,2.0,2.0,12.0,1.0,1.0,1.5,1.0,0.0,0.0,0.0,0.0,1
1,1.0,0,4.0,2.0,22.0,6.0,2.0,0.0,1.0,1.0,1.5,1.0,0.0,0.0,0.0,0.0,1
1,1.0,0,4.0,1.0,13.0,2.0,2.0,13.0,1.0,1.0,4.2,1.0,0.0,0.0,0.0,0.0,1
1,1.0,1,6.0,1.0,4.0,5.0,2.0,0.0,1.0,1.0,1.1,1.0,0.0,0.0,0.0,0.0,1
1,1.0,0,4.0,1.0,10.0,5.0,2.0,12.0,1.0,1.0,0.0,1.0,0.0,0.0,0.0,0.0,1
1,1.0,1,7.0,1.0,13.0,7.0,1.0,14.0,1.0,1.0,2.6,1.0,0.0,0.0,0.0,0.0,1
1,2.0,0,4.0,1.0,10.0,7.0,2.0,12.0,1.0,1.0,1.5,1.0,0.0,0.0,0.0,0.0,1
1,1.0,0,5.0,1.0,13.0,11.0,2.0,10.0,1.0,1.0,3.1,1.0,0.0,0.0,0.0,0.0,1
0,1.0,1,5.0,1.0,9.0,6.0,1.0,12.0,1.0,1.0,2.6,1.0,0.0,0.0,0.0,0.0,1
1,1.0,0,4.0,1.0,10.0,6.0,1.0,13.0,1.0,1.0,86.3,1.0,0.0,0.0,0.0,0.0,1
1,1.0,0,4.0,1.0,13.0,8.0,2.0,13.0,1.0,1.0,1.7,1.0,0.0,0.0,0.0,0.0,1
1,1.0,1,5.0,1.0,10.0,1.0,1.0,12.0,1.0,1.0,1.1,1.0,0.0,0.0,0.0,0.0,1
1,1.0,0,4.0,1.0,13.0,9.0,2.0,13.0,1.0,1.0,0.7,1.0,0.0,0.0,0.0,0.0,1
1,1.0,1,6.0,1.0,13.0,4.0,2.0,13.0,1.0,1.0,0.0,1.0,0.0,0.0,0.0,0.0,1
1,1.0,1,5.0,1.0,13.0,2.0,2.0,13.0,1.0,1.0,2.0,1.0,0.0,0.0,0.0,0.0,1
1,1.0,0,4.0,1.0,0.0,3.0,1.0,0.0,5.0,1.0,2.8,1.0,0.0,0.0,0.0,0.0,1
1,1.0,1,7.0,1.0,14.0,9.0,2.0,12.0,1.0,1.0,0.6,1.0,0.0,0.0,0.0,0.0,1
1,1.0,1,7.0,1.0,22.0,10.0,2.0,13.0,1.0,1.0,4.0,1.0,0.0,0.0,0.0,0.0,1
1,1.0,0,5.0,1.0,7.0,6.0,1.0,12.0,1.0,1.0,2.8,1.0,0.0,0.0,0.0,0.0,1
1,1.0,0,1.0,1.0,4.0,12.0,2.0,13.0,1.0,1.0,2.4,1.0,0.0,0.0,0.0,0.0,1
1,1.0,1,5.0,1.0,4.0,6.0,1.0,0.0,1.0,1.0,1.8,1.0,0.0,0.0,0.0,0.0,0
1,1.0,1,5.0,1.0,10.0,8.0,2.0,13.0,1.0,1.0,1.7,1.0,0.0,0.0,0.0,0.0,0
1,1.0,1,5.0,1.0,16.0,10.0,2.0,13.0,1.0,1.0,0.0,1.0,0.0,0.0,0.0,0.0,1
1,1.0,0,5.0,1.0,0.0,1.0,1.0,12.0,1.0,2.0,1.0,1.0,0.0,0.0,0.0,3.0,0
0,1.0,0,4.0,1.0,13.0,12.0,2.0,10.0,1.0,1.0,1.9,1.0,0.0,0.0,0.0,0.0,1
1,1.0,1,4.0,1.0,16.0,1.0,1.0,13.0,1.0,1.0,2.0,1.0,4.0,7.0,318.67923,0.0,1
0,1.0,0,4.0,1.0,13.0,6.0,1.0,6.0,1.0,1.0,4.2,1.0,3.0,0.0,265.98877,0.0,1
1,1.0,0,4.0,1.0,10.0,3.0,1.0,13.0,1.0,1.0,1.4,1.0,0.0,0.0,0.0,0.0,1
0,2.0,1,5.0,1.0,22.0,1.0,1.0,14.0,1.0,1.0,86.3,1.0,0.0,0.0,0.0,0.0,1
1,1.0,0,4.0,1.0,16.0,7.0,1.0,12.0,1.0,1.0,2.6,1.0,0.0,0.0,0.0,0.0,1
0,1.0,0,4.0,1.0,4.0,4.0,2.0,12.0,1.0,1.0,1.6,1.0,0.0,0.0,0.0,0.0,1
1,2.0,0,5.0,1.0,11.0,2.0,2.0,13.0,1.0,1.0,1.5,1.0,0.0,0.0,0.0,0.0,1
1,2.0,0,5.0,1.0,7.192926,4.0,2.0,13.0,1.0,1.0,1.2,1.0,0.0,0.0,0.0,0.0,1
1,1.0,0,4.0,1.0,16.0,12.0,1.0,6.0,1.0,1.0,0.7,1.0,0.0,0.0,0.0,0.0,1
1,2.0,0,5.0,1.0,10.0,9.0,2.0,13.0,1.0,1.0,1.4,1.0,0.0,0.0,0.0,0.0,1
1,1.0,0,5.0,1.0,1.0,4.0,1.0,12.0,1.0,1.0,3.2,1.0,0.0,0.0,0.0,3.0,0
0,1.0,1,4.0,1.0,22.0,1.0,1.0,13.0,1.0,1.0,1.3,1.0,0.0,0.0,0.0,0.0,1
1,1.0,0,4.0,1.0,13.0,7.0,2.0,13.0,1.0,1.0,1.8,1.0,0.0,0.0,0.0,0.0,1
1,1.0,0,4.0,1.0,4.0,3.0,2.0,9.0,1.0,1.0,1.5,1.0,0.0,0.0,0.0,0.0,1
0,2.0,1,5.0,1.0,13.0,12.0,2.0,13.0,1.0,1.0,4.734966,1.0,0.0,0.0,0.0,0.0,1
1,1.0,1,5.0,1.0,22.0,2.0,1.0,12.0,1.0,1.0,6.202156,1.0,0.0,0.0,0.0,0.0,1
0,1.0,1,5.0,1.0,3.0,9.0,1.0,13.0,1.0,1.0,3.9,1.0,0.0,0.0,0.0,0.0,1
1,1.0,1,4.0,1.0,13.0,4.0,2.0,12.0,1.0,1.0,2.8,1.0,0.0,0.0,0.0,0.0,1
1,1.0,0,4.0,1.0,13.0,10.0,1.0,13.0,1.0,1.0,1.8,1.0,0.0,0.0,0.0,0.0,1
1,1.0,0,5.0,1.0,6.0,9.0,2.0,14.0,1.0,1.0,86.3,1.0,0.0,0.0,0.0,0.0,1
0,1.0,0,4.0,1.0,0.0,2.0,1.0,13.0,1.0,1.0,2.1,1.0,0.0,0.0,0.0,0.0,1
1,1.0,0,5.0,1.0,2.0,10.0,1.0,12.0,1.0,1.0,0.9,1.0,0.0,0.0,0.0,3.0,1
1,1.0,0,4.0,1.0,11.0,11.0,1.0,12.0,1.0,1.0,1.1,1.0,0.0,0.0,0.0,0.0,1
1,1.0,0,4.0,1.0,1.0,1.0,1.0,12.0,1.0,2.0,3.2,1.0,0.0,0.0,0.0,3.0,0
0,2.0,1,5.0,1.0,16.0,1.0,1.0,13.0,1.0,1.0,3.0,1.0,0.0,0.0,0.0,0.0,1
1,1.0,0,4.0,1.0,6.0,8.0,2.0,7.0,1.0,1.0,0.6,1.0,0.0,0.0,0.0,0.0,1
1,1.0,0,4.0,1.0,10.0,5.0,1.0,12.0,1.0,1.0,1.2,1.0,3.0,7.0,379.0,0.0,1
1,1.0,1,4.0,1.0,14.0,10.0,2.0,14.0,1.0,1.0,2.6,1.0,0.0,0.0,0.0,0.0,1
1,1.0,0,4.0,1.0,1.0,9.0,1.0,12.0,1.0,1.0,1.1,1.0,4.0,11.0,379.0,0.0,1
1,1.0,0,4.0,1.0,1.0,7.0,1.0,12.0,1.0,1.0,86.3,1.0,0.0,0.0,0.0,3.0,1
1,1.0,1,5.0,1.0,22.0,10.0,2.0,13.0,1.0,1.0,0.9,1.0,0.0,0.0,0.0,0.0,1
1,1.0,0,4.0,1.0,13.0,5.0,2.0,12.0,1.0,1.0,3.3,1.0,3.0,0.0,272.0,0.0,1
0,1.0,0,4.0,1.0,13.0,5.0,2.0,12.0,1.0,1.0,2.0,1.0,0.0,0.0,0.0,0.0,1
1,1.0,0,4.0,1.0,10.0,7.0,1.0,12.0,1.0,1.0,2.0,1.0,0.0,0.0,0.0,0.0,1
1,2.0,1,6.0,1.0,13.0,8.0,1.0,13.0,1.0,1.0,7.3,1.0,0.0,0.0,0.0,0.0,1
1,1.0,0,1.0,1.0,13.0,11.0,1.0,12.0,1.0,1.0,1.7,1.0,4.0,11.0,379.0,0.0,1
1,1.0,0,4.0,1.0,13.0,10.0,1.0,13.0,1.0,1.0,0.2,1.0,4.0,11.0,271.0,0.0,1
1,1.0,1,5.0,1.0,16.0,4.0,2.0,5.0,1.0,1.0,1.5,1.0,0.0,0.0,0.0,0.0,1
1,1.0,0,4.0,1.0,13.0,5.0,1.0,12.0,1.0,1.0,1.0,1.0,0.0,0.0,0.0,0.0,1
1,1.0,1,4.0,1.0,22.0,2.0,1.0,13.0,1.0,1.0,1.4,1.0,0.0,0.0,0.0,0.0,1
1,2.0,1,5.0,1.0,10.0,6.0,2.0,13.0,1.0,1.0,1.1,1.0,0.0,0.0,0.0,0.0,1
0,1.0,1,5.0,1.0,4.0,5.0,2.0,12.0,1.0,1.0,1.0,1.0,0.0,0.0,0.0,0.0,1
1,1.0,1,6.0,1.0,13.0,9.0,1.0,10.0,1.0,1.0,0.7,1.0,0.0,0.0,0.0,0.0,1
1,1.0,1,5.0,1.0,13.0,12.0,2.0,7.0,1.0,1.0,0.9,1.0,0.0,0.0,0.0,0.0,1
1,1.0,1,4.0,1.0,22.0,6.0,1.0,12.0,1.0,1.0,2.0,1.0,0.0,0.0,271.0,0.0,1
1,1.0,1,5.0,1.0,11.0,4.0,1.0,12.0,1.0,1.0,0.9,1.0,0.0,0.0,0.0,0.0,1
0,1.0,1,4.0,1.0,14.0,2.0,2.0,12.0,5.0,1.0,0.6,1.0,0.0,0.0,0.0,0.0,1
1,1.0,1,4.0,1.0,13.0,4.0,1.0,13.0,5.0,1.0,0.5,1.0,0.0,0.0,0.0,0.0,1
1,1.0,0,4.0,1.0,11.0,11.0,1.0,13.0,1.0,1.0,1.6,1.0,4.0,11.0,379.0,0.0,1
1,1.0,0,4.0,1.0,14.0,12.0,2.0,0.0,1.0,1.0,1.5,1.0,0.0,0.0,0.0,0.0,1
1,2.0,1,5.0,1.0,11.0,8.0,1.0,13.0,1.0,1.0,2.4,1.0,0.0,0.0,0.0,0.0,1
1,1.0,0,4.0,1.0,14.0,4.0,1.0,7.0,1.0,1.0,1.7,1.0,0.0,0.0,0.0,0.0,1
1,1.0,0,4.0,1.0,13.0,4.0,2.0,0.0,1.0,1.0,1.1,1.0,0.0,0.0,0.0,0.0,1
1,1.0,0,4.0,1.0,0.0,3.0,1.0,7.0,1.0,1.0,1.5,1.0,0.0,0.0,0.0,3.0,0
1,1.0,1,6.0,1.0,20.0,12.0,1.0,0.0,1.0,1.0,0.16948393,1.0,0.0,0.0,0.0,0.0,1
1,1.0,1,5.0,1.0,13.0,8.0,1.0,12.0,1.0,1.0,1.1,1.0,0.0,0.0,0.0,0.0,0
1,1.0,1,5.0,1.0,10.0,8.0,2.0,13.0,1.0,1.0,3.0,1.0,0.0,0.0,0.0,0.0,1
1,1.0,0,4.0,1.0,13.0,10.0,2.0,12.0,1.0,1.0,0.0,1.0,0.0,0.0,0.0,0.0,1
1,1.0,1,5.0,1.0,9.0,12.0,2.0,12.0,1.0,1.0,0.2,1.0,0.0,0.0,0.0,0.0,1
1,1.0,0,4.0,1.0,0.0,11.0,2.0,13.0,1.0,1.0,0.6,1.0,0.0,0.0,0.0,0.0,1
1,1.0,1,5.0,1.0,10.0,1.0,1.0,9.0,1.0,1.0,1.9,1.0,0.0,0.0,0.0,0.0,1
1,1.0,0,5.0,1.0,13.0,1.0,2.0,12.0,2.0,1.0,1.1,1.0,0.0,0.0,0.0,0.0,1
1,1.0,0,4.0,1.0,13.0,8.0,1.0,12.0,1.0,1.0,1.3128959,1.0,0.0,0.0,0.0,0.0,1
0,1.0,0,5.0,1.0,14.0,11.0,1.0,13.0,1.0,1.0,86.3,1.0,0.0,0.0,0.0,0.0,1
1,1.0,0,4.0,1.0,0.0,6.0,1.0,14.0,1.0,1.0,3.7,1.0,0.0,0.0,0.0,3.0,0
0,1.0,0,4.0,1.0,11.0,7.0,1.0,12.0,1.0,1.0,1.0,1.0,0.0,0.0,0.0,0.0,0
0,1.0,0,4.0,1.0,13.0,10.0,2.0,12.0,1.0,1.0,5.0,1.0,0.0,0.0,0.0,0.0,1
1,1.0,1,5.0,1.0,16.0,11.0,1.0,9.0,1.0,1.0,1.1,1.0,0.0,0.0,288.53412,0.0,1
1,1.0,1,5.0,1.0,13.0,12.0,1.0,0.0,1.0,1.0,1.7,1.0,0.0,0.0,0.0,0.0,1
1,1.0,0,5.0,1.0,10.0,5.0,2.0,0.0,1.0,1.0,1.0,1.0,0.0,0.0,0.0,0.0,1
1,1.0,0,4.0,1.0,0.0,9.0,2.0,13.0,1.0,1.0,0.0,1.0,0.0,0.0,0.0,0.0,1
1,1.0,1,5.0,1.0,13.0,4.0,2.0,13.0,1.0,1.0,1.6,1.0,0.0,0.0,0.0,0.0,1
1,1.0,1,5.0,1.0,10.0,5.0,1.0,6.0,1.0,1.0,3.8,1.0,0.0,0.0,0.0,0.0,1
1,1.0,0,5.0,1.0,10.0,3.0,1.0,12.0,1.0,1.0,2.4,1.0,0.0,0.0,0.0,0.0,1
1,1.0,1,5.0,1.0,13.0,9.0,1.0,13.0,1.0,1.0,2.9,1.0,0.0,0.0,0.0,0.0,1
1,2.0,1,5.0,1.0,13.0,8.0,1.0,13.0,1.0,1.0,1.6,1.0,0.0,0.0,0.0,0.0,1
1,1.0,1,5.0,1.0,13.0,1.0,1.0,14.0,1.0,1.0,3.4,1.0,0.0,0.0,0.0,0.0,1
1,1.0,0,4.0,1.0,10.0,8.0,2.0,12.0,1.0,1.0,0.7,1.0,0.0,0.0,0.0,0.0,1
1,1.0,0,4.0,1.0,10.0,8.0,2.0,12.0,1.0,1.0,1.7,1.0,0.0,0.0,0.0,0.0,1
1,1.0,0,5.0,1.0,0.0,4.0,2.0,12.0,1.0,1.0,0.7,1.0,0.0,0.0,0.0,0.0,1
1,1.0,0,1.0,1.0,22.0,12.0,2.0,0.0,1.0,1.0,1.4,1.0,0.0,0.0,0.0,0.0,1
1,1.0,0,4.0,1.0,13.0,11.0,2.0,13.0,1.0,1.0,3.0,1.0,0.0,0.0,0.0,0.0,1
1,1.0,0,5.0,1.0,4.0,4.0,2.0,12.0,1.0,1.0,0.0,1.0,0.0,0.0,0.0,0.0,1
1,1.0,0,4.0,1.0,1.0,9.0,1.0,12.0,1.0,1.0,5.4,1.0,0.0,0.0,0.0,0.0,1
1,1.0,1,5.0,1.0,14.0,12.0,2.0,12.0,1.0,1.0,2.9,1.0,0.0,0.0,0.0,0.0,1
0,2.0,0,4.0,1.0,11.0,12.0,1.0,14.0,1.0,1.0,86.3,1.0,0.0,0.0,0.0,0.0,1
1,1.0,0,4.0,1.0,0.0,1.0,1.0,14.0,2.0,1.0,1.2,1.0,0.0,0.0,0.0,0.0,1
1,1.0,0,4.0,1.0,13.0,1.0,1.0,12.0,1.0,1.0,19.161118,1.0,0.0,0.0,0.0,0.0,1
0,1.0,0,5.0,1.0,9.0,3.0,1.0,4.0,1.0,1.0,0.6,1.0,0.0,0.0,0.0,0.0,1
1,2.0,1,5.0,1.0,13.0,9.0,2.0,12.0,1.0,1.0,3.9,1.0,0.0,0.0,0.0,0.0,1
1,1.0,0,4.0,1.0,4.0,6.0,1.0,4.0,1.0,1.0,3.5,1.0,0.0,0.0,0.0,0.0,1
1,1.0,0,4.0,1.0,12.0,1.0,1.0,12.0,1.0,1.0,0.0,1.0,0.0,7.0,0.0,0.0,1
1,1.0,0,1.0,1.0,16.0,8.0,2.0,13.0,1.0,1.0,3.3,1.0,0.0,0.0,0.0,0.0,1
1,2.0,0,4.0,1.0,13.0,9.0,2.0,13.0,1.0,1.0,86.3,1.0,0.0,0.0,0.0,0.0,1
0,1.0,1,5.0,1.0,13.0,6.0,2.0,12.0,1.0,1.0,0.4,1.0,0.0,0.0,0.0,0.0,1
1,2.0,0,4.0,1.0,13.0,12.0,2.0,13.0,1.0,1.0,86.3,1.0,0.0,0.0,0.0,0.0,1
1,1.0,1,5.0,1.0,11.0,9.0,1.0,13.0,1.0,1.0,5.3,1.0,0.0,0.0,0.0,0.0,1
1,2.0,0,4.0,1.0,13.0,5.0,1.0,13.0,1.0,1.0,1.4,1.0,0.0,0.0,0.0,0.0,1
1,1.0,0,4.0,1.0,16.0,8.0,1.0,12.0,1.0,1.0,0.0,1.0,0.0,0.0,0.0,0.0,1
0,1.0,0,5.0,1.0,11.0,7.0,1.0,13.0,1.0,1.0,3.5,1.0,0.0,0.0,0.0,0.0,1
0,1.0,0,5.0,1.0,10.0,3.0,1.0,13.0,1.0,1.0,0.9,1.0,0.0,0.0,0.0,0.0,1
1,1.0,0,4.0,1.0,0.0,1.0,1.0,13.0,1.0,1.0,1.1,1.0,0.0,0.0,0.0,0.0,1
1,1.0,0,4.0,1.0,13.0,10.0,1.0,13.0,1.0,1.0,2.6,1.0,0.0,6.0,271.0,0.0,1
1,1.0,0,5.0,1.0,4.0,11.0,1.0,10.0,1.0,1.0,2.4,1.0,0.0,0.0,0.0,0.0,1
0,1.0,0,4.0,1.0,10.0,3.0,1.0,12.0,5.0,1.0,86.3,1.0,0.0,0.0,0.0,0.0,1
1,1.0,1,6.0,1.0,11.0,6.0,2.0,12.0,1.0,1.0,1.8,1.0,0.0,0.0,0.0,0.0,1
1,1.0,0,4.0,1.0,11.0,2.0,2.0,14.0,1.0,1.0,3.1,1.0,0.0,0.0,0.0,0.0,1
1,1.0,0,1.0,1.0,13.0,4.0,2.0,12.0,1.0,1.0,2.5,1.0,0.0,0.0,0.0,0.0,1
0,1.0,0,5.0,1.0,11.0,8.0,1.0,12.0,5.0,1.0,2.1,1.0,0.0,11.0,0.0,3.0,0
1,1.0,0,4.0,1.0,13.0,7.0,1.0,12.0,1.0,1.0,1.0,1.0,0.0,0.0,0.0,0.0,1
1,1.0,1,4.0,1.0,22.0,7.0,2.0,13.0,1.0,1.0,0.9,1.0,0.0,0.0,272.0,0.0,1
1,1.0,1,6.0,1.0,13.0,7.0,2.0,12.0,5.0,1.0,0.8,1.0,0.0,0.0,0.0,0.0,1
1,1.0,0,4.0,1.0,2.0,1.0,1.0,12.0,1.0,1.0,0.5,1.0,0.0,0.0,0.0,3.0,1
1,2.0,0,4.0,1.0,13.0,2.0,2.0,12.0,1.0,1.0,86.3,1.0,0.0,0.0,0.0,0.0,1
1,2.0,0,4.0,1.0,16.0,4.0,1.0,12.0,1.0,1.0,1.3,1.0,0.0,0.0,0.0,0.0,1
1,1.0,1,5.0,1.0,11.0,11.0,2.0,12.0,1.0,1.0,0.0,1.0,0.0,0.0,0.0,0.0,1
1,1.0,0,5.0,1.0,14.0,3.0,1.0,14.0,1.0,1.0,86.3,1.0,0.0,0.0,0.0,0.0,1
1,1.0,1,4.0,2.0,13.0,1.0,2.0,13.0,1.0,1.0,1.4,1.0,0.0,0.0,0.0,0.0,1
1,1.0,1,5.0,1.0,16.0,3.0,2.0,13.0,1.0,1.0,2.474339,1.0,0.0,0.0,0.0,0.0,1
1,2.0,1,5.0,1.0,5.0,12.0,1.0,14.0,1.0,1.0,86.3,1.0,0.0,0.0,0.0,0.0,1
0,1.0,0,4.0,1.0,11.0,6.0,2.0,12.0,1.0,1.0,2.0,1.0,0.0,0.0,0.0,0.0,1
1,1.0,0,4.0,1.0,4.0,5.0,2.0,12.0,1.0,1.0,0.3,1.0,0.0,0.0,0.0,0.0,1
1,1.0,1,4.0,1.0,16.0,1.0,1.0,13.0,1.0,1.0,0.0,1.0,0.0,0.0,0.0,0.0,1
0,1.0,0,4.0,1.0,14.0,5.0,2.0,12.0,5.0,1.0,86.3,1.0,0.0,0.0,0.0,0.0,1
1,1.0,1,6.0,1.0,16.0,4.0,2.0,12.0,1.0,1.0,86.3,1.0,0.0,0.0,0.0,0.0,1
1,1.0,0,4.0,1.0,4.0,4.0,2.0,12.0,1.0,1.0,0.8,1.0,0.0,0.0,0.0,0.0,1
0,2.0,1,6.0,1.0,22.0,8.0,1.0,13.0,1.0,1.0,86.3,1.0,0.0,0.0,0.0,0.0,1
1,1.0,0,4.0,1.0,13.0,4.0,1.0,14.0,1.0,1.0,2.9,1.0,0.0,0.0,0.0,0.0,1
1,1.0,0,4.0,1.0,21.0,10.0,2.0,0.0,1.0,1.0,0.0,1.0,0.0,0.0,0.0,0.0,1
1,1.0,0,5.0,1.0,13.0,3.0,1.0,7.0,1.0,1.0,2.1,1.0,0.0,0.0,0.0,0.0,1
1,1.0,0,4.0,1.0,10.0,5.0,2.0,7.0,1.0,1.0,0.9,1.0,0.0,0.0,0.0,0.0,1
1,1.0,0,5.0,1.0,4.0,9.0,2.0,13.0,1.0,1.0,2.5,1.0,0.0,0.0,0.0,0.0,1
0,1.0,1,5.0,1.0,0.0,7.0,2.0,0.0,1.0,1.0,1.6,1.0,0.0,0.0,0.0,0.0,1
1,1.0,0,5.0,1.0,1.0,3.0,2.0,12.0,1.0,1.0,0.0,1.0,0.0,0.0,0.0,0.0,1
1,2.0,0,5.0,1.0,3.0,4.0,1.0,12.0,1.0,2.0,0.0,1.0,0.0,0.0,0.0,3.0,1
1,1.0,0,5.0,1.0,10.0,2.0,2.0,8.0,1.0,1.0,1.3,1.0,0.0,0.0,0.0,0.0,1
1,1.0,0,4.0,1.0,16.0,1.0,2.0,12.0,1.0,1.0,1.6,1.0,0.0,0.0,0.0,0.0,1
1,1.0,0,4.0,1.0,15.0,7.0,1.0,13.0,1.0,1.0,2.7,1.0,0.0,0.0,0.0,0.0,1
1,1.0,1,6.0,1.0,13.0,7.0,1.0,12.0,5.0,1.0,0.0,1.0,0.0,0.0,0.0,0.0,1
1,1.0,0,4.0,1.0,0.0,9.0,1.0,12.0,1.0,1.0,0.9,1.0,0.0,0.0,0.0,0.0,1
1,1.0,0,4.0,1.0,4.0,9.0,1.0,13.0,1.0,1.0,1.2,1.0,0.0,0.0,0.0,0.0,1
1,1.0,0,4.0,1.0,0.0,10.0,1.0,13.0,1.0,1.0,1.6,1.0,0.0,0.0,0.0,0.0,0
1,1.0,0,4.0,1.0,6.0,8.0,2.0,12.0,1.0,1.0,1.7,1.0,4.0,6.0,299.131,0.0,1
1,1.0,1,4.0,1.0,16.0,1.0,1.0,14.0,5.0,1.0,0.0,1.0,0.0,0.0,0.0,0.0,1
1,1.0,0,4.0,1.0,13.0,5.0,1.0,12.0,1.0,1.0,1.1,1.0,4.0,11.0,379.0,0.0,1
1,1.0,0,5.0,1.0,11.0,10.0,2.0,12.0,1.0,1.0,0.0,1.0,0.0,0.0,0.0,0.0,1
1,1.0,1,5.0,1.0,13.0,2.0,1.0,13.0,1.0,1.0,0.0,1.0,0.0,0.0,0.0,0.0,0
1,1.0,1,5.0,1.0,10.0,11.0,1.0,12.0,1.0,1.0,1.4,1.0,4.0,7.0,293.0,0.0,1
1,1.0,0,4.0,1.0,0.0,6.0,1.0,13.0,1.0,1.0,3.1,1.0,0.0,0.0,0.0,0.0,0
1,1.0,1,5.0,1.0,13.0,5.0,1.0,12.0,1.0,1.0,0.9,1.0,0.0,0.0,0.0,0.0,1
1,1.0,1,5.0,1.0,13.0,3.0,2.0,0.0,1.0,1.0,1.3,1.0,0.0,0.0,0.0,0.0,1
1,1.0,1,5.0,1.0,13.0,12.0,1.0,0.0,1.0,1.0,0.7,1.0,0.0,0.0,0.0,0.0,1
1,1.0,0,5.0,1.0,13.0,12.0,1.0,13.0,1.0,1.0,86.3,1.0,0.0,0.0,0.0,0.0,1
1,1.0,0,4.0,1.0,1.0,3.0,1.0,13.0,1.0,1.0,1.0,1.0,0.0,0.0,0.0,0.0,0
0,1.0,1,5.0,1.0,4.0,10.0,1.0,12.0,1.0,1.0,1.7,1.0,0.0,0.0,0.0,0.0,0
1,1.0,0,4.0,1.0,10.0,3.0,1.0,10.0,1.0,1.0,3.3,1.0,0.0,0.0,0.0,0.0,1
1,1.0,0,5.0,1.0,0.0,11.0,1.0,13.0,1.0,1.0,8.439904,1.0,0.0,0.0,0.0,1.0,0
1,1.0,1,6.0,1.0,16.0,4.0,2.0,13.0,1.0,1.0,0.4,1.0,0.0,0.0,0.0,0.0,1
1,1.0,1,5.0,1.0,11.0,1.0,2.0,12.0,1.0,1.0,0.0,1.0,0.0,0.0,0.0,0.0,1
1,1.0,0,4.0,1.0,13.0,3.0,1.0,12.0,5.0,1.0,3.281364,1.0,0.0,0.0,0.0,0.0,1
1,2.0,1,5.0,1.0,13.0,1.0,1.0,14.0,1.0,1.0,7.3,1.0,0.0,0.0,0.0,0.0,1
1,1.0,0,1.0,1.0,22.0,3.0,2.0,12.0,1.0,1.0,1.5,1.0,4.0,11.0,379.0,0.0,1
1,1.0,0,4.0,1.0,16.0,7.0,1.0,4.0,1.0,1.0,0.9,1.0,4.0,0.0,379.0,0.0,1
1,1.0,1,7.0,1.0,13.0,3.0,2.0,13.0,1.0,1.0,1.6,1.0,0.0,0.0,0.0,0.0,1
1,1.0,0,4.0,1.0,12.0,6.0,1.0,12.0,1.0,1.0,2.5,1.0,0.0,0.0,0.0,0.0,1
1,1.0,1,5.0,1.0,16.0,2.0,1.0,14.0,1.0,1.0,1.0,1.0,0.0,0.0,0.0,0.0,1
1,1.0,0,4.0,1.0,1.0,9.0,1.0,12.0,5.0,1.0,2.7,1.0,4.0,7.0,379.0,0.0,1
1,1.0,0,4.0,1.0,4.0,6.0,2.0,13.0,1.0,1.0,3.0,1.0,0.0,0.0,0.0,0.0,1
1,1.0,0,4.0,1.0,16.0,9.0,2.0,12.0,1.0,1.0,4.2,1.0,0.0,0.0,0.0,0.0,1
1,1.0,0,4.0,1.0,10.0,1.0,1.0,13.0,1.0,1.0,0.8,1.0,0.0,0.0,0.0,0.0,1
1,1.0,0,4.0,1.0,10.0,8.0,1.0,8.0,5.0,1.0,86.3,1.0,0.0,0.0,0.0,0.0,1
1,1.0,0,4.0,1.0,13.0,7.0,2.0,13.0,1.0,1.0,2.3,1.0,0.0,0.0,0.0,0.0,1
1,2.0,0,4.0,1.0,4.0,11.0,2.0,13.0,1.0,1.0,86.3,1.0,0.0,0.0,0.0,0.0,1
1,1.0,0,4.0,1.0,10.0,5.0,2.0,8.0,1.0,1.0,0.6183608,1.0,0.0,0.0,0.0,0.0,1
1,1.0,0,4.0,1.0,11.0,1.0,1.0,12.0,1.0,1.0,1.1,1.0,0.0,0.0,0.0,0.0,1
1,1.0,0,4.0,1.0,16.0,8.0,2.0,12.0,1.0,1.0,0.5,1.0,0.0,0.0,0.0,0.0,1
1,2.0,1,5.0,1.0,11.0,8.0,1.0,14.0,1.0,1.0,2.1,1.0,0.0,0.0,0.0,0.0,1
1,1.0,1,5.0,1.0,12.0,7.0,1.0,13.0,1.0,1.0,3.0,1.0,0.0,0.0,0.0,0.0,1
1,1.0,0,4.0,1.0,5.0,7.0,1.0,12.0,1.0,1.0,1.3,1.0,0.0,0.0,0.0,0.0,0
1,1.0,0,4.0,1.0,10.0,7.0,1.0,12.0,1.0,1.0,1.7,1.0,0.0,0.0,0.0,0.0,0
0,1.0,1,4.0,1.0,16.0,12.0,1.0,12.0,1.0,1.0,1.8,1.0,0.0,0.0,0.0,0.0,1
0,1.0,1,5.0,1.0,13.0,9.0,1.0,0.0,5.0,1.0,0.0,1.0,4.0,11.0,379.0,0.0,1
1,2.0,0,5.0,1.0,0.0,5.0,2.0,14.0,1.0,1.0,1.9,1.0,0.0,0.0,0.0,0.0,1
1,1.0,1,5.0,1.0,14.0,1.0,2.0,13.0,1.0,1.0,2.1,1.0,0.0,0.0,0.0,0.0,1
1,1.0,0,4.0,1.0,16.0,12.0,1.0,4.0,1.0,1.0,0.0,1.0,0.0,0.0,0.0,0.0,1
1,1.0,1,5.0,1.0,13.0,8.0,1.0,13.0,1.0,1.0,1.8,1.0,0.0,0.0,0.0,0.0,1
0,1.0,0,4.0,1.0,8.0,10.0,1.0,12.0,1.0,1.0,1.5,1.0,0.0,0.0,0.0,0.0,1
1,1.0,0,4.0,1.0,13.0,1.0,1.0,12.0,1.0,1.0,1.2,1.0,0.0,0.0,0.0,0.0,1
1,1.0,1,5.0,1.0,22.0,7.0,1.0,14.0,1.0,1.0,6.9267254,1.0,0.0,0.0,0.0,0.0,1
1,1.0,0,4.0,1.0,13.0,12.0,2.0,12.0,1.0,1.0,0.3,1.0,0.0,0.0,0.0,0.0,1
1,1.0,0,4.0,1.0,10.0,12.0,2.0,11.0,1.0,1.0,4.4,1.0,0.0,0.0,0.0,0.0,1
1,1.0,1,5.0,1.0,16.0,11.0,2.0,12.0,1.0,1.0,1.2,1.0,0.0,0.0,0.0,0.0,1
1,1.0,1,5.0,1.0,13.0,11.0,2.0,13.0,1.0,1.0,0.8,1.0,0.0,0.0,0.0,0.0,1
1,1.0,0,4.0,1.0,13.0,9.0,1.0,10.0,1.0,1.0,0.0,1.0,0.0,0.0,0.0,0.0,1
1,1.0,0,4.0,1.0,3.0,11.0,1.0,12.0,1.0,1.0,3.1,1.0,0.0,0.0,0.0,0.0,1
1,1.0,0,4.0,1.0,13.0,5.0,1.0,13.0,1.0,1.0,1.4,1.0,0.0,0.0,0.0,0.0,1
1,1.0,0,4.0,1.0,16.0,2.0,1.0,13.0,1.0,1.0,1.7,1.0,0.0,0.0,0.0,0.0,1
1,1.0,0,4.0,1.0,1.0,5.0,1.0,12.0,1.0,4.0,1.8,1.0,0.0,0.0,0.0,3.0,0
1,1.0,0,4.0,1.0,2.0,7.0,2.0,10.0,1.0,1.0,1.8,1.0,0.0,0.0,0.0,0.0,1
1,1.0,0,4.0,1.0,20.0,5.0,2.0,10.0,1.0,1.0,1.4,1.0,0.0,0.0,0.0,0.0,1
1,1.0,0,4.0,1.0,11.0,9.0,1.0,13.0,1.0,1.0,0.0,1.0,0.0,0.0,0.0,0.0,1
1,1.0,0,4.0,1.0,6.0,2.0,2.0,13.0,1.0,1.0,0.9,1.0,0.0,0.0,0.0,0.0,1
0,1.0,1,5.0,1.0,13.0,7.0,1.0,13.0,1.0,1.0,0.0,1.0,0.0,0.0,0.0,0.0,1
1,1.0,1,5.0,1.0,22.0,2.0,1.0,12.0,1.0,1.0,1.9,1.0,3.0,0.0,281.0,0.0,1
0,1.0,1,4.0,1.0,16.0,3.0,2.0,8.0,1.0,1.0,0.5,1.0,0.0,0.0,0.0,0.0,1
1,1.0,1,4.0,1.0,1.0,1.0,2.0,12.0,1.0,1.0,1.4,1.0,0.0,0.0,0.0,0.0,1
1,1.0,0,4.0,1.0,0.0,9.0,1.0,12.0,1.0,1.0,0.8,1.0,0.0,0.0,0.0,3.0,0
0,2.0,1,5.0,1.0,14.0,12.0,2.0,13.0,1.0,1.0,86.3,1.0,0.0,0.0,0.0,0.0,1
1,1.0,0,4.0,1.0,13.0,9.0,1.0,13.0,1.0,1.0,1.9,1.0,0.0,0.0,0.0,0.0,1
1,1.0,0,4.0,1.0,13.0,7.0,1.0,13.0,1.0,1.0,0.0,1.0,3.0,0.0,292.0406,0.0,1
1,1.0,0,5.0,1.0,0.0,12.0,1.0,13.0,1.0,1.0,2.5,1.0,0.0,0.0,0.0,0.0,1
1,1.0,0,5.0,1.0,3.0,5.0,1.0,0.0,5.0,1.0,1.6,1.0,0.0,0.0,0.0,0.0,1
1,1.0,0,4.0,1.0,0.0,7.0,2.0,12.0,1.0,1.0,0.0,1.0,0.0,0.0,0.0,0.0,1
1,1.0,1,5.0,1.0,10.0,5.0,1.0,0.0,1.0,1.0,0.0,1.0,0.0,0.0,0.0,0.0,1
1,1.0,0,4.0,1.0,9.0,8.0,1.0,13.0,1.0,1.0,0.8,1.0,0.0,0.0,0.0,0.0,1
1,1.0,1,5.0,2.0,14.0,1.0,2.0,13.0,2.0,1.0,2.6,1.0,0.0,0.0,0.0,0.0,1
1,1.0,0,4.0,1.0,5.0,8.0,1.0,12.0,1.0,1.0,86.3,1.0,0.0,0.0,0.0,0.0,1
0,1.0,0,4.0,1.0,4.0,6.0,1.0,12.0,1.0,1.0,1.3,1.0,0.0,0.0,0.0,0.0,1
1,1.0,0,4.0,1.0,11.0,7.0,1.0,13.0,1.0,1.0,1.1,1.0,0.0,0.0,0.0,0.0,1
1,1.0,1,6.0,1.0,16.0,2.0,1.0,12.0,1.0,1.0,0.8,1.0,0.0,0.0,0.0,0.0,1
1,2.0,1,4.0,1.0,13.0,7.0,1.0,12.0,1.0,1.0,0.0,1.0,0.0,0.0,0.0,0.0,1
1,1.0,1,5.0,1.0,11.0,1.0,2.0,7.0,1.0,1.0,2.0,1.0,0.0,0.0,0.0,0.0,1
1,1.0,0,4.0,1.0,20.0,4.0,1.0,12.0,1.0,1.0,1.0,1.0,0.0,0.0,0.0,0.0,1
1,1.0,0,4.0,1.0,13.0,12.0,1.0,12.0,1.0,1.0,1.1,1.0,0.0,0.0,0.0,0.0,1
1,1.0,0,4.0,1.0,13.0,11.0,1.0,4.0,1.0,1.0,1.0,1.0,0.0,0.0,0.0,0.0,0
1,1.0,0,4.0,1.0,0.0,8.0,1.0,13.0,1.0,1.0,3.3147635,1.0,0.0,0.0,0.0,1.0,1
0,1.0,1,4.0,1.0,14.0,4.0,2.0,12.0,1.0,1.0,1.3,1.0,0.0,0.0,0.0,0.0,1
1,1.0,0,5.0,1.0,6.0,8.0,1.0,12.0,1.0,1.0,0.4,1.0,0.0,0.0,0.0,0.0,0
1,1.0,1,5.0,1.0,14.0,4.0,2.0,13.0,1.0,1.0,3.7,1.0,0.0,0.0,0.0,0.0,1
1,1.0,1,5.0,1.0,14.0,5.0,1.0,13.0,1.0,1.0,1.7,1.0,0.0,0.0,0.0,0.0,1
1,1.0,0,4.0,1.0,13.0,9.0,1.0,13.0,1.0,1.0,5.6731086,1.0,0.0,0.0,0.0,0.0,1
0,1.0,0,4.0,1.0,1.1340643,12.0,2.0,13.0,1.0,1.0,1.4,1.0,0.0,0.0,0.0,0.0,1
0,1.0,0,5.0,1.0,13.0,7.0,1.0,12.0,1.0,1.0,1.6,1.0,0.0,0.0,0.0,0.0,1
1,1.0,0,4.0,1.0,11.0,12.0,2.0,13.0,1.0,1.0,1.7,1.0,0.0,0.0,0.0,0.0,1
1,1.0,0,2.0,1.0,10.0,12.0,1.0,8.0,1.0,1.0,2.4,1.0,0.0,0.0,0.0,0.0,1
1,1.0,1,6.0,1.0,14.0,4.0,1.0,12.0,1.0,1.0,1.0,1.0,0.0,0.0,0.0,0.0,1
1,1.0,1,5.0,1.0,13.0,3.0,1.0,12.0,1.0,1.0,0.0,1.0,0.0,0.0,0.0,0.0,1
1,1.0,0,5.0,1.0,10.0,11.0,1.0,13.0,1.0,1.0,0.8,1.0,0.0,0.0,0.0,0.0,1
1,1.0,0,4.0,1.0,13.0,10.0,2.0,7.0,1.0,1.0,0.0,1.0,0.0,0.0,0.0,0.0,1
1,1.0,0,1.0,1.0,13.0,11.0,1.0,0.0,1.0,1.0,0.8,1.0,0.0,0.0,0.0,0.0,1
1,1.0,1,5.0,1.0,14.0,6.0,2.0,13.0,1.0,1.0,86.3,1.0,0.0,0.0,0.0,0.0,1
1,1.0,1,5.0,1.0,13.0,5.0,1.0,12.0,1.0,1.0,0.5,1.0,0.0,0.0,0.0,0.0,1
1,1.0,0,4.0,1.0,4.0,1.0,1.0,13.0,5.0,1.0,8.6,1.0,0.0,0.0,0.0,0.0,1
1,2.0,1,4.0,1.0,13.0,1.0,1.0,10.0,1.0,1.0,1.0,1.0,0.0,0.0,0.0,0.0,1
1,1.0,0,5.0,1.0,0.0,6.0,1.0,13.0,1.0,1.5541536,1.1,1.0,3.0,11.0,0.0,3.0,0
0,1.0,1,7.0,1.0,11.0,12.0,2.0,12.0,1.0,1.0,1.2,1.0,0.0,0.0,0.0,0.0,1
1,1.0,0,4.0,1.0,10.0,9.0,2.0,12.0,1.0,1.0,3.4,1.0,0.0,0.0,0.0,0.0,1
1,1.0,1,4.0,1.0,16.0,6.0,2.0,13.0,1.0,1.0,2.0,1.0,0.0,0.0,0.0,0.0,1
1,1.0,0,4.0,1.0,4.0,6.0,1.0,13.0,1.0,1.0,1.6,1.0,0.0,0.0,0.0,0.0,1
1,1.0,1,5.0,1.0,10.0,2.0,1.0,10.0,2.0,1.0,2.3,1.0,0.0,0.0,0.0,0.0,1
1,1.0,0,4.0,1.0,4.0,5.0,1.0,12.0,5.0,1.0,1.2,1.0,0.0,0.0,0.0,0.0,1
0,1.0,0,4.0,1.0,13.0,12.0,2.0,13.0,1.0,1.0,1.9,1.0,0.0,0.0,0.0,0.0,1
0,2.0,1,4.0,1.0,13.0,5.0,1.0,13.0,1.0,1.0,2.8,1.0,0.0,0.0,0.0,0.0,1
1,2.0,0,4.0,1.0,4.0,7.0,1.0,13.0,1.0,1.0,86.3,1.0,0.0,0.0,0.0,0.0,1
1,1.0,1,7.0,1.0,16.0,9.0,1.0,13.0,1.0,1.0,3.2,1.0,0.0,0.0,0.0,0.0,1
1,1.0,0,4.0,1.0,13.0,1.0,1.0,14.0,1.0,1.0,0.3,1.0,0.0,0.0,0.0,0.0,1
1,1.0,0,4.0,1.0,5.0,4.0,1.0,8.0,1.0,1.0,2.3,1.0,0.0,0.0,0.0,0.0,1
1,1.0,1,4.0,1.0,11.0,12.0,2.0,13.0,1.0,1.0,3.1,1.0,0.0,0.0,0.0,0.0,1
0,1.0,0,4.0,1.0,13.0,7.0,1.0,12.0,1.0,1.0,86.3,1.0,0.0,0.0,0.0,0.0,1
0,1.0,0,4.0,1.0,13.0,11.0,1.0,13.0,1.0,1.0,4.2,1.0,0.0,0.0,0.0,0.0,1
1,1.0,0,5.0,1.0,16.0,4.0,1.0,14.0,1.0,1.0,10.5,1.0,0.0,0.0,0.0,0.0,1
1,1.0,0,4.0,1.0,14.0,1.0,1.0,14.0,5.0,1.0,1.0,1.0,0.0,0.0,0.0,0.0,1
1,1.0,0,4.0,1.0,13.0,1.0,1.0,13.0,1.0,1.0,1.0,1.0,0.0,0.0,0.0,0.0,1
0,1.0,0,4.0,1.0,14.0,12.0,1.0,12.0,1.0,1.0,1.6,1.0,0.0,0.0,0.0,0.0,1
1,1.0,1,5.0,1.0,13.0,8.0,2.0,13.0,1.0,1.0,1.7,1.0,0.0,0.0,0.0,0.0,1
1,1.0,0,4.0,1.0,14.0,8.0,1.0,14.0,1.0,1.0,86.3,1.0,0.0,0.0,0.0,0.0,1
1,1.0,1,5.0,1.0,13.0,8.0,2.0,10.0,1.0,1.0,1.6,1.0,0.0,0.0,0.0,0.0,1
0,1.0,0,4.0,1.0,13.0,11.0,2.0,13.0,1.0,1.0,4.4,1.0,0.0,0.0,0.0,0.0,1
1,1.0,0,4.0,1.0,1.0,8.0,2.0,13.0,1.0,1.0,1.6,1.0,0.0,0.0,0.0,0.0,1
1,1.0,1,5.0,1.0,6.0,12.0,2.0,13.0,1.0,1.0,2.3,1.0,0.0,0.0,0.0,0.0,1
1,1.0,0,4.0,1.0,13.0,11.0,2.0,0.0,1.0,1.0,0.9,1.0,0.0,0.0,0.0,0.0,1
1,1.0,0,4.0,1.0,10.0,12.0,1.0,13.0,1.0,1.0,0.7,1.0,0.0,0.0,0.0,0.0,1
1,1.0,1,5.0,1.0,13.0,1.0,2.0,13.0,1.0,1.0,3.7,1.0,0.0,0.0,0.0,0.0,1
1,1.0,1,5.0,1.0,13.0,9.0,2.0,7.0,1.0,1.0,86.3,1.0,0.0,0.0,0.0,0.0,1
1,1.0,1,4.0,1.0,13.0,7.0,2.0,12.0,1.0,1.0,0.7,1.0,0.0,0.0,0.0,0.0,1
1,1.0,0,6.0,1.0,13.0,1.0,2.0,13.0,1.0,1.0,0.8,1.0,0.0,0.0,0.0,0.0,1
1,2.0,1,4.0,1.0,13.0,1.0,2.0,12.0,1.0,1.0,0.0,1.0,0.0,0.0,0.0,0.0,1
1,1.0,0,4.0,1.0,10.0,11.0,2.0,12.0,1.0,1.0,0.9,1.0,0.0,0.0,0.0,0.0,1
1,1.0,0,4.0,1.0,16.0,12.0,1.0,7.0,1.0,1.0,1.4,1.0,4.0,11.0,379.0,0.0,1
1,1.0,0,4.0,1.0,22.0,7.0,2.0,13.0,1.0,1.0,0.0,1.0,0.0,0.0,0.0,0.0,1
1,1.0,1,5.0,1.0,13.0,4.0,2.0,12.0,1.0,1.0,1.2703372,1.0,0.0,0.0,0.0,0.0,1
1,1.0,0,4.0,1.0,11.0,1.0,1.0,12.0,1.0,1.0,1.6,1.0,0.0,0.0,0.0,0.0,1
1,1.0,0,4.0,1.0,14.0,10.0,1.0,13.0,1.0,1.0,1.1,1.0,0.0,0.0,0.0,0.0,1
1,1.0,0,4.0,1.0,4.0,5.0,2.0,13.0,1.0,1.0,3.4,1.0,0.0,0.0,0.0,0.0,1
1,1.0,1,5.0,1.0,13.0,2.0,2.0,13.0,1.0,1.0,2.3,1.0,0.0,0.0,0.0,0.0,1
1,1.0,1,5.0,1.0,13.0,7.0,1.0,13.0,1.0,1.0,4.9,1.0,0.0,0.0,0.0,0.0,1
1,1.0,1,5.0,1.0,6.0,11.0,2.0,12.0,1.0,1.0,0.0,1.0,0.0,0.0,0.0,0.0,1
1,1.0,1,5.0,1.0,13.0,6.0,1.0,12.0,1.0,1.0,1.1,1.0,0.0,0.0,0.0,0.0,1
1,1.0,0,5.0,1.0,11.0,1.0,2.0,12.0,1.0,1.0,0.5,1.0,0.0,0.0,0.0,0.0,1
1,1.0,0,4.0,1.0,10.0,3.0,2.0,13.0,1.0,1.0,3.9,1.0,0.0,0.0,0.0,0.0,1
1,1.0,0,4.0,1.0,16.0,10.0,1.0,0.0,1.0,1.0,86.3,1.0,0.0,0.0,262.91653,0.0,1
0,1.0,0,4.0,1.0,11.0,9.0,1.0,8.0,1.0,1.0,0.7,1.0,0.0,0.0,0.0,0.0,1
1,1.0,0,5.0,1.0,0.0,9.349917,2.0,13.0,1.0,1.0,1.6,1.0,0.0,0.0,0.0,0.0,1
1,1.0,1,5.0,1.0,0.0,5.0,2.0,13.0,1.0,1.0,1.0,1.0,0.0,0.0,0.0,0.0,1
1,2.0,0,4.0,1.0,7.0,3.0,2.0,14.0,1.0,1.0,1.8,1.0,0.0,0.0,0.0,0.0,1
1,1.0,0,4.0,1.0,13.0,7.0,2.0,11.0,1.0,1.0,2.6,1.0,0.0,0.0,0.0,0.0,1
1,2.0,1,6.0,1.0,13.0,12.0,1.0,13.0,1.0,1.0,86.3,1.0,0.0,0.0,0.0,0.0,0
1,1.0,1,4.0,1.0,14.0,9.0,1.0,10.0,1.0,1.0,0.0,1.0,4.0,7.0,379.0,0.0,1
0,1.0,1,4.0,1.0,14.0,12.0,2.0,12.0,1.0,1.0,86.3,1.0,0.0,0.0,0.0,0.0,1
1,1.0,1,5.0,1.0,13.0,1.0,2.0,4.0,1.0,1.0,0.6,1.0,0.0,0.0,0.0,0.0,1
1,1.0,0,4.0,1.0,13.0,4.0,1.0,9.0,1.0,1.0,0.0,1.0,4.0,11.0,379.0,0.0,1
1,1.0,0,5.0,1.0,10.0,3.0,2.0,13.0,1.0,1.0,1.4,1.0,0.0,0.0,0.0,0.0,1
1,1.0,0,4.0,1.0,22.0,6.0,1.0,12.0,1.0,1.0,86.3,1.0,0.0,0.0,0.0,0.0,1
1,1.0,0,4.0,1.0,13.0,12.0,1.0,13.0,1.0,1.0,1.0,1.0,0.0,0.0,0.0,0.0,1
1,2.0,1,7.0,1.0,13.0,9.0,2.0,13.0,1.0,1.0,2.2,1.0,0.0,0.0,0.0,0.0,1
1,1.0,0,4.0,1.0,7.0,3.0,2.0,13.0,1.0,1.0,0.0,1.0,0.0,0.0,0.0,0.0,1
1,1.0,0,4.0,1.0,13.0,10.0,1.0,13.0,1.0,1.0,1.2,1.0,0.0,0.0,0.0,0.0,1
1,1.0,0,5.0,1.0,4.0,12.0,1.0,12.0,1.0,1.0,2.0,1.0,0.0,0.0,0.0,0.0,1
0,1.0,1,5.0,1.0,10.0,12.0,1.0,7.0,1.0,1.0,2.0,1.0,0.0,0.0,0.0,0.0,0
1,1.0,0,4.0,1.0,0.0,1.0,1.0,12.0,1.0,1.0,1.3,1.0,0.0,0.0,0.0,3.0,1
1,1.0,1,4.0,1.0,13.0,1.0,2.0,12.0,1.0,1.0,1.1,1.0,0.0,0.0,0.0,0.0,1
1,1.0,0,4.0,1.0,10.0,2.0,2.0,13.0,1.0,1.0,3.1276367,1.0,0.0,0.0,0.0,0.0,1
1,1.0,0,4.0,1.0,13.0,7.0,2.0,4.0,1.0,1.0,1.4,1.0,0.0,0.0,0.0,0.0,1
0,1.0,1,6.0,1.0,16.0,6.0,2.0,13.0,1.0,1.0,1.2,1.0,0.0,0.0,0.0,0.0,1
1,1.0,0,5.0,1.0,16.0,12.0,2.0,7.0,1.0,1.0,1.1,1.0,0.0,0.0,0.0,0.0,1
1,1.0,0,4.0,1.0,11.0,1.0,1.0,12.0,1.0,1.0,1.0,1.0,0.0,0.0,0.0,0.0,1
1,1.0,0,4.0,1.0,22.0,9.0,1.0,13.0,1.0,1.0,5.1,1.0,0.0,0.0,0.0,0.0,1
0,2.0,1,4.0,1.0,10.0,10.0,1.0,0.0,1.0,1.0,1.9,1.0,0.0,0.0,0.0,0.0,1
1,1.0,0,1.0,1.0,16.0,3.0,1.0,12.0,1.0,1.0,1.0,1.0,0.0,0.0,0.0,0.0,1
1,1.0,0,4.0,1.0,12.0,9.0,2.0,12.0,1.0,1.0,1.3,1.0,4.0,7.0,379.0,0.0,1
0,1.0,1,5.0,1.0,13.0,12.0,1.0,6.0,1.0,1.0,0.0,1.0,0.0,0.0,0.0,0.0,1
1,1.0,0,4.0,1.0,14.0,6.0,2.0,9.0,1.0,1.0,0.5,1.0,0.0,0.0,0.0,0.0,1
1,1.0,1,7.0,1.0,13.0,12.0,1.0,8.0,1.0,1.0,0.6,1.0,0.0,0.0,0.0,0.0,1
1,1.0,0,4.0,1.0,11.0,5.0,2.0,13.0,1.0,1.0,2.1,1.0,0.0,0.0,0.0,0.0,1
1,1.0,0,4.0,1.0,11.0,8.0,2.0,12.0,1.0,1.0,1.7,1.0,0.0,0.0,0.0,0.0,1
1,1.0,1,5.0,1.0,4.0,9.0,1.0,13.0,1.0,1.0,86.3,1.0,0.0,0.0,0.0,0.0,1
0,1.0,1,5.0,1.0,11.0,5.0,2.0,12.0,1.0,1.0,1.6,1.0,0.0,0.0,0.0,0.0,1
1,1.0,1,5.0,1.0,3.0,7.0,2.0,12.0,1.0,1.0,1.0,1.0,0.0,0.0,0.0,0.0,1
1,1.0,0,4.0,1.0,11.0,9.0,2.0,12.0,1.0,1.0,2.3,1.0,0.0,0.0,0.0,0.0,1
1,1.0,1,4.0,1.0,13.0,12.0,2.0,12.0,1.0,1.0,0.41533232,1.0,0.0,0.0,0.0,0.0,1
1,1.0,0,5.0,1.0,11.0,5.0,1.0,9.0,1.0,1.0,2.0,1.0,0.0,0.0,0.0,0.0,1
1,1.0,0,4.0,1.0,10.0,1.0,2.0,13.0,1.0,1.0,2.5,1.0,0.0,0.0,0.0,0.0,1
1,1.0,1,5.0,1.0,12.0,7.0,2.0,14.0,1.0,1.0,86.3,1.0,0.0,0.0,0.0,0.0,1
1,1.0,0,4.0,1.0,13.0,5.0,2.0,13.0,1.0,1.0,1.8915958,1.0,0.0,0.0,0.0,0.0,1
1,1.0,0,5.0,1.0,13.0,8.0,1.0,13.0,1.0,1.0,1.0,1.0,0.0,0.0,0.0,0.0,1
1,1.0,0,4.0,1.0,22.0,10.0,2.0,4.0,1.0,1.0,1.2,1.0,0.0,0.0,0.0,0.0,1
1,1.0,0,4.0,1.0,16.0,9.0,1.0,7.995171,1.0,1.0,0.0,1.0,0.0,0.0,0.0,0.0,1
1,1.0,1,5.0,1.0,13.0,7.0,2.0,12.0,1.0,1.0,0.0,1.0,0.0,0.0,0.0,0.0,1
1,1.0,0,4.0,1.0,0.0,5.0,1.0,12.0,1.0,1.0,7.9519844,1.0,0.0,0.0,0.0,0.0,1
1,1.0,0,4.0,1.0,1.0,4.0,1.0,13.0,1.0,1.0,0.8,1.0,0.0,0.0,0.0,0.0,1
1,1.0,1,5.0,1.0,13.0,9.0,1.0,12.0,1.0,1.0,2.6,1.0,0.0,0.0,0.0,0.0,1
1,1.0,0,1.0,1.0,22.0,3.0,1.0,12.0,5.0,1.0,3.9,1.0,0.0,0.0,0.0,0.0,1
1,1.0,0,4.0,1.0,16.0,4.0,2.0,12.0,1.0,1.0,3.5,1.0,0.0,0.0,0.0,0.0,1
1,1.0,1,6.0,1.0,16.0,5.0971,1.0,13.0,1.0,1.0,0.9,1.0,0.0,0.0,0.0,0.0,1
1,1.0,0,5.0,1.0,16.0,1.0,2.0,12.0,1.0,1.0,2.6,1.0,0.0,0.0,0.0,0.0,1
1,1.0,1,5.0,1.0,13.0,1.0,1.0,13.0,5.0,1.0,0.0,1.0,0.0,0.0,0.0,0.0,1
1,1.0,0,4.0,1.0,13.0,8.0,2.0,0.0,1.0,1.0,1.1,1.0,0.0,0.0,0.0,0.0,1
1,1.0,0,4.0,1.0,7.0,5.0,1.0,13.0,1.0,1.0,1.2,1.0,0.0,0.0,0.0,0.0,1
1,1.0,0,5.0,1.0,7.0,7.0,1.0,0.0,5.0,1.0,1.3,1.0,4.0,11.0,274.0,3.0,1
1,1.0,1,4.0,1.0,20.0,2.0,2.0,12.0,1.0,1.0,1.4,1.0,4.0,11.0,379.0,0.0,1
1,1.0,0,4.0,1.0,10.0,1.0,1.0,12.0,1.0,1.0,2.3,1.0,0.0,0.0,0.0,0.0,1
1,2.0,0,4.0,1.0,11.0,4.0,1.0,13.0,1.0,1.0,1.5,1.0,0.0,0.0,0.0,0.0,1
1,1.0,0,4.0,1.0,11.790744,4.0,1.0,12.0,1.0,1.0,1.4,1.0,0.0,0.0,0.0,0.0,1
1,2.0,1,5.0,1.0,13.0,7.0,2.0,13.0,1.0,1.0,3.6,1.0,0.0,0.0,0.0,0.0,1
1,1.0,1,4.0,1.0,22.0,6.0,1.0,14.0,1.0,1.0,0.8,1.0,0.0,0.0,0.0,0.0,1
0,1.0,1,6.0,1.0,10.0,5.0,1.0,12.0,1.0,1.0,1.6,1.0,0.0,0.0,0.0,0.0,1
1,1.0,0,5.0,1.0,11.0,12.0,2.0,0.0,1.0,1.0,0.0,1.0,0.0,0.0,0.0,0.0,1
1,1.0,0,4.0,1.0,13.0,7.0,2.0,12.0,1.0,1.0,0.6,1.0,0.0,0.0,0.0,0.0,1
1,1.0,0,4.0,1.0,12.0,12.0,2.0,13.0,1.0,1.0,2.7,1.0,0.0,0.0,0.0,0.0,1
1,1.0,1,5.0,1.0,13.0,1.0,1.0,3.0,1.0,1.0,1.6,1.0,0.0,0.0,0.0,0.0,1
1,1.0,0,4.0,1.0,0.0,5.0,2.0,12.0,1.0,1.0,0.7,1.0,0.0,0.0,0.0,0.0,1
1,2.0,1,5.0,1.0,13.0,5.0,2.0,13.0,1.0,1.0,2.9,1.0,0.0,0.0,0.0,0.0,1
1,1.0,0,4.0,1.0,0.0,2.0,1.0,12.0,1.0,1.0,2.3,1.0,0.0,0.0,0.0,0.0,1
1,1.0,1,5.0,1.0,11.0,6.0,2.0,12.0,1.0,1.0,1.1,1.0,0.0,0.0,0.0,0.0,1
1,1.0,1,5.0,1.0,13.0,1.0,2.0,13.0,1.0,1.0,3.5,1.0,0.0,0.0,0.0,0.0,1
1,1.0,0,4.0,1.0,13.0,12.0,1.0,13.0,1.0,1.0,2.0,1.0,0.0,0.0,0.0,0.0,1
1,1.0,0,4.0,1.0,0.0,5.0,1.0,13.0,1.0,1.0,1.2,1.0,0.0,0.0,0.0,0.0,1
1,1.0,0,4.0,1.0,10.0,1.0,2.0,14.0,1.0,1.0,86.3,1.0,0.0,0.0,0.0,0.0,1
1,1.0,1,7.0,1.0,13.0,12.0,1.0,13.0,1.0,1.0,1.1,1.0,0.0,0.0,0.0,0.0,1
0,1.0,0,5.0,1.0,4.0,4.0,1.0,13.0,1.0,1.0,1.9,1.0,0.0,0.0,0.0,0.0,1
0,1.0,1,4.0,1.0,13.0,1.0,2.0,13.0,5.0,1.0,86.3,1.0,0.0,0.0,0.0,0.0,1
1,1.0,0,5.0,1.0,4.0,2.0,2.0,13.0,1.0,1.0,0.0,1.0,0.0,0.0,0.0,0.0,1
1,1.0,0,4.0,1.0,16.0,8.0,1.0,0.0,1.0,1.0,0.5,1.0,0.0,0.0,0.0,0.0,1
1,1.0,1,4.0,1.0,16.0,4.0,1.0,12.0,1.0,1.0,3.6,1.0,0.0,0.0,0.0,0.0,1
1,1.0,1,5.0,1.0,16.0,9.0,2.0,13.0,1.0,1.0,1.8,1.0,0.0,0.0,0.0,0.0,1
1,1.0,0,4.0,1.0,10.0,11.0,1.0,11.0,1.0,1.0,0.0,1.0,0.0,0.0,0.0,0.0,1
1,1.0,1,6.0,1.0,15.0,1.0,1.0,14.0,1.0,1.0,1.2,1.0,0.0,0.0,0.0,0.0,1
1,1.0,0,4.0,1.0,1.0,5.0,1.0,12.0,1.0,1.0,2.0,1.0,0.0,0.0,0.0,3.0,1
1,1.0,0,5.0,1.0,13.0,8.0,1.0,14.0,1.0,1.0,2.3,1.0,0.0,0.0,0.0,0.0,1
1,1.0,1,4.0,1.0,10.0,8.0,2.0,12.0,1.0,1.0,5.0,1.0,0.0,0.0,0.0,0.0,1
1,1.0,0,4.0,1.0,13.0,8.0,2.0,12.0,1.0,1.0,86.3,1.0,0.0,0.0,0.0,0.0,1
1,1.0,0,4.0,1.0,8.0,6.0,1.0,13.0,1.0,1.0,1.7,1.0,0.0,0.0,0.0,0.0,1
0,1.0,1,5.0,1.0,13.0,1.0,2.0,11.0,1.0,1.0,0.0,1.0,0.0,0.0,0.0,0.0,1
1,1.0,0,4.0,1.0,10.0,4.0,1.0,3.0,1.0,1.0,1.1,1.0,0.0,0.0,0.0,0.0,1
0,1.0,1,5.0,1.0,10.0,9.0,1.0,13.0,1.0,1.0,4.2,1.0,0.0,0.0,0.0,0.0,1
1,1.0,0,5.0,1.0,8.0,12.0,2.0,12.0,1.0,1.0,1.0,1.0,0.0,0.0,0.0,0.0,1
1,1.0,0,4.0,1.0,13.0,4.0,2.0,9.0,1.0,1.0,2.0,1.0,0.0,0.0,0.0,0.0,1
0,1.0,1,5.0,1.0,16.0,7.0,1.0,13.0,1.0,1.0,1.0,1.0,0.0,0.0,0.0,0.0,1
1,1.0,0,4.0,1.0,0.0,10.0,1.0,13.0,1.0,1.0,4.5,1.0,0.0,0.0,0.0,0.0,1
1,1.0,0,4.0,1.0,22.0,1.0,1.0,8.0,1.0,1.0,2.8,1.0,0.0,0.0,0.0,0.0,1
1,1.0,0,4.0,1.0,1.0,4.0,1.0,13.0,1.0,1.0,1.2,1.0,0.0,0.0,0.0,3.0,1
1,1.0,0,4.0,1.0,4.0,11.0,2.0,13.0,1.0,1.0,2.1,1.0,0.0,0.0,0.0,0.0,1
1,1.0,1,5.0,1.0,10.0,8.0,1.0,12.0,1.0,1.0,0.8,1.0,0.0,0.0,0.0,0.0,1
1,2.0,0,4.0,1.0,13.0,11.0,1.0,12.0,1.0,1.0,2.5,1.0,0.0,0.0,0.0,0.0,1
1,1.0,0,4.0,1.0,13.0,9.0,2.0,14.0,1.0,1.0,3.5,1.0,0.0,0.0,0.0,0.0,1
1,2.0,1,4.0,1.0,13.0,2.0,1.0,11.0,1.0,1.0,2.0,1.0,0.0,0.0,293.0,0.0,1
1,1.0,0,4.0,1.0,10.3816805,2.0,1.0,0.0,1.0,1.0,3.7,1.0,0.0,0.0,0.0,0.0,1
1,1.0,0,4.0,1.0,16.0,9.0,1.0,9.0,1.0,1.0,3.0,1.0,0.0,0.0,0.0,0.0,1
1,1.0,0,4.0,1.0,13.0,10.0,1.0,12.0,1.0,1.0,1.8,1.0,0.0,0.0,0.0,0.0,0
1,1.0,1,5.0,1.0,14.0,1.0,1.0,12.0,1.0,1.0,1.0,1.0,0.0,0.0,0.0,0.0,1
1,1.0,0,5.0,1.0,13.0,10.0,1.0,13.0,1.0,1.0,3.0,1.0,0.0,0.0,0.0,0.0,1
1,1.0,0,4.0,1.0,7.0647206,12.0,1.0,10.0,5.0,1.0,4.561856,1.0,0.0,0.0,0.0,0.0,0
1,1.0,1,5.0,1.0,14.0,3.0,2.0,12.0,1.0,1.0,0.3,1.0,0.0,0.0,0.0,0.0,1
1,1.0,1,4.0,1.0,22.0,1.0,1.0,13.0,1.0,1.0,0.8,1.0,0.0,0.0,0.0,0.0,1
0,1.0,0,4.0,1.0,6.0,12.0,1.0,12.0,1.0,1.0,2.0,1.0,0.0,0.0,0.0,0.0,1
1,1.0,0,4.0,1.0,13.0,8.0,1.0,13.0,1.0,1.0,2.7944887,1.0,0.0,0.0,0.0,0.0,1
1,1.0,0,4.0,1.0,13.0,5.0,1.0,11.0,1.0,1.0,1.3,1.0,0.0,0.0,0.0,0.0,1
1,1.0,0,4.0,1.0,0.0,2.0,1.0,13.0,5.0,4.0,1.7,1.0,0.0,0.0,0.0,3.0,0
1,1.0,1,5.0,1.0,14.0,12.0,2.0,13.0,1.0,1.0,86.3,1.0,0.0,0.0,0.0,0.0,1
1,1.0,1,4.0,1.0,13.0,1.0,1.0,12.0,1.0,1.0,3.8122537,1.0,0.0,2.0,0.0,0.0,1
1,1.0,0,4.0,1.0,22.0,6.0,2.0,12.0,1.0,1.0,2.6,1.0,0.0,0.0,0.0,0.0,1
1,1.0,1,4.0,1.0,13.0,11.0,2.0,12.0,1.0,1.0,2.5,1.0,0.0,0.0,0.0,0.0,1
1,1.0,0,5.0,1.0,10.0,7.0,1.0,12.0,1.0,1.0,1.0,1.0,0.0,0.0,0.0,3.0,0
1,1.0,0,1.0,1.0,13.0,9.0,1.0,0.0,1.0,1.0,5.2,1.0,0.0,0.0,0.0,0.0,1
1,1.0,0,4.0,1.0,13.0,5.0,1.0,10.0,1.0,1.0,1.9,1.0,0.0,0.0,0.0,0.0,1
1,1.0,0,4.0,1.0,22.0,5.0,1.0,13.0,1.0,1.0,1.2,1.0,0.0,0.0,0.0,0.0,1
1,1.0,1,5.0,1.0,13.0,1.0,1.0,13.0,1.0,1.0,1.9,1.0,0.0,0.0,0.0,0.0,1
1,1.0,1,5.0,1.0,12.0,1.0,2.0,12.0,1.0,1.0,0.2,1.0,0.0,0.0,0.0,0.0,1
1,1.0,0,4.0,1.0,13.0,7.0,2.0,12.0,1.0,1.0,2.0,1.0,0.0,0.0,0.0,0.0,1
1,1.0,0,4.0,1.0,13.0,12.0,2.0,11.0,1.0,1.0,1.7,1.0,0.0,0.0,0.0,0.0,1
1,1.0,0,4.0,1.0,16.0,9.0,2.0,14.0,1.0,1.0,86.3,1.0,0.0,0.0,0.0,0.0,1
0,1.0,1,4.0,1.0,13.0,7.0,1.0,0.0,2.0,1.0,1.0707432,1.0,0.0,0.0,0.0,0.0,1
1,1.0,0,4.0,1.0,10.0,1.0,2.0,12.0,1.0,1.0,1.1,1.0,0.0,0.0,0.0,0.0,1
0,1.0,0,5.0,1.0,10.0,1.0,1.0,12.0,1.0,1.0,1.0,1.0,0.0,0.0,0.0,0.0,0
1,1.0,1,5.0,1.0,0.0,9.0,1.0,9.0,1.0,1.0,0.0,1.0,0.0,0.0,0.0,0.0,1
1,1.0,1,5.0,1.0,11.0,5.0,1.0,13.0,1.0,1.0,1.2,1.0,0.0,0.0,0.0,0.0,1
0,1.0,1,5.0,1.0,16.0,1.0,2.0,12.0,1.0,1.0,86.3,1.0,0.0,0.0,0.0,0.0,1
1,1.0,1,4.0,1.0,14.0,4.0,1.0,13.0,1.0,1.0,2.7,1.0,0.0,0.0,0.0,0.0,1
1,1.0,0,4.0,1.0,13.0,3.0,1.0,0.0,1.0,2.0,0.0,1.0,0.0,0.0,0.0,0.0,1
1,1.0,0,4.0,1.0,10.0,5.0,2.0,13.0,1.0,1.0,0.9,1.0,0.0,0.0,0.0,0.0,1
1,1.0,0,4.0,1.0,13.0,7.0,2.0,12.0,1.0,1.0,2.9,1.0,0.0,0.0,0.0,0.0,1
1,1.0,0,4.0,1.0,0.0,6.0,1.0,12.0,1.0,1.0,2.3,1.0,0.0,0.0,0.0,0.0,1
0,1.0,0,4.0,1.0,13.0,5.0,2.0,13.0,1.0,1.0,0.0,1.0,0.0,0.0,0.0,0.0,1
0,1.0,0,4.0,1.0,14.917069,10.0,1.0,12.0,1.0,1.0,86.3,1.0,0.0,0.0,0.0,0.0,1
1,1.0,0,4.0,1.0,13.0,3.0,2.0,14.0,1.0,1.0,0.3,1.0,0.0,0.0,0.0,0.0,1
0,1.0,1,4.0,1.0,16.0,12.0,1.0,9.0,1.0,1.0,4.1,1.0,0.0,0.0,0.0,0.0,1
1,1.0,0,5.0,1.0,13.0,9.0,2.0,13.0,1.0,1.0,1.6,1.0,0.0,0.0,0.0,0.0,1
1,1.0,0,4.0,1.0,13.0,2.0,1.0,13.0,3.0,1.0,2.0,1.0,0.0,0.0,0.0,0.0,1
1,1.0,1,5.0,1.0,11.042837,10.0,1.0,12.0,1.0,1.0,0.7,1.0,0.0,0.0,0.0,0.0,1
1,1.0,1,6.0,1.0,13.0,5.0,2.0,12.0,1.0,1.0,1.6,1.0,0.0,0.0,0.0,0.0,1
1,1.0,0,1.0,1.0,20.0,9.0,1.0,7.0,1.0,1.0,86.3,1.0,4.0,11.0,379.0,0.0,1
1,1.0,0,4.0,1.0,13.0,12.0,1.0,12.0,1.0,1.0,1.0,1.0,0.0,0.0,0.0,0.0,1
1,1.0,1,6.0,1.0,11.0,6.0,1.0,13.0,1.0,1.0,1.8,1.0,0.0,0.0,0.0,0.0,1
1,1.0,0,4.0,1.0,0.0,4.0,1.0,12.0,1.0,1.0,3.1,1.0,0.0,0.0,0.0,0.0,1
1,1.0,0,5.0,1.0,13.0,11.0,2.0,13.0,1.0,1.0,5.4,1.0,0.0,0.0,0.0,0.0,1
1,2.0,1,4.0,1.0,1.0,10.0,2.0,12.0,1.0,1.0,3.1,1.0,0.0,0.0,0.0,0.0,1
1,1.0,0,4.0,1.0,16.0,11.0,2.0,13.0,1.0,1.0,86.3,1.0,0.0,0.0,0.0,0.0,1
1,1.0,0,5.0,1.0,0.0,3.0,2.0,13.0,1.0,1.0,1.1,1.0,0.0,0.0,0.0,0.0,1
1,1.0,0,4.0,1.0,5.0,10.0,2.0,13.0,1.0,1.0,1.5,1.0,0.0,0.0,0.0,0.0,1
1,1.0,0,5.0,2.0,6.0,11.0,2.0,1.0,2.0,1.0,1.2,1.0,0.0,0.0,0.0,0.0,1
0,1.0,1,4.0,1.0,22.0,4.0,2.0,7.0,1.0,1.0,3.0,1.0,0.0,0.0,0.0,0.0,1
1,1.0,0,5.0,1.0,4.0,4.0,2.0,12.0,1.0,1.0,0.0,1.0,0.0,0.0,0.0,0.0,0
1,1.0,1,7.0,1.0,16.0,8.0,1.0,12.0,1.0,1.0,0.0,1.0,0.0,0.0,0.0,0.0,1
1,1.0,1,4.0,1.0,10.0,1.0,2.0,10.0,1.0,1.0,1.7,1.0,0.0,0.0,0.0,0.0,1
1,1.0,1,6.0,1.0,11.0,7.0,1.0,9.0,1.0,1.0,0.9,1.0,3.0,11.0,0.0,0.0,1
1,1.0,1,4.0,1.0,16.0,12.0,2.0,0.0,1.0,1.0,0.0,1.0,0.0,0.0,0.0,0.0,1
1,1.0,1,5.0,1.0,13.0,9.0,2.0,14.0,1.0,1.0,86.3,1.0,0.0,0.0,0.0,0.0,1
1,1.0,1,5.0,1.0,22.0,2.0,1.0,14.0,1.0,1.0,9.9,1.0,0.0,0.0,0.0,0.0,1
1,1.0,0,4.0,1.0,13.0,1.0,2.0,13.0,1.0,1.0,2.0,1.0,0.0,0.0,0.0,0.0,1
0,2.0,1,5.0,1.0,15.0,7.0,1.0,14.0,1.0,1.0,2.7,1.0,0.0,0.0,0.0,0.0,1
1,2.0,0,4.0,1.0,12.0,5.0,2.0,12.0,1.0,1.0,1.9,1.0,0.0,0.0,0.0,0.0,1
1,1.0,0,4.0,1.0,13.0,12.0,1.0,7.0,1.0,1.0,0.0,1.0,0.0,0.0,0.0,0.0,1
1,1.0,0,4.0,1.0,4.0,6.0,1.0,12.0,1.0,1.0,1.0,1.0,0.0,0.0,0.0,0.0,1
1,1.0,0,4.0,1.0,13.0,12.0,2.0,10.0,1.0,1.0,1.0,1.0,0.0,0.0,0.0,0.0,1
1,2.0,0,4.0,1.0,4.0,3.0,2.0,13.0,1.0,1.0,3.6,1.0,0.0,0.0,0.0,0.0,1
1,1.0,0,4.0,1.0,13.852022,5.0,2.0,11.0,1.0,1.0,1.7,1.0,4.0,0.0,379.0,0.0,1
1,2.0,1,5.0,1.0,16.0,8.0,1.0,13.0,1.0,1.0,3.0,1.0,0.0,0.0,0.0,0.0,1
1,1.0,1,4.0,1.0,13.0,12.0,2.0,13.0,1.0,1.0,1.8,1.0,0.0,0.0,0.0,0.0,1
1,1.0,0,5.0,1.0,13.0,1.0,2.0,11.0,1.0,1.0,3.0,1.0,0.0,0.0,0.0,0.0,1
1,1.0,0,4.0,1.0,13.0,5.0,2.0,13.0,1.0,1.0,86.3,1.0,0.0,0.0,0.0,0.0,1
0,1.0,0,4.0,1.0,16.0,12.0,2.0,0.0,1.0,1.0,1.3,1.0,0.0,0.0,0.0,0.0,1
1,1.0,0,1.0,1.0,22.0,6.0,1.0,13.0,1.0,1.0,1.9,1.0,0.0,0.0,0.0,0.0,1
1,1.0,0,4.0,1.0,16.0,3.0,1.0,12.0,1.0,1.0,1.7,1.0,0.0,0.0,0.0,0.0,1
1,2.0,0,4.0,1.0,13.0,1.0,1.0,12.0,1.0,1.0,1.4,1.0,0.0,0.0,0.0,0.0,1
1,1.0,0,4.0,1.0,11.0,4.0,1.0,12.0,1.0,1.0,0.0,1.0,0.0,0.0,0.0,0.0,1
1,1.0,1,5.0,1.0,16.0,5.0,2.0,12.0,1.0,1.0,86.3,1.0,0.0,0.0,0.0,0.0,1
1,2.0,1,6.0,1.0,14.0,11.0,2.0,13.0,1.0,1.0,86.3,1.0,0.0,0.0,0.0,0.0,1
1,1.0,1,4.0,1.0,16.0,2.0,1.0,14.0,1.0,1.0,0.9,1.0,0.0,0.0,0.0,0.0,1
1,1.0,0,5.0,1.0,13.0,6.0,2.0,13.0,1.0,1.0,2.6,1.0,0.0,0.0,0.0,0.0,1
1,1.0,1,5.0,1.0,14.0,12.0,1.0,9.0,1.0,1.0,2.7,1.0,0.0,0.0,0.0,0.0,1
1,1.0,1,5.0,1.0,15.0,5.0,1.0,12.0,1.0,1.0,0.0,1.0,3.0,0.0,241.23938,0.0,1
1,1.0,1,5.0,1.0,14.0,9.0,1.0,13.0,1.0,1.0,1.7,1.0,0.0,0.0,0.0,0.0,1
1,1.0,1,4.0,1.0,0.0,3.0,1.0,12.0,1.0,1.0,1.0812343,1.0,0.0,0.0,0.0,0.0,0
1,1.0,1,5.0,1.0,20.0,1.0,2.0,13.0,1.0,1.0,4.4,1.0,0.0,0.0,0.0,0.0,1
1,1.0,0,4.0,1.0,10.0,8.0,2.0,13.0,1.0,1.0,3.1,1.0,0.0,0.0,0.0,0.0,1
1,1.0,1,5.0,1.0,0.0,6.0,2.0,12.0,1.0,1.0,2.0,1.0,0.0,0.0,0.0,0.0,1
1,1.0,0,4.0,1.0,13.0,11.0,1.0,13.0,1.0,1.0,1.4,1.0,0.0,0.0,0.0,0.0,1
1,1.0,0,4.0,1.0,16.0,2.0,1.0,13.0,1.0,1.0,86.3,1.0,0.0,0.0,0.0,0.0,1
1,1.0,1,5.0,1.0,10.0,6.0,2.0,12.0,1.0,1.0,0.9,1.0,0.0,0.0,0.0,0.0,1
0,1.0,0,5.0,1.0,11.0,12.0,1.0,12.0,1.0,1.0,1.1,1.0,0.0,0.0,0.0,0.0,1
1,1.0,1,5.0,1.0,13.0,3.0,1.0,11.005991,1.0,1.0,2.5,1.0,0.0,0.0,0.0,0.0,1
1,1.0,1,6.0,1.0,12.261125,9.0,2.0,12.0,1.0,1.0,2.7,1.0,0.0,0.0,0.0,0.0,1
1,1.0,0,5.0,1.0,11.0,2.0,2.0,6.0,1.0,1.0,0.8,1.0,0.0,0.0,0.0,0.0,1
1,1.0,0,4.0,1.0,13.0,3.0,1.0,12.0,1.0,1.0,0.0,1.0,0.0,0.0,0.0,0.0,1
1,1.0,0,4.0,1.0,13.0,10.0,2.0,3.0,1.0,1.0,0.7,1.0,0.0,0.0,0.0,0.0,1
1,1.0,0,4.0,1.0,13.0,9.0,1.0,12.0,1.0,1.0,0.0,1.0,0.0,0.0,0.0,0.0,1
1,1.0,0,5.0,1.0,4.0,12.0,1.0,12.0,1.0,1.0,0.4,1.0,0.0,7.0,0.0,0.0,1
1,1.0,0,4.0,1.0,10.0,6.0,2.0,12.0,1.0,1.0,1.4,1.0,0.0,0.0,0.0,0.0,1
1,1.0,1,6.0,1.0,13.0,9.0,1.0,12.0,1.0,1.0,1.6,1.0,0.0,0.0,0.0,0.0,1
1,1.0,0,4.0,1.0,13.0,9.0,1.0,0.0,1.0,1.0,2.4,1.0,0.0,0.0,0.0,0.0,1
1,1.0,0,5.0,1.0,11.0,8.0,2.0,12.0,1.0,1.0,0.7,1.0,0.0,0.0,0.0,0.0,1
1,1.0,0,4.0,1.0,4.0,6.0,1.0,12.0,1.0,1.0,0.9,1.0,0.0,0.0,0.0,0.0,1
0,1.0,0,4.0,1.0,22.0,11.0,2.0,4.0,1.0,1.0,1.5,1.0,0.0,0.0,0.0,0.0,1
1,1.0,0,4.0,1.0,13.0,6.0,2.0,13.0,1.0,1.0,4.5,1.0,0.0,0.0,0.0,0.0,1
0,1.0,0,4.0,1.0,6.0,6.0,1.0,8.0,1.0,1.0,86.3,1.0,0.0,0.0,0.0,0.0,1
1,1.0,1,4.0,1.0,22.0,1.0,1.0,12.0,1.0,1.0,1.1,1.0,0.0,0.0,0.0,0.0,1
1,1.0,0,4.0,1.0,13.0,8.0,2.0,13.0,1.0,1.0,1.1,1.0,0.0,0.0,0.0,0.0,1
1,1.0,1,5.0,1.0,13.0,1.0,2.0,13.0,1.0,1.0,1.4,1.0,0.0,0.0,0.0,0.0,1
1,1.0,1,5.0,1.0,11.0,5.0,2.0,12.0,1.0,1.0,0.0,1.0,0.0,0.0,0.0,0.0,0
0,2.0,1,5.0,1.0,13.0,6.0,1.0,12.0,1.0,4.0,2.6,1.0,0.0,0.0,0.0,0.0,1
1,1.0,1,7.0,1.0,22.0,1.0,1.0,14.0,1.0,1.0,1.8,1.0,0.0,0.0,0.0,0.0,1
0,1.0,1,5.0,1.0,16.0,9.0,1.0,12.0,1.0,1.0,1.7,1.0,0.0,0.0,0.0,0.0,1
1,1.0,0,4.0,1.0,0.0,9.0,1.0,13.0,1.0,1.0,1.1,1.0,0.0,0.0,0.0,0.0,1
1,1.0,0,4.0,1.0,0.0,6.0,1.0,13.0,1.0,1.0,2.9,1.0,0.0,0.0,0.0,0.0,1
1,1.0,0,4.0,1.0,0.0,9.0,1.0,12.0,1.0,1.0,1.9,1.0,0.0,0.0,0.0,0.0,1
1,1.0,0,4.0,1.0,13.0,1.0,2.0,13.0,1.0,1.0,2.1,1.0,0.0,0.0,0.0,0.0,1
0,1.0,0,4.0,1.0,9.0,10.0,2.0,0.0,1.0,1.0,1.5551364,1.0,0.0,0.0,0.0,0.0,1
1,2.0,0,4.0,1.0,11.0,9.0,2.0,13.0,1.0,1.0,3.7,1.0,0.0,0.0,0.0,0.0,1
1,1.0,1,5.0,1.0,10.0,5.0,1.0,13.0,1.0,1.0,2.0,1.0,0.0,0.0,0.0,0.0,1
1,1.0,0,1.0,1.0,14.0,6.0,1.0,10.0,1.0,1.0,0.9,1.0,0.0,0.0,0.0,0.0,1
1,2.0,0,4.0,1.0,11.0,6.0,1.0,13.0,1.0,2.0,86.3,1.0,0.0,0.0,0.0,3.0,0
1,1.0,0,4.0,1.0,0.0,3.0,1.0,12.0,1.0,1.0,1.0,1.0,0.0,0.0,0.0,0.0,1
1,1.0,1,5.0,1.0,13.0,1.0,1.0,12.0,1.0,1.0,1.4,1.0,0.0,0.0,0.0,0.0,1
1,1.0,1,5.0,2.0,13.0,7.0,2.0,5.0,2.0,1.0,2.4,1.0,0.0,0.0,0.0,0.0,1
1,1.0,0,4.0,1.0,0.0,8.0,1.0,13.0,1.0,1.0,3.0,1.0,0.0,0.0,0.0,0.0,1
1,1.0,0,5.0,1.0,16.0,6.0,1.0,13.0,1.0,1.0,0.9,1.0,0.0,0.0,0.0,0.0,1
0,1.0,1,5.0,1.0,13.0,6.0,1.0,13.0,1.0,1.0,1.7,1.0,0.0,0.0,0.0,0.0,1
1,1.0,0,4.0,1.0,22.0,5.0,1.0,14.0,1.0,1.0,0.7,1.0,3.0,0.0,0.0,0.0,1
1,1.0,0,4.0,1.0,11.0,7.0,2.0,13.0,1.0,1.0,2.1,1.0,0.0,0.0,0.0,0.0,1
1,1.0,1,5.0,1.0,22.0,12.0,2.0,13.0,1.0,1.0,6.580877,1.0,0.0,0.0,0.0,0.0,1
1,1.0,0,4.0,1.0,4.0,7.0,1.0,12.0,1.0,1.0,0.8,1.0,0.0,0.0,0.0,0.0,1
1,1.0,0,5.0,1.0,4.0,1.0,1.0,13.0,1.0,1.0,1.1,1.0,0.0,0.0,0.0,0.0,1
1,1.0,0,4.0,1.0,2.0,1.0,1.0,13.0,1.0,1.0,1.5,1.0,0.0,0.0,0.0,0.0,1
1,1.0,1,4.0,1.0,16.0,2.0,1.0,9.0,1.0,1.0,1.6,1.0,4.0,11.0,379.0,0.0,1
1,1.0,1,6.0,1.0,14.0,8.0,1.0,12.0,1.0,1.0,1.9,1.0,0.0,0.0,0.0,0.0,1
1,1.0,0,5.0,1.0,0.0,12.0,1.0,13.0,1.0,1.0,1.2,1.0,0.0,0.0,0.0,0.0,0
1,1.0,0,4.0,1.0,13.0,6.0,1.0,14.0,1.0,1.0,1.6,1.0,0.0,0.0,0.0,0.0,1
1,2.0,0,4.0,1.0,16.98589,7.0,2.0,13.0,1.0,1.0,6.298179,1.0,0.0,0.0,0.0,0.0,1
1,1.0,1,6.0,1.0,11.0,8.0,1.0,7.0,1.0,1.0,0.0,1.0,0.0,0.0,0.0,0.0,1
1,1.0,0,4.0,1.0,7.0,4.0,1.0,9.0,1.0,1.0,1.5,1.0,0.0,0.0,0.0,0.0,1
1,1.0,0,4.0,1.0,11.0,9.0,2.0,7.0,1.0,1.0,0.9909614,1.0,0.0,0.0,0.0,0.0,1
1,1.0,1,5.0,1.0,10.0,8.0,2.0,5.0,1.0,1.0,1.1,1.0,0.0,0.0,0.0,0.0,0
1,1.0,0,4.0,1.0,0.0,5.0,1.0,13.0,1.0,1.0,3.5,1.0,0.0,0.0,0.0,3.0,0
1,1.0,0,5.0,1.0,7.0,4.0,2.0,7.0,1.0,1.0,0.6,1.0,0.0,0.0,0.0,0.0,1
1,1.0,0,4.0,1.0,16.0,1.0,2.0,13.0,1.0,1.0,1.0,1.0,0.0,0.0,0.0,0.0,1
1,1.0,1,5.0,1.0,13.0,8.0,2.0,12.0,3.0,1.0,0.0,1.0,0.0,0.0,0.0,0.0,1
0,1.0,1,4.0,1.0,16.0,1.0,1.0,14.0,1.0,1.0,0.7,1.0,0.0,0.0,0.0,0.0,1
1,1.0,0,5.0,1.0,11.0,9.0,2.0,8.0,1.0,1.0,0.5,1.0,0.0,0.0,0.0,0.0,1
1,1.0,1,5.0,1.0,11.0,12.0,2.0,0.0,1.0,1.0,0.0,1.0,0.0,0.0,0.0,0.0,1
1,1.0,1,5.0,1.0,13.0,11.0,2.0,12.0,1.0,1.0,1.5,1.0,0.0,0.0,0.0,0.0,1
1,1.0,1,4.0,1.0,2.0,7.0,2.0,13.0,1.0,1.0,86.3,1.0,0.0,0.0,0.0,0.0,1
1,1.0,0,5.0,1.0,0.0,8.0,2.0,9.0,1.0,1.0,4.4,1.0,0.0,0.0,0.0,0.0,1
1,1.0,1,5.0,1.0,22.0,7.0,1.0,14.0,1.0,1.0,5.1691647,1.0,0.0,0.0,0.0,0.0,1
1,1.0,0,4.0,1.0,7.0,2.444325,1.0,12.0,1.0,1.0,0.8,1.0,0.0,0.0,0.0,0.0,1
1,1.0,1,4.0,1.0,16.0,9.0,1.0,12.0,1.0,1.0,1.2,1.0,0.0,0.0,0.0,0.0,1
1,1.0,0,4.0,1.0,10.0,7.0,1.0,12.0,1.0,1.0,1.8,1.0,0.0,0.0,0.0,0.0,0
1,1.0,0,4.0,1.0,14.0,6.0,1.0,13.0,1.0,1.0,1.2,1.0,0.0,0.0,0.0,0.0,1
1,1.0,0,4.0,1.0,13.0,11.0,2.0,12.0,1.0,1.0,1.6,1.0,0.0,0.0,0.0,0.0,1
1,1.0,0,4.0,1.0,11.0,4.0,2.0,13.0,1.0,1.0,0.8,1.0,0.0,0.0,0.0,0.0,1
0,1.0,1,4.0,1.0,13.0,9.0,2.0,12.0,1.0,1.0,0.5,1.0,0.0,0.0,0.0,0.0,1
1,1.0,1,6.0,1.0,22.0,1.0,2.0,13.0,1.0,1.0,86.3,1.0,0.0,0.0,0.0,0.0,1
0,1.0,1,5.0,1.0,9.0,1.0,2.0,10.0,1.0,1.0,1.2,1.0,0.0,0.0,0.0,0.0,1
1,1.0,0,4.0,1.0,3.0,5.0,2.0,12.0,1.0,1.0,0.4,1.0,0.0,0.0,0.0,0.0,1
1,1.0,1,5.0,1.0,13.0,3.0,1.0,0.0,1.0,1.0,1.0,1.0,3.0,7.0,125.04216,0.0,1
1,1.0,0,4.0,1.0,13.0,6.0,2.0,10.0,1.0,1.0,0.9,1.0,0.0,0.0,0.0,0.0,1
1,2.0,0,4.0,1.0,13.0,12.0,2.0,13.0,1.0,1.0,86.3,1.0,0.0,0.0,0.0,0.0,1
1,1.0,1,5.0,1.0,11.0,9.0,1.0,12.0,1.0,1.0,0.0,1.0,0.0,0.0,0.0,0.0,1
1,1.0,0,4.0,1.0,14.0,12.0,2.0,12.0,1.0,1.0,1.0,1.0,0.0,0.0,0.0,0.0,1
1,1.0,1,4.0,1.0,13.0,4.0,1.0,12.0,1.0,1.0,1.8,1.0,0.0,0.0,0.0,0.0,1
1,1.0,0,5.0,1.0,0.0,6.0,1.0,13.0,1.0,1.0,1.1,1.0,0.0,0.0,0.0,0.0,1
1,1.0,0,5.0,1.0,0.0,4.0,2.0,12.0,1.0,1.0,0.1,1.0,0.0,0.0,0.0,0.0,1
1,1.0,0,5.0,1.0,2.0,9.0,2.0,13.0,1.0,1.0,1.3,1.0,0.0,0.0,0.0,0.0,1
1,1.0,1,5.0,1.0,14.0,1.0,2.0,13.0,1.0,1.0,0.5,1.0,0.0,0.0,0.0,0.0,1
1,1.0,0,4.0,1.0,12.0,9.0,1.0,12.0,1.0,1.0,5.0,1.0,0.0,0.0,0.0,0.0,1
1,1.0,0,4.0,1.0,13.0,1.0,1.0,12.0,1.0,1.0,2.4,1.0,0.0,0.0,0.0,0.0,1
1,1.0,0,5.0,1.0,13.0,8.0,1.0,13.0,1.0,1.0,86.3,1.0,0.0,0.0,0.0,0.0,1
1,1.0,0,4.0,1.0,13.0,6.0,2.0,12.0,1.0,1.0,3.6,1.0,0.0,0.0,0.0,0.0,1
1,1.0,1,5.0,1.0,16.0,1.0,2.0,12.0,1.0,1.0,1.1,1.0,0.0,0.0,0.0,0.0,1
1,1.0,0,4.0,1.0,8.0,12.0,2.0,10.0,1.0,1.0,0.3,1.0,0.0,0.0,0.0,0.0,1
1,1.0,0,4.0,1.0,10.0,10.0,1.0,8.0,1.0,1.0,0.0,1.0,0.0,0.0,0.0,0.0,1
0,1.0,1,5.0,1.0,13.0,5.0,1.0,0.0,5.0,1.0,0.9,1.0,4.0,11.0,379.0,0.0,1
1,1.0,0,4.0,1.0,0.0,5.0,1.0,12.0,1.0,1.0,2.6,1.0,0.0,0.0,0.0,0.0,0
1,1.0,1,5.0,1.0,13.0,12.0,1.0,7.0,5.0,1.0,0.0,1.0,0.0,0.0,0.0,0.0,1
1,1.0,1,4.0,1.0,13.0,1.0,2.0,13.0,1.0,1.0,86.3,1.0,0.0,0.0,0.0,0.0,1
1,1.0,1,5.0,1.0,22.0,4.0,1.0,13.0,1.0,1.0,86.3,1.0,0.0,0.0,0.0,0.0,1
1,1.0,0,4.0,1.0,14.0,3.0,2.0,9.0,1.0,1.0,1.5,1.0,0.0,0.0,0.0,0.0,1
1,1.0,1,5.0,1.0,13.0,5.0,1.0,13.0,1.0,1.0,1.5,1.0,0.0,0.0,0.0,0.0,1
1,1.0,0,4.0,1.0,10.0,11.0,2.0,13.0,1.0,1.0,0.5,1.0,0.0,0.0,0.0,0.0,1
1,1.0,0,4.0,1.0,11.0,7.0,2.0,12.0,1.0,1.0,0.0,1.0,0.0,0.0,0.0,0.0,1
1,1.0,1,5.0,1.0,13.0,12.0,1.0,0.0,5.0,1.0,1.0,1.0,3.0,5.0,274.0,0.0,1
1,1.0,1,4.0,1.0,13.0,3.0,2.0,12.0,1.0,1.0,0.8,1.0,3.0,0.0,271.0,0.0,1
1,1.0,0,4.0,1.0,0.0,6.0,1.0,13.0,1.0,1.0,86.3,1.0,0.0,0.0,0.0,3.0,0
1,1.0,1,5.0,1.0,13.0,8.0,2.0,12.0,1.0,1.0,3.2,1.0,0.0,0.0,0.0,0.0,1
0,1.0,1,4.0,1.0,13.0,5.0,1.0,0.0,1.0,1.0,1.1,1.0,0.0,0.0,0.0,0.0,1
1,1.0,1,6.0,1.0,22.0,2.0,1.0,12.0,1.0,1.0,2.1,1.0,0.0,0.0,0.0,0.0,1
1,1.0,0,4.0,1.0,14.0,4.0,2.0,13.0,1.0,1.0,0.4,1.0,0.0,0.0,0.0,0.0,1
1,1.0,0,5.0,1.0,0.0,9.0,2.0,12.0,1.0,1.0,1.1,1.0,0.0,0.0,0.0,0.0,1
1,1.0,1,5.0,1.0,14.0,1.0,1.0,2.0,1.0,1.0,0.9,1.0,0.0,0.0,0.0,0.0,1
0,1.0,0,4.0,1.0,5.0,2.0,2.0,12.0,1.0,1.0,2.1,1.0,0.0,0.0,0.0,0.0,1
1,1.0,1,6.0,1.0,13.0,5.0,2.0,12.0,1.0,1.0,0.0,1.0,0.0,0.0,0.0,0.0,1
1,1.0,0,5.0,1.0,11.0,3.0,1.0,11.0,1.0,1.0,0.9,1.0,0.0,0.0,0.0,0.0,1
1,1.0,1,6.0,1.0,22.0,8.0,1.0,12.0,1.0,1.0,0.7,1.0,0.0,0.0,0.0,0.0,1
1,1.0,0,5.0,2.0,20.0,1.0,2.0,14.0,1.0,1.0,1.9,1.0,0.0,0.0,0.0,0.0,1
1,1.0,1,4.0,1.0,14.0,3.0,2.0,12.0,1.0,1.0,0.9,1.0,0.0,0.0,0.0,0.0,1
1,1.0,0,5.0,1.0,1.0,9.0,1.0,6.0,1.0,1.0,0.0,1.0,0.0,0.0,0.0,0.0,1
1,1.0,0,4.0,1.0,13.0,12.0,2.0,3.0,1.0,1.0,1.9,1.0,0.0,0.0,0.0,0.0,1
1,1.0,0,4.0,1.0,11.0,5.0,2.0,12.0,1.0,1.0,1.1,1.0,0.0,0.0,0.0,0.0,1
1,1.0,0,4.0,1.0,5.0,6.0,1.0,12.0,2.0,4.0,1.8,1.0,0.0,0.0,0.0,3.0,0
1,1.0,0,5.0,1.0,13.0,1.0,2.0,13.0,1.0,1.0,1.8,1.0,0.0,0.0,0.0,0.0,1
0,1.0,1,4.0,1.0,13.0,4.0,1.0,13.0,5.0,1.0,1.6,1.0,0.0,0.0,0.0,0.0,0
1,1.0,0,5.0,1.0,13.0,9.0,2.0,12.0,1.0,1.0,86.3,1.0,0.0,0.0,0.0,0.0,1
1,1.0,0,4.0,1.0,8.0,6.0,1.0,13.0,1.0,1.0,0.8,1.0,0.0,0.0,0.0,0.0,1
1,1.0,0,4.0,1.0,13.0,4.0,1.0,8.0,1.0,1.0,3.0,1.0,4.0,11.0,379.0,0.0,1
1,1.0,0,4.0,1.0,0.0,11.0,1.0,12.0,1.0,1.0,1.3,1.0,0.0,0.0,0.0,0.0,1
1,1.0,0,4.0,1.0,10.0,8.0,2.0,12.0,1.0,1.0,0.7,1.0,0.0,0.0,0.0,0.0,1
1,1.0,0,4.0,1.0,10.0,1.0,2.0,13.0,1.0,1.0,5.602191,1.0,0.0,0.0,0.0,0.0,1
1,1.0,0,4.0,1.0,13.0,3.0,1.0,6.0,1.0,1.0,1.7,1.0,4.0,11.0,379.0,0.0,1
1,1.0,1,4.0,1.0,11.0,9.0,1.0,12.0,1.0,1.0,1.2488759,1.0,4.0,11.0,379.0,0.0,1
1,1.0,0,1.0,1.0,11.0,8.0,2.0,11.0,1.0,1.0,86.3,1.0,4.0,7.0,379.0,0.0,1
1,1.0,0,4.0,1.0,0.0,9.0,1.0,12.0,1.0,1.0,1.1,1.0,0.0,0.0,0.0,0.0,1
1,1.0,0,5.0,1.0,10.0,2.0,2.0,12.0,1.0,1.0,1.7,1.0,0.0,0.0,0.0,0.0,1
1,1.0,0,4.0,1.0,13.0,1.0,2.0,13.0,1.0,1.0,1.0,1.0,0.0,0.0,0.0,0.0,1
1,1.0,0,4.0,1.0,0.0,8.0,2.0,12.0,1.0,1.0,1.9,1.0,0.0,0.0,0.0,0.0,1
1,1.0,0,5.0,1.0,13.0,1.0,1.0,14.0,1.0,1.0,0.0,1.0,0.0,0.0,0.0,0.0,1
1,1.0,1,5.0,1.0,22.0,1.0,2.0,13.0,1.0,1.0,1.0,1.0,0.0,0.0,0.0,0.0,1
1,2.0,0,4.0,1.0,1.0,6.0,1.0,12.0,1.0,1.0,1.5,1.0,0.0,0.0,0.0,0.0,1
1,1.0,0,4.0,1.0,13.0,2.0,2.0,10.0,1.0,1.0,1.6,1.0,0.0,0.0,0.0,0.0,1
0,1.0,0,5.0,1.0,0.0,5.0,1.0,12.0,1.0,1.0,1.9,1.0,0.0,0.0,0.0,0.0,1
1,1.0,0,4.0,1.0,1.0,12.0,2.0,5.0,1.0,1.0,1.3,1.0,0.0,0.0,0.0,0.0,1
0,1.0,1,5.0,1.0,13.0,12.0,1.0,13.0,1.0,1.0,86.3,1.0,0.0,0.0,0.0,0.0,1
0,2.0,1,5.0,1.0,13.0,7.0,1.0,13.0,1.0,1.0,3.4,1.0,0.0,0.0,0.0,0.0,1
1,1.0,0,4.0,2.0,20.0,3.0,2.0,7.0,1.0,1.0,1.1,1.0,0.0,0.0,0.0,0.0,1
1,2.0,1,4.0,1.0,13.0,4.0,2.0,13.0,1.0,1.0,1.7,1.0,0.0,0.0,0.0,0.0,1
1,1.0,1,5.0,1.0,16.0,1.0,2.0,14.0,1.0,1.0,86.3,1.0,0.0,0.0,0.0,0.0,1
1,1.0,0,4.0,1.0,13.0,4.0,1.0,12.0,1.0,1.0,1.2,1.0,4.0,11.0,379.0,0.0,1
1,2.0,0,5.0,1.0,0.0,11.0,2.0,13.0,1.0,1.0,0.9,1.0,0.0,0.0,0.0,0.0,0
1,2.0,1,5.0,1.0,13.0,9.0,1.0,13.0,1.0,1.0,3.5,1.0,0.0,0.0,0.0,0.0,1
1,1.0,0,4.0,1.0,2.0,7.0,2.0,7.0,1.0,1.0,2.5,1.0,0.0,0.0,0.0,0.0,1
1,2.0,0,4.0,1.0,7.0,4.0,1.0,10.0,1.0,1.0,2.1,1.0,0.0,0.0,0.0,0.0,0
1,1.0,0,4.0,1.0,14.0,2.0,1.0,13.0,1.0,1.0,0.7,1.0,0.0,0.0,0.0,0.0,1
1,1.0,0,4.0,1.0,13.0,7.0,1.0,12.0,1.0,1.0,1.5,1.0,4.0,7.0,379.0,0.0,1
1,1.0,1,4.0,1.0,13.0,4.0,2.0,12.0,1.0,1.0,0.7,1.0,0.0,0.0,0.0,0.0,1
0,1.0,1,6.0,1.0,10.0,5.0,1.0,12.0,1.0,1.0,1.7,1.0,0.0,0.0,0.0,0.0,1
1,1.0,0,4.0,1.0,13.0,4.0,2.0,12.0,1.0,1.0,0.2,1.0,0.0,0.0,0.0,0.0,1
1,1.0,0,4.0,1.0,0.0,6.0,1.0,13.0,1.0,1.0,1.5,1.0,0.0,0.0,0.0,0.0,1
1,1.0,1,4.0,1.0,13.0,6.0,1.0,14.0,1.0,1.0,0.7,1.0,0.0,0.0,0.0,0.0,1
1,1.0,0,5.0,1.0,4.0,11.0,1.0,0.0,5.0,1.0,0.5,1.0,0.0,0.0,0.0,3.0,0
1,1.0,1,4.0,1.0,16.0,12.0,1.0,13.0,1.0,1.0,3.7,1.0,0.0,0.0,0.0,0.0,1
1,1.0,1,5.0,1.0,22.0,10.0,1.0,13.0,1.0,1.0,86.3,1.0,0.0,0.0,0.0,0.0,1
1,1.0,0,5.0,1.0,12.0,3.0,1.0,12.0,1.0,1.0,1.1,1.0,0.0,0.0,0.0,0.0,1
1,1.0,0,4.0,1.0,3.0,4.0,1.0,6.0,5.0,1.0,1.6,1.0,0.0,0.0,0.0,3.0,0
1,1.0,0,4.0,1.0,22.0,1.0,1.0,12.0,1.0,1.0,86.3,1.0,4.0,11.0,379.0,0.0,1
1,1.0,1,7.0,1.0,7.760793,8.0,2.0,12.0,1.0,1.0,0.9,1.0,0.0,0.0,0.0,0.0,1
1,1.0,0,4.0,1.0,0.0,8.0,2.0,13.0,1.0,1.0,0.9,1.0,0.0,0.0,0.0,0.0,1
0,1.0,0,4.0,1.0,13.0,8.0,2.0,13.0,1.0,1.0,3.2,1.0,0.0,0.0,0.0,0.0,1
1,2.0,0,4.0,1.0,0.0,7.0,2.0,13.0,1.0,1.0,1.7,1.0,0.0,0.0,0.0,0.0,1
1,1.0,0,4.0,1.0,10.0,12.0,2.0,12.0,1.0,1.0,0.0,1.0,0.0,0.0,0.0,0.0,1
1,2.0,0,4.0,1.0,2.0,12.0,2.0,13.0,1.0,1.0,7.9,1.0,0.0,0.0,0.0,0.0,1
1,1.0,0,4.0,1.0,3.0,1.0,1.0,9.0,1.0,2.0,1.4,1.0,0.0,0.0,0.0,3.0,0
1,1.0,0,4.0,1.0,13.0,3.0,1.0,9.0,1.0,1.0,1.4,1.0,0.0,0.0,0.0,0.0,1
1,1.0,1,4.0,1.0,13.0,1.135323,2.0,0.0,1.0,1.0,0.0,1.0,4.0,11.0,379.0,0.0,1
1,1.0,1,5.0,1.0,20.0,8.0,1.0,14.0,1.0,1.0,1.7,1.0,0.0,0.0,0.0,0.0,1
0,1.0,0,4.0,1.0,13.0,12.0,2.0,12.0,1.0,1.0,4.2,1.0,0.0,0.0,0.0,0.0,1
1,1.0,0,5.0,1.0,0.0,6.0,2.0,6.0,1.0,1.0,3.1,1.0,0.0,0.0,0.0,0.0,1
1,1.0,0,4.0,1.0,12.0,9.0,2.0,12.0,1.0,1.0,2.3,1.0,0.0,0.0,0.0,0.0,1
1,1.0,1,4.0,1.0,12.0,9.0,1.0,12.0,5.0,1.0,2.3,1.0,0.0,0.0,0.0,0.0,1
1,1.0,1,4.0,1.0,16.0,8.0,2.0,13.0,1.0,1.0,86.3,1.0,0.0,0.0,0.0,0.0,1
1,1.0,1,5.0,1.0,0.0,11.0,2.0,11.0,1.0,1.0,0.0,1.0,0.0,0.0,0.0,0.0,1
1,1.0,0,4.0,1.0,1.0,1.0,2.0,13.0,1.0,1.0,0.0,1.0,0.0,0.0,0.0,0.0,1
1,1.0,0,5.0,1.0,15.0,2.0,2.0,12.0,1.0,1.0,1.2,1.0,0.0,0.0,0.0,0.0,1
1,1.0,0,4.0,1.0,3.0,10.0,1.0,12.0,1.0,1.0,0.6,1.0,0.0,0.0,0.0,0.0,1
1,1.0,0,5.0,1.0,0.0,2.0,2.0,12.0,1.0,1.0,0.6,1.0,0.0,0.0,0.0,0.0,0
0,1.0,0,5.0,1.0,0.0,5.0,1.0,13.0,1.0,1.0,3.2,1.0,0.0,0.0,0.0,0.0,0
1,1.0,0,5.0,1.0,11.0,9.0,1.0,12.0,1.0,1.0,2.8,1.0,0.0,0.0,0.0,0.0,1
1,1.0,1,4.0,1.0,14.0,7.0,1.0,9.0,1.0,1.0,2.0,1.0,0.0,0.0,0.0,0.0,1
0,1.0,1,4.0,1.0,21.0,5.0,2.0,12.0,1.0,1.0,5.1,1.0,0.0,0.0,0.0,0.0,1
1,1.0,0,4.0,1.0,1.0,6.0,1.0,13.0,1.0,1.0,86.3,1.0,0.0,0.0,0.0,0.0,1
1,1.0,0,5.0,1.0,0.0,4.0,1.0,12.0,5.0,1.0,1.2,1.0,0.0,0.0,0.0,3.0,0
1,1.0,0,4.0,1.0,13.0,9.0,2.0,0.0,1.0,1.0,2.1,1.0,0.0,0.0,0.0,0.0,1
1,1.0,0,4.0,1.0,13.0,5.0,2.0,7.0,1.0,1.0,1.7,1.0,0.0,0.0,0.0,0.0,1
1,1.0,1,5.0,1.0,22.0,12.0,1.0,13.0,1.0,1.0,0.0,1.0,4.0,11.0,379.0,0.0,1
1,2.0,0,4.0,1.0,10.0,1.0,2.0,8.0,1.0,1.0,0.0,1.0,0.0,0.0,0.0,0.0,1
1,1.0,1,4.0,1.0,16.0,6.0,1.0,0.0,1.0,1.0,3.1,1.0,4.0,7.0,379.0,0.0,1
1,1.0,1,7.0,1.0,22.0,12.0,1.0,12.0,1.0,1.0,0.9,1.0,0.0,0.0,0.0,0.0,1
1,1.0,0,5.0,1.0,0.0,7.0,1.0,13.0,5.0,1.0,86.3,1.0,0.0,0.0,0.0,0.0,1
1,1.0,0,4.0,1.0,14.0,5.0,2.0,11.081919,1.0,1.0,86.3,1.0,0.0,0.0,0.0,0.0,1
1,1.0,0,4.0,1.0,13.0,12.0,2.0,13.0,1.0,1.0,8.573209,1.0,0.0,0.0,0.0,0.0,1
0,1.0,1,5.0,1.0,13.0,5.0,2.0,14.0,1.0,1.0,2.0,1.0,0.0,0.0,0.0,0.0,1
0,1.0,1,5.0,1.0,22.0,6.0,2.0,8.0,1.0,1.0,1.4,1.0,0.0,0.0,0.0,0.0,1
1,1.0,1,5.0,1.0,11.0,4.0,1.0,13.0,1.0,1.0,0.9,1.0,0.0,0.0,0.0,0.0,1
1,2.0,0,4.0,1.0,1.0,8.0,1.0,12.0,1.0,1.0,1.4,1.0,0.0,0.0,0.0,0.0,1
1,2.0,0,4.0,1.0,10.0,9.0,2.0,13.0,1.0,1.0,86.3,1.0,0.0,0.0,0.0,0.0,1
1,2.0,0,5.0,1.0,3.0,1.0,1.0,13.0,1.0,2.0,1.3,1.0,0.0,0.0,0.0,3.0,0
1,1.0,0,4.0,1.0,16.0,10.0,1.0,12.0,1.0,1.0,3.6,1.0,0.0,0.0,0.0,0.0,1
1,1.0,1,4.0,1.0,13.0,7.0,2.0,12.0,1.0,1.0,9.9,1.0,0.0,0.0,0.0,0.0,0
1,1.0,1,4.0,1.0,12.0,9.0,1.0,13.0,1.0,1.0,1.4,1.0,0.0,0.0,0.0,0.0,1
1,1.0,0,4.0,1.0,13.0,12.0,2.0,9.0,1.0,1.0,1.7,1.0,0.0,0.0,0.0,0.0,1
0,1.0,0,4.0,1.0,13.0,8.0,2.0,12.0,1.0,1.0,1.1,1.0,0.0,0.0,0.0,0.0,1
1,1.0,1,6.0,1.0,10.0,5.0,1.0,12.0,1.0,1.0,1.6,1.0,0.0,0.0,0.0,0.0,1
1,1.0,0,4.0,1.0,0.0,4.0,1.0,12.0,1.0,1.0,1.9,1.0,0.0,0.0,0.0,0.0,1
1,1.0,0,4.0,1.0,13.0,6.0,2.0,8.0,1.0,1.0,1.6,1.0,0.0,0.0,0.0,0.0,1
1,1.0,1,4.0,1.0,16.0,9.0,2.0,12.0,1.0,1.0,0.9,1.0,0.0,0.0,0.0,0.0,1
1,1.0,0,5.0,1.0,4.0,6.0,1.0,12.0,1.0,1.0,2.2,1.0,0.0,0.0,0.0,0.0,1
1,1.0,0,5.0,1.0,13.0,1.0,2.0,12.0,1.0,1.0,1.9,1.0,0.0,0.0,0.0,0.0,1
1,1.0,0,4.0,1.0,0.0,6.0,1.0,13.0,1.0,1.0,2.6,1.0,0.0,0.0,0.0,0.0,1
1,1.0,1,5.0,1.0,13.0,8.0,2.0,13.0,1.0,1.0,1.3,1.0,0.0,0.0,0.0,0.0,1
1,1.0,0,4.0,1.0,13.0,5.0,2.0,0.0,1.0,1.0,3.0,1.0,4.0,11.0,379.0,0.0,1
1,1.0,0,1.0,1.0,7.0,9.0,1.0,12.0,1.0,4.0,2.8,1.0,0.0,0.0,0.0,0.0,1
1,1.0,0,4.0,1.0,13.0,10.0,2.0,12.0,1.0,1.0,5.0,1.0,0.0,0.0,0.0,0.0,1
1,1.0,0,4.0,1.0,22.0,6.0,1.0,14.0,1.0,1.0,2.1,1.0,0.0,0.0,0.0,0.0,1
1,1.0,0,4.0,1.0,13.0,2.0,2.0,14.0,1.0,1.0,1.1,1.0,0.0,0.0,0.0,0.0,1
1,1.0,1,5.0,1.0,13.0,3.0,1.0,12.0,1.0,1.0,2.3,1.0,0.0,0.0,0.0,0.0,1
1,1.0,0,4.0,1.0,13.0,9.0,1.0,12.0,1.0,1.0,2.4,1.0,0.0,0.0,0.0,0.0,1
1,2.0,1,5.0,1.0,13.0,1.0,2.0,13.0,1.0,1.0,0.0,1.0,0.0,0.0,0.0,0.0,1
1,1.0,0,5.0,1.0,4.0,1.0,1.0,9.0,1.0,1.0,1.0,1.0,0.0,0.0,0.0,0.0,1
1,1.0,0,4.0,1.0,11.0,2.0,1.0,13.0,1.0,1.0,86.3,1.0,0.0,0.0,0.0,0.0,1
0,1.0,1,5.0,1.0,11.0,12.0,2.0,12.0,5.0,1.0,0.5,1.0,0.0,0.0,0.0,0.0,1
1,2.0,0,4.0,1.0,13.0,6.0,2.0,13.0,1.0,1.0,1.5,1.0,0.0,0.0,0.0,0.0,1
1,1.0,0,4.0,1.0,10.0,1.0,1.0,14.0,1.0,1.0,1.7,1.0,0.0,0.0,0.0,0.0,1
1,1.0,0,5.0,1.0,0.0,4.0,1.0,12.0,1.0,1.0,1.0,1.0,0.0,0.0,0.0,0.0,1
1,1.0,0,4.0,1.0,1.9046216,6.0,2.0,12.0,1.0,1.0,1.0,1.0,0.0,0.0,0.0,0.0,1
1,1.0,0,4.0,1.0,6.0,12.0,2.0,12.0,1.0,1.0,0.7,1.0,0.0,0.0,0.0,0.0,1
1,1.0,0,5.0,1.0,13.0,5.0,1.0,12.0,1.0,1.0,1.8,1.0,0.0,0.0,0.0,0.0,1
1,1.0,1,4.0,1.0,22.0,7.0,2.0,12.0,1.0,1.0,0.0,1.0,0.0,0.0,0.0,0.0,1
1,1.0,1,5.0,1.0,1.0,1.0,1.0,13.0,1.0,1.0,1.0,1.0,0.0,0.0,0.0,3.0,1
0,1.0,1,5.0,1.0,13.0,12.0,1.0,12.0,1.0,1.0,1.7,1.0,0.0,0.0,0.0,0.0,1
1,1.0,1,6.0,1.0,13.0,6.0,2.0,12.0,1.0,1.0,2.0,1.0,0.0,0.0,0.0,0.0,1
1,1.0,1,5.0,1.0,13.0,3.0,2.0,12.0,1.0,1.0,3.3,1.0,0.0,0.0,0.0,0.0,1
1,1.0,0,4.0,1.0,2.0,5.0,1.0,14.0,1.0,1.0,1.1,1.0,0.0,0.0,0.0,0.0,0
1,1.0,0,5.0,1.0,14.0,3.0,2.0,13.0,1.0,1.0,86.3,1.0,0.0,0.0,0.0,0.0,1
1,1.0,1,4.0,1.0,13.0,2.0,1.0,12.0,1.0,1.0,1.0,1.0,0.0,0.0,0.0,0.0,1
0,1.0,1,6.0,1.0,5.0,12.0,1.0,13.0,1.0,1.0,86.3,1.0,0.0,0.0,0.0,0.0,1
1,2.0,0,5.0,1.0,13.0,1.0,2.0,12.0,1.0,1.0,1.6,1.0,0.0,0.0,0.0,0.0,1
1,1.0,0,4.0,1.0,19.007057,9.0,1.0,13.0,1.0,1.0,0.9,1.0,0.0,0.0,0.0,0.0,1
1,1.0,0,4.0,1.0,1.0,7.0,2.0,12.0,1.0,1.0,0.0,1.0,0.0,0.0,0.0,0.0,1
1,1.0,0,4.0,1.0,20.0,12.0,2.0,7.0,1.0,1.0,0.2,1.0,0.0,0.0,0.0,0.0,1
1,1.0,0,4.0,1.0,16.0,10.0,2.0,0.0,1.0,1.0,0.9,1.0,0.0,0.0,0.0,0.0,1
1,1.0,0,4.0,1.0,10.0,12.0,1.0,0.0,1.0,1.0,1.9,1.0,0.0,0.0,0.0,0.0,1
1,1.0,0,4.0,1.0,10.0,9.0,2.0,13.0,1.0,1.0,1.8,1.0,0.0,0.0,0.0,0.0,1
0,1.0,0,4.0,1.0,13.0,9.0,1.0,10.0,1.0,1.0,2.4,1.0,0.0,0.0,0.0,0.0,1
1,1.0,0,4.0,1.0,11.0,4.0,1.0,0.0,1.0,1.0,1.8,1.0,4.0,11.0,379.0,0.0,1
1,1.0,0,5.0,1.0,0.0,2.0,2.0,13.0,1.0,1.0,0.5,1.0,0.0,0.0,0.0,0.0,1
1,1.0,0,4.0,1.0,0.0,4.0,1.0,12.0,1.0,1.0,0.0,1.0,0.0,0.0,0.0,0.0,1
1,1.0,0,4.0,1.0,10.0,4.0,1.0,13.0,2.0,1.0,0.7,1.0,0.0,0.0,0.0,0.0,1
1,1.0,1,7.0,1.0,16.0,10.0,1.0,14.0,1.0,1.0,1.9,1.0,0.0,0.0,0.0,0.0,1
1,2.0,1,4.0,1.0,11.0,5.0,2.0,13.0,1.0,1.0,2.5,1.0,0.0,0.0,0.0,0.0,1
1,1.0,1,7.0,1.0,13.0,1.0,2.0,12.0,1.0,1.0,2.0,1.0,0.0,0.0,0.0,0.0,1
1,1.0,0,4.0,1.0,11.0,9.0,2.0,13.0,1.0,1.0,1.1,1.0,0.0,0.0,0.0,0.0,1
1,1.0,1,5.0,1.0,20.0,12.0,1.0,13.0,1.0,1.0,3.6,1.0,0.0,0.0,0.0,0.0,1
1,1.0,1,4.0,1.0,13.0,9.0,1.0,8.0,1.0,1.0,1.0,1.0,4.0,0.0,379.0,0.0,1
1,1.0,0,5.0,1.0,16.0,8.0,2.0,1.0,1.0,1.0,1.1,1.0,0.0,0.0,0.0,0.0,1
1,1.0,1,5.0,1.0,13.0,12.0,2.0,13.0,1.0,1.0,0.9,1.0,0.0,0.0,0.0,0.0,1
1,1.0,1,5.0,1.0,11.0,12.0,2.0,12.0,1.0,1.0,1.2,1.0,0.0,0.0,0.0,0.0,1
1,1.0,1,5.0,1.0,13.0,4.0,2.0,12.0,5.0,1.0,2.6,1.0,0.0,0.0,0.0,0.0,1
1,1.0,0,4.0,1.0,11.0,12.0,2.0,6.0,1.0,1.0,0.6,1.0,0.0,0.0,0.0,0.0,1
1,1.0,0,4.0,1.0,0.0,4.0,1.0,14.0,1.0,1.0,86.3,1.0,0.0,0.0,0.0,0.0,1
1,1.0,1,4.0,1.0,13.0,9.0,1.0,12.0,1.0,1.0,2.6,1.0,0.0,0.0,0.0,0.0,1
1,1.0,1,4.0,1.0,13.0,8.0,1.0,12.0,2.0,1.0,0.0,1.0,3.0,6.0,268.3371,0.0,1
1,1.0,0,5.0,1.0,13.0,3.0,2.0,14.0,1.0,1.0,86.3,1.0,0.0,0.0,0.0,0.0,1
1,1.0,0,4.0,1.0,13.0,6.0,2.0,13.0,1.0,1.0,2.1,1.0,0.0,0.0,0.0,0.0,1
1,1.0,1,5.0,1.0,16.0,12.0,2.0,12.0,1.0,1.0,3.9,1.0,0.0,0.0,0.0,0.0,1
1,1.0,1,5.0,1.0,14.0,4.0,2.0,9.0,1.0,1.0,1.0,1.0,0.0,0.0,0.0,0.0,1
1,1.0,0,4.0,1.0,13.0,8.0,2.0,12.0,1.0,1.0,2.2,1.0,0.0,0.0,0.0,0.0,1
1,1.0,0,4.0,1.0,13.0,4.0,2.0,13.0,1.0,1.0,0.9,1.0,0.0,0.0,0.0,0.0,1
1,1.0,0,1.0,1.0,20.0,1.0,2.0,13.0,5.0,1.0,3.0,1.0,3.0,6.0,379.0,0.0,1
1,1.0,1,5.0,1.0,13.0,8.0,2.0,13.0,1.0,1.0,1.9,1.0,0.0,0.0,0.0,0.0,1
1,1.0,0,5.0,1.0,0.0,5.0,1.0,12.0,1.0,1.0,2.1,1.0,0.0,0.0,0.0,0.0,1
0,1.0,0,5.0,1.0,0.0,8.0,2.0,13.0,1.0,1.0,1.0,1.0,0.0,0.0,0.0,0.0,1
1,1.0,0,4.0,1.0,11.0,12.0,1.0,13.0,1.0,1.0,3.0,1.0,0.0,0.0,0.0,0.0,1
1,1.0,0,4.0,1.0,13.0,1.0,1.0,12.0,5.0,1.0,2.6,1.0,0.0,0.0,0.0,0.0,1
0,1.0,1,4.0,1.0,22.0,4.0,2.0,12.0,1.0,1.0,3.1,1.0,0.0,0.0,0.0,0.0,1
1,1.0,1,5.0,1.0,11.0,2.0,2.0,13.0,1.0,1.0,0.7,1.0,0.0,0.0,0.0,0.0,1
1,1.0,0,4.0,1.0,16.0,5.0,1.0,12.0,1.0,1.0,2.1,1.0,4.0,0.0,379.0,0.0,1
1,1.0,1,5.0,1.0,16.0,1.0,1.0,12.0,1.0,1.0,0.0,1.0,0.0,0.0,0.0,0.0,1
1,1.0,1,5.0,1.0,11.0,9.0,2.0,12.0,1.0,1.0,1.1,1.0,0.0,0.0,0.0,0.0,1
1,1.0,0,5.0,1.0,11.0,7.0,1.0,12.0,1.0,1.0,0.6,1.0,0.0,0.0,0.0,0.0,1
1,1.0,0,4.0,1.0,12.0,11.0,2.0,13.0,1.0,1.0,0.0,1.0,0.0,0.0,0.0,0.0,1
1,1.0,0,4.0,1.0,14.0,6.0,1.0,0.0,1.0,1.0,2.2,1.0,4.0,11.0,379.0,0.0,1
0,1.0,0,5.0,1.0,10.0,12.0,1.0,13.0,1.0,1.0,7.4,1.0,0.0,0.0,0.0,0.0,0
0,1.0,0,5.0,1.0,13.0,6.0,1.0,12.0,1.0,1.0,0.7,1.0,0.0,0.0,0.0,0.0,1
1,1.0,0,4.0,1.0,10.0,6.0,2.0,9.0,1.0,1.0,3.6,1.0,0.0,0.0,0.0,0.0,1
1,1.0,0,4.0,1.0,22.0,12.0,1.0,12.0,1.0,1.0,2.1,1.0,0.0,0.0,0.0,0.0,1
0,1.0,0,4.0,1.0,16.0,8.0,2.0,7.0,1.0,1.0,1.8,1.0,0.0,0.0,0.0,0.0,1
1,1.0,1,5.0,1.0,13.0,8.0,1.0,12.0,1.0,1.0,0.0,1.0,0.0,0.0,0.0,0.0,1
1,1.0,0,4.0,1.0,13.0,12.0,1.0,12.0,1.0,1.0,2.0,1.0,0.0,0.0,0.0,0.0,1
1,1.0,0,4.0,1.0,13.0,12.0,1.0,14.0,1.0,1.0,1.5,1.0,0.0,0.0,0.0,0.0,1
1,1.0,0,5.0,1.0,0.0,1.0,1.0,12.0,1.0,1.0,0.9,1.0,0.0,0.0,0.0,3.0,0
1,1.0,1,5.0,1.0,22.0,4.0,1.0,12.0,1.0,1.0,2.9,1.0,3.0,0.0,274.0,0.0,1
1,1.0,0,4.0,1.0,22.0,6.0,1.0,12.0,1.0,1.0,0.8,1.0,4.0,11.0,379.0,0.0,1
1,1.0,1,5.0,1.0,13.0,7.0,2.0,13.0,1.0,1.0,1.9,1.0,0.0,0.0,0.0,0.0,1
1,1.0,1,5.0,1.0,13.0,6.0,1.0,8.0,1.0,1.0,0.8,1.0,0.0,0.0,0.0,0.0,1
1,1.0,0,4.0,1.0,0.0,10.0,1.0,13.0,1.0,1.0,1.2,1.0,0.0,6.0,0.0,3.0,1
1,1.0,1,7.0,1.0,13.0,5.0,1.0,0.0,1.0,1.0,0.0,1.0,0.0,0.0,0.0,0.0,1
1,1.0,0,4.0,1.0,14.0,3.0,1.0,13.0,1.0,1.0,0.6,1.0,0.0,0.0,0.0,0.0,1
1,1.0,0,4.0,1.0,22.0,12.0,1.0,0.0,1.0,1.0,1.9,1.0,0.0,0.0,0.0,0.0,1
0,1.0,0,5.0,1.0,10.0,12.0,2.0,12.0,1.0,1.0,1.1,1.0,0.0,0.0,0.0,0.0,1
0,1.0,1,5.0,1.0,20.0,11.0,1.0,13.0,1.0,1.0,1.6,1.0,0.0,0.0,0.0,0.0,1
1,1.0,1,5.0,1.0,13.0,5.0,2.0,12.0,1.0,1.0,0.9,1.0,0.0,0.0,0.0,0.0,1
1,1.0,1,5.0,1.0,10.0,10.0,2.0,13.0,1.0,1.0,86.3,1.0,0.0,0.0,0.0,0.0,1
1,1.0,1,4.0,1.0,11.0,6.0,1.0,9.0,1.0,1.0,1.4,1.0,0.0,0.0,0.0,0.0,1
1,1.0,1,4.0,1.0,0.0,1.0,1.0,12.0,5.0,1.0,1.1740857,1.0,0.0,0.0,0.0,3.0,1
0,1.0,0,4.0,1.0,13.0,11.0,1.0,7.549781,1.0,1.0,0.9,1.0,0.0,0.0,0.0,0.0,1
1,1.0,1,5.0,1.0,14.0,7.0,1.0,12.0,1.0,1.0,0.0,1.0,4.0,11.0,379.0,0.0,1
1,1.0,0,5.0,1.0,11.0,9.0,1.0,13.0,1.0,1.0,1.0,1.0,0.0,0.0,0.0,0.0,1
0,1.0,1,5.0,1.0,22.0,4.0,1.0,12.0,1.0,1.0,5.6,1.0,0.0,0.0,0.0,0.0,1
1,1.0,0,1.0,1.0,16.0,9.0,2.0,12.0,1.0,1.0,1.3,1.0,0.0,0.0,0.0,0.0,1
0,1.0,0,4.0,1.0,12.0,9.0,1.0,12.0,1.0,1.0,1.7,1.0,0.0,0.0,0.0,0.0,1
1,1.0,1,5.0,1.0,14.0,8.0,1.0,13.0,1.0,1.0,1.2,1.0,3.0,11.0,379.0,0.0,1
1,1.0,0,4.0,1.0,11.0,4.0,2.0,13.0,1.0,1.0,0.6,1.0,0.0,0.0,0.0,0.0,1
1,1.0,1,5.0,1.0,14.0,7.0,1.0,12.0,1.0,1.0,0.0,1.0,0.0,0.0,0.0,0.0,1
0,1.0,1,4.0,1.0,16.0,9.0,2.0,12.0,1.0,1.0,1.7,1.0,0.0,0.0,0.0,0.0,1
1,1.0,0,4.0,1.0,10.0,7.0,1.0,8.0,1.0,1.0,1.1,1.0,0.0,0.0,0.0,0.0,1
1,1.0,0,1.0,1.0,22.0,12.0,2.0,13.0,1.0,1.0,2.0,1.0,3.0,0.0,379.0,0.0,1
1,1.0,1,5.0,1.0,7.0,6.0,1.0,10.0,1.0,1.0,0.9,1.0,0.0,0.0,0.0,0.0,1
1,1.0,0,4.0,1.0,16.0,12.0,1.0,12.0,1.0,1.0,5.4,1.0,0.0,0.0,0.0,0.0,1
1,1.0,0,4.0,1.0,0.0,2.0,1.0,12.0,1.0,1.0,86.3,1.0,0.0,0.0,0.0,0.0,1
1,2.0,1,5.0,1.0,20.338057,4.0,2.0,12.0,1.0,1.0,0.9,1.0,0.0,0.0,0.0,0.0,1
1,2.0,1,5.0,1.0,22.0,8.0,1.0,13.0,1.0,1.0,3.3,1.0,0.0,0.0,0.0,0.0,1
0,2.0,1,5.0,1.0,14.0,4.0,1.0,13.0,1.0,1.0,86.3,1.0,0.0,0.0,0.0,0.0,1
1,1.0,0,4.0,1.0,14.0,7.0,2.0,10.0,1.0,1.0,0.3,1.0,0.0,0.0,0.0,0.0,1
0,1.0,1,5.0,1.0,13.0,12.0,2.0,0.0,1.0,1.0,0.7,1.0,0.0,0.0,0.0,0.0,1
1,1.0,1,6.0,1.0,10.0,3.0,1.0,13.0,1.0,1.0,2.0,1.0,0.0,0.0,0.0,0.0,1
1,1.0,1,5.0,1.0,10.0,1.0,2.0,11.0,1.0,1.0,2.5,1.0,0.0,0.0,0.0,0.0,1
1,1.0,1,4.0,1.0,11.0,10.0,1.0,0.0,1.0,1.0,3.4,1.0,0.0,0.0,0.0,0.0,1
1,1.0,0,4.0,1.0,13.0,3.0,2.0,13.0,1.0,1.0,0.0,1.0,0.0,0.0,0.0,0.0,1
1,1.0,1,4.0,1.0,13.0,12.0,1.0,7.0,1.0,1.0,0.7,1.0,0.0,0.0,0.0,0.0,1
1,1.0,0,5.0,1.0,0.0,7.0,1.0,13.0,1.0,1.0,4.6,1.0,0.0,0.0,0.0,0.0,1
1,1.0,1,4.0,1.0,14.0,7.0,1.0,13.0,1.0,1.0,1.9,1.0,0.0,0.0,0.0,0.0,1
1,1.0,0,4.0,1.0,4.0,3.0,2.0,12.0,1.0,1.0,1.2,1.0,0.0,0.0,0.0,0.0,1
1,1.0,0,4.0,1.0,11.0,1.0,2.0,14.0,1.0,1.0,1.7,1.0,0.0,0.0,0.0,0.0,1
1,1.0,1,5.0,1.0,13.0,2.0,2.0,12.0,1.0,1.0,3.6,1.0,0.0,0.0,0.0,0.0,1
1,1.0,0,4.0,1.0,13.0,10.0,1.0,0.0,1.0,1.0,1.9,1.0,0.0,0.0,0.0,0.0,1
0,1.0,1,4.0,1.0,16.0,1.0,2.0,13.0,5.0,1.0,2.1,1.0,0.0,0.0,0.0,0.0,1
0,1.0,1,5.0,1.0,13.0,2.0,1.0,13.0,5.0,1.0,1.6,1.0,0.0,0.0,0.0,0.0,1
1,2.0,0,4.0,1.0,22.0,12.0,2.0,13.0,1.0,1.0,86.3,1.0,0.0,0.0,0.0,0.0,1
1,1.0,0,4.0,1.0,22.0,2.0,2.0,12.0,1.0,1.0,4.1,1.0,0.0,0.0,0.0,0.0,1
1,2.0,0,4.0,1.0,13.0,7.0,2.0,12.0,1.0,1.0,3.0,1.0,0.0,0.0,0.0,0.0,1
1,1.0,0,4.0,1.0,13.0,7.0,2.0,13.0,1.0,1.0,2.5,1.0,0.0,0.0,0.0,0.0,1
1,1.0,1,4.0,1.0,13.0,1.0,1.0,0.0,1.0,1.0,1.8,1.0,4.0,11.0,379.0,0.0,1
1,2.0,0,5.0,1.0,13.0,4.0,1.0,12.0,1.0,1.0,1.9,1.0,0.0,0.0,0.0,1.0,0
1,1.0,0,4.0,1.0,15.376927,5.0,1.0,12.0,1.0,1.0,2.0,1.0,4.0,11.0,379.0,0.0,1
1,1.0,0,4.0,1.0,13.0,12.0,1.0,12.0,1.0,1.0,2.0,1.0,0.0,0.0,0.0,0.0,1
1,1.0,0,4.0,1.0,13.0,3.0,2.0,12.0,1.0,1.0,1.3,1.0,0.0,0.0,0.0,0.0,1
1,1.0,1,4.0,1.0,6.0,3.0,2.0,11.0,1.0,1.0,3.2,1.0,0.0,0.0,0.0,0.0,1
1,1.0,1,5.0,1.0,13.0,7.0,2.0,13.0,1.0,1.0,2.0,1.0,0.0,0.0,0.0,0.0,1
1,1.0,1,5.0,1.0,14.0,9.0,2.0,13.0,1.0,1.0,1.7,1.0,0.0,0.0,0.0,0.0,1
1,1.0,1,5.0,1.0,11.0,1.0,2.0,13.0,1.0,1.0,1.9,1.0,0.0,0.0,0.0,0.0,1
1,2.0,1,5.0,1.0,12.284209,8.0,2.0,13.0,1.0,1.0,1.0,1.0,0.0,0.0,0.0,0.0,1
1,1.0,1,4.0,1.0,22.0,1.0,1.0,12.0,1.0,1.0,1.5,1.0,0.0,0.0,0.0,0.0,1
1,1.0,1,5.0,1.0,13.0,7.0,1.0,13.0,1.0,1.0,3.0,1.0,0.0,0.0,0.0,0.0,1
1,1.0,1,4.0,1.0,22.0,12.0,1.0,0.0,1.0,1.0,3.2,1.0,0.0,0.0,0.0,0.0,1
1,1.0,1,5.0,1.0,13.0,2.0,1.0,8.0,1.0,1.0,3.5,1.0,0.0,0.0,0.0,0.0,1
1,1.0,1,5.0,1.0,13.0,4.0,1.0,0.0,1.0,1.0,1.4,1.0,0.0,0.0,0.0,0.0,1
1,1.0,1,4.0,1.0,16.0,1.0,2.0,12.0,1.0,1.0,1.9,1.0,0.0,0.0,0.0,0.0,1
1,1.0,0,4.0,1.0,22.0,6.0,2.0,14.0,1.0,1.0,1.5,1.0,0.0,0.0,0.0,0.0,1
1,1.0,0,5.0,1.0,14.0,4.0,1.0,13.0,1.0,1.0,0.6,1.0,0.0,0.0,0.0,0.0,1
1,2.0,1,5.0,1.0,7.0,9.0,1.0,14.0,1.0,1.0,1.5,1.0,0.0,0.0,0.0,0.0,1
1,1.0,1,4.0,1.0,16.0,8.0,2.0,9.0,1.0,1.0,2.3,1.0,0.0,0.0,0.0,0.0,1
1,1.0,0,4.0,1.0,4.0,9.0,1.0,14.0,1.0,1.0,1.7,1.0,0.0,0.0,0.0,0.0,1
0,1.0,0,5.0,1.0,22.0,11.0,1.0,12.0,1.0,1.0,1.6,1.0,0.0,0.0,0.0,0.0,1
1,1.0,0,5.0,1.0,0.0,8.0,2.0,8.0,1.0,1.0,0.0,1.0,0.0,0.0,0.0,0.0,0
1,1.0,0,4.0,1.0,10.0,11.0,2.0,9.0,1.0,1.0,1.6,1.0,0.0,0.0,0.0,0.0,1
1,1.0,0,4.0,1.0,12.0,3.0,2.0,11.0,1.0,1.0,0.0,1.0,0.0,0.0,0.0,0.0,1
1,1.0,0,4.0,1.0,10.0,8.0,1.0,12.0,1.0,1.0,0.0,1.0,0.0,0.0,0.0,0.0,1
1,1.0,0,5.0,1.0,0.0,12.0,2.0,8.0,1.0,1.0,1.0,1.0,0.0,0.0,0.0,0.0,1
0,1.0,0,4.0,1.0,9.0,7.0,1.0,12.0,1.0,1.0,1.6,1.0,0.0,0.0,0.0,0.0,0
1,1.0,0,5.0,1.0,0.0,4.0,1.0,11.0,1.0,1.0,1.5,1.0,0.0,0.0,0.0,0.0,0
1,1.0,1,5.0,1.0,13.0,1.0,1.0,13.0,1.0,1.0,3.0,1.0,0.0,0.0,0.0,0.0,1
1,1.0,1,6.0,1.0,16.0,4.0,1.0,12.0,1.0,1.0,1.1,1.0,0.0,0.0,0.0,0.0,1
0,1.0,1,5.0,1.0,22.0,1.0,1.0,13.0,1.0,1.0,1.0,1.0,0.0,0.0,0.0,0.0,1
1,1.0,0,4.0,1.0,0.0,8.0,1.0,11.0,1.0,1.0,2.9,1.0,0.0,0.0,0.0,3.0,1
1,1.0,0,4.0,1.0,13.0,9.0,2.0,13.0,1.0,1.0,1.0,1.0,4.0,5.0,379.0,0.0,1
1,1.0,1,5.0,1.0,22.0,3.0,1.0,12.0,1.0,1.0,1.0,1.0,0.0,0.0,0.0,0.0,1
1,1.0,1,7.0,1.0,22.0,5.0,2.0,13.0,1.0,1.0,86.3,1.0,0.0,0.0,0.0,0.0,1
1,1.0,1,5.0,1.0,11.0,12.0,2.0,12.0,5.0,1.0,0.0,1.0,0.0,0.0,0.0,0.0,1
1,1.0,1,5.0,1.0,13.0,9.0,2.0,7.0,1.0,1.0,2.0,1.0,0.0,0.0,0.0,0.0,1
0,1.0,0,5.0,1.0,10.0,4.0,2.0,12.0,1.0,1.0,1.5,1.0,0.0,0.0,0.0,0.0,1
1,1.0,1,5.0,1.0,13.0,1.0,1.0,12.0,1.0,1.0,3.2,1.0,0.0,0.0,0.0,0.0,1
0,1.0,1,4.0,1.0,13.0,9.0,2.0,12.0,1.0,1.0,2.9,1.0,0.0,0.0,0.0,0.0,1
1,2.0,1,4.0,1.0,20.0,2.0,2.0,12.0,1.0,1.0,4.0,1.0,0.0,0.0,0.0,0.0,1
1,1.0,0,4.0,1.0,5.0,1.0,1.0,13.0,1.0,1.0,1.5056372,1.0,0.0,0.0,0.0,0.0,1
1,1.0,0,4.0,1.0,13.0,10.0,2.0,4.0,1.0,1.0,1.6,1.0,0.0,0.0,0.0,0.0,1
1,2.0,1,5.0,1.0,12.0,5.0,1.0,12.0,1.0,1.0,1.4,1.0,0.0,0.0,0.0,0.0,1
1,1.0,0,5.0,1.0,16.0,4.0,2.0,0.0,1.0,1.0,2.0,1.0,0.0,0.0,0.0,0.0,1
1,1.0,0,2.0,1.0,17.0,12.0,2.0,1.0,1.0,1.0,1.5,1.0,0.0,0.0,0.0,0.0,1
1,1.0,0,4.0,1.0,10.0,6.0,1.0,13.0,1.0,1.0,1.0,1.0,0.0,0.0,0.0,0.0,0
1,1.0,0,4.0,1.0,10.0,8.0,2.0,13.0,1.0,1.0,2.5,1.0,0.0,0.0,0.0,0.0,1
1,1.0,1,4.0,1.0,14.0,9.0,1.0,13.0,1.0,1.0,1.4,1.0,4.0,6.0,293.0,0.0,1
1,1.0,1,5.0,1.0,13.0,6.0,2.0,12.0,1.0,1.0,1.7,1.0,0.0,0.0,0.0,0.0,1
1,1.0,0,4.0,1.0,21.0,7.0,2.0,12.0,1.0,1.0,1.9,1.0,0.0,0.0,0.0,0.0,1
1,1.0,1,5.0,1.0,13.0,12.0,1.0,13.0,1.0,1.0,3.0,1.0,0.0,0.0,0.0,0.0,1
1,1.0,1,7.0,1.0,13.0,4.0,1.0,10.0,1.0,1.0,1.1,1.0,0.0,0.0,0.0,3.0,0
1,1.0,1,5.0,1.0,22.0,5.0,1.0,12.0,1.0,1.0,86.3,1.0,0.0,0.0,0.0,0.0,1
1,1.0,0,4.0,1.0,13.0,4.0,1.0,12.0,1.0,1.0,0.0,1.0,0.0,0.0,0.0,0.0,0
0,1.0,0,5.0,1.0,22.0,6.0,1.0,12.0,1.0,1.0,1.5,1.0,0.0,0.0,0.0,0.0,1
0,1.0,1,5.0,1.0,13.0,12.0,1.0,13.0,1.0,1.0,1.4,1.0,0.0,0.0,0.0,0.0,1
1,1.0,1,5.0,1.0,22.0,7.0,2.0,0.0,1.0,1.0,1.5,1.0,0.0,0.0,0.0,0.0,1
1,1.0,0,4.0,1.0,4.0,12.0,1.0,13.0,1.0,1.0,86.3,1.0,0.0,0.0,0.0,0.0,1
1,2.0,1,6.0,1.0,13.0,12.0,2.0,14.0,1.0,1.0,4.4,1.0,0.0,0.0,0.0,0.0,1
1,1.0,0,5.0,1.0,1.0,10.0,1.0,0.0,1.0,1.0,0.0,1.0,0.0,0.0,0.0,0.0,0
1,2.0,1,4.0,1.0,13.0,1.0,1.0,12.0,1.0,1.0,1.5,1.0,0.0,0.0,0.0,0.0,1
1,1.0,0,4.0,1.0,14.0,7.0,2.0,0.0,1.0,1.0,0.0,1.0,0.0,0.0,0.0,0.0,1
0,1.0,0,4.0,1.0,11.0,6.0,2.0,12.0,1.0,1.0,2.5,1.0,0.0,0.0,0.0,0.0,1
1,1.0,1,7.0,1.0,14.0,6.0,2.0,13.0,1.0,1.0,0.6,1.0,0.0,0.0,0.0,0.0,1
1,1.0,0,4.0,1.0,11.0,10.0,1.0,13.0,1.0,1.0,2.7,1.0,0.0,0.0,0.0,0.0,1
1,1.0,0,5.0,1.0,10.0,3.0,1.0,10.0,1.0,1.0,0.4,1.0,0.0,0.0,0.0,0.0,1
1,1.0,0,4.0,1.0,10.0,1.0,1.0,12.0,1.0,2.0,0.4,1.0,0.0,0.0,0.0,0.0,1
1,1.0,0,4.0,1.0,10.0,1.0,2.0,11.0,1.0,1.0,0.7,1.0,0.0,0.0,0.0,0.0,1
1,1.0,0,5.0,1.0,3.0,7.0,1.0,11.0,1.0,1.0,3.2,1.0,0.0,0.0,0.0,0.0,1
1,1.0,0,5.0,1.0,4.0,7.0,2.0,11.0,1.0,1.0,1.6,1.0,0.0,0.0,0.0,0.0,1
1,2.0,1,5.0,1.0,4.0,4.0,2.0,12.0,1.0,1.0,0.2,1.0,0.0,0.0,0.0,0.0,1
1,1.0,0,4.0,1.0,3.1835387,5.0,1.0,12.0,1.0,1.0,0.4,1.0,0.0,0.0,0.0,0.0,1
1,1.0,1,4.0,1.0,13.0,5.0,2.0,12.0,1.0,1.0,2.1,1.0,0.0,0.0,0.0,0.0,1
1,1.0,1,5.0,1.0,13.0,1.0,1.0,12.0,1.0,1.0,2.0,1.0,0.0,0.0,0.0,0.0,1
0,1.0,1,5.0,1.0,13.0,8.0,1.0,12.0,1.0,1.0,0.9,1.0,0.0,0.0,0.0,0.0,1
1,1.0,1,6.0,1.0,13.0,12.0,2.0,11.0,1.0,1.0,1.3,1.0,0.0,0.0,0.0,0.0,1
0,1.0,1,5.0,1.0,20.0,8.0,1.0,7.0,1.0,1.0,1.7,1.0,0.0,0.0,0.0,0.0,1
1,1.0,1,4.0,1.0,13.0,8.0,2.0,4.0,1.0,1.0,3.1,1.0,0.0,0.0,0.0,0.0,1
1,1.0,1,5.0,1.0,16.0,1.0,2.0,12.0,1.0,1.0,1.1,1.0,0.0,0.0,0.0,0.0,1
1,1.0,0,4.0,1.0,13.0,7.0,1.0,13.0,1.0,1.0,1.6,1.0,0.0,0.0,0.0,0.0,1
1,1.0,0,4.0,1.0,11.0,10.0,2.0,13.0,1.0,1.0,1.5,1.0,0.0,0.0,0.0,0.0,1
1,1.0,0,4.0,1.0,13.0,5.0,1.0,12.0,1.0,1.0,1.6,1.0,0.0,0.0,0.0,0.0,1
1,1.0,0,4.0,1.0,10.0,6.0,1.0,0.0,1.0,1.0,0.6,1.0,0.0,0.0,0.0,0.0,1
1,1.0,0,4.0,1.0,5.0,12.0,1.0,13.0,1.0,1.0,0.8,1.0,0.0,0.0,0.0,0.0,1
1,1.0,0,4.0,1.0,4.0,11.0,1.0,12.0,1.0,1.0,0.9,1.0,0.0,0.0,0.0,0.0,1
1,1.0,1,5.0,1.0,13.0,1.0,2.0,13.0,1.0,1.0,1.3,1.0,0.0,0.0,0.0,0.0,1
1,1.0,0,4.0,1.0,1.0,4.0,2.0,12.0,1.0,1.0,1.1,1.0,0.0,0.0,0.0,0.0,1
1,1.0,0,4.0,1.0,10.0,7.0,2.0,11.0,1.0,1.0,0.0,1.0,3.0,0.0,293.0,0.0,1
0,1.0,0,4.0,1.0,11.0,12.0,1.0,12.0,1.0,1.0,0.9,1.0,0.0,0.0,0.0,0.0,1
1,1.0,0,5.0,1.0,0.0,2.0,1.0,13.0,1.0,1.0,1.2,1.0,0.0,0.0,0.0,3.0,0
1,1.0,1,6.0,1.0,13.0,6.0,2.0,13.0,1.0,1.0,10.5,1.0,0.0,0.0,0.0,0.0,1
0,1.0,1,5.0,1.0,16.0,7.0,2.0,12.0,1.0,1.0,1.0,1.0,0.0,0.0,0.0,0.0,1
1,1.0,1,5.0,1.0,12.0,4.0,2.0,12.0,1.0,1.0,3.5,1.0,0.0,0.0,0.0,0.0,1
1,1.0,0,4.0,1.0,13.0,4.0,1.0,0.0,1.0,1.0,1.5,1.0,0.0,0.0,0.0,0.0,1
1,1.0,0,5.0,1.0,0.0,10.0,1.0,12.0,1.0,1.0,1.9,1.0,0.0,0.0,0.0,3.0,0
1,1.0,0,4.0,1.0,13.0,10.0,1.0,12.0,1.0,1.0,1.7,1.0,0.0,0.0,0.0,0.0,1
1,1.0,0,4.0,1.0,8.0,6.0,1.0,12.0,1.0,1.0,2.5,1.0,4.0,11.0,379.0,0.0,0
1,1.0,0,4.0,2.0,13.0,9.0,2.0,13.0,5.0,1.0,1.9,1.0,0.0,0.0,0.0,0.0,1
1,1.0,1,5.0,1.0,14.0,3.0,1.0,13.0,1.0,1.0,1.0,1.0,0.0,0.0,0.0,0.0,1
1,1.0,0,4.0,1.0,9.877546,1.0,1.0,12.0,1.0,1.0,0.0,1.0,0.0,0.0,0.0,0.0,0
1,1.0,1,5.0,1.0,8.0,5.0,1.0,12.0,1.0,1.0,0.0,1.0,0.0,0.0,0.0,0.0,1
1,1.0,0,4.0,1.0,8.0,7.0,1.0,13.0,1.0,1.0,1.4,1.0,0.0,0.0,0.0,0.0,1
1,1.0,0,4.0,1.0,14.0,5.0,1.0,12.0,5.0,1.0,1.7,1.0,0.0,0.0,0.0,0.0,1
1,1.0,0,4.0,1.0,11.0,11.0,2.0,5.0,1.0,1.0,2.9,1.0,0.0,0.0,0.0,0.0,1
1,1.0,0,4.0,1.0,13.0,1.0,1.0,4.0,1.0,1.0,1.8,1.0,0.0,0.0,0.0,0.0,1
1,1.0,1,4.0,1.0,12.0,8.0,2.0,6.0,1.0,1.0,1.5,1.0,0.0,0.0,0.0,0.0,1
1,1.0,0,4.0,1.0,11.0,3.0,2.0,13.0,1.0,1.0,3.3,1.0,0.0,0.0,0.0,0.0,1
1,1.0,0,4.0,1.0,13.0,5.0,2.0,13.0,1.0,1.0,0.0,1.0,3.0,6.0,263.0,0.0,1
1,1.0,0,5.0,1.0,4.0,6.0,1.0,13.0,1.0,1.0,1.0,1.0,0.0,0.0,0.0,0.0,1
1,1.0,0,5.0,1.0,13.0,10.0,2.0,12.0,1.0,1.0,1.3,1.0,0.0,0.0,0.0,0.0,1
0,1.0,0,4.0,1.0,16.0,12.0,1.0,12.0,1.0,1.0,0.8,1.0,0.0,0.0,0.0,0.0,1
1,1.0,1,6.0,1.0,13.0,4.0,2.0,13.0,1.0,1.0,2.0,1.0,0.0,0.0,0.0,0.0,1
1,1.0,0,4.0,1.0,4.0,12.0,1.0,12.0,1.0,1.0,1.7,1.0,0.0,0.0,0.0,0.0,0
1,1.0,0,5.0,1.0,4.0,9.0,1.0,13.0,1.0,1.0,0.0,1.0,0.0,0.0,0.0,0.0,1
1,1.0,0,4.0,1.0,11.050405,6.0,2.0,13.0,1.0,1.0,2.0,1.0,0.0,0.0,0.0,0.0,1
1,1.0,0,5.0,1.0,2.0,6.0,1.0,13.0,1.0,1.0,3.2,1.0,0.0,0.0,0.0,0.0,1
0,1.0,1,5.0,1.0,11.0,1.0,1.0,13.0,1.0,1.0,0.9,1.0,0.0,0.0,0.0,0.0,1
1,1.0,1,4.0,1.0,10.0,12.0,1.0,13.0,1.0,1.0,9.328827,1.0,0.0,0.0,0.0,0.0,1
1,2.0,1,5.0,1.0,9.0,1.0,1.0,13.0,1.0,1.0,3.4,1.0,0.0,0.0,0.0,0.0,1
1,1.0,0,5.0,1.0,10.0,6.0,1.0,13.0,1.0,1.0,3.0,1.0,0.0,0.0,0.0,0.0,1
1,1.0,1,5.0,1.0,16.0,2.0,1.0,13.0,1.0,1.0,6.183032,1.0,0.0,0.0,0.0,0.0,1
1,1.0,0,4.0,1.0,13.0,6.0,1.0,12.0,1.0,1.0,2.3,1.0,0.0,0.0,0.0,0.0,1
1,1.0,1,5.0,1.0,2.0,1.0,2.0,5.0,1.0,1.0,0.5,1.0,0.0,0.0,0.0,0.0,1
1,1.0,0,4.0,1.0,11.0,2.0,1.0,12.0,1.0,1.0,0.8,1.0,0.0,0.0,0.0,0.0,1
1,1.0,0,1.0,1.0,16.0,4.0,1.0,12.0,1.0,1.0,1.8,1.0,0.0,0.0,0.0,0.0,1
1,1.0,0,4.0,1.0,6.0,6.0,1.0,10.0,1.0,1.0,2.0,1.0,4.0,11.0,379.0,0.0,1
1,1.0,1,4.0,1.0,14.0,1.0,2.0,14.0,1.0,1.0,3.2,1.0,0.0,0.0,0.0,0.0,1
1,1.0,1,4.0,1.0,10.0,5.0,2.0,12.0,1.0,1.0,1.7,1.0,0.0,0.0,0.0,0.0,1
1,1.0,1,4.0,1.0,22.0,10.0,1.0,12.0,1.0,1.0,1.5,1.0,0.0,0.0,0.0,0.0,1
1,1.0,0,5.0,1.0,13.0,3.0,1.0,12.0,1.0,1.0,1.2,1.0,0.0,0.0,0.0,0.0,1
1,1.0,0,5.0,1.0,10.0,7.0,2.0,12.0,1.0,1.0,0.8,1.0,0.0,0.0,0.0,0.0,1
1,1.0,1,4.0,1.0,14.0,1.0,1.0,12.0,1.0,1.0,2.6,1.0,0.0,0.0,0.0,0.0,1
1,1.0,1,5.0,1.0,13.0,10.0,1.0,13.0,1.0,1.0,1.9,1.0,0.0,0.0,0.0,0.0,1
0,1.0,0,4.0,1.0,10.0,6.0,1.0,12.0,1.0,1.0,1.9,1.0,0.0,0.0,0.0,0.0,1
1,1.0,1,6.0,1.0,10.0,12.0,2.0,13.0,1.0,1.0,1.9,1.0,0.0,0.0,0.0,0.0,1
1,1.0,1,5.0,1.0,4.0,11.0,2.0,12.0,1.0,1.0,0.5,1.0,0.0,0.0,0.0,0.0,1
1,1.0,1,5.0,1.0,11.0,3.0,1.0,13.0,1.0,1.0,1.0,1.0,0.0,0.0,0.0,0.0,1
1,1.0,0,4.0,1.0,13.0,1.0,1.0,12.0,1.0,1.0,1.6,1.0,0.0,0.0,0.0,0.0,1
1,1.0,0,5.0,1.0,10.0,1.0,2.0,12.0,1.0,1.0,0.2,1.0,0.0,0.0,0.0,0.0,1
1,1.0,1,6.0,1.0,13.0,4.0,1.0,13.0,1.0,1.0,1.9,1.0,0.0,0.0,0.0,0.0,1
0,1.0,0,5.0,1.0,4.0,8.0,1.0,12.0,1.0,1.0,10.317979,1.0,0.0,0.0,0.0,0.0,1
0,2.0,1,5.0,1.0,9.0,2.0,1.0,13.0,1.0,1.0,1.9,1.0,0.0,0.0,0.0,0.0,1
1,1.0,0,5.0,1.0,13.0,5.0,2.0,0.0,1.0,1.0,0.9,1.0,0.0,0.0,0.0,0.0,1
1,1.0,0,4.0,1.0,13.0,5.0,2.0,13.0,1.0,1.0,1.2,1.0,0.0,0.0,0.0,0.0,1
1,1.0,1,6.0,1.0,13.0,8.0,1.0,12.0,1.0,1.0,0.7,1.0,0.0,0.0,0.0,0.0,0
1,1.0,0,5.0,1.0,1.0,10.0,1.0,0.0,1.0,1.0,1.5,1.0,0.0,0.0,0.0,0.0,1
1,1.0,0,4.0,1.0,22.0,2.0,2.0,10.0,1.0,1.0,1.4,1.0,0.0,0.0,0.0,0.0,1
1,1.0,0,4.0,1.0,0.0,8.0,1.0,2.0,2.0,1.0,6.9,1.0,0.0,0.0,0.0,0.0,1
0,1.0,1,6.0,1.0,22.0,6.0,1.0,14.0,1.0,1.0,6.4,1.0,0.0,0.0,0.0,0.0,1
1,1.0,1,5.0,1.0,13.0,1.0,1.0,12.0,1.0,1.0,1.1,1.0,0.0,0.0,0.0,0.0,1
1,1.0,0,4.0,1.0,0.0,7.0,1.0,14.0,5.0,1.0,2.1,1.0,0.0,0.0,0.0,3.0,0
1,1.0,1,5.0,1.0,13.0,3.0,2.0,12.0,1.0,1.0,1.8,1.0,0.0,0.0,0.0,0.0,1
1,1.0,1,5.0,1.0,13.0,1.0,2.0,12.0,1.0,1.0,0.5,1.0,0.0,0.0,0.0,0.0,1
1,1.0,0,5.0,1.0,0.0,10.0,1.0,12.0,1.0,1.0,1.0,1.0,0.0,0.0,0.0,0.0,1
0,1.0,0,5.0,1.0,11.0,7.0,1.0,12.0,1.0,1.0,1.4,1.0,0.0,0.0,0.0,0.0,1
0,1.0,0,4.0,1.0,22.0,12.0,1.0,13.0,1.0,1.0,3.5,1.0,0.0,0.0,0.0,0.0,1
1,1.0,0,4.0,1.0,22.0,8.0,2.0,13.0,1.0,1.0,6.297988,1.0,0.0,0.0,0.0,0.0,1
1,2.0,0,4.0,1.0,13.0,2.0,1.0,13.0,1.0,1.0,1.9,1.0,0.0,0.0,0.0,0.0,1
1,1.0,0,4.0,1.0,0.0,5.0,1.0,13.0,1.0,1.0,0.8,1.0,0.0,0.0,0.0,1.0,1
1,1.0,1,5.0,1.0,16.0,4.0,1.0,14.0,1.0,1.0,86.3,1.0,0.0,0.0,0.0,0.0,1
1,1.0,0,4.0,1.0,5.0,5.0,1.0,12.0,1.0,1.0,1.0,1.0,0.0,0.0,0.0,0.0,1
1,1.0,1,5.0,1.0,7.0,6.0,2.0,12.0,1.0,1.0,1.1,1.0,0.0,0.0,0.0,0.0,1
1,1.0,1,7.0,1.0,13.0,6.0,1.0,12.0,1.0,1.0,1.8,1.0,0.0,0.0,0.0,0.0,1
1,1.0,0,4.0,1.0,2.0,3.0,2.0,0.0,1.0,1.0,86.3,1.0,0.0,0.0,0.0,0.0,1
0,1.0,0,4.0,1.0,13.0,8.0,1.0,13.0,1.0,1.0,2.1,1.0,0.0,0.0,0.0,0.0,1
1,1.0,0,4.0,1.0,13.0,12.0,2.0,13.0,1.0,1.0,0.0,1.0,0.0,0.0,0.0,0.0,1
1,1.0,0,4.0,1.0,13.0,12.0,2.0,13.0,1.0,1.0,86.3,1.0,0.0,0.0,0.0,0.0,1
1,1.0,1,5.0,1.0,10.0,6.0,2.0,10.0,1.0,1.0,1.2,1.0,0.0,0.0,0.0,0.0,1
0,1.0,1,6.0,1.0,13.0,10.0,1.0,13.0,1.0,1.0,5.036146,1.0,0.0,0.0,0.0,0.0,1
1,1.0,0,4.0,1.0,11.0,7.0,1.0,13.0,1.0,1.0,3.8,1.0,0.0,0.0,0.0,0.0,1
1,1.0,1,5.0,1.0,13.0,9.0,1.0,13.0,1.0,1.0,0.5,1.0,0.0,0.0,0.0,0.0,1
1,2.0,0,4.0,1.0,11.0,3.0,2.0,13.0,1.0,1.0,1.7,1.0,0.0,0.0,0.0,0.0,1
1,1.0,0,4.0,1.0,10.0,2.0,1.0,13.0,1.0,1.0,0.9,1.0,0.0,0.0,0.0,0.0,1
1,1.0,1,5.0,1.0,13.0,2.0,2.0,14.0,1.0,1.0,4.0,1.0,0.0,0.0,0.0,0.0,1
1,1.0,1,5.0,1.0,11.0,1.0,2.0,13.0,1.0,1.0,1.0,1.0,0.0,0.0,0.0,0.0,1
1,1.0,0,5.0,1.0,16.0,5.0,2.0,13.0,1.0,1.0,2.5,1.0,0.0,0.0,0.0,0.0,1
1,1.0,0,4.0,1.0,0.0,6.0,1.0,13.0,1.0,1.0,0.9,1.0,0.0,0.0,0.0,0.0,1
1,1.0,0,4.0,1.0,14.0,5.0,1.0,0.0,1.0,1.0,4.4,1.0,3.0,0.0,379.0,0.0,1
0,1.0,1,5.0,1.0,16.0,10.0,1.0,12.0,1.0,1.0,86.3,1.0,0.0,0.0,0.0,0.0,1
1,1.0,0,4.0,1.0,13.0,8.0,1.0,13.0,1.0,1.0,1.0,1.0,0.0,0.0,0.0,0.0,1
1,1.0,0,4.0,1.0,0.0,3.0,1.0,12.0,1.0,2.0,5.1,1.0,4.0,11.0,379.0,3.0,1
1,1.0,0,4.0,1.0,1.0,9.0,2.0,12.0,1.0,1.0,1.4,1.0,0.0,0.0,0.0,0.0,0
1,2.0,0,4.0,1.0,12.941978,4.0,1.0,12.0,1.0,1.0,1.8,1.0,3.0,7.0,379.0,0.0,1
0,1.0,1,5.0,1.0,22.0,12.0,1.0,12.0,1.0,1.0,2.5,1.0,0.0,0.0,0.0,0.0,1
1,1.0,1,5.0,1.0,6.0,10.0,1.0,14.0,1.0,1.0,86.3,1.0,0.0,0.0,0.0,0.0,1
0,1.0,0,5.0,1.0,10.0,1.0,1.0,12.0,1.0,1.0,2.2,1.0,0.0,0.0,0.0,0.0,1
1,1.0,0,4.0,1.0,1.0,2.0,2.0,13.0,1.0,1.0,1.9,1.0,0.0,0.0,0.0,0.0,1
1,1.0,0,4.0,1.0,13.0,7.0,2.0,12.0,1.0,1.0,1.7,1.0,0.0,0.0,0.0,0.0,1
1,1.0,0,4.0,1.0,13.0,5.0,1.0,7.0,1.0,1.0,0.9,1.0,0.0,0.0,0.0,0.0,1
1,1.0,1,4.0,1.0,20.0,7.0,2.0,8.0,1.0,1.0,1.5,1.0,4.0,11.0,379.0,0.0,1
1,1.0,0,4.0,1.0,11.0,5.0,2.0,0.0,1.0,1.0,3.2,1.0,0.0,0.0,0.0,0.0,1
0,1.0,0,4.0,1.0,3.0,8.0,2.0,12.0,1.0,1.0,0.4,1.0,0.0,0.0,0.0,0.0,0
1,1.0,0,4.0,1.0,16.0,1.0,2.0,13.0,1.0,1.0,4.6,1.0,0.0,0.0,0.0,0.0,1
0,2.0,1,5.0,1.0,14.0,8.0,1.0,13.0,1.0,1.0,86.3,1.0,0.0,0.0,0.0,0.0,1
1,2.0,0,5.0,1.0,0.0,5.0,2.0,13.0,1.0,1.0,1.6,1.0,0.0,0.0,0.0,0.0,1
1,1.0,0,5.0,1.0,13.0,5.0,2.0,12.0,1.0,1.0,0.0,1.0,0.0,0.0,0.0,0.0,1
1,1.0,0,4.0,1.0,4.0,12.0,2.0,12.0,1.0,1.0,0.5,1.0,0.0,0.0,0.0,0.0,1
1,1.0,0,4.0,1.0,13.0,8.0,1.0,12.0,1.0,1.0,1.5,1.0,0.0,0.0,0.0,0.0,1
1,1.0,1,4.0,1.0,22.0,8.0,2.0,12.0,1.0,1.0,0.8,1.0,0.0,0.0,0.0,0.0,1
1,1.0,0,4.0,1.0,20.0,1.0,2.0,12.0,1.0,1.0,1.6,1.0,0.0,0.0,0.0,0.0,1
1,1.0,0,4.0,1.0,6.0,7.0,1.0,12.0,1.0,1.0,1.9,1.0,0.0,0.0,0.0,0.0,1
1,1.0,0,4.0,1.0,0.0,9.0,2.0,12.0,1.0,1.0,2.3,1.0,0.0,0.0,0.0,0.0,1
1,1.0,0,4.627399,1.0,2.0,4.0,1.0,12.0,1.0,2.0,0.0,1.0,0.0,0.0,0.0,3.0,0
1,1.0,0,4.0,1.0,6.0,12.0,1.0,12.0,1.0,1.0,1.1,1.0,4.0,7.0,379.0,0.0,1
0,1.0,0,4.0,1.0,11.0,5.0,1.0,13.0,1.0,1.0,3.9,1.0,0.0,0.0,0.0,0.0,1
1,1.0,0,4.0,1.0,6.0,11.0,2.0,7.0,1.0,1.0,0.3715688,1.0,0.0,0.0,0.0,0.0,1
1,1.0,0,4.0,1.0,11.0,9.0,1.0,12.0,1.0,1.0,1.4,1.0,0.0,0.0,0.0,0.0,1
1,2.0,0,4.0,1.0,13.0,8.0,1.0,12.0,1.0,1.0,1.3,1.0,0.0,0.0,0.0,0.0,1
1,1.0,0,4.0,1.0,13.0,8.0,1.0,0.0,1.0,1.0,1.5,1.0,0.0,0.0,0.0,0.0,1
1,1.0,0,4.0,1.0,13.0,6.0,1.0,0.0,1.0,1.0,1.1,1.0,0.0,0.0,0.0,0.0,1
1,2.0,0,4.0,1.0,4.0,8.0,1.0,12.0,1.0,1.0,3.0055313,1.0,0.0,0.0,0.0,3.0,0
1,1.0,1,5.0,1.0,1.0,5.0,2.0,7.0,1.0,1.0,0.7,1.0,0.0,0.0,0.0,0.0,1
1,1.0,0,5.0,1.0,22.0,1.0,2.0,14.0,1.0,1.0,86.3,1.0,0.0,0.0,0.0,0.0,1
1,1.0,0,4.0,1.0,0.0,4.0,1.0,12.0,1.0,1.0,0.9,1.0,0.0,0.0,0.0,1.0,0
0,1.0,1,7.0,1.0,13.0,6.0,2.0,12.0,1.0,1.0,0.0,1.0,0.0,0.0,0.0,0.0,1
1,2.0,0,4.0,1.0,13.0,7.0,1.0,11.0,1.0,1.0,2.4,1.0,0.0,0.0,0.0,0.0,1
1,1.0,1,4.0,1.0,14.0,2.0,1.0,13.0,1.0,1.0,0.9,1.0,0.0,0.0,0.0,0.0,1
1,1.0,0,4.0,1.0,10.0,7.0,1.0,12.0,5.0,1.0,1.7,1.0,0.0,0.0,0.0,0.0,1
1,1.0,1,4.0,1.0,16.0,8.0,1.0,13.0,1.0,1.0,1.7,1.0,0.0,0.0,0.0,0.0,1
0,1.0,0,4.0,1.0,13.0,8.0,1.0,0.0,1.0,1.0,1.8,1.0,0.0,0.0,0.0,0.0,1
1,1.0,0,4.0,1.0,13.0,4.0,1.0,12.0,1.0,1.0,1.2,1.0,2.0,0.0,0.0,0.0,0
1,1.0,1,5.0,1.0,14.0,1.0,1.0,12.0,1.0,1.0,0.2,1.0,0.0,0.0,0.0,0.0,1
0,1.0,1,4.0,1.0,22.0,7.0,2.0,12.0,5.0,1.0,0.0,1.0,4.0,11.0,379.0,0.0,1
1,1.0,0,4.0,1.0,0.0,12.0,1.0,13.0,1.0,1.0,1.0,1.0,0.0,0.0,0.0,0.0,0
1,1.0,0,4.0,1.0,11.0,3.0,1.0,13.0,5.0,1.0,1.5,1.0,0.0,0.0,207.06015,0.0,0
1,1.0,0,4.0,1.0,13.0,12.0,2.0,12.0,1.0,1.0,2.1,1.0,0.0,0.0,0.0,0.0,1
1,2.0,0,5.0,1.0,10.0,3.0,2.0,12.0,1.0,1.0,86.3,1.0,0.0,0.0,0.0,0.0,1
1,1.0,0,4.0,1.0,13.0,6.0,2.0,14.0,1.0,1.0,2.1,1.0,0.0,0.0,0.0,0.0,1
1,1.0,1,5.0,1.0,16.0,5.0,1.0,13.0,1.0,1.0,2.4,1.0,0.0,0.0,0.0,0.0,1
1,1.0,0,4.0,1.0,0.0,5.0,1.0,12.0,1.0,1.0,1.4,1.0,0.0,0.0,0.0,0.0,0
0,1.0,1,5.0,1.0,16.0,8.0,2.0,0.0,1.0,1.0,1.7,1.0,0.0,0.0,0.0,0.0,1
1,1.0,0,4.0,1.0,13.0,5.0,2.0,12.0,1.0,1.0,1.0,1.0,0.0,0.0,0.0,0.0,1
1,1.0,0,5.0,1.0,0.0,12.0,1.0,12.0,1.0,1.0,86.3,1.0,0.0,0.0,0.0,0.0,0
1,1.0,0,5.0,1.0,16.0,1.0,1.0,5.0,1.0,1.0,1.3,1.0,4.0,11.0,379.0,0.0,1
1,1.0,0,4.0,1.0,0.9892133,4.0,2.0,13.0,1.0,1.0,1.4,1.0,0.0,0.0,0.0,0.0,1
1,1.0,1,5.0,1.0,22.0,12.0,1.0,12.0,1.0,1.0,1.2,1.0,0.0,0.0,0.0,0.0,1
1,1.0,0,4.0,1.0,13.0,5.0,2.0,9.0,1.0,1.0,1.6,1.0,4.0,11.0,379.0,0.0,1
1,1.0,0,1.0,1.0,22.0,5.0,1.0,13.0,1.0,1.0,1.5,1.0,4.0,11.0,379.0,0.0,1
1,1.0,0,4.0,1.0,0.0,2.0,1.0,12.0,1.0,1.0,2.6,1.0,0.0,0.0,0.0,3.0,1
1,1.0,1,5.0,1.0,22.0,1.0,1.0,13.0,1.0,1.0,4.3,1.0,0.0,0.0,0.0,0.0,1
1,1.0,1,5.0,1.0,14.0,7.0,2.0,13.0,1.0,1.0,1.8,1.0,0.0,0.0,0.0,0.0,1
1,2.0,0,4.0,1.0,16.0,7.0,2.0,12.0,1.0,1.0,2.4,1.0,0.0,0.0,0.0,0.0,1
1,1.0,0,4.0,1.0,10.0,7.0,1.0,9.0,1.0,1.0,0.9,1.0,0.0,0.0,0.0,0.0,1
1,1.0,1,4.0,1.0,16.0,5.0,1.0,14.0,1.0,1.0,2.8,1.0,0.0,0.0,0.0,0.0,1
1,1.0,0,4.0,1.0,13.0,8.0,1.0,13.0,1.0,1.0,0.4,1.0,0.0,0.0,0.0,0.0,1
1,1.0,0,5.0,1.0,0.0,12.0,1.0,14.0,1.0,1.0,2.6,1.0,0.0,0.0,0.0,0.0,1
1,1.0,0,4.0,1.0,14.0,2.0,2.0,0.0,1.0,1.0,2.2,1.0,4.0,11.0,379.0,0.0,1
1,1.0,1,7.0,1.0,16.0,12.0,1.0,12.0,1.0,1.0,0.4,1.0,0.0,0.0,0.0,0.0,1
1,1.0,1,5.0,1.0,10.0,12.0,2.0,13.0,1.0,1.0,86.3,1.0,0.0,0.0,0.0,0.0,1
1,1.0,0,5.0,1.0,13.0,1.0,2.0,12.0,1.0,1.0,0.0,1.0,0.0,0.0,0.0,0.0,1
1,1.0,1,5.0,1.0,14.0,1.0,2.0,13.0,1.0,1.0,2.1,1.0,0.0,0.0,0.0,0.0,1
1,1.0,0,4.0,1.0,2.0,6.0,1.0,13.0,1.0,1.0,86.3,1.0,0.0,0.0,0.0,0.0,1
1,1.0,1,5.0,1.0,13.0,5.0,2.0,12.0,1.0,1.0,4.2,1.0,0.0,0.0,0.0,0.0,1
1,1.0,1,4.0,1.0,11.0,6.0,1.0,13.0,1.0,1.0,1.1,1.0,0.0,0.0,0.0,0.0,1
1,1.0,1,5.0,1.0,22.0,9.0,1.0,13.0,1.0,1.0,0.7,1.0,0.0,0.0,0.0,0.0,1
1,1.0,1,5.0,1.0,22.0,6.0,1.0,13.0,1.0,1.0,1.7270056,1.0,0.0,0.0,0.0,0.0,1
1,2.0,0,4.0,1.0,2.0,5.0,1.0,14.0,1.0,1.0,86.3,1.0,0.0,0.0,0.0,0.0,1
1,1.0,0,4.0,1.0,13.0,5.0,2.0,12.0,1.0,1.0,2.9,1.0,0.0,0.0,0.0,0.0,1
1,1.0,0,4.0,1.0,10.0,1.0,1.0,13.0,1.0,1.0,1.6,1.0,0.0,0.0,0.0,0.0,1
1,1.0,1,4.0,1.0,13.0,1.0,1.0,12.0,1.0,1.0,0.8,1.0,0.0,6.0,274.0,0.0,1
0,1.0,1,7.0,1.0,20.0,5.0,1.0,13.0,1.0,1.0,2.0,1.0,0.0,0.0,0.0,0.0,1
1,1.0,1,5.0,1.0,13.0,2.0,2.0,12.0,1.0,1.0,2.4,1.0,0.0,0.0,0.0,0.0,1
0,1.0,0,4.0,1.0,13.0,12.0,1.0,12.0,1.0,1.0,1.6,1.0,0.0,0.0,0.0,0.0,1
1,1.0,0,4.0,1.0,11.0,9.0,2.0,13.0,1.0,1.0,2.0,1.0,0.0,0.0,0.0,0.0,1
1,1.0,0,4.0,1.0,12.0,10.0,2.0,11.0,1.0,1.0,0.9,1.0,0.0,0.0,0.0,0.0,1
1,1.0,1,5.0,1.0,11.0,12.0,1.0,8.0,1.0,1.0,0.5,1.0,0.0,0.0,0.0,0.0,1
1,1.0,1,5.0,1.0,13.0,9.0,1.0,11.0,1.0,1.0,0.0,1.0,0.0,0.0,0.0,0.0,1
1,1.0,1,6.0,1.0,11.0,10.0,2.0,11.854128,1.0,1.0,0.8,1.0,0.0,0.0,0.0,0.0,1
1,1.0,1,4.0,1.0,0.0,10.0,1.0,13.0,1.0,1.0,1.7,1.0,4.0,11.0,379.0,3.0,0
1,1.0,0,4.0,1.0,1.0,5.0,1.0,13.0,1.0,1.0,1.7,1.0,0.0,0.0,0.0,0.0,1
1,1.0,1,4.0,1.0,13.0,12.0,1.0,13.0,5.0,1.0,0.5,1.0,0.0,0.0,0.0,0.0,1
1,1.0,0,4.0,1.0,22.0,5.0,1.0,13.0,1.0,1.0,5.0,1.0,0.0,0.0,0.0,0.0,1
1,1.0,0,4.0,1.0,11.0,1.0,1.0,9.0,1.0,1.0,1.6,1.0,3.0,6.0,301.0,0.0,1
1,1.0,0,4.0,1.0,13.0,6.0,1.0,10.0,1.0,1.0,2.0,1.0,0.0,0.0,0.0,0.0,1
1,1.0,1,5.0,1.0,13.0,1.0,2.0,12.0,1.0,1.0,1.5,1.0,0.0,0.0,0.0,0.0,1
1,1.0,0,4.0,1.0,13.0,7.0,1.0,14.0,1.0,1.0,0.0,1.0,0.0,0.0,0.0,0.0,1
0,1.0,1,4.562939,1.0,22.0,3.0,2.0,13.0,1.0,1.0,1.7,1.0,0.0,0.0,0.0,0.0,1
1,2.0,0,4.0,1.0,1.0,1.0,1.0,13.0,1.0,1.0,1.9,1.0,0.0,0.0,0.0,0.0,1
1,1.0,1,5.0,1.0,10.0,6.0,1.0,6.0,1.0,1.0,0.5,1.0,0.0,0.0,0.0,0.0,1
1,1.0,0,4.0,1.0,0.0,2.7807403,2.0,13.0,1.0,1.0,1.2,1.0,0.0,0.0,0.0,0.0,1
1,1.0,1,5.0,1.0,0.0,6.0,1.0,13.0,1.0,1.0,1.2,1.0,0.0,0.0,0.0,1.0,1
1,1.0,0,5.0,1.0,0.0,2.0,1.0,13.0,1.0,1.0,1.5,1.0,0.0,0.0,0.0,0.0,1
1,1.0,0,4.0,1.0,0.0,7.0,1.0,13.0,1.0,1.0,2.7,1.0,0.0,0.0,0.0,3.0,0
1,1.0,0,5.0,1.0,10.434941,12.0,1.0,7.0,5.0,1.0,2.8,1.0,0.0,0.0,0.0,0.0,1
1,1.0,1,5.0,1.0,13.0,1.0,1.0,14.0,1.0,1.0,2.5,1.0,0.0,0.0,0.0,0.0,1
0,1.0,0,4.0,1.0,13.0,12.0,2.0,12.0,1.0,1.0,1.1,1.0,0.0,0.0,0.0,0.0,1
1,1.0,0,4.0,1.0,6.0,5.0,1.0,12.0,1.0,1.0,2.5,1.0,0.0,0.0,0.0,0.0,1
1,1.0,0,4.0,1.0,13.0,9.0,1.0,12.0,1.0,1.0,2.8,1.0,0.0,0.0,0.0,0.0,1
1,1.0,0,4.0,1.0,16.0,4.0,1.0,0.0,1.0,1.0,1.2,1.0,0.0,0.0,0.0,0.0,1
0,2.0,0,4.0,1.0,2.0,7.0,1.0,13.0,1.0,1.0,3.7,1.0,0.0,0.0,0.0,0.0,0
1,1.0,0,4.0,1.0,13.0,1.0,2.0,13.0,1.0,1.0,2.8,1.0,0.0,0.0,0.0,0.0,1
1,1.0,0,4.0,1.0,11.0,1.0,2.0,13.0,1.0,1.0,0.0,1.0,0.0,0.0,0.0,0.0,1
1,1.0,1,5.0,2.0,16.0,1.0,2.0,7.0,1.0,1.0,1.9,1.0,0.0,0.0,0.0,0.0,1
1,1.0,0,4.0,1.0,13.0,7.0,2.0,12.0,1.0,1.0,2.4,1.0,4.0,7.0,379.0,0.0,1
1,2.0,1,5.0,1.0,11.0,12.0,1.0,14.0,1.0,1.0,1.6,1.0,0.0,0.0,0.0,0.0,1
1,1.0,0,4.0,1.0,11.0,7.0,2.0,12.0,1.0,1.0,9.111545,1.0,0.0,0.0,0.0,0.0,1
0,2.0,0,4.0,1.0,13.0,7.0,2.0,12.0,1.0,1.0,3.0,1.0,0.0,0.0,0.0,0.0,1
1,1.0,0,4.0,1.0,22.0,9.0,2.0,12.0,1.0,1.0,86.3,1.0,0.0,0.0,0.0,0.0,1
1,1.0,1,7.0,1.0,14.0,12.0,2.0,0.0,5.0,1.0,0.0,1.0,0.0,0.0,0.0,0.0,1
1,1.0,0,4.0,1.0,16.0,7.0,1.0,12.0,1.0,1.0,1.5,1.0,0.0,0.0,0.0,0.0,1
1,1.0,0,4.0,1.0,13.0,10.0,1.0,9.0,1.0,1.0,1.0,1.0,0.0,0.0,0.0,0.0,1
0,2.0,1,5.0,1.0,13.0,6.0,1.0,13.0,1.0,1.0,5.9,1.0,0.0,0.0,0.0,0.0,1
1,1.0,0,4.0,1.0,13.0,2.0,1.0,11.0,1.0,1.0,1.6,1.0,0.0,0.0,0.0,0.0,1
1,1.0,0,4.0,1.0,0.0,2.0,1.0,12.0,1.0,1.0,0.7,1.0,0.0,0.0,0.0,0.0,0
1,1.0,0,4.0,1.0,4.0,6.0,1.0,12.0,1.0,1.0,1.4,1.0,0.0,0.0,0.0,0.0,1
1,1.0,0,4.0,1.0,2.8850217,7.0,1.0,12.0,1.0,1.0,86.3,1.0,0.0,0.0,0.0,1.0,0
1,1.0,0,4.0,1.0,13.0,2.0,2.0,12.0,1.0,1.0,1.7,1.0,3.0,7.0,379.0,0.0,1
1,1.0,1,5.0,1.0,10.0,7.0,2.0,12.0,1.0,1.0,1.4,1.0,0.0,0.0,0.0,0.0,1
1,1.0,1,7.0,1.0,13.0,8.0,2.0,8.0,1.0,1.0,1.0,1.0,0.0,0.0,0.0,0.0,1
1,1.0,1,5.0,1.0,10.0,7.0,2.0,12.0,1.0,1.0,0.6,1.0,0.0,0.0,0.0,0.0,1
1,2.0,0,4.0,1.0,13.0,4.0,2.0,12.0,1.0,1.0,0.4,1.0,0.0,0.0,0.0,0.0,1
1,1.0,0,4.0,1.0,11.0,2.0,1.0,0.0,1.0,1.0,0.9,1.0,0.0,0.0,0.0,0.0,1
1,1.0,1,5.0,1.0,22.0,1.0,1.0,14.0,1.0,1.0,1.6,1.0,0.0,0.0,0.0,0.0,1
1,1.0,0,4.0,1.0,10.0,12.0,1.0,14.0,1.0,1.0,1.9,1.0,0.0,0.0,0.0,0.0,1
1,1.0,0,5.0,1.0,13.0,12.0,2.0,12.0,1.0,1.0,3.4,1.0,0.0,0.0,0.0,0.0,1
1,1.0,1,5.0,1.0,13.0,1.0,1.0,13.0,1.0,1.0,0.5,1.0,0.0,0.0,0.0,0.0,1
1,2.0,1,5.0,1.0,13.0,10.0,1.0,14.0,1.0,1.0,1.9,1.0,0.0,5.0,0.0,0.0,1
1,1.0,1,5.0,1.0,13.0,3.0,1.0,13.0,1.0,1.0,3.0,1.0,0.0,0.0,0.0,0.0,1
1,1.0,0,4.0,1.0,13.0,1.0,1.0,13.0,1.0,1.0,1.8,1.0,0.0,0.0,0.0,0.0,1
1,1.0,1,5.0,1.0,11.0,6.0,1.0,13.0,1.0,1.0,0.6,1.0,0.0,6.0,0.0,0.0,1
1,1.0,1,5.0,1.0,11.0,7.0,2.0,12.0,1.0,1.0,1.6,1.0,0.0,0.0,0.0,0.0,1
1,1.0,0,4.0,1.0,13.0,7.0,2.0,13.0,1.0,1.0,86.3,1.0,0.0,0.0,0.0,0.0,1
1,1.0,1,5.0,1.0,13.0,12.0,2.0,0.0,1.0,1.0,0.0,1.0,0.0,0.0,0.0,0.0,1
1,1.0,1,5.0,1.0,13.0,4.0,1.0,13.0,1.0,1.0,86.3,1.0,0.0,0.0,0.0,0.0,1
1,2.0,0,4.0,1.0,13.0,4.0,2.0,12.0,1.0,1.0,2.4,1.0,0.0,0.0,0.0,0.0,1
1,1.0,0,5.0,1.0,4.0,11.0,2.0,11.0,1.0,1.0,0.9,1.0,0.0,0.0,0.0,0.0,1
0,1.0,0,6.0,1.0,3.0,2.0,1.0,13.0,1.0,1.0,2.3,1.0,0.0,0.0,0.0,0.0,1
1,1.0,0,2.0,1.0,14.0,4.0,2.0,9.0,1.0,1.0,3.7,1.0,4.0,11.0,379.0,0.0,1
1,1.0,1,5.0,1.0,13.0,5.0,2.0,7.0,1.0,1.0,3.1,1.0,0.0,0.0,0.0,0.0,1
1,1.0,0,1.0,1.0,13.0,11.0,2.0,13.0,1.0,1.0,0.7,1.0,2.0,0.0,258.29184,0.0,1
1,1.0,0,5.0,1.0,4.0,1.0,2.0,11.0,1.0,1.0,0.4,1.0,0.0,0.0,0.0,0.0,1
1,2.0,1,5.0,1.0,16.0,6.0,2.0,12.0,1.0,1.0,1.7,1.0,0.0,0.0,0.0,0.0,1
1,1.0,0,4.0,1.0,0.0,9.0,1.0,13.0,1.0,4.0,3.0,1.0,0.0,5.0,0.0,3.0,0
1,1.0,1,5.0,1.0,13.0,3.0,1.0,12.0,1.0,1.0,0.0,1.0,0.0,0.0,0.0,0.0,1
1,1.0,1,5.0,1.0,16.0,8.0,1.0,13.0,3.0,1.0,0.4,1.0,4.0,7.0,379.0,0.0,1
1,1.0,1,6.0,1.0,13.0,3.0,2.0,12.0,1.0,1.0,0.6,1.0,0.0,0.0,0.0,0.0,1
1,1.0,1,5.0,1.0,10.0,12.0,1.0,13.0,1.0,1.0,0.9,1.0,0.0,0.0,0.0,0.0,0
1,1.0,1,4.0,1.0,13.0,11.0,1.0,12.0,1.0,1.0,3.0,1.0,0.0,0.0,0.0,0.0,1
1,1.0,0,1.0,1.0,14.0,12.0,2.0,6.0,1.0,1.0,0.6,1.0,0.0,0.0,0.0,0.0,1
1,1.0,1,5.0,1.0,13.0,2.0,1.0,13.0,1.0,1.0,1.0,1.0,0.0,0.0,0.0,0.0,1
1,1.0,0,4.0,1.0,14.0,7.0,1.0,9.0,1.0,1.0,1.6,1.0,0.0,0.0,0.0,0.0,1
1,1.0,1,5.0,1.0,13.0,11.0,1.0,13.0,1.0,1.0,0.9,1.0,0.0,0.0,0.0,0.0,1
1,1.0,1,5.0,1.0,16.0,2.0,1.0,2.0,1.0,1.0,86.3,1.0,3.0,0.0,227.0,0.0,1
1,1.0,0,4.0,1.0,13.0,1.0,2.0,14.0,1.0,1.0,1.1,1.0,0.0,0.0,0.0,0.0,1
1,1.0,1,6.0,1.0,16.0,12.0,1.0,12.0,1.0,1.0,1.1,1.0,0.0,0.0,0.0,0.0,1
1,1.0,1,4.0,1.0,14.0,12.0,2.0,12.0,1.0,1.0,86.3,1.0,0.0,0.0,0.0,0.0,1
1,1.0,0,4.0,1.0,11.0,6.0,1.0,12.0,1.0,1.0,0.8,1.0,0.0,0.0,0.0,0.0,1
0,1.0,1,5.0,1.0,3.0,1.0,1.0,12.0,1.0,1.0,0.9,1.0,0.0,0.0,0.0,0.0,0
1,1.0,0,5.0,1.0,1.0,2.0,1.0,13.0,1.0,1.0,1.4,1.0,0.0,0.0,0.0,0.0,0
1,1.0,0,4.0,1.0,13.0,1.0,1.0,12.0,1.0,1.0,1.2,1.0,0.0,0.0,0.0,0.0,1
1,1.0,1,5.0,1.0,16.0,2.0,1.0,13.0,1.0,1.0,1.1,1.0,0.0,0.0,0.0,0.0,1
1,1.0,0,4.0,1.0,22.0,9.0,2.0,12.0,1.0,1.0,0.9,1.0,0.0,0.0,0.0,0.0,1
1,1.0,0,5.0,1.0,13.0,12.0,1.0,13.0,1.0,1.0,3.5,1.0,0.0,0.0,0.0,0.0,1
1,1.0,0,4.0,1.0,1.0,7.0,2.0,13.0,1.0,1.0,1.8,1.0,0.0,0.0,0.0,0.0,1
1,1.0,0,4.0,1.0,13.0,9.0,2.0,8.0,1.0,1.0,2.3,1.0,0.0,0.0,0.0,0.0,1
1,1.0,1,4.0,1.0,13.0,9.0,1.0,0.0,5.0,1.0,1.5,1.0,0.0,0.0,0.0,0.0,1
1,1.0,0,4.0,1.0,4.0,12.0,1.0,13.0,1.0,1.0,86.3,1.0,0.0,0.0,0.0,0.0,1
0,1.0,1,4.0,1.0,13.0,2.0,1.0,8.0,1.0,1.0,1.0,1.0,0.0,0.0,0.0,0.0,1
1,1.0,1,4.0,1.0,10.0,1.0,1.0,13.0,1.0,1.0,0.6,1.0,0.0,0.0,0.0,0.0,1
1,1.0,0,4.0,1.0,4.0,8.0,1.0,10.0,1.0,1.0,1.6,1.0,0.0,0.0,0.0,0.0,1
1,1.0,0,4.0,1.0,1.0,4.0,1.0,13.0,1.0,1.0,0.6,1.0,0.0,0.0,0.0,0.0,0
1,1.0,0,4.0,1.0,11.0,4.0,1.0,13.0,1.0,1.0,1.9,1.0,0.0,0.0,0.0,0.0,0
1,1.0,0,4.0,1.0,11.0,12.0,1.0,13.0,1.0,1.0,0.8,1.0,0.0,0.0,0.0,0.0,1
1,2.0,1,5.0,1.0,16.0,7.0,2.0,13.0,1.0,1.0,3.0,1.0,0.0,0.0,0.0,0.0,1
0,2.0,0,4.0,1.0,9.0,2.0,1.0,13.0,1.0,1.0,2.7,1.0,0.0,0.0,0.0,0.0,1
1,1.0,0,4.0,1.0,4.0,8.0,1.0,12.0,1.0,1.0,0.6,1.0,0.0,0.0,0.0,0.0,1
1,1.0,1,4.0,1.0,11.0,9.0,1.0,0.0,5.0,1.0,2.1,1.0,3.0,6.0,285.0,0.0,0
1,1.0,1,4.0,1.0,13.0,1.0,1.0,12.0,1.0,1.0,1.0,1.0,0.0,0.0,0.0,0.0,1
1,1.0,1,5.0,1.0,13.0,6.0,1.0,13.0,1.0,1.0,3.0,1.0,0.0,0.0,0.0,0.0,1
1,1.0,0,4.0,1.0,13.0,4.0,2.0,0.0,1.0,1.0,0.0,1.0,0.0,0.0,0.0,0.0,1
0,1.0,1,4.0,1.0,22.0,1.0,2.0,12.0,1.0,1.0,1.8,1.0,4.0,7.0,293.0,0.0,1
1,1.0,1,4.0,1.0,13.0,5.0,1.0,12.0,1.0,1.0,2.6,1.0,4.0,0.0,379.0,0.0,1
1,1.0,1,4.0,1.0,20.0,6.0,1.0,12.0,1.0,1.0,2.1,1.0,0.0,0.0,0.0,0.0,1
1,1.0,0,4.0,1.0,0.0,5.0,1.0,13.0,1.0,1.0,1.7,1.0,0.0,0.0,0.0,1.0,1
1,1.0,0,4.0,1.0,11.0,12.0,2.0,12.0,1.0,1.0,2.5,1.0,0.0,0.0,0.0,0.0,1
1,1.0,1,5.0,1.0,2.0,6.0,1.0,13.0,1.0,1.0,1.7,1.0,0.0,0.0,0.0,0.0,1
0,1.0,0,4.0,1.0,13.0,12.0,1.0,0.0,1.0,1.0,1.4,1.0,0.0,0.0,0.0,0.0,1
1,1.0,0,5.0,1.0,4.0,9.0,1.0,7.0,1.0,1.0,1.2,1.0,0.0,0.0,0.0,0.0,1
1,1.0,0,4.0,1.0,13.0,9.0,2.0,13.0,1.0,1.0,0.6,1.0,0.0,0.0,0.0,0.0,1
0,2.0,1,7.0,1.0,11.0,1.0,1.0,13.0,1.0,1.0,1.7,1.0,0.0,0.0,0.0,0.0,1
0,2.0,0,4.0,1.0,12.0,12.0,2.0,12.0,1.0,1.0,4.2,1.0,0.0,0.0,0.0,0.0,1
1,1.0,1,5.0,1.0,5.0,12.0,1.0,13.0,5.0,1.0,0.8,1.0,0.0,0.0,0.0,3.0,0
1,1.0,0,5.0,1.0,10.0,9.0,2.0,0.0,1.0,1.0,0.0,1.0,0.0,0.0,0.0,0.0,0
1,1.0,0,4.0,1.0,22.0,5.0,2.0,12.0,1.0,1.0,4.2,1.0,0.0,0.0,0.0,0.0,1
1,2.0,1,5.0,1.0,11.0,9.0,1.0,13.0,1.0,1.0,1.9,1.0,0.0,0.0,0.0,0.0,1
1,1.0,1,5.0,1.0,10.0,12.0,1.0,12.0,1.0,1.0,2.0,1.0,0.0,0.0,0.0,0.0,1
1,1.0,1,4.0,1.0,14.0,8.0,1.0,10.0,1.0,1.0,1.0,1.0,0.0,0.0,0.0,0.0,1
1,1.0,1,5.0,1.0,12.0,1.0,2.0,13.0,1.0,1.0,3.0,1.0,0.0,0.0,0.0,0.0,1
1,1.0,1,4.0,1.0,13.0,2.0,1.0,12.0,1.0,1.0,0.6,1.0,0.0,0.0,0.0,0.0,1
1,1.0,0,1.0,1.0,13.0,10.0,2.0,13.0,1.0,1.0,0.2,1.0,0.0,0.0,0.0,0.0,1
1,1.0,0,4.0,1.0,4.0,8.0,2.0,12.0,1.0,1.0,1.0,1.0,0.0,0.0,0.0,0.0,1
1,1.0,1,5.0,1.0,14.0,4.0,1.0,0.0,5.0,1.0,1.8,1.0,0.0,0.0,0.0,0.0,1
1,1.0,1,5.0,1.0,10.0,12.0,1.0,12.0,1.0,1.0,0.1,1.0,0.0,0.0,0.0,0.0,1
1,1.0,0,5.0,1.0,16.0,1.0,2.0,12.0,1.0,1.0,2.0,1.0,0.0,0.0,0.0,0.0,1
1,1.0,0,5.0,1.0,11.0,4.0,2.0,9.0,1.0,1.0,1.8,1.0,0.0,0.0,0.0,0.0,1
0,1.0,0,4.0,1.0,0.0,1.0,1.0,10.0,1.0,1.0,86.3,1.0,0.0,0.0,0.0,0.0,0
1,1.0,1,5.0,1.0,13.0,7.0,2.0,13.0,1.0,1.0,2.0,1.0,0.0,0.0,0.0,0.0,1
1,1.0,0,4.0,1.0,16.0,1.0,2.0,13.0,1.0,1.0,1.0,1.0,0.0,0.0,0.0,0.0,1
1,1.0,1,5.0,1.0,10.0,1.0,1.0,7.0,1.0,1.0,1.7,1.0,0.0,0.0,0.0,3.0,0
1,1.0,0,4.0,1.0,13.0,5.0,2.0,12.0,5.0,1.0,86.3,1.0,0.0,0.0,0.0,0.0,1
1,1.0,0,4.0,1.0,16.0,12.0,1.0,0.0,1.0,1.0,3.1,1.0,0.0,0.0,0.0,0.0,1
1,1.0,0,1.0,1.0,14.0,1.0,2.0,14.0,1.0,1.0,2.0,1.0,0.0,0.0,0.0,0.0,1
1,1.0,1,4.0,1.0,13.0,6.0,1.0,13.0,1.0,1.0,4.1,1.0,0.0,0.0,0.0,0.0,1
1,1.0,0,1.0,1.0,14.0,12.0,2.0,10.0,1.0,1.0,2.0,1.0,0.0,0.0,0.0,0.0,1
1,1.0,0,4.0,1.0,6.0433073,7.0,1.0,12.0,1.0,1.0,15.259332,1.0,0.0,0.0,0.0,0.0,1
0,1.0,0,4.0,1.0,11.0,12.0,1.0,10.0,1.0,1.0,2.6,1.0,0.0,0.0,0.0,0.0,1
1,1.0,1,4.0,1.0,22.0,5.0,2.0,0.0,1.0,1.0,86.3,1.0,0.0,0.0,0.0,0.0,1
1,1.0,1,5.0,1.0,13.0,8.0,2.0,9.0,2.0,1.0,0.0,1.0,0.0,0.0,0.0,0.0,1
1,1.0,0,4.0,1.0,13.0,1.0,1.0,12.0,1.0,1.0,1.2,1.0,0.0,0.0,0.0,0.0,1
0,1.0,1,5.0,1.0,16.0,5.0,1.0,12.0,1.0,1.0,3.4,1.0,0.0,0.0,0.0,0.0,1
1,1.0,0,4.0,1.0,0.0,5.0,1.0,10.0,2.0,1.0,86.3,1.0,0.0,0.0,0.0,1.0,0
1,1.0,0,4.0,1.0,10.0,10.0,1.0,13.0,1.0,1.0,3.8,1.0,0.0,0.0,0.0,0.0,1
1,1.0,1,4.0,1.0,11.0,1.0,2.0,12.0,1.0,1.0,1.4,1.0,0.0,0.0,0.0,0.0,1
0,1.0,1,5.0,1.0,13.0,6.0,1.0,8.0,5.0,1.0,1.2,1.0,0.0,0.0,0.0,0.0,1
1,1.0,0,4.0,1.0,13.0,8.0,1.0,13.0,1.0,1.0,86.3,1.0,0.0,0.0,0.0,0.0,1
1,1.0,0,4.0,1.0,0.0,6.0,1.0,12.0,1.0,1.0,3.1,1.0,0.0,0.0,0.0,0.0,1
1,1.0,0,4.0,1.0,1.0,9.0,1.0,10.770774,1.0,1.0,2.4,1.0,0.0,0.0,0.0,0.0,0
1,1.0,1,4.0,1.0,13.0,4.0,2.0,13.0,1.0,1.0,0.0,1.0,0.0,0.0,0.0,0.0,1
1,1.0,1,5.0,1.0,13.0,9.0,1.0,12.0,1.0,1.0,86.3,1.0,0.0,0.0,0.0,0.0,1
1,1.0,0,4.0,1.0,10.0,1.0,2.0,13.0,1.0,1.0,2.5,1.0,0.0,0.0,0.0,0.0,1
1,1.0,0,4.0,1.0,11.0,10.0,1.0,7.0,1.0,1.0,1.8,1.0,0.0,0.0,0.0,0.0,1
1,1.0,0,5.0,1.0,14.0,11.0,2.0,12.0,1.0,1.0,0.09552633,1.0,0.0,0.0,0.0,0.0,1
1,1.0,1,5.0,1.0,11.0,11.0,1.0,12.0,1.0,1.0,0.3,1.0,0.0,0.0,0.0,0.0,1
0,1.0,0,4.0,1.0,14.0,12.0,2.0,0.0,1.0,1.0,0.7,1.0,0.0,0.0,0.0,0.0,1
1,1.0,0,4.0,1.0,13.0,8.0,1.0,13.0,1.0,1.0,1.1,1.0,0.0,0.0,0.0,0.0,1
1,2.0,0,4.0,1.0,1.0,4.0,1.0,12.0,1.0,1.0,0.9,1.0,0.0,0.0,0.0,0.0,0
1,1.0,1,5.0,1.0,22.0,7.0,1.0,13.0,1.0,1.0,1.7,1.0,0.0,0.0,0.0,0.0,1
1,2.0,0,5.0,1.0,6.0,4.0,2.0,13.0,1.0,1.0,2.0,1.0,0.0,0.0,0.0,0.0,1
1,1.0,0,5.0,1.0,13.0,12.0,1.0,13.0,1.0,1.0,2.7,1.0,0.0,0.0,0.0,0.0,1
1,1.0,0,4.0,1.0,13.0,7.0,2.0,13.0,1.0,1.0,1.3,1.0,0.0,0.0,0.0,0.0,1
1,1.0,0,4.0,1.0,13.0,9.0,2.0,0.0,1.0,1.0,0.4,1.0,0.0,0.0,0.0,0.0,1
0,1.0,1,5.0,1.0,13.0,3.0,2.0,12.0,1.0,1.0,86.3,1.0,0.0,0.0,0.0,0.0,1
1,1.0,0,4.0,1.0,11.0,11.0,2.0,13.0,1.0,1.0,0.8,1.0,0.0,0.0,0.0,0.0,1
1,1.0,0,5.0,1.0,1.0,5.0,1.0,13.0,1.0,1.0,1.7,1.0,0.0,0.0,0.0,0.0,1
1,1.0,1,4.0,1.0,10.0,6.0,1.0,8.0,5.0,1.0,1.5,1.0,0.0,0.0,0.0,0.0,1
1,1.0,1,7.0,1.0,22.0,12.0,1.0,12.0,1.0,1.0,0.7,1.0,0.0,0.0,0.0,0.0,1
1,1.0,1,6.0,1.0,14.0,6.0,1.0,12.0,1.0,1.0,1.8,1.0,0.0,0.0,0.0,0.0,1
1,1.0,1,5.0,1.0,4.0,1.0,1.0,12.0,1.0,1.0,2.4,1.0,0.0,0.0,0.0,0.0,1
1,1.0,0,4.0,1.0,11.0,8.0,2.0,10.0,1.0,1.0,0.0,1.0,0.0,0.0,0.0,0.0,1
1,1.0,0,4.0,1.0,10.0,1.0,1.0,12.0,5.0,1.0,1.8,1.0,0.0,0.0,0.0,0.0,1
1,1.0,0,4.0,1.0,4.0,8.0,1.0,12.0,1.0,1.0,1.2,1.0,4.0,11.0,379.0,0.0,1
1,1.0,1,5.0,1.0,11.0,1.0,2.0,12.0,1.0,1.0,2.0,1.0,0.0,0.0,0.0,0.0,1
1,1.0,0,5.0,1.0,6.0,9.0,2.0,12.0,1.0,1.0,0.0,1.0,0.0,0.0,0.0,0.0,1
1,1.0,1,4.0,1.0,13.0,3.0,1.0,7.0,1.0,1.0,1.5,1.0,0.0,0.0,196.48936,0.0,1
1,1.0,1,5.0,1.0,16.0,12.0,1.0,13.0,1.0,1.0,1.3,1.0,0.0,0.0,0.0,0.0,1
0,1.0,1,4.0,1.0,21.0,2.0,1.0,12.0,1.0,1.0,0.5,1.0,0.0,0.0,0.0,0.0,1
1,1.0,1,6.0,1.0,4.952665,9.0,2.0,7.0,1.0,1.0,0.0,1.0,0.0,0.0,0.0,0.0,1
1,1.0,0,4.0,1.0,1.0,3.0,1.0,9.0,1.0,1.0,0.5,1.0,0.0,0.0,0.0,0.0,1
0,1.0,0,4.0,1.0,13.0,5.0,2.0,13.0,1.0,1.0,1.6,1.0,0.0,0.0,0.0,0.0,1
1,1.0,0,5.0,1.0,13.0,12.0,1.0,12.0,1.0,1.0,0.8,1.0,0.0,0.0,0.0,0.0,1
1,1.0,0,4.0,1.0,13.0,1.0,1.0,13.0,1.0,1.0,0.0,1.0,0.0,0.0,0.0,0.0,1
1,1.0,0,5.0,1.0,1.0,3.0,1.0,13.0,1.0,1.0,0.4,1.0,0.0,0.0,0.0,1.0,1
1,1.0,1,5.0,1.0,16.0,7.0,1.0,13.0,1.0,1.0,86.3,1.0,0.0,0.0,0.0,0.0,1
1,1.0,0,4.0,1.0,4.0,7.0,1.0,0.0,1.0,1.0,1.4,1.0,0.0,0.0,0.0,0.0,1
1,1.0,0,5.0,1.0,0.0,7.0,1.0,13.0,5.0,1.0,2.0,1.0,0.0,0.0,0.0,3.0,1
1,1.0,0,4.0,1.0,4.0,6.0,1.0,12.0,1.0,1.0,2.6,1.0,0.0,0.0,0.0,0.0,1
0,1.0,0,5.0,1.0,0.0,12.0,1.0,13.0,1.0,1.0,2.4,1.0,0.0,0.0,0.0,0.0,1
1,1.0,0,4.0,1.0,10.0,6.0,2.0,12.0,1.0,1.0,1.239509,1.0,0.0,0.0,0.0,0.0,1
1,1.0,0,4.0,1.0,0.0,2.0,1.0,13.0,1.0,1.0,1.2,1.0,0.0,0.0,0.0,3.0,0
1,1.0,0,4.0,1.0,11.0,12.0,2.0,13.0,1.0,1.0,0.4,1.0,0.0,0.0,0.0,0.0,1
1,1.0,1,4.0,1.0,14.0,10.0,1.0,12.0,1.0,1.0,1.4,1.0,4.0,7.0,379.0,0.0,1
0,1.0,0,5.0,1.0,5.0,8.0,1.0,12.0,5.0,1.0,0.9,1.0,0.0,0.0,0.0,1.0,0
1,1.0,0,5.0,1.0,10.0,12.0,1.0,14.0,1.0,1.0,86.3,1.0,0.0,0.0,0.0,0.0,1
1,1.0,0,4.0,1.0,0.0,9.0,1.0,7.0,1.0,1.0,1.6,1.0,0.0,0.0,0.0,0.0,1
1,1.0,1,4.0,1.0,10.0,4.0,2.0,13.0,1.0,1.0,0.4,1.0,0.0,0.0,0.0,0.0,1
1,1.0,0,4.0,1.0,13.0,8.0,2.0,12.0,1.0,1.0,1.0,1.0,0.0,0.0,0.0,0.0,1
1,1.0,1,4.0,1.0,13.0,1.0,2.0,12.0,5.0,1.0,1.3,1.0,0.0,0.0,0.0,0.0,1
1,2.0,0,4.0,1.0,13.0,12.0,2.0,14.0,1.0,1.0,86.3,1.0,0.0,0.0,0.0,0.0,1
1,1.0,0,4.0,1.0,15.0,4.0,2.0,12.0,1.0,1.0,1.8,1.0,4.0,11.0,379.0,0.0,1
1,1.0,1,5.0,1.0,7.0,9.0,1.0,10.0,1.0,1.0,0.9,1.0,0.0,0.0,0.0,0.0,1
0,1.0,0,5.0,1.0,1.0,12.0,1.0,13.0,1.0,1.0,3.1,1.0,0.0,0.0,0.0,0.0,1
1,1.0,1,4.0,1.0,13.0,2.0,1.0,3.0,5.0,1.0,1.9,1.0,4.0,11.0,379.0,3.0,0
1,1.0,1,5.0,1.0,13.0,8.0,2.0,7.0,1.0,1.0,3.1,1.0,0.0,0.0,0.0,0.0,1
1,1.0,0,5.0,1.0,13.0,8.0,1.0,0.0,1.0,1.0,86.3,1.0,0.0,0.0,0.0,0.0,1
1,1.0,0,4.0,1.0,10.0,8.0,1.0,12.0,1.0,1.0,3.2,1.0,0.0,0.0,0.0,0.0,1
1,1.0,1,5.0,1.0,4.0,7.0,1.0,12.0,1.0,1.0,0.0,1.0,0.0,0.0,0.0,0.0,0
1,1.0,0,4.0,1.0,0.0,8.0,2.0,13.0,1.0,1.0,1.9,1.0,0.0,0.0,0.0,0.0,1
1,1.0,0,4.0,1.0,14.0,2.0376046,2.0,12.0,1.0,1.0,3.3,1.0,0.0,0.0,0.0,0.0,1
1,1.0,1,7.0,1.0,13.0,10.0,1.0,12.0,1.0,1.0,1.1,1.0,0.0,0.0,0.0,0.0,1
1,1.0,1,5.0,1.0,1.0,12.0,1.0,12.0,1.0,1.0,1.1,1.0,0.0,0.0,0.0,0.0,0
1,1.0,1,6.0,1.0,16.0,7.0,1.0,14.0,1.0,1.0,6.4,1.0,0.0,0.0,0.0,0.0,1
0,1.0,0,4.0,1.0,15.0,3.0,1.0,12.0,1.0,1.0,1.8,1.0,0.0,0.0,0.0,0.0,1
1,1.0,0,4.0,1.0,13.0,11.0,2.0,12.0,1.0,1.0,0.9,1.0,0.0,0.0,0.0,0.0,1
1,1.0,0,4.0,1.0,15.0,1.0,2.0,13.0,1.0,1.0,0.0,1.0,0.0,0.0,0.0,0.0,1
1,1.0,1,6.0,1.0,16.0,8.0,1.0,14.0,1.0,1.0,1.6,1.0,0.0,0.0,0.0,0.0,1
1,1.0,1,4.0,1.0,13.0,3.0,1.0,14.0,1.0,1.0,3.1,1.0,0.0,0.0,0.0,0.0,1
1,1.0,0,4.0,1.0,7.0,7.0,1.0,12.0,1.0,1.0,86.3,1.0,0.0,0.0,0.0,0.0,1
1,1.0,1,6.0,1.0,13.0,5.0,1.0,13.0,1.0,1.0,0.4,1.0,0.0,0.0,0.0,0.0,1
1,1.0,0,4.0,1.0,11.0,12.0,1.0,12.0,1.0,1.0,0.0,1.0,0.0,0.0,0.0,0.0,0
1,1.0,0,4.0,1.0,4.0,2.0,1.0,13.0,1.0,1.0,0.0,1.0,0.0,0.0,0.0,0.0,1
1,1.0,1,7.0,1.0,11.0,5.0,1.0,12.0,1.0,1.0,0.8,1.0,0.0,0.0,0.0,0.0,0
0,2.0,0,4.0,1.0,1.0,3.0,2.0,13.0,1.0,1.0,86.3,1.0,0.0,0.0,0.0,0.0,1
1,1.0,0,4.0,1.0,13.0,11.0,1.0,12.0,1.0,1.0,0.0,1.0,0.0,0.0,0.0,0.0,1
1,1.0,0,5.0,1.0,7.0,8.0,2.0,12.0,1.0,1.0,0.0,1.0,0.0,0.0,0.0,0.0,1
0,1.0,1,5.0,1.0,13.0,12.0,1.0,0.0,1.0,1.0,1.4,1.0,0.0,0.0,0.0,0.0,1
1,1.0,0,4.0,1.0,13.0,7.0,1.0,12.0,1.0,1.0,1.2,1.0,0.0,0.0,0.0,0.0,1
1,1.0,1,5.0,1.0,15.0,11.0,2.0,13.0,1.0,1.0,3.0,1.0,0.0,0.0,0.0,0.0,1
0,1.0,1,4.0,1.0,22.0,2.0,2.0,12.0,1.0,1.0,1.4,1.0,0.0,0.0,0.0,0.0,1
1,1.0,1,6.0,1.0,22.0,1.0,1.0,13.0,1.0,1.0,3.1,1.0,0.0,0.0,0.0,0.0,1
1,1.0,1,5.0,1.0,9.0,8.0,1.0,3.0,1.0,1.0,1.4,1.0,3.0,0.0,258.24335,0.0,1
1,1.0,0,4.0,1.0,13.0,11.0,2.0,12.0,1.0,1.0,1.1,1.0,0.0,0.0,0.0,0.0,1
1,1.0,0,4.0,1.0,13.0,1.0,1.0,12.0,1.0,1.0,0.0,1.0,0.0,0.0,0.0,0.0,1
1,2.0,0,5.0,1.0,0.0,3.0,1.0,13.0,1.0,2.0,2.0,1.0,0.0,0.0,0.0,3.0,0
1,1.0,1,5.0,1.0,6.0,12.0,1.0,14.0,1.0,1.0,3.9,1.0,0.0,0.0,0.0,0.0,1
1,1.0,0,4.0,1.0,1.0,1.0,1.0,12.0,1.0,1.0,0.9,1.0,0.0,0.0,0.0,3.0,0
0,1.0,0,5.0,1.0,4.0,5.0,2.0,12.0,1.0,1.0,1.9,1.0,0.0,0.0,0.0,0.0,1
1,1.0,0,4.0,1.0,16.0,8.0,2.0,13.0,1.0,1.0,2.3,1.0,0.0,0.0,0.0,0.0,1
1,1.0,1,4.0,1.0,16.0,1.0,2.0,13.0,1.0,1.0,1.4,1.0,0.0,0.0,0.0,0.0,1
0,2.0,1,5.0,1.0,16.0,5.0,1.0,13.0,1.0,1.0,86.3,1.0,0.0,0.0,0.0,0.0,1
1,1.0,1,5.0,1.0,13.0,4.0,1.0,2.0,1.0,1.0,1.9,1.0,4.0,11.0,379.0,0.0,1
1,1.0,0,5.0,1.0,10.0,9.0,1.0,13.0,1.0,1.0,2.5,1.0,0.0,0.0,0.0,0.0,1
1,1.0,1,5.0,1.0,16.0,3.0,2.0,12.0,1.0,1.0,86.3,1.0,0.0,0.0,0.0,0.0,1
0,1.0,0,5.0,1.0,4.0,9.0,1.0,12.0,1.0,1.0,1.1,1.0,0.0,0.0,0.0,0.0,1
1,1.0,1,5.0,1.0,10.0,9.0,1.0,7.0,5.0,1.0,1.7,1.0,0.0,0.0,0.0,0.0,1
0,1.0,0,4.0,1.0,13.0,10.0,2.0,12.0,1.0,1.0,1.0,1.0,0.0,0.0,0.0,0.0,1
1,1.0,0,4.0,1.0,13.0,12.0,1.0,12.0,1.0,1.0,0.2,1.0,0.0,0.0,0.0,0.0,1
0,1.0,0,5.0,1.0,2.0,7.0,2.0,13.0,1.0,1.0,1.9,1.0,0.0,0.0,0.0,0.0,1
0,1.0,0,4.0,1.0,0.0,9.0,1.0,9.0,1.0,1.0,2.8,1.0,0.0,0.0,0.0,0.0,1
1,1.0,0,4.0,1.0,11.0,6.0,2.0,12.0,1.0,1.0,1.0,1.0,0.0,0.0,0.0,0.0,1
1,1.0,0,4.0,1.0,13.0,3.0,1.0,12.0,5.0,1.0,1.7,1.0,3.0,0.0,310.682,0.0,1
1,2.0,0,5.0,1.0,1.0,1.0,1.0,10.0,1.0,1.0,1.0,1.0,0.0,0.0,0.0,0.0,0
1,1.0,0,4.0,1.0,11.0,3.0,2.0,12.0,1.0,1.0,1.4,1.0,0.0,0.0,0.0,0.0,1
1,1.0,1,4.0,1.0,13.0,4.0,2.0,10.0,1.0,1.0,0.0,1.0,0.0,0.0,0.0,0.0,1
1,1.0,1,4.0,1.0,11.0,1.0,2.0,8.0,1.0,1.0,0.8,1.0,0.0,0.0,0.0,0.0,1
1,1.0,1,4.0,1.0,11.0,2.0,2.0,12.0,1.0,1.0,0.5,1.0,0.0,0.0,0.0,0.0,1
1,1.0,0,4.0,1.0,8.0,9.0,2.0,12.0,1.0,1.0,86.3,1.0,0.0,0.0,0.0,0.0,1
1,1.0,0,4.0,1.0,1.0,10.0,2.0,4.0,1.0,1.0,4.7,1.0,0.0,0.0,0.0,0.0,1
1,1.0,1,5.0,1.0,11.0,3.0,1.0,12.0,1.0,1.0,0.4,1.0,0.0,0.0,0.0,0.0,1
1,2.0,1,5.0,1.0,10.0,8.0,1.0,12.0,1.0,2.0,1.5,1.0,0.0,0.0,0.0,3.0,1
1,1.0,0,4.0,1.0,11.0,5.0,2.0,0.0,1.0,1.0,1.6,1.0,0.0,0.0,0.0,0.0,1
1,1.0,1,5.0,1.0,13.0,5.0,1.0,4.7099214,1.0,1.0,1.9,1.0,0.0,0.0,222.34438,0.0,1
1,1.0,1,6.0,1.0,15.0,1.0,1.0,14.0,1.0,1.0,1.5,1.0,0.0,0.0,0.0,0.0,1
1,1.0,0,4.0,1.0,13.0,2.0,1.0,13.0,1.0,1.0,2.7,1.0,0.0,0.0,0.0,0.0,1
1,1.0,1,5.0,1.0,13.0,3.0,1.0,0.0,1.0,1.0,4.7795277,1.0,0.0,0.0,0.0,0.0,1
1,1.0,0,4.0,1.0,4.0,1.0,1.0,0.0,1.0,1.0,86.3,1.0,0.0,0.0,0.0,0.0,1
1,1.0,1,7.0,1.0,13.0,4.0,2.0,12.0,1.0,1.0,1.0,1.0,0.0,0.0,0.0,0.0,1
1,1.0,1,4.0,1.0,16.0,1.0,1.0,12.0,1.0,1.0,2.5,1.0,0.0,0.0,0.0,0.0,1
0,1.0,0,1.0,1.0,10.0,1.0,1.0,12.0,1.0,1.0,86.3,1.0,0.0,0.0,0.0,0.0,1
0,2.0,1,4.0,1.0,0.0,12.0,1.0,12.0,1.0,1.0,3.4,1.0,0.0,0.0,0.0,0.0,1
1,1.0,0,4.0,1.0,4.0,5.0,1.0,13.0,1.0,1.0,1.0,1.0,0.0,0.0,0.0,0.0,1
1,1.0,0,4.0,1.0,16.0,7.0,1.0,7.0,1.0,1.0,1.8,1.0,0.0,0.0,0.0,0.0,1
1,2.0,0,4.0,1.0,0.0,3.0,1.0,13.0,1.0,1.0,2.4,1.0,0.0,0.0,0.0,1.0,1
1,1.0,1,5.0,1.0,16.0,5.0,1.0,13.0,1.0,1.0,1.0,1.0,0.0,0.0,0.0,0.0,1
1,1.0,0,5.0,1.0,0.0,3.0,1.0,12.0,1.0,1.0,1.2,1.0,0.0,0.0,0.0,0.0,0
1,1.0,0,4.0,1.0,11.0,1.0,1.0,12.0,1.0,1.0,0.5,1.0,0.0,0.0,0.0,0.0,1
1,1.0,0,4.0,1.0,11.0,9.0,1.0,12.0,1.0,1.0,5.9,1.0,0.0,0.0,0.0,0.0,1
1,1.0,1,5.0,1.0,14.0,1.0,1.0,13.0,1.0,1.0,1.5,1.0,0.0,0.0,0.0,0.0,1
1,1.0,0,4.0,1.0,11.0,9.0,2.0,13.0,1.0,1.0,0.0,1.0,4.0,11.0,379.0,0.0,1
1,1.0,1,4.0,1.0,16.0,4.0,1.0,12.0,1.0,1.0,0.4,1.0,4.0,2.0,379.0,0.0,1
1,1.0,0,4.0,1.0,16.0,6.0,1.0,8.0,1.0,1.0,2.7,1.0,0.0,0.0,0.0,0.0,1
1,2.0,0,4.0,1.0,10.0,6.0,2.0,12.0,1.0,1.0,1.4,1.0,0.0,0.0,0.0,0.0,1
1,1.0,0,4.0,1.0,10.0,1.0,2.0,13.0,1.0,1.0,1.1,1.0,0.0,0.0,0.0,0.0,1
1,1.0,0,4.0,1.0,10.0,4.0,2.0,9.0,1.0,1.0,0.6,1.0,0.0,0.0,0.0,0.0,0
1,1.0,0,1.0,1.0,16.0,3.0,1.0,12.0,1.0,1.0,0.9,1.0,0.0,0.0,0.0,0.0,1
0,1.0,0,4.0,1.0,10.0,5.0,2.0,6.0,1.0,1.0,1.1,1.0,0.0,0.0,0.0,0.0,1
1,1.0,0,4.0,1.0,13.0,7.0,1.0,12.0,2.0,1.0,1.1,1.0,0.0,0.0,0.0,0.0,1
1,1.0,0,4.0,1.0,0.0,9.0,1.0,2.0,5.0,1.0,1.9,1.0,0.0,0.0,0.0,3.0,0
1,1.0,0,4.0,1.0,13.0,8.0,2.0,13.0,1.0,1.0,3.6,1.0,0.0,0.0,0.0,0.0,1
1,1.0,0,4.0,1.0,4.0,6.0,2.0,0.0,1.0,1.0,1.1,1.0,0.0,0.0,0.0,0.0,1
1,1.0,0,4.0,1.0,4.0,8.0,1.0,12.0,1.0,1.0,1.6,1.0,0.0,0.0,0.0,0.0,0
1,1.0,0,5.0,1.0,10.0,1.0,2.0,12.0,1.0,1.0,0.2,1.0,0.0,0.0,0.0,0.0,1
1,1.0,1,5.0,1.0,13.0,1.0,1.0,9.0,1.0,1.0,1.2,1.0,0.0,0.0,0.0,0.0,1
1,1.0,1,5.0,1.0,0.0,7.0,1.0,12.0,5.0,1.0,0.9,1.0,0.0,0.0,0.0,3.0,0
1,1.0,0,4.0,1.0,13.0,6.0,1.0,13.0,1.0,1.0,0.0,1.0,0.0,0.0,0.0,0.0,1
1,1.0,0,4.0,1.0,11.0,8.0,2.0,12.0,1.0,1.0,1.3304585,1.0,0.0,0.0,0.0,0.0,1
0,2.0,0,4.0,1.0,16.0,10.0,1.0,14.0,1.0,1.0,86.3,1.0,0.0,0.0,0.0,0.0,1
1,2.0,0,4.0,1.0,10.0,6.0,1.0,12.0,1.0,1.0,1.1,1.0,0.0,0.0,0.0,0.0,1
1,1.0,0,4.0,1.0,0.0,3.0,2.0,12.0,1.0,1.0,1.4,1.0,0.0,0.0,0.0,0.0,1
1,1.0,0,4.0,1.0,0.0,6.0,1.0,12.0,1.0,1.0,1.2,1.0,0.0,0.0,0.0,0.0,0
1,1.0,0,4.0,1.0,0.0,6.0,2.0,13.0,1.0,1.0,0.9,1.0,0.0,0.0,0.0,0.0,1
1,2.0,0,5.0,1.0,13.0,1.0,2.0,13.0,1.0,1.0,2.4,1.0,0.0,0.0,0.0,0.0,1
1,1.0,1,5.0,1.0,22.0,1.0,2.0,12.0,1.0,1.0,1.1,1.0,0.0,0.0,0.0,0.0,1
1,1.0,0,5.0,1.0,4.0,4.0,1.0,0.0,1.0,1.0,1.3,1.0,0.0,0.0,0.0,0.0,0
1,1.0,1,7.0,1.0,16.0,12.0,2.0,0.0,1.0,1.0,0.9,1.0,0.0,0.0,0.0,0.0,1
1,1.0,0,4.0,1.0,13.0,1.0,1.0,13.0,1.0,1.0,2.3,1.0,0.0,0.0,0.0,0.0,1
1,1.0,1,5.0,1.0,14.0,7.0,1.0,13.0,1.0,1.0,1.0,1.0,0.0,0.0,0.0,0.0,1
1,1.0,0,4.0,1.0,16.0,1.0,1.0,12.0,1.0,1.0,0.0,1.0,3.0,7.0,295.56067,0.0,1
1,1.0,0,4.0,1.0,12.0,10.0,1.0,5.0,1.0,1.0,2.2,1.0,0.0,0.0,0.0,0.0,1
1,1.0,1,6.0,1.0,13.0,9.0,1.0,3.0,1.0,1.0,1.1,1.0,2.0,7.0,214.19952,0.0,1
1,1.0,0,5.0,1.0,0.0,6.0,1.0,13.0,1.0,1.0,1.7,1.0,0.0,0.0,0.0,3.0,0
1,1.0,0,4.0,1.0,13.0,1.0,1.0,4.0,1.0,1.0,3.0,1.0,0.0,0.0,0.0,0.0,1
1,1.0,0,1.0,1.0,22.0,2.0,2.0,12.0,1.0,1.0,3.0,1.0,0.0,0.0,0.0,0.0,1
1,1.0,1,5.0,1.0,14.0,4.0,1.0,12.0,1.0,1.0,3.4,1.0,0.0,0.0,270.16718,0.0,1
0,1.0,1,4.0,1.0,13.0,10.0,1.0,0.0,1.0,1.0,0.7,1.0,4.0,7.0,379.0,0.0,1
1,1.0,0,4.0,1.0,0.0,5.0,1.0,12.0,1.0,1.0,1.4,1.0,0.0,0.0,0.0,3.0,0
0,1.0,0,4.0,1.0,8.0,9.0,1.0,12.0,1.0,1.0,2.1,1.0,3.0,0.0,53.04213,0.0,0
1,1.0,0,4.0,1.0,13.0,5.0,2.0,12.0,1.0,1.0,0.7,1.0,4.0,11.0,379.0,0.0,1
1,1.0,0,4.0,1.0,13.0,11.0,1.0,12.0,1.0,1.0,1.0,1.0,0.0,0.0,0.0,0.0,1
0,1.0,0,4.0,1.0,13.0,6.0,2.0,12.0,1.0,1.0,0.0,1.0,0.0,0.0,0.0,0.0,1
1,1.0,0,4.0,1.0,14.0,7.0,1.0,13.0,1.0,1.0,2.3,1.0,0.0,0.0,0.0,0.0,1
0,1.0,0,4.0,1.0,13.0,1.0,2.0,13.0,1.0,1.0,1.7,1.0,0.0,0.0,0.0,0.0,1
0,1.0,0,4.0,1.0,16.0,2.0,1.0,10.0,1.0,1.0,1.6,1.0,0.0,0.0,0.0,0.0,1
1,1.0,1,6.0,1.0,4.0,12.0,1.0,13.0,1.0,1.0,4.6,1.0,0.0,0.0,0.0,0.0,1
1,1.0,0,5.0,1.0,1.0,8.0,1.0,13.0,1.0,1.0,0.2,1.0,0.0,0.0,0.0,3.0,0
1,1.0,1,5.0,1.0,0.0,5.0,1.0,13.0,5.0,1.0,0.4,1.0,0.0,0.0,0.0,3.0,0
1,1.0,0,5.0,1.0,13.0,1.0,2.0,11.0,1.0,1.0,1.1,1.0,0.0,0.0,0.0,0.0,1
1,1.0,1,5.0,1.0,13.0,3.0,1.0,12.0,1.0,1.0,1.0,1.0,0.0,0.0,0.0,0.0,1
1,1.0,1,4.0,1.0,13.0,10.0,1.0,13.0,1.0,1.0,1.5,1.0,4.0,11.0,379.0,0.0,1
1,1.0,0,4.0,1.0,13.0,7.0,1.0,6.0,1.0,1.0,1.4,1.0,4.0,6.0,379.0,0.0,0
1,1.0,0,5.0,1.0,10.0,8.0,2.0,12.0,1.0,1.0,1.3,1.0,0.0,0.0,0.0,0.0,1
0,1.0,1,5.0,1.0,13.0,1.0,1.0,13.0,5.0,1.0,2.6,1.0,0.0,0.0,0.0,0.0,1
1,1.0,0,2.0,1.0,13.0,9.0,2.0,0.0,1.0,1.0,1.2,1.0,0.0,0.0,0.0,0.0,1
0,1.0,0,4.0,1.0,13.0,9.0,2.0,12.0,1.0,1.0,1.4,1.0,0.0,0.0,0.0,0.0,1
1,2.0,1,4.0,1.0,1.0,3.0,1.0,12.0,1.0,2.0,3.5,1.0,0.0,0.0,0.0,3.0,0
1,1.0,0,5.0,1.0,0.0,4.0,1.0,12.0,1.0,1.0,1.6,1.0,0.0,0.0,0.0,3.0,0
1,1.0,0,4.0,1.0,14.0,4.0,2.0,12.0,1.0,1.0,86.3,1.0,0.0,0.0,0.0,0.0,1
0,1.0,1,4.0,1.0,14.0,3.0,2.0,7.0,1.0,1.0,2.9,1.0,0.0,0.0,0.0,0.0,1
0,1.0,0,4.0,1.0,13.0,10.0,2.0,13.0,1.0,1.0,86.3,1.0,0.0,0.0,0.0,0.0,1
1,1.0,1,4.0,1.0,13.0,7.0,1.0,12.0,1.0,1.0,1.8,1.0,4.0,5.0,379.0,0.0,1
1,1.0,0,1.0,1.0,16.0,7.0,2.0,12.0,1.0,1.0,0.7749136,1.0,0.0,0.0,0.0,0.0,1
1,1.0,1,5.0,2.0,11.0,1.0,2.0,12.0,5.0,1.0,1.1,1.0,0.0,0.0,0.0,0.0,1
1,1.0,0,4.0,1.0,0.0,1.0,1.0,12.0,5.0,1.0,3.2,1.0,0.0,0.0,0.0,0.0,1
1,1.0,0,1.0,1.0,16.0,1.0,1.0,13.0,1.0,1.0,2.0,1.0,0.0,0.0,0.0,0.0,1
1,1.0,0,4.0,1.0,14.0,5.0,1.0,13.0,1.0,1.0,0.3,1.0,4.0,7.0,379.0,0.0,1
1,1.0,1,6.0,1.0,14.0,6.0,1.0,10.0,1.0,1.0,2.1,1.0,0.0,0.0,0.0,0.0,1
0,1.0,0,4.0,1.0,22.0,8.0,1.0,14.0,1.0,1.0,86.3,1.0,0.0,0.0,0.0,0.0,1
1,1.0,0,4.0,1.0,10.0,10.0,1.0,13.0,1.0,1.0,86.3,1.0,0.0,0.0,0.0,0.0,1
1,1.0,1,4.0,1.0,13.0,8.0,2.0,14.0,1.0,1.0,86.3,1.0,0.0,0.0,0.0,0.0,1
1,1.0,0,4.0,1.0,0.0,7.0,1.0,12.0,1.0,1.0,3.6,1.0,0.0,0.0,0.0,0.0,0
1,2.0,0,4.0,1.0,0.0,5.0,1.0,14.0,1.0,1.0,2.1170876,1.0,0.0,0.0,0.0,3.0,0
0,1.0,1,5.0,1.0,16.0,11.0,1.0,13.0,1.0,1.0,1.7,1.0,0.0,0.0,0.0,0.0,1
0,1.0,1,4.0,1.0,10.0,1.0,1.0,0.0,1.0,1.0,3.0,1.0,0.0,0.0,0.0,0.0,1
1,1.0,0,5.0,1.0,13.0,10.0,2.0,3.0,1.0,1.0,1.3,1.0,0.0,0.0,0.0,0.0,1
1,1.0,1,7.0,1.0,13.0,5.0,2.0,10.0,1.0,1.0,0.7,1.0,0.0,0.0,0.0,0.0,1
1,1.0,0,4.0,1.0,13.0,5.0,1.0,13.0,1.0,1.0,5.1168804,1.0,0.0,0.0,0.0,0.0,1
1,1.0,0,4.0,1.0,5.0,6.0,1.0,13.0,1.0,1.0,1.4,1.0,0.0,0.0,0.0,0.0,1
1,1.0,1,4.0,1.0,3.0,11.0,1.0,12.0,1.0,1.0,1.2,1.0,0.0,0.0,0.0,0.0,0
1,1.0,1,5.0,1.0,6.0,4.0,2.0,13.0,1.0,1.0,1.7,1.0,0.0,0.0,0.0,0.0,1
1,2.0,0,4.0,1.0,13.0,6.0,1.0,13.0,1.0,1.0,2.5,1.0,0.0,0.0,0.0,0.0,1
1,1.0,0,4.0,1.0,13.0,6.0,1.0,13.0,1.0,1.0,86.3,1.0,0.0,0.0,0.0,0.0,1
1,2.0,0,4.0,1.0,10.0,7.0,2.0,13.0,1.0,1.0,2.4,1.0,0.0,0.0,0.0,0.0,1
1,1.0,0,4.0,1.0,13.0,3.0,2.0,8.0,1.0,1.0,1.4,1.0,0.0,0.0,0.0,0.0,1
1,1.0,1,5.0,1.0,22.0,3.0,2.0,13.0,1.0,1.0,86.3,1.0,0.0,0.0,0.0,0.0,1
1,1.0,0,4.0,1.0,14.0,12.0,2.0,13.0,1.0,1.0,0.6,1.0,0.0,0.0,0.0,0.0,1
1,1.0,0,4.0,1.0,10.0,12.0,1.0,0.0,5.0,1.0,1.4,1.0,0.0,0.0,0.0,0.0,1
1,1.0,1,4.0,1.0,22.0,11.0,2.0,10.0,1.0,1.0,86.3,1.0,0.0,0.0,0.0,0.0,1
1,1.0,1,4.0,1.0,13.0,7.0,2.0,9.0,1.0,1.0,1.8,1.0,0.0,0.0,0.0,0.0,1
1,1.0,1,5.0,1.0,13.0,8.0,2.0,12.0,1.0,1.0,0.8,1.0,0.0,0.0,0.0,0.0,1
1,1.0,1,5.0,1.0,22.0,8.0,1.0,13.0,1.0,1.0,3.9,1.0,0.0,0.0,0.0,0.0,1
1,1.0,0,4.0,1.0,22.0,2.0,1.0,13.0,1.0,1.0,86.3,1.0,0.0,0.0,0.0,0.0,1
1,1.0,0,4.0,1.0,20.0,12.0,2.0,12.0,1.0,1.0,1.7,1.0,0.0,0.0,0.0,0.0,1
1,1.0,0,4.0,1.0,13.0,8.0,2.0,2.0,1.0,1.0,2.0,1.0,0.0,0.0,0.0,0.0,1
1,1.0,0,4.0,1.0,22.0,12.0,2.0,0.0,1.0,1.0,0.0,1.0,0.0,0.0,0.0,0.0,1
1,1.0,0,5.0,1.0,2.0,3.0,2.0,12.0,1.0,1.0,0.0,1.0,0.0,0.0,0.0,0.0,1
1,1.0,0,4.0,1.0,10.0,10.0,2.0,13.0,1.0,1.0,0.2,1.0,0.0,0.0,0.0,0.0,1
0,1.0,1,5.0,1.0,22.0,5.0,1.0,13.0,1.0,1.0,86.3,1.0,0.0,0.0,0.0,0.0,1
1,1.0,0,4.0,1.0,3.0,4.0,1.0,7.0,1.0,1.0,1.0,1.0,0.0,0.0,0.0,0.0,1
1,1.0,0,4.0,1.0,11.0,7.0,2.0,12.0,1.0,1.0,2.6,1.0,0.0,0.0,0.0,0.0,1
1,1.0,0,4.0,1.0,4.0,4.0,1.0,12.0,1.0,1.0,1.9,1.0,0.0,0.0,0.0,0.0,1
1,1.0,0,1.0,1.0,22.0,3.0,1.0,13.0,1.0,1.0,2.0,1.0,0.0,0.0,0.0,0.0,1
1,1.0,0,5.0,1.0,10.0,4.0,1.0,8.0,1.0,1.0,2.0,1.0,0.0,7.0,198.3846,0.0,1
1,1.0,0,5.0,1.0,1.0,8.0,1.0,12.0,1.0,1.0,1.0,1.0,0.0,0.0,0.0,0.0,1
1,1.0,0,4.0,1.0,4.0,6.0,1.0,10.0,1.0,2.0,0.0,1.0,0.0,0.0,0.0,3.0,1
1,1.0,1,6.0,1.0,10.0,7.0,2.0,12.0,1.0,1.0,1.7,1.0,0.0,0.0,0.0,0.0,1
1,1.0,1,5.0,1.0,16.0,2.0,2.0,13.0,1.0,1.0,2.4,1.0,0.0,0.0,0.0,0.0,1
0,1.0,1,5.0,1.0,13.0,11.0,1.0,0.0,1.0,1.0,1.9,1.0,0.0,0.0,0.0,0.0,1
0,1.0,1,7.0,1.0,22.0,9.0,1.0,13.0,1.0,1.0,2.9912548,1.0,0.0,0.0,0.0,0.0,1
1,1.0,0,4.0,1.0,10.0,4.0,1.0,13.0,1.0,1.0,1.7,1.0,3.0,5.0,221.19327,0.0,1
1,1.0,0,5.0,1.0,11.0,9.0,2.0,13.0,1.0,1.0,3.0,1.0,0.0,0.0,0.0,0.0,1
1,1.0,0,4.0,1.0,14.0,6.0,2.0,13.0,1.0,1.0,1.6,1.0,0.0,0.0,0.0,0.0,1
1,1.0,1,5.0,1.0,11.0,2.0,1.0,13.0,1.0,1.0,0.5,1.0,0.0,0.0,0.0,0.0,1
1,1.0,0,4.0,1.0,4.0,7.0,2.0,12.0,1.0,1.0,15.673825,1.0,0.0,0.0,0.0,0.0,1
1,1.0,0,5.0,1.0,6.0,12.0,1.0,13.0,1.0,1.0,86.3,1.0,0.0,0.0,0.0,0.0,1
1,1.0,1,4.0,1.0,20.0,10.0,1.0,12.0,1.0,1.0,0.7,1.0,4.0,6.0,294.0,0.0,1
0,1.0,1,5.0,1.0,22.0,8.0,1.0,7.0,1.0,1.0,1.5,1.0,0.0,0.0,0.0,0.0,1
1,1.0,0,4.0,1.0,13.0,4.0,1.0,7.0,1.0,1.0,2.4,1.0,0.0,0.0,0.0,0.0,1
1,1.0,0,4.0,1.0,14.0,3.0,2.0,12.0,1.0,1.0,0.2,1.0,0.0,0.0,0.0,0.0,1
1,1.0,0,4.0,1.0,13.0,1.0,2.0,13.0,1.0,1.0,2.6,1.0,0.0,0.0,0.0,0.0,1
0,1.0,0,4.0,1.0,10.0,8.0,1.0,12.0,1.0,2.0,2.0,1.0,0.0,0.0,0.0,0.0,0
1,1.0,0,4.0,1.0,13.0,1.0,1.0,8.0,5.0,1.0,8.0,1.0,4.0,11.0,379.0,0.0,1
0,1.0,0,4.0,1.0,13.0,12.0,2.0,8.840175,1.0,1.0,1.5,1.0,0.0,0.0,0.0,0.0,1
1,1.0,0,5.0,1.0,10.0,1.0,1.0,13.0,5.0,1.0,0.0,1.0,0.0,0.0,0.0,3.0,1
1,1.0,0,4.0,2.0,13.0,6.0,2.0,12.0,1.0,1.0,4.8,1.0,0.0,0.0,0.0,0.0,1
1,1.0,0,4.0,1.0,14.0,11.0,2.0,12.0,1.0,1.0,1.8,1.0,0.0,0.0,0.0,0.0,1
1,1.0,0,5.0,1.0,13.0,10.0,2.0,13.0,1.0,1.0,1.9,1.0,0.0,0.0,0.0,0.0,1
1,1.0,1,5.0,1.0,16.0,6.0,1.0,12.0,1.0,1.0,86.3,1.0,0.0,0.0,0.0,0.0,1
0,1.0,0,4.0,1.0,13.0,8.0,1.0,5.0,1.0,1.0,2.0,1.0,0.0,0.0,0.0,0.0,1
1,1.0,0,4.0,1.0,10.0,8.0,2.0,0.0,1.0,1.0,1.4,1.0,0.0,0.0,0.0,0.0,1
1,1.0,0,4.0,1.0,5.0,6.0,2.0,13.0,1.0,1.0,1.4,1.0,0.0,0.0,0.0,0.0,1
1,1.0,0,4.0,1.0,15.0,9.0,1.0,13.0,1.0,1.0,0.5,1.0,0.0,0.0,0.0,0.0,1
1,1.0,0,4.0,1.0,14.0,12.0,1.0,12.0,1.0,1.0,0.0,1.0,0.0,0.0,0.0,0.0,1
1,1.0,0,4.0,1.0,10.0,7.0,1.0,13.0,1.0,1.0,1.8,1.0,0.0,0.0,0.0,0.0,1
0,2.0,0,4.0,1.0,7.0,1.0,1.0,12.0,1.0,1.0,1.1,1.0,0.0,0.0,0.0,1.0,1
1,1.0,1,5.0,1.0,11.0,2.0,2.0,13.0,1.0,1.0,0.6,1.0,0.0,0.0,0.0,0.0,1
1,1.0,0,4.0,1.0,13.0,5.0,2.0,7.0,1.0,1.0,0.8,1.0,0.0,0.0,0.0,0.0,1
1,1.0,0,4.0,1.0,13.0,6.0,1.0,12.0,1.0,1.0,1.9,1.0,0.0,0.0,0.0,0.0,1
1,1.0,0,4.0,1.0,13.0,8.0,2.0,12.0,1.0,1.0,0.31291813,1.0,0.0,0.0,0.0,0.0,1
1,2.0,1,5.0,1.0,13.0,9.0,1.0,13.0,1.0,1.0,1.7,1.0,0.0,0.0,0.0,3.0,1
1,1.0,0,4.0,1.0,6.0,4.0,1.0,12.0,1.0,4.0,1.3,1.0,0.0,0.0,0.0,3.0,0
0,1.0,0,4.0,1.0,13.0,10.0,2.0,12.0,1.0,1.0,1.2,1.0,0.0,0.0,0.0,0.0,1
1,1.0,0,5.0,1.0,4.0,6.0,2.0,7.0,1.0,1.0,1.6,1.0,0.0,0.0,0.0,0.0,1
1,1.0,0,1.0,1.0,22.0,7.0,2.0,12.0,1.0,1.0,86.3,1.0,0.0,0.0,0.0,0.0,1
0,1.0,1,5.0,1.0,22.0,1.0,1.0,12.0,5.0,1.0,86.3,1.0,0.0,0.0,0.0,0.0,1
0,2.0,0,4.0,1.0,10.0,5.0,2.0,12.0,1.0,1.0,1.4,1.0,0.0,0.0,0.0,0.0,1
1,1.0,1,4.0,1.0,6.0,9.0,2.0,12.0,1.0,1.0,0.4,1.0,0.0,0.0,0.0,0.0,1
1,1.0,0,4.0,1.0,11.0,3.0,1.0,0.0,1.0,1.0,86.3,1.0,0.0,0.0,0.0,0.0,1
1,1.0,1,5.0,1.0,13.0,3.0,2.0,12.0,1.0,1.0,1.3,1.0,0.0,0.0,0.0,0.0,1
1,1.0,0,4.0,1.0,14.0,1.0,1.0,12.0,5.0,1.0,2.6,1.0,0.0,0.0,0.0,0.0,1
1,1.0,0,5.0,1.0,11.0,2.0,1.0,13.0,1.0,1.0,1.3,1.0,0.0,0.0,0.0,0.0,1
1,1.0,0,4.0,1.0,13.0,7.0,2.0,5.0,1.0,1.0,0.0,1.0,0.0,0.0,0.0,0.0,1
1,1.0,0,1.0,1.0,22.0,8.0,1.0,0.0,1.0,1.0,0.9,1.0,0.0,0.0,0.0,0.0,1
1,1.0,0,4.0,1.0,13.0,3.0,2.0,0.0,1.0,1.0,0.0,1.0,0.0,0.0,0.0,0.0,1
1,1.0,0,4.0,1.0,14.0,4.0,1.0,12.0,1.0,1.0,0.0,1.0,3.0,4.71456,267.0,0.0,0
1,1.0,0,4.0,1.0,10.0,6.0,1.0,13.0,1.0,1.0,0.9,1.0,0.0,0.0,0.0,0.0,1
1,1.0,0,4.0,1.0,13.0,9.0,2.0,12.0,1.0,1.0,2.6,1.0,0.0,0.0,0.0,0.0,1
1,1.0,1,5.0,1.0,13.0,8.0,2.0,8.0,1.0,1.0,0.0,1.0,0.0,0.0,0.0,0.0,1
1,1.0,0,4.0,1.0,13.0,6.0,1.0,13.0,1.0,1.0,1.3,1.0,0.0,0.0,0.0,0.0,1
1,1.0,0,5.0,1.0,13.0,7.0,1.0,12.0,1.0,1.0,86.3,1.0,0.0,0.0,0.0,0.0,1
1,1.0,0,4.0,1.0,11.0,4.0,2.0,13.0,1.0,1.0,0.0,1.0,0.0,0.0,0.0,0.0,1
1,1.0,0,4.0,1.0,16.0,1.0,2.0,14.0,1.0,1.0,1.6,1.0,0.0,0.0,0.0,0.0,1
1,1.0,0,5.0,1.0,4.0,4.0,2.0,12.0,1.0,1.0,0.0,1.0,0.0,0.0,0.0,0.0,1
1,1.0,0,4.0,1.0,13.0,1.0,2.0,9.0,1.0,1.0,86.3,1.0,3.0,0.0,273.49915,0.0,1
0,1.0,1,4.0,1.0,14.0,5.0,1.0,0.0,5.0,1.0,2.9,1.0,4.0,11.0,379.0,0.0,1
1,1.0,0,4.0,1.0,5.8749623,5.0,1.0,13.0,1.0,1.0,86.3,1.0,0.0,0.0,0.0,0.0,1
1,1.0,0,5.0,1.0,0.0,8.0,1.0,13.0,1.0,1.0,5.9,1.0,0.0,0.0,0.0,3.0,1
1,1.0,1,5.0,1.0,13.0,5.0,2.0,13.0,1.0,1.0,1.5,1.0,0.0,0.0,0.0,0.0,1
1,1.0,0,4.0,1.0,13.0,8.0,1.0,13.0,1.0,1.0,1.6,1.0,0.0,0.0,0.0,0.0,1
1,1.0,1,5.0,1.0,11.0,3.0,1.0,13.0,1.0,1.0,3.6,1.0,0.0,0.0,0.0,0.0,0
1,1.0,0,4.0,1.0,14.0,4.0,2.0,14.0,1.0,1.0,1.8,1.0,0.0,0.0,0.0,0.0,1
0,1.0,1,5.0,1.0,13.0,2.0,2.0,13.0,5.0,1.0,0.3,1.0,0.0,0.0,0.0,0.0,1
1,1.0,0,4.0,1.0,13.0,2.0,2.0,13.0,1.0,1.0,1.9,1.0,0.0,0.0,0.0,0.0,1
1,1.0,1,5.0,1.0,3.0,10.0,2.0,13.0,1.0,1.0,2.8,1.0,0.0,0.0,0.0,0.0,1
1,1.0,0,4.0,1.0,14.0,7.0,1.0,11.0,5.0,1.0,1.8,1.0,0.0,0.0,281.64484,0.0,1
1,1.0,1,4.0,1.0,11.0,9.0,1.0,12.0,1.0,1.0,3.0,1.0,0.0,0.0,0.0,0.0,1
0,1.0,1,6.0,1.0,16.0,3.0,1.0,10.0,1.0,1.0,0.9,1.0,0.0,0.0,0.0,0.0,1
1,1.0,0,4.0,1.0,14.0,9.0,1.0,12.0,1.0,1.0,1.1,1.0,0.0,0.0,0.0,0.0,1
1,1.0,0,4.0,1.0,3.0,5.0,1.0,12.0,1.0,1.0,1.5,1.0,0.0,0.0,0.0,3.0,0
1,1.0,0,4.0,1.0,11.0,7.0,2.0,0.0,1.0,1.0,2.2,1.0,0.0,0.0,0.0,0.0,1
1,2.0,0,4.0,1.0,0.0,4.0,1.0,12.0,1.0,1.0,86.3,1.0,0.0,0.0,0.0,0.0,1
1,1.0,0,4.0,1.0,13.0,7.0,1.0,12.0,1.0,1.0,0.0,1.0,0.0,0.0,0.0,0.0,1
1,1.0,0,4.0,1.0,6.0,8.0,2.0,12.0,1.0,1.0,1.4,1.0,0.0,0.0,0.0,0.0,1
1,1.0,0,4.0,1.0,0.0,5.0,2.0,12.0,1.0,1.0,1.9,1.0,0.0,0.0,0.0,0.0,0
1,1.0,1,5.0,1.0,13.0,1.0,2.0,9.0,1.0,1.0,0.3,1.0,0.0,0.0,0.0,0.0,1
1,1.0,0,5.0,1.0,14.0,7.0,1.0,13.0,1.0,1.0,0.9,1.0,0.0,0.0,0.0,0.0,1
1,1.0,0,4.0,1.0,2.0,3.0,1.0,7.0,1.0,1.0,1.6,1.0,0.0,0.0,0.0,0.0,1
1,1.0,0,4.0,1.0,11.124686,12.0,2.0,8.0,1.0,1.0,10.006634,1.0,0.0,0.0,0.0,0.0,1
1,2.0,0,4.0,1.0,11.0,2.0,2.0,13.0,1.0,1.0,2.5,1.0,0.0,0.0,0.0,0.0,1
1,1.0,0,4.0,1.0,1.0,1.0,1.0,12.0,1.0,1.0,1.6,1.0,0.0,0.0,0.0,0.0,1
1,1.0,0,4.0,1.0,13.0,5.0,2.0,13.0,1.0,1.0,1.1,1.0,0.0,0.0,0.0,0.0,0
1,1.0,0,4.0,1.0,13.0,5.0,2.0,11.0,1.0,1.0,3.4,1.0,0.0,0.0,0.0,0.0,1
1,1.0,0,4.0,1.0,22.0,8.0,1.0,13.0,1.0,1.0,4.312662,1.0,0.0,0.0,0.0,0.0,1
1,1.0,0,5.0,1.0,10.0,1.0,1.0,13.0,1.0,1.0,1.6,1.0,0.0,0.0,0.0,0.0,1
1,1.0,0,4.0,1.0,1.0,9.0,1.0,12.0,1.0,1.0,1.0,1.0,0.0,0.0,0.0,0.0,1
0,1.0,1,5.0,1.0,16.0,9.0,1.0,13.0,1.0,1.0,5.0,1.0,0.0,0.0,0.0,0.0,1
1,1.0,1,5.0,1.0,16.0,1.0,1.0,14.0,1.0,1.0,0.5,1.0,0.0,0.0,0.0,0.0,1
1,1.0,0,1.0,1.0,22.0,12.0,2.0,0.0,1.0,1.0,3.0,1.0,0.0,0.0,0.0,0.0,1
1,1.0,1,7.0,1.0,14.0,6.0,2.0,8.0,1.0,1.0,1.4,1.0,0.0,0.0,0.0,0.0,1
1,1.0,1,5.0,1.0,5.0,10.0,2.0,12.0,1.0,1.0,0.0,1.0,0.0,0.0,0.0,0.0,1
1,2.0,0,4.0,1.0,10.0,5.0,1.0,13.0,1.0,1.0,86.3,1.0,0.0,0.0,0.0,0.0,1
1,1.0,1,5.0,1.0,0.0,4.0,1.0,12.0,1.0,1.0,1.3,1.0,0.0,0.0,0.0,0.0,1
1,1.0,0,4.0,1.0,4.0,6.0,1.0,12.0,1.0,1.0,2.6,1.0,0.0,0.0,0.0,0.0,1
1,1.0,0,4.0,1.0,0.0,9.0,1.0,13.0,1.0,1.0,0.9,1.0,0.0,0.0,0.0,0.0,0
1,2.0,1,5.0,1.0,14.0,4.0,1.0,13.0,1.0,1.0,3.3,1.0,0.0,0.0,0.0,0.0,1
1,1.0,1,5.0,1.0,13.0,1.0,1.0,13.0,1.0,1.0,1.4,1.0,0.0,0.0,0.0,0.0,1
1,1.0,1,5.0,1.0,14.0,1.0,2.0,13.0,1.0,1.0,86.3,1.0,0.0,0.0,0.0,0.0,1
1,1.0,1,7.0,1.0,22.0,5.0,1.0,12.0,1.0,1.0,0.7,1.0,0.0,0.0,0.0,0.0,1
1,1.0,1,6.0,1.0,11.0,5.0,2.0,13.0,1.0,1.0,1.1,1.0,0.0,0.0,0.0,0.0,1
1,1.0,0,4.0,1.0,13.0,6.0,2.0,13.0,1.0,1.0,0.4,1.0,0.0,0.0,0.0,0.0,1
1,1.0,0,4.0,1.0,3.0,7.0,1.0,12.0,1.0,1.0,1.1,1.0,0.0,0.0,0.0,0.0,0
1,1.0,0,4.0,1.0,11.0,9.0,1.0,13.0,1.0,1.0,1.8,1.0,3.0,6.0,294.0,0.0,1
0,1.0,0,1.0,1.0,22.0,1.0,2.0,12.0,1.0,1.0,86.3,1.0,0.0,0.0,0.0,0.0,1
1,1.0,1,4.0,1.0,13.0,1.0,2.0,12.0,1.0,1.0,2.0,1.0,0.0,0.0,0.0,0.0,1
1,1.0,0,5.0,1.0,16.0,1.0,2.0,14.0,1.0,1.0,5.2,1.0,0.0,0.0,0.0,0.0,1
1,1.0,1,6.0,1.0,4.0,4.0,2.0,13.0,1.0,1.0,2.0,1.0,0.0,0.0,0.0,0.0,1
1,1.0,1,4.0,1.0,11.0,9.0,1.0,12.0,1.0,1.0,0.0,1.0,0.0,0.0,0.0,0.0,1
1,1.0,0,1.0,1.0,20.83777,9.0,2.0,12.0,1.0,1.0,2.5,1.0,0.0,0.0,0.0,0.0,1
1,1.0,0,4.0,1.0,13.0,4.0,1.0,13.0,1.0,1.0,1.8,1.0,0.0,0.0,0.0,0.0,1
1,1.0,0,4.0,1.0,11.0,8.0,2.0,12.0,1.0,1.0,1.6,1.0,0.0,0.0,0.0,0.0,1
0,1.0,1,5.0,1.0,22.0,4.0,2.0,13.0,1.0,1.0,2.0,1.0,0.0,0.0,0.0,0.0,1
1,2.0,1,5.0,1.0,11.0,6.0,2.0,13.0,1.0,1.0,3.5,1.0,0.0,0.0,0.0,0.0,1
1,1.0,0,4.0,1.0,2.0,9.0,2.0,12.0,1.0,1.0,0.9,1.0,0.0,0.0,0.0,0.0,1
1,1.0,1,5.0,1.0,21.0,3.0,1.0,14.0,1.0,1.0,86.3,1.0,0.0,0.0,0.0,0.0,1
1,1.0,0,5.0,1.0,10.0,10.0,2.0,12.0,1.0,1.0,1.4,1.0,0.0,0.0,0.0,0.0,1
1,1.0,0,4.0,1.0,17.424784,6.0,2.0,13.0,1.0,1.0,2.5,1.0,0.0,0.0,0.0,0.0,1
1,2.0,1,5.0,1.0,2.0,9.0,2.0,14.0,1.0,1.0,1.0,1.0,0.0,0.0,0.0,0.0,1
0,2.0,1,4.0,1.0,16.0,2.0,1.0,12.0,1.0,1.0,86.3,1.0,0.0,0.0,0.0,0.0,1
0,1.0,1,5.0,1.0,22.0,6.0,1.0,12.0,1.0,1.0,1.8,1.0,0.0,0.0,0.0,0.0,1
1,1.0,0,5.0,1.0,13.0,1.0,1.0,12.0,1.0,1.0,1.9,1.0,0.0,0.0,0.0,0.0,1
1,1.0,0,1.0,1.0,16.0,4.0,1.0,0.0,1.0,1.0,1.8,1.0,4.0,6.0,379.0,0.0,1
1,1.0,1,5.0,1.0,10.0,12.0,2.0,0.0,1.0,1.0,0.0,1.0,0.0,0.0,0.0,0.0,1
1,1.0,0,4.0,1.0,1.0,6.0,1.0,12.0,1.0,1.0,86.3,1.0,0.0,0.0,0.0,0.0,1
1,1.0,0,4.0,1.0,0.0,9.0,1.0,9.0,1.0,1.0,1.9,1.0,0.0,0.0,0.0,0.0,1
0,1.0,0,4.0,1.0,11.0,12.0,1.0,0.0,1.0,1.0,0.2,1.0,0.0,0.0,0.0,0.0,1
1,2.0,1,5.0,1.0,7.0,11.0,2.0,13.0,1.0,1.0,0.8,1.0,0.0,0.0,0.0,0.0,1
1,1.0,0,5.0,1.0,10.0,5.0,1.0,14.0,1.0,1.0,1.0,1.0,0.0,0.0,0.0,0.0,1
1,1.0,0,5.0,1.0,0.0,9.0,2.0,7.0,1.0,1.0,1.1,1.0,0.0,0.0,0.0,0.0,1
1,1.0,0,5.0,1.0,0.0,3.0,1.0,13.0,1.0,1.0,0.9,1.0,0.0,0.0,0.0,0.0,1
1,1.0,0,4.0,1.0,13.0,6.0,2.0,0.0,1.0,1.0,1.2,1.0,0.0,0.0,0.0,0.0,1
0,1.0,0,5.0,1.0,10.0,7.0,2.0,7.0,1.0,1.0,1.9,1.0,0.0,0.0,0.0,0.0,1
1,1.0,0,4.0,1.0,6.0,1.0,2.0,12.0,1.0,1.0,2.4,1.0,0.0,0.0,0.0,0.0,1
1,1.0,0,4.0,1.0,13.0,7.0,1.0,7.0,1.0,1.0,1.0,1.0,0.0,0.0,0.0,0.0,0
1,1.0,0,4.0,1.0,11.0,4.0,2.0,12.0,1.0,1.0,1.5,1.0,0.0,0.0,259.0,0.0,1
1,1.0,0,4.0,1.0,0.0,8.0,1.0,12.0,1.0,1.0,1.3,1.0,0.0,0.0,0.0,1.0,0
1,1.0,0,4.0,1.0,13.0,8.0,2.0,13.0,1.0,1.0,3.1,1.0,0.0,0.0,0.0,0.0,1
1,1.0,0,4.0,1.0,4.0,1.0,1.0,12.0,1.0,2.0,1.4,1.0,0.0,0.0,0.0,3.0,0
0,2.0,0,4.0,1.0,10.0,1.0,2.0,13.0,1.0,1.0,86.3,1.0,0.0,0.0,0.0,0.0,1
1,1.0,1,4.0,1.0,16.0,9.0,1.0,12.0,1.0,1.0,86.3,1.0,0.0,0.0,200.53831,0.0,1
0,1.0,0,4.0,1.0,10.0,1.0,1.0,9.0,1.0,1.0,0.7,1.0,0.0,0.0,0.0,0.0,1
0,1.0,0,4.0,1.0,4.0,5.0,2.0,11.0,1.0,1.0,3.5,1.0,0.0,0.0,0.0,0.0,1
0,1.0,0,4.0,1.0,13.0,11.0,2.0,12.0,1.0,1.0,1.1,1.0,0.0,0.0,0.0,0.0,1
1,1.0,0,4.0,1.0,14.0,4.0,2.0,13.0,1.0,1.0,1.6,1.0,0.0,0.0,0.0,0.0,1
1,1.0,0,4.0,1.0,14.0,12.0,2.0,0.0,1.0,1.0,0.9,1.0,0.0,0.0,0.0,0.0,1
1,1.0,1,5.0,1.0,14.0,11.0,2.0,5.0,1.0,1.0,2.5,1.0,0.0,0.0,0.0,0.0,1
1,1.0,0,5.0,1.0,4.0,4.0,1.0,13.0,1.0,1.0,0.9,1.0,0.0,0.0,0.0,3.0,1
1,1.0,0,4.0,1.0,10.0,1.0,1.0,12.0,1.0,1.0,0.9,1.0,0.0,0.0,0.0,0.0,1
1,1.0,0,4.0,1.0,4.0,6.0,1.0,7.0,1.0,1.0,1.3,1.0,0.0,0.0,0.0,0.0,1
1,1.0,0,4.0,1.0,4.0,3.0,2.0,13.0,1.0,1.0,0.94934547,1.0,0.0,0.0,0.0,0.0,1
1,1.0,1,5.0,1.0,13.0,10.0,1.0,12.0,1.0,1.0,0.0,1.0,0.0,0.0,0.0,0.0,1
1,1.0,1,4.0,1.0,16.985802,9.0,2.0,12.0,1.0,1.0,0.7,1.0,0.0,0.0,0.0,0.0,1
1,1.0,0,4.0,1.0,3.0,6.0,1.0,12.0,5.0,1.0,7.895422,1.0,0.0,0.0,0.0,0.0,1
1,1.0,1,4.0,1.0,22.0,1.0,1.0,12.0,1.0,1.0,86.3,1.0,0.0,0.0,0.0,0.0,1
1,1.0,1,5.0,1.0,13.0,9.0,2.0,12.0,1.0,1.0,1.0,1.0,0.0,0.0,0.0,0.0,1
1,1.0,1,5.0,1.0,9.92187,7.0,2.0,8.0,1.0,1.0,1.1,1.0,0.0,0.0,0.0,0.0,1
0,1.0,1,5.0,1.0,13.0,9.0,2.0,0.0,1.0,1.0,1.1,1.0,0.0,0.0,0.0,0.0,1
1,1.0,0,5.0,1.0,5.0,1.0,1.0,13.0,1.0,1.0,0.8,1.0,0.0,0.0,0.0,1.0,0
1,2.0,1,4.0,1.0,14.0,2.0,2.0,13.0,1.0,1.0,3.3,1.0,0.0,0.0,0.0,0.0,1
1,1.0,0,5.0,1.0,0.0,6.0,2.0,13.0,1.0,1.0,1.6,1.0,0.0,0.0,0.0,0.0,1
1,2.0,0,4.0,1.0,11.0,9.0,2.0,12.0,1.0,1.0,1.1,1.0,0.0,0.0,0.0,0.0,1
0,1.0,1,4.0,1.0,13.0,4.0,1.0,13.0,1.0,1.0,1.4,1.0,0.0,0.0,0.0,0.0,1
1,1.0,1,5.0,1.0,10.0,3.0,1.0,13.0,1.0,1.0,0.3,1.0,0.0,0.0,0.0,0.0,1
1,1.0,0,5.0,1.0,11.0,1.0,2.0,13.0,1.0,1.0,1.2,1.0,0.0,0.0,0.0,0.0,1
1,1.0,1,6.0,1.0,16.0,11.0,1.0,13.0,1.0,1.0,1.8,1.0,0.0,0.0,0.0,0.0,1
1,1.0,0,4.0,1.0,8.58211,10.0,2.0,13.0,1.0,1.0,1.6,1.0,0.0,0.0,232.0,0.0,1
1,1.0,0,4.0,1.0,0.0,4.0,1.0,12.0,1.0,1.0,0.9,1.0,0.0,0.0,0.0,0.0,1
1,1.0,0,4.0,1.0,22.0,12.0,1.0,12.0,1.0,1.0,1.0,1.0,0.0,0.0,0.0,0.0,1
1,1.0,0,4.0,1.0,12.0,3.0,2.0,12.0,1.0,1.0,0.2,1.0,0.0,0.0,0.0,0.0,1
0,1.0,1,5.0,1.0,10.0,10.0,2.0,0.0,1.0,1.0,0.0,1.0,0.0,0.0,0.0,0.0,1
0,1.0,0,4.0,1.0,16.0,10.0,2.0,7.0,1.0,1.0,2.2,1.0,0.0,0.0,0.0,0.0,1
1,1.0,1,5.0,1.0,4.0,7.0,1.0,7.0,1.0,1.0,2.4,1.0,0.0,0.0,0.0,0.0,1
1,1.0,0,1.0,1.0,22.0,2.0,1.0,13.0,1.0,1.0,2.5,1.0,4.0,11.0,379.0,0.0,1
1,1.0,0,4.0,1.0,14.0,3.0,1.0,0.0,1.0,1.0,1.0,1.0,0.0,0.0,0.0,0.0,1
1,2.0,0,4.0,1.0,13.0,4.0,2.0,0.0,1.0,1.0,1.2,1.0,0.0,0.0,0.0,0.0,1
1,1.0,0,5.0,1.0,0.0,2.0,1.0,12.0,1.0,1.0,1.3,1.0,0.0,0.0,0.0,3.0,0
1,1.0,1,6.0,1.0,13.0,2.0,2.0,12.0,1.0,1.0,0.0,1.0,0.0,0.0,0.0,0.0,1
1,1.0,0,4.0,1.0,22.0,8.0,2.0,13.0,1.0,1.0,2.1,1.0,0.0,0.0,0.0,0.0,1
1,1.0,1,4.0,1.0,22.0,2.0,2.0,14.0,1.0,1.0,0.9,1.0,0.0,0.0,0.0,0.0,1
0,1.0,0,1.0,1.0,16.0,7.0,2.0,12.0,1.0,1.0,2.8,1.0,0.0,0.0,0.0,0.0,1
1,1.0,0,5.0,1.0,11.0,4.0,1.0,13.0,1.0,1.0,1.2,1.0,0.0,0.0,0.0,0.0,1
1,1.0,0,4.0,1.0,16.0,7.0,2.0,13.0,1.0,1.0,0.0,1.0,0.0,0.0,0.0,0.0,1
1,1.0,0,4.0,1.0,2.0,7.0,1.0,13.0,1.0,1.0,2.3,1.0,0.0,0.0,0.0,0.0,1
1,1.0,1,5.0,1.0,13.0,3.0,2.0,14.0,1.0,1.0,4.8,1.0,0.0,0.0,0.0,0.0,1
1,1.0,1,4.0,1.0,13.0,5.0,1.0,12.0,1.0,1.0,1.0,1.0,0.0,0.0,0.0,0.0,1
1,1.0,0,4.0,1.0,13.0,9.0,2.0,1.0,1.0,1.0,0.6,1.0,0.0,0.0,0.0,0.0,1
1,1.0,1,4.0,1.0,13.0,1.0,2.0,12.0,5.0,1.0,6.4,1.0,0.0,0.0,0.0,0.0,1
1,1.0,0,1.0,1.0,13.0,6.0,2.0,14.0,1.0,1.0,2.5,1.0,0.0,0.0,0.0,0.0,1
1,1.0,1,4.0,1.0,13.0,12.0,2.0,0.0,1.0,1.0,0.0,1.0,3.0,7.0,379.0,0.0,1
1,1.0,0,4.0,1.0,10.0,5.0,1.0,9.0,1.0,1.0,1.4,1.0,0.0,0.0,0.0,0.0,1
1,1.0,1,5.0,1.0,20.0,3.0,1.0,13.0,1.0,1.0,2.3,1.0,0.0,0.0,0.0,0.0,1
1,1.0,0,4.0,1.0,4.0,1.0,2.0,13.0,1.0,1.0,1.1,1.0,0.0,0.0,0.0,0.0,1
1,1.0,0,4.0,1.0,13.0,4.0,1.0,13.0,1.0,1.0,2.9,1.0,0.0,0.0,0.0,0.0,0
1,1.0,0,4.0,1.0,16.0,12.0,1.0,0.0,1.0,1.0,0.8,1.0,0.0,0.0,0.0,0.0,1
1,1.0,0,5.0,1.0,13.0,10.0,2.0,7.0,1.0,1.0,1.3,1.0,0.0,0.0,0.0,0.0,1
1,1.0,0,4.0,1.0,13.0,10.0,2.0,12.0,1.0,1.0,0.0,1.0,4.0,7.0,379.0,0.0,1
0,1.0,1,5.0,1.0,16.0,8.0,1.0,13.0,1.0,1.0,4.9,1.0,0.0,0.0,0.0,0.0,1
1,1.0,0,4.0,1.0,11.0,9.0,1.0,12.0,1.0,1.0,2.2,1.0,0.0,0.0,0.0,0.0,1
1,1.0,0,4.0,1.0,13.0,9.0,2.0,12.0,1.0,1.0,4.7,1.0,0.0,0.0,0.0,0.0,1
1,1.0,0,4.0,1.0,13.0,6.0188193,1.0,12.0,1.0,1.0,1.1,1.0,0.0,0.0,0.0,0.0,1
1,1.0,0,4.0,1.0,13.0,4.0,1.0,12.0,1.0,1.0,1.9,1.0,0.0,0.0,218.6139,0.0,1
1,1.0,1,5.0,1.0,13.0,11.0,2.0,12.0,1.0,1.0,0.8,1.0,0.0,0.0,0.0,0.0,1
1,1.0,0,4.0,1.0,16.0,7.0,2.0,13.0,1.0,1.0,0.8,1.0,0.0,0.0,0.0,0.0,1
1,1.0,1,5.0,1.0,13.0,6.0,1.0,13.0,1.0,1.0,2.5,1.0,0.0,0.0,0.0,0.0,1
1,1.0,0,2.0,1.0,22.0,5.0,2.0,13.0,1.0,1.0,3.4,1.0,0.0,0.0,0.0,0.0,1
1,1.0,1,5.0,1.0,16.0,8.0,1.0,12.0,5.0,1.0,1.1,1.0,4.0,11.0,379.0,0.0,1
1,1.0,1,6.0,1.0,13.0,6.0,1.0,12.0,5.0,1.0,1.9,1.0,0.0,0.0,0.0,0.0,1
1,1.0,1,5.0,1.0,22.0,1.0,1.0,13.0,1.0,1.0,1.6,1.0,0.0,0.0,0.0,0.0,1
1,1.0,0,4.0,1.0,9.0,5.0,2.0,12.0,1.0,1.0,3.8,1.0,0.0,0.0,0.0,0.0,1
1,1.0,0,4.0,1.0,13.0,3.0,1.0,12.0,1.0,1.0,1.0,1.0,0.0,0.0,0.0,0.0,1
1,1.0,1,5.0,1.0,13.0,9.0,1.0,13.0,1.0,1.0,86.3,1.0,0.0,0.0,0.0,0.0,1
1,2.0,0,4.0,1.0,10.0,3.0,1.0,13.0,1.0,1.0,5.3,1.0,0.0,0.0,0.0,0.0,1
1,1.0,1,4.0,1.0,14.0,11.0,2.0,12.0,1.0,1.0,0.9,1.0,0.0,0.0,0.0,0.0,1
1,1.0,0,4.0,1.0,13.0,11.0,1.0,13.0,1.0,1.0,2.7,1.0,0.0,0.0,0.0,0.0,1
1,1.0,0,5.0,1.0,13.0,3.0,1.0,13.0,1.0,1.0,0.8,1.0,0.0,0.0,0.0,0.0,1
1,1.0,0,4.0,1.0,0.0,9.0,1.0,4.0,1.0,1.0,1.3,1.0,0.0,0.0,0.0,3.0,1
1,1.0,1,4.0,1.0,11.0,9.0,1.0,13.0,1.0,1.0,2.4,1.0,0.0,0.0,0.0,0.0,1
1,1.0,0,4.0,1.0,13.0,3.0,1.0,1.0,1.0,1.0,2.8,1.0,0.0,0.0,0.0,0.0,1
1,1.0,0,1.0,1.0,13.0,7.0,1.0,12.0,1.0,1.0,4.1,1.0,4.0,11.0,379.0,0.0,1
0,1.0,1,4.0,1.0,14.0,5.0,2.0,12.0,1.0,1.0,86.3,1.0,0.0,0.0,0.0,0.0,1
1,1.0,1,6.0,1.0,22.0,7.0,1.0,12.0,1.0,1.0,0.3,1.0,0.0,0.0,0.0,0.0,1
1,1.0,0,4.0,1.0,22.0,6.0,2.0,13.0,1.0,1.0,0.6,1.0,0.0,0.0,0.0,0.0,1
1,1.0,0,4.0,1.0,5.0,5.0,1.0,12.0,1.0,1.0,2.6,1.0,4.0,11.0,379.0,0.0,1
1,1.0,0,4.0,1.0,22.0,1.0,2.0,12.0,1.0,1.0,6.4280987,1.0,0.0,0.0,0.0,0.0,1
1,1.0,0,4.0,1.0,10.0,8.0,2.0,13.0,1.0,1.0,86.3,1.0,0.0,0.0,0.0,0.0,1
1,1.0,0,4.0,1.0,13.0,4.0,2.0,11.0,1.0,1.0,0.0,1.0,0.0,0.0,0.0,0.0,1
0,2.0,0,4.0,1.0,13.0,9.0,1.0,13.0,1.0,1.0,86.3,1.0,0.0,0.0,0.0,0.0,1
0,1.0,1,4.0,1.0,13.0,10.0,2.0,13.0,1.0,1.0,0.7,1.0,0.0,0.0,0.0,0.0,1
0,1.0,0,1.0,1.0,16.0,10.0,1.0,12.0,1.0,1.0,1.7,1.0,0.0,0.0,0.0,0.0,1
1,1.0,0,4.0,1.0,4.0,2.0,2.0,12.0,1.0,1.0,0.2,1.0,0.0,0.0,0.0,0.0,1
1,1.0,0,4.0,1.0,11.0,5.0,1.0,12.0,1.0,1.0,86.3,1.0,0.0,0.0,0.0,0.0,1
1,1.0,0,4.0,1.0,13.0,5.0,1.0,12.0,1.0,1.0,0.5,1.0,0.0,0.0,0.0,0.0,1
1,1.0,0,5.0,1.0,0.0,4.0,1.0,13.0,1.0,1.0,1.4,1.0,0.0,0.0,0.0,0.0,0
1,2.0,1,5.0,1.0,0.0,8.0,2.0,14.0,1.0,1.0,1.8,1.0,0.0,0.0,0.0,0.0,1
1,1.0,0,4.0,1.0,16.0,11.0,1.0,13.0,1.0,1.0,1.1,1.0,0.0,0.0,0.0,0.0,1
0,1.0,0,4.0,1.0,13.0,8.0,1.0,13.0,1.0,1.0,86.3,1.0,0.0,0.0,0.0,0.0,1
1,1.0,0,4.0,1.0,13.0,6.0,2.0,13.0,1.0,1.0,1.5,1.0,0.0,0.0,0.0,0.0,1
1,1.0,1,6.0,1.0,13.0,12.0,1.0,7.0,1.0,1.0,0.0,1.0,0.0,0.0,0.0,0.0,1
1,1.0,1,5.0,1.0,10.0,12.0,2.0,13.0,1.0,1.0,2.4,1.0,0.0,0.0,0.0,0.0,1
1,1.0,0,4.0,1.0,13.0,1.0,1.0,12.0,1.0,1.0,2.5,1.0,0.0,0.0,0.0,0.0,0
1,1.0,1,4.0,1.0,22.0,11.0,1.0,12.0,1.0,1.0,1.0,1.0,0.0,0.0,0.0,0.0,1
1,2.0,0,4.0,1.0,13.0,5.0,2.0,12.0,1.0,1.0,1.2,1.0,0.0,0.0,0.0,0.0,1
1,1.0,0,4.0,1.0,13.0,7.0,1.0,12.0,1.0,1.0,2.3,1.0,0.0,0.0,0.0,0.0,1
1,1.0,0,5.0,1.0,11.0,1.0,1.0,12.0,1.0,1.0,3.2,1.0,0.0,0.0,0.0,0.0,1
1,1.0,1,5.0,1.0,22.0,11.0,1.0,13.0,1.0,1.0,3.4085646,1.0,0.0,0.0,0.0,0.0,1
1,1.0,0,4.0,1.0,11.0,4.0,2.0,12.0,1.0,1.0,86.3,1.0,0.0,0.0,0.0,0.0,1
1,1.0,0,4.0,1.0,13.0,7.0,2.0,12.0,1.0,1.0,8.0047865,1.0,0.0,0.0,0.0,0.0,1
1,1.0,0,4.0,1.0,4.0,9.0,2.0,13.0,1.0,1.0,1.5,1.0,0.0,0.0,0.0,0.0,1
1,1.0,1,4.0,1.0,13.0,7.0,2.0,13.0,1.0,1.0,3.2,1.0,0.0,0.0,0.0,0.0,1
1,1.0,1,5.0,1.0,13.0,12.0,1.0,0.0,1.0,1.0,2.5,1.0,0.0,0.0,0.0,0.0,1
1,1.0,0,4.0,1.0,12.0,1.0,1.0,13.0,5.0,1.0,1.8,1.0,0.0,0.0,0.0,0.0,1
1,1.0,1,4.0,1.0,11.0,2.0,1.0,13.0,1.0,1.0,86.3,1.0,0.0,0.0,0.0,0.0,1
1,1.0,1,6.0,1.0,14.0,9.0,1.0,0.0,1.0,1.0,0.8,1.0,0.0,0.0,0.0,0.0,1
1,1.0,1,5.0,1.0,3.0,4.0,2.0,12.0,1.0,1.0,0.5,1.0,0.0,0.0,0.0,0.0,1
1,1.0,0,4.0,1.0,13.0,2.0,2.0,11.0,5.0,1.0,2.1,1.0,0.0,0.0,0.0,0.0,1
1,1.0,1,5.0,1.0,11.0,1.0,1.0,12.0,1.0,1.0,1.0,1.0,0.0,0.0,0.0,0.0,1
1,1.0,0,4.0,1.0,13.0,8.0,1.0,14.0,1.0,1.0,0.8,1.0,0.0,0.0,0.0,0.0,1
1,1.0,1,5.0,1.0,13.0,5.0,1.0,14.0,1.0,1.0,2.2,1.0,0.0,0.0,0.0,0.0,1
1,1.0,0,4.0,1.0,7.0,3.0,1.0,13.0,1.0,1.0,0.0,1.0,0.0,0.0,0.0,0.0,1
1,1.0,0,4.0,1.0,0.0,4.0,1.0,13.0,1.0,1.0,0.6,1.0,0.0,0.0,0.0,0.0,1
1,1.0,1,5.0,1.0,13.0,7.0,2.0,7.0,1.0,1.0,1.3,1.0,0.0,0.0,0.0,0.0,1
1,1.0,1,4.0,1.0,10.0,5.0,1.0,8.0,1.0,1.0,1.8,1.0,4.0,11.0,379.0,0.0,1
1,1.0,0,4.0,1.0,13.0,3.0,2.0,0.0,1.0,1.0,1.7,1.0,0.0,0.0,0.0,0.0,1
1,1.0,1,5.0,1.0,22.0,7.0,1.0,12.0,1.0,1.0,3.8,1.0,0.0,0.0,0.0,0.0,1
1,1.0,1,4.0,1.0,11.0,7.0,1.0,13.0,1.0,1.0,1.7,1.0,0.0,0.0,0.0,0.0,1
1,2.0,1,4.0,1.0,12.0,1.0,1.0,14.0,1.0,1.0,4.9,1.0,0.0,0.0,0.0,0.0,1
1,1.0,0,4.0,1.0,16.0,1.0,2.0,13.0,1.0,1.0,3.0,1.0,0.0,0.0,0.0,0.0,1
1,1.0,0,5.0,1.0,4.0,3.0,1.0,13.0,1.0,1.0,1.8,1.0,0.0,0.0,0.0,0.0,0
1,1.0,0,4.0,1.0,16.0,1.0,1.0,13.0,5.0,1.0,2.5,1.0,0.0,0.0,0.0,0.0,1
1,1.0,0,4.0,1.0,13.0,6.0,1.0,12.0,1.0,1.0,2.9,1.0,4.0,11.0,379.0,0.0,1
1,1.0,0,5.0,1.0,0.0,12.0,1.0,13.0,1.0,4.0,1.8,1.0,0.0,0.0,0.0,3.0,0
1,1.0,0,4.0,1.0,13.0,11.0,1.0,12.0,1.0,1.0,1.6,1.0,0.0,0.0,0.0,0.0,1
0,1.0,0,4.0,1.0,14.0,10.0,2.0,12.0,1.0,1.0,86.3,1.0,0.0,0.0,0.0,0.0,1
1,1.0,0,5.0,1.0,13.0,2.0,1.0,13.0,5.0,1.0,0.0,1.0,0.0,0.0,0.0,0.0,1
0,1.0,0,4.0,1.0,17.0,6.0,2.0,12.0,1.0,1.0,0.9,1.0,0.0,0.0,0.0,0.0,1
1,1.0,0,4.0,1.0,0.0,4.0,1.0,13.0,1.0,1.0,3.1,1.0,0.0,0.0,0.0,0.0,1
1,1.0,1,5.0,1.0,13.0,11.0,2.0,14.0,1.0,1.0,86.3,1.0,0.0,0.0,0.0,0.0,1
1,1.0,0,4.0,1.0,7.0,7.0,1.0,12.0,1.0,1.0,0.7,1.0,0.0,0.0,0.0,0.0,1
0,1.0,0,4.0,1.0,3.0,8.0,1.0,12.0,1.0,1.0,2.3,1.0,0.0,0.0,0.0,0.0,1
1,1.0,1,5.0,1.0,14.0,1.0,2.0,13.0,1.0,1.0,86.3,1.0,0.0,0.0,0.0,0.0,1
1,1.0,1,5.0,1.0,13.0,9.0,1.0,12.0,1.0,1.0,0.2,1.0,0.0,0.0,0.0,0.0,1
1,1.0,1,4.0,1.0,13.0,3.0,2.0,10.0,1.0,1.0,0.7,1.0,0.0,0.0,0.0,0.0,1
1,1.0,1,5.0,1.0,13.0,12.0,1.0,12.0,1.0,1.0,1.4440144,1.0,0.0,0.0,0.0,0.0,1
1,1.0,0,4.0,1.0,4.0,6.0,1.0,13.0,1.0,1.0,0.4,1.0,0.0,0.0,0.0,0.0,1
1,1.0,0,4.0,1.0,4.0,12.0,2.0,13.0,1.0,1.0,0.5,1.0,0.0,0.0,0.0,0.0,1
1,1.0,0,4.0,1.0,0.0,5.0,1.0,13.0,1.0,1.0,2.1,1.0,0.0,0.0,0.0,0.0,1
1,1.0,1,4.0,1.0,13.0,8.0,2.0,0.0,1.0,1.0,1.7,1.0,0.0,0.0,0.0,0.0,1
1,1.0,1,6.0,1.0,13.0,3.0,2.0,12.0,1.0,1.0,1.4,1.0,0.0,0.0,0.0,0.0,1
0,1.0,1,5.0,1.0,13.0,8.0,2.0,12.0,1.0,1.0,86.3,1.0,0.0,0.0,0.0,0.0,1
1,1.0,0,4.0,1.0,10.0,5.0,1.0,12.0,1.0,1.0,0.9,1.0,0.0,0.0,0.0,0.0,1
1,1.0,0,4.0,1.0,13.0,1.0,2.0,14.0,1.0,1.0,2.1,1.0,0.0,0.0,0.0,0.0,1
1,1.0,0,4.0,1.0,11.0,3.0,1.0,12.0,5.0,1.0,86.3,1.0,3.0,7.0,379.0,0.0,1
1,1.0,0,4.0,1.0,11.0,5.0,1.0,8.0,1.0,1.0,1.6,1.0,0.0,0.0,0.0,0.0,1
1,1.0,0,4.0,1.0,4.0,6.0,1.0,12.0,1.0,1.0,1.8,1.0,0.0,0.0,0.0,0.0,1
1,1.0,0,5.0,1.0,4.0,9.0,2.0,13.0,1.0,1.0,2.4,1.0,0.0,0.0,0.0,0.0,1
1,1.0,0,5.0,1.0,10.0,2.0,1.0,13.0,1.0,1.0,9.093682,1.0,0.0,0.0,0.0,0.0,1
1,1.0,0,4.0,1.0,13.0,7.0,2.0,11.0,1.0,1.0,1.9,1.0,0.0,0.0,0.0,0.0,1
1,1.0,0,4.0,1.0,4.0,8.0,1.0,12.0,1.0,1.0,1.9,1.0,0.0,0.0,0.0,0.0,1
1,1.0,1,4.0,1.0,22.0,11.0,2.0,12.0,1.0,1.0,86.3,1.0,0.0,0.0,0.0,0.0,1
1,1.0,0,4.0,1.0,10.0,8.0,1.0,11.0,1.0,1.0,1.3,1.0,4.0,11.0,379.0,0.0,1
0,1.0,1,4.0,1.0,22.0,1.0,2.0,13.0,5.0,1.0,0.8,1.0,3.0,2.0,379.0,0.0,1
1,1.0,1,5.0,1.0,13.0,1.0,2.0,13.0,1.0,1.0,0.3,1.0,0.0,0.0,0.0,0.0,1
1,1.0,1,7.0,1.0,13.0,9.0,1.0,12.0,1.0,1.0,0.4,1.0,0.0,0.0,0.0,0.0,1
1,1.0,1,5.0,1.0,3.0,6.0,1.0,11.0,1.0,1.0,0.0,1.0,0.0,0.0,0.0,0.0,0
1,1.0,0,4.0,1.0,13.0,8.0,2.0,12.0,1.0,1.0,0.0,1.0,0.0,0.0,0.0,0.0,1
1,1.0,1,6.0,1.0,13.0,8.0,1.0,7.0,1.0,1.0,1.9,1.0,0.0,0.0,0.0,0.0,1
1,1.0,1,4.0,1.0,13.0,3.0,2.0,12.0,1.0,1.0,86.3,1.0,0.0,0.0,0.0,0.0,1
1,1.0,1,4.0,2.0,14.0,1.0,2.0,13.0,1.0,1.0,1.0,1.0,0.0,0.0,0.0,0.0,1
1,1.0,1,6.0,1.0,22.0,4.0,1.0,12.0,1.0,1.0,1.6,1.0,0.0,0.0,0.0,0.0,1
1,1.0,1,4.0,1.0,13.0,1.0,2.0,12.0,1.0,1.0,0.0,1.0,0.0,0.0,0.0,0.0,1
1,1.0,0,4.0,1.0,10.0,1.0,1.0,13.0,1.0,1.0,0.0,1.0,0.0,0.0,0.0,0.0,1
1,1.0,1,5.0,1.0,4.0,9.0,2.0,12.0,1.0,1.0,0.8,1.0,0.0,0.0,0.0,0.0,1
1,1.0,0,4.0,1.0,13.0,8.0,2.0,13.0,1.0,1.0,0.3,1.0,0.0,0.0,0.0,0.0,1
1,1.0,1,4.0,1.0,16.0,3.0,1.0,12.0,1.0,1.0,0.5,1.0,0.0,0.0,0.0,0.0,1
1,1.0,0,4.0,1.0,0.0,8.0,1.0,12.0,1.0,1.0,3.5,1.0,0.0,0.0,257.0,0.0,1
1,1.0,0,4.0,1.0,13.0,12.0,2.0,12.0,1.0,1.0,0.8,1.0,3.0,0.0,292.64728,0.0,1
1,1.0,1,5.0,1.0,13.0,1.0,1.0,13.0,1.0,1.0,0.9,1.0,0.0,0.0,0.0,0.0,1
1,1.0,0,5.0,1.0,0.0,4.0,1.0,12.0,1.0,1.0,0.0,1.0,0.0,0.0,0.0,0.0,0
1,1.0,0,5.0,1.0,1.0,7.0,1.0,13.0,1.0,1.0,86.3,1.0,0.0,0.0,0.0,0.0,1
0,1.0,0,4.0,1.0,11.0,8.0,2.0,7.0,1.0,1.0,0.5,1.0,0.0,0.0,0.0,0.0,1
1,1.0,0,4.0,1.0,13.0,5.0,1.0,13.0,1.0,1.0,3.2,1.0,0.0,0.0,0.0,0.0,1
1,1.0,0,4.0,1.0,13.0,3.0,2.0,13.0,1.0,1.0,3.9,1.0,0.0,0.0,0.0,0.0,1
1,1.0,1,5.0,1.0,0.0,12.0,1.0,12.0,1.0,1.0,0.3,1.0,0.0,0.0,0.0,0.0,1
1,2.0,1,5.0,1.0,13.0,1.0,2.0,14.0,1.0,1.0,2.3,1.0,0.0,0.0,0.0,0.0,1
0,1.0,0,4.0,1.0,4.0,10.0,1.0,12.0,1.0,1.0,1.8,1.0,0.0,0.0,0.0,0.0,1
1,1.0,0,4.0,1.0,1.0,6.0,1.0,13.0,1.0,1.0,1.4,1.0,0.0,0.0,0.0,0.0,1
1,1.0,0,4.0,1.0,11.0,1.0,1.0,13.0,1.0,1.0,2.3,1.0,0.0,0.0,0.0,0.0,1
1,1.0,0,4.0,1.0,20.0,3.0,1.0,14.0,1.0,1.0,2.5,1.0,0.0,0.0,0.0,0.0,1
1,1.0,0,4.0,1.0,13.0,5.0,1.0,12.0,1.0,1.0,1.0,1.0,0.0,0.0,0.0,0.0,1
1,1.0,1,6.0,1.0,13.0,6.0,2.0,13.0,1.0,1.0,86.3,1.0,0.0,0.0,0.0,0.0,1
1,1.0,0,4.0,1.0,13.0,11.0,1.0,12.0,1.0,1.0,0.8,1.0,0.0,0.0,0.0,0.0,1
1,1.0,0,4.0,1.0,12.0,4.0,1.0,12.0,1.0,1.0,0.8,1.0,0.0,0.0,0.0,0.0,0
1,1.0,1,6.0,1.0,13.0,4.0,2.0,13.0,1.0,1.0,0.9,1.0,0.0,0.0,0.0,0.0,1
1,1.0,0,1.0,1.0,13.0,6.0,1.0,0.0,1.0,1.0,86.3,1.0,0.0,0.0,0.0,0.0,1
1,1.0,0,4.0,1.0,10.0,5.0,2.0,14.0,1.0,1.0,2.4,1.0,0.0,0.0,0.0,0.0,1
1,1.0,0,4.0,1.0,1.0,7.0,1.0,13.0,1.0,1.0,2.4,1.0,0.0,0.0,0.0,0.0,1
1,1.0,1,5.0,1.0,10.0,9.0,1.0,7.0,1.0,1.0,0.8,1.0,0.0,0.0,0.0,0.0,1
1,1.0,0,4.0,1.0,14.0,2.0,2.0,13.0,1.0,1.0,1.6,1.0,0.0,0.0,0.0,0.0,1
1,1.0,0,4.0,1.0,4.0,4.0,1.0,13.0,1.0,1.0,1.8,1.0,0.0,0.0,0.0,0.0,0
0,1.0,1,4.0,1.0,22.0,1.0,1.0,13.0,5.0,1.0,1.1,1.0,4.0,11.0,379.0,0.0,1
1,1.0,1,5.0,1.0,13.0,10.0,1.0,0.0,5.0,1.0,5.2,1.0,4.0,11.0,379.0,0.0,1
0,1.0,0,4.0,1.0,1.0,6.0,2.0,13.0,1.0,1.0,0.0,1.0,0.0,0.0,0.0,0.0,1
1,1.0,0,4.0,1.0,13.0,6.0,2.0,0.0,1.0,1.0,2.4,1.0,0.0,0.0,0.0,0.0,1
1,1.0,1,6.0,1.0,14.0,6.0,2.0,13.0,1.0,1.0,3.1,1.0,0.0,0.0,0.0,0.0,1
1,1.0,0,4.0,1.0,11.0,11.0,1.0,10.0,1.0,1.0,1.4,1.0,0.0,0.0,0.0,0.0,1
1,1.0,1,5.0,1.0,9.0,1.0,2.0,13.0,1.0,1.0,0.0,1.0,0.0,0.0,0.0,0.0,1
1,2.0,1,4.0,1.0,13.0,11.0,2.0,14.0,1.0,1.0,2.9,1.0,0.0,0.0,0.0,0.0,1
1,1.0,0,4.0,1.0,1.0,1.0,1.0,12.0,1.0,2.0,0.8,1.0,0.0,0.0,0.0,3.0,0
1,1.0,1,4.0,1.0,13.0,2.0,2.0,9.0,1.0,1.0,2.1,1.0,0.0,0.0,0.0,0.0,1
1,1.0,0,4.0,1.0,13.0,11.0,1.0,13.0,1.0,1.0,0.6,1.0,0.0,0.0,0.0,0.0,1
1,2.0,1,4.0,1.0,13.0,4.0,2.0,12.0,1.0,1.0,1.7,1.0,0.0,0.0,221.24062,0.0,1
1,1.0,1,5.0,1.0,22.0,8.0,1.0,13.0,1.0,1.0,1.2,1.0,0.0,0.0,0.0,0.0,1
1,1.0,1,5.0,1.0,13.0,7.0,1.0,12.0,1.0,1.0,1.1,1.0,0.0,0.0,0.0,0.0,1
1,1.0,1,7.0,1.0,13.0,8.0,1.0,13.0,1.0,1.0,1.4,1.0,0.0,0.0,0.0,0.0,1
1,1.0,0,4.0,1.0,10.0,3.0,1.0,7.0,1.0,1.0,0.7,1.0,0.0,0.0,0.0,0.0,1
1,1.0,0,4.0,1.0,14.0,8.0,1.0,13.0,1.0,1.0,0.3,1.0,0.0,0.0,0.0,0.0,1
1,1.0,0,5.0,1.0,4.0,8.0,1.0,12.0,1.0,1.0,0.4,1.0,0.0,0.0,0.0,0.0,1
1,1.0,1,5.0,1.0,15.0,9.0,1.0,12.0,1.0,1.0,86.3,1.0,0.0,0.0,0.0,0.0,1
1,1.0,1,7.0,1.0,13.0,4.0,2.0,13.0,1.0,1.0,2.2,1.0,0.0,0.0,0.0,0.0,1
1,1.0,0,4.0,1.0,13.0,1.0,1.0,9.0,1.0,1.0,1.7,1.0,0.0,0.0,0.0,0.0,1
1,1.0,1,5.0,1.0,11.0,8.0,1.0,12.0,1.0,1.0,1.1,1.0,0.0,0.0,0.0,0.0,1
1,1.0,0,4.0,1.0,2.0,1.0,2.0,13.0,1.0,1.0,1.0,1.0,0.0,0.0,0.0,0.0,1
1,1.0,1,5.0,1.0,13.0,12.0,1.0,0.0,5.0,1.0,1.5,1.0,0.0,0.0,0.0,0.0,1
1,1.0,1,4.0,1.0,5.0,4.0,1.0,12.0,1.0,1.0,0.0,1.0,0.0,0.0,0.0,0.0,1
1,1.0,0,4.0,1.0,13.0,4.0,2.0,13.0,1.0,1.0,1.0,1.0,0.0,0.0,0.0,0.0,1
1,1.0,1,5.0,1.0,22.0,1.0,2.0,13.0,1.0,1.0,2.9,1.0,0.0,0.0,0.0,0.0,1
1,1.0,0,4.0,1.0,0.0,3.0,1.0,12.0,1.0,1.0,1.1,1.0,0.0,0.0,0.0,0.0,0
1,2.0,1,5.0,1.0,13.0,7.0,1.0,13.0,1.0,1.0,2.5,1.0,0.0,0.0,0.0,0.0,1
1,1.0,0,5.0,1.0,2.0,7.0,1.0,8.0,1.0,1.0,1.7,1.0,0.0,0.0,0.0,0.0,1
1,1.0,1,5.0,1.0,13.0,3.0,2.0,13.0,1.0,1.0,86.3,1.0,0.0,0.0,0.0,0.0,1
1,1.0,0,4.0,1.0,13.0,2.0,2.0,4.0,1.0,1.0,1.8,1.0,0.0,0.0,0.0,0.0,1
1,1.0,0,4.0,1.0,13.0,6.0,1.0,4.0,1.0,1.0,1.8,1.0,0.0,0.0,0.0,0.0,1
1,1.0,0,4.0,1.0,16.0,5.0,1.0,12.0,1.0,1.0,0.0,1.0,0.0,0.0,0.0,0.0,1
1,1.0,1,7.0,1.0,13.0,9.0,2.0,13.0,1.0,1.0,1.0,1.0,0.0,0.0,0.0,0.0,1
1,1.0,1,5.0,1.0,9.880049,12.0,1.0,7.0,1.0,1.0,0.0,1.0,0.0,0.0,0.0,0.0,1
1,1.0,0,4.0,1.0,13.0,9.0,2.0,13.0,1.0,1.0,2.8,1.0,0.0,0.0,0.0,0.0,1
1,1.0,0,5.0,1.0,11.0,7.0,2.0,12.0,1.0,1.0,0.0,1.0,0.0,0.0,0.0,0.0,1
1,1.0,0,4.0,1.0,13.0,1.0,1.0,13.0,5.0,1.0,3.0,1.0,0.0,0.0,0.0,0.0,1
0,1.0,0,4.0,1.0,13.0,4.0,2.0,14.0,1.0,1.0,86.3,1.0,0.0,0.0,0.0,0.0,1
1,1.0,0,4.0,1.0,13.0,9.0,2.0,4.0,1.0,1.0,0.6,1.0,0.0,0.0,0.0,0.0,1
1,1.0,0,4.0,1.0,13.0,7.0,1.0,12.0,1.0,1.0,0.6,1.0,4.0,6.0,379.0,0.0,1
1,1.0,1,5.0,1.0,16.0,11.0,2.0,12.0,1.0,1.0,86.3,1.0,0.0,0.0,0.0,0.0,1
0,1.0,0,5.0,1.0,10.0,10.0,1.0,12.0,1.0,1.0,3.8,1.0,0.0,0.0,0.0,0.0,1
1,2.0,1,5.0,1.0,13.0,7.0,1.0,14.0,1.0,1.0,1.6,1.0,0.0,0.0,0.0,0.0,1
1,1.0,0,4.0,1.0,3.0,6.0,2.0,12.0,1.0,1.0,0.9,1.0,0.0,0.0,0.0,0.0,0
0,1.0,0,5.0,1.0,14.0,6.0,2.0,12.0,1.0,1.0,86.3,1.0,0.0,0.0,0.0,0.0,1
1,1.0,0,4.0,1.0,11.0,8.0,1.0,13.0,1.0,1.0,0.7,1.0,0.0,0.0,0.0,0.0,1
1,1.0,0,5.0,1.0,13.091967,11.0,1.0,13.0,1.0,1.0,3.6,1.0,0.0,0.0,0.0,0.0,1
0,1.0,0,4.0,1.0,11.0,8.0,2.0,0.0,1.0,1.0,0.3,1.0,0.0,0.0,0.0,0.0,1
0,1.0,1,4.0,1.0,13.0,9.0,2.0,12.0,1.0,1.0,86.3,1.0,0.0,0.0,0.0,0.0,1
0,1.0,1,4.0,1.0,13.0,9.0,2.0,14.0,1.0,1.0,86.3,1.0,0.0,0.0,0.0,0.0,1
1,1.0,0,4.0,1.0,11.0,5.0,1.0,13.0,1.0,1.0,86.3,1.0,0.0,0.0,0.0,0.0,1
1,1.0,0,4.0,1.0,13.0,6.0,1.0,13.0,1.0,1.0,0.5,1.0,0.0,0.0,0.0,0.0,1
1,1.0,0,5.0,1.0,13.0,1.0,1.0,14.0,1.0,1.0,2.9,1.0,0.0,0.0,0.0,0.0,1
1,1.0,0,4.0,1.0,14.0,6.0,1.0,10.0,1.0,1.0,0.4,1.0,4.0,10.0,379.0,0.0,1
1,1.0,0,4.0,1.0,2.0,1.0,1.0,12.0,1.0,1.0,3.9,1.0,0.0,0.0,0.0,0.0,1
0,1.0,1,7.0,1.0,22.0,11.0,1.0,13.0,1.0,1.0,2.4,1.0,0.0,0.0,0.0,0.0,1
1,2.0,0,4.0,1.0,0.0,8.0,1.0,13.0,1.0,1.0,3.6,1.0,0.0,0.0,0.0,0.0,0
1,1.0,1,5.0,1.0,13.0,1.0,1.0,9.0,1.0,1.0,0.7,1.0,3.0,0.0,0.0,0.0,1
1,1.0,0,4.0,1.0,10.0,11.0,2.0,12.0,1.0,1.0,0.9,1.0,0.0,0.0,0.0,0.0,1
1,1.0,1,6.0,1.0,13.0,7.0,1.0,12.0,1.0,1.0,3.2837226,1.0,0.0,0.0,0.0,0.0,1
1,1.0,1,5.0,1.0,14.0,8.0,1.0,13.0,1.0,1.0,3.2,1.0,0.0,0.0,0.0,0.0,1
0,1.0,0,6.0,1.0,13.0,12.0,1.0,12.0,1.0,1.0,1.7,1.0,0.0,0.0,0.0,0.0,1
1,1.0,0,4.0,1.0,9.0,4.0,1.0,12.0,1.0,1.0,86.3,1.0,0.0,0.0,0.0,0.0,1
1,1.0,0,4.0,1.0,4.0,7.0,1.0,5.0,1.0,1.0,0.4,1.0,0.0,0.0,0.0,0.0,1
1,1.0,0,4.0,1.0,11.0,1.0,2.0,13.0,1.0,1.0,2.0,1.0,0.0,0.0,0.0,0.0,1
1,1.0,0,4.0,1.0,13.0,1.0,1.0,13.0,1.0,1.0,1.6,1.0,0.0,0.0,0.0,0.0,1
1,1.0,0,5.0,1.0,13.0,3.0,1.0,12.0,1.0,1.0,1.6,1.0,0.0,0.0,0.0,0.0,1
1,1.0,0,4.0,1.0,3.0,8.0,2.0,13.0,1.0,1.0,1.0,1.0,0.0,0.0,0.0,0.0,1
0,1.0,0,5.0,1.0,3.0,8.0,2.0,10.0,1.0,1.0,1.6,1.0,0.0,0.0,0.0,0.0,1
0,1.0,1,5.0,1.0,22.0,12.0,1.0,12.0,1.0,1.0,0.0,1.0,0.0,0.0,259.0,0.0,1
0,2.0,0,4.0,1.0,10.0,7.0,1.0,13.0,1.0,2.0,86.3,1.0,0.0,0.0,0.0,0.0,1
1,1.0,0,5.0,1.0,11.0,5.0,2.0,13.0,1.0,1.0,1.4,1.0,0.0,0.0,0.0,0.0,1
1,1.0,1,5.0,1.0,0.0,5.0,2.0,10.0,1.0,1.0,0.0,1.0,0.0,0.0,0.0,0.0,1
1,1.0,1,5.0,1.0,10.0,1.0,1.0,13.0,5.0,1.0,1.9,1.0,0.0,0.0,0.0,0.0,1
1,1.0,0,4.0,1.0,16.0,8.0,2.0,12.0,1.0,1.0,2.5,1.0,0.0,0.0,0.0,0.0,1
1,1.0,1,5.0,1.0,16.0,1.0,1.0,14.0,1.0,1.0,1.6,1.0,0.0,0.0,0.0,0.0,1
1,1.0,1,5.0,1.0,13.0,2.0,2.0,13.0,1.0,1.0,1.2,1.0,0.0,0.0,0.0,0.0,1
1,1.0,0,4.0,1.0,11.0,8.0,1.0,7.0,1.0,1.0,0.8,1.0,0.0,0.0,0.0,0.0,1
1,1.0,0,4.0,1.0,0.0,8.0,1.0,14.0,1.0,1.0,1.0,1.0,0.0,0.0,0.0,0.0,0
0,1.0,0,4.0,1.0,14.0,5.0,2.0,14.0,1.0,1.0,86.3,1.0,0.0,0.0,0.0,0.0,1
1,1.0,0,5.0,1.0,22.0,4.0,2.0,13.0,1.0,1.0,3.2,1.0,0.0,0.0,0.0,0.0,1
0,1.0,1,7.0,1.0,22.0,12.0,1.0,12.0,1.0,1.0,1.6,1.0,0.0,0.0,0.0,0.0,1
1,1.0,0,4.0,1.0,11.0,7.0,2.0,14.0,1.0,1.0,1.5,1.0,0.0,0.0,0.0,0.0,1
1,1.0,0,4.0,1.0,13.0,3.0,1.0,12.0,1.0,1.0,1.5,1.0,0.0,0.0,0.0,0.0,1
1,1.0,0,4.0,1.0,14.0,6.0,1.0,12.0,1.0,4.0,0.8,1.0,0.0,0.0,0.0,3.0,1
1,1.0,1,6.0,1.0,13.0,4.0,2.0,12.0,1.0,1.0,1.0,1.0,0.0,0.0,0.0,0.0,1
1,1.0,0,4.0,1.0,7.0,8.0,1.0,12.0,1.0,1.0,1.1,1.0,4.0,11.0,379.0,0.0,1
1,1.0,1,5.0,1.0,22.0,8.0,2.0,12.0,1.0,1.0,86.3,1.0,0.0,0.0,0.0,0.0,1
1,1.0,0,4.0,1.0,13.0,4.0,2.0,13.0,1.0,1.0,0.6,1.0,0.0,0.0,0.0,0.0,1
1,2.0,0,5.0,1.0,0.0,1.0,1.0,13.0,1.0,1.0,1.4,1.0,0.0,0.0,0.0,3.0,0
1,1.0,1,4.0,1.0,14.0,5.0,2.0,13.0,5.0,1.0,0.0,1.0,0.0,0.0,0.0,0.0,1
0,1.0,1,4.0,1.0,13.0,2.0,1.0,13.0,5.0,1.0,2.1,1.0,0.0,0.0,0.0,0.0,1
0,2.0,1,4.0,1.0,16.0,1.0,1.0,13.0,1.0,1.0,2.9,1.0,0.0,0.0,0.0,0.0,1
1,1.0,0,4.0,1.0,13.0,1.0,1.0,12.0,1.0,1.0,5.060953,1.0,3.0,0.0,233.0603,0.0,1
1,1.0,0,4.0,1.0,6.0,5.0,2.0,0.0,1.0,1.0,1.2,1.0,0.0,0.0,0.0,0.0,0
1,1.0,0,4.0,1.0,10.0,4.0,1.0,11.0,1.0,1.0,3.9,1.0,4.0,11.0,379.0,0.0,1
0,1.0,0,4.0,1.0,13.0,12.0,1.0,7.0,1.0,1.0,1.9,1.0,0.0,0.0,0.0,0.0,1
1,1.0,0,4.0,1.0,11.0,7.0,1.0,13.0,1.0,1.0,4.1,1.0,4.0,11.0,379.0,0.0,1
1,1.0,0,4.0,1.0,13.0,8.0,2.0,12.0,1.0,1.0,2.4,1.0,3.0,0.0,379.0,0.0,1
0,1.0,1,7.0,1.0,22.0,10.0,2.0,13.0,1.0,1.0,86.3,1.0,0.0,0.0,0.0,0.0,1
0,1.0,0,5.0,1.0,11.0,12.0,1.0,12.0,1.0,1.0,1.6,1.0,0.0,0.0,0.0,0.0,0
1,1.0,0,4.0,1.0,2.0,10.0,1.0,13.0,1.0,1.0,1.7,1.0,0.0,0.0,0.0,0.0,1
1,1.0,0,4.0,1.0,0.0,6.0,2.0,13.0,1.0,1.0,1.2,1.0,0.0,0.0,0.0,0.0,1
1,1.0,0,4.0,1.0,13.0,5.0,1.0,0.0,1.0,1.0,0.0,1.0,0.0,0.0,0.0,0.0,1
1,1.0,0,4.0,1.0,4.0,9.0,2.0,12.0,1.0,1.0,86.3,1.0,0.0,0.0,0.0,0.0,1
1,1.0,0,4.0,1.0,16.0,7.0,1.0,13.0,1.0,1.0,86.3,1.0,0.0,0.0,0.0,0.0,1
0,1.0,0,4.0,1.0,17.0,12.0,2.0,1.0,1.0,1.0,2.5,1.0,0.0,0.0,0.0,0.0,1
1,1.0,0,4.0,1.0,14.0,4.0,2.0,12.0,1.0,1.0,3.8,1.0,0.0,0.0,0.0,0.0,1
1,1.0,0,4.0,1.0,0.0,7.0,1.0,7.0931067,1.0,1.0,86.3,1.0,0.0,0.0,0.0,0.0,1
1,1.0,0,4.0,1.0,4.0,3.0,1.0,13.0,1.0,1.0,3.7,1.0,0.0,0.0,0.0,0.0,1
1,2.0,1,4.0,1.0,10.0,7.0,2.0,14.0,1.0,1.0,1.9,1.0,0.0,0.0,0.0,0.0,1
1,1.0,0,4.0,1.0,13.0,11.0,2.0,6.0,1.0,1.0,0.0,1.0,0.0,0.0,0.0,0.0,1
1,1.0,1,4.0,1.0,13.0,5.0,1.0,14.0,1.0,1.0,86.3,1.0,0.0,0.0,0.0,0.0,1
1,1.0,0,4.0,1.0,16.0,1.0,2.0,13.0,1.0,1.0,1.4,1.0,0.0,0.0,0.0,0.0,1
1,1.0,0,4.0,1.0,13.0,5.0,2.0,13.0,1.0,1.0,0.9,1.0,0.0,0.0,0.0,0.0,1
1,1.0,0,4.0,1.0,0.0,2.0,1.0,13.0,1.0,4.0,1.1,1.0,0.0,0.0,0.0,3.0,0
1,1.0,0,1.0,1.0,13.0,12.0,1.0,12.0,1.0,1.0,1.4,1.0,0.0,0.0,0.0,0.0,1
1,1.0,0,1.0,1.0,14.0,1.0,2.0,13.0,1.0,1.0,86.3,1.0,0.0,0.0,0.0,0.0,1
1,1.0,0,5.0,1.0,4.0,11.0,1.0,12.0,1.0,1.0,1.9,1.0,0.0,0.0,0.0,0.0,1
0,2.0,0,4.0,1.0,13.0,5.0,1.0,12.0,1.0,1.0,86.3,1.0,0.0,0.0,0.0,0.0,1
1,1.0,0,4.0,1.0,13.0,8.0,1.0,13.0,1.0,1.0,1.4,1.0,0.0,0.0,0.0,0.0,1
0,1.0,0,4.0,1.0,20.0,6.0,2.0,12.0,1.0,1.0,1.9,1.0,0.0,0.0,0.0,0.0,1
1,1.0,0,4.0,1.0,0.0,9.0,1.0,12.0,1.0,1.0,8.950036,1.0,0.0,0.0,0.0,0.0,1
1,1.0,1,5.0,1.0,14.0,11.0,2.0,7.0,1.0,1.0,0.0,1.0,0.0,0.0,0.0,0.0,1
1,1.0,1,5.0,1.0,11.0,7.0,1.0,0.0,1.0,1.0,0.0,1.0,0.0,0.0,0.0,0.0,1
1,1.0,1,4.0,1.0,19.850084,7.0,2.0,12.0,1.0,1.0,1.9,1.0,0.0,0.0,0.0,0.0,1
1,1.0,0,4.0,1.0,16.0,1.0,2.0,13.0,1.0,1.0,5.3,1.0,0.0,0.0,0.0,0.0,1
0,1.0,1,4.0,1.0,13.0,2.0,2.0,13.0,1.0,1.0,2.5,1.0,0.0,0.0,0.0,0.0,1
1,1.0,0,4.0,1.0,13.0,9.0,2.0,13.0,1.0,1.0,86.3,1.0,0.0,0.0,0.0,0.0,1
0,1.0,0,4.0,1.0,13.0,1.0,2.0,0.0,1.0,1.0,86.3,1.0,4.0,11.0,379.0,0.0,1
1,1.0,0,4.0,1.0,13.0,6.0,2.0,9.0,1.0,1.0,86.3,1.0,0.0,0.0,0.0,0.0,1
1,1.0,1,5.0,1.0,16.0,12.0,1.0,11.0,1.0,1.0,1.1,1.0,0.0,0.0,0.0,0.0,1
1,1.0,0,4.0,1.0,13.0,1.0,2.0,13.0,1.0,1.0,1.7,1.0,0.0,0.0,0.0,0.0,1
1,1.0,0,4.0,1.0,10.0,9.0,1.0,12.0,1.0,1.0,0.8,1.0,0.0,0.0,0.0,0.0,1
1,1.0,0,4.0,1.0,2.799103,4.0,2.0,0.0,1.0,1.0,0.6,1.0,0.0,0.0,0.0,0.0,0
1,1.0,0,4.0,1.0,11.0,11.0,2.0,12.0,1.0,1.0,1.0,1.0,0.0,0.0,0.0,0.0,1
1,1.0,0,4.0,1.0,0.0,7.0,1.0,12.0,1.0,1.0,6.9,1.0,0.0,0.0,0.0,0.0,1
1,1.0,0,4.0,1.0,13.0,12.0,2.0,12.0,1.0,1.0,1.0,1.0,0.0,0.0,0.0,0.0,1
1,1.0,0,2.0,1.0,13.0,4.0,2.0,12.0,1.0,1.0,3.7,1.0,4.0,11.0,379.0,0.0,1
1,1.0,1,4.0,1.0,13.0,7.0,1.0,14.0,1.0,1.0,1.5,1.0,0.0,0.0,0.0,0.0,1
1,1.0,0,4.0,1.0,14.0,10.0,1.0,13.0,1.0,1.0,1.0,1.0,0.0,0.0,0.0,0.0,1
1,1.0,0,5.0,1.0,11.0,1.0,2.0,13.0,1.0,1.0,0.8,1.0,0.0,0.0,0.0,0.0,1
0,1.0,0,4.0,1.0,14.0,7.0,1.0,4.0,1.0,1.0,1.3,1.0,0.0,0.0,0.0,0.0,1
1,1.0,0,4.0,1.0,13.0,8.0,2.0,13.0,1.0,1.0,1.5,1.0,0.0,0.0,0.0,0.0,1
1,2.0,0,4.0,1.0,13.0,1.0,2.0,12.0,1.0,1.0,1.7,1.0,0.0,0.0,0.0,0.0,1
1,1.0,0,5.0,1.0,10.0,2.0,1.0,6.0,1.0,1.0,0.9,1.0,3.0,6.0,198.64005,0.0,1
1,1.0,0,4.0,1.0,16.0,1.0,2.0,13.0,1.0,1.0,0.6,1.0,0.0,0.0,0.0,0.0,1
1,1.0,0,4.0,1.0,10.0,12.0,1.0,12.0,1.0,1.0,0.9,1.0,0.0,0.0,0.0,0.0,1
0,1.0,1,5.0,1.0,13.0,8.0,1.0,12.0,5.0,1.0,1.3,1.0,0.0,0.0,0.0,0.0,1
0,1.0,0,5.0,1.0,10.0,1.0,2.0,7.0,1.0,1.0,0.8,1.0,0.0,0.0,0.0,0.0,1
1,1.0,0,4.0,1.0,13.0,5.0,1.0,13.0,1.0,1.0,0.7,1.0,0.0,0.0,0.0,0.0,1
1,1.0,0,5.0,1.0,13.0,1.0,1.0,13.0,1.0,1.0,3.066095,1.0,0.0,0.0,0.0,0.0,1
1,1.0,0,5.0,1.0,1.0,5.0,1.0,13.0,5.0,1.0,3.2,1.0,0.0,0.0,0.0,0.0,1
1,2.0,0,4.0,1.0,11.0,3.0,1.0,13.0,1.0,1.0,3.0,1.0,0.0,0.0,0.0,0.0,1
1,1.0,0,4.0,1.0,13.0,12.0,2.0,12.0,1.0,1.0,7.3,1.0,0.0,0.0,0.0,0.0,1
1,1.0,0,4.0,1.0,13.0,1.0,1.0,12.0,1.0,1.0,1.6,1.0,0.0,0.0,0.0,0.0,1
1,1.0,0,4.0,1.0,22.0,1.0,2.0,13.0,1.0,1.0,2.8,1.0,0.0,0.0,0.0,0.0,1
1,1.0,0,4.0,1.0,11.0,1.0,2.0,13.0,1.0,1.0,0.0,1.0,0.0,0.0,0.0,0.0,1
1,1.0,0,4.0,1.0,4.0,9.0,2.0,13.0,1.0,1.0,2.0,1.0,0.0,0.0,0.0,0.0,1
1,1.0,1,5.0,1.0,14.0,8.0,2.0,13.0,1.0,1.0,0.0,1.0,0.0,0.0,0.0,0.0,1
1,1.0,0,4.0,1.0,13.0,1.0,2.0,14.0,1.0,1.0,3.1,1.0,0.0,0.0,0.0,0.0,1
1,1.0,1,5.0,1.0,10.0,5.0,1.0,12.0,1.0,1.0,0.4,1.0,0.0,0.0,0.0,0.0,1
1,1.0,0,5.0,1.0,13.0,2.0,2.0,13.0,1.0,1.0,2.4,1.0,0.0,0.0,0.0,0.0,1
1,1.0,0,1.0,1.0,22.0,10.0,1.0,12.0,1.0,1.0,3.2,1.0,3.0,0.0,0.0,0.0,1
1,1.0,0,1.5628377,1.0,13.0,5.0,1.0,12.0,1.0,1.0,86.3,1.0,0.0,0.0,0.0,0.0,1
1,1.0,0,4.0,1.0,6.0,2.0,1.0,10.0,5.0,1.0,2.9,1.0,0.0,0.0,0.0,0.0,1
1,1.0,1,6.0,1.0,14.0,11.0,1.0,12.0,1.0,1.0,0.9,1.0,0.0,0.0,0.0,0.0,1
1,1.0,0,4.0,1.0,1.0,8.0,1.0,13.0,1.0,1.0,1.6,1.0,0.0,0.0,0.0,0.0,1
0,1.0,1,5.0,1.0,14.0,3.0,2.0,13.0,1.0,1.0,1.0,1.0,0.0,0.0,0.0,0.0,1
1,2.0,1,5.0,1.0,13.0,6.0,2.0,12.0,1.0,1.0,1.3,1.0,0.0,0.0,0.0,0.0,1
1,1.0,1,5.0,1.0,14.0,1.0,2.0,14.0,1.0,1.0,2.6,1.0,0.0,0.0,0.0,0.0,1
1,1.0,0,4.0,1.0,13.0,8.0,1.0,13.0,1.0,1.0,0.2,1.0,3.0,5.0,293.67682,0.0,1
1,1.0,0,4.0,1.0,11.0,5.0,2.0,13.0,1.0,1.0,1.8,1.0,0.0,0.0,0.0,0.0,1
1,1.0,1,5.0,1.0,4.0,12.0,2.0,0.0,1.0,1.0,0.5,1.0,0.0,0.0,0.0,0.0,1
1,1.0,0,4.0,1.0,10.0,12.0,1.0,12.0,1.0,1.0,2.1,1.0,3.0,0.0,293.0,0.0,1
1,1.0,1,4.0,1.0,13.0,7.0,2.0,13.0,1.0,1.0,1.9,1.0,0.0,0.0,0.0,0.0,1
1,1.0,1,5.0,1.0,22.0,10.0,1.0,11.0,1.0,1.0,7.9,1.0,0.0,0.0,0.0,0.0,1
1,1.0,0,4.0,1.0,13.0,1.0,1.0,13.0,5.0,2.0,2.0,1.0,0.0,11.0,268.87207,0.0,1
1,1.0,0,4.0,1.0,2.0,10.0,1.0,12.0,1.0,1.0,3.5,1.0,0.0,0.0,0.0,0.0,1
1,1.0,0,4.0,1.0,13.0,5.0,1.0,14.0,1.0,1.0,2.1,1.0,0.0,0.0,0.0,0.0,1
1,1.0,1,4.0,1.0,14.0,7.0,1.0,0.0,1.0,1.0,4.0,1.0,4.0,11.0,379.0,0.0,1
0,1.0,0,4.0,1.0,10.0,12.0,1.0,8.0,1.0,1.0,1.4,1.0,0.0,0.0,0.0,0.0,1
1,1.0,1,5.0,1.0,13.0,8.0,2.0,7.0,1.0,1.0,2.1,1.0,0.0,0.0,0.0,0.0,1
1,1.0,0,5.0,1.0,1.0,7.0,1.0,0.0,1.0,1.0,0.0,1.0,0.0,0.0,0.0,0.0,1
1,1.0,0,1.0,1.0,20.0,1.0,2.0,13.0,1.0,1.0,1.8,1.0,0.0,0.0,0.0,0.0,1
0,1.0,0,4.0,1.0,13.0,10.0,2.0,13.0,1.0,1.0,3.5,1.0,0.0,0.0,0.0,0.0,1
1,1.0,0,4.0,1.0,13.0,5.0,1.0,13.0,1.0,1.0,1.0,1.0,0.0,0.0,0.0,0.0,1
1,2.0,0,5.0,1.0,10.0,12.0,2.0,12.0,1.0,1.0,2.5,1.0,0.0,0.0,0.0,0.0,0
1,1.0,0,4.0,1.0,0.0,3.0,1.0,12.0,1.0,1.0,1.2,1.0,0.0,0.0,0.0,0.0,1
1,1.0,0,4.0,1.0,13.0,12.0,1.0,12.0,1.0,1.0,1.2,1.0,0.0,0.0,0.0,0.0,1
1,1.0,0,4.0,1.0,10.0,11.0,2.0,12.0,1.0,1.0,3.2,1.0,0.0,0.0,0.0,0.0,1
1,2.0,1,5.0,1.0,11.0,4.0,1.0,13.0,1.0,1.0,1.2,1.0,0.0,0.0,0.0,0.0,1
1,1.0,0,4.0,1.0,4.0,8.0,2.0,12.0,1.0,1.0,1.2,1.0,0.0,0.0,0.0,0.0,1
0,2.0,1,4.0,1.0,10.0,5.0,1.0,9.0,1.0,1.0,1.6,1.0,0.0,0.0,0.0,0.0,1
1,1.0,1,7.0,1.0,4.0,12.0,1.0,13.0,5.0,1.0,3.7,1.0,0.0,0.0,0.0,0.0,1
1,1.0,1,4.0,1.0,13.0,7.0,2.0,14.0,1.0,1.0,3.6,1.0,0.0,0.0,0.0,0.0,1
1,1.0,0,4.0,1.0,6.0,7.0,1.0,12.0,1.0,1.0,1.1,1.0,0.0,0.0,0.0,0.0,1
1,1.0,0,1.0,1.0,13.0,4.0,1.0,1.6218613,1.0,1.0,4.3,1.0,0.0,0.0,0.0,0.0,1
1,1.0,0,4.0,1.0,6.0,3.0,1.0,12.0,1.0,1.0,2.2,1.0,0.0,0.0,0.0,0.0,1
1,1.0,0,4.0,1.0,14.0,10.0,2.0,13.0,1.0,1.0,0.9,1.0,0.0,0.0,0.0,0.0,1
1,1.0,1,5.0,1.0,13.0,5.0,1.0,12.0,1.0,1.0,3.0,1.0,0.0,0.0,0.0,0.0,1
1,1.0,1,5.0,1.0,14.0,8.0,1.0,12.0,1.0,1.0,2.4,1.0,4.0,11.0,379.0,0.0,1
1,1.0,0,4.0,1.0,1.0,2.0,1.0,7.0,1.0,1.0,0.9,1.0,0.0,0.0,0.0,0.0,1
1,1.0,1,6.0,1.0,0.0,12.0,2.0,0.0,1.0,1.0,0.0,1.0,0.0,0.0,0.0,0.0,1
1,1.0,0,4.0,1.0,22.0,4.0,1.0,13.0,1.0,1.0,2.8,1.0,0.0,0.0,0.0,0.0,1
1,1.0,0,4.0,1.0,1.0,4.0,1.0,12.0,1.0,1.0,1.1,1.0,0.0,0.0,0.0,0.0,0
1,1.0,0,4.0,1.0,2.0,5.0,1.0,12.0,1.0,1.0,0.7,1.0,0.0,0.0,0.0,0.0,1
1,1.0,0,4.0,1.0,4.0,3.0,2.0,12.0,1.0,1.0,0.4,1.0,0.0,0.0,0.0,0.0,0
0,1.0,0,5.0,1.0,5.0,10.0,1.0,13.0,1.0,1.0,1.6,1.0,0.0,0.0,0.0,0.0,1
1,1.0,0,1.0,1.0,13.0,11.0,2.0,13.0,1.0,1.0,1.7,1.0,4.0,11.0,379.0,0.0,1
1,1.0,0,5.0,1.0,11.0,4.0,2.0,3.0,1.0,1.0,1.1,1.0,0.0,0.0,0.0,0.0,0
1,1.0,0,4.0,1.0,16.0,4.0,1.0,8.0,1.0,1.0,0.4,1.0,0.0,0.0,0.0,0.0,1
1,1.0,1,5.0,1.0,16.0,8.0,1.0,12.0,1.0,1.0,2.4,1.0,0.0,0.0,0.0,0.0,1
1,1.0,0,4.0,1.0,0.0,1.0,1.0,13.0,5.0,1.0,2.1,1.0,0.0,0.0,0.0,3.0,0
1,1.0,1,5.0,1.0,15.0,4.0,1.0,12.0,1.0,1.0,1.4,1.0,0.0,0.0,0.0,0.0,1
1,1.0,1,4.0,1.0,13.0,6.0,1.0,12.0,1.0,1.0,0.4,1.0,0.0,0.0,0.0,0.0,1
1,1.0,0,5.0,1.0,9.0,1.0,1.0,13.0,1.0,1.0,1.0,1.0,0.0,0.0,0.0,0.0,0
1,1.0,0,4.0,1.0,11.0,4.0,1.0,13.0,1.0,1.0,1.9,1.0,0.0,0.0,0.0,0.0,1
1,1.0,0,4.0,1.0,0.0,9.0,1.0,4.0,1.0,1.0,2.0,1.0,0.0,0.0,0.0,0.0,1
1,1.0,1,5.0,1.0,16.0,1.0,2.0,13.0,1.0,1.0,0.4,1.0,0.0,0.0,0.0,0.0,1
1,1.0,0,4.0,1.0,4.0,4.0,2.0,12.0,1.0,1.0,1.7,1.0,0.0,0.0,0.0,0.0,1
0,1.0,0,4.0,1.0,10.0,7.0,1.0,12.0,1.0,4.0,1.1,1.0,0.0,0.0,0.0,2.0,1
1,1.0,0,5.0,1.0,10.0,3.0,1.0,13.0,1.0,1.0,0.30347535,1.0,0.0,0.0,0.0,0.0,1
1,1.0,0,5.0,1.0,13.0,10.0,2.0,13.0,1.0,1.0,3.0,1.0,0.0,0.0,0.0,0.0,1
1,1.0,0,4.0,1.0,2.0,8.0,1.0,12.0,1.0,1.0,0.2,1.0,0.0,0.0,0.0,0.0,0
1,1.0,0,5.0,1.0,0.0,9.0,1.0,12.0,5.0,1.0,0.9,1.0,0.0,0.0,0.0,3.0,0
1,1.0,0,4.0,1.0,13.0,12.0,2.0,12.0,1.0,1.0,0.2,1.0,0.0,0.0,0.0,0.0,1
0,2.0,0,5.0,1.0,13.0,12.0,1.0,14.0,1.0,1.0,86.3,1.0,0.0,0.0,0.0,0.0,1
1,1.0,0,4.0,1.0,8.0,8.0,1.0,13.0,1.0,1.0,0.9,1.0,4.0,11.0,379.0,0.0,1
0,1.0,1,5.0,1.0,22.0,11.0,1.0,13.0,1.0,1.0,2.3,1.0,0.0,0.0,0.0,0.0,1
1,1.0,1,6.0,1.0,16.0,7.0,2.0,13.0,1.0,1.0,86.3,1.0,0.0,0.0,0.0,0.0,1
1,1.0,0,4.0,1.0,4.0,6.0,1.0,6.0,1.0,1.0,2.3,1.0,0.0,0.0,0.0,0.0,1
1,1.0,0,4.0,1.0,0.0,11.0,2.0,13.0,1.0,1.0,0.8,1.0,0.0,0.0,0.0,0.0,1
1,1.0,0,4.0,2.0,13.0,4.0,1.0,13.0,1.0,1.0,1.9,1.0,0.0,0.0,0.0,0.0,1
1,2.0,0,4.0,1.0,4.0,9.0,2.0,13.0,1.0,1.0,0.8,1.0,0.0,0.0,0.0,0.0,1
1,1.0,1,5.0,1.0,13.0,1.0,1.0,12.0,1.0,1.0,2.0,1.0,0.0,0.0,0.0,0.0,1
1,1.0,1,5.0,1.0,13.0,2.0,1.0,14.0,1.0,1.0,3.5,1.0,0.0,0.0,0.0,0.0,1
1,2.0,1,5.0,1.0,9.0,3.0,1.0,7.0,1.0,1.0,1.4,1.0,0.0,0.0,0.0,0.0,1
1,1.0,0,4.0,1.0,10.0,1.0,1.0,12.0,1.0,1.0,3.1,1.0,0.0,0.0,0.0,0.0,1
1,1.0,1,4.0,1.0,16.0,6.0,1.0,0.0,1.0,1.0,0.7,1.0,0.0,0.0,0.0,0.0,1
1,1.0,1,4.0,1.0,13.0,6.0,2.0,12.0,1.0,1.0,1.0,1.0,3.0,7.0,379.0,0.0,1
1,1.0,0,4.0,1.0,13.0,10.0,1.0,12.0,1.0,1.0,2.7,1.0,0.0,0.0,0.0,0.0,1
1,1.0,1,7.0,1.0,14.0,12.0,1.0,12.0,1.0,1.0,2.7,1.0,0.0,0.0,0.0,0.0,1
1,1.0,1,5.0,1.0,13.0,2.0,2.0,12.0,1.0,1.0,1.7,1.0,0.0,0.0,0.0,0.0,1
1,1.0,1,5.0,1.0,13.0,4.0,1.0,9.0,1.0,1.0,3.0,1.0,0.0,0.0,0.0,0.0,1
1,1.0,0,1.0,1.0,22.0,1.0,1.0,13.0,5.0,1.0,86.3,1.0,4.0,7.0,379.0,0.0,1
1,1.0,1,5.0,1.0,2.0,3.0,1.0,13.0,1.0,1.0,1.2,1.0,0.0,0.0,0.0,0.0,1
1,1.0,1,5.0,1.0,15.0,4.0,1.0,10.0,1.0,1.0,1.2,1.0,4.0,6.0,379.0,0.0,1
1,1.0,1,6.0,1.0,11.0,12.0,1.0,11.0,1.0,1.0,1.5,1.0,0.0,0.0,0.0,0.0,0
1,1.0,1,4.0,1.0,10.0,8.0,2.0,10.0,1.0,1.0,1.5,1.0,0.0,0.0,0.0,0.0,1
1,1.0,0,4.0,1.0,11.0,3.0,1.0,12.0,1.0,1.0,1.7,1.0,0.0,0.0,0.0,0.0,1
1,1.0,0,4.0,1.0,3.0,1.0,1.0,7.0,1.0,1.0,1.1,1.0,0.0,0.0,0.0,0.0,1
1,1.0,1,4.0,1.0,10.0,6.0,2.0,13.0,1.0,1.0,1.6,1.0,0.0,0.0,0.0,0.0,1
1,1.0,1,4.0,1.0,4.0,8.0,2.0,13.0,1.0,1.0,0.0,1.0,0.0,0.0,0.0,0.0,1
1,1.0,1,4.0,1.0,13.0,1.0,1.0,12.0,1.0,1.0,0.0,1.0,4.0,11.0,379.0,0.0,1
0,1.0,1,5.0,1.0,13.0,3.0,2.0,12.0,1.0,1.0,2.1,1.0,0.0,0.0,0.0,0.0,1
1,1.0,0,4.0,1.0,3.0,8.0,2.0,12.0,1.0,1.0,0.6,1.0,0.0,0.0,0.0,0.0,1
1,1.0,0,5.0,1.0,12.0,8.0,1.0,10.0,1.0,1.0,0.6,1.0,0.0,0.0,0.0,0.0,1
1,1.0,0,4.0,1.0,16.0,9.0,1.0,13.0,1.0,1.0,2.7,1.0,0.0,0.0,0.0,0.0,1
1,1.0,0,4.0,1.0,12.593384,12.0,2.0,10.0,1.0,1.0,2.1,1.0,0.0,0.0,0.0,0.0,1
1,1.0,1,4.0,1.0,13.0,6.0,1.0,12.0,1.0,1.0,86.3,1.0,0.0,0.0,0.0,0.0,1
1,1.0,1,5.0,1.0,8.0,7.0,2.0,0.0,1.0,1.0,0.8,1.0,0.0,0.0,0.0,0.0,1
1,1.0,0,4.0,1.0,4.0,5.0,1.0,12.0,1.0,1.0,0.0,1.0,0.0,0.0,0.0,0.0,1
1,1.0,0,5.0,1.0,13.0,10.0,1.0,13.0,1.0,1.0,2.3,1.0,0.0,0.0,0.0,0.0,1
1,2.0,1,4.0,1.0,13.0,6.0,2.0,13.0,1.0,1.0,86.3,1.0,0.0,0.0,0.0,0.0,1
0,1.0,0,5.0,1.0,0.0,7.0,1.0,13.0,1.0,1.0,1.8,1.0,0.0,0.0,0.0,0.0,1
1,1.0,1,5.0,1.0,10.0,1.0,1.0,7.0,1.0,1.0,1.6,1.0,0.0,0.0,0.0,0.0,1
1,1.0,0,4.0,1.0,13.0,1.0,1.0,14.0,1.0,1.0,1.0,1.0,0.0,0.0,0.0,0.0,1
0,1.0,1,5.0,1.0,16.0,7.0,1.0,13.0,1.0,1.0,86.3,1.0,0.0,0.0,0.0,0.0,1
1,1.0,1,5.0,1.0,4.0,12.0,2.0,10.0,1.0,1.0,0.0,1.0,0.0,0.0,0.0,0.0,1
1,1.0,0,4.0,1.0,13.0,9.0,2.0,12.0,1.0,1.0,2.0,1.0,0.0,0.0,0.0,0.0,1
1,1.0,1,5.0,1.0,16.0,6.0,1.0,12.0,1.0,1.0,3.7,1.0,0.0,0.0,0.0,0.0,1
1,1.0,1,5.0,1.0,10.0,8.0,2.0,12.0,1.0,1.0,0.8,1.0,0.0,0.0,0.0,0.0,1
1,1.0,1,5.0,1.0,2.0,12.0,2.0,0.0,2.0,1.0,1.0,1.0,0.0,0.0,0.0,0.0,1
1,1.0,0,1.0,1.0,22.0,1.0,2.0,12.0,1.0,1.0,3.5,1.0,0.0,0.0,0.0,0.0,1
0,1.0,0,4.0,1.0,4.0,8.0,1.0,13.0,1.0,1.0,3.1,1.0,0.0,0.0,0.0,0.0,1
1,1.0,0,4.0,1.0,10.0,1.0,2.0,12.0,1.0,1.0,0.0,1.0,0.0,0.0,0.0,0.0,1
0,1.0,0,5.0,1.0,10.0,12.0,1.0,0.0,1.0,1.0,1.8,1.0,0.0,0.0,0.0,0.0,1
1,1.0,1,5.0,1.0,10.0,3.0,2.0,12.0,1.0,1.0,1.6,1.0,0.0,0.0,0.0,0.0,1
1,1.0,0,4.0,1.0,11.0,12.0,1.0,12.0,1.0,1.0,2.3,1.0,0.0,0.0,0.0,0.0,1
1,1.0,1,5.0,1.0,1.0,5.0,1.0,13.0,1.0,1.0,1.0,1.0,0.0,0.0,0.0,0.0,1
1,1.0,1,4.0,1.0,13.0,5.0,1.0,0.0,1.0,1.0,1.1,1.0,0.0,0.0,0.0,0.0,1
1,1.0,0,4.0,1.0,13.0,5.0,2.0,14.0,1.0,1.0,86.3,1.0,0.0,0.0,0.0,0.0,1
1,1.0,1,5.0,1.0,16.0,1.0,1.0,12.0,1.0,1.0,86.3,1.0,0.0,0.0,0.0,0.0,1
0,1.0,0,5.0,1.0,6.0,4.0,2.0,12.0,1.0,1.0,0.8,1.0,0.0,0.0,0.0,0.0,1
0,1.0,0,4.0,1.0,12.0,12.0,2.0,13.0,1.0,1.0,4.2,1.0,0.0,0.0,0.0,0.0,1
0,1.0,0,1.0,1.0,22.0,6.0,2.0,9.0,1.0,1.0,86.3,1.0,0.0,0.0,0.0,0.0,1
1,1.0,0,4.0,1.0,12.0,1.0,2.0,14.0,1.0,1.0,0.8,1.0,0.0,0.0,0.0,0.0,1
1,1.0,0,4.0,1.0,13.0,5.0,1.0,12.0,1.0,1.0,2.8,1.0,4.0,11.0,379.0,0.0,1
1,1.0,0,4.0,1.0,8.0,4.0,2.0,13.0,1.0,1.0,0.5,1.0,0.0,0.0,0.0,0.0,1
1,2.0,1,5.0,1.0,13.0,12.0,1.0,13.0,1.0,1.0,4.5,1.0,0.0,0.0,0.0,0.0,1
1,1.0,0,4.0,1.0,10.0,3.0,1.0,0.0,1.0,1.0,1.9,1.0,4.0,11.0,379.0,0.0,1
1,1.0,0,5.0,1.0,14.0,12.0,2.0,13.0,1.0,1.0,0.8,1.0,0.0,0.0,0.0,0.0,1
0,1.0,1,7.0,1.0,22.0,12.0,1.0,0.0,1.0,1.0,1.7,1.0,0.0,0.0,0.0,0.0,1
1,1.0,0,4.0,1.0,13.0,3.0,2.0,0.0,1.0,1.0,6.4,1.0,0.0,0.0,0.0,0.0,1
1,1.0,1,6.0,1.0,13.0,8.0,1.0,14.0,1.0,1.0,1.1,1.0,0.0,0.0,0.0,0.0,1
0,1.0,1,6.0,1.0,11.0,5.0,1.0,13.0,1.0,1.0,2.1,1.0,0.0,0.0,0.0,0.0,1
1,1.0,0,4.0,1.0,0.0,9.0,1.0,12.0,1.0,1.0,2.2,1.0,0.0,0.0,0.0,0.0,0
1,1.0,0,5.0,1.0,0.0,1.0,1.0,13.0,1.0,1.0,3.0,1.0,0.0,0.0,0.0,0.0,0
1,1.0,0,4.0,1.0,12.0,1.0,2.0,12.0,1.0,1.0,2.9,1.0,0.0,0.0,0.0,0.0,1
1,1.0,0,4.0,1.0,22.0,3.0,2.0,13.0,1.0,1.0,2.6,1.0,0.0,0.0,0.0,0.0,1
1,1.0,0,5.0,1.0,0.0,6.0,2.0,12.0,1.0,1.0,0.0,1.0,0.0,0.0,0.0,0.0,0
1,1.0,0,4.0,2.0,15.0,7.0,2.0,12.0,1.0,1.0,0.0,1.0,0.0,0.0,0.0,0.0,1
1,2.0,1,6.0,1.0,16.0,3.0,1.0,13.0,1.0,1.0,86.3,1.0,0.0,0.0,0.0,0.0,1
1,1.0,0,1.0,1.0,22.0,1.0,2.0,14.0,1.0,1.0,1.4,1.0,0.0,0.0,0.0,0.0,1
1,1.0,0,4.0,1.0,10.0,9.0,1.0,12.0,1.0,1.0,0.6,1.0,0.0,0.0,0.0,0.0,1
1,1.0,1,4.0,1.0,16.0,2.0,1.0,13.0,5.0,1.0,3.2,1.0,0.0,0.0,0.0,0.0,1
1,1.0,0,1.0,1.0,13.0,4.0,2.0,12.0,1.0,1.0,3.652218,1.0,0.0,0.0,0.0,0.0,1
1,1.0,0,4.0,2.0,13.0,1.0,2.0,13.0,5.0,1.0,1.3,1.0,0.0,0.0,0.0,0.0,1
1,1.0,0,5.0,1.0,0.0,1.0,1.0,12.0,1.0,1.0,1.3,1.0,0.0,0.0,0.0,3.0,1
0,1.0,0,5.0,1.0,13.0,6.0,2.0,7.0,1.0,1.0,3.3,1.0,0.0,0.0,0.0,0.0,1
1,1.0,0,4.0,1.0,22.0,3.0,2.0,13.0,1.0,1.0,1.3,1.0,0.0,0.0,0.0,0.0,1
1,1.0,0,5.0,1.0,4.0,6.0,1.0,13.0,1.0,1.0,1.7,1.0,0.0,0.0,0.0,0.0,1
1,1.0,0,4.0,1.0,13.0,12.0,1.0,0.0,1.0,1.0,1.2,1.0,0.0,0.0,0.0,0.0,1
1,1.0,0,4.0,1.0,1.6697809,6.0,2.0,12.0,1.0,1.0,2.1,1.0,0.0,0.0,0.0,0.0,1
1,1.0,0,4.0,1.0,1.0,2.0,1.0,12.0,1.0,1.0,1.5,1.0,0.0,6.0,0.0,0.0,0
1,1.0,0,4.0,1.0,11.0,1.0,2.0,12.0,1.0,1.0,1.7,1.0,0.0,0.0,0.0,0.0,1
1,1.0,0,4.0,1.0,1.0,7.0,2.0,12.0,1.0,1.0,3.3,1.0,0.0,0.0,0.0,0.0,1
1,1.0,0,4.0,1.0,10.0,3.0,1.0,12.0,1.0,1.0,3.5,1.0,0.0,0.0,0.0,0.0,1
1,1.0,1,5.0,1.0,13.0,1.0,2.0,12.0,1.0,1.0,4.1,1.0,0.0,0.0,0.0,0.0,1
1,1.0,1,5.0,1.0,16.0,7.0,1.0,13.0,1.0,1.0,2.6,1.0,0.0,0.0,0.0,0.0,1
1,1.0,0,4.0,1.0,13.0,8.0,1.0,12.0,1.0,1.0,0.0,1.0,0.0,0.0,0.0,0.0,1
1,1.0,0,5.0,1.0,14.0,1.0,1.0,12.0,1.0,1.0,1.5,1.0,0.0,0.0,0.0,0.0,1
1,1.0,1,5.0,1.0,11.0,2.0,2.0,12.0,1.0,1.0,1.8,1.0,0.0,0.0,0.0,0.0,1
1,1.0,0,4.0,1.0,5.0,12.0,2.0,13.0,1.0,1.0,86.3,1.0,0.0,0.0,0.0,0.0,1
0,1.0,1,5.0,1.0,15.0,3.0,2.0,13.0,1.0,1.0,86.3,1.0,0.0,0.0,0.0,0.0,1
1,1.0,1,4.0,2.0,13.0,6.0,1.0,13.0,5.0,1.0,2.8,1.0,0.0,0.0,0.0,0.0,1
1,1.0,0,4.0,1.0,13.0,5.0,1.0,13.0,1.0,1.0,1.6,1.0,0.0,0.0,0.0,0.0,1
0,1.0,1,4.0,1.0,22.0,12.0,1.0,0.0,1.0,1.0,0.9,1.0,4.0,11.0,379.0,0.0,1
0,1.0,0,4.0,1.0,0.0,5.0,1.0,12.0,1.0,1.0,1.6,1.0,0.0,0.0,0.0,0.0,1
1,1.0,0,4.0,1.0,10.0,9.0,1.0,13.0,1.0,1.0,2.9,1.0,0.0,5.0,0.0,0.0,1
1,1.0,0,4.0,1.0,13.0,9.0,2.0,13.0,1.0,1.0,1.1,1.0,0.0,0.0,0.0,0.0,1
1,1.0,1,4.0,1.0,22.0,1.0,1.0,13.0,1.0,1.0,1.5,1.0,0.0,0.0,0.0,0.0,1
1,1.0,1,4.0,1.0,6.0,12.0,2.0,13.0,1.0,1.0,1.1,1.0,0.0,0.0,0.0,0.0,1
1,1.0,0,4.0,1.0,13.0,5.0,2.0,13.0,1.0,1.0,0.9,1.0,0.0,0.0,0.0,0.0,1
1,2.0,1,5.0,1.0,14.0,6.0,1.0,13.0,1.0,1.0,1.8,1.0,0.0,0.0,0.0,0.0,1
1,1.0,0,5.0,1.0,12.084889,6.0,2.0,13.0,1.0,1.0,3.6,1.0,0.0,0.0,0.0,0.0,1
1,1.0,0,5.0,1.0,14.0,3.0,2.0,12.0,1.0,1.0,2.4,1.0,0.0,0.0,0.0,0.0,1
1,1.0,0,4.0,1.0,14.0,1.0,2.0,13.0,1.0,1.0,86.3,1.0,0.0,0.0,0.0,0.0,1
1,1.0,0,4.0,1.0,4.0,1.0,1.0,13.0,1.0,1.0,1.6,1.0,0.0,0.0,0.0,0.0,1
1,1.0,1,4.0,1.0,14.0,5.0,1.0,11.0,1.0,1.0,2.6,1.0,0.0,0.0,0.0,0.0,1
1,1.0,1,4.0,1.0,22.0,7.0,1.0,12.0,1.0,1.0,0.0,1.0,0.0,0.0,0.0,0.0,1
1,1.0,0,4.0,1.0,13.0,8.0,2.0,13.0,1.0,1.0,0.8,1.0,0.0,0.0,0.0,0.0,1
1,1.0,1,5.0,1.0,14.0,2.0,1.0,13.0,1.0,1.0,3.0,1.0,0.0,0.0,0.0,0.0,1
1,1.0,1,5.0,1.0,4.0,2.0,1.0,12.0,5.0,1.0,1.4,1.0,0.0,0.0,0.0,0.0,1
1,2.0,1,6.0,1.0,13.0,12.0,2.0,12.0,1.0,1.0,2.2,1.0,0.0,0.0,0.0,0.0,1
1,1.0,1,6.0,1.0,13.0,4.0,1.0,13.0,1.0,1.0,0.0,1.0,0.0,0.0,0.0,0.0,1
1,1.0,1,6.0,1.0,13.0,6.0,2.0,12.0,1.0,1.0,2.6,1.0,0.0,0.0,0.0,0.0,1
1,1.0,0,4.0,1.0,13.0,12.0,2.0,13.0,1.0,1.0,0.7,1.0,0.0,0.0,0.0,0.0,1
1,1.0,1,5.0,1.0,13.0,7.2868347,2.0,13.0,1.0,1.0,2.0,1.0,0.0,0.0,0.0,0.0,1
1,1.0,1,4.0,1.0,13.0,1.0,2.0,0.0,1.0,1.0,1.7,1.0,0.0,0.0,0.0,0.0,1
1,1.0,0,5.0,1.0,13.0,1.0,2.0,13.0,1.0,1.0,0.8,1.0,0.0,0.0,0.0,0.0,1
1,1.0,1,4.0,1.0,10.0,12.0,2.0,13.0,1.0,1.0,1.6,1.0,0.0,0.0,0.0,0.0,1
1,1.0,0,4.0,1.0,10.0,4.0,1.0,13.0,1.0,1.0,7.821716,1.0,0.0,0.0,0.0,0.0,1
1,2.0,1,5.0,1.0,11.0,3.0,1.0,13.0,1.0,1.0,2.0,1.0,0.0,0.0,0.0,0.0,1
1,1.0,0,4.0,1.0,6.0,1.0,2.0,9.0,1.0,1.0,1.0,1.0,0.0,0.0,0.0,0.0,1
1,1.0,0,4.0,1.0,11.0,1.0,1.0,9.0,1.0,1.0,2.2,1.0,0.0,0.0,0.0,0.0,1
1,1.0,1,7.0,1.0,22.0,2.0,2.0,13.0,1.0,1.0,1.8,1.0,0.0,0.0,0.0,0.0,1
1,1.0,0,4.0,1.0,10.0,8.0,1.0,14.0,1.0,1.0,3.216084,1.0,0.0,0.0,0.0,0.0,1
1,1.0,0,4.0,1.0,13.0,10.0,2.0,12.0,1.0,1.0,1.4,1.0,0.0,0.0,0.0,0.0,1
1,1.0,1,5.0,1.0,22.0,11.0,1.0,12.0,1.0,1.0,86.3,1.0,0.0,0.0,0.0,0.0,1
1,1.0,0,4.0,1.0,11.0,4.0,2.0,12.0,1.0,1.0,1.3,1.0,0.0,0.0,0.0,0.0,1
1,1.0,0,5.0,1.0,1.0,5.0,1.0,14.0,1.0,1.0,86.3,1.0,0.0,0.0,0.0,0.0,0
0,1.0,1,5.0,1.0,13.0,3.0,1.0,14.0,1.0,1.0,2.5,1.0,0.0,0.0,0.0,0.0,1
0,1.0,0,5.0,1.0,13.0,4.0,2.0,13.0,1.0,1.0,4.2634325,1.0,0.0,0.0,0.0,0.0,1
1,1.0,0,4.0,1.0,4.0,4.0,2.0,13.0,1.0,1.0,0.2,1.0,0.0,0.0,0.0,0.0,1
1,1.0,0,4.0,1.0,14.0,1.0,1.0,8.0,1.0,1.0,3.5,1.0,4.0,11.0,379.0,0.0,1
1,1.0,1,4.0,1.0,11.0,3.0,1.0,13.0,1.0,1.0,0.4,1.0,0.0,0.0,0.0,0.0,1
1,1.0,0,4.0,1.0,13.0,12.0,2.0,12.0,1.0,1.0,1.7,1.0,0.0,0.0,0.0,0.0,1
1,1.0,0,5.0,1.0,10.0,2.0,1.0,12.0,5.0,1.0,0.7,1.0,0.0,0.0,0.0,3.0,0
1,1.0,0,4.0,1.0,0.0,2.0,1.0,13.0,1.0,4.0,2.1,1.0,0.0,0.0,0.0,3.0,0
1,1.0,1,5.0,1.0,5.0,10.0,1.0,0.0,1.0,1.0,2.3,1.0,0.0,0.0,0.0,0.0,1
1,1.0,0,1.0,1.0,16.0,8.0,1.0,13.0,1.0,1.0,86.3,1.0,4.0,11.0,379.0,0.0,1
1,1.0,1,4.0,1.0,22.0,5.0,2.0,13.0,1.0,1.0,1.7,1.0,0.0,0.0,0.0,0.0,1
1,1.0,0,4.0,1.0,22.0,3.0,1.0,13.0,1.0,1.0,1.6,1.0,0.0,0.0,0.0,0.0,1
1,1.0,0,5.0,1.0,10.0,3.0,1.0,12.0,1.0,1.0,1.2,1.0,0.0,0.0,0.0,0.0,1
1,1.0,1,5.0,1.0,10.0,1.0,1.0,12.0,1.0,1.0,2.3,1.0,0.0,0.0,0.0,3.0,1
1,2.0,0,4.0,1.0,13.0,1.0,1.0,13.0,1.0,2.0,1.4,1.0,0.0,0.0,0.0,0.0,1
1,2.0,0,5.0,1.0,2.0,7.0,1.0,13.0,1.0,1.0,5.1,1.0,0.0,0.0,0.0,3.0,0
1,2.0,0,5.0,1.0,10.0,5.0,1.0,13.0,1.0,1.0,3.1,1.0,0.0,0.0,0.0,0.0,0
0,1.0,0,3.0,1.0,22.0,3.0,1.0,13.0,1.0,1.0,0.7,1.0,0.0,0.0,0.0,0.0,1
1,2.0,1,5.0,1.0,12.0,7.0,1.0,13.0,1.0,1.0,2.0,1.0,0.0,0.0,0.0,0.0,1
0,1.0,1,4.0,1.0,10.0,12.0,2.0,14.0,1.0,1.0,2.6,1.0,0.0,0.0,0.0,0.0,1
1,1.0,0,4.0,1.0,13.0,1.0,1.0,12.0,5.0,1.0,9.959452,1.0,4.0,11.0,302.0,0.0,1
0,1.0,1,5.0,1.0,13.0,9.0,2.0,2.0,1.0,1.0,1.1,1.0,0.0,0.0,0.0,0.0,1
1,1.0,0,4.0,1.0,14.0,1.0,2.0,13.0,1.0,1.0,3.6,1.0,0.0,0.0,0.0,0.0,1
1,1.0,0,5.0,1.0,1.0,3.6369553,1.0,12.0,1.0,2.0,0.0,1.0,0.0,0.0,0.0,3.0,0
1,1.0,0,4.0,1.0,0.0,7.0,2.0,12.0,1.0,1.0,1.5,1.0,0.0,0.0,0.0,0.0,1
1,1.0,0,4.0,1.0,12.0,6.810092,1.0,8.0,1.0,1.0,1.7,1.0,0.0,0.0,0.0,0.0,1
1,1.0,1,5.0,1.0,10.0,1.0,2.0,12.0,1.0,1.0,3.1,1.0,0.0,0.0,0.0,0.0,1
1,1.0,0,4.0,1.0,16.0,4.0,2.0,12.0,1.0,1.0,0.9,1.0,3.0,0.0,288.00116,0.0,1
1,1.0,0,4.0,1.0,1.0,6.0,1.0,13.0,1.0,1.0,2.8,1.0,0.0,0.0,0.0,0.0,1
1,1.0,0,4.0,1.0,10.0,7.0,2.0,13.0,1.0,1.0,0.9,1.0,0.0,0.0,0.0,0.0,1
1,1.0,0,4.0,1.0,1.0,5.0,2.0,12.0,1.0,1.0,2.8,1.0,0.0,0.0,0.0,0.0,1
0,1.0,1,4.0,1.0,14.0,1.0,2.0,7.0,1.0,1.0,0.5,1.0,0.0,0.0,212.78093,0.0,1
1,1.0,1,4.0,1.0,0.0,4.0,1.0,9.0,1.0,1.0,1.5,1.0,0.0,0.0,0.0,0.0,1
1,2.0,0,5.0,1.0,13.0,1.0,2.0,12.0,1.0,1.0,1.1,1.0,0.0,0.0,0.0,0.0,1
0,1.0,1,4.0,1.0,13.0,3.0,1.0,12.0,5.0,1.0,0.9,1.0,3.0,7.0,379.0,0.0,0
1,1.0,1,4.0,1.0,22.0,2.0,2.0,12.0,1.0,1.0,4.7,1.0,0.0,0.0,0.0,0.0,1
1,1.0,1,7.0,1.0,13.0,4.0,2.0,10.0,1.0,1.0,2.4,1.0,0.0,0.0,0.0,0.0,1
1,1.0,0,4.0,1.0,13.0,2.0,1.0,13.0,1.0,1.0,2.3,1.0,0.0,0.0,0.0,0.0,1
1,1.0,0,4.0,1.0,22.0,3.0,2.0,13.0,1.0,1.0,2.1,1.0,0.0,0.0,0.0,0.0,1
0,1.0,1,7.0,1.0,7.0,4.0,2.0,13.0,1.0,1.0,1.1,1.0,0.0,0.0,0.0,0.0,1
1,1.0,0,5.0,1.0,13.0,1.0,1.0,12.0,1.0,1.0,0.5,1.0,0.0,0.0,0.0,0.0,1
1,1.0,0,4.0,1.0,10.0,5.0,1.0,13.0,1.0,1.0,1.7,1.0,0.0,0.0,0.0,0.0,1
1,1.0,0,4.0,1.0,11.0,2.0,2.0,13.0,1.0,1.0,86.3,1.0,0.0,0.0,0.0,0.0,1
1,1.0,1,4.0,1.0,3.0,8.0,2.0,12.0,1.0,1.0,2.0,1.0,0.0,0.0,0.0,0.0,1
1,1.0,0,4.0,1.0,13.0,3.0,1.0,13.0,1.0,1.0,1.8,1.0,0.0,0.0,0.0,0.0,1
1,1.0,0,5.0,1.0,11.0,8.0,1.0,12.0,1.0,1.0,1.7,1.0,0.0,0.0,0.0,0.0,1
1,1.0,0,4.0,1.0,13.0,8.0,2.0,12.0,1.0,1.0,0.8,1.0,0.0,0.0,0.0,0.0,1
1,1.0,0,4.0,1.0,10.0,9.0,1.0,7.0,1.0,1.0,0.7,1.0,0.0,0.0,0.0,0.0,1
1,1.0,0,4.0,1.0,11.0,1.0,2.0,8.0,1.0,1.0,2.5,1.0,0.0,0.0,0.0,0.0,0
1,1.0,1,5.0,1.0,0.0,7.0,1.0,13.0,1.0,1.0,0.9,1.0,0.0,0.0,0.0,3.0,0
1,1.0,0,4.0,1.0,10.0,12.0,2.0,12.0,1.0,1.0,3.1,1.0,0.0,0.0,0.0,0.0,1
0,2.0,1,5.0,1.0,13.0,8.0,1.0,13.0,1.0,1.0,3.0,1.0,0.0,0.0,0.0,0.0,1
1,1.0,0,4.0,1.0,11.0,6.0,2.0,12.0,1.0,1.0,0.8,1.0,0.0,0.0,0.0,0.0,1
1,1.0,0,5.0,1.0,10.0,11.0,1.0,12.0,1.0,1.0,1.9,1.0,0.0,0.0,0.0,0.0,1
1,1.0,0,4.0,1.0,0.0,7.0,1.0,13.0,1.0,1.0,1.0,1.0,0.0,0.0,0.0,3.0,0
1,1.0,0,5.0,1.0,6.0,4.0,1.0,12.0,1.0,1.0,0.6,1.0,0.0,0.0,0.0,0.0,1
1,1.0,0,5.0,1.0,10.0,8.0,2.0,12.0,1.0,1.0,1.5,1.0,0.0,0.0,0.0,0.0,1
1,1.0,0,1.0,1.0,10.0,9.0,2.0,11.0,1.0,1.0,4.9,1.0,0.0,0.0,0.0,0.0,1
1,1.0,0,4.0,1.0,11.0,8.0,1.0,12.0,1.0,1.0,1.0,1.0,0.0,0.0,0.0,0.0,1
1,1.0,0,4.0,1.0,10.0,12.0,2.0,9.0,1.0,1.0,1.5,1.0,0.0,0.0,0.0,0.0,1
1,1.0,0,5.0,1.0,0.0,3.0,1.0,12.0,1.0,1.0,1.7,1.0,0.0,0.0,0.0,3.0,0
1,1.0,1,5.0,1.0,6.0,11.0,1.0,13.0,1.0,1.0,1.5,1.0,0.0,0.0,0.0,0.0,1
1,1.0,0,4.0,1.0,11.0,6.0,1.0,12.0,1.0,1.0,1.1,1.0,0.0,0.0,0.0,0.0,1
0,1.0,0,4.0,1.0,12.0,9.0,2.0,7.0,1.0,1.0,1.4,1.0,0.0,0.0,0.0,0.0,1
1,1.0,0,5.0,1.0,13.0,7.0,2.0,14.0,1.0,1.0,2.6,1.0,0.0,0.0,0.0,0.0,1
1,1.0,0,4.0,1.0,22.0,4.0,2.0,13.0,1.0,1.0,2.8,1.0,0.0,0.0,0.0,0.0,1
1,1.0,1,5.0,1.0,12.928195,5.0,1.0,12.0,1.0,1.0,2.4,1.0,0.0,0.0,0.0,0.0,1
1,1.0,1,5.0,1.0,13.0,8.0,2.0,12.0,1.0,1.0,1.1,1.0,0.0,0.0,0.0,0.0,1
1,1.0,0,4.0,1.0,4.8219576,9.0,1.0,13.0,1.0,1.0,0.4,1.0,0.0,0.0,0.0,0.0,1
1,1.0,0,5.0,1.0,1.0,9.0,1.0,12.0,1.0,1.0,1.5,1.0,0.0,0.0,0.0,3.0,0
1,1.0,0,5.0,1.0,5.0,7.0,1.0,13.0,1.0,1.0,1.8,1.0,0.0,0.0,0.0,0.0,1
1,1.0,0,4.0,1.0,13.0,6.0,2.0,12.0,1.0,1.0,0.3,1.0,0.0,0.0,0.0,0.0,1
1,1.0,1,5.0,1.0,7.0,3.0,1.0,12.0,1.0,1.0,1.6,1.0,0.0,0.0,0.0,0.0,0
1,1.0,0,4.0,1.0,10.0,1.0,2.0,13.0,1.0,1.0,0.3,1.0,0.0,0.0,0.0,0.0,1
1,1.0,0,4.0,1.0,1.0,12.0,2.0,12.0,1.0,1.0,1.0,1.0,0.0,0.0,0.0,0.0,1
1,1.0,0,4.0,1.0,0.0,7.0,1.0,13.0,1.0,1.0,1.7,1.0,0.0,0.0,0.0,0.0,0
1,1.0,0,4.0,1.0,7.0,1.0,1.0,13.0,1.0,1.0,1.1,1.0,0.0,0.0,0.0,3.0,0
1,1.0,1,5.0,1.0,13.0,3.0,1.0,8.0,1.0,1.0,0.8,1.0,0.0,0.0,0.0,0.0,1
1,1.0,0,4.0,1.0,13.0,11.0,2.0,10.0,1.0,1.0,1.5,1.0,0.0,0.0,0.0,0.0,1
1,2.0,1,5.0,1.0,13.0,1.0,2.0,13.0,1.0,1.0,0.6,1.0,0.0,0.0,0.0,0.0,0
0,2.0,1,4.0,1.0,11.0,12.0,1.0,13.0,1.0,1.0,86.3,1.0,0.0,0.0,0.0,0.0,1
1,1.0,1,5.0,1.0,11.0,9.0,1.0,5.0,1.0,1.0,0.0,1.0,0.0,0.0,0.0,0.0,1
1,1.0,1,4.0,1.0,22.0,5.0,1.0,12.0,1.0,1.0,0.9,1.0,4.0,11.0,379.0,0.0,1
1,1.0,1,6.0,1.0,11.0,8.0,1.0,13.0,1.0,1.0,86.3,1.0,0.0,0.0,0.0,0.0,1
1,1.0,0,4.0,1.0,22.0,8.0,1.0,13.0,1.0,1.0,1.2,1.0,0.0,0.0,0.0,0.0,1
1,1.0,1,5.0,1.0,14.0,1.0,1.0,12.0,1.0,1.0,0.6,1.0,0.0,0.0,0.0,0.0,1
1,1.0,1,4.0,1.0,10.0,5.0,1.0,12.0,1.0,1.0,2.0,1.0,0.0,0.0,0.0,0.0,1
1,1.0,0,5.0,1.0,9.318139,8.0,1.0,13.0,1.0,1.0,1.4,1.0,0.0,0.0,0.0,0.0,1
1,1.0,0,4.0,1.0,10.0,2.0,2.0,14.0,1.0,1.0,2.6,1.0,0.0,0.0,0.0,0.0,1
1,1.0,1,4.0,1.0,13.0,9.0,1.0,12.0,1.0,1.0,86.3,1.0,4.0,11.0,379.0,0.0,1
1,1.0,0,4.0,1.0,10.0,11.0,1.0,12.0,1.0,1.0,3.9,1.0,0.0,0.0,0.0,0.0,1
0,1.0,0,4.0,1.0,13.0,12.0,2.0,12.0,1.0,1.0,1.1,1.0,0.0,0.0,0.0,0.0,1
1,1.0,1,4.0,1.0,13.0,5.0,1.0,14.0,1.0,1.0,0.2,1.0,0.0,0.0,0.0,0.0,1
0,1.0,1,4.0,1.0,13.0,7.0,1.0,12.0,1.0,1.0,2.4,1.0,0.0,0.0,0.0,0.0,1
1,1.0,0,4.0,1.0,10.0,7.0,1.0,12.0,1.0,1.0,2.8,1.0,0.0,0.0,0.0,0.0,1
0,1.0,0,4.0,1.0,13.0,6.0,1.0,12.0,1.0,1.0,1.6,1.0,0.0,0.0,0.0,0.0,1
1,2.0,1,4.0,1.0,13.0,3.0,1.0,11.0,1.0,1.0,86.3,1.0,0.0,0.0,0.0,0.0,0
1,1.0,0,4.0,1.0,13.0,12.0,1.0,0.0,1.0,1.0,1.0,1.0,0.0,0.0,0.0,0.0,1
1,1.0,0,4.0,1.0,13.0,1.0,2.0,13.0,1.0,1.0,1.4,1.0,0.0,0.0,0.0,0.0,1
1,1.0,0,5.0,1.0,0.0,1.0,1.0,12.0,1.0,1.0,1.0,1.0,0.0,0.0,0.0,3.0,0
1,1.0,1,5.0,1.0,16.0,12.0,2.0,0.0,1.0,1.0,2.5,1.0,0.0,0.0,0.0,0.0,1
0,1.0,1,6.0,1.0,16.0,8.0,2.0,8.0,1.0,1.0,86.3,1.0,0.0,0.0,0.0,0.0,1
1,1.0,0,4.0,1.0,10.0,1.0,1.0,12.0,1.0,1.0,3.1,1.0,0.0,0.0,0.0,0.0,1
1,1.0,1,4.0,1.0,22.0,1.0,1.0,13.0,1.0,1.0,1.1,1.0,3.0,0.0,285.0,0.0,1
1,1.0,1,6.0,1.0,13.0,8.0,1.0,13.0,1.0,1.0,2.2,1.0,0.0,0.0,0.0,0.0,1
1,1.0,0,4.0,1.0,13.0,5.0,2.0,13.0,1.0,1.0,0.0,1.0,0.0,0.0,0.0,0.0,1
1,1.0,0,4.0,1.0,0.0,1.0,1.0,12.0,5.0,1.0,3.2,1.0,0.0,0.0,0.0,0.0,1
0,1.0,0,4.0,1.0,10.0,12.0,2.0,13.0,1.0,1.0,2.0,1.0,0.0,0.0,0.0,0.0,1
1,1.0,0,4.0,1.0,7.7096777,2.0,1.0,13.0,1.0,1.0,0.9,1.0,0.0,0.0,0.0,0.0,1
0,1.0,1,4.0,1.0,16.0,9.0,1.0,7.0,5.0,1.0,0.4,1.0,4.0,11.0,379.0,0.0,1
1,1.0,1,7.0,1.0,20.0,12.0,1.0,14.0,1.0,1.0,86.3,1.0,0.0,0.0,0.0,0.0,1
1,1.0,0,4.0,1.0,13.0,4.0,2.0,5.0,1.0,1.0,0.0,1.0,0.0,0.0,0.0,0.0,1
1,1.0,1,4.0,1.0,14.0,1.0,1.0,13.0,1.0,1.0,86.3,1.0,0.0,0.0,0.0,0.0,1
1,1.0,1,4.0,1.0,13.0,9.0,2.0,12.0,1.0,1.0,4.6,1.0,0.0,0.0,0.0,0.0,1
1,1.0,1,7.0,1.0,13.0,8.0,1.0,12.0,1.0,1.0,1.1,1.0,0.0,0.0,0.0,0.0,1
1,1.0,1,4.0,1.0,14.0,3.0,1.0,14.0,1.0,1.0,1.8,1.0,0.0,0.0,0.0,0.0,1
1,1.0,1,5.0,1.0,13.0,7.0,2.0,0.0,1.0,1.0,1.7,1.0,0.0,0.0,0.0,0.0,1
1,1.0,0,4.0,1.0,13.0,12.0,2.0,12.0,1.0,1.0,1.9,1.0,0.0,0.0,0.0,0.0,1
1,1.0,1,4.0,1.0,2.0,6.0,1.0,12.0,1.0,1.0,0.0,1.0,0.0,0.0,0.0,0.0,0
1,1.0,1,5.0,1.0,13.0,1.0,1.0,12.0,1.0,1.0,1.0,1.0,0.0,0.0,0.0,0.0,1
1,1.0,1,4.0,1.0,22.0,1.0,1.0,13.0,1.0,1.0,2.1,1.0,0.0,0.0,0.0,0.0,1
0,1.0,1,5.0,1.0,11.0,12.0,2.0,0.0,1.0,1.0,1.5,1.0,0.0,0.0,0.0,0.0,1
1,1.0,0,4.0,2.0,13.0,1.0,2.0,13.0,2.0,1.0,0.7,1.0,0.0,0.0,0.0,0.0,1
1,1.0,1,4.0,1.0,9.543808,10.0,1.0,12.0,1.0,1.0,1.0,1.0,0.0,0.0,0.0,0.0,1
1,1.0,0,4.0,1.0,10.0,12.0,1.0,13.0,1.0,1.0,1.0188832,1.0,0.0,0.0,0.0,0.0,0
1,1.0,1,4.0,1.0,20.0,8.0,1.0,2.0,1.0,1.0,86.3,1.0,0.0,0.0,0.0,0.0,1
1,1.0,0,1.0,1.0,16.0,9.0,2.0,7.0,1.0,1.0,0.7,1.0,0.0,0.0,0.0,0.0,1
1,1.0,0,4.0,1.0,13.0,3.0,2.0,13.0,1.0,1.0,1.2,1.0,0.0,0.0,0.0,0.0,1
1,1.0,0,4.0,1.0,13.0,9.0,1.0,13.0,1.0,1.0,3.6,1.0,0.0,0.0,0.0,0.0,1
1,1.0,1,5.0,1.0,11.0,10.0,2.0,13.0,1.0,1.0,86.3,1.0,0.0,0.0,0.0,0.0,1
1,1.0,0,4.0,1.0,13.0,9.0,1.0,12.0,1.0,1.0,86.3,1.0,0.0,0.0,0.0,0.0,1
1,1.0,1,4.0,1.0,11.0,2.0,1.0,12.0,5.0,1.0,0.8,1.0,3.0,11.0,263.0,0.0,1
1,1.0,1,4.0,1.0,1.0,10.0,2.0,13.0,1.0,1.0,1.4,1.0,0.0,0.0,0.0,0.0,1
1,1.0,0,4.0,1.0,8.879984,7.0,2.0,12.0,1.0,1.0,1.3,1.0,0.0,0.0,0.0,0.0,1
1,1.0,0,5.0,1.0,22.0,8.0,1.0,12.0,1.0,1.0,6.5,1.0,0.0,0.0,0.0,0.0,1
1,1.0,0,4.0,1.0,10.0,12.0,2.0,13.0,1.0,1.0,1.3,1.0,0.0,0.0,0.0,0.0,1
1,1.0,1,5.0,1.0,13.0,1.0,2.0,12.0,1.0,1.0,0.4,1.0,0.0,0.0,0.0,0.0,1
1,1.0,1,5.0,1.0,0.0,8.0,1.0,13.0,5.0,2.0,0.9,1.0,0.0,0.0,0.0,3.0,0
1,1.0,1,5.0,1.0,16.0,10.0,1.0,13.0,1.0,1.0,86.3,1.0,0.0,0.0,0.0,0.0,1
1,1.0,1,5.0,1.0,11.0,9.0,2.0,12.0,1.0,1.0,0.8,1.0,0.0,0.0,0.0,0.0,1
1,1.0,1,4.0,1.0,22.0,4.643943,2.0,12.0,1.0,1.0,4.9,1.0,0.0,0.0,0.0,0.0,1
1,1.0,1,4.0,1.0,16.0,3.0,1.0,13.0,5.0,1.0,1.7,1.0,0.0,0.0,0.0,0.0,1
1,1.0,1,4.0,1.0,13.0,11.0,2.0,0.0,1.0,1.0,1.2,1.0,3.0,5.0,293.0,0.0,1
1,1.0,1,5.0,1.0,13.0,2.0,1.0,12.0,1.0,1.0,2.6,1.0,0.0,0.0,0.0,0.0,1
1,1.0,0,4.0,1.0,11.0,12.0,2.0,12.0,1.0,1.0,0.6,1.0,0.0,0.0,0.0,0.0,1
1,1.0,1,6.0,1.0,16.0,5.0,1.0,13.0,1.0,1.0,2.3,1.0,0.0,0.0,0.0,0.0,1
1,1.0,0,4.0,1.0,10.0,8.0,2.0,13.0,1.0,1.0,1.6,1.0,0.0,0.0,0.0,0.0,0
1,1.0,1,5.0,1.0,14.0,10.0,1.0,12.0,1.0,1.0,0.0,1.0,4.0,11.0,379.0,0.0,1
1,1.0,1,5.0,1.0,16.0,1.0,2.0,13.0,1.0,1.0,2.3,1.0,0.0,0.0,0.0,0.0,1
1,1.0,0,4.0,1.0,13.0,12.0,2.0,13.0,1.0,1.0,4.3,1.0,0.0,0.0,0.0,0.0,1
1,1.0,0,4.0,1.0,13.0,10.0,2.0,12.0,1.0,1.0,1.4,1.0,0.0,0.0,0.0,0.0,1
1,1.0,1,4.0,1.0,13.0,3.0,2.0,12.0,1.0,1.0,86.3,1.0,0.0,0.0,0.0,0.0,1
1,1.0,0,4.0,1.0,11.0,1.0,1.0,12.0,1.0,1.0,1.6,1.0,0.0,0.0,0.0,0.0,1
1,1.0,0,4.0,1.0,4.0,6.0,1.0,12.0,1.0,1.0,1.3,1.0,0.0,0.0,0.0,0.0,1
1,1.0,0,4.0,1.0,0.0,6.0,1.0,2.0,5.0,2.0,1.8,1.0,0.0,0.0,0.0,3.0,0
1,1.0,0,1.0,1.0,11.0,9.0,2.0,13.0,1.0,1.0,1.3,1.0,0.0,0.0,0.0,0.0,1
0,1.0,0,5.0,1.0,12.0,9.0,2.0,13.0,1.0,1.0,2.4,1.0,0.0,0.0,0.0,0.0,1
1,1.0,0,4.0,1.0,13.0,7.0,1.0,13.0,1.0,1.0,1.7,1.0,0.0,0.0,0.0,0.0,1
0,2.0,1,5.0,1.0,10.0,8.0,2.0,13.0,1.0,1.0,1.0,1.0,0.0,0.0,0.0,0.0,1
1,1.0,0,4.0,1.0,1.0,7.0,1.0,12.0,1.0,1.0,86.3,1.0,0.0,0.0,0.0,0.0,1
1,1.0,1,5.0,1.0,14.0,6.0,2.0,14.0,1.0,1.0,86.3,1.0,0.0,0.0,0.0,0.0,1
1,1.0,1,4.0,1.0,4.0,4.0,2.0,0.0,1.0,1.0,3.0,1.0,0.0,0.0,0.0,0.0,1
1,1.0,1,5.0,1.0,0.0,12.0,2.0,12.0,1.0,1.0,1.2,1.0,0.0,0.0,0.0,0.0,1
1,1.0,0,5.0,1.0,12.0,4.0,2.0,12.0,1.0,1.0,0.0,1.0,0.0,0.0,0.0,0.0,1
1,1.0,1,4.0,1.0,13.0,6.0,2.0,13.0,1.0,1.0,0.4,1.0,0.0,0.0,0.0,0.0,1
1,1.0,0,4.0,1.0,13.0,8.0,2.0,11.0,1.0,1.0,0.0,1.0,0.0,0.0,0.0,0.0,1
0,1.0,1,4.0,1.0,13.0,12.0,2.0,5.0,1.0,1.0,1.6,1.0,0.0,0.0,0.0,0.0,1
1,1.0,1,4.0,1.0,22.0,7.0,1.0,12.0,1.0,1.0,1.3,1.0,0.0,0.0,0.0,0.0,1
0,1.0,1,5.0,1.0,13.0,12.0,1.0,11.0,1.0,1.0,0.2,1.0,0.0,0.0,0.0,0.0,1
1,1.0,0,4.0,1.0,3.0,11.0,2.0,11.0,1.0,1.0,0.9,1.0,0.0,0.0,0.0,0.0,1
1,1.0,1,5.0,1.0,16.0,2.0,1.0,14.0,1.0,1.0,3.3,1.0,0.0,0.0,0.0,0.0,1
1,2.0,1,5.0,1.0,13.0,3.0,1.0,13.0,1.0,1.0,0.0,1.0,0.0,0.0,0.0,0.0,1
1,1.0,0,4.0,1.0,13.0,7.0,1.0,13.0,1.0,1.0,0.0,1.0,0.0,0.0,0.0,0.0,1
1,1.0,1,5.0,1.0,11.0,12.0,2.0,12.0,1.0,1.0,1.4,1.0,0.0,0.0,0.0,0.0,1
1,1.0,1,5.0,1.0,13.0,5.0,2.0,13.0,1.0,1.0,0.0,1.0,0.0,0.0,0.0,0.0,1
1,2.0,0,4.0,1.0,10.0,7.0,1.0,13.0,1.0,1.0,1.3,1.0,0.0,0.0,0.0,0.0,1
1,1.0,1,5.0,1.0,0.0,6.0,2.0,13.0,1.0,1.0,0.4,1.0,0.0,0.0,0.0,0.0,1
1,1.0,0,4.0,1.0,4.0,3.0,1.0,13.0,1.0,1.0,2.2295136,1.0,0.0,0.0,0.0,0.0,1
1,1.0,1,5.0,1.0,14.0,5.0,1.0,12.0,1.0,1.0,2.5,1.0,0.0,0.0,0.0,0.0,1
1,1.0,0,4.0,1.0,4.0,11.0,1.0,12.0,1.0,1.0,1.7,1.0,0.0,0.0,0.0,0.0,1
1,1.0,1,5.0,1.0,13.0,7.0,1.0,8.0,1.0,1.0,1.1,1.0,0.0,0.0,0.0,0.0,1
1,1.0,0,4.0,1.0,10.0,1.0,1.0,12.0,1.0,1.0,86.3,1.0,0.0,0.0,0.0,0.0,1
1,1.0,0,4.0,1.0,1.0,8.0,2.0,14.0,1.0,1.0,1.3,1.0,0.0,0.0,0.0,0.0,1
1,1.0,0,4.0,1.0,22.0,3.0,1.0,0.0,1.0,1.0,2.7,1.0,4.0,11.0,379.0,0.0,1
1,1.0,0,4.0,1.0,13.0,6.0,1.0,13.0,1.0,1.0,1.9,1.0,0.0,0.0,0.0,0.0,1
1,1.0,0,4.0,1.0,13.0,1.0,2.0,13.0,1.0,1.0,2.1,1.0,0.0,0.0,0.0,0.0,1
1,1.0,0,4.0,1.0,10.0,11.0,1.0,13.0,1.0,1.0,2.6,1.0,0.0,0.0,0.0,0.0,1
1,1.0,1,7.0,1.0,13.0,1.0,2.0,14.0,1.0,1.0,1.9,1.0,0.0,0.0,0.0,0.0,1
1,1.0,0,4.0,1.0,13.0,2.0,2.0,12.0,1.0,1.0,3.0,1.0,0.0,0.0,0.0,0.0,1
1,1.0,0,4.0,1.0,13.0,1.0,2.0,12.0,1.8115714,1.0,5.4,1.0,0.0,0.0,0.0,0.0,1
0,1.0,0,4.0,1.0,11.0,6.0,2.0,2.0,1.0,1.0,1.7,1.0,0.0,0.0,0.0,0.0,1
1,1.0,1,5.0,1.0,13.0,8.0,2.0,13.0,1.0,1.0,1.8,1.0,0.0,0.0,0.0,0.0,1
1,1.0,1,5.0,1.0,12.0,3.0,2.0,12.0,1.0,1.0,1.4,1.0,0.0,0.0,0.0,0.0,1
1,1.0,1,4.0,1.0,10.0,3.0,2.0,11.0,1.0,1.0,0.8,1.0,0.0,0.0,0.0,0.0,1
1,1.0,1,5.0,1.0,13.0,7.0,1.0,12.0,1.0,1.0,0.0,1.0,0.0,0.0,0.0,0.0,1
1,1.0,0,4.0,1.0,1.0,2.0,1.0,13.0,1.0,1.0,1.3,1.0,0.0,0.0,0.0,0.0,1
1,1.0,1,5.0,1.0,13.0,5.0,2.0,13.0,1.0,1.0,1.1,1.0,0.0,0.0,0.0,0.0,1
1,1.0,0,4.0,1.0,7.0,12.0,1.0,12.0,1.0,1.0,0.6,1.0,0.0,0.0,0.0,0.0,1
1,2.0,1,6.0,1.0,13.0,3.0,2.0,13.0,1.0,1.0,1.4,1.0,0.0,0.0,0.0,0.0,1
1,1.0,1,4.0,1.0,13.0,4.0,1.0,12.0,1.0,1.0,1.2,1.0,0.0,0.0,0.0,0.0,1
1,1.0,1,5.0,1.0,13.0,3.0,2.0,12.0,1.0,1.0,86.3,1.0,0.0,0.0,0.0,0.0,1
1,1.0,0,5.0,1.0,0.0,1.0,1.0,13.0,1.0,1.0,1.4,1.0,0.0,0.0,0.0,0.0,1
1,2.0,0,5.0,1.0,4.0,1.0,2.0,13.0,1.0,1.0,1.9,1.0,0.0,0.0,0.0,0.0,0
1,1.0,0,4.0,1.0,13.0,3.0,1.0,13.0,1.0,1.0,1.0,1.0,0.0,0.0,0.0,0.0,1
1,1.0,0,4.0,1.0,22.0,3.0,1.0,7.0,1.0,1.0,1.2,1.0,0.0,0.0,0.0,0.0,1
0,1.0,0,1.0,1.0,9.0,9.0,1.0,12.0,1.0,1.0,3.3,1.0,0.0,0.0,0.0,0.0,1
1,1.0,0,5.0,1.0,10.0,10.0,2.0,12.0,1.0,1.0,1.7,1.0,0.0,0.0,0.0,0.0,1
1,1.0,0,4.0,1.0,0.0,12.0,1.0,12.0,1.0,1.0,0.0,1.0,0.0,0.0,0.0,0.0,1
1,1.0,0,4.0,1.0,13.0,4.0,2.0,12.0,1.0,1.0,1.3,1.0,0.0,0.0,0.0,0.0,1
1,2.0,0,4.0,1.0,13.0,3.0,2.0,12.0,1.0,1.0,1.8,1.0,0.0,0.0,0.0,0.0,1
1,1.0,0,5.0,1.0,0.0,5.0,1.0,12.0,1.0,1.0,1.6,1.0,0.0,0.0,0.0,3.0,0
1,1.0,0,5.0,1.0,13.0,2.0,2.0,14.0,1.0,1.0,1.7,1.0,0.0,0.0,0.0,0.0,1
1,1.0,0,4.0,1.0,10.0,7.0,1.0,12.0,1.0,1.0,0.5401117,1.0,0.0,0.0,0.0,0.0,0
0,1.0,0,4.0,2.0,13.0,7.0,2.0,13.0,5.0,1.0,0.3,1.0,0.0,0.0,0.0,0.0,1
1,1.0,1,4.0,1.0,22.0,5.0,1.0,13.0,1.0,1.0,1.5,1.0,3.0,0.0,0.0,0.0,1
1,1.0,0,4.0,1.0,11.0,3.0,2.0,13.0,1.0,1.0,1.4,1.0,0.0,0.0,0.0,0.0,1
0,1.0,0,5.0,1.0,13.0,3.0,1.0,13.0,5.0,1.0,0.0,1.0,0.0,0.0,0.0,0.0,1
1,1.0,0,4.0,1.0,14.0,12.0,2.0,13.0,1.0,1.0,2.1,1.0,0.0,0.0,0.0,0.0,1
1,1.0,0,4.0,1.0,16.0,9.0,1.0,12.0,1.0,1.0,0.9,1.0,4.0,11.0,379.0,0.0,1
0,1.0,1,6.0,1.0,10.0,1.0,2.0,12.0,1.0,1.0,1.0,1.0,0.0,0.0,0.0,0.0,1
1,1.0,1,5.0,1.0,16.0,7.0,2.0,13.0,1.0,1.0,2.6,1.0,0.0,0.0,0.0,0.0,1
1,1.0,0,5.0,2.0,14.0,12.0,2.0,0.0,5.0,1.0,0.0,1.0,0.0,0.0,0.0,0.0,1
1,1.0,1,4.0,1.0,1.0,7.0,2.0,13.0,1.0,1.0,0.9,1.0,0.0,0.0,0.0,0.0,1
1,1.0,0,4.0,1.0,13.0,2.0,1.0,10.0,1.0,1.0,1.0,1.0,4.0,11.0,379.0,0.0,0
1,1.0,0,4.0,1.0,13.0,3.0,1.0,13.0,1.0,1.0,0.5,1.0,0.0,0.0,0.0,0.0,1
1,1.0,0,4.0,1.0,13.0,6.0,1.0,4.0,1.0,1.0,0.2,1.0,0.0,5.0,0.0,0.0,1
1,1.0,0,4.0,1.0,13.0,5.0,1.0,12.0,1.0,1.0,2.3,1.0,0.0,0.0,0.0,0.0,1
1,1.0,1,5.0,1.0,16.0,8.0,1.0,13.0,1.0,1.0,1.0,1.0,0.0,0.0,0.0,0.0,1
0,2.0,0,4.0,1.0,10.0,3.8016202,1.0,12.0,1.0,1.0,86.3,1.0,0.0,0.0,0.0,0.0,1
1,1.0,0,4.0,1.0,13.0,9.0,2.0,13.0,1.0,1.0,1.0,1.0,0.0,0.0,0.0,0.0,1
1,1.0,1,5.0,1.0,22.0,7.0,1.0,13.0,1.0,1.0,1.8,1.0,0.0,0.0,0.0,0.0,1
0,1.0,1,6.0,1.0,0.0,1.0,1.0,12.0,1.0,1.0,1.4,1.0,0.0,0.0,0.0,0.0,0
1,1.0,1,7.0,1.0,11.0,11.0,1.0,12.0,1.0,1.0,0.1,1.0,0.0,0.0,0.0,0.0,0
1,2.0,0,4.0,1.0,4.0,1.0,2.0,13.0,1.0,1.0,1.6,1.0,0.0,0.0,0.0,0.0,1
1,2.0,0,4.0,1.0,0.0,9.0,1.0,13.0,1.0,1.0,2.4,1.0,0.0,0.0,0.0,0.0,0
1,1.0,0,4.0,1.0,4.0,5.0,2.0,13.0,1.0,1.0,1.2,1.0,0.0,0.0,0.0,0.0,1
1,1.0,0,4.0,1.0,16.0,9.0,1.0,12.0,1.0,1.0,86.3,1.0,0.0,0.0,0.0,0.0,1
0,1.0,1,6.0,1.0,16.0,1.0,2.0,14.0,1.0,1.0,86.3,1.0,0.0,0.0,0.0,0.0,1
1,1.0,0,4.0,1.0,10.0,8.0,2.0,13.0,1.0,1.0,1.7,1.0,0.0,0.0,0.0,0.0,1
1,1.0,0,5.0,1.0,0.0,6.0,1.0,13.0,1.0,1.0,1.8,1.0,0.0,0.0,0.0,0.0,1
1,2.0,0,4.0,1.0,2.0,2.0,2.0,14.0,1.0,1.0,3.1,1.0,0.0,0.0,0.0,0.0,1
0,1.0,0,1.0,1.0,13.0,12.0,2.0,10.0,1.0,1.0,8.60525,1.0,3.0,0.0,379.0,0.0,1
0,1.0,1,5.0,1.0,13.0,7.0,1.0,13.0,1.0,1.0,0.7,1.0,0.0,0.0,0.0,0.0,1
1,1.0,0,4.0,1.0,4.0,11.0,1.0,12.0,1.0,1.0,1.0,1.0,0.0,0.0,0.0,0.0,1
1,1.0,0,4.0,1.0,14.0,5.0,1.0,12.0,1.0,1.0,3.6,1.0,0.0,0.0,0.0,0.0,1
1,1.0,0,4.0,1.0,13.0,10.0,2.0,13.0,1.0,1.0,4.2,1.0,0.0,0.0,0.0,0.0,1
1,1.0,0,4.0,1.0,13.0,9.0,2.0,12.0,1.0,1.0,1.0,1.0,0.0,0.0,0.0,0.0,1
1,2.0,0,4.0,1.0,10.0,12.0,2.0,13.0,1.0,1.0,2.7,1.0,0.0,0.0,0.0,0.0,1
1,1.0,0,4.0,1.0,10.0,12.0,1.0,13.0,1.0,1.0,1.4443122,1.0,4.0,7.0,274.0,0.0,1
1,1.0,1,5.0,2.0,13.0,7.0,1.0,12.0,5.0,1.0,2.2,1.0,0.0,0.0,0.0,0.0,1
1,1.0,0,4.0,1.0,13.0,12.0,2.0,11.0,1.0,1.0,1.8,1.0,4.0,0.0,379.0,0.0,1
1,1.0,1,4.0,1.0,14.0,12.0,1.0,13.0,1.0,1.0,0.7,1.0,0.0,0.0,262.0,0.0,1
0,1.0,1,6.0,1.0,13.0,5.0,2.0,13.0,1.0,1.0,1.5,1.0,0.0,0.0,0.0,0.0,1
1,1.0,1,5.0,1.0,22.0,1.0,1.0,13.0,1.0,1.0,86.3,1.0,0.0,0.0,0.0,0.0,1
0,1.0,0,4.0,1.0,13.0,9.0,2.0,13.0,1.0,1.0,1.1,1.0,0.0,0.0,0.0,0.0,1
1,1.0,0,4.0,1.0,9.440625,9.0,1.0,13.0,1.0,1.0,0.4,1.0,0.0,0.0,0.0,0.0,0
1,1.0,0,5.0,1.0,10.0,2.0,2.0,12.0,1.0,1.0,1.5,1.0,0.0,0.0,0.0,0.0,1
1,1.0,1,5.0,1.0,11.0,1.0,2.0,13.0,1.0,1.0,1.1,1.0,0.0,0.0,0.0,0.0,1
1,1.0,0,4.0,1.0,14.0,1.0,2.0,12.0,2.0,1.0,86.3,1.0,0.0,0.0,0.0,0.0,1
1,1.0,0,5.0,1.0,13.0,1.0,1.0,13.0,1.0,1.0,1.0,1.0,0.0,0.0,0.0,0.0,1
1,1.0,0,4.0,2.0,11.0,4.0,2.0,13.0,1.0,1.0,1.9,1.0,0.0,0.0,0.0,0.0,1
1,1.0,0,5.0,1.0,0.0,7.0,1.0,13.0,1.0,1.0,0.4,1.0,0.0,0.0,0.0,0.0,0
1,1.0,0,5.0,1.0,1.0,9.0,2.0,13.0,1.0,1.0,1.8,1.0,0.0,0.0,0.0,0.0,1
1,1.0,0,4.0,1.0,4.0,5.0,1.0,12.0,1.0,1.0,0.9,1.0,0.0,0.0,0.0,0.0,1
1,1.0,1,5.0,1.0,14.0,2.0,1.0,12.0,1.0,1.0,0.4,1.0,0.0,0.0,0.0,0.0,1
1,1.0,0,5.0,1.0,0.0,12.0,1.0,12.0,1.0,1.0,1.6,1.0,0.0,0.0,0.0,0.0,1
1,1.0,0,5.0,1.0,1.0,1.0,1.0,12.0,1.0,1.0,0.0,1.0,3.0,11.0,0.0,3.0,0
1,1.0,0,4.0,1.0,12.0,1.0,1.0,12.0,1.0,1.0,2.0,1.0,0.0,7.0,0.0,0.0,1
1,1.0,0,4.0,1.0,13.0,12.0,2.0,12.0,1.0,1.0,0.8,1.0,0.0,0.0,0.0,0.0,1
1,1.0,0,5.0,1.0,0.0,8.0,1.0,13.0,1.0,1.0,3.0,1.0,0.0,0.0,0.0,3.0,0
1,1.0,0,4.0,1.0,4.0,8.0,2.0,12.0,1.0,1.0,1.3,1.0,0.0,0.0,0.0,0.0,1
0,1.0,1,5.0,1.0,11.0,8.0,2.0,12.0,1.0,1.0,1.5,1.0,0.0,0.0,0.0,0.0,1
1,1.0,0,4.0,1.0,13.0,7.0,1.0,12.0,1.0,1.0,1.5,1.0,0.0,0.0,0.0,0.0,1
1,1.0,0,4.0,1.0,4.0,4.0,1.0,10.0,1.0,1.0,0.0,1.0,0.0,0.0,0.0,0.0,1
1,1.0,0,4.0,1.0,16.0,5.0,2.0,12.0,1.0,1.0,0.0,1.0,0.0,0.0,0.0,0.0,1
1,1.0,0,4.0,1.0,13.0,6.0,1.0,12.0,1.0,1.0,0.9,1.0,0.0,0.0,0.0,0.0,1
1,1.0,1,5.0,1.0,10.0,4.0,1.0,12.0,1.0,1.0,1.7,1.0,0.0,0.0,0.0,0.0,1
1,1.0,1,4.0,1.0,16.0,1.0,2.0,12.0,1.0,1.0,86.3,1.0,0.0,0.0,0.0,0.0,1
1,1.0,1,5.0,1.0,13.0,1.0,2.0,14.0,1.0,1.0,0.2,1.0,0.0,0.0,0.0,0.0,1
1,1.0,0,4.0,1.0,14.0,6.0,2.0,13.0,1.0,1.0,2.6,1.0,0.0,0.0,0.0,0.0,1
1,1.0,0,5.0,1.0,4.0,1.0,1.0,2.0,1.0,1.0,2.6,1.0,0.0,0.0,0.0,0.0,1
1,1.0,1,5.0,1.0,10.0,2.0,1.0,10.0,1.0,1.0,1.1,1.0,0.0,0.0,0.0,0.0,1
1,1.0,0,4.0,1.0,13.0,7.0,2.0,13.0,1.0,1.0,1.1,1.0,0.0,0.0,0.0,0.0,1
1,1.0,0,4.0,1.0,10.0,5.0,2.0,12.0,1.0,1.0,2.1,1.0,0.0,0.0,0.0,0.0,1
1,1.0,0,4.0,1.0,22.0,1.0,2.0,13.0,1.0,1.0,0.0,1.0,0.0,0.0,0.0,0.0,1
1,1.0,0,4.0,1.0,11.0,4.0,1.0,13.0,1.0,1.0,0.6,1.0,0.0,0.0,0.0,0.0,1
1,1.0,1,5.0,1.0,4.0,12.0,1.0,12.0,1.0,1.0,0.8,1.0,0.0,0.0,0.0,0.0,1
0,1.0,0,4.0,1.0,13.0,5.0,1.0,0.0,1.0,1.0,3.4,1.0,0.0,0.0,0.0,0.0,1
1,1.0,1,5.0,1.0,9.0,9.0,1.0,0.0,2.0,1.0,1.2,1.0,0.0,0.0,0.0,0.0,1
1,1.0,0,4.0,1.0,11.0,6.0,2.0,12.0,1.0,1.0,2.9,1.0,0.0,0.0,0.0,0.0,1
1,1.0,1,5.0,1.0,13.0,1.0,2.0,11.0,1.0,1.0,1.9,1.0,0.0,0.0,0.0,0.0,1
1,1.0,0,4.0,1.0,13.0,9.0,1.0,4.0,1.0,1.0,0.6,1.0,0.0,0.0,0.0,0.0,1
1,1.0,0,4.0,1.0,10.0,10.0,2.0,13.0,1.0,1.0,4.2,1.0,0.0,0.0,0.0,0.0,1
1,1.0,0,1.0,1.0,13.0,5.0,2.0,13.0,1.0,1.0,0.4,1.0,0.0,0.0,0.0,0.0,1
0,1.0,1,4.0,1.0,11.0,8.0,1.0,0.0,1.0,1.0,1.0,1.0,0.0,0.0,0.0,0.0,1
1,1.0,0,4.0,1.0,14.0,3.0,2.0,0.0,1.0,1.0,0.0,1.0,0.0,0.0,0.0,0.0,1
1,1.0,1,5.0,1.0,13.0,8.0,2.0,4.0,1.0,1.0,0.0,1.0,0.0,0.0,0.0,0.0,1
0,1.0,0,4.0,1.0,13.0,12.0,2.0,12.0,1.0,1.0,86.3,1.0,0.0,0.0,0.0,0.0,1
1,1.0,1,6.0,1.0,13.0,10.0,1.0,13.0,1.0,1.0,1.7,1.0,0.0,0.0,0.0,0.0,1
0,2.0,0,4.0,1.0,14.0,12.0,2.0,13.0,1.0,1.0,86.3,1.0,0.0,0.0,0.0,0.0,1
1,1.0,1,4.0,1.0,13.0,6.0,1.0,12.0,1.0,1.0,86.3,1.0,0.0,0.0,0.0,0.0,1
1,1.0,0,4.0,1.0,1.0,4.0,2.0,13.0,1.0,1.0,0.3,1.0,0.0,0.0,0.0,0.0,1
0,1.0,1,4.0,1.0,13.0,12.0,1.0,9.0,5.0,1.0,1.3,1.0,0.0,0.0,0.0,0.0,1
1,1.0,1,5.0,1.0,13.0,7.0,1.0,13.0,5.0,1.0,1.6,1.0,0.0,0.0,0.0,0.0,1
1,2.0,1,5.0,1.0,13.0,8.0,1.0,12.0,1.0,1.0,2.6,1.0,0.0,0.0,0.0,0.0,1
1,1.0,0,4.0,1.0,4.0,2.0,2.0,12.0,1.0,1.0,0.8,1.0,0.0,0.0,0.0,0.0,1
1,1.0,1,5.0,1.0,13.0,3.0,2.0,12.0,1.0,1.0,1.2,1.0,0.0,0.0,0.0,0.0,1
1,1.0,0,4.0,1.0,16.0,1.0,1.0,0.0,1.0,1.0,0.6,1.0,0.0,0.0,0.0,0.0,1
1,1.0,0,4.0,1.0,14.0,4.0,2.0,9.0,1.0,1.0,2.1,1.0,0.0,0.0,0.0,0.0,1
1,1.0,1,7.0,1.0,14.0,9.0,2.0,12.0,1.0,1.0,1.6,1.0,0.0,0.0,0.0,0.0,1
1,1.0,0,4.0,1.0,10.0,12.0,1.0,13.0,1.0,1.0,1.5,1.0,0.0,0.0,0.0,0.0,1
1,1.0,0,4.0,1.0,13.0,8.0,1.0,13.0,1.0,1.0,0.0,1.0,0.0,0.0,0.0,0.0,1
0,1.0,1,4.0,1.0,4.0,12.0,2.0,0.0,1.0,1.0,1.1,1.0,0.0,0.0,0.0,0.0,1
0,1.0,0,4.0,1.0,16.0,12.0,1.0,0.53516454,1.0,1.0,1.6,1.0,0.0,0.0,0.0,0.0,1
1,1.0,0,4.0,1.0,13.0,3.0,1.0,9.0,1.0,1.0,0.7,1.0,0.0,0.0,0.0,0.0,1
1,1.0,0,4.0,1.0,0.0,5.0,1.0,12.0,1.0,2.0,1.5,1.0,0.0,0.0,0.0,3.0,1
1,1.0,1,5.0,1.0,13.0,4.0,2.0,13.0,1.0,1.0,1.7,1.0,0.0,0.0,0.0,0.0,1
1,1.0,1,5.0,1.0,13.0,6.0,1.0,13.0,1.0,1.0,86.3,1.0,0.0,0.0,0.0,0.0,1
1,1.0,1,4.0,1.0,13.0,10.0,1.0,13.0,1.0,1.0,0.0,1.0,0.0,0.0,243.0,0.0,1
1,1.0,0,5.0,1.0,13.0,5.0,2.0,12.0,1.0,1.0,1.8,1.0,0.0,0.0,0.0,0.0,1
1,1.0,0,4.0,1.0,10.0,1.0,1.0,12.0,1.0,1.0,2.4,1.0,0.0,0.0,0.0,0.0,1
1,1.0,1,5.0,1.0,1.0,2.0,2.0,12.0,1.0,1.0,0.8,1.0,0.0,0.0,0.0,0.0,1
1,1.0,0,5.0,1.0,0.0,1.0,1.0,13.0,5.0,1.0,0.8,1.0,0.0,0.0,0.0,3.0,0
1,1.0,0,4.0,1.0,13.0,10.0,2.0,12.0,1.0,1.0,3.7,1.0,0.0,0.0,0.0,0.0,1
1,1.0,0,1.0,1.0,13.0,7.0,2.0,13.0,1.0,1.0,2.1,1.0,4.0,11.0,379.0,0.0,1
1,1.0,1,5.0,1.0,13.0,11.0,1.0,13.0,1.0,1.0,1.2,1.0,0.0,0.0,0.0,0.0,1
1,1.0,0,4.0,1.0,13.0,3.0,2.0,12.0,1.0,1.0,0.21243517,1.0,0.0,0.0,0.0,0.0,1
1,1.0,0,5.0,1.0,13.0,3.0,2.0,13.0,1.0,1.0,0.6,1.0,0.0,0.0,0.0,0.0,1
0,1.0,0,4.0,1.0,13.0,10.0,1.0,0.0,1.0,1.0,1.1417843,1.0,0.0,0.0,0.0,0.0,1
1,1.0,0,4.0,1.0,22.0,12.0,1.0,12.0,1.0,1.0,2.3,1.0,0.0,0.0,0.0,0.0,1
1,1.0,0,4.0,1.0,13.0,6.0,1.0,12.0,1.0,1.0,86.3,1.0,0.0,0.0,0.0,0.0,1
1,1.0,0,4.0,1.0,14.0,5.0,1.0,12.0,1.0,1.0,1.46956,1.0,0.0,7.0,274.0,0.0,1
1,2.0,1,5.0,1.0,13.0,12.0,1.0,14.0,1.0,1.0,86.3,1.0,0.0,0.0,0.0,0.0,1
1,2.0,0,4.0,1.0,10.0,3.0,2.0,14.0,1.0,1.0,86.3,1.0,0.0,0.0,0.0,0.0,1
1,1.0,0,4.0,1.0,0.0,2.0,1.0,13.0,1.0,1.0,3.2,1.0,0.0,0.0,0.0,0.0,1
1,1.0,0,1.0,1.0,14.0,8.0,2.0,12.0,1.0,1.0,1.2,1.0,4.0,11.0,379.0,0.0,1
1,1.0,0,4.0,1.0,11.0,1.0,1.0,12.0,1.0,1.0,0.2,1.0,0.0,0.0,0.0,0.0,1
1,1.0,0,4.0,1.0,13.0,6.0,1.0,12.0,1.0,1.0,0.0,1.0,4.0,11.0,379.0,0.0,1
1,1.0,1,5.0,1.0,14.0,2.0,1.0,12.0,5.0,1.0,4.385582,1.0,0.0,0.0,0.0,0.0,1
1,1.0,0,4.0,1.0,11.0,1.0,1.0,12.0,5.0,1.0,2.9,1.0,0.0,0.0,0.0,0.0,1
1,1.0,1,5.0,1.0,13.0,3.0,1.0,12.0,1.0,1.0,0.8,1.0,0.0,0.0,0.0,0.0,1
1,1.0,0,4.0,1.0,0.0,4.0,2.0,13.0,1.0,1.0,0.9,1.0,0.0,0.0,0.0,0.0,1
1,1.0,0,1.0,1.0,22.0,12.0,2.0,7.0,1.0,1.0,1.8,1.0,3.0,0.0,379.0,0.0,1
1,1.0,0,4.0,1.0,16.0,2.0,2.0,13.0,1.0,1.0,0.7,1.0,0.0,0.0,0.0,0.0,1
1,1.0,0,4.0,1.0,6.0,8.645358,2.0,12.0,1.0,1.0,2.6,1.0,0.0,0.0,0.0,0.0,1
1,1.0,1,4.0,1.0,13.0,7.0,2.0,0.0,1.0,1.0,0.8,1.0,0.0,0.0,0.0,0.0,1
0,1.0,0,5.0,1.0,0.0,6.0,1.0,12.0,1.0,1.0,1.7,1.0,0.0,0.0,0.0,0.0,0
1,1.0,1,5.0,1.0,10.0,1.0,1.0,13.0,5.0,1.0,1.1,1.0,0.0,0.0,0.0,0.0,1
1,1.0,0,1.0,1.0,16.0,6.0,2.0,13.0,1.0,1.0,1.9,1.0,0.0,0.0,0.0,0.0,1
1,1.0,1,5.0,1.0,16.0,2.0,2.0,13.0,1.0,1.0,1.4,1.0,0.0,0.0,0.0,0.0,1
1,1.0,0,4.0,1.0,11.0,7.0,2.0,12.0,1.0,1.0,1.6,1.0,0.0,0.0,0.0,0.0,1
1,1.0,1,5.0,1.0,10.0,6.0,2.0,12.0,1.0,1.0,0.8,1.0,0.0,0.0,0.0,0.0,1
1,1.0,0,4.0,1.0,13.0,1.0,2.0,10.0,1.0,1.0,0.6,1.0,0.0,0.0,0.0,0.0,1
1,1.0,0,5.0,1.0,2.9097807,4.0,1.0,12.0,1.0,1.0,1.1,1.0,0.0,0.0,0.0,0.0,1
0,1.0,1,5.0,1.0,16.0,5.0,1.0,13.0,1.0,1.0,1.4,1.0,0.0,0.0,0.0,0.0,1
1,1.0,0,4.0,1.0,10.0,7.0,2.0,13.0,1.0,1.0,1.3,1.0,0.0,0.0,0.0,0.0,1
1,1.0,1,5.0,1.0,13.0,1.0,1.0,12.0,1.0,1.0,0.0,1.0,0.0,0.0,0.0,0.0,1
1,1.0,0,4.0,1.0,13.0,2.2184076,2.0,10.0,1.0,1.0,0.0,1.0,0.0,0.0,0.0,0.0,1
1,1.0,0,1.0,1.0,20.0,12.0,1.0,8.0,1.0,1.0,1.5,1.0,4.0,11.0,379.0,0.0,1
1,1.0,0,4.0,1.0,11.0,1.0,1.0,12.0,1.0,1.0,86.3,1.0,0.0,0.0,0.0,0.0,1
1,1.0,0,5.0,1.0,9.0,3.0,1.0,14.0,1.0,1.0,1.2,1.0,0.0,0.0,0.0,0.0,1
1,1.0,1,5.0,1.0,13.0,1.0,2.0,12.0,1.0,1.0,0.0,1.0,0.0,0.0,0.0,0.0,1
1,1.0,1,6.0,1.0,22.0,1.0,1.0,14.0,1.0,1.0,86.3,1.0,0.0,0.0,0.0,0.0,1
1,1.0,0,4.0,1.0,4.0,6.0,2.0,12.0,1.0,1.0,1.4,1.0,0.0,0.0,0.0,0.0,1
1,1.0,0,4.0,1.0,1.0,12.0,2.0,14.0,1.0,1.0,1.5,1.0,0.0,0.0,0.0,0.0,1
1,1.0,0,4.0,1.0,14.0,1.0,1.0,13.0,1.0,1.0,0.7,1.0,0.0,0.0,0.0,0.0,1
1,1.0,0,4.0,1.0,4.0,9.0,1.0,12.0,1.0,1.0,86.3,1.0,0.0,0.0,0.0,0.0,1
1,1.0,0,5.0,1.0,0.0,7.0,1.0,13.0,1.0,1.0,2.9,1.0,0.0,0.0,0.0,0.0,0
1,1.0,1,5.0,1.0,16.0,2.0,2.0,14.0,1.0,1.0,2.6,1.0,0.0,0.0,0.0,0.0,1
1,1.0,0,4.0,1.0,14.0,1.0,1.0,12.0,1.0,1.0,0.2,1.0,0.0,0.0,0.0,0.0,1
1,1.0,1,4.0,1.0,13.0,10.0,1.0,13.0,1.0,1.0,0.9,1.0,0.0,0.0,0.0,0.0,1
1,1.0,0,4.0,1.0,16.0,1.0,1.0,12.0,1.0,1.0,0.5,1.0,4.0,11.0,379.0,0.0,1
1,1.0,1,5.0,1.0,4.0,3.0,1.0,12.0,1.0,1.0,4.3,1.0,0.0,0.0,0.0,0.0,1
0,1.0,0,4.0,1.0,16.0,7.0,2.0,14.0,1.0,1.0,0.0,1.0,0.0,0.0,0.0,0.0,1
1,1.0,0,4.0,1.0,13.0,12.0,2.0,0.0,1.0,1.0,1.0,1.0,0.0,0.0,0.0,0.0,1
1,1.0,0,4.0,1.0,13.0,8.0,1.0,13.0,1.0,1.0,0.0,1.0,0.0,0.0,0.0,0.0,1
1,1.0,0,5.0,1.0,7.0,4.0,1.0,10.0,5.0,1.0,0.0,1.0,0.0,0.0,0.0,3.0,1
1,1.0,0,5.0,1.0,2.0,7.0,1.0,13.0,1.0,1.0,1.9,1.0,0.0,0.0,0.0,0.0,1
1,1.0,0,4.0,1.0,3.0,7.0,1.0,12.0,1.0,1.0,3.0,1.0,0.0,0.0,0.0,0.0,1
1,1.0,0,5.0,1.0,13.0,7.0,1.0,12.0,1.0,1.0,2.6,1.0,0.0,0.0,0.0,0.0,1
1,2.0,1,7.0,1.0,14.0,10.0,2.0,14.0,1.0,1.0,2.1,1.0,0.0,0.0,0.0,0.0,1
0,1.0,0,5.0,1.0,13.0,7.0,1.0,13.0,1.0,1.0,86.3,1.0,0.0,0.0,0.0,0.0,1
0,2.0,0,4.0,1.0,13.0,7.0,2.0,14.0,1.0,1.0,86.3,1.0,0.0,0.0,0.0,0.0,1
1,1.0,1,4.0,1.0,22.0,3.0,1.0,13.0,1.0,1.0,0.5,1.0,3.0,0.0,294.0,0.0,1
1,1.0,0,4.0,1.0,13.0,3.0,1.0,13.0,1.0,1.0,3.0,1.0,0.0,0.0,0.0,0.0,1
1,1.0,1,4.0,1.0,22.0,8.0,1.0,4.852633,1.0,1.0,0.7,1.0,0.0,0.0,0.0,0.0,1
1,1.0,1,5.0,1.0,0.0,8.0,1.0,13.0,1.0,1.0,2.3,1.0,0.0,0.0,0.0,0.0,1
1,1.0,1,5.0,1.0,16.0,1.0,2.0,14.0,1.0,1.0,1.1,1.0,0.0,0.0,0.0,0.0,1
1,2.0,1,5.0,1.0,13.0,7.0,1.0,13.0,1.0,1.0,0.5,1.0,0.0,0.0,0.0,0.0,1
1,2.0,0,5.0,1.0,16.0,10.0,2.0,13.0,1.0,1.0,3.7,1.0,0.0,0.0,0.0,0.0,1
1,1.0,0,5.0,1.0,10.0,9.0,2.0,13.0,1.0,1.0,0.6,1.0,0.0,0.0,0.0,0.0,1
1,1.0,1,4.0,1.0,4.0,1.0,2.0,13.0,1.0,1.0,0.9,1.0,0.0,0.0,0.0,0.0,1
1,1.0,0,4.0,1.0,13.0,3.0,1.0,13.0,1.0,1.0,86.3,1.0,0.0,0.0,0.0,0.0,1
1,1.0,0,4.0,1.0,0.0,7.0,1.0,13.0,1.0,1.0,1.4,1.0,0.0,0.0,0.0,1.0,0
1,1.0,1,5.0,1.0,11.0,8.0,1.0,12.0,1.0,1.0,0.5,1.0,0.0,0.0,0.0,0.0,0
1,1.0,0,4.0,1.0,11.0,8.0,2.0,13.0,1.0,1.0,86.3,1.0,0.0,0.0,0.0,0.0,1
1,1.0,0,4.0,1.0,13.0,6.0,2.0,12.0,1.0,1.0,1.9,1.0,0.0,0.0,0.0,0.0,1
1,1.0,1,4.0,1.0,20.0,10.0,1.0,13.0,1.0,1.0,0.7,1.0,0.0,0.0,0.0,0.0,1
1,1.0,0,4.0,1.0,9.0,2.0,1.0,13.0,1.0,1.0,0.8,1.0,0.0,0.0,0.0,0.0,1
1,1.0,1,5.0,1.0,13.0,2.0,2.0,12.0,1.0,1.0,86.3,1.0,0.0,0.0,0.0,0.0,1
1,1.0,1,5.0,1.0,22.0,7.0,1.0,12.0,1.0,1.0,1.2,1.0,4.0,2.0,379.0,0.0,1
1,1.0,0,5.0,1.0,2.0,7.0,1.0,13.0,1.0,1.0,4.5,1.0,0.0,0.0,0.0,0.0,1
1,1.0,1,4.0,1.0,13.0,2.0,1.0,12.0,1.0,1.0,2.0,1.0,0.0,0.0,0.0,0.0,1
1,1.0,1,5.0,1.0,13.0,2.0,1.0,4.0,1.0,1.0,0.2,1.0,0.0,0.0,0.0,0.0,1
1,1.0,0,4.0,1.0,16.0,5.0,1.0,13.0,1.0,1.0,0.4,1.0,4.0,11.0,379.0,0.0,1
1,1.0,0,4.0,1.0,10.0,9.0,2.0,12.0,1.0,1.0,0.6,1.0,0.0,0.0,0.0,0.0,1
0,1.0,0,4.0,1.0,8.0,10.0,2.0,8.0,1.0,1.0,1.3,1.0,0.0,0.0,0.0,0.0,1
1,1.0,0,4.0,1.0,10.0,2.0,1.0,12.0,1.0,1.0,2.1,1.0,0.0,0.0,0.0,0.0,1
1,1.0,1,6.0,1.0,4.0,12.0,2.0,12.0,1.0,1.0,1.8,1.0,0.0,0.0,0.0,0.0,1
1,1.0,0,4.0,1.0,13.0,8.0,2.0,0.0,1.0,1.0,1.6,1.0,0.0,0.0,0.0,0.0,1
1,1.0,1,4.0,1.0,22.0,6.0,1.0,0.0,1.0,1.0,1.9,1.0,0.0,0.0,0.0,0.0,1
0,2.0,1,5.0,1.0,16.0,12.0,2.0,0.0,1.0,1.0,1.8,1.0,0.0,0.0,0.0,0.0,1
1,1.0,1,5.0,1.0,10.0,1.0,2.0,13.0,1.0,1.0,1.4,1.0,0.0,0.0,0.0,0.0,1
1,1.0,0,4.0,1.0,11.0,3.0,1.0,12.0,1.0,1.0,2.7,1.0,0.0,0.0,0.0,0.0,1
0,1.0,1,5.0,1.0,13.0,8.0,1.0,0.0,5.0,1.0,1.3,1.0,4.0,11.0,379.0,0.0,1
1,1.0,0,4.0,1.0,14.0,8.0,1.0,13.0,1.0,1.0,1.0,1.0,0.0,0.0,249.82585,0.0,1
1,1.0,0,4.0,2.0,14.0,5.0,2.0,13.0,1.0,1.0,1.0,1.0,0.0,0.0,0.0,0.0,1
1,1.0,0,5.0,1.0,0.0,3.0,1.0,8.0,1.0,1.0,2.0,1.0,0.0,0.0,0.0,1.8803583,1
1,1.0,1,5.0,1.0,13.0,7.0,1.0,13.0,1.0,1.0,3.7,1.0,0.0,0.0,0.0,0.0,1
1,1.0,0,4.0,1.0,12.0,4.0,2.0,13.0,1.0,1.0,0.9,1.0,0.0,0.0,0.0,0.0,1
1,1.0,1,5.0,1.0,10.0,12.0,2.0,0.0,1.0,1.0,1.0,1.0,0.0,0.0,0.0,0.0,1
1,2.0,1,5.0,1.0,13.0,9.0,1.0,13.0,1.0,1.0,2.0,1.0,0.0,0.0,0.0,0.0,1
1,1.0,0,4.0,1.0,4.0,5.0,2.0,6.0,1.0,1.0,0.5,1.0,0.0,0.0,0.0,0.0,1
1,1.0,0,4.0,1.0,11.0,8.0,2.0,12.0,1.0,1.0,3.0,1.0,0.0,0.0,0.0,0.0,1
1,1.0,0,4.0,1.0,4.0,6.0,1.0,13.0,1.0,1.0,2.4,1.0,0.0,0.0,0.0,0.0,1
1,1.0,0,4.0,1.0,13.0,8.0,2.0,12.0,1.0,1.0,0.5,1.0,0.0,0.0,0.0,0.0,1
0,1.0,1,6.0,1.0,14.0,7.0,2.0,13.0,1.0,1.0,1.3,1.0,0.0,0.0,0.0,0.0,1
0,1.0,1,4.0,1.0,11.0,5.0,1.0,12.0,1.0,1.0,2.8,1.0,0.0,0.0,0.0,0.0,1
1,1.0,1,4.0,1.0,10.0,8.0,1.0,13.0,1.0,1.0,1.0,1.0,3.0,11.0,175.85422,0.0,1
1,1.0,0,4.0,1.0,0.0,3.0,1.0,12.0,5.0,2.0,1.5,1.0,0.0,0.0,0.0,3.0,0
1,1.0,0,4.0,1.0,13.0,1.0,2.0,6.0,1.0,1.0,4.4,1.0,0.0,0.0,0.0,0.0,1
1,1.0,0,4.0,1.0,10.0,4.0,2.0,13.0,1.0,1.0,0.6,1.0,0.0,0.0,0.0,0.0,1
1,1.0,0,4.0,1.0,11.0,12.0,2.0,12.0,1.0,1.0,0.7,1.0,0.0,0.0,0.0,0.0,1
1,1.0,0,2.0,1.0,13.0,5.0,1.0,12.0,1.0,1.0,1.1,1.0,0.0,0.0,0.0,0.0,1
1,1.0,1,5.0,1.0,11.0,12.0,1.0,12.0,1.0,1.0,1.7,1.0,0.0,0.0,0.0,0.0,0
1,1.0,1,5.0,1.0,20.0,3.0,1.0,13.0,1.0,1.0,3.2,1.0,0.0,0.0,0.0,0.0,1
1,1.0,1,5.0,1.0,13.0,10.0,2.0,12.0,1.0,1.0,0.6,1.0,0.0,0.0,0.0,0.0,1
1,1.0,0,4.0,1.0,4.0,2.9326534,1.0,13.0,1.0,1.0,0.0,1.0,0.0,0.0,0.0,0.0,1
1,1.0,1,5.0,1.0,14.0,1.0,2.0,13.0,1.0,1.0,1.4,1.0,0.0,0.0,0.0,0.0,1
0,1.0,1,5.0,1.0,22.0,7.0,1.0,13.0,1.0,1.0,86.3,1.0,0.0,0.0,0.0,0.0,1
1,1.0,1,7.0,1.0,13.0,11.0,1.0,11.0,1.0,1.0,2.3,1.0,0.0,0.0,0.0,0.0,1
1,2.0,1,5.0,1.0,17.103352,7.0,1.0,14.0,1.0,1.0,86.3,1.0,0.0,0.0,0.0,0.0,1
1,1.0,0,4.0,1.0,10.0,2.0,2.0,14.0,1.0,1.0,1.6,1.0,0.0,0.0,0.0,0.0,1
1,1.0,0,4.0,1.0,10.0,8.0,2.0,13.0,1.0,1.0,1.3,1.0,0.0,0.0,0.0,0.0,1
1,1.0,0,5.0,1.0,13.0,12.0,1.0,12.0,1.0,1.0,1.3,1.0,0.0,0.0,0.0,0.0,1
1,1.0,0,5.0,1.0,0.0,10.0,2.0,11.0,1.0,1.0,0.0,1.0,0.0,0.0,0.0,0.0,1
1,2.0,0,4.0,1.0,13.0,9.0,2.0,13.0,1.0,1.0,1.9,1.0,0.0,0.0,0.0,0.0,1
1,2.0,0,4.0,1.0,13.0,4.0,2.0,13.0,1.0,1.0,86.3,1.0,0.0,0.0,0.0,0.0,1
1,1.0,0,4.0,1.0,0.0,5.0,1.0,0.0,1.0,1.0,3.1,1.0,0.0,0.0,0.0,0.0,1
1,1.0,1,5.0,1.0,3.0,5.0,2.0,12.0,1.0,1.0,0.0,1.0,0.0,0.0,0.0,0.0,1
1,1.0,0,4.0,1.0,0.0,12.0,2.0,13.0,1.0,1.0,0.7,1.0,0.0,0.0,0.0,0.0,1
0,1.0,1,4.0,1.0,20.0,1.0,2.0,12.0,1.0,1.0,3.1,1.0,0.0,0.0,0.0,0.0,1
0,1.0,1,7.0,1.0,13.0,7.0,2.0,12.0,1.0,1.0,2.2,1.0,0.0,0.0,0.0,0.0,1
1,1.0,1,4.0,1.0,9.0,12.0,2.0,13.0,1.0,1.0,0.4,1.0,0.0,0.0,0.0,0.0,1
1,1.0,0,5.0,1.0,13.0,3.0,1.0,14.0,1.0,1.0,1.1,1.0,0.0,0.0,0.0,0.0,1
0,1.0,0,4.0,1.0,9.0,9.0,1.0,12.0,1.0,1.0,0.9,1.0,0.0,0.0,0.0,0.0,1
1,1.0,1,5.0,1.0,22.0,1.0,1.0,12.0,1.0,1.0,1.7,1.0,3.0,3.0,379.0,0.0,1
1,1.0,0,4.0,1.0,13.0,1.0,1.0,0.0,1.0,1.0,2.3,1.0,0.0,0.0,0.0,0.0,1
1,1.0,1,7.0,1.0,13.0,3.0,1.0,13.0,1.0,1.0,3.0,1.0,0.0,0.0,0.0,0.0,1
1,1.0,0,4.0,1.0,13.0,7.0,2.0,12.0,1.0,1.0,1.0,1.0,0.0,0.0,0.0,0.0,1
1,1.0,1,5.0,1.0,13.0,9.0,2.0,13.0,1.0,1.0,0.9,1.0,0.0,0.0,0.0,0.0,1
1,1.0,0,4.0,1.0,14.0,7.0,1.0,0.0,1.0,1.0,2.8,1.0,0.0,0.0,0.0,0.0,1
0,2.0,1,5.0,1.0,14.0,11.0,2.0,13.0,1.0,1.0,2.7,1.0,0.0,0.0,0.0,0.0,1
1,1.0,0,5.0,1.0,10.0,8.0,1.0,0.0,1.0,1.0,1.2,1.0,0.0,0.0,0.0,0.0,0
1,1.0,1,6.0,1.0,10.0,7.0,2.0,12.0,1.0,1.0,0.6,1.0,0.0,0.0,0.0,0.0,1
1,2.0,1,5.0,1.0,14.0,4.0,1.0,13.0,1.0,1.0,2.9,1.0,0.0,0.0,0.0,0.0,1
0,1.0,1,5.0,1.0,4.6846375,9.0,2.0,7.0,1.0,1.0,0.9,1.0,0.0,0.0,0.0,0.0,1
1,2.0,0,4.0,1.0,14.0,9.0,2.0,12.0,1.0,1.0,1.6,1.0,0.0,0.0,0.0,0.0,1
1,1.0,0,4.0,1.0,6.046048,5.0,1.0,10.0,1.0,1.0,2.4,1.0,0.0,0.0,0.0,0.0,0
1,1.0,0,4.0,1.0,11.0,11.0,2.0,12.0,1.0,1.0,1.3,1.0,3.0,0.0,0.0,0.0,1
0,1.0,1,4.0,1.0,20.0,5.0,2.0,13.0,1.0,1.0,1.4,1.0,0.0,0.0,0.0,0.0,1
1,1.0,0,5.0,1.0,0.0,2.0,2.0,12.0,1.0,1.0,0.6,1.0,0.0,0.0,0.0,0.0,0
0,1.0,0,1.0,1.0,20.0,4.0,2.0,13.0,1.0,1.0,3.4,1.0,0.0,0.0,0.0,0.0,1
1,1.0,0,4.0,1.0,2.0,7.0,1.0,12.0,1.0,1.0,1.6,1.0,0.0,0.0,0.0,0.0,1
1,1.0,0,4.0,1.0,13.0,12.0,2.0,12.0,1.0,1.0,3.8,1.0,0.0,0.0,0.0,0.0,1
1,1.0,1,4.0,1.0,13.0,7.0,1.0,0.0,5.0,1.0,3.1,1.0,4.0,11.0,379.0,0.0,1
1,1.0,1,5.0,1.0,13.0,6.0,1.0,12.0,1.0,1.0,1.5,1.0,0.0,0.0,0.0,0.0,1
1,1.0,1,5.0,1.0,13.0,2.0,2.0,12.0,1.0,1.0,0.7,1.0,0.0,0.0,0.0,0.0,1
1,1.0,0,4.0,1.0,11.0,5.0,2.0,12.0,1.0,1.0,0.2,1.0,0.0,0.0,0.0,0.0,1
1,2.0,1,5.0,1.0,14.0,5.0,1.0,12.0,1.0,1.0,1.6,1.0,4.0,11.0,379.0,0.0,1
1,1.0,1,5.0,1.0,10.0,6.0,1.0,12.0,1.0,1.0,0.0,1.0,0.0,0.0,0.0,0.0,1
1,1.0,0,5.0,1.0,13.0,4.0,1.0,0.0,1.0,1.0,0.7,1.0,0.0,0.0,0.0,0.0,1
1,1.0,0,5.0,1.0,2.5208027,7.0,1.0,12.0,1.0,1.0,2.3,1.0,0.0,0.0,0.0,0.0,1
1,1.0,0,4.0,1.0,13.0,3.0,2.0,12.0,1.0,1.0,0.8,1.0,0.0,0.0,0.0,0.0,1
1,1.0,0,4.0,1.0,13.0,3.0,1.0,8.0,1.0,1.0,1.9,1.0,0.0,0.0,0.0,0.0,1
1,1.0,1,5.0,1.0,11.0,2.0,1.0,7.0,1.0,1.0,1.7,1.0,0.0,0.0,0.0,0.0,1
0,1.0,0,5.0,1.0,13.0,12.0,2.0,12.0,1.0,1.0,0.7,1.0,0.0,0.0,0.0,0.0,1
1,1.0,0,4.0,1.0,22.0,4.438946,2.0,12.0,1.0,1.0,1.1,1.0,3.0,0.0,294.0,0.0,1
1,2.0,1,4.0,1.0,22.0,3.0,1.0,13.0,1.0,1.0,7.3,1.0,0.0,0.0,302.0,0.0,1
1,1.0,0,4.0,1.0,8.0,4.0,1.0,12.0,1.0,1.0,2.7,1.0,0.0,0.0,0.0,0.0,1
0,2.0,1,5.0,1.0,20.0,7.0,2.0,13.0,1.0,1.0,86.3,1.0,0.0,0.0,0.0,0.0,1
1,1.0,0,4.0,1.0,13.0,2.0,2.0,12.0,1.0,1.0,2.8,1.0,0.0,0.0,0.0,0.0,1
1,1.0,1,5.0,1.0,14.0,1.0,1.0,12.0,1.0,1.0,0.6,1.0,0.0,0.0,0.0,0.0,1
1,1.0,0,4.0,1.0,14.0,11.0,2.0,13.0,1.0,1.0,8.9,1.0,0.0,0.0,0.0,0.0,1
0,1.0,1,5.0,1.0,16.0,9.0,1.0,0.0,1.0,1.0,2.5,1.0,4.0,11.0,379.0,0.0,1
1,1.0,0,4.0,1.0,0.0,6.0,1.0,12.0,1.0,1.0,2.0,1.0,0.0,0.0,0.0,0.0,1
1,2.0,1,4.0,1.0,13.0,1.0,1.0,13.0,1.0,2.0,3.0,1.0,0.0,0.0,0.0,0.0,0
1,1.0,1,6.0,1.0,16.0,1.0,1.0,13.0,1.0,1.0,2.5,1.0,0.0,0.0,0.0,0.0,1
1,1.0,0,4.0,1.0,12.0,12.0,1.0,12.0,1.0,1.0,2.0,1.0,0.0,0.0,0.0,0.0,1
1,1.0,0,4.0,1.0,3.0,8.0,1.0,13.0,1.0,1.0,0.0,1.0,0.0,0.0,0.0,0.0,0
1,1.0,0,4.0,1.0,11.0,6.0,2.0,12.0,1.0,1.0,1.6,1.0,0.0,0.0,0.0,0.0,1
1,1.0,1,6.0,1.0,4.0,9.0,1.0,13.0,1.0,1.0,1.6,1.0,0.0,0.0,0.0,0.0,1
1,1.0,1,5.0,1.0,13.0,2.0,2.0,9.0,1.0,1.0,0.6,1.0,0.0,0.0,0.0,0.0,1
1,1.0,1,5.0,1.0,13.0,7.0,2.0,7.0,2.0,1.0,0.8,1.0,4.0,11.0,379.0,0.0,1
1,1.0,0,1.0,1.0,14.0,4.0,2.0,12.0,1.0,1.0,1.6,1.0,0.0,0.0,0.0,0.0,1
1,1.0,1,4.0,1.0,13.0,6.0,2.0,14.0,1.0,1.0,4.2,1.0,0.0,0.0,0.0,0.0,1
1,1.0,1,5.0,1.0,10.0,8.0,1.0,12.0,5.0,1.0,0.7,1.0,0.0,0.0,264.0,0.0,0
1,1.0,0,4.0,1.0,1.0,12.0,1.0,12.0,1.0,1.0,1.0,1.0,0.0,0.0,0.0,0.0,0
1,1.0,1,5.0,1.0,4.0,2.0,1.0,12.0,1.0,1.0,1.9,1.0,0.0,0.0,0.0,0.0,1
1,2.0,0,5.0,1.0,13.0,4.0,1.0,14.0,1.0,1.0,86.3,1.0,0.0,0.0,0.0,0.0,1
1,1.0,0,4.0,1.0,11.0,12.0,1.0,13.0,1.0,1.0,3.5,1.0,0.0,0.0,0.0,0.0,1
1,1.0,0,5.0,1.0,10.0,10.0,1.0,8.0,5.0,1.0,1.6,1.0,0.0,0.0,0.0,0.0,1
0,1.0,1,5.0,1.0,16.0,4.0,2.0,12.0,5.0,1.0,1.7,1.0,0.0,0.0,0.0,0.0,1
1,1.0,0,4.0,1.0,13.0,12.0,2.0,12.0,1.0,1.0,1.2,1.0,0.0,0.0,0.0,0.0,1
1,1.0,0,5.0,1.0,11.0,9.205507,2.0,12.0,1.0,1.0,0.9,1.0,0.0,0.0,0.0,0.0,1
1,1.0,0,5.0,1.0,13.0,5.0,1.0,13.0,1.0,1.0,1.5,1.0,0.0,0.0,0.0,0.0,1
1,1.0,0,4.0,1.0,16.0,1.0,1.0,4.0,1.0,1.0,1.1,1.0,4.0,11.0,379.0,0.0,1
1,1.0,1,5.0,1.0,10.0,3.0,2.0,14.0,1.0,1.0,1.1,1.0,0.0,0.0,0.0,0.0,1
1,1.0,0,4.0,1.0,1.0,3.0,1.0,12.0,1.0,1.0,86.3,1.0,0.0,0.0,0.0,0.0,1
0,1.0,1,5.0,1.0,3.0,9.0,1.0,12.0,1.0,1.0,4.8,1.0,0.0,0.0,0.0,0.0,0
1,1.0,1,5.0,1.0,11.0,5.0,2.0,12.0,1.0,1.0,1.9,1.0,0.0,0.0,0.0,0.0,1
0,1.0,0,6.0,1.0,13.0,7.0,1.0,12.0,1.0,1.0,1.4,1.0,0.0,0.0,0.0,0.0,0
1,1.0,0,4.0,1.0,1.0,3.0,1.0,13.0,1.0,1.0,0.6,1.0,0.0,0.0,0.0,3.0,0
1,1.0,0,4.0,1.0,4.0,11.0,1.0,12.0,1.0,1.0,0.9,1.0,0.0,0.0,0.0,0.0,1
1,1.0,0,4.0,1.0,4.0,6.0,1.0,12.0,1.0,1.0,2.4,1.0,0.0,0.0,0.0,0.0,1
1,1.0,0,5.0,1.0,11.0,5.0,2.0,13.0,1.0,1.0,3.4,1.0,0.0,0.0,0.0,0.0,1
1,1.0,1,6.0,1.0,16.0,4.0,1.0,13.0,1.0,1.0,0.0,1.0,0.0,0.0,0.0,0.0,1
1,1.0,0,4.0,1.0,13.0,6.0,2.0,12.0,1.0,1.0,2.0,1.0,0.0,0.0,0.0,0.0,1
1,1.0,0,4.0,1.0,10.0,5.0,2.0,10.0,1.0,1.0,2.7,1.0,0.0,0.0,0.0,0.0,1
1,1.0,1,5.0,1.0,10.0,1.0,2.0,12.0,1.0,1.0,0.9,1.0,0.0,0.0,0.0,0.0,1
1,1.0,0,4.0,1.0,13.0,2.0,1.0,12.0,1.0,1.0,2.1,1.0,0.0,0.0,0.0,0.0,1
1,1.0,0,5.0,1.0,1.0,10.0,2.0,4.0,1.0,1.0,0.5,1.0,0.0,0.0,0.0,0.0,0
1,1.0,0,4.0,1.0,4.0,10.0,1.0,12.0,1.0,1.0,0.4,1.0,0.0,0.0,0.0,0.0,1
1,1.0,0,4.0,1.0,13.0,8.0,1.0,5.0,1.0,1.0,0.9,1.0,0.0,0.0,0.0,0.0,1
0,1.0,1,5.0,1.0,14.0,3.0,1.0,13.0,1.0,1.0,0.5,1.0,0.0,0.0,0.0,0.0,1
1,2.0,1,5.0,1.0,13.0,8.0,1.0,13.0,1.0,1.0,1.6,1.0,0.0,0.0,0.0,0.0,1
1,1.0,1,5.0,1.0,11.0,12.0,1.0,13.0,1.0,1.0,2.4,1.0,0.0,0.0,0.0,0.0,1
1,1.0,1,6.0,1.0,13.0,1.0,1.0,12.0,1.0,1.0,0.8,1.0,0.0,0.0,0.0,0.0,1
1,1.0,1,5.0,1.0,13.0,8.0,2.0,13.0,1.0,1.0,1.6,1.0,0.0,0.0,0.0,0.0,1
1,1.0,0,4.0,1.0,13.0,1.0,2.0,14.0,1.0,1.0,1.7,1.0,0.0,0.0,0.0,0.0,1
1,1.0,0,4.0,1.0,16.0,1.0,2.0,13.0,1.0,1.0,1.3,1.0,0.0,0.0,0.0,0.0,1
1,1.0,1,4.0,1.0,16.0,6.0,2.0,14.0,1.0,1.0,86.3,1.0,0.0,0.0,0.0,0.0,1
1,1.0,0,4.0,1.0,3.0,10.0,1.0,12.0,1.0,1.0,3.4,1.0,0.0,0.0,276.09766,0.0,1
1,1.0,0,1.0,1.0,22.0,1.0,1.0,3.0,1.0,1.0,3.2,1.0,3.0,0.0,260.5492,0.0,1
1,1.0,1,6.0,1.0,13.0,7.0,1.0,0.0,1.0,1.0,1.7,1.0,0.0,0.0,0.0,0.0,1
1,1.0,0,4.0,1.0,16.0,8.0,1.0,12.0,1.0,1.0,2.3,1.0,0.0,0.0,0.0,0.0,1
1,1.0,1,5.0,1.0,13.0,9.0,1.0,9.0,1.0,1.0,0.9,1.0,0.0,0.0,0.0,0.0,1
1,1.0,0,4.0,1.0,14.0,1.0,2.0,12.0,1.0,1.0,1.4,1.0,0.0,0.0,0.0,0.0,1
1,1.0,1,5.0,1.0,6.0,9.0,1.0,12.0,1.0,1.0,1.2,1.0,0.0,0.0,0.0,0.0,1
1,1.0,0,4.0,1.0,16.0,1.0,1.0,12.0,1.0,1.0,2.7,1.0,0.0,0.0,0.0,0.0,1
1,1.0,0,1.0,1.0,16.0,12.0,2.0,10.0,1.0,1.0,86.3,1.0,0.0,0.0,0.0,0.0,1
1,1.0,0,5.0,1.0,10.0,9.0,2.0,13.0,1.0,1.0,1.3,1.0,0.0,0.0,0.0,0.0,1
1,1.0,1,4.0,1.0,16.0,4.0,2.0,11.0,1.0,1.0,0.0,1.0,0.0,0.0,0.0,0.0,1
1,1.0,0,4.0,1.0,10.0,11.0,1.0,13.0,1.0,1.0,0.8,1.0,4.0,11.0,379.0,0.0,1
1,2.0,1,5.0,1.0,7.0,1.0,2.0,12.0,1.0,1.0,2.1,1.0,0.0,0.0,0.0,0.0,1
1,1.0,1,5.0,1.0,13.0,1.0,2.0,12.0,1.0,1.0,0.0,1.0,0.0,0.0,0.0,0.0,1
1,1.0,0,4.0,1.0,0.0,1.0,1.0,13.0,1.0,1.0,0.9,1.0,0.0,0.0,0.0,3.0,1
1,1.0,0,4.0,1.0,13.0,4.0,2.0,13.0,1.0,1.0,2.2,1.0,0.0,0.0,0.0,0.0,1
1,1.0,0,4.0,1.0,10.0,10.0,1.0,13.0,1.0,1.0,0.9,1.0,4.0,11.0,379.0,0.0,1
1,1.0,1,7.0,1.0,16.0,6.0,1.0,12.0,1.0,1.0,2.4,1.0,0.0,0.0,0.0,0.0,1
1,1.0,0,5.0,1.0,0.0,8.0,2.0,13.0,1.0,1.0,1.0,1.0,0.0,0.0,0.0,0.0,1
1,2.0,0,5.0,1.0,13.0,5.0,2.0,14.0,1.0,1.0,2.1,1.0,0.0,0.0,0.0,0.0,1
0,1.0,0,5.0,1.0,0.0,9.0,1.0,4.0,1.0,1.0,0.0,1.0,0.0,0.0,0.0,0.0,1
1,2.0,1,5.0,1.0,13.0,8.0,2.0,12.0,1.0,1.0,1.5338924,1.0,0.0,0.0,0.0,0.0,1
1,1.0,0,4.0,1.0,4.0,12.0,1.0,13.0,1.0,1.0,8.9,1.0,0.0,0.0,0.0,0.0,1
1,1.0,0,4.0,1.0,13.0,4.0,1.0,12.0,1.0,1.0,0.0,1.0,4.0,11.0,379.0,0.0,1
1,1.0,0,4.0,1.0,13.0,12.0,2.0,13.0,1.0,1.0,1.4,1.0,0.0,0.0,0.0,0.0,1
1,1.0,0,4.0,1.0,4.0,7.0,1.0,12.0,1.0,1.0,1.1,1.0,0.0,0.0,0.0,0.0,1
1,1.0,0,4.0,1.0,13.0,12.0,2.0,12.0,1.0,1.0,1.3,1.0,0.0,0.0,0.0,0.0,1
1,1.0,0,4.0,2.0,13.0,1.0,2.0,13.0,5.0,1.0,1.1,1.0,0.0,0.0,0.0,0.0,1
1,1.0,0,4.0,1.0,10.0,3.0,2.0,7.0,1.0,1.0,1.8,1.0,0.0,0.0,0.0,0.0,1
1,2.0,0,4.0,1.0,12.0,8.0,1.0,14.0,1.0,1.0,2.2288702,1.0,0.0,0.0,0.0,0.0,1
1,1.0,1,5.0,1.0,16.0,11.0,1.0,13.0,1.0,1.0,1.5,1.0,0.0,0.0,0.0,0.0,1
1,1.0,0,4.0,1.0,13.0,6.0,1.0,13.0,1.0,1.0,86.3,1.0,0.0,0.0,0.0,0.0,1
1,1.0,0,4.0,1.0,13.0,7.0,2.0,8.0,1.0,1.0,1.7,1.0,0.0,0.0,0.0,0.0,1
1,1.0,0,4.0,1.0,13.0,7.0,1.0,13.0,1.0,1.0,1.5,1.0,3.0,0.0,274.0,0.0,1
1,1.0,0,5.0,1.0,6.0,5.0,2.0,13.0,1.0,1.0,1.6,1.0,0.0,0.0,0.0,0.0,1
0,1.0,1,7.0,1.0,13.0,12.0,2.0,12.0,1.0,1.0,1.8,1.0,0.0,0.0,0.0,0.0,1
1,1.0,1,5.0,1.0,16.0,1.0,1.0,12.0,1.0,1.0,86.3,1.0,2.0,11.0,379.0,0.0,1
1,1.0,1,4.0,1.0,13.0,4.0,1.0,12.0,1.0,1.0,86.3,1.0,0.0,0.0,0.0,0.0,1
1,1.0,0,4.0,1.0,14.0,9.216231,2.0,12.0,1.0,1.0,0.4,1.0,0.0,0.0,0.0,0.0,1
1,1.0,1,5.0,1.0,1.0,6.0,1.0,12.0,1.0,1.0,0.9,1.0,0.0,0.0,0.0,0.0,1
1,1.0,1,5.0,1.0,14.0,12.0,1.0,14.0,1.0,1.0,2.4,1.0,0.0,0.0,0.0,0.0,1
1,1.0,0,4.0,1.0,22.0,2.0,1.0,12.0,1.0,1.0,1.6,1.0,0.0,0.0,0.0,0.0,1
1,1.0,1,5.0,1.0,13.0,8.0,2.0,12.0,1.0,1.0,3.2,1.0,0.0,0.0,0.0,0.0,1
0,1.0,0,4.0,1.0,13.0,12.0,2.0,13.0,1.0,1.0,4.5,1.0,0.0,0.0,0.0,0.0,1
1,2.0,0,4.0,1.0,11.0,1.0,1.0,12.0,1.0,1.0,2.0,1.0,0.0,0.0,0.0,3.0,1
1,1.0,1,5.0,1.0,1.0,10.0,1.0,12.0,1.0,1.0,1.0,1.0,0.0,0.0,0.0,0.0,1
1,1.0,1,5.0,1.0,13.0,5.0,2.0,11.0,1.0,1.0,0.0,1.0,0.0,0.0,0.0,0.0,1
1,1.0,1,4.0,1.0,14.0,11.0,1.0,12.0,1.0,1.0,0.6,1.0,0.0,0.0,0.0,0.0,1
1,1.0,0,5.0,1.0,1.0,3.0,2.0,11.0,1.0,1.0,1.6,1.0,0.0,0.0,0.0,0.0,1
1,1.0,0,6.0,1.0,13.0,1.0,1.0,13.0,5.0,1.0,1.9,1.0,0.0,0.0,0.0,0.0,1
1,1.0,1,5.0,1.0,13.0,6.0,1.0,12.0,1.0,1.0,1.1,1.0,0.0,0.0,0.0,0.0,1
0,1.0,1,5.0,1.0,0.0,2.0,1.0,13.0,1.0,1.0,1.5,1.0,0.0,0.0,0.0,3.0,0
0,1.0,0,5.0,1.0,10.0,8.0,1.0,13.0,1.0,1.0,1.8,1.0,0.0,0.0,0.0,0.0,1
1,1.0,1,5.0,1.0,13.0,6.0,1.0,13.0,1.0,1.0,4.5,1.0,0.0,0.0,0.0,0.0,1
1,1.0,0,4.0,1.0,1.0,5.0,1.0,12.0,1.0,1.0,0.9,1.0,0.0,0.0,0.0,0.0,1
1,1.0,0,4.0,1.0,13.0,3.0,1.0,12.0,1.0,1.0,1.4,1.0,0.0,0.0,0.0,0.0,1
1,1.0,0,4.0,1.0,10.0,6.0,1.0,7.0,1.0,1.0,1.9,1.0,0.0,0.0,0.0,0.0,0
1,1.0,0,4.0,1.0,4.0,10.0,2.0,13.0,1.0,1.0,0.9,1.0,0.0,0.0,0.0,0.0,1
1,1.0,0,4.0,1.0,6.0,6.0,1.0,13.0,1.0,1.0,86.3,1.0,0.0,0.0,0.0,0.0,1
1,1.0,0,4.0,1.0,14.0,12.0,2.0,13.0,1.0,1.0,3.4,1.0,0.0,0.0,0.0,0.0,1
1,1.0,0,4.0,1.0,10.0,5.0,2.0,14.0,1.0,1.0,3.9366167,1.0,0.0,0.0,0.0,0.0,1
0,1.0,1,5.0,1.0,13.0,6.0,1.0,12.0,1.0,1.0,1.1,1.0,0.0,0.0,0.0,0.0,1
1,1.0,0,2.0,1.0,13.0,4.0,2.0,13.0,1.0,1.0,4.3,1.0,0.0,0.0,0.0,0.0,1
1,1.0,0,4.0,1.0,10.0,5.0,1.0,12.0,1.0,1.0,1.8,1.0,0.0,0.0,0.0,0.0,1
1,1.0,0,5.0,1.0,0.0,4.0,1.0,12.0,1.0,1.0,1.6,1.0,0.0,0.0,0.0,0.0,1
1,1.0,0,5.0,1.0,1.0,12.0,1.0,13.0,1.0,1.0,2.5,1.0,0.0,0.0,0.0,0.0,1
1,1.0,0,4.0,1.0,1.0,4.0,2.0,8.0,1.0,1.0,1.2,1.0,0.0,0.0,0.0,0.0,1
1,1.0,1,5.0,1.0,20.0,3.0,1.0,14.0,1.0,1.0,0.8,1.0,0.0,0.0,0.0,0.0,1
1,1.0,0,5.0,1.0,4.0,7.0,1.0,13.0,1.0,1.0,2.5,1.0,0.0,0.0,0.0,0.0,1
1,1.0,1,5.0,1.0,13.0,12.0,1.0,12.0,1.0,1.0,0.0,1.0,0.0,0.0,0.0,0.0,1
1,1.0,0,4.0,1.0,7.0,8.0,1.0,12.0,1.0,1.0,0.9,1.0,3.0,7.0,264.0,0.0,1
1,1.0,0,5.0,1.0,13.0,2.0,1.0,13.0,1.0,1.0,3.4,1.0,0.0,0.0,0.0,0.0,1
1,1.0,1,5.0,1.0,2.0,4.0,1.0,13.0,1.0,1.0,3.0,1.0,0.0,0.0,0.0,0.0,1
1,1.0,0,5.0,1.0,13.0,11.0,1.0,14.0,1.0,1.0,86.3,1.0,0.0,0.0,0.0,0.0,1
1,1.0,0,5.0,1.0,13.0,3.0,2.0,0.0,1.0,1.0,0.9,1.0,0.0,0.0,0.0,0.0,1
1,1.0,1,4.0,1.0,22.0,10.0,2.0,6.0,1.0,1.0,0.9,1.0,0.0,0.0,0.0,0.0,1
1,1.0,0,4.0,1.0,5.0,10.0,2.0,12.0,1.0,1.0,0.0,1.0,0.0,0.0,0.0,0.0,1
1,1.0,1,5.0,1.0,4.0,9.0,2.0,13.0,1.0,1.0,1.0,1.0,0.0,0.0,0.0,0.0,1
0,1.0,1,5.0,1.0,22.0,4.0,1.0,12.0,1.0,1.0,1.7,1.0,0.0,0.0,0.0,0.0,1
1,1.0,0,4.0,1.0,4.0,9.0,1.0,13.0,1.0,1.0,1.1,1.0,0.0,0.0,0.0,0.0,1
1,1.0,1,5.0,1.0,13.0,7.0,1.0,12.0,1.0,1.0,2.3,1.0,0.0,0.0,0.0,0.0,1
1,1.0,0,4.0,1.0,11.0,4.0,1.0,12.0,1.0,1.0,3.5,1.0,0.0,0.0,0.0,0.0,1
0,1.0,1,5.0,1.0,13.0,9.0,2.0,12.0,1.0,1.0,5.4,1.0,0.0,0.0,0.0,0.0,1
1,1.0,0,4.0,1.0,14.0,4.0,1.0,13.0,1.0,1.0,0.0,1.0,2.0,2.0,242.0,0.0,1
1,1.0,0,4.0,1.0,20.0,8.0,1.0,13.0,1.0,1.0,0.8,1.0,0.0,0.0,0.0,0.0,1
1,1.0,0,4.0,1.0,0.0,5.0,1.0,12.0,1.0,1.0,1.4655566,1.0,0.0,0.0,0.0,0.0,1
1,1.0,1,5.0,1.0,20.0,3.0,1.0,9.0,1.0,1.0,1.7,1.0,0.0,0.0,0.0,0.0,1
1,1.0,0,1.0,1.0,14.0,10.0,1.0,12.0,1.0,1.0,86.3,1.0,4.0,11.0,379.0,0.0,1
1,1.0,1,4.0,1.0,14.0,5.0,2.0,14.0,1.0,1.0,3.1,1.0,0.0,0.0,0.0,0.0,1
1,1.0,1,5.0,1.0,11.0,4.0,1.0,12.0,1.0,1.0,1.7,1.0,0.0,0.0,0.0,3.0,0
1,1.0,0,4.0,1.0,0.0,9.0,1.0,12.0,5.0,1.0,2.4,1.0,0.0,0.0,0.0,3.0,0
1,1.0,1,5.0,1.0,11.0,12.0,1.0,9.0,1.0,1.0,1.1,1.0,0.0,0.0,0.0,0.0,1
1,1.0,1,4.0,1.0,22.0,2.0,2.0,13.0,1.0,1.0,0.4,1.0,0.0,0.0,0.0,0.0,1
1,1.0,0,5.0,1.0,1.0,4.0,1.0,12.0,1.0,1.0,1.3,1.0,0.0,0.0,0.0,3.0,0
1,1.0,1,5.0,1.0,13.0,4.0,1.0,12.0,1.0,1.0,0.6,1.0,0.0,0.0,0.0,0.0,1
1,1.0,1,5.0,1.0,13.0,6.0,1.0,14.0,1.0,1.0,2.7,1.0,0.0,0.0,0.0,0.0,1
1,1.0,0,1.0,1.0,10.0,11.0,1.0,12.0,1.0,1.0,4.4,1.0,0.0,0.0,0.0,0.0,1
1,1.0,0,5.0,1.0,1.0,2.0,1.0,12.0,1.0,1.0,0.4,1.0,0.0,0.0,0.0,0.0,1
0,1.0,0,4.0,1.0,22.0,5.0,1.0,0.0,1.0,1.0,1.1,1.0,0.0,0.0,0.0,0.0,1
1,1.0,0,4.0,1.0,13.0,5.0,1.0,12.0,1.0,1.0,1.6,1.0,0.0,0.0,0.0,0.0,1
1,2.0,0,4.0,1.0,10.0,9.0,2.0,13.0,1.0,1.0,0.9,1.0,0.0,0.0,0.0,0.0,1
1,1.0,1,5.0,1.0,13.0,4.0,2.0,10.0,1.0,1.0,1.6,1.0,0.0,0.0,0.0,0.0,1
1,1.0,1,5.0,1.0,12.0,9.0,1.0,12.0,1.0,1.0,0.0,1.0,0.0,0.0,0.0,0.0,1
1,1.0,1,5.0,1.0,0.0,3.0,1.0,12.0,1.0,1.0,1.3,1.0,0.0,0.0,0.0,0.0,0
1,1.0,0,4.0,1.0,0.0,11.0,1.0,13.0,1.0,1.0,1.7,1.0,0.0,0.0,0.0,0.0,1
1,1.0,1,4.0,1.0,14.0,12.0,1.0,13.0,1.0,1.0,2.8,1.0,0.0,0.0,0.0,0.0,1
1,1.0,1,5.0,1.0,4.0,2.0,1.0,10.0,5.0,1.0,0.6,1.0,0.0,0.0,0.0,0.0,1
1,2.0,0,4.0,1.0,13.0,7.0,1.0,13.0,1.0,1.0,3.1,1.0,0.0,0.0,0.0,0.0,1
1,1.0,1,5.0,1.0,13.0,4.0,2.0,12.0,1.0,1.0,0.6,1.0,0.0,0.0,0.0,0.0,1
1,1.0,0,4.0,1.0,13.0,9.0,2.0,12.0,1.0,1.0,0.0,1.0,0.0,0.0,0.0,0.0,1
1,2.0,1,4.0,1.0,13.0,1.0,1.0,13.0,1.0,1.0,1.1,1.0,0.0,0.0,0.0,0.0,1
1,1.0,1,5.0,1.0,12.0,5.0,1.0,12.0,1.0,1.0,2.0,1.0,0.0,0.0,0.0,0.0,1
1,1.0,0,4.0,1.0,1.0,4.0,2.0,13.0,1.0,1.0,1.7,1.0,0.0,0.0,0.0,0.0,1
1,1.0,0,5.0,1.0,0.0,8.0,2.0,12.0,1.0,1.0,0.7,1.0,0.0,0.0,0.0,0.0,1
1,2.0,0,4.0,1.0,4.0,1.0,1.0,12.0,1.0,1.0,0.0,1.0,0.0,0.0,0.0,0.0,0
0,1.0,1,4.0,1.0,16.0,8.0,2.0,13.0,1.0,1.0,1.9,1.0,0.0,0.0,0.0,0.0,1
1,1.0,0,4.0,1.0,4.0,12.0,1.0,9.0,1.0,1.0,3.0,1.0,0.0,0.0,0.0,0.0,1
1,1.0,0,4.0,1.0,4.0,10.0,1.0,10.0,1.0,1.0,1.4,1.0,0.0,0.0,0.0,0.0,1
1,1.0,1,5.0,1.0,14.0,3.0,1.0,12.0,1.0,1.0,0.9,1.0,0.0,0.0,0.0,0.0,1
1,1.0,1,4.0,1.0,16.0,1.0,2.0,14.0,1.0,1.0,86.3,1.0,0.0,0.0,0.0,0.0,1
1,2.0,0,4.0,1.0,13.0,1.0,1.0,12.0,1.0,1.0,0.9,1.0,0.0,0.0,0.0,0.0,0
1,1.0,0,4.0,2.0,10.0,12.0,1.0,12.0,1.0,1.0,2.5,1.0,0.0,0.0,0.0,0.0,1
1,1.0,1,6.0,1.0,13.0,3.0,2.0,7.0,1.0,1.0,1.3,1.0,0.0,0.0,0.0,0.0,1
0,1.0,0,5.0,1.0,13.0,6.60027,1.0,12.0,1.0,1.0,2.2,1.0,0.0,0.0,0.0,0.0,1
1,2.0,1,5.0,1.0,13.0,1.0,1.0,14.0,1.0,1.0,2.0,1.0,0.0,0.0,0.0,0.0,1
1,1.0,0,4.0,1.0,13.0,1.0,1.0,12.0,1.0,1.0,0.4,1.0,0.0,0.0,0.0,0.0,1
1,1.0,0,5.0,1.0,10.0,1.0,1.0,12.0,1.0,1.0,1.6,1.0,0.0,0.0,0.0,0.0,1
1,1.0,0,4.0,1.0,10.0,10.0,1.0,6.0,1.0,1.0,1.2,1.0,0.0,0.0,0.0,0.0,1
1,1.0,1,5.0,1.0,15.0,8.0,1.0,13.0,5.0,1.0,3.5,1.0,0.0,0.0,0.0,0.0,1
1,1.0,0,4.0,1.0,11.0,12.0,1.0,12.0,1.0,1.0,0.5,1.0,0.0,0.0,0.0,0.0,1
1,1.0,0,5.0,1.0,16.0,7.0,1.0,12.0,1.0,1.0,4.9,1.0,0.0,0.0,0.0,0.0,1
0,1.0,0,4.0,1.0,4.0,5.0,1.0,7.0,1.0,1.0,0.0,1.0,0.0,0.0,0.0,3.0,1
0,1.0,1,5.0,1.0,3.0,4.0,1.0,9.0,1.0,1.0,1.4,1.0,0.0,0.0,0.0,0.0,1
0,1.0,1,5.0,1.0,13.0,6.0,2.0,12.0,1.0,1.0,2.5,1.0,0.0,0.0,0.0,0.0,1
1,1.0,0,4.0,1.0,13.0,1.0,2.0,12.0,1.0,1.0,1.4,1.0,0.0,0.0,0.0,0.0,1
1,2.0,0,4.0,1.0,13.0,8.0,1.0,12.0,1.0,1.0,1.4,1.0,0.0,0.0,0.0,0.0,1
1,1.0,1,4.0,1.0,13.0,8.0,1.0,13.0,1.0,1.0,1.1,1.0,0.0,0.0,0.0,0.0,1
1,1.0,0,4.0,1.0,0.0,9.0,1.0,12.0,1.0,1.0,3.9,1.0,0.0,0.0,0.0,0.0,1
1,1.0,0,4.0,1.0,0.0,5.0,1.0,13.0,1.0,1.0,2.5,1.0,0.0,0.0,0.0,0.0,0
1,1.0,0,4.0,1.0,0.0,2.0,1.0,12.0,1.0,1.0,1.7,1.0,0.0,0.0,0.0,1.0,0
0,1.0,0,4.0,1.0,4.0,7.0,1.0,12.0,1.0,1.0,1.4,1.0,0.0,0.0,0.0,0.0,1
1,1.0,1,5.0,1.0,4.0,10.0,1.0,0.0,1.0,2.0,0.0,1.0,0.0,0.0,0.0,3.0,0
1,1.0,1,5.0,1.0,13.0,11.0,1.0,12.0,1.0,1.0,2.2305264,1.0,0.0,0.0,0.0,0.0,1
1,1.0,0,4.0,1.0,4.0,11.0,2.0,12.0,1.0,1.0,1.6,1.0,0.0,0.0,0.0,0.0,0
1,1.0,1,5.0,1.0,11.0,5.0,2.0,8.0,1.0,1.0,0.0,1.0,0.0,0.0,0.0,0.0,1
1,1.0,1,5.0,1.0,10.0,1.0,2.0,0.0,1.0,1.0,0.9,1.0,0.0,0.0,0.0,0.0,1
0,1.0,0,4.0,1.0,13.0,4.0,1.0,12.0,1.0,1.0,1.4,1.0,0.0,0.0,0.0,0.0,1
1,2.0,0,5.0,1.0,1.0,10.0,1.0,13.0,1.0,1.0,1.7785856,1.0,0.0,0.0,0.0,0.0,1
1,1.0,0,4.0,1.0,1.0,6.0,1.0,12.0,1.0,1.0,2.2,1.0,0.0,0.0,0.0,0.0,1
1,1.0,0,4.0,1.0,10.0,1.0,1.0,13.0,1.0,1.0,0.9,1.0,0.0,0.0,0.0,0.0,1
1,1.0,0,4.0,1.0,16.0,7.0,1.0,12.0,1.0,1.0,0.0,1.0,4.0,11.0,379.0,0.0,1
1,1.0,1,4.0,1.0,13.0,6.0,2.0,13.0,1.0,1.0,1.7,1.0,0.0,0.0,0.0,0.0,1
1,1.0,0,4.0,1.0,13.0,12.0,2.0,13.0,1.0,1.0,0.9,1.0,0.0,0.0,0.0,0.0,1
1,1.0,0,4.0,1.0,0.0,2.0,1.0,12.0,1.0,1.0,1.2,1.0,0.0,0.0,0.0,0.0,1
1,1.0,0,4.0,1.0,20.0,5.0,2.0,6.0,1.0,1.0,1.8,1.0,0.0,0.0,0.0,0.0,1
1,1.0,1,5.0,1.0,13.0,8.0,1.0,9.0,1.0,1.0,0.0,1.0,4.0,11.0,379.0,0.0,1
1,1.0,0,4.0,1.0,22.0,9.0,2.0,7.0,1.0,1.0,86.3,1.0,0.0,0.0,0.0,0.0,1
1,1.0,0,1.0,1.0,22.0,2.0,2.0,13.0,1.0,1.0,2.2,1.0,4.0,7.0,379.0,0.0,1
0,1.0,0,4.0,1.0,7.0,5.0,2.0,9.0,1.0,1.0,0.0,1.0,0.0,0.0,0.0,0.0,1
1,1.0,1,5.0,1.0,13.0,5.0,1.0,13.0,1.0,1.0,0.4,1.0,0.0,0.0,0.0,0.0,1
0,1.0,0,4.0,1.0,11.0,7.0,1.0,12.0,5.0,1.0,1.4,1.0,0.0,0.0,0.0,0.0,1
1,1.0,1,4.0,1.0,16.0,9.0,1.0,12.0,5.0,1.0,0.0,1.0,4.0,11.0,379.0,0.0,1
1,1.0,0,4.0,1.0,0.0,5.0,1.0,13.0,1.0,1.0,1.2,1.0,0.0,0.0,0.0,0.0,1
1,1.0,1,5.0,1.0,22.0,2.0,1.0,13.0,1.0,1.0,2.8,1.0,0.0,0.0,0.0,0.0,1
1,1.0,1,5.0,1.0,12.0,5.0,1.0,14.0,1.0,1.0,0.0,1.0,0.0,0.0,0.0,0.0,1
1,1.0,0,4.0,1.0,10.0,1.0,2.0,13.0,1.0,1.0,0.6,1.0,0.0,0.0,0.0,0.0,1
0,1.0,1,5.0,1.0,13.0,4.0,2.0,12.0,5.0,1.0,1.5,1.0,0.0,0.0,0.0,0.0,1
1,1.0,0,4.0,1.0,14.0,7.0,1.0,12.0,1.0,1.0,1.2920214,1.0,0.0,0.0,0.0,0.0,1
1,1.0,0,5.0,1.0,13.0,4.0,2.0,12.0,1.0,1.0,1.6,1.0,0.0,0.0,0.0,0.0,1
1,1.0,0,5.0,1.0,0.0,5.0,2.0,13.0,1.0,1.0,0.5,1.0,0.0,0.0,0.0,0.0,1
1,1.0,1,6.0,1.0,13.0,5.0,2.0,12.0,1.0,1.0,0.4,1.0,0.0,0.0,0.0,0.0,1
1,2.0,0,4.0,1.0,13.0,2.0,1.0,3.0,1.0,1.0,86.3,1.0,0.0,0.0,0.0,0.0,1
0,1.0,1,5.0,1.0,13.0,8.0,2.0,8.0,5.0,1.0,0.0,1.0,0.0,0.0,0.0,0.0,1
1,1.0,1,5.0,1.0,14.0,3.0,2.0,10.0,1.0,1.0,0.4,1.0,0.0,0.0,0.0,0.0,1
1,1.0,1,5.0,1.0,22.0,4.0,1.0,13.0,5.0,1.0,2.9,1.0,0.0,0.0,0.0,0.0,1
1,1.0,1,5.0,1.0,11.0,4.0,2.0,4.0,1.0,1.0,1.5,1.0,0.0,0.0,0.0,0.0,1
1,1.0,0,4.0,1.0,10.0,6.0,1.0,13.0,1.0,1.0,1.1,1.0,0.0,0.0,0.0,0.0,1
1,1.0,1,5.0,1.0,16.0,2.0,1.0,12.0,1.0,1.0,4.3,1.0,0.0,0.0,0.0,0.0,1
0,1.0,0,4.0,1.0,22.0,10.0,2.0,11.0,1.0,1.0,1.4,1.0,0.0,0.0,0.0,0.0,1
1,1.0,0,4.0,1.0,13.0,6.0,2.0,0.0,1.0,1.0,0.0,1.0,0.0,0.0,0.0,0.0,1
0,1.0,1,5.0,1.0,14.0,4.0,1.0,13.0,1.0,1.0,1.1,1.0,0.0,0.0,0.0,0.0,1
1,1.0,1,7.0,1.0,13.0,9.0,1.0,14.0,1.0,1.0,2.3,1.0,0.0,0.0,0.0,0.0,1
1,1.0,0,4.0,1.0,16.0,3.0,2.0,7.0,1.0,1.0,1.9,1.0,0.0,0.0,0.0,0.0,1
1,1.0,1,6.0,1.0,4.0,11.0,2.0,9.0,1.0,1.0,1.7,1.0,0.0,0.0,0.0,0.0,1
1,1.0,0,4.0,1.0,13.0,11.0,1.0,4.0,1.0,1.0,2.2,1.0,0.0,0.0,0.0,0.0,1
1,2.0,0,4.0,1.0,13.0,8.0,1.0,13.0,1.0,1.0,3.4,1.0,0.0,0.0,0.0,0.0,1
1,1.0,1,5.0,1.0,13.0,4.0,2.0,12.0,1.0,1.0,0.8,1.0,0.0,0.0,0.0,0.0,1
1,1.0,0,4.0,1.0,13.0,5.0,1.0,12.0,1.0,1.0,2.8,1.0,0.0,0.0,0.0,0.0,1
1,1.0,0,4.0,1.0,0.0,5.0,1.0,12.0,1.0,1.0,2.9,1.0,0.0,0.0,0.0,0.0,1
1,1.0,0,4.0,1.0,16.0,12.0,1.0,13.0,1.0,1.0,86.3,1.0,0.0,0.0,0.0,0.0,1
0,1.0,0,5.0,1.0,8.0,8.0,1.0,13.0,1.0,1.0,1.6,1.0,0.0,0.0,0.0,0.0,1
0,1.0,1,5.0,1.0,13.0,11.0,1.0,11.0,1.0,1.0,0.1,1.0,0.0,6.0,0.0,0.0,0
0,2.0,1,5.0,1.0,13.0,6.0,1.0,12.0,1.0,1.0,1.4,1.0,0.0,0.0,0.0,0.0,1
1,1.0,0,5.0,1.0,0.0,12.0,1.0,13.0,1.0,1.0,1.0,1.0,3.0,11.0,176.6753,1.0,1
0,1.0,1,5.0,1.0,22.0,12.0,1.0,0.0,2.0,1.0,1.8,1.0,0.0,0.0,0.0,0.0,1
1,1.0,0,5.0,1.0,13.0,11.0,2.0,12.0,1.0,1.0,1.9,1.0,0.0,0.0,0.0,0.0,1
1,1.0,0,4.0,1.0,1.0,1.0,1.0,10.0,1.0,1.0,86.3,1.0,0.0,0.0,0.0,0.0,1
1,1.0,0,4.0,1.0,1.5930347,6.0,1.0,13.0,1.0,1.0,1.7,1.0,0.0,0.0,0.0,0.0,1
1,1.0,1,4.0,1.0,16.0,4.0,2.0,12.0,1.0,1.0,0.8,1.0,4.0,7.0,379.0,0.0,1
1,1.0,0,4.0,2.0,14.0,8.0,2.0,12.0,5.0,1.0,1.8,1.0,0.0,0.0,0.0,0.0,1
1,2.0,0,4.0,1.0,13.0,2.0,2.0,13.0,1.0,1.0,2.6,1.0,0.0,0.0,0.0,0.0,1
1,1.0,0,4.0,1.0,0.0,10.0,1.0,13.0,1.0,2.0,1.5,1.0,0.0,0.0,0.0,3.0,0
1,1.0,0,1.0,1.0,22.0,5.0,1.0,12.0,1.0,1.0,0.5,1.0,4.0,11.0,379.0,0.0,1
0,1.0,0,3.0,1.0,22.0,12.0,2.0,0.0,1.0,1.0,1.0,1.0,0.0,0.0,0.0,0.0,1
1,1.0,0,4.0,1.0,11.0,2.0,1.0,12.0,1.0,1.0,0.4,1.0,0.0,0.0,0.0,0.0,1
1,1.0,0,4.0,1.0,22.0,10.0,1.0,8.0,1.0,1.0,0.5,1.0,0.0,0.0,0.0,0.0,1
1,1.0,1,5.0,1.0,4.0,1.0,2.0,12.0,1.0,1.0,1.3,1.0,0.0,0.0,0.0,0.0,1
1,1.0,1,4.0,1.0,14.0,4.0,2.0,8.0,1.0,1.0,0.7,1.0,0.0,0.0,0.0,0.0,1
1,1.0,1,4.0,1.0,11.0,6.0,1.0,12.0,1.0,1.0,2.0,1.0,0.0,0.0,0.0,0.0,1
1,1.0,0,4.0,1.0,3.0,7.0,1.0,12.0,1.0,1.0,0.0,1.0,0.0,0.0,0.0,0.0,1
1,1.0,0,4.0,1.0,1.0,7.0,1.0,10.0,1.0,1.0,1.6,1.0,0.0,0.0,0.0,0.0,1
0,1.0,1,4.0,1.0,13.0,2.0,2.0,12.0,1.0,1.0,3.7,1.0,0.0,0.0,0.0,0.0,1
1,2.0,0,4.0,1.0,13.0,7.0,2.0,12.0,1.0,1.0,3.6,1.0,0.0,0.0,0.0,0.0,1
1,1.0,0,5.0,1.0,9.131074,12.0,2.0,0.0,1.0,1.0,0.4,1.0,0.0,0.0,0.0,0.0,1
1,1.0,1,5.0,1.0,12.0,6.0,1.0,12.0,1.0,1.0,0.7,1.0,0.0,0.0,0.0,0.0,1
1,1.0,0,4.0,1.0,13.0,2.0,1.0,12.0,1.0,1.0,0.0,1.0,0.0,0.0,0.0,0.0,0
0,1.0,1,5.0,1.0,13.0,9.0,1.0,13.0,1.0,1.0,1.3,1.0,0.0,0.0,0.0,0.0,1
0,1.0,1,5.0,1.0,13.0,9.0,2.0,9.0,1.0,1.0,2.3,1.0,0.0,0.0,0.0,0.0,1
1,1.0,0,4.0,1.0,10.0,12.0,2.0,12.0,1.0,1.0,1.5,1.0,0.0,0.0,0.0,0.0,1
0,1.0,1,6.0,1.0,17.74308,10.0,2.0,14.0,1.0,1.0,5.1,1.0,0.0,0.0,0.0,0.0,1
1,1.0,1,5.0,1.0,16.0,5.0,2.0,13.0,1.0,1.0,0.4,1.0,0.0,0.0,0.0,0.0,1
1,1.0,0,4.0,1.0,13.0,9.0,2.0,13.0,1.0,1.0,86.3,1.0,0.0,0.0,0.0,0.0,1
1,1.0,0,4.0,1.0,16.0,8.0,1.0,13.0,1.0,1.0,1.2,1.0,0.0,0.0,0.0,0.0,1
1,1.0,1,5.0,1.0,0.0,5.0,2.0,10.0,1.0,1.0,1.9,1.0,0.0,0.0,0.0,0.0,1
1,1.0,0,4.0,1.0,11.0,5.0,1.0,12.0,1.0,1.0,86.3,1.0,0.0,0.0,0.0,0.0,1
1,1.0,0,5.0,1.0,0.0,11.0,1.0,12.0,1.0,1.0,1.4,1.0,0.0,0.0,0.0,0.0,1
1,1.0,0,4.0,1.0,16.0,8.0,1.0,13.0,1.0,1.0,86.3,1.0,0.0,0.0,0.0,0.0,1
1,1.0,1,5.0,1.0,13.0,2.0,2.0,12.0,1.0,1.0,0.5,1.0,0.0,0.0,0.0,0.0,0
1,1.0,1,6.0,1.0,13.0,3.0,1.0,13.0,1.0,1.0,2.0,1.0,0.0,0.0,0.0,0.0,1
1,1.0,0,4.0,1.0,0.0,12.0,1.0,12.0,1.0,1.0,0.9,1.0,0.0,0.0,0.0,0.0,1
1,1.0,1,5.0,1.0,13.0,1.0,2.0,14.0,1.0,1.0,1.1,1.0,0.0,0.0,0.0,0.0,1
1,1.0,0,4.0,1.0,13.0,2.0,2.0,12.0,1.0,1.0,2.4,1.0,0.0,0.0,0.0,0.0,1
1,1.0,0,4.0,1.0,16.0,5.0,2.0,14.0,1.0,1.0,1.6,1.0,0.0,0.0,0.0,0.0,1
1,1.0,1,5.0,1.0,13.0,11.0,1.0,13.0,1.0,1.0,3.1,1.0,0.0,0.0,0.0,0.0,1
1,1.0,0,4.0,1.0,19.59688,5.0,2.0,13.0,1.0,1.0,0.5,1.0,0.0,0.0,0.0,0.0,1
1,2.0,0,4.0,1.0,20.0,1.0,1.0,14.0,1.0,1.0,3.5,1.0,0.0,0.0,0.0,0.0,1
1,1.0,1,5.0,1.0,14.0,5.0,2.0,12.0,1.0,1.0,1.5,1.0,0.0,0.0,0.0,0.0,1
1,1.0,0,4.0,1.0,13.0,7.0,2.0,14.0,1.0,1.0,1.7,1.0,0.0,0.0,0.0,0.0,1
1,1.0,1,5.0,1.0,6.0,3.0,1.0,12.0,1.0,1.0,1.6,1.0,0.0,0.0,0.0,0.0,1
1,2.0,1,5.0,1.0,13.0,5.0,1.0,13.0,1.0,1.0,0.6,1.0,0.0,0.0,0.0,0.0,1
1,1.0,0,4.0,1.0,12.0,4.0,1.0,0.0,1.0,1.0,1.6,1.0,0.0,0.0,0.0,0.0,1
1,1.0,0,4.0,1.0,22.0,7.0,1.0,12.0,1.0,1.0,0.9,1.0,0.0,0.0,0.0,0.0,1
1,1.0,1,5.0,1.0,16.0,5.0,1.0,12.0,1.0,1.0,86.3,1.0,0.0,0.0,0.0,0.0,1
1,1.0,0,4.0,1.0,0.0,8.0,2.0,12.0,1.0,1.0,0.9,1.0,0.0,0.0,0.0,0.0,1
1,1.0,0,4.0,1.0,6.0,6.0,1.0,12.0,1.0,1.0,1.3,1.0,3.0,6.0,263.0,0.0,1
1,1.0,0,5.0,1.0,0.0,11.0,2.0,13.0,1.0,1.0,1.0,1.0,0.0,0.0,0.0,0.0,1
1,1.0,0,5.0,1.0,1.0,4.0,2.0,12.0,1.0,1.0,1.4,1.0,0.0,0.0,0.0,0.0,1
0,1.0,1,5.0,1.0,11.0,7.0,1.0,13.0,1.0,1.0,1.9,1.0,0.0,0.0,0.0,0.0,1
1,1.0,0,4.0,1.0,0.0,5.0,1.0,2.0,1.0,1.0,2.4,1.0,0.0,0.0,0.0,0.0,1
1,1.0,0,4.0,1.0,22.0,3.0,1.0,0.0,1.0,1.0,2.6,1.0,4.0,11.0,379.0,0.0,1
1,1.0,0,4.0,1.0,14.0,7.0,2.0,13.0,1.0,1.0,2.4,1.0,0.0,0.0,0.0,0.0,1
1,1.0,1,4.0,1.0,16.0,7.0,1.0,12.0,1.0,1.0,1.0,1.0,0.0,0.0,0.0,0.0,1
1,1.0,1,5.0,1.0,13.0,5.0,1.0,13.0,1.0,1.0,4.2,1.0,0.0,0.0,0.0,0.0,1
1,1.0,1,5.0,1.0,10.0,8.0,1.0,12.0,1.0,1.0,0.0,1.0,0.0,0.0,0.0,0.0,1
1,1.0,0,1.0,1.0,16.0,12.0,1.0,0.0,1.0,1.0,1.9,1.0,0.0,0.0,0.0,0.0,1
1,1.0,1,5.0,1.0,13.0,9.0,1.0,14.0,1.0,1.0,86.3,1.0,0.0,0.0,0.0,0.0,1
0,1.0,0,6.0,1.0,3.0,7.0,1.0,13.0,1.0,1.0,6.120669,1.0,0.0,0.0,0.0,0.0,1
1,1.0,1,5.0,1.0,13.0,8.0,2.0,12.0,1.0,1.0,2.5,1.0,0.0,0.0,0.0,0.0,1
1,1.0,1,5.0,1.0,3.0,7.0,1.0,14.0,1.0,1.0,86.3,1.0,0.0,0.0,0.0,0.0,1
1,1.0,0,4.0,1.0,0.0,3.0,1.0,13.0,1.0,1.0,1.0,1.0,0.0,0.0,0.0,3.0,0
1,1.0,0,4.0,1.0,10.0,2.0,2.0,12.0,1.0,1.0,1.8,1.0,0.0,0.0,0.0,0.0,1
1,1.0,1,5.0,1.0,13.0,3.0,1.0,13.0,1.0,1.0,0.0,1.0,0.0,0.0,0.0,0.0,1
1,2.0,1,6.0,1.0,13.0,1.0,1.0,12.0,1.0,1.0,0.0,1.0,3.0,7.0,0.0,0.0,0
1,1.0,0,4.0,1.0,1.0,6.0,1.0,12.0,1.0,1.0,1.5,1.0,0.0,0.0,0.0,3.0,1
1,1.0,0,4.0,1.0,13.0,3.0,2.0,13.0,1.0,1.0,2.4,1.0,0.0,0.0,0.0,0.0,1
1,1.0,0,5.0,1.0,10.0,1.0,1.0,13.0,1.0,1.0,1.2,1.0,0.0,0.0,0.0,0.0,1
1,1.0,1,5.0,1.0,1.0,10.0,1.0,13.0,1.0,1.0,1.2,1.0,0.0,0.0,0.0,0.0,1
1,1.0,0,4.0,1.0,10.0,10.0,1.0,12.0,1.0,1.0,3.6,1.0,4.0,11.0,379.0,0.0,1
1,1.0,0,4.0,1.0,3.0,1.0,1.0,13.0,1.0,1.0,0.5,1.0,0.0,0.0,0.0,0.0,0
1,1.0,1,5.0,1.0,10.0,5.0,2.0,9.0,1.0,1.0,2.0,1.0,0.0,0.0,0.0,0.0,1
1,1.0,1,4.0,1.0,22.0,5.0,2.0,12.0,1.0,1.0,86.3,1.0,0.0,0.0,0.0,0.0,1
1,1.0,0,5.0,1.0,4.0,12.0,1.0,12.0,1.0,1.0,2.4,1.0,0.0,0.0,0.0,0.0,0
1,1.0,0,4.0,1.0,5.0,2.0,1.0,12.0,1.0,1.0,0.5,1.0,0.0,0.0,0.0,0.0,1
1,1.0,0,4.0,1.0,3.0,7.0,1.0,12.0,1.0,1.0,2.0,1.0,0.0,0.0,0.0,0.0,1
1,1.0,1,5.0,1.0,22.0,12.0,1.0,13.0,1.0,1.0,1.9,1.0,0.0,0.0,294.0,0.0,1
1,1.0,0,4.0,1.0,1.0,4.0,2.0,14.0,1.0,1.0,0.0,1.0,0.0,0.0,0.0,0.0,1
1,1.0,1,5.0,1.0,12.0,4.0,1.0,12.0,1.0,1.0,1.4,1.0,0.0,0.0,0.0,0.0,0
1,1.0,1,5.0,1.0,13.0,5.0,1.0,12.0,5.0,1.0,0.4,1.0,4.0,11.0,379.0,0.0,1
1,1.0,0,4.0,1.0,16.0,3.0,1.0,12.0,1.0,1.0,1.7,1.0,0.0,0.0,0.0,0.0,1
1,1.0,0,4.0,1.0,13.0,11.0,1.0,12.0,1.0,1.0,0.9,1.0,0.0,0.0,0.0,0.0,1
1,1.0,0,4.0,1.0,11.0,11.0,2.0,12.0,1.0,1.0,86.3,1.0,0.0,0.0,0.0,0.0,1
1,1.0,0,4.0,1.0,16.0,11.0,1.0,12.0,1.0,1.0,3.2,1.0,0.0,0.0,251.0,0.0,1
1,1.0,0,5.0,1.0,0.0,1.0,1.0,13.0,1.0,2.0,1.3,1.0,0.0,0.0,0.0,3.0,0
1,1.0,0,5.0,1.0,14.0,6.0,1.0,13.0,1.0,1.0,1.6,1.0,0.0,0.0,0.0,0.0,1
1,1.0,0,4.0,1.0,10.0,1.0,1.0,8.0,2.0,2.0,1.9,1.0,4.0,11.0,379.0,3.0,0
1,1.0,0,5.0,1.0,1.0,10.0,1.0,11.0,1.0,1.0,2.4,1.0,0.0,0.0,0.0,0.0,1
0,1.0,1,6.0,1.0,7.0,3.0,1.0,13.0,1.0,1.0,2.5,1.0,0.0,0.0,0.0,0.0,1
1,1.0,1,4.0,1.0,16.0,1.0,2.0,12.0,1.0,1.0,2.4,1.0,0.0,0.0,0.0,0.0,1
1,1.0,0,4.0,1.0,22.0,8.0,1.0,7.0,1.0,1.0,1.2647724,1.0,0.0,0.0,0.0,0.0,1
1,1.0,0,4.0,1.0,13.0,4.0,2.0,12.0,1.0,1.0,86.3,1.0,0.0,0.0,0.0,0.0,1
1,1.0,0,4.0,1.0,13.0,4.0,2.0,11.0,1.0,1.0,0.6,1.0,0.0,0.0,0.0,0.0,1
1,1.0,0,4.0,1.0,0.0,6.0,1.0,12.0,1.0,1.0,0.0,1.0,0.0,0.0,0.0,3.0,0
1,1.0,0,5.0,1.0,0.0,2.0,1.0,12.0,1.0,1.0,0.6,1.0,0.0,0.0,0.0,3.0,0
1,1.0,1,4.0,1.0,13.0,9.0,2.0,12.0,1.0,1.0,0.9,1.0,0.0,0.0,0.0,0.0,1
1,1.0,1,5.0,1.0,10.0,6.0,2.0,12.0,1.0,1.0,0.0,1.0,0.0,0.0,0.0,0.0,1
1,1.0,0,4.0,1.0,2.0,5.0,1.0,7.0,1.0,1.0,1.4,1.0,0.0,0.0,0.0,3.0,0
0,1.0,1,7.0,1.0,16.0,12.0,1.0,14.0,1.0,1.0,86.3,1.0,0.0,0.0,0.0,0.0,1
1,1.0,0,5.0,1.0,10.0,6.0,2.0,13.0,1.0,1.0,2.6,1.0,0.0,0.0,0.0,0.0,1
0,1.0,0,4.0,1.0,22.0,8.0,2.0,8.0,1.0,1.0,1.8,1.0,0.0,0.0,0.0,0.0,1
1,1.0,0,4.0,1.0,12.0,8.0,1.0,12.0,1.0,1.0,1.4,1.0,3.0,7.0,303.24094,0.0,1
1,1.0,1,4.0,1.0,16.0,6.0,1.0,14.0,1.0,1.0,0.9,1.0,0.0,0.0,0.0,0.0,1
1,1.0,1,5.0,1.0,6.0,3.0,1.0,13.0,1.0,1.0,1.0,1.0,0.0,0.0,0.0,0.0,0
1,1.0,1,5.0,1.0,16.0,9.0,1.0,6.0,1.0,1.0,0.0,1.0,4.0,7.0,379.0,0.0,1
1,1.0,0,4.0,1.0,5.0,2.0,1.0,0.0,1.0,1.0,86.3,1.0,0.0,0.0,0.0,0.0,1
1,1.0,0,5.0,1.0,10.0,3.0,2.0,12.0,1.0,1.0,1.7,1.0,0.0,0.0,0.0,0.0,1
0,1.0,0,4.0,1.0,22.0,1.0,1.0,13.0,1.0,1.0,1.1,1.0,0.0,0.0,0.0,0.0,1
1,1.0,1,5.0,1.0,6.0,5.0,2.0,4.0,2.0,1.0,1.0,1.0,0.0,0.0,0.0,0.0,1
1,1.0,1,5.0,1.0,13.0,1.0,2.0,13.0,1.0,1.0,1.4,1.0,0.0,0.0,0.0,0.0,1
1,1.0,1,5.0,1.0,13.0,1.0,1.0,12.0,1.0,1.0,0.0,1.0,0.0,0.0,0.0,0.0,1
0,1.0,1,5.0,1.0,4.0,1.0,1.0,6.0,1.0,1.0,0.9,1.0,0.0,0.0,0.0,0.0,0
1,1.0,1,5.0,1.0,12.0,1.0,1.0,13.0,1.0,1.0,1.8,1.0,0.0,0.0,0.0,0.0,1
0,1.0,0,4.0,1.0,0.0,3.0,1.0,12.0,1.0,1.0,86.3,1.0,0.0,0.0,0.0,0.0,1
1,2.0,1,5.0,1.0,6.0,7.0,1.0,12.0,1.0,1.0,0.9,1.0,0.0,0.0,0.0,0.0,0
1,1.0,1,5.0,1.0,16.0,5.0,1.0,14.0,1.0,1.0,86.3,1.0,0.0,0.0,0.0,0.0,1
1,1.0,1,4.0,1.0,10.0,8.0,2.0,12.0,1.0,1.0,0.6,1.0,0.0,0.0,0.0,0.0,1
1,1.0,1,5.0,1.0,13.0,6.0,2.0,13.0,1.0,1.0,2.3,1.0,0.0,0.0,0.0,0.0,1
1,1.0,0,4.0,1.0,2.0139656,11.0,2.0,13.0,1.0,1.0,0.7,1.0,3.0,2.0,223.28464,0.0,1
1,1.0,0,5.0,1.0,13.0,8.0,2.0,13.0,1.0,1.0,2.4,1.0,0.0,0.0,0.0,0.0,1
1,1.0,0,4.0,1.0,0.0,2.0,1.0,13.0,1.0,1.0,0.5,1.0,0.0,0.0,0.0,3.0,0
1,1.0,0,1.0,1.0,22.0,2.0,2.0,13.0,1.0,1.0,2.0,1.0,0.0,0.0,0.0,0.0,1
1,1.0,0,4.0,1.0,0.0,6.0,1.0,13.0,1.0,1.0,86.3,1.0,0.0,0.0,0.0,0.0,1
1,2.0,1,5.0,1.0,13.0,4.0,2.0,13.0,1.0,1.0,1.2,1.0,0.0,0.0,0.0,0.0,1
1,1.0,0,4.0,1.0,13.0,8.0,2.0,12.0,1.0,1.0,0.6,1.0,0.0,0.0,0.0,0.0,1
1,1.0,0,4.0,1.0,14.0,7.0,2.0,13.0,1.0,1.0,86.3,1.0,0.0,0.0,0.0,0.0,1
1,1.0,1,5.0,1.0,13.0,12.0,1.0,0.0,2.0,1.0,0.3,1.0,0.0,0.0,0.0,0.0,1
1,1.0,1,5.0,1.0,13.0,10.0,2.0,12.0,1.0,1.0,2.3818805,1.0,0.0,0.0,0.0,0.0,1
1,1.0,0,4.0,1.0,13.0,2.0,1.0,12.0,1.0,1.0,1.0,1.0,0.0,0.0,0.0,0.0,1
1,1.0,1,5.0,1.0,14.0,1.0,2.0,13.0,1.0,1.0,2.0,1.0,0.0,0.0,0.0,0.0,1
0,1.0,1,6.0,1.0,16.0,6.0,1.0,14.0,1.0,1.0,2.0,1.0,0.0,0.0,0.0,0.0,1
1,1.0,1,5.0,1.0,2.0,8.0,1.0,12.0,1.0,1.0,1.2,1.0,0.0,0.0,0.0,0.0,1
1,1.0,0,4.0,1.0,22.0,1.0,2.0,14.0,1.0,1.0,1.6,1.0,0.0,0.0,0.0,0.0,1
0,1.0,0,5.0,1.0,8.0,8.0,1.0,12.0,1.0,1.0,1.1,1.0,0.0,0.0,0.0,0.0,1
0,1.0,1,4.0,1.0,16.0,12.0,2.0,0.0,1.0,1.0,0.9,1.0,0.0,0.0,0.0,0.0,1
1,1.0,0,4.0,1.0,16.0,5.0,2.0,12.0,1.0,1.0,3.4,1.0,4.0,11.0,379.0,0.0,1
0,1.0,1,4.0,1.0,14.0,1.0,1.0,12.0,5.0,1.0,0.0,1.0,0.0,0.0,0.0,0.0,1
0,2.0,0,4.0,1.0,0.0,5.0,1.0,12.0,1.0,1.0,1.7,1.0,0.0,0.0,0.0,0.0,1
1,1.0,1,5.0,1.0,16.0,12.0,1.0,4.0,1.0,1.0,1.9,1.0,0.0,0.0,0.0,0.0,1
1,1.0,1,4.0,1.0,13.0,8.0,2.0,12.0,1.0,1.0,0.3,1.0,0.0,0.0,0.0,0.0,1
1,2.0,0,4.0,1.0,13.0,9.0,2.0,13.0,1.0,1.0,2.4,1.0,0.0,0.0,0.0,0.0,1
1,1.0,0,5.0,1.0,13.0,7.0,2.0,12.0,1.0,1.0,86.3,1.0,0.0,0.0,0.0,0.0,1
1,1.0,0,4.0,1.0,0.0,6.0,1.0,13.0,1.0,1.0,1.1,1.0,0.0,0.0,0.0,3.0,1
1,1.0,0,4.0,1.0,16.0,1.0,2.0,12.0,1.0,1.0,1.7,1.0,0.0,0.0,0.0,0.0,1
1,1.0,0,4.0,1.0,13.0,3.0,1.0,12.0,1.0,1.0,1.6,1.0,0.0,0.0,0.0,0.0,1
1,1.0,0,1.0,1.0,13.0,10.0,2.0,8.0,1.0,1.0,86.3,1.0,0.0,0.0,0.0,0.0,1
1,1.0,1,6.0,1.0,12.0,4.0,2.0,0.0,1.0,1.0,0.5,1.0,0.0,0.0,0.0,0.0,1
1,1.0,1,5.0,1.0,13.0,10.0,2.0,13.0,1.0,1.0,4.8,1.0,0.0,0.0,0.0,0.0,1
1,1.0,0,4.0,1.0,0.0,2.0,2.0,12.0,1.0,1.0,0.9,1.0,0.0,0.0,0.0,0.0,1
1,1.0,1,6.0,1.0,13.0,8.0,2.0,10.0,1.0,1.0,0.7,1.0,0.0,0.0,0.0,0.0,1
1,1.0,0,5.0,1.0,4.0,8.0,1.0,8.0,1.0,1.0,0.8,1.0,0.0,0.0,0.0,0.0,0
1,1.0,0,4.0,1.0,14.0,11.0,2.0,12.0,1.0,1.0,1.3,1.0,0.0,0.0,0.0,0.0,1
0,2.0,1,4.0,1.0,13.0,2.0,1.0,14.0,1.0,1.0,2.1,1.0,0.0,0.0,0.0,0.0,1
1,1.0,0,4.0,1.0,13.0,6.0,1.0,12.0,1.0,1.0,1.0,1.0,0.0,0.0,0.0,0.0,1
1,1.0,0,4.0,1.0,13.0,9.0,1.0,13.0,1.0,1.0,2.3,1.0,0.0,0.0,0.0,0.0,1
1,1.0,0,4.0,1.0,11.0,9.0,1.0,12.0,1.0,1.0,1.7,1.0,0.0,0.0,0.0,0.0,1
1,1.0,1,7.0,1.0,16.0,9.0,1.0,12.0,1.0,1.0,0.4,1.0,0.0,0.0,0.0,0.0,1
1,1.0,0,4.0,1.0,0.0,5.0,1.0,12.0,1.0,1.0,2.3,1.0,0.0,0.0,0.0,0.0,1
1,1.0,0,5.0,1.0,10.0,1.0,2.0,3.0607853,5.0,1.0,1.7,1.0,0.0,0.0,0.0,0.0,1
0,1.0,0,4.0,1.0,22.0,6.0,2.0,13.0,1.0,1.0,3.2,1.0,0.0,0.0,0.0,0.0,1
1,1.0,0,1.0,1.0,14.0,8.0,2.0,8.0,1.0,1.0,0.9,1.0,0.0,0.0,0.0,0.0,1
1,1.0,0,4.0,1.0,10.0,3.0,1.0,13.0,1.0,1.0,1.5,1.0,0.0,0.0,0.0,0.0,0
1,1.0,1,6.0,1.0,22.0,6.0,1.0,13.0,1.0,1.0,3.3,1.0,0.0,0.0,0.0,0.0,1
1,1.0,1,5.0,1.0,0.0,12.0,1.0,12.0,1.0,1.0,0.9,1.0,0.0,0.0,0.0,0.0,1
1,1.0,0,4.0,1.0,11.0,12.0,2.0,6.0,1.0,1.0,1.8,1.0,0.0,0.0,0.0,0.0,1
1,2.0,1,4.0,1.0,17.726505,6.0,1.0,13.0,1.0,1.0,2.1,1.0,3.0,11.0,379.0,0.0,1
1,1.0,1,5.0,1.0,20.0,2.0,1.0,12.0,1.0,1.0,86.3,1.0,0.0,0.0,0.0,0.0,1
1,1.0,0,4.0,1.0,13.0,12.0,2.0,6.0,1.0,1.0,1.1,1.0,0.0,0.0,0.0,0.0,1
1,1.0,0,5.0,1.0,0.0,7.0,1.0,13.0,1.0,1.0,1.4,1.0,0.0,0.0,0.0,0.0,1
1,1.0,1,5.0,1.0,13.0,8.0,1.0,13.0,1.0,1.0,0.8,1.0,0.0,0.0,0.0,0.0,1
1,1.0,0,4.0,1.0,2.0,1.0,1.0,13.0,1.0,1.0,0.0,1.0,0.0,0.0,0.0,0.0,0
1,1.0,0,5.0,1.0,0.0,3.0,1.0,7.0,1.0,1.0,0.5,1.0,0.0,0.0,0.0,0.0,1
1,1.0,0,5.0,1.0,11.0,3.0,1.0,12.0,1.0,1.0,0.9,1.0,0.0,0.0,0.0,0.0,1
1,1.0,1,5.0,1.0,11.0,5.0,2.0,12.0,1.0,1.0,1.7,1.0,0.0,0.0,0.0,0.0,1
0,1.0,0,4.0,1.0,10.0,12.0,1.0,10.0,1.0,1.0,1.1,1.0,0.0,0.0,0.0,0.0,1
0,1.0,0,5.0,1.0,0.0,5.0,1.0,12.0,1.0,1.0,1.6,1.0,0.0,0.0,0.0,0.0,1
1,1.0,0,4.0,1.0,11.0,7.0,1.0,12.0,1.0,1.0,0.0,1.0,0.0,0.0,0.0,0.0,1
1,1.0,0,4.0,1.0,14.0,1.0,1.0,13.0,1.0,1.0,0.4,1.0,0.0,0.0,0.0,0.0,1
0,2.0,1,4.0,1.0,16.0,10.0,1.0,12.0,1.0,1.0,86.3,1.0,0.0,0.0,0.0,0.0,1
1,1.0,0,4.0,1.0,1.0,12.0,1.0,14.0,1.0,1.0,86.3,1.0,0.0,0.0,0.0,0.0,1
1,1.0,1,4.0,1.0,13.0,6.501375,1.0,13.0,1.0,1.0,1.5,1.0,0.0,0.0,0.0,0.0,1
1,1.0,0,1.0,1.0,12.0,10.0,2.0,12.0,1.0,1.0,1.7,1.0,4.0,11.0,379.0,0.0,1
0,1.0,0,5.0,1.0,0.0,12.0,1.0,13.0,1.0,1.0,9.746917,1.0,0.0,0.0,0.0,0.0,1
1,1.0,1,5.0,1.0,13.0,1.0,1.0,12.0,2.0,1.0,0.9,1.0,0.0,0.0,0.0,0.0,1
1,1.0,1,5.0,1.0,20.0,2.0,2.0,13.0,1.0,1.0,1.1,1.0,0.0,0.0,0.0,0.0,1
1,1.0,0,4.0,1.0,10.0,12.0,1.0,10.0,1.0,1.0,1.2,1.0,0.0,0.0,0.0,0.0,1
1,1.0,0,4.0,1.0,0.0,8.0,1.0,13.0,1.0,1.0,3.4958653,1.0,0.0,0.0,0.0,3.0,0
1,1.0,0,1.0,1.0,16.0,12.0,2.0,0.0,1.0,1.0,0.6,1.0,0.0,0.0,0.0,0.0,1
1,1.0,1,5.0,1.0,0.0,8.0,2.0,12.0,1.0,1.0,0.0,1.0,0.0,0.0,0.0,0.0,1
0,1.0,1,4.0,1.0,13.0,5.0,1.0,0.0,1.0,1.0,0.8,1.0,0.0,0.0,0.0,0.0,1
1,1.0,0,4.0,1.0,14.0,1.0,2.0,0.0,1.0,1.0,1.5,1.0,0.0,0.0,0.0,0.0,1
1,1.0,0,4.0,1.0,4.0,5.0,1.0,13.0,1.0,1.0,1.6,1.0,0.0,7.0,0.0,0.0,1
1,1.0,0,4.0,1.0,16.0,10.0,1.0,13.0,1.0,1.0,1.6,1.0,0.0,0.0,0.0,0.0,1
1,1.0,1,5.0,1.0,10.0,5.0,2.0,12.0,1.0,1.0,0.0,1.0,0.0,0.0,0.0,0.0,1
1,1.0,0,4.0,1.0,13.0,12.0,1.0,0.0,1.0,1.0,1.9,1.0,0.0,0.0,0.0,0.0,1
1,1.0,0,4.0,1.0,15.0,7.0,1.0,12.0,1.0,1.0,0.9,1.0,0.0,0.0,0.0,0.0,1
1,2.0,1,5.0,1.0,13.0,7.0,1.0,13.0,1.0,1.0,1.0,1.0,0.0,0.0,0.0,0.0,1
1,1.0,0,4.0,1.0,13.0,12.0,1.0,12.0,1.0,1.0,1.7,1.0,0.0,0.0,0.0,0.0,1
1,1.0,0,4.0,1.0,0.0,1.0,1.0,13.0,1.0,1.0,0.9,1.0,0.0,0.0,0.0,1.0,1
0,1.0,1,5.0,1.0,16.0,1.0,2.0,13.0,1.0,1.0,0.7,1.0,0.0,0.0,0.0,0.0,1
1,1.0,1,4.0,1.0,13.0,7.0,2.0,12.0,1.0,1.0,86.3,1.0,0.0,0.0,0.0,0.0,1
1,1.0,0,4.0,1.0,3.0,8.0,1.0,12.0,1.0,1.0,1.1,1.0,0.0,0.0,0.0,0.0,1
1,1.0,0,4.0,1.0,13.0,4.0,2.0,12.0,1.0,1.0,0.5,1.0,3.0,7.0,294.0,0.0,1
1,1.0,0,4.0,1.0,22.0,1.0,1.0,12.0,1.0,1.0,1.3,1.0,0.0,0.0,0.0,0.0,1
1,1.0,0,5.0,1.0,2.0,1.0,1.0,12.0,5.0,1.0,1.7,1.0,0.0,0.0,0.0,0.0,0
1,1.0,0,4.0,1.0,13.0,9.0,2.0,9.0,1.0,1.0,1.3,1.0,0.0,0.0,0.0,0.0,1
1,1.0,0,4.0,1.0,1.0,5.0,1.0,12.0,1.0,1.0,1.1,1.0,0.0,0.0,0.0,0.0,1
1,1.0,0,4.0,1.0,13.0,8.0,1.0,13.0,1.0,1.0,0.9,1.0,0.0,0.0,0.0,0.0,1
1,1.0,0,4.0,1.0,22.0,4.0,2.0,14.0,1.0,1.0,0.9,1.0,0.0,0.0,0.0,0.0,1
1,1.0,0,4.0,1.0,10.0,3.0,1.0,13.0,1.0,1.0,1.3,1.0,0.0,0.0,0.0,0.0,0
1,1.0,0,4.0,1.0,22.0,2.0,1.0,12.0,1.0,1.0,0.0,1.0,4.0,11.0,379.0,0.0,1
1,1.0,0,4.0,1.0,11.0,10.0,1.0,12.0,1.0,1.0,1.5,1.0,0.0,0.0,0.0,0.0,1
1,1.0,1,5.0,1.0,11.0,7.0,2.0,13.0,1.0,1.0,0.0,1.0,0.0,0.0,0.0,0.0,1
1,1.0,0,4.0,1.0,3.0,1.0,1.0,13.0,1.0,1.0,0.0,1.0,0.0,0.0,0.0,0.0,0
1,1.0,0,5.0,1.0,13.0,3.6240277,1.0,4.0,1.0,1.0,3.1,1.0,0.0,0.0,0.0,0.0,1
1,1.0,0,4.0,1.0,22.0,7.0,2.0,7.0,1.0,1.0,0.2,1.0,0.0,0.0,0.0,0.0,1
1,1.0,1,5.0,1.0,11.0,1.0,1.0,13.0,1.0,1.0,0.9,1.0,0.0,0.0,0.0,0.0,1
1,1.0,1,6.0,1.0,20.0,1.0,1.0,13.0,1.0,1.0,1.6,1.0,0.0,0.0,0.0,0.0,1
1,1.0,0,4.0,1.0,5.0,4.0,1.0,12.0,1.0,1.0,86.3,1.0,0.0,0.0,0.0,0.0,1
1,1.0,0,4.0,1.0,10.0,5.0,2.0,12.0,1.0,1.0,1.8,1.0,0.0,0.0,0.0,0.0,1
1,1.0,1,5.0,1.0,16.0,9.0,1.0,13.0,1.0,1.0,86.3,1.0,0.0,0.0,0.0,0.0,1
1,1.0,1,5.0,1.0,16.0,4.0,1.0,13.0,1.0,1.0,2.5,1.0,0.0,0.0,0.0,0.0,1
1,1.0,1,4.0,1.0,0.0,7.0,1.0,12.0,1.0,1.0,1.4,1.0,0.0,0.0,0.0,0.0,0
1,1.0,0,5.0,1.0,11.0,1.0,1.0,12.0,1.0,1.0,0.0,1.0,0.0,0.0,0.0,0.0,1
1,1.0,1,5.0,1.0,5.0,4.0,2.0,4.0,1.0,1.0,0.0,1.0,0.0,0.0,0.0,0.0,1
1,1.0,1,5.0,1.0,16.0,12.0,1.0,13.0,1.0,1.0,0.5,1.0,0.0,0.0,0.0,0.0,1
1,1.0,1,5.0,1.0,16.0,7.0,1.0,8.1959915,1.0,1.0,0.4,1.0,0.0,0.0,0.0,0.0,1
1,2.0,0,4.0,1.0,3.0,7.0,1.0,13.0,1.0,4.0,86.3,1.0,0.0,0.0,0.0,3.0,0
1,1.0,0,4.0,1.0,4.0,12.0,1.0,9.0,1.0,1.0,3.2,1.0,0.0,0.0,0.0,0.0,1
1,1.0,0,4.0,1.0,13.0,2.0,1.0,11.0,1.0,1.0,86.3,1.0,4.0,11.0,379.0,0.0,1
1,1.0,0,1.0,1.0,22.0,5.0,1.0,0.0,1.0,1.0,1.9,1.0,0.0,0.0,0.0,0.0,1
1,1.0,1,4.0,1.0,13.0,7.0,2.0,13.0,1.0,1.0,0.0,1.0,0.0,0.0,0.0,0.0,1
1,1.0,1,5.0,1.0,16.0,6.0,1.0,13.0,1.0,1.0,2.8,1.0,0.0,0.0,0.0,0.0,1
1,1.0,0,4.0,1.0,10.0,1.0,1.0,12.0,2.0,1.0,1.4,1.0,0.0,0.0,0.0,0.0,1
1,1.0,0,4.0,1.0,0.0,3.0,1.0,12.0,1.0,1.0,2.0,1.0,0.0,0.0,0.0,3.0,0
1,1.0,0,4.0,1.0,0.0,1.0,1.0,12.0,1.0,1.0,86.3,1.0,0.0,0.0,0.0,0.0,1
1,1.0,0,5.0,1.0,9.0,7.0,2.0,13.0,1.0,1.0,1.7,1.0,0.0,0.0,0.0,0.0,1
0,1.0,1,5.0,1.0,16.0,12.0,1.0,12.0,1.0,1.0,1.5,1.0,0.0,0.0,0.0,0.0,1
1,1.0,0,4.0,1.0,13.0,5.0,2.0,12.0,1.0,1.0,2.2,1.0,0.0,0.0,0.0,0.0,1
0,1.0,0,4.0,1.0,13.0,12.0,2.0,13.0,1.0,1.0,1.5,1.0,0.0,0.0,0.0,0.0,1
1,1.0,0,4.0,1.0,13.0,6.0,2.0,12.0,1.0,1.0,1.0,1.0,0.0,0.0,0.0,0.0,1
0,1.0,0,4.0,1.0,11.0,1.0,2.0,0.0,1.0,1.0,86.3,1.0,0.0,0.0,0.0,0.0,1
1,1.0,0,4.0,1.0,10.0,5.0,2.0,12.0,1.0,1.0,1.2,1.0,0.0,0.0,0.0,0.0,1
0,1.0,0,4.0,1.0,13.0,8.0,2.0,5.0,1.0,1.0,0.6,1.0,0.0,0.0,0.0,0.0,1
1,1.0,1,4.0,1.0,3.0,9.0,2.0,14.0,1.0,1.0,1.6,1.0,0.0,0.0,0.0,0.0,1
1,1.0,1,7.0,1.0,22.0,2.0,2.0,13.0,1.0,1.0,2.6,1.0,0.0,0.0,0.0,0.0,1
1,1.0,0,4.0,1.0,10.0,7.0,2.0,13.0,1.0,1.0,1.2,1.0,0.0,0.0,0.0,0.0,1
1,1.0,1,5.0,1.0,4.0,9.0,1.0,13.0,1.0,1.0,2.2,1.0,0.0,0.0,0.0,0.0,1
1,1.0,0,5.0,1.0,7.0,1.0,1.0,12.0,1.0,1.0,1.7,1.0,0.0,0.0,0.0,0.0,1
1,1.0,0,4.0,1.0,1.0,7.0,1.0,12.0,1.0,1.0,0.7,1.0,0.0,0.0,0.0,0.0,0
1,1.0,1,5.0,1.0,1.0,12.0,2.0,14.0,1.0,1.0,2.0099313,1.0,0.0,0.0,0.0,0.0,1
0,1.0,0,4.0,1.0,16.0,12.0,2.0,7.0,1.0,1.0,86.3,1.0,0.0,0.0,0.0,0.0,1
1,1.0,0,4.0,1.0,11.0,12.0,1.0,12.0,1.0,1.0,0.8,1.0,0.0,0.0,0.0,0.0,1
1,1.0,1,6.0,1.0,13.0,5.0,1.0,12.0,1.0,1.0,0.4,1.0,0.0,0.0,0.0,0.0,1
1,1.0,0,4.0,1.0,22.0,2.0,2.0,13.0,1.0,1.0,0.5,1.0,0.0,0.0,0.0,0.0,1
1,1.0,0,4.0,1.0,0.0,3.0,1.0,13.0,1.0,1.0,2.7,1.0,0.0,0.0,0.0,0.0,1
1,1.0,1,4.0,1.0,0.0,5.0,1.0,13.0,1.0,1.0,3.5,1.0,0.0,0.0,0.0,3.0,1
1,1.0,1,4.0,1.0,14.0,8.0,1.0,0.0,5.0,1.0,0.6,1.0,0.0,0.0,0.0,0.0,1
1,1.0,0,2.0,1.0,13.0,7.0,1.0,0.0,1.0,1.0,3.4,1.0,0.0,0.0,0.0,0.0,1
1,1.0,0,5.0,1.0,13.0,10.0,2.0,12.0,1.0,1.0,0.9,1.0,0.0,0.0,0.0,0.0,1
1,1.0,0,5.0,1.0,6.0,11.0,1.0,13.0,1.0,1.0,14.495481,1.0,0.0,0.0,0.0,0.0,1
1,1.0,1,6.0,1.0,13.0,3.0,2.0,7.0,1.0,1.0,0.8,1.0,0.0,0.0,0.0,0.0,1
0,1.0,0,4.0,1.0,16.0,12.0,2.0,3.0,1.0,1.0,1.4,1.0,0.0,0.0,0.0,0.0,1
1,1.0,0,4.0,1.0,22.0,11.0,2.0,9.0,1.0,1.0,1.2349768,1.0,0.0,0.0,0.0,0.0,1
1,1.0,0,4.0,1.0,13.0,12.0,1.0,3.0,1.0,1.0,0.8,1.0,0.0,0.0,0.0,0.0,1
1,1.0,0,4.0,1.0,16.0,6.0,1.0,13.0,1.0,1.0,86.3,1.0,0.0,0.0,0.0,0.0,1
1,1.0,0,4.0,2.0,13.0,6.0,2.0,13.0,1.0,1.0,1.0,1.0,0.0,0.0,0.0,0.0,1
0,1.0,1,5.0,1.0,13.0,9.0,1.0,13.0,1.0,1.0,4.0,1.0,0.0,0.0,0.0,0.0,1
0,2.0,0,4.0,1.0,15.0,1.0,2.0,14.0,1.0,1.0,2.6,1.0,0.0,0.0,0.0,0.0,1
1,1.0,0,4.0,1.0,13.0,6.0,1.0,12.0,1.0,1.0,0.0,1.0,0.0,0.0,0.0,0.0,1
1,1.0,0,4.0,1.0,3.0,7.0,2.0,13.0,1.0,1.0,1.1,1.0,0.0,0.0,0.0,0.0,1
1,1.0,0,5.0,1.0,11.0,8.0,1.0,13.0,1.0,1.0,1.6,1.0,0.0,0.0,0.0,0.0,1
1,1.0,0,1.0,1.0,13.0,10.0,2.0,12.0,1.0,1.0,0.4947102,1.0,0.0,0.0,0.0,0.0,1
0,1.0,1,4.0,1.0,16.0,12.0,2.0,0.0,1.0,1.0,2.6,1.0,0.0,0.0,0.0,0.0,1
0,1.0,0,4.0,1.0,11.0,7.0,2.0,13.0,1.0,1.0,1.5,1.0,0.0,0.0,0.0,0.0,1
1,1.0,1,4.0,1.0,10.0,2.0,1.0,13.0,1.0,1.0,0.9,1.0,0.0,0.0,0.0,0.0,1
1,1.0,0,4.0,1.0,11.0,4.0,2.0,1.0,1.0,1.0,4.5,1.0,0.0,0.0,0.0,0.0,1
1,1.0,0,4.0,1.0,13.0,5.0,1.0,12.0,1.0,1.0,0.9,1.0,0.0,0.0,0.0,0.0,1
1,1.0,1,5.0,1.0,22.0,4.0,1.0,12.0,1.0,1.0,86.3,1.0,0.0,0.0,0.0,0.0,1
1,1.0,0,4.0,1.0,6.0,4.0,2.0,0.0,1.0,1.0,0.0,1.0,0.0,0.0,0.0,0.0,1
1,1.0,0,4.0,1.0,10.0,5.0,1.0,12.0,1.0,1.0,0.8,1.0,0.0,0.0,0.0,0.0,1
1,1.0,0,4.0,1.0,13.0,1.0,2.0,12.0,1.0,1.0,1.5,1.0,0.0,0.0,0.0,0.0,1
0,1.0,0,5.0,1.0,11.0,6.0,2.0,12.0,1.0,1.0,1.0,1.0,0.0,0.0,0.0,0.0,1
1,1.0,0,5.0,1.0,0.0,8.0,1.0,12.0,1.0,1.0,1.6,1.0,0.0,0.0,0.0,3.0,0
1,1.0,1,4.0,1.0,13.0,11.0,1.0,13.0,1.0,1.0,1.5,1.0,0.0,0.0,0.0,0.0,1
1,1.0,0,4.0,1.0,16.0,2.0,2.0,13.0,1.0,1.0,3.2,1.0,0.0,0.0,0.0,0.0,1
1,1.0,0,4.0,1.0,11.0,4.0,2.0,13.0,1.0,1.0,2.3,1.0,0.0,0.0,0.0,0.0,1
1,1.0,0,4.0,1.0,1.0,3.0,1.0,12.0,1.0,1.0,0.6,1.0,0.0,0.0,0.0,3.0,0
0,2.0,1,5.0,1.0,22.0,7.0,2.0,13.0,1.0,1.0,86.3,1.0,0.0,0.0,0.0,0.0,1
1,1.0,0,4.0,1.0,0.0,4.0,1.0,13.0,1.0,2.0,2.8,1.0,0.0,0.0,0.0,3.0,1
1,1.0,0,4.0,1.0,10.0,10.0,2.0,13.0,1.0,1.0,1.5,1.0,0.0,0.0,0.0,0.0,1
1,1.0,0,4.0,1.0,13.0,7.0,2.0,13.0,1.0,1.0,3.9,1.0,0.0,0.0,0.0,0.0,1
1,1.0,0,5.0,1.0,14.0,4.0,2.0,11.0,1.0,1.0,86.3,1.0,0.0,0.0,0.0,0.0,1
0,2.0,0,4.0,1.0,13.0,5.0,1.0,10.0,1.0,1.0,0.6,1.0,0.0,0.0,0.0,0.0,1
1,1.0,1,4.0,1.0,13.0,7.0,1.0,12.0,5.0,1.0,0.0,1.0,0.0,0.0,0.0,0.0,1
1,1.0,1,5.0,1.0,14.0,2.0,2.0,13.0,1.0,1.0,1.7,1.0,0.0,0.0,0.0,0.0,1
1,1.0,0,4.0,1.0,12.0,4.0,2.0,13.0,1.0,1.0,1.1,1.0,0.0,0.0,0.0,0.0,1
0,1.0,1,5.0,1.0,13.0,7.0,1.0,0.0,1.0,1.0,1.9,1.0,0.0,0.0,0.0,0.0,1
1,1.0,1,5.0,1.0,13.0,2.0,1.0,13.0,1.0,1.0,1.8,1.0,0.0,0.0,0.0,0.0,1
1,1.0,0,4.0,1.0,6.0,2.0,1.0,13.0,1.0,1.0,2.5,1.0,0.0,0.0,0.0,0.0,1
1,1.0,0,5.0,1.0,22.0,3.0,1.0,13.0,1.0,1.0,0.8,1.0,0.0,0.0,0.0,0.0,1
1,1.0,0,4.0,1.0,13.0,5.0,2.0,13.0,1.0,1.0,1.1,1.0,0.0,0.0,0.0,0.0,1
1,1.0,0,4.0,1.0,13.0,5.0,2.0,14.0,1.0,1.0,0.0,1.0,0.0,0.0,0.0,0.0,1
1,1.0,1,4.0,1.0,10.0,6.0,1.0,11.0,1.0,1.0,1.6,1.0,4.0,11.0,379.0,0.0,1
1,1.0,0,4.0,1.0,0.0,1.0,1.0,12.0,1.0,1.0,1.6,1.0,0.0,0.0,0.0,3.0,0
0,1.0,0,5.0,1.0,13.0,1.0,2.0,13.0,2.0,1.0,1.8,1.0,0.0,0.0,0.0,0.0,1
0,1.0,1,4.0,1.0,16.0,9.0,2.0,13.0,1.0,1.0,0.3,1.0,0.0,0.0,0.0,0.0,1
1,1.0,0,4.0,1.0,4.0,1.0,1.0,12.0,1.0,1.0,2.5,1.0,0.0,0.0,0.0,0.0,1
1,1.0,0,4.0,1.0,13.0,12.0,1.0,12.0,1.0,1.0,1.7,1.0,4.0,11.0,379.0,0.0,1
1,1.0,1,6.0,1.0,11.0,2.0,2.0,12.0,1.0,1.0,0.2,1.0,0.0,0.0,0.0,0.0,1
1,1.0,0,4.0,1.0,13.0,1.0,2.0,13.0,1.0,1.0,2.2,1.0,0.0,0.0,0.0,0.0,1
0,1.0,1,5.0,1.0,10.0,2.0,2.0,0.0,1.0,1.0,1.7,1.0,0.0,0.0,0.0,0.0,1
1,1.0,1,5.0,1.0,10.0,1.0,1.0,12.0,1.0,1.0,0.9,1.0,0.0,0.0,0.0,0.0,1
0,1.0,1,4.0,2.0,13.0,12.0,2.0,6.0,5.0,1.0,1.6,1.0,0.0,0.0,0.0,0.0,1
1,1.0,0,4.0,1.0,16.0,5.0,1.0,0.0,1.0,1.0,86.3,1.0,0.0,0.0,0.0,0.0,1
1,2.0,1,4.0,1.0,16.0,6.0,1.0,13.0,1.0,1.0,2.5,1.0,0.0,0.0,0.0,0.0,1
1,1.0,1,5.0,1.0,11.0,2.0,1.0,13.0,5.0,1.0,0.0,1.0,0.0,0.0,0.0,0.0,0
1,1.0,0,5.0,1.0,0.0,5.0,1.0,10.0,1.0,1.0,1.0,1.0,0.0,0.0,0.0,0.0,1
0,1.0,0,4.0,1.0,13.0,4.0,1.0,13.0,1.0,1.0,1.8,1.0,0.0,0.0,0.0,0.0,1
1,1.0,1,4.0,1.0,13.0,2.0,2.0,12.0,1.0,1.0,2.2,1.0,0.0,0.0,0.0,0.0,1
1,1.0,0,4.0,1.0,13.0,1.0,2.0,13.0,1.0,1.0,0.7,1.0,0.0,0.0,0.0,0.0,1
1,1.0,1,6.0,1.0,16.0,11.0,1.0,13.0,1.0,1.0,0.8,1.0,0.0,0.0,0.0,0.0,1
1,1.0,1,5.0,1.0,22.0,2.0,1.0,12.0,1.0,1.0,2.2,1.0,0.0,0.0,0.0,0.0,1
1,2.0,1,4.0,1.0,16.0,6.0,1.0,12.0,1.0,1.0,2.0905004,1.0,0.0,0.0,0.0,0.0,1
1,1.0,0,4.0,1.0,9.0,6.0,2.0,13.0,1.0,1.0,0.9,1.0,0.0,0.0,0.0,0.0,1
1,1.0,1,5.0,1.0,3.0,5.0,1.0,12.0,1.0,1.0,0.0,1.0,0.0,0.0,0.0,0.0,0
1,1.0,0,4.0,1.0,13.0,5.0,2.0,10.0,1.0,1.0,1.9,1.0,0.0,0.0,0.0,0.0,1
1,1.0,1,4.0,1.0,13.0,11.0,1.0,12.0,1.0,1.0,0.9567688,1.0,4.0,11.0,379.0,0.0,1
1,1.0,1,4.3152266,1.0,11.0,8.0,1.0,13.0,1.0,1.0,1.3,1.0,0.0,0.0,0.0,0.0,1
1,1.0,0,5.0,1.0,4.0,6.0,1.0,12.0,1.0,1.0,1.0,1.0,0.0,0.0,0.0,0.0,0
1,1.0,0,4.0,1.0,13.0,8.0,1.0,13.0,5.0,1.0,2.1,1.0,4.0,11.0,379.0,0.0,1
1,1.0,0,1.0,1.0,22.0,1.0,2.0,12.0,1.0,1.0,3.1,1.0,0.0,0.0,0.0,0.0,1
1,1.0,0,1.0,1.0,22.0,3.0,1.0,12.0,1.0,1.0,0.5,1.0,0.0,0.0,0.0,0.0,1
0,2.0,0,4.0,1.0,11.0,4.0,2.0,14.0,1.0,1.0,3.3,1.0,0.0,0.0,0.0,0.0,1
1,1.0,0,4.0,1.0,13.0,1.0,1.0,12.0,1.0,1.0,3.6370504,1.0,0.0,0.0,0.0,0.0,1
1,1.0,1,5.0,1.0,16.0,12.0,1.0,10.0,1.0,1.0,1.5,1.0,0.0,0.0,0.0,0.0,1
1,1.0,0,4.0,1.0,9.0,4.0,2.0,12.0,1.0,1.0,3.2,1.0,0.0,0.0,0.0,0.0,1
0,1.0,1,4.0,1.0,20.0,10.0,1.0,0.0,1.0,1.0,2.2,1.0,0.0,0.0,0.0,0.0,1
1,1.0,0,5.0,1.0,4.0,12.0,1.0,11.0,1.0,1.0,0.2,1.0,0.0,0.0,0.0,0.0,1
1,1.0,0,4.0,1.0,14.0,5.0,1.0,13.0,5.0,1.0,0.0,1.0,0.0,0.0,0.0,0.0,1
1,2.0,1,5.0,1.0,13.0,7.0,1.0,13.0,1.0,2.0,1.3,1.0,0.0,0.0,0.0,0.0,0
1,1.0,0,4.0,1.0,10.0,1.0,1.0,8.0,1.0,1.0,2.0,1.0,4.0,11.0,379.0,3.0,0
1,1.0,0,4.0,1.0,14.0,2.0,2.0,13.0,1.0,1.0,0.0,1.0,4.0,2.0,379.0,0.0,1
1,1.0,0,4.0,1.0,13.0,1.0,1.0,13.0,1.0,1.0,0.4,1.0,0.0,0.0,0.0,0.0,1
1,1.0,1,6.0,1.0,14.0,6.0,2.0,13.0,1.0,1.0,3.0,1.0,0.0,0.0,0.0,0.0,1
1,1.0,0,4.0,1.0,4.0,10.0,2.0,13.0,1.0,1.0,0.9,1.0,0.0,0.0,0.0,0.0,1
1,1.0,0,5.0,1.0,0.0,1.0,1.0,10.0,1.0,4.0,0.0,1.0,0.0,0.0,0.0,3.0,0
1,1.0,1,5.0,1.0,10.0,6.0,1.0,10.0,1.0,1.0,2.5,1.0,0.0,0.0,0.0,0.0,1
1,1.0,0,5.0,1.0,8.0,12.0,1.0,13.0,1.0,1.0,1.4,1.0,0.0,0.0,0.0,0.0,1
1,1.0,0,4.0,1.0,4.0,12.0,1.0,12.0,1.0,1.0,2.7,1.0,0.0,0.0,0.0,0.0,1
1,1.0,1,5.0,1.0,11.0,12.0,2.0,13.0,1.0,1.0,86.3,1.0,0.0,0.0,0.0,0.0,1
1,1.0,0,4.0,1.0,0.0,4.0,1.0,12.0,1.0,1.0,1.2,1.0,0.0,0.0,0.0,0.0,1
1,1.0,1,6.0,1.0,13.0,3.0,1.0,11.0,1.0,1.0,0.2,1.0,0.0,0.0,0.0,0.0,1
1,1.0,0,4.0,1.0,14.0,2.0,1.0,12.0,1.0,1.0,0.0,1.0,0.0,0.0,0.0,0.0,1
1,1.0,1,5.0,1.0,5.0,3.0,2.0,4.0,1.0,1.0,1.2,1.0,0.0,0.0,0.0,0.0,1
1,1.0,0,4.0,1.0,9.0,4.0,1.0,12.0,5.0,1.0,1.2,1.0,0.0,0.0,0.0,0.0,1
1,1.0,0,4.0,1.0,10.0,5.0,2.0,7.0,1.0,1.0,86.3,1.0,0.0,0.0,0.0,0.0,1
1,1.0,1,5.0,1.0,13.0,6.0,1.0,12.0,1.0,1.0,1.4,1.0,0.0,0.0,0.0,0.0,1
1,1.0,0,4.0,1.0,10.0,4.0,1.0,13.0,1.0,1.0,2.0,1.0,0.0,5.0,0.0,0.0,1
1,2.0,0,5.0,1.0,14.0,5.564995,2.0,13.0,1.0,1.0,2.4,1.0,0.0,0.0,0.0,0.0,1
1,2.0,0,4.0,1.0,4.0,5.0,2.0,13.0,1.0,1.0,1.8,1.0,0.0,0.0,0.0,0.0,1
1,1.0,0,4.0,1.0,8.634774,12.0,1.0,7.0,1.0,1.0,0.7,1.0,0.0,0.0,0.0,0.0,1
1,1.0,0,4.0,1.0,1.0,6.0,1.0,13.0,1.0,1.0,2.0,1.0,0.0,0.0,0.0,0.0,1
1,1.0,1,5.0,1.0,20.0,1.0,2.0,12.0,1.0,1.0,1.6,1.0,0.0,0.0,0.0,0.0,1
1,1.0,0,4.0,1.0,0.0,1.0,1.0,13.0,1.0,1.5817963,1.6,1.0,0.0,0.0,0.0,3.0,0
1,1.0,0,4.0,1.0,10.0,4.0,1.0,9.0,5.0,1.0,3.0,1.0,0.0,0.0,0.0,0.0,1
1,1.0,0,4.0,1.0,16.0,12.0,1.0,12.0,1.0,1.0,2.4,1.0,4.0,7.0,379.0,0.0,1
1,1.0,1,5.0,1.0,16.0,4.0,1.0,13.0,1.0,1.0,0.5,1.0,0.0,0.0,0.0,0.0,1
1,1.0,0,4.0,1.0,10.0,5.0,2.0,12.0,1.0,1.0,1.7,1.0,0.0,0.0,0.0,0.0,1
0,1.0,0,4.0,1.0,10.0,9.0,1.0,0.0,1.0,1.0,2.0,1.0,0.0,0.0,0.0,0.0,1
1,1.0,0,5.0,1.0,10.0,4.0,1.0,12.0,1.0,1.0,1.8,1.0,0.0,0.0,0.0,0.0,1
1,1.0,0,4.0,1.0,11.0,6.0,1.0,13.0,1.0,1.0,3.0,1.0,0.0,0.0,0.0,0.0,1
1,1.0,1,5.0,1.0,13.0,6.0,2.0,12.0,1.0,1.0,0.4,1.0,0.0,0.0,0.0,0.0,1
1,1.0,1,4.0,1.0,16.0,8.0,1.0,0.0,1.0,1.0,1.2,1.0,0.0,0.0,0.0,0.0,1
1,1.0,1,4.0,1.0,12.0,9.0,1.0,4.0,1.0,1.0,2.4,1.0,4.0,11.0,379.0,0.0,1
1,1.0,0,4.0,1.0,13.0,8.0,2.0,13.0,1.0,1.0,1.0,1.0,4.0,2.0,294.0,0.0,1
1,1.0,0,4.0,1.0,13.0,7.0,2.0,13.0,1.0,1.0,2.0,1.0,0.0,0.0,0.0,0.0,1
1,1.0,0,4.0,1.0,22.0,2.0,2.0,8.0,1.0,1.0,3.6,1.0,0.0,0.0,0.0,0.0,1
1,1.0,1,5.0,1.0,13.0,5.0,1.0,14.0,1.0,1.0,2.6,1.0,0.0,0.0,0.0,0.0,1
0,1.0,0,4.0,1.0,4.0,6.0,1.0,9.0,1.0,1.0,0.7,1.0,0.0,0.0,0.0,0.0,0
1,1.0,1,4.0,1.0,13.0,5.0,2.0,12.0,1.0,1.0,0.8,1.0,3.0,0.0,256.26254,0.0,1
1,2.0,1,5.0,1.0,22.0,6.0,1.0,12.0,1.0,1.0,3.8,1.0,0.0,0.0,0.0,0.0,1
1,1.0,0,4.0,1.0,3.0,8.0,2.0,14.0,1.0,1.0,0.5,1.0,0.0,0.0,0.0,0.0,1
1,1.0,0,4.0,1.0,13.0,11.0,2.0,0.0,1.0,1.0,86.3,1.0,0.0,0.0,0.0,0.0,1
1,1.0,0,4.0,1.0,11.0,1.0,2.0,12.0,1.0,1.0,5.4,1.0,0.0,0.0,0.0,0.0,1
1,1.0,0,4.0,1.0,13.0,10.0,2.0,2.0,1.0,1.0,3.0,1.0,0.0,0.0,0.0,0.0,1
1,1.0,1,5.0,1.0,16.0,5.0,1.0,13.0,1.0,1.0,0.8,1.0,0.0,0.0,0.0,0.0,1
1,1.0,0,5.0,1.0,4.0,1.0,2.0,14.0,5.0,1.0,1.0,1.0,0.0,0.0,0.0,0.0,1
1,1.0,1,5.0,1.0,7.0,2.0,2.0,12.0,1.0,1.0,3.0,1.0,0.0,0.0,0.0,0.0,1
1,1.0,0,4.0,1.0,11.0,7.0,1.0,11.0,1.0,1.0,0.8,1.0,0.0,0.0,0.0,0.0,1
1,1.0,1,6.0,1.0,14.0,8.0,2.0,13.0,1.0,1.0,1.0,1.0,0.0,0.0,0.0,0.0,1
1,1.0,0,4.0,1.0,14.0,12.0,2.0,0.0,1.0,1.0,1.7,1.0,4.0,7.0,379.0,0.0,1
1,1.0,1,5.0,1.0,13.0,8.0,1.0,13.0,1.0,1.0,3.7,1.0,0.0,0.0,0.0,0.0,1
1,1.0,0,4.0,1.0,1.0,12.0,1.0,9.0,1.0,1.0,2.5,1.0,0.0,0.0,0.0,0.0,1
0,2.0,1,4.0,1.0,13.0,12.0,1.0,12.0,1.0,1.0,86.3,1.0,0.0,0.0,0.0,0.0,1
1,1.0,0,4.0,1.0,10.0,5.0,2.0,12.0,1.0,1.0,1.3,1.0,0.0,0.0,0.0,0.0,1
1,1.0,0,5.0,1.0,11.0,12.0,1.0,0.0,1.0,1.0,0.0,1.0,0.0,0.0,0.0,0.0,1
0,2.0,0,5.0,1.0,13.0,11.0,2.0,13.0,1.0,1.0,86.3,1.0,0.0,0.0,0.0,0.0,1
1,1.0,0,4.0,1.0,13.0,6.0,2.0,0.0,1.0,1.0,0.9,1.0,0.0,0.0,0.0,0.0,1
0,1.0,0,4.0,1.0,11.0,7.0,1.0,10.0,5.0,1.0,1.6,1.0,0.0,0.0,0.0,0.0,1
1,1.0,0,4.0,1.0,13.0,7.0,1.0,12.0,1.0,1.0,3.6,1.0,4.0,11.0,379.0,0.0,1
1,2.0,1,6.0,1.0,14.0,6.0,2.0,13.0,1.0,1.0,1.7,1.0,0.0,0.0,0.0,0.0,1
1,1.0,0,4.0,1.0,16.0,4.0,1.0,12.0,5.0,1.0,3.0,1.0,4.0,11.0,379.0,0.0,1
1,1.0,1,5.0,1.0,10.0,1.0,2.0,13.0,1.0,1.0,1.0,1.0,0.0,0.0,0.0,0.0,1
1,1.0,0,4.0,1.0,0.0,10.0,2.0,12.0,1.0,1.0,0.8,1.0,0.0,0.0,0.0,0.0,1
0,1.0,0,5.0,1.0,12.0,10.0,1.0,0.0,1.0,1.0,0.5,1.0,0.0,0.0,0.0,0.0,1
1,1.0,1,4.0,1.0,16.0,5.0,1.0,12.0,1.0,1.0,2.4,1.0,0.0,0.0,0.0,0.0,1
0,1.0,1,4.0,1.0,13.0,6.0,2.0,0.0,1.0,1.0,0.0,1.0,0.0,0.0,0.0,0.0,1
1,2.0,1,6.0,1.0,16.0,12.0,1.0,14.0,1.0,1.0,1.6,1.0,0.0,0.0,0.0,0.0,1
0,2.0,1,5.0,1.0,13.0,1.0,2.0,13.0,1.0,1.0,2.6,1.0,0.0,0.0,0.0,0.0,1
1,1.0,0,4.0,1.0,3.0,7.0,1.0,12.0,1.0,1.0,3.0,1.0,0.0,0.0,0.0,0.0,0
1,2.0,0,4.0,1.0,0.0,3.0,1.0,12.0,1.0,4.0,0.6,1.0,0.0,0.0,0.0,3.0,0
0,1.0,1,5.0,1.0,22.0,8.0,1.0,9.0,1.0,1.0,1.8,1.0,0.0,0.0,0.0,0.0,1
1,1.0,0,4.0,1.0,0.0,5.0,1.0,12.0,1.0,1.0,4.1,1.0,0.0,0.0,0.0,0.0,0
1,1.0,1,6.0,1.0,11.0,9.0,1.0,12.0,5.0,1.0,0.0,1.0,0.0,0.0,0.0,3.0,0
1,1.0,1,5.0,1.0,13.0,5.0,2.0,12.0,1.0,1.0,3.0085697,1.0,0.0,0.0,0.0,0.0,1
1,1.0,1,4.0,1.0,10.0,6.0,2.0,0.0,1.0,1.0,2.5,1.0,0.0,0.0,0.0,0.0,1
1,1.0,1,5.0,1.0,13.0,8.0,2.0,8.0,1.0,1.0,1.3,1.0,0.0,0.0,0.0,0.0,0
1,1.0,0,4.0,1.0,10.0,1.0,1.0,14.0,5.0,2.0,2.0,1.0,0.0,0.0,0.0,0.0,1
1,1.0,0,4.0,1.0,13.0,7.0,2.0,13.0,1.0,1.0,0.6,1.0,0.0,0.0,204.73828,0.0,1
1,1.0,0,4.0,1.0,13.0,3.0,1.0,7.0,1.0,1.0,4.5,1.0,0.0,0.0,0.0,0.0,1
1,1.0,0,5.0,1.0,6.0,6.0,1.0,12.0,5.0,1.0,0.9,1.0,0.0,0.0,0.0,3.0,1
1,1.0,1,5.0,1.0,13.0,7.0,2.0,13.0,1.0,1.0,1.6,1.0,0.0,0.0,0.0,0.0,1
1,1.0,0,4.0,1.0,10.0,8.0,2.0,12.0,1.0,1.0,0.9,1.0,0.0,0.0,0.0,0.0,1
1,1.0,1,4.0,1.0,22.0,12.0,1.0,13.0,1.0,1.0,2.3,1.0,4.0,11.0,379.0,0.0,1
