LIMIT_BAL,SEX,EDUCATION,MARITAL,AGE,PAY0,PAY2,PAY3,PAY4,PAY5,PAY6,BILL_AMT1,BILL_AMT2,BILL_AMT3,BILL_AMT4,BILL_AMT5,BILL_AMT6,PAY_AMT1,PAY_AMT2,PAY_AMT3,PAY_AMT4,PAY_AMT5,PAY_AMT6,class-label
217622,1,3,1,1,0,0,0,0,0,0,174590,157661,146814,72653,104118,91274,19550,17011,4836,8815,5081,5924,0
192908,1,2,2,1,0,-2,0,0,0,6,71583,107471,78025,104273,63546,88715,9244,14679,6895,526,8449,8650,0
147331,1,0,2,1,0,-1,6,0,5,7,101294,76919,41719,103186,125223,102061,7210,7330,16219,14352,8568,15573,0
135183,1,2,1,1,0,0,0,0,0,8,87686,103426,64274,108547,77278,66085,21628,32422,16420,14823,7620,947,0
335194,1,1,1,1,-2,-2,-2,5,7,-2,16548,-4945,-16670,-19293,-4339,19268,3506,11817,27614,17120,19177,19806,0
77725,0,1,2,1,0,0,0,0,0,0,115928,116858,117532,114731,110443,91875,13680,4896,18862,11747,10645,7798,0
136756,0,2,1,1,-2,-2,-2,-2,4,-2,6745,3721,-22455,2587,3451,25034,7028,2556,6206,12511,15955,11930,0
153494,0,2,1,1,-2,-2,7,-2,0,-2,87907,94714,89263,56711,45513,67415,18929,5051,5251,5283,5387,13405,0
311740,0,5,2,1,0,0,0,4,0,0,107411,97042,126541,111918,91924,91992,16556,18620,11590,8545,2820,6111,0
174920,0,1,1,0,4,6,5,3,-2,-1,147319,149973,105189,117375,116674,87591,12982,3645,9873,1350,1124,3541,1
235577,0,0,2,1,-1,0,0,6,3,6,179,11278,27491,37871,60688,46435,8123,20830,21473,15652,7517,3339,0
232400,1,2,1,1,0,0,0,1,0,0,94349,65961,77383,65699,64375,77879,16974,11540,18081,2019,31571,10842,0
41217,0,2,1,1,-1,-1,-1,-1,-2,-1,-22413,10037,2020,54770,40545,19047,11341,19334,14204,2534,17969,7242,0
302314,1,1,2,1,0,0,0,0,4,0,61720,49673,104353,130823,111106,91828,17810,15151,18150,18197,19992,9918,0
169551,0,3,2,1,0,0,0,0,0,-1,51546,62568,59342,-36121,3053,-6478,7202,20326,10763,10474,10097,7034,0
166355,0,1,1,1,4,-1,2,-2,-2,-1,9955,17061,-27465,-26885,2296,2498,3901,5058,994,3234,8093,3897,0
560313,0,1,2,1,0,0,0,0,0,0,195349,182549,182351,158504,144459,134265,13365,12837,16111,14268,8808,21114,0
284462,1,1,1,1,0,-1,0,0,-1,0,54344,111249,35287,20192,32866,46789,14069,6250,12705,12491,2806,4326,0
125258,0,2,2,0,7,0,2,0,0,-1,59908,41754,55656,71606,29638,41250,1472,14368,49,2487,8111,9628,1
288432,1,3,1,1,-2,2,0,-1,0,-1,89873,76711,62477,99450,80107,124609,10024,26408,12812,24239,17989,29603,0
174236,1,2,2,1,-2,2,0,0,0,0,-17342,-10341,-25321,52736,47996,86690,350,12079,31155,20641,14734,10710,0
245676,0,2,2,1,1,2,2,0,-1,-1,35129,60837,14466,55028,33063,73627,11742,12673,9598,9573,24799,12735,0
141415,0,2,2,1,2,3,-2,0,-1,0,26024,-19446,-15454,17081,-7013,15788,356,135,10205,4034,12776,9771,0
345249,0,1,1,0,-2,-1,2,-1,0,0,62961,62058,72089,84855,49969,87624,21271,5368,5987,8967,29499,11014,0
275394,0,1,2,1,-1,0,0,0,-1,0,85241,70768,88033,86970,32181,69015,11584,4395,6334,3204,11906,2199,0
356117,0,2,2,1,0,0,0,0,0,0,47416,52671,32474,23281,49293,36105,9291,3940,13206,6050,13638,13082,0
157904,0,3,2,1,0,2,0,-1,0,0,41450,73439,7548,-5213,-13244,-13996,4923,2560,13649,2284,2246,10543,1
289860,0,2,2,1,3,0,0,0,-1,0,64611,19759,73105,43935,62377,47920,10850,4544,17832,14056,19577,1316,0
316804,1,3,1,1,-1,-1,-1,-1,-2,-1,10041,9743,1018,-7556,-2787,8243,14328,5648,14127,7693,15315,12922,0
37362,0,2,2,1,-1,-1,-1,-1,-2,-1,82537,55222,46636,-21282,-31752,-14492,8026,17070,27074,2668,12036,5141,0
93862,1,2,2,1,0,0,2,0,2,0,62432,38108,65032,42461,48040,28785,3630,3504,5727,77,4238,3517,0
154654,1,2,1,1,1,-1,0,-1,-1,-1,25290,5683,8796,-8479,-21256,-9304,3332,1745,1792,7097,1903,7877,0
295280,0,2,1,1,2,-1,-1,-2,-2,-2,-17817,-60240,-24020,-2136,17825,24313,11633,1275,3998,2305,12915,12910,1
204539,1,3,1,1,1,2,0,3,-1,0,145176,121147,99592,114508,94582,100360,9649,11074,11338,6537,22866,11454,1
67933,1,1,2,1,1,2,2,0,-1,0,-20669,-31405,1192,36071,56651,35708,1790,18298,5585,12016,9198,1404,0
224867,1,1,2,1,1,-1,2,0,0,0,64173,28297,32867,70864,63863,55252,13648,18019,16307,8799,18832,11399,0
312054,1,2,1,1,0,0,-1,0,0,0,49084,43100,16171,4679,9786,-92,2794,1777,8845,8777,7081,9243,0
434649,0,3,2,1,0,0,0,0,-1,-1,80120,49260,50868,50351,48185,63627,16378,18622,10006,13195,7954,8013,0
44839,1,1,2,1,-2,0,0,0,0,0,98404,49645,47280,75328,64252,61207,2892,20592,14636,14482,13628,18733,0
58893,0,2,2,1,0,0,0,0,0,2,66943,51904,83206,70823,76320,49725,4892,8230,5453,2840,16694,6167,0
323629,1,3,1,1,-1,-1,-1,-1,-1,-1,92346,81772,41269,54493,30635,29757,19317,3970,14409,12338,18480,21246,1
158376,0,3,2,1,-1,-1,-2,4,-2,5,91526,77246,84910,63625,103678,91976,9158,13823,11990,19122,4637,3298,1
90642,1,2,1,1,1,-1,-1,-1,-1,-1,-11676,15029,639,12863,8159,11761,20177,24674,12958,19498,12344,11450,1
376802,0,1,2,1,-1,-1,-1,-1,-1,-1,-15629,-31158,-49189,4004,12631,20009,7519,10533,6696,8745,13144,1695,0
285291,1,1,2,1,4,-2,3,0,0,0,96212,53378,24203,72383,53252,54798,13173,25638,30728,18630,31288,5524,0
199363,1,2,1,1,0,0,0,0,0,2,90951,56492,78472,78215,68721,61047,13668,19809,12554,19760,20781,21337,0
204510,1,1,1,1,1,-2,0,0,0,0,-17928,-7878,9075,25444,9249,-12444,7613,18103,12613,2137,20228,11730,0
203784,0,3,1,1,0,0,0,0,0,0,36447,39675,20448,19798,12706,17273,5318,6042,610,1866,7434,7181,1
164266,0,3,1,0,0,0,0,0,0,0,131356,113788,76376,76550,62543,83838,6008,1533,3855,930,1345,8663,0
299915,1,1,2,1,2,-1,0,2,0,0,79838,121559,107705,56240,66356,58129,7948,13138,3292,1686,12197,2370,0
49618,0,2,1,1,0,0,0,0,0,0,64127,105681,43013,116542,88053,77423,17293,7052,2847,1540,5119,6650,0
311545,0,3,1,1,0,0,0,0,0,0,177670,170812,108704,101571,77334,72838,8123,7435,10800,2147,1210,13474,0
97055,1,2,1,1,0,0,0,0,-1,0,133622,126950,90586,74898,72753,74983,9058,484,5873,90,6859,6481,1
194896,0,1,1,1,0,0,0,0,2,0,116767,118269,109069,79637,66271,60579,8854,12963,9146,1396,4052,638,0
384588,0,1,2,1,0,0,0,0,0,0,86386,53917,68691,73793,60007,67351,371,842,6887,2557,3058,5295,1
262970,1,1,2,1,0,0,0,0,0,2,47936,35115,44612,100971,64948,73999,13237,9519,5364,11042,6781,4971,0
156919,0,3,1,1,2,4,2,0,0,0,113539,116508,80703,110578,84270,92643,25304,11973,2521,9634,9607,17414,1
438980,0,2,1,1,0,0,0,0,0,0,140967,137204,146344,150427,99437,95412,5456,18459,9789,5192,7565,13757,1
315578,0,2,1,0,1,0,0,0,0,0,146396,133871,112283,79808,38607,51807,19601,13057,1091,1545,2430,23119,0
46368,1,2,1,1,2,2,2,0,3,2,62843,75818,88748,97966,63524,81635,6868,20091,4963,9183,5388,6806,1
412186,0,2,1,1,0,0,2,0,0,0,161997,162374,178608,144520,118083,118731,8217,12702,4011,8443,6583,6422,0
350382,0,1,1,1,0,0,2,0,0,0,89206,83829,78080,79808,62412,70079,15811,5259,845,6616,3126,2642,0
28041,1,2,2,1,0,0,0,2,0,0,-428,-6311,12903,27067,13396,27438,4857,3281,1990,4150,5057,1494,0
344190,1,2,1,1,0,0,0,0,-1,0,167788,112349,106999,135275,66764,71960,17223,23712,10972,9181,4427,12163,1
528469,0,3,1,1,0,0,0,0,0,0,151596,146351,142438,123681,62013,65272,35476,38289,2667,9917,2141,26495,0
376482,0,3,2,1,2,-1,3,2,2,3,313911,289119,238754,182438,180666,198730,17577,5076,19306,8788,18267,15984,0
309561,1,1,1,1,0,0,0,0,0,0,234381,197882,149618,129905,89738,82900,6533,7185,8431,8021,12386,8203,0
36355,0,1,1,1,2,2,0,0,0,2,-16289,31767,17871,21763,49330,35384,5945,2046,2446,2053,1281,6548,1
276536,0,1,1,1,0,-1,0,0,0,0,175901,171779,116025,96107,71763,86081,9881,16849,8775,4690,11443,3580,0
357565,0,2,1,1,0,0,0,0,0,2,103103,102483,136880,120673,69970,81768,6058,23425,1547,9315,8120,5450,0
259257,1,3,1,1,0,0,0,0,0,0,177243,171075,176479,162411,138742,126636,11903,15786,6460,3915,2617,4620,0
270179,0,2,2,1,2,0,2,0,0,0,168733,157348,106727,142902,126248,133074,6751,3883,7667,6143,8363,7995,1
316475,1,2,1,1,2,0,2,0,0,0,162945,169110,147635,127121,111104,106707,11621,8089,3827,3998,6084,1902,0
356218,0,1,1,1,0,0,0,0,0,0,221819,256557,166770,165933,119687,97628,13895,15131,4035,3566,1873,13375,1
101424,1,2,1,1,1,0,0,0,0,2,79427,72618,96186,94315,93059,90567,4664,7025,1682,5631,8507,7708,0
179797,1,2,2,1,0,0,-2,0,0,0,90956,124529,114830,121854,133967,154798,8543,2620,2710,3955,8542,2662,0
191594,1,2,1,1,0,0,0,0,0,0,245132,152585,123113,58900,44165,30384,682,9305,7524,5964,1276,1769,0
257331,0,2,2,0,2,2,0,0,2,0,230303,204109,215085,184604,181944,149298,9469,14883,8192,1222,15521,22852,1
137191,0,1,2,1,0,0,0,0,0,0,69954,95908,108220,90291,54504,30002,10737,24019,6905,690,5841,2530,0
227294,0,3,2,1,1,2,2,0,0,0,165610,154599,124219,121973,107601,125392,1463,7048,5860,1124,6435,7532,0
253839,0,3,1,1,0,0,0,0,0,0,211415,190922,105431,109405,57999,33612,9437,6524,2317,402,2221,10481,1
58610,1,2,1,1,0,0,0,0,0,0,114363,129869,103165,120243,112740,114298,8882,7877,176,5072,10271,4518,0
607669,0,1,1,1,0,0,0,0,0,-1,211793,239278,224449,187074,127544,92500,8869,16363,9095,8052,2333,7140,1
492581,0,1,1,1,0,0,0,0,2,0,130136,79045,144962,149155,130531,107781,4552,16506,7426,10325,2130,2935,0
270059,1,2,1,1,0,0,0,0,2,0,104649,89536,88034,96995,57763,37349,1893,5523,3140,1120,6778,6471,1
172289,0,2,2,1,0,0,0,0,0,0,141716,187058,155614,170188,130792,116626,2901,19443,55,2444,9759,26,0
234150,0,1,2,1,0,0,0,0,0,0,144395,136221,160092,144507,134244,105024,620,12371,2414,6846,3845,8133,0
333343,0,1,2,1,0,0,0,0,0,0,164049,170848,152342,161357,147315,162081,7238,747,3413,4126,15336,16271,0
111332,1,1,2,1,2,0,0,0,2,0,132928,122473,111794,136726,116541,96192,469,12646,2856,4843,1560,2975,0
370705,1,1,1,1,1,0,2,2,2,2,156409,145267,98567,133183,141982,137784,12379,5292,1034,5557,9463,3823,0
50068,0,2,2,1,0,0,0,0,0,0,149400,157319,189799,136797,129052,122055,7172,31833,12515,15486,10110,3628,0
200810,0,2,2,1,-1,0,-1,-1,-1,2,-13816,-42424,17624,-16484,42314,48960,20797,28936,17303,23086,25539,196,0
258893,1,1,2,1,0,0,-1,0,-1,0,183336,116167,84028,56976,67608,51417,13394,22199,16458,9498,14854,7836,0
459432,0,2,1,1,0,0,0,0,0,0,134553,94162,48270,60678,112753,132320,21314,15687,8505,24815,11784,30637,0
172385,1,2,1,1,3,2,-1,-1,0,-1,26960,8472,19059,30144,91763,83588,24388,14851,9270,19402,14302,12393,0
49050,0,2,2,1,-1,0,0,0,0,0,85103,141289,84443,28309,44679,6778,13972,10785,11745,8092,7926,7793,0
495046,0,1,1,1,0,2,0,0,0,0,222969,197952,234240,185628,190680,178607,25522,26792,22373,15157,24794,8186,0
572890,0,2,1,1,0,0,0,0,0,0,153040,111545,145225,161411,114427,83729,16076,22588,15869,8638,14817,2624,0
331213,1,1,1,1,-1,-1,-1,-1,-1,-1,102878,65823,83853,39429,35239,34343,15224,32934,24188,16472,19017,11049,0
149748,0,1,1,1,-1,0,0,0,0,0,110625,67491,102398,75728,47293,56831,6505,12447,10560,7654,14906,440,0
394121,1,2,2,1,-1,0,0,-1,0,3,99268,86012,89398,100960,105203,80882,26938,31969,15658,25038,28653,9352,0
256557,0,1,2,0,0,0,0,2,2,0,46636,47229,36488,91424,55135,68810,10139,15830,3657,9386,1753,8792,0
244315,0,1,2,1,0,3,0,0,-1,0,114624,94681,67242,53026,31726,-8878,6998,13700,12037,3145,6671,292,1
193279,1,2,1,1,0,0,-1,0,0,0,71604,66305,37217,50238,43531,-7858,11399,2300,567,2707,1548,2746,1
188599,0,2,2,1,1,0,0,-1,0,0,-25941,-15767,23779,-4361,11197,33927,8472,14119,15884,5358,13682,3761,0
402284,0,1,2,1,0,-1,3,0,-1,0,68766,60283,43742,28001,51474,9435,19663,6224,9694,3723,13645,4499,0
337228,1,2,1,1,-1,0,-1,-1,-1,-1,46000,15750,28358,34426,24238,4325,13638,15824,14535,7252,6912,6634,0
76149,0,2,2,1,0,0,0,0,0,0,140172,144879,96281,19340,35896,23815,6111,6724,7599,4993,4858,5920,0
319893,1,2,2,1,0,0,0,0,0,0,67630,74500,17740,83521,55671,43525,4630,4064,6164,1447,2880,10439,0
497723,1,2,1,1,-1,0,2,0,0,3,61849,40156,105155,159608,147394,158231,31539,34662,25194,16745,29910,6208,0
403709,0,1,1,1,0,2,0,0,0,0,197729,151584,133256,114292,132427,135557,14858,20894,12630,16810,9732,19598,0
357612,0,3,1,1,-1,-1,2,3,-1,0,125241,81819,125932,63582,62513,35196,18370,28543,28608,12847,20261,2499,1
317798,0,1,2,0,1,0,0,0,0,0,124475,108000,83976,95982,63467,81603,2721,15126,15173,7735,622,15269,0
85122,1,1,1,1,0,0,0,2,2,0,114149,103640,123282,137828,193568,184033,8403,8691,965,7869,7210,1922,0
325988,0,3,2,1,0,0,0,-1,-1,0,40465,23085,35859,-18898,8939,19107,7235,19539,18663,7657,7757,7100,0
17327,1,3,2,1,-1,-1,-1,-1,3,-1,14010,14050,2966,5519,83505,89989,23217,10409,17227,15590,12933,17940,0
480960,1,2,1,1,0,0,0,0,0,0,199969,156356,180169,129522,123347,109699,11626,12172,13035,3062,16827,2227,0
219353,0,2,2,1,-1,-1,-1,-1,-1,-1,23161,-723,7918,-40036,24812,24087,23408,15564,22485,11173,18440,1634,0
472543,0,1,1,1,0,0,0,0,0,0,93010,74428,121042,138965,173049,184145,20777,25227,8855,25291,20626,14007,0
222741,0,1,2,1,1,2,2,0,0,0,-28418,31606,-15984,33223,69274,61355,20320,5354,273,4021,2590,12443,0
126436,0,1,1,1,2,0,0,0,0,0,138560,123987,130008,100387,132692,84111,28572,29857,1450,2343,85,15599,0
90421,0,2,1,1,0,0,0,2,2,0,-5689,23124,95249,65904,51351,30362,19216,53477,2473,599,3261,13292,0
54654,0,2,1,1,0,0,0,0,0,2,82289,98229,46290,41625,42305,31002,4178,2549,2303,10589,967,3635,0
282695,0,1,1,1,0,0,0,0,2,0,185082,119206,167737,152867,118056,102817,10488,40022,10010,7191,10606,13525,0
197314,1,1,1,1,0,0,0,0,0,0,119564,95668,96657,54496,51868,38332,6456,12190,3030,4624,4418,11531,0
427603,0,1,2,1,-2,0,0,0,0,0,12233,35796,-15256,67705,79350,75187,8199,178,5677,1525,11218,7087,0
192141,1,3,2,1,0,0,0,0,0,0,88500,118969,108834,82912,85971,91154,21243,20846,119,6050,8663,3776,0
282896,1,3,1,1,0,0,0,0,0,0,57918,36792,52583,82470,132190,111812,17958,4273,2733,5516,8936,14794,0
197443,0,1,2,1,0,0,7,2,2,0,165099,67948,139184,99906,104169,96935,16711,43129,6205,3823,5899,12293,1
155381,1,3,1,1,0,3,7,2,2,0,68238,47057,74397,101005,73563,51030,19531,46381,160,3663,3516,15102,0
195583,0,2,1,1,0,0,0,0,0,0,142949,91930,102635,48999,83218,92495,16739,24786,3393,3279,7092,14232,0
155764,1,2,2,0,2,0,0,0,0,0,53310,87503,19560,53381,36978,32617,16551,14192,1413,994,2490,8700,0
335621,0,1,2,1,0,0,0,0,2,0,-3349,9332,10788,20059,36798,31001,13979,13508,373,48,4892,12154,0
147053,1,1,2,1,2,0,0,0,0,0,79847,131979,87310,72412,47556,36134,8217,7026,6148,1628,4591,4720,0
166144,1,1,2,1,2,3,2,2,0,0,46685,78618,116920,100544,119413,104748,32668,37702,2221,646,6884,18797,0
256064,1,1,2,1,0,0,0,0,0,0,69644,41772,67301,60766,21852,11329,639,31618,9758,1457,4331,14796,0
231484,0,1,2,0,0,0,0,0,2,2,37652,55407,38117,50254,15893,-4688,3739,4434,2441,2660,5742,1706,0
87524,0,1,1,0,0,0,0,0,0,0,118788,69253,82050,-2169,24160,15473,6388,4232,7585,8809,5029,159,0
176516,0,2,1,1,1,2,0,0,0,0,18719,55289,70141,65075,62790,52020,6160,4989,4580,4004,836,7354,0
103983,1,1,2,1,0,0,0,0,-1,2,114193,77889,53865,43713,47643,52731,5335,3101,1798,4843,3820,2400,0
289528,0,3,1,1,1,0,0,0,-2,2,131574,117468,128377,171135,125208,98999,1124,14732,3032,7906,8125,4855,1
188951,1,2,2,1,1,2,0,0,2,2,81437,62579,71394,50215,54140,61835,2616,6801,1243,1466,6535,2465,1
311177,1,2,2,1,2,2,0,2,3,0,101345,55557,66799,65235,106502,104485,3371,1804,6915,3228,895,4274,1
296076,0,1,1,1,0,0,0,2,2,2,102956,98169,108448,143257,75594,75423,527,13203,8154,4021,7453,4327,1
124386,1,5,2,1,1,2,2,0,-1,-2,258098,152801,195205,167402,177567,182510,1524,22011,2655,11458,9482,4561,1
263584,1,1,2,1,2,0,0,0,0,0,101294,131776,123264,157625,91538,93438,2445,7578,6793,5460,11291,6969,1
139554,1,3,1,1,2,2,0,0,2,0,36052,54132,92447,68725,31626,41844,1131,3387,1457,865,3237,2118,1
383298,0,2,2,1,1,0,2,0,0,0,164651,156792,146289,158444,161954,153776,7679,1711,3772,8906,9140,9296,1
18910,1,3,1,1,1,0,0,2,2,0,84997,96630,100628,132202,115821,110259,4094,12989,4969,2113,5930,957,0
105224,1,3,1,1,0,0,0,0,0,0,271454,243700,230274,219696,192810,173014,3592,18064,3022,13474,9599,10710,0
138013,0,2,2,1,0,0,2,0,2,0,187835,144598,203008,124927,118865,90770,1165,7373,18920,5752,4346,23,0
334747,0,2,1,1,0,0,0,0,0,0,236710,153947,226659,161874,120914,152301,3513,25648,3009,3735,14638,22742,0
155478,0,2,2,1,2,0,0,0,0,0,211424,195813,197228,123003,111247,82048,3026,8947,18038,1093,4240,1689,1
344344,1,2,2,1,2,0,0,0,0,0,323130,234553,267846,166162,154010,150164,4393,17724,16478,646,8168,17113,0
139454,0,2,2,1,2,0,0,0,0,0,170381,167368,142924,146941,142906,126318,8357,5102,4174,3385,3074,10827,0
101850,1,3,1,1,0,2,0,0,0,0,147293,124550,112600,119758,110717,102159,881,9308,1818,8522,8219,1436,0
154245,1,3,2,1,0,0,0,0,0,0,149800,167370,149045,124264,80041,82181,5530,9591,5762,1,12204,4968,0
369294,1,3,1,1,0,2,2,0,0,0,219352,182359,222488,208123,176171,138039,11976,7554,8013,6712,3605,9519,0
368708,0,2,2,1,0,0,0,0,2,2,225867,170441,159595,109303,135266,148687,7151,4445,7318,6276,9979,244,0
125962,0,3,1,1,0,0,0,0,0,0,119574,98003,160448,152807,124810,107502,893,19500,778,5659,66,19406,0
359525,0,3,1,1,0,0,0,0,2,0,61439,89225,83719,69911,42115,41271,8003,115,327,4230,793,2105,0
217886,0,2,1,1,0,0,0,0,0,0,92622,73460,107760,44707,42272,80567,6476,6140,5160,2248,5220,368,0
264056,1,3,1,1,0,0,0,0,2,0,221104,157357,184358,166299,128950,95156,8626,16839,5075,200,910,18169,0
181383,0,2,1,1,0,0,0,0,0,0,77356,76648,89128,96768,40378,41407,1980,7564,1705,59,6225,4965,0
201646,1,1,1,1,2,0,0,0,0,0,209157,172142,166356,114366,141608,145472,9723,6165,5785,4277,8739,3330,0
401229,0,1,1,1,1,2,0,0,0,0,134886,112574,179393,135009,118215,88626,3282,10591,10636,5734,4457,6309,0
296672,0,2,2,1,2,0,0,0,0,0,310269,273995,277315,239088,223826,208194,9870,10975,21743,2887,3710,9467,0
220622,1,1,2,1,0,0,0,0,0,0,141080,113176,132988,105962,117530,129812,7398,13484,3176,3859,7893,8185,1
36473,1,3,2,0,0,0,0,0,0,0,124456,117897,81819,122678,78356,67212,2806,8648,449,2051,4225,8786,0
305957,0,3,1,1,0,0,0,0,2,0,161582,149549,152943,153147,118247,107702,8501,9253,3381,4427,7314,10157,0
159326,1,2,2,1,2,0,2,0,2,0,147553,77662,97228,32572,66188,91371,934,8237,5618,835,6661,14303,0
87213,1,3,1,1,0,0,0,0,0,0,81463,102474,119118,97241,61200,46188,4522,4612,2258,2463,504,6405,0
489330,1,1,1,1,2,0,0,0,0,0,237017,219174,247558,147158,152310,150371,8256,5326,11426,704,6912,10532,1
283696,0,1,1,1,0,0,0,-1,0,0,101276,124474,198680,144734,134019,130567,3740,10316,7592,1547,1005,14545,0
302428,0,3,2,1,0,2,0,0,-1,0,163043,122396,155056,109174,136638,149072,481,10552,10462,3515,4926,4096,0
202023,0,2,1,1,0,0,2,2,2,-2,128718,154379,147187,147834,141545,103867,7340,4593,929,6872,1518,8116,0
296214,0,2,2,1,1,0,0,0,-1,0,258166,302887,310471,190236,174836,195962,8396,8551,11440,312,14063,15007,0
343190,0,1,1,1,0,0,0,0,0,0,92770,125646,109773,116392,108041,109995,4923,6284,2802,1008,5475,6741,0
339875,1,3,2,1,0,0,2,0,0,0,168381,164849,168183,117740,109622,113604,6264,2266,7794,908,4297,11165,0
239412,0,2,2,1,0,2,0,0,2,0,163051,150011,97207,130859,184187,200065,6313,822,3198,6744,6552,770,0
18516,1,2,2,1,0,0,0,0,0,0,119270,179257,149973,83594,79330,51444,4386,870,10297,2335,266,2643,0
676341,1,1,1,1,0,0,0,0,0,0,322724,310460,341875,260852,238672,224038,7957,13945,10103,8874,3750,14366,0
166120,1,2,1,1,0,0,0,0,0,0,262475,279267,299656,226437,248102,260764,16443,11403,11009,5784,6644,14257,1
330202,1,1,2,1,0,3,0,0,0,0,181999,165869,195902,172118,137137,117051,152,9894,8281,6258,1500,10941,0
228900,0,2,2,1,1,0,0,0,0,0,103492,105684,88423,84781,69565,98133,4722,8208,109,5396,1510,1127,0
68338,1,2,2,1,2,-2,0,2,0,0,143682,161035,135914,144582,79563,40682,5214,8663,4496,5414,4895,4392,0
94321,0,2,2,1,0,0,0,0,2,0,149413,141318,112221,92540,126198,147841,9759,4640,11792,5163,13486,6807,0
274081,1,1,2,1,1,2,0,0,0,2,176824,229367,181566,154246,140916,90319,17692,6685,14819,10563,3989,8197,0
342367,1,2,1,1,0,2,2,2,0,2,124719,129189,94718,147549,142205,132318,14001,3506,867,4551,9136,2962,0
397861,0,2,1,1,0,2,0,0,0,0,33380,119666,98924,134309,115635,75998,16010,171,7856,12947,8769,6564,0
81997,0,2,1,1,2,0,2,-1,0,2,127378,178746,115655,134491,101658,99455,15903,7698,8033,3596,4685,2413,0
115172,0,3,2,1,0,0,0,0,2,0,89482,91712,88396,20285,12725,38738,8538,2851,4748,1814,6489,5396,0
228145,0,2,2,1,0,0,0,0,0,0,131693,111744,133509,118317,76078,55928,4370,7178,5009,14811,1874,13824,0
157436,1,3,2,1,0,0,0,0,2,0,75993,136045,124160,98033,91528,94765,8020,4530,14953,18106,3400,17737,0
334149,0,1,3,1,1,2,0,2,0,0,149994,150359,129438,113244,114971,96784,4827,6759,3794,5820,7646,6447,0
467667,1,2,1,1,0,0,0,0,0,0,188021,195073,177850,173073,161363,160772,7346,4976,4564,8349,5341,16861,1
231366,0,2,1,1,0,0,0,0,0,0,147400,178391,126278,125910,131337,137058,12418,4860,14232,11184,10126,12818,0
373315,0,1,2,1,0,0,0,0,0,0,157309,138247,84998,92818,104378,103684,11903,6043,9509,7777,6456,8617,0
271139,1,1,1,1,0,0,0,2,0,0,165122,195619,131930,141933,111691,98245,19153,3443,8266,3096,10383,3891,0
218594,1,2,1,1,2,2,2,2,2,2,131835,123608,118798,69997,67128,75534,10249,9310,7375,2621,5143,2309,0
383692,0,2,2,1,0,2,2,0,2,0,227848,184302,155817,111141,109984,136769,6480,7638,6268,7031,16248,8816,0
275241,0,1,2,1,2,0,2,-1,0,0,203299,246727,173341,185363,167848,150289,10946,13195,11947,5583,9299,3820,0
220041,1,2,2,1,0,0,2,0,0,0,67590,68387,82253,39867,42321,70519,901,13807,9289,8248,4923,5450,0
272106,0,2,2,1,0,0,0,0,0,0,148342,144530,114766,111925,110513,117981,9142,2329,11102,15436,4165,22194,0
217187,1,2,1,1,0,0,0,0,0,0,141047,138514,124983,133502,137018,118724,8366,9794,7850,11226,2696,7295,1
469113,0,1,2,1,-1,0,0,2,0,0,184068,223380,157238,206933,219735,201413,12386,9839,17623,14111,7040,19363,0
441902,1,1,1,1,0,0,0,0,0,0,187302,195914,149476,184401,179783,151922,10039,5317,11483,18585,7422,18526,0
337512,1,2,1,1,0,0,0,0,0,0,154885,177838,164029,145785,144520,120866,3367,6878,15404,18260,6331,21403,0
353888,0,1,1,1,2,0,0,0,0,0,186567,218575,160821,127358,129760,125367,14920,576,16673,15376,14757,24056,0
35339,1,2,1,1,0,0,0,0,2,0,98683,192783,139896,97520,119879,131615,14958,1352,24843,15179,12129,17481,0
151982,0,1,3,1,2,0,2,2,2,0,96124,91496,90785,48304,60613,53007,7318,8971,22822,15129,2979,16923,0
443304,1,1,1,1,0,0,0,2,0,0,91217,71257,86940,48833,60220,39685,17263,266,8534,6919,6476,8262,0
261648,1,2,2,1,0,0,0,0,0,0,136639,121245,76737,38981,72228,83056,4440,398,11882,7417,7669,18687,0
176444,1,2,2,1,0,2,0,2,2,0,66728,83985,73259,72743,59117,37016,4640,6097,7344,2952,3374,5555,0
164676,1,2,1,1,0,0,0,0,0,0,253019,209916,166996,187748,184067,192707,6917,2472,7889,6693,6274,18076,0
260969,0,2,1,1,0,0,0,2,0,0,160621,85951,59683,74017,121531,145840,10574,3339,6499,10418,5891,13805,0
158588,1,3,2,1,0,0,0,0,0,0,127571,159702,159621,119548,98601,90129,5504,6537,12945,18822,2120,17508,0
357706,1,1,1,1,0,0,2,2,0,0,128673,65049,101481,74962,129472,176107,1532,4818,2841,5621,5084,10518,0
533381,0,1,2,1,-1,0,0,0,0,0,183928,170619,145830,143658,147722,109972,5342,11797,5895,7353,4130,5403,0
242237,0,3,2,1,2,2,0,0,0,2,189923,210363,143695,186949,161914,133412,9364,15488,8500,9687,4200,1664,1
266777,0,1,2,1,2,0,2,2,0,0,163109,207769,154555,170439,147015,157457,8935,10177,16259,14572,10640,15831,0
199514,0,2,2,1,0,0,0,2,2,0,157144,192739,147991,79536,71123,81110,12124,7881,12500,5004,8479,8970,0
312364,0,1,2,1,0,0,0,0,0,2,135578,185682,152856,206405,147551,80645,11958,20226,14283,24613,686,5716,0
392414,1,2,2,1,0,0,0,0,2,0,261824,210134,184433,146943,141115,170393,5567,18018,2939,3087,10707,787,0
122477,0,2,1,1,0,0,0,0,0,0,108707,73520,96849,91326,89001,68768,4434,5426,6418,15869,3141,11333,0
245811,0,3,2,1,2,2,2,0,0,0,98136,123460,117247,90792,71688,50766,10858,5985,11114,13928,5475,7995,1
91418,0,2,2,1,0,0,0,0,0,0,-6304,35024,1155,37868,30120,11484,7521,13159,5670,6331,9878,7750,0
304612,1,3,2,1,0,0,0,0,0,0,199681,114631,121608,72431,76204,46671,19638,7393,8003,4440,7052,10333,0
196759,1,3,2,1,0,0,0,0,0,0,170545,188430,139882,154523,137002,123597,22215,12922,12847,7611,12307,17920,0
217189,1,2,2,1,0,0,0,0,0,2,132070,126928,110801,121343,58812,19066,13566,14331,10488,6488,2205,10993,0
103013,1,2,1,1,2,0,2,2,0,0,276386,199337,209891,248950,173855,158028,13935,20824,12199,21299,15412,14005,0
108844,1,3,2,1,2,0,0,0,0,0,65229,98003,42360,70588,64110,52278,10626,2312,6375,2560,11004,7168,1
263723,0,2,1,1,0,0,0,0,0,0,133090,119627,94610,154043,152835,135075,18699,20938,6403,16237,14038,21852,0
292709,0,1,2,1,0,0,0,2,0,0,110860,90476,102117,133335,93997,54810,13637,23960,1325,13706,1418,16693,0
166761,0,2,2,1,0,0,0,2,0,4,165228,194082,167615,147341,123625,92960,14764,23553,8529,10857,16264,13777,1
23438,1,2,2,1,0,0,0,0,0,0,149551,176070,172923,117658,85810,105784,2101,8411,9363,8883,8447,3846,1
338983,0,1,1,1,1,0,0,0,0,2,108560,133844,108392,129326,107079,110556,10305,13394,3868,8958,11409,16446,1
128049,0,1,1,1,0,0,0,0,0,0,190103,180392,107777,172479,148691,155802,11155,18220,13626,10885,24503,14245,0
241902,0,1,2,1,0,0,0,0,0,2,105601,113414,75567,118284,83351,28387,11156,12122,16365,9516,9368,6250,0
299715,1,3,1,1,0,0,2,0,0,0,98512,84666,64246,55252,18286,27399,5732,9576,2895,5467,5118,9577,0
18099,0,2,2,1,0,0,0,0,0,0,102682,47625,60348,96587,83642,91646,10865,5362,139,11571,14126,7548,0
83823,0,1,1,1,0,0,0,0,0,0,87047,91441,96752,76002,69542,74256,5780,11244,3682,8762,4977,10874,1
314465,1,5,2,1,0,0,0,0,0,0,182289,170630,150808,227558,212829,150309,26623,37227,16301,19014,16908,30407,0
56980,1,2,1,1,0,0,2,0,2,-1,-23467,8282,643,-24322,-14745,-21481,10304,12702,3779,5088,2416,7313,0
150163,1,2,2,1,0,0,0,3,2,2,99157,40233,37273,54694,44984,66007,2907,18324,3611,12881,10864,13562,0
287693,0,3,2,1,1,0,0,0,0,-1,113758,145662,85522,91325,63856,53840,14893,3994,5317,3733,10163,6902,0
348959,1,2,2,1,0,0,0,0,2,0,114938,135631,114438,120739,101177,107545,12148,4110,5174,3355,8988,4976,1
353700,1,3,1,1,0,0,0,-1,0,0,129489,153798,111189,125185,110646,101729,19607,16486,13129,7724,16030,15809,0
142536,1,3,2,1,0,2,0,0,0,0,143993,127476,116970,96945,102151,84322,8663,9642,10188,4257,6449,10284,0
307866,1,1,1,1,0,0,0,0,2,0,149490,147677,140736,131601,136386,108396,13520,18647,9815,10930,8726,14743,1
309457,1,1,1,1,0,0,0,0,0,0,138078,131316,117710,174109,127395,100388,16162,17858,7569,16470,10061,10787,1
522931,0,2,1,1,1,2,0,0,0,0,127683,134450,129551,119933,88378,77071,10629,2598,7573,7178,11544,4902,0
324087,0,2,1,1,2,0,0,0,0,0,106624,129015,114839,88474,62774,66959,11383,17010,6753,7706,7250,11891,0
37925,0,2,1,1,0,2,0,0,0,0,111361,104995,108656,146048,86970,83677,1715,7579,6972,7645,924,3942,1
161611,0,2,1,1,2,0,0,0,0,0,145352,121598,99017,76869,58028,64062,3562,8386,6058,9420,8894,10482,1
300337,0,1,2,1,0,0,0,0,0,0,66644,16486,19732,46705,40540,41009,11750,21261,2572,13182,8936,18679,0
29766,0,2,2,1,0,0,2,0,0,0,55285,43697,51382,21697,57559,67096,14946,13436,5953,11166,7681,7733,0
329353,1,2,1,1,0,0,0,2,2,0,144907,171966,152820,93561,91745,60564,19518,11447,11826,5788,14786,10051,0
386008,0,3,2,0,2,0,0,0,0,0,50538,116111,97560,60058,59935,25897,8225,22824,12712,10511,6140,12884,0
530409,0,1,2,1,1,2,0,0,0,0,260329,215324,173763,205592,129276,80034,21091,16474,11146,10551,14146,15234,0
280337,1,1,2,1,0,0,0,8,2,2,83358,97146,120461,141229,121327,89344,6503,13784,15744,5735,81,93,0
169423,0,2,2,1,2,0,0,0,0,0,113938,150473,109789,83394,47898,14730,19737,10147,8146,2479,4257,8738,0
314633,0,2,1,1,0,0,0,0,0,0,156183,108585,64335,146339,131899,149171,13021,21566,8898,9091,13471,16568,0
337703,1,3,2,1,0,0,0,0,0,0,142020,107345,116752,100765,74950,79739,5947,12249,9639,9326,1821,8622,0
132771,0,1,2,1,0,0,0,0,0,0,60390,96292,64365,26850,-1873,-8455,5145,9808,2964,6775,6334,5113,0
528094,0,1,3,1,0,0,0,0,0,0,207483,177505,172400,162671,145533,146420,18276,8773,10016,10045,16956,6790,0
88124,1,2,2,1,2,2,0,0,0,0,73918,43051,33324,83132,71392,41997,8017,9420,6172,7561,3805,10278,0
269460,0,2,1,1,1,2,0,0,2,2,190247,205816,198854,141830,109690,123771,9354,10416,9885,5804,7635,8503,1
303668,1,2,1,1,0,0,0,0,2,0,121362,114879,77375,99083,105505,94155,24996,7100,7823,4479,12993,9010,1
70801,0,1,2,1,1,2,0,0,0,2,161228,155215,109933,167805,136235,71593,17567,21285,11462,8871,10142,8831,0
248318,0,1,2,1,0,0,0,0,0,0,157769,108812,104844,81031,87099,101911,7223,13848,5681,5607,7938,15351,1
265610,0,1,2,1,2,0,0,0,0,2,74901,102145,95372,92616,104469,80167,13347,23812,13549,10915,9061,12716,0
281923,0,2,1,1,0,0,2,-1,0,0,-8616,59840,68248,48537,28322,1102,14054,7025,1905,1472,3202,10755,1
16264,1,2,1,1,0,0,0,0,0,0,74236,102539,79540,86289,57326,41206,9871,22173,13338,12612,6583,10762,0
102726,1,2,1,1,1,2,0,0,0,2,188662,108137,69363,185406,144735,133002,9841,8302,6683,12623,13817,8693,0
241069,1,2,2,1,2,0,0,0,0,0,111069,109479,72392,114240,95823,76006,16885,9014,8611,6095,9703,9894,1
524159,0,1,1,1,1,0,0,0,0,-1,216489,222234,206568,183260,132386,132855,6314,11065,17487,9421,6981,4618,0
287000,0,1,1,1,0,0,0,0,0,0,175568,135990,145695,120288,101910,71288,19251,17785,4900,8696,5896,19661,1
93043,1,3,1,1,0,0,0,2,2,0,113703,113484,121349,98588,126340,141462,7750,3614,7463,2406,3426,897,1
167638,0,2,2,1,1,2,0,2,0,0,177689,140707,139614,157096,123196,126837,8617,24251,5252,14223,14559,13218,0
68773,0,1,2,1,0,0,0,2,2,0,166626,68801,74254,109029,104064,102642,7098,11247,4949,8528,6904,1840,0
285017,0,1,2,1,1,0,0,0,2,0,166334,149556,132969,118972,93683,72480,7543,9524,4305,7585,8792,5076,1
158253,0,3,2,1,1,2,0,0,0,0,23280,60189,37379,44025,18657,19114,391,832,124,2514,7482,3207,0
136355,1,1,2,1,1,0,0,0,0,0,182431,140567,117609,87925,36523,75519,7890,7946,11159,3526,6899,3807,0
46465,1,2,2,1,2,0,0,0,0,0,-5122,28761,54039,-11461,-12585,11382,3035,4106,893,2175,5782,4204,0
242969,0,3,2,1,2,0,0,-1,0,3,56038,61909,46861,55385,35034,54844,5958,9399,5428,10890,8134,2695,0
519854,1,2,1,1,2,0,0,0,8,0,286972,193792,222661,155746,147045,140025,11727,21637,16016,8453,8876,14684,0
242653,1,2,2,1,1,3,0,0,2,2,204361,206754,119616,168374,134355,131050,12299,9544,9752,2248,17492,17391,0
173208,1,3,1,1,0,0,0,0,2,0,133203,123875,90287,68166,51601,58979,14157,13119,8746,8664,11073,6813,0
193428,0,3,1,1,0,0,0,0,0,0,185813,151554,115735,183818,173018,176562,17046,15469,9634,15564,20617,20015,0
280318,1,1,1,1,0,0,0,0,0,0,59032,19609,31329,27373,14414,21471,6826,10047,322,8581,5037,2468,1
422876,1,2,1,1,0,0,0,2,0,0,74080,87479,82688,78874,84016,64893,12869,4561,4503,7045,4653,5756,0
103939,0,3,1,1,0,0,0,0,0,0,133733,121200,65530,119521,126622,135760,23945,20527,5608,14583,17886,27626,0
279638,0,1,2,0,0,0,0,0,0,0,20720,21990,10337,73848,70871,76874,1614,23145,7381,15945,10568,16215,0
229988,1,2,2,1,0,0,0,0,0,0,121939,126891,134196,51358,46676,61987,17732,9474,9058,7537,7473,4962,0
509428,0,1,2,1,0,0,0,0,0,0,117312,88699,98464,124983,112202,64498,9124,21379,7849,14306,10093,21155,1
425706,1,3,1,1,0,0,0,0,0,0,240741,145991,181853,131568,122706,134416,4852,5657,10257,4828,3101,2073,0
233052,0,1,2,1,0,0,2,0,0,0,144435,91313,112881,146763,170840,151750,10984,22897,9853,18078,11204,18706,0
361735,0,1,2,1,0,0,0,0,0,2,244312,142202,161764,199067,175849,157992,13712,9993,12062,8896,5942,416,0
85581,1,1,2,1,0,0,0,0,2,2,151178,136371,93773,75958,84460,114615,11923,10669,12496,5267,16293,5134,0
259965,0,1,2,0,0,0,0,0,0,-1,-16068,43108,-1766,16804,-8257,-14617,5692,11037,4638,4010,8276,11097,0
317960,0,1,1,1,0,0,0,0,0,0,220411,169871,138919,116590,68833,67317,19634,12864,7707,6732,12585,8210,0
126907,1,2,1,1,1,2,0,0,0,-1,76115,58976,44795,32553,-12780,-44757,12637,15247,2088,13547,4568,10556,0
115197,0,2,2,1,0,0,2,0,2,0,41518,71199,42529,77672,94082,88973,11476,10279,9715,7990,2713,6935,0
452153,0,1,2,1,0,0,0,0,0,0,79222,72453,85623,40452,24274,16110,6951,17990,2658,12985,4148,11196,0
150461,0,2,1,1,2,2,0,2,0,0,66245,106098,103875,79301,52021,17303,8070,13460,2425,4690,2778,12296,1
134098,1,2,2,1,0,0,0,2,0,0,155850,140616,125503,115381,92964,83635,17050,28594,9248,14051,12683,18078,0
286731,0,2,2,1,0,0,0,0,0,0,108340,106399,112585,117680,97946,86314,13940,11440,10859,7282,6292,7764,0
99941,0,3,2,1,0,0,0,0,2,0,82696,75735,65343,77915,79559,32603,12646,23590,8188,13834,3198,21733,0
207610,0,3,2,1,0,0,0,0,0,0,192894,176265,131921,157296,133109,100618,16786,17404,10349,8893,12891,13408,0
331631,1,1,2,1,0,0,0,0,0,0,112419,57263,41362,74728,104469,129232,8751,6705,5384,3387,14223,8332,0
85630,1,2,1,1,0,0,0,0,0,0,68656,52186,63021,97387,118567,135297,15895,12891,10733,5957,10503,9384,0
120142,1,3,2,1,1,0,0,0,0,0,69545,69631,23761,25756,36085,31164,5571,1688,4531,498,2749,8524,0
161913,1,2,1,1,0,0,-1,0,0,0,167602,113590,135409,150311,174720,172835,20001,14493,11680,12114,12453,14354,1
399882,0,1,1,1,0,0,0,0,2,0,59755,22153,33078,61918,103441,63764,14496,1502,10258,1093,2454,5741,0
183950,1,2,2,1,0,0,0,0,0,0,88069,51962,57829,58083,48615,36839,9202,5526,4439,4773,2561,830,0
292426,1,1,1,1,1,2,0,0,0,0,204105,167906,155830,181105,147408,105697,11740,365,5651,2836,4642,9651,0
57988,0,3,2,1,0,0,0,0,0,0,147649,117770,97753,103611,69601,100954,6303,2041,4009,1670,7591,8742,0
268080,1,1,1,1,0,0,0,2,0,2,92478,75592,67885,96032,75896,63100,7646,7893,4043,2546,2016,3745,0
103569,1,3,1,1,2,2,0,0,0,0,173855,137738,163225,74900,55725,55810,1288,7400,3346,8407,1441,2440,1
108041,1,2,1,1,2,2,2,2,0,0,238566,188050,208047,174676,167842,186644,10542,10375,6635,7753,5355,7473,0
181952,0,2,1,1,0,2,0,0,0,0,114043,114342,135540,142938,121044,107570,951,11701,4745,8501,1643,10363,0
152710,0,2,1,1,0,0,0,0,0,0,139487,109733,148495,124874,100544,131373,4054,9234,2704,7875,1519,12875,1
42810,0,2,1,1,0,0,0,0,0,0,112018,50189,67602,71816,79294,72230,4748,2810,5422,3058,9164,58,0
124197,1,3,1,1,1,2,0,0,0,0,140705,133689,113090,143067,109377,122510,6611,4902,1487,4472,7155,11435,1
260688,0,1,2,1,0,0,0,0,0,0,87419,46659,65133,97304,115998,104339,6303,5637,5886,532,7233,12438,0
32131,1,2,1,1,2,0,0,0,0,0,144143,157212,167491,172735,146399,115456,4527,10074,5587,10295,2968,9534,1
328359,0,2,2,1,0,0,0,0,0,0,83171,56205,87209,58714,52011,61486,5553,6704,2773,2221,1488,5107,0
401410,1,3,2,1,1,2,0,0,0,2,65944,97675,76632,81419,59821,64807,1332,6013,340,7090,381,5530,0
96582,1,2,2,1,2,2,0,0,0,0,113309,81542,84378,103319,71720,55144,3918,531,4166,408,4197,11148,0
242656,0,1,2,1,2,2,0,0,0,0,89370,88819,127452,101562,80781,55211,3174,6584,7249,5375,37,5824,1
204381,0,1,1,1,0,0,0,2,2,2,166953,125619,91409,136696,100249,106545,14194,6541,3704,623,5397,7952,0
281551,0,1,2,1,0,0,0,0,0,0,96738,91007,116529,53324,39225,44015,193,12200,2415,7125,2703,1845,0
28597,1,2,1,1,2,3,0,0,0,0,79553,92206,94436,113446,59926,47058,854,3804,2961,6654,4405,2011,0
433191,0,2,1,1,0,2,0,0,0,2,104641,104258,97615,149710,110758,60487,1503,5269,1121,8314,4480,3402,0
138255,1,2,2,1,0,0,0,0,0,0,143814,144886,126861,48538,70912,114070,2756,8637,3754,5599,8070,2478,0
434357,0,1,3,1,0,2,0,0,0,2,237929,162606,179139,144321,131360,147166,9498,6528,4388,1237,8193,16572,0
88642,0,2,2,1,0,0,0,0,0,0,71605,22537,33411,31847,45660,66114,2583,2610,6093,1765,1857,469,0
411776,0,1,2,1,0,0,0,0,0,0,180928,140679,141753,72807,64271,69083,5739,3338,7786,897,10900,2622,0
176453,1,1,1,1,0,0,0,0,0,0,157764,153908,165665,112502,108698,103943,7515,2723,5442,6062,8057,9914,1
272281,0,1,1,1,2,2,0,0,0,0,145593,147439,157371,117012,98125,106735,4500,6351,5608,7753,6664,2562,0
396912,0,3,1,1,0,0,0,0,0,0,233143,184078,228724,189297,144687,141134,11386,12459,6979,6072,3994,15973,0
66726,0,1,1,1,0,0,0,0,0,0,110329,75105,101079,87172,98701,121882,11686,4929,1861,2907,7226,4751,0
208647,0,2,2,1,0,0,0,0,0,2,131816,127659,137167,94415,82846,103632,6337,9397,2185,5138,5542,3119,0
468083,1,1,2,1,3,0,0,2,0,2,202478,169656,178583,114753,104388,102502,7226,8173,6190,3093,6361,5483,1
300831,1,1,1,1,0,0,0,0,0,0,73998,101116,80125,98985,67563,60539,2459,9216,6718,4136,2174,2281,0
388382,1,1,2,1,0,0,0,0,0,0,142665,120403,87393,109264,104284,126431,7197,8182,4493,1915,8723,4230,0
242306,0,1,2,1,0,0,0,0,0,0,113253,149545,131561,70941,94181,118458,9492,7194,4817,2730,7162,3982,0
42727,1,2,2,1,0,0,0,0,0,0,102427,110322,90484,80433,70705,53276,950,5327,4032,8836,4447,1185,0
292632,0,2,2,1,0,2,0,0,0,0,152880,134815,141603,113207,92878,96608,4445,13515,2942,8802,2388,1884,0
136115,1,2,2,1,0,0,0,0,0,2,57870,80286,83978,94364,68674,31824,5392,4279,1207,3938,2852,7858,0
193398,0,2,1,1,0,0,0,0,0,0,99437,78090,152957,67984,69784,50532,4561,2891,7002,4030,2950,4068,0
124247,0,3,1,1,2,0,0,0,0,0,80136,87615,115595,87854,63892,53924,3223,5398,4099,2872,2468,9506,0
84682,1,2,2,1,0,0,0,2,0,2,174678,155251,125902,78731,72320,99412,4558,6654,3034,4172,8948,4243,0
140276,0,1,2,1,0,0,0,0,0,0,165243,160310,186127,103933,124400,116754,9193,7649,7425,4210,10622,5099,0
20180,1,1,2,1,2,3,0,2,0,2,99343,99264,83112,71447,77508,87946,5206,3072,1611,4312,5753,3280,0
13088,1,2,1,1,2,2,0,0,0,0,53179,122328,98392,72873,40585,30724,602,2607,4446,4213,3654,4216,0
622327,0,3,1,1,1,2,0,0,3,2,136714,138878,173507,140218,140693,101348,11559,5562,3026,4378,5591,8737,0
408642,0,2,1,1,0,0,0,0,0,2,59861,112717,109207,127195,122780,103075,6728,9660,7430,5984,3985,2193,0
347171,1,3,2,1,0,0,0,0,0,0,57234,87104,91362,93348,79292,65313,787,7289,1289,4589,3751,4668,0
361137,0,2,1,1,0,0,0,0,0,0,97390,110320,122550,57588,66941,89133,4455,2617,5512,4869,6133,2785,0
287593,0,3,2,1,1,2,0,0,2,0,141799,105216,126891,97589,88811,95727,8770,6686,6652,2693,770,9392,0
167532,1,2,1,1,0,0,0,0,0,2,105608,144858,125480,126759,95081,75634,4921,3699,5989,2998,4312,15527,0
339682,0,1,1,1,0,0,0,0,0,2,110082,106993,98238,97324,98158,89455,6954,6647,1803,2537,4535,3128,0
237124,1,3,2,1,0,0,0,0,0,0,159652,213700,165715,142785,129167,128956,7879,5855,7930,2239,8660,9668,0
383307,1,2,2,1,0,0,0,2,2,0,198931,154360,173984,107693,114515,148492,6692,5857,1937,4383,7670,16640,0
255728,0,2,2,1,2,0,0,0,0,2,67974,76730,62531,75445,61621,60193,3129,8388,6102,3253,246,3032,0
165186,0,1,2,1,0,0,2,0,0,0,152982,173539,216073,108179,101069,101841,8715,9880,10502,8351,961,1321,0
291372,0,2,2,1,2,0,0,0,0,0,80281,74654,82378,77280,96548,77528,1515,2473,7364,4556,2440,6242,0
191363,0,3,2,1,0,0,2,0,0,0,115613,157088,153317,81984,52995,58618,7756,5243,5909,2371,2102,8077,0
241011,0,3,1,1,0,0,0,0,0,2,105589,132518,129175,101808,93714,108210,4207,9869,7777,7011,3319,1226,0
130934,1,3,1,1,0,0,0,0,0,0,159570,136211,132744,114273,107665,114756,7024,7114,6812,3882,7202,6525,0
53058,1,3,1,1,0,0,2,3,0,2,30218,54397,8252,21685,51549,77912,3487,2199,2231,2917,3104,2782,0
358992,0,1,2,1,0,2,0,2,2,0,195970,178697,161009,109037,112308,107616,5230,14968,2340,5382,2998,4846,0
45216,1,3,2,1,0,0,0,0,0,-2,132444,117070,66994,137024,96670,102173,406,1599,158,10402,3096,8206,0
108815,1,2,1,1,0,0,0,0,2,0,103366,139966,73224,93543,54470,59617,1860,5645,2950,1263,7883,5631,0
119571,0,3,1,1,0,0,0,0,2,2,122243,176713,138996,173102,117665,79797,2257,10357,3720,10743,4917,1817,0
131630,1,2,1,1,0,0,0,-1,0,0,119601,106322,92978,50950,28929,57428,2346,7731,1162,1271,6863,3391,1
83665,1,2,1,1,2,2,0,2,0,0,83769,111764,127179,99644,88100,109199,1243,5912,2110,5918,4384,7133,1
135579,0,2,2,1,0,0,0,2,0,0,119862,109201,79654,107338,75978,65820,7555,7748,5522,103,6154,2924,0
187351,0,2,1,1,0,0,0,0,0,0,124780,73503,72983,92726,68819,76308,1866,10697,268,5680,935,2045,1
68845,0,1,1,1,0,0,2,2,2,2,126254,162331,170056,144022,139303,148878,3731,9318,5827,11865,89,8462,0
179058,1,1,1,1,0,0,0,0,0,0,204238,184053,144658,108306,102276,146729,1433,7737,797,6765,7143,10569,0
96015,1,3,1,1,0,0,0,0,0,-2,162890,148831,149816,140443,147497,174000,2677,4560,2724,13533,877,13193,0
129233,0,2,2,1,0,0,0,0,2,0,108385,150413,58183,63606,58253,72377,846,1348,4412,656,7970,9052,0
256939,0,2,1,1,0,0,3,3,2,0,81938,109352,62134,49156,38710,52069,1105,5370,1452,1035,4408,7971,1
244874,0,3,1,1,0,0,2,0,0,0,126609,98399,114811,79324,90472,140262,847,6547,854,10696,2252,9945,0
273840,1,1,2,1,2,0,0,2,0,0,135757,130190,97988,90826,89613,106847,6931,7677,697,528,8222,6459,0
373500,0,3,1,1,0,0,0,0,0,0,165338,209007,136671,133933,112720,153300,4902,5347,1588,4778,8997,10800,0
81253,0,2,2,1,0,0,2,2,0,0,-11353,21803,18829,7112,25260,12029,1153,2181,3111,320,1816,2440,0
90761,0,1,2,1,2,0,2,2,0,0,87782,92177,67205,90309,86935,91629,5645,7003,1384,3773,2289,1700,0
213878,1,2,1,1,0,0,0,0,2,0,133074,156936,105450,103387,105298,120757,4393,6114,5284,3888,6640,4314,0
281931,1,1,2,1,0,0,0,0,0,2,138812,127637,82035,120153,141519,120082,9369,4784,6077,890,9506,3758,1
45882,0,1,1,1,0,0,0,0,2,0,40272,68391,60011,39636,72059,70233,8795,1962,401,159,1007,789,0
183633,1,2,1,1,0,0,0,0,0,0,80198,156976,73923,119417,84752,56580,1666,8081,3347,1610,9897,978,0
134036,1,2,1,1,2,2,2,0,0,0,174920,169447,157001,134629,136163,136561,1648,11121,6715,8518,5243,5652,1
138277,1,3,2,1,2,2,2,0,2,2,114070,81401,101428,112941,118351,123938,5130,619,9616,3335,1037,9655,1
277006,1,3,2,1,0,0,2,0,-1,4,129545,147094,150679,111662,144095,144741,6289,8838,1865,7305,2111,10430,0
477321,0,2,1,1,0,0,0,0,0,2,49745,107799,89583,110294,76181,59111,169,3940,4069,3640,164,5789,0
211400,1,1,2,1,0,0,0,2,0,2,82433,96274,53242,89345,73305,83911,5575,3607,2226,622,6806,3621,0
138432,0,2,2,1,0,0,0,0,0,0,98318,124059,78541,99546,81397,112980,4251,720,1949,3909,7460,10628,1
36116,0,1,2,1,0,0,0,0,0,0,52571,102967,93028,108184,85276,69555,2418,6047,3346,6307,1301,1872,0
78052,0,3,2,1,0,0,0,2,2,0,56138,59794,60130,37519,35231,30828,2464,4846,389,572,3803,1675,0
66684,1,2,2,1,0,0,0,0,0,2,105624,125202,129874,97202,98593,71661,120,7958,8530,7132,1607,5836,0
92718,0,3,1,1,0,2,0,0,0,0,79062,87645,88669,42553,61987,57182,1765,5571,186,683,3413,4514,1
247966,0,1,2,1,2,0,0,2,0,0,62801,89305,70531,63255,58351,65206,4036,2116,3442,1031,2666,4053,0
97938,0,2,2,1,0,2,2,0,0,0,106589,71422,85612,96608,43804,45536,3287,3281,3189,3420,155,3354,0
310577,0,1,2,1,0,0,0,2,2,2,129877,117494,108951,140296,126096,102511,5871,354,10439,1289,2677,9265,0
196737,1,2,2,1,0,0,0,0,0,2,93376,121032,117240,116222,113599,53126,5619,8944,6832,2388,2600,46,0
347237,1,2,2,1,2,0,0,0,0,0,98306,97167,132635,52902,71205,90405,4689,10697,6157,190,3244,9109,0
20389,0,2,2,1,0,0,0,0,0,0,42136,69851,65538,34478,35582,46470,1227,776,4706,5626,3779,3070,0
78904,1,3,1,1,2,0,0,0,0,0,62538,40523,56857,17226,42273,82359,2170,3654,3776,4300,7199,2079,0
231888,0,2,1,1,0,0,0,0,0,0,112489,128770,152785,97906,59562,75136,3623,8650,7824,5688,7254,2893,0
125714,1,3,2,1,0,0,2,0,0,0,105879,74650,82078,90441,59533,50926,3682,4511,4062,5637,4121,3893,0
115773,0,1,2,1,0,0,0,0,2,0,24759,63500,46607,58833,71712,58376,2818,6340,4254,5120,5174,2623,1
54458,1,2,2,1,0,0,2,0,0,0,153581,106967,112536,90469,96802,107070,7829,11065,2198,9270,2094,7103,0
53342,0,1,1,1,0,0,0,0,0,0,155720,159196,137547,169279,155227,184464,12111,9130,5662,8107,15282,5825,1
108446,1,1,2,1,0,0,0,0,2,0,72664,40967,31548,57934,53286,82538,6194,6233,597,4911,6702,2856,0
393568,1,2,1,1,2,0,-1,0,2,0,146624,175325,180392,144550,105998,95974,6824,16693,8143,1267,2098,6191,0
123975,0,1,2,1,1,-1,0,0,0,0,32007,29543,65906,44112,41840,26303,370,8524,2542,1742,1406,2981,0
86663,1,3,2,1,0,0,0,0,0,0,62040,41176,69646,30176,56148,118391,6982,3925,2062,3018,4314,1715,0
180788,1,2,2,1,0,0,2,0,2,-2,86535,93026,66390,81215,63087,75828,9014,581,3474,1641,2136,3721,1
213618,1,2,2,1,0,0,0,-2,0,-2,152288,164189,117326,124811,54729,13641,8910,7009,5920,273,1524,2410,0
176918,0,3,1,1,0,0,0,0,0,0,54246,15414,38317,54820,47798,69740,8487,6134,2508,1015,2552,6814,0
304914,0,2,2,1,0,0,0,2,2,2,74446,82318,35603,94422,80499,89329,8579,1281,3007,1578,13210,2322,0
118150,1,1,2,1,1,2,0,0,-2,0,126797,158469,131810,115939,76852,59393,4651,2730,7579,456,1773,1200,1
124101,1,2,1,1,-2,0,0,7,0,2,50342,127699,64693,68053,30846,47869,4494,2426,1545,4706,3773,3053,0
237633,1,2,1,1,2,0,0,0,0,0,126400,136469,135530,110911,85962,102755,4701,11861,3122,7645,3651,6628,0
138047,1,2,1,1,-1,0,0,0,0,2,51386,75654,38461,57875,33708,15315,936,3732,3575,3168,1111,3492,0
79500,0,5,1,1,-2,-2,-2,-2,-1,-2,85561,76897,83244,86764,59982,78690,4859,8011,1472,1742,1637,7386,0
185315,0,2,2,1,0,0,0,0,2,-2,52555,73875,47352,25864,18413,6291,2314,5877,4283,3274,92,3362,0
89532,1,3,1,1,0,0,0,-2,0,0,89470,75339,68591,74224,43439,43336,3984,3320,159,5956,6740,3715,0
176139,0,2,2,1,0,0,0,0,2,0,-24702,20238,7708,5817,41659,54554,2905,2843,1345,2259,9637,4174,0
395788,0,1,1,1,0,0,0,0,0,2,142707,134197,110301,91688,74177,86059,5492,16009,3235,2453,2459,15513,0
271280,0,2,2,1,0,0,0,0,0,0,89691,128937,125026,103830,83154,85943,5449,5126,8904,4732,6495,3017,0
221047,1,2,1,1,0,0,0,0,0,0,80883,53265,56836,84454,59027,37178,2695,2936,7372,3405,2649,2037,1
220309,1,1,1,1,0,0,0,0,2,0,72315,76853,57806,51393,40009,41380,6804,4317,2847,1237,6769,1403,0
144278,1,3,2,1,0,0,0,0,0,0,135584,75326,90221,53458,15240,48762,4505,10937,1953,2205,1149,6867,0
143205,0,3,1,1,0,0,2,0,0,0,168892,122594,156678,119094,85802,64352,3477,15233,3624,8609,2443,5223,0
96577,1,1,1,1,0,0,0,0,2,2,3657,101007,72885,96675,71561,56288,2829,2790,3951,5941,3987,987,0
162994,0,5,1,1,2,2,0,0,0,0,104119,98719,109598,103739,97619,111632,5497,5536,1150,5596,4707,9963,0
178600,0,2,1,1,0,0,0,0,0,0,79777,63865,54940,74815,36774,31360,5776,4102,5714,3292,4455,104,0
63672,0,1,1,1,1,0,2,0,0,0,36111,53195,67365,69722,34902,20848,612,6696,3792,6281,888,3769,0
45319,0,1,1,1,1,0,0,0,0,0,63509,64248,84637,97087,84788,100298,1587,6936,3601,10873,8849,4213,1
109254,0,1,1,1,0,0,0,-2,0,2,66872,72025,37936,71542,10013,23215,2954,2676,5257,1680,2644,248,0
308170,0,3,2,1,0,0,2,2,-1,0,-1351,72253,66516,40485,48886,57175,4182,11896,4086,913,732,10938,0
84547,0,3,2,1,0,0,0,0,2,0,68679,79780,67825,82940,52267,46140,2950,2750,1059,4301,2961,1504,0
392756,1,3,1,1,0,0,0,0,0,0,129399,169181,136052,105340,47527,28678,1902,16282,6039,7363,2653,6549,0
386567,0,1,2,1,-1,0,0,0,0,2,124196,97018,79490,102672,101529,99022,4224,10646,5233,3554,5667,11006,0
284293,1,2,1,1,0,0,2,0,0,0,73620,70111,109540,91769,93986,103918,3417,8158,2876,8867,5193,5230,0
213886,0,1,2,1,0,0,0,0,0,0,81270,49789,94200,57573,68068,94330,4327,9018,4724,5200,9218,2719,0
204759,1,3,2,1,0,0,0,0,2,0,74685,73179,78193,58316,70762,102619,5698,2567,2315,3091,6892,3307,0
152943,0,1,2,1,2,2,0,0,0,0,71059,63242,65535,26097,36304,49525,3124,6810,3252,411,1294,5473,0
219599,0,2,2,1,0,0,0,0,0,0,99512,85623,102023,103517,80090,101460,9016,2155,2995,2855,9932,2963,0
159721,1,1,1,1,0,0,0,0,0,0,83983,51138,74823,34554,56836,84885,9498,5558,439,3314,5724,4566,0
83847,0,2,1,1,0,0,0,-1,-1,-2,13626,33298,639,49678,16598,-706,1824,8436,1255,455,3462,5252,0
143297,0,2,1,1,0,0,0,0,0,2,105456,112358,125047,116600,88346,92657,6480,10090,5209,10335,7929,5958,0
207993,1,2,2,1,2,0,0,7,0,2,29280,50640,41523,34442,26636,14875,1252,4291,3091,4630,372,1799,0
64784,0,2,2,1,0,0,0,0,0,0,60493,96119,88761,105788,90868,84356,8516,3579,5855,4397,6379,2825,0
292176,0,2,1,1,-1,0,2,0,0,0,79934,106031,99520,74897,84228,74620,4659,13213,4695,2515,5936,6064,0
97251,1,2,1,1,-1,0,0,0,0,2,49095,62337,38496,84874,69002,86556,3523,10076,1907,6134,2459,11888,1
312285,0,1,1,1,1,-2,0,2,0,0,39098,37133,16996,54540,19673,39242,166,674,913,2622,1818,2994,0
176053,0,1,2,1,0,0,2,0,3,0,9980,29506,38912,57448,52810,39899,2990,3731,2824,2210,10523,7833,0
305272,0,3,1,1,1,0,0,0,3,0,136664,128673,141050,83900,89766,90890,7765,7221,1236,1170,2333,7861,0
147902,0,2,2,1,1,0,0,0,0,0,129074,108870,93256,124049,85371,70924,2308,165,8318,6202,12312,1256,0
352328,1,2,1,1,0,0,0,0,0,0,103863,75224,59453,26856,45164,82311,2289,15772,2128,2991,10785,10631,0
83567,1,3,2,1,0,0,0,0,0,0,86257,78869,41994,43916,16553,33819,6015,2429,2445,365,7386,2419,0
424700,1,1,1,1,0,0,0,-1,0,0,58479,60218,63287,77293,57632,56910,2237,15987,3813,1468,7280,6480,0
76667,0,2,1,1,1,0,2,0,0,0,75276,64779,96792,50958,37922,51217,888,6052,3796,3815,4814,4581,0
132273,0,1,3,1,0,0,0,-2,0,2,87030,130062,124082,63636,76432,93815,9899,4494,1939,5543,1174,9019,1
128829,0,2,1,1,0,0,0,0,0,0,54380,64114,61422,78236,42216,51452,1866,11627,3479,4158,2751,8141,1
102800,0,2,2,1,0,0,0,0,0,0,98254,116554,69153,105743,73812,81544,4832,3315,3329,6319,7801,4714,1
168249,0,1,2,1,0,0,0,0,0,0,120368,102520,157349,113060,94733,101721,3814,13808,8226,6225,1950,3867,0
154881,0,1,2,0,-1,2,-1,0,4,-2,13583,53691,29560,23149,39725,54916,2407,725,453,611,1763,3672,1
46031,1,3,1,1,1,2,0,0,-1,0,43853,3579,20192,46103,35204,29890,3425,2457,2420,1894,4074,2911,0
365631,0,1,1,1,0,0,2,2,0,0,38072,87702,78964,94599,85311,81725,3469,5833,1977,8089,7422,2012,0
477530,0,3,1,1,0,0,0,-1,-2,-1,50844,13781,18605,44883,12346,-15062,6830,2254,6530,4353,7696,3434,0
77499,0,2,2,1,-1,-1,-1,-1,-1,0,58920,-2670,29504,30246,10007,29267,13844,7429,14466,2416,10242,4282,0
399752,1,2,1,1,0,0,0,-1,-1,2,16639,32189,6576,13113,5713,13778,5567,4107,5337,5721,3814,3140,1
113572,1,3,1,0,2,2,0,0,0,0,29536,-2448,52083,29687,42951,57521,82,10934,5600,4241,589,7137,0
136868,1,1,2,1,1,-1,-1,0,0,0,71662,42809,24888,35200,17739,25568,13001,4692,7165,6410,5747,6208,0
24076,1,2,2,1,0,-1,-1,-1,2,-1,-13161,40013,-13544,16372,10259,7961,11430,2937,7991,9885,9258,5116,0
172388,0,3,2,1,0,0,0,2,0,-1,66686,3763,47294,16460,22317,37004,8958,7571,4652,9307,3919,4535,0
152062,1,2,1,1,0,0,2,2,0,-1,47813,20556,36362,21883,-9400,8721,5391,6323,509,3519,1118,2090,0
124302,1,2,1,1,2,-1,-1,-1,0,0,28046,-29,5372,36776,16229,25459,7270,6824,9126,8478,2344,6400,0
238654,1,2,1,1,-1,-1,-1,-1,-1,-1,3958,18856,34043,10958,17076,10433,1992,5294,15237,11229,2762,8400,0
188187,1,1,2,1,0,-1,-1,-1,-1,0,-1722,21066,13317,36195,16818,22173,238,5541,1423,5232,4322,3799,0
249322,1,1,1,1,0,2,0,0,0,-1,31330,56381,57593,17246,12910,6297,2796,6297,6033,4267,3365,3401,0
246130,1,2,2,1,1,-1,-1,-1,0,0,18119,-12523,-6208,5120,-7569,9748,9401,9968,8160,5544,11518,1436,1
151948,0,1,2,1,1,-1,-1,-1,-1,-2,14303,13347,-22128,24684,11459,2728,6571,476,5089,927,14027,2510,0
397918,0,1,1,1,-1,-1,-1,-1,0,0,33447,10682,-1032,4617,-10157,11966,8164,7055,10722,507,10893,1711,0
159885,1,1,2,1,1,-1,-1,-1,0,0,33279,2922,-7984,34447,20162,16823,10895,598,11121,10003,4017,5945,0
149455,0,2,1,1,1,-1,-1,0,0,0,2090,-24599,32972,3644,19511,44835,9548,9467,9256,6894,10073,5984,0
243506,1,1,2,1,2,-1,0,-1,-1,-1,2784,12500,-27721,37343,-6816,-3632,10259,4052,13520,3232,11129,3400,0
288860,0,1,1,1,0,0,0,0,-1,-1,13087,47363,44477,29081,10779,-1966,10306,5094,7502,7402,2417,4579,0
301556,1,3,2,1,1,0,3,-2,0,-1,30634,17503,46867,45110,19725,6548,4238,7887,7669,5192,2068,4248,0
112850,1,3,1,1,0,0,-1,-1,2,0,41891,28660,5334,-8061,20178,46753,16276,1804,7853,13109,2035,4391,0
74273,1,2,2,1,-1,-2,-1,-1,-1,-1,-31879,4074,35825,-26608,-2002,-5978,4763,9120,10677,3811,2127,3607,0
306610,0,2,1,1,-1,-1,-1,-1,-1,-1,-15934,51199,60339,55963,29584,-30339,11111,8795,22932,14335,6625,8103,0
341604,1,3,1,1,2,2,0,-2,0,-1,103113,8340,43171,36355,7251,8185,6254,4675,6065,4407,7449,5509,0
30636,0,2,2,1,0,0,2,-1,-1,-1,-15041,14972,28251,35083,13573,-7821,333,6129,5361,13448,840,1753,0
168345,0,1,1,1,1,-1,-1,-2,-1,-1,266,21496,6202,121,-32468,-19967,1909,6227,4362,2930,4877,1413,0
190789,1,3,2,1,-1,-1,-1,0,-1,-1,4188,-9888,18741,19696,25526,37968,11706,2287,13054,6678,4864,4662,0
290233,0,3,1,1,1,0,0,0,0,0,59626,26256,46258,39985,13955,15961,5393,4401,2299,1829,6435,4360,0
194894,1,2,2,1,-1,-1,-1,-2,-1,-1,38736,-24244,22172,6806,1896,11037,8646,7064,10905,9877,8486,3365,0
276478,1,1,2,1,2,2,0,-1,0,0,27929,7353,30675,11904,5766,9004,177,11561,4425,817,6626,1485,0
91086,1,3,2,1,1,2,0,-1,0,0,69275,30109,37461,51681,13611,5304,8693,5047,7394,6619,2202,6652,0
299852,0,1,1,1,-1,-1,-1,-2,-2,-1,62083,35000,-3525,48010,-8015,-25111,11557,5119,13255,7592,14277,4906,0
278552,1,1,2,1,0,0,3,-1,-1,-1,32100,11001,30261,6024,25179,38834,10043,4270,9174,5985,10567,6377,0
422582,0,3,1,1,-1,-1,-1,-1,-1,-1,25179,-13025,-16419,22024,36015,298,19459,907,13229,13900,13243,7501,0
82467,0,1,2,0,1,-2,-1,-2,0,-1,58149,27767,18821,27968,5490,39147,6715,6987,10949,7610,2282,6665,0
167526,0,1,2,1,-1,0,0,-2,-2,2,59280,37435,28528,25630,20227,20972,5335,2378,2115,9743,5192,5144,1
269058,0,1,1,1,0,0,2,-1,-1,-1,31495,32825,16993,37759,26998,-6099,14640,646,9679,3325,9520,5551,0
312543,0,1,1,1,0,0,0,-1,0,-1,10792,24397,12203,31340,27973,-1821,1052,3829,1540,9749,573,3804,0
238724,0,3,2,1,0,0,0,-1,0,0,73835,51885,18220,59075,25802,30863,16881,3289,16855,6422,5356,9949,0
223962,0,1,2,1,1,-1,-1,0,0,0,1316,-19203,6807,13015,34503,58415,12953,888,5841,6331,9718,3892,0
441921,1,2,1,1,1,-1,-1,-2,-1,-1,21716,-4180,2828,12914,-3823,-39836,7569,9381,18593,6824,6957,2411,0
161791,0,1,1,1,0,0,0,0,2,2,90361,46908,57944,34262,44422,40101,18727,1498,6431,5263,7317,5299,0
266464,0,1,2,1,0,0,0,-1,0,2,9920,52856,21700,32106,8711,-13548,131,2252,3078,5994,2564,3082,0
56176,0,2,2,1,0,0,0,-1,0,0,25243,47231,36431,21947,18466,-2163,3918,2652,5245,1943,543,5179,0
141433,0,3,2,1,0,-1,-1,-1,-1,2,13436,4699,7180,42505,23278,10030,5102,2577,9767,4063,6810,2755,0
342424,1,1,1,1,1,2,-1,-1,2,0,20157,-19782,5187,10391,31432,42171,1526,4574,3272,6109,1904,5099,0
77561,1,2,1,1,-1,-1,-1,-1,0,-1,13267,-28637,13635,24056,-4619,8391,7170,7362,6082,8450,8214,5062,0
165427,0,2,1,1,-1,-1,0,-1,0,-1,42920,27493,-23417,50957,27414,11079,14976,1867,16325,12909,7798,6560,0
43281,1,2,1,1,0,0,0,0,0,0,36930,38295,13234,44628,19201,21988,3534,3286,2279,2417,1442,4453,0
159426,0,2,2,1,-1,-1,-1,0,-1,-1,31322,39596,13719,23979,3160,36563,2080,2916,1787,3087,9104,2644,0
13751,0,1,2,1,-2,-1,0,0,-1,0,30914,13210,15861,39320,12559,4208,2391,5520,5534,8520,2930,2483,0
353042,0,2,1,1,0,0,-1,-1,3,0,45587,46532,90962,5143,22813,19596,13151,5066,13838,9133,4896,10132,1
163702,1,3,1,1,1,-1,0,0,-1,-1,38859,-10597,24897,44649,33506,12184,8536,4377,10574,9842,2456,6074,0
212678,0,2,1,1,0,-1,-1,-1,-1,0,4925,30391,30407,17925,23437,-3467,10494,6469,17815,9150,6213,4636,0
129625,1,2,1,1,-1,-1,0,0,-1,-1,90595,19992,41700,74736,39975,33257,11994,8234,12328,16679,7245,6872,0
91651,0,1,1,1,0,0,0,0,2,0,15587,8278,38220,16056,50025,59086,5142,1051,1923,8764,915,4606,0
295427,0,3,2,1,-1,-1,-1,-1,-1,-1,-6256,10190,14857,-2621,5185,-7709,1347,7914,13669,10857,5853,6212,0
197461,0,1,2,1,-1,-1,-1,0,-2,-1,-5716,31739,23092,44230,3060,-40358,6790,9668,23439,8237,1690,5545,0
209984,0,2,2,1,0,-1,0,-1,2,0,70284,56713,36362,52477,36914,28954,9249,7092,9738,1986,2843,8220,0
83856,0,3,2,1,-1,-2,-1,-2,-2,-1,4338,-4445,25963,-16428,-14715,39104,99,5528,2241,6665,1442,6110,0
294318,1,3,1,1,-1,-1,-1,-1,-1,0,45740,-32963,7447,-13112,-7926,43250,7919,9352,8040,5650,6919,7182,0
194007,1,1,1,1,1,-1,-1,-2,-1,-1,-6329,-12841,-40959,28483,-2164,-5988,864,2448,3552,13431,11508,2111,0
70225,0,1,2,1,-1,-1,-1,-1,-1,-1,-9569,46161,7261,22125,-10635,-5347,4973,723,5490,2429,9957,1614,0
444580,0,2,1,1,-1,-1,0,-1,-1,-1,35641,31596,1010,30512,5547,-8132,12415,1086,16318,4249,13798,5069,0
196119,1,3,2,1,0,0,0,0,0,0,23355,17273,31537,32138,28984,2784,3635,4845,2075,7003,37,2748,0
256907,0,1,2,1,0,0,0,0,0,0,26340,26153,72207,-11318,23165,12949,13586,3641,12411,4507,2039,6098,0
69737,0,1,2,1,1,2,0,-1,0,-1,-18135,47202,36242,42536,32405,5483,2628,2210,12657,14687,1341,5609,0
130833,0,2,2,1,-1,-1,-1,-2,-1,-1,14249,39348,7876,-14951,-4856,46591,8240,2683,5574,4736,8834,3330,0
398787,0,2,2,1,-1,-2,-1,-1,-1,-1,39236,4693,-8110,-8350,12007,4592,11342,5076,14519,8099,10040,3979,0
298813,0,2,2,0,2,2,0,0,0,0,46022,51819,46500,22107,16968,10069,6640,10143,10313,2002,808,6414,0
183765,1,3,2,1,0,-1,3,-1,-1,0,83519,-43018,13831,15778,-6697,28943,10965,7041,1468,3564,7121,3181,0
223855,0,1,1,1,-1,-1,0,-1,-1,-1,62443,18970,7587,49610,12772,27545,10645,1863,11694,20069,4067,5288,1
134624,1,2,2,1,0,4,3,-1,0,0,80312,16509,31260,53615,20668,15085,8109,9227,5767,5336,4567,5758,0
339119,1,2,1,1,-1,-1,-1,-1,-1,-1,25589,18972,-9026,28028,33991,-1736,12862,3501,15482,8171,9133,4986,0
192186,0,2,1,1,0,0,-1,-1,-1,2,25521,17036,3570,3367,-6143,24770,12390,352,6355,7796,8669,5266,0
125664,0,3,1,1,0,0,2,-1,-1,-1,226,39646,57554,22590,35678,4902,12584,2865,11928,11666,4903,5465,0
71851,1,3,2,1,1,-1,-1,0,0,0,-10722,1600,14704,15973,35191,34792,4527,3624,5005,12911,4525,6792,0
11706,0,2,2,1,-1,-1,-1,-1,-2,-2,4286,21346,33681,15629,-10070,3179,3075,9057,9945,7325,6176,2971,0
80401,0,2,1,1,0,0,2,0,0,0,47782,53082,45700,44859,31289,12380,6363,5062,8851,5225,1313,7380,0
198660,1,2,2,1,0,-1,-1,-1,-1,-1,-6690,-6545,23869,8121,18096,34189,11803,6600,15188,8626,4965,7278,1
212295,1,1,2,1,2,0,0,0,0,0,48578,51519,67410,54454,41350,28042,12786,7830,18527,7832,514,6432,0
357245,1,1,1,1,0,0,-1,-1,0,2,-17245,21388,31462,-14632,14494,25775,1730,2907,1896,3134,3215,4473,0
258971,0,1,2,1,-1,-1,0,0,2,2,-10357,51435,10377,-2438,-1532,-2810,3063,254,5890,139,3866,2505,0
81553,1,2,1,1,-1,0,0,-1,0,0,90830,93679,51458,56026,41673,10076,24959,7969,22677,3692,4247,7408,0
47910,0,1,2,0,0,-1,-1,0,-1,0,523,17425,31281,15129,42009,7545,6948,4129,11176,11263,4100,2414,1
264880,1,2,2,1,0,0,2,-1,0,0,55253,51223,34180,45058,40485,-6560,15028,4409,13435,3015,6954,5573,0
111043,0,3,2,1,0,0,-1,-1,-1,-1,8558,41985,27024,24895,87,-10217,2659,7432,8336,15717,3647,5724,1
359972,1,2,2,1,0,0,0,-1,0,-1,44891,46211,32741,41983,-339,-10650,12182,5428,16510,6664,1501,4721,0
247561,1,1,1,1,-1,-2,0,-2,-1,-1,60157,42299,-1217,38251,711,-8660,5195,4739,9357,15374,4517,1941,0
279068,1,2,0,1,-2,-1,-1,-1,-1,-1,20998,22750,26973,42887,18965,5321,13524,8339,15934,14317,8206,6229,1
16030,0,2,1,1,0,-1,-1,0,0,0,44815,18237,6977,63784,31689,36691,7721,6952,5711,6403,6073,4745,0
415943,0,2,1,1,-1,-1,-1,-1,0,-1,55371,-21321,-21706,73806,28293,23041,19725,5070,16265,12741,12892,6526,0
156462,0,2,1,1,-1,-1,-1,-1,-1,-1,7109,-22459,8489,-33112,-8934,24723,3390,3957,7490,1583,5433,2792,0
414755,0,2,2,1,-1,-1,-1,0,0,2,37432,-4161,12736,-1839,757,39101,6250,5830,1939,3535,14551,3421,0
398573,1,2,2,1,0,0,-2,0,-2,-2,68906,-7701,22165,12388,18398,49669,20401,418,12630,7714,11327,5841,0
221160,0,5,2,1,0,0,0,0,-1,-1,33673,23689,60952,24617,11862,19756,10664,3149,13182,9582,3740,3108,0
39337,1,2,1,1,2,0,0,0,-2,0,56940,37977,81674,12892,11495,40604,10422,4422,3769,15062,5281,3988,0
311207,0,1,1,1,-1,-1,-1,-1,-1,-1,21583,1595,17019,35142,-7151,10576,6826,3502,7999,11897,7808,2641,0
185317,0,2,2,0,-1,-1,-1,0,-1,-1,8097,-4867,31470,40879,5426,-2907,8592,9479,2056,21300,13208,3674,0
247169,0,5,1,1,0,-1,-1,-1,-2,-1,56481,-2283,28338,39149,-4487,14824,7894,3402,11390,2486,11890,1263,0
210984,0,2,2,1,2,0,0,0,0,0,47472,42014,55906,11621,41199,59989,6572,5019,6741,18510,3870,6028,0
113625,0,1,2,1,1,6,0,0,0,-2,12363,45377,-43862,62500,7124,-15075,9019,2068,350,1151,3402,3729,0
238171,1,2,2,1,0,0,-1,0,-1,-1,54417,-20938,30835,-85,-3085,50900,11964,2020,6413,7946,13266,3920,0
206900,0,3,2,1,0,0,0,0,0,2,32239,96872,62011,70130,42917,-14993,4508,10432,11996,8104,4338,3197,0
186186,0,1,2,1,-1,-1,-1,-1,-1,-1,-11550,23983,6441,-1330,-19398,17148,2390,9082,6128,335,2017,3203,0
17973,1,2,2,1,0,0,-2,0,0,0,28967,23511,48265,19324,24124,62466,6345,1763,7852,2341,1108,3727,0
154494,0,1,2,1,-1,0,0,-1,0,0,37435,25864,45344,9360,8216,20228,7527,1469,6095,13430,2935,4697,0
362939,0,1,2,1,1,-1,-1,0,-1,0,-10577,12476,18335,-7684,-7093,31605,4293,9262,4242,3681,1809,3696,0
107888,0,1,2,1,-1,-1,0,0,-1,0,61386,35101,12852,61412,24565,-4950,10229,2022,7028,11002,6014,4447,0
367027,0,1,2,1,-1,-1,-1,-1,-1,-1,36653,-1729,73717,5587,-6163,38220,4280,15558,15041,4168,13276,3587,0
132453,0,3,2,1,-1,-1,2,0,-1,-1,-9470,7033,10670,43828,10263,-32441,2690,1174,323,16328,1771,4427,0
296723,1,5,1,1,0,0,-1,-1,0,-1,33972,-15359,29772,9687,7159,22579,5493,2380,5678,13742,14021,2525,0
103732,1,2,1,1,0,0,-2,-1,0,-2,25789,34408,46533,10363,7931,28381,1957,7992,12242,4621,4503,2785,0
286914,0,2,1,1,-1,-1,-1,0,0,-1,28131,8784,36176,27090,2624,20131,4528,12277,2951,2987,15819,3243,0
82974,0,2,2,0,0,0,0,0,0,0,18685,12157,107400,32036,37820,48019,3903,11016,10183,14713,8292,4743,0
194362,1,2,2,1,-1,-1,-1,-1,-1,-1,2167,-21833,17785,-9035,3222,5958,3660,246,8678,11064,2665,2658,0
183727,0,3,2,1,1,0,0,0,-2,0,11553,28033,51098,-2908,16642,34466,579,1733,5492,4249,2234,4846,0
485653,0,1,1,1,2,0,0,-2,-1,-1,50985,-15921,35314,3317,12536,22252,15707,644,5455,18663,7529,3674,0
278312,1,1,2,1,-1,-1,-1,-1,0,-1,3284,13849,52072,7148,-7917,14248,5376,16346,11492,4977,2074,4187,0
285145,0,1,2,1,2,-1,-1,-1,-1,-1,-22625,-15865,20859,-41280,-15078,25880,2491,4513,4587,9740,5462,3739,0
352038,1,1,2,1,0,0,-2,-1,-2,-1,18193,8950,45382,5758,-6266,30243,17909,3183,6551,474,16544,3657,0
301303,0,2,2,1,-1,-1,-1,-1,-1,0,-5908,-14103,20251,-40242,-8099,46118,10820,4432,444,11701,4987,5574,0
313403,0,1,1,1,-1,-1,-1,-1,3,-1,-12103,-2335,20193,-1306,7205,8066,7260,4213,10208,5349,2715,4029,0
50509,0,2,2,1,0,0,2,-1,-1,3,12887,19983,36802,21168,23208,7139,4512,3292,8575,15126,771,3813,0
59106,0,2,2,1,0,0,0,0,-2,3,28821,40510,46960,399,13423,25505,11202,2207,5686,3036,2157,4124,0
293517,0,2,1,1,-1,-1,-1,-1,-1,-1,-10128,-19108,3250,7147,-7180,-11687,863,2721,2536,6072,1174,3880,0
262472,0,2,2,1,0,0,0,0,2,2,61226,67791,39061,45673,35587,2129,7505,1352,438,8829,5014,3211,0
206953,0,2,2,1,0,0,-1,-1,-2,0,29004,25396,19215,24928,-11910,35211,13882,9335,12153,9585,6688,5098,0
126448,0,2,2,1,-1,-1,-1,-1,-1,-1,17112,-41402,5349,9046,2484,7357,3912,255,5934,4645,4714,3244,0
262999,1,1,2,1,1,-2,-1,-1,0,0,24057,-16679,53744,9089,15334,37089,7279,8878,16451,6863,3833,3361,0
44413,1,2,2,1,0,0,0,0,0,0,80831,54430,50190,26371,15004,59129,13046,7737,7262,2928,6070,3704,0
187276,1,1,1,1,1,0,0,0,3,-2,22014,10480,33692,34013,19885,4644,486,9820,5390,7790,1514,1579,0
219132,0,1,1,1,0,0,0,0,0,0,195,38137,66567,72350,56968,-9092,3434,10002,16061,12151,4881,2276,0
164021,0,2,1,1,-1,-1,-1,-1,-1,-1,24551,-44746,39058,27523,-14428,469,2132,13783,19422,16335,2086,2703,0
144292,0,1,2,1,-1,-1,-1,-1,-2,-1,6718,41813,15576,12840,1185,-2141,4640,3497,1091,7306,7419,3536,0
441623,0,1,1,1,2,0,0,-2,-2,-1,46764,-704,37148,5239,-8608,23788,11051,5158,9716,6047,15572,2847,0
376798,1,1,2,1,1,-1,-1,-1,0,-1,17986,-6804,44436,61687,16772,2431,6805,14109,10532,27112,7099,5884,0
486924,0,1,1,1,-1,-1,-1,-1,-1,-1,1379,-1287,14295,-9800,-23069,27656,6244,15241,11391,3766,14469,5215,0
215895,0,2,2,1,0,-1,-1,-1,-1,-2,25645,23081,24979,40632,-7674,-22904,13818,7820,11538,5673,11100,4117,0
236493,0,1,1,1,1,0,0,0,-2,-2,-11670,10379,47619,18440,21255,1324,2195,8952,4683,17461,7620,4349,0
284449,1,2,0,1,0,0,2,0,-2,-2,12963,-16894,64355,27079,11201,14984,7408,5662,9796,6581,11168,4502,0
286568,1,1,1,1,1,-1,-1,0,0,-1,-7860,-28817,90944,-3415,-13195,48046,752,22367,16785,1033,6035,3671,0
409491,0,1,1,1,-1,-1,-1,-1,-1,-1,10003,-15677,956,-22035,-9460,19271,1780,1691,7047,5332,806,2618,0
369292,0,1,2,1,0,-1,-1,-1,-2,-1,8736,21368,18451,19934,-2798,5880,5940,4549,9535,2113,4957,4052,0
179906,0,3,2,1,0,0,0,0,-1,-1,-3018,30436,35273,36570,32471,-2217,644,3456,3386,18434,3288,4527,0
332532,0,1,1,1,2,-1,0,-1,-1,-1,28922,-9270,31945,36083,-14460,-10284,13978,6899,11278,14019,9663,2680,0
227534,0,1,1,1,-1,-1,-1,-1,-1,-1,4811,-20374,30302,8011,-33597,4600,2599,13612,6248,10824,2574,2614,0
178498,0,3,2,1,-1,0,0,0,0,0,20265,24698,22885,-3901,21382,43645,551,1269,4491,2728,4322,330,0
255470,0,2,2,1,0,0,-1,0,-1,0,917,11298,46311,1038,33197,24843,2383,104,11217,3646,7355,238,0
381309,0,1,1,1,1,-1,-1,-1,0,-1,16135,26305,2828,12955,-7346,33686,3152,10950,9707,305,4011,4759,0
137301,1,3,1,1,1,0,0,0,-2,0,23983,65923,13579,19264,2800,23103,7013,2170,2424,3223,1391,1875,0
445562,0,1,2,1,1,-1,0,0,0,0,10078,1634,40520,43154,31347,20163,3970,11873,12872,8971,9999,3716,0
237038,1,2,2,1,-1,-1,0,0,0,0,50092,9552,12381,54600,19122,18537,6449,10080,3789,9305,9911,3411,0
108546,0,2,2,1,2,-1,-1,-1,-1,0,41629,-10707,15702,-28250,-11915,48420,6047,1158,5268,5458,3718,3988,0
228710,1,2,1,1,0,-1,-1,-1,-1,-2,19767,-22865,-323,-9679,6032,26771,9837,4902,7202,6718,4332,2916,0
341818,0,1,1,1,-1,0,2,-1,0,0,5273,13659,26366,172,21753,33305,2866,7014,11677,643,478,3874,0
336772,0,2,1,1,1,-1,-1,0,0,-2,1047,-27270,30848,36630,713,18559,4843,14062,16905,2486,9318,3064,0
386705,1,1,2,1,-1,-1,0,0,-1,-1,22633,-8939,33798,16390,3433,19245,15558,6056,4974,17215,17102,5045,0
83155,0,2,1,1,2,0,0,0,2,-1,23901,12764,32793,21871,29792,30410,14851,3469,2011,7142,17025,2086,0
379224,0,1,2,1,0,0,-1,2,-2,0,30906,12911,45174,11485,4893,26261,6180,7788,11044,2208,4665,4153,0
66749,0,1,2,1,0,0,0,0,0,0,46242,47992,91717,18876,8393,34290,4247,10715,9617,172,7842,1360,0
109890,0,2,2,1,-1,-1,-1,-1,-1,-1,6350,11728,16158,-5767,-16651,22481,6656,3787,4291,8138,8194,2383,0
118688,1,2,1,1,0,0,-1,-1,0,0,25977,37515,-1631,35509,14995,22024,8053,5039,3379,7735,7728,323,0
245329,0,3,1,1,-1,-1,-1,0,-1,-1,41562,24016,44748,3915,-4491,28792,15835,7870,5896,14397,16341,5485,0
166920,0,1,1,1,0,0,2,0,-2,-2,23306,82230,78583,44953,7874,-26627,9305,12927,10429,9748,10380,3664,0
301297,1,2,2,1,-1,-1,-1,-1,-1,-1,31940,-6751,16253,4353,-4947,23327,17377,9741,7600,9672,18242,4697,0
96640,0,3,2,1,0,0,0,0,0,0,29223,30293,48950,52460,32595,28304,4167,13691,2315,7662,5716,1564,0
94544,1,2,1,1,1,-1,-1,0,-1,0,7091,11157,29049,-21301,-5418,57783,1422,6739,1163,566,2664,612,0
229784,1,1,1,1,1,-1,-1,-1,-1,-1,-1122,-16711,12522,-22577,-12307,17313,744,2133,4729,2978,10310,1968,0
153586,0,5,1,1,0,0,0,-1,0,-1,51506,17669,19855,30223,12956,27007,11534,690,8888,8258,9939,3684,0
172225,1,2,1,1,0,0,0,0,0,0,30262,29225,39327,33362,20901,31183,262,1331,4076,6212,664,3230,0
506447,1,1,2,1,0,0,0,0,0,2,58595,18681,38008,16272,36705,43801,6511,1692,8216,13791,9332,3760,0
388721,0,1,1,1,0,-1,0,0,-1,0,44704,14859,16508,36848,32787,27236,15547,925,4377,14056,10932,6038,0
351644,1,1,2,1,1,0,0,-1,0,0,59448,45039,-7537,63492,27958,24603,11245,3061,7876,9340,9180,3997,0
363415,1,2,1,1,-1,0,0,0,0,0,13676,28128,51727,27977,41177,26148,6553,10552,4089,19264,5389,5100,0
79581,0,2,2,1,2,-1,-1,0,-1,-1,17908,-47734,37500,8017,1724,41322,2809,4378,1492,5420,210,2094,0
244546,0,2,1,1,-1,0,-1,-1,-1,-1,28199,13285,24642,9997,-19673,16696,12562,6185,11772,4223,4429,3012,0
316293,0,1,1,1,1,0,3,0,0,-1,23455,7204,44307,30941,10133,24680,590,7324,16124,5496,1812,3412,0
166103,1,2,1,1,0,-1,0,0,0,-2,18964,-19823,34268,27445,15040,26948,2174,11116,10799,320,10806,1331,0
506505,1,2,2,1,0,0,0,-2,-2,-1,6633,24846,60030,23200,7446,14337,9492,14389,17411,4015,12808,3906,0
233077,1,1,2,1,-1,-1,-1,-1,-1,-1,9784,46862,14796,33211,14168,-5113,1560,1470,1732,178,6288,2648,0
186410,0,1,1,1,0,-1,-1,-1,-1,-1,19271,17973,4596,4228,-1174,7274,1401,118,1897,326,6325,2154,0
282261,1,1,1,1,0,-1,2,0,0,0,14992,6842,31787,14648,9965,31713,738,3349,1921,1951,5945,1209,0
100355,0,2,1,1,-1,-1,-1,0,-1,0,23307,-9592,24012,7516,18764,20002,1913,431,2482,2630,4818,2583,0
119634,0,2,1,1,0,0,2,-1,-1,0,27706,84988,-14714,36823,32141,11796,8193,2093,1117,1309,574,2143,0
262622,1,1,1,1,2,0,-1,0,-1,-1,2937,14433,33570,17103,16785,2528,107,1611,1920,1940,1715,2348,0
45061,0,2,1,1,0,0,0,0,-1,-1,13773,31451,67885,21950,28458,18669,307,3321,5699,2359,6992,2462,0
145392,1,1,2,1,-1,-1,-1,0,-1,0,12575,-5333,45857,-47095,-4656,64706,386,1869,1379,3633,7728,1253,0
19907,0,2,1,1,0,0,0,0,0,-1,25448,29849,79739,25357,17968,32534,750,2444,4058,2519,11621,2323,1
142109,0,1,1,1,2,0,0,0,-1,-1,13455,1117,37408,-12672,27437,17240,590,4118,244,2699,2220,2650,0
327447,0,2,2,1,0,-1,-1,-1,-1,-1,-2385,33664,40263,1198,-12882,30288,823,3652,3922,2338,6,3286,0
85484,1,2,1,1,0,0,0,0,0,0,29068,45594,39257,20675,22458,53480,5419,1497,2835,2973,2631,2282,0
304790,0,2,2,1,0,0,0,0,0,0,8195,82066,30311,47797,34155,713,2152,8866,3040,5233,523,2648,0
282237,0,1,1,1,1,0,-1,-1,0,-1,285,22822,3853,23957,24756,5122,3079,2650,4673,1413,3295,2086,0
242115,0,1,1,1,0,0,0,0,0,0,34829,34417,37261,10336,36741,33662,183,2999,4301,5135,3645,1206,0
141615,0,1,1,1,0,-1,0,-1,0,0,47452,31023,8096,4562,-573,29659,3266,725,5232,3540,9183,1575,0
197330,1,2,2,1,-1,-1,2,-1,0,2,9610,35982,-8121,34566,2626,11532,2144,1380,993,7597,1789,3546,1
302525,0,2,3,1,0,-1,-1,0,0,-1,27512,40561,19133,-10493,24214,3322,2703,5846,1053,3895,2450,2760,0
175364,0,1,1,1,-1,-2,-1,-1,0,-1,28045,4272,18948,-10550,562,22361,994,3059,1646,974,4328,3076,1
173749,1,2,2,1,0,-1,0,-1,0,-1,9570,46612,17659,15472,-13159,-8804,3475,2427,3156,2549,1921,2910,0
280087,0,2,2,1,-1,-1,0,-1,0,-1,23501,31679,-8531,22464,5827,-508,2267,4061,1456,5235,3694,3388,0
104210,0,1,1,1,-1,-1,-1,0,-1,-1,-51646,68375,-4481,21940,2513,-18937,3303,1515,746,3578,5159,3130,1
315944,0,2,1,1,-1,-1,-1,0,0,0,44423,5377,1614,-10022,17085,22897,8245,707,1402,328,2453,2011,0
248621,1,1,3,1,0,0,-1,-1,0,-1,13649,9490,10403,-8234,12765,15986,1132,981,4079,768,6327,3282,0
374564,0,1,2,1,-1,-1,-1,0,2,0,20167,-1265,9673,-1604,17224,25026,2150,673,3526,1103,5135,2592,0
266308,1,3,1,1,-1,-1,-1,-1,-1,-1,10216,11706,7470,41827,6268,6618,5930,10850,4824,10351,4782,3399,0
331389,0,2,1,1,-1,-1,-1,-1,-1,0,23767,-6547,-16499,56876,19362,-18957,2385,11060,6375,11874,8630,3380,0
294989,1,3,2,1,-1,0,0,-1,0,0,25601,26116,6436,23325,7068,3880,169,15565,3533,8921,3790,2190,0
183712,0,5,3,1,1,0,0,0,0,0,27811,-8401,26777,4992,-2453,10416,233,9844,2065,2040,3233,1006,0
327501,1,3,2,1,0,3,0,-1,0,-1,73400,7232,-10484,51088,14592,25526,18198,8519,12518,7180,15033,2640,0
163811,1,2,2,1,-1,-1,-1,-1,-1,-1,7935,30872,9555,30025,8175,2011,11076,14159,7937,13135,5493,4295,0
295956,0,3,1,1,-1,-1,-1,-1,0,2,17428,-4941,-1806,-587,12503,33658,6721,10274,10378,7816,7745,2681,0
266959,1,2,2,1,0,0,0,-2,0,0,39909,15654,-3564,-5912,-2285,19234,7803,4454,1636,4796,9226,2795,0
266539,0,1,2,1,-1,-1,0,0,0,0,51905,-1756,10630,37945,32694,18499,12668,14618,13146,16881,9654,4465,1
318485,0,3,2,1,2,0,0,-1,-1,0,85563,-11661,-21142,50606,31442,14873,10149,3988,15446,21686,8010,3077,0
49726,0,3,2,1,0,0,0,2,-1,-1,-5348,8406,25268,19462,16425,6184,3636,8882,3327,4520,5508,2404,0
148762,0,1,2,1,-1,0,0,2,-1,-1,33222,30774,-4914,17824,2597,19779,15139,9020,3749,2016,557,2926,0
89814,1,2,2,1,0,0,3,-1,0,-1,-17091,39627,14672,31624,7948,2548,7931,13042,3723,11073,11252,4080,0
170730,0,2,1,1,0,8,0,-1,0,-1,41600,23126,15474,55768,11161,17128,11394,13526,17515,12238,13415,3093,1
500063,1,6,1,1,-1,-1,-1,0,0,0,7162,31764,19773,44440,5857,-9123,4841,17307,681,6437,3248,3131,1
427658,1,3,2,1,-1,0,0,0,0,-1,35544,34474,8640,66792,36905,-4498,9541,22869,16518,16449,15749,4787,1
458496,0,1,2,1,-1,0,0,-1,0,0,59402,-3178,8560,25088,19647,13491,5660,14839,13837,9381,9354,3190,1
303567,0,1,2,1,0,-1,-1,2,-1,-1,21063,-3511,34943,3164,24283,15982,8859,15391,10542,12499,9008,4329,0
410104,0,1,2,1,0,-1,2,-1,-1,0,1874,-550,28003,-5091,2657,15186,3859,6805,3910,11611,1721,3438,0
627764,1,2,2,1,1,-1,-1,-1,-1,0,43776,-20293,-17712,24923,417,24300,12468,2379,9086,11488,14426,3732,0
29053,0,1,2,1,2,-1,-1,-1,-1,0,35289,95,10442,13263,-9751,15431,7605,9397,4377,5668,239,2301,0
389626,1,2,2,1,-1,-1,-1,-1,0,-1,56981,-29361,9724,12745,12034,20552,11629,11581,10497,5452,15180,3930,0
484663,0,1,1,1,-1,-1,-1,-1,-1,-1,-931,-15305,35633,-16025,10623,25862,8294,11027,2429,13537,4584,4965,0
302701,0,2,1,1,-1,-1,-1,0,0,2,14104,2545,-21979,32388,21655,-11756,10972,6737,234,979,7137,3006,0
316417,0,2,2,1,-1,-1,2,0,0,0,35253,385,-6320,-1418,15509,1150,5029,6210,81,6345,6321,1836,0
393908,1,2,2,1,-1,-1,-1,-1,-1,0,21603,-8110,8210,-1377,-4003,20064,2535,19236,4707,6097,8615,3676,0
140967,1,3,1,1,2,-1,-1,-1,0,-1,53152,-3380,-24406,40638,8100,37033,23532,9754,14450,3200,19887,3455,0
247056,1,1,1,1,1,0,-1,0,0,0,31237,12483,8486,20113,4538,7634,1539,13164,7641,8957,5386,3140,0
235159,1,1,1,1,0,0,-1,0,0,-1,5681,36571,45335,17895,3479,22746,8309,18011,8421,12393,4338,2753,1
344949,0,1,1,1,-1,-1,-1,-1,-1,0,28529,17320,1852,37905,3462,20544,9727,9519,10227,11276,7090,2971,1
392686,1,5,1,1,1,-1,-1,-1,-1,-2,35261,5050,-7213,42996,8428,15778,7403,13917,8446,14139,3743,4176,1
247420,0,2,2,1,-1,2,0,0,0,0,28673,8991,7548,39918,10359,-23838,5846,4365,1198,6495,6544,1728,0
204433,0,1,2,1,2,0,0,0,0,-1,20253,9380,29100,31734,9228,-9962,9029,9493,10850,968,4616,2200,0
163845,0,2,2,1,-1,-1,2,-1,-1,0,-26185,14267,55,26888,6039,4530,3790,4340,1505,14701,2213,2987,0
226331,0,2,2,1,0,0,0,0,0,-1,37803,25029,-6426,11088,-10213,18563,15106,5502,5956,1235,5918,2415,0
269752,1,3,1,1,-1,-1,-1,-1,-1,-1,18385,-6323,7403,6458,18982,-7169,7849,4104,9222,5890,2282,2078,0
267041,0,3,1,1,-1,-1,2,-1,-1,0,35070,-15457,-7533,13789,18005,20735,14018,4554,1472,7687,16219,2569,0
404041,0,1,2,1,1,-1,-1,-1,0,-1,-332,-2160,2062,29438,15720,5749,1169,11630,12252,10254,13299,3926,0
417764,1,3,1,1,1,-1,0,0,-1,-1,-17915,-1529,57037,3433,9995,35087,10669,3609,10449,6456,7241,2105,1
283885,0,1,2,1,0,0,0,2,-1,-1,40305,-31740,39589,-4900,23520,9298,4672,2410,9156,7259,3133,2071,0
31132,1,1,1,1,1,0,0,0,0,-1,49020,6743,35505,28516,-1054,18883,9737,16007,13316,8571,12594,1951,0
227976,1,2,2,1,-1,-1,2,-1,-1,-1,1701,28683,-23142,52259,4818,5422,7760,6064,7786,12260,12945,3555,0
384921,0,1,1,1,-1,0,0,0,0,0,21950,3671,15825,29652,23872,4888,3864,15419,7086,7914,4690,2326,0
248066,1,1,1,1,0,-1,-1,-1,-1,0,44634,24866,-12343,17142,-19806,19038,9302,10830,3919,5895,6346,3080,0
162700,1,3,2,1,1,-1,3,-1,0,-1,11632,-14802,37509,31896,6416,24143,10135,4162,10044,7430,10905,2919,1
348749,1,1,1,1,-1,-1,-1,-1,-1,0,41036,-1352,30642,-9407,5263,46188,9222,15602,7360,18863,6782,3367,0
277217,0,2,2,1,0,0,-1,0,0,-1,14261,7233,686,12414,37751,-7350,10865,5937,5355,3322,9728,2973,0
414841,1,2,2,1,-1,-1,-1,-1,-1,-1,-10683,28577,26232,10820,20836,34825,9646,11310,12075,16155,8911,4294,1
24098,0,2,1,1,0,0,0,-1,-1,-1,47449,27906,33800,34293,26359,-3963,8248,23887,20114,18050,4198,3522,0
108149,1,1,2,1,1,2,-1,0,0,-1,-7676,5876,1160,48818,24591,-8963,243,3471,8583,7782,4027,1932,1
97341,1,1,2,1,-1,-2,0,0,-1,-1,32446,48631,19081,24800,22406,13321,17348,14629,6236,12712,12538,3832,1
79391,1,5,3,1,0,-1,-1,-1,-1,-1,76801,-13067,1426,23134,-390,32898,15043,1717,12397,9909,10639,2765,0
211367,1,1,1,1,-1,-1,-1,-1,0,-1,30037,-18728,20965,1117,-3230,24476,7269,12114,8542,2559,10589,2459,0
63735,0,1,2,1,0,0,0,-1,0,-1,49439,-10538,26600,-10854,12525,36951,9585,2758,11169,11962,7142,1601,0
161481,1,5,1,1,-1,-1,-1,-1,-1,-1,18736,-15980,13768,43755,29984,17748,7341,8159,10298,12241,15308,3469,1
164529,1,5,2,1,0,8,0,0,0,-1,36293,35223,-46788,75688,33756,-869,14790,1855,7613,14575,19249,3048,1
466125,0,2,1,1,-1,-1,-1,-1,0,2,52783,-2235,-33145,27182,-6911,-1371,5959,12666,4538,2760,5735,3366,0
434245,0,1,2,1,-1,-1,-1,2,0,2,-9510,12193,10379,36928,7009,-3864,5440,12989,5904,1313,2202,2452,0
253367,0,5,1,1,-1,-1,-1,-1,0,0,31954,11851,-20903,20930,-5965,-5409,6656,5143,4048,4683,4707,2568,0
171505,1,5,2,1,1,-1,0,0,-1,-1,-7309,1779,10843,59028,18138,-12498,2855,13727,9669,11323,9310,2952,0
49100,1,3,2,1,0,0,2,0,0,-1,38024,-10318,35669,9855,6654,20308,13031,4215,1830,5436,10744,1685,0
323296,0,2,1,1,1,0,-1,-1,2,0,20129,30023,-20105,11171,3444,33134,12701,309,7352,6905,5951,4004,0
553911,0,1,2,1,-1,-1,-1,-1,-1,-1,-5981,4371,-15672,36653,21885,-3449,5864,7725,4584,17118,10370,4602,0
218626,1,2,2,1,2,0,0,-1,-1,0,24340,37735,-37435,66560,28529,-31080,533,5008,3610,11605,2890,2093,0
301188,1,2,2,1,1,-1,0,-1,0,-1,50837,8329,-13490,17279,-3848,13409,11183,8427,7453,1072,15665,3400,0
19651,1,3,2,1,0,0,0,0,0,-1,39275,20564,-15512,43202,19146,-10324,8016,6793,4680,7278,8507,2247,1
216246,0,3,1,1,0,0,0,0,0,0,79673,-32374,32208,-13263,18283,30537,12011,11224,7387,6317,10833,970,0
61922,1,3,1,1,-1,2,0,0,0,-1,6157,5420,50560,40688,38220,-25284,3480,20977,9434,15376,7201,2181,1
312267,0,3,2,1,1,2,0,0,0,0,30723,20983,-5562,42838,18270,15332,12329,2502,5867,5690,6152,2677,1
206935,0,3,1,1,-1,-1,-1,-1,0,-1,39982,-33015,15168,10433,7131,-5638,8164,6234,3149,3346,15368,3446,0
282414,0,1,1,1,-1,0,-1,0,0,0,15390,21911,19762,-17316,-9444,24517,9713,12208,1009,6306,3174,1967,0
298468,0,1,1,1,0,0,0,-1,0,-1,52369,25436,-13280,59065,24567,-18303,2499,8903,13361,13621,321,2361,1
310309,0,5,2,1,1,-1,0,0,0,0,33877,-25491,42202,34645,7570,9337,9057,3873,10490,1988,4474,1597,1
248167,0,2,2,1,-1,-1,2,-1,-1,-1,29926,10548,4634,20904,27493,-3122,17024,12228,9053,11189,9040,4609,0
245128,1,3,2,1,-1,-1,0,0,-1,-1,36695,-22267,21251,4162,14374,45741,15759,8826,11051,11309,13700,4654,0
89205,1,2,1,1,2,-1,-1,0,-1,-1,21207,-9750,20744,-8639,9507,9714,5069,6234,2316,2109,4397,1847,0
176232,1,3,2,1,-1,-1,-1,-1,0,-1,39213,19914,-25569,50356,24096,14992,12145,12931,11290,19445,12883,4174,1
57109,1,5,3,1,1,0,0,-1,0,-1,18790,27288,21369,66901,26076,3774,6095,19495,13995,21385,23032,4071,0
181872,1,1,1,1,0,0,0,-1,-1,0,48896,25516,-8719,24842,29538,-16110,736,7425,9032,13193,1907,1636,0
376586,0,3,2,1,-1,-1,-1,-1,-1,-1,26740,-965,683,31571,15090,-12536,11228,9290,7535,1465,9921,2516,0
387156,0,3,2,1,1,0,0,0,0,0,9996,9590,1437,6530,22764,25271,8888,7182,6397,5638,7523,2267,1
217452,1,2,1,1,0,0,0,2,0,2,-29307,45876,17848,-10828,-119,10761,1539,13664,21,3501,1371,2801,0
108538,1,2,2,1,2,0,0,0,0,0,40507,13661,19758,-27631,4242,44129,13674,4336,2786,1197,6696,2592,0
191355,0,1,2,1,-1,0,0,-1,0,0,13301,43589,-20854,39702,-2869,10145,13265,7225,6378,4693,6510,3939,0
162884,1,2,2,1,0,2,-1,0,0,0,53827,-4106,-24256,52969,16857,14820,9523,3769,10261,11112,8751,3294,0
162260,1,5,2,1,-1,-1,-1,0,0,-1,-6138,28974,1072,39607,5553,4986,6898,14420,1629,6284,5774,2965,0
269495,0,1,2,1,-1,-1,0,-1,0,0,21429,-15958,16077,14450,36384,6132,5544,10779,8611,8358,13003,2614,0
434632,0,3,1,1,-1,0,0,-1,-1,0,47874,-7463,4690,21173,27116,2539,5711,7068,6624,8710,3785,1351,1
324547,0,2,1,1,-1,0,0,-1,0,0,36708,1457,-21714,10564,9284,31957,14836,1065,6212,179,13288,2683,0
82199,1,1,2,1,1,-1,-1,-1,-1,-1,-11059,41401,-8573,24395,-19653,3747,4836,7896,891,11515,10407,3798,0
140607,1,2,2,1,2,-1,0,-1,0,0,46265,-2282,-22571,30541,6680,-38,7806,4290,6297,1227,9719,2680,0
202706,1,2,2,1,-1,-1,0,0,-1,0,19466,13643,1776,25991,6085,54363,21183,11350,5565,9271,19284,4445,1
59018,1,1,1,1,-1,0,0,-1,0,0,47585,22233,11377,51861,15946,16167,5066,15985,9547,19040,13407,3150,1
29595,1,2,3,1,-1,-1,-1,-1,0,-1,-4315,29406,1661,13914,7247,15941,4228,6419,5490,3842,7689,2514,1
331985,0,1,1,1,-1,-1,-1,-1,-1,-1,32286,-12578,22885,24697,19191,16374,8896,12517,11822,14150,8530,3464,1
274729,0,1,1,1,-1,0,2,-1,-1,-1,47909,-32241,39561,-7633,14471,31799,7861,12119,12546,14357,11608,2765,0
286533,0,3,1,1,1,-1,-1,-1,0,0,64651,-15160,-25190,61545,-3797,6394,10302,3264,10747,5193,10229,2757,0
161648,0,1,2,1,0,-1,-1,-1,-1,-1,22899,12181,-6401,13251,9991,31517,13721,5751,9457,10888,13092,3818,0
204454,0,1,2,1,-1,-1,-1,-1,-1,0,86604,-35827,-3941,17542,22352,26482,14875,4438,11414,7165,13273,3099,0
10415,1,2,2,1,0,0,0,0,0,0,76119,39569,-16901,45296,5261,-7686,7680,1673,5303,5463,913,871,1
165421,0,2,2,1,0,0,2,0,-1,0,75918,-4712,-10188,-3064,19046,21080,15298,1510,2629,9399,9731,3562,0
113590,1,3,1,1,0,2,0,0,0,0,21929,25586,-16463,91564,38217,-11326,3042,11910,11538,12437,10959,2026,1
110155,1,3,1,1,1,0,-1,0,-1,-1,46709,-5451,31801,-19902,4167,6398,4505,2118,6795,4206,4513,1760,0
430603,0,3,1,1,0,-1,-1,-1,-1,-1,48729,24431,-15524,18395,5750,10819,18079,6911,7697,6452,7390,3795,0
309591,1,3,2,1,-1,-1,0,0,0,-1,21513,19592,30369,11606,30859,34795,20571,14486,13100,11941,20948,4088,0
473568,0,3,3,1,1,-1,-1,-1,0,2,-14990,-11400,-6464,36355,18144,-59,1129,852,5371,3598,9003,2374,0
352687,0,5,3,0,1,2,0,0,0,-1,63282,27458,-29755,59566,48525,13656,23312,9491,16860,12414,21545,5093,0
75056,0,3,2,1,-1,-1,2,-1,0,0,19876,21630,-16572,42119,2544,-10421,671,7615,5500,8479,4132,1962,0
171532,0,5,3,1,0,0,0,0,0,-1,33735,14269,12638,52286,22522,-3405,7852,11300,11993,7828,6639,3046,1
121114,1,1,2,1,2,-1,-1,-1,-1,-1,2060,27139,10772,24843,5877,-8844,5089,13050,4531,22959,91,2284,0
36906,1,3,1,1,-1,-1,-1,0,0,-1,21412,-8528,29191,19602,16227,1423,7756,15827,9111,10383,9713,3802,0
232049,0,1,1,1,-1,-1,-1,-1,-1,-1,-6977,23173,7017,22736,-654,12586,10841,8448,4035,9162,9502,3640,0
518569,0,1,2,0,1,-1,0,-1,0,-1,11107,-3927,-2082,43337,39374,28107,10456,4092,19155,12436,17342,4582,1
197701,0,5,1,1,0,-1,0,-1,0,2,29524,35951,-4496,30110,11011,11145,11441,10131,4645,2972,3959,2516,0
210975,1,2,1,1,0,-1,-1,-1,-1,0,69010,22186,-55064,42636,967,2095,9859,4278,4789,14220,5526,2805,0
274512,1,2,1,1,1,0,-1,-1,-1,-1,81466,-12097,3413,-16326,12230,38681,18437,727,8772,5112,11509,2124,0
321131,1,1,1,1,-1,-1,-1,-1,-1,-1,42727,-28407,38310,-4441,-4713,34589,8854,15945,9843,16921,12801,4266,0
245341,0,2,3,1,2,0,0,-1,-1,-1,17372,14483,12104,21285,10435,8006,6364,12848,6833,13144,8643,3173,0
112849,0,1,1,1,1,-1,-1,-1,-1,-1,30394,-18021,-27096,40121,42946,-7303,3673,3175,15295,14753,17099,4050,0
23666,1,2,2,1,0,0,-1,-1,-1,-1,26592,15089,17158,31296,9711,-6392,450,8038,8506,11366,4761,2779,1
265217,1,3,1,1,1,-1,2,-1,-1,-1,76767,-32250,-15913,36300,16681,-7795,9557,482,9991,5558,7865,1768,0
179225,0,1,2,1,1,2,0,0,0,0,8723,-6327,8072,37803,19843,21489,7066,3687,8715,3792,5954,1799,1
393400,0,2,2,1,-1,-1,-1,-1,-1,-1,60206,-7302,8455,25007,19177,43331,24607,11377,15487,11808,22401,4631,0
196553,0,1,2,1,1,0,0,-1,0,-1,33406,-18808,-10120,42094,16965,7507,4866,3149,9100,9025,10507,2213,0
150433,1,2,1,1,0,0,-1,0,-1,-1,17457,26527,17582,11517,33260,-2789,11420,9207,8022,12748,13987,4571,0
433919,0,1,2,1,-1,-1,-1,-1,-1,0,17839,-21224,32547,5098,23451,11331,1931,2907,3926,16561,4571,1919,0
232661,1,1,1,1,0,0,0,-1,2,0,27534,34199,5570,20652,13877,-2616,2687,8413,5726,7221,13321,2966,0
123002,1,1,1,1,2,0,0,-1,-1,-1,86874,-4711,-10162,-13783,12469,48750,20675,184,10866,10053,15961,3121,0
354626,1,2,2,1,0,-1,0,-1,0,-1,24024,-5184,24110,-1304,2155,25782,7509,876,6778,8407,13030,2100,0
194393,0,2,1,1,0,0,-1,0,-1,-1,-10845,30215,12932,9307,12764,5129,4102,14189,8748,18468,2741,3954,0
347665,0,2,2,1,1,0,0,0,0,-1,12906,-12437,32681,-12607,79,9054,5087,10552,5553,4044,3895,2213,0
358030,1,1,2,1,-1,-1,-1,2,0,-1,2020,-4749,18369,47683,14267,2076,9726,18618,8166,3020,15146,4288,0
382567,0,1,1,1,0,0,-1,2,-1,-1,34330,1522,40154,24745,8592,13077,12969,8680,11679,6458,6174,2524,1
547685,0,5,2,1,-1,-1,0,0,-1,-1,47887,42905,20563,62510,25429,26825,32781,26896,14703,14352,20172,7025,1
116966,1,1,2,1,-1,4,0,0,0,0,29915,6193,1781,44352,45534,14462,13579,11728,10652,12093,14689,2853,1
259683,1,3,2,1,-1,-1,-1,2,-1,-1,3453,-13653,12538,-427,17697,33271,10506,14464,3671,8404,14386,4457,0
132599,0,3,1,1,-1,-1,0,0,0,-1,37332,22492,-9537,63555,11662,-17161,12076,12540,7948,2612,11876,2578,0
202380,1,1,2,1,1,0,0,0,2,-1,41600,32468,-6500,40876,11155,28017,14259,7135,7765,9619,14357,4000,0
244777,1,2,3,1,0,0,0,0,-1,-1,23836,-8167,16207,4672,24979,10462,8037,2000,5685,4756,8323,2253,0
122622,1,1,2,1,0,0,0,-1,-1,-1,67819,-23250,8218,-9367,25935,52789,16187,4209,17132,13766,17584,3686,0
189120,1,1,2,1,0,-1,-1,-1,-1,-1,-30482,43460,-3743,30470,30982,18104,7051,9939,7467,16382,17009,5013,1
370438,1,2,1,1,-1,-1,-1,-1,0,2,9473,-1189,3778,5043,-4412,25948,1739,13669,6260,7208,5313,2578,0
314698,0,2,2,1,-1,-1,-1,0,0,-1,-20256,12676,12510,38947,15541,-15647,368,19143,2858,9814,2064,3856,0
48433,1,3,2,1,0,0,0,2,-1,0,25380,32312,-10652,18005,12655,12495,12048,149,3236,6259,7812,1928,0
16571,0,2,2,1,-1,0,0,0,-1,-1,24489,24122,4379,25453,18974,8913,9145,4172,5132,13872,10629,3564,0
118821,0,2,1,1,0,0,2,-1,-1,-1,99437,-10507,13698,-7875,17068,15166,14924,6603,12196,19830,9503,4101,0
241093,1,3,2,1,1,-1,-1,-1,-1,-1,37797,-6690,11055,35442,-8415,-8563,3806,13036,4769,12030,1870,2976,0
408493,0,2,2,1,-1,-1,-1,-1,-1,2,25098,22933,-3605,30179,-4840,5243,12534,10834,9322,5397,5732,3828,0
79543,1,2,2,1,-1,-1,-1,0,0,2,24886,-5552,-28627,17548,3218,10565,2270,1152,587,1394,7309,1926,0
191549,0,2,1,1,0,0,2,-1,-1,0,47396,696,-1377,1281,-4755,-4001,5103,7378,700,1840,1034,2165,0
212675,1,2,2,1,0,-1,3,-1,0,0,-13125,25784,-12681,48425,27513,-6664,5194,1520,3656,4365,15548,2166,1
243279,1,1,3,1,2,-1,-1,-1,-1,-1,10220,24140,14072,18545,12492,17507,15504,3619,10722,9155,9959,3172,0
66636,1,2,1,1,-1,-1,-1,-1,-1,-1,22326,29251,6258,29004,19101,6222,10493,15021,4218,12925,12137,4549,0
173971,0,2,2,1,2,0,0,0,0,0,-5212,-3586,45783,-32562,-9876,45548,7000,5978,1011,3420,2301,1618,0
280073,0,1,2,1,1,-1,-1,0,-1,-1,3815,11228,18524,36058,25988,10550,5599,14073,8406,17472,10190,4658,1
226635,0,1,2,1,1,-1,-1,-1,-1,-1,-19936,-10859,22437,18497,12772,11482,4760,9021,4289,12452,9669,3418,0
234950,1,3,2,1,2,-1,-1,-1,-1,-1,-378,28544,-6552,10510,-442,21441,9169,10743,2039,2874,8377,3903,0
348255,0,1,1,1,0,0,0,-1,-1,0,24883,39412,-6604,36128,22819,271,11068,9549,5476,15419,7346,3994,0
248559,0,1,1,1,-1,0,-1,0,-1,-1,29673,14268,29354,26463,21626,-16134,2683,14783,7531,14190,1245,2899,0
102900,1,3,2,1,0,-1,3,0,-1,-1,-13130,16964,18987,24792,26759,16463,15789,8688,5080,14352,12936,3345,1
411904,1,1,2,1,-1,-1,0,0,-1,0,5272,15180,25500,23603,6091,15160,4420,9966,6087,1824,3227,2998,1
149488,1,3,1,1,-1,-1,-1,0,-1,-1,-9326,-14307,49471,8089,13052,-2362,2581,12333,3658,6112,2383,2243,0
385929,1,1,1,1,2,-1,-1,-1,-1,-1,37338,5841,-34163,29549,5330,-11077,8457,864,5873,11479,6861,3286,0
369021,1,5,1,1,1,2,0,-1,0,0,27561,23692,-30002,58626,17951,-22611,4179,9283,8256,12489,5977,2848,0
117426,1,4,2,1,-1,0,0,-1,-1,0,1472,22859,12068,25308,-124,31016,5405,1314,5455,11083,1414,2575,1
261585,1,3,1,1,-1,-1,-1,0,-1,0,46565,17219,-2353,31912,7452,-10098,10025,8077,4457,7102,4737,2476,0
288644,0,1,1,1,1,0,0,0,0,-1,28013,1331,35547,70609,35793,-15270,740,17108,14035,13437,7523,2280,1
406755,1,1,2,1,0,-1,-1,-1,-1,-1,26166,-10591,6269,9550,36186,9732,10461,3668,11750,12836,19795,4397,0
176052,0,3,2,1,0,-1,-1,-1,-1,-1,46192,20410,-11949,19533,19322,17399,19735,1999,9950,6265,5063,4507,0
466781,0,5,1,1,1,-1,-1,0,0,-1,16191,-6069,14305,22433,7473,-4497,7005,10030,6728,7080,4996,2365,0
277689,0,1,2,1,-1,-1,-1,0,-1,-1,-13644,-11921,54349,13187,7923,1456,2710,11209,6519,6857,2116,2743,0
230670,0,1,2,1,0,0,-1,-1,-1,-1,15781,8931,-8830,3688,11388,14416,9170,262,6197,6419,10860,3501,0
243757,0,2,1,1,0,0,-1,-1,-1,-1,29563,-14059,18943,-5936,20733,25974,5840,7168,13161,15953,9753,3904,0
301444,1,1,1,1,0,-1,-1,-1,0,0,39514,13663,-982,-410,17326,32650,14747,11592,8201,9603,13013,3124,0
273128,1,3,1,1,1,-1,0,0,0,-1,50938,929,29681,9814,-16961,43319,14108,11866,15474,4699,6555,2707,0
345009,0,1,2,1,2,0,0,-1,-1,0,8362,23539,-7656,34591,7521,18734,6438,6550,9358,11028,7953,2988,0
170830,0,3,1,1,1,2,0,0,0,0,62638,12044,6754,21170,6184,27453,12240,1000,8499,6171,7317,1355,0
278287,1,2,2,1,-1,-1,-1,-1,0,0,39578,21523,-26693,36621,-947,27590,9053,14568,1922,6647,14459,3289,1
304821,1,2,2,1,-1,-1,-1,-1,-1,-1,23521,-22617,7338,27931,21297,11965,4518,9604,11968,19873,8693,4859,0
316471,1,2,2,1,0,-1,-1,0,-1,-1,34103,-14414,7951,19092,15631,20574,7255,2142,7956,10359,10527,3700,0
201440,0,2,2,1,0,0,-1,-1,0,-1,8989,17209,-5182,11004,6639,5247,5472,4924,5133,5184,7431,3105,0
347277,0,2,3,1,2,-1,-1,-1,-1,-1,15118,-16674,38019,8529,10327,15349,3286,19622,13223,12119,5888,2784,0
199188,1,2,1,1,-1,-1,-1,0,-1,-1,54864,-23305,-6539,11406,32915,15045,16396,2570,9255,181,17162,2132,0
24074,0,2,2,1,-1,-1,-1,-1,-1,-1,1730,-12429,11681,11716,22814,-1492,2196,8802,5849,11795,4884,3090,0
153721,0,3,2,1,2,-1,-1,-1,-1,-1,27385,10944,15610,26877,8597,13647,9575,11058,9042,15436,9696,3295,0
309238,1,2,1,1,0,0,0,-1,0,0,79146,12373,10735,10971,10993,28639,9413,13011,11632,12376,8773,2929,0
250188,0,1,2,1,-1,5,-1,-1,-1,0,9903,12955,4058,35767,32118,-4563,41,10461,4687,10978,6530,3374,1
287348,0,1,1,1,0,0,0,0,0,-1,42299,14671,11973,32796,20651,25525,12528,6952,14743,2823,9536,2175,1
307682,0,2,1,1,1,0,0,-1,-1,-1,40187,12124,-3689,53383,26634,-3686,2514,9745,14408,23902,12131,3709,0
87823,1,2,2,1,0,0,0,0,-1,0,83289,28413,-10766,18669,19794,29902,17547,9388,3299,13347,10194,2662,1
374808,0,1,1,1,0,0,2,-1,0,-1,58993,-11032,2374,-13274,8540,14316,7752,7813,8638,11811,8594,3168,0
24989,1,3,2,1,0,0,0,0,0,-1,32484,24018,2388,23255,12586,19458,13224,8096,7883,2670,9120,2311,1
306146,1,2,2,1,0,0,0,0,0,0,19040,7037,9252,7788,7120,29990,13906,272,4482,3702,7829,1696,0
154609,1,2,1,1,1,-1,-1,-1,-1,-1,12441,-7478,11847,16903,6356,1978,2022,9114,7097,12466,1744,2785,0
30987,1,3,2,0,0,0,0,0,0,0,60057,59454,-13918,62683,25415,-24405,8847,16985,11763,14572,2949,3158,1
306463,0,1,2,1,0,0,0,-1,-1,-1,53960,-13272,-589,34490,25401,-6707,7141,5180,12676,10415,6760,3185,0
118082,0,1,2,1,1,-1,-1,-1,-1,-1,19499,-19790,3385,4676,21585,-1580,3157,5638,5799,10499,5213,2940,0
131064,0,1,2,1,3,0,0,0,0,-1,-14609,11345,-4660,48837,43,-28428,685,332,2453,2941,338,2050,0
116838,0,3,2,1,0,-1,-1,-1,-1,-1,79626,17570,-18821,18476,7884,4111,15682,1003,7493,9784,4660,3266,0
431692,0,1,2,1,-1,-1,-1,0,-1,2,29768,-19116,6828,16183,18964,6061,7678,5559,3962,2541,4080,2235,0
19993,1,1,2,1,0,0,0,0,0,0,40845,19630,21360,22427,21636,27996,7257,4274,10677,9093,11456,2365,0
171012,0,2,1,1,2,0,2,-1,-1,-1,66771,564,-24322,25108,22562,8024,5138,11237,8504,13313,13702,2875,0
148182,0,2,1,1,1,2,0,0,0,-1,11339,-7161,25077,17501,16532,15200,4908,2581,10146,7447,12185,2073,0
132747,1,5,3,1,0,0,0,-1,0,-1,1816,12014,7176,34872,26092,16659,2005,10382,11017,14418,15407,3309,1
101001,0,3,1,1,-1,-1,-1,-1,0,-1,60266,-20856,13790,16263,18477,4043,13376,16891,12780,1154,11707,3068,0
324688,1,3,3,1,-1,-1,-1,-1,-1,0,44193,-1195,-11914,6729,11618,11727,6782,3735,2889,2737,4254,1079,0
335898,0,2,2,1,0,-1,-1,-1,-1,-1,63856,-15575,-7288,43406,25845,19927,15611,4511,15056,14734,17540,4816,0
119594,1,3,1,1,1,-1,-1,-1,0,-1,6561,-22024,12955,12137,4868,21762,10789,5506,10662,1877,15294,3521,0
159833,1,1,1,1,0,0,0,0,0,-1,36860,42109,3323,12349,14228,43318,12405,12912,8249,10313,12655,3553,0
194047,0,1,1,1,0,0,0,0,-1,-1,-11103,8428,49319,-2973,18754,14436,4605,11740,4661,7440,1335,2656,1
67500,0,5,2,1,0,-1,-1,-1,-1,-1,76553,5567,-10864,65525,26445,-10879,2300,22648,12793,20812,12273,4766,0
51830,0,2,2,0,0,-1,0,-1,-1,-1,40737,32028,-10441,74118,33168,1978,16369,6065,12356,20887,13124,4460,1
185133,0,5,1,1,1,-1,2,0,0,-1,25368,11227,10761,37781,8571,-21664,7257,10062,4914,8198,6175,2413,0
104691,1,2,2,1,-1,0,-1,0,-1,-1,19509,28968,7988,11753,9076,38262,15165,8514,3948,9979,10473,3753,1
156733,0,2,1,1,2,0,0,-1,-1,-1,51657,-16805,-9125,14222,24970,12925,8703,6896,11079,12624,10732,4276,0
251904,1,3,1,1,0,0,0,0,0,0,23229,35687,12125,21629,1418,24748,8130,12896,4956,7750,4697,2424,1
193144,0,3,2,1,-1,7,0,0,0,0,45232,28339,-16866,30909,430,116,5021,12592,463,1132,6322,2087,1
179155,0,3,1,1,-1,-1,-1,-1,-1,-1,17190,14067,-6400,30044,-779,-7434,11310,9769,4198,3595,2495,3275,0
275539,0,2,2,1,-1,0,-2,-1,2,0,29483,-3135,16849,-23705,4642,62130,17554,890,4936,8663,11048,4536,0
487475,0,1,2,1,1,0,0,-1,0,0,47456,18704,4392,21010,12224,9920,8300,14790,6562,13098,13902,4821,0
260634,1,1,2,1,1,-1,-1,-1,0,0,-208,5223,955,27732,-10615,17442,1025,6698,7593,7136,1175,2103,0
22406,1,1,2,1,0,0,0,0,0,-1,-14683,25908,31172,25362,20657,-9647,3906,12620,7790,6508,3577,2996,0
414278,1,3,2,1,-1,-1,-1,-1,-1,-1,67570,-19474,-8689,20795,21919,24140,19082,6420,11160,8935,15397,5210,0
40063,0,3,2,1,2,-1,-1,0,0,-1,19949,-654,13306,7910,-908,29341,13269,817,8583,978,5879,2869,0
109470,0,3,2,1,4,0,2,-1,0,-1,34032,18511,-2017,50262,7258,6326,9416,15077,9779,10152,10360,2817,0
347968,0,2,2,1,-1,-1,-1,0,0,-1,2842,-4559,11287,20339,27188,1289,10564,7761,8608,3583,16175,3906,0
205043,1,3,1,1,-1,-1,-1,-1,-1,-1,15627,-551,-21142,35126,473,264,12511,965,3479,10698,15507,4398,0
368111,1,2,2,1,0,2,0,0,-1,0,21184,6304,14142,23378,26072,13104,4902,6658,7315,14303,5184,3770,1
108532,0,2,2,1,0,0,-1,0,0,-1,24771,11619,3628,43991,15584,-7990,3801,6477,11037,4022,3461,2859,1
317586,1,1,1,1,1,-2,-1,-1,-1,-1,471,25414,11397,13907,6985,28838,3948,4589,3527,15261,10362,3925,1
556746,1,1,2,1,-1,-1,-1,0,2,0,18082,-15362,28804,-16622,4302,34996,6186,13150,914,3841,9859,3347,0
353909,0,1,3,1,-1,-1,-1,-1,-1,-1,34417,-2340,-27835,31985,10204,-5307,1053,10712,7215,10647,5114,4591,0
165225,0,2,2,1,-1,0,-1,0,-1,0,50552,-1743,3764,-3654,10736,30522,7447,11549,4784,10332,7030,2751,0
81580,1,3,1,1,0,0,-1,-1,-1,-1,95165,1189,3515,-31645,-778,31546,13643,8680,3748,6933,3681,2288,0
220220,1,1,1,1,-1,-1,-1,-1,0,0,8038,-1241,31570,22213,-7727,6642,2278,3746,9841,2491,3150,379,0
261073,1,2,1,1,3,-1,0,0,-1,-1,3600,-7117,18031,-1604,520,-5538,1625,46,4161,245,714,499,1
283467,0,2,1,1,1,0,2,-2,-2,0,20672,8921,24720,11517,11061,18470,2192,1494,2277,2732,4672,609,1
176713,1,1,1,1,0,0,-1,0,-1,-1,11947,5774,20724,13498,9408,-5845,416,5581,7588,4589,1651,1141,0
67212,0,2,1,1,0,-1,-1,2,0,0,52146,5655,3490,40024,14714,-670,4394,2322,7956,1063,5198,299,1
248704,0,2,2,1,-1,-1,3,0,-2,-2,-13124,21296,60987,18605,-5329,17802,852,3146,4739,5655,2702,818,0
184071,0,1,2,1,-1,-1,-1,-1,-1,3,-22223,5710,-2704,-6210,-15169,17359,2944,1164,6232,46,8068,743,0
377052,1,2,2,1,-1,-1,-1,-1,-1,-1,-5859,11781,-10571,-4385,-2222,3293,1061,4885,2535,109,7328,1195,0
341627,1,1,2,1,1,-1,-1,-1,-2,-2,10176,-29533,12511,-15938,-3320,38474,109,383,1381,648,5644,1577,0
319808,0,1,1,1,0,-1,-1,-1,2,0,26115,16685,-1855,1076,2205,22716,3688,1409,2943,76,6164,1427,0
203449,0,1,2,1,-1,-1,-1,-1,0,0,660,-17544,9866,25562,-5413,10496,943,3470,11292,2843,1975,1203,0
81168,0,3,1,1,0,0,2,-1,-1,-1,37963,7616,10442,38568,1760,-17050,250,2929,7134,3232,51,1165,0
526863,0,1,2,1,-1,-1,0,0,-1,2,-39558,-12996,18728,25154,23339,-15920,88,3402,11102,1885,7849,1508,1
578709,0,1,1,1,-1,-1,-1,-1,4,2,11360,-17721,10137,8377,324,-3801,2668,1660,8884,485,5862,1275,1
195912,1,2,2,1,0,0,0,0,0,-1,23705,32772,-3950,21438,25671,-5904,338,4059,3914,1271,312,802,1
294506,1,2,1,1,-1,-1,-1,-1,-1,0,14777,1741,-21235,16459,-17645,-299,2865,2698,3743,857,4844,884,1
95852,1,1,2,1,2,-1,-1,0,0,0,-39744,20504,48971,-18708,-2287,31323,3629,6035,8117,639,6196,398,0
99360,0,1,2,1,2,-1,-1,-1,-1,-2,21467,10689,23124,4371,-6040,34963,1390,2026,6672,3114,1017,1274,0
278503,1,1,2,1,-1,-1,-1,0,0,0,3026,-24069,18027,-10627,-4477,31915,1507,3305,3331,1441,10951,919,1
369260,0,1,1,1,-1,-1,-1,0,-1,3,17868,-25338,8331,11688,11430,-11256,1674,244,8417,1633,4847,1094,0
22644,1,2,3,1,0,0,-1,0,0,-1,14482,-451,49039,-3959,-5869,15847,1045,6718,10656,1728,2568,612,1
101596,1,2,2,1,-2,-1,2,-1,-1,0,2363,12576,2755,12410,-18908,12070,888,4337,1034,1976,3027,941,1
137178,1,2,2,1,-1,-1,-1,0,0,0,19417,6078,35773,25704,12827,17625,2529,884,7748,2884,1657,749,0
116088,1,1,3,1,-1,-1,-1,-1,-1,0,-17954,-13301,-4096,21626,17711,-14456,2530,3457,3310,13,5713,979,1
145975,0,2,2,1,-1,-1,-1,0,-1,2,-40711,43223,-1921,8597,1882,4644,2179,1787,4544,1168,9353,357,0
116677,0,2,2,1,-1,-1,-1,0,0,0,-20823,-1263,22770,4905,4430,7227,46,5369,7627,2734,4616,893,0
211103,1,2,1,1,1,-2,-1,-2,0,0,38183,2872,15101,230,-16492,18562,522,2905,3847,5910,626,1073,1
186625,1,2,1,1,-1,-1,-1,-1,-1,-1,50880,2377,-8465,6843,-6895,-5274,1815,790,160,1475,1910,791,1
180158,0,1,2,1,-1,-1,-1,0,0,2,-6779,19933,27696,-2537,3121,16874,1189,3258,6040,2883,4851,1303,0
38235,0,1,2,1,0,0,-1,2,0,2,17347,-13014,25597,-15727,13474,26976,413,3322,4024,1267,2380,1468,1
274373,0,1,1,1,-1,-1,2,0,-1,-1,4461,-830,6271,13476,14981,-12538,93,1467,2222,1293,3575,573,0
297529,0,1,2,1,0,0,-1,-1,0,-2,48592,3576,16941,2092,6327,17963,461,3077,9319,2758,538,1347,0
24185,0,1,3,1,-1,-1,0,0,-1,-1,-9917,-21230,1271,37784,19656,-31585,1653,33,3136,57,9291,1187,1
361146,0,1,1,1,0,0,0,-1,0,0,48249,13682,-1457,19727,5574,15108,1005,2017,4488,1507,1864,1240,0
206368,0,1,2,1,-1,-1,-1,-2,-2,0,20107,29811,34362,27942,-802,5702,5052,365,12413,1083,3885,1248,0
209184,0,1,2,1,-1,-1,-1,-1,0,0,-9967,-13047,-23397,33765,11595,8787,444,1380,11002,977,11132,1127,0
85641,1,3,1,1,-1,-1,-1,-2,-2,3,12889,11245,-4513,32812,19022,-15474,40,3287,2349,2050,2311,1157,1
158370,1,2,1,1,-2,-1,2,0,4,0,1668,-32207,15828,180,12655,20546,1268,25,93,1981,6365,516,1
27311,1,2,3,1,2,-1,-1,-1,-1,-2,9098,45671,-4829,24607,-16753,6996,1611,4412,4583,87,1339,1351,0
125362,0,2,1,1,-1,-1,-1,0,-1,-1,24246,-39377,12480,7950,21206,-18835,1877,1838,6304,598,5710,1132,0
112079,1,1,2,1,-1,0,-1,0,0,-2,-11237,20050,28841,8751,771,19293,638,3503,4055,1893,1661,757,0
161376,1,1,2,1,2,-1,-1,-1,-1,-2,35647,1716,8362,18690,7439,19959,1365,2599,6658,87,2169,1385,0
206010,0,1,2,1,-1,-1,-1,0,-1,0,10359,6035,7594,17383,716,14848,394,3744,7583,6608,1335,1873,0
242707,1,2,3,1,2,0,0,0,-2,0,42300,-6287,8922,21133,3524,11255,855,4465,6545,350,980,1136,0
378699,0,1,2,1,0,0,-1,-1,-1,2,36249,15535,-4577,12969,-17391,3379,2925,946,5708,997,3663,1284,0
165994,0,2,2,1,0,4,0,-1,-2,-2,25976,36441,-44619,44809,-8571,12055,42,2256,4913,1560,3501,656,0
291667,1,2,2,1,0,0,0,2,-1,-1,-725,-22136,53572,-27286,3715,18519,1963,3740,858,586,3402,645,1
545430,0,1,2,1,-1,-1,-1,0,0,0,-9819,20160,-1424,8729,9366,4783,1067,4059,6773,2513,8371,1357,0
112318,1,1,1,1,0,0,-1,0,0,0,32527,18230,3588,38611,17104,-8879,1560,723,5703,4962,3677,1287,0
73632,1,3,1,1,0,0,0,-1,-1,0,40348,19983,-13294,37882,-6031,5795,44,4912,2903,3913,1357,893,1
180731,0,2,2,1,-1,-1,-1,0,0,-1,-54894,-11772,18485,11673,22928,-2074,3266,1991,7062,1058,9999,1030,0
13200,0,1,1,1,-1,0,0,-2,0,2,21834,22601,5810,14836,16469,21719,389,1683,2603,1421,6310,391,0
425640,1,1,1,1,2,-1,-1,0,0,0,-10382,-8640,3553,29037,-73,1321,980,1651,7665,1875,3789,1183,0
54335,1,3,1,1,-1,0,-1,0,2,-2,32521,-20309,8907,2596,-1733,36031,694,4600,7663,1342,3183,1281,0
362114,0,3,2,1,-1,2,0,0,-1,0,37509,-25673,8714,21452,25164,-3362,2858,70,6806,82,3201,1252,1
113824,1,1,1,1,-1,2,0,0,0,0,21906,8690,28725,31973,7583,11541,1774,993,8001,1047,4140,406,0
24804,0,2,1,1,0,0,0,0,0,-2,27807,24340,7283,15465,25066,27518,4875,339,4894,268,1493,311,0
199315,0,1,2,1,-1,-1,-1,0,-1,-2,26751,28660,4011,21065,6841,-3956,758,3705,2846,4463,284,753,0
508136,0,2,2,1,0,-1,-1,-1,-1,2,8600,-16101,-3385,37675,28940,-11168,510,2881,13648,1458,11708,1630,0
441940,0,1,1,1,-1,-1,-1,0,0,-2,18729,2705,27435,24381,881,12394,834,1503,13627,2784,5659,1193,0
193009,0,2,2,1,-1,2,2,0,-2,-1,22311,-27105,1206,23944,23722,-24212,1168,316,5835,1061,3659,776,1
85453,1,3,2,1,-1,-1,-1,-1,3,3,2943,-49267,43871,-7486,-23006,42860,845,2506,6427,5,4665,340,1
415468,0,2,2,1,-1,-1,-1,0,-2,-2,14524,27877,-11727,29708,-12675,10440,2919,5505,9248,4115,5921,1901,0
288466,1,1,2,1,0,0,0,0,0,0,17487,13685,35498,3297,14483,31547,541,4210,6606,2421,7232,651,0
60373,0,1,2,1,-1,0,0,0,4,-1,-19268,15077,39249,-6426,8632,7947,2763,2943,513,566,7440,1211,0
64391,1,1,1,1,0,0,2,2,0,-1,13936,-18732,33745,-4467,15564,26262,1016,1357,2201,2812,4821,747,0
462541,0,1,1,1,0,-1,-1,0,-1,3,17461,-25428,16896,1972,10281,13868,1334,1221,8857,2313,5358,1580,0
185673,0,2,2,1,-1,2,2,0,0,0,43511,-1560,27873,29179,32694,19531,4034,880,8451,5018,2597,676,0
348775,0,1,1,1,-2,-1,-2,-1,-2,-1,13301,-3809,1256,16167,18945,2051,266,770,2868,1003,3038,1217,1
40016,1,1,1,1,0,-1,-1,0,-2,-1,-5547,36809,28822,-4044,-1497,17621,1047,1259,4023,1607,2011,1257,0
43296,0,2,2,1,2,0,0,-1,0,0,34592,-2255,-4096,32209,30255,1051,1110,2814,8629,799,4759,1293,0
248463,0,2,2,1,0,0,3,-1,0,-2,12082,-6753,12274,24219,11820,23028,925,2236,5905,2459,7912,1592,0
366035,1,3,1,1,-1,-1,0,0,-1,0,19535,-34672,16782,-8903,19716,29554,1833,2848,2971,2022,7421,208,1
116841,0,1,1,1,-1,0,-1,0,-2,0,49859,13735,16895,8408,10297,2813,762,4751,5869,3862,978,1797,0
245447,1,2,2,1,2,-1,2,-1,-1,-1,27192,-23650,30682,-5900,-5901,10218,3279,3420,6490,398,934,348,1
204866,0,2,1,1,2,-1,-1,0,-1,0,7862,1704,45776,-15841,-7926,41451,2625,5207,8727,1154,2460,718,0
256336,0,1,2,1,-1,-1,-1,-1,0,-1,30270,-38734,31352,-11894,-12134,35618,1988,1299,10504,833,4523,1117,0
11309,0,1,2,1,0,-1,0,0,0,0,-5475,1082,30186,17134,22296,25419,4893,186,3625,2285,8689,698,0
291040,0,1,1,1,-1,-1,-1,-1,0,0,9886,-13052,3696,32254,-11654,-24167,36,6321,12278,2581,3744,714,0
272992,0,2,1,1,-1,-1,-1,0,-1,0,17166,-13289,1403,15603,7199,7794,1917,1552,2266,619,6599,667,1
133391,1,2,3,1,0,0,-1,0,-1,3,38975,16656,12901,-14495,4048,37558,4905,3058,921,261,3145,303,1
52897,1,2,2,1,-1,-1,-1,-2,0,-2,-3556,27367,-2548,32363,-24014,-6839,654,3312,4129,3159,1516,2070,0
316257,0,1,2,1,-1,-1,-1,-1,-1,-1,-10239,32193,32254,-25357,-18619,21307,4591,3650,8487,2328,4293,36,0
58919,0,2,2,1,2,-1,2,0,0,0,-4688,-11168,57694,1742,17647,27056,608,6518,6695,4856,13,409,0
189003,0,1,2,1,0,-1,-1,-1,-1,-2,36038,46949,-30584,23846,-8101,-7181,547,3529,3342,685,313,1754,1
124650,1,2,2,1,-1,-1,-1,2,-1,0,770,26951,12671,-3938,-11771,16710,3192,4051,915,2065,731,1596,0
71917,1,1,2,1,0,-1,-1,-1,-1,-1,25045,10566,-19350,8328,-8729,29201,689,11615,1914,634,3426,1133,0
142534,1,1,2,1,-1,-1,-1,-2,-2,-2,30967,-503,-9126,8176,13341,8971,2862,1759,916,329,3904,1520,0
115083,1,2,1,1,0,-1,-1,-1,0,-2,28345,24295,-134,17273,-1160,-5025,2658,1807,1047,877,660,508,0
315175,0,2,1,1,1,-2,-2,-2,-2,-2,28725,-930,-6302,29181,14424,-9810,925,2749,202,1247,2531,1574,0
251756,0,2,2,1,-1,-1,-1,-1,-1,3,-3945,4209,28929,-14865,-447,14321,1749,3673,3858,135,1226,1481,0
202453,0,2,2,1,-2,-2,-2,0,-2,0,-11264,35138,6922,10351,9992,14308,1909,2632,846,548,8136,1976,0
91490,1,3,2,1,0,0,-1,2,0,-1,21587,-15267,11991,-10390,4827,13740,1338,6745,1069,433,1442,521,0
482696,1,1,2,1,-1,-1,-1,-1,0,2,-14493,28678,-27847,38305,19098,-1773,173,1603,665,555,13778,2919,0
316596,0,1,1,1,1,0,0,0,-1,-1,28046,6427,23428,-25428,-22831,46207,1261,5663,5056,494,6734,1131,0
589513,1,1,1,1,1,-1,-1,-1,-1,0,23864,7583,-20367,38234,9593,-6621,1545,3457,2654,458,3984,1568,0
216014,0,1,2,1,0,0,-2,-2,0,-1,-1215,21793,-5307,-23641,-4690,37808,1808,3475,2880,632,12834,2690,0
190565,0,1,2,1,2,-1,-1,-2,2,-1,17020,-2643,34138,-25408,-6439,30450,1172,10798,3617,1734,3130,2117,0
339860,0,2,2,1,1,-1,2,0,-2,-2,-9739,-17163,32954,-10500,28314,12739,1556,6529,1609,678,2822,344,0
92805,0,2,1,1,-1,-1,-1,-1,0,-1,53928,-21006,-13532,13945,-2601,13993,708,6497,4315,3790,473,2054,0
225235,0,1,1,1,0,0,-1,-1,-1,-2,5896,25698,6040,20830,-990,-8292,1474,2282,1666,67,3254,745,0
237603,1,3,2,1,1,-1,-1,-1,-1,-1,-8908,24669,8451,15640,980,-6795,869,5939,1378,148,70,1730,0
155985,1,2,2,1,0,-1,-1,-1,-1,-1,1228,79,15321,13323,-10719,13809,710,4612,1124,106,5187,2088,0
274033,0,1,1,1,1,-1,0,-2,-1,-2,13005,1413,35217,-7942,-21156,32355,2243,5670,4314,42,2686,1340,0
155673,0,1,1,1,1,-1,-1,-1,-2,-1,7410,11615,1419,15654,6390,-20261,779,6235,2648,1105,949,1800,0
176290,0,2,1,1,-1,-1,-1,2,-2,-1,-24171,23022,30593,-18793,1046,25384,1193,9025,2596,1082,4572,1746,0
122056,1,2,2,1,1,-1,-1,-1,-1,2,-16376,21673,9164,12403,-19858,9502,86,7516,1387,2527,1009,1766,0
139062,0,1,1,1,-1,-1,-1,-1,-1,-1,18701,-9543,-12387,17728,-555,1862,432,4627,2366,48,3200,12,0
49186,1,2,2,1,-1,-1,-1,-1,-1,-1,-12289,8340,8387,20010,-26239,14182,549,5949,2107,1583,5504,1357,0
87983,1,1,2,1,-1,-1,2,-1,0,-1,6341,3825,-4025,12778,5698,-1211,82,5526,4184,567,4974,688,0
81681,0,3,2,1,-2,-2,-2,-2,-1,-2,23568,2561,-7396,19044,13386,12767,180,4461,2093,2669,6753,1015,0
247753,1,1,1,1,0,-1,-1,-1,-1,-2,18163,-17825,3939,-13034,1721,37057,812,7757,2604,1014,3369,1529,0
205075,0,1,1,1,2,-1,-2,-1,-1,0,31364,12652,-6464,26903,-23248,21850,673,11186,4196,1072,6187,1437,0
247515,0,1,1,1,1,-1,-1,-1,-1,-1,-3883,17919,7986,11310,677,5698,2304,2204,2527,254,8076,2339,0
427484,0,1,1,1,1,-1,-1,-1,-1,0,22742,-17492,11630,9553,-4909,10112,2314,8330,2795,475,2923,2147,0
324264,0,1,1,1,0,3,-2,-2,-2,-2,40371,14026,-6250,31847,31,4488,1175,4457,2254,1526,7145,2553,0
210220,1,2,1,1,-1,-1,-1,-1,-1,-1,19646,-5057,8794,-399,-13086,5766,1444,3738,2794,219,96,115,0
164505,1,3,1,1,-1,-1,2,-2,0,-1,6328,9095,7329,18938,7471,5214,1292,4363,4090,253,7019,1488,0
172987,1,2,1,1,-1,-1,-1,-1,-1,0,-11849,34282,-37889,38760,8688,-25552,748,3990,1717,1391,1986,1523,0
260196,0,1,1,1,2,-1,-2,-1,-1,-2,40686,6355,-27069,32181,-13764,22003,35,8177,5338,163,8990,2295,0
162296,1,2,1,1,1,0,-1,-2,-2,-1,-3494,14903,26184,-1777,-958,3046,628,548,2454,154,4075,647,0
54225,1,2,1,1,-1,0,-2,2,-1,-1,27317,8234,6291,-3356,-1497,33906,1386,6435,5575,38,7919,1564,0
177038,0,1,1,1,5,-1,-1,2,-1,-1,-8684,14620,14872,-447,-16028,19721,2121,5123,4062,546,3391,1526,0
280107,0,1,2,1,-1,-1,-1,-1,-1,-1,-10271,15631,2777,2377,-16312,16274,15,3535,1342,1217,3702,1270,0
306575,0,1,2,1,1,-1,-1,-1,-1,-1,436,-32804,30476,-10163,-3261,7396,931,6036,2662,862,4063,2151,0
185025,1,2,1,1,0,0,-1,-1,-1,-1,-458,28931,-5764,6840,-16820,21404,522,9452,1424,1790,2163,74,0
111296,0,1,2,1,1,-2,-1,-2,-2,0,14728,-264,19953,15165,-7079,19481,287,5724,1108,2034,4785,1957,0
58055,0,2,1,1,-1,-1,-1,3,0,0,1271,9824,13780,-14513,-3182,23954,1865,4836,846,294,1770,622,0
24807,1,1,1,1,0,-1,0,0,-1,-2,27857,20420,-35720,44944,10481,-17375,504,2549,666,1342,5210,99,0
261480,1,3,1,1,0,0,0,0,0,0,28798,51851,48850,31448,27426,2266,5219,877,7464,1401,376,10839,0
208604,0,1,1,1,-1,2,0,0,0,0,82359,19363,11314,10962,12750,13010,3339,533,8584,4143,7399,7745,0
311200,1,2,1,1,0,0,0,0,0,0,64024,21258,29901,53766,24355,7900,3810,9414,3602,2006,3543,11883,0
103484,1,3,1,1,0,0,0,0,0,-2,90806,18280,24365,62076,3862,17845,6097,12301,8590,2165,13844,16140,0
255180,1,1,1,1,-1,-1,-1,0,0,0,10331,7545,7959,30444,21120,10978,4695,19769,2139,4123,8146,11108,0
288013,0,1,1,1,-1,-1,-1,-1,-1,0,7340,21341,-3685,7123,-17685,19227,2782,6506,1515,4385,1742,5401,1
482954,0,1,2,1,1,-1,0,-1,-1,2,-35300,30845,22956,21461,8516,-24877,2900,6221,166,216,2151,6128,0
460095,0,1,1,1,-1,-1,2,0,-1,0,-326,3197,27912,6851,6011,8510,5184,7741,3107,7656,11065,17053,0
66719,0,2,2,1,2,0,0,0,0,0,48665,72800,62664,8198,24940,46756,13273,22014,6063,1178,12880,8264,0
207662,0,1,1,1,-1,-1,-1,-2,-1,-1,-35106,8460,35154,4441,4315,-4627,2049,9346,427,1166,3694,6628,0
11612,1,2,1,1,2,-2,0,0,0,0,-306,47259,26296,12911,8807,25205,733,5688,5779,5053,6294,2165,0
231987,0,1,2,1,-1,-1,-1,-1,-1,-1,5,29415,18868,-10155,-2055,19358,4371,4589,1747,804,7154,3404,1
159093,0,2,1,1,-1,-1,-1,-1,-1,2,-7570,23380,24771,2332,13905,5875,4933,8442,5358,256,4876,3931,1
210150,1,1,2,1,0,0,0,0,0,-1,12408,30432,69962,-11,21417,50444,3160,18943,2818,1352,14214,6618,1
158014,0,2,1,1,-1,-1,-1,0,-1,2,-8044,18480,56414,-15205,6001,21294,8122,25389,7069,8391,6198,9210,1
335902,1,2,1,1,-1,2,-1,-1,-1,-1,23840,15082,-18692,13749,6741,2235,1996,4068,2431,5044,8678,13321,0
49678,0,1,1,1,-1,0,0,2,0,-1,46761,3034,23341,2738,20904,23994,4044,8932,2761,516,8165,13107,0
410298,1,2,2,1,-1,-1,-1,-1,-1,0,37935,16043,13889,-6851,9502,22331,6461,4773,4178,215,4044,2140,0
79748,0,5,1,1,-1,0,0,-1,0,0,114194,27772,-7005,54969,12468,14875,4089,7472,14763,2670,10953,10065,0
13872,1,3,1,1,3,0,2,0,0,-1,12551,77794,39785,23672,17486,25582,1066,9904,10612,7303,8639,3420,1
167286,0,1,2,1,-1,-1,-1,-1,0,-1,25822,34134,16195,52423,23223,-12323,5151,8487,3204,2855,5007,3269,0
309842,1,1,2,1,0,-1,0,0,2,-1,7294,43413,73223,-2236,2025,13951,12896,13845,209,378,1776,4501,0
320291,0,3,2,1,-1,-1,-1,-1,-1,-1,-18963,14780,-10898,20342,-10164,-3771,1498,2303,883,10143,7829,8701,1
192118,1,3,2,1,-1,-1,-1,0,-1,-1,6140,58282,-7214,14248,6164,17101,7340,1213,725,2931,11614,7813,1
48011,1,2,1,1,0,0,3,0,0,0,54632,27549,53214,6095,5433,31294,4212,13529,8236,693,10836,11162,1
172491,0,1,1,1,-1,-1,-1,2,-1,-1,241,3792,36341,-28049,2052,16696,5161,20628,313,5869,12567,12817,0
295756,0,2,1,1,-1,-1,-1,-1,-1,0,55251,25957,14770,-22878,-11755,56112,5532,2289,4282,533,6246,10341,1
350253,1,2,1,1,0,0,0,0,0,0,9600,23161,34085,44582,7154,-16466,5539,14815,2205,4625,3566,12415,0
438276,0,1,1,1,-1,-1,-1,-1,-1,-1,15438,-11574,-6952,25413,2197,-23198,1276,7627,420,861,4632,3387,0
201968,0,1,2,1,-1,-1,-1,-1,-1,3,25088,5620,-2901,17139,-4790,-1008,5511,9086,6415,2075,2315,11868,1
108922,0,1,2,1,0,-1,-1,-1,0,-1,37577,29351,4099,15249,-4255,-3324,4604,3660,1773,797,3751,5495,0
319168,0,2,1,1,-1,-1,-1,-1,-1,-1,692,17483,-2537,17149,4564,-16520,2231,2683,2078,10197,6016,16550,0
238586,0,2,1,1,0,0,0,0,0,0,49048,21228,40160,16059,-739,35432,5575,4741,5384,2822,6651,8592,0
190794,1,1,2,1,-1,-1,-1,-1,-1,-1,-568,22780,4407,13449,-7493,7763,3689,6836,3382,6116,6684,5690,0
214814,1,1,1,1,0,-1,-1,0,0,-1,31471,22786,49813,29335,20486,-3177,7489,18687,8803,8382,8777,14781,0
24056,1,2,1,1,0,0,0,0,0,-1,79485,21733,32466,15744,16767,33074,3154,5674,7806,960,9580,11837,0
263091,1,5,1,1,0,-1,0,-1,0,2,47653,50459,-6392,28489,13100,-6580,3838,3258,3394,6029,4622,6273,0
55872,1,2,1,1,0,-1,0,0,0,0,43590,47210,32022,10913,35492,26097,4409,11326,6176,5334,1819,6498,1
219904,0,1,1,1,-1,-1,-1,0,0,0,8377,3381,69544,2451,10485,25262,7528,19163,3809,8041,9614,13116,0
222899,0,1,2,1,0,0,0,-1,-1,-1,8804,34833,36366,41680,22878,-25999,2594,11787,5985,9016,2437,4997,0
141532,1,1,2,1,-1,-1,-1,-1,-1,2,-13629,34967,27947,-16907,-11458,9055,14206,5941,2772,2597,1442,6602,1
175322,1,1,1,1,0,0,0,0,0,-1,67181,24807,47889,23417,42575,24719,1208,8834,10728,6482,14735,8630,1
315867,0,2,1,1,0,-1,-1,-1,0,-1,-8654,24372,41222,19878,14817,393,1206,16523,3157,4160,10244,10595,0
369082,0,3,1,1,2,-1,0,0,-1,0,68200,35691,26048,5325,34635,27793,6554,13645,10953,10871,11149,20222,1
140972,0,1,1,1,0,0,0,0,-1,0,89745,26950,35219,19287,10676,30354,5847,4350,7857,7454,5892,3193,0
272750,1,1,1,1,-1,-1,-1,-1,-1,-1,40503,9283,-19396,9645,-4543,26019,4692,6386,1569,818,5274,1155,0
138937,0,3,1,1,-1,-1,0,-1,-1,-1,21363,18112,-9741,10260,-7064,14647,1649,1024,2254,4170,4774,10852,1
95220,0,2,1,1,-1,-1,-1,-1,-1,2,28329,25202,5278,41592,16076,-23712,3734,10352,2262,5983,4308,7923,0
422390,0,1,2,1,-1,0,2,-2,-1,-1,17045,1008,54835,-15550,11041,11201,1829,6264,3789,2109,1324,4440,1
306607,1,2,1,1,1,-1,0,0,-1,-1,15499,29189,-9249,25941,11133,-8520,1640,3394,43,544,5633,5595,1
180505,0,2,1,1,-1,0,-1,-1,-1,-1,24135,17358,34745,-6854,7532,26815,831,12683,5971,1737,4541,2194,0
297233,0,1,1,1,3,-1,0,-1,-1,-1,14442,35534,13671,57452,-1413,-3564,5292,11471,6095,10817,13420,12700,0
299054,1,3,2,1,-1,-1,-1,0,-1,0,3368,31929,28083,6932,8280,25659,3766,15517,5296,9004,11339,7852,1
322770,0,1,1,1,1,0,0,0,0,2,22759,32744,63642,7647,-3177,22376,8838,12566,1484,2130,10863,16667,0
357399,0,1,2,1,-1,-1,0,0,-1,-1,21139,12202,-623,23047,14899,-5507,4466,7609,1075,1448,16536,12235,0
106798,1,3,1,1,3,-1,0,-1,0,-1,-13140,70598,-14444,47814,-1228,-1107,6181,504,3537,3151,9551,9553,0
189744,0,2,1,1,-1,0,-1,-1,-1,-1,32544,7806,10000,-2805,9530,10764,2050,5326,1269,5241,9161,4805,0
42842,0,1,2,1,-1,-1,-1,0,0,0,6124,27032,30899,26993,3641,1551,5279,11966,5807,1582,4350,821,0
290953,1,1,2,1,0,-1,2,0,-1,-1,890,376,40414,21357,30028,-12114,6585,13761,2183,3514,8690,7844,0
82473,0,2,2,1,0,0,-1,-1,0,-2,81260,-11196,2778,46651,14550,8928,688,4464,5764,6938,2423,7648,0
261275,0,1,1,1,-1,-1,-1,-1,-1,0,36651,-10377,-10399,29094,-1480,8752,7506,6343,1769,4086,5855,14526,0
375578,1,1,1,1,-1,-1,-1,0,0,-1,44547,12916,-2331,28568,14319,4540,3820,13211,1240,11990,20114,13407,0
446349,1,1,1,1,-1,-1,-1,-1,-1,2,-27324,11634,17722,4944,-10818,208,697,7181,977,13223,4644,12153,0
29316,1,1,1,1,0,0,0,-1,0,-1,33496,44059,4034,41837,8042,2428,3399,4416,1731,5357,4373,9014,0
144702,1,2,1,1,0,-1,-1,-1,-1,-1,27413,12165,-12348,4798,-550,11412,1600,329,3097,3665,1385,7447,1
176229,0,2,1,1,0,0,0,0,0,0,37822,10278,80234,31412,25035,10612,2991,17523,5933,997,865,7317,0
369598,1,5,1,1,1,0,0,0,0,-1,67778,30163,41303,32412,33210,-3195,3683,11253,3419,1595,8583,10982,0
497253,0,2,1,1,0,0,2,0,2,-1,76316,15858,46808,8243,32170,11835,34,14164,7906,8379,11836,7266,0
240521,0,2,2,1,0,0,-1,-1,-1,-1,56285,17732,925,335,-6416,12832,3977,8848,1886,1741,2201,3157,0
271755,0,2,2,1,0,0,0,-1,0,0,63074,18255,45447,15998,3431,23026,9042,11722,2420,1177,1844,8463,0
61312,0,2,2,1,-1,-1,2,-1,-1,0,56160,14688,-20515,24273,853,27889,2374,14,10418,6292,9885,10839,0
186461,0,3,2,1,-1,2,-1,-1,-1,-1,31955,44498,-5982,42789,-2335,-6284,6340,1523,2413,2614,1779,1210,0
145783,0,1,2,1,0,0,-1,-1,0,-1,32465,13497,46110,48154,14390,-4461,1048,16491,6285,1724,3066,8398,0
305751,1,1,1,1,0,0,0,0,0,0,68675,32526,49927,29556,20477,30095,10457,2911,9163,2679,3604,6220,0
219967,1,2,1,1,-1,-1,-1,0,-1,0,14385,10985,3094,36391,3466,15338,11288,12724,2459,6356,13266,14727,0
84874,0,2,2,1,2,0,-1,-1,-1,-1,21291,32135,-6769,-12989,-8840,38227,5524,5975,249,821,3919,6039,0
269505,1,1,2,1,-1,-1,0,-1,-1,-1,27269,50039,-33525,54206,164,-6292,7116,3143,3242,7000,11376,12088,1
59056,1,1,2,1,-1,-1,2,0,0,0,34375,12068,33997,16868,8005,17501,3614,5722,4304,919,4179,3960,0
81021,0,1,2,1,-1,-2,0,0,0,0,8665,47718,58926,12260,9400,11955,2504,5972,4865,6511,735,338,0
365762,1,2,1,1,-1,-1,-1,0,-1,-1,-14858,8672,50424,-26365,3176,12498,4595,20910,823,2579,12966,4301,1
424430,0,1,1,1,-1,-2,0,-1,-1,-1,17256,23016,16361,3285,23318,16625,3334,5566,1801,3620,7901,4445,0
97741,1,2,1,1,-1,-1,-1,-1,-1,-1,-9389,39496,-18547,36241,-11073,-22080,2086,14841,2706,10317,11602,9149,1
57266,0,2,1,1,2,-1,0,0,0,0,44983,34856,32558,45586,24524,28021,7453,16376,10739,4706,13137,17086,0
277217,0,2,2,1,-1,-1,-1,0,2,0,9705,36168,4521,27041,4277,14555,8217,10682,21,652,12994,11577,0
33075,0,2,2,1,0,-1,0,0,-1,0,55761,29457,15979,42614,-1341,14333,2110,468,4553,5377,1164,3978,0
220119,1,5,2,1,0,2,0,0,0,0,52161,17711,68234,22778,19419,12646,5649,13131,6242,6519,2868,10258,0
264220,1,3,1,1,-1,-1,-1,0,0,0,34904,23347,33723,7861,12629,19706,1248,12429,5784,7491,10119,9984,1
77547,1,2,2,1,0,0,0,0,0,0,56355,53782,5722,65109,8263,2280,3760,13618,9237,12706,2533,8457,1
129646,0,2,1,1,1,0,0,0,0,0,49736,19127,85628,14142,15768,26076,4734,18628,3675,4414,2143,987,0
287396,0,2,1,1,-1,0,-1,-1,0,0,55474,17734,42973,12654,14106,6501,219,7514,11769,756,2721,2410,1
32855,1,2,2,1,0,0,0,0,0,0,40630,16222,62170,6414,13093,29276,4346,12992,5286,788,3645,1032,0
242564,0,2,1,1,-1,0,-1,-1,-1,-1,68550,19805,6984,9838,-2480,14669,1300,12201,3826,14846,10597,16039,0
202834,0,2,2,1,-1,-1,-1,-1,-1,-1,41820,24812,-17160,50179,14741,-25776,2307,7574,902,1835,8930,8909,0
297365,1,1,2,1,-1,-1,-1,0,0,0,10000,3210,24659,11909,22424,9684,4007,19758,2611,537,8134,3559,0
355818,0,1,2,1,0,0,0,0,0,0,72519,15210,44967,30551,17897,28447,13215,13737,4425,61,12290,12109,0
173374,0,1,2,1,0,-1,-1,0,0,0,53160,32291,13690,44550,9750,8870,12226,8549,6741,3035,11571,12657,0
408044,1,5,1,1,-1,-1,-1,-1,0,-1,23952,9235,17208,32162,11663,5263,747,8718,4896,6468,11953,10594,1
307619,1,2,1,1,0,-1,0,-1,0,0,25723,29567,34141,40546,30866,22674,5063,12147,10058,1388,5036,2169,0
247803,0,2,2,1,0,0,0,0,0,2,81635,31205,62388,45174,6793,13662,2670,12853,3574,14904,12213,17770,0
250732,1,2,1,1,-1,-1,0,0,0,-1,74465,26988,-2428,40049,17746,5450,6930,9490,5533,4865,11515,13255,0
260330,1,1,1,1,0,0,2,0,0,0,75865,16879,72873,24947,14922,12184,9919,18021,10489,88,6691,1090,0
235823,0,2,1,1,0,-1,0,0,0,0,74269,23996,12971,42862,11033,14406,9542,10251,5331,2320,12097,11393,0
35079,0,1,1,1,2,0,-1,2,0,0,15904,43495,49346,-19984,15374,31627,4009,5391,4407,3392,4773,2681,0
67016,1,2,1,1,-1,-1,-1,0,0,0,12484,29335,47598,71611,21138,-5012,1921,29066,11371,4820,8817,6213,1
303493,1,2,1,1,-1,-1,-1,0,-1,3,-3621,6200,27633,1185,30426,13634,6516,14343,2499,2540,6338,4526,1
400964,0,1,1,1,-1,-1,-1,-1,-1,0,7655,-9172,7860,2285,10601,6179,1724,18268,413,7271,11069,11624,0
426187,0,3,1,1,0,0,0,0,0,0,86945,5000,6203,-1683,15082,40779,1725,7183,9080,548,7046,7132,1
219565,0,2,1,1,-1,-1,-1,0,0,-2,16187,15254,24947,24773,5464,21368,6358,18984,8902,608,9716,10686,0
176690,0,1,2,1,0,0,0,0,0,0,17446,68794,60349,48281,8848,5237,1231,14698,1922,6406,4445,3604,0
185947,0,1,2,1,0,0,0,0,0,0,69584,31488,28697,32706,7341,29075,10030,12669,5280,9423,11542,14416,0
435826,1,2,1,1,-1,-1,2,0,-1,2,69749,30824,11868,9043,15890,26943,2142,9681,5420,7856,11924,10443,1
407573,0,1,2,1,-1,-1,-1,-1,-1,-1,13560,29107,6415,32367,16141,-13536,1486,14086,5085,4390,6490,2588,1
344461,0,3,1,1,-1,-1,-1,-1,-1,0,51592,939,21049,18239,13139,13865,3294,6262,6472,8243,8347,8594,0
363162,0,1,1,1,2,0,0,0,0,0,53323,6941,38686,-3597,4920,43753,6891,10050,5350,2367,8234,9948,0
63539,0,3,1,1,2,-1,-1,0,0,0,10284,-6313,56340,5633,14808,28572,5383,17129,6422,3180,7169,7454,0
60885,0,2,1,1,-1,-1,-1,-1,-1,-1,5521,39202,-2550,12189,-24302,18005,2934,3972,3730,2778,1027,786,0
242185,0,1,1,1,-1,-1,-1,-1,-1,-1,16225,36092,-37916,33622,7286,-23905,3128,5481,642,6329,7766,13080,0
417143,1,1,2,1,-1,-1,-1,0,0,2,43174,-14627,18739,40692,16787,-12423,6204,7036,4564,1579,4873,5975,0
77275,1,3,2,1,-1,-1,-1,0,0,-1,-302,17388,17191,-14694,11312,17322,1430,12396,81,3301,12195,1853,1
74618,1,2,2,1,-1,2,-1,0,-1,0,4452,47949,3255,-21177,3095,29681,1325,7425,2364,7720,9024,15208,1
671362,1,5,2,1,-1,-1,-1,0,0,2,38142,17949,2350,43104,31299,-26051,12427,21175,121,42,18477,23306,1
99683,0,1,2,1,-1,-1,-1,0,-1,3,35743,10590,16342,-17221,-6259,40083,13404,10287,2138,1260,13419,11753,0
86107,0,1,1,1,0,-1,-1,0,2,0,47166,35171,35083,30083,3885,21093,8782,8149,5536,7273,2247,7376,0
386603,0,2,1,1,-1,-1,-1,-1,-1,-1,15436,4259,12536,-17819,3278,31001,7177,10064,1343,2223,12142,10998,0
529878,1,1,2,1,0,-1,3,0,-1,0,69256,-651,38648,28201,27360,22019,5923,11070,7179,8721,12863,14348,1
168491,0,1,2,1,1,-1,-1,0,2,0,38360,-17218,31274,25478,7841,11674,4513,13541,387,394,7924,11094,0
270311,0,1,2,1,-1,-1,-1,-1,-1,0,51622,9768,-34469,41415,-6869,-13240,1008,9282,9931,6266,3424,11269,1
200539,1,2,1,1,0,0,0,0,0,0,41392,28791,50392,30052,24326,21944,3010,14760,8289,2758,5842,9815,1
52595,0,3,1,1,0,-1,-1,0,0,0,29448,41741,19694,28533,14606,7961,3631,15840,6426,348,4476,1532,0
336792,0,1,1,1,-1,0,0,0,2,0,42616,27915,24289,-6765,10773,34426,8745,13480,6181,1937,12834,19116,1
63369,0,1,1,1,-1,0,-1,-1,-1,0,22157,19505,43131,-4418,-22955,48015,4325,7942,8226,2948,4701,3128,1
68454,1,2,2,1,3,0,-1,-1,0,-1,14029,32456,11432,41080,18712,-24237,2068,14300,4099,6749,10892,17126,0
20855,1,2,2,1,0,0,0,0,-1,-1,31833,56473,16219,-8431,5023,37264,1584,2912,3011,4244,11569,7025,0
265504,0,1,1,1,-1,-1,-1,-1,0,0,6118,12228,17142,26501,28276,-8839,3671,15380,4957,4358,5618,7679,0
81856,1,1,2,1,-1,-1,-1,-1,-1,-1,6183,2304,26428,1472,-6060,20244,7051,7368,1995,4238,5886,9313,1
484252,1,1,1,1,-1,-1,-1,-1,-1,2,-648,19101,-15738,19309,-2949,-13518,4754,10820,4230,1503,3801,6127,1
191748,0,5,1,1,-1,-1,-1,-1,-1,-1,48463,31685,23075,18970,-12587,7436,6756,6493,4975,4865,6141,11136,1
89683,0,2,1,1,0,0,0,0,-1,-1,64681,24821,65629,32636,12734,9100,793,14743,6649,8654,9133,15437,0
267884,0,3,2,1,0,0,-1,-1,-1,0,65468,12882,8763,-2428,8094,34172,1697,9175,6887,3616,3595,2496,1
89262,0,2,1,1,-1,-1,-1,-1,-1,2,23210,37901,-9211,31731,-4281,-26339,6545,6440,6149,8224,6280,20681,0
104653,0,3,1,1,0,-1,2,2,-1,0,22154,22343,32641,42257,-4875,7316,4012,4783,1514,5746,11161,6331,0
197245,1,2,2,1,3,-1,-2,0,-1,-1,13480,34487,25605,-2201,-3296,35095,8892,5905,582,7873,14959,14974,0
109401,0,2,1,1,0,0,-1,0,-1,-1,16635,12080,38669,22826,7168,14351,231,18998,3640,9991,9074,14037,0
91843,1,1,2,1,1,-1,-1,0,0,3,-3849,54349,25283,14269,-2649,15379,10248,9501,1363,4554,10990,12261,0
297729,0,2,2,1,0,0,-1,-1,-1,-1,71853,2150,-4212,48700,4882,-21680,120,10409,3369,6288,2150,11389,0
113905,0,2,1,1,1,-1,0,0,0,0,61695,2372,49411,15858,11079,33998,5480,11665,3946,3192,13146,14420,0
241387,0,1,1,1,0,0,0,0,0,0,45180,36072,56991,21650,3295,25927,8379,13054,8122,4474,9838,8346,0
481661,0,1,2,1,0,-1,0,0,0,0,32838,38239,35847,25254,22773,22611,6789,6551,5777,8164,10093,8179,0
183775,1,1,2,1,0,0,0,0,0,0,29942,32571,86695,10632,21636,21579,2557,16837,8996,4429,8163,3973,0
289000,0,1,2,1,-1,-1,-1,0,0,-1,-23040,2325,56778,15933,31278,-23085,2538,20237,1494,2801,4448,5560,1
238159,1,1,1,1,-1,-2,-1,-1,-1,2,143,43034,21544,26195,-13977,5973,3166,9727,2860,13990,10067,8548,0
172145,0,3,1,1,-1,-1,-1,-1,-1,-1,16778,27264,-18779,21475,-3807,-7528,8508,9651,3794,7338,15072,17815,0
258000,1,2,1,1,0,-1,-1,0,0,-1,34278,14788,22121,20555,7963,7093,5055,11330,3035,1355,10530,5245,0
593010,0,1,1,1,-1,2,0,0,0,0,64548,26616,25967,31968,17650,-3256,3965,15394,6271,1892,7129,5385,0
61213,1,5,1,1,1,0,0,0,0,-1,28736,45946,50404,13203,19135,8264,4041,5197,9041,4956,5718,5080,1
367888,1,1,1,1,-1,-1,-1,-1,-1,0,23448,-244,-2625,10056,-3856,11180,1824,5044,3066,6000,2142,5149,0
400497,0,5,1,1,-1,-1,-1,-1,-1,2,35663,-15557,7194,23838,-2072,2296,12988,3826,781,1471,11894,10643,0
383918,0,1,2,1,-1,-1,-1,-1,-1,0,25290,1490,11165,3018,-14904,6570,11387,255,1715,6113,6215,6960,0
337061,0,2,1,1,-1,-1,-1,0,-1,0,45990,30189,21876,-8861,10546,39898,8261,9886,6196,7518,8355,14001,1
264442,1,1,2,1,-1,-1,-1,0,-1,-1,22515,36792,32785,46129,18236,-36593,5654,18605,1578,8010,3910,12314,0
95205,0,1,2,1,-1,-1,-1,-1,-1,-1,23393,38114,-15491,13327,-8646,-226,3148,1888,713,14146,11106,11829,0
104052,0,1,1,1,-1,-1,-1,0,0,-1,10031,14447,38471,22650,6744,1800,364,15430,3224,8276,9329,7512,0
524187,0,1,1,1,-1,-1,-1,-1,-1,-1,-16950,13334,-14003,22363,-6535,-20267,590,5178,1541,12075,6499,14974,1
280430,1,3,1,1,0,0,0,0,-1,4,44572,35247,29585,2325,24339,15413,897,12111,5490,4293,2029,4997,1
402497,0,2,2,1,-1,-1,0,-1,0,0,28366,69215,18209,50412,21232,-72,7768,1100,5024,2871,4376,2260,0
108350,0,3,2,1,-1,-1,-1,-1,-1,-1,11407,15812,-3036,19899,2783,251,596,11453,1997,11516,6806,7332,0
125220,0,1,2,1,-1,-2,-1,-1,-1,0,71009,44551,-23077,28955,-18662,23196,4526,2186,8730,10862,4223,11261,1
562979,1,1,1,1,0,-1,0,0,0,0,10232,26103,76476,30338,28783,-6071,6051,24311,3367,11314,3288,11174,0
371049,0,1,2,1,0,-1,-1,0,0,0,10777,23022,61849,-23859,24204,40625,12692,17282,4217,1370,9372,5450,1
203085,1,1,2,1,0,2,0,0,0,2,7227,39676,43101,22897,7914,9100,5258,11514,3235,3239,6759,10641,0
345085,0,1,2,1,0,0,0,0,-1,2,54057,18747,26361,45179,17225,-10664,4211,10105,6705,4602,6701,13263,0
323094,1,2,2,1,0,0,0,0,0,0,88834,16921,57903,1060,29019,35167,5656,11754,8395,982,8997,2475,0
53807,1,2,1,1,-1,-1,-1,-1,0,2,47459,25692,-2448,48946,24838,-13211,1195,12158,7087,8707,8293,8402,0
323438,1,1,1,1,-1,-1,-1,0,0,0,19864,-14863,40233,-9046,15748,37170,1396,11810,4782,7693,9473,4097,1
86814,0,2,1,1,0,0,0,-1,0,0,45244,37951,18322,37730,2084,7286,2061,7296,8225,5788,4080,11714,0
246114,0,2,1,1,0,0,2,0,0,0,10350,20232,69580,-14545,17796,35308,3824,12256,4162,4121,11523,3623,0
155541,0,1,2,1,1,-1,-1,0,0,-2,-9342,15513,21623,19157,-2387,21115,5532,8833,807,1028,5844,8381,0
306344,0,2,1,1,-1,-1,-1,-1,-1,-1,68878,-15473,9335,-12194,-10376,24686,5636,7026,2210,4557,6857,5133,0
88019,1,2,1,1,0,0,0,0,0,-2,40038,21151,46063,41742,12194,11888,3853,14982,5954,10472,7826,17627,1
215964,1,3,1,1,0,-1,0,-1,0,-1,48000,42138,19796,31608,12023,2993,2861,7664,6160,174,8837,1076,0
124726,1,1,2,1,0,-1,0,0,0,0,43822,55273,41455,30319,8664,19730,11459,11103,437,371,3902,3206,0
259571,0,1,1,1,0,2,-1,-1,0,0,49467,-1787,1239,35594,16288,-15033,1918,9293,2444,6019,2911,9815,0
277187,0,1,2,1,-1,-1,-1,0,0,2,37542,6282,12642,63371,33525,-35444,5673,18380,3970,3098,13367,12428,0
508514,0,1,2,1,-1,-1,-1,-1,-1,-1,22397,-20320,13950,10376,13856,-10799,2310,5677,996,1072,5847,3460,0
165491,1,2,2,1,-1,-1,-1,-1,-1,-1,-4977,60462,-5644,52063,8449,-26980,7217,8931,4128,3953,7106,7193,1
271455,0,2,1,1,0,0,-1,-1,-1,0,57060,30082,15854,21160,-4321,13765,3506,11041,3480,4941,3069,4923,1
22280,1,1,2,1,-1,-1,-1,-1,0,0,-1394,21606,-22609,36361,-4157,14319,1424,4263,2605,5275,6721,7359,0
146596,0,1,2,1,0,-1,0,-1,-1,-1,4220,40873,52540,24166,317,7220,3811,5041,6840,6065,5413,9695,1
286473,0,3,1,1,1,-1,3,-1,-1,0,61124,-9485,16060,7744,5636,40150,2213,1436,5766,285,7442,1944,1
341740,0,2,1,1,-1,-1,-1,0,0,3,2362,31090,-21694,28811,4781,-9563,12108,14535,789,58,13482,16013,0
470686,1,2,1,1,-1,-1,-1,0,-1,0,8807,7193,3421,-2711,21039,24183,4468,6338,1512,1504,10236,2643,1
434323,0,1,2,1,-1,-1,-1,-1,-1,2,2851,-7342,19794,20010,-5045,-5812,3711,9226,2851,6088,7462,10385,1
148918,0,2,2,1,0,0,0,-1,-1,0,47306,59983,37055,17089,12669,24488,2609,970,12408,7508,6537,1355,1
220715,0,1,1,1,-1,-1,-1,-1,-1,-1,-315,3583,-10661,6753,-3654,8353,2610,1113,1754,6773,7171,9849,0
120118,0,1,2,1,0,0,0,0,0,0,94485,19136,54292,16856,13758,22306,10905,13142,8665,2904,8803,10954,0
138323,1,1,2,1,-1,-1,-1,-1,-1,0,-8220,25516,29546,14765,5525,3891,1271,13895,5217,3619,1419,651,1
312178,0,2,3,1,2,-1,-1,-1,-1,0,49299,17386,4690,41492,6237,5386,10717,17635,7920,4251,12101,17196,0
270201,1,2,1,1,0,-1,-1,-1,-1,0,39833,18594,13245,1923,-3565,19399,5464,3137,5197,3749,2303,8596,0
254837,1,1,1,1,-1,-1,0,-1,0,0,32237,8792,6623,29652,4315,-1275,11587,6876,2911,4275,7269,15423,0
152737,1,3,2,1,-1,-1,-1,0,0,2,38059,29120,16182,30812,-523,2563,4308,7272,2842,5433,1576,2556,1
128170,1,1,2,1,-1,-1,-1,0,-1,-1,45536,48393,42944,-43676,15796,57504,6557,13301,4886,10559,14512,13734,1
202557,0,3,1,1,0,0,0,0,0,0,43538,63649,15500,52794,15160,-3620,11030,8036,5848,3819,5843,13451,0
35422,1,2,2,1,3,-1,0,0,-1,3,1641,53685,31302,29878,-71,9795,4841,16650,1147,6341,4963,8761,1
116205,0,1,1,1,2,-1,0,0,0,0,30246,44682,35844,24863,9771,19427,9682,6917,3771,2702,5189,6363,0
14574,1,3,2,1,0,-1,2,0,0,-1,14557,38346,24316,57234,19197,-13662,653,13037,5097,10214,11916,12655,0
71055,0,3,1,1,-1,-1,-1,2,-1,-1,24835,9329,39836,-14908,3769,48529,2529,9135,10163,19445,11759,14708,0
223382,0,3,2,1,1,-1,4,0,-1,0,17920,70574,4056,24226,17716,46299,19681,2872,19482,22941,13561,22260,0
292608,0,2,2,1,0,-1,0,-1,-1,0,13234,66373,12885,5256,14338,25642,17937,1293,8659,12550,3725,10387,0
129617,0,2,1,1,0,-1,-1,0,0,0,-5600,52049,67219,34356,41307,-10252,12139,31207,15605,18385,1116,16749,0
432758,0,5,1,1,0,-1,-1,-1,-1,0,21376,24085,13571,20127,21066,-16008,10215,10641,6691,6916,3233,10763,0
332313,0,1,1,1,-1,-1,-1,-1,-1,0,42619,30880,8245,15322,27219,16065,16449,11526,16085,4551,792,7618,0
134697,1,1,1,1,0,-1,0,0,0,2,3849,26572,45573,7818,29056,15223,14698,4025,9778,10929,9090,8774,0
153412,1,1,2,1,-2,-2,-1,0,0,0,-11796,23361,46686,551,18367,30954,3738,14810,8661,16510,11113,4337,0
26006,0,3,2,1,-1,-1,0,-1,-1,0,18785,35597,16729,4932,2049,29087,13657,220,14167,3172,8681,5456,0
132488,0,2,2,1,-1,0,-1,-1,-1,-1,67824,-10495,16744,-20394,-2144,30363,258,3190,12248,6134,2297,2903,0
111604,1,2,2,1,0,0,0,0,0,0,1027,36115,26071,23123,14134,4467,11511,13768,10620,2827,4106,7676,0
245903,0,1,2,1,-1,-1,-1,0,-1,-1,25185,81834,30824,16147,20875,14208,17610,15332,15084,14418,11274,9832,0
300021,1,1,2,1,-1,-1,-1,-1,-1,-1,25321,10669,25381,7150,4304,38977,12675,12658,15074,10052,15189,13789,0
83686,0,2,2,1,-1,2,-1,-1,-1,-1,44210,33943,-26770,55196,3479,-25690,5736,6321,12051,5704,5253,11432,0
227489,1,2,1,1,1,-1,-1,-1,0,2,-86,28180,9467,10225,-8539,6324,9701,8972,5313,735,367,7631,0
232302,1,1,1,1,-1,-1,-1,-1,0,-1,22171,2306,32145,6981,10173,30771,2128,19433,13789,11032,8716,10504,0
126403,1,2,2,1,2,-1,-1,-1,-1,-1,6201,38774,42612,5912,2718,31640,15986,11996,17966,13008,6885,13223,0
66756,0,2,1,1,1,-1,2,-1,-1,-1,-8443,48314,40614,15219,23509,32232,10678,12072,21259,11284,11349,12570,0
500931,0,1,2,1,-1,-1,-1,-1,-1,-1,39010,20901,5685,10685,-6388,5105,724,15029,6060,3595,3745,9895,0
252709,1,1,2,1,-1,-1,0,0,0,7,-7137,38057,-1910,55564,18728,-26959,7289,15443,7514,1130,2378,2454,0
481042,0,2,1,1,2,-1,-1,-1,-1,0,8768,32557,36676,17276,-1530,14159,15454,3178,10523,16657,2221,12518,0
333853,0,1,2,1,-1,-1,-1,0,2,-1,-8969,47541,78076,12205,42936,7254,7649,27821,15685,15909,13114,14595,0
210423,0,1,1,1,2,-1,-1,0,-1,0,4212,39768,32952,12698,-569,32005,11451,4331,4341,9281,8357,3850,0
312135,1,3,2,1,-1,-1,-1,-1,0,0,-14822,53135,28177,32948,2322,4893,12380,16683,5202,11408,5182,14111,0
41262,0,2,2,1,1,2,-1,-1,-1,-1,20145,44749,17072,3026,-8619,16161,11463,1131,7217,5532,4688,11480,0
79833,1,1,2,1,-1,-1,2,0,-1,0,1882,39894,47503,22834,31767,21343,14071,13933,20333,20029,6496,13860,0
655684,1,3,1,1,-1,-1,0,-1,-1,-1,52114,34090,-61902,50764,640,7902,5220,751,3149,3612,15245,4896,0
380146,1,2,1,1,-1,-1,-1,-1,-1,-1,15976,41461,3358,25840,1335,3955,4743,9800,15253,3824,3084,14888,0
221696,1,1,2,1,0,-1,-1,-1,-1,-1,46499,-8307,26389,9951,-7007,10294,9560,8600,13106,210,1575,4775,0
316134,1,1,2,1,1,-1,0,-1,-1,0,23604,15623,11713,10560,8461,9257,12620,5089,3058,3350,1695,3609,0
26127,0,3,2,1,0,2,0,0,-1,0,18700,45813,-7475,67680,23383,-2157,5994,1431,9494,17298,3925,5859,0
166331,1,1,1,1,0,-1,0,0,-1,-1,-22309,55242,32731,20750,20332,11489,8848,9392,4472,11767,11220,8611,0
316297,0,3,1,1,0,0,0,-1,-1,-1,55575,41612,3901,28124,30007,35371,3350,3025,20628,25277,15492,17367,0
369072,0,1,2,1,0,-1,3,-1,-1,-1,43420,71905,-7353,37976,29576,1761,12883,9330,17220,14249,10469,16933,0
196377,0,2,2,1,-1,-1,-1,-1,-1,-1,-16502,61110,56993,4529,-133,18380,15194,20873,14021,6686,13481,11561,0
318538,1,1,1,1,-1,-1,-1,0,0,0,-6924,37684,41403,2395,31996,10123,12633,26976,1730,3381,5943,8400,0
121732,1,2,2,1,0,0,-1,-1,0,0,14661,23948,31606,26588,20163,17832,6314,19802,17108,12996,6676,13957,0
358355,1,1,2,1,-1,-1,-1,-1,0,2,20561,35866,-225,32257,38365,-6579,6840,12452,15364,11970,7424,13384,0
482135,0,2,1,1,-1,-1,-1,-1,-1,-1,4757,62074,21531,29905,23008,20870,6884,13738,23458,16264,23974,18601,0
155391,0,3,2,1,1,-1,2,-1,-1,-1,12740,3337,51954,-21948,5392,37068,4516,7243,17788,17494,11416,14020,0
139309,0,2,2,1,1,2,0,3,-1,2,-5847,91316,48342,30239,14535,2054,14389,14124,9207,22790,1159,15418,0
235313,0,3,2,1,0,0,0,-1,0,0,22402,44547,7470,48993,17140,19346,6193,13750,12839,19154,8457,16631,0
82603,1,1,2,1,-1,-1,-1,-1,0,-1,15771,38478,22742,9546,-17500,13367,12815,12015,6834,35,3868,6866,0
29219,0,2,1,1,-1,-1,0,-1,0,0,-35191,70383,37844,26952,6404,2147,15581,4962,11159,6954,3272,6740,0
479891,0,1,1,1,-1,-1,2,2,-1,0,32986,12049,27269,17551,20400,29643,13280,8966,10325,12577,14760,11524,0
107710,0,2,1,1,-1,-1,-1,-2,0,2,-32344,43457,56888,-9095,4514,11629,16975,17505,3822,4222,3114,16997,0
276857,0,2,2,1,1,-1,2,-1,-1,4,5357,13077,11670,39737,12396,75,2315,9778,13611,12317,2935,5513,0
416831,0,6,2,1,-1,-1,-1,0,-1,0,8500,22220,11456,15154,20593,18175,11550,9263,7676,8800,5231,10458,0
96743,1,3,1,1,0,-1,-1,0,0,2,14243,31760,22874,32750,-1446,2533,9429,10717,7556,4989,4153,6457,0
14597,1,2,2,1,1,0,2,-2,-1,-1,11617,47694,44670,-2788,1965,31410,2883,14984,13819,25657,6019,21986,0
49635,0,1,2,1,3,-1,2,-1,0,4,5116,28211,23834,58234,8546,-22403,7151,26734,15086,1891,265,4744,0
376155,1,3,2,1,1,-1,-1,0,-1,-1,-3285,51732,31076,286,15290,26650,16323,12405,7108,6753,10699,16698,0
128457,1,2,1,1,-1,0,0,-1,0,-1,44761,40307,-6363,3602,22971,22683,2858,3612,10861,8496,9824,5934,0
113062,0,1,2,1,-1,-1,2,0,0,-1,5450,17757,29102,10733,26642,-2598,6821,9736,2050,6837,3983,5820,0
705692,1,1,1,1,-1,-1,0,0,0,-1,21060,51369,33903,25881,34198,-6441,17589,28628,13742,3520,13308,20293,0
251913,1,1,2,1,0,3,-1,0,0,0,6693,23465,31503,34864,21223,1902,9739,12186,10352,13227,9035,15543,0
114715,1,2,1,1,-1,-1,0,-1,-1,-1,-6824,71467,24602,-7817,950,22782,7963,8845,6901,8284,6847,8703,0
52133,1,5,2,1,1,2,0,-1,0,4,21546,8315,17669,10576,8432,28108,4989,15473,13277,6411,8071,11588,0
230729,1,3,1,1,0,0,3,0,2,0,-3187,91495,33864,16035,26725,41403,14976,18623,20222,15325,14150,19465,0
385973,0,1,1,1,-1,-1,-1,0,-1,0,20260,19936,29748,-12004,23862,48386,8650,8737,14894,14937,13230,13959,0
173587,1,2,2,1,0,-1,-1,0,-1,-1,12815,45138,28293,-5552,23286,9728,5406,11204,830,7249,3364,3655,0
504565,1,3,1,1,1,-1,0,2,-1,-1,17967,15855,36371,-14867,12211,26414,2304,17403,10324,13283,11529,19047,0
348104,0,1,1,1,-1,-1,-1,-1,-1,-1,7246,34689,29769,2030,-9758,23546,9864,8581,21799,7181,15911,14209,0
143144,1,1,2,1,-1,-1,-1,-1,0,0,25931,41622,19370,32295,28411,23808,11693,17731,15738,8041,14262,7614,0
255194,1,1,1,1,0,-1,0,2,0,-1,28160,39863,21495,36656,32113,15210,17174,9218,13339,10691,11297,9089,0
282002,1,1,2,1,1,-1,-1,0,-1,0,1954,39691,26526,16081,4127,10125,16400,7199,2168,6803,4343,5886,0
212439,1,1,2,1,1,2,2,-1,-1,-1,3703,37998,24308,29633,-6561,16081,2797,5642,9029,14152,8302,12240,0
488412,1,3,1,1,0,-1,2,0,-1,-1,-7599,66927,682,46860,18239,-23479,21008,8372,7767,317,7449,5986,0
61037,0,2,1,1,-1,0,2,0,-1,0,20913,36904,28107,9150,18960,21450,7105,1784,14794,17970,4695,9195,0
412765,1,1,1,1,-1,-1,-1,0,0,-2,-5697,31496,60875,-8987,27427,23049,11998,26055,6571,4959,8802,16614,0
367144,0,3,1,1,0,0,0,0,-1,0,-26050,46413,42983,22409,26833,6783,10657,9021,10927,22144,2704,19757,0
443145,1,2,2,1,-1,-1,2,0,0,4,21845,31111,16232,27735,61796,548,5239,11187,20413,21463,17190,19747,0
66251,0,2,2,1,-1,-1,0,-1,0,2,-6415,60555,-31519,44987,11904,-17097,9539,2266,2993,5985,8499,4792,0
113896,0,2,1,1,-1,-1,-1,-1,-1,-1,20519,15018,19788,14186,19612,14690,1909,7517,20924,12794,11488,7817,0
481967,0,2,2,1,-1,0,-1,-1,-1,-1,33831,46346,10489,55385,2232,-28770,8695,10929,15715,17524,74,15911,0
33824,0,2,2,1,0,0,-1,-1,-1,-1,-11839,58541,35929,-14135,-614,28463,14560,7205,11062,6384,1890,12264,0
369542,0,1,2,1,-1,-1,-1,0,-1,0,5353,51962,31256,10694,16147,-2959,19807,15286,2686,4266,3065,7598,0
135753,0,1,2,1,-1,-1,0,0,0,-1,-18943,62155,85775,17651,45821,-5029,12257,27767,8777,12038,12911,9404,0
102909,1,1,1,1,-1,-1,2,0,0,0,1703,26782,35168,42703,21419,4236,4923,10783,15742,11374,6322,3755,0
340782,0,1,1,1,-1,-1,0,0,0,2,-1936,86565,55048,17675,34686,16123,23445,27406,8686,6690,13217,13050,0
400743,0,2,1,1,-1,0,-1,-1,-1,-1,50943,26381,-19250,34506,157,-4026,6444,9723,7573,2085,2345,6953,0
180206,0,2,2,1,-1,-1,2,-1,0,0,14614,47568,13421,39466,13353,12167,18088,4443,16967,6509,10991,8586,0
151715,1,2,2,1,-1,-1,2,-1,0,-1,-22868,30694,25367,4985,14448,28129,7641,10169,11143,3023,9645,13163,0
269275,0,1,2,1,-1,-1,-1,-1,0,-1,-13228,21130,54044,27722,36099,-6892,8478,25003,14584,8506,1677,18973,0
153857,0,2,2,1,0,-1,2,-1,-1,0,7118,49065,24865,46461,11255,-6299,21712,7964,7313,20268,96,13203,0
372879,0,2,2,1,-1,-1,-1,-1,-1,2,4267,64687,20078,17612,18501,17452,16617,7007,15550,17998,7044,18772,0
178937,1,1,1,1,-1,-1,2,0,0,-1,12583,34372,3506,60451,32820,-36667,8679,13793,11651,10896,5553,12149,0
200493,0,3,1,1,2,-1,-1,-1,-1,-1,23545,24637,16504,24406,6640,44056,527,4544,12381,15984,14691,1832,0
133092,0,2,2,1,0,0,2,0,-1,-1,4575,36790,22663,-1827,18293,19355,739,4466,12366,14056,2702,11526,0
363766,1,1,1,1,-1,-1,-1,0,-1,-1,9287,37890,52781,-11545,3649,-439,11247,9093,920,6141,1714,4921,0
561591,1,3,2,1,-1,-1,-1,0,0,0,616,42302,38880,22470,27868,894,26089,16930,10074,9225,6132,18645,0
285298,0,2,2,1,-1,-1,-1,-1,-1,-2,45010,26918,2311,6558,186,29756,9508,13433,12550,3439,10460,5159,0
306298,1,1,1,1,-1,0,0,0,0,0,9103,65997,11033,42586,27303,239,14813,9469,8879,18279,5578,16437,0
262809,1,2,2,1,-1,-1,-1,-1,0,2,4121,40787,-24370,65873,23923,-32974,7918,8917,14915,6952,6538,9087,0
216906,0,2,2,1,0,0,0,0,0,2,31152,53369,18192,25901,38468,14054,5241,13149,7325,13548,14345,2339,0
410510,1,2,2,1,0,0,0,0,-1,0,-12955,40011,59063,-29714,40927,25018,16925,3394,3266,19850,1934,7349,0
379629,0,1,2,1,-1,-1,-1,-1,0,-1,1728,9150,26612,33774,16048,-7433,5248,28521,17069,4364,7989,11519,0
170504,0,2,2,1,0,0,0,-1,-1,0,11963,36092,-14736,32199,17899,3395,1855,484,6125,17119,625,18591,0
336107,0,1,2,1,0,-1,2,-1,-1,-1,16133,37097,21435,44564,7606,80,10100,8505,10401,15788,10153,16601,0
531451,0,3,1,1,-1,-1,-1,-1,-1,-1,20782,3875,23004,19402,13718,24162,6596,4099,8517,10992,12582,11504,0
386796,1,3,2,1,0,0,-1,-2,-1,0,-8452,41356,58373,-19529,8687,36690,11141,7929,1428,23179,168,21322,0
112203,1,2,2,1,-1,0,-1,0,0,0,24792,25408,23846,-36314,4669,58355,12388,9014,7457,2881,4539,11298,0
151811,0,1,1,1,-1,-1,-1,-1,-1,-1,44691,24843,2337,7603,-13744,2185,5302,188,10132,3753,90,5449,0
428253,0,1,1,1,-1,-1,-1,-1,-1,-1,8015,75349,36830,-13397,30532,30474,18025,14829,11554,21623,9320,22621,0
40711,0,2,2,1,2,-1,-1,-1,-1,-1,-7898,48699,23180,20450,8594,-225,9906,11714,1367,9569,5660,3537,0
346732,1,3,1,1,0,2,0,-1,-1,-1,28032,30784,-20668,49753,17038,18748,2726,168,12727,23932,16593,21169,0
332731,1,2,1,1,1,0,0,-1,-1,-1,15991,48505,11744,20953,-19258,40360,6836,8131,13113,11797,16663,15986,0
78992,1,3,2,1,-1,-1,2,-1,0,0,29102,26342,-7092,41578,-8994,7618,3352,10279,10197,10478,5729,5052,0
442676,1,1,1,1,-1,-1,-1,0,0,-1,43214,17816,216,35146,37364,-12728,3628,13047,9347,9750,6060,14359,0
128358,1,2,1,1,-1,-1,2,-1,-1,-1,19718,36098,3962,21346,-5808,37260,4199,791,17066,8624,14805,11351,0
45583,0,1,1,1,1,-1,2,-1,0,0,7005,16395,39557,4292,19187,44248,15381,6849,24794,8675,4558,11230,0
429990,1,1,2,1,-1,-1,-1,-1,-1,0,22586,51750,10378,42335,23229,8873,15592,7584,23529,21416,4731,19259,0
209280,0,1,2,1,-1,-1,2,-1,-1,0,22523,25299,41024,23441,12740,9121,12410,11864,19345,14356,4070,10407,0
296736,0,1,2,1,-1,-1,-1,-1,-1,-1,7516,54243,32598,17437,9129,18342,7389,12281,17574,19947,13073,17131,0
216672,0,2,2,1,-1,0,-1,0,0,0,25753,48128,3826,36107,13619,9690,12967,10251,1536,9305,4925,6691,0
337882,0,3,2,1,0,-1,-1,-1,-1,-1,14213,70595,45218,-11484,6963,16209,16646,10423,10151,11621,3362,14606,0
265800,0,1,1,1,0,-1,-1,0,0,2,17702,20340,-4323,31075,4490,-1168,4326,8210,1566,2061,6248,1460,0
635390,0,1,1,1,1,-1,-1,0,-1,-1,36964,-4725,45405,4177,18375,15243,3469,16016,15696,5976,12672,9192,0
202245,1,1,1,1,0,-1,0,-1,-1,0,23562,51607,10341,35597,7121,22595,11185,7366,17331,13091,4102,601,0
234131,1,2,1,1,1,-1,-1,-1,-1,2,5582,36329,7383,26627,-2794,-23189,8230,7253,3404,2867,1922,4879,0
39137,1,3,2,1,0,0,0,0,0,-1,5877,23965,19078,23088,4663,-4556,887,13703,5909,3393,5606,5822,0
77534,1,3,2,1,-1,-1,3,0,0,0,19405,41807,29947,-17893,30399,40549,17079,8564,12247,8764,7982,13528,0
97925,1,3,2,1,-1,-1,0,0,0,0,12595,71181,-2689,41249,29223,9808,17141,8542,6965,12796,6628,6977,0
226349,0,1,2,1,1,-1,-1,-1,-1,-1,14536,37447,56774,924,-15395,8179,14888,15585,8216,8658,3590,10793,0
66285,1,1,1,1,1,-1,0,0,0,2,-9360,22043,6548,33811,8256,-2906,3944,4089,4360,1742,3599,327,0
97307,1,2,2,1,0,0,-1,0,0,-1,8212,55854,1909,6603,20202,28918,11048,10229,3888,8012,5548,12377,0
305185,1,3,1,1,2,0,-1,2,-1,-1,38632,14706,1164,18410,-9354,41071,2321,5665,9140,12991,10440,13591,0
456966,0,1,2,1,1,-1,0,0,-1,2,-37861,81627,59863,16381,39073,23075,20888,17679,9544,16762,15120,18534,0
185830,0,1,2,1,0,-2,0,-1,-1,-1,-11397,56767,40867,-5218,464,39385,11122,4563,8460,13326,13881,4395,0
347935,1,4,2,1,1,-1,-1,-1,-1,-1,11254,59318,4799,7704,556,23764,19627,3313,13307,11966,10410,24310,0
284075,1,1,2,1,-1,-1,-1,0,0,-2,11302,3502,17341,43940,22699,-11976,4666,26569,6381,3704,5638,9185,0
307980,1,1,1,1,-1,2,0,0,0,0,13318,17826,-7934,53642,46864,-10897,11604,10099,12920,8062,5003,10845,0
292279,0,2,1,1,1,-1,0,0,0,2,-2846,64791,17311,37610,14772,3826,9078,12877,7532,9925,15784,9649,0
131250,0,2,2,1,0,-1,2,0,-1,0,-22348,42236,37191,29509,13154,6511,18525,4421,4968,6890,8770,6984,0
220262,1,1,2,1,-1,-1,-1,-1,-1,-1,58393,42076,-13871,20699,8606,20742,9052,8309,20858,15333,8048,21230,0
56404,0,2,2,1,0,0,0,0,0,0,39431,26148,5538,35065,23676,8543,3211,1976,6515,14018,6371,3418,0
396472,0,1,2,1,-1,-1,-1,-1,0,2,-1293,34135,7725,49849,10320,-26671,6663,9227,9084,9489,1509,10270,0
320236,0,1,1,1,-1,-1,-1,0,0,2,3671,42529,60154,33245,27892,-18058,17488,19938,8902,12856,2751,12588,0
52532,0,1,2,1,-1,-2,2,-1,0,-1,23368,103389,18851,54613,42481,47321,13750,10431,30591,29982,31596,16571,0
42661,0,2,2,1,0,3,-1,-1,0,-1,20043,45111,32598,12620,3605,18795,10988,13242,13054,3565,7988,10397,0
343714,0,3,1,1,1,-1,0,-1,-1,0,-9281,45088,33977,16473,18981,39358,12911,9687,18631,22567,19035,26092,0
315640,0,1,1,1,-1,-1,2,-1,-1,-1,37093,-1674,20698,10348,11510,8880,10984,625,15251,9264,1663,14034,0
555621,0,3,1,1,-1,-1,-1,-1,-1,0,34016,43316,23300,9979,6244,22078,15893,9036,10128,7365,14187,5910,0
91292,0,3,1,1,-1,-1,-1,-1,-1,-1,36786,21480,5302,32491,10122,-3865,7279,9157,5959,6715,2053,11231,0
217750,0,1,2,1,-1,-1,-1,-1,-1,-1,-2026,17011,31037,14116,5189,8688,3871,16749,16171,2086,12059,5677,0
423544,1,4,1,1,1,-1,-1,-1,0,0,7503,41787,43923,36224,23870,4642,18847,22133,17343,10758,4617,20692,0
147999,1,3,2,1,-1,-1,-1,0,0,-2,9113,35951,-12624,26587,30752,20199,6062,4276,14895,11659,10836,19196,0
525336,0,1,2,1,-1,-1,-1,-1,2,-1,17619,54705,21178,40486,25787,6993,10077,25645,15855,15252,12877,16997,0
273819,0,2,2,1,1,0,2,2,0,0,15839,40721,47578,41257,14479,14363,21242,10112,16026,13655,5741,8494,0
92447,0,1,2,1,-1,0,0,0,-1,-1,10829,41391,27066,25220,-21344,933,12654,3843,1493,6162,2951,3591,0
313531,1,3,2,1,-1,-1,-1,-1,0,-1,14322,14282,16230,18924,21893,577,3992,15310,9326,7666,15590,7764,0
111129,1,1,2,1,-1,-1,-1,0,0,0,15321,52086,25897,48118,38187,-4198,16488,23324,5889,7538,6967,11542,0
313697,1,3,1,1,-1,-1,2,-1,-1,0,45594,-11866,10935,-5779,5563,16033,8143,7106,5868,2847,521,1556,0
211056,0,1,2,1,-1,-1,-1,-1,-1,-1,39940,8,3278,14123,-6886,21912,5488,11507,10424,2547,5747,893,0
272373,0,1,2,1,2,3,-1,-1,-1,-1,19555,44474,-54,26397,4839,17581,11679,6184,10119,8626,5062,14510,0
267089,1,3,2,1,0,0,0,0,0,2,15165,18729,8317,33294,18835,-4076,6898,9739,4076,1823,3547,4770,0
495449,0,1,1,1,-1,-1,-1,-1,0,-1,28738,25281,22513,34461,3133,3737,7874,18996,7919,5143,8078,5553,0
285187,0,1,2,1,0,0,-1,0,0,-1,-16330,59982,44885,27521,27698,12545,4840,15415,6208,20686,13195,12486,0
176379,0,1,1,1,0,-1,-1,-1,3,0,2372,36591,41359,36230,17438,-13758,12038,17030,13516,10894,1278,11107,0
326425,1,3,1,1,0,-1,0,0,-1,-2,-14276,43813,37883,9005,16717,18045,13098,14549,4600,11030,7813,12998,0
438074,1,3,1,1,-1,-1,0,2,0,0,-2534,6505,15340,20038,15510,6849,13003,10699,6830,182,7488,3743,0
377466,1,3,1,1,-1,-1,-1,0,-1,-1,6974,8760,40302,-8029,15157,29313,165,21999,6889,9417,17797,13124,0
446221,1,5,2,1,1,-1,2,-1,-1,-1,6348,1070,44902,5972,18455,17784,7963,4377,20753,11595,8524,8987,0
185224,1,1,1,1,1,-1,0,0,0,-1,-10556,24217,32680,14454,8687,10759,3288,10835,8515,3925,6931,183,0
493391,0,2,1,1,0,0,-1,-1,-1,0,40497,9458,35999,3788,25545,13356,3006,19202,13713,16187,6240,16503,0
89470,0,2,1,1,-1,-1,2,-1,-1,-1,17942,45003,29043,17552,22419,27672,338,15258,25999,18205,17161,5962,0
423657,0,2,1,1,-1,-1,-1,0,0,0,31815,37278,7074,41154,43004,7860,11020,27712,20142,5541,13451,14741,0
389301,0,1,1,1,0,0,-1,0,0,0,29452,38090,42788,-3633,29580,50262,13297,13112,19257,13573,11630,18226,0
49167,1,2,2,1,1,-1,-1,0,0,0,-11251,47173,29816,-5376,15460,29957,10944,6166,5676,8095,9441,12293,0
211551,0,1,1,1,-1,-1,-1,0,0,-1,63093,14198,-9827,26381,-1400,19437,3656,2299,4539,2846,10443,644,0
316850,1,1,2,1,0,-1,3,0,2,0,1817,80126,50280,15407,22428,19293,21515,21389,15761,10369,3441,12671,0
215259,1,1,2,1,0,0,-1,0,-1,0,-18063,29307,50104,28338,21679,4864,6178,8540,10814,12858,4671,4409,0
118581,1,1,2,1,0,-1,-1,-1,-1,-1,-4447,72837,28716,-7639,-3854,34966,13899,969,9660,9862,8890,5205,0
176535,0,3,2,1,-1,0,0,0,0,0,26103,24142,30988,6492,20518,39218,14741,8079,13243,13588,8295,16730,0
234254,0,3,2,1,-1,2,-1,0,-1,-1,-11415,39232,36774,1708,13136,18382,1113,1718,10156,20802,10656,14018,0
159994,0,1,2,1,2,0,0,-1,-1,0,19582,42309,7284,36712,-741,-2664,12766,9323,7530,5990,301,1463,0
167056,0,1,2,1,-1,-1,0,-1,0,0,10807,22376,23857,32930,23689,8441,8953,17573,14377,8600,7071,6751,0
174548,0,3,2,1,-1,-1,2,-1,0,-1,-10854,9828,9612,24466,22670,-198,8398,9867,11126,2099,7881,11056,0
352448,1,3,1,1,-1,-1,-1,-1,-1,-1,-607,16079,31092,-16477,4204,21885,9872,6449,3950,2544,6274,10430,0
371183,1,2,1,1,1,0,0,-1,0,-1,-6910,28963,23926,14436,7818,4711,7581,2737,7569,9300,1757,11736,0
195464,0,1,2,1,0,-1,-1,-1,-1,0,29605,29797,8940,20263,4034,-4689,10596,5272,6394,4124,696,1812,0
358535,0,3,1,1,-1,-1,-1,-1,-1,-1,-2369,10455,42762,-7009,1011,24398,2424,18769,7318,4155,11038,12077,0
294337,0,1,2,1,1,-1,-1,-1,-1,-1,12862,41847,41046,13357,-7355,11320,22031,5775,21586,8514,1910,12245,0
112138,1,3,2,1,0,0,2,-1,-1,-1,15589,43309,25603,69067,6967,-6200,9717,7925,12808,14850,4371,4799,0
246203,1,2,1,1,-1,-1,-1,-1,-1,-1,-411,39470,19098,-4586,7392,36802,10224,9034,17957,8611,9314,20257,0
87193,0,3,2,1,3,-1,3,0,-1,-1,-7538,39354,54969,-11329,10298,34134,11134,20799,16057,2332,9876,9242,0
346448,0,3,2,1,-1,-1,0,0,-1,-1,-5089,62122,36708,9581,4068,15545,10690,8303,3171,10597,14820,8421,0
264233,0,2,1,1,-1,-1,-1,-1,0,2,20824,39907,37501,28436,1664,3166,6621,20589,11889,7758,6872,4168,0
260421,0,1,1,1,-1,-1,0,-1,0,-1,22713,25618,738,42272,24156,-4,10360,17444,14069,1215,10732,2452,0
156874,0,3,1,1,0,0,2,0,0,0,33620,21748,3742,49472,30956,16234,10403,5999,15188,15735,11011,9410,0
63963,0,1,2,1,0,3,-1,-1,-1,0,17849,28611,7728,40573,-5252,9809,9285,10189,8301,4590,2982,456,0
148207,1,2,2,1,-1,3,3,0,0,0,22603,39590,5678,44472,22215,6271,7407,12427,3512,8933,14659,627,0
486514,0,2,1,1,-1,-1,-1,0,-1,0,23344,20566,56695,16230,11276,10698,7102,32059,7333,11782,11543,8305,0
324118,0,2,2,1,-1,-1,-1,-1,-1,0,42751,21496,39909,-19522,15281,71237,10216,8294,17818,25447,12943,17263,0
190590,0,3,2,1,-1,-1,-1,-1,0,-1,2854,42210,3817,41307,-19893,-3471,4855,12646,7762,3456,9821,9263,0
210623,0,1,2,1,0,-1,-1,-1,-1,-1,24160,24337,32826,20423,-13289,16322,8010,13987,8163,12830,9992,2814,0
148333,0,3,2,1,0,-1,0,0,2,0,-3984,58982,34696,13918,16791,30997,16303,15608,5392,11983,6905,8086,0
320243,0,1,1,1,0,2,-1,0,0,-2,21530,25054,21825,20343,42558,1079,1641,20925,17430,9675,6192,13883,0
298878,1,1,1,1,-1,-1,-1,-1,0,2,32381,36246,-4897,27084,13672,-2392,14971,5374,12706,1089,10322,9677,0
224531,0,3,2,1,0,0,0,0,0,0,-10215,40409,46058,11967,16095,29623,6970,10191,8450,12551,10507,4539,0
114706,1,1,1,1,1,-1,-1,-1,-1,-1,20405,25232,10267,13080,-7038,33950,4578,14127,8920,652,16217,7165,0
124255,0,1,1,1,1,-1,-1,2,-1,-1,-5859,13189,60954,9704,19600,108,6579,19677,5404,9634,2780,2979,0
618377,1,1,1,1,-1,0,0,-1,-1,-1,19486,44908,19253,12439,13008,4324,4879,5643,9927,12913,8499,6438,0
157851,1,2,2,1,0,-1,-1,0,-1,0,4303,32355,32784,-2214,-9425,21034,6062,6458,1210,13435,5235,5675,0
403541,0,1,2,1,0,-1,2,0,-1,0,65,-225,43610,25662,16947,17836,489,14845,5980,15574,8486,8228,0
246569,1,1,2,1,-1,-1,-1,0,0,0,1754,69023,31925,17939,25814,23483,18086,17562,14319,20488,14870,28330,0
163169,1,5,1,1,0,0,0,2,0,0,36335,-6117,-13541,32632,20679,14412,3389,6367,8123,4806,4093,3512,0
211463,0,3,1,1,1,-1,-1,-1,0,-1,5558,49750,46227,6878,13160,36577,11646,23332,23633,5973,15016,7174,0
258798,1,1,2,1,-1,-1,-1,-1,0,-1,3862,46562,33477,12662,351,4601,9062,12145,10076,7536,9474,3974,0
194425,1,3,1,1,2,0,-1,-1,-1,0,36027,73254,24164,23496,24274,23407,17617,7938,26757,26643,6055,27587,0
97437,1,1,2,1,0,-1,2,-1,-1,-1,43264,44837,724,37147,15794,30917,7253,1233,15315,20693,17195,6021,0
346401,0,3,2,1,-1,-1,-1,0,0,-1,55104,30646,2307,7201,3396,15186,6416,13320,4670,10479,14948,16463,0
71925,0,2,2,1,1,-1,-1,-1,0,0,4318,23243,19029,58790,20956,-21112,8967,11658,17190,7608,5786,8310,0
189819,0,3,1,1,-1,-1,3,0,-1,0,4100,77484,17909,23762,12548,20050,23238,6856,3746,13363,9189,13587,0
429822,0,1,1,1,-1,-1,-1,0,0,2,-201,41137,64037,8862,23169,14225,13916,19112,15505,16287,7597,17104,0
174160,0,2,2,1,-1,-1,-1,0,-1,0,31336,43096,61767,-9642,7624,18217,14249,18062,7701,11201,553,12082,0
107964,1,1,2,1,0,0,-1,0,-1,-1,12371,41054,50751,-700,-7527,29941,5825,13714,2282,9889,12513,1781,0
80185,0,2,1,1,-1,-1,-1,-1,0,0,5429,-805,19921,25003,11111,501,775,6610,11434,6852,3135,2299,0
188956,0,1,2,1,1,-1,-1,-1,-1,-1,-5005,54916,15035,40019,6176,3650,14581,4304,16712,10429,4203,17900,0
248345,0,1,2,1,-1,-2,3,0,-1,-1,35344,106437,17377,32941,15939,-4792,13868,19390,8326,14153,10199,8068,0
213296,1,1,2,1,0,-1,-1,0,0,0,31537,1054,58653,-25008,20130,47815,14158,21654,11859,12443,5128,11601,0
257881,1,2,2,1,0,0,0,0,-1,0,7865,48353,1564,17572,18548,43046,7281,2940,3761,17710,10956,12487,0
443641,0,3,2,1,0,0,0,2,-1,-1,-17808,14012,50910,-13442,15374,20934,974,9359,3066,14676,6968,11530,0
69208,1,1,2,1,2,0,-1,-1,-1,-1,39068,45940,-6423,55843,2675,1434,9525,9896,18070,12668,3983,15269,0
415184,0,2,2,1,-1,-1,3,-1,-1,0,17497,13839,29741,7158,19477,5078,9716,9657,10891,1211,4122,2345,0
291606,0,1,2,1,-1,3,-1,0,-1,-1,43915,50233,1372,27517,18773,31640,4652,10791,10243,15382,20087,8112,0
193197,0,2,1,1,-1,-1,2,-1,-1,-1,24783,-15039,17624,1728,-1295,33808,1616,5627,12170,5205,5689,7358,0
182583,1,3,2,1,-1,-1,-1,0,-1,4,8925,70139,38152,-11000,29914,4190,13611,14712,13378,12276,1510,15112,0
386750,1,3,2,1,-1,-1,-1,-1,-1,2,-17629,53965,45644,16442,-11363,5529,15800,22339,9575,3734,6233,18881,0
117317,0,1,2,1,2,-1,-1,-1,0,-1,19151,37997,24814,-9009,6727,32825,12658,10967,12792,291,11636,6541,0
29182,1,2,2,1,0,0,-1,0,0,0,14985,38771,43017,-10259,23504,41647,8166,14679,6320,14205,7935,3376,0
210207,0,3,2,1,1,-1,2,-1,-1,-1,14374,36365,-9538,23276,-6284,-6351,9431,939,913,1557,10443,1243,0
260740,0,2,2,1,-1,-1,0,-1,0,-1,1035,33108,20826,9830,4982,8249,5988,12768,7572,3047,5153,7457,0
248376,0,2,2,1,-1,-1,2,0,-1,0,27181,70221,-6658,35333,10510,21741,13186,9569,5259,12577,12084,9183,0
419787,0,3,2,1,1,-1,-1,-1,0,-1,-600,42890,23256,35349,5583,-18147,10525,18342,8945,2237,8367,11342,0
301383,0,2,1,1,-1,-1,-1,-1,0,-1,5146,59423,50634,31871,25339,-3061,11481,22278,15511,11114,8679,5322,0
347415,1,1,2,1,-1,-1,-1,-1,-1,-1,3948,20662,40504,-700,16990,12172,11365,12570,6964,5065,10447,883,0
133301,1,2,2,1,1,-1,-1,-1,0,-1,4147,43972,29549,21139,-6318,11459,14874,8225,10261,7788,1576,13448,0
203488,1,1,2,1,0,-1,-1,-1,2,-2,28918,65734,-32671,45637,-6093,6374,11977,5475,8682,1222,1583,9561,0
211813,0,1,1,1,-1,-1,-1,-1,-1,-1,21795,2955,-8330,31682,-13349,14114,1782,4512,923,3216,9361,4491,0
162944,0,2,2,1,0,-1,-1,-1,-1,-1,-34457,51158,13360,14291,7473,-6038,2598,5219,1435,8850,5263,1919,0
403346,1,1,1,1,-1,-1,-1,0,-1,0,16305,7796,25574,19597,-4091,36769,10825,11898,556,7206,8525,4880,0
623189,1,1,1,1,0,3,0,0,0,2,-16871,59368,34577,19706,16239,5965,13547,12630,7569,3594,9704,4701,0
466390,0,1,1,1,-1,-1,0,0,0,-2,36097,21747,-14812,43359,34305,-18220,6540,15140,4875,6066,5217,12343,0
272836,0,1,2,1,2,-1,-1,2,-1,-1,12364,-4046,50254,6214,3042,17173,7733,16275,5925,5874,5376,6618,0
23672,0,2,2,1,1,-1,2,-1,-1,-1,2990,83589,11646,64798,10599,-2177,16850,816,18668,19907,13917,9420,0
315689,0,2,2,1,0,-1,-1,-1,-1,-1,-21644,25670,32569,21196,4724,-10290,7877,11850,3263,4768,3402,10357,0
109536,1,1,1,1,-1,0,4,0,0,0,16014,75674,-6991,43516,35709,14159,11394,8721,15462,11969,11533,12486,0
117972,1,2,1,1,-1,-1,0,0,-1,0,21712,40254,1561,36794,22053,-16469,15655,7159,3860,9900,1619,9791,0
356669,1,3,1,1,0,0,0,0,0,0,9760,15944,9634,7045,39598,31756,6860,9020,9210,11233,9350,4547,0
217816,0,2,2,1,-1,0,0,0,2,-1,25455,25564,-4056,5671,27990,21745,850,702,3242,14778,13400,11069,0
303291,0,3,1,1,-1,0,0,0,0,0,47517,25849,-8235,39636,3180,29813,7508,3201,9439,14569,2761,6424,0
271667,0,2,1,1,-1,-1,-1,-1,0,0,11477,18009,5037,24415,-3658,-1889,7047,5634,3090,2142,3540,11403,0
386319,0,2,1,1,-1,-1,-1,-1,0,-1,25884,3788,22917,13350,27685,3863,3595,17250,17210,2064,13604,12187,0
682393,0,6,2,1,-1,-1,-1,-1,-1,0,26373,23350,16928,35441,16405,-9998,17121,13381,4576,3354,585,2810,0
121346,1,2,2,1,-1,0,0,0,0,0,10401,65261,-11810,42653,10970,2005,12965,1415,5970,7548,5019,10716,0
424740,1,1,1,1,1,-1,0,2,0,0,-4979,35089,36004,36310,11952,-4666,10744,14334,6496,7467,4958,6068,0
143576,1,1,2,1,1,-1,-1,-1,-1,-1,25706,45192,21204,20372,21588,24097,9460,10995,26414,15886,9205,15368,0
531846,0,3,1,1,-1,-1,2,-1,0,0,39268,23980,11904,16181,38452,20864,4035,23259,19308,18479,9939,18599,0
32027,0,3,2,1,0,0,0,0,0,0,6101,48190,18696,33025,36229,26310,5739,7520,14776,24677,12910,12811,0
212433,1,2,2,1,-1,-1,-1,-1,0,-1,16496,41100,6231,-78,6202,35165,3683,10578,14603,11086,11355,14324,0
210055,1,1,2,1,-1,-1,3,0,-1,0,7243,33540,19236,20870,-4641,19716,12684,15587,7532,9955,4232,11686,0
162134,1,1,1,1,1,-1,-1,0,0,0,30310,7740,44461,-2235,8966,22355,10334,19235,6401,717,4303,2227,0
179880,1,1,2,1,1,-1,-1,0,0,4,15797,33656,75120,-23536,31971,25406,21388,22456,15613,10415,6654,14174,0
220229,0,2,1,1,-1,-1,0,-1,-1,-2,-33,25743,25535,-3081,8186,27550,10451,6471,9347,8016,4453,6434,0
376683,1,2,2,1,0,0,0,2,-1,0,-2549,21062,39260,-3923,16706,37861,1511,9843,7869,16499,8851,12854,0
282230,0,1,1,1,0,-1,-1,0,-1,0,-3860,21810,19749,10010,17107,18721,5359,6984,589,6343,9547,4146,0
95097,0,1,2,1,0,0,0,0,0,0,22936,28808,40297,33921,35348,33207,12196,5889,15690,24226,4274,10796,0
144163,0,2,1,1,-1,0,-1,-2,-1,-1,-26510,61212,59554,-24446,3374,26762,6891,17083,6095,9835,6944,13287,0
436293,0,3,2,1,0,-1,0,0,-1,-1,16743,26741,20293,21294,18216,3339,11837,10065,717,12453,5044,10092,0
107498,0,3,1,1,1,0,0,2,3,0,6121,-34985,34503,22255,3543,18314,7900,6167,2513,3998,4213,1674,0
448495,0,1,1,1,-1,-1,-1,-1,-1,0,36801,24898,24457,15537,-7244,20056,7103,22366,9923,5690,11266,5586,0
147065,0,2,1,1,2,-1,2,-1,3,-1,35685,-9723,25702,28178,2578,6010,6690,10393,10749,12781,6288,5690,0
74486,1,2,2,1,-1,-1,-1,-1,-1,-1,3604,71950,31821,-8278,-8035,21441,10743,11675,10228,4573,9133,5570,0
172369,1,1,1,1,0,0,0,0,-1,2,4185,64254,51492,19808,33795,9163,19712,12643,14082,16714,1222,16195,0
395536,0,2,1,1,-1,-1,-1,-1,2,0,47133,24150,12847,22487,17817,423,13356,10939,13408,11864,7900,8106,0
415576,1,1,2,1,0,-1,-1,-1,-1,-1,4149,13696,43967,-305,-10257,28816,6431,5858,9750,17177,6264,7198,0
215545,1,1,1,1,-1,-1,-1,0,0,0,-15052,31277,59170,38340,31537,4053,6797,19301,8052,12075,13241,666,0
222500,1,2,1,1,-1,-1,0,-1,0,0,34059,15600,-13785,23886,9580,20496,7122,2079,10436,4944,5239,7076,0
204345,0,4,2,1,2,3,3,-1,0,0,57075,36032,-19699,23059,6580,42810,11872,1674,12139,13730,17704,13995,0
277490,0,2,1,1,1,-1,0,3,-1,0,-15709,45394,76368,-1748,30348,21040,20831,16397,18683,17505,7453,19483,0
23453,0,2,2,1,-1,-1,-1,2,0,-1,5561,9518,50074,27611,10745,-2054,8043,18735,4475,7220,5273,4068,0
132466,0,2,1,1,0,-1,-1,-1,-1,-1,44082,13530,11373,16993,1887,30634,5883,1844,23473,10104,3538,5247,0
372027,0,1,2,1,1,-1,-1,-1,-1,-1,29678,23814,41364,6114,23112,14442,8764,22119,20813,10734,12626,13962,0
263972,1,3,1,1,1,0,-1,-1,-1,-1,12425,51752,36445,-5923,-4542,9386,8150,4744,2772,6699,893,7003,0
188580,1,3,2,1,0,0,2,0,-1,2,26985,52053,12808,18163,16013,16208,11108,1147,13263,19180,2678,11459,0
253959,0,2,1,1,-1,-1,-1,-1,-1,2,12045,38535,31588,-1940,-13871,32668,10649,16529,19012,6745,3080,13489,0
160463,1,1,3,1,0,0,-1,0,0,0,26408,18935,54508,9753,21345,33857,3499,23099,11872,14279,9592,7796,0
67383,0,2,1,1,-1,2,0,3,-1,0,14347,-2203,42326,-10574,1041,32379,726,16330,10886,7244,4583,6022,0
460825,1,1,1,1,0,-1,0,0,0,0,15830,51833,4736,52238,36333,-11526,19113,14084,3604,3825,5843,13126,0
234577,0,2,1,1,-1,0,0,0,0,0,16480,29287,55069,29725,6329,20476,10884,18310,4856,13847,11314,3688,0
154575,0,2,1,1,-1,-1,0,0,0,-1,21228,58257,-3424,20154,29375,24446,10268,254,19033,11653,20722,7046,0
22363,0,3,2,1,-1,-1,3,0,0,0,8826,44330,19689,28007,20571,26149,17634,12129,7079,12493,8998,13176,0
195187,1,4,1,1,0,-1,-1,-1,-1,-1,40897,19987,21432,2308,-20625,38141,7429,3476,2032,12426,4637,5419,0
302494,0,5,1,1,0,0,0,-1,0,0,25078,54573,-18713,56598,48163,-906,14637,10016,22049,11963,11532,8430,0
245211,1,2,1,1,-1,-1,-1,0,2,-1,40693,19581,29221,-26499,9763,50621,8010,11442,4949,8407,17296,12994,0
60586,1,2,1,1,-1,0,0,-1,-1,-1,296,10553,20724,-8417,-2855,36063,95,2393,4198,8515,2468,10626,0
432950,0,3,1,1,0,-1,-1,0,-1,-1,830,16281,21239,40569,14983,-10644,1754,17143,3144,8264,11560,3370,0
246826,1,1,2,1,-1,-1,-1,-1,0,-1,14803,50356,-2465,34067,13404,-17904,13175,9787,8732,4010,7633,18256,0
43580,1,3,1,1,1,-1,2,-1,0,-1,38167,33768,15478,23533,-831,13925,5121,14985,11867,8953,3154,9320,0
320519,0,1,2,1,-1,-1,-1,0,-1,-1,2039,24727,26075,982,20477,15595,9816,5927,6921,8617,6157,13386,0
489935,0,4,2,1,-1,-1,2,-1,-1,0,22275,25235,31854,20477,17964,36285,10086,14493,21151,16844,13708,17478,0
373640,0,1,1,1,0,0,-1,0,2,-1,22703,25851,21365,12223,20247,4436,6855,8368,2694,10565,4601,8358,0
212423,0,1,2,1,0,-1,2,0,0,0,34578,37546,10558,39769,34279,22455,12800,4980,18548,20626,14057,8125,0
340329,1,3,1,1,-1,-1,-1,0,0,-1,27522,14510,27492,-5016,-10449,13122,5725,7023,935,1898,8015,5752,0
60051,1,3,2,1,0,0,-1,0,0,0,14257,36322,32453,7362,897,16774,7780,13134,3678,9226,5129,9612,0
371880,1,3,1,1,-1,-1,-1,-1,0,-1,15184,26840,8020,-1694,14355,26182,17773,3884,5631,2947,10296,12583,0
209522,1,2,1,1,0,-1,2,-1,-1,0,39714,26595,22436,16318,12853,20752,9748,8641,18970,13151,8337,7565,0
206825,1,3,2,1,0,-1,2,-1,-1,0,4582,56740,1033,47327,10649,4606,23652,4520,9585,9860,575,16655,0
168224,0,2,1,1,1,-1,-1,-1,0,0,30863,29746,11566,13167,17370,7709,19204,8912,12288,1905,5170,8152,0
168784,0,1,2,1,-1,-1,2,-1,-1,-1,13187,31647,-7413,25007,12879,21339,6695,1032,17429,9921,6113,8048,0
62352,0,2,1,1,2,3,-1,-1,-1,-1,8444,70060,25748,-7578,-1918,32488,16426,3191,7738,12675,6611,11949,0
344574,0,5,2,1,-1,0,0,2,0,-2,24905,39427,26114,61088,59222,-36078,15590,16344,23756,19451,171,24454,0
401280,0,1,2,1,-1,-1,-1,-1,-1,-1,-7059,19835,53454,5037,5230,-5385,5765,20984,4730,4687,5777,8093,0
12750,0,3,1,1,0,0,2,-1,0,0,10473,26706,12277,37987,-3842,-9253,16641,957,8703,5336,786,7308,0
79882,1,1,1,1,4,3,-1,0,0,0,-23983,67756,71690,23289,15453,24950,13779,25977,4479,9345,11780,6275,0
322673,0,3,1,1,-1,-1,-1,-1,0,-1,10674,33701,10523,22360,3297,27031,8544,13533,11009,10932,13066,15066,0
524177,0,5,1,1,-1,-1,-1,0,0,0,-9194,-8729,42893,29003,41315,11491,1343,27404,10402,9548,21523,17530,0
63326,0,1,2,1,-1,-1,-1,-1,-1,0,44803,4679,-5242,39276,-19228,4736,9288,4335,5810,8,2990,1508,0
77887,0,1,2,1,-1,-1,-1,-1,0,-1,1161,35520,29169,25801,-2768,-7179,12266,6819,5820,4380,2574,6450,0
95531,1,3,1,1,1,-1,-1,-1,0,0,-12392,-3901,34493,25811,2545,12810,7504,9615,19436,5006,2253,16290,0
332455,0,1,2,1,-1,0,-1,0,0,0,-9107,16300,86262,6241,62186,23962,7432,33755,18327,23491,16469,17387,0
262966,0,3,1,1,1,-1,0,-1,-1,-1,-13681,30967,22063,23166,2263,4196,5641,6122,3877,8166,4147,5935,0
211436,0,1,1,1,0,-1,2,0,0,-2,18491,29905,-13068,58422,15658,-20198,10962,7671,3678,289,2325,447,0
144121,0,3,1,1,-1,-1,-1,-1,0,-1,52618,28469,23771,6201,794,16596,9081,10722,12669,3195,7669,2241,0
306630,1,2,1,1,0,-1,8,-1,-1,-1,-5532,11960,-7960,22067,6973,34388,1033,1779,5337,11825,11187,19022,0
274326,0,1,1,1,-1,-1,-1,0,0,-1,-428,27450,40561,3793,3479,5246,8145,11937,2076,69,6655,903,0
482889,0,1,1,1,0,-1,0,0,0,0,30663,45685,30078,41746,22327,-3928,20216,25410,6076,1414,827,5978,0
214816,1,2,1,1,-1,-1,2,-1,0,-1,12896,32357,-566,29918,13703,15527,6748,5935,15062,10158,9883,15430,0
553102,1,3,1,1,-1,3,-1,0,-1,-1,18130,36761,17360,-6306,6268,42919,3646,6381,4879,8951,21168,9648,0
240559,0,1,1,1,1,0,0,0,0,0,32965,-8915,29060,-300,20509,37409,1996,10793,9235,8761,10525,8880,0
337710,0,2,1,1,-1,-1,2,-1,-1,-1,-1407,61198,-13576,69792,-7328,-22973,11226,10060,13328,9545,8442,9615,0
215604,0,3,1,1,-1,0,0,-1,-1,0,32832,34276,41923,16862,8329,39024,21904,6984,23235,17210,7713,13044,0
124184,0,2,2,1,-1,0,-1,0,-1,-1,37406,38841,32174,34885,12905,11190,2192,16672,13361,17735,12151,12998,0
456019,0,2,2,1,-1,-1,-1,-1,-1,-1,19147,37190,26415,7936,6896,-645,3669,23595,10579,7165,6812,11118,0
328733,0,5,1,1,0,0,2,-1,0,-1,45160,1848,7688,33043,17298,-18115,4391,9048,12452,6262,1349,10166,0
247067,1,2,1,1,-1,-1,2,0,0,-2,-3986,48402,12076,53781,39422,-21680,19474,22479,20259,596,10518,15375,0
247846,1,3,1,1,0,0,0,-1,0,-1,42991,34026,21317,8239,22656,24059,751,15744,15934,13417,6464,8628,0
237351,0,3,1,1,1,-1,0,0,0,4,5410,14998,55883,16678,40971,-4397,6917,20555,4192,7497,8182,3947,0
397370,1,1,1,1,1,-1,-1,-1,0,-1,3120,28596,21375,39145,4007,-11169,15420,12853,9231,2922,6460,11178,0
394868,0,1,1,1,-1,-1,-1,-1,-1,-2,1945,30552,37187,18814,24085,6738,6174,23559,22085,12295,7367,16591,0
58195,1,1,2,1,-1,-1,-1,-1,-1,2,-5652,44263,21606,15091,-5419,31658,8463,10790,14762,8259,5549,15974,0
501416,0,3,1,1,1,-1,-1,-1,-1,-1,46612,15566,-11665,27722,11970,10920,4522,2292,17758,13829,4352,14874,0
566389,1,5,2,1,-1,-1,-1,0,0,2,22652,21030,35103,17194,57873,-12874,20263,28771,16122,839,17796,9181,0
20232,0,2,2,1,-1,-1,2,0,0,2,18266,51286,23610,16210,15191,5542,20249,4181,7258,11377,9433,9233,0
499978,1,2,1,1,-1,-1,-1,-1,-1,-1,11860,19603,37185,13698,15229,2274,8111,13067,20804,6268,4173,11286,0
423252,0,2,2,1,0,3,-1,-1,-1,0,3445,13663,34425,13534,11941,10603,9235,13180,2455,10190,4032,14468,0
207653,0,2,2,1,0,-1,-1,-1,-1,0,20416,54727,25901,50682,17152,-3303,21062,14843,18088,15176,1325,6818,0
274452,0,3,1,1,0,-1,0,2,-1,-1,25312,39898,1334,32758,12700,25383,11135,4853,11074,6442,14016,3119,0
235034,1,1,2,1,0,3,-1,0,0,0,4323,85148,19617,35356,11936,9667,18801,10443,6503,14242,7413,14908,0
407663,0,3,2,1,-1,-1,-1,-1,-1,0,280,52566,-21128,41329,23105,-286,8170,4159,16020,17650,11701,20630,0
95509,0,2,1,1,-1,0,0,0,-1,-2,27155,41999,26140,671,16304,26451,1295,15230,13800,10825,4593,7720,0
546775,1,3,1,1,-1,-1,-1,-1,0,0,34779,25154,38993,31820,19295,12237,17982,20172,17048,9979,7050,21085,0
135212,0,2,2,1,-1,-1,-1,-1,0,-1,28030,50436,11663,-4739,-13352,23178,15527,9409,2755,2801,4824,8540,0
104359,0,2,1,1,0,0,2,-1,0,0,46608,20145,-20980,55858,30491,26306,6031,8813,18574,10704,12308,8911,0
219691,0,1,1,1,1,-1,-1,0,0,-1,21727,11498,43440,-15804,-8077,38230,4508,19186,2007,3625,11746,5303,0
391679,1,1,1,1,-1,-1,-1,0,0,0,38541,13894,13880,11519,15877,19712,8238,6875,7013,6230,11584,5486,0
198460,1,2,2,1,0,2,0,0,0,2,-3579,19324,23662,45239,34085,-7358,810,15731,1251,14401,13204,14570,0
283673,0,1,1,1,-1,-1,-1,0,-1,-1,-1914,18670,49022,-17212,16880,22276,6243,21336,2952,5108,10062,11842,0
317106,0,2,2,1,2,-1,-1,-1,-1,-1,8579,30786,10359,6497,-1318,1245,3450,6982,10095,8900,2162,11325,0
125421,0,2,1,1,-1,0,-1,-1,-1,0,23959,43749,27018,-5605,11555,33522,13482,13162,7308,9841,2873,7751,0
116668,0,2,1,1,0,-1,-1,-1,-1,0,35964,19901,13627,-5903,-11224,41085,14370,6141,3603,11657,6086,6957,0
27996,0,3,1,1,2,0,-1,-1,-1,0,27040,52051,11897,5142,-11076,35698,14335,9040,5651,8959,5720,2784,0
456375,1,1,2,1,-1,-1,-1,-1,-1,-1,-20644,-6444,24638,-1857,12940,-13729,8995,3799,2799,5066,1102,2978,0
140697,1,1,1,1,1,2,-1,0,-1,-1,6600,4023,40618,-22579,-11203,44464,5087,19170,2969,5819,11833,14603,0
73881,0,1,2,1,0,0,0,-1,0,-2,15455,-763,1131,44996,-1064,-5681,5633,10421,8859,4528,2193,8802,0
36618,0,1,2,1,1,0,0,0,0,0,20819,27650,56045,35912,22631,1733,12393,29200,16669,8590,3990,3052,0
545835,1,2,1,1,-1,-1,-1,-1,-1,-1,13425,6005,21879,-9787,-4971,14637,10141,14554,2047,5335,3614,10916,0
235842,0,2,2,1,-1,0,-1,-1,-1,0,58841,5744,42579,9795,13662,8656,9847,26170,16435,12944,4242,4300,0
456640,0,1,2,1,0,0,-1,0,-1,-1,26788,18945,29154,-36460,11976,29216,10753,10040,4186,6580,7067,6446,0
137589,0,2,1,1,2,0,-1,-1,0,0,20145,464,5797,18318,-5287,32876,3048,11391,10519,4285,9344,5612,0
362756,1,1,1,1,0,0,0,-1,-1,-1,39310,10173,13106,26905,1635,11859,7808,3698,9539,15098,15838,11690,0
149452,1,2,2,1,-1,2,-1,0,-1,-1,8186,-10790,23503,-30158,3404,15650,729,3673,5685,10449,4804,4352,0
408716,1,1,1,1,-1,-1,-1,-1,0,-1,39065,-2509,10643,-10956,18140,29391,10894,8693,10069,6345,8091,11117,0
347153,0,1,1,1,0,0,0,0,0,0,3781,25274,39736,13912,12058,-333,14219,10396,4915,9150,6375,7925,0
45452,0,1,2,1,-1,-1,-1,0,0,-1,8102,33330,7691,35636,22361,-19661,7503,16384,7102,1794,4812,2588,0
149501,0,3,2,1,2,0,0,-1,-1,0,8903,15388,10736,-3493,2078,39289,2954,5771,4825,9434,12964,155,0
143083,1,1,2,1,0,0,0,-1,-1,-1,13954,25119,32528,20676,-17983,15377,12996,4890,8097,7057,4835,6423,0
30594,0,2,1,1,-1,-1,0,-1,0,0,3748,35234,28507,16396,7066,7257,15848,13723,11778,10260,6538,13145,0
349509,1,1,2,1,0,-1,0,-1,0,-1,-508,38392,8164,17514,9431,842,8917,4131,9410,3201,17565,3316,0
96555,1,1,1,1,0,0,-1,0,-1,-1,36771,9584,48162,-13525,-9878,41192,3871,15869,9674,11530,5994,1109,0
516133,0,1,1,1,-1,-1,-1,-1,-1,-1,46603,2328,18796,309,2344,11854,10600,14450,3272,14222,14078,8754,0
245751,1,1,1,1,-1,-1,2,0,0,0,27844,2231,-2724,35841,12251,17985,1219,5074,6120,12123,12087,9694,0
53356,0,2,1,1,0,0,0,0,0,0,50598,47383,21522,47208,11406,2827,10739,15852,12762,11365,6431,2293,0
107092,1,2,1,1,0,0,-1,-1,0,0,75313,10915,10539,38005,-185,14627,13166,15316,17376,12824,9643,8844,0
540615,1,2,2,1,0,0,0,-1,-1,0,24374,39151,23296,39882,-1008,-2503,11171,7585,8017,14009,5680,9263,0
253591,0,1,1,1,-1,-1,-1,-1,0,-1,11992,13729,1672,28821,-8632,12934,4783,7150,2145,2966,7874,4656,0
171464,0,1,2,1,1,0,-1,-1,0,0,33074,-29454,12785,22125,5682,15055,4783,1061,11914,12679,11638,14402,0
580319,0,1,1,1,1,-1,0,-1,-1,-1,18692,18067,20931,-3673,-12771,33383,7607,1529,9408,9026,14024,2644,0
30730,0,3,1,1,0,0,0,0,0,0,10072,35774,56995,1938,1975,8437,10798,26586,5536,8887,3066,9805,0
229356,0,2,1,1,0,0,0,-1,-1,-1,14271,-10884,23910,17949,3440,16571,2506,14750,5887,11102,3968,8880,0
136792,1,2,1,1,0,0,0,-1,-1,0,62408,1275,19704,26263,2448,35886,14167,7090,8472,20586,15477,16713,0
222473,0,1,2,1,0,0,-1,-1,-1,-1,23358,2827,15780,-10845,-11873,4860,4336,367,2214,9835,5737,6130,0
246776,0,2,2,1,-1,0,-1,-1,4,-1,13891,2416,-1624,19838,1668,-7282,1908,3277,5290,7318,2748,3853,0
189112,0,2,1,1,-1,-1,-1,-1,-1,-1,26680,2383,5737,-6965,6676,13150,8697,18382,4668,8302,4559,6143,0
343467,0,1,2,1,0,0,-1,0,2,-1,31414,54071,-4904,5035,-2841,1897,14942,6131,2694,7074,7174,11737,0
215469,0,2,1,1,-1,-1,-1,-1,0,-1,46962,25372,12167,-8621,15000,6137,24262,18694,7656,7932,4617,19262,0
191656,1,1,2,1,-1,-1,-1,-1,-1,-1,-2420,6443,1854,-12881,-2510,-2216,9842,4243,5860,2764,293,4558,0
150308,1,1,2,1,-1,-1,-1,-1,0,-1,33660,11027,19227,7430,-2405,3272,13186,17975,6225,3010,1054,3195,0
12102,0,1,1,1,1,-1,-1,0,-1,-1,-21930,15662,36411,-17946,-10565,18036,3931,8681,754,1491,2246,14,0
417014,0,1,1,1,-1,0,-1,0,-1,-1,36262,-37396,41119,-15641,7112,29355,445,15955,1218,13811,8270,13648,0
280839,0,1,1,1,-1,-1,0,-1,0,-1,3174,15454,17581,32218,-7099,-18127,7976,17000,9036,1193,5312,6647,0
601304,0,1,1,1,-1,0,-1,0,-1,-1,63225,24488,6372,-1217,13160,29760,14242,20771,3493,15377,20406,19920,0
241684,1,3,1,1,1,-1,2,0,-1,-1,16082,-13554,67463,-5902,12275,19605,1074,14097,7955,16843,15023,4943,0
204935,0,3,1,1,-1,-1,-1,-1,0,0,33003,3191,-12618,34721,15652,2789,11919,10383,6832,9205,6889,8739,0
265044,1,1,1,1,0,0,0,0,0,-1,55681,6346,9102,32280,6184,2570,3546,10495,2884,10260,10945,4896,0
309950,0,1,2,1,0,0,0,-1,-1,0,6421,23177,26485,-3768,-17568,11536,8061,10922,2750,4263,2621,2992,0
223839,0,2,1,1,-1,0,-1,-1,-1,0,32236,12262,20914,9302,19534,-10597,15679,12518,12503,7693,182,9378,0
68426,1,1,1,1,0,0,0,0,0,-1,18194,1773,15090,13246,-1920,5571,6577,5899,3568,10851,5034,8396,0
368546,0,1,2,1,-1,-1,-1,0,0,-1,15761,11072,-3885,6513,9300,6434,4479,5698,2375,4919,11432,11824,0
319317,0,2,2,1,0,-1,0,-1,0,0,-3352,8594,-129,24695,19188,-12459,9685,10391,6,4852,3791,9256,0
280815,1,3,1,1,-2,-1,-1,-1,-1,-1,13222,27456,37935,11229,366,7215,22608,12511,782,16410,5297,22911,0
423421,1,1,1,1,0,-1,-1,-1,-1,-1,4050,-6001,30402,34596,-4996,3075,10392,9699,14185,6771,4350,8555,0
279631,1,2,2,1,0,0,0,0,-1,0,38761,-16990,18405,32118,23650,5796,552,8132,13509,18748,5050,4341,0
152586,0,2,2,1,0,0,0,0,0,0,44374,12975,17277,39342,2777,-827,13361,12066,7650,12855,4433,12285,0
172742,0,1,1,1,-1,-1,-1,-1,0,0,20969,7704,1799,23096,6080,17417,13060,2498,15435,8156,1612,1990,0
357935,0,1,2,1,-1,-1,0,-1,0,-1,34480,3288,-21334,30759,-1677,-14328,1601,3306,8131,6320,7869,616,0
240381,1,1,1,1,0,0,-1,0,0,0,18402,18022,24138,35344,21890,-3530,12708,17857,10943,3182,5139,11959,0
345332,0,2,2,1,0,0,0,-1,-1,-1,17020,-1045,29480,34935,18878,-36887,8647,15508,14422,11776,549,3042,0
203673,0,1,2,1,0,-2,0,-1,-1,-1,13631,23592,22652,6170,-7858,22726,5019,11102,5319,17106,8838,8093,0
280353,0,2,1,1,-1,0,-1,0,0,-1,38501,-2321,24560,26239,13227,2922,6706,20406,14354,2646,11790,6345,0
476004,1,1,2,1,0,-1,-1,-1,-1,-1,9354,29304,-7303,42926,12854,-30198,8583,3019,5910,4552,7865,2746,0
124040,0,1,2,1,0,0,0,-1,-1,-1,15757,25927,17007,36946,-19991,4781,3717,7241,4685,14485,5773,1141,0
128006,1,2,2,1,-1,-2,0,0,0,0,16829,19120,6834,2287,-5869,17338,13387,6852,900,7175,14783,11550,0
171758,1,1,1,1,1,-1,-1,-1,0,-2,20561,21284,-9858,44547,-6275,9083,9792,5096,14555,6309,9696,3921,0
423935,1,1,1,1,-1,2,-1,0,-1,-1,47113,12129,2574,-18548,-1216,44138,8761,2922,2247,11539,23959,17731,0
136553,0,1,3,1,0,-1,-1,2,0,0,40619,23165,35489,-5266,2503,10986,18794,16981,12339,3982,895,1973,0
368439,1,1,2,1,0,-1,-1,-1,-1,-1,1131,-8075,24104,18276,17086,2657,3253,5439,12458,11232,4913,4610,0
35092,1,1,1,1,-1,-1,-1,-1,-1,-1,37836,18190,10640,-4974,-14064,25998,1757,13071,3040,12688,11047,9553,0
254845,0,3,1,1,-1,-1,-1,-1,-1,-1,-4833,7985,14900,-2044,18489,26858,11695,15820,1662,16120,12745,22940,0
344864,0,1,1,1,-1,-1,-1,-1,-2,-1,22633,-9326,40687,-3233,17239,10687,9916,22047,9875,5533,12605,17532,0
161690,1,1,1,1,1,-1,-1,-1,0,-1,31539,695,-13714,25689,-1156,20660,4399,1933,4778,4422,10772,6131,0
121422,1,1,1,1,2,-2,-1,-1,-1,-1,52699,11587,21676,821,-10831,39377,10364,4411,4679,18652,15188,13649,0
125716,0,2,2,1,-1,-1,-1,-1,-1,-1,37175,-3908,-11295,20518,2916,26251,4263,12006,6650,8117,12107,13366,0
324817,1,1,1,1,-2,-2,0,-1,-1,-1,13453,3913,-4053,32356,689,11073,5402,6693,1866,10415,13212,12707,0
271882,0,1,1,1,0,0,2,0,0,-1,37377,-33817,-3177,-1741,8947,14081,782,5128,3289,6084,5506,7734,0
528955,0,1,1,1,-1,0,0,4,-2,-1,61135,22188,-10770,21440,7439,21716,10867,7892,6560,16903,24608,15599,0
233996,0,2,1,1,0,-1,-1,0,0,0,25664,16099,-12561,16152,28821,9919,3601,7891,7810,10246,7869,6842,0
239218,1,2,2,1,-1,0,-1,0,0,-1,14753,31373,2129,23977,-2209,-20327,3106,21505,7409,2199,2069,2534,0
467546,1,1,1,1,-1,-1,-1,-1,-1,-1,26949,-13824,3191,25927,3849,-13515,6209,12440,9027,5634,6137,3723,0
191091,0,1,2,1,-1,-1,3,0,-1,-1,2252,42738,19226,-12010,28696,22306,2809,16744,9038,9964,7901,8334,0
164926,0,1,2,1,0,0,0,0,0,0,67148,18761,13705,42370,16784,8368,7310,14983,8884,4024,4436,3911,0
86907,0,2,2,1,-1,0,-1,-1,-1,-1,35502,1693,6077,-2943,-1790,15999,2684,4836,9242,9865,3090,8237,0
129858,0,2,2,1,0,0,-1,0,0,0,50999,15496,-3122,23417,9628,17903,8111,2343,8312,3219,10898,7963,0
234502,0,1,1,1,0,0,-1,0,-1,-1,-24298,26935,61317,-12315,-4821,363,4730,17713,7491,5721,313,3933,0
256989,0,1,1,1,-1,-1,-1,-1,-1,-1,38779,-4844,-25801,2196,8851,3897,7315,9961,5667,3260,4144,12459,0
185345,1,1,1,1,-1,-1,-1,-1,0,-1,39272,45305,-3140,34040,24708,-14127,17262,14601,10520,11189,9559,9965,0
404630,0,1,1,1,-1,0,-1,-1,-1,-1,49583,-17381,-2488,23115,18003,-7877,1173,4494,11055,10522,9530,5143,0
379951,0,1,1,1,-1,0,0,-1,0,-1,40938,-2386,-1727,20569,-4355,-9572,8119,8836,5289,7631,5658,6542,0
294965,0,2,1,1,0,-1,0,-1,-1,0,50572,3852,3500,38997,-5675,6798,11955,1545,9121,10085,4706,7346,0
496653,0,3,2,1,-1,-1,-1,-1,-1,-1,41075,3541,6937,7680,16650,10263,3884,5222,8008,6477,11006,7231,0
373515,1,2,1,1,2,-2,-1,-1,-1,0,14135,18594,15885,22488,-3023,8716,6578,10074,4000,10463,4734,2916,0
61146,0,2,2,1,0,0,0,0,0,0,-6075,29814,16363,5322,-9154,21390,7699,2303,3288,2816,7482,2493,0
207571,1,2,2,1,1,-1,-1,0,-1,-1,-154,14851,46123,-11963,674,12161,14517,10955,7877,7470,6171,5057,0
150486,0,2,2,1,-1,-1,-1,-1,-1,-1,14225,-9913,19991,-48113,-24038,38927,12202,9842,1165,8589,13057,16246,0
259971,1,1,1,1,-1,-1,-1,-1,-1,-1,794,37299,1750,271,-4543,17280,19716,12966,3476,2423,7233,9334,0
93751,0,2,2,1,1,-1,0,-1,0,-1,20076,35770,33603,-3593,-7229,19264,19783,11387,4378,8171,10935,15251,0
484360,0,2,2,1,-1,-1,0,0,-1,-1,-10425,31269,20983,2463,15760,6552,13647,17020,3505,6248,7467,14380,0
232987,0,2,1,1,-1,0,-1,-1,-1,-1,22536,-2481,29752,8653,-6219,-3565,133,14268,7876,8978,1967,1993,0
487257,0,1,1,1,0,0,-1,0,-1,-1,30890,3642,17643,-15767,317,41318,4106,1050,7634,8187,14137,10039,0
623347,0,2,1,1,-1,-1,-1,-1,-1,-1,8970,-20443,-4590,11707,22562,-5651,5655,12484,5058,4314,5981,5665,0
128499,0,1,1,1,-1,-1,-1,-1,0,2,3413,3226,-3001,-369,999,25959,5750,7509,8693,3437,9755,11877,0
461324,1,1,2,1,-1,0,-1,-1,-1,3,48688,73645,-16429,16336,-3475,-1464,18431,9724,1523,4419,6713,16591,0
378282,0,1,1,1,0,-1,-1,-1,-1,-1,43969,40191,3214,23122,-6197,9050,22129,8863,7166,13011,10479,18108,0
28500,1,1,2,1,0,0,2,0,0,-1,19683,-3698,19777,36474,6490,4027,1432,11251,10684,10498,6680,938,0
163681,0,1,2,1,-1,-1,6,-1,-1,-1,28270,45793,3470,26287,3147,4427,15747,16185,10640,10863,5135,14617,0
19276,0,2,1,1,0,-1,2,-1,-1,0,26293,14730,22715,29877,17049,14067,18450,2387,19016,5327,3570,2644,0
484281,0,2,1,1,0,0,0,0,0,0,29946,28872,11432,14575,11163,9248,12981,1690,4543,12123,5545,8383,0
315076,0,1,1,1,1,-1,-1,-1,-1,0,-11818,-29619,33830,16499,6462,10930,5242,14713,6386,9709,4891,11542,0
168468,0,2,2,1,-2,-1,-1,-1,-1,-2,-1429,48,25613,42234,7858,-18863,6009,18123,12855,8097,443,4230,0
243240,0,1,1,1,-1,-1,-1,0,0,0,7529,56814,8861,29772,2654,13246,13387,16372,8861,8252,7906,12384,0
317730,1,1,1,1,-1,-1,-1,0,0,-1,-40535,50998,24876,-16777,6939,-3908,4453,15337,540,4247,4951,686,0
233278,1,3,2,1,0,-1,-1,-1,-1,0,14944,14240,-8962,44675,-11241,-972,5618,9389,7736,9092,5160,3785,0
89698,0,2,1,1,-1,-1,-1,0,0,0,41589,14646,2690,9013,12137,19692,2963,4260,5073,4963,10783,2158,0
195776,1,2,2,1,-1,-1,-1,-1,0,0,22056,19121,-24689,23149,12512,-2577,15781,6872,6250,5094,8968,14716,0
305088,0,2,2,1,0,0,-1,-1,-1,-2,43473,30073,-6549,10356,-2879,27754,14306,8575,4582,14739,6210,14975,0
328491,1,3,1,1,1,-1,-1,-1,-1,-1,12641,-9643,7223,12319,8229,16896,4837,10322,2107,3366,12074,12380,0
414476,0,1,1,1,-1,0,-1,0,3,0,42081,-17279,27526,7922,10906,27171,4205,6056,15093,12035,13801,2111,0
578397,0,1,1,1,-1,-1,-1,-1,-1,0,56376,12153,20912,10124,8555,-4103,28145,9588,4902,13243,4771,24195,0
376628,1,1,1,1,1,-1,0,0,-1,0,-4921,21969,23211,2844,-2549,4807,11037,1530,9274,442,558,5322,0
116458,0,2,2,1,-1,-1,-1,-1,-1,2,21429,-2577,-17674,25563,-3136,-11887,8795,3300,1172,8487,5587,15782,0
331994,0,2,1,1,-1,-1,-1,-1,-1,-1,-10027,8362,-1172,-10132,-9468,19438,5267,12168,197,2194,13479,16764,0
155373,0,2,2,1,0,0,0,-1,0,0,40678,47679,-46265,62926,-9545,-16249,12273,3957,5529,5465,1488,3816,0
136023,0,2,2,1,-1,0,-1,0,0,-1,41260,25297,40914,-36014,14045,17236,16875,11735,6111,8696,19592,14818,0
163989,0,1,1,1,-1,-1,0,0,-1,-1,39936,7547,6489,31909,-10313,6702,1099,4657,5095,598,2889,1181,0
304910,0,1,2,1,-2,-1,0,-1,-1,-1,8733,14054,24348,56892,-197,-10204,12862,12782,8274,19122,11138,20808,0
307896,0,1,2,1,-2,-2,-1,2,0,0,10875,13697,14190,15099,16423,3667,9929,15331,5302,4899,8882,16713,0
239345,0,1,2,1,1,0,0,-1,0,4,16130,-25063,54851,26045,9756,-5161,9595,22517,17030,3958,1802,5569,0
309472,1,2,2,1,0,0,0,0,0,-1,49526,39613,-15445,26669,6964,8366,10123,8294,1561,7193,14601,7661,0
66617,0,1,1,1,2,0,-1,-1,0,-1,43559,37159,39242,-2595,-4614,29888,15431,19169,13779,9849,8925,8280,0
225110,0,1,1,1,0,0,-1,-1,-1,-1,28970,1512,18553,4200,-18505,27082,917,9202,10360,8357,2539,787,0
483356,0,1,1,1,-1,-1,-1,-1,-1,-1,52160,-113,40880,-6083,16277,10890,11211,19755,14362,18022,5713,13309,0
123069,0,2,2,1,-1,0,-1,-1,-1,-1,24192,41843,904,19187,-1145,-13825,3385,17249,6617,13850,10176,8710,0
38778,0,2,2,1,-1,-2,-1,-1,-1,-1,32986,-4578,7234,30094,-10996,-6183,2603,9406,1729,13782,7743,2575,0
194321,0,1,2,1,1,0,0,-1,-1,-1,7744,-21888,31543,34831,4802,-11457,2494,8567,9104,8149,2582,2035,0
201240,0,2,1,1,-1,-1,-1,-1,-1,-1,54110,-6097,9971,-13827,-9591,18904,25447,9485,3508,10631,8478,25521,0
88698,0,2,1,1,-1,0,-1,-1,4,-1,18407,13104,37957,-7281,-6245,37960,8721,15789,12588,11276,8388,17774,0
341259,1,3,1,1,-1,-1,-1,-1,-1,-1,44241,2466,3138,21472,-6999,11876,13728,14142,12392,11350,10403,15013,0
330537,1,1,2,1,-1,-1,-1,-1,-1,-1,25294,7595,-17894,-14966,1945,-18408,9819,2429,578,4586,6393,6008,0
486107,1,1,1,1,1,-1,-1,-1,-1,-1,-11313,937,32311,13952,2739,16846,12692,8833,11825,9044,12196,13922,0
136850,1,3,2,1,0,0,0,0,0,0,34241,-971,17342,67871,11219,2763,2385,14406,5934,13053,12783,6434,0
50512,0,1,2,1,-1,-1,-1,-1,0,-1,12216,2546,-3798,55821,-8444,-18428,7782,10052,10510,2316,1953,1105,0
259107,0,1,2,1,-1,-1,0,-1,-1,-1,21700,29093,2333,22769,18303,-10083,17724,3140,3497,15069,4040,19970,0
200529,1,2,2,1,0,0,0,-2,0,-1,63172,933,-3023,30942,-2111,951,794,13188,567,7161,5793,7367,0
232735,0,3,1,1,0,0,0,0,0,0,23934,-8549,-18632,28588,24687,-4027,4237,1303,996,5820,2803,2122,0
345824,1,1,2,1,2,-1,-1,-1,-1,0,8256,13812,18095,43722,6638,-17992,15690,18910,9651,5921,615,4016,0
215685,1,1,2,1,0,0,0,0,0,-1,73614,30270,60386,50041,18535,33378,5582,24631,26639,15564,19617,665,0
275724,0,2,2,1,2,0,0,-1,-1,0,3653,18548,16242,10542,-2675,29463,5274,4960,3619,10667,11707,8893,0
80090,0,1,2,1,-1,0,0,-1,-1,-1,5726,41325,15693,26696,-3381,-19139,5568,5703,8381,8950,2075,1162,0
106012,0,1,1,1,-1,-1,-1,-1,0,0,30277,22011,13332,20680,18578,16138,16947,11894,11663,10545,8924,16248,0
123792,0,2,1,1,2,-1,0,-1,-1,0,13137,-3551,19644,-7432,-4498,44584,6727,4275,10635,5791,12420,8740,0
196790,1,2,2,1,0,2,3,-1,0,-2,78608,7601,-33990,33320,15071,8403,5575,3830,10003,9400,6441,3377,0
145217,0,1,1,1,-1,-1,-1,-1,-1,2,-888,6492,39129,17632,17974,-20756,12820,17908,13560,8717,1001,9854,0
288344,0,1,2,1,-1,-1,-1,-1,-1,-1,23693,-824,-25949,31581,3421,-8082,3622,9908,414,4647,8136,12535,0
451474,0,2,1,1,-1,-1,-1,-1,2,-1,27104,4804,6307,-2523,15275,15996,7473,2439,11043,3895,7929,7616,0
197375,0,1,2,1,-1,-2,-1,-1,0,-1,61060,26894,32126,32727,-16979,19086,17118,27445,15275,13616,8289,15663,0
65704,1,1,2,1,0,0,-1,-1,-1,-1,86683,32913,10867,3959,-25931,38365,7940,10289,5356,16720,11524,4101,0
226178,0,2,1,1,-1,-1,-1,0,-1,-2,3127,42911,1036,-11290,7741,12902,4599,6693,3305,3655,37,210,0
99569,1,2,2,1,-1,0,0,-1,2,-1,4362,34425,1305,2311,-9730,9765,5621,2684,6200,2117,8223,804,0
150589,0,2,2,1,0,0,-1,-1,-1,-1,34687,14131,16870,6423,-1932,7021,7242,13504,2695,18708,15335,7551,0
174118,1,2,2,1,-1,0,-1,-1,2,-1,13980,17021,9652,10259,-12497,17594,3172,11480,5165,3337,9981,8756,0
234066,0,2,1,1,0,0,0,0,-1,-1,-7650,48986,6998,15053,-6508,8808,9502,6224,5317,5101,6772,7343,0
227964,1,2,2,1,-1,-1,-1,-1,-1,-1,43785,24998,-21957,2021,804,5115,3853,9349,7862,7008,5027,7102,0
149701,1,2,1,1,0,0,0,0,0,-1,67733,17609,1477,6824,3662,26296,2555,10747,4129,6421,9667,5822,0
41675,0,2,1,1,-1,-1,-1,-1,0,-1,18955,40656,11509,31535,11233,8919,4636,28060,5758,14113,8764,9684,0
267853,0,1,2,1,-1,-2,-1,0,0,0,69366,38190,-7475,27472,30853,-932,16933,14444,5933,8975,9845,16336,0
153222,0,1,1,1,-1,-1,2,-1,-2,-1,56451,23693,-12173,44369,781,10241,16185,5882,11079,10269,13697,12740,0
110604,1,2,1,1,-1,0,0,-1,-1,-2,-9480,-4837,35748,11964,-15408,27577,2443,14442,9731,3898,2064,1939,0
202562,1,2,1,1,0,-1,-1,-1,-1,-1,922,15093,7910,-19524,-11524,23211,2735,2155,3531,12443,1466,6300,0
301771,0,2,2,1,0,-1,-1,0,-1,-1,4557,-4372,16794,-3044,21588,6984,14830,10181,1920,15958,9522,24344,0
572184,0,1,1,1,-1,-1,0,0,0,-1,18197,7782,812,29760,36783,9729,83,21376,7267,11749,17926,15137,0
284270,1,1,1,1,1,0,0,0,0,4,6327,23773,64315,6163,-1046,-4164,9768,18772,15556,6925,2731,897,0
282869,0,2,2,1,0,0,0,-1,-1,0,-291,40401,24783,23062,8396,1842,5549,18308,6558,16871,4556,7244,0
140637,1,1,2,1,2,-2,-1,-1,0,0,31221,37787,-21011,48524,-8934,24932,16533,1786,3469,15237,12876,13762,0
420826,1,1,1,1,-1,-1,-1,-1,-1,-1,30195,-26788,23295,17200,22806,-67,9003,18930,7967,10417,2356,16456,0
558724,0,2,1,1,-1,-1,-1,0,-1,-1,-19138,33148,37085,14246,24988,-49598,11734,32334,6062,7093,1694,13629,0
75717,0,1,2,1,0,0,0,-1,-2,0,76933,3708,-37950,44020,-25817,29604,10185,1263,9906,8675,9148,14964,0
473184,1,2,2,1,1,-1,-1,-1,-1,-1,-16180,22993,39547,-16056,-1088,-9732,12759,11327,7169,13686,7521,18750,0
379534,1,1,3,1,0,0,-1,-1,-1,-1,15476,3223,79416,-32469,12201,6475,14917,28920,5653,19574,4423,10241,0
233423,0,1,1,1,0,0,-1,0,0,0,11430,20166,16400,28706,5722,16528,7249,14784,11337,6379,5829,13016,0
192986,0,1,2,1,2,0,2,0,-1,0,35836,9149,18508,22381,7882,6005,7291,2910,5597,8358,5224,3450,0
135717,0,1,2,1,0,0,0,-1,-1,-1,14655,36222,19071,30236,-15386,-10375,8819,18014,690,10853,13671,14979,0
224310,0,1,2,1,1,-1,-1,-1,-1,-1,11088,6909,17318,2064,-7931,29837,11171,4466,9410,11389,13635,8632,0
122137,0,2,1,1,-1,-1,-1,-1,-1,-1,20587,3626,-19777,11868,13245,15735,184,11718,5165,15884,13889,14505,0
132135,0,2,2,1,-2,0,-1,-1,0,0,15069,-2936,35979,7817,-2944,18446,10214,14668,7927,12451,10093,14279,0
332740,0,2,1,1,-1,-1,-1,-1,-1,-1,35041,-807,-5347,-3329,4302,41379,14689,6905,5189,10758,12814,22255,0
542079,0,1,1,1,-1,-1,-1,-1,-1,-1,20133,-19795,11749,-28424,-977,12920,5985,10701,4080,5847,4149,10362,0
157403,0,3,1,1,-1,-1,-1,-1,0,0,-5604,-11500,14924,696,10078,9774,5396,9737,5238,4197,1913,3573,0
272790,0,2,1,1,-1,-1,-1,-1,-1,-1,5739,31041,1822,21292,1790,-18694,16936,24987,1056,5695,6572,17050,0
393434,1,1,1,1,1,-1,0,0,-1,0,-5234,24267,39413,2751,-2508,13482,15943,14031,6207,7170,2583,7658,0
279748,1,1,2,1,1,-1,-1,-1,-1,-1,-3016,27538,11777,13144,7091,-1434,10167,1922,4871,5012,3835,51,0
254681,0,2,1,1,0,-1,6,-1,-1,-2,35762,29809,-12697,48539,14116,-23977,10568,10838,9665,10897,724,7544,0
151438,1,2,2,1,0,-1,-1,-1,-1,-1,39542,8205,2731,28828,17368,9129,3821,6597,10431,11496,11518,5268,0
565291,1,1,1,1,0,2,0,0,-1,-1,17918,-17560,23338,36734,32892,-35074,12073,7517,12211,14253,421,10879,0
292918,1,1,1,1,-1,-1,-1,-1,-2,-1,37070,12128,4778,34783,7453,-806,7209,20566,17418,7163,9520,9492,0
328943,1,2,1,1,-1,-2,-1,0,0,-1,47312,6623,-13273,19676,10698,3748,1778,6669,10396,11462,7042,8117,0
183620,0,1,1,1,-1,-1,-1,-1,-1,0,1975,36357,24602,5682,2718,22548,18769,11061,10031,9606,5429,13585,0
434204,1,1,1,1,-1,-1,-1,-1,-1,-1,24730,11949,9177,1490,5425,-3995,5705,14933,1309,9993,4881,11332,0
210532,0,2,1,1,-1,-1,0,-1,-2,2,14635,45820,-11516,26005,1462,-130,18860,6829,8153,1879,5862,14566,0
463430,0,2,1,1,0,-1,-1,0,-1,0,49883,-8755,25330,-2067,10379,35540,973,9844,4559,11959,11130,1356,0
309683,1,2,2,1,0,0,-1,-1,-1,-1,14127,-6500,46632,-23533,-9367,28508,8795,12222,3703,6504,10606,8631,0
378808,1,1,1,1,0,-1,-1,-1,0,2,7909,63225,5211,23432,4795,6119,15016,10508,6193,14018,14209,17106,0
157635,0,2,2,1,0,0,0,-1,-1,-2,27497,19281,17225,19471,151,19195,2570,10874,8574,7687,5579,3041,0
249902,0,2,2,1,-1,2,0,0,0,0,24664,80194,-4070,30436,8582,7054,13262,14156,5084,5337,12079,11146,0
305402,0,1,1,1,-1,0,-1,-1,-1,-1,15201,-26302,21699,15974,12327,-2105,5242,14550,13409,16084,5452,19303,0
161016,0,1,1,1,-1,-1,-1,-1,-1,-1,26406,1663,4800,-47,-12763,6095,3755,12535,7003,10529,7162,9799,0
262879,0,1,2,1,-2,-1,-1,-1,-1,0,19972,32158,2309,30166,3277,24316,24300,19834,275,12131,11937,23762,0
442138,0,1,1,1,-1,-1,-1,-1,-1,-1,18945,-9799,32783,-41028,-4068,48000,18670,1085,4550,18068,20284,26296,0
409219,0,2,1,1,-1,-1,0,-1,0,4,6934,19672,12673,10231,14916,-4713,10234,7454,8556,4787,3433,4530,0
283797,0,3,1,1,0,0,0,0,-1,-1,75530,31087,-11185,24288,30108,17295,10456,7737,1665,15697,15883,15151,0
255918,1,1,1,1,-1,-1,-1,0,0,0,22253,52,10805,27588,39097,-11060,8991,5394,18265,10079,2328,7109,0
356746,0,2,1,1,-1,-1,-1,-1,-1,-1,24604,67175,-2754,39764,13947,-18704,26505,8129,10132,16504,10212,19125,0
232998,1,1,1,1,-1,-1,3,-1,0,0,-12643,46582,9046,26324,-9747,22737,25879,18066,1398,3467,17729,18485,0
185235,0,1,1,1,0,-1,-1,0,-1,-1,38854,10247,33907,11443,-1053,-3235,27850,12161,4719,10847,1176,15722,0
572775,1,3,2,1,-1,-1,-1,-1,-1,-1,44466,13775,-13745,30579,-161,-13656,10845,12688,9923,11938,12224,8583,0
321944,0,1,2,1,-1,-2,-1,-1,-1,-1,17226,877,16021,3789,-8128,22811,9419,6905,4241,12966,11422,12336,0
221240,0,2,1,1,-1,0,-1,-1,-2,-1,73105,19206,-11603,24567,780,19013,19077,12508,707,11607,13922,25379,0
158958,0,1,1,1,-1,0,-1,-1,0,-1,16170,23715,25069,25531,11572,-4859,8964,23954,3208,14855,2700,15536,0
10005,1,3,1,1,-1,-1,-1,-1,-1,-1,54466,37358,12059,12921,-6827,31647,5316,21203,12018,13432,10505,10278,0
555866,1,2,1,1,0,0,0,0,0,-1,60615,16108,-3996,7517,9640,38753,17984,4982,5109,10286,17595,16030,0
516712,1,2,1,1,-1,0,2,-1,-1,-1,2874,-12792,39145,2123,1308,5717,1920,11565,7882,13700,609,5438,0
232639,1,1,1,1,1,0,0,-1,-1,-1,-24941,32385,58669,-18369,-26802,25908,6513,9128,6390,13133,3626,6347,0
166726,1,2,1,1,1,-1,0,0,0,0,-11494,26974,40682,12914,16929,3583,17064,10872,15544,4086,3569,2805,0
199416,0,2,1,1,0,0,-1,-1,0,0,53253,18116,-5996,7271,137,15540,14254,16016,4114,6212,3455,13438,0
561179,0,1,1,1,0,-1,0,0,-1,0,-9390,45047,31770,5436,-4728,20368,13904,7879,6242,7690,7865,9361,0
453919,1,1,1,1,-1,-1,-1,-1,-1,-1,-5355,5592,-1351,26229,-18455,-7928,6718,15641,10936,13535,7757,5953,0
202404,1,2,1,1,0,0,-1,-1,0,0,29008,-8648,-12075,16878,4092,34517,6580,1204,3176,13344,11667,16689,0
29454,1,1,1,1,0,0,-1,0,0,0,52436,9004,12951,-8851,4320,58329,3443,6242,11384,11489,11984,10061,0
209682,1,2,2,1,0,0,0,0,-1,0,46654,883,-12574,22783,6525,3453,5004,423,846,8044,6642,1583,0
266141,1,1,1,1,-1,-1,-1,-1,-1,-1,-10076,24856,25204,2126,5649,4786,19605,13094,1852,4410,8501,22656,0
174086,0,1,1,1,0,0,-1,2,-1,-1,17344,-130,51371,-14218,-244,13052,4107,8748,4972,7890,4334,1113,0
118351,0,1,1,1,2,0,0,-1,-1,0,3836,20561,31730,31654,-9598,26525,21066,3496,7529,9977,6032,15393,0
82995,1,1,2,1,1,-1,-1,-1,0,2,-4292,32937,-3000,36547,-9750,-8144,14374,2953,1353,5047,3232,12120,0
187769,0,2,1,1,1,-1,-1,-1,-1,-1,-12898,180,9193,11644,-3626,16959,12145,11701,5146,11572,9554,16297,0
412678,0,1,1,1,-1,-1,-1,0,0,0,33871,1993,-19510,27961,38900,-31093,15805,614,6476,2433,2901,8974,0
381764,1,1,2,1,-2,-1,-1,-1,0,-1,30202,10997,36374,31466,7383,-19083,10033,22369,7165,10099,5901,4626,0
285579,1,3,1,1,-1,-1,0,-1,0,0,43884,4875,-475,40379,9864,38850,7909,13530,8242,17174,17826,20034,0
406109,1,2,1,1,-1,0,-1,-1,0,0,19101,-41370,11978,21196,16178,18512,4269,3369,16069,5638,3907,5251,0
132253,0,2,2,1,0,0,-1,0,0,0,37360,3226,39481,2235,-3617,8772,15829,13353,5338,9515,6149,10257,0
294898,0,2,2,1,1,0,0,0,0,2,7269,60941,24481,30304,16872,-22629,24880,8601,8867,4457,4938,15986,0
142769,0,1,2,1,0,0,-1,-1,0,-1,40384,34494,10277,48374,-9008,-4600,5875,21814,6694,6131,6974,2645,0
34304,1,1,1,1,1,0,0,0,0,0,8099,32769,43730,34351,5449,2609,10099,14131,10300,6567,7414,4895,0
427089,1,1,2,1,0,0,0,0,0,-1,8749,-10533,42008,33773,39282,8134,1224,18451,10421,19774,17807,15954,0
144975,1,2,2,1,-1,-1,0,0,0,0,19612,46097,28000,4757,-7726,12402,14289,15094,4206,7486,8404,5746,0
275708,0,2,2,1,-1,-1,-1,-1,-1,-1,14348,8301,21409,32588,7878,-19290,1450,13579,7106,17664,3231,4761,0
46327,0,2,1,1,-1,-1,-1,-2,-1,-1,-25557,54366,48134,-138,-6412,8102,9713,20260,9631,14961,5031,9102,0
333847,0,1,2,1,-1,-1,-1,0,0,0,33192,32706,-7651,32083,19529,-12827,15304,18897,4256,284,4878,11734,0
167755,1,1,2,1,0,0,0,0,0,0,13023,12343,45340,1073,-11390,-1771,18718,17437,523,5635,818,6124,0
77946,0,1,2,1,-2,-1,-1,-1,-1,-1,-20974,35972,49342,42939,-4876,-15543,14828,20323,7271,18779,6657,9730,0
300904,1,2,2,1,-1,0,-1,0,-1,0,26178,-768,7693,-10724,1359,14416,8076,457,1621,7466,586,9206,0
452737,1,2,1,1,-1,-1,-1,-1,4,-1,38122,7069,17628,47488,-3289,-22657,14240,28302,16134,11499,3651,6110,0
199878,0,1,1,1,-1,-1,-1,-1,0,-1,11903,6138,34115,-7506,5405,540,3052,18787,12859,2679,4692,3283,0
419540,1,1,1,1,-1,-1,-1,-1,-1,-1,11367,19924,-3871,20366,-7426,-11258,3560,4489,7478,7535,12939,6522,0
243280,1,2,2,1,1,0,-1,-1,0,-1,14309,11778,10460,57968,-4764,-2197,3868,17066,11317,15680,10843,13339,0
377184,0,1,2,1,-1,-1,-1,-1,-1,-1,-23287,-8654,43055,2558,8838,-21170,7500,17570,8124,7872,1000,13013,0
226259,1,1,2,1,-1,-1,-1,-1,0,-1,-21202,37871,1091,12383,19414,-30135,5675,12472,7354,2721,7515,4066,0
219468,0,3,2,1,0,0,0,0,0,0,40787,-4904,16034,8713,9246,18946,7372,4904,1718,7030,3237,8851,0
503254,0,2,1,1,-1,-1,-1,-1,-1,-1,42659,8814,5601,12871,8413,14057,7072,373,14248,17959,12479,7593,0
125172,1,1,1,1,-1,-1,-1,-1,0,-1,4916,501,1663,17767,14130,-6973,14420,6632,4524,3046,12272,14969,0
63252,1,1,1,1,-1,-1,-1,0,-1,-1,8607,41127,35371,13500,2413,9866,12764,20977,4337,13686,11756,11948,0
311286,0,2,1,1,-1,0,0,-1,0,-1,9673,7002,4940,62997,14876,-21751,5240,10047,14338,1860,2096,3774,0
140031,1,2,2,1,-1,-1,-1,0,0,0,47704,17225,-16089,4302,13424,26476,7479,813,5691,433,11938,5751,0
558084,0,1,2,1,-1,-1,-1,-1,-1,-1,34774,1945,4748,5184,-7764,15649,3451,7856,4953,8874,13751,11281,0
92619,1,1,2,1,0,2,0,0,0,-1,-1691,-4780,56314,-15067,-56,-11656,6390,15569,10416,3215,1103,4248,0
366485,0,2,1,1,-1,2,0,-1,0,-1,22500,-12538,193,69644,14967,-21969,2730,19375,18439,14631,11737,14254,0
225111,0,2,1,1,-1,0,-1,0,-1,-1,29293,-7990,38114,-40342,7237,46667,4356,13992,7366,14668,8548,14735,0
545306,1,2,1,1,-2,-1,0,-1,-1,-1,39344,60721,-6638,17513,-1663,-7147,24125,7182,1093,5685,7362,7865,0
381527,1,1,2,1,-1,2,-1,-1,-1,-1,60821,-501,-21950,305,-11799,24433,5601,7205,999,5847,23676,21719,0
319796,0,1,1,1,0,-1,0,-1,-1,-1,8147,12768,18881,-16496,7638,28720,18195,727,5889,10451,8055,15741,0
301116,0,3,2,1,0,0,-1,0,0,0,44492,-38211,41715,-13580,-3656,17593,3939,15722,8774,3958,5303,5024,0
68765,1,2,1,1,-1,-1,0,-1,0,0,38449,28162,20974,30841,18436,8586,16385,21989,15096,9601,8461,5806,0
133267,1,2,3,1,0,0,0,0,-1,-1,44310,5808,13877,-13086,-4522,32876,15691,6943,2669,9146,6529,7674,0
105467,0,2,2,1,-2,0,0,0,0,0,-398,40190,40085,19627,28830,-31351,15059,25723,228,1992,3449,7019,0
124149,0,1,2,1,2,3,0,-1,-1,-1,-8025,41101,13772,40410,-7315,7887,8183,12148,14958,7815,11392,3678,0
263869,1,1,2,1,-1,-1,-1,-1,-1,-1,31637,-10740,32353,-15132,-23481,13706,3504,8732,4450,6080,9753,4701,0
151961,0,1,2,1,-1,-1,-1,2,0,-1,-16774,-16315,55884,-18192,14466,16713,74,22171,3227,7228,6048,10100,0
156439,0,2,3,1,0,0,-1,0,0,0,32250,14701,20333,5432,1321,4705,14114,6292,7582,900,3205,5904,0
229780,0,1,1,1,0,0,0,0,0,-1,20195,28420,10130,41030,19696,-12862,1299,16542,4835,5051,8572,3318,0
285647,0,2,1,1,-1,0,-1,-1,-1,-1,48582,-10791,-1526,27546,9352,20838,10646,13529,11147,15357,11702,21577,0
460242,0,1,2,1,-1,-1,-1,0,-1,-1,31814,13737,5587,51251,10241,-37574,9528,19383,1986,7720,1033,13770,0
334952,1,2,2,1,-1,-1,-1,-1,-1,-1,6979,10205,-2708,-521,-12446,5714,3752,962,3025,4144,1497,1985,0
185066,0,1,1,1,0,0,0,0,-1,-1,70753,20287,-4064,26347,10094,27276,5945,10674,4134,12101,17457,9730,0
172627,1,2,2,1,-1,-1,2,-1,0,3,25732,-18975,8353,1048,5274,6356,6819,5079,13779,1790,2439,1470,0
248882,1,1,2,1,0,0,-1,-1,-1,-1,46288,14932,3859,33237,-16414,29612,8693,5455,11624,22156,17749,13646,0
167492,1,1,2,1,1,2,-1,0,-1,-1,11022,-30360,26305,-1420,10383,9480,8608,969,8913,11997,4802,9569,0
224332,1,1,2,1,-2,-1,-1,-1,-1,-1,5777,25525,4334,25287,6577,-16499,10491,5659,8409,13822,1875,7104,0
179061,0,1,1,1,-1,0,-1,-1,-1,-1,58538,20835,6135,22448,4823,15737,12772,11053,461,14946,16055,15789,0
466395,0,3,1,1,0,-1,0,-1,0,-1,49502,10361,-23824,25977,16937,19593,10838,137,4727,12515,15909,21271,0
366597,1,2,2,1,0,0,0,0,0,0,38278,3462,31045,3968,15903,12340,11007,15116,7405,6470,3269,4679,0
302358,0,2,2,1,0,-1,0,-1,-1,-1,1640,36354,17912,23134,-8425,-5935,8165,839,6431,11849,6074,2349,0
221431,0,2,2,1,-1,-2,-1,-1,-1,-1,5568,-2756,49901,-19376,1213,30899,8911,7548,2475,9495,9175,11540,0
400579,0,2,1,1,-1,0,3,-1,2,0,40502,33725,-20025,-6323,-4306,20623,6901,1303,5359,5329,7311,1583,0
417128,1,2,1,1,-1,-1,-1,0,2,-1,6843,15674,33452,-21888,7431,14200,6436,11618,5000,10553,4434,4103,0
272212,0,2,1,1,0,-1,0,-1,-1,-1,29440,11505,-8673,31896,-1425,-6068,8652,2079,6735,15499,2105,2642,0
180666,0,2,1,1,0,-1,-1,0,-1,0,15577,11798,-17135,44603,7347,-11512,695,10687,159,7378,2683,6071,0
461290,0,1,2,1,-1,-1,0,0,0,-1,19279,8007,5593,16541,21249,5014,35,4280,4119,5275,13699,5032,0
494931,0,2,2,1,0,0,0,0,0,0,42710,33550,10898,44172,29680,-6495,18089,3045,20821,4457,3450,4092,0
266297,0,1,2,1,2,-1,-1,0,-1,0,60119,14600,6792,-2639,9413,26614,12843,6880,11939,8007,10689,3504,0
309266,0,2,1,1,-1,-1,-1,0,2,-1,-1852,42890,11770,-8562,18740,1731,2239,14241,3894,3076,6463,6916,0
143627,1,1,2,1,-1,-1,-1,-1,0,0,38594,33766,-14646,38055,22009,-10176,17750,11129,15480,9783,2094,6166,0
104824,1,3,2,1,0,0,-1,-1,0,-1,-21207,7306,31923,-18469,-20203,13902,321,9538,2684,3406,1549,2187,0
140636,1,1,1,1,0,-2,-1,-1,-1,-1,19912,24789,14620,18965,-23310,9935,23671,6291,2980,8215,351,14091,0
279366,1,1,2,1,-1,-1,-1,-1,0,-1,19946,12993,2475,10837,32857,-1557,18685,11875,4697,10339,8106,22559,0
360634,1,1,1,1,2,-1,0,-1,-1,-2,29470,37859,10475,48535,11331,7817,11797,13208,13429,8756,4610,2415,0
302128,1,2,2,1,-1,-1,-1,-1,0,-1,5639,12840,23157,-16087,1626,22924,4671,8111,14838,5994,13070,5526,0
273391,1,2,2,1,0,0,-1,-1,0,-1,23396,9293,-3280,33139,-2301,-21774,3645,12432,5432,5566,9164,7675,0
27330,1,1,2,1,0,-1,-1,0,0,-2,16919,12619,46445,21643,9607,6232,8283,15774,20258,4894,932,82,0
255919,0,2,1,1,-1,-1,-1,-1,0,0,15630,1856,37324,-2308,2336,29488,8082,9025,10329,12820,6207,11241,0
301579,0,1,1,1,-1,-1,2,-1,0,0,-12211,-1666,2913,41271,-1526,1278,8151,3343,11770,4938,1941,5325,0
406655,0,2,2,1,0,0,0,0,0,0,33539,13401,5519,63744,22103,-7129,3914,8865,17385,12873,13703,3809,0
413360,0,2,2,1,0,0,0,-1,0,-1,51634,24747,-14230,9548,5998,22279,5018,4403,4354,12333,16789,7721,0
244318,1,1,2,1,0,-1,-1,-1,-1,-1,17900,17955,18414,14548,2919,17008,4965,2448,12225,10636,8319,5770,0
19169,1,2,2,1,1,-1,2,0,0,0,9589,25690,46016,29721,20196,4987,3877,17072,13507,9774,5772,4232,0
700012,1,2,1,1,-1,0,-1,0,0,0,32528,3418,6252,17523,19914,-4032,10744,19588,4224,6436,4843,10356,0
271569,0,1,1,1,1,-1,-1,-1,-1,-1,-235,-21948,38656,-11376,4330,5148,4401,10069,8199,10004,4936,6863,0
378863,1,1,2,1,-1,-1,-1,-1,0,2,37166,37307,-2249,45986,14941,-42106,12567,22656,12147,4552,3781,12274,0
221649,0,2,1,1,2,-2,-1,-1,-1,0,35886,41583,11652,15922,-2522,15953,20983,6225,7658,13620,10294,7646,0
278137,0,3,1,1,-2,-1,0,0,0,-1,-5016,23410,-10938,22036,12302,-8088,854,12284,341,4730,8154,830,0
248932,1,1,1,1,0,0,-1,0,-2,-1,46415,-2611,30524,9123,-17695,26226,5201,11952,1341,10911,4931,11033,0
27438,1,2,3,1,0,2,0,0,-1,0,11000,40233,32452,-13838,-15646,24574,17650,3043,355,6347,5496,5364,0
53096,0,1,1,1,1,0,-1,2,-1,-1,2314,13817,50197,-14723,8947,18174,10030,20670,8326,3662,6457,9494,0
113395,1,2,1,1,0,0,-1,-1,-1,-1,23504,23897,20419,-7871,-16257,26877,15875,3877,6606,13522,10655,16086,0
289484,1,2,1,1,-1,-1,-1,-1,-1,-1,1294,24243,6450,38992,6111,-19167,7233,16364,647,11807,9791,10498,0
298188,1,1,1,1,0,0,0,-1,-1,-1,12920,41712,34524,-2650,-11674,1491,12118,12864,6455,7221,1109,10402,0
396495,0,1,1,1,0,-2,-1,0,3,0,32828,-18725,23222,2748,10931,15229,5256,7138,6038,11032,7701,8798,0
371765,0,1,2,1,-1,0,0,0,0,-1,30888,19551,32193,3306,15485,20049,5239,14602,4815,9049,15582,10145,0
355738,1,1,1,1,0,0,-1,0,-1,0,22229,-26344,39075,-6840,3780,22227,4038,5707,4877,8327,3596,8184,0
227266,0,2,1,1,2,0,-1,0,3,-1,31493,7854,62721,-6477,-23977,33423,7132,16385,1079,18104,14599,10379,0
86769,0,2,1,1,-1,-1,-1,-1,0,2,25420,19461,28933,-14797,12891,-6126,13248,18442,19232,5800,1159,5170,0
201429,0,3,1,1,-1,-1,-1,-1,0,-1,34132,38028,4519,30985,1053,-1368,22656,6681,4657,5363,10520,19617,0
271029,1,1,2,1,0,-2,-1,-1,-1,-1,33014,39825,-6735,17796,-12158,6111,10408,6312,233,5345,7462,9384,0
132654,1,2,1,1,-1,-1,0,0,0,-1,5004,40604,1195,3256,-6010,5555,17220,4009,2094,3708,3350,13432,0
289549,1,3,2,1,-1,-2,-1,-1,-1,-1,37369,8767,-2155,5945,-10135,34737,6174,3511,9207,6245,10828,5287,0
382553,1,1,2,1,-2,-1,-1,0,0,-1,3723,32166,45447,40839,30423,-48920,14066,34387,6207,13823,2125,16203,0
136924,1,2,2,1,1,2,0,-1,0,-1,6375,23,19990,11972,4249,20487,5331,12586,12000,8201,13001,9016,0
347210,0,1,1,1,-1,-1,-1,-1,-1,2,19779,4497,26145,37988,7303,-14564,4988,26391,13462,7634,3916,8445,0
404522,0,1,2,1,-1,-1,-1,-1,-1,0,26079,20691,-25629,39699,3472,283,13986,2825,3004,5472,6610,12424,0
322624,1,2,2,1,0,0,0,2,0,-1,46848,42674,-5274,36406,20631,2087,5065,19169,6286,11513,12404,5937,0
89850,0,1,2,1,-1,-1,-1,-1,-1,0,19769,8193,26715,3666,18961,6666,11536,14862,13820,7847,2912,4623,0
261627,1,3,2,1,-1,-1,2,0,0,-1,299,23398,24388,14648,7382,12887,2210,10906,5711,5936,11518,4454,0
303761,1,1,2,1,-1,0,2,-1,0,-1,-4475,-2102,3904,30288,-529,-239,3106,7844,4563,9722,9379,12333,0
419239,0,1,1,1,0,0,-1,-1,2,-1,49599,38072,-3166,8959,9679,9177,12561,7479,12312,3910,8242,1000,0
63623,1,3,2,1,-2,-1,-1,-1,-1,-1,43896,23740,11761,9150,2597,22174,10813,10225,11182,7641,18100,6675,0
293796,0,1,2,1,-1,-1,-1,-2,0,-1,15207,42563,33780,19236,15669,-15958,19124,21670,4253,5612,5252,6949,0
229520,1,1,2,1,-1,-1,-1,-1,-1,0,-32917,17712,26163,6741,6478,-2188,3903,6205,6744,8254,4612,5641,0
197859,1,2,2,1,0,-1,0,0,0,0,35515,18505,-17939,48452,2083,15650,5074,5857,12938,6234,8439,5462,0
245976,0,1,1,1,0,0,-1,-1,-1,-1,32801,13074,26519,6590,-5438,7102,12798,10562,4888,3445,6150,12994,0
234635,0,2,1,1,-1,-1,-1,-1,-1,-1,59599,3979,-3445,30636,-27363,12488,11265,1263,8502,13953,8372,5298,0
102682,0,2,2,1,0,-1,-1,-1,0,-1,10015,-18032,25877,1241,15892,23462,4420,15214,5551,13331,10766,15322,0
203891,0,2,2,1,2,0,0,-1,-1,-1,7799,22364,-22550,6300,2425,-146,1296,9739,167,997,204,8791,0
269606,1,2,1,1,-1,-1,-1,-1,-1,-1,6578,7297,4152,-7369,-5712,18968,4147,8162,2763,5584,3149,1007,0
477062,0,1,1,1,-1,-1,-1,0,-1,-1,19036,4067,-10397,35401,6161,-4016,2595,9662,6262,5794,5386,10392,0
374359,1,1,2,1,2,-1,-1,0,-1,-1,-11732,737,21631,-16517,-1094,35246,6225,1965,4739,2683,6677,14101,0
413663,0,1,1,1,-1,-1,-1,-1,-1,0,23909,1294,-18191,-2992,13831,13100,2808,2805,3372,768,1109,4694,0
270727,1,3,1,1,1,2,-1,0,-1,0,5774,-18,16979,-590,7129,30579,4864,3027,7969,4255,2354,7618,0
115327,1,2,2,1,-1,-1,0,-1,-1,2,-4451,17795,-7474,6046,3213,1620,1232,4533,456,5837,3525,10741,0
361184,0,3,1,1,-1,-1,-1,-1,-1,0,15665,14492,7808,-5330,-20213,31036,11076,350,11737,1532,1866,7211,0
158445,1,1,1,1,-1,-1,0,0,0,0,21268,15996,-1967,11259,-6971,25611,5985,4546,6786,1391,1590,2915,0
146809,1,2,2,1,1,-1,-1,0,0,-1,2581,36892,-10557,17731,-270,10088,4541,198,970,2700,9850,8340,0
313405,0,1,1,1,-1,2,0,-1,-1,-1,14266,15616,-21466,32761,16533,-14083,6576,3789,3267,2577,1958,10139,1
190831,1,3,2,1,0,-1,-1,-1,0,2,8583,135,18496,13768,12901,12720,2415,8214,11958,7290,913,6299,0
191278,0,1,2,1,-1,0,-1,-1,-1,-1,25859,-7783,-26534,18816,9112,15007,4489,4640,3312,4150,5057,11556,1
135323,0,2,2,1,-1,0,0,-1,-1,-1,1495,2633,-10787,34470,1795,-10547,3375,3530,354,1442,7647,5961,0
226518,0,2,1,1,-1,0,-1,-1,0,-1,-3563,15974,-11935,17497,-6722,12563,2214,6842,11772,4349,3071,13830,0
323807,0,2,1,1,0,-1,-1,-1,0,0,5540,-17677,3833,15322,21383,15000,22,1809,6749,4828,3325,2600,0
528991,1,3,2,1,-1,-1,-1,-1,-1,-1,-5867,21104,-19368,35665,18416,-44087,3386,11313,5736,7240,7016,10972,0
70913,0,2,2,1,-1,-1,-1,0,-1,-1,1987,52442,-4970,2775,2476,22011,12011,3912,6171,2804,3609,8492,0
441691,0,1,1,1,0,-1,-1,0,0,0,22061,-4017,-14899,16257,2633,7607,718,5308,3719,7608,3665,4261,0
188200,0,2,2,1,-1,2,0,-1,0,-1,21194,1545,-4102,2541,-7066,13565,3628,3115,3317,2073,1744,4646,0
208209,1,1,2,1,1,2,0,2,-1,-1,16339,-5729,-3001,-9235,-8356,37199,2983,5412,1049,338,1083,1000,0
329190,0,2,2,1,-1,-1,0,-1,0,0,3806,4277,10701,38710,12167,-10587,6485,9442,6051,8892,1979,9765,0
158639,0,1,2,1,-1,-1,-1,-1,0,-1,34225,23103,-41596,30197,6018,1093,5936,8700,1712,2414,8952,8278,0
160934,1,3,1,1,-1,-1,0,0,0,-1,5589,19784,-1437,22332,-867,7796,9852,1421,3585,428,6485,14942,1
260070,0,3,1,1,-1,-1,0,-1,-1,-1,-5865,25700,-14716,29359,2123,-7775,12771,1001,540,931,2772,16844,0
151877,1,3,1,1,2,-1,0,-1,-1,-2,-25725,18628,-1742,29952,3260,16739,5153,9508,2805,3628,4740,8179,0
66432,1,3,1,1,-1,-1,-1,-1,0,-2,48491,-184,-43326,56125,-16165,-2383,7346,3816,3359,1432,6837,8594,0
337460,0,3,1,1,1,-1,0,2,0,0,-17775,-1045,31950,-4907,12026,31956,10507,839,6966,1414,1379,2532,0
387380,0,1,1,1,0,0,0,-1,3,-1,23359,-12963,-13466,43830,-17097,13452,6527,1701,3415,2174,6226,8929,0
436949,1,3,1,1,-1,-1,-1,-1,0,-1,11915,-2883,-17850,64310,7598,-55440,3871,3916,6477,2843,702,12966,0
194663,0,3,2,1,-1,-1,-1,0,-1,0,-9865,780,15343,-21294,7034,44370,4465,9583,2275,6431,5660,10117,0
252724,1,3,2,1,3,-1,-1,-1,-1,-1,6430,18023,-24124,40824,32,-7035,4441,9278,990,7284,5795,9336,0
200222,1,3,1,1,2,-2,0,0,0,0,24346,-3667,5162,-899,-9852,36052,7270,856,3045,728,4148,5660,0
144749,1,2,1,1,-1,-1,-1,-1,-1,-1,-3535,375,33290,-25035,-6366,43315,2108,3530,4136,7028,930,1764,0
335485,0,3,2,1,-1,-1,-1,-1,-1,-1,-3095,34665,-13095,20658,1112,-9858,5413,1739,7276,3090,3743,7361,0
311850,0,3,2,1,-1,-1,-1,-1,-1,-1,-17108,31307,15107,6008,-2418,-11547,5167,3285,3730,2870,2572,2436,0
251394,1,1,2,1,2,0,0,0,-1,-1,-9597,23683,8647,562,6326,20374,1490,10381,5091,4276,4236,16230,0
191040,1,2,1,1,2,0,2,0,0,0,-3307,-23310,20670,1687,-1072,29282,1486,1308,5027,4520,380,8373,0
192570,1,2,1,1,-1,-1,-1,0,-1,-1,33526,-4353,-10809,19407,1701,14550,4620,7446,6402,8362,3567,11972,0
82848,0,2,2,1,2,-2,-1,-1,0,0,3858,10954,-9687,29065,-20081,12730,3400,3614,1860,3120,3935,8293,0
262209,1,2,1,1,-1,0,-1,-1,0,0,30390,-3784,-11706,6992,-18713,28220,3648,5374,6030,912,1494,10650,0
352448,1,3,2,1,-1,-1,2,-1,0,-2,-5477,12014,-9583,30294,2170,-6544,6422,3227,2966,5273,3060,9393,0
210105,0,1,2,1,-1,0,-1,0,-1,-1,13718,8,7321,1075,13576,11187,1056,10709,2424,7284,1280,4585,0
303759,0,5,1,1,-1,-1,-1,-1,-1,-1,7611,17564,-28762,30460,-1786,-10119,5183,1651,1495,2547,6629,9425,0
192822,1,2,2,1,-1,-1,-1,-1,0,3,25752,-2448,2703,1264,-6473,20965,3952,1500,7259,2881,1866,1748,0
250490,0,1,1,1,-1,-1,-1,-1,-1,-1,-21867,324,16304,-2862,-3959,13245,2419,387,4785,3320,571,1355,0
205313,0,1,1,1,-1,-1,-1,-1,-1,-1,5463,13410,9500,-18625,-5019,18526,4385,5114,1325,8354,7719,7301,0
72006,0,2,2,1,-1,0,3,-1,-1,2,-2677,7275,11658,544,-17707,30306,6904,3177,584,402,1833,3593,0
479645,1,1,1,1,-1,-1,-1,-1,-1,0,1445,2105,-9949,46059,7723,-31338,2706,1825,9510,3404,2729,10393,0
67415,1,3,2,1,0,-1,0,-1,-1,-1,-17166,19029,-276,22920,2062,5375,7849,6862,475,4620,4529,1081,0
355675,1,1,2,1,-1,-1,-1,0,0,-1,28557,-21442,11820,-26203,-678,37669,6900,5757,4195,1628,1060,3934,0
169423,1,2,2,1,-1,-1,-1,0,0,0,8318,17176,-569,30125,11360,-850,7359,2967,7867,1349,4230,7817,0
222107,1,1,1,1,1,-1,-1,-1,-1,-1,35164,-10377,-26703,47974,-6875,-13873,1341,2068,1798,3922,1854,4213,0
209092,0,2,1,1,2,0,-1,-1,-1,-1,28936,-21321,-9636,41378,-8260,17292,1999,999,7878,4132,5782,13243,1
268355,1,1,1,1,-2,-1,0,-1,0,0,-12179,1535,5822,17302,3774,3151,4937,5165,4314,2854,3234,4885,0
293141,0,2,2,1,0,-1,3,0,0,2,9207,9307,-7389,9670,12662,31268,6252,1200,5544,5207,5238,9149,0
648792,0,1,1,1,-1,-1,-1,-1,-1,-1,-10218,3817,-11627,8164,21892,-14899,4000,12252,1624,1338,1469,5203,0
154883,1,2,0,1,0,0,-1,0,0,-1,25007,-10430,-7222,-6450,-2036,27697,259,684,1373,4642,2541,8503,1
471007,1,1,1,1,-1,-1,-1,-1,-1,0,37272,8918,-9247,-7430,7314,20924,13345,2799,9588,198,4401,3464,0
261711,0,2,1,1,-1,0,0,-1,0,0,18523,-9301,9483,28254,-19781,9607,9580,6763,4877,6036,673,9945,0
383653,0,1,2,1,-1,-1,-1,0,-1,-1,27683,-20595,1032,24703,8081,-8135,5506,3676,4076,3920,2429,12289,0
175702,1,1,2,1,1,-1,-1,-1,-1,-1,37049,24526,-15746,40448,-2087,-17463,7368,2709,3663,1926,3192,6580,1
180473,1,3,1,1,1,0,0,-1,-1,-1,8010,-24935,35654,1425,-6650,36439,3476,2544,4711,9662,618,2596,0
208056,1,2,0,1,2,3,2,0,0,0,52008,-6158,-11338,38635,-11339,34521,3968,12441,2998,2796,2097,4847,0
242658,1,2,2,1,-1,-1,-1,-1,-1,0,16587,30239,-15558,8663,-2823,10193,14515,1152,8180,394,4891,10054,0
438253,0,2,2,1,-1,0,-1,-1,-1,-1,-2569,22428,-45774,41255,10035,-25488,619,2428,3181,1872,2287,11781,0
118946,1,2,1,1,-1,-1,-1,-1,0,2,57703,-9394,-26400,43160,-119,-9414,6831,2856,3968,3561,3585,1540,0
194939,0,2,2,1,-1,-1,2,0,-1,0,-4706,46932,-19228,14151,3356,8776,7023,3650,2257,2071,1443,3359,0
315939,1,3,1,1,1,-1,-1,-1,-1,2,6548,26896,-26190,48344,-11256,-15440,7389,1583,6070,852,4342,15143,0
189179,1,3,1,1,-1,0,-1,0,0,-1,28715,7239,-6128,1734,-19511,43474,6314,2378,658,91,5617,8028,1
312614,1,3,1,1,-1,-1,-1,-1,-1,-1,5855,22850,-35980,50683,-5853,-21146,6984,3720,4913,7062,5809,8679,0
332175,1,3,2,1,-1,2,0,-1,-1,0,27460,4301,-14870,2114,2921,22986,6194,3445,4107,5328,4929,5239,0
279527,0,1,2,1,-1,-1,0,-1,-1,-1,-1076,16071,-23408,40429,1804,-1697,9492,6306,1605,2758,4939,11480,0
328982,0,1,1,1,2,-1,0,-1,-1,0,-7393,4489,15582,24772,-2507,9470,10084,2246,7952,5889,1799,3689,0
57758,0,1,2,1,2,-1,0,2,-1,0,3684,13333,5342,20893,-9279,35892,10738,5474,2426,5991,7651,11257,0
224226,1,1,1,1,-1,-1,-1,-1,-1,2,-10583,9770,11020,-9885,11546,18913,10720,1553,3795,6783,2812,5106,0
202564,0,3,2,1,-1,-1,-1,-1,-1,2,21930,43895,-5567,21884,-11691,26873,15686,2759,10623,1664,6853,7399,0
337243,0,2,2,1,-1,0,0,-1,-1,-1,32142,-2676,-5569,5529,-16755,44248,6801,7006,5241,3371,3192,3864,0
236315,1,2,1,1,-1,-1,-1,0,0,-1,5282,22061,-11939,18944,19551,-37298,3330,6871,685,4666,1692,4871,0
176946,0,1,2,1,1,-1,-1,-1,0,2,22672,11021,-93,27674,-7276,-14342,664,413,8113,4490,1451,27,0
289799,1,1,1,1,-1,-1,3,-1,0,0,21384,1203,-9104,14416,3842,14431,4716,2417,3113,670,3959,828,0
194280,1,2,1,1,0,0,0,0,0,2,-2045,19891,-6214,4132,-2670,33229,7630,10793,5059,2723,2778,2568,0
13019,1,1,1,1,1,-1,-1,0,-1,0,32138,3524,-5329,38924,1970,2452,4892,6706,679,5080,1373,5992,0
217484,1,1,2,1,3,-1,-1,0,-1,-1,11064,31811,-21397,27026,4182,-7861,4736,2157,337,3297,2080,18125,1
300158,0,2,2,1,-1,-1,-1,-1,0,0,24063,6253,-15915,9785,1102,30257,5245,9026,10329,1104,3116,6781,0
352847,1,1,1,1,-1,-1,-1,0,0,-1,-18441,15351,21200,-8735,3458,11878,5713,115,7854,1597,340,4993,0
142217,0,3,2,1,1,-1,-1,-1,-1,0,7592,16038,25405,-4658,-7216,34416,7901,3589,6973,6756,3743,5237,0
105582,0,3,2,1,1,-1,-1,-1,-1,-1,16323,-10399,-2255,2894,4631,8717,380,1315,813,4118,3189,3707,0
16403,1,1,2,1,-1,-1,-1,-1,-1,-1,34001,14908,-19948,11316,4118,-15634,4253,8899,3867,3774,114,1251,0
42044,1,1,2,1,2,-1,-1,-1,-1,0,4198,6059,-4558,1987,-8274,26845,3884,7452,953,2206,2670,3377,0
151003,1,3,2,1,1,-1,0,-1,0,-1,-13090,32434,1891,25921,-15708,375,12523,2266,9154,3515,1323,1592,1
459304,1,3,1,1,-1,-1,0,-1,0,-1,-12526,19576,-3527,-708,12913,-2968,6462,5055,2119,12,2326,6782,0
357615,1,1,1,1,1,-1,2,-1,-1,0,-16030,62,13253,18183,5348,598,4226,928,2907,1681,1577,6914,0
296203,0,1,2,1,-1,-1,-1,0,-1,-1,30552,7586,-13247,21688,-5545,3537,3013,7246,692,2513,34,149,0
102831,1,1,1,1,1,-1,-1,0,0,-1,36621,6749,2297,5033,-15051,26153,6877,2276,3566,1626,5011,4016,0
103188,1,2,2,1,-1,-2,-1,-1,0,0,26419,6783,-11115,10655,-13975,28564,3722,4856,3034,972,3034,5493,0
165144,1,3,1,1,1,-2,-1,-1,-1,-1,5049,15308,-3973,8797,-2875,5170,6508,1702,3043,1675,2120,12216,0
416393,0,1,2,1,-1,-1,-1,0,-1,0,-9524,20026,-5854,581,32920,-6658,1529,7309,380,3245,1806,920,0
195457,0,3,2,1,-1,-1,-1,-1,-1,0,21661,12513,-9016,3897,-8746,31325,4772,8563,7181,9620,1130,8331,0
68115,1,2,2,1,0,-1,0,0,-1,-2,13582,25690,-12374,30117,3934,20109,1322,15987,4500,10074,3209,1261,0
494668,0,2,1,1,-1,-1,-1,-1,-1,0,1081,33592,-18168,34845,3700,-10173,10250,1047,9316,268,1236,7419,1
182580,1,1,2,1,-1,-1,-1,0,0,-1,27877,39491,-26113,13683,306,6980,2677,502,2393,472,6810,4724,0
455010,1,2,1,1,-1,-1,2,-1,-1,-1,-27350,24634,-5419,40060,5074,-26099,8191,400,7258,385,3314,15034,0
179711,1,1,2,1,0,0,-1,-1,-1,-1,-7397,5923,24366,-5140,-24408,42596,5531,9972,5886,2723,365,2197,0
364060,0,1,1,1,-1,-1,-1,0,-1,-1,-29665,50708,-9069,12064,14355,-28219,8502,5570,3683,3501,2575,9868,0
99088,1,2,1,1,1,-1,0,-1,-1,-1,1080,31514,13558,23411,-17876,12926,10570,7800,10162,3251,4496,11451,0
453669,0,2,1,1,0,0,-1,0,-1,-1,10773,-7255,6088,1632,-1333,34760,7453,293,4356,3838,1799,10730,0
254502,1,3,2,1,-1,-1,2,-1,-1,0,31587,19078,-37636,63884,8118,-7601,14223,6807,1571,835,3563,11951,1
336193,0,1,2,1,-1,-1,-1,-1,-1,-1,15683,-23821,-11748,22680,9393,636,4038,1602,4730,5031,2455,10150,0
285891,1,1,2,1,2,2,0,-1,0,2,10279,11415,10943,-972,13208,26699,5166,3745,7690,3613,1321,1811,1
335090,1,2,2,1,0,-1,-1,0,-1,-2,29884,15799,-14925,15120,7308,22436,5574,7575,6442,3111,2769,1318,0
416309,0,1,1,1,-1,-1,-1,2,-1,-1,-16389,-11279,11233,-11255,10069,-16513,424,1889,68,4158,929,17629,0
97542,1,2,1,1,2,0,-1,0,-1,0,-8081,15896,31123,-377,-9517,27073,2016,10913,5092,6345,918,1154,0
208441,1,2,2,1,0,0,3,0,0,2,-10623,-10590,17223,31205,2990,11075,1939,4539,2416,8162,2939,9139,0
101533,1,2,2,1,0,2,3,0,0,0,48399,17560,-4313,26596,-9839,35152,4540,1385,3178,991,7114,3258,1
211671,1,2,2,1,1,-1,2,2,0,0,-3490,2017,10107,23675,-9261,6135,114,7458,709,3874,1100,2336,0
364918,0,3,2,1,2,0,-1,-1,0,0,10294,-32564,-2103,18483,9949,5889,997,1994,7778,958,6492,9402,0
214247,0,2,2,1,1,-1,-1,-1,-1,0,5829,-2665,-5477,30767,-9141,2981,2266,454,7115,852,306,1510,0
302955,0,1,2,1,-1,-1,-1,-1,-1,-1,6789,8557,-10402,47659,-2706,4513,6894,1054,3763,4103,8382,4681,0
455110,0,1,2,1,0,-1,0,-1,-1,-1,17729,-4368,-8652,24023,10822,-4162,7171,6611,6584,7059,1074,5949,0
60532,0,1,2,1,-1,-1,-1,-1,-1,-1,10463,2885,-2756,13253,9093,-2473,1264,5218,3674,5203,2822,5135,0
203963,1,3,2,1,-1,-1,-1,-1,0,-1,20286,-15178,526,11931,1468,-4328,1535,7775,4385,5977,2135,2937,0
377874,1,3,1,1,-1,-1,-1,-1,-1,-1,-10755,7506,-4322,-17547,9093,30635,5501,6021,3879,4484,7841,4575,0
81896,0,3,1,1,1,-2,-1,-1,-1,0,3023,22735,8609,11384,-17835,14110,5912,5979,3596,1157,2856,1994,0
304243,0,1,1,1,-1,-1,-1,-1,-1,-1,19376,-1112,-32542,63366,-750,-20771,3860,2406,1664,3346,5186,14881,1
59623,0,2,2,1,-2,-1,-1,0,0,0,14289,17197,31192,31427,1255,20451,6239,5722,13064,8423,452,2572,0
233671,1,2,2,1,0,0,0,-1,0,2,-14134,-9276,-10894,4925,-14724,36071,447,455,938,1227,5833,7022,1
222087,0,2,1,1,-1,-1,-1,-1,-1,0,35242,4974,-32818,29884,960,12153,3336,1157,5308,1946,1544,2817,0
112916,0,2,1,1,-1,0,-1,-1,-1,-1,6712,20805,-1914,-10062,2094,-152,8045,2467,805,862,2390,10527,0
102106,0,3,2,1,-1,0,-1,-1,-1,2,19498,4542,-9506,2127,-2542,9984,2623,4777,5069,4199,60,14218,0
268885,1,1,2,1,-1,0,-1,-1,-1,-1,6849,-16034,17796,-18961,-7637,30030,278,3039,5073,3887,4188,1590,0
199926,0,2,1,1,-1,0,0,-1,-1,-1,17197,1659,-13309,22523,4479,20320,4047,9261,2552,7217,3347,5595,0
386346,1,1,1,1,2,-1,0,-1,-1,-1,-1021,7627,6433,14553,15448,19111,1830,6671,4885,6320,6492,9069,1
456501,1,1,1,1,-1,-1,-1,-1,0,0,12341,10269,-15932,9405,-14375,8497,6722,231,5909,1366,5654,8419,0
26022,0,2,2,1,-1,-1,-1,-1,-1,-1,5821,12301,-13458,38841,-758,-18684,594,3642,2884,3567,3075,12618,0
176100,0,2,2,1,-1,0,-1,-1,-1,-1,11706,28855,-20485,21833,-5864,11295,6746,8146,2744,7769,5705,12831,0
370733,0,2,1,1,1,0,-1,-1,-1,-1,-19661,-24557,34367,1669,2192,-2157,3871,2123,8210,976,1849,17906,0
52185,0,2,2,1,3,0,-1,0,-1,-1,-4983,31089,6668,-4539,-497,21734,3192,8991,2938,2927,1167,7561,0
271247,1,4,1,1,-1,-1,-1,-1,-1,0,16991,16843,-14214,24057,-17110,4604,1993,11241,5782,8329,1383,588,0
640576,0,1,2,1,-1,-1,-1,-1,-1,-1,15304,-11163,-12932,19579,1311,-3066,1284,5104,11152,1645,2844,4118,0
215676,0,2,1,1,-1,-1,-1,-1,-1,0,2398,22317,-33835,43190,-1365,2349,3543,2802,6819,316,5710,9162,0
292744,0,2,2,1,-1,0,-1,-1,0,-1,21406,1782,-10899,18643,-6883,17873,6803,1180,5579,1239,6855,16065,1
375411,1,3,2,1,-1,0,-1,0,-1,-1,6998,-16348,7749,-1057,-9841,16639,821,8428,693,1114,6723,3655,0
177658,0,3,2,1,3,-1,-1,0,-1,-1,8740,12663,16329,21141,-7466,9673,6528,6669,3052,2783,240,6108,1
382241,0,1,1,1,-1,-1,-1,-1,-1,-1,6504,28253,-34049,5946,-4724,8982,9659,3611,2311,1692,6722,10969,0
312258,1,2,1,1,0,-1,-1,-1,-1,-1,3567,-9223,-9290,13494,5409,11393,1474,918,3681,5901,8658,6607,0
430814,0,3,1,1,2,-1,0,-1,-1,-1,-49050,10591,12721,-4911,10894,23619,5940,4323,1500,329,1402,5167,1
271172,0,3,2,1,0,0,-1,0,0,2,11929,2929,-4456,19327,-5096,5514,1379,9717,3882,4427,1580,4382,0
126088,0,2,2,1,-1,0,-1,0,-1,-1,16728,7564,-11329,9428,8513,29052,6787,3578,1494,644,2274,24396,1
246984,0,3,1,1,1,-1,0,-1,-1,-1,-27504,-7864,31988,5624,-5420,13164,5795,3279,1466,2907,3913,10306,0
403228,1,3,1,1,-1,-1,-1,-1,-1,-1,-15821,44807,-41061,25057,5715,-11697,12340,1648,3346,2576,8295,5097,0
194571,0,1,1,1,-1,-1,-1,-1,-1,-1,18585,6219,-11802,-5415,-4626,29267,8700,2011,4658,3221,4034,6081,1
318917,0,3,2,1,0,-1,0,-1,0,-1,-3385,15756,-11425,36957,-5032,5655,6710,1878,3310,5348,4527,40,0
404635,1,2,2,1,-1,0,0,-1,-1,-1,-12523,-2405,-5105,27863,-4147,-10460,3751,6631,2376,6508,6357,11975,0
469761,1,1,1,1,-1,2,-1,0,0,0,34920,7444,-18285,23755,25703,-2867,5828,10979,10346,4173,3284,2850,0
154619,1,2,1,1,-1,0,-1,-1,-1,-1,23210,-4221,-11301,21841,-15084,14410,6535,5513,5043,1546,2621,14142,0
81564,0,1,1,1,2,-1,0,-1,-1,2,-44015,35737,35482,15788,-5797,3307,11364,7141,5955,1983,1475,206,0
419087,1,2,1,1,-1,-1,-1,-1,2,0,4790,-13829,415,20547,6055,3350,4718,3404,4795,2165,1346,1547,0
129488,1,3,2,1,0,-1,0,-1,0,0,36936,5748,-38694,33309,-4668,15398,4833,3437,1196,3749,2371,1047,0
93727,0,2,2,1,1,-2,2,-1,-1,-1,14405,-2647,14526,25883,-5148,-512,1635,1181,3744,3629,64,8726,0
42992,0,2,2,1,-1,-1,3,-2,-1,2,-4550,26041,2159,-3373,-13288,7855,8603,1753,77,2855,1394,4542,0
100657,1,1,2,1,-1,-1,-1,-1,0,-1,-7461,31897,8314,21369,-12263,-5760,4328,4205,4222,1147,2673,1388,0
170702,1,2,2,1,-1,-1,0,-1,0,-2,31375,-611,-1412,8991,6103,26360,8737,3511,6817,7234,2166,2060,0
419233,0,1,1,1,-1,-1,-1,-1,-1,-1,-5117,-11489,1034,22031,-12457,15375,3873,2239,2164,9144,4378,16582,0
107140,0,1,1,1,0,0,2,0,-1,-1,49640,-4651,-16518,30605,852,22933,1105,1968,1268,8079,3553,5446,1
75821,0,1,2,1,1,-2,-1,-1,0,-2,28391,5328,14908,50013,5775,17006,9526,16243,30042,13401,13792,10921,0
338287,1,1,1,1,1,-1,-2,-1,-1,-1,-19021,11852,7808,39903,4471,-24594,3060,8087,1259,11062,6672,9172,0
46365,1,2,2,1,0,-1,3,0,0,0,25460,4897,14561,-6582,26662,26956,10434,5190,13511,13070,2086,15035,0
71062,0,1,1,1,2,-1,0,-1,0,-2,13523,3363,-14,8909,3677,25593,8070,9523,5807,8049,8255,8313,0
229776,0,1,2,1,-1,-1,-2,-1,-1,-1,19968,8600,-16182,11725,19153,-4050,6881,8738,3671,5097,3922,1643,0
405158,1,1,1,1,1,-1,0,-2,3,0,-2621,-21761,58595,-5362,22431,41583,14668,5701,23492,18499,7961,7043,0
11539,0,1,1,1,1,0,-2,2,-1,-1,51183,-11730,20723,14185,8486,17847,12474,13696,3612,14049,6719,14071,0
371760,1,2,2,1,0,-1,-1,-1,-1,0,14685,-27575,16948,-2232,23733,16421,3589,1351,8719,11673,2785,6079,0
169316,0,2,2,1,0,-1,0,0,0,0,4667,-8799,39961,-4699,4944,27897,12921,3012,14828,4619,6209,4927,0
232543,1,1,2,1,-1,-1,0,0,0,2,50262,73035,-141,47352,50894,-5462,22123,24986,26167,23187,15597,18086,0
715358,0,1,1,1,-1,-1,0,-1,-1,-1,40854,15578,6412,47731,6686,11496,17960,18002,17788,9295,16741,10860,0
249639,0,1,1,1,0,0,0,0,-1,0,20768,-20635,30336,606,15358,18007,9021,130,9468,11383,4462,2711,0
155071,1,3,2,1,-2,-1,-1,-1,0,-1,43071,-3941,3213,4637,-992,27001,10147,11356,10645,7053,11441,4553,0
391098,0,2,1,1,0,0,0,-1,0,0,2534,27032,24198,26046,-3044,29143,12313,20657,19993,4974,13542,6171,0
306675,0,1,2,1,2,-1,2,-1,-1,-1,12563,2474,17607,-1516,2325,23160,12949,7650,3686,2544,9451,3897,0
136956,0,1,2,1,-1,-1,0,0,0,0,10818,-3159,16344,7309,22923,13343,9887,7051,10510,7706,1868,10365,0
54583,0,1,2,1,-1,-1,0,0,0,0,35962,30381,-4328,6931,39597,14952,24410,6666,9511,16394,15074,17194,0
546312,0,5,1,1,-1,-2,-1,-1,3,2,59588,-5890,-14264,20744,14902,-1559,14694,12894,6670,8969,6138,10881,0
490079,0,3,1,1,0,-1,-1,0,0,-2,62467,-13738,-8262,10607,22047,-6063,7247,9738,2867,10035,1527,7617,0
114734,0,1,2,1,1,0,0,-1,-1,0,51170,-5567,16028,9792,19897,29431,12746,12602,19235,19855,5017,14599,0
438976,0,1,2,1,-1,-1,-1,-1,0,-1,27190,3957,13772,25962,10642,14483,6539,16452,17230,11601,11397,11326,0
299348,1,2,1,1,-1,-1,2,-1,-1,-2,31919,21317,-10263,14412,4889,18771,15931,8762,4821,9282,8431,15701,0
200832,0,3,2,1,0,0,3,0,-1,0,22297,16187,-4034,-5175,12109,23452,14939,5856,9979,4362,8902,8380,0
143775,0,1,1,1,1,-2,0,-1,3,-1,34339,-26745,31152,5257,-21933,35652,324,13502,13945,8943,6428,6098,0
487498,0,1,2,1,-1,-1,2,-1,0,0,460,372,-11673,60964,32095,-29964,7179,5502,14228,9145,8690,8278,0
294240,0,2,2,1,0,0,-1,-1,-1,-1,18388,33531,814,24879,-6611,21232,9304,26153,15605,3660,12768,654,0
153294,1,5,2,1,0,-1,0,-1,-1,-1,50883,1901,24831,22078,25392,22665,17187,23479,16455,23093,14483,10637,0
242818,1,2,1,1,1,-1,0,-1,3,0,-5850,-2371,46491,-23488,-5844,32682,3276,3035,12266,7209,4448,7562,0
165575,0,2,2,1,-1,-1,-1,0,-1,-2,6223,13022,12831,12603,8414,7918,6691,10846,9826,13728,4119,2821,0
186896,0,2,1,1,-1,-1,-1,-1,-1,-1,10737,24328,1768,-52,21734,10729,6901,15611,2215,13184,5126,10741,0
406616,0,1,2,1,-1,-1,-1,-1,-2,-2,27226,11899,-14770,56588,19775,1114,8177,15768,17256,7286,11310,13988,0
294109,1,2,2,0,-1,2,-1,0,0,0,56170,23358,-21635,-1854,38641,13937,20817,12908,9883,6585,11003,2122,0
22634,1,2,2,1,0,-1,-1,0,0,-1,40673,19913,12258,19970,7414,1628,11096,5825,12650,9649,3807,7092,0
127799,0,2,1,1,-1,-1,-1,-1,-1,-1,21170,29742,3105,36776,3114,1978,9620,8890,8247,15641,6845,12968,0
173920,0,1,2,1,-1,0,-1,0,0,0,41862,23870,14426,-16553,7205,39341,15391,10216,11759,3864,8684,4517,0
246403,0,1,2,1,-1,-1,-1,-2,-1,-1,25549,28676,18459,15385,27112,13350,16270,14653,19576,13522,11140,21353,0
460110,0,2,1,1,-1,-1,0,0,2,0,19099,30522,12210,12058,18852,44757,20091,17021,16091,4664,21784,7798,0
52765,1,1,1,1,1,-1,-1,-1,-2,-2,46077,16306,-1055,14237,3212,13082,17076,7652,6924,10380,8266,7767,0
159948,1,2,1,1,0,-1,-2,-1,3,-1,13416,10808,12600,2915,-9573,16714,11349,3009,4549,4085,6311,6944,0
293896,0,1,1,1,0,0,0,0,0,0,44284,-9850,-3416,394,9120,25753,9912,7381,14899,757,7048,3570,0
170786,0,1,2,1,0,-1,0,0,-1,0,-11849,37678,28947,15950,19080,26994,19717,14410,17124,10136,8594,18364,0
346724,1,2,2,1,-1,-1,-1,0,-1,0,41020,1217,24159,-8700,32821,40715,19785,14479,16057,17186,10670,14890,0
370156,0,1,2,1,-2,-1,3,-1,-1,0,8282,2320,7327,29112,2370,9341,13454,10609,4569,5572,10618,8944,0
389136,0,1,2,1,-2,-1,0,-1,0,0,12537,-7318,33625,26714,-13303,38813,12228,17897,20792,8308,14063,14081,0
401007,0,2,1,1,1,-1,-1,-1,-1,-2,27471,3830,20682,39090,23811,10249,9759,19183,18708,21134,6163,13649,0
381856,0,1,2,1,0,-1,0,0,2,2,24264,19961,5687,35398,29632,10040,17975,11791,20185,9243,20289,10062,0
149820,1,2,2,1,-1,-1,-1,-1,0,-1,57311,61891,33839,1116,-5527,69648,31552,32723,29339,11467,19827,14962,0
22097,0,2,1,1,-1,0,0,-1,0,-2,36010,36783,-6982,-1536,16286,13269,20691,2599,13090,9859,8854,4137,0
255609,1,3,2,1,0,0,0,0,0,-1,41697,18837,22416,3108,-9968,33209,14927,17464,15191,2289,14382,6537,0
293305,1,3,2,1,0,0,-2,-1,0,2,14726,-7171,21944,-11921,-10792,19538,5665,1721,13704,4743,3151,5231,0
469229,1,1,2,1,-1,0,-1,-1,0,-1,57406,2277,9197,27434,-853,31379,13283,24240,18391,13272,9427,15165,0
328381,0,1,1,1,-1,-1,-1,-1,-1,-1,12897,5217,34157,-21251,-7528,50359,15916,6694,19348,7916,8363,19977,0
348583,0,2,1,1,0,-1,0,0,2,0,31631,-24123,-10315,1403,41784,15910,10016,1859,9113,4000,4239,5228,0
98134,0,1,1,1,-1,-1,-1,0,0,0,17063,28560,16837,-17143,6329,32898,15283,2088,9858,8349,7144,9571,0
49118,0,3,2,1,0,0,-1,0,-1,0,41903,-20788,15363,10318,3796,19752,1109,11325,6324,10855,734,6992,0
139461,0,1,2,1,1,-1,-1,-1,-2,0,39332,-20571,20280,17364,3572,25655,9199,1635,17023,6460,13155,11032,0
201127,0,5,2,1,0,0,0,0,0,0,21886,15775,15157,18736,27343,8742,9576,16554,15183,8901,7302,9991,0
571547,0,1,1,1,-1,-1,-1,2,0,0,58040,-34013,5047,24029,20794,9570,9719,11039,16486,10235,6105,7789,0
562123,1,1,1,1,-1,-1,-1,-1,-1,-1,41354,12427,26650,10127,3185,49209,21473,17835,27947,11226,17302,15301,0
341532,0,1,1,1,1,-1,-1,2,0,-1,3353,-8527,7611,4058,21297,-4086,6101,1500,4699,5946,4289,6205,0
393291,0,1,2,1,-2,-2,0,-1,-1,0,22955,-11521,33416,-5601,-2237,32737,7630,18565,15333,4820,3186,7244,0
133843,0,1,2,1,-1,-1,0,-1,-1,-1,13173,-7236,5747,26401,14598,71,11824,2182,7904,11770,5310,5245,0
230594,0,3,2,1,1,-1,-1,-2,-1,-1,2924,19084,49780,-40341,15655,47106,8029,18349,20656,18263,105,12235,0
321285,0,2,1,1,-2,-2,0,-1,0,-1,33104,38239,-13531,31121,11871,11002,16096,15381,17795,4884,14893,9123,0
224043,1,2,2,1,-2,2,-1,-1,-1,-2,52620,-13819,31537,43921,-3881,16331,7430,23806,16890,12889,10691,8568,0
99729,0,1,2,1,-1,-1,0,-1,-1,-1,27517,48859,-9735,47737,28974,-12804,12398,23243,11987,12483,14844,10302,0
238230,1,1,1,1,0,-1,0,0,0,-1,36356,-11729,23322,6731,9284,21400,11383,8915,13242,10464,6971,9083,0
294493,1,2,2,1,0,0,-1,-1,-1,0,14182,-1865,30083,39872,18212,3317,6835,18158,17220,18788,5504,8950,0
288276,1,1,2,1,-1,-1,-1,-1,-1,-1,19264,1683,17872,19045,29005,12951,12293,8470,15548,17478,10323,11380,0
157147,1,5,2,1,-1,2,-1,-1,-1,-1,49160,10571,-2473,46651,33144,-3694,15292,15400,15899,19650,11265,19260,0
145693,1,3,1,1,-1,-1,2,0,0,-1,42643,7732,-8855,3797,11717,9698,17958,2709,2421,17453,3581,10535,0
558083,0,1,2,1,0,-1,0,2,-1,-1,58964,-4536,16659,7615,26773,31459,16197,11562,15017,13384,12348,5536,0
242373,0,1,1,1,-1,0,2,-1,-1,-1,54667,8269,-10476,5115,8871,6333,13708,11867,403,2060,2312,2656,0
660463,0,2,1,1,0,-2,0,2,-1,0,14121,-21436,55395,1208,24394,55638,16225,19444,26400,13747,15578,10350,0
325471,0,1,2,1,-1,-1,-1,-1,-1,0,31575,5569,26123,27487,39035,11375,15179,15883,20412,18442,13896,6363,0
412071,0,2,1,1,-1,-1,-1,-1,-1,-2,37292,12544,-19617,1552,2737,5304,8493,14160,3005,3024,3055,87,0
349652,0,2,2,1,0,-2,-1,-1,-1,-1,19488,-11380,40568,39216,-21283,31511,2323,24491,26892,15324,8164,10883,0
497743,1,1,2,1,-1,-1,0,-1,-1,-1,6352,26352,168,18740,3374,6660,11587,18028,5739,4318,10468,5148,0
116071,0,2,2,1,-1,0,-1,-1,-1,-1,15703,-4046,11585,-2889,30267,-2060,2437,10759,4269,9286,874,8360,0
568246,1,3,2,1,1,-2,-1,-1,3,0,8637,-20494,27988,1540,18659,17300,9593,11721,17657,10206,6550,5273,0
210794,0,1,1,1,-1,-1,-1,0,0,0,16542,-5784,4111,-8091,10035,33276,4157,4615,13153,3933,2904,3286,0
339217,0,3,1,1,-1,-1,-1,-1,-1,-1,36691,42376,17498,-14311,9839,30538,27632,13192,17396,6109,13868,13836,0
490229,1,1,1,1,1,-1,-1,-1,0,-1,24391,18744,34651,-3476,15628,21481,9920,13578,19579,12432,6718,1318,0
133697,1,3,1,1,2,-1,0,-1,0,2,31896,46142,-17617,14012,7085,10570,21626,3911,10410,3411,13503,4534,0
376152,0,1,2,1,0,0,0,-1,0,-1,-1699,20480,19613,10411,-10217,34252,7611,18022,16816,5726,15849,9373,0
79702,1,2,1,1,-1,-1,0,-1,-1,0,16159,-8091,4680,-3191,-29883,38870,9259,451,652,416,3929,2002,0
288962,1,3,1,1,0,0,0,-1,-2,-2,23503,-617,-2254,5679,-4341,14411,14004,2368,4225,921,6620,9372,0
85698,0,2,1,1,1,0,0,0,0,2,25943,37628,17015,26586,39658,8763,16820,11859,19342,19548,7347,6948,0
16707,0,1,2,1,-1,-1,0,-1,-1,-1,15599,24845,-3908,16563,-6421,17600,17082,6074,4918,1856,12818,4978,0
348178,0,2,1,1,-1,-1,-1,-1,-1,-2,-13447,13547,23136,20402,2348,15432,6627,8226,9589,10805,4865,10575,0
183571,0,2,1,1,1,0,0,-1,-2,-1,14090,-381,20087,28722,-16132,9167,13241,10620,10978,6081,9775,11224,0
235183,0,1,2,1,1,-1,-2,0,2,-1,29261,21259,32122,-14691,21325,20329,16461,4776,17259,7642,8840,10499,0
160667,0,2,1,1,-1,-1,3,-1,-1,-1,35628,14499,-7548,30959,-1597,-5116,15999,5361,3352,9507,9098,1869,0
12362,1,3,2,1,-2,-2,-1,-1,0,-1,25648,37354,-4189,49550,2176,-11931,5843,14913,12599,12062,5549,1492,0
468768,0,1,1,1,-1,-1,-1,0,-1,-1,12472,24302,2677,4258,5589,20136,15370,10989,11694,1030,8613,9569,0
83489,0,1,2,1,0,0,-1,-1,-1,-1,26914,18034,21496,2938,8563,24224,9525,17688,15816,13611,12468,11197,0
205401,0,2,2,1,-1,-1,-1,-1,0,-1,43704,14661,-9031,31948,29548,27075,15971,17470,17710,17891,14263,12967,0
210252,0,3,1,1,0,0,0,2,-1,-1,12975,10826,1644,4451,-625,7165,12035,10989,5454,1869,9973,89,0
73866,1,2,1,1,0,-1,-1,-1,-1,-1,69945,31594,28830,-10143,24151,31899,26787,16989,23579,16751,12347,15799,0
231682,0,3,1,1,-1,-1,0,-2,-1,0,24731,26721,21664,10398,25369,21307,17551,17919,16313,14140,7868,12802,0
106199,0,1,1,1,-1,-1,0,-2,-1,0,23397,18959,-12307,24725,-5237,-1389,12412,5021,2228,2104,5063,8425,0
286088,1,1,1,1,0,-2,-1,0,-1,0,44934,15513,-5677,1147,18247,6406,12823,6350,1347,6731,12227,8050,0
275633,0,3,2,1,1,-2,-1,-1,-2,0,34895,-5345,22818,36823,6205,23970,12067,10087,27867,18427,9208,10237,0
383240,0,5,2,1,-1,-1,-1,-1,0,-1,20322,13454,17299,26981,13699,-6685,11981,17233,5357,14991,10555,3497,0
374475,1,3,2,1,-2,-1,0,-1,-1,-2,-17946,38673,32370,30449,-5934,19793,8407,25998,18087,7711,10640,6507,0
157590,1,1,1,1,1,-1,-1,-1,3,-1,47602,-24943,14220,1343,24398,5664,8017,9568,4149,15383,2183,7669,0
350551,1,1,1,1,-1,-1,0,-2,3,-1,38662,40684,41268,-1382,14191,28087,29654,13140,21838,14514,14779,13036,0
175278,0,1,1,1,1,-1,0,0,0,0,28068,23530,11114,16948,17223,18149,16063,6723,9110,14508,11028,7489,0
429206,1,1,1,1,1,-2,-1,-1,-1,0,43814,11204,-7425,49532,2075,21531,11464,25070,16938,11754,15800,9640,0
100769,1,2,1,1,2,-2,-1,-1,-1,-1,17883,19071,7986,20710,-2112,14018,10807,14492,8413,7368,6787,2921,0
473139,0,1,1,1,-1,-1,-1,-1,-1,-1,18727,21597,27727,-27242,768,58615,17081,11495,15048,9679,12128,9220,0
306133,1,1,1,1,0,-1,-1,2,-1,-1,53470,-296,17733,-17774,7560,39609,12276,15233,6010,14199,3742,11533,0
352580,1,1,1,1,0,-1,0,0,-1,0,11654,15221,11588,2540,-2220,18276,7394,6972,5607,7354,4068,4820,0
98090,0,3,2,1,3,-1,2,0,-1,-1,5732,47859,-7647,11986,15090,-6391,17739,2473,3336,5085,8666,3915,0
341006,0,2,2,1,-2,-1,0,-1,0,-2,2120,-15502,37728,8367,19087,15220,5829,11284,15903,14169,11474,6494,0
353455,1,1,2,1,-1,-1,-1,0,-1,-1,8044,24078,7422,5749,16836,-11883,5761,8454,8660,8168,2687,5369,0
40011,0,5,2,1,0,0,-2,-1,-1,-1,29066,-11414,28571,7724,-5090,10910,6360,8610,8994,6920,4080,12147,0
86176,0,3,2,1,2,-1,-1,-1,-1,-2,23439,6731,14548,5326,-10422,24785,6861,14248,2704,6769,9614,4338,0
118436,1,2,1,1,0,-2,-1,0,-1,0,48996,-4432,4326,-7600,-2393,27085,9909,8779,4407,7761,985,12262,0
337695,1,3,1,1,0,-1,0,0,-1,-1,-15701,29529,27749,-19389,-8333,15809,14618,11295,604,2372,6174,5337,0
344034,0,2,1,1,1,0,-1,-1,3,-1,806,-16928,24595,19354,-22587,761,2087,9470,2646,3259,7478,1180,0
185710,1,1,2,1,-1,-1,-1,-1,-1,-1,46252,26762,39067,8243,30127,22482,21369,22685,20411,28010,11397,15059,0
87514,1,2,2,1,0,-1,-1,-1,-1,-1,33620,-9361,8687,34623,13230,756,8575,11549,8717,12676,9323,1526,0
380404,0,2,1,1,-1,-1,-1,-1,-1,0,14837,24741,5808,7021,5563,14734,12632,7186,13487,6758,9446,5240,0
205347,0,1,2,1,-1,-1,-1,0,0,2,12137,5163,3862,-5696,16781,4248,3746,2896,14041,11216,418,9405,0
211642,1,2,2,1,0,-1,-1,0,0,-1,19204,14867,37723,-11578,888,30647,10162,9305,15359,8033,6416,2533,0
242966,0,2,2,1,-2,-1,-2,-1,-2,0,36080,-3837,5025,3814,9748,19841,14244,3894,12727,5201,6705,5058,0
149522,0,1,2,1,0,0,0,-1,0,0,25822,-11557,-19311,13892,17816,9322,8631,276,3143,4280,8520,2290,0
285240,1,2,1,1,-1,-1,-1,-1,-1,2,34903,15467,60153,19960,6242,25696,22922,19910,24020,25884,7638,15465,0
224512,1,1,2,1,-1,0,-1,-2,-2,-1,33984,-7209,15457,-20165,4938,21439,10033,4486,9000,6830,259,7677,0
131865,0,2,1,1,-1,-1,-1,-1,-1,-1,28708,25641,3481,24493,14450,-2370,14308,16361,6749,11449,4967,14573,0
258604,0,2,2,1,0,-1,2,0,-1,-1,-12542,44007,8944,26483,6381,12858,14795,14623,12895,5504,9222,11340,0
484957,0,2,2,1,3,-1,-1,-1,-1,-1,15132,34572,39735,56936,-10391,8119,10516,28227,21664,12259,16890,4005,0
326532,0,1,1,1,-1,-1,-1,-1,-1,-1,32054,32598,1058,3761,2195,27656,22406,14914,9876,6427,18004,12999,0
524650,1,1,2,1,1,-1,-1,-1,-1,0,23686,21554,22246,16714,29479,7534,14552,12199,17493,13337,11586,13338,0
107313,1,2,1,1,-1,-1,-1,0,-1,-1,25889,17567,3406,-3617,6119,33268,12707,6509,4810,10981,5674,13205,0
599903,1,1,1,1,-1,-1,-1,-1,-1,-1,38215,-16494,14133,9494,35645,9569,11934,10707,11015,23702,8164,13390,0
569874,0,1,1,1,1,-1,-1,-2,0,-1,-1634,27263,35509,699,26207,-17436,9178,8254,15999,13938,5428,8168,0
437807,0,1,1,1,-1,-1,-2,-1,-1,-1,21408,24764,-13735,40310,25545,-16250,11454,5098,6521,10613,7125,4226,0
453208,1,1,1,1,-1,-1,-1,-1,-1,-1,25686,28443,20724,14636,12724,29606,20225,16679,18627,18429,13376,12725,0
318563,1,3,2,1,0,0,-1,-1,-1,-1,35762,-68,-13902,48468,20266,-11943,191,23175,11089,7640,4928,8580,0
262527,0,1,2,1,1,-1,-1,-1,-1,-1,40507,34404,33534,40234,1647,42676,17724,25676,24149,17460,22273,12130,0
209697,0,2,2,1,-1,-1,-1,0,2,0,8140,10852,20721,-11424,23237,27243,7750,14076,10684,12308,3498,5339,0
136027,1,1,1,1,-1,-1,-1,-1,2,0,50979,9630,26753,15773,41551,22829,20202,11605,25185,22794,5049,6932,0
593371,1,1,1,1,-1,-1,0,-2,-1,-1,85533,25862,23718,27283,28255,21636,27818,36189,22041,17864,18134,7974,0
331947,1,2,1,1,-1,-1,-1,-1,-1,-1,39575,37261,-202,33910,3720,16893,20699,16600,15480,12822,17832,18301,0
275624,0,2,1,1,0,0,-1,-1,3,-1,17028,-19090,43089,2571,2147,15131,2620,14827,20649,12954,948,5165,0
357629,0,5,1,1,-1,-1,0,-1,0,0,50471,19506,-25123,39387,7088,-1682,15638,8069,8605,2986,13360,3307,0
149018,1,3,2,1,-1,-1,-1,0,0,0,37531,-301,-2742,-14438,22824,47082,14075,4209,14954,10715,5888,9239,0
195445,1,3,1,1,1,-1,-1,0,-1,0,8833,19787,22452,-21818,-5727,31155,12251,4312,8861,1175,1596,1188,0
380831,0,1,1,1,-1,-1,-1,2,-1,-1,7418,20614,19828,-3094,16298,25746,5387,15490,8112,9337,6315,1125,0
11171,0,3,1,1,1,-1,-1,-1,-1,-2,4915,19585,7367,40109,-8721,-3878,9876,8531,3793,9192,5478,4168,0
222984,1,1,2,1,-1,-1,-2,-1,-1,-2,44802,19983,4254,-17829,-3130,43398,14029,13153,13604,7113,5824,6546,0
433595,1,1,1,1,-1,-1,-1,-1,0,0,34370,25920,8691,38676,10258,28831,17783,23530,24516,13281,16485,15357,0
369659,1,1,1,1,-1,-1,-1,0,-1,3,68356,26787,-27143,8343,12410,24571,18849,9583,5110,8096,13911,5647,0
177897,0,2,1,1,-1,-1,-1,0,-1,-2,16328,38534,776,11414,19080,11310,10094,14950,5350,18190,3717,14385,0
326030,1,5,2,1,0,2,0,-1,-1,-1,47308,21541,21524,19072,19340,36624,25016,16203,26582,14692,22765,14778,0
153506,1,2,2,1,3,-2,-1,-1,2,-1,11057,22119,-19354,44685,-1042,-8801,2790,11131,6822,3398,2122,521,0
170114,1,2,2,1,1,-1,0,-1,0,0,20771,10635,37046,21174,5961,34995,15458,17475,19266,17505,15701,11446,0
681533,0,2,1,1,-1,-1,-1,-1,-1,-1,9309,-3524,12864,12573,-7500,-58,8604,6088,5484,2753,7974,2457,0
174656,0,2,2,1,0,0,0,0,-1,-1,22338,2434,7415,-7439,8688,28971,11293,14849,10917,5750,7789,14057,0
363569,1,3,2,1,-1,-1,0,0,0,-2,20272,25387,9939,-11995,26478,26565,17759,4826,12746,11889,10470,12501,0
170075,1,1,1,1,1,-1,-1,-1,0,0,3658,30603,11783,31439,3126,36,2582,12981,15716,7450,6992,2253,0
282436,0,1,1,1,-1,-1,0,-1,-1,-1,12571,35074,14617,27317,12521,14497,13807,25797,17150,12780,7051,12329,0
113464,0,2,2,1,2,-2,-1,-1,3,0,20282,-1758,28991,18751,-10004,44553,6059,17303,25115,12601,5151,11526,0
254280,0,1,1,1,-1,2,-1,-1,-2,-1,36234,26755,-22665,36211,3,-21309,11982,9016,589,3864,10894,2866,0
338631,1,1,2,1,0,-1,-1,-1,0,0,55806,2371,8802,19087,29752,21165,12625,20307,24209,12654,8588,13549,0
282707,0,3,2,1,3,0,0,0,0,0,-4995,25143,1383,-1479,22105,1243,5430,3834,2768,3457,714,6984,0
251372,1,1,2,1,1,-2,0,0,0,0,17761,31144,-297,329,35301,14897,15298,6074,10529,6415,3900,5277,0
217011,0,1,1,1,-1,-1,0,-2,-1,-1,30292,18030,11074,-3943,6638,6831,12271,8384,2479,12580,3768,6538,0
243741,1,2,1,1,-2,-1,-1,-1,0,-2,30167,1372,8711,-946,4295,14049,6467,10563,10650,6500,1912,3333,0
137992,0,3,2,1,1,-1,0,-1,-1,0,5921,2041,17114,29732,-26759,34801,5828,5431,16370,6530,5444,12091,0
231952,0,1,1,1,-1,-1,-1,-1,-2,-1,43190,5803,-60,17064,11259,2670,8754,4795,5013,15302,7185,15721,0
170607,1,1,1,1,0,0,0,0,0,0,23045,-16137,2563,23198,-7397,12784,2512,8648,10614,3143,9505,3265,0
46792,0,3,1,1,1,-1,-1,0,-1,0,15565,22503,17445,-20132,-3640,39081,14607,7162,6001,7512,9135,5664,0
81549,0,2,1,1,0,0,0,0,0,0,39681,-8421,8694,19420,1898,14489,2214,12044,11020,6862,3366,7695,0
456919,0,2,2,1,-1,-1,0,0,0,0,40579,30559,1762,18496,12388,42770,23574,8030,20190,5879,18281,6612,0
410263,0,2,1,1,-2,-1,0,0,-1,0,36866,33337,-7517,36089,14236,6392,17787,15770,10745,4512,11501,6095,0
469918,1,2,2,1,0,-1,0,-1,2,-1,58388,-5407,12670,23562,7935,45114,21140,18895,26661,10570,15155,15002,0
145134,1,5,1,1,0,-2,0,0,0,2,8435,15112,3987,21169,10153,12650,15339,4171,7919,9519,8132,4399,0
453261,1,3,2,1,1,-1,-1,-1,-1,-1,-702,-5565,40726,-16185,15858,38560,15234,5659,17927,10213,9947,5437,0
448097,1,1,2,1,-1,-1,-1,-1,0,-2,40639,5558,-32000,20278,20783,-7537,8804,14089,3151,2615,5511,4248,0
38391,1,1,1,1,1,0,0,2,0,-1,32524,31795,9903,7328,3446,13553,16293,10149,7229,5682,8873,4255,0
330202,0,1,2,1,0,-1,-2,0,-1,-1,4688,4498,43164,-1123,1602,35641,9365,13503,15184,14215,7996,14457,0
124064,1,3,1,1,1,-1,-1,-1,0,-2,19199,-220,39385,-3383,18658,19173,5259,18554,19333,16148,2839,12716,0
362879,1,1,1,1,-1,-1,-1,-1,-1,-1,49023,4554,18671,12274,10388,3866,16068,14434,11394,16798,5197,6624,0
124997,1,3,2,1,-1,-1,-1,0,0,-2,20815,37086,-8680,-26060,11460,24868,18513,5965,3681,954,8096,13330,0
525448,0,2,2,1,-2,-1,-1,-1,-1,-1,31155,-18879,26582,-18333,-4431,34507,5329,13978,13599,516,3723,11314,0
223517,0,2,2,1,0,0,2,0,2,-2,50143,-6324,18488,13826,19465,24900,14927,9366,17478,16061,1820,17691,0
253737,0,2,2,1,1,0,0,-1,2,0,31322,-3931,42304,2820,5973,41171,6175,12357,29711,10226,8312,11161,0
156654,1,2,2,1,0,-1,0,0,-1,-2,8588,14472,24996,10250,2824,21063,9534,11026,13510,11582,732,20333,0
27618,1,2,2,1,0,0,-1,0,0,-1,87367,20547,6385,52050,-5029,30642,19382,31198,19271,14803,17580,15041,0
219934,1,2,2,1,0,-1,0,-1,-1,0,26166,1541,-4662,20250,10931,17545,16072,9276,11630,8939,8147,11101,0
398457,0,1,2,1,1,-1,-1,0,0,-2,46997,-5643,5105,-5018,19218,35925,15782,6034,15226,10634,10023,5039,0
501295,0,1,1,1,-2,-1,-1,-1,-1,0,48229,-15639,-9089,49720,-19635,8531,7505,13104,9374,4992,10120,3488,0
176796,0,2,2,1,3,-1,2,-2,-1,-1,11340,23991,40295,19245,20522,2309,12859,18328,18286,17254,4884,13128,0
142559,0,1,2,1,-1,-1,2,0,0,0,26640,19609,3488,46832,21149,17378,8503,19691,19965,17975,3667,12137,0
46402,0,3,2,1,0,0,-1,-1,-1,-2,34538,9769,4411,24810,-975,33002,13653,10466,21095,3882,13399,11355,0
184135,0,1,2,1,-1,-1,-1,-1,-1,-1,23302,-21349,64892,-7176,6920,39566,7735,13618,26771,13712,2969,11719,0
180537,0,2,2,1,-1,2,-1,0,2,0,81569,25082,13535,16674,10021,50473,17300,27830,32048,14324,13128,15341,0
235190,0,2,2,1,-1,-1,-1,-1,-2,0,42410,-25669,-6693,33028,2127,10493,2911,5126,14615,3197,4679,5988,0
219164,1,3,1,1,0,-1,-1,-1,-1,0,69193,-26074,-20179,19744,-579,30064,11887,10481,3482,8462,6875,6943,0
337001,1,2,1,1,-1,-1,-1,-1,-1,0,11301,6108,2021,4477,-9368,25531,8880,8856,6820,6508,2414,11610,0
67484,1,1,2,1,2,-2,-1,-1,-2,-1,30405,-16514,29146,-5968,-2592,34118,4160,12142,16653,5044,1823,7628,0
361301,0,1,1,1,1,-1,-1,-2,0,-1,16831,-5855,31806,5289,24710,16442,12655,9713,17779,16359,8175,10199,0
248990,1,1,2,1,0,-1,0,0,0,-1,14530,4730,13295,7263,23317,9680,12099,6500,7725,12643,7167,7315,0
173980,0,2,1,1,0,0,0,0,0,0,68369,-14767,15910,2138,-11727,18102,8652,9988,13864,11647,124,12293,0
56313,0,1,2,1,-1,-2,3,0,-1,0,18414,8962,3249,-3840,7724,27352,11488,11316,3172,2630,7763,4223,0
177418,1,1,2,1,-1,-1,3,0,-1,0,-4864,14222,6169,6734,19673,14128,8305,5224,6734,707,7810,6494,0
547542,1,1,2,1,0,-1,-1,0,-1,-2,-20574,25369,41008,-43046,6377,54096,15744,6440,10595,2381,9109,13397,0
477157,0,1,1,1,-1,-1,-1,-1,-1,0,42415,-11733,4387,-357,42828,15587,17065,6951,15582,16629,9028,14139,0
25763,1,1,1,1,0,-2,-1,-1,-1,0,13952,6210,4133,9535,-2187,15972,4865,7669,6311,5383,5204,9163,0
149289,0,1,1,1,0,-2,-1,0,-1,0,14744,-3476,5226,22497,16849,9789,3877,3223,9937,9131,5821,12561,0
232891,0,3,2,1,-1,-1,-1,-1,0,0,40702,20937,13557,41322,27998,15292,14694,15550,23106,20006,12853,12836,0
117739,0,1,2,1,1,0,0,2,0,-1,47656,-7349,33979,-985,-3893,47560,16220,13340,15335,14587,9848,13383,0
304534,0,1,2,1,1,-1,-1,0,-1,-2,-23909,26945,17364,-20115,-1290,31702,2837,6218,6853,651,4164,4244,0
326171,0,1,1,1,-1,-1,2,-1,3,-1,41180,9701,18333,11322,12801,16515,16880,11107,11049,11369,7944,11482,0
163368,1,2,2,1,1,-1,-1,0,0,-1,21883,31271,-16253,16631,14577,13468,15195,6623,2733,9780,12674,2755,0
429239,0,1,2,1,-1,-1,-1,-1,-1,-1,24399,897,18830,10991,31794,1707,11164,10369,16940,14477,4564,12485,0
308812,0,1,2,1,1,-1,-1,-2,-1,-1,28929,-21017,30586,-22758,6346,51867,14912,4208,9045,5922,10790,2947,0
245900,0,1,2,1,0,-2,-2,-2,-1,2,59509,-7531,10276,13383,12378,10507,14617,5795,3363,13815,6578,9883,0
186001,0,1,2,1,-1,-1,-1,-1,-1,0,54952,24797,-11206,18323,15628,27207,17875,12573,15266,9858,7818,3092,0
247746,0,1,2,1,-1,-1,-1,0,0,-1,16324,5546,23678,-8044,18814,10640,4119,9388,11817,10628,2777,2847,0
165744,1,3,2,1,-2,-1,-1,-1,0,-2,-6452,21370,31301,47457,2237,1787,9372,17322,9486,16762,10676,8099,0
273772,1,1,2,1,-1,-1,-1,-1,0,0,41640,-663,-11159,32411,43766,9301,10485,9148,15254,21350,1589,10113,0
312696,0,1,1,1,1,-1,-1,-1,-1,-1,43568,11159,8296,26276,11023,20261,18147,14310,17261,9633,20528,7591,0
325333,0,1,1,1,-1,-1,-1,-2,-1,-1,28096,26703,18658,-26130,6468,38020,18079,8992,10961,11586,9214,16318,0
120372,1,1,2,1,1,-1,-1,-1,-1,-1,15553,12699,52888,18487,-8958,38372,8817,24597,24061,16778,11414,12628,0
38105,0,1,1,1,1,-2,-1,-1,0,0,64203,-15267,-14909,32148,29695,-8949,9489,9541,9335,13519,602,8149,0
474433,1,1,2,1,-1,-1,2,-1,-1,-1,34453,1354,-32870,46371,-5008,-9231,7214,12261,96,4160,3404,2828,0
434836,1,5,2,1,0,-1,0,-1,-1,-1,38786,477,9142,33097,20300,5456,19370,13902,16954,9409,10970,7919,0
93240,0,2,2,1,-1,-1,-1,-1,-1,-2,45054,14349,3996,14534,12619,4709,12888,11070,2510,11953,10851,1535,0
513382,1,3,1,1,-1,-1,-1,-2,-1,-1,32126,42609,-26607,20772,21231,-21519,15455,14705,7333,12562,5785,3737,0
407420,0,5,2,1,-1,-1,-2,-1,-1,-1,25054,2370,-9996,29366,9944,-8665,9744,6903,5437,3239,5659,7815,0
392093,1,3,1,1,1,-1,-1,-1,-2,-2,4841,4679,27566,-3609,15922,16552,9566,4338,7793,10451,5486,1848,0
231330,0,3,1,1,-2,-1,-1,0,0,-2,33485,15369,14709,-5422,11744,24954,13493,16404,17920,11946,9965,3413,0
201397,0,1,2,1,-1,-1,-1,0,-2,-1,17559,-11793,13378,-13791,27318,26641,12016,2260,10353,8367,7625,12088,0
415086,0,1,1,1,-1,-2,0,0,0,0,20652,116,6688,-12999,27920,11032,7696,4545,4603,7821,5424,7067,0
199311,0,3,1,1,0,-1,0,-1,-1,-1,29418,-9582,-11491,11287,-7957,6703,1165,6385,387,1693,2329,4889,0
61623,0,1,2,1,-1,2,-1,-1,0,-1,20925,19598,-7869,11568,12651,-4044,50,18598,3132,10187,644,3043,0
134843,0,2,2,1,0,-1,-1,-1,0,0,10017,-5775,20399,14493,-17587,48994,7022,13786,14174,8260,11900,10156,0
265233,1,2,2,1,-1,2,-1,0,0,0,16062,22599,11210,1186,31914,5845,10602,9300,8980,15118,7309,12024,0
120706,0,2,1,1,0,-1,0,0,0,0,61717,10246,23223,2443,29430,35635,28721,7138,19503,16210,16176,13086,0
103299,0,3,2,1,-2,0,0,2,0,0,18478,-1337,22365,12493,-14421,35089,7901,16954,17195,1704,13809,6455,0
315374,1,2,2,1,1,2,0,0,0,0,61567,28913,29111,32436,33462,21672,27976,24695,30788,24113,13128,11459,0
260519,0,1,2,1,2,-1,0,2,-1,-1,-28884,16206,19185,9247,16632,8657,7234,14513,3292,497,12579,459,0
505365,0,1,1,1,-1,-1,-1,-1,-1,-1,25117,45092,-16782,22813,-12921,9568,8088,21582,2196,9319,5924,5587,0
94927,0,2,1,1,0,0,0,-1,-1,-1,38078,-9110,10809,15883,-6738,22117,8492,13334,8413,12853,7607,8913,0
373080,0,1,1,1,1,-1,-1,-1,-1,-1,28429,39480,16701,28267,4365,24796,20735,17162,20518,12261,18830,13248,0
205742,0,1,2,1,1,-1,-1,0,0,0,58601,-10628,3788,11988,20286,19972,12812,1323,11458,13875,7875,9072,0
102657,1,3,2,1,0,-2,0,-1,-1,-2,-18355,-3851,15956,1551,-279,8305,4360,4203,4945,2617,127,1940,0
245802,0,2,1,1,-1,-1,0,2,3,0,48322,-36709,29902,2171,21171,20260,10885,5357,7586,10460,2231,9914,0
394851,1,1,1,1,-1,-1,-1,2,-1,-1,10964,-6561,43724,-29217,10462,19797,10557,6268,6057,19182,1932,9849,0
224012,1,2,1,1,0,0,-1,-1,-1,0,20205,-14128,4086,5191,-23456,17717,2353,8557,114,2365,374,8128,0
307823,0,2,2,1,1,-1,-1,-1,-1,-2,40100,-3343,34152,26394,11447,15739,11921,13451,21084,14535,13279,11962,0
243335,0,2,1,1,1,-2,0,-1,-1,0,36516,17494,12608,21511,-2514,30777,9288,20216,12669,12851,8692,12707,0
250594,0,2,2,1,1,-1,-1,-1,-1,0,7736,-22336,40523,23390,32698,1112,9186,7882,21164,18614,2924,13363,0
375653,0,1,1,1,1,-1,-1,-1,-1,-1,18374,3986,58890,-12916,28364,25546,18197,4138,23006,17431,8641,17006,0
279858,0,1,1,1,0,0,0,-1,-1,-1,22667,-11642,9178,10869,-19392,14016,4151,9232,1050,5859,3338,4104,0
333631,1,2,2,1,0,-1,-1,-1,2,0,48418,20336,-7094,25240,-3563,24751,20630,12413,13428,2520,13520,3763,0
219028,0,2,1,1,1,2,0,-1,-1,0,40320,31597,6084,43904,27992,1418,15613,16651,19496,19009,14338,10299,0
328323,0,1,2,1,-1,-1,-1,0,0,-1,33885,-8392,24590,-16116,26627,25534,13883,9784,19300,8689,8998,7283,0
171736,0,1,1,1,-1,0,-1,0,0,0,35275,2040,16905,12184,26782,16799,7035,15989,20009,16662,2799,12092,0
90387,1,2,1,1,1,-2,-1,-1,0,0,29378,-9669,28444,-1952,29126,31761,12987,4755,25591,13067,11327,15452,0
362909,0,2,1,1,-2,-1,2,-1,-1,-1,16240,32092,-11326,42170,-19808,10889,14750,13070,126,6128,14285,3743,0
101773,0,1,2,1,-1,0,0,0,0,0,26149,17915,2007,2034,41227,15405,16015,6087,11778,11603,7901,13935,0
84283,0,2,2,1,-1,-1,-1,-1,0,-2,1725,73896,-7617,16489,11290,17000,13400,14288,13425,6209,12120,6421,0
331032,0,1,1,1,0,-1,-1,-1,-1,-2,25458,-4776,9643,40995,-2720,18405,6393,13964,15787,9968,14118,7208,0
180727,0,1,1,1,-1,-1,-1,0,0,-2,33538,15547,3497,1831,2768,30674,8202,15520,16713,10164,5166,10026,0
146874,0,2,1,1,-1,-1,0,-1,0,-1,16570,21896,-13917,4268,8674,21582,15941,5397,2650,6535,13411,9156,0
287518,0,1,2,1,0,0,0,0,-1,-1,1546,36076,31924,-15583,8340,46004,18742,19691,13730,4143,14347,16183,0
39569,0,3,1,1,0,-1,-1,-1,-2,-2,12987,-1072,10238,-597,-3837,22279,2715,3282,10627,2433,1672,10968,0
82348,0,3,1,1,0,0,-1,-2,3,-1,83289,-625,31174,14381,11812,32869,15149,17597,18556,17102,9734,10190,0
308340,0,3,2,1,-2,0,0,0,0,0,-11418,26177,13115,15274,12038,13242,5443,11669,11441,960,10885,7891,0
268922,1,2,1,1,-1,2,-1,-1,-1,-1,29035,12774,1077,9656,17414,-9164,8473,8325,5045,10989,4796,6733,0
111109,0,1,2,1,0,-1,-1,0,-1,-1,19690,28169,-8022,21409,7763,-2097,14512,10834,622,4478,8102,4622,0
27559,0,2,2,1,-1,0,-1,-1,0,0,63450,-21505,6722,23542,35502,25190,8413,13874,25595,22434,6416,22735,0
274581,0,1,2,1,-1,-1,0,-1,2,0,-3680,23682,6209,17497,580,16399,16324,9583,10324,3694,12264,7879,0
118608,0,2,1,1,-1,-1,-1,0,0,2,1445,28565,7404,1171,-2875,21699,6005,13965,3478,8263,1504,7220,0
26221,1,3,2,1,0,-1,0,0,-1,0,24195,8663,-6721,33336,-561,8299,9924,4271,1785,2477,8761,1597,0
196166,1,1,2,1,0,-1,3,-1,-1,-1,27703,-2162,-11787,47305,225,20279,13005,10560,7000,11054,13091,6994,0
583353,0,1,2,1,-1,-1,-2,-1,-1,-2,9763,10572,7425,19854,36651,5103,8545,9867,20086,12315,6378,14811,0
360655,1,1,1,1,-1,-1,-1,2,-1,0,18012,5251,9689,-11997,6546,33436,12973,10033,4138,6832,3264,471,0
315191,1,3,2,1,0,-1,0,-1,-1,-2,-29598,-6262,30388,-7117,11422,16890,3409,12347,8802,6975,8116,8400,0
205196,1,2,2,1,0,0,0,-1,0,0,44616,37114,8872,63935,20454,11525,18126,25732,22084,14591,19956,6743,0
183803,1,2,2,1,-1,-1,3,-1,-1,2,28071,23872,-11625,3981,23639,19856,19084,4247,7176,10288,9702,19914,0
373561,1,3,1,1,0,3,-1,-1,-1,-1,31811,12275,-2477,29992,-11153,19053,10340,22660,9296,2386,10033,4630,0
249888,0,1,1,1,0,-1,0,0,0,-2,43000,30808,9179,-15364,11694,13116,22394,1806,13933,6024,5953,10259,0
166207,0,2,1,1,-1,-1,0,-1,0,-2,37697,13508,1113,29336,35103,11329,14352,11016,18880,21266,8667,12742,0
175456,0,1,1,1,-1,0,-1,0,0,-2,18633,3082,23470,2343,4750,-7591,4205,8904,5077,12484,1139,309,0
77154,1,2,1,1,0,0,0,-1,3,0,48800,-15011,2494,4642,-1565,12893,7309,5387,4239,2642,4351,6588,0
160680,0,1,1,0,0,-2,-1,0,0,-1,36836,2489,-21981,18144,35345,-3873,14699,6385,6403,11482,7045,8619,0
220807,1,5,2,1,-1,-1,-1,0,0,-2,15949,11509,-254,20710,3145,-9957,6339,8956,1899,7178,3818,4982,0
235520,1,1,2,1,3,-1,-1,0,0,2,57674,8784,19900,32421,50744,-10130,15857,12783,20145,26701,8853,5503,0
281308,0,3,1,1,0,-1,0,0,-1,-1,29676,10381,4820,24318,16364,5407,8415,14981,3428,16180,9764,11923,0
392397,1,3,1,1,1,-1,0,0,-1,0,6984,28802,17945,21902,40128,8487,12119,6795,18760,16913,12899,14080,0
355723,1,3,1,1,-2,-1,0,0,-1,0,-575,19170,8462,9844,23891,-4762,15190,8951,2322,8956,6079,1772,0
105164,1,1,2,1,2,-1,-1,-1,-1,-2,8841,5796,-5911,8268,2823,16717,2344,7994,3501,3645,3617,5437,0
317245,1,1,2,1,0,0,-1,0,0,-1,33652,-6244,-9628,-6252,32643,-2258,3645,9619,3431,10445,908,5021,0
145102,1,1,2,1,1,-2,-1,-1,-1,-1,12182,17688,27037,1777,12432,14857,12238,4308,11242,10731,4070,4286,0
228258,1,2,1,1,-1,-1,-1,-2,-1,-1,-3117,30664,13319,4366,-20967,27039,10012,10861,3985,6282,6235,3777,0
560511,0,2,1,1,0,-1,0,-1,-1,-1,13729,1791,24696,25176,-3943,29402,10607,17428,18439,7787,15215,7427,0
92935,0,1,2,1,-1,-1,-1,0,-1,-1,5549,18733,41039,-451,24000,22573,11002,14747,11652,17567,5073,15444,0
85181,1,1,1,1,0,-1,0,0,0,0,33635,15471,21297,14461,22216,23935,16649,8740,13703,15949,12762,6850,0
146368,0,3,1,1,1,-1,0,0,-1,-1,-4917,26093,16659,-6072,-2876,18069,11442,3191,2234,4853,10099,1343,0
517828,0,2,2,1,-1,-1,-1,-1,-1,-1,13138,1820,99,-7384,13980,17559,9306,5209,6855,2264,2916,5210,0
245542,1,1,1,1,0,0,0,-1,3,-1,30432,2567,36701,2711,-132,11735,10048,14296,14193,12196,5182,3062,0
268971,1,2,2,1,1,0,-1,0,0,2,2089,5036,32668,-13824,9385,25096,7355,2880,17136,8695,1926,12123,0
674247,1,1,1,1,1,-1,-1,-1,-1,-2,14816,4094,12922,36182,32866,18613,14836,12161,25492,13188,14307,14185,0
236520,0,1,1,1,-1,-1,-1,0,0,-1,45009,30411,-2626,3641,23797,-5170,13828,8987,4510,7289,2155,4048,0
96269,1,2,2,1,0,0,0,0,0,0,35714,35777,4580,29319,19601,13660,14862,9083,14244,9811,10990,13182,0
348522,0,1,2,1,0,0,0,0,0,-1,24274,-16150,25804,13129,19822,19709,7119,18168,20798,12982,9786,11081,0
255378,1,1,2,1,0,0,0,0,0,-1,20856,17259,-18703,33682,23950,-16479,2957,13333,3746,12844,3352,4501,0
413419,0,1,1,1,-1,-1,2,-1,3,0,48069,-5561,-2120,-3536,23495,3230,18806,443,9381,10350,5154,10619,0
172855,0,2,1,1,0,0,-1,0,2,-1,21719,-7769,22131,-15684,1808,27116,3147,2563,9836,14167,137,14043,0
104166,1,1,1,1,1,-2,-1,-1,0,0,15719,-17571,45168,-8864,28531,26919,12341,7040,24865,17355,4641,10182,0
144567,1,2,2,1,-1,-1,-1,-1,-1,-1,3486,13100,6896,16265,-8268,13414,1202,11918,7178,5078,7,2697,0
316958,0,1,2,1,0,0,-1,-1,3,0,16552,-22697,-5229,24582,-81,15156,1394,6728,14866,507,3516,3895,0
372945,1,1,2,1,-2,-1,2,0,-1,0,17718,14258,13015,34227,17786,2191,13335,12044,9459,16246,10498,7375,0
541311,0,1,2,1,1,-1,-1,-1,0,-1,46913,34460,3147,38148,7891,16735,23906,15674,29669,4500,24214,12067,0
440372,1,1,1,1,-1,-1,-1,-1,-1,-2,27208,20893,-13670,35150,12712,9466,12971,17104,13556,10929,8617,18431,0
293897,0,3,2,1,2,2,-1,-1,-1,-1,24333,27815,24047,-13410,-23098,57996,14919,30367,9770,3911,15749,5793,0
407610,1,2,1,1,0,-1,-1,-1,-1,-1,18188,39632,17659,24037,-7604,14055,21300,17084,14861,8916,16729,15788,0
261344,1,1,1,1,2,0,0,-1,-1,-1,16077,35029,11187,26100,3869,9882,17814,21392,16132,7494,13639,13848,0
83690,1,1,2,1,1,-2,-1,-1,0,-1,27051,21391,1858,17394,19230,22727,16686,8506,16709,11166,17931,4981,0
159860,1,2,1,1,1,-1,-1,0,0,0,27690,18168,8033,-6772,25681,13959,9124,5477,6731,14052,3421,1423,0
367842,0,1,2,1,0,-1,-1,2,-1,0,31873,-500,42724,8670,24022,34566,13202,15591,22015,14189,16635,10696,0
244465,0,1,2,1,0,-1,0,-1,-1,0,17937,6021,27968,24477,11652,35665,16802,19963,27985,12866,14047,21861,0
112912,1,3,1,1,-1,-1,3,2,0,-1,36297,26016,10531,5315,10868,8545,16505,3910,14641,11380,5021,17718,0
379898,1,1,2,1,-2,-1,4,0,-1,0,30128,11792,-479,28164,7114,30597,14554,12348,13502,6663,13996,12713,0
309309,1,3,2,1,-1,-1,0,-1,0,2,31138,29719,11216,16510,-7084,28826,20133,12334,15719,4983,15729,13281,0
585915,0,1,2,1,1,-1,-1,-1,-1,-1,31501,12648,3114,10840,31264,-1690,15795,10321,18097,5114,13556,8394,0
15106,1,1,2,1,-1,-1,-1,-1,0,0,4053,72232,3764,14900,6207,37598,19946,18064,25891,2713,17311,11861,0
211014,0,2,2,1,-1,-1,2,0,-1,-2,22566,29513,1983,13567,26039,3620,13537,12726,9729,14748,1010,16733,0
564872,1,1,2,1,-1,-1,-1,-1,0,-1,51934,3160,595,50519,30931,-7601,17626,14357,27727,20475,9747,10981,0
151037,1,3,2,1,1,-1,0,-1,3,2,19255,43394,2869,33404,8063,13937,19933,10462,16760,7388,14952,2276,0
597287,0,3,1,1,-1,-1,-1,-1,-1,-2,-4743,-22679,40575,30473,876,20630,2071,12383,18153,12801,1567,12005,0
192646,0,1,1,1,-1,-1,0,0,0,0,17077,44617,16261,7383,-4971,36449,21476,9517,11774,658,17331,5269,0
156481,1,2,1,1,-2,-1,-1,-1,-1,-1,28293,47047,-1644,31724,-6299,5390,13092,13748,4122,6964,12682,3797,0
223328,1,1,1,1,-1,-1,-1,-2,0,0,52429,13785,-6060,23008,9623,30599,11547,23377,12263,15998,7813,5967,0
149258,1,1,2,1,0,0,-1,0,0,2,10183,6403,527,2974,5710,106,5441,1534,4685,5373,2897,5150,0
13154,0,2,2,1,3,-1,0,0,-1,-2,18518,56648,21380,-1063,-4856,31583,21625,11744,15513,610,11663,4749,0
451902,0,1,1,1,-1,-1,-1,-1,-1,-1,45528,19824,9059,31899,9525,15714,14866,17228,15123,13455,11074,6210,0
197324,1,2,1,1,0,0,-1,0,0,2,36257,10464,5296,-14842,13613,14597,11603,2501,8894,8407,7105,12031,0
71891,0,2,1,1,1,-1,-1,-1,2,0,-7234,36452,29333,18452,-12665,42614,8372,14190,21957,4169,7825,9566,0
479271,0,1,2,1,0,-1,-1,0,-1,-1,11381,6548,25677,-1783,43711,17379,11404,7541,22706,18328,9309,8990,0
352384,0,1,1,1,-1,-1,-1,-2,0,-1,17511,-5056,52615,-24963,-6366,29825,12993,5921,12076,11567,5239,10663,0
174887,0,1,2,1,-1,-1,-1,-2,-1,-1,-8933,19613,18352,-9158,7775,12952,11422,3087,6396,374,4743,7450,0
328718,0,2,2,1,-1,-1,-1,-2,0,0,31602,2000,8154,28530,16554,15941,10253,20380,20637,11691,5151,14710,0
186828,1,2,2,1,-1,-1,-1,-1,-1,-1,34918,22626,10542,-5901,1482,29290,16238,11480,11799,13601,10688,242,0
37277,0,2,1,1,3,-1,-1,0,0,-2,30475,5354,33052,-9938,6406,42039,10153,5479,11302,20871,7105,19789,0
228634,0,1,2,1,0,-1,-1,0,-1,0,11916,9105,-9787,1148,18449,10851,5170,3838,8159,1363,1402,3222,0
131399,0,3,2,0,0,-1,0,0,0,-1,47623,17154,14933,21530,18301,23100,20152,22090,18944,15203,15108,4549,0
406124,1,1,2,1,0,-1,-1,-1,2,0,24362,-16977,10740,5601,6822,26627,1487,8103,15313,12648,3620,1811,0
314562,0,5,1,1,0,0,0,0,-1,-1,28066,-7354,38686,-14925,50746,-3746,15517,10731,2754,18349,4015,8354,0
223041,0,2,2,1,2,-1,-1,0,0,0,-13823,4081,25823,4329,23037,10982,15253,4544,16496,5119,8489,13001,0
364449,0,1,2,1,1,-1,-1,-1,0,0,42039,42037,2530,22831,21847,30867,26382,18919,24778,7723,20835,18645,0
335960,0,1,1,1,-1,-1,-1,2,-1,-1,18075,5454,-2782,4683,-14943,28475,7269,17595,3771,763,11754,4474,0
83116,1,3,2,1,1,0,-1,0,0,-2,30078,19089,30140,6061,16619,19408,15700,14540,18601,11921,2823,4113,0
614222,0,5,2,1,0,-1,-1,-1,-1,-2,54202,-18642,-9544,30740,19393,8522,11147,15084,10602,9943,11212,380,0
506277,1,1,1,1,-1,-1,-1,-1,-1,-1,7997,23934,-5936,54107,1805,-17270,8775,16827,8872,5439,9085,2408,0
140654,0,2,2,1,-1,-2,-1,-1,-1,-1,31443,-16601,4891,18369,-180,10610,406,8983,8346,12260,781,6101,0
265655,1,1,1,1,-1,-1,0,0,0,0,15470,13349,-9007,24635,-16728,20346,11568,7474,5301,906,11917,230,0
503839,1,1,2,1,-1,2,0,0,2,-1,-2348,15584,11146,21783,21435,-3475,5360,11291,10230,9141,9090,1736,0
98467,1,1,2,1,1,-1,-1,-1,-1,-1,51586,22563,24752,8005,17542,11155,22859,14328,22944,18801,9623,7533,0
344779,1,1,2,1,-1,2,-1,-1,-1,-1,34508,30063,-2150,53426,9585,-6945,8181,24017,20673,11252,12933,1668,0
96595,1,5,2,1,0,2,-1,-1,2,-1,21043,11742,-1162,16964,4584,17528,11220,9853,12677,5322,14761,6168,0
243235,0,1,2,1,-1,0,0,-1,-1,-1,29862,18973,7959,25101,12243,16373,14653,12954,14304,8564,13328,9176,0
324699,0,1,1,1,-1,2,0,-2,-1,-1,47299,43022,15543,15405,19945,-7899,17377,20059,10416,14416,6732,11475,0
275164,0,2,1,1,-1,0,-1,-1,0,0,852,-15086,19379,-12567,-3706,18143,3154,5084,10977,1793,2072,2970,0
285003,0,2,1,1,-1,-1,0,0,2,0,34244,14740,-15088,20780,23209,-2946,11779,11574,5845,5949,6589,5329,0
207271,0,2,2,1,3,-1,2,0,0,0,11862,14588,20855,8916,-696,28325,11153,11447,13627,10209,5390,5202,0
275236,1,3,2,1,0,-1,-1,0,0,-1,53107,7173,-145,7327,-11757,7095,10917,14215,5566,7688,6380,5443,0
109582,0,3,2,1,-1,-1,0,2,0,-1,3294,14473,41016,-7876,9225,37405,19506,15755,17796,8786,14813,5348,0
261227,1,2,2,1,-1,-1,-1,-1,2,0,55211,20283,24042,2909,23869,47160,25471,16910,28387,20932,12347,15892,0
371771,0,1,1,1,2,-1,0,0,-1,0,17921,21665,21362,22506,24160,23193,14700,19366,18451,13066,10608,10839,0
36052,1,1,2,1,0,0,0,0,0,-2,41667,11529,-19496,24269,23716,-11694,8727,7941,1576,6497,1084,5268,0
172670,0,2,1,1,1,0,0,2,-1,0,-11958,-2867,34809,-8116,5953,15654,7395,2476,3648,6826,3722,4724,0
450353,1,1,1,1,1,-1,2,0,-1,-1,2095,22982,18804,817,3761,27552,11888,8468,6508,10823,12541,12598,0
441615,0,2,2,1,0,0,0,0,-1,-1,-2309,6258,-664,11524,-120,23429,9138,15701,2853,1690,8859,9507,0
160231,0,2,2,1,0,0,0,0,0,0,70883,10198,-12499,31191,19447,10176,17838,12565,14377,9017,13264,12195,0
271140,1,1,2,1,0,-1,0,0,-1,0,-919,24103,21289,5427,3268,40095,13571,16717,13890,10122,12450,9050,0
88380,0,1,2,1,-1,-1,-1,-1,-1,-2,17899,8843,26432,2346,20265,42396,16524,16336,12534,9367,12746,11692,0
43715,0,2,2,1,0,0,0,0,0,0,25787,31188,3400,7421,5211,29576,20513,7187,13251,1734,14362,2246,0
230265,0,1,2,1,-1,-1,-2,0,0,2,25661,31367,46,12605,26187,14791,20949,3919,18398,4264,16560,5804,0
333538,1,2,1,1,-1,-1,0,0,0,0,40580,30223,-16820,12710,19037,5786,13978,8503,8162,5566,6190,9317,0
59945,0,3,2,1,0,0,2,0,0,-1,-754,10111,59658,-29126,3616,31987,10980,14200,7152,17631,4168,13157,0
435732,0,1,1,1,-1,-1,-1,0,-1,-2,13699,-11156,3843,-15152,17632,6967,4047,3501,2210,8746,578,12327,0
483462,1,1,1,1,-1,0,0,-1,-1,-1,32570,12984,9137,43264,-22498,-7895,9978,24662,6013,8800,9156,8701,0
69022,0,1,2,1,0,0,-1,-1,-1,-1,39837,5984,8300,-12896,-7364,46639,8631,11636,8083,5682,3963,13856,0
556187,0,1,1,1,0,-1,-1,-1,-1,-1,-439,-24613,32274,9330,-1407,27689,426,14330,13300,5520,6543,116,0
425096,0,2,2,1,-1,-1,-1,0,0,-1,37038,23138,-1990,-10248,13372,33595,14880,19539,9826,10484,6185,19429,0
17128,0,1,2,1,1,0,0,-1,-1,-1,32632,2704,36331,29201,31365,32114,22875,16739,27352,18211,15938,16083,0
326358,0,3,1,1,0,0,-1,-1,-1,0,26083,9051,12384,15170,11351,-3635,4532,14416,10222,6513,4327,2540,0
505692,0,3,2,1,-1,-1,2,-1,-1,0,24775,2450,22329,22056,10086,19835,17120,14745,22382,10558,11080,20712,0
62890,1,3,1,1,1,-1,-1,-1,2,0,46439,11836,-11696,45976,23075,5803,13523,3466,19565,17611,8818,9397,0
141828,0,2,2,1,0,-1,-2,-1,-1,-1,32547,5401,-8696,-2421,37,12647,12209,1797,3235,3469,9767,1038,0
373769,1,2,1,1,0,-2,-2,-1,-1,-1,37575,6611,-3744,23013,20294,3531,11225,14890,13992,14455,6994,14895,0
353326,0,1,2,1,1,-1,-1,0,0,0,6628,-2362,42421,-7235,10149,18458,3850,10541,4122,18243,4078,5812,0
345408,1,1,1,1,1,-1,0,0,0,0,43103,19127,13533,25208,24982,22370,16189,8400,18556,15225,11270,17401,0
364459,1,3,1,1,-2,-1,0,-1,-1,0,41061,48307,-16630,64158,25585,9438,19955,25794,18029,12867,18043,12692,0
74940,1,1,2,1,1,-1,-1,-1,-1,0,38969,-9626,27606,23301,21146,41213,10182,11415,25271,17444,11192,5814,0
282044,0,1,1,1,-1,-1,-1,0,-1,0,15315,19896,2323,-17026,-15096,32622,6546,10827,3194,1358,2532,13469,0
86766,0,1,2,1,3,-1,3,-1,-1,0,35761,41080,-3582,76280,8227,8694,14733,18427,24599,11442,13903,7547,0
127635,0,2,2,1,0,-1,-1,0,-1,-1,15418,9013,23417,6425,-32988,59681,11914,12688,7719,6849,17269,3689,0
342265,0,3,1,1,-1,0,-1,-1,2,0,16542,16793,21214,-8549,-11984,32495,5921,15588,17115,3169,2493,7795,0
433497,1,1,1,1,-1,-2,0,-1,0,-1,22596,1798,26236,-4308,-27149,58155,16653,19701,19628,1738,17394,8824,0
28466,1,3,2,1,0,-2,-1,0,-1,-1,22974,23140,-86,13311,11684,25780,10338,13527,13077,7313,6530,6555,0
225954,0,1,1,1,1,0,-1,-1,-1,0,-2599,-10421,29801,-13532,-7320,45686,5351,8838,11706,5945,5744,4545,0
313927,1,2,2,1,-1,-1,-1,-1,0,0,24663,5479,20509,19807,12715,23575,10596,14160,22865,10638,9014,11573,0
375863,0,1,1,1,-1,-1,-1,-1,0,-1,25839,-9021,15893,-24880,316,46070,10818,11758,10875,343,4966,1167,0
202128,0,1,1,1,2,0,0,0,0,0,23806,16134,8982,-2037,2356,30883,14583,12823,7883,18,8268,3781,0
398141,0,1,1,1,-1,-1,-1,-1,-1,-1,57211,29586,-22122,-2739,21135,21321,23412,14148,13059,8041,16592,11940,0
174768,0,3,2,1,0,0,0,0,0,0,49558,-35177,44698,4237,-9275,42717,7725,8475,18047,12119,1712,15309,0
152604,0,3,2,1,2,-1,-1,2,-1,0,76590,16695,2319,7923,-7380,42339,17081,23077,1094,10984,10137,1546,0
384828,0,2,2,1,-1,-2,-1,-1,-1,-1,38912,-20057,21258,23481,18760,139,4470,19415,18368,14066,4684,7630,0
93272,1,2,2,1,-1,2,-1,0,0,0,54615,11380,-1313,8775,7523,34807,12773,9818,22563,14649,6458,6538,0
284832,1,1,1,1,-1,-2,-1,2,0,0,5300,10576,13022,25956,13646,3085,5902,12109,15142,7324,6247,14066,0
146061,1,1,2,1,0,0,-2,0,0,-1,35603,14323,10920,14646,-18538,35283,11530,7174,14317,1067,15122,3553,0
240152,0,1,2,1,3,-1,-1,0,-1,-1,-5284,76318,10058,6155,25167,18306,16726,20182,13664,11871,11024,8753,0
599232,1,1,1,1,-1,-1,-1,-1,0,0,29957,7183,-12717,13299,6414,25788,12673,3001,13234,4959,11792,6322,0
100733,1,3,1,1,1,0,0,-1,-1,-2,-14156,26171,19786,2756,719,12154,3680,7094,11245,1949,837,11442,0
314135,0,1,1,1,-1,2,0,-1,3,2,34987,24310,-8232,18272,24609,-13209,8581,9645,12236,11251,4904,1181,0
509248,0,1,2,1,-1,-1,-2,-1,-1,0,7445,28370,31173,-15296,24440,38510,26448,10302,16368,9115,18140,15374,0
84459,0,2,2,1,0,-1,2,0,0,0,27025,-5757,17544,1252,20197,10414,12268,315,10741,10053,1330,9871,0
165910,0,2,2,1,-1,-1,-1,-1,-2,-1,-1298,25203,-6166,11927,5456,27212,3932,11074,12950,293,6070,7641,0
351885,0,1,2,1,0,0,0,-1,-1,-1,44624,2476,934,34291,21545,18430,15140,19752,16890,10613,13239,13603,0
239950,0,1,1,1,-1,-1,-1,0,0,2,9632,43764,-17115,-1018,22159,-37,13309,5785,9622,547,8956,3998,0
190122,0,1,2,1,1,0,-1,-1,-1,-1,23236,25786,10105,27355,26742,21532,12076,16093,14411,19934,15968,20243,0
404992,1,5,1,1,0,2,0,0,-2,0,40695,-11654,-15494,30975,16298,1907,11244,7315,7031,3780,8904,576,0
314303,0,1,2,1,0,0,0,0,0,0,-9283,10629,23418,-5306,23522,39189,14856,5176,19220,8851,11198,16581,0
86633,1,2,1,1,-1,0,0,-2,-1,-2,34099,27107,20453,3582,-1618,31269,17873,20445,9153,9219,4823,8608,0
391539,0,1,1,1,-1,-1,2,-1,-1,0,36564,26247,-36906,56538,30683,-2326,16833,7039,6989,12692,18440,5432,0
816760,0,2,1,1,-1,-1,-1,-2,-1,-2,16590,-2426,9400,-2083,22965,13781,10715,5641,11277,4393,4948,6376,0
457708,0,1,1,1,1,-1,-1,-1,-1,-1,24587,2097,23191,20358,40066,17086,14942,11240,18435,23365,13122,12499,0
230276,0,3,2,1,0,0,-1,-1,0,-2,37694,28834,-14359,55258,6623,-1149,9906,23018,12437,4419,13737,6390,0
675722,0,1,1,1,-1,-1,-1,-1,-1,-1,23349,21769,713,24222,-1897,8149,14537,11325,12407,5833,11142,406,0
335221,0,2,1,1,-1,-1,2,0,-1,-1,15710,33645,31414,-2087,7620,39095,26431,10156,15472,11641,16442,14982,0
620600,0,1,2,1,1,2,0,0,-1,0,-6196,-18024,51213,-7667,11882,29777,14338,7146,16989,9617,11176,5429,0
28981,1,1,1,1,-1,-1,-1,-1,-1,-1,53518,37279,7774,4123,8611,26030,18651,17355,10622,15868,6147,11768,0
263546,1,2,2,1,1,-2,-1,-1,-1,-1,2821,21774,4160,29953,-4216,2337,3453,11782,8051,8895,4771,11446,0
446643,1,3,2,1,1,-1,-1,-1,-1,-1,8490,13667,22541,13281,-453,28164,20895,7060,9541,7777,15370,6762,0
264290,0,1,2,1,-1,-1,-1,-1,-1,-1,20482,47456,-9013,34964,35629,29672,16699,26738,19615,18276,20908,19670,0
353919,1,1,1,1,-1,-1,-1,-1,-2,-2,38086,-13076,-10174,47600,18658,-7722,4127,10825,11482,14051,3580,11695,0
213498,0,5,1,1,0,0,0,0,-1,-1,11765,1757,24099,-2616,3326,11258,7169,7195,1224,8774,4107,7773,0
216956,0,1,2,1,1,-1,-1,-1,-1,-1,-31222,-19306,71153,-20335,2386,40995,7477,10970,14173,11495,4629,19771,0
58467,1,2,1,1,1,-2,-1,-1,3,0,50938,-31635,24126,-3081,-1219,25719,11000,5557,9567,13896,1378,6823,0
476232,0,2,1,1,0,0,0,-1,0,-1,31060,-5907,43272,740,20124,41426,21994,11162,29966,16011,15404,17865,0
247609,0,1,2,1,-1,-1,0,-1,0,-1,26289,30655,21990,33677,-1783,35030,17550,18569,17850,14455,18465,10506,0
311490,0,1,2,1,0,0,-1,-1,3,-1,18126,-35472,31561,12531,37514,16223,4730,12774,22158,18311,6637,12836,0
75428,0,5,2,1,-1,-1,0,0,0,0,34496,4597,8980,6238,5666,23716,15763,8285,5494,7608,8454,4659,0
164353,1,2,2,1,-1,-1,-1,-1,0,2,11478,32690,6570,9853,-6370,30470,3733,19380,18316,7165,5721,7826,0
255147,0,3,2,1,-1,-1,-1,-1,0,-1,7374,743,22074,-13529,21240,6635,7647,167,12312,8613,6232,9369,0
86496,1,2,1,1,1,-2,-1,-1,3,-1,38630,13843,48699,20913,-15494,16438,9938,24187,20942,17665,3323,10199,0
395392,0,1,1,1,1,-1,-1,-1,0,-1,41875,-16670,32700,23156,6779,7474,10506,8684,20846,12522,9754,13580,0
52487,1,1,1,1,1,2,0,0,-2,-2,48487,16152,4329,-11456,32694,24184,19243,4861,10281,11492,8221,11804,0
432896,1,1,1,1,-1,-1,-1,-1,-1,-1,41138,-23126,61430,2633,17352,34791,13497,22567,25531,19692,4407,17378,0
366549,0,1,2,1,-1,-1,-1,0,0,-1,14428,-4423,12904,6937,45887,-505,10301,5641,13381,13934,5594,2090,0
320658,1,3,1,1,-1,0,-1,-1,-1,-1,-13408,41978,38204,17963,-8958,10207,5057,20565,12396,11579,4953,12381,0
419250,1,1,2,1,-1,-1,-1,0,0,-1,31999,8023,11527,2283,28527,24596,16188,16417,10798,15138,13379,9627,0
482380,0,1,1,1,1,-1,-1,-1,3,-1,42037,4939,18488,10881,19001,16110,18031,10429,21272,11819,12779,15982,0
316701,0,1,1,1,0,-1,0,-1,-2,-2,31308,1026,-12479,31198,23427,-4127,7664,12300,11929,8845,5081,9475,0
238487,0,1,2,1,2,-1,-1,-1,-1,-1,-9373,-8695,23788,-148,2286,19489,99,7522,7377,7916,5318,3375,0
137668,1,1,2,1,4,-1,3,0,-1,-2,22315,42400,15268,3935,21233,35294,20298,10671,15725,11716,7036,13131,0
83947,0,2,2,1,-1,0,0,0,2,-1,2396,43999,23362,9945,4777,9034,13669,15174,14776,5357,7587,4911,0
230443,0,2,1,1,-1,-1,-1,-1,-1,-1,43765,21752,-24290,39647,37165,6273,16914,7779,17425,14004,10612,11967,0
404322,0,2,1,1,-1,0,0,2,0,-1,29058,-10888,25540,14976,4989,20072,10052,18745,8192,13291,9686,6298,0
287350,0,2,2,1,-1,-1,-1,-1,2,0,56774,18455,-131,42257,10825,16036,12163,24571,22943,16068,11910,12838,0
106350,1,3,1,1,1,0,-1,-1,0,-1,6598,11790,32372,-10055,8738,1153,5958,8148,15603,7248,5041,4951,0
24193,0,2,1,1,-1,-1,-1,-1,-1,-2,13747,33779,5218,-15644,-3658,35469,12729,3514,5359,5534,7773,5166,0
93185,0,1,2,1,-1,-2,-1,-1,0,2,26084,8051,8915,44475,10941,-1759,2119,13683,18902,12990,3238,6544,0
327257,1,3,2,1,0,-1,-1,-1,0,-1,22007,16319,-25568,15822,14753,1491,3873,16850,5004,7360,6568,3498,0
68893,1,2,2,1,1,0,-1,-1,2,-2,21003,5126,20291,-8992,20990,16702,9794,7836,14685,10126,4110,4726,0
392625,0,1,1,1,-1,-1,-1,-1,-1,2,-899,40491,-10541,26446,-1387,-8824,12870,4956,12287,4053,8056,1130,0
91805,0,2,2,1,1,-1,-1,-1,-1,-1,47637,-17508,28339,13648,34781,4383,11773,8493,19791,22945,6600,12582,0
527496,0,1,2,1,0,0,0,-1,0,-1,-1588,4712,26584,5797,5338,27815,13119,23526,13493,8599,18743,8352,0
130760,0,2,2,1,-1,-1,-1,-1,-1,-1,21423,18006,11733,18956,-3557,25701,8807,17069,13791,12207,5332,9689,0
297929,0,2,2,1,0,2,-1,0,-1,-1,14444,-10830,-130,13618,12870,-7020,4372,1788,5544,10655,8067,6878,0
413284,0,2,2,1,-1,-2,-1,-1,-1,-1,30122,5806,-22198,19667,25497,-15580,6600,10920,4627,6946,1870,4014,0
108528,0,1,1,1,1,-1,-1,-2,-1,0,13816,-6406,39567,-26745,1467,44491,10394,880,12896,6397,3740,15019,0
185670,0,1,1,1,0,0,0,-1,-1,0,40117,-7058,-119,45159,22106,11316,9207,18914,16889,14258,10155,12871,0
716941,1,3,1,1,1,-1,0,-1,-1,-1,15282,13705,41102,15360,10210,32074,22495,21713,20102,12776,16259,9580,0
336254,0,1,1,1,1,-1,-1,2,-1,-1,26411,34534,13195,332,20320,18168,20015,16129,6281,14700,8957,7693,0
228518,0,1,1,1,0,0,-2,0,-1,-1,16893,7622,19726,-32142,-4963,26333,8931,4395,3464,3246,1165,6333,0
255492,1,1,2,1,-1,-1,-1,0,-1,-1,10219,16593,29814,-29018,-7361,37337,12125,8835,9907,1248,5817,2305,0
58244,1,1,2,1,-1,-1,0,0,0,-1,17691,36217,-10217,10533,39890,14425,15687,15217,11139,8782,14867,6632,0
722522,0,1,1,1,-1,-1,-1,-1,-1,-1,12876,13457,35598,33884,612,11311,8659,20893,23579,17224,4663,11919,0
41801,0,3,2,1,3,-1,-1,-1,-1,-1,953,21652,-13459,26949,-7404,4514,3728,8998,3298,663,9976,1531,0
95733,0,1,2,1,0,-2,-2,-1,-1,-2,33123,20260,-6350,54715,13359,-1544,12400,23290,11399,15770,8857,11855,0
220133,0,1,2,1,1,-1,-2,-1,0,0,12439,-15736,28915,-5453,-9891,25554,7495,1222,11394,1310,1895,11543,0
209673,0,2,1,1,2,0,-1,2,-1,0,24394,21109,20835,-8740,-7496,46917,14320,14222,10905,4215,11359,11963,0
517660,1,1,1,1,1,-1,-1,-1,-1,-2,1661,26624,8762,-4466,20795,9384,9620,5082,8848,7997,3774,2480,0
229941,0,1,2,1,-2,-1,-2,-1,-1,2,5426,26304,1041,17908,20340,-2187,13990,3156,11667,8770,9888,567,0
181461,0,1,2,1,0,-2,-1,-1,-1,-1,8119,419,15107,-7323,1072,32846,3793,8200,14260,3950,1871,4076,0
340459,1,2,2,1,0,-1,0,-1,0,2,-15345,22573,-1695,29531,3496,7975,11168,3978,13078,4077,13348,5187,0
366816,1,1,1,1,-1,-1,-1,-2,-1,-1,6953,39811,15735,4902,-3900,17630,17024,11171,6469,11231,7114,9953,0
116688,0,2,1,1,0,-1,2,-2,-1,-1,29302,16339,22806,-8248,2755,29177,17807,11550,4709,11787,5457,8005,0
273294,1,2,2,1,0,-1,2,0,-1,-1,4951,-9771,25331,-1527,17645,24267,14300,6576,7357,11343,6891,9744,0
157984,1,2,2,1,-1,-2,0,0,0,0,13800,6214,17501,-283,15340,23466,9187,12913,7632,12226,828,2744,0
196287,1,2,1,1,-1,0,-1,-1,0,-1,30112,-1290,-18558,19293,19761,-19088,1026,4040,2970,8521,1497,1984,0
189054,0,1,2,1,0,-1,-1,0,0,0,57659,-2089,1278,22239,36044,17383,20521,20464,23785,16945,16350,14562,0
172073,1,1,2,1,-1,-1,-1,0,0,-1,33255,16115,-4156,12564,23628,19220,10331,17160,11397,9222,15571,6313,0
257765,0,3,2,1,-1,-1,0,-2,-1,2,2523,12202,5142,6971,11228,-11229,14013,1049,5493,8772,2268,4107,0
233295,0,3,2,1,0,0,-1,2,-1,-1,29212,-8216,18175,390,22204,16049,14101,9580,17746,9431,10662,12358,0
336637,1,2,2,1,0,2,0,-1,2,-1,27630,30801,9662,13940,14128,29288,20303,9532,21037,8909,15724,9585,0
247411,1,1,2,1,0,-1,0,0,-1,-1,5228,20346,11218,-6048,10921,10902,17141,8066,1560,5512,7693,5085,0
162281,0,1,1,1,-1,-1,-1,0,-1,0,48526,17486,16536,3679,27510,20237,21842,7472,9142,18388,8024,18884,0
389276,0,2,1,1,1,-1,-1,-1,-1,-1,18912,-33040,36899,-17219,-7015,30538,3919,6706,10099,6881,1507,7510,0
144322,1,2,2,1,-1,-1,-1,-1,0,-1,50057,5714,8940,14532,15405,17181,19145,13307,17731,14993,7187,11931,0
465634,0,1,1,1,-1,-1,-1,0,-1,-1,36893,11779,10187,21100,20431,10134,6738,17955,9643,16841,8717,12207,0
263835,0,1,2,1,-1,-1,-1,-1,-2,-1,33795,6435,19003,12077,12518,20150,15822,10045,19131,10866,10251,2970,0
411772,1,2,2,1,0,-1,2,0,0,0,70129,-4429,21292,4359,26733,12133,20450,6713,12558,12565,10379,9560,0
95148,0,1,1,1,0,0,-1,2,0,-1,41724,-20538,22305,-11480,13119,45937,9592,12330,15841,10331,7777,8969,0
118190,0,1,2,1,-1,0,-2,-1,-1,-1,29005,866,20485,-30216,14346,5353,15818,4188,1039,9917,3069,11655,0
229863,0,1,2,1,2,-1,0,-1,-1,0,10160,24500,18865,34097,9327,24646,14281,16898,17969,7775,14477,2419,0
279596,1,2,1,1,-1,0,0,0,0,0,8108,4017,4236,9747,7474,14963,9460,8530,8453,7576,6565,7777,0
288516,0,2,2,1,-1,-1,0,-1,0,-2,22893,45174,-11398,49947,-2614,29336,19202,21539,15560,8128,20508,9984,0
103015,1,1,1,1,-1,-1,-1,-1,0,-1,28333,56060,-38593,51792,2929,-15819,10298,14681,4751,5368,6670,7371,0
266424,0,2,1,1,-1,-1,0,0,0,-1,42058,55174,9156,12290,12728,26677,20368,16874,10632,7979,13846,5002,0
254616,1,2,1,1,1,-1,-1,-1,0,0,34251,435,-4464,41714,1633,-5657,7408,10287,5511,8200,4250,3026,0
323627,0,1,1,1,-1,0,-1,0,0,-1,14877,18102,17529,8882,603,28950,10009,19166,14005,9946,11313,16032,0
287958,0,1,1,1,-2,-1,0,2,0,-1,10263,-8341,23847,5806,-23876,13469,7005,13350,3800,685,8257,4629,0
247847,0,1,1,1,-1,0,-1,-1,-2,-1,21074,-1137,21721,-6577,-63,18307,7915,4448,10258,363,6746,7521,0
142107,0,2,2,1,-1,-1,-1,-1,-1,-1,41544,14255,27157,13038,12172,18971,13578,12707,17596,17241,9276,18622,0
437970,0,3,2,1,-1,-1,-1,0,0,-2,16477,25496,1851,20711,-2350,24030,118,18067,13375,6185,8751,8132,0
258494,0,2,1,1,-1,0,-1,-1,-1,-2,34433,17544,-4395,-7844,-9184,7258,7790,8552,1119,2186,2159,1759,0
699369,0,3,1,1,-2,-1,-2,-1,-1,-1,7816,7568,3832,29182,-9531,-5726,12535,4759,3768,2389,9992,4059,0
140305,1,1,2,1,-2,-1,0,0,2,0,-18358,-6358,29290,-7564,-579,34886,6170,6054,9930,1044,7702,1936,0
191962,1,2,1,1,0,-1,3,0,-1,-1,25034,3724,46910,15659,27526,34852,15128,17839,28379,24820,10116,27237,0
432032,0,2,2,1,0,0,0,0,0,0,4723,-7585,18634,-5539,16261,10576,5272,4161,7452,8931,3811,12858,0
389281,0,3,1,1,1,-1,-1,-1,-1,-2,13080,26117,2337,39173,-6423,7621,16055,16452,10344,4205,13154,1446,0
168396,0,2,1,1,0,-1,3,0,-1,2,4690,31776,-13617,2933,26528,19654,12343,550,7356,8358,11949,10866,0
10623,0,1,2,1,0,0,-1,0,2,-1,61691,-13430,22215,18781,12292,25089,4422,19015,22967,20486,3850,17224,0
254236,0,1,2,1,0,-1,0,0,-1,0,16997,31637,6830,-2061,17744,42960,19594,11530,17215,6254,13713,11211,0
354688,1,3,1,1,0,-1,0,0,2,-1,41190,22903,-5725,13631,23167,3516,14823,6754,7804,9035,9687,3060,0
282068,0,1,1,1,-1,-1,-1,0,-1,-1,16429,38773,-14716,785,6410,25881,16264,4738,2819,4248,13050,6876,0
144390,1,1,1,1,0,0,0,-1,0,-1,36137,10178,21573,-6020,10586,27496,15746,10780,14199,6707,10718,7954,0
210474,1,2,2,1,-1,-1,0,-1,0,-2,32739,15552,8741,8056,-2149,24830,10078,15775,11189,6711,8221,426,0
459822,0,1,1,1,-1,-1,-1,-2,-2,0,39447,953,349,-1553,13094,11778,17665,7838,5644,5249,5273,2924,0
240156,0,2,2,1,0,0,-2,-1,-1,-1,19911,20838,-14426,28319,32951,-806,8610,10934,11301,9924,9789,13943,0
58975,0,1,2,1,1,-2,-1,-1,-1,0,9834,5842,23161,12062,-5439,36054,9740,8830,16705,6767,6873,9957,0
333835,0,1,1,1,-1,0,0,-1,-2,-1,23119,-10220,20909,29531,-3264,16005,9945,14796,22126,7627,8885,7805,0
591536,1,1,1,1,-1,-1,-1,-1,-1,-1,-9852,12033,5847,-5404,-17965,4344,3060,2163,1055,4005,117,3418,0
365984,0,2,2,1,0,0,-1,-1,-1,-1,-5230,16372,25808,-27566,-9352,28683,4843,14447,12880,651,1983,5694,0
69936,1,2,1,1,0,0,0,2,-1,-1,42222,23330,28474,5965,17301,24808,18951,17288,16433,10375,9960,6986,0
75667,0,5,2,1,0,0,0,0,0,0,13932,9912,-18022,18310,22440,-1041,5988,5922,6943,805,5636,4170,0
61930,0,1,2,1,0,0,3,0,-1,0,50412,-15741,13974,-22524,11313,44945,14861,2967,10409,4189,4221,10801,0
28028,0,1,1,1,-1,-1,-1,-1,-2,-1,63854,19407,-18014,35305,13582,1582,13171,15228,18763,15529,5126,8819,0
307837,0,3,1,1,-1,0,-1,0,0,0,32511,1001,42270,13708,29160,22266,11105,23550,23329,23576,4290,17223,0
62859,1,1,2,1,-1,-1,-1,0,-1,0,2615,12545,4453,1753,17988,31865,2759,11791,6655,10821,6678,9552,0
551817,1,1,1,1,-1,-1,-1,-2,-1,-1,37096,13674,-427,-16571,22960,1124,12572,11296,1544,14214,1093,14657,0
284493,0,2,1,1,1,-1,0,-1,-2,0,39575,14933,-17356,51361,4158,15698,15673,5320,9826,2573,16462,6490,0
139989,0,1,1,1,-2,-1,0,-1,-1,-2,30194,18510,-6224,37135,24337,7006,14225,7371,12142,12645,6893,12444,0
234393,0,1,2,1,2,0,0,0,0,0,57117,13382,7583,11351,7536,32331,19634,21012,20097,105,15987,12621,0
402996,1,1,1,1,-1,0,0,-2,3,-1,7118,6568,20315,-11013,-7412,9570,9023,4494,2308,3118,1194,7210,0
127407,0,1,2,1,0,-2,-1,-1,-1,-1,35926,-17263,9588,35349,11086,19718,8202,15207,17096,11701,8999,11172,0
332733,0,1,2,1,-1,0,-2,-1,-1,-2,3911,1067,16260,18016,18960,4787,1962,12788,9329,10760,1280,13826,0
147294,1,1,1,1,-1,-1,-1,0,0,0,-5524,2109,42430,-43463,7826,62790,11737,4759,15115,11391,4813,14113,0
163583,1,1,1,1,-1,0,2,3,3,-1,54465,1302,34748,9988,35974,2880,16501,12017,19522,23344,2459,21513,0
317249,0,3,2,1,1,2,0,-1,-1,-1,-21446,31681,45648,19296,5650,24304,12803,17758,19476,13425,12588,18164,0
142503,0,2,1,1,2,-1,3,2,-1,-2,46188,-10375,42062,-374,16330,31320,16007,10708,14274,17674,4151,5454,0
92936,1,1,2,1,0,-1,-1,-1,2,-1,51794,8528,6265,28458,5762,38547,14536,11391,22416,14602,11030,18214,0
244226,1,5,1,1,1,0,0,-1,-2,0,38366,23540,16615,50998,-18472,4825,11001,24270,14790,8978,12344,11547,0
123442,0,1,2,1,0,0,0,0,0,-1,42283,13651,45869,9132,-3265,30526,17397,19246,22699,5420,18910,6985,0
247201,0,1,1,1,1,-1,-1,-1,-1,0,64423,18196,4446,14181,14822,36796,18868,12793,23780,16058,9822,19022,0
291488,0,1,1,1,-1,-1,-1,-1,0,0,17264,26080,-22255,26342,31334,-22184,11992,3160,6870,7511,3640,5100,0
363721,1,2,1,1,0,-1,2,-1,-1,-1,11985,-3260,40649,-3591,17983,21831,14055,11256,15690,14157,7346,17366,0
421329,1,2,2,1,-1,-1,-1,-1,0,-1,6043,12790,42618,8111,17244,31816,8816,20380,28485,14950,7630,16153,0
305958,0,2,1,1,-1,0,-1,-1,0,-1,59374,8121,-14803,23792,6742,17855,12461,15848,8093,10452,10784,9897,0
460276,0,3,1,1,1,-2,0,-1,-1,-2,6122,30744,19106,38038,7008,19865,20384,14547,20974,7282,16774,6380,0
32988,1,2,2,1,0,-1,2,-1,-1,2,35068,-3785,-7388,21075,9580,3185,10217,3904,1790,8562,7635,1645,0
105473,0,1,2,1,-1,-1,-1,-1,-2,-1,84306,-4496,-17725,38447,1838,24155,13969,15810,20273,11881,14898,16155,0
146541,1,2,1,1,-1,-1,0,-1,-1,-1,29993,50255,-6160,16619,-723,24526,37426,12223,14996,6486,21853,12244,0
155390,1,2,2,1,0,2,-1,0,-1,-1,23677,21277,4353,-5202,21949,6058,9659,11831,1206,8431,3903,4456,0
178603,0,1,2,1,2,-1,-1,-1,0,-1,56648,5391,8255,57276,38086,21317,16061,28478,26849,25544,16505,18475,0
406481,1,1,2,1,-1,2,-2,-1,-1,-1,38557,8681,19844,3697,4262,30887,15092,11292,13251,8398,9816,3981,0
222109,1,2,1,1,-1,-1,0,-1,-2,-1,55357,35269,-21237,30417,21211,-7296,17685,8034,6081,12524,8872,9169,0
170082,1,3,2,1,0,0,0,0,-1,0,12824,33448,2895,8633,12960,24448,14741,11515,8410,2217,10345,4002,0
431381,0,1,1,1,0,-1,-1,0,0,-2,-3145,39892,-18020,14338,17596,6044,11158,9957,2132,6040,10828,6902,0
99043,0,2,2,1,0,-1,0,-1,0,2,12498,42219,19403,39924,22641,16443,10488,23465,26488,15121,16509,10206,0
256208,0,1,2,1,-1,0,-1,-1,-1,-2,71325,13300,-10760,27338,2696,23550,12025,28719,12437,16220,13184,19569,0
384657,0,2,1,1,-1,-1,-1,0,-1,-1,8864,2759,-1051,-6447,-1750,21277,6337,9481,1811,1180,5295,7590,0
71343,0,1,2,1,-1,-1,-1,0,-1,-1,14008,-6275,30249,-14292,19660,37517,6673,12262,13301,12885,2877,14706,0
249702,1,3,1,1,-1,-1,-1,-1,-1,-1,7343,23008,27771,-12354,18861,21289,18219,5407,15266,15231,9574,7532,0
43756,0,2,2,1,0,-2,3,0,-1,0,21759,-7273,11174,3422,-2100,19221,7506,2741,5016,7225,4634,8197,0
268317,0,1,2,1,-1,-1,0,-1,0,-1,29153,-6278,6568,25331,17797,29207,19342,12237,19548,6294,23346,15900,0
303754,1,1,2,1,-1,-1,-1,-1,0,-1,22681,3008,23331,30544,24912,3459,14837,17801,20343,14783,5434,8122,0
58301,0,2,2,1,2,-2,-1,0,-1,-2,18756,25703,10094,-1085,15526,13767,1512,13155,17096,7205,918,13385,0
304682,1,2,1,1,0,3,-1,0,0,0,27343,10591,16041,35889,5658,32718,7420,17024,20236,8417,11444,3670,0
40267,1,3,1,1,0,0,0,0,0,-1,34212,33796,-7259,11390,-3009,16476,12759,12790,5231,5184,8218,7349,0
165384,1,2,1,1,-1,-1,-1,0,0,-1,30406,35046,10612,-10161,18239,7966,13304,4270,6750,12116,6996,6121,0
125956,1,3,2,1,-1,-1,0,-1,-1,2,33233,36021,-171,19513,1291,13690,23452,8428,14941,7585,11624,15703,0
159028,1,2,2,1,1,-2,-1,0,0,2,15522,31521,36191,5381,43451,19962,15910,10745,21564,17698,10896,13964,0
264361,0,3,2,1,1,-2,-2,-1,-1,0,-12728,2669,5848,-12735,-10705,26704,940,788,2084,1727,3125,6367,0
122282,0,2,2,1,0,-1,-2,0,-1,-1,26369,5215,7734,14624,13776,28229,10589,9537,8553,12386,9546,3838,0
482141,0,1,1,1,-1,-1,0,-1,0,0,67402,17735,-15897,20838,-7722,22480,19547,22188,11996,7783,13011,10508,0
145902,0,1,1,1,-1,-1,-2,-1,-2,-1,9788,21046,-9873,-6515,16972,12814,14698,50,9057,4645,11351,6981,0
193637,0,2,2,1,0,0,-1,0,0,0,47846,-19466,30542,12968,32556,16402,10446,14266,14949,14933,6561,6532,0
659825,1,1,2,1,-2,-1,-1,-1,-1,-1,27466,45576,42183,28365,17436,22508,25864,30313,28069,22659,18888,25195,0
715995,0,2,1,1,0,0,-1,-1,-1,0,58565,7999,8265,47938,10552,22383,24110,21611,27011,2623,21439,16340,0
287931,1,1,2,1,-1,-1,-1,2,0,-1,22672,12860,20594,-4028,27949,4919,3714,23102,7561,14741,52,6149,0
166124,0,2,2,1,2,0,-1,-1,-1,-1,40627,10041,-24343,20429,4547,-359,8716,8458,1154,1439,8971,10215,0
237417,0,1,1,1,1,0,0,-1,0,-1,3284,1851,21824,4791,12718,13216,14227,4209,8595,2833,13900,3389,0
373143,1,1,1,1,-1,-1,-1,-1,-1,0,38567,-3195,33,8248,11195,19200,18138,5367,9295,8015,10540,1417,0
58145,0,1,1,1,1,-1,-1,-1,-2,-1,40103,11117,8447,29838,19891,15238,12168,9926,19108,21795,7220,12116,0
194754,1,2,2,1,0,0,-1,0,0,0,14630,28093,6305,18616,7275,19954,10687,14151,17171,6381,10884,9102,0
248575,0,2,2,1,-2,-2,-1,-1,-1,-2,65796,-17442,-15231,53074,-648,10459,4462,15890,13620,11336,13497,7030,0
437502,1,1,1,1,-1,-1,-1,-1,-1,-1,25996,-11619,25170,-6826,-12593,26328,7512,6140,7500,7058,3342,3086,0
347909,0,1,1,1,1,-1,-1,-1,-1,-1,2671,778,42257,4442,-9260,24882,11826,7080,5121,12411,6315,11426,0
541798,0,1,1,1,-1,-2,0,-1,0,0,28035,-13990,37276,-18296,22124,45525,16339,10834,22965,12803,11164,14641,0
281734,0,1,1,1,-1,-1,-1,-2,3,-1,33337,-3269,28830,-9795,47105,3067,16553,4572,15643,16342,1639,13840,0
244840,0,2,2,1,-1,0,2,0,0,0,27688,-18464,4636,-8602,3907,17448,9111,3618,4025,4485,1887,7452,0
34451,0,1,2,1,1,-1,-1,-1,-1,-1,37219,-3811,30593,2009,31109,24679,13428,13504,15552,21225,7459,10269,0
259048,0,2,1,1,-1,-1,0,-1,0,0,41865,32199,-12844,33045,19362,8488,10134,10731,16026,10240,8869,10704,0
68182,0,2,2,1,2,-1,-1,0,0,0,30973,8334,15241,25991,12619,38486,12623,26058,20851,11248,12514,9393,0
254929,1,1,2,1,2,-1,-1,-1,-1,-2,15775,-8438,18113,-32666,31367,25283,8954,7628,9723,8179,3557,3226,0
291219,1,1,2,1,0,-2,-2,-1,3,2,15307,-7522,-14428,17859,21588,5215,7291,1648,10888,6970,9997,8935,0
339535,0,4,2,1,1,-1,0,0,0,0,2733,19472,30395,2581,26853,45248,23004,10271,19722,18483,19446,24223,0
152901,1,2,1,1,-1,-1,-1,0,-1,0,18120,51985,-15961,29207,8983,-1787,12055,11634,1591,6711,6747,1159,0
352031,0,1,2,1,0,0,0,0,-1,0,25767,-12606,38276,-9507,10380,51153,17146,13237,23482,10813,7714,20510,0
119472,0,3,2,1,-1,0,-1,-2,0,-1,25570,25209,20838,3875,7812,14874,11352,13353,11302,7445,8380,2184,0
132768,0,2,2,1,0,0,-1,0,-1,-1,39945,10861,24836,-18903,9264,26906,10068,11616,9835,10688,4610,14359,0
338772,0,2,2,1,0,-1,-1,-1,0,0,65621,-14918,4196,25113,9337,24758,12933,11360,16129,13510,8897,6915,0
331884,0,2,1,1,0,0,-1,-1,0,-1,44107,22292,-18133,31867,2434,-2872,8334,9646,7904,4043,6376,2987,0
263504,0,2,1,1,1,-1,0,-1,-1,0,49178,14080,23924,36292,-3645,22252,17746,18749,16108,11780,15895,5926,0
180521,1,1,2,1,0,0,0,-2,-1,0,12804,12587,1046,28767,34501,-3136,11133,9974,7992,13931,7838,4162,0
155872,0,1,2,1,1,-2,-1,0,0,0,34766,-560,14202,13578,42103,11940,12115,8651,22987,17978,8236,14702,0
118700,1,3,1,1,2,-1,0,0,-1,-2,10973,27340,-6785,36960,20168,-21051,9829,10337,3070,5535,554,507,0
484567,0,2,2,1,-1,-1,-1,-1,3,-1,11922,10051,11219,25170,611,13027,8202,19064,18440,1930,10649,9221,0
234230,0,3,2,1,0,0,-1,2,0,0,27791,-20954,18452,37974,25228,-1436,705,20094,10337,8391,8514,272,0
208004,1,2,1,1,-1,-1,2,0,-1,0,23099,1419,9179,12518,-7617,16316,7753,9276,2600,6047,2951,123,0
129804,0,1,2,1,-1,-1,-1,-1,-1,0,62227,-15013,-2163,43194,9994,30519,6586,24236,15732,21350,7112,8427,0
356645,1,1,2,1,0,-2,0,0,0,-1,39749,34851,20442,19173,34407,36755,20863,19674,32537,17235,17474,22983,0
309431,0,1,1,1,-2,2,-1,-1,-1,-1,37009,2699,8365,11572,9168,2815,4586,9728,8477,11565,6416,712,0
340436,1,2,2,1,-1,-1,-1,2,-1,0,27694,-6113,42634,-3512,28291,35404,18037,11649,19991,16019,8058,11439,0
84762,1,3,1,1,1,2,-2,0,0,2,9619,37406,36207,-31172,-11387,28561,10011,105,13423,6905,3664,12637,0
375433,0,3,1,1,1,-2,0,-2,-1,-1,-2057,-5435,19473,6328,-11758,19025,8337,5951,3928,5046,7883,7491,0
155595,0,2,1,1,-1,-1,-1,-1,-1,-1,35505,43715,-1680,16563,8242,15901,9114,17925,9576,12159,7961,10024,0
337175,0,1,2,0,-1,-1,-1,0,-1,-1,2222,35303,18894,-2693,58116,-4731,14783,21574,17907,10829,8248,10016,0
618652,0,2,1,1,-1,-1,-1,-1,-1,-1,61484,7697,28354,23320,6754,20623,21006,24504,25471,15932,14115,13462,0
78158,0,1,2,1,0,0,0,0,0,0,37158,-20120,29016,16034,28571,26104,12048,14208,12856,14229,5625,8167,0
230450,1,2,2,1,0,-1,0,-1,0,0,69009,-951,-1147,7172,35388,20007,21471,9967,12820,11999,7061,6285,0
471283,0,2,2,1,-1,-1,0,-2,-1,0,10356,-9149,-5989,36207,-5939,9214,8099,7201,4176,5120,9592,11312,0
172679,1,3,2,1,1,-1,0,0,0,0,4868,7542,1287,31928,18203,15032,8154,6461,19655,11629,9285,6143,0
183713,0,2,2,1,0,-1,-1,-1,2,-1,26466,-11739,40933,-21130,-7397,48491,6084,10768,17466,10561,2951,2964,0
102027,1,2,2,1,-1,0,-1,-1,0,0,24554,-1327,15362,38695,19548,-4270,5471,21023,18674,10854,4428,3560,0
57159,0,2,2,1,3,2,-2,-1,-1,-1,11231,36814,3876,-1842,10182,-2570,13469,1850,8599,10811,5302,6622,0
345983,0,1,1,1,2,-2,-1,-1,-1,-1,2107,16411,-15943,20723,13775,-12770,103,6998,2800,721,4678,2569,0
233263,0,1,2,1,-1,-1,-1,0,0,-2,62624,-17846,21008,-949,20146,21499,17732,7558,14187,17556,5864,11326,0
246744,1,1,2,1,0,-1,0,0,-1,-1,31810,50633,29077,6280,19783,21283,30656,16546,15209,13856,16511,11414,0
171522,1,1,2,1,-1,-1,-1,-1,2,-1,22370,-2640,14627,21906,12800,19741,14615,8920,18734,14858,8914,12908,0
437856,0,2,2,1,-1,-1,2,-2,-1,-1,15885,17349,10159,4266,851,8435,16385,11463,6050,13408,8239,6952,0
135899,0,2,2,1,-1,-1,-1,-1,-1,-1,22309,25603,14206,-1840,-2734,14893,9415,15508,7328,5752,4680,5962,0
262006,0,3,2,1,1,-1,-1,-1,0,0,34508,7522,-3504,43501,11804,10332,12351,11218,16992,11753,17233,8030,0
532877,1,1,1,1,-1,-1,-1,-1,-1,-1,9670,654,23612,-2364,4125,19339,6241,7160,10293,4770,6575,5226,0
143572,0,2,2,1,1,0,-2,-1,-2,-2,22025,10232,-19053,25883,8849,-6494,516,3506,831,4417,3706,655,0
29104,1,3,2,1,1,2,-1,0,0,0,4389,15226,18410,23080,4960,-7832,447,13823,7187,15077,116,8615,0
329090,1,2,2,1,-1,-1,0,-1,0,-1,9770,6662,19977,-5261,12461,23034,15119,12900,14608,6313,8832,7378,0
376948,1,1,2,1,2,-1,-1,-1,3,0,42355,-17356,45507,4237,14355,36307,18725,15727,28230,17072,7010,18505,0
205034,0,2,2,1,-1,-2,0,-2,-1,-1,32396,16539,9529,25728,18815,9924,13913,15631,11105,10593,8818,8813,0
150043,1,3,1,1,-1,-1,3,-1,-1,0,29564,26019,4262,-2707,23713,27983,21035,3516,9072,13179,13810,12479,0
101189,1,2,1,1,-1,-1,-1,-1,-2,-1,29385,17718,7915,1296,2211,26224,17704,5800,8072,9465,13474,10009,0
215785,0,2,1,1,-1,-1,-1,-1,-1,-1,879,25732,15184,8847,14580,6565,10211,10517,8904,16239,6184,12674,0
59847,0,3,2,1,0,0,0,0,0,0,10310,12419,14144,1531,-5668,39589,11008,9061,13646,3006,9334,6566,0
560964,1,1,2,1,-1,-1,-1,-1,-1,-1,8786,-6027,44146,15565,1477,470,8399,26066,12008,16780,4047,305,0
363548,1,2,1,1,1,0,0,0,-1,0,13558,-11158,57664,11958,17954,23667,13808,8325,19110,19463,4881,10670,0
226796,0,5,1,1,2,2,-1,0,0,0,39912,1139,-20238,47807,4167,-12175,6088,6887,3427,6695,7386,652,0
249195,0,1,2,1,-1,-1,-1,0,-1,-1,52716,21620,-2935,31541,17160,14788,19107,15280,12972,13812,13235,8278,0
438068,1,3,1,1,-1,-1,-1,-1,-1,-2,56095,17660,-7205,16157,-14969,27173,15182,19788,3896,5753,13153,6706,0
265537,1,1,2,1,-1,-2,-1,0,0,0,19196,-21597,19467,-20578,8142,32526,3628,11170,8029,7338,2524,642,0
165137,0,3,2,1,-1,-1,0,0,0,0,21971,37038,-16320,23077,14979,-6390,8375,15592,7239,3840,2586,6216,0
77660,1,3,2,1,1,0,-1,-1,0,0,30856,1772,-9666,41685,20887,-5930,4664,4804,13785,7938,5014,5306,0
451501,1,1,1,1,-2,-1,-1,-1,-1,-1,17010,16367,-20698,19888,1756,9549,9063,15700,4273,2883,11697,5336,0
491002,1,3,1,1,-1,-1,-1,-2,-1,-1,15704,7492,18498,-24692,16196,22997,13397,14814,6819,10860,7721,5289,0
360740,1,5,1,1,-1,-1,-1,-1,-1,-1,68307,-6429,15047,30624,-3478,30977,19471,28540,17365,18746,12872,17577,0
217298,1,1,1,1,1,0,0,-2,0,-1,27219,7519,39562,3769,16704,19029,20410,20575,21334,15432,8020,15267,0
283787,0,3,1,1,0,-1,-1,-1,-1,2,17044,-5901,10284,2889,3500,22622,5994,2539,5148,6499,3949,1184,0
225752,0,3,2,1,0,0,-1,-1,3,0,27841,-7777,19487,19688,-4345,28608,2632,24506,16541,13661,6392,6136,0
526234,0,1,1,1,1,-1,-1,-1,-1,-1,21135,-19750,63950,20225,-1732,41575,16910,15799,20602,21019,11738,16136,0
510813,1,1,2,1,-1,-1,-1,-1,3,-1,17666,-5897,22833,20153,4105,6737,2651,18158,15764,8458,871,5674,0
289854,1,1,2,1,3,2,2,0,0,0,18796,33092,6753,34888,21175,-3609,11812,13418,16685,10871,11392,11386,0
117777,1,1,2,1,-1,-1,-1,0,-1,-1,20316,5551,-12464,28970,23194,-14760,4284,8897,5245,5922,4491,2329,0
155016,1,2,1,1,-1,-1,-1,-1,-1,-1,31752,40590,-10895,15753,21858,4019,18111,13487,9102,8907,11084,8809,0
205354,0,1,1,1,-1,-1,-1,-1,-1,-1,35421,38764,3601,5675,-10096,24593,17714,11622,10843,4773,10511,4055,0
255796,1,1,2,1,3,0,-1,-2,-1,-1,-26485,33888,31110,-2621,-10425,5735,4952,19607,950,7947,4190,2601,0
310717,0,2,1,1,-1,-1,-1,0,-2,0,54556,-8624,-3604,-6145,11855,19642,7748,43,7157,9055,3069,11595,0
287413,0,1,2,1,-1,-2,-1,-1,-1,-1,28922,7713,677,41099,25129,-4338,9556,14178,15494,12300,3956,10205,0
158145,1,1,2,1,-1,-1,0,0,0,2,10364,52667,-1739,14335,9542,25092,16654,13669,13163,5014,10823,6277,0
546086,1,1,1,1,-1,-1,2,-2,2,-1,32777,18047,18880,1429,33160,-5811,20163,2694,15152,15924,5438,12132,0
435837,1,2,1,1,0,-2,-1,2,-1,-1,37586,1639,26914,-1491,29762,28495,15963,23047,19484,14874,8607,7004,0
214628,0,2,2,1,-1,-1,-1,0,-1,-1,12733,35505,-7899,8078,9982,10401,5675,9215,1928,3862,4435,2628,0
203496,1,2,2,1,3,2,-1,-1,0,-1,28190,32769,11586,23472,13223,15750,9196,22424,17268,14066,10229,5148,0
221247,0,3,1,1,0,0,0,2,0,-1,24597,21512,22553,-3341,9828,28012,19217,18887,9932,10134,14739,14077,0
190642,0,1,2,1,-1,-1,-1,-1,-1,-1,30041,16688,2128,30236,36191,-8165,11922,15976,13957,12470,11908,906,0
22241,0,2,2,1,1,-1,0,-1,-1,0,36343,-8667,28308,49968,-6037,19250,12584,19051,21595,18813,8821,12746,0
579690,0,1,2,1,0,-1,-1,-2,-1,-1,-5976,41148,27927,16308,26776,13123,20983,19049,14851,12622,14108,13411,0
542817,0,1,1,1,-1,-1,-1,0,-1,-2,47962,-3155,15844,-28530,-9373,45275,21279,11436,6584,6812,11493,16695,0
94436,1,2,2,1,0,2,-1,-1,0,0,15728,-17081,22252,12119,-1489,14721,8735,3233,12701,7759,4295,1792,0
300659,1,2,1,1,1,-1,-1,-1,0,-2,51966,19296,-8456,20284,6170,3511,12554,13090,12145,8664,12315,6908,0
373005,1,2,1,1,0,0,2,0,-1,-1,42617,-24209,24150,12660,5715,24401,9562,13196,17622,11752,4564,7738,0
114641,0,2,2,1,-1,0,0,-1,0,-1,62952,40967,23085,10026,19863,25887,23842,13750,22498,12342,13872,13997,0
48216,0,1,2,1,0,0,0,0,0,-1,40235,15379,9798,-4879,16923,20394,13880,6992,9900,7416,9640,10135,0
96916,0,2,1,1,1,-2,-1,-1,0,0,37487,2114,18475,4717,1267,39844,9990,6570,27101,11058,5711,10697,0
179662,1,1,2,1,0,0,-2,-1,0,-1,40969,8741,-17730,26185,7411,7809,5362,5892,4186,3766,10218,4849,0
311179,1,1,2,1,-1,-1,-1,-1,0,0,73455,-13298,-9912,-11131,15094,33470,15568,8006,10402,4143,7141,4533,0
487915,1,2,1,1,-1,-1,-1,-1,0,0,36390,-16545,-9048,11665,10810,6042,4686,3436,7764,5869,5316,3690,0
462075,1,1,2,1,1,2,-1,0,3,0,38126,-19623,25409,16616,19637,5558,3607,13455,15728,13761,7582,3032,0
348507,1,2,2,1,0,-1,2,0,-1,-1,12443,14875,18264,-10400,-4768,23602,9924,922,10253,2328,7219,6938,0
513748,1,1,2,1,-1,-1,-1,-2,-1,-1,35847,18125,11594,-5329,25335,10660,14741,10276,17754,13210,8019,3944,0
389923,0,3,1,1,-1,-1,-1,-1,-1,-1,-3365,-701,24178,307,1416,17139,5359,11572,11057,5800,2858,6587,0
71689,0,2,2,1,1,-1,-1,-1,-1,0,3063,23367,25555,13195,-12316,50208,7604,9053,20320,10140,9501,13515,0
99094,0,1,2,1,0,-2,3,0,0,0,41996,-14153,47742,-14325,31512,51505,18442,9639,21676,19023,12371,16005,0
252851,0,1,2,1,-1,-1,0,-1,0,-1,-1693,40085,4312,22581,4551,6262,19385,8259,7580,6880,16537,3286,0
113917,0,1,1,1,-1,-1,-2,-1,-1,-1,59570,-12685,10003,-9962,6654,16961,12698,755,6215,13834,2124,9915,0
368581,1,1,1,1,-1,-1,-1,0,-1,0,43692,25904,19,10819,7681,29773,18960,12946,13035,4527,13770,1640,0
290607,0,1,1,1,0,-1,0,0,-1,0,-6698,38408,9802,26924,27223,9422,19003,5611,13658,6718,12628,13817,0
279749,0,1,2,1,-1,-1,0,-1,-2,0,17597,34975,-30430,16574,9482,13202,14776,512,9942,35,11649,1039,0
53660,0,2,2,1,1,0,0,0,-1,0,26774,-8815,41058,-15806,-7907,63728,20589,9908,11837,7527,18677,6501,0
443953,0,2,2,1,0,-1,-1,0,-1,-1,6881,13511,21392,2949,11039,23439,12913,11623,12919,10267,10380,15113,0
43504,0,2,2,1,1,-1,-1,-1,0,-1,25563,30520,14531,22660,21503,36998,18130,17036,25729,13722,16776,13536,0
282103,0,3,1,1,1,-1,-1,-1,-1,0,45431,-8478,36895,-2581,-6537,62693,17757,15423,25636,10786,14861,10894,0
238161,1,3,2,1,0,-1,2,0,-1,-1,13765,32559,15244,-22853,-2930,33363,18598,3097,6134,3048,10609,2941,0
50270,1,1,2,1,2,-1,-1,0,0,0,33480,25352,13825,-1237,8129,58167,17940,9675,16765,11706,11349,7964,0
257582,0,2,1,1,0,0,-1,0,-1,-1,31980,3781,16838,23770,28410,-4744,6180,15769,15754,10870,1041,9407,0
165298,0,2,3,1,-1,-1,-1,-1,-1,-2,24303,15257,7418,16780,4624,27177,14770,12876,11968,7761,6087,14914,0
488909,0,1,1,1,0,-1,-1,2,-1,-1,35026,-21559,11761,-26433,19389,14151,8794,2981,268,2427,2366,2271,0
257691,1,2,1,1,0,-1,2,-1,3,-1,47275,-27967,5342,13787,-10172,19972,8960,5080,5197,10030,3101,2181,0
101602,0,1,2,1,3,2,0,-1,-1,-1,7947,11966,15327,22465,-744,3335,13856,14094,5343,11126,12872,1062,0
236139,1,1,2,1,-1,-1,-1,0,0,0,36113,2377,5424,16036,21229,20928,16759,12072,14615,13928,8951,12832,0
238120,0,2,1,1,1,-1,-1,-1,0,0,24274,25338,28216,16076,22288,51132,18248,9873,28370,13981,14703,19060,0
74242,1,2,2,1,0,-1,2,0,2,-2,25101,34593,14263,25325,13048,16741,15062,8632,17894,17494,8265,14464,0
280410,1,3,1,1,0,-1,-1,-1,0,-1,50644,-11421,48914,13286,-6836,42636,24424,16595,26415,19247,12432,19253,0
479944,1,3,1,1,-1,-1,0,2,3,-1,21870,3624,43393,-3325,9267,25632,12011,24879,15895,14201,3757,8868,0
335912,0,1,1,1,-1,-1,-1,-1,-2,-1,55693,20578,-2861,5220,5600,5139,12041,9829,15528,5809,6391,2477,0
61024,0,1,2,1,0,-1,-1,-1,-1,-2,16554,7574,33281,14966,17901,21096,12030,12505,16543,16668,9192,13656,0
600536,1,1,1,1,-1,-1,-1,0,-1,-1,-1279,11982,20943,6770,18872,-3071,10948,7165,7261,10253,6994,8475,0
510275,0,2,1,1,-1,-1,0,0,-1,-2,68191,30797,14577,4765,64445,36138,32836,13170,25218,27977,18937,26029,0
110693,0,3,2,1,1,-2,-1,-1,2,0,20400,2446,33505,-288,4006,50262,22936,11541,26098,6830,10342,16173,0
404635,1,1,1,1,-1,-1,-1,-1,3,-1,40341,-29482,18673,8490,1947,6790,1540,9610,8250,9718,458,1899,0
73300,0,2,2,1,0,0,0,-1,-1,-1,48446,29165,18902,52788,9460,16642,24161,17838,17238,15337,23617,12138,0
516421,0,2,1,1,-1,-1,-1,-1,0,0,4794,9118,21279,-33881,2517,31537,1781,8856,2674,1500,1661,11567,0
21529,0,1,2,1,-1,0,-1,0,0,0,27259,57819,-16864,41082,5957,2824,6317,8823,931,3051,1430,7867,0
296408,0,2,2,1,-1,0,-1,-1,-1,-1,11832,-1916,-14697,12284,-7760,-8463,1172,2550,2411,353,1321,10778,0
428931,0,1,1,1,-1,0,0,0,-1,0,-34146,1042,22166,5604,-4144,16080,5099,4678,3981,1296,2379,8893,0
202980,0,2,2,1,-1,-1,-1,0,2,2,-2414,-30813,20695,-35784,-3723,35158,945,1864,3828,396,1134,7860,0
481035,0,1,1,1,1,-1,-1,0,-1,0,-6783,-11451,12303,-2727,5689,23530,1321,5790,1656,6933,1799,5404,0
247596,1,2,2,1,0,0,0,-1,0,-1,16682,34251,11718,11912,8279,-14362,1823,6829,3095,332,217,6675,0
178392,0,1,1,1,2,-1,-1,-1,-1,-1,10043,2313,-3307,-7191,-2625,19518,807,7045,1020,736,793,8047,0
118446,1,2,1,1,0,0,0,2,0,-1,25111,2831,25145,-1631,-15373,11250,2474,6062,1158,2380,2128,2825,0
429672,0,1,2,1,0,-1,0,-1,-1,-2,-8110,2618,-5103,-3708,17250,-750,789,953,507,2987,3265,1393,0
511553,0,2,1,1,-1,0,0,0,2,0,-56939,14291,43611,-8605,-4670,6556,6766,4695,4489,448,2478,6162,0
204371,1,1,1,1,0,0,0,0,0,0,-2044,16135,18923,231,-11630,28308,1032,4023,8000,3575,1482,2919,0
438452,0,1,1,1,-1,-1,-1,0,0,0,1342,-15338,8376,-25997,-4146,41682,8387,9343,1486,566,1947,3897,0
34912,1,2,2,1,-1,-1,0,0,0,5,-3383,37227,4314,9352,-906,9140,1924,6276,702,3191,832,6520,0
277824,0,3,2,1,-1,-1,-1,-1,-1,-1,4197,-5831,-14381,-14136,-9803,22398,4466,990,1340,632,3789,6032,0
307799,1,3,1,1,0,0,0,2,0,-1,24714,19243,22278,-8239,3795,-6952,2665,14066,86,1120,23,10028,0
412202,0,3,1,1,-1,0,0,0,0,0,19423,10749,40279,-28819,19265,1318,1216,293,3732,4164,963,13294,0
284784,1,3,1,1,0,0,0,-1,0,-1,17387,26393,26937,859,-11635,1915,1434,5901,1920,195,4013,7200,0
57180,1,3,1,1,1,0,-1,0,0,0,58567,29736,23881,-8650,1153,25740,7365,12662,491,34,568,2512,0
343410,0,1,2,1,0,0,-1,-1,0,-1,2154,24548,9106,14666,-1161,-12927,1144,7422,4319,116,1857,4117,0
430547,1,2,2,1,0,0,0,-1,-1,0,33234,5550,37952,17109,-9540,6500,4509,7714,5401,1982,289,2811,0
337232,0,3,1,1,1,0,0,2,-1,0,29560,-18227,-3752,4214,16389,-235,3002,1161,669,813,2073,6234,0
192812,1,3,2,1,2,0,0,0,0,0,12218,8056,40485,-16005,-25224,43790,8712,15396,1808,286,266,3989,0
358858,0,1,2,1,0,-1,0,-1,-1,0,25496,31484,27282,946,7989,7114,2448,2664,2344,3037,3826,10169,0
191952,0,1,2,1,-1,0,-1,0,0,-1,11927,12915,-7984,23776,377,-5473,2912,10382,848,1100,1906,6798,0
253162,0,3,2,1,0,0,-1,-1,2,0,33385,6668,-5821,1916,1445,830,1890,655,198,498,2399,12880,0
382313,0,1,2,1,0,0,-1,-1,-1,0,40761,41964,101,11005,2006,3062,5556,10247,3379,1273,2001,12875,0
250804,0,2,1,1,-1,-1,-1,-1,-1,0,23636,-11580,11294,-44962,9613,26823,1776,1160,2017,533,1607,8307,0
236944,0,2,1,1,-1,-1,0,-1,-1,-1,-8252,-3377,17789,-6111,-22357,18566,1653,3130,3433,2434,272,8270,0
382938,0,1,2,1,1,-1,-1,-1,-1,-1,23430,-32672,17537,-20356,-32118,33106,266,12949,1901,1371,200,11606,0
252400,0,1,2,1,-1,0,0,-1,0,-1,27686,5403,30330,-29364,3076,17560,3519,7371,1499,633,38,13740,0
435565,1,1,1,1,0,0,0,0,-1,-1,10204,7775,38216,-19185,889,16668,2586,9357,433,2008,2017,6417,0
399188,0,2,1,1,-1,-1,-1,0,0,3,43064,-11725,6074,-14764,4918,15509,5756,8419,2896,290,3251,8581,0
347294,0,1,2,1,0,0,0,0,-1,-1,19585,29977,44936,-40644,15877,3,3923,16,0,1826,554,17047,0
372260,0,3,2,1,0,0,0,-1,-1,-1,-6610,1751,40903,2213,-38710,19376,6323,3228,8560,1213,3070,8444,0
620401,0,1,1,1,0,0,0,0,0,0,-36693,14969,58305,-20567,-2387,21332,2928,8746,4609,989,1313,5105,0
409320,0,2,1,1,-1,-1,-1,0,-1,-2,16186,-4641,-1713,8801,4602,19278,1371,7049,2787,1389,1178,5182,0
100171,1,2,1,1,2,0,0,-1,0,0,65166,44915,8899,6753,9650,3303,3418,3590,1506,1026,2800,5163,0
143207,0,2,1,1,0,0,0,0,0,0,30040,48928,-13304,38758,12343,-14425,3132,1447,1958,287,5364,6890,0
79826,0,3,1,1,0,-2,0,0,-1,0,-13839,37532,18954,36472,-7160,-5978,75,13645,466,5109,554,6726,0
256429,1,1,2,1,-1,-1,-1,-1,-1,-1,38523,-15675,-15123,-12034,-9918,24353,4388,1811,1728,3355,1536,3380,0
85863,1,1,2,1,0,0,0,-1,0,-1,4232,6976,3225,-5163,-815,19645,3021,6280,41,2052,764,959,0
302004,0,1,1,1,0,0,0,0,0,-1,18943,17237,24282,1234,1941,2021,3342,3823,1367,538,4798,5034,0
173348,1,2,1,1,-1,-1,-1,-1,0,-1,75721,-1802,-4907,-2261,7010,3311,606,974,2086,621,284,7566,0
244679,0,3,1,1,1,0,-1,-1,0,-1,-2046,1412,26463,-11461,5377,1620,731,270,4529,1975,1757,553,0
251608,0,1,2,1,-1,-1,-1,-1,-1,2,2047,14806,-15765,5673,3382,-10276,854,9262,1580,2340,821,2917,0
590758,1,1,1,1,0,0,0,0,-1,-1,29056,20064,53910,-21028,-1325,25322,7113,6363,5333,511,1350,3432,0
137168,0,2,1,1,0,0,0,0,-1,-1,-8248,4576,36474,-15491,-4127,20971,562,3399,1281,4472,77,7856,0
457600,0,2,1,1,2,0,-1,-1,-1,0,26105,17803,36852,-28137,181,3034,4560,8038,2843,2586,907,17640,0
296780,0,1,1,1,-1,-1,-1,-1,0,0,15481,-4399,-5744,4015,-423,7142,284,6079,3445,3539,2886,11235,0
163363,0,1,2,1,1,-1,-1,-1,-1,2,10453,4295,5871,11491,-18875,19502,1240,7336,3078,1205,2433,11783,0
312068,1,2,1,1,-1,0,0,0,0,0,-7806,38131,14840,18702,12461,-5606,3988,3630,1988,1441,2236,5619,0
222220,0,3,2,1,0,0,-1,-1,0,-1,47229,-17464,18877,-22831,-16311,22976,757,8608,1487,1240,2968,15267,0
432292,0,3,1,1,1,0,0,-1,0,2,-6315,23980,14806,-3326,-1252,-8006,1488,5672,2684,3093,3677,10749,0
83268,0,2,1,1,-1,0,-1,-1,-1,-1,19395,10451,7015,-13619,-6486,1595,3047,4835,3641,423,137,6133,0
327419,0,2,1,1,0,0,0,-1,-1,-1,-7237,5684,14268,4055,-6449,-12625,2918,4365,942,743,2629,12449,0
222716,0,2,1,1,0,0,0,-1,-1,-1,33484,33200,-7588,33677,-9999,353,2138,8758,17,3155,1567,3866,0
123691,1,1,2,1,0,0,0,0,0,-1,36027,32415,18371,11841,-2315,6482,4567,4684,164,1874,3242,5939,0
457540,0,1,2,1,-1,-1,-1,-1,-1,-1,12053,-5809,9635,-40390,3430,15658,2622,13410,579,1382,827,21096,0
189384,0,1,2,1,1,-1,-1,0,2,-1,39122,-8503,-3967,-19359,10945,4688,2155,1621,1538,735,2255,478,0
50035,1,2,1,1,0,0,0,0,-1,-1,32545,41616,19150,-306,3751,-3814,4699,673,2190,2362,223,3051,0
558173,0,2,1,1,2,-1,2,-1,-1,0,20804,-7579,5470,10654,1060,10474,3358,5597,2726,930,3676,5896,0
315426,0,2,1,1,3,-1,-1,-1,-1,0,17915,-7789,-9404,30078,-46650,28724,4011,12871,5733,924,3411,4730,0
134152,1,3,1,1,0,0,0,0,0,-2,14994,29132,40560,-3925,-23573,16436,3499,5143,313,2005,109,17213,0
335832,1,1,1,1,-1,-1,0,-1,0,0,-9657,12354,4757,-8010,9454,8466,593,6965,1888,1198,1669,10741,0
273614,0,2,2,1,0,-1,-1,-1,0,2,15696,31128,6837,-14752,2309,9560,6929,3278,5767,302,909,10438,0
222769,0,2,1,1,0,0,0,0,-1,0,-42,31497,21273,3434,-2558,5864,5167,2308,1446,397,3544,4571,0
317932,0,1,2,1,-1,-1,0,-1,-1,0,23308,-2562,-6606,10051,-9230,35769,5089,3416,1992,2471,3619,2333,0
290231,0,2,1,1,0,0,0,-1,-1,-1,44573,-3902,19876,5396,-5867,11630,787,493,1733,4593,1536,4790,0
129859,0,2,1,1,-1,-1,0,0,0,0,8249,34092,-2057,-529,8913,3483,4923,6238,773,211,5835,9620,0
716868,0,3,1,1,0,-1,-1,0,-1,0,15921,-16451,41947,-52962,19181,22115,648,3686,424,6059,967,25532,0
156166,0,2,2,1,-1,-1,-1,-1,0,2,-5818,33398,-10008,5459,12720,-12268,3681,3791,812,760,2007,11577,0
372805,1,1,2,1,-1,-1,-1,0,0,-1,-2232,14433,1567,3838,1381,6420,2517,9325,1079,1385,1850,5407,0
403196,1,1,2,1,2,0,0,-1,-1,-1,11276,-3137,19796,-16425,3392,2964,2171,2819,3558,1441,1392,9772,0
362946,1,1,2,1,-1,-1,-1,-1,0,-1,9008,-24155,-9579,549,-8841,10248,1777,5327,4582,3066,2471,3992,0
203734,0,1,2,1,-1,-1,2,0,-1,0,-35984,5101,-24085,21054,-5617,22138,2783,3809,2700,155,2490,1805,0
192155,0,1,1,1,-1,-1,-1,0,0,2,-21337,25306,7939,3142,5237,2855,662,3837,1031,1270,4399,11022,0
12644,0,1,1,1,1,-2,-1,-1,-1,0,55194,-568,20009,6715,-10424,9112,27,10343,251,7186,2088,11653,0
166105,0,3,1,1,0,0,0,0,0,0,54567,25261,6602,34851,16319,-7380,2025,1849,402,2618,2176,2797,0
496306,0,3,1,1,-2,-1,-1,0,0,0,14236,-7235,19534,17594,9233,2662,4531,10778,5686,1937,419,7629,0
116501,0,2,2,1,0,0,0,0,-1,-1,-2048,47514,26624,-10670,-8948,17826,2384,3405,337,1138,4147,6924,0
289897,0,1,1,1,-1,-1,2,0,-1,0,20924,5494,16548,-24538,23780,1510,3464,592,1658,4372,71,9399,0
443696,1,3,1,1,-1,-1,2,-1,-1,2,-9816,-1932,-16658,-6300,1776,11035,6418,508,737,278,2819,7079,0
403060,1,3,1,1,-2,0,0,0,0,0,23390,55969,19562,37745,6225,954,6523,15366,1099,3199,6768,8937,0
296347,0,2,2,1,2,0,0,-1,0,0,17769,-8383,49828,-2257,-4591,28946,3640,3003,6342,488,4021,8244,0
599147,0,2,1,1,0,0,0,2,-1,-1,-7270,-12711,18046,19139,-5063,4035,619,6988,2882,6291,749,835,0
505128,0,2,1,1,-1,-1,-1,-1,-1,0,33679,-36782,16379,-18277,-8053,23965,2815,10302,439,1801,925,15697,0
198516,1,1,2,1,0,-1,0,-1,0,-1,-26740,22899,7565,37063,-18986,3295,4304,6373,911,2704,5401,3032,0
144655,1,2,2,1,0,0,-1,0,0,3,11952,6178,21751,-16843,7373,11259,3021,2463,2291,4395,581,7346,0
33046,0,1,2,1,2,-2,-1,-1,0,-1,17710,8399,-19495,23178,-10092,10337,2404,8556,2904,94,1612,2556,0
191884,0,1,2,1,-1,-1,-1,0,0,0,15237,13469,-20499,24134,12022,-7558,4941,10872,495,2285,508,8444,0
309217,0,3,1,1,2,0,0,0,2,0,22791,22543,38577,-12175,7520,5329,2756,1674,2567,428,2997,9025,0
351123,1,1,1,1,2,-1,-1,0,-1,0,1104,1297,43306,-6661,-6304,10969,2372,9968,754,4131,2364,5464,0
571711,0,3,1,1,0,-1,-1,2,-1,0,40137,-32485,13412,-21679,-8544,27855,3757,13681,1955,473,2446,12875,0
291715,0,2,1,1,-1,0,0,0,0,0,-4722,7458,25745,3700,2394,6338,1748,7211,2742,3195,1921,3950,0
330306,1,1,1,1,0,-1,0,-1,0,-1,39263,4283,-24270,28930,-9357,3755,4058,8167,818,1165,2431,5096,0
286652,0,1,1,1,0,0,-1,-1,-1,0,45948,33823,3614,39192,1312,-7859,1555,6766,2757,6275,3122,5920,0
317287,1,3,1,1,0,-1,-1,0,0,0,-6076,16213,26044,-21643,11890,20383,357,10145,861,7459,142,881,0
332055,0,3,1,1,-1,-1,-1,-1,-1,0,16523,-30597,3301,-5182,-14500,26899,6577,4477,3301,1177,2335,4578,0
225839,0,3,2,1,2,-2,-1,-1,-1,-1,10344,3500,2924,-15726,-23186,32600,4555,13147,1320,710,82,8497,0
192504,1,1,1,1,0,0,0,-1,0,-1,36368,20683,3110,17678,-18938,-1795,1182,8851,1559,3947,1061,10030,0
177826,0,5,2,1,-1,-1,0,-1,0,-2,50889,7765,-20417,28457,-2739,683,4388,11665,161,1938,1354,8688,0
202956,0,2,1,1,-1,-1,-1,-1,0,-2,33067,25774,21236,-22206,11847,16549,2839,4529,3867,2972,1685,6098,0
351904,1,1,1,1,0,0,0,0,0,0,55507,34275,47269,-1082,-8796,16944,8912,8984,1613,826,667,11658,0
216022,0,2,1,1,-1,-1,-1,0,-1,-1,36305,6494,-24986,4503,14541,-6303,2479,4865,213,2429,208,2462,0
113776,0,2,1,1,1,0,-1,-1,-1,-1,10465,1977,47696,-46345,-13165,40715,1162,1389,1678,1285,2087,12184,0
325802,0,2,2,1,0,0,-1,-1,0,-1,42445,-1736,16759,17836,-29339,3761,3973,13922,1805,898,4109,18183,0
478373,1,1,1,1,-1,0,-1,-1,0,0,67592,-4952,-10856,13220,4170,-10113,7371,2607,2514,171,2358,4856,0
109763,1,3,2,1,0,-1,0,-1,0,-1,-6033,-11452,10369,1819,-1464,16355,2191,1191,2312,584,2138,4329,0
266484,0,3,1,1,-1,-1,0,0,-1,0,13515,21573,-22357,22493,11229,1225,4503,8650,2502,787,1334,2839,0
202196,0,3,1,1,0,0,0,-1,0,0,57760,37796,-573,33741,5423,-7309,3170,1627,4027,4116,4476,3422,0
377495,0,1,2,1,-1,-1,-1,-1,-1,-1,32969,8307,-13550,-4652,-1771,5294,5483,6376,1142,1024,2367,7726,0
296173,0,2,2,1,1,-1,0,-1,-1,0,-1207,2554,-2707,41059,-15124,-375,2068,4239,649,3933,3518,971,0
405373,0,1,2,1,-1,-1,-1,0,-1,2,3821,-13965,665,-25369,-8396,30077,3530,2686,1779,2892,2735,9448,0
49895,0,2,2,1,0,0,0,0,0,0,-9599,57671,-2254,70385,1060,-31103,2088,3371,2704,2207,1700,183,0
292286,0,5,1,1,-1,-1,-1,-1,-1,-1,8712,-22715,-34434,27396,-12981,8220,3382,2652,3122,1213,4991,2696,0
256879,0,2,1,1,2,0,-1,-1,-1,0,53721,40932,23040,13223,-16544,12982,5818,15771,1864,67,209,13849,0
110891,1,2,2,1,-1,-1,2,0,-1,0,-17603,8367,48494,-6871,-2731,19004,2829,4641,906,1636,587,6052,0
258880,0,2,2,1,-1,-1,0,0,0,0,12633,4065,-5713,33653,5361,-14324,4123,7026,1223,525,4694,7052,0
326005,1,2,1,1,0,0,-1,-1,-1,-1,54044,46530,25336,-44269,-14364,12527,5506,3623,2621,185,2959,15721,0
136374,1,2,1,1,-1,-1,-1,-1,-1,-1,4250,22909,4119,-32606,-7990,30287,291,714,2917,90,4484,3660,0
283008,0,1,2,1,0,0,0,0,-1,0,-4652,37868,33643,5520,13389,7577,4529,3201,1259,2191,2391,5321,0
678317,0,3,1,1,0,-1,-1,0,0,0,-4712,9945,52325,-30751,13793,-4710,6565,1932,3934,1153,3575,20575,0
379296,0,1,1,1,0,0,0,0,0,0,23336,-10585,29884,4942,-877,14247,3652,5354,4182,907,4318,8861,0
29759,0,2,2,1,-1,-2,-1,-1,0,0,42377,20967,-50250,55495,5161,695,1979,11433,561,2736,1936,89,0
101513,0,2,1,1,1,-1,-1,-1,-1,-1,50065,38394,-1617,15085,-19639,3389,2813,9652,1140,414,3875,2549,0
470522,0,1,2,1,-1,0,0,0,-1,-1,39429,39489,19591,11780,8797,-7928,7008,11121,268,254,225,12322,0
158998,0,2,1,1,-1,-1,2,0,-1,0,9198,14746,-18485,36504,1191,1306,1859,9252,1296,2732,425,3950,0
441401,0,2,1,1,0,-1,0,-1,-1,0,16118,-5112,5472,11354,2874,18318,1554,7607,1553,2059,3139,2762,0
491825,1,1,1,1,0,-1,-1,0,-1,-1,20377,7556,3043,-27073,18603,15705,2713,700,3387,635,1930,8536,0
33307,0,3,2,1,1,-1,-1,-1,0,0,10644,-8491,15393,7966,-35959,40938,620,10705,3369,3109,1308,1547,0
170042,0,1,2,1,-1,-1,-1,-1,-1,0,2200,-31788,20712,-1755,-13749,17829,1469,2250,2805,4257,4333,3361,0
392647,0,1,2,1,2,0,-1,-1,-1,-1,-77,-8764,35674,-37189,-4877,19526,4743,2230,2504,1821,3148,19465,0
278799,0,2,1,1,-1,0,2,-1,-1,-1,6553,34151,-19854,19513,-6996,-25266,6400,811,1682,209,3285,3106,0
355295,1,1,1,1,-1,-1,-1,-1,-1,0,13210,-20575,2293,-21300,7361,32893,35,795,3701,4796,765,6317,0
223161,0,1,1,1,-2,0,-1,0,0,0,-1791,37318,-9370,22170,12672,-14454,1488,11360,2457,2066,2171,8622,0
330618,0,2,1,1,-1,-1,0,-1,0,2,-297,36351,-6369,12346,10416,-11499,6394,4757,813,662,2887,12905,0
38931,0,3,2,1,-2,0,-1,0,0,0,-4882,16154,-80,12252,-817,1901,1065,7033,1448,4071,93,6445,0
173214,1,3,2,1,1,0,-1,0,0,2,14842,12175,7409,8386,4028,8546,203,3478,1226,2057,2377,7091,0
332118,0,1,2,1,0,0,0,0,0,0,6275,9968,44331,-38224,41762,14314,3348,2597,3688,2372,1373,12384,0
359014,1,2,2,1,0,0,0,-1,-1,-1,8876,7301,26431,-9979,-585,8552,292,3643,2845,1430,1605,3925,0
141951,0,2,2,1,-1,0,-1,-1,0,-1,21080,31911,-9142,21477,26202,8253,8133,6800,10297,5474,15782,7915,0
239005,0,2,2,1,1,-1,-1,-1,-1,0,16914,9055,10985,25985,12479,13369,5884,4145,6673,9555,15769,4967,0
311152,1,1,2,1,-1,-1,-1,-1,-1,-1,-3509,26189,-18367,-10678,29227,4239,10567,6138,11859,19047,5784,9333,0
214725,1,2,1,1,-1,-1,0,-1,-1,-1,-41795,55730,7033,29552,11155,9228,13216,11161,11359,5968,19020,7741,0
63438,1,1,2,1,0,-1,-1,0,0,0,113671,49140,22461,72697,57994,30400,3860,18127,4100,10076,7816,7836,0
230759,0,2,1,1,0,-1,-1,0,-1,0,51714,65862,18265,28459,49316,37303,12887,13352,14811,15325,18751,3254,0
222025,1,1,1,1,-1,-1,-1,0,0,-1,21137,19480,26521,15942,46928,31165,2435,13973,19372,10668,13422,3021,0
121519,0,2,1,1,0,0,2,0,0,0,42386,28066,10193,29484,41201,-9121,168,12742,91,5163,2572,8945,0
12932,1,2,2,1,-1,-1,-1,-1,-1,-1,5679,29983,-23655,25359,-7039,19951,9962,8764,10716,10685,11251,5130,0
231532,0,1,2,1,-1,-1,0,0,2,0,40897,26079,17749,15588,29602,46052,9256,13202,4028,8345,14825,7666,0
133735,0,2,2,1,0,0,0,0,0,0,8773,42609,1843,25101,16025,38547,10355,4114,6777,2651,10529,11011,0
129101,1,2,1,1,0,0,0,-1,0,-1,33920,10696,3425,31915,9720,33351,5499,8961,13987,4560,8741,7754,0
178974,1,2,2,1,0,0,0,0,0,0,16821,42067,34059,18442,10762,56558,10443,925,11674,5761,12047,537,0
659098,0,1,1,1,-1,-1,-1,-1,-1,0,33069,-23028,19068,21323,11458,31499,1676,21091,13367,5332,1748,1643,0
105279,1,1,2,1,0,0,-1,-1,-1,-1,66828,77897,-15923,58391,69137,-16849,8647,2244,16981,21322,7313,7606,0
337059,1,1,1,1,0,-1,-1,-1,-1,-1,39291,38671,8422,9895,17981,7989,5999,10562,1915,3215,7659,3519,0
63016,0,1,2,1,-1,2,-1,-1,0,0,8762,11409,-9016,43281,19936,5772,4493,21509,7916,7911,7990,7913,0
354138,1,2,2,1,0,-1,0,0,-1,0,32748,58570,9344,30130,69440,25654,18182,11706,8125,15581,17403,13097,0
142763,1,1,2,1,0,0,-1,-1,-1,-1,82163,20069,74461,23713,2852,58832,530,27229,20282,15612,6578,8,0
447997,0,1,1,1,0,-1,0,0,-1,0,8805,19519,25872,31485,14734,42253,17378,5771,3402,11049,15827,3341,0
369256,0,1,1,1,0,-2,3,0,-1,0,92257,85075,6134,73464,55776,65397,22995,11294,15573,21061,19215,10851,0
128418,0,2,2,1,-1,-1,-1,-1,-1,0,-25884,2103,31176,-18838,5052,30456,10840,7975,7005,9616,7724,6582,0
302844,1,1,1,1,-1,-1,-1,-1,0,0,49634,37375,6260,32401,63555,22876,9941,9749,12419,19624,14214,12948,0
117971,0,1,2,1,-1,-1,-1,-1,0,0,46361,23603,-10325,32051,67732,-22353,7001,7380,12819,23956,9859,4033,0
123684,0,1,2,1,0,-1,0,0,-1,0,78006,42219,26520,30525,47302,26356,6569,4510,5537,19747,2319,8580,0
206951,0,1,2,1,-1,-1,-1,-1,-1,-1,27040,27186,20238,17589,8743,37694,15597,31922,13421,5963,20016,8263,0
614356,0,1,1,1,-1,-1,0,0,0,0,33480,49643,6597,54552,46884,31363,11565,13706,16376,12915,14313,5046,0
117152,0,2,2,1,2,-1,-1,0,0,0,19425,-10393,12550,6188,29239,61543,12943,9583,7687,14859,13468,8374,0
393665,1,2,2,1,-1,-1,-1,-1,-1,-1,-8425,-18754,43755,28771,-15324,34883,12549,34610,14026,1461,19157,4973,0
34461,0,2,1,1,-1,-1,-1,-1,-1,-1,-6452,40603,-2443,-1492,25179,24855,14052,2034,20250,19169,18506,11625,0
55340,0,3,2,1,0,0,0,0,0,0,55894,74194,22193,60498,26021,34071,11002,10740,9010,12312,8313,4319,0
223612,1,2,1,1,-1,-1,0,0,0,0,55773,60864,-12101,65905,48369,24863,17644,16216,9804,2499,11566,3959,0
312731,1,2,2,1,-1,-1,-1,-1,-1,-1,-295,20850,-7523,2699,23917,6474,5493,16235,7274,4862,7045,6398,0
254263,1,1,1,1,-1,-1,3,-1,-1,-1,19062,19260,-18168,27292,9118,3879,9263,2221,2524,3877,2360,3899,0
307324,0,2,2,1,-1,2,-1,-1,-1,-1,56875,45917,15856,46694,19088,-9142,3811,20755,249,10673,8414,3694,0
330912,0,1,2,1,-1,-1,-1,0,0,2,27549,36765,12896,38920,31087,-712,9329,23532,3685,5503,15245,7699,0
236497,1,2,2,1,-1,-1,-1,-1,0,-1,25646,36787,23676,61461,15406,12932,10147,24860,17315,1267,13787,3157,0
169577,0,1,2,1,-1,3,-1,-1,-1,0,18239,52680,16454,36227,36352,14670,12438,16045,12754,13769,8923,10331,0
169907,1,2,2,1,-1,-1,0,-1,-1,-1,-9720,34985,27337,3927,26109,14205,10857,14984,4259,4287,13981,11378,0
193570,1,3,1,1,0,-1,0,0,0,0,192,34310,37117,12146,21873,16325,5029,2817,958,4792,3911,7325,0
259418,1,1,1,1,3,2,0,0,0,4,41204,47189,37694,35612,17945,44447,4571,19390,16987,5749,10830,3306,0
305796,0,1,2,1,-1,-1,-1,0,0,0,-25720,-6947,8791,-3037,42268,6885,3069,11326,8714,7012,8315,8453,0
302404,0,2,1,1,0,-1,0,0,-1,0,43962,19244,-332,57130,39463,26960,8365,8166,7824,13302,9922,7181,0
234641,0,1,2,1,-1,-1,-1,-1,-1,-1,17380,17025,42698,22486,19859,48617,8346,20846,13278,13192,19868,11956,0
239724,0,2,1,1,0,0,0,-1,-1,-1,34230,40025,48457,17773,-4591,31129,817,6117,3511,3108,6649,4972,0
205490,1,3,1,1,0,2,-1,-1,-1,0,62455,49202,2640,3883,10427,4568,6300,4329,2272,7328,6154,4854,0
267354,1,1,2,1,0,-1,-1,2,-1,-1,33978,-24287,21683,-3231,12563,21012,2286,4388,4945,3707,5533,2073,0
114596,1,2,1,1,-1,-1,0,-1,0,-1,-539,51694,-12226,19008,7027,2790,9505,4889,6472,3549,11520,6552,0
378463,1,2,2,1,-1,-1,-1,-1,-1,-1,51843,37348,18223,31365,14277,-13651,7686,28644,2967,769,6417,4205,0
389900,1,2,1,1,0,0,-1,0,0,0,31929,27131,56075,4374,36305,60991,4551,9062,19682,12084,13315,11894,0
42717,1,1,2,1,-1,-1,0,0,-1,-1,-793,25916,-14045,48916,45557,29865,11153,7145,19497,17118,22363,13712,0
337182,0,2,2,1,-1,-1,-1,-1,-1,-1,-21323,14223,29810,14573,16301,12230,6278,11487,8990,7204,10914,8955,0
215618,1,2,2,1,-1,0,0,-1,0,0,9036,40569,30190,30901,31044,17997,1322,14428,16487,7416,3708,10237,0
130642,1,2,1,1,-1,0,-1,-1,-1,-1,14203,34579,-8400,15133,11131,25139,6972,1468,10302,8296,12819,7605,0
278969,1,1,2,1,0,-1,0,-1,0,-1,-10281,57575,-8879,31786,31229,-8393,5816,1723,5874,4571,10203,4634,0
145313,1,2,1,1,-1,-1,-1,-1,-1,-1,-32524,15928,-9043,18279,-81,-21603,6120,4969,557,2462,8701,5736,0
366264,0,1,2,1,0,0,0,0,0,2,56351,52530,52171,41532,31419,41700,6731,17776,1742,4580,2248,31,0
64460,1,3,1,1,0,0,0,-1,0,0,53113,41566,4617,11968,13946,2968,988,4598,3644,2390,1166,307,0
178254,0,1,1,1,-1,-1,-1,-1,-1,0,31610,32145,15976,-3579,22243,71853,17081,9748,17258,14664,19204,13220,0
263997,0,1,1,1,-1,-1,-1,0,0,-1,16795,-12489,47084,27514,4186,34787,7740,36793,10857,1568,17341,10768,0
414224,0,2,2,1,-1,0,-1,-1,-1,0,32568,26631,810,8020,45959,-2951,6276,5388,6166,19665,740,7089,0
269910,0,1,2,1,-1,-1,-1,-1,-1,-1,36355,34274,10741,19324,13484,14054,7954,14355,3600,11158,5583,802,0
267706,0,2,1,1,-1,-1,0,-1,0,0,39528,18416,12335,19240,-2033,24872,13004,12379,5685,1841,12466,3432,0
293594,1,1,1,1,-1,-2,-1,0,0,-1,31162,48851,45670,44892,30195,30015,3078,27315,10717,7682,14383,3243,0
45631,0,2,2,1,-1,2,-1,-1,-1,0,16342,-5039,7395,23880,33900,17473,5630,14525,7950,16540,11840,11566,0
251300,0,1,1,1,0,0,-1,-1,-1,-1,58564,40227,14773,42336,13568,15405,4899,1262,6518,10181,9828,654,0
343875,1,2,1,1,0,-1,2,0,-1,0,20643,-981,-2034,39615,26125,20210,9459,13430,8256,11899,9748,5743,0
83513,1,1,1,1,0,2,0,-1,0,0,38751,27623,7059,39208,34982,22313,5257,3764,11472,15678,7431,5844,0
261314,0,3,2,1,0,0,0,-1,-1,-1,-2827,34536,1762,26039,16702,-6432,5816,4693,3643,7586,5958,10154,0
275013,0,1,1,1,0,0,0,0,-1,0,28535,54444,19557,36249,47677,15454,11248,2044,11024,17320,17258,13125,0
403322,0,1,1,1,-1,-1,-1,0,0,0,-854,9839,21392,16731,33254,-1735,3622,25137,5809,8104,14565,7317,0
277326,0,3,1,1,1,-1,-1,0,0,0,5300,22017,60105,34211,32379,66914,10765,34947,20886,10868,19577,6587,0
387543,0,1,1,1,-1,-1,-1,-1,0,0,15014,20712,40128,8288,23308,67772,12789,22097,21507,12538,13972,3618,0
314361,0,2,1,1,0,-1,0,-1,-1,0,51140,39003,19449,37398,28603,8567,5510,13501,7979,8208,3400,1576,0
81099,0,3,1,1,0,0,0,-1,0,-1,50832,66888,-22458,61917,40314,-9364,577,12486,13079,17046,6185,6729,0
321003,0,3,1,1,-1,-1,-1,-1,-1,-1,-30705,-12138,34233,-17917,3411,42195,10943,16350,11850,8975,24514,18200,0
333568,0,2,2,1,-1,-1,-1,-1,-1,-1,28590,13164,13963,12705,11291,39032,15538,18135,13134,4156,15998,7639,0
263981,1,1,2,1,-1,-1,-1,-1,-1,-1,-14114,-10050,15926,-24128,-4239,37859,10433,1822,4442,14769,8292,9828,0
127892,0,3,1,1,-1,-1,-1,-1,-1,0,-41907,31773,-6626,43136,11650,22825,10513,14676,13865,11621,20390,5766,0
91545,1,2,1,1,-1,2,0,0,0,0,25690,77889,-9840,46627,28528,60794,12985,11686,11879,4904,27305,11158,0
213635,1,1,2,1,0,-1,0,0,0,0,33613,60337,9179,42741,39977,17142,5138,15734,5780,10118,10902,8097,0
308301,1,2,2,1,-1,-1,0,-1,-1,-1,35403,37448,4442,21642,27455,496,10042,15718,9485,8579,3901,7615,0
137590,0,3,2,1,-1,0,-1,0,-1,-1,6701,31049,17325,2862,20165,14644,6379,7169,7330,8513,1165,8082,0
44396,0,1,1,1,-1,-1,0,-1,0,-1,-31156,5413,5580,21725,4834,15850,4806,14350,2152,5860,15793,8306,0
455604,1,1,2,1,0,2,-1,0,0,0,32799,15498,-5384,59934,58505,-1614,2354,6639,8266,11469,3468,5171,0
123192,1,1,2,1,-1,-1,-1,-1,-1,-1,20664,3472,9791,24545,31282,32645,8397,13320,14259,17187,11533,12982,0
142494,0,2,1,1,-1,0,-1,-1,0,-1,-6,17004,629,5597,4949,12074,12162,8190,5217,8276,7188,6322,0
166999,1,1,2,1,0,0,-1,-1,-1,-1,11187,72726,53169,7954,15786,9917,4491,8778,11520,6536,13038,4505,0
67656,1,2,2,1,-1,-1,-1,0,0,0,28125,-6105,25523,-1702,48242,37938,7928,6058,4098,12554,10956,9294,0
394452,0,1,2,1,-2,-1,-1,-1,-1,0,30383,4911,-9902,61024,48465,16016,9921,18766,10041,22113,17414,12735,0
498364,1,1,1,1,0,0,0,0,0,0,74338,58358,12889,52536,57285,20200,6627,373,12250,16554,7652,2730,0
122950,1,1,2,1,0,0,0,0,0,0,26749,44712,-4945,41781,43414,23576,13897,7511,5731,18318,10610,8495,0
56793,0,1,2,1,-1,0,-1,-1,-1,-1,13487,14037,-750,29482,45770,21587,9935,14435,11641,24608,24435,23463,0
487788,1,1,2,1,0,-2,-1,0,0,0,70283,25615,20094,65647,23973,27922,8830,26083,14951,4383,12226,8616,0
386441,1,2,2,1,-1,-2,-1,-1,-1,-1,44023,36768,16706,105915,-9271,17063,12323,31264,19169,5021,19379,6865,0
341927,0,1,1,1,1,0,-1,2,-1,0,30254,-4103,33476,6399,19903,38240,1486,14592,6253,11888,11283,9394,0
62190,0,3,1,1,0,-1,0,0,-1,0,43631,15827,41148,5987,17545,48448,12409,5348,2523,11191,10894,4067,0
317861,1,3,1,1,0,0,0,-1,-1,-1,57792,42810,50119,38904,4890,32308,3785,7347,13120,10149,16163,6741,0
399454,0,1,2,1,0,0,0,0,0,0,42488,60322,31766,80380,55758,63486,6209,14066,15682,19400,13101,8319,0
318364,1,3,1,1,-2,-1,-1,-1,-1,-1,-20068,20552,19123,12324,-9808,-18227,2027,19694,7192,4667,2807,2254,0
123242,0,2,1,1,-1,-1,-1,-1,0,-1,17892,25228,8826,58805,9246,31528,9949,30213,10691,1978,21570,14372,0
269619,1,1,1,1,0,0,0,-1,-1,-1,17692,47012,2808,15585,-142,17688,9912,258,13577,2597,5431,933,0
749421,0,1,1,1,0,0,0,2,-1,-1,37276,70436,-3301,68776,32228,30463,18167,6072,10171,2803,15566,11636,0
145490,0,1,2,1,2,-1,-1,-1,-1,0,40928,19955,30476,44724,2963,37263,4184,23881,7172,6340,5288,2069,0
240168,0,1,2,1,-1,0,0,-1,0,0,40710,25799,-37326,46848,53121,35305,9148,10673,16007,11804,11827,12783,0
225113,1,1,2,1,-1,0,-1,-1,-1,-1,11269,12750,14265,5994,7735,2810,1871,8199,7182,11212,9865,8365,0
275914,0,2,1,1,-1,-1,2,-1,-1,-1,13531,8997,37140,-631,18638,17731,7099,5208,8304,12554,7219,8587,0
319363,0,2,1,1,-1,-1,-1,0,0,0,33967,-3100,31169,35183,24212,45883,10956,24018,8456,7752,15441,8483,0
195013,0,1,3,1,-1,-1,-1,-1,-1,-1,-9573,156,18144,14330,11490,21550,13243,10977,6509,11173,11046,9899,0
419751,0,1,1,1,0,-2,-1,-1,-1,0,18579,39439,12704,32572,17356,17984,418,8707,15412,4132,5052,1006,0
188717,0,2,2,1,0,-1,0,0,0,0,23039,56197,8189,76788,53865,25831,10378,13908,9340,7510,14917,6384,0
118408,1,2,3,1,-1,-1,0,-1,-1,0,-1834,10345,19675,615,52090,36697,8197,3103,14823,29644,14597,17168,0
272637,0,1,1,1,1,-1,-1,0,0,0,32880,50813,11718,33272,29146,28277,12663,14500,11696,7178,17152,3858,0
269756,1,3,2,1,0,-1,-1,-1,-1,0,28074,3568,354,54957,21953,34506,5574,15532,14010,14524,16496,8270,0
181980,1,2,2,1,0,0,0,0,0,0,17723,53686,77417,31440,57940,61168,812,15347,8522,6392,11740,12577,0
299819,0,1,2,1,-1,-1,-1,-1,-1,-1,34384,689,-18332,9020,9531,1461,12420,3467,4519,4030,6322,5705,0
178402,0,3,2,1,-1,-1,-1,-1,-1,-1,-5662,22254,9961,-12864,10036,27028,16407,13118,9440,13261,16178,21096,0
367539,0,3,2,1,0,-1,0,0,0,0,32240,60895,62246,57364,47539,61238,12799,24281,17446,8387,19180,8319,0
229494,0,2,1,1,-1,-2,-1,-1,-1,-1,41845,28281,870,34585,-16406,3584,11616,5356,6304,7782,6014,503,0
114413,0,3,1,1,-1,-1,-1,-1,-1,0,-6543,28308,-27069,13829,3166,14300,10307,7377,9676,15036,8665,5773,0
206500,1,3,2,1,0,0,-1,-1,-1,-1,45039,45618,3756,32176,29818,35455,10439,5678,17959,21008,12754,8433,0
185993,1,1,2,1,-1,-1,0,-1,-1,-1,24418,39012,-17056,9887,30395,-15129,12225,3750,5826,9567,2257,3608,0
278311,0,2,2,1,-1,-1,-1,-1,-1,-1,399,21185,212,39082,6963,7446,3912,8175,8265,8367,13699,4649,0
406918,0,2,2,1,-1,-1,-1,-1,-1,-1,-37621,-26815,22719,-2065,-10493,37094,12077,37992,11915,1217,19395,8657,0
308822,1,2,1,1,-1,0,-1,-1,-1,0,24773,20867,4835,32256,45135,31374,9131,7012,18207,20115,22687,16403,0
211974,0,1,2,1,-1,-1,-1,-1,-1,-1,1751,40147,-5488,28674,27954,25611,19909,12177,12929,12167,19656,13921,0
357870,1,1,2,1,0,2,0,0,0,0,48326,71912,31312,39135,38520,36750,7016,21228,4303,5251,7807,4226,0
474663,0,2,1,1,-1,-1,-1,-1,-1,0,19094,13981,9337,20223,10864,22191,15253,14493,9256,4603,13208,6372,0
179897,1,3,1,1,-1,-2,-1,-1,-1,0,44148,44781,-14016,45383,11422,5252,11570,14742,9295,12243,5236,13555,0
62806,0,1,2,1,0,0,-1,0,0,0,34261,36275,7687,62384,55801,47398,9722,22351,25465,22191,18485,12596,0
301128,0,1,1,1,-1,-1,-1,-1,-1,-1,17307,14012,38008,10416,8782,45699,16293,26775,6054,19295,18916,9456,0
372150,1,2,2,1,-1,-1,-1,-1,-1,0,3725,22200,33643,4532,23857,15208,6432,18855,9896,14718,20609,13518,0
38246,0,1,2,1,-1,-1,-1,-1,0,0,59565,18893,-14915,19552,44851,29733,11385,1587,7517,23340,12701,3720,0
270119,0,2,1,1,-1,0,-1,-1,-1,0,41439,55144,-3059,57934,52943,28941,19172,3054,22639,28794,19141,15348,0
11529,0,1,1,1,0,0,0,0,0,-1,9430,28217,46429,36734,-4398,28568,1789,10306,3069,5655,16810,6659,0
177403,0,1,2,1,-1,-1,-1,-1,-1,-1,32422,17524,-10572,25918,7054,1356,9410,22555,1614,4315,7394,6702,0
175263,0,2,2,1,0,0,-1,0,-1,0,51689,55533,73082,32824,27743,48700,9371,21112,16769,12539,6786,7438,0
410295,0,1,2,1,0,0,-1,-1,-1,-1,4659,37753,34135,19311,24875,-1673,1231,10172,6929,21929,9456,8366,0
230813,1,1,1,1,-1,-2,-1,0,0,-1,37852,52457,12287,57094,29943,5281,6971,30877,9406,11367,12127,3636,0
257120,1,2,2,1,-1,-2,0,-1,0,0,-14755,62645,-29751,32404,52790,12776,15344,5135,17952,10246,17595,13947,0
259777,0,2,1,1,-1,-1,-1,-1,-1,-1,-2179,6779,-4429,8180,3136,1198,11760,18012,4767,9312,14129,9714,0
140821,0,1,1,1,-1,-1,-1,-1,-1,-1,49847,19992,-2876,54327,15894,27753,12374,27786,8482,13249,21691,15844,0
219147,1,1,1,1,-1,0,0,0,0,0,39182,10349,33626,-2403,31835,44460,2623,3452,10859,5024,13456,7553,0
554131,1,1,1,1,0,0,0,-1,-1,-1,48476,54499,17235,44297,19865,38341,11474,988,16998,4917,14474,8709,0
358923,1,1,2,1,-1,-1,-1,-1,-1,-1,28007,48688,3840,4405,14082,13945,15098,18806,7062,6713,18511,11126,0
179889,1,2,2,1,0,0,-1,0,-1,0,68030,69589,16557,42995,53617,44515,10443,16184,15586,20334,15664,13230,0
438077,0,3,1,1,2,-1,-1,-1,-1,0,-4386,17229,-13707,13504,-7964,6732,12542,4093,5541,1940,11941,3409,0
122063,1,1,2,1,0,-1,0,-1,-1,-1,52590,42506,2802,155,33578,10052,8520,160,3578,17780,5004,3598,0
409401,1,1,1,1,-1,-2,-1,-1,-1,-1,763,30791,18760,-3947,32692,21092,9046,10453,13283,19322,10836,10101,0
189300,1,2,1,1,0,2,-1,0,0,2,-502,52030,36616,39537,40713,26816,8206,10625,15633,13223,11571,8779,0
288058,1,1,1,1,-1,0,-1,0,0,0,17010,18660,35370,18835,51321,42530,9121,16480,14444,15165,24851,17722,0
378491,0,2,2,1,-1,-1,0,0,0,0,35601,37050,9563,36689,51424,46034,14438,12845,13068,15662,13995,14919,0
482901,0,1,1,1,-1,-1,-1,-1,-1,-1,17056,42734,-1302,52969,41100,-1157,12231,21426,7608,14036,16165,13296,0
61279,0,2,2,1,0,0,0,0,0,0,7898,31919,25447,51092,31558,57279,8006,11433,12237,15373,24878,12343,0
243231,1,1,2,1,-1,0,-1,0,0,0,5405,17244,31523,-3815,16878,45043,3364,14815,7213,218,6194,3771,0
410068,1,1,1,1,0,0,0,0,0,-1,31340,98211,28902,66788,34238,21054,11110,13235,16667,6686,14617,8672,0
270490,0,2,1,1,-1,-1,-1,-1,-1,-1,23179,16601,14968,22707,-171,23100,6595,13626,6677,4719,15110,762,0
418951,0,1,1,1,-1,-1,-1,-1,-1,-1,-18131,5257,27060,18288,-654,-2348,8539,12645,5597,10305,12479,11163,0
288412,0,1,1,1,0,-1,-1,-1,-1,0,51360,6176,31852,29309,10494,19557,8945,7308,4298,14281,11414,7139,0
168541,0,2,2,1,0,-2,-1,-1,-1,-1,-2681,29924,16120,13336,14088,17069,10997,9031,13347,6739,14132,11214,0
206964,0,3,2,1,0,0,0,0,-1,0,23975,30146,32113,3815,26394,20810,2738,2650,1928,6913,3068,3090,0
202424,0,1,1,1,0,-1,0,0,0,0,56044,82633,68574,77770,66798,68159,9881,27408,10654,12232,20398,12272,0
525807,0,1,1,1,-1,-1,-1,-1,-1,-1,7651,30584,-12440,29328,5038,17032,14489,14587,13501,8908,15766,8962,0
538535,0,1,2,1,-1,-1,-1,-1,-1,-1,43096,55742,9250,12554,37781,-8446,9033,12285,14206,13221,8126,2050,0
500670,0,1,1,1,0,-1,-1,0,-1,0,-2374,29787,29769,18639,28753,17248,9918,4505,6530,7472,16643,9365,0
354287,1,1,2,1,-1,-1,-1,-1,-1,0,51862,566,3888,-653,43408,37940,14542,3402,15429,12557,13431,8633,0
139551,1,2,2,1,0,2,0,0,0,0,45346,80626,12201,24566,35271,13800,709,1858,766,8752,1228,343,0
179818,1,1,2,1,0,-2,-1,-1,-1,-1,12927,29929,-202,21044,-9675,26293,11613,12358,11253,3565,21890,11300,0
36940,0,2,2,1,0,0,-1,-1,-1,2,6851,27301,-20931,57478,31655,1426,2598,7766,8611,22483,7496,19448,0
181319,0,1,2,1,0,0,-1,-1,0,0,71149,51493,19436,42754,50887,25609,10700,4949,9564,20601,14621,3658,0
195073,0,2,2,1,0,-1,0,-1,0,-1,24261,53196,20159,65240,7470,8997,13220,10563,5494,6268,21622,5313,0
189987,1,3,2,1,0,-1,-1,-1,-1,-1,13714,29164,25270,269,-8810,26825,4940,12119,7760,3817,6728,3690,0
149180,0,1,2,1,0,0,-1,0,-1,-1,36262,34480,59445,12470,13287,31962,6946,19763,7747,5744,15564,10422,0
467926,1,2,1,1,-1,-1,-1,-1,2,-1,67041,27104,14284,13226,22928,-1548,1400,11834,6710,996,3791,4269,0
323790,1,1,1,1,-1,0,-1,-1,0,2,-156,43271,15398,28173,11118,40634,10547,7705,20069,2631,9761,732,0
66175,0,1,2,1,0,0,-1,-1,-1,-1,16959,35830,17873,34642,8586,31972,8632,4470,9780,15028,17718,16427,0
340998,0,1,2,1,-1,-1,-1,-1,-1,2,-30710,1802,-22592,13440,45731,-10570,11492,7400,2955,18128,10511,9404,0
162425,1,1,2,1,-1,-1,-1,-1,-1,-1,-16552,25824,28361,7197,35805,-8644,6647,5713,9103,15397,1779,4990,0
261265,1,3,2,1,-1,-2,-1,-1,-1,-1,2162,16279,-18786,30181,9931,13563,8801,17152,18450,12626,11163,3048,0
308333,0,2,1,1,-2,2,-1,-1,-1,-1,72153,17322,27214,18898,23427,-1648,1465,7401,6806,12065,2189,521,0
376647,0,2,2,1,0,-1,0,0,0,0,24174,37215,21863,50782,29167,23820,8781,17260,5532,7690,12821,11341,0
430484,0,2,2,1,-1,-1,-1,-1,-1,-1,19505,17713,12650,-1710,24083,-30521,10072,16194,1249,3820,5017,3215,0
373963,0,2,1,1,-1,-1,-1,-1,-1,-1,-41125,-26364,-34602,3684,2576,-241,17740,8974,9054,14138,20746,12206,0
266659,0,2,1,1,0,0,0,-1,-1,-1,12227,34950,44360,14112,-12139,27777,3703,963,11545,7240,395,4775,0
60836,0,1,2,1,-1,0,-1,0,0,0,7636,30505,33014,44972,38749,60128,5087,24894,20125,12263,24292,15139,0
89325,1,1,1,1,-1,-1,-1,0,0,0,-13371,18873,15380,7269,31947,43585,11999,19604,10639,12728,11035,10976,0
413986,1,1,2,1,3,-1,-1,-1,-1,-1,35875,35875,53246,36210,11057,30301,11996,26897,17868,16998,17238,5393,0
357116,0,1,1,1,-1,-1,-1,-1,-1,-1,26646,21845,43749,9172,12635,795,6927,21422,2826,7773,7159,4796,0
631917,1,1,2,1,-1,-2,-1,-1,0,-1,53909,24385,32399,42138,6563,20735,8335,21513,12030,450,6679,1804,0
77735,0,2,1,1,-1,-1,0,0,0,0,-3945,13912,11844,29254,17079,15096,5658,12925,9029,3257,12896,8610,0
15931,0,1,1,1,0,0,0,0,0,0,88113,63772,85218,27032,35059,61077,3652,9812,8642,15378,2452,4687,0
355968,1,2,2,1,-1,-1,-1,-1,-1,-1,-24195,-18967,-30140,17030,10654,7997,15888,15778,20075,14895,22773,13427,0
256360,1,1,2,1,-1,-1,-1,-1,0,2,26766,7798,-4579,10870,32563,52234,15421,5617,16644,18925,11517,10212,0
51516,0,1,2,1,-1,-1,3,-1,-1,0,54062,21457,22753,25706,5151,28151,10436,12112,3679,11871,8415,3087,0
213904,1,1,1,1,2,2,0,-1,-1,0,273,3076,25061,15770,-8506,67560,5795,8790,17765,10551,10273,7241,0
85843,0,2,1,1,-1,0,-1,-1,-1,-1,65259,33179,-434,42080,27073,37749,9200,4034,11488,18778,11194,7912,0
280989,0,1,1,1,0,0,0,-1,0,0,13400,47466,51215,8793,-5168,57123,6665,8992,3144,5581,16360,8909,0
127966,1,1,2,1,0,-1,-1,0,-1,0,69892,67478,7080,52990,63678,56374,10945,12276,19820,19526,10873,9088,0
212977,0,2,2,1,-1,0,-1,-1,-1,-1,8064,31859,21609,19567,50762,-609,7073,10965,13359,19719,9226,12122,0
150495,1,2,2,1,-1,-1,-1,-1,-1,-1,10823,-1407,-26174,11223,16892,-19799,7179,16851,1083,15407,9574,12200,0
265193,0,2,1,1,0,-1,-1,0,0,0,52346,52279,80748,36662,21967,62936,7240,33934,14412,6361,12372,7604,0
60186,0,3,1,1,2,0,-1,-1,-1,0,16281,33879,12755,18269,-4750,-2721,4790,2318,1503,2559,7513,2634,0
262907,0,1,1,1,0,0,0,0,0,0,41324,58301,28344,40844,31528,25514,7285,11789,9610,5950,7646,2908,0
193428,1,1,1,0,-1,-1,-1,-1,0,-1,17076,27828,-11438,22289,25490,1851,9014,12971,13254,4650,12050,1594,0
290392,1,2,1,1,0,-1,0,-1,0,-1,-6418,41817,7043,59033,28624,6193,5691,9633,13917,10519,14865,5767,0
129772,0,1,1,1,-1,-1,-1,-1,-1,-1,-16852,-4825,-6974,13776,-7077,1313,3251,12976,10752,5663,12118,8611,0
287112,0,1,1,1,0,0,0,-1,0,0,31227,29486,56973,-10153,2331,49621,1483,9219,11039,4458,12873,6721,0
286047,0,2,1,1,-1,-1,-1,0,-1,0,-5339,-2977,73335,-34857,32886,52670,8651,22784,7625,11456,12754,11540,0
604268,1,1,2,1,0,-1,0,0,-1,-1,53072,64874,26233,31176,36914,15746,12023,11617,7000,11360,7636,10446,0
17570,1,3,1,1,0,0,0,0,0,0,40263,46664,24424,34235,18493,32052,5432,3435,17406,3068,4571,1305,0
206030,1,1,2,1,0,3,-1,-1,-1,-1,54622,49781,-2050,69853,19461,24257,11544,13023,8584,4913,11707,3747,0
197889,0,1,2,1,-1,-1,2,-1,-1,0,-8864,7528,-18420,20011,24110,8531,7711,3330,9018,17158,11936,11140,0
101396,1,1,2,1,0,0,-1,0,0,-1,36332,24389,50914,10770,24400,39611,4347,17709,9912,7652,12559,10011,0
115568,0,1,2,1,-1,0,-1,-1,-1,-1,43527,26309,5974,-3086,23512,16891,5352,5673,7529,10977,6998,1449,0
308147,0,3,1,1,-1,-1,-1,-1,-1,0,10730,29652,11948,3310,6296,16738,6689,239,8380,7929,5218,2278,0
143049,0,2,2,1,-1,0,0,0,0,0,60244,64227,18845,19195,51870,25206,9734,677,3830,10771,8295,9545,0
298366,0,1,2,1,0,0,-1,-1,-1,0,35077,46463,-4907,40269,41052,2597,5478,6180,4533,24961,6734,12447,0
201071,0,2,2,1,-1,-2,-1,-1,-1,0,45568,35480,4525,55307,30211,29421,12176,9500,15280,18496,17765,5683,0
99383,1,2,2,1,-1,2,-1,-1,-1,-1,24011,20415,-648,18022,37051,-4163,3255,11428,11778,13098,5029,8878,0
401729,1,1,1,1,-1,-1,-1,-1,-1,0,-1629,21458,-23878,3378,10516,2808,7066,9854,4762,9085,10648,8488,0
265438,1,1,2,1,0,0,0,0,0,0,8230,47370,11573,56630,58483,33600,13936,13362,19078,10337,15844,13587,0
146450,0,2,1,1,-1,-1,0,0,0,0,10303,28941,41729,-14715,44803,60358,10270,9995,10644,9444,14114,13375,0
231602,1,1,2,1,-1,-1,0,-1,-1,-1,-5775,14810,-28329,24670,18046,14599,11841,2955,14369,15020,20920,11577,0
107452,1,1,2,1,0,0,0,0,2,0,7024,53340,28609,20664,38635,51156,13970,5980,19178,4886,26845,9096,0
175854,0,3,2,1,0,3,0,0,-1,0,57298,85186,-8810,85107,18608,30832,18837,16478,5819,2956,18484,14188,0
219202,1,1,1,1,-1,-1,-1,0,0,0,-18781,11067,14608,-2295,26212,-2936,5141,16588,8867,7411,5659,542,0
99232,0,2,2,1,-1,-1,-1,-1,2,0,28686,35823,6282,36917,18521,17077,5469,19912,11609,10342,7818,5296,0
355256,0,2,1,1,0,0,-1,-1,-1,-1,14581,44347,30882,32084,12053,27277,10799,8218,15204,15589,18995,6432,0
236044,1,2,2,1,0,0,-1,0,0,-1,-15136,40551,14178,17487,33101,29310,7728,7683,13090,8482,17899,6831,0
151428,0,2,1,1,3,-1,0,0,-1,0,8171,51774,14013,18225,27077,6053,6426,2091,6535,10389,11898,9874,0
223460,0,2,1,1,-1,2,-1,-1,-1,-1,6184,24876,-2926,55122,11468,-11176,951,13744,10382,17201,7817,4756,0
194214,0,1,1,1,-1,0,0,-2,0,-1,53250,25728,37015,322,4879,62163,7193,5094,9263,6707,1260,8432,0
126954,1,2,2,1,0,0,-1,0,0,-1,39810,50016,26737,33072,44367,-7427,8679,12250,5612,9516,11531,5048,0
265741,0,2,1,1,0,0,0,0,0,-1,48604,39517,-9161,51168,26007,18870,5483,9948,10250,684,13611,9685,0
239792,0,1,1,1,0,0,0,0,0,0,-12971,33062,38388,-4825,22527,20802,3951,4854,1273,4520,2668,1988,0
258643,1,1,1,1,0,-1,0,-1,0,-1,35730,42288,-8093,29590,32621,856,3167,6955,13060,9152,7709,3143,0
398833,0,2,1,1,-1,0,0,-1,-1,-1,39823,76319,-5403,74491,18345,23298,19223,13204,15006,7411,16787,10146,0
395749,0,1,1,1,-1,-1,-1,-1,-1,0,64747,39192,13173,55389,8982,18623,9165,27438,4209,8970,7609,4632,0
286860,1,1,2,1,1,-1,-1,-1,-1,0,43253,40706,30544,17851,14271,38508,10141,7220,10586,12094,13035,6928,0
203223,1,2,2,1,0,0,-1,0,-1,-1,57154,48590,48999,9690,36821,26004,9206,4457,7220,8850,6465,3579,0
411604,1,1,2,1,0,-2,0,0,-1,0,30181,46452,24511,59789,12413,37827,16779,20240,6834,2779,17707,6149,0
272092,1,3,1,1,0,0,-1,0,-1,-1,58999,60727,16492,69739,7789,22780,10986,18202,14907,6148,7898,3604,0
416316,1,1,2,1,0,2,-1,-1,-1,-1,22806,26463,38328,-11483,1942,23203,3043,1725,5769,7532,8406,5846,0
470546,0,1,1,1,-1,-1,0,-1,-1,0,65769,56774,-9870,29756,58046,9377,10626,5683,7270,13774,7270,7746,0
232730,0,3,1,1,-1,-1,0,-1,-1,2,-33349,17774,-8479,24896,-4816,1258,2426,2989,2446,554,3934,4469,0
496253,1,1,2,1,0,0,0,0,-1,0,46655,67213,32624,72782,23148,27809,5457,6063,4353,5451,9892,3499,0
91177,1,2,2,1,0,-1,-1,-1,0,0,11882,64101,-18397,37039,15265,20838,14787,5095,8877,2834,11808,4336,0
208989,1,2,1,1,0,-1,0,-1,-1,-1,-5791,29499,1948,5310,15696,7053,9847,2325,7892,6671,11686,7781,0
128068,0,2,1,1,1,-1,-1,-1,-1,0,41466,2435,37619,-5444,-16065,47523,8607,19487,6135,1419,12554,4803,0
315204,1,3,2,1,2,-2,-1,-1,-1,-1,20119,65436,14747,42729,32725,35421,17922,17269,22594,22307,23386,15593,0
264548,0,3,2,1,0,0,0,0,0,0,36757,64485,69473,58009,18210,47681,2583,11755,12501,2897,6421,3857,0
185359,0,3,2,1,0,0,0,-1,-1,0,-6977,55628,10199,33119,48647,18786,7062,2023,13607,23433,15109,16201,0
152869,0,2,2,1,0,-1,2,0,-1,0,23568,13521,28887,33777,40849,29903,7634,10839,10575,20635,11057,10210,0
442541,0,2,1,1,-1,0,-1,0,0,2,84335,56325,-15796,64736,28714,30557,14835,9186,7571,11338,6675,7359,0
146323,0,1,1,1,-1,0,-1,0,0,-1,35734,579,25844,-3514,24286,28537,9488,12920,11474,4543,9573,5906,0
176835,0,1,2,1,0,0,-1,0,-1,-1,76413,69809,73512,30347,24811,68187,7560,10794,20301,11076,13812,5642,0
202030,1,2,2,1,-1,-1,-1,-1,-1,0,-10282,2425,15365,17954,17515,38125,13129,17753,13687,9844,18288,7949,0
372484,0,2,1,1,0,-1,-1,0,-1,0,81507,48717,-3811,71217,63300,12778,14647,10324,14120,17741,8837,6326,0
162495,1,2,2,1,-1,-1,0,-1,-1,-1,19576,46544,-30313,5246,62088,2453,17873,304,7678,18674,21255,11217,0
462482,0,3,2,1,0,-1,0,-1,-1,-1,10850,31695,22080,46165,18885,-11987,10029,5342,4871,8459,4360,8826,0
415557,0,2,2,1,-1,-1,-1,-1,-1,0,16172,-17710,19934,29650,4996,3745,5012,12010,4431,989,8255,852,0
352159,0,1,2,1,1,-1,0,0,0,0,-14630,10339,51345,1827,21176,63004,8448,20663,3894,740,14493,4910,0
375970,0,3,2,1,0,0,0,-1,0,0,33362,61753,51806,47570,15542,43858,10038,9281,11767,4691,23495,14342,0
310405,0,2,1,1,-1,-1,-1,-1,0,0,11286,25288,47660,3714,3602,57999,12745,18043,16228,3150,10897,1428,0
434626,1,1,1,1,-1,-1,-1,-1,-1,-1,4108,21716,26432,-1995,43532,5955,3709,12662,8501,15970,15629,8072,0
157775,0,1,1,1,-1,-1,2,0,-1,-1,7741,18005,-3543,20386,51052,-10745,7478,8622,5300,11531,5081,12219,0
191174,0,2,2,1,0,0,-1,0,-1,0,70430,42266,41331,38022,28440,44499,9850,13204,12181,13869,9290,4169,0
206158,0,2,1,1,0,0,0,-1,-1,-1,39450,32641,9424,21429,-8786,42533,5179,254,8257,5374,242,1970,0
200994,0,2,1,1,-1,-2,-1,-1,-1,0,20261,34546,24565,12931,13225,51365,11343,11982,10211,17169,9664,7485,0
452016,1,2,2,1,-1,-1,-1,-1,-1,2,-20901,33253,-23161,24279,16612,-14874,20944,2325,6930,7825,10046,7418,0
579105,0,2,2,1,-1,-1,-1,-1,-1,-1,66796,42008,38755,46039,25289,9045,9739,30195,13105,6190,7271,5169,0
195731,1,2,1,1,0,0,0,-1,0,-1,110446,44372,28162,56550,17560,21455,2599,7373,10196,7559,3778,9438,0
354398,1,1,2,1,-1,-1,-1,0,0,0,1721,22200,41949,2391,59253,27912,5747,15216,7743,11475,12104,7566,0
478787,0,1,1,1,-1,-1,-1,-1,-1,0,14451,-22524,46504,-7723,-2793,46402,6893,16178,12031,9549,5194,4355,0
292282,0,2,1,1,-1,-1,-1,0,0,0,41771,6886,-13138,29854,31020,41509,4236,11500,14570,10928,12206,11744,0
409334,0,1,1,1,0,0,-1,2,-1,-1,21555,19443,36955,-13998,24852,29455,11219,2648,10593,8625,3906,1430,0
336800,0,1,1,1,-1,-1,-1,0,-1,-1,27798,15196,18980,10019,22854,9994,12299,8179,633,5227,13856,1371,0
298063,0,2,1,1,1,-1,0,0,-1,0,43031,35530,60467,4648,16781,60416,10859,11410,2024,8628,9431,6417,0
267796,0,1,2,1,2,-1,0,0,-1,0,37183,38125,39114,-795,30073,35296,10422,7990,8023,6605,12562,7369,0
519618,0,1,2,1,-1,-1,-1,-1,2,-1,15574,8681,11131,29327,20976,12741,6878,14155,6687,3687,10423,5888,0
191261,0,1,1,1,-1,-1,-1,-1,0,0,5158,35710,-6589,27912,11678,1754,3378,9084,2089,413,2953,5401,0
530918,0,2,1,1,-1,-1,-1,-1,-1,-1,-26277,-4879,15654,16923,9416,46252,14151,13321,19062,9694,16953,9401,0
59020,0,2,2,1,-1,-2,-1,-1,-1,-1,-1229,197,-19399,1715,23599,-15559,6361,5112,10153,16198,11357,11230,0
112035,0,2,2,1,0,-1,2,0,0,0,46551,-5535,43216,29403,42793,36760,1827,18127,13467,12155,7780,5765,0
482765,1,2,1,1,0,-1,-1,-1,0,0,57696,27659,47260,44479,24550,33540,8278,16169,18274,3835,14027,1325,0
297265,0,1,2,1,-1,-1,-1,-1,-1,-1,12724,20469,42434,-7139,6284,28062,8677,14053,6065,10632,10203,9265,0
68234,1,2,2,1,0,-1,2,0,-1,-1,30776,33724,29073,37947,2154,50450,13498,22604,12351,5813,19281,8193,0
265612,0,1,2,1,-1,-1,0,0,0,0,58678,29456,6547,59495,54919,33295,12209,18275,9477,12353,16394,13297,0
266392,0,3,1,1,0,0,0,0,0,2,73434,100652,9772,89885,13363,37056,12268,20217,8088,1499,17271,10961,0
337378,1,1,1,1,-1,-1,-1,-1,0,-1,368,31914,6527,33384,-11303,20172,8895,13774,15144,49,7293,7205,0
200198,1,2,2,1,0,0,-1,0,0,-1,3602,38461,-12843,27869,21247,-814,3795,2246,7231,4282,6051,3485,0
196702,0,1,1,1,-1,-1,-1,0,-1,0,-12067,34963,12760,12533,43232,35672,12681,13439,12410,15794,16582,6861,0
194783,1,1,2,1,-1,-1,0,-1,-1,-1,-22857,47616,19358,20023,14821,-483,10743,6033,12633,10798,15178,4187,0
296587,0,2,1,1,-1,0,-1,-1,0,0,45665,-490,28400,37312,37445,39588,4337,23813,16415,12063,13116,15229,0
177827,0,2,1,1,-1,-1,-1,-1,-1,-1,-15312,11854,-2882,12449,42149,21141,11855,15537,17890,21035,20272,12959,0
502776,0,1,1,1,-1,0,0,2,-1,0,8794,9575,29338,-488,53598,34240,9428,3304,12170,27419,10326,17253,0
500934,1,2,1,1,-1,-1,-1,-1,-1,-1,41237,34723,1252,21174,38800,-15615,8657,15742,11070,9394,5060,5193,0
171778,0,2,1,1,0,0,0,0,0,0,10569,45602,33303,14744,21984,38859,2593,833,9502,3547,14033,6261,0
407414,0,2,2,1,0,-1,-1,-1,-1,-1,9547,20244,21059,11097,11354,-1358,377,7995,2538,6851,3280,4005,0
161959,1,3,2,1,0,0,0,-1,-1,0,34849,22730,-18233,20953,11962,10110,6692,336,1858,8866,52,8224,0
240112,0,1,1,1,0,0,0,-1,-1,-1,45299,89663,3834,47063,12484,13264,17124,6048,9454,1926,11204,2115,0
445816,0,1,1,1,-1,-1,0,-1,-1,-1,53335,15653,56268,13542,7654,34760,12921,11881,7862,8476,18829,6842,0
228004,1,1,2,1,-1,-2,-1,-1,-1,-1,13712,32820,48135,5975,-5136,17956,12065,25243,12155,8172,7538,2162,0
175027,0,2,2,1,2,3,-1,-1,-1,0,15801,56745,29169,28166,11258,29206,6417,11387,6218,9078,7113,4576,0
243502,1,2,1,1,0,-1,-1,-1,0,2,69,11607,42729,-2658,-16560,52591,4806,14914,11315,2113,12398,3193,0
330919,0,1,2,1,0,0,0,-1,-1,-1,30336,17881,59066,27604,27266,33340,6194,6124,14954,16232,11801,14637,0
121861,1,3,2,1,1,-1,-1,-1,0,-1,10400,25657,31387,35174,-2444,21197,6025,13257,6470,5258,16420,12751,0
93816,0,2,1,1,-1,-1,-1,-1,-1,0,19181,22663,8403,4144,45404,-10506,4247,2357,312,12813,6883,7450,0
186482,0,2,2,1,0,0,-1,0,0,0,69081,44377,35083,52216,13524,32458,7206,17639,7246,6308,9560,4098,0
314061,0,3,1,1,1,-2,-1,-1,-1,0,51312,26584,38477,52509,-16042,45560,9892,19847,10749,589,13800,119,0
164596,1,3,1,1,0,-2,-1,0,0,0,60317,49100,49487,43995,24865,47396,4794,23854,12016,11713,5150,2724,0
147849,0,2,2,1,-1,-1,-1,0,-1,-1,20960,5281,9355,8941,10859,-8091,13035,17643,1078,2954,3136,2828,0
28193,0,1,1,1,2,-1,-1,-1,-1,-1,-5289,6897,-3065,16464,1967,25805,8077,1299,8259,9957,18028,10584,0
80834,1,2,2,1,-1,-2,-1,-1,0,-1,24732,21330,53330,16696,32153,27657,2559,24314,14836,15460,11387,8251,0
202406,0,3,1,1,0,0,0,2,0,0,45217,34699,36880,38802,12532,35710,3916,12726,8119,4321,6484,8844,0
154488,0,1,1,1,-1,-1,0,-1,-1,0,24835,55683,16187,30237,36903,32245,12515,3234,11919,14217,17176,8241,0
362683,1,3,1,1,0,0,0,-1,0,-1,35358,31372,13884,14343,8214,13459,702,1606,8284,1005,5761,3145,0
567208,1,3,2,1,-1,-1,0,-1,-1,0,30636,22534,1347,51811,29291,5357,10713,7770,2387,9574,7460,10028,0
396266,1,1,1,1,-1,-1,-1,-1,-1,-1,-26634,-20584,-13711,-32303,-5694,33353,9097,3449,3076,4864,18909,10159,0
411401,0,2,1,1,-1,-1,-1,-1,-1,0,-2529,35633,-14300,31469,26853,3796,12932,13461,9657,10332,2633,2695,0
321411,0,2,2,1,-1,-1,0,-1,0,-1,-14611,8689,40398,12391,19643,39211,8896,13248,15698,9255,16845,12618,0
255868,0,3,2,1,-1,-1,-1,0,-1,0,9376,-11792,20598,15763,39650,3931,1995,27479,4298,18441,3852,12339,0
238407,1,2,1,1,-1,-1,0,-1,-1,-1,-11069,48159,33258,8487,2796,46636,12540,6033,14257,9731,6734,3865,0
88179,1,2,2,1,-1,-1,-1,-1,-1,-1,39611,55420,-15310,45508,30841,7427,15497,10238,12106,21909,15835,15938,0
273185,0,2,2,1,0,0,0,-1,0,0,21966,13265,52755,37600,27015,31393,7083,5433,14538,15407,13975,10500,0
205564,1,3,1,1,0,-1,-1,2,-1,-1,-33224,-19632,11027,-9193,1738,8707,3819,3264,60,10428,9908,10453,0
56847,0,1,1,1,-1,-1,-1,-1,-1,-1,47832,10598,12073,15151,7316,12235,2226,12305,5337,3159,14699,11166,0
234828,1,3,1,1,-1,-2,-1,-1,-1,-1,18346,14731,-6009,35135,-1680,-4893,5624,16879,6425,8563,4327,7603,0
310855,1,1,1,1,-1,0,-1,-1,-1,-1,33332,30546,9574,-1441,2477,602,7285,13126,5647,3162,3399,400,0
154539,0,2,2,1,-1,-1,-1,-1,-1,-1,-3761,15831,38654,3467,16116,30624,13802,12927,14119,18352,23567,11752,0
296955,0,3,2,1,2,-1,-1,-1,-1,-1,-23211,20542,37619,22181,6017,41123,11625,17394,15403,20625,21473,15754,0
114197,0,2,2,1,-1,-1,0,-1,-1,-1,-6420,46606,30973,52982,18492,14910,12308,10680,14322,15038,22933,7269,0
318537,0,1,2,1,-1,-2,-1,0,0,0,87550,-8371,44677,43224,20899,35944,3294,25697,7125,5695,5391,6831,0
258375,0,2,1,1,-1,-1,-1,0,0,0,28393,-14244,25890,8829,34772,4359,3173,16739,3192,7584,7625,2958,0
401142,0,5,2,1,-1,-1,-1,-1,-1,0,-4487,4943,-24465,50187,44275,18993,13885,12189,15100,22013,23498,18435,0
229660,1,2,2,1,0,0,0,0,0,0,38209,32654,44471,34986,32227,49951,2004,7588,15445,10503,10491,8380,0
234507,0,1,2,1,-1,-1,-1,0,-1,-1,7980,24885,4476,-751,25553,18855,16230,3039,6155,7531,8564,8122,0
178741,1,1,2,1,-1,-1,-1,0,-1,-1,37484,33462,46707,-7436,14620,38882,11672,15850,10382,6208,13000,4358,0
252083,0,1,1,1,-1,0,-1,-1,-1,-1,-477,-4207,34258,-19217,-4668,-979,3319,1468,1376,6256,293,157,0
160742,1,1,2,1,0,-1,6,-1,-1,-1,72012,28841,20684,42434,32820,29162,2070,14956,8629,14512,3225,2623,0
414072,0,2,2,1,-1,-1,0,-1,-1,2,-7861,46917,-20563,43559,12166,-10489,9122,1213,3822,4535,9319,1903,0
340752,0,1,1,1,-1,-1,-1,0,0,-1,12109,20308,-2300,46151,16314,-9352,6159,21135,6337,954,13370,1852,0
397756,1,1,2,1,0,-2,0,-1,-1,0,29229,24865,-18548,39946,35892,22149,9394,1360,13078,16431,12966,10948,0
248761,0,2,2,1,1,-1,0,0,0,0,41619,58103,31477,63728,40924,52255,17555,31821,7299,15812,21536,16064,0
55422,0,2,1,1,1,-1,-1,0,0,0,26044,-10653,38564,24833,38548,44532,6112,14045,3635,15775,11402,10006,0
298582,0,1,2,1,-1,-1,-1,-1,-1,-1,49807,17055,15310,19696,29751,14788,13152,22362,12554,17179,16876,10630,0
312543,1,2,2,1,-1,0,-1,-1,-1,-1,13926,40998,21505,34551,5514,35349,10254,12363,22205,12856,14165,6692,0
199448,0,1,2,1,0,-1,0,0,0,0,76643,26021,33452,12976,50253,42963,11755,8948,6084,8999,10868,7982,0
112523,1,3,1,1,-1,-1,3,-1,-1,-1,27293,20009,-29597,20052,875,20146,12173,199,2822,4496,8377,6331,0
272645,1,2,2,1,-1,-1,-1,-1,-1,-1,40960,39992,13328,37736,42214,60842,18868,13125,25994,24859,24097,16304,0
547866,1,3,1,1,-1,0,0,-1,0,0,-17818,2694,38449,35417,56954,51311,11049,11935,27885,29014,25729,28324,0
415606,1,1,1,1,0,-2,-1,-1,0,-1,28936,25491,14857,22531,33427,15045,5601,12616,15395,11911,10059,6274,0
116347,0,2,2,1,-1,-1,-1,-1,-1,-1,-53826,-15117,-16314,6051,16608,-10377,6686,7106,12238,12288,20243,9719,0
540221,0,1,1,1,-1,-1,-1,0,0,0,45195,73509,40555,53913,31180,44714,15795,27896,12754,4531,14006,4769,0
278479,0,2,2,1,-1,-1,-1,0,-1,0,4305,16651,-4374,29599,17887,12333,7163,11924,7906,188,1314,3894,0
392276,0,1,1,1,-1,-1,-1,0,0,0,-2753,24102,19669,10017,27429,44114,9577,19902,14375,10735,10517,3542,0
292977,1,2,2,1,0,0,0,-1,-1,-1,58580,53422,49551,55762,16666,28802,8892,6841,5653,5924,10316,5174,0
260459,1,2,1,1,-1,-1,-1,0,0,0,41226,19613,1912,15388,46063,19326,3904,6968,8755,12434,400,3474,0
329181,1,1,2,1,-1,0,0,0,0,2,42317,41925,-1211,26496,29161,14054,12775,4480,6153,7403,9854,7615,0
295986,0,1,2,1,-1,-1,-1,-1,-1,-1,13247,-3292,-13460,10076,-5328,-14007,2131,5090,6212,8686,9547,6591,0
205371,1,2,2,1,-1,-1,-1,-1,-1,-1,31966,15775,2479,-5000,13144,48870,19229,4955,10703,2225,16511,6710,0
289859,0,1,1,1,-1,-1,-1,0,-1,0,-20347,14889,19368,-2698,27457,31748,9690,6162,5779,9930,14857,7918,0
139972,1,3,2,1,-1,-1,0,-1,0,0,9194,123,28522,-10831,5540,42021,7554,7306,6099,6711,3832,8102,0
115061,0,1,1,1,0,0,-1,-1,0,-1,25324,22747,42262,23272,19362,20565,695,10581,11089,11172,2476,3399,0
435277,1,1,2,1,0,-1,2,0,0,0,25360,8022,61335,63037,38188,39319,5357,24972,19347,10354,9944,2418,0
433243,0,2,1,1,-1,-1,-1,0,0,0,17903,2594,12395,16417,23697,12979,7341,33535,10144,4581,8859,8985,0
420836,1,2,1,1,-1,-2,0,-1,0,0,51590,70769,24467,18880,22223,36096,10174,16315,9768,3408,6977,689,0
238026,0,3,1,1,0,-1,0,0,0,0,55382,17318,11500,46864,35571,9513,6272,4700,4274,7210,4986,3219,0
269683,1,2,1,1,-1,-1,-1,0,0,0,-7922,-8903,8592,32269,20459,19454,8771,16010,12636,11442,13786,6229,0
59773,0,1,2,1,0,0,0,0,-1,-1,65889,76091,37984,56678,22592,33402,7594,10233,7434,4586,2308,3273,0
463456,0,1,2,1,1,-1,-1,-1,-1,0,41259,-8797,1925,17995,70568,5537,7804,7582,8114,29707,12147,3284,0
213646,0,2,2,1,-1,-1,-1,-1,0,0,36646,26363,52033,27353,23668,39401,8522,30743,12321,13191,12186,10771,0
393632,0,2,1,1,0,0,0,0,0,0,65663,39196,36243,24191,47753,43911,8662,9012,5288,3284,5839,1917,0
341843,1,1,2,1,-1,-1,-1,-1,-1,-1,20027,1386,-21703,10683,4216,-8570,14721,12856,6885,6644,16482,10796,0
276118,0,2,2,1,0,0,-1,-1,-1,-1,24916,28390,57600,1366,7918,8310,4683,3013,3375,4452,1425,918,0
310513,1,2,2,1,-1,-1,-1,-1,-1,-1,8959,39887,-31406,34678,3337,7862,16633,5743,14985,8754,13230,7925,0
136804,0,1,3,1,-1,-1,-1,-1,-1,-1,-6027,32025,29937,53598,25558,60799,12680,21039,25115,22202,24116,17116,0
266307,0,2,1,1,0,0,-1,-1,-1,-1,-6523,23563,9361,20201,-5123,4826,1159,6826,6971,3421,157,2216,0
354515,1,2,1,1,-1,-1,2,-1,-1,-1,26127,43469,17757,40314,10136,4868,13203,15982,8364,2263,5930,793,0
317485,0,1,2,1,-1,-1,0,-1,0,0,-16600,-17753,35598,-2262,9171,10953,2815,5050,1502,1546,341,2640,0
167947,0,1,1,1,-1,-1,-1,-1,-1,0,65546,13926,14942,33629,11161,31403,10648,14632,11526,6248,9662,3421,0
52456,1,5,1,1,0,-1,3,0,0,0,73342,36895,-4588,64757,45918,39063,13547,13048,9255,10660,13602,6299,0
100491,0,1,2,1,-1,-1,0,-1,-1,-2,15170,28215,22876,13915,19307,21265,15000,21583,2365,9000,23894,10582,0
239212,1,2,2,1,0,0,0,-1,0,-1,62895,58584,28911,42283,11928,28193,1470,19465,11784,998,5924,555,0
274095,1,2,1,1,0,-2,-1,0,-1,0,58584,53995,43463,34123,47021,25928,4129,19298,8048,11209,12791,7666,0
210652,0,3,2,1,0,0,-1,0,0,0,45889,36879,34023,19421,26433,26049,855,10208,4769,4253,3695,2455,0
501511,1,3,2,1,-1,-1,-1,-1,-1,-1,-479,9962,-7683,4918,-3313,-14283,5144,4207,8230,10534,6842,2787,0
303547,0,3,1,1,-1,-1,0,2,0,-1,-2337,-6904,-7531,31837,18619,-608,1409,13510,1422,4755,10019,11292,0
164732,1,1,1,1,0,0,0,0,0,0,50015,33207,21269,32151,17940,50798,7482,2640,1025,4816,7368,6870,0
261762,0,2,2,1,0,0,0,0,0,0,41095,41353,45486,24777,47554,64424,5275,2042,11151,11233,12192,6134,0
275859,0,2,2,1,-1,-1,0,0,-1,-1,-24841,23150,7652,10068,18270,35973,8795,2703,11740,5095,12908,5117,0
154983,0,3,1,1,-1,0,-1,-1,0,0,5885,18505,57,29630,12766,32653,10383,5517,15413,11814,21688,14276,0
34539,0,1,2,1,0,-1,0,-1,0,0,7096,27945,30727,36298,9689,37182,7439,14518,10464,4786,16559,9076,0
154222,1,3,1,1,1,-2,-1,0,0,0,30204,54317,35875,46955,15364,22108,1165,26418,6755,2968,9424,1295,0
265820,1,3,1,1,-1,0,2,-2,-1,-1,5157,16068,-4561,-2032,10674,23883,14196,4641,15473,2872,8629,7156,0
157946,0,3,2,1,-1,-1,-1,-1,-1,-1,-10809,-3980,-27161,20360,28108,-23898,3150,4373,2403,13950,5127,10589,0
437080,0,3,2,1,-1,-1,-1,-1,-1,-1,-14830,11774,35274,21873,5245,33221,15135,8520,19677,14622,23361,13165,0
15500,0,2,2,1,-2,-1,-1,-1,-1,0,10832,34306,17120,39601,27313,-6391,6414,8117,7535,17314,7247,468,0
428770,1,1,2,1,-2,-1,-1,-1,-1,-1,-4826,10664,-3404,8797,6181,16459,14120,11204,10712,16370,13249,9260,0
180959,0,1,1,1,1,0,-1,0,0,0,25802,48032,44207,41130,8268,52978,5350,22424,4265,4659,13480,8672,0
284944,0,2,2,1,-1,-1,3,3,-1,-1,-36308,11031,19216,43476,-14291,22703,7308,30748,8309,1676,15931,8169,0
305347,1,2,2,1,-1,-1,-1,-1,-1,0,-9319,18262,14882,-2181,35272,33113,13070,1389,8189,14198,14649,11958,0
264263,1,2,1,1,0,0,-1,-1,-1,-1,39897,29349,34136,-5792,6525,20322,4459,11042,4655,9237,4432,2909,0
652960,0,2,1,1,-1,-1,-1,-1,-1,-1,-47764,-14574,14672,5742,14380,2184,6072,7155,16760,12295,12479,13063,0
14946,0,2,1,1,0,0,0,0,0,0,30231,40201,14661,5014,6224,35188,6507,271,6103,1808,9341,4732,0
338285,1,2,2,1,-1,-1,-1,-1,0,-1,37564,16437,26844,-1256,23517,22701,9449,15321,14224,18829,21319,18364,0
214658,0,2,1,1,-1,0,0,-1,0,0,34521,41165,29083,14027,23620,25592,7477,7673,4857,5265,9071,11121,0
40430,1,2,2,1,0,-1,0,0,-1,-1,-20491,41464,2764,-705,38867,11320,10133,1423,3270,11372,22761,17255,0
326032,0,1,2,1,-1,-1,-1,0,2,0,34000,29361,22009,35848,23026,42783,12992,28469,14308,8267,14733,6564,0
73145,1,2,1,1,0,0,0,0,0,-1,34377,62674,13544,55502,21705,20973,334,18286,2839,2188,4095,857,0
200723,0,2,1,1,-1,-1,0,2,-1,0,8439,16382,-10415,1108,31741,30003,4047,2201,3531,16379,2762,11444,0
282107,0,2,1,1,-1,-1,0,0,0,0,6750,21176,10403,68539,35380,31604,7327,13527,13301,4590,16664,11188,0
26375,1,2,2,1,-1,-1,-1,0,0,0,33586,32842,14719,-15606,54670,7549,3984,7321,4027,9398,7319,6516,0
394769,1,1,2,1,-1,-1,0,0,0,2,7312,50264,45802,-16357,46165,32469,13225,8512,5083,8241,9133,2773,0
288723,1,1,2,1,0,-1,0,0,0,0,-25825,18407,26744,10847,46343,49648,9380,19429,9416,8361,13218,15857,0
361196,0,1,1,1,0,0,0,0,-1,-1,15088,28864,70688,15030,22969,61725,6257,17585,7328,7698,19862,11579,0
429948,1,3,2,1,1,-2,-1,-1,-1,-1,14464,-15788,13613,-13899,-3353,8745,5718,15197,2045,12692,1316,6855,0
356565,0,3,1,1,-1,-1,-1,-1,-1,-1,10790,24595,-16977,12496,19421,-24823,9308,869,3637,6389,9063,6820,0
134339,1,1,2,1,0,-2,0,-1,-1,0,61364,40605,18409,7567,-2103,75516,16963,4473,14497,6038,11103,4008,0
107347,0,1,2,1,2,-1,0,0,-1,0,8577,11129,21285,-9836,12734,52803,9697,6161,9557,12605,9267,10719,0
176895,0,1,2,1,0,-1,0,0,-1,0,23421,34289,10499,24313,59827,28254,5334,1045,2109,15234,11400,6941,0
332701,1,2,1,1,-1,-1,-1,0,0,0,42434,48091,15053,15369,46448,14475,18422,8104,3493,6659,13142,10362,0
141981,1,2,2,1,-1,-2,-1,-1,0,-1,-6170,39558,15724,8376,10775,6275,1474,14130,6835,1767,7241,1548,0
370067,1,2,2,1,-1,-1,-1,-1,-1,-1,42027,41593,-2799,-908,40703,-8204,9757,820,5401,6057,3826,236,0
235748,0,2,2,1,-1,-1,0,-1,-1,-1,-443,40552,32886,33418,-10354,9569,6673,15204,16185,6179,13083,2716,0
136525,1,1,1,1,-1,-1,0,0,0,0,53068,37666,21461,36818,25538,47794,11749,19381,9161,4273,15446,6166,0
184730,0,2,2,1,-1,-1,-1,-1,-1,-1,-33220,285,28821,-1098,20550,11942,5891,15637,10485,15178,14138,7515,0
304833,1,1,2,1,0,-1,-1,-1,-1,-1,42810,25780,14969,37523,-979,22668,9855,21275,11899,6005,10026,3335,0
456838,0,1,1,1,-1,-2,-1,-1,0,0,39851,54661,6785,20139,43396,36235,12178,9155,14788,16263,13764,6771,0
367739,1,2,1,1,0,0,-1,-1,-1,-1,52525,30581,8964,46133,40027,-1669,3060,16978,19251,17579,7258,9261,0
212581,0,3,1,1,0,-1,-1,-1,0,0,32689,28918,-312,54590,19443,11314,5819,15048,9265,8420,10059,5279,0
176535,1,1,2,1,-1,-1,-1,0,-1,-1,18473,40611,35084,11504,22122,-2760,9623,25168,541,7527,5250,2089,0
168568,0,1,2,1,-1,0,-1,-1,0,0,8891,28203,39393,11956,30497,45206,9577,7864,17200,10902,12919,10008,0
138110,0,2,2,1,-1,0,-1,0,-1,0,31476,33529,-10969,10328,24470,25013,8633,3511,3140,10865,9817,8360,0
458341,0,2,1,1,-1,-1,-1,-1,-1,0,12330,4429,-2576,27498,38240,2183,3494,15131,5972,13060,13455,7394,0
210818,0,1,2,1,-1,-1,0,0,0,0,15856,23606,-3002,25071,36866,14441,8979,10401,3176,6758,2009,9303,0
421700,1,3,1,1,0,0,0,2,2,0,34774,34499,29844,13321,33907,25881,2859,1015,2117,9383,416,7069,0
244051,0,2,2,1,-1,0,-1,0,0,0,22824,31587,7804,44452,24495,31679,10328,12958,15271,4873,10063,9791,0
471845,0,3,2,1,0,0,-1,-1,-1,-1,19060,38624,54935,24594,10778,27562,7194,16586,15463,9442,7451,5488,0
23844,0,2,1,1,0,0,-1,2,-1,-1,27282,34516,8607,-644,23639,38844,7744,555,8904,8429,8317,6145,0
97422,0,3,1,1,-1,-1,0,-1,-1,0,32387,18676,23123,43582,22344,62524,18420,9867,22618,15355,18699,14439,0
157485,0,2,2,1,-1,-1,-1,-1,-1,0,-11089,22347,12605,6365,54296,20895,8475,9002,11436,22240,20032,13950,0
196916,0,1,2,1,0,0,0,-1,-1,2,41211,92010,42075,51385,22568,12511,6152,9638,5577,8634,7828,1432,0
136204,0,2,2,1,0,-2,-1,0,0,0,39772,81915,7619,101472,13526,22945,8445,30951,14050,5387,8310,4093,0
266560,0,3,2,1,-1,-1,0,-1,-1,0,-15699,16980,11678,19990,37984,29309,6101,7564,17619,22405,10491,12305,0
119175,0,2,2,1,-1,-1,-1,-1,0,-1,61383,37132,7292,48091,23782,-2149,6529,22896,4411,8113,8457,4332,0
288685,0,1,1,1,-1,0,-1,0,0,-1,36325,18191,6753,-23755,37006,3750,1358,2050,4743,5135,3476,5731,0
321006,0,1,1,1,-1,-1,-1,0,0,0,45998,20485,5665,6540,21986,40626,10646,3429,8275,430,12915,7114,0
265119,0,2,1,1,0,0,-1,-1,0,0,35247,25232,-17478,57777,28509,18957,8517,4478,12457,12414,13846,14382,0
292013,1,1,1,1,0,0,0,0,0,0,42984,24818,52571,7881,12231,59197,1985,16053,9869,4144,11093,7138,0
371346,1,1,1,1,-1,-1,-1,0,0,-1,-44229,-4668,37334,-7987,-14380,44260,8531,27859,9441,2386,11264,6556,0
158874,0,1,2,1,-1,-1,0,0,-1,-1,8440,29257,36048,-4282,15692,60812,16610,17728,13253,6296,18702,5752,0
708947,1,1,1,1,-1,-1,-1,-1,-1,-1,33604,16853,-19863,20099,23410,19193,19931,8270,11611,7937,8068,612,0
114161,1,1,2,1,-1,0,-1,-1,-1,-1,36645,28106,-27173,31106,12194,-7205,9247,6394,11293,7446,5677,5895,0
255592,1,1,1,1,-1,-1,-1,-1,-1,-1,33303,20872,-32215,26435,7680,22918,18023,3958,16007,14426,15473,1691,0
320128,0,3,2,1,0,-2,-1,-1,-1,0,27743,23257,18201,25015,170,41409,8987,14552,6318,14260,12437,14527,0
281724,0,3,1,1,-1,-1,0,-1,-1,0,8177,26222,-4426,26721,-12239,26666,11595,828,10128,4150,9835,2806,0
419713,0,1,2,1,0,-1,-1,0,-1,0,14090,19056,4253,63568,46135,50063,6851,16861,18665,25582,24280,14782,0
392053,0,1,2,1,0,-1,2,-1,-1,0,39716,22828,7796,39594,57619,-313,10481,7314,9199,16503,9776,10380,0
74684,0,2,1,1,0,0,0,0,0,0,31068,26422,-16974,54853,29345,25162,9658,5867,9839,7754,13964,10245,0
73097,0,1,2,1,-1,-1,-1,0,0,-1,20979,35731,7799,15903,48667,20267,8702,6960,6121,13566,15545,14865,0
106405,0,3,2,1,-1,2,-1,-1,-1,-1,9634,18107,-6014,9613,14079,-219,7233,2309,8532,6838,5078,1825,0
237657,1,2,2,1,-1,-1,-1,-1,-1,-1,-15020,6840,23685,-145,-23151,19186,10085,10756,15506,605,11714,3665,0
238071,1,1,2,1,0,0,-1,0,-1,-1,47634,25052,34123,19542,49675,61785,9396,14656,20151,19328,16269,13004,0
277884,1,1,1,1,-1,-1,-1,-1,2,-1,21394,-14507,34364,-20445,9520,47766,3700,3835,16955,6501,12520,701,0
389029,0,1,2,1,-1,-1,-1,-1,-1,0,22447,9684,-16906,21460,47698,-1751,13126,11616,9003,20328,9965,1230,0
247057,0,1,1,1,-1,-1,0,0,-1,0,-36236,28219,29892,-9217,29450,46188,13151,1490,4616,13516,15408,8997,0
294377,0,2,1,1,0,0,0,0,0,0,73164,55177,5582,55034,55819,16491,4515,5182,9428,17109,8531,9250,0
320987,0,1,1,1,0,0,-1,-1,-1,-1,57428,80219,-3693,77099,31800,12956,8331,11386,24173,22771,16356,11319,0
79553,0,3,2,1,-1,-2,-1,-1,-1,-1,36932,24259,-2321,19478,-7101,11263,8753,11213,12118,7140,9619,3519,0
272105,0,2,2,1,0,-1,-1,0,0,0,85774,53637,29486,73370,78484,41390,9618,28934,17246,21883,14403,11044,0
153498,0,1,1,1,-1,-1,-1,-1,-1,-1,20710,27787,-22680,15906,10977,-27344,16368,12761,830,15445,13439,10074,0
60554,1,1,2,1,0,-2,-1,-1,-1,-1,36836,26886,12038,-1808,-4964,8583,6020,11024,2115,6183,5089,4911,0
534917,0,1,1,1,0,0,-1,-1,-1,-1,91215,65994,37635,40297,26072,9528,3976,6281,9934,4192,4278,649,0
495406,1,1,1,1,0,0,0,-1,-1,-1,18501,36956,57455,34112,14004,48604,5608,12630,18688,5335,17696,11002,0
110944,0,3,2,1,-1,-1,-1,-1,0,0,11023,45540,16011,14898,32787,25175,12711,7846,8442,7426,11937,6415,0
530745,0,1,1,1,-1,-1,0,-1,-1,-1,-5125,15500,-6562,18648,32144,6042,9857,4991,4415,11965,14007,10567,0
97252,0,2,2,1,-1,0,-1,0,-1,-1,-12864,6752,20068,20837,2038,12458,5653,19396,5911,2554,7127,6914,0
39607,1,1,1,1,-1,-1,-1,0,0,0,19743,16722,-9003,3428,26593,32864,9692,16019,5991,8419,13839,9762,0
16024,1,2,1,1,-1,-1,-1,0,0,0,22821,6743,31147,11527,17175,36357,4157,14578,6694,3414,8718,4977,0
233322,0,1,2,1,-1,-1,0,-1,-1,-1,38013,31299,16255,13583,14480,20869,9880,3617,4721,8394,7053,3396,0
414914,0,2,2,1,1,-1,3,0,0,0,4092,71602,-395,84471,25019,39619,15052,15628,7736,6478,23921,6151,0
27332,1,3,2,1,0,0,3,0,-1,-1,40911,60086,23356,66655,31304,37420,5888,12278,17210,15814,9885,9110,0
309104,0,1,1,1,1,0,-1,-1,0,0,44702,32007,43724,42070,27458,31263,4421,17750,13133,6190,12956,5809,0
151900,0,1,2,1,-1,-2,0,-1,0,0,20448,59844,14816,38486,28453,29519,6997,19445,9286,13836,14569,7381,0
267061,1,2,1,1,-1,-1,-1,-1,-1,-1,60345,38547,-27934,31644,37982,2865,7069,9984,12910,10234,7395,8708,0
153414,1,1,1,1,-1,-1,0,-1,-1,2,-8097,59005,-8777,49024,19398,36205,18285,14602,10586,14422,24780,9965,0
269543,0,2,1,1,-1,0,-1,0,-1,-1,12991,5301,-5870,47162,42716,-2741,2777,14706,19899,11536,9924,7678,0
299980,0,2,1,1,0,-1,-1,0,0,0,18701,12453,25535,20391,14068,50817,6197,3289,8165,5414,15296,9972,0
490093,0,1,1,1,-1,-1,-1,0,-1,-1,16464,2478,21006,32406,8581,9334,6342,19622,3146,6243,11280,10795,0
299739,1,2,1,1,-1,-1,-1,-1,-1,-1,20794,17707,6542,-6008,26735,19882,14201,1467,14023,15655,19099,8272,0
10841,1,2,2,1,-1,-1,-1,0,-1,0,37808,44013,30768,-2822,16406,31808,8461,18450,6077,13505,11707,7920,0
508116,0,1,1,1,-1,-2,-1,0,0,-1,720,21819,65719,26980,26391,25416,7568,28972,14387,10724,11570,9799,0
51175,0,1,1,1,1,0,0,0,0,0,22545,49994,40279,13544,35103,45301,8370,6586,5924,5856,18699,6303,0
387764,0,2,1,1,-1,-1,3,-1,-1,0,53628,47991,6260,48456,25370,19390,14854,8272,8289,14891,13391,6656,0
150985,0,3,1,1,-1,-1,-1,-1,-1,-1,23095,41922,-2046,18035,9186,5128,9123,19546,8712,14418,9491,9972,0
74739,0,2,2,1,-1,-1,-1,0,-1,0,-35470,8925,6867,15185,-1488,31153,8559,18985,5524,5029,17713,14226,0
412202,0,2,2,1,-1,-1,-1,-1,-1,-1,32805,30284,13335,54537,4237,4761,6237,17342,7956,4206,5282,1692,0
528141,0,1,1,1,0,-2,0,-1,-1,0,83525,66633,-1007,73126,35554,25973,16760,17144,6025,9902,7321,4486,0
148647,0,2,1,1,0,0,0,-1,-1,-1,46076,65867,27675,40804,-7305,46582,7165,11574,8914,4120,1316,1117,0
200616,1,1,1,1,-1,0,-1,-1,0,0,42905,33387,22067,18163,39491,37458,10736,10591,14899,17432,14977,9973,0
456009,0,2,1,1,-1,-1,0,-1,-1,-1,-31103,43739,3293,33280,17125,-26514,6602,1359,3644,4650,11950,4637,0
101763,1,2,2,1,0,0,-1,-1,0,-1,41784,45023,32192,5902,28625,31582,2256,4278,14258,7450,6870,1351,0
201589,1,2,2,1,0,-1,2,0,0,0,56201,14993,14769,42190,51321,43127,7552,18617,15957,18942,9837,8835,0
577591,0,3,2,1,0,0,-1,-1,-1,-1,45658,43960,22744,20581,18831,21493,11052,10175,13745,9078,5493,3735,0
231312,0,1,1,1,-1,-1,-1,-1,0,0,19406,28762,4994,38838,19644,32832,10001,18133,15246,9937,18019,8974,0
38635,0,2,1,1,0,-1,-1,-1,-1,-1,8049,11094,-4123,25603,16413,16752,1629,8718,5466,8704,9855,10111,0
348472,1,1,2,1,-1,-1,0,0,0,0,18082,11447,-6244,24153,43169,-9746,15598,1609,493,10559,1904,4888,0
266221,1,3,2,1,-1,0,-1,-1,-1,-1,17315,14426,-8077,20781,10450,3102,10418,7375,17750,5168,6726,6799,0
108408,0,2,1,1,0,0,3,-1,-1,-1,43008,30620,16200,32635,6847,16857,9,4540,8992,5379,3733,2121,0
207196,1,2,2,1,-1,-1,-1,-1,0,0,9412,28747,-7757,40228,44110,28171,9653,17382,14640,14978,9795,9606,0
336815,1,1,2,1,1,-2,-1,-1,-1,-1,-31987,45422,27115,2103,12315,4974,8377,22889,8225,2444,12868,3617,0
286737,0,3,1,1,-1,-1,-1,-1,-1,-1,-2291,29089,-4073,33454,17964,9259,6703,12736,12718,14769,13058,6864,0
169776,0,1,2,1,0,-1,0,-1,-1,-1,-29630,13055,52051,30779,34175,46559,6915,11569,19201,18287,30202,16339,0
258390,0,2,2,1,0,-1,0,0,0,0,3716,46800,38685,20402,38552,17309,3715,12686,7338,2368,5684,4964,0
427506,1,1,1,1,0,-1,0,0,0,0,36778,34009,35760,26346,42280,40582,7330,9431,9387,9946,10262,2928,0
305636,1,1,2,1,-1,-1,-1,-1,-1,-1,21012,54355,-14126,41423,42113,6951,16636,8311,11397,12632,16915,11321,0
121515,0,3,2,1,-1,-1,-1,-1,-1,-1,7439,4990,7002,27526,6419,-7491,7732,5994,13046,15246,13459,7511,0
319661,0,1,2,1,-1,-1,-1,0,0,0,-18946,-1934,-1628,-11962,25888,19828,16022,18452,226,7181,9735,14888,0
465572,1,1,1,1,0,2,-1,-1,-1,-1,74707,42976,44523,64956,39318,19901,2356,26559,21629,20372,11018,6936,0
266039,0,2,2,1,0,-1,-1,-1,-1,-1,16372,38374,25832,14938,33638,31444,16729,8745,13990,25796,22271,18222,0
522522,0,1,2,1,2,0,0,-1,-1,0,11437,22578,31305,6922,7135,29733,4472,1242,5779,3770,9327,2879,0
103132,0,1,2,1,0,0,0,-1,-1,0,30883,60084,-12891,39745,28240,13784,8006,1828,10562,9730,11038,9755,0
292555,1,2,2,1,-1,-1,2,0,0,0,31127,32504,24929,53365,41779,6917,8745,22938,7496,1190,3558,10507,0
193856,0,2,2,1,0,0,0,0,0,0,68679,56011,54306,53873,45550,39733,6305,5123,16562,12348,10746,5797,0
436211,0,3,1,1,-1,-2,-1,-1,0,2,43464,22206,7673,30484,18253,16814,7098,10834,6619,12533,1200,2402,0
181295,0,1,2,1,0,0,-1,0,0,-1,53521,27562,23843,6782,43027,18679,1368,455,6680,11422,10683,10468,0
236354,0,3,2,1,0,-1,0,0,-1,0,17948,27989,4276,44755,3894,35337,14131,2790,7897,3979,9662,10262,0
208850,1,2,2,1,-1,-1,-1,0,0,0,-11642,32918,35828,21456,36959,26233,9240,24196,6435,5354,7586,8153,0
204131,1,2,1,1,-1,-1,-1,-1,-1,-1,3668,788,-1513,1213,27272,13193,12705,11404,12517,12532,11155,6447,0
358223,0,2,1,1,-1,-1,-1,-1,-1,-1,-5508,-5037,4892,-1567,7143,10829,7680,5580,10363,11755,13945,7237,0
228006,1,1,2,1,0,-1,3,0,-1,0,48554,56107,5447,67078,40961,23677,14558,12031,5369,17480,16228,7972,0
342521,0,1,2,1,-1,-1,0,-1,-1,-1,8392,41217,17106,-5821,23768,20657,8103,145,11064,5926,6373,5640,0
114861,0,2,1,1,-1,-1,0,0,-1,-1,44466,9786,-8054,42175,25281,26529,9802,6761,4732,8676,19334,16582,0
335225,1,1,1,1,2,0,0,0,-1,0,60303,26593,18132,6388,26088,43737,11858,1983,10333,8463,2255,922,0
536543,0,1,2,1,0,0,0,0,0,0,17049,39822,35364,-1920,46405,28896,9104,476,7334,10619,4289,5288,0
178581,0,2,2,1,-1,-1,-1,-1,-1,-1,13925,12773,15808,2329,2908,20461,5497,5518,3812,11767,1881,768,0
215832,0,1,1,1,-1,0,0,-1,-1,-1,51557,26652,8279,20931,-4559,35295,8430,4370,4042,3725,9793,7753,0
164376,0,3,2,1,-1,-1,-1,-1,-1,-1,2753,40318,-6454,39683,50199,26901,17072,24016,23911,22784,20692,19483,0
348142,1,1,1,1,-1,-1,-1,-1,-1,0,57834,37934,-8561,39826,4131,36175,20128,13152,10951,7285,19781,4894,0
277058,0,1,1,1,1,-1,-1,-1,-1,-1,23564,53695,967,22393,27685,28408,15192,12100,11166,8623,23347,8741,0
530572,1,1,1,1,0,3,-1,-1,-1,-1,82675,47081,14471,51440,35189,25599,7903,18369,12338,11139,4780,4576,0
220710,0,2,1,1,0,0,-1,0,0,0,45104,32788,65193,16459,42337,59885,8263,16108,17046,19323,20656,20426,0
272580,0,1,1,1,0,-1,0,0,0,0,-10970,-6296,12019,9324,37168,25144,7247,3147,7499,7505,5241,9425,0
30040,1,3,1,1,1,-1,-1,2,-1,-1,-11450,20477,17869,-28179,12389,14750,2585,3954,3346,6485,6460,391,0
306110,0,1,1,1,-1,-1,-1,-1,-1,-1,54248,51734,-18299,22004,10539,-11714,11730,15808,4389,4879,5143,2488,0
217695,1,2,1,1,-1,-1,-1,-1,-1,-1,21586,20192,21783,13646,24682,46035,11793,19146,15814,10781,20710,8709,0
245612,0,3,1,1,0,0,0,0,0,0,16983,-4580,7257,15133,23364,22093,626,1259,4308,9227,6972,8694,0
400921,0,2,1,1,0,0,0,0,0,-1,26295,43478,46604,48329,32686,40060,1032,13429,15200,13068,13579,14828,0
120198,1,1,1,1,0,0,0,0,-1,0,37615,29935,10805,21970,37010,37424,8047,4573,11118,16968,13431,11703,0
537385,0,4,2,1,-1,-1,-1,-1,-1,-1,5188,27643,-805,31160,17844,24687,10495,8815,18516,8976,22228,11965,0
514379,1,3,2,1,-1,-1,-1,-1,-1,-1,27787,-13554,26272,21770,5013,4586,6723,34392,5111,9265,5267,6138,0
246934,1,1,1,1,-1,0,-1,-1,-1,-1,-1950,48599,-3272,40151,4439,-2529,10698,9072,8915,3914,13265,11314,0
82255,0,3,1,1,2,-1,-1,-1,-1,-1,51621,56257,5375,54121,-10878,30581,11011,6771,11298,12561,17191,2331,0
243257,0,2,1,1,-1,-1,-1,-1,-1,-1,-21284,17736,14622,-208,36542,6272,7553,24631,18193,18287,20078,5881,0
406702,1,1,2,1,-1,-1,0,0,-1,0,13707,44403,-6276,46482,63486,16586,15658,9299,14215,15843,20658,13464,0
262146,0,1,2,1,-1,-1,-1,-1,-1,-1,14397,2497,49788,-29878,25057,29344,8406,16651,11103,20228,7042,10816,0
292317,1,1,2,1,-1,-1,-1,-1,-1,0,1960,-19614,12455,-18656,16277,40344,6039,11894,8470,17392,5591,10621,0
509021,1,1,1,1,1,-1,0,-1,-1,0,12038,44132,63206,-997,26035,33148,6538,4127,9680,11035,9177,221,0
564061,0,2,2,1,-1,-2,-1,-1,-1,-1,-4280,24177,8277,11162,31388,-336,12325,13036,14518,15005,9751,9163,0
47544,1,1,2,1,-1,-1,-1,-1,-1,-1,14836,24252,25636,-13684,-1841,37152,5737,9367,7938,2412,3158,1961,0
251280,0,3,1,1,0,0,0,-1,2,-1,57905,22670,25048,16578,6758,-2695,830,2272,5050,4073,4867,3412,0
468544,0,1,1,1,-1,-1,-1,-1,0,-1,48163,-23851,-10985,-12160,49118,4830,5795,2960,7011,11518,11258,5865,0
313123,1,3,2,1,0,0,0,-1,-1,0,60127,45202,33183,40794,47843,38722,6322,6890,19503,18707,5232,4925,0
206873,0,2,1,1,-1,-1,-1,-1,-1,-1,11992,35905,-12779,35971,21389,-16593,7334,1836,6882,3520,16144,7866,0
622173,0,2,1,1,-1,-1,-1,-1,-1,0,11953,3248,2582,-118,2644,53191,16674,2804,20775,13634,19228,11003,0
278910,1,3,2,1,-1,-1,0,0,0,0,239,28387,27512,25453,30021,44605,4379,22054,13396,9320,11037,12991,0
394685,1,2,2,1,-1,-1,-1,0,0,0,26802,47624,44569,23031,28763,32463,10273,26849,10352,586,14491,4231,0
327242,1,1,2,1,1,-1,-1,-1,-1,0,-21860,18204,42296,20,15170,49999,11889,14865,7097,14732,23912,12112,0
448652,0,1,1,1,-1,-1,3,0,0,0,-23481,-4346,43095,33698,-2949,52645,6168,18074,9920,5833,16837,7902,0
178319,1,3,2,1,-1,-1,-1,-1,-1,0,35293,14371,2242,19088,7442,8008,15274,13124,9802,19811,11274,6702,0
114388,1,3,2,1,-1,-2,-1,-1,-1,0,29364,-18722,10447,-29709,43335,37806,1080,1721,12519,22624,3915,8690,0
311116,1,2,1,1,0,0,0,-1,0,0,58600,53088,50354,74234,1939,49520,3739,17544,14035,7126,16586,5585,0
388130,1,2,2,1,-1,-1,-1,-1,-1,0,-9841,4304,18294,44055,39917,17972,4719,15716,18023,17578,19780,12936,0
292804,0,1,2,1,-1,-1,-1,-1,-1,-1,43381,7572,5570,27842,11771,23026,8343,15186,16139,12360,16035,6003,0
192663,0,1,2,1,-1,-2,0,0,0,0,72469,39975,20736,49553,23218,29523,7001,24403,3682,4314,8134,7025,0
400785,0,1,1,1,-1,-1,-1,0,-1,-1,21841,21630,4380,9339,19638,16171,18849,1910,8158,9717,7415,3579,0
135295,1,3,2,1,0,0,0,-1,0,0,58435,47734,50294,65181,19197,49135,5216,8913,18406,7883,7143,4365,0
392356,0,2,1,1,-1,-1,-1,-1,-1,0,36177,35155,10077,34679,24003,19862,9995,10781,11445,10940,5386,3325,0
388221,0,3,2,1,-1,0,-1,-1,-1,-1,37288,21609,7800,19097,20100,17765,12480,12858,14308,13248,12639,18241,0
283756,0,1,2,1,-1,-1,-1,-1,-1,0,1308,-22825,33623,3255,4303,33204,9607,7609,14827,8161,7880,5208,0
209454,0,1,2,1,-1,0,0,0,-1,0,45673,41395,19145,19415,56357,16591,5086,269,10359,11433,11390,8931,0
257635,0,2,1,1,-1,-1,2,-1,-1,0,-22633,8411,7385,11197,13664,15252,3107,2912,9177,5885,11227,10653,0
578667,0,3,1,1,-1,-1,-1,-1,-1,-1,10150,1900,-3277,16559,30796,18182,17669,5565,17796,6355,19103,15382,0
85791,1,2,1,1,-1,-1,-1,0,0,0,20867,25285,44097,49923,14090,42892,5320,38051,5014,5808,13874,8888,0
200323,1,2,1,1,-1,-1,-1,0,0,0,23359,30388,-6844,17177,54397,25951,8672,6258,13648,5967,16511,8961,0
25942,0,2,2,1,0,0,-1,0,0,0,40883,-508,25389,9806,9394,13815,4290,5301,249,5752,2841,6213,0
306683,1,1,2,1,0,-1,-1,0,-1,2,28531,24355,24801,46811,29942,34346,12333,19967,10631,11205,15536,13375,0
281629,0,2,1,1,0,0,0,-1,0,0,44693,6041,-831,48702,-6599,19080,5484,9339,8378,6243,5930,5505,0
361924,1,3,1,1,-1,-1,-1,0,-1,0,40633,-13692,-7654,9687,29580,11080,8165,3369,11766,4891,6674,5106,0
104830,0,1,2,1,-1,-1,0,-1,-1,0,6296,29622,-48727,20455,49042,8399,16371,7770,11585,19135,22966,16896,0
130348,1,3,2,1,-1,-1,0,0,0,0,34576,23966,12943,23982,42875,42484,6262,13679,5054,9582,8037,8188,0
263153,1,1,1,1,-1,-1,-1,0,-1,-1,1133,8248,21368,12846,9932,3561,3111,18396,7620,1076,6388,6161,0
443716,0,2,2,1,0,-1,-1,-1,-1,-1,41822,41780,17507,27388,37373,22820,13456,7457,11239,12661,17801,8343,0
288998,1,3,2,1,-1,-2,0,0,2,0,-22989,39404,20357,-4917,31737,59363,12021,13678,20571,8920,19709,15420,0
168430,0,1,2,1,0,0,0,0,0,2,60177,101874,38858,78485,47529,35313,4889,18593,16307,16269,11872,5160,0
145803,0,1,1,1,1,-1,-1,2,0,0,25488,16107,54953,-15208,17112,38530,5821,15564,3137,10014,10723,1106,0
127049,1,2,2,1,-1,-1,0,-1,-1,-1,-7040,16014,-13927,27262,9301,8686,8801,101,13925,9231,14230,9857,0
450902,1,1,2,1,-1,-1,-1,-1,-1,-1,3119,18402,25990,15769,-2320,20847,10173,16585,6134,9,5214,2417,0
285131,0,2,1,1,2,-1,0,-1,-1,0,20562,75460,20172,23009,12529,34060,9888,13417,15195,4431,12344,6079,0
343563,1,2,2,1,-1,2,-1,-1,-1,-1,55869,-9845,2449,15921,8226,9349,3441,15096,13544,15499,7675,9352,0
186384,1,1,2,1,2,-1,-1,0,0,0,20145,4211,13633,-2983,38028,27996,7899,683,3051,13933,6303,1340,0
534411,0,1,2,1,-1,-1,0,0,0,0,40712,50654,34614,43253,58621,19906,5764,13285,12704,14748,8383,2000,0
181706,0,1,1,1,1,-1,-1,0,0,0,33784,32421,32587,56881,51501,69254,12690,33945,20671,16375,34966,8719,0
322417,0,3,2,1,0,0,0,0,0,0,4762,12889,37868,17692,30403,54377,9151,2343,11604,17013,11768,8944,0
251834,0,2,2,1,-1,2,-1,0,0,0,33223,73220,16083,16497,41000,11113,9651,5901,3375,6015,15027,5920,0
347792,1,1,1,1,0,-1,0,0,0,0,76903,39240,-1558,41028,46114,25823,12180,6726,7019,7890,7636,7713,0
109867,0,3,2,1,0,0,0,0,0,0,43403,76212,14379,38718,55799,56989,14433,1125,10965,11168,5876,3198,0
344603,0,1,2,1,-1,-1,0,0,0,0,-12946,-12793,-24257,16963,36311,27949,12495,9403,4673,291,13105,7821,0
250302,0,2,2,1,-2,0,0,-1,-1,0,-4070,26333,51585,32283,8925,61680,4105,19156,17244,9526,20686,10499,0
369182,1,1,2,1,0,-1,0,0,-1,0,78428,58990,-11579,40613,42323,21969,17824,5169,3486,6692,8928,3777,0
59206,1,2,1,1,-1,-1,-1,0,-1,-1,-1615,3173,67173,-5103,28673,50039,9094,18418,16468,22828,19880,10150,0
273000,0,1,2,1,-1,-1,-1,-1,-1,0,3456,35909,-6032,14108,21061,39233,21788,5417,14219,13146,24047,11552,0
192429,0,1,1,1,-1,-1,0,-1,0,0,16554,40440,-19597,57226,12993,-2969,10036,14637,5942,8300,6170,6038,0
225875,1,1,2,1,-1,0,0,0,0,0,38564,57683,31949,41506,64829,52279,11683,12488,16255,16242,19735,12293,0
504259,0,1,2,1,1,-1,-1,0,0,0,37910,19793,45839,31805,29914,61159,10061,24478,10470,4503,13974,5433,0
58450,1,2,1,1,0,0,0,2,0,-1,31355,24559,54985,4909,4589,30442,3699,3154,6071,3744,3660,2647,0
164920,1,1,1,1,-1,0,-1,-1,-1,-1,20190,41084,40417,4115,7773,14309,2481,6956,7198,11674,5831,4824,0
485776,1,1,1,1,0,2,-1,0,0,0,51206,27982,41491,39963,23214,30134,3374,12795,7312,3709,13120,188,0
120250,1,3,1,1,-1,-1,-1,-1,-1,0,4231,7604,10078,-23689,24727,27136,9051,3470,13375,16301,1322,3212,0
456512,0,3,2,1,0,0,-1,-1,0,0,63175,49080,65013,67828,20329,51707,6918,18138,18577,6440,10606,2445,0
11834,0,1,1,1,-1,-1,0,0,0,0,12485,45740,-5126,35720,30370,43689,16367,10350,8040,12340,15536,14913,0
158872,1,2,2,1,0,-1,0,0,0,0,20805,34312,22796,-9497,41203,38978,12164,419,1252,8256,10084,3858,0
69612,1,1,2,1,0,-1,0,0,0,0,989,53680,1736,43993,38757,33812,11635,10384,10324,14805,19892,9968,0
293366,0,2,2,1,-1,0,-1,0,-1,-1,24753,17741,-28570,49721,23177,-11144,6823,16455,4932,11441,6036,8280,0
68958,1,1,2,1,0,0,-1,0,0,0,85936,32332,51775,29529,23029,48122,6188,16417,13814,13838,2813,674,0
20944,1,1,1,1,0,0,0,0,0,0,88339,70480,33942,71735,57705,13786,3800,21068,1629,4202,7226,2195,0
207952,0,2,2,1,-1,-1,0,-1,-1,-1,-25785,27427,26173,28280,-4755,23165,6654,19323,2666,413,11463,7631,0
260488,1,1,2,1,-1,-1,-1,0,0,0,54129,57761,-4411,30789,58119,12030,15309,10897,5384,7806,9398,5614,0
544859,1,1,1,1,0,0,0,0,0,0,23725,43765,72691,13038,34580,57103,3554,16613,8261,3238,12550,9031,0
213705,1,1,2,1,-1,-1,-1,-1,-1,-1,47766,53192,-10037,2452,31523,-8688,10255,858,11146,21337,1226,819,0
314685,1,1,1,1,0,0,0,0,0,0,13870,35042,30517,28025,31326,48612,9486,4866,15437,3481,14151,7096,0
92600,0,2,1,1,-1,2,0,0,0,0,43466,41636,42693,16976,32533,40056,1569,22289,6586,609,11246,4785,0
412385,1,3,1,1,-1,-1,-1,-1,-1,-1,26104,30323,-17069,14452,-16883,3562,13501,3107,8890,4719,7812,889,0
175673,0,1,2,1,-1,0,-1,-1,0,-1,34966,22410,-8043,48882,34474,3064,3873,13274,12197,11269,16096,15262,0
410162,0,1,1,1,0,0,-1,0,0,0,61802,37363,18557,31722,26605,39472,12480,9142,11191,9727,2145,3817,0
341200,0,2,2,1,-1,-1,-1,-1,5,0,33059,21416,35877,-7178,52307,47115,12423,6294,16123,17273,21331,14727,0
345216,0,3,1,1,1,0,0,-1,-1,-1,23088,2878,24872,-3843,4028,18151,5195,3396,3413,6332,6297,6951,0
346558,0,1,2,1,-1,-1,-1,-1,-1,-1,23892,7487,32324,7312,12163,-12172,5663,13364,5751,12914,2605,4309,0
209754,0,3,1,1,-1,-1,-1,0,0,0,-37121,-11020,83755,-24361,17597,39563,2757,27139,307,6573,7262,5139,0
369467,0,2,2,1,-1,-1,-1,-1,-1,-1,-37148,22494,-2085,51082,20517,-3569,7561,25761,12448,12932,15721,6917,0
354097,0,3,1,1,1,-1,0,0,0,0,35497,32273,21043,14915,37377,16720,6191,12819,3644,3679,4602,3390,0
397771,0,2,2,1,0,-2,0,0,0,0,50328,50147,41634,85505,14746,56698,6024,20024,13974,6491,11652,7794,0
635674,1,1,2,1,0,0,0,-1,-1,-1,35886,46898,-20479,64586,32664,-15580,7095,7035,13554,11810,3632,9859,0
272551,1,3,2,1,-1,-1,-1,-1,-1,-1,-4488,19825,-9806,-40081,16063,-1765,9435,2391,6401,12252,4673,5731,0
21122,0,2,2,1,-1,-1,0,-1,2,0,12991,81675,3596,-7948,40405,28984,15735,4455,2491,11084,9684,6460,0
275639,1,2,1,1,-1,-1,-1,-1,-1,-1,-6298,-20652,-27320,8200,25274,4315,9815,2941,11097,21987,10377,11564,0
276679,0,1,2,1,0,-1,-1,0,-1,0,70854,60706,44751,44334,54590,56011,11820,23094,17743,22822,14271,10240,0
84851,0,2,2,1,-1,-2,-1,0,0,-1,7376,41912,22410,33319,26496,2228,4967,14336,6780,3983,15574,5551,0
131048,0,1,1,1,0,0,0,0,0,0,95658,102309,55926,97460,73211,42507,11486,12296,15049,15691,19825,14504,0
221654,0,1,2,1,-1,-1,-1,-1,-1,-1,29518,58330,-6563,11199,17295,31354,18374,9750,13975,11384,11145,5840,0
96320,1,2,2,1,-1,-1,-1,0,0,0,44128,42511,-6887,72152,80009,1441,3993,23213,12130,12535,16321,11827,0
387676,0,1,1,1,-1,-1,0,0,-1,0,758,6353,22124,13611,17806,45350,11828,13286,7543,14036,20140,14960,0
228372,0,2,2,1,0,0,0,0,2,0,63241,45271,14028,32460,34424,23803,9398,2896,2495,7624,13432,11939,0
213255,1,1,2,1,-1,-1,-1,-1,-1,-1,18258,-13870,21081,-22029,15616,-13954,4781,9641,1478,13337,4378,399,0
217183,1,1,1,1,-1,0,-1,0,0,-1,42169,52776,5527,62390,24312,6778,12364,15560,10450,7440,13899,4072,0
287246,0,2,1,1,-1,-1,-1,-1,0,0,44678,19885,12725,23761,33309,18030,6549,18676,4731,7064,6290,4026,0
166270,1,3,2,1,-1,-1,-1,-1,-1,-1,-21246,-12911,35187,-9455,-16416,47262,14157,850,15619,3592,13993,5882,0
111771,0,2,2,1,-1,0,0,0,0,-1,31686,18958,24734,9349,16392,15973,7415,8271,6133,623,8204,11171,0
589314,0,1,1,1,0,0,-1,2,0,0,30111,16084,20212,26418,23929,51367,4281,17983,10402,6093,6482,8950,0
213176,1,2,1,1,1,-2,-1,0,0,0,35003,21243,20996,-3419,30939,27751,4708,3086,6165,6472,5756,3367,0
398609,1,2,1,1,0,0,0,0,0,0,37729,45382,53734,28349,44050,39380,6377,1938,15052,10547,7787,8882,0
433045,1,1,1,1,0,-1,-1,-1,-1,-1,33446,14309,-5589,18070,39311,1677,3876,2816,14188,17098,5444,4361,0
262894,0,3,2,1,-1,-1,-1,-1,-1,-1,-2709,40603,26030,57734,38836,21280,16155,31538,23437,24297,30099,22520,0
179193,0,1,2,1,0,-1,-1,-1,0,-1,45165,30519,9006,55832,14900,1328,4875,16616,4924,4163,8345,4711,0
35311,1,1,1,1,-1,-1,0,0,0,0,27698,3723,60437,-21326,33602,53732,1300,8595,7865,7467,7860,2029,0
187003,0,3,2,1,-1,-2,-1,0,0,0,-29568,7846,30217,-16817,-778,54656,15740,14746,13609,7094,12226,13361,0
426148,1,2,2,1,-1,-1,-1,-1,-1,-1,10474,28362,3040,81879,49696,20080,6335,29035,18954,19449,19815,22481,0
73507,0,2,1,1,0,0,0,0,0,-1,8797,70641,18088,30377,22967,16703,7268,4290,9074,2194,8437,5104,0
430902,1,1,1,1,-1,-1,-1,-1,-1,-1,10061,10849,20174,-898,-7357,4290,3744,7818,3375,723,3889,1439,0
302792,0,1,1,1,-1,-1,-1,-1,-1,-1,-562,27649,18980,36175,10393,19922,10811,31121,11252,13470,8088,11306,0
399506,0,1,2,1,-1,-1,-1,-1,-1,-1,-30298,10975,3125,47974,16375,-7001,9614,20740,5697,7889,19510,14437,0
336753,0,1,2,1,0,0,0,0,-1,-1,59529,81037,65871,39471,20445,28819,6088,10029,3428,6434,13674,7161,0
209120,0,1,2,1,-1,0,-1,-1,-1,-1,-7343,19222,-21122,6158,11221,-23106,7419,3710,4494,6604,185,5504,0
360497,0,1,1,1,0,0,0,0,0,-1,93219,83185,53961,35175,42726,41657,11397,8696,13403,10345,5145,6047,0
512837,1,2,1,1,-1,-1,-1,-1,-1,-1,4670,-1679,12674,30313,6846,21279,9448,14573,16534,6364,19829,9946,0
284632,0,1,2,1,0,0,-1,0,0,-1,72975,17521,10191,43232,24893,6847,5514,8936,2421,4726,3294,4694,0
374453,1,2,1,1,-1,-1,-1,-1,-1,0,34283,3887,469,35998,52923,33582,10414,10133,19226,21914,22094,17789,0
307537,1,2,2,1,0,0,3,0,0,0,122043,72354,40817,91735,65716,37063,8688,15315,11151,12580,6961,4456,0
347036,1,2,1,1,0,0,2,-1,-1,0,33117,50942,9406,43476,39984,10954,11036,529,18056,14496,11452,5297,0
352637,0,2,1,1,0,0,0,0,0,0,57234,54652,44242,52246,28186,48528,3165,17533,8073,4754,7734,3817,0
551527,0,1,2,1,0,0,0,0,-1,-1,25954,9400,38650,18927,6236,38508,8716,1319,9925,1865,11690,5121,0
202318,1,2,1,1,0,0,-1,0,-1,-1,58460,29108,63105,18022,5526,55614,15514,21801,13308,5010,19091,11331,0
90652,0,2,1,1,0,0,-1,0,0,-1,33308,43518,17616,42966,18921,-1133,417,5916,4709,7137,8005,4173,0
482262,0,1,1,1,-1,-1,-1,-1,-1,0,46305,23353,6665,46884,39256,45872,17969,15951,18982,13283,23713,7904,0
680152,1,1,2,1,-1,2,-1,-1,-1,0,-27736,10341,10301,14567,16396,53275,12621,14290,24454,12053,21494,10992,0
40238,0,2,1,1,-1,-1,-1,2,-1,-1,3760,30410,-26885,17875,15235,-9777,11157,6557,296,5421,15438,8842,0
102053,0,1,2,1,-1,-1,-1,-1,-1,-1,-16137,-33835,10257,4343,17988,17490,5444,7493,10672,16797,12132,8197,0
192769,1,3,1,1,1,-1,-1,-1,0,0,54610,47475,7100,46599,35288,35979,10695,12876,12874,13840,15565,8880,0
271327,1,1,2,1,-1,-1,-1,-1,0,0,10101,36881,20759,23956,27970,39222,21218,20614,17088,7996,22129,12681,0
641946,1,1,1,1,0,-1,-1,-1,-1,-1,16995,38000,1893,19019,29494,36919,7868,3015,16087,6717,21196,6364,0
290449,1,1,1,1,0,0,3,-1,-1,-1,76493,20295,19159,5471,2466,40874,9043,170,4035,11879,4773,1752,0
163791,1,1,2,1,-1,2,-1,0,-1,-1,294,44246,27255,-5281,26200,13080,6568,7620,8946,9627,8517,4315,0
257566,0,3,1,1,0,-1,0,0,-1,-1,25634,15120,24279,32155,-2350,14220,4238,13650,843,437,8710,4563,0
250230,0,1,2,1,-1,-1,0,0,0,0,3205,39249,46954,-2090,31196,41298,16859,22377,5061,6053,20290,8198,0
66633,0,2,2,1,0,0,0,0,0,0,72501,47965,18803,32205,22546,47757,6427,3011,3493,12891,12652,8227,0
169427,1,2,1,1,-1,-1,-1,-1,-1,-1,-27855,34711,11783,-878,-13685,9893,9072,7813,7170,8108,11797,7687,0
222411,1,1,2,1,-1,2,-1,-1,-1,-1,47925,9491,2481,14778,21538,4277,10386,7210,9403,12602,17623,8350,0
279700,1,1,2,1,0,0,3,0,0,0,105500,72609,38342,67384,64544,40519,10465,16075,9765,14774,4543,7586,0
228875,0,1,2,1,0,0,-1,-1,-1,-1,47976,52493,12138,25033,34734,3333,5754,7264,8385,4905,15710,4854,0
347290,0,1,2,1,0,-2,-1,-1,-1,0,43126,58517,26829,19933,37071,28013,5219,7140,8233,18415,5336,381,0
344827,1,1,1,1,0,-1,0,-1,-1,-1,13329,14726,38115,44778,-10113,40654,6172,22754,11352,3318,22133,7433,0
149371,0,2,2,1,0,0,0,-1,-2,0,36881,12386,15091,21784,11631,27554,3443,1838,5030,3093,14313,4367,0
388594,1,2,2,1,-1,-1,3,0,0,0,36510,14752,150,51175,50480,-7041,1536,19893,5047,9018,3261,9994,0
183225,0,1,2,1,-1,2,-1,0,0,-1,48707,4478,20580,23513,15798,19488,2111,19161,3321,5973,5518,8699,0
335383,1,2,1,1,-1,-1,-1,-1,-1,-1,-27408,8412,-51283,2011,3964,-26146,12954,2634,2693,1326,8692,8627,0
293593,0,1,1,1,-1,0,-1,-1,0,0,28403,16175,24905,54351,29019,30998,6015,22443,15021,11006,16144,11780,0
101697,0,3,1,1,-1,-1,-1,0,0,0,9754,-5329,32566,25851,24572,37949,2390,21077,9073,13631,4181,3989,0
261990,1,1,2,1,-1,-2,-1,-1,-1,-1,-23177,8806,7930,10417,25848,-24755,3641,10086,7935,20252,11727,8226,0
13765,0,2,2,1,-1,-1,0,2,-1,0,-14152,13822,34199,-5087,-2012,47957,9781,322,2252,8086,10488,3236,0
243913,1,1,2,1,-1,-1,2,0,-1,0,28161,-5354,-25793,11655,26611,21166,19148,4541,9414,4052,9022,6215,0
49117,0,2,2,1,-1,-1,-1,-1,-1,-1,9743,5799,1583,-3037,-11840,-14266,4503,3721,1275,9538,9355,4963,0
129372,0,3,1,1,-1,-1,0,-1,-1,0,-29429,39900,-9571,20202,10911,22267,15471,6583,8718,17446,20625,12298,0
188720,0,1,1,1,-1,-1,-1,-1,-1,0,48717,23548,17840,14137,32006,45413,12214,6258,16427,20713,8919,7173,0
158180,0,1,1,1,0,0,0,0,0,-1,14188,32522,34221,39854,24830,53839,4623,7000,14801,13251,22055,13275,0
82289,1,2,2,1,-1,-1,3,-1,-1,0,47334,11101,16902,35258,10093,45443,14070,11130,9096,14791,12666,8606,0
145301,1,2,1,1,-1,0,-1,-1,0,0,36182,9525,18617,946,24822,34390,11549,3856,11937,14631,15726,15027,0
332968,0,3,1,1,1,-1,-1,-1,-1,0,17491,-13001,37270,4878,5952,65174,7047,16340,15015,15770,15410,8513,0
413681,0,1,1,1,-1,-1,0,0,-1,0,40597,50752,27187,42544,19609,69945,20701,14870,12728,12065,14138,3945,0
362330,1,1,2,1,0,-1,0,0,0,0,32744,22753,-7706,42571,46754,2421,11283,7145,7120,7290,9808,6969,0
514951,0,1,2,1,-2,-1,-1,-1,0,0,9573,25572,-820,42793,52014,46631,13407,15665,30510,17697,29267,14140,0
449292,1,1,2,1,0,0,0,-1,-1,-1,13259,31035,4567,26941,30187,-10201,4521,406,13437,19115,9396,11061,0
20895,1,3,1,1,-1,0,-1,0,0,-1,15032,13096,10960,-10979,8809,18792,4644,7520,5034,7798,427,9974,0
222254,0,3,2,1,-1,-1,-1,0,-1,0,2057,18725,24260,28327,33566,27814,9137,13348,16958,18523,8875,3966,0
171534,1,2,1,1,-1,-1,0,0,0,0,43353,70781,15097,72141,42481,32175,9590,21104,17181,8781,14890,9795,0
77307,1,2,2,1,-1,0,2,0,0,-1,35822,6704,20857,-952,8435,14483,7547,3957,4506,1683,2621,3579,0
28299,0,1,2,1,-1,-1,-1,-1,-1,0,13342,40332,2904,-3260,42211,18181,10825,2350,9127,21244,16702,12783,0
373060,1,1,2,1,0,-1,-1,-1,-1,-1,8152,38745,2969,20059,34774,-9347,11776,422,6064,11324,9400,10255,0
157707,1,1,2,1,-1,-2,-1,-1,-1,-1,12872,56412,1352,25790,35596,23359,15437,3945,12426,7362,15355,5069,0
476851,0,1,1,1,-1,0,-1,-1,-1,-1,-12806,11038,37748,14343,11898,24988,8340,12645,19946,8063,15908,13767,0
75932,1,1,1,1,-1,-1,-1,-1,0,0,48181,33409,6224,-693,2859,57345,9627,6815,9717,9263,16111,10412,0
27019,1,1,2,1,-1,-2,-1,-1,-1,-1,8639,15567,-3,7339,1528,12450,13275,10769,10133,5573,2883,755,0
335552,0,2,2,1,1,0,0,0,0,0,36872,33529,51640,43814,50929,39674,3792,30671,5724,11619,5937,13494,0
137544,0,1,2,1,0,0,0,-2,-1,-1,10713,28434,31552,38348,35950,49526,8025,4711,14489,18723,18874,18990,0
117331,0,3,2,1,-1,-1,-1,-1,-1,0,-32373,2165,-12193,35907,19476,5218,10871,13376,7737,8444,16669,8873,0
460920,0,1,1,1,-1,-1,3,-1,-1,0,44470,13771,18616,23900,30553,13978,8423,35,6911,17780,8244,5260,0
191836,0,2,2,1,-1,-1,-1,-1,-1,-1,-12891,18623,-19301,15767,15945,10233,10670,15966,11910,14910,16053,9454,0
443880,0,1,1,1,-1,-1,-1,-1,-1,-1,9474,17333,-23636,43731,24422,-397,12709,1487,9519,12233,12276,8395,0
114432,0,2,1,1,-1,-1,0,0,-1,0,57416,27092,41246,26944,19674,55313,9276,22141,11908,11752,19200,9216,0
428176,1,1,1,1,-1,0,-1,-1,0,-1,29941,45359,-9665,29555,29371,-5907,4394,2975,11052,11685,8862,4929,0
338687,1,1,1,1,2,0,-1,-1,-1,-1,15926,-6923,37063,-18838,6342,13140,2465,6684,7385,16127,4536,6764,0
127807,0,3,1,1,-1,2,-1,0,0,0,15954,16004,23793,13850,31656,29294,1426,23008,1278,1601,4878,5790,0
357605,1,2,2,1,-1,-1,-1,-1,0,0,32726,21886,29784,44375,6927,40463,9333,27881,15512,10156,10817,732,0
218619,0,2,1,1,0,0,-1,0,-1,0,33397,18320,35283,12546,6476,54195,3384,8993,6602,5163,12960,5363,0
190520,0,2,1,1,-1,-1,3,-1,-1,0,-17857,18464,4340,66675,3254,43201,14066,14600,16960,11614,21889,8793,0
22307,1,3,1,1,-1,2,-1,-1,-1,-1,40294,35488,-20891,17863,-3297,-842,8867,9390,1799,7703,8362,7513,0
237128,1,2,2,1,0,-2,-1,2,-1,-1,8943,-26776,53619,429,-17229,53432,4124,10297,5991,1280,8547,7967,0
229908,0,3,1,1,-1,-1,-1,3,-1,-1,3265,4626,19941,62117,-5358,5570,3136,30575,2975,2334,9521,9989,0
470557,0,1,2,1,0,0,0,0,-1,0,47231,42386,36255,15774,42191,50347,9942,2478,6307,13338,499,5570,0
256594,0,1,1,1,-1,0,0,0,0,-1,31769,48563,43197,45197,32977,30107,4821,18322,11238,8187,20465,9930,0
64957,0,2,2,1,-1,0,-1,-1,-1,-1,53245,31340,12353,39007,22932,7420,3525,11325,7603,13482,8806,8575,0
327774,1,1,2,1,-1,-1,0,0,-1,-1,-13937,37966,-2413,37348,65426,2029,10159,7554,10826,18437,14652,15569,0
111496,1,1,2,1,-1,-2,-1,-1,-1,-1,36961,56774,10648,-22535,9052,37660,17063,1280,9809,9940,5136,807,0
36569,1,1,2,1,-1,-2,-1,-1,0,-1,75711,30204,7595,38579,34792,33631,8173,28718,12856,8166,14845,7648,0
465215,1,3,1,1,-1,-1,-1,-1,-1,-1,-3580,-12824,34885,-17976,-625,27397,5863,9771,10924,12218,7021,3794,0
267065,0,3,2,1,-1,-1,-1,-1,-1,-1,-2343,-11255,10906,12294,4082,-2645,5989,8376,11862,9283,4548,2940,0
452045,0,1,2,1,-1,-1,0,-1,0,0,-5233,24787,32832,-22114,31649,20316,5159,5787,2069,7020,8289,6777,0
184204,1,1,1,1,-1,-2,-1,-1,-1,-1,37840,25240,6370,-4108,26599,19835,6633,599,7430,8389,5464,3852,0
408369,0,2,1,1,-1,-1,-1,0,0,0,-4950,-21562,48097,22461,15637,21734,3444,30938,12897,1792,6845,8243,0
235176,0,2,2,1,-1,-2,-1,-1,-1,-1,-5217,39096,17842,20107,-2040,50554,11950,11021,21574,6742,13410,2110,0
173429,0,3,1,1,-1,-1,0,-1,-1,0,9771,31982,-45550,29990,20747,-35,11685,3369,6836,10178,7821,8108,0
351865,0,5,2,1,0,0,0,-1,-1,-1,45323,40591,16267,56019,16113,-2167,5043,403,5065,6644,2344,4448,0
476684,0,1,1,1,-1,-2,-1,2,0,0,33875,16118,77669,33068,15803,66379,6632,37331,15133,11859,8997,10563,0
548186,1,1,1,1,1,-2,-1,-1,-1,-1,36346,43902,21022,64002,8174,7464,5536,21541,7542,9508,18365,3746,0
86977,1,2,2,1,0,-1,3,0,0,0,27712,47612,25802,19765,37560,22495,5204,3895,9106,4628,3727,285,0
136989,0,2,0,1,0,0,-1,-1,-1,-1,8385,38125,27683,33482,6453,-2556,4056,780,14776,19427,1511,2550,0
305439,0,2,2,1,-1,-1,-1,-1,0,0,3287,13161,35845,-24464,-593,35920,7978,10576,3317,1591,286,1787,0
499906,0,1,1,1,0,-1,-1,-1,-1,0,44112,-21876,29519,20467,51205,25879,3892,6022,9042,25975,16739,11617,0
152409,0,1,1,1,1,-1,0,-1,0,0,21986,44868,-15829,24041,22852,27061,11887,6503,6992,5205,17041,4332,0
225183,0,1,1,1,0,0,0,0,0,0,96157,66858,8732,52263,44992,72345,15967,3678,21905,16842,17290,3341,0
23616,1,1,2,1,1,0,-1,-1,-1,0,42268,37552,5715,3101,27901,32527,9160,5800,8990,21646,9590,8826,0
59572,1,2,1,1,-1,0,-1,-1,-1,0,13816,41301,3886,6643,5552,37012,12924,2497,15437,8753,21605,9047,0
161022,1,3,2,1,0,-2,-1,0,0,0,80122,65276,15577,50567,50384,33513,9691,16054,5812,18137,5486,604,0
537983,1,1,1,1,0,0,-1,-1,-1,-1,-2537,17186,18474,14640,11187,2350,10376,5681,10753,6799,13186,4715,0
186030,1,3,1,1,0,-2,-1,-1,-1,-1,50779,22387,19335,40488,-11655,39824,4720,18093,5297,4223,10141,4667,0
46643,0,3,2,1,-1,-1,-1,-1,0,2,-26808,34251,30596,14125,-14814,43546,10772,12151,12928,5196,16778,3333,0
234387,0,2,2,1,-1,-1,-1,-1,-1,-1,8611,35700,17812,33309,18578,28715,9825,18762,14424,23495,9821,5808,0
99632,0,3,1,1,0,0,-1,0,0,0,80381,63793,80956,25279,33588,57639,4551,18445,13713,5068,12132,2679,0
143972,1,2,1,1,-1,-1,0,0,-1,-1,57108,7098,14965,-168,37377,35570,9949,2165,8185,13323,11999,9775,0
67315,1,1,1,1,0,-1,-1,-1,-1,-1,44955,23616,-14463,39218,8233,574,8425,8293,4332,10285,3171,3317,0
35198,1,2,2,1,0,-1,-1,-1,-1,-1,3896,26408,48093,35632,-17255,41332,12592,18458,13005,8822,22030,3332,0
10586,0,3,2,1,0,0,-1,-1,0,0,37479,48180,-4513,57865,43725,6121,3874,12804,8195,18824,15241,10821,0
24502,0,2,2,1,-1,-1,-1,-1,0,0,-9840,31094,6962,44523,11888,18638,9129,26028,15838,10523,20066,11438,0
537205,0,1,1,1,0,-1,-1,-1,-1,-1,14839,42320,14190,23033,42569,11907,13214,4076,14909,14026,20296,8708,0
239173,1,2,2,1,0,0,-1,0,0,0,82490,71492,57367,55036,47954,45329,5974,25186,17619,9857,11916,3686,0
431920,1,3,2,1,-1,-1,0,-1,-1,0,-27742,9968,-2206,35101,25616,38570,12639,19474,19831,21447,23475,17828,0
369922,0,1,2,1,-1,-1,-1,0,0,-1,-36294,5326,36242,2582,21278,-3535,3530,13678,2556,6435,4698,5443,0
243141,0,2,2,1,-1,-1,-1,-1,-1,0,-32462,-9476,956,20221,24386,38802,8627,13076,16261,10624,17746,7303,0
283480,0,2,2,1,-1,-1,-1,-1,-1,-1,76733,52018,34372,39152,11868,39364,16606,40425,13716,10276,9763,4690,0
245238,1,2,2,1,-1,-1,-1,-1,0,-1,-18587,18507,35251,12446,29106,9583,2545,12552,12507,17783,13352,10973,0
271948,1,1,3,1,-1,-1,-1,-1,-1,-1,1374,-32534,7120,-26041,19259,14526,7431,3732,8498,21686,9851,13626,0
278658,0,1,1,1,0,-2,0,-1,0,2,27340,60693,36568,49757,10601,80408,14496,14749,20225,12393,27875,12745,0
515099,0,1,2,1,0,0,-1,-1,-1,0,32686,43113,46853,20677,18399,21206,5941,1583,8348,19292,6717,6017,0
199909,1,2,2,1,-1,-1,0,-1,-1,2,-6643,44670,14286,12976,-362,-5465,11374,15734,149,1850,5370,7150,0
303708,1,2,2,1,-1,-1,0,-1,-1,-1,34619,46064,-10895,27087,44991,38478,22984,12485,15714,18167,19643,13441,0
426656,1,1,1,1,-1,-1,-1,-1,-1,0,-39023,-15511,23170,-10544,-8158,9425,4321,2728,1962,8322,14175,11168,0
183451,1,2,2,1,-1,0,-1,-1,2,-1,24081,5239,15021,18821,16767,13523,717,5929,10350,8103,5646,4888,0
314748,0,1,1,1,-1,-1,0,-1,-1,-1,-11157,37469,7440,-7605,-9816,23878,14351,144,2269,4677,19969,8060,0
52457,0,2,2,1,-1,-1,-1,-1,-1,-1,-12761,-28153,5788,-5434,12147,5471,4970,12124,10596,5369,12972,9931,0
540111,0,1,1,1,1,-1,-1,0,0,0,1073,8648,52071,-6989,27311,36952,5804,4391,11548,3953,12054,3444,0
109586,0,2,2,1,0,0,0,0,0,0,16432,40221,43701,52614,62582,28290,5311,10411,9570,23250,15114,14777,0
320108,1,1,2,1,-1,-1,0,0,2,0,40498,81745,44327,47457,34270,79542,13834,39404,13253,4846,23588,11707,0
135313,0,2,2,1,-1,-1,-1,0,0,-1,-9571,43523,18820,-1859,77030,20640,10773,18209,9883,15036,14119,19493,0
171779,0,1,2,1,0,0,0,0,-1,0,50287,23322,30988,16584,38504,34454,5317,144,6203,17108,12737,10037,0
239989,0,3,1,1,0,0,-1,-1,-1,-1,37349,19650,24199,5650,-10301,34431,6105,504,11118,12456,5311,6944,0
228941,0,1,2,1,-1,-1,-1,0,0,2,16758,58970,48979,22068,45107,49639,14733,31884,12093,18030,15299,6422,0
294235,1,1,2,1,0,0,0,0,2,0,62814,32361,47741,49295,32381,84552,14551,14431,20035,13645,22630,18458,0
386378,0,2,2,1,0,3,-1,-1,-1,-1,55765,6299,13255,18321,15112,-6121,4174,8632,2703,6775,1569,4691,0
411313,0,1,2,1,0,0,0,0,-1,-1,70906,86639,28708,37593,51862,39966,7683,8703,12927,10458,4405,4540,0
149385,1,1,2,1,0,-1,-1,0,0,-1,9669,59603,20652,55468,38197,22208,9835,18851,11727,8224,20939,9958,0
333850,0,2,1,1,-1,-1,-1,-1,-1,-1,22897,18578,4130,20302,15683,33885,18164,12833,20289,22297,30114,10865,0
345047,1,1,2,1,-1,0,0,0,0,0,-23302,24148,22144,1244,38963,24325,7552,2900,15364,11520,17204,14031,0
104161,0,2,2,1,-1,-1,-1,0,-1,0,-17901,868,26300,12825,34433,50313,14409,16484,19447,21288,22842,11650,0
322704,0,2,2,1,-1,-1,-1,-1,-1,-1,76,4158,30147,9296,37038,10820,7899,14790,9666,17249,10889,11067,0
436371,0,1,1,1,-1,-1,-1,0,0,2,-12414,36905,9443,18925,43606,17194,10260,10696,3640,7875,9100,8396,0
166256,1,1,1,1,-1,-1,-1,-1,-1,-1,23915,-12012,905,-9278,-14673,-14984,755,8818,1221,3263,1719,3767,0
136683,0,2,1,1,-1,0,0,-1,-1,0,50029,49431,-15182,57837,25759,18157,14525,283,9259,18154,8658,8825,0
138911,1,2,1,1,-1,-1,-1,0,0,0,42321,18893,1011,31280,51624,53794,11933,14162,16070,15114,13758,15685,0
295460,0,1,1,1,-1,-1,-1,-1,-1,-1,5243,695,-5398,11350,305,539,4528,14089,3730,1509,6124,3285,0
353047,1,3,1,1,-1,-1,-1,-1,-1,-1,-9036,-9829,36816,-22269,4102,62629,21621,12002,12989,11386,14962,11030,0
350635,0,5,2,1,-1,-1,-1,-1,-1,0,-6616,-8292,-16455,48860,16415,5213,7539,9947,17776,17007,14703,8634,0
203269,1,1,2,1,0,-2,-1,-1,-1,0,7807,4726,43313,-3135,-2169,45094,5809,20311,5563,9419,14523,12719,0
65209,1,2,1,1,-1,0,-1,0,0,0,38933,54561,582,28811,47118,21025,7212,13200,11044,15483,7556,7807,0
188493,0,3,2,1,-1,-1,-1,-1,-1,-1,-2214,9777,-17013,40786,3577,7354,10111,16132,12907,1684,10153,4923,0
243880,0,2,1,1,0,-1,-1,0,-1,0,30354,19383,8268,21587,35248,35915,10802,5963,12545,18154,9794,11220,0
91399,1,2,1,1,2,-1,-1,0,-1,0,45931,31395,-4615,5481,25528,32121,12416,572,3578,10707,2135,6693,0
249917,0,1,1,1,0,0,-1,0,0,-1,40334,15059,-275,40755,8696,-4740,2859,2432,189,4373,1939,6003,0
531052,0,1,1,1,0,0,2,0,-1,0,93309,34152,28234,76514,29305,44738,13387,11848,12907,14802,17130,3147,0
94974,1,1,2,1,0,-1,0,-1,0,0,72925,51730,-7992,78517,35360,34897,9862,7867,13791,8525,17635,5111,0
133511,0,1,2,1,-1,0,0,0,0,0,2874,24934,15406,-15787,22780,15117,10797,1327,2989,2491,6180,4220,0
421023,1,2,1,1,-1,-1,-1,0,0,0,39168,-11890,58203,4166,29710,38561,2801,11723,18065,6089,5587,1550,0
405189,0,1,2,1,-1,-2,0,-1,-1,-1,25497,32909,17990,20397,-12940,26773,9788,15963,5461,1965,9185,7247,0
160572,0,2,2,1,0,-1,3,-1,-1,-2,44173,52345,9251,40391,28367,5795,9278,4217,5239,15576,3453,3082,0
63201,0,2,1,1,3,-2,-1,-1,0,0,17582,24432,36734,46550,-4669,67335,10763,20622,18021,12199,20891,6391,0
224663,1,2,2,1,-1,-2,-1,0,-1,-1,35065,48872,39287,10561,1273,2735,5593,23421,6518,2166,4290,276,0
281617,0,1,2,1,-1,-2,-1,-1,0,-1,20357,24323,10860,11544,26812,23917,15023,11016,14184,18904,16857,11846,0
298923,0,3,2,1,0,-1,0,0,0,0,25120,43698,23828,46695,52491,53807,10694,14436,13521,8061,19836,12607,0
506897,1,1,2,1,0,0,0,0,-1,0,60815,79862,14369,43762,52146,18499,16986,4454,6989,10625,15381,6472,0
493101,0,2,1,1,0,-2,-1,-1,-1,0,23826,10564,20523,49018,-4956,32884,6924,9603,13257,10189,7326,4139,0
312788,0,3,1,1,0,0,0,-1,0,0,38564,52580,32069,11601,3253,51977,8791,1754,13970,3643,8238,656,0
162759,1,3,1,1,-1,-1,-1,-1,-1,-1,37596,25505,-7450,24318,-17525,15938,12025,10546,12045,3265,10713,4256,0
204390,1,1,1,1,0,0,0,0,0,0,82396,76872,60132,17342,53470,60572,12864,4449,11871,11251,16624,7314,0
104670,1,1,1,1,0,0,-1,0,0,-1,35622,31001,46536,4833,4846,36603,1799,11451,1468,4659,10653,1639,0
208702,1,1,1,1,-1,-1,-1,-1,-1,-1,-109,22159,1498,-9744,11662,10157,7403,3387,8163,11150,11851,4251,0
92809,1,2,2,1,-1,-1,-1,-1,-1,-1,2251,17736,-2754,33521,10082,-2300,16193,18712,9179,7589,14800,6359,0
366608,0,1,1,1,-2,-1,-1,-1,-1,-1,30408,27180,13035,32601,10835,21930,15102,9748,12995,15675,20566,7660,0
204075,0,1,2,1,-1,-2,0,-1,0,0,45590,70144,-4172,70114,41152,27914,8816,15899,13689,7043,10123,5506,0
224387,0,3,1,1,-1,-1,-1,-1,-1,0,9647,17383,-13102,12638,13262,7456,10202,1116,8038,7339,11538,3732,0
289962,0,1,2,1,0,-1,0,0,2,0,35554,53579,25029,51775,26417,22752,5175,10036,6607,3971,7526,1084,0
124739,1,1,2,1,-1,-1,-1,-1,-1,-1,29190,15935,-24186,35778,32024,-14915,12685,17879,19284,18450,15077,884,0
463771,0,1,1,1,-1,-1,-1,-1,-1,-1,14245,6932,2536,6460,24324,-8074,13231,14804,7843,11675,11579,8133,0
370378,0,2,1,1,-1,-1,-1,-1,-1,0,-1779,62038,16920,35527,9348,19287,11634,15184,14783,8695,19576,5438,0
210799,0,2,1,1,1,-2,-1,0,0,0,51116,63738,27996,37107,10587,35306,11150,25610,3503,184,11676,8072,0
238811,1,3,1,1,0,-2,-1,-1,0,0,86138,79936,56829,66594,18466,38857,7386,27112,15455,6403,7760,1353,0
335976,0,2,1,1,-1,-2,-1,-1,-1,-1,479,10137,37071,59916,328,19742,8671,24803,19129,10179,21387,6976,0
156394,0,2,2,1,-1,-1,-1,0,0,0,66813,31259,50007,1971,56836,42335,7616,22683,555,8414,3735,3390,0
184587,1,2,1,1,2,-2,-1,-1,0,0,52251,58621,30389,62644,24704,69059,14184,22123,18197,13990,17031,10083,0
119526,0,2,2,1,-1,-1,-1,-1,0,0,7760,2580,13962,-1059,22168,3422,1314,5273,3283,7212,6862,4226,0
480332,0,2,2,1,-1,0,-1,-1,-1,-1,32899,-9579,12309,15787,20785,11045,2019,5282,7325,7464,2050,6168,0
140796,1,1,2,1,0,2,-1,-1,-1,-1,8624,36330,2503,2637,38888,12334,4929,2737,12272,14566,12716,5229,0
283625,0,2,1,1,0,0,0,-1,-1,-1,58255,102685,26696,59984,-8852,27338,8804,5774,7433,660,11938,1321,0
678836,1,1,2,1,0,0,0,0,0,0,23230,60635,34078,36461,46857,22042,7602,14945,4184,5785,5343,4451,0
285612,0,2,1,1,-1,0,-1,0,0,0,46639,24061,46800,27567,25940,39605,5566,23067,10718,6625,15435,7551,0
123648,0,1,1,1,1,-1,-1,0,-1,0,18090,-24870,27899,9846,7025,41895,4473,20909,1627,11100,11722,4194,0
257160,0,3,1,1,-1,0,-1,-1,-1,-1,26967,33509,20697,-10978,9222,30335,11988,9617,7095,7431,12759,7675,0
139485,0,3,1,1,-1,-1,-1,-1,-1,0,6943,-18,-24069,4853,7014,14039,11336,9236,11567,5508,11411,8090,0
82410,0,2,1,1,0,0,0,0,0,0,79234,32689,11758,65166,47799,33207,1577,7077,19125,14103,3907,7782,0
198723,0,2,2,1,-1,-2,-1,-1,-1,-1,34862,9161,4723,39047,-11885,29801,9164,22395,9987,8268,10044,2678,0
94305,0,2,1,1,-1,-1,-1,-1,-1,0,26688,-16420,-9302,3605,22712,31993,6304,5102,12161,11622,12515,4346,0
108493,1,1,1,1,-1,-1,-1,-1,-1,0,5880,-977,-5439,13410,19608,-8296,5764,11846,8262,9142,4406,1602,0
373598,0,1,1,1,1,-1,0,-1,-1,0,41964,38322,15596,5957,47196,25851,12502,1513,9765,16188,8998,4162,0
122315,0,3,2,1,-1,-1,2,0,0,0,41501,-3102,-484,15238,42975,-3959,1866,7122,5849,9340,3566,4649,0
187441,1,1,2,1,-1,-1,-1,-1,-1,-1,-2068,-19972,-8479,11093,27903,7754,5099,17141,9009,11786,14598,8442,0
336533,1,1,1,1,-1,-1,0,0,-1,2,-29200,49279,1701,17352,24513,34333,17596,12497,9798,5476,15316,496,0
382854,0,2,1,1,0,0,0,3,-1,0,62989,68246,23994,63953,48795,39966,9317,3792,17213,19745,17898,18807,0
48957,0,2,2,1,0,-1,0,0,0,0,36870,65577,26259,50415,37497,53309,6891,15435,10625,5126,8251,8507,0
126199,0,2,2,1,0,0,0,-1,-1,0,58439,50066,37877,52731,2572,39715,10257,1912,9166,9951,15990,6933,0
57378,0,1,1,1,-1,-1,0,-1,-1,-1,37408,62421,7245,33430,31182,1148,3623,14588,4128,9009,8341,7467,0
160839,1,2,1,1,-1,-1,-1,-1,-1,-1,29845,-4481,1830,-5439,-2066,-7866,3412,1053,1291,6415,4459,4756,0
193335,0,1,2,1,-1,-2,-1,-1,-1,-1,22347,14740,7969,50847,41804,21510,13376,22196,15838,27632,24720,20823,0
151547,1,1,2,1,-1,-1,-1,0,-1,-1,20363,44319,20151,1210,31786,25564,16439,10962,13627,12127,16329,6046,0
513478,1,1,1,1,-1,-2,-1,-1,-1,-1,15038,923,-3935,31029,23708,13813,4463,3791,21001,20863,12393,8435,0
85062,1,1,1,1,-1,-1,-1,-1,0,0,57005,22515,-11078,38123,29924,24234,7269,12891,6025,10607,6899,3272,0
297988,1,1,1,1,0,0,-1,0,0,-1,25522,44775,48089,31206,16097,37358,8881,21851,15068,10726,17408,8805,0
345257,0,1,1,1,-1,-1,-1,0,0,0,8402,29549,23217,42911,30334,39635,17188,34520,10349,8908,16182,4633,0
56717,0,1,2,1,-1,-1,-1,0,-1,-1,16557,48168,24065,-12494,32467,25753,9940,9068,7708,9909,6413,1085,0
168108,1,2,1,1,-1,-1,-1,-1,-1,-1,18160,10539,787,-9110,22298,26995,8376,247,9284,4912,21107,2873,0
205128,1,2,2,1,-1,-1,-1,-1,-1,-1,18072,5436,18585,-13085,8001,9759,2490,6603,6083,6417,8684,10099,0
66978,0,1,2,1,0,0,0,0,0,0,56759,20836,21034,2355,24146,30911,2886,1271,4626,9509,1432,502,0
195180,1,2,1,1,-1,-1,-1,0,2,0,18899,13213,54098,-12503,9007,44457,5945,18085,8475,3380,4011,202,0
185195,0,1,2,1,-1,0,0,-1,0,2,39685,45875,-28336,22014,16517,3022,11174,3395,1987,5933,52,3404,0
420896,0,1,1,1,1,-1,-1,-1,0,-2,-2156,24622,-35060,17587,10580,-27342,9001,3355,2956,510,408,3797,0
207111,1,1,1,1,0,0,-1,-1,-1,-1,7342,-6450,5541,21074,-4017,442,626,4636,4515,6459,1681,2025,0
144491,0,3,2,1,0,0,0,0,-1,0,10314,4573,16225,4581,2255,14451,7097,3130,1262,4633,802,2964,0
113443,0,1,1,1,-1,-1,-1,-2,-1,-1,7248,19865,-7570,12783,-33432,21426,7964,2522,393,5170,1092,10876,0
436874,0,2,1,1,-1,-1,-1,-1,-1,0,27147,12612,7947,10715,-4160,3938,3765,1151,1899,4927,1590,11607,0
329105,0,1,2,1,0,-1,0,-1,-1,0,17728,-839,15653,5340,-17141,45126,4590,1703,2243,11440,4338,13668,0
450453,0,1,1,1,-1,-1,0,0,0,0,-5196,-3025,-5681,19984,4346,3101,5106,5266,3016,2659,6196,5318,0
509353,1,1,1,1,0,0,-1,-1,0,-1,55008,18970,-12602,13856,7985,2367,7789,1860,8515,4185,2609,3703,0
83101,0,2,1,1,0,-1,-1,0,0,-1,7997,-8719,25841,10240,-14127,14544,1144,4176,6603,2749,6079,4934,0
388818,0,1,2,1,-1,-1,0,3,2,0,10285,-10021,42564,-21088,497,36070,4878,2719,2451,4812,3481,4084,0
642702,0,1,1,1,1,0,0,-1,0,0,-2243,3353,-21370,-517,17514,-11545,2151,1223,755,9022,1971,8909,0
33019,0,1,2,1,-1,-1,2,0,-1,-2,12492,43469,-14360,35503,11583,-15887,6734,5003,298,4299,2300,2070,0
295602,0,1,2,1,0,0,0,-1,0,-2,26001,9294,2644,13446,3389,10681,4075,5707,2515,498,3266,7888,0
180681,1,3,1,1,1,-1,0,0,0,-2,-28194,2073,49233,-43430,-12063,34646,9,871,170,471,5042,1074,0
224134,0,1,1,1,-1,-1,0,-1,-1,0,-4671,23877,2372,14631,-10092,10995,5493,2940,3893,2907,2388,4274,0
117420,1,3,1,1,0,-1,-1,0,0,0,7434,15156,25580,16584,-12762,15205,6721,11942,2797,1296,1603,3966,0
302438,0,1,1,1,-1,-1,-1,0,-1,-1,-5918,10634,-6692,-411,8050,2907,6169,2263,1937,2888,4435,1403,0
180398,1,1,1,1,0,0,0,-1,0,0,-28391,9353,-680,25752,-14277,15054,228,5627,2830,1304,6793,457,0
225081,1,2,2,1,0,0,0,-1,-1,-1,33175,18912,-9570,39150,-15163,9180,7430,1337,3723,1164,4993,10595,0
374344,1,1,1,1,1,-1,-1,-1,-1,0,22395,-2013,8771,13827,-6826,-837,1716,3354,3867,1308,2106,5947,0
372512,0,1,1,1,0,0,-1,2,-1,-1,7340,19877,-7987,8228,-2371,2255,3715,5873,642,2337,3144,904,0
203885,0,1,1,1,-1,-1,-1,0,-1,0,22105,6107,15177,-1579,-15791,31006,9116,4132,7302,6777,1796,1309,0
241453,0,1,1,1,2,0,-1,-1,0,0,22402,3665,16594,-7083,-17060,32592,7745,6862,2497,2228,2323,7946,0
574861,0,1,2,1,0,0,0,0,-1,0,-30541,6101,-4825,5006,12568,18593,4793,347,2225,775,8234,494,0
212984,1,3,1,1,0,0,0,0,0,0,9408,30192,19691,-2429,-14068,35012,6239,5727,3160,565,3175,2869,0
36708,1,2,1,1,0,-1,-1,-1,-1,-1,53081,-6617,-224,8340,-9012,9377,4175,1031,4735,5917,1664,2239,0
280087,0,3,1,1,-2,0,0,-1,-1,0,-13127,-18879,42137,-6382,-23589,45735,654,110,4199,2760,7835,6250,0
314119,0,1,2,1,0,-1,-1,-1,0,-1,2200,-21396,12726,11707,14471,4037,724,205,5787,5020,3786,2592,0
253591,0,1,2,1,-1,-1,0,-1,0,-2,4387,23415,-2783,18826,-5792,3669,4097,1257,2638,1553,6827,11368,0
153112,1,1,2,1,0,0,-1,-1,0,-2,20505,12712,27308,670,-11501,18139,1167,3665,3387,2584,3413,5853,0
383772,0,3,1,1,-1,-2,-1,-1,-1,-1,-7262,25131,-8381,18396,-11580,-2196,457,7338,5020,40,4671,5519,0
180267,1,1,2,1,1,0,0,2,0,-2,3231,-9903,14740,-51,-7085,21459,258,1986,188,2713,7923,6851,0
95994,0,2,2,1,0,-1,0,0,0,0,10756,-12389,30690,1450,-162,32623,5696,4269,3289,2546,1269,5497,0
118852,0,1,1,1,-1,-1,-1,-2,-1,-1,23792,-14685,32268,-15950,-2280,11607,3937,4968,2725,3490,1046,11467,0
250027,1,3,1,1,0,0,0,0,0,0,16235,5646,41598,-8841,-11055,29959,4608,4544,1355,4416,2802,12856,0
113838,1,1,2,1,-1,-1,-1,-2,-1,-1,-23019,8695,48927,-18884,-27738,25443,4372,5954,488,2237,127,21289,0
146724,0,3,1,1,-1,-1,0,-1,-1,-1,42443,903,-25681,40691,-9416,8949,5508,6048,8821,2341,1187,5860,0
136031,1,1,2,1,-1,-1,-1,-1,-1,-1,-25919,35283,27527,1662,-27515,17688,7114,3216,4470,1079,42,438,0
299528,1,1,1,1,2,0,-1,-1,-1,0,20011,5410,23183,-24396,-22482,57675,8076,1304,5060,4338,6042,1758,0
249006,1,1,1,1,-1,-1,-1,0,0,-1,30973,4316,3183,6944,-17768,7378,2249,11269,2197,868,1760,6559,0
207338,1,1,1,1,0,0,0,-2,-1,-1,16727,17877,8859,-14242,-4843,26766,652,3315,390,10094,656,8598,0
297724,0,1,1,1,-1,-1,-1,0,0,-1,24001,-26547,17177,-12268,15548,3480,2368,9186,4232,5782,707,4080,0
212234,1,1,2,1,0,-1,-1,0,0,-1,17539,-9288,7316,-8058,5496,20826,2116,1261,81,6672,1269,7052,0
568060,0,1,1,1,-1,-1,-1,-1,0,-1,40082,29650,-27767,44804,-2667,-14678,12661,10249,1796,2408,2456,8675,0
200731,0,1,1,1,-1,-1,0,-1,0,2,15111,11456,3965,3169,-15682,27103,7647,7835,5200,1091,2113,9777,0
386256,0,1,2,1,-1,-1,-1,-2,-2,-1,14965,6678,11598,2347,1042,-1403,486,3426,1679,1092,5503,6174,0
408229,0,1,1,1,-1,-2,-1,0,0,-1,-7100,9039,-29338,50431,-7002,-18805,5482,6876,2364,1874,3915,284,0
316111,0,1,1,1,-1,-1,0,0,-1,-1,-12258,12774,-18951,-1025,18466,2691,4284,1540,3627,1837,5836,2307,0
367259,0,1,1,1,2,-1,-1,-1,-1,-1,8955,-5988,17345,-4116,-10476,23404,4869,536,3201,2333,3331,5066,0
400505,0,1,1,1,0,0,0,-1,0,-1,32874,4845,6873,-14965,-7205,31417,7961,1073,2029,5473,4336,16774,0
170296,0,1,2,1,-1,-1,-1,-1,-1,-1,27654,11000,-10983,10291,10377,-14713,1704,3734,572,5041,908,4441,0
315240,1,2,1,1,-1,-1,-1,0,-1,0,-30790,-2431,38465,-10825,-3389,35436,2122,4968,12018,1757,2102,4124,0
283439,0,1,1,1,-1,-1,-2,0,-1,-2,-12028,8081,1007,7995,14503,-30290,5203,395,725,1183,157,6389,0
444683,1,2,1,1,0,-1,-1,-1,-1,-1,-3224,1749,22222,16557,-1247,-973,1556,3619,4151,2851,2430,1308,0
257830,0,2,1,1,1,-1,-1,-1,-1,-2,-1154,33136,-16788,-10969,9179,3006,5288,1410,6881,470,1065,4639,0
97165,1,1,2,1,0,-1,-1,0,0,0,-10537,-2289,9973,9781,3170,-864,2661,5184,1518,579,1853,4506,0
357923,1,1,1,1,0,-1,0,0,-1,-1,50564,15611,18687,-263,-3359,39056,7705,4990,5345,5580,752,1102,0
80340,0,1,2,1,-1,2,-1,-1,0,0,35463,32302,-20128,24850,-10497,12248,15331,10108,678,2866,123,11106,0
247820,1,2,2,1,-1,-1,-1,0,0,0,-2447,10637,10934,7942,18658,1324,292,5500,4466,4880,3881,7192,0
168460,0,2,1,1,-1,0,-1,-1,0,0,-3749,-1061,33662,12243,-17190,-3154,4981,7230,6444,1823,706,6070,0
224442,1,1,2,1,-1,0,-1,0,0,0,14039,8901,19945,26751,-17210,6364,9530,13872,2423,2837,602,9246,0
339849,0,1,1,1,-1,-1,-1,0,0,-1,-6624,6517,23287,-2757,-5718,-1623,3259,9902,1054,1059,5176,11276,0
127343,0,2,1,1,-1,-1,-1,0,0,0,-2595,-17988,48917,-20378,-10443,23110,6100,3639,821,3418,2384,4562,0
317868,0,2,2,1,2,-1,-1,0,-1,-1,-24416,-522,45455,-17007,-17934,31346,2288,5969,1123,303,10581,3572,0
364362,0,1,1,1,-1,-1,-1,0,0,0,14361,16741,-2197,5620,-731,10680,10596,3714,65,1609,5502,1206,0
320736,0,3,1,1,0,-1,0,0,0,0,-14433,-35257,42870,-20486,-15820,43917,3504,926,1026,204,10590,10438,0
318553,0,1,1,1,1,-1,-1,-1,0,-2,34732,4407,6946,-14611,13149,-1295,4549,2731,4849,5826,1468,2810,0
264007,0,2,2,1,-1,-1,-1,-1,-1,0,41961,17217,-33982,22604,19987,-14842,8565,1856,1595,3308,833,445,0
179457,0,1,2,1,-1,0,0,-1,0,-1,35374,10158,-23521,29606,-3266,3062,11229,3372,832,25,2997,4889,0
411080,1,3,2,1,-1,-2,0,-1,0,-1,-56116,3953,-5166,16555,-2154,3775,2360,2601,9007,166,2277,2994,0
189194,0,1,2,1,-1,-1,0,-1,-1,-1,29856,-11404,29310,-11903,1028,6251,2740,1807,1943,9815,455,1390,0
68992,1,2,1,1,0,0,-1,-1,0,-1,15445,2982,4875,27989,-12402,12683,5922,885,3622,2774,5675,7628,0
270528,0,2,1,1,-1,-1,-1,-1,-1,0,10915,9240,-15446,-7184,16743,-12701,709,1338,1577,2277,2939,7721,0
536879,0,1,1,1,0,0,-1,-1,0,0,41089,14258,-14344,19973,-17907,22188,8458,5953,2762,2354,4702,13921,0
114363,1,1,1,1,-1,-1,0,0,-1,-2,-9874,10522,17947,-10218,16030,-2086,2827,1895,291,2352,1004,736,0
474067,0,1,2,1,-1,-1,-1,0,2,0,5921,998,-5363,22079,6549,-6640,6875,8007,1968,1980,1511,940,0
448423,0,1,1,1,1,0,-1,-1,-1,0,6060,9682,-3221,25434,-6969,-1797,6082,4465,6919,7530,2037,6916,0
261020,0,1,1,1,-1,-1,-1,-1,-1,-1,-29267,17951,19920,31969,-17765,-5466,4225,11760,4523,389,3282,4949,0
114800,0,1,2,1,-1,-1,-1,-1,0,0,29164,-146,9053,28277,4122,-13406,1090,4720,1230,6213,1759,5450,0
425204,1,2,1,1,1,0,0,-2,-1,-2,14538,22958,21447,-1783,-6995,7178,5230,3693,3358,1691,1474,3599,0
548766,0,1,1,1,-1,-1,0,0,0,0,1520,-9318,20775,10880,2566,-947,7263,13054,5790,1009,396,9977,0
389217,0,3,1,1,0,-1,0,0,0,0,-10028,23007,17240,10605,-9877,13609,7574,10005,4489,2631,609,3675,0
448429,0,1,2,1,0,0,-1,0,0,-1,-8206,12330,39994,-15492,-7696,5364,2123,7266,936,2054,6840,14586,0
253748,0,3,2,1,1,-1,-1,-1,-1,0,-6519,20009,10349,6889,3098,-4772,278,2585,404,4112,2559,10264,0
434408,0,2,1,1,-1,-1,0,0,-1,0,15525,-7891,-388,7670,14627,-6719,5184,1884,104,3943,454,633,0
111579,0,1,1,1,0,0,-1,-1,0,-1,50477,-5000,-7474,35234,-6365,-2380,1036,7709,5887,2180,3653,3474,0
358236,0,1,1,1,1,-1,-1,-1,0,-1,45041,12643,-17964,47103,5383,-19677,5601,11121,1270,1333,6185,2263,0
375238,0,2,2,1,0,-1,-1,0,0,0,30501,-13301,44020,-32288,8655,13582,2103,5324,1030,5172,381,98,0
144538,1,1,2,1,-1,0,-1,0,0,0,20183,24864,2824,-26604,4103,39479,12117,5441,1971,530,1594,7390,0
79178,0,3,2,1,-1,-1,-1,0,2,0,-18868,30056,24397,3450,580,2142,2284,8624,721,2278,940,633,0
142294,0,2,0,1,0,0,-1,-1,-1,-1,16822,3842,3475,27511,-18395,8215,457,4724,6117,573,4522,444,0
239854,0,2,1,1,1,0,-1,-1,0,-1,12978,15012,-28546,7559,4839,-3161,5838,3874,7579,1443,484,1393,0
32107,0,2,2,1,-1,-1,0,0,0,2,16246,-10109,-12625,20305,23324,6843,3238,1366,34,10948,4944,3111,0
318065,0,2,1,1,1,-1,2,-1,-1,0,2202,13647,38068,908,-13676,12468,1194,6255,4134,7998,875,1794,0
94286,0,1,2,1,-1,-2,-1,-1,0,-1,39343,32148,-32360,14587,-5682,-9607,9205,2821,889,3865,94,16208,0
359324,1,1,1,1,0,-1,-1,0,0,-1,-19758,-6765,40497,-9845,-6747,34804,6624,4014,13237,1644,2225,3060,0
484528,0,1,1,1,-1,-1,0,-1,-1,-1,8747,45470,-32652,45944,-15046,5050,15885,4465,816,2204,6647,9949,0
182669,1,2,2,1,-1,0,2,0,0,-2,4514,3490,11682,-2575,8090,18358,4086,2731,1782,2867,1958,2539,0
456616,0,1,1,1,0,0,-1,0,0,-1,4378,-4545,-9057,2621,20251,-16683,2667,2735,1526,3344,2647,2705,0
230625,1,3,2,1,1,-1,-1,-1,-1,-1,11190,22257,5208,6518,-2421,-1109,1821,1638,1455,6250,1483,9886,0
211199,1,2,1,1,0,-1,0,-1,0,-2,8064,16836,9675,6724,-2114,20463,9911,1854,2650,960,2368,5871,0
492340,0,1,1,1,-1,-1,-1,-1,-1,-1,13034,-1160,4413,4728,-7626,-4211,2759,6845,3663,609,2510,2553,0
17611,1,2,1,1,0,-2,0,0,0,0,16185,14705,3989,12622,-25219,54045,13346,4185,1075,2145,8216,1853,0
364483,1,1,1,1,-1,-1,-1,0,0,2,-12789,16429,-5934,32373,24686,-31625,3834,12091,1797,1499,3431,1964,0
321051,0,1,2,1,0,0,-1,-1,-1,-1,43632,-10670,2853,2990,-6996,16151,3666,2662,1841,6164,456,702,0
389334,0,1,1,1,1,-1,2,-1,-1,0,6650,11863,-2170,25248,-22764,-2917,9969,3527,2211,1994,507,7298,0
249937,0,1,1,1,-1,-1,-1,-1,-1,-1,34757,2123,16247,6441,-6468,7984,4297,7888,1378,3450,141,9421,0
492242,0,3,2,1,0,-1,0,0,-1,-2,-1884,13458,21193,16876,7158,-2493,9433,2955,2312,5024,972,6060,0
382730,0,1,2,1,-1,-1,-2,-2,-2,-2,20499,5288,-27004,13009,5564,-8307,5354,3152,3557,1085,1267,2188,0
298509,1,1,2,1,-1,-1,-1,-1,-1,-1,44816,-10094,19404,-31548,-10878,24668,7898,2940,511,7327,59,8492,0
149994,0,2,2,1,-1,-1,-1,0,0,-2,-21280,19223,28560,1453,5931,-558,370,5136,5076,780,3034,7416,0
128462,1,3,2,1,0,-2,-1,0,0,-1,20534,12884,25224,-9935,-4569,3610,32,8695,1072,840,1845,824,0
285973,1,1,1,1,-1,-1,-1,0,0,0,-5143,14590,8941,20280,-3186,10695,11458,11446,6262,1104,880,2027,0
337252,1,2,2,1,0,0,-1,0,-1,-1,13123,10472,42212,-9955,-12833,16615,2932,4846,4867,535,383,6609,0
47398,0,3,1,1,-1,-1,0,-1,0,0,23622,15566,-27803,47587,-15449,18776,14496,4823,4609,824,1671,9364,0
344285,1,2,1,1,0,0,-1,0,0,0,46581,-24628,470,-27083,-8454,44108,6103,243,885,1651,5696,12034,0
193239,0,2,2,1,-2,-1,0,3,0,2,4949,15790,30579,30189,-18481,4628,2848,14125,911,2353,2094,4450,0
300607,0,1,1,1,-1,-1,-1,-2,-1,-1,-12387,18779,31865,9074,-17966,8865,5035,2789,986,8704,5108,11760,0
20562,0,2,1,1,-1,0,-1,-1,0,0,8651,13980,22057,-11360,-10178,10722,185,3424,2304,3419,3339,1007,0
57119,0,1,1,1,1,-1,-1,-1,-1,-1,22927,2796,31417,-752,-21708,5946,3363,5111,908,4534,3268,10498,0
117781,0,3,2,1,1,-1,-1,0,0,-2,-30923,31312,9296,13276,-14557,9656,6035,4400,248,39,5041,699,0
296036,0,1,1,1,0,0,0,0,0,0,49871,-42918,61909,-4547,-2163,27423,3767,13349,1107,2346,3308,3321,0
549131,0,1,2,1,0,-1,-1,-1,0,0,13533,124,13926,-8955,4105,4559,6175,4078,2281,3669,1802,10827,0
249467,1,1,1,1,0,0,2,-1,-1,-1,9210,5619,-12960,50131,-4759,10762,3248,1823,4449,6942,5489,8003,0
291533,0,3,1,1,1,0,0,0,0,0,-16318,4038,20648,-447,-16033,22957,850,8590,1938,6411,876,4511,0
164561,0,1,2,1,0,0,2,0,0,0,45565,26824,-2401,26640,-5414,10872,8396,6654,2680,1860,1905,3801,0
312157,1,1,1,1,-1,2,0,-1,0,-1,16676,-3406,-26131,21701,-6092,4061,6735,6550,7358,312,1429,7295,0
160266,0,2,1,1,-1,0,0,-1,0,0,-107,12061,-18000,11994,10064,3206,4001,137,2369,1217,3748,6332,0
144912,1,2,1,1,0,-1,-1,-1,0,0,14486,6754,12944,8029,-12709,18634,4022,5174,198,7112,2563,11328,0
173406,0,2,1,1,0,0,0,-1,0,0,21785,28441,-45619,32898,4803,3204,8928,517,1810,3017,4284,5624,0
260572,0,1,1,1,0,0,-1,-1,0,-1,38799,-18,1852,5053,-7303,23923,2795,2171,4261,2517,5734,10931,0
358120,0,3,1,1,1,-1,0,0,0,0,-38316,-4464,26703,-10009,1793,7874,4698,2923,730,633,1503,2938,0
202236,0,3,2,1,-1,-1,-1,0,0,2,-7137,20938,5917,12973,-972,-5082,8599,10567,5556,21,403,7524,0
140741,0,2,1,1,-1,-1,-1,-1,-1,-1,9048,39020,-16214,8148,-9922,3974,4306,5438,3738,4680,776,5578,0
82569,1,1,2,1,0,-1,0,-1,0,2,-4292,21931,7122,5021,-10463,33823,8191,317,1911,2137,5719,12194,0
473255,1,1,1,1,0,0,-1,0,-1,0,53374,-22958,-2165,-34008,21857,14642,4214,41,7175,12,749,1463,0
115156,1,2,1,1,-1,-1,-1,0,0,-2,-6717,1907,20487,-5720,-1983,17238,1208,4497,703,3652,3287,7804,0
55896,1,1,1,1,0,0,0,0,-2,-1,38639,23347,5598,-8499,-15553,43162,6814,1637,83,2391,6639,6051,0
417427,0,2,1,1,-1,-1,-1,-2,-1,-1,5628,-4307,-2752,23519,7305,-20840,1933,2743,1793,5689,2131,6886,0
324789,0,1,1,1,0,0,-1,0,-1,-1,18786,-18104,23904,-12136,-8031,17258,1178,6238,2853,5272,1558,4727,0
256947,0,1,2,1,-1,-1,-1,0,2,-1,-20757,-830,27337,-12795,-7492,20952,2007,2501,2053,868,2047,8686,0
488969,0,2,1,1,1,-1,-1,-1,-1,0,4745,-22890,26202,-24640,-4813,1970,82,4419,4595,5538,4215,3659,0
167852,0,2,1,1,-1,0,-1,-1,2,0,18784,-3627,10549,-23686,-12071,41741,254,2807,3863,7638,3569,661,0
251670,1,1,1,1,-1,0,-1,0,0,0,19329,-172,926,6199,-10700,28234,10221,3981,1843,484,5736,3354,0
15855,0,2,2,1,-1,-1,-1,-1,0,0,15420,181,28396,-19839,-9275,31344,4387,1540,5752,3152,1426,6174,0
65622,1,1,1,1,0,-1,0,-1,-1,-1,14836,14618,3095,6611,-2997,8763,823,3909,294,3515,2991,4705,0
165413,1,1,1,1,-1,-1,-1,-1,-1,0,-4965,-1875,25528,-6379,-12574,32689,271,2464,4964,2087,6906,458,0
636542,0,1,1,1,1,-1,-1,-1,-1,-1,46492,-2238,2520,6888,-11262,-8128,5124,6851,2714,4448,2094,12676,0
122650,0,1,1,1,2,-1,-1,-1,-1,0,10429,18974,8885,-617,-11193,20663,8887,8040,3685,2607,1657,623,0
129130,0,2,2,1,2,-1,0,-1,0,2,-7000,19434,9319,18590,-12006,17858,12097,2239,3373,6019,874,11606,0
214862,0,1,2,1,-1,-2,-1,-2,0,-1,-8826,28657,-4341,24291,14428,-29185,2685,8915,942,389,3085,2907,0
253666,1,1,1,1,-1,-1,0,0,0,0,34079,25952,-10629,17911,7038,-4759,8465,10554,2183,1301,3138,5335,0
117818,0,2,2,1,-1,-1,0,-1,0,-2,534,11050,20386,-5201,4327,14609,1535,1734,4979,1723,2673,372,0
351342,1,1,1,1,1,-1,0,2,0,0,36210,-51159,24138,-23163,-2120,30201,1334,7823,5786,2122,2417,1734,0
202142,1,3,1,1,0,-1,-1,0,-1,-1,6648,18509,18870,-11661,-4805,16262,11432,1588,315,4787,2207,9615,0
388663,1,1,1,1,0,-1,-1,0,0,-1,61782,6630,372,-906,8818,-3940,3012,9226,2749,4741,2841,3554,0
253748,0,2,1,1,0,0,-1,0,0,0,8729,4354,17994,2033,-16176,16945,3717,10452,3578,252,5489,8826,0
210106,0,3,1,1,-1,0,0,-1,0,-1,-16865,6718,9604,2164,-14268,16780,2365,446,1590,2934,5887,8935,0
306713,0,2,2,1,2,-1,-1,0,0,0,21422,-14705,14829,-5397,-1413,14210,637,7584,729,2709,3093,4875,0
156529,1,1,2,1,2,-1,-1,-1,-1,-2,9618,12353,14555,-19249,833,24504,1531,730,3108,4168,3081,6321,0
130688,0,1,1,1,-1,0,-1,0,0,-1,16796,8416,-7489,21085,-9544,5256,5689,12564,377,3977,1708,6177,0
603631,0,1,1,1,1,-1,-1,-1,-1,0,20458,2618,24355,-9948,-6457,7513,8441,3123,2995,7323,752,4920,0
285512,0,1,2,1,-1,-1,-1,0,0,2,8262,30026,20510,27236,6813,2465,12417,9759,5085,5086,2643,709,0
51196,0,3,2,1,2,-1,0,0,0,0,-17138,-1383,35916,-21497,-25196,60139,13734,415,4045,1007,1478,12169,0
107093,0,1,2,1,-1,-1,2,-1,-1,0,19680,15301,-31117,29007,3691,4739,4154,1653,5370,1918,2101,3987,0
258023,0,1,2,1,-2,-2,-1,-1,0,-1,993,15096,25332,12060,2988,-12695,7482,7489,3748,2408,1249,565,0
242963,0,1,2,1,2,0,2,-1,0,0,26882,6990,-17003,7694,5378,2113,2960,2308,212,6272,2447,2144,0
332490,0,2,2,1,-1,-1,-1,0,-1,-1,6927,37644,7573,4399,16965,-16714,4016,5185,1756,1982,1584,7573,0
234028,0,1,2,1,0,0,0,0,-1,-1,-6149,11202,23285,3665,-19518,25520,1866,3132,4560,3207,7356,8279,0
315715,1,3,1,1,0,-1,2,-1,-1,2,7156,20161,-15756,28303,4037,-17673,2496,2177,2178,2552,111,2185,0
151649,0,3,1,1,2,0,0,-1,-1,-1,-2177,17527,-453,12774,-6730,8264,1819,1814,2067,845,6022,5907,0
132262,1,2,2,1,-1,0,0,-2,0,2,-5890,26511,-2226,-8252,4187,16973,6303,1313,3002,229,2028,8472,0
509236,0,2,1,1,-1,-1,-1,-1,-1,0,48545,6241,-21501,15479,7677,-18652,2740,5152,580,2698,4709,1753,0
324005,0,3,2,1,2,0,0,0,0,0,436,8472,50929,19355,-23811,28783,3616,13306,3007,822,3026,7623,0
445609,0,1,1,1,0,0,-1,0,0,-1,6264,26938,-6279,29949,-6789,-3700,12952,7952,1538,1629,6002,13431,0
838655,1,1,1,1,0,0,-1,0,-1,-1,10360,1218,37153,-45932,4778,9611,2797,5835,8412,2791,724,11703,0
339988,0,2,1,1,-1,-1,-1,-1,0,-1,-4194,-2568,21820,16664,-14091,-3302,3151,8150,9812,2340,3301,13331,0
383511,0,2,1,1,-1,0,-1,-2,0,-1,7262,227,11651,-10251,-1691,20438,9803,4130,2487,2868,6629,4506,0
258881,0,3,2,1,1,-1,0,2,0,-2,5028,-20303,13128,-5286,-4013,7898,2208,3679,2029,1113,3075,6255,0
709710,0,1,1,1,1,0,-1,-1,-1,-1,7282,18404,-13061,2819,577,-9172,5611,7694,4522,291,1355,4981,0
255158,0,2,1,1,1,0,-1,0,0,0,-9463,6513,28866,-6417,1700,2133,4277,1308,2132,394,1387,544,0
249068,0,1,2,1,0,-1,-1,0,0,0,27562,-13161,48657,-4392,-69,8977,5695,10282,5492,249,798,8245,0
180756,0,2,2,1,1,0,0,-1,0,0,64260,21990,-35281,23355,6572,19354,11832,1793,2615,1554,2529,2132,0
221673,0,1,2,1,-1,-1,-1,-1,0,-1,6129,27944,-24359,39286,-9352,9675,7300,9155,4773,1313,3736,13149,0
428205,0,1,1,1,-1,-1,0,-1,3,0,21907,-1436,3588,-17779,-3081,21657,8256,1894,5509,5862,917,13216,0
352262,0,1,1,1,0,-1,-1,-1,0,0,37814,935,13536,8578,-11605,31658,11203,2310,1508,3699,6857,2094,0
343971,1,1,2,1,-1,-1,0,-1,-1,0,-23965,36842,10959,3967,5151,14949,8386,10324,11618,5859,3239,1543,0
419304,1,2,2,1,0,-1,-1,0,-1,-1,1054,-1306,38604,-6211,10402,24874,5199,10630,9952,7453,7334,4294,0
578400,1,2,2,1,-1,-2,-1,-1,0,-1,60178,11644,-12124,-35368,25170,11673,12379,13686,17510,9845,2061,5399,0
206742,0,2,2,1,-1,-1,0,-1,-1,-1,10845,15267,-15968,17167,13625,6588,12877,8175,10417,7526,4243,6837,0
49145,0,1,2,1,-1,-1,-1,-1,-1,2,17297,34119,-6191,3701,-7230,25544,1765,13874,2956,7899,1125,3077,0
236833,1,1,1,1,-1,-1,-1,-1,-1,-1,44834,22133,-33607,5401,10379,17654,12669,7859,8031,6520,7386,2483,1
514268,0,2,2,1,-1,-2,-1,-1,-1,-1,4844,3937,-25708,21832,28303,-19751,10635,11395,6179,7438,5339,3046,0
159367,1,2,2,1,-1,-1,-1,0,0,0,8545,22852,-5326,-11186,5226,13644,13620,10375,10581,6096,2103,3528,0
275010,1,2,2,1,-1,-1,2,-1,0,2,12857,15055,-11238,6270,1942,9966,1015,9382,4318,6469,873,6789,1
328439,0,2,1,1,3,-1,-1,-1,-1,-1,8157,962,49587,-32679,3865,21164,12503,7124,14780,10795,4952,6748,0
358129,1,1,1,1,-1,-1,2,-1,-1,-1,9793,18185,11687,-13450,17496,2116,1657,8879,10596,9891,5546,9576,0
458121,0,1,1,1,-1,-1,0,0,0,0,-18111,18876,9351,4422,-7140,15920,9454,8042,7397,3951,2210,7866,0
362490,0,2,2,1,-1,-1,-1,-1,0,-1,-8316,23224,3565,14367,7408,-5528,1013,8973,9518,9681,799,5879,1
153146,0,1,2,1,-1,-1,-1,0,0,-1,20711,4005,2274,-13692,16544,31706,16772,7508,15729,10460,3290,12746,0
321648,1,2,1,1,0,-1,-1,-1,-1,-1,-4214,3471,-8650,18968,18127,9270,6910,11607,8071,8654,5135,8112,0
369304,0,1,1,1,1,-1,-1,-1,-1,-1,-1597,308,28891,-14153,9,19051,13366,11143,10994,10238,2210,2068,0
199718,1,1,2,1,-1,-1,-1,0,0,-1,12260,5055,38386,-21538,13247,19643,3176,5107,8798,7219,1950,6494,1
130345,1,1,1,1,-1,-1,-1,-1,-1,-1,41424,-3380,-7214,2576,8792,1110,11263,1143,4503,5638,536,4536,1
285371,1,2,1,1,-1,0,-1,-1,-1,-1,14403,-1374,-20171,17447,5132,12462,3002,10010,6049,5056,5228,13884,0
374453,0,1,1,1,1,3,0,2,-1,-1,40186,14970,-7422,1107,4906,22512,9010,9554,5127,3677,8671,1992,0
11113,1,2,1,1,-1,-1,-1,-1,0,-1,3471,8383,-1743,25931,1030,16936,11406,10474,14049,7083,4517,6802,0
240837,0,2,2,1,0,-1,-1,-1,2,0,11629,13290,-18456,12547,26917,3702,5237,13602,5066,13314,5665,894,0
238284,0,1,1,1,-1,-1,-1,-1,-1,0,42985,-4912,3738,10868,2012,8829,1081,6576,5716,3828,2489,3482,0
265790,0,2,2,1,1,-1,0,-1,-1,2,-59309,69153,-31685,30670,22736,-11450,10518,5219,7649,9284,4755,11689,0
12476,1,3,2,1,1,2,2,0,-1,-1,-6416,14836,-19511,1923,16699,12732,11182,4640,4794,3740,1519,3660,0
326545,1,1,1,1,-1,-2,-1,-1,3,-1,39449,26776,3907,867,14230,-8620,5243,19742,11025,16283,523,2094,0
277226,0,3,1,1,1,2,-1,-1,-1,0,-943,224,15400,1108,13060,8831,727,11702,2771,11590,2277,1467,0
478291,0,2,1,1,-1,-1,-1,-1,0,0,33081,1809,13010,-49808,13983,35808,6931,8336,9440,5389,4858,711,0
316897,1,2,2,1,4,3,2,-1,-1,0,26317,13706,-23436,27175,1823,18970,10291,3327,6582,890,8519,4646,0
168992,1,2,1,1,-1,-1,-1,2,0,0,-636,5784,2573,-6281,17768,5834,3820,6482,10271,6117,624,6688,0
401714,1,3,1,1,0,-1,2,-1,-1,-1,20836,-6779,-10640,942,10543,14636,10599,6561,7115,9418,1076,3590,1
379184,0,3,1,1,-1,-1,2,-1,-1,-1,22453,-2189,9217,26726,9187,-36243,7081,6285,9753,5643,1785,1753,0
242846,0,2,1,1,-1,0,-1,-1,0,-1,36533,-3715,23059,-29960,9911,23201,3976,7552,5152,8497,1166,1346,0
353101,0,2,2,1,-1,-1,-1,-1,-1,-1,30478,-16500,-30379,42014,19068,-3986,9683,17253,8532,12104,9859,5373,0
520300,0,1,1,1,-1,-1,2,-1,-1,0,22397,22206,-14077,14397,21611,-6417,7928,8475,10855,8264,4636,4456,0
219384,0,3,1,1,1,-1,2,2,3,0,24603,5341,563,21314,10980,-20264,5765,1042,4440,4145,1282,5601,0
43001,1,2,1,1,-1,-1,-1,-1,-1,-1,22682,7928,-6042,-13010,9959,15525,8985,7083,5576,6698,7457,14205,0
148462,0,1,1,1,-1,2,-1,-1,-1,-1,35898,15039,-22647,14022,17810,-3355,9035,9922,9847,9048,1522,2917,0
122879,0,1,2,1,-1,0,-1,0,0,0,5781,2247,-19160,27108,10703,8436,7376,8028,4557,5289,1237,7829,0
305651,1,1,2,1,0,0,2,0,-1,-1,29419,2923,-26250,18101,1070,6501,11902,3604,7476,4720,867,6240,0
442304,0,2,2,1,1,-1,-1,2,0,0,-5374,12507,448,-24292,25545,10945,4635,5079,9432,5071,3917,10868,0
194965,0,5,2,1,-1,2,-1,-1,2,-1,2769,14453,9328,45798,3206,-9181,777,7165,1911,2601,5207,5361,0
217463,0,2,1,1,-1,-1,0,-1,-1,-1,27059,4609,7810,9831,-1444,9277,6340,10877,11574,6050,11281,7717,0
110434,0,5,2,1,-1,0,-1,-1,-1,-1,8586,-21134,20120,1108,25197,15502,4708,20585,6228,14594,2505,7817,0
90868,1,1,2,1,-1,2,4,0,2,-1,18328,32164,-7805,1281,4044,12710,649,1099,2296,3718,159,14118,0
175235,0,2,1,1,1,-1,3,2,0,0,44117,21177,-10884,26317,8880,12238,8222,1209,5599,6062,3988,7888,0
155906,0,1,2,1,-1,2,-1,-1,0,-1,20604,36784,8227,429,22033,-10960,7684,14097,13520,13454,4241,8234,1
52764,1,3,1,1,-1,2,0,0,-1,0,-22951,22224,6307,9852,15873,-8050,6186,3677,2756,5607,34,1579,0
268272,0,3,1,1,1,-1,0,-1,0,0,31,18348,-24205,18018,4996,7720,9809,5219,8464,5417,1396,9118,0
210738,1,2,2,1,0,0,-1,-1,-1,-1,-6728,-195,-13663,-9851,-10215,46893,9505,12466,4023,5182,7139,1203,0
200931,0,2,2,1,-1,-1,-1,0,0,-1,39738,34005,-23240,-10463,24065,15469,6528,7994,11496,4408,6919,9242,0
86723,0,3,3,1,2,-1,2,0,0,0,3894,19848,13641,1924,12796,16864,13101,3252,10781,5534,917,7635,1
229711,1,3,2,1,-1,-1,0,-1,-1,-1,10389,3814,10870,-6177,-7361,37093,12044,13043,6371,6940,6176,3901,0
384677,1,3,1,1,-1,-1,0,-1,0,-1,-3332,-16291,23547,22995,-16020,16436,10727,5583,7929,846,7671,1560,0
449124,0,1,2,1,-1,-1,-1,0,0,-1,15390,-8054,17352,-2856,21179,17475,6087,9984,8883,7879,2841,6283,1
118800,0,2,1,1,-1,-1,-1,-1,-1,0,21663,-6813,11909,10773,-797,9273,2692,16072,7179,6137,2892,1014,0
88083,1,2,2,1,-1,2,-1,0,0,0,15025,1215,9976,966,3584,8714,5380,5547,1632,4581,474,1998,0
423874,0,1,1,1,-1,-1,-1,-1,-1,-1,13345,17302,12577,-3924,9665,2340,7890,4572,5877,2554,10519,3627,0
354366,0,2,1,1,-1,-1,-1,-1,-1,-1,5347,-5761,-1887,5043,8626,18942,8571,5982,7621,3172,8221,13037,1
162962,1,3,1,1,0,-1,0,-1,-1,-1,-17173,7831,806,13889,17308,23032,14638,11147,17552,12643,9637,14080,0
82479,0,2,1,1,-1,-1,-1,0,-1,-1,7714,-12348,38382,-16592,189,33152,7813,8835,7116,2513,6919,7826,0
72671,1,3,2,1,-1,-1,-1,0,-1,-1,13496,3877,32906,-35079,-1976,35615,4950,6753,3607,1086,4183,1056,0
347750,1,1,2,1,4,2,-1,0,-2,0,35933,13041,3723,12262,13664,12214,8454,7660,9758,7050,1494,2366,0
196362,0,1,2,1,-1,-1,-1,0,0,0,7190,11247,5767,8805,10357,2814,4053,2748,8880,2654,3207,11353,0
289312,1,2,1,1,-1,-1,2,-1,-1,-1,-17797,7833,16860,3441,-101,-1355,6549,6233,811,5718,4745,1244,1
590254,0,1,1,1,-1,-1,-1,0,-1,-1,38081,4488,-1632,-2467,21174,2064,11392,6865,8013,7880,8949,2254,0
267098,1,3,2,1,0,0,2,-1,-1,0,2665,1543,11693,10585,-7375,34806,11403,8635,6271,4068,4607,276,0
204072,1,3,1,1,-1,2,3,2,-1,0,-20304,26309,49076,-3768,-4475,29239,1839,9304,4401,5449,1290,3379,1
232670,1,2,1,1,1,2,2,-1,0,-1,9951,3724,-20786,29498,3057,-706,7324,2086,4916,4856,677,5900,0
311347,0,5,2,1,0,0,-1,0,-1,-1,-26963,-13373,28996,294,13825,8254,2881,6841,44,6394,5642,4430,1
254047,1,1,2,1,0,-1,-1,0,-1,-1,18685,17569,-17281,-6061,16238,14297,12604,3713,4840,4602,5228,875,0
216153,0,1,2,1,3,-1,0,0,-1,-1,-49669,32296,4243,33856,-8640,673,8739,6588,4058,9490,1343,6296,1
325392,0,2,1,1,2,-1,-1,-1,-1,-1,19042,15880,6985,7614,285,37478,16742,2370,4246,5001,12484,12568,1
358364,0,2,1,1,-1,-2,-1,-1,-1,-1,6617,19653,-10601,33131,1382,-715,9108,11314,10383,5821,8855,5150,0
172855,1,2,2,1,-2,2,-1,-1,-1,0,8789,25585,-19096,39424,34937,-15782,5414,9284,9874,10804,1979,6778,1
237253,0,1,2,1,-1,-1,0,-1,-1,-1,-6982,17108,-7693,-5190,6297,20501,9007,3865,2281,2933,6384,7874,1
298974,0,2,1,1,-1,0,2,0,0,0,46167,-19551,9085,4813,18401,12490,8708,3852,5190,5062,909,3244,1
131254,0,1,2,1,3,0,3,-1,-1,2,985,20494,-24462,9906,874,42509,3959,10322,3854,4406,9284,8044,0
285610,0,2,1,1,-2,0,-1,-1,-1,-1,-12799,-7926,5166,22216,1377,23961,11114,20297,11433,12185,8712,9573,0
261696,0,2,2,1,1,0,-1,2,0,0,11931,11283,-11266,-1485,21207,6752,8155,3903,3698,1876,6437,2867,0
339770,1,2,2,1,0,-2,2,-1,0,0,12157,-9253,-16445,17498,27153,-2938,1113,6285,5971,8938,5484,6725,0
209139,1,2,1,1,-1,-1,2,-1,-1,-1,30327,-216,3784,-14777,13979,18799,6108,14927,9674,6430,6864,356,0
136766,1,1,1,1,-1,-1,-1,-1,-1,-1,-10046,43242,-3670,8059,-103,-1695,3372,12482,6759,4832,7843,1808,0
519553,0,1,2,1,-1,0,-1,-1,0,2,19838,3279,-7003,13301,11472,6894,11241,1348,5568,2473,5668,8358,1
277621,1,1,1,1,-1,-1,-1,-1,-1,-1,7943,19575,14162,-19165,29587,19576,12124,10725,10062,8351,5765,1677,1
299776,0,3,1,1,-2,-1,0,-1,-1,-1,-1017,22825,-16795,21047,-1650,32624,12720,8894,9471,7168,6505,9854,1
211251,1,1,1,1,0,-1,0,0,0,-1,-18860,3289,30018,8436,21412,8033,8740,11841,13385,16026,760,3741,0
118233,1,2,1,1,-1,-1,-1,-1,-1,-1,20920,7539,22937,-19900,-1606,37335,7070,16827,14282,8188,6917,3647,0
495081,0,2,1,1,0,-1,-1,-1,-1,-1,29407,-1777,-25082,-16567,37803,9310,9038,9016,9465,11004,4486,4595,1
222237,0,1,1,1,1,-1,-1,-1,-1,-1,-26688,18547,8965,2109,21797,13863,9311,13891,14053,13821,7112,9248,0
123464,0,2,2,1,-1,-1,-1,-1,0,-1,11736,31548,-16930,19214,-4073,6479,2669,6030,5829,2514,4095,6066,0
287581,0,2,1,1,-1,2,-1,-1,0,-1,19447,-327,-2667,1935,10820,16955,12155,5880,5731,10099,3165,6120,1
269457,1,3,1,1,-1,-1,-1,0,-1,-1,-18642,11779,8813,-3827,-2802,10878,12758,6508,13302,4684,7573,8191,0
140913,1,2,1,1,-1,-1,-1,-1,-1,-1,32930,274,-4562,-803,476,28206,12431,11648,11022,11474,6814,6251,1
249981,0,1,1,1,-1,-1,-1,-1,-1,0,43242,-23049,32467,6029,-6339,18610,11272,11651,10855,3201,6162,3777,0
118978,0,2,3,1,-2,0,-1,-1,0,-1,5132,18070,33937,12535,-7601,6041,12300,10957,11364,6489,1202,7542,1
288659,1,3,1,1,-1,-1,2,-1,0,-1,8166,-11942,23918,-9106,-1428,34407,6246,8742,7729,6920,1069,9824,1
155700,1,2,2,1,0,-1,-1,0,-1,-1,6356,-22478,-2819,10276,1145,36547,14978,6615,249,5747,12001,6225,0
280946,1,1,2,1,-1,-1,2,-1,0,-1,-4088,3272,-33910,32770,9067,-9255,8822,2489,2572,5558,3798,10806,0
296909,1,2,1,1,-1,2,-1,0,0,0,20653,21816,-5309,588,5709,23051,3243,2235,4950,1754,2904,12114,1
72757,0,1,1,1,2,0,-1,0,0,-1,36586,16974,-15587,-18007,-321,45191,17148,1176,8239,1195,3763,7820,0
47475,0,2,2,1,-1,3,-1,-1,-1,-1,40876,21919,-33800,19953,-7207,-7631,6600,12068,10549,4424,890,2009,0
288999,0,2,2,1,0,-1,-1,0,0,-1,7667,16222,-21743,6896,28818,-2910,2804,4539,6390,6184,4645,9361,0
246651,0,3,1,1,-1,-1,-1,-1,-1,-1,31534,12361,-1543,-15152,16465,-5104,291,8177,2463,4952,2819,2283,0
386406,1,1,1,1,-1,-1,0,-1,-1,0,6668,13361,-29898,11833,29300,3706,5829,10296,8662,9068,8719,8067,0
262095,0,2,2,1,-1,-1,0,-1,2,-1,19463,36015,-18638,2256,16894,-6461,10312,11319,4144,12302,1935,4126,1
443618,1,2,2,1,0,-1,2,-1,-1,-1,-7693,-12298,42147,-13406,5644,19097,1485,8068,10847,7546,3393,11038,0
31617,0,3,1,1,-1,2,-1,-1,2,4,41112,24811,2334,-31362,2726,40148,9514,10800,8003,6281,5200,10503,0
60575,0,2,2,1,2,-1,-1,-1,-1,2,11532,16099,-4148,10307,-33503,46541,4158,8729,6729,3010,5491,7576,0
56638,0,2,1,1,-1,0,-1,-1,0,-1,6151,32946,8842,-1584,10181,902,8089,5495,9014,6293,2118,1487,0
227057,1,1,2,1,0,-1,-1,-1,0,-1,30863,-1362,-25565,25118,2089,12153,10108,6122,8360,5603,2220,9709,0
263162,0,1,2,1,0,2,0,0,-1,-1,-233,4876,-6516,42114,1313,9886,7388,10479,5126,5433,4641,7783,0
418085,1,1,2,1,0,0,0,0,-1,-1,14607,-25093,19326,-16482,-11855,39609,13475,7781,3741,5271,3513,3289,0
399585,1,2,1,1,-1,-1,-1,0,-1,-1,22837,-11125,6043,-13488,37935,-7334,5923,15306,11848,15761,5108,412,0
207901,1,1,2,1,-1,-1,-1,0,2,0,-3208,26596,-4447,-11185,-6036,42511,2447,12476,3997,3080,5685,3513,0
318068,1,2,1,1,0,-1,-1,0,0,-1,29672,18205,-19530,21658,5433,-5428,11732,5169,14176,1567,1871,4215,0
300798,1,2,2,1,-1,-1,-1,-1,-1,-1,41152,-4439,5117,-26643,15614,21467,7369,12248,8134,7384,10688,1379,0
190038,1,2,1,1,2,0,2,-1,-1,-1,25818,829,-2756,-33011,13040,55405,19308,12129,8924,6454,11277,2489,0
229678,0,3,1,1,0,-1,-1,2,-1,-1,19203,5006,22304,9740,-11285,7163,222,5862,10256,3002,1591,10529,0
225751,0,1,2,1,-1,-1,-1,-1,-1,-1,31221,-2385,-4966,10139,6404,13066,6129,15579,4926,9322,9109,1096,0
11840,0,2,2,1,3,0,-1,-1,0,2,-6146,2722,-16053,20772,25470,-3024,8560,10562,1113,12574,503,459,0
319039,0,1,2,1,-1,-1,0,-1,0,-1,12403,11892,-11375,21381,-3798,24649,13134,6769,5154,1803,6421,9002,1
426724,1,1,2,1,0,-1,-1,2,0,-1,-15791,14224,-13675,29803,7714,-13801,2430,3856,5462,853,8347,6600,0
298203,1,1,1,1,2,-1,-1,2,-1,0,26299,14092,8048,-15104,24931,17896,2830,4253,5727,8492,4120,15997,1
153526,0,2,2,1,-1,-1,2,-1,-1,-1,9695,9698,9870,7539,-3194,16483,2310,5704,4966,4309,2225,4219,0
210165,1,2,2,1,-2,-1,-1,-1,-1,-1,36598,3580,-7951,1529,-6986,31953,10194,12754,13192,3720,9644,6685,0
229507,0,1,2,1,-1,-1,-1,-1,-1,-1,70617,-5660,11767,-6800,-5636,32156,5815,7491,12646,5123,4361,10401,0
344668,0,1,2,1,1,-1,-1,2,-1,-1,4368,13041,18751,1939,-718,4173,9137,3985,9294,6107,5741,1583,0
191407,0,2,2,1,2,-1,0,0,0,4,-24401,36116,8308,-4468,9409,11356,12754,82,4218,1057,894,5637,1
405127,0,1,1,1,-1,-1,-1,2,0,-1,33006,2274,-19769,-9081,19710,-11007,8546,1764,9054,8141,2614,6272,0
183363,0,1,2,1,-1,-1,-1,0,-1,-2,21598,-10244,8895,-37029,30125,30709,2336,8335,5217,11713,5350,3453,1
378933,1,2,1,1,0,-2,-1,-1,-1,0,27236,-3254,-15540,12399,-7113,14411,5034,11291,6796,7419,967,3883,0
235201,1,1,1,1,0,2,-1,0,-2,0,45139,-5971,-3869,3509,6079,34472,11636,5625,6987,4521,6537,3726,0
158963,0,2,2,1,0,-2,-1,-1,-1,0,12230,22836,-15336,7464,-9239,16996,3111,10214,6320,2580,4530,6965,0
94380,1,1,3,1,0,2,-1,0,-2,-1,14982,10651,16760,31397,7520,-2177,3704,3265,8010,5674,286,11465,0
252536,1,2,2,1,0,0,-1,-1,-1,0,6357,-4769,5962,-16873,-13670,44095,4313,12564,7668,6263,3670,5127,0
311005,1,3,1,1,-2,2,2,-1,-1,-1,35868,14318,-47281,42698,22930,-526,13753,6147,13638,12372,5938,14317,1
457763,0,2,2,1,-1,2,2,-1,0,-1,12188,10,-9279,47372,-786,4917,11276,4294,6322,3923,7238,15130,1
337671,1,1,2,1,-1,-1,-1,-1,-1,-1,7625,37620,-50424,43124,13473,-926,7930,7988,9532,6544,14486,11574,0
693776,0,2,2,1,-1,-1,0,-2,-1,-1,-25122,11917,6313,24615,18575,2205,10945,11969,5819,8828,7485,4093,0
403362,0,2,2,1,-1,-1,0,-1,-1,-1,-20450,1301,-10141,36719,-11467,28465,13709,14235,6592,3264,11930,4322,0
354844,0,1,2,1,-1,-1,-1,-1,-1,0,-11644,9731,19125,10102,19082,-12612,147,13143,4986,8556,3286,3640,0
153325,1,2,1,1,-1,-1,-1,-1,-1,-1,-5089,-546,21580,-5210,3162,6855,906,11104,8751,6887,3758,4013,0
212199,0,2,1,1,-1,-1,0,-1,0,0,30421,7836,-2034,-5694,1115,13932,11047,1809,11089,3617,347,6389,0
135775,0,2,2,1,-2,-1,-1,-1,-1,-1,-2892,29030,-7219,36114,-3507,9037,7764,6641,4064,2466,6177,4474,1
349462,1,2,2,1,-1,2,-1,0,-1,-1,40653,-235,18030,-14742,5866,30558,15359,6116,4356,5289,8056,6532,1
390132,0,2,2,1,1,0,-1,-1,3,-1,26541,-8254,1922,-17676,5688,37465,4804,6004,5878,1945,9226,9414,0
117399,0,1,1,1,0,-1,-1,0,-1,-1,9875,10326,7493,9320,-12755,20570,11409,6325,6139,3085,2381,4867,0
314650,0,1,2,1,-1,0,-1,0,-1,-1,-8078,25419,14045,1328,225,20241,8343,8954,5325,4182,6571,5933,0
155306,0,1,1,1,-1,0,-1,-1,-2,2,45896,13596,-5268,10332,-5460,51223,14043,7528,4925,5934,9463,2954,1
83861,1,3,1,1,1,-1,-1,-1,0,-1,3408,1912,11774,-14052,-167,21847,5046,6083,11817,4499,4162,9057,0
271692,0,3,1,1,-1,0,-1,-1,0,-1,14196,-1356,29199,-12689,-1761,17673,8919,13946,10486,8522,2324,650,0
137391,1,2,1,1,-1,2,0,-2,2,-1,-25066,5328,8778,945,11406,48822,6278,7837,2519,9678,8699,13632,1
202381,1,2,1,1,-1,-1,-1,-1,-1,-1,15733,15121,-16329,10041,16836,3754,62,7107,4852,1568,11538,9162,0
169644,0,2,1,1,2,-1,-1,-1,-1,-1,23385,-7572,16587,20872,146,22379,9646,13083,7478,5191,8830,3594,0
180152,1,2,2,1,-1,-1,-1,-1,-2,-1,30670,-13683,18847,-18389,7011,42006,7844,10637,4751,10345,6948,5059,0
285022,1,3,1,1,-1,-1,2,2,-1,0,20932,-9841,-10171,-4867,10468,19535,2462,5630,929,6031,1213,5822,1
212009,1,2,1,1,-1,-1,2,-1,-1,0,18620,9370,-25208,36480,6829,-11835,2758,10663,7509,6154,823,5920,0
210226,1,1,1,1,-1,2,2,-1,-1,-1,24094,-4363,-8497,-642,19777,14055,610,9838,5203,12503,5157,8292,1
305640,1,1,2,1,-2,-1,-1,0,-1,-1,-3820,-3963,35465,-15171,16642,20993,6750,11532,11270,9375,3968,783,0
265465,0,3,1,1,-1,-1,-1,-1,-1,-1,16345,17230,-25490,14576,26959,2122,10481,9611,2758,8605,4573,5977,1
386857,0,2,1,1,-1,-1,-1,-1,-1,-1,22183,-14589,9602,66,14021,7411,11404,12316,13006,10470,7663,2884,0
119717,1,2,2,1,-1,-1,-1,-1,0,2,18587,26784,12894,-8314,-5899,31432,12113,5870,11842,6481,5191,10579,1
109087,1,3,2,1,-1,-1,-1,0,-1,0,27166,16421,26936,-20129,-5878,34921,11965,6471,10118,5658,4052,9262,1
463767,0,2,2,1,-1,-1,-1,0,0,-1,15237,13734,-1023,-727,26267,-3311,4164,492,5606,5131,5639,9354,1
201909,0,3,1,1,0,-1,0,0,-1,2,12008,18274,-16568,28114,-521,19011,11581,6631,10184,4828,2680,5023,0
37127,1,1,1,1,-1,-1,2,-1,-1,-2,48029,6049,-29517,9218,14296,15538,8027,5357,6101,7371,6974,3752,1
153877,0,1,1,1,-1,-2,0,0,2,2,4600,47368,-7887,8518,-13609,27261,12330,10992,5903,5600,4836,515,0
281922,0,1,1,1,-1,-1,-1,-1,0,-1,32737,25650,-5262,13993,-5070,35716,14797,10069,11138,5069,6556,13239,1
67940,1,2,2,1,-1,-1,-1,0,-1,-1,48234,15300,-6975,-14996,28583,6018,6,8459,3160,7098,2269,2657,1
261707,0,2,2,1,0,-1,0,0,-1,-1,9121,-2958,19419,7023,13692,27506,18766,7908,4560,6843,5046,1528,1
252673,1,2,1,1,-1,-1,0,0,-1,-1,6650,11526,25892,4084,-4327,27459,12581,10158,4585,4726,7424,3715,0
150015,0,2,2,1,-1,-1,-1,-1,-1,-1,2307,14880,640,-2849,10010,29985,11526,14853,11469,9501,7342,6230,0
446440,1,2,1,1,-1,-1,-1,0,0,0,18496,23062,13590,-19781,7700,17361,10245,9733,13967,3558,7437,9625,0
235309,1,1,2,1,-1,-1,-1,-1,-1,-1,8962,6377,12940,-9978,10303,11148,7560,11448,13194,14308,2095,10517,1
119419,1,1,2,1,-1,0,-1,-1,0,-1,-3864,27671,-12599,-13900,7451,16211,6303,13913,10515,8987,3332,615,0
359287,1,1,1,1,-1,-1,0,2,-1,0,-31063,5087,17173,-9798,2577,24190,5314,7057,3222,1172,7037,3663,0
95652,0,2,1,1,-1,0,-1,-1,0,-1,18363,3141,-7059,10045,-7585,28287,6093,13130,5004,8917,5596,9986,1
77807,0,2,2,1,-1,-1,2,-1,-1,-1,-21151,17379,5698,27127,2554,-6089,6159,11738,4731,4908,2312,2989,0
198153,0,2,1,1,-1,-1,0,-1,-1,-1,-7340,-3668,20020,-2900,2416,12155,4392,8584,6037,9301,3787,6596,1
245847,0,1,2,1,-1,-1,-1,-1,-1,-1,24186,18014,10046,-1019,-2897,37017,4231,8471,5867,5351,7464,7439,0
124236,1,2,1,1,-2,2,-1,-1,-1,-1,21460,-10293,27122,2706,8605,22741,9354,14339,12195,13970,2878,11104,1
217619,0,2,1,1,3,0,-1,-1,-1,-1,-15884,-1074,3730,28563,11895,20612,15460,14410,7021,11371,8052,3794,1
56525,1,2,1,1,-1,-1,-1,-1,0,-1,39673,31436,-24397,1420,-246,2026,1965,10400,8484,2231,2095,82,0
100114,0,2,1,1,1,-1,2,2,0,0,28259,15101,1401,821,15902,-2833,3103,2984,5771,5303,1037,4257,0
331191,1,2,1,1,0,0,-1,0,-1,-1,11772,-20176,31056,-18312,3550,47295,16296,9161,9076,8569,1210,6401,1
122113,0,2,1,1,-1,-1,-1,-1,0,-1,9813,22497,9170,-24935,13763,17719,5311,13062,6531,6760,8760,5819,1
195827,0,1,2,1,0,-2,-1,0,0,-1,-2119,13609,10339,24740,12954,748,10316,5296,4128,7201,2889,2019,1
335365,1,2,1,1,-1,-1,0,0,-1,-1,28652,19553,17093,24940,18528,15976,15735,9956,14236,11759,2313,6555,0
207888,1,2,1,1,-1,2,0,-1,0,0,18438,31381,-26150,32687,8763,4008,9241,10719,8701,9143,4069,7795,0
140301,1,3,2,1,-1,-1,0,-1,-1,-1,-13451,-3283,-13438,21634,7771,10883,5346,13878,9217,10410,7062,12017,0
174367,1,1,2,1,2,-1,0,-1,-1,-1,7165,17681,-25816,25148,11720,38671,11391,13032,2880,9187,8598,7798,1
252147,1,2,1,1,2,2,2,-1,-1,2,-4456,35602,12339,8189,116,14194,366,6146,5317,8098,925,8047,1
362895,0,2,2,1,2,0,3,-1,-1,-1,12094,10311,-3606,-11197,17701,23915,5721,3556,4440,3034,4081,2583,1
108284,1,3,1,1,-2,-1,-1,-1,-1,0,17149,22515,9617,-373,15145,11699,2140,12002,6274,4713,3997,823,0
298830,0,1,2,1,-1,-1,-1,0,0,2,5120,15043,29914,-17798,11990,19397,6611,7841,12226,8208,954,6453,0
479212,1,1,1,1,-1,-1,0,0,2,0,18322,35242,-786,-8993,11384,6185,2359,7210,7163,8272,4358,5577,0
147884,0,2,1,1,-1,2,0,-1,0,-1,-3776,26634,-2485,24991,-13010,11291,12096,9348,2341,6200,5889,615,1
34803,0,2,2,1,0,-1,-1,0,-1,-1,5837,-2267,-6230,9994,8138,12644,4158,6567,7129,9148,3255,5967,0
156420,0,2,1,1,-1,2,-1,-1,0,-1,20317,-14571,10605,-6087,14342,15834,3979,2421,828,9094,2290,7321,1
168590,0,2,1,1,-1,-2,-1,-1,0,-1,17016,24549,-24048,35388,6160,-15822,3384,6398,7276,392,4380,4253,0
261397,0,2,2,1,-1,0,-1,-1,-1,-1,-14566,12740,-10721,21066,9917,-5550,5522,8891,5217,2058,7919,8428,1
202416,1,2,2,1,0,-1,-1,2,-1,0,3524,-19529,27367,-8257,-12543,42071,1621,5009,1529,3176,3771,9865,1
251399,1,2,2,1,-1,-1,-1,2,-1,-1,26276,-9507,10310,-18732,21429,13592,8624,9015,6955,9427,7041,2572,0
144100,0,1,2,1,2,-1,0,-1,0,2,19834,26904,-4965,17103,4500,36485,14052,5565,14368,6886,5677,11786,1
88722,0,2,1,1,-1,-1,0,2,-1,-1,-35011,41967,12696,-14252,-10644,27033,9912,4144,2725,758,2560,5796,1
15870,0,2,1,1,-1,-1,-1,-1,-1,0,12330,20930,-5927,-3306,-1533,28472,2629,9783,3223,1799,8167,1735,0
212107,0,1,2,1,-1,-1,-1,-1,-1,-1,32804,39099,-35712,14545,16434,-1302,4696,6898,7694,2799,12093,16163,0
554721,1,2,1,1,-1,-1,-1,0,0,0,37309,-10218,-7172,15686,13409,22445,7357,10835,7425,5606,5669,5790,0
95098,1,1,2,1,0,-1,2,-1,-1,0,14381,1779,-17320,26265,5396,17422,2611,10248,5134,3121,5897,310,0
317863,0,2,2,1,-1,-1,2,-1,-1,-1,31061,-8214,-5056,5874,26970,-4266,6589,5149,2000,6410,3792,43,1
99692,0,2,1,1,2,0,-1,-1,0,0,18674,-8441,8901,6485,-501,15786,8204,8806,6522,1113,7551,4148,0
271423,0,1,2,1,-1,-1,-1,-1,-1,-1,22527,-3091,-8083,5603,17372,16312,6317,14387,3426,8763,9953,7710,0
169004,0,2,1,1,0,-1,-1,-1,0,-1,-4212,30250,-10395,23423,-5962,5075,6109,9254,9909,3487,5351,9287,0
262278,1,2,2,1,-1,2,-1,-1,-1,0,28025,10111,-260,16367,8103,-3213,3106,6999,2015,4461,846,2793,1
272081,1,2,1,1,-1,2,2,-1,-1,0,38166,8947,-21924,-1042,-4964,24761,9930,601,4693,1793,4747,5934,1
286356,0,2,2,1,-1,-1,0,-1,-1,-1,-30751,34474,-8885,18797,8668,19942,8544,14902,10848,6112,12703,13118,0
56666,0,1,2,1,-1,-1,-1,0,-1,-1,46851,33650,-25538,13008,17581,13855,12451,11604,6882,7135,9454,10286,0
226960,1,2,1,1,-2,2,-1,-1,-1,-1,-3034,12229,-40431,43495,-7959,337,1841,10602,3887,3311,7600,11294,0
241455,0,1,1,1,-1,-1,-1,0,-1,-1,15563,11604,690,-15793,13668,14090,11247,13754,7571,10915,4097,1536,0
258150,0,2,2,1,-1,-1,-1,-1,-1,-1,2181,38209,-31404,12847,11895,30610,17280,13860,10950,5122,17907,6776,0
136367,1,3,1,1,-1,-1,2,-2,-1,-2,15418,12688,19760,-17998,16442,13470,1811,8904,7908,9990,1803,6036,0
277437,0,2,2,1,2,3,0,-1,-1,0,22285,-2428,-36207,28681,8106,18701,2477,9782,5929,1399,12777,11249,0
144725,0,2,2,1,-1,-1,-1,2,-1,-1,2661,19144,-30381,14402,12996,2296,3553,4214,5117,2833,6347,13433,0
324397,1,3,1,1,-1,-1,0,-1,-1,-1,4162,27876,1933,-6793,13422,504,14009,5428,15231,2770,10090,11441,0
266588,1,3,1,1,-1,-1,0,-1,-1,-1,17326,23274,6804,17680,-5319,22477,20848,11299,15055,7219,5386,5392,0
190405,1,2,1,1,-1,0,0,-1,0,-1,23205,6200,-28679,17431,5927,23387,16673,7876,9401,4713,4984,6553,0
475425,0,2,1,1,2,-1,2,-1,-1,0,16394,11633,-34876,14838,18268,4281,8263,6302,3708,1554,6616,941,0
387696,1,1,1,1,0,2,0,0,0,0,17094,15339,-14421,-3509,26470,26626,9160,7701,15147,11932,1432,7842,0
273162,1,2,1,1,-2,2,-1,-1,-1,-1,-15925,29852,-24368,24564,21051,-12114,3174,14676,5006,11369,2537,5977,0
349178,0,2,1,1,-1,-1,2,-1,-1,-1,57486,-11317,-13099,-8763,17188,11039,645,9656,9457,7683,1181,5449,0
363110,0,1,2,1,-1,-1,-1,2,-1,-1,28958,1104,-8113,-26672,35359,25117,2899,6038,7861,6701,10206,10915,0
279504,0,1,2,1,-1,-1,0,0,0,-1,7989,-14856,29607,17400,5310,5377,11469,810,3580,3942,410,7708,1
192703,0,1,2,1,-1,0,-1,-1,-1,-1,28189,11962,6619,-15590,19670,-8998,495,8406,656,6515,969,54,0
571276,0,1,2,1,-1,2,-1,-1,-1,-1,53504,5211,-19707,-8151,18959,21407,17048,3374,5336,1642,10386,7425,1
283586,1,2,1,1,1,-1,2,-1,-1,-1,-1024,7284,-5068,-12078,-6318,34573,5541,6922,3261,3068,7228,2844,0
128123,1,2,2,1,3,-1,-1,0,-1,-1,-16145,-568,26938,-25240,16459,15561,7512,10610,6217,13306,2786,918,0
442969,1,2,1,1,-1,-1,-1,-1,-1,-1,27953,20803,-25397,-8016,13606,26133,13347,12651,9706,3927,11975,3261,0
139688,0,2,2,1,-1,-1,-1,-1,-1,-1,-11089,-7743,35963,4354,9412,10875,1005,13363,8981,12660,7862,8776,1
434494,0,1,1,1,-1,-1,-1,-1,-1,-1,30814,-1665,-9002,18825,7381,-16761,11292,11313,13463,7563,4698,11762,0
142216,0,1,2,1,-1,-1,-1,-1,-2,-1,57661,-10884,5321,-277,12289,25362,376,7206,7107,4725,4255,4215,0
127325,0,1,1,1,1,2,2,-1,-1,-1,17828,23790,-26639,40857,11582,-21493,4613,1981,1078,100,2132,1079,0
422968,0,2,2,1,0,2,-1,-1,0,2,3304,4287,32703,805,-3669,18505,3357,4681,6329,2637,3857,2970,1
278235,0,3,1,1,-1,0,-1,-1,-1,-1,-7591,-809,6602,-14449,8504,19161,7641,11011,1846,7491,6002,6575,1
238368,0,2,1,1,-1,-1,-1,-1,0,0,6773,19376,5039,10057,-6153,12828,11613,1959,9475,3781,4881,6371,0
165911,0,3,2,1,3,-1,0,-1,0,2,-24959,10603,25479,17185,-12657,28324,5662,8577,10081,6414,4807,5226,0
193852,1,2,2,1,0,0,-1,-1,0,0,-15545,11945,4808,9183,-7864,28697,5987,8115,4745,6375,2057,5600,0
353891,0,2,1,1,-1,-1,-1,-1,-1,0,29824,22845,-7183,-4519,6301,9685,7759,8246,7343,5022,4611,1873,0
87230,1,3,2,1,-1,-1,-1,-2,0,-1,8304,7306,-16828,6711,15683,-12076,125,5638,2470,3968,3811,8657,0
329591,1,1,2,1,-1,-1,-1,0,0,-1,-5174,-339,13287,10590,-2200,19018,13152,5249,3895,6068,6922,5620,0
442815,1,1,1,1,-1,-1,-1,-1,-1,-1,33077,15361,-28825,-3525,2513,28242,9366,9516,10954,2603,8187,5958,0
191935,1,1,1,1,0,-2,-1,-1,0,0,33693,1713,19167,-6966,7116,14583,2075,14033,9707,10430,287,1777,0
244966,0,1,2,1,2,-1,-1,0,-1,0,22234,14214,-8405,7747,2211,26027,9694,8802,5938,2822,6810,9450,0
254638,1,1,2,1,0,3,2,-1,-1,-1,-563,3667,618,28803,11963,14742,8671,11154,8019,7611,5311,5063,0
242923,0,2,1,1,0,-1,-1,-1,-1,-1,36905,13723,-8582,9235,8607,11585,11273,6962,8575,2494,9220,9573,0
514093,0,2,1,1,-1,2,-1,-1,0,0,33098,-9714,11105,-11831,26798,-870,1312,7007,6212,5142,4341,4580,0
483935,0,3,1,1,-1,-1,0,-1,-1,0,32748,-3511,-20163,-6292,1829,36368,6908,2166,2404,1495,10248,8049,0
58905,0,1,2,1,-1,0,-1,-1,-1,-1,29475,-26069,16558,703,-2966,57075,7241,16574,6100,11785,7299,9283,0
132530,1,2,1,1,0,-2,0,-1,-1,-1,18863,-5777,-2794,30956,-880,20514,9680,7192,2780,8977,2808,6186,0
55247,0,1,2,1,-1,-1,-1,-1,-1,-1,18258,-2269,-8572,15153,-1753,23179,2798,7736,4774,4631,5705,6175,0
257485,0,1,2,1,-1,-1,0,0,2,0,45172,10457,15684,-7763,9852,11641,6527,1244,8017,5902,482,5535,1
253622,1,1,1,1,0,-1,-1,0,-1,-1,17747,3679,36949,-27091,-434,32092,11523,8258,13315,9488,3647,3747,0
356431,1,1,1,1,-1,-1,-1,-1,-1,-1,51199,30645,-38456,-9970,28455,12535,6317,18242,17222,9455,12453,15649,0
189657,0,1,1,1,-1,-1,-1,-1,-1,-1,11055,-2722,-11663,-20303,22765,20797,10765,9170,8563,9389,7971,4247,0
192573,0,2,2,1,-1,-1,0,-1,0,2,2721,40550,-28994,19467,17666,-15523,3549,429,1071,2309,3185,3173,0
258464,1,1,2,1,-1,2,-1,0,-1,-1,34158,-1921,-37799,28727,34518,9540,9683,5506,6450,6127,10403,16180,0
279212,0,2,2,1,-1,-1,0,-1,-1,0,33213,-17895,2681,12484,-7555,35916,11996,9462,9981,3986,10520,7953,0
123130,0,3,2,1,3,-1,0,-1,-1,-1,-31170,19040,17273,-1519,-23689,57071,18159,8269,3987,2586,10643,10416,1
169796,1,2,2,1,-1,-1,-1,-1,-1,-1,22103,-5396,-21958,6609,16417,20145,7343,8948,1137,8831,12814,9528,0
227141,0,1,2,1,-1,3,-1,-1,-1,-1,-2367,14254,-3453,21552,21279,7881,6636,17678,11001,11767,2959,2300,0
220263,0,1,2,1,-2,-1,-1,0,-1,0,39956,-3838,28544,-17312,10647,24747,8098,5785,13384,5234,2333,7333,0
330886,1,3,2,1,-1,-1,-1,-1,0,-1,-22219,6115,15862,-8906,1500,28000,15851,11418,12963,10950,7712,8980,0
23696,1,2,2,1,-1,0,-1,-1,-1,0,1910,5167,-12827,-5721,-10429,48315,8068,12236,1544,4531,1533,2767,0
378760,1,1,2,1,-1,-1,-1,-1,-1,2,25172,6568,-12366,5910,20881,6402,3634,8464,7256,7224,8443,6502,0
232555,0,3,1,1,2,-1,2,-1,-1,0,4221,11145,19009,3300,-13217,13855,6500,2576,3140,551,1572,1559,1
85437,0,1,2,1,-1,-1,-1,-1,-1,-1,62274,-21967,25406,-35874,-12115,62087,6152,11940,6368,8248,4403,8191,0
78028,0,2,2,1,-1,-1,-1,-1,0,2,7258,26068,-7838,1253,-382,20355,8688,6301,5616,3152,6295,3653,0
323896,1,2,2,1,-1,-1,-1,0,-1,-1,27399,-21084,30120,-30453,2557,46956,18311,6564,15413,7092,7997,13857,0
252210,1,5,0,1,0,0,-1,-1,-1,-1,-9804,-13484,22210,-2077,-57,21497,6759,12277,9046,1471,5459,871,0
102211,1,2,2,1,0,2,2,-1,-1,7,4535,18489,362,2233,776,21603,4643,3449,5681,1226,3258,8609,0
628040,0,1,1,1,-1,-1,-1,-1,-1,-1,19838,4846,-36062,26434,28522,-30797,10036,7999,2725,8270,9014,2052,1
244763,0,2,1,1,-1,-1,-1,-1,-1,-1,4049,9195,-11900,-7502,27133,655,10176,11813,11596,9932,6351,3942,0
246864,0,2,1,1,2,0,-1,-1,0,-1,9903,-21404,36763,-14349,6860,19556,291,16649,5222,9096,1702,158,0
408788,1,1,2,1,-2,-1,-1,-1,-1,0,24321,-5284,-28754,32937,-3765,29976,13996,12705,8737,3474,13465,12724,0
173202,0,1,1,1,-1,2,-1,0,0,-1,28259,-1906,13135,9575,14404,125,5626,4525,2984,9006,179,1421,0
288288,0,2,2,1,-1,-1,6,-1,-1,-1,10522,-6028,-10318,18683,-825,31817,6812,8742,4443,6698,10424,7757,0
329986,0,2,2,1,-1,-1,-1,-1,-1,-1,49880,-23768,9821,2664,9071,19546,7646,15226,15042,13183,3242,399,0
146490,0,2,2,1,-1,-1,-1,-1,0,2,43742,-3014,-19351,36708,3685,-510,9207,7456,13051,7491,327,3723,0
525534,1,1,2,1,-1,-1,-1,0,-1,-1,-3898,8119,21316,-27822,16968,37447,12293,24227,10877,14846,11258,2125,1
486392,1,1,2,1,0,-2,-1,-1,0,-1,-12897,-12216,11915,8084,8653,16198,10576,8284,9663,6495,6543,11001,0
210331,0,1,1,1,-1,-1,2,-1,-1,-1,-7607,6026,19634,549,-1513,9246,15945,8828,14581,9856,1986,7710,1
407547,0,2,1,1,0,2,-1,0,0,2,4471,15495,41106,-43349,-2109,19114,694,8519,7987,3183,2302,981,0
376414,0,1,1,1,-1,-1,-1,-1,0,-1,32080,4552,8501,15729,20258,5503,18757,17242,21695,22679,4454,12181,1
399621,0,2,1,1,-1,-1,2,-2,0,-1,17968,13641,-10843,15318,9654,-4372,7869,4201,9110,5129,2270,8387,0
270223,0,1,1,1,-1,0,-1,-1,-1,-1,44583,14875,-22487,13347,11419,7573,7543,4981,2379,4143,6420,7322,1
397520,0,2,1,1,2,-1,-1,-1,0,0,35380,-22346,-3250,13565,10748,207,8951,7681,8444,324,1760,6102,0
258817,0,1,1,1,0,-1,-1,0,-1,-1,14940,2635,25406,-15539,22268,3053,7992,6888,12173,7634,742,3724,0
131390,0,3,2,1,3,-1,0,-1,-1,2,-15534,22882,26850,2154,-7409,32142,9600,16555,11315,13370,3441,281,1
496128,0,1,2,1,-1,2,0,-1,0,-1,13919,-1818,-32225,-260,19387,10998,3278,3521,2476,288,5444,6432,0
171720,0,1,1,1,-2,-1,-1,-1,-1,-1,24519,-7867,-23279,12820,-11301,49878,21749,11500,15764,12876,12395,19106,0
386850,1,1,1,1,-1,-1,0,0,-1,-1,29306,-14138,32616,-17195,24862,26221,18220,5122,11428,13700,6887,11209,1
87314,1,1,1,1,-1,-1,-1,-1,-1,-1,28877,17634,-10676,977,14597,9013,9852,10703,9770,12169,9367,7728,0
183239,0,1,2,1,-1,-1,0,-1,-1,-1,6255,-36231,2270,24106,-5662,13053,9824,10393,7807,4503,3107,6380,0
274480,0,1,1,1,-1,-1,0,0,-1,-1,-6850,-10811,19203,-2046,12782,19191,5006,10678,5035,11056,8463,7739,1
224173,1,2,3,1,2,2,-1,0,-1,-1,13406,16655,2747,-17157,28482,7338,1147,2561,829,5841,1631,6377,1
115734,1,2,2,1,-1,-1,-1,-1,-1,-1,37469,9743,-3680,-24404,9972,47134,10338,8281,6741,3504,12767,8713,0
388145,0,2,1,1,1,-1,2,2,0,2,14491,24068,-13265,7026,22711,-16258,7526,4006,6069,8061,1744,1749,0
629561,0,2,2,1,-1,-1,-1,-1,-1,0,18645,-4842,20309,-1221,27980,14209,7335,10550,10554,9124,8192,10699,0
276715,1,2,2,1,-1,-1,-1,-1,0,-1,7096,16643,12797,-2411,23427,8358,9519,9544,14789,13214,730,5825,0
396410,1,3,2,1,-1,-1,2,-1,-1,-1,24273,13743,-1189,8804,12245,-15373,7574,2104,4185,413,4354,4283,1
263106,0,2,2,1,-1,0,-1,-1,-1,-1,-31150,10704,-1146,9611,23708,-421,1250,11434,5668,7072,9379,5856,0
207347,0,1,2,1,-1,-1,-1,-1,0,0,13820,39736,-4291,30815,-8492,-3337,5965,5939,8710,737,2613,9198,0
293815,0,2,1,1,-1,-1,-1,-1,-1,-1,37983,24645,1260,-21767,9621,-3855,5820,4687,9886,2189,744,4864,0
534497,0,1,2,1,-1,-1,0,-1,-1,-1,-7904,-4896,3682,-23275,7784,38482,5150,14949,5814,7968,12304,8246,0
414387,0,1,2,1,-1,-1,-1,0,-1,-1,20896,-8520,8714,-3169,10752,31778,11110,10692,8493,4634,5879,5456,0
399243,0,2,1,1,-1,-1,-1,0,-1,-1,-31502,24425,40589,-8067,6856,-7355,12596,4010,15932,8294,557,7715,0
417027,0,1,1,1,3,-1,-1,-1,3,0,26493,14798,15874,-11557,-1017,19569,10569,7975,10793,7540,2996,6585,0
110008,1,1,2,1,-1,-1,-1,-1,0,2,23537,11737,-2136,2769,8573,7785,10017,5992,3193,5536,6136,8093,0
274418,0,1,1,1,0,-1,-1,-1,-1,-1,25050,8737,-24180,14641,12064,31924,16577,10455,6241,7097,14309,12431,0
478924,0,1,1,1,2,-1,0,-1,-1,-1,40321,-12942,-3173,-20504,-4910,46751,11913,6432,8852,2281,14335,15158,0
20972,0,3,2,1,0,0,-1,-1,-1,-1,-28114,10550,17253,-3036,3579,13055,3128,10531,4103,9229,392,134,1
262087,1,1,1,1,-1,-1,-1,-1,-1,0,29398,-8949,13174,-6294,-9074,20427,8646,17591,10656,9743,2832,1912,0
136767,0,1,2,1,-1,-1,-1,-1,0,-1,8328,9274,-1074,13331,2479,3648,8394,9331,9852,6868,3405,9588,0
543906,0,2,1,1,-2,2,-1,0,0,0,31275,8766,-16488,31820,24513,-7440,12241,5581,7592,5982,6334,4549,0
156414,0,2,1,1,1,0,-1,-1,-1,-1,53654,14410,-27279,6318,15289,-8999,9115,3469,11026,120,3944,8392,0
221283,0,1,1,1,-2,-2,-1,-1,-1,-1,-9019,32212,-16149,31098,13064,-3680,13331,14423,9680,11753,4110,5506,1
85175,0,3,1,1,1,-1,2,-1,-1,-1,-12887,2529,10853,16062,-2514,-471,4747,6891,2510,9738,327,170,0
172264,0,3,1,1,1,0,-1,-1,-1,-1,22941,24100,-4693,6980,10247,509,11185,8895,11106,8522,1399,8577,0
246373,0,2,1,1,-1,-1,6,-1,-1,-1,10346,19584,12025,18683,-7139,11655,3492,4939,6943,638,8937,8456,0
444355,0,2,1,1,3,0,-1,0,-1,-1,10132,4655,-1863,12930,16147,5291,13638,3350,2019,7149,8284,2578,1
329024,1,1,1,1,-1,2,2,0,3,-1,38609,7902,-2277,4719,5946,7802,5008,2906,1572,2680,3249,3753,1
285277,1,3,1,1,-1,-1,-1,-1,-1,-1,-4976,3574,-8094,15410,5071,6030,11165,9121,10161,5721,5454,9188,0
468498,1,1,2,1,3,0,-1,-1,-1,-1,5899,-13572,25975,-14533,12166,29309,16696,12834,4346,14815,5361,289,1
135478,0,1,1,1,-1,-1,-1,-1,-1,-1,53724,16290,-35361,23340,2632,-7549,9254,7250,6272,4265,1894,5499,1
36032,1,2,2,1,0,-1,-1,-1,-1,-1,-31921,-1342,37540,-22444,201,41054,4004,17708,13751,13663,5507,8524,0
126026,0,2,1,1,2,-1,-1,0,-1,-1,15015,-18243,32602,-8255,-10485,52284,5383,5043,1788,5211,11590,15535,1
37266,1,2,2,1,-1,-1,2,-2,0,2,24234,20392,-10715,13776,14489,12840,8172,799,2387,4837,1281,4338,1
321100,1,2,2,1,-1,-1,0,-1,-1,-1,-6324,19434,-16586,20574,9562,8379,9382,5514,3027,1900,6172,7450,1
422405,1,1,1,1,-2,2,-1,-1,-1,-1,9036,10860,12253,2683,-520,14842,11323,5828,9978,4156,5166,5532,0
193063,1,3,2,1,-1,-1,-1,-1,3,-1,-13961,14819,39776,-10434,-27678,37875,3659,12021,10301,4225,4114,11595,0
159288,1,2,1,1,-1,-1,-1,-1,-1,-1,-4339,31984,14501,-14917,2068,24131,14114,18584,11230,7925,9200,2708,0
305441,0,1,1,1,-1,0,-1,2,0,-1,44011,-9015,-14154,-13629,18589,13443,15146,9030,9525,12715,2650,4166,0
246339,1,2,2,1,1,0,2,-1,2,2,-15661,46603,-21318,18434,4899,-2506,5583,6523,121,5600,1379,2051,0
153398,1,1,2,1,2,-1,-1,0,-1,0,38413,-11034,45621,-32735,3858,47662,9375,10674,14176,13392,1550,11371,0
212143,1,3,2,1,-1,-1,-1,-1,-1,-1,-17603,4723,-3297,15331,20478,7189,2703,10611,2679,7455,4986,4350,0
113872,0,2,2,1,-1,-1,-1,-1,-1,0,7376,33376,-4591,-8245,7503,22146,5291,10450,2850,2417,9107,2256,0
635911,0,1,2,1,3,0,-1,-1,0,0,4120,-3807,32741,-14639,10866,22599,13227,16540,16619,14210,723,137,0
400165,0,2,1,1,-1,-1,-1,0,-1,-1,16543,-26055,33868,-19449,4098,5747,12315,6451,15348,4645,1630,5335,0
340249,0,2,2,1,2,-1,-1,-1,-1,-1,60825,11812,-25739,2138,21824,13901,11976,7632,9195,4551,7937,5868,0
199154,0,2,2,1,-1,2,2,-1,0,7,24133,24542,-13915,25247,23338,-6409,7357,2462,4003,5434,2192,6761,1
295028,0,1,1,1,-1,-1,0,0,-1,-1,4060,-18392,-3366,8094,7887,21406,12099,5965,3409,10117,9337,8424,0
233912,1,2,2,1,0,2,0,-1,-1,0,-7649,21647,-15557,15897,12308,10545,13883,1571,6486,2434,5936,7790,1
452047,1,3,2,1,-1,-1,-1,-1,0,2,-14475,38426,5541,10937,12029,-7829,6758,5941,9772,3923,4896,8711,0
112013,0,2,1,1,0,2,-1,0,-1,-1,-28614,15680,29079,29308,-10662,23131,11851,12669,4029,9717,319,1365,0
238032,0,1,2,1,0,-1,-1,0,0,-1,29465,24899,-30098,22289,27203,-15456,11725,6501,13337,7402,3615,10197,0
267689,0,2,2,1,-1,-1,-1,-1,-1,-1,39260,-7439,-42,13563,7935,27983,15328,15787,11441,12494,5821,3197,1
183971,0,2,1,1,-1,-1,-1,0,-1,-1,-1206,9296,-6017,-1589,18925,2011,5341,8679,748,6454,6711,4530,1
299552,0,2,2,1,-1,-1,-1,-1,0,2,-5648,14777,27070,3799,10529,-839,4303,9977,12012,6013,2247,9700,0
177738,0,1,2,1,-1,-1,-1,0,2,-1,-15478,8792,63025,-21767,3658,38812,9472,13271,13782,12387,1879,6015,1
201573,1,1,2,1,-1,-1,-1,-1,-1,-1,39417,-12964,6738,-3199,-5316,37050,7918,3731,2358,1130,8571,3484,1
346861,0,1,1,1,-1,0,-1,-1,0,-1,7490,7635,8457,-1341,-1029,891,4651,6637,8385,4308,3389,6342,0
145713,0,1,2,1,-1,-1,-1,0,0,-1,9010,31325,-22396,10601,10446,3132,3623,896,903,2941,3696,1606,0
302575,1,5,2,1,-1,-1,-1,-1,-1,-1,30924,-11806,1625,-15115,7703,30590,3506,5764,1732,3168,5077,2542,1
273397,0,2,1,1,-1,-1,2,0,0,-1,22528,3712,17291,9709,-4201,5913,10036,1002,11292,1436,3152,1162,0
243640,0,3,2,1,0,-1,-1,-1,-1,0,27982,-29257,-3088,8848,8963,10253,2971,8386,3113,5449,5178,9400,0
270845,0,1,2,1,-1,-1,-1,-1,-1,7,26527,8230,-2356,25337,711,4674,7381,5151,4694,2790,4388,7065,1
274664,0,3,1,1,-1,-1,0,-1,0,0,41137,25958,-5838,18539,-5392,25699,17001,3883,12408,8380,2425,6488,1
248346,1,2,2,1,-1,-2,0,-1,2,0,5734,31368,15405,-10775,6728,34832,12508,9193,4566,3403,5121,5956,1
287382,0,1,2,1,0,0,-1,-1,-1,-1,-19345,13899,-18174,22082,16717,993,8843,9739,9175,4068,11901,8204,0
348518,0,2,1,1,-1,-1,-1,-1,-1,-1,19549,-32695,26628,-6665,352,21933,1050,9644,4963,6616,5590,6499,0
127235,1,2,2,1,-1,2,-1,-1,-2,-1,7127,6836,9266,-10026,9494,28047,1549,9922,4161,7081,8362,11352,0
295310,0,1,2,1,-1,-1,0,-1,-1,-1,5687,12302,-10602,12645,19005,30467,10986,5904,6534,10303,12229,15810,0
197654,0,2,2,1,0,-1,-1,-1,-1,-1,-8378,-5463,26656,9818,-6200,23468,5884,10789,10266,4193,5522,6177,0
48813,1,1,2,1,0,-1,0,-1,-1,-1,12712,18355,-20156,20587,19583,11374,5284,10387,5645,11592,1960,7648,0
428265,0,1,1,1,-1,-1,-1,-1,0,0,19073,1002,7151,7874,19833,3307,8108,9557,8692,10912,5192,13214,1
470037,0,1,1,1,-1,-1,-1,0,0,0,41975,1327,24670,-26925,13844,16190,16704,1883,10401,8030,1566,2965,1
115215,0,2,2,1,-1,2,0,-1,0,0,-13598,18113,7566,17641,9265,7935,13044,4721,3849,6747,1113,1493,1
104778,1,2,3,1,-2,-2,-1,-1,-1,-1,24116,-3793,9249,8693,-23106,50161,14510,10928,4705,3456,9324,4073,0
311733,1,3,1,1,-1,-2,-1,-1,-1,-1,-232,-18042,14821,-14277,17360,21539,17013,11685,10496,10100,6900,4694,0
218398,0,2,2,1,-1,-1,-1,-1,-1,-1,75196,-4203,-17150,-6332,20332,22844,12368,12585,9114,8260,14721,10174,0
62606,0,2,1,1,-1,-1,-1,-1,-1,-1,19090,6689,12298,6579,1404,9746,5094,12204,10957,8562,3784,13569,0
235407,0,1,2,1,-1,0,-1,-1,0,-1,12097,-10112,2182,11772,16819,8156,3523,9725,6328,8719,2890,2807,0
207178,0,2,1,1,1,0,-1,2,0,-1,21112,2805,21368,-10266,13472,3844,5904,6361,8018,6792,874,1537,0
153000,1,2,2,1,-1,-1,0,-1,-1,-1,4558,4655,-22018,31609,17048,6770,8467,9555,4201,7417,5872,7528,0
159613,1,2,2,1,-1,-1,-1,-1,0,-1,8040,5247,9889,-10891,34874,21749,11495,12948,15018,16817,4178,12083,1
346695,0,2,3,1,-1,2,-1,0,3,-1,28887,-6984,26659,-12893,17303,733,6072,4212,4232,4866,1349,6695,0
227978,0,2,1,1,-1,-1,0,0,-1,-1,-8159,-8676,30649,-7040,5069,17658,7170,7191,7060,7937,1346,4591,1
190799,1,2,2,1,1,-1,-1,-1,-1,-1,34635,25473,-21539,4241,14398,11943,5385,793,5443,693,11701,8050,0
162434,0,2,1,1,-2,0,0,-1,-1,0,13601,-17373,18826,-8811,9252,14150,3140,17707,7731,13710,525,3899,0
208984,0,2,1,1,2,-1,-1,-1,-1,-1,32450,-8900,-7088,15815,7079,10382,6509,4571,5479,2117,5645,5855,1
119121,0,1,2,1,-1,-1,0,0,-1,-2,-471,31311,-14972,10901,1495,26412,8713,2547,1363,5117,776,5925,1
373681,1,2,2,1,-2,-1,-1,-1,0,-1,-429,23871,-27302,23006,5307,8036,16808,4098,10899,1886,4202,10421,0
180316,1,2,1,1,2,-1,2,0,-1,0,25754,38809,-8572,-5526,32408,-237,14528,4063,11248,7580,1043,4020,1
206384,1,2,1,1,-1,-1,-1,-1,-1,-1,45977,-8277,-6008,-1959,6880,480,2121,19002,10439,17763,1243,6178,0
355344,0,2,1,1,-1,-1,-1,0,-1,0,4725,640,9296,18801,-1526,-6146,1729,6640,4221,3826,1660,4112,0
242790,1,1,2,1,2,-1,-1,0,-1,-1,32743,4252,722,-11404,11373,27397,11747,3080,6908,5804,2648,9962,1
336994,0,1,2,1,-1,-1,2,-1,-1,-1,9014,-4796,5247,-11987,24741,22245,9967,9283,4191,10401,9178,4213,1
105565,1,3,2,1,-1,-1,0,0,-1,2,21229,29367,-31680,42635,11794,20520,10013,3735,8645,6849,6211,10707,1
359452,1,1,1,1,-1,-1,-1,0,0,-1,8360,2173,13553,-9836,9493,-236,6985,2005,9182,6756,997,2852,0
267957,0,2,2,1,-1,-1,-1,-1,-1,-1,24621,15307,3321,4361,5091,20131,5574,11974,16168,1553,6199,13420,0
125478,1,2,1,1,2,-1,0,-1,0,0,27535,12396,2627,-11346,7949,24396,6810,3178,8712,884,5038,714,0
103804,0,2,2,1,-1,2,-1,0,0,-1,4772,15529,5125,399,19714,-789,4435,3083,961,5132,3066,3718,0
331640,1,2,2,1,2,-1,-1,-1,-1,0,8203,-4001,42784,-27243,162,45936,12043,15122,13679,7874,9129,8001,0
340639,1,1,2,1,-1,-2,-1,0,-1,-1,11581,8681,18136,-20110,21221,5286,3454,7367,6100,8845,2127,11483,0
182103,1,1,1,1,-1,-1,-1,0,-1,-1,18668,3119,12916,-25856,24549,16395,14756,9279,17490,12801,6211,10849,0
241326,0,2,1,1,-1,3,-1,-1,3,0,47774,28374,-11439,30543,-14340,12921,12197,10376,10161,3997,6167,1659,0
278039,1,2,2,1,0,2,-1,0,0,-1,11078,6823,3764,9737,18514,-11309,6231,2016,5927,3241,3082,4401,0
357961,1,1,2,1,-1,2,-1,2,0,-1,18903,-5480,26545,-20445,11097,20936,8417,7863,7419,7359,3881,4822,0
342800,1,1,1,1,-1,-1,-1,0,0,-1,22574,-8588,20663,-11848,24060,-4978,761,6232,9122,11544,441,12696,1
199252,0,1,2,1,2,-1,0,-1,-1,-1,3808,43465,-26124,-11142,16640,29830,5982,10933,5692,8616,14380,14051,0
249115,1,3,2,1,-1,-1,-1,-1,-1,-1,8672,16503,13375,-3053,-13252,23014,4947,9269,9813,3373,1879,4685,0
347379,0,1,2,1,-1,-1,-1,-1,3,0,24505,-6614,-9934,2188,4505,11480,2285,6441,3316,4049,7428,6370,0
483900,0,1,2,1,-1,-1,-1,0,0,-1,3996,2681,-371,15205,10333,13041,5475,5944,10607,3443,9206,14381,0
405711,1,1,1,1,2,2,0,0,0,0,-10043,32662,-8962,9009,26785,16370,12055,6262,5816,8037,4322,6582,1
32335,1,3,2,1,1,2,-1,-1,2,-1,18531,24873,-15952,21174,20300,-5004,10394,8758,5372,13071,293,5086,0
162010,0,2,2,1,-1,-1,-1,0,-1,-1,-5869,4127,11450,-7935,40243,-3117,3614,7144,7147,11558,1754,10021,1
375934,1,1,2,1,-1,-1,2,-1,-1,-1,-7074,10866,18033,-10744,15216,10566,6485,8164,5650,5543,7014,1678,0
216787,0,1,2,1,-1,0,-1,-1,-1,-1,24043,29682,-6281,6105,-4750,19008,10287,9663,685,5559,6153,2157,1
306972,0,2,1,1,1,-1,-1,2,0,-1,21515,-4693,-20538,8806,18453,-11404,7711,5082,8036,4576,4500,8674,0
88801,0,3,1,1,2,-1,-1,-1,-1,-1,-29825,10201,11448,1735,-27321,40740,3638,9635,5128,2386,4814,6760,0
46663,1,2,2,1,2,0,-1,-1,-1,-1,23631,18813,-8187,-10288,2878,44961,16637,10920,8678,7063,9770,7146,0
266816,0,2,1,1,1,-1,-1,-1,0,-1,-10714,-2295,19317,-9786,-5076,21976,2633,9480,5589,4463,4549,834,0
43218,1,2,2,1,-1,-1,-1,-1,-1,-1,15110,-9363,33747,-30934,13973,22555,2516,19018,11470,16117,1258,1840,0
347650,1,1,1,1,-2,-1,0,0,0,-1,10327,7243,2766,31042,5579,4764,20351,3224,8980,4483,740,5222,1
296700,1,1,1,1,-1,-1,-1,-1,0,2,15662,34670,-9978,276,10707,5393,11862,4881,10753,3781,6844,13773,0
318272,1,2,2,1,1,-1,0,-1,-1,-2,8982,201,-25672,1461,28002,20270,9002,11799,10566,11261,6176,3354,0
410103,1,1,2,1,-1,-1,2,-1,-1,-1,17506,16763,-11600,-26398,27225,6392,5203,7922,5617,5774,7726,6847,0
46018,0,2,1,1,-1,0,-1,-1,-1,-1,5338,4886,18444,-7253,834,29547,12498,11117,5581,10413,3619,3228,1
504140,0,2,1,1,-1,2,0,-1,0,-1,1173,3257,-14172,34588,-993,3298,4731,1948,2235,1806,6239,9181,1
128347,0,3,1,1,-1,-1,0,-1,0,-1,18873,-29256,-8419,35179,-7284,7221,14719,4326,9393,4900,669,6185,0
280899,0,1,2,1,-1,-1,-1,0,0,-1,17848,19604,19138,6776,12564,3524,15766,12169,14942,9044,4605,4488,0
278711,0,1,2,1,-1,-1,-1,-1,-1,-1,34151,4661,-20796,5384,29081,2321,10361,7664,6605,7952,7047,4463,0
83615,1,1,1,1,3,2,-1,0,-1,-1,5499,10071,23846,-1246,3635,14172,1925,5105,714,6629,769,3833,1
206300,0,2,2,1,3,-1,0,-1,-1,0,-24073,11165,13755,17511,-8589,30073,9246,6705,8057,2354,8764,9329,0
198269,1,2,2,1,-1,-1,0,-1,-1,0,10861,-15043,23814,-10778,-371,32193,6094,5770,5204,5132,2022,540,0
429363,0,2,1,1,3,-2,-1,-1,-1,-1,-14473,-24423,54118,-10598,-19384,33898,7846,10874,7689,8397,5050,4197,0
369307,0,1,2,1,0,-2,0,0,-1,-1,10191,15500,-31826,2414,27416,6922,14440,10692,7602,6087,5065,230,0
45868,0,2,2,1,-1,-1,-1,-1,-1,-1,16760,14215,-23459,18620,13941,11376,675,8961,4866,1842,10520,8160,0
103044,1,2,2,1,-1,-1,-1,-1,-1,-1,1307,17850,-30110,34002,-1499,15218,4356,19895,4573,6007,12405,3022,0
510567,0,1,1,1,-1,-1,-1,-1,-1,0,23898,32538,-24994,12546,24111,-10143,5353,9096,2254,2624,8099,553,0
221640,0,3,2,1,3,0,-1,-1,-1,0,-2387,9612,29511,-19133,-1792,25506,3087,14737,8544,6347,973,2694,0
244180,0,3,1,1,-1,-1,0,-1,0,-1,-21009,187,15566,-10616,16812,16657,3265,11384,7246,8536,2442,5232,0
333852,1,1,1,1,3,-1,2,0,-1,0,25537,-836,-16528,-1573,-6088,30722,12500,2203,156,146,3345,4505,0
459064,0,1,1,1,-1,-1,-1,0,-1,-1,32367,-466,5780,-24451,18595,21653,3160,12470,8043,7232,4468,5094,0
233033,1,2,2,1,0,-1,-1,0,-1,-1,31380,22351,1151,-2654,4757,32225,18073,9538,12529,7551,2320,421,1
286854,0,1,2,1,-1,0,-1,-1,-1,-1,12962,-679,1186,-18254,20201,34542,17453,11151,9520,6565,8369,2514,0
84715,1,2,1,1,2,0,-1,-1,-1,-1,8828,24006,21693,-20170,-4652,31765,11813,10183,5575,3587,4397,343,0
239328,0,1,2,1,3,-1,0,-1,-1,2,-14976,46278,19353,-14,-1356,21238,4481,9659,11404,9053,5100,4950,0
51226,1,1,2,1,-1,-1,-1,-1,0,2,-12950,18338,11921,-10104,1177,22631,8344,9807,8375,10388,4470,4280,0
122640,0,2,1,1,-1,-1,-1,-1,-2,-1,24682,16936,9559,-4395,7789,15227,9245,4800,6682,725,6478,3931,0
250845,0,1,1,1,0,-1,-1,-1,0,0,39142,-15737,6975,22875,2264,24515,18775,15846,19481,13293,7083,7957,0
235017,0,2,1,1,-1,0,-1,-1,0,0,1182,5082,21814,-847,15627,-9141,3387,7634,6724,9992,872,6262,0
348924,1,1,2,1,-1,-1,-1,0,-1,-1,2933,7652,1794,12551,16908,3988,7728,7658,6219,7889,6218,9506,1
41827,1,3,1,1,-1,-2,0,2,0,2,7101,12732,20077,13810,-12285,22213,10743,3174,3516,5179,1613,4586,1
250056,0,2,2,1,-1,0,-1,-1,-1,-1,8696,23810,-15058,10737,6064,-4218,6215,9143,3700,5958,2678,2316,0
482070,1,1,1,1,-1,-1,-1,-1,0,0,57139,5701,16991,-38422,23860,27171,5501,11168,14914,11308,6913,10224,0
485627,0,1,2,1,-1,-1,-1,-1,-1,-1,63723,-10523,-25666,-776,17830,12358,14517,12130,15348,7553,8901,5352,0
228283,0,3,2,1,1,-1,0,0,-1,-1,-31548,56215,-11987,34426,235,-7047,13210,5887,14336,2961,2637,9243,0
452226,1,2,1,1,-1,-1,-1,-1,-1,-1,-5112,4888,20200,-42858,25714,14778,11959,9171,15350,12339,7132,12575,0
313567,0,1,2,1,-1,-1,-1,-1,-1,0,15703,3522,-395,-5942,5632,35330,7930,8594,4634,600,11222,8831,0
424902,1,2,2,1,0,-2,-1,0,3,-1,26529,6820,18097,-27916,-6712,24574,1256,10580,6859,4954,4901,436,0
201980,0,3,1,1,2,0,-1,2,0,0,6071,-15493,24741,17073,-19637,37903,7197,8194,8159,3356,2866,10375,0
250026,1,1,2,1,3,0,-1,-1,-1,2,735,19199,-13900,-6846,2450,39793,8582,12313,3411,10759,5493,9898,1
266139,1,1,2,1,0,0,0,-1,-1,-1,-34605,1512,-11976,9695,-7699,45777,8626,16657,1764,4358,12329,868,0
278173,0,1,2,1,-1,-1,-1,-1,-1,-1,2206,21735,-12978,-5485,32486,-8642,8615,10539,6643,8656,3218,1812,0
354876,0,3,1,1,1,0,-1,-1,-1,-1,-12262,32047,-12907,28201,10551,-11782,4152,11662,7402,3123,5194,3094,0
181467,0,1,1,1,0,-1,-1,-1,-1,0,-3070,15152,20947,-2698,-10814,12562,4519,7914,3771,2758,1176,27,0
396162,1,1,1,1,-1,-1,0,0,-1,-1,-4051,37664,5751,787,11595,10200,3489,8405,8943,4369,6913,2067,0
300812,1,1,2,1,0,-1,-1,-1,-1,-1,32982,8976,-7577,-9701,1383,38579,4470,6948,2985,3104,8882,4082,1
247303,0,2,2,1,-1,-1,0,0,-1,0,-10350,26448,4476,20745,-3856,18627,9456,7103,1457,1823,6828,1086,0
121537,1,2,1,1,-1,-1,-1,-1,-1,0,24308,36618,-18934,12937,-8393,28669,14863,94,2028,2871,5872,5716,1
137721,0,2,2,1,-1,2,2,0,-1,-1,-3613,48908,-314,-3385,8916,5514,8007,2142,1666,2177,1700,1544,1
211728,0,2,1,1,-1,-1,-1,-1,-1,-1,20610,-1598,6175,-856,27161,2897,3224,15034,12336,11705,3808,4496,0
157408,1,2,2,1,-1,-1,-1,-1,-1,-1,18100,22410,10431,-22834,4418,24052,12079,10467,16499,3619,7278,10735,0
223389,0,3,1,1,1,-1,2,0,-1,0,20257,13526,18388,4106,4191,9472,2874,1962,10235,3801,1362,6658,0
103721,0,2,3,1,2,3,2,-1,-1,-1,34165,10552,15062,33889,-5936,29362,11049,11036,6539,7514,291,1728,1
309641,0,2,1,1,-1,0,-1,-1,-1,-1,5439,-14367,20074,-16109,18649,28396,17805,12239,8211,12565,3871,2013,0
254684,1,3,1,1,3,-1,2,0,-1,-1,-5211,11209,14997,-5995,10930,26254,14085,4523,7952,8510,1713,3796,0
322889,1,1,1,1,-1,-1,-1,-1,-1,-1,12381,19584,2559,1610,6006,3775,5184,10035,7509,12196,4935,2918,0
106325,1,2,1,1,0,-1,-1,-1,-1,-1,22057,16794,-8693,-3043,-2520,30400,7350,12412,14743,4113,1907,9595,0
158716,0,2,1,1,-1,-1,-1,-1,-1,-1,25573,17404,2146,-15279,5074,17540,2415,8252,7230,5419,5819,281,0
314354,1,2,1,1,1,-1,-1,-1,-1,-1,7400,1498,-21073,-16480,26575,6922,10320,9484,14037,11964,4330,11820,0
298449,0,2,1,1,-1,-1,-1,-1,-1,2,32930,10203,9912,-24558,-2665,50676,5002,10732,9730,4217,11847,7416,0
369436,0,1,1,1,3,0,-1,-1,0,-1,-8976,-8164,16028,-9674,15606,23437,4366,12486,5487,8666,4958,2943,0
379620,1,2,1,1,3,0,0,-1,-1,-1,-28109,7471,6333,-11958,25558,16027,9310,15792,12295,13690,4284,3811,0
129467,1,2,2,1,-1,2,-1,0,0,2,25757,3412,30536,-5530,-2619,12474,6902,487,4370,5870,534,6324,1
155514,1,1,1,1,-1,0,-1,-1,-1,2,-761,2799,5727,-22086,4320,24701,3544,8648,1,2965,5777,1430,0
336431,0,3,1,1,2,0,-1,-1,-1,-1,25009,7558,-21976,-6078,17615,33953,15572,14688,5264,11808,7198,5039,1
286269,0,2,2,1,-1,-1,2,-1,-1,-1,14834,16542,-27278,33565,22064,-8629,5278,5549,5697,3041,7933,8600,0
226439,0,1,2,1,0,0,-1,-1,-1,-1,10471,17305,49,-318,7429,-928,8013,8374,3016,6457,4774,1865,0
162544,1,2,2,1,0,3,0,-1,0,0,9652,18625,-44159,34180,11173,23442,7750,15053,9217,7346,6851,8488,0
203592,0,1,2,1,-1,-1,-1,-1,-1,-1,-7812,33418,-17930,-8764,12095,18466,3329,9208,4474,7268,6429,7279,1
240539,1,3,2,1,3,-1,0,-1,0,2,4487,11049,-21360,11282,21172,32251,9118,9639,7772,10926,11676,13083,0
175747,1,3,2,1,-1,-1,2,-1,-1,-1,16442,17157,-14529,-10625,18360,28928,6293,6472,8126,4043,11685,13080,0
456798,0,1,2,1,1,-2,-1,0,3,0,44097,-4945,28372,-26231,16038,20415,5421,5006,11127,6127,2491,5140,0
339550,0,1,2,1,-1,-1,-1,0,-1,-1,-1376,40256,-10183,15035,16998,-12501,6029,4080,1374,301,9535,7001,1
267332,0,2,1,1,-1,-1,-1,2,0,-1,24561,-2041,28585,-18090,12294,12835,1455,7929,7490,8648,2393,4243,1
365428,0,3,1,1,-1,-1,0,0,-1,-1,38750,1783,-8019,5301,9112,4930,11454,4300,6826,5799,5799,8385,0
250239,1,2,2,1,-1,-1,-1,-1,0,-1,-6444,28691,-19039,19834,3429,-1784,4937,7098,9763,3149,5973,5756,0
292288,1,1,2,1,-1,-1,-1,0,0,-1,21898,19417,15261,-18045,27203,9255,5552,1417,3954,6613,5048,3508,1
401646,1,3,1,1,-1,-1,0,0,-1,-1,-5940,34637,-18990,6424,7394,1514,11391,10245,8973,3219,11154,4457,0
346708,0,1,1,1,0,-1,-1,-1,-1,-1,1687,21953,-15605,8874,20297,2960,10909,16487,10399,7041,11374,630,0
390221,0,1,1,1,2,0,-1,-1,-1,-1,16063,16812,-19814,-6119,15423,-4880,5065,10996,8927,1268,7125,1716,0
268530,1,2,1,1,-1,-1,-1,-1,-1,-1,14027,-5446,-12397,1562,10124,14342,6022,13257,3681,3642,9178,1529,0
214656,0,3,1,1,1,0,-1,-1,0,-1,24619,-5821,16298,-16715,16680,7224,9929,11473,10325,13386,2548,9,0
211527,0,1,2,1,-1,-1,-1,0,-1,-1,13690,-7060,25481,-14740,3131,21579,2505,3861,1560,4662,6778,6742,0
271831,1,2,2,1,0,-1,2,-1,-1,-1,18367,8414,-12514,30635,12008,11936,15488,14957,12928,5745,10522,4058,0
417447,1,1,2,1,-1,-1,-1,-1,0,2,16159,18805,-20158,5300,15308,3718,352,2285,9492,2150,6164,15390,0
66576,1,1,1,1,-1,-1,-1,-1,-1,-1,49739,-7771,13569,-35688,12393,27184,9303,13496,10009,8614,4225,1311,0
183935,0,2,2,1,-1,-1,0,-1,-1,-1,-10113,-29061,6239,9635,6612,22640,10248,15904,2989,11088,9966,3495,0
133801,1,3,2,1,2,-1,0,0,-1,-2,14649,8308,-616,-1723,27030,2333,6855,3407,6734,5282,1277,7548,0
86404,1,1,2,1,-1,0,-1,0,-1,-1,13536,33697,-6958,-4518,21050,-8647,5651,11772,11810,6136,1833,3552,0
547830,0,2,1,1,-1,-1,-1,-1,0,-1,29986,-15265,-5731,17884,14101,20720,21114,8260,19192,9550,9028,13414,1
140675,1,2,2,1,0,0,0,0,-1,-1,-28090,4322,-4449,31941,1859,29166,12020,10188,2782,5398,4278,2373,0
322098,1,2,1,1,-1,-1,-1,-1,-1,-1,4875,-4328,13073,-10500,10750,8539,3921,15954,4472,8454,4753,363,0
344657,0,3,1,1,0,-1,0,-1,-1,-1,-6708,7919,650,9865,-1242,42687,13440,11486,13549,7822,7170,7393,0
185560,1,1,2,1,0,0,-1,-1,-1,0,26328,-24194,-18134,32938,12603,29331,4435,11165,7153,10110,8513,10277,0
456824,0,1,1,1,-1,2,2,-1,0,-1,-10864,18568,-20191,19656,21907,-21025,5246,6737,4334,6539,5346,7769,1
199844,0,3,2,1,1,-1,-1,0,3,-1,30275,4882,23043,-9522,13987,9722,4763,11701,7542,8173,1036,6736,0
195584,1,2,1,1,-1,-1,2,2,-1,-1,49685,5555,-13271,2249,-5146,26760,7849,2872,4198,5040,5051,8186,1
450756,1,1,1,1,-1,-1,-1,-1,0,-1,19336,2680,954,-6996,13834,16568,15091,10654,11002,10087,6511,1619,0
154589,0,2,2,1,1,-1,-1,-1,3,0,16553,15740,2026,12252,15072,-6829,390,7034,3994,6151,1831,5158,0
87686,0,2,2,1,-1,-1,-1,-1,0,-1,14082,5523,17440,966,2718,5426,4776,10958,5336,6149,4087,1272,0
17841,0,1,1,1,0,-1,-1,-1,-1,-1,10575,-2173,-34714,39701,5174,11638,11548,9715,3627,8737,8399,9364,0
129662,0,2,2,1,-1,-1,-1,2,0,0,53087,-12859,-633,19081,17114,-10136,1085,5203,9002,5671,1236,5172,0
138941,0,2,2,1,-1,-1,-1,-1,-1,-1,-23938,19361,33842,1304,-2074,15298,8056,11271,6967,8186,6791,2611,0
86377,1,2,2,1,0,-1,2,-1,-1,-1,19266,-3226,16319,20847,-19832,50290,17410,9238,12928,4435,8347,9421,0
107960,0,2,1,1,-1,-1,-1,0,-1,-1,23002,2831,24524,4970,-7943,34633,12001,7625,10642,5549,7537,8495,0
44667,1,3,1,1,-1,-1,2,-1,0,-1,35877,18071,-24470,-4554,17930,1098,6623,2999,4919,4501,3021,5207,0
440301,0,1,2,1,1,-1,-1,-1,0,-1,25699,8283,-11004,-7296,28549,847,8021,9679,4211,8802,2381,2151,0
47339,0,2,2,1,-1,-1,-1,-1,-1,-1,18400,-1010,1761,-1837,-13448,47415,8852,9962,5989,1791,11458,9242,0
156137,1,1,1,1,-1,2,-1,-1,-1,-1,39706,-4889,-341,-29295,39099,12251,17,14815,2622,14294,2832,2668,1
80970,0,2,1,1,-1,-1,-1,-1,-1,-1,-4713,29635,-6464,23519,-16638,18505,11178,8629,4456,1417,5959,98,1
334020,1,5,2,1,0,-2,2,-1,0,-1,27592,406,-16206,23412,14452,7536,5195,4891,3904,4148,2005,2652,0
361174,0,5,2,1,0,-1,-1,0,-1,-1,41739,-13611,-3147,-2865,25369,12492,12306,10583,3768,4363,7522,1038,0
188845,1,1,1,1,-1,-1,-1,-1,-1,-1,21621,4200,-4403,3240,-8071,12956,10756,11477,7557,6868,1877,842,0
350050,1,2,1,1,1,-1,0,-1,-1,-1,36060,14728,-23209,4839,27407,13579,9492,9378,5449,6797,10266,4538,0
137109,0,2,2,1,-1,-1,0,-1,-1,0,29495,5523,4531,-5832,8320,14683,13109,7205,11201,6207,6412,6579,0
194156,1,1,1,1,0,-1,-1,-1,-1,-1,-200,24638,-17652,-12876,-2108,36199,5824,10109,1910,1922,12460,5196,0
351579,0,2,1,1,1,-1,-1,-1,-1,0,21297,15248,-6168,-4229,32018,10887,5756,9335,13523,9935,6272,5160,0
187644,1,2,1,1,-1,-1,0,-1,-1,0,35530,19248,-35411,1218,21327,20133,2869,6454,443,5477,6834,6980,0
238730,1,3,1,1,2,-1,-1,-1,-1,0,-2509,7132,23641,-22153,-13002,53483,5317,14051,9122,7880,7051,8172,0
293818,0,2,2,1,-1,-1,2,-1,2,-1,21264,13860,9295,1874,15401,4531,8347,5944,9181,7575,3546,6478,0
249668,0,2,2,1,-1,-1,2,-1,-1,-1,-13151,13012,-10459,16239,19789,-4782,3246,3226,738,4807,4909,4755,0
211453,0,2,1,1,-1,-1,-1,0,-1,-1,24152,15774,6861,-14489,12206,4424,4618,677,1267,6270,3064,3872,1
195913,0,3,2,1,-2,-2,-1,-1,-1,0,11069,13052,11909,26091,-22057,25944,7675,11152,8049,2400,2294,6835,0
280855,0,2,1,1,-2,-1,-1,-1,0,0,28518,24900,-5169,20747,1169,5686,11129,10224,13083,4688,5809,5603,0
567577,1,1,2,1,-1,-1,-1,-1,-1,0,2363,11182,-12180,-22185,28356,15036,5719,10593,6967,9358,7695,11086,0
188964,0,2,2,1,-1,-1,-1,-1,0,2,30278,4478,16398,-21273,11547,12790,8544,4812,5548,7829,3948,1258,0
261288,0,1,1,1,-1,-1,-1,0,-1,-1,2103,31858,-8407,19294,4768,-15560,3040,2998,3265,2070,2016,4594,1
207160,1,2,2,1,1,2,-1,0,-1,-1,23318,26643,-182,-16515,12125,9848,10044,2747,7747,6803,2329,1839,0
134004,1,2,1,1,-1,-1,-1,-1,-1,-1,12523,3605,1097,-15008,30269,-1036,5536,8502,11900,10816,3572,5759,0
215999,1,3,2,1,-1,-1,-1,-2,-1,-2,2807,-17028,19585,-25069,17738,28106,3975,13019,6706,3722,3688,1716,0
22381,1,1,1,1,-1,-1,4,-1,-1,-1,-3234,37086,-15005,-6598,13645,6644,2649,10029,3532,6530,2376,3233,1
372563,1,1,1,1,-2,-1,-1,-1,-1,-1,15607,10949,-655,-25689,24492,18303,12726,11168,12906,13694,5351,5604,0
210299,0,2,2,1,-1,-1,-1,-1,-1,-1,-1147,30193,7338,-24627,13894,36593,583,13404,2881,5084,11267,6649,1
354850,1,1,1,1,0,-1,-1,0,-1,0,49020,-30312,27994,-31828,12333,36187,9497,11353,14594,11933,5541,8876,1
261773,1,2,2,1,-1,0,0,-1,-1,3,-1377,15356,-22784,7639,837,52675,20072,8929,2408,5216,12334,10073,0
199142,1,1,2,1,-1,-1,-1,-1,0,2,15600,-4223,8874,-6968,2621,33073,3102,7695,9112,11614,2946,11938,0
379784,1,3,1,1,1,2,2,-1,-1,2,-18341,32522,-26897,20856,14829,-15599,5298,8704,4006,2618,3146,1049,0
475978,0,1,1,1,-1,-1,-1,-1,-1,-1,21956,-5934,-13507,24851,10718,-9991,2968,7458,7873,8341,7009,14337,1
268481,0,1,2,1,-1,-1,-1,-1,0,-1,12220,11776,-14799,-18954,28669,4139,6815,7220,8470,8615,8280,9645,0
357509,0,1,1,1,-1,-1,-1,0,-1,-1,21187,19894,-7200,11133,8814,8934,8122,3800,9550,2717,6174,10569,1
93641,1,1,2,1,-1,-1,-1,-1,-1,-1,-8785,22601,722,20544,-12084,30509,6984,18460,10552,8368,9981,7443,0
281959,0,2,2,1,-1,-1,0,-1,-1,-1,7180,16002,-17604,16813,6344,30331,18223,7238,13738,1820,12310,9456,0
61800,1,3,2,1,1,-1,0,-1,0,0,11426,17493,-347,1206,11891,9541,8434,2013,10500,4242,1329,4121,0
164891,1,2,2,1,-1,3,-1,-1,-1,-1,13119,29314,-17716,7334,-2209,21619,9071,10985,2430,3841,4316,6746,1
409716,1,3,2,1,-1,2,0,-1,0,0,7037,-5900,-7979,-6144,5062,30015,8182,3152,5837,3286,4840,13800,0
278153,0,3,2,1,-1,-2,-1,0,0,2,-1224,19261,-16013,25892,-15471,7986,1488,3799,1037,101,3865,6695,0
237669,0,3,1,1,-1,2,-1,-1,2,-1,12038,3491,16219,10202,14964,15607,7437,14997,8483,16295,2033,7571,1
152101,1,1,2,1,-1,-1,0,0,-1,-2,-26969,16249,42184,-11301,1416,28448,1886,6636,2449,4070,4800,3307,1
390672,0,1,1,1,-2,-1,-1,0,2,0,24730,-5976,14275,-686,8736,23655,7222,10431,7198,6808,4425,4457,0
205622,0,2,2,1,-1,-2,0,2,0,-1,12991,-24007,22012,9154,1201,15508,8626,4297,3394,4354,3978,3786,0
347727,1,2,1,1,0,-1,-1,-1,-1,-1,17871,15756,-15647,-19839,33685,4331,3458,10161,10417,7847,8670,6521,0
260259,0,1,2,1,3,-1,-1,0,-2,0,22167,-21659,35619,-31857,7539,44958,8024,10952,4520,9890,5208,1721,0
337507,0,2,2,1,0,-1,-1,-1,2,-1,-3708,16011,591,-6748,14578,25290,6561,7803,2427,7283,7770,7230,1
369592,0,1,2,1,1,2,-1,0,0,2,49732,641,23284,-19694,15949,25313,7520,8138,8013,14505,1014,2179,0
171751,0,1,1,1,-1,-1,0,-1,-1,-1,-9325,5105,-1345,22837,1777,4251,6464,7224,4800,6599,5449,1854,0
41715,1,3,2,1,-1,2,-1,0,-1,-1,20414,14913,-24491,4228,-1071,22722,4450,6342,1973,6419,5180,14196,0
292321,0,2,2,1,-1,2,-1,0,0,-1,20967,17189,-4141,-5239,26027,5079,2948,7098,3250,7685,3315,2583,1
501988,0,1,2,1,-1,-1,-1,-1,2,-1,43982,-313,6815,-8025,10062,11787,10244,14587,9061,13698,3066,4307,0
24108,0,2,1,1,-1,-1,-1,-1,-1,-1,39469,-11228,17717,-3115,2606,7481,8855,3712,8170,6617,2296,1797,1
19823,1,2,2,1,1,-1,2,-1,-1,2,20014,14569,-22770,24284,3797,676,2083,7231,4002,8228,341,9834,0
92788,1,2,2,1,-1,2,2,2,0,2,21566,16347,-4840,14378,11273,2851,547,34,1408,5369,1806,11257,1
403305,0,3,1,1,-1,2,-1,0,0,0,15559,-18706,12084,5763,-3198,19979,8076,1388,6432,4405,5478,8728,0
474130,0,1,2,1,-1,-1,-1,0,-1,-1,49657,-20622,21343,-32191,20981,31132,12431,12628,14286,13926,5767,12348,1
554734,1,1,1,1,-2,0,-1,-1,-1,-1,13237,-8492,-19865,-21079,12678,26100,12854,12564,11910,5924,7843,4472,0
259938,1,2,1,1,-1,-1,-1,-1,-1,-1,35138,23516,-10144,8868,10208,5834,6595,11238,7906,4963,8676,7545,1
45208,0,1,2,1,-1,-1,0,-1,3,0,28853,-11933,-14480,49050,-12831,-2514,7528,8511,70,3724,5497,1645,0
332166,1,2,1,1,-1,-1,0,-1,0,0,6536,2941,6183,6598,-4681,25426,369,7006,704,3944,4115,2025,0
551678,0,1,2,1,-1,-1,-1,-1,-1,-1,35369,-16817,5232,502,19252,17389,6665,6325,2138,3669,9062,5172,1
72358,0,1,2,1,-1,-1,-1,0,-1,-1,57570,2841,-10500,-16026,3652,23620,9456,7424,4781,10387,1041,3726,0
167458,0,5,2,1,-1,-1,0,-1,-1,-1,9433,-28672,21181,17206,-5327,42476,8035,17371,10058,7831,11111,9453,0
349458,0,2,2,1,0,-1,-1,0,0,0,33454,7151,13815,-10091,17444,24149,4952,5151,11378,1915,7252,11747,0
289372,0,2,2,1,-1,2,0,-1,0,0,19321,13660,7314,35160,-3858,-5106,6521,3717,2894,3495,490,2345,1
327628,1,1,1,1,-1,-1,2,0,-1,-1,52150,-9696,-1145,10718,-836,18275,16948,6933,4359,5370,2358,4545,1
287156,0,2,1,1,-1,-1,-1,-1,-1,-1,19138,12462,11722,-9520,9334,8837,7052,16784,8810,10008,6658,2825,0
173609,0,3,2,1,0,0,0,-1,-1,0,-944,8074,15513,7200,-7794,38090,12865,9505,5820,6351,2802,2298,1
62872,1,2,1,1,3,2,0,0,0,-1,-44188,38135,14906,39483,9261,23185,21670,4224,11281,12356,266,10265,1
128428,1,1,1,1,2,0,0,-1,-1,-1,2201,15604,-12613,18583,-6632,38528,10753,9658,270,6351,2164,6087,1
32519,0,3,1,1,1,-1,-1,0,-1,-2,12941,7878,28638,-11589,3405,36318,9433,9907,10190,10210,4634,4112,1
312519,0,2,2,1,-1,-1,-1,-1,-1,-1,9574,28172,22060,-627,-7925,11941,2943,15366,6427,10230,3136,1313,1
106949,1,3,2,1,-1,-1,0,2,-1,0,26291,7754,-33180,25183,5587,3862,3946,2561,3996,2758,3452,7423,0
246925,1,1,2,1,-1,-1,-1,-1,-1,-1,11505,38908,-22147,3331,17331,-1333,2574,3616,2588,3621,5186,6615,1
480744,1,1,1,1,-1,-1,-1,-1,-1,-1,25476,8210,-9024,2090,4783,15598,15094,5905,8932,9158,8436,12553,1
244392,1,1,2,1,-1,-1,-1,-1,-1,-1,56396,3469,-14172,8618,12846,14177,11221,13909,8728,11959,6163,3536,0
207273,0,3,2,1,-1,-1,-1,-1,0,-1,11703,9571,7759,8219,4348,-9312,7755,2446,14405,2824,1391,3059,0
267010,1,2,2,1,0,-1,-1,-1,0,0,34609,15594,12910,-17837,7237,30754,3936,8287,9178,886,4759,398,0
322102,0,1,2,1,-1,-1,0,-1,-1,-1,27845,11502,815,-6010,12133,28660,4219,13756,10814,7298,6106,4911,0
386410,1,3,1,1,2,0,0,0,-1,0,-2665,8372,20593,7192,-8791,46878,7777,13601,5318,1995,6999,3156,0
169132,1,2,1,1,0,-1,2,-1,-1,0,27630,1392,-10767,9548,-8727,42870,8500,9861,7342,7957,2446,5887,0
336369,0,1,2,1,2,-1,-1,-1,-1,-2,61210,9320,-48732,14738,45721,-12903,4993,6769,3149,3349,7937,2871,0
376587,1,2,2,1,-1,-1,0,-1,-1,-1,3178,10503,239,19240,23624,10322,18389,10746,13331,7672,10650,6166,0
82667,1,3,1,1,-1,2,-1,2,0,-1,-34654,31596,-438,7925,10650,1387,9568,4408,1949,6068,3545,2399,1
191784,1,2,1,1,-1,-1,-1,0,0,-1,19209,-5316,23413,-33794,9819,32567,12564,9180,10458,11655,2186,4622,0
142219,0,2,1,1,-1,0,0,-1,2,-1,-28575,11392,11121,5146,-1619,26969,12888,8235,7455,7985,4476,8003,1
16860,0,3,2,1,1,-1,-1,2,0,2,-5780,9143,-14030,-9885,23612,14427,5943,421,9823,2220,5430,6426,0
258390,0,2,1,1,-1,-1,0,-1,0,0,17286,422,-19209,32769,5221,10453,13383,5956,7664,5818,4321,8358,1
197740,1,1,1,1,1,-1,0,-1,-1,0,2541,6542,5289,2524,4745,20903,7343,8918,9158,10545,4607,2671,0
58939,1,1,1,1,-1,-1,-1,0,-1,-1,45112,3761,-15034,-7675,28175,3281,5134,9899,742,11220,108,4985,1
52972,0,2,2,1,-1,-1,-1,-1,-1,-1,-13609,19337,6114,2708,11780,15002,13854,5653,7224,7956,5594,5257,1
243752,1,3,1,1,1,-1,2,-1,0,0,23267,14571,-20282,8639,17009,177,3626,2104,7560,1945,5688,10888,0
23098,1,2,1,1,-1,-1,0,-1,0,0,986,17520,-1093,16642,-5856,21508,7063,9803,7534,4968,5002,3978,0
18541,1,2,2,1,-1,-1,-1,-1,-1,-1,7742,42187,-25176,4416,24229,15390,14452,9104,11755,6583,4916,5837,0
421056,0,5,2,1,-2,-2,3,-1,-1,-1,-5820,-4463,1159,36625,-5017,16075,3913,8741,985,2723,7190,3734,0
77128,1,3,2,1,0,-2,2,-1,3,0,29449,3435,-9578,65640,-11731,12189,7066,3234,5311,4686,1753,1947,0
263007,0,2,1,1,-1,-1,-1,-1,-1,-1,10230,-5899,-1980,1286,14951,933,2533,6529,8165,9491,2289,10730,0
295298,0,2,2,1,-1,-1,2,-1,-1,-1,53347,-12303,-13395,24523,19467,3521,2714,4027,4337,5984,7345,13834,1
340442,1,2,2,1,1,-1,-1,-1,-1,-1,28312,20294,-31439,-2737,18378,19460,5651,4699,2565,2219,11247,5401,0
447996,1,2,1,1,-1,-1,0,0,-1,-1,7625,4799,11932,10036,-3976,28052,12471,6098,5404,4373,9772,6592,0
373832,0,1,2,1,0,-1,-1,-1,-1,-1,26536,-6718,-35097,24953,9918,10056,13425,3414,2660,1466,11997,2057,0
123225,0,1,2,1,0,0,-1,-1,-1,-1,25816,4035,14149,-7349,287,25558,4158,18057,6403,7496,2801,1315,0
532110,0,1,2,1,0,-1,-1,0,-1,-1,2053,13862,-3570,16518,13811,10975,6705,10362,4501,4860,7393,6699,0
371849,1,1,2,1,2,-1,0,0,0,0,12626,-472,38077,-37121,8474,59423,11042,15511,11087,14294,379,1510,0
130668,0,5,2,1,0,-2,-1,0,0,2,-7324,12820,-11903,27269,2330,7326,10277,765,3280,3420,1766,6000,0
154460,1,2,2,1,-1,2,-1,0,0,-1,20912,-2505,-2710,3669,17219,25503,14074,17417,16241,16052,5400,9945,0
337069,1,2,1,1,0,-1,2,0,-1,-1,10714,-19635,28748,-13733,8995,30532,12122,7482,6877,7867,658,1922,1
252390,0,2,2,1,0,-1,-1,-1,0,0,19112,-20018,-10212,34001,-7167,27860,15458,10612,7002,5918,6223,8940,0
472113,0,2,2,1,-2,2,2,-1,-1,0,-21843,21767,-13352,22028,26664,-19880,2269,7555,3090,4743,192,2207,0
219680,0,2,1,1,1,0,2,2,3,-2,16500,17208,1909,-2853,19037,4697,841,5130,5503,2492,978,5458,1
260744,1,1,1,1,-1,-1,-1,0,-1,-1,25140,15324,-8993,-13355,37654,-5629,6114,7409,6962,11988,5001,4219,1
296444,0,1,2,1,-1,-1,-1,-1,-1,-1,3632,32908,-28683,22447,9522,1590,5170,10688,758,1720,7371,45,0
115543,1,3,1,1,-1,-1,-1,-1,-1,-1,17459,-22851,17918,-24040,19020,22494,2623,13606,4002,10518,4840,2029,0
412391,1,2,1,1,-1,-1,-1,0,-1,-1,43015,20397,-40293,-12581,57927,-12584,10045,13980,18235,13236,6931,11607,0
216304,1,2,1,1,-1,-1,0,2,-1,0,29370,-6852,885,-307,-4354,69584,17129,7149,3842,3671,13247,7853,1
88956,0,2,1,1,-1,-1,0,-1,-1,-1,3481,33233,-38201,27822,2572,6111,8819,6101,2755,928,10702,13066,1
272148,1,1,1,1,-1,-1,0,-1,0,-1,-25762,17353,17414,-1787,-534,12178,14545,5647,8487,4074,6850,982,1
163735,0,2,2,1,-1,-1,0,-1,0,2,14045,16864,1841,7817,17501,16382,8261,6150,11064,10812,2775,11470,1
396954,0,5,2,1,1,2,-1,2,0,2,15495,1455,3210,15002,20881,-4995,3783,5720,4023,7963,2581,1735,0
370169,1,2,1,1,-1,-1,-1,0,0,-1,35648,-17208,22108,3757,18041,3029,9125,10822,9798,12360,2927,3481,1
288886,1,2,2,1,-1,-1,-1,0,0,0,28491,19588,4331,9655,12855,3561,11147,5943,10166,5632,1316,5500,0
63471,0,3,1,1,-1,-1,-1,2,-1,-1,16488,8632,19018,-26712,-3546,24522,7972,6172,10142,3212,6332,6249,0
143605,0,1,1,1,-1,0,2,-1,-1,-1,17716,20819,-4333,12020,4195,17286,3719,15100,2942,8655,6528,4267,1
191803,0,2,2,1,2,-1,-1,-1,-1,-1,-14336,40148,38349,-44199,-17185,65543,10943,13707,16897,6043,5889,10783,1
420856,0,3,1,1,-1,-1,0,-1,-1,-1,-8943,-919,1630,9327,12212,14441,10149,12346,15293,7923,9577,9420,0
116192,1,5,2,1,0,0,-1,-1,0,0,24876,-22665,16625,1239,6520,28438,3229,7139,3453,5602,2175,1140,0
419134,1,2,2,1,-1,0,-1,-1,-1,-1,14975,2581,-2949,13717,23915,8779,7109,19461,9607,5073,8347,8619,0
425315,0,1,1,1,1,0,-1,-1,-1,-1,20359,19778,28964,-34763,23464,9100,823,14502,8813,12498,3016,2149,0
160264,1,2,2,1,-1,-1,-1,0,-1,-1,-16838,20171,27955,-12551,5270,22599,5186,9017,3385,6404,6466,2380,0
228854,0,1,2,1,1,-2,-1,-1,-1,-1,-11301,8490,-1120,19025,-10342,-4766,5241,2694,284,2690,3221,1190,0
280909,0,2,2,1,-1,-1,-1,-1,0,2,14854,5400,91,7646,-18048,35479,8510,10365,13734,2826,11657,11188,0
70213,0,2,1,1,-1,-1,-1,-1,0,-1,23748,2047,4725,38287,-978,-10008,4359,8895,1266,5490,1288,1909,1
209455,0,2,1,1,-1,-1,0,-1,-1,-1,11881,18730,-9575,17899,-9767,23248,14318,8276,12074,3418,11786,12308,1
557206,1,1,1,1,-1,-1,-1,0,-1,-1,65234,-20679,15947,-40245,30833,22085,3189,4862,11816,9460,5982,9304,0
319986,1,2,1,1,-1,-1,0,-1,-1,-1,-13302,-8368,12597,8184,-5662,33837,18950,14722,9427,7727,10357,2203,0
386928,0,1,2,1,-1,-1,-1,2,0,-1,39679,-7635,-22406,-12541,33904,15749,3771,5421,2299,4645,10112,8853,0
225517,1,2,2,1,-1,2,0,2,-1,2,-14217,13056,10685,9633,-6602,44389,11893,5965,2566,6326,10107,13802,1
129827,0,2,1,1,2,-1,-1,-1,-1,-1,19467,11135,12888,-15359,-2835,36481,12906,16052,12604,5339,11554,4827,0
130329,1,1,1,1,2,0,0,-1,0,0,35802,-17014,872,-25168,-6339,62487,12898,5796,7319,3231,3594,1464,0
167273,1,3,1,1,-1,-1,-1,-1,-1,-1,8034,9335,987,-472,7458,186,3147,13387,4807,10110,3006,2344,0
378081,0,1,1,1,-1,0,-1,-1,-1,-1,14663,4807,-3219,6388,14584,-22610,5620,5193,6744,7120,376,5608,0
207104,0,1,2,1,-1,-1,-1,0,0,-1,-25735,31947,38176,-11329,-13095,23205,10705,2210,8570,3201,4521,8039,1
163265,1,2,1,1,-1,-1,-1,0,-1,-1,44374,-556,15846,-6438,5029,16149,13450,3293,9813,4492,6424,6027,0
48960,1,2,2,1,-1,-1,-1,0,-1,-1,4367,18107,24690,15644,-13908,2519,3719,2838,7425,2784,2919,2633,0
288328,0,1,1,1,-1,-1,0,0,-1,-1,-7144,5145,13746,-29434,19993,28580,5418,7466,10644,8995,7190,8339,0
88959,0,2,2,1,-2,0,2,-1,-1,0,7239,21387,-6369,11793,521,24024,9854,13780,4680,6372,3575,2723,0
545554,0,3,1,1,0,-1,-1,0,3,-1,16862,3458,19821,-19129,15794,1015,7540,9804,13883,6153,503,199,0
490258,0,2,2,1,-1,-1,-1,0,-1,-1,1796,40690,-24087,2544,41804,-16483,4700,10984,4810,3232,5041,913,0
370235,0,2,2,1,-1,-1,0,2,-1,-1,12733,2754,2013,-37394,12720,44544,13527,8017,12013,9386,10151,8215,0
267855,1,1,2,1,-1,-2,-1,-1,0,-1,-7594,34017,-187,18386,5985,9645,14178,8601,13185,9383,5369,9847,0
174791,0,2,2,1,-1,-1,-1,-1,-1,-1,16967,-103,2200,-6344,13654,18397,10214,9214,7252,9201,7246,6249,0
287930,0,2,1,1,-1,0,-1,-1,0,0,31279,7067,-18725,12587,1243,19189,9199,11223,9815,2053,5949,3972,0
354798,0,1,1,1,2,-1,0,-1,0,0,57645,-51,-41168,13981,11689,26073,8765,2622,9167,5888,7144,14913,1
462568,0,1,1,1,-1,-1,-1,-1,-1,-1,5182,16002,-326,14812,1448,3065,12082,6825,7045,4179,6668,5766,0
298757,0,1,2,1,-1,-1,0,-1,-1,7,45014,31704,-19077,8137,18352,10879,6751,10089,4859,6157,4095,6452,1
117875,0,2,1,1,0,0,-1,0,-1,-1,-21651,-36991,38884,9083,-10877,24122,1431,14421,5749,6897,2853,5837,0
34200,1,2,1,1,2,0,3,2,0,0,1511,14643,3225,29629,-711,4012,2166,1468,3143,2002,503,7926,0
263560,1,2,1,1,-1,-1,-1,-1,-1,-1,11459,-12450,2514,-6618,20678,10546,8632,8533,3425,5538,7100,292,0
216767,0,2,2,1,-1,-1,0,-1,0,2,3992,9021,30972,-15692,13947,18255,2056,8188,4139,8854,6328,3668,0
249823,0,1,2,1,-1,-1,-1,-1,-1,-1,22416,-19245,17833,-22158,10698,23677,3194,16235,9204,14920,8114,8408,0
450987,1,1,1,1,-1,-1,-1,0,0,-1,21494,-32820,44768,-16455,18384,7742,4513,15155,15925,14485,2417,7363,0
622086,1,1,1,1,1,0,-1,-1,0,0,33049,-29200,3890,-2431,12187,28746,7248,11782,15400,9726,5418,9296,0
226094,1,2,2,1,-1,0,-1,-1,-1,-1,2521,-7676,4418,24,20809,18378,6600,12205,6270,7899,9984,6349,0
159956,0,1,2,1,0,-1,0,-1,-1,0,28057,-25184,618,9954,-13547,40455,6639,16265,9815,11377,598,1437,0
221126,0,2,1,1,2,-1,-1,-1,-1,-1,15504,10321,955,7596,-4038,1602,965,6980,3731,202,9101,3507,0
540422,0,1,1,1,1,-1,-1,-1,-1,-1,8241,10280,-5216,25819,16066,-10030,7491,13776,8185,9377,3047,4265,0
450667,0,1,1,1,-1,-1,-1,-1,-1,-1,26208,-7091,-4954,-11141,30035,-10737,8477,8992,9852,10016,3419,1334,0
465817,0,1,2,1,-1,-1,-1,0,-1,-1,23210,7673,623,5651,21799,-8617,11600,8086,8938,4051,7443,6525,0
196652,0,2,1,1,3,-1,-1,0,-1,0,10057,8374,-880,38432,13089,-1001,8134,4731,796,6643,1428,4936,1
153735,0,2,2,1,-1,3,-1,-1,-1,-1,49259,-825,5409,-4070,20807,-1792,5025,15087,9979,11453,1545,2470,0
296734,0,1,2,1,-1,0,-1,0,-1,-1,27557,-1428,8073,9887,5118,19236,6238,15048,4767,10143,6142,2680,0
333111,0,2,1,1,1,-1,0,0,-1,0,17275,29941,10860,2529,-4233,21570,8362,6976,366,2015,8975,1146,0
500663,0,1,2,1,-1,-1,-1,-1,0,-1,10100,-13170,59293,-19634,7369,35102,5823,14369,16624,7385,7342,12164,0
346403,1,1,1,1,0,-2,-1,0,-1,-1,16257,385,26193,-22288,8701,21091,8983,11064,10531,8056,4141,764,0
199193,1,1,2,1,1,2,-1,0,0,-1,9611,-5215,-7485,-449,28228,10500,5841,452,5985,5716,5181,9134,0
342844,1,1,2,1,0,2,-1,-1,-1,0,28467,11983,978,25521,3246,29176,10996,11250,10351,8091,3230,4135,1
342984,1,2,2,1,-1,2,0,0,0,-1,3978,28337,-34930,31925,21796,-28757,3545,5318,1939,2886,2344,3966,0
385862,1,1,2,1,-1,-1,-1,0,-1,-1,37972,11694,-22904,-398,8522,27317,16376,9998,9288,8806,7991,11414,0
199279,0,1,2,1,-1,-1,0,-1,0,-1,-21036,11669,26285,27000,-17656,11907,10262,7083,11208,6101,3408,8208,0
100938,0,2,2,1,0,-1,2,-1,-1,-1,-23104,25551,20701,24244,-8393,3309,9291,6751,6074,1459,4849,1459,0
278581,1,2,1,1,-1,-1,2,0,0,-1,25434,15825,-29617,27662,5634,-16869,10153,3449,8289,1146,41,5699,0
243386,0,2,2,1,-1,0,-1,-1,-1,-1,6253,-15746,20957,-22568,17930,22921,3105,20172,8204,10109,2926,2496,0
285148,0,1,1,1,-1,-1,2,-1,-1,-1,37726,21789,-12469,614,11950,17198,16544,6134,9686,5880,3673,1603,0
374278,0,2,3,1,-2,0,-1,-1,0,-1,25200,-4202,-8350,28579,15540,-13860,9446,9679,7319,5381,1746,2710,0
334262,1,3,2,1,-1,0,-1,-1,-1,0,5162,10019,9378,-16873,21257,25881,7299,15937,8255,7171,5900,1326,0
424109,0,2,1,1,1,-1,-1,-1,0,2,-8488,14488,-14144,-10220,25663,-6406,2925,2877,2049,1427,4908,2611,0
277966,1,1,1,1,-1,2,0,0,2,0,60575,19977,-27579,434,20966,8209,11124,6855,1933,6737,2662,2477,1
461507,1,2,2,1,-1,-1,-1,-1,-1,-1,32677,-15604,-5278,4105,30864,14206,5316,13117,8411,7747,12199,7851,0
226848,0,2,2,1,-1,-1,0,-1,0,0,20108,12893,-22741,13421,23987,-8457,6750,6738,7010,6946,212,2891,0
434106,0,3,1,1,-1,-1,-1,0,3,0,30926,-4839,49392,-20165,2285,23788,10650,7729,11749,7237,1406,5580,1
220137,0,2,2,1,1,-1,-1,0,0,0,37924,933,20696,34659,5512,-1954,10440,2081,12598,3780,839,4767,0
480899,0,2,1,1,-1,-1,-1,-1,0,2,24069,15641,-1342,8376,-3068,-5806,3235,8334,5847,4113,3814,2269,0
241144,1,3,1,1,1,-1,2,-1,-1,0,39007,-4809,-32622,17638,1136,28223,9178,5954,5520,7580,9903,13629,0
484082,0,1,2,1,-1,-1,-1,-1,-1,-1,18236,4955,-13010,-9553,17115,17620,2195,5474,1829,4402,9174,6584,1
168217,0,2,3,1,-2,0,-1,-1,-1,-1,7113,25170,8261,2848,10965,14089,7566,6600,4414,8242,1538,5505,1
271099,0,5,2,1,-1,-1,0,0,-1,-1,5744,9159,-16544,10185,24030,5573,2636,8009,2635,6366,6071,5756,0
453577,1,1,2,1,-1,-1,-1,0,0,-2,11415,-911,-6356,5253,34076,6149,2705,9998,12686,8708,7629,10471,0
57616,0,2,2,1,-1,2,0,-2,0,2,-13741,12418,15227,29722,-5059,724,4320,22,3756,2404,1047,11967,1
311120,0,1,1,1,1,2,2,-1,-1,-1,1011,26183,-25626,3841,28203,-414,8783,3783,7742,9673,2137,6271,1
431097,0,2,1,1,-1,2,-1,-1,0,-1,-11583,37040,-19878,27024,8713,1652,9277,9823,5963,3459,7791,5803,1
269388,0,1,1,1,1,2,2,2,-1,0,16997,-323,2618,-26996,28417,9419,5382,3179,5258,7484,592,717,0
293311,1,2,1,1,0,-2,-1,-1,-1,-1,15083,1481,-9528,54,20827,21926,6668,15819,10935,14991,7326,4854,0
271489,0,1,2,1,-1,0,-1,-1,-1,-1,10487,-16558,32531,-29794,22125,38493,5541,16733,5536,12280,10720,3848,0
366678,1,2,1,1,-1,2,0,2,0,2,-16360,16349,-11714,32473,10656,5849,12261,10061,8194,7523,5870,5227,0
419615,1,1,2,1,-1,-1,-1,-1,-1,-1,32881,6281,3150,-10935,11803,23512,10115,13981,14890,3936,11603,2731,0
436781,0,3,1,1,1,-1,2,-1,-1,0,19860,4361,25213,-13741,3370,20452,2106,5933,3685,3549,4641,4798,1
208631,0,2,1,1,-2,-1,-1,-1,-1,-1,3262,-9089,39812,-26432,15434,27262,3189,17042,12329,10370,7732,929,0
177861,0,2,2,1,-1,0,-1,0,0,-1,-12575,6381,39061,-10865,17937,19346,14815,9495,11829,7074,2515,2840,1
393141,0,1,1,1,1,-1,-1,-1,0,-1,8487,-2854,11915,-6622,16329,-10046,1060,9208,8914,11060,642,2687,0
260252,0,1,1,1,1,-1,2,-1,-1,-1,7276,25729,-21224,7268,-7140,15306,10659,993,2941,2524,6425,5360,0
325128,1,1,1,1,0,0,-1,0,-1,-1,36055,12677,-2030,-6420,20347,10997,13686,8145,12678,7855,3543,5217,0
432006,1,1,2,1,1,2,-1,-1,0,0,175,31797,6826,22788,4642,4038,9409,3662,9825,6741,2351,7979,0
384164,1,3,2,1,-1,-1,2,-1,-1,-1,771,11154,-196,-5227,26478,923,7568,12719,14489,10401,2949,5501,0
171161,1,1,1,1,1,-1,-1,0,0,2,-25822,40595,31443,-13726,-2100,22638,12400,9149,14166,9497,4203,5127,0
38508,1,3,2,1,0,2,-1,-1,0,2,-5376,52032,-24990,49050,-10412,19378,13356,8211,12612,5110,6274,17846,0
270582,1,2,2,1,0,-1,2,-1,-1,0,344,397,13812,18046,593,12243,5256,11217,12591,4129,4654,8693,0
377608,0,1,1,1,-1,-1,-1,-1,-1,-1,29989,20141,-10514,11218,23664,-5204,8475,10342,14014,7301,6591,7585,0
304183,1,2,1,1,0,0,-1,-1,-1,0,4166,-12278,-3453,22099,6934,10025,2726,10437,2399,5603,4813,2675,0
267143,1,1,1,1,-1,0,-1,-1,-1,-1,17911,-7586,25851,-19767,33406,16489,15750,16203,13302,16675,4257,2562,0
109519,1,3,1,1,2,-1,-1,0,-1,0,14225,-12469,32853,-16921,-13306,60816,20883,5451,10983,5449,5788,8361,0
114729,1,1,2,1,-1,-1,-1,-1,-1,-1,-4377,8175,17888,-43859,17706,37242,3583,15040,3087,9069,12834,6440,1
298213,1,1,1,1,3,0,-1,0,-1,0,-6454,11608,25093,-7504,19108,13928,9070,14144,6333,15063,1289,7506,0
203205,1,2,2,1,1,2,2,-1,-1,0,5148,39336,-34291,30241,25752,-7698,2916,4766,8295,3906,5302,13221,0
470574,1,2,2,1,1,-1,-1,-1,-1,2,6626,28222,-15818,3728,14575,4764,1964,7828,3389,3760,7967,4968,0
308089,0,1,2,1,1,2,0,-1,0,0,35854,818,-22752,13428,6673,9267,8947,2326,6774,4924,4017,6432,0
187758,1,5,2,1,0,0,-1,-1,-1,-1,-13455,8207,16937,28477,-17488,32557,8068,12661,4423,465,7735,6420,0
338568,1,3,1,1,3,-1,0,0,-1,0,13712,3830,7050,-17848,17616,31201,12074,11904,10768,12910,6131,1547,0
261091,1,1,2,1,-1,-1,-1,-1,-1,-1,8673,7384,14101,-19627,-4813,40850,7432,15765,9727,6999,6477,2644,0
410060,1,1,1,1,1,-1,0,-1,-1,0,2213,22705,-18711,21018,5707,-12090,3650,2452,1766,1357,3148,1087,0
90102,1,1,1,1,-1,-1,-1,-1,0,0,45257,16670,22502,18332,-2826,10314,13339,6235,13163,10946,33,9467,1
341569,1,2,1,1,1,-1,0,-1,-1,0,-13344,27278,-2654,-18003,8492,30710,2076,4091,7587,3969,7051,8011,0
183174,0,3,2,1,3,0,0,-1,-1,-1,-10970,5899,-11675,5278,16501,11537,9115,19664,3581,12302,3682,2913,0
172647,0,2,1,1,-1,-1,-1,-1,-1,0,29780,26468,5618,-25833,5105,27944,8368,6896,5080,1693,10159,11200,1
37987,1,1,1,1,2,0,-1,0,0,-1,51452,-8021,15441,7491,-5004,34327,11123,8951,5417,6947,1208,5759,0
444770,0,2,1,1,-1,-1,-1,-1,0,0,23631,-206,-9806,27104,-5169,6249,3193,5464,5684,3889,819,4913,0
115966,1,2,1,1,-1,-1,-1,-1,-1,-1,-4939,-10199,25583,-1791,-2536,17562,3380,11453,8477,6589,4401,1576,0
190375,0,2,2,1,0,-1,-1,0,0,-1,39963,-20270,9739,25076,13285,3847,2333,6626,7016,7188,127,9768,0
609255,0,1,1,1,-1,0,-1,-1,-1,-1,26035,3360,-25970,26,9108,8828,8361,12127,6734,8642,4573,11217,0
95314,0,1,2,1,-1,-1,-1,-1,-1,-1,15438,13218,-15319,3876,26678,15983,1688,10451,5766,7387,1906,9595,0
169996,0,5,2,1,-1,-1,0,-1,-1,-1,23800,18067,-7300,32494,-1353,15752,10597,9664,6435,1671,5112,2168,1
131797,0,1,2,1,-1,-1,-1,0,-1,0,42743,-2021,22286,-6514,-16212,31991,12322,5947,6416,3936,5317,2617,0
144668,0,2,2,1,-1,-1,0,-1,-1,-1,-22032,1928,3509,27973,-16628,20245,4013,10681,6741,3863,8057,7972,0
177367,0,2,1,1,-1,-1,-1,-1,-1,-1,-17691,9150,2542,-9256,33861,16060,11086,14013,17095,13944,7508,10430,0
300653,0,2,2,1,-1,-1,-1,-1,-1,-1,-2344,21452,-23939,34492,9296,-13271,911,6391,2279,5886,6106,5740,0
229722,0,1,2,1,-1,-1,0,-1,0,-1,24547,1653,-17805,1801,21115,27825,10026,5089,7230,8234,9407,12360,1
415496,0,2,1,1,1,0,-1,-1,-1,0,46748,21908,-31036,9168,23256,3271,9202,7466,10622,1527,9285,3584,0
545789,0,1,2,1,1,-1,-1,0,-1,-2,20869,10286,6061,-2604,26132,-3465,2815,8191,9623,8675,5801,4763,0
387526,0,5,2,1,-1,-1,-1,-1,-1,-1,9618,479,3618,15345,18211,-2320,4534,13663,6039,11961,3981,4328,0
164587,0,1,2,1,-1,0,-1,-1,-1,-1,10563,-3702,-757,15429,-15382,44845,9221,15949,4824,5858,10231,5773,0
255977,0,2,2,1,0,-1,-1,-1,-1,-1,979,-2473,-3577,17899,-3861,42274,10262,15757,4012,5363,11296,7345,0
353239,1,2,2,1,-1,-1,0,-1,-1,-1,17175,7299,-3473,-13891,27474,10260,5953,6380,7299,9236,4895,7241,1
129249,0,1,2,1,1,-1,-1,-1,0,2,37508,18184,11077,-1145,-586,11211,10272,9046,13036,6908,1104,71,0
321143,0,1,1,1,-1,-1,-1,-1,0,-1,38922,-27006,34672,-34225,15949,19968,6865,7291,10195,12604,762,5437,0
345149,0,1,2,1,-1,-1,-1,0,-1,-1,-6022,-4220,15864,2033,15595,-9333,2045,5524,5364,7220,2821,13152,1
304316,1,3,1,1,3,-1,0,7,-1,2,-6184,25760,-16133,28216,-10284,20170,673,5405,1642,6670,5946,5448,0
389584,1,1,1,1,-1,-1,-1,0,-1,-1,36098,-1564,3979,-29585,20616,34156,14129,9495,6847,9188,10311,7493,1
408427,1,1,2,1,0,2,-1,-1,3,-1,39078,-13723,4642,6903,12908,15145,6121,12648,10217,9340,5337,3991,0
408965,0,2,2,1,0,-2,-1,-1,0,0,-19618,21435,9251,31141,4871,-3271,3641,7540,4440,3938,3543,6767,0
170703,1,1,2,1,-1,2,-1,-1,0,-1,5047,15515,-11209,2749,2424,18896,6531,10873,9450,5854,4109,2656,0
378350,1,2,2,1,0,0,-1,0,2,0,33898,-18410,33973,-19854,5762,53298,7527,9495,2197,4793,6038,5757,1
328749,0,2,1,1,-2,-2,-1,-1,-1,-1,-21267,19264,14189,7953,3412,10967,8284,11913,13731,8030,2135,2514,0
86396,0,1,2,1,-1,-1,-1,-1,-1,-1,21593,5197,18206,-21611,12121,16213,6515,6437,6737,9546,2304,4355,1
367919,0,3,1,1,-1,2,0,0,-1,-1,5896,903,9899,-30616,24751,16864,13353,5322,5866,10505,3398,4739,0
150962,0,2,1,1,0,0,-1,0,0,-1,-2458,-2704,37127,-669,14953,26815,13219,7204,12124,12657,2071,8745,1
27031,0,2,2,1,-1,-1,-1,-1,-1,-1,-3977,5097,17772,2688,2654,10069,6612,11462,9979,10415,538,4900,0
153607,1,1,2,1,1,-1,-1,-1,-1,0,39861,-63,-7163,-5274,14780,7968,31,7437,5434,9398,1063,1029,0
243907,1,2,1,1,2,-1,0,-1,-1,0,25509,-7429,4960,-23631,16607,35074,11446,7867,8802,5272,4811,5897,1
121683,1,1,1,1,-1,0,-1,-1,-1,-1,28500,9252,-6597,-24527,14953,14278,6923,8830,903,8684,4693,307,0
74672,1,2,1,1,-1,2,6,0,-1,-1,18220,-252,34992,-12651,26650,17666,6364,9768,1652,15927,308,144,1
14276,0,2,2,1,-1,-1,-1,0,-1,-1,30367,-148,24458,-16248,17122,15633,8353,1718,4192,7600,5117,6588,1
297107,1,2,2,1,0,-1,-1,0,-1,-1,-16694,35988,-11931,26559,275,-6739,4075,3167,5606,1325,6348,5865,0
206702,1,2,2,1,-1,-1,-1,-1,-1,-1,-7126,-17814,17138,1673,1194,27368,3161,2927,2691,3770,8650,14111,1
320379,0,1,2,1,-1,-1,0,-1,-1,-1,-602,15791,29024,-8067,6938,19758,11463,7249,6146,7630,4863,1106,1
253998,0,2,2,1,0,-1,-1,-1,-1,-1,-9575,-5896,3460,-13798,21013,21664,3312,16822,4448,13226,8619,6833,0
422038,0,3,1,1,-1,-1,0,-1,-1,-1,16387,-10790,820,2756,6396,40204,12398,10840,10346,7544,8698,14701,1
474439,0,1,1,1,0,0,-1,-1,-1,-1,27397,-36213,21500,-3589,20270,10475,425,13041,10874,13049,1827,3343,0
247334,0,2,1,1,-1,-1,2,-1,0,0,26688,15677,-27520,12703,9185,-4041,11515,4648,10223,5352,463,7502,0
344137,0,2,1,1,-1,-1,-1,0,0,-1,24772,-12864,18493,-46128,4086,34467,16737,8046,13794,10105,3135,3654,0
370725,1,1,1,1,-1,-1,-1,0,0,-1,14898,19108,-25317,7093,25463,-21329,6689,5699,10455,9863,1176,11998,0
75508,1,2,2,1,0,-1,0,-1,0,-1,-38000,30054,7587,19643,-15480,40200,18612,9238,15917,5604,9231,7337,0
390023,0,1,2,1,-1,-1,-1,-1,0,-1,24868,3851,-26269,20672,14802,-11808,1887,634,553,2163,3966,6451,0
289614,1,1,2,1,-1,-1,-1,-1,3,0,60175,-190,11332,-40204,7316,38670,8107,8069,8610,5275,1606,3432,1
207698,0,3,3,1,-2,-1,2,-1,-1,-1,-347,-15012,21333,11184,13930,9561,4414,9264,4096,10237,621,1893,1
316131,1,2,1,1,0,-1,0,-1,-1,-1,-7730,-24187,24854,5893,13405,22765,11327,7131,11988,10719,7992,10226,0
180432,0,3,1,1,-1,-1,-1,0,0,-1,-19868,26323,4562,15627,4784,-7847,5893,3248,9456,2139,846,2402,0
520797,1,2,2,1,2,-2,-1,2,-1,-1,-24620,-9681,20794,-23958,13438,46940,16572,8802,15473,5353,14306,12746,0
254896,0,2,2,1,3,-1,0,-1,-1,-1,-10980,9121,7888,5335,13269,9688,16253,10676,7729,13781,5210,1951,0
257811,0,1,2,1,4,-1,-1,0,-1,-2,24164,21538,-1678,11487,15625,-427,6743,3074,7144,4058,4409,2374,0
139336,0,1,2,1,0,-1,-1,-1,-1,-1,23994,10619,-18131,2023,19915,31994,17273,11361,8720,7567,13305,8291,1
514049,0,1,1,1,-1,-1,0,-1,-1,0,17646,-3983,-36571,11895,9462,25703,8766,6567,2475,4909,10146,12253,0
134139,0,2,2,1,-1,-1,0,-1,-1,2,-26500,27264,-388,12642,-25983,25788,7359,13011,3503,3462,7812,1708,0
236974,1,1,1,1,0,-1,6,-1,-1,-1,14698,-22655,-3825,23442,3695,16017,8851,13697,7858,10896,6859,2332,0
272396,1,1,2,1,-1,2,0,-1,0,0,35721,-5710,-10077,-1658,25864,-8226,3793,8115,5945,11223,3137,7751,0
115805,1,2,2,1,-1,-1,2,-1,-1,-1,19046,14908,-1936,12993,20497,-1170,5476,5342,8143,10583,206,13022,1
445247,0,1,1,1,-1,-1,-1,0,0,-1,-24709,35469,14380,-17956,3479,2060,7444,1520,7330,1715,566,6976,1
175818,0,2,2,1,-1,-1,0,-1,0,-1,-12557,18866,11710,26626,-14619,14327,14127,3397,7923,1630,4031,16773,1
170343,1,1,2,1,1,2,2,2,0,-2,20913,23238,-20114,9477,26248,7124,7420,895,5959,10275,935,6585,1
67183,0,1,2,1,0,-1,-1,-1,-1,-1,42265,10840,-24854,-3094,14456,42470,2220,13793,8326,3332,8687,10093,0
213895,0,2,2,1,-1,-1,-1,-1,-1,-1,35255,-3969,4210,-11913,14738,6837,8939,14069,13734,12648,2490,4081,0
269714,1,1,1,1,-1,0,-1,-1,3,-1,25267,7480,-19315,27615,-13323,7286,10133,13908,8331,4266,4230,2522,0
360259,1,2,1,1,-1,-1,-1,-1,-1,-1,7743,-12881,26184,-15824,22274,-8822,7386,7992,10468,9416,1193,2209,0
13224,1,1,2,1,2,0,-1,-1,0,-1,30980,-11493,12995,20584,-4790,43907,13948,12604,3632,4291,3507,2062,1
152832,0,3,2,1,-1,-1,2,-1,-1,-1,35329,-8541,39710,-18099,-15144,35062,5245,11093,10373,1375,5930,6374,0
138030,0,3,1,1,-2,0,-1,0,0,0,-13083,14479,39757,22739,-7941,17938,10743,11605,9521,5400,247,9327,1
131951,1,1,2,1,-1,-1,0,-1,-1,-1,-13666,10402,10528,-2966,-6,30902,9145,14351,12109,10805,5461,11453,0
13115,0,2,1,1,2,-1,-1,-1,-1,-1,30028,27499,-21787,-2705,-7425,26859,7206,6945,10455,238,7707,13319,1
293664,1,2,2,1,0,0,-1,-1,-1,-1,-7294,1848,14179,19514,-751,21844,9113,9448,5979,2238,4839,2102,1
346730,1,1,2,1,-1,2,-1,0,-1,-1,2710,16384,-14742,895,36231,-6996,1828,7298,1582,8431,6356,5996,0
79999,1,3,2,1,4,2,2,-1,-1,2,931,25555,-16983,28250,-8783,21706,9496,2886,1814,1256,1803,1744,1
246730,1,1,1,1,0,-2,0,-1,-1,-1,-12415,18068,2318,21977,-6320,34775,16423,10000,7681,10300,3815,3374,1
416364,1,1,1,1,0,-1,-1,0,-1,-1,41567,6453,-13584,-237,2833,9700,10346,8904,11871,4073,3684,5756,0
152542,1,2,2,1,0,2,2,-1,-1,2,-24399,31360,-10371,15911,6353,17313,2526,5384,3713,4380,3166,10537,0
335669,1,1,1,1,-1,-1,2,-1,-1,2,43880,18882,2880,-4649,16059,7371,5786,11279,16462,14092,3668,9885,1
131959,1,3,1,1,-1,2,2,-1,-1,-1,9735,13743,-186,-4548,7734,3744,8641,9716,4561,10583,1349,5099,0
218334,0,2,1,1,-1,-1,0,-1,0,-1,28393,14740,-33204,27074,9588,9315,7675,3343,5362,2046,10371,13849,0
492897,0,1,2,1,-1,-1,0,-1,-1,0,11092,-19369,32624,-21573,6598,28404,7360,9396,5161,5416,8175,5831,0
58218,1,2,1,1,0,2,-1,2,-1,-1,27518,5177,-15601,23175,5123,19572,9470,9390,5809,12130,908,5159,0
52272,1,2,2,1,-1,2,-1,-1,-1,-1,10685,9104,15267,-9875,27122,10989,2907,12575,6731,13198,3136,8743,1
56922,0,2,2,1,-1,-1,-1,-1,0,2,507,20650,-2677,33506,-2051,6757,2897,6212,4140,2662,6590,6052,1
244904,0,3,2,1,-1,-1,2,-1,-1,-1,1552,20723,-21673,41295,13700,-9763,2387,13262,3259,4994,10394,1031,0
485379,1,3,2,1,-1,-1,2,-2,-1,-1,-5109,34456,-9569,23459,4627,-11335,14243,5496,10123,2695,2704,7584,0
227414,1,3,2,1,3,-1,-1,-1,-1,-1,7400,13535,-274,-6576,-11713,39550,6619,3784,3225,2974,4740,7350,0
525768,1,3,1,1,-1,0,0,-1,-1,-1,16239,-15051,-2281,-12679,15004,26215,8237,16238,6074,6589,8976,47,0
185895,0,2,1,1,-1,0,-1,0,3,-1,24259,-11733,45750,-25303,144,17066,3822,11606,4279,6521,1264,159,0
511151,0,2,1,1,0,-1,-1,-1,-1,0,29272,15414,2859,-65,16111,7221,20470,7019,13263,9570,6655,3918,0
408017,1,1,1,1,-1,-1,0,-1,-1,-1,29979,2975,213,-19139,25661,4592,5601,10358,6206,7179,10667,6613,0
357874,1,1,1,1,0,2,0,2,0,-1,861,-2884,-13322,22594,3710,17275,4458,6325,164,10085,255,10374,1
266286,1,2,1,1,-1,0,-1,-1,-1,-1,5846,-26251,42002,-16169,-16157,47392,5773,11298,3729,2431,6648,4234,1
288237,0,2,2,1,-1,-1,2,-1,-1,-1,-35097,26668,22453,14652,-5196,465,3282,289,4833,62,5761,6530,1
411584,0,1,2,1,-1,-1,0,-1,0,0,-17618,2646,44090,-12758,2689,32191,6997,9007,5571,10568,4609,1530,1
174431,0,2,1,1,1,-1,-1,-1,-1,-1,38108,18847,-39324,26126,20910,-6225,7773,10941,10641,7288,8092,3886,0
424620,0,2,1,1,-1,-1,0,0,-1,-1,9506,5590,-6728,-7345,20540,18547,18661,4960,15250,11406,4059,4152,0
323920,1,2,2,1,0,-1,3,2,-1,-1,-12231,-4072,4154,17412,-2662,20656,2412,6001,2031,1405,7218,7095,0
700243,1,2,2,1,-1,-1,0,0,3,2,21603,-5864,18379,-22865,18330,23033,6353,5703,4750,4362,9167,1637,0
162905,1,2,2,1,-1,-1,0,0,-1,2,-17194,10336,10696,1586,6729,30578,7773,8694,8013,8820,6568,8372,1
380037,0,1,2,1,-1,-1,0,2,-1,0,14249,-11447,5771,506,12644,18064,6302,6511,7441,4534,2321,5213,0
322650,1,2,2,1,1,-1,2,-1,0,-2,31167,23440,6533,-11053,16044,31825,10176,4482,11797,10045,1582,6000,1
223011,1,1,2,1,-1,-1,0,0,0,-1,-16798,4798,27231,-7196,6691,33100,14915,6800,11526,7704,877,9322,0
206303,0,2,1,1,0,-2,-1,-1,-1,-1,-3487,20008,-5067,15646,4875,18732,13005,11148,11744,10120,3454,8374,1
241613,1,1,2,1,-1,-1,-1,0,-1,-1,36610,29742,-2014,-12983,6508,26937,7926,8873,7076,5161,2205,8977,1
171605,1,2,2,1,-1,2,0,-1,-1,-1,-15403,13896,-6731,28958,10214,7375,8590,12855,6901,10455,5004,5391,1
395379,0,2,2,1,-1,-1,2,0,0,-1,2501,-2198,-20973,22876,35860,-22222,4348,6087,7581,12824,2814,8624,0
53065,0,1,2,1,-1,-1,-1,0,-1,-2,32582,23249,18076,-29218,11099,22989,4185,2824,14826,3837,4219,6579,0
273355,0,1,1,1,-1,-1,0,0,-1,-1,23978,3174,13500,-8108,-94,23438,9654,4735,8900,9423,7355,9079,1
412294,1,2,1,1,-1,2,0,0,0,7,1057,20532,18296,-12521,19739,20881,12734,1661,3728,6948,124,7538,1
188648,0,2,1,1,-1,-1,-1,-1,-1,-1,33151,-21968,21121,7254,-22,21702,6255,18594,17372,10872,6727,7952,0
247675,0,1,2,1,-1,-1,-1,-1,-1,-1,23808,6084,12851,-3914,983,15252,8048,10711,14429,5955,5616,6592,0
90752,0,2,2,1,-1,-1,-1,-1,-1,-1,5676,19250,6829,809,3061,5785,55,8792,7411,1911,3143,771,0
526839,0,1,2,1,-1,-1,-1,-1,-1,-1,11835,-1487,-16723,-5539,15486,28338,5463,8226,10604,6972,11299,21382,0
347211,1,1,2,1,-1,-1,-1,-1,-1,-1,20429,23173,-14913,18144,-6583,10253,16014,9529,14399,1943,4788,1123,0
195173,0,1,2,1,-2,-1,0,-1,-1,-1,-5021,4660,6660,10754,6873,23592,22300,14133,15101,17067,4789,1682,0
260721,1,2,1,1,0,0,-1,0,2,-1,-12252,8625,5495,13361,-1830,17638,10851,1840,3223,3435,1322,6830,1
318195,1,2,1,1,-1,-1,0,-1,-1,-1,15019,5594,-20705,11908,12916,20625,9905,8597,5768,7903,10030,15783,0
257621,0,3,2,1,-2,-1,-1,-1,-1,-1,-15099,35073,-6046,32514,-10774,-4852,8784,7319,11199,3708,2424,10953,0
205793,1,2,2,1,1,-1,-1,0,-1,-1,29526,2874,8989,-11986,5316,28661,9668,38,8525,5650,6881,8974,0
158775,0,2,2,1,-1,0,-1,-1,-1,-1,7928,38136,-26280,9271,17505,19189,2134,21067,10592,9267,12996,13059,0
84822,0,1,1,1,-1,-1,-1,-1,-1,-1,20142,11520,17239,-32221,18016,8557,12825,9601,5963,10006,3430,60,1
229083,0,3,1,1,-1,-1,-1,-1,-1,-1,7576,36337,-625,-741,-4189,18183,2964,6778,10831,5332,11201,15057,0
173972,0,2,2,1,0,-1,-1,-1,-1,-1,36285,13181,1833,-13542,16554,29688,7533,11138,14320,8071,10550,10553,0
35771,0,2,2,1,-1,0,-1,0,0,0,51759,-350,-24332,20221,12327,17463,5680,10746,8165,5535,17,2150,0
226662,1,1,2,1,-1,0,-1,-1,-1,-1,18300,-21199,31161,-29132,12785,31394,14616,14721,11116,14025,3123,5543,1
428395,1,1,2,1,0,-1,-1,0,-1,-1,11508,-2295,36082,-39343,15397,28036,6199,7688,8949,7955,7548,2598,0
254298,0,3,1,1,1,-1,-1,2,3,-1,-1126,-6801,64214,-24731,1624,9104,2066,10481,16661,13474,317,8229,0
348885,1,2,1,1,0,-1,-1,2,3,-1,23567,4443,12916,-1179,6212,12205,4023,7466,8467,2932,4298,11421,0
322230,0,1,1,1,-1,-1,-1,-1,0,-1,31939,2650,9230,718,9582,-2116,139,10581,3123,7687,1611,678,0
67007,1,2,2,1,-1,0,-1,-1,-1,-1,10333,27123,-28955,14827,17908,-941,3110,6404,3569,791,5916,4696,0
50688,0,1,1,1,2,0,-1,-1,0,0,37472,2141,-19919,-3147,22609,18602,9173,8888,4899,8516,7016,7055,0
153648,1,2,2,1,3,2,3,-1,0,2,8339,798,6538,17126,4168,22140,4358,13048,5862,10789,2200,1567,1
357840,0,1,1,1,-1,-1,-1,0,-1,-1,32242,-33277,24286,-5786,9931,271,9729,7499,9808,11514,4350,8326,0
147062,0,2,2,1,3,-1,2,-1,-1,0,5373,9031,-9003,23118,-3224,25426,8159,7067,9109,5735,3895,13598,0
371228,1,1,2,1,1,-1,2,-1,-1,-1,14003,1959,9687,-35041,34508,20651,7517,10068,2815,11172,9019,179,1
239063,1,3,1,1,-2,2,2,-1,-1,0,12116,27731,-28952,36349,13739,14497,7274,4460,6202,9052,814,10270,1
338916,1,3,1,1,2,-1,0,-1,0,0,7743,-1273,18895,-35953,7545,50689,17235,7343,13541,7926,4603,6000,1
474601,1,1,1,1,-1,0,-1,-1,0,-1,2113,14516,-30679,39698,-292,-8426,10855,4100,911,4098,5671,5828,1
296085,0,2,2,1,-1,-1,-1,-1,-1,-1,48342,-7010,4325,-7848,21412,15856,8020,8265,11645,11463,2667,3563,0
272696,1,3,1,1,2,-1,0,2,-1,-1,-7144,-7402,5774,-16830,3353,39558,7846,6033,783,5943,6478,6634,1
13127,0,2,2,1,-2,0,-1,-1,0,2,5257,20506,-8915,44618,8890,12604,16349,4811,6446,6522,4132,848,0
381413,1,3,1,1,-1,2,2,2,-1,-1,22121,-13986,197,-9060,25213,8231,7557,4313,4666,8533,1883,4955,1
215133,1,1,1,1,-1,-1,-1,-1,-1,-1,16570,10083,3972,25022,-15587,16583,1047,11145,8618,6552,10492,14542,0
300512,1,3,2,1,0,-1,2,-1,-1,-1,16168,9706,-1515,-15240,10411,19829,6742,7543,8541,8669,2808,5737,0
147190,0,2,2,1,-1,-1,-1,-1,-1,-1,64562,-25031,27019,-3332,-5978,30077,6958,11065,14188,4860,6027,623,0
337980,1,2,1,1,-1,2,2,2,-1,-1,16672,14900,6336,-17035,25170,12988,8512,9111,8079,6742,7995,12568,1
423633,0,2,1,1,0,-1,-1,-1,-1,-1,-13482,17614,4858,5405,-6147,25279,6849,13097,13902,9613,5851,11816,0
234224,1,3,1,1,2,-1,-1,-1,0,2,-1755,16170,-1608,9364,9574,18276,5211,12673,12385,7698,8366,4499,0
412597,1,3,2,1,0,-1,-1,-1,-1,-1,20072,4483,-10185,8440,12760,1191,10046,13827,13466,7865,5207,6370,0
91161,1,1,3,1,1,-1,2,2,3,-1,37058,-11691,22210,-13013,9481,14842,9429,4794,5409,7986,577,51,0
275839,0,1,2,1,-1,3,-1,-1,-1,-1,13957,22465,-8083,7484,16528,11137,9864,7944,3677,3758,6425,2352,0
310003,1,1,1,1,-1,-1,-1,-1,-1,0,34032,16365,-13141,-9431,16037,8954,7749,10631,11521,9963,1298,3713,0
167224,0,3,1,1,-1,2,2,-1,-1,-1,15038,21023,-14345,25357,11922,-4935,4817,5289,4228,4082,1936,8855,1
233992,1,2,1,1,-1,-1,-1,-1,-1,-1,8761,-753,14948,2816,-16751,19993,6142,6926,1501,3239,5010,1411,1
184207,1,3,1,1,-1,7,-1,2,0,0,12385,15553,-27121,25968,9069,8442,2641,4170,22,1204,5867,981,0
278109,0,3,1,1,1,-1,-1,-1,-1,-1,22855,3813,5509,10362,25081,-3848,6907,11372,7397,12861,480,3236,1
171136,1,2,2,1,0,2,-1,-1,-1,-1,8079,2484,20566,3388,2668,18859,10135,10051,6777,9939,7736,903,0
377301,1,2,1,1,-1,-1,0,2,-1,-1,8550,-11140,-8511,28,29825,7857,1253,10425,11296,9185,9184,15980,0
63332,1,3,2,1,-1,-1,-1,-1,-1,-1,6559,21939,18810,-17915,-1843,48226,11859,16830,9546,5200,4874,1217,1
267107,1,2,1,1,-1,0,-1,0,-1,-1,4777,-2223,6885,-13955,23748,14577,9555,7152,8749,5797,8029,9486,0
295697,1,1,2,1,0,-1,-1,0,-1,-1,31608,-1837,-4187,6225,27902,4097,10365,10075,8238,7320,6056,3974,0
74991,0,2,2,1,-1,-1,-1,0,-1,3,2795,18309,1148,-3534,9224,21731,2657,3720,954,1189,8248,9277,0
400858,1,1,1,1,0,-1,-1,-1,3,0,12899,4935,25104,-25516,1019,39533,9076,9420,15122,5156,8176,10451,0
235769,0,1,2,1,-1,2,-1,-1,-1,-1,16828,-3227,-10110,12834,36179,2816,8120,9497,4588,15179,8970,7119,0
406337,1,2,1,1,-1,0,-1,-1,-1,-1,21385,-14022,5096,2079,-62,22767,16690,9509,10360,5706,7533,5552,0
440005,1,1,2,1,-1,-2,-1,-1,-1,-1,13272,40964,2914,-23069,37357,-5382,14804,15293,13907,13933,5536,6275,0
171742,0,2,1,1,-1,-1,-1,0,-1,0,19553,39746,14022,-6765,5541,13346,13008,9940,14774,5280,1667,2828,0
165849,1,3,2,1,2,3,-1,-1,0,-1,18689,-2149,31024,-680,-5238,37487,9988,8543,6735,7736,57,3808,1
61050,0,2,1,1,-1,-1,-1,-1,-1,-1,24145,6333,-22613,24674,-4982,21152,15740,14933,7629,9969,6926,648,1
287809,0,2,1,1,2,-1,0,0,-1,-1,9776,16153,44519,-6358,-11417,38469,16511,2399,3134,882,1876,4683,1
144653,0,3,1,1,1,-1,-1,0,-1,0,2635,23762,13178,-16301,-6699,22308,3019,3035,935,953,2178,2083,0
258369,0,3,1,1,3,0,0,-1,-1,-1,-10472,19816,-19418,26262,8217,9331,15095,15535,7250,10195,2324,2120,0
176938,1,1,1,1,3,-1,0,-1,-1,0,-28596,24906,9229,-11263,-6307,41826,9445,5050,1955,3833,6832,6165,1
353482,1,1,1,1,-1,0,2,2,0,-1,-11119,-10057,1248,-10986,25641,5393,4215,3614,4386,7370,1366,7316,1
435094,0,1,1,1,-1,2,-1,-1,0,-1,596,5017,-1936,18321,13729,-11498,13964,4546,5201,9338,1603,6155,1
225024,0,2,2,1,-1,-1,-1,-1,-1,-1,12660,13780,13029,-4612,-2067,29601,6789,16452,11432,7410,8857,3642,0
157431,1,2,1,1,-1,2,-1,-1,-1,-1,3012,32971,-9927,8012,7045,6700,4736,8712,502,4952,5243,1791,1
350600,0,2,2,1,0,-1,-1,-1,0,-1,15361,-4570,5128,1120,4227,40354,9557,12370,9216,4824,16809,4156,0
156147,1,2,2,1,1,-1,2,-1,-1,-1,19158,12306,3824,20487,14096,-12289,3161,7072,3079,8044,3513,3632,0
519687,0,2,2,1,-2,-2,2,-1,-1,-1,7358,4966,16003,-2191,-2566,4317,12296,2687,6115,5282,1242,29,1
79390,0,1,2,1,0,-2,-1,-1,-1,-1,8620,13989,-7914,10912,-13439,26497,7332,15417,9867,8744,2667,2746,0
233609,0,2,2,1,0,-1,0,-1,-1,-1,-4146,-12477,30170,-4574,1387,29881,11893,13601,11533,11287,4817,8056,1
332978,0,2,1,1,0,2,0,-1,-1,0,-6376,15266,-15016,-3560,6209,28794,7854,2966,3529,310,9979,2997,0
265940,0,2,3,1,-1,-1,-1,0,-1,-1,18363,-8104,19005,-21505,25413,5115,11294,4547,8381,8410,1145,7068,1
89388,1,2,2,1,-1,0,-1,-1,-1,-1,16872,11384,8003,-32230,10162,56195,4718,22777,11566,10709,12021,10610,0
217495,1,2,1,1,1,-1,-1,-1,0,0,12060,11767,9907,-8141,16669,4979,3578,9865,11267,8592,3009,329,0
480871,1,2,2,1,0,-1,-1,-1,-1,-1,4052,21256,-16186,15810,24811,-2582,1017,17157,13201,9327,7006,7831,0
237656,1,1,2,1,0,-1,-1,0,-1,-1,52753,-10586,25470,-21574,11906,54061,13906,10599,8069,10010,2974,5430,1
527801,1,1,2,1,0,-1,-1,-1,-1,-1,16315,8371,1054,-16859,17908,36224,13973,10282,17774,6040,7339,10914,0
260400,1,1,1,1,-1,-1,-1,-1,-1,-1,3846,34300,-25409,10985,20282,-22211,7155,7364,5383,4106,3829,2202,0
294852,1,3,2,1,1,-1,-1,-1,-1,-1,-28124,13068,5695,-22306,7552,28217,12626,11059,5631,6660,10957,785,0
359014,0,1,1,1,-1,-1,-1,-1,-1,-1,3827,7786,15338,2203,1269,12170,3574,8985,5357,5833,7873,3014,0
419927,1,1,2,1,0,-2,-1,-1,0,0,23494,20156,-17315,1504,15184,22555,12835,5299,14042,6199,6333,10456,0
443997,1,2,2,1,0,-1,-1,0,-1,-1,19122,9147,26675,3077,25809,13350,10789,13348,10231,11473,6714,5136,1
199879,0,2,2,1,-1,-1,-1,-1,-1,-1,1977,15271,-2798,-22027,9034,21542,3344,9314,5880,4833,4935,4747,0
440417,1,2,2,1,0,-1,-1,0,0,-1,-35808,14592,41290,19597,-10966,21729,11387,10611,12743,2267,8381,4079,0
219372,0,3,1,1,1,-1,2,0,-1,-1,13866,-11420,34690,-29896,15274,8792,2136,7466,3937,12159,1445,1951,1
315221,0,3,1,1,-1,-1,-1,-1,0,-1,21549,-5145,16775,-5225,14995,2091,5085,11235,8086,10871,2600,6126,0
283272,0,3,1,1,3,-2,-1,0,0,-1,-27382,1362,9895,17063,-14258,11093,15220,1122,6054,2528,1229,8569,0
315407,1,2,1,1,-1,2,2,-2,-1,0,45041,6012,-34993,9896,26432,2496,3679,4049,934,6731,5523,11153,1
258923,0,1,2,1,1,-1,2,0,-1,2,8939,55583,-18533,11398,9071,-4414,3617,3065,5961,2705,1759,15019,0
248328,0,2,2,1,3,-1,-1,-1,0,-1,-2427,14273,13852,7567,-349,31920,15469,10131,12323,5229,12691,8916,0
14964,0,2,1,1,1,2,4,-1,0,2,-2271,26182,-4799,25063,-7612,1718,2876,4190,3716,358,3606,2716,0
483274,0,1,2,1,-1,-1,0,-1,-1,-1,14516,-3226,2901,4381,8663,27200,7356,14156,9860,6695,13376,6960,0
127297,0,3,2,1,-1,-1,-1,-1,-1,-1,29176,12420,-16500,2663,-1645,27254,9788,12153,7462,9376,6744,16071,1
94761,0,2,1,1,-1,-1,-1,2,-1,0,-1497,-15789,36680,-28618,1422,46104,8916,13377,14580,15688,4622,11331,0
617396,1,3,1,1,1,-2,0,2,0,0,5359,-22525,6852,1100,9303,3580,5771,2288,4193,3362,2432,7476,0
48037,0,1,2,1,2,-1,-1,0,0,-2,30130,36390,-23347,42917,9371,-16234,8250,1461,3757,2329,1664,95,0
142429,0,1,1,1,-1,2,-1,2,0,2,24033,21484,15588,4245,-8078,9889,5981,720,3488,1731,37,5316,1
132338,1,1,2,1,-1,-1,0,-1,-1,-1,17247,-12361,15610,-215,22168,27069,18582,12722,15336,17076,4629,5147,1
119530,0,2,1,1,-1,0,-1,-1,-1,-1,23669,9959,12238,-16331,1030,24718,6219,9092,4572,2760,867,942,0
304603,0,1,1,1,1,0,0,2,3,0,12767,14770,3209,2061,-5070,13554,605,8269,2644,4723,1216,362,0
175466,0,2,1,1,-1,-1,-1,0,-1,-1,8135,21141,24565,-14976,8495,3242,8018,8258,12732,4440,6457,9265,1
329964,1,1,2,1,-1,0,2,-1,-1,-1,4054,-8995,3865,3927,9613,15234,6720,9304,3079,8492,8848,8681,0
281082,0,2,1,1,-1,-1,-1,0,-1,-1,11785,1176,39381,-29208,9147,24028,5386,9780,9829,11687,590,2436,1
271326,1,1,1,1,1,2,-1,2,0,2,9979,4519,-18136,28317,2175,918,1415,3197,1457,9061,1071,10533,0
103390,0,2,1,1,-1,-1,-1,-1,0,-1,13254,6975,-4951,2362,3555,11052,9085,3383,5918,1030,7095,3609,0
241404,0,2,2,1,0,-1,-1,-1,-1,-1,39050,-44126,19327,-36819,25667,48149,10899,21279,15931,17359,6849,10990,0
485801,0,1,2,1,-1,-1,-1,-1,-1,-1,1352,-20935,31727,-31739,14183,21820,2546,20306,14540,13124,7599,6767,0
440233,0,2,2,1,-1,-1,-1,-1,-1,0,29354,-18579,22291,-32909,15267,33798,7131,9740,2785,5531,9791,3307,0
432093,0,1,1,1,-2,-1,0,-1,0,0,-8794,26564,13719,34833,4132,-10057,7783,13310,13635,8897,2720,2212,0
95591,1,2,1,1,2,-1,2,0,-1,0,8719,6522,23015,-12924,-2082,32475,7570,6902,2359,3743,2978,1218,1
312508,1,1,2,1,1,2,-1,-1,0,2,2506,47588,-33723,1159,25795,-8456,1170,4341,7882,2976,1888,7092,0
148812,0,3,2,1,-1,-1,-1,-1,-1,-1,26543,-59,-12505,16360,5002,10493,5665,7799,1585,9225,4675,5448,1
169482,1,2,2,1,2,-1,-1,-1,-1,-1,1146,9379,13269,-8294,1153,23501,4495,6785,6804,5084,528,4912,1
209798,0,2,1,1,-1,0,-1,-1,-1,-1,141,23727,-17873,-14567,12645,29651,4301,6918,1024,3355,7210,10307,0
245394,1,2,1,1,-1,-1,-1,-1,-1,-1,36970,-9123,3431,-27831,25948,37839,4670,14497,8870,7947,9029,1403,0
376210,0,2,1,1,-1,-1,-1,-1,0,-1,34451,-3902,2435,1611,2418,9878,4678,5417,9183,2952,3110,6740,0
178575,1,3,2,1,-1,-1,2,-1,2,0,18465,21243,-9167,25746,17031,-26844,3964,130,5405,5273,2140,7664,0
124256,0,1,2,1,-2,-1,0,-1,0,2,-22213,9870,-7612,21743,14046,2187,5198,6016,5325,9595,2912,8521,1
288350,1,3,1,1,-2,-2,2,-1,-1,0,1368,4247,-13465,27522,-6618,3707,302,5463,3101,272,2031,5369,0
84127,0,1,1,1,-1,-1,-1,-1,-1,-1,31622,-14535,17822,-21364,544,44219,10034,15547,10747,11456,6093,3960,0
183289,1,1,2,1,0,2,-1,0,0,-1,-16447,9528,15998,5577,9229,12585,9056,9808,7395,5630,4288,6465,0
299891,0,1,2,1,-1,-1,-1,0,-1,-1,17392,25506,-24049,4773,28328,-1518,5945,4151,8948,6964,5299,14246,1
265701,0,1,1,1,-1,-1,-1,0,-1,-1,11692,36999,-26455,2632,20702,-3579,7122,4258,3790,5211,6179,7717,0
303468,0,2,1,1,-1,-1,0,0,-1,-1,-347,34254,17995,5807,14501,6045,10513,3991,11929,9238,1623,9413,1
183150,0,2,2,1,-1,-1,-1,0,0,-1,22903,11271,2674,-23383,29378,21873,15867,7593,4895,9032,5042,1180,1
299808,1,3,1,1,-1,-1,0,-1,0,-1,11412,9151,5265,16603,-21821,21675,12758,8241,10209,1954,6152,5071,0
515669,1,1,1,1,1,2,2,0,3,0,24453,36687,-6437,4466,13613,-3263,5520,3925,5813,3062,1682,3756,0
194830,0,1,2,1,2,-1,-1,0,-1,-1,38750,-7443,-14785,13607,10287,15661,12393,1546,1774,1965,6055,7281,0
61339,1,2,2,1,-1,-1,-1,-1,-1,-1,7976,9249,18907,-5596,-1192,10914,1497,9078,3597,5653,2279,4708,1
336021,0,1,2,1,-1,-1,-1,-1,-1,-1,38055,2798,-5483,18201,6656,9474,14130,13061,12730,12595,6303,10373,0
409697,0,3,1,1,1,-1,-1,-1,3,0,41996,-4204,3435,10676,-833,3871,6873,6034,8518,3746,253,2801,0
331203,0,1,1,1,1,0,-1,2,0,-1,15088,-26333,12509,-1456,12523,26617,9202,9186,7141,10219,4574,3462,0
205114,1,2,2,1,-1,-1,-1,-1,-1,2,3676,16196,13580,5998,-13952,10532,941,6820,4733,3428,8275,9906,0
43331,1,2,1,1,-1,-1,2,-1,-1,0,18480,-6944,-7767,6575,1718,26339,2662,11729,5017,7352,3134,6453,1
128618,0,2,1,1,-1,-1,-1,-1,-1,-1,21671,-4388,21413,-17554,-19312,45715,19515,8818,13682,4379,9257,11196,0
118997,1,1,1,1,-1,-1,-1,-1,0,-1,4319,-19346,21040,-7046,-529,36220,9532,10084,9824,6761,7258,7984,0
262126,1,1,2,1,0,-1,-1,-1,3,-2,4732,10961,12835,-10352,-6853,32378,4353,9838,7282,4393,3112,7054,0
345726,0,2,2,1,1,0,2,-1,-1,0,16926,30359,-32952,29322,15177,-8395,5382,11234,1965,3169,5289,1553,0
150973,0,2,2,1,-1,-1,-1,0,2,0,26809,15822,-14077,39404,11454,1375,3926,5254,2308,1448,6025,5771,0
224906,1,1,1,1,-1,-1,-1,-1,-1,-1,14612,-5897,-8569,5636,19097,2278,6590,11807,15783,6675,6794,9656,0
311023,1,2,2,1,0,-1,0,-1,-1,-1,7993,-2593,-5790,14935,-3182,39220,14776,9733,7126,5061,15435,11521,0
341983,1,3,1,1,-2,2,2,-1,-1,0,11368,2395,-3337,12491,8942,681,8022,8732,5760,7866,1965,2463,1
41755,1,3,2,1,-1,-1,-1,-1,-1,0,34094,-3414,-18439,22569,6475,13261,3135,12087,2970,2016,10357,1725,0
92252,1,1,2,1,0,-1,-1,-1,0,-1,20506,15571,-8946,15210,-6515,36822,9258,12075,12948,5482,10945,4317,0
284638,0,2,1,1,3,0,-1,-1,-1,-1,11643,16614,-24462,6044,-10857,27906,8382,6031,2560,1147,5607,6814,0
464302,1,1,2,1,0,-1,0,0,-2,-1,463,14259,-8259,-82,7227,14978,11356,2090,7297,1898,8944,9651,0
187156,1,3,1,1,0,-1,-1,0,0,-1,-1899,13826,23706,15402,4858,2497,5129,1358,7107,2076,1229,7420,1
370677,0,1,1,1,2,2,-1,-1,-1,-1,-11837,12930,5827,12220,1887,20056,8978,12791,8352,5463,6820,4129,0
160082,1,3,1,1,-1,-1,0,0,-1,-1,5404,12993,32276,-16933,-5014,31317,15122,2637,13171,5093,6411,8229,0
210219,0,3,1,1,-1,-1,-1,0,-1,-1,-26675,48941,11431,16488,4903,-3200,1030,9042,7948,5448,3502,5041,0
319011,1,2,1,1,0,-2,-1,-1,0,-1,28574,-4145,-29962,37575,-155,13283,12676,8395,1715,6733,7142,4092,1
104042,1,2,2,1,-1,-1,2,-1,-1,-1,22674,5581,-15644,18306,23500,2624,762,7579,6120,6811,6244,6202,0
462254,0,2,2,1,-1,-2,-1,-1,0,-1,8100,10068,7494,23072,18768,-13916,6378,11004,10095,12963,3831,6864,0
110856,0,2,1,1,0,-1,-1,0,-1,-1,17856,13071,5261,-14122,1135,30693,7325,15385,11016,8302,6087,3006,0
374661,1,3,2,1,0,-2,-1,0,0,2,-50574,7297,24030,10436,-10017,20122,7776,4405,1954,2903,2845,2321,0
188745,1,1,1,1,0,-1,-1,-1,-1,-1,10202,-4292,13965,1320,3878,7465,1238,4049,7993,3757,5823,9798,0
185745,0,2,2,1,-1,-1,0,0,-1,-1,1234,6131,22005,-21560,8487,21404,6376,11924,9338,9440,5989,3004,0
462235,0,1,2,1,-1,-1,-1,-1,-1,-1,43202,12395,-21544,9219,25105,-5811,13668,12122,11624,8874,9467,4285,0
144997,1,3,1,1,1,0,2,-1,-1,-1,26698,32490,-26786,18900,2120,4702,12329,8150,2613,6182,928,2528,0
383565,0,2,2,1,-1,-1,-1,-1,3,-1,17153,6605,31017,-7603,13327,12035,1234,15397,10210,8287,5959,4485,0
90849,1,1,2,1,0,-1,-1,-1,-1,-1,3755,18523,12802,-7441,9563,4168,925,10390,3936,5576,551,492,0
198072,1,2,2,1,-1,-1,-1,-1,0,-1,65922,-13034,-5557,-26769,23441,41381,14459,5602,9026,11315,3395,6169,1
90295,1,1,1,1,-1,-1,-1,-1,-1,-1,1771,3762,-16245,12,-9038,12714,3966,6767,3788,2198,962,3460,0
267713,0,2,2,1,1,3,-1,-1,-1,-1,22047,-4536,2258,-16976,11039,17828,2668,6614,6779,5822,6639,1004,1
315519,1,3,1,1,1,-2,2,0,-1,0,22792,-26317,13582,2230,-8326,32820,2402,2069,7296,5742,4620,5876,0
315062,1,3,1,1,-1,2,2,-2,-2,-2,-12357,28460,-22195,15198,-6561,18138,3130,235,6607,286,4284,7056,0
150457,1,1,2,1,2,-1,-1,2,0,-2,1833,-15259,4812,-32740,9459,34630,4069,2586,2184,3049,5729,3018,0
448682,0,2,1,1,1,-1,2,-2,0,-2,-2460,-6125,-11604,7234,45729,-23084,3473,3516,10388,4698,8400,338,0
204091,0,1,2,1,-1,-1,-1,0,0,-1,-3051,19028,-10546,-15692,22199,24009,5731,3238,7238,5147,8677,1014,0
451639,0,1,1,1,1,-1,0,-1,-1,2,-16095,21814,-18572,6011,9747,-9393,4003,5737,6688,2134,218,3633,0
417371,1,5,2,1,-1,-1,-1,-1,-1,0,36903,-18934,14252,-7198,16851,21830,3072,6459,7204,7349,7847,3031,1
487273,0,1,2,1,-1,-1,0,-1,-1,0,193,24997,-36530,34050,29591,-25450,403,7976,13689,8038,2986,10088,0
224574,0,1,2,1,-1,-1,-1,-1,-1,-1,6212,-26173,10405,18080,23123,15730,3279,1481,11262,10607,11108,13093,0
205119,1,2,1,1,-1,-1,-1,2,3,-1,42825,-45896,9358,-11069,12162,8352,503,2627,3102,7209,3964,3235,0
200793,1,2,1,1,-1,-1,-1,-1,-1,0,-12443,17077,484,-2253,17445,27022,6413,1631,5461,3313,11453,4680,0
300067,0,2,1,1,-1,-1,-1,-1,-1,-1,32111,-6320,-5923,-1127,31658,17042,4217,3790,14327,9910,6777,7483,1
269621,0,1,2,1,0,-1,-1,-1,-1,-1,-20383,-15689,25713,5786,11137,10055,3981,3021,16040,7388,1547,5230,0
332032,1,1,1,1,3,2,-1,0,-1,-1,-2166,5535,5782,2865,19383,2750,3192,792,1772,2035,6356,5092,1
310584,0,2,1,1,-1,2,2,-1,-1,-1,-19914,14729,10678,6617,-628,3253,4954,354,7665,326,7150,8123,0
371668,0,1,1,1,-1,-1,-1,2,-1,-1,31840,-25069,12412,-45052,19515,26690,6813,1455,4154,2779,8349,5985,0
424374,1,2,1,1,1,-1,-1,-1,-1,0,18167,9806,-36434,19551,32084,-6948,521,5658,7820,9776,4145,9374,1
261352,1,2,2,1,-1,-1,-1,-1,-1,-1,-13902,850,-3923,8336,9396,-66,3184,3611,6161,3413,2204,6470,0
663389,1,2,1,1,1,-1,-1,-1,-1,0,14773,10356,-11516,-20143,36603,6334,1554,8426,11304,9856,6793,1473,1
115736,1,2,1,1,1,-1,2,-2,-1,-1,-19670,-4599,29335,-26431,4718,28646,4128,820,5506,5530,3939,5632,1
390412,0,2,2,1,1,0,3,-1,0,2,1715,10131,-31138,17510,23445,9046,4580,585,3716,4786,14500,6085,0
447354,0,1,2,1,1,-1,-1,-1,-1,-1,-4605,4088,-6190,3538,20603,13495,4558,1332,10909,3728,13224,4290,0
531777,1,2,2,1,-1,2,-1,-1,-1,-1,5657,10272,-30053,-256,38010,-17840,4780,2079,4576,5136,14717,1646,0
284795,0,1,2,1,-1,-1,-1,-1,-1,2,4679,14890,-34449,21388,21214,8441,4385,488,14798,3838,10056,6752,0
165284,1,1,2,1,1,-1,3,-1,-1,0,-15884,15510,-8805,10303,5268,21839,1346,3886,11306,6201,5767,7956,1
112060,0,3,2,1,-1,-2,-1,-1,-1,-1,24624,-5741,-22018,22332,2562,3418,7520,197,13489,1093,7641,6049,0
227876,0,1,2,1,-1,-1,-1,0,-1,-1,13383,-6581,6209,-766,26870,12356,41,4998,10093,9229,6874,7284,0
282945,1,2,1,1,3,2,-1,-1,-1,0,-32342,15139,-8278,20436,5992,7550,1894,2012,12339,7108,7259,11075,0
296366,0,1,1,1,-1,-1,-1,-1,3,0,11048,-25285,19079,-17648,22523,21666,473,9555,11570,8757,2862,2880,0
514669,0,1,2,1,-2,-2,-2,-2,-2,-2,11360,21695,-50331,39741,29464,-12455,1156,3261,5084,7926,4102,6609,1
212913,0,2,2,1,-1,-1,-1,-1,-1,0,-6058,23575,-2468,-1813,2882,1662,2081,1697,5380,1441,3165,3580,1
354549,1,1,1,1,-2,-1,2,-1,-1,0,29,27452,-49451,25101,27651,-19358,3525,6263,6163,6178,1453,1247,0
367855,1,1,1,1,-1,-1,-1,-1,-1,-1,-16234,-22194,54771,-18480,15506,21830,17,2753,10537,9999,6569,12746,1
127127,0,1,2,1,-1,2,-1,-2,0,-1,4928,7301,-15096,14357,5678,5306,6829,8,3059,195,4459,1564,0
130227,0,1,2,1,-1,-1,-1,-1,-1,-1,-11178,-20201,46475,-27107,-5421,26624,3626,1562,4714,1219,2031,3095,1
137866,0,2,1,1,-1,-1,-1,-1,-1,-1,-48752,31389,444,29986,7484,-9660,2343,6553,14922,6483,305,5904,0
319829,0,1,2,1,-1,-1,-1,-1,0,-1,-14717,-5218,-4583,14796,30879,8581,2261,2840,12492,8835,6963,6110,0
180717,1,1,2,1,1,-1,-1,-1,-1,-1,12706,20230,-24974,-5275,30460,7572,3218,9569,4894,8555,6038,3786,0
168511,0,1,2,1,-1,-1,0,-1,-1,-2,18821,19414,-43593,26025,29106,4838,4260,2323,5374,5564,7960,4740,1
137886,0,2,2,1,-1,-1,-1,-1,-1,-1,-14723,-10903,-3413,44836,22096,1896,676,9115,13025,6692,12644,2212,0
278467,0,1,2,1,-1,-1,-1,-1,0,-2,30796,-8811,-19236,21140,38597,-12084,324,1630,7744,7888,5126,7416,1
212862,0,2,1,1,1,-1,-1,-1,-2,0,-2521,8148,6848,-14932,4276,32775,2369,3467,8135,5829,2968,3800,0
550733,0,2,1,1,-1,-1,-1,-1,0,-1,-3322,14601,-17387,16306,35379,-14201,4989,2058,10894,4932,6837,10444,0
98472,0,2,1,1,1,0,-1,-1,-1,-1,15952,-27848,19347,-1548,-9266,21587,2684,6044,3685,4063,1388,2588,1
233292,0,1,1,1,1,-1,-1,-1,-1,0,25868,-26595,31396,-23373,17640,38843,1193,9767,10935,8867,2097,6392,1
285992,1,2,1,1,-1,-1,-2,-1,-1,0,23786,-30344,2051,-1239,16819,29122,1652,5395,11454,5193,10709,6564,0
364910,0,1,2,1,-1,-1,-1,0,-1,-2,1095,-3761,20753,-31838,26607,21947,1862,1396,17448,6647,3263,9430,0
365631,1,1,2,1,-2,-2,-2,-2,-1,8,8427,25361,-16995,-7539,3241,2379,2802,1680,1057,968,1109,1788,1
267638,0,1,1,1,1,2,0,-1,-1,-1,-6767,8710,-16248,5126,12722,6356,358,5315,5816,7754,7759,2509,0
405821,0,3,2,1,1,-1,-1,-1,0,-1,1821,2616,-17210,1749,19842,12098,3339,3947,9101,7430,3449,5840,0
360472,1,1,2,1,-1,-1,-1,-1,0,0,-18718,26570,-4301,15207,29888,8323,3656,7796,14600,6791,8376,3820,0
200802,0,2,1,1,-1,-1,-1,-1,-1,-1,620,-30213,12329,-5532,2951,25482,1126,4902,9749,10078,3089,4841,0
413947,0,1,2,1,-1,-1,-1,0,-1,-1,-50,13208,-11354,3373,47086,247,5299,1708,15684,7215,14053,6831,0
265777,0,1,2,1,-1,-1,-1,-1,0,-1,-19578,7309,-18075,37198,16506,2343,705,6049,11854,8692,4944,4753,0
61174,0,1,1,1,2,-1,-2,-1,-1,-2,-21066,18265,-8803,-584,1569,16199,4473,2266,8819,2590,2339,4005,0
50927,0,3,2,1,-1,-2,-2,-1,-1,-1,-16985,39159,-24081,28769,-7085,-5073,3281,2615,2453,1471,6738,250,1
165815,1,3,1,1,1,-2,-1,2,-1,-1,14377,-2981,-1454,-14697,5452,21874,2814,927,5212,5875,6656,6993,0
299175,0,2,2,1,-1,-1,-1,-1,0,-1,-14703,23227,-19199,32435,9956,19287,8466,2078,17503,4957,9430,3918,0
428276,0,1,2,1,-1,-1,-1,0,0,-1,15875,18540,-30747,16941,23203,-6735,9129,2215,8577,4930,7277,1018,0
440883,1,1,2,1,3,-1,0,-1,-1,0,-19464,17690,-14283,-4142,5508,33573,3744,4665,5734,3123,6653,1481,0
259847,0,1,2,1,1,-2,-1,0,-1,-1,17845,11710,-36810,14853,49009,-9278,1572,4160,12380,11284,10753,4949,0
282848,0,3,1,1,1,-1,0,-1,-1,0,22343,-4975,-16479,-23793,12080,27234,4848,6840,2678,2181,4684,4923,0
137436,0,2,2,1,-2,2,-2,-1,-1,-2,4760,29028,-41269,41803,-2411,-7911,4458,2901,5458,1846,3865,922,1
197851,0,1,2,1,-1,-1,-2,-2,-2,-2,57525,-9689,-35745,17084,9276,16723,9026,296,10478,3029,6546,3445,0
211022,0,1,1,1,-2,-2,-2,-2,-2,-2,30234,3437,-42827,23855,-1793,12655,5959,1599,5593,2974,642,859,0
227613,0,2,1,1,-1,-1,-1,-2,-2,0,19089,-4443,-8486,981,35178,12474,1262,1078,10914,9600,8251,11997,1
84680,0,2,2,1,-1,-2,-1,-2,-2,-2,27848,6661,-16229,-2745,10249,18419,3847,3670,6190,5383,1993,936,1
240352,1,1,2,1,-1,-2,-1,-2,-2,-2,21536,-20288,23703,-8167,3184,28548,3462,866,9189,4919,1055,6468,1
256013,0,2,1,1,1,-1,-1,-1,-1,-1,-19281,15044,21273,-16290,10406,8917,3830,2853,5662,4405,2899,3816,1
274031,0,3,2,1,2,-2,-2,-2,-2,3,17246,-8385,-23646,23746,2662,23859,3633,3331,6964,2725,9550,2014,1
455529,0,1,1,1,1,-1,0,-2,-1,-2,21998,19287,-50096,13002,17629,-2312,3465,5381,8264,1208,3191,1708,0
374967,0,2,1,1,-1,-1,0,-2,-1,-1,20749,-11716,-44,2687,1294,20905,6868,471,5842,5337,3179,4959,1
423265,0,2,2,1,-1,-1,0,-1,-1,-1,-22896,11505,3964,12097,25124,1349,2461,5299,9550,6121,7831,3677,0
124452,1,3,1,1,-1,-1,-1,-1,-1,-1,-19895,5421,-10935,17783,16061,-10773,5879,1560,8837,1346,5527,6749,0
175680,1,2,1,1,0,-1,-1,0,-1,-1,7172,-16255,8372,-3916,-1396,6436,1712,2850,406,2066,558,2246,0
261177,1,2,2,1,-1,-2,-2,-2,-2,0,15664,-5398,11944,-4365,19533,18480,1171,2670,7046,8004,5415,6938,1
328216,0,1,1,1,-1,-1,-1,-1,-1,-1,-3492,7676,-15755,15168,13876,-1146,2487,4834,1261,6738,2303,6302,0
383149,1,2,2,1,1,-2,-1,-2,-2,-2,32000,-11715,5989,-22796,23670,15099,4166,2752,5993,4412,5499,2520,1
236338,0,2,1,1,-1,-1,0,-2,-1,-2,10577,14509,-27619,-21127,31242,13738,2001,5302,3918,4410,7719,27,0
261782,0,2,2,1,-1,-1,-1,-1,-1,0,-18357,24477,-16568,46002,10994,-11177,422,4964,6010,4648,2503,958,1
444134,0,1,2,1,-1,-2,-1,-2,-2,2,14707,6271,-21621,8956,11839,9153,4550,880,6629,4569,5513,3913,1
194992,0,2,2,1,1,-1,0,-1,-1,0,795,19703,-24406,2473,-6775,26046,4692,775,9526,4608,4072,6669,0
40608,1,3,1,1,-1,-1,-1,-1,-1,-1,423,-12466,10453,578,9200,11169,6,7044,4149,7003,761,3058,0
147698,0,1,2,1,-1,-1,-1,-1,0,-1,-49259,22472,-9488,58539,-13692,-16147,4895,711,8557,801,1285,5648,0
83496,1,3,1,1,1,-1,2,0,-1,-2,-1316,19822,-3177,-5660,15528,13043,3524,2381,7082,5452,3667,6084,1
133496,0,1,2,1,-1,-1,-1,-1,-1,-1,15635,10027,2468,-9199,23615,29701,9231,5881,13104,5408,4326,916,0
382047,0,1,1,1,1,-2,-2,2,-2,-2,7380,3714,-6688,-3305,5430,14772,5993,1942,6900,2640,2563,2566,0
326547,0,1,1,1,-1,-1,-1,0,-1,-1,34695,10390,-18572,-14943,55511,-9782,3658,5597,9388,8464,12677,4483,1
12166,0,1,2,1,3,-1,-1,-1,-1,-1,3300,-23114,15342,-10098,8119,12422,1745,373,1331,4358,1232,4642,0
165249,0,1,1,1,-1,0,-1,-1,-1,-1,4169,-27001,17130,-4037,6685,24652,5313,719,11043,4193,7249,8444,1
79448,0,1,1,1,-1,2,-1,-1,-1,-1,-4467,-13082,-11667,8049,-1627,8855,3210,2173,2595,1490,10233,4480,0
154645,1,1,2,1,-1,-1,-1,-2,-1,0,30540,-8326,9534,-26421,11467,32050,2588,2913,716,5727,896,2456,1
224518,0,1,2,1,1,-1,-2,-1,-1,0,-3695,4279,-13484,16426,38235,15268,2296,4943,14091,8464,14011,6535,0
179150,0,1,2,1,-1,-1,-1,-1,-1,-1,-9374,24001,-15911,489,30149,7526,6213,2421,10719,3424,11689,4385,0
304900,0,1,2,1,2,-2,-1,-1,0,-2,4291,1604,-3441,1719,6314,16820,844,5372,4783,4095,1096,3180,0
555664,1,2,1,1,-1,-2,-2,-2,0,-2,3589,2339,-24179,20531,8040,20589,3449,4316,15222,5869,5485,4455,0
38002,0,2,2,1,1,-1,-1,-1,0,2,-36828,37213,-27607,41720,5399,5488,3020,5321,9236,8173,4434,5483,0
427759,0,2,2,1,-2,2,-1,-1,0,-2,15876,12907,-15304,-10862,-4898,27773,5664,2562,4689,524,1881,2917,1
172687,1,2,1,1,-1,-1,3,-1,-1,0,-22596,23027,-17228,3434,19847,10768,2822,6364,12473,10040,4433,5123,0
132249,1,2,1,1,1,2,-1,-1,0,-1,-9079,5978,-14881,710,9810,-8493,1744,5664,2914,6313,1808,1093,0
325424,1,1,1,1,-1,2,-1,-1,0,-1,-6205,-482,3495,-24360,-3110,38485,4637,564,8937,4702,5036,9005,0
332119,0,2,1,1,-1,-1,-2,-2,-2,-2,28974,15014,-20975,-7331,11453,4778,3550,2219,3261,1310,790,678,0
176799,0,1,1,1,2,2,-1,0,-1,-1,3668,16256,8868,-2131,19446,-2950,3476,1943,8905,3296,5696,3784,0
305625,1,3,2,1,-2,-2,-1,-2,-1,-1,-10569,22407,-17348,-4468,11037,20603,108,5696,2333,3713,4480,4719,0
254670,1,1,2,1,-2,-2,2,-2,-2,-2,4124,-4207,-3521,2411,-13681,36036,6124,779,6074,2401,4033,5334,1
233602,1,2,2,1,-1,-1,-1,-1,-1,0,44364,-21517,11940,7832,42188,11621,2156,4797,18420,13999,3782,12874,1
118405,1,2,2,1,-1,-1,-2,-2,-2,-2,28841,-3769,-19239,11277,11513,18487,2563,1170,4873,7080,2679,3685,0
240832,0,1,1,1,-1,-1,0,-1,-1,-1,5405,12435,-21044,-2823,10635,19787,3143,6279,5625,2419,9084,179,0
439920,1,1,1,1,-1,-1,-1,-1,-1,-1,10776,-9330,10572,-2114,32957,22404,5008,2041,18716,8691,8846,10758,0
232950,0,3,1,1,-1,-2,-2,-1,0,-1,-29733,27993,-8590,31752,-11870,7478,5658,892,6491,1143,1125,4360,0
287704,0,1,1,1,1,0,-1,-2,-1,-1,13322,1521,5496,707,-951,8577,2541,5659,1469,4958,1357,1929,1
433038,0,2,2,1,-2,-1,2,-2,-1,-2,9265,3871,-12739,22599,13742,10853,4888,2298,13649,5139,2937,6306,0
256912,1,2,1,1,-1,2,-1,0,-1,0,5878,18972,-1646,-5366,3094,14095,2064,768,4664,3926,1349,10300,1
397449,0,1,1,1,2,-1,2,-1,-1,-1,-4180,17655,-25026,2562,12383,-92,5677,5505,9240,1418,4625,4243,0
294068,0,2,2,1,1,-2,-2,-2,-2,-2,40453,-24916,-17999,18815,16536,13268,1012,5596,12301,10924,6320,5833,1
240010,0,1,2,1,-1,-1,-1,-1,0,-1,10536,-9462,-10975,5927,10952,30593,5182,3144,12496,5954,10255,1993,0
181631,0,2,2,1,1,-2,-2,-1,0,-1,-21919,22141,-36998,62794,19950,-5919,3074,2968,7585,10763,9530,7367,1
163812,1,1,2,1,-1,-1,-1,0,-1,-1,26557,2178,-8579,-4798,12981,10155,8652,351,9376,1101,4235,1239,0
235030,0,1,2,1,-1,-1,-1,-1,-2,-1,9059,10250,-18467,2241,10449,11256,2690,4258,10146,5666,2420,4542,0
400538,1,2,1,1,-1,2,-1,-1,-1,-1,13573,5364,-18272,27280,23787,-9031,2211,6637,10556,4793,5737,4144,0
204739,0,2,1,1,-1,-1,-1,-1,0,-2,23741,391,-37674,26670,21028,15833,1309,7399,10248,9978,10865,2947,0
472976,0,1,1,1,-1,-1,-1,-1,-1,0,15116,73,-2514,-10656,16228,14271,6426,4801,12380,7034,8609,8677,0
343002,0,1,1,1,1,-1,0,-1,-1,0,-25660,29647,653,13793,234,15907,8345,396,13842,5228,8047,13332,0
295386,0,2,2,1,-2,-2,-2,-1,-2,-2,-19423,8552,-21063,24118,13960,14626,4590,4508,17429,3849,10609,3388,0
123042,1,1,2,1,-1,2,-1,-1,0,-1,32350,2368,-47907,31400,23324,4935,5730,2906,10129,6751,5584,4904,0
77878,0,2,2,1,1,-2,2,-1,0,-1,16012,-22729,2587,6733,-2411,19459,973,491,2574,6005,338,7140,0
350148,0,3,2,1,1,-2,-1,-1,-1,-1,-15035,1113,10680,-3013,9042,3503,2334,6392,5399,5264,593,1319,1
340406,0,1,2,1,-1,0,-1,-1,0,-1,16784,-34047,18664,-1956,15887,1716,2643,1982,3888,8275,851,5371,1
298382,0,2,1,1,-1,-1,3,-1,-1,-1,-11416,-29210,17478,9988,-11342,22943,7085,2387,12938,6008,8569,9349,0
396955,1,1,1,1,-1,-1,0,-1,-1,-1,4056,5873,10776,-9777,5705,8026,8570,3124,3297,298,4401,2693,1
110283,0,1,2,1,1,-2,-2,-1,-1,0,6710,5809,-24041,15153,19926,-5183,6727,3277,9958,3041,6925,3377,0
206967,0,2,2,1,-2,-2,-2,-2,-2,0,7687,17193,-18068,16910,5508,13714,4166,1765,8376,4248,5104,5535,0
143171,0,1,2,1,-1,-1,-1,0,2,-1,-20023,19614,-1395,26918,13503,-4747,3169,1951,6601,2608,7330,2692,0
126941,0,2,1,1,-1,0,-1,-1,0,-1,997,-63,-3552,-1220,2488,7416,5129,1092,4663,2633,554,3326,0
377077,0,1,2,1,1,-2,-1,-1,0,-2,6508,-12115,3000,3261,12868,27352,3248,2159,9979,8852,4709,7683,0
51307,1,2,2,1,-2,-1,-2,-1,-1,-1,10912,-2108,-1679,176,19761,4353,3532,3379,4158,6964,5915,2869,0
152550,1,1,2,1,1,-2,-1,-2,-2,-2,8917,11166,-4298,-19229,15675,26896,2307,3448,12853,4820,4538,5637,0
273702,0,1,1,1,-2,-2,-1,-1,-1,-1,12454,-15980,-2934,13061,6482,12691,4824,1742,7847,3447,1538,12276,0
133581,0,3,1,1,1,2,-1,-1,-1,-1,12959,-4584,-14616,25273,2399,-3663,3462,4314,319,5306,6520,4656,1
352028,1,1,1,1,1,-2,-1,2,-1,-1,-2423,5544,7123,5733,7613,14733,2283,152,4943,8613,3802,11624,1
96090,1,2,2,1,-1,-1,-1,-1,-1,0,-1876,10439,-3081,12842,15448,14415,1140,5978,9413,5070,8178,2447,0
200165,1,1,1,1,-1,-1,-1,0,-1,-2,22735,11782,-20984,-2566,34889,1948,1098,4040,542,6804,5602,5573,0
257664,1,1,1,1,1,-2,0,-1,-1,0,11342,-4639,-5346,16230,-5324,13342,3471,4106,12286,7046,138,9408,1
327564,1,2,2,1,-1,-1,3,-1,-1,3,-12628,6758,-4643,18144,12185,14552,758,6910,13331,6449,9366,2668,0
284943,1,1,2,1,1,-1,0,-1,-1,-1,-8747,19897,-27539,16182,-21028,24733,4488,3978,6467,3514,7232,1462,0
91435,0,2,1,1,-1,-1,-1,-1,0,-1,11714,-26771,-3902,22181,2839,2812,4323,1284,6132,6298,3532,6479,0
212859,1,1,2,1,-1,-1,-1,-1,-2,-1,5104,2395,-8810,18635,34978,-8563,1095,3235,5133,8356,5038,5833,1
390199,1,2,1,1,-1,-1,-1,-1,-1,-1,6167,-23807,25823,-12107,17191,6381,4244,4437,14995,7278,3208,9710,0
535290,0,3,1,1,1,-2,-1,2,-1,-1,1213,-6006,30996,-15712,9757,13465,4794,1953,10960,4351,4322,10933,1
190370,0,3,2,1,0,-2,3,-1,-1,-2,13197,-24822,-30981,42436,-17119,27075,795,2360,10523,2898,4021,6139,0
434837,0,1,2,1,1,-1,-2,-2,-1,0,7763,330,-4162,-12093,12627,36458,2673,1535,12562,7227,8233,8242,0
141934,0,2,2,1,1,-2,-1,-2,-2,0,20815,29581,-26621,-9368,1822,24417,4771,4854,654,805,287,83,0
90556,0,2,1,1,-1,-1,-1,-1,0,-2,9811,-9107,-31081,31582,19702,-14346,975,2578,5863,3918,1196,2587,0
458255,0,1,2,1,-1,-1,-1,-1,0,-1,-35955,23114,-1198,18225,-7877,12132,9614,84,7181,450,9271,1705,0
171870,0,1,1,1,1,-1,-1,-1,-1,0,5515,2551,-20970,929,25849,8340,2385,4899,6944,6125,6971,4143,0
353780,0,3,2,1,-1,-1,3,-2,-1,-1,3351,1258,-24916,14213,21668,-6230,3087,1304,6052,4502,2276,3552,0
197927,0,2,1,1,-1,-1,-1,0,-1,-1,16705,-7813,9638,-10838,-1972,16420,2879,977,2599,1165,2151,1428,1
308678,0,2,2,1,-1,-2,-2,-2,-2,-2,42935,-34015,-1072,-744,13048,18255,752,3595,10844,7617,5711,2145,0
184269,1,1,2,1,-2,-2,-2,-2,-2,-2,7148,1723,-10486,-7242,3433,27416,1797,3342,3628,3687,5327,2697,0
146905,0,1,2,1,-1,-2,-1,-2,0,-1,24395,14140,-41245,34962,10041,-5864,4440,743,3371,2461,7969,4368,0
214965,1,2,1,1,2,-2,-1,-1,-1,-1,-21948,6328,8647,-323,-15567,22258,3286,3943,127,2764,5031,2843,1
314191,0,1,2,1,1,-1,-2,-1,-1,0,16183,-4888,-22324,27273,20241,13925,2671,1466,21144,9084,10303,11198,0
22620,0,2,1,1,1,-1,-2,-2,-2,-2,13062,7125,-22507,7669,12831,15466,340,6301,6068,5714,2457,1811,0
358700,0,1,2,1,1,2,-1,-1,-1,-1,-8942,-1394,-7026,5864,13950,9413,4838,1655,7849,1925,4762,8857,0
222184,1,3,1,1,1,-1,-1,-1,-1,0,-28880,45551,-16513,18442,8241,-5092,3316,2276,6505,5992,2404,8524,1
211315,0,2,1,1,-1,-1,-2,-2,-2,-2,22410,22432,-18936,14637,9672,-2420,5573,1542,3409,1844,1979,2877,1
467773,1,1,2,1,-1,-1,2,-1,-1,-1,-4692,25200,-19494,3683,23114,8334,5499,4390,9216,6472,9090,5825,0
367574,0,1,2,1,-1,-1,-1,-1,-1,0,15105,-8005,32257,-31764,15758,16779,4559,1779,9357,5470,2638,4991,1
364889,0,2,1,1,1,-1,-1,-1,-1,0,-2430,10336,-8941,-9839,24588,12111,2325,9030,8501,10978,4544,2924,1
163941,0,2,1,1,-2,-2,2,-1,-1,0,24203,-1472,-35057,19645,-8041,13593,5779,607,6147,398,1930,5578,0
228785,0,2,1,1,-1,-1,-2,-1,-1,0,11407,5872,-6285,-7916,25662,8664,2882,2344,8719,6802,4135,3890,0
92649,0,2,1,1,1,-2,-1,-2,0,-1,-2315,9522,-14405,23373,10128,-12454,1286,1180,2457,7170,3433,8387,1
371809,1,3,2,1,0,-1,3,-1,-1,-1,10329,-7093,-33910,24045,13768,18479,4463,1006,5055,5195,3075,8067,0
190343,1,1,1,1,-2,2,-1,-1,0,-1,-17419,27506,-20600,-2371,11000,6131,5621,2811,4420,1211,7353,2145,0
241082,0,2,1,1,1,-1,2,-1,-2,-2,26644,333,-65395,34612,8610,-2713,2200,7446,4999,2724,3640,878,0
134816,0,2,2,1,1,-2,-2,-2,-2,-2,19174,-10074,11159,-4249,6365,11212,456,4000,5400,4501,2636,1303,1
365922,0,2,2,1,1,-2,-1,-1,-1,-1,-9976,-13983,18096,-18721,11380,13348,1278,2672,9224,6674,2643,4877,0
236164,0,3,2,1,1,-2,-2,-2,0,0,5556,22740,-39061,18035,14230,7542,43,8017,7117,7919,1348,3858,0
282483,1,2,1,1,-1,-1,-1,-1,-1,-1,-6694,-5008,3210,-7946,42600,-6226,2718,3641,11379,7976,8172,10449,0
308682,0,2,1,1,1,-2,-2,-1,-1,0,-4894,1332,1801,15433,12273,13965,1027,1132,8559,9952,3727,13150,1
301068,0,1,1,1,3,-2,-2,-2,-2,0,21911,-17091,14990,-22410,-13036,43309,6233,665,5697,1091,5446,4520,0
158013,1,2,2,1,2,-2,3,-2,-1,-2,5626,17534,-34671,24705,23502,7818,864,4061,10246,7410,9957,5386,0
521863,1,1,1,1,1,-2,-1,2,-1,-1,-136,4725,-5191,-4443,13977,7591,952,3988,1892,5072,11086,4394,1
133702,1,3,2,1,2,-1,2,-1,-1,-1,-12096,5829,-14559,21932,4805,1016,2699,4585,5229,2357,8041,2597,1
398992,1,1,2,1,3,-2,-2,-2,-1,0,-10036,4186,26048,-23862,-138,36651,502,5645,1337,4898,3311,3646,1
435505,1,3,1,1,-2,2,-1,-1,-1,-1,20516,-2825,-26469,22168,7632,-6054,1699,6096,9199,4499,7310,915,0
199206,0,2,1,1,3,-1,-1,-1,-1,-1,-40589,9786,16474,1457,-14124,12082,5282,6564,6929,1966,1431,3222,0
80057,0,1,2,1,-1,-2,-2,-2,0,-1,27641,-12592,-33511,23468,20796,-2950,995,5771,10957,9782,4567,870,0
178162,0,2,2,1,-1,-1,-1,-1,-1,0,-12455,17961,-8151,14565,20593,6202,1158,3966,6141,3865,8295,4195,0
16811,0,2,2,1,-1,-1,-1,2,-1,0,4717,22365,-16004,-10301,-603,30146,4791,1416,10221,4646,5196,6065,0
411062,0,1,1,1,-1,-2,-1,-2,-2,-2,20631,18270,-10735,-4236,19195,13579,2255,2208,5947,4986,3873,7031,1
180386,1,2,1,1,-1,-1,-1,-1,-1,-1,-1769,12745,-11607,-26973,27652,13858,4394,7340,8274,6047,2432,2938,0
183524,0,1,1,1,-1,-1,-1,-1,-2,-1,406,17330,7685,-23901,20668,19265,2808,3482,5965,4197,1476,2666,0
214460,1,1,1,1,1,-2,-1,-2,0,-2,6224,3148,11965,-38790,16117,24998,2081,4701,6093,5274,358,3408,0
29590,0,3,1,1,1,-1,-1,-1,-2,0,23245,-15243,-3628,-17062,13994,31446,1598,3171,2971,6598,5020,6509,1
255894,0,2,1,1,1,-1,-2,-2,0,-2,5940,-6845,-13817,20040,16029,-11406,240,2894,2120,2865,1252,1710,0
199315,0,1,2,1,-2,-1,2,-1,-1,-1,-3579,-693,-23217,35735,-8600,12314,1371,1802,2407,2562,3748,4147,0
242925,0,2,2,1,1,-2,-2,-2,-1,-1,-10774,8633,12378,-7126,10112,2578,2792,685,576,3050,7227,2459,1
210197,0,1,1,1,2,-1,0,-2,0,-2,-1062,16808,-1437,-14935,26783,17034,6577,913,12733,4884,2680,7096,0
226764,1,1,2,1,-1,-1,-1,-1,0,2,-5055,55901,-37231,14146,14126,5932,7487,3250,6159,3876,3500,194,0
209847,0,2,2,1,-1,-1,-1,-1,-1,-1,-14909,15978,-12954,7000,10930,674,2984,1520,9890,4577,5534,4392,0
153215,0,1,2,1,-2,-2,-2,-1,-1,-2,31779,-21197,-17302,30304,-9526,9685,4897,471,8078,5564,583,2645,0
239197,1,1,2,1,-1,-1,-1,-1,0,-1,-41919,19081,-1219,27056,12732,-3227,963,3435,9980,6743,3163,9184,0
55958,0,1,1,1,-1,-1,-1,-1,0,-1,-7778,22308,-38681,30095,10963,2683,5415,5406,12634,3616,5235,846,0
149660,0,2,2,1,-1,-1,-1,-1,0,-1,-21858,12529,22505,3352,14202,3031,4224,2797,10929,4974,2500,5295,0
153126,0,1,2,1,-1,-1,-1,-1,0,2,-3080,24722,-31002,40397,47152,-19335,3810,5232,10973,8922,8769,8915,0
91014,1,3,2,1,0,-2,-1,-1,0,-1,-3724,-32057,16086,13456,-39150,30642,863,6015,7260,4509,485,1031,0
138182,0,1,2,1,-1,-1,2,-1,-1,-1,-5441,16381,-19125,10253,22541,23384,1106,6850,10601,6615,9258,7915,0
500833,1,1,1,1,1,-1,-1,-1,-1,-1,-8221,-942,21291,-16799,31255,-213,75,8393,14173,10137,1256,6166,1
304381,1,1,1,1,1,-1,-1,-1,-1,-1,4345,12363,-22561,8513,27565,-12311,3845,7337,7042,4202,6373,2300,0
286330,1,2,1,1,-1,-1,0,-2,-2,0,23547,8691,-20039,7568,8166,19887,5735,4902,3861,1246,7544,735,0
207148,1,2,1,1,-1,-1,-1,-1,-1,-1,-13706,-6182,29203,-42008,7816,16460,5447,5036,4160,2305,2469,624,0
54116,0,3,2,1,-1,-1,-1,-1,-2,-2,9179,15087,-24887,22359,11282,-4878,3512,3439,13373,4957,198,5679,0
381279,0,1,2,1,-2,2,-2,-1,-1,-1,-2349,30410,-64124,31432,23470,-20409,6816,4795,6535,3879,14521,4078,0
242739,0,2,2,1,-1,-1,-1,-1,-1,-1,-6804,-121,14447,-14243,22028,-845,3170,8838,10773,6747,260,320,0
264240,1,1,2,1,0,-1,-1,-1,-1,-1,-18105,14167,15280,-7065,5592,8722,2482,4477,4143,6272,863,2492,0
115648,0,1,2,1,-1,0,-1,-1,-1,-1,33264,-29700,-14248,8093,17772,25334,2980,3617,6957,9102,12320,8531,0
380056,0,1,2,1,1,-1,-2,-2,-2,-2,28509,24984,-29083,-6957,32651,2503,1687,4934,7250,6717,3124,4684,1
215042,0,2,1,1,2,-2,-1,-2,-1,3,-15746,31047,13514,-5632,-13759,30678,4483,2775,5632,5321,4031,6181,1
179827,0,3,2,1,-1,-1,-1,-1,-1,2,-11002,10251,-4252,8986,16259,16404,2008,2898,8724,6677,3970,7348,0
212784,0,1,2,1,-1,-1,-1,-1,0,-1,3997,-3473,-16751,18128,5976,13277,6237,1134,6953,4423,4147,6590,0
59730,0,3,1,1,1,-1,0,-1,-1,-2,15613,-9625,-9220,13542,-5784,4626,2615,3688,4915,5536,1092,2687,1
145396,0,1,2,1,1,-1,-1,2,-2,-2,16572,-159,-23056,-2,5240,29637,2985,5933,7654,6659,3266,2573,0
334587,0,2,1,1,-1,-1,-1,-1,-1,0,5780,16774,-31111,8886,17840,9213,4088,4474,11117,6946,12484,6490,0
236351,0,1,2,1,-1,-1,-1,-1,-1,-1,-3871,-4264,4836,1157,3481,14905,1650,3462,7267,5411,6446,3007,0
132432,0,1,2,1,1,-1,-1,-1,-1,0,14958,233,-8805,6624,11965,24563,5607,22,10618,6894,9719,12535,0
411753,0,1,2,1,-1,-1,-1,-1,-1,-1,46612,-9181,-23019,1334,11144,-13187,9722,1351,7023,1480,3288,3625,0
347804,0,1,2,1,1,-1,-1,-1,-1,-1,12963,8381,-18025,-1353,9443,8028,8777,533,7332,3031,4806,4524,0
548353,0,2,1,1,1,-2,-1,-2,0,-2,-17199,7468,3928,-4990,51871,-10599,2514,5202,22315,10315,1899,8117,0
412834,0,3,1,1,-1,-1,-1,-1,-1,0,22609,-18277,-448,-16894,916,39253,3028,3399,8808,4905,95,7918,0
175552,1,1,2,1,-1,-1,-1,-1,0,-2,261,-240,-702,1107,17876,22492,1012,2003,13234,8353,3605,12571,0
139924,0,1,2,1,-1,-1,-1,0,0,-1,-9314,1985,-1961,951,24996,-5012,2500,1058,2273,5662,2579,7682,1
285620,1,1,1,1,-1,2,0,-1,-1,0,-12252,15524,-28062,19892,16436,1831,663,4874,10574,7521,12077,9161,0
327377,1,2,1,1,-2,2,2,-1,-1,0,-19617,25337,-18658,6103,20448,-2551,1704,7093,11978,5013,6847,3182,0
422907,1,5,2,1,-1,2,-2,-1,-1,-1,-4460,-2820,765,22523,-6293,-2039,646,2433,5575,5218,5084,5624,1
47927,0,1,2,1,2,-1,3,-2,-1,0,20365,10878,-38879,25313,7752,29562,3904,4124,7035,5671,12839,1292,0
146038,1,1,1,1,-1,-1,-1,2,-2,0,40414,-21110,8539,-27789,23954,10730,3274,4013,6071,6141,335,3261,0
466311,1,1,2,1,-1,-1,-1,0,-1,-1,-9491,20803,5269,6575,29992,7472,3299,168,10869,7307,12108,12742,1
128113,0,1,2,1,-1,-1,-1,-1,-2,0,2649,2962,37388,-8192,-2688,39330,4444,525,8863,4538,3788,11349,1
226668,0,2,1,1,-1,-1,-1,-1,-1,0,4336,4991,19725,-24390,12277,26643,5105,1740,15866,7116,5520,12685,0
80713,1,2,1,1,-1,-2,-1,-1,0,-1,-13078,5057,11031,4396,6079,21535,7730,1629,13354,4778,6657,6112,0
207915,0,1,2,1,1,-1,-1,-2,-2,2,20255,-17885,-7771,17328,28699,145,4247,188,10500,7054,5264,5917,0
154221,0,1,2,1,-1,-1,-1,-1,-1,-1,1393,-2804,287,23620,25431,21938,6544,4842,14200,6894,10972,6011,0
518666,1,2,2,1,-1,-1,-1,-1,0,-1,10418,-15683,11910,-22775,7065,22519,1020,3387,4184,4510,2355,2991,1
235300,0,2,1,1,1,-1,0,-1,-1,0,33518,-11065,-24145,7405,-7328,28763,3916,5413,1862,1601,110,2056,0
188781,0,2,2,1,-2,-2,-1,0,0,-1,34820,550,-19683,7505,4448,15816,3934,1174,4768,4989,2767,7325,0
262189,1,2,1,1,-1,-1,-1,-1,-1,-1,-17611,28641,909,7591,1416,5079,4661,3549,10441,2596,3719,2510,0
260875,1,2,1,1,-1,-1,-1,0,-1,-1,-1907,-2725,11958,-20491,-2757,29032,1452,4152,4125,2116,4250,3023,0
365238,0,1,2,1,1,2,-1,2,0,-2,10412,-4564,-2182,3496,22536,-8832,1745,3133,3732,2625,1508,2472,1
440795,1,2,1,1,1,-1,-1,-1,-1,-1,2056,-4678,-13146,19417,27161,623,1530,2614,5005,5309,9052,6978,1
470311,0,2,2,1,-1,-1,-1,-1,0,-1,-40729,9650,1162,18223,30912,-13472,3334,4068,11685,7183,11128,7002,0
237165,0,2,1,1,1,0,-1,2,2,-1,-17134,11660,11603,-30636,-2547,12180,4069,3270,477,324,3991,271,0
259703,0,2,1,1,1,2,2,-1,-1,0,12699,-10187,-15999,8282,19067,18209,1741,2614,14192,7812,15991,11643,0
206700,0,1,2,1,-1,0,-1,-2,-2,-1,25906,-19898,-19873,5551,24191,5068,1295,3143,1633,7312,8672,2268,0
132380,0,1,2,1,-1,-2,-1,-1,0,-1,-16756,28445,-8540,30011,11081,-2597,4507,6780,13512,5942,2892,1211,0
40959,0,2,1,1,1,-1,-1,-1,-1,-1,14059,1107,-20108,19279,12914,5280,6395,1833,12510,5155,7003,4929,0
67454,1,3,1,1,1,-1,-1,-1,-1,-1,21181,-6555,-34973,27706,-7433,1590,3311,1875,1396,4213,4635,2794,0
68745,0,2,1,1,-1,0,-2,-2,-1,0,31970,-3059,-14161,-9187,5208,24171,3597,5117,3321,3183,8027,94,0
296920,1,2,2,1,-1,-1,-1,-1,2,0,-6435,8885,15716,-10285,-3040,16597,2536,3388,6686,1316,1879,4182,0
396270,1,1,2,1,1,-1,-1,-2,-2,-2,14493,21114,-26001,-786,44797,20866,3506,2705,15346,9493,9957,8622,0
322691,0,2,2,1,-1,-1,-1,-1,-1,-2,7051,8027,-1409,9936,19884,-2897,3211,4449,10421,7192,1903,5955,0
133652,1,1,2,1,-1,2,-1,-1,-1,-1,25671,-6508,-39788,27893,33212,3336,2175,4617,8813,7531,8857,9486,0
308681,1,1,1,1,-1,-1,2,-1,-1,-1,-5224,20742,-30575,23603,4902,-1678,2488,5715,6144,5313,5020,577,1
397132,0,3,1,1,1,-1,-1,-2,-2,-2,-26339,14038,5520,-351,18433,14621,3922,1668,16622,5435,2921,10559,0
323706,0,1,1,1,-1,-1,3,-1,-1,-1,15959,-12642,-16421,13554,27749,4219,1074,225,2783,8542,19051,7658,1
277146,1,1,2,1,-1,-1,-1,-1,0,-1,-25556,7358,11882,21030,-11551,20763,8228,1234,7027,5768,143,4132,1
523733,1,1,2,1,-1,-1,-1,0,0,-1,-34847,15653,-5751,10404,8694,2741,3606,2358,5304,3389,5089,3061,0
13127,0,2,2,1,-1,-1,3,-1,-1,0,-22704,3038,2541,8811,5375,26075,3115,6135,15302,8109,1086,2694,0
401783,1,2,2,1,-1,-1,-1,-1,0,-2,-13664,39501,-36716,18296,25480,-326,3840,4598,8343,6153,5146,5444,0
382626,0,1,2,1,1,-2,-1,-2,0,-2,-4345,14962,-14537,11509,10104,14838,1618,4272,6633,8255,4133,2258,0
191276,0,1,1,1,1,-2,-1,-1,-1,-1,-22797,18993,7667,-381,6514,10187,8725,2512,11510,4685,3497,3426,0
150473,0,2,2,1,1,-1,-1,-2,-1,-1,16692,26597,-71559,56893,19745,-25630,5179,2251,3129,5166,10420,2891,1
266663,0,2,2,1,-1,-1,-1,-1,-1,-1,-1079,-9489,7450,8324,18561,6738,6168,202,12754,5310,6701,10437,0
350793,0,2,2,1,-1,0,-1,-1,-1,-1,1954,14824,-19990,2731,2903,18580,5137,893,6222,3944,8477,8711,0
117055,1,1,2,1,-1,-1,-1,-1,-1,-1,-19433,-3247,1017,26826,15759,23650,420,1269,11180,11950,8951,9650,0
308549,0,1,2,1,-1,-1,-1,-1,0,-1,-14592,9805,4792,9271,-3723,6542,6661,1049,8308,915,390,3284,0
133666,0,1,2,1,-1,-1,-1,-1,-1,-1,-15472,22830,-25238,34169,25749,-8523,5599,3094,11171,4514,11968,5281,0
386371,1,1,1,1,-2,-2,-2,-1,-2,-1,3291,6141,-11635,9853,749,6869,5472,152,2364,112,4903,4616,1
175667,0,1,2,1,-1,-1,-1,0,-1,-1,30865,365,-55284,33991,18327,-7654,2928,874,10641,7173,5815,5797,0
351652,1,2,2,1,-1,-1,0,-1,0,-1,-20718,42353,-66274,42597,40791,-19727,3630,1641,8832,4210,15021,6380,0
104274,1,3,1,1,1,-1,2,2,0,-2,5386,-18917,-8029,19063,7922,4297,3023,297,5573,3142,3489,5458,0
44740,0,3,2,1,1,-1,-1,-1,-1,-2,-2741,-1614,5297,-1396,11067,28007,3678,3541,4544,1145,4817,3991,0
38908,0,2,1,1,1,-2,-2,-1,-1,0,-6350,19188,-22059,9993,4162,6834,1707,2301,2430,3133,3299,6983,1
439869,0,3,1,1,-2,-1,-1,0,-1,0,-8909,11952,12214,-373,16403,-12646,1220,1733,3584,1279,3332,3929,0
62775,0,1,1,1,-1,-1,-1,-1,-1,0,4454,-1896,16390,-31207,-4436,33340,1667,3651,6621,4339,504,2010,0
236057,0,1,2,1,-1,-1,-1,-1,-1,-1,-12508,12974,-3660,19680,18748,-3067,2283,2137,9905,6801,7770,6382,0
149436,0,2,2,1,-1,-2,-1,-2,-2,-1,-12298,20686,-15249,9705,8855,14100,426,4161,763,5011,5620,7635,1
245482,1,2,1,1,0,-1,-1,-1,-1,0,-16006,4421,-10695,21384,2257,12473,1320,4825,13128,5125,2895,8519,0
81456,0,2,1,1,-1,-1,-1,-1,-1,-1,11203,-25908,4905,11834,-4885,4342,2347,3668,2346,5748,2107,2300,0
346785,0,3,1,1,-2,-2,-1,2,-2,-2,93,10577,-11921,-268,16605,-2226,390,2647,3353,3755,736,4516,0
300653,0,1,2,1,1,-2,-2,-2,-1,-1,-16748,30942,-11132,16565,17430,-5909,2380,4384,7379,7716,4614,3076,1
466438,0,2,2,1,-1,-1,-1,-2,-2,2,-3630,31049,-3215,10694,23605,-1431,3098,1808,8067,5813,2934,7516,1
261325,0,2,2,1,-1,-1,-1,0,-1,-1,28959,-4219,-35083,11263,35178,20,5596,3323,3771,4392,11648,2838,0
238614,0,1,1,1,-1,-1,0,-1,-1,-1,-43371,28865,-1883,17139,-5464,82,4101,4336,2212,5169,1316,4542,0
249639,0,1,1,1,-1,-1,-1,0,-1,-1,-4012,20068,-18006,6342,16912,-9160,7039,741,2606,2391,9707,2310,0
399204,1,1,2,1,0,2,-2,0,-2,-1,1446,4520,-17257,12830,17610,-14317,2089,1939,1853,5399,923,2982,1
371582,0,2,1,1,-1,2,-1,8,-2,-1,14568,-3066,7260,-16428,9024,17132,3661,918,2325,3856,4836,3775,0
338683,1,2,1,1,1,2,-1,-1,0,-1,-10651,4335,5649,-898,10058,14103,1847,6266,7806,5087,5728,1681,0
192910,0,3,1,1,1,-1,-1,-1,-1,-1,-14398,-5646,14566,15469,1749,3998,1931,840,10172,5552,2165,10257,0
197019,0,1,1,1,-1,-1,-1,-1,-1,-1,603,7804,-22006,45238,33538,-6915,1804,2019,12074,9984,6860,11224,0
291337,0,2,2,1,1,-2,-2,0,-1,-1,-2479,23380,-7863,-13975,3240,3575,3548,1760,5506,3102,4046,658,0
123845,0,2,2,1,1,-1,-1,-1,-1,-1,-21784,10038,25712,4149,-10780,18624,3845,262,7023,4587,860,8011,1
151666,1,2,2,1,1,-2,-2,-1,-1,0,20282,-6648,-38658,32226,19306,6395,1333,3063,9420,9855,11310,7267,1
90105,0,2,2,1,-1,-1,-1,-1,-1,-1,7217,6694,-3281,745,-5742,24310,8145,195,3897,2479,2736,5537,1
157542,1,1,2,1,-1,-1,-1,-1,-1,-1,-13559,-13017,35809,-14524,-5717,26679,3306,1780,7293,8414,1697,6058,1
446778,0,1,1,1,-1,-1,-1,-1,0,-1,8243,-9345,-16275,-1539,34407,-8095,538,7473,11466,7899,3842,4776,0
350830,1,1,2,1,-1,-2,-1,-2,-2,0,10766,31101,-15674,-7207,13730,26096,2577,3388,2403,7220,7880,5510,1
170291,0,1,2,1,-1,2,-1,-1,-1,-1,14707,4878,-23746,7229,1496,1764,4168,3446,6126,3608,5559,3055,0
350409,0,1,2,1,-1,-2,-1,-1,-1,-1,-2966,14138,-31934,43553,16844,-11367,1659,7349,7271,7525,5452,2529,1
185428,0,3,2,1,1,-1,-1,-1,-1,-1,3657,-13533,-1794,20688,25501,6939,4220,3384,13923,5986,9860,6066,0
303444,0,2,2,1,-1,-2,-1,-2,-2,-1,18995,244,6112,-14884,17332,4083,1929,1719,2874,3559,779,2171,1
384596,1,1,2,1,-1,-2,-1,-1,-1,-1,3157,4011,-3582,26669,12026,-5555,2485,4693,9882,6950,2828,7135,1
227667,0,3,2,1,-1,-1,-1,-1,-1,-1,-912,2928,-18595,41049,21641,2268,1941,5849,14888,8440,9870,7977,0
259640,0,1,1,1,1,-1,-1,-1,-1,0,39094,-23701,-8967,-6795,15859,23384,2491,4007,9508,10036,5478,7248,0
121884,0,1,2,1,-1,-1,-1,-1,-1,-1,13896,-4542,-30461,35000,34325,-7702,3448,4207,13790,11260,5116,10112,0
90326,1,3,2,1,1,-2,-1,-1,-1,-1,12287,1040,-45249,31293,10905,10633,3049,8100,12059,9179,7623,635,0
86225,1,1,2,1,1,-2,-2,-2,-2,-1,-6105,-28688,33508,-9222,-14092,26364,2775,2820,630,2771,1373,1074,1
149041,0,2,1,1,0,-1,-1,-1,0,-2,-5123,4682,4081,18166,-9318,18573,3248,209,9749,3684,2188,4169,0
307332,0,1,2,1,-1,-1,-1,0,2,-2,7794,-15156,24894,12989,30023,10932,733,539,14360,9152,452,11357,1
203976,0,3,2,1,1,-1,-2,-2,-1,-2,17965,21608,-29156,-395,7913,28534,1443,5477,5636,4921,6292,1060,1
220982,0,2,2,1,-1,-1,-1,-1,-1,-1,-464,-721,9369,-26353,14674,17924,4951,1192,1334,2304,5286,672,0
434666,1,3,2,1,-1,-1,2,0,-1,-1,11390,-6759,-12742,3227,14229,17132,731,2654,8040,3878,5642,8617,0
92616,1,2,1,1,1,-2,3,-1,0,-1,-11137,4796,-8414,17638,-6776,21426,5099,2226,10075,6339,2649,6180,0
327566,0,1,1,1,-1,-1,-1,0,-1,-1,-5719,14985,3851,-3885,21092,-2716,3761,4573,5518,3177,4397,1488,0
52759,0,3,1,1,-1,-1,3,-2,-1,-2,11487,12336,-52019,37662,3348,13452,852,4289,7941,7140,8703,7290,0
491718,1,1,2,1,2,-2,-2,-2,-1,0,33203,-5295,-8387,-28122,11558,26699,2750,3360,7522,3545,2468,3659,0
325755,0,3,1,1,1,0,2,-1,-1,0,-2147,2018,-11569,4531,-3181,27218,5330,1740,3979,877,13591,10591,0
282306,0,3,1,1,1,-2,-1,2,-1,-1,-24614,-8460,9608,6907,15450,2353,2129,868,4246,5474,5213,9797,1
248342,1,3,1,1,-1,-1,2,-1,-1,0,-11991,32425,-28843,49594,-1646,-5017,6253,3049,9366,636,5859,6939,0
187129,0,1,1,1,2,-1,-1,-1,-1,0,-7115,17062,-18269,12999,8208,-2940,2433,6809,4916,6902,7088,3296,0
310577,1,3,2,1,-1,-1,-1,0,-2,-2,-4542,14906,-7726,7189,35013,2585,2148,663,8838,6988,7876,8714,1
359134,0,3,1,1,1,-2,-2,0,-2,-2,-24417,30126,-12672,-2732,21693,-11751,3804,1999,9112,4392,4290,389,0
57568,0,2,1,1,1,0,3,-1,-1,-1,6061,-2585,2386,19455,-16355,31291,7144,638,3893,3884,2963,8955,1
482439,0,1,1,1,1,-2,-2,2,-2,-2,-4069,11869,-11160,-491,19988,-8596,2045,317,5716,3443,1627,6519,1
138502,0,2,1,1,-1,-1,-1,-1,3,-1,-9231,-4945,25889,-21884,22046,14066,2008,2048,10519,12217,758,10227,0
169358,0,2,2,1,1,0,-1,-1,-1,-1,-9702,-23292,35314,-5348,-228,37301,1701,820,10799,8261,3450,13038,0
188956,0,3,2,1,1,-1,-2,2,-2,-2,35454,-9472,-19598,-3007,24938,26557,3841,4861,7949,1351,5644,1042,0
274173,0,2,1,1,1,-1,-1,-2,-1,-2,-31685,53415,-26993,17420,3051,14525,6010,311,9750,1768,6346,9234,0
72191,1,2,2,1,1,0,-1,-1,-1,-1,4271,-9367,-21491,5095,13371,24543,4243,3628,7083,7583,11264,4204,0
327994,1,1,2,1,-1,-1,-1,-1,0,-1,7297,-10697,-15462,23832,16664,-7897,1635,4156,2311,7294,1510,3981,1
222498,1,2,1,1,0,-2,-2,-2,-1,-2,-14547,2123,7513,-16586,6672,20110,1011,1139,1006,3571,7335,3252,1
196339,1,2,2,1,2,0,-1,-1,-1,-1,-13599,7873,-2431,-197,-7740,7583,4314,3910,1840,1167,6302,1477,0
190384,1,1,2,1,1,2,-2,2,-1,-1,5839,-1345,4831,407,11942,18243,1132,165,571,6163,8891,9074,1
384276,0,1,1,1,-2,2,2,0,-1,-1,2696,14859,-26437,16660,23171,-21429,2900,1424,472,5359,4667,6340,1
438310,0,1,1,1,-1,-2,-1,-1,-1,-1,-11638,19529,-5831,5076,12304,-9761,5518,639,5974,1681,4935,4113,1
172213,1,3,1,1,1,-1,3,-1,-1,-1,-34654,18143,832,19573,7180,-5087,1044,3189,2191,8618,3832,6741,1
202658,0,1,2,1,-1,-1,-1,0,0,-2,38017,-10639,-24551,4050,43073,108,1876,476,4136,9043,5719,7309,1
483998,0,2,2,1,0,-1,2,-1,-1,-1,9894,-8160,-20026,37662,4403,-7081,1644,4759,4659,4946,5997,785,1
163321,0,1,2,1,-1,-1,-1,-2,0,0,13945,-10914,208,9702,33275,11768,918,4684,8121,9766,3814,4969,0
130191,1,3,2,1,-2,-2,2,-1,-1,0,122,1545,-23589,29096,-12604,33134,4436,6718,8810,1990,6079,652,0
357235,0,3,1,1,-1,-1,-1,-1,-1,-1,3127,11128,-16469,12302,13115,-12228,7288,3103,5753,1504,496,154,0
231495,0,5,1,1,-1,-1,0,-1,-1,0,-13430,32328,-5106,10623,14423,-1473,5897,969,14648,4045,4065,7738,0
310904,0,1,2,1,-1,-2,-2,-2,-2,-2,-8394,8660,8439,4433,8547,9360,1522,300,4932,3685,597,7394,1
252395,1,1,1,1,1,2,-1,-1,-1,-1,-5244,-10230,3560,-21638,20325,23332,3578,114,4641,7123,11625,8824,0
110886,0,3,2,1,-1,-1,3,-1,-1,-2,-415,22509,-12753,24712,-8733,11981,5270,199,3523,2301,2161,7605,1
511378,0,1,1,1,-2,-2,2,-1,-1,0,-2661,4769,-10486,7495,6229,11908,8403,1550,13565,1731,4961,7950,0
240613,0,2,1,1,-1,-1,-1,-1,-1,-1,-7159,2156,-388,5003,7261,1321,5229,2535,3078,3318,7246,5559,1
264907,1,1,1,1,-2,-2,-2,-2,-2,0,9912,21692,-41437,29496,-10767,7008,5003,150,2621,684,1747,3160,0
336187,1,2,2,1,-1,2,-1,-1,0,-1,7450,5949,-27376,5123,12234,-10505,830,3939,1442,3497,5411,1775,0
224100,0,1,1,1,-1,-2,-1,2,-2,0,11130,6299,-10524,14983,-2670,11715,6172,391,8958,634,6657,6139,0
131936,1,3,1,1,1,-1,3,-1,-1,0,-36613,18401,-5603,-5107,-13376,38161,4290,2458,3063,4811,10390,5518,0
225664,0,5,2,1,-1,-1,-1,-1,0,-1,-5943,-11663,23919,10274,24388,-5539,1397,4263,13042,8482,823,5814,0
187471,1,2,1,1,1,-1,-1,0,-1,-2,-16610,22934,25849,-41943,8205,18798,2877,544,1040,1746,1089,5629,1
332771,1,1,2,1,1,-2,-1,0,-2,-1,20058,-10068,2956,-1386,25601,-2956,2697,2738,5959,6756,1457,2068,0
207731,1,2,1,1,-2,-2,-1,-1,-2,-1,-2551,32237,-29194,30785,-2274,-7397,4927,4747,5739,1923,1332,1302,0
141849,0,2,1,1,1,-1,-1,-1,-1,-1,-32019,820,24642,3236,13339,22796,2271,2946,10142,5776,8380,9652,1
206690,0,2,1,1,1,0,-1,-1,0,-1,-5163,-20393,18997,-7960,7217,11593,6499,428,6816,3629,5719,6400,0
222770,1,1,1,1,-1,-2,-1,2,-1,-1,3442,-23013,15780,-10782,301,16330,2279,1772,811,2656,3463,6566,1
97045,0,2,1,1,-1,-1,0,-1,-1,0,-9072,12853,-27774,5280,12926,24173,508,12207,13651,7865,6884,1194,0
265580,1,1,1,1,-1,-1,-1,-1,-1,-1,-13514,10471,-6555,10938,11040,-3521,5889,2015,11293,4219,5262,1134,0
278157,0,1,1,1,-1,-1,-1,-2,-2,0,-4496,7700,-6394,-12888,20092,12196,243,5987,7742,5175,5310,372,0
295899,0,2,1,1,-1,-1,-1,-1,-1,-1,18381,13175,-15843,4922,9158,-2944,2547,7331,4651,2538,3843,144,1
331680,0,2,1,1,-1,0,-1,-2,-2,0,35015,-3715,-34242,14914,35525,-10078,3963,2248,5584,1601,11184,3029,0
213291,1,2,2,1,-2,-1,-1,-1,-1,-2,-4297,21413,-32753,22606,15052,2000,4189,3387,6575,2012,6632,2783,0
175765,0,1,2,1,-1,2,-1,-1,0,-1,-15171,19611,-38808,42771,20166,1551,3378,1739,11064,3245,13127,10650,0
241404,1,2,1,1,-1,-1,-1,-1,-1,0,-24262,5913,29547,14545,12874,30808,4405,1854,11356,6930,8195,9568,0
240310,0,2,2,1,-1,-2,-2,-2,-2,-2,25674,-19080,-17887,19694,21323,7712,1963,1268,5866,3914,8379,5206,0
315099,1,1,1,1,0,-2,-1,-1,0,-1,39819,-7418,-50469,13276,11000,11653,5575,3079,413,3725,10285,1638,0
132136,1,2,2,1,-1,0,-1,-1,2,0,-1468,10804,-12238,13429,16069,2014,174,6225,6590,7885,4339,3385,0
247363,0,2,2,1,-1,2,-1,-1,0,-1,-2327,-3882,-9666,11142,2954,-293,1007,1260,4528,3923,2699,5034,0
308837,0,1,2,1,-1,-1,-1,0,0,-1,4854,-13715,-7728,19911,20240,-18238,6228,265,6915,1132,624,885,0
299136,0,2,2,1,2,-2,-1,-1,-1,-1,-8359,-9942,5252,528,2810,10855,4173,1010,6242,1026,10305,6900,1
321996,1,1,2,1,-1,2,-1,-1,-1,0,20087,-22744,655,-899,1613,30959,687,4045,12409,8617,5237,6988,0
242582,1,3,1,1,1,0,-1,-1,-1,-1,-32443,2761,-7240,22239,-20722,7454,914,3491,560,502,8289,2929,0
128728,0,1,1,1,1,-2,-2,-2,-2,-2,42171,-3595,-35276,-9189,15085,22960,6196,774,4370,3281,8303,2363,0
171719,0,1,2,1,1,-1,-1,2,0,-1,-27675,-3228,30366,-1736,1217,16180,1515,3617,9383,4119,331,3685,0
199050,1,1,1,1,-1,2,-1,-1,0,-1,-8905,-24253,47292,-33765,3626,18842,1523,1753,7999,4953,3091,4194,0
352467,0,1,2,1,-1,-1,-1,-1,-1,-1,-12567,17209,6932,-13814,11981,22558,4224,4777,12940,6172,6623,3910,0
440981,1,1,2,1,-1,2,-1,-1,-1,-1,-46717,36338,-31832,38188,7430,-28727,1897,4907,8045,1058,4429,1897,0
189428,0,1,1,1,1,-1,-1,-2,-1,-2,24127,4686,-23410,3558,21114,-3497,1014,4420,2774,5541,6259,2617,0
68165,0,2,2,1,-1,-1,-1,-1,-1,-1,-8786,-6121,-6865,22915,1249,22697,8108,534,7743,3627,17094,8426,0
269386,0,2,1,1,-1,-1,-1,-1,-1,0,10598,22825,-28510,13169,41435,1788,1231,8816,9291,6145,9068,1965,0
337531,0,1,1,1,-2,-1,-1,-1,-1,2,-19937,31601,-39350,37436,-595,-18914,3435,3388,1325,2984,3909,2233,1
102235,0,2,2,1,0,-1,-1,-1,-1,0,-14591,7174,-33664,33130,-3656,5288,4162,3911,7169,3122,8364,5542,0
285296,0,2,2,1,-1,0,2,-1,-1,-1,13551,-19921,2638,209,11687,13413,3822,1219,219,3155,8363,2932,1
367833,0,1,1,1,-1,-1,-1,-1,-1,-2,7925,9286,-5237,-6935,22061,17347,7160,1058,16558,4087,3310,11014,1
306808,0,1,2,1,-1,-1,-1,-1,-1,0,-15525,4829,-2522,26408,33205,1136,3738,612,19579,12908,5923,16415,0
446219,1,3,2,1,1,-1,2,-1,-1,0,8133,-3200,12280,-2188,-309,47881,4855,4697,11899,6241,10199,5233,0
288150,0,3,2,1,-1,-1,-1,-1,-1,0,24017,-21757,-6211,14478,7894,8293,640,1045,10490,8318,824,8818,1
89354,0,2,2,1,3,2,-1,-1,-1,-1,-19673,-5481,9527,1133,-8123,22992,1737,4568,1741,1446,4736,768,0
371468,0,3,1,1,1,-1,-1,0,-1,2,2898,-9056,30160,-7687,7040,9553,862,1965,9697,8927,995,9882,1
126251,0,2,1,1,-1,-1,-1,-1,-1,-1,2643,7984,6162,-3886,16664,17380,3944,8512,8217,6572,10569,432,1
129155,0,2,2,1,-1,-1,-1,-1,0,-1,6138,-7719,-14775,4432,13768,-2307,5833,3275,11062,6273,1278,3796,0
80428,0,1,2,1,1,-1,-1,2,-2,-2,3349,-9644,12591,-3500,4993,15736,849,2665,1841,3421,898,412,0
480925,0,1,1,1,-2,-2,-1,-1,0,-1,18870,5407,-43676,29517,28063,-17353,4251,4418,5710,5118,2314,4046,0
78293,0,2,1,1,1,-1,2,-2,-1,-2,1221,14969,-40597,38254,24992,-18328,254,3613,8384,6525,1229,6983,0
45072,0,2,2,1,-2,-2,-2,-2,-2,-2,5157,19375,-31334,26002,2177,2633,424,3354,4939,3967,406,1983,0
519078,1,2,1,1,3,-2,-1,-1,2,-1,-40012,-30,36224,-8952,5315,20286,1265,8501,12958,7360,678,5269,0
271868,0,1,1,1,-1,-1,-1,-1,-1,-1,-25032,2739,19313,3449,16471,8100,846,6861,15006,6398,1958,2242,0
342586,0,1,2,1,1,-1,-1,-2,-2,-2,501,25960,-30687,18767,33404,16024,4498,2865,8807,6997,12213,7833,1
370742,1,1,1,1,-1,-1,-1,-2,0,-2,9734,16973,-33504,485,29383,-1147,2291,4508,1455,5358,2246,1146,0
207966,0,1,2,1,1,-2,-2,2,-2,-2,5516,16313,-16526,-8205,2663,21761,4591,1127,2559,3212,3177,2725,0
346954,1,2,2,1,-1,-1,-1,-1,3,-1,15267,-3720,7020,-9728,10913,18262,10317,884,8326,1320,6672,1795,0
258544,0,2,2,1,1,2,-1,-1,-1,0,-19161,16630,-38311,39326,17614,1076,375,6350,8860,5979,9746,9464,0
305434,1,1,1,1,-1,-1,0,-2,0,-2,1535,26343,-24721,-3075,18502,23229,578,1691,4859,7899,6982,8665,0
294280,0,2,2,1,-1,-1,-2,-1,-1,-1,11135,7121,-17714,32935,5219,-14170,7072,451,8750,5452,1290,7233,1
301684,1,2,2,1,-1,-2,-1,-1,0,-1,106,9296,-30925,14125,701,7982,3210,1547,6688,5353,5808,8803,0
173051,0,1,2,1,-1,-2,-1,-1,-2,-1,-6438,21486,-19291,20885,18193,-8209,560,6123,8333,6467,2080,737,0
58960,1,2,2,1,-1,-1,-1,-1,-1,0,678,-3449,-5035,14218,-14720,21958,3190,3143,3201,1595,127,222,0
211479,0,2,1,1,3,-1,-1,-1,-1,-1,-35494,12211,25644,-15438,-12122,20899,1826,3708,4280,3386,813,851,0
269760,1,1,2,1,0,-1,-1,-1,-1,-2,-15827,14395,11081,-3629,14298,19350,1084,985,7771,8331,4167,6395,1
478136,0,1,2,1,-1,-2,-2,-2,-2,-1,-1933,45113,-28752,9292,30812,3368,3068,5793,5547,7411,2459,1040,0
144330,0,2,2,1,1,-2,-1,-1,-1,0,123,29325,-12167,3257,14969,6828,1500,2642,14722,6584,2125,10481,0
227523,1,1,2,1,-1,-1,3,-1,-1,-1,4656,-7765,-22218,12902,2885,26107,4114,431,5319,6610,15048,12741,0
158776,1,2,2,1,-1,-1,2,-1,-1,-1,5857,26678,-16517,-719,4235,11396,7897,533,8275,1050,5084,3904,0
156420,1,2,1,1,-1,-1,-1,-1,-1,-1,-3250,-8974,-14579,30904,-9869,18334,4292,466,9262,6438,6970,7887,0
433464,1,2,2,1,-1,2,-1,-2,-1,-1,5058,24718,-65156,46258,34327,-27947,975,6112,4151,4105,9644,1847,0
202988,0,1,2,1,1,0,-1,-1,-1,-1,-5020,-11152,7359,11520,328,261,130,5602,3956,4422,6232,532,1
15723,1,3,1,1,1,-2,-2,-1,-2,-2,3585,17807,-35692,30830,-4865,611,1273,3308,493,2474,2469,1002,0
264868,1,1,2,1,-1,-1,-2,0,-1,-2,5811,17872,-25388,30605,14345,-15483,414,1681,2278,3343,2341,3836,1
63349,0,1,2,1,-1,-1,-1,-2,-2,0,47400,-15396,-12351,-10063,6463,31009,1283,2677,1013,3423,7190,2036,0
165812,0,2,2,1,-1,-1,3,-1,-1,0,-7735,10939,-20980,39536,16249,10125,697,5289,9167,7773,8284,3894,0
352888,1,1,2,1,-1,-1,-1,0,-1,-1,-9907,-766,11430,-7,27140,-9604,2186,2635,11095,4895,3096,4025,0
17457,0,1,1,1,1,2,-2,-2,-2,-2,25616,28916,-57508,17075,17800,-6256,3376,1805,7037,4294,6443,3218,0
58016,0,2,2,1,-1,-1,3,-1,-1,-1,-19435,-3164,-2256,27170,4965,3077,891,1536,4515,3578,6478,3149,0
274988,1,2,1,1,0,-1,2,-1,-1,0,8266,5154,-23390,20491,13335,6911,3724,2831,13636,7742,6301,11319,0
166110,0,2,2,1,-1,-1,-1,-2,-1,-2,32183,-20195,7130,2594,25196,21037,2336,4409,18509,9579,668,4738,0
212931,0,2,2,1,1,-2,-1,-2,-2,0,36344,-17392,-7104,-34517,23601,32130,951,5875,4485,5225,5519,243,0
396002,0,2,2,1,1,-2,-2,-2,0,-2,-25640,56826,-51330,23120,28135,-8718,3028,6010,7811,5093,8545,1699,0
249802,1,3,1,1,-1,-1,-1,-1,-1,-1,-24393,6787,9182,-11493,-7312,28810,7587,1097,2781,1715,6978,8709,0
338985,1,2,2,1,-1,-1,0,-1,-1,-1,-12594,27176,-19241,2731,30158,2648,3581,5804,6551,4930,12326,2898,0
219502,0,3,1,1,1,-1,-1,-1,-1,-1,9933,4693,-34208,8648,10010,-857,3667,1461,2780,1944,5917,3416,0
357990,1,2,2,1,-1,-1,-1,0,-1,-2,130,9595,-765,-23391,15687,21121,1615,5515,4984,5238,2854,1586,0
209080,1,2,1,1,1,-1,-2,-2,-2,-2,-41025,34872,-1972,-904,-3093,27905,2030,3045,10966,2799,5708,1429,0
108534,0,1,2,1,1,-1,2,-1,-1,0,-5903,11478,-33496,51116,601,-2030,2219,3148,10759,7130,5492,8164,0
219187,1,1,1,1,-1,-1,0,-1,-1,-1,-14578,-19708,19308,-7294,-11949,15552,1608,568,945,6121,1295,6325,0
416637,0,3,2,1,1,-1,-1,-1,-1,-1,-33289,-7569,26536,3339,24784,7426,1640,6578,16976,8759,8645,7802,0
39432,0,1,2,1,2,-2,-2,-2,-1,-2,-20045,23807,-25694,28249,-6727,13750,4766,2148,2850,1093,6273,1742,1
195595,1,2,2,1,-1,-1,-1,-2,0,-1,13748,17240,-22697,13362,35375,293,2596,4300,9303,4858,7989,3055,0
268717,0,1,1,1,-1,-1,-1,-1,-1,-1,6274,-7511,146,19518,27797,-12793,8400,1823,9040,4549,11781,5722,1
349536,1,1,2,1,-1,-1,-1,-1,0,-1,700,20378,-30502,6006,19483,-10474,3895,2298,1019,4723,4406,483,0
292809,0,1,2,1,-1,-2,-2,-2,-2,-1,7435,21166,-22637,13344,17672,14798,6980,346,8071,5037,14478,6154,1
171845,1,2,1,1,-1,-1,-1,-1,-1,-1,19412,-32821,17277,-25535,30549,16345,2384,294,8116,11187,4912,7710,1
83996,1,1,1,1,2,-1,-1,-1,-1,-1,-20040,-3602,31124,-39368,-526,19263,2936,3522,11316,3416,1682,1408,0
156081,1,1,2,1,-1,-2,-2,-2,-2,-2,-6858,-3766,1402,19653,-18523,34506,1561,1675,3923,1385,5086,5986,1
20610,0,1,1,1,1,0,-1,-2,-1,-1,280,-17249,12247,13943,-4485,14242,1388,4100,5775,7829,4384,7205,1
68682,0,1,2,1,2,-1,-1,-1,-1,-2,14144,-6769,12440,-2834,1611,24302,3262,592,10075,3946,7450,8118,1
250105,0,2,1,1,3,2,-1,-2,-2,-1,-6475,22452,13687,-24392,1886,13300,2293,3396,726,2432,1251,1941,1
348399,0,1,2,1,-2,-2,-1,-2,-2,-1,6849,14282,-30623,26776,-2362,20384,8161,5745,11875,193,5896,1893,0
291810,0,2,1,1,1,-1,-1,2,0,-1,2428,-4208,-3619,-1812,18423,4477,4109,4230,7046,5330,1735,998,0
292966,1,1,1,1,-1,2,-1,0,0,-1,-5465,13257,-3242,-4033,23544,14216,628,5472,4367,7225,8417,4773,0
130283,0,3,1,1,3,2,-1,2,-1,-1,-4923,1658,24485,-35271,-1668,29960,1860,3981,1089,3784,3,1329,0
257446,1,1,2,1,-1,-2,0,-2,-2,3,12607,29660,-34839,2770,15140,16709,5647,5427,4710,3137,6070,417,1
203219,0,3,1,1,1,-1,2,-1,-1,0,-5828,36,22484,-16183,-1140,27870,4467,3601,7019,4951,2913,6226,0
407364,0,1,2,1,-1,2,-1,-1,-1,0,10280,-26146,13247,-8381,8697,33033,2447,258,16078,8966,9789,11106,0
341918,1,1,1,1,-1,-1,-1,-1,3,-1,-2720,-10586,-1090,9536,1118,29410,3698,1796,11397,4984,6744,10686,0
151466,0,3,1,1,1,-1,-1,-1,-1,-1,-14405,2128,-5181,26303,-8490,-1403,6519,3606,5165,1889,6765,2583,1
489583,0,2,2,1,0,-1,3,-1,-1,0,-19042,-15200,-15140,45576,14236,8521,489,6082,12561,9981,7939,3633,0
536438,0,1,2,1,1,3,-1,-1,-1,0,4107,3468,24542,-35088,22638,25853,853,8297,12774,9974,3760,6260,1
143207,0,1,1,1,-1,2,3,-1,-1,0,-15600,-3923,-28694,37384,-6133,19568,4454,4769,8866,4066,10786,2581,0
320901,0,1,1,1,-2,-2,-1,-1,-1,-1,878,21141,-52804,44908,7619,-6890,1662,4228,7682,7107,8876,6982,0
313086,1,2,1,1,-1,-1,0,-1,0,-2,-928,11798,-21393,13955,13370,-2743,1062,6695,6459,6277,1236,1648,1
401419,0,1,2,1,1,2,-1,-1,-1,-1,-8695,15332,-28703,20763,20619,-236,4374,7545,6665,7667,9105,4014,0
239617,0,2,1,1,-1,-1,-1,2,-1,-1,-3156,20615,-4682,8641,22774,-781,5331,1206,8427,1685,10452,5486,0
336587,0,3,2,1,-1,2,-1,-1,-1,-1,-5725,-8917,9073,13080,10174,11837,5075,1305,9096,2527,6683,8179,1
175516,1,5,1,1,-1,0,-1,-1,0,-1,28830,22422,-32227,19954,25177,-19921,1386,6426,9907,10955,1280,9011,1
39944,1,2,2,1,-1,-1,-1,-1,-1,-2,30888,-12381,-11383,8617,23347,7055,1516,6422,9199,9028,4138,1348,1
239913,1,1,2,1,3,-2,-1,-1,-1,-1,-977,-19552,28030,-12029,3512,28619,694,1966,5784,9351,5944,11747,0
312249,0,1,1,1,-2,-2,-1,-2,-2,-2,445,-768,-7162,2134,3038,5519,326,4668,2334,2193,2122,875,0
165148,0,1,2,1,-1,-2,-2,-1,-1,-1,24831,-19121,-7414,20193,1108,16189,2325,2914,2092,6731,1685,1724,1
217483,1,3,2,1,1,-1,-1,0,-1,0,21153,-6147,10151,-9904,20636,20175,1077,7306,11254,10894,1681,6134,1
189677,1,1,2,1,-1,-1,-1,-1,-1,0,5587,7263,-11556,13644,5906,22728,2058,5825,4745,7258,5645,6106,0
196842,0,2,1,1,3,-1,-1,-1,-1,-1,-31541,2605,3075,10061,-2738,31101,1988,4204,4175,7435,3368,8350,0
143991,1,1,1,1,-2,-1,-1,-1,0,-1,-6327,1267,-13206,16035,24997,-8428,4604,4241,12299,7952,1549,7752,0
300287,0,1,2,1,-1,-1,-2,-2,-1,0,-20404,5531,7260,-9215,170,24492,50,2378,10613,5855,861,7374,0
186423,0,3,1,1,1,-1,-1,-1,-1,0,-6828,-1518,14254,-10300,-10651,31436,2367,280,2013,4335,6632,7573,1
494304,0,1,2,1,-2,-2,-2,-2,0,-2,-6461,-4484,17979,-33994,9419,29145,959,3199,7341,7741,1,5282,0
304351,0,1,2,1,2,-2,-1,-2,-2,-2,618,21999,7332,-14418,13397,18353,521,2710,5975,5028,1105,6383,1
101550,1,1,2,1,-1,2,-1,-1,-1,-1,-7510,12513,-6865,6405,6838,25726,1980,3135,4937,9026,1266,6672,0
130974,0,1,1,1,-1,-1,-1,-1,-1,0,33056,-11896,-20832,3009,19005,2640,6470,1155,3125,4241,8220,4796,1
12265,0,1,2,1,-1,2,-1,-1,0,-1,14326,25306,-77754,60018,21811,-18944,4340,5832,8935,5309,11522,3291,0
529545,1,2,1,1,-1,-1,-1,-1,-1,-1,22857,-10756,4344,-18267,11311,13649,1814,1984,5658,6051,3841,4276,1
313948,1,2,1,1,-1,-1,-1,-1,-1,-1,-3864,-3681,-2330,-9641,17116,3197,3461,2356,3894,5607,4832,4705,0
274350,0,1,1,1,-1,-1,-1,-1,-1,-1,11998,9903,-33460,21305,35651,-10986,7563,2479,3708,6330,9105,4992,0
293732,0,1,2,1,-1,-1,-1,-1,-1,-1,-1068,10544,24729,-16125,17439,3327,6301,2413,8922,4079,1885,4042,1
85554,1,2,1,1,-1,-2,-1,0,-2,-1,-27897,42797,-11851,2043,1029,8179,5715,3222,5309,496,4188,574,0
248467,0,2,1,1,1,-2,-2,-2,-1,-2,-4963,17251,-21367,26956,437,-627,275,3221,3298,6509,1731,4744,1
95824,0,1,2,1,-1,-1,-1,-1,-1,-1,-9049,7853,-35064,38966,23778,-8879,2905,10382,5692,7633,13171,308,0
80194,0,1,2,1,-1,-1,-1,-1,-1,0,6937,-3038,-16442,10101,-6260,32752,7224,236,12283,7457,7181,9843,0
429433,0,1,1,1,-1,-1,-1,-1,0,-1,-18963,11221,-16561,38535,25886,-5022,6526,3175,15200,7032,5843,7801,0
122599,0,1,1,1,-1,0,-1,-1,0,-1,-27948,14878,106,3003,9167,27189,3010,4103,12713,7362,7042,9048,0
462741,0,1,2,1,-1,-1,-1,-1,0,-1,9058,-30556,20585,2709,11256,3249,3745,1572,5923,5306,5051,4721,0
42418,0,2,1,1,1,-1,-2,-1,-1,0,13586,-2240,-19379,16582,4082,5037,2279,798,3078,2383,3912,6705,0
261524,0,2,2,1,-1,-1,-2,-2,-2,-2,-1450,10126,-13083,12335,3139,26113,3971,2877,8790,1488,3501,4674,0
244816,0,1,2,1,1,-1,0,-1,-1,-2,-16632,5221,-6595,-3375,23093,16514,1667,5051,2562,5826,8202,793,0
265933,1,1,2,1,-2,-2,-2,-2,0,-1,8412,8871,-20553,27129,13937,510,161,3432,2248,7093,585,3187,0
280199,1,1,1,1,-1,-1,-1,-2,0,-1,20408,-11680,-27999,20209,32874,2362,307,5266,12541,13351,3957,7892,0
331074,0,1,1,1,1,-1,-1,-1,-1,0,-23467,26708,-14244,30512,20137,-2356,1712,8258,10486,7239,3473,2647,0
369823,1,1,1,1,-1,-1,-2,-2,-2,-2,9489,34952,-20425,3181,18417,-986,1925,5429,8673,3071,418,1976,1
417340,0,1,2,1,1,-1,0,-1,0,-2,-23165,10705,-28029,19986,21783,8860,2005,7625,10141,7766,7224,6388,0
121560,0,2,1,1,-1,-1,-1,-1,-1,-1,-14249,12672,-7082,39282,-1834,-3010,1769,4969,4641,4423,5444,1730,1
81268,0,1,2,1,1,0,3,-1,-1,-1,-27060,7684,-28841,41275,17974,4546,1006,7509,3504,8658,15250,5294,0
394297,0,1,2,1,-1,-1,-1,-1,-1,0,6346,7727,21819,-22345,31223,32776,874,8964,17701,11419,4023,7321,1
146059,0,2,2,1,-1,-1,-1,2,-1,0,26967,-11325,-15865,12448,16735,24985,4316,2282,10102,7324,6596,8370,0
51909,1,1,2,1,-1,-1,-1,0,0,-1,-18088,-7282,10012,9881,17616,-5736,669,553,5900,5998,2312,5485,0
109851,0,2,1,1,1,-1,0,2,-1,-2,19209,21804,-35328,3333,22480,-6038,5605,1766,3709,1709,4429,3670,0
280332,1,4,1,1,-1,-1,-1,-1,-1,0,-11778,-4155,33454,-24354,-430,31557,3241,4560,9221,1515,4440,3685,0
331342,0,1,2,1,-1,-1,-1,-1,0,-2,4025,16670,-19168,9691,16329,-647,6058,733,14673,3847,210,3000,0
214563,0,2,1,1,-1,-1,-1,-1,-1,-1,-10050,10548,-5802,12107,8593,-9211,4027,636,3426,3653,2701,5791,0
566458,0,1,1,1,-1,-2,-1,-2,-2,0,8772,12249,-4945,-2852,27897,3689,4362,4713,9962,4516,5076,6157,1
312064,0,2,2,1,1,2,-1,-1,-1,-1,-6408,-5540,9434,-376,19588,14402,3288,3319,13408,9585,3658,9888,0
125623,1,2,1,1,1,-1,-1,-1,-1,-1,2309,10869,-6385,-29826,11328,26491,7258,1000,3530,5017,1748,3739,0
270801,0,2,2,1,-1,-1,2,-1,-1,-1,-19996,9548,-6327,19901,23266,7586,1515,1943,8072,7411,5871,7911,0
152390,1,1,2,1,1,-1,-1,2,0,-1,14740,-20199,-11571,-2695,8933,24296,5129,1073,7409,5004,7587,7953,0
186798,1,1,2,1,2,3,3,0,-1,-1,-224,11269,-12518,-3373,8843,13626,1818,5227,2149,2054,10306,336,0
773340,0,2,1,1,1,-2,-1,-2,0,-1,24264,-7343,-14362,-23491,3109,8715,7103,2660,6037,101,2082,3764,0
74024,0,2,2,1,-1,-2,2,-1,-1,-1,-34036,6862,-8053,25944,10911,28,1102,2738,6922,6074,4916,4060,0
28563,1,3,2,1,-1,-1,-1,-1,-1,-1,-21620,41826,-30627,19848,5372,-5436,3881,5160,585,2933,5809,1303,0
222593,0,2,2,1,-1,-1,-1,-1,-2,0,12528,527,-6349,13845,-6639,25956,2497,1016,6221,5959,3472,6758,0
462398,0,1,1,1,-1,-1,-1,-1,-1,-1,-8169,519,5815,-5257,16538,14052,5262,4654,16212,8934,6076,11431,0
203625,0,2,1,1,-2,-2,-2,-1,-2,0,1362,17693,-46822,16837,2139,1098,1434,4715,1061,2068,2660,1910,0
108199,0,2,2,1,1,-1,-1,-1,-1,0,3733,9338,-18335,26363,2601,7597,6657,3480,6701,2143,6000,4191,0
189033,0,2,2,1,-1,-2,-1,-2,-2,2,26430,23300,-48118,568,18361,13763,2483,4683,5168,5333,8112,4815,0
322013,0,1,2,1,-1,-1,-1,-1,-1,-1,2587,11894,-14507,9966,3255,-3157,6413,1819,5115,1016,3378,1344,0
24376,1,3,2,1,1,-1,-2,-2,-2,-2,5769,22088,-20855,-4105,722,27196,619,3871,2037,3988,2954,106,0
54769,1,1,2,1,1,-2,-1,-2,2,-1,-3605,13208,-31451,11659,33025,4942,403,4476,417,9115,8837,4448,0
89108,0,1,2,1,1,2,2,-1,-1,-1,-19248,14837,-27188,45666,6703,-9020,2744,4822,7008,4229,5943,2896,0
67782,1,1,2,1,-1,-1,-1,-1,-1,0,523,16373,-1123,-11554,30607,18996,6561,967,11106,6974,8657,11392,1
213789,0,1,2,1,-1,-1,-1,-1,-1,-1,9825,13588,-16217,20527,-10232,4475,6181,1905,4615,1663,504,3050,0
470591,0,1,2,1,-1,-1,3,-2,-1,-2,6179,18038,-21639,-3294,47302,5712,1329,4993,7880,8386,12126,5822,1
204949,0,1,1,1,1,-1,2,-1,-1,0,3273,-24099,18340,556,15441,12669,2298,4507,11491,8126,2442,5907,0
181569,1,2,2,1,-1,2,-1,-2,-2,0,10867,38411,-11566,-14334,22610,17184,6524,1371,5339,4720,6505,6154,1
45949,0,2,1,1,-2,-2,-1,2,-2,-1,12122,-12932,-9794,5712,8089,-5259,3116,2905,1331,2544,3301,470,0
471559,0,1,2,1,-2,-2,-1,-1,-1,0,2574,10838,-23050,17182,24859,11311,1754,8643,13545,7527,7000,4772,0
123570,0,3,2,1,-1,-2,-1,-1,-1,0,25690,9838,-18806,11870,-12832,21493,5060,3037,2151,3309,5417,1970,1
260907,0,1,2,1,-1,-1,-1,-1,-1,0,15321,-13870,9856,-5966,12977,28363,5709,2689,12148,5835,4030,6778,0
376188,1,1,1,1,1,-1,0,2,-1,-1,20336,-21167,-11180,-7288,18312,1040,2621,3268,862,3390,6092,1341,0
382573,0,2,1,1,-1,2,-1,-1,0,-1,-19268,23013,-22309,3271,22932,-15703,4738,3725,9099,2285,5674,2883,0
276264,0,2,2,1,1,-1,2,0,-1,-1,-684,12369,-36234,28072,19371,-7517,3983,717,6254,2504,6288,4537,0
319363,1,1,2,1,1,-1,0,-1,-1,-2,-15973,30526,-18918,6708,33763,13758,2509,3262,10660,6893,11717,4275,0
392250,0,2,1,1,-1,-1,-1,0,-1,-1,4508,2546,11519,-13166,18512,8343,3568,2695,13088,7889,2945,10836,1
273151,0,2,1,1,0,-1,-1,0,-1,-2,38927,1717,-23004,-12864,32143,-8552,2792,3286,4761,6112,1861,397,0
268950,0,2,1,1,1,-1,2,-1,-1,-2,25302,-8906,-24655,9800,22349,17202,5698,2161,14229,2337,3996,4677,0
351925,1,2,2,1,-2,-1,0,-1,-1,0,-15905,4690,-10411,10514,-2327,11136,876,2425,1124,3706,5521,3083,0
300304,0,2,2,1,-1,-1,-1,-1,-2,-2,3753,22421,-25975,16560,19051,12219,4250,2441,7943,3488,6170,4475,0
243944,0,1,2,1,1,-1,3,-1,-1,-1,28106,-20745,-9072,-3539,13598,29343,4231,1318,4451,6877,8386,5504,1
240373,1,2,1,1,-1,-1,2,-1,-1,-1,-20314,11612,-11081,18497,-971,-4447,2835,2163,6236,2822,4608,5942,0
261789,1,1,2,1,-1,-2,-1,-1,-1,-1,-4071,-10550,-1212,14958,12492,13481,1652,2832,11433,4202,5499,8621,0
336484,0,1,1,1,-1,2,-1,-1,-1,-1,33935,17133,-49525,7249,22983,-9325,6077,5778,9116,6929,11565,5268,0
321120,1,1,1,1,4,-2,-2,-2,-2,-2,26721,-8788,-26279,22947,8223,-208,407,1765,593,3997,6759,3180,1
100530,1,3,2,1,1,-2,-2,-2,-2,-2,16072,12626,-43338,14524,18401,27904,3166,904,3884,5110,9387,8224,0
67826,1,3,1,1,2,-2,-1,-1,-1,-1,15033,-9411,-2615,1843,-6544,21032,5040,1486,3649,324,4250,4307,1
223050,0,2,1,1,-1,-1,-1,-1,-1,-1,-12284,-6164,27044,-23307,10834,-2324,2112,6005,8502,5797,312,2219,0
65032,0,2,2,1,-1,-1,-1,-1,-1,-1,-31266,26489,-35645,67181,6735,-7402,5579,2058,11106,5132,11771,4036,0
71368,0,3,1,1,1,-1,2,-1,-1,-1,5619,-23057,-4995,19158,15305,10389,267,3582,10895,8859,1043,7439,0
243602,0,3,1,1,1,0,-1,-1,-1,-1,824,15604,-24398,17348,-3285,115,3901,2436,588,1966,5153,1231,1
65748,0,2,2,1,-1,-1,0,-1,-1,-1,-22425,12945,25828,-16969,19289,24475,1755,3762,7795,6300,5344,1995,0
334164,0,3,1,1,-1,-1,-1,-1,-1,0,-26506,13141,-13451,48514,23485,12766,234,5974,21749,8786,13145,7972,0
80153,0,2,2,1,1,-1,2,-1,-1,0,28122,-6251,-12214,19647,11277,5176,2855,3602,8450,6515,2337,3894,0
119778,0,2,2,1,0,-1,-1,-1,-1,2,-15833,20958,-19980,23911,9220,12008,5626,605,12464,6290,7378,7101,0
317355,1,2,2,1,1,-1,-1,-1,-1,-1,35629,-18537,-12903,-19888,25283,20108,732,6110,5679,6505,9092,5023,0
423708,0,2,1,1,-2,-2,-2,-1,-1,0,-14010,11926,-20114,20720,8144,-4424,2377,4866,7271,6775,2165,7279,0
178811,0,2,1,1,1,0,-1,-1,-1,0,6408,7058,-15253,19675,-828,4196,7141,2625,2369,1535,7491,334,0
453609,0,3,2,1,1,-1,-1,-1,-1,-1,14521,3788,-6986,18893,46038,-24129,2250,7754,13591,10601,7942,5871,1
252876,0,1,2,1,1,-1,-1,0,0,2,11047,25181,-32554,-1826,17313,-3079,7901,209,6702,3311,5388,2500,0
303090,0,3,2,1,-1,-1,-1,-1,-1,-1,-7368,10153,24512,-25362,21454,8081,5022,3694,13056,6195,3787,2669,1
292488,1,2,1,1,-1,0,-1,-1,0,-1,31929,-7068,-35832,25650,35770,-15710,3404,5749,6626,3897,10172,2199,0
469688,1,3,2,1,1,-2,-1,-2,-2,0,24947,1117,-17316,16190,21425,6429,3711,5701,12320,5390,3466,3090,0
225347,1,1,1,1,1,-1,-1,0,-1,-1,-10667,13357,27146,-40079,2909,23584,4095,3032,3306,3861,1527,4313,0
367866,0,3,1,1,-1,0,-1,-1,-1,-1,23787,1494,-27580,14238,15468,-30312,1264,5935,4401,4901,359,395,0
250666,1,1,1,1,-1,2,-1,-2,0,-2,9059,19657,-32604,12281,17310,6725,3222,2177,5088,3734,7126,2574,0
324286,1,1,1,1,-1,-1,-1,-1,-1,-1,-19542,-9684,8558,20288,15256,-4343,43,3081,7336,8174,10719,9163,0
461477,1,3,1,1,-2,-2,-2,-2,-1,0,-10411,25206,-38293,45921,2534,-14837,365,3735,3595,3577,2734,2592,0
144112,0,1,2,1,-1,-1,-1,-1,-1,0,5009,-23786,15300,6863,-19174,21303,5841,449,7604,5776,4883,8244,0
248468,0,1,2,1,-1,-1,-1,2,-1,-1,-9402,-8061,8644,1306,10959,25207,1993,787,6944,7111,6558,10047,0
66202,0,1,2,1,1,-2,-1,2,-2,-2,41163,-14532,-27994,-10282,28519,3244,2775,1951,2477,5483,4631,4028,0
352011,0,2,2,1,-1,-1,-1,-1,-1,-1,-10649,-9572,28830,4916,24817,11063,5367,5304,13263,8505,11798,8550,1
255280,1,1,2,1,-1,-1,-1,-2,-2,-2,-17968,20505,21631,-22276,-3065,40494,2652,2011,6235,3811,2292,4935,0
266777,0,3,1,1,1,-2,-1,-1,-1,-1,-23526,-10533,16904,29313,13460,686,1285,1074,15252,7829,8471,12195,1
179823,1,2,1,1,1,2,-1,-1,-1,-1,-7706,8517,-43305,51790,21297,-25063,2858,3057,3207,3074,17186,4982,0
348827,0,2,2,1,-1,3,-1,-2,-2,0,28451,-2500,-15603,4184,18032,18297,3548,1413,1177,2117,12075,1653,1
207257,1,2,1,1,0,-2,2,-1,0,-2,12031,-2479,-48053,32149,401,1559,2448,5619,4197,1190,827,954,0
438426,0,2,2,1,-1,-1,-2,-1,0,-2,3858,-4853,-32925,39882,19866,-12318,2036,4079,8009,8692,4721,3039,0
350500,1,1,2,1,-1,-1,-1,-2,-1,-1,-5342,-7660,-11970,5903,17368,14359,2446,1563,5856,4851,10265,7789,0
117287,0,2,2,1,-1,0,-1,-1,-1,-1,5662,-9385,-15458,23666,2538,5075,4194,1100,5129,7309,8026,8052,1
297538,0,2,2,1,-2,-1,-1,2,-2,-2,17033,2890,-35388,9436,6609,6881,4542,247,3111,1751,830,1501,0
407697,0,1,2,1,1,-1,2,-1,-1,-1,9387,4129,-17187,3172,24784,15478,2236,4398,11365,8859,10902,10123,0
508494,1,2,2,1,-1,-2,-1,-2,0,0,3426,10790,-17415,-556,27155,14837,432,7375,6339,7780,7837,4704,0
136617,0,3,2,1,1,-1,-1,-1,-1,0,-2321,-2436,-11447,14425,982,21233,2072,2709,8522,3931,5689,10908,0
14705,1,3,2,1,1,-2,-2,-2,-1,3,29516,44515,-52658,14534,22986,20169,6305,4060,6634,4779,7952,3923,1
147678,0,1,1,1,-1,-1,-1,0,-1,-1,-6685,-10789,8228,-17272,29051,11298,1027,5543,9606,6280,8080,4372,0
262635,0,2,1,1,-1,-1,2,-1,-1,-1,28739,7587,479,-11508,5157,16504,6659,3856,7855,2583,6156,2271,1
47516,0,1,1,1,2,-2,-1,-1,-1,-1,-9770,-9160,-860,-2078,-949,26975,1784,4386,10987,5265,4283,6146,0
370119,0,2,1,1,1,-1,-1,-1,0,-1,-8251,-4383,13555,-24639,12515,28678,8680,3096,14714,3868,4253,3086,0
304754,0,1,2,1,-2,-1,-1,-1,0,-1,-586,-19660,15398,42,10670,7941,5775,1346,6463,4359,3231,5448,0
132108,1,1,1,1,1,0,-1,-1,-1,0,8062,-2501,-19026,-2135,16509,28599,6388,2505,10005,6115,11826,7188,0
214385,0,3,2,1,1,-1,0,-1,-1,-1,-27115,32878,4400,-4927,472,23337,3042,7574,5577,3287,6451,2191,1
221010,1,1,1,1,1,-2,-1,-1,-1,-1,15031,9431,-20590,5802,13862,14212,4441,4057,7831,3698,10256,2247,0
379441,1,3,1,1,1,-1,2,-1,-1,-1,1035,-13526,-4117,-620,5356,17572,8012,662,8711,7656,6622,12811,0
318098,1,1,1,1,-1,-2,-1,-2,-2,-1,3800,9815,-17349,17365,2913,13142,1691,336,8223,5201,6742,5156,0
232897,0,2,2,1,-1,-1,-1,-1,-1,-1,6805,4802,-10917,15111,17667,1151,8443,164,11684,2728,6338,10534,0
278564,1,1,2,1,-1,-1,-1,-1,-1,-1,-29228,8071,11588,13134,4773,23400,1702,5962,15147,6772,8184,6198,0
289471,0,1,1,1,-1,-1,-1,-2,-1,-1,14602,5861,1728,-7348,27847,-3450,685,1544,6941,9485,852,5486,1
181211,0,1,1,1,1,0,-1,2,-1,-1,20515,-6472,8784,-2500,-2284,19427,4796,1207,2685,3595,2731,5273,1
402738,0,1,1,1,-1,-2,-1,-1,2,-1,-5170,-8190,6667,14837,9465,19008,2671,5588,12491,8892,3768,8199,0
346911,1,1,2,1,-1,-2,-1,-2,-2,8,21923,10627,-28433,2964,18076,15817,5905,107,9141,2466,4109,9215,0
18213,1,1,2,1,-1,2,-1,-1,-1,-1,-19139,-8602,34937,-18943,-9471,7366,4587,901,6717,3575,55,5308,0
258510,0,1,2,1,-1,-1,0,-1,-1,-2,17052,17002,-41326,19749,10247,-4609,3087,3665,4202,4536,4400,784,0
219494,1,2,1,1,1,-2,-2,-1,-2,0,-15335,16609,-12977,17917,-1107,22381,3360,1835,3331,5318,7416,4904,0
241406,0,1,1,1,1,-1,-1,-1,-1,-1,9608,-4472,-4882,4413,15321,3865,8685,499,7261,1461,7553,6558,0
20323,1,3,2,1,3,-1,-1,-1,-1,0,-7314,-2342,18454,-8576,6528,25346,1915,3256,6933,5429,1771,8930,1
183837,0,1,1,1,-1,-1,-1,-1,-2,-2,24177,8206,-38358,6558,17602,-2771,3381,2479,6180,5974,2649,2706,0
174682,0,2,2,1,-1,-1,-1,-1,-1,2,-9500,39418,-30873,-8033,3852,26653,7883,676,1087,1341,10850,5973,0
113729,0,1,2,1,1,-1,-2,-2,-2,-2,6958,40131,-59076,35391,21326,-2566,3001,3865,8919,3700,4905,4848,0
135391,1,2,1,1,-1,-1,-1,-1,-1,-1,-13459,5450,-13559,23842,20394,-5929,4729,5058,9230,7117,11336,6745,0
350665,0,2,1,1,1,-1,-1,2,-1,-2,15676,-2943,-3632,-23439,26736,6911,406,4927,10035,8226,3323,4384,0
147498,0,1,2,1,-1,-1,-1,-1,-1,-1,-20756,-28577,32989,20151,8571,25604,333,5210,16790,11988,1659,10616,0
413681,0,1,1,1,1,2,-1,0,-2,-1,7240,-23745,10199,3927,12403,17803,3186,969,18555,8250,4053,8823,0
170099,0,3,1,1,1,-1,2,-1,-1,0,25638,-34607,9631,14572,7937,11474,2153,508,17910,7879,1011,12323,0
266448,1,2,1,1,-1,0,-1,-2,-2,0,3727,22671,-7279,1292,28686,15988,338,2181,6488,9492,8557,9852,1
24188,1,1,2,1,-1,-1,0,-1,0,-2,-15034,20579,-14628,15544,8814,14596,4897,4331,4012,3508,5274,95,1
166116,1,3,2,1,3,-2,3,-1,-1,0,-1772,7531,841,6509,-4938,28677,2902,2021,7419,4533,3115,6327,1
711914,1,2,1,1,1,-2,-2,-2,-2,0,-2719,6470,8695,1547,10069,3631,4929,1001,1732,2232,6473,2913,1
321520,0,1,2,1,-2,-2,-2,-1,-2,-1,11714,1372,-1558,11415,2643,6412,2797,6199,5295,6138,2309,3701,1
288678,0,1,2,1,-1,-1,-1,-2,-2,0,29847,-16347,10385,10715,21027,8206,914,6269,11172,11160,3745,5600,1
542096,1,1,1,1,-1,-1,-1,-1,-1,-1,16998,-29695,19665,-673,26350,-13273,3903,2940,13368,8726,1804,7703,1
221634,0,2,2,1,-2,-2,-2,-1,-1,-2,-27396,10602,-6208,39934,-12325,22117,4324,1136,13410,7846,5553,6211,0
415686,0,1,1,1,1,-2,-1,2,-2,-2,20382,-2663,-16598,24242,30255,-17280,2930,1743,12915,8195,1158,7099,1
236006,1,1,2,1,-1,2,-1,-1,-1,-1,-5647,7648,-25215,25476,2906,-4536,671,3613,3636,6205,1292,7143,1
238880,0,1,2,1,-1,-1,-1,-1,-1,-1,1765,-15855,-2290,21758,20028,-8854,486,1167,9060,4505,9908,8132,0
30600,1,1,2,1,1,-1,-1,0,-1,2,11768,13509,-24855,1281,9422,10149,3088,787,2352,3199,8881,5259,0
314021,0,3,1,1,1,-1,2,-1,-1,-1,2448,-25687,19247,6502,13211,4836,2885,2621,10100,5936,7161,8870,1
228280,0,1,2,1,-1,-1,0,-2,-1,-1,25372,20816,-37629,20390,26902,-1184,2262,1570,4298,8568,5377,9517,1
407553,0,2,1,1,-1,-2,-1,-2,0,-1,-23536,5336,7588,11895,33844,-3383,2182,1718,10291,4168,8500,8648,0
343204,0,2,1,1,1,-1,-2,-1,-1,-1,15860,11348,-22201,-8448,4906,3674,5540,2333,3999,3404,3715,2951,1
312168,0,2,1,1,-2,-1,0,-2,-1,0,-3232,10282,-27099,19477,-5492,8618,1899,1974,1732,2037,4674,4646,0
194343,0,1,1,1,-1,-1,0,2,-2,-2,10509,14572,-36075,6628,17532,-4428,5406,1673,3271,2502,3867,3641,0
166006,0,3,2,1,1,-1,-1,-1,-1,0,-3144,16412,-18995,22586,17735,9952,2557,3161,14839,6643,5828,10279,0
243331,0,2,2,1,2,-1,-1,-1,-1,3,-15517,31558,-29875,26309,1920,9254,1698,1796,3000,4406,9664,5001,0
228174,0,2,2,1,2,-1,-1,-1,-1,0,9062,-14718,4051,-224,28852,43919,5665,1039,15212,6435,17840,10449,0
163376,1,2,2,1,-1,-1,-1,-2,-2,2,10048,3985,4188,-9196,14499,20884,2665,2588,5566,6929,26,5073,0
181726,0,3,2,1,1,0,-1,-1,-1,-1,-48511,-5557,30891,13544,6280,8363,1005,9256,13623,7873,5976,6227,0
520785,1,1,2,1,-1,-1,-2,-2,-2,0,30946,4143,-10018,-4137,29312,4088,1636,1046,4286,8207,3010,6394,1
411518,1,2,2,1,-1,-1,2,-1,0,0,-1774,28864,-23817,-7456,12512,16688,2617,3208,6232,4889,5508,4752,0
468808,0,2,2,1,1,-1,-1,-2,-1,-2,8525,-11778,-2861,8407,34928,145,1357,2683,17739,9887,5967,11951,0
184488,1,1,2,1,-2,-2,-1,-1,-2,-1,-23937,14811,7292,-7276,-4382,22645,2879,1829,1818,3196,883,2767,1
313859,0,1,1,1,-1,-1,0,0,-1,-1,5463,10984,-16990,4890,34362,-13535,2372,297,4103,5037,4691,8327,0
639810,0,2,2,1,-1,-1,-1,-1,0,-1,-8642,12109,-23960,22604,20429,-9674,1168,4779,14700,8699,6403,9320,0
180399,0,1,2,1,-1,-1,-1,-1,0,-2,19032,-18894,-9707,24717,23480,8012,1848,5352,14411,9723,9,6770,0
544300,0,1,1,1,1,-2,-1,0,-2,-1,9857,7320,7911,-17395,14902,-126,5921,1117,5365,4128,879,1655,1
289600,0,3,1,1,1,-2,-2,-2,-1,-2,-89,-8423,1899,10399,2638,9437,2368,1681,5100,3675,4322,6030,1
195066,0,1,1,1,1,-1,-2,-1,-1,-2,1707,-13973,8527,-251,13246,19893,369,5720,6875,7604,598,3158,0
225772,0,2,2,1,1,-1,-2,-2,-2,-2,9566,11886,-29102,10233,3486,18482,2142,3986,6152,2470,2285,591,0
126276,0,1,2,1,2,3,-1,-2,-1,-2,24026,15551,-17972,1204,13132,12699,1216,5464,2228,2493,1470,343,1
339990,0,1,2,1,1,-2,-1,-2,-2,-2,16633,8008,-29751,20274,22457,8429,1024,1709,9074,8041,10147,5489,0
177737,1,1,2,1,-1,-1,-1,-1,-1,-1,-17176,23519,-23251,25304,18173,1332,417,8831,2988,8443,8829,1277,0
332463,0,2,2,1,-1,-1,2,-1,3,-1,42744,-32381,-8983,-98,17807,10876,8012,1308,13829,2927,4154,5984,0
376644,0,1,1,1,1,-2,-2,-2,-2,-2,29972,-12796,7392,-12209,10988,17976,3055,707,2428,6897,2848,4934,1
93477,0,2,2,1,0,-1,-1,-1,-1,-2,-2751,-7337,-19281,32884,8584,13018,6,2319,7943,5382,7264,6567,0
216073,0,2,1,1,1,-2,-2,-1,-1,0,-4905,6101,2276,2242,-3317,10413,4111,72,9150,662,3835,5919,0
62358,1,5,2,1,1,-2,-1,-2,-1,-2,36171,1062,-15472,23699,19488,-14735,1801,833,256,6630,167,3951,1
310957,0,2,1,1,1,-2,-2,-2,-1,-2,-9391,22067,-11191,5764,-3946,19974,2770,709,4412,3848,2198,4739,0
97952,0,2,1,1,1,-1,2,-1,-1,0,28999,-9260,-19428,10674,2927,5483,1255,4658,2769,4853,1737,596,1
49877,1,2,2,1,-1,-1,-1,-1,-1,-1,-26506,3637,-2481,41184,1075,7981,4014,3249,12226,6829,11000,8567,0
211251,1,3,1,1,1,-1,-1,-1,-1,-1,8897,14185,-4930,-1347,7629,8436,6160,5363,7240,3723,162,4153,0
416027,1,2,2,1,-1,-2,-1,-1,-1,-1,-14275,5375,-15467,23512,11598,6486,5683,2468,8567,6580,11550,8427,0
340790,0,3,2,1,-1,-1,-1,-1,0,-1,-6359,15697,-11668,12384,8441,-3123,6226,2581,11001,606,842,3219,0
168813,0,2,2,1,-1,2,2,-1,-2,-1,40167,-31773,-12739,28398,-9017,-6883,3547,1626,5686,2129,1318,1288,0
360198,0,1,2,1,-1,-1,-1,0,-1,-1,12795,-23451,35567,-37525,15791,23395,2800,2638,6289,4477,4298,6611,1
209203,0,1,1,1,-1,-2,3,-2,-1,2,-34858,8626,19412,12716,-20596,16436,2412,1840,6724,2420,491,6490,0
156765,1,3,2,1,0,-2,-2,-2,-2,-1,1134,5253,-28456,36208,-11591,11320,3021,98,2460,1193,7582,2691,0
397776,0,2,1,1,-1,2,-2,-2,-2,-2,29114,23790,-71009,39067,36376,-10380,6011,3764,6464,4680,10988,2088,0
92176,0,1,2,1,-1,0,-1,-1,0,-1,7662,-29903,20919,-9787,11842,21037,2942,1519,9086,8329,5826,7583,0
241302,0,1,1,1,-1,-1,-1,0,-1,-1,-5319,-18945,7612,-11665,8076,24830,2999,627,8117,4157,9142,4370,0
292538,0,3,2,1,1,-1,-1,-1,-1,-2,11397,-23309,4693,7904,25200,8349,1852,5253,11909,8403,5111,7186,0
254166,0,2,1,1,-2,-2,2,-1,-1,0,6342,217,-30341,26819,16914,-5046,1808,2345,7178,5628,3555,7133,0
194241,1,1,2,1,-1,2,-2,0,-2,-1,-796,9564,10343,-12271,12965,-3185,98,49,2617,1681,2814,5335,1
114820,1,2,1,1,-2,-2,-2,-2,-2,0,27286,7479,-9546,5722,-5401,21624,1263,1747,3782,4358,929,7225,1
281049,0,3,1,1,1,-1,-2,-1,-1,0,7740,7865,1223,3834,968,24417,3359,1845,8708,3812,4068,6861,1
155803,1,2,2,1,-1,-1,3,-1,-1,0,-2707,14258,-32428,33572,-5283,11374,4410,2734,7636,5888,7790,5253,0
426217,0,2,2,1,1,-1,2,-2,-1,0,46509,-2768,-21496,-3878,28019,12366,1779,5859,9352,4958,7111,2827,1
334465,1,2,1,1,1,-1,2,-1,-1,-1,11287,-705,-10917,-7456,24726,7534,3427,305,7666,4642,5407,5068,0
286348,1,3,2,1,1,-1,0,-1,-1,-2,33232,1066,-15223,-19602,28632,30734,3728,4893,2551,5909,8290,3411,1
295574,0,4,2,1,-1,-1,-1,0,-1,-1,-22756,23707,20449,-5001,9996,7735,4017,1051,7626,2938,2646,5488,0
132204,0,1,1,1,1,-1,-1,-1,-1,0,22257,5126,-11662,1066,1142,17060,5431,4051,10105,7381,1651,4673,0
430427,0,1,2,1,-2,2,-1,-1,0,-1,-5997,20054,-27074,23490,11858,-8970,6203,3050,4786,2572,6099,1504,0
411417,0,1,1,1,-1,-1,-1,-1,-1,0,2839,1130,-16803,19449,7565,13613,4207,3528,13422,3006,8730,5669,0
510851,0,1,1,1,-2,-1,0,-1,-1,-1,-7927,19380,-25676,28757,-675,-4491,3777,735,8248,3686,5594,5701,1
271456,0,2,2,1,-2,-2,-1,-1,-2,-2,-2597,10255,-25365,42760,30528,-17082,595,7104,16931,8706,1267,3729,0
271469,0,3,2,1,-1,-1,-1,-1,-1,0,-8605,9229,-317,-109,13125,12282,1482,4766,4591,5418,1901,8413,1
148187,0,2,1,1,1,-2,-1,-1,-2,-2,-13482,22401,-22080,14024,-9374,26551,6433,1646,5691,2616,5867,4766,0
107688,0,1,2,1,1,3,-2,-1,-1,-1,22350,-18389,-4995,4160,-13889,41933,5691,453,7482,6413,10670,6743,0
162509,0,1,1,1,1,-1,2,3,-1,-1,-12036,18905,-60770,53144,18262,-22139,4531,7432,10822,5775,5484,1214,0
308522,1,1,2,1,-2,-2,-1,-1,-1,-1,-11639,-1597,-5481,28081,9257,7003,7511,59,9795,5648,5238,11325,0
564152,0,2,1,1,-2,-1,-1,0,0,-2,-26138,25334,7719,-10590,25424,-6011,5078,4245,9730,3014,2273,290,0
241615,0,1,1,1,-1,-1,-1,-1,-1,-1,-18622,20668,1162,4557,24077,-6326,1735,4654,10167,8224,766,2256,0
122561,0,3,1,1,1,-1,2,-1,-1,-1,7129,2713,-16232,24491,9646,-2565,882,5990,3073,6154,1260,1512,1
529013,0,1,2,1,0,-1,-1,8,0,-2,-18004,5407,-16423,35845,30700,-10215,2352,2147,18846,9150,9325,3508,0
416434,0,1,2,1,1,-1,-1,0,3,-1,34480,-31017,10074,-14361,34628,12654,5105,883,10246,9389,8600,6655,1
160660,1,1,2,1,-1,-1,-2,-2,-2,-2,47519,-4657,-20702,7498,27859,12129,244,4007,10025,11178,99,10014,1
295558,0,1,2,1,-1,-2,-2,-2,-1,2,969,9213,-16675,26411,215,5347,3097,172,2676,4355,2631,7356,1
167170,0,3,2,1,1,-1,0,-1,-1,-1,-22851,-26625,18209,17935,-9783,24940,2550,3904,6042,6629,5135,5661,0
526354,0,1,1,1,-1,-1,-1,-1,-1,-1,-22447,4967,-12290,1875,3731,24731,4680,1156,5168,7424,12487,6286,0
388775,0,1,2,1,-2,-2,-1,-1,-1,0,53448,-41846,-12878,17034,7778,16081,4057,950,3514,4776,7701,8427,1
211804,1,2,2,1,-1,2,-1,-1,0,-2,-16010,27147,-33626,31555,23124,12212,1018,7358,11957,8962,7947,4432,0
215843,0,3,1,1,1,-2,-2,-1,-1,-2,-763,2669,-12995,21288,5611,16506,4955,775,4567,2659,8455,5474,1
515082,0,6,1,1,1,-2,-1,-1,-1,0,37562,-18727,15890,-15770,21860,14803,2276,5562,11082,6504,2464,6564,1
150433,0,1,1,1,2,-2,-2,-2,-2,-2,-7144,5407,-12675,-1494,6521,18488,1367,1890,7518,3467,1985,8038,0
27395,1,1,2,1,1,-1,3,-1,0,-1,-7883,-3759,-20352,18063,16739,28038,4487,6228,10167,8434,9294,3224,0
343267,1,2,2,1,-1,-1,-1,-1,-1,0,-6669,21542,-28561,14494,47908,9621,6465,3807,15719,5341,15949,7875,0
209035,1,2,2,1,-1,-1,2,-1,-1,-1,15010,-8296,-8976,4205,4820,14464,5711,4476,8959,4369,4915,2809,0
224220,0,1,2,1,-1,-1,-1,-2,-2,-2,12214,-2287,2726,51,-946,29931,5760,1455,6468,2074,4082,1698,0
242293,0,1,1,1,1,-1,-1,0,-1,-1,-11435,-2721,18503,-878,11046,6344,3563,2019,8799,8397,986,10701,1
581625,0,2,1,1,-1,-1,-1,-1,-1,0,-9374,-717,-7908,10698,35882,5440,5771,2555,11523,7377,15666,12691,0
123301,0,1,2,1,1,-1,0,-1,-1,-1,-26673,-16930,30849,-1135,-6387,21810,813,296,1687,4583,7192,9483,1
217999,0,2,2,1,-1,-1,-1,0,-1,-1,-8667,-12088,23292,5104,35944,-9807,830,5712,7082,10660,3982,4345,0
67225,0,1,2,1,-1,-1,2,-1,-1,-2,18242,4898,-18783,12597,19532,-7908,1772,3941,4017,4073,1783,1209,1
159809,1,3,2,1,-2,-2,-2,-1,2,0,19230,25613,-45262,20155,-8846,13646,6942,5996,3103,1424,1729,351,0
304475,1,1,1,1,1,-2,-2,-2,-2,0,7017,-295,-469,2971,4724,23146,1990,1576,10202,7026,4069,6861,0
148188,0,2,1,1,-2,-2,-1,-1,0,2,5835,1946,-19295,13725,-9847,12024,327,6356,7516,5388,1618,955,0
426514,0,1,1,1,-1,-1,2,-2,-1,-2,14731,339,-9131,6265,12603,11354,4876,2837,10019,4187,167,3852,0
390944,0,3,1,1,1,-2,-1,-1,-1,-1,12858,-3650,-22747,22104,13514,-1428,1762,5655,6491,6931,8381,5354,1
202591,0,1,2,1,2,-1,-1,-1,-1,0,8576,8011,-11241,-5998,9640,17882,1304,5847,7391,6170,3702,5486,1
309307,0,2,1,1,-1,2,-1,0,-2,-1,26408,-22436,23702,-34472,2837,26967,5249,195,4538,2413,460,958,0
160948,1,2,1,1,1,-2,-2,-1,-1,-1,7786,767,-44817,31645,2678,-2620,3683,2108,2873,4844,6488,4382,0
55047,1,2,2,1,-1,-1,-1,-1,0,-2,-9902,14775,-14231,20357,26664,672,2388,5775,16516,7764,288,2644,0
201758,0,1,2,1,-1,-1,-2,-2,-1,-2,3639,-8825,3534,372,20849,10955,210,4850,10536,9747,4532,3610,1
83132,0,2,2,1,1,-2,-2,-2,-2,-2,11144,-10461,241,14123,-1880,11922,2227,722,2023,3622,3346,3861,1
169885,0,1,1,1,-1,-1,-1,0,-1,-1,-5888,4512,8579,4540,20120,7582,104,2698,7910,9741,1546,7854,0
319116,0,2,2,1,-1,-1,3,-1,-1,0,-32717,23031,-19880,47148,214,7856,2804,4056,7121,6316,11436,4172,0
207278,0,1,2,1,-1,-1,-1,-1,-1,0,-8016,-8709,11045,5769,18731,23343,338,3940,8372,6930,6413,8236,1
487884,1,1,1,1,-1,-1,-1,-1,-1,-1,29142,-14500,-10017,8054,1498,-12068,2851,4054,9125,8009,587,6130,1
145231,0,2,1,1,-1,-1,-1,-1,-1,-1,-12170,-16555,10288,5506,13207,235,851,5998,7931,11052,4805,5072,0
104413,0,3,2,1,1,2,-1,0,-1,-1,12938,5249,-17099,4787,5300,-4742,3861,3529,6937,4255,4168,709,0
363860,0,1,2,1,-1,-1,-1,0,-1,-1,-6046,22362,-9616,6332,55812,1456,233,6318,12223,9398,13030,6225,0
628513,0,1,2,1,-2,-2,-2,-2,-1,-1,20225,9226,-36823,33033,14254,-10446,3602,1489,7403,4627,9743,4027,0
383843,0,1,1,1,-2,-2,2,-2,-1,-1,-6147,8219,3188,8333,-2442,1680,5388,3589,5422,814,1376,2915,1
398383,0,1,1,1,-1,-1,-1,-2,-1,-1,3403,-3142,-15570,8729,5898,19186,5502,417,7153,2408,9784,8038,0
296197,0,1,2,1,-2,-2,-2,0,-2,-1,-8014,23289,-12696,15907,2083,-3698,3933,1308,4096,102,1265,1317,0
75399,1,1,2,1,0,-1,-2,-1,-2,-2,9473,11209,-4144,-12370,18238,28182,2427,1851,9481,6708,548,6229,0
237640,0,2,1,1,-1,-1,-1,-2,-1,0,8479,-4937,20060,-22735,4037,27246,2662,2285,4575,2607,1696,6084,0
416968,1,2,1,1,-1,-1,0,-1,-1,-1,-17882,4325,-17710,25796,-7560,-7787,2771,2332,1454,1178,5356,1632,0
397242,1,1,1,1,1,-2,-2,-2,-2,0,30166,2142,-3644,-39883,28163,32407,4140,3857,6221,5269,5733,3160,0
160623,1,3,2,1,-1,-1,-1,-1,-1,0,23672,12856,-6758,-12406,26040,26015,3666,5369,13028,8331,4428,9631,1
298178,1,1,1,1,1,-2,-2,2,-1,0,35152,9842,-32198,-4876,30207,8884,1069,6347,7386,10206,5425,3354,0
214087,1,2,2,1,-1,-1,-1,-1,-1,-1,-10357,8969,-10632,9879,18926,-2573,873,6798,4410,5021,10733,592,0
119192,0,1,1,1,1,-2,-2,-1,-2,-2,30658,-16673,-12197,37162,-3496,8117,3881,1391,11733,7049,2194,8863,1
255027,1,2,1,1,-1,-1,-1,-1,-1,-1,-6877,17438,-15785,18962,11259,-9510,9559,4032,6931,228,6455,464,0
68803,0,1,2,1,-1,-1,-1,2,0,-1,763,-7903,-7061,-4766,-3960,12347,2631,1813,2570,6792,638,2069,0
71198,0,1,2,1,-1,0,-1,-1,-1,-1,-33255,12301,9373,3962,-12075,15664,3196,2967,705,3041,3509,255,0
77553,0,1,2,1,-2,-2,-1,0,-1,-1,16229,-15332,-9891,14804,8649,14149,212,1449,169,9306,4750,6512,0
318982,1,1,2,1,-2,-2,-2,-1,0,-1,20913,15724,-17664,7968,-205,2274,5399,4529,8282,5819,1243,3593,0
167375,0,1,1,1,-1,-1,-1,2,0,-1,2945,5541,-14555,-9317,22068,23865,3913,4257,7721,6528,4112,7521,0
171417,0,2,1,1,-1,-1,-1,-1,0,-1,-2669,7027,-24578,14114,15325,-3215,6909,1726,8783,2370,2727,3134,0
296722,1,1,2,1,-1,0,-1,0,-1,-1,-4162,-4906,-1092,-8298,7066,10658,946,3527,2307,4033,7561,1197,0
305167,0,1,1,1,1,-1,-1,2,-2,-2,3147,-4297,-3700,-7546,10430,17957,7693,1328,7935,1603,3748,4047,0
121306,1,2,1,1,-1,-2,-2,-2,-2,-2,-19361,13945,39051,-637,-15258,20817,2820,1617,10623,3771,1567,6567,1
219207,0,2,1,1,1,2,6,-1,-1,-1,-44770,15782,20724,1180,-21856,29227,3097,1911,1472,3914,8673,7623,1
246342,0,3,2,1,1,-2,-2,-2,-2,-2,11516,14789,-2296,13761,12525,9166,4365,2898,14755,5469,754,7596,1
119960,1,1,1,1,-1,-1,-1,-1,-1,-1,-20953,-13420,26883,15,-4875,40843,5857,4187,9985,3276,4569,2550,0
179720,0,2,1,1,1,-1,0,-1,-1,0,1583,-12235,12957,-4743,-12815,39843,5802,1443,8554,5312,5266,7994,1
326758,1,4,1,1,-1,-1,-1,-1,-1,-1,-29567,14376,1405,4056,15322,-5029,738,5521,11721,5747,1090,3539,0
148713,1,5,2,1,-1,-1,-1,-1,-1,-1,12663,-16899,9111,3921,11456,14973,2505,1635,13583,9440,5260,10671,1
272261,1,1,2,1,-1,-1,-2,-2,-1,-1,-2516,1189,-13930,23941,13680,-5525,413,287,5075,5981,3156,6332,0
548599,0,3,1,1,1,-2,-1,-1,-1,0,25977,4714,-40788,-7813,16297,1336,2819,10009,10285,6934,239,739,0
224823,1,1,1,1,1,0,-1,-1,-1,-1,-9198,13256,-28834,28344,12734,-4623,2207,7234,6792,6211,7197,1214,0
142984,0,1,2,1,-1,-1,-1,-1,-1,2,-8910,5497,11582,3748,17425,9000,3877,5218,7968,2952,7731,227,1
372955,0,2,2,1,-2,-2,2,-1,-1,-1,493,2496,-9455,15440,-1300,10745,3691,1255,5169,779,1586,5176,0
191577,0,2,1,1,-1,-1,-1,-1,-1,-2,-987,529,15159,-26707,15567,31096,4871,3668,9033,5228,982,6868,1
105597,0,2,2,1,2,-1,-1,-2,-2,0,9310,-7699,22267,-14992,4967,28210,2340,899,4638,3749,3125,4968,1
498210,1,1,2,1,-2,-2,-2,-2,-2,0,15715,-7516,700,-29245,21252,26882,1968,6285,7789,4200,4217,3360,0
111829,0,1,1,1,-1,-1,-1,-1,-1,-1,-18608,1251,27018,612,15583,9374,1753,580,10903,6670,3156,10156,0
283278,1,3,1,1,1,-1,-1,-1,-2,-2,34121,-9640,-37421,-7674,39298,20602,3607,3226,11129,9711,6608,6097,0
441483,0,2,2,1,-1,-1,0,-1,-2,0,3518,14965,-22156,12071,15818,16104,4465,5579,15355,6298,5493,4231,0
260378,0,1,2,1,1,3,2,-2,-1,-2,8058,5547,-24499,12918,6119,12264,1381,301,2080,4117,8956,5144,0
253445,0,1,2,1,-1,-1,-1,-1,-1,-1,-2102,5736,-27203,16587,9932,-2381,2077,3716,5405,5029,5349,1214,0
362401,1,1,2,1,-1,-1,-1,-1,-1,0,18155,5677,-31548,4804,17390,27178,7624,3173,9815,2021,11206,5988,0
33678,0,2,2,1,-1,-1,-1,-1,-1,0,22893,-8000,-6586,12450,15224,19244,4596,1575,14600,6846,8000,9209,0
409565,0,3,2,1,-1,-1,-1,-2,-1,-1,-7477,12536,-9091,-11559,12459,21384,4505,2120,9072,2535,11271,4187,0
358183,0,1,1,1,-1,-1,2,-1,-1,-1,1833,14547,-32066,-775,16898,3568,5391,2026,5240,738,9793,6729,0
218585,0,1,2,1,-1,-1,-1,0,-2,-2,-822,23667,9560,16275,5355,4708,4566,2617,8031,288,676,692,1
399787,1,2,1,1,1,-1,-1,-1,-1,0,-968,15442,2692,2906,8643,463,376,6422,4616,3763,1089,1284,0
434579,1,1,2,1,-1,-1,-1,-1,0,-1,-32917,44580,-15819,-3346,12163,1503,3065,4935,1864,6432,5326,3746,1
369966,0,2,2,1,-1,-1,-1,-1,-1,-1,-7511,-9243,11144,-472,33560,2000,2734,3382,6562,7529,17839,4705,0
610205,0,1,2,1,-2,-2,-2,-2,-2,-2,32437,-10655,7723,-20851,28727,22459,2020,1019,9860,4395,4144,6544,1
384350,0,1,2,1,-2,-2,-2,-1,-1,-1,-4722,2214,2705,9323,-2740,13138,2569,812,7119,4895,3535,7639,1
346143,1,2,2,1,-1,-1,-2,-1,-1,-1,-4873,15546,-3933,-6251,8092,-2840,2122,3372,2966,2661,282,292,0
471955,1,1,1,1,1,-1,-1,-2,-1,-1,4960,-39090,34789,-6849,15678,8483,132,2864,6333,5624,3570,2569,0
242926,1,2,2,1,-1,-1,-2,-2,-2,0,11774,-10527,-6745,3273,15139,24465,2637,1776,7817,6481,8988,7610,0
250567,1,3,1,1,-2,-2,-2,-1,-2,0,-9970,23900,-13548,14264,-3198,13899,5205,2659,4140,2775,5399,7599,0
115508,0,2,2,1,-1,-1,-1,-1,0,0,12749,-10096,4231,-5941,24603,26832,3505,757,9149,8676,6063,9993,0
310685,1,1,2,1,-2,-1,2,-1,-1,0,11776,170,-21704,12154,12101,9106,141,5525,5140,4354,1590,2011,0
235499,0,2,2,1,-1,4,-1,-1,0,-1,-8240,6924,-3620,-4457,20155,8785,4688,1765,7478,6035,11553,8947,1
307593,0,1,1,1,-1,-1,0,-1,-2,0,7738,9921,-5853,-8472,3282,18293,5446,2062,8784,1253,2488,1711,0
80848,0,3,2,1,-1,-1,-1,-1,-1,0,42157,-23385,-11908,16593,18598,2758,3924,898,3171,7649,9739,11482,1
137711,0,1,2,1,-1,-1,-1,-1,-1,-1,-9731,-2913,11295,-3403,-8142,12131,1039,4019,3049,7744,2714,4117,0
35280,0,3,2,1,1,-1,-1,-1,-1,-1,6191,4168,-12882,6650,8446,9767,2175,1816,2908,7250,3967,2900,0
341058,1,2,2,1,0,-1,2,0,-2,-2,23734,99,-40378,13344,9283,252,2666,845,5384,611,5679,1187,0
340217,0,3,1,1,-1,-1,-1,-1,-1,0,23622,2755,-32382,-10406,34710,21427,6246,3121,12141,9834,7410,8008,0
171587,0,1,2,1,-1,2,-1,0,-1,-1,15753,-5091,8337,-20472,24578,27552,524,6584,10208,8169,11189,4184,0
308372,0,3,2,1,1,-1,-1,-1,-1,0,-11431,9232,-20458,19990,2103,29629,4266,2570,4250,4233,12147,5525,0
431474,1,1,2,1,-2,-2,-1,-2,0,-1,-5080,-14166,24188,4693,10019,15027,2424,1220,7594,305,10201,6565,0
304742,0,1,1,1,1,-2,-1,0,-1,-1,-501,-19840,26855,-26823,12922,25579,1708,1592,6382,1097,4471,876,0
152467,0,3,1,1,-2,-1,-1,-1,2,-1,-14124,23866,-5457,10512,2149,26451,199,8363,11259,156,3408,14029,0
298766,1,2,2,1,-1,-2,-1,-2,-2,-2,-13796,12703,24434,-13568,8897,-746,958,604,2885,349,3808,4320,0
299890,0,2,1,1,-1,-1,-1,0,-1,-1,-1014,27280,-29679,25487,20711,-8317,846,4529,5108,557,3184,2608,0
298483,1,1,1,1,3,-1,-1,-2,-2,-1,18743,19874,9005,-20528,3114,22393,1018,2513,4680,2000,4127,4654,0
555976,0,1,2,1,-2,-2,-2,0,-1,-1,-188,9378,3436,-1145,7313,4434,827,1386,5868,2064,3465,168,0
35569,1,1,2,1,-2,-2,-1,-1,0,-2,23140,-2433,-27417,12273,9227,24822,1032,2534,2488,2354,4976,5591,0
583449,0,2,2,1,-2,-2,-2,-2,-2,-2,-18464,21173,-9442,30445,16619,-13446,921,3586,1947,87,6602,1891,0
514834,1,1,2,1,-1,3,2,0,-1,-1,61325,4796,-67843,17342,25636,3621,3544,533,1842,1023,9094,4766,0
109841,0,1,2,1,-1,-1,-1,-2,-2,-2,886,28589,-12757,-19189,22199,26468,1751,3622,84,640,4393,5400,0
224078,1,1,1,1,3,-1,-2,-1,0,-1,2675,7193,2333,-2646,4289,9367,2473,565,1410,562,980,754,0
206589,1,1,1,1,-1,-1,-1,-1,0,-1,33220,-7528,-25431,14517,7985,13674,1213,1139,4181,66,3074,9018,0
111758,1,5,2,1,-1,-1,-1,-1,0,-2,5035,17431,-32405,38777,6370,-860,2856,1975,1598,615,3135,2839,0
371152,0,2,1,1,-1,-1,-2,-2,-2,-2,3571,26862,2837,-21623,6557,27860,559,1643,4311,443,3442,8658,0
137197,1,1,2,1,-2,-2,-2,-2,-2,-1,-24974,-13276,14299,1621,3025,19556,77,1493,1266,2679,8633,957,0
221604,0,2,1,1,-1,-1,-2,-2,-2,-2,-10423,-10210,45290,-13267,1568,13776,44,3244,7486,40,351,5837,0
270263,1,1,1,1,-1,-1,-1,-2,-2,-1,19621,-33149,27855,-13703,-1105,17921,1288,452,4067,1538,2887,5676,0
325159,1,2,1,1,-2,-2,-2,-1,0,-2,9337,-16777,-2193,3001,7561,9580,926,601,2319,403,5825,4228,0
312771,0,2,1,1,1,-1,-1,-2,-1,-1,-14804,39084,-13332,-20944,19567,13849,2164,1806,2536,53,5932,4673,0
449563,0,5,1,1,-1,-2,-2,-2,-2,0,-7164,29197,-8031,17758,736,-6718,144,3034,2770,1782,3521,1609,0
219615,0,1,2,1,-1,-2,-2,-2,-2,-1,-11315,5696,15474,-13250,1930,35057,225,1292,2147,1712,9661,2472,0
280904,1,2,1,1,-1,-1,0,-2,-1,-1,-34352,50246,-29291,21382,-12170,25393,2832,322,1435,495,4539,5569,0
513427,1,1,1,1,-2,-2,-2,-2,-2,-2,-10028,32239,-7753,-1899,13836,10405,940,2830,3238,1735,2669,4909,0
222374,0,2,2,1,-2,-2,-2,-2,-2,-2,-17364,11874,35067,-4817,2294,8559,1391,1499,3157,1551,3592,6790,0
50964,0,2,2,1,-1,-2,-1,-1,0,-2,2057,12281,4524,-5705,983,15352,1566,2510,1346,1724,2364,4394,0
326282,0,2,1,1,1,-1,-2,-1,-1,-1,2432,12303,-25871,6642,4327,19171,429,780,3268,144,7140,4581,0
96446,1,3,2,1,-1,-2,-1,-2,-2,-1,20698,-12875,12703,601,-7399,22506,345,1362,5492,1711,620,2770,0
114620,0,2,2,1,-2,-1,-1,-2,-1,-1,21200,-10092,-15263,11650,17636,17135,788,1448,1063,1177,8191,5834,0
122400,1,1,1,1,-1,-1,-1,-1,0,-1,25749,-11139,-13895,8582,24348,-927,334,5326,2076,1718,6905,5730,0
389632,0,2,1,1,-2,-2,-2,-2,-2,-2,-11158,-13017,29600,-15465,20924,6776,418,3633,3105,1135,7399,2602,0
224731,1,2,2,1,-1,-2,-2,-2,-2,-2,-5337,23021,4177,-12286,3501,25539,1595,3043,542,957,5114,3612,0
147083,1,2,2,1,-1,2,-1,-2,-1,3,21759,10595,-7644,-22520,19931,32176,195,1931,3366,628,6360,6300,0
132476,0,2,1,1,-2,-1,-2,-2,-2,-2,-21186,-6342,32268,-1067,3910,9688,87,812,2230,1383,5198,12271,0
507068,1,3,1,1,3,2,-1,-1,-1,-1,-4300,50361,-35922,28011,-13164,10086,1026,3167,5980,2621,893,6363,0
547082,0,1,2,1,0,-2,-1,-1,0,-1,34901,-13161,-24636,-8844,21701,10849,1636,1084,2753,358,4594,3042,0
334055,1,3,1,1,-1,-2,-2,-2,-1,-1,-12811,11361,1730,33465,-5843,7439,595,3289,10817,333,2164,4080,0
231160,0,3,2,1,-2,-2,-2,-2,-2,-2,3200,-466,11407,-8891,18547,6262,854,5093,43,1691,5476,7526,0
119711,0,2,1,1,-1,-2,-1,-2,-2,-1,-7829,17214,4618,13027,-9146,9335,333,1318,1413,2459,1532,2516,0
376398,0,1,2,1,-1,-2,-1,-1,0,-1,-3214,40571,-2746,15470,-8865,15882,1214,2193,6480,16,3629,6507,0
241655,0,2,2,1,-2,-2,-1,-2,-1,-1,3709,20670,-12382,1708,3323,8543,1018,1370,339,1339,3769,106,0
134739,1,1,1,1,-1,-1,-2,-2,2,-1,-12144,17169,-9765,-15280,-52,31354,2133,2892,2866,583,2846,2633,0
438424,0,1,2,1,1,-1,-1,-2,0,-1,5573,3060,-17201,-5036,13130,20216,268,4429,4185,1606,1100,3038,0
332003,0,2,1,1,-1,0,-1,-1,-1,-1,11926,-363,5972,8303,-2065,4799,662,2581,7767,490,545,3166,0
656954,0,1,2,1,-1,-1,-1,0,-1,-2,4291,15284,-4855,-7586,33560,14534,654,4276,8380,588,5525,5565,0
42682,0,1,1,1,2,-1,-1,2,-1,-1,8033,-2444,206,-3672,-11858,49655,180,1147,6045,917,5201,6518,0
410303,0,1,2,1,-2,-2,2,-2,-1,0,17775,-8614,-15394,6436,4590,8002,74,3628,1139,1691,469,1957,0
260377,1,2,2,1,-2,-1,-1,-2,-1,-2,-873,14533,625,-14847,5727,35186,1377,2072,1435,1612,5950,7049,0
461440,0,1,1,1,-2,-2,-2,-2,0,-1,-15654,12091,-14316,24919,10509,-22833,633,5098,2072,1188,1258,1522,0
129010,1,2,2,1,-1,-1,-2,0,-2,-2,12794,-3747,-10511,5063,27205,18281,966,1621,6300,115,6729,6926,1
161259,1,2,2,1,2,-1,0,-1,-1,-2,-4490,16427,-8931,24534,-7492,13793,390,2590,5478,266,1824,5073,0
473379,0,1,1,1,1,-2,-2,0,-1,-2,-19874,11458,-2038,20516,17382,5450,1079,2582,10027,1,3982,7295,0
118876,1,2,1,1,-1,-2,-1,-1,0,-2,-11554,11946,8771,20564,-11035,6664,289,3012,6372,1949,127,3227,0
87785,0,2,1,1,-2,-2,-1,-1,-2,2,-23473,28058,-7416,12438,6588,15852,421,2452,1511,574,10454,6887,0
526329,1,3,1,1,3,0,-1,-1,-1,-1,-12258,22469,-5744,9265,-9578,19137,1206,2760,6346,378,4222,4379,0
313186,1,2,2,1,-2,-2,-1,-1,-2,-2,-742,20099,-31249,34942,-2394,-4825,363,2751,463,1563,6558,7524,0
64194,1,1,1,1,1,-2,-2,-2,-2,0,24088,12815,-31426,19122,7680,10087,146,4214,1545,493,3837,4052,0
650123,1,1,2,1,-2,-2,-1,-2,-2,-1,-25295,-14923,34193,50,-5514,17284,281,366,4550,3336,1522,5325,0
309351,1,2,2,1,-1,-2,-2,-2,-2,-2,4358,-3602,-1517,7826,2356,13597,2514,188,1105,325,4552,3613,0
185444,1,2,1,1,2,-1,-1,-1,-1,-1,19919,6357,-33496,-2571,17234,16345,2327,477,3099,205,7190,2675,0
109989,0,2,1,1,-2,-2,-1,-1,-2,-1,-32085,9903,16838,28132,-12394,8121,3417,2435,9782,285,2356,3102,0
415910,1,5,2,1,-2,-2,-1,-2,0,-1,-1744,17552,-6057,32396,1274,-21253,995,1621,859,3853,987,3068,0
354001,0,1,1,1,3,-2,-2,-1,-1,-1,-50089,16766,24015,14272,-17856,28595,241,1726,10493,1482,3090,6701,0
397588,0,3,1,1,-1,-2,0,-2,-1,-1,-23130,31787,-17251,8384,7557,17060,3177,1415,3612,927,9528,4017,0
92557,1,1,2,1,1,-1,-1,0,0,-1,10983,10240,-6099,-10602,27337,14404,738,1180,2996,1028,1490,5568,0
235318,0,2,0,1,-2,3,-1,-1,-1,-1,-12152,5740,32613,16238,-17598,18873,70,597,10896,1012,5558,7195,0
498246,1,1,2,1,-1,-1,-2,-2,-1,-2,-20738,24535,-22418,4177,17802,8844,1102,2399,3563,993,1838,2634,0
409466,0,2,1,1,-1,-1,-1,-1,0,-1,30952,-6722,-32222,28191,980,9366,1162,1031,4665,285,4704,9127,0
216971,1,3,2,1,-1,-1,-1,-1,0,-2,15427,3643,-23168,22535,1766,528,2299,1513,66,681,3407,15,0
148444,0,1,2,1,-1,-1,-1,-2,-2,-2,8539,-4345,-1496,-13242,16030,17003,465,3506,6914,33,3800,1849,0
216938,0,2,1,1,1,2,-1,4,0,-1,1804,13612,-9794,-7070,4621,20792,468,327,941,1663,3889,776,0
584867,0,2,1,1,-1,-1,-1,-2,0,-1,12796,-8202,-7459,-6140,37353,-2309,794,4943,1559,1828,785,2957,0
324119,1,1,2,1,-1,2,-1,0,0,-1,12519,12742,-16367,-6828,26464,1737,897,4372,5003,486,3541,403,0
121992,1,1,1,1,-1,-1,-1,2,-2,-2,21096,-37755,7692,-13815,5443,15076,1882,1317,2453,383,1884,2559,0
282375,1,2,1,1,3,-1,-1,-2,-2,0,-11805,21701,-1410,-8313,-2419,24554,1852,1414,1,278,1533,1534,0
61723,0,2,1,1,-1,-2,-2,-2,-2,-1,-22132,42680,-24411,47600,-9171,-7507,1613,1104,1100,62,1868,2680,0
300034,0,1,1,1,-1,0,-1,-1,0,-1,8157,-1458,-22995,13338,4178,4767,1540,2593,2449,654,2558,7578,0
66928,0,1,2,1,-1,0,-1,-1,0,-1,21815,-21190,-13044,1931,4528,31799,2459,1634,2071,922,5662,910,0
195611,1,2,1,1,-1,-1,-1,-1,-1,-1,28200,18575,-42042,15980,2138,9327,779,989,789,2256,549,1364,0
312395,0,2,1,1,1,-2,-1,-1,-1,-1,15371,8935,-29710,19039,-1269,11882,1813,679,796,887,1508,5963,0
323777,1,1,1,1,-1,-1,-1,2,-1,-1,16608,14935,-3839,11454,-325,51844,967,2528,7765,35,13189,14874,0
32021,0,1,2,1,-1,0,-1,-1,2,-1,15280,-3997,-30649,24733,6115,3804,620,1554,1821,429,1411,3070,0
65565,1,1,2,1,-1,2,-1,-1,0,-1,3899,9375,15892,-354,-21504,23910,3994,872,6726,503,2306,1351,0
243105,0,1,2,1,2,-2,-1,-2,-2,-1,-10390,30548,-6839,7537,-501,10916,1745,1869,1299,636,2865,952,0
90470,1,2,2,1,-1,-1,-1,0,-1,-1,10148,2089,1413,-8561,10776,15469,1341,274,3638,248,2126,2238,0
191475,1,2,1,1,1,-2,-1,-2,-1,-1,15328,-4780,22361,-27861,-13,38532,2540,2194,2133,1325,4550,3754,0
401020,1,1,2,1,4,-1,-1,0,-1,-1,-6731,-2973,19384,-29560,8909,36883,1647,459,2876,2260,831,3478,0
379900,1,1,1,1,1,-2,-1,-1,-2,-1,10080,-8910,-13746,-7569,13629,12437,1999,529,1200,1187,4237,3723,0
633947,0,2,2,1,-1,-1,-1,-2,0,-1,-13774,10019,15459,-3645,19505,2867,863,1458,6999,365,4860,4797,0
230280,1,2,1,1,1,-2,-2,-1,0,-2,-21077,214,26266,-948,-5262,30477,3020,2564,7182,43,5246,3405,0
619966,1,1,1,1,-2,-2,-2,2,0,2,-21306,24387,-8013,28154,-3736,9617,1076,2026,7981,56,8485,6272,0
144516,1,2,2,1,-1,-1,0,-1,0,-2,-2611,5123,-16401,11569,-2705,20442,34,3738,5307,630,670,3000,0
298074,1,1,2,1,-2,-2,-2,-1,-2,-1,-3428,-3812,-12428,21225,-9239,11618,113,2005,1892,1874,1805,1346,0
35955,0,2,1,1,-1,-2,-1,-1,0,-1,2251,17979,-16693,18422,-6504,16079,2600,2632,4214,559,2558,1580,0
582442,0,2,1,1,3,-2,-2,-2,-1,0,-16208,30466,1623,-5430,-4710,9529,693,255,1768,1728,794,62,0
265978,0,2,1,1,-1,-2,-1,-1,0,-1,23159,-11352,-36082,33238,230,-15564,2111,1636,1343,161,639,1832,0
366809,1,3,2,1,-2,-2,-2,-2,-2,-2,-28747,12359,10212,215,1140,20545,2053,1330,859,404,1122,3909,0
310291,0,1,2,1,-2,-2,-2,0,-2,-1,1678,12467,-8410,-2713,9229,14063,3767,33,2353,325,1992,2819,0
188678,0,2,1,1,-2,-2,-2,-2,-2,-2,12657,14289,-8656,-12202,8332,24883,1297,1549,3247,980,4381,9745,0
437410,1,3,1,1,2,2,-1,-1,-2,-1,24185,-14103,-12317,-34947,15165,33702,1510,2539,443,877,6786,4424,0
410078,1,1,1,1,1,3,-1,0,-1,-1,14613,9643,-39480,19698,35464,3695,444,4177,9014,1005,6938,2311,1
361047,1,1,1,1,-1,-1,-1,0,2,2,-11817,52652,-4830,-12921,-1132,30203,1584,4641,6055,120,4373,7718,0
320833,0,1,2,1,-1,-2,-2,-2,-2,-2,-34299,48554,-11430,17135,4516,7185,1229,2142,1371,202,4513,8732,0
357841,1,1,1,1,-1,-1,-2,-1,-1,-1,-6870,10511,-18801,22931,-6665,14552,143,1233,3434,1720,3397,1761,0
446635,0,3,1,1,1,-1,0,2,-1,-2,15927,-7854,-10894,3673,-1107,36919,1589,3651,8776,602,3529,4599,0
50281,0,3,2,1,-2,-2,-1,-1,0,-2,-9617,6657,-9914,13622,-3279,18192,785,5400,3472,1153,2219,3898,0
159062,0,2,2,1,-1,-1,-1,-2,-2,-2,16570,-10603,-4901,19562,26687,-5896,141,656,2805,489,3249,984,0
334335,0,1,2,1,-1,-1,0,-2,-2,-2,-20957,26306,17614,2415,-9906,27311,515,4780,6837,1143,2364,4396,0
359851,1,2,1,1,-2,-2,-1,-1,-1,-1,-1903,-1693,23277,-29400,1144,33561,1277,843,5988,3598,3714,2586,0
