checking-account,duration,credit-history,purpose,credit-amount,savings-account,employment-since,installment-rate,other-debtors,residence-since,property,age,other-installment,housing,existing-credits,job,number-people-provide-maintenance-for,telephone,foreign-worker,sex,marital-status,class-label
0 <= <200 DM,23,no credits taken,car (new),3940,>= 1000 DM,1<= < 4 years,3,co-applicant,4,car or other,32,store,own,2,skilled employee / official,2,yes,yes,female,married/widowed,1
>= 200 DM ,26,existing credits paid back duly till now,car (new),2356,100 <= <500 DM,1<= < 4 years,4,guarantor,4,savings agreement/life insurance,32,bank,rent,2,skilled employee / official,2,yes,yes,male,divorced/separated,0
0 <= <200 DM,23,all credits at this bank paid back duly,car (new),4344,500 <= < 1000 DM,>=7 years,4,guarantor,4,real estate,38,bank,rent,2,management/ highly qualified employee,2,yes,yes,male,married/widowed,1
>= 200 DM ,18,no credits taken,radio/television,3797,100 <= <500 DM,4<= <7 years,4,co-applicant,3,unknown / no property,30,bank,own,2,unemployed/ unskilled  - non-resident,2,yes,no,male,married/widowed,0
no account,18,delay in paying off,business,3176,500 <= < 1000 DM,unemployed,4,none,4,car or other,34,bank,for free,2,management/ highly qualified employee,2,none,yes,male,married/widowed,0
<0 DM,23,existing credits paid back duly till now,repairs,3141,500 <= < 1000 DM,<1 years,4,guarantor,4,real estate,38,store,rent,2,skilled employee / official,2,yes,no,male,married/widowed,1
<0 DM,25,no credits taken,car (new),3479,100 <= <500 DM,4<= <7 years,3,guarantor,4,car or other,39,store,for free,2,management/ highly qualified employee,2,yes,no,female,married/widowed,0
<0 DM,24,no credits taken,radio/television,2162,<100 DM,1<= < 4 years,3,co-applicant,3,real estate,33,none,rent,2,unskilled - resident,2,none,yes,female,divorced/separated,0
no account,16,all credits at this bank paid back duly,radio/television,4011,500 <= < 1000 DM,unemployed,3,guarantor,4,real estate,40,none,own,2,unskilled - resident,2,none,yes,male,divorced/separated,1
<0 DM,19,no credits taken,retraining,2798,>= 1000 DM,4<= <7 years,4,none,4,unknown / no property,27,none,for free,2,unemployed/ unskilled  - non-resident,2,yes,yes,female,married/widowed,0
<0 DM,19,existing credits paid back duly till now,retraining,3104,<100 DM,>=7 years,3,guarantor,4,unknown / no property,42,none,rent,2,skilled employee / official,2,none,yes,female,divorced/separated,0
>= 200 DM ,19,existing credits paid back duly till now,retraining,3500,no savings account,1<= < 4 years,4,co-applicant,4,savings agreement/life insurance,33,none,for free,2,unemployed/ unskilled  - non-resident,2,yes,no,female,divorced/separated,1
0 <= <200 DM,22,delay in paying off,repairs,4206,>= 1000 DM,1<= < 4 years,3,none,3,car or other,40,store,for free,2,unskilled - resident,2,yes,no,male,divorced/separated,1
<0 DM,26,delay in paying off,furniture/equipment,3403,>= 1000 DM,>=7 years,3,guarantor,3,real estate,31,bank,rent,2,skilled employee / official,2,yes,no,male,divorced/separated,1
0 <= <200 DM,18,critical account,business,4095,>= 1000 DM,>=7 years,3,co-applicant,4,car or other,44,store,for free,2,skilled employee / official,2,none,no,male,divorced/separated,0
0 <= <200 DM,15,no credits taken,car (new),3407,<100 DM,>=7 years,4,co-applicant,3,unknown / no property,35,none,own,2,unemployed/ unskilled  - non-resident,2,yes,yes,female,married/widowed,1
0 <= <200 DM,23,critical account,education,3556,>= 1000 DM,4<= <7 years,3,co-applicant,3,unknown / no property,41,none,for free,2,unemployed/ unskilled  - non-resident,2,yes,no,female,married/widowed,0
0 <= <200 DM,18,existing credits paid back duly till now,car (new),3601,100 <= <500 DM,>=7 years,3,co-applicant,3,real estate,39,store,rent,2,unemployed/ unskilled  - non-resident,2,yes,yes,female,divorced/separated,0
no account,22,delay in paying off,car (used),3117,100 <= <500 DM,4<= <7 years,4,guarantor,4,car or other,35,store,rent,2,unemployed/ unskilled  - non-resident,2,none,yes,female,married/widowed,0
0 <= <200 DM,15,existing credits paid back duly till now,car (used),3384,<100 DM,unemployed,3,co-applicant,3,real estate,38,none,rent,2,unemployed/ unskilled  - non-resident,2,none,yes,female,divorced/separated,0
>= 200 DM ,17,all credits at this bank paid back duly,domestic appliances,4542,>= 1000 DM,unemployed,3,co-applicant,3,savings agreement/life insurance,38,none,for free,2,skilled employee / official,2,none,yes,female,divorced/separated,0
no account,18,all credits at this bank paid back duly,others,4291,<100 DM,<1 years,3,guarantor,3,real estate,36,bank,for free,2,unskilled - resident,2,yes,no,female,divorced/separated,0
<0 DM,25,existing credits paid back duly till now,others,3519,500 <= < 1000 DM,<1 years,3,guarantor,4,real estate,39,store,rent,2,skilled employee / official,2,yes,no,male,married/widowed,1
0 <= <200 DM,22,critical account,car (new),3373,>= 1000 DM,4<= <7 years,4,none,3,real estate,36,none,for free,2,unemployed/ unskilled  - non-resident,2,none,no,male,divorced/separated,1
>= 200 DM ,18,critical account,radio/television,4482,no savings account,1<= < 4 years,3,co-applicant,3,car or other,36,none,for free,2,unskilled - resident,2,none,no,female,divorced/separated,0
>= 200 DM ,19,critical account,education,4095,no savings account,4<= <7 years,3,co-applicant,4,unknown / no property,39,bank,own,2,unskilled - resident,2,yes,yes,male,divorced/separated,1
>= 200 DM ,24,all credits at this bank paid back duly,radio/television,3749,100 <= <500 DM,>=7 years,4,co-applicant,3,savings agreement/life insurance,39,none,rent,2,unskilled - resident,1,yes,no,female,married/widowed,0
no account,25,delay in paying off,business,3892,500 <= < 1000 DM,4<= <7 years,4,guarantor,3,car or other,39,store,rent,2,management/ highly qualified employee,2,none,yes,female,divorced/separated,1
>= 200 DM ,21,delay in paying off,business,5132,no savings account,1<= < 4 years,3,co-applicant,3,savings agreement/life insurance,31,none,for free,2,unemployed/ unskilled  - non-resident,2,yes,no,female,married/widowed,0
<0 DM,21,all credits at this bank paid back duly,furniture/equipment,3776,100 <= <500 DM,>=7 years,3,co-applicant,3,car or other,40,none,rent,2,skilled employee / official,2,yes,yes,male,divorced/separated,1
>= 200 DM ,21,no credits taken,radio/television,3317,<100 DM,>=7 years,3,none,3,car or other,34,bank,rent,2,unskilled - resident,2,none,yes,female,married/widowed,0
<0 DM,18,all credits at this bank paid back duly,car (used),3751,500 <= < 1000 DM,unemployed,3,guarantor,3,savings agreement/life insurance,32,store,rent,2,unemployed/ unskilled  - non-resident,2,yes,yes,male,married/widowed,1
>= 200 DM ,26,no credits taken,car (new),3785,>= 1000 DM,4<= <7 years,3,co-applicant,3,car or other,34,none,rent,2,skilled employee / official,2,none,yes,female,divorced/separated,0
>= 200 DM ,21,delay in paying off,others,4059,<100 DM,<1 years,3,none,3,savings agreement/life insurance,40,bank,rent,2,unskilled - resident,2,none,no,female,divorced/separated,0
<0 DM,22,critical account,business,3876,500 <= < 1000 DM,<1 years,3,co-applicant,3,real estate,43,none,rent,2,unemployed/ unskilled  - non-resident,1,none,no,male,divorced/separated,0
>= 200 DM ,24,delay in paying off,radio/television,4876,<100 DM,1<= < 4 years,4,guarantor,3,savings agreement/life insurance,38,store,for free,2,unskilled - resident,2,none,no,male,divorced/separated,0
<0 DM,22,delay in paying off,car (used),4058,500 <= < 1000 DM,<1 years,3,guarantor,4,car or other,41,store,own,2,unskilled - resident,2,yes,no,male,divorced/separated,0
0 <= <200 DM,19,delay in paying off,others,2805,<100 DM,>=7 years,3,co-applicant,3,real estate,38,none,rent,2,management/ highly qualified employee,2,yes,yes,female,divorced/separated,0
>= 200 DM ,20,critical account,car (used),2096,100 <= <500 DM,1<= < 4 years,3,co-applicant,3,savings agreement/life insurance,37,none,rent,2,unemployed/ unskilled  - non-resident,2,yes,yes,female,divorced/separated,0
no account,16,no credits taken,business,3537,100 <= <500 DM,1<= < 4 years,3,co-applicant,2,real estate,36,none,rent,2,skilled employee / official,2,none,no,female,married/widowed,0
>= 200 DM ,25,existing credits paid back duly till now,business,3886,<100 DM,unemployed,3,co-applicant,4,car or other,37,bank,rent,2,skilled employee / official,2,none,yes,female,married/widowed,0
0 <= <200 DM,28,critical account,business,3590,<100 DM,<1 years,4,co-applicant,3,car or other,34,none,for free,2,unemployed/ unskilled  - non-resident,2,none,yes,female,divorced/separated,0
0 <= <200 DM,28,critical account,business,5140,<100 DM,unemployed,4,guarantor,3,unknown / no property,34,none,for free,2,unemployed/ unskilled  - non-resident,2,none,yes,female,divorced/separated,1
no account,20,critical account,domestic appliances,1766,500 <= < 1000 DM,<1 years,3,co-applicant,4,real estate,41,none,rent,2,skilled employee / official,2,yes,no,female,divorced/separated,1
0 <= <200 DM,19,no credits taken,radio/television,3997,no savings account,1<= < 4 years,3,none,4,car or other,36,none,rent,2,skilled employee / official,2,yes,no,female,divorced/separated,0
<0 DM,23,delay in paying off,business,3043,<100 DM,<1 years,3,co-applicant,4,unknown / no property,30,none,own,2,management/ highly qualified employee,2,yes,yes,female,married/widowed,1
0 <= <200 DM,20,existing credits paid back duly till now,radio/television,4215,<100 DM,1<= < 4 years,3,guarantor,3,real estate,38,bank,rent,2,skilled employee / official,2,none,yes,female,divorced/separated,0
no account,23,critical account,car (new),4192,no savings account,4<= <7 years,3,none,4,car or other,35,bank,for free,2,management/ highly qualified employee,2,none,yes,female,divorced/separated,0
no account,19,existing credits paid back duly till now,domestic appliances,3271,100 <= <500 DM,<1 years,3,co-applicant,3,unknown / no property,37,none,for free,2,skilled employee / official,2,yes,yes,female,divorced/separated,0
<0 DM,25,no credits taken,others,4486,500 <= < 1000 DM,>=7 years,3,none,4,car or other,40,bank,for free,2,unskilled - resident,2,none,yes,male,divorced/separated,0
0 <= <200 DM,21,critical account,others,4344,no savings account,1<= < 4 years,3,none,3,car or other,39,none,for free,2,unskilled - resident,2,none,yes,female,divorced/separated,0
<0 DM,21,delay in paying off,others,4442,<100 DM,1<= < 4 years,3,guarantor,3,real estate,39,bank,own,2,skilled employee / official,2,yes,no,female,divorced/separated,0
0 <= <200 DM,24,no credits taken,others,5229,500 <= < 1000 DM,1<= < 4 years,3,guarantor,4,savings agreement/life insurance,42,store,own,2,skilled employee / official,1,none,no,male,divorced/separated,0
no account,23,delay in paying off,car (used),4576,<100 DM,unemployed,3,co-applicant,4,car or other,38,store,own,2,unemployed/ unskilled  - non-resident,2,yes,yes,female,divorced/separated,1
0 <= <200 DM,17,delay in paying off,others,4126,100 <= <500 DM,4<= <7 years,3,guarantor,3,real estate,37,none,rent,2,unemployed/ unskilled  - non-resident,2,yes,no,female,married/widowed,0
<0 DM,19,all credits at this bank paid back duly,car (used),3324,<100 DM,>=7 years,3,guarantor,4,real estate,44,bank,rent,2,unskilled - resident,2,none,yes,male,divorced/separated,0
no account,25,critical account,domestic appliances,3932,500 <= < 1000 DM,>=7 years,3,none,4,unknown / no property,43,bank,own,2,management/ highly qualified employee,1,none,yes,male,divorced/separated,1
<0 DM,23,critical account,furniture/equipment,4169,<100 DM,unemployed,3,none,3,unknown / no property,39,none,rent,2,unemployed/ unskilled  - non-resident,1,yes,yes,male,divorced/separated,1
no account,17,no credits taken,radio/television,973,<100 DM,4<= <7 years,4,none,4,real estate,29,none,rent,2,skilled employee / official,2,yes,yes,female,married/widowed,0
<0 DM,26,delay in paying off,others,4421,100 <= <500 DM,>=7 years,3,guarantor,3,real estate,37,bank,rent,2,skilled employee / official,2,yes,yes,female,divorced/separated,0
no account,28,critical account,domestic appliances,3710,>= 1000 DM,unemployed,3,none,4,car or other,32,none,for free,2,unskilled - resident,2,none,yes,female,divorced/separated,0
0 <= <200 DM,26,delay in paying off,car (new),4742,no savings account,1<= < 4 years,3,none,2,real estate,37,none,for free,2,unemployed/ unskilled  - non-resident,2,yes,yes,female,married/widowed,0
>= 200 DM ,23,all credits at this bank paid back duly,radio/television,4542,no savings account,unemployed,3,none,4,real estate,45,bank,rent,2,unskilled - resident,2,none,no,male,divorced/separated,0
0 <= <200 DM,22,existing credits paid back duly till now,radio/television,3373,no savings account,<1 years,4,none,3,real estate,29,none,rent,2,skilled employee / official,2,yes,yes,female,married/widowed,0
no account,21,critical account,education,2810,500 <= < 1000 DM,>=7 years,3,co-applicant,4,car or other,40,none,rent,2,unskilled - resident,2,none,yes,female,divorced/separated,0
>= 200 DM ,10,existing credits paid back duly till now,radio/television,4489,no savings account,1<= < 4 years,3,none,3,real estate,34,none,rent,2,unskilled - resident,2,none,yes,female,married/widowed,0
<0 DM,29,critical account,others,4395,100 <= <500 DM,1<= < 4 years,4,none,4,real estate,27,bank,for free,2,unemployed/ unskilled  - non-resident,1,yes,yes,male,divorced/separated,0
no account,21,critical account,retraining,3341,<100 DM,1<= < 4 years,3,none,3,real estate,31,none,rent,2,unemployed/ unskilled  - non-resident,2,yes,yes,female,married/widowed,1
0 <= <200 DM,25,all credits at this bank paid back duly,retraining,4129,no savings account,1<= < 4 years,4,none,3,real estate,38,store,rent,2,skilled employee / official,1,none,no,male,divorced/separated,0
>= 200 DM ,21,delay in paying off,business,3857,no savings account,1<= < 4 years,4,co-applicant,3,real estate,40,none,rent,2,management/ highly qualified employee,2,none,no,female,divorced/separated,0
0 <= <200 DM,27,no credits taken,car (new),3350,<100 DM,4<= <7 years,3,none,2,car or other,38,none,rent,2,unemployed/ unskilled  - non-resident,2,yes,yes,female,divorced/separated,1
no account,22,critical account,education,3719,no savings account,unemployed,3,none,4,car or other,35,none,own,2,skilled employee / official,2,yes,yes,female,divorced/separated,1
no account,15,critical account,business,4104,no savings account,1<= < 4 years,3,none,2,car or other,34,none,own,2,unemployed/ unskilled  - non-resident,2,none,yes,female,divorced/separated,1
<0 DM,25,no credits taken,furniture/equipment,4422,<100 DM,>=7 years,3,none,4,unknown / no property,39,none,rent,2,management/ highly qualified employee,1,none,yes,male,divorced/separated,1
>= 200 DM ,22,delay in paying off,radio/television,4074,100 <= <500 DM,4<= <7 years,4,none,3,real estate,34,bank,for free,2,management/ highly qualified employee,2,yes,yes,female,married/widowed,0
>= 200 DM ,22,delay in paying off,radio/television,2195,<100 DM,4<= <7 years,4,guarantor,3,real estate,28,none,rent,2,skilled employee / official,2,yes,yes,male,divorced/separated,0
0 <= <200 DM,22,no credits taken,repairs,2199,500 <= < 1000 DM,>=7 years,3,none,4,car or other,38,none,rent,2,skilled employee / official,2,yes,yes,male,married/widowed,0
0 <= <200 DM,18,critical account,car (new),4281,<100 DM,<1 years,3,none,4,car or other,41,none,own,2,unskilled - resident,2,none,yes,male,divorced/separated,1
no account,29,critical account,car (new),4209,no savings account,>=7 years,3,none,4,car or other,41,none,own,2,skilled employee / official,2,none,yes,female,divorced/separated,1
<0 DM,19,existing credits paid back duly till now,retraining,3879,100 <= <500 DM,1<= < 4 years,4,none,3,real estate,36,none,rent,2,skilled employee / official,2,none,yes,female,married/widowed,0
no account,13,existing credits paid back duly till now,radio/television,1367,<100 DM,1<= < 4 years,4,none,3,real estate,35,none,rent,2,skilled employee / official,2,yes,yes,male,divorced/separated,1
no account,12,critical account,car (new),4800,<100 DM,unemployed,3,none,3,car or other,44,none,rent,2,unskilled - resident,2,none,yes,female,divorced/separated,0
0 <= <200 DM,21,all credits at this bank paid back duly,radio/television,2658,<100 DM,1<= < 4 years,4,none,2,real estate,29,none,rent,2,unskilled - resident,2,none,yes,female,divorced/separated,0
no account,26,critical account,retraining,3427,<100 DM,1<= < 4 years,4,none,3,car or other,35,none,for free,2,skilled employee / official,2,none,yes,female,divorced/separated,0
0 <= <200 DM,26,delay in paying off,car (used),2590,<100 DM,>=7 years,3,none,3,car or other,29,none,for free,2,management/ highly qualified employee,2,none,yes,female,divorced/separated,0
<0 DM,24,critical account,car (new),5381,<100 DM,unemployed,3,none,3,car or other,31,bank,rent,2,unemployed/ unskilled  - non-resident,2,yes,yes,female,married/widowed,1
<0 DM,30,critical account,domestic appliances,4819,<100 DM,1<= < 4 years,3,none,3,savings agreement/life insurance,36,store,for free,2,management/ highly qualified employee,2,yes,yes,female,divorced/separated,1
<0 DM,29,delay in paying off,repairs,4208,100 <= <500 DM,<1 years,4,none,4,savings agreement/life insurance,37,store,for free,2,management/ highly qualified employee,1,yes,no,male,divorced/separated,1
<0 DM,30,delay in paying off,repairs,3880,<100 DM,<1 years,4,none,4,unknown / no property,34,none,for free,2,skilled employee / official,1,yes,yes,male,divorced/separated,1
no account,23,critical account,car (new),1893,<100 DM,>=7 years,3,none,4,car or other,36,none,own,2,skilled employee / official,2,yes,yes,female,divorced/separated,0
no account,16,critical account,car (new),2939,<100 DM,1<= < 4 years,3,none,4,car or other,40,none,rent,2,skilled employee / official,2,none,yes,female,divorced/separated,0
no account,19,critical account,business,5441,500 <= < 1000 DM,<1 years,3,none,3,unknown / no property,31,none,own,2,skilled employee / official,2,none,yes,female,divorced/separated,1
no account,18,critical account,car (new),3606,no savings account,4<= <7 years,4,none,4,real estate,35,none,own,2,unskilled - resident,2,none,yes,male,divorced/separated,0
0 <= <200 DM,19,existing credits paid back duly till now,business,3998,<100 DM,<1 years,4,none,3,real estate,28,none,own,2,skilled employee / official,1,yes,yes,male,divorced/separated,1
<0 DM,27,existing credits paid back duly till now,repairs,2627,<100 DM,<1 years,4,none,3,car or other,34,none,for free,2,skilled employee / official,2,yes,yes,female,divorced/separated,0
no account,18,critical account,education,4244,<100 DM,4<= <7 years,3,none,4,car or other,33,none,own,2,skilled employee / official,2,none,yes,female,divorced/separated,1
no account,20,critical account,retraining,1773,<100 DM,1<= < 4 years,4,none,3,unknown / no property,24,none,for free,2,skilled employee / official,2,none,yes,female,divorced/separated,1
<0 DM,23,critical account,education,4634,<100 DM,1<= < 4 years,3,none,4,car or other,41,bank,own,2,unskilled - resident,2,none,yes,male,divorced/separated,1
no account,15,critical account,radio/television,2775,<100 DM,4<= <7 years,4,none,3,real estate,33,none,own,2,skilled employee / official,2,none,yes,female,divorced/separated,1
no account,20,critical account,retraining,3901,500 <= < 1000 DM,4<= <7 years,3,co-applicant,4,car or other,35,none,own,2,management/ highly qualified employee,2,none,yes,male,divorced/separated,1
no account,22,critical account,business,4432,no savings account,<1 years,3,none,3,car or other,23,none,own,2,management/ highly qualified employee,2,none,yes,female,married/widowed,0
<0 DM,15,existing credits paid back duly till now,radio/television,3055,<100 DM,<1 years,3,none,4,unknown / no property,33,none,own,2,skilled employee / official,1,none,yes,male,divorced/separated,1
<0 DM,18,critical account,car (new),3861,100 <= <500 DM,>=7 years,3,none,3,savings agreement/life insurance,39,store,for free,2,skilled employee / official,2,none,yes,female,divorced/separated,0
<0 DM,19,existing credits paid back duly till now,radio/television,3506,<100 DM,<1 years,4,none,3,real estate,29,none,rent,2,skilled employee / official,1,none,yes,male,divorced/separated,1
no account,17,existing credits paid back duly till now,radio/television,773,<100 DM,4<= <7 years,4,none,3,savings agreement/life insurance,36,none,rent,2,skilled employee / official,2,none,yes,male,divorced/separated,1
no account,21,existing credits paid back duly till now,radio/television,2027,<100 DM,1<= < 4 years,4,none,4,savings agreement/life insurance,44,none,own,1,unskilled - resident,2,none,yes,male,divorced/separated,1
<0 DM,21,critical account,radio/television,2812,<100 DM,1<= < 4 years,4,none,3,real estate,39,none,for free,2,skilled employee / official,1,yes,no,male,divorced/separated,1
<0 DM,22,critical account,repairs,2882,<100 DM,1<= < 4 years,4,none,2,real estate,32,none,for free,2,management/ highly qualified employee,1,yes,yes,male,divorced/separated,1
>= 200 DM ,16,all credits at this bank paid back duly,radio/television,3196,<100 DM,4<= <7 years,4,none,3,real estate,28,none,for free,2,management/ highly qualified employee,2,none,yes,female,divorced/separated,1
0 <= <200 DM,22,existing credits paid back duly till now,furniture/equipment,2874,<100 DM,>=7 years,4,none,4,unknown / no property,29,none,own,2,skilled employee / official,2,none,yes,male,divorced/separated,1
<0 DM,26,critical account,furniture/equipment,3123,<100 DM,<1 years,3,none,4,savings agreement/life insurance,37,none,own,2,skilled employee / official,2,none,yes,male,divorced/separated,1
0 <= <200 DM,23,existing credits paid back duly till now,business,3576,<100 DM,<1 years,4,none,4,unknown / no property,35,none,own,2,skilled employee / official,1,none,yes,male,divorced/separated,1
>= 200 DM ,20,critical account,radio/television,2459,<100 DM,>=7 years,4,none,3,car or other,32,none,for free,2,skilled employee / official,2,none,yes,male,divorced/separated,1
<0 DM,25,existing credits paid back duly till now,radio/television,2955,<100 DM,4<= <7 years,4,none,4,unknown / no property,35,none,own,2,skilled employee / official,2,none,yes,male,divorced/separated,1
>= 200 DM ,21,existing credits paid back duly till now,retraining,2638,<100 DM,4<= <7 years,4,none,2,car or other,26,none,own,2,management/ highly qualified employee,2,none,yes,female,divorced/separated,1
>= 200 DM ,21,critical account,radio/television,2936,<100 DM,>=7 years,4,none,3,car or other,27,none,own,2,skilled employee / official,2,yes,yes,female,divorced/separated,0
no account,24,existing credits paid back duly till now,car (used),567,<100 DM,<1 years,4,none,3,unknown / no property,32,none,for free,2,skilled employee / official,1,none,yes,male,divorced/separated,1
<0 DM,22,critical account,retraining,1543,<100 DM,<1 years,4,none,3,unknown / no property,33,none,for free,2,skilled employee / official,2,yes,yes,female,divorced/separated,1
no account,11,existing credits paid back duly till now,radio/television,2559,<100 DM,<1 years,4,none,4,real estate,27,none,own,2,skilled employee / official,1,none,yes,male,divorced/separated,1
<0 DM,21,existing credits paid back duly till now,car (used),2383,>= 1000 DM,1<= < 4 years,4,none,3,car or other,35,none,own,2,skilled employee / official,1,none,yes,male,divorced/separated,0
no account,19,critical account,radio/television,847,<100 DM,<1 years,4,none,3,unknown / no property,20,none,own,2,skilled employee / official,2,yes,yes,female,divorced/separated,1
>= 200 DM ,8,existing credits paid back duly till now,radio/television,2520,<100 DM,1<= < 4 years,4,none,3,savings agreement/life insurance,35,none,own,2,unskilled - resident,1,none,yes,male,divorced/separated,0
no account,16,critical account,radio/television,2521,<100 DM,<1 years,3,none,4,unknown / no property,35,none,rent,2,unskilled - resident,2,none,yes,male,divorced/separated,1
no account,19,existing credits paid back duly till now,furniture/equipment,2492,<100 DM,>=7 years,4,none,4,unknown / no property,35,none,own,2,skilled employee / official,2,none,yes,female,divorced/separated,1
0 <= <200 DM,23,existing credits paid back duly till now,radio/television,2228,<100 DM,<1 years,4,none,3,real estate,33,none,own,2,skilled employee / official,1,none,yes,male,divorced/separated,1
>= 200 DM ,25,delay in paying off,car (used),1878,<100 DM,unemployed,4,none,4,savings agreement/life insurance,34,none,own,2,skilled employee / official,2,yes,yes,male,divorced/separated,1
no account,21,delay in paying off,radio/television,1607,<100 DM,>=7 years,4,none,3,unknown / no property,29,none,for free,2,skilled employee / official,2,yes,yes,female,divorced/separated,1
0 <= <200 DM,23,existing credits paid back duly till now,retraining,1670,no savings account,1<= < 4 years,4,none,3,real estate,31,none,own,2,skilled employee / official,2,none,yes,male,divorced/separated,1
0 <= <200 DM,18,existing credits paid back duly till now,car (used),2831,<100 DM,<1 years,3,none,2,car or other,30,none,own,2,skilled employee / official,2,none,yes,male,divorced/separated,1
no account,31,critical account,domestic appliances,3727,no savings account,>=7 years,3,none,4,car or other,36,none,own,2,skilled employee / official,2,none,yes,male,divorced/separated,1
>= 200 DM ,19,existing credits paid back duly till now,others,2298,<100 DM,>=7 years,3,none,4,car or other,42,bank,own,2,unskilled - resident,2,none,yes,male,divorced/separated,0
no account,15,existing credits paid back duly till now,radio/television,438,<100 DM,1<= < 4 years,4,none,3,savings agreement/life insurance,34,none,own,2,skilled employee / official,1,none,yes,male,divorced/separated,0
<0 DM,31,existing credits paid back duly till now,furniture/equipment,1935,500 <= < 1000 DM,unemployed,4,none,4,savings agreement/life insurance,41,none,own,2,skilled employee / official,2,yes,yes,male,divorced/separated,1
0 <= <200 DM,22,delay in paying off,others,2210,<100 DM,>=7 years,4,none,3,car or other,33,none,own,2,skilled employee / official,2,yes,yes,female,divorced/separated,0
no account,12,existing credits paid back duly till now,radio/television,3763,<100 DM,>=7 years,3,none,3,savings agreement/life insurance,32,none,own,2,unskilled - resident,2,none,yes,male,divorced/separated,0
>= 200 DM ,18,all credits at this bank paid back duly,furniture/equipment,2035,<100 DM,4<= <7 years,4,none,3,savings agreement/life insurance,37,none,own,2,skilled employee / official,2,none,yes,male,divorced/separated,1
no account,13,existing credits paid back duly till now,furniture/equipment,3241,<100 DM,unemployed,3,none,4,savings agreement/life insurance,37,none,own,2,unskilled - resident,1,none,yes,male,divorced/separated,1
no account,14,critical account,radio/television,1408,<100 DM,<1 years,4,none,2,savings agreement/life insurance,29,none,own,2,skilled employee / official,1,none,yes,male,divorced/separated,1
>= 200 DM ,13,all credits at this bank paid back duly,car (new),1899,no savings account,4<= <7 years,3,none,2,savings agreement/life insurance,40,bank,own,2,unskilled - resident,2,none,yes,male,divorced/separated,0
no account,12,existing credits paid back duly till now,radio/television,2655,<100 DM,unemployed,4,none,4,savings agreement/life insurance,41,none,own,2,skilled employee / official,2,none,yes,male,divorced/separated,1
0 <= <200 DM,15,existing credits paid back duly till now,car (used),1652,<100 DM,4<= <7 years,4,none,2,real estate,33,none,own,2,skilled employee / official,2,yes,yes,male,divorced/separated,1
no account,11,existing credits paid back duly till now,radio/television,4176,<100 DM,<1 years,4,none,3,unknown / no property,22,none,own,2,unemployed/ unskilled  - non-resident,1,none,yes,male,married/widowed,1
0 <= <200 DM,24,existing credits paid back duly till now,furniture/equipment,3495,<100 DM,1<= < 4 years,4,none,2,savings agreement/life insurance,31,none,own,2,skilled employee / official,1,yes,yes,male,divorced/separated,1
<0 DM,33,no credits taken,furniture/equipment,4678,500 <= < 1000 DM,<1 years,3,none,3,savings agreement/life insurance,38,none,own,2,skilled employee / official,1,yes,yes,male,divorced/separated,1
<0 DM,31,delay in paying off,car (used),5255,100 <= <500 DM,>=7 years,3,none,2,savings agreement/life insurance,44,none,own,2,skilled employee / official,2,yes,yes,male,divorced/separated,0
no account,16,existing credits paid back duly till now,radio/television,2240,500 <= < 1000 DM,<1 years,4,none,4,unknown / no property,31,none,own,2,skilled employee / official,2,none,yes,male,divorced/separated,1
no account,8,existing credits paid back duly till now,business,1786,no savings account,1<= < 4 years,4,none,2,unknown / no property,37,none,own,3,unskilled - resident,2,none,yes,female,divorced/separated,0
<0 DM,29,existing credits paid back duly till now,radio/television,3477,500 <= < 1000 DM,<1 years,4,none,4,unknown / no property,39,store,own,2,skilled employee / official,2,yes,yes,male,divorced/separated,1
0 <= <200 DM,31,existing credits paid back duly till now,radio/television,4246,<100 DM,<1 years,4,guarantor,2,savings agreement/life insurance,30,none,for free,2,skilled employee / official,1,yes,yes,female,divorced/separated,0
>= 200 DM ,17,critical account,radio/television,432,100 <= <500 DM,1<= < 4 years,4,none,2,savings agreement/life insurance,54,none,own,2,skilled employee / official,1,none,yes,male,divorced/separated,0
0 <= <200 DM,27,no credits taken,car (used),2624,<100 DM,1<= < 4 years,4,none,3,unknown / no property,25,none,own,2,skilled employee / official,1,yes,yes,male,divorced/separated,0
no account,18,existing credits paid back duly till now,furniture/equipment,1059,<100 DM,1<= < 4 years,4,none,4,unknown / no property,38,none,own,2,unskilled - resident,2,none,yes,male,divorced/separated,1
<0 DM,31,no credits taken,repairs,3430,<100 DM,1<= < 4 years,4,none,3,savings agreement/life insurance,39,none,own,2,skilled employee / official,1,yes,yes,male,divorced/separated,0
no account,23,no credits taken,car (used),3552,<100 DM,unemployed,4,none,3,real estate,23,none,own,2,skilled employee / official,2,yes,yes,male,divorced/separated,1
no account,13,existing credits paid back duly till now,business,3198,<100 DM,unemployed,4,none,3,unknown / no property,38,none,own,2,unemployed/ unskilled  - non-resident,2,yes,yes,male,divorced/separated,1
<0 DM,27,delay in paying off,domestic appliances,3585,no savings account,>=7 years,4,none,3,unknown / no property,33,none,own,2,skilled employee / official,2,yes,yes,male,divorced/separated,1
0 <= <200 DM,25,delay in paying off,furniture/equipment,2893,no savings account,>=7 years,4,none,4,real estate,34,none,own,2,skilled employee / official,2,none,yes,male,divorced/separated,0
no account,26,existing credits paid back duly till now,car (used),3081,100 <= <500 DM,unemployed,4,none,3,savings agreement/life insurance,43,none,own,2,skilled employee / official,2,yes,yes,male,divorced/separated,1
no account,17,existing credits paid back duly till now,business,4952,<100 DM,<1 years,3,none,4,savings agreement/life insurance,35,none,own,2,management/ highly qualified employee,2,none,yes,male,married/widowed,0
<0 DM,28,existing credits paid back duly till now,furniture/equipment,3186,<100 DM,unemployed,4,none,4,unknown / no property,41,none,own,2,skilled employee / official,2,yes,yes,male,divorced/separated,1
0 <= <200 DM,25,existing credits paid back duly till now,car (used),4668,<100 DM,1<= < 4 years,3,none,1,car or other,34,none,own,2,skilled employee / official,2,yes,yes,female,divorced/separated,0
<0 DM,36,delay in paying off,others,3633,no savings account,>=7 years,3,none,4,unknown / no property,39,none,own,2,skilled employee / official,2,none,yes,male,divorced/separated,0
no account,31,existing credits paid back duly till now,business,3493,500 <= < 1000 DM,<1 years,3,none,3,savings agreement/life insurance,40,none,own,2,skilled employee / official,2,none,yes,male,divorced/separated,0
no account,25,existing credits paid back duly till now,business,4272,500 <= < 1000 DM,<1 years,2,co-applicant,4,car or other,43,store,own,2,skilled employee / official,2,none,yes,male,divorced/separated,0
<0 DM,31,delay in paying off,furniture/equipment,5422,<100 DM,<1 years,4,none,4,unknown / no property,33,none,for free,2,management/ highly qualified employee,1,yes,yes,male,married/widowed,1
no account,13,existing credits paid back duly till now,education,2115,<100 DM,1<= < 4 years,4,none,4,unknown / no property,35,none,own,2,skilled employee / official,2,yes,yes,male,divorced/separated,1
no account,15,existing credits paid back duly till now,business,3656,<100 DM,<1 years,3,none,4,unknown / no property,22,none,rent,2,unskilled - resident,1,none,yes,male,married/widowed,0
0 <= <200 DM,37,no credits taken,business,4989,500 <= < 1000 DM,<1 years,3,none,3,real estate,32,none,own,2,skilled employee / official,2,yes,yes,male,divorced/separated,1
0 <= <200 DM,24,delay in paying off,car (new),3416,100 <= <500 DM,1<= < 4 years,4,none,2,real estate,42,none,own,2,skilled employee / official,2,none,yes,male,divorced/separated,0
<0 DM,34,delay in paying off,radio/television,5266,<100 DM,<1 years,4,none,3,unknown / no property,31,store,own,2,management/ highly qualified employee,2,yes,yes,male,divorced/separated,1
<0 DM,25,delay in paying off,business,4357,>= 1000 DM,1<= < 4 years,3,none,3,real estate,41,store,own,2,skilled employee / official,2,none,yes,male,divorced/separated,1
no account,25,existing credits paid back duly till now,car (new),3790,500 <= < 1000 DM,<1 years,3,none,4,unknown / no property,40,none,own,2,unskilled - resident,2,none,yes,male,divorced/separated,1
no account,21,existing credits paid back duly till now,car (new),2923,no savings account,>=7 years,3,none,4,unknown / no property,33,none,own,2,skilled employee / official,2,yes,yes,female,divorced/separated,1
0 <= <200 DM,17,existing credits paid back duly till now,education,2865,no savings account,1<= < 4 years,4,none,4,car or other,32,none,own,2,unskilled - resident,1,none,yes,male,divorced/separated,0
no account,12,delay in paying off,radio/television,1471,<100 DM,1<= < 4 years,4,none,3,unknown / no property,26,none,own,2,unskilled - resident,2,yes,yes,female,divorced/separated,1
no account,15,existing credits paid back duly till now,retraining,842,<100 DM,1<= < 4 years,3,none,3,car or other,45,none,rent,2,unskilled - resident,2,none,yes,male,divorced/separated,1
0 <= <200 DM,16,delay in paying off,car (new),3093,<100 DM,4<= <7 years,3,none,2,real estate,25,none,for free,2,management/ highly qualified employee,2,yes,yes,male,married/widowed,0
no account,14,existing credits paid back duly till now,business,3059,<100 DM,<1 years,3,none,2,car or other,30,none,own,2,unskilled - resident,2,none,yes,male,divorced/separated,1
<0 DM,13,all credits at this bank paid back duly,car (new),2479,<100 DM,1<= < 4 years,3,none,4,real estate,32,none,own,2,management/ highly qualified employee,2,none,yes,male,married/widowed,1
<0 DM,37,existing credits paid back duly till now,car (new),5030,>= 1000 DM,1<= < 4 years,3,none,4,savings agreement/life insurance,44,none,own,2,unskilled - resident,1,yes,yes,male,divorced/separated,1
>= 200 DM ,23,critical account,car (new),3683,100 <= <500 DM,unemployed,3,none,2,savings agreement/life insurance,31,store,for free,2,management/ highly qualified employee,1,yes,yes,male,divorced/separated,0
<0 DM,33,existing credits paid back duly till now,business,4245,<100 DM,<1 years,3,none,4,unknown / no property,32,none,own,2,skilled employee / official,2,yes,yes,female,divorced/separated,1
no account,25,existing credits paid back duly till now,education,5214,>= 1000 DM,1<= < 4 years,2,none,3,unknown / no property,39,none,own,2,unskilled - resident,2,none,yes,male,divorced/separated,1
0 <= <200 DM,17,existing credits paid back duly till now,car (new),2076,<100 DM,1<= < 4 years,4,none,3,real estate,23,none,own,2,skilled employee / official,2,yes,yes,male,divorced/separated,1
0 <= <200 DM,28,existing credits paid back duly till now,car (new),4789,<100 DM,<1 years,4,none,3,unknown / no property,35,none,own,2,skilled employee / official,1,yes,yes,male,divorced/separated,1
0 <= <200 DM,13,existing credits paid back duly till now,car (new),2241,<100 DM,1<= < 4 years,4,none,2,car or other,32,none,own,2,unskilled - resident,2,yes,yes,female,divorced/separated,0
0 <= <200 DM,14,existing credits paid back duly till now,domestic appliances,2883,<100 DM,1<= < 4 years,3,none,2,real estate,31,none,own,2,skilled employee / official,1,yes,yes,male,divorced/separated,0
no account,41,delay in paying off,education,5186,no savings account,>=7 years,4,none,4,unknown / no property,36,none,own,2,unskilled - resident,2,yes,yes,male,divorced/separated,1
no account,14,existing credits paid back duly till now,business,3121,<100 DM,1<= < 4 years,3,none,4,unknown / no property,35,none,own,2,skilled employee / official,2,none,yes,male,divorced/separated,1
<0 DM,29,critical account,car (new),2585,<100 DM,>=7 years,3,none,4,savings agreement/life insurance,46,none,for free,1,management/ highly qualified employee,2,none,yes,male,divorced/separated,0
no account,27,existing credits paid back duly till now,car (new),4892,no savings account,<1 years,3,co-applicant,4,car or other,38,none,own,2,unskilled - resident,2,none,yes,female,divorced/separated,1
no account,14,existing credits paid back duly till now,domestic appliances,2299,<100 DM,>=7 years,3,none,3,real estate,33,none,own,2,skilled employee / official,2,yes,yes,male,divorced/separated,1
<0 DM,40,critical account,car (new),6336,<100 DM,>=7 years,3,none,3,car or other,35,none,for free,1,skilled employee / official,1,yes,yes,male,divorced/separated,1
<0 DM,32,delay in paying off,others,8336,>= 1000 DM,>=7 years,3,none,4,savings agreement/life insurance,31,store,own,2,management/ highly qualified employee,2,none,yes,male,divorced/separated,1
<0 DM,28,delay in paying off,car (new),4803,no savings account,>=7 years,3,none,3,car or other,36,none,for free,2,management/ highly qualified employee,2,none,yes,male,divorced/separated,0
0 <= <200 DM,17,existing credits paid back duly till now,car (new),4875,<100 DM,<1 years,2,none,3,car or other,29,none,rent,2,unemployed/ unskilled  - non-resident,1,none,yes,male,divorced/separated,0
no account,9,critical account,radio/television,1718,<100 DM,unemployed,3,none,2,real estate,22,none,own,2,unskilled - resident,2,yes,yes,male,divorced/separated,1
no account,7,critical account,radio/television,909,<100 DM,1<= < 4 years,3,none,3,real estate,23,none,own,2,skilled employee / official,1,yes,yes,male,married/widowed,1
<0 DM,32,critical account,domestic appliances,5154,>= 1000 DM,<1 years,2,none,2,car or other,25,none,own,2,management/ highly qualified employee,1,none,yes,female,married/widowed,0
no account,12,delay in paying off,radio/television,3187,<100 DM,4<= <7 years,4,none,3,real estate,25,none,own,2,management/ highly qualified employee,1,none,yes,male,divorced/separated,1
0 <= <200 DM,15,delay in paying off,car (new),5333,<100 DM,1<= < 4 years,3,none,2,real estate,30,none,rent,2,unemployed/ unskilled  - non-resident,1,yes,yes,male,divorced/separated,1
<0 DM,19,existing credits paid back duly till now,car (new),5716,<100 DM,unemployed,2,none,3,car or other,27,none,rent,2,management/ highly qualified employee,1,yes,yes,male,divorced/separated,1
<0 DM,17,critical account,radio/television,4362,<100 DM,>=7 years,4,none,4,savings agreement/life insurance,32,none,own,2,management/ highly qualified employee,2,yes,yes,male,divorced/separated,1
<0 DM,11,no credits taken,radio/television,4272,<100 DM,4<= <7 years,3,none,3,real estate,27,none,own,2,skilled employee / official,2,yes,yes,male,divorced/separated,1
<0 DM,28,delay in paying off,car (new),9523,<100 DM,4<= <7 years,2,none,3,savings agreement/life insurance,36,none,own,2,skilled employee / official,2,yes,yes,male,divorced/separated,1
<0 DM,34,delay in paying off,radio/television,3710,<100 DM,1<= < 4 years,4,none,4,real estate,30,none,for free,2,skilled employee / official,1,none,yes,male,divorced/separated,0
<0 DM,35,all credits at this bank paid back duly,car (new),5718,100 <= <500 DM,4<= <7 years,3,co-applicant,4,savings agreement/life insurance,65,store,for free,2,skilled employee / official,2,none,yes,male,divorced/separated,1
0 <= <200 DM,26,existing credits paid back duly till now,furniture/equipment,6056,<100 DM,<1 years,2,none,3,unknown / no property,19,none,rent,1,management/ highly qualified employee,1,yes,yes,female,married/widowed,0
<0 DM,16,critical account,radio/television,3197,<100 DM,>=7 years,3,none,4,unknown / no property,35,none,own,1,skilled employee / official,2,yes,yes,male,divorced/separated,1
0 <= <200 DM,14,existing credits paid back duly till now,car (new),1739,no savings account,4<= <7 years,2,none,4,car or other,35,none,own,2,skilled employee / official,2,none,yes,female,divorced/separated,1
<0 DM,5,critical account,car (new),2868,no savings account,>=7 years,3,none,4,savings agreement/life insurance,56,none,own,2,unskilled - resident,2,none,yes,male,divorced/separated,0
<0 DM,29,delay in paying off,radio/television,4105,>= 1000 DM,<1 years,3,co-applicant,4,unknown / no property,38,store,own,2,skilled employee / official,2,none,yes,male,divorced/separated,1
0 <= <200 DM,12,critical account,car (new),2193,<100 DM,1<= < 4 years,3,none,1,real estate,31,none,rent,2,skilled employee / official,1,none,yes,male,divorced/separated,0
0 <= <200 DM,31,no credits taken,radio/television,5847,<100 DM,unemployed,3,none,2,car or other,20,none,for free,1,skilled employee / official,1,yes,yes,male,divorced/separated,0
<0 DM,24,no credits taken,radio/television,4621,100 <= <500 DM,4<= <7 years,3,none,4,savings agreement/life insurance,32,none,own,2,skilled employee / official,1,none,yes,male,divorced/separated,1
0 <= <200 DM,27,critical account,radio/television,4473,<100 DM,<1 years,2,guarantor,1,car or other,29,store,for free,2,management/ highly qualified employee,1,yes,yes,male,divorced/separated,0
<0 DM,28,delay in paying off,radio/television,4235,100 <= <500 DM,>=7 years,4,none,3,unknown / no property,48,store,for free,2,skilled employee / official,2,yes,yes,female,divorced/separated,0
<0 DM,16,critical account,radio/television,2351,100 <= <500 DM,>=7 years,3,none,4,unknown / no property,47,store,for free,2,skilled employee / official,2,yes,yes,female,divorced/separated,1
0 <= <200 DM,10,existing credits paid back duly till now,car (new),2103,no savings account,1<= < 4 years,4,none,4,real estate,39,none,rent,2,skilled employee / official,2,none,yes,male,divorced/separated,1
0 <= <200 DM,14,existing credits paid back duly till now,radio/television,2558,<100 DM,1<= < 4 years,3,none,1,real estate,22,none,own,2,skilled employee / official,1,none,yes,male,divorced/separated,0
<0 DM,33,delay in paying off,car (new),3976,no savings account,>=7 years,3,none,4,car or other,49,bank,for free,2,skilled employee / official,2,none,yes,female,divorced/separated,0
no account,13,delay in paying off,radio/television,2948,100 <= <500 DM,<1 years,3,co-applicant,1,real estate,25,store,own,2,skilled employee / official,1,yes,yes,female,divorced/separated,1
0 <= <200 DM,35,existing credits paid back duly till now,retraining,5190,<100 DM,<1 years,3,none,3,car or other,29,none,own,1,skilled employee / official,1,none,yes,male,divorced/separated,0
<0 DM,29,critical account,radio/television,4163,100 <= <500 DM,<1 years,3,co-applicant,2,real estate,48,store,own,2,skilled employee / official,2,yes,yes,male,divorced/separated,1
0 <= <200 DM,16,existing credits paid back duly till now,retraining,1796,<100 DM,<1 years,3,none,2,real estate,29,none,own,2,skilled employee / official,1,none,yes,male,divorced/separated,1
0 <= <200 DM,24,critical account,car (new),6862,100 <= <500 DM,<1 years,2,co-applicant,2,savings agreement/life insurance,54,store,for free,3,management/ highly qualified employee,2,none,yes,male,divorced/separated,0
0 <= <200 DM,17,critical account,retraining,2257,<100 DM,1<= < 4 years,3,none,2,car or other,34,none,for free,1,skilled employee / official,2,yes,yes,female,divorced/separated,0
0 <= <200 DM,9,existing credits paid back duly till now,car (new),2853,100 <= <500 DM,unemployed,3,none,3,car or other,47,bank,rent,2,skilled employee / official,2,none,yes,female,divorced/separated,1
<0 DM,29,critical account,car (new),5829,100 <= <500 DM,4<= <7 years,4,co-applicant,3,savings agreement/life insurance,56,none,for free,2,skilled employee / official,2,yes,yes,male,divorced/separated,1
0 <= <200 DM,45,delay in paying off,radio/television,4489,no savings account,>=7 years,3,none,4,car or other,36,store,own,2,skilled employee / official,2,none,yes,male,divorced/separated,1
0 <= <200 DM,12,existing credits paid back duly till now,domestic appliances,1998,<100 DM,1<= < 4 years,3,none,1,real estate,24,none,own,2,management/ highly qualified employee,1,yes,yes,female,divorced/separated,0
no account,19,existing credits paid back duly till now,car (new),2738,500 <= < 1000 DM,<1 years,2,co-applicant,3,real estate,43,store,own,2,unskilled - resident,2,none,yes,male,divorced/separated,0
0 <= <200 DM,44,no credits taken,others,10888,<100 DM,<1 years,1,guarantor,3,unknown / no property,38,store,own,2,skilled employee / official,1,yes,yes,male,divorced/separated,1
0 <= <200 DM,37,existing credits paid back duly till now,furniture/equipment,3474,<100 DM,>=7 years,3,none,3,real estate,25,none,own,1,skilled employee / official,1,none,yes,male,married/widowed,0
0 <= <200 DM,26,critical account,furniture/equipment,4215,<100 DM,>=7 years,4,none,3,car or other,43,none,own,1,skilled employee / official,2,none,yes,female,divorced/separated,1
0 <= <200 DM,23,existing credits paid back duly till now,furniture/equipment,5749,100 <= <500 DM,1<= < 4 years,2,none,2,car or other,55,none,rent,1,skilled employee / official,2,yes,yes,female,divorced/separated,1
0 <= <200 DM,13,critical account,car (new),4523,no savings account,<1 years,1,co-applicant,4,car or other,56,bank,own,2,skilled employee / official,2,none,yes,male,divorced/separated,1
0 <= <200 DM,27,existing credits paid back duly till now,furniture/equipment,3419,<100 DM,1<= < 4 years,4,none,2,real estate,30,none,own,1,skilled employee / official,1,yes,yes,male,divorced/separated,0
0 <= <200 DM,26,existing credits paid back duly till now,furniture/equipment,5714,no savings account,unemployed,3,none,4,car or other,41,bank,own,2,skilled employee / official,2,yes,yes,male,divorced/separated,1
<0 DM,28,existing credits paid back duly till now,furniture/equipment,8423,100 <= <500 DM,4<= <7 years,1,co-applicant,2,car or other,51,store,own,2,skilled employee / official,2,yes,yes,female,divorced/separated,0
0 <= <200 DM,33,critical account,car (new),1335,no savings account,>=7 years,4,guarantor,4,car or other,55,none,own,1,skilled employee / official,2,none,yes,male,divorced/separated,1
no account,23,existing credits paid back duly till now,radio/television,699,500 <= < 1000 DM,<1 years,3,co-applicant,3,car or other,58,none,own,2,skilled employee / official,2,none,yes,male,divorced/separated,1
0 <= <200 DM,33,existing credits paid back duly till now,domestic appliances,5433,<100 DM,1<= < 4 years,3,none,1,real estate,25,none,for free,2,skilled employee / official,1,yes,yes,female,divorced/separated,0
0 <= <200 DM,11,existing credits paid back duly till now,furniture/equipment,3447,<100 DM,unemployed,3,none,2,real estate,43,none,own,2,skilled employee / official,2,none,yes,female,divorced/separated,0
0 <= <200 DM,27,existing credits paid back duly till now,retraining,1642,<100 DM,<1 years,4,guarantor,3,car or other,38,none,own,2,skilled employee / official,2,none,yes,female,divorced/separated,0
0 <= <200 DM,34,existing credits paid back duly till now,furniture/equipment,3255,<100 DM,4<= <7 years,3,guarantor,2,real estate,25,none,own,1,skilled employee / official,1,none,yes,female,divorced/separated,0
0 <= <200 DM,20,existing credits paid back duly till now,furniture/equipment,5461,<100 DM,<1 years,2,none,2,real estate,32,none,own,2,skilled employee / official,1,none,yes,male,divorced/separated,0
0 <= <200 DM,44,delay in paying off,furniture/equipment,9736,<100 DM,<1 years,3,none,2,real estate,26,bank,own,2,skilled employee / official,2,yes,yes,female,married/widowed,0
no account,7,critical account,radio/television,1698,100 <= <500 DM,>=7 years,4,guarantor,3,savings agreement/life insurance,47,store,for free,3,management/ highly qualified employee,2,yes,yes,male,divorced/separated,1
<0 DM,31,existing credits paid back duly till now,furniture/equipment,6627,<100 DM,<1 years,2,none,1,real estate,32,none,own,2,unemployed/ unskilled  - non-resident,1,none,yes,female,divorced/separated,0
no account,42,critical account,retraining,3879,no savings account,unemployed,4,co-applicant,3,car or other,37,none,own,2,skilled employee / official,1,yes,yes,male,divorced/separated,1
no account,18,existing credits paid back duly till now,retraining,703,no savings account,<1 years,4,none,3,car or other,32,none,own,2,skilled employee / official,2,yes,yes,female,divorced/separated,1
<0 DM,12,critical account,furniture/equipment,2731,100 <= <500 DM,>=7 years,3,guarantor,2,savings agreement/life insurance,49,store,own,2,skilled employee / official,2,none,yes,female,divorced/separated,0
0 <= <200 DM,45,all credits at this bank paid back duly,furniture/equipment,7215,<100 DM,>=7 years,3,guarantor,4,car or other,44,store,for free,2,skilled employee / official,2,yes,yes,female,divorced/separated,0
<0 DM,24,all credits at this bank paid back duly,car (new),1649,>= 1000 DM,>=7 years,2,none,4,car or other,65,none,own,2,skilled employee / official,2,none,yes,female,divorced/separated,0
0 <= <200 DM,43,existing credits paid back duly till now,furniture/equipment,6720,<100 DM,<1 years,3,guarantor,4,savings agreement/life insurance,32,none,for free,1,skilled employee / official,1,none,yes,male,divorced/separated,1
0 <= <200 DM,35,existing credits paid back duly till now,furniture/equipment,8727,100 <= <500 DM,4<= <7 years,3,none,2,car or other,59,none,own,2,skilled employee / official,2,yes,no,female,divorced/separated,1
0 <= <200 DM,10,critical account,furniture/equipment,4247,<100 DM,<1 years,3,none,2,car or other,64,none,for free,2,skilled employee / official,2,yes,yes,female,divorced/separated,0
<0 DM,26,existing credits paid back duly till now,furniture/equipment,3500,<100 DM,>=7 years,4,guarantor,2,real estate,42,store,for free,2,skilled employee / official,2,none,yes,male,divorced/separated,0
0 <= <200 DM,38,existing credits paid back duly till now,education,5978,100 <= <500 DM,>=7 years,3,none,3,car or other,32,bank,rent,1,skilled employee / official,2,none,yes,female,married/widowed,0
0 <= <200 DM,57,all credits at this bank paid back duly,furniture/equipment,10412,100 <= <500 DM,<1 years,2,guarantor,3,car or other,43,none,for free,1,skilled employee / official,2,yes,yes,male,divorced/separated,0
0 <= <200 DM,25,existing credits paid back duly till now,business,4162,no savings account,<1 years,3,none,2,car or other,29,none,own,2,skilled employee / official,1,none,yes,male,divorced/separated,1
no account,31,existing credits paid back duly till now,furniture/equipment,3267,no savings account,>=7 years,3,none,3,real estate,38,none,own,2,skilled employee / official,2,none,yes,female,divorced/separated,0
0 <= <200 DM,31,critical account,car (new),2064,<100 DM,>=7 years,4,none,4,car or other,52,none,rent,1,skilled employee / official,2,none,yes,male,divorced/separated,0
0 <= <200 DM,47,existing credits paid back duly till now,furniture/equipment,9367,<100 DM,4<= <7 years,3,none,1,car or other,42,none,for free,1,skilled employee / official,2,yes,yes,male,divorced/separated,0
0 <= <200 DM,34,delay in paying off,car (new),7170,>= 1000 DM,<1 years,3,none,2,real estate,30,bank,own,3,unemployed/ unskilled  - non-resident,2,none,yes,male,divorced/separated,0
no account,27,critical account,education,806,<100 DM,>=7 years,4,none,3,car or other,44,none,for free,1,skilled employee / official,2,none,yes,female,divorced/separated,0
no account,13,critical account,car (new),2144,<100 DM,>=7 years,4,none,3,savings agreement/life insurance,48,none,for free,2,unskilled - resident,2,yes,yes,female,divorced/separated,0
0 <= <200 DM,13,existing credits paid back duly till now,furniture/equipment,2485,<100 DM,>=7 years,4,none,2,car or other,40,none,rent,1,unemployed/ unskilled  - non-resident,2,yes,yes,female,divorced/separated,1
0 <= <200 DM,26,existing credits paid back duly till now,furniture/equipment,4272,<100 DM,1<= < 4 years,3,none,2,real estate,23,none,own,2,unemployed/ unskilled  - non-resident,1,none,yes,male,divorced/separated,0
no account,31,critical account,furniture/equipment,2528,<100 DM,>=7 years,3,none,3,unknown / no property,51,none,for free,2,skilled employee / official,2,none,yes,female,divorced/separated,0
<0 DM,52,all credits at this bank paid back duly,furniture/equipment,4765,100 <= <500 DM,>=7 years,4,guarantor,2,car or other,58,none,for free,1,skilled employee / official,2,yes,yes,male,divorced/separated,1
0 <= <200 DM,26,existing credits paid back duly till now,furniture/equipment,5980,500 <= < 1000 DM,<1 years,3,none,3,car or other,51,none,own,2,skilled employee / official,2,yes,yes,female,divorced/separated,0
0 <= <200 DM,37,all credits at this bank paid back duly,car (used),7853,<100 DM,unemployed,3,none,4,real estate,38,none,own,2,skilled employee / official,2,none,yes,male,divorced/separated,0
no account,46,all credits at this bank paid back duly,education,4570,no savings account,1<= < 4 years,4,none,4,car or other,53,none,for free,2,skilled employee / official,2,none,yes,male,divorced/separated,1
0 <= <200 DM,41,existing credits paid back duly till now,furniture/equipment,10100,<100 DM,>=7 years,1,none,2,car or other,54,store,for free,2,management/ highly qualified employee,2,yes,yes,female,divorced/separated,0
no account,19,critical account,furniture/equipment,1779,500 <= < 1000 DM,<1 years,3,none,3,car or other,32,none,own,2,skilled employee / official,1,none,yes,male,divorced/separated,1
0 <= <200 DM,30,existing credits paid back duly till now,furniture/equipment,6697,>= 1000 DM,>=7 years,2,none,1,car or other,36,bank,own,2,skilled employee / official,2,yes,yes,female,married/widowed,0
0 <= <200 DM,24,existing credits paid back duly till now,furniture/equipment,4947,no savings account,>=7 years,3,none,3,real estate,47,none,own,2,skilled employee / official,2,none,yes,female,divorced/separated,0
0 <= <200 DM,36,existing credits paid back duly till now,business,5560,<100 DM,<1 years,3,none,3,car or other,28,none,own,2,skilled employee / official,2,none,yes,female,divorced/separated,1
0 <= <200 DM,15,existing credits paid back duly till now,car (used),394,<100 DM,1<= < 4 years,3,none,2,real estate,25,none,rent,1,unskilled - resident,1,none,yes,male,divorced/separated,0
no account,47,existing credits paid back duly till now,car (used),5619,no savings account,>=7 years,4,guarantor,3,savings agreement/life insurance,38,none,for free,2,skilled employee / official,1,yes,yes,male,divorced/separated,1
0 <= <200 DM,26,existing credits paid back duly till now,education,4569,<100 DM,>=7 years,3,none,2,car or other,24,none,own,1,unemployed/ unskilled  - non-resident,1,none,yes,male,divorced/separated,0
no account,16,critical account,radio/television,2518,<100 DM,1<= < 4 years,4,guarantor,3,unknown / no property,55,none,own,3,skilled employee / official,2,yes,yes,male,divorced/separated,0
0 <= <200 DM,22,existing credits paid back duly till now,furniture/equipment,2025,>= 1000 DM,1<= < 4 years,3,none,4,real estate,41,none,own,2,skilled employee / official,2,none,yes,female,divorced/separated,0
0 <= <200 DM,43,existing credits paid back duly till now,business,8468,100 <= <500 DM,<1 years,3,none,4,car or other,35,none,rent,2,skilled employee / official,2,yes,yes,female,divorced/separated,1
no account,14,existing credits paid back duly till now,education,2323,<100 DM,1<= < 4 years,3,none,1,car or other,34,none,own,2,skilled employee / official,2,none,yes,male,divorced/separated,0
0 <= <200 DM,24,existing credits paid back duly till now,furniture/equipment,2165,<100 DM,1<= < 4 years,4,none,2,car or other,39,none,own,2,skilled employee / official,1,yes,yes,male,divorced/separated,0
no account,27,existing credits paid back duly till now,business,4291,no savings account,4<= <7 years,4,none,2,car or other,21,none,own,2,unskilled - resident,2,yes,yes,female,divorced/separated,1
0 <= <200 DM,35,existing credits paid back duly till now,car (used),4614,<100 DM,<1 years,3,none,4,real estate,28,none,own,2,management/ highly qualified employee,1,none,yes,male,divorced/separated,1
0 <= <200 DM,37,existing credits paid back duly till now,furniture/equipment,7455,500 <= < 1000 DM,4<= <7 years,2,none,2,car or other,55,none,own,2,skilled employee / official,2,yes,no,female,divorced/separated,1
0 <= <200 DM,34,existing credits paid back duly till now,others,2836,<100 DM,<1 years,2,none,2,real estate,48,none,own,2,skilled employee / official,1,none,yes,male,divorced/separated,0
no account,19,existing credits paid back duly till now,business,977,>= 1000 DM,1<= < 4 years,4,none,2,real estate,44,none,own,3,skilled employee / official,1,none,no,male,divorced/separated,1
0 <= <200 DM,49,all credits at this bank paid back duly,education,6784,<100 DM,1<= < 4 years,4,none,2,savings agreement/life insurance,30,bank,for free,2,unemployed/ unskilled  - non-resident,1,yes,yes,male,divorced/separated,0
0 <= <200 DM,20,existing credits paid back duly till now,furniture/equipment,5079,no savings account,unemployed,4,none,3,car or other,21,none,own,2,skilled employee / official,2,none,yes,male,married/widowed,1
0 <= <200 DM,31,all credits at this bank paid back duly,education,2555,<100 DM,1<= < 4 years,4,none,3,car or other,23,none,rent,1,unemployed/ unskilled  - non-resident,1,none,yes,female,married/widowed,0
no account,28,critical account,business,2357,no savings account,<1 years,3,none,2,savings agreement/life insurance,37,none,own,3,unskilled - resident,1,none,yes,male,divorced/separated,1
0 <= <200 DM,20,existing credits paid back duly till now,furniture/equipment,1061,<100 DM,1<= < 4 years,4,none,1,real estate,38,none,own,2,skilled employee / official,1,yes,yes,male,divorced/separated,1
0 <= <200 DM,34,all credits at this bank paid back duly,furniture/equipment,8095,<100 DM,1<= < 4 years,3,none,1,car or other,45,none,for free,2,skilled employee / official,2,yes,no,male,divorced/separated,0
0 <= <200 DM,60,existing credits paid back duly till now,car (used),10184,<100 DM,unemployed,3,none,4,unknown / no property,34,none,for free,1,skilled employee / official,2,yes,yes,female,divorced/separated,0
0 <= <200 DM,5,critical account,car (new),418,<100 DM,1<= < 4 years,3,none,4,car or other,49,none,own,2,unskilled - resident,2,none,no,male,divorced/separated,1
0 <= <200 DM,70,all credits at this bank paid back duly,car (used),14395,<100 DM,4<= <7 years,3,none,1,car or other,38,store,for free,1,unemployed/ unskilled  - non-resident,2,yes,yes,male,divorced/separated,0
no account,25,existing credits paid back duly till now,furniture/equipment,4293,500 <= < 1000 DM,1<= < 4 years,3,none,4,car or other,63,none,for free,2,skilled employee / official,2,yes,yes,male,divorced/separated,1
0 <= <200 DM,55,all credits at this bank paid back duly,car (used),9683,<100 DM,<1 years,4,none,3,car or other,33,none,for free,1,skilled employee / official,2,yes,yes,male,divorced/separated,0
no account,26,existing credits paid back duly till now,business,2429,<100 DM,>=7 years,4,none,3,car or other,35,none,own,2,unskilled - resident,2,yes,yes,male,divorced/separated,0
0 <= <200 DM,22,existing credits paid back duly till now,furniture/equipment,4797,<100 DM,>=7 years,3,none,3,savings agreement/life insurance,24,none,rent,1,unemployed/ unskilled  - non-resident,1,none,yes,male,married/widowed,0
0 <= <200 DM,35,existing credits paid back duly till now,education,6181,no savings account,1<= < 4 years,3,none,4,savings agreement/life insurance,50,none,rent,2,unskilled - resident,2,none,yes,male,divorced/separated,0
<0 DM,36,all credits at this bank paid back duly,car (used),4529,no savings account,4<= <7 years,3,none,2,real estate,52,none,own,2,skilled employee / official,2,yes,no,male,divorced/separated,1
no account,54,existing credits paid back duly till now,car (used),7455,no savings account,4<= <7 years,4,none,4,car or other,30,none,own,2,skilled employee / official,2,none,yes,male,divorced/separated,0
0 <= <200 DM,37,all credits at this bank paid back duly,furniture/equipment,11392,<100 DM,4<= <7 years,1,none,2,car or other,38,none,rent,2,management/ highly qualified employee,2,yes,yes,female,divorced/separated,0
no account,15,existing credits paid back duly till now,furniture/equipment,1753,<100 DM,1<= < 4 years,2,none,1,car or other,48,none,own,2,skilled employee / official,2,yes,yes,female,divorced/separated,1
no account,24,all credits at this bank paid back duly,furniture/equipment,1016,>= 1000 DM,1<= < 4 years,3,none,4,car or other,59,none,for free,2,skilled employee / official,2,none,yes,male,divorced/separated,0
no account,37,existing credits paid back duly till now,education,2437,<100 DM,1<= < 4 years,4,none,3,car or other,21,none,own,1,skilled employee / official,2,none,yes,female,divorced/separated,0
no account,21,existing credits paid back duly till now,domestic appliances,1201,<100 DM,<1 years,4,none,2,car or other,32,none,own,2,unskilled - resident,2,yes,yes,male,divorced/separated,1
no account,43,existing credits paid back duly till now,car (used),5507,<100 DM,4<= <7 years,3,none,2,car or other,37,none,for free,1,skilled employee / official,2,none,yes,male,divorced/separated,0
0 <= <200 DM,21,existing credits paid back duly till now,furniture/equipment,4399,<100 DM,4<= <7 years,2,none,3,unknown / no property,30,none,rent,1,unskilled - resident,1,none,yes,female,divorced/separated,1
no account,14,existing credits paid back duly till now,furniture/equipment,2812,<100 DM,4<= <7 years,4,none,2,real estate,23,none,own,2,management/ highly qualified employee,1,none,yes,male,divorced/separated,1
no account,15,existing credits paid back duly till now,furniture/equipment,1266,<100 DM,4<= <7 years,4,none,3,real estate,24,none,own,1,unskilled - resident,1,none,yes,male,divorced/separated,1
0 <= <200 DM,33,existing credits paid back duly till now,others,7839,<100 DM,1<= < 4 years,3,none,4,car or other,41,none,rent,2,unskilled - resident,2,none,yes,male,divorced/separated,0
no account,19,existing credits paid back duly till now,furniture/equipment,2291,>= 1000 DM,<1 years,3,none,1,car or other,44,none,own,3,skilled employee / official,2,yes,yes,male,divorced/separated,1
no account,31,existing credits paid back duly till now,car (new),3018,500 <= < 1000 DM,<1 years,3,none,4,car or other,45,none,rent,2,unskilled - resident,2,none,yes,male,divorced/separated,0
no account,17,existing credits paid back duly till now,furniture/equipment,792,>= 1000 DM,4<= <7 years,4,none,1,real estate,31,none,own,2,skilled employee / official,2,yes,yes,male,divorced/separated,1
no account,43,existing credits paid back duly till now,car (used),5288,>= 1000 DM,4<= <7 years,2,guarantor,2,car or other,34,none,own,2,skilled employee / official,2,none,yes,female,divorced/separated,1
no account,27,delay in paying off,business,4413,no savings account,<1 years,4,none,4,savings agreement/life insurance,23,none,own,3,skilled employee / official,2,none,yes,male,divorced/separated,1
0 <= <200 DM,24,existing credits paid back duly till now,car (used),4114,>= 1000 DM,4<= <7 years,3,none,4,car or other,40,none,own,2,skilled employee / official,2,none,yes,female,divorced/separated,0
0 <= <200 DM,43,existing credits paid back duly till now,furniture/equipment,9541,no savings account,4<= <7 years,2,none,2,car or other,39,none,own,1,skilled employee / official,2,yes,yes,female,divorced/separated,1
0 <= <200 DM,21,critical account,education,3886,<100 DM,<1 years,3,none,2,savings agreement/life insurance,30,none,rent,2,unskilled - resident,1,none,yes,female,divorced/separated,0
0 <= <200 DM,49,existing credits paid back duly till now,car (used),9200,<100 DM,4<= <7 years,2,none,3,car or other,24,none,own,2,skilled employee / official,2,yes,yes,female,divorced/separated,1
<0 DM,26,all credits at this bank paid back duly,car (used),4761,<100 DM,4<= <7 years,4,none,3,unknown / no property,67,none,for free,2,skilled employee / official,2,yes,yes,female,divorced/separated,0
no account,46,all credits at this bank paid back duly,domestic appliances,7647,<100 DM,1<= < 4 years,3,none,2,unknown / no property,29,none,for free,2,unskilled - resident,2,none,yes,male,divorced/separated,0
0 <= <200 DM,39,existing credits paid back duly till now,car (used),6709,no savings account,4<= <7 years,3,none,1,car or other,41,none,own,2,skilled employee / official,1,yes,no,female,divorced/separated,1
0 <= <200 DM,41,all credits at this bank paid back duly,others,9425,<100 DM,unemployed,3,guarantor,4,savings agreement/life insurance,44,bank,for free,2,management/ highly qualified employee,2,none,yes,male,divorced/separated,0
no account,30,existing credits paid back duly till now,furniture/equipment,3184,>= 1000 DM,4<= <7 years,3,none,2,car or other,43,none,own,2,skilled employee / official,2,yes,yes,male,divorced/separated,0
0 <= <200 DM,21,existing credits paid back duly till now,furniture/equipment,2278,<100 DM,4<= <7 years,4,none,3,savings agreement/life insurance,53,none,for free,2,skilled employee / official,2,yes,yes,male,divorced/separated,1
no account,24,no credits taken,domestic appliances,4418,>= 1000 DM,1<= < 4 years,3,none,4,savings agreement/life insurance,49,none,own,3,unskilled - resident,2,none,yes,female,divorced/separated,0
no account,20,critical account,others,2759,500 <= < 1000 DM,1<= < 4 years,3,none,3,savings agreement/life insurance,58,none,own,3,unskilled - resident,2,none,yes,male,divorced/separated,1
no account,20,critical account,others,1732,>= 1000 DM,1<= < 4 years,3,none,3,unknown / no property,51,none,own,3,unskilled - resident,2,yes,yes,male,divorced/separated,1
no account,18,existing credits paid back duly till now,furniture/equipment,4067,>= 1000 DM,4<= <7 years,3,none,2,real estate,29,none,own,2,skilled employee / official,2,yes,yes,female,divorced/separated,1
no account,26,existing credits paid back duly till now,business,3159,500 <= < 1000 DM,4<= <7 years,4,none,4,car or other,46,none,own,2,unskilled - resident,2,yes,yes,male,divorced/separated,1
0 <= <200 DM,34,all credits at this bank paid back duly,car (used),5909,<100 DM,unemployed,4,none,3,savings agreement/life insurance,26,none,own,2,unskilled - resident,2,yes,yes,male,divorced/separated,1
0 <= <200 DM,20,delay in paying off,domestic appliances,3712,<100 DM,4<= <7 years,4,none,1,car or other,36,none,own,2,skilled employee / official,2,yes,yes,male,divorced/separated,1
0 <= <200 DM,31,existing credits paid back duly till now,domestic appliances,2045,<100 DM,4<= <7 years,3,none,2,real estate,27,none,own,1,skilled employee / official,1,none,yes,male,divorced/separated,1
no account,38,existing credits paid back duly till now,car (used),4059,no savings account,4<= <7 years,3,none,4,car or other,26,none,own,1,skilled employee / official,1,none,no,male,divorced/separated,1
0 <= <200 DM,25,critical account,car (new),6511,<100 DM,4<= <7 years,3,none,4,savings agreement/life insurance,39,none,rent,3,unskilled - resident,2,none,yes,female,divorced/separated,0
0 <= <200 DM,39,existing credits paid back duly till now,car (used),6612,<100 DM,4<= <7 years,3,none,3,savings agreement/life insurance,30,none,own,2,skilled employee / official,2,yes,yes,male,divorced/separated,1
<0 DM,33,critical account,education,5052,<100 DM,1<= < 4 years,4,none,4,savings agreement/life insurance,43,none,own,2,unskilled - resident,1,none,yes,male,divorced/separated,1
0 <= <200 DM,27,existing credits paid back duly till now,education,5654,<100 DM,unemployed,4,none,4,savings agreement/life insurance,28,none,own,2,skilled employee / official,1,yes,yes,male,divorced/separated,1
no account,26,existing credits paid back duly till now,business,2045,no savings account,4<= <7 years,4,none,4,unknown / no property,26,none,own,2,skilled employee / official,1,yes,no,male,divorced/separated,1
0 <= <200 DM,16,existing credits paid back duly till now,furniture/equipment,5370,>= 1000 DM,4<= <7 years,1,none,2,car or other,55,none,own,2,skilled employee / official,1,yes,no,female,divorced/separated,1
0 <= <200 DM,46,existing credits paid back duly till now,car (used),10506,100 <= <500 DM,4<= <7 years,2,none,1,car or other,19,none,own,1,skilled employee / official,1,yes,yes,female,divorced/separated,1
0 <= <200 DM,46,existing credits paid back duly till now,car (used),10753,no savings account,unemployed,3,co-applicant,4,unknown / no property,23,none,own,1,unskilled - resident,2,yes,yes,male,divorced/separated,1
no account,10,critical account,car (new),1084,<100 DM,<1 years,2,none,2,savings agreement/life insurance,41,none,own,2,unskilled - resident,1,none,yes,male,divorced/separated,1
no account,31,delay in paying off,domestic appliances,2169,no savings account,1<= < 4 years,4,none,4,unknown / no property,25,none,own,2,unskilled - resident,2,none,yes,male,divorced/separated,1
0 <= <200 DM,57,existing credits paid back duly till now,car (used),11962,no savings account,4<= <7 years,2,none,3,car or other,30,none,for free,1,skilled employee / official,2,yes,yes,female,divorced/separated,0
<0 DM,21,existing credits paid back duly till now,others,3956,>= 1000 DM,1<= < 4 years,3,none,3,unknown / no property,63,none,own,3,skilled employee / official,2,yes,yes,male,divorced/separated,1
0 <= <200 DM,11,existing credits paid back duly till now,business,2317,>= 1000 DM,<1 years,2,none,3,real estate,32,none,own,2,unskilled - resident,1,none,yes,male,divorced/separated,1
no account,22,existing credits paid back duly till now,car (used),2240,no savings account,4<= <7 years,4,none,3,real estate,19,none,own,2,skilled employee / official,2,yes,no,female,divorced/separated,1
0 <= <200 DM,32,critical account,others,6623,<100 DM,1<= < 4 years,4,none,3,savings agreement/life insurance,47,none,own,2,unskilled - resident,2,yes,yes,male,divorced/separated,1
no account,18,existing credits paid back duly till now,domestic appliances,3715,<100 DM,unemployed,3,none,2,real estate,49,none,own,2,unskilled - resident,2,yes,yes,male,divorced/separated,1
no account,23,all credits at this bank paid back duly,radio/television,2639,<100 DM,unemployed,4,none,2,unknown / no property,46,none,own,2,management/ highly qualified employee,2,yes,yes,male,divorced/separated,1
0 <= <200 DM,14,critical account,education,5008,<100 DM,1<= < 4 years,3,none,3,savings agreement/life insurance,67,none,own,2,unskilled - resident,2,yes,no,female,divorced/separated,1
0 <= <200 DM,26,existing credits paid back duly till now,car (used),5889,<100 DM,4<= <7 years,3,none,3,unknown / no property,44,none,rent,2,management/ highly qualified employee,2,yes,yes,male,divorced/separated,1
no account,18,existing credits paid back duly till now,furniture/equipment,4238,<100 DM,unemployed,3,none,1,unknown / no property,30,none,own,1,unskilled - resident,2,yes,yes,male,divorced/separated,1
no account,31,existing credits paid back duly till now,car (used),5311,no savings account,4<= <7 years,3,none,2,car or other,33,none,own,1,skilled employee / official,2,yes,yes,male,divorced/separated,1
no account,17,delay in paying off,car (new),2431,>= 1000 DM,4<= <7 years,3,none,2,real estate,50,none,own,2,skilled employee / official,2,yes,yes,male,divorced/separated,1
0 <= <200 DM,43,all credits at this bank paid back duly,furniture/equipment,11672,<100 DM,4<= <7 years,2,none,2,savings agreement/life insurance,35,none,rent,2,skilled employee / official,2,yes,yes,female,divorced/separated,1
no account,32,no credits taken,car (used),4913,no savings account,4<= <7 years,3,none,4,savings agreement/life insurance,57,none,own,3,skilled employee / official,2,yes,yes,male,divorced/separated,1
0 <= <200 DM,48,all credits at this bank paid back duly,car (used),10468,<100 DM,unemployed,4,none,3,unknown / no property,20,none,own,1,skilled employee / official,2,yes,yes,male,divorced/separated,1
no account,35,existing credits paid back duly till now,car (used),4107,<100 DM,4<= <7 years,3,none,2,car or other,28,none,own,1,skilled employee / official,2,yes,yes,female,divorced/separated,1
0 <= <200 DM,22,critical account,furniture/equipment,7199,<100 DM,1<= < 4 years,2,none,3,unknown / no property,61,none,for free,2,skilled employee / official,2,yes,yes,male,divorced/separated,1
<0 DM,37,all credits at this bank paid back duly,car (used),8761,<100 DM,1<= < 4 years,4,none,4,savings agreement/life insurance,71,none,for free,2,skilled employee / official,2,yes,yes,male,divorced/separated,1
<0 DM,23,all credits at this bank paid back duly,car (used),2346,<100 DM,1<= < 4 years,4,none,4,unknown / no property,50,none,own,3,skilled employee / official,2,yes,yes,male,divorced/separated,1
0 <= <200 DM,29,critical account,domestic appliances,8126,<100 DM,unemployed,2,none,4,unknown / no property,57,bank,own,2,unskilled - resident,2,yes,yes,male,divorced/separated,1
no account,17,existing credits paid back duly till now,domestic appliances,454,no savings account,1<= < 4 years,3,none,2,real estate,37,none,own,2,skilled employee / official,1,none,yes,male,divorced/separated,1
no account,31,delay in paying off,car (used),4005,<100 DM,1<= < 4 years,4,none,3,unknown / no property,33,none,for free,2,skilled employee / official,2,none,yes,male,divorced/separated,0
0 <= <200 DM,29,all credits at this bank paid back duly,car (used),7302,<100 DM,unemployed,4,none,4,savings agreement/life insurance,43,none,own,2,unskilled - resident,2,yes,yes,male,divorced/separated,1
<0 DM,44,existing credits paid back duly till now,car (used),8506,<100 DM,4<= <7 years,4,none,4,unknown / no property,31,none,own,1,skilled employee / official,2,yes,yes,female,divorced/separated,0
0 <= <200 DM,38,existing credits paid back duly till now,furniture/equipment,8640,<100 DM,4<= <7 years,4,none,1,unknown / no property,27,none,rent,1,management/ highly qualified employee,2,yes,yes,female,divorced/separated,1
0 <= <200 DM,46,all credits at this bank paid back duly,radio/television,9552,<100 DM,1<= < 4 years,4,none,3,unknown / no property,42,none,own,3,management/ highly qualified employee,2,yes,yes,male,divorced/separated,1
no account,8,delay in paying off,domestic appliances,2346,>= 1000 DM,4<= <7 years,3,none,1,real estate,34,none,own,3,skilled employee / official,2,yes,yes,male,divorced/separated,1
0 <= <200 DM,39,existing credits paid back duly till now,others,8205,<100 DM,unemployed,4,none,3,savings agreement/life insurance,24,none,rent,1,management/ highly qualified employee,1,none,yes,male,divorced/separated,0
no account,27,existing credits paid back duly till now,furniture/equipment,6817,>= 1000 DM,unemployed,3,none,2,unknown / no property,23,none,own,1,skilled employee / official,2,yes,yes,female,divorced/separated,1
no account,39,no credits taken,radio/television,5807,>= 1000 DM,1<= < 4 years,4,none,3,unknown / no property,40,none,own,2,skilled employee / official,2,yes,yes,male,divorced/separated,1
no account,25,existing credits paid back duly till now,car (used),5730,<100 DM,unemployed,2,none,2,real estate,20,none,own,1,unskilled - resident,2,none,yes,female,divorced/separated,0
no account,49,existing credits paid back duly till now,radio/television,6659,no savings account,4<= <7 years,3,co-applicant,3,car or other,30,none,own,2,skilled employee / official,2,none,yes,male,divorced/separated,1
<0 DM,15,critical account,domestic appliances,4057,>= 1000 DM,1<= < 4 years,2,none,4,unknown / no property,73,none,for free,2,unskilled - resident,2,yes,yes,male,divorced/separated,1
no account,22,existing credits paid back duly till now,domestic appliances,2076,>= 1000 DM,4<= <7 years,3,none,2,unknown / no property,53,none,own,2,skilled employee / official,2,yes,yes,male,divorced/separated,1
no account,25,existing credits paid back duly till now,car (used),3148,no savings account,1<= < 4 years,3,none,3,unknown / no property,32,none,own,1,skilled employee / official,2,yes,yes,male,married/widowed,1
<0 DM,26,all credits at this bank paid back duly,car (new),5010,<100 DM,unemployed,4,none,4,savings agreement/life insurance,39,none,for free,2,management/ highly qualified employee,2,none,yes,male,divorced/separated,1
<0 DM,14,existing credits paid back duly till now,car (new),2017,<100 DM,unemployed,3,none,3,real estate,38,none,rent,2,unskilled - resident,2,none,yes,female,married/widowed,1
0 <= <200 DM,34,existing credits paid back duly till now,education,5070,<100 DM,1<= < 4 years,3,none,3,savings agreement/life insurance,28,none,own,1,skilled employee / official,1,none,yes,male,divorced/separated,1
no account,37,existing credits paid back duly till now,car (used),6334,<100 DM,4<= <7 years,3,none,4,car or other,22,none,own,1,skilled employee / official,2,yes,yes,male,divorced/separated,1
<0 DM,35,all credits at this bank paid back duly,furniture/equipment,7098,<100 DM,4<= <7 years,3,none,3,savings agreement/life insurance,25,none,rent,1,skilled employee / official,2,none,yes,male,divorced/separated,1
0 <= <200 DM,24,existing credits paid back duly till now,car (new),3747,<100 DM,4<= <7 years,4,none,4,real estate,22,none,own,1,unskilled - resident,1,none,yes,male,divorced/separated,1
no account,30,existing credits paid back duly till now,car (new),3988,no savings account,4<= <7 years,3,none,2,car or other,26,none,own,1,unskilled - resident,2,none,yes,male,divorced/separated,0
0 <= <200 DM,33,no credits taken,car (used),6028,no savings account,4<= <7 years,3,none,3,car or other,39,none,own,2,skilled employee / official,2,yes,yes,male,divorced/separated,1
<0 DM,33,all credits at this bank paid back duly,car (used),8746,<100 DM,1<= < 4 years,2,none,2,car or other,36,none,own,1,unskilled - resident,2,none,yes,male,married/widowed,0
0 <= <200 DM,26,existing credits paid back duly till now,car (used),6251,<100 DM,4<= <7 years,4,none,4,unknown / no property,31,none,rent,1,skilled employee / official,1,yes,yes,male,divorced/separated,1
0 <= <200 DM,9,delay in paying off,others,3509,<100 DM,4<= <7 years,3,none,4,savings agreement/life insurance,40,none,own,3,management/ highly qualified employee,2,yes,yes,male,divorced/separated,1
no account,23,existing credits paid back duly till now,radio/television,5039,>= 1000 DM,4<= <7 years,4,none,2,savings agreement/life insurance,26,none,own,2,skilled employee / official,1,yes,yes,male,divorced/separated,1
no account,17,existing credits paid back duly till now,furniture/equipment,2404,<100 DM,unemployed,4,none,4,savings agreement/life insurance,36,none,own,2,management/ highly qualified employee,1,yes,yes,male,divorced/separated,1
no account,24,critical account,car (new),781,100 <= <500 DM,1<= < 4 years,3,none,3,savings agreement/life insurance,53,none,for free,2,unskilled - resident,1,none,yes,male,divorced/separated,1
no account,48,all credits at this bank paid back duly,radio/television,6236,no savings account,unemployed,4,co-applicant,4,car or other,44,none,for free,1,unskilled - resident,2,yes,yes,male,divorced/separated,1
0 <= <200 DM,38,existing credits paid back duly till now,domestic appliances,8382,<100 DM,4<= <7 years,3,none,2,real estate,25,none,own,1,skilled employee / official,2,none,yes,female,married/widowed,0
no account,25,existing credits paid back duly till now,radio/television,2061,500 <= < 1000 DM,1<= < 4 years,4,none,2,unknown / no property,35,none,own,2,skilled employee / official,2,yes,yes,male,divorced/separated,1
<0 DM,30,all credits at this bank paid back duly,others,7987,<100 DM,1<= < 4 years,3,none,2,unknown / no property,31,none,own,2,management/ highly qualified employee,2,none,yes,male,divorced/separated,0
0 <= <200 DM,17,existing credits paid back duly till now,furniture/equipment,4475,<100 DM,4<= <7 years,2,none,3,savings agreement/life insurance,28,none,own,2,skilled employee / official,1,none,yes,male,divorced/separated,1
0 <= <200 DM,40,existing credits paid back duly till now,radio/television,12799,100 <= <500 DM,1<= < 4 years,3,none,2,car or other,35,none,own,2,unskilled - resident,2,yes,yes,male,divorced/separated,1
no account,30,critical account,others,6055,no savings account,<1 years,2,none,2,car or other,31,store,own,2,skilled employee / official,1,none,yes,male,divorced/separated,1
>= 200 DM ,16,no credits taken,car (used),5107,no savings account,unemployed,3,none,3,car or other,32,none,own,2,unskilled - resident,2,yes,yes,male,divorced/separated,1
<0 DM,29,all credits at this bank paid back duly,radio/television,5505,<100 DM,1<= < 4 years,3,none,2,unknown / no property,48,none,own,3,management/ highly qualified employee,2,none,yes,male,divorced/separated,0
no account,7,critical account,radio/television,1649,<100 DM,unemployed,4,none,4,unknown / no property,48,none,own,3,unskilled - resident,2,none,yes,male,divorced/separated,1
>= 200 DM ,12,delay in paying off,car (new),3174,>= 1000 DM,<1 years,3,none,2,real estate,38,none,own,3,unskilled - resident,2,yes,yes,male,divorced/separated,1
no account,18,no credits taken,domestic appliances,1910,<100 DM,4<= <7 years,3,none,2,savings agreement/life insurance,27,none,own,2,unskilled - resident,1,none,yes,male,divorced/separated,1
no account,27,existing credits paid back duly till now,domestic appliances,5580,<100 DM,>=7 years,3,none,2,savings agreement/life insurance,40,none,own,1,unskilled - resident,2,yes,yes,male,divorced/separated,1
<0 DM,38,no credits taken,radio/television,12458,<100 DM,unemployed,4,none,4,unknown / no property,32,none,own,1,unskilled - resident,2,yes,no,male,divorced/separated,1
no account,13,existing credits paid back duly till now,others,3123,<100 DM,<1 years,2,none,2,savings agreement/life insurance,36,none,own,2,unskilled - resident,1,yes,yes,male,divorced/separated,1
<0 DM,19,existing credits paid back duly till now,domestic appliances,5173,<100 DM,unemployed,4,none,3,unknown / no property,42,none,own,2,management/ highly qualified employee,1,yes,yes,male,divorced/separated,1
<0 DM,33,no credits taken,car (used),7731,<100 DM,4<= <7 years,3,none,3,savings agreement/life insurance,43,none,own,2,skilled employee / official,2,yes,yes,male,divorced/separated,1
no account,25,existing credits paid back duly till now,radio/television,6571,>= 1000 DM,4<= <7 years,2,none,3,savings agreement/life insurance,43,none,own,2,unskilled - resident,2,none,yes,male,divorced/separated,1
0 <= <200 DM,22,existing credits paid back duly till now,retraining,5317,100 <= <500 DM,unemployed,3,none,4,savings agreement/life insurance,25,none,rent,2,unskilled - resident,1,none,yes,female,divorced/separated,1
<0 DM,20,delay in paying off,radio/television,5580,<100 DM,1<= < 4 years,4,none,1,unknown / no property,45,store,own,3,management/ highly qualified employee,2,yes,yes,male,divorced/separated,0
<0 DM,9,existing credits paid back duly till now,car (used),620,>= 1000 DM,>=7 years,3,none,3,unknown / no property,58,none,own,2,skilled employee / official,2,yes,yes,male,divorced/separated,1
no account,16,all credits at this bank paid back duly,radio/television,306,<100 DM,>=7 years,4,none,4,unknown / no property,34,none,own,2,management/ highly qualified employee,2,none,yes,male,divorced/separated,1
<0 DM,40,all credits at this bank paid back duly,radio/television,5750,<100 DM,>=7 years,4,none,3,unknown / no property,26,store,for free,1,management/ highly qualified employee,2,none,yes,male,married/widowed,0
no account,20,no credits taken,radio/television,2052,no savings account,>=7 years,4,co-applicant,4,unknown / no property,31,none,own,2,skilled employee / official,2,yes,yes,male,divorced/separated,1
no account,16,delay in paying off,radio/television,1658,<100 DM,<1 years,3,none,2,savings agreement/life insurance,33,none,own,2,unskilled - resident,2,none,yes,male,divorced/separated,1
<0 DM,31,existing credits paid back duly till now,radio/television,5685,<100 DM,4<= <7 years,4,none,3,unknown / no property,26,none,own,1,skilled employee / official,1,yes,yes,male,divorced/separated,1
0 <= <200 DM,38,delay in paying off,radio/television,8972,<100 DM,<1 years,3,none,4,unknown / no property,31,none,for free,2,management/ highly qualified employee,1,none,yes,male,divorced/separated,0
no account,35,critical account,radio/television,5966,no savings account,unemployed,4,none,4,savings agreement/life insurance,57,store,for free,2,unskilled - resident,2,none,yes,male,divorced/separated,1
no account,23,no credits taken,business,4262,no savings account,4<= <7 years,3,none,3,car or other,33,none,own,2,unskilled - resident,2,yes,yes,male,divorced/separated,1
<0 DM,22,critical account,radio/television,5116,<100 DM,1<= < 4 years,3,none,4,savings agreement/life insurance,48,none,own,3,unskilled - resident,2,yes,yes,male,divorced/separated,1
no account,21,delay in paying off,radio/television,5953,<100 DM,4<= <7 years,3,none,2,unknown / no property,33,store,own,3,management/ highly qualified employee,2,yes,yes,female,divorced/separated,0
no account,21,existing credits paid back duly till now,car (used),5292,>= 1000 DM,4<= <7 years,3,none,3,real estate,32,none,own,2,skilled employee / official,2,yes,yes,male,divorced/separated,1
0 <= <200 DM,33,no credits taken,car (used),6877,<100 DM,1<= < 4 years,4,none,4,savings agreement/life insurance,33,none,own,2,management/ highly qualified employee,2,yes,yes,male,divorced/separated,1
<0 DM,27,critical account,car (new),4414,<100 DM,>=7 years,3,none,3,savings agreement/life insurance,44,none,for free,2,management/ highly qualified employee,1,none,yes,male,divorced/separated,1
<0 DM,13,existing credits paid back duly till now,education,1862,>= 1000 DM,1<= < 4 years,3,none,2,savings agreement/life insurance,40,none,own,1,unskilled - resident,1,none,yes,male,married/widowed,1
no account,24,delay in paying off,radio/television,5065,100 <= <500 DM,4<= <7 years,4,none,3,unknown / no property,24,none,own,2,skilled employee / official,2,yes,yes,male,divorced/separated,1
0 <= <200 DM,33,existing credits paid back duly till now,business,9691,100 <= <500 DM,unemployed,2,none,3,car or other,37,none,own,2,skilled employee / official,2,yes,yes,male,divorced/separated,1
0 <= <200 DM,19,delay in paying off,radio/television,4661,<100 DM,unemployed,4,none,4,savings agreement/life insurance,28,none,own,2,management/ highly qualified employee,1,yes,yes,male,divorced/separated,1
no account,19,no credits taken,car (used),2956,>= 1000 DM,4<= <7 years,1,none,3,car or other,46,none,own,3,skilled employee / official,2,none,yes,male,divorced/separated,0
>= 200 DM ,55,no credits taken,car (used),8870,no savings account,4<= <7 years,3,none,2,car or other,31,none,own,1,skilled employee / official,2,yes,yes,male,divorced/separated,0
<0 DM,19,delay in paying off,car (new),3476,<100 DM,4<= <7 years,3,none,3,real estate,45,none,own,3,management/ highly qualified employee,2,none,yes,male,divorced/separated,0
no account,9,existing credits paid back duly till now,car (new),671,>= 1000 DM,<1 years,3,none,3,real estate,37,none,own,2,unskilled - resident,1,none,yes,male,divorced/separated,1
0 <= <200 DM,42,no credits taken,radio/television,11121,<100 DM,unemployed,3,none,4,unknown / no property,27,none,own,1,unskilled - resident,2,none,yes,male,married/widowed,1
>= 200 DM ,36,delay in paying off,car (new),7970,no savings account,4<= <7 years,2,co-applicant,2,real estate,24,none,own,2,skilled employee / official,1,none,yes,male,divorced/separated,1
0 <= <200 DM,52,all credits at this bank paid back duly,radio/television,11807,no savings account,4<= <7 years,4,none,4,unknown / no property,32,store,for free,2,management/ highly qualified employee,2,none,yes,male,divorced/separated,1
no account,20,critical account,domestic appliances,3775,<100 DM,unemployed,3,none,2,unknown / no property,21,none,own,2,unskilled - resident,1,yes,yes,male,divorced/separated,1
<0 DM,9,no credits taken,car (new),3053,<100 DM,>=7 years,4,none,2,unknown / no property,33,none,own,2,unskilled - resident,2,yes,yes,male,married/widowed,1
<0 DM,24,critical account,radio/television,1861,<100 DM,<1 years,4,none,4,unknown / no property,50,none,own,2,skilled employee / official,1,none,yes,male,divorced/separated,1
no account,23,no credits taken,repairs,5842,no savings account,4<= <7 years,1,none,2,car or other,33,none,own,1,skilled employee / official,1,yes,yes,male,divorced/separated,1
no account,39,no credits taken,radio/television,8480,<100 DM,4<= <7 years,3,none,2,unknown / no property,23,store,own,1,management/ highly qualified employee,2,none,yes,male,divorced/separated,0
>= 200 DM ,19,existing credits paid back duly till now,radio/television,3917,<100 DM,unemployed,4,none,2,real estate,23,none,own,2,skilled employee / official,1,yes,yes,male,divorced/separated,1
0 <= <200 DM,39,delay in paying off,radio/television,8052,<100 DM,4<= <7 years,3,none,3,unknown / no property,24,none,rent,2,skilled employee / official,2,yes,yes,male,divorced/separated,1
<0 DM,21,critical account,radio/television,7456,<100 DM,unemployed,3,none,2,unknown / no property,44,none,own,2,skilled employee / official,2,yes,yes,female,divorced/separated,1
<0 DM,11,delay in paying off,car (new),3744,<100 DM,>=7 years,4,none,4,unknown / no property,50,none,own,2,management/ highly qualified employee,2,none,yes,male,married/widowed,0
no account,25,existing credits paid back duly till now,domestic appliances,6058,<100 DM,>=7 years,2,none,2,unknown / no property,27,none,own,2,management/ highly qualified employee,2,yes,yes,male,divorced/separated,0
0 <= <200 DM,32,critical account,radio/television,8348,no savings account,<1 years,3,none,2,savings agreement/life insurance,26,store,own,3,skilled employee / official,1,yes,yes,male,divorced/separated,1
no account,19,all credits at this bank paid back duly,radio/television,1304,<100 DM,>=7 years,3,none,4,unknown / no property,36,none,own,2,management/ highly qualified employee,2,none,yes,male,divorced/separated,1
no account,31,existing credits paid back duly till now,radio/television,4993,100 <= <500 DM,>=7 years,4,none,3,unknown / no property,24,none,own,1,unskilled - resident,2,yes,yes,male,divorced/separated,1
no account,27,existing credits paid back duly till now,furniture/equipment,6061,>= 1000 DM,4<= <7 years,2,none,2,unknown / no property,36,none,own,1,skilled employee / official,1,none,yes,male,divorced/separated,1
0 <= <200 DM,42,delay in paying off,car (used),10637,<100 DM,4<= <7 years,2,none,2,unknown / no property,32,none,own,2,skilled employee / official,1,none,yes,male,divorced/separated,0
<0 DM,34,no credits taken,radio/television,6644,no savings account,unemployed,4,none,4,unknown / no property,30,none,own,1,skilled employee / official,2,yes,yes,male,divorced/separated,1
0 <= <200 DM,34,no credits taken,radio/television,9284,<100 DM,1<= < 4 years,3,none,4,unknown / no property,44,none,rent,2,management/ highly qualified employee,2,yes,yes,male,divorced/separated,0
<0 DM,25,critical account,radio/television,6176,>= 1000 DM,1<= < 4 years,3,none,3,car or other,61,none,rent,2,skilled employee / official,2,yes,yes,male,divorced/separated,1
<0 DM,25,no credits taken,domestic appliances,7662,<100 DM,unemployed,3,none,3,unknown / no property,35,none,own,2,management/ highly qualified employee,2,yes,yes,male,divorced/separated,1
0 <= <200 DM,34,existing credits paid back duly till now,car (new),9109,<100 DM,unemployed,3,none,3,unknown / no property,45,none,own,1,unskilled - resident,1,yes,yes,male,divorced/separated,1
no account,8,critical account,retraining,754,>= 1000 DM,1<= < 4 years,4,none,3,savings agreement/life insurance,47,none,own,2,unskilled - resident,1,none,yes,male,divorced/separated,1
no account,19,no credits taken,radio/television,1077,no savings account,1<= < 4 years,4,none,4,real estate,34,none,own,2,unskilled - resident,1,none,yes,male,divorced/separated,1
>= 200 DM ,24,no credits taken,car (new),5248,100 <= <500 DM,unemployed,2,none,4,savings agreement/life insurance,45,none,rent,1,unskilled - resident,2,none,yes,male,divorced/separated,0
0 <= <200 DM,5,existing credits paid back duly till now,furniture/equipment,2558,<100 DM,unemployed,3,none,3,savings agreement/life insurance,24,none,own,2,management/ highly qualified employee,1,none,yes,male,married/widowed,1
no account,26,existing credits paid back duly till now,repairs,5053,100 <= <500 DM,unemployed,3,none,3,unknown / no property,22,none,own,1,management/ highly qualified employee,1,none,yes,male,divorced/separated,1
<0 DM,32,no credits taken,radio/television,4461,<100 DM,>=7 years,4,none,4,unknown / no property,37,store,own,2,skilled employee / official,2,yes,yes,male,divorced/separated,1
<0 DM,9,no credits taken,domestic appliances,2473,<100 DM,>=7 years,4,none,2,unknown / no property,32,none,own,2,skilled employee / official,2,yes,yes,male,divorced/separated,1
>= 200 DM ,14,critical account,car (new),3006,<100 DM,>=7 years,4,none,2,savings agreement/life insurance,25,none,own,2,management/ highly qualified employee,2,none,yes,male,divorced/separated,0
no account,26,existing credits paid back duly till now,radio/television,4416,100 <= <500 DM,4<= <7 years,3,none,2,savings agreement/life insurance,31,none,own,1,unskilled - resident,1,none,yes,male,divorced/separated,1
<0 DM,14,delay in paying off,radio/television,2393,>= 1000 DM,1<= < 4 years,4,none,3,real estate,42,none,own,2,skilled employee / official,2,none,yes,male,divorced/separated,1
0 <= <200 DM,43,critical account,radio/television,8768,<100 DM,1<= < 4 years,4,none,3,car or other,20,none,own,1,management/ highly qualified employee,2,yes,yes,male,divorced/separated,0
>= 200 DM ,25,existing credits paid back duly till now,business,7497,no savings account,4<= <7 years,2,none,1,car or other,37,none,own,2,skilled employee / official,2,yes,yes,male,divorced/separated,1
0 <= <200 DM,18,delay in paying off,domestic appliances,8571,<100 DM,unemployed,3,none,2,unknown / no property,47,bank,own,3,management/ highly qualified employee,2,yes,yes,male,divorced/separated,1
<0 DM,13,existing credits paid back duly till now,car (new),4444,<100 DM,unemployed,4,none,3,savings agreement/life insurance,39,none,own,1,unskilled - resident,1,yes,yes,male,divorced/separated,1
no account,26,no credits taken,radio/television,4402,<100 DM,unemployed,4,none,4,unknown / no property,46,none,own,2,unskilled - resident,2,yes,yes,male,divorced/separated,1
no account,14,existing credits paid back duly till now,car (new),1121,<100 DM,<1 years,4,none,3,savings agreement/life insurance,31,none,own,2,unskilled - resident,1,none,yes,male,divorced/separated,1
no account,48,no credits taken,car (used),8553,no savings account,1<= < 4 years,3,none,2,savings agreement/life insurance,61,none,own,2,skilled employee / official,2,yes,yes,male,divorced/separated,0
<0 DM,21,critical account,car (new),3539,<100 DM,<1 years,3,none,3,unknown / no property,37,none,own,1,unskilled - resident,1,none,yes,male,divorced/separated,1
>= 200 DM ,44,existing credits paid back duly till now,radio/television,10212,<100 DM,unemployed,4,none,3,unknown / no property,24,none,own,1,management/ highly qualified employee,2,none,yes,male,divorced/separated,0
no account,41,no credits taken,radio/television,10777,100 <= <500 DM,4<= <7 years,3,co-applicant,1,unknown / no property,19,none,own,1,unskilled - resident,2,yes,yes,male,divorced/separated,1
0 <= <200 DM,33,no credits taken,car (new),12201,<100 DM,unemployed,2,none,4,unknown / no property,46,none,rent,2,unskilled - resident,2,yes,yes,male,divorced/separated,1
<0 DM,28,critical account,radio/television,4974,no savings account,unemployed,4,none,4,savings agreement/life insurance,51,store,own,2,unskilled - resident,2,yes,yes,male,divorced/separated,1
<0 DM,33,critical account,car (used),9686,<100 DM,1<= < 4 years,3,none,2,savings agreement/life insurance,34,none,rent,2,skilled employee / official,2,yes,yes,male,divorced/separated,1
no account,15,delay in paying off,retraining,1337,>= 1000 DM,>=7 years,4,none,3,real estate,37,none,own,2,skilled employee / official,2,yes,yes,male,divorced/separated,1
0 <= <200 DM,29,delay in paying off,car (new),8991,<100 DM,<1 years,2,none,1,savings agreement/life insurance,27,bank,own,4,management/ highly qualified employee,2,yes,yes,male,divorced/separated,0
<0 DM,25,no credits taken,radio/television,6518,no savings account,>=7 years,3,none,3,unknown / no property,53,none,own,3,skilled employee / official,2,yes,yes,male,divorced/separated,0
>= 200 DM ,16,critical account,car (new),4309,no savings account,unemployed,3,none,3,savings agreement/life insurance,34,none,own,3,unskilled - resident,2,yes,yes,male,divorced/separated,1
<0 DM,26,no credits taken,radio/television,4984,no savings account,1<= < 4 years,4,none,3,savings agreement/life insurance,32,none,own,2,unskilled - resident,2,none,yes,male,divorced/separated,1
<0 DM,28,existing credits paid back duly till now,car (new),5168,100 <= <500 DM,4<= <7 years,3,none,4,savings agreement/life insurance,35,none,own,1,unskilled - resident,1,none,yes,male,divorced/separated,1
0 <= <200 DM,20,no credits taken,car (new),8886,100 <= <500 DM,unemployed,1,none,3,unknown / no property,49,none,own,3,unskilled - resident,2,yes,yes,male,divorced/separated,1
<0 DM,8,no credits taken,car (used),5709,<100 DM,1<= < 4 years,2,none,4,unknown / no property,52,none,own,2,skilled employee / official,2,yes,yes,male,married/widowed,1
<0 DM,4,no credits taken,furniture/equipment,553,<100 DM,>=7 years,4,none,4,unknown / no property,24,none,own,1,management/ highly qualified employee,2,none,yes,male,married/widowed,0
>= 200 DM ,22,critical account,car (new),6640,<100 DM,1<= < 4 years,4,none,4,unknown / no property,75,bank,own,3,unskilled - resident,2,yes,yes,male,divorced/separated,1
<0 DM,10,no credits taken,car (new),630,<100 DM,>=7 years,4,none,4,savings agreement/life insurance,53,none,own,3,unskilled - resident,2,none,yes,male,divorced/separated,1
<0 DM,10,critical account,car (new),2153,<100 DM,<1 years,2,none,2,savings agreement/life insurance,63,none,own,2,unskilled - resident,1,yes,yes,male,divorced/separated,1
<0 DM,28,critical account,car (new),8462,<100 DM,1<= < 4 years,3,none,2,unknown / no property,47,none,rent,1,management/ highly qualified employee,2,none,yes,male,divorced/separated,0
>= 200 DM ,15,critical account,radio/television,5784,<100 DM,1<= < 4 years,3,none,2,car or other,47,none,own,2,unskilled - resident,2,yes,yes,male,divorced/separated,1
no account,22,existing credits paid back duly till now,retraining,7306,100 <= <500 DM,<1 years,2,none,3,savings agreement/life insurance,19,none,own,2,unskilled - resident,1,yes,yes,male,divorced/separated,1
0 <= <200 DM,32,no credits taken,car (new),7506,100 <= <500 DM,4<= <7 years,2,none,3,real estate,19,none,own,2,unskilled - resident,2,none,yes,male,married/widowed,0
<0 DM,15,critical account,car (used),2450,<100 DM,1<= < 4 years,4,none,4,savings agreement/life insurance,46,none,own,2,unskilled - resident,1,none,yes,male,divorced/separated,1
no account,35,delay in paying off,car (new),12242,<100 DM,<1 years,2,none,3,unknown / no property,48,none,own,3,management/ highly qualified employee,2,yes,yes,male,divorced/separated,0
>= 200 DM ,28,delay in paying off,radio/television,5478,no savings account,1<= < 4 years,4,none,2,real estate,27,none,own,2,management/ highly qualified employee,2,none,yes,male,divorced/separated,1
no account,36,all credits at this bank paid back duly,radio/television,5227,no savings account,1<= < 4 years,3,co-applicant,3,car or other,38,none,own,3,skilled employee / official,2,yes,yes,male,divorced/separated,1
<0 DM,23,existing credits paid back duly till now,furniture/equipment,7107,100 <= <500 DM,unemployed,2,none,3,unknown / no property,40,bank,own,1,unskilled - resident,2,yes,yes,male,divorced/separated,1
<0 DM,18,no credits taken,radio/television,2859,<100 DM,<1 years,4,none,3,savings agreement/life insurance,19,none,own,2,skilled employee / official,2,none,yes,male,married/widowed,0
no account,49,no credits taken,radio/television,12423,<100 DM,4<= <7 years,3,none,3,unknown / no property,22,none,own,1,management/ highly qualified employee,2,yes,yes,male,divorced/separated,0
<0 DM,39,critical account,radio/television,9273,100 <= <500 DM,1<= < 4 years,4,none,3,unknown / no property,52,none,own,3,management/ highly qualified employee,2,yes,yes,male,divorced/separated,0
<0 DM,13,critical account,car (new),2151,<100 DM,>=7 years,4,none,4,savings agreement/life insurance,37,none,own,2,unskilled - resident,2,none,yes,male,divorced/separated,1
<0 DM,7,critical account,car (new),1357,<100 DM,unemployed,4,none,3,savings agreement/life insurance,31,none,own,2,unskilled - resident,1,yes,yes,female,divorced/separated,1
no account,35,delay in paying off,radio/television,7351,<100 DM,1<= < 4 years,4,none,3,unknown / no property,44,store,own,2,management/ highly qualified employee,2,yes,yes,male,divorced/separated,1
<0 DM,17,existing credits paid back duly till now,radio/television,2586,<100 DM,>=7 years,4,none,3,unknown / no property,33,none,own,1,unskilled - resident,1,none,yes,male,divorced/separated,1
>= 200 DM ,29,delay in paying off,car (new),8120,<100 DM,1<= < 4 years,3,none,1,savings agreement/life insurance,41,none,own,3,management/ highly qualified employee,2,yes,yes,male,divorced/separated,1
<0 DM,21,critical account,radio/television,4487,<100 DM,>=7 years,4,none,2,savings agreement/life insurance,28,store,own,2,management/ highly qualified employee,2,none,yes,male,divorced/separated,1
no account,23,critical account,car (new),5939,100 <= <500 DM,<1 years,2,none,3,savings agreement/life insurance,39,none,own,2,unskilled - resident,1,none,yes,male,divorced/separated,1
no account,40,no credits taken,radio/television,8976,no savings account,>=7 years,2,none,2,car or other,38,store,own,2,skilled employee / official,2,yes,yes,male,divorced/separated,0
0 <= <200 DM,26,critical account,radio/television,4359,<100 DM,>=7 years,4,guarantor,4,savings agreement/life insurance,21,none,own,3,management/ highly qualified employee,1,none,yes,male,divorced/separated,1
no account,27,no credits taken,radio/television,7311,<100 DM,4<= <7 years,2,none,1,unknown / no property,45,none,own,2,skilled employee / official,2,yes,yes,male,divorced/separated,1
>= 200 DM ,30,critical account,radio/television,6858,>= 1000 DM,1<= < 4 years,3,none,2,car or other,60,store,own,3,skilled employee / official,2,yes,yes,male,divorced/separated,1
<0 DM,13,critical account,radio/television,2891,100 <= <500 DM,<1 years,4,none,3,real estate,22,none,own,3,unskilled - resident,1,none,yes,male,divorced/separated,1
>= 200 DM ,34,existing credits paid back duly till now,repairs,10198,100 <= <500 DM,unemployed,3,none,2,real estate,31,none,own,1,skilled employee / official,2,none,yes,male,divorced/separated,0
<0 DM,18,existing credits paid back duly till now,repairs,5695,<100 DM,<1 years,3,none,4,unknown / no property,33,none,own,1,unskilled - resident,1,none,yes,male,divorced/separated,0
no account,31,critical account,radio/television,5873,100 <= <500 DM,<1 years,4,none,2,unknown / no property,37,none,own,2,unskilled - resident,2,none,yes,male,divorced/separated,1
>= 200 DM ,18,critical account,car (new),7097,100 <= <500 DM,unemployed,2,none,4,savings agreement/life insurance,69,none,own,3,unskilled - resident,2,yes,yes,male,divorced/separated,1
no account,39,delay in paying off,radio/television,8902,100 <= <500 DM,4<= <7 years,3,none,1,real estate,29,none,own,2,management/ highly qualified employee,2,none,yes,male,divorced/separated,0
<0 DM,4,critical account,radio/television,2420,<100 DM,<1 years,4,none,3,savings agreement/life insurance,57,none,own,3,management/ highly qualified employee,2,yes,yes,male,divorced/separated,1
<0 DM,15,no credits taken,repairs,4651,<100 DM,>=7 years,3,none,4,savings agreement/life insurance,42,none,own,2,management/ highly qualified employee,2,none,yes,male,divorced/separated,0
<0 DM,32,no credits taken,radio/television,8720,<100 DM,>=7 years,4,none,3,unknown / no property,36,store,own,3,management/ highly qualified employee,2,yes,yes,male,divorced/separated,1
no account,24,no credits taken,radio/television,2854,no savings account,>=7 years,4,none,4,savings agreement/life insurance,60,bank,for free,3,management/ highly qualified employee,2,none,yes,male,divorced/separated,0
<0 DM,10,no credits taken,car (new),1337,<100 DM,>=7 years,3,none,3,savings agreement/life insurance,60,none,own,4,unskilled - resident,2,none,yes,male,divorced/separated,0
<0 DM,19,critical account,car (new),4060,<100 DM,1<= < 4 years,4,none,2,savings agreement/life insurance,33,none,own,1,unskilled - resident,1,none,yes,male,divorced/separated,1
0 <= <200 DM,36,no credits taken,radio/television,12161,<100 DM,unemployed,4,none,4,unknown / no property,41,none,rent,2,management/ highly qualified employee,2,yes,yes,female,divorced/separated,0
>= 200 DM ,37,critical account,radio/television,7496,no savings account,>=7 years,3,none,2,unknown / no property,37,none,own,2,management/ highly qualified employee,2,yes,yes,male,divorced/separated,0
<0 DM,26,existing credits paid back duly till now,radio/television,5741,<100 DM,<1 years,4,none,4,unknown / no property,21,none,own,1,skilled employee / official,1,none,yes,female,divorced/separated,0
<0 DM,24,no credits taken,radio/television,7268,<100 DM,1<= < 4 years,4,none,3,unknown / no property,38,store,own,2,management/ highly qualified employee,2,yes,yes,male,divorced/separated,1
>= 200 DM ,23,critical account,car (used),7865,100 <= <500 DM,1<= < 4 years,3,none,4,savings agreement/life insurance,46,none,rent,2,skilled employee / official,2,yes,yes,male,divorced/separated,1
<0 DM,25,no credits taken,radio/television,6619,100 <= <500 DM,1<= < 4 years,3,none,4,unknown / no property,48,none,own,1,unskilled - resident,2,none,yes,male,divorced/separated,1
no account,13,existing credits paid back duly till now,car (new),2487,100 <= <500 DM,4<= <7 years,4,none,4,savings agreement/life insurance,32,none,own,2,unskilled - resident,1,none,yes,male,divorced/separated,1
no account,36,no credits taken,domestic appliances,6720,no savings account,>=7 years,3,none,4,unknown / no property,30,none,own,2,management/ highly qualified employee,2,none,yes,female,divorced/separated,0
no account,22,delay in paying off,radio/television,2353,no savings account,1<= < 4 years,4,none,4,real estate,36,none,own,3,skilled employee / official,2,none,yes,male,divorced/separated,1
<0 DM,13,all credits at this bank paid back duly,car (new),3010,<100 DM,1<= < 4 years,4,none,1,real estate,36,none,own,1,unskilled - resident,2,none,yes,male,married/widowed,0
no account,18,critical account,radio/television,5298,100 <= <500 DM,<1 years,3,none,3,unknown / no property,39,none,own,2,skilled employee / official,1,yes,yes,male,divorced/separated,1
>= 200 DM ,20,critical account,radio/television,4376,no savings account,1<= < 4 years,4,none,3,unknown / no property,61,none,own,3,management/ highly qualified employee,2,yes,yes,male,divorced/separated,1
>= 200 DM ,38,existing credits paid back duly till now,radio/television,13543,100 <= <500 DM,<1 years,2,none,2,unknown / no property,26,none,own,1,unskilled - resident,2,yes,yes,male,divorced/separated,1
<0 DM,7,critical account,car (new),1668,<100 DM,<1 years,3,none,3,savings agreement/life insurance,50,none,own,2,unskilled - resident,2,none,yes,male,divorced/separated,0
<0 DM,17,existing credits paid back duly till now,car (new),2808,100 <= <500 DM,1<= < 4 years,4,none,3,real estate,19,none,own,1,skilled employee / official,1,none,yes,male,divorced/separated,1
<0 DM,13,existing credits paid back duly till now,radio/television,1204,100 <= <500 DM,1<= < 4 years,4,none,3,real estate,29,none,own,1,skilled employee / official,2,none,yes,female,divorced/separated,1
<0 DM,5,critical account,radio/television,2502,<100 DM,<1 years,4,none,4,savings agreement/life insurance,49,none,own,3,skilled employee / official,2,yes,yes,male,divorced/separated,1
<0 DM,9,existing credits paid back duly till now,furniture/equipment,2199,<100 DM,>=7 years,3,none,2,real estate,19,none,own,1,skilled employee / official,2,none,yes,female,married/widowed,0
<0 DM,16,no credits taken,car (new),2706,<100 DM,>=7 years,3,none,4,real estate,57,none,own,3,unskilled - resident,2,yes,yes,male,divorced/separated,1
<0 DM,27,no credits taken,radio/television,4215,<100 DM,>=7 years,4,none,2,savings agreement/life insurance,40,store,own,2,management/ highly qualified employee,1,none,yes,male,divorced/separated,0
no account,30,existing credits paid back duly till now,radio/television,9888,100 <= <500 DM,1<= < 4 years,2,none,2,car or other,24,none,own,1,unskilled - resident,2,yes,yes,male,divorced/separated,1
<0 DM,17,existing credits paid back duly till now,radio/television,2114,<100 DM,>=7 years,4,none,2,car or other,27,none,own,1,management/ highly qualified employee,1,none,yes,male,divorced/separated,0
>= 200 DM ,15,critical account,car (new),6933,<100 DM,<1 years,2,none,2,savings agreement/life insurance,50,none,own,3,unskilled - resident,2,yes,yes,male,divorced/separated,1
>= 200 DM ,24,no credits taken,car (new),4160,no savings account,<1 years,3,none,2,savings agreement/life insurance,25,none,own,2,unskilled - resident,2,yes,yes,male,divorced/separated,1
0 <= <200 DM,22,no credits taken,car (new),6076,100 <= <500 DM,4<= <7 years,1,none,3,real estate,35,none,own,2,skilled employee / official,1,yes,yes,female,divorced/separated,0
<0 DM,28,delay in paying off,radio/television,4670,<100 DM,<1 years,4,none,4,real estate,30,none,own,3,skilled employee / official,1,none,yes,male,divorced/separated,1
<0 DM,19,existing credits paid back duly till now,car (new),4624,<100 DM,1<= < 4 years,3,none,1,real estate,22,none,own,1,management/ highly qualified employee,2,none,yes,male,divorced/separated,0
no account,25,existing credits paid back duly till now,repairs,5596,no savings account,unemployed,3,none,4,real estate,20,none,own,2,skilled employee / official,1,none,yes,male,divorced/separated,1
0 <= <200 DM,25,no credits taken,radio/television,6959,<100 DM,1<= < 4 years,3,none,4,unknown / no property,34,none,own,3,management/ highly qualified employee,2,yes,yes,female,divorced/separated,0
0 <= <200 DM,22,delay in paying off,car (new),9893,<100 DM,unemployed,2,none,2,unknown / no property,45,none,own,2,management/ highly qualified employee,2,yes,yes,female,divorced/separated,0
<0 DM,16,delay in paying off,radio/television,4776,100 <= <500 DM,unemployed,4,none,4,real estate,34,none,own,3,management/ highly qualified employee,2,yes,yes,male,divorced/separated,1
no account,11,existing credits paid back duly till now,domestic appliances,3263,<100 DM,>=7 years,3,none,3,unknown / no property,31,none,own,1,unskilled - resident,2,yes,yes,male,divorced/separated,1
<0 DM,13,critical account,car (new),1982,no savings account,<1 years,3,none,4,savings agreement/life insurance,46,store,own,3,skilled employee / official,2,none,yes,male,divorced/separated,1
>= 200 DM ,31,delay in paying off,car (new),5996,no savings account,1<= < 4 years,2,none,2,car or other,29,store,own,2,skilled employee / official,2,yes,yes,male,divorced/separated,1
0 <= <200 DM,13,existing credits paid back duly till now,car (new),6103,100 <= <500 DM,4<= <7 years,1,none,1,real estate,30,none,own,2,skilled employee / official,1,none,yes,male,divorced/separated,1
0 <= <200 DM,38,critical account,car (used),10724,<100 DM,unemployed,3,none,4,unknown / no property,42,none,rent,1,management/ highly qualified employee,2,yes,yes,male,divorced/separated,1
>= 200 DM ,14,critical account,car (new),4357,no savings account,unemployed,2,none,2,car or other,48,none,rent,3,skilled employee / official,2,yes,yes,male,divorced/separated,1
>= 200 DM ,9,critical account,car (new),3641,<100 DM,>=7 years,2,none,3,savings agreement/life insurance,53,none,own,3,management/ highly qualified employee,2,yes,yes,male,divorced/separated,0
<0 DM,21,no credits taken,radio/television,7102,<100 DM,<1 years,3,none,3,savings agreement/life insurance,32,none,own,2,unskilled - resident,2,none,yes,male,divorced/separated,1
<0 DM,28,existing credits paid back duly till now,education,7179,<100 DM,1<= < 4 years,2,none,3,car or other,25,none,rent,1,skilled employee / official,2,none,yes,female,divorced/separated,0
no account,24,existing credits paid back duly till now,car (used),1452,100 <= <500 DM,4<= <7 years,3,co-applicant,4,car or other,40,none,own,2,skilled employee / official,1,none,yes,male,divorced/separated,1
no account,24,no credits taken,radio/television,8038,100 <= <500 DM,4<= <7 years,2,none,3,unknown / no property,48,none,own,3,management/ highly qualified employee,2,yes,yes,male,divorced/separated,1
<0 DM,13,existing credits paid back duly till now,retraining,4457,<100 DM,unemployed,3,none,2,real estate,28,none,own,2,skilled employee / official,2,yes,yes,male,divorced/separated,1
no account,24,existing credits paid back duly till now,radio/television,985,no savings account,>=7 years,4,none,3,unknown / no property,21,none,own,1,unskilled - resident,2,none,yes,male,divorced/separated,1
<0 DM,5,critical account,car (new),2428,<100 DM,1<= < 4 years,3,none,2,real estate,48,none,own,3,unskilled - resident,2,yes,yes,male,divorced/separated,1
0 <= <200 DM,23,critical account,radio/television,6788,<100 DM,<1 years,3,none,2,unknown / no property,23,none,own,1,unskilled - resident,1,none,yes,male,divorced/separated,1
<0 DM,13,existing credits paid back duly till now,repairs,2150,>= 1000 DM,<1 years,2,none,3,real estate,41,none,own,1,unskilled - resident,2,none,yes,male,divorced/separated,1
0 <= <200 DM,20,existing credits paid back duly till now,car (new),8432,100 <= <500 DM,4<= <7 years,2,none,1,real estate,27,none,own,2,skilled employee / official,2,yes,yes,male,divorced/separated,1
0 <= <200 DM,26,delay in paying off,car (new),8143,<100 DM,1<= < 4 years,3,none,2,real estate,37,none,rent,2,management/ highly qualified employee,2,yes,yes,female,divorced/separated,0
>= 200 DM ,19,no credits taken,car (new),7488,<100 DM,1<= < 4 years,3,none,3,unknown / no property,50,none,own,2,unskilled - resident,2,yes,yes,male,married/widowed,0
no account,24,existing credits paid back duly till now,car (new),4607,<100 DM,<1 years,1,none,2,car or other,28,none,own,1,management/ highly qualified employee,1,none,yes,male,divorced/separated,0
0 <= <200 DM,30,delay in paying off,radio/television,4657,no savings account,1<= < 4 years,4,none,4,savings agreement/life insurance,42,none,own,3,skilled employee / official,2,none,yes,male,divorced/separated,1
<0 DM,17,existing credits paid back duly till now,radio/television,1713,100 <= <500 DM,1<= < 4 years,4,none,2,real estate,40,none,own,1,skilled employee / official,1,none,yes,male,divorced/separated,1
<0 DM,15,critical account,car (new),2207,<100 DM,1<= < 4 years,2,none,3,real estate,44,none,own,1,unskilled - resident,1,none,yes,male,divorced/separated,1
0 <= <200 DM,47,critical account,radio/television,9972,<100 DM,1<= < 4 years,3,none,3,unknown / no property,37,store,for free,3,management/ highly qualified employee,1,yes,yes,male,divorced/separated,0
0 <= <200 DM,10,delay in paying off,car (new),7144,<100 DM,<1 years,3,none,3,savings agreement/life insurance,31,none,rent,3,management/ highly qualified employee,1,none,yes,male,married/widowed,1
<0 DM,19,existing credits paid back duly till now,radio/television,6180,100 <= <500 DM,1<= < 4 years,3,none,3,unknown / no property,56,none,own,1,skilled employee / official,2,none,yes,male,divorced/separated,0
no account,13,existing credits paid back duly till now,repairs,3047,no savings account,<1 years,1,none,1,real estate,27,none,own,1,skilled employee / official,1,none,yes,male,divorced/separated,1
<0 DM,6,critical account,retraining,3799,<100 DM,unemployed,3,none,4,real estate,48,none,rent,2,unemployed/ unskilled  - non-resident,1,none,yes,male,divorced/separated,1
<0 DM,13,existing credits paid back duly till now,retraining,5859,100 <= <500 DM,<1 years,2,co-applicant,2,unknown / no property,33,none,own,1,unskilled - resident,2,yes,yes,male,divorced/separated,1
<0 DM,21,no credits taken,radio/television,2007,no savings account,>=7 years,4,none,4,savings agreement/life insurance,46,store,own,2,skilled employee / official,2,none,yes,female,divorced/separated,0
<0 DM,5,existing credits paid back duly till now,radio/television,1240,<100 DM,>=7 years,4,none,3,real estate,27,none,own,3,skilled employee / official,2,none,yes,female,divorced/separated,1
no account,35,existing credits paid back duly till now,retraining,9052,100 <= <500 DM,1<= < 4 years,2,none,3,car or other,40,none,own,1,skilled employee / official,2,none,yes,male,divorced/separated,1
<0 DM,5,existing credits paid back duly till now,retraining,627,100 <= <500 DM,1<= < 4 years,4,none,3,real estate,36,none,own,2,skilled employee / official,2,none,yes,female,divorced/separated,1
<0 DM,24,existing credits paid back duly till now,radio/television,5811,<100 DM,>=7 years,4,none,3,unknown / no property,21,none,own,1,skilled employee / official,2,none,yes,male,divorced/separated,0
0 <= <200 DM,20,critical account,car (new),3822,no savings account,>=7 years,1,none,3,savings agreement/life insurance,48,none,own,3,management/ highly qualified employee,2,none,yes,male,divorced/separated,0
no account,26,existing credits paid back duly till now,repairs,5187,no savings account,4<= <7 years,1,none,3,car or other,20,none,own,1,unskilled - resident,2,none,yes,male,divorced/separated,1
no account,30,critical account,radio/television,8131,no savings account,<1 years,2,none,4,unknown / no property,51,bank,own,3,management/ highly qualified employee,2,yes,yes,male,divorced/separated,1
<0 DM,12,critical account,repairs,4772,<100 DM,>=7 years,3,none,2,unknown / no property,36,none,own,2,management/ highly qualified employee,2,yes,yes,male,divorced/separated,1
<0 DM,9,critical account,radio/television,4628,<100 DM,>=7 years,4,none,4,unknown / no property,39,none,own,3,unemployed/ unskilled  - non-resident,2,yes,yes,male,divorced/separated,1
0 <= <200 DM,16,critical account,car (new),7205,no savings account,<1 years,1,none,3,savings agreement/life insurance,38,none,own,3,management/ highly qualified employee,1,yes,yes,male,divorced/separated,1
<0 DM,17,critical account,car (new),2065,no savings account,>=7 years,4,none,3,real estate,26,none,own,1,skilled employee / official,1,none,yes,male,divorced/separated,1
no account,48,no credits taken,radio/television,9251,no savings account,1<= < 4 years,3,none,2,car or other,43,store,own,2,skilled employee / official,2,yes,yes,male,divorced/separated,0
>= 200 DM ,11,critical account,car (new),3016,<100 DM,>=7 years,3,none,3,savings agreement/life insurance,70,none,own,4,management/ highly qualified employee,2,none,yes,male,divorced/separated,1
<0 DM,14,delay in paying off,car (used),2274,<100 DM,1<= < 4 years,4,none,3,real estate,64,none,own,2,skilled employee / official,2,yes,yes,male,divorced/separated,1
0 <= <200 DM,38,existing credits paid back duly till now,car (used),11839,100 <= <500 DM,4<= <7 years,1,none,4,unknown / no property,35,none,rent,2,skilled employee / official,2,none,yes,male,divorced/separated,0
0 <= <200 DM,30,existing credits paid back duly till now,education,8438,<100 DM,1<= < 4 years,2,none,4,real estate,27,none,own,2,skilled employee / official,2,none,yes,male,married/widowed,0
<0 DM,12,critical account,radio/television,582,<100 DM,>=7 years,4,none,4,savings agreement/life insurance,59,store,own,2,management/ highly qualified employee,2,none,yes,male,divorced/separated,1
0 <= <200 DM,16,delay in paying off,car (new),5888,100 <= <500 DM,4<= <7 years,3,none,1,real estate,22,none,own,2,unskilled - resident,2,yes,yes,male,divorced/separated,1
<0 DM,15,no credits taken,radio/television,3067,no savings account,>=7 years,4,none,4,real estate,34,none,own,3,skilled employee / official,2,none,yes,male,divorced/separated,1
<0 DM,20,critical account,radio/television,3043,<100 DM,>=7 years,4,none,1,unknown / no property,55,store,own,2,management/ highly qualified employee,2,none,yes,male,divorced/separated,0
no account,23,critical account,repairs,6850,100 <= <500 DM,>=7 years,2,none,2,car or other,33,none,own,3,skilled employee / official,2,yes,yes,male,divorced/separated,0
<0 DM,26,existing credits paid back duly till now,retraining,6679,100 <= <500 DM,>=7 years,3,none,4,unknown / no property,27,none,own,1,skilled employee / official,2,none,yes,female,divorced/separated,1
0 <= <200 DM,31,existing credits paid back duly till now,car (new),7109,100 <= <500 DM,1<= < 4 years,3,none,3,car or other,40,none,own,1,skilled employee / official,2,yes,yes,male,divorced/separated,1
no account,33,no credits taken,repairs,11268,100 <= <500 DM,<1 years,2,none,4,car or other,27,store,own,2,skilled employee / official,2,yes,yes,male,divorced/separated,1
no account,12,critical account,radio/television,1574,no savings account,>=7 years,3,none,4,unknown / no property,40,none,own,3,unskilled - resident,1,none,yes,male,divorced/separated,1
<0 DM,4,existing credits paid back duly till now,furniture/equipment,2932,100 <= <500 DM,4<= <7 years,2,none,1,real estate,29,none,own,2,skilled employee / official,2,none,yes,female,divorced/separated,1
<0 DM,20,existing credits paid back duly till now,car (new),5160,<100 DM,>=7 years,1,none,2,car or other,29,none,own,1,skilled employee / official,2,none,yes,female,married/widowed,0
>= 200 DM ,23,existing credits paid back duly till now,retraining,7597,100 <= <500 DM,<1 years,2,none,3,unknown / no property,32,none,own,2,skilled employee / official,1,none,yes,male,divorced/separated,1
<0 DM,11,existing credits paid back duly till now,repairs,4665,<100 DM,1<= < 4 years,4,none,3,savings agreement/life insurance,26,none,own,2,management/ highly qualified employee,2,none,yes,male,married/widowed,0
<0 DM,12,critical account,radio/television,1497,no savings account,>=7 years,4,none,4,real estate,25,none,own,2,skilled employee / official,1,none,yes,male,divorced/separated,1
<0 DM,8,existing credits paid back duly till now,car (new),3405,<100 DM,1<= < 4 years,2,none,1,real estate,28,none,own,1,skilled employee / official,1,none,yes,female,divorced/separated,1
<0 DM,15,critical account,radio/television,3202,<100 DM,>=7 years,4,none,3,unknown / no property,34,none,own,2,management/ highly qualified employee,2,none,yes,male,divorced/separated,0
<0 DM,11,no credits taken,retraining,4781,<100 DM,1<= < 4 years,3,none,4,unknown / no property,67,none,own,2,unskilled - resident,2,none,yes,male,divorced/separated,1
<0 DM,11,delay in paying off,car (used),5179,<100 DM,<1 years,3,none,4,unknown / no property,47,bank,own,3,management/ highly qualified employee,2,yes,yes,male,divorced/separated,1
<0 DM,18,critical account,radio/television,3207,<100 DM,>=7 years,3,none,3,savings agreement/life insurance,57,store,own,3,management/ highly qualified employee,2,none,yes,male,divorced/separated,1
<0 DM,27,critical account,radio/television,6363,<100 DM,1<= < 4 years,4,none,4,savings agreement/life insurance,40,none,own,2,skilled employee / official,2,none,yes,male,divorced/separated,1
0 <= <200 DM,23,existing credits paid back duly till now,retraining,8848,no savings account,1<= < 4 years,3,none,3,savings agreement/life insurance,28,none,own,2,skilled employee / official,2,yes,yes,male,divorced/separated,1
0 <= <200 DM,8,critical account,car (new),5343,<100 DM,>=7 years,4,none,3,unknown / no property,30,none,own,3,management/ highly qualified employee,2,yes,yes,female,married/widowed,1
>= 200 DM ,23,no credits taken,radio/television,7062,<100 DM,1<= < 4 years,2,none,3,car or other,42,bank,own,3,skilled employee / official,2,yes,yes,male,divorced/separated,1
no account,24,critical account,radio/television,1119,no savings account,<1 years,4,none,4,unknown / no property,21,none,own,2,skilled employee / official,2,none,yes,female,divorced/separated,1
no account,31,no credits taken,repairs,9881,<100 DM,<1 years,1,none,2,unknown / no property,31,none,own,2,management/ highly qualified employee,2,yes,yes,male,divorced/separated,0
<0 DM,7,critical account,repairs,2676,100 <= <500 DM,1<= < 4 years,3,none,4,savings agreement/life insurance,33,none,own,2,skilled employee / official,1,none,yes,male,divorced/separated,1
<0 DM,20,no credits taken,radio/television,6576,<100 DM,<1 years,3,none,3,unknown / no property,24,none,own,2,management/ highly qualified employee,2,none,yes,male,divorced/separated,1
0 <= <200 DM,16,critical account,retraining,5268,<100 DM,<1 years,3,none,3,unknown / no property,35,none,rent,2,skilled employee / official,1,none,yes,male,divorced/separated,1
<0 DM,8,existing credits paid back duly till now,retraining,3443,<100 DM,>=7 years,3,none,4,unknown / no property,45,none,own,1,unskilled - resident,2,none,yes,male,divorced/separated,1
0 <= <200 DM,12,delay in paying off,radio/television,4399,<100 DM,>=7 years,3,none,3,unknown / no property,26,none,own,3,management/ highly qualified employee,2,none,yes,male,divorced/separated,0
<0 DM,5,critical account,car (used),396,<100 DM,1<= < 4 years,3,none,4,savings agreement/life insurance,64,none,rent,3,skilled employee / official,1,yes,yes,male,divorced/separated,1
no account,49,no credits taken,radio/television,5578,no savings account,1<= < 4 years,4,none,3,car or other,28,none,own,1,skilled employee / official,1,none,yes,male,divorced/separated,1
<0 DM,32,existing credits paid back duly till now,furniture/equipment,8743,100 <= <500 DM,4<= <7 years,1,none,1,car or other,26,none,own,1,skilled employee / official,2,none,yes,female,divorced/separated,0
<0 DM,11,no credits taken,furniture/equipment,5582,<100 DM,1<= < 4 years,2,none,1,car or other,48,none,own,2,skilled employee / official,2,yes,yes,male,divorced/separated,1
0 <= <200 DM,21,existing credits paid back duly till now,car (new),10070,100 <= <500 DM,unemployed,3,none,2,real estate,30,none,own,1,skilled employee / official,2,yes,yes,male,divorced/separated,1
0 <= <200 DM,29,existing credits paid back duly till now,car (new),8631,100 <= <500 DM,4<= <7 years,3,none,2,real estate,19,none,own,2,skilled employee / official,2,none,yes,male,divorced/separated,0
<0 DM,19,no credits taken,radio/television,2947,<100 DM,1<= < 4 years,4,none,4,unknown / no property,53,store,own,2,management/ highly qualified employee,2,none,yes,male,divorced/separated,0
<0 DM,34,existing credits paid back duly till now,radio/television,12189,<100 DM,1<= < 4 years,3,none,2,unknown / no property,49,none,own,1,skilled employee / official,2,yes,yes,male,divorced/separated,0
<0 DM,23,critical account,radio/television,3727,<100 DM,>=7 years,3,none,2,unknown / no property,46,store,own,3,skilled employee / official,2,yes,yes,male,divorced/separated,0
>= 200 DM ,21,delay in paying off,radio/television,5261,100 <= <500 DM,4<= <7 years,3,none,2,car or other,45,store,own,2,management/ highly qualified employee,2,yes,yes,male,divorced/separated,1
0 <= <200 DM,17,critical account,car (new),8246,no savings account,<1 years,1,none,3,real estate,44,none,own,2,unskilled - resident,2,none,yes,male,divorced/separated,1
0 <= <200 DM,21,critical account,radio/television,5271,no savings account,<1 years,4,none,4,savings agreement/life insurance,25,none,own,3,unskilled - resident,1,yes,yes,male,divorced/separated,1
0 <= <200 DM,7,existing credits paid back duly till now,car (new),3126,<100 DM,<1 years,2,none,3,real estate,20,none,own,3,skilled employee / official,1,none,yes,female,divorced/separated,0
<0 DM,27,no credits taken,radio/television,7427,<100 DM,1<= < 4 years,3,none,2,car or other,26,none,own,1,skilled employee / official,2,none,yes,male,divorced/separated,0
<0 DM,4,existing credits paid back duly till now,car (new),5864,<100 DM,<1 years,3,none,4,unknown / no property,32,none,own,1,unemployed/ unskilled  - non-resident,2,none,yes,male,divorced/separated,1
0 <= <200 DM,20,delay in paying off,car (new),8139,<100 DM,>=7 years,1,none,2,real estate,29,none,own,2,skilled employee / official,2,yes,yes,male,married/widowed,0
>= 200 DM ,21,critical account,car (new),7185,<100 DM,<1 years,3,none,3,unknown / no property,75,bank,own,3,unemployed/ unskilled  - non-resident,1,yes,yes,male,divorced/separated,1
0 <= <200 DM,10,critical account,radio/television,5255,<100 DM,>=7 years,3,none,4,savings agreement/life insurance,52,none,own,4,management/ highly qualified employee,2,yes,yes,male,divorced/separated,1
<0 DM,10,critical account,car (new),2963,no savings account,<1 years,3,none,4,savings agreement/life insurance,43,none,own,3,unskilled - resident,1,none,yes,male,divorced/separated,1
no account,27,existing credits paid back duly till now,radio/television,5778,100 <= <500 DM,>=7 years,3,none,4,unknown / no property,27,none,own,1,management/ highly qualified employee,2,none,yes,male,divorced/separated,1
no account,22,critical account,radio/television,3547,no savings account,<1 years,3,co-applicant,2,car or other,24,none,own,2,unskilled - resident,2,none,yes,male,divorced/separated,1
0 <= <200 DM,14,existing credits paid back duly till now,furniture/equipment,6179,100 <= <500 DM,1<= < 4 years,1,none,2,car or other,27,none,own,1,skilled employee / official,2,none,yes,male,divorced/separated,1
<0 DM,4,existing credits paid back duly till now,car (new),1056,100 <= <500 DM,1<= < 4 years,3,co-applicant,3,car or other,42,none,own,2,unskilled - resident,2,none,yes,male,divorced/separated,1
0 <= <200 DM,13,existing credits paid back duly till now,repairs,3057,100 <= <500 DM,<1 years,2,none,2,real estate,23,none,own,2,skilled employee / official,1,yes,yes,male,divorced/separated,1
<0 DM,13,critical account,radio/television,2735,<100 DM,>=7 years,4,none,3,unknown / no property,44,bank,own,3,management/ highly qualified employee,2,none,yes,male,divorced/separated,0
0 <= <200 DM,21,critical account,repairs,10385,<100 DM,1<= < 4 years,2,none,3,savings agreement/life insurance,43,none,own,2,unemployed/ unskilled  - non-resident,2,yes,yes,male,divorced/separated,1
<0 DM,27,critical account,radio/television,3106,<100 DM,1<= < 4 years,4,none,4,real estate,41,bank,own,1,unskilled - resident,2,none,yes,male,divorced/separated,1
>= 200 DM ,28,critical account,car (new),7749,<100 DM,1<= < 4 years,4,none,3,unknown / no property,41,none,own,1,unemployed/ unskilled  - non-resident,2,none,yes,male,divorced/separated,0
no account,7,existing credits paid back duly till now,car (new),2986,100 <= <500 DM,<1 years,2,co-applicant,3,real estate,38,none,own,2,unskilled - resident,1,none,yes,male,divorced/separated,1
<0 DM,15,critical account,radio/television,6077,<100 DM,1<= < 4 years,3,none,3,savings agreement/life insurance,71,store,rent,3,management/ highly qualified employee,2,yes,yes,male,divorced/separated,1
>= 200 DM ,6,delay in paying off,car (new),2895,100 <= <500 DM,4<= <7 years,3,none,2,real estate,53,none,own,3,management/ highly qualified employee,2,yes,yes,male,divorced/separated,1
<0 DM,7,delay in paying off,radio/television,281,>= 1000 DM,>=7 years,3,none,2,real estate,47,none,own,3,skilled employee / official,2,none,yes,male,divorced/separated,0
<0 DM,34,critical account,radio/television,9206,<100 DM,1<= < 4 years,4,none,4,unknown / no property,40,none,own,2,unemployed/ unskilled  - non-resident,2,none,yes,male,divorced/separated,0
>= 200 DM ,25,critical account,car (new),5779,<100 DM,1<= < 4 years,2,none,4,car or other,53,bank,rent,2,management/ highly qualified employee,2,none,yes,male,divorced/separated,0
0 <= <200 DM,17,delay in paying off,car (new),2476,100 <= <500 DM,1<= < 4 years,3,none,4,real estate,38,none,rent,2,skilled employee / official,2,none,yes,female,divorced/separated,0
no account,16,existing credits paid back duly till now,radio/television,4610,100 <= <500 DM,>=7 years,3,none,2,unknown / no property,28,none,own,1,skilled employee / official,2,none,yes,female,divorced/separated,1
<0 DM,11,critical account,radio/television,2955,<100 DM,1<= < 4 years,3,none,2,real estate,46,store,own,2,unskilled - resident,2,yes,yes,male,divorced/separated,1
>= 200 DM ,30,delay in paying off,radio/television,2767,no savings account,>=7 years,4,none,4,car or other,54,store,own,4,management/ highly qualified employee,2,none,yes,male,divorced/separated,1
no account,30,critical account,repairs,6982,no savings account,1<= < 4 years,1,none,2,car or other,38,none,own,1,skilled employee / official,1,none,yes,male,divorced/separated,0
0 <= <200 DM,9,critical account,car (new),2973,<100 DM,>=7 years,3,none,4,unknown / no property,49,none,own,2,skilled employee / official,2,yes,yes,male,divorced/separated,1
no account,28,no credits taken,radio/television,7634,<100 DM,>=7 years,2,guarantor,1,real estate,26,store,own,2,skilled employee / official,2,yes,yes,male,divorced/separated,0
no account,32,critical account,car (new),6200,100 <= <500 DM,>=7 years,3,none,4,car or other,66,bank,own,3,management/ highly qualified employee,2,yes,yes,male,divorced/separated,0
<0 DM,9,existing credits paid back duly till now,radio/television,3341,100 <= <500 DM,<1 years,4,none,4,unknown / no property,25,none,own,1,unemployed/ unskilled  - non-resident,1,none,yes,male,divorced/separated,1
no account,34,existing credits paid back duly till now,radio/television,9535,no savings account,1<= < 4 years,3,co-applicant,4,car or other,21,none,own,1,skilled employee / official,1,none,yes,male,divorced/separated,1
no account,7,delay in paying off,business,763,100 <= <500 DM,>=7 years,2,none,3,real estate,45,none,own,4,skilled employee / official,2,yes,yes,male,divorced/separated,1
<0 DM,20,critical account,car (new),2715,<100 DM,>=7 years,3,none,3,unknown / no property,30,none,rent,1,unskilled - resident,2,none,yes,male,divorced/separated,0
<0 DM,16,existing credits paid back duly till now,car (new),6213,<100 DM,1<= < 4 years,3,none,3,unknown / no property,35,none,own,1,management/ highly qualified employee,2,none,yes,male,divorced/separated,0
<0 DM,24,no credits taken,radio/television,7753,<100 DM,1<= < 4 years,2,none,2,car or other,50,none,own,2,skilled employee / official,2,yes,yes,male,divorced/separated,1
0 <= <200 DM,31,critical account,repairs,7877,no savings account,<1 years,3,none,3,savings agreement/life insurance,28,none,own,1,skilled employee / official,1,none,yes,male,divorced/separated,1
0 <= <200 DM,17,existing credits paid back duly till now,car (new),4458,no savings account,1<= < 4 years,1,none,3,car or other,46,none,own,1,skilled employee / official,1,none,yes,male,divorced/separated,1
<0 DM,15,existing credits paid back duly till now,repairs,6986,<100 DM,1<= < 4 years,3,none,3,real estate,37,none,rent,1,skilled employee / official,2,none,yes,female,divorced/separated,0
0 <= <200 DM,37,existing credits paid back duly till now,car (new),10482,no savings account,1<= < 4 years,2,none,3,car or other,28,none,rent,1,skilled employee / official,2,yes,yes,male,divorced/separated,0
0 <= <200 DM,30,existing credits paid back duly till now,repairs,6665,no savings account,1<= < 4 years,3,none,4,real estate,23,none,own,1,skilled employee / official,1,none,yes,male,divorced/separated,0
0 <= <200 DM,5,critical account,retraining,3853,<100 DM,1<= < 4 years,3,none,4,real estate,46,none,own,3,skilled employee / official,2,yes,yes,male,divorced/separated,1
0 <= <200 DM,19,existing credits paid back duly till now,repairs,7238,100 <= <500 DM,<1 years,1,none,3,unknown / no property,37,none,own,2,skilled employee / official,1,none,yes,male,divorced/separated,1
>= 200 DM ,17,delay in paying off,car (new),4028,no savings account,1<= < 4 years,2,none,4,car or other,50,none,own,3,skilled employee / official,2,yes,yes,male,divorced/separated,1
no account,29,existing credits paid back duly till now,radio/television,7866,<100 DM,>=7 years,3,none,3,unknown / no property,31,none,own,1,skilled employee / official,2,none,yes,female,divorced/separated,0
0 <= <200 DM,8,existing credits paid back duly till now,car (new),3607,<100 DM,1<= < 4 years,4,none,3,real estate,34,none,own,2,management/ highly qualified employee,2,none,yes,male,married/widowed,0
>= 200 DM ,21,critical account,car (new),6513,<100 DM,1<= < 4 years,3,none,2,real estate,34,none,own,2,unskilled - resident,2,yes,yes,male,divorced/separated,1
no account,23,critical account,radio/television,3617,<100 DM,>=7 years,3,none,2,unknown / no property,61,store,for free,3,management/ highly qualified employee,2,yes,yes,male,divorced/separated,0
<0 DM,19,critical account,car (new),2140,<100 DM,<1 years,3,none,3,real estate,36,none,own,1,unskilled - resident,1,none,yes,male,divorced/separated,1
<0 DM,14,critical account,radio/television,814,<100 DM,>=7 years,4,none,3,real estate,54,none,own,1,unskilled - resident,2,none,yes,male,divorced/separated,1
no account,25,no credits taken,radio/television,7263,100 <= <500 DM,<1 years,2,none,3,unknown / no property,36,none,own,2,skilled employee / official,2,yes,yes,male,divorced/separated,1
<0 DM,4,existing credits paid back duly till now,car (new),1590,<100 DM,>=7 years,4,none,2,real estate,32,none,own,2,management/ highly qualified employee,2,none,yes,male,divorced/separated,1
<0 DM,21,critical account,car (new),2607,<100 DM,>=7 years,3,none,2,real estate,63,none,own,2,skilled employee / official,2,none,yes,male,divorced/separated,0
no account,24,delay in paying off,car (new),5816,no savings account,1<= < 4 years,2,none,2,real estate,33,none,own,2,skilled employee / official,2,none,yes,male,divorced/separated,0
no account,29,existing credits paid back duly till now,car (new),5105,100 <= <500 DM,4<= <7 years,3,none,3,car or other,22,none,own,1,skilled employee / official,2,none,yes,male,divorced/separated,1
>= 200 DM ,19,critical account,radio/television,2023,no savings account,<1 years,3,none,4,car or other,43,store,own,2,skilled employee / official,2,yes,yes,male,divorced/separated,1
0 <= <200 DM,15,existing credits paid back duly till now,car (new),4402,100 <= <500 DM,4<= <7 years,4,none,3,savings agreement/life insurance,24,none,own,2,skilled employee / official,1,none,yes,male,divorced/separated,1
0 <= <200 DM,12,existing credits paid back duly till now,repairs,2918,500 <= < 1000 DM,1<= < 4 years,2,none,2,car or other,24,none,own,1,skilled employee / official,1,none,yes,male,divorced/separated,1
0 <= <200 DM,19,critical account,radio/television,3542,no savings account,<1 years,3,none,4,real estate,37,none,own,3,skilled employee / official,1,yes,yes,male,divorced/separated,1
<0 DM,11,critical account,retraining,1601,100 <= <500 DM,1<= < 4 years,4,none,4,car or other,58,none,own,2,skilled employee / official,2,yes,yes,male,divorced/separated,1
0 <= <200 DM,39,critical account,radio/television,16072,<100 DM,<1 years,1,none,3,unknown / no property,28,bank,own,2,management/ highly qualified employee,2,yes,yes,male,divorced/separated,1
<0 DM,22,all credits at this bank paid back duly,radio/television,7368,<100 DM,1<= < 4 years,4,none,2,unknown / no property,30,none,own,1,management/ highly qualified employee,2,yes,yes,male,divorced/separated,1
0 <= <200 DM,40,no credits taken,car (new),10121,no savings account,1<= < 4 years,2,none,3,car or other,35,none,own,2,skilled employee / official,2,none,yes,female,divorced/separated,0
0 <= <200 DM,48,critical account,car (new),11888,no savings account,>=7 years,2,none,3,car or other,43,none,for free,2,skilled employee / official,2,none,yes,male,divorced/separated,0
0 <= <200 DM,4,delay in paying off,car (new),3544,100 <= <500 DM,>=7 years,3,none,3,real estate,54,none,own,3,management/ highly qualified employee,2,none,yes,male,divorced/separated,1
0 <= <200 DM,15,critical account,car (new),4367,no savings account,>=7 years,2,none,1,real estate,25,none,own,2,skilled employee / official,1,none,yes,male,divorced/separated,1
0 <= <200 DM,33,delay in paying off,repairs,12149,100 <= <500 DM,4<= <7 years,2,none,4,car or other,33,none,rent,2,skilled employee / official,2,yes,yes,male,divorced/separated,0
no account,23,critical account,radio/television,429,<100 DM,>=7 years,4,none,3,unknown / no property,35,store,own,2,management/ highly qualified employee,1,none,yes,male,divorced/separated,1
0 <= <200 DM,38,critical account,car (new),11987,no savings account,1<= < 4 years,2,none,1,unknown / no property,42,none,own,3,skilled employee / official,2,yes,yes,male,divorced/separated,0
no account,27,critical account,car (new),5002,no savings account,<1 years,1,none,3,savings agreement/life insurance,30,none,own,2,unskilled - resident,2,none,yes,male,divorced/separated,1
0 <= <200 DM,11,existing credits paid back duly till now,car (new),5346,<100 DM,4<= <7 years,2,none,2,real estate,35,none,own,2,management/ highly qualified employee,2,none,yes,male,divorced/separated,0
<0 DM,23,critical account,car (new),3775,100 <= <500 DM,1<= < 4 years,3,none,2,real estate,42,none,own,1,skilled employee / official,1,none,yes,male,divorced/separated,0
<0 DM,28,delay in paying off,radio/television,6208,100 <= <500 DM,1<= < 4 years,4,none,2,real estate,51,none,own,2,unskilled - resident,2,none,yes,male,divorced/separated,0
>= 200 DM ,30,existing credits paid back duly till now,radio/television,5022,no savings account,1<= < 4 years,4,none,4,unknown / no property,36,none,own,1,skilled employee / official,1,none,yes,male,divorced/separated,1
>= 200 DM ,12,critical account,car (new),4070,500 <= < 1000 DM,4<= <7 years,2,none,3,savings agreement/life insurance,46,none,own,3,management/ highly qualified employee,1,yes,yes,male,divorced/separated,1
<0 DM,8,critical account,radio/television,2511,<100 DM,>=7 years,3,none,2,unknown / no property,52,store,own,3,management/ highly qualified employee,2,none,yes,male,divorced/separated,0
no account,57,delay in paying off,radio/television,10854,no savings account,1<= < 4 years,3,none,2,car or other,19,store,own,2,management/ highly qualified employee,2,none,yes,male,divorced/separated,1
no account,15,existing credits paid back duly till now,car (new),1779,500 <= < 1000 DM,>=7 years,3,none,3,savings agreement/life insurance,24,none,own,2,management/ highly qualified employee,1,none,yes,male,divorced/separated,1
