checking-account,duration,credit-history,purpose,credit-amount,savings-account,employment-since,installment-rate,other-debtors,residence-since,property,age,other-installment,housing,existing-credits,job,number-people-provide-maintenance-for,telephone,foreign-worker,sex,marital-status,class-label
<0 DM,48.0,existing credits paid back duly till now,radio/television,250.0,<100 DM,>=7 years,4.0,none,4.0,car or other,0,none,own,1.0,skilled employee / official,1.0,none,yes,1,divorced/separated,0
no account,12.0,existing credits paid back duly till now,furniture/equipment,18424.0,<100 DM,1<= < 4 years,4.0,none,3.0,real estate,0,none,rent,1.0,skilled employee / official,1.0,yes,yes,0,divorced/separated,1
0 <= <200 DM,12.0,existing credits paid back duly till now,furniture/equipment,2124.8474,<100 DM,>=7 years,1.0,none,2.0,car or other,1,none,rent,1.0,management/ highly qualified employee,1.0,yes,no,0,divorced/separated,1
<0 DM,24.0,critical account,car (used),3062.7068,<100 DM,<1 years,2.0,none,4.0,car or other,1,none,own,1.0,skilled employee / official,1.0,none,yes,0,divorced/separated,1
<0 DM,12.0,critical account,furniture/equipment,2132.8945,<100 DM,<1 years,1.0,none,2.0,savings agreement/life insurance,1,none,rent,1.0,skilled employee / official,1.0,none,yes,1,divorced/separated,1
no account,6.0,delay in paying off,car (new),12819.829,>= 1000 DM,<1 years,2.0,none,2.0,car or other,1,none,own,1.0,unskilled - resident,1.0,none,yes,1,divorced/separated,1
no account,4.0,existing credits paid back duly till now,furniture/equipment,1093.145,<100 DM,1<= < 4 years,4.0,none,4.0,unknown / no property,1,none,rent,1.0,skilled employee / official,1.0,yes,yes,1,divorced/separated,1
0 <= <200 DM,12.0,critical account,furniture/equipment,3948.2512,no savings account,>=7 years,4.0,none,2.0,car or other,1,none,own,1.0,management/ highly qualified employee,1.0,none,yes,1,divorced/separated,1
no account,21.0,critical account,business,7423.791,no savings account,1<= < 4 years,4.0,none,4.0,savings agreement/life insurance,1,none,own,1.0,unskilled - resident,1.0,yes,yes,1,divorced/separated,0
<0 DM,30.0,existing credits paid back duly till now,radio/television,250.0,<100 DM,<1 years,4.0,none,4.0,real estate,1,none,own,1.0,skilled employee / official,1.0,none,yes,1,divorced/separated,0
0 <= <200 DM,12.0,existing credits paid back duly till now,furniture/equipment,1537.0337,<100 DM,1<= < 4 years,4.0,none,4.0,car or other,1,none,own,1.0,skilled employee / official,1.0,none,yes,0,divorced/separated,0
0 <= <200 DM,4.0,existing credits paid back duly till now,furniture/equipment,6637.508,<100 DM,>=7 years,1.0,none,1.0,real estate,0,none,own,2.0,skilled employee / official,1.0,none,yes,0,divorced/separated,1
<0 DM,4.0,existing credits paid back duly till now,furniture/equipment,7761.6875,<100 DM,1<= < 4 years,2.0,none,1.0,real estate,0,none,own,2.0,skilled employee / official,1.0,none,yes,0,divorced/separated,1
>= 200 DM ,18.0,all credits at this bank paid back duly,furniture/equipment,1345.22,>= 1000 DM,>=7 years,1.0,none,4.0,car or other,1,none,own,1.0,management/ highly qualified employee,1.0,yes,yes,0,divorced/separated,1
no account,6.0,existing credits paid back duly till now,retraining,2615.0264,<100 DM,>=7 years,4.0,none,3.0,car or other,1,none,own,1.0,skilled employee / official,1.0,none,yes,1,divorced/separated,1
<0 DM,10.0,existing credits paid back duly till now,retraining,391.55023,<100 DM,4<= <7 years,4.0,none,4.0,unknown / no property,1,none,own,1.0,unskilled - resident,1.0,none,yes,1,divorced/separated,1
0 <= <200 DM,4.0,existing credits paid back duly till now,car (used),975.445,500 <= < 1000 DM,unemployed,3.0,none,2.0,real estate,1,none,own,1.0,management/ highly qualified employee,1.0,yes,yes,0,divorced/separated,1
<0 DM,30.0,existing credits paid back duly till now,education,711.8196,<100 DM,unemployed,4.0,none,4.0,car or other,1,none,own,1.0,unemployed/ unskilled  - non-resident,1.0,none,yes,1,divorced/separated,0
0 <= <200 DM,12.0,critical account,furniture/equipment,2329.0664,no savings account,>=7 years,2.0,none,2.0,savings agreement/life insurance,1,none,own,1.0,management/ highly qualified employee,1.0,none,yes,1,divorced/separated,1
no account,6.0,critical account,radio/television,1384.3499,100 <= <500 DM,1<= < 4 years,2.0,none,4.0,real estate,1,none,rent,1.0,skilled employee / official,1.0,yes,yes,1,divorced/separated,1
0 <= <200 DM,24.0,critical account,repairs,250.0,<100 DM,4<= <7 years,4.0,none,4.0,car or other,1,none,own,1.0,skilled employee / official,1.0,none,yes,1,divorced/separated,1
0 <= <200 DM,4.0,existing credits paid back duly till now,car (used),2472.8264,<100 DM,<1 years,4.0,none,4.0,car or other,1,none,rent,2.0,skilled employee / official,1.0,yes,yes,1,divorced/separated,1
no account,12.0,existing credits paid back duly till now,car (used),2406.0,no savings account,4<= <7 years,1.0,none,1.0,car or other,1,none,rent,1.0,skilled employee / official,1.0,yes,yes,0,divorced/separated,1
no account,6.0,existing credits paid back duly till now,radio/television,18424.0,<100 DM,1<= < 4 years,4.0,none,4.0,car or other,1,none,rent,2.0,skilled employee / official,1.0,none,yes,1,divorced/separated,1
no account,12.0,existing credits paid back duly till now,furniture/equipment,2681.708,no savings account,<1 years,4.0,none,4.0,unknown / no property,1,none,own,1.0,unskilled - resident,1.0,none,yes,0,divorced/separated,1
0 <= <200 DM,36.0,existing credits paid back duly till now,furniture/equipment,3636.298,no savings account,1<= < 4 years,4.0,none,2.0,car or other,1,none,own,1.0,skilled employee / official,1.0,yes,yes,1,divorced/separated,1
0 <= <200 DM,4.0,existing credits paid back duly till now,radio/television,3091.92,<100 DM,1<= < 4 years,4.0,none,2.0,real estate,1,none,own,1.0,skilled employee / official,1.0,none,yes,0,divorced/separated,1
0 <= <200 DM,6.0,critical account,car (new),3433.256,<100 DM,<1 years,3.0,none,4.0,real estate,1,none,own,1.0,skilled employee / official,1.0,none,yes,1,divorced/separated,1
no account,12.0,existing credits paid back duly till now,furniture/equipment,250.0,>= 1000 DM,1<= < 4 years,4.0,none,4.0,real estate,1,none,own,1.0,management/ highly qualified employee,1.0,none,yes,0,divorced/separated,1
0 <= <200 DM,18.0,existing credits paid back duly till now,radio/television,1364.0,500 <= < 1000 DM,4<= <7 years,2.0,co-applicant,4.0,car or other,1,none,rent,1.0,skilled employee / official,1.0,none,yes,0,divorced/separated,0
0 <= <200 DM,12.0,existing credits paid back duly till now,furniture/equipment,1795.7463,<100 DM,1<= < 4 years,2.0,none,4.0,car or other,1,none,own,1.0,management/ highly qualified employee,1.0,yes,yes,0,divorced/separated,1
0 <= <200 DM,6.0,existing credits paid back duly till now,car (new),1384.9609,no savings account,4<= <7 years,2.0,none,3.0,real estate,1,none,rent,1.0,management/ highly qualified employee,1.0,none,yes,1,divorced/separated,0
<0 DM,42.0,existing credits paid back duly till now,car (new),2106.3308,<100 DM,<1 years,1.0,none,3.0,savings agreement/life insurance,1,none,own,1.0,management/ highly qualified employee,1.0,yes,yes,1,divorced/separated,1
0 <= <200 DM,15.0,critical account,car (used),250.0,no savings account,4<= <7 years,2.0,none,4.0,savings agreement/life insurance,1,none,own,1.0,unskilled - resident,1.0,yes,yes,1,divorced/separated,1
<0 DM,18.0,existing credits paid back duly till now,car (new),1499.6964,<100 DM,1<= < 4 years,4.0,none,4.0,savings agreement/life insurance,1,none,own,1.0,unskilled - resident,1.0,none,yes,1,divorced/separated,1
no account,9.0,existing credits paid back duly till now,car (new),1738.6714,no savings account,4<= <7 years,4.0,none,4.0,savings agreement/life insurance,1,none,rent,1.0,skilled employee / official,1.0,yes,yes,1,divorced/separated,1
no account,18.0,existing credits paid back duly till now,education,2057.1626,500 <= < 1000 DM,1<= < 4 years,1.0,none,2.0,savings agreement/life insurance,1,none,own,1.0,skilled employee / official,1.0,none,yes,0,divorced/separated,1
no account,48.0,all credits at this bank paid back duly,education,2328.9927,<100 DM,1<= < 4 years,1.0,none,4.0,car or other,1,store,own,1.0,skilled employee / official,1.0,yes,yes,1,divorced/separated,1
<0 DM,4.0,critical account,education,435.08362,<100 DM,1<= < 4 years,2.0,none,2.0,savings agreement/life insurance,1,none,own,1.0,skilled employee / official,1.0,none,yes,1,divorced/separated,0
0 <= <200 DM,15.0,existing credits paid back duly till now,education,1503.3236,<100 DM,1<= < 4 years,2.0,none,4.0,car or other,0,none,own,1.0,management/ highly qualified employee,1.0,none,yes,1,divorced/separated,1
<0 DM,13.0,existing credits paid back duly till now,radio/television,18424.0,no savings account,<1 years,4.0,none,4.0,car or other,1,none,own,1.0,skilled employee / official,1.0,none,yes,0,divorced/separated,1
0 <= <200 DM,24.0,all credits at this bank paid back duly,radio/television,4579.833,<100 DM,1<= < 4 years,2.0,none,3.0,car or other,1,none,own,1.0,skilled employee / official,1.0,none,yes,1,divorced/separated,0
0 <= <200 DM,15.0,existing credits paid back duly till now,car (new),6335.5586,<100 DM,1<= < 4 years,3.0,none,1.0,real estate,1,store,rent,2.0,skilled employee / official,1.0,yes,yes,1,divorced/separated,1
no account,18.0,existing credits paid back duly till now,furniture/equipment,4443.0737,<100 DM,1<= < 4 years,4.0,none,3.0,car or other,0,none,own,1.0,unskilled - resident,1.0,yes,yes,1,divorced/separated,0
0 <= <200 DM,12.0,delay in paying off,radio/television,3028.866,<100 DM,1<= < 4 years,4.0,none,4.0,car or other,1,none,own,1.0,management/ highly qualified employee,1.0,yes,yes,1,divorced/separated,0
0 <= <200 DM,21.0,existing credits paid back duly till now,car (new),2743.1414,500 <= < 1000 DM,>=7 years,3.0,none,4.0,savings agreement/life insurance,1,none,own,1.0,skilled employee / official,1.0,none,yes,1,divorced/separated,1
<0 DM,6.0,existing credits paid back duly till now,car (new),2333.0,<100 DM,>=7 years,4.0,none,4.0,real estate,1,none,own,1.0,skilled employee / official,1.0,none,yes,1,divorced/separated,0
no account,36.0,critical account,radio/television,3253.6296,no savings account,1<= < 4 years,4.0,none,2.0,unknown / no property,0,none,own,1.0,management/ highly qualified employee,1.0,none,yes,1,divorced/separated,1
no account,36.0,critical account,others,7817.521,<100 DM,1<= < 4 years,4.0,none,4.0,real estate,1,none,own,1.0,skilled employee / official,1.0,yes,yes,1,divorced/separated,1
<0 DM,4.0,critical account,business,250.0,no savings account,1<= < 4 years,4.0,none,3.0,car or other,1,store,own,1.0,skilled employee / official,1.0,yes,yes,0,divorced/separated,0
no account,12.0,critical account,furniture/equipment,1881.3695,no savings account,1<= < 4 years,4.0,none,4.0,car or other,1,none,rent,2.0,unskilled - resident,1.0,yes,yes,1,divorced/separated,1
no account,4.0,existing credits paid back duly till now,radio/television,18424.0,<100 DM,1<= < 4 years,3.0,none,2.0,savings agreement/life insurance,1,bank,rent,1.0,skilled employee / official,1.0,none,yes,1,married/widowed,1
no account,15.0,critical account,education,1440.3278,<100 DM,4<= <7 years,3.0,none,3.0,real estate,1,none,own,1.0,unemployed/ unskilled  - non-resident,1.0,none,yes,1,divorced/separated,0
no account,15.0,existing credits paid back duly till now,furniture/equipment,3366.6594,no savings account,1<= < 4 years,2.0,none,3.0,savings agreement/life insurance,1,none,own,1.0,skilled employee / official,1.0,none,yes,0,divorced/separated,1
no account,4.0,existing credits paid back duly till now,repairs,2384.0,100 <= <500 DM,1<= < 4 years,4.0,none,4.0,savings agreement/life insurance,1,none,own,2.0,skilled employee / official,1.0,none,yes,0,divorced/separated,1
no account,4.0,critical account,radio/television,1203.7607,<100 DM,4<= <7 years,4.0,none,4.0,car or other,1,none,own,1.0,skilled employee / official,1.0,none,yes,1,divorced/separated,0
no account,18.0,critical account,furniture/equipment,4374.1763,<100 DM,4<= <7 years,4.0,none,3.0,car or other,1,none,rent,1.0,skilled employee / official,1.0,yes,yes,0,divorced/separated,0
<0 DM,12.0,existing credits paid back duly till now,business,1453.3723,<100 DM,>=7 years,4.0,none,4.0,real estate,1,none,for free,1.0,management/ highly qualified employee,1.0,none,yes,1,divorced/separated,1
0 <= <200 DM,6.0,all credits at this bank paid back duly,car (new),1532.7577,<100 DM,unemployed,4.0,none,2.0,savings agreement/life insurance,0,none,own,1.0,management/ highly qualified employee,1.0,none,yes,1,divorced/separated,0
no account,4.0,existing credits paid back duly till now,radio/television,1393.0,<100 DM,4<= <7 years,4.0,none,1.0,real estate,0,none,own,2.0,skilled employee / official,1.0,none,yes,0,divorced/separated,0
0 <= <200 DM,6.0,critical account,car (new),18424.0,<100 DM,1<= < 4 years,4.0,none,4.0,real estate,1,none,own,1.0,skilled employee / official,1.0,none,yes,1,divorced/separated,0
<0 DM,12.0,critical account,car (used),5127.213,<100 DM,1<= < 4 years,4.0,none,2.0,savings agreement/life insurance,1,bank,own,1.0,skilled employee / official,1.0,none,yes,0,divorced/separated,1
<0 DM,21.0,critical account,retraining,1239.3214,no savings account,4<= <7 years,1.0,none,2.0,car or other,1,none,own,1.0,unskilled - resident,1.0,none,yes,1,divorced/separated,1
no account,72.0,existing credits paid back duly till now,car (new),4454.793,<100 DM,>=7 years,4.0,none,4.0,car or other,1,none,rent,1.0,skilled employee / official,1.0,yes,yes,1,divorced/separated,1
<0 DM,4.0,existing credits paid back duly till now,furniture/equipment,2293.1194,no savings account,<1 years,3.0,none,4.0,real estate,1,none,own,2.0,skilled employee / official,1.0,none,yes,0,divorced/separated,1
<0 DM,4.0,critical account,car (new),250.0,<100 DM,>=7 years,4.0,none,3.0,car or other,1,none,for free,1.0,unskilled - resident,1.0,none,yes,1,divorced/separated,1
0 <= <200 DM,18.0,existing credits paid back duly till now,car (new),7975.3354,no savings account,1<= < 4 years,2.0,none,3.0,real estate,1,none,rent,1.0,management/ highly qualified employee,1.0,none,yes,1,divorced/separated,1
<0 DM,24.0,critical account,furniture/equipment,1393.3839,<100 DM,>=7 years,3.0,none,2.0,real estate,0,none,own,1.0,skilled employee / official,1.0,none,yes,1,divorced/separated,1
no account,6.0,existing credits paid back duly till now,radio/television,250.0,no savings account,1<= < 4 years,4.0,none,4.0,car or other,1,none,own,1.0,management/ highly qualified employee,1.0,yes,yes,1,divorced/separated,0
0 <= <200 DM,12.0,existing credits paid back duly till now,furniture/equipment,649.3886,<100 DM,4<= <7 years,4.0,none,3.0,car or other,1,bank,own,1.0,skilled employee / official,1.0,none,yes,0,divorced/separated,1
no account,24.0,critical account,furniture/equipment,1238.9792,<100 DM,<1 years,3.0,none,4.0,car or other,1,none,own,1.0,skilled employee / official,1.0,none,yes,0,divorced/separated,1
<0 DM,18.0,existing credits paid back duly till now,car (used),338.29413,no savings account,1<= < 4 years,4.0,none,4.0,unknown / no property,1,none,own,1.0,unskilled - resident,1.0,none,yes,1,divorced/separated,1
no account,24.0,existing credits paid back duly till now,radio/television,1470.5231,<100 DM,4<= <7 years,4.0,none,4.0,real estate,1,none,rent,1.0,skilled employee / official,1.0,none,yes,1,divorced/separated,1
0 <= <200 DM,15.0,existing credits paid back duly till now,furniture/equipment,1883.1785,<100 DM,1<= < 4 years,4.0,none,4.0,real estate,1,none,own,2.0,skilled employee / official,1.0,yes,yes,1,divorced/separated,1
<0 DM,4.0,existing credits paid back duly till now,car (new),1870.9901,<100 DM,>=7 years,4.0,none,3.0,real estate,1,none,rent,1.0,skilled employee / official,1.0,yes,yes,0,divorced/separated,1
0 <= <200 DM,6.0,existing credits paid back duly till now,furniture/equipment,3505.1772,<100 DM,unemployed,2.0,none,2.0,real estate,0,none,own,1.0,unskilled - resident,1.0,none,yes,1,divorced/separated,1
no account,18.0,existing credits paid back duly till now,furniture/equipment,1239.2029,<100 DM,4<= <7 years,4.0,none,4.0,real estate,1,none,own,1.0,unskilled - resident,1.0,yes,yes,1,divorced/separated,1
<0 DM,9.0,critical account,car (new),2577.5586,100 <= <500 DM,4<= <7 years,2.0,none,4.0,real estate,1,none,own,1.0,management/ highly qualified employee,1.0,yes,no,1,divorced/separated,1
<0 DM,36.0,existing credits paid back duly till now,furniture/equipment,1203.8368,<100 DM,4<= <7 years,4.0,none,4.0,real estate,1,none,own,1.0,skilled employee / official,1.0,yes,yes,1,divorced/separated,1
no account,72.0,existing credits paid back duly till now,furniture/equipment,1391.2582,no savings account,4<= <7 years,4.0,none,4.0,car or other,0,none,own,1.0,unskilled - resident,1.0,yes,yes,1,divorced/separated,1
no account,21.0,existing credits paid back duly till now,car (new),4661.002,100 <= <500 DM,1<= < 4 years,2.0,none,3.0,savings agreement/life insurance,1,none,own,1.0,skilled employee / official,1.0,none,yes,0,divorced/separated,1
<0 DM,18.0,critical account,furniture/equipment,2348.5635,<100 DM,1<= < 4 years,2.0,none,1.0,car or other,1,none,own,1.0,skilled employee / official,1.0,none,yes,0,divorced/separated,0
no account,15.0,critical account,car (new),518.70514,no savings account,4<= <7 years,4.0,none,2.0,car or other,0,none,own,1.0,management/ highly qualified employee,1.0,yes,yes,0,divorced/separated,1
0 <= <200 DM,24.0,existing credits paid back duly till now,retraining,1822.9651,<100 DM,1<= < 4 years,4.0,none,4.0,car or other,1,none,own,1.0,skilled employee / official,1.0,yes,yes,1,divorced/separated,1
<0 DM,12.0,critical account,repairs,3865.2864,no savings account,<1 years,2.0,none,2.0,savings agreement/life insurance,1,none,own,1.0,skilled employee / official,1.0,yes,yes,1,divorced/separated,0
<0 DM,12.0,critical account,car (new),1873.8369,<100 DM,>=7 years,1.0,none,3.0,unknown / no property,1,none,rent,1.0,skilled employee / official,1.0,none,no,1,divorced/separated,0
<0 DM,18.0,existing credits paid back duly till now,furniture/equipment,2239.5635,<100 DM,1<= < 4 years,4.0,none,4.0,unknown / no property,1,none,own,1.0,management/ highly qualified employee,1.0,yes,yes,0,divorced/separated,1
<0 DM,24.0,existing credits paid back duly till now,radio/television,6226.5015,<100 DM,4<= <7 years,4.0,none,2.0,savings agreement/life insurance,1,none,own,1.0,skilled employee / official,1.0,yes,yes,1,divorced/separated,1
<0 DM,12.0,existing credits paid back duly till now,furniture/equipment,2405.5107,<100 DM,1<= < 4 years,4.0,none,2.0,real estate,1,none,own,1.0,unskilled - resident,1.0,yes,yes,1,divorced/separated,1
<0 DM,4.0,critical account,retraining,1201.7632,<100 DM,1<= < 4 years,4.0,none,4.0,savings agreement/life insurance,1,bank,own,1.0,management/ highly qualified employee,1.0,yes,yes,0,divorced/separated,0
<0 DM,6.0,existing credits paid back duly till now,car (new),1126.0,<100 DM,>=7 years,3.0,none,4.0,savings agreement/life insurance,1,none,for free,1.0,management/ highly qualified employee,1.0,yes,yes,1,divorced/separated,1
<0 DM,12.0,existing credits paid back duly till now,car (used),3121.7817,no savings account,1<= < 4 years,2.0,none,4.0,unknown / no property,1,none,own,1.0,skilled employee / official,1.0,yes,yes,1,divorced/separated,1
0 <= <200 DM,8.756286,existing credits paid back duly till now,furniture/equipment,1792.166,<100 DM,1<= < 4 years,2.0,none,2.0,unknown / no property,1,none,own,1.0,management/ highly qualified employee,1.0,yes,yes,1,divorced/separated,0
<0 DM,12.0,existing credits paid back duly till now,car (used),7482.2603,<100 DM,1<= < 4 years,4.0,none,2.0,real estate,0,none,own,1.0,unskilled - resident,1.0,none,yes,0,divorced/separated,0
no account,4.0,critical account,education,5493.785,<100 DM,>=7 years,4.0,none,2.0,car or other,1,none,own,1.0,unskilled - resident,1.0,yes,yes,0,divorced/separated,0
<0 DM,12.0,critical account,radio/television,3342.7017,no savings account,>=7 years,4.0,none,4.0,unknown / no property,1,none,own,4.0,management/ highly qualified employee,1.0,none,yes,0,divorced/separated,1
<0 DM,12.0,existing credits paid back duly till now,furniture/equipment,1373.6986,<100 DM,4<= <7 years,4.0,none,4.0,car or other,1,none,rent,1.0,skilled employee / official,1.0,none,yes,0,divorced/separated,1
<0 DM,6.0,existing credits paid back duly till now,radio/television,2324.0498,<100 DM,1<= < 4 years,2.0,none,1.0,savings agreement/life insurance,1,none,for free,1.0,skilled employee / official,1.0,none,yes,1,divorced/separated,1
0 <= <200 DM,42.0,existing credits paid back duly till now,radio/television,633.53143,no savings account,1<= < 4 years,4.0,none,4.0,savings agreement/life insurance,1,none,own,1.0,skilled employee / official,1.0,yes,yes,1,divorced/separated,1
no account,12.0,existing credits paid back duly till now,education,1286.5293,100 <= <500 DM,1<= < 4 years,4.0,none,3.0,car or other,1,none,own,1.0,management/ highly qualified employee,1.0,yes,yes,0,divorced/separated,1
no account,10.0,critical account,radio/television,250.0,<100 DM,1<= < 4 years,4.0,none,4.0,savings agreement/life insurance,1,none,own,1.0,skilled employee / official,1.0,yes,yes,1,divorced/separated,1
no account,12.0,existing credits paid back duly till now,furniture/equipment,18424.0,<100 DM,<1 years,3.0,none,4.0,car or other,0,none,own,1.0,skilled employee / official,1.0,yes,yes,0,divorced/separated,1
no account,12.0,existing credits paid back duly till now,furniture/equipment,250.0,<100 DM,unemployed,2.0,none,2.0,real estate,0,none,rent,1.0,skilled employee / official,1.0,none,yes,1,divorced/separated,0
0 <= <200 DM,15.0,existing credits paid back duly till now,car (new),1938.1406,<100 DM,1<= < 4 years,4.0,none,4.0,car or other,1,none,rent,1.0,skilled employee / official,1.0,none,yes,1,divorced/separated,1
no account,24.0,critical account,education,5825.402,<100 DM,<1 years,4.0,none,4.0,real estate,1,none,own,1.0,management/ highly qualified employee,1.0,yes,yes,1,divorced/separated,1
no account,6.0,critical account,car (new),3110.6904,<100 DM,>=7 years,4.0,none,4.0,real estate,1,none,own,1.0,skilled employee / official,1.0,none,yes,0,divorced/separated,1
no account,12.0,existing credits paid back duly till now,furniture/equipment,2604.6387,<100 DM,1<= < 4 years,4.0,none,4.0,real estate,1,none,own,1.0,skilled employee / official,1.0,yes,yes,1,divorced/separated,1
<0 DM,48.0,existing credits paid back duly till now,car (used),18424.0,<100 DM,>=7 years,4.0,none,1.0,car or other,1,none,rent,1.0,management/ highly qualified employee,1.0,none,yes,1,divorced/separated,0
0 <= <200 DM,12.0,delay in paying off,radio/television,1469.5977,no savings account,4<= <7 years,1.0,none,1.0,savings agreement/life insurance,1,none,for free,1.0,management/ highly qualified employee,1.0,yes,yes,1,married/widowed,1
no account,18.0,existing credits paid back duly till now,radio/television,1074.498,<100 DM,1<= < 4 years,4.0,none,4.0,savings agreement/life insurance,1,none,own,1.0,skilled employee / official,1.0,yes,yes,1,divorced/separated,0
<0 DM,4.0,existing credits paid back duly till now,furniture/equipment,2876.3635,<100 DM,1<= < 4 years,1.0,none,2.0,car or other,1,none,own,2.0,skilled employee / official,1.0,none,yes,1,divorced/separated,0
no account,24.0,critical account,education,2609.485,>= 1000 DM,>=7 years,4.0,none,3.0,car or other,0,none,own,1.0,unskilled - resident,1.0,yes,yes,1,divorced/separated,1
0 <= <200 DM,24.0,existing credits paid back duly till now,furniture/equipment,250.0,<100 DM,1<= < 4 years,4.0,none,4.0,real estate,1,none,own,1.0,skilled employee / official,1.0,none,yes,1,divorced/separated,0
<0 DM,4.0,critical account,car (new),6144.294,<100 DM,1<= < 4 years,1.0,none,3.0,savings agreement/life insurance,1,store,own,2.0,management/ highly qualified employee,1.0,none,yes,1,divorced/separated,1
no account,21.0,critical account,furniture/equipment,1371.9049,no savings account,1<= < 4 years,2.0,none,4.0,savings agreement/life insurance,1,none,own,1.0,skilled employee / official,1.0,none,yes,1,divorced/separated,1
<0 DM,4.0,all credits at this bank paid back duly,car (new),250.0,<100 DM,>=7 years,4.0,none,4.0,real estate,1,none,own,1.0,management/ highly qualified employee,1.0,yes,yes,0,divorced/separated,1
0 <= <200 DM,6.0,existing credits paid back duly till now,car (new),18424.0,<100 DM,>=7 years,4.0,none,1.0,real estate,1,none,own,1.0,unskilled - resident,1.0,yes,yes,1,divorced/separated,1
0 <= <200 DM,12.0,delay in paying off,radio/television,362.2816,<100 DM,1<= < 4 years,4.0,none,3.0,real estate,1,none,own,1.0,skilled employee / official,1.0,none,yes,1,divorced/separated,1
no account,24.0,critical account,education,250.0,<100 DM,unemployed,4.0,none,4.0,savings agreement/life insurance,0,none,own,1.0,unskilled - resident,1.0,none,yes,1,divorced/separated,1
no account,6.0,existing credits paid back duly till now,furniture/equipment,1203.939,<100 DM,>=7 years,4.0,none,2.0,real estate,1,none,own,1.0,skilled employee / official,1.0,none,yes,1,divorced/separated,0
0 <= <200 DM,12.0,all credits at this bank paid back duly,education,1882.2491,no savings account,4<= <7 years,3.0,none,3.0,car or other,1,none,for free,1.0,management/ highly qualified employee,1.0,none,yes,0,divorced/separated,1
no account,4.0,critical account,car (new),1240.0,<100 DM,>=7 years,4.0,none,4.0,car or other,1,none,own,2.0,unskilled - resident,1.0,yes,yes,1,married/widowed,0
no account,18.0,critical account,furniture/equipment,5359.48,<100 DM,1<= < 4 years,2.0,none,2.0,savings agreement/life insurance,0,none,rent,1.0,skilled employee / official,1.0,yes,yes,0,divorced/separated,1
0 <= <200 DM,15.0,existing credits paid back duly till now,car (new),510.2463,<100 DM,1<= < 4 years,1.0,none,4.0,unknown / no property,1,none,own,1.0,skilled employee / official,1.0,yes,yes,1,divorced/separated,1
<0 DM,4.0,existing credits paid back duly till now,furniture/equipment,1948.208,no savings account,1<= < 4 years,3.0,none,4.0,unknown / no property,1,none,own,1.0,unskilled - resident,1.0,yes,yes,1,divorced/separated,1
0 <= <200 DM,18.0,no credits taken,radio/television,250.0,500 <= < 1000 DM,unemployed,4.0,none,4.0,real estate,1,none,own,1.0,unskilled - resident,1.0,yes,yes,1,divorced/separated,0
<0 DM,12.0,all credits at this bank paid back duly,radio/television,929.06714,<100 DM,>=7 years,4.0,none,4.0,savings agreement/life insurance,1,none,own,1.0,skilled employee / official,1.0,none,yes,0,divorced/separated,1
no account,18.0,existing credits paid back duly till now,repairs,2957.0674,>= 1000 DM,1<= < 4 years,3.0,none,3.0,savings agreement/life insurance,1,none,own,1.0,skilled employee / official,1.0,none,yes,0,divorced/separated,1
no account,12.0,critical account,radio/television,250.0,<100 DM,<1 years,4.0,none,3.0,real estate,1,none,own,1.0,management/ highly qualified employee,1.0,none,yes,1,divorced/separated,1
<0 DM,18.0,existing credits paid back duly till now,radio/television,2579.824,<100 DM,1<= < 4 years,1.0,none,4.0,unknown / no property,1,none,own,1.0,skilled employee / official,2.0,none,yes,1,divorced/separated,1
no account,15.0,critical account,car (new),1274.1898,<100 DM,1<= < 4 years,2.0,none,2.0,car or other,0,bank,own,1.0,unskilled - resident,1.0,none,yes,0,divorced/separated,0
no account,6.0,critical account,car (new),250.0,<100 DM,4<= <7 years,3.0,none,4.0,real estate,1,none,own,1.0,skilled employee / official,1.0,yes,yes,1,divorced/separated,1
<0 DM,24.0,critical account,others,1257.8396,<100 DM,1<= < 4 years,4.0,none,3.0,car or other,1,none,own,1.0,skilled employee / official,1.0,none,yes,1,divorced/separated,1
<0 DM,6.0,existing credits paid back duly till now,education,1455.7225,no savings account,>=7 years,3.0,none,4.0,real estate,1,bank,own,1.0,skilled employee / official,1.0,yes,yes,1,divorced/separated,1
<0 DM,4.0,all credits at this bank paid back duly,car (new),1216.0,no savings account,1<= < 4 years,4.0,none,4.0,real estate,0,none,own,1.0,skilled employee / official,1.0,none,yes,0,divorced/separated,1
no account,24.0,delay in paying off,car (new),1216.0,<100 DM,1<= < 4 years,3.0,none,4.0,real estate,1,bank,own,1.0,skilled employee / official,1.0,none,yes,0,divorced/separated,0
<0 DM,12.0,existing credits paid back duly till now,business,1747.8802,<100 DM,1<= < 4 years,1.0,none,4.0,real estate,1,none,rent,1.0,management/ highly qualified employee,1.0,none,yes,1,married/widowed,0
<0 DM,21.0,critical account,car (new),1817.095,<100 DM,4<= <7 years,4.0,none,4.0,savings agreement/life insurance,0,none,for free,1.0,management/ highly qualified employee,1.0,none,yes,1,divorced/separated,1
no account,4.0,existing credits paid back duly till now,car (new),1322.3647,no savings account,>=7 years,4.0,none,4.0,unknown / no property,1,none,rent,1.0,unskilled - resident,1.0,yes,yes,0,divorced/separated,0
<0 DM,21.48804,existing credits paid back duly till now,retraining,2018.2898,<100 DM,4<= <7 years,4.0,none,4.0,real estate,1,none,for free,1.0,skilled employee / official,1.0,yes,yes,1,divorced/separated,1
<0 DM,4.0,existing credits paid back duly till now,furniture/equipment,250.0,no savings account,1<= < 4 years,4.0,none,2.0,real estate,1,none,own,1.0,skilled employee / official,1.0,yes,yes,0,divorced/separated,0
<0 DM,72.0,existing credits paid back duly till now,radio/television,1240.0,<100 DM,1<= < 4 years,2.0,none,4.0,car or other,1,none,rent,1.0,management/ highly qualified employee,1.0,yes,yes,0,divorced/separated,1
0 <= <200 DM,14.0,critical account,furniture/equipment,1851.0314,no savings account,1<= < 4 years,3.0,none,1.0,unknown / no property,1,none,own,1.0,unskilled - resident,1.0,none,yes,1,divorced/separated,1
no account,4.0,existing credits paid back duly till now,radio/television,250.0,no savings account,<1 years,4.0,none,4.0,savings agreement/life insurance,0,none,for free,1.0,management/ highly qualified employee,1.0,yes,yes,0,divorced/separated,1
<0 DM,24.0,existing credits paid back duly till now,radio/television,2577.5732,<100 DM,1<= < 4 years,1.0,none,4.0,savings agreement/life insurance,0,none,own,1.0,unskilled - resident,1.0,yes,yes,0,divorced/separated,1
no account,4.0,delay in paying off,business,12733.684,100 <= <500 DM,4<= <7 years,4.0,none,2.0,savings agreement/life insurance,1,none,own,4.0,skilled employee / official,1.0,yes,yes,1,divorced/separated,0
<0 DM,10.0,critical account,car (new),1884.497,no savings account,1<= < 4 years,4.0,co-applicant,2.0,real estate,1,none,rent,1.0,skilled employee / official,1.0,yes,yes,1,divorced/separated,0
no account,4.0,existing credits paid back duly till now,furniture/equipment,1504.6534,500 <= < 1000 DM,<1 years,2.0,none,2.0,real estate,1,none,rent,1.0,skilled employee / official,1.0,yes,yes,1,divorced/separated,0
no account,6.0,existing credits paid back duly till now,radio/television,18424.0,<100 DM,1<= < 4 years,4.0,none,4.0,car or other,1,none,rent,1.0,skilled employee / official,1.0,none,yes,1,divorced/separated,0
no account,6.0,critical account,car (used),8075.212,>= 1000 DM,1<= < 4 years,4.0,none,2.0,car or other,1,none,own,1.0,skilled employee / official,1.0,none,yes,1,divorced/separated,1
<0 DM,15.0,critical account,radio/television,250.0,100 <= <500 DM,4<= <7 years,4.0,none,3.0,car or other,1,none,own,1.0,skilled employee / official,1.0,none,yes,0,divorced/separated,1
no account,4.0,existing credits paid back duly till now,business,672.0893,100 <= <500 DM,1<= < 4 years,4.0,none,3.0,car or other,1,none,own,1.0,skilled employee / official,1.0,yes,yes,1,divorced/separated,1
no account,4.0,existing credits paid back duly till now,car (new),2039.0,<100 DM,4<= <7 years,4.0,none,4.0,real estate,0,none,rent,1.0,management/ highly qualified employee,1.0,yes,yes,1,divorced/separated,1
<0 DM,47.82581,existing credits paid back duly till now,furniture/equipment,1909.2275,<100 DM,>=7 years,2.0,none,4.0,savings agreement/life insurance,1,none,rent,1.0,unemployed/ unskilled  - non-resident,1.0,none,yes,1,divorced/separated,1
0 <= <200 DM,12.0,existing credits paid back duly till now,car (new),3525.6394,no savings account,>=7 years,4.0,none,3.0,real estate,1,none,own,1.0,unskilled - resident,1.0,none,yes,1,divorced/separated,1
no account,6.0,existing credits paid back duly till now,furniture/equipment,1409.0,<100 DM,4<= <7 years,4.0,none,2.0,unknown / no property,0,none,own,1.0,skilled employee / official,1.0,none,yes,1,divorced/separated,1
no account,15.0,existing credits paid back duly till now,car (new),2063.931,no savings account,4<= <7 years,1.0,none,2.0,car or other,1,none,own,1.0,skilled employee / official,1.0,yes,yes,1,divorced/separated,1
<0 DM,12.0,existing credits paid back duly till now,car (new),3811.5854,<100 DM,1<= < 4 years,4.0,none,1.0,unknown / no property,1,bank,own,2.0,skilled employee / official,1.0,yes,yes,0,divorced/separated,0
no account,21.0,existing credits paid back duly till now,radio/television,1102.1715,100 <= <500 DM,>=7 years,3.0,none,4.0,real estate,1,none,for free,1.0,unskilled - resident,1.0,none,yes,1,divorced/separated,0
no account,15.0,critical account,car (new),3832.0,100 <= <500 DM,1<= < 4 years,4.0,none,3.0,car or other,1,none,own,1.0,skilled employee / official,1.0,none,yes,1,divorced/separated,1
<0 DM,24.0,existing credits paid back duly till now,radio/television,2333.0,<100 DM,1<= < 4 years,4.0,none,2.0,savings agreement/life insurance,1,none,own,1.0,management/ highly qualified employee,1.0,yes,yes,1,divorced/separated,1
<0 DM,6.0,existing credits paid back duly till now,domestic appliances,5247.6265,500 <= < 1000 DM,1<= < 4 years,4.0,none,4.0,car or other,1,none,own,1.0,management/ highly qualified employee,1.0,none,yes,1,divorced/separated,1
no account,10.0,existing credits paid back duly till now,car (new),1275.0,<100 DM,1<= < 4 years,3.0,none,4.0,car or other,1,none,rent,1.0,unskilled - resident,1.0,none,yes,1,divorced/separated,1
<0 DM,72.0,existing credits paid back duly till now,radio/television,250.0,<100 DM,<1 years,4.0,none,4.0,real estate,0,none,own,1.0,skilled employee / official,1.0,none,yes,1,divorced/separated,1
0 <= <200 DM,24.0,existing credits paid back duly till now,radio/television,673.6359,<100 DM,1<= < 4 years,3.0,guarantor,2.0,car or other,1,none,own,1.0,management/ highly qualified employee,1.0,none,yes,1,divorced/separated,1
0 <= <200 DM,15.0,critical account,car (new),1927.4994,500 <= < 1000 DM,unemployed,2.0,none,1.0,car or other,1,none,own,1.0,management/ highly qualified employee,1.0,none,yes,1,divorced/separated,1
no account,9.0,existing credits paid back duly till now,radio/television,2525.1501,<100 DM,>=7 years,3.0,none,2.0,real estate,1,none,own,1.0,unskilled - resident,1.0,none,yes,1,divorced/separated,1
<0 DM,72.0,existing credits paid back duly till now,car (new),8947.976,<100 DM,>=7 years,4.0,none,1.0,real estate,0,none,own,1.0,management/ highly qualified employee,1.0,yes,yes,0,divorced/separated,1
<0 DM,10.0,critical account,furniture/equipment,1391.2069,<100 DM,1<= < 4 years,1.0,none,4.0,unknown / no property,1,none,rent,1.0,skilled employee / official,1.0,none,yes,1,divorced/separated,0
no account,4.0,existing credits paid back duly till now,radio/television,3021.6821,<100 DM,>=7 years,3.0,none,3.0,car or other,1,none,own,1.0,skilled employee / official,1.0,yes,yes,1,divorced/separated,1
<0 DM,21.0,existing credits paid back duly till now,furniture/equipment,250.0,<100 DM,4<= <7 years,4.0,none,4.0,car or other,1,none,own,1.0,skilled employee / official,1.0,yes,yes,1,divorced/separated,1
no account,11.0,existing credits paid back duly till now,radio/television,1553.7097,<100 DM,>=7 years,2.0,none,4.0,real estate,1,none,own,1.0,management/ highly qualified employee,1.0,none,yes,1,divorced/separated,1
no account,6.0,critical account,car (used),1241.497,<100 DM,<1 years,3.0,co-applicant,2.0,unknown / no property,1,bank,rent,1.0,skilled employee / official,1.0,none,yes,1,divorced/separated,1
0 <= <200 DM,4.0,existing credits paid back duly till now,radio/television,2475.9758,<100 DM,1<= < 4 years,2.0,none,4.0,real estate,1,none,own,1.0,unskilled - resident,1.0,none,yes,0,divorced/separated,1
<0 DM,6.0,critical account,radio/television,1393.0,100 <= <500 DM,1<= < 4 years,4.0,none,3.0,real estate,1,none,own,1.0,skilled employee / official,1.0,none,yes,1,divorced/separated,1
no account,15.0,existing credits paid back duly till now,radio/television,2185.1648,<100 DM,>=7 years,4.0,co-applicant,3.0,car or other,1,none,rent,1.0,skilled employee / official,1.0,yes,yes,1,divorced/separated,1
no account,48.0,existing credits paid back duly till now,radio/television,2032.7507,no savings account,<1 years,4.0,none,4.0,real estate,1,none,own,1.0,unskilled - resident,1.0,none,yes,1,divorced/separated,1
no account,24.0,existing credits paid back duly till now,furniture/equipment,2056.2595,<100 DM,1<= < 4 years,4.0,none,4.0,savings agreement/life insurance,1,none,own,1.0,skilled employee / official,1.0,none,yes,1,divorced/separated,1
0 <= <200 DM,12.0,critical account,car (new),3573.05,no savings account,>=7 years,2.0,none,2.0,unknown / no property,1,none,own,1.0,management/ highly qualified employee,1.0,none,yes,0,divorced/separated,1
no account,4.9881544,existing credits paid back duly till now,car (new),1787.2529,no savings account,<1 years,4.0,none,4.0,car or other,1,none,own,1.0,skilled employee / official,1.0,yes,yes,1,divorced/separated,1
no account,4.0,critical account,furniture/equipment,1373.9318,<100 DM,unemployed,3.0,none,2.0,real estate,1,none,own,2.0,unskilled - resident,1.0,none,yes,1,divorced/separated,1
no account,48.0,existing credits paid back duly till now,radio/television,5143.871,<100 DM,>=7 years,4.0,none,2.0,real estate,1,store,own,1.0,management/ highly qualified employee,1.0,none,yes,1,divorced/separated,0
>= 200 DM ,12.0,existing credits paid back duly till now,car (new),757.40625,no savings account,1<= < 4 years,4.0,none,4.0,car or other,1,none,own,1.0,skilled employee / official,1.0,none,yes,1,divorced/separated,1
no account,4.0,critical account,car (new),1154.7222,<100 DM,4<= <7 years,4.0,none,4.0,savings agreement/life insurance,1,none,own,2.0,skilled employee / official,1.0,none,yes,1,divorced/separated,0
0 <= <200 DM,18.0,critical account,car (new),1237.2648,<100 DM,4<= <7 years,4.0,none,4.0,savings agreement/life insurance,1,none,own,1.0,unskilled - resident,1.0,none,yes,0,divorced/separated,1
no account,60.0,existing credits paid back duly till now,furniture/equipment,932.0,no savings account,1<= < 4 years,4.0,none,4.0,car or other,1,none,own,1.0,skilled employee / official,1.0,none,yes,0,divorced/separated,1
<0 DM,12.0,existing credits paid back duly till now,others,914.5001,>= 1000 DM,<1 years,4.0,none,4.0,unknown / no property,0,none,rent,1.0,skilled employee / official,1.0,none,yes,0,divorced/separated,0
no account,24.0,existing credits paid back duly till now,business,1901.8398,500 <= < 1000 DM,1<= < 4 years,1.0,none,4.0,savings agreement/life insurance,0,none,own,1.0,skilled employee / official,1.0,none,yes,1,divorced/separated,0
0 <= <200 DM,12.0,critical account,others,2377.5598,<100 DM,1<= < 4 years,4.0,none,3.0,car or other,0,none,rent,1.0,skilled employee / official,1.0,yes,yes,1,divorced/separated,0
<0 DM,4.0,existing credits paid back duly till now,car (new),1542.9618,<100 DM,>=7 years,1.0,none,2.0,savings agreement/life insurance,1,none,own,1.0,skilled employee / official,1.0,yes,yes,1,divorced/separated,1
no account,24.0,critical account,radio/television,976.0,<100 DM,1<= < 4 years,3.0,none,4.0,car or other,1,store,rent,1.0,skilled employee / official,1.0,none,yes,1,divorced/separated,1
no account,18.0,existing credits paid back duly till now,furniture/equipment,260.76114,<100 DM,>=7 years,3.0,none,3.0,real estate,1,none,own,1.0,management/ highly qualified employee,1.0,yes,yes,1,divorced/separated,1
<0 DM,21.0,existing credits paid back duly till now,car (new),9271.991,<100 DM,>=7 years,1.0,none,3.0,savings agreement/life insurance,1,none,own,1.0,skilled employee / official,1.0,none,yes,1,divorced/separated,1
no account,12.0,existing credits paid back duly till now,furniture/equipment,18424.0,no savings account,1<= < 4 years,3.0,none,1.0,real estate,1,none,own,1.0,skilled employee / official,1.0,yes,yes,0,divorced/separated,1
<0 DM,10.0,existing credits paid back duly till now,furniture/equipment,4306.7905,<100 DM,1<= < 4 years,4.0,none,4.0,real estate,0,none,rent,1.0,skilled employee / official,1.0,yes,yes,1,divorced/separated,0
no account,18.0,existing credits paid back duly till now,car (used),4125.533,<100 DM,<1 years,2.0,co-applicant,2.0,real estate,1,none,rent,1.0,skilled employee / official,1.0,none,yes,0,divorced/separated,1
>= 200 DM ,36.0,critical account,furniture/equipment,250.0,<100 DM,>=7 years,4.0,none,4.0,real estate,1,none,own,1.0,skilled employee / official,1.0,none,yes,1,divorced/separated,1
<0 DM,24.0,critical account,furniture/equipment,2770.9543,<100 DM,4<= <7 years,4.0,none,4.0,car or other,1,none,own,1.0,management/ highly qualified employee,1.0,none,yes,1,divorced/separated,0
0 <= <200 DM,4.0,critical account,car (new),2394.9795,<100 DM,1<= < 4 years,2.0,none,2.0,car or other,1,none,own,1.0,unskilled - resident,1.0,yes,yes,1,divorced/separated,1
<0 DM,4.0,existing credits paid back duly till now,furniture/equipment,3913.4304,<100 DM,1<= < 4 years,4.0,none,2.0,car or other,1,none,own,3.0,skilled employee / official,1.0,yes,yes,0,divorced/separated,1
no account,15.0,existing credits paid back duly till now,car (new),12711.296,<100 DM,4<= <7 years,1.0,none,2.0,car or other,1,none,own,1.0,skilled employee / official,1.0,none,yes,0,divorced/separated,1
no account,18.0,existing credits paid back duly till now,radio/television,1388.2576,<100 DM,1<= < 4 years,2.0,none,3.0,real estate,1,none,own,1.0,unskilled - resident,1.0,none,yes,0,divorced/separated,1
no account,30.0,critical account,furniture/equipment,682.65515,no savings account,1<= < 4 years,4.0,none,4.0,real estate,1,none,own,1.0,skilled employee / official,1.0,yes,yes,1,divorced/separated,1
<0 DM,72.0,critical account,education,1236.1367,no savings account,4<= <7 years,4.0,none,4.0,unknown / no property,0,none,own,1.0,management/ highly qualified employee,1.0,yes,yes,0,divorced/separated,1
0 <= <200 DM,15.0,existing credits paid back duly till now,car (new),1409.0,100 <= <500 DM,4<= <7 years,3.0,none,4.0,savings agreement/life insurance,1,none,rent,1.0,unskilled - resident,1.0,none,yes,0,divorced/separated,1
0 <= <200 DM,8.0,critical account,furniture/equipment,1330.3143,<100 DM,1<= < 4 years,1.0,co-applicant,1.0,real estate,1,none,rent,1.0,skilled employee / official,1.0,yes,yes,1,divorced/separated,0
0 <= <200 DM,6.0,existing credits paid back duly till now,radio/television,3972.5234,<100 DM,1<= < 4 years,2.0,none,2.0,real estate,1,none,own,1.0,skilled employee / official,1.0,yes,yes,0,divorced/separated,1
no account,12.0,existing credits paid back duly till now,car (new),4080.2476,<100 DM,4<= <7 years,4.0,none,4.0,savings agreement/life insurance,1,none,own,2.0,unskilled - resident,1.0,yes,yes,0,divorced/separated,1
<0 DM,12.0,critical account,others,3239.8625,<100 DM,>=7 years,4.0,none,4.0,car or other,0,none,own,1.0,unskilled - resident,1.0,none,yes,1,divorced/separated,1
no account,6.0,critical account,furniture/equipment,1300.1744,<100 DM,<1 years,4.0,none,4.0,car or other,1,none,own,1.0,skilled employee / official,1.0,none,yes,1,divorced/separated,1
no account,4.0,all credits at this bank paid back duly,radio/television,1231.5195,<100 DM,>=7 years,2.0,none,4.0,real estate,1,none,for free,1.0,skilled employee / official,1.0,none,yes,1,divorced/separated,0
<0 DM,72.0,existing credits paid back duly till now,radio/television,18424.0,no savings account,>=7 years,4.0,none,2.0,savings agreement/life insurance,1,none,own,1.0,skilled employee / official,1.0,none,yes,1,divorced/separated,1
no account,4.0,delay in paying off,education,4092.0,>= 1000 DM,4<= <7 years,4.0,none,2.0,car or other,1,none,rent,1.0,skilled employee / official,1.0,yes,no,0,divorced/separated,0
0 <= <200 DM,12.0,critical account,others,1532.423,<100 DM,4<= <7 years,4.0,none,3.0,real estate,0,bank,rent,1.0,skilled employee / official,1.0,yes,yes,1,divorced/separated,1
<0 DM,15.0,existing credits paid back duly till now,car (new),2967.1912,no savings account,<1 years,4.0,none,2.0,car or other,1,none,own,1.0,skilled employee / official,1.0,none,yes,0,divorced/separated,1
no account,4.0,existing credits paid back duly till now,business,1818.481,100 <= <500 DM,4<= <7 years,3.0,none,2.0,savings agreement/life insurance,1,store,own,1.0,management/ highly qualified employee,1.0,none,yes,0,divorced/separated,0
no account,4.0,existing credits paid back duly till now,furniture/equipment,1504.9185,no savings account,<1 years,2.0,none,2.0,savings agreement/life insurance,1,none,rent,2.0,skilled employee / official,1.0,none,no,0,divorced/separated,0
0 <= <200 DM,9.0,existing credits paid back duly till now,others,1952.4818,<100 DM,1<= < 4 years,3.0,none,3.0,savings agreement/life insurance,0,none,for free,1.0,unskilled - resident,1.0,none,yes,1,divorced/separated,1
no account,18.0,delay in paying off,car (new),2578.5247,<100 DM,1<= < 4 years,2.0,none,4.0,real estate,0,none,own,1.0,skilled employee / official,1.0,none,yes,1,divorced/separated,0
<0 DM,4.0,existing credits paid back duly till now,furniture/equipment,629.98456,100 <= <500 DM,<1 years,4.0,none,4.0,car or other,1,none,for free,1.0,skilled employee / official,1.0,yes,yes,0,divorced/separated,0
0 <= <200 DM,12.0,all credits at this bank paid back duly,repairs,1424.0,<100 DM,4<= <7 years,4.0,none,4.0,unknown / no property,1,none,own,1.0,skilled employee / official,1.0,none,yes,1,divorced/separated,0
0 <= <200 DM,6.0,existing credits paid back duly till now,car (new),2513.1838,<100 DM,>=7 years,3.0,none,4.0,unknown / no property,0,none,rent,1.0,skilled employee / official,1.0,yes,yes,1,divorced/separated,1
0 <= <200 DM,20.0,existing credits paid back duly till now,car (new),3418.128,no savings account,4<= <7 years,3.0,none,2.0,car or other,1,none,own,1.0,skilled employee / official,1.0,yes,yes,1,divorced/separated,1
no account,6.0,critical account,radio/television,3061.2908,<100 DM,1<= < 4 years,2.0,none,4.0,unknown / no property,1,none,own,1.0,skilled employee / official,1.0,none,yes,0,divorced/separated,1
no account,12.0,all credits at this bank paid back duly,radio/television,3069.9878,no savings account,>=7 years,1.0,none,3.0,savings agreement/life insurance,1,none,own,1.0,unskilled - resident,1.0,none,yes,1,divorced/separated,1
no account,12.0,existing credits paid back duly till now,car (new),4861.5205,<100 DM,<1 years,4.0,none,2.0,real estate,1,none,own,2.0,unskilled - resident,1.0,yes,yes,1,divorced/separated,1
<0 DM,20.0,critical account,furniture/equipment,8886.906,<100 DM,1<= < 4 years,4.0,none,4.0,real estate,1,none,own,1.0,unskilled - resident,1.0,none,yes,0,divorced/separated,1
no account,72.0,existing credits paid back duly till now,radio/television,2900.238,no savings account,4<= <7 years,4.0,none,4.0,car or other,1,none,own,1.0,unskilled - resident,1.0,none,yes,1,divorced/separated,1
0 <= <200 DM,12.0,existing credits paid back duly till now,car (used),250.0,no savings account,4<= <7 years,4.0,none,4.0,savings agreement/life insurance,0,none,rent,1.0,unskilled - resident,1.0,none,yes,1,divorced/separated,1
0 <= <200 DM,24.0,critical account,radio/television,3984.047,>= 1000 DM,1<= < 4 years,2.0,none,2.0,car or other,0,none,own,1.0,skilled employee / official,1.0,yes,yes,1,divorced/separated,1
<0 DM,4.0,existing credits paid back duly till now,education,3579.6748,<100 DM,1<= < 4 years,1.0,none,1.0,unknown / no property,1,none,own,1.0,skilled employee / official,1.0,none,yes,0,divorced/separated,1
no account,18.0,existing credits paid back duly till now,car (new),1047.8617,<100 DM,4<= <7 years,4.0,none,4.0,car or other,1,none,for free,1.0,skilled employee / official,1.0,none,yes,1,divorced/separated,0
no account,4.0,existing credits paid back duly till now,radio/television,3576.9888,500 <= < 1000 DM,<1 years,1.0,none,4.0,savings agreement/life insurance,1,none,own,1.0,management/ highly qualified employee,1.0,yes,yes,1,divorced/separated,0
no account,4.0,critical account,others,2320.8975,100 <= <500 DM,<1 years,2.0,none,2.0,savings agreement/life insurance,1,bank,rent,1.0,unskilled - resident,1.0,yes,yes,1,divorced/separated,1
no account,24.0,existing credits paid back duly till now,furniture/equipment,5011.1753,<100 DM,1<= < 4 years,4.0,none,2.0,real estate,1,none,rent,1.0,skilled employee / official,1.0,yes,yes,0,divorced/separated,1
<0 DM,6.0,existing credits paid back duly till now,furniture/equipment,2745.3228,<100 DM,1<= < 4 years,4.0,none,4.0,savings agreement/life insurance,1,none,rent,1.0,skilled employee / official,1.0,yes,yes,1,divorced/separated,1
no account,4.0,critical account,car (used),2319.5923,no savings account,>=7 years,4.0,none,4.0,car or other,0,none,own,1.0,unskilled - resident,1.0,none,yes,0,divorced/separated,1
no account,4.0,existing credits paid back duly till now,car (new),1424.0,100 <= <500 DM,>=7 years,2.0,none,3.0,real estate,1,none,rent,1.0,skilled employee / official,1.0,yes,yes,1,married/widowed,1
no account,9.0,critical account,furniture/equipment,1045.0178,<100 DM,4<= <7 years,4.0,none,3.0,savings agreement/life insurance,1,none,own,1.0,management/ highly qualified employee,1.0,none,yes,1,divorced/separated,1
<0 DM,4.0,critical account,education,1260.4257,500 <= < 1000 DM,1<= < 4 years,4.0,none,4.0,real estate,1,none,own,1.0,skilled employee / official,1.0,none,yes,1,divorced/separated,0
<0 DM,4.0,existing credits paid back duly till now,radio/television,2504.307,<100 DM,<1 years,4.0,none,4.0,car or other,1,none,rent,2.0,skilled employee / official,1.0,none,yes,1,divorced/separated,1
<0 DM,12.0,existing credits paid back duly till now,business,4268.6616,<100 DM,1<= < 4 years,1.0,none,4.0,unknown / no property,1,none,rent,1.0,unskilled - resident,1.0,none,yes,0,divorced/separated,1
0 <= <200 DM,9.0,critical account,others,18424.0,500 <= < 1000 DM,1<= < 4 years,1.0,none,4.0,car or other,0,none,own,1.0,skilled employee / official,1.0,none,yes,1,divorced/separated,1
no account,24.0,existing credits paid back duly till now,furniture/equipment,2387.2656,no savings account,1<= < 4 years,3.0,none,3.0,car or other,1,none,own,1.0,skilled employee / official,1.0,none,yes,1,divorced/separated,1
<0 DM,36.0,existing credits paid back duly till now,car (new),7414.6313,no savings account,1<= < 4 years,1.0,none,4.0,savings agreement/life insurance,1,none,rent,1.0,unskilled - resident,1.0,yes,yes,1,divorced/separated,1
0 <= <200 DM,24.0,all credits at this bank paid back duly,retraining,3236.589,<100 DM,>=7 years,2.0,none,1.0,real estate,1,none,rent,1.0,unskilled - resident,1.0,none,yes,1,divorced/separated,0
0 <= <200 DM,24.0,critical account,radio/television,1248.7383,<100 DM,>=7 years,4.0,none,4.0,real estate,1,none,own,1.0,skilled employee / official,1.0,none,yes,0,divorced/separated,1
0 <= <200 DM,4.0,critical account,radio/television,2576.736,<100 DM,1<= < 4 years,4.0,none,2.0,car or other,1,none,own,1.0,unemployed/ unskilled  - non-resident,1.0,yes,yes,1,divorced/separated,1
<0 DM,10.0,existing credits paid back duly till now,car (new),1897.2168,<100 DM,1<= < 4 years,4.0,none,3.0,car or other,1,none,own,2.0,unskilled - resident,1.0,yes,yes,0,divorced/separated,1
no account,4.0,existing credits paid back duly till now,radio/television,1272.1438,<100 DM,1<= < 4 years,4.0,none,1.0,real estate,0,none,own,2.0,unskilled - resident,1.0,none,yes,1,divorced/separated,1
<0 DM,15.0,all credits at this bank paid back duly,car (used),1521.2855,<100 DM,>=7 years,1.0,none,2.0,car or other,1,none,own,1.0,skilled employee / official,1.0,yes,yes,1,divorced/separated,0
no account,48.0,existing credits paid back duly till now,car (new),1237.6975,<100 DM,>=7 years,4.0,none,4.0,real estate,1,none,own,1.0,skilled employee / official,1.0,yes,yes,1,divorced/separated,0
0 <= <200 DM,4.0,existing credits paid back duly till now,car (new),2568.1316,<100 DM,>=7 years,2.0,none,1.0,real estate,0,none,own,1.0,skilled employee / official,1.0,none,yes,1,divorced/separated,1
0 <= <200 DM,30.0,existing credits paid back duly till now,radio/television,1413.0,<100 DM,>=7 years,4.0,none,4.0,real estate,1,none,own,1.0,skilled employee / official,1.0,none,yes,0,divorced/separated,0
<0 DM,27.0,existing credits paid back duly till now,car (new),1453.632,<100 DM,1<= < 4 years,4.0,none,3.0,savings agreement/life insurance,0,none,own,1.0,skilled employee / official,1.0,none,yes,1,divorced/separated,1
no account,18.0,existing credits paid back duly till now,retraining,975.93646,<100 DM,4<= <7 years,4.0,none,4.0,real estate,1,bank,own,1.0,skilled employee / official,1.0,none,yes,1,divorced/separated,1
no account,4.0,existing credits paid back duly till now,radio/television,18424.0,<100 DM,4<= <7 years,1.0,guarantor,3.0,savings agreement/life insurance,1,none,own,1.0,unskilled - resident,1.0,yes,yes,1,divorced/separated,1
0 <= <200 DM,4.0,existing credits paid back duly till now,furniture/equipment,1498.1666,no savings account,1<= < 4 years,3.0,none,2.0,unknown / no property,1,none,rent,1.0,skilled employee / official,1.0,none,yes,0,divorced/separated,1
0 <= <200 DM,4.0,existing credits paid back duly till now,furniture/equipment,2761.825,no savings account,1<= < 4 years,4.0,none,2.0,savings agreement/life insurance,0,none,own,1.0,skilled employee / official,1.0,yes,yes,1,divorced/separated,1
<0 DM,6.0,critical account,business,1476.3715,>= 1000 DM,1<= < 4 years,4.0,none,2.0,car or other,1,none,own,2.0,management/ highly qualified employee,1.0,none,yes,0,divorced/separated,1
0 <= <200 DM,72.0,existing credits paid back duly till now,furniture/equipment,250.0,<100 DM,>=7 years,4.0,none,4.0,car or other,1,none,own,1.0,skilled employee / official,1.0,none,yes,1,divorced/separated,1
0 <= <200 DM,12.0,existing credits paid back duly till now,radio/television,1102.6292,no savings account,>=7 years,3.0,none,4.0,real estate,1,none,own,1.0,management/ highly qualified employee,1.0,none,yes,1,divorced/separated,1
<0 DM,21.0,existing credits paid back duly till now,domestic appliances,2983.3396,no savings account,>=7 years,1.0,none,4.0,car or other,1,none,own,1.0,management/ highly qualified employee,1.0,none,yes,1,divorced/separated,1
no account,12.0,existing credits paid back duly till now,car (new),1527.146,no savings account,4<= <7 years,2.0,none,4.0,real estate,1,none,own,1.0,skilled employee / official,1.0,none,yes,1,divorced/separated,1
no account,24.0,existing credits paid back duly till now,radio/television,1290.7909,<100 DM,unemployed,4.0,none,3.0,real estate,1,none,own,1.0,management/ highly qualified employee,1.0,yes,yes,1,divorced/separated,0
no account,24.0,critical account,car (new),1720.6407,<100 DM,<1 years,4.0,none,3.0,car or other,1,none,own,1.0,skilled employee / official,1.0,none,yes,1,divorced/separated,0
no account,6.0,existing credits paid back duly till now,radio/television,1330.8058,no savings account,>=7 years,4.0,none,4.0,savings agreement/life insurance,1,none,own,1.0,management/ highly qualified employee,1.0,yes,yes,0,divorced/separated,1
0 <= <200 DM,12.0,critical account,radio/television,4245.739,<100 DM,1<= < 4 years,4.0,none,1.0,car or other,1,none,rent,3.0,unskilled - resident,1.0,yes,yes,1,divorced/separated,1
<0 DM,4.0,critical account,radio/television,250.0,<100 DM,1<= < 4 years,3.0,none,4.0,real estate,1,none,own,1.0,skilled employee / official,1.0,yes,yes,1,divorced/separated,0
no account,8.0,critical account,education,4788.2246,<100 DM,<1 years,4.0,none,2.0,real estate,1,none,own,1.0,unskilled - resident,1.0,none,yes,1,divorced/separated,1
no account,36.0,critical account,radio/television,1863.133,<100 DM,>=7 years,4.0,none,3.0,real estate,1,none,rent,1.0,skilled employee / official,1.0,yes,yes,0,divorced/separated,0
no account,42.0,critical account,car (new),1600.8076,<100 DM,<1 years,3.0,none,2.0,real estate,1,none,rent,1.0,skilled employee / official,1.0,none,yes,1,divorced/separated,1
no account,18.0,existing credits paid back duly till now,car (new),1978.1611,<100 DM,<1 years,1.0,none,1.0,savings agreement/life insurance,1,none,own,1.0,skilled employee / official,1.0,none,yes,1,divorced/separated,1
0 <= <200 DM,24.0,existing credits paid back duly till now,others,1394.7958,<100 DM,1<= < 4 years,3.0,none,4.0,car or other,1,none,own,1.0,skilled employee / official,1.0,yes,yes,1,divorced/separated,1
no account,24.0,existing credits paid back duly till now,car (new),18424.0,<100 DM,4<= <7 years,3.0,none,2.0,unknown / no property,1,none,own,1.0,skilled employee / official,1.0,none,yes,1,divorced/separated,1
no account,21.0,existing credits paid back duly till now,radio/television,1420.453,no savings account,<1 years,3.0,none,2.0,car or other,1,none,own,1.0,skilled employee / official,1.0,yes,yes,0,divorced/separated,1
<0 DM,12.0,existing credits paid back duly till now,furniture/equipment,3394.841,no savings account,<1 years,4.0,none,2.0,car or other,1,bank,own,1.0,management/ highly qualified employee,1.0,none,yes,1,divorced/separated,1
no account,4.0,critical account,furniture/equipment,250.0,100 <= <500 DM,1<= < 4 years,4.0,none,3.0,car or other,1,bank,rent,1.0,skilled employee / official,1.0,none,yes,1,divorced/separated,1
no account,24.0,delay in paying off,radio/television,250.0,<100 DM,1<= < 4 years,4.0,none,4.0,savings agreement/life insurance,1,none,own,1.0,skilled employee / official,1.0,none,yes,1,divorced/separated,1
<0 DM,10.0,existing credits paid back duly till now,furniture/equipment,1208.2654,<100 DM,1<= < 4 years,4.0,none,4.0,savings agreement/life insurance,1,none,own,1.0,skilled employee / official,1.0,none,yes,1,divorced/separated,1
no account,4.0,critical account,furniture/equipment,449.87677,<100 DM,1<= < 4 years,4.0,none,4.0,real estate,0,none,own,1.0,management/ highly qualified employee,1.0,none,yes,1,divorced/separated,0
0 <= <200 DM,18.0,critical account,car (new),3575.1194,<100 DM,>=7 years,4.0,guarantor,2.0,car or other,1,none,own,1.0,skilled employee / official,1.0,yes,yes,0,divorced/separated,1
no account,72.0,existing credits paid back duly till now,car (new),1834.2694,>= 1000 DM,1<= < 4 years,4.0,none,4.0,car or other,1,none,own,1.0,unskilled - resident,1.0,yes,yes,1,divorced/separated,1
0 <= <200 DM,18.0,critical account,radio/television,1262.0,no savings account,1<= < 4 years,2.0,none,3.0,real estate,1,none,own,1.0,unskilled - resident,1.0,none,yes,1,divorced/separated,1
no account,4.0,critical account,car (new),250.0,<100 DM,unemployed,4.0,none,4.0,real estate,1,none,rent,1.0,management/ highly qualified employee,1.0,yes,yes,0,divorced/separated,1
no account,15.0,existing credits paid back duly till now,car (new),3125.437,<100 DM,1<= < 4 years,2.0,none,2.0,real estate,1,none,rent,1.0,skilled employee / official,1.0,yes,yes,0,divorced/separated,0
0 <= <200 DM,24.0,critical account,radio/television,4674.9014,<100 DM,1<= < 4 years,3.0,none,1.0,unknown / no property,1,none,own,1.0,skilled employee / official,1.0,none,yes,1,divorced/separated,0
no account,12.0,existing credits paid back duly till now,business,1154.4009,>= 1000 DM,1<= < 4 years,4.0,none,1.0,real estate,1,none,own,1.0,unskilled - resident,1.0,none,yes,1,divorced/separated,1
<0 DM,15.0,critical account,furniture/equipment,1965.8812,no savings account,4<= <7 years,4.0,none,4.0,real estate,1,none,rent,2.0,skilled employee / official,1.0,none,yes,1,divorced/separated,0
0 <= <200 DM,4.0,critical account,car (used),250.0,no savings account,4<= <7 years,4.0,none,4.0,real estate,1,none,own,1.0,skilled employee / official,1.0,none,yes,1,divorced/separated,1
0 <= <200 DM,12.0,critical account,car (new),739.66565,<100 DM,4<= <7 years,2.0,none,4.0,real estate,1,none,for free,1.0,skilled employee / official,1.0,yes,yes,1,divorced/separated,1
<0 DM,4.0,all credits at this bank paid back duly,radio/television,3511.738,no savings account,<1 years,4.0,none,3.0,savings agreement/life insurance,1,none,rent,1.0,management/ highly qualified employee,1.0,none,yes,1,divorced/separated,1
no account,9.0,critical account,business,5068.6587,no savings account,>=7 years,1.0,none,3.0,savings agreement/life insurance,1,none,own,1.0,skilled employee / official,1.0,none,yes,0,divorced/separated,1
no account,12.0,existing credits paid back duly till now,radio/television,3245.0366,<100 DM,<1 years,4.0,none,4.0,car or other,1,none,own,1.0,skilled employee / official,1.0,none,yes,1,divorced/separated,0
no account,18.0,critical account,car (new),250.0,no savings account,<1 years,4.0,none,4.0,real estate,1,bank,rent,1.0,skilled employee / official,1.0,yes,yes,1,divorced/separated,1
<0 DM,18.0,existing credits paid back duly till now,radio/television,2248.089,<100 DM,1<= < 4 years,4.0,none,4.0,savings agreement/life insurance,1,none,for free,1.0,skilled employee / official,1.0,yes,yes,1,divorced/separated,0
0 <= <200 DM,12.0,existing credits paid back duly till now,business,1593.0315,<100 DM,>=7 years,4.0,none,3.0,savings agreement/life insurance,0,none,own,1.0,skilled employee / official,1.0,none,yes,1,divorced/separated,1
0 <= <200 DM,10.0,existing credits paid back duly till now,radio/television,1648.4744,<100 DM,<1 years,2.0,none,2.0,savings agreement/life insurance,1,none,own,1.0,skilled employee / official,1.0,none,yes,0,divorced/separated,1
0 <= <200 DM,18.0,critical account,radio/television,10933.026,<100 DM,>=7 years,2.0,none,2.0,unknown / no property,1,none,rent,2.0,skilled employee / official,1.0,none,yes,1,divorced/separated,0
0 <= <200 DM,6.0,existing credits paid back duly till now,radio/television,11933.781,<100 DM,4<= <7 years,1.0,none,4.0,real estate,1,none,own,1.0,skilled employee / official,1.0,none,yes,1,divorced/separated,1
<0 DM,10.0,critical account,business,18424.0,<100 DM,1<= < 4 years,3.0,none,1.0,car or other,1,none,for free,2.0,skilled employee / official,1.0,none,yes,1,divorced/separated,1
0 <= <200 DM,18.0,critical account,car (new),2995.7388,<100 DM,4<= <7 years,3.0,none,2.0,car or other,1,none,own,1.0,skilled employee / official,1.0,yes,yes,1,divorced/separated,1
0 <= <200 DM,24.0,existing credits paid back duly till now,business,2060.961,<100 DM,>=7 years,2.0,none,1.0,real estate,1,none,rent,1.0,management/ highly qualified employee,1.0,none,yes,0,divorced/separated,0
<0 DM,36.0,existing credits paid back duly till now,car (new),2042.3792,<100 DM,4<= <7 years,4.0,none,4.0,real estate,1,none,own,1.0,management/ highly qualified employee,1.0,none,yes,0,divorced/separated,1
no account,12.0,existing credits paid back duly till now,business,2141.4534,<100 DM,1<= < 4 years,2.0,guarantor,2.0,car or other,1,none,own,1.0,skilled employee / official,1.0,none,yes,1,divorced/separated,1
no account,10.0,all credits at this bank paid back duly,education,2242.3804,<100 DM,>=7 years,1.0,none,2.0,savings agreement/life insurance,1,none,for free,1.0,unemployed/ unskilled  - non-resident,1.0,none,yes,0,divorced/separated,1
no account,4.0,critical account,car (new),10349.037,<100 DM,1<= < 4 years,4.0,none,2.0,savings agreement/life insurance,0,none,for free,2.0,skilled employee / official,1.0,none,yes,1,divorced/separated,1
0 <= <200 DM,4.0,critical account,radio/television,1154.0,<100 DM,4<= <7 years,4.0,none,3.0,real estate,1,none,for free,1.0,skilled employee / official,1.0,yes,yes,1,divorced/separated,0
no account,12.0,existing credits paid back duly till now,radio/television,2252.0808,<100 DM,1<= < 4 years,1.0,none,4.0,real estate,0,none,own,1.0,skilled employee / official,1.0,none,yes,1,divorced/separated,0
no account,24.0,existing credits paid back duly till now,furniture/equipment,11961.638,no savings account,unemployed,4.0,none,4.0,savings agreement/life insurance,0,none,own,1.0,skilled employee / official,1.0,none,yes,1,divorced/separated,1
no account,48.0,existing credits paid back duly till now,furniture/equipment,18424.0,<100 DM,<1 years,4.0,none,3.0,car or other,1,none,own,1.0,skilled employee / official,1.0,yes,yes,1,divorced/separated,1
<0 DM,12.0,all credits at this bank paid back duly,furniture/equipment,2521.303,<100 DM,>=7 years,1.0,none,4.0,savings agreement/life insurance,1,none,own,1.0,skilled employee / official,1.0,none,yes,1,divorced/separated,1
<0 DM,4.0,critical account,car (new),2033.6432,<100 DM,4<= <7 years,1.0,none,1.0,car or other,1,none,own,1.0,skilled employee / official,1.0,none,yes,1,divorced/separated,1
0 <= <200 DM,12.0,critical account,radio/television,1402.6566,<100 DM,4<= <7 years,4.0,none,4.0,savings agreement/life insurance,1,none,rent,1.0,unskilled - resident,1.0,none,yes,0,divorced/separated,1
<0 DM,12.0,existing credits paid back duly till now,radio/television,2355.121,<100 DM,>=7 years,4.0,none,4.0,real estate,1,none,own,1.0,skilled employee / official,1.0,none,yes,0,divorced/separated,0
no account,4.0,existing credits paid back duly till now,radio/television,2725.494,<100 DM,>=7 years,3.0,none,1.0,car or other,1,none,own,1.0,skilled employee / official,1.0,yes,yes,1,divorced/separated,0
<0 DM,21.979168,existing credits paid back duly till now,car (new),250.0,no savings account,1<= < 4 years,4.0,none,3.0,car or other,1,bank,own,1.0,management/ highly qualified employee,1.0,yes,yes,1,divorced/separated,1
<0 DM,6.0,all credits at this bank paid back duly,furniture/equipment,1229.912,<100 DM,1<= < 4 years,4.0,none,4.0,car or other,1,none,own,1.0,management/ highly qualified employee,1.0,none,yes,0,divorced/separated,1
no account,12.0,all credits at this bank paid back duly,car (new),2288.6453,<100 DM,<1 years,4.0,none,2.0,real estate,1,none,own,2.0,unskilled - resident,1.0,none,yes,1,divorced/separated,1
no account,30.0,existing credits paid back duly till now,furniture/equipment,1532.9263,<100 DM,1<= < 4 years,4.0,none,4.0,car or other,1,none,own,1.0,management/ highly qualified employee,1.0,yes,yes,1,divorced/separated,1
no account,12.0,existing credits paid back duly till now,car (new),6288.5454,>= 1000 DM,>=7 years,3.0,none,1.0,real estate,1,bank,for free,2.0,skilled employee / official,1.0,none,yes,0,divorced/separated,1
<0 DM,6.0,existing credits paid back duly till now,furniture/equipment,18424.0,<100 DM,1<= < 4 years,4.0,none,4.0,car or other,1,none,rent,2.0,unskilled - resident,1.0,none,yes,0,divorced/separated,0
<0 DM,18.0,existing credits paid back duly till now,education,1449.0,<100 DM,1<= < 4 years,1.0,none,2.0,real estate,1,none,own,1.0,skilled employee / official,1.0,none,yes,1,divorced/separated,0
>= 200 DM ,15.0,critical account,car (new),1517.4326,no savings account,4<= <7 years,4.0,none,4.0,savings agreement/life insurance,1,bank,rent,1.0,unskilled - resident,1.0,none,yes,1,divorced/separated,1
no account,24.0,critical account,car (new),1236.0,no savings account,4<= <7 years,2.0,none,4.0,car or other,1,bank,own,1.0,management/ highly qualified employee,1.0,none,yes,1,divorced/separated,0
no account,18.0,all credits at this bank paid back duly,radio/television,1533.0,<100 DM,>=7 years,2.0,none,4.0,savings agreement/life insurance,1,none,own,1.0,skilled employee / official,1.0,yes,yes,1,divorced/separated,1
no account,6.0,existing credits paid back duly till now,furniture/equipment,3229.0166,<100 DM,>=7 years,1.0,none,1.0,car or other,1,none,for free,1.0,management/ highly qualified employee,1.0,yes,yes,0,divorced/separated,0
0 <= <200 DM,18.0,no credits taken,car (used),2226.6648,100 <= <500 DM,1<= < 4 years,1.0,none,4.0,real estate,1,none,for free,1.0,unskilled - resident,1.0,yes,yes,0,divorced/separated,1
no account,24.0,existing credits paid back duly till now,others,4843.854,<100 DM,<1 years,4.0,none,2.0,real estate,1,none,rent,1.0,skilled employee / official,1.0,yes,yes,1,divorced/separated,1
0 <= <200 DM,12.0,all credits at this bank paid back duly,radio/television,2576.4055,no savings account,1<= < 4 years,2.0,none,2.0,real estate,1,none,rent,1.0,management/ highly qualified employee,1.0,none,yes,1,divorced/separated,1
no account,12.0,existing credits paid back duly till now,car (new),1374.0,no savings account,1<= < 4 years,3.0,none,2.0,savings agreement/life insurance,0,none,own,1.0,skilled employee / official,1.0,yes,yes,1,divorced/separated,1
0 <= <200 DM,15.0,existing credits paid back duly till now,car (new),2149.3298,<100 DM,1<= < 4 years,4.0,none,3.0,unknown / no property,1,none,own,1.0,skilled employee / official,1.0,none,yes,0,divorced/separated,1
no account,4.0,all credits at this bank paid back duly,radio/television,2031.7078,<100 DM,>=7 years,3.0,none,3.0,real estate,0,none,for free,2.0,skilled employee / official,1.0,yes,yes,0,divorced/separated,0
<0 DM,15.0,existing credits paid back duly till now,radio/television,2333.0,no savings account,4<= <7 years,4.0,none,4.0,real estate,0,none,rent,1.0,skilled employee / official,1.0,none,yes,1,divorced/separated,1
<0 DM,12.0,existing credits paid back duly till now,car (new),6005.6333,<100 DM,1<= < 4 years,4.0,none,4.0,real estate,0,none,own,1.0,skilled employee / official,1.0,none,yes,1,divorced/separated,1
<0 DM,4.0,existing credits paid back duly till now,furniture/equipment,3822.3235,<100 DM,1<= < 4 years,4.0,none,4.0,unknown / no property,1,none,own,2.0,skilled employee / official,1.0,none,yes,0,divorced/separated,1
0 <= <200 DM,15.0,existing credits paid back duly till now,car (new),1727.5544,<100 DM,1<= < 4 years,4.0,none,4.0,car or other,0,none,own,1.0,skilled employee / official,1.0,none,yes,1,divorced/separated,1
<0 DM,6.0,critical account,furniture/equipment,9006.299,<100 DM,4<= <7 years,4.0,none,4.0,car or other,0,none,rent,1.0,unskilled - resident,1.0,none,yes,1,divorced/separated,1
<0 DM,15.0,existing credits paid back duly till now,business,1186.843,<100 DM,1<= < 4 years,4.0,none,4.0,unknown / no property,1,none,own,1.0,skilled employee / official,1.0,none,yes,1,divorced/separated,1
no account,36.0,existing credits paid back duly till now,car (new),2171.0,<100 DM,1<= < 4 years,4.0,none,4.0,savings agreement/life insurance,1,none,for free,1.0,management/ highly qualified employee,1.0,yes,yes,1,divorced/separated,1
<0 DM,24.0,existing credits paid back duly till now,car (new),1663.3488,<100 DM,4<= <7 years,2.0,none,3.0,real estate,0,none,own,1.0,skilled employee / official,1.0,none,yes,1,divorced/separated,0
no account,6.0,critical account,furniture/equipment,792.3925,<100 DM,1<= < 4 years,4.0,none,4.0,savings agreement/life insurance,1,none,own,1.0,management/ highly qualified employee,1.0,none,yes,1,divorced/separated,1
no account,18.0,existing credits paid back duly till now,car (used),2311.567,no savings account,4<= <7 years,2.0,none,2.0,car or other,1,none,own,1.0,unskilled - resident,1.0,yes,yes,1,divorced/separated,1
<0 DM,12.0,existing credits paid back duly till now,education,3757.692,<100 DM,4<= <7 years,1.0,none,2.0,real estate,1,none,rent,1.0,skilled employee / official,1.0,yes,yes,0,divorced/separated,1
<0 DM,6.0,critical account,furniture/equipment,2111.269,>= 1000 DM,>=7 years,3.0,none,3.0,savings agreement/life insurance,1,none,own,1.0,skilled employee / official,1.0,yes,yes,1,divorced/separated,1
no account,12.0,critical account,education,250.0,no savings account,1<= < 4 years,2.0,none,3.0,real estate,1,none,own,1.0,unskilled - resident,1.0,none,yes,1,divorced/separated,1
no account,36.0,existing credits paid back duly till now,car (new),717.0,<100 DM,1<= < 4 years,4.0,none,4.0,real estate,0,none,own,2.0,management/ highly qualified employee,1.0,yes,yes,0,divorced/separated,1
no account,18.0,existing credits paid back duly till now,car (new),1222.7856,<100 DM,<1 years,4.0,none,4.0,car or other,0,none,rent,1.0,skilled employee / official,1.0,none,yes,1,divorced/separated,1
no account,12.0,existing credits paid back duly till now,radio/television,1400.8514,<100 DM,1<= < 4 years,2.0,none,3.0,real estate,1,none,own,1.0,skilled employee / official,1.0,none,yes,1,divorced/separated,1
no account,4.0,existing credits paid back duly till now,radio/television,3959.0,<100 DM,1<= < 4 years,3.0,none,3.0,unknown / no property,1,none,for free,1.0,management/ highly qualified employee,1.0,yes,yes,1,divorced/separated,1
no account,6.0,existing credits paid back duly till now,education,7741.822,no savings account,<1 years,4.0,none,3.0,car or other,0,none,own,1.0,skilled employee / official,1.0,yes,no,0,divorced/separated,0
<0 DM,24.0,existing credits paid back duly till now,radio/television,1478.0,no savings account,1<= < 4 years,4.0,none,2.0,savings agreement/life insurance,1,store,own,1.0,skilled employee / official,1.0,none,yes,1,married/widowed,0
no account,12.0,existing credits paid back duly till now,furniture/equipment,3076.0754,<100 DM,1<= < 4 years,4.0,none,4.0,car or other,1,none,for free,1.0,unskilled - resident,1.0,none,yes,1,divorced/separated,0
no account,15.0,existing credits paid back duly till now,furniture/equipment,1978.3682,<100 DM,>=7 years,4.0,none,4.0,car or other,1,none,own,2.0,skilled employee / official,1.0,none,yes,1,divorced/separated,1
no account,18.0,existing credits paid back duly till now,radio/television,1845.0,100 <= <500 DM,1<= < 4 years,4.0,none,4.0,car or other,1,none,own,1.0,skilled employee / official,1.0,none,yes,1,divorced/separated,1
<0 DM,12.0,existing credits paid back duly till now,radio/television,18424.0,<100 DM,1<= < 4 years,4.0,none,3.0,car or other,0,none,rent,1.0,unskilled - resident,1.0,none,yes,1,divorced/separated,1
0 <= <200 DM,12.0,critical account,education,1442.5443,<100 DM,1<= < 4 years,1.0,none,4.0,real estate,1,none,for free,1.0,management/ highly qualified employee,1.0,yes,yes,0,divorced/separated,0
no account,4.0,existing credits paid back duly till now,business,1884.5591,>= 1000 DM,4<= <7 years,4.0,none,4.0,real estate,1,none,own,1.0,skilled employee / official,1.0,none,yes,0,divorced/separated,0
<0 DM,15.0,existing credits paid back duly till now,radio/television,3049.3293,<100 DM,1<= < 4 years,1.0,none,4.0,real estate,1,none,rent,1.0,skilled employee / official,1.0,none,yes,1,divorced/separated,1
no account,4.0,existing credits paid back duly till now,car (used),4815.975,100 <= <500 DM,<1 years,3.0,none,4.0,real estate,0,none,own,1.0,unemployed/ unskilled  - non-resident,1.0,none,yes,1,married/widowed,1
0 <= <200 DM,4.0,no credits taken,education,1576.4132,100 <= <500 DM,1<= < 4 years,4.0,none,3.0,real estate,1,bank,own,2.0,skilled employee / official,1.0,none,yes,1,divorced/separated,1
no account,20.0,existing credits paid back duly till now,furniture/equipment,1503.0,<100 DM,4<= <7 years,1.0,none,4.0,real estate,1,none,own,1.0,management/ highly qualified employee,1.0,none,yes,0,divorced/separated,1
no account,24.0,critical account,furniture/equipment,5128.602,no savings account,>=7 years,4.0,none,4.0,car or other,1,none,own,2.0,unskilled - resident,1.0,none,yes,1,divorced/separated,1
no account,36.0,existing credits paid back duly till now,furniture/equipment,11614.287,<100 DM,4<= <7 years,1.0,none,4.0,savings agreement/life insurance,0,none,own,1.0,management/ highly qualified employee,1.0,none,yes,1,divorced/separated,1
0 <= <200 DM,4.0,delay in paying off,radio/television,2302.829,<100 DM,1<= < 4 years,3.0,none,2.0,car or other,1,none,rent,1.0,skilled employee / official,1.0,yes,yes,0,divorced/separated,1
<0 DM,18.0,no credits taken,furniture/equipment,2426.6648,<100 DM,1<= < 4 years,2.0,none,2.0,car or other,1,none,own,1.0,skilled employee / official,1.0,yes,yes,1,divorced/separated,0
0 <= <200 DM,18.0,critical account,furniture/equipment,3651.8726,no savings account,<1 years,2.0,none,1.0,unknown / no property,1,none,rent,1.0,skilled employee / official,1.0,none,no,1,divorced/separated,1
no account,24.0,critical account,radio/television,1274.1279,100 <= <500 DM,4<= <7 years,1.0,none,1.0,unknown / no property,0,none,rent,1.0,skilled employee / official,1.0,yes,yes,1,divorced/separated,1
<0 DM,15.0,existing credits paid back duly till now,furniture/equipment,1127.6859,<100 DM,4<= <7 years,3.0,none,4.0,savings agreement/life insurance,1,none,own,1.0,skilled employee / official,1.0,none,yes,0,divorced/separated,0
no account,20.0,existing credits paid back duly till now,business,1821.1656,<100 DM,>=7 years,4.0,none,4.0,car or other,1,none,own,1.0,management/ highly qualified employee,1.0,none,yes,1,divorced/separated,1
0 <= <200 DM,13.0,existing credits paid back duly till now,car (new),2370.889,<100 DM,1<= < 4 years,4.0,none,3.0,real estate,1,none,own,1.0,skilled employee / official,1.0,yes,yes,1,divorced/separated,1
0 <= <200 DM,12.0,existing credits paid back duly till now,radio/television,1255.3815,<100 DM,>=7 years,1.0,none,4.0,savings agreement/life insurance,1,bank,rent,1.0,management/ highly qualified employee,1.0,yes,yes,1,divorced/separated,1
0 <= <200 DM,18.0,existing credits paid back duly till now,education,2337.0847,<100 DM,<1 years,2.0,none,1.0,car or other,0,store,rent,1.0,management/ highly qualified employee,1.0,yes,yes,0,divorced/separated,1
<0 DM,9.0,existing credits paid back duly till now,furniture/equipment,1025.5374,no savings account,1<= < 4 years,3.0,none,3.0,car or other,1,none,own,1.0,skilled employee / official,1.0,none,yes,1,divorced/separated,1
0 <= <200 DM,4.0,existing credits paid back duly till now,retraining,3390.2888,no savings account,4<= <7 years,3.0,none,4.0,real estate,1,none,own,1.0,skilled employee / official,1.0,yes,yes,1,divorced/separated,1
no account,7.73466,existing credits paid back duly till now,car (used),895.83374,no savings account,1<= < 4 years,4.0,none,4.0,real estate,1,none,own,1.0,skilled employee / official,1.0,none,yes,1,divorced/separated,0
<0 DM,10.0,existing credits paid back duly till now,education,2858.8638,<100 DM,4<= <7 years,2.0,none,4.0,savings agreement/life insurance,1,none,own,1.0,skilled employee / official,1.0,none,yes,0,divorced/separated,1
no account,18.0,existing credits paid back duly till now,radio/television,1738.3586,no savings account,unemployed,2.0,none,3.0,real estate,1,none,own,1.0,unskilled - resident,1.0,yes,yes,0,divorced/separated,1
<0 DM,6.0,existing credits paid back duly till now,business,11815.247,no savings account,1<= < 4 years,4.0,guarantor,3.0,savings agreement/life insurance,1,none,own,2.0,skilled employee / official,1.0,none,yes,1,divorced/separated,1
no account,12.0,delay in paying off,car (new),1476.5038,<100 DM,<1 years,4.0,none,2.0,savings agreement/life insurance,1,none,rent,1.0,skilled employee / official,1.0,yes,yes,0,divorced/separated,0
<0 DM,12.0,critical account,radio/television,3050.1028,<100 DM,>=7 years,4.0,none,4.0,real estate,1,none,own,1.0,skilled employee / official,1.0,yes,yes,1,divorced/separated,0
0 <= <200 DM,24.0,existing credits paid back duly till now,furniture/equipment,3369.7747,100 <= <500 DM,4<= <7 years,3.0,none,4.0,real estate,1,none,own,1.0,skilled employee / official,1.0,none,yes,1,divorced/separated,0
<0 DM,30.0,existing credits paid back duly till now,radio/television,927.0916,500 <= < 1000 DM,4<= <7 years,4.0,none,4.0,car or other,1,none,rent,1.0,management/ highly qualified employee,1.0,none,yes,0,divorced/separated,1
<0 DM,12.0,existing credits paid back duly till now,car (new),1751.4897,<100 DM,1<= < 4 years,4.0,none,4.0,real estate,1,store,own,1.0,skilled employee / official,1.0,none,yes,1,divorced/separated,1
<0 DM,12.0,all credits at this bank paid back duly,radio/television,2350.767,<100 DM,<1 years,3.0,none,3.0,real estate,1,bank,for free,2.0,skilled employee / official,1.0,none,yes,1,divorced/separated,1
<0 DM,72.0,existing credits paid back duly till now,education,1935.8717,<100 DM,1<= < 4 years,4.0,none,4.0,real estate,1,bank,own,1.0,skilled employee / official,1.0,yes,yes,1,divorced/separated,1
<0 DM,12.0,existing credits paid back duly till now,education,4026.4785,<100 DM,4<= <7 years,4.0,none,3.0,real estate,0,none,own,1.0,skilled employee / official,1.0,yes,yes,0,divorced/separated,1
0 <= <200 DM,4.0,existing credits paid back duly till now,domestic appliances,1204.1351,<100 DM,unemployed,2.0,none,2.0,car or other,1,none,own,1.0,skilled employee / official,1.0,none,yes,0,married/widowed,1
<0 DM,10.0,existing credits paid back duly till now,car (new),1567.3528,<100 DM,4<= <7 years,4.0,none,4.0,car or other,1,none,own,2.0,skilled employee / official,1.0,none,yes,1,divorced/separated,0
<0 DM,4.0,existing credits paid back duly till now,car (new),2190.5564,<100 DM,1<= < 4 years,2.0,none,4.0,car or other,1,bank,own,1.0,skilled employee / official,1.0,none,yes,0,divorced/separated,1
0 <= <200 DM,21.0,all credits at this bank paid back duly,furniture/equipment,1347.388,<100 DM,1<= < 4 years,3.0,none,3.0,savings agreement/life insurance,1,none,rent,1.0,skilled employee / official,1.0,none,yes,0,divorced/separated,1
<0 DM,12.0,existing credits paid back duly till now,furniture/equipment,653.3414,<100 DM,>=7 years,3.0,none,4.0,car or other,0,none,own,1.0,management/ highly qualified employee,1.0,none,yes,1,married/widowed,1
0 <= <200 DM,12.0,critical account,car (used),1595.1124,<100 DM,1<= < 4 years,4.0,none,4.0,car or other,1,none,own,1.0,unskilled - resident,1.0,none,yes,1,divorced/separated,1
<0 DM,12.0,existing credits paid back duly till now,furniture/equipment,4042.0,no savings account,1<= < 4 years,2.0,none,3.0,real estate,1,none,own,1.0,unskilled - resident,1.0,none,yes,1,divorced/separated,1
>= 200 DM ,12.0,existing credits paid back duly till now,retraining,1374.6522,<100 DM,4<= <7 years,4.0,none,4.0,savings agreement/life insurance,1,none,own,1.0,management/ highly qualified employee,1.0,none,yes,1,divorced/separated,0
<0 DM,12.0,existing credits paid back duly till now,business,1240.0,<100 DM,1<= < 4 years,4.0,none,4.0,real estate,1,none,own,1.0,skilled employee / official,1.0,none,yes,0,divorced/separated,1
0 <= <200 DM,18.0,critical account,car (new),250.0,100 <= <500 DM,<1 years,3.0,none,4.0,real estate,1,none,own,1.0,management/ highly qualified employee,1.0,none,yes,1,divorced/separated,1
0 <= <200 DM,36.0,critical account,education,6763.399,<100 DM,<1 years,4.0,none,4.0,savings agreement/life insurance,1,none,own,1.0,skilled employee / official,1.0,yes,yes,0,divorced/separated,0
<0 DM,4.0,existing credits paid back duly till now,business,250.0,<100 DM,<1 years,4.0,none,4.0,car or other,1,none,own,1.0,skilled employee / official,1.0,yes,yes,1,divorced/separated,1
no account,9.0,critical account,car (new),1921.0504,500 <= < 1000 DM,<1 years,4.0,none,4.0,real estate,1,none,own,1.0,skilled employee / official,1.0,none,yes,1,divorced/separated,1
no account,21.0,critical account,radio/television,1072.881,<100 DM,>=7 years,4.0,none,4.0,savings agreement/life insurance,1,none,own,1.0,skilled employee / official,1.0,yes,yes,1,divorced/separated,1
no account,9.0,existing credits paid back duly till now,furniture/equipment,3359.3228,>= 1000 DM,4<= <7 years,4.0,none,2.0,unknown / no property,1,none,for free,1.0,skilled employee / official,1.0,yes,yes,0,married/widowed,1
<0 DM,15.0,existing credits paid back duly till now,car (used),589.003,no savings account,1<= < 4 years,3.0,none,4.0,car or other,1,none,rent,1.0,skilled employee / official,1.0,none,yes,0,divorced/separated,1
0 <= <200 DM,24.0,no credits taken,furniture/equipment,4122.457,<100 DM,1<= < 4 years,4.0,none,1.0,unknown / no property,1,none,own,1.0,skilled employee / official,1.0,none,yes,1,divorced/separated,0
0 <= <200 DM,10.0,no credits taken,furniture/equipment,2641.305,<100 DM,>=7 years,4.0,none,2.0,real estate,1,none,own,1.0,skilled employee / official,1.0,yes,yes,1,divorced/separated,1
0 <= <200 DM,15.0,existing credits paid back duly till now,car (new),3935.3604,no savings account,>=7 years,4.0,none,4.0,unknown / no property,0,none,own,1.0,management/ highly qualified employee,1.0,none,yes,1,divorced/separated,1
<0 DM,9.0,existing credits paid back duly till now,furniture/equipment,2834.7004,<100 DM,<1 years,2.0,co-applicant,2.0,savings agreement/life insurance,1,none,own,1.0,skilled employee / official,1.0,yes,yes,1,married/widowed,1
<0 DM,12.0,critical account,car (new),250.0,<100 DM,<1 years,3.0,none,4.0,car or other,1,none,for free,1.0,management/ highly qualified employee,1.0,none,yes,0,divorced/separated,0
0 <= <200 DM,12.0,existing credits paid back duly till now,furniture/equipment,4140.7896,<100 DM,4<= <7 years,3.0,none,2.0,car or other,1,none,own,1.0,unskilled - resident,1.0,none,yes,0,divorced/separated,0
no account,24.0,existing credits paid back duly till now,radio/television,6076.472,<100 DM,1<= < 4 years,1.0,none,1.0,real estate,1,none,own,1.0,management/ highly qualified employee,1.0,none,yes,1,divorced/separated,1
no account,4.0,existing credits paid back duly till now,furniture/equipment,18424.0,<100 DM,>=7 years,3.0,guarantor,2.0,car or other,0,none,own,2.0,skilled employee / official,1.0,none,yes,1,divorced/separated,0
>= 200 DM ,24.0,critical account,car (new),1559.5746,100 <= <500 DM,>=7 years,4.0,none,4.0,savings agreement/life insurance,1,none,own,1.0,management/ highly qualified employee,1.0,yes,yes,0,divorced/separated,0
<0 DM,21.0,existing credits paid back duly till now,radio/television,1424.0,no savings account,4<= <7 years,2.0,none,3.0,savings agreement/life insurance,1,none,rent,1.0,management/ highly qualified employee,1.0,yes,yes,1,married/widowed,0
0 <= <200 DM,15.0,existing credits paid back duly till now,furniture/equipment,2316.4111,>= 1000 DM,>=7 years,4.0,none,3.0,unknown / no property,1,bank,rent,1.0,skilled employee / official,1.0,none,yes,1,divorced/separated,1
<0 DM,24.0,existing credits paid back duly till now,education,2389.2883,<100 DM,1<= < 4 years,4.0,none,2.0,car or other,1,none,rent,1.0,unskilled - resident,1.0,yes,yes,1,divorced/separated,1
0 <= <200 DM,15.0,all credits at this bank paid back duly,business,1594.791,<100 DM,>=7 years,2.0,none,4.0,real estate,1,none,own,1.0,skilled employee / official,1.0,yes,yes,1,divorced/separated,0
<0 DM,4.0,critical account,retraining,1198.0038,<100 DM,1<= < 4 years,4.0,none,4.0,real estate,1,none,rent,1.0,unskilled - resident,1.0,none,yes,0,divorced/separated,0
<0 DM,18.0,existing credits paid back duly till now,car (new),3026.146,<100 DM,1<= < 4 years,4.0,none,2.0,real estate,0,none,own,1.0,skilled employee / official,1.0,yes,yes,1,divorced/separated,1
no account,24.0,critical account,car (new),250.0,<100 DM,1<= < 4 years,4.0,none,4.0,real estate,1,none,own,1.0,skilled employee / official,1.0,none,yes,0,divorced/separated,0
<0 DM,24.0,critical account,furniture/equipment,1310.9856,<100 DM,1<= < 4 years,4.0,none,4.0,car or other,1,none,own,1.0,unskilled - resident,1.0,none,yes,1,divorced/separated,1
0 <= <200 DM,30.0,existing credits paid back duly till now,radio/television,1672.3467,no savings account,1<= < 4 years,4.0,none,4.0,unknown / no property,0,none,own,1.0,skilled employee / official,1.0,none,yes,0,divorced/separated,0
0 <= <200 DM,12.0,existing credits paid back duly till now,car (new),1199.0,<100 DM,1<= < 4 years,2.0,none,4.0,real estate,1,none,own,1.0,skilled employee / official,1.0,none,yes,0,divorced/separated,1
0 <= <200 DM,4.0,critical account,business,1393.0,<100 DM,4<= <7 years,1.0,none,2.0,real estate,1,none,rent,1.0,unskilled - resident,1.0,none,yes,0,divorced/separated,1
no account,24.0,critical account,radio/television,1321.4498,>= 1000 DM,>=7 years,2.0,none,4.0,real estate,1,none,own,1.0,skilled employee / official,1.0,none,yes,0,divorced/separated,0
0 <= <200 DM,24.0,existing credits paid back duly till now,car (new),2827.5818,<100 DM,>=7 years,3.0,none,3.0,savings agreement/life insurance,1,none,own,1.0,management/ highly qualified employee,1.0,none,yes,0,divorced/separated,0
0 <= <200 DM,12.0,existing credits paid back duly till now,car (used),1797.8811,100 <= <500 DM,4<= <7 years,1.0,none,4.0,savings agreement/life insurance,0,none,own,1.0,unemployed/ unskilled  - non-resident,1.0,none,yes,1,divorced/separated,1
no account,42.0,all credits at this bank paid back duly,furniture/equipment,3844.8323,<100 DM,4<= <7 years,4.0,guarantor,2.0,unknown / no property,1,none,rent,1.0,skilled employee / official,1.0,none,yes,1,divorced/separated,1
<0 DM,12.0,all credits at this bank paid back duly,retraining,2507.2344,no savings account,unemployed,4.0,none,4.0,car or other,1,none,own,1.0,unskilled - resident,1.0,none,yes,1,divorced/separated,1
0 <= <200 DM,24.0,all credits at this bank paid back duly,radio/television,250.0,no savings account,1<= < 4 years,4.0,none,4.0,real estate,0,none,own,1.0,skilled employee / official,1.0,none,yes,1,divorced/separated,1
no account,4.0,existing credits paid back duly till now,radio/television,2391.8315,<100 DM,1<= < 4 years,3.0,none,4.0,savings agreement/life insurance,1,none,own,1.0,unskilled - resident,1.0,yes,yes,1,divorced/separated,1
no account,4.0,existing credits paid back duly till now,furniture/equipment,1413.757,no savings account,<1 years,4.0,none,4.0,real estate,0,none,own,1.0,skilled employee / official,1.0,none,yes,1,divorced/separated,1
0 <= <200 DM,10.0,existing credits paid back duly till now,furniture/equipment,14315.353,<100 DM,1<= < 4 years,3.0,none,4.0,car or other,1,none,own,1.0,skilled employee / official,1.0,none,yes,0,divorced/separated,0
no account,72.0,critical account,furniture/equipment,2110.2139,<100 DM,>=7 years,3.0,none,3.0,savings agreement/life insurance,1,none,own,1.0,skilled employee / official,1.0,yes,yes,0,divorced/separated,1
<0 DM,36.0,critical account,radio/television,1290.1233,<100 DM,1<= < 4 years,4.0,none,2.0,real estate,1,none,for free,1.0,skilled employee / official,1.0,none,yes,1,divorced/separated,1
>= 200 DM ,6.0,critical account,education,586.8506,no savings account,unemployed,4.0,none,4.0,car or other,1,none,for free,1.0,skilled employee / official,1.0,none,yes,1,divorced/separated,1
no account,72.0,critical account,radio/television,1476.5396,<100 DM,<1 years,4.0,none,4.0,real estate,1,none,for free,1.0,skilled employee / official,1.0,none,yes,1,divorced/separated,1
<0 DM,30.0,existing credits paid back duly till now,car (new),572.45905,no savings account,1<= < 4 years,4.0,none,3.0,real estate,0,none,rent,1.0,skilled employee / official,1.0,yes,yes,1,divorced/separated,1
no account,12.0,all credits at this bank paid back duly,furniture/equipment,4780.511,<100 DM,4<= <7 years,3.18529,none,4.0,savings agreement/life insurance,1,none,own,1.0,skilled employee / official,1.0,none,yes,1,divorced/separated,1
no account,24.0,existing credits paid back duly till now,car (new),18424.0,no savings account,1<= < 4 years,2.0,none,2.0,car or other,1,none,own,1.0,skilled employee / official,1.0,none,yes,1,divorced/separated,0
<0 DM,10.0,existing credits paid back duly till now,car (used),250.0,<100 DM,<1 years,4.0,none,4.0,savings agreement/life insurance,1,none,rent,1.0,unskilled - resident,1.0,none,yes,1,divorced/separated,1
no account,15.0,critical account,education,2475.0127,<100 DM,1<= < 4 years,3.0,none,4.0,savings agreement/life insurance,1,none,own,3.0,skilled employee / official,1.0,none,yes,1,divorced/separated,1
0 <= <200 DM,15.0,existing credits paid back duly till now,retraining,1192.5537,no savings account,>=7 years,1.0,none,4.0,savings agreement/life insurance,1,none,own,1.0,skilled employee / official,1.0,yes,yes,0,married/widowed,1
0 <= <200 DM,4.0,existing credits paid back duly till now,radio/television,3619.7104,<100 DM,1<= < 4 years,4.0,guarantor,2.0,car or other,1,none,rent,2.0,unskilled - resident,1.0,none,yes,0,divorced/separated,1
<0 DM,4.0,existing credits paid back duly till now,radio/television,250.0,<100 DM,4<= <7 years,4.0,none,4.0,car or other,1,none,own,1.0,skilled employee / official,1.0,none,yes,0,divorced/separated,1
>= 200 DM ,12.0,existing credits paid back duly till now,radio/television,1843.9695,<100 DM,1<= < 4 years,3.0,none,3.0,savings agreement/life insurance,1,none,own,1.0,skilled employee / official,1.0,yes,yes,1,divorced/separated,1
no account,24.0,critical account,education,3386.0593,<100 DM,>=7 years,4.0,none,4.0,real estate,1,none,own,1.0,management/ highly qualified employee,1.0,none,yes,1,divorced/separated,1
0 <= <200 DM,18.0,existing credits paid back duly till now,radio/television,1332.5004,100 <= <500 DM,<1 years,4.0,none,4.0,real estate,1,none,own,1.0,unemployed/ unskilled  - non-resident,1.0,yes,yes,1,divorced/separated,0
no account,24.0,existing credits paid back duly till now,radio/television,975.7766,<100 DM,<1 years,4.0,none,3.0,real estate,1,none,own,1.0,skilled employee / official,1.0,yes,yes,1,divorced/separated,1
<0 DM,4.0,existing credits paid back duly till now,repairs,250.0,100 <= <500 DM,4<= <7 years,4.0,none,4.0,real estate,1,none,rent,2.0,unskilled - resident,1.0,none,yes,0,divorced/separated,1
0 <= <200 DM,18.0,critical account,furniture/equipment,7251.3154,<100 DM,>=7 years,4.0,none,4.0,unknown / no property,1,none,rent,1.0,skilled employee / official,1.0,none,yes,1,divorced/separated,1
0 <= <200 DM,12.0,existing credits paid back duly till now,car (used),707.9144,<100 DM,<1 years,1.0,none,2.0,real estate,1,none,own,1.0,management/ highly qualified employee,1.0,none,yes,0,divorced/separated,1
0 <= <200 DM,9.0,existing credits paid back duly till now,car (used),894.18646,no savings account,1<= < 4 years,4.0,none,4.0,savings agreement/life insurance,1,none,own,1.0,skilled employee / official,1.0,none,yes,1,divorced/separated,1
no account,12.0,existing credits paid back duly till now,radio/television,18424.0,<100 DM,>=7 years,2.0,none,4.0,real estate,1,none,own,2.0,skilled employee / official,1.0,none,yes,1,divorced/separated,1
no account,15.0,existing credits paid back duly till now,radio/television,9418.334,no savings account,1<= < 4 years,2.0,none,2.0,unknown / no property,1,none,for free,1.0,management/ highly qualified employee,1.0,none,yes,1,divorced/separated,1
<0 DM,36.0,existing credits paid back duly till now,radio/television,2238.6677,<100 DM,>=7 years,4.0,none,4.0,car or other,1,none,rent,1.0,management/ highly qualified employee,1.0,yes,yes,1,divorced/separated,1
>= 200 DM ,12.0,existing credits paid back duly till now,retraining,1528.4357,<100 DM,<1 years,2.0,guarantor,1.0,car or other,1,none,for free,1.0,skilled employee / official,1.0,yes,no,0,divorced/separated,0
no account,18.0,existing credits paid back duly till now,others,6564.2183,<100 DM,1<= < 4 years,4.0,none,2.0,car or other,1,none,own,1.0,skilled employee / official,1.0,none,yes,1,divorced/separated,1
<0 DM,21.0,existing credits paid back duly till now,car (used),3235.7312,>= 1000 DM,1<= < 4 years,1.0,none,3.0,savings agreement/life insurance,1,none,own,1.0,management/ highly qualified employee,1.0,yes,yes,0,divorced/separated,1
no account,18.0,existing credits paid back duly till now,radio/television,1602.5707,<100 DM,1<= < 4 years,3.0,none,2.0,real estate,1,none,own,1.0,skilled employee / official,1.0,none,yes,1,divorced/separated,0
no account,15.0,existing credits paid back duly till now,car (new),13644.352,<100 DM,4<= <7 years,2.0,none,4.0,unknown / no property,1,none,own,1.0,skilled employee / official,1.0,none,yes,1,divorced/separated,1
no account,6.0,existing credits paid back duly till now,radio/television,1105.43,<100 DM,>=7 years,4.0,none,4.0,real estate,1,none,own,1.0,skilled employee / official,1.0,yes,yes,1,divorced/separated,1
<0 DM,18.0,existing credits paid back duly till now,car (new),1986.5602,<100 DM,>=7 years,4.0,guarantor,3.0,real estate,1,none,own,1.0,management/ highly qualified employee,1.0,none,yes,0,divorced/separated,0
0 <= <200 DM,24.0,existing credits paid back duly till now,car (new),2278.5303,<100 DM,4<= <7 years,2.0,none,4.0,car or other,1,none,own,1.0,management/ highly qualified employee,1.0,none,yes,1,divorced/separated,1
<0 DM,24.0,critical account,education,18424.0,<100 DM,1<= < 4 years,1.0,none,4.0,car or other,1,none,rent,1.0,management/ highly qualified employee,1.0,none,yes,1,divorced/separated,1
0 <= <200 DM,12.0,existing credits paid back duly till now,repairs,6145.177,no savings account,1<= < 4 years,4.0,none,4.0,savings agreement/life insurance,1,store,own,1.0,skilled employee / official,1.0,none,yes,1,divorced/separated,1
<0 DM,4.0,existing credits paid back duly till now,furniture/equipment,937.82916,<100 DM,>=7 years,4.0,none,4.0,savings agreement/life insurance,1,none,own,2.0,management/ highly qualified employee,1.0,none,yes,1,divorced/separated,0
<0 DM,12.0,critical account,car (new),18424.0,<100 DM,>=7 years,4.0,none,2.0,real estate,1,none,own,2.0,management/ highly qualified employee,1.0,none,yes,1,divorced/separated,0
no account,24.0,all credits at this bank paid back duly,furniture/equipment,4214.5977,<100 DM,1<= < 4 years,3.0,none,2.0,car or other,1,none,rent,1.0,unskilled - resident,1.0,none,yes,1,divorced/separated,1
no account,24.0,critical account,business,250.0,<100 DM,>=7 years,4.0,guarantor,4.0,real estate,1,none,own,1.0,skilled employee / official,1.0,none,no,1,divorced/separated,1
no account,12.0,critical account,furniture/equipment,2474.872,no savings account,4<= <7 years,2.0,none,2.0,real estate,1,none,rent,1.0,unskilled - resident,1.0,none,yes,1,divorced/separated,0
no account,24.0,existing credits paid back duly till now,car (new),250.0,<100 DM,unemployed,4.0,none,4.0,unknown / no property,0,none,own,1.0,skilled employee / official,1.0,yes,yes,1,divorced/separated,0
no account,9.0,critical account,furniture/equipment,18424.0,no savings account,1<= < 4 years,2.0,none,4.0,unknown / no property,0,none,own,1.0,skilled employee / official,1.0,yes,yes,1,divorced/separated,1
<0 DM,4.0,existing credits paid back duly till now,others,1216.0186,<100 DM,<1 years,4.0,none,4.0,unknown / no property,1,none,own,1.0,unskilled - resident,1.0,none,yes,0,divorced/separated,1
0 <= <200 DM,12.0,critical account,radio/television,846.27716,<100 DM,1<= < 4 years,4.0,none,4.0,real estate,1,none,own,1.0,skilled employee / official,1.0,yes,yes,1,married/widowed,1
no account,4.0,critical account,education,2169.2896,<100 DM,unemployed,4.0,none,4.0,unknown / no property,1,none,rent,1.0,skilled employee / official,1.0,none,yes,1,divorced/separated,0
<0 DM,4.0,no credits taken,repairs,1500.4633,100 <= <500 DM,4<= <7 years,4.0,none,4.0,car or other,1,none,own,1.0,unskilled - resident,1.0,yes,yes,1,divorced/separated,1
<0 DM,9.0,critical account,car (new),1923.683,<100 DM,4<= <7 years,4.0,none,3.0,savings agreement/life insurance,0,none,own,1.0,skilled employee / official,1.0,none,yes,0,divorced/separated,0
no account,15.0,critical account,furniture/equipment,2085.9998,100 <= <500 DM,4<= <7 years,4.0,none,2.0,savings agreement/life insurance,1,none,own,1.0,management/ highly qualified employee,1.0,none,yes,0,divorced/separated,1
no account,48.0,existing credits paid back duly till now,furniture/equipment,1800.6251,<100 DM,1<= < 4 years,4.0,none,4.0,car or other,1,none,own,1.0,skilled employee / official,1.0,yes,yes,0,divorced/separated,1
0 <= <200 DM,4.0,delay in paying off,radio/television,4210.886,<100 DM,>=7 years,1.0,none,4.0,real estate,1,none,for free,1.0,skilled employee / official,1.0,none,yes,0,divorced/separated,1
no account,9.0,critical account,car (new),250.0,<100 DM,1<= < 4 years,4.0,none,3.0,savings agreement/life insurance,0,bank,own,1.0,skilled employee / official,1.0,none,yes,1,divorced/separated,0
0 <= <200 DM,18.0,no credits taken,repairs,3036.5635,<100 DM,4<= <7 years,3.0,none,3.0,savings agreement/life insurance,1,none,rent,1.0,skilled employee / official,1.0,none,yes,1,divorced/separated,1
0 <= <200 DM,21.0,critical account,radio/television,867.3801,<100 DM,>=7 years,4.0,none,2.0,car or other,1,none,own,1.0,skilled employee / official,1.0,none,yes,1,divorced/separated,1
no account,6.0,critical account,business,3691.33,>= 1000 DM,1<= < 4 years,1.0,none,2.0,car or other,1,none,own,1.0,unskilled - resident,1.0,none,yes,0,divorced/separated,1
no account,18.0,critical account,car (new),2623.4214,<100 DM,>=7 years,4.0,none,1.0,savings agreement/life insurance,1,none,for free,2.0,management/ highly qualified employee,1.0,yes,yes,0,divorced/separated,1
<0 DM,4.0,critical account,car (new),18424.0,<100 DM,<1 years,4.0,none,2.0,car or other,1,none,own,1.0,unskilled - resident,1.0,yes,yes,1,divorced/separated,0
0 <= <200 DM,6.0,critical account,others,621.29156,<100 DM,1<= < 4 years,4.0,none,2.0,real estate,1,none,own,1.0,skilled employee / official,1.0,yes,yes,1,divorced/separated,1
no account,12.0,existing credits paid back duly till now,retraining,18424.0,>= 1000 DM,>=7 years,4.0,none,4.0,real estate,1,none,own,2.0,unskilled - resident,1.0,yes,yes,0,divorced/separated,1
no account,61.354774,existing credits paid back duly till now,radio/television,2104.8403,<100 DM,4<= <7 years,2.0,none,3.0,unknown / no property,1,none,own,1.0,skilled employee / official,1.0,yes,yes,1,divorced/separated,1
no account,15.0,critical account,radio/television,1579.4729,<100 DM,1<= < 4 years,3.0,none,4.0,car or other,1,none,own,1.0,skilled employee / official,1.0,none,yes,0,divorced/separated,1
no account,34.83953,existing credits paid back duly till now,car (used),3234.8818,<100 DM,1<= < 4 years,4.0,none,4.0,car or other,1,none,own,1.0,unskilled - resident,1.0,yes,yes,0,divorced/separated,1
<0 DM,15.0,critical account,furniture/equipment,1330.0004,<100 DM,>=7 years,1.0,none,4.0,real estate,1,none,own,1.0,unemployed/ unskilled  - non-resident,1.0,none,yes,0,divorced/separated,1
no account,36.0,existing credits paid back duly till now,car (new),2894.6318,<100 DM,1<= < 4 years,4.0,none,4.0,car or other,1,none,for free,1.0,management/ highly qualified employee,1.0,none,yes,1,divorced/separated,1
no account,12.0,existing credits paid back duly till now,furniture/equipment,1886.9128,<100 DM,<1 years,4.0,none,2.0,car or other,1,none,own,1.0,unskilled - resident,1.0,yes,yes,1,divorced/separated,1
0 <= <200 DM,15.0,existing credits paid back duly till now,radio/television,250.0,no savings account,<1 years,2.0,none,4.0,savings agreement/life insurance,1,none,rent,1.0,skilled employee / official,1.0,yes,yes,0,divorced/separated,0
no account,10.0,critical account,car (new),932.0,<100 DM,>=7 years,2.0,none,4.0,unknown / no property,0,none,own,1.0,unskilled - resident,1.0,none,yes,1,divorced/separated,1
0 <= <200 DM,36.0,critical account,car (new),2715.363,<100 DM,1<= < 4 years,4.0,none,4.0,real estate,1,none,own,1.0,skilled employee / official,1.0,none,yes,1,divorced/separated,0
no account,18.0,existing credits paid back duly till now,retraining,1364.4197,no savings account,1<= < 4 years,2.0,none,3.0,real estate,1,none,own,1.0,unskilled - resident,1.0,yes,yes,1,divorced/separated,1
0 <= <200 DM,12.0,existing credits paid back duly till now,business,1474.0,<100 DM,1<= < 4 years,4.0,none,4.0,real estate,1,none,rent,1.0,skilled employee / official,1.0,none,no,0,divorced/separated,1
<0 DM,6.0,critical account,furniture/equipment,250.0,<100 DM,<1 years,4.0,none,4.0,real estate,1,none,own,1.0,skilled employee / official,1.0,yes,yes,1,married/widowed,1
no account,24.0,critical account,radio/television,1300.22,100 <= <500 DM,<1 years,4.0,none,4.0,real estate,1,none,own,1.0,skilled employee / official,1.0,yes,yes,1,divorced/separated,1
no account,12.0,existing credits paid back duly till now,car (new),18424.0,<100 DM,unemployed,4.0,none,3.0,savings agreement/life insurance,1,none,own,1.0,skilled employee / official,1.0,yes,yes,0,divorced/separated,1
<0 DM,9.0,existing credits paid back duly till now,furniture/equipment,932.0,<100 DM,4<= <7 years,4.0,none,4.0,real estate,1,none,own,1.0,skilled employee / official,1.0,none,yes,0,divorced/separated,1
<0 DM,4.0,existing credits paid back duly till now,repairs,1333.752,100 <= <500 DM,1<= < 4 years,4.0,none,4.0,real estate,1,none,own,1.0,skilled employee / official,1.0,yes,yes,1,divorced/separated,1
no account,12.0,existing credits paid back duly till now,car (new),250.0,<100 DM,>=7 years,4.0,none,4.0,real estate,0,none,own,1.0,management/ highly qualified employee,1.0,yes,yes,1,divorced/separated,0
no account,21.0,critical account,radio/television,1198.302,<100 DM,1<= < 4 years,4.0,none,3.0,unknown / no property,1,none,own,1.0,management/ highly qualified employee,1.0,yes,yes,1,divorced/separated,1
0 <= <200 DM,24.0,existing credits paid back duly till now,car (new),976.5379,<100 DM,>=7 years,2.0,none,4.0,savings agreement/life insurance,1,none,rent,1.0,skilled employee / official,1.0,none,yes,1,divorced/separated,1
no account,4.0,delay in paying off,radio/television,2828.9492,no savings account,1<= < 4 years,4.0,none,4.0,car or other,1,none,own,2.0,skilled employee / official,1.0,none,yes,1,divorced/separated,1
<0 DM,12.0,critical account,car (new),1376.137,<100 DM,>=7 years,4.0,none,4.0,real estate,1,none,own,1.0,skilled employee / official,1.0,yes,yes,1,divorced/separated,1
<0 DM,24.0,existing credits paid back duly till now,car (new),1288.9219,no savings account,<1 years,2.0,none,2.0,unknown / no property,1,none,own,1.0,management/ highly qualified employee,1.0,yes,yes,0,divorced/separated,1
no account,15.0,critical account,business,718.294,<100 DM,1<= < 4 years,4.0,guarantor,4.0,savings agreement/life insurance,1,none,own,1.0,skilled employee / official,1.0,yes,yes,0,divorced/separated,1
<0 DM,24.0,critical account,radio/television,887.72314,<100 DM,4<= <7 years,4.0,none,3.0,savings agreement/life insurance,1,none,rent,1.0,skilled employee / official,1.0,none,yes,1,divorced/separated,1
<0 DM,8.0,existing credits paid back duly till now,retraining,1822.1487,500 <= < 1000 DM,1<= < 4 years,1.0,none,3.0,real estate,1,bank,own,2.0,unskilled - resident,1.0,none,yes,1,divorced/separated,1
<0 DM,72.0,critical account,radio/television,2828.885,<100 DM,<1 years,4.0,none,3.0,real estate,0,none,own,1.0,skilled employee / official,1.0,yes,yes,0,divorced/separated,0
0 <= <200 DM,24.0,existing credits paid back duly till now,car (new),18424.0,<100 DM,>=7 years,1.0,none,1.0,unknown / no property,1,none,own,1.0,skilled employee / official,1.0,yes,yes,0,divorced/separated,1
no account,18.0,existing credits paid back duly till now,car (new),6544.192,100 <= <500 DM,>=7 years,2.0,none,1.0,real estate,1,none,rent,1.0,skilled employee / official,1.0,none,yes,1,divorced/separated,1
no account,15.0,existing credits paid back duly till now,education,717.0,<100 DM,1<= < 4 years,3.0,none,4.0,unknown / no property,1,none,own,1.0,skilled employee / official,2.0,none,yes,1,divorced/separated,0
<0 DM,12.0,existing credits paid back duly till now,car (new),1886.4178,<100 DM,1<= < 4 years,4.0,none,4.0,real estate,0,none,own,1.0,skilled employee / official,1.0,yes,yes,1,divorced/separated,1
no account,12.0,critical account,business,1289.7611,<100 DM,1<= < 4 years,4.0,none,3.0,real estate,1,none,own,1.0,skilled employee / official,1.0,none,yes,0,divorced/separated,1
no account,15.0,critical account,repairs,3486.1223,<100 DM,1<= < 4 years,4.0,none,4.0,car or other,1,none,own,1.0,skilled employee / official,1.0,yes,yes,1,divorced/separated,1
no account,13.0,existing credits paid back duly till now,radio/television,1543.8796,<100 DM,4<= <7 years,4.0,none,4.0,car or other,1,none,own,1.0,skilled employee / official,1.0,none,yes,1,divorced/separated,0
<0 DM,24.0,delay in paying off,furniture/equipment,18424.0,<100 DM,1<= < 4 years,2.0,none,1.0,car or other,0,none,own,1.0,skilled employee / official,1.0,yes,yes,1,divorced/separated,0
<0 DM,15.0,critical account,car (new),2676.5242,<100 DM,1<= < 4 years,4.0,none,4.0,car or other,1,store,own,1.0,management/ highly qualified employee,1.0,yes,yes,1,divorced/separated,1
0 <= <200 DM,9.0,existing credits paid back duly till now,car (new),18424.0,<100 DM,1<= < 4 years,4.0,none,2.0,unknown / no property,0,none,rent,2.0,unskilled - resident,1.0,none,yes,1,divorced/separated,0
<0 DM,4.0,critical account,education,250.0,<100 DM,4<= <7 years,4.0,none,4.0,savings agreement/life insurance,1,bank,rent,1.0,skilled employee / official,1.0,none,yes,1,divorced/separated,1
0 <= <200 DM,9.0,critical account,radio/television,2419.0005,no savings account,<1 years,1.0,none,4.0,car or other,1,bank,own,1.0,skilled employee / official,1.0,none,yes,0,divorced/separated,1
no account,12.0,existing credits paid back duly till now,furniture/equipment,250.0,no savings account,>=7 years,4.0,none,3.0,real estate,1,bank,own,1.0,skilled employee / official,1.0,yes,yes,1,divorced/separated,1
no account,12.0,critical account,radio/television,2065.627,<100 DM,<1 years,4.0,none,2.0,real estate,1,bank,own,1.0,unskilled - resident,1.0,yes,yes,0,divorced/separated,0
0 <= <200 DM,18.0,existing credits paid back duly till now,education,818.7362,<100 DM,4<= <7 years,4.0,none,4.0,real estate,1,none,own,1.0,skilled employee / official,1.0,none,yes,0,divorced/separated,1
no account,48.0,existing credits paid back duly till now,furniture/equipment,250.0,<100 DM,<1 years,4.0,none,4.0,savings agreement/life insurance,1,none,own,1.0,unskilled - resident,1.0,yes,yes,0,divorced/separated,1
<0 DM,4.0,all credits at this bank paid back duly,radio/television,6353.6865,<100 DM,1<= < 4 years,4.0,none,4.0,car or other,1,store,own,1.0,skilled employee / official,1.0,none,yes,1,divorced/separated,1
no account,20.0,critical account,furniture/equipment,3069.6628,<100 DM,1<= < 4 years,4.0,none,2.0,real estate,1,none,own,1.0,unskilled - resident,1.0,none,yes,1,divorced/separated,0
no account,8.0,no credits taken,radio/television,250.0,<100 DM,1<= < 4 years,4.0,co-applicant,4.0,real estate,1,none,own,1.0,skilled employee / official,1.0,none,yes,1,divorced/separated,1
0 <= <200 DM,18.0,existing credits paid back duly till now,car (new),18424.0,no savings account,1<= < 4 years,4.0,none,4.0,car or other,1,none,own,1.0,unskilled - resident,1.0,none,yes,1,divorced/separated,1
no account,4.0,existing credits paid back duly till now,radio/television,2132.7803,100 <= <500 DM,1<= < 4 years,4.0,none,4.0,savings agreement/life insurance,1,none,own,1.0,skilled employee / official,1.0,none,yes,1,divorced/separated,1
<0 DM,15.0,critical account,education,1472.1356,no savings account,1<= < 4 years,4.0,none,2.0,car or other,1,none,own,1.0,management/ highly qualified employee,1.0,none,yes,1,divorced/separated,0
no account,4.0,no credits taken,radio/television,5104.1455,no savings account,>=7 years,2.0,none,2.0,car or other,0,bank,own,1.0,skilled employee / official,1.0,none,yes,1,divorced/separated,0
no account,24.0,no credits taken,radio/television,1776.5673,<100 DM,<1 years,4.0,none,4.0,unknown / no property,1,none,own,1.0,management/ highly qualified employee,1.0,none,yes,1,divorced/separated,0
0 <= <200 DM,12.0,critical account,radio/television,684.5376,no savings account,4<= <7 years,2.0,none,4.0,real estate,1,bank,own,1.0,unskilled - resident,1.0,none,yes,0,divorced/separated,1
no account,15.0,existing credits paid back duly till now,radio/television,1892.6647,no savings account,1<= < 4 years,1.0,none,4.0,car or other,1,none,rent,1.0,skilled employee / official,1.0,yes,yes,1,divorced/separated,1
<0 DM,24.0,delay in paying off,car (new),1382.0,<100 DM,1<= < 4 years,4.0,none,4.0,real estate,0,none,own,1.0,management/ highly qualified employee,1.0,yes,yes,1,divorced/separated,1
no account,24.0,critical account,furniture/equipment,1940.0,<100 DM,1<= < 4 years,3.0,none,3.0,car or other,1,none,rent,1.0,management/ highly qualified employee,1.0,yes,yes,1,divorced/separated,0
no account,12.0,existing credits paid back duly till now,business,1886.0654,no savings account,1<= < 4 years,4.0,none,2.0,car or other,1,none,for free,1.0,skilled employee / official,1.0,none,yes,1,divorced/separated,1
no account,12.0,no credits taken,education,2144.796,500 <= < 1000 DM,1<= < 4 years,1.0,none,2.0,real estate,1,none,own,1.0,skilled employee / official,1.0,yes,yes,1,divorced/separated,1
no account,6.0,existing credits paid back duly till now,business,18424.0,<100 DM,>=7 years,4.0,none,3.0,savings agreement/life insurance,1,none,own,1.0,management/ highly qualified employee,1.0,yes,yes,0,divorced/separated,1
<0 DM,12.0,existing credits paid back duly till now,car (used),5510.2354,<100 DM,1<= < 4 years,4.0,none,3.0,savings agreement/life insurance,1,none,own,2.0,skilled employee / official,1.0,none,yes,0,divorced/separated,1
0 <= <200 DM,18.0,existing credits paid back duly till now,radio/television,1626.6655,<100 DM,1<= < 4 years,4.0,none,4.0,unknown / no property,1,none,rent,1.0,skilled employee / official,1.0,yes,yes,1,divorced/separated,0
0 <= <200 DM,4.0,existing credits paid back duly till now,car (new),1123.6934,<100 DM,1<= < 4 years,4.0,none,4.0,car or other,1,none,own,1.0,unemployed/ unskilled  - non-resident,1.0,yes,yes,0,divorced/separated,1
0 <= <200 DM,12.0,critical account,radio/television,2824.2566,<100 DM,<1 years,1.0,none,1.0,savings agreement/life insurance,0,store,own,1.0,unskilled - resident,1.0,yes,yes,0,divorced/separated,1
<0 DM,24.0,critical account,radio/television,1596.7607,<100 DM,1<= < 4 years,4.0,none,4.0,car or other,1,none,own,1.0,skilled employee / official,1.0,none,yes,1,divorced/separated,1
no account,30.0,existing credits paid back duly till now,radio/television,2028.0,<100 DM,1<= < 4 years,4.0,none,4.0,savings agreement/life insurance,0,none,own,1.0,skilled employee / official,1.0,none,yes,1,divorced/separated,1
<0 DM,4.0,existing credits paid back duly till now,car (used),8486.401,<100 DM,4<= <7 years,4.0,none,2.0,real estate,1,none,own,2.0,skilled employee / official,1.0,yes,yes,0,divorced/separated,0
no account,12.0,critical account,radio/television,4454.9624,500 <= < 1000 DM,<1 years,2.0,none,2.0,unknown / no property,1,none,rent,1.0,unskilled - resident,1.0,yes,yes,1,divorced/separated,0
no account,4.0,existing credits paid back duly till now,repairs,4320.2803,<100 DM,>=7 years,4.0,none,4.0,car or other,1,none,rent,1.0,skilled employee / official,1.0,none,yes,1,divorced/separated,1
0 <= <200 DM,6.0,all credits at this bank paid back duly,radio/television,2387.25,<100 DM,1<= < 4 years,2.0,none,3.0,savings agreement/life insurance,0,none,own,1.0,skilled employee / official,1.0,none,yes,1,divorced/separated,1
<0 DM,48.0,critical account,radio/television,900.22314,<100 DM,1<= < 4 years,3.0,none,4.0,real estate,0,none,own,1.0,skilled employee / official,1.0,none,yes,0,divorced/separated,1
<0 DM,72.0,critical account,radio/television,6236.065,<100 DM,4<= <7 years,4.0,none,3.0,car or other,1,none,own,1.0,skilled employee / official,1.0,none,yes,0,divorced/separated,0
0 <= <200 DM,18.0,critical account,car (used),8863.345,100 <= <500 DM,>=7 years,1.0,none,2.0,car or other,1,none,rent,1.0,skilled employee / official,1.0,none,yes,1,divorced/separated,1
<0 DM,8.0,critical account,car (new),2740.761,<100 DM,4<= <7 years,4.0,none,4.0,savings agreement/life insurance,1,bank,own,1.0,skilled employee / official,1.0,yes,yes,0,divorced/separated,1
<0 DM,18.0,critical account,furniture/equipment,1907.2555,>= 1000 DM,1<= < 4 years,4.0,none,3.0,real estate,1,none,own,1.0,management/ highly qualified employee,1.0,none,yes,0,married/widowed,1
no account,18.0,critical account,car (used),3347.3093,<100 DM,4<= <7 years,4.0,none,4.0,real estate,1,none,own,1.0,skilled employee / official,1.0,none,yes,1,divorced/separated,0
no account,21.0,no credits taken,radio/television,933.7874,<100 DM,1<= < 4 years,4.0,none,2.0,car or other,0,none,rent,1.0,skilled employee / official,1.0,none,yes,0,divorced/separated,1
<0 DM,4.0,existing credits paid back duly till now,furniture/equipment,1410.0,<100 DM,>=7 years,3.0,none,4.0,car or other,1,none,rent,1.0,skilled employee / official,1.0,yes,yes,0,divorced/separated,1
>= 200 DM ,12.0,critical account,radio/television,1596.8947,>= 1000 DM,>=7 years,3.0,none,3.0,car or other,1,bank,rent,1.0,skilled employee / official,1.0,yes,yes,1,divorced/separated,1
<0 DM,12.0,existing credits paid back duly till now,car (new),2426.0894,<100 DM,1<= < 4 years,4.0,none,4.0,savings agreement/life insurance,1,none,for free,1.0,management/ highly qualified employee,1.0,yes,yes,0,divorced/separated,1
no account,12.0,existing credits paid back duly till now,radio/television,805.6769,<100 DM,4<= <7 years,4.0,none,4.0,real estate,0,none,own,1.0,skilled employee / official,1.0,yes,yes,1,divorced/separated,0
0 <= <200 DM,24.0,existing credits paid back duly till now,radio/television,250.0,<100 DM,1<= < 4 years,4.0,none,4.0,real estate,1,none,own,1.0,skilled employee / official,1.0,none,yes,1,divorced/separated,0
<0 DM,13.0,existing credits paid back duly till now,radio/television,4251.5835,<100 DM,<1 years,4.0,none,2.0,car or other,1,none,own,1.0,skilled employee / official,1.0,yes,yes,1,divorced/separated,0
no account,4.0,critical account,car (used),3055.8035,>= 1000 DM,<1 years,4.0,none,4.0,savings agreement/life insurance,1,none,own,1.0,skilled employee / official,1.0,none,yes,1,divorced/separated,1
no account,24.0,existing credits paid back duly till now,furniture/equipment,2325.7336,<100 DM,1<= < 4 years,4.0,none,4.0,unknown / no property,1,none,own,1.0,management/ highly qualified employee,1.0,none,yes,1,divorced/separated,0
<0 DM,24.0,existing credits paid back duly till now,furniture/equipment,1264.0,no savings account,1<= < 4 years,4.0,none,2.0,savings agreement/life insurance,0,none,own,1.0,management/ highly qualified employee,1.0,none,yes,1,divorced/separated,0
0 <= <200 DM,15.0,existing credits paid back duly till now,radio/television,2862.0796,<100 DM,>=7 years,2.0,none,4.0,real estate,1,none,own,1.0,skilled employee / official,1.0,yes,yes,1,divorced/separated,1
<0 DM,24.0,delay in paying off,radio/television,250.0,<100 DM,1<= < 4 years,4.0,none,4.0,unknown / no property,1,none,own,1.0,skilled employee / official,1.0,none,yes,1,married/widowed,1
<0 DM,6.0,critical account,business,1935.0,<100 DM,<1 years,4.0,none,4.0,real estate,0,none,own,1.0,unskilled - resident,1.0,none,yes,1,divorced/separated,0
0 <= <200 DM,12.0,critical account,others,250.0,<100 DM,<1 years,4.0,none,4.0,real estate,1,none,own,1.0,skilled employee / official,1.0,none,yes,0,divorced/separated,0
0 <= <200 DM,18.0,delay in paying off,furniture/equipment,3050.4827,<100 DM,>=7 years,2.0,none,1.0,savings agreement/life insurance,0,none,own,1.0,skilled employee / official,1.0,none,yes,1,divorced/separated,1
no account,30.0,existing credits paid back duly till now,radio/television,250.0,<100 DM,<1 years,4.0,none,4.0,car or other,1,none,own,1.0,skilled employee / official,1.0,none,yes,1,divorced/separated,1
<0 DM,12.0,critical account,radio/television,802.0,no savings account,<1 years,4.0,none,4.0,unknown / no property,1,none,own,1.0,skilled employee / official,1.0,yes,yes,1,divorced/separated,0
0 <= <200 DM,24.0,existing credits paid back duly till now,car (used),727.8064,<100 DM,1<= < 4 years,4.0,none,4.0,car or other,1,none,own,1.0,unskilled - resident,1.0,none,yes,1,divorced/separated,0
no account,24.0,existing credits paid back duly till now,business,1532.5919,<100 DM,4<= <7 years,2.0,none,2.0,real estate,1,none,own,1.0,skilled employee / official,1.0,yes,yes,0,divorced/separated,1
0 <= <200 DM,24.0,existing credits paid back duly till now,radio/television,12708.576,<100 DM,4<= <7 years,1.0,none,4.0,real estate,1,none,own,1.0,skilled employee / official,1.0,yes,yes,1,divorced/separated,1
<0 DM,24.0,critical account,radio/television,3165.7236,<100 DM,4<= <7 years,4.0,none,2.0,real estate,1,none,own,2.0,management/ highly qualified employee,1.0,none,yes,1,divorced/separated,1
<0 DM,36.0,existing credits paid back duly till now,car (new),3163.0562,<100 DM,<1 years,4.0,none,4.0,savings agreement/life insurance,1,none,own,1.0,skilled employee / official,1.0,none,yes,1,divorced/separated,1
0 <= <200 DM,6.0,critical account,car (new),10274.632,<100 DM,1<= < 4 years,4.0,none,4.0,real estate,1,none,own,1.0,skilled employee / official,1.0,none,yes,0,divorced/separated,1
no account,48.0,critical account,radio/television,1471.2174,<100 DM,>=7 years,4.0,none,4.0,car or other,1,none,own,1.0,management/ highly qualified employee,1.0,yes,yes,1,divorced/separated,1
<0 DM,24.0,existing credits paid back duly till now,business,1362.1927,<100 DM,>=7 years,4.0,none,4.0,real estate,0,none,own,1.0,skilled employee / official,1.0,none,no,1,divorced/separated,1
no account,12.0,existing credits paid back duly till now,retraining,1569.8628,<100 DM,4<= <7 years,3.0,none,3.0,car or other,1,bank,rent,1.0,skilled employee / official,1.0,none,yes,1,divorced/separated,1
no account,24.0,existing credits paid back duly till now,radio/television,2294.4666,<100 DM,<1 years,3.0,none,2.0,car or other,0,none,own,1.0,skilled employee / official,1.0,none,yes,1,divorced/separated,1
no account,6.0,existing credits paid back duly till now,education,1867.7994,<100 DM,1<= < 4 years,4.0,none,2.0,car or other,1,none,own,2.0,skilled employee / official,1.0,none,yes,0,divorced/separated,0
<0 DM,27.527817,existing credits paid back duly till now,furniture/equipment,2512.0776,no savings account,4<= <7 years,4.0,none,4.0,car or other,1,none,own,1.0,skilled employee / official,1.0,none,yes,1,divorced/separated,0
0 <= <200 DM,12.0,critical account,furniture/equipment,2554.8357,no savings account,>=7 years,4.0,none,4.0,car or other,1,none,rent,1.0,unskilled - resident,1.0,yes,yes,0,divorced/separated,1
no account,4.0,critical account,radio/television,1409.0,<100 DM,>=7 years,4.0,none,4.0,unknown / no property,1,none,own,1.0,unskilled - resident,1.0,none,yes,0,divorced/separated,0
<0 DM,24.0,existing credits paid back duly till now,radio/television,3387.915,<100 DM,<1 years,1.0,none,2.0,savings agreement/life insurance,1,none,own,1.0,unskilled - resident,1.0,none,yes,1,divorced/separated,1
<0 DM,13.0,delay in paying off,car (used),1998.8335,500 <= < 1000 DM,4<= <7 years,4.0,none,3.0,car or other,0,none,own,1.0,management/ highly qualified employee,1.0,none,yes,1,divorced/separated,1
no account,6.0,existing credits paid back duly till now,radio/television,2592.2002,500 <= < 1000 DM,<1 years,4.0,none,4.0,real estate,1,none,own,1.0,unskilled - resident,1.0,yes,yes,0,divorced/separated,1
0 <= <200 DM,4.0,existing credits paid back duly till now,car (new),250.0,no savings account,>=7 years,4.0,none,4.0,savings agreement/life insurance,1,none,for free,1.0,skilled employee / official,1.0,yes,yes,0,divorced/separated,1
0 <= <200 DM,12.0,existing credits paid back duly till now,car (new),1393.0,no savings account,4<= <7 years,4.0,none,4.0,real estate,0,none,own,1.0,unskilled - resident,1.0,none,yes,0,divorced/separated,1
<0 DM,14.0,critical account,furniture/equipment,2587.5913,<100 DM,1<= < 4 years,2.0,none,3.0,real estate,1,none,own,2.0,skilled employee / official,1.0,none,yes,0,divorced/separated,1
<0 DM,24.0,critical account,education,1474.0,500 <= < 1000 DM,4<= <7 years,4.0,none,4.0,car or other,1,none,own,1.0,unskilled - resident,1.0,none,yes,1,divorced/separated,1
no account,4.0,existing credits paid back duly till now,furniture/equipment,1918.7125,<100 DM,4<= <7 years,4.0,none,4.0,car or other,1,none,own,2.0,skilled employee / official,1.0,yes,yes,0,divorced/separated,0
<0 DM,6.0,existing credits paid back duly till now,car (new),250.0,<100 DM,1<= < 4 years,4.0,guarantor,4.0,unknown / no property,1,none,rent,1.0,skilled employee / official,1.0,none,yes,1,divorced/separated,1
0 <= <200 DM,12.0,existing credits paid back duly till now,car (used),3337.4487,no savings account,4<= <7 years,4.0,co-applicant,3.0,real estate,1,none,own,1.0,skilled employee / official,1.0,none,yes,0,divorced/separated,0
no account,12.0,critical account,business,753.24634,100 <= <500 DM,1<= < 4 years,4.0,none,4.0,real estate,1,none,own,1.0,skilled employee / official,1.0,yes,yes,0,divorced/separated,1
0 <= <200 DM,12.0,existing credits paid back duly till now,business,2391.3123,100 <= <500 DM,>=7 years,4.0,none,4.0,real estate,1,none,own,1.0,skilled employee / official,1.0,none,yes,1,divorced/separated,1
0 <= <200 DM,12.0,existing credits paid back duly till now,furniture/equipment,2242.6023,no savings account,<1 years,1.0,none,3.0,car or other,0,none,own,1.0,skilled employee / official,1.0,yes,yes,1,married/widowed,1
no account,4.0,delay in paying off,education,1839.5942,<100 DM,1<= < 4 years,4.0,none,4.0,car or other,0,none,rent,1.0,unskilled - resident,1.0,none,yes,0,married/widowed,1
0 <= <200 DM,4.0,critical account,car (new),2056.0786,>= 1000 DM,<1 years,2.0,none,1.0,car or other,0,none,own,1.0,skilled employee / official,1.0,none,yes,0,divorced/separated,1
no account,21.0,existing credits paid back duly till now,furniture/equipment,684.63715,100 <= <500 DM,1<= < 4 years,4.0,none,4.0,real estate,1,none,own,1.0,skilled employee / official,1.0,yes,yes,1,divorced/separated,0
<0 DM,9.0,existing credits paid back duly till now,radio/television,3234.24,>= 1000 DM,<1 years,4.0,none,4.0,unknown / no property,1,none,own,1.0,unskilled - resident,1.0,yes,yes,1,divorced/separated,1
no account,24.0,critical account,radio/television,6592.828,no savings account,4<= <7 years,2.0,none,4.0,savings agreement/life insurance,1,none,rent,1.0,skilled employee / official,1.0,none,yes,0,divorced/separated,1
no account,21.0,critical account,radio/television,686.7104,<100 DM,4<= <7 years,4.0,none,4.0,car or other,0,none,own,1.0,skilled employee / official,1.0,yes,yes,1,divorced/separated,1
no account,4.0,no credits taken,others,1222.6464,<100 DM,1<= < 4 years,4.0,none,4.0,real estate,1,none,own,1.0,skilled employee / official,1.0,yes,yes,1,married/widowed,1
no account,12.0,existing credits paid back duly till now,radio/television,1531.3517,<100 DM,4<= <7 years,4.0,none,3.0,savings agreement/life insurance,1,none,own,1.0,unskilled - resident,1.0,yes,no,0,married/widowed,1
<0 DM,18.0,existing credits paid back duly till now,car (new),250.0,no savings account,4<= <7 years,4.0,none,4.0,savings agreement/life insurance,0,none,rent,1.0,skilled employee / official,1.0,none,yes,1,divorced/separated,1
0 <= <200 DM,15.0,existing credits paid back duly till now,car (used),250.0,<100 DM,4<= <7 years,3.0,none,4.0,car or other,0,none,own,1.0,management/ highly qualified employee,1.0,none,yes,0,divorced/separated,1
no account,4.0,existing credits paid back duly till now,radio/television,3864.9717,<100 DM,1<= < 4 years,4.0,none,4.0,savings agreement/life insurance,1,none,own,1.0,unskilled - resident,1.0,none,yes,0,divorced/separated,1
>= 200 DM ,6.0,existing credits paid back duly till now,others,2116.3916,<100 DM,1<= < 4 years,1.0,none,2.0,car or other,1,none,rent,1.0,unskilled - resident,1.0,yes,no,0,married/widowed,1
<0 DM,24.0,existing credits paid back duly till now,furniture/equipment,2248.4248,no savings account,1<= < 4 years,2.0,none,2.0,unknown / no property,1,none,own,1.0,management/ highly qualified employee,1.0,none,yes,1,divorced/separated,1
<0 DM,9.0,critical account,car (new),1308.9065,no savings account,1<= < 4 years,4.0,none,4.0,car or other,0,none,own,1.0,skilled employee / official,1.0,none,yes,0,divorced/separated,0
no account,12.0,critical account,car (new),936.78467,<100 DM,1<= < 4 years,1.0,none,4.0,car or other,1,none,own,1.0,management/ highly qualified employee,1.0,none,yes,0,divorced/separated,1
0 <= <200 DM,72.0,critical account,business,1551.7878,<100 DM,>=7 years,4.0,none,4.0,car or other,1,none,own,1.0,skilled employee / official,1.0,none,yes,1,divorced/separated,0
0 <= <200 DM,4.0,critical account,car (new),1199.0,<100 DM,1<= < 4 years,4.0,none,4.0,real estate,1,none,rent,1.0,skilled employee / official,1.0,none,yes,1,divorced/separated,1
0 <= <200 DM,15.0,critical account,car (used),1454.8271,no savings account,>=7 years,4.0,none,4.0,real estate,1,none,own,1.0,management/ highly qualified employee,1.0,yes,yes,1,divorced/separated,1
<0 DM,4.0,critical account,car (new),250.0,<100 DM,1<= < 4 years,4.0,none,4.0,real estate,0,none,own,1.0,skilled employee / official,1.0,yes,yes,0,divorced/separated,0
no account,18.0,existing credits paid back duly till now,business,6320.2847,<100 DM,>=7 years,3.0,none,3.0,savings agreement/life insurance,1,none,own,1.0,unemployed/ unskilled  - non-resident,1.0,none,yes,1,divorced/separated,1
0 <= <200 DM,36.0,existing credits paid back duly till now,furniture/equipment,7658.057,<100 DM,1<= < 4 years,3.0,co-applicant,4.0,car or other,1,none,own,1.0,skilled employee / official,1.0,yes,yes,1,divorced/separated,1
0 <= <200 DM,12.0,all credits at this bank paid back duly,radio/television,1262.0,<100 DM,4<= <7 years,4.0,none,4.0,car or other,1,none,own,1.0,skilled employee / official,1.0,none,yes,1,divorced/separated,1
no account,4.0,existing credits paid back duly till now,furniture/equipment,4452.9746,<100 DM,1<= < 4 years,4.0,none,4.0,real estate,1,none,own,4.0,skilled employee / official,1.0,none,yes,1,divorced/separated,0
no account,4.0,existing credits paid back duly till now,car (used),3948.8342,<100 DM,>=7 years,4.0,none,2.0,real estate,1,none,own,1.0,management/ highly qualified employee,1.0,none,yes,0,divorced/separated,0
no account,36.0,critical account,radio/television,4158.2207,<100 DM,<1 years,2.0,none,4.0,car or other,1,none,own,1.0,skilled employee / official,1.0,none,yes,1,married/widowed,1
no account,24.0,critical account,furniture/equipment,1924.1567,<100 DM,4<= <7 years,2.0,none,2.0,real estate,1,none,own,1.0,skilled employee / official,1.0,yes,yes,1,divorced/separated,1
no account,24.0,existing credits paid back duly till now,furniture/equipment,2036.5027,<100 DM,<1 years,3.0,none,4.0,unknown / no property,1,none,own,1.0,unskilled - resident,1.0,none,yes,1,divorced/separated,1
<0 DM,9.0,existing credits paid back duly till now,radio/television,2588.07,<100 DM,<1 years,2.0,none,2.0,savings agreement/life insurance,0,store,own,1.0,skilled employee / official,1.0,yes,yes,1,married/widowed,1
>= 200 DM ,6.0,existing credits paid back duly till now,car (new),1819.7688,<100 DM,1<= < 4 years,4.0,none,4.0,real estate,0,none,own,1.0,skilled employee / official,1.0,none,yes,0,divorced/separated,1
<0 DM,12.0,existing credits paid back duly till now,car (used),7760.999,<100 DM,<1 years,1.0,none,4.0,real estate,1,none,own,1.0,skilled employee / official,1.0,yes,yes,0,divorced/separated,0
no account,4.0,existing credits paid back duly till now,radio/television,1986.1282,<100 DM,>=7 years,3.0,none,3.0,car or other,1,none,own,2.0,skilled employee / official,1.0,none,yes,0,divorced/separated,1
no account,4.0,existing credits paid back duly till now,radio/television,2532.9849,>= 1000 DM,<1 years,4.0,co-applicant,4.0,savings agreement/life insurance,1,none,own,1.0,skilled employee / official,1.0,none,yes,0,married/widowed,1
no account,18.0,existing credits paid back duly till now,furniture/equipment,1245.9315,<100 DM,1<= < 4 years,1.0,none,2.0,real estate,0,none,own,1.0,skilled employee / official,1.0,none,no,1,divorced/separated,1
no account,72.0,existing credits paid back duly till now,car (used),6418.174,<100 DM,1<= < 4 years,3.0,none,2.0,real estate,1,none,own,1.0,skilled employee / official,1.0,none,yes,1,divorced/separated,0
0 <= <200 DM,27.0,critical account,car (new),1411.7675,<100 DM,>=7 years,4.0,none,4.0,real estate,1,none,rent,1.0,skilled employee / official,1.0,none,yes,0,divorced/separated,1
0 <= <200 DM,18.0,existing credits paid back duly till now,car (new),1975.1069,500 <= < 1000 DM,unemployed,3.0,none,3.0,real estate,1,none,own,1.0,skilled employee / official,1.0,none,yes,0,divorced/separated,1
<0 DM,4.0,existing credits paid back duly till now,business,1675.3191,no savings account,<1 years,3.0,none,3.0,car or other,1,none,own,1.0,skilled employee / official,1.0,none,yes,1,divorced/separated,1
<0 DM,6.0,existing credits paid back duly till now,business,1316.0491,<100 DM,>=7 years,4.0,none,4.0,car or other,1,none,own,1.0,skilled employee / official,1.0,yes,yes,0,divorced/separated,0
0 <= <200 DM,21.0,existing credits paid back duly till now,car (used),2805.021,<100 DM,1<= < 4 years,4.0,none,4.0,real estate,1,none,own,1.0,skilled employee / official,1.0,none,yes,0,divorced/separated,1
no account,4.0,existing credits paid back duly till now,furniture/equipment,1071.052,<100 DM,1<= < 4 years,4.0,none,3.0,car or other,1,none,own,1.0,skilled employee / official,1.0,none,yes,1,divorced/separated,1
0 <= <200 DM,15.0,existing credits paid back duly till now,business,3877.1777,no savings account,1<= < 4 years,1.0,none,4.0,savings agreement/life insurance,1,none,own,1.0,skilled employee / official,1.0,yes,yes,1,divorced/separated,1
<0 DM,72.0,existing credits paid back duly till now,radio/television,1801.4581,<100 DM,4<= <7 years,3.0,none,2.0,real estate,1,none,own,1.0,unskilled - resident,1.0,none,yes,1,divorced/separated,1
<0 DM,18.0,existing credits paid back duly till now,car (new),1332.1536,no savings account,<1 years,4.0,none,4.0,real estate,1,none,own,1.0,unskilled - resident,1.0,yes,yes,0,divorced/separated,1
<0 DM,24.0,existing credits paid back duly till now,radio/television,6468.0,no savings account,1<= < 4 years,4.0,none,4.0,real estate,1,none,own,1.0,skilled employee / official,1.0,none,yes,1,divorced/separated,1
no account,27.0,existing credits paid back duly till now,radio/television,1478.0,100 <= <500 DM,1<= < 4 years,4.0,none,4.0,car or other,1,none,own,1.0,skilled employee / official,1.0,yes,yes,1,divorced/separated,0
no account,18.0,existing credits paid back duly till now,furniture/equipment,1858.8036,no savings account,4<= <7 years,4.0,none,4.0,real estate,1,none,for free,1.0,skilled employee / official,1.0,yes,yes,1,divorced/separated,1
>= 200 DM ,10.854965,critical account,radio/television,250.0,no savings account,>=7 years,4.0,none,3.0,real estate,1,none,rent,1.0,management/ highly qualified employee,1.0,none,yes,1,divorced/separated,1
0 <= <200 DM,7.0,existing credits paid back duly till now,business,250.0,<100 DM,4<= <7 years,4.0,none,4.0,car or other,1,none,own,1.0,management/ highly qualified employee,1.0,none,yes,0,divorced/separated,1
no account,12.0,existing credits paid back duly till now,business,800.419,no savings account,>=7 years,4.0,none,2.0,savings agreement/life insurance,1,none,own,1.0,management/ highly qualified employee,1.0,yes,yes,1,divorced/separated,1
<0 DM,4.0,critical account,radio/television,2130.2988,<100 DM,<1 years,4.0,none,2.0,real estate,1,none,rent,1.0,skilled employee / official,1.0,yes,yes,1,divorced/separated,1
no account,4.0,existing credits paid back duly till now,furniture/equipment,2736.9185,<100 DM,4<= <7 years,1.0,none,2.0,car or other,0,none,own,1.0,skilled employee / official,1.0,yes,yes,1,divorced/separated,1
<0 DM,9.0,delay in paying off,car (used),2579.5203,<100 DM,1<= < 4 years,4.0,none,2.0,car or other,1,none,own,2.0,skilled employee / official,1.0,none,yes,1,divorced/separated,1
0 <= <200 DM,36.0,existing credits paid back duly till now,furniture/equipment,250.0,<100 DM,<1 years,4.0,none,2.0,savings agreement/life insurance,1,none,own,1.0,skilled employee / official,1.0,yes,yes,0,divorced/separated,1
<0 DM,4.0,critical account,furniture/equipment,2241.0,<100 DM,unemployed,4.0,none,2.0,savings agreement/life insurance,1,none,own,1.0,skilled employee / official,1.0,yes,yes,1,divorced/separated,1
no account,14.0,all credits at this bank paid back duly,car (new),2014.8862,>= 1000 DM,4<= <7 years,4.0,none,4.0,real estate,1,none,rent,1.0,management/ highly qualified employee,1.0,none,yes,1,divorced/separated,1
<0 DM,36.0,existing credits paid back duly till now,others,2534.1472,<100 DM,1<= < 4 years,4.0,none,4.0,real estate,0,bank,own,1.0,unskilled - resident,1.0,none,yes,1,divorced/separated,0
<0 DM,9.0,existing credits paid back duly till now,business,2392.8447,<100 DM,1<= < 4 years,4.0,none,4.0,car or other,0,none,rent,2.0,skilled employee / official,1.0,none,yes,0,married/widowed,0
<0 DM,24.0,existing credits paid back duly till now,furniture/equipment,764.00964,no savings account,>=7 years,3.0,none,4.0,car or other,1,none,own,1.0,management/ highly qualified employee,1.0,yes,yes,0,divorced/separated,0
no account,24.0,existing credits paid back duly till now,car (used),2121.659,<100 DM,4<= <7 years,1.0,none,4.0,savings agreement/life insurance,1,none,own,1.0,skilled employee / official,2.0,yes,yes,1,divorced/separated,1
no account,12.0,critical account,radio/television,250.0,<100 DM,1<= < 4 years,4.0,guarantor,3.0,real estate,1,bank,own,1.0,unskilled - resident,1.0,none,yes,1,divorced/separated,1
no account,12.0,critical account,furniture/equipment,1309.0768,>= 1000 DM,1<= < 4 years,4.0,none,4.0,car or other,1,none,own,1.0,skilled employee / official,1.0,none,yes,1,divorced/separated,1
<0 DM,21.0,critical account,furniture/equipment,1859.9845,no savings account,1<= < 4 years,4.0,none,4.0,car or other,1,none,own,1.0,skilled employee / official,1.0,none,yes,0,divorced/separated,1
0 <= <200 DM,11.0,all credits at this bank paid back duly,car (new),1287.0,<100 DM,1<= < 4 years,2.0,none,3.0,car or other,1,none,rent,1.0,skilled employee / official,1.0,yes,yes,1,divorced/separated,1
no account,18.0,critical account,car (new),3366.9412,100 <= <500 DM,1<= < 4 years,2.0,none,1.0,savings agreement/life insurance,1,none,for free,1.0,management/ highly qualified employee,1.0,none,yes,1,divorced/separated,0
<0 DM,12.0,critical account,business,932.85046,<100 DM,4<= <7 years,1.0,co-applicant,4.0,savings agreement/life insurance,1,bank,own,1.0,skilled employee / official,1.0,none,yes,0,divorced/separated,1
0 <= <200 DM,72.0,existing credits paid back duly till now,furniture/equipment,10348.248,<100 DM,<1 years,4.0,none,1.0,savings agreement/life insurance,1,none,own,1.0,management/ highly qualified employee,1.0,none,yes,1,divorced/separated,1
no account,21.0,critical account,retraining,1374.0,<100 DM,>=7 years,3.0,none,3.0,car or other,1,none,own,1.0,skilled employee / official,1.0,none,yes,0,married/widowed,0
no account,4.0,delay in paying off,education,4795.811,<100 DM,<1 years,1.0,none,1.0,car or other,1,none,rent,1.0,unskilled - resident,1.0,none,yes,0,divorced/separated,1
<0 DM,15.0,existing credits paid back duly till now,radio/television,2328.0762,no savings account,4<= <7 years,3.0,none,4.0,car or other,0,store,own,1.0,skilled employee / official,1.0,none,yes,0,divorced/separated,1
no account,6.0,existing credits paid back duly till now,furniture/equipment,1413.0,<100 DM,4<= <7 years,4.0,none,4.0,car or other,1,none,own,1.0,skilled employee / official,1.0,none,yes,1,divorced/separated,1
<0 DM,12.0,existing credits paid back duly till now,car (new),3416.754,<100 DM,>=7 years,3.0,none,3.0,real estate,1,none,for free,1.0,skilled employee / official,1.0,none,yes,1,divorced/separated,0
no account,36.0,existing credits paid back duly till now,radio/television,250.0,<100 DM,1<= < 4 years,4.0,none,4.0,car or other,1,none,for free,1.0,unemployed/ unskilled  - non-resident,1.0,none,yes,1,divorced/separated,1
0 <= <200 DM,4.0,existing credits paid back duly till now,radio/television,1749.0907,<100 DM,4<= <7 years,4.0,none,4.0,car or other,0,none,for free,1.0,skilled employee / official,1.0,none,yes,1,divorced/separated,1
no account,4.0,existing credits paid back duly till now,radio/television,1269.5022,no savings account,1<= < 4 years,4.0,none,3.0,car or other,1,none,own,1.0,skilled employee / official,1.0,yes,yes,0,married/widowed,1
no account,6.0,existing credits paid back duly till now,furniture/equipment,3758.0095,<100 DM,4<= <7 years,3.0,none,1.0,unknown / no property,1,none,own,1.0,management/ highly qualified employee,1.0,none,yes,1,married/widowed,1
no account,12.0,existing credits paid back duly till now,car (new),1553.6638,<100 DM,1<= < 4 years,1.0,none,3.0,real estate,1,bank,own,1.0,unskilled - resident,1.0,yes,yes,0,divorced/separated,1
no account,12.0,existing credits paid back duly till now,business,3620.636,no savings account,4<= <7 years,2.0,none,2.0,real estate,1,store,own,1.0,management/ highly qualified employee,1.0,none,yes,0,divorced/separated,0
<0 DM,6.0,existing credits paid back duly till now,business,1333.3292,no savings account,4<= <7 years,4.0,none,4.0,car or other,1,none,own,1.0,skilled employee / official,1.0,none,yes,1,divorced/separated,0
<0 DM,15.0,critical account,radio/television,1199.0,<100 DM,1<= < 4 years,2.0,none,4.0,real estate,1,none,own,1.0,management/ highly qualified employee,1.0,none,yes,0,divorced/separated,1
no account,18.0,delay in paying off,car (new),250.0,<100 DM,1<= < 4 years,4.0,none,4.0,real estate,1,none,own,1.0,management/ highly qualified employee,1.0,none,yes,1,divorced/separated,1
>= 200 DM ,21.0,existing credits paid back duly till now,radio/television,3378.614,<100 DM,>=7 years,1.0,none,4.0,car or other,1,none,rent,1.0,skilled employee / official,1.0,none,yes,1,divorced/separated,1
<0 DM,24.0,existing credits paid back duly till now,furniture/equipment,1313.5541,<100 DM,<1 years,4.0,none,4.0,real estate,1,none,own,1.0,skilled employee / official,1.0,none,yes,0,divorced/separated,1
no account,12.0,critical account,radio/television,931.13666,no savings account,1<= < 4 years,4.0,none,4.0,car or other,1,none,own,1.0,management/ highly qualified employee,1.0,none,yes,1,divorced/separated,0
0 <= <200 DM,15.0,existing credits paid back duly till now,car (new),18424.0,<100 DM,4<= <7 years,4.0,none,4.0,real estate,1,none,own,1.0,skilled employee / official,1.0,yes,yes,1,married/widowed,0
no account,15.0,critical account,radio/television,2291.8804,<100 DM,1<= < 4 years,4.0,none,2.0,real estate,1,none,own,1.0,skilled employee / official,1.0,yes,yes,1,divorced/separated,0
0 <= <200 DM,6.0,existing credits paid back duly till now,radio/television,250.0,<100 DM,<1 years,1.0,guarantor,3.0,savings agreement/life insurance,1,none,own,1.0,unskilled - resident,1.0,yes,yes,1,divorced/separated,1
<0 DM,6.0,delay in paying off,business,1496.8545,<100 DM,1<= < 4 years,1.0,none,2.0,savings agreement/life insurance,1,none,own,1.0,management/ highly qualified employee,1.0,none,yes,1,divorced/separated,1
no account,12.0,critical account,car (used),677.9009,<100 DM,<1 years,3.0,none,2.0,real estate,1,none,own,1.0,management/ highly qualified employee,1.0,yes,yes,1,divorced/separated,1
0 <= <200 DM,36.0,existing credits paid back duly till now,furniture/equipment,18424.0,<100 DM,1<= < 4 years,2.0,none,4.0,car or other,1,none,rent,1.0,unskilled - resident,1.0,none,yes,1,divorced/separated,1
no account,48.0,existing credits paid back duly till now,radio/television,5846.452,no savings account,>=7 years,4.0,none,2.0,real estate,1,none,own,1.0,skilled employee / official,1.0,yes,yes,1,divorced/separated,1
0 <= <200 DM,30.0,existing credits paid back duly till now,car (used),6567.293,<100 DM,<1 years,4.0,none,2.0,car or other,1,none,own,1.0,skilled employee / official,1.0,none,yes,1,divorced/separated,1
no account,24.0,existing credits paid back duly till now,radio/television,8414.321,no savings account,>=7 years,4.0,none,2.0,real estate,1,none,own,1.0,skilled employee / official,1.0,yes,yes,1,divorced/separated,1
0 <= <200 DM,12.0,critical account,car (new),1193.0022,no savings account,1<= < 4 years,3.0,none,2.0,unknown / no property,1,none,own,1.0,unemployed/ unskilled  - non-resident,1.0,none,yes,0,divorced/separated,0
no account,18.0,existing credits paid back duly till now,radio/television,3059.945,500 <= < 1000 DM,<1 years,1.0,co-applicant,2.0,savings agreement/life insurance,0,none,rent,1.0,unemployed/ unskilled  - non-resident,1.0,yes,yes,1,divorced/separated,1
0 <= <200 DM,4.0,existing credits paid back duly till now,radio/television,1829.2305,>= 1000 DM,>=7 years,3.0,none,3.0,unknown / no property,1,none,for free,1.0,management/ highly qualified employee,1.0,none,yes,1,divorced/separated,1
<0 DM,13.0,critical account,furniture/equipment,2978.0,<100 DM,>=7 years,4.0,none,3.0,car or other,1,none,rent,1.0,skilled employee / official,1.0,none,yes,1,divorced/separated,1
0 <= <200 DM,24.0,critical account,furniture/equipment,1210.3788,<100 DM,1<= < 4 years,4.0,none,2.0,real estate,1,none,own,1.0,unskilled - resident,1.0,yes,yes,0,divorced/separated,1
>= 200 DM ,12.0,existing credits paid back duly till now,radio/television,1368.7631,>= 1000 DM,>=7 years,4.0,none,4.0,car or other,1,none,own,1.0,management/ highly qualified employee,1.0,none,yes,1,divorced/separated,1
0 <= <200 DM,4.0,existing credits paid back duly till now,car (new),4972.839,<100 DM,1<= < 4 years,4.0,none,4.0,car or other,1,none,own,1.0,skilled employee / official,1.0,yes,yes,1,divorced/separated,1
no account,10.0,existing credits paid back duly till now,car (new),1360.5049,<100 DM,1<= < 4 years,2.0,none,2.0,real estate,1,none,own,1.0,unskilled - resident,1.0,none,yes,1,divorced/separated,1
no account,18.0,existing credits paid back duly till now,others,1322.8118,>= 1000 DM,<1 years,4.0,none,1.0,real estate,1,none,for free,1.0,management/ highly qualified employee,1.0,none,yes,0,divorced/separated,1
no account,48.0,existing credits paid back duly till now,radio/television,935.48206,<100 DM,1<= < 4 years,3.0,none,4.0,car or other,0,store,own,1.0,skilled employee / official,1.0,none,yes,1,divorced/separated,1
<0 DM,15.0,existing credits paid back duly till now,radio/television,1154.0,no savings account,unemployed,4.0,none,4.0,real estate,1,store,own,1.0,skilled employee / official,1.0,yes,yes,1,divorced/separated,1
>= 200 DM ,15.0,existing credits paid back duly till now,retraining,1998.8661,no savings account,1<= < 4 years,2.0,none,1.0,savings agreement/life insurance,1,none,own,1.0,skilled employee / official,1.0,yes,yes,0,divorced/separated,0
0 <= <200 DM,72.0,existing credits paid back duly till now,radio/television,3757.295,<100 DM,<1 years,4.0,none,4.0,savings agreement/life insurance,1,none,own,1.0,skilled employee / official,1.0,none,yes,1,divorced/separated,1
no account,24.0,delay in paying off,radio/television,2133.4888,<100 DM,1<= < 4 years,4.0,none,4.0,car or other,1,none,own,1.0,skilled employee / official,1.0,none,yes,1,divorced/separated,1
0 <= <200 DM,9.0,existing credits paid back duly till now,furniture/equipment,2746.8506,500 <= < 1000 DM,1<= < 4 years,4.0,none,4.0,car or other,1,none,own,1.0,skilled employee / official,1.0,none,yes,1,divorced/separated,1
no account,12.0,existing credits paid back duly till now,furniture/equipment,250.0,500 <= < 1000 DM,1<= < 4 years,4.0,none,4.0,real estate,1,none,own,1.0,skilled employee / official,1.0,none,yes,1,divorced/separated,0
no account,18.0,critical account,business,18424.0,<100 DM,1<= < 4 years,4.0,none,4.0,car or other,1,none,own,1.0,skilled employee / official,1.0,none,yes,0,divorced/separated,1
0 <= <200 DM,4.0,existing credits paid back duly till now,car (used),852.80884,no savings account,4<= <7 years,4.0,none,2.0,car or other,1,none,own,1.0,skilled employee / official,1.0,yes,yes,1,divorced/separated,0
<0 DM,4.0,all credits at this bank paid back duly,business,1497.2887,<100 DM,>=7 years,4.0,none,4.0,car or other,1,none,own,1.0,skilled employee / official,1.0,yes,yes,0,divorced/separated,0
<0 DM,9.0,critical account,car (new),1600.0116,100 <= <500 DM,4<= <7 years,1.0,none,1.0,car or other,1,none,own,1.0,skilled employee / official,1.0,none,yes,1,divorced/separated,0
0 <= <200 DM,12.0,existing credits paid back duly till now,car (new),1661.5046,<100 DM,>=7 years,2.0,none,4.0,car or other,1,none,own,1.0,management/ highly qualified employee,1.0,yes,yes,1,divorced/separated,1
no account,12.0,existing credits paid back duly till now,radio/television,3108.3682,500 <= < 1000 DM,4<= <7 years,4.0,none,3.0,car or other,1,none,own,1.0,unemployed/ unskilled  - non-resident,1.0,yes,yes,0,divorced/separated,1
0 <= <200 DM,9.0,existing credits paid back duly till now,radio/television,797.5611,<100 DM,4<= <7 years,1.0,none,2.0,real estate,1,none,for free,1.0,skilled employee / official,1.0,none,yes,1,divorced/separated,0
0 <= <200 DM,12.0,existing credits paid back duly till now,radio/television,3575.1335,<100 DM,4<= <7 years,3.0,none,2.0,real estate,1,none,own,1.0,skilled employee / official,1.0,none,yes,0,divorced/separated,1
<0 DM,12.0,critical account,car (used),1620.8754,no savings account,4<= <7 years,4.0,none,1.0,real estate,0,none,for free,1.0,unskilled - resident,1.0,none,yes,1,divorced/separated,1
<0 DM,30.0,critical account,radio/television,1887.0059,500 <= < 1000 DM,1<= < 4 years,3.0,none,4.0,unknown / no property,0,none,for free,1.0,skilled employee / official,1.0,none,yes,1,divorced/separated,1
0 <= <200 DM,6.0,existing credits paid back duly till now,furniture/equipment,1503.0,<100 DM,4<= <7 years,3.0,none,4.0,car or other,0,none,own,1.0,skilled employee / official,1.0,yes,yes,1,divorced/separated,0
0 <= <200 DM,12.0,existing credits paid back duly till now,furniture/equipment,1289.75,<100 DM,<1 years,4.0,none,3.0,savings agreement/life insurance,0,none,for free,1.0,skilled employee / official,1.0,none,yes,0,divorced/separated,1
0 <= <200 DM,4.0,existing credits paid back duly till now,radio/television,5829.269,<100 DM,1<= < 4 years,4.0,none,4.0,real estate,1,none,rent,2.0,unskilled - resident,1.0,none,yes,0,divorced/separated,0
no account,4.0,existing credits paid back duly till now,car (new),1409.1901,<100 DM,<1 years,2.0,none,1.0,car or other,1,none,own,1.0,skilled employee / official,1.0,none,yes,0,divorced/separated,1
no account,4.0,all credits at this bank paid back duly,radio/television,1107.8267,100 <= <500 DM,<1 years,4.0,none,4.0,real estate,1,bank,own,1.0,skilled employee / official,1.0,yes,yes,0,divorced/separated,0
<0 DM,4.0,existing credits paid back duly till now,car (used),8588.919,<100 DM,unemployed,3.0,guarantor,4.0,savings agreement/life insurance,1,none,rent,1.0,skilled employee / official,1.0,yes,yes,0,divorced/separated,1
no account,36.0,existing credits paid back duly till now,education,4675.291,<100 DM,<1 years,4.0,none,4.0,real estate,1,none,own,1.0,skilled employee / official,1.0,yes,yes,1,divorced/separated,1
<0 DM,12.0,existing credits paid back duly till now,car (new),2537.4644,<100 DM,4<= <7 years,4.0,none,4.0,real estate,1,none,rent,1.0,skilled employee / official,1.0,yes,yes,1,divorced/separated,1
<0 DM,27.0,existing credits paid back duly till now,car (new),1997.2759,<100 DM,1<= < 4 years,4.0,co-applicant,3.0,real estate,0,none,own,1.0,skilled employee / official,1.0,yes,yes,1,divorced/separated,1
<0 DM,12.0,existing credits paid back duly till now,car (new),7230.8345,<100 DM,1<= < 4 years,4.0,none,4.0,car or other,1,none,own,1.0,unskilled - resident,1.0,none,yes,0,divorced/separated,1
<0 DM,24.0,existing credits paid back duly till now,car (new),1523.3445,no savings account,1<= < 4 years,4.0,none,4.0,real estate,1,none,rent,1.0,unskilled - resident,1.0,none,yes,0,married/widowed,0
no account,4.0,existing credits paid back duly till now,furniture/equipment,752.03613,<100 DM,>=7 years,3.0,none,3.0,real estate,1,bank,own,1.0,skilled employee / official,1.0,yes,yes,0,divorced/separated,1
no account,4.0,delay in paying off,furniture/equipment,868.69055,<100 DM,>=7 years,4.0,none,4.0,car or other,1,none,own,1.0,skilled employee / official,1.0,none,yes,0,divorced/separated,1
no account,18.0,existing credits paid back duly till now,furniture/equipment,2520.7056,<100 DM,1<= < 4 years,3.0,none,1.0,savings agreement/life insurance,0,none,rent,1.0,skilled employee / official,1.0,none,yes,0,divorced/separated,0
no account,12.0,existing credits paid back duly till now,car (new),5096.0776,<100 DM,<1 years,1.0,none,4.0,savings agreement/life insurance,1,none,own,1.0,skilled employee / official,1.0,yes,yes,1,divorced/separated,1
no account,10.0,existing credits paid back duly till now,business,250.0,<100 DM,1<= < 4 years,4.0,none,4.0,car or other,1,none,own,1.0,unskilled - resident,1.0,yes,yes,0,divorced/separated,1
no account,18.0,critical account,radio/television,250.0,no savings account,4<= <7 years,4.0,none,4.0,real estate,1,none,own,1.0,skilled employee / official,1.0,yes,yes,0,divorced/separated,1
0 <= <200 DM,24.0,critical account,radio/television,1845.0,<100 DM,4<= <7 years,4.0,none,3.0,real estate,1,none,rent,1.0,skilled employee / official,1.0,yes,yes,1,divorced/separated,1
no account,21.0,existing credits paid back duly till now,car (new),250.0,100 <= <500 DM,<1 years,2.0,none,4.0,savings agreement/life insurance,0,none,own,1.0,skilled employee / official,1.0,none,yes,0,divorced/separated,1
no account,6.0,critical account,repairs,7928.24,<100 DM,>=7 years,4.0,none,4.0,car or other,1,none,own,2.0,skilled employee / official,1.0,none,yes,1,divorced/separated,1
no account,15.0,existing credits paid back duly till now,car (new),3371.2026,<100 DM,>=7 years,4.0,none,4.0,savings agreement/life insurance,0,none,own,1.0,skilled employee / official,1.0,yes,yes,1,divorced/separated,1
no account,4.0,critical account,car (used),3355.0828,<100 DM,<1 years,4.0,none,2.0,car or other,1,none,for free,1.0,skilled employee / official,1.0,none,yes,1,married/widowed,1
no account,4.0,existing credits paid back duly till now,radio/television,2290.7402,100 <= <500 DM,1<= < 4 years,4.0,guarantor,2.0,real estate,1,none,own,1.0,skilled employee / official,1.0,yes,yes,1,divorced/separated,1
<0 DM,12.0,all credits at this bank paid back duly,business,6689.4165,no savings account,4<= <7 years,3.0,co-applicant,2.0,car or other,0,bank,own,1.0,skilled employee / official,1.0,yes,yes,0,divorced/separated,1
>= 200 DM ,24.0,existing credits paid back duly till now,furniture/equipment,2424.555,<100 DM,4<= <7 years,4.0,none,4.0,car or other,1,none,own,1.0,management/ highly qualified employee,1.0,none,yes,0,divorced/separated,0
no account,4.0,existing credits paid back duly till now,car (new),250.0,<100 DM,4<= <7 years,4.0,none,4.0,real estate,1,none,own,1.0,management/ highly qualified employee,1.0,none,yes,1,divorced/separated,1
<0 DM,24.0,critical account,radio/television,1128.4203,<100 DM,4<= <7 years,4.0,none,4.0,real estate,1,none,own,1.0,skilled employee / official,1.0,yes,yes,1,divorced/separated,0
<0 DM,11.0,existing credits paid back duly till now,radio/television,2655.4739,<100 DM,>=7 years,4.0,none,4.0,savings agreement/life insurance,1,none,own,1.0,skilled employee / official,1.0,none,yes,1,divorced/separated,1
no account,24.0,existing credits paid back duly till now,furniture/equipment,1111.1305,no savings account,1<= < 4 years,4.0,none,4.0,real estate,0,none,own,1.0,skilled employee / official,1.0,yes,yes,1,divorced/separated,1
<0 DM,10.0,existing credits paid back duly till now,car (new),6260.1523,<100 DM,4<= <7 years,3.0,none,2.0,real estate,0,none,own,1.0,skilled employee / official,1.0,none,yes,0,divorced/separated,1
no account,4.0,existing credits paid back duly till now,furniture/equipment,1858.7174,<100 DM,4<= <7 years,4.0,none,2.0,unknown / no property,1,none,own,2.0,unskilled - resident,1.0,none,yes,0,divorced/separated,1
<0 DM,10.0,delay in paying off,business,1553.1014,no savings account,>=7 years,4.0,none,4.0,car or other,1,none,own,1.0,skilled employee / official,1.0,none,yes,1,divorced/separated,1
no account,6.0,existing credits paid back duly till now,radio/television,18424.0,<100 DM,1<= < 4 years,4.0,none,3.0,car or other,1,store,for free,1.0,unskilled - resident,1.0,none,yes,1,divorced/separated,1
0 <= <200 DM,15.0,critical account,car (new),250.0,<100 DM,4<= <7 years,4.0,none,4.0,real estate,0,none,own,1.0,skilled employee / official,1.0,none,yes,1,divorced/separated,1
>= 200 DM ,12.0,critical account,car (used),1879.3276,no savings account,1<= < 4 years,4.0,none,4.0,real estate,1,none,own,2.0,skilled employee / official,1.0,yes,yes,1,divorced/separated,1
<0 DM,10.0,critical account,radio/television,5137.2915,no savings account,>=7 years,4.0,none,4.0,unknown / no property,1,none,own,1.0,skilled employee / official,1.0,yes,yes,0,divorced/separated,1
<0 DM,10.0,existing credits paid back duly till now,furniture/equipment,1116.6793,<100 DM,>=7 years,1.0,none,4.0,car or other,1,bank,own,1.0,skilled employee / official,1.0,none,yes,1,divorced/separated,1
0 <= <200 DM,9.0,existing credits paid back duly till now,radio/television,2028.0,no savings account,>=7 years,2.0,none,3.0,savings agreement/life insurance,1,none,own,1.0,skilled employee / official,1.0,none,yes,1,divorced/separated,1
<0 DM,4.0,existing credits paid back duly till now,car (new),1727.9305,<100 DM,1<= < 4 years,4.0,none,4.0,real estate,0,none,own,1.0,skilled employee / official,1.0,none,yes,0,divorced/separated,1
<0 DM,4.0,existing credits paid back duly till now,car (used),2714.1252,<100 DM,1<= < 4 years,4.0,none,2.0,car or other,0,none,own,1.0,skilled employee / official,1.0,none,yes,1,divorced/separated,1
no account,18.0,existing credits paid back duly till now,furniture/equipment,1591.3185,<100 DM,<1 years,1.0,none,2.0,real estate,1,none,own,1.0,management/ highly qualified employee,1.0,none,yes,0,divorced/separated,0
<0 DM,18.0,existing credits paid back duly till now,car (used),18424.0,<100 DM,>=7 years,2.0,none,3.0,real estate,1,bank,own,1.0,skilled employee / official,1.0,none,yes,1,divorced/separated,1
no account,4.0,existing credits paid back duly till now,education,1223.7058,<100 DM,1<= < 4 years,4.0,none,2.0,real estate,1,none,own,1.0,skilled employee / official,1.0,none,yes,1,divorced/separated,1
no account,18.0,critical account,car (new),3970.248,<100 DM,1<= < 4 years,4.0,none,4.0,unknown / no property,1,none,own,1.0,skilled employee / official,1.0,yes,yes,0,married/widowed,1
0 <= <200 DM,6.0,existing credits paid back duly till now,furniture/equipment,4456.267,500 <= < 1000 DM,<1 years,2.0,none,1.0,savings agreement/life insurance,1,none,own,1.0,skilled employee / official,1.0,yes,yes,1,divorced/separated,1
<0 DM,4.0,existing credits paid back duly till now,car (new),1845.0,no savings account,>=7 years,4.0,none,4.0,car or other,1,none,for free,1.0,management/ highly qualified employee,1.0,yes,yes,1,divorced/separated,1
<0 DM,4.0,existing credits paid back duly till now,car (new),1191.5603,<100 DM,<1 years,4.0,none,4.0,real estate,1,none,own,1.0,skilled employee / official,1.0,none,yes,0,divorced/separated,1
no account,24.0,existing credits paid back duly till now,car (new),3479.5894,<100 DM,<1 years,4.0,none,4.0,real estate,1,bank,own,1.0,skilled employee / official,1.0,none,yes,1,divorced/separated,1
<0 DM,9.0,critical account,furniture/equipment,3399.8577,<100 DM,1<= < 4 years,3.0,none,2.0,savings agreement/life insurance,1,none,own,1.0,management/ highly qualified employee,1.0,none,yes,1,divorced/separated,1
0 <= <200 DM,6.0,critical account,car (new),250.0,no savings account,>=7 years,4.0,none,4.0,real estate,1,none,own,1.0,management/ highly qualified employee,1.0,yes,yes,1,divorced/separated,1
no account,4.0,existing credits paid back duly till now,business,2196.9814,<100 DM,<1 years,2.0,none,2.0,savings agreement/life insurance,1,none,own,1.0,skilled employee / official,1.0,yes,yes,1,divorced/separated,1
no account,12.0,existing credits paid back duly till now,furniture/equipment,250.0,no savings account,1<= < 4 years,4.0,none,4.0,real estate,0,none,own,1.0,unskilled - resident,1.0,none,yes,1,divorced/separated,1
no account,12.0,critical account,radio/television,2469.3474,<100 DM,4<= <7 years,4.0,guarantor,4.0,real estate,1,none,own,1.0,unskilled - resident,1.0,none,yes,1,divorced/separated,0
<0 DM,30.0,critical account,car (used),1230.1165,<100 DM,4<= <7 years,3.0,none,2.0,savings agreement/life insurance,1,none,own,1.0,skilled employee / official,1.0,yes,yes,1,divorced/separated,1
0 <= <200 DM,48.0,existing credits paid back duly till now,car (new),2408.732,<100 DM,<1 years,3.0,none,2.0,real estate,1,bank,rent,1.0,skilled employee / official,1.0,none,yes,0,divorced/separated,1
no account,72.0,critical account,car (new),3396.86,<100 DM,>=7 years,4.0,none,4.0,real estate,1,none,own,1.0,skilled employee / official,1.0,yes,yes,1,divorced/separated,1
no account,11.0,existing credits paid back duly till now,car (used),891.046,<100 DM,4<= <7 years,3.0,none,4.0,car or other,0,none,own,1.0,unskilled - resident,1.0,none,yes,1,divorced/separated,0
0 <= <200 DM,21.0,existing credits paid back duly till now,car (used),3977.0007,<100 DM,>=7 years,3.0,none,3.0,unknown / no property,1,none,own,1.0,skilled employee / official,1.0,none,yes,0,divorced/separated,1
no account,12.0,critical account,radio/television,7823.177,<100 DM,4<= <7 years,1.0,none,1.0,real estate,1,none,for free,1.0,unskilled - resident,1.0,yes,yes,1,divorced/separated,1
<0 DM,10.0,critical account,radio/television,1478.9669,100 <= <500 DM,>=7 years,4.0,none,4.0,real estate,1,bank,for free,1.0,unemployed/ unskilled  - non-resident,1.0,yes,yes,1,divorced/separated,0
<0 DM,10.0,existing credits paid back duly till now,radio/television,18424.0,<100 DM,<1 years,3.0,none,2.0,real estate,0,none,rent,4.0,skilled employee / official,1.0,yes,yes,1,divorced/separated,1
<0 DM,29.336445,existing credits paid back duly till now,car (used),18424.0,no savings account,4<= <7 years,1.0,none,3.0,savings agreement/life insurance,1,none,own,1.0,skilled employee / official,1.0,none,yes,1,divorced/separated,1
0 <= <200 DM,12.0,existing credits paid back duly till now,car (new),250.0,<100 DM,<1 years,4.0,none,4.0,unknown / no property,1,none,own,1.0,skilled employee / official,1.0,none,yes,0,divorced/separated,1
no account,24.0,existing credits paid back duly till now,business,2755.7854,<100 DM,4<= <7 years,4.0,none,3.0,car or other,1,none,rent,1.0,skilled employee / official,1.0,yes,yes,1,divorced/separated,1
no account,18.0,existing credits paid back duly till now,radio/television,1413.4515,<100 DM,1<= < 4 years,4.0,none,2.0,unknown / no property,1,none,own,1.0,skilled employee / official,1.0,none,yes,1,divorced/separated,1
<0 DM,9.0,existing credits paid back duly till now,car (new),2738.4004,<100 DM,>=7 years,4.0,none,4.0,savings agreement/life insurance,1,none,own,2.0,management/ highly qualified employee,1.0,yes,yes,0,divorced/separated,1
no account,12.0,no credits taken,furniture/equipment,1531.649,<100 DM,1<= < 4 years,2.0,none,4.0,real estate,1,none,rent,1.0,unskilled - resident,1.0,none,yes,0,divorced/separated,0
0 <= <200 DM,4.0,critical account,furniture/equipment,2123.6694,<100 DM,1<= < 4 years,4.0,none,1.0,car or other,1,none,for free,2.0,skilled employee / official,1.0,yes,yes,0,divorced/separated,0
no account,24.0,existing credits paid back duly till now,furniture/equipment,3259.1614,<100 DM,<1 years,2.0,none,4.0,car or other,1,none,own,1.0,skilled employee / official,1.0,none,yes,1,divorced/separated,1
>= 200 DM ,12.0,critical account,education,4115.8228,<100 DM,1<= < 4 years,4.0,none,1.0,car or other,1,none,own,1.0,skilled employee / official,1.0,none,yes,0,divorced/separated,1
0 <= <200 DM,4.0,existing credits paid back duly till now,radio/television,3123.9722,no savings account,4<= <7 years,2.0,none,2.0,real estate,1,store,own,2.0,unskilled - resident,1.0,none,yes,1,divorced/separated,1
<0 DM,48.0,existing credits paid back duly till now,car (new),1308.9988,no savings account,1<= < 4 years,4.0,none,2.0,savings agreement/life insurance,1,none,own,1.0,unemployed/ unskilled  - non-resident,1.0,none,yes,1,divorced/separated,1
0 <= <200 DM,9.0,existing credits paid back duly till now,radio/television,1591.9343,<100 DM,<1 years,4.0,none,3.0,real estate,0,none,rent,1.0,skilled employee / official,1.0,yes,yes,1,divorced/separated,0
no account,21.0,existing credits paid back duly till now,radio/television,2246.5527,<100 DM,1<= < 4 years,4.0,none,4.0,car or other,1,none,rent,1.0,skilled employee / official,1.0,none,yes,1,divorced/separated,0
no account,18.0,existing credits paid back duly till now,radio/television,1317.8464,<100 DM,<1 years,4.0,none,4.0,real estate,0,none,own,1.0,skilled employee / official,1.0,none,yes,1,divorced/separated,0
0 <= <200 DM,4.0,critical account,radio/television,4788.7534,<100 DM,4<= <7 years,4.0,none,3.0,savings agreement/life insurance,1,none,rent,1.0,skilled employee / official,1.0,none,yes,1,divorced/separated,1
no account,12.0,existing credits paid back duly till now,car (new),1216.269,no savings account,>=7 years,2.0,none,2.0,car or other,1,none,rent,1.0,unskilled - resident,1.0,yes,yes,1,divorced/separated,1
<0 DM,4.0,existing credits paid back duly till now,car (new),250.0,<100 DM,<1 years,3.0,none,4.0,car or other,1,bank,own,1.0,skilled employee / official,1.0,none,yes,1,divorced/separated,1
no account,9.0,delay in paying off,radio/television,3384.1455,<100 DM,1<= < 4 years,4.0,none,4.0,savings agreement/life insurance,1,none,for free,1.0,unskilled - resident,1.0,none,yes,0,divorced/separated,1
no account,16.0,critical account,radio/television,3863.1614,<100 DM,1<= < 4 years,4.0,none,2.0,savings agreement/life insurance,0,none,for free,1.0,management/ highly qualified employee,1.0,yes,yes,1,divorced/separated,1
<0 DM,9.0,critical account,radio/television,950.8142,<100 DM,1<= < 4 years,4.0,none,4.0,savings agreement/life insurance,1,none,rent,1.0,skilled employee / official,1.0,none,yes,1,divorced/separated,0
no account,15.0,existing credits paid back duly till now,car (new),4593.1724,<100 DM,>=7 years,1.0,none,2.0,real estate,0,bank,own,1.0,skilled employee / official,1.0,none,yes,1,divorced/separated,1
0 <= <200 DM,12.0,existing credits paid back duly till now,retraining,250.0,100 <= <500 DM,4<= <7 years,1.0,none,3.0,real estate,0,none,rent,1.0,management/ highly qualified employee,1.0,yes,yes,0,divorced/separated,1
0 <= <200 DM,12.0,all credits at this bank paid back duly,car (used),2292.8433,no savings account,1<= < 4 years,4.0,none,4.0,real estate,1,bank,own,1.0,skilled employee / official,1.0,none,yes,1,divorced/separated,0
<0 DM,27.0,existing credits paid back duly till now,furniture/equipment,2781.8745,no savings account,>=7 years,4.0,none,4.0,savings agreement/life insurance,1,none,rent,1.0,unskilled - resident,1.0,none,yes,0,divorced/separated,1
<0 DM,6.0,critical account,domestic appliances,1941.9365,no savings account,1<= < 4 years,4.0,none,4.0,savings agreement/life insurance,1,none,rent,1.0,management/ highly qualified employee,1.0,yes,yes,0,divorced/separated,1
0 <= <200 DM,6.0,existing credits paid back duly till now,car (used),2346.1724,<100 DM,4<= <7 years,4.0,none,3.0,savings agreement/life insurance,1,none,own,1.0,skilled employee / official,1.0,yes,yes,0,divorced/separated,1
no account,24.0,critical account,radio/television,2185.8525,no savings account,>=7 years,4.0,none,2.0,real estate,1,none,own,1.0,skilled employee / official,1.0,none,yes,1,divorced/separated,1
no account,30.0,critical account,car (new),456.99158,no savings account,>=7 years,4.0,none,4.0,real estate,1,none,own,1.0,skilled employee / official,1.0,yes,yes,1,divorced/separated,1
no account,15.0,existing credits paid back duly till now,retraining,2333.0,no savings account,>=7 years,2.0,none,4.0,car or other,0,none,own,1.0,unskilled - resident,1.0,yes,yes,1,divorced/separated,1
<0 DM,4.0,existing credits paid back duly till now,retraining,2389.5515,<100 DM,4<= <7 years,2.0,none,3.0,savings agreement/life insurance,1,none,own,2.0,skilled employee / official,1.0,yes,yes,0,divorced/separated,1
<0 DM,20.0,critical account,car (new),18424.0,<100 DM,1<= < 4 years,1.0,none,1.0,real estate,1,none,own,1.0,skilled employee / official,1.0,none,yes,0,divorced/separated,1
0 <= <200 DM,10.0,critical account,furniture/equipment,2748.0989,<100 DM,4<= <7 years,1.0,none,2.0,car or other,1,none,own,1.0,skilled employee / official,1.0,none,yes,1,divorced/separated,1
no account,12.0,existing credits paid back duly till now,radio/television,3975.0007,<100 DM,1<= < 4 years,2.0,none,2.0,car or other,1,bank,own,1.0,unskilled - resident,1.0,none,yes,1,divorced/separated,0
<0 DM,12.0,existing credits paid back duly till now,business,2055.938,500 <= < 1000 DM,<1 years,4.0,none,1.0,savings agreement/life insurance,0,none,rent,1.0,unskilled - resident,1.0,none,yes,1,divorced/separated,1
0 <= <200 DM,12.0,critical account,education,3575.2063,>= 1000 DM,1<= < 4 years,4.0,none,4.0,savings agreement/life insurance,1,none,own,1.0,skilled employee / official,1.0,none,yes,1,divorced/separated,1
<0 DM,20.0,no credits taken,radio/television,1836.9022,<100 DM,unemployed,4.0,none,2.0,car or other,1,none,rent,1.0,unskilled - resident,1.0,yes,yes,1,divorced/separated,0
<0 DM,10.0,existing credits paid back duly till now,furniture/equipment,2222.0898,<100 DM,>=7 years,3.0,none,3.0,car or other,1,none,own,1.0,skilled employee / official,1.0,none,yes,1,divorced/separated,1
<0 DM,24.0,critical account,radio/television,1770.569,<100 DM,1<= < 4 years,4.0,none,4.0,savings agreement/life insurance,0,bank,own,1.0,unskilled - resident,1.0,none,yes,0,divorced/separated,1
<0 DM,4.0,all credits at this bank paid back duly,car (new),18424.0,100 <= <500 DM,1<= < 4 years,4.0,none,3.0,real estate,1,none,own,2.0,skilled employee / official,1.0,none,yes,0,divorced/separated,1
no account,12.0,critical account,radio/television,1096.2565,<100 DM,4<= <7 years,2.0,none,4.0,savings agreement/life insurance,1,none,own,1.0,management/ highly qualified employee,1.0,yes,yes,1,divorced/separated,1
0 <= <200 DM,15.0,all credits at this bank paid back duly,car (new),704.2522,no savings account,1<= < 4 years,1.0,none,4.0,real estate,1,none,own,1.0,skilled employee / official,1.0,yes,yes,1,divorced/separated,1
0 <= <200 DM,4.0,critical account,car (used),1372.5892,<100 DM,4<= <7 years,4.0,none,4.0,car or other,1,none,rent,1.0,management/ highly qualified employee,1.0,none,yes,0,divorced/separated,1
no account,20.0,critical account,car (new),1802.3235,<100 DM,4<= <7 years,3.0,none,4.0,real estate,1,none,own,1.0,skilled employee / official,1.0,none,yes,0,divorced/separated,0
>= 200 DM ,4.0,critical account,furniture/equipment,2072.374,<100 DM,>=7 years,4.0,none,3.0,savings agreement/life insurance,1,none,rent,1.0,skilled employee / official,1.0,yes,yes,1,divorced/separated,0
no account,12.0,existing credits paid back duly till now,car (new),3211.218,<100 DM,<1 years,1.0,none,2.0,car or other,1,none,own,1.0,skilled employee / official,1.0,none,yes,1,divorced/separated,1
>= 200 DM ,4.0,critical account,radio/television,1282.0,500 <= < 1000 DM,<1 years,4.0,none,4.0,car or other,1,none,rent,2.0,unskilled - resident,1.0,none,yes,1,divorced/separated,1
no account,12.0,existing credits paid back duly till now,car (new),2821.081,<100 DM,>=7 years,2.0,none,3.0,car or other,1,none,rent,1.0,skilled employee / official,1.0,none,yes,1,divorced/separated,1
0 <= <200 DM,24.0,existing credits paid back duly till now,car (new),1198.5125,<100 DM,1<= < 4 years,4.0,none,3.0,real estate,0,store,own,1.0,unskilled - resident,1.0,none,yes,1,divorced/separated,1
0 <= <200 DM,48.0,existing credits paid back duly till now,car (used),4230.0083,no savings account,4<= <7 years,4.0,none,4.0,real estate,1,none,own,1.0,skilled employee / official,1.0,none,yes,1,divorced/separated,0
no account,4.0,existing credits paid back duly till now,radio/television,3361.4607,<100 DM,1<= < 4 years,4.0,none,4.0,savings agreement/life insurance,1,none,rent,1.0,management/ highly qualified employee,1.0,none,yes,1,divorced/separated,1
0 <= <200 DM,24.0,critical account,education,1282.0,>= 1000 DM,<1 years,4.0,none,4.0,car or other,1,bank,own,1.0,skilled employee / official,1.0,yes,yes,1,divorced/separated,0
no account,6.0,critical account,car (new),18424.0,<100 DM,1<= < 4 years,3.0,none,4.0,car or other,1,bank,own,1.0,management/ highly qualified employee,1.0,yes,yes,1,divorced/separated,1
0 <= <200 DM,6.0,existing credits paid back duly till now,car (used),1413.3347,no savings account,<1 years,4.0,none,3.0,car or other,0,none,own,1.0,skilled employee / official,1.0,none,yes,0,divorced/separated,1
0 <= <200 DM,12.0,existing credits paid back duly till now,radio/television,18424.0,<100 DM,<1 years,4.0,none,4.0,real estate,0,none,own,1.0,skilled employee / official,1.0,none,yes,1,divorced/separated,0
no account,4.0,all credits at this bank paid back duly,radio/television,592.0656,no savings account,>=7 years,4.0,none,4.0,real estate,1,none,own,1.0,skilled employee / official,1.0,none,yes,1,divorced/separated,1
no account,4.0,existing credits paid back duly till now,car (new),2333.0,100 <= <500 DM,<1 years,1.0,none,2.0,real estate,1,none,own,1.0,unskilled - resident,1.0,none,yes,1,divorced/separated,0
<0 DM,12.0,all credits at this bank paid back duly,furniture/equipment,901.5119,500 <= < 1000 DM,1<= < 4 years,4.0,none,4.0,real estate,1,none,for free,1.0,unskilled - resident,1.0,none,yes,0,divorced/separated,1
no account,12.0,existing credits paid back duly till now,car (new),3876.8428,<100 DM,unemployed,1.0,none,3.0,savings agreement/life insurance,1,none,own,1.0,unskilled - resident,1.0,yes,yes,0,divorced/separated,1
no account,6.0,existing credits paid back duly till now,radio/television,3104.648,<100 DM,1<= < 4 years,1.0,none,4.0,car or other,0,bank,own,1.0,management/ highly qualified employee,1.0,none,yes,0,divorced/separated,1
<0 DM,12.0,critical account,education,5432.4634,no savings account,4<= <7 years,4.0,none,4.0,real estate,1,none,for free,1.0,management/ highly qualified employee,1.0,none,yes,0,divorced/separated,1
no account,18.0,critical account,furniture/equipment,250.0,no savings account,1<= < 4 years,3.0,none,2.0,real estate,1,none,own,1.0,unskilled - resident,1.0,none,yes,1,divorced/separated,1
0 <= <200 DM,21.0,critical account,business,250.0,<100 DM,1<= < 4 years,4.0,none,4.0,real estate,1,none,own,1.0,skilled employee / official,1.0,none,no,1,divorced/separated,0
no account,12.0,existing credits paid back duly till now,car (used),2597.7449,<100 DM,>=7 years,4.0,none,1.0,savings agreement/life insurance,0,none,own,1.0,skilled employee / official,1.0,none,yes,0,divorced/separated,1
no account,11.0,critical account,car (new),2367.487,<100 DM,4<= <7 years,2.0,none,1.0,unknown / no property,1,none,for free,1.0,skilled employee / official,1.0,none,yes,1,divorced/separated,1
no account,15.0,existing credits paid back duly till now,car (new),3761.4482,<100 DM,<1 years,2.0,none,4.0,car or other,1,none,own,1.0,skilled employee / official,1.0,none,yes,1,divorced/separated,0
0 <= <200 DM,18.0,existing credits paid back duly till now,radio/television,18424.0,<100 DM,unemployed,4.0,none,1.0,car or other,1,none,own,1.0,unskilled - resident,1.0,none,yes,1,divorced/separated,1
>= 200 DM ,36.0,critical account,radio/television,3374.2434,no savings account,1<= < 4 years,4.0,none,2.0,savings agreement/life insurance,1,none,own,1.0,unemployed/ unskilled  - non-resident,1.0,yes,yes,1,divorced/separated,1
no account,12.0,critical account,furniture/equipment,3505.5579,no savings account,>=7 years,4.0,none,1.8148863,savings agreement/life insurance,1,none,own,1.0,unskilled - resident,1.0,yes,yes,1,divorced/separated,0
<0 DM,36.0,existing credits paid back duly till now,car (new),1308.6033,<100 DM,1<= < 4 years,4.0,none,4.0,real estate,1,none,rent,1.0,skilled employee / official,1.0,yes,yes,1,divorced/separated,1
0 <= <200 DM,12.0,critical account,car (new),250.0,<100 DM,>=7 years,4.0,none,4.0,unknown / no property,1,none,own,1.0,skilled employee / official,1.0,yes,yes,1,divorced/separated,0
<0 DM,12.0,existing credits paid back duly till now,car (new),3156.925,no savings account,>=7 years,3.0,none,4.0,car or other,1,none,own,1.0,unskilled - resident,1.0,none,yes,0,married/widowed,1
no account,21.0,no credits taken,furniture/equipment,1428.9275,<100 DM,1<= < 4 years,4.0,none,4.0,savings agreement/life insurance,1,none,rent,1.0,skilled employee / official,1.0,yes,yes,1,divorced/separated,1
0 <= <200 DM,4.0,critical account,furniture/equipment,1532.73,<100 DM,<1 years,2.0,none,4.0,savings agreement/life insurance,1,none,own,1.0,unskilled - resident,1.0,none,yes,1,divorced/separated,1
<0 DM,12.0,critical account,furniture/equipment,3527.0435,<100 DM,1<= < 4 years,3.0,none,4.0,unknown / no property,1,none,for free,1.0,skilled employee / official,1.0,none,yes,1,divorced/separated,1
<0 DM,12.0,existing credits paid back duly till now,car (new),1469.9315,<100 DM,<1 years,2.0,none,2.0,unknown / no property,1,none,own,1.0,skilled employee / official,1.0,yes,yes,0,divorced/separated,1
0 <= <200 DM,12.0,existing credits paid back duly till now,radio/television,1506.7288,100 <= <500 DM,4<= <7 years,1.0,none,3.0,real estate,1,none,rent,1.0,unskilled - resident,1.0,none,yes,1,divorced/separated,1
no account,18.0,existing credits paid back duly till now,furniture/equipment,18424.0,<100 DM,>=7 years,4.0,none,1.0,unknown / no property,1,none,own,1.0,skilled employee / official,1.0,none,yes,0,divorced/separated,1
no account,4.0,existing credits paid back duly till now,repairs,18424.0,>= 1000 DM,<1 years,4.0,none,2.0,savings agreement/life insurance,1,none,own,3.0,skilled employee / official,1.0,none,yes,0,divorced/separated,1
0 <= <200 DM,14.0,existing credits paid back duly till now,furniture/equipment,1549.2697,100 <= <500 DM,unemployed,1.0,none,2.0,real estate,1,bank,rent,1.0,management/ highly qualified employee,1.0,none,yes,0,divorced/separated,1
<0 DM,24.0,critical account,furniture/equipment,2145.8584,<100 DM,4<= <7 years,3.0,none,2.0,unknown / no property,1,none,own,1.0,skilled employee / official,1.0,none,yes,0,divorced/separated,1
0 <= <200 DM,12.0,critical account,car (new),1606.8901,<100 DM,1<= < 4 years,4.0,none,4.0,real estate,1,none,rent,1.0,skilled employee / official,1.0,none,yes,1,divorced/separated,0
<0 DM,10.0,existing credits paid back duly till now,furniture/equipment,1222.5242,<100 DM,1<= < 4 years,1.0,none,3.0,real estate,0,none,own,1.0,skilled employee / official,1.0,yes,yes,1,divorced/separated,0
no account,36.0,existing credits paid back duly till now,car (used),6350.0283,<100 DM,1<= < 4 years,1.0,none,4.0,real estate,1,none,own,1.0,management/ highly qualified employee,1.0,none,yes,1,divorced/separated,1
<0 DM,4.0,critical account,radio/television,1819.539,<100 DM,unemployed,2.0,none,4.0,car or other,1,none,rent,1.0,unskilled - resident,1.0,yes,yes,1,divorced/separated,1
no account,18.0,existing credits paid back duly till now,others,1939.9491,<100 DM,1<= < 4 years,4.0,none,4.0,unknown / no property,1,bank,rent,1.0,management/ highly qualified employee,1.0,none,yes,1,divorced/separated,1
<0 DM,24.0,critical account,radio/television,1303.3699,<100 DM,1<= < 4 years,2.0,none,3.0,car or other,0,none,rent,1.0,skilled employee / official,1.0,none,yes,1,divorced/separated,1
<0 DM,14.11122,existing credits paid back duly till now,radio/television,2531.4314,100 <= <500 DM,>=7 years,2.0,none,2.0,real estate,1,none,own,1.0,management/ highly qualified employee,1.0,none,yes,1,divorced/separated,0
no account,15.0,critical account,radio/television,18424.0,<100 DM,>=7 years,4.0,none,4.0,car or other,1,none,rent,1.0,skilled employee / official,1.0,yes,yes,1,divorced/separated,0
no account,24.0,delay in paying off,radio/television,886.1111,100 <= <500 DM,<1 years,4.0,none,2.0,real estate,1,none,own,1.0,skilled employee / official,1.0,none,yes,1,divorced/separated,0
no account,12.0,existing credits paid back duly till now,radio/television,1392.1627,<100 DM,4<= <7 years,4.0,none,3.0,unknown / no property,0,none,own,1.0,skilled employee / official,1.0,yes,yes,1,divorced/separated,0
<0 DM,15.0,existing credits paid back duly till now,car (used),6612.5874,<100 DM,<1 years,4.0,none,3.0,real estate,1,bank,own,1.0,skilled employee / official,1.0,none,yes,0,divorced/separated,1
0 <= <200 DM,36.0,critical account,radio/television,1742.725,<100 DM,1<= < 4 years,3.0,none,4.0,real estate,1,none,own,1.0,skilled employee / official,1.0,yes,yes,1,divorced/separated,1
<0 DM,4.0,existing credits paid back duly till now,repairs,250.0,<100 DM,1<= < 4 years,4.0,none,4.0,savings agreement/life insurance,1,none,own,1.0,skilled employee / official,1.0,yes,yes,1,divorced/separated,1
no account,6.0,existing credits paid back duly till now,radio/television,6389.4385,<100 DM,1<= < 4 years,3.0,none,4.0,real estate,1,none,own,1.0,unskilled - resident,1.0,none,yes,1,divorced/separated,1
no account,24.0,critical account,radio/television,18424.0,<100 DM,<1 years,1.0,none,1.0,real estate,1,none,own,1.0,skilled employee / official,1.0,none,no,0,divorced/separated,0
no account,10.0,existing credits paid back duly till now,radio/television,684.0659,<100 DM,>=7 years,4.0,none,4.0,car or other,1,none,own,1.0,unskilled - resident,1.0,yes,yes,0,divorced/separated,1
0 <= <200 DM,4.0,all credits at this bank paid back duly,others,250.0,<100 DM,unemployed,4.0,none,4.0,real estate,1,none,own,1.0,skilled employee / official,1.0,none,yes,0,divorced/separated,1
no account,8.0,delay in paying off,radio/television,593.49915,100 <= <500 DM,unemployed,3.0,none,1.0,real estate,1,none,for free,1.0,management/ highly qualified employee,1.0,none,yes,1,divorced/separated,0
no account,11.0,existing credits paid back duly till now,car (new),2405.1614,100 <= <500 DM,<1 years,1.0,none,2.0,car or other,1,none,own,1.0,management/ highly qualified employee,1.0,none,yes,1,divorced/separated,1
<0 DM,12.0,existing credits paid back duly till now,car (new),2624.0793,>= 1000 DM,>=7 years,4.0,none,2.0,car or other,1,none,rent,1.0,skilled employee / official,1.0,none,yes,0,divorced/separated,1
0 <= <200 DM,10.860235,existing credits paid back duly till now,car (new),752.6882,<100 DM,1<= < 4 years,4.0,co-applicant,4.0,real estate,1,none,own,1.0,unskilled - resident,1.0,none,yes,1,divorced/separated,1
<0 DM,9.0,existing credits paid back duly till now,radio/television,7851.0015,no savings account,4<= <7 years,4.0,none,3.0,unknown / no property,1,none,own,2.0,skilled employee / official,1.0,none,yes,0,divorced/separated,0
no account,6.0,critical account,radio/television,1570.9065,<100 DM,>=7 years,4.0,none,4.0,real estate,1,none,own,1.0,skilled employee / official,1.0,none,yes,1,divorced/separated,1
no account,24.0,existing credits paid back duly till now,radio/television,4813.9287,<100 DM,>=7 years,1.0,none,4.0,savings agreement/life insurance,0,none,own,1.0,skilled employee / official,1.0,none,yes,1,divorced/separated,1
0 <= <200 DM,36.0,critical account,education,1292.4769,no savings account,4<= <7 years,4.0,none,4.0,car or other,1,none,own,1.0,skilled employee / official,1.0,none,yes,0,divorced/separated,1
no account,18.0,existing credits paid back duly till now,repairs,4042.0,no savings account,unemployed,4.0,none,2.0,car or other,1,none,rent,1.0,unskilled - resident,1.0,yes,yes,1,divorced/separated,0
0 <= <200 DM,15.0,existing credits paid back duly till now,furniture/equipment,2104.93,500 <= < 1000 DM,<1 years,3.0,none,3.2124052,real estate,1,bank,own,1.0,management/ highly qualified employee,1.0,yes,yes,1,divorced/separated,0
<0 DM,6.0,critical account,radio/television,1344.0,500 <= < 1000 DM,4<= <7 years,4.0,none,4.0,unknown / no property,1,none,rent,1.0,skilled employee / official,1.0,yes,yes,0,divorced/separated,1
<0 DM,15.0,existing credits paid back duly till now,car (used),250.0,<100 DM,>=7 years,3.0,none,4.0,real estate,1,none,own,1.0,skilled employee / official,1.0,none,yes,1,divorced/separated,1
no account,6.0,existing credits paid back duly till now,car (new),4839.408,<100 DM,<1 years,3.0,none,2.0,car or other,1,none,own,1.0,skilled employee / official,1.0,none,yes,0,divorced/separated,1
no account,12.0,existing credits paid back duly till now,business,2051.5964,<100 DM,1<= < 4 years,3.0,none,4.0,car or other,1,none,own,2.0,skilled employee / official,1.0,yes,yes,1,divorced/separated,1
no account,12.0,existing credits paid back duly till now,business,1816.0559,<100 DM,4<= <7 years,4.0,none,3.0,unknown / no property,1,none,rent,1.0,skilled employee / official,1.0,none,yes,0,divorced/separated,1
0 <= <200 DM,72.0,existing credits paid back duly till now,business,2659.6345,<100 DM,1<= < 4 years,3.0,none,4.0,car or other,1,none,own,1.0,skilled employee / official,1.0,none,yes,1,married/widowed,1
no account,18.0,critical account,education,250.0,no savings account,4<= <7 years,4.0,none,4.0,savings agreement/life insurance,1,none,own,1.0,management/ highly qualified employee,1.0,none,yes,1,divorced/separated,1
no account,4.0,existing credits paid back duly till now,car (new),4132.8096,no savings account,<1 years,4.0,none,4.0,unknown / no property,1,none,own,2.0,unemployed/ unskilled  - non-resident,1.0,none,yes,1,divorced/separated,1
0 <= <200 DM,6.0,critical account,furniture/equipment,2569.2703,<100 DM,<1 years,4.0,none,2.0,car or other,1,none,rent,2.0,management/ highly qualified employee,1.0,none,yes,1,divorced/separated,0
no account,12.0,existing credits paid back duly till now,car (new),9057.208,100 <= <500 DM,1<= < 4 years,4.0,none,4.0,savings agreement/life insurance,1,none,own,1.0,unskilled - resident,1.0,none,yes,1,divorced/separated,1
no account,12.0,existing credits paid back duly till now,car (new),1597.0,no savings account,4<= <7 years,3.0,none,2.0,savings agreement/life insurance,1,none,own,1.0,skilled employee / official,1.0,none,yes,1,divorced/separated,0
<0 DM,4.0,critical account,others,1442.0,<100 DM,4<= <7 years,4.0,none,2.0,real estate,1,bank,own,2.0,skilled employee / official,1.0,none,yes,0,divorced/separated,1
0 <= <200 DM,4.0,existing credits paid back duly till now,retraining,250.0,<100 DM,<1 years,3.0,none,4.0,car or other,1,none,own,1.0,skilled employee / official,1.0,none,yes,1,divorced/separated,1
no account,6.0,existing credits paid back duly till now,radio/television,1048.8542,<100 DM,4<= <7 years,2.0,none,4.0,real estate,1,none,own,1.0,skilled employee / official,1.0,yes,yes,1,divorced/separated,1
no account,18.0,existing credits paid back duly till now,radio/television,682.9448,no savings account,4<= <7 years,3.0,none,4.0,savings agreement/life insurance,0,none,for free,1.0,skilled employee / official,1.0,yes,yes,1,divorced/separated,1
no account,24.0,all credits at this bank paid back duly,furniture/equipment,1979.0078,500 <= < 1000 DM,<1 years,3.0,none,4.0,car or other,0,none,own,1.0,skilled employee / official,1.0,yes,yes,1,divorced/separated,0
no account,36.0,critical account,car (new),722.3545,<100 DM,1<= < 4 years,2.0,none,4.0,unknown / no property,1,none,own,1.0,management/ highly qualified employee,1.0,none,yes,1,divorced/separated,1
0 <= <200 DM,18.0,existing credits paid back duly till now,radio/television,1295.9006,<100 DM,<1 years,4.0,none,4.0,car or other,1,none,own,1.0,management/ highly qualified employee,1.0,yes,yes,1,divorced/separated,1
no account,72.0,existing credits paid back duly till now,business,3659.2175,<100 DM,>=7 years,3.0,co-applicant,3.0,savings agreement/life insurance,1,none,own,1.0,management/ highly qualified employee,1.0,none,yes,1,divorced/separated,0
<0 DM,18.0,critical account,furniture/equipment,1108.9845,no savings account,1<= < 4 years,4.0,none,4.0,real estate,1,none,own,1.0,skilled employee / official,1.0,none,yes,1,divorced/separated,0
<0 DM,6.0,critical account,furniture/equipment,1512.9902,<100 DM,>=7 years,4.0,none,4.0,car or other,1,none,own,1.0,skilled employee / official,1.0,none,yes,0,divorced/separated,1
<0 DM,18.0,critical account,radio/television,1533.7908,<100 DM,4<= <7 years,4.0,none,3.0,real estate,1,none,own,1.0,skilled employee / official,1.0,none,yes,1,married/widowed,1
<0 DM,12.0,existing credits paid back duly till now,car (new),3651.4465,<100 DM,<1 years,3.0,none,3.0,car or other,1,none,own,1.0,management/ highly qualified employee,1.0,none,yes,1,divorced/separated,1
<0 DM,4.0,existing credits paid back duly till now,furniture/equipment,2384.0,<100 DM,>=7 years,2.0,none,4.0,savings agreement/life insurance,1,none,own,1.0,skilled employee / official,1.0,yes,yes,0,divorced/separated,0
no account,12.0,critical account,car (new),1471.8962,<100 DM,1<= < 4 years,4.0,none,2.0,real estate,1,none,own,1.0,unskilled - resident,1.0,none,yes,0,divorced/separated,0
<0 DM,6.0,existing credits paid back duly till now,furniture/equipment,3516.1343,<100 DM,<1 years,1.0,none,1.0,savings agreement/life insurance,1,none,own,1.0,skilled employee / official,1.0,yes,yes,0,divorced/separated,1
<0 DM,12.0,existing credits paid back duly till now,radio/television,250.0,<100 DM,>=7 years,4.0,none,3.431888,real estate,0,none,rent,1.0,management/ highly qualified employee,1.0,none,yes,1,divorced/separated,1
0 <= <200 DM,4.0,critical account,business,2379.6865,<100 DM,4<= <7 years,4.0,none,2.0,car or other,1,none,rent,1.0,management/ highly qualified employee,1.0,yes,yes,1,divorced/separated,1
no account,4.0,critical account,radio/television,1344.0762,<100 DM,>=7 years,1.0,none,3.0,real estate,1,none,own,1.0,skilled employee / official,1.0,none,yes,1,divorced/separated,1
<0 DM,4.0,critical account,car (new),3213.6826,no savings account,1<= < 4 years,3.0,guarantor,4.0,real estate,1,none,own,1.0,skilled employee / official,1.0,none,yes,1,divorced/separated,0
no account,18.0,critical account,business,2028.2797,no savings account,>=7 years,4.0,none,4.0,car or other,1,none,rent,1.0,skilled employee / official,1.0,none,yes,1,divorced/separated,1
<0 DM,18.0,critical account,radio/television,1230.1471,<100 DM,4<= <7 years,3.0,none,3.0,car or other,0,none,rent,1.0,unemployed/ unskilled  - non-resident,1.0,none,yes,1,divorced/separated,1
0 <= <200 DM,6.0,existing credits paid back duly till now,car (new),2120.6929,100 <= <500 DM,>=7 years,3.0,none,2.0,car or other,1,none,own,1.0,skilled employee / official,1.0,yes,yes,1,divorced/separated,1
<0 DM,24.0,existing credits paid back duly till now,radio/television,3343.289,<100 DM,4<= <7 years,4.0,none,2.0,real estate,1,none,own,1.0,management/ highly qualified employee,1.0,none,yes,0,divorced/separated,1
0 <= <200 DM,24.0,existing credits paid back duly till now,retraining,3072.439,<100 DM,<1 years,2.0,none,4.0,car or other,1,none,own,1.0,unskilled - resident,1.0,none,yes,1,divorced/separated,0
<0 DM,18.0,existing credits paid back duly till now,car (used),2184.3264,<100 DM,<1 years,4.0,none,4.0,real estate,0,none,own,1.0,skilled employee / official,1.0,none,yes,1,divorced/separated,0
<0 DM,6.0,existing credits paid back duly till now,business,3209.4592,<100 DM,1<= < 4 years,4.0,none,4.0,car or other,1,none,own,1.0,skilled employee / official,1.0,none,yes,1,divorced/separated,1
<0 DM,12.0,existing credits paid back duly till now,radio/television,250.0,<100 DM,<1 years,4.0,none,2.0,real estate,1,none,rent,1.0,skilled employee / official,1.0,none,yes,0,divorced/separated,0
0 <= <200 DM,12.0,critical account,furniture/equipment,250.0,<100 DM,4<= <7 years,4.0,none,4.0,car or other,1,none,own,1.0,unskilled - resident,1.0,yes,yes,1,divorced/separated,0
0 <= <200 DM,36.0,existing credits paid back duly till now,car (new),684.7643,<100 DM,>=7 years,4.0,none,4.0,car or other,0,none,own,1.0,management/ highly qualified employee,1.0,none,yes,0,divorced/separated,1
<0 DM,10.0,existing credits paid back duly till now,furniture/equipment,1353.6432,500 <= < 1000 DM,<1 years,4.0,none,4.0,car or other,0,none,own,1.0,skilled employee / official,1.0,none,yes,1,divorced/separated,1
<0 DM,4.0,existing credits paid back duly till now,furniture/equipment,1888.6637,100 <= <500 DM,4<= <7 years,4.0,none,4.0,real estate,1,none,own,2.0,skilled employee / official,1.0,none,yes,1,divorced/separated,0
no account,9.0,existing credits paid back duly till now,radio/television,2241.0,500 <= < 1000 DM,4<= <7 years,3.0,none,4.0,real estate,1,none,own,1.0,skilled employee / official,1.0,yes,yes,0,divorced/separated,0
0 <= <200 DM,15.0,existing credits paid back duly till now,car (new),10110.269,<100 DM,1<= < 4 years,4.0,none,2.0,savings agreement/life insurance,0,none,own,1.0,skilled employee / official,1.0,yes,yes,1,divorced/separated,0
no account,12.0,critical account,car (new),18424.0,<100 DM,1<= < 4 years,4.0,none,2.0,real estate,1,none,own,2.0,skilled employee / official,1.0,yes,yes,1,divorced/separated,1
0 <= <200 DM,15.0,all credits at this bank paid back duly,car (new),1409.0,<100 DM,4<= <7 years,1.0,none,4.0,car or other,1,none,rent,1.0,skilled employee / official,1.0,none,yes,0,divorced/separated,1
no account,4.0,existing credits paid back duly till now,furniture/equipment,958.87976,<100 DM,4<= <7 years,4.0,none,3.0,real estate,1,none,own,1.0,unskilled - resident,1.0,none,yes,1,divorced/separated,0
0 <= <200 DM,20.0,existing credits paid back duly till now,furniture/equipment,18424.0,no savings account,>=7 years,2.0,none,3.0,savings agreement/life insurance,1,none,own,2.0,skilled employee / official,1.0,yes,yes,1,divorced/separated,1
<0 DM,12.0,critical account,education,2255.3623,500 <= < 1000 DM,<1 years,3.0,guarantor,1.0,car or other,1,none,own,1.0,management/ highly qualified employee,1.0,none,yes,0,divorced/separated,1
<0 DM,6.0,existing credits paid back duly till now,furniture/equipment,2375.8284,<100 DM,1<= < 4 years,2.0,none,1.0,car or other,1,none,own,1.0,skilled employee / official,1.0,yes,yes,1,divorced/separated,1
<0 DM,18.0,existing credits paid back duly till now,radio/television,4027.8174,no savings account,>=7 years,4.0,none,3.0,real estate,1,none,own,1.0,unskilled - resident,1.0,yes,yes,1,divorced/separated,1
no account,18.0,critical account,radio/television,1163.9185,<100 DM,1<= < 4 years,3.0,none,4.0,car or other,1,none,own,1.0,skilled employee / official,1.0,none,yes,1,divorced/separated,1
<0 DM,10.0,critical account,car (new),250.0,<100 DM,1<= < 4 years,4.0,none,4.0,real estate,1,bank,own,1.0,skilled employee / official,1.0,none,yes,0,divorced/separated,1
<0 DM,12.0,delay in paying off,radio/television,926.5857,no savings account,>=7 years,4.0,none,4.0,unknown / no property,1,none,for free,1.0,skilled employee / official,1.0,yes,yes,1,divorced/separated,1
no account,4.0,critical account,car (new),8365.442,<100 DM,1<= < 4 years,3.0,none,4.0,savings agreement/life insurance,1,none,own,1.0,management/ highly qualified employee,1.0,yes,yes,0,divorced/separated,1
<0 DM,9.0,existing credits paid back duly till now,radio/television,3374.618,no savings account,4<= <7 years,4.0,none,4.0,real estate,1,none,own,1.0,skilled employee / official,1.0,yes,yes,0,divorced/separated,1
>= 200 DM ,18.0,existing credits paid back duly till now,furniture/equipment,1650.1761,<100 DM,4<= <7 years,4.0,none,4.0,real estate,1,none,own,1.0,skilled employee / official,1.0,none,yes,0,divorced/separated,1
0 <= <200 DM,12.0,existing credits paid back duly till now,others,950.9698,100 <= <500 DM,4<= <7 years,4.0,guarantor,4.0,real estate,1,none,rent,1.0,skilled employee / official,1.0,none,yes,1,divorced/separated,1
<0 DM,15.0,critical account,radio/television,6313.3516,<100 DM,1<= < 4 years,2.0,none,2.0,real estate,1,none,rent,1.0,unskilled - resident,1.0,none,yes,0,divorced/separated,1
0 <= <200 DM,12.0,existing credits paid back duly till now,education,2252.8132,<100 DM,1<= < 4 years,2.0,none,2.0,savings agreement/life insurance,1,store,rent,1.0,skilled employee / official,1.0,yes,yes,0,married/widowed,0
<0 DM,9.0,existing credits paid back duly till now,radio/television,1953.5571,<100 DM,>=7 years,2.0,none,3.0,savings agreement/life insurance,0,none,rent,1.0,management/ highly qualified employee,1.0,yes,yes,1,divorced/separated,1
0 <= <200 DM,4.0,critical account,business,2825.2183,<100 DM,4<= <7 years,3.0,none,2.0,real estate,1,none,rent,1.0,skilled employee / official,1.0,yes,yes,1,divorced/separated,1
no account,12.0,existing credits paid back duly till now,furniture/equipment,250.0,100 <= <500 DM,<1 years,4.0,none,4.0,car or other,1,none,own,1.0,skilled employee / official,1.0,none,yes,1,divorced/separated,1
0 <= <200 DM,18.0,existing credits paid back duly till now,car (new),1952.8965,500 <= < 1000 DM,4<= <7 years,4.0,none,4.0,real estate,1,none,own,1.0,skilled employee / official,1.0,none,yes,1,divorced/separated,1
>= 200 DM ,42.0,existing credits paid back duly till now,radio/television,250.0,500 <= < 1000 DM,1<= < 4 years,4.0,none,4.0,savings agreement/life insurance,1,none,own,1.0,skilled employee / official,1.0,none,yes,1,divorced/separated,1
0 <= <200 DM,12.0,critical account,furniture/equipment,2627.9475,<100 DM,<1 years,4.0,none,4.0,savings agreement/life insurance,1,none,own,1.0,skilled employee / official,1.0,none,yes,1,divorced/separated,1
0 <= <200 DM,12.0,critical account,furniture/equipment,2071.7212,100 <= <500 DM,>=7 years,4.0,none,3.0,savings agreement/life insurance,1,store,own,1.0,skilled employee / official,1.0,none,yes,1,divorced/separated,1
no account,24.0,critical account,car (new),4824.2656,no savings account,unemployed,1.0,none,3.0,real estate,1,store,for free,1.0,management/ highly qualified employee,1.0,yes,no,1,divorced/separated,1
0 <= <200 DM,6.0,existing credits paid back duly till now,business,1820.6938,<100 DM,>=7 years,4.0,none,2.0,savings agreement/life insurance,1,none,own,1.0,unskilled - resident,1.0,none,yes,1,divorced/separated,1
0 <= <200 DM,12.0,critical account,furniture/equipment,5006.736,<100 DM,<1 years,3.0,none,1.0,savings agreement/life insurance,1,none,own,1.0,skilled employee / official,1.0,none,yes,1,divorced/separated,0
0 <= <200 DM,18.0,existing credits paid back duly till now,car (used),1343.5236,100 <= <500 DM,1<= < 4 years,3.0,none,3.0,savings agreement/life insurance,1,none,own,1.0,skilled employee / official,1.0,none,yes,1,divorced/separated,1
no account,12.0,critical account,furniture/equipment,7104.543,<100 DM,4<= <7 years,4.0,none,4.0,car or other,1,none,own,1.0,skilled employee / official,1.0,none,yes,0,divorced/separated,1
<0 DM,9.0,existing credits paid back duly till now,radio/television,1221.3358,<100 DM,4<= <7 years,4.0,none,4.0,car or other,1,none,own,1.0,skilled employee / official,1.0,yes,yes,1,divorced/separated,1
<0 DM,24.0,all credits at this bank paid back duly,radio/television,737.97485,no savings account,<1 years,4.0,guarantor,3.0,real estate,0,none,own,1.0,management/ highly qualified employee,1.0,none,yes,1,divorced/separated,0
<0 DM,12.0,existing credits paid back duly till now,education,1482.4576,100 <= <500 DM,4<= <7 years,4.0,none,4.0,car or other,1,none,own,1.0,skilled employee / official,1.0,none,yes,0,divorced/separated,0
no account,18.0,critical account,car (new),18424.0,<100 DM,>=7 years,2.0,none,3.0,real estate,0,none,own,1.0,unskilled - resident,1.0,none,yes,1,divorced/separated,1
>= 200 DM ,24.0,existing credits paid back duly till now,furniture/equipment,950.66376,<100 DM,>=7 years,1.0,none,2.0,savings agreement/life insurance,1,none,own,1.0,management/ highly qualified employee,1.0,yes,yes,1,divorced/separated,1
<0 DM,36.0,critical account,radio/television,1299.9832,<100 DM,1<= < 4 years,2.0,none,3.0,car or other,1,none,rent,1.0,skilled employee / official,1.0,none,yes,0,divorced/separated,0
no account,18.0,critical account,furniture/equipment,18424.0,<100 DM,>=7 years,4.0,none,2.0,real estate,1,none,rent,1.0,skilled employee / official,1.0,none,yes,0,divorced/separated,1
no account,24.0,existing credits paid back duly till now,furniture/equipment,2958.9666,<100 DM,<1 years,4.0,none,3.0,real estate,0,none,own,1.0,skilled employee / official,1.0,yes,yes,1,divorced/separated,1
<0 DM,4.0,existing credits paid back duly till now,radio/television,1410.0,>= 1000 DM,1<= < 4 years,4.0,none,4.0,car or other,1,none,own,1.0,skilled employee / official,1.0,none,yes,1,divorced/separated,1
<0 DM,4.0,existing credits paid back duly till now,car (used),250.0,<100 DM,<1 years,4.0,none,4.0,unknown / no property,1,none,for free,1.0,unskilled - resident,1.0,yes,yes,1,divorced/separated,1
no account,12.0,existing credits paid back duly till now,others,4806.77,<100 DM,1<= < 4 years,4.0,co-applicant,3.0,savings agreement/life insurance,1,none,rent,1.0,management/ highly qualified employee,1.0,none,yes,0,divorced/separated,1
no account,12.0,existing credits paid back duly till now,repairs,1940.9048,<100 DM,4<= <7 years,2.0,co-applicant,4.0,savings agreement/life insurance,1,none,own,1.0,skilled employee / official,1.0,none,yes,1,divorced/separated,1
>= 200 DM ,4.0,critical account,business,889.0096,no savings account,<1 years,4.0,none,4.0,real estate,1,none,own,1.0,management/ highly qualified employee,1.0,yes,yes,1,divorced/separated,1
no account,12.0,delay in paying off,radio/television,1247.3868,<100 DM,1<= < 4 years,1.0,none,2.0,real estate,1,none,own,1.0,unskilled - resident,1.0,none,yes,1,divorced/separated,1
no account,18.0,existing credits paid back duly till now,business,3342.8225,<100 DM,1<= < 4 years,4.0,none,2.0,unknown / no property,1,none,own,1.0,management/ highly qualified employee,1.0,none,yes,0,divorced/separated,1
no account,18.0,existing credits paid back duly till now,car (new),18424.0,<100 DM,1<= < 4 years,1.0,none,2.0,car or other,1,none,own,1.0,management/ highly qualified employee,1.0,yes,yes,0,divorced/separated,1
0 <= <200 DM,9.0,existing credits paid back duly till now,car (new),4399.506,<100 DM,1<= < 4 years,3.0,none,2.0,unknown / no property,1,none,own,1.0,skilled employee / official,1.0,yes,yes,1,married/widowed,1
0 <= <200 DM,15.0,existing credits paid back duly till now,radio/television,2556.6963,<100 DM,4<= <7 years,3.0,none,4.0,savings agreement/life insurance,1,none,own,1.0,skilled employee / official,1.0,none,yes,1,divorced/separated,1
<0 DM,12.0,critical account,car (new),1649.8672,<100 DM,1<= < 4 years,4.0,none,4.0,real estate,1,none,own,1.0,skilled employee / official,1.0,none,yes,1,divorced/separated,0
<0 DM,6.0,critical account,furniture/equipment,2288.0144,<100 DM,1<= < 4 years,4.0,none,2.0,real estate,1,none,own,1.0,skilled employee / official,1.0,none,yes,1,divorced/separated,1
<0 DM,20.0,critical account,radio/television,18424.0,<100 DM,4<= <7 years,4.0,none,2.0,car or other,1,none,own,1.0,skilled employee / official,1.0,none,yes,1,married/widowed,1
no account,12.0,existing credits paid back duly till now,car (new),4136.4634,100 <= <500 DM,1<= < 4 years,4.0,none,2.0,car or other,1,store,own,1.0,skilled employee / official,1.0,yes,yes,1,divorced/separated,1
no account,4.0,critical account,radio/television,1618.6669,no savings account,>=7 years,4.0,none,2.0,unknown / no property,1,none,own,1.0,skilled employee / official,1.0,yes,yes,1,divorced/separated,1
0 <= <200 DM,12.0,existing credits paid back duly till now,car (new),18424.0,<100 DM,1<= < 4 years,3.0,none,4.0,car or other,1,bank,own,1.0,skilled employee / official,1.0,none,yes,0,divorced/separated,0
0 <= <200 DM,4.0,existing credits paid back duly till now,education,1107.8073,500 <= < 1000 DM,<1 years,3.0,none,4.0,unknown / no property,1,none,own,1.0,skilled employee / official,1.0,none,yes,1,divorced/separated,1
0 <= <200 DM,6.0,critical account,radio/television,1413.0,<100 DM,>=7 years,3.0,none,3.0,car or other,1,none,own,1.0,skilled employee / official,1.0,yes,yes,0,divorced/separated,1
<0 DM,12.0,existing credits paid back duly till now,furniture/equipment,1221.0255,>= 1000 DM,<1 years,4.0,none,3.0,car or other,1,none,own,1.0,skilled employee / official,1.0,none,yes,1,divorced/separated,0
no account,72.0,existing credits paid back duly till now,radio/television,2290.4705,<100 DM,<1 years,2.0,none,4.0,savings agreement/life insurance,1,none,rent,1.0,skilled employee / official,1.0,none,yes,1,divorced/separated,1
no account,18.0,existing credits paid back duly till now,car (new),7144.1406,no savings account,4<= <7 years,3.0,none,2.0,real estate,1,none,own,1.0,skilled employee / official,1.0,none,yes,0,divorced/separated,1
no account,72.0,existing credits paid back duly till now,car (used),985.64764,>= 1000 DM,4<= <7 years,4.0,none,4.0,unknown / no property,0,none,own,1.0,skilled employee / official,1.0,none,yes,0,divorced/separated,1
<0 DM,4.0,existing credits paid back duly till now,others,3601.683,no savings account,4<= <7 years,4.0,none,4.0,savings agreement/life insurance,1,none,rent,2.0,skilled employee / official,1.0,none,yes,1,divorced/separated,1
>= 200 DM ,12.0,existing credits paid back duly till now,business,1264.0,<100 DM,<1 years,2.0,none,4.0,savings agreement/life insurance,1,none,for free,1.0,skilled employee / official,1.0,yes,yes,1,divorced/separated,1
<0 DM,8.0,critical account,car (used),3577.3787,<100 DM,unemployed,4.0,none,3.0,savings agreement/life insurance,1,none,own,1.0,unskilled - resident,1.0,none,yes,1,divorced/separated,1
<0 DM,4.0,existing credits paid back duly till now,business,1934.9178,no savings account,4<= <7 years,3.0,none,1.0,car or other,1,none,own,1.0,skilled employee / official,1.0,yes,yes,1,divorced/separated,1
no account,15.0,critical account,radio/television,718.0536,>= 1000 DM,4<= <7 years,4.0,none,4.0,car or other,1,none,own,1.0,skilled employee / official,1.0,none,yes,1,divorced/separated,1
no account,12.0,existing credits paid back duly till now,radio/television,2133.479,<100 DM,4<= <7 years,4.0,none,3.0,savings agreement/life insurance,0,none,rent,1.0,skilled employee / official,1.0,none,yes,0,divorced/separated,0
<0 DM,4.0,existing credits paid back duly till now,car (new),639.9531,<100 DM,1<= < 4 years,4.0,none,4.0,savings agreement/life insurance,1,none,own,1.0,skilled employee / official,1.0,none,yes,1,divorced/separated,1
