checking-account,duration,credit-history,purpose,credit-amount,savings-account,employment-since,installment-rate,other-debtors,residence-since,property,age,other-installment,housing,existing-credits,job,number-people-provide-maintenance-for,telephone,foreign-worker,sex,marital-status,class-label
>= 200 DM ,25,existing credits paid back duly till now,car (used),3664,>= 1000 DM,1<= < 4 years,3,none,3,savings agreement/life insurance,0,bank,rent,2,management/ highly qualified employee,2,yes,no,1,divorced/separated,0
<0 DM,21,existing credits paid back duly till now,education,4939,no savings account,4<= <7 years,4,none,3,unknown / no property,0,bank,for free,2,skilled employee / official,2,yes,no,1,married/widowed,0
no account,27,existing credits paid back duly till now,business,3242,<100 DM,<1 years,3,guarantor,4,real estate,1,none,rent,2,unemployed/ unskilled  - non-resident,2,yes,no,0,married/widowed,1
<0 DM,19,existing credits paid back duly till now,radio/television,3500,>= 1000 DM,<1 years,3,none,3,unknown / no property,1,store,for free,2,skilled employee / official,2,yes,no,0,divorced/separated,0
0 <= <200 DM,20,no credits taken,car (used),3579,<100 DM,4<= <7 years,3,none,4,unknown / no property,0,store,rent,2,unskilled - resident,1,yes,no,0,married/widowed,1
<0 DM,23,all credits at this bank paid back duly,furniture/equipment,3772,100 <= <500 DM,1<= < 4 years,3,guarantor,4,unknown / no property,0,store,rent,2,unskilled - resident,2,yes,yes,1,divorced/separated,1
no account,20,all credits at this bank paid back duly,furniture/equipment,3025,100 <= <500 DM,unemployed,4,none,3,real estate,0,store,for free,2,unskilled - resident,2,none,yes,1,divorced/separated,0
>= 200 DM ,23,all credits at this bank paid back duly,education,2313,100 <= <500 DM,<1 years,3,co-applicant,3,car or other,1,store,for free,2,management/ highly qualified employee,1,none,yes,0,married/widowed,1
0 <= <200 DM,20,all credits at this bank paid back duly,radio/television,3098,>= 1000 DM,<1 years,4,none,3,savings agreement/life insurance,0,bank,for free,2,unemployed/ unskilled  - non-resident,2,yes,no,0,married/widowed,1
0 <= <200 DM,23,all credits at this bank paid back duly,radio/television,4088,500 <= < 1000 DM,unemployed,3,guarantor,4,real estate,1,store,for free,2,skilled employee / official,2,none,no,0,married/widowed,1
no account,20,all credits at this bank paid back duly,repairs,2893,no savings account,<1 years,4,co-applicant,3,unknown / no property,0,none,rent,2,skilled employee / official,2,yes,yes,0,divorced/separated,0
<0 DM,29,all credits at this bank paid back duly,business,3557,<100 DM,4<= <7 years,3,guarantor,3,real estate,0,store,for free,2,unemployed/ unskilled  - non-resident,2,none,yes,1,divorced/separated,0
>= 200 DM ,20,existing credits paid back duly till now,repairs,3842,100 <= <500 DM,1<= < 4 years,4,guarantor,4,unknown / no property,1,store,rent,2,unskilled - resident,2,none,yes,1,divorced/separated,0
<0 DM,26,delay in paying off,retraining,2573,100 <= <500 DM,1<= < 4 years,3,co-applicant,4,real estate,0,none,rent,2,skilled employee / official,2,none,no,1,married/widowed,1
0 <= <200 DM,19,critical account,business,3129,500 <= < 1000 DM,1<= < 4 years,4,none,3,unknown / no property,1,bank,own,2,unskilled - resident,2,yes,yes,0,divorced/separated,1
<0 DM,20,all credits at this bank paid back duly,car (new),3035,no savings account,<1 years,4,none,3,savings agreement/life insurance,1,bank,for free,2,unemployed/ unskilled  - non-resident,2,yes,yes,0,married/widowed,1
<0 DM,27,existing credits paid back duly till now,domestic appliances,3958,100 <= <500 DM,unemployed,4,co-applicant,3,savings agreement/life insurance,0,bank,rent,2,management/ highly qualified employee,2,yes,no,1,divorced/separated,0
>= 200 DM ,24,no credits taken,car (new),2155,>= 1000 DM,>=7 years,3,none,3,unknown / no property,0,none,rent,2,management/ highly qualified employee,2,yes,yes,0,married/widowed,1
>= 200 DM ,21,existing credits paid back duly till now,business,2992,500 <= < 1000 DM,1<= < 4 years,4,co-applicant,3,unknown / no property,1,none,own,2,unemployed/ unskilled  - non-resident,2,none,yes,1,divorced/separated,1
0 <= <200 DM,19,all credits at this bank paid back duly,business,3817,>= 1000 DM,unemployed,3,none,4,savings agreement/life insurance,1,bank,own,2,management/ highly qualified employee,2,yes,yes,0,divorced/separated,1
0 <= <200 DM,19,existing credits paid back duly till now,business,2320,500 <= < 1000 DM,unemployed,4,co-applicant,4,unknown / no property,1,none,for free,2,skilled employee / official,2,yes,no,0,divorced/separated,0
0 <= <200 DM,21,existing credits paid back duly till now,furniture/equipment,3553,500 <= < 1000 DM,<1 years,3,none,3,real estate,1,none,rent,2,unskilled - resident,2,none,yes,1,married/widowed,1
no account,22,no credits taken,others,2275,500 <= < 1000 DM,1<= < 4 years,3,none,4,real estate,1,store,for free,2,unskilled - resident,2,none,yes,0,divorced/separated,0
<0 DM,24,critical account,domestic appliances,3999,500 <= < 1000 DM,>=7 years,3,co-applicant,4,unknown / no property,0,none,rent,2,management/ highly qualified employee,2,none,yes,1,divorced/separated,1
0 <= <200 DM,24,delay in paying off,others,3151,<100 DM,4<= <7 years,4,none,3,car or other,1,bank,rent,2,unskilled - resident,2,yes,yes,1,divorced/separated,1
<0 DM,19,all credits at this bank paid back duly,radio/television,4077,100 <= <500 DM,unemployed,4,guarantor,3,savings agreement/life insurance,1,store,for free,2,unemployed/ unskilled  - non-resident,2,yes,no,0,divorced/separated,1
no account,25,delay in paying off,furniture/equipment,2610,500 <= < 1000 DM,unemployed,4,co-applicant,3,car or other,0,none,for free,2,management/ highly qualified employee,2,none,no,1,divorced/separated,0
0 <= <200 DM,19,critical account,others,2113,>= 1000 DM,<1 years,4,none,3,real estate,0,store,own,2,management/ highly qualified employee,2,yes,yes,1,divorced/separated,0
0 <= <200 DM,20,no credits taken,car (used),2800,500 <= < 1000 DM,<1 years,3,none,4,real estate,1,none,for free,2,unskilled - resident,2,yes,no,1,married/widowed,0
<0 DM,22,no credits taken,education,3366,<100 DM,>=7 years,3,co-applicant,3,savings agreement/life insurance,0,none,own,2,management/ highly qualified employee,2,yes,no,0,divorced/separated,0
0 <= <200 DM,21,all credits at this bank paid back duly,radio/television,3355,<100 DM,1<= < 4 years,4,none,4,car or other,1,bank,for free,2,unskilled - resident,2,yes,no,0,divorced/separated,1
no account,21,critical account,repairs,1768,>= 1000 DM,>=7 years,4,guarantor,3,unknown / no property,0,none,rent,2,unemployed/ unskilled  - non-resident,2,yes,yes,1,married/widowed,1
0 <= <200 DM,21,no credits taken,car (new),3421,>= 1000 DM,>=7 years,3,co-applicant,3,real estate,1,store,for free,2,unemployed/ unskilled  - non-resident,2,none,yes,1,married/widowed,0
no account,25,all credits at this bank paid back duly,car (used),3797,no savings account,4<= <7 years,4,none,3,savings agreement/life insurance,1,store,rent,2,unemployed/ unskilled  - non-resident,2,yes,yes,1,divorced/separated,1
>= 200 DM ,20,critical account,radio/television,1406,no savings account,unemployed,3,guarantor,3,savings agreement/life insurance,0,bank,rent,2,unskilled - resident,2,yes,no,1,married/widowed,0
no account,22,critical account,radio/television,3081,<100 DM,1<= < 4 years,3,guarantor,3,car or other,0,store,rent,2,management/ highly qualified employee,2,none,no,0,married/widowed,0
no account,13,no credits taken,car (new),2609,500 <= < 1000 DM,4<= <7 years,4,none,3,unknown / no property,1,bank,rent,2,management/ highly qualified employee,2,none,no,0,married/widowed,1
>= 200 DM ,22,all credits at this bank paid back duly,education,3075,>= 1000 DM,4<= <7 years,3,co-applicant,3,real estate,1,store,for free,2,skilled employee / official,2,yes,no,1,divorced/separated,1
<0 DM,25,existing credits paid back duly till now,business,3004,100 <= <500 DM,4<= <7 years,3,none,4,unknown / no property,1,bank,own,2,skilled employee / official,2,yes,no,1,married/widowed,1
<0 DM,20,critical account,education,2700,>= 1000 DM,unemployed,4,co-applicant,3,unknown / no property,1,bank,own,2,unskilled - resident,2,yes,yes,1,married/widowed,1
no account,26,all credits at this bank paid back duly,domestic appliances,2270,>= 1000 DM,>=7 years,3,co-applicant,3,real estate,0,store,rent,2,unemployed/ unskilled  - non-resident,2,none,yes,1,divorced/separated,0
no account,19,all credits at this bank paid back duly,furniture/equipment,3101,500 <= < 1000 DM,1<= < 4 years,4,none,3,car or other,0,bank,rent,2,unskilled - resident,2,yes,no,0,divorced/separated,0
0 <= <200 DM,26,existing credits paid back duly till now,car (new),3107,100 <= <500 DM,<1 years,4,none,4,unknown / no property,0,store,for free,2,unskilled - resident,2,none,no,0,divorced/separated,0
<0 DM,28,all credits at this bank paid back duly,car (used),3138,no savings account,<1 years,4,none,3,savings agreement/life insurance,1,bank,own,2,skilled employee / official,2,none,no,1,divorced/separated,1
0 <= <200 DM,17,critical account,furniture/equipment,2973,>= 1000 DM,<1 years,4,guarantor,3,savings agreement/life insurance,0,none,rent,2,management/ highly qualified employee,2,yes,no,0,divorced/separated,1
no account,22,all credits at this bank paid back duly,car (new),2659,100 <= <500 DM,1<= < 4 years,3,guarantor,3,unknown / no property,0,none,for free,2,unemployed/ unskilled  - non-resident,2,yes,no,1,divorced/separated,1
0 <= <200 DM,19,critical account,domestic appliances,2253,<100 DM,<1 years,3,none,3,unknown / no property,0,none,own,2,unskilled - resident,2,none,no,1,married/widowed,0
>= 200 DM ,20,existing credits paid back duly till now,retraining,3244,>= 1000 DM,unemployed,4,guarantor,3,savings agreement/life insurance,1,store,own,2,unskilled - resident,2,yes,yes,1,married/widowed,0
0 <= <200 DM,18,critical account,car (used),2735,500 <= < 1000 DM,>=7 years,3,none,3,savings agreement/life insurance,1,store,rent,2,unskilled - resident,2,none,yes,1,married/widowed,0
no account,28,delay in paying off,radio/television,4333,500 <= < 1000 DM,<1 years,3,none,4,savings agreement/life insurance,0,bank,rent,2,management/ highly qualified employee,2,yes,yes,1,divorced/separated,1
<0 DM,27,existing credits paid back duly till now,car (used),4198,>= 1000 DM,unemployed,3,none,3,savings agreement/life insurance,1,bank,own,2,skilled employee / official,2,yes,yes,1,married/widowed,1
0 <= <200 DM,29,critical account,repairs,1978,500 <= < 1000 DM,>=7 years,3,none,4,real estate,0,none,rent,2,unskilled - resident,2,yes,yes,0,married/widowed,0
0 <= <200 DM,21,all credits at this bank paid back duly,retraining,3749,500 <= < 1000 DM,1<= < 4 years,4,co-applicant,3,unknown / no property,1,store,own,2,unskilled - resident,2,none,yes,1,divorced/separated,0
>= 200 DM ,24,all credits at this bank paid back duly,business,1902,100 <= <500 DM,<1 years,4,co-applicant,3,unknown / no property,1,store,for free,2,unemployed/ unskilled  - non-resident,2,yes,yes,0,divorced/separated,1
>= 200 DM ,21,existing credits paid back duly till now,business,2138,500 <= < 1000 DM,1<= < 4 years,4,none,3,unknown / no property,1,store,for free,2,management/ highly qualified employee,2,yes,yes,1,divorced/separated,1
0 <= <200 DM,22,all credits at this bank paid back duly,radio/television,2274,no savings account,unemployed,4,guarantor,3,savings agreement/life insurance,1,store,for free,2,unskilled - resident,2,yes,no,0,divorced/separated,0
<0 DM,17,existing credits paid back duly till now,domestic appliances,3898,100 <= <500 DM,4<= <7 years,4,none,3,savings agreement/life insurance,1,bank,own,2,unskilled - resident,2,none,no,0,divorced/separated,1
>= 200 DM ,19,critical account,repairs,2404,100 <= <500 DM,>=7 years,3,none,3,savings agreement/life insurance,1,none,for free,2,unskilled - resident,2,yes,yes,0,married/widowed,1
<0 DM,19,delay in paying off,education,3437,no savings account,>=7 years,4,co-applicant,3,car or other,1,store,own,2,unemployed/ unskilled  - non-resident,2,yes,no,0,divorced/separated,1
no account,20,delay in paying off,car (new),3395,no savings account,unemployed,3,none,3,car or other,0,bank,rent,2,unskilled - resident,2,yes,no,1,divorced/separated,1
no account,27,critical account,furniture/equipment,3245,500 <= < 1000 DM,<1 years,4,guarantor,4,real estate,0,store,own,2,skilled employee / official,2,none,no,1,divorced/separated,1
0 <= <200 DM,24,delay in paying off,car (new),2434,500 <= < 1000 DM,<1 years,4,guarantor,3,real estate,0,store,for free,2,unemployed/ unskilled  - non-resident,2,none,no,1,divorced/separated,0
<0 DM,27,delay in paying off,repairs,2880,no savings account,unemployed,3,guarantor,3,car or other,0,store,own,2,unemployed/ unskilled  - non-resident,2,yes,yes,1,divorced/separated,1
no account,26,no credits taken,repairs,2634,>= 1000 DM,1<= < 4 years,4,guarantor,3,real estate,0,store,for free,2,unskilled - resident,2,none,no,0,divorced/separated,0
<0 DM,19,existing credits paid back duly till now,car (new),3589,<100 DM,unemployed,3,none,3,real estate,1,bank,own,2,management/ highly qualified employee,2,none,no,0,divorced/separated,1
0 <= <200 DM,22,critical account,radio/television,3009,500 <= < 1000 DM,>=7 years,3,guarantor,3,car or other,1,bank,own,2,skilled employee / official,2,none,no,1,married/widowed,0
0 <= <200 DM,22,no credits taken,car (used),3405,100 <= <500 DM,4<= <7 years,4,guarantor,4,real estate,0,bank,own,2,management/ highly qualified employee,2,yes,no,0,divorced/separated,0
>= 200 DM ,25,delay in paying off,radio/television,2394,100 <= <500 DM,>=7 years,4,none,3,savings agreement/life insurance,0,none,own,2,management/ highly qualified employee,2,none,no,1,married/widowed,1
no account,25,critical account,retraining,3305,no savings account,1<= < 4 years,3,co-applicant,3,unknown / no property,0,none,own,2,unemployed/ unskilled  - non-resident,2,none,no,1,divorced/separated,1
<0 DM,25,no credits taken,repairs,3203,500 <= < 1000 DM,4<= <7 years,4,none,4,unknown / no property,1,bank,rent,2,unemployed/ unskilled  - non-resident,2,none,no,0,divorced/separated,0
<0 DM,15,no credits taken,domestic appliances,2857,no savings account,>=7 years,4,guarantor,3,real estate,1,bank,own,2,unskilled - resident,2,yes,yes,0,married/widowed,0
0 <= <200 DM,15,no credits taken,retraining,3084,<100 DM,>=7 years,4,none,4,unknown / no property,1,none,rent,2,management/ highly qualified employee,2,yes,yes,1,divorced/separated,1
0 <= <200 DM,24,all credits at this bank paid back duly,retraining,3403,500 <= < 1000 DM,4<= <7 years,3,guarantor,4,car or other,1,none,for free,2,management/ highly qualified employee,2,yes,no,0,married/widowed,0
no account,26,no credits taken,retraining,3505,no savings account,>=7 years,3,none,3,real estate,0,none,rent,2,unskilled - resident,2,none,yes,0,divorced/separated,0
0 <= <200 DM,20,all credits at this bank paid back duly,car (used),2306,>= 1000 DM,unemployed,3,co-applicant,3,savings agreement/life insurance,1,store,rent,2,unemployed/ unskilled  - non-resident,2,none,no,0,divorced/separated,0
0 <= <200 DM,22,all credits at this bank paid back duly,education,3787,no savings account,1<= < 4 years,4,guarantor,3,car or other,1,store,for free,2,skilled employee / official,2,none,yes,1,divorced/separated,0
0 <= <200 DM,20,critical account,furniture/equipment,3127,>= 1000 DM,1<= < 4 years,4,guarantor,3,unknown / no property,1,store,own,2,unskilled - resident,2,yes,yes,1,married/widowed,0
no account,24,existing credits paid back duly till now,domestic appliances,2821,100 <= <500 DM,unemployed,3,guarantor,3,savings agreement/life insurance,1,store,rent,2,unskilled - resident,2,yes,yes,1,married/widowed,0
>= 200 DM ,24,delay in paying off,radio/television,3471,100 <= <500 DM,1<= < 4 years,4,none,3,car or other,0,none,for free,2,skilled employee / official,2,none,yes,0,divorced/separated,1
>= 200 DM ,25,all credits at this bank paid back duly,business,3612,<100 DM,1<= < 4 years,3,none,3,real estate,0,none,for free,2,unemployed/ unskilled  - non-resident,2,none,no,0,divorced/separated,1
<0 DM,20,all credits at this bank paid back duly,radio/television,2097,no savings account,1<= < 4 years,4,co-applicant,3,savings agreement/life insurance,1,store,rent,2,unskilled - resident,2,yes,yes,0,divorced/separated,1
0 <= <200 DM,24,critical account,retraining,3606,<100 DM,1<= < 4 years,3,co-applicant,3,real estate,1,store,for free,2,unskilled - resident,2,yes,yes,0,divorced/separated,1
>= 200 DM ,17,existing credits paid back duly till now,car (used),2400,<100 DM,1<= < 4 years,3,co-applicant,3,savings agreement/life insurance,0,store,own,2,unemployed/ unskilled  - non-resident,2,yes,yes,1,divorced/separated,1
no account,26,delay in paying off,car (new),3271,no savings account,unemployed,4,guarantor,3,car or other,1,bank,for free,2,skilled employee / official,2,none,no,0,married/widowed,0
0 <= <200 DM,21,critical account,radio/television,2261,<100 DM,<1 years,3,co-applicant,4,real estate,1,bank,own,2,unskilled - resident,2,none,no,0,divorced/separated,1
no account,22,all credits at this bank paid back duly,radio/television,2855,>= 1000 DM,>=7 years,4,none,3,savings agreement/life insurance,1,store,own,2,skilled employee / official,2,yes,yes,1,divorced/separated,1
0 <= <200 DM,25,critical account,furniture/equipment,1729,500 <= < 1000 DM,4<= <7 years,3,none,4,unknown / no property,1,store,rent,2,unskilled - resident,2,yes,yes,1,divorced/separated,1
<0 DM,21,existing credits paid back duly till now,repairs,3705,no savings account,>=7 years,4,guarantor,4,real estate,1,bank,for free,2,skilled employee / official,2,yes,yes,1,married/widowed,1
no account,18,no credits taken,radio/television,2575,100 <= <500 DM,4<= <7 years,3,guarantor,3,real estate,1,store,for free,2,management/ highly qualified employee,2,none,no,0,divorced/separated,1
<0 DM,30,critical account,retraining,3355,no savings account,>=7 years,3,co-applicant,4,unknown / no property,0,store,rent,2,unskilled - resident,2,yes,no,0,divorced/separated,0
<0 DM,19,critical account,car (new),2175,no savings account,<1 years,3,none,3,car or other,0,store,own,2,management/ highly qualified employee,2,yes,no,0,divorced/separated,0
<0 DM,21,critical account,furniture/equipment,2828,no savings account,>=7 years,3,none,3,car or other,0,none,rent,2,management/ highly qualified employee,2,none,yes,1,married/widowed,1
>= 200 DM ,26,all credits at this bank paid back duly,car (new),2102,100 <= <500 DM,<1 years,3,none,4,real estate,1,store,own,2,unskilled - resident,2,none,yes,0,divorced/separated,1
<0 DM,27,critical account,others,3041,>= 1000 DM,>=7 years,3,co-applicant,3,unknown / no property,1,store,own,2,unskilled - resident,2,yes,no,1,divorced/separated,0
0 <= <200 DM,19,critical account,others,4648,100 <= <500 DM,>=7 years,4,co-applicant,3,real estate,0,store,rent,2,skilled employee / official,2,yes,no,1,divorced/separated,1
0 <= <200 DM,28,all credits at this bank paid back duly,radio/television,3208,>= 1000 DM,1<= < 4 years,3,co-applicant,3,real estate,1,bank,rent,2,unskilled - resident,2,none,no,1,divorced/separated,1
<0 DM,17,delay in paying off,furniture/equipment,3365,no savings account,<1 years,4,none,3,car or other,0,bank,own,2,unemployed/ unskilled  - non-resident,2,yes,yes,0,divorced/separated,1
<0 DM,22,all credits at this bank paid back duly,others,2375,<100 DM,unemployed,3,none,3,savings agreement/life insurance,0,bank,own,2,unemployed/ unskilled  - non-resident,2,none,yes,1,divorced/separated,0
<0 DM,21,critical account,repairs,4108,<100 DM,unemployed,4,none,4,real estate,1,bank,own,2,management/ highly qualified employee,2,yes,yes,1,divorced/separated,1
<0 DM,25,all credits at this bank paid back duly,furniture/equipment,3250,>= 1000 DM,>=7 years,4,co-applicant,3,savings agreement/life insurance,0,store,for free,2,unemployed/ unskilled  - non-resident,2,yes,yes,1,divorced/separated,0
>= 200 DM ,21,delay in paying off,business,3986,>= 1000 DM,<1 years,4,co-applicant,3,savings agreement/life insurance,1,store,for free,2,skilled employee / official,2,yes,yes,1,divorced/separated,1
<0 DM,26,delay in paying off,education,4296,100 <= <500 DM,<1 years,3,guarantor,3,savings agreement/life insurance,1,none,rent,2,management/ highly qualified employee,2,none,yes,1,divorced/separated,1
0 <= <200 DM,18,delay in paying off,furniture/equipment,1909,<100 DM,>=7 years,3,co-applicant,3,car or other,1,store,for free,2,management/ highly qualified employee,2,none,yes,1,married/widowed,0
<0 DM,24,existing credits paid back duly till now,car (used),5393,<100 DM,>=7 years,3,co-applicant,3,real estate,0,none,for free,2,unemployed/ unskilled  - non-resident,2,none,yes,1,divorced/separated,1
<0 DM,29,existing credits paid back duly till now,furniture/equipment,3944,no savings account,4<= <7 years,3,none,3,car or other,1,none,own,2,skilled employee / official,2,yes,yes,0,married/widowed,1
0 <= <200 DM,21,all credits at this bank paid back duly,repairs,3498,500 <= < 1000 DM,>=7 years,3,none,4,savings agreement/life insurance,1,bank,own,2,unemployed/ unskilled  - non-resident,2,none,no,1,married/widowed,1
no account,22,existing credits paid back duly till now,repairs,3819,no savings account,>=7 years,3,none,4,car or other,1,bank,own,2,skilled employee / official,2,none,yes,0,married/widowed,1
0 <= <200 DM,22,no credits taken,furniture/equipment,3380,no savings account,>=7 years,3,co-applicant,4,real estate,1,store,own,2,skilled employee / official,1,yes,yes,0,divorced/separated,1
0 <= <200 DM,26,critical account,business,4034,500 <= < 1000 DM,<1 years,3,none,4,savings agreement/life insurance,0,none,rent,2,skilled employee / official,2,yes,yes,0,married/widowed,0
0 <= <200 DM,20,no credits taken,education,3723,>= 1000 DM,1<= < 4 years,3,none,3,car or other,0,bank,own,2,skilled employee / official,2,yes,yes,0,divorced/separated,1
no account,17,existing credits paid back duly till now,repairs,1702,500 <= < 1000 DM,1<= < 4 years,3,co-applicant,3,car or other,0,bank,rent,2,unemployed/ unskilled  - non-resident,2,yes,yes,0,divorced/separated,0
no account,22,all credits at this bank paid back duly,car (new),3910,<100 DM,unemployed,4,none,3,car or other,0,none,own,2,unemployed/ unskilled  - non-resident,2,none,yes,0,married/widowed,0
<0 DM,21,no credits taken,others,1519,>= 1000 DM,4<= <7 years,3,co-applicant,3,car or other,0,bank,rent,2,unskilled - resident,2,yes,yes,1,divorced/separated,1
no account,19,existing credits paid back duly till now,furniture/equipment,2337,500 <= < 1000 DM,unemployed,4,none,4,car or other,1,bank,own,2,skilled employee / official,2,none,yes,1,divorced/separated,1
0 <= <200 DM,30,existing credits paid back duly till now,business,2501,>= 1000 DM,4<= <7 years,3,co-applicant,4,savings agreement/life insurance,1,none,own,2,management/ highly qualified employee,2,none,yes,1,married/widowed,1
<0 DM,24,critical account,others,3008,>= 1000 DM,<1 years,4,guarantor,4,car or other,1,none,own,2,management/ highly qualified employee,2,yes,no,1,divorced/separated,1
>= 200 DM ,25,existing credits paid back duly till now,car (new),3464,no savings account,1<= < 4 years,4,guarantor,4,unknown / no property,1,bank,own,2,skilled employee / official,2,none,yes,0,married/widowed,1
<0 DM,19,existing credits paid back duly till now,domestic appliances,2020,no savings account,4<= <7 years,3,co-applicant,3,real estate,1,store,for free,2,unskilled - resident,2,yes,no,1,divorced/separated,1
no account,17,critical account,domestic appliances,2599,100 <= <500 DM,unemployed,3,none,3,unknown / no property,1,none,rent,2,skilled employee / official,2,none,yes,1,married/widowed,0
no account,19,critical account,car (used),4491,>= 1000 DM,4<= <7 years,3,none,3,savings agreement/life insurance,1,store,own,2,skilled employee / official,2,none,yes,1,divorced/separated,1
<0 DM,22,critical account,domestic appliances,3350,>= 1000 DM,unemployed,3,none,3,car or other,1,none,rent,2,unemployed/ unskilled  - non-resident,2,yes,yes,0,divorced/separated,1
<0 DM,21,critical account,car (new),3096,>= 1000 DM,>=7 years,4,none,3,real estate,1,none,for free,2,unskilled - resident,2,yes,no,1,divorced/separated,1
<0 DM,17,critical account,business,1986,no savings account,4<= <7 years,3,co-applicant,3,real estate,1,bank,own,2,unemployed/ unskilled  - non-resident,2,none,yes,1,married/widowed,0
>= 200 DM ,18,delay in paying off,repairs,2481,>= 1000 DM,<1 years,4,none,3,car or other,1,store,for free,2,skilled employee / official,2,none,yes,0,divorced/separated,0
0 <= <200 DM,32,all credits at this bank paid back duly,radio/television,3722,500 <= < 1000 DM,4<= <7 years,3,none,4,car or other,1,none,for free,2,unemployed/ unskilled  - non-resident,2,none,no,1,divorced/separated,1
<0 DM,18,existing credits paid back duly till now,education,2837,no savings account,4<= <7 years,4,none,3,unknown / no property,1,none,own,2,unemployed/ unskilled  - non-resident,2,none,yes,0,divorced/separated,0
0 <= <200 DM,17,critical account,repairs,3090,<100 DM,1<= < 4 years,4,guarantor,3,real estate,1,store,own,2,unemployed/ unskilled  - non-resident,2,yes,yes,0,married/widowed,1
no account,23,all credits at this bank paid back duly,education,3241,no savings account,4<= <7 years,3,none,3,car or other,0,none,own,2,unskilled - resident,2,yes,yes,1,divorced/separated,1
>= 200 DM ,24,critical account,repairs,2214,no savings account,>=7 years,4,none,3,real estate,0,bank,rent,2,skilled employee / official,2,none,yes,1,divorced/separated,0
<0 DM,19,delay in paying off,domestic appliances,3553,100 <= <500 DM,unemployed,3,none,3,car or other,1,none,for free,2,skilled employee / official,2,none,no,1,divorced/separated,0
0 <= <200 DM,13,no credits taken,furniture/equipment,2812,>= 1000 DM,4<= <7 years,4,none,4,savings agreement/life insurance,0,none,rent,2,skilled employee / official,2,none,no,1,divorced/separated,1
<0 DM,17,delay in paying off,repairs,3219,no savings account,unemployed,3,co-applicant,3,savings agreement/life insurance,1,bank,rent,2,skilled employee / official,2,yes,yes,0,married/widowed,1
<0 DM,15,delay in paying off,car (used),2684,no savings account,<1 years,4,co-applicant,3,real estate,0,bank,rent,2,skilled employee / official,2,yes,no,1,married/widowed,1
0 <= <200 DM,23,critical account,car (new),2738,>= 1000 DM,1<= < 4 years,4,guarantor,3,savings agreement/life insurance,1,bank,rent,2,skilled employee / official,2,none,no,1,divorced/separated,1
<0 DM,16,no credits taken,domestic appliances,2738,100 <= <500 DM,unemployed,4,guarantor,3,real estate,1,none,for free,2,unemployed/ unskilled  - non-resident,2,yes,no,1,divorced/separated,1
>= 200 DM ,17,existing credits paid back duly till now,education,2441,500 <= < 1000 DM,<1 years,4,none,3,savings agreement/life insurance,1,store,own,2,management/ highly qualified employee,2,none,yes,0,divorced/separated,1
no account,19,critical account,furniture/equipment,2961,100 <= <500 DM,unemployed,3,none,3,car or other,1,bank,rent,2,skilled employee / official,2,none,yes,1,married/widowed,0
<0 DM,16,all credits at this bank paid back duly,radio/television,4711,100 <= <500 DM,1<= < 4 years,4,none,3,car or other,1,none,own,2,management/ highly qualified employee,2,none,yes,0,divorced/separated,1
0 <= <200 DM,20,critical account,furniture/equipment,1330,500 <= < 1000 DM,>=7 years,3,none,3,real estate,0,none,for free,2,unemployed/ unskilled  - non-resident,2,none,yes,1,married/widowed,0
no account,28,critical account,retraining,3435,<100 DM,4<= <7 years,3,none,3,savings agreement/life insurance,0,none,rent,2,unemployed/ unskilled  - non-resident,1,none,no,0,married/widowed,0
0 <= <200 DM,19,delay in paying off,retraining,2505,<100 DM,unemployed,3,none,3,savings agreement/life insurance,0,none,rent,2,unskilled - resident,2,none,yes,0,divorced/separated,0
<0 DM,20,critical account,others,3418,no savings account,>=7 years,3,co-applicant,4,unknown / no property,0,none,rent,1,unemployed/ unskilled  - non-resident,2,yes,yes,1,divorced/separated,0
no account,21,no credits taken,retraining,3410,<100 DM,unemployed,3,co-applicant,4,real estate,1,store,for free,2,unemployed/ unskilled  - non-resident,2,none,yes,0,divorced/separated,1
<0 DM,28,critical account,radio/television,4737,<100 DM,unemployed,3,none,4,real estate,0,none,own,2,unemployed/ unskilled  - non-resident,2,none,yes,1,divorced/separated,0
no account,23,existing credits paid back duly till now,education,3743,500 <= < 1000 DM,1<= < 4 years,4,co-applicant,3,savings agreement/life insurance,1,none,own,2,management/ highly qualified employee,2,none,yes,1,married/widowed,0
>= 200 DM ,21,delay in paying off,education,1978,<100 DM,<1 years,4,none,4,unknown / no property,0,bank,own,2,unskilled - resident,2,none,yes,1,divorced/separated,1
0 <= <200 DM,14,existing credits paid back duly till now,business,4006,no savings account,<1 years,4,none,4,savings agreement/life insurance,1,bank,own,2,unemployed/ unskilled  - non-resident,2,none,yes,1,divorced/separated,1
0 <= <200 DM,31,critical account,car (new),4676,<100 DM,unemployed,3,none,3,savings agreement/life insurance,1,none,for free,2,management/ highly qualified employee,2,none,no,1,divorced/separated,0
no account,20,no credits taken,education,3043,500 <= < 1000 DM,1<= < 4 years,4,none,3,car or other,1,store,rent,2,management/ highly qualified employee,1,yes,yes,1,divorced/separated,1
<0 DM,22,critical account,radio/television,4290,<100 DM,>=7 years,4,guarantor,3,car or other,1,none,own,2,unemployed/ unskilled  - non-resident,2,none,yes,1,divorced/separated,0
0 <= <200 DM,27,critical account,car (used),4043,<100 DM,<1 years,3,co-applicant,4,unknown / no property,1,bank,rent,2,skilled employee / official,2,yes,no,1,divorced/separated,1
0 <= <200 DM,21,no credits taken,furniture/equipment,2971,500 <= < 1000 DM,4<= <7 years,3,guarantor,3,car or other,1,none,for free,2,skilled employee / official,2,none,yes,0,divorced/separated,1
<0 DM,25,existing credits paid back duly till now,others,3570,<100 DM,<1 years,3,none,4,unknown / no property,0,none,for free,2,skilled employee / official,2,yes,no,0,married/widowed,1
>= 200 DM ,21,all credits at this bank paid back duly,retraining,3224,100 <= <500 DM,<1 years,3,none,3,car or other,1,bank,own,2,skilled employee / official,2,none,yes,1,divorced/separated,0
no account,21,delay in paying off,education,4314,no savings account,>=7 years,3,co-applicant,4,savings agreement/life insurance,1,store,own,2,unskilled - resident,2,none,yes,1,divorced/separated,1
0 <= <200 DM,19,critical account,radio/television,3808,<100 DM,>=7 years,3,none,3,car or other,1,store,own,2,management/ highly qualified employee,2,none,no,1,divorced/separated,1
0 <= <200 DM,20,all credits at this bank paid back duly,repairs,1194,>= 1000 DM,unemployed,4,guarantor,4,unknown / no property,0,none,rent,2,unemployed/ unskilled  - non-resident,2,none,yes,1,divorced/separated,0
0 <= <200 DM,19,critical account,car (new),4728,no savings account,>=7 years,4,none,3,real estate,0,none,own,2,skilled employee / official,2,none,no,1,divorced/separated,1
<0 DM,18,existing credits paid back duly till now,radio/television,2960,100 <= <500 DM,1<= < 4 years,4,co-applicant,3,real estate,1,none,own,2,skilled employee / official,2,none,yes,1,divorced/separated,1
<0 DM,23,existing credits paid back duly till now,repairs,4448,500 <= < 1000 DM,<1 years,3,none,4,real estate,0,none,for free,2,skilled employee / official,2,none,yes,1,divorced/separated,1
no account,20,critical account,repairs,3443,<100 DM,<1 years,3,none,3,savings agreement/life insurance,1,none,for free,2,unemployed/ unskilled  - non-resident,2,none,yes,1,divorced/separated,1
0 <= <200 DM,15,existing credits paid back duly till now,domestic appliances,3037,<100 DM,>=7 years,3,none,3,car or other,1,store,own,2,unskilled - resident,2,yes,no,1,divorced/separated,1
no account,19,critical account,business,4438,<100 DM,unemployed,3,none,4,real estate,1,none,own,2,skilled employee / official,2,yes,yes,1,divorced/separated,1
0 <= <200 DM,20,delay in paying off,retraining,2607,100 <= <500 DM,4<= <7 years,3,none,3,unknown / no property,1,bank,for free,2,unemployed/ unskilled  - non-resident,2,none,yes,1,divorced/separated,1
<0 DM,26,all credits at this bank paid back duly,domestic appliances,3276,100 <= <500 DM,>=7 years,3,co-applicant,3,unknown / no property,1,none,rent,2,skilled employee / official,2,yes,yes,1,divorced/separated,0
<0 DM,16,no credits taken,car (new),2876,no savings account,>=7 years,3,none,4,unknown / no property,1,store,own,2,unemployed/ unskilled  - non-resident,2,yes,yes,1,divorced/separated,1
no account,12,existing credits paid back duly till now,radio/television,4044,no savings account,4<= <7 years,4,none,4,real estate,0,none,own,2,skilled employee / official,2,yes,yes,1,divorced/separated,0
0 <= <200 DM,25,existing credits paid back duly till now,radio/television,3331,100 <= <500 DM,4<= <7 years,3,none,4,car or other,1,none,for free,2,skilled employee / official,2,none,yes,1,divorced/separated,1
no account,19,existing credits paid back duly till now,repairs,2947,<100 DM,1<= < 4 years,4,co-applicant,4,car or other,0,none,rent,2,unemployed/ unskilled  - non-resident,2,none,yes,1,married/widowed,1
<0 DM,24,existing credits paid back duly till now,radio/television,3282,500 <= < 1000 DM,>=7 years,4,guarantor,3,real estate,0,none,rent,2,management/ highly qualified employee,2,none,yes,1,divorced/separated,0
>= 200 DM ,27,existing credits paid back duly till now,business,4699,<100 DM,>=7 years,3,none,4,real estate,1,store,rent,2,skilled employee / official,1,none,no,1,divorced/separated,0
no account,25,delay in paying off,others,4034,>= 1000 DM,unemployed,3,none,3,unknown / no property,1,none,own,2,skilled employee / official,2,none,yes,1,divorced/separated,1
0 <= <200 DM,17,delay in paying off,car (new),2828,<100 DM,4<= <7 years,4,co-applicant,4,car or other,1,bank,for free,2,management/ highly qualified employee,2,none,yes,0,divorced/separated,1
no account,9,existing credits paid back duly till now,car (new),1981,>= 1000 DM,>=7 years,4,co-applicant,3,savings agreement/life insurance,1,none,own,2,unskilled - resident,2,none,no,0,divorced/separated,1
0 <= <200 DM,30,no credits taken,domestic appliances,3142,<100 DM,<1 years,4,none,4,unknown / no property,1,none,rent,2,unskilled - resident,1,yes,no,1,married/widowed,0
no account,27,delay in paying off,car (used),2710,100 <= <500 DM,>=7 years,3,co-applicant,3,real estate,1,none,own,2,skilled employee / official,2,none,yes,1,divorced/separated,1
no account,42,delay in paying off,radio/television,5410,>= 1000 DM,1<= < 4 years,3,none,4,real estate,1,none,own,2,skilled employee / official,1,yes,yes,1,divorced/separated,1
>= 200 DM ,25,critical account,furniture/equipment,4820,100 <= <500 DM,4<= <7 years,3,guarantor,4,real estate,1,store,own,2,skilled employee / official,1,none,yes,1,divorced/separated,1
no account,21,existing credits paid back duly till now,domestic appliances,3436,<100 DM,<1 years,3,none,4,real estate,1,none,own,2,unskilled - resident,2,yes,yes,1,divorced/separated,1
<0 DM,29,critical account,repairs,3839,<100 DM,>=7 years,4,guarantor,3,car or other,1,none,own,2,unemployed/ unskilled  - non-resident,2,yes,no,1,divorced/separated,1
<0 DM,19,existing credits paid back duly till now,furniture/equipment,3592,>= 1000 DM,<1 years,3,none,3,unknown / no property,1,store,own,2,unskilled - resident,2,none,yes,0,divorced/separated,0
0 <= <200 DM,18,critical account,radio/television,3466,>= 1000 DM,1<= < 4 years,4,co-applicant,3,real estate,1,none,own,2,skilled employee / official,1,none,yes,1,married/widowed,0
0 <= <200 DM,26,no credits taken,car (new),5075,<100 DM,<1 years,3,guarantor,3,car or other,0,none,for free,2,skilled employee / official,2,none,yes,1,married/widowed,1
no account,26,existing credits paid back duly till now,repairs,4759,no savings account,unemployed,3,co-applicant,4,real estate,1,none,own,1,skilled employee / official,2,yes,yes,1,divorced/separated,1
0 <= <200 DM,18,critical account,others,3157,<100 DM,<1 years,3,guarantor,3,unknown / no property,1,none,for free,2,skilled employee / official,2,none,yes,1,divorced/separated,1
no account,16,critical account,furniture/equipment,4753,>= 1000 DM,>=7 years,4,guarantor,3,real estate,1,bank,for free,2,skilled employee / official,2,none,yes,1,divorced/separated,1
no account,27,critical account,others,4501,<100 DM,unemployed,3,none,4,savings agreement/life insurance,1,none,rent,2,skilled employee / official,2,none,yes,1,divorced/separated,0
<0 DM,20,critical account,domestic appliances,3432,<100 DM,>=7 years,3,none,3,car or other,1,bank,rent,2,unemployed/ unskilled  - non-resident,1,none,yes,1,divorced/separated,1
0 <= <200 DM,27,critical account,furniture/equipment,5099,500 <= < 1000 DM,>=7 years,4,co-applicant,4,car or other,0,store,own,2,skilled employee / official,1,none,no,1,divorced/separated,0
0 <= <200 DM,21,all credits at this bank paid back duly,business,3916,<100 DM,>=7 years,3,none,4,real estate,1,none,rent,2,skilled employee / official,2,none,yes,0,divorced/separated,1
0 <= <200 DM,33,existing credits paid back duly till now,radio/television,5528,<100 DM,>=7 years,4,guarantor,4,real estate,1,none,own,2,unemployed/ unskilled  - non-resident,2,none,no,1,divorced/separated,0
<0 DM,27,all credits at this bank paid back duly,domestic appliances,5652,<100 DM,1<= < 4 years,4,guarantor,4,car or other,0,store,own,2,skilled employee / official,1,yes,no,1,married/widowed,1
>= 200 DM ,25,critical account,repairs,4359,<100 DM,<1 years,4,none,3,car or other,1,store,own,2,unskilled - resident,2,none,yes,1,divorced/separated,1
>= 200 DM ,24,delay in paying off,repairs,3702,<100 DM,1<= < 4 years,4,co-applicant,3,car or other,0,none,for free,2,unemployed/ unskilled  - non-resident,2,yes,yes,1,divorced/separated,0
no account,27,delay in paying off,business,3658,<100 DM,>=7 years,4,guarantor,4,savings agreement/life insurance,1,store,own,2,skilled employee / official,2,none,yes,1,divorced/separated,1
>= 200 DM ,16,all credits at this bank paid back duly,radio/television,3555,no savings account,unemployed,3,co-applicant,3,car or other,1,store,for free,2,skilled employee / official,2,yes,no,1,divorced/separated,1
no account,16,critical account,retraining,2919,<100 DM,4<= <7 years,4,none,3,car or other,0,bank,own,2,unemployed/ unskilled  - non-resident,2,none,yes,1,divorced/separated,1
<0 DM,23,critical account,radio/television,3965,<100 DM,<1 years,3,none,3,real estate,1,none,rent,2,skilled employee / official,2,yes,yes,1,divorced/separated,1
no account,22,all credits at this bank paid back duly,education,4908,<100 DM,unemployed,4,guarantor,3,savings agreement/life insurance,1,bank,rent,2,management/ highly qualified employee,2,none,yes,1,divorced/separated,0
>= 200 DM ,18,existing credits paid back duly till now,car (used),2693,no savings account,unemployed,4,none,3,real estate,1,none,for free,2,skilled employee / official,2,none,yes,1,divorced/separated,0
no account,37,existing credits paid back duly till now,furniture/equipment,5226,500 <= < 1000 DM,<1 years,4,guarantor,4,savings agreement/life insurance,1,bank,own,2,skilled employee / official,2,none,yes,1,married/widowed,0
<0 DM,23,all credits at this bank paid back duly,car (used),6154,no savings account,>=7 years,3,guarantor,4,real estate,1,bank,own,1,unskilled - resident,2,none,yes,1,married/widowed,1
no account,17,critical account,car (used),2468,100 <= <500 DM,1<= < 4 years,4,none,4,savings agreement/life insurance,1,none,own,2,unemployed/ unskilled  - non-resident,2,none,yes,1,divorced/separated,1
<0 DM,27,critical account,car (new),4561,<100 DM,1<= < 4 years,4,co-applicant,4,unknown / no property,0,none,rent,2,skilled employee / official,2,yes,yes,1,divorced/separated,1
<0 DM,18,critical account,car (new),4260,100 <= <500 DM,<1 years,4,none,3,real estate,1,none,own,2,unskilled - resident,1,none,yes,1,divorced/separated,1
>= 200 DM ,18,existing credits paid back duly till now,car (used),1555,<100 DM,<1 years,3,none,3,car or other,1,store,for free,2,unemployed/ unskilled  - non-resident,2,none,yes,0,divorced/separated,0
<0 DM,19,all credits at this bank paid back duly,radio/television,4695,<100 DM,1<= < 4 years,3,none,3,car or other,1,none,own,2,unemployed/ unskilled  - non-resident,2,none,yes,1,divorced/separated,0
no account,16,existing credits paid back duly till now,domestic appliances,3580,<100 DM,unemployed,3,none,4,savings agreement/life insurance,1,store,own,2,management/ highly qualified employee,2,none,yes,1,divorced/separated,1
no account,20,no credits taken,furniture/equipment,2795,<100 DM,<1 years,3,co-applicant,3,savings agreement/life insurance,0,bank,own,2,skilled employee / official,2,none,yes,1,divorced/separated,1
no account,22,critical account,business,3791,>= 1000 DM,<1 years,4,none,4,car or other,1,none,rent,2,management/ highly qualified employee,2,yes,yes,1,divorced/separated,1
0 <= <200 DM,21,existing credits paid back duly till now,education,3122,500 <= < 1000 DM,1<= < 4 years,3,none,4,savings agreement/life insurance,1,none,own,2,skilled employee / official,2,none,yes,1,divorced/separated,0
no account,8,all credits at this bank paid back duly,radio/television,907,no savings account,unemployed,4,guarantor,2,real estate,1,none,own,2,unskilled - resident,2,none,yes,1,married/widowed,1
>= 200 DM ,24,existing credits paid back duly till now,domestic appliances,1964,no savings account,1<= < 4 years,3,none,3,real estate,1,none,own,2,management/ highly qualified employee,2,yes,yes,0,divorced/separated,1
>= 200 DM ,21,existing credits paid back duly till now,furniture/equipment,2835,no savings account,1<= < 4 years,3,co-applicant,3,real estate,1,none,for free,2,skilled employee / official,2,none,yes,1,divorced/separated,1
no account,26,all credits at this bank paid back duly,radio/television,3784,100 <= <500 DM,1<= < 4 years,4,guarantor,3,car or other,1,store,own,2,skilled employee / official,2,yes,yes,0,divorced/separated,1
no account,30,critical account,car (used),7133,500 <= < 1000 DM,unemployed,4,none,3,car or other,1,store,own,2,skilled employee / official,1,none,yes,1,divorced/separated,1
no account,21,existing credits paid back duly till now,education,2808,>= 1000 DM,4<= <7 years,4,none,4,real estate,1,store,own,2,unemployed/ unskilled  - non-resident,2,none,yes,0,divorced/separated,1
no account,32,existing credits paid back duly till now,domestic appliances,2935,<100 DM,>=7 years,3,none,4,real estate,0,none,for free,2,management/ highly qualified employee,2,none,yes,1,married/widowed,1
no account,20,existing credits paid back duly till now,radio/television,2579,<100 DM,>=7 years,4,co-applicant,3,real estate,1,bank,rent,2,unskilled - resident,1,yes,yes,1,divorced/separated,1
no account,25,all credits at this bank paid back duly,radio/television,3638,>= 1000 DM,<1 years,4,none,3,unknown / no property,1,bank,own,2,unskilled - resident,2,yes,no,1,divorced/separated,0
0 <= <200 DM,22,existing credits paid back duly till now,domestic appliances,2436,500 <= < 1000 DM,4<= <7 years,3,co-applicant,3,savings agreement/life insurance,0,none,own,2,skilled employee / official,2,none,yes,1,divorced/separated,1
<0 DM,28,existing credits paid back duly till now,domestic appliances,3495,>= 1000 DM,1<= < 4 years,4,none,4,savings agreement/life insurance,1,none,rent,2,unemployed/ unskilled  - non-resident,2,yes,yes,1,divorced/separated,1
no account,18,critical account,furniture/equipment,2359,<100 DM,>=7 years,4,none,3,savings agreement/life insurance,1,none,rent,2,unskilled - resident,2,yes,yes,1,divorced/separated,1
no account,29,existing credits paid back duly till now,furniture/equipment,3045,no savings account,1<= < 4 years,3,none,3,car or other,1,none,own,2,unemployed/ unskilled  - non-resident,1,none,yes,0,divorced/separated,1
no account,28,critical account,car (new),2943,<100 DM,1<= < 4 years,3,none,3,savings agreement/life insurance,1,none,own,2,management/ highly qualified employee,2,none,yes,1,divorced/separated,1
0 <= <200 DM,20,critical account,furniture/equipment,162,<100 DM,1<= < 4 years,4,none,4,savings agreement/life insurance,1,bank,for free,2,skilled employee / official,2,yes,yes,1,married/widowed,1
0 <= <200 DM,27,delay in paying off,radio/television,1964,>= 1000 DM,>=7 years,4,none,4,savings agreement/life insurance,1,bank,own,2,management/ highly qualified employee,2,yes,yes,1,divorced/separated,0
<0 DM,33,existing credits paid back duly till now,radio/television,4606,no savings account,4<= <7 years,4,none,3,unknown / no property,1,store,own,2,skilled employee / official,1,none,yes,1,divorced/separated,1
0 <= <200 DM,21,delay in paying off,car (used),2428,<100 DM,>=7 years,4,co-applicant,3,unknown / no property,1,store,for free,2,skilled employee / official,2,yes,yes,1,divorced/separated,1
<0 DM,23,all credits at this bank paid back duly,business,3336,100 <= <500 DM,4<= <7 years,3,co-applicant,3,car or other,0,store,rent,2,skilled employee / official,2,yes,yes,1,divorced/separated,1
>= 200 DM ,34,existing credits paid back duly till now,furniture/equipment,5210,no savings account,4<= <7 years,3,none,3,real estate,0,store,own,2,skilled employee / official,2,none,yes,1,divorced/separated,1
0 <= <200 DM,21,delay in paying off,car (used),2681,<100 DM,4<= <7 years,4,none,3,car or other,1,none,rent,1,management/ highly qualified employee,2,none,yes,0,divorced/separated,1
0 <= <200 DM,14,all credits at this bank paid back duly,furniture/equipment,337,<100 DM,>=7 years,3,none,3,unknown / no property,1,none,own,2,unskilled - resident,2,yes,yes,1,divorced/separated,1
0 <= <200 DM,19,no credits taken,radio/television,3174,<100 DM,<1 years,4,none,3,unknown / no property,1,store,own,2,unskilled - resident,2,none,yes,1,divorced/separated,1
>= 200 DM ,26,existing credits paid back duly till now,repairs,3815,>= 1000 DM,1<= < 4 years,4,none,3,car or other,0,none,own,2,unemployed/ unskilled  - non-resident,2,none,yes,0,divorced/separated,1
no account,26,no credits taken,furniture/equipment,4432,<100 DM,1<= < 4 years,4,none,3,car or other,1,store,own,2,skilled employee / official,2,none,yes,0,divorced/separated,1
0 <= <200 DM,26,all credits at this bank paid back duly,business,3317,<100 DM,<1 years,3,co-applicant,4,car or other,1,bank,own,2,skilled employee / official,2,yes,yes,0,married/widowed,0
0 <= <200 DM,18,existing credits paid back duly till now,furniture/equipment,1317,100 <= <500 DM,1<= < 4 years,4,guarantor,3,car or other,1,none,for free,2,skilled employee / official,2,none,yes,1,divorced/separated,0
>= 200 DM ,22,no credits taken,car (used),1815,100 <= <500 DM,1<= < 4 years,4,none,3,car or other,1,bank,rent,2,skilled employee / official,2,yes,yes,0,divorced/separated,1
no account,22,critical account,car (used),4310,<100 DM,>=7 years,3,guarantor,3,savings agreement/life insurance,1,none,own,2,skilled employee / official,2,yes,yes,1,divorced/separated,0
no account,14,critical account,car (new),2577,<100 DM,<1 years,3,none,4,unknown / no property,1,none,rent,2,skilled employee / official,2,yes,yes,1,divorced/separated,1
<0 DM,22,existing credits paid back duly till now,domestic appliances,4415,100 <= <500 DM,4<= <7 years,3,none,4,car or other,0,none,rent,2,skilled employee / official,2,yes,yes,1,divorced/separated,0
0 <= <200 DM,25,existing credits paid back duly till now,car (used),3256,<100 DM,1<= < 4 years,3,none,3,real estate,1,bank,for free,2,skilled employee / official,2,none,yes,1,divorced/separated,0
no account,47,critical account,business,6178,<100 DM,>=7 years,2,none,5,car or other,1,store,own,1,skilled employee / official,2,yes,yes,1,divorced/separated,1
>= 200 DM ,16,no credits taken,education,2799,<100 DM,>=7 years,3,none,4,real estate,1,none,for free,2,skilled employee / official,2,none,yes,1,divorced/separated,0
0 <= <200 DM,11,existing credits paid back duly till now,furniture/equipment,2079,<100 DM,<1 years,4,co-applicant,4,real estate,0,none,rent,2,unskilled - resident,2,none,yes,1,divorced/separated,1
no account,23,existing credits paid back duly till now,repairs,3668,500 <= < 1000 DM,1<= < 4 years,3,none,3,car or other,1,none,own,2,skilled employee / official,2,yes,yes,1,divorced/separated,1
no account,19,critical account,furniture/equipment,1032,500 <= < 1000 DM,4<= <7 years,4,none,3,unknown / no property,1,none,for free,2,unskilled - resident,2,none,yes,0,divorced/separated,0
0 <= <200 DM,28,all credits at this bank paid back duly,education,3438,<100 DM,unemployed,4,none,4,unknown / no property,1,none,own,2,skilled employee / official,2,none,yes,1,divorced/separated,1
no account,9,existing credits paid back duly till now,domestic appliances,154,<100 DM,<1 years,3,none,3,unknown / no property,1,none,rent,2,skilled employee / official,2,yes,yes,1,married/widowed,0
no account,35,existing credits paid back duly till now,repairs,4808,<100 DM,1<= < 4 years,4,none,4,unknown / no property,1,bank,own,2,skilled employee / official,2,none,yes,1,divorced/separated,1
0 <= <200 DM,22,all credits at this bank paid back duly,car (new),1560,<100 DM,<1 years,3,none,3,unknown / no property,1,none,for free,2,skilled employee / official,2,yes,yes,1,married/widowed,0
0 <= <200 DM,21,critical account,furniture/equipment,2676,<100 DM,<1 years,3,guarantor,3,real estate,1,none,rent,2,skilled employee / official,2,yes,yes,1,divorced/separated,1
no account,12,no credits taken,furniture/equipment,-185,>= 1000 DM,>=7 years,4,none,3,unknown / no property,1,none,rent,2,unskilled - resident,2,none,yes,0,divorced/separated,1
no account,23,existing credits paid back duly till now,radio/television,3502,<100 DM,1<= < 4 years,3,none,3,unknown / no property,1,none,own,2,unskilled - resident,2,none,yes,1,divorced/separated,1
no account,13,critical account,repairs,1258,100 <= <500 DM,unemployed,4,none,3,car or other,1,none,rent,2,unemployed/ unskilled  - non-resident,2,none,yes,1,married/widowed,1
no account,14,existing credits paid back duly till now,others,2325,>= 1000 DM,unemployed,3,none,3,real estate,1,none,own,2,skilled employee / official,2,yes,yes,1,divorced/separated,1
no account,26,critical account,repairs,2663,<100 DM,1<= < 4 years,3,none,3,car or other,0,none,own,2,skilled employee / official,2,yes,yes,1,divorced/separated,1
0 <= <200 DM,17,existing credits paid back duly till now,others,539,no savings account,unemployed,3,none,3,car or other,1,none,rent,2,unskilled - resident,2,none,yes,0,divorced/separated,1
0 <= <200 DM,15,critical account,business,3153,500 <= < 1000 DM,>=7 years,4,none,3,unknown / no property,1,none,rent,2,skilled employee / official,2,none,yes,1,divorced/separated,1
<0 DM,15,critical account,radio/television,1351,<100 DM,1<= < 4 years,3,none,3,savings agreement/life insurance,1,none,rent,2,skilled employee / official,2,none,yes,0,divorced/separated,1
no account,23,existing credits paid back duly till now,business,2761,<100 DM,unemployed,3,none,4,savings agreement/life insurance,1,none,own,2,unskilled - resident,1,none,yes,1,divorced/separated,1
>= 200 DM ,16,existing credits paid back duly till now,others,3126,<100 DM,1<= < 4 years,3,none,3,car or other,1,bank,for free,2,skilled employee / official,2,yes,yes,0,divorced/separated,1
>= 200 DM ,18,all credits at this bank paid back duly,domestic appliances,1831,<100 DM,1<= < 4 years,3,none,4,car or other,0,none,rent,2,unemployed/ unskilled  - non-resident,2,none,yes,0,divorced/separated,1
>= 200 DM ,12,critical account,radio/television,1479,<100 DM,>=7 years,3,guarantor,2,real estate,0,none,own,2,skilled employee / official,2,none,yes,1,married/widowed,1
0 <= <200 DM,18,critical account,radio/television,3766,<100 DM,1<= < 4 years,3,none,3,savings agreement/life insurance,1,none,own,3,unskilled - resident,2,yes,yes,1,divorced/separated,0
0 <= <200 DM,17,critical account,radio/television,2005,<100 DM,>=7 years,3,none,3,savings agreement/life insurance,1,none,own,2,unemployed/ unskilled  - non-resident,2,none,no,1,divorced/separated,1
no account,20,existing credits paid back duly till now,radio/television,2777,>= 1000 DM,4<= <7 years,3,none,3,savings agreement/life insurance,1,none,rent,2,unskilled - resident,2,yes,yes,1,divorced/separated,0
no account,21,delay in paying off,car (new),5121,no savings account,<1 years,3,none,3,savings agreement/life insurance,1,none,rent,2,unemployed/ unskilled  - non-resident,2,none,yes,1,married/widowed,0
0 <= <200 DM,28,critical account,radio/television,2980,<100 DM,1<= < 4 years,3,none,3,savings agreement/life insurance,1,none,own,2,unemployed/ unskilled  - non-resident,2,none,yes,1,divorced/separated,1
0 <= <200 DM,23,existing credits paid back duly till now,car (new),2811,<100 DM,1<= < 4 years,3,none,3,car or other,1,none,for free,2,skilled employee / official,2,yes,yes,1,divorced/separated,1
<0 DM,17,existing credits paid back duly till now,car (used),635,<100 DM,unemployed,3,none,3,savings agreement/life insurance,1,none,own,2,unskilled - resident,2,yes,yes,1,married/widowed,1
<0 DM,23,no credits taken,radio/television,2780,no savings account,1<= < 4 years,3,none,3,real estate,1,bank,own,2,skilled employee / official,2,none,yes,1,divorced/separated,0
0 <= <200 DM,44,critical account,car (new),6092,<100 DM,>=7 years,4,none,4,real estate,1,none,own,2,skilled employee / official,2,none,yes,0,divorced/separated,0
<0 DM,20,existing credits paid back duly till now,radio/television,3850,100 <= <500 DM,>=7 years,4,none,3,savings agreement/life insurance,1,none,own,2,unemployed/ unskilled  - non-resident,2,none,yes,1,divorced/separated,1
0 <= <200 DM,3,critical account,car (new),1532,<100 DM,1<= < 4 years,4,guarantor,3,car or other,1,none,own,2,unskilled - resident,2,none,yes,1,married/widowed,0
0 <= <200 DM,19,existing credits paid back duly till now,radio/television,2153,>= 1000 DM,>=7 years,3,none,3,car or other,1,none,own,3,unskilled - resident,2,none,yes,1,divorced/separated,0
0 <= <200 DM,20,delay in paying off,repairs,3702,<100 DM,4<= <7 years,3,none,3,savings agreement/life insurance,1,none,own,2,management/ highly qualified employee,2,yes,no,1,married/widowed,1
0 <= <200 DM,11,no credits taken,car (used),1477,<100 DM,unemployed,4,none,3,car or other,1,none,own,2,unskilled - resident,1,yes,yes,1,divorced/separated,1
no account,19,existing credits paid back duly till now,furniture/equipment,1802,>= 1000 DM,1<= < 4 years,3,none,4,car or other,0,none,own,2,skilled employee / official,1,yes,yes,0,married/widowed,1
no account,13,existing credits paid back duly till now,radio/television,4835,<100 DM,>=7 years,4,none,3,savings agreement/life insurance,0,none,own,2,skilled employee / official,2,none,yes,1,divorced/separated,0
<0 DM,28,all credits at this bank paid back duly,retraining,3293,<100 DM,1<= < 4 years,4,none,4,savings agreement/life insurance,1,none,own,2,skilled employee / official,2,yes,yes,1,divorced/separated,1
no account,18,all credits at this bank paid back duly,car (new),1804,>= 1000 DM,1<= < 4 years,3,none,3,unknown / no property,0,none,own,2,skilled employee / official,2,yes,yes,1,divorced/separated,1
no account,21,critical account,domestic appliances,2258,<100 DM,<1 years,3,none,4,unknown / no property,1,bank,for free,2,skilled employee / official,2,none,yes,1,divorced/separated,0
no account,30,no credits taken,furniture/equipment,5706,<100 DM,1<= < 4 years,4,none,3,savings agreement/life insurance,0,none,own,2,skilled employee / official,2,none,yes,1,divorced/separated,1
no account,22,no credits taken,car (new),2665,no savings account,1<= < 4 years,3,guarantor,3,car or other,1,none,own,2,skilled employee / official,2,none,yes,1,divorced/separated,1
>= 200 DM ,29,critical account,furniture/equipment,3689,<100 DM,4<= <7 years,3,none,3,car or other,1,none,own,2,unskilled - resident,2,yes,yes,0,divorced/separated,1
0 <= <200 DM,33,existing credits paid back duly till now,radio/television,5776,500 <= < 1000 DM,<1 years,4,none,4,car or other,1,store,own,2,skilled employee / official,2,yes,yes,1,divorced/separated,0
0 <= <200 DM,11,existing credits paid back duly till now,radio/television,1145,<100 DM,>=7 years,3,none,2,unknown / no property,1,none,own,2,skilled employee / official,2,yes,yes,1,divorced/separated,0
no account,27,no credits taken,car (new),2084,<100 DM,>=7 years,3,none,3,real estate,1,none,own,2,skilled employee / official,1,yes,yes,1,divorced/separated,1
<0 DM,19,existing credits paid back duly till now,car (new),3919,<100 DM,1<= < 4 years,4,none,4,unknown / no property,1,none,own,2,skilled employee / official,2,yes,yes,0,married/widowed,0
<0 DM,23,existing credits paid back duly till now,retraining,4461,100 <= <500 DM,1<= < 4 years,4,co-applicant,2,car or other,0,none,own,3,skilled employee / official,2,none,yes,1,divorced/separated,1
0 <= <200 DM,20,critical account,car (new),2442,<100 DM,4<= <7 years,3,none,4,car or other,0,bank,rent,2,skilled employee / official,1,none,yes,1,divorced/separated,0
no account,18,critical account,car (new),1531,<100 DM,1<= < 4 years,4,none,3,car or other,1,store,own,2,skilled employee / official,1,yes,yes,1,divorced/separated,1
0 <= <200 DM,9,delay in paying off,car (new),1573,<100 DM,1<= < 4 years,4,none,3,savings agreement/life insurance,0,none,own,2,skilled employee / official,2,yes,yes,0,divorced/separated,1
0 <= <200 DM,25,critical account,car (used),3254,<100 DM,1<= < 4 years,4,none,4,unknown / no property,0,none,own,2,skilled employee / official,1,none,yes,0,divorced/separated,1
no account,10,existing credits paid back duly till now,furniture/equipment,1914,<100 DM,>=7 years,4,none,3,savings agreement/life insurance,1,none,own,2,skilled employee / official,2,yes,yes,0,married/widowed,1
<0 DM,8,all credits at this bank paid back duly,others,634,<100 DM,1<= < 4 years,4,none,4,savings agreement/life insurance,0,none,own,2,unskilled - resident,2,none,yes,0,married/widowed,1
no account,37,critical account,radio/television,4830,>= 1000 DM,4<= <7 years,3,none,4,real estate,1,bank,own,2,skilled employee / official,2,none,yes,0,divorced/separated,1
<0 DM,31,existing credits paid back duly till now,repairs,3651,<100 DM,4<= <7 years,3,none,3,real estate,1,none,own,2,skilled employee / official,2,yes,yes,0,divorced/separated,1
0 <= <200 DM,13,existing credits paid back duly till now,car (new),2480,no savings account,4<= <7 years,4,none,3,real estate,1,none,for free,2,skilled employee / official,2,yes,yes,1,divorced/separated,0
0 <= <200 DM,9,existing credits paid back duly till now,radio/television,1913,<100 DM,<1 years,4,none,3,car or other,1,none,own,2,unemployed/ unskilled  - non-resident,2,yes,yes,1,divorced/separated,1
<0 DM,12,critical account,radio/television,905,100 <= <500 DM,<1 years,3,none,3,car or other,1,store,own,2,skilled employee / official,2,yes,yes,1,divorced/separated,1
no account,47,existing credits paid back duly till now,radio/television,7567,<100 DM,>=7 years,3,guarantor,5,car or other,1,none,own,2,skilled employee / official,2,none,yes,1,divorced/separated,0
no account,4,existing credits paid back duly till now,car (new),-848,<100 DM,>=7 years,4,none,2,real estate,1,none,rent,2,management/ highly qualified employee,2,none,yes,1,divorced/separated,1
no account,28,critical account,car (new),4617,no savings account,1<= < 4 years,4,none,4,real estate,1,none,own,2,skilled employee / official,2,yes,no,1,divorced/separated,1
0 <= <200 DM,26,existing credits paid back duly till now,domestic appliances,3203,<100 DM,<1 years,3,none,4,savings agreement/life insurance,1,none,own,2,skilled employee / official,1,none,yes,0,divorced/separated,1
no account,24,critical account,furniture/equipment,4698,>= 1000 DM,1<= < 4 years,4,none,4,car or other,1,none,own,2,skilled employee / official,2,none,no,1,divorced/separated,1
no account,17,existing credits paid back duly till now,radio/television,4049,>= 1000 DM,<1 years,5,none,3,real estate,0,none,own,2,skilled employee / official,1,yes,yes,1,divorced/separated,0
0 <= <200 DM,26,critical account,furniture/equipment,4191,no savings account,>=7 years,4,none,4,savings agreement/life insurance,1,none,own,2,management/ highly qualified employee,2,yes,yes,1,divorced/separated,0
no account,17,critical account,radio/television,3355,100 <= <500 DM,1<= < 4 years,4,none,3,unknown / no property,0,none,own,2,skilled employee / official,2,yes,yes,1,divorced/separated,0
0 <= <200 DM,15,all credits at this bank paid back duly,car (new),3214,<100 DM,1<= < 4 years,4,none,3,real estate,1,none,rent,2,skilled employee / official,2,yes,yes,1,divorced/separated,1
no account,15,existing credits paid back duly till now,radio/television,2460,<100 DM,>=7 years,4,none,3,savings agreement/life insurance,1,none,own,2,skilled employee / official,1,yes,yes,0,divorced/separated,1
<0 DM,7,critical account,furniture/equipment,1242,100 <= <500 DM,1<= < 4 years,4,none,4,unknown / no property,1,none,rent,2,skilled employee / official,2,none,no,0,divorced/separated,0
<0 DM,23,existing credits paid back duly till now,car (new),4563,<100 DM,4<= <7 years,4,guarantor,4,savings agreement/life insurance,1,none,rent,2,skilled employee / official,1,none,yes,1,divorced/separated,1
no account,10,delay in paying off,radio/television,2010,100 <= <500 DM,4<= <7 years,4,none,3,real estate,1,store,own,2,skilled employee / official,2,yes,yes,0,divorced/separated,1
no account,38,existing credits paid back duly till now,radio/television,6695,<100 DM,4<= <7 years,3,none,3,real estate,1,none,own,2,skilled employee / official,1,yes,yes,1,divorced/separated,0
no account,25,critical account,radio/television,1879,<100 DM,1<= < 4 years,4,none,4,savings agreement/life insurance,1,none,own,1,skilled employee / official,1,yes,yes,0,divorced/separated,1
>= 200 DM ,16,existing credits paid back duly till now,radio/television,1045,<100 DM,4<= <7 years,3,guarantor,3,car or other,1,none,own,2,skilled employee / official,1,none,yes,1,divorced/separated,0
no account,17,existing credits paid back duly till now,furniture/equipment,1554,<100 DM,>=7 years,3,none,3,real estate,1,none,own,2,skilled employee / official,2,none,yes,1,divorced/separated,0
0 <= <200 DM,27,existing credits paid back duly till now,radio/television,6707,no savings account,unemployed,3,none,4,unknown / no property,1,none,own,2,skilled employee / official,1,none,yes,1,divorced/separated,0
<0 DM,0,all credits at this bank paid back duly,furniture/equipment,-831,<100 DM,1<= < 4 years,4,none,3,car or other,1,store,own,2,unskilled - resident,2,yes,yes,0,divorced/separated,1
no account,8,existing credits paid back duly till now,car (new),1531,100 <= <500 DM,1<= < 4 years,4,none,2,unknown / no property,1,none,own,2,skilled employee / official,2,none,no,1,divorced/separated,1
<0 DM,20,existing credits paid back duly till now,car (new),4474,no savings account,1<= < 4 years,4,none,4,savings agreement/life insurance,1,store,rent,2,management/ highly qualified employee,2,yes,yes,0,divorced/separated,1
0 <= <200 DM,21,all credits at this bank paid back duly,furniture/equipment,4887,<100 DM,1<= < 4 years,4,guarantor,3,car or other,1,bank,own,2,skilled employee / official,1,yes,yes,1,divorced/separated,1
no account,17,critical account,radio/television,2277,500 <= < 1000 DM,>=7 years,3,none,3,car or other,0,none,own,1,management/ highly qualified employee,1,none,no,1,divorced/separated,0
no account,29,existing credits paid back duly till now,furniture/equipment,4443,100 <= <500 DM,4<= <7 years,5,none,3,unknown / no property,1,none,rent,2,unskilled - resident,1,yes,no,1,divorced/separated,1
<0 DM,-7,existing credits paid back duly till now,car (new),-203,100 <= <500 DM,4<= <7 years,5,none,2,real estate,1,none,own,2,skilled employee / official,2,yes,yes,1,divorced/separated,1
no account,37,existing credits paid back duly till now,furniture/equipment,5187,<100 DM,<1 years,3,none,3,savings agreement/life insurance,1,none,own,2,skilled employee / official,1,yes,yes,1,divorced/separated,0
no account,26,critical account,car (new),3747,<100 DM,4<= <7 years,4,none,5,unknown / no property,1,bank,own,2,skilled employee / official,2,none,yes,1,divorced/separated,1
no account,20,critical account,car (new),5340,<100 DM,unemployed,3,none,3,car or other,1,none,own,2,management/ highly qualified employee,2,yes,yes,1,married/widowed,1
<0 DM,27,existing credits paid back duly till now,car (new),4530,<100 DM,4<= <7 years,3,co-applicant,4,savings agreement/life insurance,1,none,rent,2,skilled employee / official,2,none,yes,1,divorced/separated,1
no account,43,existing credits paid back duly till now,car (new),7383,100 <= <500 DM,>=7 years,3,none,4,car or other,0,store,own,2,skilled employee / official,1,yes,yes,1,divorced/separated,1
0 <= <200 DM,21,critical account,furniture/equipment,2751,<100 DM,1<= < 4 years,4,none,5,savings agreement/life insurance,1,none,own,2,skilled employee / official,1,none,no,1,divorced/separated,0
no account,11,existing credits paid back duly till now,car (new),910,<100 DM,>=7 years,5,none,3,real estate,1,none,for free,2,skilled employee / official,2,yes,yes,1,divorced/separated,1
no account,39,delay in paying off,radio/television,5851,<100 DM,<1 years,4,none,3,real estate,1,none,own,2,skilled employee / official,1,none,yes,1,divorced/separated,0
no account,8,existing credits paid back duly till now,furniture/equipment,-351,<100 DM,1<= < 4 years,3,none,3,real estate,1,none,own,2,unskilled - resident,2,none,yes,1,divorced/separated,1
no account,34,existing credits paid back duly till now,furniture/equipment,6884,<100 DM,4<= <7 years,3,guarantor,2,real estate,1,none,rent,2,unemployed/ unskilled  - non-resident,1,yes,yes,0,divorced/separated,0
no account,25,delay in paying off,car (used),5403,<100 DM,1<= < 4 years,5,none,4,car or other,1,none,own,2,skilled employee / official,1,yes,yes,1,divorced/separated,0
no account,6,critical account,business,2271,100 <= <500 DM,1<= < 4 years,4,co-applicant,3,real estate,0,bank,own,2,skilled employee / official,2,yes,yes,0,divorced/separated,1
<0 DM,21,existing credits paid back duly till now,radio/television,1583,<100 DM,1<= < 4 years,3,guarantor,3,unknown / no property,1,none,own,2,skilled employee / official,1,none,yes,0,divorced/separated,1
no account,3,existing credits paid back duly till now,car (new),894,100 <= <500 DM,<1 years,4,none,3,unknown / no property,1,none,own,1,skilled employee / official,1,yes,yes,0,divorced/separated,1
no account,18,critical account,car (used),2542,<100 DM,4<= <7 years,3,none,4,car or other,0,none,rent,2,unemployed/ unskilled  - non-resident,2,none,yes,1,divorced/separated,1
<0 DM,28,delay in paying off,car (new),4308,<100 DM,4<= <7 years,3,none,4,savings agreement/life insurance,1,none,own,1,skilled employee / official,2,none,yes,1,divorced/separated,1
no account,41,no credits taken,furniture/equipment,6246,100 <= <500 DM,>=7 years,4,none,3,unknown / no property,1,none,own,2,skilled employee / official,2,none,no,1,married/widowed,0
no account,34,existing credits paid back duly till now,furniture/equipment,5222,no savings account,1<= < 4 years,4,none,3,savings agreement/life insurance,1,none,for free,2,unskilled - resident,2,yes,yes,1,divorced/separated,1
0 <= <200 DM,9,critical account,radio/television,1141,<100 DM,>=7 years,4,none,3,car or other,1,none,own,2,skilled employee / official,2,none,yes,1,divorced/separated,1
>= 200 DM ,12,critical account,others,1516,<100 DM,4<= <7 years,4,none,4,real estate,0,none,rent,2,skilled employee / official,2,none,yes,0,divorced/separated,0
0 <= <200 DM,14,existing credits paid back duly till now,car (new),4828,>= 1000 DM,1<= < 4 years,3,none,3,savings agreement/life insurance,0,none,own,2,skilled employee / official,2,none,yes,0,divorced/separated,0
no account,31,critical account,car (new),2868,<100 DM,unemployed,4,none,4,real estate,1,store,own,1,unskilled - resident,1,yes,yes,0,divorced/separated,1
no account,37,existing credits paid back duly till now,furniture/equipment,6294,<100 DM,unemployed,4,none,3,real estate,1,none,own,2,skilled employee / official,1,yes,yes,1,divorced/separated,1
no account,-2,existing credits paid back duly till now,furniture/equipment,-1656,no savings account,<1 years,3,co-applicant,3,real estate,0,none,own,1,skilled employee / official,2,none,yes,1,divorced/separated,1
0 <= <200 DM,23,critical account,car (used),1819,<100 DM,>=7 years,4,none,4,real estate,1,none,own,2,skilled employee / official,2,yes,yes,1,divorced/separated,1
no account,29,critical account,radio/television,4275,<100 DM,>=7 years,4,none,3,savings agreement/life insurance,0,none,own,2,skilled employee / official,2,none,yes,1,divorced/separated,0
<0 DM,12,existing credits paid back duly till now,furniture/equipment,831,<100 DM,<1 years,3,none,3,car or other,1,none,own,2,unskilled - resident,2,none,yes,1,divorced/separated,1
no account,16,existing credits paid back duly till now,car (new),4714,<100 DM,1<= < 4 years,4,none,3,car or other,0,none,own,2,skilled employee / official,2,none,yes,0,divorced/separated,1
no account,21,existing credits paid back duly till now,furniture/equipment,4804,<100 DM,>=7 years,4,none,3,car or other,1,none,rent,2,skilled employee / official,1,yes,no,0,divorced/separated,1
<0 DM,-1,existing credits paid back duly till now,repairs,-489,<100 DM,<1 years,4,none,3,savings agreement/life insurance,0,none,rent,2,skilled employee / official,2,none,yes,0,married/widowed,0
<0 DM,16,existing credits paid back duly till now,radio/television,4408,no savings account,4<= <7 years,4,none,3,real estate,1,store,own,2,skilled employee / official,2,yes,yes,1,divorced/separated,1
no account,11,critical account,furniture/equipment,713,<100 DM,1<= < 4 years,4,none,3,real estate,1,none,own,1,unskilled - resident,1,none,yes,0,divorced/separated,1
0 <= <200 DM,24,existing credits paid back duly till now,business,3628,<100 DM,1<= < 4 years,4,none,3,savings agreement/life insurance,1,none,own,2,skilled employee / official,2,none,yes,1,divorced/separated,1
0 <= <200 DM,32,existing credits paid back duly till now,others,3883,<100 DM,4<= <7 years,3,none,4,real estate,0,none,own,2,unskilled - resident,1,yes,yes,1,divorced/separated,1
>= 200 DM ,6,existing credits paid back duly till now,furniture/equipment,2732,100 <= <500 DM,4<= <7 years,4,none,2,unknown / no property,1,none,own,2,skilled employee / official,2,none,yes,1,divorced/separated,1
<0 DM,30,delay in paying off,car (new),5374,<100 DM,>=7 years,4,none,3,unknown / no property,0,none,for free,2,skilled employee / official,2,none,yes,1,divorced/separated,1
<0 DM,39,critical account,furniture/equipment,7209,<100 DM,>=7 years,3,none,4,real estate,0,none,own,2,skilled employee / official,2,yes,yes,1,divorced/separated,0
no account,25,all credits at this bank paid back duly,business,5060,<100 DM,1<= < 4 years,4,none,3,real estate,1,none,for free,2,unemployed/ unskilled  - non-resident,2,none,yes,1,divorced/separated,1
<0 DM,19,critical account,furniture/equipment,3012,no savings account,4<= <7 years,4,none,4,real estate,1,none,rent,1,skilled employee / official,2,none,yes,1,divorced/separated,1
no account,35,existing credits paid back duly till now,furniture/equipment,3268,<100 DM,1<= < 4 years,3,guarantor,3,real estate,1,bank,rent,2,skilled employee / official,2,none,yes,1,divorced/separated,0
no account,18,existing credits paid back duly till now,radio/television,2054,<100 DM,1<= < 4 years,3,none,3,car or other,1,none,rent,2,unskilled - resident,2,none,yes,1,divorced/separated,1
no account,74,existing credits paid back duly till now,car (new),10544,<100 DM,1<= < 4 years,3,none,4,car or other,1,none,own,2,skilled employee / official,1,none,yes,1,divorced/separated,1
<0 DM,28,existing credits paid back duly till now,business,2745,<100 DM,1<= < 4 years,3,none,3,real estate,1,none,own,2,skilled employee / official,1,yes,yes,1,divorced/separated,1
no account,47,existing credits paid back duly till now,radio/television,7343,<100 DM,4<= <7 years,3,none,3,real estate,1,bank,own,2,skilled employee / official,2,none,yes,0,divorced/separated,1
no account,14,no credits taken,car (new),2041,no savings account,4<= <7 years,4,none,2,savings agreement/life insurance,0,store,rent,2,unskilled - resident,2,yes,yes,1,divorced/separated,1
no account,16,existing credits paid back duly till now,retraining,2649,500 <= < 1000 DM,1<= < 4 years,4,co-applicant,3,unknown / no property,1,none,rent,2,skilled employee / official,2,none,yes,1,divorced/separated,0
<0 DM,15,existing credits paid back duly till now,car (new),-318,no savings account,>=7 years,4,none,4,car or other,1,none,rent,1,unskilled - resident,2,yes,yes,0,divorced/separated,1
<0 DM,23,critical account,furniture/equipment,2815,<100 DM,1<= < 4 years,3,none,4,unknown / no property,1,none,own,2,skilled employee / official,2,none,yes,1,divorced/separated,1
<0 DM,23,critical account,radio/television,4231,100 <= <500 DM,1<= < 4 years,4,none,2,car or other,0,none,own,2,skilled employee / official,2,none,yes,0,divorced/separated,1
<0 DM,13,existing credits paid back duly till now,business,969,>= 1000 DM,1<= < 4 years,4,none,3,car or other,1,bank,rent,2,unskilled - resident,2,yes,yes,0,divorced/separated,1
0 <= <200 DM,29,delay in paying off,radio/television,5823,<100 DM,1<= < 4 years,4,none,3,real estate,1,none,own,2,skilled employee / official,2,none,yes,1,divorced/separated,1
no account,23,critical account,car (new),2923,<100 DM,1<= < 4 years,3,guarantor,2,real estate,1,bank,own,2,skilled employee / official,2,yes,yes,1,married/widowed,1
0 <= <200 DM,41,delay in paying off,car (used),9321,<100 DM,<1 years,3,none,3,real estate,1,none,own,2,skilled employee / official,2,none,yes,1,divorced/separated,0
0 <= <200 DM,16,existing credits paid back duly till now,car (new),3199,<100 DM,<1 years,3,none,2,unknown / no property,1,bank,for free,2,unskilled - resident,1,none,yes,1,married/widowed,0
<0 DM,48,critical account,business,6476,<100 DM,4<= <7 years,3,guarantor,4,savings agreement/life insurance,1,none,own,2,unskilled - resident,2,none,yes,1,divorced/separated,1
>= 200 DM ,6,existing credits paid back duly till now,car (new),-1564,<100 DM,1<= < 4 years,4,none,3,real estate,1,bank,own,2,management/ highly qualified employee,2,yes,yes,0,married/widowed,0
<0 DM,13,existing credits paid back duly till now,furniture/equipment,817,<100 DM,1<= < 4 years,3,none,2,savings agreement/life insurance,1,none,own,3,unskilled - resident,2,yes,no,1,married/widowed,0
no account,15,existing credits paid back duly till now,car (used),2546,<100 DM,1<= < 4 years,3,none,1,savings agreement/life insurance,1,none,own,3,skilled employee / official,2,none,yes,1,divorced/separated,1
<0 DM,4,existing credits paid back duly till now,radio/television,-451,<100 DM,>=7 years,4,none,3,unknown / no property,1,store,own,2,unskilled - resident,2,none,yes,1,married/widowed,1
0 <= <200 DM,33,existing credits paid back duly till now,radio/television,7161,no savings account,1<= < 4 years,3,co-applicant,3,unknown / no property,1,none,own,2,management/ highly qualified employee,2,yes,yes,0,divorced/separated,0
no account,17,existing credits paid back duly till now,business,3437,<100 DM,>=7 years,3,none,3,car or other,1,none,own,2,unskilled - resident,2,yes,yes,1,divorced/separated,1
<0 DM,16,critical account,radio/television,1309,<100 DM,4<= <7 years,4,none,3,real estate,0,none,own,2,management/ highly qualified employee,2,none,yes,1,divorced/separated,0
no account,9,existing credits paid back duly till now,radio/television,-126,<100 DM,1<= < 4 years,4,guarantor,3,unknown / no property,1,none,rent,2,management/ highly qualified employee,1,none,yes,1,divorced/separated,1
<0 DM,-7,existing credits paid back duly till now,domestic appliances,-1447,<100 DM,unemployed,4,none,3,real estate,1,none,own,2,skilled employee / official,2,yes,yes,1,married/widowed,1
no account,35,critical account,radio/television,6801,<100 DM,>=7 years,3,none,4,real estate,1,none,own,2,management/ highly qualified employee,2,none,yes,0,divorced/separated,1
<0 DM,21,critical account,furniture/equipment,4724,<100 DM,<1 years,2,none,3,real estate,1,none,rent,2,skilled employee / official,2,none,yes,1,divorced/separated,1
no account,18,existing credits paid back duly till now,car (new),1239,<100 DM,>=7 years,3,none,3,car or other,1,none,for free,2,unskilled - resident,2,yes,yes,0,divorced/separated,1
0 <= <200 DM,7,existing credits paid back duly till now,furniture/equipment,20,<100 DM,1<= < 4 years,5,none,2,real estate,1,none,own,2,skilled employee / official,2,yes,yes,1,divorced/separated,1
0 <= <200 DM,52,critical account,repairs,9121,<100 DM,<1 years,4,none,4,savings agreement/life insurance,1,none,own,2,skilled employee / official,2,yes,yes,0,divorced/separated,1
0 <= <200 DM,41,existing credits paid back duly till now,repairs,5442,500 <= < 1000 DM,4<= <7 years,3,none,5,car or other,1,none,own,2,skilled employee / official,2,none,yes,1,divorced/separated,1
<0 DM,45,no credits taken,radio/television,6771,<100 DM,<1 years,3,none,3,real estate,1,none,own,2,skilled employee / official,1,yes,yes,1,divorced/separated,1
0 <= <200 DM,31,existing credits paid back duly till now,radio/television,8919,<100 DM,4<= <7 years,3,none,4,car or other,1,none,own,2,skilled employee / official,2,none,no,0,divorced/separated,0
no account,29,all credits at this bank paid back duly,radio/television,3778,100 <= <500 DM,>=7 years,3,none,3,car or other,1,none,own,2,skilled employee / official,2,yes,yes,1,divorced/separated,1
no account,24,existing credits paid back duly till now,furniture/equipment,3193,<100 DM,<1 years,3,none,2,real estate,1,none,rent,2,skilled employee / official,1,yes,yes,1,divorced/separated,1
no account,28,critical account,business,2634,<100 DM,>=7 years,2,none,3,real estate,1,none,own,2,unskilled - resident,1,none,yes,1,divorced/separated,1
0 <= <200 DM,32,no credits taken,car (new),5314,<100 DM,4<= <7 years,4,co-applicant,3,car or other,1,none,own,2,skilled employee / official,2,yes,yes,1,divorced/separated,0
0 <= <200 DM,27,critical account,furniture/equipment,3001,no savings account,1<= < 4 years,4,none,4,savings agreement/life insurance,0,none,own,2,skilled employee / official,2,yes,yes,1,divorced/separated,1
no account,11,no credits taken,car (used),1243,<100 DM,>=7 years,4,none,2,unknown / no property,0,none,own,2,skilled employee / official,1,none,yes,0,divorced/separated,1
<0 DM,24,existing credits paid back duly till now,car (used),5359,<100 DM,1<= < 4 years,4,none,5,car or other,1,none,own,1,unskilled - resident,2,none,yes,1,divorced/separated,1
<0 DM,47,existing credits paid back duly till now,car (new),10555,<100 DM,4<= <7 years,2,none,3,car or other,1,none,own,2,unskilled - resident,2,none,yes,0,divorced/separated,1
0 <= <200 DM,16,existing credits paid back duly till now,radio/television,3208,<100 DM,1<= < 4 years,4,co-applicant,2,real estate,1,store,rent,2,unskilled - resident,2,yes,yes,1,divorced/separated,1
0 <= <200 DM,32,existing credits paid back duly till now,business,2010,<100 DM,1<= < 4 years,3,none,3,car or other,1,none,own,2,skilled employee / official,2,none,yes,1,divorced/separated,1
no account,-10,existing credits paid back duly till now,radio/television,-1837,no savings account,>=7 years,4,none,2,real estate,0,none,own,3,skilled employee / official,2,none,yes,1,divorced/separated,0
no account,23,existing credits paid back duly till now,radio/television,2143,<100 DM,1<= < 4 years,3,none,2,savings agreement/life insurance,1,none,rent,2,skilled employee / official,2,yes,yes,0,divorced/separated,1
no account,25,existing credits paid back duly till now,furniture/equipment,3366,no savings account,1<= < 4 years,3,none,3,real estate,1,none,own,2,management/ highly qualified employee,1,yes,yes,1,divorced/separated,1
0 <= <200 DM,2,critical account,furniture/equipment,-1110,no savings account,1<= < 4 years,3,none,3,car or other,1,none,own,2,skilled employee / official,2,none,yes,1,divorced/separated,0
0 <= <200 DM,25,existing credits paid back duly till now,furniture/equipment,3827,<100 DM,>=7 years,3,none,3,car or other,1,bank,own,1,skilled employee / official,2,none,yes,1,divorced/separated,1
<0 DM,-2,no credits taken,car (used),-1201,<100 DM,>=7 years,3,none,4,savings agreement/life insurance,1,store,own,1,skilled employee / official,2,yes,yes,0,divorced/separated,1
<0 DM,41,existing credits paid back duly till now,domestic appliances,6697,<100 DM,1<= < 4 years,3,none,6,car or other,1,none,own,1,management/ highly qualified employee,2,yes,yes,1,divorced/separated,0
<0 DM,16,existing credits paid back duly till now,others,3133,<100 DM,4<= <7 years,3,none,3,real estate,0,none,own,1,management/ highly qualified employee,1,none,yes,1,divorced/separated,1
0 <= <200 DM,26,critical account,domestic appliances,5583,<100 DM,>=7 years,4,none,5,savings agreement/life insurance,1,none,own,2,skilled employee / official,2,yes,yes,1,divorced/separated,1
0 <= <200 DM,47,existing credits paid back duly till now,radio/television,10570,<100 DM,1<= < 4 years,3,none,4,car or other,1,none,own,3,skilled employee / official,2,yes,yes,0,divorced/separated,0
0 <= <200 DM,10,existing credits paid back duly till now,furniture/equipment,310,no savings account,4<= <7 years,3,none,3,car or other,1,none,own,2,skilled employee / official,1,none,yes,1,divorced/separated,0
0 <= <200 DM,38,delay in paying off,car (used),7154,100 <= <500 DM,4<= <7 years,3,none,3,savings agreement/life insurance,1,bank,own,1,skilled employee / official,2,yes,yes,1,divorced/separated,1
no account,16,existing credits paid back duly till now,radio/television,1549,no savings account,>=7 years,5,none,4,real estate,1,none,own,2,unskilled - resident,2,none,yes,1,divorced/separated,1
<0 DM,8,existing credits paid back duly till now,car (new),2880,<100 DM,<1 years,3,none,2,real estate,1,none,own,2,skilled employee / official,2,none,yes,0,divorced/separated,1
<0 DM,18,existing credits paid back duly till now,education,688,<100 DM,1<= < 4 years,3,none,3,real estate,1,none,own,2,skilled employee / official,1,yes,yes,0,divorced/separated,1
no account,31,existing credits paid back duly till now,domestic appliances,4720,no savings account,1<= < 4 years,2,none,3,real estate,1,none,own,2,skilled employee / official,2,none,yes,0,divorced/separated,1
0 <= <200 DM,11,existing credits paid back duly till now,car (used),2924,100 <= <500 DM,1<= < 4 years,4,none,3,real estate,1,none,own,2,skilled employee / official,2,none,yes,1,divorced/separated,1
0 <= <200 DM,13,all credits at this bank paid back duly,car (new),-232,<100 DM,<1 years,5,none,4,car or other,1,none,own,1,skilled employee / official,2,yes,yes,1,divorced/separated,1
no account,31,critical account,car (new),7263,<100 DM,1<= < 4 years,4,none,4,savings agreement/life insurance,1,none,own,3,skilled employee / official,2,yes,yes,1,divorced/separated,1
<0 DM,14,existing credits paid back duly till now,radio/television,-2317,100 <= <500 DM,<1 years,4,none,4,car or other,1,none,own,2,skilled employee / official,2,yes,yes,1,divorced/separated,1
no account,12,existing credits paid back duly till now,radio/television,2164,<100 DM,1<= < 4 years,4,none,3,unknown / no property,1,none,own,1,skilled employee / official,1,none,yes,1,divorced/separated,1
no account,-4,existing credits paid back duly till now,car (used),-3142,no savings account,>=7 years,5,none,2,car or other,1,none,rent,1,skilled employee / official,2,yes,yes,1,divorced/separated,1
<0 DM,23,existing credits paid back duly till now,furniture/equipment,4233,<100 DM,<1 years,3,none,3,real estate,1,none,own,2,skilled employee / official,2,none,yes,0,divorced/separated,1
no account,24,critical account,radio/television,1384,<100 DM,<1 years,2,none,4,car or other,1,none,for free,2,unskilled - resident,2,yes,yes,1,divorced/separated,1
0 <= <200 DM,12,existing credits paid back duly till now,radio/television,-369,<100 DM,1<= < 4 years,4,none,5,car or other,1,bank,rent,2,skilled employee / official,2,none,yes,1,divorced/separated,0
no account,17,existing credits paid back duly till now,furniture/equipment,3308,<100 DM,unemployed,4,none,3,savings agreement/life insurance,1,none,own,2,skilled employee / official,2,none,yes,1,divorced/separated,0
no account,0,existing credits paid back duly till now,radio/television,326,<100 DM,<1 years,4,none,2,real estate,1,store,own,2,skilled employee / official,1,none,yes,1,divorced/separated,0
no account,46,critical account,radio/television,8199,<100 DM,1<= < 4 years,4,none,4,car or other,1,none,own,2,skilled employee / official,2,yes,yes,1,divorced/separated,1
<0 DM,12,critical account,radio/television,3259,<100 DM,<1 years,4,none,2,unknown / no property,1,none,own,2,skilled employee / official,1,yes,yes,1,divorced/separated,0
<0 DM,22,existing credits paid back duly till now,furniture/equipment,3784,<100 DM,1<= < 4 years,3,none,3,car or other,1,store,own,2,skilled employee / official,1,yes,yes,0,divorced/separated,1
<0 DM,20,existing credits paid back duly till now,radio/television,5784,<100 DM,>=7 years,3,none,4,real estate,1,none,own,2,skilled employee / official,2,yes,yes,1,divorced/separated,0
0 <= <200 DM,10,existing credits paid back duly till now,car (new),66,<100 DM,unemployed,2,none,4,savings agreement/life insurance,1,none,own,2,unskilled - resident,2,yes,yes,1,divorced/separated,1
0 <= <200 DM,10,critical account,car (new),1363,<100 DM,1<= < 4 years,4,none,3,real estate,1,none,rent,3,skilled employee / official,2,none,yes,1,divorced/separated,1
0 <= <200 DM,24,critical account,retraining,4556,<100 DM,1<= < 4 years,3,none,3,savings agreement/life insurance,1,none,own,2,unskilled - resident,2,yes,yes,1,divorced/separated,1
>= 200 DM ,6,existing credits paid back duly till now,car (new),738,<100 DM,>=7 years,3,none,3,car or other,1,none,rent,1,unskilled - resident,1,none,yes,1,married/widowed,1
0 <= <200 DM,41,existing credits paid back duly till now,car (new),6582,no savings account,1<= < 4 years,4,none,3,car or other,1,none,own,2,skilled employee / official,2,yes,yes,1,divorced/separated,1
no account,35,critical account,car (new),5219,<100 DM,1<= < 4 years,2,none,4,savings agreement/life insurance,1,none,for free,1,skilled employee / official,1,none,yes,0,divorced/separated,0
<0 DM,6,existing credits paid back duly till now,radio/television,832,<100 DM,<1 years,3,none,1,car or other,1,none,own,3,skilled employee / official,1,none,no,1,divorced/separated,1
no account,43,existing credits paid back duly till now,car (new),5830,no savings account,<1 years,3,none,3,real estate,1,none,own,2,skilled employee / official,2,yes,yes,0,divorced/separated,1
<0 DM,38,existing credits paid back duly till now,car (new),3971,100 <= <500 DM,unemployed,3,none,4,savings agreement/life insurance,1,bank,own,2,skilled employee / official,1,yes,yes,0,divorced/separated,1
<0 DM,23,no credits taken,furniture/equipment,3659,100 <= <500 DM,1<= < 4 years,3,co-applicant,3,real estate,1,none,own,2,management/ highly qualified employee,1,none,yes,0,divorced/separated,1
no account,29,critical account,radio/television,5211,<100 DM,1<= < 4 years,3,none,3,car or other,1,none,own,2,skilled employee / official,2,none,yes,1,divorced/separated,0
no account,53,critical account,car (new),9487,no savings account,>=7 years,3,none,3,real estate,1,none,own,3,management/ highly qualified employee,2,none,yes,1,divorced/separated,1
0 <= <200 DM,4,critical account,car (new),2315,<100 DM,4<= <7 years,4,none,2,unknown / no property,1,bank,own,3,skilled employee / official,2,none,yes,0,divorced/separated,1
<0 DM,-6,critical account,radio/television,-1144,100 <= <500 DM,<1 years,3,none,2,car or other,1,none,rent,2,skilled employee / official,1,none,yes,1,divorced/separated,1
0 <= <200 DM,1,existing credits paid back duly till now,furniture/equipment,-1704,<100 DM,1<= < 4 years,3,none,2,car or other,1,none,rent,2,management/ highly qualified employee,1,none,yes,1,divorced/separated,1
no account,11,existing credits paid back duly till now,furniture/equipment,2699,<100 DM,>=7 years,4,none,2,real estate,1,none,rent,2,skilled employee / official,2,yes,yes,1,divorced/separated,1
no account,26,critical account,car (new),4688,100 <= <500 DM,1<= < 4 years,5,none,4,real estate,0,none,own,3,unskilled - resident,2,yes,yes,1,divorced/separated,1
no account,55,critical account,radio/television,9974,<100 DM,<1 years,4,co-applicant,3,car or other,1,none,own,2,unskilled - resident,2,yes,yes,1,divorced/separated,0
<0 DM,52,existing credits paid back duly till now,car (used),10677,<100 DM,>=7 years,3,none,4,car or other,1,bank,own,1,skilled employee / official,1,yes,yes,1,divorced/separated,0
>= 200 DM ,16,existing credits paid back duly till now,radio/television,3545,no savings account,>=7 years,3,none,2,car or other,0,none,own,2,skilled employee / official,2,yes,yes,1,divorced/separated,1
no account,-16,existing credits paid back duly till now,furniture/equipment,-4382,<100 DM,1<= < 4 years,3,none,1,real estate,1,none,rent,2,unskilled - resident,1,none,yes,1,divorced/separated,1
0 <= <200 DM,27,existing credits paid back duly till now,business,2284,<100 DM,1<= < 4 years,4,none,7,car or other,1,none,own,1,management/ highly qualified employee,2,none,yes,1,divorced/separated,1
<0 DM,6,existing credits paid back duly till now,car (new),543,<100 DM,>=7 years,4,none,6,real estate,1,none,own,2,unskilled - resident,2,none,yes,0,divorced/separated,1
<0 DM,64,existing credits paid back duly till now,car (new),13023,<100 DM,>=7 years,3,none,4,car or other,1,none,own,3,unskilled - resident,2,yes,yes,1,divorced/separated,0
<0 DM,4,existing credits paid back duly till now,radio/television,-146,no savings account,<1 years,4,none,3,car or other,1,none,own,1,unskilled - resident,1,yes,yes,1,divorced/separated,1
0 <= <200 DM,17,existing credits paid back duly till now,car (new),4036,no savings account,unemployed,4,none,4,savings agreement/life insurance,1,none,own,2,skilled employee / official,2,yes,yes,0,divorced/separated,1
>= 200 DM ,40,existing credits paid back duly till now,radio/television,7758,<100 DM,>=7 years,4,none,4,unknown / no property,1,none,own,2,skilled employee / official,1,none,yes,0,divorced/separated,1
no account,7,critical account,radio/television,-591,100 <= <500 DM,4<= <7 years,3,none,3,real estate,1,none,rent,1,skilled employee / official,1,none,yes,0,divorced/separated,1
<0 DM,36,existing credits paid back duly till now,radio/television,5285,<100 DM,unemployed,3,none,3,real estate,1,none,rent,2,unskilled - resident,2,yes,yes,1,divorced/separated,1
no account,17,critical account,business,1449,<100 DM,>=7 years,4,none,4,real estate,1,none,rent,2,unskilled - resident,2,none,yes,1,divorced/separated,1
no account,19,existing credits paid back duly till now,furniture/equipment,988,<100 DM,>=7 years,4,none,3,real estate,1,none,own,1,unskilled - resident,1,yes,yes,1,divorced/separated,1
<0 DM,-13,existing credits paid back duly till now,furniture/equipment,-2850,<100 DM,>=7 years,2,none,1,real estate,1,none,rent,1,skilled employee / official,1,none,yes,1,divorced/separated,1
no account,0,existing credits paid back duly till now,furniture/equipment,-20,no savings account,4<= <7 years,3,none,2,savings agreement/life insurance,1,none,own,2,unskilled - resident,2,none,yes,1,divorced/separated,1
0 <= <200 DM,-8,existing credits paid back duly till now,business,-3455,<100 DM,<1 years,3,none,1,real estate,1,none,rent,1,skilled employee / official,1,none,yes,0,divorced/separated,1
no account,24,critical account,radio/television,4759,<100 DM,4<= <7 years,3,none,2,real estate,1,none,own,2,skilled employee / official,1,none,yes,1,divorced/separated,1
no account,-9,existing credits paid back duly till now,repairs,-3690,<100 DM,4<= <7 years,4,none,2,real estate,1,none,rent,2,unskilled - resident,1,none,yes,0,divorced/separated,1
0 <= <200 DM,17,all credits at this bank paid back duly,furniture/equipment,3406,<100 DM,1<= < 4 years,3,none,3,real estate,1,none,own,3,skilled employee / official,2,none,yes,0,divorced/separated,1
0 <= <200 DM,21,critical account,car (used),4560,<100 DM,1<= < 4 years,4,none,2,savings agreement/life insurance,1,none,own,2,skilled employee / official,1,none,yes,1,divorced/separated,1
<0 DM,-16,existing credits paid back duly till now,car (new),-4310,<100 DM,>=7 years,6,none,4,real estate,1,none,own,1,skilled employee / official,2,none,yes,1,divorced/separated,1
0 <= <200 DM,25,existing credits paid back duly till now,education,5066,<100 DM,<1 years,3,none,2,real estate,1,none,own,2,skilled employee / official,1,yes,yes,0,divorced/separated,1
0 <= <200 DM,97,delay in paying off,business,17333,<100 DM,>=7 years,3,none,6,car or other,0,none,own,2,skilled employee / official,2,yes,yes,1,divorced/separated,0
<0 DM,21,existing credits paid back duly till now,car (new),2938,<100 DM,1<= < 4 years,3,none,4,car or other,1,none,own,2,skilled employee / official,1,none,yes,1,divorced/separated,1
<0 DM,3,existing credits paid back duly till now,radio/television,-2634,<100 DM,1<= < 4 years,4,none,3,savings agreement/life insurance,1,none,own,1,unemployed/ unskilled  - non-resident,1,yes,yes,1,divorced/separated,0
0 <= <200 DM,23,critical account,radio/television,4524,<100 DM,<1 years,4,none,5,unknown / no property,1,none,own,2,unskilled - resident,2,none,yes,1,divorced/separated,1
>= 200 DM ,26,existing credits paid back duly till now,radio/television,3318,500 <= < 1000 DM,1<= < 4 years,4,none,3,real estate,1,none,for free,1,skilled employee / official,1,none,yes,0,married/widowed,1
<0 DM,12,existing credits paid back duly till now,business,1489,500 <= < 1000 DM,>=7 years,3,none,3,car or other,1,none,own,2,skilled employee / official,2,none,yes,1,divorced/separated,1
0 <= <200 DM,0,existing credits paid back duly till now,radio/television,-1635,<100 DM,1<= < 4 years,3,none,4,real estate,1,none,rent,1,skilled employee / official,1,none,yes,1,divorced/separated,1
>= 200 DM ,63,delay in paying off,business,12584,<100 DM,1<= < 4 years,5,none,6,unknown / no property,1,none,own,2,skilled employee / official,2,yes,yes,0,divorced/separated,0
no account,28,critical account,car (used),6155,no savings account,>=7 years,3,none,2,real estate,1,store,own,3,skilled employee / official,2,yes,yes,1,divorced/separated,0
0 <= <200 DM,22,existing credits paid back duly till now,radio/television,5839,no savings account,4<= <7 years,3,none,2,car or other,1,none,own,2,unskilled - resident,2,none,yes,1,divorced/separated,1
no account,22,existing credits paid back duly till now,retraining,2727,<100 DM,1<= < 4 years,3,none,4,unknown / no property,1,none,own,1,skilled employee / official,1,none,no,0,divorced/separated,1
no account,18,existing credits paid back duly till now,car (new),2625,<100 DM,4<= <7 years,4,none,4,savings agreement/life insurance,1,bank,own,1,skilled employee / official,2,yes,yes,0,divorced/separated,1
no account,18,existing credits paid back duly till now,business,3859,<100 DM,1<= < 4 years,3,none,4,real estate,1,none,own,0,unskilled - resident,1,none,yes,1,divorced/separated,1
0 <= <200 DM,-11,existing credits paid back duly till now,repairs,-1979,<100 DM,1<= < 4 years,3,none,2,real estate,1,bank,own,3,unskilled - resident,2,none,yes,0,divorced/separated,1
no account,2,critical account,furniture/equipment,182,<100 DM,1<= < 4 years,4,none,4,real estate,1,none,own,1,skilled employee / official,2,none,yes,1,divorced/separated,1
0 <= <200 DM,4,critical account,furniture/equipment,-1188,100 <= <500 DM,<1 years,4,none,2,unknown / no property,1,none,own,2,unskilled - resident,2,none,yes,1,divorced/separated,1
0 <= <200 DM,-2,existing credits paid back duly till now,radio/television,-3324,<100 DM,<1 years,3,none,4,real estate,1,none,own,1,skilled employee / official,1,none,yes,1,divorced/separated,1
no account,54,existing credits paid back duly till now,car (new),9985,<100 DM,<1 years,2,none,5,car or other,1,none,own,2,skilled employee / official,2,yes,yes,1,divorced/separated,0
no account,18,critical account,furniture/equipment,2439,100 <= <500 DM,<1 years,4,none,3,real estate,1,none,for free,2,unskilled - resident,1,yes,yes,0,divorced/separated,1
no account,25,critical account,radio/television,5138,>= 1000 DM,>=7 years,4,none,4,car or other,1,none,rent,2,skilled employee / official,2,yes,yes,0,divorced/separated,1
0 <= <200 DM,14,critical account,car (new),916,<100 DM,<1 years,4,none,4,savings agreement/life insurance,1,none,rent,1,skilled employee / official,2,none,yes,1,divorced/separated,1
0 <= <200 DM,25,existing credits paid back duly till now,business,1637,500 <= < 1000 DM,>=7 years,4,none,5,savings agreement/life insurance,1,none,own,1,skilled employee / official,1,yes,yes,1,divorced/separated,1
no account,-3,existing credits paid back duly till now,radio/television,218,no savings account,1<= < 4 years,3,none,0,real estate,1,none,own,1,skilled employee / official,1,yes,yes,1,divorced/separated,1
0 <= <200 DM,35,delay in paying off,car (new),7424,<100 DM,4<= <7 years,4,none,4,real estate,1,none,rent,2,skilled employee / official,2,none,yes,1,divorced/separated,0
0 <= <200 DM,5,existing credits paid back duly till now,furniture/equipment,-585,no savings account,1<= < 4 years,3,none,3,unknown / no property,0,none,own,2,management/ highly qualified employee,2,yes,yes,0,divorced/separated,1
no account,46,critical account,furniture/equipment,6517,<100 DM,1<= < 4 years,5,none,8,car or other,1,none,own,1,skilled employee / official,2,none,yes,0,divorced/separated,1
no account,34,existing credits paid back duly till now,radio/television,10320,no savings account,1<= < 4 years,3,none,1,real estate,1,bank,own,3,unskilled - resident,1,yes,yes,1,divorced/separated,0
no account,22,existing credits paid back duly till now,radio/television,5519,<100 DM,1<= < 4 years,2,none,3,real estate,1,none,own,1,skilled employee / official,1,yes,yes,1,divorced/separated,1
no account,26,critical account,radio/television,6094,<100 DM,4<= <7 years,5,none,5,car or other,1,none,own,2,skilled employee / official,2,yes,yes,1,divorced/separated,0
<0 DM,24,delay in paying off,others,6868,<100 DM,<1 years,5,none,4,real estate,1,none,own,2,management/ highly qualified employee,2,none,yes,0,divorced/separated,0
<0 DM,31,critical account,business,5164,<100 DM,<1 years,4,none,6,real estate,1,bank,own,1,skilled employee / official,2,none,yes,0,divorced/separated,0
0 <= <200 DM,54,existing credits paid back duly till now,radio/television,10672,<100 DM,<1 years,4,none,4,real estate,1,none,own,2,skilled employee / official,1,yes,yes,1,divorced/separated,1
<0 DM,16,existing credits paid back duly till now,radio/television,3824,no savings account,<1 years,5,none,5,car or other,1,none,own,2,management/ highly qualified employee,2,yes,yes,1,divorced/separated,1
no account,8,existing credits paid back duly till now,radio/television,-1060,<100 DM,4<= <7 years,3,none,4,savings agreement/life insurance,1,none,own,1,unskilled - resident,2,none,yes,1,divorced/separated,0
no account,-24,all credits at this bank paid back duly,business,-7430,<100 DM,1<= < 4 years,4,none,2,real estate,0,bank,rent,1,unskilled - resident,1,none,yes,1,divorced/separated,1
no account,14,critical account,furniture/equipment,718,<100 DM,1<= < 4 years,3,none,4,savings agreement/life insurance,1,none,own,2,unskilled - resident,2,none,yes,0,divorced/separated,1
no account,62,critical account,radio/television,9317,<100 DM,>=7 years,2,none,3,car or other,0,none,own,2,management/ highly qualified employee,2,none,yes,1,divorced/separated,1
no account,21,existing credits paid back duly till now,furniture/equipment,512,<100 DM,1<= < 4 years,4,none,4,real estate,1,none,own,1,management/ highly qualified employee,1,yes,yes,1,divorced/separated,1
<0 DM,9,existing credits paid back duly till now,furniture/equipment,-1146,<100 DM,>=7 years,3,none,3,car or other,1,bank,rent,1,skilled employee / official,1,none,no,1,divorced/separated,1
no account,-12,existing credits paid back duly till now,furniture/equipment,-3677,<100 DM,<1 years,3,none,2,savings agreement/life insurance,1,bank,rent,1,skilled employee / official,1,none,yes,1,divorced/separated,1
0 <= <200 DM,43,critical account,radio/television,7645,<100 DM,unemployed,4,none,7,car or other,1,none,own,2,skilled employee / official,2,yes,yes,1,married/widowed,1
0 <= <200 DM,0,delay in paying off,business,-1417,<100 DM,>=7 years,3,none,3,real estate,1,none,rent,1,management/ highly qualified employee,1,yes,yes,0,married/widowed,1
<0 DM,9,existing credits paid back duly till now,retraining,1310,<100 DM,1<= < 4 years,4,none,2,car or other,1,none,own,2,skilled employee / official,1,none,yes,0,divorced/separated,1
no account,-14,existing credits paid back duly till now,furniture/equipment,-3116,no savings account,<1 years,3,none,1,real estate,1,none,rent,2,unskilled - resident,1,none,yes,1,divorced/separated,0
0 <= <200 DM,32,existing credits paid back duly till now,radio/television,5486,<100 DM,>=7 years,3,none,3,car or other,0,none,rent,1,skilled employee / official,1,none,no,0,divorced/separated,1
0 <= <200 DM,10,existing credits paid back duly till now,business,-239,<100 DM,>=7 years,2,none,3,car or other,1,none,own,1,unskilled - resident,1,none,yes,0,married/widowed,1
no account,42,existing credits paid back duly till now,business,5777,<100 DM,>=7 years,3,none,5,car or other,1,none,own,2,skilled employee / official,2,none,yes,0,divorced/separated,1
<0 DM,-8,existing credits paid back duly till now,radio/television,-2836,<100 DM,1<= < 4 years,2,none,3,real estate,1,none,rent,1,skilled employee / official,1,none,yes,1,divorced/separated,1
no account,59,critical account,others,11863,<100 DM,1<= < 4 years,5,none,4,unknown / no property,1,none,own,2,skilled employee / official,2,yes,yes,1,married/widowed,1
0 <= <200 DM,7,existing credits paid back duly till now,radio/television,1867,<100 DM,>=7 years,3,none,5,car or other,1,none,own,1,skilled employee / official,2,none,yes,1,divorced/separated,0
<0 DM,13,critical account,furniture/equipment,1111,no savings account,<1 years,4,none,4,car or other,0,none,for free,2,unskilled - resident,1,yes,yes,1,divorced/separated,1
no account,42,existing credits paid back duly till now,car (new),8589,no savings account,1<= < 4 years,4,none,3,savings agreement/life insurance,1,none,for free,3,unskilled - resident,2,none,yes,0,divorced/separated,1
<0 DM,8,existing credits paid back duly till now,furniture/equipment,-282,<100 DM,4<= <7 years,4,none,2,car or other,1,none,own,2,unskilled - resident,2,yes,yes,1,divorced/separated,1
0 <= <200 DM,24,existing credits paid back duly till now,radio/television,5365,<100 DM,4<= <7 years,3,none,1,savings agreement/life insurance,1,none,rent,2,skilled employee / official,1,none,yes,1,divorced/separated,1
no account,29,critical account,car (new),4258,no savings account,>=7 years,3,none,4,car or other,0,none,own,3,skilled employee / official,2,none,yes,1,divorced/separated,1
<0 DM,36,existing credits paid back duly till now,furniture/equipment,5203,500 <= < 1000 DM,<1 years,3,none,3,car or other,1,none,for free,1,management/ highly qualified employee,1,none,yes,1,divorced/separated,1
0 <= <200 DM,41,existing credits paid back duly till now,car (new),11348,>= 1000 DM,1<= < 4 years,3,none,5,unknown / no property,1,none,own,2,skilled employee / official,2,yes,yes,1,divorced/separated,0
no account,-6,existing credits paid back duly till now,radio/television,795,<100 DM,unemployed,3,none,1,savings agreement/life insurance,1,none,own,2,skilled employee / official,1,none,yes,1,divorced/separated,1
no account,-1,existing credits paid back duly till now,car (new),-1690,<100 DM,<1 years,3,none,3,real estate,0,none,own,1,skilled employee / official,2,yes,yes,1,divorced/separated,1
<0 DM,32,critical account,car (new),3057,<100 DM,4<= <7 years,3,none,4,savings agreement/life insurance,0,none,own,3,skilled employee / official,2,none,yes,0,divorced/separated,1
0 <= <200 DM,19,existing credits paid back duly till now,car (new),942,<100 DM,1<= < 4 years,2,none,3,real estate,1,none,own,1,skilled employee / official,1,none,yes,0,married/widowed,1
no account,33,critical account,radio/television,4421,<100 DM,>=7 years,3,none,3,unknown / no property,1,none,own,2,unskilled - resident,2,none,yes,0,divorced/separated,1
no account,8,existing credits paid back duly till now,radio/television,768,<100 DM,<1 years,5,none,3,car or other,1,none,own,1,unskilled - resident,1,yes,yes,0,divorced/separated,1
no account,25,critical account,radio/television,3164,<100 DM,4<= <7 years,4,none,2,unknown / no property,1,none,for free,1,skilled employee / official,1,yes,yes,0,divorced/separated,0
0 <= <200 DM,-19,existing credits paid back duly till now,business,-4985,<100 DM,unemployed,3,co-applicant,1,real estate,1,none,for free,1,management/ highly qualified employee,1,none,yes,0,divorced/separated,1
no account,31,delay in paying off,car (new),6814,500 <= < 1000 DM,unemployed,2,none,2,savings agreement/life insurance,1,bank,own,4,skilled employee / official,2,yes,yes,1,divorced/separated,0
no account,30,critical account,business,4562,<100 DM,4<= <7 years,2,none,6,car or other,1,bank,for free,1,skilled employee / official,2,yes,yes,1,divorced/separated,0
no account,1,existing credits paid back duly till now,furniture/equipment,354,<100 DM,4<= <7 years,4,none,1,real estate,1,none,rent,2,skilled employee / official,2,none,yes,1,divorced/separated,1
<0 DM,53,existing credits paid back duly till now,radio/television,9247,<100 DM,4<= <7 years,4,none,5,savings agreement/life insurance,1,bank,rent,3,unemployed/ unskilled  - non-resident,1,none,yes,1,divorced/separated,0
no account,8,delay in paying off,furniture/equipment,-538,<100 DM,>=7 years,3,none,1,real estate,1,none,own,3,unskilled - resident,2,yes,yes,1,divorced/separated,1
no account,6,existing credits paid back duly till now,radio/television,195,<100 DM,4<= <7 years,3,none,2,car or other,1,none,own,1,skilled employee / official,1,none,no,1,divorced/separated,1
0 <= <200 DM,-12,existing credits paid back duly till now,radio/television,-5843,<100 DM,<1 years,5,none,3,real estate,1,none,rent,0,unskilled - resident,1,none,yes,1,divorced/separated,0
0 <= <200 DM,54,delay in paying off,radio/television,10801,<100 DM,>=7 years,2,none,3,savings agreement/life insurance,1,none,own,2,management/ highly qualified employee,1,yes,yes,0,divorced/separated,1
<0 DM,22,existing credits paid back duly till now,radio/television,6601,500 <= < 1000 DM,1<= < 4 years,5,none,1,savings agreement/life insurance,1,none,own,2,unskilled - resident,2,none,yes,1,divorced/separated,0
<0 DM,13,existing credits paid back duly till now,radio/television,463,<100 DM,4<= <7 years,3,none,1,savings agreement/life insurance,1,none,for free,1,skilled employee / official,1,none,yes,0,divorced/separated,0
no account,5,existing credits paid back duly till now,radio/television,1059,<100 DM,4<= <7 years,3,none,3,real estate,1,none,own,2,skilled employee / official,1,none,yes,0,divorced/separated,0
0 <= <200 DM,11,existing credits paid back duly till now,furniture/equipment,1362,500 <= < 1000 DM,<1 years,4,none,4,savings agreement/life insurance,1,none,rent,2,skilled employee / official,2,none,yes,0,divorced/separated,1
0 <= <200 DM,7,existing credits paid back duly till now,radio/television,1625,<100 DM,4<= <7 years,3,none,1,car or other,1,none,own,2,unskilled - resident,1,none,yes,1,divorced/separated,1
<0 DM,10,existing credits paid back duly till now,car (new),351,<100 DM,1<= < 4 years,4,none,3,real estate,1,none,own,1,skilled employee / official,1,none,yes,1,divorced/separated,1
no account,7,existing credits paid back duly till now,business,-1662,no savings account,>=7 years,2,none,5,car or other,0,none,rent,1,unskilled - resident,1,none,yes,0,divorced/separated,1
<0 DM,9,existing credits paid back duly till now,car (new),1997,<100 DM,<1 years,4,none,3,real estate,1,none,for free,3,skilled employee / official,2,none,yes,1,divorced/separated,1
<0 DM,28,critical account,radio/television,2784,no savings account,<1 years,4,none,5,car or other,1,none,own,1,skilled employee / official,1,none,yes,0,divorced/separated,0
no account,11,existing credits paid back duly till now,car (new),597,<100 DM,<1 years,3,none,2,savings agreement/life insurance,0,none,own,2,skilled employee / official,1,none,yes,0,divorced/separated,1
0 <= <200 DM,5,existing credits paid back duly till now,car (used),2772,500 <= < 1000 DM,1<= < 4 years,2,none,1,real estate,1,none,own,2,skilled employee / official,1,yes,yes,1,divorced/separated,1
<0 DM,5,existing credits paid back duly till now,furniture/equipment,-1249,<100 DM,>=7 years,5,none,4,savings agreement/life insurance,1,none,own,1,skilled employee / official,1,none,yes,1,divorced/separated,1
<0 DM,53,existing credits paid back duly till now,radio/television,8634,100 <= <500 DM,<1 years,3,none,5,savings agreement/life insurance,1,none,own,1,management/ highly qualified employee,2,yes,yes,1,divorced/separated,0
0 <= <200 DM,15,existing credits paid back duly till now,furniture/equipment,700,<100 DM,>=7 years,2,none,4,savings agreement/life insurance,1,none,rent,2,skilled employee / official,2,yes,yes,1,divorced/separated,1
no account,-15,critical account,furniture/equipment,-2511,<100 DM,<1 years,2,none,-2,real estate,1,none,own,2,skilled employee / official,1,none,yes,0,divorced/separated,1
0 <= <200 DM,8,existing credits paid back duly till now,furniture/equipment,-1639,<100 DM,>=7 years,4,none,5,savings agreement/life insurance,1,none,own,1,skilled employee / official,2,yes,no,1,divorced/separated,0
0 <= <200 DM,0,existing credits paid back duly till now,car (used),-1247,<100 DM,<1 years,3,none,3,savings agreement/life insurance,1,none,own,2,unskilled - resident,2,none,yes,1,divorced/separated,1
no account,17,existing credits paid back duly till now,domestic appliances,561,no savings account,4<= <7 years,4,none,5,real estate,1,bank,rent,1,skilled employee / official,2,yes,yes,1,divorced/separated,1
no account,16,existing credits paid back duly till now,furniture/equipment,4153,no savings account,1<= < 4 years,3,none,0,car or other,1,store,own,2,management/ highly qualified employee,1,yes,yes,1,divorced/separated,1
<0 DM,39,critical account,education,9895,<100 DM,>=7 years,3,none,3,savings agreement/life insurance,0,none,own,2,unskilled - resident,2,yes,yes,1,divorced/separated,1
0 <= <200 DM,30,existing credits paid back duly till now,radio/television,4625,>= 1000 DM,1<= < 4 years,2,none,3,car or other,1,none,rent,1,skilled employee / official,1,none,yes,0,divorced/separated,0
<0 DM,1,existing credits paid back duly till now,radio/television,-1690,<100 DM,>=7 years,3,none,3,car or other,0,none,own,3,management/ highly qualified employee,2,none,no,1,divorced/separated,1
no account,4,existing credits paid back duly till now,radio/television,1705,<100 DM,<1 years,2,none,1,real estate,1,bank,own,2,skilled employee / official,1,none,yes,1,divorced/separated,1
0 <= <200 DM,23,critical account,car (new),4187,<100 DM,4<= <7 years,3,none,2,savings agreement/life insurance,0,none,own,3,skilled employee / official,2,yes,yes,1,divorced/separated,1
no account,11,existing credits paid back duly till now,radio/television,-1006,<100 DM,1<= < 4 years,5,none,3,real estate,1,none,own,1,skilled employee / official,2,none,yes,1,divorced/separated,1
<0 DM,44,critical account,car (new),10550,<100 DM,4<= <7 years,3,none,5,savings agreement/life insurance,1,none,own,3,skilled employee / official,2,yes,yes,0,divorced/separated,1
no account,26,existing credits paid back duly till now,car (new),4395,<100 DM,>=7 years,3,none,3,savings agreement/life insurance,1,bank,own,2,skilled employee / official,1,yes,yes,1,divorced/separated,0
no account,29,existing credits paid back duly till now,car (new),3118,<100 DM,1<= < 4 years,3,none,4,savings agreement/life insurance,1,none,own,3,unskilled - resident,2,none,yes,0,divorced/separated,1
no account,33,critical account,car (new),3063,no savings account,4<= <7 years,4,guarantor,5,car or other,1,none,own,2,skilled employee / official,2,none,yes,0,divorced/separated,1
<0 DM,25,existing credits paid back duly till now,radio/television,1685,100 <= <500 DM,1<= < 4 years,5,none,3,savings agreement/life insurance,1,none,own,3,skilled employee / official,2,none,yes,1,divorced/separated,1
0 <= <200 DM,32,existing credits paid back duly till now,car (new),4942,<100 DM,1<= < 4 years,3,none,4,savings agreement/life insurance,1,none,own,2,unskilled - resident,2,none,yes,1,divorced/separated,1
no account,28,delay in paying off,business,706,<100 DM,4<= <7 years,3,none,6,unknown / no property,0,none,own,1,skilled employee / official,2,none,yes,0,divorced/separated,1
<0 DM,33,existing credits paid back duly till now,car (used),3871,<100 DM,1<= < 4 years,3,none,6,car or other,1,none,rent,2,skilled employee / official,2,yes,yes,1,married/widowed,0
0 <= <200 DM,34,existing credits paid back duly till now,car (used),6108,<100 DM,4<= <7 years,2,none,1,savings agreement/life insurance,1,none,own,3,skilled employee / official,2,none,yes,1,divorced/separated,1
0 <= <200 DM,26,critical account,radio/television,4597,<100 DM,4<= <7 years,5,none,3,real estate,1,bank,rent,2,skilled employee / official,2,yes,yes,1,divorced/separated,1
no account,2,critical account,radio/television,-1220,<100 DM,1<= < 4 years,5,none,4,unknown / no property,1,none,own,1,skilled employee / official,2,none,yes,0,divorced/separated,0
0 <= <200 DM,22,existing credits paid back duly till now,car (used),4130,<100 DM,>=7 years,3,none,2,unknown / no property,1,none,own,1,skilled employee / official,1,none,yes,1,divorced/separated,1
0 <= <200 DM,-9,existing credits paid back duly till now,radio/television,-2713,no savings account,1<= < 4 years,5,none,6,unknown / no property,0,none,rent,1,skilled employee / official,2,none,yes,0,divorced/separated,1
<0 DM,-17,existing credits paid back duly till now,repairs,-6954,no savings account,1<= < 4 years,5,none,3,unknown / no property,0,none,for free,1,skilled employee / official,2,none,yes,1,divorced/separated,1
no account,-2,existing credits paid back duly till now,car (new),-1469,<100 DM,1<= < 4 years,3,none,3,savings agreement/life insurance,1,none,own,2,skilled employee / official,1,none,yes,1,divorced/separated,1
0 <= <200 DM,16,existing credits paid back duly till now,car (new),2754,no savings account,<1 years,4,none,2,car or other,1,none,own,2,unskilled - resident,1,none,yes,1,divorced/separated,1
<0 DM,46,existing credits paid back duly till now,radio/television,6604,no savings account,>=7 years,4,none,6,car or other,1,none,own,1,skilled employee / official,2,yes,yes,0,divorced/separated,1
<0 DM,39,critical account,car (used),8758,<100 DM,unemployed,4,none,5,car or other,1,none,own,2,skilled employee / official,2,none,yes,1,divorced/separated,0
<0 DM,19,critical account,radio/television,4587,<100 DM,1<= < 4 years,4,none,2,real estate,1,none,own,2,skilled employee / official,1,none,yes,1,divorced/separated,0
no account,47,critical account,furniture/equipment,5671,no savings account,>=7 years,3,none,3,real estate,1,none,own,2,management/ highly qualified employee,2,none,no,0,divorced/separated,0
<0 DM,56,critical account,retraining,10381,<100 DM,4<= <7 years,2,none,2,car or other,1,none,own,1,unemployed/ unskilled  - non-resident,2,yes,yes,1,divorced/separated,0
0 <= <200 DM,8,existing credits paid back duly till now,radio/television,399,<100 DM,<1 years,4,none,5,real estate,1,none,own,2,skilled employee / official,2,none,yes,1,divorced/separated,1
0 <= <200 DM,-21,existing credits paid back duly till now,radio/television,-7282,100 <= <500 DM,>=7 years,4,none,5,real estate,1,none,rent,0,management/ highly qualified employee,2,none,yes,0,divorced/separated,1
no account,22,existing credits paid back duly till now,radio/television,1318,<100 DM,<1 years,5,none,6,savings agreement/life insurance,1,none,own,0,skilled employee / official,1,yes,yes,1,divorced/separated,0
<0 DM,24,critical account,radio/television,3436,<100 DM,1<= < 4 years,3,none,5,car or other,1,none,own,2,skilled employee / official,1,yes,yes,1,divorced/separated,0
0 <= <200 DM,2,existing credits paid back duly till now,car (new),-174,100 <= <500 DM,>=7 years,5,none,3,savings agreement/life insurance,1,bank,own,2,skilled employee / official,2,none,yes,1,divorced/separated,0
<0 DM,19,existing credits paid back duly till now,car (new),1112,<100 DM,<1 years,3,none,4,savings agreement/life insurance,1,none,rent,2,unskilled - resident,1,yes,yes,1,divorced/separated,1
no account,1,critical account,radio/television,-543,500 <= < 1000 DM,>=7 years,4,none,5,car or other,1,none,own,1,skilled employee / official,2,none,yes,0,divorced/separated,1
no account,5,existing credits paid back duly till now,car (new),466,no savings account,<1 years,5,none,0,real estate,1,bank,own,1,skilled employee / official,2,yes,yes,1,divorced/separated,1
0 <= <200 DM,10,critical account,car (new),-516,<100 DM,>=7 years,4,none,1,car or other,1,none,own,2,unskilled - resident,1,none,yes,0,married/widowed,1
<0 DM,20,existing credits paid back duly till now,radio/television,4633,<100 DM,<1 years,2,none,0,unknown / no property,1,none,own,2,unskilled - resident,1,none,yes,1,divorced/separated,1
no account,21,existing credits paid back duly till now,car (used),1225,<100 DM,<1 years,2,none,4,savings agreement/life insurance,1,none,own,1,skilled employee / official,1,none,yes,0,divorced/separated,1
no account,31,delay in paying off,business,7511,<100 DM,>=7 years,4,none,7,savings agreement/life insurance,1,none,own,3,skilled employee / official,2,none,yes,1,divorced/separated,0
no account,10,critical account,car (new),1842,<100 DM,<1 years,4,none,3,car or other,1,none,own,2,skilled employee / official,2,none,yes,1,divorced/separated,0
no account,26,existing credits paid back duly till now,furniture/equipment,4302,<100 DM,1<= < 4 years,4,none,5,car or other,1,none,own,2,skilled employee / official,2,none,yes,1,divorced/separated,0
0 <= <200 DM,-8,existing credits paid back duly till now,radio/television,-3815,<100 DM,4<= <7 years,5,none,5,savings agreement/life insurance,1,none,rent,1,management/ highly qualified employee,2,yes,yes,0,divorced/separated,1
0 <= <200 DM,34,existing credits paid back duly till now,car (new),4143,<100 DM,1<= < 4 years,3,none,3,unknown / no property,1,none,own,2,skilled employee / official,2,none,yes,1,divorced/separated,1
<0 DM,-23,existing credits paid back duly till now,radio/television,-9072,100 <= <500 DM,<1 years,3,none,2,real estate,0,none,rent,1,unskilled - resident,1,none,yes,0,divorced/separated,1
no account,14,critical account,car (used),2232,500 <= < 1000 DM,1<= < 4 years,3,none,2,savings agreement/life insurance,1,none,own,1,skilled employee / official,1,none,yes,1,divorced/separated,1
0 <= <200 DM,6,existing credits paid back duly till now,domestic appliances,-815,100 <= <500 DM,1<= < 4 years,4,none,4,real estate,1,none,own,2,skilled employee / official,2,none,yes,1,divorced/separated,1
no account,1,critical account,radio/television,-2083,no savings account,>=7 years,7,none,5,real estate,1,none,own,1,unskilled - resident,2,none,yes,0,divorced/separated,0
<0 DM,36,existing credits paid back duly till now,radio/television,5549,<100 DM,4<= <7 years,4,none,3,savings agreement/life insurance,1,bank,own,2,skilled employee / official,1,none,yes,1,divorced/separated,0
<0 DM,23,delay in paying off,radio/television,1246,<100 DM,unemployed,3,none,2,unknown / no property,0,none,own,2,skilled employee / official,1,none,yes,0,divorced/separated,1
<0 DM,20,existing credits paid back duly till now,radio/television,2769,<100 DM,>=7 years,5,none,5,savings agreement/life insurance,1,bank,rent,2,skilled employee / official,2,none,yes,1,divorced/separated,1
0 <= <200 DM,15,existing credits paid back duly till now,radio/television,-858,<100 DM,1<= < 4 years,5,none,6,car or other,1,none,own,2,unskilled - resident,1,none,yes,1,divorced/separated,1
>= 200 DM ,28,existing credits paid back duly till now,car (new),4653,100 <= <500 DM,>=7 years,4,none,3,car or other,1,none,own,3,unemployed/ unskilled  - non-resident,2,none,yes,1,divorced/separated,0
no account,-12,existing credits paid back duly till now,furniture/equipment,-6363,<100 DM,1<= < 4 years,5,none,5,real estate,0,none,rent,1,skilled employee / official,2,yes,yes,0,divorced/separated,0
0 <= <200 DM,9,existing credits paid back duly till now,furniture/equipment,879,<100 DM,1<= < 4 years,3,none,3,car or other,1,none,own,3,unemployed/ unskilled  - non-resident,2,none,yes,1,divorced/separated,0
no account,43,critical account,furniture/equipment,7302,<100 DM,>=7 years,3,none,5,savings agreement/life insurance,0,none,own,2,management/ highly qualified employee,2,none,yes,1,divorced/separated,0
0 <= <200 DM,-1,critical account,furniture/equipment,-350,100 <= <500 DM,<1 years,3,none,-1,real estate,1,none,own,3,management/ highly qualified employee,2,none,yes,1,divorced/separated,1
no account,31,critical account,education,4663,<100 DM,4<= <7 years,4,none,4,car or other,1,none,own,2,management/ highly qualified employee,2,yes,yes,0,divorced/separated,1
<0 DM,15,existing credits paid back duly till now,furniture/equipment,2354,no savings account,>=7 years,4,none,5,car or other,1,none,rent,2,skilled employee / official,2,none,yes,0,divorced/separated,1
no account,23,delay in paying off,radio/television,1323,<100 DM,>=7 years,4,none,5,real estate,1,none,own,1,unskilled - resident,1,none,yes,0,divorced/separated,1
0 <= <200 DM,9,existing credits paid back duly till now,car (new),642,<100 DM,4<= <7 years,5,none,7,savings agreement/life insurance,0,none,own,3,management/ highly qualified employee,2,yes,yes,0,married/widowed,0
>= 200 DM ,52,critical account,furniture/equipment,9488,no savings account,4<= <7 years,2,none,2,car or other,1,none,own,2,management/ highly qualified employee,1,none,yes,1,divorced/separated,1
0 <= <200 DM,28,critical account,retraining,2767,<100 DM,1<= < 4 years,4,none,5,car or other,1,none,own,2,unskilled - resident,2,none,yes,0,divorced/separated,1
no account,10,existing credits paid back duly till now,business,-641,100 <= <500 DM,<1 years,2,none,0,real estate,1,none,own,2,skilled employee / official,1,none,yes,0,divorced/separated,1
0 <= <200 DM,20,existing credits paid back duly till now,business,1735,100 <= <500 DM,1<= < 4 years,4,guarantor,3,savings agreement/life insurance,1,none,own,1,skilled employee / official,1,yes,yes,1,divorced/separated,1
no account,25,existing credits paid back duly till now,furniture/equipment,1675,no savings account,<1 years,3,none,4,real estate,1,none,own,1,skilled employee / official,2,yes,yes,0,divorced/separated,1
<0 DM,2,existing credits paid back duly till now,car (new),-752,100 <= <500 DM,>=7 years,3,co-applicant,2,car or other,1,store,own,1,unskilled - resident,1,none,yes,0,divorced/separated,1
<0 DM,20,existing credits paid back duly till now,car (used),2632,<100 DM,<1 years,2,none,2,car or other,1,store,own,2,skilled employee / official,1,none,yes,1,divorced/separated,1
0 <= <200 DM,19,existing credits paid back duly till now,radio/television,2016,no savings account,1<= < 4 years,3,none,2,real estate,1,none,own,2,management/ highly qualified employee,1,none,yes,0,divorced/separated,1
0 <= <200 DM,35,critical account,car (used),7875,<100 DM,unemployed,4,none,2,savings agreement/life insurance,1,none,own,3,skilled employee / official,2,yes,yes,1,divorced/separated,0
no account,27,critical account,car (new),5835,<100 DM,<1 years,5,none,3,savings agreement/life insurance,0,none,own,3,skilled employee / official,2,yes,yes,1,divorced/separated,1
<0 DM,19,critical account,car (new),6694,<100 DM,4<= <7 years,4,none,2,savings agreement/life insurance,1,none,own,3,skilled employee / official,2,yes,yes,1,divorced/separated,1
0 <= <200 DM,11,existing credits paid back duly till now,car (new),-1095,500 <= < 1000 DM,4<= <7 years,5,none,5,unknown / no property,1,none,rent,2,skilled employee / official,1,yes,yes,0,divorced/separated,1
<0 DM,16,existing credits paid back duly till now,radio/television,2812,<100 DM,>=7 years,3,none,1,car or other,0,none,rent,2,unskilled - resident,2,none,yes,1,divorced/separated,1
no account,-15,existing credits paid back duly till now,car (new),-4213,<100 DM,4<= <7 years,6,none,4,real estate,1,none,rent,2,skilled employee / official,2,none,yes,1,divorced/separated,1
<0 DM,1,existing credits paid back duly till now,radio/television,-4073,no savings account,>=7 years,5,none,5,unknown / no property,0,none,rent,0,skilled employee / official,1,none,yes,1,divorced/separated,1
0 <= <200 DM,14,existing credits paid back duly till now,car (new),-496,<100 DM,>=7 years,3,none,4,real estate,1,none,own,2,unskilled - resident,1,none,yes,1,married/widowed,1
no account,12,critical account,car (new),5041,<100 DM,1<= < 4 years,3,none,0,real estate,1,none,own,3,skilled employee / official,2,none,yes,1,divorced/separated,1
<0 DM,29,existing credits paid back duly till now,retraining,7398,<100 DM,1<= < 4 years,4,guarantor,4,unknown / no property,1,bank,own,2,skilled employee / official,2,yes,no,1,divorced/separated,1
no account,0,critical account,furniture/equipment,-3804,no savings account,<1 years,3,none,1,real estate,1,none,rent,1,skilled employee / official,1,none,yes,0,divorced/separated,1
<0 DM,5,existing credits paid back duly till now,radio/television,-566,<100 DM,1<= < 4 years,4,none,4,savings agreement/life insurance,0,none,rent,2,skilled employee / official,1,none,yes,1,divorced/separated,1
no account,1,existing credits paid back duly till now,car (used),-2539,<100 DM,>=7 years,3,none,3,unknown / no property,1,none,own,2,skilled employee / official,2,none,yes,1,divorced/separated,1
no account,35,existing credits paid back duly till now,furniture/equipment,4620,<100 DM,>=7 years,2,none,3,real estate,1,none,own,2,skilled employee / official,1,none,yes,0,divorced/separated,0
no account,40,existing credits paid back duly till now,radio/television,4608,<100 DM,>=7 years,5,none,6,savings agreement/life insurance,1,bank,own,2,skilled employee / official,2,none,yes,1,divorced/separated,0
no account,29,critical account,business,4244,<100 DM,<1 years,3,none,3,savings agreement/life insurance,1,none,own,3,management/ highly qualified employee,2,none,yes,1,divorced/separated,1
no account,-5,existing credits paid back duly till now,furniture/equipment,-1445,no savings account,<1 years,2,none,0,real estate,1,none,rent,0,skilled employee / official,1,none,yes,1,divorced/separated,1
0 <= <200 DM,16,critical account,radio/television,2477,>= 1000 DM,<1 years,4,none,3,unknown / no property,1,none,own,4,skilled employee / official,2,yes,yes,1,divorced/separated,1
no account,10,existing credits paid back duly till now,radio/television,390,<100 DM,1<= < 4 years,5,none,3,real estate,1,bank,for free,1,skilled employee / official,1,none,yes,0,divorced/separated,1
0 <= <200 DM,21,existing credits paid back duly till now,furniture/equipment,4009,no savings account,<1 years,4,none,6,unknown / no property,1,none,rent,3,skilled employee / official,2,none,yes,1,divorced/separated,0
<0 DM,14,critical account,repairs,371,<100 DM,4<= <7 years,5,none,5,real estate,0,none,rent,1,skilled employee / official,2,yes,yes,0,divorced/separated,1
no account,15,existing credits paid back duly till now,radio/television,991,<100 DM,<1 years,5,none,4,unknown / no property,1,bank,own,3,skilled employee / official,2,none,yes,1,divorced/separated,1
0 <= <200 DM,45,critical account,radio/television,4998,<100 DM,4<= <7 years,5,none,4,car or other,0,none,own,0,skilled employee / official,1,none,yes,0,divorced/separated,0
no account,21,existing credits paid back duly till now,radio/television,4547,no savings account,>=7 years,4,none,3,real estate,0,none,for free,2,skilled employee / official,2,none,yes,1,divorced/separated,1
0 <= <200 DM,13,existing credits paid back duly till now,radio/television,5774,100 <= <500 DM,1<= < 4 years,4,co-applicant,3,unknown / no property,1,none,own,2,skilled employee / official,2,none,yes,1,divorced/separated,0
0 <= <200 DM,57,critical account,furniture/equipment,11308,<100 DM,4<= <7 years,4,none,3,savings agreement/life insurance,1,none,own,3,skilled employee / official,3,yes,yes,1,divorced/separated,0
no account,16,all credits at this bank paid back duly,radio/television,3683,no savings account,1<= < 4 years,5,none,3,car or other,0,none,for free,1,skilled employee / official,2,none,yes,0,divorced/separated,0
no account,32,existing credits paid back duly till now,business,7153,<100 DM,>=7 years,3,none,2,car or other,1,none,own,2,management/ highly qualified employee,2,yes,yes,1,divorced/separated,1
no account,24,existing credits paid back duly till now,radio/television,4110,<100 DM,1<= < 4 years,1,none,2,real estate,1,none,own,1,skilled employee / official,1,none,yes,0,divorced/separated,1
<0 DM,63,existing credits paid back duly till now,business,9155,<100 DM,>=7 years,5,none,3,car or other,0,none,own,2,management/ highly qualified employee,2,none,yes,1,divorced/separated,1
no account,39,critical account,car (new),7529,<100 DM,unemployed,5,none,6,unknown / no property,1,none,own,3,skilled employee / official,2,none,yes,0,divorced/separated,0
0 <= <200 DM,21,existing credits paid back duly till now,furniture/equipment,2823,<100 DM,1<= < 4 years,4,none,7,savings agreement/life insurance,1,none,own,1,skilled employee / official,2,none,yes,1,divorced/separated,0
no account,51,critical account,radio/television,7954,100 <= <500 DM,1<= < 4 years,5,none,4,unknown / no property,0,none,own,1,skilled employee / official,1,yes,yes,1,divorced/separated,0
<0 DM,16,existing credits paid back duly till now,radio/television,1569,no savings account,<1 years,4,none,6,real estate,1,none,rent,0,skilled employee / official,1,none,yes,0,divorced/separated,1
<0 DM,22,existing credits paid back duly till now,business,886,<100 DM,1<= < 4 years,4,none,5,unknown / no property,1,none,own,2,skilled employee / official,1,yes,yes,1,divorced/separated,1
0 <= <200 DM,2,existing credits paid back duly till now,education,-5765,<100 DM,4<= <7 years,5,none,8,savings agreement/life insurance,1,none,own,2,unskilled - resident,2,none,yes,1,divorced/separated,1
no account,44,existing credits paid back duly till now,furniture/equipment,8220,no savings account,1<= < 4 years,2,none,3,car or other,1,bank,own,1,skilled employee / official,1,yes,yes,0,married/widowed,1
0 <= <200 DM,13,critical account,radio/television,1864,<100 DM,1<= < 4 years,6,none,5,unknown / no property,0,none,own,3,skilled employee / official,2,none,yes,1,divorced/separated,1
no account,15,existing credits paid back duly till now,car (new),69,<100 DM,4<= <7 years,3,none,3,car or other,1,none,own,2,skilled employee / official,1,yes,yes,1,divorced/separated,1
no account,8,existing credits paid back duly till now,radio/television,-1702,<100 DM,1<= < 4 years,3,none,4,savings agreement/life insurance,0,none,own,1,unskilled - resident,1,none,yes,1,divorced/separated,1
<0 DM,10,critical account,radio/television,1233,<100 DM,>=7 years,3,none,2,car or other,1,none,for free,2,skilled employee / official,2,none,yes,1,divorced/separated,1
0 <= <200 DM,9,existing credits paid back duly till now,radio/television,2181,500 <= < 1000 DM,4<= <7 years,5,none,4,unknown / no property,1,none,own,1,skilled employee / official,1,none,yes,1,divorced/separated,1
0 <= <200 DM,54,critical account,radio/television,9337,<100 DM,4<= <7 years,3,none,7,car or other,1,none,own,3,skilled employee / official,2,yes,yes,1,divorced/separated,1
no account,36,existing credits paid back duly till now,furniture/equipment,5750,100 <= <500 DM,4<= <7 years,3,none,1,savings agreement/life insurance,1,bank,rent,1,unskilled - resident,1,none,yes,1,divorced/separated,1
no account,18,critical account,radio/television,1283,100 <= <500 DM,>=7 years,4,none,8,unknown / no property,1,none,own,2,unskilled - resident,2,yes,yes,1,married/widowed,1
0 <= <200 DM,13,existing credits paid back duly till now,radio/television,-58,<100 DM,4<= <7 years,3,none,5,savings agreement/life insurance,1,none,own,2,unskilled - resident,1,none,yes,1,divorced/separated,0
no account,13,critical account,business,2544,500 <= < 1000 DM,1<= < 4 years,5,none,4,savings agreement/life insurance,0,none,own,3,skilled employee / official,1,none,yes,1,divorced/separated,1
no account,11,no credits taken,car (new),-1279,<100 DM,<1 years,3,co-applicant,3,unknown / no property,1,bank,own,3,skilled employee / official,2,none,yes,1,divorced/separated,1
<0 DM,4,critical account,car (new),-3279,<100 DM,>=7 years,4,none,6,savings agreement/life insurance,1,none,own,3,unskilled - resident,2,none,yes,1,divorced/separated,1
<0 DM,17,critical account,radio/television,545,<100 DM,>=7 years,8,none,7,savings agreement/life insurance,1,none,own,1,skilled employee / official,2,yes,yes,1,divorced/separated,0
0 <= <200 DM,38,existing credits paid back duly till now,car (used),8450,100 <= <500 DM,>=7 years,3,none,5,real estate,1,none,own,2,skilled employee / official,1,yes,yes,0,divorced/separated,1
<0 DM,8,all credits at this bank paid back duly,car (new),1151,<100 DM,4<= <7 years,6,none,7,real estate,1,bank,own,2,skilled employee / official,2,none,yes,1,divorced/separated,0
<0 DM,16,critical account,radio/television,-555,no savings account,>=7 years,4,none,2,car or other,0,none,own,2,management/ highly qualified employee,1,yes,yes,0,divorced/separated,1
0 <= <200 DM,16,critical account,furniture/equipment,28,no savings account,1<= < 4 years,4,none,6,car or other,1,none,own,1,unskilled - resident,1,none,yes,0,divorced/separated,0
<0 DM,42,existing credits paid back duly till now,business,6332,<100 DM,>=7 years,5,co-applicant,5,savings agreement/life insurance,1,none,own,3,skilled employee / official,2,none,yes,1,divorced/separated,1
no account,-5,existing credits paid back duly till now,furniture/equipment,-4079,100 <= <500 DM,unemployed,4,none,3,real estate,1,none,own,2,unskilled - resident,1,none,yes,1,divorced/separated,1
<0 DM,-11,existing credits paid back duly till now,radio/television,-5016,<100 DM,>=7 years,6,none,7,real estate,0,none,own,2,skilled employee / official,2,none,yes,1,divorced/separated,1
no account,30,existing credits paid back duly till now,business,4377,>= 1000 DM,<1 years,3,none,2,car or other,1,bank,own,1,management/ highly qualified employee,1,yes,yes,1,divorced/separated,1
0 <= <200 DM,58,existing credits paid back duly till now,radio/television,9975,<100 DM,1<= < 4 years,2,none,3,unknown / no property,0,none,for free,2,unskilled - resident,1,yes,yes,1,divorced/separated,0
no account,7,existing credits paid back duly till now,radio/television,862,<100 DM,>=7 years,5,none,6,car or other,1,none,own,3,skilled employee / official,3,none,yes,1,divorced/separated,1
no account,32,existing credits paid back duly till now,business,7190,<100 DM,>=7 years,1,none,2,car or other,0,none,own,2,unskilled - resident,1,yes,yes,1,divorced/separated,1
0 <= <200 DM,19,existing credits paid back duly till now,car (new),3525,>= 1000 DM,4<= <7 years,4,none,3,real estate,1,none,own,1,skilled employee / official,1,yes,yes,1,divorced/separated,1
0 <= <200 DM,49,existing credits paid back duly till now,education,15119,500 <= < 1000 DM,>=7 years,3,guarantor,3,car or other,1,none,own,3,management/ highly qualified employee,2,yes,yes,1,divorced/separated,0
0 <= <200 DM,1,existing credits paid back duly till now,radio/television,-1290,no savings account,4<= <7 years,4,none,3,savings agreement/life insurance,1,none,own,0,skilled employee / official,1,none,yes,0,divorced/separated,1
0 <= <200 DM,-14,existing credits paid back duly till now,radio/television,-4208,<100 DM,1<= < 4 years,1,none,3,real estate,1,none,own,3,unskilled - resident,2,none,yes,1,divorced/separated,1
<0 DM,13,existing credits paid back duly till now,car (new),1978,<100 DM,1<= < 4 years,4,none,3,real estate,1,none,own,2,skilled employee / official,1,none,yes,0,divorced/separated,0
0 <= <200 DM,23,existing credits paid back duly till now,furniture/equipment,1082,<100 DM,1<= < 4 years,3,none,9,savings agreement/life insurance,1,none,own,1,skilled employee / official,1,none,yes,1,divorced/separated,1
no account,41,existing credits paid back duly till now,car (used),7105,<100 DM,1<= < 4 years,2,none,3,car or other,0,none,own,2,skilled employee / official,2,yes,yes,1,divorced/separated,1
no account,22,critical account,business,397,no savings account,1<= < 4 years,4,co-applicant,2,car or other,1,bank,rent,1,unskilled - resident,2,none,yes,1,divorced/separated,1
no account,13,existing credits paid back duly till now,furniture/equipment,3128,no savings account,4<= <7 years,3,none,2,car or other,1,none,own,-1,skilled employee / official,1,none,yes,0,divorced/separated,1
<0 DM,21,existing credits paid back duly till now,car (new),4010,no savings account,<1 years,3,none,1,car or other,1,none,own,2,management/ highly qualified employee,1,yes,yes,1,divorced/separated,0
0 <= <200 DM,33,critical account,car (new),4627,500 <= < 1000 DM,4<= <7 years,5,none,3,real estate,0,none,own,3,skilled employee / official,1,none,yes,1,divorced/separated,0
<0 DM,13,critical account,car (new),566,<100 DM,>=7 years,2,none,3,car or other,1,none,own,1,skilled employee / official,1,yes,yes,1,divorced/separated,1
no account,17,critical account,furniture/equipment,5643,<100 DM,>=7 years,5,none,6,unknown / no property,1,none,own,2,skilled employee / official,2,none,yes,1,divorced/separated,0
<0 DM,42,critical account,business,6833,100 <= <500 DM,>=7 years,6,none,5,car or other,0,none,own,4,management/ highly qualified employee,3,yes,yes,1,divorced/separated,0
0 <= <200 DM,29,critical account,radio/television,5993,no savings account,1<= < 4 years,4,co-applicant,1,savings agreement/life insurance,1,none,own,2,skilled employee / official,2,yes,yes,1,divorced/separated,1
no account,7,existing credits paid back duly till now,car (new),1175,<100 DM,>=7 years,3,none,1,real estate,1,bank,own,2,skilled employee / official,2,none,yes,0,divorced/separated,1
<0 DM,3,existing credits paid back duly till now,business,326,<100 DM,1<= < 4 years,5,none,3,real estate,1,none,for free,3,unskilled - resident,2,none,yes,1,divorced/separated,1
0 <= <200 DM,-6,existing credits paid back duly till now,furniture/equipment,1352,>= 1000 DM,<1 years,2,none,0,savings agreement/life insurance,1,none,own,2,skilled employee / official,1,yes,yes,1,divorced/separated,1
0 <= <200 DM,23,existing credits paid back duly till now,car (new),2983,no savings account,<1 years,0,co-applicant,3,savings agreement/life insurance,1,bank,own,3,skilled employee / official,2,yes,yes,0,divorced/separated,1
0 <= <200 DM,20,existing credits paid back duly till now,car (new),1347,<100 DM,>=7 years,5,none,8,unknown / no property,0,none,rent,2,unskilled - resident,1,yes,yes,0,divorced/separated,1
no account,13,existing credits paid back duly till now,radio/television,2244,<100 DM,4<= <7 years,2,none,0,car or other,1,none,own,1,skilled employee / official,1,none,yes,0,divorced/separated,0
no account,19,existing credits paid back duly till now,car (new),2437,no savings account,unemployed,3,none,3,car or other,1,none,own,2,management/ highly qualified employee,2,yes,yes,1,divorced/separated,1
no account,0,existing credits paid back duly till now,business,-1123,<100 DM,unemployed,4,co-applicant,6,real estate,1,none,own,2,skilled employee / official,2,none,yes,1,divorced/separated,0
no account,-4,existing credits paid back duly till now,furniture/equipment,-3965,<100 DM,4<= <7 years,2,none,1,real estate,1,none,own,1,skilled employee / official,1,none,yes,0,divorced/separated,1
0 <= <200 DM,6,critical account,car (new),-2165,100 <= <500 DM,>=7 years,7,none,3,car or other,1,none,rent,2,management/ highly qualified employee,2,none,yes,1,divorced/separated,1
<0 DM,-18,existing credits paid back duly till now,education,-4922,no savings account,>=7 years,5,none,4,savings agreement/life insurance,1,none,for free,2,unskilled - resident,2,none,yes,1,divorced/separated,1
no account,13,existing credits paid back duly till now,radio/television,1405,<100 DM,4<= <7 years,0,none,2,real estate,1,none,own,3,skilled employee / official,1,none,yes,1,divorced/separated,1
no account,11,existing credits paid back duly till now,radio/television,966,100 <= <500 DM,<1 years,3,none,2,real estate,1,bank,own,2,unskilled - resident,1,yes,yes,0,divorced/separated,1
<0 DM,10,delay in paying off,car (new),-567,100 <= <500 DM,4<= <7 years,6,none,4,car or other,1,none,own,2,skilled employee / official,2,none,yes,1,divorced/separated,1
no account,13,existing credits paid back duly till now,radio/television,1723,no savings account,>=7 years,5,none,3,real estate,1,none,rent,1,skilled employee / official,1,none,yes,0,divorced/separated,1
<0 DM,52,existing credits paid back duly till now,car (new),9550,no savings account,<1 years,4,none,2,car or other,1,none,own,3,skilled employee / official,2,yes,yes,1,divorced/separated,1
0 <= <200 DM,19,existing credits paid back duly till now,car (new),3934,100 <= <500 DM,<1 years,3,none,0,real estate,1,none,own,3,management/ highly qualified employee,1,none,yes,0,married/widowed,1
0 <= <200 DM,-10,existing credits paid back duly till now,furniture/equipment,-3572,no savings account,<1 years,4,none,3,real estate,1,none,rent,2,skilled employee / official,1,none,yes,1,divorced/separated,1
>= 200 DM ,7,existing credits paid back duly till now,furniture/equipment,-484,no savings account,>=7 years,3,none,5,savings agreement/life insurance,1,none,for free,2,skilled employee / official,2,none,yes,0,divorced/separated,1
0 <= <200 DM,-3,critical account,business,-2346,<100 DM,4<= <7 years,3,none,4,real estate,1,none,own,2,management/ highly qualified employee,2,none,yes,1,divorced/separated,1
0 <= <200 DM,34,delay in paying off,radio/television,4555,<100 DM,4<= <7 years,4,none,3,savings agreement/life insurance,0,bank,rent,1,skilled employee / official,2,none,yes,0,divorced/separated,1
no account,9,existing credits paid back duly till now,car (new),2044,500 <= < 1000 DM,4<= <7 years,2,none,2,savings agreement/life insurance,1,none,own,1,skilled employee / official,1,yes,yes,1,divorced/separated,1
<0 DM,12,critical account,car (new),2151,>= 1000 DM,1<= < 4 years,4,none,3,savings agreement/life insurance,1,none,own,1,skilled employee / official,1,none,yes,1,divorced/separated,1
no account,29,existing credits paid back duly till now,radio/television,7947,<100 DM,4<= <7 years,2,none,1,real estate,1,store,own,3,skilled employee / official,2,yes,yes,1,divorced/separated,1
0 <= <200 DM,34,critical account,radio/television,6635,no savings account,4<= <7 years,3,none,3,unknown / no property,0,none,rent,3,skilled employee / official,2,yes,yes,0,divorced/separated,1
no account,24,existing credits paid back duly till now,radio/television,2648,no savings account,>=7 years,4,none,6,unknown / no property,1,none,own,1,management/ highly qualified employee,2,none,yes,0,divorced/separated,1
<0 DM,45,delay in paying off,furniture/equipment,5573,<100 DM,<1 years,3,none,4,car or other,0,none,own,2,management/ highly qualified employee,1,yes,yes,0,divorced/separated,1
0 <= <200 DM,12,critical account,radio/television,2836,no savings account,<1 years,1,none,-1,savings agreement/life insurance,1,none,rent,2,skilled employee / official,1,none,yes,0,divorced/separated,1
0 <= <200 DM,3,existing credits paid back duly till now,radio/television,-3393,<100 DM,>=7 years,4,none,4,real estate,1,none,rent,3,unskilled - resident,2,none,yes,1,divorced/separated,1
<0 DM,41,critical account,radio/television,8909,100 <= <500 DM,>=7 years,3,none,6,car or other,0,none,own,3,unskilled - resident,2,yes,yes,1,divorced/separated,0
<0 DM,39,critical account,furniture/equipment,6386,<100 DM,<1 years,4,none,4,savings agreement/life insurance,1,none,for free,2,management/ highly qualified employee,2,yes,yes,0,divorced/separated,0
0 <= <200 DM,39,delay in paying off,business,8283,no savings account,4<= <7 years,3,none,3,car or other,0,none,own,1,unskilled - resident,1,yes,yes,0,divorced/separated,1
0 <= <200 DM,18,existing credits paid back duly till now,furniture/equipment,2909,<100 DM,>=7 years,3,none,2,unknown / no property,1,none,own,3,management/ highly qualified employee,2,none,yes,1,divorced/separated,1
no account,-2,existing credits paid back duly till now,furniture/equipment,-3020,<100 DM,<1 years,4,none,2,real estate,1,none,rent,0,skilled employee / official,1,none,yes,1,divorced/separated,1
no account,2,existing credits paid back duly till now,car (new),422,no savings account,>=7 years,4,none,3,savings agreement/life insurance,1,bank,rent,2,skilled employee / official,2,none,yes,1,divorced/separated,1
<0 DM,-10,existing credits paid back duly till now,radio/television,-2870,100 <= <500 DM,<1 years,7,none,4,real estate,1,none,own,1,unskilled - resident,2,none,yes,1,divorced/separated,1
<0 DM,-10,existing credits paid back duly till now,car (new),-3935,no savings account,<1 years,6,none,6,unknown / no property,1,none,rent,1,skilled employee / official,2,none,yes,1,divorced/separated,1
0 <= <200 DM,17,existing credits paid back duly till now,furniture/equipment,3368,<100 DM,<1 years,3,none,3,savings agreement/life insurance,1,none,own,1,skilled employee / official,1,yes,yes,1,divorced/separated,0
no account,27,critical account,radio/television,4717,100 <= <500 DM,>=7 years,4,none,3,real estate,1,none,own,0,skilled employee / official,2,none,yes,0,divorced/separated,1
no account,26,existing credits paid back duly till now,radio/television,4140,<100 DM,1<= < 4 years,4,none,4,car or other,1,none,rent,2,management/ highly qualified employee,1,none,yes,1,divorced/separated,1
0 <= <200 DM,32,critical account,repairs,7575,no savings account,4<= <7 years,5,none,4,car or other,1,none,own,1,skilled employee / official,2,none,yes,1,divorced/separated,0
no account,10,critical account,retraining,-559,<100 DM,1<= < 4 years,4,none,2,car or other,0,none,own,4,unskilled - resident,2,none,yes,1,divorced/separated,1
0 <= <200 DM,56,critical account,car (new),10441,100 <= <500 DM,4<= <7 years,4,none,3,unknown / no property,1,bank,own,2,unemployed/ unskilled  - non-resident,1,yes,yes,1,divorced/separated,0
0 <= <200 DM,15,critical account,car (used),2036,no savings account,>=7 years,7,none,7,unknown / no property,1,none,own,2,skilled employee / official,3,yes,yes,1,divorced/separated,0
no account,18,existing credits paid back duly till now,car (new),6151,no savings account,4<= <7 years,5,none,4,unknown / no property,1,none,for free,2,skilled employee / official,2,none,yes,1,divorced/separated,0
<0 DM,19,critical account,radio/television,3166,<100 DM,>=7 years,4,none,1,unknown / no property,0,none,own,2,skilled employee / official,2,yes,yes,1,divorced/separated,1
no account,30,existing credits paid back duly till now,car (new),10153,100 <= <500 DM,4<= <7 years,1,none,0,real estate,1,none,own,5,unskilled - resident,2,yes,yes,1,married/widowed,0
no account,11,existing credits paid back duly till now,radio/television,463,<100 DM,4<= <7 years,4,none,5,real estate,1,none,own,2,skilled employee / official,2,yes,yes,1,divorced/separated,1
no account,37,critical account,car (used),6016,<100 DM,4<= <7 years,5,none,5,unknown / no property,1,none,own,1,management/ highly qualified employee,3,yes,yes,1,divorced/separated,0
no account,31,existing credits paid back duly till now,furniture/equipment,5781,no savings account,1<= < 4 years,3,none,1,savings agreement/life insurance,1,bank,own,2,skilled employee / official,2,yes,yes,1,divorced/separated,1
<0 DM,33,delay in paying off,car (used),9299,no savings account,1<= < 4 years,6,none,4,car or other,1,none,own,2,unskilled - resident,2,yes,yes,1,divorced/separated,0
no account,35,existing credits paid back duly till now,car (new),6964,no savings account,>=7 years,4,guarantor,1,car or other,0,none,own,1,management/ highly qualified employee,2,none,yes,0,married/widowed,0
<0 DM,15,existing credits paid back duly till now,education,689,no savings account,4<= <7 years,4,none,4,real estate,1,none,own,3,skilled employee / official,2,yes,yes,1,divorced/separated,1
0 <= <200 DM,37,critical account,repairs,8882,100 <= <500 DM,4<= <7 years,3,none,3,car or other,1,none,own,2,skilled employee / official,2,none,yes,0,divorced/separated,0
<0 DM,21,existing credits paid back duly till now,business,1388,<100 DM,>=7 years,4,none,7,unknown / no property,1,none,own,2,management/ highly qualified employee,2,none,yes,1,divorced/separated,1
no account,12,delay in paying off,car (new),-896,no savings account,4<= <7 years,3,none,4,car or other,1,none,own,2,skilled employee / official,2,none,yes,1,divorced/separated,1
no account,5,existing credits paid back duly till now,radio/television,-821,no savings account,unemployed,4,none,3,real estate,1,none,own,2,unskilled - resident,1,none,yes,1,divorced/separated,1
0 <= <200 DM,16,existing credits paid back duly till now,radio/television,3651,no savings account,1<= < 4 years,5,co-applicant,3,savings agreement/life insurance,1,none,own,3,skilled employee / official,1,yes,yes,1,divorced/separated,1
<0 DM,7,existing credits paid back duly till now,radio/television,1492,<100 DM,>=7 years,7,none,3,real estate,1,bank,own,0,skilled employee / official,1,none,yes,1,divorced/separated,0
no account,6,existing credits paid back duly till now,radio/television,-2356,<100 DM,1<= < 4 years,5,guarantor,3,savings agreement/life insurance,1,none,own,1,skilled employee / official,2,none,yes,1,divorced/separated,1
no account,33,critical account,car (new),4644,no savings account,>=7 years,3,none,5,unknown / no property,1,none,for free,3,skilled employee / official,2,none,yes,0,divorced/separated,1
0 <= <200 DM,18,existing credits paid back duly till now,radio/television,1159,<100 DM,>=7 years,5,none,6,real estate,0,none,rent,1,skilled employee / official,1,yes,yes,1,divorced/separated,0
no account,31,critical account,radio/television,3677,no savings account,<1 years,4,none,1,savings agreement/life insurance,0,none,own,2,skilled employee / official,1,yes,yes,1,divorced/separated,1
no account,22,critical account,car (used),3167,100 <= <500 DM,<1 years,3,none,4,car or other,1,none,own,0,skilled employee / official,1,none,yes,1,divorced/separated,1
<0 DM,-4,existing credits paid back duly till now,radio/television,-1963,<100 DM,>=7 years,5,none,6,car or other,1,none,own,3,management/ highly qualified employee,2,yes,yes,1,divorced/separated,1
<0 DM,15,existing credits paid back duly till now,car (new),2183,no savings account,>=7 years,5,none,5,unknown / no property,1,none,own,2,unskilled - resident,2,yes,yes,1,divorced/separated,1
<0 DM,6,existing credits paid back duly till now,radio/television,4,100 <= <500 DM,1<= < 4 years,2,none,0,real estate,1,bank,own,0,skilled employee / official,1,none,yes,1,divorced/separated,1
<0 DM,32,existing credits paid back duly till now,others,8462,<100 DM,4<= <7 years,2,none,3,car or other,1,none,own,2,skilled employee / official,1,yes,yes,1,married/widowed,0
0 <= <200 DM,0,critical account,car (new),816,<100 DM,4<= <7 years,3,none,3,real estate,1,none,own,2,skilled employee / official,1,yes,yes,0,divorced/separated,1
0 <= <200 DM,30,existing credits paid back duly till now,car (new),7960,<100 DM,1<= < 4 years,-2,none,-3,real estate,1,none,own,2,skilled employee / official,0,none,yes,1,divorced/separated,1
no account,30,critical account,furniture/equipment,5282,<100 DM,>=7 years,5,none,7,savings agreement/life insurance,1,none,own,4,skilled employee / official,3,none,yes,1,divorced/separated,0
<0 DM,20,existing credits paid back duly till now,radio/television,2917,no savings account,1<= < 4 years,4,none,6,car or other,1,none,rent,1,skilled employee / official,1,none,yes,1,divorced/separated,1
0 <= <200 DM,14,delay in paying off,car (new),1791,<100 DM,>=7 years,4,none,5,savings agreement/life insurance,1,none,own,2,skilled employee / official,1,none,yes,1,divorced/separated,0
no account,42,existing credits paid back duly till now,radio/television,7724,<100 DM,4<= <7 years,3,none,2,car or other,1,none,own,2,skilled employee / official,1,none,yes,1,divorced/separated,0
0 <= <200 DM,2,delay in paying off,car (new),2083,<100 DM,4<= <7 years,5,guarantor,4,savings agreement/life insurance,1,store,own,3,skilled employee / official,2,yes,yes,1,divorced/separated,1
>= 200 DM ,11,existing credits paid back duly till now,furniture/equipment,1119,<100 DM,unemployed,5,none,3,savings agreement/life insurance,1,none,own,2,unskilled - resident,2,yes,yes,1,divorced/separated,1
0 <= <200 DM,20,existing credits paid back duly till now,business,6390,<100 DM,<1 years,2,none,-1,car or other,1,none,own,0,skilled employee / official,1,none,yes,1,divorced/separated,0
no account,44,critical account,car (new),9713,<100 DM,4<= <7 years,2,none,0,car or other,1,bank,rent,3,management/ highly qualified employee,2,none,yes,1,divorced/separated,1
no account,16,critical account,car (used),952,<100 DM,4<= <7 years,6,none,1,real estate,0,none,own,2,skilled employee / official,3,yes,yes,1,divorced/separated,0
<0 DM,-11,existing credits paid back duly till now,radio/television,-4970,<100 DM,<1 years,4,none,3,real estate,1,none,own,2,skilled employee / official,1,none,yes,1,divorced/separated,1
<0 DM,8,critical account,car (new),4347,no savings account,1<= < 4 years,2,co-applicant,1,real estate,1,none,own,2,skilled employee / official,1,none,yes,0,married/widowed,1
>= 200 DM ,22,existing credits paid back duly till now,furniture/equipment,5846,<100 DM,1<= < 4 years,3,none,2,real estate,1,none,own,3,unskilled - resident,2,yes,yes,1,divorced/separated,1
>= 200 DM ,28,existing credits paid back duly till now,radio/television,7985,no savings account,1<= < 4 years,3,none,2,savings agreement/life insurance,1,none,own,1,unskilled - resident,2,yes,yes,0,divorced/separated,0
no account,45,critical account,repairs,7926,no savings account,>=7 years,3,none,4,car or other,0,bank,own,3,skilled employee / official,2,none,yes,0,divorced/separated,1
0 <= <200 DM,2,delay in paying off,car (new),-1965,<100 DM,>=7 years,7,none,6,savings agreement/life insurance,1,bank,own,3,management/ highly qualified employee,2,yes,yes,1,divorced/separated,1
0 <= <200 DM,44,delay in paying off,car (new),7740,500 <= < 1000 DM,>=7 years,5,none,5,savings agreement/life insurance,0,none,rent,2,management/ highly qualified employee,2,none,yes,1,divorced/separated,0
>= 200 DM ,20,existing credits paid back duly till now,car (used),7505,no savings account,4<= <7 years,2,none,0,real estate,1,none,own,2,skilled employee / official,1,none,yes,1,divorced/separated,1
0 <= <200 DM,13,no credits taken,radio/television,1654,<100 DM,>=7 years,2,none,5,savings agreement/life insurance,0,none,rent,2,skilled employee / official,1,yes,yes,1,divorced/separated,0
no account,42,critical account,others,10440,<100 DM,4<= <7 years,6,none,7,car or other,0,bank,own,4,management/ highly qualified employee,3,yes,yes,1,divorced/separated,0
0 <= <200 DM,15,critical account,business,4928,<100 DM,1<= < 4 years,4,none,3,savings agreement/life insurance,1,none,own,2,skilled employee / official,2,none,yes,1,divorced/separated,0
>= 200 DM ,21,existing credits paid back duly till now,radio/television,7558,no savings account,4<= <7 years,5,none,2,unknown / no property,1,none,own,2,skilled employee / official,2,none,yes,1,divorced/separated,0
no account,12,existing credits paid back duly till now,furniture/equipment,5250,<100 DM,unemployed,5,none,5,real estate,1,none,own,2,skilled employee / official,3,yes,yes,1,divorced/separated,0
0 <= <200 DM,1,existing credits paid back duly till now,car (new),453,<100 DM,1<= < 4 years,2,none,1,real estate,1,none,own,1,skilled employee / official,0,yes,yes,1,divorced/separated,1
<0 DM,25,existing credits paid back duly till now,car (used),5471,<100 DM,>=7 years,3,guarantor,5,car or other,1,none,rent,2,skilled employee / official,2,none,yes,0,divorced/separated,1
no account,16,all credits at this bank paid back duly,radio/television,3186,no savings account,<1 years,4,none,4,savings agreement/life insurance,1,none,own,2,skilled employee / official,3,yes,yes,0,divorced/separated,1
no account,15,existing credits paid back duly till now,education,1491,no savings account,1<= < 4 years,2,none,3,real estate,1,none,rent,0,skilled employee / official,1,none,yes,1,divorced/separated,1
no account,-14,critical account,car (used),-3350,<100 DM,1<= < 4 years,6,none,4,savings agreement/life insurance,1,bank,own,4,skilled employee / official,3,none,yes,1,divorced/separated,1
>= 200 DM ,23,critical account,radio/television,3917,no savings account,4<= <7 years,5,none,3,car or other,0,none,own,3,skilled employee / official,3,none,yes,1,divorced/separated,0
<0 DM,20,critical account,car (new),4605,100 <= <500 DM,1<= < 4 years,2,none,3,real estate,0,none,own,5,unskilled - resident,2,yes,yes,1,divorced/separated,1
<0 DM,19,existing credits paid back duly till now,car (new),6463,no savings account,4<= <7 years,1,none,-3,real estate,1,none,own,1,skilled employee / official,0,none,yes,1,divorced/separated,1
0 <= <200 DM,21,existing credits paid back duly till now,education,5896,<100 DM,4<= <7 years,3,none,-1,real estate,1,bank,own,2,skilled employee / official,1,none,yes,0,divorced/separated,1
<0 DM,30,critical account,business,4849,no savings account,4<= <7 years,7,none,7,unknown / no property,1,none,rent,3,unskilled - resident,3,yes,yes,0,divorced/separated,1
<0 DM,28,existing credits paid back duly till now,car (new),5906,<100 DM,unemployed,4,none,4,car or other,1,none,own,1,skilled employee / official,2,none,yes,1,divorced/separated,0
no account,33,delay in paying off,car (new),10203,<100 DM,>=7 years,6,none,2,car or other,1,none,own,3,management/ highly qualified employee,2,yes,yes,1,divorced/separated,0
no account,0,existing credits paid back duly till now,car (used),-3457,<100 DM,1<= < 4 years,3,none,2,real estate,1,none,rent,2,unskilled - resident,1,none,yes,0,divorced/separated,1
0 <= <200 DM,23,existing credits paid back duly till now,education,5537,100 <= <500 DM,>=7 years,3,none,0,savings agreement/life insurance,1,none,own,3,management/ highly qualified employee,1,yes,yes,1,divorced/separated,0
<0 DM,38,delay in paying off,radio/television,9870,no savings account,4<= <7 years,8,none,6,unknown / no property,1,none,own,2,management/ highly qualified employee,3,yes,yes,1,divorced/separated,0
no account,22,existing credits paid back duly till now,radio/television,9243,<100 DM,1<= < 4 years,2,none,0,savings agreement/life insurance,1,none,own,2,unskilled - resident,2,none,yes,1,divorced/separated,1
no account,32,critical account,radio/television,8185,<100 DM,4<= <7 years,1,none,3,car or other,1,none,rent,0,skilled employee / official,1,yes,yes,0,divorced/separated,0
no account,31,existing credits paid back duly till now,furniture/equipment,5384,<100 DM,1<= < 4 years,1,none,3,car or other,0,none,rent,2,skilled employee / official,1,yes,yes,1,divorced/separated,1
0 <= <200 DM,6,existing credits paid back duly till now,furniture/equipment,-752,100 <= <500 DM,>=7 years,3,none,3,savings agreement/life insurance,1,none,own,2,skilled employee / official,2,none,yes,1,divorced/separated,0
no account,38,critical account,radio/television,3268,<100 DM,>=7 years,4,none,8,savings agreement/life insurance,0,none,own,1,management/ highly qualified employee,2,yes,yes,1,divorced/separated,1
no account,-1,critical account,radio/television,-2486,>= 1000 DM,<1 years,8,none,8,real estate,1,none,own,1,skilled employee / official,2,none,yes,1,divorced/separated,1
no account,22,existing credits paid back duly till now,car (new),4283,<100 DM,4<= <7 years,2,none,2,car or other,1,none,own,1,skilled employee / official,1,yes,yes,0,divorced/separated,0
<0 DM,-14,existing credits paid back duly till now,radio/television,-5953,<100 DM,1<= < 4 years,5,none,3,real estate,0,none,own,3,unskilled - resident,2,none,yes,1,divorced/separated,1
>= 200 DM ,39,critical account,car (new),5782,100 <= <500 DM,unemployed,4,none,2,car or other,0,none,own,2,skilled employee / official,2,yes,yes,1,divorced/separated,1
<0 DM,30,critical account,furniture/equipment,5671,<100 DM,4<= <7 years,3,none,3,real estate,0,store,own,3,management/ highly qualified employee,1,none,yes,1,divorced/separated,1
<0 DM,16,existing credits paid back duly till now,car (used),167,<100 DM,1<= < 4 years,7,none,6,real estate,1,none,own,0,skilled employee / official,2,yes,yes,1,divorced/separated,0
no account,40,critical account,radio/television,8613,<100 DM,4<= <7 years,4,none,4,real estate,1,none,own,2,skilled employee / official,1,yes,yes,1,divorced/separated,0
no account,34,existing credits paid back duly till now,radio/television,7857,<100 DM,1<= < 4 years,3,co-applicant,3,car or other,1,bank,rent,-1,skilled employee / official,1,yes,yes,1,divorced/separated,0
0 <= <200 DM,-3,existing credits paid back duly till now,radio/television,-704,<100 DM,<1 years,5,none,4,real estate,1,none,own,2,skilled employee / official,1,none,yes,1,divorced/separated,0
no account,60,all credits at this bank paid back duly,car (used),12105,<100 DM,1<= < 4 years,4,none,5,car or other,1,none,own,2,skilled employee / official,2,yes,yes,1,divorced/separated,0
no account,25,critical account,radio/television,2580,no savings account,>=7 years,4,none,3,real estate,1,none,own,2,management/ highly qualified employee,2,yes,yes,1,divorced/separated,0
<0 DM,40,existing credits paid back duly till now,furniture/equipment,9022,no savings account,1<= < 4 years,5,none,5,car or other,0,bank,own,3,management/ highly qualified employee,3,yes,yes,1,divorced/separated,0
0 <= <200 DM,14,existing credits paid back duly till now,car (used),3933,<100 DM,4<= <7 years,1,none,1,savings agreement/life insurance,0,bank,own,3,management/ highly qualified employee,2,none,yes,1,divorced/separated,1
<0 DM,20,critical account,car (new),2667,<100 DM,1<= < 4 years,4,none,7,car or other,1,none,own,3,unskilled - resident,3,yes,yes,1,divorced/separated,1
<0 DM,27,existing credits paid back duly till now,car (new),7109,<100 DM,unemployed,4,none,4,real estate,1,none,own,3,management/ highly qualified employee,2,none,yes,1,divorced/separated,1
0 <= <200 DM,24,existing credits paid back duly till now,furniture/equipment,3529,<100 DM,4<= <7 years,0,none,1,car or other,1,none,own,3,management/ highly qualified employee,1,none,yes,1,divorced/separated,1
0 <= <200 DM,39,existing credits paid back duly till now,car (used),9247,no savings account,>=7 years,4,none,6,car or other,0,bank,own,2,skilled employee / official,2,yes,yes,1,divorced/separated,0
no account,18,existing credits paid back duly till now,furniture/equipment,1323,<100 DM,1<= < 4 years,3,none,3,real estate,1,none,own,1,unskilled - resident,2,none,yes,0,divorced/separated,1
no account,42,critical account,business,3661,<100 DM,1<= < 4 years,1,none,2,real estate,1,none,own,3,management/ highly qualified employee,1,none,yes,1,divorced/separated,1
0 <= <200 DM,16,critical account,car (new),4678,<100 DM,<1 years,2,none,2,real estate,1,none,own,3,skilled employee / official,1,none,yes,0,divorced/separated,1
no account,24,critical account,car (new),6342,no savings account,>=7 years,4,none,3,car or other,1,none,rent,3,skilled employee / official,2,yes,yes,1,divorced/separated,1
no account,9,critical account,car (used),-2608,<100 DM,>=7 years,6,none,7,car or other,1,none,rent,2,management/ highly qualified employee,2,none,yes,1,divorced/separated,1
no account,18,critical account,furniture/equipment,-2172,<100 DM,1<= < 4 years,3,none,7,real estate,1,none,rent,2,skilled employee / official,1,none,yes,0,divorced/separated,1
no account,4,critical account,radio/television,781,<100 DM,>=7 years,4,none,4,real estate,1,none,rent,2,skilled employee / official,2,none,yes,1,divorced/separated,0
no account,15,critical account,car (new),2058,no savings account,<1 years,4,none,4,car or other,1,none,rent,2,skilled employee / official,1,none,yes,1,divorced/separated,1
0 <= <200 DM,30,existing credits paid back duly till now,car (used),5682,<100 DM,1<= < 4 years,4,none,4,car or other,1,store,own,1,skilled employee / official,1,none,yes,1,married/widowed,0
no account,8,critical account,furniture/equipment,620,no savings account,>=7 years,4,none,2,real estate,1,bank,own,2,unskilled - resident,2,none,yes,1,divorced/separated,1
no account,8,critical account,furniture/equipment,1552,no savings account,>=7 years,6,guarantor,4,real estate,0,none,own,4,management/ highly qualified employee,2,none,yes,1,divorced/separated,0
no account,24,critical account,furniture/equipment,9587,no savings account,1<= < 4 years,3,none,1,savings agreement/life insurance,1,none,own,1,skilled employee / official,2,yes,yes,1,divorced/separated,1
no account,18,existing credits paid back duly till now,radio/television,3590,100 <= <500 DM,unemployed,3,none,5,car or other,1,none,for free,0,skilled employee / official,2,none,yes,0,divorced/separated,0
no account,13,existing credits paid back duly till now,furniture/equipment,167,no savings account,>=7 years,2,none,5,real estate,1,none,own,4,skilled employee / official,3,yes,yes,1,married/widowed,1
0 <= <200 DM,24,existing credits paid back duly till now,business,4438,<100 DM,<1 years,2,none,1,car or other,1,none,rent,1,skilled employee / official,1,none,yes,1,married/widowed,1
0 <= <200 DM,19,existing credits paid back duly till now,radio/television,2833,<100 DM,<1 years,3,none,2,unknown / no property,1,none,own,0,skilled employee / official,2,yes,yes,0,divorced/separated,0
no account,54,all credits at this bank paid back duly,furniture/equipment,11851,<100 DM,1<= < 4 years,4,none,2,car or other,0,none,own,3,management/ highly qualified employee,2,none,yes,1,married/widowed,1
<0 DM,21,critical account,car (new),635,<100 DM,1<= < 4 years,5,none,7,car or other,1,none,own,2,skilled employee / official,2,none,yes,0,divorced/separated,1
0 <= <200 DM,40,existing credits paid back duly till now,furniture/equipment,11132,<100 DM,1<= < 4 years,1,none,3,car or other,1,none,own,2,management/ highly qualified employee,1,none,no,1,divorced/separated,1
<0 DM,7,existing credits paid back duly till now,car (new),1119,<100 DM,1<= < 4 years,2,none,3,real estate,1,none,for free,1,unskilled - resident,1,none,yes,0,divorced/separated,1
no account,29,existing credits paid back duly till now,car (new),5706,500 <= < 1000 DM,1<= < 4 years,7,none,2,unknown / no property,1,none,own,1,management/ highly qualified employee,2,yes,yes,1,divorced/separated,1
<0 DM,16,critical account,furniture/equipment,4399,<100 DM,4<= <7 years,2,none,3,car or other,0,none,rent,2,skilled employee / official,1,none,yes,1,divorced/separated,1
<0 DM,17,critical account,radio/television,1758,no savings account,>=7 years,4,none,2,car or other,1,none,own,2,management/ highly qualified employee,1,none,yes,0,divorced/separated,1
>= 200 DM ,9,existing credits paid back duly till now,repairs,1105,<100 DM,>=7 years,4,none,3,car or other,1,none,own,1,skilled employee / official,1,none,yes,1,divorced/separated,1
0 <= <200 DM,15,existing credits paid back duly till now,furniture/equipment,1707,<100 DM,<1 years,0,none,0,real estate,1,none,own,2,unemployed/ unskilled  - non-resident,2,none,yes,1,divorced/separated,1
no account,8,critical account,car (new),-1132,no savings account,>=7 years,5,none,3,unknown / no property,1,none,own,4,skilled employee / official,2,none,yes,1,divorced/separated,1
0 <= <200 DM,-7,critical account,car (new),-5244,<100 DM,>=7 years,7,none,8,savings agreement/life insurance,0,none,own,4,skilled employee / official,2,none,yes,1,divorced/separated,1
no account,4,delay in paying off,business,-559,<100 DM,4<= <7 years,3,none,7,real estate,1,none,own,2,unskilled - resident,3,none,yes,1,divorced/separated,1
no account,26,critical account,business,3442,<100 DM,4<= <7 years,5,none,7,car or other,1,none,rent,3,management/ highly qualified employee,3,yes,yes,1,divorced/separated,1
<0 DM,2,existing credits paid back duly till now,retraining,-2815,<100 DM,4<= <7 years,8,none,8,unknown / no property,1,none,own,2,unskilled - resident,2,yes,yes,1,divorced/separated,0
0 <= <200 DM,12,critical account,furniture/equipment,1064,100 <= <500 DM,4<= <7 years,4,none,5,real estate,1,none,own,2,skilled employee / official,3,none,yes,0,divorced/separated,1
>= 200 DM ,24,existing credits paid back duly till now,car (new),4219,<100 DM,1<= < 4 years,4,none,3,real estate,1,none,own,2,skilled employee / official,2,none,yes,1,married/widowed,1
no account,5,critical account,furniture/equipment,-256,<100 DM,<1 years,3,none,1,real estate,1,none,own,3,skilled employee / official,2,none,yes,1,divorced/separated,1
no account,9,all credits at this bank paid back duly,radio/television,1054,no savings account,1<= < 4 years,6,none,6,car or other,1,none,own,-1,management/ highly qualified employee,1,none,yes,0,divorced/separated,1
no account,38,critical account,business,6371,100 <= <500 DM,4<= <7 years,1,none,2,car or other,1,none,own,3,management/ highly qualified employee,2,none,yes,0,divorced/separated,1
no account,37,existing credits paid back duly till now,car (new),7025,<100 DM,4<= <7 years,4,none,2,unknown / no property,1,bank,for free,2,management/ highly qualified employee,1,yes,yes,1,divorced/separated,1
no account,11,existing credits paid back duly till now,car (used),605,no savings account,>=7 years,5,none,5,real estate,1,none,own,3,skilled employee / official,3,yes,yes,1,divorced/separated,1
0 <= <200 DM,56,existing credits paid back duly till now,radio/television,9541,<100 DM,>=7 years,2,none,3,real estate,1,none,own,3,skilled employee / official,2,none,yes,1,divorced/separated,0
no account,9,critical account,business,2764,100 <= <500 DM,1<= < 4 years,2,none,0,real estate,1,bank,own,2,unskilled - resident,1,none,yes,0,divorced/separated,1
0 <= <200 DM,22,existing credits paid back duly till now,furniture/equipment,4852,<100 DM,1<= < 4 years,3,none,6,savings agreement/life insurance,1,none,own,2,skilled employee / official,2,none,yes,1,divorced/separated,1
0 <= <200 DM,5,existing credits paid back duly till now,car (new),-2488,100 <= <500 DM,>=7 years,6,co-applicant,4,savings agreement/life insurance,1,none,own,4,skilled employee / official,2,none,yes,1,divorced/separated,0
no account,11,critical account,business,1356,<100 DM,>=7 years,4,none,5,real estate,1,bank,rent,3,management/ highly qualified employee,3,none,yes,1,divorced/separated,1
no account,38,existing credits paid back duly till now,furniture/equipment,6559,no savings account,1<= < 4 years,4,none,3,car or other,1,none,own,0,unemployed/ unskilled  - non-resident,1,yes,yes,1,divorced/separated,0
no account,20,existing credits paid back duly till now,furniture/equipment,2354,no savings account,unemployed,5,none,4,car or other,0,none,own,3,skilled employee / official,2,yes,yes,1,divorced/separated,1
0 <= <200 DM,38,critical account,retraining,6149,<100 DM,1<= < 4 years,6,none,1,unknown / no property,1,bank,own,2,management/ highly qualified employee,2,none,yes,1,divorced/separated,1
<0 DM,8,critical account,car (used),-1755,<100 DM,>=7 years,5,none,12,unknown / no property,0,none,for free,3,unskilled - resident,3,yes,yes,1,divorced/separated,0
no account,6,critical account,car (new),-927,no savings account,1<= < 4 years,4,guarantor,6,car or other,1,none,own,5,unskilled - resident,3,yes,yes,1,divorced/separated,0
0 <= <200 DM,11,critical account,furniture/equipment,1415,no savings account,<1 years,2,none,3,real estate,0,none,own,1,skilled employee / official,1,none,yes,0,divorced/separated,1
<0 DM,24,delay in paying off,business,1907,no savings account,unemployed,5,none,6,car or other,0,none,own,2,skilled employee / official,2,none,yes,1,divorced/separated,1
no account,35,existing credits paid back duly till now,car (new),10140,100 <= <500 DM,unemployed,4,none,2,savings agreement/life insurance,1,none,own,2,skilled employee / official,2,yes,yes,1,divorced/separated,0
no account,38,existing credits paid back duly till now,education,9353,<100 DM,4<= <7 years,0,none,3,car or other,1,none,own,1,skilled employee / official,1,none,yes,0,divorced/separated,1
<0 DM,26,all credits at this bank paid back duly,car (new),3617,<100 DM,unemployed,6,co-applicant,2,car or other,1,none,rent,1,skilled employee / official,2,none,yes,1,divorced/separated,1
0 <= <200 DM,16,critical account,education,4141,500 <= < 1000 DM,>=7 years,7,none,8,savings agreement/life insurance,1,none,own,4,skilled employee / official,3,none,yes,1,divorced/separated,0
0 <= <200 DM,16,critical account,retraining,5781,100 <= <500 DM,<1 years,2,none,2,car or other,0,bank,own,2,skilled employee / official,2,none,yes,0,divorced/separated,0
0 <= <200 DM,10,critical account,radio/television,4297,<100 DM,1<= < 4 years,4,none,-1,car or other,1,none,own,2,skilled employee / official,2,none,yes,1,married/widowed,1
<0 DM,30,existing credits paid back duly till now,car (used),2771,<100 DM,>=7 years,4,none,5,car or other,1,none,own,3,skilled employee / official,2,yes,yes,0,divorced/separated,0
<0 DM,1,existing credits paid back duly till now,radio/television,563,100 <= <500 DM,1<= < 4 years,3,none,1,savings agreement/life insurance,1,none,rent,2,skilled employee / official,1,none,yes,0,divorced/separated,1
0 <= <200 DM,12,existing credits paid back duly till now,furniture/equipment,2251,<100 DM,<1 years,3,none,6,savings agreement/life insurance,0,none,own,1,skilled employee / official,1,yes,yes,1,divorced/separated,0
no account,41,existing credits paid back duly till now,radio/television,11194,<100 DM,<1 years,2,none,1,car or other,1,none,own,1,skilled employee / official,1,none,yes,1,divorced/separated,0
<0 DM,23,existing credits paid back duly till now,radio/television,7348,500 <= < 1000 DM,<1 years,5,none,2,car or other,1,bank,own,2,management/ highly qualified employee,2,none,yes,1,divorced/separated,0
>= 200 DM ,-5,delay in paying off,car (new),-2461,<100 DM,1<= < 4 years,2,none,3,savings agreement/life insurance,1,none,own,2,unskilled - resident,1,none,yes,1,divorced/separated,1
0 <= <200 DM,13,no credits taken,radio/television,3572,no savings account,1<= < 4 years,3,none,2,real estate,1,none,own,3,skilled employee / official,2,yes,yes,1,divorced/separated,1
0 <= <200 DM,2,critical account,radio/television,2281,100 <= <500 DM,4<= <7 years,4,none,3,real estate,1,none,own,2,skilled employee / official,2,yes,yes,0,divorced/separated,1
no account,24,critical account,business,4310,<100 DM,<1 years,1,none,-1,real estate,1,bank,own,3,unskilled - resident,1,yes,yes,1,divorced/separated,1
<0 DM,34,existing credits paid back duly till now,business,7728,no savings account,>=7 years,2,none,2,car or other,0,none,own,1,unskilled - resident,1,yes,yes,1,married/widowed,0
no account,16,critical account,car (new),3368,<100 DM,>=7 years,5,none,6,unknown / no property,1,store,for free,4,skilled employee / official,2,yes,yes,1,divorced/separated,1
no account,34,existing credits paid back duly till now,car (new),7777,100 <= <500 DM,4<= <7 years,5,none,5,savings agreement/life insurance,1,none,own,1,skilled employee / official,2,none,yes,1,divorced/separated,1
0 <= <200 DM,27,existing credits paid back duly till now,furniture/equipment,7730,<100 DM,<1 years,1,none,1,car or other,0,none,for free,2,management/ highly qualified employee,1,yes,yes,1,divorced/separated,1
0 <= <200 DM,12,existing credits paid back duly till now,repairs,512,<100 DM,4<= <7 years,5,none,6,real estate,0,none,rent,1,unskilled - resident,1,none,yes,0,divorced/separated,1
<0 DM,18,existing credits paid back duly till now,furniture/equipment,2786,<100 DM,>=7 years,1,none,5,savings agreement/life insurance,0,none,rent,3,unskilled - resident,1,yes,yes,1,divorced/separated,1
<0 DM,30,existing credits paid back duly till now,furniture/equipment,5062,<100 DM,1<= < 4 years,4,none,4,car or other,1,none,own,2,skilled employee / official,2,none,yes,1,divorced/separated,0
0 <= <200 DM,25,critical account,furniture/equipment,4746,no savings account,1<= < 4 years,1,none,1,savings agreement/life insurance,1,bank,own,3,skilled employee / official,2,none,yes,1,married/widowed,1
0 <= <200 DM,24,critical account,radio/television,6008,<100 DM,1<= < 4 years,0,none,3,car or other,0,none,own,1,skilled employee / official,1,none,yes,0,divorced/separated,1
no account,18,existing credits paid back duly till now,furniture/equipment,770,<100 DM,1<= < 4 years,5,none,3,car or other,1,bank,rent,4,skilled employee / official,2,none,yes,1,divorced/separated,1
no account,25,existing credits paid back duly till now,car (used),1702,<100 DM,>=7 years,3,none,6,savings agreement/life insurance,1,none,own,2,skilled employee / official,2,none,yes,1,divorced/separated,0
0 <= <200 DM,8,existing credits paid back duly till now,car (new),-5,no savings account,unemployed,5,none,1,car or other,1,none,own,2,skilled employee / official,1,none,yes,0,divorced/separated,1
<0 DM,12,critical account,car (used),-1258,<100 DM,>=7 years,3,none,9,real estate,0,none,own,2,skilled employee / official,2,yes,yes,0,divorced/separated,0
0 <= <200 DM,39,existing credits paid back duly till now,furniture/equipment,8627,<100 DM,>=7 years,3,none,6,car or other,0,none,own,2,skilled employee / official,2,none,yes,1,divorced/separated,1
<0 DM,23,existing credits paid back duly till now,car (new),4193,no savings account,>=7 years,4,none,3,real estate,0,none,rent,2,skilled employee / official,1,none,yes,1,divorced/separated,0
<0 DM,25,existing credits paid back duly till now,car (new),2222,<100 DM,>=7 years,6,none,5,car or other,0,none,own,0,skilled employee / official,1,none,yes,1,divorced/separated,0
<0 DM,-7,critical account,radio/television,-3290,<100 DM,1<= < 4 years,3,none,2,savings agreement/life insurance,1,bank,rent,2,skilled employee / official,1,none,yes,1,divorced/separated,1
<0 DM,27,existing credits paid back duly till now,business,7093,no savings account,1<= < 4 years,4,none,3,car or other,0,bank,own,2,unskilled - resident,2,yes,yes,1,divorced/separated,1
0 <= <200 DM,21,existing credits paid back duly till now,car (used),4589,<100 DM,1<= < 4 years,2,none,3,car or other,1,none,own,2,skilled employee / official,1,none,yes,1,divorced/separated,1
no account,18,critical account,furniture/equipment,4794,<100 DM,>=7 years,3,none,6,car or other,1,bank,own,4,skilled employee / official,2,none,yes,1,divorced/separated,0
0 <= <200 DM,13,all credits at this bank paid back duly,car (new),4759,<100 DM,>=7 years,4,none,3,car or other,0,none,own,3,skilled employee / official,3,yes,yes,1,divorced/separated,1
<0 DM,19,existing credits paid back duly till now,domestic appliances,2124,<100 DM,4<= <7 years,2,none,4,real estate,1,none,rent,1,skilled employee / official,1,none,yes,1,divorced/separated,1
no account,21,existing credits paid back duly till now,car (new),1413,<100 DM,4<= <7 years,6,none,6,savings agreement/life insurance,0,none,rent,2,skilled employee / official,2,none,yes,1,divorced/separated,0
no account,19,critical account,education,2424,100 <= <500 DM,4<= <7 years,3,none,2,real estate,0,none,own,1,skilled employee / official,1,none,yes,0,married/widowed,1
0 <= <200 DM,23,critical account,radio/television,6256,<100 DM,4<= <7 years,3,none,1,car or other,1,none,own,4,skilled employee / official,2,yes,yes,1,divorced/separated,1
no account,12,existing credits paid back duly till now,furniture/equipment,-1791,<100 DM,<1 years,2,none,4,real estate,1,none,own,2,skilled employee / official,0,none,yes,0,divorced/separated,1
no account,4,critical account,radio/television,-632,100 <= <500 DM,4<= <7 years,5,none,5,car or other,1,none,own,3,unskilled - resident,2,none,yes,0,divorced/separated,0
0 <= <200 DM,9,existing credits paid back duly till now,furniture/equipment,-676,<100 DM,>=7 years,2,none,8,real estate,1,none,rent,2,unskilled - resident,2,yes,yes,1,divorced/separated,1
<0 DM,14,existing credits paid back duly till now,furniture/equipment,2390,no savings account,>=7 years,3,none,5,car or other,1,none,own,4,unskilled - resident,2,none,yes,1,divorced/separated,1
no account,22,existing credits paid back duly till now,furniture/equipment,3716,<100 DM,<1 years,4,none,2,car or other,1,none,own,2,management/ highly qualified employee,2,yes,yes,1,divorced/separated,0
0 <= <200 DM,27,critical account,car (new),6361,500 <= < 1000 DM,1<= < 4 years,5,none,3,real estate,1,bank,own,5,management/ highly qualified employee,2,yes,yes,1,divorced/separated,1
0 <= <200 DM,27,existing credits paid back duly till now,repairs,5404,500 <= < 1000 DM,1<= < 4 years,1,none,2,savings agreement/life insurance,0,none,own,2,skilled employee / official,1,none,yes,1,divorced/separated,1
<0 DM,7,delay in paying off,radio/television,677,<100 DM,<1 years,4,none,5,car or other,0,none,own,3,skilled employee / official,1,none,yes,1,divorced/separated,1
0 <= <200 DM,35,existing credits paid back duly till now,radio/television,8313,<100 DM,4<= <7 years,2,none,2,savings agreement/life insurance,0,none,rent,1,skilled employee / official,1,none,yes,0,divorced/separated,0
<0 DM,26,existing credits paid back duly till now,radio/television,5299,<100 DM,1<= < 4 years,3,none,1,car or other,1,none,own,2,unskilled - resident,1,yes,yes,0,divorced/separated,1
<0 DM,20,existing credits paid back duly till now,car (new),424,100 <= <500 DM,>=7 years,6,none,8,car or other,1,none,own,1,unskilled - resident,1,none,yes,1,divorced/separated,1
<0 DM,9,existing credits paid back duly till now,furniture/equipment,-1258,<100 DM,4<= <7 years,5,none,2,real estate,1,none,rent,1,unskilled - resident,1,none,yes,1,divorced/separated,1
no account,2,existing credits paid back duly till now,others,-2923,<100 DM,1<= < 4 years,5,none,6,real estate,1,bank,own,5,skilled employee / official,3,none,yes,1,divorced/separated,1
no account,20,existing credits paid back duly till now,furniture/equipment,3254,<100 DM,<1 years,1,none,2,real estate,0,bank,own,0,unemployed/ unskilled  - non-resident,1,none,yes,0,divorced/separated,1
<0 DM,-7,critical account,furniture/equipment,-2520,500 <= < 1000 DM,>=7 years,4,co-applicant,5,savings agreement/life insurance,1,none,own,3,unskilled - resident,2,none,yes,1,divorced/separated,1
<0 DM,29,existing credits paid back duly till now,furniture/equipment,2690,no savings account,1<= < 4 years,8,none,4,car or other,1,store,own,1,skilled employee / official,1,none,yes,0,divorced/separated,0
0 <= <200 DM,5,existing credits paid back duly till now,furniture/equipment,353,<100 DM,1<= < 4 years,2,none,2,real estate,1,none,own,1,skilled employee / official,1,yes,yes,1,divorced/separated,1
>= 200 DM ,12,existing credits paid back duly till now,business,495,<100 DM,1<= < 4 years,3,none,7,real estate,1,none,own,2,unskilled - resident,0,none,yes,0,divorced/separated,1
<0 DM,8,existing credits paid back duly till now,car (new),2062,no savings account,1<= < 4 years,5,none,2,savings agreement/life insurance,1,none,own,0,skilled employee / official,1,none,yes,1,divorced/separated,1
0 <= <200 DM,15,existing credits paid back duly till now,furniture/equipment,1836,no savings account,1<= < 4 years,5,none,3,unknown / no property,0,none,own,3,skilled employee / official,2,yes,yes,0,divorced/separated,1
<0 DM,6,existing credits paid back duly till now,business,3093,<100 DM,4<= <7 years,3,none,2,savings agreement/life insurance,1,none,rent,1,skilled employee / official,2,none,yes,1,divorced/separated,0
0 <= <200 DM,32,existing credits paid back duly till now,furniture/equipment,6684,no savings account,>=7 years,0,none,1,car or other,1,none,rent,2,skilled employee / official,1,none,no,1,divorced/separated,1
0 <= <200 DM,29,existing credits paid back duly till now,furniture/equipment,5774,100 <= <500 DM,1<= < 4 years,0,none,1,car or other,0,none,own,3,management/ highly qualified employee,0,yes,yes,0,divorced/separated,0
no account,8,existing credits paid back duly till now,repairs,-1309,<100 DM,>=7 years,7,none,10,real estate,0,none,rent,1,skilled employee / official,3,yes,yes,1,divorced/separated,1
<0 DM,44,delay in paying off,car (new),5203,no savings account,<1 years,3,none,4,car or other,0,bank,for free,1,management/ highly qualified employee,1,none,yes,0,divorced/separated,0
no account,6,existing credits paid back duly till now,furniture/equipment,1998,<100 DM,unemployed,2,none,2,car or other,1,none,own,3,management/ highly qualified employee,1,yes,no,1,divorced/separated,0
0 <= <200 DM,40,critical account,car (used),5990,<100 DM,>=7 years,3,none,0,car or other,1,store,own,2,skilled employee / official,2,yes,yes,1,divorced/separated,1
no account,51,existing credits paid back duly till now,car (new),10221,no savings account,>=7 years,8,none,8,car or other,1,none,rent,1,skilled employee / official,2,yes,yes,1,divorced/separated,0
no account,20,critical account,radio/television,1262,100 <= <500 DM,>=7 years,5,none,4,real estate,1,none,own,4,management/ highly qualified employee,3,none,yes,1,married/widowed,1
no account,11,existing credits paid back duly till now,car (used),2427,<100 DM,4<= <7 years,1,none,0,savings agreement/life insurance,1,none,own,1,skilled employee / official,1,none,yes,1,divorced/separated,1
<0 DM,9,existing credits paid back duly till now,car (new),2108,no savings account,1<= < 4 years,4,none,3,real estate,0,none,own,1,unskilled - resident,1,none,yes,0,divorced/separated,1
no account,21,no credits taken,business,2919,<100 DM,>=7 years,4,none,5,savings agreement/life insurance,1,bank,own,3,unskilled - resident,2,yes,yes,1,divorced/separated,1
<0 DM,2,existing credits paid back duly till now,car (new),552,no savings account,1<= < 4 years,4,none,3,car or other,1,none,own,1,skilled employee / official,2,none,yes,0,divorced/separated,1
no account,24,existing credits paid back duly till now,car (new),1371,500 <= < 1000 DM,>=7 years,6,none,3,car or other,1,none,own,3,unskilled - resident,2,none,yes,1,divorced/separated,0
no account,19,existing credits paid back duly till now,furniture/equipment,5517,<100 DM,1<= < 4 years,4,none,1,real estate,1,none,own,2,skilled employee / official,2,none,yes,1,divorced/separated,1
0 <= <200 DM,48,critical account,furniture/equipment,12614,no savings account,1<= < 4 years,1,co-applicant,-1,unknown / no property,0,bank,own,2,unskilled - resident,1,none,yes,1,divorced/separated,1
no account,-8,existing credits paid back duly till now,furniture/equipment,-6274,100 <= <500 DM,<1 years,5,none,2,real estate,1,store,own,2,skilled employee / official,2,yes,yes,0,divorced/separated,1
0 <= <200 DM,2,critical account,radio/television,-699,<100 DM,1<= < 4 years,2,none,1,car or other,0,none,own,3,skilled employee / official,2,none,yes,1,divorced/separated,1
0 <= <200 DM,26,critical account,furniture/equipment,8359,no savings account,1<= < 4 years,3,none,5,unknown / no property,1,none,own,2,skilled employee / official,3,none,no,1,married/widowed,1
<0 DM,32,existing credits paid back duly till now,furniture/equipment,6575,>= 1000 DM,<1 years,4,none,3,unknown / no property,0,none,own,1,skilled employee / official,2,none,yes,0,divorced/separated,1
>= 200 DM ,-2,critical account,car (new),-1118,no savings account,unemployed,6,none,4,savings agreement/life insurance,1,none,own,2,unskilled - resident,3,none,yes,1,divorced/separated,1
no account,10,critical account,radio/television,-614,<100 DM,>=7 years,4,none,3,real estate,1,none,own,3,skilled employee / official,2,yes,yes,0,divorced/separated,0
<0 DM,-3,critical account,car (new),-523,100 <= <500 DM,1<= < 4 years,6,none,5,real estate,1,none,own,2,skilled employee / official,2,yes,yes,0,divorced/separated,0
<0 DM,31,critical account,furniture/equipment,5783,<100 DM,unemployed,2,none,2,real estate,1,none,own,4,unskilled - resident,2,yes,yes,1,divorced/separated,1
<0 DM,38,critical account,education,6996,<100 DM,>=7 years,1,none,2,car or other,0,bank,own,2,skilled employee / official,1,none,yes,1,divorced/separated,1
0 <= <200 DM,12,critical account,car (new),293,<100 DM,>=7 years,3,none,4,savings agreement/life insurance,1,none,own,3,skilled employee / official,2,yes,yes,1,divorced/separated,1
<0 DM,17,critical account,business,742,100 <= <500 DM,<1 years,4,none,3,savings agreement/life insurance,1,none,own,4,skilled employee / official,2,yes,yes,1,divorced/separated,0
no account,22,all credits at this bank paid back duly,radio/television,5968,<100 DM,>=7 years,3,none,4,savings agreement/life insurance,1,bank,for free,1,unskilled - resident,3,none,yes,1,divorced/separated,1
<0 DM,36,existing credits paid back duly till now,furniture/equipment,9988,<100 DM,4<= <7 years,2,none,0,real estate,1,none,own,2,skilled employee / official,2,none,yes,1,divorced/separated,1
>= 200 DM ,28,critical account,radio/television,3612,100 <= <500 DM,>=7 years,3,none,5,car or other,0,none,for free,3,unemployed/ unskilled  - non-resident,2,none,yes,1,divorced/separated,1
0 <= <200 DM,38,existing credits paid back duly till now,radio/television,9704,100 <= <500 DM,<1 years,4,none,2,car or other,0,none,own,0,skilled employee / official,0,none,yes,0,divorced/separated,0
0 <= <200 DM,13,delay in paying off,repairs,3889,<100 DM,1<= < 4 years,5,none,3,car or other,1,none,own,2,skilled employee / official,2,yes,yes,1,divorced/separated,0
no account,32,delay in paying off,car (used),7588,500 <= < 1000 DM,4<= <7 years,2,none,1,real estate,1,bank,own,4,management/ highly qualified employee,2,none,yes,1,divorced/separated,1
no account,11,existing credits paid back duly till now,furniture/equipment,566,<100 DM,>=7 years,5,none,2,real estate,1,none,own,1,skilled employee / official,2,none,yes,1,divorced/separated,0
no account,7,existing credits paid back duly till now,car (used),45,<100 DM,4<= <7 years,2,none,4,car or other,1,none,own,2,skilled employee / official,1,none,yes,1,married/widowed,1
>= 200 DM ,13,existing credits paid back duly till now,furniture/equipment,-37,<100 DM,<1 years,3,none,3,real estate,1,none,own,2,skilled employee / official,2,none,yes,1,divorced/separated,1
no account,43,critical account,radio/television,7260,no savings account,>=7 years,3,none,3,real estate,1,bank,own,3,management/ highly qualified employee,3,yes,yes,1,divorced/separated,1
no account,29,critical account,furniture/equipment,5931,<100 DM,<1 years,3,none,2,real estate,1,none,own,2,management/ highly qualified employee,1,yes,yes,1,divorced/separated,0
0 <= <200 DM,37,existing credits paid back duly till now,domestic appliances,6065,<100 DM,1<= < 4 years,1,none,-1,car or other,1,none,own,1,skilled employee / official,2,yes,yes,1,divorced/separated,1
<0 DM,23,existing credits paid back duly till now,business,662,<100 DM,1<= < 4 years,5,none,6,real estate,0,none,own,1,skilled employee / official,1,yes,yes,1,divorced/separated,0
no account,19,existing credits paid back duly till now,business,4065,no savings account,4<= <7 years,3,none,4,savings agreement/life insurance,0,none,own,1,unskilled - resident,2,yes,yes,1,divorced/separated,1
0 <= <200 DM,12,existing credits paid back duly till now,radio/television,1266,<100 DM,<1 years,3,none,2,real estate,1,none,own,1,skilled employee / official,1,none,yes,0,divorced/separated,1
no account,9,critical account,radio/television,1490,<100 DM,>=7 years,5,none,8,unknown / no property,1,none,rent,3,unskilled - resident,3,none,no,1,divorced/separated,1
<0 DM,19,existing credits paid back duly till now,business,5680,<100 DM,<1 years,3,none,4,car or other,1,none,own,1,skilled employee / official,1,none,yes,0,divorced/separated,1
<0 DM,29,critical account,furniture/equipment,3721,100 <= <500 DM,>=7 years,1,none,4,car or other,1,none,own,2,skilled employee / official,2,yes,yes,1,divorced/separated,1
0 <= <200 DM,1,critical account,car (new),2012,<100 DM,unemployed,1,none,3,real estate,1,none,own,3,skilled employee / official,2,none,yes,1,divorced/separated,1
0 <= <200 DM,21,existing credits paid back duly till now,car (new),5063,<100 DM,1<= < 4 years,4,none,6,savings agreement/life insurance,1,store,own,2,skilled employee / official,3,yes,yes,1,divorced/separated,0
0 <= <200 DM,21,existing credits paid back duly till now,furniture/equipment,5366,<100 DM,4<= <7 years,3,none,2,real estate,0,none,own,1,skilled employee / official,1,none,yes,1,divorced/separated,0
no account,13,existing credits paid back duly till now,radio/television,3808,<100 DM,>=7 years,4,none,5,car or other,1,none,own,2,management/ highly qualified employee,1,none,yes,0,divorced/separated,0
no account,16,critical account,car (used),3583,<100 DM,1<= < 4 years,2,none,5,car or other,0,none,rent,2,skilled employee / official,1,yes,yes,1,divorced/separated,1
no account,26,existing credits paid back duly till now,furniture/equipment,5024,no savings account,4<= <7 years,4,none,3,car or other,1,none,own,2,skilled employee / official,1,none,yes,0,divorced/separated,1
no account,30,existing credits paid back duly till now,furniture/equipment,2533,500 <= < 1000 DM,<1 years,7,none,9,car or other,1,none,rent,0,skilled employee / official,1,yes,yes,1,divorced/separated,1
<0 DM,40,critical account,car (new),6245,no savings account,>=7 years,4,none,7,car or other,1,none,own,3,skilled employee / official,2,none,yes,1,divorced/separated,1
no account,22,existing credits paid back duly till now,radio/television,1983,<100 DM,>=7 years,5,guarantor,0,savings agreement/life insurance,1,none,own,2,skilled employee / official,1,none,yes,1,divorced/separated,1
0 <= <200 DM,33,critical account,furniture/equipment,6015,no savings account,>=7 years,3,none,3,car or other,0,none,own,4,unemployed/ unskilled  - non-resident,1,none,yes,0,divorced/separated,1
<0 DM,14,existing credits paid back duly till now,furniture/equipment,-2530,<100 DM,>=7 years,2,none,6,unknown / no property,0,none,rent,3,skilled employee / official,1,yes,yes,1,divorced/separated,0
no account,20,existing credits paid back duly till now,radio/television,3095,<100 DM,<1 years,0,none,2,real estate,1,bank,rent,2,skilled employee / official,1,none,yes,0,divorced/separated,1
0 <= <200 DM,34,existing credits paid back duly till now,radio/television,4865,<100 DM,<1 years,4,none,3,savings agreement/life insurance,1,none,own,2,skilled employee / official,2,yes,yes,1,divorced/separated,1
<0 DM,0,existing credits paid back duly till now,car (used),809,<100 DM,>=7 years,6,none,1,real estate,1,bank,own,3,skilled employee / official,2,none,yes,1,divorced/separated,0
no account,9,existing credits paid back duly till now,furniture/equipment,-222,<100 DM,<1 years,2,none,4,unknown / no property,1,none,own,3,unemployed/ unskilled  - non-resident,1,none,yes,1,divorced/separated,1
no account,7,existing credits paid back duly till now,radio/television,-1138,500 <= < 1000 DM,<1 years,4,co-applicant,2,real estate,1,none,own,4,skilled employee / official,2,none,yes,1,divorced/separated,1
no account,38,critical account,furniture/equipment,8680,<100 DM,4<= <7 years,2,none,-2,car or other,1,bank,own,4,skilled employee / official,1,none,yes,1,divorced/separated,1
<0 DM,29,existing credits paid back duly till now,radio/television,7278,no savings account,1<= < 4 years,5,none,2,unknown / no property,0,none,own,1,skilled employee / official,2,yes,yes,1,married/widowed,1
<0 DM,39,existing credits paid back duly till now,furniture/equipment,7726,<100 DM,<1 years,4,none,1,car or other,1,none,for free,-1,skilled employee / official,1,none,yes,1,divorced/separated,0
0 <= <200 DM,35,existing credits paid back duly till now,furniture/equipment,3343,<100 DM,<1 years,3,none,3,real estate,1,none,own,2,skilled employee / official,2,none,yes,1,divorced/separated,1
<0 DM,24,existing credits paid back duly till now,furniture/equipment,7876,500 <= < 1000 DM,<1 years,3,none,1,car or other,0,none,own,0,skilled employee / official,1,none,yes,0,divorced/separated,1
no account,25,critical account,radio/television,6671,>= 1000 DM,4<= <7 years,3,none,2,car or other,1,none,own,2,unskilled - resident,1,none,yes,1,divorced/separated,1
no account,23,critical account,retraining,3475,<100 DM,>=7 years,3,none,4,real estate,1,none,own,2,skilled employee / official,3,none,yes,1,divorced/separated,0
<0 DM,20,existing credits paid back duly till now,furniture/equipment,1433,<100 DM,4<= <7 years,5,none,7,savings agreement/life insurance,1,none,rent,2,management/ highly qualified employee,2,none,yes,1,divorced/separated,1
<0 DM,33,critical account,car (new),3056,no savings account,>=7 years,4,none,5,savings agreement/life insurance,1,none,own,2,skilled employee / official,2,none,yes,1,divorced/separated,1
no account,29,existing credits paid back duly till now,radio/television,6079,<100 DM,>=7 years,5,none,7,car or other,1,none,own,1,skilled employee / official,2,yes,yes,1,divorced/separated,1
<0 DM,12,existing credits paid back duly till now,radio/television,84,<100 DM,1<= < 4 years,4,none,6,unknown / no property,1,none,own,2,skilled employee / official,2,yes,yes,1,divorced/separated,0
<0 DM,48,existing credits paid back duly till now,car (new),10599,<100 DM,>=7 years,7,none,3,unknown / no property,1,none,for free,2,management/ highly qualified employee,2,yes,yes,1,divorced/separated,0
no account,1,existing credits paid back duly till now,furniture/equipment,633,100 <= <500 DM,<1 years,1,none,0,car or other,1,none,rent,-1,unskilled - resident,1,none,yes,0,divorced/separated,1
<0 DM,40,existing credits paid back duly till now,business,5023,<100 DM,4<= <7 years,4,none,-1,car or other,1,none,own,1,skilled employee / official,1,none,yes,0,divorced/separated,1
<0 DM,8,critical account,car (used),1160,<100 DM,1<= < 4 years,3,none,4,unknown / no property,1,none,own,2,skilled employee / official,2,none,yes,0,divorced/separated,1
<0 DM,14,existing credits paid back duly till now,business,-2394,<100 DM,>=7 years,4,none,7,unknown / no property,1,none,for free,4,skilled employee / official,2,none,yes,1,divorced/separated,1
<0 DM,14,existing credits paid back duly till now,furniture/equipment,1801,100 <= <500 DM,1<= < 4 years,3,none,1,real estate,1,bank,rent,0,skilled employee / official,1,none,yes,1,divorced/separated,1
no account,30,existing credits paid back duly till now,furniture/equipment,4323,<100 DM,4<= <7 years,2,none,5,savings agreement/life insurance,1,none,own,1,skilled employee / official,1,yes,yes,0,divorced/separated,1
<0 DM,38,existing credits paid back duly till now,furniture/equipment,7139,<100 DM,unemployed,2,none,3,real estate,0,none,own,1,unskilled - resident,1,yes,yes,1,divorced/separated,1
no account,52,existing credits paid back duly till now,radio/television,10407,100 <= <500 DM,1<= < 4 years,3,none,2,car or other,0,none,own,1,skilled employee / official,1,yes,yes,1,divorced/separated,1
no account,22,critical account,car (used),8258,no savings account,1<= < 4 years,5,none,2,real estate,1,bank,own,1,skilled employee / official,2,none,yes,1,divorced/separated,1
0 <= <200 DM,4,existing credits paid back duly till now,furniture/equipment,-1405,100 <= <500 DM,>=7 years,5,none,4,savings agreement/life insurance,1,none,own,0,skilled employee / official,1,none,yes,1,divorced/separated,1
0 <= <200 DM,21,existing credits paid back duly till now,furniture/equipment,4897,<100 DM,<1 years,3,none,1,real estate,1,none,own,2,unskilled - resident,2,yes,yes,1,divorced/separated,1
0 <= <200 DM,13,existing credits paid back duly till now,radio/television,3106,<100 DM,<1 years,2,none,3,real estate,0,none,own,1,skilled employee / official,1,none,yes,0,divorced/separated,1
<0 DM,26,existing credits paid back duly till now,furniture/equipment,4473,<100 DM,>=7 years,8,none,6,car or other,1,none,own,1,unskilled - resident,2,yes,yes,1,divorced/separated,1
no account,25,delay in paying off,car (used),6493,<100 DM,4<= <7 years,5,none,6,car or other,1,bank,rent,1,skilled employee / official,2,none,yes,0,divorced/separated,0
0 <= <200 DM,18,existing credits paid back duly till now,furniture/equipment,1584,100 <= <500 DM,<1 years,7,none,0,unknown / no property,1,none,rent,2,management/ highly qualified employee,2,none,yes,1,divorced/separated,1
0 <= <200 DM,21,existing credits paid back duly till now,car (new),2656,no savings account,1<= < 4 years,4,none,2,real estate,1,none,own,3,management/ highly qualified employee,2,none,yes,1,divorced/separated,1
no account,-5,existing credits paid back duly till now,furniture/equipment,-1568,<100 DM,4<= <7 years,2,none,2,real estate,1,none,own,4,skilled employee / official,2,none,yes,0,divorced/separated,1
0 <= <200 DM,1,delay in paying off,retraining,-558,<100 DM,1<= < 4 years,5,none,3,real estate,0,none,own,1,skilled employee / official,2,none,yes,1,divorced/separated,1
no account,29,existing credits paid back duly till now,car (used),3158,<100 DM,1<= < 4 years,2,none,3,real estate,1,bank,own,0,skilled employee / official,1,none,yes,0,divorced/separated,1
0 <= <200 DM,22,critical account,radio/television,5753,no savings account,4<= <7 years,4,none,5,unknown / no property,1,bank,own,2,skilled employee / official,2,none,yes,1,divorced/separated,1
no account,23,existing credits paid back duly till now,car (new),1837,<100 DM,1<= < 4 years,3,none,4,car or other,0,store,for free,3,skilled employee / official,1,none,yes,1,married/widowed,0
0 <= <200 DM,6,critical account,radio/television,44,100 <= <500 DM,<1 years,3,none,5,car or other,1,none,own,4,skilled employee / official,1,none,yes,0,divorced/separated,1
<0 DM,-5,critical account,furniture/equipment,-3921,<100 DM,>=7 years,4,none,5,car or other,1,none,own,3,skilled employee / official,2,none,yes,1,married/widowed,1
<0 DM,39,existing credits paid back duly till now,radio/television,6341,<100 DM,<1 years,3,none,3,car or other,1,none,rent,0,management/ highly qualified employee,1,yes,yes,1,divorced/separated,0
<0 DM,15,existing credits paid back duly till now,car (new),246,<100 DM,unemployed,4,none,6,real estate,1,none,own,1,unskilled - resident,2,yes,yes,0,divorced/separated,1
no account,23,existing credits paid back duly till now,business,7097,<100 DM,1<= < 4 years,2,none,2,savings agreement/life insurance,1,none,rent,2,skilled employee / official,1,yes,yes,1,divorced/separated,0
0 <= <200 DM,20,existing credits paid back duly till now,car (used),6912,<100 DM,<1 years,4,none,1,real estate,1,none,own,1,skilled employee / official,1,none,yes,1,divorced/separated,1
<0 DM,11,existing credits paid back duly till now,radio/television,365,no savings account,4<= <7 years,6,none,6,car or other,1,none,own,2,skilled employee / official,1,none,yes,0,divorced/separated,1
0 <= <200 DM,33,existing credits paid back duly till now,car (used),8307,<100 DM,<1 years,3,none,1,unknown / no property,1,none,for free,2,skilled employee / official,2,none,yes,1,divorced/separated,1
no account,36,existing credits paid back duly till now,car (used),5190,<100 DM,4<= <7 years,0,none,3,unknown / no property,1,none,own,4,management/ highly qualified employee,1,none,yes,0,divorced/separated,0
0 <= <200 DM,2,critical account,car (new),-1277,<100 DM,<1 years,1,none,5,real estate,1,none,own,2,unskilled - resident,1,none,yes,1,divorced/separated,1
<0 DM,24,existing credits paid back duly till now,radio/television,3026,<100 DM,4<= <7 years,4,none,5,savings agreement/life insurance,1,bank,own,0,skilled employee / official,1,none,yes,0,divorced/separated,0
no account,22,critical account,radio/television,2710,<100 DM,1<= < 4 years,2,none,3,real estate,1,none,own,2,unskilled - resident,1,none,yes,0,divorced/separated,1
<0 DM,9,critical account,car (new),1723,<100 DM,unemployed,4,none,4,savings agreement/life insurance,1,none,own,3,unskilled - resident,2,yes,yes,1,divorced/separated,1
no account,42,critical account,business,7141,100 <= <500 DM,4<= <7 years,4,none,1,savings agreement/life insurance,1,none,own,0,skilled employee / official,2,none,yes,1,divorced/separated,0
0 <= <200 DM,27,critical account,car (new),7266,<100 DM,1<= < 4 years,1,none,2,car or other,1,none,own,1,unskilled - resident,1,none,yes,0,divorced/separated,0
<0 DM,35,critical account,business,4918,500 <= < 1000 DM,1<= < 4 years,6,none,2,real estate,1,none,own,1,management/ highly qualified employee,1,yes,yes,1,divorced/separated,1
0 <= <200 DM,11,existing credits paid back duly till now,furniture/equipment,180,no savings account,1<= < 4 years,6,none,4,real estate,1,none,own,2,unskilled - resident,2,none,yes,1,divorced/separated,1
0 <= <200 DM,6,existing credits paid back duly till now,car (new),1099,100 <= <500 DM,>=7 years,4,none,7,real estate,0,none,for free,3,unskilled - resident,3,none,yes,1,divorced/separated,1
0 <= <200 DM,24,existing credits paid back duly till now,radio/television,6481,<100 DM,1<= < 4 years,3,none,3,car or other,1,none,own,1,skilled employee / official,3,yes,yes,1,divorced/separated,0
no account,33,existing credits paid back duly till now,business,4387,no savings account,1<= < 4 years,1,none,1,car or other,1,none,own,2,skilled employee / official,1,none,yes,0,divorced/separated,1
<0 DM,20,existing credits paid back duly till now,car (new),1861,no savings account,>=7 years,7,none,7,savings agreement/life insurance,1,none,own,3,skilled employee / official,1,yes,yes,1,divorced/separated,1
no account,42,existing credits paid back duly till now,car (new),8635,<100 DM,<1 years,8,none,4,savings agreement/life insurance,0,none,own,1,skilled employee / official,2,yes,yes,0,divorced/separated,0
no account,-10,existing credits paid back duly till now,radio/television,-4431,100 <= <500 DM,1<= < 4 years,4,none,1,savings agreement/life insurance,1,store,own,2,management/ highly qualified employee,1,none,yes,1,divorced/separated,1
no account,36,existing credits paid back duly till now,furniture/equipment,6623,<100 DM,<1 years,-1,none,0,real estate,1,none,own,1,skilled employee / official,1,none,yes,1,divorced/separated,1
0 <= <200 DM,28,existing credits paid back duly till now,radio/television,5984,100 <= <500 DM,4<= <7 years,4,none,2,savings agreement/life insurance,1,bank,own,2,skilled employee / official,2,none,yes,1,divorced/separated,0
0 <= <200 DM,38,existing credits paid back duly till now,business,8884,<100 DM,1<= < 4 years,2,none,3,car or other,1,none,own,-1,skilled employee / official,2,yes,yes,0,divorced/separated,0
no account,20,existing credits paid back duly till now,business,2250,<100 DM,1<= < 4 years,3,none,4,real estate,1,none,own,3,management/ highly qualified employee,1,none,yes,0,divorced/separated,1
0 <= <200 DM,-6,critical account,education,-2110,<100 DM,unemployed,5,none,9,real estate,1,none,for free,5,unskilled - resident,3,yes,yes,1,divorced/separated,1
<0 DM,2,existing credits paid back duly till now,business,449,<100 DM,1<= < 4 years,4,none,1,savings agreement/life insurance,1,none,own,1,skilled employee / official,2,none,yes,1,divorced/separated,1
no account,29,existing credits paid back duly till now,retraining,3308,no savings account,4<= <7 years,2,none,5,real estate,1,none,own,1,skilled employee / official,2,yes,yes,0,divorced/separated,0
<0 DM,21,existing credits paid back duly till now,radio/television,6653,<100 DM,4<= <7 years,3,none,5,real estate,1,none,rent,1,management/ highly qualified employee,1,yes,yes,0,divorced/separated,0
no account,9,delay in paying off,furniture/equipment,-2186,100 <= <500 DM,<1 years,5,none,1,real estate,1,none,own,0,skilled employee / official,1,none,yes,0,divorced/separated,0
0 <= <200 DM,21,critical account,furniture/equipment,3426,no savings account,4<= <7 years,3,none,1,real estate,1,none,own,3,unskilled - resident,1,none,no,1,divorced/separated,1
>= 200 DM ,12,existing credits paid back duly till now,car (used),773,<100 DM,4<= <7 years,3,none,3,car or other,1,none,rent,0,skilled employee / official,1,none,yes,0,divorced/separated,1
no account,17,existing credits paid back duly till now,others,2404,100 <= <500 DM,1<= < 4 years,3,none,0,car or other,1,none,own,3,skilled employee / official,2,none,yes,1,divorced/separated,0
no account,11,critical account,car (new),5558,<100 DM,1<= < 4 years,2,none,3,car or other,1,none,own,3,management/ highly qualified employee,3,none,yes,1,divorced/separated,1
0 <= <200 DM,8,existing credits paid back duly till now,radio/television,811,<100 DM,<1 years,4,none,5,real estate,1,none,own,1,skilled employee / official,1,none,yes,0,divorced/separated,0
no account,38,existing credits paid back duly till now,furniture/equipment,7972,500 <= < 1000 DM,1<= < 4 years,3,none,1,car or other,0,bank,own,0,skilled employee / official,1,none,yes,0,divorced/separated,0
>= 200 DM ,5,existing credits paid back duly till now,furniture/equipment,-319,<100 DM,1<= < 4 years,6,none,6,unknown / no property,1,none,own,2,skilled employee / official,3,yes,yes,1,divorced/separated,0
no account,16,critical account,radio/television,1374,<100 DM,4<= <7 years,3,none,2,real estate,1,none,own,2,skilled employee / official,2,none,yes,0,married/widowed,1
0 <= <200 DM,28,existing credits paid back duly till now,radio/television,6264,no savings account,>=7 years,5,none,3,unknown / no property,1,none,own,0,skilled employee / official,2,yes,yes,1,divorced/separated,0
no account,27,existing credits paid back duly till now,radio/television,3612,>= 1000 DM,<1 years,4,none,5,real estate,1,none,for free,1,skilled employee / official,2,none,yes,0,divorced/separated,1
no account,6,existing credits paid back duly till now,furniture/equipment,-2224,<100 DM,1<= < 4 years,6,none,3,savings agreement/life insurance,1,bank,rent,3,skilled employee / official,2,none,yes,1,divorced/separated,1
no account,27,critical account,car (new),6582,<100 DM,1<= < 4 years,4,none,3,car or other,1,none,for free,1,management/ highly qualified employee,2,none,yes,1,divorced/separated,1
0 <= <200 DM,38,critical account,radio/television,9051,<100 DM,4<= <7 years,3,none,2,unknown / no property,1,bank,own,1,skilled employee / official,2,none,yes,1,divorced/separated,0
<0 DM,27,critical account,car (new),5270,<100 DM,1<= < 4 years,4,none,3,real estate,1,none,own,4,skilled employee / official,3,yes,yes,1,divorced/separated,0
0 <= <200 DM,10,critical account,furniture/equipment,1425,<100 DM,4<= <7 years,2,none,3,real estate,1,none,own,2,skilled employee / official,2,none,yes,1,divorced/separated,1
0 <= <200 DM,23,existing credits paid back duly till now,radio/television,5570,<100 DM,4<= <7 years,4,none,0,real estate,1,none,own,1,skilled employee / official,2,none,yes,1,divorced/separated,1
<0 DM,21,existing credits paid back duly till now,furniture/equipment,3041,no savings account,>=7 years,5,none,5,car or other,0,none,rent,0,skilled employee / official,1,none,yes,1,divorced/separated,1
0 <= <200 DM,16,existing credits paid back duly till now,repairs,-24,<100 DM,4<= <7 years,6,none,10,car or other,1,none,rent,2,skilled employee / official,2,yes,yes,1,married/widowed,1
<0 DM,17,delay in paying off,radio/television,3085,<100 DM,1<= < 4 years,4,none,5,savings agreement/life insurance,1,none,own,1,skilled employee / official,2,none,yes,1,divorced/separated,0
no account,21,existing credits paid back duly till now,radio/television,6054,<100 DM,4<= <7 years,3,none,3,real estate,1,none,own,1,skilled employee / official,2,yes,yes,0,divorced/separated,0
0 <= <200 DM,7,existing credits paid back duly till now,car (used),572,no savings account,<1 years,3,none,5,car or other,1,none,own,3,unskilled - resident,2,yes,yes,1,divorced/separated,0
no account,30,existing credits paid back duly till now,car (used),3525,<100 DM,1<= < 4 years,3,none,5,real estate,1,none,rent,1,skilled employee / official,3,none,yes,1,divorced/separated,0
0 <= <200 DM,38,existing credits paid back duly till now,car (new),9038,500 <= < 1000 DM,>=7 years,6,none,4,car or other,1,store,own,0,skilled employee / official,1,yes,yes,1,divorced/separated,0
<0 DM,-8,critical account,car (used),-3662,>= 1000 DM,>=7 years,7,none,9,unknown / no property,1,none,own,4,skilled employee / official,3,none,yes,1,divorced/separated,1
no account,44,existing credits paid back duly till now,radio/television,9245,<100 DM,1<= < 4 years,2,none,1,car or other,1,none,for free,1,skilled employee / official,1,yes,yes,0,divorced/separated,0
0 <= <200 DM,19,existing credits paid back duly till now,radio/television,921,<100 DM,<1 years,2,none,3,real estate,1,bank,own,2,unskilled - resident,1,yes,yes,1,divorced/separated,1
0 <= <200 DM,34,critical account,furniture/equipment,6868,no savings account,1<= < 4 years,3,none,2,real estate,1,none,own,3,management/ highly qualified employee,1,yes,yes,0,divorced/separated,1
0 <= <200 DM,33,existing credits paid back duly till now,business,2862,<100 DM,1<= < 4 years,0,none,3,savings agreement/life insurance,1,none,own,1,skilled employee / official,1,yes,yes,1,divorced/separated,1
0 <= <200 DM,42,critical account,radio/television,3323,<100 DM,1<= < 4 years,2,none,3,real estate,1,none,own,3,unemployed/ unskilled  - non-resident,2,none,yes,1,divorced/separated,1
0 <= <200 DM,36,existing credits paid back duly till now,business,8833,500 <= < 1000 DM,<1 years,-2,none,0,car or other,0,none,own,1,skilled employee / official,1,none,yes,1,married/widowed,1
0 <= <200 DM,15,existing credits paid back duly till now,car (used),3595,<100 DM,<1 years,0,none,3,real estate,0,none,own,3,unemployed/ unskilled  - non-resident,2,none,yes,1,divorced/separated,1
0 <= <200 DM,22,existing credits paid back duly till now,business,-269,<100 DM,1<= < 4 years,3,none,3,savings agreement/life insurance,0,none,own,1,management/ highly qualified employee,2,yes,yes,1,divorced/separated,0
0 <= <200 DM,20,critical account,furniture/equipment,1010,>= 1000 DM,1<= < 4 years,5,none,2,car or other,1,none,own,3,management/ highly qualified employee,3,none,yes,1,divorced/separated,1
<0 DM,13,existing credits paid back duly till now,car (new),1296,<100 DM,1<= < 4 years,0,none,2,unknown / no property,1,none,own,2,skilled employee / official,1,yes,yes,0,married/widowed,1
0 <= <200 DM,24,no credits taken,car (new),6337,<100 DM,1<= < 4 years,0,none,1,unknown / no property,1,none,rent,6,skilled employee / official,1,none,yes,1,divorced/separated,1
no account,37,existing credits paid back duly till now,radio/television,6775,500 <= < 1000 DM,1<= < 4 years,4,none,4,savings agreement/life insurance,1,none,own,3,skilled employee / official,2,yes,yes,1,divorced/separated,0
<0 DM,25,critical account,business,3410,<100 DM,>=7 years,4,none,4,savings agreement/life insurance,1,bank,for free,2,skilled employee / official,2,yes,yes,1,divorced/separated,1
<0 DM,31,critical account,car (new),4458,<100 DM,>=7 years,5,none,4,car or other,1,none,for free,3,skilled employee / official,2,yes,yes,1,divorced/separated,0
no account,29,existing credits paid back duly till now,car (new),2186,100 <= <500 DM,4<= <7 years,6,none,5,savings agreement/life insurance,1,bank,own,1,management/ highly qualified employee,2,yes,yes,0,divorced/separated,1
no account,38,existing credits paid back duly till now,radio/television,6573,500 <= < 1000 DM,1<= < 4 years,3,none,3,car or other,0,none,for free,0,skilled employee / official,2,none,yes,0,divorced/separated,0
no account,10,existing credits paid back duly till now,radio/television,-905,100 <= <500 DM,1<= < 4 years,2,none,2,real estate,1,none,own,3,skilled employee / official,1,none,yes,1,divorced/separated,1
no account,30,critical account,business,3983,500 <= < 1000 DM,4<= <7 years,5,none,2,savings agreement/life insurance,1,store,for free,2,skilled employee / official,3,yes,yes,1,divorced/separated,1
<0 DM,23,existing credits paid back duly till now,car (new),-517,<100 DM,1<= < 4 years,4,none,10,car or other,0,none,rent,1,unskilled - resident,1,yes,yes,0,divorced/separated,1
0 <= <200 DM,14,critical account,car (used),3961,500 <= < 1000 DM,4<= <7 years,6,none,5,unknown / no property,1,store,own,4,skilled employee / official,4,yes,yes,1,divorced/separated,0
no account,9,existing credits paid back duly till now,furniture/equipment,1253,no savings account,1<= < 4 years,2,none,2,real estate,0,none,own,1,skilled employee / official,1,none,yes,1,divorced/separated,1
0 <= <200 DM,20,existing credits paid back duly till now,radio/television,3621,no savings account,1<= < 4 years,3,none,3,real estate,1,none,rent,1,skilled employee / official,2,yes,yes,1,married/widowed,1
no account,8,existing credits paid back duly till now,business,-1193,no savings account,>=7 years,3,none,3,savings agreement/life insurance,1,none,own,3,unskilled - resident,2,none,yes,1,divorced/separated,1
no account,13,critical account,car (new),-186,no savings account,1<= < 4 years,4,none,2,car or other,1,none,for free,2,skilled employee / official,2,none,yes,1,divorced/separated,1
0 <= <200 DM,31,existing credits paid back duly till now,radio/television,2662,<100 DM,1<= < 4 years,0,none,2,savings agreement/life insurance,1,none,own,1,skilled employee / official,0,none,yes,0,divorced/separated,1
0 <= <200 DM,-2,existing credits paid back duly till now,radio/television,-6287,no savings account,>=7 years,3,none,7,real estate,0,none,own,3,unskilled - resident,2,none,yes,1,divorced/separated,1
no account,22,existing credits paid back duly till now,car (new),2307,<100 DM,4<= <7 years,2,none,2,car or other,1,bank,own,2,unskilled - resident,1,yes,yes,1,divorced/separated,1
no account,49,existing credits paid back duly till now,car (used),8717,<100 DM,unemployed,5,none,2,real estate,1,none,own,2,management/ highly qualified employee,2,yes,yes,1,divorced/separated,1
<0 DM,31,existing credits paid back duly till now,furniture/equipment,3652,100 <= <500 DM,<1 years,5,none,6,savings agreement/life insurance,1,none,own,1,skilled employee / official,1,yes,yes,0,divorced/separated,0
no account,56,critical account,furniture/equipment,13289,<100 DM,4<= <7 years,3,none,2,car or other,1,none,own,0,skilled employee / official,1,none,yes,1,divorced/separated,0
no account,39,existing credits paid back duly till now,radio/television,2920,<100 DM,<1 years,3,none,-2,real estate,1,none,own,0,skilled employee / official,0,none,no,0,divorced/separated,1
<0 DM,33,existing credits paid back duly till now,car (new),2226,no savings account,>=7 years,4,none,6,unknown / no property,1,none,own,1,skilled employee / official,1,yes,yes,0,divorced/separated,1
0 <= <200 DM,25,existing credits paid back duly till now,radio/television,2123,<100 DM,<1 years,3,none,3,car or other,1,store,own,2,unemployed/ unskilled  - non-resident,2,yes,yes,1,divorced/separated,0
no account,24,critical account,furniture/equipment,6822,no savings account,1<= < 4 years,4,none,1,car or other,1,bank,rent,2,skilled employee / official,3,none,yes,1,divorced/separated,1
no account,46,existing credits paid back duly till now,furniture/equipment,9014,100 <= <500 DM,1<= < 4 years,0,none,0,car or other,0,bank,own,2,skilled employee / official,1,none,no,0,divorced/separated,1
<0 DM,13,delay in paying off,radio/television,-452,<100 DM,>=7 years,4,none,7,unknown / no property,1,store,own,2,skilled employee / official,2,none,yes,1,divorced/separated,1
no account,26,existing credits paid back duly till now,business,5940,<100 DM,unemployed,3,none,3,car or other,1,none,own,1,skilled employee / official,2,none,yes,0,divorced/separated,0
0 <= <200 DM,4,critical account,car (new),-797,<100 DM,1<= < 4 years,2,none,6,savings agreement/life insurance,0,none,own,4,management/ highly qualified employee,3,none,yes,1,married/widowed,1
no account,23,existing credits paid back duly till now,radio/television,5673,500 <= < 1000 DM,4<= <7 years,3,none,-1,unknown / no property,1,none,own,2,management/ highly qualified employee,2,none,yes,1,married/widowed,1
no account,38,existing credits paid back duly till now,car (new),10856,<100 DM,4<= <7 years,5,none,1,car or other,1,bank,own,2,skilled employee / official,2,yes,yes,1,divorced/separated,1
no account,10,critical account,car (new),-2802,<100 DM,1<= < 4 years,4,none,2,savings agreement/life insurance,1,bank,rent,4,unskilled - resident,2,yes,yes,1,divorced/separated,1
no account,24,existing credits paid back duly till now,car (used),6253,100 <= <500 DM,1<= < 4 years,2,none,1,unknown / no property,1,bank,own,2,skilled employee / official,2,none,yes,1,divorced/separated,1
<0 DM,23,critical account,business,817,>= 1000 DM,1<= < 4 years,4,none,5,real estate,1,none,own,2,skilled employee / official,1,none,yes,0,divorced/separated,0
>= 200 DM ,30,existing credits paid back duly till now,business,2572,500 <= < 1000 DM,>=7 years,3,none,2,car or other,1,none,own,3,skilled employee / official,1,none,yes,0,divorced/separated,1
0 <= <200 DM,14,existing credits paid back duly till now,car (new),2019,<100 DM,>=7 years,3,none,2,car or other,1,bank,own,3,skilled employee / official,2,none,yes,1,divorced/separated,1
no account,19,critical account,radio/television,-409,<100 DM,>=7 years,6,none,8,unknown / no property,1,bank,rent,4,skilled employee / official,2,none,yes,0,divorced/separated,1
0 <= <200 DM,35,existing credits paid back duly till now,furniture/equipment,5398,<100 DM,<1 years,3,none,2,car or other,0,none,rent,-2,management/ highly qualified employee,1,none,yes,0,divorced/separated,0
no account,20,critical account,car (new),1609,100 <= <500 DM,1<= < 4 years,3,none,4,real estate,1,bank,own,3,skilled employee / official,2,none,yes,1,married/widowed,1
0 <= <200 DM,59,existing credits paid back duly till now,car (new),12102,100 <= <500 DM,<1 years,2,none,1,car or other,0,bank,own,1,skilled employee / official,1,none,yes,1,divorced/separated,1
>= 200 DM ,16,critical account,radio/television,2443,<100 DM,unemployed,3,none,2,real estate,1,none,own,3,skilled employee / official,2,yes,yes,1,divorced/separated,1
no account,47,existing credits paid back duly till now,car (used),10148,no savings account,<1 years,5,none,3,savings agreement/life insurance,1,none,own,0,skilled employee / official,2,yes,yes,1,divorced/separated,0
no account,22,existing credits paid back duly till now,furniture/equipment,2465,<100 DM,1<= < 4 years,5,co-applicant,1,real estate,0,none,own,3,skilled employee / official,1,yes,yes,1,divorced/separated,1
no account,16,delay in paying off,business,-2636,<100 DM,4<= <7 years,4,none,6,real estate,1,none,own,4,unskilled - resident,2,yes,yes,1,divorced/separated,1
0 <= <200 DM,24,existing credits paid back duly till now,radio/television,2314,100 <= <500 DM,>=7 years,5,none,4,real estate,1,none,own,1,skilled employee / official,2,none,yes,1,divorced/separated,0
no account,47,existing credits paid back duly till now,car (new),6126,<100 DM,4<= <7 years,2,none,5,real estate,0,none,rent,1,skilled employee / official,1,yes,yes,1,divorced/separated,0
no account,15,all credits at this bank paid back duly,education,-572,<100 DM,4<= <7 years,5,none,7,car or other,1,none,own,2,unskilled - resident,2,yes,yes,1,divorced/separated,1
0 <= <200 DM,40,existing credits paid back duly till now,radio/television,4984,<100 DM,1<= < 4 years,1,none,2,car or other,0,none,own,1,management/ highly qualified employee,1,none,yes,1,divorced/separated,1
0 <= <200 DM,43,critical account,furniture/equipment,5998,<100 DM,>=7 years,7,none,2,car or other,1,bank,own,2,management/ highly qualified employee,3,yes,yes,1,divorced/separated,1
0 <= <200 DM,22,existing credits paid back duly till now,business,3194,<100 DM,1<= < 4 years,2,none,2,savings agreement/life insurance,1,none,rent,2,skilled employee / official,2,none,yes,1,divorced/separated,1
no account,25,delay in paying off,car (new),744,500 <= < 1000 DM,1<= < 4 years,0,none,4,real estate,1,none,for free,3,unskilled - resident,1,none,yes,0,divorced/separated,1
0 <= <200 DM,20,existing credits paid back duly till now,radio/television,5204,<100 DM,1<= < 4 years,-1,none,0,savings agreement/life insurance,1,none,rent,3,unskilled - resident,1,none,yes,0,divorced/separated,1
no account,20,existing credits paid back duly till now,furniture/equipment,3200,<100 DM,4<= <7 years,3,none,6,savings agreement/life insurance,1,none,rent,2,skilled employee / official,1,none,yes,0,divorced/separated,1
<0 DM,3,critical account,car (used),-5295,500 <= < 1000 DM,>=7 years,5,none,4,unknown / no property,1,bank,own,3,unskilled - resident,3,yes,yes,1,married/widowed,1
<0 DM,22,delay in paying off,radio/television,2630,no savings account,4<= <7 years,2,none,4,savings agreement/life insurance,1,none,own,1,unskilled - resident,1,none,yes,1,divorced/separated,1
no account,0,delay in paying off,furniture/equipment,-935,<100 DM,<1 years,2,none,4,real estate,1,none,own,3,skilled employee / official,2,none,yes,1,divorced/separated,0
no account,48,existing credits paid back duly till now,business,6706,100 <= <500 DM,4<= <7 years,4,none,2,savings agreement/life insurance,0,bank,own,2,unskilled - resident,2,yes,yes,1,divorced/separated,1
no account,37,all credits at this bank paid back duly,furniture/equipment,1319,no savings account,4<= <7 years,4,none,3,real estate,1,none,rent,3,management/ highly qualified employee,1,yes,yes,1,married/widowed,0
<0 DM,42,delay in paying off,business,6993,<100 DM,1<= < 4 years,5,none,5,car or other,1,none,own,2,management/ highly qualified employee,2,yes,yes,1,divorced/separated,0
>= 200 DM ,12,existing credits paid back duly till now,car (new),1827,<100 DM,4<= <7 years,2,none,3,savings agreement/life insurance,0,bank,own,3,skilled employee / official,3,yes,yes,1,divorced/separated,0
no account,6,existing credits paid back duly till now,car (used),-326,<100 DM,4<= <7 years,1,none,2,savings agreement/life insurance,0,none,own,4,skilled employee / official,3,none,yes,1,divorced/separated,1
no account,24,critical account,furniture/equipment,4228,100 <= <500 DM,4<= <7 years,5,none,3,car or other,1,none,rent,2,management/ highly qualified employee,2,yes,yes,1,divorced/separated,0
no account,11,existing credits paid back duly till now,radio/television,408,<100 DM,1<= < 4 years,3,none,7,car or other,1,none,own,2,skilled employee / official,3,none,yes,1,divorced/separated,0
<0 DM,23,existing credits paid back duly till now,others,910,<100 DM,1<= < 4 years,3,none,6,car or other,1,none,own,3,skilled employee / official,1,yes,yes,0,divorced/separated,1
no account,20,delay in paying off,radio/television,4098,<100 DM,1<= < 4 years,4,none,0,savings agreement/life insurance,1,bank,rent,0,skilled employee / official,1,none,yes,0,divorced/separated,1
no account,33,existing credits paid back duly till now,car (new),5305,100 <= <500 DM,<1 years,2,none,0,unknown / no property,1,none,own,1,management/ highly qualified employee,2,none,yes,1,divorced/separated,1
no account,24,existing credits paid back duly till now,radio/television,3791,no savings account,1<= < 4 years,3,none,3,car or other,1,store,own,2,skilled employee / official,1,none,yes,1,divorced/separated,0
0 <= <200 DM,16,existing credits paid back duly till now,car (new),6367,<100 DM,1<= < 4 years,0,none,3,real estate,1,none,own,4,management/ highly qualified employee,2,yes,yes,1,divorced/separated,1
0 <= <200 DM,29,existing credits paid back duly till now,others,3623,no savings account,4<= <7 years,3,none,2,car or other,1,none,for free,1,skilled employee / official,1,yes,yes,0,divorced/separated,1
<0 DM,25,critical account,repairs,2171,100 <= <500 DM,4<= <7 years,5,none,0,car or other,0,bank,own,1,skilled employee / official,2,none,yes,1,divorced/separated,0
no account,25,existing credits paid back duly till now,radio/television,2104,<100 DM,>=7 years,0,none,1,real estate,1,none,own,2,skilled employee / official,2,none,yes,1,divorced/separated,1
no account,28,existing credits paid back duly till now,radio/television,309,<100 DM,4<= <7 years,4,none,3,real estate,1,none,own,1,skilled employee / official,1,none,yes,1,divorced/separated,1
no account,25,existing credits paid back duly till now,radio/television,5976,<100 DM,1<= < 4 years,4,none,1,car or other,1,none,for free,-1,skilled employee / official,1,none,yes,1,divorced/separated,1
no account,16,existing credits paid back duly till now,radio/television,98,<100 DM,1<= < 4 years,2,none,1,real estate,1,none,rent,1,skilled employee / official,2,none,yes,1,divorced/separated,1
0 <= <200 DM,30,critical account,car (new),1892,<100 DM,4<= <7 years,6,none,2,real estate,1,none,own,2,unskilled - resident,2,none,yes,1,divorced/separated,1
0 <= <200 DM,17,no credits taken,furniture/equipment,-52,<100 DM,>=7 years,7,none,4,car or other,1,none,own,0,skilled employee / official,2,none,yes,0,divorced/separated,0
no account,50,existing credits paid back duly till now,radio/television,9663,<100 DM,1<= < 4 years,5,none,1,unknown / no property,1,none,own,0,skilled employee / official,2,none,yes,1,divorced/separated,0
no account,-1,all credits at this bank paid back duly,business,89,no savings account,4<= <7 years,3,co-applicant,3,real estate,1,none,own,2,skilled employee / official,2,none,yes,1,divorced/separated,0
<0 DM,28,existing credits paid back duly till now,car (used),5555,<100 DM,>=7 years,2,none,3,savings agreement/life insurance,1,none,own,1,skilled employee / official,2,none,yes,0,divorced/separated,1
no account,2,critical account,radio/television,-686,<100 DM,1<= < 4 years,3,none,4,car or other,0,none,own,3,management/ highly qualified employee,1,none,yes,0,divorced/separated,1
<0 DM,13,existing credits paid back duly till now,car (new),1604,<100 DM,<1 years,4,none,3,real estate,1,store,own,1,skilled employee / official,2,yes,yes,0,married/widowed,1
0 <= <200 DM,22,critical account,business,3492,<100 DM,4<= <7 years,2,none,2,unknown / no property,1,none,for free,3,skilled employee / official,2,yes,yes,1,divorced/separated,1
no account,22,existing credits paid back duly till now,furniture/equipment,4324,<100 DM,>=7 years,5,none,3,savings agreement/life insurance,1,bank,own,2,skilled employee / official,3,yes,yes,0,divorced/separated,0
<0 DM,16,existing credits paid back duly till now,education,591,<100 DM,<1 years,4,none,4,real estate,1,none,rent,1,skilled employee / official,1,none,yes,0,married/widowed,0
<0 DM,36,all credits at this bank paid back duly,car (used),5812,<100 DM,1<= < 4 years,3,none,5,car or other,1,bank,rent,0,skilled employee / official,1,none,yes,1,divorced/separated,0
0 <= <200 DM,28,critical account,car (new),4383,<100 DM,1<= < 4 years,6,none,8,unknown / no property,1,none,rent,4,skilled employee / official,3,yes,yes,1,divorced/separated,1
no account,9,critical account,others,831,<100 DM,1<= < 4 years,2,co-applicant,2,savings agreement/life insurance,1,none,own,3,skilled employee / official,2,none,yes,1,divorced/separated,1
0 <= <200 DM,44,existing credits paid back duly till now,radio/television,6808,<100 DM,1<= < 4 years,6,none,1,real estate,1,none,rent,-1,management/ highly qualified employee,1,yes,yes,1,divorced/separated,0
0 <= <200 DM,27,all credits at this bank paid back duly,business,5206,<100 DM,1<= < 4 years,3,none,3,savings agreement/life insurance,1,none,own,3,skilled employee / official,1,none,yes,0,divorced/separated,1
<0 DM,16,no credits taken,radio/television,1615,no savings account,1<= < 4 years,6,none,4,savings agreement/life insurance,1,bank,rent,2,skilled employee / official,1,yes,yes,1,divorced/separated,1
no account,14,critical account,radio/television,368,<100 DM,unemployed,4,none,5,real estate,1,store,own,2,skilled employee / official,2,none,yes,1,divorced/separated,1
no account,6,critical account,furniture/equipment,-1798,no savings account,4<= <7 years,4,none,3,real estate,1,none,own,3,skilled employee / official,1,none,yes,1,divorced/separated,1
>= 200 DM ,15,delay in paying off,radio/television,1714,<100 DM,>=7 years,3,none,2,savings agreement/life insurance,1,bank,for free,1,skilled employee / official,1,none,yes,1,divorced/separated,1
<0 DM,42,existing credits paid back duly till now,radio/television,8233,<100 DM,<1 years,3,none,0,car or other,1,bank,own,-2,skilled employee / official,1,none,yes,1,married/widowed,1
no account,42,existing credits paid back duly till now,business,6776,500 <= < 1000 DM,>=7 years,5,none,5,unknown / no property,1,bank,rent,0,management/ highly qualified employee,2,yes,yes,1,divorced/separated,1
no account,2,existing credits paid back duly till now,radio/television,-2256,<100 DM,1<= < 4 years,2,none,1,real estate,1,none,own,2,skilled employee / official,1,none,yes,1,divorced/separated,1
<0 DM,10,critical account,radio/television,-3461,<100 DM,<1 years,6,none,5,real estate,1,none,own,2,unskilled - resident,1,none,yes,0,divorced/separated,1
no account,30,existing credits paid back duly till now,furniture/equipment,5129,<100 DM,1<= < 4 years,1,none,1,savings agreement/life insurance,1,store,for free,0,skilled employee / official,1,none,yes,0,divorced/separated,1
no account,24,delay in paying off,furniture/equipment,3496,500 <= < 1000 DM,>=7 years,4,none,5,savings agreement/life insurance,1,bank,own,3,management/ highly qualified employee,2,none,yes,0,divorced/separated,0
0 <= <200 DM,20,critical account,car (new),1762,100 <= <500 DM,1<= < 4 years,6,none,5,real estate,1,bank,own,2,skilled employee / official,2,none,yes,1,divorced/separated,1
0 <= <200 DM,14,existing credits paid back duly till now,car (used),441,<100 DM,>=7 years,3,none,6,savings agreement/life insurance,1,none,rent,2,management/ highly qualified employee,2,yes,yes,1,divorced/separated,1
no account,13,critical account,radio/television,2427,<100 DM,4<= <7 years,2,none,0,car or other,1,none,for free,3,unskilled - resident,2,none,yes,1,divorced/separated,1
no account,8,existing credits paid back duly till now,furniture/equipment,-552,100 <= <500 DM,1<= < 4 years,1,guarantor,4,real estate,1,none,own,2,skilled employee / official,1,none,yes,0,divorced/separated,1
>= 200 DM ,36,existing credits paid back duly till now,radio/television,6735,<100 DM,1<= < 4 years,2,none,5,real estate,1,none,own,0,unskilled - resident,1,yes,yes,1,divorced/separated,0
no account,47,critical account,car (new),8321,500 <= < 1000 DM,>=7 years,2,guarantor,4,unknown / no property,1,none,own,4,management/ highly qualified employee,2,yes,yes,1,divorced/separated,1
0 <= <200 DM,35,existing credits paid back duly till now,furniture/equipment,8311,no savings account,<1 years,0,none,0,savings agreement/life insurance,1,bank,own,1,unskilled - resident,2,none,yes,0,divorced/separated,0
no account,12,existing credits paid back duly till now,furniture/equipment,1126,<100 DM,>=7 years,1,none,3,real estate,1,none,own,4,unskilled - resident,1,none,yes,1,divorced/separated,1
<0 DM,35,existing credits paid back duly till now,furniture/equipment,3803,<100 DM,1<= < 4 years,3,none,6,real estate,1,none,for free,1,skilled employee / official,1,yes,yes,1,divorced/separated,1
>= 200 DM ,22,existing credits paid back duly till now,car (used),1215,<100 DM,>=7 years,6,guarantor,6,savings agreement/life insurance,1,none,own,1,skilled employee / official,2,yes,yes,1,divorced/separated,0
<0 DM,19,critical account,car (new),330,<100 DM,>=7 years,3,none,7,unknown / no property,1,none,own,3,unskilled - resident,1,yes,yes,0,divorced/separated,0
0 <= <200 DM,11,existing credits paid back duly till now,radio/television,1028,<100 DM,1<= < 4 years,8,none,2,unknown / no property,1,bank,rent,2,skilled employee / official,2,none,yes,1,divorced/separated,1
<0 DM,35,existing credits paid back duly till now,business,5747,no savings account,1<= < 4 years,5,none,4,savings agreement/life insurance,1,store,own,1,skilled employee / official,2,yes,yes,1,divorced/separated,1
0 <= <200 DM,25,existing credits paid back duly till now,car (used),1790,<100 DM,<1 years,2,none,6,savings agreement/life insurance,0,none,own,3,management/ highly qualified employee,2,none,yes,1,married/widowed,1
<0 DM,60,existing credits paid back duly till now,furniture/equipment,9913,100 <= <500 DM,1<= < 4 years,5,none,4,savings agreement/life insurance,1,bank,own,1,skilled employee / official,1,none,yes,1,divorced/separated,1
<0 DM,20,critical account,business,6888,<100 DM,<1 years,-2,none,3,car or other,1,none,own,4,skilled employee / official,1,yes,yes,0,married/widowed,1
0 <= <200 DM,13,existing credits paid back duly till now,radio/television,1938,<100 DM,1<= < 4 years,2,none,4,unknown / no property,1,none,for free,3,skilled employee / official,2,none,yes,0,divorced/separated,1
<0 DM,20,existing credits paid back duly till now,radio/television,2231,<100 DM,4<= <7 years,4,none,1,car or other,1,none,own,2,skilled employee / official,1,none,yes,0,divorced/separated,1
no account,23,critical account,furniture/equipment,4898,<100 DM,>=7 years,1,none,2,car or other,1,bank,own,1,management/ highly qualified employee,1,none,yes,1,divorced/separated,0
no account,39,delay in paying off,radio/television,7491,500 <= < 1000 DM,1<= < 4 years,3,none,2,unknown / no property,1,bank,own,2,skilled employee / official,2,yes,yes,1,divorced/separated,1
0 <= <200 DM,29,existing credits paid back duly till now,radio/television,4483,<100 DM,1<= < 4 years,1,none,4,car or other,1,none,own,2,skilled employee / official,1,yes,yes,0,married/widowed,1
<0 DM,22,existing credits paid back duly till now,radio/television,-480,<100 DM,>=7 years,8,none,3,unknown / no property,1,bank,rent,2,management/ highly qualified employee,2,yes,yes,1,divorced/separated,1
no account,13,critical account,domestic appliances,485,<100 DM,4<= <7 years,1,none,7,car or other,0,none,own,4,skilled employee / official,2,yes,yes,0,divorced/separated,1
no account,25,critical account,radio/television,348,500 <= < 1000 DM,unemployed,6,none,5,real estate,1,none,rent,1,skilled employee / official,2,none,yes,1,divorced/separated,1
0 <= <200 DM,41,existing credits paid back duly till now,radio/television,5585,<100 DM,1<= < 4 years,3,none,1,savings agreement/life insurance,1,none,own,0,skilled employee / official,1,none,yes,1,divorced/separated,1
<0 DM,32,delay in paying off,radio/television,-524,<100 DM,1<= < 4 years,7,none,8,unknown / no property,1,bank,own,3,skilled employee / official,1,yes,yes,1,divorced/separated,1
0 <= <200 DM,3,existing credits paid back duly till now,car (used),-1502,<100 DM,4<= <7 years,3,none,9,real estate,1,none,own,4,management/ highly qualified employee,2,none,yes,1,divorced/separated,1
0 <= <200 DM,17,existing credits paid back duly till now,furniture/equipment,1333,<100 DM,1<= < 4 years,1,none,2,real estate,1,none,own,2,management/ highly qualified employee,1,none,yes,1,divorced/separated,1
no account,48,existing credits paid back duly till now,radio/television,3254,<100 DM,4<= <7 years,2,none,4,car or other,1,none,own,0,skilled employee / official,0,yes,yes,0,divorced/separated,1
no account,28,all credits at this bank paid back duly,car (new),3622,no savings account,1<= < 4 years,4,none,4,car or other,1,none,own,2,skilled employee / official,2,none,yes,1,divorced/separated,1
<0 DM,34,existing credits paid back duly till now,car (used),7694,<100 DM,4<= <7 years,2,none,3,car or other,1,none,own,3,skilled employee / official,2,none,yes,0,divorced/separated,1
no account,27,no credits taken,radio/television,1568,<100 DM,>=7 years,5,none,4,unknown / no property,1,none,own,2,skilled employee / official,2,none,yes,1,divorced/separated,0
<0 DM,34,delay in paying off,business,5641,<100 DM,4<= <7 years,3,none,5,unknown / no property,1,none,rent,2,skilled employee / official,2,none,yes,1,divorced/separated,1
no account,1,critical account,car (new),-1833,<100 DM,1<= < 4 years,2,none,4,real estate,1,store,own,4,unskilled - resident,3,none,yes,1,divorced/separated,1
0 <= <200 DM,44,existing credits paid back duly till now,furniture/equipment,7972,500 <= < 1000 DM,4<= <7 years,0,none,2,real estate,1,none,own,2,unskilled - resident,1,none,yes,1,divorced/separated,0
0 <= <200 DM,42,existing credits paid back duly till now,radio/television,7643,no savings account,<1 years,3,none,-1,real estate,0,none,own,1,skilled employee / official,2,none,yes,1,married/widowed,1
<0 DM,22,delay in paying off,furniture/equipment,1556,100 <= <500 DM,4<= <7 years,5,none,2,real estate,1,none,own,0,skilled employee / official,1,none,yes,1,divorced/separated,0
no account,20,critical account,radio/television,155,100 <= <500 DM,>=7 years,4,none,2,real estate,1,none,own,0,skilled employee / official,1,none,yes,0,divorced/separated,1
0 <= <200 DM,33,existing credits paid back duly till now,furniture/equipment,8053,<100 DM,>=7 years,-1,none,0,real estate,1,bank,own,1,unskilled - resident,2,none,yes,1,divorced/separated,1
<0 DM,12,existing credits paid back duly till now,furniture/equipment,1547,500 <= < 1000 DM,>=7 years,6,none,4,car or other,1,none,own,1,skilled employee / official,3,none,yes,1,divorced/separated,0
0 <= <200 DM,8,critical account,others,-2459,<100 DM,1<= < 4 years,5,none,5,savings agreement/life insurance,1,none,own,2,skilled employee / official,2,none,yes,1,divorced/separated,0
no account,9,existing credits paid back duly till now,radio/television,-3490,<100 DM,unemployed,1,none,2,real estate,0,bank,own,2,unskilled - resident,1,none,yes,1,divorced/separated,1
no account,3,existing credits paid back duly till now,radio/television,-114,no savings account,4<= <7 years,0,none,5,savings agreement/life insurance,1,none,rent,1,skilled employee / official,2,none,yes,0,divorced/separated,1
no account,6,critical account,furniture/equipment,-2134,<100 DM,1<= < 4 years,4,none,4,real estate,1,bank,own,1,skilled employee / official,3,yes,yes,1,divorced/separated,1
no account,29,existing credits paid back duly till now,business,3166,no savings account,1<= < 4 years,4,none,3,car or other,1,none,for free,2,skilled employee / official,1,none,yes,0,divorced/separated,1
0 <= <200 DM,9,existing credits paid back duly till now,furniture/equipment,1052,<100 DM,<1 years,2,none,2,car or other,1,bank,own,1,skilled employee / official,1,none,yes,1,divorced/separated,1
no account,21,critical account,car (new),1563,<100 DM,>=7 years,5,none,5,car or other,1,bank,own,2,skilled employee / official,2,yes,yes,1,divorced/separated,1
0 <= <200 DM,22,existing credits paid back duly till now,radio/television,6958,<100 DM,4<= <7 years,2,none,1,car or other,1,none,for free,1,skilled employee / official,2,none,yes,1,divorced/separated,1
no account,20,critical account,car (new),2249,no savings account,>=7 years,6,none,6,savings agreement/life insurance,1,none,own,2,skilled employee / official,2,yes,yes,1,divorced/separated,0
0 <= <200 DM,22,existing credits paid back duly till now,business,5341,<100 DM,4<= <7 years,2,none,4,car or other,0,none,own,2,management/ highly qualified employee,1,yes,yes,1,divorced/separated,1
0 <= <200 DM,20,critical account,business,3732,500 <= < 1000 DM,4<= <7 years,2,co-applicant,3,savings agreement/life insurance,1,none,for free,2,skilled employee / official,2,none,yes,0,divorced/separated,0
<0 DM,33,existing credits paid back duly till now,furniture/equipment,6037,no savings account,4<= <7 years,3,none,-1,savings agreement/life insurance,1,none,own,1,skilled employee / official,2,none,yes,0,divorced/separated,0
>= 200 DM ,30,existing credits paid back duly till now,radio/television,3813,100 <= <500 DM,1<= < 4 years,4,none,1,savings agreement/life insurance,1,none,own,1,skilled employee / official,1,none,yes,1,divorced/separated,1
<0 DM,31,existing credits paid back duly till now,furniture/equipment,9527,100 <= <500 DM,1<= < 4 years,2,none,3,car or other,1,none,for free,2,management/ highly qualified employee,2,yes,yes,1,divorced/separated,0
no account,17,delay in paying off,radio/television,-586,no savings account,4<= <7 years,2,none,0,car or other,0,none,own,2,skilled employee / official,2,none,yes,1,divorced/separated,1
<0 DM,20,existing credits paid back duly till now,business,2306,<100 DM,4<= <7 years,4,none,3,car or other,1,bank,own,2,skilled employee / official,2,yes,yes,1,divorced/separated,1
<0 DM,8,critical account,car (new),2048,100 <= <500 DM,4<= <7 years,3,none,2,real estate,1,none,own,4,skilled employee / official,2,none,yes,1,divorced/separated,0
>= 200 DM ,22,critical account,car (new),2927,<100 DM,>=7 years,3,none,3,car or other,0,none,rent,2,skilled employee / official,2,none,yes,1,divorced/separated,0
no account,40,existing credits paid back duly till now,car (new),6202,<100 DM,4<= <7 years,2,none,7,car or other,1,none,rent,2,unemployed/ unskilled  - non-resident,1,yes,yes,1,divorced/separated,1
<0 DM,31,existing credits paid back duly till now,car (used),7548,<100 DM,<1 years,1,none,1,real estate,1,bank,own,0,management/ highly qualified employee,2,none,yes,0,divorced/separated,1
no account,14,existing credits paid back duly till now,furniture/equipment,-83,<100 DM,>=7 years,6,guarantor,5,savings agreement/life insurance,1,none,rent,2,skilled employee / official,4,none,yes,1,divorced/separated,0
no account,19,no credits taken,car (new),1762,no savings account,4<= <7 years,6,none,3,real estate,1,none,for free,2,skilled employee / official,2,yes,yes,1,divorced/separated,1
<0 DM,20,critical account,radio/television,4477,<100 DM,4<= <7 years,6,none,0,savings agreement/life insurance,1,none,own,1,skilled employee / official,3,none,yes,1,divorced/separated,1
0 <= <200 DM,10,critical account,business,2067,<100 DM,1<= < 4 years,1,none,4,car or other,1,none,for free,1,skilled employee / official,2,none,yes,1,divorced/separated,1
no account,24,existing credits paid back duly till now,furniture/equipment,5216,100 <= <500 DM,<1 years,2,none,1,car or other,1,none,own,1,skilled employee / official,1,yes,yes,1,divorced/separated,1
<0 DM,-1,critical account,car (new),-4305,>= 1000 DM,>=7 years,3,none,8,savings agreement/life insurance,0,none,own,5,skilled employee / official,2,none,yes,1,divorced/separated,1
0 <= <200 DM,24,existing credits paid back duly till now,furniture/equipment,4853,no savings account,4<= <7 years,1,none,3,savings agreement/life insurance,1,none,own,1,skilled employee / official,1,none,yes,0,divorced/separated,1
no account,23,critical account,radio/television,1312,<100 DM,>=7 years,5,none,4,real estate,1,none,own,3,skilled employee / official,1,none,yes,1,divorced/separated,1
no account,18,critical account,radio/television,1757,<100 DM,4<= <7 years,4,none,2,unknown / no property,1,none,own,1,skilled employee / official,2,none,yes,1,divorced/separated,0
>= 200 DM ,27,existing credits paid back duly till now,radio/television,-235,<100 DM,>=7 years,4,none,5,real estate,1,none,own,3,unskilled - resident,1,none,yes,0,divorced/separated,1
0 <= <200 DM,30,existing credits paid back duly till now,business,5113,100 <= <500 DM,1<= < 4 years,2,none,0,car or other,0,none,own,1,skilled employee / official,2,yes,yes,1,divorced/separated,1
<0 DM,34,existing credits paid back duly till now,radio/television,2287,<100 DM,4<= <7 years,5,none,3,car or other,1,none,own,1,skilled employee / official,1,yes,yes,1,divorced/separated,0
<0 DM,12,existing credits paid back duly till now,car (new),-624,no savings account,>=7 years,6,none,3,savings agreement/life insurance,1,none,for free,2,skilled employee / official,2,yes,no,0,divorced/separated,1
<0 DM,27,critical account,car (new),7626,<100 DM,unemployed,5,none,1,car or other,1,none,own,3,skilled employee / official,2,yes,yes,1,divorced/separated,1
0 <= <200 DM,35,existing credits paid back duly till now,furniture/equipment,4376,500 <= < 1000 DM,4<= <7 years,5,none,2,car or other,1,bank,own,1,skilled employee / official,1,none,yes,1,divorced/separated,1
0 <= <200 DM,30,existing credits paid back duly till now,car (new),2825,<100 DM,<1 years,6,none,2,savings agreement/life insurance,1,none,own,2,skilled employee / official,1,none,no,0,divorced/separated,1
0 <= <200 DM,34,existing credits paid back duly till now,radio/television,4002,<100 DM,>=7 years,7,none,5,savings agreement/life insurance,1,bank,own,1,skilled employee / official,2,yes,yes,0,divorced/separated,1
0 <= <200 DM,6,existing credits paid back duly till now,car (new),-387,<100 DM,>=7 years,3,co-applicant,6,real estate,1,none,rent,3,unskilled - resident,2,yes,yes,1,divorced/separated,1
<0 DM,32,existing credits paid back duly till now,car (new),2159,100 <= <500 DM,unemployed,3,none,6,savings agreement/life insurance,1,none,own,4,management/ highly qualified employee,2,none,yes,1,married/widowed,1
0 <= <200 DM,17,critical account,education,2340,<100 DM,>=7 years,5,none,7,real estate,1,none,own,2,skilled employee / official,2,yes,yes,0,divorced/separated,1
0 <= <200 DM,34,critical account,repairs,4459,no savings account,>=7 years,3,none,6,savings agreement/life insurance,1,none,own,1,skilled employee / official,2,yes,yes,0,divorced/separated,1
0 <= <200 DM,15,existing credits paid back duly till now,car (new),669,no savings account,1<= < 4 years,4,none,2,car or other,1,none,rent,3,skilled employee / official,1,none,yes,1,divorced/separated,1
>= 200 DM ,16,delay in paying off,domestic appliances,821,<100 DM,1<= < 4 years,0,none,2,savings agreement/life insurance,1,none,own,3,skilled employee / official,2,none,yes,1,divorced/separated,1
0 <= <200 DM,39,existing credits paid back duly till now,car (new),7327,<100 DM,1<= < 4 years,4,none,3,real estate,1,none,own,1,skilled employee / official,1,none,yes,0,divorced/separated,0
no account,19,critical account,furniture/equipment,993,no savings account,1<= < 4 years,3,none,7,real estate,1,none,own,2,skilled employee / official,2,none,yes,1,married/widowed,0
<0 DM,26,existing credits paid back duly till now,radio/television,4263,100 <= <500 DM,1<= < 4 years,1,none,0,real estate,1,bank,own,1,skilled employee / official,1,none,yes,1,divorced/separated,1
<0 DM,12,no credits taken,car (used),-820,<100 DM,4<= <7 years,1,none,4,real estate,1,none,rent,3,unskilled - resident,1,none,yes,0,divorced/separated,1
no account,7,existing credits paid back duly till now,car (new),-1299,<100 DM,<1 years,1,none,5,real estate,1,none,for free,1,skilled employee / official,1,none,yes,0,divorced/separated,1
0 <= <200 DM,13,critical account,furniture/equipment,2648,<100 DM,4<= <7 years,3,co-applicant,0,real estate,1,none,own,1,skilled employee / official,2,none,yes,0,divorced/separated,1
no account,27,existing credits paid back duly till now,car (new),4436,100 <= <500 DM,1<= < 4 years,4,none,6,savings agreement/life insurance,1,bank,own,2,skilled employee / official,1,yes,yes,0,divorced/separated,1
no account,18,existing credits paid back duly till now,education,3328,100 <= <500 DM,4<= <7 years,4,none,4,car or other,1,none,own,1,skilled employee / official,2,none,yes,1,divorced/separated,0
<0 DM,35,existing credits paid back duly till now,business,4074,<100 DM,<1 years,4,none,0,real estate,1,none,own,1,unskilled - resident,2,yes,yes,1,divorced/separated,1
>= 200 DM ,30,existing credits paid back duly till now,business,3230,<100 DM,1<= < 4 years,1,none,2,car or other,1,none,rent,2,skilled employee / official,1,none,yes,0,divorced/separated,1
no account,25,critical account,radio/television,2201,no savings account,4<= <7 years,5,none,2,car or other,1,none,own,4,skilled employee / official,2,yes,yes,1,divorced/separated,1
no account,42,existing credits paid back duly till now,radio/television,6894,<100 DM,4<= <7 years,2,none,2,real estate,1,bank,rent,1,management/ highly qualified employee,1,yes,yes,1,divorced/separated,0
0 <= <200 DM,9,existing credits paid back duly till now,car (used),2462,<100 DM,4<= <7 years,3,guarantor,3,unknown / no property,1,none,own,1,skilled employee / official,3,yes,yes,0,divorced/separated,0
<0 DM,34,existing credits paid back duly till now,car (new),2820,<100 DM,4<= <7 years,6,none,4,savings agreement/life insurance,1,none,own,1,management/ highly qualified employee,2,none,yes,0,divorced/separated,1
<0 DM,5,critical account,radio/television,936,100 <= <500 DM,4<= <7 years,5,none,3,car or other,1,none,own,2,unemployed/ unskilled  - non-resident,1,none,yes,0,divorced/separated,1
>= 200 DM ,32,existing credits paid back duly till now,radio/television,5440,<100 DM,1<= < 4 years,1,none,5,real estate,0,none,own,2,management/ highly qualified employee,1,yes,yes,0,divorced/separated,1
no account,9,critical account,car (used),1806,100 <= <500 DM,>=7 years,2,none,3,savings agreement/life insurance,1,none,own,3,skilled employee / official,2,yes,yes,1,divorced/separated,1
no account,30,existing credits paid back duly till now,furniture/equipment,5692,no savings account,1<= < 4 years,4,guarantor,3,car or other,0,none,rent,2,skilled employee / official,2,yes,yes,1,divorced/separated,1
>= 200 DM ,26,existing credits paid back duly till now,radio/television,-724,<100 DM,4<= <7 years,4,none,5,real estate,1,bank,own,2,unskilled - resident,1,none,yes,0,divorced/separated,1
0 <= <200 DM,52,existing credits paid back duly till now,car (used),13528,no savings account,1<= < 4 years,7,none,2,real estate,1,bank,rent,-1,skilled employee / official,2,none,yes,1,divorced/separated,0
<0 DM,12,existing credits paid back duly till now,furniture/equipment,-680,<100 DM,1<= < 4 years,3,none,4,car or other,1,none,own,0,skilled employee / official,2,none,yes,0,divorced/separated,1
0 <= <200 DM,24,existing credits paid back duly till now,furniture/equipment,8190,100 <= <500 DM,unemployed,2,none,-1,savings agreement/life insurance,1,none,own,1,skilled employee / official,2,yes,yes,1,divorced/separated,1
0 <= <200 DM,8,critical account,radio/television,-475,<100 DM,4<= <7 years,4,none,4,real estate,0,none,own,3,skilled employee / official,2,yes,yes,1,divorced/separated,0
<0 DM,31,existing credits paid back duly till now,business,3832,500 <= < 1000 DM,1<= < 4 years,4,none,5,car or other,1,none,for free,1,skilled employee / official,1,none,yes,1,divorced/separated,1
<0 DM,31,existing credits paid back duly till now,retraining,7594,<100 DM,4<= <7 years,1,none,2,car or other,1,bank,own,1,unskilled - resident,1,yes,yes,1,divorced/separated,0
0 <= <200 DM,42,existing credits paid back duly till now,car (used),8473,no savings account,4<= <7 years,6,none,2,unknown / no property,1,none,own,0,skilled employee / official,2,yes,yes,1,divorced/separated,0
no account,11,critical account,car (used),2073,<100 DM,1<= < 4 years,4,none,0,car or other,0,store,own,2,skilled employee / official,3,yes,yes,1,divorced/separated,1
0 <= <200 DM,31,critical account,car (used),4111,<100 DM,4<= <7 years,2,none,4,real estate,0,none,own,2,unemployed/ unskilled  - non-resident,2,yes,yes,1,divorced/separated,1
<0 DM,48,existing credits paid back duly till now,radio/television,8009,500 <= < 1000 DM,<1 years,5,none,1,unknown / no property,1,bank,rent,0,skilled employee / official,1,yes,yes,1,divorced/separated,0
no account,31,critical account,car (new),586,no savings account,>=7 years,7,none,5,savings agreement/life insurance,1,none,for free,3,management/ highly qualified employee,1,yes,yes,0,divorced/separated,0
<0 DM,29,critical account,radio/television,3839,<100 DM,>=7 years,5,none,8,car or other,1,none,own,2,skilled employee / official,1,yes,yes,1,divorced/separated,0
no account,18,critical account,car (new),3672,<100 DM,4<= <7 years,1,none,3,car or other,1,none,own,3,skilled employee / official,2,yes,yes,1,divorced/separated,0
<0 DM,13,existing credits paid back duly till now,radio/television,16,<100 DM,1<= < 4 years,5,none,0,real estate,1,none,own,-1,skilled employee / official,2,none,yes,1,divorced/separated,0
no account,40,existing credits paid back duly till now,radio/television,6485,<100 DM,4<= <7 years,2,guarantor,1,savings agreement/life insurance,1,none,own,-1,skilled employee / official,2,none,yes,1,divorced/separated,1
0 <= <200 DM,39,critical account,car (new),4138,>= 1000 DM,4<= <7 years,5,co-applicant,4,car or other,1,bank,own,2,skilled employee / official,2,yes,yes,1,divorced/separated,1
no account,31,critical account,radio/television,2456,100 <= <500 DM,1<= < 4 years,2,none,3,savings agreement/life insurance,1,bank,own,3,management/ highly qualified employee,2,none,yes,1,divorced/separated,1
<0 DM,42,existing credits paid back duly till now,radio/television,5594,<100 DM,4<= <7 years,6,none,3,car or other,1,none,own,1,skilled employee / official,1,yes,yes,1,divorced/separated,1
0 <= <200 DM,14,critical account,car (new),1675,100 <= <500 DM,>=7 years,4,none,2,savings agreement/life insurance,0,none,own,3,skilled employee / official,2,yes,yes,1,divorced/separated,0
<0 DM,26,existing credits paid back duly till now,car (new),4413,<100 DM,>=7 years,1,none,4,unknown / no property,1,none,rent,3,management/ highly qualified employee,2,yes,yes,0,married/widowed,1
no account,27,existing credits paid back duly till now,radio/television,6159,<100 DM,1<= < 4 years,5,none,-1,real estate,0,none,own,2,skilled employee / official,2,none,yes,1,divorced/separated,1
no account,8,existing credits paid back duly till now,car (new),2037,<100 DM,1<= < 4 years,1,none,0,real estate,1,none,own,2,skilled employee / official,2,none,yes,1,divorced/separated,1
no account,14,critical account,radio/television,1649,500 <= < 1000 DM,<1 years,3,none,5,car or other,1,none,own,2,skilled employee / official,2,yes,yes,1,married/widowed,1
<0 DM,33,existing credits paid back duly till now,furniture/equipment,2337,no savings account,1<= < 4 years,5,none,5,unknown / no property,1,bank,rent,2,management/ highly qualified employee,1,none,yes,1,divorced/separated,1
<0 DM,37,existing credits paid back duly till now,radio/television,11710,<100 DM,>=7 years,5,none,2,savings agreement/life insurance,1,none,own,1,skilled employee / official,2,yes,yes,0,divorced/separated,0
0 <= <200 DM,9,existing credits paid back duly till now,radio/television,1326,<100 DM,1<= < 4 years,4,none,7,car or other,1,none,own,3,unskilled - resident,3,none,yes,1,married/widowed,1
0 <= <200 DM,33,critical account,radio/television,9898,<100 DM,1<= < 4 years,2,none,2,real estate,1,none,rent,2,unskilled - resident,2,yes,yes,0,divorced/separated,1
0 <= <200 DM,26,critical account,car (new),3998,<100 DM,>=7 years,4,none,3,savings agreement/life insurance,1,none,own,4,skilled employee / official,2,yes,yes,1,married/widowed,1
no account,38,existing credits paid back duly till now,radio/television,3897,<100 DM,1<= < 4 years,2,none,2,unknown / no property,1,none,for free,1,skilled employee / official,1,none,yes,1,divorced/separated,1
0 <= <200 DM,22,existing credits paid back duly till now,car (used),6726,<100 DM,4<= <7 years,2,none,3,car or other,1,bank,own,2,skilled employee / official,2,yes,yes,1,divorced/separated,0
0 <= <200 DM,16,all credits at this bank paid back duly,radio/television,2325,<100 DM,4<= <7 years,2,guarantor,2,car or other,1,none,own,2,management/ highly qualified employee,2,yes,yes,1,divorced/separated,0
no account,62,existing credits paid back duly till now,car (new),11815,<100 DM,>=7 years,5,none,1,car or other,1,none,own,2,management/ highly qualified employee,1,yes,yes,1,divorced/separated,1
<0 DM,25,existing credits paid back duly till now,education,6098,<100 DM,4<= <7 years,7,none,3,unknown / no property,1,bank,own,2,management/ highly qualified employee,2,yes,yes,1,divorced/separated,1
<0 DM,13,existing credits paid back duly till now,car (used),-36,<100 DM,4<= <7 years,3,none,8,car or other,1,none,own,3,skilled employee / official,1,none,no,1,divorced/separated,1
no account,20,existing credits paid back duly till now,business,3135,<100 DM,1<= < 4 years,2,none,2,car or other,1,none,own,2,skilled employee / official,3,none,yes,0,divorced/separated,1
<0 DM,6,existing credits paid back duly till now,radio/television,-342,<100 DM,4<= <7 years,3,none,3,real estate,1,bank,own,3,skilled employee / official,2,none,yes,1,divorced/separated,1
0 <= <200 DM,1,critical account,business,-2478,<100 DM,<1 years,1,none,-1,real estate,1,none,own,4,unskilled - resident,2,none,yes,1,divorced/separated,1
no account,19,existing credits paid back duly till now,car (used),3631,<100 DM,1<= < 4 years,3,none,5,savings agreement/life insurance,1,none,own,2,unskilled - resident,3,yes,yes,1,married/widowed,0
no account,34,existing credits paid back duly till now,radio/television,3793,<100 DM,unemployed,4,none,3,real estate,0,bank,own,1,skilled employee / official,2,none,yes,0,divorced/separated,1
no account,20,critical account,radio/television,-531,<100 DM,>=7 years,5,none,7,car or other,1,none,rent,2,skilled employee / official,1,yes,yes,1,divorced/separated,1
no account,33,critical account,radio/television,849,<100 DM,1<= < 4 years,4,none,7,real estate,1,none,own,2,skilled employee / official,1,yes,yes,0,divorced/separated,1
<0 DM,21,existing credits paid back duly till now,car (used),2965,<100 DM,<1 years,5,guarantor,1,real estate,0,none,own,-1,skilled employee / official,2,none,yes,1,divorced/separated,0
<0 DM,25,critical account,car (new),1306,>= 1000 DM,1<= < 4 years,5,none,1,car or other,1,bank,own,3,skilled employee / official,2,none,yes,1,divorced/separated,1
no account,5,existing credits paid back duly till now,radio/television,-489,500 <= < 1000 DM,1<= < 4 years,6,none,3,real estate,0,none,own,2,skilled employee / official,3,none,yes,1,divorced/separated,0
no account,30,delay in paying off,business,-1548,<100 DM,>=7 years,7,none,7,savings agreement/life insurance,1,store,own,3,skilled employee / official,1,yes,yes,0,divorced/separated,1
0 <= <200 DM,11,existing credits paid back duly till now,car (used),3547,<100 DM,1<= < 4 years,1,none,1,real estate,1,none,own,3,skilled employee / official,2,none,yes,1,divorced/separated,1
>= 200 DM ,12,existing credits paid back duly till now,furniture/equipment,2254,<100 DM,1<= < 4 years,2,none,0,car or other,1,none,own,1,skilled employee / official,2,none,yes,0,divorced/separated,1
0 <= <200 DM,23,delay in paying off,car (used),2415,<100 DM,>=7 years,3,none,7,car or other,1,none,own,1,unskilled - resident,1,yes,yes,0,divorced/separated,1
no account,22,critical account,furniture/equipment,2401,100 <= <500 DM,<1 years,3,none,4,unknown / no property,1,none,own,1,skilled employee / official,1,none,yes,0,divorced/separated,1
<0 DM,26,existing credits paid back duly till now,furniture/equipment,1316,100 <= <500 DM,4<= <7 years,6,none,3,savings agreement/life insurance,1,none,own,2,skilled employee / official,2,none,yes,1,divorced/separated,1
no account,44,existing credits paid back duly till now,car (used),9197,100 <= <500 DM,4<= <7 years,6,none,2,unknown / no property,1,bank,rent,0,skilled employee / official,3,yes,yes,1,divorced/separated,1
0 <= <200 DM,14,existing credits paid back duly till now,radio/television,2962,<100 DM,>=7 years,1,none,0,real estate,1,none,own,1,skilled employee / official,2,none,yes,1,divorced/separated,0
no account,8,critical account,business,714,<100 DM,>=7 years,3,none,3,real estate,1,none,rent,3,skilled employee / official,2,yes,yes,1,divorced/separated,1
0 <= <200 DM,21,delay in paying off,furniture/equipment,1429,no savings account,unemployed,5,none,7,real estate,1,none,own,3,skilled employee / official,1,yes,yes,1,married/widowed,1
no account,21,existing credits paid back duly till now,retraining,3751,500 <= < 1000 DM,<1 years,1,none,2,real estate,1,none,own,1,unskilled - resident,1,yes,yes,0,divorced/separated,1
<0 DM,30,existing credits paid back duly till now,business,9002,100 <= <500 DM,<1 years,3,none,2,car or other,1,none,own,1,skilled employee / official,2,yes,yes,0,married/widowed,0
0 <= <200 DM,11,existing credits paid back duly till now,car (used),6818,500 <= < 1000 DM,>=7 years,4,none,0,unknown / no property,1,none,own,1,skilled employee / official,3,none,yes,1,divorced/separated,0
<0 DM,30,critical account,radio/television,1307,500 <= < 1000 DM,>=7 years,7,none,5,savings agreement/life insurance,1,none,own,3,skilled employee / official,2,yes,yes,1,divorced/separated,1
no account,8,critical account,car (new),-838,<100 DM,4<= <7 years,3,none,3,car or other,1,none,own,4,unskilled - resident,2,none,yes,0,divorced/separated,1
no account,19,critical account,car (new),1583,<100 DM,>=7 years,8,none,8,savings agreement/life insurance,1,none,for free,3,skilled employee / official,1,yes,yes,0,divorced/separated,1
no account,12,delay in paying off,car (new),-1061,100 <= <500 DM,1<= < 4 years,3,none,0,car or other,1,store,own,3,unskilled - resident,2,none,yes,1,divorced/separated,1
>= 200 DM ,20,existing credits paid back duly till now,education,3444,<100 DM,>=7 years,3,none,4,unknown / no property,1,store,own,3,unskilled - resident,1,none,yes,1,divorced/separated,0
no account,19,existing credits paid back duly till now,furniture/equipment,3781,no savings account,<1 years,2,none,0,car or other,1,bank,own,1,skilled employee / official,1,none,yes,1,married/widowed,1
no account,7,existing credits paid back duly till now,others,-1728,<100 DM,4<= <7 years,7,none,3,savings agreement/life insurance,1,none,own,2,skilled employee / official,1,none,yes,1,divorced/separated,1
no account,7,delay in paying off,car (new),-2164,<100 DM,>=7 years,3,none,3,real estate,1,bank,own,2,management/ highly qualified employee,2,none,yes,0,married/widowed,0
no account,36,critical account,radio/television,5475,<100 DM,<1 years,0,none,1,unknown / no property,1,none,own,1,skilled employee / official,1,none,yes,0,divorced/separated,1
<0 DM,26,existing credits paid back duly till now,business,3826,100 <= <500 DM,<1 years,3,none,3,car or other,1,none,for free,3,skilled employee / official,2,none,yes,0,divorced/separated,0
<0 DM,21,existing credits paid back duly till now,radio/television,899,100 <= <500 DM,1<= < 4 years,3,none,2,real estate,1,none,rent,1,skilled employee / official,1,yes,yes,0,divorced/separated,1
0 <= <200 DM,12,existing credits paid back duly till now,furniture/equipment,1272,100 <= <500 DM,1<= < 4 years,5,none,2,real estate,1,none,own,0,skilled employee / official,2,none,yes,1,divorced/separated,1
<0 DM,13,existing credits paid back duly till now,business,1834,<100 DM,1<= < 4 years,4,none,0,car or other,1,none,rent,1,unskilled - resident,2,yes,yes,1,divorced/separated,0
<0 DM,15,existing credits paid back duly till now,business,1162,500 <= < 1000 DM,>=7 years,5,none,3,unknown / no property,1,none,own,3,skilled employee / official,2,yes,yes,1,divorced/separated,1
no account,30,existing credits paid back duly till now,car (new),4678,<100 DM,4<= <7 years,4,none,1,real estate,1,bank,own,0,skilled employee / official,2,yes,yes,0,divorced/separated,0
no account,23,all credits at this bank paid back duly,radio/television,-729,500 <= < 1000 DM,>=7 years,5,none,3,savings agreement/life insurance,1,none,own,3,skilled employee / official,2,none,yes,1,divorced/separated,1
0 <= <200 DM,34,critical account,business,3173,<100 DM,4<= <7 years,3,none,3,car or other,1,none,own,4,skilled employee / official,2,yes,yes,0,divorced/separated,1
no account,6,existing credits paid back duly till now,radio/television,-1724,<100 DM,1<= < 4 years,2,none,1,car or other,1,none,own,3,skilled employee / official,2,none,yes,0,divorced/separated,1
no account,7,critical account,car (new),-3460,<100 DM,>=7 years,4,none,1,savings agreement/life insurance,1,none,own,5,unskilled - resident,3,none,yes,1,divorced/separated,1
no account,15,existing credits paid back duly till now,car (used),1728,<100 DM,4<= <7 years,5,none,3,real estate,1,bank,own,3,skilled employee / official,2,yes,yes,1,divorced/separated,1
<0 DM,17,existing credits paid back duly till now,radio/television,1264,100 <= <500 DM,1<= < 4 years,6,none,6,car or other,1,none,own,1,skilled employee / official,1,yes,yes,0,divorced/separated,1
0 <= <200 DM,30,existing credits paid back duly till now,business,7888,<100 DM,4<= <7 years,-2,none,4,car or other,1,none,own,2,management/ highly qualified employee,2,yes,yes,0,divorced/separated,1
no account,23,critical account,radio/television,429,<100 DM,>=7 years,4,guarantor,8,savings agreement/life insurance,1,none,rent,3,skilled employee / official,1,none,yes,1,divorced/separated,1
<0 DM,44,existing credits paid back duly till now,radio/television,5045,<100 DM,1<= < 4 years,6,none,5,car or other,1,none,rent,0,unskilled - resident,1,none,yes,1,divorced/separated,0
0 <= <200 DM,29,all credits at this bank paid back duly,car (used),4808,<100 DM,>=7 years,6,none,4,car or other,1,none,own,2,management/ highly qualified employee,3,yes,yes,0,married/widowed,0
0 <= <200 DM,20,existing credits paid back duly till now,radio/television,-227,<100 DM,<1 years,3,none,1,real estate,1,none,own,1,skilled employee / official,1,none,yes,1,divorced/separated,1
<0 DM,19,delay in paying off,car (new),2968,<100 DM,1<= < 4 years,5,none,5,car or other,1,bank,own,1,management/ highly qualified employee,2,yes,yes,1,divorced/separated,1
>= 200 DM ,41,existing credits paid back duly till now,radio/television,10584,<100 DM,1<= < 4 years,1,none,1,car or other,1,store,own,0,skilled employee / official,1,yes,yes,1,divorced/separated,1
>= 200 DM ,24,critical account,furniture/equipment,3086,<100 DM,>=7 years,3,none,1,savings agreement/life insurance,0,none,own,0,unskilled - resident,1,yes,yes,1,divorced/separated,1
<0 DM,23,existing credits paid back duly till now,furniture/equipment,-1729,<100 DM,4<= <7 years,8,none,3,real estate,0,none,own,0,skilled employee / official,1,none,yes,0,divorced/separated,0
<0 DM,3,delay in paying off,furniture/equipment,-2072,no savings account,>=7 years,6,none,2,car or other,1,none,own,3,skilled employee / official,2,yes,yes,1,divorced/separated,1
no account,13,existing credits paid back duly till now,furniture/equipment,-2271,<100 DM,1<= < 4 years,3,none,3,real estate,0,none,own,1,skilled employee / official,1,none,yes,1,married/widowed,1
0 <= <200 DM,32,existing credits paid back duly till now,radio/television,5506,<100 DM,>=7 years,3,none,5,car or other,1,bank,own,3,skilled employee / official,1,none,yes,1,divorced/separated,0
<0 DM,38,existing credits paid back duly till now,radio/television,2859,<100 DM,1<= < 4 years,1,none,2,car or other,1,none,own,0,management/ highly qualified employee,0,none,yes,0,divorced/separated,1
<0 DM,15,critical account,car (new),14,<100 DM,1<= < 4 years,6,none,2,savings agreement/life insurance,0,none,own,1,skilled employee / official,2,none,yes,1,divorced/separated,1
0 <= <200 DM,-12,critical account,car (new),-2356,<100 DM,>=7 years,2,none,3,real estate,0,none,own,3,unskilled - resident,3,none,yes,1,married/widowed,1
<0 DM,21,existing credits paid back duly till now,car (new),2436,<100 DM,<1 years,7,none,2,car or other,0,bank,for free,1,skilled employee / official,3,yes,yes,1,married/widowed,0
no account,37,existing credits paid back duly till now,car (used),9828,no savings account,<1 years,3,none,0,car or other,0,bank,own,0,skilled employee / official,2,yes,yes,0,divorced/separated,1
no account,29,existing credits paid back duly till now,business,1336,<100 DM,1<= < 4 years,7,none,3,savings agreement/life insurance,1,none,own,1,skilled employee / official,2,none,yes,1,divorced/separated,0
<0 DM,16,existing credits paid back duly till now,car (new),2221,<100 DM,4<= <7 years,4,none,4,real estate,1,none,own,2,unskilled - resident,1,none,yes,0,divorced/separated,0
no account,24,critical account,radio/television,916,500 <= < 1000 DM,4<= <7 years,4,none,1,savings agreement/life insurance,1,none,own,3,unskilled - resident,2,none,yes,1,divorced/separated,1
0 <= <200 DM,22,existing credits paid back duly till now,car (used),932,<100 DM,>=7 years,6,none,2,real estate,1,bank,own,2,skilled employee / official,2,yes,yes,1,divorced/separated,1
0 <= <200 DM,41,delay in paying off,car (new),4929,<100 DM,1<= < 4 years,1,none,5,savings agreement/life insurance,0,none,own,2,skilled employee / official,1,yes,yes,0,divorced/separated,1
no account,30,critical account,car (used),5789,<100 DM,1<= < 4 years,2,none,3,car or other,1,none,own,2,skilled employee / official,2,none,yes,0,divorced/separated,1
no account,15,no credits taken,radio/television,-661,<100 DM,unemployed,3,none,3,savings agreement/life insurance,1,none,own,3,unskilled - resident,1,none,yes,0,married/widowed,1
no account,24,existing credits paid back duly till now,business,1101,100 <= <500 DM,<1 years,-1,none,1,real estate,0,none,own,2,skilled employee / official,0,none,yes,0,divorced/separated,1
no account,31,existing credits paid back duly till now,business,6265,<100 DM,1<= < 4 years,1,none,4,savings agreement/life insurance,0,none,own,2,skilled employee / official,2,yes,yes,0,divorced/separated,0
<0 DM,14,delay in paying off,radio/television,3993,>= 1000 DM,unemployed,5,co-applicant,4,car or other,1,store,for free,1,skilled employee / official,2,none,yes,1,divorced/separated,1
no account,16,critical account,radio/television,4093,<100 DM,4<= <7 years,2,none,2,savings agreement/life insurance,1,none,for free,2,skilled employee / official,2,none,yes,0,divorced/separated,0
<0 DM,34,existing credits paid back duly till now,business,2622,<100 DM,1<= < 4 years,4,none,7,real estate,1,none,rent,2,skilled employee / official,1,yes,yes,0,divorced/separated,1
>= 200 DM ,22,critical account,car (used),3212,no savings account,>=7 years,5,co-applicant,4,savings agreement/life insurance,1,none,own,2,management/ highly qualified employee,3,yes,yes,1,divorced/separated,0
0 <= <200 DM,36,delay in paying off,car (new),3068,<100 DM,4<= <7 years,4,none,1,real estate,1,none,own,2,skilled employee / official,1,yes,yes,1,divorced/separated,0
0 <= <200 DM,20,critical account,radio/television,2789,100 <= <500 DM,4<= <7 years,2,none,2,car or other,1,none,own,3,skilled employee / official,1,none,yes,1,divorced/separated,1
0 <= <200 DM,25,critical account,car (new),2970,no savings account,>=7 years,5,none,6,car or other,1,none,for free,3,skilled employee / official,3,none,yes,1,divorced/separated,0
0 <= <200 DM,21,delay in paying off,car (new),2171,no savings account,1<= < 4 years,4,none,6,real estate,1,none,own,3,unskilled - resident,2,yes,yes,1,divorced/separated,1
0 <= <200 DM,18,existing credits paid back duly till now,business,6225,no savings account,1<= < 4 years,2,none,0,savings agreement/life insurance,1,none,own,1,management/ highly qualified employee,2,none,yes,1,married/widowed,0
no account,33,existing credits paid back duly till now,car (new),6729,<100 DM,unemployed,2,guarantor,2,real estate,1,none,own,3,skilled employee / official,1,yes,yes,0,divorced/separated,1
<0 DM,22,existing credits paid back duly till now,furniture/equipment,943,<100 DM,1<= < 4 years,3,none,4,real estate,1,bank,own,1,skilled employee / official,2,none,yes,0,divorced/separated,1
no account,0,critical account,business,930,<100 DM,1<= < 4 years,0,none,1,real estate,1,bank,own,5,skilled employee / official,3,none,yes,0,divorced/separated,1
<0 DM,37,existing credits paid back duly till now,business,4512,no savings account,1<= < 4 years,6,none,0,savings agreement/life insurance,1,none,own,2,skilled employee / official,2,yes,yes,1,divorced/separated,1
<0 DM,10,critical account,radio/television,-1441,<100 DM,>=7 years,5,none,7,unknown / no property,1,none,own,3,skilled employee / official,1,none,yes,1,divorced/separated,0
no account,16,critical account,car (new),-2510,no savings account,1<= < 4 years,5,none,3,savings agreement/life insurance,1,none,own,3,skilled employee / official,2,none,yes,1,divorced/separated,1
no account,18,critical account,car (new),1382,<100 DM,4<= <7 years,0,none,4,savings agreement/life insurance,0,none,own,3,skilled employee / official,2,none,yes,1,divorced/separated,1
0 <= <200 DM,27,critical account,business,1613,<100 DM,>=7 years,5,none,4,unknown / no property,1,none,own,4,skilled employee / official,1,yes,yes,1,divorced/separated,1
>= 200 DM ,13,critical account,radio/television,2693,no savings account,4<= <7 years,7,none,3,unknown / no property,1,none,own,4,management/ highly qualified employee,2,none,yes,1,divorced/separated,0
no account,34,critical account,furniture/equipment,5079,<100 DM,>=7 years,3,none,4,savings agreement/life insurance,1,bank,own,2,skilled employee / official,1,none,yes,0,divorced/separated,1
no account,19,critical account,radio/television,-739,no savings account,>=7 years,6,none,3,savings agreement/life insurance,1,none,own,4,skilled employee / official,3,yes,yes,1,divorced/separated,1
0 <= <200 DM,32,existing credits paid back duly till now,car (used),7679,<100 DM,1<= < 4 years,2,none,4,savings agreement/life insurance,1,none,own,1,management/ highly qualified employee,2,yes,yes,0,married/widowed,0
<0 DM,16,critical account,car (new),-1698,<100 DM,>=7 years,3,none,5,real estate,1,store,own,3,skilled employee / official,1,yes,yes,1,divorced/separated,1
<0 DM,12,existing credits paid back duly till now,car (new),1404,<100 DM,<1 years,4,none,2,savings agreement/life insurance,1,none,own,1,skilled employee / official,1,none,yes,0,divorced/separated,0
0 <= <200 DM,15,existing credits paid back duly till now,business,-115,<100 DM,4<= <7 years,3,none,3,real estate,0,none,own,2,skilled employee / official,1,none,yes,0,divorced/separated,0
no account,7,critical account,furniture/equipment,-520,500 <= < 1000 DM,>=7 years,4,none,7,unknown / no property,1,none,rent,2,skilled employee / official,2,none,yes,1,divorced/separated,1
no account,8,critical account,business,-508,<100 DM,4<= <7 years,0,none,3,real estate,1,none,own,3,skilled employee / official,2,none,yes,0,divorced/separated,1
no account,-3,critical account,business,-3464,<100 DM,>=7 years,3,none,9,real estate,1,bank,for free,3,skilled employee / official,2,none,yes,1,divorced/separated,1
>= 200 DM ,31,existing credits paid back duly till now,radio/television,1804,<100 DM,>=7 years,5,none,3,car or other,1,none,own,3,skilled employee / official,2,none,yes,1,divorced/separated,1
no account,2,existing credits paid back duly till now,car (used),-2452,500 <= < 1000 DM,>=7 years,2,none,2,car or other,0,none,own,3,unskilled - resident,2,none,yes,1,divorced/separated,1
no account,35,critical account,car (new),3263,<100 DM,<1 years,5,none,3,unknown / no property,1,bank,own,4,skilled employee / official,1,yes,yes,0,divorced/separated,1
<0 DM,8,delay in paying off,furniture/equipment,2554,<100 DM,>=7 years,4,none,7,unknown / no property,1,none,own,2,skilled employee / official,2,none,yes,1,divorced/separated,1
no account,22,critical account,furniture/equipment,6573,no savings account,4<= <7 years,0,none,1,savings agreement/life insurance,1,none,for free,3,skilled employee / official,2,none,yes,1,divorced/separated,1
0 <= <200 DM,17,existing credits paid back duly till now,radio/television,4641,<100 DM,4<= <7 years,3,none,2,car or other,1,none,for free,1,skilled employee / official,2,none,yes,1,divorced/separated,1
no account,20,all credits at this bank paid back duly,furniture/equipment,-253,500 <= < 1000 DM,4<= <7 years,5,none,2,real estate,1,none,own,2,skilled employee / official,2,none,yes,0,divorced/separated,1
no account,5,critical account,furniture/equipment,2951,<100 DM,>=7 years,1,none,-1,real estate,0,none,own,4,skilled employee / official,2,none,yes,1,divorced/separated,1
no account,17,all credits at this bank paid back duly,radio/television,-932,<100 DM,>=7 years,6,none,4,real estate,1,none,own,3,management/ highly qualified employee,2,none,yes,1,divorced/separated,1
<0 DM,23,delay in paying off,car (new),-290,500 <= < 1000 DM,>=7 years,5,none,3,unknown / no property,1,none,own,5,unskilled - resident,1,yes,yes,0,divorced/separated,0
0 <= <200 DM,17,existing credits paid back duly till now,furniture/equipment,3400,100 <= <500 DM,<1 years,0,none,0,savings agreement/life insurance,1,none,own,1,skilled employee / official,2,none,yes,0,divorced/separated,1
<0 DM,35,existing credits paid back duly till now,radio/television,7600,>= 1000 DM,1<= < 4 years,2,none,4,car or other,0,bank,own,-1,skilled employee / official,1,yes,yes,1,divorced/separated,0
<0 DM,30,existing credits paid back duly till now,car (new),5508,<100 DM,1<= < 4 years,2,none,3,real estate,1,none,own,1,skilled employee / official,1,none,yes,0,divorced/separated,1
no account,2,critical account,business,1740,<100 DM,4<= <7 years,1,none,4,real estate,1,none,own,4,unskilled - resident,2,none,yes,1,divorced/separated,1
<0 DM,7,critical account,furniture/equipment,859,<100 DM,<1 years,0,none,1,savings agreement/life insurance,0,none,for free,2,skilled employee / official,2,none,yes,1,divorced/separated,1
>= 200 DM ,19,delay in paying off,business,318,<100 DM,>=7 years,5,none,3,savings agreement/life insurance,1,none,own,2,skilled employee / official,2,yes,yes,1,divorced/separated,0
no account,22,existing credits paid back duly till now,car (used),2653,100 <= <500 DM,4<= <7 years,4,none,3,savings agreement/life insurance,1,none,own,2,management/ highly qualified employee,2,none,yes,1,divorced/separated,1
0 <= <200 DM,31,existing credits paid back duly till now,business,5481,<100 DM,1<= < 4 years,-1,guarantor,3,car or other,0,none,own,3,unskilled - resident,1,none,yes,0,married/widowed,1
0 <= <200 DM,6,existing credits paid back duly till now,radio/television,-316,no savings account,>=7 years,4,none,2,savings agreement/life insurance,1,none,own,3,unskilled - resident,3,none,yes,1,divorced/separated,1
no account,16,existing credits paid back duly till now,business,2784,<100 DM,<1 years,3,none,4,savings agreement/life insurance,1,store,own,3,management/ highly qualified employee,1,none,yes,1,divorced/separated,1
<0 DM,32,existing credits paid back duly till now,radio/television,1434,<100 DM,<1 years,5,none,3,car or other,1,bank,own,1,skilled employee / official,1,yes,yes,1,divorced/separated,0
<0 DM,18,existing credits paid back duly till now,furniture/equipment,3169,<100 DM,1<= < 4 years,2,none,7,car or other,1,none,rent,2,skilled employee / official,1,none,yes,1,divorced/separated,1
<0 DM,23,critical account,car (new),636,no savings account,>=7 years,5,none,9,unknown / no property,1,none,rent,4,unskilled - resident,1,yes,yes,1,divorced/separated,0
no account,24,existing credits paid back duly till now,furniture/equipment,2644,no savings account,<1 years,4,none,2,car or other,0,bank,own,2,skilled employee / official,1,none,yes,1,divorced/separated,1
0 <= <200 DM,12,existing credits paid back duly till now,radio/television,2361,<100 DM,4<= <7 years,5,none,2,car or other,1,none,own,3,skilled employee / official,3,none,yes,1,divorced/separated,1
<0 DM,34,no credits taken,radio/television,1887,<100 DM,unemployed,5,none,4,savings agreement/life insurance,1,store,rent,1,skilled employee / official,1,yes,yes,1,divorced/separated,1
0 <= <200 DM,13,delay in paying off,education,2373,no savings account,4<= <7 years,3,none,0,real estate,1,store,own,2,skilled employee / official,1,none,yes,0,married/widowed,1
no account,5,existing credits paid back duly till now,radio/television,-1923,100 <= <500 DM,4<= <7 years,5,none,3,real estate,1,none,own,4,skilled employee / official,2,none,yes,1,divorced/separated,1
no account,11,existing credits paid back duly till now,education,2846,<100 DM,4<= <7 years,2,none,2,real estate,1,none,own,0,skilled employee / official,1,none,yes,1,divorced/separated,1
<0 DM,23,existing credits paid back duly till now,furniture/equipment,2362,<100 DM,<1 years,2,none,3,car or other,0,none,own,3,unskilled - resident,1,none,yes,0,divorced/separated,1
no account,9,existing credits paid back duly till now,furniture/equipment,-1065,no savings account,<1 years,1,none,2,savings agreement/life insurance,1,none,own,2,unskilled - resident,1,none,yes,0,divorced/separated,1
no account,19,existing credits paid back duly till now,furniture/equipment,1575,<100 DM,<1 years,3,co-applicant,1,savings agreement/life insurance,1,none,own,1,management/ highly qualified employee,1,none,yes,0,divorced/separated,1
0 <= <200 DM,29,delay in paying off,car (used),6970,500 <= < 1000 DM,4<= <7 years,3,none,2,car or other,1,none,own,3,skilled employee / official,2,none,yes,1,divorced/separated,0
no account,2,critical account,business,10,<100 DM,1<= < 4 years,0,none,4,real estate,1,none,own,2,skilled employee / official,3,yes,yes,1,divorced/separated,1
no account,25,existing credits paid back duly till now,car (new),3793,<100 DM,1<= < 4 years,7,none,0,real estate,1,none,own,2,skilled employee / official,2,none,yes,1,divorced/separated,0
<0 DM,33,existing credits paid back duly till now,car (used),3158,100 <= <500 DM,4<= <7 years,5,none,1,car or other,1,none,own,1,skilled employee / official,1,none,yes,1,divorced/separated,0
0 <= <200 DM,33,existing credits paid back duly till now,business,3071,<100 DM,4<= <7 years,2,none,2,real estate,1,none,own,2,skilled employee / official,0,none,yes,0,married/widowed,1
no account,4,critical account,furniture/equipment,388,500 <= < 1000 DM,4<= <7 years,1,none,6,savings agreement/life insurance,1,none,own,4,skilled employee / official,2,none,yes,0,divorced/separated,1
<0 DM,34,existing credits paid back duly till now,radio/television,5362,no savings account,<1 years,4,none,5,unknown / no property,1,none,own,1,management/ highly qualified employee,1,none,yes,0,married/widowed,1
0 <= <200 DM,32,delay in paying off,furniture/equipment,3197,100 <= <500 DM,4<= <7 years,7,none,6,savings agreement/life insurance,1,none,own,2,skilled employee / official,1,yes,yes,0,divorced/separated,0
0 <= <200 DM,43,existing credits paid back duly till now,car (used),9024,<100 DM,1<= < 4 years,4,none,3,unknown / no property,1,none,own,0,skilled employee / official,2,none,yes,1,divorced/separated,0
<0 DM,46,existing credits paid back duly till now,radio/television,4810,>= 1000 DM,<1 years,8,none,3,real estate,1,bank,rent,1,skilled employee / official,0,yes,yes,0,divorced/separated,1
<0 DM,9,delay in paying off,car (used),790,<100 DM,4<= <7 years,4,none,2,real estate,1,none,own,2,unskilled - resident,2,none,yes,1,divorced/separated,1
>= 200 DM ,16,existing credits paid back duly till now,furniture/equipment,1257,<100 DM,<1 years,0,none,1,real estate,0,none,for free,1,skilled employee / official,1,none,yes,0,divorced/separated,1
<0 DM,13,existing credits paid back duly till now,business,1296,<100 DM,1<= < 4 years,2,none,4,real estate,1,none,own,2,unskilled - resident,1,none,yes,1,divorced/separated,1
no account,12,critical account,furniture/equipment,-1694,<100 DM,unemployed,3,none,3,savings agreement/life insurance,1,bank,own,4,skilled employee / official,1,none,yes,0,divorced/separated,1
no account,36,all credits at this bank paid back duly,furniture/equipment,5301,<100 DM,<1 years,1,none,1,real estate,1,none,for free,1,management/ highly qualified employee,1,none,yes,0,divorced/separated,1
no account,10,existing credits paid back duly till now,car (new),1488,<100 DM,4<= <7 years,2,none,2,unknown / no property,0,bank,own,2,skilled employee / official,2,none,yes,1,divorced/separated,1
no account,27,existing credits paid back duly till now,furniture/equipment,4559,100 <= <500 DM,>=7 years,1,none,1,real estate,1,bank,rent,2,skilled employee / official,1,none,yes,0,divorced/separated,1
no account,47,critical account,furniture/equipment,10059,<100 DM,1<= < 4 years,0,none,2,car or other,1,none,own,2,skilled employee / official,2,none,yes,0,divorced/separated,0
0 <= <200 DM,23,no credits taken,car (new),1514,>= 1000 DM,1<= < 4 years,3,none,5,savings agreement/life insurance,1,none,rent,2,skilled employee / official,2,yes,yes,1,divorced/separated,1
0 <= <200 DM,16,critical account,furniture/equipment,4406,<100 DM,4<= <7 years,0,co-applicant,1,car or other,1,store,own,4,skilled employee / official,2,none,yes,0,divorced/separated,0
<0 DM,41,existing credits paid back duly till now,car (used),4900,no savings account,1<= < 4 years,5,none,3,car or other,1,bank,own,1,skilled employee / official,1,yes,yes,0,married/widowed,1
no account,26,critical account,furniture/equipment,-1719,<100 DM,>=7 years,3,none,8,car or other,1,none,own,1,skilled employee / official,1,none,yes,0,divorced/separated,1
no account,40,existing credits paid back duly till now,car (new),7618,100 <= <500 DM,<1 years,2,none,-1,real estate,1,none,for free,2,management/ highly qualified employee,2,yes,yes,0,divorced/separated,1
no account,9,existing credits paid back duly till now,car (used),-476,<100 DM,1<= < 4 years,4,none,3,real estate,1,bank,own,2,skilled employee / official,2,none,yes,0,divorced/separated,0
<0 DM,26,existing credits paid back duly till now,car (new),754,no savings account,4<= <7 years,2,none,4,savings agreement/life insurance,1,none,own,0,unskilled - resident,1,none,yes,1,divorced/separated,0
no account,32,existing credits paid back duly till now,retraining,6694,<100 DM,4<= <7 years,2,none,3,car or other,1,none,own,1,management/ highly qualified employee,2,yes,yes,1,divorced/separated,1
no account,18,existing credits paid back duly till now,radio/television,856,no savings account,1<= < 4 years,5,none,6,real estate,1,none,own,2,skilled employee / official,2,none,yes,1,divorced/separated,1
0 <= <200 DM,11,critical account,furniture/equipment,-1857,no savings account,>=7 years,9,none,7,savings agreement/life insurance,1,bank,own,3,unskilled - resident,2,yes,yes,0,divorced/separated,0
no account,26,existing credits paid back duly till now,car (new),4816,<100 DM,1<= < 4 years,2,none,6,savings agreement/life insurance,1,none,own,2,skilled employee / official,1,yes,yes,0,divorced/separated,1
no account,38,existing credits paid back duly till now,car (new),1838,<100 DM,>=7 years,4,none,5,real estate,1,none,own,3,skilled employee / official,1,yes,yes,1,divorced/separated,1
no account,24,existing credits paid back duly till now,business,4944,<100 DM,>=7 years,2,none,3,unknown / no property,1,none,own,5,management/ highly qualified employee,2,yes,yes,1,divorced/separated,1
>= 200 DM ,21,critical account,car (new),-2111,<100 DM,>=7 years,5,none,7,savings agreement/life insurance,0,bank,rent,3,skilled employee / official,1,yes,yes,1,married/widowed,1
no account,-1,critical account,car (new),-4191,<100 DM,>=7 years,4,none,7,savings agreement/life insurance,1,none,own,3,skilled employee / official,1,yes,yes,1,divorced/separated,1
<0 DM,38,delay in paying off,car (used),7806,<100 DM,unemployed,4,co-applicant,0,savings agreement/life insurance,0,none,own,1,skilled employee / official,2,none,yes,1,divorced/separated,0
<0 DM,34,existing credits paid back duly till now,car (new),5274,no savings account,<1 years,6,none,-1,real estate,0,none,own,0,skilled employee / official,1,none,yes,1,divorced/separated,1
0 <= <200 DM,16,existing credits paid back duly till now,car (used),5023,<100 DM,<1 years,0,none,1,unknown / no property,1,none,rent,3,skilled employee / official,2,none,yes,1,divorced/separated,1
0 <= <200 DM,16,existing credits paid back duly till now,radio/television,7510,<100 DM,1<= < 4 years,2,none,-1,real estate,1,bank,own,2,skilled employee / official,2,none,yes,1,married/widowed,1
no account,32,existing credits paid back duly till now,furniture/equipment,2017,500 <= < 1000 DM,1<= < 4 years,4,none,3,unknown / no property,0,none,own,2,skilled employee / official,1,none,yes,1,divorced/separated,1
<0 DM,53,existing credits paid back duly till now,radio/television,8138,<100 DM,<1 years,4,none,6,car or other,1,none,own,1,unemployed/ unskilled  - non-resident,0,yes,yes,0,divorced/separated,1
no account,13,existing credits paid back duly till now,furniture/equipment,1743,<100 DM,4<= <7 years,3,none,4,savings agreement/life insurance,0,none,rent,1,management/ highly qualified employee,2,none,yes,1,married/widowed,1
no account,10,existing credits paid back duly till now,radio/television,-114,<100 DM,>=7 years,2,none,7,savings agreement/life insurance,1,none,own,2,unskilled - resident,2,yes,yes,1,divorced/separated,1
<0 DM,23,critical account,business,2415,500 <= < 1000 DM,1<= < 4 years,5,none,6,car or other,1,none,own,3,skilled employee / official,2,yes,yes,1,divorced/separated,1
>= 200 DM ,18,existing credits paid back duly till now,car (used),3257,no savings account,>=7 years,1,none,5,unknown / no property,1,none,for free,2,skilled employee / official,3,none,yes,0,married/widowed,1
no account,37,critical account,car (new),1883,<100 DM,1<= < 4 years,7,none,5,unknown / no property,1,none,own,2,skilled employee / official,1,yes,yes,1,divorced/separated,1
0 <= <200 DM,35,existing credits paid back duly till now,car (used),3372,<100 DM,1<= < 4 years,5,none,5,car or other,1,none,for free,1,skilled employee / official,1,yes,yes,1,divorced/separated,1
<0 DM,24,delay in paying off,car (new),2716,<100 DM,>=7 years,7,none,7,unknown / no property,1,none,for free,2,management/ highly qualified employee,2,yes,yes,1,divorced/separated,1
<0 DM,38,existing credits paid back duly till now,radio/television,7417,<100 DM,<1 years,2,none,3,real estate,1,none,own,2,skilled employee / official,1,yes,yes,1,divorced/separated,1
0 <= <200 DM,3,critical account,business,1580,500 <= < 1000 DM,>=7 years,0,none,3,savings agreement/life insurance,1,none,own,4,skilled employee / official,2,none,yes,0,divorced/separated,1
<0 DM,10,existing credits paid back duly till now,radio/television,-493,<100 DM,1<= < 4 years,3,none,3,car or other,1,none,own,1,skilled employee / official,2,none,yes,1,divorced/separated,1
<0 DM,26,critical account,furniture/equipment,1725,<100 DM,1<= < 4 years,3,none,6,savings agreement/life insurance,1,none,own,1,unskilled - resident,1,yes,yes,0,divorced/separated,1
no account,8,no credits taken,business,1805,<100 DM,>=7 years,4,none,3,real estate,1,none,rent,1,management/ highly qualified employee,2,none,yes,0,divorced/separated,1
no account,8,critical account,radio/television,-1835,<100 DM,>=7 years,5,none,4,car or other,0,none,own,3,skilled employee / official,2,yes,yes,1,married/widowed,1
0 <= <200 DM,3,existing credits paid back duly till now,car (used),878,<100 DM,>=7 years,4,none,3,savings agreement/life insurance,1,none,own,2,skilled employee / official,4,yes,yes,1,divorced/separated,0
no account,32,existing credits paid back duly till now,radio/television,2256,<100 DM,>=7 years,8,none,2,car or other,1,none,for free,1,skilled employee / official,2,none,yes,1,divorced/separated,0
<0 DM,26,existing credits paid back duly till now,furniture/equipment,4729,<100 DM,<1 years,5,none,-1,real estate,1,none,own,0,skilled employee / official,2,none,yes,1,divorced/separated,0
no account,18,existing credits paid back duly till now,radio/television,2741,<100 DM,1<= < 4 years,3,none,2,real estate,1,bank,for free,2,unskilled - resident,3,none,yes,1,divorced/separated,1
no account,17,critical account,radio/television,-186,<100 DM,4<= <7 years,4,none,3,real estate,1,none,own,2,skilled employee / official,2,none,yes,1,divorced/separated,1
no account,18,existing credits paid back duly till now,car (used),619,<100 DM,>=7 years,5,none,7,savings agreement/life insurance,1,bank,own,4,skilled employee / official,2,yes,yes,1,divorced/separated,1
<0 DM,41,existing credits paid back duly till now,radio/television,6642,no savings account,>=7 years,2,none,4,savings agreement/life insurance,1,none,own,0,skilled employee / official,1,none,yes,1,divorced/separated,1
no account,9,critical account,car (new),-1555,<100 DM,4<= <7 years,5,none,2,real estate,1,none,own,4,management/ highly qualified employee,3,none,yes,1,divorced/separated,1
<0 DM,25,critical account,repairs,2104,no savings account,4<= <7 years,3,none,3,savings agreement/life insurance,0,bank,own,3,skilled employee / official,2,none,yes,1,divorced/separated,1
<0 DM,48,critical account,car (new),4761,<100 DM,>=7 years,7,none,4,car or other,1,none,own,2,skilled employee / official,1,yes,yes,1,divorced/separated,0
no account,21,delay in paying off,car (new),4613,no savings account,4<= <7 years,7,none,4,savings agreement/life insurance,1,none,own,2,skilled employee / official,3,none,yes,1,divorced/separated,1
no account,15,existing credits paid back duly till now,business,1963,100 <= <500 DM,1<= < 4 years,7,none,0,real estate,0,none,own,1,management/ highly qualified employee,3,yes,yes,1,divorced/separated,1
<0 DM,36,existing credits paid back duly till now,business,5404,<100 DM,<1 years,3,none,3,savings agreement/life insurance,1,bank,own,1,skilled employee / official,1,yes,yes,0,divorced/separated,0
0 <= <200 DM,15,existing credits paid back duly till now,others,4958,<100 DM,4<= <7 years,0,none,2,car or other,1,none,own,1,unskilled - resident,2,yes,yes,1,divorced/separated,0
0 <= <200 DM,58,existing credits paid back duly till now,radio/television,8422,<100 DM,<1 years,2,none,4,car or other,1,none,own,1,skilled employee / official,1,yes,yes,0,divorced/separated,1
>= 200 DM ,11,existing credits paid back duly till now,radio/television,1319,500 <= < 1000 DM,1<= < 4 years,3,none,2,real estate,1,none,own,3,skilled employee / official,1,yes,yes,1,married/widowed,1
0 <= <200 DM,22,existing credits paid back duly till now,car (new),4242,<100 DM,1<= < 4 years,3,none,3,real estate,1,none,own,2,unskilled - resident,2,none,yes,0,married/widowed,0
0 <= <200 DM,22,critical account,car (new),593,<100 DM,4<= <7 years,3,none,3,savings agreement/life insurance,1,none,own,1,skilled employee / official,2,yes,yes,1,divorced/separated,0
no account,45,delay in paying off,furniture/equipment,1581,<100 DM,1<= < 4 years,6,none,8,savings agreement/life insurance,1,none,for free,3,management/ highly qualified employee,1,none,yes,1,divorced/separated,1
no account,36,critical account,car (new),7230,>= 1000 DM,>=7 years,4,none,3,unknown / no property,1,bank,own,2,skilled employee / official,2,yes,yes,1,divorced/separated,0
no account,25,existing credits paid back duly till now,car (new),1800,<100 DM,>=7 years,4,none,6,unknown / no property,1,none,own,3,management/ highly qualified employee,1,yes,yes,0,divorced/separated,1
0 <= <200 DM,16,delay in paying off,radio/television,-186,<100 DM,<1 years,4,none,7,real estate,1,bank,rent,4,unskilled - resident,1,yes,yes,1,married/widowed,1
<0 DM,45,existing credits paid back duly till now,car (new),7441,>= 1000 DM,1<= < 4 years,7,none,2,car or other,1,store,own,0,skilled employee / official,2,none,yes,1,divorced/separated,1
no account,13,existing credits paid back duly till now,car (new),-1522,100 <= <500 DM,<1 years,7,none,3,real estate,1,none,own,0,skilled employee / official,2,yes,yes,1,divorced/separated,1
<0 DM,16,critical account,others,3510,<100 DM,>=7 years,2,none,4,savings agreement/life insurance,1,none,own,4,skilled employee / official,2,yes,yes,0,divorced/separated,1
<0 DM,27,critical account,car (used),6569,no savings account,1<= < 4 years,4,none,2,car or other,1,none,own,4,unskilled - resident,2,none,yes,1,divorced/separated,0
no account,11,existing credits paid back duly till now,car (used),2800,<100 DM,1<= < 4 years,1,none,4,savings agreement/life insurance,1,none,own,1,skilled employee / official,3,none,yes,1,divorced/separated,1
<0 DM,50,critical account,radio/television,7091,>= 1000 DM,1<= < 4 years,5,none,4,savings agreement/life insurance,1,none,rent,3,skilled employee / official,1,yes,yes,0,divorced/separated,1
no account,3,existing credits paid back duly till now,furniture/equipment,1298,100 <= <500 DM,4<= <7 years,3,none,3,savings agreement/life insurance,1,none,rent,2,skilled employee / official,2,none,yes,1,divorced/separated,1
no account,9,existing credits paid back duly till now,car (new),2174,<100 DM,1<= < 4 years,2,none,2,savings agreement/life insurance,1,none,own,2,unskilled - resident,2,none,yes,1,divorced/separated,1
<0 DM,13,existing credits paid back duly till now,car (new),-1653,<100 DM,1<= < 4 years,7,none,6,savings agreement/life insurance,0,none,own,2,unskilled - resident,1,none,yes,0,divorced/separated,0
no account,19,existing credits paid back duly till now,repairs,3667,<100 DM,4<= <7 years,3,none,3,real estate,1,none,own,3,skilled employee / official,2,none,yes,1,divorced/separated,0
no account,16,existing credits paid back duly till now,education,2528,<100 DM,unemployed,3,none,6,savings agreement/life insurance,0,none,own,3,management/ highly qualified employee,1,none,yes,0,divorced/separated,1
>= 200 DM ,19,delay in paying off,car (used),5414,no savings account,>=7 years,4,none,3,unknown / no property,0,bank,rent,1,skilled employee / official,3,yes,yes,1,divorced/separated,0
<0 DM,41,delay in paying off,radio/television,7571,<100 DM,>=7 years,7,none,2,unknown / no property,1,none,rent,1,unskilled - resident,1,yes,yes,1,divorced/separated,0
no account,8,critical account,radio/television,2701,<100 DM,>=7 years,0,none,2,car or other,1,none,own,4,unskilled - resident,2,none,yes,0,divorced/separated,1
0 <= <200 DM,24,existing credits paid back duly till now,furniture/equipment,2947,100 <= <500 DM,4<= <7 years,5,none,4,car or other,1,store,own,2,skilled employee / official,0,yes,yes,1,divorced/separated,1
no account,21,existing credits paid back duly till now,radio/television,441,100 <= <500 DM,1<= < 4 years,2,none,3,car or other,1,none,own,1,skilled employee / official,1,none,yes,1,divorced/separated,1
