checking-account,duration,credit-history,purpose,credit-amount,savings-account,employment-since,installment-rate,other-debtors,residence-since,property,age,other-installment,housing,existing-credits,job,number-people-provide-maintenance-for,telephone,foreign-worker,sex,marital-status,class-label
<0 DM,12.0,critical account,domestic appliances,2076.9417,<100 DM,>=7 years,4.0,none,3.0,real estate,1,none,for free,1.0,skilled employee / official,1.0,yes,yes,0,divorced/separated,0
no account,24.0,existing credits paid back duly till now,radio/television,250.0,<100 DM,1<= < 4 years,4.0,none,4.0,car or other,1,none,own,4.0,skilled employee / official,1.0,none,yes,1,divorced/separated,1
0 <= <200 DM,11.0,critical account,radio/television,2278.9297,<100 DM,1<= < 4 years,2.0,none,4.0,real estate,1,none,own,2.0,management/ highly qualified employee,1.0,none,yes,1,divorced/separated,0
0 <= <200 DM,24.0,existing credits paid back duly till now,car (new),1361.4359,no savings account,<1 years,4.0,none,2.0,savings agreement/life insurance,1,none,own,1.0,management/ highly qualified employee,1.0,none,yes,1,divorced/separated,1
no account,24.0,critical account,car (new),1386.0,<100 DM,<1 years,4.0,none,4.0,car or other,1,none,own,1.0,unemployed/ unskilled  - non-resident,1.0,yes,yes,0,divorced/separated,1
<0 DM,12.0,critical account,furniture/equipment,250.0,500 <= < 1000 DM,1<= < 4 years,4.0,none,3.0,savings agreement/life insurance,1,none,own,1.0,skilled employee / official,1.0,yes,yes,1,divorced/separated,0
0 <= <200 DM,12.0,existing credits paid back duly till now,car (new),2716.7524,<100 DM,>=7 years,4.0,none,3.0,car or other,0,none,own,1.0,unskilled - resident,1.0,none,yes,1,divorced/separated,1
no account,21.0,existing credits paid back duly till now,car (used),843.9452,<100 DM,unemployed,4.0,none,4.0,unknown / no property,0,none,own,1.0,management/ highly qualified employee,1.0,none,yes,1,divorced/separated,1
<0 DM,72.0,delay in paying off,radio/television,250.0,<100 DM,1<= < 4 years,4.0,none,4.0,savings agreement/life insurance,1,none,own,1.0,unskilled - resident,1.0,none,yes,1,divorced/separated,1
0 <= <200 DM,24.0,existing credits paid back duly till now,radio/television,3112.8826,<100 DM,<1 years,4.0,none,4.0,car or other,0,none,own,1.0,management/ highly qualified employee,1.0,yes,yes,1,divorced/separated,1
0 <= <200 DM,15.0,existing credits paid back duly till now,radio/television,1746.0623,<100 DM,1<= < 4 years,4.0,guarantor,4.0,savings agreement/life insurance,1,none,own,2.0,skilled employee / official,1.0,none,yes,1,divorced/separated,1
<0 DM,4.0,critical account,domestic appliances,1923.6327,no savings account,1<= < 4 years,4.0,none,3.0,real estate,1,none,own,1.0,management/ highly qualified employee,1.0,none,yes,1,divorced/separated,0
0 <= <200 DM,24.0,existing credits paid back duly till now,radio/television,1284.4902,no savings account,4<= <7 years,4.0,none,4.0,savings agreement/life insurance,1,bank,own,1.0,unskilled - resident,1.0,yes,yes,1,divorced/separated,0
<0 DM,9.0,critical account,car (used),2364.0872,<100 DM,unemployed,1.0,none,2.0,real estate,1,none,own,1.0,unskilled - resident,1.0,yes,yes,0,divorced/separated,1
<0 DM,12.0,existing credits paid back duly till now,furniture/equipment,9039.015,100 <= <500 DM,>=7 years,3.0,none,1.0,savings agreement/life insurance,0,bank,own,1.0,skilled employee / official,1.0,yes,yes,1,divorced/separated,0
0 <= <200 DM,18.0,existing credits paid back duly till now,radio/television,250.0,<100 DM,1<= < 4 years,4.0,none,4.0,car or other,0,none,own,1.0,skilled employee / official,1.0,none,yes,1,divorced/separated,1
no account,12.0,critical account,radio/television,2928.1287,no savings account,<1 years,4.0,none,4.0,unknown / no property,0,none,own,2.0,skilled employee / official,1.0,none,yes,1,divorced/separated,1
no account,24.0,critical account,car (new),250.0,<100 DM,1<= < 4 years,4.0,none,4.0,real estate,0,none,own,1.0,skilled employee / official,1.0,none,yes,1,divorced/separated,1
0 <= <200 DM,21.0,critical account,car (new),3553.6182,<100 DM,4<= <7 years,4.0,none,4.0,unknown / no property,0,none,own,1.0,skilled employee / official,1.0,yes,yes,1,divorced/separated,0
no account,15.0,existing credits paid back duly till now,radio/television,2923.386,no savings account,<1 years,4.0,none,3.0,savings agreement/life insurance,1,none,own,1.0,skilled employee / official,1.0,yes,yes,0,divorced/separated,1
no account,12.0,existing credits paid back duly till now,radio/television,250.0,<100 DM,1<= < 4 years,3.0,none,1.0,savings agreement/life insurance,1,none,own,1.0,unskilled - resident,1.0,none,yes,1,divorced/separated,1
no account,12.0,critical account,car (new),1894.396,<100 DM,<1 years,2.0,none,4.0,car or other,1,none,own,2.0,management/ highly qualified employee,1.0,none,yes,1,divorced/separated,1
no account,12.0,existing credits paid back duly till now,furniture/equipment,1471.9177,<100 DM,1<= < 4 years,4.0,none,3.0,car or other,1,store,own,1.0,management/ highly qualified employee,1.0,none,yes,1,married/widowed,1
0 <= <200 DM,4.0,existing credits paid back duly till now,repairs,2314.9429,<100 DM,4<= <7 years,4.0,none,2.0,real estate,1,bank,for free,1.0,unskilled - resident,1.0,yes,yes,1,divorced/separated,1
0 <= <200 DM,10.0,critical account,domestic appliances,2439.7212,<100 DM,<1 years,2.0,none,4.0,real estate,1,none,own,1.0,skilled employee / official,1.0,none,yes,1,married/widowed,0
no account,24.0,all credits at this bank paid back duly,furniture/equipment,3590.0,<100 DM,<1 years,4.0,none,2.0,savings agreement/life insurance,0,none,own,1.0,skilled employee / official,1.0,yes,yes,0,divorced/separated,0
no account,18.0,existing credits paid back duly till now,car (new),250.0,no savings account,1<= < 4 years,4.0,none,2.0,unknown / no property,1,none,for free,1.0,management/ highly qualified employee,1.0,none,yes,1,divorced/separated,1
<0 DM,6.0,critical account,radio/television,11783.292,<100 DM,<1 years,1.0,none,2.0,real estate,0,none,rent,1.0,unskilled - resident,1.0,yes,yes,1,divorced/separated,1
no account,11.0,existing credits paid back duly till now,radio/television,1414.3163,<100 DM,>=7 years,4.0,none,4.0,savings agreement/life insurance,1,none,own,1.0,skilled employee / official,1.0,none,yes,1,divorced/separated,1
no account,18.0,existing credits paid back duly till now,car (new),9039.137,<100 DM,1<= < 4 years,4.0,none,4.0,unknown / no property,0,none,own,1.0,skilled employee / official,1.0,yes,yes,1,divorced/separated,0
<0 DM,12.0,existing credits paid back duly till now,radio/television,250.0,<100 DM,4<= <7 years,4.0,none,1.0,real estate,0,bank,own,1.0,skilled employee / official,1.0,yes,yes,0,married/widowed,1
<0 DM,24.0,existing credits paid back duly till now,business,1073.2164,<100 DM,4<= <7 years,4.0,none,2.0,unknown / no property,1,bank,own,1.0,management/ highly qualified employee,1.0,none,yes,0,divorced/separated,1
>= 200 DM ,12.0,critical account,business,700.44275,no savings account,<1 years,4.0,none,4.0,car or other,1,none,own,1.0,management/ highly qualified employee,1.0,none,yes,1,married/widowed,1
<0 DM,9.0,all credits at this bank paid back duly,car (new),2213.7136,<100 DM,1<= < 4 years,3.0,none,4.0,unknown / no property,1,none,for free,2.0,skilled employee / official,1.0,none,yes,1,divorced/separated,0
no account,24.0,existing credits paid back duly till now,furniture/equipment,514.80084,<100 DM,4<= <7 years,4.0,none,2.0,real estate,0,none,rent,1.0,skilled employee / official,1.0,none,yes,0,divorced/separated,1
>= 200 DM ,18.0,critical account,business,18424.0,no savings account,>=7 years,2.0,none,4.0,real estate,0,store,rent,1.0,skilled employee / official,1.0,none,yes,1,divorced/separated,1
no account,27.0,existing credits paid back duly till now,business,14342.392,no savings account,<1 years,2.0,none,4.0,car or other,1,none,for free,1.0,skilled employee / official,1.0,none,yes,0,divorced/separated,1
0 <= <200 DM,24.0,existing credits paid back duly till now,furniture/equipment,2760.719,<100 DM,<1 years,1.0,co-applicant,3.0,unknown / no property,0,none,rent,1.0,management/ highly qualified employee,1.0,yes,yes,1,divorced/separated,0
<0 DM,24.0,existing credits paid back duly till now,radio/television,250.0,no savings account,<1 years,4.0,none,4.0,unknown / no property,0,none,for free,2.0,skilled employee / official,1.0,yes,yes,0,married/widowed,1
0 <= <200 DM,6.0,existing credits paid back duly till now,furniture/equipment,3654.531,<100 DM,4<= <7 years,1.0,none,3.0,real estate,0,none,own,1.0,skilled employee / official,1.0,none,yes,1,divorced/separated,1
0 <= <200 DM,12.0,critical account,radio/television,18424.0,<100 DM,>=7 years,4.0,none,2.0,real estate,1,none,own,1.0,skilled employee / official,1.0,yes,yes,0,divorced/separated,1
0 <= <200 DM,15.0,critical account,car (new),250.0,<100 DM,1<= < 4 years,4.0,none,4.0,unknown / no property,0,none,own,2.0,skilled employee / official,1.0,none,yes,0,divorced/separated,0
no account,18.0,critical account,car (new),1562.0293,no savings account,unemployed,4.0,none,2.0,car or other,1,none,rent,1.0,skilled employee / official,1.0,yes,yes,0,divorced/separated,1
no account,12.0,existing credits paid back duly till now,furniture/equipment,2142.2139,<100 DM,4<= <7 years,1.0,none,4.0,car or other,1,none,own,1.0,skilled employee / official,1.0,none,yes,1,divorced/separated,1
0 <= <200 DM,18.0,existing credits paid back duly till now,car (used),250.0,no savings account,<1 years,4.0,none,4.0,car or other,1,none,own,1.0,skilled employee / official,1.0,yes,yes,1,divorced/separated,1
<0 DM,24.0,critical account,car (new),4815.0557,>= 1000 DM,1<= < 4 years,2.0,none,2.0,car or other,0,none,rent,1.0,unemployed/ unskilled  - non-resident,1.0,none,yes,0,divorced/separated,1
0 <= <200 DM,24.0,existing credits paid back duly till now,retraining,1531.1586,<100 DM,4<= <7 years,4.0,none,4.0,car or other,1,none,own,2.0,skilled employee / official,1.0,yes,yes,0,divorced/separated,1
0 <= <200 DM,18.0,existing credits paid back duly till now,others,11896.855,no savings account,<1 years,4.0,none,4.0,car or other,1,none,own,1.0,skilled employee / official,1.0,yes,yes,1,divorced/separated,1
<0 DM,45.0,existing credits paid back duly till now,car (new),2140.2827,100 <= <500 DM,4<= <7 years,4.0,none,2.0,real estate,0,none,rent,1.0,skilled employee / official,1.0,yes,yes,1,divorced/separated,0
<0 DM,15.0,all credits at this bank paid back duly,car (new),2826.8877,<100 DM,1<= < 4 years,4.0,none,1.0,unknown / no property,0,none,rent,1.0,skilled employee / official,1.0,yes,yes,0,divorced/separated,0
no account,18.0,existing credits paid back duly till now,furniture/equipment,1287.0,no savings account,1<= < 4 years,2.0,none,4.0,car or other,0,none,rent,2.0,management/ highly qualified employee,1.0,none,yes,1,divorced/separated,0
no account,18.0,existing credits paid back duly till now,others,250.0,no savings account,>=7 years,4.0,none,2.0,unknown / no property,1,none,rent,1.0,skilled employee / official,1.0,yes,yes,1,divorced/separated,1
<0 DM,12.0,no credits taken,education,708.76733,<100 DM,1<= < 4 years,4.0,co-applicant,4.0,real estate,1,none,own,1.0,skilled employee / official,1.0,none,yes,1,divorced/separated,1
0 <= <200 DM,30.0,critical account,others,892.0883,no savings account,4<= <7 years,4.0,none,2.0,car or other,0,none,own,2.0,management/ highly qualified employee,1.0,yes,yes,1,divorced/separated,0
0 <= <200 DM,18.0,existing credits paid back duly till now,furniture/equipment,18424.0,<100 DM,4<= <7 years,2.0,none,4.0,savings agreement/life insurance,1,bank,own,1.0,skilled employee / official,1.0,yes,yes,0,married/widowed,1
<0 DM,15.0,delay in paying off,car (new),14662.337,no savings account,<1 years,4.0,none,4.0,unknown / no property,1,none,own,1.0,management/ highly qualified employee,1.0,none,yes,1,divorced/separated,1
no account,12.0,critical account,car (new),1188.4058,no savings account,1<= < 4 years,4.0,none,1.0,car or other,1,none,own,1.0,skilled employee / official,1.0,none,yes,1,divorced/separated,1
0 <= <200 DM,22.0,critical account,radio/television,8072.2324,no savings account,>=7 years,4.0,none,1.0,real estate,0,none,own,1.0,skilled employee / official,1.0,none,yes,1,divorced/separated,1
no account,12.0,critical account,business,18424.0,no savings account,<1 years,3.0,none,3.0,savings agreement/life insurance,1,none,own,1.0,skilled employee / official,1.0,none,yes,1,divorced/separated,1
no account,18.0,existing credits paid back duly till now,business,6572.566,<100 DM,4<= <7 years,4.0,none,2.0,car or other,1,none,own,1.0,skilled employee / official,1.0,none,yes,1,divorced/separated,1
<0 DM,12.0,critical account,radio/television,10186.388,no savings account,1<= < 4 years,2.0,none,3.0,car or other,1,none,own,1.0,skilled employee / official,1.0,none,yes,0,divorced/separated,1
0 <= <200 DM,18.0,existing credits paid back duly till now,furniture/equipment,1961.134,>= 1000 DM,unemployed,3.0,none,4.0,car or other,1,none,own,2.0,management/ highly qualified employee,1.0,none,yes,0,divorced/separated,1
no account,12.0,critical account,business,18424.0,<100 DM,<1 years,2.0,none,4.0,unknown / no property,1,none,own,1.0,unemployed/ unskilled  - non-resident,1.0,none,yes,1,divorced/separated,1
no account,12.0,existing credits paid back duly till now,car (new),3351.8184,no savings account,1<= < 4 years,4.0,none,2.0,car or other,0,none,rent,1.0,management/ highly qualified employee,1.0,none,yes,1,divorced/separated,1
<0 DM,10.0,existing credits paid back duly till now,radio/television,1272.5785,<100 DM,<1 years,4.0,none,2.0,savings agreement/life insurance,1,bank,own,1.0,skilled employee / official,1.0,none,yes,1,divorced/separated,0
no account,9.0,delay in paying off,car (new),883.3836,<100 DM,1<= < 4 years,2.0,none,3.0,savings agreement/life insurance,1,none,own,1.0,skilled employee / official,1.0,yes,yes,1,divorced/separated,1
no account,12.0,critical account,radio/television,15664.148,<100 DM,4<= <7 years,4.0,none,2.0,real estate,0,none,own,1.0,unskilled - resident,1.0,yes,yes,1,divorced/separated,1
no account,12.0,all credits at this bank paid back duly,car (new),1438.5647,<100 DM,<1 years,4.0,none,2.0,car or other,0,none,own,1.0,unskilled - resident,1.0,yes,yes,1,divorced/separated,1
no account,18.0,existing credits paid back duly till now,car (new),18424.0,<100 DM,<1 years,1.0,none,4.0,real estate,0,none,own,1.0,skilled employee / official,1.0,none,yes,1,divorced/separated,1
<0 DM,4.0,critical account,car (used),2118.0046,no savings account,1<= < 4 years,3.0,guarantor,2.0,real estate,1,bank,own,1.0,unskilled - resident,1.0,none,yes,1,divorced/separated,0
<0 DM,18.0,existing credits paid back duly till now,furniture/equipment,18424.0,no savings account,1<= < 4 years,4.0,none,3.0,car or other,0,none,own,1.0,skilled employee / official,1.0,none,yes,1,divorced/separated,1
0 <= <200 DM,4.0,existing credits paid back duly till now,domestic appliances,2520.0222,<100 DM,1<= < 4 years,4.0,co-applicant,1.0,car or other,1,none,rent,1.0,skilled employee / official,1.0,none,yes,1,divorced/separated,1
no account,6.0,existing credits paid back duly till now,furniture/equipment,2578.0,100 <= <500 DM,1<= < 4 years,4.0,none,3.0,unknown / no property,0,none,own,1.0,skilled employee / official,1.0,none,yes,1,divorced/separated,0
0 <= <200 DM,24.0,critical account,furniture/equipment,18424.0,no savings account,>=7 years,4.0,none,1.0,savings agreement/life insurance,1,none,for free,1.0,skilled employee / official,1.0,none,yes,1,divorced/separated,1
no account,10.655385,critical account,car (new),425.79886,<100 DM,>=7 years,4.0,none,4.0,real estate,1,none,own,1.0,unskilled - resident,1.0,none,yes,1,divorced/separated,1
>= 200 DM ,15.0,critical account,radio/television,2475.759,>= 1000 DM,>=7 years,3.0,none,2.0,car or other,0,bank,own,1.0,skilled employee / official,1.0,none,yes,0,divorced/separated,1
0 <= <200 DM,18.0,existing credits paid back duly till now,car (new),2238.7173,<100 DM,<1 years,4.0,none,4.0,real estate,1,none,own,1.0,skilled employee / official,1.0,none,yes,0,divorced/separated,1
0 <= <200 DM,15.0,existing credits paid back duly till now,business,18424.0,<100 DM,1<= < 4 years,2.0,none,4.0,real estate,0,none,for free,2.0,skilled employee / official,1.0,none,yes,0,divorced/separated,0
<0 DM,4.0,critical account,domestic appliances,6438.986,no savings account,>=7 years,3.0,guarantor,3.0,car or other,1,none,rent,1.0,unskilled - resident,1.0,yes,yes,0,divorced/separated,1
<0 DM,12.0,critical account,furniture/equipment,4351.0693,no savings account,1<= < 4 years,2.0,none,1.0,car or other,1,none,own,1.0,unskilled - resident,1.0,none,yes,1,divorced/separated,0
no account,18.0,existing credits paid back duly till now,retraining,2859.277,500 <= < 1000 DM,<1 years,4.0,guarantor,1.0,savings agreement/life insurance,0,none,own,1.0,unskilled - resident,1.0,none,yes,1,married/widowed,1
>= 200 DM ,30.0,existing credits paid back duly till now,furniture/equipment,1380.8212,no savings account,1<= < 4 years,4.0,none,4.0,car or other,1,none,own,1.0,skilled employee / official,1.0,none,yes,1,divorced/separated,1
0 <= <200 DM,10.0,critical account,radio/television,2039.0,<100 DM,1<= < 4 years,2.0,co-applicant,2.0,real estate,1,none,own,1.0,skilled employee / official,1.0,none,yes,0,divorced/separated,1
<0 DM,12.0,existing credits paid back duly till now,radio/television,2948.2312,no savings account,1<= < 4 years,2.0,none,3.0,savings agreement/life insurance,1,none,own,2.0,unskilled - resident,1.0,none,no,0,divorced/separated,1
no account,12.0,existing credits paid back duly till now,domestic appliances,1881.1373,<100 DM,4<= <7 years,4.0,none,2.0,car or other,1,bank,own,1.0,unskilled - resident,1.0,none,yes,1,divorced/separated,1
<0 DM,12.0,existing credits paid back duly till now,radio/television,2764.4983,no savings account,4<= <7 years,4.0,none,2.0,real estate,0,bank,rent,2.0,unskilled - resident,1.0,yes,yes,0,divorced/separated,1
no account,18.0,existing credits paid back duly till now,car (new),2141.897,<100 DM,<1 years,4.0,none,3.0,car or other,1,none,own,1.0,skilled employee / official,1.0,yes,yes,1,divorced/separated,0
no account,18.0,critical account,car (used),1289.9033,<100 DM,1<= < 4 years,4.0,none,4.0,savings agreement/life insurance,0,none,own,2.0,skilled employee / official,1.0,none,yes,1,divorced/separated,0
no account,4.0,existing credits paid back duly till now,radio/television,18424.0,<100 DM,1<= < 4 years,1.0,none,4.0,car or other,1,none,rent,1.0,management/ highly qualified employee,1.0,yes,yes,0,divorced/separated,1
no account,24.0,existing credits paid back duly till now,car (new),3017.0,<100 DM,1<= < 4 years,4.0,none,4.0,savings agreement/life insurance,0,none,own,2.0,unskilled - resident,1.0,yes,yes,1,divorced/separated,1
no account,11.0,existing credits paid back duly till now,car (new),1954.8276,<100 DM,<1 years,3.0,none,4.0,real estate,1,none,own,1.0,unskilled - resident,1.0,none,yes,1,divorced/separated,0
no account,21.0,delay in paying off,radio/television,250.0,<100 DM,>=7 years,4.0,none,3.0,car or other,1,none,own,3.0,skilled employee / official,1.0,yes,yes,1,divorced/separated,1
no account,10.000271,existing credits paid back duly till now,repairs,12602.49,>= 1000 DM,1<= < 4 years,2.0,none,3.0,real estate,0,none,own,1.0,unskilled - resident,1.0,yes,yes,1,divorced/separated,1
<0 DM,24.0,critical account,furniture/equipment,250.0,<100 DM,4<= <7 years,4.0,none,2.0,car or other,1,none,own,1.0,skilled employee / official,1.0,none,yes,1,divorced/separated,0
no account,18.0,critical account,domestic appliances,250.0,no savings account,1<= < 4 years,4.0,none,3.0,car or other,0,none,own,1.0,skilled employee / official,1.0,none,yes,1,divorced/separated,1
0 <= <200 DM,72.0,critical account,domestic appliances,2368.7625,500 <= < 1000 DM,1<= < 4 years,4.0,none,2.0,savings agreement/life insurance,0,none,own,1.0,unskilled - resident,1.0,none,yes,1,divorced/separated,1
<0 DM,12.0,existing credits paid back duly till now,business,2516.2952,<100 DM,>=7 years,3.0,none,2.0,car or other,1,none,own,1.0,skilled employee / official,1.0,none,yes,1,divorced/separated,1
<0 DM,6.0,existing credits paid back duly till now,furniture/equipment,18424.0,<100 DM,4<= <7 years,4.0,none,2.0,car or other,1,none,own,1.0,management/ highly qualified employee,1.0,none,yes,0,divorced/separated,1
no account,24.0,critical account,car (new),1524.9761,no savings account,>=7 years,4.0,none,2.0,unknown / no property,1,none,rent,1.0,skilled employee / official,1.0,none,yes,1,divorced/separated,1
0 <= <200 DM,36.0,existing credits paid back duly till now,radio/television,250.0,100 <= <500 DM,1<= < 4 years,4.0,none,4.0,real estate,1,bank,rent,1.0,skilled employee / official,1.0,none,yes,0,divorced/separated,1
0 <= <200 DM,4.0,existing credits paid back duly till now,furniture/equipment,2325.3552,<100 DM,4<= <7 years,2.0,none,4.0,car or other,1,bank,rent,1.0,unskilled - resident,1.0,none,yes,0,divorced/separated,1
no account,60.0,delay in paying off,furniture/equipment,1132.0347,<100 DM,1<= < 4 years,4.0,none,1.0,car or other,0,bank,own,1.0,skilled employee / official,1.0,none,yes,1,divorced/separated,1
<0 DM,24.0,critical account,furniture/equipment,250.0,<100 DM,1<= < 4 years,4.0,none,2.0,unknown / no property,0,none,rent,1.0,skilled employee / official,1.0,none,yes,0,divorced/separated,1
no account,18.0,existing credits paid back duly till now,repairs,1239.3451,<100 DM,<1 years,2.0,none,4.0,unknown / no property,0,none,own,1.0,unskilled - resident,1.0,none,yes,1,divorced/separated,1
0 <= <200 DM,18.0,critical account,education,18424.0,<100 DM,1<= < 4 years,1.0,none,4.0,unknown / no property,1,bank,for free,1.0,unskilled - resident,1.0,yes,yes,0,divorced/separated,1
no account,21.0,critical account,furniture/equipment,3575.6296,<100 DM,4<= <7 years,1.0,none,3.0,car or other,0,none,own,1.0,management/ highly qualified employee,1.0,none,yes,0,divorced/separated,0
no account,4.0,critical account,radio/television,886.10297,<100 DM,1<= < 4 years,3.0,none,2.0,savings agreement/life insurance,1,none,own,1.0,skilled employee / official,1.0,yes,yes,1,divorced/separated,1
<0 DM,24.0,existing credits paid back duly till now,car (new),18424.0,<100 DM,unemployed,2.0,none,4.0,unknown / no property,1,none,own,1.0,management/ highly qualified employee,1.0,none,yes,1,divorced/separated,0
<0 DM,12.0,existing credits paid back duly till now,car (new),18424.0,no savings account,>=7 years,1.0,none,4.0,car or other,0,bank,own,1.0,skilled employee / official,1.0,yes,yes,1,divorced/separated,1
<0 DM,24.0,existing credits paid back duly till now,radio/television,2063.754,<100 DM,<1 years,4.0,none,4.0,savings agreement/life insurance,1,none,for free,1.0,skilled employee / official,1.0,none,yes,1,divorced/separated,1
no account,4.0,existing credits paid back duly till now,radio/television,932.0,no savings account,1<= < 4 years,4.0,none,4.0,real estate,0,bank,rent,2.0,management/ highly qualified employee,1.0,none,yes,1,divorced/separated,1
0 <= <200 DM,6.0,critical account,furniture/equipment,7249.2915,<100 DM,4<= <7 years,2.0,none,4.0,savings agreement/life insurance,1,none,own,2.0,unskilled - resident,1.0,none,yes,1,divorced/separated,1
<0 DM,72.0,existing credits paid back duly till now,repairs,7306.5376,<100 DM,<1 years,4.0,none,1.0,real estate,0,none,own,1.0,skilled employee / official,1.0,none,yes,1,divorced/separated,0
<0 DM,24.0,existing credits paid back duly till now,radio/television,250.0,<100 DM,>=7 years,3.0,none,4.0,car or other,0,none,own,2.0,skilled employee / official,1.0,none,yes,1,divorced/separated,1
<0 DM,18.0,existing credits paid back duly till now,business,1835.5796,100 <= <500 DM,unemployed,3.0,none,3.0,car or other,1,none,for free,1.0,management/ highly qualified employee,1.0,yes,yes,1,divorced/separated,1
<0 DM,18.0,critical account,radio/television,938.3545,<100 DM,1<= < 4 years,4.0,none,4.0,unknown / no property,1,none,for free,1.0,skilled employee / official,1.0,yes,yes,1,divorced/separated,0
0 <= <200 DM,24.0,existing credits paid back duly till now,car (used),1389.5398,<100 DM,1<= < 4 years,4.0,none,2.0,unknown / no property,1,none,for free,1.0,skilled employee / official,1.0,yes,yes,0,divorced/separated,1
0 <= <200 DM,12.0,existing credits paid back duly till now,furniture/equipment,2224.9226,500 <= < 1000 DM,<1 years,4.0,none,2.0,savings agreement/life insurance,1,none,for free,1.0,skilled employee / official,1.0,none,yes,0,divorced/separated,0
no account,7.0,delay in paying off,car (new),250.0,no savings account,>=7 years,4.0,none,2.0,real estate,0,none,rent,1.0,management/ highly qualified employee,1.0,yes,yes,0,divorced/separated,1
no account,12.0,all credits at this bank paid back duly,radio/television,2277.6443,no savings account,1<= < 4 years,3.0,none,2.0,unknown / no property,0,bank,own,1.0,unskilled - resident,1.0,none,yes,0,married/widowed,0
0 <= <200 DM,18.0,critical account,car (new),2220.3467,<100 DM,>=7 years,1.0,none,4.0,savings agreement/life insurance,1,none,own,1.0,skilled employee / official,1.0,none,yes,1,divorced/separated,0
no account,12.0,existing credits paid back duly till now,furniture/equipment,1844.791,<100 DM,<1 years,4.0,none,2.0,savings agreement/life insurance,0,none,rent,1.0,unskilled - resident,1.0,yes,yes,1,divorced/separated,1
no account,24.0,existing credits paid back duly till now,furniture/equipment,18424.0,<100 DM,1<= < 4 years,4.0,none,3.0,real estate,1,none,own,1.0,unskilled - resident,1.0,none,yes,1,divorced/separated,1
no account,12.0,all credits at this bank paid back duly,business,1426.7179,<100 DM,1<= < 4 years,4.0,none,1.0,savings agreement/life insurance,0,bank,own,1.0,skilled employee / official,1.0,none,yes,0,married/widowed,0
no account,12.0,existing credits paid back duly till now,radio/television,250.0,no savings account,>=7 years,4.0,none,4.0,real estate,1,none,rent,4.0,skilled employee / official,1.0,none,yes,1,divorced/separated,0
0 <= <200 DM,12.0,existing credits paid back duly till now,car (new),2389.4138,<100 DM,1<= < 4 years,4.0,none,2.0,unknown / no property,1,none,own,1.0,skilled employee / official,1.0,none,yes,1,divorced/separated,1
<0 DM,24.0,critical account,furniture/equipment,962.54706,no savings account,1<= < 4 years,4.0,none,2.0,car or other,0,none,for free,1.0,management/ highly qualified employee,1.0,none,yes,1,divorced/separated,1
0 <= <200 DM,12.0,existing credits paid back duly till now,radio/television,624.18774,<100 DM,>=7 years,2.0,none,4.0,real estate,0,none,own,4.0,skilled employee / official,1.0,yes,yes,1,divorced/separated,1
>= 200 DM ,18.0,existing credits paid back duly till now,radio/television,1340.4108,<100 DM,<1 years,2.0,none,3.0,car or other,1,none,own,2.0,skilled employee / official,1.0,none,yes,0,divorced/separated,1
<0 DM,24.0,no credits taken,business,2252.1377,<100 DM,unemployed,4.0,none,3.0,real estate,1,none,own,1.0,management/ highly qualified employee,1.0,none,yes,0,divorced/separated,1
no account,6.0,critical account,car (used),1643.7363,no savings account,1<= < 4 years,3.0,co-applicant,3.0,savings agreement/life insurance,1,bank,own,1.0,skilled employee / official,1.0,none,yes,0,divorced/separated,1
no account,12.0,existing credits paid back duly till now,radio/television,2654.473,<100 DM,<1 years,4.0,guarantor,2.0,car or other,1,none,own,1.0,skilled employee / official,1.0,yes,yes,1,divorced/separated,1
<0 DM,18.0,existing credits paid back duly till now,car (new),250.0,<100 DM,1<= < 4 years,1.0,none,4.0,unknown / no property,0,none,own,4.0,skilled employee / official,1.0,none,yes,1,divorced/separated,1
no account,18.0,critical account,furniture/equipment,682.77014,<100 DM,4<= <7 years,4.0,none,1.0,car or other,1,bank,own,1.0,management/ highly qualified employee,1.0,yes,yes,1,divorced/separated,0
0 <= <200 DM,4.0,existing credits paid back duly till now,car (new),2762.625,100 <= <500 DM,4<= <7 years,1.0,none,3.0,car or other,1,store,rent,1.0,skilled employee / official,1.0,none,no,0,divorced/separated,1
0 <= <200 DM,11.0,critical account,repairs,18424.0,<100 DM,1<= < 4 years,2.0,none,2.0,unknown / no property,1,none,rent,1.0,skilled employee / official,1.0,yes,yes,1,divorced/separated,1
<0 DM,72.0,critical account,car (new),250.0,no savings account,<1 years,4.0,none,3.0,unknown / no property,1,none,own,1.0,skilled employee / official,1.0,yes,yes,1,divorced/separated,1
no account,15.355108,all credits at this bank paid back duly,business,2523.5957,no savings account,<1 years,3.0,none,2.0,car or other,0,none,own,1.0,unskilled - resident,1.0,yes,yes,0,divorced/separated,1
<0 DM,30.0,existing credits paid back duly till now,radio/television,1262.0,no savings account,1<= < 4 years,4.0,none,4.0,car or other,0,none,rent,4.0,management/ highly qualified employee,1.0,none,yes,1,divorced/separated,1
<0 DM,24.0,critical account,car (new),250.0,<100 DM,1<= < 4 years,4.0,none,4.0,savings agreement/life insurance,1,none,own,2.0,management/ highly qualified employee,1.0,none,yes,1,divorced/separated,1
no account,30.0,existing credits paid back duly till now,education,1515.1178,<100 DM,4<= <7 years,4.0,none,3.0,real estate,0,bank,rent,1.0,unskilled - resident,1.0,none,yes,0,divorced/separated,0
<0 DM,24.0,existing credits paid back duly till now,furniture/equipment,250.0,<100 DM,1<= < 4 years,4.0,none,3.0,savings agreement/life insurance,0,none,own,2.0,unskilled - resident,1.0,yes,yes,1,divorced/separated,1
no account,12.0,existing credits paid back duly till now,furniture/equipment,250.0,<100 DM,1<= < 4 years,4.0,none,3.0,savings agreement/life insurance,1,none,own,2.0,skilled employee / official,1.0,none,no,1,divorced/separated,1
>= 200 DM ,18.0,all credits at this bank paid back duly,repairs,250.0,<100 DM,>=7 years,4.0,none,1.0,car or other,1,bank,own,1.0,skilled employee / official,1.0,none,yes,1,divorced/separated,0
<0 DM,12.0,existing credits paid back duly till now,radio/television,12806.421,no savings account,unemployed,4.0,none,4.0,savings agreement/life insurance,0,none,rent,1.0,management/ highly qualified employee,1.0,yes,yes,1,divorced/separated,1
0 <= <200 DM,12.0,existing credits paid back duly till now,radio/television,18424.0,<100 DM,1<= < 4 years,4.0,none,2.0,car or other,1,none,own,1.0,management/ highly qualified employee,1.0,none,yes,0,divorced/separated,1
no account,20.0,critical account,car (new),2770.1025,<100 DM,>=7 years,3.0,none,4.0,savings agreement/life insurance,1,none,rent,1.0,skilled employee / official,1.0,none,yes,0,divorced/separated,1
0 <= <200 DM,12.0,existing credits paid back duly till now,car (new),1801.2013,<100 DM,1<= < 4 years,4.0,none,4.0,real estate,1,none,own,1.0,skilled employee / official,1.0,none,yes,1,divorced/separated,1
0 <= <200 DM,24.0,all credits at this bank paid back duly,furniture/equipment,250.0,<100 DM,<1 years,4.0,none,1.0,savings agreement/life insurance,0,bank,own,1.0,unskilled - resident,1.0,yes,yes,1,divorced/separated,1
<0 DM,12.0,existing credits paid back duly till now,furniture/equipment,2425.0767,<100 DM,4<= <7 years,4.0,none,2.0,car or other,1,none,own,1.0,skilled employee / official,1.0,yes,yes,0,divorced/separated,1
<0 DM,4.0,existing credits paid back duly till now,furniture/equipment,250.0,<100 DM,4<= <7 years,2.0,none,4.0,car or other,1,store,own,1.0,skilled employee / official,1.0,yes,yes,1,divorced/separated,1
<0 DM,72.0,existing credits paid back duly till now,radio/television,802.73944,<100 DM,1<= < 4 years,4.0,none,4.0,real estate,1,none,own,1.0,unskilled - resident,1.0,none,yes,0,divorced/separated,0
no account,6.0,existing credits paid back duly till now,furniture/equipment,1185.2382,<100 DM,4<= <7 years,1.0,guarantor,4.0,real estate,1,none,own,1.0,skilled employee / official,1.0,none,no,1,divorced/separated,0
<0 DM,12.0,existing credits paid back duly till now,repairs,1578.6365,no savings account,>=7 years,4.0,none,2.0,savings agreement/life insurance,1,bank,for free,1.0,unskilled - resident,1.0,none,yes,1,divorced/separated,0
0 <= <200 DM,24.0,delay in paying off,car (new),3077.0,<100 DM,<1 years,2.0,none,4.0,car or other,1,none,own,1.0,skilled employee / official,1.0,none,no,1,divorced/separated,1
>= 200 DM ,12.22963,existing credits paid back duly till now,furniture/equipment,835.5656,no savings account,4<= <7 years,4.0,none,2.0,car or other,1,bank,own,1.0,unskilled - resident,1.0,none,yes,1,divorced/separated,0
0 <= <200 DM,18.0,existing credits paid back duly till now,radio/television,1049.8231,<100 DM,unemployed,4.0,none,2.0,real estate,1,none,own,1.0,unskilled - resident,1.0,none,no,0,divorced/separated,1
no account,21.0,existing credits paid back duly till now,business,3385.7546,<100 DM,1<= < 4 years,4.0,none,1.0,car or other,1,none,own,1.0,unskilled - resident,1.0,yes,yes,1,divorced/separated,1
>= 200 DM ,24.0,existing credits paid back duly till now,radio/television,1821.8134,no savings account,1<= < 4 years,4.0,none,3.0,real estate,1,none,own,1.0,unskilled - resident,1.0,none,yes,1,divorced/separated,0
no account,72.0,existing credits paid back duly till now,radio/television,1533.0,<100 DM,<1 years,4.0,none,3.0,real estate,0,none,own,1.0,skilled employee / official,1.0,none,yes,1,divorced/separated,0
no account,36.0,existing credits paid back duly till now,retraining,1530.9613,no savings account,>=7 years,2.0,none,4.0,savings agreement/life insurance,1,none,rent,1.0,management/ highly qualified employee,1.0,yes,yes,1,divorced/separated,0
<0 DM,11.0,existing credits paid back duly till now,car (new),2576.8777,no savings account,4<= <7 years,1.0,none,3.0,savings agreement/life insurance,0,none,own,1.0,unskilled - resident,1.0,yes,yes,0,divorced/separated,1
0 <= <200 DM,24.0,existing credits paid back duly till now,business,1216.0,100 <= <500 DM,<1 years,4.0,guarantor,4.0,car or other,1,none,for free,1.0,management/ highly qualified employee,1.0,none,yes,1,married/widowed,0
no account,12.0,existing credits paid back duly till now,car (new),3905.9954,<100 DM,<1 years,2.0,none,3.0,savings agreement/life insurance,1,none,own,1.0,skilled employee / official,1.0,yes,yes,0,divorced/separated,1
no account,24.0,delay in paying off,furniture/equipment,1410.93,<100 DM,1<= < 4 years,4.0,none,4.0,car or other,1,none,own,1.0,unskilled - resident,1.0,none,yes,1,divorced/separated,1
no account,48.0,existing credits paid back duly till now,car (new),250.0,no savings account,1<= < 4 years,4.0,none,1.0,real estate,1,bank,own,1.0,unskilled - resident,1.0,none,yes,1,divorced/separated,0
no account,48.0,existing credits paid back duly till now,radio/television,1880.971,<100 DM,<1 years,4.0,none,3.0,car or other,1,none,own,1.0,skilled employee / official,1.0,none,yes,1,divorced/separated,0
0 <= <200 DM,9.0,critical account,radio/television,1527.1761,500 <= < 1000 DM,<1 years,2.0,none,3.0,car or other,1,none,own,1.0,management/ highly qualified employee,1.0,none,no,0,divorced/separated,1
no account,24.0,existing credits paid back duly till now,radio/television,3017.0,>= 1000 DM,1<= < 4 years,4.0,none,4.0,real estate,0,bank,own,1.0,skilled employee / official,1.0,none,yes,1,divorced/separated,0
0 <= <200 DM,12.0,existing credits paid back duly till now,business,2039.0,<100 DM,<1 years,2.0,guarantor,3.0,savings agreement/life insurance,1,none,own,1.0,management/ highly qualified employee,1.0,yes,yes,1,divorced/separated,1
0 <= <200 DM,15.724764,existing credits paid back duly till now,furniture/equipment,18424.0,<100 DM,4<= <7 years,3.0,none,4.0,car or other,0,none,own,1.0,skilled employee / official,1.0,none,yes,1,divorced/separated,1
<0 DM,6.0,existing credits paid back duly till now,car (new),1124.6102,no savings account,<1 years,4.0,none,2.0,car or other,1,none,own,1.0,skilled employee / official,1.0,yes,yes,1,married/widowed,1
<0 DM,15.0,existing credits paid back duly till now,domestic appliances,2863.3787,<100 DM,>=7 years,4.0,guarantor,4.0,unknown / no property,1,none,rent,1.0,skilled employee / official,1.0,yes,yes,1,divorced/separated,1
<0 DM,24.0,existing credits paid back duly till now,repairs,1661.2836,<100 DM,1<= < 4 years,4.0,none,3.0,car or other,1,none,own,1.0,skilled employee / official,1.0,yes,yes,1,divorced/separated,1
no account,48.0,existing credits paid back duly till now,radio/television,387.24075,100 <= <500 DM,<1 years,3.0,none,3.0,car or other,1,none,own,1.0,unskilled - resident,1.0,none,yes,1,divorced/separated,0
<0 DM,12.0,existing credits paid back duly till now,radio/television,1934.583,<100 DM,<1 years,4.0,none,1.0,car or other,1,bank,own,1.0,skilled employee / official,1.0,yes,yes,1,divorced/separated,0
no account,48.0,existing credits paid back duly till now,business,1052.7646,<100 DM,4<= <7 years,3.0,none,3.0,car or other,1,none,rent,1.0,skilled employee / official,1.0,yes,yes,1,divorced/separated,1
no account,36.0,existing credits paid back duly till now,radio/television,2520.5789,<100 DM,1<= < 4 years,4.0,none,4.0,real estate,1,none,own,1.0,skilled employee / official,1.0,none,yes,1,divorced/separated,0
0 <= <200 DM,18.0,critical account,radio/television,18424.0,<100 DM,1<= < 4 years,1.0,none,4.0,real estate,0,none,own,1.0,skilled employee / official,1.0,yes,no,1,divorced/separated,1
no account,15.0,critical account,radio/television,3914.377,no savings account,1<= < 4 years,4.0,none,4.0,car or other,0,none,own,2.0,management/ highly qualified employee,1.0,none,yes,1,divorced/separated,1
no account,6.0,critical account,car (new),250.0,<100 DM,1<= < 4 years,4.0,none,2.0,car or other,0,none,own,1.0,unskilled - resident,1.0,none,no,1,divorced/separated,0
<0 DM,12.0,existing credits paid back duly till now,radio/television,3013.274,<100 DM,1<= < 4 years,4.0,none,2.0,savings agreement/life insurance,1,none,rent,1.0,skilled employee / official,1.0,yes,yes,0,divorced/separated,1
no account,12.0,existing credits paid back duly till now,furniture/equipment,2714.6719,<100 DM,1<= < 4 years,4.0,none,3.0,savings agreement/life insurance,1,none,own,1.0,skilled employee / official,1.0,yes,yes,1,divorced/separated,0
0 <= <200 DM,21.0,critical account,business,1796.5393,no savings account,1<= < 4 years,4.0,none,2.0,car or other,1,none,own,1.0,management/ highly qualified employee,1.0,none,yes,1,divorced/separated,0
<0 DM,72.0,existing credits paid back duly till now,furniture/equipment,3123.0867,<100 DM,1<= < 4 years,4.0,none,4.0,car or other,0,bank,rent,1.0,skilled employee / official,1.0,yes,yes,0,divorced/separated,1
no account,12.0,critical account,radio/television,18424.0,<100 DM,>=7 years,1.0,none,3.0,car or other,1,none,rent,1.0,skilled employee / official,1.0,yes,yes,1,divorced/separated,1
<0 DM,9.0,existing credits paid back duly till now,furniture/equipment,3017.0,100 <= <500 DM,1<= < 4 years,2.0,none,4.0,car or other,1,none,own,1.0,skilled employee / official,1.0,none,yes,0,divorced/separated,1
no account,15.0,critical account,car (new),2817.936,<100 DM,>=7 years,4.0,none,4.0,car or other,0,none,own,1.0,unskilled - resident,1.0,yes,yes,1,divorced/separated,1
0 <= <200 DM,12.0,existing credits paid back duly till now,furniture/equipment,5154.588,no savings account,1<= < 4 years,3.0,none,4.0,car or other,1,none,rent,1.0,management/ highly qualified employee,1.0,yes,yes,0,divorced/separated,1
no account,4.0,existing credits paid back duly till now,radio/television,18424.0,no savings account,<1 years,4.0,none,4.0,real estate,1,none,rent,1.0,skilled employee / official,1.0,none,yes,0,divorced/separated,1
<0 DM,48.0,critical account,domestic appliances,1163.1012,no savings account,4<= <7 years,4.0,none,4.0,savings agreement/life insurance,1,none,own,1.0,skilled employee / official,1.0,yes,yes,1,divorced/separated,1
<0 DM,9.0,critical account,furniture/equipment,2016.8671,<100 DM,<1 years,4.0,none,4.0,real estate,0,none,own,1.0,skilled employee / official,1.0,none,yes,1,divorced/separated,1
0 <= <200 DM,24.0,critical account,radio/television,2903.643,<100 DM,<1 years,4.0,none,4.0,savings agreement/life insurance,1,none,for free,1.0,management/ highly qualified employee,1.0,none,yes,0,divorced/separated,0
no account,6.0,existing credits paid back duly till now,furniture/equipment,250.0,no savings account,4<= <7 years,2.0,none,4.0,car or other,0,none,own,1.0,unskilled - resident,1.0,none,yes,0,divorced/separated,1
<0 DM,24.0,existing credits paid back duly till now,car (new),2759.381,<100 DM,<1 years,4.0,none,2.0,car or other,0,none,own,1.0,skilled employee / official,1.0,none,yes,1,divorced/separated,1
<0 DM,18.0,critical account,furniture/equipment,2140.5027,<100 DM,>=7 years,4.0,none,4.0,real estate,1,none,own,1.0,skilled employee / official,1.0,none,yes,1,divorced/separated,1
0 <= <200 DM,24.0,critical account,others,2242.562,no savings account,<1 years,3.0,none,4.0,car or other,0,none,own,1.0,unskilled - resident,1.0,yes,yes,1,divorced/separated,1
no account,21.0,existing credits paid back duly till now,domestic appliances,10103.636,<100 DM,<1 years,4.0,none,4.0,car or other,0,none,rent,1.0,unskilled - resident,1.0,none,yes,1,divorced/separated,1
0 <= <200 DM,27.0,existing credits paid back duly till now,business,1114.919,<100 DM,<1 years,4.0,none,4.0,savings agreement/life insurance,1,bank,own,1.0,skilled employee / official,1.0,none,yes,1,divorced/separated,1
<0 DM,4.0,existing credits paid back duly till now,car (new),18424.0,<100 DM,1<= < 4 years,1.0,co-applicant,4.0,car or other,1,bank,own,2.0,management/ highly qualified employee,1.0,yes,yes,0,divorced/separated,1
no account,4.0,existing credits paid back duly till now,business,18424.0,<100 DM,4<= <7 years,3.0,none,4.0,savings agreement/life insurance,0,none,own,1.0,management/ highly qualified employee,1.0,yes,yes,1,divorced/separated,1
no account,6.0,existing credits paid back duly till now,business,1082.0,<100 DM,4<= <7 years,4.0,none,2.0,savings agreement/life insurance,0,none,own,2.0,skilled employee / official,1.0,none,yes,1,divorced/separated,0
no account,24.0,delay in paying off,radio/television,965.9173,500 <= < 1000 DM,>=7 years,4.0,none,3.0,savings agreement/life insurance,1,none,own,1.0,skilled employee / official,1.0,yes,yes,1,divorced/separated,1
no account,15.0,existing credits paid back duly till now,car (used),250.0,<100 DM,>=7 years,4.0,none,3.0,savings agreement/life insurance,1,none,for free,1.0,unemployed/ unskilled  - non-resident,1.0,none,yes,1,divorced/separated,1
no account,36.0,critical account,education,250.0,no savings account,>=7 years,4.0,none,3.0,savings agreement/life insurance,1,none,own,3.0,skilled employee / official,1.0,yes,yes,0,divorced/separated,1
<0 DM,24.0,critical account,radio/television,1413.0,500 <= < 1000 DM,<1 years,4.0,none,3.0,car or other,1,none,own,1.0,skilled employee / official,1.0,none,yes,1,divorced/separated,1
0 <= <200 DM,6.0,all credits at this bank paid back duly,radio/television,1299.508,<100 DM,1<= < 4 years,3.0,none,4.0,real estate,1,none,own,2.0,unskilled - resident,1.0,none,yes,1,married/widowed,0
<0 DM,24.0,critical account,radio/television,2785.9385,no savings account,>=7 years,4.0,guarantor,2.0,savings agreement/life insurance,1,none,rent,1.0,management/ highly qualified employee,1.0,none,yes,1,divorced/separated,1
<0 DM,18.0,critical account,car (new),1275.865,<100 DM,1<= < 4 years,1.0,none,2.0,savings agreement/life insurance,1,none,rent,1.0,management/ highly qualified employee,1.0,none,yes,0,married/widowed,0
0 <= <200 DM,48.0,critical account,radio/television,5087.7407,<100 DM,>=7 years,2.0,none,3.0,savings agreement/life insurance,0,none,own,1.0,skilled employee / official,1.0,none,yes,1,divorced/separated,1
<0 DM,15.0,critical account,radio/television,1533.0,<100 DM,1<= < 4 years,4.0,none,4.0,savings agreement/life insurance,0,none,rent,2.0,skilled employee / official,1.0,none,yes,1,divorced/separated,1
no account,24.0,critical account,radio/television,4355.7246,<100 DM,1<= < 4 years,4.0,none,3.0,savings agreement/life insurance,1,none,own,1.0,skilled employee / official,1.0,yes,yes,0,divorced/separated,0
<0 DM,12.0,existing credits paid back duly till now,business,2063.1,<100 DM,1<= < 4 years,4.0,none,3.0,car or other,0,none,own,1.0,management/ highly qualified employee,1.0,none,yes,0,divorced/separated,1
no account,12.0,existing credits paid back duly till now,furniture/equipment,250.0,<100 DM,<1 years,4.0,none,2.0,unknown / no property,1,none,own,2.0,skilled employee / official,1.0,yes,yes,1,divorced/separated,1
<0 DM,9.0,existing credits paid back duly till now,car (used),1865.3578,no savings account,<1 years,4.0,none,1.0,real estate,0,none,for free,1.0,skilled employee / official,1.0,none,yes,1,divorced/separated,1
<0 DM,18.0,critical account,repairs,3757.075,no savings account,<1 years,1.0,none,3.0,car or other,1,store,rent,2.0,skilled employee / official,1.0,none,yes,1,divorced/separated,1
no account,24.0,critical account,furniture/equipment,2121.9912,no savings account,1<= < 4 years,4.0,none,4.0,real estate,1,none,own,1.0,skilled employee / official,1.0,yes,yes,0,divorced/separated,1
0 <= <200 DM,15.0,critical account,car (used),3634.9507,<100 DM,>=7 years,2.0,none,2.0,car or other,0,none,own,1.0,skilled employee / official,1.0,none,yes,1,married/widowed,0
no account,4.0,existing credits paid back duly till now,radio/television,609.0,no savings account,>=7 years,4.0,none,4.0,car or other,0,bank,own,2.0,management/ highly qualified employee,1.0,none,yes,1,divorced/separated,1
no account,18.0,critical account,radio/television,3555.7666,no savings account,<1 years,1.0,none,4.0,car or other,1,none,own,1.0,unskilled - resident,1.0,none,yes,1,divorced/separated,1
<0 DM,12.0,existing credits paid back duly till now,furniture/equipment,250.0,<100 DM,1<= < 4 years,4.0,none,2.0,real estate,0,none,own,1.0,unemployed/ unskilled  - non-resident,1.0,none,yes,0,divorced/separated,0
no account,18.0,existing credits paid back duly till now,radio/television,9921.352,<100 DM,1<= < 4 years,4.0,none,4.0,savings agreement/life insurance,0,bank,own,2.0,unskilled - resident,1.0,yes,yes,1,divorced/separated,0
no account,24.0,existing credits paid back duly till now,car (new),3349.0,<100 DM,1<= < 4 years,3.0,none,3.0,savings agreement/life insurance,0,store,rent,1.0,management/ highly qualified employee,1.0,none,yes,0,married/widowed,1
<0 DM,18.0,existing credits paid back duly till now,car (new),250.0,<100 DM,<1 years,4.0,none,4.0,real estate,0,none,own,2.0,skilled employee / official,1.0,none,yes,1,divorced/separated,1
0 <= <200 DM,18.0,existing credits paid back duly till now,car (used),18424.0,500 <= < 1000 DM,<1 years,2.0,none,2.0,savings agreement/life insurance,0,none,own,1.0,skilled employee / official,1.0,none,yes,1,divorced/separated,1
no account,6.0,existing credits paid back duly till now,car (new),3563.386,>= 1000 DM,1<= < 4 years,2.0,none,4.0,car or other,1,none,own,1.0,skilled employee / official,1.0,none,yes,0,divorced/separated,1
<0 DM,24.0,existing credits paid back duly till now,business,3439.493,<100 DM,1<= < 4 years,4.0,none,1.0,car or other,0,none,own,1.0,skilled employee / official,1.0,yes,yes,1,divorced/separated,1
no account,24.0,existing credits paid back duly till now,car (new),2301.5645,<100 DM,4<= <7 years,4.0,none,2.0,real estate,0,bank,own,1.0,management/ highly qualified employee,1.0,none,no,1,divorced/separated,1
<0 DM,10.219739,existing credits paid back duly till now,car (new),2063.657,<100 DM,1<= < 4 years,4.0,none,4.0,real estate,1,none,own,1.0,management/ highly qualified employee,1.0,none,yes,1,divorced/separated,1
no account,30.0,existing credits paid back duly till now,furniture/equipment,3972.6636,no savings account,1<= < 4 years,4.0,none,2.0,car or other,0,none,rent,1.0,skilled employee / official,1.0,yes,yes,1,divorced/separated,1
no account,18.0,critical account,furniture/equipment,5140.4487,<100 DM,4<= <7 years,4.0,none,2.0,unknown / no property,1,none,own,1.0,skilled employee / official,1.0,yes,yes,1,divorced/separated,1
no account,24.0,existing credits paid back duly till now,business,2414.2427,100 <= <500 DM,1<= < 4 years,4.0,none,2.0,savings agreement/life insurance,0,none,own,1.0,skilled employee / official,1.0,yes,yes,0,divorced/separated,0
no account,24.0,existing credits paid back duly till now,domestic appliances,1444.1979,>= 1000 DM,unemployed,2.0,none,2.0,car or other,1,none,own,1.0,management/ highly qualified employee,1.0,none,yes,0,divorced/separated,1
<0 DM,18.0,all credits at this bank paid back duly,business,8645.338,<100 DM,<1 years,1.0,none,3.0,real estate,1,none,own,1.0,skilled employee / official,1.0,none,yes,0,divorced/separated,0
no account,12.0,existing credits paid back duly till now,car (new),1546.0,>= 1000 DM,<1 years,4.0,none,1.0,savings agreement/life insurance,1,none,own,1.0,skilled employee / official,1.0,none,yes,1,divorced/separated,0
no account,72.0,existing credits paid back duly till now,car (new),2412.6145,<100 DM,1<= < 4 years,2.0,none,4.0,car or other,1,none,rent,2.0,skilled employee / official,1.0,none,yes,0,divorced/separated,1
0 <= <200 DM,24.0,critical account,furniture/equipment,1185.6285,>= 1000 DM,<1 years,2.0,none,2.0,real estate,0,none,own,1.0,unskilled - resident,1.0,none,yes,1,divorced/separated,0
<0 DM,12.0,existing credits paid back duly till now,radio/television,18424.0,500 <= < 1000 DM,>=7 years,1.0,none,4.0,savings agreement/life insurance,0,none,rent,1.0,skilled employee / official,1.0,yes,yes,0,divorced/separated,0
no account,15.0,existing credits paid back duly till now,car (new),1413.0,<100 DM,<1 years,4.0,none,1.0,car or other,0,none,for free,1.0,management/ highly qualified employee,1.0,none,yes,1,divorced/separated,1
<0 DM,24.0,existing credits paid back duly till now,radio/television,250.0,<100 DM,<1 years,4.0,none,4.0,real estate,1,none,own,1.0,unskilled - resident,1.0,none,yes,1,divorced/separated,1
no account,9.0,critical account,domestic appliances,2828.9783,<100 DM,1<= < 4 years,2.0,none,2.0,car or other,1,none,rent,1.0,unskilled - resident,1.0,yes,yes,0,divorced/separated,1
<0 DM,12.0,critical account,car (new),250.0,no savings account,1<= < 4 years,4.0,none,3.0,unknown / no property,1,none,own,1.0,skilled employee / official,1.0,yes,yes,1,divorced/separated,0
no account,21.0,existing credits paid back duly till now,radio/television,7214.8647,<100 DM,unemployed,4.0,none,4.0,car or other,0,none,own,1.0,skilled employee / official,1.0,none,yes,0,divorced/separated,1
no account,4.0,critical account,car (new),1529.9037,100 <= <500 DM,<1 years,4.0,none,1.0,unknown / no property,0,none,rent,1.0,management/ highly qualified employee,1.0,none,yes,1,divorced/separated,1
<0 DM,24.0,existing credits paid back duly till now,furniture/equipment,5205.57,<100 DM,1<= < 4 years,4.0,none,1.0,savings agreement/life insurance,0,none,own,1.0,unskilled - resident,1.0,none,yes,1,divorced/separated,1
<0 DM,36.0,critical account,car (used),3655.588,<100 DM,1<= < 4 years,3.0,none,2.0,savings agreement/life insurance,0,none,own,1.0,unskilled - resident,1.0,yes,yes,1,divorced/separated,1
<0 DM,18.0,existing credits paid back duly till now,furniture/equipment,1962.7202,500 <= < 1000 DM,1<= < 4 years,4.0,none,1.0,savings agreement/life insurance,0,none,rent,1.0,skilled employee / official,1.0,yes,yes,1,divorced/separated,1
0 <= <200 DM,18.0,critical account,radio/television,1537.392,<100 DM,>=7 years,4.0,none,3.0,real estate,1,none,own,1.0,skilled employee / official,1.0,yes,yes,0,married/widowed,1
<0 DM,12.0,all credits at this bank paid back duly,repairs,882.0526,<100 DM,4<= <7 years,4.0,guarantor,4.0,real estate,1,none,own,1.0,unskilled - resident,1.0,none,yes,0,divorced/separated,1
<0 DM,6.0,existing credits paid back duly till now,car (used),9007.77,no savings account,>=7 years,1.0,none,4.0,real estate,0,none,for free,1.0,skilled employee / official,1.0,yes,yes,0,divorced/separated,1
no account,30.0,existing credits paid back duly till now,domestic appliances,3404.6648,<100 DM,1<= < 4 years,2.0,none,4.0,car or other,1,none,own,1.0,management/ highly qualified employee,1.0,none,yes,1,divorced/separated,1
no account,36.0,critical account,furniture/equipment,2328.4224,<100 DM,1<= < 4 years,2.0,none,4.0,unknown / no property,1,none,own,1.0,management/ highly qualified employee,1.0,none,yes,0,divorced/separated,1
>= 200 DM ,4.0,existing credits paid back duly till now,business,2973.518,<100 DM,1<= < 4 years,2.0,none,4.0,savings agreement/life insurance,1,none,own,1.0,skilled employee / official,1.0,none,yes,1,divorced/separated,1
<0 DM,6.0,critical account,retraining,7371.166,<100 DM,1<= < 4 years,4.0,none,3.0,real estate,1,none,for free,1.0,skilled employee / official,1.0,none,yes,1,divorced/separated,0
no account,12.0,existing credits paid back duly till now,car (used),338.20822,no savings account,>=7 years,4.0,none,4.0,car or other,1,none,rent,2.0,skilled employee / official,1.0,none,yes,1,married/widowed,0
0 <= <200 DM,21.0,existing credits paid back duly till now,radio/television,1234.1979,<100 DM,4<= <7 years,4.0,none,2.0,savings agreement/life insurance,0,none,own,1.0,skilled employee / official,1.0,none,yes,1,divorced/separated,1
no account,12.0,all credits at this bank paid back duly,radio/television,1878.3785,<100 DM,1<= < 4 years,1.0,none,2.0,real estate,1,none,own,1.0,unemployed/ unskilled  - non-resident,1.0,yes,yes,1,divorced/separated,0
no account,28.0,existing credits paid back duly till now,furniture/equipment,250.0,<100 DM,1<= < 4 years,4.0,none,2.0,savings agreement/life insurance,1,none,for free,1.0,skilled employee / official,1.0,none,yes,1,divorced/separated,0
0 <= <200 DM,18.0,critical account,radio/television,1595.3765,<100 DM,1<= < 4 years,4.0,none,2.0,savings agreement/life insurance,1,bank,own,1.0,management/ highly qualified employee,1.0,yes,yes,1,divorced/separated,1
0 <= <200 DM,18.0,existing credits paid back duly till now,domestic appliances,1808.516,>= 1000 DM,1<= < 4 years,2.0,none,2.0,car or other,1,none,own,1.0,skilled employee / official,1.0,none,yes,1,divorced/separated,1
no account,12.0,existing credits paid back duly till now,business,1337.5173,<100 DM,>=7 years,1.0,none,4.0,savings agreement/life insurance,1,none,own,1.0,skilled employee / official,1.0,yes,yes,1,divorced/separated,0
0 <= <200 DM,6.0,existing credits paid back duly till now,radio/television,1393.0,<100 DM,4<= <7 years,4.0,none,4.0,real estate,1,none,own,1.0,skilled employee / official,1.0,none,yes,1,divorced/separated,1
no account,6.0,existing credits paid back duly till now,car (new),18424.0,<100 DM,>=7 years,1.0,none,4.0,car or other,1,bank,own,1.0,unemployed/ unskilled  - non-resident,1.0,yes,yes,0,divorced/separated,1
0 <= <200 DM,72.0,critical account,car (used),1368.0746,<100 DM,1<= < 4 years,4.0,none,4.0,savings agreement/life insurance,1,none,own,1.0,unskilled - resident,1.0,yes,yes,1,divorced/separated,1
<0 DM,18.0,critical account,car (used),1199.3922,<100 DM,1<= < 4 years,2.0,guarantor,1.0,car or other,1,none,own,1.0,management/ highly qualified employee,1.0,yes,yes,1,divorced/separated,1
no account,4.0,existing credits paid back duly till now,car (new),6758.342,<100 DM,<1 years,4.0,none,4.0,unknown / no property,0,none,rent,2.0,unskilled - resident,1.0,none,yes,1,divorced/separated,1
0 <= <200 DM,15.0,existing credits paid back duly till now,business,1107.0894,<100 DM,1<= < 4 years,4.0,none,4.0,savings agreement/life insurance,1,none,own,1.0,skilled employee / official,1.0,none,yes,1,divorced/separated,1
no account,12.0,existing credits paid back duly till now,furniture/equipment,18424.0,<100 DM,1<= < 4 years,2.0,none,4.0,car or other,1,none,rent,1.0,unskilled - resident,1.0,yes,yes,0,divorced/separated,1
no account,15.0,existing credits paid back duly till now,furniture/equipment,6841.317,<100 DM,1<= < 4 years,2.0,none,2.0,car or other,1,none,rent,1.0,skilled employee / official,1.0,none,yes,1,divorced/separated,1
no account,12.0,existing credits paid back duly till now,car (new),6289.7793,<100 DM,4<= <7 years,4.0,none,2.0,car or other,0,none,own,1.0,unskilled - resident,1.0,yes,yes,0,divorced/separated,1
no account,4.0,all credits at this bank paid back duly,car (new),782.6978,<100 DM,>=7 years,4.0,none,2.0,savings agreement/life insurance,1,none,for free,1.0,unskilled - resident,1.0,none,yes,1,divorced/separated,0
0 <= <200 DM,24.0,existing credits paid back duly till now,car (new),18424.0,no savings account,1<= < 4 years,4.0,none,3.0,real estate,1,none,own,1.0,skilled employee / official,1.0,yes,no,1,divorced/separated,1
no account,30.0,existing credits paid back duly till now,furniture/equipment,3651.499,<100 DM,1<= < 4 years,4.0,none,4.0,unknown / no property,0,none,own,1.0,skilled employee / official,1.0,yes,yes,1,divorced/separated,1
no account,4.0,existing credits paid back duly till now,radio/television,1375.4844,<100 DM,1<= < 4 years,4.0,none,2.0,savings agreement/life insurance,1,none,own,1.0,skilled employee / official,1.0,yes,yes,1,divorced/separated,1
<0 DM,12.0,existing credits paid back duly till now,business,1454.8259,no savings account,1<= < 4 years,4.0,none,1.0,savings agreement/life insurance,0,none,own,1.0,skilled employee / official,1.0,none,yes,1,divorced/separated,1
<0 DM,24.0,existing credits paid back duly till now,furniture/equipment,2302.041,no savings account,>=7 years,4.0,none,2.0,savings agreement/life insurance,1,none,for free,1.0,management/ highly qualified employee,1.0,none,yes,1,divorced/separated,1
no account,12.0,critical account,furniture/equipment,2425.991,no savings account,1<= < 4 years,3.0,none,2.0,savings agreement/life insurance,0,none,for free,1.0,management/ highly qualified employee,1.0,none,yes,1,divorced/separated,1
0 <= <200 DM,4.0,existing credits paid back duly till now,car (new),3189.1074,<100 DM,<1 years,3.0,none,4.0,car or other,1,bank,rent,1.0,unemployed/ unskilled  - non-resident,1.0,yes,yes,0,divorced/separated,1
no account,12.0,critical account,radio/television,1303.6716,no savings account,1<= < 4 years,2.0,none,1.0,real estate,1,none,for free,1.0,skilled employee / official,1.0,yes,yes,0,divorced/separated,1
no account,7.0,existing credits paid back duly till now,car (new),1078.9857,<100 DM,1<= < 4 years,3.0,none,2.0,unknown / no property,1,none,for free,1.0,unskilled - resident,1.0,none,yes,0,divorced/separated,0
<0 DM,18.0,critical account,car (new),2254.0527,<100 DM,1<= < 4 years,4.0,none,2.0,savings agreement/life insurance,0,none,own,1.0,skilled employee / official,1.0,none,yes,1,divorced/separated,1
0 <= <200 DM,18.0,existing credits paid back duly till now,others,2337.209,<100 DM,<1 years,4.0,guarantor,3.0,car or other,0,none,own,1.0,skilled employee / official,1.0,none,yes,1,divorced/separated,1
0 <= <200 DM,4.0,critical account,retraining,2978.0,no savings account,>=7 years,4.0,none,2.0,car or other,1,bank,own,1.0,unskilled - resident,1.0,yes,yes,0,divorced/separated,1
no account,18.0,critical account,domestic appliances,18424.0,no savings account,<1 years,1.0,none,4.0,car or other,0,none,own,1.0,management/ highly qualified employee,1.0,none,yes,1,divorced/separated,1
<0 DM,24.0,existing credits paid back duly till now,furniture/equipment,1474.0,>= 1000 DM,1<= < 4 years,4.0,none,1.0,savings agreement/life insurance,1,none,own,1.0,management/ highly qualified employee,1.0,none,yes,1,divorced/separated,1
no account,21.0,existing credits paid back duly till now,furniture/equipment,250.0,no savings account,4<= <7 years,4.0,guarantor,4.0,real estate,0,none,rent,1.0,skilled employee / official,1.0,yes,yes,1,divorced/separated,1
>= 200 DM ,6.0,existing credits paid back duly till now,business,5857.842,<100 DM,1<= < 4 years,3.0,none,2.0,savings agreement/life insurance,1,none,own,4.0,unskilled - resident,1.0,none,yes,1,divorced/separated,1
<0 DM,15.0,existing credits paid back duly till now,car (new),1213.4504,no savings account,4<= <7 years,4.0,none,1.0,real estate,0,store,for free,1.0,unskilled - resident,1.0,none,yes,1,divorced/separated,0
no account,12.0,delay in paying off,others,250.0,no savings account,>=7 years,2.0,co-applicant,4.0,car or other,1,store,own,1.0,skilled employee / official,1.0,none,yes,0,divorced/separated,1
<0 DM,30.0,existing credits paid back duly till now,furniture/equipment,250.0,>= 1000 DM,4<= <7 years,4.0,none,2.0,car or other,1,none,own,1.0,skilled employee / official,1.0,none,yes,1,divorced/separated,0
no account,21.0,no credits taken,business,3234.168,<100 DM,1<= < 4 years,2.0,none,4.0,car or other,1,none,own,1.0,skilled employee / official,1.0,yes,yes,1,divorced/separated,1
0 <= <200 DM,18.0,critical account,furniture/equipment,708.7298,no savings account,>=7 years,2.0,guarantor,4.0,car or other,1,none,own,2.0,skilled employee / official,1.0,none,yes,1,married/widowed,1
<0 DM,72.0,critical account,radio/television,2422.6328,<100 DM,<1 years,3.0,none,4.0,real estate,1,none,own,1.0,unskilled - resident,1.0,yes,yes,1,divorced/separated,0
no account,48.0,existing credits paid back duly till now,retraining,250.0,<100 DM,4<= <7 years,4.0,none,1.0,savings agreement/life insurance,1,none,own,1.0,unskilled - resident,1.0,yes,yes,1,divorced/separated,1
>= 200 DM ,10.0,critical account,repairs,1619.3987,<100 DM,4<= <7 years,4.0,none,4.0,savings agreement/life insurance,1,none,own,1.0,skilled employee / official,1.0,none,yes,0,divorced/separated,1
>= 200 DM ,72.0,existing credits paid back duly till now,radio/television,1805.888,100 <= <500 DM,<1 years,4.0,none,4.0,unknown / no property,0,none,own,1.0,unskilled - resident,1.0,yes,yes,1,divorced/separated,1
no account,10.0,existing credits paid back duly till now,radio/television,3160.247,<100 DM,1<= < 4 years,4.0,none,1.0,unknown / no property,1,none,own,1.0,skilled employee / official,1.0,yes,yes,1,divorced/separated,0
0 <= <200 DM,15.0,critical account,business,3077.7078,no savings account,>=7 years,1.0,none,4.0,unknown / no property,1,none,own,1.0,management/ highly qualified employee,1.0,none,yes,1,divorced/separated,1
<0 DM,18.0,existing credits paid back duly till now,furniture/equipment,250.0,500 <= < 1000 DM,<1 years,2.0,none,4.0,real estate,0,bank,own,4.0,skilled employee / official,1.0,yes,yes,1,divorced/separated,1
no account,24.0,existing credits paid back duly till now,furniture/equipment,2141.6167,<100 DM,<1 years,4.0,none,2.0,savings agreement/life insurance,0,none,own,1.0,skilled employee / official,1.0,yes,yes,0,married/widowed,0
no account,4.0,existing credits paid back duly till now,domestic appliances,2512.7676,<100 DM,1<= < 4 years,4.0,none,2.0,car or other,1,none,own,1.0,skilled employee / official,1.0,none,yes,1,married/widowed,1
<0 DM,12.0,critical account,radio/television,3479.7039,no savings account,>=7 years,4.0,none,1.0,car or other,0,none,own,1.0,skilled employee / official,1.0,yes,yes,1,divorced/separated,1
0 <= <200 DM,4.0,critical account,business,732.0014,>= 1000 DM,<1 years,4.0,none,3.0,car or other,1,none,own,1.0,skilled employee / official,1.0,none,yes,1,divorced/separated,1
no account,24.0,critical account,domestic appliances,250.0,no savings account,>=7 years,4.0,none,4.0,car or other,1,none,own,1.0,skilled employee / official,1.0,none,yes,0,divorced/separated,1
<0 DM,54.84678,existing credits paid back duly till now,car (new),1428.3163,<100 DM,>=7 years,4.0,none,4.0,savings agreement/life insurance,1,none,own,1.0,management/ highly qualified employee,1.0,none,yes,1,divorced/separated,1
0 <= <200 DM,24.0,delay in paying off,radio/television,1583.2852,<100 DM,1<= < 4 years,4.0,none,1.0,car or other,0,none,own,1.0,skilled employee / official,1.0,none,no,1,divorced/separated,1
no account,27.0,critical account,business,250.0,no savings account,>=7 years,4.0,none,4.0,car or other,1,none,own,2.0,skilled employee / official,1.0,none,yes,1,divorced/separated,1
<0 DM,15.0,critical account,radio/television,340.65683,<100 DM,<1 years,4.0,none,2.0,savings agreement/life insurance,0,none,own,1.0,unskilled - resident,1.0,none,yes,1,divorced/separated,1
0 <= <200 DM,15.0,existing credits paid back duly till now,car (new),1597.0,>= 1000 DM,<1 years,1.0,none,4.0,car or other,0,none,rent,1.0,skilled employee / official,1.0,none,yes,1,divorced/separated,0
>= 200 DM ,42.0,critical account,radio/television,2287.341,<100 DM,1<= < 4 years,4.0,none,2.0,car or other,1,none,own,1.0,skilled employee / official,1.0,none,yes,1,divorced/separated,1
<0 DM,36.0,critical account,car (new),3176.986,<100 DM,>=7 years,4.0,co-applicant,4.0,real estate,1,bank,own,1.0,unskilled - resident,1.0,yes,yes,0,divorced/separated,1
0 <= <200 DM,4.0,existing credits paid back duly till now,car (new),915.42834,no savings account,4<= <7 years,4.0,none,4.0,real estate,1,store,own,1.0,skilled employee / official,1.0,none,yes,1,divorced/separated,1
0 <= <200 DM,15.0,existing credits paid back duly till now,car (new),2079.028,100 <= <500 DM,4<= <7 years,2.0,none,2.0,savings agreement/life insurance,1,none,for free,1.0,unskilled - resident,1.0,yes,yes,0,divorced/separated,1
<0 DM,18.0,existing credits paid back duly till now,radio/television,250.0,no savings account,>=7 years,4.0,none,4.0,real estate,1,none,own,2.0,skilled employee / official,1.0,none,yes,1,married/widowed,1
0 <= <200 DM,24.0,existing credits paid back duly till now,car (new),5994.1494,<100 DM,<1 years,2.0,none,2.0,savings agreement/life insurance,0,none,own,1.0,skilled employee / official,1.0,none,yes,0,divorced/separated,1
0 <= <200 DM,24.0,critical account,repairs,18424.0,<100 DM,>=7 years,4.0,guarantor,2.0,real estate,1,none,rent,1.0,skilled employee / official,1.0,none,yes,1,divorced/separated,1
0 <= <200 DM,12.0,critical account,business,250.0,<100 DM,1<= < 4 years,3.0,none,2.0,car or other,1,none,own,1.0,unskilled - resident,1.0,none,yes,0,married/widowed,0
no account,36.0,existing credits paid back duly till now,furniture/equipment,18424.0,no savings account,1<= < 4 years,4.0,none,3.0,unknown / no property,1,none,for free,1.0,skilled employee / official,1.0,yes,yes,1,married/widowed,1
<0 DM,18.0,existing credits paid back duly till now,radio/television,1206.6206,100 <= <500 DM,<1 years,4.0,none,2.0,real estate,1,none,rent,1.0,skilled employee / official,1.0,none,yes,1,divorced/separated,1
no account,18.0,existing credits paid back duly till now,radio/television,4730.728,no savings account,<1 years,4.0,none,2.0,car or other,1,none,rent,1.0,management/ highly qualified employee,1.0,none,yes,1,divorced/separated,1
>= 200 DM ,8.0,existing credits paid back duly till now,radio/television,250.0,no savings account,>=7 years,4.0,none,1.0,car or other,1,bank,own,1.0,skilled employee / official,1.0,yes,yes,1,divorced/separated,1
<0 DM,12.0,existing credits paid back duly till now,car (used),1534.8146,no savings account,>=7 years,4.0,none,3.0,car or other,1,bank,own,1.0,skilled employee / official,1.0,none,yes,1,divorced/separated,1
no account,20.0,existing credits paid back duly till now,furniture/equipment,4181.3833,<100 DM,1<= < 4 years,3.0,none,4.0,real estate,1,none,rent,1.0,management/ highly qualified employee,1.0,none,yes,1,divorced/separated,0
no account,24.0,critical account,car (new),250.0,no savings account,1<= < 4 years,4.0,none,3.0,real estate,1,none,own,1.0,unskilled - resident,1.0,none,yes,0,divorced/separated,1
0 <= <200 DM,24.0,existing credits paid back duly till now,car (new),18424.0,<100 DM,>=7 years,3.0,none,3.0,savings agreement/life insurance,0,none,rent,1.0,skilled employee / official,1.0,yes,yes,1,divorced/separated,1
0 <= <200 DM,18.0,existing credits paid back duly till now,retraining,260.0556,100 <= <500 DM,1<= < 4 years,4.0,none,1.0,savings agreement/life insurance,0,none,own,1.0,skilled employee / official,1.0,none,yes,1,divorced/separated,0
no account,9.0,existing credits paid back duly till now,car (used),3835.1895,<100 DM,1<= < 4 years,4.0,none,1.0,car or other,1,bank,own,1.0,management/ highly qualified employee,1.0,yes,yes,1,divorced/separated,1
no account,18.0,critical account,radio/television,1552.6298,<100 DM,<1 years,3.0,none,2.0,real estate,1,bank,own,1.0,unemployed/ unskilled  - non-resident,1.0,none,yes,0,divorced/separated,0
no account,30.0,existing credits paid back duly till now,car (used),7266.4194,100 <= <500 DM,>=7 years,1.0,none,4.0,savings agreement/life insurance,1,none,own,1.0,skilled employee / official,1.0,yes,yes,0,divorced/separated,1
0 <= <200 DM,24.0,existing credits paid back duly till now,others,3077.0,<100 DM,1<= < 4 years,4.0,none,2.0,savings agreement/life insurance,1,bank,own,1.0,management/ highly qualified employee,1.0,yes,yes,1,divorced/separated,0
no account,24.0,delay in paying off,furniture/equipment,2530.893,no savings account,<1 years,4.0,none,2.0,unknown / no property,0,bank,own,1.0,management/ highly qualified employee,1.0,none,yes,1,divorced/separated,0
0 <= <200 DM,12.0,existing credits paid back duly till now,business,18424.0,no savings account,1<= < 4 years,4.0,none,4.0,real estate,1,none,rent,1.0,unemployed/ unskilled  - non-resident,1.0,yes,yes,1,divorced/separated,1
0 <= <200 DM,4.0,critical account,car (new),1166.5493,<100 DM,1<= < 4 years,3.0,co-applicant,2.0,real estate,1,none,rent,1.0,skilled employee / official,1.0,none,yes,0,divorced/separated,1
no account,12.0,critical account,furniture/equipment,3752.7837,no savings account,<1 years,4.0,none,4.0,real estate,1,store,own,1.0,skilled employee / official,1.0,yes,yes,1,divorced/separated,1
no account,12.223497,existing credits paid back duly till now,furniture/equipment,250.0,no savings account,1<= < 4 years,4.0,none,4.0,car or other,0,none,rent,2.0,skilled employee / official,1.0,none,yes,0,divorced/separated,0
<0 DM,72.0,existing credits paid back duly till now,radio/television,250.0,no savings account,<1 years,4.0,none,3.0,real estate,1,bank,own,1.0,skilled employee / official,1.0,none,yes,1,divorced/separated,1
<0 DM,18.0,existing credits paid back duly till now,domestic appliances,18424.0,<100 DM,4<= <7 years,3.0,none,4.0,real estate,0,bank,rent,1.0,skilled employee / official,1.0,none,yes,1,divorced/separated,1
0 <= <200 DM,6.0,no credits taken,radio/television,1097.051,no savings account,unemployed,4.0,none,1.0,real estate,1,none,own,1.0,skilled employee / official,1.0,none,yes,0,divorced/separated,1
<0 DM,15.0,existing credits paid back duly till now,car (new),2482.0903,<100 DM,>=7 years,4.0,none,4.0,savings agreement/life insurance,1,none,own,1.0,skilled employee / official,1.0,none,yes,1,divorced/separated,1
0 <= <200 DM,12.0,existing credits paid back duly till now,car (new),250.0,<100 DM,>=7 years,3.0,none,2.0,real estate,1,bank,own,1.0,skilled employee / official,1.0,none,yes,1,divorced/separated,1
<0 DM,48.0,existing credits paid back duly till now,business,250.0,<100 DM,>=7 years,4.0,none,3.0,car or other,1,none,own,1.0,skilled employee / official,1.0,none,yes,0,divorced/separated,1
0 <= <200 DM,15.0,existing credits paid back duly till now,furniture/equipment,1311.9606,>= 1000 DM,4<= <7 years,4.0,none,3.0,savings agreement/life insurance,1,none,rent,1.0,skilled employee / official,1.0,yes,yes,1,divorced/separated,1
<0 DM,15.0,critical account,car (new),1558.3654,<100 DM,<1 years,4.0,none,4.0,real estate,0,none,own,1.0,management/ highly qualified employee,1.0,yes,yes,1,divorced/separated,0
no account,4.0,existing credits paid back duly till now,car (new),4615.524,<100 DM,<1 years,4.0,none,3.0,savings agreement/life insurance,1,bank,own,1.0,skilled employee / official,1.0,none,yes,1,divorced/separated,0
no account,24.0,existing credits paid back duly till now,car (new),5032.1875,no savings account,1<= < 4 years,4.0,none,4.0,car or other,0,none,own,2.0,unskilled - resident,1.0,none,yes,1,divorced/separated,1
no account,4.0,existing credits paid back duly till now,radio/television,804.1157,<100 DM,unemployed,4.0,none,3.0,car or other,1,none,own,4.0,skilled employee / official,1.0,none,yes,0,divorced/separated,1
no account,30.0,existing credits paid back duly till now,furniture/equipment,1207.8656,<100 DM,unemployed,4.0,none,3.0,car or other,1,bank,own,2.0,skilled employee / official,1.0,none,yes,1,divorced/separated,1
no account,15.0,critical account,domestic appliances,250.0,<100 DM,4<= <7 years,4.0,none,2.0,car or other,1,none,own,2.0,skilled employee / official,1.0,yes,yes,0,divorced/separated,1
no account,30.0,existing credits paid back duly till now,car (new),250.0,<100 DM,<1 years,4.0,none,4.0,unknown / no property,1,none,own,1.0,skilled employee / official,1.0,yes,yes,1,divorced/separated,1
0 <= <200 DM,15.0,existing credits paid back duly till now,car (used),2914.7808,<100 DM,<1 years,4.0,none,2.0,unknown / no property,1,none,own,1.0,skilled employee / official,1.0,yes,yes,0,divorced/separated,1
0 <= <200 DM,24.0,existing credits paid back duly till now,furniture/equipment,18424.0,<100 DM,1<= < 4 years,4.0,none,3.0,car or other,0,none,own,1.0,skilled employee / official,1.0,none,yes,1,divorced/separated,1
0 <= <200 DM,24.0,critical account,car (new),18424.0,no savings account,4<= <7 years,3.0,none,4.0,car or other,0,none,own,1.0,skilled employee / official,1.0,yes,yes,0,divorced/separated,0
<0 DM,4.0,existing credits paid back duly till now,radio/television,4738.6753,no savings account,>=7 years,2.0,none,4.0,savings agreement/life insurance,1,none,own,2.0,skilled employee / official,1.0,none,yes,1,married/widowed,1
<0 DM,12.0,existing credits paid back duly till now,furniture/equipment,1549.7305,<100 DM,4<= <7 years,3.0,none,4.0,real estate,0,none,rent,4.0,unskilled - resident,1.0,none,yes,0,divorced/separated,1
0 <= <200 DM,14.0,existing credits paid back duly till now,furniture/equipment,18424.0,<100 DM,<1 years,1.0,none,4.0,unknown / no property,1,none,for free,1.0,unskilled - resident,1.0,none,yes,0,divorced/separated,1
no account,4.0,existing credits paid back duly till now,retraining,4454.64,<100 DM,<1 years,4.0,co-applicant,2.0,savings agreement/life insurance,1,bank,rent,1.0,management/ highly qualified employee,1.0,none,yes,1,divorced/separated,1
no account,4.0,existing credits paid back duly till now,radio/television,1031.7347,no savings account,1<= < 4 years,2.0,none,2.0,car or other,1,none,rent,1.0,unemployed/ unskilled  - non-resident,1.0,none,yes,1,married/widowed,1
<0 DM,12.0,existing credits paid back duly till now,car (new),1351.1251,<100 DM,4<= <7 years,4.0,none,3.0,car or other,1,store,own,1.0,skilled employee / official,1.0,yes,yes,0,divorced/separated,1
0 <= <200 DM,9.0,existing credits paid back duly till now,car (new),4014.6077,<100 DM,1<= < 4 years,2.0,none,3.0,savings agreement/life insurance,1,none,rent,1.0,skilled employee / official,1.0,none,yes,1,divorced/separated,0
<0 DM,18.0,existing credits paid back duly till now,furniture/equipment,18424.0,<100 DM,4<= <7 years,4.0,none,4.0,car or other,1,none,rent,1.0,skilled employee / official,1.0,yes,yes,1,divorced/separated,1
0 <= <200 DM,8.0,existing credits paid back duly till now,car (new),1320.8777,<100 DM,1<= < 4 years,3.0,none,2.0,savings agreement/life insurance,1,none,rent,1.0,unemployed/ unskilled  - non-resident,1.0,none,yes,1,divorced/separated,0
no account,4.0,existing credits paid back duly till now,furniture/equipment,18424.0,<100 DM,<1 years,4.0,none,2.0,savings agreement/life insurance,1,none,own,1.0,skilled employee / official,1.0,yes,no,0,divorced/separated,1
no account,57.07043,existing credits paid back duly till now,car (new),5239.679,<100 DM,1<= < 4 years,3.0,none,4.0,savings agreement/life insurance,1,bank,own,1.0,unskilled - resident,1.0,yes,yes,0,divorced/separated,1
0 <= <200 DM,18.0,existing credits paid back duly till now,furniture/equipment,1546.0,<100 DM,<1 years,3.0,none,4.0,savings agreement/life insurance,1,none,own,1.0,skilled employee / official,1.0,yes,yes,1,divorced/separated,1
<0 DM,18.0,critical account,car (new),3574.621,<100 DM,1<= < 4 years,4.0,none,2.0,real estate,0,none,own,1.0,skilled employee / official,1.0,none,yes,0,divorced/separated,1
<0 DM,10.0,existing credits paid back duly till now,furniture/equipment,2316.972,<100 DM,4<= <7 years,4.0,guarantor,3.0,savings agreement/life insurance,1,none,for free,1.0,unskilled - resident,1.0,none,yes,1,divorced/separated,0
<0 DM,4.7177234,critical account,furniture/equipment,1940.1946,no savings account,<1 years,4.0,none,2.0,unknown / no property,0,none,rent,1.0,skilled employee / official,1.0,yes,yes,1,divorced/separated,1
no account,9.0,existing credits paid back duly till now,radio/television,1039.1039,<100 DM,>=7 years,4.0,none,2.0,savings agreement/life insurance,0,none,own,1.0,unskilled - resident,1.0,yes,yes,0,divorced/separated,1
no account,6.0,existing credits paid back duly till now,car (new),4797.4995,<100 DM,1<= < 4 years,4.0,none,2.0,real estate,0,none,own,1.0,management/ highly qualified employee,1.0,yes,yes,0,married/widowed,1
no account,15.0,delay in paying off,repairs,250.0,>= 1000 DM,1<= < 4 years,3.0,none,2.0,unknown / no property,1,none,for free,1.0,skilled employee / official,1.0,yes,yes,1,divorced/separated,0
<0 DM,24.0,existing credits paid back duly till now,radio/television,684.22015,<100 DM,1<= < 4 years,4.0,none,4.0,car or other,1,none,own,1.0,skilled employee / official,1.0,none,yes,0,divorced/separated,0
no account,18.0,existing credits paid back duly till now,repairs,3059.6572,<100 DM,<1 years,3.0,none,4.0,savings agreement/life insurance,0,none,for free,1.0,unemployed/ unskilled  - non-resident,1.0,yes,yes,1,married/widowed,1
0 <= <200 DM,12.0,critical account,car (new),1035.294,<100 DM,1<= < 4 years,4.0,none,4.0,car or other,1,none,rent,2.0,unskilled - resident,1.0,none,yes,0,divorced/separated,1
no account,10.0,existing credits paid back duly till now,car (new),1585.2017,no savings account,1<= < 4 years,4.0,none,4.0,car or other,1,none,own,1.0,skilled employee / official,1.0,yes,yes,1,divorced/separated,0
no account,18.0,existing credits paid back duly till now,radio/television,1345.7435,<100 DM,<1 years,2.0,none,4.0,car or other,1,none,own,1.0,management/ highly qualified employee,1.0,none,yes,1,divorced/separated,1
no account,36.0,existing credits paid back duly till now,radio/television,1479.1458,>= 1000 DM,1<= < 4 years,4.0,none,4.0,savings agreement/life insurance,1,store,own,1.0,skilled employee / official,1.0,none,yes,1,divorced/separated,0
no account,12.0,critical account,furniture/equipment,250.0,<100 DM,>=7 years,4.0,none,4.0,car or other,0,none,rent,1.0,skilled employee / official,1.0,yes,yes,1,married/widowed,0
<0 DM,21.0,existing credits paid back duly till now,furniture/equipment,18424.0,<100 DM,>=7 years,4.0,none,1.0,savings agreement/life insurance,0,none,own,1.0,management/ highly qualified employee,1.0,none,yes,1,divorced/separated,1
no account,24.0,existing credits paid back duly till now,radio/television,603.6256,<100 DM,4<= <7 years,4.0,none,4.0,car or other,1,none,own,1.0,unemployed/ unskilled  - non-resident,1.0,yes,yes,1,married/widowed,1
no account,72.0,existing credits paid back duly till now,radio/television,250.0,<100 DM,unemployed,4.0,none,2.0,savings agreement/life insurance,1,none,own,1.0,management/ highly qualified employee,1.0,none,yes,0,divorced/separated,0
0 <= <200 DM,24.0,existing credits paid back duly till now,furniture/equipment,387.55896,<100 DM,1<= < 4 years,4.0,none,1.0,car or other,0,none,own,1.0,skilled employee / official,1.0,none,yes,1,divorced/separated,1
0 <= <200 DM,27.0,critical account,car (new),250.0,100 <= <500 DM,1<= < 4 years,4.0,none,2.0,car or other,1,none,rent,1.0,skilled employee / official,1.0,yes,yes,0,divorced/separated,1
<0 DM,13.0,existing credits paid back duly till now,car (used),3588.0137,<100 DM,>=7 years,4.0,none,3.5777736,car or other,1,none,for free,2.0,skilled employee / official,1.0,yes,yes,1,divorced/separated,1
<0 DM,6.0,existing credits paid back duly till now,business,250.0,<100 DM,>=7 years,4.0,none,3.0,real estate,0,none,own,2.0,unskilled - resident,1.0,none,yes,0,divorced/separated,1
<0 DM,24.0,critical account,car (new),625.9773,<100 DM,>=7 years,4.0,none,3.0,car or other,1,none,own,1.0,skilled employee / official,1.0,none,yes,1,divorced/separated,1
0 <= <200 DM,42.383297,critical account,car (new),250.0,<100 DM,<1 years,4.0,none,4.0,car or other,0,none,own,2.0,unskilled - resident,1.0,none,yes,1,married/widowed,1
no account,24.0,existing credits paid back duly till now,car (used),3107.1685,no savings account,1<= < 4 years,3.0,none,3.0,car or other,0,none,for free,1.0,skilled employee / official,1.0,yes,yes,1,divorced/separated,1
0 <= <200 DM,12.0,critical account,furniture/equipment,4056.8289,no savings account,<1 years,2.0,none,4.0,car or other,0,none,for free,1.0,skilled employee / official,1.0,none,yes,1,divorced/separated,1
0 <= <200 DM,71.87424,existing credits paid back duly till now,car (new),2132.273,100 <= <500 DM,1<= < 4 years,4.0,none,4.0,savings agreement/life insurance,1,bank,rent,1.0,unskilled - resident,1.0,none,yes,1,divorced/separated,0
0 <= <200 DM,48.0,existing credits paid back duly till now,radio/television,1262.272,<100 DM,>=7 years,4.0,none,4.0,car or other,1,none,own,1.0,skilled employee / official,1.0,none,yes,1,divorced/separated,1
<0 DM,18.0,delay in paying off,car (new),1537.8654,no savings account,<1 years,4.0,none,2.0,savings agreement/life insurance,1,none,own,2.0,management/ highly qualified employee,1.0,none,yes,1,divorced/separated,1
no account,15.0,critical account,radio/television,2133.1157,500 <= < 1000 DM,>=7 years,2.0,none,4.0,real estate,1,none,for free,1.0,management/ highly qualified employee,1.0,yes,yes,0,divorced/separated,1
0 <= <200 DM,18.0,existing credits paid back duly till now,radio/television,250.0,no savings account,1<= < 4 years,4.0,none,3.0,savings agreement/life insurance,1,bank,rent,1.0,skilled employee / official,1.0,none,yes,0,divorced/separated,1
<0 DM,12.0,critical account,retraining,18424.0,<100 DM,>=7 years,4.0,none,2.0,savings agreement/life insurance,0,none,own,1.0,unemployed/ unskilled  - non-resident,1.0,none,yes,1,divorced/separated,1
no account,42.0,critical account,car (used),250.0,<100 DM,1<= < 4 years,4.0,none,1.0,car or other,1,bank,own,1.0,skilled employee / official,1.0,none,yes,1,divorced/separated,1
<0 DM,18.0,existing credits paid back duly till now,business,250.0,500 <= < 1000 DM,1<= < 4 years,4.0,none,2.0,unknown / no property,1,none,own,1.0,skilled employee / official,1.0,none,yes,0,divorced/separated,1
>= 200 DM ,18.0,existing credits paid back duly till now,car (new),250.0,<100 DM,4<= <7 years,4.0,none,4.0,car or other,0,none,own,4.0,skilled employee / official,2.0,yes,yes,1,divorced/separated,1
<0 DM,4.0,critical account,furniture/equipment,4843.518,<100 DM,1<= < 4 years,4.0,none,2.0,car or other,1,bank,for free,1.0,skilled employee / official,1.0,none,yes,1,divorced/separated,0
no account,36.0,critical account,furniture/equipment,1373.4016,<100 DM,unemployed,2.0,none,2.0,real estate,0,none,rent,1.0,skilled employee / official,1.0,none,yes,0,divorced/separated,0
no account,12.0,existing credits paid back duly till now,car (new),3965.5032,<100 DM,1<= < 4 years,1.0,none,4.0,real estate,1,bank,for free,1.0,unemployed/ unskilled  - non-resident,1.0,yes,yes,1,divorced/separated,1
no account,9.0,critical account,furniture/equipment,1550.08,<100 DM,<1 years,3.0,none,2.0,savings agreement/life insurance,1,none,own,1.0,skilled employee / official,1.0,yes,yes,0,married/widowed,1
no account,72.0,existing credits paid back duly till now,radio/television,250.0,no savings account,4<= <7 years,4.0,none,3.0,real estate,0,bank,own,2.0,unskilled - resident,1.0,none,yes,0,divorced/separated,1
no account,6.0,critical account,radio/television,1275.0,<100 DM,1<= < 4 years,4.0,none,1.0,car or other,1,none,rent,1.0,management/ highly qualified employee,1.0,none,yes,1,divorced/separated,1
0 <= <200 DM,18.0,critical account,radio/television,385.49185,<100 DM,>=7 years,4.0,none,1.0,car or other,0,bank,rent,1.0,skilled employee / official,1.0,none,yes,1,married/widowed,1
0 <= <200 DM,12.0,critical account,car (used),1474.0,<100 DM,4<= <7 years,4.0,none,1.0,real estate,0,none,own,1.0,unemployed/ unskilled  - non-resident,1.0,yes,yes,0,divorced/separated,1
<0 DM,4.0,critical account,furniture/equipment,1845.0,no savings account,1<= < 4 years,3.0,none,1.0,savings agreement/life insurance,1,none,own,2.0,unskilled - resident,1.0,none,yes,1,divorced/separated,1
no account,4.0,existing credits paid back duly till now,radio/television,3593.6934,100 <= <500 DM,>=7 years,2.0,none,3.0,unknown / no property,1,bank,own,2.0,skilled employee / official,1.0,yes,yes,1,divorced/separated,1
0 <= <200 DM,12.0,existing credits paid back duly till now,car (new),1640.7797,<100 DM,1<= < 4 years,4.0,none,2.0,real estate,1,none,own,1.0,skilled employee / official,1.0,none,yes,1,divorced/separated,1
<0 DM,4.0,existing credits paid back duly till now,furniture/equipment,3664.3718,<100 DM,>=7 years,4.0,none,3.0,car or other,1,none,rent,4.0,skilled employee / official,1.0,none,yes,0,married/widowed,1
0 <= <200 DM,4.0,critical account,furniture/equipment,8481.308,<100 DM,unemployed,4.0,none,4.0,car or other,1,none,own,1.0,skilled employee / official,1.0,none,yes,1,divorced/separated,0
0 <= <200 DM,72.0,critical account,car (new),1236.0,<100 DM,>=7 years,4.0,none,1.0,savings agreement/life insurance,0,none,own,1.0,skilled employee / official,1.0,yes,yes,1,divorced/separated,1
no account,24.0,critical account,car (new),3757.3052,no savings account,<1 years,4.0,none,4.0,car or other,1,bank,own,1.0,management/ highly qualified employee,1.0,none,yes,1,divorced/separated,0
<0 DM,30.0,existing credits paid back duly till now,car (new),250.0,no savings account,1<= < 4 years,4.0,none,4.0,savings agreement/life insurance,0,none,own,1.0,skilled employee / official,1.0,yes,yes,0,divorced/separated,1
0 <= <200 DM,15.0,critical account,car (new),250.0,no savings account,4<= <7 years,4.0,none,2.0,savings agreement/life insurance,1,bank,own,2.0,unskilled - resident,1.0,yes,yes,1,divorced/separated,1
0 <= <200 DM,18.0,critical account,radio/television,4847.8193,no savings account,1<= < 4 years,4.0,none,4.0,car or other,0,none,own,2.0,skilled employee / official,1.0,none,yes,1,divorced/separated,1
0 <= <200 DM,18.0,all credits at this bank paid back duly,car (used),1597.8523,<100 DM,1<= < 4 years,3.0,none,3.0,savings agreement/life insurance,1,none,own,1.0,unskilled - resident,1.0,none,yes,1,divorced/separated,0
no account,12.0,no credits taken,radio/television,6685.334,no savings account,<1 years,4.0,none,2.0,real estate,1,none,own,1.0,skilled employee / official,1.0,yes,yes,0,divorced/separated,1
<0 DM,11.0,existing credits paid back duly till now,domestic appliances,689.89856,<100 DM,1<= < 4 years,4.0,co-applicant,2.0,car or other,1,none,own,1.0,unskilled - resident,1.0,yes,yes,1,divorced/separated,0
no account,12.0,delay in paying off,furniture/equipment,2937.4805,<100 DM,>=7 years,4.0,none,4.0,car or other,1,none,own,1.0,skilled employee / official,1.0,none,yes,1,divorced/separated,1
<0 DM,4.0,existing credits paid back duly till now,car (new),250.0,no savings account,1<= < 4 years,4.0,none,4.0,real estate,0,none,for free,2.0,skilled employee / official,1.0,none,yes,1,divorced/separated,1
no account,4.0,existing credits paid back duly till now,car (new),8386.763,<100 DM,1<= < 4 years,4.0,none,1.0,unknown / no property,0,none,own,1.0,skilled employee / official,1.0,none,yes,1,divorced/separated,1
no account,10.0,existing credits paid back duly till now,radio/television,1471.8417,<100 DM,>=7 years,1.0,none,2.0,unknown / no property,1,none,own,1.0,skilled employee / official,1.0,yes,yes,1,divorced/separated,1
no account,12.0,delay in paying off,radio/television,2899.546,>= 1000 DM,1<= < 4 years,2.0,none,4.0,unknown / no property,1,none,own,1.0,skilled employee / official,1.0,none,yes,1,divorced/separated,1
<0 DM,18.0,existing credits paid back duly till now,furniture/equipment,2375.3337,100 <= <500 DM,1<= < 4 years,2.0,none,4.0,savings agreement/life insurance,1,none,rent,1.0,unemployed/ unskilled  - non-resident,1.0,none,yes,0,divorced/separated,1
0 <= <200 DM,12.0,critical account,repairs,2759.1875,<100 DM,4<= <7 years,3.0,none,4.0,real estate,1,none,own,2.0,management/ highly qualified employee,1.0,none,yes,1,divorced/separated,1
<0 DM,30.0,existing credits paid back duly till now,furniture/equipment,250.0,100 <= <500 DM,unemployed,4.0,none,2.0,unknown / no property,1,none,own,1.0,skilled employee / official,1.0,yes,yes,1,divorced/separated,1
0 <= <200 DM,12.0,critical account,retraining,18424.0,100 <= <500 DM,<1 years,4.0,none,4.0,unknown / no property,0,none,for free,2.0,skilled employee / official,1.0,none,yes,0,divorced/separated,1
0 <= <200 DM,4.0,critical account,furniture/equipment,250.0,<100 DM,>=7 years,4.0,none,4.0,real estate,1,none,own,1.0,skilled employee / official,1.0,none,no,0,divorced/separated,1
<0 DM,18.0,existing credits paid back duly till now,business,2145.378,<100 DM,unemployed,3.0,none,1.0,car or other,1,none,rent,1.0,unskilled - resident,1.0,yes,yes,1,divorced/separated,1
no account,72.0,existing credits paid back duly till now,business,3511.3203,<100 DM,>=7 years,1.0,none,2.0,savings agreement/life insurance,1,none,own,1.0,skilled employee / official,1.0,none,yes,0,divorced/separated,0
<0 DM,24.0,critical account,car (new),3760.187,<100 DM,<1 years,4.0,none,4.0,car or other,1,none,own,4.0,skilled employee / official,1.0,yes,yes,1,divorced/separated,1
no account,12.0,existing credits paid back duly till now,radio/television,1497.8293,no savings account,>=7 years,4.0,none,4.0,unknown / no property,1,none,own,1.0,skilled employee / official,1.0,none,yes,0,divorced/separated,1
no account,4.0,existing credits paid back duly till now,furniture/equipment,250.0,no savings account,1<= < 4 years,3.0,none,2.0,savings agreement/life insurance,1,none,own,2.0,skilled employee / official,1.0,none,yes,1,divorced/separated,1
0 <= <200 DM,15.0,existing credits paid back duly till now,others,2533.3142,500 <= < 1000 DM,1<= < 4 years,4.0,none,4.0,savings agreement/life insurance,1,none,rent,2.0,management/ highly qualified employee,1.0,none,yes,0,divorced/separated,0
no account,15.0,existing credits paid back duly till now,furniture/equipment,3075.1284,no savings account,>=7 years,4.0,none,4.0,savings agreement/life insurance,0,none,own,4.0,management/ highly qualified employee,1.0,none,yes,1,divorced/separated,1
>= 200 DM ,4.0,existing credits paid back duly till now,car (new),4666.761,<100 DM,4<= <7 years,1.0,none,4.0,savings agreement/life insurance,0,none,own,4.0,skilled employee / official,1.0,yes,yes,0,divorced/separated,1
no account,12.0,critical account,car (new),3123.6306,<100 DM,>=7 years,4.0,none,4.0,real estate,1,none,own,1.0,skilled employee / official,1.0,none,yes,0,married/widowed,1
>= 200 DM ,12.0,critical account,car (new),250.0,100 <= <500 DM,1<= < 4 years,4.0,none,2.0,real estate,1,none,own,1.0,management/ highly qualified employee,1.0,none,yes,1,divorced/separated,0
0 <= <200 DM,72.0,existing credits paid back duly till now,car (new),250.0,no savings account,4<= <7 years,4.0,none,4.0,savings agreement/life insurance,0,none,own,1.0,unskilled - resident,1.0,yes,yes,1,divorced/separated,1
<0 DM,24.0,critical account,furniture/equipment,1509.0387,no savings account,1<= < 4 years,1.0,none,4.0,real estate,0,none,rent,1.0,unskilled - resident,1.0,yes,yes,1,divorced/separated,1
no account,12.0,existing credits paid back duly till now,car (new),250.0,<100 DM,>=7 years,3.0,none,1.0,savings agreement/life insurance,1,none,own,2.0,skilled employee / official,1.0,none,yes,0,divorced/separated,1
<0 DM,72.0,critical account,car (new),3913.1663,<100 DM,>=7 years,4.0,none,3.0,savings agreement/life insurance,0,none,own,1.0,management/ highly qualified employee,1.0,yes,yes,1,divorced/separated,1
<0 DM,8.0,no credits taken,business,1345.2177,<100 DM,4<= <7 years,3.0,none,4.0,savings agreement/life insurance,1,none,own,1.0,management/ highly qualified employee,1.0,yes,yes,1,divorced/separated,1
no account,12.0,critical account,radio/television,250.0,<100 DM,1<= < 4 years,4.0,none,4.0,savings agreement/life insurance,1,none,own,1.0,management/ highly qualified employee,1.0,none,yes,1,divorced/separated,0
<0 DM,18.0,existing credits paid back duly till now,repairs,3385.41,<100 DM,1<= < 4 years,4.0,guarantor,1.0,savings agreement/life insurance,0,none,own,1.0,skilled employee / official,1.0,yes,yes,1,divorced/separated,1
no account,24.0,existing credits paid back duly till now,education,250.0,no savings account,1<= < 4 years,4.0,none,2.9105701,car or other,0,none,for free,1.0,unskilled - resident,1.0,none,yes,1,divorced/separated,1
no account,4.0,existing credits paid back duly till now,radio/television,9040.712,<100 DM,<1 years,2.0,none,1.0,savings agreement/life insurance,0,none,own,1.0,skilled employee / official,1.0,yes,yes,0,divorced/separated,1
no account,72.0,existing credits paid back duly till now,radio/television,921.02277,500 <= < 1000 DM,4<= <7 years,4.0,none,4.0,savings agreement/life insurance,1,none,for free,1.0,management/ highly qualified employee,1.0,yes,yes,0,divorced/separated,1
no account,9.0,existing credits paid back duly till now,others,3020.3372,<100 DM,1<= < 4 years,4.0,none,3.0,car or other,1,none,own,2.0,management/ highly qualified employee,1.0,none,yes,0,divorced/separated,0
no account,15.0,existing credits paid back duly till now,furniture/equipment,3100.1855,<100 DM,1<= < 4 years,3.0,none,3.0,savings agreement/life insurance,0,store,for free,1.0,management/ highly qualified employee,1.0,yes,yes,0,divorced/separated,1
0 <= <200 DM,10.0,existing credits paid back duly till now,education,1591.632,<100 DM,4<= <7 years,3.0,none,2.0,real estate,1,none,own,2.0,skilled employee / official,1.0,none,yes,0,divorced/separated,0
0 <= <200 DM,4.0,existing credits paid back duly till now,furniture/equipment,1483.8328,<100 DM,4<= <7 years,4.0,none,4.0,car or other,0,none,for free,2.0,management/ highly qualified employee,1.0,yes,yes,1,divorced/separated,0
no account,20.0,delay in paying off,business,1403.2986,100 <= <500 DM,1<= < 4 years,4.0,none,2.0,car or other,1,bank,own,1.0,unskilled - resident,1.0,yes,yes,1,married/widowed,1
no account,12.0,critical account,car (new),1213.8864,no savings account,>=7 years,1.0,none,2.0,unknown / no property,1,none,own,1.0,unskilled - resident,1.0,yes,yes,1,divorced/separated,0
no account,24.0,existing credits paid back duly till now,furniture/equipment,250.0,<100 DM,<1 years,4.0,none,3.0,car or other,1,none,own,1.0,unskilled - resident,1.0,none,no,1,divorced/separated,1
no account,20.0,existing credits paid back duly till now,radio/television,18424.0,no savings account,>=7 years,4.0,none,4.0,savings agreement/life insurance,0,none,own,4.0,management/ highly qualified employee,1.0,none,yes,0,divorced/separated,1
0 <= <200 DM,72.0,critical account,car (new),2225.2332,<100 DM,<1 years,4.0,none,3.0,car or other,1,none,own,1.0,skilled employee / official,1.0,none,yes,1,divorced/separated,1
no account,4.0,existing credits paid back duly till now,radio/television,250.0,no savings account,4<= <7 years,4.0,none,2.0,unknown / no property,1,none,own,1.0,management/ highly qualified employee,1.0,none,yes,1,divorced/separated,0
no account,12.0,existing credits paid back duly till now,radio/television,1236.8998,no savings account,4<= <7 years,4.0,none,4.0,real estate,1,none,rent,2.0,management/ highly qualified employee,1.0,none,yes,1,divorced/separated,1
no account,12.0,existing credits paid back duly till now,car (used),250.0,<100 DM,1<= < 4 years,4.0,none,1.0,savings agreement/life insurance,1,none,own,2.0,unskilled - resident,1.0,none,yes,1,married/widowed,1
0 <= <200 DM,24.0,existing credits paid back duly till now,radio/television,18424.0,<100 DM,1<= < 4 years,4.0,none,4.0,real estate,1,none,own,1.0,skilled employee / official,1.0,none,yes,0,divorced/separated,1
<0 DM,18.0,critical account,others,2511.114,<100 DM,>=7 years,3.0,none,4.0,savings agreement/life insurance,0,none,own,1.0,skilled employee / official,1.0,none,yes,1,divorced/separated,1
<0 DM,18.0,existing credits paid back duly till now,education,250.0,<100 DM,<1 years,4.0,none,3.0,unknown / no property,1,none,rent,2.0,management/ highly qualified employee,1.0,none,yes,1,divorced/separated,1
no account,12.0,existing credits paid back duly till now,furniture/equipment,2578.6514,<100 DM,>=7 years,4.0,none,2.0,real estate,1,none,own,1.0,unskilled - resident,1.0,none,yes,1,divorced/separated,1
<0 DM,26.31501,existing credits paid back duly till now,radio/television,2139.0115,<100 DM,1<= < 4 years,4.0,none,3.0,savings agreement/life insurance,0,none,rent,1.0,skilled employee / official,1.0,none,yes,1,married/widowed,1
no account,15.0,existing credits paid back duly till now,car (new),3123.9963,<100 DM,>=7 years,4.0,co-applicant,4.0,unknown / no property,1,store,own,1.0,skilled employee / official,1.0,none,yes,1,divorced/separated,1
0 <= <200 DM,24.0,critical account,car (used),1654.7238,no savings account,1<= < 4 years,4.0,none,3.0,savings agreement/life insurance,1,none,own,1.0,skilled employee / official,1.0,none,yes,1,divorced/separated,1
no account,36.0,existing credits paid back duly till now,furniture/equipment,250.0,100 <= <500 DM,1<= < 4 years,4.0,none,4.0,savings agreement/life insurance,1,none,own,1.0,skilled employee / official,1.0,none,yes,1,divorced/separated,1
0 <= <200 DM,24.0,existing credits paid back duly till now,radio/television,18424.0,<100 DM,1<= < 4 years,1.0,none,4.0,car or other,0,none,own,1.0,skilled employee / official,1.0,none,yes,0,divorced/separated,1
<0 DM,24.0,existing credits paid back duly till now,radio/television,250.0,no savings account,1<= < 4 years,4.0,none,2.0,car or other,0,none,own,1.0,unskilled - resident,1.0,none,yes,1,divorced/separated,0
0 <= <200 DM,24.0,existing credits paid back duly till now,furniture/equipment,958.4217,<100 DM,1<= < 4 years,4.0,none,2.0,real estate,1,none,own,1.0,unskilled - resident,1.0,none,yes,0,divorced/separated,1
0 <= <200 DM,12.0,existing credits paid back duly till now,car (new),3853.356,<100 DM,>=7 years,4.0,none,4.0,car or other,1,none,own,2.0,skilled employee / official,1.0,none,yes,1,divorced/separated,1
0 <= <200 DM,9.0,critical account,repairs,18424.0,<100 DM,1<= < 4 years,1.0,none,4.0,car or other,1,none,rent,1.0,skilled employee / official,1.0,yes,yes,0,married/widowed,1
0 <= <200 DM,18.0,critical account,radio/television,4592.348,<100 DM,1<= < 4 years,1.0,none,3.0,car or other,0,none,rent,1.0,skilled employee / official,1.0,yes,yes,1,divorced/separated,1
no account,24.0,existing credits paid back duly till now,car (new),18424.0,no savings account,4<= <7 years,1.0,none,4.0,car or other,1,none,own,1.0,skilled employee / official,1.0,yes,yes,0,divorced/separated,1
0 <= <200 DM,4.0,existing credits paid back duly till now,furniture/equipment,1770.9176,500 <= < 1000 DM,<1 years,4.0,none,3.0,savings agreement/life insurance,1,none,own,1.0,skilled employee / official,1.0,yes,yes,1,divorced/separated,1
<0 DM,20.0,existing credits paid back duly till now,furniture/equipment,250.0,<100 DM,<1 years,4.0,none,2.0,real estate,1,bank,for free,1.0,unskilled - resident,1.0,yes,yes,1,divorced/separated,1
0 <= <200 DM,21.0,existing credits paid back duly till now,radio/television,930.02203,100 <= <500 DM,1<= < 4 years,3.0,none,4.0,savings agreement/life insurance,1,none,rent,1.0,management/ highly qualified employee,1.0,none,yes,1,divorced/separated,0
0 <= <200 DM,12.0,existing credits paid back duly till now,furniture/equipment,18424.0,<100 DM,1<= < 4 years,4.0,none,2.0,savings agreement/life insurance,1,none,rent,1.0,skilled employee / official,1.0,none,yes,0,divorced/separated,0
<0 DM,12.0,existing credits paid back duly till now,radio/television,18424.0,no savings account,<1 years,1.0,none,4.0,car or other,0,none,own,4.0,unskilled - resident,1.0,none,yes,0,divorced/separated,1
no account,12.0,existing credits paid back duly till now,business,1836.9976,<100 DM,1<= < 4 years,4.0,none,4.0,real estate,1,none,rent,1.0,skilled employee / official,1.0,none,yes,1,divorced/separated,0
no account,30.0,delay in paying off,business,6227.044,<100 DM,1<= < 4 years,3.0,none,4.0,savings agreement/life insurance,1,bank,own,1.0,skilled employee / official,1.0,none,yes,0,divorced/separated,1
<0 DM,18.0,existing credits paid back duly till now,car (new),18424.0,<100 DM,1<= < 4 years,3.0,none,4.0,real estate,1,none,rent,1.0,skilled employee / official,1.0,yes,yes,1,divorced/separated,1
0 <= <200 DM,30.0,existing credits paid back duly till now,furniture/equipment,633.6211,no savings account,1<= < 4 years,4.0,none,3.0,car or other,1,none,own,2.0,unskilled - resident,1.0,none,yes,1,divorced/separated,1
<0 DM,12.0,critical account,radio/television,712.9635,<100 DM,1<= < 4 years,2.0,none,4.0,car or other,1,none,rent,1.0,management/ highly qualified employee,1.0,none,yes,1,divorced/separated,1
no account,6.0,existing credits paid back duly till now,car (new),18424.0,<100 DM,>=7 years,4.0,none,3.0,savings agreement/life insurance,1,store,own,2.0,management/ highly qualified employee,1.0,none,yes,0,divorced/separated,1
0 <= <200 DM,10.0,no credits taken,radio/television,4164.4644,<100 DM,1<= < 4 years,4.0,none,2.0,car or other,1,none,own,1.0,skilled employee / official,1.0,none,yes,1,divorced/separated,1
0 <= <200 DM,72.0,critical account,radio/television,863.3635,<100 DM,1<= < 4 years,4.0,none,1.0,savings agreement/life insurance,0,none,rent,1.0,skilled employee / official,1.0,none,yes,1,divorced/separated,1
no account,72.0,delay in paying off,furniture/equipment,1543.5856,<100 DM,<1 years,4.0,none,2.0,savings agreement/life insurance,0,none,own,1.0,skilled employee / official,1.0,none,yes,1,divorced/separated,0
0 <= <200 DM,18.0,critical account,car (new),2855.7388,no savings account,1<= < 4 years,3.0,none,4.0,savings agreement/life insurance,1,bank,own,1.0,skilled employee / official,1.0,none,yes,0,divorced/separated,0
no account,4.0,existing credits paid back duly till now,car (new),10082.405,<100 DM,4<= <7 years,2.0,none,3.0,car or other,0,none,own,2.0,skilled employee / official,1.0,none,yes,1,divorced/separated,1
no account,24.0,existing credits paid back duly till now,car (new),3020.7417,no savings account,<1 years,4.0,none,4.0,car or other,0,none,own,1.0,skilled employee / official,1.0,none,yes,1,divorced/separated,0
<0 DM,4.0,critical account,radio/television,250.0,<100 DM,4<= <7 years,4.0,none,2.0,real estate,1,none,own,1.0,skilled employee / official,1.0,yes,yes,1,divorced/separated,0
no account,9.0,existing credits paid back duly till now,furniture/equipment,1595.6443,<100 DM,1<= < 4 years,4.0,none,4.0,savings agreement/life insurance,1,none,own,1.0,skilled employee / official,1.0,none,yes,1,divorced/separated,1
no account,36.0,existing credits paid back duly till now,radio/television,250.0,<100 DM,1<= < 4 years,4.0,none,4.0,real estate,1,none,own,1.0,unskilled - resident,1.0,none,yes,1,divorced/separated,1
no account,12.0,critical account,radio/television,1298.2034,100 <= <500 DM,>=7 years,4.0,none,4.0,car or other,0,none,own,1.0,skilled employee / official,1.0,none,yes,1,divorced/separated,1
no account,21.0,all credits at this bank paid back duly,car (used),4254.6855,no savings account,4<= <7 years,4.0,none,2.0,savings agreement/life insurance,1,none,own,1.0,skilled employee / official,1.0,none,yes,1,married/widowed,0
no account,24.0,existing credits paid back duly till now,furniture/equipment,1568.814,no savings account,4<= <7 years,4.0,none,3.0,unknown / no property,0,none,rent,1.0,skilled employee / official,1.0,none,yes,1,married/widowed,1
<0 DM,15.0,existing credits paid back duly till now,furniture/equipment,2978.0,<100 DM,1<= < 4 years,4.0,none,4.0,car or other,0,bank,own,1.0,unemployed/ unskilled  - non-resident,1.0,none,yes,1,divorced/separated,1
<0 DM,12.0,existing credits paid back duly till now,radio/television,1055.0071,no savings account,>=7 years,2.0,none,3.0,car or other,1,none,own,1.0,management/ highly qualified employee,1.0,yes,yes,1,divorced/separated,1
0 <= <200 DM,45.0,existing credits paid back duly till now,furniture/equipment,250.0,<100 DM,>=7 years,3.0,none,4.0,real estate,1,none,own,1.0,management/ highly qualified employee,1.0,none,yes,1,divorced/separated,1
<0 DM,24.0,existing credits paid back duly till now,car (used),250.0,no savings account,1<= < 4 years,4.0,none,2.0,car or other,0,none,rent,2.0,skilled employee / official,1.0,yes,yes,1,divorced/separated,1
<0 DM,10.0,existing credits paid back duly till now,radio/television,2365.9648,<100 DM,<1 years,3.0,none,3.0,car or other,1,none,own,1.0,skilled employee / official,1.0,yes,yes,0,divorced/separated,1
no account,36.0,existing credits paid back duly till now,car (used),3520.9985,<100 DM,>=7 years,4.0,none,4.0,car or other,0,none,own,1.0,skilled employee / official,1.0,none,yes,1,divorced/separated,1
no account,4.0,critical account,furniture/equipment,2535.3572,no savings account,>=7 years,4.0,none,2.0,car or other,1,none,for free,1.0,skilled employee / official,1.0,yes,yes,0,divorced/separated,1
0 <= <200 DM,6.0,existing credits paid back duly till now,radio/television,3398.3943,>= 1000 DM,<1 years,2.0,none,4.0,car or other,1,none,for free,1.0,unskilled - resident,1.0,yes,yes,1,divorced/separated,1
no account,15.0,existing credits paid back duly till now,business,2895.173,<100 DM,1<= < 4 years,4.0,none,4.0,real estate,1,none,own,1.0,unskilled - resident,1.0,none,yes,1,divorced/separated,1
<0 DM,12.0,existing credits paid back duly till now,domestic appliances,2251.956,<100 DM,>=7 years,3.0,none,1.0,car or other,0,none,rent,1.0,skilled employee / official,1.0,none,no,0,divorced/separated,0
0 <= <200 DM,18.0,critical account,radio/television,1260.8351,no savings account,1<= < 4 years,4.0,none,2.0,unknown / no property,0,bank,own,1.0,skilled employee / official,1.0,yes,yes,1,divorced/separated,1
<0 DM,21.0,critical account,furniture/equipment,932.0,<100 DM,1<= < 4 years,4.0,none,4.0,real estate,1,none,own,1.0,management/ highly qualified employee,1.0,none,yes,1,divorced/separated,1
no account,4.0,existing credits paid back duly till now,furniture/equipment,2830.3923,no savings account,>=7 years,1.0,none,2.0,savings agreement/life insurance,1,none,own,2.0,skilled employee / official,1.0,yes,yes,1,divorced/separated,1
0 <= <200 DM,21.0,existing credits paid back duly till now,car (new),1537.2424,<100 DM,1<= < 4 years,4.0,none,2.0,car or other,1,none,own,1.0,skilled employee / official,1.0,yes,yes,0,divorced/separated,0
0 <= <200 DM,21.0,existing credits paid back duly till now,radio/television,250.0,<100 DM,1<= < 4 years,4.0,none,1.0,unknown / no property,1,none,own,4.0,unskilled - resident,1.0,none,yes,0,divorced/separated,0
<0 DM,30.0,existing credits paid back duly till now,car (new),2905.157,500 <= < 1000 DM,>=7 years,2.0,none,4.0,savings agreement/life insurance,1,none,own,1.0,unskilled - resident,1.0,yes,yes,1,divorced/separated,0
<0 DM,21.0,all credits at this bank paid back duly,radio/television,1942.5205,<100 DM,<1 years,4.0,none,2.0,car or other,0,bank,own,1.0,skilled employee / official,1.0,none,yes,1,divorced/separated,1
0 <= <200 DM,6.0,existing credits paid back duly till now,repairs,250.0,100 <= <500 DM,4<= <7 years,4.0,none,3.0,savings agreement/life insurance,1,none,own,1.0,skilled employee / official,1.0,none,yes,1,divorced/separated,1
no account,15.0,existing credits paid back duly till now,radio/television,250.0,<100 DM,1<= < 4 years,4.0,none,4.0,unknown / no property,1,none,own,2.0,skilled employee / official,1.0,none,yes,1,divorced/separated,1
<0 DM,18.0,critical account,car (new),2661.239,<100 DM,>=7 years,1.0,none,4.0,savings agreement/life insurance,1,none,own,1.0,skilled employee / official,1.0,yes,yes,1,divorced/separated,1
<0 DM,24.0,existing credits paid back duly till now,radio/television,3620.5095,<100 DM,1<= < 4 years,4.0,none,2.0,savings agreement/life insurance,1,none,own,1.0,unskilled - resident,1.0,none,yes,1,divorced/separated,0
<0 DM,6.0,critical account,car (new),2994.0747,no savings account,1<= < 4 years,2.0,none,4.0,real estate,1,none,for free,1.0,skilled employee / official,1.0,yes,yes,1,divorced/separated,1
0 <= <200 DM,12.0,critical account,radio/television,250.0,no savings account,1<= < 4 years,3.0,none,1.0,real estate,1,bank,rent,1.0,skilled employee / official,1.0,none,yes,1,divorced/separated,0
no account,24.0,critical account,radio/television,18424.0,<100 DM,1<= < 4 years,4.0,none,3.0,real estate,0,none,own,1.0,unskilled - resident,1.0,none,yes,1,divorced/separated,0
0 <= <200 DM,9.0,existing credits paid back duly till now,business,1374.7511,>= 1000 DM,1<= < 4 years,4.0,none,4.0,car or other,1,none,own,1.0,skilled employee / official,1.0,yes,yes,0,divorced/separated,1
no account,4.0,delay in paying off,business,3027.9624,<100 DM,<1 years,2.0,none,1.0,car or other,1,bank,rent,1.0,skilled employee / official,1.0,none,yes,0,divorced/separated,1
<0 DM,4.0,critical account,furniture/equipment,3575.7886,<100 DM,<1 years,1.0,none,2.0,car or other,1,none,own,1.0,unskilled - resident,1.0,none,yes,1,divorced/separated,1
0 <= <200 DM,12.0,existing credits paid back duly till now,furniture/equipment,18424.0,no savings account,4<= <7 years,2.0,none,4.0,real estate,1,none,own,1.0,skilled employee / official,1.0,yes,yes,1,divorced/separated,1
<0 DM,18.0,existing credits paid back duly till now,furniture/equipment,2171.0,<100 DM,1<= < 4 years,4.0,none,4.0,savings agreement/life insurance,1,none,own,1.0,management/ highly qualified employee,1.0,none,yes,1,divorced/separated,0
no account,4.0,existing credits paid back duly till now,car (new),1867.1846,no savings account,unemployed,4.0,guarantor,4.0,real estate,1,none,own,4.0,skilled employee / official,1.0,none,yes,0,divorced/separated,1
no account,21.0,critical account,furniture/equipment,1409.0,<100 DM,4<= <7 years,4.0,none,4.0,real estate,0,bank,own,4.0,skilled employee / official,1.0,none,yes,1,divorced/separated,1
<0 DM,21.0,existing credits paid back duly till now,business,250.0,<100 DM,4<= <7 years,4.0,none,2.0,car or other,1,none,rent,1.0,skilled employee / official,1.0,none,yes,1,divorced/separated,1
no account,72.0,critical account,radio/television,1869.4885,no savings account,<1 years,1.0,none,2.0,unknown / no property,1,none,own,1.0,skilled employee / official,1.0,none,yes,0,divorced/separated,1
no account,27.0,existing credits paid back duly till now,furniture/equipment,2021.8944,<100 DM,1<= < 4 years,4.0,none,1.0,real estate,0,none,own,1.0,management/ highly qualified employee,1.0,none,yes,1,divorced/separated,0
<0 DM,24.0,critical account,radio/television,250.0,<100 DM,1<= < 4 years,4.0,none,2.0,car or other,1,none,own,1.0,management/ highly qualified employee,1.0,none,yes,1,divorced/separated,0
<0 DM,24.0,existing credits paid back duly till now,business,936.1631,>= 1000 DM,1<= < 4 years,4.0,none,4.0,real estate,1,none,own,1.0,skilled employee / official,1.0,none,yes,1,divorced/separated,1
0 <= <200 DM,6.0,critical account,furniture/equipment,10169.063,no savings account,1<= < 4 years,4.0,none,4.0,real estate,1,none,own,1.0,skilled employee / official,1.0,yes,yes,1,divorced/separated,1
no account,24.0,delay in paying off,car (used),18424.0,<100 DM,<1 years,1.0,none,4.0,savings agreement/life insurance,1,none,own,1.0,unskilled - resident,1.0,none,yes,1,divorced/separated,1
no account,12.0,existing credits paid back duly till now,business,18424.0,<100 DM,1<= < 4 years,2.0,none,4.0,car or other,1,none,own,1.0,skilled employee / official,1.0,none,yes,1,divorced/separated,1
>= 200 DM ,10.0,critical account,furniture/equipment,3621.242,<100 DM,<1 years,4.0,none,4.0,real estate,0,none,own,2.0,skilled employee / official,1.0,none,yes,1,divorced/separated,1
no account,24.0,existing credits paid back duly till now,furniture/equipment,250.0,100 <= <500 DM,4<= <7 years,4.0,none,4.0,real estate,1,none,own,2.0,skilled employee / official,1.0,none,yes,1,divorced/separated,1
<0 DM,72.0,delay in paying off,furniture/equipment,838.5461,<100 DM,4<= <7 years,4.0,none,2.0,car or other,1,none,own,1.0,skilled employee / official,1.0,yes,yes,1,married/widowed,1
no account,18.0,critical account,radio/television,250.0,<100 DM,4<= <7 years,4.0,none,2.0,car or other,0,none,own,1.0,skilled employee / official,1.0,yes,yes,1,divorced/separated,1
0 <= <200 DM,48.0,existing credits paid back duly till now,car (new),1863.6205,no savings account,>=7 years,3.0,none,4.0,savings agreement/life insurance,0,none,own,1.0,management/ highly qualified employee,1.0,none,yes,1,divorced/separated,1
0 <= <200 DM,12.0,existing credits paid back duly till now,radio/television,250.0,no savings account,>=7 years,4.0,none,3.0,savings agreement/life insurance,1,none,own,2.0,skilled employee / official,1.0,yes,yes,1,divorced/separated,1
no account,4.0,existing credits paid back duly till now,education,250.0,<100 DM,1<= < 4 years,4.0,none,3.0,unknown / no property,1,none,rent,1.0,management/ highly qualified employee,1.0,none,yes,1,divorced/separated,0
no account,20.0,critical account,radio/television,1186.8417,100 <= <500 DM,1<= < 4 years,4.0,none,3.0,car or other,1,none,own,1.0,management/ highly qualified employee,1.0,none,yes,1,divorced/separated,1
0 <= <200 DM,36.0,critical account,radio/television,1498.0397,100 <= <500 DM,1<= < 4 years,4.0,none,3.0,car or other,0,bank,rent,1.0,skilled employee / official,1.0,yes,no,1,divorced/separated,1
no account,11.0,existing credits paid back duly till now,radio/television,1310.65,<100 DM,<1 years,4.0,guarantor,2.0,real estate,1,none,rent,2.0,skilled employee / official,1.0,none,yes,1,divorced/separated,1
no account,12.0,existing credits paid back duly till now,furniture/equipment,18424.0,<100 DM,1<= < 4 years,4.0,none,2.0,real estate,1,none,own,1.0,skilled employee / official,1.0,none,yes,1,divorced/separated,1
<0 DM,72.0,existing credits paid back duly till now,radio/television,683.20123,500 <= < 1000 DM,1<= < 4 years,4.0,guarantor,4.0,car or other,1,none,own,1.0,skilled employee / official,1.0,none,yes,1,divorced/separated,0
no account,12.0,existing credits paid back duly till now,radio/television,5048.841,no savings account,1<= < 4 years,4.0,none,4.0,car or other,1,none,own,1.0,skilled employee / official,1.0,none,yes,1,divorced/separated,0
no account,24.0,existing credits paid back duly till now,radio/television,889.4673,<100 DM,1<= < 4 years,4.0,none,1.0,car or other,1,none,own,1.0,skilled employee / official,1.0,yes,yes,1,divorced/separated,1
no account,24.0,existing credits paid back duly till now,furniture/equipment,907.3978,<100 DM,1<= < 4 years,4.0,none,2.9760103,savings agreement/life insurance,1,bank,own,1.0,skilled employee / official,1.0,none,yes,1,married/widowed,0
no account,24.0,existing credits paid back duly till now,radio/television,1716.3524,<100 DM,4<= <7 years,4.0,none,2.0,car or other,0,bank,for free,4.0,management/ highly qualified employee,1.0,none,yes,1,divorced/separated,0
no account,12.0,existing credits paid back duly till now,car (used),2759.368,<100 DM,>=7 years,4.0,none,2.0,car or other,0,bank,own,1.0,skilled employee / official,1.0,none,yes,0,divorced/separated,1
no account,72.0,existing credits paid back duly till now,furniture/equipment,250.0,<100 DM,4<= <7 years,4.0,guarantor,4.0,car or other,0,none,own,1.0,skilled employee / official,1.0,none,yes,0,divorced/separated,0
0 <= <200 DM,36.0,critical account,radio/television,18424.0,<100 DM,4<= <7 years,3.0,none,4.0,car or other,1,none,own,1.0,skilled employee / official,1.0,yes,yes,1,divorced/separated,0
no account,48.0,critical account,car (new),250.0,100 <= <500 DM,<1 years,4.0,none,4.0,car or other,1,none,own,2.0,skilled employee / official,1.0,yes,yes,1,divorced/separated,0
no account,18.0,delay in paying off,furniture/equipment,2805.4575,<100 DM,>=7 years,1.0,none,3.0,savings agreement/life insurance,0,none,for free,1.0,unskilled - resident,1.0,yes,yes,0,divorced/separated,0
<0 DM,6.0,existing credits paid back duly till now,radio/television,2325.7502,<100 DM,<1 years,1.0,none,4.0,savings agreement/life insurance,0,none,own,2.0,skilled employee / official,1.0,none,yes,1,divorced/separated,1
<0 DM,72.0,existing credits paid back duly till now,furniture/equipment,2839.5757,<100 DM,1<= < 4 years,4.0,none,2.0,real estate,1,none,own,1.0,management/ highly qualified employee,1.0,yes,yes,0,divorced/separated,0
0 <= <200 DM,6.0,delay in paying off,car (new),250.0,<100 DM,4<= <7 years,4.0,none,4.0,unknown / no property,1,none,own,1.0,skilled employee / official,1.0,none,yes,1,divorced/separated,0
no account,12.0,existing credits paid back duly till now,radio/television,4463.204,no savings account,1<= < 4 years,1.0,none,4.0,real estate,1,none,rent,1.0,skilled employee / official,1.0,yes,yes,0,divorced/separated,1
no account,36.0,critical account,car (new),250.0,<100 DM,1<= < 4 years,3.0,none,4.0,savings agreement/life insurance,0,none,own,4.0,skilled employee / official,1.0,none,yes,1,divorced/separated,1
no account,24.0,critical account,car (new),3194.7146,<100 DM,<1 years,1.0,none,4.0,savings agreement/life insurance,1,none,own,1.0,skilled employee / official,1.0,none,yes,1,divorced/separated,1
<0 DM,14.650014,delay in paying off,car (new),1054.1243,no savings account,4<= <7 years,2.0,none,3.0,car or other,0,none,rent,1.0,management/ highly qualified employee,1.0,yes,yes,0,divorced/separated,0
<0 DM,12.0,existing credits paid back duly till now,radio/television,1258.0,no savings account,4<= <7 years,4.0,none,4.0,unknown / no property,1,bank,own,4.0,skilled employee / official,1.0,yes,yes,1,divorced/separated,1
0 <= <200 DM,15.0,critical account,domestic appliances,3621.0164,<100 DM,<1 years,1.0,none,4.0,unknown / no property,0,none,own,1.0,skilled employee / official,1.0,yes,yes,1,divorced/separated,1
no account,4.0,critical account,furniture/equipment,1636.7982,100 <= <500 DM,4<= <7 years,4.0,none,2.0,savings agreement/life insurance,1,none,rent,1.0,unskilled - resident,1.0,none,no,0,divorced/separated,1
no account,24.0,existing credits paid back duly till now,business,3349.0,<100 DM,>=7 years,4.0,none,1.0,car or other,0,none,own,1.0,unskilled - resident,1.0,none,yes,1,divorced/separated,1
<0 DM,20.2575,existing credits paid back duly till now,car (new),3092.3762,500 <= < 1000 DM,<1 years,4.0,none,1.0,car or other,0,none,own,1.0,skilled employee / official,1.0,none,yes,0,divorced/separated,1
<0 DM,30.0,existing credits paid back duly till now,furniture/equipment,2816.587,no savings account,4<= <7 years,3.0,none,4.0,savings agreement/life insurance,1,none,rent,1.0,management/ highly qualified employee,1.0,yes,yes,1,divorced/separated,1
<0 DM,12.0,existing credits paid back duly till now,furniture/equipment,250.0,no savings account,>=7 years,4.0,none,4.0,car or other,1,none,rent,1.0,skilled employee / official,1.0,yes,yes,0,divorced/separated,0
0 <= <200 DM,24.0,existing credits paid back duly till now,radio/television,3072.5774,no savings account,1<= < 4 years,4.0,none,2.0,real estate,1,none,own,1.0,management/ highly qualified employee,1.0,yes,yes,0,divorced/separated,1
no account,12.0,existing credits paid back duly till now,car (new),250.0,<100 DM,1<= < 4 years,4.0,none,4.0,savings agreement/life insurance,1,none,own,1.0,skilled employee / official,1.0,none,yes,1,divorced/separated,1
0 <= <200 DM,12.0,existing credits paid back duly till now,radio/television,3982.2346,<100 DM,<1 years,4.0,none,2.0,car or other,1,none,own,1.0,management/ highly qualified employee,1.0,none,yes,1,divorced/separated,1
no account,12.0,existing credits paid back duly till now,radio/television,2772.4053,no savings account,1<= < 4 years,4.0,none,2.0,unknown / no property,0,none,rent,1.0,skilled employee / official,1.0,none,yes,1,divorced/separated,1
no account,12.0,critical account,radio/television,1262.0,<100 DM,1<= < 4 years,4.0,none,4.0,car or other,1,bank,own,1.0,unskilled - resident,1.0,none,yes,0,married/widowed,0
no account,15.0,existing credits paid back duly till now,radio/television,250.0,<100 DM,>=7 years,4.0,none,4.0,real estate,0,none,own,4.0,skilled employee / official,1.0,yes,yes,1,divorced/separated,1
no account,72.0,delay in paying off,car (new),1232.7161,<100 DM,1<= < 4 years,4.0,none,3.0,car or other,1,none,own,1.0,skilled employee / official,1.0,none,yes,1,divorced/separated,1
no account,15.0,existing credits paid back duly till now,car (new),5101.8105,<100 DM,1<= < 4 years,2.0,none,4.0,savings agreement/life insurance,1,none,rent,1.0,skilled employee / official,1.0,yes,no,1,divorced/separated,1
no account,12.0,existing credits paid back duly till now,furniture/equipment,250.0,<100 DM,<1 years,4.0,none,2.0,real estate,1,none,for free,1.0,unskilled - resident,1.0,none,yes,1,divorced/separated,0
no account,10.0,existing credits paid back duly till now,radio/television,18424.0,<100 DM,1<= < 4 years,1.0,none,2.0,savings agreement/life insurance,0,none,own,1.0,skilled employee / official,1.0,none,yes,1,divorced/separated,1
0 <= <200 DM,12.0,critical account,others,874.59033,<100 DM,<1 years,4.0,none,3.0,savings agreement/life insurance,1,none,own,2.0,skilled employee / official,1.0,none,yes,1,divorced/separated,0
0 <= <200 DM,36.0,critical account,car (used),4587.581,<100 DM,>=7 years,4.0,none,1.0,real estate,1,none,own,1.0,skilled employee / official,1.0,none,yes,1,divorced/separated,1
<0 DM,24.0,critical account,business,1402.2863,<100 DM,1<= < 4 years,2.0,none,4.0,real estate,1,none,own,1.0,skilled employee / official,1.0,none,yes,1,divorced/separated,1
no account,30.0,existing credits paid back duly till now,car (new),2513.0479,100 <= <500 DM,1<= < 4 years,4.0,none,3.0,car or other,1,none,own,1.0,skilled employee / official,1.0,yes,yes,1,divorced/separated,0
<0 DM,13.0,critical account,repairs,18424.0,<100 DM,<1 years,3.0,none,4.0,car or other,0,bank,own,4.0,skilled employee / official,1.0,none,yes,1,divorced/separated,1
no account,10.0,existing credits paid back duly till now,car (new),250.0,<100 DM,1<= < 4 years,4.0,none,4.0,savings agreement/life insurance,0,none,rent,2.0,skilled employee / official,1.0,none,yes,0,divorced/separated,1
>= 200 DM ,24.0,all credits at this bank paid back duly,car (new),6414.459,<100 DM,4<= <7 years,4.0,none,3.0,real estate,0,none,own,1.0,management/ highly qualified employee,1.0,none,yes,1,divorced/separated,1
no account,18.0,critical account,car (new),1965.4512,<100 DM,<1 years,4.0,none,1.0,car or other,1,none,own,1.0,management/ highly qualified employee,1.0,yes,yes,1,divorced/separated,0
0 <= <200 DM,15.0,existing credits paid back duly till now,radio/television,18424.0,100 <= <500 DM,unemployed,4.0,none,4.0,unknown / no property,0,bank,own,1.0,skilled employee / official,1.0,none,yes,1,divorced/separated,1
<0 DM,12.0,existing credits paid back duly till now,car (new),1566.8293,<100 DM,<1 years,4.0,none,4.0,car or other,1,none,own,1.0,skilled employee / official,1.0,yes,yes,1,divorced/separated,1
<0 DM,12.0,critical account,car (new),820.4393,no savings account,>=7 years,4.0,none,2.0,real estate,1,none,own,1.0,management/ highly qualified employee,1.0,yes,yes,1,divorced/separated,1
<0 DM,18.0,all credits at this bank paid back duly,radio/television,752.37177,100 <= <500 DM,<1 years,4.0,none,2.0,car or other,1,bank,own,1.0,skilled employee / official,1.0,none,yes,0,divorced/separated,0
no account,72.0,critical account,car (new),2725.0718,500 <= < 1000 DM,4<= <7 years,3.0,none,3.0,car or other,0,none,rent,1.0,skilled employee / official,1.0,none,yes,0,divorced/separated,1
no account,15.0,existing credits paid back duly till now,radio/television,18424.0,no savings account,4<= <7 years,2.0,none,4.0,real estate,0,none,own,4.0,skilled employee / official,1.0,none,yes,0,divorced/separated,1
no account,14.959887,critical account,car (new),1283.4974,<100 DM,>=7 years,4.0,none,3.0,car or other,1,none,own,1.0,unskilled - resident,1.0,none,yes,1,divorced/separated,0
0 <= <200 DM,4.0,existing credits paid back duly till now,radio/television,18424.0,<100 DM,>=7 years,2.0,none,4.0,savings agreement/life insurance,0,bank,own,4.0,unemployed/ unskilled  - non-resident,1.0,yes,yes,1,divorced/separated,0
no account,12.0,critical account,furniture/equipment,18424.0,<100 DM,1<= < 4 years,3.0,none,2.0,unknown / no property,0,store,own,1.0,management/ highly qualified employee,1.0,none,yes,1,divorced/separated,1
<0 DM,12.0,critical account,business,2050.8347,no savings account,1<= < 4 years,4.0,none,4.0,real estate,1,none,own,1.0,management/ highly qualified employee,1.0,none,yes,0,divorced/separated,1
0 <= <200 DM,4.0,existing credits paid back duly till now,radio/television,1554.4703,no savings account,4<= <7 years,4.0,none,4.0,real estate,1,none,own,1.0,skilled employee / official,1.0,yes,yes,1,divorced/separated,1
0 <= <200 DM,12.0,critical account,others,1454.5001,<100 DM,>=7 years,1.0,none,4.0,savings agreement/life insurance,1,none,own,2.0,unskilled - resident,1.0,none,yes,0,divorced/separated,1
0 <= <200 DM,72.0,critical account,car (new),6562.202,<100 DM,unemployed,4.0,none,2.0,car or other,1,none,own,1.0,skilled employee / official,1.0,yes,yes,1,divorced/separated,1
no account,36.0,existing credits paid back duly till now,radio/television,250.0,no savings account,1<= < 4 years,4.0,none,2.0,real estate,0,none,own,1.0,skilled employee / official,1.0,none,yes,1,divorced/separated,1
no account,24.0,critical account,furniture/equipment,250.0,<100 DM,1<= < 4 years,4.0,none,1.0,car or other,0,none,own,1.0,unskilled - resident,1.0,none,yes,1,divorced/separated,0
<0 DM,18.0,existing credits paid back duly till now,radio/television,1413.0,<100 DM,<1 years,4.0,none,3.0,car or other,1,none,own,1.0,skilled employee / official,1.0,none,yes,0,divorced/separated,1
0 <= <200 DM,24.0,existing credits paid back duly till now,car (used),1517.2926,<100 DM,<1 years,4.0,none,4.0,unknown / no property,1,bank,own,1.0,management/ highly qualified employee,1.0,none,yes,0,divorced/separated,0
no account,24.0,existing credits paid back duly till now,radio/television,1364.0,no savings account,unemployed,4.0,none,3.0,savings agreement/life insurance,1,none,own,1.0,unskilled - resident,1.0,yes,yes,1,divorced/separated,1
no account,12.0,critical account,car (new),7761.785,no savings account,>=7 years,2.0,none,3.0,savings agreement/life insurance,1,none,own,1.0,management/ highly qualified employee,1.0,none,yes,1,divorced/separated,1
no account,24.0,critical account,furniture/equipment,1556.7292,<100 DM,1<= < 4 years,4.0,none,1.0,real estate,0,none,own,1.0,management/ highly qualified employee,1.0,none,yes,1,divorced/separated,0
<0 DM,24.0,existing credits paid back duly till now,car (used),250.0,<100 DM,4<= <7 years,4.0,none,3.0,savings agreement/life insurance,1,bank,own,1.0,skilled employee / official,1.0,none,yes,1,divorced/separated,0
0 <= <200 DM,4.0,existing credits paid back duly till now,car (used),3256.9087,<100 DM,>=7 years,3.0,none,4.0,real estate,0,none,for free,1.0,skilled employee / official,1.0,yes,yes,1,divorced/separated,1
<0 DM,10.0,critical account,business,5745.6035,<100 DM,unemployed,1.0,none,4.0,car or other,1,none,rent,1.0,unemployed/ unskilled  - non-resident,1.0,yes,yes,0,divorced/separated,1
no account,30.0,critical account,furniture/equipment,1117.2772,no savings account,>=7 years,4.0,none,4.0,car or other,1,none,own,1.0,unskilled - resident,1.0,yes,yes,1,divorced/separated,1
0 <= <200 DM,24.0,existing credits paid back duly till now,business,863.16327,<100 DM,4<= <7 years,4.0,none,2.0,unknown / no property,0,none,own,1.0,skilled employee / official,1.0,yes,yes,1,divorced/separated,1
0 <= <200 DM,4.0,existing credits paid back duly till now,car (new),2811.5054,no savings account,1<= < 4 years,2.0,none,3.0,car or other,1,none,rent,1.0,unemployed/ unskilled  - non-resident,1.0,yes,yes,1,divorced/separated,1
<0 DM,12.0,existing credits paid back duly till now,furniture/equipment,1084.5985,<100 DM,>=7 years,2.0,guarantor,4.0,real estate,1,bank,own,1.0,skilled employee / official,1.0,yes,yes,1,divorced/separated,0
0 <= <200 DM,20.89874,critical account,furniture/equipment,2214.9697,<100 DM,>=7 years,4.0,none,2.0,savings agreement/life insurance,0,none,own,1.0,unskilled - resident,1.0,none,yes,0,married/widowed,1
no account,12.0,existing credits paid back duly till now,radio/television,7966.8574,<100 DM,1<= < 4 years,2.0,none,4.0,savings agreement/life insurance,1,bank,own,2.0,skilled employee / official,1.0,yes,yes,0,married/widowed,1
<0 DM,12.0,existing credits paid back duly till now,car (new),2113.0706,<100 DM,4<= <7 years,4.0,none,4.0,savings agreement/life insurance,1,none,own,1.0,skilled employee / official,1.0,yes,yes,0,divorced/separated,1
no account,21.0,critical account,domestic appliances,18424.0,<100 DM,>=7 years,4.0,none,2.0,car or other,0,none,own,1.0,skilled employee / official,1.0,none,yes,1,divorced/separated,1
0 <= <200 DM,6.0,existing credits paid back duly till now,car (new),2744.8784,<100 DM,1<= < 4 years,1.0,none,4.0,real estate,0,none,rent,1.0,skilled employee / official,1.0,none,yes,1,divorced/separated,1
<0 DM,6.0,existing credits paid back duly till now,radio/television,5728.9785,no savings account,>=7 years,1.0,none,4.0,car or other,1,none,own,1.0,skilled employee / official,1.0,yes,yes,1,married/widowed,1
>= 200 DM ,6.0,existing credits paid back duly till now,car (new),727.0,no savings account,>=7 years,4.0,none,1.0,unknown / no property,1,none,own,1.0,skilled employee / official,1.0,none,yes,0,divorced/separated,1
no account,30.0,all credits at this bank paid back duly,furniture/equipment,3834.6943,no savings account,1<= < 4 years,4.0,none,1.0,savings agreement/life insurance,0,bank,own,1.0,skilled employee / official,1.0,yes,yes,1,divorced/separated,0
<0 DM,24.0,existing credits paid back duly till now,radio/television,2100.4817,no savings account,unemployed,4.0,none,2.0,car or other,0,none,own,1.0,management/ highly qualified employee,1.0,yes,yes,1,divorced/separated,0
no account,24.0,critical account,car (used),250.0,<100 DM,1<= < 4 years,4.0,none,1.0,savings agreement/life insurance,1,none,own,1.0,unskilled - resident,1.0,none,yes,1,divorced/separated,1
<0 DM,18.0,critical account,car (new),250.0,<100 DM,1<= < 4 years,4.0,none,4.0,car or other,1,none,own,1.0,skilled employee / official,1.0,none,yes,1,divorced/separated,0
<0 DM,6.0,existing credits paid back duly till now,car (new),250.0,<100 DM,<1 years,4.0,none,4.0,car or other,0,bank,own,1.0,management/ highly qualified employee,1.0,yes,yes,1,divorced/separated,1
<0 DM,24.0,delay in paying off,car (new),250.0,no savings account,1<= < 4 years,4.0,none,3.0,real estate,0,none,rent,1.0,skilled employee / official,1.0,none,yes,1,divorced/separated,1
<0 DM,4.0,existing credits paid back duly till now,radio/television,3437.3203,<100 DM,<1 years,3.0,none,2.0,car or other,0,none,own,1.0,unskilled - resident,1.0,none,yes,0,divorced/separated,1
no account,24.0,critical account,car (new),930.94086,>= 1000 DM,1<= < 4 years,4.0,none,2.0,savings agreement/life insurance,1,none,own,1.0,unemployed/ unskilled  - non-resident,1.0,yes,yes,0,divorced/separated,1
0 <= <200 DM,4.0,existing credits paid back duly till now,furniture/equipment,2532.0654,<100 DM,4<= <7 years,2.0,none,2.0,real estate,1,none,rent,1.0,skilled employee / official,1.0,none,yes,1,divorced/separated,1
0 <= <200 DM,15.0,existing credits paid back duly till now,radio/television,673.35266,<100 DM,>=7 years,4.0,none,3.0,savings agreement/life insurance,0,none,rent,2.0,unskilled - resident,1.0,none,yes,1,divorced/separated,0
no account,24.0,existing credits paid back duly till now,car (new),1751.6455,no savings account,>=7 years,4.0,none,2.0,car or other,0,none,own,1.0,unskilled - resident,1.0,none,yes,0,divorced/separated,1
no account,15.0,critical account,furniture/equipment,1485.7931,>= 1000 DM,<1 years,4.0,none,1.0,car or other,1,none,for free,1.0,unskilled - resident,1.0,yes,yes,1,divorced/separated,0
<0 DM,24.0,existing credits paid back duly till now,radio/television,2670.7673,100 <= <500 DM,unemployed,3.0,none,2.0,savings agreement/life insurance,1,none,own,2.0,management/ highly qualified employee,1.0,none,yes,1,married/widowed,1
no account,15.0,existing credits paid back duly till now,radio/television,250.0,no savings account,1<= < 4 years,4.0,none,2.0,savings agreement/life insurance,1,none,rent,1.0,skilled employee / official,1.0,yes,yes,0,married/widowed,1
<0 DM,4.0,existing credits paid back duly till now,radio/television,2100.307,no savings account,>=7 years,4.0,none,4.0,car or other,0,bank,own,1.0,skilled employee / official,1.0,none,yes,0,divorced/separated,1
0 <= <200 DM,15.0,critical account,business,7409.395,<100 DM,<1 years,2.0,none,4.0,car or other,0,none,own,2.0,skilled employee / official,1.0,none,yes,1,divorced/separated,1
<0 DM,72.0,critical account,furniture/equipment,2056.2268,<100 DM,<1 years,4.0,none,4.0,car or other,1,none,rent,1.0,management/ highly qualified employee,1.0,none,yes,1,divorced/separated,1
<0 DM,24.0,existing credits paid back duly till now,furniture/equipment,1222.7933,100 <= <500 DM,<1 years,4.0,none,2.0,car or other,1,none,own,1.0,skilled employee / official,1.0,yes,yes,1,divorced/separated,1
<0 DM,30.0,existing credits paid back duly till now,car (new),1748.4292,<100 DM,4<= <7 years,4.0,none,3.0,real estate,0,none,own,1.0,skilled employee / official,1.0,none,yes,1,divorced/separated,1
no account,15.0,critical account,car (new),1919.0,no savings account,4<= <7 years,3.0,none,4.0,car or other,1,none,own,1.0,skilled employee / official,1.0,yes,yes,1,divorced/separated,0
no account,11.0,existing credits paid back duly till now,furniture/equipment,250.0,<100 DM,<1 years,4.0,none,1.0,unknown / no property,0,bank,own,1.0,skilled employee / official,1.0,none,yes,1,divorced/separated,1
<0 DM,15.0,existing credits paid back duly till now,furniture/equipment,250.0,no savings account,<1 years,4.0,none,4.0,unknown / no property,0,none,own,1.0,skilled employee / official,1.0,none,yes,1,divorced/separated,0
<0 DM,10.0,critical account,others,1514.0607,no savings account,1<= < 4 years,4.0,none,4.0,car or other,0,none,rent,1.0,skilled employee / official,1.0,yes,yes,1,divorced/separated,0
no account,13.0,critical account,car (used),1530.9719,<100 DM,>=7 years,2.0,none,4.0,real estate,1,none,rent,1.0,unskilled - resident,1.0,yes,yes,0,divorced/separated,1
no account,4.0,existing credits paid back duly till now,radio/television,250.0,<100 DM,unemployed,4.0,none,2.0,real estate,1,bank,own,1.0,unskilled - resident,1.0,yes,yes,1,divorced/separated,1
<0 DM,10.0,existing credits paid back duly till now,car (new),250.0,<100 DM,<1 years,4.0,none,2.0,savings agreement/life insurance,1,none,own,2.0,unskilled - resident,1.0,none,yes,1,divorced/separated,1
<0 DM,4.0,existing credits paid back duly till now,radio/television,18424.0,<100 DM,1<= < 4 years,3.0,none,2.0,real estate,1,none,own,1.0,skilled employee / official,1.0,none,yes,1,divorced/separated,0
no account,12.0,critical account,business,18424.0,<100 DM,1<= < 4 years,2.0,none,3.0,unknown / no property,0,bank,rent,1.0,unskilled - resident,1.0,none,yes,1,divorced/separated,1
<0 DM,24.0,existing credits paid back duly till now,radio/television,250.0,<100 DM,1<= < 4 years,4.0,none,4.0,car or other,0,none,own,1.0,skilled employee / official,1.0,yes,yes,1,divorced/separated,0
no account,72.0,existing credits paid back duly till now,radio/television,1510.1116,<100 DM,1<= < 4 years,4.0,none,2.0,savings agreement/life insurance,0,none,own,1.0,skilled employee / official,1.0,yes,yes,0,divorced/separated,1
0 <= <200 DM,4.0,all credits at this bank paid back duly,business,1740.7603,<100 DM,<1 years,2.0,none,4.0,car or other,0,none,own,2.0,management/ highly qualified employee,1.0,yes,yes,0,divorced/separated,1
<0 DM,12.0,existing credits paid back duly till now,furniture/equipment,18424.0,no savings account,4<= <7 years,4.0,none,4.0,real estate,1,none,own,1.0,skilled employee / official,1.0,none,yes,0,divorced/separated,1
<0 DM,4.0,existing credits paid back duly till now,furniture/equipment,1935.2513,<100 DM,<1 years,4.0,none,4.0,car or other,0,none,own,1.0,skilled employee / official,1.0,none,yes,1,divorced/separated,1
>= 200 DM ,4.0,existing credits paid back duly till now,business,1422.0847,500 <= < 1000 DM,>=7 years,4.0,none,4.0,savings agreement/life insurance,1,none,for free,4.0,skilled employee / official,1.0,none,yes,1,divorced/separated,1
no account,8.257418,existing credits paid back duly till now,car (new),250.0,>= 1000 DM,1<= < 4 years,4.0,none,3.0,savings agreement/life insurance,1,bank,own,1.0,skilled employee / official,1.0,none,yes,1,divorced/separated,1
<0 DM,18.0,critical account,radio/television,250.0,no savings account,>=7 years,1.0,none,4.0,savings agreement/life insurance,0,bank,rent,4.0,skilled employee / official,1.0,none,yes,1,divorced/separated,1
no account,36.0,critical account,furniture/equipment,250.0,no savings account,1<= < 4 years,4.0,none,4.0,car or other,0,none,own,1.0,management/ highly qualified employee,1.0,yes,yes,1,divorced/separated,0
no account,10.0,critical account,furniture/equipment,250.0,no savings account,>=7 years,4.0,none,4.0,real estate,0,none,own,4.0,skilled employee / official,1.0,none,yes,0,divorced/separated,0
no account,4.0,no credits taken,business,4613.0615,<100 DM,<1 years,4.0,none,3.0,car or other,1,none,for free,1.0,unemployed/ unskilled  - non-resident,1.0,yes,yes,0,divorced/separated,1
<0 DM,24.0,critical account,radio/television,1597.0,<100 DM,1<= < 4 years,4.0,none,2.0,real estate,1,none,own,1.0,management/ highly qualified employee,1.0,none,yes,0,divorced/separated,1
no account,72.0,critical account,radio/television,1236.0,no savings account,<1 years,3.0,none,4.0,car or other,1,none,own,2.0,unskilled - resident,1.0,none,yes,1,divorced/separated,1
0 <= <200 DM,10.0,existing credits paid back duly till now,education,2240.1267,<100 DM,1<= < 4 years,4.0,none,2.0,real estate,1,none,rent,4.0,unskilled - resident,1.0,none,yes,0,divorced/separated,1
no account,12.0,critical account,domestic appliances,1163.839,no savings account,4<= <7 years,4.0,none,2.0,real estate,1,store,for free,1.0,unskilled - resident,1.0,none,yes,0,divorced/separated,1
0 <= <200 DM,4.0,existing credits paid back duly till now,radio/television,1238.8092,no savings account,1<= < 4 years,4.0,none,2.0,car or other,1,store,own,1.0,skilled employee / official,1.0,yes,yes,1,divorced/separated,1
<0 DM,18.0,existing credits paid back duly till now,car (new),3260.81,no savings account,<1 years,4.0,none,2.0,car or other,0,none,rent,2.0,skilled employee / official,1.0,yes,yes,1,divorced/separated,0
0 <= <200 DM,12.0,existing credits paid back duly till now,others,2511.1606,<100 DM,<1 years,4.0,none,2.0,real estate,0,none,rent,1.0,unskilled - resident,1.0,yes,yes,1,divorced/separated,1
no account,15.0,critical account,furniture/equipment,936.5845,<100 DM,>=7 years,3.0,none,4.0,savings agreement/life insurance,1,bank,rent,1.0,skilled employee / official,1.0,none,yes,1,divorced/separated,1
no account,15.0,critical account,furniture/equipment,2250.5586,<100 DM,1<= < 4 years,4.0,none,4.0,savings agreement/life insurance,1,store,own,1.0,skilled employee / official,1.0,none,yes,1,divorced/separated,1
no account,12.0,existing credits paid back duly till now,car (new),613.6161,100 <= <500 DM,4<= <7 years,4.0,none,4.0,savings agreement/life insurance,1,none,rent,1.0,skilled employee / official,1.0,yes,yes,0,divorced/separated,1
0 <= <200 DM,24.0,critical account,furniture/equipment,18424.0,<100 DM,1<= < 4 years,1.0,none,4.0,savings agreement/life insurance,1,none,rent,1.0,unemployed/ unskilled  - non-resident,1.0,none,yes,1,divorced/separated,1
no account,72.0,existing credits paid back duly till now,car (new),6963.57,<100 DM,1<= < 4 years,4.0,none,2.0,real estate,0,none,own,1.0,skilled employee / official,1.0,yes,yes,1,divorced/separated,1
0 <= <200 DM,24.0,existing credits paid back duly till now,business,1240.0,<100 DM,>=7 years,4.0,none,2.0,unknown / no property,0,none,own,1.0,unemployed/ unskilled  - non-resident,1.0,none,yes,0,divorced/separated,0
no account,18.0,existing credits paid back duly till now,radio/television,1533.9147,no savings account,1<= < 4 years,4.0,none,1.0,real estate,1,none,own,1.0,skilled employee / official,1.0,none,yes,1,divorced/separated,1
0 <= <200 DM,22.0,existing credits paid back duly till now,car (new),5151.558,<100 DM,1<= < 4 years,1.0,none,2.0,unknown / no property,0,none,own,1.0,skilled employee / official,1.0,yes,yes,0,divorced/separated,1
<0 DM,18.0,critical account,domestic appliances,672.6638,<100 DM,1<= < 4 years,4.0,none,2.0,car or other,1,none,own,1.0,unskilled - resident,1.0,none,yes,0,divorced/separated,1
0 <= <200 DM,6.0,critical account,furniture/equipment,2820.5244,<100 DM,1<= < 4 years,2.0,none,4.0,car or other,1,store,own,1.0,unemployed/ unskilled  - non-resident,1.0,yes,yes,1,divorced/separated,1
0 <= <200 DM,24.0,critical account,car (new),18424.0,<100 DM,>=7 years,3.0,none,1.0,real estate,1,none,rent,1.0,skilled employee / official,1.0,none,yes,0,divorced/separated,1
0 <= <200 DM,12.0,existing credits paid back duly till now,radio/television,1471.5887,no savings account,<1 years,4.0,none,4.0,real estate,1,none,rent,1.0,skilled employee / official,1.0,none,yes,1,divorced/separated,1
0 <= <200 DM,36.0,existing credits paid back duly till now,car (new),250.0,100 <= <500 DM,1<= < 4 years,4.0,none,3.0,car or other,0,none,own,1.0,skilled employee / official,1.0,none,yes,1,divorced/separated,1
<0 DM,12.0,critical account,furniture/equipment,2527.5117,<100 DM,>=7 years,4.0,none,3.0,savings agreement/life insurance,0,none,own,1.0,unskilled - resident,1.0,yes,yes,1,divorced/separated,0
>= 200 DM ,24.0,critical account,radio/television,908.8566,<100 DM,<1 years,4.0,none,2.0,savings agreement/life insurance,0,bank,own,1.0,skilled employee / official,1.0,yes,yes,1,divorced/separated,1
no account,30.0,existing credits paid back duly till now,car (new),250.0,no savings account,unemployed,4.0,none,2.0,savings agreement/life insurance,0,none,rent,1.0,skilled employee / official,1.0,none,yes,1,divorced/separated,1
<0 DM,8.0,existing credits paid back duly till now,car (used),1292.2415,500 <= < 1000 DM,1<= < 4 years,4.0,none,4.0,car or other,1,none,own,2.0,skilled employee / official,1.0,yes,yes,1,divorced/separated,0
no account,24.0,critical account,others,3965.0884,no savings account,4<= <7 years,2.0,none,2.0,real estate,0,none,own,1.0,unskilled - resident,1.0,yes,yes,1,divorced/separated,1
0 <= <200 DM,18.0,existing credits paid back duly till now,furniture/equipment,1748.3693,no savings account,<1 years,4.0,none,2.0,car or other,0,none,own,1.0,management/ highly qualified employee,1.0,yes,yes,0,divorced/separated,1
<0 DM,48.0,existing credits paid back duly till now,radio/television,882.82367,<100 DM,<1 years,4.0,none,2.0,savings agreement/life insurance,0,none,own,1.0,unskilled - resident,1.0,none,yes,1,divorced/separated,1
0 <= <200 DM,36.0,existing credits paid back duly till now,radio/television,250.0,no savings account,<1 years,4.0,none,4.0,unknown / no property,1,none,own,1.0,skilled employee / official,1.0,none,yes,1,divorced/separated,0
no account,12.0,existing credits paid back duly till now,others,1286.1299,<100 DM,1<= < 4 years,3.0,none,3.0,real estate,1,none,own,1.0,management/ highly qualified employee,1.0,none,yes,1,divorced/separated,1
0 <= <200 DM,12.0,critical account,car (new),1313.7375,500 <= < 1000 DM,<1 years,3.0,none,4.0,real estate,1,none,own,1.0,unskilled - resident,1.0,yes,yes,0,divorced/separated,1
<0 DM,12.0,existing credits paid back duly till now,radio/television,636.64417,no savings account,1<= < 4 years,4.0,none,1.0,car or other,1,none,own,1.0,skilled employee / official,1.0,none,yes,0,married/widowed,1
0 <= <200 DM,12.0,existing credits paid back duly till now,radio/television,2223.999,<100 DM,1<= < 4 years,2.0,none,4.0,real estate,1,none,for free,1.0,skilled employee / official,1.0,none,yes,1,divorced/separated,0
>= 200 DM ,18.0,existing credits paid back duly till now,radio/television,1867.213,<100 DM,1<= < 4 years,4.0,none,1.0,real estate,0,none,own,1.0,skilled employee / official,1.0,none,yes,0,divorced/separated,0
<0 DM,24.0,existing credits paid back duly till now,domestic appliances,250.0,<100 DM,<1 years,4.0,none,4.0,savings agreement/life insurance,1,none,own,2.0,skilled employee / official,1.0,none,yes,1,divorced/separated,0
no account,12.0,existing credits paid back duly till now,car (new),18424.0,<100 DM,unemployed,4.0,none,1.0,unknown / no property,1,none,own,1.0,skilled employee / official,1.0,yes,yes,1,divorced/separated,0
0 <= <200 DM,48.0,critical account,radio/television,250.0,<100 DM,1<= < 4 years,4.0,none,4.0,savings agreement/life insurance,1,none,own,1.0,skilled employee / official,1.0,none,yes,1,divorced/separated,1
no account,4.0,existing credits paid back duly till now,furniture/equipment,1434.3689,no savings account,1<= < 4 years,4.0,none,4.0,car or other,0,none,own,4.0,skilled employee / official,1.0,none,yes,1,divorced/separated,0
<0 DM,12.0,no credits taken,radio/television,1189.7701,<100 DM,>=7 years,3.0,none,2.0,savings agreement/life insurance,1,none,own,1.0,skilled employee / official,1.0,none,yes,1,divorced/separated,1
no account,24.0,existing credits paid back duly till now,furniture/equipment,4593.304,<100 DM,>=7 years,1.0,none,2.0,savings agreement/life insurance,1,none,rent,1.0,skilled employee / official,1.0,none,yes,0,married/widowed,1
<0 DM,12.0,critical account,car (used),884.6972,<100 DM,<1 years,4.0,none,2.0,car or other,1,none,own,1.0,skilled employee / official,1.0,none,yes,0,divorced/separated,1
>= 200 DM ,12.0,existing credits paid back duly till now,radio/television,1216.0,no savings account,1<= < 4 years,4.0,none,1.0,real estate,1,bank,own,1.0,skilled employee / official,1.0,yes,yes,1,divorced/separated,0
<0 DM,15.0,existing credits paid back duly till now,furniture/equipment,4280.3945,<100 DM,>=7 years,4.0,none,1.0,car or other,0,none,own,1.0,management/ highly qualified employee,1.0,none,yes,0,divorced/separated,1
no account,12.0,existing credits paid back duly till now,car (new),7118.535,100 <= <500 DM,>=7 years,3.0,none,3.0,car or other,1,none,rent,1.0,management/ highly qualified employee,1.0,none,yes,0,married/widowed,0
<0 DM,36.0,existing credits paid back duly till now,radio/television,5827.719,no savings account,<1 years,2.0,none,4.0,savings agreement/life insurance,0,none,own,4.0,skilled employee / official,1.0,yes,yes,0,divorced/separated,1
<0 DM,4.0,existing credits paid back duly till now,furniture/equipment,18424.0,<100 DM,1<= < 4 years,4.0,none,4.0,real estate,1,none,own,2.0,unskilled - resident,1.0,yes,yes,1,divorced/separated,1
0 <= <200 DM,6.0,existing credits paid back duly till now,radio/television,2925.1526,no savings account,<1 years,2.0,none,2.0,real estate,1,none,for free,4.0,management/ highly qualified employee,1.0,none,yes,0,divorced/separated,1
0 <= <200 DM,12.0,critical account,radio/television,250.0,no savings account,4<= <7 years,4.0,none,1.0,savings agreement/life insurance,1,none,own,1.0,unskilled - resident,1.0,none,yes,1,divorced/separated,1
<0 DM,6.0,delay in paying off,business,250.0,<100 DM,>=7 years,4.0,none,1.0,savings agreement/life insurance,0,none,own,1.0,unskilled - resident,1.0,yes,yes,1,divorced/separated,0
<0 DM,18.0,critical account,education,975.8894,<100 DM,1<= < 4 years,4.0,none,4.0,savings agreement/life insurance,0,none,own,1.0,skilled employee / official,1.0,none,yes,1,divorced/separated,0
0 <= <200 DM,6.0,existing credits paid back duly till now,car (new),2100.901,<100 DM,>=7 years,4.0,none,2.0,car or other,1,bank,own,1.0,unskilled - resident,1.0,none,yes,0,divorced/separated,1
no account,12.0,existing credits paid back duly till now,car (new),18424.0,no savings account,>=7 years,2.0,none,4.0,car or other,1,none,own,2.0,skilled employee / official,1.0,none,yes,0,divorced/separated,1
no account,12.0,critical account,car (new),10180.596,no savings account,<1 years,4.0,none,2.0,savings agreement/life insurance,1,none,own,1.0,skilled employee / official,1.0,none,yes,1,divorced/separated,0
no account,36.0,existing credits paid back duly till now,car (new),18424.0,<100 DM,1<= < 4 years,4.0,none,4.0,savings agreement/life insurance,0,none,rent,1.0,skilled employee / official,1.0,none,yes,1,divorced/separated,1
no account,27.0,critical account,car (new),18424.0,<100 DM,>=7 years,4.0,none,2.0,real estate,0,none,rent,1.0,skilled employee / official,1.0,none,yes,0,divorced/separated,1
0 <= <200 DM,4.0,existing credits paid back duly till now,business,18424.0,<100 DM,>=7 years,2.0,none,4.0,unknown / no property,1,bank,own,1.0,skilled employee / official,1.0,yes,yes,1,divorced/separated,1
<0 DM,9.0,existing credits paid back duly till now,furniture/equipment,18424.0,no savings account,unemployed,4.0,none,2.0,car or other,1,none,own,1.0,management/ highly qualified employee,1.0,none,yes,0,divorced/separated,1
0 <= <200 DM,9.0,critical account,car (new),6459.2466,no savings account,1<= < 4 years,2.0,none,3.0,real estate,0,none,own,1.0,skilled employee / official,1.0,none,yes,1,divorced/separated,0
no account,24.0,existing credits paid back duly till now,radio/television,1543.7104,<100 DM,<1 years,3.0,none,4.0,car or other,1,none,own,1.0,skilled employee / official,1.0,yes,yes,1,divorced/separated,1
>= 200 DM ,24.0,existing credits paid back duly till now,furniture/equipment,1294.0956,<100 DM,1<= < 4 years,4.0,none,1.0,savings agreement/life insurance,0,none,own,1.0,management/ highly qualified employee,1.0,none,no,1,divorced/separated,0
0 <= <200 DM,4.0,critical account,car (new),250.0,<100 DM,>=7 years,4.0,none,3.0,savings agreement/life insurance,1,none,own,1.0,skilled employee / official,1.0,yes,yes,0,divorced/separated,1
<0 DM,15.0,existing credits paid back duly till now,radio/television,2832.1506,<100 DM,1<= < 4 years,4.0,none,1.0,savings agreement/life insurance,0,none,own,1.0,unskilled - resident,1.0,yes,yes,0,divorced/separated,1
<0 DM,18.0,existing credits paid back duly till now,radio/television,250.0,no savings account,1<= < 4 years,4.0,none,3.0,real estate,0,none,rent,2.0,skilled employee / official,1.0,none,yes,1,divorced/separated,1
0 <= <200 DM,24.0,existing credits paid back duly till now,furniture/equipment,250.0,<100 DM,1<= < 4 years,4.0,none,4.0,real estate,1,none,own,2.0,skilled employee / official,1.0,none,yes,0,divorced/separated,1
>= 200 DM ,12.0,critical account,radio/television,2928.866,<100 DM,>=7 years,4.0,none,1.0,car or other,0,none,rent,1.0,skilled employee / official,1.0,none,yes,1,divorced/separated,0
no account,30.0,no credits taken,car (new),1513.1804,<100 DM,1<= < 4 years,4.0,none,4.0,car or other,0,none,own,1.0,unskilled - resident,1.0,none,yes,0,divorced/separated,1
no account,12.0,existing credits paid back duly till now,education,4177.4307,<100 DM,<1 years,2.0,none,4.0,car or other,0,none,own,2.0,skilled employee / official,1.0,yes,yes,1,divorced/separated,1
<0 DM,9.0,existing credits paid back duly till now,business,949.8634,<100 DM,1<= < 4 years,3.0,none,4.0,savings agreement/life insurance,0,none,own,1.0,skilled employee / official,1.0,yes,yes,1,divorced/separated,0
no account,18.0,existing credits paid back duly till now,radio/television,2751.1736,<100 DM,>=7 years,3.0,none,2.0,savings agreement/life insurance,1,bank,own,1.0,skilled employee / official,1.0,none,yes,0,divorced/separated,1
<0 DM,12.0,existing credits paid back duly till now,car (new),1495.879,<100 DM,1<= < 4 years,3.0,none,3.0,real estate,1,none,own,1.0,skilled employee / official,1.0,none,yes,1,divorced/separated,1
<0 DM,12.0,critical account,furniture/equipment,3869.8333,<100 DM,1<= < 4 years,1.0,none,4.0,car or other,1,none,own,1.0,management/ highly qualified employee,1.0,yes,yes,1,divorced/separated,1
<0 DM,4.0,all credits at this bank paid back duly,radio/television,2784.4832,>= 1000 DM,4<= <7 years,3.0,none,3.0,unknown / no property,0,none,own,1.0,management/ highly qualified employee,1.0,none,yes,0,divorced/separated,0
0 <= <200 DM,10.0,critical account,furniture/equipment,250.0,>= 1000 DM,<1 years,2.0,none,3.0,savings agreement/life insurance,1,none,own,1.0,skilled employee / official,1.0,none,yes,1,divorced/separated,1
no account,15.0,critical account,radio/television,393.7774,500 <= < 1000 DM,<1 years,3.0,none,2.0,car or other,1,none,own,1.0,skilled employee / official,1.0,none,yes,1,divorced/separated,0
0 <= <200 DM,24.0,existing credits paid back duly till now,radio/television,2495.2324,no savings account,1<= < 4 years,2.0,none,3.0,savings agreement/life insurance,0,bank,rent,1.0,management/ highly qualified employee,1.0,yes,yes,1,divorced/separated,1
0 <= <200 DM,18.0,existing credits paid back duly till now,radio/television,250.0,<100 DM,1<= < 4 years,4.0,none,4.0,real estate,0,bank,own,2.0,management/ highly qualified employee,1.0,none,yes,1,divorced/separated,1
no account,18.0,existing credits paid back duly till now,furniture/equipment,8484.939,<100 DM,1<= < 4 years,4.0,none,4.0,car or other,0,none,own,2.0,management/ highly qualified employee,1.0,yes,yes,0,divorced/separated,1
0 <= <200 DM,12.0,critical account,repairs,1236.2533,no savings account,1<= < 4 years,4.0,none,2.0,unknown / no property,1,store,own,1.0,skilled employee / official,1.0,yes,yes,1,divorced/separated,1
no account,4.0,existing credits paid back duly till now,car (new),4314.484,<100 DM,unemployed,4.0,none,3.0,car or other,1,bank,own,1.0,skilled employee / official,1.0,yes,yes,1,divorced/separated,1
0 <= <200 DM,4.0,existing credits paid back duly till now,business,2240.6562,<100 DM,>=7 years,2.0,none,4.0,car or other,1,none,own,1.0,unemployed/ unskilled  - non-resident,1.0,none,yes,1,divorced/separated,1
<0 DM,24.0,critical account,radio/television,2333.0,<100 DM,>=7 years,4.0,none,2.0,unknown / no property,0,none,own,1.0,unemployed/ unskilled  - non-resident,1.0,none,yes,1,divorced/separated,0
<0 DM,36.0,existing credits paid back duly till now,radio/television,250.0,<100 DM,1<= < 4 years,4.0,none,2.0,savings agreement/life insurance,1,none,own,2.0,skilled employee / official,1.0,none,yes,1,divorced/separated,1
<0 DM,24.0,critical account,radio/television,2674.618,100 <= <500 DM,>=7 years,4.0,none,3.0,unknown / no property,0,none,own,2.0,management/ highly qualified employee,1.0,none,yes,0,divorced/separated,1
no account,15.0,critical account,car (new),2674.1094,<100 DM,1<= < 4 years,4.0,none,1.0,real estate,1,none,for free,1.0,skilled employee / official,1.0,yes,yes,1,divorced/separated,1
0 <= <200 DM,12.0,critical account,car (new),18424.0,<100 DM,<1 years,4.0,none,2.0,car or other,0,bank,rent,1.0,unskilled - resident,1.0,yes,yes,0,divorced/separated,0
0 <= <200 DM,24.0,existing credits paid back duly till now,repairs,250.0,no savings account,>=7 years,4.0,none,4.0,real estate,1,none,rent,1.0,skilled employee / official,1.0,none,yes,1,divorced/separated,1
no account,9.0,existing credits paid back duly till now,radio/television,727.4175,100 <= <500 DM,1<= < 4 years,4.0,guarantor,2.0,car or other,1,bank,rent,1.0,unskilled - resident,1.0,yes,yes,0,divorced/separated,0
no account,12.0,existing credits paid back duly till now,furniture/equipment,250.0,100 <= <500 DM,1<= < 4 years,4.0,none,2.0,car or other,0,bank,own,1.0,management/ highly qualified employee,1.0,none,yes,1,divorced/separated,1
0 <= <200 DM,24.0,critical account,radio/television,2336.0405,<100 DM,1<= < 4 years,1.0,none,3.0,unknown / no property,0,none,rent,1.0,unskilled - resident,1.0,none,yes,1,divorced/separated,1
no account,18.0,critical account,repairs,250.0,no savings account,4<= <7 years,4.0,none,3.0,savings agreement/life insurance,1,none,own,1.0,skilled employee / official,1.0,none,yes,1,divorced/separated,1
no account,14.0,existing credits paid back duly till now,car (new),18424.0,100 <= <500 DM,4<= <7 years,4.0,none,3.0,car or other,1,none,own,1.0,skilled employee / official,1.0,none,yes,1,divorced/separated,0
0 <= <200 DM,12.0,existing credits paid back duly till now,retraining,452.7869,no savings account,1<= < 4 years,2.0,none,4.0,car or other,1,bank,own,1.0,management/ highly qualified employee,1.0,yes,yes,0,divorced/separated,1
<0 DM,18.0,critical account,repairs,708.4792,<100 DM,<1 years,4.0,none,2.0,real estate,1,none,own,1.0,skilled employee / official,1.0,none,yes,1,divorced/separated,1
0 <= <200 DM,36.0,critical account,radio/television,1516.4706,<100 DM,>=7 years,4.0,none,2.0,real estate,0,none,own,1.0,unskilled - resident,1.0,none,yes,1,divorced/separated,1
>= 200 DM ,12.0,all credits at this bank paid back duly,business,1021.5862,no savings account,<1 years,4.0,none,2.0,car or other,1,none,for free,1.0,unskilled - resident,1.0,yes,yes,1,married/widowed,1
<0 DM,4.0,delay in paying off,business,1550.8422,100 <= <500 DM,1<= < 4 years,4.0,none,2.0,savings agreement/life insurance,1,none,own,1.0,unskilled - resident,1.0,none,yes,0,divorced/separated,1
no account,12.0,existing credits paid back duly till now,car (used),2620.4783,no savings account,unemployed,3.0,none,4.0,real estate,1,bank,own,1.0,management/ highly qualified employee,1.0,none,yes,1,divorced/separated,1
no account,12.0,existing credits paid back duly till now,furniture/equipment,250.0,no savings account,1<= < 4 years,4.0,none,4.0,savings agreement/life insurance,1,none,own,1.0,unskilled - resident,1.0,none,yes,1,divorced/separated,0
<0 DM,24.0,critical account,radio/television,1343.3492,<100 DM,<1 years,2.0,none,2.0,car or other,0,bank,own,1.0,skilled employee / official,1.0,none,no,0,divorced/separated,0
no account,12.0,existing credits paid back duly till now,car (used),18424.0,<100 DM,4<= <7 years,1.0,none,4.0,car or other,1,none,own,1.0,skilled employee / official,1.0,yes,yes,1,divorced/separated,1
0 <= <200 DM,4.0,critical account,furniture/equipment,2535.3464,<100 DM,1<= < 4 years,4.0,none,4.0,savings agreement/life insurance,1,none,own,1.0,skilled employee / official,1.0,none,yes,1,divorced/separated,1
0 <= <200 DM,12.0,existing credits paid back duly till now,furniture/equipment,1352.6735,100 <= <500 DM,4<= <7 years,1.0,none,4.0,car or other,1,bank,own,1.0,unskilled - resident,1.0,none,yes,0,divorced/separated,1
no account,12.0,delay in paying off,furniture/equipment,1236.0,<100 DM,>=7 years,4.0,none,4.0,savings agreement/life insurance,1,bank,own,1.0,management/ highly qualified employee,1.0,none,yes,1,divorced/separated,1
no account,4.9645967,critical account,car (new),2212.2954,no savings account,4<= <7 years,3.0,none,4.0,savings agreement/life insurance,0,none,own,1.0,skilled employee / official,1.0,none,yes,1,divorced/separated,1
no account,4.0,existing credits paid back duly till now,business,18424.0,no savings account,>=7 years,1.0,none,4.0,car or other,0,none,own,1.0,skilled employee / official,1.0,yes,yes,1,divorced/separated,1
0 <= <200 DM,24.0,delay in paying off,car (new),9802.687,<100 DM,1<= < 4 years,3.0,none,2.0,real estate,1,none,own,1.0,unemployed/ unskilled  - non-resident,1.0,yes,yes,1,divorced/separated,1
<0 DM,6.0,existing credits paid back duly till now,furniture/equipment,1258.0,no savings account,<1 years,1.0,none,2.0,real estate,0,none,own,1.0,skilled employee / official,1.0,none,yes,1,married/widowed,0
0 <= <200 DM,15.0,existing credits paid back duly till now,furniture/equipment,3059.033,<100 DM,>=7 years,3.0,none,4.0,real estate,1,none,for free,2.0,unskilled - resident,1.0,none,yes,1,divorced/separated,0
no account,12.0,critical account,car (new),1414.1908,500 <= < 1000 DM,>=7 years,4.0,none,1.0,savings agreement/life insurance,0,none,rent,1.0,management/ highly qualified employee,1.0,yes,yes,0,divorced/separated,1
no account,4.0,no credits taken,furniture/equipment,1240.3185,<100 DM,unemployed,4.0,none,4.0,car or other,1,none,rent,1.0,management/ highly qualified employee,1.0,yes,yes,0,divorced/separated,1
0 <= <200 DM,18.0,existing credits paid back duly till now,radio/television,3358.0364,<100 DM,<1 years,4.0,none,4.0,real estate,0,none,own,2.0,skilled employee / official,1.0,none,yes,1,divorced/separated,1
no account,72.0,existing credits paid back duly till now,radio/television,2462.3376,<100 DM,>=7 years,3.0,none,4.0,savings agreement/life insurance,1,none,for free,1.0,skilled employee / official,1.0,none,yes,1,divorced/separated,1
no account,6.0,existing credits paid back duly till now,radio/television,18424.0,<100 DM,1<= < 4 years,1.0,none,4.0,car or other,1,none,own,2.0,management/ highly qualified employee,1.0,none,yes,0,divorced/separated,0
no account,24.0,existing credits paid back duly till now,furniture/equipment,1379.5922,no savings account,4<= <7 years,2.0,none,2.0,car or other,1,none,own,1.0,management/ highly qualified employee,1.0,none,yes,0,divorced/separated,0
0 <= <200 DM,36.0,critical account,furniture/equipment,1281.9397,no savings account,4<= <7 years,4.0,none,3.0,car or other,1,none,own,1.0,unskilled - resident,1.0,yes,yes,1,divorced/separated,0
<0 DM,12.0,critical account,radio/television,250.0,<100 DM,>=7 years,4.0,none,4.0,savings agreement/life insurance,0,bank,own,2.0,unemployed/ unskilled  - non-resident,1.0,none,yes,1,divorced/separated,0
0 <= <200 DM,18.0,critical account,furniture/equipment,1007.631,<100 DM,<1 years,4.0,none,1.0,car or other,1,none,rent,1.0,skilled employee / official,1.0,none,yes,1,divorced/separated,0
0 <= <200 DM,4.0,existing credits paid back duly till now,car (new),8081.659,500 <= < 1000 DM,>=7 years,1.0,none,3.0,savings agreement/life insurance,1,none,own,1.0,skilled employee / official,1.0,none,yes,1,divorced/separated,1
0 <= <200 DM,12.0,critical account,radio/television,762.1931,no savings account,4<= <7 years,4.0,none,2.0,savings agreement/life insurance,1,none,own,1.0,skilled employee / official,1.0,yes,yes,0,divorced/separated,1
<0 DM,12.0,existing credits paid back duly till now,repairs,1308.9568,no savings account,<1 years,2.0,guarantor,2.0,car or other,1,none,own,1.0,unskilled - resident,1.0,yes,yes,0,divorced/separated,0
<0 DM,24.0,existing credits paid back duly till now,radio/television,250.0,<100 DM,>=7 years,4.0,none,3.0,unknown / no property,1,none,own,1.0,skilled employee / official,1.0,none,yes,1,divorced/separated,1
<0 DM,12.0,existing credits paid back duly till now,others,1940.0,no savings account,4<= <7 years,4.0,none,4.0,unknown / no property,1,bank,own,4.0,management/ highly qualified employee,1.0,yes,yes,1,divorced/separated,1
no account,24.0,existing credits paid back duly till now,car (new),250.0,no savings account,>=7 years,4.0,none,3.0,savings agreement/life insurance,1,none,rent,1.0,management/ highly qualified employee,1.0,none,yes,0,divorced/separated,1
no account,4.0,existing credits paid back duly till now,radio/television,18424.0,<100 DM,>=7 years,3.0,none,4.0,unknown / no property,0,none,own,4.0,management/ highly qualified employee,1.0,none,yes,0,divorced/separated,1
no account,6.0,existing credits paid back duly till now,furniture/equipment,3617.2166,no savings account,1<= < 4 years,1.0,none,4.0,car or other,0,none,own,4.0,unskilled - resident,1.0,yes,yes,0,divorced/separated,1
<0 DM,15.0,critical account,education,1541.8364,no savings account,unemployed,2.0,none,2.0,real estate,1,none,own,1.0,unskilled - resident,1.0,none,yes,0,divorced/separated,1
no account,18.0,existing credits paid back duly till now,car (used),3842.8638,<100 DM,>=7 years,4.0,none,2.0,savings agreement/life insurance,1,none,own,1.0,skilled employee / official,1.0,none,yes,1,divorced/separated,1
no account,21.0,existing credits paid back duly till now,retraining,250.0,500 <= < 1000 DM,1<= < 4 years,4.0,none,4.0,savings agreement/life insurance,0,none,own,1.0,skilled employee / official,1.0,yes,yes,0,divorced/separated,1
<0 DM,24.0,existing credits paid back duly till now,retraining,2991.73,no savings account,1<= < 4 years,4.0,none,4.0,real estate,1,none,own,1.0,skilled employee / official,1.0,yes,yes,1,divorced/separated,0
no account,12.0,existing credits paid back duly till now,business,250.0,no savings account,4<= <7 years,4.0,none,3.0,savings agreement/life insurance,1,none,own,1.0,unskilled - resident,1.0,none,yes,0,married/widowed,1
no account,15.0,existing credits paid back duly till now,domestic appliances,2034.4556,500 <= < 1000 DM,1<= < 4 years,1.0,none,3.0,real estate,1,none,own,1.0,skilled employee / official,1.0,none,yes,1,divorced/separated,0
0 <= <200 DM,72.0,existing credits paid back duly till now,furniture/equipment,3516.7886,no savings account,<1 years,4.0,none,4.0,real estate,0,none,for free,1.0,unskilled - resident,1.0,yes,yes,1,divorced/separated,1
no account,36.0,critical account,domestic appliances,1193.9711,100 <= <500 DM,unemployed,4.0,none,1.0,car or other,0,none,rent,1.0,skilled employee / official,1.0,none,yes,0,divorced/separated,1
>= 200 DM ,10.0,existing credits paid back duly till now,retraining,709.0,no savings account,<1 years,3.0,none,2.0,unknown / no property,1,none,rent,1.0,skilled employee / official,1.0,yes,yes,1,divorced/separated,1
<0 DM,12.0,critical account,education,250.0,<100 DM,4<= <7 years,4.0,none,2.0,savings agreement/life insurance,1,none,rent,1.0,management/ highly qualified employee,1.0,none,yes,1,divorced/separated,1
<0 DM,15.0,existing credits paid back duly till now,car (new),250.0,<100 DM,<1 years,4.0,none,3.0,real estate,1,bank,own,1.0,skilled employee / official,1.0,none,no,1,divorced/separated,1
no account,12.0,existing credits paid back duly till now,car (new),250.0,<100 DM,1<= < 4 years,4.0,none,3.0,real estate,1,none,own,1.0,skilled employee / official,1.0,none,yes,1,married/widowed,1
0 <= <200 DM,18.0,existing credits paid back duly till now,car (new),1358.343,<100 DM,1<= < 4 years,4.0,none,1.0,unknown / no property,1,none,for free,1.0,unskilled - resident,1.0,none,yes,0,divorced/separated,0
<0 DM,15.0,existing credits paid back duly till now,car (new),3836.3992,<100 DM,4<= <7 years,4.0,none,4.0,car or other,1,bank,own,1.0,skilled employee / official,1.0,yes,yes,1,divorced/separated,0
<0 DM,12.0,delay in paying off,business,1478.0,<100 DM,>=7 years,4.0,none,1.0,car or other,1,none,own,1.0,skilled employee / official,1.0,none,yes,0,divorced/separated,1
>= 200 DM ,12.0,existing credits paid back duly till now,furniture/equipment,18424.0,<100 DM,1<= < 4 years,4.0,none,4.0,unknown / no property,1,none,own,1.0,skilled employee / official,1.0,yes,yes,0,divorced/separated,1
no account,12.0,existing credits paid back duly till now,radio/television,3978.7275,<100 DM,4<= <7 years,4.0,none,4.0,car or other,0,none,for free,1.0,skilled employee / official,1.0,none,yes,1,divorced/separated,1
no account,30.0,all credits at this bank paid back duly,radio/television,250.0,no savings account,1<= < 4 years,4.0,none,3.0,real estate,0,bank,own,2.0,unskilled - resident,1.0,none,yes,0,divorced/separated,1
0 <= <200 DM,12.0,critical account,car (new),958.1494,no savings account,>=7 years,4.0,none,1.0,savings agreement/life insurance,0,none,own,1.0,unskilled - resident,1.0,yes,yes,0,divorced/separated,1
>= 200 DM ,30.0,existing credits paid back duly till now,car (used),961.471,no savings account,1<= < 4 years,4.0,none,1.0,savings agreement/life insurance,0,none,own,1.0,management/ highly qualified employee,1.0,yes,yes,0,divorced/separated,1
no account,9.0,critical account,furniture/equipment,1049.0969,<100 DM,1<= < 4 years,4.0,none,4.0,savings agreement/life insurance,1,bank,for free,2.0,skilled employee / official,1.0,none,yes,0,divorced/separated,1
<0 DM,9.0,existing credits paid back duly till now,radio/television,1024.6349,<100 DM,1<= < 4 years,4.0,none,4.0,unknown / no property,1,none,rent,1.0,management/ highly qualified employee,1.0,none,yes,1,divorced/separated,1
no account,18.0,existing credits paid back duly till now,car (new),8454.807,<100 DM,1<= < 4 years,1.0,none,3.0,real estate,0,none,own,1.0,unskilled - resident,1.0,none,yes,1,divorced/separated,1
<0 DM,12.0,critical account,car (new),250.0,<100 DM,4<= <7 years,2.0,none,4.0,car or other,0,none,own,1.0,unskilled - resident,1.0,none,yes,1,divorced/separated,1
<0 DM,15.0,critical account,furniture/equipment,250.0,no savings account,<1 years,3.0,none,4.0,savings agreement/life insurance,1,bank,own,1.0,skilled employee / official,1.0,yes,yes,1,divorced/separated,1
0 <= <200 DM,24.0,critical account,radio/television,663.2617,<100 DM,>=7 years,4.0,none,4.0,unknown / no property,1,none,own,4.0,skilled employee / official,1.0,none,yes,1,divorced/separated,0
<0 DM,18.0,critical account,radio/television,250.0,<100 DM,>=7 years,4.0,none,4.0,car or other,1,none,for free,1.0,unskilled - resident,1.0,yes,yes,1,divorced/separated,1
no account,12.0,critical account,retraining,2125.7903,<100 DM,4<= <7 years,4.0,none,3.0,savings agreement/life insurance,1,none,own,1.0,unskilled - resident,1.0,none,yes,1,divorced/separated,1
0 <= <200 DM,21.0,critical account,domestic appliances,4454.5337,no savings account,<1 years,4.0,none,3.0,unknown / no property,0,none,own,1.0,skilled employee / official,1.0,none,yes,0,divorced/separated,1
no account,24.0,existing credits paid back duly till now,furniture/equipment,1002.78955,<100 DM,4<= <7 years,4.0,none,2.0,car or other,0,none,rent,1.0,unskilled - resident,1.0,yes,yes,1,divorced/separated,1
no account,24.0,existing credits paid back duly till now,car (new),5186.143,<100 DM,>=7 years,4.0,none,3.0,savings agreement/life insurance,1,none,own,1.0,unskilled - resident,1.0,yes,yes,0,divorced/separated,1
no account,8.0,existing credits paid back duly till now,business,250.0,<100 DM,1<= < 4 years,4.0,none,2.0,real estate,1,store,for free,2.0,unskilled - resident,1.0,none,yes,0,divorced/separated,1
0 <= <200 DM,72.0,delay in paying off,furniture/equipment,250.0,<100 DM,4<= <7 years,4.0,none,1.0,savings agreement/life insurance,1,bank,own,1.0,skilled employee / official,1.0,yes,yes,1,divorced/separated,0
0 <= <200 DM,12.0,existing credits paid back duly till now,car (new),3520.1838,<100 DM,>=7 years,4.0,none,2.0,car or other,0,none,own,1.0,skilled employee / official,1.0,yes,yes,1,divorced/separated,1
no account,48.0,critical account,furniture/equipment,4308.3003,500 <= < 1000 DM,1<= < 4 years,4.0,none,3.0,unknown / no property,0,bank,own,1.0,skilled employee / official,1.0,none,yes,0,divorced/separated,1
no account,4.0,existing credits paid back duly till now,domestic appliances,250.0,<100 DM,4<= <7 years,3.0,none,3.0,car or other,1,none,own,2.0,skilled employee / official,1.0,none,yes,0,divorced/separated,1
no account,18.0,existing credits paid back duly till now,radio/television,250.0,no savings account,<1 years,2.0,none,3.0,savings agreement/life insurance,1,bank,for free,1.0,management/ highly qualified employee,1.0,none,yes,0,divorced/separated,1
no account,12.0,existing credits paid back duly till now,business,1479.4027,<100 DM,<1 years,4.0,none,2.0,savings agreement/life insurance,1,none,rent,1.0,unskilled - resident,1.0,none,yes,1,divorced/separated,1
no account,18.0,existing credits paid back duly till now,business,250.0,<100 DM,1<= < 4 years,4.0,none,1.0,car or other,1,none,own,1.0,skilled employee / official,1.0,none,yes,0,divorced/separated,1
<0 DM,18.0,no credits taken,radio/television,250.0,<100 DM,<1 years,4.0,none,3.0,car or other,0,none,own,3.0,skilled employee / official,1.0,none,yes,1,divorced/separated,1
no account,15.0,existing credits paid back duly till now,radio/television,250.0,no savings account,1<= < 4 years,4.0,none,4.0,savings agreement/life insurance,0,none,own,4.0,skilled employee / official,1.0,none,yes,0,divorced/separated,1
<0 DM,15.0,critical account,domestic appliances,1553.862,<100 DM,>=7 years,4.0,none,1.0,car or other,0,none,for free,1.0,skilled employee / official,1.0,none,yes,0,divorced/separated,0
0 <= <200 DM,4.0,existing credits paid back duly till now,furniture/equipment,3234.409,<100 DM,4<= <7 years,2.0,none,2.0,savings agreement/life insurance,1,none,for free,1.0,skilled employee / official,1.0,none,yes,0,divorced/separated,0
<0 DM,4.0,existing credits paid back duly till now,car (new),18424.0,<100 DM,>=7 years,2.0,none,4.0,real estate,1,none,own,1.0,skilled employee / official,1.0,none,yes,1,divorced/separated,1
0 <= <200 DM,20.0,delay in paying off,radio/television,3077.7698,no savings account,1<= < 4 years,4.0,none,3.0,real estate,0,none,own,1.0,skilled employee / official,1.0,none,yes,1,divorced/separated,0
0 <= <200 DM,4.0,existing credits paid back duly till now,radio/television,1494.2804,no savings account,>=7 years,2.0,none,4.0,savings agreement/life insurance,1,none,own,1.0,management/ highly qualified employee,1.0,yes,yes,1,divorced/separated,1
no account,24.0,all credits at this bank paid back duly,business,338.66595,100 <= <500 DM,1<= < 4 years,4.0,none,1.0,car or other,0,bank,own,1.0,management/ highly qualified employee,1.0,yes,yes,0,divorced/separated,0
0 <= <200 DM,18.0,existing credits paid back duly till now,business,1865.7784,<100 DM,unemployed,4.0,none,2.0,savings agreement/life insurance,1,store,for free,1.0,unemployed/ unskilled  - non-resident,1.0,yes,yes,1,divorced/separated,0
0 <= <200 DM,12.0,existing credits paid back duly till now,furniture/equipment,5830.5996,<100 DM,<1 years,2.0,none,4.0,real estate,0,none,own,1.0,skilled employee / official,1.0,none,yes,1,divorced/separated,1
<0 DM,18.0,existing credits paid back duly till now,radio/television,1157.0596,no savings account,1<= < 4 years,4.0,none,4.0,real estate,1,none,own,1.0,skilled employee / official,1.0,none,yes,1,divorced/separated,1
<0 DM,24.0,existing credits paid back duly till now,business,3565.8127,<100 DM,<1 years,2.0,none,4.0,real estate,0,none,rent,1.0,skilled employee / official,1.0,none,yes,1,divorced/separated,0
no account,9.0,existing credits paid back duly till now,radio/television,18424.0,<100 DM,4<= <7 years,1.0,none,4.0,real estate,1,none,own,1.0,unskilled - resident,1.0,none,yes,1,divorced/separated,1
no account,12.0,delay in paying off,radio/television,250.0,<100 DM,>=7 years,4.0,none,3.0,car or other,1,none,own,1.0,skilled employee / official,1.0,yes,yes,1,divorced/separated,1
<0 DM,24.0,critical account,others,2828.3872,<100 DM,>=7 years,2.0,none,3.0,savings agreement/life insurance,1,bank,rent,1.0,management/ highly qualified employee,1.0,none,yes,0,married/widowed,1
no account,6.0,all credits at this bank paid back duly,car (new),7872.9097,<100 DM,1<= < 4 years,4.0,none,4.0,unknown / no property,1,none,own,1.0,skilled employee / official,1.0,yes,yes,0,divorced/separated,1
0 <= <200 DM,18.0,critical account,domestic appliances,3314.8955,100 <= <500 DM,1<= < 4 years,2.0,none,4.0,car or other,1,bank,own,1.0,skilled employee / official,1.0,none,yes,1,divorced/separated,1
0 <= <200 DM,36.0,delay in paying off,radio/television,4042.0,100 <= <500 DM,1<= < 4 years,4.0,none,1.0,real estate,0,none,own,1.0,skilled employee / official,1.0,none,yes,1,divorced/separated,1
0 <= <200 DM,4.0,existing credits paid back duly till now,car (new),1203.0018,<100 DM,1<= < 4 years,2.0,none,4.0,unknown / no property,1,none,own,1.0,skilled employee / official,1.0,none,yes,0,divorced/separated,1
no account,18.0,critical account,car (used),2751.4985,<100 DM,unemployed,3.0,none,3.0,car or other,1,bank,own,1.0,skilled employee / official,1.0,yes,yes,1,divorced/separated,1
0 <= <200 DM,18.0,critical account,car (new),1542.3824,100 <= <500 DM,unemployed,4.0,none,3.0,car or other,1,none,rent,1.0,skilled employee / official,1.0,none,yes,1,divorced/separated,1
no account,12.0,critical account,car (new),3959.0,<100 DM,1<= < 4 years,1.0,none,4.0,car or other,1,bank,own,1.0,skilled employee / official,1.0,yes,yes,1,married/widowed,1
0 <= <200 DM,9.0,critical account,radio/television,250.0,<100 DM,>=7 years,2.0,none,4.0,car or other,0,none,own,4.0,management/ highly qualified employee,1.0,none,yes,0,divorced/separated,0
<0 DM,4.0,critical account,radio/television,3356.2056,<100 DM,>=7 years,2.0,guarantor,2.0,savings agreement/life insurance,1,none,rent,1.0,skilled employee / official,1.0,yes,no,0,divorced/separated,0
0 <= <200 DM,4.0,existing credits paid back duly till now,radio/television,2580.9092,no savings account,<1 years,3.0,none,4.0,savings agreement/life insurance,1,none,own,1.0,unskilled - resident,1.0,yes,yes,1,divorced/separated,1
no account,36.0,existing credits paid back duly till now,car (new),2417.494,<100 DM,<1 years,4.0,none,4.0,car or other,1,none,own,1.0,management/ highly qualified employee,1.0,none,yes,0,divorced/separated,0
no account,24.0,critical account,radio/television,1295.5525,<100 DM,1<= < 4 years,4.0,none,2.0,car or other,0,store,own,1.0,unskilled - resident,1.0,none,yes,1,divorced/separated,1
<0 DM,15.0,critical account,radio/television,1942.9253,no savings account,>=7 years,2.0,none,4.0,unknown / no property,1,none,own,1.0,management/ highly qualified employee,1.0,none,yes,1,divorced/separated,1
no account,18.0,all credits at this bank paid back duly,car (new),3016.9468,no savings account,1<= < 4 years,4.0,none,2.0,savings agreement/life insurance,1,none,own,1.0,skilled employee / official,1.0,none,yes,1,divorced/separated,1
0 <= <200 DM,15.0,existing credits paid back duly till now,car (new),609.0,100 <= <500 DM,1<= < 4 years,3.0,none,4.0,real estate,0,none,rent,2.0,unemployed/ unskilled  - non-resident,1.0,none,yes,0,divorced/separated,1
no account,4.0,critical account,furniture/equipment,250.0,>= 1000 DM,4<= <7 years,4.0,none,4.0,car or other,1,none,own,1.0,skilled employee / official,1.0,none,yes,1,divorced/separated,1
<0 DM,15.49492,critical account,domestic appliances,2578.0,<100 DM,<1 years,4.0,none,2.0,car or other,1,none,own,1.0,management/ highly qualified employee,1.0,yes,yes,1,divorced/separated,1
<0 DM,36.0,critical account,business,1203.9442,no savings account,<1 years,4.0,none,4.0,car or other,0,none,own,1.0,unskilled - resident,1.0,yes,yes,0,divorced/separated,1
<0 DM,4.0,existing credits paid back duly till now,radio/television,1797.1357,<100 DM,<1 years,4.0,none,4.0,real estate,1,none,for free,1.0,skilled employee / official,1.0,none,yes,0,divorced/separated,1
no account,36.0,existing credits paid back duly till now,car (new),1502.9254,<100 DM,<1 years,4.0,none,4.0,savings agreement/life insurance,1,none,own,1.0,skilled employee / official,1.0,none,no,1,divorced/separated,1
no account,14.0,existing credits paid back duly till now,radio/television,1803.5006,100 <= <500 DM,4<= <7 years,4.0,none,4.0,savings agreement/life insurance,1,none,own,1.0,skilled employee / official,1.0,none,yes,1,divorced/separated,0
no account,6.0,existing credits paid back duly till now,car (new),1568.481,100 <= <500 DM,4<= <7 years,4.0,none,4.0,real estate,1,none,for free,2.0,skilled employee / official,1.0,none,yes,1,divorced/separated,1
no account,36.0,existing credits paid back duly till now,radio/television,1935.9911,<100 DM,unemployed,4.0,none,2.0,savings agreement/life insurance,1,none,own,1.0,skilled employee / official,1.0,none,yes,0,divorced/separated,1
<0 DM,36.0,existing credits paid back duly till now,furniture/equipment,1365.2734,no savings account,4<= <7 years,4.0,none,4.0,car or other,1,none,own,2.0,skilled employee / official,1.0,yes,yes,1,divorced/separated,0
0 <= <200 DM,12.0,existing credits paid back duly till now,car (new),18424.0,<100 DM,4<= <7 years,3.0,guarantor,2.0,savings agreement/life insurance,1,none,own,1.0,skilled employee / official,1.0,none,yes,1,divorced/separated,1
no account,12.0,existing credits paid back duly till now,radio/television,2333.0,no savings account,>=7 years,2.0,none,3.0,savings agreement/life insurance,0,bank,own,2.0,skilled employee / official,1.0,none,yes,0,divorced/separated,0
<0 DM,24.0,existing credits paid back duly till now,car (new),250.0,<100 DM,1<= < 4 years,4.0,none,3.0,savings agreement/life insurance,1,none,rent,1.0,unemployed/ unskilled  - non-resident,1.0,none,yes,1,divorced/separated,0
0 <= <200 DM,36.0,critical account,furniture/equipment,1191.2615,no savings account,>=7 years,4.0,none,3.0,car or other,1,none,own,1.0,management/ highly qualified employee,1.0,none,yes,1,divorced/separated,0
<0 DM,30.0,existing credits paid back duly till now,domestic appliances,8292.757,no savings account,<1 years,4.0,none,4.0,savings agreement/life insurance,1,none,own,1.0,management/ highly qualified employee,1.0,none,yes,1,divorced/separated,1
<0 DM,24.0,critical account,radio/television,7444.397,100 <= <500 DM,4<= <7 years,3.0,none,3.0,savings agreement/life insurance,0,none,own,1.0,unskilled - resident,1.0,yes,no,0,divorced/separated,1
no account,15.0,all credits at this bank paid back duly,radio/television,796.8587,no savings account,>=7 years,2.8857822,none,2.0,real estate,1,none,own,1.0,skilled employee / official,1.0,none,yes,1,divorced/separated,1
no account,21.0,critical account,car (new),2331.0037,>= 1000 DM,>=7 years,2.0,none,3.0,unknown / no property,0,bank,for free,1.0,skilled employee / official,1.0,yes,yes,0,divorced/separated,1
<0 DM,14.0,existing credits paid back duly till now,furniture/equipment,666.57733,no savings account,1<= < 4 years,4.0,none,4.0,car or other,1,none,own,4.0,skilled employee / official,1.0,none,yes,1,divorced/separated,1
0 <= <200 DM,18.0,existing credits paid back duly till now,car (used),2396.5017,500 <= < 1000 DM,1<= < 4 years,4.0,none,4.0,savings agreement/life insurance,1,none,own,1.0,skilled employee / official,1.0,yes,yes,1,divorced/separated,1
>= 200 DM ,18.0,critical account,furniture/equipment,18424.0,no savings account,>=7 years,1.0,none,3.0,savings agreement/life insurance,0,none,for free,1.0,skilled employee / official,1.0,yes,yes,1,divorced/separated,1
<0 DM,24.0,existing credits paid back duly till now,car (new),1475.2074,no savings account,>=7 years,1.0,none,4.0,savings agreement/life insurance,1,bank,own,1.0,unskilled - resident,1.0,yes,yes,1,divorced/separated,1
no account,6.0,existing credits paid back duly till now,furniture/equipment,1189.4332,<100 DM,1<= < 4 years,4.0,none,3.0,car or other,1,none,own,1.0,unskilled - resident,1.0,none,yes,0,divorced/separated,1
<0 DM,24.0,critical account,car (new),6459.244,<100 DM,1<= < 4 years,1.0,none,4.0,unknown / no property,1,none,own,1.0,skilled employee / official,1.0,yes,yes,1,divorced/separated,1
no account,48.0,critical account,car (new),1553.0,<100 DM,>=7 years,4.0,none,2.0,car or other,1,none,own,2.0,skilled employee / official,1.0,none,yes,1,divorced/separated,0
no account,12.0,existing credits paid back duly till now,car (new),3656.8977,no savings account,1<= < 4 years,4.0,none,2.0,unknown / no property,0,bank,own,1.0,management/ highly qualified employee,1.0,yes,yes,1,divorced/separated,0
0 <= <200 DM,6.0,critical account,radio/television,5305.2827,<100 DM,1<= < 4 years,3.0,none,2.0,car or other,1,none,for free,1.0,management/ highly qualified employee,1.0,yes,yes,1,divorced/separated,1
0 <= <200 DM,24.0,existing credits paid back duly till now,furniture/equipment,3658.5593,100 <= <500 DM,1<= < 4 years,4.0,none,2.0,real estate,1,none,own,1.0,skilled employee / official,1.0,none,yes,1,divorced/separated,0
no account,12.0,existing credits paid back duly till now,repairs,2063.0151,<100 DM,4<= <7 years,4.0,none,2.0,savings agreement/life insurance,1,store,own,1.0,management/ highly qualified employee,1.0,yes,yes,1,divorced/separated,1
0 <= <200 DM,12.0,existing credits paid back duly till now,radio/television,2830.434,<100 DM,<1 years,4.0,none,4.0,savings agreement/life insurance,0,none,own,2.0,management/ highly qualified employee,1.0,none,yes,1,divorced/separated,1
<0 DM,12.0,existing credits paid back duly till now,radio/television,1958.9175,100 <= <500 DM,<1 years,4.0,none,1.0,savings agreement/life insurance,1,none,own,1.0,skilled employee / official,1.0,none,yes,1,divorced/separated,0
no account,15.0,existing credits paid back duly till now,business,1951.7677,no savings account,1<= < 4 years,1.0,none,4.0,car or other,1,bank,rent,1.0,skilled employee / official,1.0,yes,yes,1,divorced/separated,1
<0 DM,9.0,existing credits paid back duly till now,radio/television,18424.0,>= 1000 DM,1<= < 4 years,1.0,none,4.0,car or other,0,none,own,4.0,skilled employee / official,1.0,yes,yes,1,divorced/separated,0
no account,18.0,existing credits paid back duly till now,car (used),3017.0,100 <= <500 DM,1<= < 4 years,4.0,none,3.0,unknown / no property,0,none,own,1.0,skilled employee / official,1.0,none,no,1,divorced/separated,1
<0 DM,18.0,critical account,car (new),2917.8591,<100 DM,1<= < 4 years,4.0,none,1.0,real estate,0,none,rent,1.0,unskilled - resident,1.0,none,yes,1,divorced/separated,1
no account,24.0,existing credits paid back duly till now,others,2235.5862,<100 DM,1<= < 4 years,4.0,none,2.0,savings agreement/life insurance,0,none,rent,1.0,unemployed/ unskilled  - non-resident,1.0,yes,yes,1,divorced/separated,1
<0 DM,4.0,existing credits paid back duly till now,furniture/equipment,1981.6748,<100 DM,>=7 years,4.0,none,2.0,car or other,1,none,own,1.0,skilled employee / official,1.0,yes,yes,0,divorced/separated,1
no account,12.0,existing credits paid back duly till now,furniture/equipment,2577.589,<100 DM,1<= < 4 years,4.0,none,4.0,car or other,0,none,own,1.0,skilled employee / official,1.0,none,yes,0,divorced/separated,1
0 <= <200 DM,6.0,existing credits paid back duly till now,car (new),7303.8896,no savings account,4<= <7 years,1.0,none,3.0,savings agreement/life insurance,1,none,own,1.0,unskilled - resident,1.0,none,yes,0,divorced/separated,1
0 <= <200 DM,15.0,no credits taken,domestic appliances,7233.317,<100 DM,>=7 years,1.0,none,4.0,real estate,1,none,own,1.0,management/ highly qualified employee,1.0,none,no,0,divorced/separated,0
0 <= <200 DM,12.0,existing credits paid back duly till now,car (new),1567.0785,<100 DM,>=7 years,4.0,none,4.0,savings agreement/life insurance,1,none,rent,2.0,skilled employee / official,1.0,yes,no,1,divorced/separated,1
<0 DM,24.0,existing credits paid back duly till now,furniture/equipment,1872.9535,<100 DM,<1 years,4.0,none,4.0,savings agreement/life insurance,1,none,rent,1.0,skilled employee / official,1.0,yes,yes,0,divorced/separated,1
0 <= <200 DM,24.0,existing credits paid back duly till now,car (new),1215.3671,<100 DM,>=7 years,4.0,none,2.0,savings agreement/life insurance,1,none,own,1.0,unskilled - resident,1.0,none,yes,0,divorced/separated,1
0 <= <200 DM,24.0,existing credits paid back duly till now,car (used),1518.1208,<100 DM,1<= < 4 years,3.0,none,2.0,savings agreement/life insurance,0,none,own,1.0,management/ highly qualified employee,1.0,none,yes,1,divorced/separated,1
0 <= <200 DM,15.0,existing credits paid back duly till now,car (new),3962.1724,no savings account,1<= < 4 years,2.0,none,4.0,unknown / no property,1,bank,own,1.0,skilled employee / official,1.0,yes,yes,0,divorced/separated,1
0 <= <200 DM,72.0,delay in paying off,radio/television,250.0,<100 DM,<1 years,4.0,none,2.0,real estate,0,none,rent,1.0,management/ highly qualified employee,1.0,yes,yes,1,divorced/separated,1
no account,12.0,critical account,business,2141.4373,>= 1000 DM,<1 years,3.0,none,4.0,savings agreement/life insurance,1,none,own,1.0,skilled employee / official,1.0,none,yes,1,divorced/separated,1
no account,12.0,no credits taken,car (new),2144.5312,no savings account,1<= < 4 years,4.0,none,4.0,savings agreement/life insurance,1,none,own,2.0,skilled employee / official,1.0,none,yes,0,divorced/separated,1
<0 DM,24.0,existing credits paid back duly till now,furniture/equipment,250.0,<100 DM,unemployed,4.0,none,4.0,unknown / no property,1,none,own,2.0,skilled employee / official,1.0,none,yes,1,divorced/separated,1
no account,27.0,existing credits paid back duly till now,car (new),11566.606,<100 DM,>=7 years,4.0,none,2.0,savings agreement/life insurance,1,store,own,1.0,unemployed/ unskilled  - non-resident,1.0,yes,yes,1,married/widowed,1
no account,36.0,existing credits paid back duly till now,car (new),2351.9436,<100 DM,>=7 years,4.0,none,4.0,savings agreement/life insurance,1,none,own,2.0,unskilled - resident,1.0,none,yes,1,divorced/separated,1
0 <= <200 DM,17.418562,existing credits paid back duly till now,car (new),6199.948,<100 DM,4<= <7 years,4.0,none,4.0,car or other,0,none,own,1.0,skilled employee / official,1.0,none,yes,1,divorced/separated,0
no account,18.0,critical account,radio/television,1410.0,100 <= <500 DM,<1 years,4.0,none,1.0,unknown / no property,0,none,rent,1.0,unskilled - resident,1.0,yes,yes,1,divorced/separated,0
no account,4.0,existing credits paid back duly till now,car (new),8085.997,<100 DM,1<= < 4 years,4.0,co-applicant,4.0,real estate,1,none,own,4.0,skilled employee / official,1.0,none,yes,0,divorced/separated,1
no account,4.0,existing credits paid back duly till now,business,1653.2251,<100 DM,1<= < 4 years,4.0,none,4.0,unknown / no property,1,none,own,1.0,unskilled - resident,1.0,none,yes,1,divorced/separated,1
0 <= <200 DM,24.0,existing credits paid back duly till now,radio/television,5211.6587,<100 DM,1<= < 4 years,1.0,none,3.0,unknown / no property,1,none,own,2.0,management/ highly qualified employee,1.0,none,yes,1,divorced/separated,1
no account,18.0,critical account,furniture/equipment,688.11096,no savings account,unemployed,2.0,none,2.0,savings agreement/life insurance,1,none,own,1.0,unskilled - resident,1.0,none,no,1,divorced/separated,1
>= 200 DM ,21.0,existing credits paid back duly till now,radio/television,1933.2523,>= 1000 DM,4<= <7 years,4.0,none,2.0,car or other,1,none,own,1.0,skilled employee / official,1.0,none,yes,0,divorced/separated,0
no account,12.0,existing credits paid back duly till now,radio/television,1597.0,<100 DM,>=7 years,4.0,none,1.0,real estate,1,none,own,1.0,unskilled - resident,1.0,yes,yes,1,married/widowed,1
0 <= <200 DM,6.0,existing credits paid back duly till now,domestic appliances,609.0,<100 DM,>=7 years,3.0,none,1.0,real estate,1,none,own,1.0,unemployed/ unskilled  - non-resident,1.0,yes,yes,1,divorced/separated,1
<0 DM,4.0,all credits at this bank paid back duly,car (new),250.0,<100 DM,>=7 years,4.0,none,4.0,real estate,0,none,own,1.0,skilled employee / official,1.0,none,yes,1,divorced/separated,0
no account,21.336023,existing credits paid back duly till now,car (new),18424.0,<100 DM,1<= < 4 years,3.0,none,4.0,savings agreement/life insurance,1,bank,for free,1.0,unskilled - resident,1.0,yes,yes,1,divorced/separated,1
<0 DM,24.0,existing credits paid back duly till now,business,18424.0,<100 DM,1<= < 4 years,4.0,none,3.0,real estate,1,none,own,1.0,skilled employee / official,1.0,none,yes,1,divorced/separated,1
<0 DM,24.0,existing credits paid back duly till now,furniture/equipment,1308.4436,no savings account,1<= < 4 years,4.0,none,4.0,car or other,0,none,own,1.0,skilled employee / official,1.0,yes,yes,1,divorced/separated,1
0 <= <200 DM,12.0,existing credits paid back duly till now,business,6564.9224,<100 DM,1<= < 4 years,4.0,none,4.0,real estate,1,none,own,1.0,management/ highly qualified employee,1.0,none,yes,0,divorced/separated,1
no account,18.0,existing credits paid back duly till now,furniture/equipment,250.0,no savings account,1<= < 4 years,4.0,none,4.0,savings agreement/life insurance,0,none,rent,1.0,skilled employee / official,1.0,yes,yes,1,divorced/separated,0
no account,4.0,existing credits paid back duly till now,car (new),250.0,<100 DM,4<= <7 years,4.0,none,1.0,real estate,1,none,own,1.0,unemployed/ unskilled  - non-resident,1.0,yes,yes,0,divorced/separated,1
no account,4.0,no credits taken,radio/television,897.58344,<100 DM,>=7 years,4.0,none,4.0,car or other,1,none,rent,4.0,skilled employee / official,1.0,none,yes,0,divorced/separated,1
no account,30.0,critical account,business,1237.0,<100 DM,>=7 years,4.0,none,1.0,car or other,0,none,own,1.0,skilled employee / official,1.0,none,yes,1,divorced/separated,0
0 <= <200 DM,12.0,existing credits paid back duly till now,car (used),3070.1218,<100 DM,>=7 years,2.0,none,2.0,real estate,1,none,rent,1.0,skilled employee / official,1.0,none,yes,1,divorced/separated,1
no account,18.0,critical account,repairs,18424.0,no savings account,4<= <7 years,2.0,none,2.0,car or other,0,none,own,1.0,management/ highly qualified employee,1.0,yes,yes,0,married/widowed,0
<0 DM,6.0,existing credits paid back duly till now,car (new),1262.0,<100 DM,1<= < 4 years,4.0,none,4.0,unknown / no property,1,bank,for free,1.0,skilled employee / official,1.0,none,yes,1,divorced/separated,0
>= 200 DM ,12.0,existing credits paid back duly till now,furniture/equipment,804.7771,<100 DM,1<= < 4 years,4.0,none,4.0,real estate,1,none,own,1.0,unskilled - resident,1.0,none,yes,0,divorced/separated,0
<0 DM,12.0,critical account,car (new),3942.3752,500 <= < 1000 DM,4<= <7 years,3.0,none,4.0,real estate,1,none,own,1.0,skilled employee / official,1.0,none,yes,0,divorced/separated,1
no account,24.0,critical account,car (new),1353.2474,<100 DM,4<= <7 years,4.0,none,4.0,savings agreement/life insurance,1,none,own,1.0,skilled employee / official,1.0,yes,yes,1,divorced/separated,1
<0 DM,12.0,existing credits paid back duly till now,radio/television,727.0,no savings account,>=7 years,4.0,none,4.0,real estate,1,none,own,2.0,management/ highly qualified employee,1.0,none,yes,1,divorced/separated,0
<0 DM,18.0,critical account,radio/television,250.0,<100 DM,1<= < 4 years,4.0,none,4.0,savings agreement/life insurance,1,none,own,1.0,skilled employee / official,1.0,none,yes,1,divorced/separated,1
0 <= <200 DM,6.0,existing credits paid back duly till now,education,250.0,no savings account,1<= < 4 years,4.0,none,4.0,car or other,0,none,own,1.0,skilled employee / official,1.0,none,yes,1,divorced/separated,1
<0 DM,72.0,critical account,radio/television,250.0,<100 DM,1<= < 4 years,4.0,none,4.0,savings agreement/life insurance,1,none,own,2.0,unskilled - resident,1.0,none,yes,1,divorced/separated,0
no account,18.0,existing credits paid back duly till now,car (used),18424.0,<100 DM,<1 years,4.0,none,2.0,real estate,1,store,rent,1.0,skilled employee / official,1.0,none,yes,1,divorced/separated,1
no account,36.0,critical account,furniture/equipment,1023.0702,100 <= <500 DM,1<= < 4 years,4.0,none,1.0,real estate,0,none,rent,1.0,skilled employee / official,1.0,none,yes,0,divorced/separated,1
<0 DM,4.0,existing credits paid back duly till now,car (used),5011.7153,<100 DM,>=7 years,4.0,none,1.0,unknown / no property,1,bank,rent,1.0,skilled employee / official,1.0,yes,yes,0,divorced/separated,1
>= 200 DM ,12.0,critical account,car (used),18424.0,<100 DM,4<= <7 years,4.0,none,4.0,savings agreement/life insurance,0,none,own,1.0,management/ highly qualified employee,1.0,yes,yes,0,divorced/separated,1
<0 DM,39.0,existing credits paid back duly till now,furniture/equipment,250.0,no savings account,4<= <7 years,4.0,none,4.0,car or other,1,bank,own,1.0,skilled employee / official,1.0,none,yes,1,divorced/separated,1
no account,12.0,existing credits paid back duly till now,radio/television,2516.2903,<100 DM,<1 years,4.0,none,1.0,car or other,1,none,own,1.0,skilled employee / official,1.0,none,yes,1,divorced/separated,1
no account,9.0,existing credits paid back duly till now,domestic appliances,842.1894,<100 DM,unemployed,4.0,none,2.0,unknown / no property,1,none,rent,1.0,management/ highly qualified employee,1.0,none,yes,1,divorced/separated,0
0 <= <200 DM,24.0,critical account,car (new),3826.2346,no savings account,1<= < 4 years,4.0,none,2.0,car or other,1,none,own,1.0,skilled employee / official,1.0,none,yes,1,divorced/separated,0
<0 DM,4.0,existing credits paid back duly till now,business,2608.6519,no savings account,1<= < 4 years,4.0,none,2.0,savings agreement/life insurance,0,none,own,2.0,management/ highly qualified employee,1.0,yes,yes,1,divorced/separated,0
0 <= <200 DM,24.0,critical account,radio/television,250.0,no savings account,unemployed,4.0,none,2.1516986,car or other,1,none,own,1.0,skilled employee / official,1.0,none,yes,1,divorced/separated,1
no account,24.0,critical account,business,2325.364,<100 DM,unemployed,4.0,none,2.0,savings agreement/life insurance,0,none,own,1.0,skilled employee / official,1.0,none,yes,0,divorced/separated,1
0 <= <200 DM,13.294294,existing credits paid back duly till now,furniture/equipment,931.75745,no savings account,1<= < 4 years,4.0,none,4.0,real estate,1,none,own,1.0,management/ highly qualified employee,1.0,none,yes,1,divorced/separated,0
<0 DM,18.0,delay in paying off,furniture/equipment,1211.1309,<100 DM,1<= < 4 years,3.0,none,2.0,real estate,0,none,rent,1.0,skilled employee / official,1.0,yes,yes,1,divorced/separated,1
no account,36.0,existing credits paid back duly till now,car (new),250.0,500 <= < 1000 DM,1<= < 4 years,4.0,none,2.0,unknown / no property,0,none,own,1.0,unskilled - resident,1.0,yes,yes,1,divorced/separated,1
no account,15.0,existing credits paid back duly till now,radio/television,1572.4579,<100 DM,1<= < 4 years,1.0,none,3.0,real estate,0,none,own,1.0,skilled employee / official,1.0,none,yes,1,divorced/separated,1
no account,72.0,critical account,radio/television,860.27783,no savings account,<1 years,2.0,none,4.0,savings agreement/life insurance,1,none,own,1.0,skilled employee / official,1.0,none,yes,1,divorced/separated,1
<0 DM,72.0,existing credits paid back duly till now,furniture/equipment,3355.257,no savings account,1<= < 4 years,4.0,none,2.0,car or other,1,none,own,1.0,management/ highly qualified employee,1.0,yes,yes,0,divorced/separated,1
<0 DM,15.0,critical account,furniture/equipment,1303.2227,<100 DM,4<= <7 years,4.0,none,2.0,savings agreement/life insurance,0,bank,own,1.0,skilled employee / official,1.0,yes,yes,1,divorced/separated,1
no account,24.0,existing credits paid back duly till now,business,250.0,<100 DM,>=7 years,4.0,none,4.0,car or other,1,none,own,2.0,skilled employee / official,1.0,none,yes,1,divorced/separated,1
no account,15.0,existing credits paid back duly till now,education,1552.5409,no savings account,<1 years,2.0,none,2.0,car or other,1,none,own,1.0,unskilled - resident,1.0,none,yes,0,divorced/separated,1
<0 DM,15.0,existing credits paid back duly till now,radio/television,2117.475,<100 DM,<1 years,4.0,none,4.0,real estate,0,none,own,2.0,skilled employee / official,1.0,none,yes,0,divorced/separated,1
no account,15.0,existing credits paid back duly till now,business,18424.0,<100 DM,<1 years,1.0,none,4.0,real estate,1,none,own,2.0,skilled employee / official,1.0,none,yes,0,divorced/separated,1
0 <= <200 DM,24.0,existing credits paid back duly till now,business,18424.0,500 <= < 1000 DM,4<= <7 years,3.0,none,2.0,car or other,1,none,own,1.0,skilled employee / official,1.0,none,yes,1,divorced/separated,1
<0 DM,72.0,existing credits paid back duly till now,car (new),1929.1411,<100 DM,<1 years,4.0,none,2.0,savings agreement/life insurance,0,none,own,1.0,skilled employee / official,1.0,yes,yes,0,divorced/separated,1
no account,4.0,existing credits paid back duly till now,radio/television,876.8467,<100 DM,1<= < 4 years,4.0,none,1.0,car or other,1,none,for free,1.0,skilled employee / official,1.0,yes,yes,0,married/widowed,1
no account,9.0,all credits at this bank paid back duly,car (new),1681.7765,<100 DM,unemployed,2.0,none,4.0,car or other,1,none,own,1.0,unskilled - resident,1.0,none,yes,0,divorced/separated,0
no account,8.0,existing credits paid back duly till now,car (new),250.0,<100 DM,>=7 years,4.0,none,3.0,savings agreement/life insurance,1,store,for free,1.0,skilled employee / official,1.0,yes,yes,1,divorced/separated,1
<0 DM,12.0,all credits at this bank paid back duly,furniture/equipment,3562.581,<100 DM,4<= <7 years,4.0,none,1.0,car or other,1,bank,own,1.0,unskilled - resident,1.0,none,yes,1,divorced/separated,1
no account,18.0,critical account,business,1374.0115,no savings account,1<= < 4 years,4.0,none,1.0,car or other,1,store,own,1.0,skilled employee / official,1.0,none,yes,1,divorced/separated,1
no account,21.0,existing credits paid back duly till now,furniture/equipment,1203.0457,<100 DM,4<= <7 years,2.0,none,2.0,real estate,1,bank,own,1.0,skilled employee / official,1.0,none,yes,0,married/widowed,0
0 <= <200 DM,9.0,existing credits paid back duly till now,furniture/equipment,2617.6057,<100 DM,4<= <7 years,3.0,none,3.0,car or other,0,bank,own,1.0,skilled employee / official,1.0,none,yes,0,divorced/separated,1
no account,24.0,existing credits paid back duly till now,car (used),3810.967,no savings account,1<= < 4 years,1.0,none,4.0,real estate,1,bank,own,1.0,skilled employee / official,1.0,none,yes,1,divorced/separated,1
0 <= <200 DM,21.0,existing credits paid back duly till now,domestic appliances,778.0214,500 <= < 1000 DM,<1 years,3.0,none,4.0,unknown / no property,1,none,own,1.0,skilled employee / official,1.0,yes,yes,1,married/widowed,0
0 <= <200 DM,6.0,critical account,retraining,6868.598,no savings account,1<= < 4 years,4.0,none,1.0,car or other,0,bank,own,1.0,management/ highly qualified employee,1.0,none,yes,0,divorced/separated,1
<0 DM,36.0,existing credits paid back duly till now,car (used),2724.8687,>= 1000 DM,<1 years,4.0,none,4.0,car or other,0,bank,own,1.0,management/ highly qualified employee,1.0,yes,yes,1,divorced/separated,1
no account,4.0,existing credits paid back duly till now,radio/television,1919.0,no savings account,<1 years,3.0,none,4.0,real estate,1,none,own,1.0,skilled employee / official,1.0,none,yes,1,married/widowed,1
<0 DM,12.0,critical account,car (new),1556.5398,<100 DM,<1 years,4.0,none,2.0,savings agreement/life insurance,1,store,own,1.0,unemployed/ unskilled  - non-resident,1.0,none,yes,0,divorced/separated,1
no account,18.0,existing credits paid back duly till now,business,3965.569,<100 DM,4<= <7 years,4.0,none,4.0,car or other,1,none,rent,1.0,skilled employee / official,1.0,yes,yes,1,divorced/separated,1
no account,18.0,existing credits paid back duly till now,car (new),7710.2,<100 DM,1<= < 4 years,4.0,none,3.0,unknown / no property,1,none,own,1.0,skilled employee / official,1.0,yes,yes,1,divorced/separated,1
<0 DM,24.0,no credits taken,car (new),1359.1958,>= 1000 DM,<1 years,4.0,none,1.0,car or other,0,none,own,1.0,skilled employee / official,1.0,none,yes,0,divorced/separated,1
no account,24.0,critical account,radio/television,18424.0,<100 DM,1<= < 4 years,4.0,none,2.0,car or other,1,bank,rent,1.0,unemployed/ unskilled  - non-resident,1.0,yes,yes,1,married/widowed,1
no account,20.0,existing credits paid back duly till now,radio/television,1525.0222,100 <= <500 DM,1<= < 4 years,4.0,none,1.0,real estate,0,none,own,1.0,skilled employee / official,1.0,none,yes,1,divorced/separated,1
0 <= <200 DM,24.0,existing credits paid back duly till now,car (used),5742.392,<100 DM,>=7 years,1.0,none,3.0,real estate,1,none,rent,2.0,skilled employee / official,1.0,none,yes,0,divorced/separated,1
<0 DM,6.0,no credits taken,business,2325.7454,<100 DM,1<= < 4 years,1.0,none,2.0,real estate,1,none,rent,1.0,unskilled - resident,1.0,none,yes,0,divorced/separated,1
0 <= <200 DM,12.0,existing credits paid back duly till now,business,2569.3374,<100 DM,>=7 years,2.0,none,4.0,car or other,1,store,own,1.0,skilled employee / official,1.0,yes,yes,1,divorced/separated,0
no account,12.0,all credits at this bank paid back duly,car (new),2031.1278,100 <= <500 DM,>=7 years,2.0,none,3.0,unknown / no property,1,bank,own,1.0,management/ highly qualified employee,1.0,none,yes,1,divorced/separated,0
0 <= <200 DM,6.0,existing credits paid back duly till now,radio/television,9799.211,100 <= <500 DM,<1 years,4.0,none,4.0,car or other,0,none,own,2.0,management/ highly qualified employee,1.0,none,yes,0,divorced/separated,1
>= 200 DM ,24.0,existing credits paid back duly till now,furniture/equipment,2372.2903,<100 DM,4<= <7 years,4.0,none,2.0,car or other,0,none,own,1.0,skilled employee / official,1.0,yes,yes,0,divorced/separated,1
no account,12.0,delay in paying off,furniture/equipment,1080.6544,<100 DM,<1 years,4.0,none,4.0,car or other,1,none,own,1.0,skilled employee / official,1.0,none,yes,1,divorced/separated,0
0 <= <200 DM,13.761008,existing credits paid back duly till now,car (new),2822.2385,<100 DM,<1 years,4.0,none,1.0,savings agreement/life insurance,1,none,for free,1.0,skilled employee / official,1.0,yes,yes,1,divorced/separated,0
<0 DM,36.0,critical account,car (new),18424.0,<100 DM,1<= < 4 years,3.0,none,2.0,savings agreement/life insurance,1,none,own,1.0,skilled employee / official,1.0,none,yes,1,divorced/separated,1
no account,19.549189,critical account,car (new),4431.279,<100 DM,4<= <7 years,2.0,none,4.0,savings agreement/life insurance,1,none,own,1.0,management/ highly qualified employee,1.0,yes,yes,1,divorced/separated,1
no account,9.0,existing credits paid back duly till now,radio/television,2392.1443,<100 DM,4<= <7 years,4.0,none,3.0,savings agreement/life insurance,1,none,for free,1.0,skilled employee / official,1.0,yes,yes,0,divorced/separated,1
0 <= <200 DM,54.0,existing credits paid back duly till now,car (new),946.3848,<100 DM,4<= <7 years,4.0,none,2.0,savings agreement/life insurance,1,bank,own,1.0,skilled employee / official,1.0,none,yes,1,divorced/separated,1
no account,4.0,critical account,furniture/equipment,2731.0583,<100 DM,<1 years,4.0,none,1.0,car or other,1,none,own,1.0,skilled employee / official,1.0,none,yes,1,divorced/separated,1
no account,18.0,existing credits paid back duly till now,business,3954.678,no savings account,1<= < 4 years,4.0,none,3.0,real estate,1,none,own,1.0,skilled employee / official,1.0,none,yes,0,divorced/separated,1
no account,4.0,existing credits paid back duly till now,radio/television,5147.411,no savings account,1<= < 4 years,4.0,none,1.0,car or other,1,bank,own,1.0,skilled employee / official,1.0,none,yes,1,divorced/separated,1
<0 DM,9.0,existing credits paid back duly till now,furniture/equipment,1240.7424,<100 DM,<1 years,3.0,none,4.0,real estate,0,bank,rent,2.0,skilled employee / official,1.0,none,yes,0,divorced/separated,1
no account,10.0,critical account,business,5323.232,<100 DM,>=7 years,4.0,none,1.0,real estate,1,bank,own,1.0,unskilled - resident,1.0,none,no,0,divorced/separated,1
no account,6.0,existing credits paid back duly till now,radio/television,250.0,<100 DM,4<= <7 years,2.0,none,4.0,savings agreement/life insurance,1,bank,own,1.0,management/ highly qualified employee,1.0,none,yes,0,divorced/separated,0
0 <= <200 DM,4.0,delay in paying off,furniture/equipment,3187.4277,<100 DM,>=7 years,4.0,none,3.0,unknown / no property,1,none,own,1.0,skilled employee / official,1.0,none,yes,1,divorced/separated,1
no account,24.0,existing credits paid back duly till now,car (new),6447.395,no savings account,<1 years,3.0,none,3.0,car or other,1,none,own,1.0,skilled employee / official,1.0,yes,yes,1,married/widowed,1
0 <= <200 DM,21.0,existing credits paid back duly till now,furniture/equipment,710.4636,no savings account,1<= < 4 years,4.0,none,3.0,savings agreement/life insurance,1,none,rent,1.0,skilled employee / official,1.0,yes,yes,1,divorced/separated,1
0 <= <200 DM,10.0,existing credits paid back duly till now,car (new),2113.2292,<100 DM,1<= < 4 years,4.0,none,1.0,real estate,1,none,own,1.0,skilled employee / official,1.0,none,yes,0,divorced/separated,1
<0 DM,12.0,existing credits paid back duly till now,radio/television,1224.6312,<100 DM,4<= <7 years,2.0,none,3.0,car or other,1,none,own,1.0,management/ highly qualified employee,1.0,none,yes,1,divorced/separated,1
0 <= <200 DM,36.0,critical account,car (new),250.0,no savings account,1<= < 4 years,4.0,none,4.0,savings agreement/life insurance,1,bank,own,1.0,skilled employee / official,1.0,yes,yes,1,divorced/separated,1
