checking-account,duration,credit-history,purpose,credit-amount,savings-account,employment-since,installment-rate,other-debtors,residence-since,property,age,other-installment,housing,existing-credits,job,number-people-provide-maintenance-for,telephone,foreign-worker,sex,marital-status,class-label
no account,21,no credits taken,business,4403,<100 DM,4<= <7 years,4,guarantor,4,real estate,1,bank,rent,2,management/ highly qualified employee,2,none,yes,1,divorced/separated,1
<0 DM,22,critical account,education,2337,500 <= < 1000 DM,<1 years,4,co-applicant,4,unknown / no property,0,bank,rent,2,management/ highly qualified employee,2,yes,yes,1,divorced/separated,0
0 <= <200 DM,22,no credits taken,radio/television,4129,<100 DM,<1 years,4,co-applicant,4,real estate,0,store,rent,2,skilled employee / official,2,yes,yes,0,married/widowed,1
0 <= <200 DM,20,critical account,radio/television,3839,>= 1000 DM,>=7 years,4,co-applicant,2,real estate,0,bank,own,2,skilled employee / official,1,yes,yes,1,married/widowed,0
>= 200 DM ,21,delay in paying off,business,2319,100 <= <500 DM,>=7 years,3,none,3,savings agreement/life insurance,1,store,rent,2,skilled employee / official,2,none,no,1,divorced/separated,0
no account,29,critical account,radio/television,2980,500 <= < 1000 DM,unemployed,3,co-applicant,3,real estate,1,bank,own,2,unskilled - resident,2,none,yes,1,married/widowed,0
<0 DM,19,existing credits paid back duly till now,repairs,1976,100 <= <500 DM,unemployed,3,none,3,real estate,0,bank,rent,2,management/ highly qualified employee,2,yes,no,1,married/widowed,0
no account,22,critical account,repairs,3816,100 <= <500 DM,>=7 years,4,co-applicant,3,car or other,0,store,rent,2,skilled employee / official,2,none,no,0,married/widowed,0
0 <= <200 DM,18,delay in paying off,radio/television,2829,no savings account,>=7 years,4,co-applicant,3,car or other,0,store,rent,2,skilled employee / official,1,yes,yes,1,divorced/separated,1
no account,25,existing credits paid back duly till now,car (new),3213,>= 1000 DM,unemployed,3,none,4,real estate,0,bank,for free,2,management/ highly qualified employee,2,none,no,1,married/widowed,0
no account,24,no credits taken,car (new),3364,500 <= < 1000 DM,4<= <7 years,4,co-applicant,4,unknown / no property,1,bank,for free,2,unemployed/ unskilled  - non-resident,2,none,no,1,married/widowed,0
>= 200 DM ,29,no credits taken,domestic appliances,3279,<100 DM,unemployed,3,co-applicant,3,real estate,1,store,for free,2,management/ highly qualified employee,2,none,yes,1,divorced/separated,1
<0 DM,28,delay in paying off,car (new),3444,<100 DM,4<= <7 years,3,co-applicant,4,car or other,1,store,rent,2,management/ highly qualified employee,2,none,yes,1,divorced/separated,1
no account,21,no credits taken,repairs,3261,<100 DM,<1 years,3,none,3,unknown / no property,1,bank,own,2,management/ highly qualified employee,2,yes,no,1,married/widowed,0
no account,17,all credits at this bank paid back duly,radio/television,1991,>= 1000 DM,<1 years,4,none,3,unknown / no property,0,store,for free,2,management/ highly qualified employee,2,yes,yes,1,married/widowed,1
0 <= <200 DM,21,no credits taken,business,2697,<100 DM,unemployed,4,co-applicant,3,savings agreement/life insurance,0,none,for free,2,unemployed/ unskilled  - non-resident,2,none,yes,1,married/widowed,1
<0 DM,20,existing credits paid back duly till now,retraining,3653,500 <= < 1000 DM,unemployed,4,none,4,real estate,0,bank,for free,2,management/ highly qualified employee,2,none,no,1,married/widowed,1
no account,27,critical account,radio/television,2940,no savings account,1<= < 4 years,4,co-applicant,3,real estate,0,store,for free,2,skilled employee / official,2,none,no,1,divorced/separated,1
>= 200 DM ,24,delay in paying off,business,3022,no savings account,>=7 years,4,co-applicant,3,savings agreement/life insurance,0,bank,for free,2,management/ highly qualified employee,2,none,no,1,divorced/separated,0
>= 200 DM ,19,delay in paying off,radio/television,2095,>= 1000 DM,>=7 years,4,none,3,car or other,0,none,own,2,management/ highly qualified employee,2,none,yes,1,divorced/separated,0
>= 200 DM ,22,critical account,car (new),2295,no savings account,<1 years,3,co-applicant,3,real estate,1,store,own,2,skilled employee / official,2,none,yes,0,divorced/separated,0
0 <= <200 DM,22,no credits taken,others,3225,>= 1000 DM,1<= < 4 years,4,none,4,unknown / no property,0,bank,for free,2,unemployed/ unskilled  - non-resident,2,yes,yes,1,married/widowed,0
no account,22,delay in paying off,domestic appliances,4057,<100 DM,unemployed,3,co-applicant,4,savings agreement/life insurance,0,bank,rent,2,skilled employee / official,2,none,no,1,divorced/separated,1
>= 200 DM ,19,critical account,business,2825,500 <= < 1000 DM,unemployed,3,none,3,savings agreement/life insurance,0,store,rent,2,unemployed/ unskilled  - non-resident,2,none,no,1,married/widowed,1
>= 200 DM ,15,delay in paying off,business,1488,500 <= < 1000 DM,>=7 years,4,co-applicant,3,real estate,0,bank,for free,2,management/ highly qualified employee,1,yes,yes,0,divorced/separated,1
<0 DM,17,existing credits paid back duly till now,radio/television,3017,500 <= < 1000 DM,>=7 years,3,co-applicant,3,savings agreement/life insurance,1,store,rent,2,unemployed/ unskilled  - non-resident,2,none,no,0,divorced/separated,1
no account,25,no credits taken,car (new),3326,500 <= < 1000 DM,<1 years,3,co-applicant,3,real estate,1,bank,own,2,management/ highly qualified employee,2,yes,yes,1,married/widowed,0
no account,17,delay in paying off,radio/television,172,500 <= < 1000 DM,unemployed,4,co-applicant,3,car or other,0,bank,rent,2,skilled employee / official,1,none,no,0,divorced/separated,1
0 <= <200 DM,19,critical account,domestic appliances,3646,>= 1000 DM,<1 years,3,guarantor,3,real estate,0,store,rent,2,skilled employee / official,2,none,yes,0,divorced/separated,0
no account,13,critical account,business,991,no savings account,>=7 years,4,none,3,real estate,0,bank,own,2,management/ highly qualified employee,2,yes,yes,0,married/widowed,1
no account,17,critical account,radio/television,1518,>= 1000 DM,unemployed,4,none,4,savings agreement/life insurance,0,bank,for free,2,unemployed/ unskilled  - non-resident,2,yes,no,1,married/widowed,1
<0 DM,27,delay in paying off,radio/television,2356,<100 DM,unemployed,3,guarantor,3,real estate,0,bank,own,2,management/ highly qualified employee,2,none,yes,1,married/widowed,0
no account,30,critical account,radio/television,2874,<100 DM,<1 years,3,guarantor,3,real estate,1,store,own,2,unemployed/ unskilled  - non-resident,2,none,yes,1,divorced/separated,1
0 <= <200 DM,23,no credits taken,others,2117,<100 DM,<1 years,3,none,3,unknown / no property,1,store,rent,2,unemployed/ unskilled  - non-resident,2,none,yes,1,divorced/separated,0
<0 DM,15,existing credits paid back duly till now,business,3868,>= 1000 DM,<1 years,3,none,3,car or other,1,bank,own,2,management/ highly qualified employee,2,none,no,1,divorced/separated,1
no account,19,delay in paying off,domestic appliances,2460,<100 DM,<1 years,4,co-applicant,3,real estate,0,bank,own,2,management/ highly qualified employee,1,none,yes,1,married/widowed,0
0 <= <200 DM,16,critical account,domestic appliances,3856,500 <= < 1000 DM,<1 years,4,none,4,car or other,1,bank,rent,2,unemployed/ unskilled  - non-resident,2,none,no,1,married/widowed,0
>= 200 DM ,24,existing credits paid back duly till now,business,1921,100 <= <500 DM,unemployed,3,none,3,savings agreement/life insurance,0,none,rent,2,management/ highly qualified employee,2,yes,yes,1,divorced/separated,0
no account,16,critical account,retraining,1228,no savings account,4<= <7 years,3,guarantor,3,savings agreement/life insurance,0,bank,rent,2,unemployed/ unskilled  - non-resident,2,none,no,1,divorced/separated,0
0 <= <200 DM,21,critical account,business,1886,>= 1000 DM,<1 years,4,guarantor,3,unknown / no property,0,bank,for free,2,management/ highly qualified employee,2,none,yes,1,divorced/separated,1
no account,20,critical account,business,1436,no savings account,<1 years,3,none,3,savings agreement/life insurance,0,bank,own,2,skilled employee / official,2,none,no,1,divorced/separated,0
no account,22,delay in paying off,repairs,3427,<100 DM,>=7 years,4,co-applicant,4,real estate,0,none,own,2,skilled employee / official,1,none,yes,1,married/widowed,1
>= 200 DM ,17,all credits at this bank paid back duly,others,2250,no savings account,<1 years,3,none,3,unknown / no property,1,store,own,1,unemployed/ unskilled  - non-resident,2,yes,no,1,divorced/separated,0
0 <= <200 DM,21,critical account,education,2207,no savings account,4<= <7 years,3,none,3,car or other,1,store,own,2,unskilled - resident,2,none,yes,1,married/widowed,0
0 <= <200 DM,22,critical account,furniture/equipment,2005,>= 1000 DM,unemployed,4,co-applicant,4,real estate,0,bank,rent,2,management/ highly qualified employee,2,none,yes,1,married/widowed,1
>= 200 DM ,17,critical account,radio/television,3044,no savings account,>=7 years,2,co-applicant,3,savings agreement/life insurance,0,store,rent,2,skilled employee / official,2,yes,no,0,divorced/separated,1
no account,24,existing credits paid back duly till now,domestic appliances,2262,no savings account,4<= <7 years,3,co-applicant,4,real estate,0,none,rent,2,skilled employee / official,1,none,yes,1,divorced/separated,1
>= 200 DM ,24,critical account,furniture/equipment,2992,<100 DM,unemployed,3,co-applicant,3,car or other,0,bank,own,2,unskilled - resident,2,none,no,1,divorced/separated,1
>= 200 DM ,20,existing credits paid back duly till now,radio/television,1620,500 <= < 1000 DM,unemployed,4,co-applicant,3,real estate,0,store,for free,2,unskilled - resident,2,none,yes,1,married/widowed,0
0 <= <200 DM,22,critical account,business,2366,no savings account,4<= <7 years,3,guarantor,3,savings agreement/life insurance,1,none,rent,2,skilled employee / official,1,none,no,0,divorced/separated,1
no account,21,critical account,radio/television,2592,no savings account,<1 years,3,guarantor,3,savings agreement/life insurance,1,store,own,2,unskilled - resident,2,yes,yes,1,divorced/separated,0
<0 DM,26,critical account,radio/television,3892,no savings account,1<= < 4 years,3,guarantor,4,car or other,1,store,own,2,unskilled - resident,2,yes,yes,1,divorced/separated,0
>= 200 DM ,21,no credits taken,education,2665,>= 1000 DM,4<= <7 years,4,co-applicant,3,car or other,0,store,rent,2,skilled employee / official,1,none,no,0,married/widowed,1
no account,18,critical account,retraining,3770,>= 1000 DM,unemployed,4,none,4,savings agreement/life insurance,1,bank,rent,2,management/ highly qualified employee,2,none,yes,1,divorced/separated,1
no account,16,delay in paying off,car (new),2408,<100 DM,>=7 years,3,co-applicant,3,real estate,0,bank,rent,2,skilled employee / official,2,none,yes,1,divorced/separated,1
no account,19,no credits taken,retraining,1579,no savings account,>=7 years,3,none,3,real estate,0,bank,rent,2,skilled employee / official,2,none,no,1,divorced/separated,1
>= 200 DM ,21,no credits taken,car (new),2438,500 <= < 1000 DM,<1 years,4,co-applicant,3,real estate,1,store,own,2,skilled employee / official,2,none,yes,0,divorced/separated,0
0 <= <200 DM,17,no credits taken,others,4159,<100 DM,unemployed,4,guarantor,4,unknown / no property,1,store,for free,2,skilled employee / official,2,none,yes,0,married/widowed,0
>= 200 DM ,25,critical account,car (new),2140,no savings account,<1 years,3,guarantor,3,car or other,1,bank,own,2,unskilled - resident,1,none,yes,1,divorced/separated,0
>= 200 DM ,23,no credits taken,radio/television,1765,no savings account,>=7 years,3,none,3,car or other,1,store,own,1,unskilled - resident,2,yes,yes,0,divorced/separated,1
<0 DM,26,critical account,radio/television,4287,500 <= < 1000 DM,unemployed,3,guarantor,2,car or other,0,none,rent,2,unemployed/ unskilled  - non-resident,2,yes,yes,1,married/widowed,1
0 <= <200 DM,22,no credits taken,furniture/equipment,3508,<100 DM,<1 years,4,none,3,real estate,1,bank,for free,2,management/ highly qualified employee,2,yes,no,1,married/widowed,1
<0 DM,20,existing credits paid back duly till now,radio/television,3405,100 <= <500 DM,>=7 years,3,guarantor,3,car or other,0,store,rent,2,skilled employee / official,2,none,no,1,divorced/separated,1
0 <= <200 DM,27,critical account,radio/television,4284,<100 DM,<1 years,3,guarantor,3,car or other,1,none,own,2,skilled employee / official,2,none,yes,1,divorced/separated,1
>= 200 DM ,17,critical account,domestic appliances,2873,500 <= < 1000 DM,4<= <7 years,2,none,3,car or other,0,none,rent,2,unemployed/ unskilled  - non-resident,2,none,no,1,divorced/separated,1
no account,21,critical account,car (new),4172,<100 DM,4<= <7 years,3,none,3,real estate,1,bank,own,2,unskilled - resident,2,yes,no,1,divorced/separated,1
0 <= <200 DM,10,critical account,radio/television,2460,100 <= <500 DM,>=7 years,3,co-applicant,4,savings agreement/life insurance,1,bank,own,2,skilled employee / official,1,none,yes,0,divorced/separated,0
no account,21,delay in paying off,radio/television,1509,100 <= <500 DM,>=7 years,3,guarantor,3,real estate,1,store,rent,2,skilled employee / official,1,none,no,1,divorced/separated,1
<0 DM,21,all credits at this bank paid back duly,car (new),2762,<100 DM,<1 years,4,none,3,unknown / no property,0,bank,own,2,management/ highly qualified employee,2,yes,yes,1,married/widowed,1
<0 DM,16,delay in paying off,others,3394,500 <= < 1000 DM,4<= <7 years,3,none,4,savings agreement/life insurance,1,store,rent,2,skilled employee / official,2,none,no,1,divorced/separated,1
no account,19,no credits taken,car (new),2980,>= 1000 DM,<1 years,5,none,4,real estate,0,bank,for free,2,management/ highly qualified employee,2,none,yes,1,married/widowed,0
>= 200 DM ,22,critical account,car (used),2727,500 <= < 1000 DM,>=7 years,3,guarantor,4,car or other,1,bank,rent,2,management/ highly qualified employee,2,none,yes,1,divorced/separated,0
no account,23,all credits at this bank paid back duly,car (used),5057,<100 DM,4<= <7 years,3,guarantor,4,car or other,1,none,for free,2,unskilled - resident,2,none,no,1,married/widowed,1
<0 DM,23,critical account,car (used),4802,100 <= <500 DM,<1 years,4,guarantor,3,unknown / no property,1,none,own,2,skilled employee / official,2,none,yes,1,divorced/separated,1
no account,25,all credits at this bank paid back duly,domestic appliances,3655,100 <= <500 DM,<1 years,3,guarantor,4,unknown / no property,1,none,for free,2,unskilled - resident,2,none,yes,1,married/widowed,1
<0 DM,19,critical account,car (new),2594,no savings account,<1 years,3,none,3,car or other,0,none,own,2,unskilled - resident,2,none,yes,1,divorced/separated,1
no account,24,critical account,furniture/equipment,4179,>= 1000 DM,4<= <7 years,3,guarantor,3,real estate,1,none,own,2,skilled employee / official,2,none,yes,1,divorced/separated,1
no account,24,delay in paying off,education,3831,<100 DM,1<= < 4 years,4,none,3,unknown / no property,0,none,own,2,skilled employee / official,1,none,yes,0,divorced/separated,0
<0 DM,17,no credits taken,others,2741,no savings account,>=7 years,4,none,3,savings agreement/life insurance,0,none,own,2,unemployed/ unskilled  - non-resident,2,yes,no,1,divorced/separated,1
>= 200 DM ,23,delay in paying off,education,3434,<100 DM,<1 years,3,co-applicant,3,car or other,0,store,rent,2,skilled employee / official,2,none,yes,1,divorced/separated,0
no account,26,no credits taken,car (used),3344,100 <= <500 DM,1<= < 4 years,4,none,4,real estate,1,store,own,2,skilled employee / official,2,none,yes,1,divorced/separated,1
0 <= <200 DM,22,critical account,car (new),3428,<100 DM,4<= <7 years,3,co-applicant,4,car or other,0,none,rent,2,unskilled - resident,2,none,no,1,divorced/separated,1
>= 200 DM ,17,all credits at this bank paid back duly,business,4245,no savings account,4<= <7 years,4,none,3,savings agreement/life insurance,1,bank,own,2,unemployed/ unskilled  - non-resident,1,none,yes,0,married/widowed,0
0 <= <200 DM,17,critical account,car (new),3210,<100 DM,<1 years,3,guarantor,3,car or other,0,bank,own,2,skilled employee / official,2,yes,no,0,divorced/separated,1
<0 DM,21,critical account,education,4836,<100 DM,4<= <7 years,3,none,3,savings agreement/life insurance,1,none,own,2,skilled employee / official,2,yes,no,1,divorced/separated,1
<0 DM,26,no credits taken,car (used),2925,100 <= <500 DM,>=7 years,4,guarantor,3,unknown / no property,1,none,own,2,skilled employee / official,1,none,yes,1,married/widowed,0
<0 DM,26,critical account,car (new),3561,no savings account,1<= < 4 years,4,guarantor,3,real estate,0,none,own,2,skilled employee / official,2,yes,no,1,divorced/separated,1
0 <= <200 DM,22,critical account,repairs,4107,>= 1000 DM,<1 years,3,guarantor,4,real estate,1,store,for free,2,management/ highly qualified employee,2,none,yes,1,divorced/separated,1
>= 200 DM ,21,all credits at this bank paid back duly,car (new),5073,<100 DM,<1 years,3,none,3,unknown / no property,1,bank,own,2,skilled employee / official,2,none,yes,1,married/widowed,0
no account,24,critical account,furniture/equipment,3905,<100 DM,<1 years,3,none,3,car or other,1,bank,own,2,skilled employee / official,2,yes,yes,1,divorced/separated,1
no account,26,no credits taken,car (used),3608,<100 DM,4<= <7 years,3,none,4,unknown / no property,1,store,rent,2,skilled employee / official,2,none,yes,1,divorced/separated,1
no account,15,critical account,radio/television,2713,<100 DM,4<= <7 years,3,none,2,car or other,0,none,own,2,skilled employee / official,1,none,yes,1,divorced/separated,1
>= 200 DM ,9,no credits taken,radio/television,900,no savings account,>=7 years,3,none,3,savings agreement/life insurance,0,store,rent,1,skilled employee / official,2,yes,yes,0,divorced/separated,0
0 <= <200 DM,23,existing credits paid back duly till now,radio/television,3179,no savings account,1<= < 4 years,3,none,4,car or other,1,none,own,2,management/ highly qualified employee,2,none,yes,1,divorced/separated,1
0 <= <200 DM,16,all credits at this bank paid back duly,furniture/equipment,2451,<100 DM,1<= < 4 years,4,none,4,savings agreement/life insurance,0,none,for free,2,skilled employee / official,2,yes,yes,0,divorced/separated,1
no account,12,existing credits paid back duly till now,radio/television,3045,100 <= <500 DM,unemployed,3,none,4,savings agreement/life insurance,0,none,rent,2,skilled employee / official,2,yes,yes,0,divorced/separated,1
<0 DM,21,delay in paying off,education,3590,500 <= < 1000 DM,1<= < 4 years,3,none,4,car or other,1,bank,own,1,unskilled - resident,2,none,yes,1,divorced/separated,0
no account,20,existing credits paid back duly till now,radio/television,3030,100 <= <500 DM,4<= <7 years,3,guarantor,3,car or other,1,store,own,2,skilled employee / official,2,none,yes,1,divorced/separated,0
0 <= <200 DM,21,no credits taken,others,3406,500 <= < 1000 DM,4<= <7 years,5,none,5,car or other,1,store,for free,1,management/ highly qualified employee,2,none,yes,1,married/widowed,0
>= 200 DM ,15,no credits taken,car (new),3510,no savings account,1<= < 4 years,3,guarantor,3,savings agreement/life insurance,1,store,rent,2,skilled employee / official,2,none,yes,0,married/widowed,1
0 <= <200 DM,35,no credits taken,others,6420,500 <= < 1000 DM,1<= < 4 years,4,none,5,car or other,1,none,for free,2,management/ highly qualified employee,2,none,yes,1,married/widowed,0
>= 200 DM ,19,all credits at this bank paid back duly,car (used),4050,<100 DM,>=7 years,4,none,3,unknown / no property,1,none,own,2,skilled employee / official,1,none,yes,1,divorced/separated,0
no account,28,delay in paying off,car (new),2904,100 <= <500 DM,>=7 years,4,guarantor,4,real estate,1,bank,for free,2,skilled employee / official,2,yes,yes,1,married/widowed,0
>= 200 DM ,19,delay in paying off,domestic appliances,3417,500 <= < 1000 DM,<1 years,3,none,3,savings agreement/life insurance,1,store,rent,1,management/ highly qualified employee,2,yes,yes,1,divorced/separated,1
0 <= <200 DM,21,existing credits paid back duly till now,others,3669,<100 DM,4<= <7 years,3,none,3,savings agreement/life insurance,1,none,own,2,skilled employee / official,2,none,yes,1,divorced/separated,1
<0 DM,28,critical account,retraining,2921,no savings account,1<= < 4 years,4,none,3,car or other,1,none,own,2,unskilled - resident,2,yes,yes,1,divorced/separated,0
>= 200 DM ,26,no credits taken,others,3119,no savings account,1<= < 4 years,4,none,3,car or other,1,none,own,1,management/ highly qualified employee,2,none,yes,1,divorced/separated,1
no account,24,all credits at this bank paid back duly,repairs,4091,100 <= <500 DM,1<= < 4 years,4,co-applicant,3,car or other,1,none,own,2,skilled employee / official,1,none,yes,1,divorced/separated,0
no account,29,all credits at this bank paid back duly,domestic appliances,6175,<100 DM,1<= < 4 years,4,none,5,real estate,1,none,own,2,skilled employee / official,2,none,yes,0,divorced/separated,1
0 <= <200 DM,22,critical account,car (new),4360,<100 DM,1<= < 4 years,3,none,3,real estate,1,none,own,2,skilled employee / official,2,none,yes,0,divorced/separated,0
<0 DM,19,critical account,domestic appliances,5877,<100 DM,<1 years,4,none,3,car or other,1,none,own,2,skilled employee / official,2,yes,yes,1,divorced/separated,1
>= 200 DM ,29,all credits at this bank paid back duly,repairs,4003,100 <= <500 DM,1<= < 4 years,3,none,4,car or other,1,store,for free,2,unskilled - resident,2,none,yes,1,married/widowed,0
<0 DM,20,critical account,furniture/equipment,5044,<100 DM,1<= < 4 years,3,none,3,savings agreement/life insurance,0,none,own,2,skilled employee / official,2,yes,yes,1,divorced/separated,1
0 <= <200 DM,9,existing credits paid back duly till now,education,3211,<100 DM,1<= < 4 years,4,none,3,savings agreement/life insurance,0,none,rent,2,skilled employee / official,2,none,no,0,divorced/separated,1
no account,18,existing credits paid back duly till now,domestic appliances,2977,100 <= <500 DM,1<= < 4 years,4,none,4,real estate,1,none,own,2,skilled employee / official,2,none,yes,1,married/widowed,0
>= 200 DM ,27,no credits taken,others,3305,<100 DM,1<= < 4 years,3,none,3,car or other,1,store,own,1,management/ highly qualified employee,2,yes,yes,1,divorced/separated,1
<0 DM,12,existing credits paid back duly till now,radio/television,3720,<100 DM,1<= < 4 years,4,none,3,car or other,0,none,rent,2,skilled employee / official,2,none,yes,1,divorced/separated,0
no account,21,delay in paying off,radio/television,4700,<100 DM,>=7 years,3,none,3,car or other,1,none,own,2,skilled employee / official,2,none,yes,1,divorced/separated,0
0 <= <200 DM,17,existing credits paid back duly till now,others,3084,no savings account,unemployed,4,none,3,real estate,0,store,rent,2,skilled employee / official,2,yes,no,1,divorced/separated,0
<0 DM,29,existing credits paid back duly till now,others,2226,<100 DM,1<= < 4 years,3,none,5,savings agreement/life insurance,1,bank,for free,2,management/ highly qualified employee,2,yes,yes,1,married/widowed,0
no account,21,existing credits paid back duly till now,others,5221,<100 DM,4<= <7 years,3,none,3,savings agreement/life insurance,1,none,own,2,skilled employee / official,2,none,yes,1,divorced/separated,0
no account,22,existing credits paid back duly till now,repairs,2651,100 <= <500 DM,>=7 years,3,none,4,unknown / no property,1,none,own,2,unskilled - resident,2,yes,yes,1,divorced/separated,0
0 <= <200 DM,32,no credits taken,retraining,6086,<100 DM,>=7 years,4,none,3,unknown / no property,1,none,own,2,skilled employee / official,2,none,yes,1,divorced/separated,1
>= 200 DM ,17,no credits taken,others,3138,<100 DM,1<= < 4 years,4,co-applicant,4,real estate,1,store,for free,1,skilled employee / official,1,yes,yes,0,divorced/separated,0
no account,25,all credits at this bank paid back duly,car (used),4126,<100 DM,1<= < 4 years,4,none,3,real estate,1,none,for free,2,skilled employee / official,2,none,yes,1,divorced/separated,1
0 <= <200 DM,27,critical account,car (new),4843,<100 DM,1<= < 4 years,3,none,3,car or other,1,none,own,2,skilled employee / official,2,none,yes,1,divorced/separated,1
>= 200 DM ,7,existing credits paid back duly till now,others,2627,500 <= < 1000 DM,1<= < 4 years,3,none,3,savings agreement/life insurance,1,none,own,2,skilled employee / official,2,none,yes,1,divorced/separated,0
0 <= <200 DM,22,critical account,car (new),2965,<100 DM,<1 years,4,none,3,car or other,0,none,own,2,skilled employee / official,2,yes,yes,1,divorced/separated,1
>= 200 DM ,17,existing credits paid back duly till now,business,3006,<100 DM,1<= < 4 years,4,none,4,real estate,1,none,own,2,skilled employee / official,2,none,yes,0,divorced/separated,0
>= 200 DM ,15,existing credits paid back duly till now,domestic appliances,3636,100 <= <500 DM,1<= < 4 years,4,none,3,real estate,1,none,rent,2,skilled employee / official,2,none,yes,1,divorced/separated,0
no account,21,critical account,furniture/equipment,3164,<100 DM,<1 years,3,none,3,unknown / no property,1,bank,own,2,skilled employee / official,2,none,yes,0,divorced/separated,0
>= 200 DM ,22,delay in paying off,domestic appliances,3740,<100 DM,1<= < 4 years,3,none,3,car or other,1,none,own,2,skilled employee / official,2,none,yes,1,divorced/separated,1
0 <= <200 DM,10,critical account,business,3247,no savings account,4<= <7 years,2,none,3,savings agreement/life insurance,1,none,own,2,skilled employee / official,2,yes,no,1,divorced/separated,1
0 <= <200 DM,10,existing credits paid back duly till now,furniture/equipment,2840,<100 DM,unemployed,4,none,4,savings agreement/life insurance,0,none,rent,2,skilled employee / official,2,yes,yes,1,divorced/separated,1
no account,34,no credits taken,car (new),4772,<100 DM,unemployed,4,none,3,real estate,1,none,own,2,skilled employee / official,2,yes,yes,1,divorced/separated,1
>= 200 DM ,10,existing credits paid back duly till now,business,1453,<100 DM,1<= < 4 years,4,none,3,unknown / no property,0,none,rent,2,skilled employee / official,2,none,yes,0,divorced/separated,1
<0 DM,18,existing credits paid back duly till now,education,3480,no savings account,1<= < 4 years,2,none,2,savings agreement/life insurance,1,none,own,2,unemployed/ unskilled  - non-resident,2,yes,yes,1,divorced/separated,1
0 <= <200 DM,36,no credits taken,retraining,2956,no savings account,unemployed,4,none,3,real estate,1,store,for free,2,management/ highly qualified employee,2,yes,yes,1,married/widowed,0
<0 DM,34,critical account,others,4638,500 <= < 1000 DM,<1 years,3,guarantor,3,car or other,1,none,own,2,management/ highly qualified employee,2,yes,yes,1,divorced/separated,0
<0 DM,21,existing credits paid back duly till now,others,3298,>= 1000 DM,1<= < 4 years,5,none,2,real estate,1,none,own,2,skilled employee / official,1,yes,yes,1,divorced/separated,1
no account,26,existing credits paid back duly till now,car (used),3029,<100 DM,1<= < 4 years,4,none,3,real estate,1,none,for free,2,unemployed/ unskilled  - non-resident,2,none,yes,1,divorced/separated,1
>= 200 DM ,17,all credits at this bank paid back duly,repairs,3889,no savings account,<1 years,3,none,4,savings agreement/life insurance,1,none,own,2,management/ highly qualified employee,2,yes,yes,1,divorced/separated,1
<0 DM,28,critical account,car (new),3868,500 <= < 1000 DM,1<= < 4 years,3,none,4,savings agreement/life insurance,1,none,own,2,unskilled - resident,2,none,yes,1,divorced/separated,1
no account,12,critical account,repairs,2953,100 <= <500 DM,>=7 years,3,none,3,car or other,1,none,own,2,skilled employee / official,2,yes,yes,0,divorced/separated,1
no account,14,existing credits paid back duly till now,radio/television,3513,500 <= < 1000 DM,unemployed,3,none,2,car or other,0,none,own,2,skilled employee / official,2,yes,yes,1,divorced/separated,1
>= 200 DM ,17,existing credits paid back duly till now,radio/television,541,100 <= <500 DM,4<= <7 years,3,none,3,savings agreement/life insurance,0,none,rent,1,skilled employee / official,2,none,yes,0,divorced/separated,0
<0 DM,9,existing credits paid back duly till now,business,1885,<100 DM,unemployed,3,none,2,savings agreement/life insurance,1,none,own,2,skilled employee / official,2,yes,no,1,divorced/separated,1
>= 200 DM ,3,existing credits paid back duly till now,business,2871,<100 DM,<1 years,3,none,3,savings agreement/life insurance,1,none,own,2,skilled employee / official,2,yes,yes,0,divorced/separated,1
no account,26,no credits taken,repairs,3903,<100 DM,unemployed,4,none,3,real estate,1,none,own,2,skilled employee / official,2,yes,yes,1,divorced/separated,1
0 <= <200 DM,17,existing credits paid back duly till now,others,2487,<100 DM,1<= < 4 years,5,none,4,real estate,1,none,own,2,skilled employee / official,2,none,yes,1,divorced/separated,0
no account,17,existing credits paid back duly till now,repairs,2506,<100 DM,unemployed,3,none,3,unknown / no property,1,none,own,2,skilled employee / official,2,yes,yes,1,divorced/separated,1
<0 DM,12,existing credits paid back duly till now,business,1679,no savings account,4<= <7 years,3,none,3,savings agreement/life insurance,1,none,own,2,unskilled - resident,2,none,no,1,divorced/separated,0
no account,22,critical account,car (new),5314,>= 1000 DM,<1 years,3,none,2,car or other,1,none,own,2,skilled employee / official,2,none,yes,1,divorced/separated,1
<0 DM,28,existing credits paid back duly till now,car (used),4071,<100 DM,>=7 years,3,none,3,real estate,1,none,own,2,management/ highly qualified employee,2,yes,yes,1,divorced/separated,0
>= 200 DM ,18,existing credits paid back duly till now,retraining,3826,<100 DM,unemployed,3,none,3,savings agreement/life insurance,1,none,own,2,skilled employee / official,2,yes,yes,1,divorced/separated,1
>= 200 DM ,19,existing credits paid back duly till now,business,3807,500 <= < 1000 DM,unemployed,3,none,3,car or other,0,none,own,2,management/ highly qualified employee,2,none,yes,1,divorced/separated,1
0 <= <200 DM,17,existing credits paid back duly till now,repairs,3485,>= 1000 DM,1<= < 4 years,4,co-applicant,4,real estate,1,none,for free,1,management/ highly qualified employee,2,none,yes,0,divorced/separated,0
0 <= <200 DM,14,existing credits paid back duly till now,business,3203,100 <= <500 DM,1<= < 4 years,4,co-applicant,4,savings agreement/life insurance,1,none,own,2,skilled employee / official,1,none,yes,0,divorced/separated,1
<0 DM,23,existing credits paid back duly till now,car (new),4936,no savings account,>=7 years,3,none,2,savings agreement/life insurance,1,none,own,2,skilled employee / official,2,none,yes,1,divorced/separated,1
>= 200 DM ,21,critical account,domestic appliances,1875,no savings account,unemployed,3,none,4,savings agreement/life insurance,1,bank,own,2,skilled employee / official,2,yes,yes,1,married/widowed,1
0 <= <200 DM,3,existing credits paid back duly till now,business,2062,500 <= < 1000 DM,<1 years,4,co-applicant,3,savings agreement/life insurance,0,none,own,1,skilled employee / official,1,yes,yes,0,divorced/separated,1
>= 200 DM ,13,critical account,car (new),2020,no savings account,unemployed,3,none,3,savings agreement/life insurance,0,none,own,2,skilled employee / official,2,none,yes,0,divorced/separated,1
<0 DM,20,existing credits paid back duly till now,business,3991,<100 DM,1<= < 4 years,4,guarantor,3,car or other,1,none,own,1,management/ highly qualified employee,2,yes,yes,1,married/widowed,0
>= 200 DM ,9,existing credits paid back duly till now,business,809,100 <= <500 DM,1<= < 4 years,2,none,5,savings agreement/life insurance,1,store,rent,1,management/ highly qualified employee,2,yes,yes,0,divorced/separated,1
<0 DM,16,critical account,car (new),4041,<100 DM,<1 years,3,none,3,savings agreement/life insurance,1,none,own,2,skilled employee / official,2,yes,yes,1,divorced/separated,1
>= 200 DM ,26,existing credits paid back duly till now,business,2118,<100 DM,unemployed,3,none,3,savings agreement/life insurance,1,none,own,1,management/ highly qualified employee,2,yes,yes,1,divorced/separated,1
<0 DM,38,delay in paying off,car (used),4928,<100 DM,unemployed,3,none,4,car or other,1,none,own,2,management/ highly qualified employee,2,yes,yes,1,divorced/separated,1
<0 DM,16,critical account,education,2809,>= 1000 DM,<1 years,4,none,4,real estate,1,none,own,2,unemployed/ unskilled  - non-resident,2,none,yes,1,divorced/separated,1
<0 DM,20,critical account,education,3628,no savings account,4<= <7 years,3,none,3,car or other,1,none,own,2,unemployed/ unskilled  - non-resident,2,none,yes,1,divorced/separated,1
<0 DM,14,critical account,business,2571,500 <= < 1000 DM,<1 years,4,none,4,real estate,1,none,for free,2,management/ highly qualified employee,2,yes,yes,1,divorced/separated,1
<0 DM,24,critical account,car (new),3214,<100 DM,<1 years,4,none,3,real estate,1,none,own,2,skilled employee / official,2,yes,yes,1,divorced/separated,1
<0 DM,16,critical account,business,2550,500 <= < 1000 DM,>=7 years,3,none,3,savings agreement/life insurance,1,none,rent,2,unskilled - resident,2,yes,yes,1,divorced/separated,1
>= 200 DM ,37,delay in paying off,repairs,3308,<100 DM,unemployed,3,none,3,unknown / no property,1,none,rent,2,management/ highly qualified employee,2,yes,yes,1,divorced/separated,1
no account,16,critical account,business,230,500 <= < 1000 DM,1<= < 4 years,3,none,4,car or other,0,store,for free,2,skilled employee / official,2,yes,yes,1,divorced/separated,1
>= 200 DM ,32,existing credits paid back duly till now,car (used),3257,<100 DM,>=7 years,3,none,3,unknown / no property,1,none,own,2,management/ highly qualified employee,2,none,no,1,divorced/separated,1
no account,23,all credits at this bank paid back duly,retraining,2787,<100 DM,>=7 years,3,none,3,real estate,1,store,own,2,skilled employee / official,2,yes,yes,1,divorced/separated,1
>= 200 DM ,20,all credits at this bank paid back duly,car (used),1572,<100 DM,unemployed,4,none,4,real estate,0,none,for free,2,skilled employee / official,2,none,yes,1,married/widowed,1
<0 DM,28,no credits taken,car (new),3172,>= 1000 DM,>=7 years,4,none,2,real estate,0,none,own,2,management/ highly qualified employee,2,yes,yes,1,divorced/separated,1
0 <= <200 DM,17,all credits at this bank paid back duly,car (used),1407,100 <= <500 DM,4<= <7 years,3,none,4,unknown / no property,1,none,for free,2,skilled employee / official,1,none,yes,1,divorced/separated,1
no account,25,critical account,car (new),3654,>= 1000 DM,>=7 years,3,none,4,real estate,1,bank,own,2,management/ highly qualified employee,2,none,yes,1,divorced/separated,1
0 <= <200 DM,21,existing credits paid back duly till now,radio/television,3184,<100 DM,>=7 years,2,none,2,car or other,0,none,own,2,skilled employee / official,2,none,yes,1,divorced/separated,1
no account,20,critical account,business,3317,500 <= < 1000 DM,<1 years,1,none,4,savings agreement/life insurance,1,none,own,3,skilled employee / official,2,none,yes,1,divorced/separated,1
>= 200 DM ,15,existing credits paid back duly till now,domestic appliances,2037,100 <= <500 DM,4<= <7 years,3,none,5,savings agreement/life insurance,1,none,own,1,management/ highly qualified employee,2,none,yes,1,divorced/separated,1
no account,26,all credits at this bank paid back duly,car (new),3550,<100 DM,>=7 years,4,none,3,real estate,1,none,own,1,skilled employee / official,2,none,yes,1,divorced/separated,1
>= 200 DM ,29,delay in paying off,car (used),1037,no savings account,>=7 years,3,none,4,car or other,1,none,own,1,management/ highly qualified employee,2,none,yes,1,divorced/separated,1
>= 200 DM ,39,critical account,car (used),2986,<100 DM,>=7 years,3,none,4,unknown / no property,1,none,own,2,management/ highly qualified employee,2,yes,yes,1,divorced/separated,1
0 <= <200 DM,12,all credits at this bank paid back duly,education,678,<100 DM,<1 years,3,none,3,savings agreement/life insurance,1,none,rent,1,skilled employee / official,1,none,yes,0,divorced/separated,1
no account,11,existing credits paid back duly till now,car (used),278,>= 1000 DM,1<= < 4 years,4,none,4,real estate,1,none,rent,1,management/ highly qualified employee,1,none,yes,0,married/widowed,1
>= 200 DM ,17,no credits taken,car (new),2156,100 <= <500 DM,4<= <7 years,3,none,3,real estate,1,store,own,2,management/ highly qualified employee,1,none,yes,1,divorced/separated,1
no account,24,delay in paying off,car (used),2367,no savings account,>=7 years,3,none,3,real estate,1,none,for free,2,unskilled - resident,2,yes,no,1,divorced/separated,1
no account,18,existing credits paid back duly till now,car (used),360,no savings account,unemployed,2,none,3,savings agreement/life insurance,1,none,rent,1,management/ highly qualified employee,2,none,no,1,married/widowed,1
no account,24,all credits at this bank paid back duly,radio/television,1008,>= 1000 DM,4<= <7 years,3,none,4,car or other,1,none,own,1,management/ highly qualified employee,2,none,yes,1,divorced/separated,1
>= 200 DM ,6,all credits at this bank paid back duly,domestic appliances,-1959,100 <= <500 DM,1<= < 4 years,4,none,6,car or other,1,store,rent,1,management/ highly qualified employee,1,none,yes,0,divorced/separated,1
>= 200 DM ,22,critical account,car (new),3688,100 <= <500 DM,<1 years,3,none,4,real estate,1,bank,own,2,management/ highly qualified employee,1,none,yes,1,divorced/separated,1
0 <= <200 DM,36,critical account,education,6140,>= 1000 DM,>=7 years,3,none,5,car or other,1,none,for free,3,skilled employee / official,2,none,yes,1,divorced/separated,1
0 <= <200 DM,14,no credits taken,car (new),965,<100 DM,<1 years,3,none,3,savings agreement/life insurance,1,none,for free,2,skilled employee / official,2,yes,no,1,divorced/separated,1
<0 DM,23,no credits taken,car (new),3936,no savings account,4<= <7 years,3,guarantor,2,real estate,0,store,rent,2,unskilled - resident,2,none,no,0,divorced/separated,0
0 <= <200 DM,37,all credits at this bank paid back duly,car (used),3381,100 <= <500 DM,4<= <7 years,4,none,5,unknown / no property,1,none,for free,2,management/ highly qualified employee,1,none,yes,1,divorced/separated,1
0 <= <200 DM,28,existing credits paid back duly till now,radio/television,3472,500 <= < 1000 DM,unemployed,4,none,4,car or other,1,none,own,2,management/ highly qualified employee,2,yes,yes,1,divorced/separated,1
no account,33,critical account,car (new),4746,>= 1000 DM,4<= <7 years,3,none,4,car or other,1,none,own,1,management/ highly qualified employee,2,none,yes,1,married/widowed,1
0 <= <200 DM,27,critical account,education,4358,100 <= <500 DM,4<= <7 years,3,none,4,unknown / no property,1,store,rent,3,unemployed/ unskilled  - non-resident,2,none,no,0,divorced/separated,1
0 <= <200 DM,13,no credits taken,education,1854,100 <= <500 DM,>=7 years,4,none,3,savings agreement/life insurance,1,none,rent,2,skilled employee / official,1,none,no,1,divorced/separated,1
>= 200 DM ,20,critical account,education,3762,<100 DM,<1 years,4,guarantor,3,real estate,1,store,own,2,skilled employee / official,2,none,yes,0,divorced/separated,1
0 <= <200 DM,17,delay in paying off,car (new),1772,500 <= < 1000 DM,>=7 years,4,none,3,car or other,1,bank,own,1,management/ highly qualified employee,2,yes,no,1,divorced/separated,1
no account,37,critical account,car (used),3727,<100 DM,>=7 years,3,none,3,car or other,1,none,own,2,skilled employee / official,1,none,yes,1,divorced/separated,1
0 <= <200 DM,24,all credits at this bank paid back duly,education,1876,<100 DM,4<= <7 years,4,none,4,unknown / no property,1,bank,own,2,skilled employee / official,1,none,yes,1,divorced/separated,1
>= 200 DM ,27,no credits taken,radio/television,4176,100 <= <500 DM,>=7 years,4,none,4,real estate,1,store,rent,1,management/ highly qualified employee,2,none,yes,1,married/widowed,1
0 <= <200 DM,30,no credits taken,car (new),2769,100 <= <500 DM,>=7 years,5,none,3,real estate,1,store,own,2,skilled employee / official,1,yes,yes,1,divorced/separated,0
<0 DM,35,critical account,education,3956,<100 DM,<1 years,3,none,4,unknown / no property,1,none,own,2,skilled employee / official,2,none,yes,1,divorced/separated,1
no account,21,no credits taken,furniture/equipment,3020,500 <= < 1000 DM,>=7 years,4,none,3,real estate,1,none,own,2,skilled employee / official,2,none,yes,1,divorced/separated,1
no account,16,delay in paying off,domestic appliances,2166,100 <= <500 DM,4<= <7 years,4,none,4,car or other,1,none,own,2,unemployed/ unskilled  - non-resident,1,none,yes,0,divorced/separated,1
no account,30,no credits taken,education,5092,100 <= <500 DM,4<= <7 years,4,none,4,real estate,1,none,for free,2,management/ highly qualified employee,2,none,no,1,divorced/separated,1
0 <= <200 DM,30,all credits at this bank paid back duly,others,1776,<100 DM,>=7 years,3,none,4,savings agreement/life insurance,1,bank,own,2,management/ highly qualified employee,2,yes,yes,1,divorced/separated,0
0 <= <200 DM,13,critical account,car (new),2434,<100 DM,<1 years,3,none,3,savings agreement/life insurance,1,bank,own,2,skilled employee / official,1,yes,yes,1,divorced/separated,1
<0 DM,17,all credits at this bank paid back duly,radio/television,1784,100 <= <500 DM,1<= < 4 years,4,none,2,real estate,1,none,rent,2,unemployed/ unskilled  - non-resident,1,none,yes,0,married/widowed,1
0 <= <200 DM,13,existing credits paid back duly till now,furniture/equipment,2161,100 <= <500 DM,>=7 years,3,co-applicant,4,savings agreement/life insurance,1,store,rent,2,unemployed/ unskilled  - non-resident,2,yes,no,1,divorced/separated,1
no account,4,existing credits paid back duly till now,furniture/equipment,493,500 <= < 1000 DM,1<= < 4 years,5,none,4,car or other,1,none,rent,1,management/ highly qualified employee,1,none,yes,1,divorced/separated,1
0 <= <200 DM,31,critical account,furniture/equipment,4721,100 <= <500 DM,4<= <7 years,4,none,5,car or other,1,none,own,2,management/ highly qualified employee,2,none,yes,1,divorced/separated,1
<0 DM,45,critical account,car (new),6819,<100 DM,4<= <7 years,4,none,2,real estate,1,none,own,3,management/ highly qualified employee,1,none,yes,1,divorced/separated,1
<0 DM,6,existing credits paid back duly till now,radio/television,1799,500 <= < 1000 DM,>=7 years,4,none,4,car or other,1,none,own,2,skilled employee / official,2,none,no,1,divorced/separated,1
<0 DM,21,existing credits paid back duly till now,car (used),1734,500 <= < 1000 DM,>=7 years,3,none,4,car or other,1,none,rent,1,management/ highly qualified employee,2,none,no,1,divorced/separated,1
<0 DM,27,delay in paying off,radio/television,3445,500 <= < 1000 DM,1<= < 4 years,4,none,3,car or other,1,none,own,1,management/ highly qualified employee,2,none,yes,1,divorced/separated,1
no account,27,critical account,others,5066,<100 DM,4<= <7 years,4,none,3,real estate,1,none,own,2,skilled employee / official,1,none,yes,1,divorced/separated,1
no account,28,no credits taken,furniture/equipment,2812,<100 DM,>=7 years,4,none,3,real estate,1,bank,own,2,management/ highly qualified employee,2,none,yes,1,divorced/separated,1
0 <= <200 DM,20,critical account,radio/television,2485,<100 DM,1<= < 4 years,3,none,2,savings agreement/life insurance,1,none,own,2,unskilled - resident,2,yes,yes,1,divorced/separated,1
<0 DM,38,critical account,domestic appliances,4817,500 <= < 1000 DM,>=7 years,4,guarantor,4,car or other,1,none,own,2,unemployed/ unskilled  - non-resident,2,none,yes,1,married/widowed,1
0 <= <200 DM,29,critical account,car (used),4654,<100 DM,4<= <7 years,3,none,3,car or other,1,store,own,2,management/ highly qualified employee,2,none,yes,1,divorced/separated,1
0 <= <200 DM,20,all credits at this bank paid back duly,car (new),2685,no savings account,>=7 years,4,none,2,real estate,1,store,own,2,skilled employee / official,1,none,yes,1,divorced/separated,1
no account,18,existing credits paid back duly till now,radio/television,3007,<100 DM,>=7 years,5,none,3,unknown / no property,1,none,own,2,skilled employee / official,1,none,yes,1,divorced/separated,1
no account,26,critical account,radio/television,3321,<100 DM,>=7 years,4,none,4,unknown / no property,1,none,own,2,skilled employee / official,2,none,yes,1,divorced/separated,1
no account,8,existing credits paid back duly till now,radio/television,809,<100 DM,>=7 years,4,none,5,savings agreement/life insurance,1,none,rent,2,skilled employee / official,2,none,no,1,divorced/separated,1
0 <= <200 DM,8,existing credits paid back duly till now,radio/television,716,<100 DM,4<= <7 years,5,none,2,unknown / no property,1,none,own,2,skilled employee / official,1,none,yes,1,divorced/separated,1
no account,13,existing credits paid back duly till now,radio/television,2673,<100 DM,1<= < 4 years,4,none,2,real estate,1,bank,own,1,skilled employee / official,2,none,yes,1,divorced/separated,1
<0 DM,21,critical account,education,2304,500 <= < 1000 DM,4<= <7 years,2,none,3,savings agreement/life insurance,1,bank,own,2,unskilled - resident,2,yes,no,1,divorced/separated,1
no account,24,existing credits paid back duly till now,radio/television,3583,500 <= < 1000 DM,4<= <7 years,3,none,3,car or other,1,none,own,2,unskilled - resident,2,none,no,1,divorced/separated,1
>= 200 DM ,33,all credits at this bank paid back duly,repairs,4858,100 <= <500 DM,>=7 years,4,co-applicant,5,car or other,1,store,own,2,management/ highly qualified employee,2,none,yes,1,divorced/separated,1
0 <= <200 DM,20,existing credits paid back duly till now,others,3606,<100 DM,>=7 years,3,none,2,savings agreement/life insurance,1,none,own,2,skilled employee / official,2,none,yes,1,divorced/separated,1
<0 DM,29,critical account,repairs,4377,100 <= <500 DM,<1 years,3,none,4,unknown / no property,1,bank,own,3,skilled employee / official,2,yes,yes,1,divorced/separated,1
<0 DM,35,critical account,furniture/equipment,6728,500 <= < 1000 DM,>=7 years,3,none,3,savings agreement/life insurance,1,none,own,2,management/ highly qualified employee,2,yes,yes,1,divorced/separated,1
no account,29,existing credits paid back duly till now,furniture/equipment,3566,<100 DM,1<= < 4 years,4,none,2,real estate,1,none,own,2,skilled employee / official,1,none,yes,1,divorced/separated,1
0 <= <200 DM,29,critical account,repairs,5405,<100 DM,1<= < 4 years,3,none,3,unknown / no property,1,bank,own,2,skilled employee / official,2,none,yes,1,divorced/separated,1
0 <= <200 DM,17,critical account,domestic appliances,3431,100 <= <500 DM,4<= <7 years,3,co-applicant,4,unknown / no property,1,store,rent,2,skilled employee / official,1,none,yes,0,divorced/separated,1
no account,24,existing credits paid back duly till now,car (new),4186,no savings account,>=7 years,4,none,3,savings agreement/life insurance,1,none,own,2,unskilled - resident,2,yes,yes,1,divorced/separated,1
no account,23,existing credits paid back duly till now,radio/television,3420,<100 DM,1<= < 4 years,4,none,3,unknown / no property,1,none,own,2,skilled employee / official,2,none,yes,1,divorced/separated,1
<0 DM,24,existing credits paid back duly till now,domestic appliances,2473,<100 DM,1<= < 4 years,4,none,4,car or other,0,bank,rent,2,skilled employee / official,2,yes,yes,1,divorced/separated,0
0 <= <200 DM,25,critical account,car (new),4583,500 <= < 1000 DM,4<= <7 years,3,none,4,savings agreement/life insurance,1,store,own,2,skilled employee / official,2,yes,yes,1,divorced/separated,1
0 <= <200 DM,23,critical account,furniture/equipment,5707,500 <= < 1000 DM,<1 years,3,none,3,savings agreement/life insurance,1,none,own,3,skilled employee / official,2,none,yes,1,divorced/separated,1
<0 DM,24,existing credits paid back duly till now,others,4881,<100 DM,1<= < 4 years,3,none,3,savings agreement/life insurance,1,none,own,2,skilled employee / official,2,none,yes,1,divorced/separated,1
<0 DM,25,existing credits paid back duly till now,furniture/equipment,6525,<100 DM,4<= <7 years,2,none,3,savings agreement/life insurance,1,none,own,3,unskilled - resident,2,none,no,1,divorced/separated,1
<0 DM,21,critical account,retraining,4203,<100 DM,>=7 years,3,none,3,unknown / no property,1,none,own,2,skilled employee / official,2,yes,yes,1,divorced/separated,1
0 <= <200 DM,29,existing credits paid back duly till now,car (used),4573,100 <= <500 DM,4<= <7 years,4,none,5,unknown / no property,1,none,own,2,skilled employee / official,2,none,yes,1,divorced/separated,1
no account,21,existing credits paid back duly till now,repairs,2803,<100 DM,1<= < 4 years,3,none,4,car or other,1,bank,own,1,unskilled - resident,1,none,yes,1,divorced/separated,1
<0 DM,17,existing credits paid back duly till now,others,5605,no savings account,>=7 years,3,none,4,car or other,1,none,own,1,management/ highly qualified employee,2,none,no,1,divorced/separated,1
no account,25,critical account,car (new),4475,<100 DM,1<= < 4 years,4,none,3,real estate,1,bank,own,2,skilled employee / official,2,none,yes,1,divorced/separated,1
<0 DM,6,critical account,radio/television,-212,500 <= < 1000 DM,1<= < 4 years,3,none,4,savings agreement/life insurance,1,none,own,2,unskilled - resident,2,yes,yes,1,divorced/separated,1
no account,20,critical account,car (new),4662,<100 DM,<1 years,4,none,4,unknown / no property,1,none,own,3,skilled employee / official,2,none,yes,1,divorced/separated,1
>= 200 DM ,23,critical account,domestic appliances,2877,500 <= < 1000 DM,1<= < 4 years,3,none,4,car or other,1,none,own,2,unemployed/ unskilled  - non-resident,2,none,yes,1,divorced/separated,1
no account,25,existing credits paid back duly till now,furniture/equipment,2072,no savings account,>=7 years,3,none,4,real estate,1,none,own,2,unemployed/ unskilled  - non-resident,2,none,yes,1,married/widowed,1
no account,29,existing credits paid back duly till now,retraining,5600,<100 DM,4<= <7 years,4,none,4,real estate,1,none,own,2,skilled employee / official,2,none,yes,1,divorced/separated,1
0 <= <200 DM,19,critical account,education,2326,<100 DM,4<= <7 years,2,co-applicant,4,savings agreement/life insurance,0,bank,own,3,skilled employee / official,1,none,no,1,divorced/separated,1
<0 DM,23,existing credits paid back duly till now,furniture/equipment,3607,<100 DM,1<= < 4 years,3,none,3,real estate,1,bank,own,1,management/ highly qualified employee,2,yes,yes,1,married/widowed,1
0 <= <200 DM,28,existing credits paid back duly till now,others,3736,no savings account,unemployed,4,none,3,real estate,1,none,own,2,unemployed/ unskilled  - non-resident,2,none,yes,1,married/widowed,0
0 <= <200 DM,11,critical account,retraining,3526,no savings account,>=7 years,5,co-applicant,4,real estate,1,none,own,3,skilled employee / official,2,yes,yes,1,divorced/separated,1
no account,33,critical account,others,6900,<100 DM,1<= < 4 years,3,none,3,savings agreement/life insurance,1,none,own,2,skilled employee / official,2,none,yes,1,divorced/separated,1
>= 200 DM ,20,existing credits paid back duly till now,radio/television,3828,no savings account,>=7 years,4,none,4,real estate,1,store,own,2,skilled employee / official,2,none,yes,1,divorced/separated,1
>= 200 DM ,14,existing credits paid back duly till now,others,2202,100 <= <500 DM,1<= < 4 years,5,none,3,real estate,1,none,own,1,skilled employee / official,2,none,yes,1,married/widowed,1
no account,31,existing credits paid back duly till now,car (used),3667,<100 DM,1<= < 4 years,3,none,3,unknown / no property,1,none,own,2,unskilled - resident,2,none,yes,1,divorced/separated,1
<0 DM,25,critical account,education,4956,500 <= < 1000 DM,<1 years,2,none,5,car or other,0,none,own,2,skilled employee / official,2,yes,yes,1,divorced/separated,1
>= 200 DM ,40,existing credits paid back duly till now,car (used),7929,100 <= <500 DM,4<= <7 years,4,guarantor,4,car or other,1,none,own,2,unemployed/ unskilled  - non-resident,2,none,yes,1,divorced/separated,1
no account,20,existing credits paid back duly till now,car (used),4633,<100 DM,1<= < 4 years,3,none,3,real estate,1,none,own,2,skilled employee / official,2,none,yes,1,divorced/separated,1
no account,29,existing credits paid back duly till now,radio/television,5517,<100 DM,4<= <7 years,3,none,2,car or other,0,none,own,2,skilled employee / official,2,none,yes,1,divorced/separated,1
0 <= <200 DM,24,existing credits paid back duly till now,car (new),4613,<100 DM,>=7 years,3,guarantor,3,unknown / no property,0,store,own,2,skilled employee / official,2,yes,yes,1,divorced/separated,0
0 <= <200 DM,18,existing credits paid back duly till now,others,2901,<100 DM,>=7 years,4,none,4,savings agreement/life insurance,1,none,own,2,unskilled - resident,2,yes,yes,1,divorced/separated,1
no account,19,existing credits paid back duly till now,repairs,4899,<100 DM,1<= < 4 years,3,none,4,car or other,1,none,own,1,skilled employee / official,2,none,yes,1,divorced/separated,1
<0 DM,28,critical account,others,4357,>= 1000 DM,1<= < 4 years,4,none,4,car or other,1,none,own,2,skilled employee / official,2,none,yes,1,married/widowed,1
no account,25,existing credits paid back duly till now,domestic appliances,5147,>= 1000 DM,4<= <7 years,3,none,3,car or other,1,none,own,1,skilled employee / official,2,none,yes,1,divorced/separated,1
no account,12,existing credits paid back duly till now,car (new),2560,<100 DM,1<= < 4 years,4,none,4,real estate,1,none,own,2,skilled employee / official,2,yes,yes,1,divorced/separated,1
<0 DM,21,existing credits paid back duly till now,furniture/equipment,3606,<100 DM,1<= < 4 years,4,guarantor,2,real estate,1,none,own,2,skilled employee / official,2,none,yes,1,divorced/separated,1
0 <= <200 DM,23,critical account,domestic appliances,2549,no savings account,1<= < 4 years,4,none,4,car or other,0,none,own,2,skilled employee / official,1,yes,yes,0,divorced/separated,1
<0 DM,12,existing credits paid back duly till now,car (new),2912,<100 DM,1<= < 4 years,3,none,3,car or other,0,bank,own,2,skilled employee / official,2,yes,yes,1,divorced/separated,1
>= 200 DM ,34,existing credits paid back duly till now,car (new),8206,>= 1000 DM,>=7 years,3,none,5,car or other,1,none,own,2,skilled employee / official,2,yes,yes,1,divorced/separated,1
0 <= <200 DM,37,all credits at this bank paid back duly,car (used),6717,no savings account,1<= < 4 years,4,none,4,real estate,1,none,own,2,management/ highly qualified employee,2,none,yes,1,divorced/separated,1
no account,25,existing credits paid back duly till now,furniture/equipment,3614,<100 DM,unemployed,3,none,3,savings agreement/life insurance,1,none,own,2,skilled employee / official,2,none,yes,1,divorced/separated,0
>= 200 DM ,31,existing credits paid back duly till now,radio/television,5548,100 <= <500 DM,>=7 years,5,none,3,car or other,0,none,own,1,management/ highly qualified employee,1,none,yes,1,divorced/separated,0
no account,34,existing credits paid back duly till now,domestic appliances,3946,<100 DM,>=7 years,5,guarantor,3,unknown / no property,1,none,own,3,skilled employee / official,2,yes,yes,1,divorced/separated,0
no account,33,existing credits paid back duly till now,furniture/equipment,5723,>= 1000 DM,1<= < 4 years,3,none,2,real estate,1,none,own,2,skilled employee / official,2,none,yes,1,divorced/separated,1
<0 DM,18,delay in paying off,car (new),2706,<100 DM,1<= < 4 years,3,none,4,savings agreement/life insurance,0,store,rent,2,skilled employee / official,2,yes,yes,1,divorced/separated,1
<0 DM,44,existing credits paid back duly till now,car (used),5773,<100 DM,1<= < 4 years,4,none,4,savings agreement/life insurance,1,none,own,2,unskilled - resident,2,none,yes,1,divorced/separated,1
no account,19,existing credits paid back duly till now,car (new),5168,<100 DM,1<= < 4 years,4,guarantor,3,car or other,1,none,own,2,skilled employee / official,1,yes,yes,1,divorced/separated,1
no account,10,existing credits paid back duly till now,radio/television,2624,<100 DM,1<= < 4 years,4,co-applicant,3,real estate,1,none,own,2,skilled employee / official,2,none,yes,1,divorced/separated,1
no account,2,critical account,business,1443,>= 1000 DM,1<= < 4 years,4,none,5,real estate,1,bank,rent,1,skilled employee / official,2,none,no,1,divorced/separated,1
>= 200 DM ,25,existing credits paid back duly till now,radio/television,4318,no savings account,1<= < 4 years,3,none,3,car or other,1,none,own,1,skilled employee / official,2,none,yes,1,married/widowed,1
no account,7,existing credits paid back duly till now,radio/television,1314,<100 DM,1<= < 4 years,3,none,4,car or other,0,none,own,2,skilled employee / official,2,yes,yes,1,divorced/separated,1
no account,2,existing credits paid back duly till now,radio/television,1016,<100 DM,1<= < 4 years,3,none,3,savings agreement/life insurance,1,store,own,1,skilled employee / official,2,none,yes,0,divorced/separated,1
>= 200 DM ,19,existing credits paid back duly till now,others,3594,<100 DM,1<= < 4 years,3,none,3,car or other,1,store,own,1,skilled employee / official,2,none,yes,1,divorced/separated,1
0 <= <200 DM,25,existing credits paid back duly till now,car (used),2600,100 <= <500 DM,1<= < 4 years,4,co-applicant,6,unknown / no property,0,bank,for free,3,skilled employee / official,2,none,no,1,divorced/separated,1
0 <= <200 DM,27,critical account,education,4880,<100 DM,unemployed,2,guarantor,4,car or other,1,none,own,3,skilled employee / official,2,none,yes,1,divorced/separated,1
<0 DM,25,existing credits paid back duly till now,car (used),3302,<100 DM,1<= < 4 years,3,none,4,savings agreement/life insurance,1,none,own,2,unskilled - resident,2,none,yes,1,divorced/separated,1
no account,16,all credits at this bank paid back duly,car (new),2043,<100 DM,1<= < 4 years,4,none,3,savings agreement/life insurance,1,bank,rent,2,skilled employee / official,2,yes,yes,1,divorced/separated,1
>= 200 DM ,22,existing credits paid back duly till now,car (new),3574,<100 DM,>=7 years,4,guarantor,4,real estate,0,none,own,1,skilled employee / official,2,yes,yes,1,divorced/separated,1
0 <= <200 DM,24,existing credits paid back duly till now,business,4591,100 <= <500 DM,4<= <7 years,3,none,4,savings agreement/life insurance,1,none,own,1,unskilled - resident,2,yes,yes,1,divorced/separated,1
<0 DM,44,critical account,car (used),7035,<100 DM,>=7 years,3,none,3,unknown / no property,0,none,own,3,unskilled - resident,2,none,yes,1,divorced/separated,0
0 <= <200 DM,32,existing credits paid back duly till now,car (new),3998,no savings account,unemployed,3,none,3,savings agreement/life insurance,1,none,own,2,unskilled - resident,2,yes,no,1,divorced/separated,0
no account,22,existing credits paid back duly till now,retraining,3626,<100 DM,4<= <7 years,3,none,3,savings agreement/life insurance,1,none,own,2,unskilled - resident,2,none,yes,1,divorced/separated,1
0 <= <200 DM,12,existing credits paid back duly till now,domestic appliances,2228,<100 DM,1<= < 4 years,3,co-applicant,4,savings agreement/life insurance,0,none,for free,2,skilled employee / official,1,yes,yes,1,divorced/separated,1
0 <= <200 DM,27,critical account,car (new),6171,no savings account,>=7 years,2,none,3,car or other,0,none,own,2,skilled employee / official,2,yes,yes,1,divorced/separated,1
>= 200 DM ,22,existing credits paid back duly till now,car (used),3236,<100 DM,1<= < 4 years,3,guarantor,5,unknown / no property,1,none,own,2,skilled employee / official,2,none,yes,1,married/widowed,1
>= 200 DM ,4,existing credits paid back duly till now,others,-913,no savings account,>=7 years,4,none,5,savings agreement/life insurance,1,none,rent,1,skilled employee / official,2,none,no,0,married/widowed,1
>= 200 DM ,14,existing credits paid back duly till now,car (used),1650,<100 DM,4<= <7 years,3,none,3,savings agreement/life insurance,1,none,own,1,unskilled - resident,2,none,yes,1,divorced/separated,1
0 <= <200 DM,49,existing credits paid back duly till now,car (used),8540,<100 DM,4<= <7 years,3,none,4,car or other,1,none,own,2,skilled employee / official,2,none,yes,1,divorced/separated,1
no account,36,critical account,repairs,6599,<100 DM,1<= < 4 years,4,none,3,real estate,1,bank,own,3,skilled employee / official,2,none,yes,1,married/widowed,1
<0 DM,28,critical account,business,4776,<100 DM,1<= < 4 years,3,none,3,savings agreement/life insurance,1,none,own,3,unskilled - resident,2,none,yes,1,divorced/separated,1
<0 DM,25,critical account,car (used),6496,<100 DM,1<= < 4 years,3,none,4,car or other,1,none,own,2,skilled employee / official,2,none,yes,1,divorced/separated,1
0 <= <200 DM,26,all credits at this bank paid back duly,car (new),2380,no savings account,>=7 years,5,co-applicant,4,real estate,1,none,for free,2,skilled employee / official,2,none,yes,1,divorced/separated,1
<0 DM,38,existing credits paid back duly till now,car (used),4860,<100 DM,>=7 years,3,none,4,unknown / no property,1,none,own,2,unskilled - resident,2,yes,yes,1,divorced/separated,1
no account,34,existing credits paid back duly till now,car (used),4501,<100 DM,>=7 years,5,none,4,unknown / no property,1,none,own,2,unemployed/ unskilled  - non-resident,2,yes,yes,1,divorced/separated,0
<0 DM,23,existing credits paid back duly till now,car (new),3617,<100 DM,unemployed,3,none,2,car or other,0,none,own,2,unemployed/ unskilled  - non-resident,2,yes,yes,1,divorced/separated,0
<0 DM,55,critical account,car (used),7557,no savings account,>=7 years,4,none,4,car or other,1,none,own,2,management/ highly qualified employee,2,none,yes,1,divorced/separated,0
0 <= <200 DM,17,existing credits paid back duly till now,others,2669,<100 DM,4<= <7 years,3,none,4,savings agreement/life insurance,1,none,own,2,skilled employee / official,2,none,yes,1,married/widowed,1
no account,7,existing credits paid back duly till now,domestic appliances,524,<100 DM,1<= < 4 years,3,none,4,savings agreement/life insurance,1,store,own,2,skilled employee / official,2,none,yes,1,divorced/separated,1
no account,44,critical account,car (used),6532,<100 DM,unemployed,3,none,3,car or other,1,none,own,2,skilled employee / official,2,none,yes,1,divorced/separated,1
<0 DM,39,existing credits paid back duly till now,car (new),5218,<100 DM,1<= < 4 years,3,none,2,real estate,0,none,own,1,skilled employee / official,2,none,yes,1,divorced/separated,1
>= 200 DM ,15,existing credits paid back duly till now,car (used),608,<100 DM,1<= < 4 years,3,none,4,savings agreement/life insurance,1,store,rent,1,skilled employee / official,2,none,no,1,divorced/separated,1
no account,28,critical account,education,5530,<100 DM,<1 years,2,none,5,car or other,1,bank,own,3,skilled employee / official,2,yes,yes,1,divorced/separated,1
>= 200 DM ,20,no credits taken,car (used),1779,no savings account,unemployed,3,none,4,savings agreement/life insurance,1,store,rent,1,management/ highly qualified employee,2,none,yes,1,divorced/separated,1
0 <= <200 DM,30,existing credits paid back duly till now,car (used),4427,<100 DM,4<= <7 years,3,none,4,unknown / no property,0,none,own,2,unskilled - resident,1,none,yes,1,divorced/separated,1
no account,11,existing credits paid back duly till now,car (new),2006,<100 DM,1<= < 4 years,4,co-applicant,2,real estate,0,none,for free,1,skilled employee / official,2,yes,yes,1,divorced/separated,1
>= 200 DM ,12,no credits taken,domestic appliances,-277,100 <= <500 DM,1<= < 4 years,4,none,4,real estate,1,store,rent,2,unemployed/ unskilled  - non-resident,2,yes,yes,1,divorced/separated,0
<0 DM,25,existing credits paid back duly till now,car (used),3606,>= 1000 DM,1<= < 4 years,3,none,4,car or other,0,none,own,1,skilled employee / official,1,yes,yes,1,divorced/separated,1
>= 200 DM ,1,critical account,car (used),665,<100 DM,<1 years,4,none,6,real estate,1,bank,for free,3,skilled employee / official,2,none,no,1,divorced/separated,1
>= 200 DM ,30,existing credits paid back duly till now,radio/television,3311,<100 DM,>=7 years,3,guarantor,3,car or other,0,none,own,2,skilled employee / official,1,yes,yes,1,divorced/separated,1
no account,24,existing credits paid back duly till now,car (new),2911,<100 DM,1<= < 4 years,3,guarantor,2,savings agreement/life insurance,1,none,own,2,skilled employee / official,2,yes,yes,1,divorced/separated,1
<0 DM,19,delay in paying off,car (used),1045,100 <= <500 DM,1<= < 4 years,5,co-applicant,5,car or other,0,store,for free,2,unemployed/ unskilled  - non-resident,1,yes,yes,1,divorced/separated,1
>= 200 DM ,34,existing credits paid back duly till now,car (new),7493,<100 DM,>=7 years,4,co-applicant,3,car or other,1,none,own,3,skilled employee / official,2,none,yes,1,divorced/separated,1
no account,34,critical account,domestic appliances,5869,<100 DM,<1 years,2,none,3,car or other,1,none,own,3,skilled employee / official,2,yes,yes,1,divorced/separated,1
no account,45,critical account,car (new),5269,<100 DM,unemployed,1,guarantor,3,savings agreement/life insurance,1,none,own,3,unskilled - resident,2,yes,yes,1,divorced/separated,1
>= 200 DM ,5,all credits at this bank paid back duly,car (used),-732,no savings account,1<= < 4 years,4,none,4,real estate,1,none,rent,2,skilled employee / official,2,none,yes,1,divorced/separated,1
no account,17,existing credits paid back duly till now,business,1379,<100 DM,>=7 years,4,none,4,car or other,1,none,own,3,skilled employee / official,2,yes,yes,1,divorced/separated,1
0 <= <200 DM,24,existing credits paid back duly till now,car (new),4535,<100 DM,<1 years,4,guarantor,5,car or other,1,none,own,2,skilled employee / official,2,yes,yes,1,divorced/separated,1
>= 200 DM ,23,existing credits paid back duly till now,radio/television,3214,<100 DM,4<= <7 years,3,none,4,car or other,0,none,own,2,management/ highly qualified employee,2,yes,yes,1,married/widowed,0
no account,15,existing credits paid back duly till now,business,2259,<100 DM,1<= < 4 years,3,co-applicant,3,real estate,0,none,own,2,skilled employee / official,2,none,yes,1,divorced/separated,0
<0 DM,21,existing credits paid back duly till now,business,1765,<100 DM,unemployed,3,none,3,savings agreement/life insurance,0,none,for free,2,unskilled - resident,2,none,yes,1,divorced/separated,1
>= 200 DM ,34,critical account,education,5275,<100 DM,>=7 years,3,co-applicant,3,real estate,0,store,own,2,skilled employee / official,2,none,yes,1,divorced/separated,1
<0 DM,32,existing credits paid back duly till now,car (new),5548,>= 1000 DM,1<= < 4 years,4,none,2,real estate,0,none,own,1,skilled employee / official,2,yes,yes,1,divorced/separated,1
>= 200 DM ,29,existing credits paid back duly till now,education,2339,no savings account,>=7 years,3,none,4,car or other,1,none,for free,1,unskilled - resident,2,yes,yes,1,divorced/separated,0
>= 200 DM ,-2,critical account,domestic appliances,-1799,no savings account,>=7 years,3,none,4,car or other,0,none,rent,3,skilled employee / official,2,yes,no,0,divorced/separated,1
<0 DM,31,critical account,car (new),4250,>= 1000 DM,1<= < 4 years,3,none,4,car or other,0,none,own,1,skilled employee / official,2,none,yes,1,divorced/separated,1
no account,15,existing credits paid back duly till now,car (new),316,<100 DM,4<= <7 years,4,none,4,car or other,0,none,for free,2,skilled employee / official,2,yes,yes,1,divorced/separated,1
<0 DM,20,existing credits paid back duly till now,business,3745,>= 1000 DM,1<= < 4 years,3,none,3,savings agreement/life insurance,1,none,own,2,unskilled - resident,2,yes,yes,1,divorced/separated,1
>= 200 DM ,10,existing credits paid back duly till now,car (used),-252,no savings account,1<= < 4 years,3,none,5,savings agreement/life insurance,1,none,for free,2,skilled employee / official,2,none,no,1,divorced/separated,1
>= 200 DM ,10,existing credits paid back duly till now,domestic appliances,600,<100 DM,1<= < 4 years,4,none,5,savings agreement/life insurance,1,none,own,2,skilled employee / official,2,yes,yes,1,divorced/separated,1
>= 200 DM ,41,existing credits paid back duly till now,car (used),6103,<100 DM,4<= <7 years,2,none,4,savings agreement/life insurance,1,none,own,1,unskilled - resident,2,none,yes,1,divorced/separated,1
>= 200 DM ,6,existing credits paid back duly till now,business,846,>= 1000 DM,1<= < 4 years,3,none,2,real estate,0,store,rent,0,skilled employee / official,1,none,yes,1,divorced/separated,1
no account,24,delay in paying off,education,2124,<100 DM,4<= <7 years,3,none,2,car or other,0,none,for free,2,skilled employee / official,2,yes,yes,1,divorced/separated,0
<0 DM,35,critical account,car (used),5170,<100 DM,unemployed,2,none,3,savings agreement/life insurance,1,none,own,2,management/ highly qualified employee,2,none,yes,1,divorced/separated,1
0 <= <200 DM,24,critical account,business,3855,<100 DM,4<= <7 years,3,guarantor,5,unknown / no property,1,none,own,3,skilled employee / official,2,none,yes,0,divorced/separated,0
>= 200 DM ,27,existing credits paid back duly till now,car (new),3820,<100 DM,<1 years,4,none,5,car or other,0,none,own,2,skilled employee / official,2,yes,yes,1,divorced/separated,1
no account,33,critical account,business,4751,<100 DM,4<= <7 years,2,none,4,car or other,1,none,own,1,skilled employee / official,2,yes,yes,1,divorced/separated,1
>= 200 DM ,38,existing credits paid back duly till now,others,4879,100 <= <500 DM,>=7 years,4,none,5,unknown / no property,1,none,rent,1,management/ highly qualified employee,2,none,yes,1,married/widowed,0
<0 DM,33,critical account,education,6568,<100 DM,<1 years,3,none,4,savings agreement/life insurance,0,none,own,3,skilled employee / official,2,yes,yes,1,divorced/separated,1
0 <= <200 DM,22,existing credits paid back duly till now,education,259,<100 DM,unemployed,3,none,4,savings agreement/life insurance,0,none,for free,1,skilled employee / official,2,yes,yes,1,divorced/separated,1
no account,35,all credits at this bank paid back duly,business,5213,<100 DM,>=7 years,3,none,3,car or other,1,none,own,2,unskilled - resident,2,yes,yes,1,divorced/separated,1
<0 DM,4,critical account,business,-549,100 <= <500 DM,<1 years,4,co-applicant,5,savings agreement/life insurance,0,none,rent,2,skilled employee / official,2,yes,yes,1,divorced/separated,1
>= 200 DM ,17,existing credits paid back duly till now,car (used),2360,>= 1000 DM,unemployed,5,co-applicant,3,real estate,0,none,rent,2,unemployed/ unskilled  - non-resident,2,none,yes,1,divorced/separated,1
>= 200 DM ,30,critical account,car (used),4036,>= 1000 DM,1<= < 4 years,3,none,4,car or other,1,none,own,1,skilled employee / official,2,none,yes,1,divorced/separated,1
0 <= <200 DM,32,critical account,education,4765,no savings account,unemployed,4,co-applicant,5,real estate,1,store,rent,2,management/ highly qualified employee,2,none,no,1,married/widowed,1
>= 200 DM ,35,existing credits paid back duly till now,car (new),4358,<100 DM,>=7 years,4,none,4,car or other,1,none,own,1,skilled employee / official,2,none,yes,1,divorced/separated,1
>= 200 DM ,20,existing credits paid back duly till now,car (new),-660,<100 DM,>=7 years,3,none,4,savings agreement/life insurance,0,store,own,1,skilled employee / official,2,yes,yes,1,divorced/separated,0
no account,26,critical account,education,4103,<100 DM,<1 years,4,none,6,car or other,1,none,own,3,skilled employee / official,2,none,yes,1,divorced/separated,1
0 <= <200 DM,27,critical account,business,2933,<100 DM,<1 years,4,co-applicant,5,savings agreement/life insurance,1,store,for free,1,skilled employee / official,2,yes,yes,1,divorced/separated,1
<0 DM,39,delay in paying off,car (new),4500,<100 DM,4<= <7 years,3,none,3,car or other,1,none,own,2,unemployed/ unskilled  - non-resident,2,yes,yes,1,divorced/separated,1
<0 DM,28,no credits taken,business,2508,<100 DM,unemployed,3,none,3,savings agreement/life insurance,1,none,own,2,unskilled - resident,2,none,yes,1,divorced/separated,1
>= 200 DM ,29,all credits at this bank paid back duly,education,3453,>= 1000 DM,4<= <7 years,3,none,3,car or other,0,none,rent,1,management/ highly qualified employee,1,none,no,1,divorced/separated,1
>= 200 DM ,14,delay in paying off,car (used),840,<100 DM,1<= < 4 years,4,none,4,car or other,0,store,rent,1,management/ highly qualified employee,2,yes,yes,1,divorced/separated,1
no account,2,existing credits paid back duly till now,domestic appliances,-1676,<100 DM,<1 years,4,none,5,car or other,0,bank,for free,2,skilled employee / official,2,none,yes,0,divorced/separated,1
no account,7,critical account,education,2057,<100 DM,4<= <7 years,3,co-applicant,4,car or other,0,store,for free,3,skilled employee / official,2,yes,yes,1,divorced/separated,1
<0 DM,36,critical account,business,5939,<100 DM,4<= <7 years,3,none,4,savings agreement/life insurance,1,none,own,3,skilled employee / official,2,yes,yes,1,divorced/separated,1
>= 200 DM ,15,critical account,radio/television,2097,<100 DM,1<= < 4 years,2,none,3,car or other,1,store,own,2,skilled employee / official,2,yes,yes,1,divorced/separated,1
<0 DM,20,existing credits paid back duly till now,radio/television,2047,no savings account,unemployed,4,none,4,car or other,0,none,own,1,skilled employee / official,2,none,no,1,divorced/separated,1
>= 200 DM ,29,all credits at this bank paid back duly,radio/television,213,no savings account,1<= < 4 years,2,none,4,savings agreement/life insurance,1,none,for free,2,unskilled - resident,2,none,yes,1,married/widowed,1
>= 200 DM ,-4,no credits taken,education,-4201,<100 DM,1<= < 4 years,5,none,5,real estate,1,bank,for free,2,skilled employee / official,2,none,no,1,divorced/separated,1
>= 200 DM ,41,existing credits paid back duly till now,education,6507,>= 1000 DM,>=7 years,4,none,4,car or other,1,none,own,1,management/ highly qualified employee,2,none,yes,1,divorced/separated,1
<0 DM,32,critical account,business,3257,<100 DM,<1 years,4,none,5,car or other,1,none,own,2,skilled employee / official,2,yes,yes,1,divorced/separated,1
>= 200 DM ,37,existing credits paid back duly till now,car (used),3863,<100 DM,>=7 years,3,none,5,unknown / no property,1,none,for free,2,unemployed/ unskilled  - non-resident,2,yes,no,1,divorced/separated,1
no account,12,existing credits paid back duly till now,business,3233,<100 DM,4<= <7 years,4,none,4,car or other,1,none,own,2,skilled employee / official,2,none,yes,1,divorced/separated,1
>= 200 DM ,41,critical account,car (used),5548,>= 1000 DM,>=7 years,4,none,4,real estate,1,bank,own,2,management/ highly qualified employee,2,none,yes,1,divorced/separated,1
0 <= <200 DM,32,critical account,business,5341,500 <= < 1000 DM,<1 years,4,none,5,savings agreement/life insurance,0,none,for free,2,skilled employee / official,2,yes,yes,1,divorced/separated,1
>= 200 DM ,28,no credits taken,education,2354,<100 DM,>=7 years,3,none,2,savings agreement/life insurance,1,none,own,2,skilled employee / official,2,yes,yes,1,divorced/separated,1
>= 200 DM ,30,no credits taken,car (used),5115,>= 1000 DM,>=7 years,3,none,4,real estate,1,store,rent,2,management/ highly qualified employee,2,none,no,0,married/widowed,1
>= 200 DM ,36,critical account,car (new),3039,<100 DM,<1 years,4,none,4,car or other,1,bank,own,2,skilled employee / official,2,yes,yes,1,married/widowed,1
no account,39,all credits at this bank paid back duly,car (used),6480,>= 1000 DM,>=7 years,4,none,3,unknown / no property,1,store,for free,3,skilled employee / official,2,none,yes,1,divorced/separated,1
no account,40,existing credits paid back duly till now,car (used),6342,>= 1000 DM,unemployed,4,none,3,car or other,0,none,own,3,skilled employee / official,2,yes,yes,1,divorced/separated,1
<0 DM,37,delay in paying off,car (new),5163,100 <= <500 DM,>=7 years,3,none,1,car or other,0,none,own,1,unemployed/ unskilled  - non-resident,2,yes,yes,1,divorced/separated,0
>= 200 DM ,38,all credits at this bank paid back duly,car (used),3682,no savings account,>=7 years,2,none,3,car or other,1,none,own,2,management/ highly qualified employee,2,yes,yes,1,divorced/separated,1
<0 DM,32,critical account,education,4112,<100 DM,>=7 years,2,guarantor,3,car or other,1,none,for free,3,skilled employee / official,2,yes,yes,1,divorced/separated,1
>= 200 DM ,19,critical account,education,1635,no savings account,>=7 years,3,none,5,car or other,1,none,for free,3,skilled employee / official,2,yes,yes,1,divorced/separated,1
0 <= <200 DM,23,delay in paying off,business,3279,<100 DM,>=7 years,5,none,5,car or other,0,none,rent,2,skilled employee / official,2,yes,yes,1,divorced/separated,1
>= 200 DM ,25,existing credits paid back duly till now,education,1956,<100 DM,4<= <7 years,3,none,5,car or other,1,none,rent,2,skilled employee / official,2,yes,yes,1,divorced/separated,1
>= 200 DM ,10,existing credits paid back duly till now,car (new),-256,100 <= <500 DM,<1 years,3,none,3,savings agreement/life insurance,0,none,for free,1,skilled employee / official,2,yes,yes,1,divorced/separated,1
>= 200 DM ,26,critical account,car (used),3272,>= 1000 DM,<1 years,4,none,5,car or other,0,none,rent,2,skilled employee / official,2,yes,yes,1,divorced/separated,1
<0 DM,34,existing credits paid back duly till now,car (used),3896,>= 1000 DM,1<= < 4 years,3,none,4,car or other,1,none,rent,0,management/ highly qualified employee,1,none,yes,1,divorced/separated,1
no account,18,no credits taken,car (new),4560,no savings account,>=7 years,3,none,2,real estate,1,none,for free,2,skilled employee / official,2,yes,yes,1,married/widowed,1
<0 DM,1,existing credits paid back duly till now,business,805,>= 1000 DM,1<= < 4 years,4,none,3,real estate,0,none,own,2,skilled employee / official,2,yes,no,1,married/widowed,1
>= 200 DM ,32,no credits taken,car (new),4034,100 <= <500 DM,>=7 years,4,none,3,car or other,1,store,own,1,skilled employee / official,2,yes,yes,1,divorced/separated,0
>= 200 DM ,25,existing credits paid back duly till now,business,2595,<100 DM,1<= < 4 years,4,none,4,savings agreement/life insurance,1,none,own,2,skilled employee / official,2,yes,yes,1,divorced/separated,1
>= 200 DM ,35,existing credits paid back duly till now,car (new),4453,<100 DM,>=7 years,2,none,2,real estate,1,none,own,2,management/ highly qualified employee,2,none,yes,1,divorced/separated,1
>= 200 DM ,36,no credits taken,car (used),2847,<100 DM,>=7 years,3,none,4,real estate,1,bank,rent,1,management/ highly qualified employee,2,none,yes,1,divorced/separated,0
<0 DM,27,existing credits paid back duly till now,business,1522,<100 DM,unemployed,4,none,3,savings agreement/life insurance,0,none,for free,2,unskilled - resident,2,yes,no,1,divorced/separated,0
>= 200 DM ,27,critical account,business,4139,<100 DM,<1 years,4,none,4,savings agreement/life insurance,1,none,own,2,skilled employee / official,2,yes,yes,1,divorced/separated,1
<0 DM,27,critical account,car (used),2979,500 <= < 1000 DM,4<= <7 years,2,guarantor,3,savings agreement/life insurance,1,none,own,2,unskilled - resident,2,none,yes,1,divorced/separated,1
>= 200 DM ,19,critical account,education,2242,<100 DM,1<= < 4 years,3,none,3,car or other,1,none,for free,2,skilled employee / official,2,none,yes,1,divorced/separated,1
>= 200 DM ,32,critical account,education,4697,<100 DM,<1 years,3,none,4,car or other,0,none,own,2,skilled employee / official,2,none,yes,1,divorced/separated,1
>= 200 DM ,38,critical account,radio/television,5045,>= 1000 DM,>=7 years,1,none,2,car or other,1,none,own,2,management/ highly qualified employee,2,none,yes,1,divorced/separated,1
no account,58,critical account,retraining,10159,<100 DM,>=7 years,1,none,2,car or other,1,none,for free,2,skilled employee / official,2,yes,yes,1,divorced/separated,1
<0 DM,51,critical account,education,8455,<100 DM,4<= <7 years,2,none,4,car or other,1,none,own,3,skilled employee / official,2,yes,yes,1,divorced/separated,0
0 <= <200 DM,14,existing credits paid back duly till now,car (used),1273,500 <= < 1000 DM,unemployed,3,none,5,savings agreement/life insurance,1,none,rent,2,unskilled - resident,2,none,no,1,divorced/separated,1
>= 200 DM ,13,existing credits paid back duly till now,car (new),2504,>= 1000 DM,<1 years,3,none,4,savings agreement/life insurance,1,none,own,2,skilled employee / official,2,none,yes,1,divorced/separated,1
>= 200 DM ,13,existing credits paid back duly till now,furniture/equipment,1221,no savings account,unemployed,2,none,4,savings agreement/life insurance,1,none,own,2,unskilled - resident,2,yes,yes,1,divorced/separated,1
<0 DM,22,existing credits paid back duly till now,furniture/equipment,2569,<100 DM,<1 years,3,none,2,savings agreement/life insurance,0,none,own,1,skilled employee / official,2,yes,yes,1,divorced/separated,1
>= 200 DM ,51,critical account,car (used),7227,>= 1000 DM,>=7 years,3,none,5,car or other,0,none,own,2,skilled employee / official,2,none,yes,1,divorced/separated,1
no account,16,critical account,car (used),798,500 <= < 1000 DM,unemployed,3,none,4,unknown / no property,1,none,for free,2,skilled employee / official,2,none,no,1,divorced/separated,1
no account,8,existing credits paid back duly till now,furniture/equipment,118,<100 DM,4<= <7 years,4,none,2,real estate,1,none,own,1,skilled employee / official,2,none,yes,1,divorced/separated,1
>= 200 DM ,25,no credits taken,business,4121,<100 DM,1<= < 4 years,4,none,3,real estate,1,none,for free,2,skilled employee / official,2,yes,yes,1,divorced/separated,1
>= 200 DM ,18,critical account,car (used),1987,<100 DM,<1 years,3,none,3,car or other,1,none,own,2,skilled employee / official,2,none,yes,1,divorced/separated,1
<0 DM,-2,critical account,radio/television,-3074,<100 DM,1<= < 4 years,4,none,4,car or other,0,bank,own,2,skilled employee / official,2,none,no,1,divorced/separated,1
<0 DM,29,critical account,business,3544,500 <= < 1000 DM,unemployed,3,none,4,car or other,0,none,own,2,skilled employee / official,2,yes,yes,1,divorced/separated,1
>= 200 DM ,1,existing credits paid back duly till now,radio/television,-593,<100 DM,1<= < 4 years,4,none,3,car or other,0,store,rent,0,skilled employee / official,1,none,yes,1,divorced/separated,1
<0 DM,20,no credits taken,business,2310,no savings account,<1 years,2,none,2,savings agreement/life insurance,1,none,for free,2,unskilled - resident,2,yes,no,1,divorced/separated,1
>= 200 DM ,9,existing credits paid back duly till now,others,-52,<100 DM,<1 years,4,none,4,savings agreement/life insurance,0,none,own,2,skilled employee / official,2,yes,yes,1,divorced/separated,1
<0 DM,26,critical account,radio/television,4066,>= 1000 DM,>=7 years,2,none,2,car or other,0,none,own,1,skilled employee / official,2,none,yes,1,divorced/separated,1
<0 DM,30,critical account,car (used),3983,<100 DM,<1 years,3,none,4,savings agreement/life insurance,0,none,own,3,management/ highly qualified employee,2,yes,yes,1,divorced/separated,0
0 <= <200 DM,30,existing credits paid back duly till now,furniture/equipment,4525,<100 DM,4<= <7 years,3,guarantor,5,savings agreement/life insurance,0,none,own,2,skilled employee / official,2,none,yes,1,divorced/separated,1
<0 DM,-2,critical account,business,-2002,<100 DM,<1 years,4,none,3,savings agreement/life insurance,0,bank,for free,2,skilled employee / official,2,yes,yes,1,divorced/separated,1
>= 200 DM ,32,delay in paying off,car (used),5590,>= 1000 DM,4<= <7 years,4,none,3,car or other,1,none,rent,1,management/ highly qualified employee,2,yes,yes,1,divorced/separated,1
<0 DM,-1,no credits taken,education,-561,100 <= <500 DM,1<= < 4 years,3,co-applicant,3,real estate,0,store,for free,3,unskilled - resident,2,none,no,1,divorced/separated,0
>= 200 DM ,12,critical account,furniture/equipment,960,no savings account,1<= < 4 years,2,none,3,real estate,1,bank,rent,2,unskilled - resident,2,yes,no,1,divorced/separated,1
>= 200 DM ,10,delay in paying off,business,-744,no savings account,>=7 years,3,none,4,savings agreement/life insurance,1,none,for free,2,skilled employee / official,2,yes,yes,1,divorced/separated,1
0 <= <200 DM,19,no credits taken,car (used),1173,no savings account,>=7 years,4,none,4,real estate,1,store,rent,2,unskilled - resident,2,none,no,1,married/widowed,1
>= 200 DM ,45,all credits at this bank paid back duly,car (used),9634,>= 1000 DM,4<= <7 years,2,none,2,car or other,1,none,own,2,skilled employee / official,2,none,yes,1,divorced/separated,1
no account,3,critical account,car (used),-1303,>= 1000 DM,>=7 years,4,none,5,unknown / no property,1,none,for free,3,skilled employee / official,2,none,no,1,divorced/separated,1
>= 200 DM ,5,existing credits paid back duly till now,domestic appliances,-1061,<100 DM,<1 years,3,none,4,savings agreement/life insurance,1,none,own,2,skilled employee / official,2,yes,yes,1,divorced/separated,1
>= 200 DM ,41,delay in paying off,car (new),6827,>= 1000 DM,>=7 years,2,none,2,car or other,1,none,own,2,management/ highly qualified employee,2,yes,yes,1,divorced/separated,1
0 <= <200 DM,41,critical account,retraining,7399,<100 DM,>=7 years,4,guarantor,7,car or other,1,none,own,4,skilled employee / official,2,yes,yes,1,married/widowed,1
>= 200 DM ,16,critical account,education,2782,500 <= < 1000 DM,<1 years,3,none,3,car or other,1,none,own,2,management/ highly qualified employee,2,yes,yes,1,divorced/separated,1
<0 DM,19,critical account,education,1059,<100 DM,<1 years,3,none,5,car or other,1,bank,own,2,skilled employee / official,2,yes,yes,1,divorced/separated,1
>= 200 DM ,14,no credits taken,retraining,-1187,100 <= <500 DM,>=7 years,4,none,2,real estate,1,none,for free,1,management/ highly qualified employee,2,none,yes,1,divorced/separated,0
>= 200 DM ,32,existing credits paid back duly till now,education,4318,<100 DM,<1 years,3,none,3,savings agreement/life insurance,1,none,own,2,skilled employee / official,2,yes,yes,1,divorced/separated,1
<0 DM,22,critical account,repairs,2419,<100 DM,1<= < 4 years,3,co-applicant,2,car or other,0,bank,own,1,unemployed/ unskilled  - non-resident,2,none,yes,1,divorced/separated,1
<0 DM,37,critical account,education,6261,<100 DM,>=7 years,3,none,3,real estate,1,none,for free,2,management/ highly qualified employee,2,none,yes,1,divorced/separated,1
<0 DM,33,critical account,education,4864,>= 1000 DM,>=7 years,3,none,4,car or other,1,bank,own,2,management/ highly qualified employee,2,yes,yes,1,divorced/separated,1
>= 200 DM ,17,existing credits paid back duly till now,car (used),1462,<100 DM,<1 years,3,none,3,real estate,1,none,own,2,skilled employee / official,2,none,yes,1,divorced/separated,1
no account,29,critical account,furniture/equipment,5042,<100 DM,>=7 years,3,none,3,car or other,1,none,own,2,skilled employee / official,2,none,yes,1,divorced/separated,1
>= 200 DM ,18,critical account,education,1958,>= 1000 DM,>=7 years,2,none,2,unknown / no property,1,none,own,2,skilled employee / official,2,none,yes,1,divorced/separated,1
>= 200 DM ,17,delay in paying off,radio/television,1683,<100 DM,<1 years,4,none,4,car or other,1,none,own,1,management/ highly qualified employee,2,yes,yes,1,divorced/separated,1
<0 DM,38,existing credits paid back duly till now,retraining,3933,<100 DM,>=7 years,4,none,0,car or other,0,none,own,2,skilled employee / official,1,yes,yes,1,divorced/separated,1
>= 200 DM ,17,delay in paying off,business,829,>= 1000 DM,>=7 years,4,none,5,real estate,1,bank,rent,1,management/ highly qualified employee,2,none,yes,1,divorced/separated,0
no account,4,all credits at this bank paid back duly,business,-752,<100 DM,1<= < 4 years,2,none,2,real estate,1,none,own,2,skilled employee / official,2,none,yes,1,divorced/separated,1
<0 DM,26,delay in paying off,domestic appliances,4254,<100 DM,1<= < 4 years,4,none,3,car or other,0,none,own,2,unemployed/ unskilled  - non-resident,2,yes,yes,1,married/widowed,1
>= 200 DM ,27,existing credits paid back duly till now,radio/television,4219,500 <= < 1000 DM,4<= <7 years,3,none,2,savings agreement/life insurance,0,none,own,1,unskilled - resident,2,none,yes,1,divorced/separated,1
<0 DM,35,existing credits paid back duly till now,radio/television,3187,>= 1000 DM,unemployed,3,none,3,car or other,1,none,rent,0,management/ highly qualified employee,2,yes,yes,1,divorced/separated,1
>= 200 DM ,31,critical account,education,5076,500 <= < 1000 DM,<1 years,3,none,6,car or other,1,none,own,3,skilled employee / official,2,none,yes,1,married/widowed,1
>= 200 DM ,26,critical account,retraining,3038,500 <= < 1000 DM,>=7 years,3,none,5,car or other,1,bank,for free,2,skilled employee / official,2,yes,yes,1,divorced/separated,1
>= 200 DM ,27,critical account,car (used),3621,<100 DM,>=7 years,4,none,6,car or other,1,none,own,2,skilled employee / official,2,yes,yes,1,married/widowed,0
no account,33,no credits taken,car (new),7046,no savings account,>=7 years,2,none,1,savings agreement/life insurance,1,none,own,2,management/ highly qualified employee,2,none,yes,1,divorced/separated,0
no account,-1,critical account,radio/television,-1479,<100 DM,1<= < 4 years,4,none,3,real estate,1,none,for free,3,skilled employee / official,2,none,yes,1,divorced/separated,1
>= 200 DM ,23,critical account,business,1366,500 <= < 1000 DM,<1 years,4,none,5,unknown / no property,1,bank,rent,2,skilled employee / official,2,none,yes,1,divorced/separated,1
no account,6,existing credits paid back duly till now,radio/television,-1275,<100 DM,unemployed,4,none,4,car or other,0,none,own,2,skilled employee / official,1,yes,yes,1,divorced/separated,1
>= 200 DM ,29,no credits taken,business,4324,100 <= <500 DM,<1 years,3,none,4,savings agreement/life insurance,1,none,for free,2,management/ highly qualified employee,2,none,yes,1,divorced/separated,0
no account,-4,critical account,business,-2289,<100 DM,<1 years,4,none,4,real estate,1,none,for free,2,skilled employee / official,2,yes,yes,1,divorced/separated,1
>= 200 DM ,23,existing credits paid back duly till now,repairs,2170,no savings account,>=7 years,3,none,3,unknown / no property,0,none,for free,1,management/ highly qualified employee,2,none,yes,1,divorced/separated,1
no account,20,critical account,business,2378,<100 DM,<1 years,3,none,4,savings agreement/life insurance,1,none,for free,2,unskilled - resident,2,yes,yes,1,divorced/separated,1
0 <= <200 DM,24,delay in paying off,business,3085,<100 DM,>=7 years,5,none,5,car or other,1,bank,own,2,skilled employee / official,2,yes,yes,1,divorced/separated,1
>= 200 DM ,25,delay in paying off,radio/television,5769,500 <= < 1000 DM,>=7 years,5,none,3,car or other,0,none,rent,1,skilled employee / official,2,none,yes,1,divorced/separated,1
>= 200 DM ,-2,no credits taken,car (used),302,no savings account,unemployed,3,none,4,real estate,1,store,rent,2,management/ highly qualified employee,2,none,no,0,married/widowed,1
no account,28,critical account,car (new),3375,no savings account,>=7 years,4,guarantor,4,unknown / no property,1,store,for free,3,skilled employee / official,2,yes,yes,1,divorced/separated,0
>= 200 DM ,24,no credits taken,car (used),3577,>= 1000 DM,>=7 years,4,none,5,real estate,1,bank,rent,2,management/ highly qualified employee,2,none,no,1,divorced/separated,1
0 <= <200 DM,34,existing credits paid back duly till now,education,7833,500 <= < 1000 DM,4<= <7 years,3,none,2,car or other,0,none,rent,2,skilled employee / official,1,yes,yes,1,divorced/separated,1
>= 200 DM ,17,critical account,car (used),1942,500 <= < 1000 DM,<1 years,4,none,4,real estate,1,none,for free,2,skilled employee / official,2,none,yes,1,divorced/separated,1
no account,7,no credits taken,car (used),841,no savings account,>=7 years,4,none,5,real estate,1,none,rent,2,skilled employee / official,2,none,no,1,married/widowed,1
>= 200 DM ,24,existing credits paid back duly till now,retraining,4469,no savings account,>=7 years,3,none,4,savings agreement/life insurance,1,none,own,2,unskilled - resident,2,none,yes,1,divorced/separated,1
<0 DM,33,critical account,car (used),4776,500 <= < 1000 DM,1<= < 4 years,2,none,4,car or other,1,none,rent,2,management/ highly qualified employee,2,none,yes,1,divorced/separated,1
no account,33,critical account,car (new),7382,>= 1000 DM,4<= <7 years,3,none,1,car or other,1,none,for free,2,skilled employee / official,2,none,yes,1,divorced/separated,1
>= 200 DM ,35,critical account,retraining,6040,<100 DM,<1 years,2,none,4,car or other,1,none,own,3,skilled employee / official,2,yes,yes,1,divorced/separated,1
no account,35,delay in paying off,radio/television,5179,100 <= <500 DM,4<= <7 years,2,none,3,savings agreement/life insurance,1,none,for free,1,management/ highly qualified employee,1,yes,yes,1,divorced/separated,0
<0 DM,23,existing credits paid back duly till now,radio/television,1919,>= 1000 DM,1<= < 4 years,4,none,4,car or other,0,none,own,1,management/ highly qualified employee,2,none,yes,1,divorced/separated,1
>= 200 DM ,15,no credits taken,business,2548,no savings account,>=7 years,3,none,2,unknown / no property,1,none,for free,2,management/ highly qualified employee,2,none,yes,1,divorced/separated,0
<0 DM,9,delay in paying off,retraining,708,100 <= <500 DM,1<= < 4 years,5,none,2,real estate,0,none,own,1,skilled employee / official,1,yes,yes,1,divorced/separated,1
no account,5,critical account,radio/television,1880,>= 1000 DM,<1 years,3,none,3,car or other,0,none,own,1,skilled employee / official,2,none,yes,1,divorced/separated,1
<0 DM,32,existing credits paid back duly till now,education,6139,<100 DM,unemployed,3,none,3,savings agreement/life insurance,1,none,own,2,unskilled - resident,2,none,no,1,married/widowed,1
>= 200 DM ,24,delay in paying off,car (used),2988,no savings account,>=7 years,5,none,5,real estate,0,none,rent,2,management/ highly qualified employee,2,none,no,1,married/widowed,1
no account,15,existing credits paid back duly till now,furniture/equipment,2606,100 <= <500 DM,>=7 years,2,none,1,savings agreement/life insurance,0,none,for free,2,skilled employee / official,2,yes,yes,1,divorced/separated,1
>= 200 DM ,27,critical account,others,6637,>= 1000 DM,<1 years,3,none,3,real estate,1,none,own,1,management/ highly qualified employee,2,none,yes,1,married/widowed,1
>= 200 DM ,19,existing credits paid back duly till now,retraining,1817,<100 DM,<1 years,4,none,2,savings agreement/life insurance,1,none,own,2,skilled employee / official,2,yes,yes,1,divorced/separated,1
<0 DM,30,delay in paying off,education,3418,>= 1000 DM,1<= < 4 years,4,none,4,unknown / no property,1,none,rent,2,management/ highly qualified employee,2,yes,no,1,married/widowed,1
>= 200 DM ,-28,no credits taken,retraining,-6067,<100 DM,<1 years,2,none,3,savings agreement/life insurance,1,none,for free,2,skilled employee / official,2,none,no,1,divorced/separated,1
>= 200 DM ,18,existing credits paid back duly till now,education,4933,<100 DM,<1 years,3,none,2,real estate,0,none,own,2,skilled employee / official,1,none,yes,1,divorced/separated,1
<0 DM,4,no credits taken,business,-994,<100 DM,<1 years,4,none,3,real estate,1,none,for free,1,skilled employee / official,2,none,yes,1,divorced/separated,0
no account,38,critical account,education,7059,<100 DM,unemployed,3,none,2,car or other,1,none,own,2,skilled employee / official,2,none,yes,1,divorced/separated,1
no account,13,delay in paying off,furniture/equipment,3004,500 <= < 1000 DM,<1 years,3,none,3,car or other,1,none,own,2,skilled employee / official,2,yes,yes,1,divorced/separated,1
<0 DM,32,all credits at this bank paid back duly,domestic appliances,4594,>= 1000 DM,>=7 years,4,none,5,car or other,0,none,own,2,unemployed/ unskilled  - non-resident,2,none,yes,1,married/widowed,1
0 <= <200 DM,26,critical account,retraining,4156,100 <= <500 DM,>=7 years,2,none,4,car or other,1,bank,for free,3,skilled employee / official,2,yes,yes,1,divorced/separated,0
0 <= <200 DM,28,critical account,others,4726,500 <= < 1000 DM,<1 years,4,none,5,savings agreement/life insurance,1,bank,for free,3,unskilled - resident,2,none,yes,1,divorced/separated,1
no account,15,delay in paying off,retraining,1641,no savings account,>=7 years,3,none,2,real estate,1,none,rent,1,skilled employee / official,1,none,yes,1,divorced/separated,1
0 <= <200 DM,30,critical account,car (new),6130,no savings account,>=7 years,2,none,3,car or other,1,none,own,3,skilled employee / official,2,none,yes,1,divorced/separated,1
>= 200 DM ,21,all credits at this bank paid back duly,car (used),1777,no savings account,>=7 years,4,none,5,car or other,1,none,rent,2,management/ highly qualified employee,2,none,no,1,married/widowed,1
0 <= <200 DM,50,critical account,retraining,7705,<100 DM,>=7 years,2,none,3,unknown / no property,1,none,own,4,management/ highly qualified employee,2,yes,yes,1,divorced/separated,0
>= 200 DM ,24,all credits at this bank paid back duly,repairs,2116,100 <= <500 DM,1<= < 4 years,3,none,2,real estate,1,bank,rent,1,management/ highly qualified employee,1,none,yes,1,married/widowed,0
<0 DM,43,delay in paying off,education,7703,no savings account,>=7 years,2,none,1,unknown / no property,1,none,for free,3,skilled employee / official,2,none,yes,1,divorced/separated,1
no account,34,critical account,car (new),5871,100 <= <500 DM,>=7 years,3,none,4,car or other,1,none,for free,2,skilled employee / official,2,yes,yes,1,divorced/separated,1
no account,17,delay in paying off,furniture/equipment,2197,no savings account,>=7 years,4,none,3,real estate,1,none,rent,2,skilled employee / official,2,yes,yes,1,divorced/separated,1
>= 200 DM ,27,delay in paying off,retraining,4776,no savings account,>=7 years,4,none,5,car or other,1,bank,rent,1,management/ highly qualified employee,2,yes,yes,1,divorced/separated,1
>= 200 DM ,6,existing credits paid back duly till now,radio/television,2174,>= 1000 DM,<1 years,3,none,3,real estate,1,none,own,2,management/ highly qualified employee,2,none,yes,1,divorced/separated,1
no account,25,no credits taken,retraining,5001,<100 DM,>=7 years,5,none,3,unknown / no property,1,none,for free,2,skilled employee / official,1,none,yes,1,divorced/separated,0
<0 DM,14,critical account,retraining,2675,<100 DM,<1 years,4,none,4,real estate,0,none,own,3,skilled employee / official,2,none,yes,1,divorced/separated,0
0 <= <200 DM,17,no credits taken,furniture/equipment,1827,<100 DM,<1 years,3,none,3,savings agreement/life insurance,1,none,for free,3,skilled employee / official,2,yes,no,1,divorced/separated,1
0 <= <200 DM,23,critical account,car (used),3573,500 <= < 1000 DM,>=7 years,3,none,5,car or other,1,none,own,2,skilled employee / official,2,none,yes,1,divorced/separated,1
<0 DM,29,no credits taken,car (new),5862,100 <= <500 DM,>=7 years,4,none,2,real estate,1,bank,for free,2,unskilled - resident,2,yes,yes,1,divorced/separated,0
<0 DM,35,delay in paying off,furniture/equipment,8787,500 <= < 1000 DM,1<= < 4 years,2,none,3,car or other,1,none,own,2,skilled employee / official,2,none,yes,1,divorced/separated,1
>= 200 DM ,11,no credits taken,car (used),1483,<100 DM,>=7 years,5,none,5,real estate,1,none,own,2,management/ highly qualified employee,2,yes,yes,1,divorced/separated,1
no account,14,critical account,retraining,1931,500 <= < 1000 DM,1<= < 4 years,4,none,2,real estate,1,none,own,3,skilled employee / official,1,none,yes,1,divorced/separated,1
>= 200 DM ,13,critical account,others,588,<100 DM,<1 years,4,none,5,real estate,1,bank,own,2,skilled employee / official,2,none,yes,1,married/widowed,1
<0 DM,5,critical account,radio/television,1008,<100 DM,>=7 years,5,none,3,real estate,1,none,own,2,skilled employee / official,2,none,yes,1,divorced/separated,1
>= 200 DM ,8,delay in paying off,furniture/equipment,3022,100 <= <500 DM,<1 years,3,none,4,savings agreement/life insurance,1,none,rent,2,skilled employee / official,2,yes,yes,1,divorced/separated,1
0 <= <200 DM,25,delay in paying off,furniture/equipment,5272,500 <= < 1000 DM,>=7 years,4,none,5,savings agreement/life insurance,1,none,own,3,unskilled - resident,2,none,yes,1,married/widowed,1
<0 DM,17,critical account,radio/television,3050,500 <= < 1000 DM,1<= < 4 years,4,none,3,car or other,1,none,own,1,skilled employee / official,2,none,yes,1,divorced/separated,1
no account,24,critical account,furniture/equipment,5403,500 <= < 1000 DM,1<= < 4 years,4,none,3,car or other,1,none,rent,2,skilled employee / official,2,yes,yes,1,divorced/separated,1
>= 200 DM ,16,all credits at this bank paid back duly,domestic appliances,2198,no savings account,<1 years,4,none,5,car or other,1,none,rent,3,skilled employee / official,2,none,yes,1,married/widowed,1
no account,21,critical account,radio/television,2725,500 <= < 1000 DM,>=7 years,4,none,2,real estate,1,none,own,2,skilled employee / official,2,yes,yes,1,divorced/separated,1
>= 200 DM ,20,existing credits paid back duly till now,radio/television,3419,500 <= < 1000 DM,<1 years,3,none,2,car or other,1,none,own,1,skilled employee / official,1,none,yes,1,divorced/separated,1
no account,29,critical account,education,4573,500 <= < 1000 DM,unemployed,3,none,3,unknown / no property,1,none,own,3,skilled employee / official,2,none,yes,1,divorced/separated,1
no account,13,existing credits paid back duly till now,radio/television,425,<100 DM,>=7 years,3,none,1,real estate,1,none,own,2,management/ highly qualified employee,1,none,yes,1,divorced/separated,0
<0 DM,17,all credits at this bank paid back duly,furniture/equipment,2888,>= 1000 DM,>=7 years,4,none,3,real estate,1,none,own,2,management/ highly qualified employee,2,none,yes,1,divorced/separated,1
<0 DM,3,existing credits paid back duly till now,radio/television,-1303,>= 1000 DM,<1 years,5,none,3,real estate,1,none,rent,1,skilled employee / official,2,none,yes,1,divorced/separated,1
>= 200 DM ,8,existing credits paid back duly till now,radio/television,897,no savings account,>=7 years,3,none,3,savings agreement/life insurance,1,none,own,2,skilled employee / official,2,yes,yes,1,divorced/separated,1
0 <= <200 DM,29,existing credits paid back duly till now,car (used),5417,500 <= < 1000 DM,4<= <7 years,3,none,5,car or other,1,none,rent,2,unskilled - resident,2,none,no,1,divorced/separated,1
<0 DM,38,delay in paying off,car (used),4390,no savings account,>=7 years,4,none,6,unknown / no property,1,none,for free,2,management/ highly qualified employee,2,yes,no,1,divorced/separated,1
0 <= <200 DM,30,all credits at this bank paid back duly,car (used),3923,500 <= < 1000 DM,unemployed,3,none,3,car or other,0,none,own,2,unemployed/ unskilled  - non-resident,2,none,yes,1,married/widowed,1
no account,28,critical account,retraining,6160,500 <= < 1000 DM,>=7 years,3,none,4,car or other,1,none,own,3,skilled employee / official,2,none,yes,1,divorced/separated,1
no account,1,existing credits paid back duly till now,radio/television,-858,>= 1000 DM,1<= < 4 years,3,none,3,car or other,1,none,rent,1,management/ highly qualified employee,2,yes,no,1,divorced/separated,1
0 <= <200 DM,35,existing credits paid back duly till now,radio/television,4019,<100 DM,<1 years,3,none,4,savings agreement/life insurance,1,none,own,2,skilled employee / official,2,yes,yes,1,divorced/separated,1
no account,42,delay in paying off,retraining,8774,no savings account,>=7 years,4,none,4,car or other,1,none,own,3,skilled employee / official,2,yes,yes,1,divorced/separated,1
<0 DM,11,no credits taken,retraining,852,<100 DM,<1 years,5,none,3,real estate,1,none,own,3,skilled employee / official,2,yes,yes,1,divorced/separated,1
0 <= <200 DM,51,critical account,repairs,11248,500 <= < 1000 DM,>=7 years,4,none,5,car or other,1,none,own,2,management/ highly qualified employee,2,none,yes,1,divorced/separated,1
no account,17,critical account,retraining,2065,100 <= <500 DM,1<= < 4 years,4,none,4,real estate,1,bank,rent,2,skilled employee / official,2,none,yes,1,divorced/separated,1
<0 DM,35,critical account,car (used),7079,no savings account,>=7 years,3,none,6,unknown / no property,1,none,for free,3,skilled employee / official,2,none,yes,1,divorced/separated,1
>= 200 DM ,28,all credits at this bank paid back duly,retraining,5048,<100 DM,>=7 years,3,none,4,unknown / no property,1,none,for free,2,unskilled - resident,2,none,yes,1,divorced/separated,1
no account,8,existing credits paid back duly till now,furniture/equipment,-1192,500 <= < 1000 DM,1<= < 4 years,4,none,5,savings agreement/life insurance,1,none,rent,2,skilled employee / official,2,none,no,1,divorced/separated,1
no account,29,critical account,retraining,6081,<100 DM,>=7 years,2,none,4,unknown / no property,1,none,own,3,skilled employee / official,2,none,yes,1,divorced/separated,1
<0 DM,15,existing credits paid back duly till now,furniture/equipment,4488,<100 DM,<1 years,2,none,3,savings agreement/life insurance,1,none,rent,1,unskilled - resident,2,none,no,0,married/widowed,1
0 <= <200 DM,32,critical account,car (new),5685,<100 DM,<1 years,4,co-applicant,3,real estate,0,store,rent,2,skilled employee / official,2,none,yes,1,divorced/separated,1
>= 200 DM ,26,all credits at this bank paid back duly,car (used),4137,>= 1000 DM,1<= < 4 years,4,co-applicant,5,real estate,1,bank,for free,2,unemployed/ unskilled  - non-resident,1,none,yes,1,married/widowed,1
<0 DM,33,delay in paying off,business,6120,500 <= < 1000 DM,>=7 years,4,none,4,car or other,1,none,own,2,management/ highly qualified employee,2,yes,yes,1,divorced/separated,1
<0 DM,42,critical account,education,9942,500 <= < 1000 DM,unemployed,3,none,2,car or other,1,none,own,2,skilled employee / official,2,yes,yes,1,divorced/separated,1
no account,33,delay in paying off,repairs,7201,100 <= <500 DM,4<= <7 years,4,co-applicant,3,car or other,0,none,rent,1,management/ highly qualified employee,1,yes,yes,1,divorced/separated,1
0 <= <200 DM,3,no credits taken,business,-1496,<100 DM,>=7 years,4,none,4,savings agreement/life insurance,1,none,rent,2,skilled employee / official,2,yes,yes,1,divorced/separated,1
0 <= <200 DM,4,existing credits paid back duly till now,radio/television,1051,500 <= < 1000 DM,4<= <7 years,4,none,4,car or other,1,none,own,2,skilled employee / official,1,none,yes,1,divorced/separated,1
<0 DM,45,critical account,radio/television,10599,<100 DM,>=7 years,4,none,3,unknown / no property,1,none,own,3,skilled employee / official,2,none,yes,1,divorced/separated,1
0 <= <200 DM,25,critical account,furniture/equipment,5255,500 <= < 1000 DM,<1 years,2,none,5,savings agreement/life insurance,1,none,own,3,skilled employee / official,2,none,yes,1,divorced/separated,1
no account,19,no credits taken,car (new),2588,100 <= <500 DM,>=7 years,4,none,1,real estate,1,none,own,2,skilled employee / official,2,yes,yes,1,divorced/separated,0
no account,2,no credits taken,car (new),-99,no savings account,>=7 years,5,none,2,real estate,1,none,own,2,skilled employee / official,2,none,yes,1,married/widowed,0
no account,30,critical account,repairs,6052,500 <= < 1000 DM,>=7 years,5,none,6,car or other,1,none,own,3,skilled employee / official,2,yes,yes,1,divorced/separated,1
no account,12,critical account,radio/television,1794,<100 DM,>=7 years,4,none,6,car or other,1,none,own,3,skilled employee / official,2,none,yes,1,divorced/separated,1
0 <= <200 DM,23,critical account,retraining,5090,100 <= <500 DM,<1 years,4,none,4,real estate,1,none,for free,3,skilled employee / official,2,none,yes,1,divorced/separated,1
<0 DM,14,no credits taken,radio/television,3506,500 <= < 1000 DM,>=7 years,3,none,3,real estate,1,none,own,1,management/ highly qualified employee,2,yes,no,1,divorced/separated,1
no account,44,critical account,education,6517,500 <= < 1000 DM,>=7 years,4,none,5,unknown / no property,1,none,for free,3,management/ highly qualified employee,2,yes,yes,1,divorced/separated,1
no account,36,delay in paying off,repairs,5166,500 <= < 1000 DM,unemployed,3,none,4,unknown / no property,1,none,rent,2,management/ highly qualified employee,2,yes,yes,1,divorced/separated,1
no account,20,delay in paying off,retraining,2600,100 <= <500 DM,>=7 years,4,none,3,real estate,1,none,own,2,skilled employee / official,1,yes,yes,1,divorced/separated,0
<0 DM,51,delay in paying off,furniture/equipment,10891,>= 1000 DM,>=7 years,3,none,3,unknown / no property,1,none,own,2,management/ highly qualified employee,2,none,yes,1,divorced/separated,1
no account,17,delay in paying off,furniture/equipment,3297,no savings account,>=7 years,4,none,3,real estate,1,none,own,3,skilled employee / official,2,yes,yes,1,divorced/separated,1
no account,25,delay in paying off,car (used),3552,no savings account,>=7 years,4,none,3,car or other,1,none,own,3,skilled employee / official,2,yes,yes,1,divorced/separated,1
<0 DM,3,existing credits paid back duly till now,radio/television,137,<100 DM,1<= < 4 years,6,none,3,real estate,1,none,own,1,management/ highly qualified employee,1,none,yes,1,divorced/separated,1
<0 DM,15,delay in paying off,radio/television,2351,no savings account,>=7 years,5,none,5,car or other,0,none,rent,2,management/ highly qualified employee,2,yes,no,1,married/widowed,1
<0 DM,32,existing credits paid back duly till now,business,5112,100 <= <500 DM,unemployed,3,none,2,savings agreement/life insurance,0,none,own,2,unskilled - resident,2,none,yes,1,divorced/separated,0
<0 DM,46,delay in paying off,radio/television,9002,100 <= <500 DM,4<= <7 years,3,none,1,car or other,1,none,rent,1,management/ highly qualified employee,1,none,yes,1,divorced/separated,0
no account,-1,existing credits paid back duly till now,furniture/equipment,443,500 <= < 1000 DM,unemployed,3,none,4,car or other,1,none,own,1,skilled employee / official,2,none,yes,1,divorced/separated,1
>= 200 DM ,34,delay in paying off,furniture/equipment,7475,<100 DM,>=7 years,3,none,2,savings agreement/life insurance,1,none,own,3,unskilled - resident,2,yes,yes,1,divorced/separated,0
<0 DM,27,existing credits paid back duly till now,repairs,7139,500 <= < 1000 DM,1<= < 4 years,3,none,3,real estate,1,none,rent,1,skilled employee / official,1,none,yes,1,divorced/separated,1
<0 DM,3,existing credits paid back duly till now,business,1453,100 <= <500 DM,<1 years,3,none,1,real estate,1,none,rent,1,unskilled - resident,1,yes,yes,0,divorced/separated,0
<0 DM,15,no credits taken,furniture/equipment,3324,<100 DM,>=7 years,4,none,3,savings agreement/life insurance,1,none,own,2,skilled employee / official,2,yes,yes,1,divorced/separated,1
<0 DM,23,critical account,business,3468,500 <= < 1000 DM,>=7 years,3,none,4,savings agreement/life insurance,1,none,own,2,unskilled - resident,2,yes,yes,1,divorced/separated,1
no account,33,critical account,repairs,6474,500 <= < 1000 DM,>=7 years,2,none,1,real estate,1,none,own,2,management/ highly qualified employee,2,yes,yes,1,divorced/separated,1
no account,25,delay in paying off,others,4224,100 <= <500 DM,<1 years,4,none,4,savings agreement/life insurance,1,none,own,2,skilled employee / official,2,none,yes,1,divorced/separated,0
no account,4,existing credits paid back duly till now,radio/television,-846,<100 DM,>=7 years,4,none,5,unknown / no property,1,none,own,2,management/ highly qualified employee,2,none,no,1,divorced/separated,1
no account,-13,existing credits paid back duly till now,radio/television,-3264,<100 DM,<1 years,4,none,2,savings agreement/life insurance,1,none,own,1,skilled employee / official,1,yes,yes,1,divorced/separated,1
no account,12,existing credits paid back duly till now,radio/television,2329,500 <= < 1000 DM,1<= < 4 years,3,none,1,real estate,1,none,own,2,skilled employee / official,2,none,yes,1,divorced/separated,1
>= 200 DM ,37,delay in paying off,car (used),5958,100 <= <500 DM,>=7 years,4,co-applicant,4,unknown / no property,1,none,rent,2,skilled employee / official,2,none,yes,1,divorced/separated,0
no account,27,critical account,education,6582,500 <= < 1000 DM,4<= <7 years,3,none,4,car or other,1,none,own,3,unskilled - resident,2,none,yes,1,divorced/separated,1
>= 200 DM ,16,no credits taken,radio/television,3317,<100 DM,4<= <7 years,4,guarantor,4,real estate,1,none,own,2,skilled employee / official,2,none,yes,1,divorced/separated,1
<0 DM,18,critical account,furniture/equipment,2860,>= 1000 DM,<1 years,4,none,4,real estate,1,none,for free,2,unemployed/ unskilled  - non-resident,2,none,yes,1,divorced/separated,1
<0 DM,44,existing credits paid back duly till now,radio/television,8174,500 <= < 1000 DM,>=7 years,3,none,4,unknown / no property,1,none,own,3,skilled employee / official,2,none,yes,1,married/widowed,1
0 <= <200 DM,27,critical account,education,4838,500 <= < 1000 DM,1<= < 4 years,4,none,5,car or other,1,none,own,2,management/ highly qualified employee,1,none,yes,1,divorced/separated,1
0 <= <200 DM,43,critical account,retraining,10081,500 <= < 1000 DM,>=7 years,3,none,3,unknown / no property,1,none,own,3,skilled employee / official,2,yes,yes,1,divorced/separated,1
<0 DM,10,critical account,radio/television,2427,<100 DM,1<= < 4 years,3,guarantor,1,real estate,1,none,own,2,skilled employee / official,1,none,yes,1,divorced/separated,1
>= 200 DM ,8,delay in paying off,business,3110,100 <= <500 DM,>=7 years,5,none,4,real estate,1,none,own,2,skilled employee / official,2,none,yes,1,divorced/separated,0
no account,-7,existing credits paid back duly till now,radio/television,-2300,<100 DM,>=7 years,4,guarantor,5,real estate,1,none,own,3,skilled employee / official,1,none,yes,1,divorced/separated,1
<0 DM,25,critical account,radio/television,2979,100 <= <500 DM,>=7 years,4,none,2,unknown / no property,0,none,rent,2,management/ highly qualified employee,2,none,yes,1,divorced/separated,1
<0 DM,22,critical account,education,5424,>= 1000 DM,>=7 years,3,none,2,real estate,1,none,own,2,management/ highly qualified employee,2,none,no,1,divorced/separated,0
<0 DM,37,existing credits paid back duly till now,education,7801,<100 DM,>=7 years,3,none,2,savings agreement/life insurance,1,none,own,2,unskilled - resident,2,none,yes,1,divorced/separated,1
no account,13,critical account,radio/television,2330,>= 1000 DM,1<= < 4 years,4,none,3,real estate,1,none,rent,1,management/ highly qualified employee,1,none,yes,1,divorced/separated,1
>= 200 DM ,30,delay in paying off,furniture/equipment,4259,100 <= <500 DM,>=7 years,4,none,6,savings agreement/life insurance,1,bank,rent,2,skilled employee / official,2,none,yes,1,divorced/separated,0
0 <= <200 DM,20,critical account,retraining,4414,500 <= < 1000 DM,<1 years,4,none,4,real estate,1,none,for free,3,skilled employee / official,1,none,yes,1,divorced/separated,1
0 <= <200 DM,15,no credits taken,retraining,3340,100 <= <500 DM,>=7 years,4,none,3,real estate,1,none,own,3,skilled employee / official,2,none,yes,1,divorced/separated,1
0 <= <200 DM,54,critical account,retraining,10901,100 <= <500 DM,>=7 years,2,none,5,car or other,1,none,for free,3,skilled employee / official,2,none,yes,1,divorced/separated,1
0 <= <200 DM,61,critical account,repairs,12282,500 <= < 1000 DM,>=7 years,3,none,3,unknown / no property,1,none,own,3,management/ highly qualified employee,2,none,yes,1,divorced/separated,0
0 <= <200 DM,16,no credits taken,furniture/equipment,3087,<100 DM,<1 years,4,none,5,savings agreement/life insurance,1,none,rent,2,skilled employee / official,2,yes,yes,1,divorced/separated,1
<0 DM,13,existing credits paid back duly till now,furniture/equipment,4132,100 <= <500 DM,<1 years,4,none,3,savings agreement/life insurance,1,none,rent,2,skilled employee / official,2,none,yes,1,divorced/separated,1
0 <= <200 DM,7,all credits at this bank paid back duly,retraining,142,100 <= <500 DM,<1 years,4,guarantor,4,real estate,1,store,for free,2,skilled employee / official,1,yes,yes,0,divorced/separated,1
no account,8,existing credits paid back duly till now,furniture/equipment,2452,<100 DM,<1 years,4,none,3,real estate,1,none,own,3,skilled employee / official,2,none,yes,1,divorced/separated,1
>= 200 DM ,0,critical account,radio/television,-323,<100 DM,1<= < 4 years,3,none,3,real estate,1,none,own,2,skilled employee / official,1,none,yes,1,divorced/separated,1
0 <= <200 DM,33,existing credits paid back duly till now,radio/television,6317,100 <= <500 DM,>=7 years,3,none,3,real estate,1,none,own,2,skilled employee / official,2,none,yes,1,divorced/separated,1
<0 DM,22,no credits taken,car (used),4391,no savings account,>=7 years,4,none,4,savings agreement/life insurance,1,none,rent,3,unemployed/ unskilled  - non-resident,2,none,no,1,divorced/separated,1
<0 DM,31,existing credits paid back duly till now,radio/television,7603,100 <= <500 DM,>=7 years,4,none,5,car or other,1,none,own,2,management/ highly qualified employee,2,yes,yes,1,divorced/separated,1
<0 DM,16,no credits taken,radio/television,2129,<100 DM,<1 years,4,none,4,unknown / no property,1,none,own,2,skilled employee / official,2,none,yes,1,divorced/separated,1
0 <= <200 DM,11,critical account,car (new),2608,500 <= < 1000 DM,<1 years,3,none,2,savings agreement/life insurance,1,store,rent,2,skilled employee / official,2,yes,no,1,divorced/separated,1
no account,35,no credits taken,radio/television,6700,no savings account,>=7 years,4,none,3,unknown / no property,1,none,own,1,management/ highly qualified employee,2,none,yes,1,divorced/separated,0
>= 200 DM ,32,delay in paying off,car (used),5621,100 <= <500 DM,>=7 years,3,none,4,unknown / no property,1,none,rent,1,management/ highly qualified employee,2,yes,yes,1,divorced/separated,0
>= 200 DM ,4,delay in paying off,car (used),-2138,100 <= <500 DM,>=7 years,6,none,8,car or other,1,bank,rent,2,unemployed/ unskilled  - non-resident,2,none,yes,1,married/widowed,0
0 <= <200 DM,29,existing credits paid back duly till now,business,5019,no savings account,>=7 years,3,none,5,unknown / no property,1,none,own,2,management/ highly qualified employee,2,none,yes,1,married/widowed,1
>= 200 DM ,15,no credits taken,others,452,100 <= <500 DM,4<= <7 years,5,none,4,real estate,0,none,rent,1,skilled employee / official,1,none,no,0,divorced/separated,0
>= 200 DM ,23,existing credits paid back duly till now,furniture/equipment,3585,100 <= <500 DM,4<= <7 years,3,none,4,car or other,1,none,own,2,skilled employee / official,2,none,yes,1,divorced/separated,1
0 <= <200 DM,19,all credits at this bank paid back duly,car (new),2761,<100 DM,>=7 years,4,none,2,real estate,1,none,own,2,skilled employee / official,2,yes,yes,1,divorced/separated,1
0 <= <200 DM,26,no credits taken,radio/television,7479,<100 DM,>=7 years,4,none,4,car or other,1,none,own,3,skilled employee / official,2,none,yes,1,divorced/separated,1
0 <= <200 DM,17,existing credits paid back duly till now,others,2943,no savings account,unemployed,3,none,1,savings agreement/life insurance,1,none,own,1,unskilled - resident,2,none,no,1,divorced/separated,0
<0 DM,23,existing credits paid back duly till now,radio/television,5712,no savings account,>=7 years,4,none,3,savings agreement/life insurance,1,none,own,2,management/ highly qualified employee,2,yes,no,1,divorced/separated,1
>= 200 DM ,22,no credits taken,others,2966,no savings account,4<= <7 years,4,none,3,real estate,1,store,rent,2,skilled employee / official,2,none,yes,0,divorced/separated,0
no account,-9,critical account,radio/television,-2185,100 <= <500 DM,<1 years,6,none,5,real estate,1,none,own,2,skilled employee / official,1,yes,yes,1,divorced/separated,1
no account,6,existing credits paid back duly till now,car (used),2864,500 <= < 1000 DM,>=7 years,5,none,4,real estate,1,none,own,3,skilled employee / official,2,none,no,1,divorced/separated,1
no account,43,delay in paying off,education,7239,no savings account,>=7 years,4,none,4,unknown / no property,1,none,for free,3,unskilled - resident,2,yes,yes,1,divorced/separated,1
0 <= <200 DM,18,no credits taken,car (new),2118,no savings account,>=7 years,3,none,3,savings agreement/life insurance,1,none,for free,2,unskilled - resident,2,yes,no,1,divorced/separated,1
no account,0,all credits at this bank paid back duly,radio/television,-3028,100 <= <500 DM,>=7 years,5,none,4,real estate,1,none,own,2,skilled employee / official,2,none,yes,1,divorced/separated,1
0 <= <200 DM,33,critical account,retraining,4161,<100 DM,>=7 years,4,none,4,unknown / no property,1,none,own,3,unskilled - resident,2,yes,yes,1,divorced/separated,1
<0 DM,43,delay in paying off,radio/television,9768,100 <= <500 DM,>=7 years,4,none,5,car or other,1,none,own,2,skilled employee / official,2,none,yes,1,divorced/separated,1
no account,3,critical account,car (used),3641,no savings account,>=7 years,5,none,3,real estate,1,none,own,4,skilled employee / official,2,none,yes,1,divorced/separated,1
>= 200 DM ,20,no credits taken,car (new),4412,no savings account,>=7 years,3,none,3,real estate,1,store,rent,1,skilled employee / official,2,none,yes,1,divorced/separated,0
>= 200 DM ,10,no credits taken,furniture/equipment,5766,>= 1000 DM,<1 years,4,none,1,real estate,1,none,own,2,skilled employee / official,2,none,yes,1,married/widowed,1
<0 DM,30,critical account,car (used),7516,<100 DM,>=7 years,3,none,3,real estate,1,none,own,4,unskilled - resident,2,yes,yes,1,divorced/separated,1
<0 DM,32,existing credits paid back duly till now,radio/television,4709,100 <= <500 DM,>=7 years,4,none,2,savings agreement/life insurance,1,none,own,3,skilled employee / official,2,yes,yes,1,divorced/separated,1
no account,14,existing credits paid back duly till now,radio/television,2709,500 <= < 1000 DM,1<= < 4 years,3,none,1,car or other,1,none,own,2,skilled employee / official,1,none,yes,1,divorced/separated,1
>= 200 DM ,11,existing credits paid back duly till now,radio/television,2347,<100 DM,<1 years,4,none,1,real estate,1,none,own,2,skilled employee / official,2,none,yes,1,divorced/separated,0
no account,21,critical account,furniture/equipment,4384,500 <= < 1000 DM,4<= <7 years,3,none,2,car or other,1,none,own,3,skilled employee / official,1,none,yes,1,divorced/separated,1
>= 200 DM ,11,critical account,car (used),1725,500 <= < 1000 DM,>=7 years,5,none,7,car or other,1,none,own,2,unemployed/ unskilled  - non-resident,2,yes,yes,1,divorced/separated,1
0 <= <200 DM,11,critical account,domestic appliances,3129,500 <= < 1000 DM,<1 years,4,none,4,real estate,1,none,own,3,skilled employee / official,1,none,yes,1,divorced/separated,1
<0 DM,22,existing credits paid back duly till now,radio/television,5856,<100 DM,<1 years,3,none,0,real estate,1,none,own,1,management/ highly qualified employee,2,none,yes,1,divorced/separated,1
<0 DM,11,existing credits paid back duly till now,furniture/equipment,3285,500 <= < 1000 DM,<1 years,4,none,4,savings agreement/life insurance,1,none,own,2,skilled employee / official,2,yes,yes,1,divorced/separated,1
no account,3,critical account,repairs,1574,500 <= < 1000 DM,>=7 years,4,none,2,real estate,1,none,rent,2,skilled employee / official,1,none,no,1,divorced/separated,1
>= 200 DM ,-6,critical account,radio/television,-2490,100 <= <500 DM,<1 years,4,none,6,savings agreement/life insurance,1,bank,rent,2,skilled employee / official,2,yes,yes,1,divorced/separated,1
no account,18,existing credits paid back duly till now,radio/television,4613,<100 DM,>=7 years,3,none,2,real estate,1,none,own,3,skilled employee / official,2,none,yes,1,divorced/separated,0
0 <= <200 DM,4,all credits at this bank paid back duly,radio/television,29,<100 DM,<1 years,5,none,5,savings agreement/life insurance,1,none,own,3,skilled employee / official,2,none,yes,1,divorced/separated,1
<0 DM,60,delay in paying off,retraining,11931,500 <= < 1000 DM,>=7 years,3,none,3,car or other,1,none,own,1,management/ highly qualified employee,2,yes,yes,1,divorced/separated,1
no account,-10,no credits taken,radio/television,-2854,no savings account,>=7 years,4,none,3,real estate,1,none,own,2,unskilled - resident,2,none,no,1,divorced/separated,1
no account,3,delay in paying off,radio/television,3005,500 <= < 1000 DM,1<= < 4 years,5,none,4,real estate,1,none,rent,2,skilled employee / official,1,none,yes,1,divorced/separated,1
<0 DM,22,critical account,education,4667,<100 DM,1<= < 4 years,3,none,2,real estate,1,none,own,3,skilled employee / official,2,none,yes,1,divorced/separated,1
<0 DM,26,critical account,furniture/equipment,5943,500 <= < 1000 DM,>=7 years,4,none,5,car or other,1,none,own,3,management/ highly qualified employee,2,none,yes,1,married/widowed,1
0 <= <200 DM,28,no credits taken,car (used),5593,no savings account,>=7 years,3,none,5,savings agreement/life insurance,1,none,own,3,unskilled - resident,2,none,no,1,married/widowed,1
>= 200 DM ,4,all credits at this bank paid back duly,radio/television,2440,100 <= <500 DM,<1 years,3,none,1,real estate,1,none,own,2,skilled employee / official,2,none,yes,1,divorced/separated,1
<0 DM,26,delay in paying off,radio/television,3467,500 <= < 1000 DM,>=7 years,3,none,3,unknown / no property,1,none,own,2,management/ highly qualified employee,2,none,yes,1,divorced/separated,1
>= 200 DM ,-6,no credits taken,domestic appliances,-2069,<100 DM,<1 years,5,none,4,real estate,1,bank,own,2,skilled employee / official,1,none,yes,1,divorced/separated,1
<0 DM,27,all credits at this bank paid back duly,retraining,3027,<100 DM,>=7 years,3,guarantor,2,real estate,0,bank,own,2,management/ highly qualified employee,1,yes,yes,0,married/widowed,1
<0 DM,36,delay in paying off,radio/television,6819,no savings account,>=7 years,4,none,3,unknown / no property,1,none,own,2,management/ highly qualified employee,1,yes,yes,1,divorced/separated,1
>= 200 DM ,16,existing credits paid back duly till now,furniture/equipment,3277,100 <= <500 DM,1<= < 4 years,3,co-applicant,2,real estate,1,store,for free,2,skilled employee / official,1,none,yes,1,married/widowed,1
0 <= <200 DM,19,no credits taken,furniture/equipment,4681,<100 DM,>=7 years,3,none,2,savings agreement/life insurance,1,none,rent,2,management/ highly qualified employee,2,yes,yes,1,divorced/separated,1
<0 DM,33,critical account,car (used),4810,500 <= < 1000 DM,1<= < 4 years,3,none,3,unknown / no property,1,none,own,2,management/ highly qualified employee,2,none,yes,1,divorced/separated,1
no account,31,existing credits paid back duly till now,furniture/equipment,7603,100 <= <500 DM,>=7 years,5,none,4,car or other,1,none,rent,1,skilled employee / official,1,none,yes,1,divorced/separated,1
no account,13,no credits taken,radio/television,3482,<100 DM,1<= < 4 years,4,none,1,real estate,1,none,rent,1,skilled employee / official,1,none,yes,1,divorced/separated,1
>= 200 DM ,50,delay in paying off,car (used),9285,>= 1000 DM,>=7 years,4,none,4,car or other,1,none,rent,0,management/ highly qualified employee,2,none,yes,1,divorced/separated,1
<0 DM,14,no credits taken,retraining,3543,<100 DM,>=7 years,4,none,1,real estate,1,none,own,1,skilled employee / official,2,none,yes,1,divorced/separated,0
>= 200 DM ,6,critical account,radio/television,2236,500 <= < 1000 DM,>=7 years,5,none,5,real estate,1,bank,rent,2,skilled employee / official,2,none,yes,1,divorced/separated,1
0 <= <200 DM,17,critical account,furniture/equipment,3288,500 <= < 1000 DM,>=7 years,4,none,4,real estate,1,none,own,2,skilled employee / official,2,none,yes,1,divorced/separated,1
<0 DM,18,critical account,radio/television,4809,500 <= < 1000 DM,>=7 years,4,none,5,real estate,1,bank,own,3,management/ highly qualified employee,2,none,yes,1,divorced/separated,1
no account,33,critical account,radio/television,7231,no savings account,>=7 years,5,none,5,unknown / no property,1,none,own,3,skilled employee / official,2,none,yes,1,divorced/separated,1
no account,35,critical account,car (new),6980,100 <= <500 DM,4<= <7 years,4,none,4,real estate,1,none,rent,2,skilled employee / official,1,yes,yes,1,divorced/separated,1
<0 DM,20,existing credits paid back duly till now,business,3210,>= 1000 DM,1<= < 4 years,4,none,4,real estate,1,none,rent,2,skilled employee / official,1,none,yes,1,married/widowed,1
no account,35,existing credits paid back duly till now,furniture/equipment,10151,500 <= < 1000 DM,4<= <7 years,2,none,3,savings agreement/life insurance,1,none,own,2,skilled employee / official,2,none,yes,1,divorced/separated,1
no account,19,critical account,domestic appliances,2994,<100 DM,<1 years,3,none,3,real estate,1,none,own,3,skilled employee / official,2,none,yes,1,divorced/separated,0
no account,28,delay in paying off,radio/television,2734,500 <= < 1000 DM,1<= < 4 years,4,none,4,car or other,1,none,own,2,unemployed/ unskilled  - non-resident,2,none,yes,1,divorced/separated,1
0 <= <200 DM,36,delay in paying off,domestic appliances,5413,500 <= < 1000 DM,<1 years,3,none,4,car or other,1,bank,rent,2,management/ highly qualified employee,2,yes,yes,1,divorced/separated,1
<0 DM,19,delay in paying off,radio/television,3253,100 <= <500 DM,>=7 years,4,none,1,real estate,1,none,own,2,unemployed/ unskilled  - non-resident,1,none,yes,1,divorced/separated,1
no account,-4,existing credits paid back duly till now,radio/television,-948,<100 DM,1<= < 4 years,4,none,2,real estate,1,none,own,2,skilled employee / official,1,none,yes,1,divorced/separated,0
no account,15,existing credits paid back duly till now,radio/television,2608,<100 DM,>=7 years,4,none,2,real estate,1,none,own,2,skilled employee / official,2,none,yes,1,divorced/separated,0
0 <= <200 DM,6,existing credits paid back duly till now,radio/television,1219,<100 DM,>=7 years,6,none,5,unknown / no property,1,none,own,2,skilled employee / official,2,none,yes,1,divorced/separated,0
>= 200 DM ,0,existing credits paid back duly till now,car (used),1148,500 <= < 1000 DM,1<= < 4 years,2,none,5,savings agreement/life insurance,1,none,own,2,unskilled - resident,2,none,no,1,married/widowed,1
<0 DM,15,critical account,radio/television,3898,100 <= <500 DM,1<= < 4 years,4,none,3,savings agreement/life insurance,1,none,rent,2,unemployed/ unskilled  - non-resident,2,yes,yes,1,divorced/separated,1
no account,8,existing credits paid back duly till now,radio/television,2038,no savings account,1<= < 4 years,4,none,2,real estate,1,none,own,2,skilled employee / official,1,none,yes,1,divorced/separated,1
<0 DM,25,critical account,radio/television,2857,100 <= <500 DM,>=7 years,5,none,6,unknown / no property,1,bank,own,2,unemployed/ unskilled  - non-resident,2,yes,yes,1,married/widowed,0
no account,6,existing credits paid back duly till now,furniture/equipment,2763,100 <= <500 DM,1<= < 4 years,4,none,2,real estate,1,none,own,1,skilled employee / official,1,none,yes,1,divorced/separated,1
no account,23,existing credits paid back duly till now,radio/television,6373,500 <= < 1000 DM,1<= < 4 years,3,none,3,real estate,1,none,own,2,skilled employee / official,1,none,yes,1,divorced/separated,1
<0 DM,32,existing credits paid back duly till now,furniture/equipment,8843,100 <= <500 DM,4<= <7 years,3,none,2,real estate,1,none,own,2,skilled employee / official,1,none,yes,1,divorced/separated,0
no account,13,critical account,radio/television,1267,100 <= <500 DM,>=7 years,4,none,4,car or other,1,none,own,2,unemployed/ unskilled  - non-resident,2,yes,yes,1,divorced/separated,1
no account,14,critical account,car (used),3529,500 <= < 1000 DM,1<= < 4 years,5,none,3,real estate,1,none,own,2,management/ highly qualified employee,1,none,yes,1,divorced/separated,1
0 <= <200 DM,22,existing credits paid back duly till now,car (new),5318,no savings account,4<= <7 years,2,none,0,savings agreement/life insurance,1,none,own,2,unskilled - resident,2,none,yes,1,divorced/separated,1
<0 DM,35,existing credits paid back duly till now,radio/television,5960,<100 DM,>=7 years,4,none,4,car or other,1,none,own,2,management/ highly qualified employee,1,yes,yes,1,divorced/separated,1
>= 200 DM ,14,existing credits paid back duly till now,radio/television,3916,100 <= <500 DM,1<= < 4 years,3,none,1,real estate,1,none,own,0,management/ highly qualified employee,1,none,yes,1,divorced/separated,1
no account,3,critical account,furniture/equipment,153,<100 DM,>=7 years,4,none,4,real estate,1,bank,own,2,skilled employee / official,2,none,yes,1,divorced/separated,1
>= 200 DM ,25,delay in paying off,repairs,3280,100 <= <500 DM,4<= <7 years,3,co-applicant,5,savings agreement/life insurance,0,bank,rent,1,management/ highly qualified employee,1,yes,yes,0,divorced/separated,0
<0 DM,-5,no credits taken,domestic appliances,-1457,<100 DM,<1 years,4,none,4,savings agreement/life insurance,1,bank,own,2,unskilled - resident,2,yes,no,1,divorced/separated,1
<0 DM,41,no credits taken,repairs,9011,100 <= <500 DM,>=7 years,3,none,3,real estate,1,bank,rent,2,unemployed/ unskilled  - non-resident,2,yes,yes,1,divorced/separated,1
>= 200 DM ,42,critical account,furniture/equipment,9287,<100 DM,1<= < 4 years,4,none,5,unknown / no property,1,none,own,3,skilled employee / official,2,none,yes,1,divorced/separated,1
<0 DM,22,critical account,car (new),4971,<100 DM,<1 years,3,none,2,real estate,1,bank,own,2,skilled employee / official,1,yes,yes,1,divorced/separated,0
0 <= <200 DM,22,no credits taken,retraining,4992,<100 DM,>=7 years,3,none,2,real estate,1,none,own,3,skilled employee / official,2,none,yes,1,divorced/separated,1
>= 200 DM ,-13,all credits at this bank paid back duly,radio/television,-6669,100 <= <500 DM,<1 years,4,none,4,savings agreement/life insurance,1,none,rent,1,management/ highly qualified employee,1,yes,no,1,married/widowed,1
<0 DM,24,existing credits paid back duly till now,radio/television,4445,<100 DM,1<= < 4 years,2,none,4,unknown / no property,1,none,own,2,unskilled - resident,2,none,yes,1,divorced/separated,1
>= 200 DM ,41,existing credits paid back duly till now,repairs,8248,100 <= <500 DM,1<= < 4 years,3,none,2,unknown / no property,1,none,own,2,management/ highly qualified employee,2,none,yes,1,divorced/separated,1
>= 200 DM ,19,existing credits paid back duly till now,domestic appliances,1845,<100 DM,1<= < 4 years,4,none,5,car or other,1,none,rent,2,management/ highly qualified employee,1,yes,yes,0,divorced/separated,1
<0 DM,5,existing credits paid back duly till now,car (used),-1299,<100 DM,1<= < 4 years,3,none,1,real estate,1,none,own,1,management/ highly qualified employee,1,none,no,1,married/widowed,1
0 <= <200 DM,45,all credits at this bank paid back duly,retraining,7016,100 <= <500 DM,>=7 years,4,none,5,unknown / no property,1,none,for free,2,skilled employee / official,1,yes,yes,1,divorced/separated,0
>= 200 DM ,15,all credits at this bank paid back duly,repairs,1389,>= 1000 DM,1<= < 4 years,4,none,4,real estate,1,store,rent,2,skilled employee / official,1,yes,yes,1,divorced/separated,1
0 <= <200 DM,37,no credits taken,car (new),5534,100 <= <500 DM,>=7 years,3,none,2,unknown / no property,1,none,rent,3,management/ highly qualified employee,2,yes,yes,1,divorced/separated,0
<0 DM,28,existing credits paid back duly till now,furniture/equipment,6064,500 <= < 1000 DM,1<= < 4 years,3,none,4,car or other,1,none,own,2,skilled employee / official,2,yes,yes,1,divorced/separated,1
0 <= <200 DM,35,all credits at this bank paid back duly,radio/television,7564,<100 DM,>=7 years,4,none,5,car or other,1,none,own,2,skilled employee / official,2,yes,yes,1,divorced/separated,1
no account,13,existing credits paid back duly till now,radio/television,5162,<100 DM,>=7 years,4,none,1,real estate,1,none,own,2,skilled employee / official,1,none,yes,1,divorced/separated,1
no account,-13,existing credits paid back duly till now,car (used),-857,500 <= < 1000 DM,<1 years,4,none,5,savings agreement/life insurance,1,none,own,2,skilled employee / official,1,yes,no,1,divorced/separated,1
>= 200 DM ,20,all credits at this bank paid back duly,car (used),3682,100 <= <500 DM,>=7 years,4,none,4,real estate,1,none,rent,1,management/ highly qualified employee,2,none,yes,1,divorced/separated,1
<0 DM,4,existing credits paid back duly till now,radio/television,1816,>= 1000 DM,1<= < 4 years,4,none,3,real estate,1,bank,rent,1,management/ highly qualified employee,1,none,no,0,divorced/separated,1
0 <= <200 DM,35,critical account,car (used),5770,100 <= <500 DM,>=7 years,4,none,5,real estate,1,none,rent,3,skilled employee / official,2,none,yes,1,divorced/separated,1
0 <= <200 DM,26,critical account,others,5177,500 <= < 1000 DM,1<= < 4 years,4,none,5,savings agreement/life insurance,1,none,rent,2,management/ highly qualified employee,2,none,yes,1,divorced/separated,1
no account,9,no credits taken,car (new),4006,<100 DM,<1 years,4,none,3,real estate,1,none,own,2,skilled employee / official,2,none,yes,1,divorced/separated,1
<0 DM,21,delay in paying off,car (used),5344,100 <= <500 DM,>=7 years,4,none,3,real estate,1,none,own,1,unemployed/ unskilled  - non-resident,2,none,yes,1,divorced/separated,1
<0 DM,-9,existing credits paid back duly till now,radio/television,421,<100 DM,1<= < 4 years,5,none,2,real estate,1,none,own,3,skilled employee / official,1,none,yes,1,married/widowed,1
<0 DM,23,critical account,car (used),2254,no savings account,>=7 years,4,none,6,unknown / no property,1,bank,rent,3,management/ highly qualified employee,2,yes,no,1,divorced/separated,1
<0 DM,35,delay in paying off,domestic appliances,6920,100 <= <500 DM,<1 years,3,none,3,car or other,1,store,rent,1,management/ highly qualified employee,1,yes,yes,1,divorced/separated,0
0 <= <200 DM,33,critical account,car (new),7218,500 <= < 1000 DM,4<= <7 years,4,none,2,real estate,1,none,own,2,skilled employee / official,2,none,yes,1,married/widowed,0
no account,8,existing credits paid back duly till now,radio/television,3562,<100 DM,1<= < 4 years,3,none,1,real estate,1,none,own,2,skilled employee / official,2,none,yes,1,divorced/separated,1
no account,12,existing credits paid back duly till now,radio/television,2002,<100 DM,>=7 years,4,none,3,real estate,1,none,own,1,management/ highly qualified employee,2,yes,yes,1,divorced/separated,1
<0 DM,-2,no credits taken,radio/television,-3402,no savings account,>=7 years,5,none,4,unknown / no property,1,none,own,2,unskilled - resident,2,yes,no,1,married/widowed,1
0 <= <200 DM,34,no credits taken,car (new),6366,<100 DM,<1 years,2,guarantor,3,savings agreement/life insurance,1,none,for free,3,unskilled - resident,2,yes,yes,1,married/widowed,0
0 <= <200 DM,13,existing credits paid back duly till now,radio/television,2453,<100 DM,<1 years,3,none,4,savings agreement/life insurance,1,none,own,2,unskilled - resident,2,yes,no,1,divorced/separated,0
<0 DM,43,existing credits paid back duly till now,radio/television,7047,100 <= <500 DM,1<= < 4 years,4,none,3,car or other,1,none,rent,1,management/ highly qualified employee,1,yes,yes,1,divorced/separated,1
no account,22,critical account,car (used),4756,<100 DM,>=7 years,3,none,3,car or other,1,none,own,3,skilled employee / official,2,none,yes,1,divorced/separated,1
>= 200 DM ,9,existing credits paid back duly till now,car (new),2310,100 <= <500 DM,>=7 years,4,none,2,real estate,1,none,own,2,skilled employee / official,1,none,yes,1,divorced/separated,1
>= 200 DM ,15,existing credits paid back duly till now,radio/television,2919,<100 DM,>=7 years,2,none,1,savings agreement/life insurance,1,none,own,2,unskilled - resident,2,none,yes,1,married/widowed,1
no account,13,existing credits paid back duly till now,radio/television,3298,<100 DM,>=7 years,1,none,1,savings agreement/life insurance,1,none,own,3,skilled employee / official,2,none,yes,1,divorced/separated,1
no account,10,existing credits paid back duly till now,furniture/equipment,1343,100 <= <500 DM,<1 years,4,none,4,car or other,1,none,rent,2,skilled employee / official,2,none,no,1,divorced/separated,1
0 <= <200 DM,44,existing credits paid back duly till now,furniture/equipment,8714,<100 DM,>=7 years,3,none,1,unknown / no property,1,none,own,2,skilled employee / official,1,none,yes,1,divorced/separated,0
no account,13,critical account,repairs,3158,100 <= <500 DM,1<= < 4 years,5,none,3,real estate,1,none,own,2,skilled employee / official,1,none,yes,1,divorced/separated,0
>= 200 DM ,35,no credits taken,car (new),7771,no savings account,>=7 years,5,none,3,real estate,1,none,for free,3,skilled employee / official,2,none,yes,1,divorced/separated,1
no account,13,critical account,radio/television,3118,100 <= <500 DM,1<= < 4 years,4,none,3,car or other,1,none,own,2,skilled employee / official,1,none,yes,1,divorced/separated,1
<0 DM,16,all credits at this bank paid back duly,radio/television,4432,500 <= < 1000 DM,>=7 years,4,none,1,real estate,1,none,own,3,management/ highly qualified employee,2,yes,yes,1,divorced/separated,1
>= 200 DM ,45,existing credits paid back duly till now,radio/television,8206,100 <= <500 DM,4<= <7 years,3,guarantor,4,car or other,1,none,own,1,skilled employee / official,2,none,yes,1,divorced/separated,1
0 <= <200 DM,18,all credits at this bank paid back duly,car (used),2589,no savings account,>=7 years,4,co-applicant,4,real estate,1,none,rent,2,management/ highly qualified employee,2,none,no,1,divorced/separated,1
no account,-11,existing credits paid back duly till now,radio/television,-1214,<100 DM,>=7 years,5,none,3,real estate,1,none,own,2,skilled employee / official,1,none,yes,1,divorced/separated,1
<0 DM,-2,no credits taken,radio/television,-354,100 <= <500 DM,>=7 years,6,none,3,real estate,1,none,rent,2,skilled employee / official,1,yes,yes,1,divorced/separated,0
<0 DM,52,critical account,furniture/equipment,9812,<100 DM,>=7 years,3,none,2,car or other,1,none,own,3,unemployed/ unskilled  - non-resident,2,yes,yes,1,divorced/separated,1
no account,1,no credits taken,radio/television,1200,100 <= <500 DM,1<= < 4 years,4,none,1,real estate,1,none,for free,2,skilled employee / official,1,none,yes,1,divorced/separated,1
no account,34,existing credits paid back duly till now,radio/television,5003,<100 DM,>=7 years,3,none,3,unknown / no property,1,none,own,3,skilled employee / official,2,none,yes,1,divorced/separated,0
<0 DM,43,delay in paying off,others,9186,100 <= <500 DM,>=7 years,5,none,2,car or other,1,none,own,2,management/ highly qualified employee,1,yes,yes,1,divorced/separated,1
no account,25,critical account,repairs,4297,<100 DM,>=7 years,5,none,6,unknown / no property,1,bank,own,3,unemployed/ unskilled  - non-resident,2,yes,yes,1,divorced/separated,0
<0 DM,18,all credits at this bank paid back duly,radio/television,2314,<100 DM,1<= < 4 years,6,none,4,real estate,1,none,own,2,skilled employee / official,1,yes,yes,1,divorced/separated,1
0 <= <200 DM,9,existing credits paid back duly till now,radio/television,2814,100 <= <500 DM,<1 years,3,none,2,real estate,0,none,own,2,skilled employee / official,1,none,no,1,divorced/separated,0
<0 DM,25,existing credits paid back duly till now,furniture/equipment,4374,100 <= <500 DM,>=7 years,4,none,4,unknown / no property,1,none,own,2,unemployed/ unskilled  - non-resident,2,none,yes,1,divorced/separated,0
<0 DM,30,critical account,furniture/equipment,6181,<100 DM,<1 years,4,guarantor,3,real estate,1,none,own,2,skilled employee / official,1,none,yes,1,divorced/separated,1
no account,6,existing credits paid back duly till now,furniture/equipment,2127,100 <= <500 DM,1<= < 4 years,3,none,2,real estate,1,none,own,3,skilled employee / official,2,yes,yes,1,divorced/separated,1
no account,18,existing credits paid back duly till now,repairs,3549,<100 DM,4<= <7 years,2,none,1,real estate,1,none,own,2,skilled employee / official,1,none,yes,1,divorced/separated,0
0 <= <200 DM,9,all credits at this bank paid back duly,car (new),1080,no savings account,>=7 years,3,none,5,savings agreement/life insurance,1,none,rent,1,unskilled - resident,2,none,yes,1,divorced/separated,1
>= 200 DM ,1,existing credits paid back duly till now,radio/television,-34,100 <= <500 DM,<1 years,4,none,4,savings agreement/life insurance,1,none,own,2,skilled employee / official,2,none,yes,1,divorced/separated,1
<0 DM,-13,existing credits paid back duly till now,furniture/equipment,-4326,<100 DM,1<= < 4 years,4,none,0,real estate,1,bank,own,1,skilled employee / official,1,yes,yes,1,divorced/separated,1
0 <= <200 DM,14,existing credits paid back duly till now,radio/television,1225,no savings account,>=7 years,5,none,4,savings agreement/life insurance,1,none,own,2,management/ highly qualified employee,2,yes,no,1,divorced/separated,1
<0 DM,27,existing credits paid back duly till now,car (used),6053,500 <= < 1000 DM,>=7 years,4,none,6,unknown / no property,1,none,own,2,management/ highly qualified employee,2,none,yes,1,divorced/separated,1
0 <= <200 DM,33,critical account,car (new),6692,100 <= <500 DM,<1 years,4,none,3,real estate,1,store,rent,2,skilled employee / official,1,none,yes,1,divorced/separated,0
>= 200 DM ,20,critical account,car (used),5169,no savings account,>=7 years,4,none,4,real estate,1,none,own,4,unemployed/ unskilled  - non-resident,2,none,yes,1,married/widowed,1
<0 DM,30,existing credits paid back duly till now,furniture/equipment,6039,100 <= <500 DM,1<= < 4 years,3,none,2,savings agreement/life insurance,1,none,own,2,unemployed/ unskilled  - non-resident,1,yes,yes,1,divorced/separated,1
no account,0,critical account,radio/television,-2167,<100 DM,>=7 years,5,none,3,real estate,1,none,own,3,skilled employee / official,1,none,yes,1,divorced/separated,1
no account,42,existing credits paid back duly till now,furniture/equipment,10187,500 <= < 1000 DM,<1 years,4,none,5,car or other,1,none,own,3,skilled employee / official,2,none,yes,1,divorced/separated,1
no account,10,delay in paying off,radio/television,4028,100 <= <500 DM,1<= < 4 years,4,none,3,real estate,1,none,own,2,skilled employee / official,1,none,yes,1,divorced/separated,1
no account,27,critical account,radio/television,4867,<100 DM,1<= < 4 years,4,none,4,car or other,1,none,own,2,skilled employee / official,1,yes,yes,1,divorced/separated,1
0 <= <200 DM,15,all credits at this bank paid back duly,car (new),2364,<100 DM,>=7 years,4,none,3,real estate,1,bank,own,1,management/ highly qualified employee,2,yes,yes,1,divorced/separated,0
>= 200 DM ,26,critical account,car (new),3958,<100 DM,<1 years,3,none,3,savings agreement/life insurance,1,store,own,2,unemployed/ unskilled  - non-resident,2,none,yes,1,divorced/separated,0
no account,26,critical account,domestic appliances,4905,500 <= < 1000 DM,<1 years,3,none,4,real estate,0,bank,own,3,unemployed/ unskilled  - non-resident,2,none,no,1,married/widowed,1
no account,33,critical account,radio/television,5559,<100 DM,1<= < 4 years,5,none,4,car or other,0,none,own,2,skilled employee / official,1,none,yes,1,divorced/separated,1
0 <= <200 DM,27,existing credits paid back duly till now,radio/television,6307,<100 DM,4<= <7 years,4,guarantor,4,real estate,1,none,own,3,skilled employee / official,1,none,yes,1,divorced/separated,1
>= 200 DM ,9,existing credits paid back duly till now,domestic appliances,-210,100 <= <500 DM,4<= <7 years,3,none,3,savings agreement/life insurance,1,none,rent,2,unskilled - resident,1,yes,yes,1,divorced/separated,1
0 <= <200 DM,24,no credits taken,radio/television,5690,100 <= <500 DM,>=7 years,6,none,4,real estate,1,none,own,3,skilled employee / official,2,none,yes,1,divorced/separated,1
<0 DM,-15,all credits at this bank paid back duly,domestic appliances,-3010,<100 DM,<1 years,4,none,4,real estate,1,bank,own,1,management/ highly qualified employee,1,none,yes,1,married/widowed,1
no account,36,critical account,repairs,5867,100 <= <500 DM,>=7 years,5,none,5,unknown / no property,1,none,own,3,skilled employee / official,2,yes,yes,1,divorced/separated,0
>= 200 DM ,7,existing credits paid back duly till now,others,1090,100 <= <500 DM,<1 years,4,co-applicant,5,real estate,1,none,rent,1,unemployed/ unskilled  - non-resident,2,none,yes,1,divorced/separated,1
<0 DM,45,delay in paying off,furniture/equipment,9042,500 <= < 1000 DM,>=7 years,4,guarantor,4,car or other,1,none,own,2,unemployed/ unskilled  - non-resident,2,yes,yes,1,divorced/separated,1
no account,13,existing credits paid back duly till now,radio/television,4486,<100 DM,<1 years,2,none,2,car or other,1,none,own,2,skilled employee / official,2,none,yes,1,divorced/separated,1
<0 DM,21,existing credits paid back duly till now,furniture/equipment,6602,100 <= <500 DM,1<= < 4 years,4,none,0,real estate,1,none,own,1,skilled employee / official,1,none,yes,1,divorced/separated,1
0 <= <200 DM,38,critical account,education,6774,<100 DM,>=7 years,3,none,6,unknown / no property,1,none,own,3,skilled employee / official,2,none,yes,1,divorced/separated,0
no account,-1,critical account,radio/television,-306,500 <= < 1000 DM,>=7 years,4,none,4,real estate,1,none,own,2,skilled employee / official,2,none,no,1,divorced/separated,1
0 <= <200 DM,16,existing credits paid back duly till now,radio/television,3133,<100 DM,4<= <7 years,4,none,3,real estate,1,none,own,2,skilled employee / official,2,none,yes,1,divorced/separated,0
no account,14,critical account,car (used),1366,500 <= < 1000 DM,>=7 years,3,none,4,car or other,1,none,own,3,skilled employee / official,2,none,no,1,divorced/separated,1
0 <= <200 DM,23,no credits taken,car (used),4052,no savings account,>=7 years,4,co-applicant,5,unknown / no property,1,none,rent,2,management/ highly qualified employee,2,none,yes,1,married/widowed,1
0 <= <200 DM,21,no credits taken,car (new),3537,100 <= <500 DM,<1 years,3,co-applicant,3,real estate,1,store,rent,2,skilled employee / official,2,none,yes,1,divorced/separated,1
0 <= <200 DM,11,existing credits paid back duly till now,domestic appliances,-23,<100 DM,1<= < 4 years,3,none,3,savings agreement/life insurance,1,none,own,2,unskilled - resident,1,none,yes,1,married/widowed,1
no account,25,existing credits paid back duly till now,furniture/equipment,4966,500 <= < 1000 DM,1<= < 4 years,5,none,4,real estate,1,none,own,2,skilled employee / official,2,none,yes,1,divorced/separated,1
<0 DM,36,delay in paying off,furniture/equipment,7881,100 <= <500 DM,1<= < 4 years,2,none,0,real estate,1,none,own,1,unemployed/ unskilled  - non-resident,2,yes,yes,1,divorced/separated,1
0 <= <200 DM,29,all credits at this bank paid back duly,radio/television,5645,no savings account,>=7 years,3,none,4,savings agreement/life insurance,1,none,own,2,unskilled - resident,2,yes,yes,1,divorced/separated,1
no account,13,all credits at this bank paid back duly,car (new),2720,100 <= <500 DM,>=7 years,4,none,4,savings agreement/life insurance,1,none,own,2,skilled employee / official,2,yes,yes,1,divorced/separated,1
no account,15,existing credits paid back duly till now,furniture/equipment,3116,<100 DM,<1 years,4,none,3,unknown / no property,1,none,own,3,unskilled - resident,2,none,yes,1,married/widowed,1
<0 DM,22,critical account,radio/television,7574,500 <= < 1000 DM,>=7 years,4,none,3,real estate,1,none,own,2,management/ highly qualified employee,1,none,yes,1,divorced/separated,0
no account,42,delay in paying off,car (new),6778,no savings account,>=7 years,5,none,4,unknown / no property,1,none,own,3,skilled employee / official,2,none,yes,1,divorced/separated,0
<0 DM,35,critical account,furniture/equipment,8772,<100 DM,>=7 years,2,none,3,unknown / no property,1,none,own,2,skilled employee / official,2,none,yes,1,divorced/separated,1
<0 DM,6,all credits at this bank paid back duly,radio/television,1310,<100 DM,<1 years,3,guarantor,3,real estate,1,store,own,2,skilled employee / official,2,yes,yes,1,divorced/separated,1
<0 DM,29,all credits at this bank paid back duly,car (new),5009,100 <= <500 DM,>=7 years,4,none,2,real estate,1,none,own,1,management/ highly qualified employee,1,yes,yes,1,divorced/separated,0
>= 200 DM ,15,critical account,car (used),185,<100 DM,>=7 years,3,none,5,savings agreement/life insurance,1,none,own,3,management/ highly qualified employee,2,none,no,1,divorced/separated,1
0 <= <200 DM,30,critical account,car (used),6179,no savings account,>=7 years,4,none,4,unknown / no property,1,none,for free,3,unskilled - resident,2,none,yes,1,divorced/separated,1
0 <= <200 DM,35,critical account,car (new),5917,100 <= <500 DM,1<= < 4 years,2,none,3,unknown / no property,1,none,for free,3,skilled employee / official,2,none,yes,1,divorced/separated,0
no account,6,critical account,radio/television,42,100 <= <500 DM,>=7 years,4,none,3,unknown / no property,1,none,own,4,skilled employee / official,1,none,yes,1,divorced/separated,0
>= 200 DM ,25,critical account,car (used),6220,100 <= <500 DM,4<= <7 years,2,none,5,savings agreement/life insurance,1,bank,rent,2,management/ highly qualified employee,2,none,yes,1,married/widowed,1
no account,8,existing credits paid back duly till now,radio/television,2756,<100 DM,1<= < 4 years,3,none,3,real estate,1,none,own,2,skilled employee / official,2,none,yes,1,divorced/separated,1
<0 DM,28,existing credits paid back duly till now,car (used),2716,<100 DM,>=7 years,5,none,7,unknown / no property,1,none,own,3,management/ highly qualified employee,2,yes,no,1,divorced/separated,0
no account,20,existing credits paid back duly till now,radio/television,5591,500 <= < 1000 DM,4<= <7 years,4,none,3,car or other,1,none,own,2,skilled employee / official,1,none,yes,1,divorced/separated,1
0 <= <200 DM,19,no credits taken,car (new),3440,<100 DM,>=7 years,5,co-applicant,5,unknown / no property,1,none,own,3,skilled employee / official,2,none,yes,1,divorced/separated,0
no account,-1,all credits at this bank paid back duly,radio/television,776,<100 DM,1<= < 4 years,3,none,1,real estate,1,none,own,2,skilled employee / official,1,none,no,1,divorced/separated,1
0 <= <200 DM,25,all credits at this bank paid back duly,car (used),5798,no savings account,4<= <7 years,5,none,4,real estate,1,none,own,3,management/ highly qualified employee,1,none,yes,1,divorced/separated,1
no account,14,all credits at this bank paid back duly,radio/television,2897,<100 DM,>=7 years,5,none,4,real estate,1,none,own,2,skilled employee / official,2,none,yes,1,divorced/separated,1
0 <= <200 DM,65,critical account,education,16647,500 <= < 1000 DM,>=7 years,2,none,5,unknown / no property,1,none,own,4,skilled employee / official,2,none,yes,1,divorced/separated,1
<0 DM,11,existing credits paid back duly till now,radio/television,478,<100 DM,1<= < 4 years,4,none,3,savings agreement/life insurance,1,none,own,1,unemployed/ unskilled  - non-resident,2,yes,yes,1,divorced/separated,1
<0 DM,-1,existing credits paid back duly till now,radio/television,2973,<100 DM,1<= < 4 years,3,none,0,real estate,1,none,own,2,skilled employee / official,1,none,yes,1,divorced/separated,1
no account,24,existing credits paid back duly till now,radio/television,5953,no savings account,>=7 years,4,none,2,car or other,1,none,own,2,skilled employee / official,1,none,yes,1,divorced/separated,1
<0 DM,43,all credits at this bank paid back duly,repairs,6752,100 <= <500 DM,1<= < 4 years,3,none,3,unknown / no property,1,bank,for free,2,unskilled - resident,2,yes,yes,1,divorced/separated,0
0 <= <200 DM,-7,existing credits paid back duly till now,furniture/equipment,-684,100 <= <500 DM,<1 years,6,none,2,real estate,1,none,own,1,skilled employee / official,1,yes,yes,1,divorced/separated,1
0 <= <200 DM,19,no credits taken,furniture/equipment,4450,100 <= <500 DM,>=7 years,3,none,4,real estate,1,bank,for free,2,unskilled - resident,2,none,yes,1,divorced/separated,1
no account,5,all credits at this bank paid back duly,radio/television,671,<100 DM,>=7 years,3,none,2,savings agreement/life insurance,1,none,own,2,unemployed/ unskilled  - non-resident,2,yes,yes,1,divorced/separated,1
0 <= <200 DM,21,existing credits paid back duly till now,domestic appliances,4428,100 <= <500 DM,1<= < 4 years,4,none,1,real estate,1,none,own,3,skilled employee / official,1,none,yes,1,divorced/separated,0
no account,10,all credits at this bank paid back duly,radio/television,1115,>= 1000 DM,1<= < 4 years,3,none,2,real estate,1,none,own,2,skilled employee / official,1,yes,yes,1,divorced/separated,1
<0 DM,24,existing credits paid back duly till now,furniture/equipment,5928,100 <= <500 DM,>=7 years,5,none,2,real estate,1,none,own,2,unemployed/ unskilled  - non-resident,2,none,yes,1,divorced/separated,0
no account,0,existing credits paid back duly till now,furniture/equipment,2789,100 <= <500 DM,<1 years,4,none,4,real estate,1,none,own,2,unemployed/ unskilled  - non-resident,2,none,yes,1,divorced/separated,1
<0 DM,17,existing credits paid back duly till now,furniture/equipment,4528,<100 DM,>=7 years,3,none,2,real estate,1,none,own,2,skilled employee / official,2,yes,yes,1,divorced/separated,1
0 <= <200 DM,19,existing credits paid back duly till now,furniture/equipment,6461,100 <= <500 DM,4<= <7 years,3,none,0,real estate,1,none,rent,0,unemployed/ unskilled  - non-resident,1,none,yes,1,divorced/separated,0
<0 DM,5,existing credits paid back duly till now,furniture/equipment,1948,<100 DM,>=7 years,4,none,4,savings agreement/life insurance,1,none,own,3,skilled employee / official,2,yes,yes,1,divorced/separated,1
<0 DM,27,critical account,furniture/equipment,6216,<100 DM,<1 years,2,guarantor,2,real estate,1,store,own,3,skilled employee / official,2,yes,yes,1,divorced/separated,1
0 <= <200 DM,23,existing credits paid back duly till now,car (used),3541,500 <= < 1000 DM,unemployed,4,none,5,car or other,1,none,rent,2,management/ highly qualified employee,2,none,no,1,divorced/separated,1
no account,14,critical account,repairs,4793,<100 DM,>=7 years,4,none,2,real estate,1,none,own,2,skilled employee / official,1,none,yes,1,divorced/separated,1
0 <= <200 DM,48,critical account,furniture/equipment,12966,500 <= < 1000 DM,>=7 years,3,none,2,unknown / no property,1,none,own,3,skilled employee / official,2,none,yes,1,divorced/separated,1
no account,16,all credits at this bank paid back duly,car (used),4239,<100 DM,1<= < 4 years,3,none,1,real estate,1,none,own,3,unemployed/ unskilled  - non-resident,1,none,yes,1,divorced/separated,1
<0 DM,21,existing credits paid back duly till now,radio/television,3085,500 <= < 1000 DM,1<= < 4 years,4,none,4,car or other,1,none,own,1,management/ highly qualified employee,2,yes,yes,1,divorced/separated,1
no account,2,critical account,furniture/equipment,3162,<100 DM,1<= < 4 years,3,none,2,real estate,1,none,own,3,skilled employee / official,2,none,yes,1,divorced/separated,1
0 <= <200 DM,11,critical account,radio/television,2129,100 <= <500 DM,>=7 years,4,none,3,real estate,1,none,own,1,skilled employee / official,1,none,yes,1,divorced/separated,0
0 <= <200 DM,19,critical account,repairs,5371,<100 DM,1<= < 4 years,4,none,5,real estate,1,none,own,2,skilled employee / official,2,none,yes,1,divorced/separated,1
no account,-13,existing credits paid back duly till now,radio/television,-1796,<100 DM,1<= < 4 years,3,none,2,real estate,1,none,own,3,skilled employee / official,1,none,yes,1,divorced/separated,1
>= 200 DM ,9,all credits at this bank paid back duly,car (new),397,<100 DM,1<= < 4 years,5,none,3,real estate,1,store,own,2,skilled employee / official,2,none,yes,1,married/widowed,1
>= 200 DM ,26,all credits at this bank paid back duly,radio/television,1621,<100 DM,>=7 years,4,guarantor,4,car or other,0,bank,rent,2,management/ highly qualified employee,2,yes,yes,0,married/widowed,1
<0 DM,3,existing credits paid back duly till now,furniture/equipment,3389,500 <= < 1000 DM,1<= < 4 years,5,none,3,real estate,1,none,own,2,unemployed/ unskilled  - non-resident,1,none,yes,1,divorced/separated,1
0 <= <200 DM,23,existing credits paid back duly till now,furniture/equipment,4776,<100 DM,>=7 years,3,none,4,savings agreement/life insurance,1,none,own,1,management/ highly qualified employee,2,yes,yes,1,divorced/separated,1
0 <= <200 DM,21,existing credits paid back duly till now,furniture/equipment,3540,100 <= <500 DM,4<= <7 years,2,none,1,real estate,0,store,rent,1,unskilled - resident,1,none,no,1,divorced/separated,1
no account,21,existing credits paid back duly till now,radio/television,4306,<100 DM,>=7 years,3,none,2,real estate,1,none,own,1,skilled employee / official,2,none,yes,1,divorced/separated,1
>= 200 DM ,24,delay in paying off,domestic appliances,3866,no savings account,>=7 years,4,none,5,savings agreement/life insurance,1,none,own,2,unskilled - resident,1,yes,yes,1,divorced/separated,0
no account,-15,existing credits paid back duly till now,radio/television,-2056,<100 DM,1<= < 4 years,2,none,0,real estate,1,none,own,2,unskilled - resident,2,none,no,1,divorced/separated,1
0 <= <200 DM,37,critical account,car (new),6815,no savings account,>=7 years,4,none,5,car or other,1,none,own,2,skilled employee / official,2,yes,yes,1,divorced/separated,1
0 <= <200 DM,43,critical account,repairs,10018,100 <= <500 DM,>=7 years,3,none,4,car or other,1,none,own,2,skilled employee / official,1,none,yes,1,divorced/separated,0
no account,-8,all credits at this bank paid back duly,car (used),-4449,<100 DM,>=7 years,4,none,6,real estate,1,none,rent,2,skilled employee / official,2,none,no,0,married/widowed,1
<0 DM,25,critical account,radio/television,6604,<100 DM,>=7 years,4,none,3,real estate,1,none,own,3,skilled employee / official,2,yes,yes,1,divorced/separated,1
no account,6,critical account,furniture/equipment,1880,<100 DM,<1 years,4,none,4,savings agreement/life insurance,1,none,own,2,skilled employee / official,2,none,yes,1,divorced/separated,1
0 <= <200 DM,37,existing credits paid back duly till now,furniture/equipment,8346,no savings account,>=7 years,2,none,2,car or other,1,none,rent,1,management/ highly qualified employee,1,yes,yes,1,divorced/separated,1
0 <= <200 DM,18,critical account,education,4432,<100 DM,1<= < 4 years,3,none,5,car or other,1,bank,own,3,skilled employee / official,1,none,yes,1,divorced/separated,1
no account,34,existing credits paid back duly till now,radio/television,8105,<100 DM,1<= < 4 years,3,none,2,car or other,1,none,own,2,skilled employee / official,2,none,yes,1,divorced/separated,1
no account,15,existing credits paid back duly till now,furniture/equipment,4125,<100 DM,1<= < 4 years,4,none,3,real estate,1,none,own,3,skilled employee / official,2,none,no,1,divorced/separated,1
0 <= <200 DM,31,delay in paying off,domestic appliances,7984,100 <= <500 DM,4<= <7 years,4,guarantor,4,real estate,1,none,own,2,skilled employee / official,1,yes,yes,1,divorced/separated,0
>= 200 DM ,43,delay in paying off,domestic appliances,4178,<100 DM,>=7 years,3,none,5,car or other,1,store,own,3,unemployed/ unskilled  - non-resident,2,yes,yes,1,divorced/separated,1
0 <= <200 DM,42,all credits at this bank paid back duly,radio/television,6299,<100 DM,>=7 years,3,none,4,car or other,1,none,own,2,skilled employee / official,1,yes,yes,1,divorced/separated,1
<0 DM,33,existing credits paid back duly till now,radio/television,4756,100 <= <500 DM,1<= < 4 years,3,none,2,unknown / no property,1,none,rent,0,management/ highly qualified employee,1,yes,yes,1,divorced/separated,1
no account,-19,existing credits paid back duly till now,radio/television,-3996,500 <= < 1000 DM,1<= < 4 years,5,none,3,car or other,1,none,own,2,skilled employee / official,1,none,yes,1,divorced/separated,1
no account,-4,all credits at this bank paid back duly,radio/television,-3897,<100 DM,1<= < 4 years,4,none,4,unknown / no property,1,bank,own,2,management/ highly qualified employee,2,none,yes,1,divorced/separated,1
0 <= <200 DM,21,existing credits paid back duly till now,radio/television,3875,<100 DM,1<= < 4 years,4,none,3,car or other,1,none,own,2,skilled employee / official,1,none,yes,1,divorced/separated,1
<0 DM,37,all credits at this bank paid back duly,radio/television,8526,<100 DM,>=7 years,3,none,1,car or other,1,none,own,2,skilled employee / official,2,yes,yes,1,divorced/separated,1
no account,28,critical account,radio/television,4566,<100 DM,>=7 years,4,none,5,car or other,1,none,own,2,management/ highly qualified employee,2,none,yes,1,divorced/separated,1
<0 DM,-7,all credits at this bank paid back duly,radio/television,-1894,<100 DM,1<= < 4 years,4,none,1,real estate,1,none,own,2,unemployed/ unskilled  - non-resident,1,none,yes,1,divorced/separated,1
no account,5,critical account,radio/television,-281,<100 DM,1<= < 4 years,4,none,3,real estate,1,none,own,3,unemployed/ unskilled  - non-resident,1,none,yes,1,divorced/separated,1
no account,26,existing credits paid back duly till now,car (new),3951,no savings account,>=7 years,2,none,0,real estate,1,none,own,2,skilled employee / official,2,yes,yes,1,divorced/separated,1
0 <= <200 DM,31,existing credits paid back duly till now,car (new),7160,100 <= <500 DM,4<= <7 years,2,none,2,savings agreement/life insurance,1,none,own,2,skilled employee / official,1,none,yes,1,divorced/separated,0
<0 DM,20,existing credits paid back duly till now,furniture/equipment,6486,<100 DM,1<= < 4 years,4,none,3,real estate,1,none,own,2,unemployed/ unskilled  - non-resident,2,none,yes,1,married/widowed,1
0 <= <200 DM,25,existing credits paid back duly till now,repairs,4185,100 <= <500 DM,>=7 years,3,none,3,real estate,1,none,for free,2,skilled employee / official,1,none,yes,1,divorced/separated,1
no account,16,existing credits paid back duly till now,furniture/equipment,5053,<100 DM,1<= < 4 years,5,none,1,real estate,1,none,own,1,skilled employee / official,1,none,yes,1,divorced/separated,1
<0 DM,38,critical account,education,7194,<100 DM,>=7 years,3,none,4,unknown / no property,1,none,own,3,unskilled - resident,2,yes,yes,1,divorced/separated,0
no account,21,critical account,radio/television,6838,no savings account,>=7 years,3,none,3,car or other,1,none,own,3,skilled employee / official,2,none,yes,1,divorced/separated,1
<0 DM,55,critical account,car (used),9772,<100 DM,>=7 years,3,none,5,unknown / no property,1,none,own,2,management/ highly qualified employee,2,none,yes,1,divorced/separated,1
0 <= <200 DM,28,existing credits paid back duly till now,furniture/equipment,4423,no savings account,unemployed,2,none,4,savings agreement/life insurance,1,none,own,3,unskilled - resident,2,none,yes,1,divorced/separated,1
<0 DM,6,existing credits paid back duly till now,furniture/equipment,2190,100 <= <500 DM,1<= < 4 years,4,none,3,real estate,1,none,own,1,unemployed/ unskilled  - non-resident,2,none,no,1,divorced/separated,1
no account,19,all credits at this bank paid back duly,car (new),4576,100 <= <500 DM,1<= < 4 years,3,none,1,real estate,1,none,own,2,skilled employee / official,2,none,yes,1,divorced/separated,0
0 <= <200 DM,24,all credits at this bank paid back duly,car (new),4376,<100 DM,>=7 years,5,none,3,unknown / no property,1,none,own,3,skilled employee / official,1,yes,yes,1,divorced/separated,0
<0 DM,11,existing credits paid back duly till now,furniture/equipment,4560,<100 DM,1<= < 4 years,5,none,3,real estate,1,none,own,2,skilled employee / official,2,none,yes,1,divorced/separated,1
<0 DM,14,existing credits paid back duly till now,domestic appliances,2903,<100 DM,1<= < 4 years,4,none,2,real estate,1,none,own,2,skilled employee / official,1,none,yes,1,divorced/separated,1
>= 200 DM ,52,delay in paying off,domestic appliances,11033,100 <= <500 DM,4<= <7 years,4,none,2,car or other,1,none,rent,1,management/ highly qualified employee,1,none,yes,1,divorced/separated,0
<0 DM,31,existing credits paid back duly till now,radio/television,5859,<100 DM,4<= <7 years,3,none,3,car or other,1,none,own,2,skilled employee / official,2,none,yes,0,divorced/separated,1
no account,0,all credits at this bank paid back duly,radio/television,-225,<100 DM,1<= < 4 years,4,none,3,real estate,1,none,own,2,skilled employee / official,1,none,yes,1,divorced/separated,1
>= 200 DM ,29,existing credits paid back duly till now,furniture/equipment,6453,100 <= <500 DM,4<= <7 years,2,guarantor,2,real estate,1,store,own,2,skilled employee / official,2,none,yes,1,divorced/separated,1
0 <= <200 DM,24,existing credits paid back duly till now,radio/television,5225,<100 DM,>=7 years,4,none,4,real estate,0,none,own,3,skilled employee / official,2,none,yes,1,married/widowed,1
<0 DM,4,existing credits paid back duly till now,radio/television,824,<100 DM,1<= < 4 years,3,none,2,real estate,1,none,own,2,skilled employee / official,1,none,yes,1,divorced/separated,1
0 <= <200 DM,2,critical account,car (new),-73,<100 DM,>=7 years,3,none,3,real estate,1,store,own,3,skilled employee / official,2,none,yes,1,divorced/separated,1
no account,10,critical account,car (new),-536,<100 DM,1<= < 4 years,3,none,2,real estate,1,none,own,3,skilled employee / official,2,yes,yes,1,divorced/separated,1
no account,21,existing credits paid back duly till now,radio/television,5371,<100 DM,1<= < 4 years,3,none,1,real estate,1,none,own,2,skilled employee / official,1,none,yes,1,divorced/separated,1
no account,15,existing credits paid back duly till now,car (new),2634,no savings account,unemployed,3,none,2,real estate,1,none,own,2,skilled employee / official,2,none,yes,1,divorced/separated,1
<0 DM,29,critical account,education,3119,500 <= < 1000 DM,>=7 years,2,none,5,car or other,0,bank,own,3,management/ highly qualified employee,2,yes,yes,0,divorced/separated,1
no account,5,critical account,repairs,3981,<100 DM,>=7 years,4,none,4,real estate,1,none,own,2,skilled employee / official,1,none,yes,1,divorced/separated,1
0 <= <200 DM,17,existing credits paid back duly till now,furniture/equipment,1797,100 <= <500 DM,4<= <7 years,3,none,4,savings agreement/life insurance,1,none,for free,1,skilled employee / official,2,none,no,1,divorced/separated,1
0 <= <200 DM,7,existing credits paid back duly till now,radio/television,2315,<100 DM,1<= < 4 years,3,none,1,real estate,1,none,own,2,skilled employee / official,1,none,yes,1,divorced/separated,1
<0 DM,26,critical account,car (used),4435,500 <= < 1000 DM,1<= < 4 years,3,none,4,real estate,1,none,own,3,unemployed/ unskilled  - non-resident,2,yes,yes,1,divorced/separated,1
>= 200 DM ,16,delay in paying off,car (new),3269,100 <= <500 DM,>=7 years,5,none,5,savings agreement/life insurance,1,none,own,2,unemployed/ unskilled  - non-resident,2,yes,yes,1,divorced/separated,1
<0 DM,19,existing credits paid back duly till now,car (used),5390,500 <= < 1000 DM,1<= < 4 years,3,none,4,car or other,1,none,own,2,management/ highly qualified employee,2,none,yes,1,married/widowed,1
>= 200 DM ,38,delay in paying off,furniture/equipment,5373,100 <= <500 DM,>=7 years,3,none,6,car or other,1,bank,own,1,skilled employee / official,2,yes,yes,0,divorced/separated,0
<0 DM,27,delay in paying off,furniture/equipment,3978,100 <= <500 DM,1<= < 4 years,3,none,4,savings agreement/life insurance,1,store,rent,2,management/ highly qualified employee,1,yes,yes,1,divorced/separated,1
>= 200 DM ,25,critical account,furniture/equipment,4558,100 <= <500 DM,>=7 years,3,co-applicant,4,real estate,1,bank,own,2,unemployed/ unskilled  - non-resident,2,none,yes,1,divorced/separated,0
<0 DM,18,existing credits paid back duly till now,furniture/equipment,5282,<100 DM,1<= < 4 years,3,none,1,real estate,1,none,own,2,skilled employee / official,2,none,no,1,divorced/separated,1
no account,3,existing credits paid back duly till now,radio/television,-1072,<100 DM,>=7 years,4,none,1,real estate,1,none,own,2,skilled employee / official,1,yes,yes,1,divorced/separated,0
no account,15,critical account,repairs,1585,<100 DM,1<= < 4 years,3,none,4,real estate,1,store,own,3,skilled employee / official,2,none,yes,0,divorced/separated,1
no account,6,existing credits paid back duly till now,radio/television,3653,<100 DM,1<= < 4 years,3,none,1,savings agreement/life insurance,1,none,own,2,skilled employee / official,2,none,yes,1,divorced/separated,1
<0 DM,16,all credits at this bank paid back duly,car (used),3723,>= 1000 DM,<1 years,4,none,5,savings agreement/life insurance,1,none,own,2,unskilled - resident,2,none,yes,1,divorced/separated,1
>= 200 DM ,39,existing credits paid back duly till now,furniture/equipment,8312,100 <= <500 DM,1<= < 4 years,2,none,3,savings agreement/life insurance,0,none,own,1,unemployed/ unskilled  - non-resident,2,yes,yes,0,divorced/separated,1
<0 DM,-1,existing credits paid back duly till now,furniture/equipment,862,<100 DM,1<= < 4 years,4,none,4,real estate,1,none,own,3,unemployed/ unskilled  - non-resident,1,none,yes,1,divorced/separated,1
0 <= <200 DM,29,critical account,car (used),4606,500 <= < 1000 DM,>=7 years,5,co-applicant,7,real estate,1,bank,rent,3,skilled employee / official,2,none,no,1,divorced/separated,1
no account,9,existing credits paid back duly till now,radio/television,2376,<100 DM,>=7 years,3,none,2,savings agreement/life insurance,1,none,own,2,skilled employee / official,2,yes,yes,1,divorced/separated,1
no account,-3,existing credits paid back duly till now,radio/television,1966,<100 DM,1<= < 4 years,4,none,2,real estate,1,none,own,2,skilled employee / official,1,none,yes,1,divorced/separated,1
no account,-22,existing credits paid back duly till now,radio/television,-3438,100 <= <500 DM,1<= < 4 years,4,none,0,real estate,1,none,own,1,skilled employee / official,1,none,yes,1,divorced/separated,1
0 <= <200 DM,9,no credits taken,others,-558,<100 DM,<1 years,6,none,5,real estate,1,bank,own,1,skilled employee / official,1,none,yes,1,divorced/separated,1
no account,17,critical account,furniture/equipment,4037,<100 DM,<1 years,3,none,4,car or other,1,none,own,2,skilled employee / official,2,yes,yes,1,divorced/separated,1
0 <= <200 DM,31,critical account,car (used),5730,no savings account,>=7 years,3,none,5,unknown / no property,1,none,for free,4,skilled employee / official,2,none,yes,1,divorced/separated,1
no account,39,all credits at this bank paid back duly,car (new),8108,<100 DM,>=7 years,2,none,3,savings agreement/life insurance,1,none,own,2,skilled employee / official,2,yes,yes,1,divorced/separated,1
<0 DM,3,existing credits paid back duly till now,radio/television,362,<100 DM,1<= < 4 years,5,none,3,real estate,1,none,rent,1,management/ highly qualified employee,1,none,no,1,divorced/separated,1
<0 DM,14,all credits at this bank paid back duly,car (used),2490,no savings account,>=7 years,3,none,5,savings agreement/life insurance,1,none,rent,2,unskilled - resident,2,none,no,1,divorced/separated,1
<0 DM,29,delay in paying off,furniture/equipment,7365,>= 1000 DM,1<= < 4 years,5,none,3,real estate,1,none,rent,2,skilled employee / official,1,none,yes,1,divorced/separated,1
<0 DM,17,existing credits paid back duly till now,radio/television,3234,100 <= <500 DM,1<= < 4 years,3,none,1,real estate,1,none,own,1,management/ highly qualified employee,1,none,yes,1,divorced/separated,1
no account,13,critical account,radio/television,2116,500 <= < 1000 DM,>=7 years,4,none,5,car or other,1,none,own,3,unskilled - resident,2,none,yes,1,divorced/separated,1
no account,8,existing credits paid back duly till now,radio/television,1068,no savings account,1<= < 4 years,3,none,3,real estate,1,none,own,2,skilled employee / official,2,none,yes,1,divorced/separated,1
0 <= <200 DM,28,existing credits paid back duly till now,radio/television,5545,<100 DM,>=7 years,3,none,2,savings agreement/life insurance,1,none,own,2,unskilled - resident,2,none,yes,1,divorced/separated,1
0 <= <200 DM,28,existing credits paid back duly till now,radio/television,5015,100 <= <500 DM,>=7 years,3,none,3,car or other,1,none,own,1,management/ highly qualified employee,1,yes,yes,1,divorced/separated,0
0 <= <200 DM,30,no credits taken,car (new),5756,100 <= <500 DM,>=7 years,4,none,3,real estate,1,store,own,2,skilled employee / official,1,none,yes,1,divorced/separated,0
0 <= <200 DM,20,existing credits paid back duly till now,radio/television,4222,<100 DM,>=7 years,3,none,1,savings agreement/life insurance,1,none,own,2,unskilled - resident,1,none,yes,1,divorced/separated,1
0 <= <200 DM,34,all credits at this bank paid back duly,radio/television,4403,<100 DM,>=7 years,4,guarantor,3,car or other,1,none,own,3,skilled employee / official,1,yes,yes,1,divorced/separated,1
<0 DM,58,critical account,repairs,10617,100 <= <500 DM,>=7 years,3,none,3,car or other,1,none,own,2,management/ highly qualified employee,1,none,yes,1,divorced/separated,0
no account,16,existing credits paid back duly till now,others,1087,100 <= <500 DM,4<= <7 years,4,none,4,savings agreement/life insurance,1,none,rent,1,management/ highly qualified employee,1,none,yes,0,divorced/separated,0
<0 DM,19,existing credits paid back duly till now,furniture/equipment,2994,<100 DM,1<= < 4 years,5,none,2,real estate,1,none,own,2,skilled employee / official,1,yes,yes,1,divorced/separated,1
<0 DM,41,delay in paying off,car (used),8727,100 <= <500 DM,>=7 years,4,none,4,savings agreement/life insurance,0,none,own,2,unemployed/ unskilled  - non-resident,2,none,no,1,divorced/separated,1
no account,-5,existing credits paid back duly till now,radio/television,-3360,<100 DM,1<= < 4 years,4,none,4,savings agreement/life insurance,1,none,own,2,skilled employee / official,2,none,yes,1,divorced/separated,1
no account,14,existing credits paid back duly till now,radio/television,3580,<100 DM,>=7 years,4,none,1,real estate,1,none,own,2,management/ highly qualified employee,2,none,no,1,divorced/separated,1
0 <= <200 DM,39,critical account,education,6986,<100 DM,>=7 years,4,none,5,car or other,1,none,own,4,skilled employee / official,2,yes,yes,1,married/widowed,1
no account,0,existing credits paid back duly till now,furniture/equipment,2078,<100 DM,>=7 years,3,none,3,savings agreement/life insurance,1,none,own,1,unskilled - resident,2,none,yes,1,divorced/separated,1
<0 DM,34,all credits at this bank paid back duly,car (used),5121,<100 DM,1<= < 4 years,3,none,4,unknown / no property,1,none,own,3,unskilled - resident,2,none,no,1,divorced/separated,1
0 <= <200 DM,10,existing credits paid back duly till now,radio/television,1596,<100 DM,>=7 years,4,none,1,real estate,1,none,own,2,skilled employee / official,1,none,yes,1,divorced/separated,0
<0 DM,14,existing credits paid back duly till now,car (used),3497,>= 1000 DM,>=7 years,5,none,5,real estate,1,none,own,1,management/ highly qualified employee,2,none,no,1,divorced/separated,1
<0 DM,43,existing credits paid back duly till now,car (used),9905,>= 1000 DM,1<= < 4 years,4,none,4,real estate,1,none,own,2,unemployed/ unskilled  - non-resident,1,yes,yes,1,divorced/separated,1
<0 DM,22,existing credits paid back duly till now,radio/television,3781,<100 DM,>=7 years,5,none,4,car or other,1,none,own,2,skilled employee / official,1,none,yes,1,divorced/separated,1
0 <= <200 DM,30,critical account,car (new),6247,no savings account,4<= <7 years,4,none,5,car or other,1,none,own,4,skilled employee / official,2,none,yes,1,divorced/separated,1
>= 200 DM ,30,existing credits paid back duly till now,radio/television,3692,100 <= <500 DM,>=7 years,6,none,5,unknown / no property,1,none,own,2,skilled employee / official,2,none,yes,1,divorced/separated,0
0 <= <200 DM,5,existing credits paid back duly till now,radio/television,232,<100 DM,1<= < 4 years,5,none,2,real estate,1,none,own,1,skilled employee / official,1,none,yes,1,divorced/separated,1
0 <= <200 DM,11,no credits taken,radio/television,989,<100 DM,>=7 years,4,none,5,real estate,1,none,own,3,skilled employee / official,2,yes,yes,1,married/widowed,1
>= 200 DM ,42,existing credits paid back duly till now,furniture/equipment,9036,100 <= <500 DM,>=7 years,5,none,3,real estate,1,none,own,1,skilled employee / official,1,none,yes,1,divorced/separated,0
<0 DM,27,existing credits paid back duly till now,car (new),4197,<100 DM,1<= < 4 years,4,none,2,car or other,1,none,own,1,skilled employee / official,1,yes,yes,1,divorced/separated,1
no account,-27,existing credits paid back duly till now,radio/television,-6083,<100 DM,1<= < 4 years,5,none,3,real estate,1,none,own,1,unemployed/ unskilled  - non-resident,1,none,no,1,divorced/separated,1
<0 DM,23,existing credits paid back duly till now,radio/television,4916,<100 DM,1<= < 4 years,5,none,3,real estate,1,none,own,2,skilled employee / official,1,none,yes,1,divorced/separated,1
0 <= <200 DM,34,no credits taken,furniture/equipment,5486,no savings account,4<= <7 years,3,none,5,savings agreement/life insurance,1,store,for free,2,unskilled - resident,2,yes,yes,0,married/widowed,1
0 <= <200 DM,24,critical account,furniture/equipment,4644,100 <= <500 DM,>=7 years,5,none,6,car or other,1,none,own,3,skilled employee / official,2,yes,yes,1,divorced/separated,1
<0 DM,37,critical account,radio/television,9711,>= 1000 DM,4<= <7 years,3,none,3,real estate,1,none,own,2,unemployed/ unskilled  - non-resident,2,none,yes,1,divorced/separated,1
0 <= <200 DM,58,existing credits paid back duly till now,repairs,10381,<100 DM,>=7 years,1,none,2,savings agreement/life insurance,1,none,own,2,management/ highly qualified employee,2,yes,yes,1,divorced/separated,0
0 <= <200 DM,23,existing credits paid back duly till now,radio/television,5814,<100 DM,1<= < 4 years,3,none,5,car or other,1,none,own,2,skilled employee / official,2,none,yes,1,divorced/separated,1
<0 DM,36,all credits at this bank paid back duly,furniture/equipment,6333,<100 DM,>=7 years,5,none,6,unknown / no property,1,none,own,2,unemployed/ unskilled  - non-resident,2,yes,yes,1,divorced/separated,1
no account,25,existing credits paid back duly till now,repairs,3838,<100 DM,1<= < 4 years,3,none,4,car or other,1,none,own,3,skilled employee / official,1,yes,yes,1,divorced/separated,1
<0 DM,23,critical account,domestic appliances,3666,100 <= <500 DM,1<= < 4 years,5,none,5,real estate,1,none,own,2,skilled employee / official,2,yes,yes,1,divorced/separated,1
no account,19,existing credits paid back duly till now,car (new),2289,<100 DM,<1 years,2,guarantor,2,savings agreement/life insurance,1,store,own,2,skilled employee / official,1,yes,yes,1,divorced/separated,0
0 <= <200 DM,25,existing credits paid back duly till now,car (new),3955,<100 DM,>=7 years,4,none,2,real estate,1,store,own,2,unemployed/ unskilled  - non-resident,1,yes,yes,1,divorced/separated,0
>= 200 DM ,14,all credits at this bank paid back duly,radio/television,324,<100 DM,<1 years,5,none,4,savings agreement/life insurance,1,none,own,2,skilled employee / official,1,none,yes,1,divorced/separated,1
no account,-15,all credits at this bank paid back duly,radio/television,-3771,<100 DM,1<= < 4 years,5,none,4,real estate,1,none,own,2,skilled employee / official,1,none,yes,1,divorced/separated,1
0 <= <200 DM,39,existing credits paid back duly till now,repairs,7981,<100 DM,>=7 years,3,none,4,car or other,1,none,own,2,management/ highly qualified employee,1,yes,yes,1,divorced/separated,0
<0 DM,17,existing credits paid back duly till now,furniture/equipment,4993,<100 DM,1<= < 4 years,4,none,1,real estate,1,none,own,0,skilled employee / official,1,none,yes,1,divorced/separated,1
<0 DM,23,critical account,furniture/equipment,5820,<100 DM,1<= < 4 years,3,none,2,real estate,1,none,own,3,unemployed/ unskilled  - non-resident,2,none,yes,1,divorced/separated,1
<0 DM,44,existing credits paid back duly till now,radio/television,8393,<100 DM,>=7 years,3,none,3,car or other,1,none,own,2,management/ highly qualified employee,2,none,yes,1,divorced/separated,1
no account,28,existing credits paid back duly till now,furniture/equipment,5793,<100 DM,1<= < 4 years,2,none,1,savings agreement/life insurance,1,none,own,1,unskilled - resident,2,none,no,1,divorced/separated,1
0 <= <200 DM,21,existing credits paid back duly till now,car (used),5123,<100 DM,>=7 years,5,none,5,real estate,1,none,own,3,unemployed/ unskilled  - non-resident,2,none,yes,1,divorced/separated,0
no account,23,all credits at this bank paid back duly,car (used),2953,no savings account,>=7 years,3,none,5,real estate,1,bank,own,2,unemployed/ unskilled  - non-resident,2,none,yes,1,married/widowed,1
0 <= <200 DM,19,all credits at this bank paid back duly,furniture/equipment,4720,100 <= <500 DM,<1 years,3,none,5,savings agreement/life insurance,1,none,own,2,skilled employee / official,2,none,yes,0,divorced/separated,1
0 <= <200 DM,51,all credits at this bank paid back duly,repairs,10462,<100 DM,>=7 years,3,none,4,unknown / no property,1,none,own,3,unemployed/ unskilled  - non-resident,2,yes,yes,1,divorced/separated,0
0 <= <200 DM,20,critical account,furniture/equipment,5231,<100 DM,4<= <7 years,3,none,3,real estate,1,none,own,3,skilled employee / official,2,none,yes,1,divorced/separated,1
no account,29,existing credits paid back duly till now,radio/television,6026,<100 DM,4<= <7 years,3,none,2,savings agreement/life insurance,1,none,own,1,skilled employee / official,1,none,yes,1,divorced/separated,1
no account,27,all credits at this bank paid back duly,radio/television,3935,<100 DM,>=7 years,4,none,3,car or other,1,none,own,2,skilled employee / official,1,yes,yes,1,divorced/separated,1
no account,19,critical account,domestic appliances,2211,<100 DM,1<= < 4 years,4,none,4,car or other,1,none,own,2,skilled employee / official,1,yes,yes,1,divorced/separated,1
0 <= <200 DM,16,critical account,domestic appliances,4116,<100 DM,1<= < 4 years,3,none,4,savings agreement/life insurance,1,none,own,3,unskilled - resident,2,none,yes,1,divorced/separated,1
0 <= <200 DM,17,no credits taken,furniture/equipment,3971,<100 DM,4<= <7 years,3,none,2,real estate,1,none,own,2,unskilled - resident,2,none,yes,1,married/widowed,1
0 <= <200 DM,-4,all credits at this bank paid back duly,radio/television,-2298,<100 DM,1<= < 4 years,5,none,2,real estate,1,none,own,2,skilled employee / official,1,none,yes,1,divorced/separated,1
<0 DM,24,all credits at this bank paid back duly,car (new),5368,<100 DM,1<= < 4 years,3,none,1,real estate,1,none,own,2,unemployed/ unskilled  - non-resident,2,yes,yes,1,divorced/separated,1
<0 DM,41,existing credits paid back duly till now,furniture/equipment,7975,<100 DM,4<= <7 years,3,none,3,unknown / no property,1,none,own,2,unemployed/ unskilled  - non-resident,2,none,yes,1,divorced/separated,1
0 <= <200 DM,18,existing credits paid back duly till now,car (new),4056,<100 DM,>=7 years,4,none,3,real estate,1,none,own,3,skilled employee / official,2,none,yes,1,divorced/separated,1
<0 DM,51,all credits at this bank paid back duly,car (used),11968,100 <= <500 DM,1<= < 4 years,3,none,2,unknown / no property,1,none,rent,1,management/ highly qualified employee,1,none,yes,1,divorced/separated,1
<0 DM,34,existing credits paid back duly till now,furniture/equipment,6152,<100 DM,>=7 years,4,none,5,car or other,1,none,own,2,unemployed/ unskilled  - non-resident,2,none,yes,1,divorced/separated,1
0 <= <200 DM,24,all credits at this bank paid back duly,car (new),3874,no savings account,>=7 years,3,none,2,savings agreement/life insurance,1,none,for free,2,unskilled - resident,2,none,no,1,divorced/separated,1
0 <= <200 DM,11,no credits taken,car (used),1229,no savings account,>=7 years,5,none,2,real estate,1,none,own,2,unemployed/ unskilled  - non-resident,1,none,no,1,divorced/separated,1
0 <= <200 DM,16,critical account,furniture/equipment,6007,<100 DM,1<= < 4 years,4,none,4,real estate,1,none,own,3,skilled employee / official,2,none,yes,1,divorced/separated,1
<0 DM,34,existing credits paid back duly till now,radio/television,6906,<100 DM,>=7 years,4,none,3,car or other,1,none,own,2,unemployed/ unskilled  - non-resident,2,none,yes,1,divorced/separated,1
no account,26,existing credits paid back duly till now,car (used),4006,<100 DM,1<= < 4 years,3,none,3,unknown / no property,1,none,own,2,unemployed/ unskilled  - non-resident,2,none,yes,1,divorced/separated,1
<0 DM,-1,existing credits paid back duly till now,radio/television,-25,<100 DM,1<= < 4 years,3,none,2,real estate,1,none,own,1,unemployed/ unskilled  - non-resident,1,none,yes,1,divorced/separated,1
0 <= <200 DM,21,critical account,others,4566,500 <= < 1000 DM,4<= <7 years,4,none,7,savings agreement/life insurance,1,none,own,3,unskilled - resident,2,yes,yes,1,divorced/separated,1
<0 DM,35,existing credits paid back duly till now,radio/television,6365,<100 DM,1<= < 4 years,4,none,3,car or other,1,none,own,1,management/ highly qualified employee,2,none,yes,1,divorced/separated,1
no account,34,all credits at this bank paid back duly,car (new),5499,<100 DM,>=7 years,4,none,4,car or other,1,none,own,2,skilled employee / official,2,yes,yes,1,divorced/separated,1
>= 200 DM ,16,delay in paying off,car (new),2826,no savings account,>=7 years,3,none,4,savings agreement/life insurance,1,none,for free,2,management/ highly qualified employee,2,none,yes,1,divorced/separated,1
>= 200 DM ,20,critical account,car (used),4432,500 <= < 1000 DM,>=7 years,4,none,5,unknown / no property,1,none,own,3,management/ highly qualified employee,2,none,no,1,divorced/separated,1
>= 200 DM ,33,all credits at this bank paid back duly,car (used),5105,no savings account,>=7 years,4,none,6,unknown / no property,1,none,for free,3,unemployed/ unskilled  - non-resident,2,none,yes,1,married/widowed,0
0 <= <200 DM,26,critical account,car (used),5074,<100 DM,>=7 years,5,none,6,car or other,1,none,own,2,management/ highly qualified employee,1,none,yes,1,divorced/separated,1
no account,25,critical account,car (used),3412,<100 DM,>=7 years,4,none,3,real estate,1,none,own,3,skilled employee / official,2,none,yes,1,divorced/separated,1
0 <= <200 DM,23,all credits at this bank paid back duly,car (new),5695,<100 DM,<1 years,3,none,2,savings agreement/life insurance,1,none,own,2,unskilled - resident,2,none,yes,1,divorced/separated,1
no account,30,critical account,car (new),5264,no savings account,>=7 years,4,none,4,car or other,1,none,for free,3,skilled employee / official,2,yes,yes,1,divorced/separated,1
<0 DM,16,all credits at this bank paid back duly,radio/television,2018,<100 DM,1<= < 4 years,5,none,6,car or other,1,none,own,2,skilled employee / official,2,none,yes,1,divorced/separated,1
0 <= <200 DM,23,existing credits paid back duly till now,car (new),5259,<100 DM,>=7 years,3,none,2,savings agreement/life insurance,1,none,own,2,skilled employee / official,2,none,yes,1,divorced/separated,1
0 <= <200 DM,39,existing credits paid back duly till now,car (new),5443,no savings account,>=7 years,2,none,2,savings agreement/life insurance,1,store,own,1,unskilled - resident,2,yes,yes,1,divorced/separated,0
no account,18,existing credits paid back duly till now,domestic appliances,2279,500 <= < 1000 DM,1<= < 4 years,3,none,4,car or other,1,none,own,2,skilled employee / official,1,yes,yes,1,divorced/separated,1
no account,10,critical account,radio/television,1494,<100 DM,1<= < 4 years,4,none,4,real estate,1,store,own,2,skilled employee / official,1,yes,yes,1,divorced/separated,1
0 <= <200 DM,6,all credits at this bank paid back duly,car (new),-1202,<100 DM,<1 years,5,guarantor,5,real estate,1,bank,own,2,unemployed/ unskilled  - non-resident,1,yes,yes,1,divorced/separated,1
0 <= <200 DM,41,all credits at this bank paid back duly,others,10070,100 <= <500 DM,4<= <7 years,3,co-applicant,4,real estate,1,store,own,1,management/ highly qualified employee,2,yes,yes,1,divorced/separated,1
no account,2,existing credits paid back duly till now,furniture/equipment,96,<100 DM,1<= < 4 years,4,none,2,real estate,1,none,own,2,unskilled - resident,2,none,yes,1,divorced/separated,1
0 <= <200 DM,28,existing credits paid back duly till now,radio/television,7098,500 <= < 1000 DM,1<= < 4 years,4,none,4,car or other,1,none,own,2,unemployed/ unskilled  - non-resident,1,yes,no,1,divorced/separated,1
0 <= <200 DM,6,existing credits paid back duly till now,furniture/equipment,1086,<100 DM,1<= < 4 years,5,co-applicant,3,real estate,1,none,own,2,skilled employee / official,1,none,yes,1,divorced/separated,1
0 <= <200 DM,11,existing credits paid back duly till now,radio/television,-188,<100 DM,1<= < 4 years,6,none,5,savings agreement/life insurance,1,none,own,1,skilled employee / official,1,none,yes,1,divorced/separated,0
<0 DM,26,critical account,radio/television,4358,<100 DM,1<= < 4 years,4,none,3,car or other,1,none,own,2,unemployed/ unskilled  - non-resident,1,yes,yes,1,divorced/separated,1
<0 DM,39,existing credits paid back duly till now,furniture/equipment,7321,<100 DM,<1 years,3,none,4,savings agreement/life insurance,1,none,own,1,unskilled - resident,2,yes,yes,1,divorced/separated,1
0 <= <200 DM,29,all credits at this bank paid back duly,radio/television,4014,<100 DM,>=7 years,4,none,3,unknown / no property,1,none,own,3,skilled employee / official,2,none,yes,1,divorced/separated,1
0 <= <200 DM,24,critical account,radio/television,3012,<100 DM,1<= < 4 years,4,none,3,real estate,1,none,own,3,unemployed/ unskilled  - non-resident,1,none,yes,1,divorced/separated,1
no account,10,all credits at this bank paid back duly,car (new),-1143,<100 DM,1<= < 4 years,4,none,0,real estate,1,none,own,1,skilled employee / official,1,none,yes,1,divorced/separated,1
no account,-25,all credits at this bank paid back duly,radio/television,-7044,<100 DM,1<= < 4 years,5,none,5,real estate,1,none,own,2,skilled employee / official,1,none,yes,1,divorced/separated,1
0 <= <200 DM,18,all credits at this bank paid back duly,radio/television,1832,100 <= <500 DM,>=7 years,6,none,4,real estate,1,none,own,1,unemployed/ unskilled  - non-resident,1,none,yes,1,divorced/separated,0
<0 DM,16,existing credits paid back duly till now,radio/television,-345,<100 DM,1<= < 4 years,4,none,5,car or other,1,none,own,2,unemployed/ unskilled  - non-resident,1,yes,yes,1,divorced/separated,1
0 <= <200 DM,5,existing credits paid back duly till now,car (new),-1549,<100 DM,<1 years,5,none,3,savings agreement/life insurance,1,none,own,1,skilled employee / official,2,yes,yes,1,divorced/separated,1
no account,-10,all credits at this bank paid back duly,radio/television,-5133,<100 DM,1<= < 4 years,6,none,2,real estate,1,none,own,1,skilled employee / official,1,none,yes,1,divorced/separated,1
no account,29,all credits at this bank paid back duly,radio/television,3815,<100 DM,>=7 years,4,none,3,car or other,1,none,own,1,skilled employee / official,1,yes,yes,1,divorced/separated,0
>= 200 DM ,6,critical account,radio/television,-245,no savings account,>=7 years,3,none,3,real estate,1,store,rent,2,skilled employee / official,1,none,yes,0,married/widowed,1
0 <= <200 DM,31,existing credits paid back duly till now,car (used),6039,<100 DM,1<= < 4 years,4,guarantor,3,real estate,1,none,own,2,skilled employee / official,1,none,yes,1,divorced/separated,1
0 <= <200 DM,14,critical account,radio/television,3443,<100 DM,>=7 years,4,none,5,car or other,1,none,own,4,skilled employee / official,2,none,yes,1,divorced/separated,1
0 <= <200 DM,3,existing credits paid back duly till now,repairs,163,<100 DM,1<= < 4 years,5,none,4,real estate,1,none,own,2,skilled employee / official,2,none,yes,1,divorced/separated,1
0 <= <200 DM,14,critical account,car (used),365,no savings account,>=7 years,4,none,4,unknown / no property,1,none,for free,4,unskilled - resident,2,none,no,1,divorced/separated,1
no account,1,existing credits paid back duly till now,car (new),-925,<100 DM,1<= < 4 years,4,none,0,real estate,1,none,own,2,skilled employee / official,1,yes,no,1,divorced/separated,1
>= 200 DM ,19,existing credits paid back duly till now,radio/television,5390,no savings account,1<= < 4 years,4,none,4,car or other,1,none,own,1,skilled employee / official,1,none,yes,0,divorced/separated,1
0 <= <200 DM,35,existing credits paid back duly till now,furniture/equipment,6953,100 <= <500 DM,1<= < 4 years,3,none,2,real estate,1,none,own,1,skilled employee / official,1,yes,yes,1,divorced/separated,1
no account,18,critical account,radio/television,2443,<100 DM,1<= < 4 years,6,none,6,unknown / no property,1,none,own,3,skilled employee / official,2,none,yes,1,divorced/separated,1
0 <= <200 DM,38,critical account,others,6519,<100 DM,4<= <7 years,3,none,3,unknown / no property,1,none,own,2,skilled employee / official,1,none,yes,1,divorced/separated,0
<0 DM,-1,all credits at this bank paid back duly,car (new),-431,100 <= <500 DM,1<= < 4 years,4,none,2,real estate,1,none,rent,1,unemployed/ unskilled  - non-resident,1,none,yes,1,divorced/separated,1
0 <= <200 DM,38,existing credits paid back duly till now,radio/television,6994,no savings account,>=7 years,4,none,4,car or other,1,none,own,2,skilled employee / official,1,none,yes,0,divorced/separated,1
no account,25,existing credits paid back duly till now,car (new),4418,<100 DM,4<= <7 years,4,none,2,real estate,1,none,own,3,skilled employee / official,1,none,yes,1,divorced/separated,1
0 <= <200 DM,27,existing credits paid back duly till now,repairs,3607,<100 DM,4<= <7 years,3,none,3,savings agreement/life insurance,1,none,own,2,skilled employee / official,1,none,yes,1,divorced/separated,1
no account,13,all credits at this bank paid back duly,radio/television,-992,<100 DM,>=7 years,5,none,5,car or other,1,none,own,2,skilled employee / official,1,yes,yes,1,divorced/separated,1
0 <= <200 DM,44,delay in paying off,car (new),9044,<100 DM,>=7 years,4,none,3,car or other,1,none,own,2,skilled employee / official,2,yes,yes,1,divorced/separated,0
<0 DM,12,all credits at this bank paid back duly,radio/television,1645,<100 DM,1<= < 4 years,3,none,5,savings agreement/life insurance,1,bank,own,2,unskilled - resident,2,none,no,1,married/widowed,1
no account,7,all credits at this bank paid back duly,car (new),441,<100 DM,<1 years,4,none,4,real estate,1,bank,own,2,skilled employee / official,2,none,yes,1,divorced/separated,1
no account,-7,all credits at this bank paid back duly,car (new),-2816,<100 DM,>=7 years,4,none,4,car or other,1,none,own,2,skilled employee / official,2,none,yes,1,divorced/separated,1
<0 DM,9,existing credits paid back duly till now,domestic appliances,-653,<100 DM,1<= < 4 years,3,none,3,savings agreement/life insurance,1,none,rent,1,unskilled - resident,2,none,yes,1,married/widowed,1
0 <= <200 DM,28,all credits at this bank paid back duly,car (new),2831,<100 DM,>=7 years,3,none,2,real estate,1,none,own,2,skilled employee / official,1,yes,yes,1,divorced/separated,1
no account,20,critical account,car (used),5590,no savings account,1<= < 4 years,3,none,3,car or other,1,none,own,2,skilled employee / official,2,none,yes,1,divorced/separated,1
0 <= <200 DM,14,existing credits paid back duly till now,furniture/equipment,2468,<100 DM,>=7 years,5,none,4,real estate,1,none,rent,2,skilled employee / official,1,yes,yes,1,divorced/separated,1
no account,5,existing credits paid back duly till now,radio/television,-644,<100 DM,>=7 years,5,none,3,real estate,1,none,own,2,skilled employee / official,1,none,yes,1,divorced/separated,1
0 <= <200 DM,24,all credits at this bank paid back duly,car (new),4010,no savings account,>=7 years,5,none,6,real estate,1,bank,rent,1,management/ highly qualified employee,2,none,yes,1,married/widowed,1
0 <= <200 DM,19,critical account,car (new),2546,<100 DM,1<= < 4 years,4,none,3,real estate,1,store,own,2,skilled employee / official,2,none,yes,1,divorced/separated,1
0 <= <200 DM,-3,existing credits paid back duly till now,radio/television,-439,100 <= <500 DM,1<= < 4 years,3,guarantor,1,real estate,1,none,own,2,unskilled - resident,1,none,yes,1,divorced/separated,0
<0 DM,29,existing credits paid back duly till now,car (used),7224,>= 1000 DM,1<= < 4 years,3,none,4,savings agreement/life insurance,1,none,own,1,management/ highly qualified employee,2,none,no,1,divorced/separated,1
<0 DM,37,existing credits paid back duly till now,radio/television,5398,<100 DM,1<= < 4 years,4,none,3,car or other,1,none,own,2,unemployed/ unskilled  - non-resident,1,yes,yes,1,divorced/separated,1
0 <= <200 DM,34,existing credits paid back duly till now,others,7960,100 <= <500 DM,4<= <7 years,4,none,3,real estate,1,none,own,1,skilled employee / official,1,none,yes,1,divorced/separated,0
0 <= <200 DM,37,critical account,radio/television,5364,<100 DM,>=7 years,3,none,4,car or other,1,none,own,2,skilled employee / official,2,none,yes,1,divorced/separated,1
0 <= <200 DM,6,critical account,car (used),626,<100 DM,>=7 years,5,none,6,unknown / no property,1,none,own,4,unskilled - resident,2,none,no,1,divorced/separated,1
0 <= <200 DM,41,existing credits paid back duly till now,car (new),8252,<100 DM,4<= <7 years,3,guarantor,2,real estate,1,none,own,1,skilled employee / official,1,yes,yes,1,divorced/separated,1
0 <= <200 DM,33,existing credits paid back duly till now,furniture/equipment,5668,100 <= <500 DM,4<= <7 years,2,guarantor,4,savings agreement/life insurance,1,none,for free,3,skilled employee / official,2,yes,yes,1,divorced/separated,0
0 <= <200 DM,7,all credits at this bank paid back duly,radio/television,-851,>= 1000 DM,>=7 years,4,none,4,car or other,1,none,rent,3,skilled employee / official,2,none,no,1,married/widowed,1
>= 200 DM ,35,delay in paying off,furniture/equipment,6009,100 <= <500 DM,4<= <7 years,2,none,4,savings agreement/life insurance,1,none,for free,2,unemployed/ unskilled  - non-resident,2,yes,yes,1,divorced/separated,1
<0 DM,20,existing credits paid back duly till now,radio/television,6243,<100 DM,1<= < 4 years,3,none,3,real estate,1,none,own,2,skilled employee / official,1,none,yes,1,divorced/separated,1
0 <= <200 DM,8,all credits at this bank paid back duly,car (used),-1258,<100 DM,1<= < 4 years,5,none,6,unknown / no property,1,none,own,3,unskilled - resident,2,none,yes,1,divorced/separated,1
0 <= <200 DM,42,existing credits paid back duly till now,education,8088,100 <= <500 DM,1<= < 4 years,4,none,4,unknown / no property,1,none,own,3,unemployed/ unskilled  - non-resident,2,none,yes,1,divorced/separated,1
0 <= <200 DM,14,all credits at this bank paid back duly,radio/television,97,no savings account,>=7 years,4,none,4,savings agreement/life insurance,1,none,own,2,skilled employee / official,2,none,no,1,divorced/separated,1
>= 200 DM ,59,no credits taken,car (used),12002,no savings account,4<= <7 years,2,none,6,savings agreement/life insurance,1,none,for free,3,unskilled - resident,2,none,yes,1,divorced/separated,1
0 <= <200 DM,21,critical account,car (used),4920,100 <= <500 DM,>=7 years,3,none,4,real estate,1,store,for free,4,skilled employee / official,2,none,yes,1,divorced/separated,1
<0 DM,17,existing credits paid back duly till now,radio/television,844,<100 DM,1<= < 4 years,5,none,3,real estate,1,none,own,1,unemployed/ unskilled  - non-resident,1,none,yes,1,divorced/separated,1
0 <= <200 DM,23,no credits taken,others,2665,<100 DM,>=7 years,5,none,5,real estate,1,none,for free,3,skilled employee / official,2,none,yes,1,divorced/separated,0
0 <= <200 DM,49,critical account,radio/television,9193,no savings account,>=7 years,3,none,5,car or other,1,none,own,3,unemployed/ unskilled  - non-resident,2,none,yes,1,divorced/separated,1
0 <= <200 DM,15,all credits at this bank paid back duly,furniture/equipment,2519,<100 DM,>=7 years,4,none,6,savings agreement/life insurance,1,none,own,2,skilled employee / official,2,yes,yes,1,divorced/separated,1
0 <= <200 DM,32,all credits at this bank paid back duly,car (new),7451,no savings account,4<= <7 years,3,none,2,savings agreement/life insurance,1,store,for free,2,skilled employee / official,2,yes,yes,1,divorced/separated,1
<0 DM,17,all credits at this bank paid back duly,car (used),593,<100 DM,<1 years,3,none,2,savings agreement/life insurance,1,none,own,1,unskilled - resident,2,none,no,1,married/widowed,1
0 <= <200 DM,23,critical account,car (new),3161,no savings account,>=7 years,4,co-applicant,7,car or other,1,none,own,3,skilled employee / official,2,none,yes,1,divorced/separated,1
0 <= <200 DM,41,existing credits paid back duly till now,repairs,10243,<100 DM,4<= <7 years,3,none,2,real estate,1,none,own,1,management/ highly qualified employee,2,none,yes,1,divorced/separated,1
<0 DM,51,all credits at this bank paid back duly,education,9210,<100 DM,4<= <7 years,3,none,5,savings agreement/life insurance,1,store,own,2,management/ highly qualified employee,2,yes,yes,1,divorced/separated,0
0 <= <200 DM,33,critical account,others,7240,500 <= < 1000 DM,unemployed,3,none,5,real estate,0,none,rent,3,skilled employee / official,2,none,no,1,divorced/separated,1
0 <= <200 DM,19,all credits at this bank paid back duly,car (used),3969,no savings account,>=7 years,4,none,5,savings agreement/life insurance,1,none,own,2,unskilled - resident,2,none,yes,1,divorced/separated,1
<0 DM,2,existing credits paid back duly till now,car (new),464,<100 DM,>=7 years,4,none,2,real estate,1,none,own,2,unemployed/ unskilled  - non-resident,2,yes,yes,1,divorced/separated,1
no account,28,critical account,radio/television,3799,<100 DM,1<= < 4 years,2,none,4,savings agreement/life insurance,1,none,own,3,skilled employee / official,2,none,yes,1,divorced/separated,1
no account,19,existing credits paid back duly till now,car (used),3930,>= 1000 DM,1<= < 4 years,3,none,1,real estate,1,none,own,1,skilled employee / official,2,none,no,1,married/widowed,1
<0 DM,40,critical account,others,6132,<100 DM,>=7 years,3,none,4,car or other,1,none,own,2,management/ highly qualified employee,2,yes,yes,1,divorced/separated,0
0 <= <200 DM,19,all credits at this bank paid back duly,furniture/equipment,3471,>= 1000 DM,1<= < 4 years,4,none,5,real estate,1,none,own,2,skilled employee / official,2,none,yes,1,married/widowed,1
0 <= <200 DM,40,all credits at this bank paid back duly,radio/television,7879,no savings account,4<= <7 years,3,none,3,savings agreement/life insurance,1,none,own,2,unskilled - resident,2,none,yes,1,divorced/separated,1
<0 DM,17,all credits at this bank paid back duly,car (used),3405,>= 1000 DM,>=7 years,4,none,2,real estate,0,none,rent,1,unemployed/ unskilled  - non-resident,2,none,no,1,divorced/separated,1
0 <= <200 DM,16,existing credits paid back duly till now,furniture/equipment,4845,<100 DM,>=7 years,3,co-applicant,3,real estate,1,none,own,3,unskilled - resident,2,none,yes,1,divorced/separated,1
no account,21,existing credits paid back duly till now,radio/television,5044,<100 DM,>=7 years,4,none,3,car or other,1,none,own,3,skilled employee / official,2,none,yes,1,divorced/separated,1
>= 200 DM ,31,all credits at this bank paid back duly,radio/television,3387,100 <= <500 DM,>=7 years,4,none,5,car or other,1,store,rent,1,management/ highly qualified employee,2,yes,yes,0,divorced/separated,1
0 <= <200 DM,19,existing credits paid back duly till now,car (new),2697,100 <= <500 DM,4<= <7 years,2,none,1,savings agreement/life insurance,1,none,own,2,unskilled - resident,2,none,yes,1,divorced/separated,0
no account,33,critical account,furniture/equipment,6697,100 <= <500 DM,4<= <7 years,3,none,4,car or other,1,none,for free,3,skilled employee / official,2,none,yes,1,divorced/separated,1
0 <= <200 DM,10,existing credits paid back duly till now,furniture/equipment,2474,no savings account,>=7 years,3,none,2,savings agreement/life insurance,1,none,own,1,unskilled - resident,2,none,yes,1,divorced/separated,1
0 <= <200 DM,18,all credits at this bank paid back duly,car (new),1358,no savings account,>=7 years,5,none,5,car or other,1,none,own,2,skilled employee / official,2,none,yes,1,divorced/separated,1
no account,-8,existing credits paid back duly till now,radio/television,-3413,<100 DM,1<= < 4 years,5,none,4,real estate,1,none,own,3,skilled employee / official,2,none,yes,1,divorced/separated,1
no account,-15,existing credits paid back duly till now,domestic appliances,-3822,<100 DM,1<= < 4 years,4,none,3,real estate,1,none,own,2,skilled employee / official,1,none,no,1,divorced/separated,1
0 <= <200 DM,-7,existing credits paid back duly till now,furniture/equipment,-943,<100 DM,1<= < 4 years,4,none,3,real estate,1,none,own,2,skilled employee / official,2,none,yes,1,divorced/separated,1
no account,16,all credits at this bank paid back duly,car (used),1756,<100 DM,>=7 years,4,none,3,real estate,1,none,own,2,skilled employee / official,2,none,yes,1,divorced/separated,1
no account,-3,existing credits paid back duly till now,radio/television,-1294,<100 DM,1<= < 4 years,3,none,2,real estate,1,none,own,3,skilled employee / official,2,none,yes,1,divorced/separated,1
0 <= <200 DM,8,existing credits paid back duly till now,car (new),3790,<100 DM,4<= <7 years,4,none,1,real estate,1,none,own,1,skilled employee / official,1,none,no,1,divorced/separated,1
>= 200 DM ,34,critical account,business,3183,100 <= <500 DM,<1 years,4,guarantor,6,unknown / no property,1,store,for free,2,management/ highly qualified employee,2,yes,yes,0,divorced/separated,0
no account,17,all credits at this bank paid back duly,car (new),3175,<100 DM,>=7 years,3,guarantor,3,real estate,1,none,own,2,skilled employee / official,2,none,yes,1,divorced/separated,1
<0 DM,24,existing credits paid back duly till now,business,2416,100 <= <500 DM,1<= < 4 years,4,none,1,real estate,0,store,own,1,management/ highly qualified employee,1,none,yes,1,divorced/separated,0
0 <= <200 DM,20,existing credits paid back duly till now,radio/television,2538,<100 DM,>=7 years,5,none,2,unknown / no property,1,none,own,2,unskilled - resident,2,none,yes,1,divorced/separated,0
0 <= <200 DM,14,existing credits paid back duly till now,others,1533,no savings account,<1 years,4,none,5,savings agreement/life insurance,1,none,rent,0,management/ highly qualified employee,1,none,yes,1,divorced/separated,1
0 <= <200 DM,16,existing credits paid back duly till now,furniture/equipment,4120,<100 DM,1<= < 4 years,2,guarantor,1,savings agreement/life insurance,1,none,own,2,unskilled - resident,2,none,yes,1,divorced/separated,1
0 <= <200 DM,12,existing credits paid back duly till now,radio/television,-420,<100 DM,>=7 years,5,none,4,car or other,1,none,own,2,skilled employee / official,1,none,yes,1,divorced/separated,1
0 <= <200 DM,14,critical account,car (new),3997,100 <= <500 DM,4<= <7 years,3,co-applicant,3,real estate,1,store,rent,2,skilled employee / official,1,yes,yes,1,divorced/separated,0
0 <= <200 DM,18,existing credits paid back duly till now,others,2277,<100 DM,<1 years,4,none,3,savings agreement/life insurance,1,none,own,0,unemployed/ unskilled  - non-resident,1,yes,yes,1,divorced/separated,0
<0 DM,25,existing credits paid back duly till now,radio/television,3333,<100 DM,1<= < 4 years,4,none,3,savings agreement/life insurance,1,none,own,2,unskilled - resident,1,none,yes,1,divorced/separated,0
no account,15,critical account,furniture/equipment,1774,<100 DM,1<= < 4 years,5,none,6,car or other,1,none,own,2,skilled employee / official,1,yes,yes,1,divorced/separated,1
0 <= <200 DM,28,existing credits paid back duly till now,furniture/equipment,6392,<100 DM,4<= <7 years,4,none,4,real estate,1,none,own,1,skilled employee / official,1,none,yes,1,divorced/separated,0
0 <= <200 DM,49,critical account,car (new),7794,<100 DM,>=7 years,4,none,5,car or other,1,bank,own,2,unemployed/ unskilled  - non-resident,2,yes,yes,1,divorced/separated,1
0 <= <200 DM,44,existing credits paid back duly till now,car (new),9379,<100 DM,4<= <7 years,3,none,1,real estate,1,none,own,2,skilled employee / official,1,yes,yes,1,divorced/separated,1
no account,37,critical account,furniture/equipment,5931,100 <= <500 DM,<1 years,3,guarantor,3,real estate,1,store,rent,2,unemployed/ unskilled  - non-resident,2,yes,yes,1,divorced/separated,0
<0 DM,8,existing credits paid back duly till now,car (used),2678,<100 DM,1<= < 4 years,2,none,2,real estate,1,none,own,2,skilled employee / official,1,none,no,1,divorced/separated,1
0 <= <200 DM,23,all credits at this bank paid back duly,car (new),3755,<100 DM,<1 years,3,none,4,savings agreement/life insurance,1,none,own,2,skilled employee / official,2,none,yes,1,divorced/separated,1
0 <= <200 DM,28,critical account,radio/television,4526,<100 DM,1<= < 4 years,5,none,5,real estate,1,none,own,2,skilled employee / official,1,none,yes,1,divorced/separated,1
0 <= <200 DM,19,no credits taken,education,4092,<100 DM,>=7 years,3,none,4,savings agreement/life insurance,1,none,own,3,unskilled - resident,2,none,no,1,married/widowed,1
0 <= <200 DM,0,existing credits paid back duly till now,furniture/equipment,-498,<100 DM,1<= < 4 years,3,none,2,real estate,1,none,own,1,skilled employee / official,1,none,no,1,divorced/separated,0
no account,16,all credits at this bank paid back duly,repairs,817,<100 DM,1<= < 4 years,3,none,3,unknown / no property,1,store,own,2,unemployed/ unskilled  - non-resident,1,none,yes,1,married/widowed,0
0 <= <200 DM,36,existing credits paid back duly till now,car (new),6040,100 <= <500 DM,4<= <7 years,1,none,0,savings agreement/life insurance,1,store,for free,1,skilled employee / official,2,yes,yes,1,divorced/separated,1
>= 200 DM ,28,critical account,furniture/equipment,5579,100 <= <500 DM,unemployed,3,none,4,real estate,1,none,rent,3,unemployed/ unskilled  - non-resident,2,yes,yes,1,married/widowed,1
>= 200 DM ,36,all credits at this bank paid back duly,car (used),8657,<100 DM,1<= < 4 years,2,guarantor,1,real estate,1,none,own,1,management/ highly qualified employee,2,none,yes,1,married/widowed,1
<0 DM,38,existing credits paid back duly till now,radio/television,7106,>= 1000 DM,4<= <7 years,4,none,4,car or other,1,none,own,1,management/ highly qualified employee,2,none,yes,1,divorced/separated,1
no account,22,existing credits paid back duly till now,radio/television,3178,<100 DM,>=7 years,3,none,3,car or other,1,none,own,2,skilled employee / official,2,none,yes,1,divorced/separated,1
0 <= <200 DM,44,no credits taken,car (new),7078,<100 DM,4<= <7 years,3,none,3,savings agreement/life insurance,1,none,for free,2,unskilled - resident,2,none,yes,1,divorced/separated,1
<0 DM,30,all credits at this bank paid back duly,car (new),5373,>= 1000 DM,>=7 years,3,none,2,real estate,1,store,own,1,unemployed/ unskilled  - non-resident,2,none,yes,1,divorced/separated,1
no account,10,existing credits paid back duly till now,radio/television,-579,<100 DM,1<= < 4 years,4,none,0,real estate,1,none,own,0,skilled employee / official,1,none,yes,1,divorced/separated,1
no account,17,delay in paying off,car (new),606,no savings account,>=7 years,4,none,3,real estate,1,none,rent,2,skilled employee / official,2,yes,yes,1,divorced/separated,0
<0 DM,48,all credits at this bank paid back duly,radio/television,5682,<100 DM,1<= < 4 years,4,none,4,unknown / no property,1,none,own,2,unskilled - resident,2,yes,yes,1,divorced/separated,1
no account,25,existing credits paid back duly till now,radio/television,3979,<100 DM,>=7 years,4,none,2,unknown / no property,1,none,own,2,skilled employee / official,1,none,yes,1,divorced/separated,1
0 <= <200 DM,11,existing credits paid back duly till now,car (new),-61,<100 DM,1<= < 4 years,3,none,1,real estate,1,store,own,1,skilled employee / official,1,none,yes,1,divorced/separated,1
<0 DM,3,all credits at this bank paid back duly,radio/television,-2542,<100 DM,1<= < 4 years,5,none,3,real estate,1,none,own,2,unemployed/ unskilled  - non-resident,1,none,yes,1,divorced/separated,1
0 <= <200 DM,8,existing credits paid back duly till now,car (new),54,<100 DM,>=7 years,4,none,3,real estate,1,none,own,3,skilled employee / official,1,none,yes,1,divorced/separated,1
<0 DM,7,existing credits paid back duly till now,car (new),677,<100 DM,1<= < 4 years,4,none,1,real estate,1,store,rent,1,management/ highly qualified employee,1,none,yes,1,divorced/separated,0
0 <= <200 DM,29,all credits at this bank paid back duly,car (used),5405,no savings account,>=7 years,3,none,3,unknown / no property,1,none,own,2,management/ highly qualified employee,2,none,yes,1,divorced/separated,1
<0 DM,21,existing credits paid back duly till now,furniture/equipment,4356,<100 DM,1<= < 4 years,3,none,2,savings agreement/life insurance,1,none,own,1,unemployed/ unskilled  - non-resident,2,none,no,1,divorced/separated,1
0 <= <200 DM,18,existing credits paid back duly till now,car (new),3639,<100 DM,>=7 years,3,none,0,real estate,1,none,own,3,skilled employee / official,1,none,yes,1,divorced/separated,0
0 <= <200 DM,28,critical account,furniture/equipment,6117,<100 DM,>=7 years,3,guarantor,4,real estate,1,store,own,3,skilled employee / official,2,none,yes,1,divorced/separated,1
<0 DM,29,all credits at this bank paid back duly,furniture/equipment,7484,>= 1000 DM,1<= < 4 years,4,none,4,real estate,1,none,own,1,unemployed/ unskilled  - non-resident,1,none,yes,1,divorced/separated,1
0 <= <200 DM,27,critical account,car (new),5964,no savings account,1<= < 4 years,4,none,4,real estate,1,store,own,2,skilled employee / official,1,none,yes,1,divorced/separated,1
no account,-5,critical account,car (new),-3743,<100 DM,1<= < 4 years,5,none,5,real estate,1,bank,own,3,skilled employee / official,2,yes,yes,1,divorced/separated,1
0 <= <200 DM,29,existing credits paid back duly till now,others,9212,<100 DM,4<= <7 years,4,none,5,savings agreement/life insurance,1,none,own,1,skilled employee / official,2,none,yes,1,divorced/separated,1
0 <= <200 DM,27,existing credits paid back duly till now,radio/television,2769,100 <= <500 DM,4<= <7 years,5,none,4,car or other,1,none,own,0,skilled employee / official,1,none,yes,1,divorced/separated,1
no account,24,existing credits paid back duly till now,furniture/equipment,5829,<100 DM,4<= <7 years,3,none,3,savings agreement/life insurance,1,none,own,2,skilled employee / official,2,none,yes,1,divorced/separated,1
<0 DM,35,all credits at this bank paid back duly,others,6495,no savings account,>=7 years,4,none,5,real estate,1,none,for free,2,unemployed/ unskilled  - non-resident,2,none,yes,1,divorced/separated,1
0 <= <200 DM,25,existing credits paid back duly till now,others,4791,100 <= <500 DM,<1 years,3,none,2,savings agreement/life insurance,1,none,own,1,unskilled - resident,2,none,no,1,divorced/separated,1
0 <= <200 DM,17,existing credits paid back duly till now,furniture/equipment,4626,<100 DM,1<= < 4 years,2,none,1,real estate,1,store,own,1,unskilled - resident,2,none,yes,1,divorced/separated,1
>= 200 DM ,19,existing credits paid back duly till now,others,2256,100 <= <500 DM,1<= < 4 years,4,none,3,savings agreement/life insurance,1,none,rent,1,unskilled - resident,1,none,yes,1,divorced/separated,0
0 <= <200 DM,30,existing credits paid back duly till now,radio/television,5578,<100 DM,4<= <7 years,2,none,1,real estate,1,none,own,2,skilled employee / official,1,none,yes,1,divorced/separated,1
<0 DM,20,existing credits paid back duly till now,radio/television,301,<100 DM,1<= < 4 years,4,none,2,savings agreement/life insurance,1,none,own,1,management/ highly qualified employee,1,yes,yes,1,divorced/separated,0
no account,26,all credits at this bank paid back duly,car (used),3504,<100 DM,>=7 years,2,none,3,savings agreement/life insurance,1,none,own,2,unskilled - resident,2,none,yes,1,divorced/separated,1
no account,9,all credits at this bank paid back duly,radio/television,402,<100 DM,1<= < 4 years,5,none,4,car or other,1,none,own,2,skilled employee / official,1,none,yes,1,divorced/separated,1
0 <= <200 DM,23,all credits at this bank paid back duly,radio/television,2622,<100 DM,>=7 years,3,none,4,savings agreement/life insurance,1,none,own,3,unskilled - resident,2,none,yes,1,divorced/separated,0
no account,6,all credits at this bank paid back duly,car (used),-140,no savings account,>=7 years,4,none,5,car or other,1,none,own,2,skilled employee / official,2,none,yes,1,divorced/separated,1
no account,13,all credits at this bank paid back duly,car (used),738,<100 DM,1<= < 4 years,5,none,5,real estate,1,none,own,2,unemployed/ unskilled  - non-resident,2,none,yes,1,divorced/separated,1
no account,14,existing credits paid back duly till now,furniture/equipment,2187,<100 DM,>=7 years,4,none,3,real estate,1,none,own,2,skilled employee / official,2,yes,yes,1,divorced/separated,1
<0 DM,15,all credits at this bank paid back duly,radio/television,1419,<100 DM,1<= < 4 years,2,none,2,savings agreement/life insurance,1,store,own,1,unskilled - resident,1,none,yes,1,divorced/separated,1
0 <= <200 DM,38,all credits at this bank paid back duly,car (new),7647,100 <= <500 DM,4<= <7 years,3,none,2,real estate,1,store,own,1,skilled employee / official,1,none,yes,1,divorced/separated,0
0 <= <200 DM,16,all credits at this bank paid back duly,car (new),1696,<100 DM,>=7 years,4,none,5,savings agreement/life insurance,1,bank,own,2,management/ highly qualified employee,2,yes,yes,1,married/widowed,1
0 <= <200 DM,34,critical account,car (used),5621,100 <= <500 DM,1<= < 4 years,3,none,4,unknown / no property,1,none,for free,2,skilled employee / official,2,none,yes,1,divorced/separated,1
0 <= <200 DM,18,critical account,car (used),2048,<100 DM,>=7 years,4,none,7,unknown / no property,1,none,own,3,skilled employee / official,2,none,yes,1,divorced/separated,1
0 <= <200 DM,22,all credits at this bank paid back duly,radio/television,6399,>= 1000 DM,1<= < 4 years,4,none,5,car or other,1,none,rent,2,skilled employee / official,1,none,yes,1,married/widowed,1
0 <= <200 DM,4,existing credits paid back duly till now,others,347,<100 DM,>=7 years,5,co-applicant,7,savings agreement/life insurance,1,none,own,3,skilled employee / official,2,none,yes,1,divorced/separated,1
>= 200 DM ,23,existing credits paid back duly till now,domestic appliances,4207,<100 DM,4<= <7 years,3,co-applicant,3,real estate,1,store,own,2,skilled employee / official,1,none,yes,1,married/widowed,1
no account,31,all credits at this bank paid back duly,radio/television,6178,>= 1000 DM,>=7 years,5,none,4,car or other,1,store,own,2,skilled employee / official,1,yes,yes,1,divorced/separated,1
>= 200 DM ,20,all credits at this bank paid back duly,radio/television,1342,100 <= <500 DM,>=7 years,4,none,3,savings agreement/life insurance,1,store,rent,1,unemployed/ unskilled  - non-resident,2,none,yes,1,divorced/separated,1
0 <= <200 DM,51,existing credits paid back duly till now,furniture/equipment,11001,<100 DM,4<= <7 years,2,none,3,car or other,1,none,own,2,skilled employee / official,1,yes,yes,1,divorced/separated,1
<0 DM,34,existing credits paid back duly till now,furniture/equipment,6036,<100 DM,>=7 years,4,none,4,unknown / no property,1,none,for free,2,unemployed/ unskilled  - non-resident,2,yes,yes,1,divorced/separated,0
0 <= <200 DM,15,critical account,car (new),3103,<100 DM,4<= <7 years,4,guarantor,4,real estate,1,none,own,3,skilled employee / official,1,none,yes,1,divorced/separated,1
0 <= <200 DM,30,existing credits paid back duly till now,radio/television,6075,<100 DM,4<= <7 years,3,none,5,car or other,1,none,own,2,skilled employee / official,2,none,yes,1,divorced/separated,1
0 <= <200 DM,12,no credits taken,car (used),716,<100 DM,4<= <7 years,5,guarantor,3,real estate,0,none,own,2,skilled employee / official,1,none,yes,1,divorced/separated,1
0 <= <200 DM,56,all credits at this bank paid back duly,radio/television,10741,100 <= <500 DM,4<= <7 years,2,none,2,unknown / no property,1,none,for free,1,skilled employee / official,2,yes,yes,1,divorced/separated,0
<0 DM,1,existing credits paid back duly till now,furniture/equipment,-901,<100 DM,1<= < 4 years,3,guarantor,2,real estate,1,none,own,1,unskilled - resident,1,none,yes,1,divorced/separated,1
0 <= <200 DM,31,all credits at this bank paid back duly,car (new),7477,no savings account,4<= <7 years,3,none,2,savings agreement/life insurance,1,none,own,2,unskilled - resident,2,none,no,1,divorced/separated,1
0 <= <200 DM,25,all credits at this bank paid back duly,car (new),5182,no savings account,4<= <7 years,3,none,2,car or other,1,none,own,2,unskilled - resident,2,yes,yes,1,divorced/separated,1
0 <= <200 DM,23,existing credits paid back duly till now,radio/television,3691,<100 DM,1<= < 4 years,4,none,3,car or other,1,none,own,1,skilled employee / official,2,none,yes,1,divorced/separated,1
<0 DM,13,critical account,car (used),-11,<100 DM,1<= < 4 years,4,none,4,real estate,1,none,own,3,unemployed/ unskilled  - non-resident,2,none,no,0,divorced/separated,1
0 <= <200 DM,22,existing credits paid back duly till now,car (used),4804,no savings account,>=7 years,5,co-applicant,5,car or other,1,none,own,3,unemployed/ unskilled  - non-resident,2,none,yes,1,divorced/separated,1
0 <= <200 DM,37,critical account,radio/television,5151,<100 DM,4<= <7 years,3,none,3,car or other,1,none,own,1,skilled employee / official,1,none,yes,1,divorced/separated,0
<0 DM,36,existing credits paid back duly till now,education,3078,<100 DM,4<= <7 years,4,none,3,savings agreement/life insurance,1,none,own,1,management/ highly qualified employee,1,yes,yes,1,divorced/separated,0
0 <= <200 DM,36,critical account,car (new),6117,<100 DM,1<= < 4 years,3,none,3,real estate,1,none,own,3,skilled employee / official,1,yes,yes,1,divorced/separated,1
no account,16,critical account,car (used),1340,<100 DM,>=7 years,4,none,5,real estate,1,none,own,4,skilled employee / official,2,yes,yes,1,married/widowed,1
0 <= <200 DM,17,critical account,car (used),840,no savings account,>=7 years,5,none,6,car or other,1,none,own,3,skilled employee / official,2,none,yes,1,divorced/separated,1
0 <= <200 DM,45,critical account,car (new),8665,100 <= <500 DM,4<= <7 years,4,none,5,car or other,1,none,own,2,skilled employee / official,1,yes,yes,1,divorced/separated,0
no account,2,existing credits paid back duly till now,radio/television,-573,<100 DM,1<= < 4 years,3,none,1,savings agreement/life insurance,1,none,own,1,unskilled - resident,2,none,yes,1,divorced/separated,1
no account,5,existing credits paid back duly till now,domestic appliances,327,100 <= <500 DM,<1 years,4,none,3,car or other,0,bank,rent,2,unemployed/ unskilled  - non-resident,1,none,yes,0,divorced/separated,0
no account,6,critical account,car (used),691,no savings account,4<= <7 years,4,none,5,real estate,1,none,own,3,skilled employee / official,2,none,yes,1,divorced/separated,1
<0 DM,19,existing credits paid back duly till now,car (used),4113,<100 DM,1<= < 4 years,2,none,2,car or other,1,none,own,1,management/ highly qualified employee,2,none,yes,1,divorced/separated,1
0 <= <200 DM,70,all credits at this bank paid back duly,others,12056,100 <= <500 DM,4<= <7 years,2,none,3,savings agreement/life insurance,1,none,own,1,unskilled - resident,2,yes,yes,1,divorced/separated,0
0 <= <200 DM,20,existing credits paid back duly till now,furniture/equipment,3959,<100 DM,4<= <7 years,4,none,2,real estate,1,none,own,3,skilled employee / official,2,none,yes,1,divorced/separated,1
<0 DM,21,existing credits paid back duly till now,education,3550,<100 DM,1<= < 4 years,2,none,2,savings agreement/life insurance,1,none,own,1,skilled employee / official,2,none,yes,1,divorced/separated,1
0 <= <200 DM,36,critical account,car (new),5987,<100 DM,1<= < 4 years,4,none,3,car or other,1,none,own,2,skilled employee / official,2,yes,yes,1,divorced/separated,1
<0 DM,43,all credits at this bank paid back duly,car (new),7022,<100 DM,1<= < 4 years,2,none,4,car or other,1,bank,own,1,management/ highly qualified employee,2,yes,yes,1,divorced/separated,1
0 <= <200 DM,34,existing credits paid back duly till now,car (used),5749,100 <= <500 DM,4<= <7 years,3,none,3,savings agreement/life insurance,1,store,rent,1,management/ highly qualified employee,2,yes,yes,1,divorced/separated,1
>= 200 DM ,21,all credits at this bank paid back duly,car (new),2318,no savings account,>=7 years,3,none,3,savings agreement/life insurance,1,store,own,2,unskilled - resident,2,none,yes,1,divorced/separated,1
<0 DM,16,existing credits paid back duly till now,education,1882,<100 DM,>=7 years,3,none,3,savings agreement/life insurance,1,bank,own,1,management/ highly qualified employee,2,none,yes,1,divorced/separated,0
0 <= <200 DM,19,existing credits paid back duly till now,others,2460,no savings account,>=7 years,5,none,5,real estate,1,none,own,2,skilled employee / official,2,none,yes,1,divorced/separated,1
<0 DM,54,all credits at this bank paid back duly,domestic appliances,11179,>= 1000 DM,4<= <7 years,3,none,3,car or other,0,none,own,1,management/ highly qualified employee,2,none,yes,1,divorced/separated,1
0 <= <200 DM,12,existing credits paid back duly till now,car (new),797,<100 DM,>=7 years,5,none,4,real estate,1,none,for free,2,skilled employee / official,2,none,yes,1,divorced/separated,1
0 <= <200 DM,42,critical account,car (new),6232,no savings account,>=7 years,4,none,5,unknown / no property,1,store,for free,3,skilled employee / official,2,yes,yes,1,divorced/separated,0
0 <= <200 DM,5,critical account,radio/television,-959,<100 DM,>=7 years,6,none,3,real estate,1,none,own,3,skilled employee / official,2,none,yes,1,divorced/separated,1
no account,24,existing credits paid back duly till now,radio/television,1464,<100 DM,1<= < 4 years,4,none,3,unknown / no property,1,none,own,1,skilled employee / official,1,none,yes,1,divorced/separated,1
<0 DM,23,existing credits paid back duly till now,others,3671,<100 DM,4<= <7 years,4,none,2,savings agreement/life insurance,1,none,own,1,unemployed/ unskilled  - non-resident,2,none,yes,1,divorced/separated,1
0 <= <200 DM,8,critical account,car (used),424,no savings account,>=7 years,4,none,4,real estate,1,none,own,3,skilled employee / official,2,none,no,1,divorced/separated,1
0 <= <200 DM,19,existing credits paid back duly till now,furniture/equipment,5021,>= 1000 DM,1<= < 4 years,4,none,3,car or other,1,none,own,1,skilled employee / official,1,none,yes,1,divorced/separated,1
0 <= <200 DM,18,existing credits paid back duly till now,furniture/equipment,1172,<100 DM,4<= <7 years,5,none,4,car or other,1,none,own,1,skilled employee / official,1,none,yes,1,divorced/separated,1
no account,26,existing credits paid back duly till now,car (new),3414,<100 DM,4<= <7 years,4,none,2,car or other,1,none,own,1,skilled employee / official,1,yes,yes,1,divorced/separated,1
no account,12,existing credits paid back duly till now,car (new),1562,no savings account,>=7 years,4,none,3,real estate,1,none,own,3,skilled employee / official,2,none,yes,1,divorced/separated,1
no account,24,existing credits paid back duly till now,furniture/equipment,2765,<100 DM,1<= < 4 years,3,none,3,savings agreement/life insurance,1,none,own,2,skilled employee / official,2,yes,yes,1,divorced/separated,1
0 <= <200 DM,28,existing credits paid back duly till now,car (new),5671,<100 DM,4<= <7 years,3,none,3,real estate,1,none,own,1,skilled employee / official,2,none,yes,1,divorced/separated,1
<0 DM,26,existing credits paid back duly till now,furniture/equipment,2794,<100 DM,4<= <7 years,3,guarantor,3,real estate,1,none,own,3,unemployed/ unskilled  - non-resident,2,yes,yes,1,divorced/separated,1
0 <= <200 DM,-1,existing credits paid back duly till now,others,-1834,<100 DM,<1 years,5,none,5,real estate,1,none,own,3,skilled employee / official,2,none,yes,1,married/widowed,1
no account,25,existing credits paid back duly till now,radio/television,4529,<100 DM,4<= <7 years,3,none,1,car or other,1,none,own,2,skilled employee / official,1,none,yes,1,divorced/separated,1
0 <= <200 DM,10,critical account,car (new),2330,<100 DM,>=7 years,4,co-applicant,4,real estate,1,none,own,3,skilled employee / official,2,none,yes,1,divorced/separated,1
0 <= <200 DM,46,existing credits paid back duly till now,furniture/equipment,7648,<100 DM,4<= <7 years,2,none,3,savings agreement/life insurance,1,none,own,2,skilled employee / official,2,none,yes,1,divorced/separated,1
<0 DM,15,existing credits paid back duly till now,car (new),3066,<100 DM,1<= < 4 years,3,none,2,car or other,1,none,own,2,unemployed/ unskilled  - non-resident,1,yes,yes,1,divorced/separated,0
<0 DM,40,existing credits paid back duly till now,radio/television,8878,<100 DM,>=7 years,5,none,3,car or other,1,none,own,2,unemployed/ unskilled  - non-resident,1,none,yes,1,divorced/separated,1
no account,11,existing credits paid back duly till now,car (new),769,<100 DM,1<= < 4 years,4,none,3,car or other,1,none,own,3,skilled employee / official,2,none,yes,1,divorced/separated,1
0 <= <200 DM,-7,critical account,car (new),-4378,no savings account,>=7 years,5,co-applicant,3,real estate,1,none,own,3,skilled employee / official,1,yes,yes,1,divorced/separated,0
no account,9,critical account,car (used),-1359,>= 1000 DM,>=7 years,5,none,7,car or other,1,bank,own,3,skilled employee / official,2,none,yes,1,divorced/separated,1
0 <= <200 DM,68,critical account,car (used),13270,<100 DM,>=7 years,4,none,5,car or other,1,none,own,3,skilled employee / official,2,yes,yes,1,divorced/separated,1
0 <= <200 DM,6,existing credits paid back duly till now,car (new),-1349,<100 DM,>=7 years,4,none,1,real estate,1,none,own,3,skilled employee / official,1,none,yes,1,divorced/separated,1
no account,17,critical account,domestic appliances,1434,<100 DM,1<= < 4 years,3,none,4,savings agreement/life insurance,1,none,own,2,unskilled - resident,2,none,yes,1,divorced/separated,1
0 <= <200 DM,30,existing credits paid back duly till now,car (new),5289,100 <= <500 DM,4<= <7 years,4,none,2,real estate,1,none,for free,2,skilled employee / official,1,yes,yes,1,divorced/separated,1
<0 DM,4,existing credits paid back duly till now,furniture/equipment,-2610,<100 DM,1<= < 4 years,5,none,2,real estate,1,none,own,3,skilled employee / official,1,none,yes,1,divorced/separated,1
0 <= <200 DM,11,critical account,car (used),2299,no savings account,>=7 years,4,co-applicant,4,real estate,1,none,own,3,skilled employee / official,2,none,yes,1,married/widowed,1
0 <= <200 DM,23,critical account,radio/television,261,<100 DM,1<= < 4 years,5,none,8,unknown / no property,1,bank,own,3,skilled employee / official,1,none,yes,1,divorced/separated,1
<0 DM,8,existing credits paid back duly till now,car (used),1055,<100 DM,1<= < 4 years,4,none,4,real estate,1,none,own,2,skilled employee / official,1,none,no,1,divorced/separated,1
no account,-10,existing credits paid back duly till now,radio/television,-2455,<100 DM,4<= <7 years,3,none,3,savings agreement/life insurance,1,none,own,1,skilled employee / official,1,none,no,1,divorced/separated,1
0 <= <200 DM,-3,existing credits paid back duly till now,car (new),-3675,<100 DM,1<= < 4 years,5,guarantor,2,real estate,1,none,own,2,skilled employee / official,1,none,yes,1,divorced/separated,1
<0 DM,30,existing credits paid back duly till now,radio/television,6673,<100 DM,1<= < 4 years,3,none,1,real estate,1,none,own,1,skilled employee / official,1,none,yes,1,divorced/separated,1
<0 DM,9,all credits at this bank paid back duly,radio/television,-1746,<100 DM,1<= < 4 years,4,none,3,real estate,1,bank,for free,1,unskilled - resident,2,none,yes,1,married/widowed,0
0 <= <200 DM,38,all credits at this bank paid back duly,radio/television,6121,<100 DM,>=7 years,4,none,5,car or other,1,none,own,2,management/ highly qualified employee,1,yes,yes,1,divorced/separated,1
<0 DM,27,existing credits paid back duly till now,radio/television,324,<100 DM,1<= < 4 years,5,none,3,real estate,1,none,own,1,skilled employee / official,1,yes,yes,1,divorced/separated,1
no account,21,existing credits paid back duly till now,car (new),3270,<100 DM,>=7 years,3,guarantor,1,real estate,1,store,own,2,skilled employee / official,1,none,yes,1,divorced/separated,1
0 <= <200 DM,23,existing credits paid back duly till now,radio/television,1635,<100 DM,1<= < 4 years,4,none,3,real estate,1,none,rent,1,skilled employee / official,1,yes,yes,1,divorced/separated,1
0 <= <200 DM,23,existing credits paid back duly till now,car (new),3337,<100 DM,4<= <7 years,5,none,3,real estate,1,none,own,2,skilled employee / official,2,none,yes,1,divorced/separated,1
0 <= <200 DM,8,existing credits paid back duly till now,car (new),-1287,<100 DM,1<= < 4 years,3,none,3,real estate,1,store,own,2,skilled employee / official,1,yes,yes,1,divorced/separated,1
0 <= <200 DM,19,existing credits paid back duly till now,radio/television,1382,<100 DM,>=7 years,5,none,5,car or other,0,bank,own,1,management/ highly qualified employee,1,yes,yes,1,divorced/separated,1
<0 DM,36,existing credits paid back duly till now,education,6212,<100 DM,<1 years,2,none,3,savings agreement/life insurance,1,bank,for free,1,management/ highly qualified employee,2,yes,yes,1,divorced/separated,0
no account,-1,all credits at this bank paid back duly,domestic appliances,-4893,<100 DM,1<= < 4 years,5,none,4,savings agreement/life insurance,1,none,own,2,skilled employee / official,2,none,yes,1,divorced/separated,1
0 <= <200 DM,47,critical account,car (new),8928,<100 DM,1<= < 4 years,4,none,5,unknown / no property,1,none,own,3,skilled employee / official,2,none,yes,1,divorced/separated,1
0 <= <200 DM,20,all credits at this bank paid back duly,car (new),912,<100 DM,1<= < 4 years,3,none,2,real estate,1,store,own,1,skilled employee / official,1,yes,yes,1,divorced/separated,1
no account,27,critical account,car (used),2761,<100 DM,1<= < 4 years,4,none,6,car or other,1,none,own,3,unemployed/ unskilled  - non-resident,1,none,yes,1,divorced/separated,1
0 <= <200 DM,49,delay in paying off,car (new),8775,<100 DM,4<= <7 years,2,none,1,savings agreement/life insurance,1,none,own,2,unskilled - resident,2,none,yes,1,divorced/separated,0
0 <= <200 DM,23,critical account,domestic appliances,1789,<100 DM,>=7 years,4,co-applicant,4,savings agreement/life insurance,1,bank,own,3,unskilled - resident,2,yes,yes,1,married/widowed,0
0 <= <200 DM,11,critical account,car (new),-1325,<100 DM,>=7 years,4,none,4,real estate,1,bank,own,3,skilled employee / official,2,yes,yes,1,divorced/separated,1
0 <= <200 DM,8,existing credits paid back duly till now,radio/television,1371,<100 DM,1<= < 4 years,4,none,1,real estate,1,none,own,1,skilled employee / official,1,none,yes,1,divorced/separated,1
<0 DM,7,all credits at this bank paid back duly,education,-561,<100 DM,1<= < 4 years,4,none,5,unknown / no property,1,bank,own,1,management/ highly qualified employee,2,none,yes,1,married/widowed,1
0 <= <200 DM,-2,existing credits paid back duly till now,radio/television,-2086,<100 DM,1<= < 4 years,5,none,5,car or other,1,none,own,2,skilled employee / official,2,yes,yes,1,divorced/separated,1
<0 DM,29,existing credits paid back duly till now,radio/television,4309,<100 DM,1<= < 4 years,6,co-applicant,6,real estate,1,none,own,2,unemployed/ unskilled  - non-resident,2,none,yes,1,divorced/separated,1
0 <= <200 DM,47,existing credits paid back duly till now,radio/television,7233,<100 DM,>=7 years,4,none,3,car or other,1,none,own,1,skilled employee / official,1,yes,yes,1,divorced/separated,1
0 <= <200 DM,1,existing credits paid back duly till now,radio/television,-1523,<100 DM,4<= <7 years,5,none,3,real estate,1,none,own,2,skilled employee / official,1,none,yes,1,divorced/separated,1
no account,30,critical account,car (used),5945,<100 DM,4<= <7 years,2,none,5,savings agreement/life insurance,1,none,own,3,skilled employee / official,2,none,yes,1,divorced/separated,1
<0 DM,9,critical account,car (new),46,<100 DM,>=7 years,4,none,4,savings agreement/life insurance,1,none,own,3,unemployed/ unskilled  - non-resident,2,yes,yes,1,divorced/separated,1
0 <= <200 DM,19,existing credits paid back duly till now,car (new),1730,<100 DM,1<= < 4 years,3,none,2,real estate,1,none,own,2,skilled employee / official,2,yes,yes,1,divorced/separated,1
0 <= <200 DM,12,existing credits paid back duly till now,radio/television,1423,<100 DM,1<= < 4 years,3,none,4,unknown / no property,1,none,own,2,skilled employee / official,2,none,yes,1,divorced/separated,1
0 <= <200 DM,16,existing credits paid back duly till now,radio/television,-476,<100 DM,1<= < 4 years,4,none,2,savings agreement/life insurance,1,none,own,0,skilled employee / official,1,none,yes,1,divorced/separated,1
0 <= <200 DM,31,existing credits paid back duly till now,car (used),2161,100 <= <500 DM,1<= < 4 years,4,none,3,savings agreement/life insurance,1,none,own,1,unskilled - resident,1,none,yes,1,divorced/separated,1
0 <= <200 DM,38,existing credits paid back duly till now,car (used),6858,no savings account,4<= <7 years,4,none,4,savings agreement/life insurance,1,none,own,2,skilled employee / official,2,none,yes,1,divorced/separated,1
0 <= <200 DM,25,existing credits paid back duly till now,furniture/equipment,3139,100 <= <500 DM,4<= <7 years,2,co-applicant,2,savings agreement/life insurance,1,none,rent,1,unskilled - resident,1,none,no,1,divorced/separated,0
0 <= <200 DM,9,existing credits paid back duly till now,car (new),491,no savings account,>=7 years,4,co-applicant,4,car or other,1,none,own,3,skilled employee / official,2,none,yes,1,divorced/separated,1
<0 DM,20,all credits at this bank paid back duly,radio/television,3797,<100 DM,>=7 years,3,none,2,real estate,1,none,own,2,management/ highly qualified employee,2,none,no,1,married/widowed,1
0 <= <200 DM,28,all credits at this bank paid back duly,furniture/equipment,5643,100 <= <500 DM,4<= <7 years,3,none,4,savings agreement/life insurance,1,store,rent,1,unemployed/ unskilled  - non-resident,2,none,yes,1,divorced/separated,1
0 <= <200 DM,6,all credits at this bank paid back duly,domestic appliances,68,<100 DM,<1 years,5,none,4,real estate,1,store,rent,2,skilled employee / official,1,yes,yes,1,divorced/separated,1
0 <= <200 DM,51,all credits at this bank paid back duly,car (new),7020,no savings account,>=7 years,5,none,3,real estate,1,store,for free,1,skilled employee / official,2,yes,yes,1,divorced/separated,1
0 <= <200 DM,28,existing credits paid back duly till now,car (new),7959,no savings account,>=7 years,2,none,4,real estate,1,none,own,2,unemployed/ unskilled  - non-resident,2,none,yes,1,divorced/separated,1
<0 DM,30,critical account,car (used),4044,<100 DM,>=7 years,5,none,4,car or other,1,none,own,3,unemployed/ unskilled  - non-resident,2,yes,yes,1,divorced/separated,1
0 <= <200 DM,20,existing credits paid back duly till now,radio/television,3806,<100 DM,>=7 years,4,none,5,car or other,1,none,own,3,skilled employee / official,2,none,yes,1,divorced/separated,1
0 <= <200 DM,7,no credits taken,car (new),1642,<100 DM,>=7 years,4,co-applicant,4,real estate,1,store,for free,3,skilled employee / official,2,none,yes,1,divorced/separated,1
0 <= <200 DM,10,existing credits paid back duly till now,radio/television,-281,<100 DM,>=7 years,5,none,4,savings agreement/life insurance,1,none,own,2,unemployed/ unskilled  - non-resident,2,none,yes,1,divorced/separated,1
no account,2,existing credits paid back duly till now,radio/television,-3365,<100 DM,1<= < 4 years,4,none,1,real estate,1,none,own,2,skilled employee / official,1,none,yes,1,divorced/separated,1
0 <= <200 DM,46,critical account,radio/television,5815,<100 DM,>=7 years,3,none,3,unknown / no property,1,none,own,3,skilled employee / official,2,yes,yes,1,divorced/separated,1
0 <= <200 DM,34,existing credits paid back duly till now,car (used),5323,100 <= <500 DM,4<= <7 years,2,none,4,savings agreement/life insurance,1,none,own,1,unskilled - resident,2,none,yes,1,divorced/separated,0
>= 200 DM ,27,existing credits paid back duly till now,car (used),4433,no savings account,1<= < 4 years,3,none,2,car or other,1,none,own,1,skilled employee / official,1,none,yes,1,divorced/separated,1
0 <= <200 DM,10,all credits at this bank paid back duly,car (used),193,no savings account,unemployed,4,none,4,savings agreement/life insurance,1,none,rent,2,unemployed/ unskilled  - non-resident,2,yes,yes,1,divorced/separated,1
<0 DM,32,critical account,radio/television,3758,<100 DM,1<= < 4 years,4,none,5,car or other,1,none,own,3,skilled employee / official,2,none,yes,1,divorced/separated,1
0 <= <200 DM,31,critical account,car (new),4220,no savings account,>=7 years,4,none,7,car or other,1,none,for free,3,skilled employee / official,2,yes,yes,1,divorced/separated,1
<0 DM,40,all credits at this bank paid back duly,car (new),7081,<100 DM,>=7 years,5,none,5,real estate,1,none,own,2,unemployed/ unskilled  - non-resident,2,yes,yes,1,divorced/separated,1
no account,11,critical account,car (new),226,<100 DM,<1 years,4,none,4,real estate,1,store,own,2,skilled employee / official,2,none,yes,1,divorced/separated,1
0 <= <200 DM,14,existing credits paid back duly till now,car (new),-1591,<100 DM,>=7 years,5,none,3,real estate,1,store,own,2,skilled employee / official,1,none,yes,1,divorced/separated,0
no account,24,critical account,domestic appliances,2105,<100 DM,1<= < 4 years,4,none,5,car or other,1,none,own,2,skilled employee / official,1,yes,yes,1,divorced/separated,1
no account,21,existing credits paid back duly till now,radio/television,4525,<100 DM,4<= <7 years,3,none,2,real estate,1,none,own,2,skilled employee / official,2,none,yes,1,divorced/separated,1
no account,12,existing credits paid back duly till now,car (new),2060,<100 DM,1<= < 4 years,3,none,1,real estate,1,none,own,3,skilled employee / official,1,none,yes,1,divorced/separated,1
0 <= <200 DM,13,critical account,car (used),1925,<100 DM,1<= < 4 years,5,none,4,real estate,1,none,own,2,unskilled - resident,1,none,yes,1,divorced/separated,1
<0 DM,3,critical account,car (used),523,<100 DM,1<= < 4 years,4,none,4,real estate,1,none,own,2,unemployed/ unskilled  - non-resident,1,none,yes,1,married/widowed,1
<0 DM,15,critical account,car (used),-1006,<100 DM,>=7 years,5,none,7,real estate,1,store,for free,3,skilled employee / official,2,yes,no,1,divorced/separated,1
<0 DM,13,existing credits paid back duly till now,car (used),-91,<100 DM,1<= < 4 years,3,none,2,real estate,1,none,own,2,unemployed/ unskilled  - non-resident,2,none,yes,1,divorced/separated,1
0 <= <200 DM,38,existing credits paid back duly till now,car (new),4746,<100 DM,4<= <7 years,4,none,3,car or other,1,none,own,3,skilled employee / official,1,yes,yes,1,divorced/separated,1
0 <= <200 DM,34,existing credits paid back duly till now,domestic appliances,7583,100 <= <500 DM,4<= <7 years,4,co-applicant,2,real estate,1,none,own,2,skilled employee / official,1,yes,yes,1,divorced/separated,1
no account,14,critical account,car (used),-788,>= 1000 DM,1<= < 4 years,3,none,4,real estate,1,bank,rent,2,management/ highly qualified employee,1,none,no,1,divorced/separated,1
0 <= <200 DM,24,critical account,car (used),4703,>= 1000 DM,>=7 years,4,none,5,car or other,1,store,own,2,unemployed/ unskilled  - non-resident,2,none,yes,1,married/widowed,1
<0 DM,26,all credits at this bank paid back duly,education,5603,<100 DM,1<= < 4 years,3,none,3,savings agreement/life insurance,1,none,for free,2,unskilled - resident,2,none,yes,1,married/widowed,0
<0 DM,21,all credits at this bank paid back duly,car (new),4087,<100 DM,1<= < 4 years,4,none,4,real estate,1,store,own,2,unemployed/ unskilled  - non-resident,2,yes,yes,1,divorced/separated,1
<0 DM,17,existing credits paid back duly till now,car (used),2375,<100 DM,1<= < 4 years,3,guarantor,2,real estate,1,none,own,2,unemployed/ unskilled  - non-resident,2,none,no,1,divorced/separated,1
<0 DM,21,existing credits paid back duly till now,radio/television,1916,<100 DM,1<= < 4 years,3,none,2,savings agreement/life insurance,1,none,own,1,unemployed/ unskilled  - non-resident,2,yes,yes,1,divorced/separated,1
0 <= <200 DM,9,all credits at this bank paid back duly,furniture/equipment,668,<100 DM,>=7 years,4,guarantor,4,car or other,1,none,own,2,skilled employee / official,2,none,yes,1,divorced/separated,1
0 <= <200 DM,23,critical account,others,4880,no savings account,4<= <7 years,3,co-applicant,5,savings agreement/life insurance,1,none,rent,3,skilled employee / official,2,yes,yes,1,married/widowed,1
0 <= <200 DM,32,critical account,car (used),4361,no savings account,>=7 years,4,guarantor,6,unknown / no property,1,store,for free,3,unemployed/ unskilled  - non-resident,2,none,yes,1,divorced/separated,1
0 <= <200 DM,25,existing credits paid back duly till now,domestic appliances,3001,<100 DM,4<= <7 years,4,none,4,savings agreement/life insurance,1,none,own,4,unemployed/ unskilled  - non-resident,1,yes,yes,1,divorced/separated,1
0 <= <200 DM,15,delay in paying off,car (new),3924,100 <= <500 DM,4<= <7 years,5,co-applicant,4,car or other,1,store,rent,2,skilled employee / official,1,yes,yes,0,divorced/separated,0
0 <= <200 DM,32,existing credits paid back duly till now,car (new),4200,<100 DM,4<= <7 years,3,none,2,savings agreement/life insurance,1,none,own,2,unemployed/ unskilled  - non-resident,2,yes,yes,1,divorced/separated,1
